STARTFONT 2.1
COMMENT Helvetica Bold 29px strike for CrossPoint Reader, filling the gap between
COMMENT the X.org Adobe 100dpi 18pt (25px) and 24pt (34px) strikes.
COMMENT Grid-fitted from URW Nimbus outlines, then hand-tuned pixel by pixel to
COMMENT the conventions of the Adobe strikes; accents composed from tuned parts.
FONT -CrossPoint-Helvetica-Bold-R-Normal--29-210-100-100-P-159-ISO10646-1
SIZE 21 100 100
FONTBOUNDINGBOX 34 43 -5 -10
STARTPROPERTIES 21
FOUNDRY "CrossPoint"
FAMILY_NAME "Helvetica"
WEIGHT_NAME "Bold"
SLANT "R"
SETWIDTH_NAME "Normal"
ADD_STYLE_NAME ""
PIXEL_SIZE 29
POINT_SIZE 210
RESOLUTION_X 100
RESOLUTION_Y 100
SPACING "P"
AVERAGE_WIDTH 159
CHARSET_REGISTRY "ISO10646"
CHARSET_ENCODING "1"
CAP_HEIGHT 22
X_HEIGHT 16
FONT_ASCENT 25
FONT_DESCENT 6
FACE_NAME "Helvetica Bold"
DEFAULT_CHAR 0
FULL_NAME "Helvetica Bold"
ENDPROPERTIES
CHARS 754
STARTCHAR char0
ENCODING 0
SWIDTH 722 0
DWIDTH 21 0
BBX 18 22 1 0
BITMAP
AAAA80
800040
000000
800040
000000
800040
000000
800040
000000
800040
000000
800040
000000
800040
000000
800040
000000
800040
000000
800040
000000
AAAAC0
ENDCHAR
STARTCHAR space
ENCODING 32
SWIDTH 278 0
DWIDTH 8 0
BBX 1 1 0 0
BITMAP
00
ENDCHAR
STARTCHAR exclam
ENCODING 33
SWIDTH 333 0
DWIDTH 9 0
BBX 4 22 3 0
BITMAP
F0
F0
F0
F0
F0
F0
F0
F0
F0
F0
F0
60
60
60
60
60
00
00
F0
F0
F0
F0
ENDCHAR
STARTCHAR quotedbl
ENCODING 34
SWIDTH 474 0
DWIDTH 14 0
BBX 10 7 2 15
BITMAP
F3C0
F3C0
F3C0
F3C0
F3C0
6180
6180
ENDCHAR
STARTCHAR numbersign
ENCODING 35
SWIDTH 556 0
DWIDTH 16 0
BBX 16 22 0 0
BITMAP
071C
071C
071C
071C
071C
0E38
7FFF
7FFF
7FFF
0E38
1C70
1C70
1C70
1C70
FFFE
FFFE
FFFE
38E0
38E0
38E0
71C0
71C0
ENDCHAR
STARTCHAR dollar
ENCODING 36
SWIDTH 556 0
DWIDTH 16 0
BBX 14 26 1 -4
BITMAP
0300
1FE0
3FF0
7FF8
FB78
F33C
F300
FB00
FF00
7F80
3FE0
17F0
07F8
03FC
037C
033C
F33C
F33C
FB7C
7FF8
7FF0
1FE0
0300
0300
0300
0300
ENDCHAR
STARTCHAR percent
ENCODING 37
SWIDTH 889 0
DWIDTH 26 0
BBX 24 22 1 0
BITMAP
1E00C0
3F00C0
7F8180
73C180
E1C300
E1C300
E1C600
F3C600
7F8C00
3F1C00
1E1800
0030F8
0031FC
0063FE
00678F
00C707
00C707
018707
01878F
0303FE
0301FC
0600F8
ENDCHAR
STARTCHAR ampersand
ENCODING 38
SWIDTH 722 0
DWIDTH 21 0
BBX 17 22 2 0
BITMAP
07C000
1FE000
1FF000
3EF000
3CF000
3CF000
3CF000
1FE000
0FC000
078000
3FC700
7FC700
7BE700
F1EF00
F0FF00
F07F00
F07E00
F01E00
F87E00
7FFF00
3FFF80
0FCF80
ENDCHAR
STARTCHAR quotesingle
ENCODING 39
SWIDTH 238 0
DWIDTH 7 0
BBX 4 7 1 15
BITMAP
F0
F0
F0
F0
F0
60
60
ENDCHAR
STARTCHAR parenleft
ENCODING 40
SWIDTH 333 0
DWIDTH 9 0
BBX 7 28 1 -6
BITMAP
0E
0E
1C
1C
38
38
70
70
70
F0
F0
F0
F0
F0
F0
F0
F0
F0
F0
70
70
70
38
38
1C
1C
0E
0E
ENDCHAR
STARTCHAR parenright
ENCODING 41
SWIDTH 333 0
DWIDTH 9 0
BBX 7 28 1 -6
BITMAP
E0
E0
70
70
38
38
1C
1C
1C
1E
1E
1E
1E
1E
1E
1E
1E
1E
1E
1C
1C
1C
38
38
70
70
E0
E0
ENDCHAR
STARTCHAR asterisk
ENCODING 42
SWIDTH 389 0
DWIDTH 11 0
BBX 9 9 1 13
BITMAP
1C00
1C00
DD80
FF80
7F00
3E00
3600
7700
6300
ENDCHAR
STARTCHAR plus
ENCODING 43
SWIDTH 584 0
DWIDTH 17 0
BBX 15 15 1 0
BITMAP
0380
0380
0380
0380
0380
0380
FFFE
FFFE
FFFE
0380
0380
0380
0380
0380
0380
ENDCHAR
STARTCHAR comma
ENCODING 44
SWIDTH 278 0
DWIDTH 8 0
BBX 4 9 2 -5
BITMAP
F0
F0
F0
F0
30
30
70
E0
C0
ENDCHAR
STARTCHAR hyphen
ENCODING 45
SWIDTH 333 0
DWIDTH 9 0
BBX 8 4 0 7
BITMAP
FF
FF
FF
FF
ENDCHAR
STARTCHAR period
ENCODING 46
SWIDTH 278 0
DWIDTH 8 0
BBX 4 4 2 0
BITMAP
F0
F0
F0
F0
ENDCHAR
STARTCHAR slash
ENCODING 47
SWIDTH 278 0
DWIDTH 8 0
BBX 8 22 0 0
BITMAP
03
03
03
06
06
06
0C
0C
0C
18
18
18
18
30
30
30
60
60
60
C0
C0
C0
ENDCHAR
STARTCHAR zero
ENCODING 48
SWIDTH 556 0
DWIDTH 16 0
BBX 14 21 1 0
BITMAP
0FC0
3FF0
7FF8
7CF8
F87C
F03C
F03C
F03C
F03C
F03C
F03C
F03C
F03C
F03C
F03C
F03C
F87C
7CF8
7FF8
3FF0
0FC0
ENDCHAR
STARTCHAR one
ENCODING 49
SWIDTH 556 0
DWIDTH 16 0
BBX 9 21 2 0
BITMAP
0380
0380
0780
1F80
FF80
FF80
0780
0780
0780
0780
0780
0780
0780
0780
0780
0780
0780
0780
0780
0780
0780
ENDCHAR
STARTCHAR two
ENCODING 50
SWIDTH 556 0
DWIDTH 16 0
BBX 14 21 1 0
BITMAP
0FC0
3FF0
7FF8
F87C
F03C
F03C
003C
003C
0078
00F8
01F0
03E0
07C0
0F80
1F00
3E00
7C00
F800
FFFC
FFFC
FFFC
ENDCHAR
STARTCHAR three
ENCODING 51
SWIDTH 556 0
DWIDTH 16 0
BBX 14 21 1 0
BITMAP
1FC0
3FF0
7FF0
F8F8
F078
F078
0078
00F0
07E0
07E0
07F0
00F8
0078
003C
003C
F03C
F07C
F878
7FF8
3FF0
0FC0
ENDCHAR
STARTCHAR four
ENCODING 52
SWIDTH 556 0
DWIDTH 16 0
BBX 14 21 1 0
BITMAP
01F0
03F0
03F0
07F0
0FF0
0E70
1CF0
1CF0
38F0
38F0
70F0
70F0
E070
FF7C
FFFC
FFFC
00F0
00F0
00F0
00F0
00F0
ENDCHAR
STARTCHAR five
ENCODING 53
SWIDTH 556 0
DWIDTH 16 0
BBX 14 21 1 0
BITMAP
3FF8
3FF8
3FF8
3800
7800
7000
77C0
7FF0
7FF8
7CF8
F078
003C
003C
003C
003C
F03C
F07C
F9F8
7FF0
3FE0
0FC0
ENDCHAR
STARTCHAR six
ENCODING 54
SWIDTH 556 0
DWIDTH 16 0
BBX 14 21 1 0
BITMAP
0FC0
1FF0
3FF8
7C78
783C
F000
F3C0
F7F0
FFF0
FFF8
F878
F03C
F03C
F03C
F03C
F03C
787C
7878
7FF8
3FF0
0FC0
ENDCHAR
STARTCHAR seven
ENCODING 55
SWIDTH 556 0
DWIDTH 16 0
BBX 14 21 1 0
BITMAP
FFFC
FFFC
FFFC
0078
0078
00F0
00F0
01E0
01E0
03C0
03C0
0780
0780
0F00
0F00
0F00
1E00
1E00
1E00
1E00
1E00
ENDCHAR
STARTCHAR eight
ENCODING 56
SWIDTH 556 0
DWIDTH 16 0
BBX 14 21 1 0
BITMAP
0FC0
3FF0
7FF8
F8F8
F078
F078
F078
78F0
3FF0
1FE0
7FF8
F87C
F03C
F03C
F03C
F03C
F03C
F87C
7FF8
3FF0
0FC0
ENDCHAR
STARTCHAR nine
ENCODING 57
SWIDTH 556 0
DWIDTH 16 0
BBX 14 21 1 0
BITMAP
0FC0
3FE0
7FF0
F8F8
F078
F03C
F03C
F03C
F07C
F8FC
7FFC
7FBC
3FBC
0F3C
003C
0078
F078
F8F8
7FF0
3FE0
0FC0
ENDCHAR
STARTCHAR colon
ENCODING 58
SWIDTH 333 0
DWIDTH 9 0
BBX 4 16 3 0
BITMAP
F0
F0
F0
F0
00
00
00
00
00
00
00
00
F0
F0
F0
F0
ENDCHAR
STARTCHAR semicolon
ENCODING 59
SWIDTH 333 0
DWIDTH 9 0
BBX 4 21 3 -5
BITMAP
F0
F0
F0
F0
00
00
00
00
00
00
00
00
F0
F0
F0
F0
30
30
70
E0
C0
ENDCHAR
STARTCHAR less
ENCODING 60
SWIDTH 584 0
DWIDTH 17 0
BBX 14 15 1 0
BITMAP
0004
001C
00FC
07F8
1FC0
FF00
F800
F000
F800
FF00
1FC0
07F8
00FC
001C
0004
ENDCHAR
STARTCHAR equal
ENCODING 61
SWIDTH 584 0
DWIDTH 17 0
BBX 15 11 1 2
BITMAP
FFFE
FFFE
FFFE
0000
0000
0000
0000
0000
FFFE
FFFE
FFFE
ENDCHAR
STARTCHAR greater
ENCODING 62
SWIDTH 584 0
DWIDTH 17 0
BBX 14 15 1 0
BITMAP
8000
E000
FC00
7F80
0FE0
03FC
007C
003C
007C
03FC
0FE0
7F80
FC00
E000
8000
ENDCHAR
STARTCHAR question
ENCODING 63
SWIDTH 611 0
DWIDTH 18 0
BBX 14 22 2 0
BITMAP
0FC0
3FF0
7FF8
7878
F87C
F03C
F03C
003C
007C
00F8
01F0
03E0
03C0
0780
0780
0780
0000
0000
0780
0780
0780
0780
ENDCHAR
STARTCHAR at
ENCODING 64
SWIDTH 975 0
DWIDTH 28 0
BBX 28 26 0 -4
BITMAP
003FC000
01FFF800
03FFFC00
0FE07F00
1F000F80
1E000780
3C3FF3C0
787FF1E0
70FFF0E0
70E0F0E0
E1E0F070
E1C0F070
E1C0F070
E1C0F070
E1E0F070
E0E0F070
70FFF3E0
707FFF00
783FFF00
3C000000
1E000000
1F000000
0FE07000
03FFF000
01FFF000
003FC000
ENDCHAR
STARTCHAR A
ENCODING 65
SWIDTH 722 0
DWIDTH 21 0
BBX 19 22 1 0
BITMAP
01F000
01F000
03F800
03F800
03B800
07BC00
07BC00
07BC00
0F1E00
0F1E00
0F1E00
1E0F00
1E0F00
1E0F00
3FFF80
3FFF80
3FFF80
7803C0
7803C0
7803C0
F001E0
F001E0
ENDCHAR
STARTCHAR B
ENCODING 66
SWIDTH 722 0
DWIDTH 21 0
BBX 16 22 3 0
BITMAP
FFF0
FFFC
FFFE
F01F
F00F
F00F
F00F
F00F
F01E
FFFC
FFF8
FFFE
F01E
F00F
F00F
F00F
F00F
F00F
F01F
FFFE
FFFC
FFF8
ENDCHAR
STARTCHAR C
ENCODING 67
SWIDTH 722 0
DWIDTH 21 0
BBX 18 22 1 0
BITMAP
03F800
0FFF00
1FFF80
3E0F80
7C07C0
7803C0
7803C0
F00000
F00000
F00000
F00000
F00000
F00000
F00000
F003C0
7803C0
7807C0
7C07C0
3E0F80
1FFF00
0FFE00
03F800
ENDCHAR
STARTCHAR D
ENCODING 68
SWIDTH 722 0
DWIDTH 21 0
BBX 18 22 2 0
BITMAP
FFF800
FFFE00
FFFF00
F01F00
F00F80
F00780
F00780
F003C0
F003C0
F003C0
F003C0
F003C0
F003C0
F003C0
F003C0
F007C0
F00780
F00F80
F01F80
FFFF00
FFFE00
FFF800
ENDCHAR
STARTCHAR E
ENCODING 69
SWIDTH 667 0
DWIDTH 19 0
BBX 16 22 2 0
BITMAP
FFFE
FFFE
FFFE
F000
F000
F000
F000
F000
F000
FFFE
FFFE
FFFE
F000
F000
F000
F000
F000
F000
F000
FFFF
FFFF
FFFF
ENDCHAR
STARTCHAR F
ENCODING 70
SWIDTH 611 0
DWIDTH 18 0
BBX 15 22 2 0
BITMAP
FFFE
FFFE
FFFE
F000
F000
F000
F000
F000
F000
FFFC
FFFC
FFFC
F000
F000
F000
F000
F000
F000
F000
F000
F000
F000
ENDCHAR
STARTCHAR G
ENCODING 71
SWIDTH 778 0
DWIDTH 22 0
BBX 19 22 1 0
BITMAP
01FC00
0FFF00
1FFF80
3F07C0
7C03E0
7801E0
780000
F00000
F00000
F00000
F01FE0
F01FE0
F01FE0
F000E0
F801E0
7801E0
7C03E0
3E03E0
3F0FE0
1FFFE0
0FFEE0
01F8E0
ENDCHAR
STARTCHAR H
ENCODING 72
SWIDTH 722 0
DWIDTH 21 0
BBX 17 22 2 0
BITMAP
F00780
F00780
F00780
F00780
F00780
F00780
F00780
F00780
FFFF80
FFFF80
FFFF80
F00780
F00780
F00780
F00780
F00780
F00780
F00780
F00780
F00780
F00780
F00780
ENDCHAR
STARTCHAR I
ENCODING 73
SWIDTH 278 0
DWIDTH 8 0
BBX 4 22 2 0
BITMAP
F0
F0
F0
F0
F0
F0
F0
F0
F0
F0
F0
F0
F0
F0
F0
F0
F0
F0
F0
F0
F0
F0
ENDCHAR
STARTCHAR J
ENCODING 74
SWIDTH 556 0
DWIDTH 16 0
BBX 13 22 1 0
BITMAP
0078
0078
0078
0078
0078
0078
0078
0078
0078
0078
0078
0078
0078
0078
F078
F078
F078
F078
F8F8
7FF0
7FF0
1FC0
ENDCHAR
STARTCHAR K
ENCODING 75
SWIDTH 722 0
DWIDTH 21 0
BBX 18 22 2 0
BITMAP
F00F80
F01F00
F03E00
F07C00
F0F800
F0F800
F1F000
F3E000
F7C000
F7C000
FFE000
FFE000
FDF000
F0F800
E07C00
F07C00
F03E00
F01F00
F01F00
F00F80
F007C0
F007C0
ENDCHAR
STARTCHAR L
ENCODING 76
SWIDTH 611 0
DWIDTH 18 0
BBX 14 22 3 0
BITMAP
F000
F000
F000
F000
F000
F000
F000
F000
F000
F000
F000
F000
F000
F000
F000
F000
F000
F000
F000
FFFC
FFFC
FFFC
ENDCHAR
STARTCHAR M
ENCODING 77
SWIDTH 833 0
DWIDTH 24 0
BBX 20 22 2 0
BITMAP
FC03F0
FC03F0
FC03F0
FC03F0
F000F0
FC03F0
FE07F0
F70EF0
F70EF0
F70EF0
F39CF0
F39CF0
F39CF0
F39CF0
F1F8F0
F1F8F0
F1F8F0
F1F8F0
F0F0F0
F0F0F0
F0F0F0
F0F0F0
ENDCHAR
STARTCHAR N
ENCODING 78
SWIDTH 722 0
DWIDTH 21 0
BBX 17 22 2 0
BITMAP
F00780
F80780
F80780
F00780
F80780
FC0780
FE0780
F78780
F78780
F3C780
F3C780
F1E780
F1F780
F0F780
F03380
F03F80
F01F80
F01F80
F00780
F00780
F00F80
F00780
ENDCHAR
STARTCHAR O
ENCODING 79
SWIDTH 778 0
DWIDTH 22 0
BBX 20 22 1 0
BITMAP
03FC00
0FFF00
1FFF80
3F0FC0
7C03E0
7801E0
7801E0
F000F0
F000F0
F000F0
F000F0
F000F0
F000F0
F000F0
F000F0
7801E0
7801E0
7C03E0
3F0FC0
1FFF80
0FFF00
03FC00
ENDCHAR
STARTCHAR P
ENCODING 80
SWIDTH 667 0
DWIDTH 19 0
BBX 16 22 2 0
BITMAP
FFF8
FFFC
FFFE
F03F
F01F
F00F
F00F
F00F
F00F
F03F
FFFE
FFFC
FFF8
F000
F000
F000
F000
F000
F000
F000
F000
F000
ENDCHAR
STARTCHAR Q
ENCODING 81
SWIDTH 778 0
DWIDTH 22 0
BBX 20 23 1 -1
BITMAP
03FC00
0FFF00
1FFF80
3F0FC0
7C03E0
7801E0
7801E0
F000F0
F000F0
F000F0
F000F0
F000F0
F000F0
F000F0
F00CF0
781EE0
781FE0
7C0FE0
3E0FC0
1FFFC0
0FFEE0
03FEF0
000060
ENDCHAR
STARTCHAR R
ENCODING 82
SWIDTH 722 0
DWIDTH 21 0
BBX 18 22 2 0
BITMAP
FFFC00
FFFF00
FFFF80
F00F80
F00780
F00780
F00780
F00780
F00F80
FFFF00
FFFE00
FFFE00
F01F00
F00F00
F00780
F00780
F00780
F00780
F00780
F00780
F00780
F007C0
ENDCHAR
STARTCHAR S
ENCODING 83
SWIDTH 667 0
DWIDTH 19 0
BBX 17 22 1 0
BITMAP
0FF000
3FFC00
7FFE00
F83F00
F00F00
F00F00
F00000
F80000
FFC000
7FFC00
3FFE00
07FF00
007F80
000F80
000780
F00780
F00780
F80F80
FC1F00
7FFF00
3FFE00
0FF000
ENDCHAR
STARTCHAR T
ENCODING 84
SWIDTH 611 0
DWIDTH 18 0
BBX 18 22 0 0
BITMAP
FFFFC0
FFFFC0
FFFFC0
01E000
01E000
01E000
01E000
01E000
01E000
01E000
01E000
01E000
01E000
01E000
01E000
01E000
01E000
01E000
01E000
01E000
01E000
01E000
ENDCHAR
STARTCHAR U
ENCODING 85
SWIDTH 722 0
DWIDTH 21 0
BBX 17 22 2 0
BITMAP
F00780
F00780
F00780
F00780
F00780
F00780
F00780
F00780
F00780
F00780
F00780
F00780
F00780
F00780
F00780
F00780
F00780
F80F80
7C1F00
7FFF00
3FFE00
0FF800
ENDCHAR
STARTCHAR V
ENCODING 86
SWIDTH 667 0
DWIDTH 19 0
BBX 17 22 1 0
BITMAP
F00780
F00780
F00780
780F00
780F00
780F00
3C1E00
3C1E00
3C1E00
1E3C00
1E3C00
1E3C00
0F7800
0F7800
0F7800
077000
077000
07F000
07F000
03E000
03E000
03E000
ENDCHAR
STARTCHAR W
ENCODING 87
SWIDTH 944 0
DWIDTH 27 0
BBX 25 22 1 0
BITMAP
F03E0780
F03E0780
F03C0780
F03C0780
787E0F00
787E0F00
787F0F00
78770F00
3C771E00
3CE39E00
3CE39E00
3CE39E00
1EE3BC00
1EE3BC00
1E80BC00
1F80FC00
0F80F800
0F80F800
0F80F800
0780F000
0780F000
0780F000
ENDCHAR
STARTCHAR X
ENCODING 88
SWIDTH 667 0
DWIDTH 19 0
BBX 17 22 1 0
BITMAP
F80F80
7C1F00
7C1F00
3E3E00
3E3E00
1F7C00
0FF800
0FF800
07F000
01E000
01E000
07F000
07F000
0FF800
0F7800
1F7C00
3E3E00
3E3E00
7C1F00
7C1F00
F80F80
F80F80
ENDCHAR
STARTCHAR Y
ENCODING 89
SWIDTH 667 0
DWIDTH 19 0
BBX 18 22 1 0
BITMAP
F807C0
7C0F80
7C0F80
3E1F00
3E1F00
1F3E00
1F3E00
0F3C00
0F7C00
077800
07F800
03F000
03F000
01E000
01E000
01E000
01E000
01E000
01E000
01E000
01E000
01E000
ENDCHAR
STARTCHAR Z
ENCODING 90
SWIDTH 611 0
DWIDTH 18 0
BBX 16 22 1 0
BITMAP
FFFF
FFFF
FFFF
001F
003E
003E
007C
00F8
01F0
01F0
03E0
07C0
0F80
0F80
1F00
3E00
7C00
7C00
F800
FFFF
FFFF
FFFF
ENDCHAR
STARTCHAR bracketleft
ENCODING 91
SWIDTH 333 0
DWIDTH 9 0
BBX 8 28 1 -6
BITMAP
FF
FF
FF
F0
F0
F0
F0
F0
F0
F0
F0
F0
F0
F0
F0
F0
F0
F0
F0
F0
F0
F0
F0
F0
F0
FF
FF
FF
ENDCHAR
STARTCHAR backslash
ENCODING 92
SWIDTH 278 0
DWIDTH 8 0
BBX 8 22 0 0
BITMAP
C0
C0
C0
60
60
60
30
30
30
18
18
18
18
0C
0C
0C
06
06
06
03
03
03
ENDCHAR
STARTCHAR bracketright
ENCODING 93
SWIDTH 333 0
DWIDTH 9 0
BBX 7 28 0 -6
BITMAP
FE
FE
FE
1E
1E
1E
1E
1E
1E
1E
1E
1E
1E
1E
1E
1E
1E
1E
1E
1E
1E
1E
1E
1E
1E
FE
FE
FE
ENDCHAR
STARTCHAR asciicircum
ENCODING 94
SWIDTH 584 0
DWIDTH 17 0
BBX 13 14 2 8
BITMAP
0700
0F80
0F80
1FC0
1FC0
1DC0
38E0
38E0
38E0
7070
7070
7070
E038
E038
ENDCHAR
STARTCHAR underscore
ENCODING 95
SWIDTH 556 0
DWIDTH 16 0
BBX 18 2 -1 -6
BITMAP
FFFFC0
FFFFC0
ENDCHAR
STARTCHAR grave
ENCODING 96
SWIDTH 333 0
DWIDTH 9 0
BBX 5 4 1 18
BITMAP
E0
70
70
38
ENDCHAR
STARTCHAR a
ENCODING 97
SWIDTH 556 0
DWIDTH 16 0
BBX 14 16 1 0
BITMAP
1FC0
3FF0
7FF8
7878
F078
0078
07F8
3FF8
7F78
F878
F078
F078
F8F8
FFF8
7FF8
3F7C
ENDCHAR
STARTCHAR b
ENCODING 98
SWIDTH 611 0
DWIDTH 18 0
BBX 15 22 2 0
BITMAP
F000
F000
F000
F000
F000
F000
F7E0
F7F8
FFFC
FC7C
F83C
F01E
F01E
F01E
F01E
F01E
E01E
F83C
FC7C
FFF8
FFF0
F7E0
ENDCHAR
STARTCHAR c
ENCODING 99
SWIDTH 556 0
DWIDTH 16 0
BBX 14 16 1 0
BITMAP
0FE0
3FF0
7FF8
787C
F03C
F000
F000
F000
F000
F000
F03C
783C
7C7C
3FF8
1FF0
0FC0
ENDCHAR
STARTCHAR d
ENCODING 100
SWIDTH 611 0
DWIDTH 18 0
BBX 15 22 1 0
BITMAP
001E
001E
001E
001E
001E
001E
0FDE
1FDE
3FFE
7C7E
783E
F01E
F01E
F01E
F01E
F01E
F01E
783E
7C7E
7FFE
3FDE
1FDE
ENDCHAR
STARTCHAR e
ENCODING 101
SWIDTH 556 0
DWIDTH 16 0
BBX 14 16 1 0
BITMAP
0FC0
1FF0
3FF8
7878
703C
F03C
FFFC
FFFC
FFFC
F000
F000
703C
7878
3FF8
3FF0
0FC0
ENDCHAR
STARTCHAR f
ENCODING 102
SWIDTH 333 0
DWIDTH 9 0
BBX 9 22 0 0
BITMAP
0F80
1F80
3F80
3E00
3C00
3C00
FF80
FF80
3C00
3C00
3C00
3C00
3C00
3C00
3C00
3C00
3C00
3C00
3C00
3C00
3C00
3C00
ENDCHAR
STARTCHAR g
ENCODING 103
SWIDTH 611 0
DWIDTH 18 0
BBX 15 22 1 -6
BITMAP
0F9E
3FDE
7FFE
7C7E
783E
F01E
F01E
F01E
F01E
F01E
F01E
F81E
7C7E
7FFE
3FFE
0F9E
001E
F81E
787C
7FFC
3FF8
0FE0
ENDCHAR
STARTCHAR h
ENCODING 104
SWIDTH 611 0
DWIDTH 18 0
BBX 14 22 2 0
BITMAP
F000
F000
F000
F000
F000
F000
F3F0
FFF8
FFFC
F87C
F03C
F03C
F03C
F03C
F03C
F03C
F03C
F03C
F03C
F03C
F03C
F03C
ENDCHAR
STARTCHAR i
ENCODING 105
SWIDTH 278 0
DWIDTH 8 0
BBX 4 22 2 0
BITMAP
F0
F0
F0
F0
00
00
F0
F0
F0
F0
F0
F0
F0
F0
F0
F0
F0
F0
F0
F0
F0
F0
ENDCHAR
STARTCHAR j
ENCODING 106
SWIDTH 278 0
DWIDTH 8 0
BBX 6 28 0 -6
BITMAP
3C
3C
3C
3C
00
00
3C
3C
3C
3C
3C
3C
3C
3C
3C
3C
3C
3C
3C
3C
3C
3C
3C
3C
3C
FC
FC
F8
ENDCHAR
STARTCHAR k
ENCODING 107
SWIDTH 556 0
DWIDTH 16 0
BBX 14 22 2 0
BITMAP
F000
F000
F000
F000
F000
F000
F078
F0F0
F1F0
F3E0
F7C0
F780
FF80
FF80
FFC0
F3C0
E3E0
F1F0
F0F0
F0F8
F078
F07C
ENDCHAR
STARTCHAR l
ENCODING 108
SWIDTH 278 0
DWIDTH 8 0
BBX 4 22 2 0
BITMAP
F0
F0
F0
F0
F0
F0
F0
F0
F0
F0
F0
F0
F0
F0
F0
F0
F0
F0
F0
F0
F0
F0
ENDCHAR
STARTCHAR m
ENCODING 109
SWIDTH 889 0
DWIDTH 26 0
BBX 22 16 2 0
BITMAP
F7E3F0
FFF7F8
FFFFFC
F8FC7C
F0783C
F0783C
F0783C
F0783C
F0783C
F0783C
F0783C
F0783C
F0783C
F0783C
F0783C
F0783C
ENDCHAR
STARTCHAR n
ENCODING 110
SWIDTH 611 0
DWIDTH 18 0
BBX 14 16 2 0
BITMAP
F3F0
FFF8
FFFC
F87C
F03C
F03C
F03C
F03C
F03C
F03C
F03C
F03C
F03C
F03C
F03C
F03C
ENDCHAR
STARTCHAR o
ENCODING 111
SWIDTH 611 0
DWIDTH 18 0
BBX 16 16 1 0
BITMAP
07E0
1FF8
3FFC
7C3E
781E
F00F
F00F
F00F
F00F
F00F
F00F
781E
7C3E
3FFC
1FF8
07E0
ENDCHAR
STARTCHAR p
ENCODING 112
SWIDTH 611 0
DWIDTH 18 0
BBX 15 22 2 -6
BITMAP
F3E0
FFF8
FFFC
FC7C
F83C
E01E
F01E
F01E
F01E
F01E
F01E
F03C
FC7C
FFF8
FFF0
F3E0
F000
F000
F000
F000
F000
F000
ENDCHAR
STARTCHAR q
ENCODING 113
SWIDTH 611 0
DWIDTH 18 0
BBX 15 22 1 -6
BITMAP
0F9E
1FFE
3FFE
7C7E
781E
F01E
F01E
F01E
F01E
F01E
F01E
781E
7C7E
7FFE
3FFE
0F9E
001E
001E
001E
001E
001E
001E
ENDCHAR
STARTCHAR r
ENCODING 114
SWIDTH 389 0
DWIDTH 11 0
BBX 9 16 2 0
BITMAP
F380
F780
FF80
FF80
F800
F000
F000
F000
F000
F000
F000
F000
F000
F000
F000
F000
ENDCHAR
STARTCHAR s
ENCODING 115
SWIDTH 556 0
DWIDTH 16 0
BBX 14 16 1 0
BITMAP
1FE0
7FF0
7878
F07C
F800
FE00
7FC0
3FF0
0FF8
03FC
007C
F03C
F03C
FFFC
7FF8
1FF0
ENDCHAR
STARTCHAR t
ENCODING 116
SWIDTH 333 0
DWIDTH 9 0
BBX 8 21 0 0
BITMAP
3C
3C
3C
3C
3C
FF
FF
3C
3C
3C
3C
3C
3C
3C
3C
3C
3C
3C
3E
3F
1F
ENDCHAR
STARTCHAR u
ENCODING 117
SWIDTH 611 0
DWIDTH 18 0
BBX 14 16 2 0
BITMAP
F03C
F03C
F03C
F03C
F03C
F03C
F03C
F03C
F03C
F03C
F03C
F03C
F87C
FFFC
7FFC
3F3C
ENDCHAR
STARTCHAR v
ENCODING 118
SWIDTH 556 0
DWIDTH 16 0
BBX 14 16 1 0
BITMAP
F03C
F03C
F03C
7878
7878
7878
3CF0
3CF0
3CF0
1EE0
1EE0
1FE0
0FC0
0FC0
0FC0
0780
ENDCHAR
STARTCHAR w
ENCODING 119
SWIDTH 778 0
DWIDTH 22 0
BBX 22 16 0 0
BITMAP
F0783C
F0783C
F0FC3C
78FC78
78FC78
78FC78
3DCEF0
3DCEF0
3DCEF0
3DCEF0
1D87E0
1F87E0
1F87E0
0F87C0
0F83C0
0F87C0
ENDCHAR
STARTCHAR x
ENCODING 120
SWIDTH 556 0
DWIDTH 16 0
BBX 14 16 1 0
BITMAP
F87C
7878
7CF8
3CF0
1FE0
1FE0
0FC0
0780
0FC0
0FC0
1FE0
3DF0
3CF0
7CF8
F87C
F87C
ENDCHAR
STARTCHAR y
ENCODING 121
SWIDTH 556 0
DWIDTH 16 0
BBX 14 22 1 -6
BITMAP
F03C
F03C
F03C
7878
7878
7878
3CF0
3CF0
3CF0
1EE0
0FE0
0FE0
07C0
07C0
03C0
0780
0780
0F00
0F00
3F00
7E00
7C00
ENDCHAR
STARTCHAR z
ENCODING 122
SWIDTH 500 0
DWIDTH 14 0
BBX 13 16 0 0
BITMAP
7FF8
7FF8
7FF8
01F0
00F0
03E0
07C0
0F80
0F80
1F00
3E00
7C00
F800
FFF8
FFF8
FFF8
ENDCHAR
STARTCHAR braceleft
ENCODING 123
SWIDTH 389 0
DWIDTH 11 0
BBX 8 28 1 -6
BITMAP
0F
1F
3F
38
38
38
38
38
38
38
38
38
78
F0
F0
78
38
38
38
38
38
38
38
38
38
3F
1F
0F
ENDCHAR
STARTCHAR bar
ENCODING 124
SWIDTH 280 0
DWIDTH 8 0
BBX 2 28 3 -6
BITMAP
C0
C0
C0
C0
C0
C0
C0
C0
C0
C0
C0
C0
C0
C0
C0
C0
C0
C0
C0
C0
C0
C0
C0
C0
C0
C0
C0
C0
ENDCHAR
STARTCHAR braceright
ENCODING 125
SWIDTH 389 0
DWIDTH 11 0
BBX 8 28 2 -6
BITMAP
F0
F8
FC
1C
1C
1C
1C
1C
1C
1C
1C
1C
1E
0F
0F
1E
1C
1C
1C
1C
1C
1C
1C
1C
1C
FC
F8
F0
ENDCHAR
STARTCHAR asciitilde
ENCODING 126
SWIDTH 584 0
DWIDTH 17 0
BBX 13 5 2 9
BITMAP
3800
7E18
E738
C3F0
00E0
ENDCHAR
STARTCHAR space
ENCODING 160
SWIDTH 278 0
DWIDTH 8 0
BBX 1 1 0 0
BITMAP
00
ENDCHAR
STARTCHAR exclamdown
ENCODING 161
SWIDTH 333 0
DWIDTH 9 0
BBX 4 22 2 -6
BITMAP
F0
F0
F0
F0
00
00
00
60
60
60
60
F0
F0
F0
F0
F0
F0
F0
F0
F0
F0
F0
ENDCHAR
STARTCHAR cent
ENCODING 162
SWIDTH 556 0
DWIDTH 16 0
BBX 14 22 1 -3
BITMAP
0100
0100
0100
1FF0
3FF8
7FFC
793C
F93C
F100
F100
F100
F100
F100
F13C
793C
7D7C
3FF8
3FF0
0FE0
0100
0100
0100
ENDCHAR
STARTCHAR sterling
ENCODING 163
SWIDTH 556 0
DWIDTH 16 0
BBX 15 22 1 0
BITMAP
0FC0
3FF0
7FF0
7C78
F878
F03C
F03C
F000
7800
7800
FFC0
FFC0
3C00
1E00
1E00
1E00
3C00
3800
7000
FFFE
FFFC
7FFC
ENDCHAR
STARTCHAR currency
ENCODING 164
SWIDTH 556 0
DWIDTH 16 0
BBX 14 15 1 3
BITMAP
4008
E01C
7FF8
3FF0
3870
7038
7038
7038
7038
7038
3870
3FF0
7FF8
E01C
4008
ENDCHAR
STARTCHAR yen
ENCODING 165
SWIDTH 556 0
DWIDTH 16 0
BBX 16 22 0 0
BITMAP
F00F
781E
781E
3C3C
3C3C
1E78
1E78
0FF0
07E0
07E0
03C0
3FFC
3FFC
03C0
03C0
3FFC
3FFC
03C0
03C0
03C0
03C0
03C0
ENDCHAR
STARTCHAR brokenbar
ENCODING 166
SWIDTH 280 0
DWIDTH 8 0
BBX 2 28 3 -6
BITMAP
C0
C0
C0
C0
C0
C0
C0
C0
C0
C0
C0
00
00
00
00
00
C0
C0
C0
C0
C0
C0
C0
C0
C0
C0
C0
C0
ENDCHAR
STARTCHAR section
ENCODING 167
SWIDTH 556 0
DWIDTH 16 0
BBX 14 28 1 -6
BITMAP
0FC0
1FE0
3FF0
7CF0
7870
7878
7C00
7F00
3F80
3FE0
7FF8
E3F8
E0FC
E03C
F81C
FE1C
7F38
3FF8
0FF0
07F0
01F8
00F8
7878
7878
7CF8
3FF0
3FF0
0FC0
ENDCHAR
STARTCHAR dieresis
ENCODING 168
SWIDTH 333 0
DWIDTH 9 0
BBX 9 3 0 19
BITMAP
E380
E380
E380
ENDCHAR
STARTCHAR copyright
ENCODING 169
SWIDTH 737 0
DWIDTH 22 0
BBX 22 22 0 0
BITMAP
00FC00
07FF80
0F03C0
1C00E0
380070
707838
61FE18
63FF18
C3C00C
C3800C
C7800C
C7800C
C3800C
C3C00C
63FF18
61FE18
707838
380070
1C00E0
0F03C0
07FF80
00FC00
ENDCHAR
STARTCHAR ordfeminine
ENCODING 170
SWIDTH 370 0
DWIDTH 11 0
BBX 8 14 1 8
BITMAP
3E
7F
E3
C3
0F
7F
C3
C7
FF
70
00
00
FF
FF
ENDCHAR
STARTCHAR guillemotleft
ENCODING 171
SWIDTH 556 0
DWIDTH 16 0
BBX 12 11 2 3
BITMAP
0810
1830
3870
F1E0
E1C0
C180
E1C0
F1E0
3870
1830
0810
ENDCHAR
STARTCHAR logicalnot
ENCODING 172
SWIDTH 584 0
DWIDTH 17 0
BBX 15 9 1 3
BITMAP
FFFE
FFFE
0006
0006
0006
0006
0006
0006
0006
ENDCHAR
STARTCHAR hyphen
ENCODING 173
SWIDTH 333 0
DWIDTH 9 0
BBX 8 4 0 7
BITMAP
FF
FF
FF
FF
ENDCHAR
STARTCHAR registered
ENCODING 174
SWIDTH 737 0
DWIDTH 22 0
BBX 22 22 0 0
BITMAP
00FC00
07FF80
0F03C0
1C00E0
380070
73F838
63FC18
63FE18
C38E0C
C38E0C
C3FC0C
C3F80C
C39C0C
C39C0C
638E18
638E18
738738
380070
1C00E0
0F03C0
07FF80
00FC00
ENDCHAR
STARTCHAR macron
ENCODING 175
SWIDTH 333 0
DWIDTH 9 0
BBX 9 2 0 20
BITMAP
FF80
FF80
ENDCHAR
STARTCHAR degree
ENCODING 176
SWIDTH 400 0
DWIDTH 11 0
BBX 9 9 1 12
BITMAP
1C00
7F00
6300
C180
C180
C180
6300
7F00
1C00
ENDCHAR
STARTCHAR plusminus
ENCODING 177
SWIDTH 584 0
DWIDTH 17 0
BBX 13 18 2 0
BITMAP
0700
0700
0700
0700
0700
FFF8
FFF8
FFF8
0700
0700
0700
0700
0700
0700
0000
FFF8
FFF8
FFF8
ENDCHAR
STARTCHAR twosuperior
ENCODING 178
SWIDTH 333 0
DWIDTH 9 0
BBX 9 13 0 9
BITMAP
3E00
7F00
F780
E380
E380
E380
0780
0F00
1C00
3800
7000
FF80
FF80
ENDCHAR
STARTCHAR threesuperior
ENCODING 179
SWIDTH 333 0
DWIDTH 9 0
BBX 9 13 0 9
BITMAP
3E00
FF00
E780
E380
C380
C380
1E00
1F80
0380
C380
E380
FF00
3E00
ENDCHAR
STARTCHAR acute
ENCODING 180
SWIDTH 333 0
DWIDTH 9 0
BBX 5 4 3 18
BITMAP
38
70
70
E0
ENDCHAR
STARTCHAR mu
ENCODING 181
SWIDTH 611 0
DWIDTH 18 0
BBX 14 22 2 -6
BITMAP
F03C
F03C
F03C
F03C
F03C
F03C
F03C
F03C
F03C
F03C
F03C
F03C
F07C
FFFC
FFFC
FF3C
F000
F000
F000
F000
F000
F000
ENDCHAR
STARTCHAR paragraph
ENCODING 182
SWIDTH 556 0
DWIDTH 16 0
BBX 15 28 0 -6
BITMAP
0FFE
3FFE
7F9C
7F9C
FF9C
FF9C
FF9C
FF9C
FF9C
FF9C
7F9C
7F9C
3F9C
0F9C
039C
039C
039C
039C
039C
039C
039C
039C
039C
039C
039C
039C
039C
039C
ENDCHAR
STARTCHAR periodcentered
ENCODING 183
SWIDTH 278 0
DWIDTH 8 0
BBX 4 3 2 7
BITMAP
F0
F0
F0
ENDCHAR
STARTCHAR cedilla
ENCODING 184
SWIDTH 333 0
DWIDTH 9 0
BBX 7 6 1 -6
BITMAP
30
3C
0E
0E
8E
FC
ENDCHAR
STARTCHAR onesuperior
ENCODING 185
SWIDTH 333 0
DWIDTH 9 0
BBX 6 13 1 9
BITMAP
0C
1C
3C
FC
FC
1C
1C
1C
1C
1C
1C
1C
1C
ENDCHAR
STARTCHAR ordmasculine
ENCODING 186
SWIDTH 365 0
DWIDTH 10 0
BBX 8 14 1 8
BITMAP
3C
7E
E7
C3
C3
C3
C3
E7
7E
3C
00
00
FF
FF
ENDCHAR
STARTCHAR guillemotright
ENCODING 187
SWIDTH 556 0
DWIDTH 16 0
BBX 12 11 2 3
BITMAP
8100
C180
E1C0
78F0
3870
1830
3870
78F0
E1C0
C180
8100
ENDCHAR
STARTCHAR onequarter
ENCODING 188
SWIDTH 834 0
DWIDTH 24 0
BBX 22 22 1 0
BITMAP
0C01C0
1C0180
3C0380
FC0300
FC0700
1C0600
1C0E00
1C1C00
1C1800
1C3878
1C3078
1C70F8
1C60F8
00E1B8
00C338
01C338
018638
0387FC
0307FC
070038
060038
0E0038
ENDCHAR
STARTCHAR onehalf
ENCODING 189
SWIDTH 834 0
DWIDTH 24 0
BBX 23 22 1 0
BITMAP
0C01C0
1C0180
3C0380
FC0300
FC0700
1C0600
1C0E00
1C1C00
1C1CF8
1C39FC
1C33DE
1C738E
1C638E
00E00E
00C01E
01C03C
018078
0380F0
0701E0
0701C0
0E03FE
0E03FE
ENDCHAR
STARTCHAR threequarters
ENCODING 190
SWIDTH 834 0
DWIDTH 24 0
BBX 23 22 1 0
BITMAP
3C00C0
FE01C0
E70180
C70380
C70300
C70700
1E0600
1F0E00
038C00
C39C78
E7B878
FF38F8
7E70B8
0061B8
00E338
00C338
01C638
0187FE
0387FE
070038
070038
0E0038
ENDCHAR
STARTCHAR questiondown
ENCODING 191
SWIDTH 611 0
DWIDTH 18 0
BBX 14 22 2 -6
BITMAP
0780
0780
0780
0780
0000
0000
0780
0780
0780
0F00
1F00
3E00
7C00
F800
F000
F03C
F03C
F87C
7878
7FF8
3FF0
0FC0
ENDCHAR
STARTCHAR Agrave
ENCODING 192
SWIDTH 722 0
DWIDTH 21 0
BBX 19 27 1 0
BITMAP
038000
01C000
01C000
00E000
000000
01F000
01F000
03F800
03F800
03B800
07BC00
07BC00
07BC00
0F1E00
0F1E00
0F1E00
1E0F00
1E0F00
1E0F00
3FFF80
3FFF80
3FFF80
7803C0
7803C0
7803C0
F001E0
F001E0
ENDCHAR
STARTCHAR Aacute
ENCODING 193
SWIDTH 722 0
DWIDTH 21 0
BBX 19 27 1 0
BITMAP
003800
007000
007000
00E000
000000
01F000
01F000
03F800
03F800
03B800
07BC00
07BC00
07BC00
0F1E00
0F1E00
0F1E00
1E0F00
1E0F00
1E0F00
3FFF80
3FFF80
3FFF80
7803C0
7803C0
7803C0
F001E0
F001E0
ENDCHAR
STARTCHAR Acircumflex
ENCODING 194
SWIDTH 722 0
DWIDTH 21 0
BBX 19 27 1 0
BITMAP
00E000
01B000
031800
060C00
000000
01F000
01F000
03F800
03F800
03B800
07BC00
07BC00
07BC00
0F1E00
0F1E00
0F1E00
1E0F00
1E0F00
1E0F00
3FFF80
3FFF80
3FFF80
7803C0
7803C0
7803C0
F001E0
F001E0
ENDCHAR
STARTCHAR Atilde
ENCODING 195
SWIDTH 722 0
DWIDTH 21 0
BBX 19 27 1 0
BITMAP
01C600
03FE00
07FC00
063800
000000
01F000
01F000
03F800
03F800
03B800
07BC00
07BC00
07BC00
0F1E00
0F1E00
0F1E00
1E0F00
1E0F00
1E0F00
3FFF80
3FFF80
3FFF80
7803C0
7803C0
7803C0
F001E0
F001E0
ENDCHAR
STARTCHAR Adieresis
ENCODING 196
SWIDTH 722 0
DWIDTH 21 0
BBX 19 27 1 0
BITMAP
071C00
071C00
071C00
000000
000000
01F000
01F000
03F800
03F800
03B800
07BC00
07BC00
07BC00
0F1E00
0F1E00
0F1E00
1E0F00
1E0F00
1E0F00
3FFF80
3FFF80
3FFF80
7803C0
7803C0
7803C0
F001E0
F001E0
ENDCHAR
STARTCHAR Aring
ENCODING 197
SWIDTH 722 0
DWIDTH 21 0
BBX 19 28 1 0
BITMAP
00E000
01B000
011000
01B000
00E000
000000
01F000
01F000
03F800
03F800
03B800
07BC00
07BC00
07BC00
0F1E00
0F1E00
0F1E00
1E0F00
1E0F00
1E0F00
3FFF80
3FFF80
3FFF80
7803C0
7803C0
7803C0
F001E0
F001E0
ENDCHAR
STARTCHAR AE
ENCODING 198
SWIDTH 1000 0
DWIDTH 29 0
BBX 27 22 1 0
BITMAP
01FFFFE0
01FFFFE0
03FFFFE0
03CF0000
03CF0000
078F0000
078F0000
078F0000
0F0F0000
0F0FFFC0
1F0FFFC0
1E07FFC0
1E0F0000
3E0F0000
3FFF0000
3FFF0000
7BFF0000
780F0000
780F0000
F80FFFE0
F00FFFE0
F00FFFE0
ENDCHAR
STARTCHAR Ccedilla
ENCODING 199
SWIDTH 722 0
DWIDTH 21 0
BBX 18 28 1 -6
BITMAP
03F800
0FFF00
1FFF80
3E0F80
7C07C0
7803C0
7803C0
F00000
F00000
F00000
F00000
F00000
F00000
F00000
F003C0
7803C0
7807C0
7C07C0
3E0F80
1FFF00
0FFE00
03F800
00C000
00F000
003800
003800
023800
03F000
ENDCHAR
STARTCHAR Egrave
ENCODING 200
SWIDTH 667 0
DWIDTH 19 0
BBX 16 27 2 0
BITMAP
0E00
0700
0700
0380
0000
FFFE
FFFE
FFFE
F000
F000
F000
F000
F000
F000
FFFE
FFFE
FFFE
F000
F000
F000
F000
F000
F000
F000
FFFF
FFFF
FFFF
ENDCHAR
STARTCHAR Eacute
ENCODING 201
SWIDTH 667 0
DWIDTH 19 0
BBX 16 27 2 0
BITMAP
00E0
01C0
01C0
0380
0000
FFFE
FFFE
FFFE
F000
F000
F000
F000
F000
F000
FFFE
FFFE
FFFE
F000
F000
F000
F000
F000
F000
F000
FFFF
FFFF
FFFF
ENDCHAR
STARTCHAR Ecircumflex
ENCODING 202
SWIDTH 667 0
DWIDTH 19 0
BBX 16 27 2 0
BITMAP
0380
06C0
0C60
1830
0000
FFFE
FFFE
FFFE
F000
F000
F000
F000
F000
F000
FFFE
FFFE
FFFE
F000
F000
F000
F000
F000
F000
F000
FFFF
FFFF
FFFF
ENDCHAR
STARTCHAR Edieresis
ENCODING 203
SWIDTH 667 0
DWIDTH 19 0
BBX 16 27 2 0
BITMAP
1C70
1C70
1C70
0000
0000
FFFE
FFFE
FFFE
F000
F000
F000
F000
F000
F000
FFFE
FFFE
FFFE
F000
F000
F000
F000
F000
F000
F000
FFFF
FFFF
FFFF
ENDCHAR
STARTCHAR Igrave
ENCODING 204
SWIDTH 278 0
DWIDTH 8 0
BBX 5 27 1 0
BITMAP
E0
70
70
38
00
78
78
78
78
78
78
78
78
78
78
78
78
78
78
78
78
78
78
78
78
78
78
ENDCHAR
STARTCHAR Iacute
ENCODING 205
SWIDTH 278 0
DWIDTH 8 0
BBX 6 27 2 0
BITMAP
1C
38
38
70
00
F0
F0
F0
F0
F0
F0
F0
F0
F0
F0
F0
F0
F0
F0
F0
F0
F0
F0
F0
F0
F0
F0
ENDCHAR
STARTCHAR Icircumflex
ENCODING 206
SWIDTH 278 0
DWIDTH 8 0
BBX 9 27 0 0
BITMAP
1C00
3600
6300
C180
0000
3C00
3C00
3C00
3C00
3C00
3C00
3C00
3C00
3C00
3C00
3C00
3C00
3C00
3C00
3C00
3C00
3C00
3C00
3C00
3C00
3C00
3C00
ENDCHAR
STARTCHAR Idieresis
ENCODING 207
SWIDTH 278 0
DWIDTH 8 0
BBX 9 27 0 0
BITMAP
E380
E380
E380
0000
0000
3C00
3C00
3C00
3C00
3C00
3C00
3C00
3C00
3C00
3C00
3C00
3C00
3C00
3C00
3C00
3C00
3C00
3C00
3C00
3C00
3C00
3C00
ENDCHAR
STARTCHAR Eth
ENCODING 208
SWIDTH 722 0
DWIDTH 21 0
BBX 20 22 0 0
BITMAP
3FFE00
3FFF80
3FFFC0
3C07C0
3C03E0
3C01E0
3C01E0
3C00F0
3C00F0
FFE0F0
FFE0F0
3C00F0
3C00F0
3C00F0
3C00F0
3C01E0
3C01E0
3C03E0
3C07C0
3FFFC0
3FFF80
3FFE00
ENDCHAR
STARTCHAR Ntilde
ENCODING 209
SWIDTH 722 0
DWIDTH 21 0
BBX 17 27 2 0
BITMAP
038C00
07FC00
0FF800
0C7000
000000
F00780
F80780
F80780
F00780
F80780
FC0780
FE0780
F78780
F78780
F3C780
F3C780
F1E780
F1F780
F0F780
F03380
F03F80
F01F80
F01F80
F00780
F00780
F00F80
F00780
ENDCHAR
STARTCHAR Ograve
ENCODING 210
SWIDTH 778 0
DWIDTH 22 0
BBX 20 27 1 0
BITMAP
01C000
00E000
00E000
007000
000000
03FC00
0FFF00
1FFF80
3F0FC0
7C03E0
7801E0
7801E0
F000F0
F000F0
F000F0
F000F0
F000F0
F000F0
F000F0
F000F0
7801E0
7801E0
7C03E0
3F0FC0
1FFF80
0FFF00
03FC00
ENDCHAR
STARTCHAR Oacute
ENCODING 211
SWIDTH 778 0
DWIDTH 22 0
BBX 20 27 1 0
BITMAP
001C00
003800
003800
007000
000000
03FC00
0FFF00
1FFF80
3F0FC0
7C03E0
7801E0
7801E0
F000F0
F000F0
F000F0
F000F0
F000F0
F000F0
F000F0
F000F0
7801E0
7801E0
7C03E0
3F0FC0
1FFF80
0FFF00
03FC00
ENDCHAR
STARTCHAR Ocircumflex
ENCODING 212
SWIDTH 778 0
DWIDTH 22 0
BBX 20 27 1 0
BITMAP
007000
00D800
018C00
030600
000000
03FC00
0FFF00
1FFF80
3F0FC0
7C03E0
7801E0
7801E0
F000F0
F000F0
F000F0
F000F0
F000F0
F000F0
F000F0
F000F0
7801E0
7801E0
7C03E0
3F0FC0
1FFF80
0FFF00
03FC00
ENDCHAR
STARTCHAR Otilde
ENCODING 213
SWIDTH 778 0
DWIDTH 22 0
BBX 20 27 1 0
BITMAP
01C600
03FE00
07FC00
063800
000000
03FC00
0FFF00
1FFF80
3F0FC0
7C03E0
7801E0
7801E0
F000F0
F000F0
F000F0
F000F0
F000F0
F000F0
F000F0
F000F0
7801E0
7801E0
7C03E0
3F0FC0
1FFF80
0FFF00
03FC00
ENDCHAR
STARTCHAR Odieresis
ENCODING 214
SWIDTH 778 0
DWIDTH 22 0
BBX 20 27 1 0
BITMAP
038E00
038E00
038E00
000000
000000
03FC00
0FFF00
1FFF80
3F0FC0
7C03E0
7801E0
7801E0
F000F0
F000F0
F000F0
F000F0
F000F0
F000F0
F000F0
F000F0
7801E0
7801E0
7C03E0
3F0FC0
1FFF80
0FFF00
03FC00
ENDCHAR
STARTCHAR multiply
ENCODING 215
SWIDTH 584 0
DWIDTH 17 0
BBX 13 11 2 2
BITMAP
6030
F078
78F0
3DE0
1FC0
0F80
1FC0
3DE0
78F0
F078
6030
ENDCHAR
STARTCHAR Oslash
ENCODING 216
SWIDTH 778 0
DWIDTH 22 0
BBX 20 22 1 0
BITMAP
03FC30
0FFF60
1FFFC0
3F0FC0
7C03E0
7803E0
7807E0
F00CF0
F018F0
F030F0
F030F0
F060F0
F0C0F0
F180F0
F300F0
7E01E0
7C01E0
7C03E0
3F0FC0
3FFF80
6FFF00
C3FC00
ENDCHAR
STARTCHAR Ugrave
ENCODING 217
SWIDTH 722 0
DWIDTH 21 0
BBX 17 27 2 0
BITMAP
070000
038000
038000
01C000
000000
F00780
F00780
F00780
F00780
F00780
F00780
F00780
F00780
F00780
F00780
F00780
F00780
F00780
F00780
F00780
F00780
F00780
F80F80
7C1F00
7FFF00
3FFE00
0FF800
ENDCHAR
STARTCHAR Uacute
ENCODING 218
SWIDTH 722 0
DWIDTH 21 0
BBX 17 27 2 0
BITMAP
007000
00E000
00E000
01C000
000000
F00780
F00780
F00780
F00780
F00780
F00780
F00780
F00780
F00780
F00780
F00780
F00780
F00780
F00780
F00780
F00780
F00780
F80F80
7C1F00
7FFF00
3FFE00
0FF800
ENDCHAR
STARTCHAR Ucircumflex
ENCODING 219
SWIDTH 722 0
DWIDTH 21 0
BBX 17 27 2 0
BITMAP
01C000
036000
063000
0C1800
000000
F00780
F00780
F00780
F00780
F00780
F00780
F00780
F00780
F00780
F00780
F00780
F00780
F00780
F00780
F00780
F00780
F00780
F80F80
7C1F00
7FFF00
3FFE00
0FF800
ENDCHAR
STARTCHAR Udieresis
ENCODING 220
SWIDTH 722 0
DWIDTH 21 0
BBX 17 27 2 0
BITMAP
0E3800
0E3800
0E3800
000000
000000
F00780
F00780
F00780
F00780
F00780
F00780
F00780
F00780
F00780
F00780
F00780
F00780
F00780
F00780
F00780
F00780
F00780
F80F80
7C1F00
7FFF00
3FFE00
0FF800
ENDCHAR
STARTCHAR Yacute
ENCODING 221
SWIDTH 667 0
DWIDTH 19 0
BBX 18 27 1 0
BITMAP
003800
007000
007000
00E000
000000
F807C0
7C0F80
7C0F80
3E1F00
3E1F00
1F3E00
1F3E00
0F3C00
0F7C00
077800
07F800
03F000
03F000
01E000
01E000
01E000
01E000
01E000
01E000
01E000
01E000
01E000
ENDCHAR
STARTCHAR Thorn
ENCODING 222
SWIDTH 667 0
DWIDTH 19 0
BBX 16 22 2 0
BITMAP
F000
F000
F000
F000
FFF8
FFFC
FFFE
F03F
F00F
F00F
F00F
F00F
F03F
FFFE
FFFC
FFF8
F000
F000
F000
F000
F000
F000
ENDCHAR
STARTCHAR germandbls
ENCODING 223
SWIDTH 611 0
DWIDTH 18 0
BBX 15 22 2 0
BITMAP
1FC0
3FF0
7FF8
F87C
F03C
F03C
F03C
F078
F3F0
F3F8
F3FC
F07C
F03E
F01E
F01E
F01E
F01E
F03E
F07C
F3FC
F3F8
F3E0
ENDCHAR
STARTCHAR agrave
ENCODING 224
SWIDTH 556 0
DWIDTH 16 0
BBX 14 21 1 0
BITMAP
0E00
0700
0700
0380
0000
1FC0
3FF0
7FF8
7878
F078
0078
07F8
3FF8
7F78
F878
F078
F078
F8F8
FFF8
7FF8
3F7C
ENDCHAR
STARTCHAR aacute
ENCODING 225
SWIDTH 556 0
DWIDTH 16 0
BBX 14 21 1 0
BITMAP
00E0
01C0
01C0
0380
0000
1FC0
3FF0
7FF8
7878
F078
0078
07F8
3FF8
7F78
F878
F078
F078
F8F8
FFF8
7FF8
3F7C
ENDCHAR
STARTCHAR acircumflex
ENCODING 226
SWIDTH 556 0
DWIDTH 16 0
BBX 14 21 1 0
BITMAP
0380
06C0
0C60
1830
0000
1FC0
3FF0
7FF8
7878
F078
0078
07F8
3FF8
7F78
F878
F078
F078
F8F8
FFF8
7FF8
3F7C
ENDCHAR
STARTCHAR atilde
ENCODING 227
SWIDTH 556 0
DWIDTH 16 0
BBX 14 21 1 0
BITMAP
0E30
1FF0
3FE0
31C0
0000
1FC0
3FF0
7FF8
7878
F078
0078
07F8
3FF8
7F78
F878
F078
F078
F8F8
FFF8
7FF8
3F7C
ENDCHAR
STARTCHAR adieresis
ENCODING 228
SWIDTH 556 0
DWIDTH 16 0
BBX 14 21 1 0
BITMAP
1C70
1C70
1C70
0000
0000
1FC0
3FF0
7FF8
7878
F078
0078
07F8
3FF8
7F78
F878
F078
F078
F8F8
FFF8
7FF8
3F7C
ENDCHAR
STARTCHAR aring
ENCODING 229
SWIDTH 556 0
DWIDTH 16 0
BBX 14 22 1 0
BITMAP
0380
06C0
0440
06C0
0380
0000
1FC0
3FF0
7FF8
7878
F078
0078
07F8
3FF8
7F78
F878
F078
F078
F8F8
FFF8
7FF8
3F7C
ENDCHAR
STARTCHAR ae
ENCODING 230
SWIDTH 889 0
DWIDTH 26 0
BBX 24 16 1 0
BITMAP
1FE7F0
3FFFF8
7FFFFC
787C3E
F07C1E
00F00F
1FFFFF
3FFFFF
7F7FFF
F87800
F07800
F07C1F
F8FE3E
FFDFFC
7F9FF8
3F07E0
ENDCHAR
STARTCHAR ccedilla
ENCODING 231
SWIDTH 556 0
DWIDTH 16 0
BBX 14 22 1 -6
BITMAP
0FE0
3FF0
7FF8
787C
F03C
F000
F000
F000
F000
F000
F03C
783C
7C7C
3FF8
1FF0
0FC0
0300
03C0
00E0
00E0
08E0
0FC0
ENDCHAR
STARTCHAR egrave
ENCODING 232
SWIDTH 556 0
DWIDTH 16 0
BBX 14 21 1 0
BITMAP
0E00
0700
0700
0380
0000
0FC0
1FF0
3FF8
7878
703C
F03C
FFFC
FFFC
FFFC
F000
F000
703C
7878
3FF8
3FF0
0FC0
ENDCHAR
STARTCHAR eacute
ENCODING 233
SWIDTH 556 0
DWIDTH 16 0
BBX 14 21 1 0
BITMAP
00E0
01C0
01C0
0380
0000
0FC0
1FF0
3FF8
7878
703C
F03C
FFFC
FFFC
FFFC
F000
F000
703C
7878
3FF8
3FF0
0FC0
ENDCHAR
STARTCHAR ecircumflex
ENCODING 234
SWIDTH 556 0
DWIDTH 16 0
BBX 14 21 1 0
BITMAP
0380
06C0
0C60
1830
0000
0FC0
1FF0
3FF8
7878
703C
F03C
FFFC
FFFC
FFFC
F000
F000
703C
7878
3FF8
3FF0
0FC0
ENDCHAR
STARTCHAR edieresis
ENCODING 235
SWIDTH 556 0
DWIDTH 16 0
BBX 14 21 1 0
BITMAP
1C70
1C70
1C70
0000
0000
0FC0
1FF0
3FF8
7878
703C
F03C
FFFC
FFFC
FFFC
F000
F000
703C
7878
3FF8
3FF0
0FC0
ENDCHAR
STARTCHAR igrave
ENCODING 236
SWIDTH 278 0
DWIDTH 8 0
BBX 5 21 1 0
BITMAP
E0
70
70
38
00
78
78
78
78
78
78
78
78
78
78
78
78
78
78
78
78
ENDCHAR
STARTCHAR iacute
ENCODING 237
SWIDTH 278 0
DWIDTH 8 0
BBX 6 21 2 0
BITMAP
1C
38
38
70
00
F0
F0
F0
F0
F0
F0
F0
F0
F0
F0
F0
F0
F0
F0
F0
F0
ENDCHAR
STARTCHAR icircumflex
ENCODING 238
SWIDTH 278 0
DWIDTH 8 0
BBX 9 21 0 0
BITMAP
1C00
3600
6300
C180
0000
3C00
3C00
3C00
3C00
3C00
3C00
3C00
3C00
3C00
3C00
3C00
3C00
3C00
3C00
3C00
3C00
ENDCHAR
STARTCHAR idieresis
ENCODING 239
SWIDTH 278 0
DWIDTH 8 0
BBX 9 21 0 0
BITMAP
E380
E380
E380
0000
0000
3C00
3C00
3C00
3C00
3C00
3C00
3C00
3C00
3C00
3C00
3C00
3C00
3C00
3C00
3C00
3C00
ENDCHAR
STARTCHAR eth
ENCODING 240
SWIDTH 611 0
DWIDTH 18 0
BBX 16 22 1 0
BITMAP
3C00
1E70
0FC0
0780
1FC0
71E0
07F0
1FF8
3FFC
7C1E
781E
F00F
F00F
F00F
F00F
F00F
F00F
781E
7C3E
3FFC
1FF8
07E0
ENDCHAR
STARTCHAR ntilde
ENCODING 241
SWIDTH 611 0
DWIDTH 18 0
BBX 14 21 2 0
BITMAP
0E30
1FF0
3FE0
31C0
0000
F3F0
FFF8
FFFC
F87C
F03C
F03C
F03C
F03C
F03C
F03C
F03C
F03C
F03C
F03C
F03C
F03C
ENDCHAR
STARTCHAR ograve
ENCODING 242
SWIDTH 611 0
DWIDTH 18 0
BBX 16 21 1 0
BITMAP
0700
0380
0380
01C0
0000
07E0
1FF8
3FFC
7C3E
781E
F00F
F00F
F00F
F00F
F00F
F00F
781E
7C3E
3FFC
1FF8
07E0
ENDCHAR
STARTCHAR oacute
ENCODING 243
SWIDTH 611 0
DWIDTH 18 0
BBX 16 21 1 0
BITMAP
0070
00E0
00E0
01C0
0000
07E0
1FF8
3FFC
7C3E
781E
F00F
F00F
F00F
F00F
F00F
F00F
781E
7C3E
3FFC
1FF8
07E0
ENDCHAR
STARTCHAR ocircumflex
ENCODING 244
SWIDTH 611 0
DWIDTH 18 0
BBX 16 21 1 0
BITMAP
01C0
0360
0630
0C18
0000
07E0
1FF8
3FFC
7C3E
781E
F00F
F00F
F00F
F00F
F00F
F00F
781E
7C3E
3FFC
1FF8
07E0
ENDCHAR
STARTCHAR otilde
ENCODING 245
SWIDTH 611 0
DWIDTH 18 0
BBX 16 21 1 0
BITMAP
0718
0FF8
1FF0
18E0
0000
07E0
1FF8
3FFC
7C3E
781E
F00F
F00F
F00F
F00F
F00F
F00F
781E
7C3E
3FFC
1FF8
07E0
ENDCHAR
STARTCHAR odieresis
ENCODING 246
SWIDTH 611 0
DWIDTH 18 0
BBX 16 21 1 0
BITMAP
0E38
0E38
0E38
0000
0000
07E0
1FF8
3FFC
7C3E
781E
F00F
F00F
F00F
F00F
F00F
F00F
781E
7C3E
3FFC
1FF8
07E0
ENDCHAR
STARTCHAR divide
ENCODING 247
SWIDTH 584 0
DWIDTH 17 0
BBX 15 15 1 0
BITMAP
0780
0780
0780
0000
0000
0000
FFFE
FFFE
FFFE
0000
0000
0000
0780
0780
0780
ENDCHAR
STARTCHAR oslash
ENCODING 248
SWIDTH 611 0
DWIDTH 18 0
BBX 16 16 1 0
BITMAP
07E3
1FFE
3FFC
7C3E
783E
F06F
F0CF
F18F
F30F
F60F
F60F
7C1E
7C3E
3FFC
7FF8
C7E0
ENDCHAR
STARTCHAR ugrave
ENCODING 249
SWIDTH 611 0
DWIDTH 18 0
BBX 14 21 2 0
BITMAP
0E00
0700
0700
0380
0000
F03C
F03C
F03C
F03C
F03C
F03C
F03C
F03C
F03C
F03C
F03C
F03C
F87C
FFFC
7FFC
3F3C
ENDCHAR
STARTCHAR uacute
ENCODING 250
SWIDTH 611 0
DWIDTH 18 0
BBX 14 21 2 0
BITMAP
00E0
01C0
01C0
0380
0000
F03C
F03C
F03C
F03C
F03C
F03C
F03C
F03C
F03C
F03C
F03C
F03C
F87C
FFFC
7FFC
3F3C
ENDCHAR
STARTCHAR ucircumflex
ENCODING 251
SWIDTH 611 0
DWIDTH 18 0
BBX 14 21 2 0
BITMAP
0380
06C0
0C60
1830
0000
F03C
F03C
F03C
F03C
F03C
F03C
F03C
F03C
F03C
F03C
F03C
F03C
F87C
FFFC
7FFC
3F3C
ENDCHAR
STARTCHAR udieresis
ENCODING 252
SWIDTH 611 0
DWIDTH 18 0
BBX 14 21 2 0
BITMAP
1C70
1C70
1C70
0000
0000
F03C
F03C
F03C
F03C
F03C
F03C
F03C
F03C
F03C
F03C
F03C
F03C
F87C
FFFC
7FFC
3F3C
ENDCHAR
STARTCHAR yacute
ENCODING 253
SWIDTH 556 0
DWIDTH 16 0
BBX 14 27 1 -6
BITMAP
00E0
01C0
01C0
0380
0000
F03C
F03C
F03C
7878
7878
7878
3CF0
3CF0
3CF0
1EE0
0FE0
0FE0
07C0
07C0
03C0
0780
0780
0F00
0F00
3F00
7E00
7C00
ENDCHAR
STARTCHAR thorn
ENCODING 254
SWIDTH 611 0
DWIDTH 18 0
BBX 15 28 2 -6
BITMAP
F000
F000
F000
F000
F000
F000
F3E0
FFF8
FFFC
FC7C
F03C
F01E
F01E
F01E
F01E
F01E
F01E
F83C
FC7C
FFF8
F7F0
F3E0
F000
F000
F000
F000
F000
F000
ENDCHAR
STARTCHAR ydieresis
ENCODING 255
SWIDTH 556 0
DWIDTH 16 0
BBX 14 27 1 -6
BITMAP
1C70
1C70
1C70
0000
0000
F03C
F03C
F03C
7878
7878
7878
3CF0
3CF0
3CF0
1EE0
0FE0
0FE0
07C0
07C0
03C0
0780
0780
0F00
0F00
3F00
7E00
7C00
ENDCHAR
STARTCHAR Amacron
ENCODING 256
SWIDTH 722 0
DWIDTH 21 0
BBX 19 25 1 0
BITMAP
07FC00
07FC00
000000
01F000
01F000
03F800
03F800
03B800
07BC00
07BC00
07BC00
0F1E00
0F1E00
0F1E00
1E0F00
1E0F00
1E0F00
3FFF80
3FFF80
3FFF80
7803C0
7803C0
7803C0
F001E0
F001E0
ENDCHAR
STARTCHAR amacron
ENCODING 257
SWIDTH 556 0
DWIDTH 16 0
BBX 14 19 1 0
BITMAP
1FF0
1FF0
0000
1FC0
3FF0
7FF8
7878
F078
0078
07F8
3FF8
7F78
F878
F078
F078
F8F8
FFF8
7FF8
3F7C
ENDCHAR
STARTCHAR Abreve
ENCODING 258
SWIDTH 722 0
DWIDTH 21 0
BBX 19 27 1 0
BITMAP
031800
03F800
01F000
00E000
000000
01F000
01F000
03F800
03F800
03B800
07BC00
07BC00
07BC00
0F1E00
0F1E00
0F1E00
1E0F00
1E0F00
1E0F00
3FFF80
3FFF80
3FFF80
7803C0
7803C0
7803C0
F001E0
F001E0
ENDCHAR
STARTCHAR abreve
ENCODING 259
SWIDTH 556 0
DWIDTH 16 0
BBX 14 21 1 0
BITMAP
0C60
0FE0
07C0
0380
0000
1FC0
3FF0
7FF8
7878
F078
0078
07F8
3FF8
7F78
F878
F078
F078
F8F8
FFF8
7FF8
3F7C
ENDCHAR
STARTCHAR Aogonek
ENCODING 260
SWIDTH 722 0
DWIDTH 21 0
BBX 19 28 1 -6
BITMAP
01F000
01F000
03F800
03F800
03B800
07BC00
07BC00
07BC00
0F1E00
0F1E00
0F1E00
1E0F00
1E0F00
1E0F00
3FFF80
3FFF80
3FFF80
7803C0
7803C0
7803C0
F001E0
F001E0
000380
000700
000E00
000E00
000E00
0007C0
ENDCHAR
STARTCHAR aogonek
ENCODING 261
SWIDTH 556 0
DWIDTH 16 0
BBX 14 22 1 -6
BITMAP
1FC0
3FF0
7FF8
7878
F078
0078
07F8
3FF8
7F78
F878
F078
F078
F8F8
FFF8
7FF8
3F7C
0070
00E0
01C0
01C0
01C0
00F8
ENDCHAR
STARTCHAR Cacute
ENCODING 262
SWIDTH 722 0
DWIDTH 21 0
BBX 18 27 1 0
BITMAP
001C00
003800
003800
007000
000000
03F800
0FFF00
1FFF80
3E0F80
7C07C0
7803C0
7803C0
F00000
F00000
F00000
F00000
F00000
F00000
F00000
F003C0
7803C0
7807C0
7C07C0
3E0F80
1FFF00
0FFE00
03F800
ENDCHAR
STARTCHAR cacute
ENCODING 263
SWIDTH 556 0
DWIDTH 16 0
BBX 14 21 1 0
BITMAP
00E0
01C0
01C0
0380
0000
0FE0
3FF0
7FF8
787C
F03C
F000
F000
F000
F000
F000
F03C
783C
7C7C
3FF8
1FF0
0FC0
ENDCHAR
STARTCHAR Ccircumflex
ENCODING 264
SWIDTH 722 0
DWIDTH 21 0
BBX 18 27 1 0
BITMAP
007000
00D800
018C00
030600
000000
03F800
0FFF00
1FFF80
3E0F80
7C07C0
7803C0
7803C0
F00000
F00000
F00000
F00000
F00000
F00000
F00000
F003C0
7803C0
7807C0
7C07C0
3E0F80
1FFF00
0FFE00
03F800
ENDCHAR
STARTCHAR ccircumflex
ENCODING 265
SWIDTH 556 0
DWIDTH 16 0
BBX 14 21 1 0
BITMAP
0380
06C0
0C60
1830
0000
0FE0
3FF0
7FF8
787C
F03C
F000
F000
F000
F000
F000
F03C
783C
7C7C
3FF8
1FF0
0FC0
ENDCHAR
STARTCHAR Cdotaccent
ENCODING 266
SWIDTH 722 0
DWIDTH 21 0
BBX 18 26 1 0
BITMAP
007000
007000
007000
000000
03F800
0FFF00
1FFF80
3E0F80
7C07C0
7803C0
7803C0
F00000
F00000
F00000
F00000
F00000
F00000
F00000
F003C0
7803C0
7807C0
7C07C0
3E0F80
1FFF00
0FFE00
03F800
ENDCHAR
STARTCHAR cdotaccent
ENCODING 267
SWIDTH 556 0
DWIDTH 16 0
BBX 14 20 1 0
BITMAP
0380
0380
0380
0000
0FE0
3FF0
7FF8
787C
F03C
F000
F000
F000
F000
F000
F03C
783C
7C7C
3FF8
1FF0
0FC0
ENDCHAR
STARTCHAR Ccaron
ENCODING 268
SWIDTH 722 0
DWIDTH 21 0
BBX 18 27 1 0
BITMAP
038E00
01DC00
00F800
007000
000000
03F800
0FFF00
1FFF80
3E0F80
7C07C0
7803C0
7803C0
F00000
F00000
F00000
F00000
F00000
F00000
F00000
F003C0
7803C0
7807C0
7C07C0
3E0F80
1FFF00
0FFE00
03F800
ENDCHAR
STARTCHAR ccaron
ENCODING 269
SWIDTH 556 0
DWIDTH 16 0
BBX 14 21 1 0
BITMAP
1C70
0EE0
07C0
0380
0000
0FE0
3FF0
7FF8
787C
F03C
F000
F000
F000
F000
F000
F03C
783C
7C7C
3FF8
1FF0
0FC0
ENDCHAR
STARTCHAR Dcaron
ENCODING 270
SWIDTH 722 0
DWIDTH 21 0
BBX 18 27 2 0
BITMAP
0E3800
077000
03E000
01C000
000000
FFF800
FFFE00
FFFF00
F01F00
F00F80
F00780
F00780
F003C0
F003C0
F003C0
F003C0
F003C0
F003C0
F003C0
F003C0
F007C0
F00780
F00F80
F01F80
FFFF00
FFFE00
FFF800
ENDCHAR
STARTCHAR dcaron
ENCODING 271
SWIDTH 858 0
DWIDTH 23 0
BBX 21 22 1 0
BITMAP
001E78
001E78
001E78
001E78
001E18
001E30
0FDE60
1FDE00
3FFE00
7C7E00
783E00
F01E00
F01E00
F01E00
F01E00
F01E00
F01E00
783E00
7C7E00
7FFE00
3FDE00
1FDE00
ENDCHAR
STARTCHAR Dcroat
ENCODING 272
SWIDTH 722 0
DWIDTH 21 0
BBX 20 22 0 0
BITMAP
3FFE00
3FFF80
3FFFC0
3C07C0
3C03E0
3C01E0
3C01E0
3C00F0
3C00F0
FFE0F0
FFE0F0
3C00F0
3C00F0
3C00F0
3C00F0
3C01E0
3C01E0
3C03E0
3C07C0
3FFFC0
3FFF80
3FFE00
ENDCHAR
STARTCHAR dcroat
ENCODING 273
SWIDTH 611 0
DWIDTH 18 0
BBX 17 22 1 0
BITMAP
001E00
001E00
01FF80
01FF80
001E00
001E00
0FDE00
1FDE00
3FFE00
7C7E00
783E00
F01E00
F01E00
F01E00
F01E00
F01E00
F01E00
783E00
7C7E00
3FFE00
1FDE00
0FDE00
ENDCHAR
STARTCHAR Emacron
ENCODING 274
SWIDTH 667 0
DWIDTH 19 0
BBX 16 25 2 0
BITMAP
1FF0
1FF0
0000
FFFE
FFFE
FFFE
F000
F000
F000
F000
F000
F000
FFFE
FFFE
FFFE
F000
F000
F000
F000
F000
F000
F000
FFFF
FFFF
FFFF
ENDCHAR
STARTCHAR emacron
ENCODING 275
SWIDTH 556 0
DWIDTH 16 0
BBX 14 19 1 0
BITMAP
1FF0
1FF0
0000
0FC0
1FF0
3FF8
7878
703C
F03C
FFFC
FFFC
FFFC
F000
F000
703C
7878
3FF8
3FF0
0FC0
ENDCHAR
STARTCHAR Ebreve
ENCODING 276
SWIDTH 667 0
DWIDTH 19 0
BBX 16 27 2 0
BITMAP
0C60
0FE0
07C0
0380
0000
FFFE
FFFE
FFFE
F000
F000
F000
F000
F000
F000
FFFE
FFFE
FFFE
F000
F000
F000
F000
F000
F000
F000
FFFF
FFFF
FFFF
ENDCHAR
STARTCHAR ebreve
ENCODING 277
SWIDTH 556 0
DWIDTH 16 0
BBX 14 21 1 0
BITMAP
0C60
0FE0
07C0
0380
0000
0FC0
1FF0
3FF8
7878
703C
F03C
FFFC
FFFC
FFFC
F000
F000
703C
7878
3FF8
3FF0
0FC0
ENDCHAR
STARTCHAR Edotaccent
ENCODING 278
SWIDTH 667 0
DWIDTH 19 0
BBX 16 26 2 0
BITMAP
0380
0380
0380
0000
FFFE
FFFE
FFFE
F000
F000
F000
F000
F000
F000
FFFE
FFFE
FFFE
F000
F000
F000
F000
F000
F000
F000
FFFF
FFFF
FFFF
ENDCHAR
STARTCHAR edotaccent
ENCODING 279
SWIDTH 556 0
DWIDTH 16 0
BBX 14 20 1 0
BITMAP
0380
0380
0380
0000
0FC0
1FF0
3FF8
7878
703C
F03C
FFFC
FFFC
FFFC
F000
F000
703C
7878
3FF8
3FF0
0FC0
ENDCHAR
STARTCHAR Eogonek
ENCODING 280
SWIDTH 667 0
DWIDTH 19 0
BBX 16 28 2 -6
BITMAP
FFFE
FFFE
FFFE
F000
F000
F000
F000
F000
F000
FFFE
FFFE
FFFE
F000
F000
F000
F000
F000
F000
F000
FFFF
FFFF
FFFF
001C
0038
0070
0070
0070
003E
ENDCHAR
STARTCHAR eogonek
ENCODING 281
SWIDTH 556 0
DWIDTH 16 0
BBX 14 22 1 -6
BITMAP
0FC0
1FF0
3FF8
7878
703C
F03C
FFFC
FFFC
FFFC
F000
F000
703C
7878
3FF8
3FF0
0FC0
01C0
0380
0700
0700
0700
03E0
ENDCHAR
STARTCHAR Ecaron
ENCODING 282
SWIDTH 667 0
DWIDTH 19 0
BBX 16 27 2 0
BITMAP
1C70
0EE0
07C0
0380
0000
FFFE
FFFE
FFFE
F000
F000
F000
F000
F000
F000
FFFE
FFFE
FFFE
F000
F000
F000
F000
F000
F000
F000
FFFF
FFFF
FFFF
ENDCHAR
STARTCHAR ecaron
ENCODING 283
SWIDTH 556 0
DWIDTH 16 0
BBX 14 21 1 0
BITMAP
1C70
0EE0
07C0
0380
0000
0FC0
1FF0
3FF8
7878
703C
F03C
FFFC
FFFC
FFFC
F000
F000
703C
7878
3FF8
3FF0
0FC0
ENDCHAR
STARTCHAR Gcircumflex
ENCODING 284
SWIDTH 778 0
DWIDTH 22 0
BBX 19 27 1 0
BITMAP
007000
00D800
018C00
030600
000000
01FC00
0FFF00
1FFF80
3F07C0
7C03E0
7801E0
780000
F00000
F00000
F00000
F01FE0
F01FE0
F01FE0
F000E0
F801E0
7801E0
7C03E0
3E03E0
3F0FE0
1FFFE0
0FFEE0
01F8E0
ENDCHAR
STARTCHAR gcircumflex
ENCODING 285
SWIDTH 611 0
DWIDTH 18 0
BBX 15 27 1 -6
BITMAP
0380
06C0
0C60
1830
0000
0F9E
3FDE
7FFE
7C7E
783E
F01E
F01E
F01E
F01E
F01E
F01E
F81E
7C7E
7FFE
3FFE
0F9E
001E
F81E
787C
7FFC
3FF8
0FE0
ENDCHAR
STARTCHAR Gbreve
ENCODING 286
SWIDTH 778 0
DWIDTH 22 0
BBX 19 27 1 0
BITMAP
018C00
01FC00
00F800
007000
000000
01FC00
0FFF00
1FFF80
3F07C0
7C03E0
7801E0
780000
F00000
F00000
F00000
F01FE0
F01FE0
F01FE0
F000E0
F801E0
7801E0
7C03E0
3E03E0
3F0FE0
1FFFE0
0FFEE0
01F8E0
ENDCHAR
STARTCHAR gbreve
ENCODING 287
SWIDTH 611 0
DWIDTH 18 0
BBX 15 27 1 -6
BITMAP
0C60
0FE0
07C0
0380
0000
0F9E
3FDE
7FFE
7C7E
783E
F01E
F01E
F01E
F01E
F01E
F01E
F81E
7C7E
7FFE
3FFE
0F9E
001E
F81E
787C
7FFC
3FF8
0FE0
ENDCHAR
STARTCHAR Gdotaccent
ENCODING 288
SWIDTH 778 0
DWIDTH 22 0
BBX 19 26 1 0
BITMAP
007000
007000
007000
000000
01FC00
0FFF00
1FFF80
3F07C0
7C03E0
7801E0
780000
F00000
F00000
F00000
F01FE0
F01FE0
F01FE0
F000E0
F801E0
7801E0
7C03E0
3E03E0
3F0FE0
1FFFE0
0FFEE0
01F8E0
ENDCHAR
STARTCHAR gdotaccent
ENCODING 289
SWIDTH 611 0
DWIDTH 18 0
BBX 15 26 1 -6
BITMAP
0380
0380
0380
0000
0F9E
3FDE
7FFE
7C7E
783E
F01E
F01E
F01E
F01E
F01E
F01E
F81E
7C7E
7FFE
3FFE
0F9E
001E
F81E
787C
7FFC
3FF8
0FE0
ENDCHAR
STARTCHAR Gcommaaccent
ENCODING 290
SWIDTH 778 0
DWIDTH 22 0
BBX 19 32 1 -10
BITMAP
01FC00
0FFF00
1FFF80
3F07C0
7C03E0
7801E0
780000
F00000
F00000
F00000
F01FE0
F01FE0
F01FE0
F000E0
F801E0
7801E0
7C03E0
3E03E0
3F0FE0
1FFFE0
0FFEE0
01F8E0
000000
007800
007800
007800
007800
001800
001800
003800
007000
006000
ENDCHAR
STARTCHAR gcommaaccent
ENCODING 291
SWIDTH 611 0
DWIDTH 18 0
BBX 15 30 1 -6
BITMAP
00C0
0180
0300
03C0
03C0
03C0
03C0
0000
0F9E
3FDE
7FFE
7C7E
783E
F01E
F01E
F01E
F01E
F01E
F01E
F81E
7C7E
7FFE
3FFE
0F9E
001E
F81E
787C
7FFC
3FF8
0FE0
ENDCHAR
STARTCHAR Hcircumflex
ENCODING 292
SWIDTH 722 0
DWIDTH 21 0
BBX 17 27 2 0
BITMAP
01C000
036000
063000
0C1800
000000
F00780
F00780
F00780
F00780
F00780
F00780
F00780
F00780
FFFF80
FFFF80
FFFF80
F00780
F00780
F00780
F00780
F00780
F00780
F00780
F00780
F00780
F00780
F00780
ENDCHAR
STARTCHAR hcircumflex
ENCODING 293
SWIDTH 611 0
DWIDTH 18 0
BBX 15 27 1 0
BITMAP
1C00
3600
6300
C180
0000
7800
7800
7800
7800
7800
7800
79F8
7FFC
7FFE
7C3E
781E
781E
781E
781E
781E
781E
781E
781E
781E
781E
781E
781E
ENDCHAR
STARTCHAR Hbar
ENCODING 294
SWIDTH 722 0
DWIDTH 21 0
BBX 19 22 1 0
BITMAP
7803C0
7803C0
7803C0
7803C0
FFFFE0
FFFFE0
7803C0
7803C0
7FFFC0
7FFFC0
7FFBC0
7003C0
7803C0
7803C0
7803C0
7803C0
7803C0
7803C0
7803C0
7803C0
7803C0
7803C0
ENDCHAR
STARTCHAR hbar
ENCODING 295
SWIDTH 611 0
DWIDTH 18 0
BBX 15 22 1 0
BITMAP
7800
7800
FFC0
FFC0
7800
7800
79F8
7FFC
7FFE
7C7E
781E
781E
781E
781E
781E
781E
781E
781E
781E
781E
781E
781E
ENDCHAR
STARTCHAR Itilde
ENCODING 296
SWIDTH 278 0
DWIDTH 8 0
BBX 10 27 -1 0
BITMAP
38C0
7FC0
FF80
C700
0000
1E00
1E00
1E00
1E00
1E00
1E00
1E00
1E00
1E00
1E00
1E00
1E00
1E00
1E00
1E00
1E00
1E00
1E00
1E00
1E00
1E00
1E00
ENDCHAR
STARTCHAR itilde
ENCODING 297
SWIDTH 278 0
DWIDTH 8 0
BBX 10 21 -1 0
BITMAP
38C0
7FC0
FF80
C700
0000
1E00
1E00
1E00
1E00
1E00
1E00
1E00
1E00
1E00
1E00
1E00
1E00
1E00
1E00
1E00
1E00
ENDCHAR
STARTCHAR Imacron
ENCODING 298
SWIDTH 278 0
DWIDTH 8 0
BBX 9 25 0 0
BITMAP
FF80
FF80
0000
3C00
3C00
3C00
3C00
3C00
3C00
3C00
3C00
3C00
3C00
3C00
3C00
3C00
3C00
3C00
3C00
3C00
3C00
3C00
3C00
3C00
3C00
ENDCHAR
STARTCHAR imacron
ENCODING 299
SWIDTH 278 0
DWIDTH 8 0
BBX 9 19 0 0
BITMAP
FF80
FF80
0000
3C00
3C00
3C00
3C00
3C00
3C00
3C00
3C00
3C00
3C00
3C00
3C00
3C00
3C00
3C00
3C00
ENDCHAR
STARTCHAR Ibreve
ENCODING 300
SWIDTH 278 0
DWIDTH 8 0
BBX 7 27 1 0
BITMAP
C6
FE
7C
38
00
78
78
78
78
78
78
78
78
78
78
78
78
78
78
78
78
78
78
78
78
78
78
ENDCHAR
STARTCHAR ibreve
ENCODING 301
SWIDTH 278 0
DWIDTH 8 0
BBX 7 21 1 0
BITMAP
C6
FE
7C
38
00
78
78
78
78
78
78
78
78
78
78
78
78
78
78
78
78
ENDCHAR
STARTCHAR Iogonek
ENCODING 302
SWIDTH 278 0
DWIDTH 8 0
BBX 7 28 -1 -6
BITMAP
1E
1E
1E
1E
1E
1E
1E
1E
1E
1E
1E
1E
1E
1E
1E
1E
1E
1E
1E
1E
1E
1E
38
70
E0
E0
E0
7C
ENDCHAR
STARTCHAR iogonek
ENCODING 303
SWIDTH 278 0
DWIDTH 8 0
BBX 7 28 -1 -6
BITMAP
1E
1E
1E
1E
00
00
1E
1E
1E
1E
1E
1E
1E
1E
1E
1E
1E
1E
1E
1E
1E
1E
38
70
E0
E0
E0
7C
ENDCHAR
STARTCHAR Idotaccent
ENCODING 304
SWIDTH 278 0
DWIDTH 8 0
BBX 4 26 2 0
BITMAP
70
70
70
00
F0
F0
F0
F0
F0
F0
F0
F0
F0
F0
F0
F0
F0
F0
F0
F0
F0
F0
F0
F0
F0
F0
ENDCHAR
STARTCHAR dotlessi
ENCODING 305
SWIDTH 278 0
DWIDTH 8 0
BBX 4 16 2 0
BITMAP
F0
F0
F0
F0
F0
F0
F0
F0
F0
F0
F0
F0
F0
F0
F0
F0
ENDCHAR
STARTCHAR IJ
ENCODING 306
SWIDTH 820 0
DWIDTH 24 0
BBX 20 22 2 0
BITMAP
F000F0
F000F0
F000F0
F000F0
F000F0
F000F0
F000F0
F000F0
F000F0
F000F0
F000F0
F000F0
F000F0
F000F0
F1E0F0
F1E0F0
F1E0F0
F1E0F0
F1F1F0
F0FFE0
F0FFE0
F03F80
ENDCHAR
STARTCHAR ij
ENCODING 307
SWIDTH 542 0
DWIDTH 16 0
BBX 12 28 2 -6
BITMAP
F0F0
F0F0
F0F0
F0F0
0000
0000
F0F0
F0F0
F0F0
F0F0
F0F0
F0F0
F0F0
F0F0
F0F0
F0F0
F0F0
F0F0
F0F0
F0F0
F0F0
F0F0
00F0
00F0
00F0
03F0
03F0
03E0
ENDCHAR
STARTCHAR Jcircumflex
ENCODING 308
SWIDTH 556 0
DWIDTH 16 0
BBX 14 27 1 0
BITMAP
00E0
01B0
0318
060C
0000
0078
0078
0078
0078
0078
0078
0078
0078
0078
0078
0078
0078
0078
0078
F078
F078
F078
F078
F8F8
7FF0
7FF0
1FC0
ENDCHAR
STARTCHAR jcircumflex
ENCODING 309
SWIDTH 278 0
DWIDTH 8 0
BBX 9 27 0 -6
BITMAP
1C00
3600
6300
C180
0000
3C00
3C00
3C00
3C00
3C00
3C00
3C00
3C00
3C00
3C00
3C00
3C00
3C00
3C00
3C00
3C00
3C00
3C00
3C00
FC00
FC00
F800
ENDCHAR
STARTCHAR Kcommaaccent
ENCODING 310
SWIDTH 722 0
DWIDTH 21 0
BBX 18 32 2 -10
BITMAP
F00F80
F01F00
F03E00
F07C00
F0F800
F0F800
F1F000
F3E000
F7C000
F7C000
FFE000
FFE000
FDF000
F0F800
E07C00
F07C00
F03E00
F01F00
F01F00
F00F80
F007C0
F007C0
000000
01E000
01E000
01E000
01E000
006000
006000
00E000
01C000
018000
ENDCHAR
STARTCHAR kcommaaccent
ENCODING 311
SWIDTH 556 0
DWIDTH 16 0
BBX 14 32 2 -10
BITMAP
F000
F000
F000
F000
F000
F000
F078
F0F0
F1F0
F3E0
F7C0
F780
FF80
FF80
FFC0
F3C0
E3E0
F1F0
F0F0
F0F8
F078
F07C
0000
0780
0780
0780
0780
0180
0180
0380
0700
0600
ENDCHAR
STARTCHAR kgreenlandic
ENCODING 312
SWIDTH 556 0
DWIDTH 16 0
BBX 14 16 2 0
BITMAP
F078
F0F0
F1F0
F3E0
F7C0
F780
FF80
FF80
FFC0
F3C0
E3E0
F1F0
F0F0
F0F8
F078
F07C
ENDCHAR
STARTCHAR Lacute
ENCODING 313
SWIDTH 611 0
DWIDTH 18 0
BBX 14 27 3 0
BITMAP
0E00
1C00
1C00
3800
0000
F000
F000
F000
F000
F000
F000
F000
F000
F000
F000
F000
F000
F000
F000
F000
F000
F000
F000
F000
FFFC
FFFC
FFFC
ENDCHAR
STARTCHAR lacute
ENCODING 314
SWIDTH 278 0
DWIDTH 8 0
BBX 6 27 2 0
BITMAP
1C
38
38
70
00
F0
F0
F0
F0
F0
F0
F0
F0
F0
F0
F0
F0
F0
F0
F0
F0
F0
F0
F0
F0
F0
F0
ENDCHAR
STARTCHAR Lcommaaccent
ENCODING 315
SWIDTH 611 0
DWIDTH 18 0
BBX 14 32 3 -10
BITMAP
F000
F000
F000
F000
F000
F000
F000
F000
F000
F000
F000
F000
F000
F000
F000
F000
F000
F000
F000
FFFC
FFFC
FFFC
0000
0780
0780
0780
0780
0180
0180
0380
0700
0600
ENDCHAR
STARTCHAR lcommaaccent
ENCODING 316
SWIDTH 278 0
DWIDTH 8 0
BBX 4 32 2 -10
BITMAP
F0
F0
F0
F0
F0
F0
F0
F0
F0
F0
F0
F0
F0
F0
F0
F0
F0
F0
F0
F0
F0
F0
00
F0
F0
F0
F0
30
30
70
E0
C0
ENDCHAR
STARTCHAR Lcaron
ENCODING 317
SWIDTH 858 0
DWIDTH 18 0
BBX 14 22 3 0
BITMAP
F3C0
F3C0
F3C0
F3C0
F0C0
F180
F300
F000
F000
F000
F000
F000
F000
F000
F000
F000
F000
F000
F000
FFFC
FFFC
FFFC
ENDCHAR
STARTCHAR lcaron
ENCODING 318
SWIDTH 542 0
DWIDTH 13 0
BBX 10 22 2 0
BITMAP
F3C0
F3C0
F3C0
F3C0
F0C0
F180
F300
F000
F000
F000
F000
F000
F000
F000
F000
F000
F000
F000
F000
F000
F000
F000
ENDCHAR
STARTCHAR Ldot
ENCODING 319
SWIDTH 858 0
DWIDTH 25 0
BBX 20 22 3 0
BITMAP
F00000
F00000
F00000
F00000
F00000
F00000
F00000
F00000
F00000
F000F0
F000F0
F000F0
F00000
F00000
F00000
F00000
F00000
F00000
F00000
FFFC00
FFFC00
FFFC00
ENDCHAR
STARTCHAR ldot
ENCODING 320
SWIDTH 542 0
DWIDTH 16 0
BBX 12 22 2 0
BITMAP
F000
F000
F000
F000
F000
F000
F000
F000
F000
F000
F000
F000
F0F0
F0F0
F0F0
F000
F000
F000
F000
F000
F000
F000
ENDCHAR
STARTCHAR Lslash
ENCODING 321
SWIDTH 611 0
DWIDTH 18 0
BBX 18 22 0 0
BITMAP
1E0000
1E0000
1E0000
1E0000
1E0000
1E0000
1E1000
1E3000
1EF000
1FE000
1FC000
1F0000
3E0000
FE0000
FE0000
DE0000
1E0000
1E0000
1E0000
1FFFC0
1FFFC0
1FFFC0
ENDCHAR
STARTCHAR lslash
ENCODING 322
SWIDTH 278 0
DWIDTH 8 0
BBX 7 22 0 0
BITMAP
3C
3C
3C
3C
3C
3C
3C
3C
3E
3E
3C
7C
FC
BC
3C
3C
3C
3C
3C
3C
3C
3C
ENDCHAR
STARTCHAR Nacute
ENCODING 323
SWIDTH 722 0
DWIDTH 21 0
BBX 17 27 2 0
BITMAP
007000
00E000
00E000
01C000
000000
F00780
F80780
F80780
F00780
F80780
FC0780
FE0780
F78780
F78780
F3C780
F3C780
F1E780
F1F780
F0F780
F03380
F03F80
F01F80
F01F80
F00780
F00780
F00F80
F00780
ENDCHAR
STARTCHAR nacute
ENCODING 324
SWIDTH 611 0
DWIDTH 18 0
BBX 14 21 2 0
BITMAP
00E0
01C0
01C0
0380
0000
F3F0
FFF8
FFFC
F87C
F03C
F03C
F03C
F03C
F03C
F03C
F03C
F03C
F03C
F03C
F03C
F03C
ENDCHAR
STARTCHAR Ncommaaccent
ENCODING 325
SWIDTH 722 0
DWIDTH 21 0
BBX 17 32 2 -10
BITMAP
F00780
F80780
F80780
F00780
F80780
FC0780
FE0780
F78780
F78780
F3C780
F3C780
F1E780
F1F780
F0F780
F03380
F03F80
F01F80
F01F80
F00780
F00780
F00F80
F00780
000000
01E000
01E000
01E000
01E000
006000
006000
00E000
01C000
018000
ENDCHAR
STARTCHAR ncommaaccent
ENCODING 326
SWIDTH 611 0
DWIDTH 18 0
BBX 14 26 2 -10
BITMAP
F3F0
FFF8
FFFC
F87C
F03C
F03C
F03C
F03C
F03C
F03C
F03C
F03C
F03C
F03C
F03C
F03C
0000
0780
0780
0780
0780
0180
0180
0380
0700
0600
ENDCHAR
STARTCHAR Ncaron
ENCODING 327
SWIDTH 722 0
DWIDTH 21 0
BBX 17 27 2 0
BITMAP
0E3800
077000
03E000
01C000
000000
F00780
F80780
F80780
F00780
F80780
FC0780
FE0780
F78780
F78780
F3C780
F3C780
F1E780
F1F780
F0F780
F03380
F03F80
F01F80
F01F80
F00780
F00780
F00F80
F00780
ENDCHAR
STARTCHAR ncaron
ENCODING 328
SWIDTH 611 0
DWIDTH 18 0
BBX 14 21 2 0
BITMAP
1C70
0EE0
07C0
0380
0000
F3F0
FFF8
FFFC
F87C
F03C
F03C
F03C
F03C
F03C
F03C
F03C
F03C
F03C
F03C
F03C
F03C
ENDCHAR
STARTCHAR napostrophe
ENCODING 329
SWIDTH 875 0
DWIDTH 25 0
BBX 20 22 0 0
BITMAP
F00000
F00000
F00000
F00000
300000
600000
C3CFC0
03FFE0
03FFF0
03E1F0
03C0F0
03C0F0
03C0F0
03C0F0
03C0F0
03C0F0
03C0F0
03C0F0
03C0F0
03C0F0
03C0F0
03C0F0
ENDCHAR
STARTCHAR Eng
ENCODING 330
SWIDTH 722 0
DWIDTH 21 0
BBX 17 30 2 -8
BITMAP
F1FC00
F7FE00
FFFF00
FFFF80
FC1F80
F00F80
F00780
F00780
F00780
F00780
F00780
F00780
F00780
F00780
F00780
F00780
F00780
F00780
F00780
F00780
F00780
F00780
000780
000780
000780
000780
007F80
007F80
007F00
007E00
ENDCHAR
STARTCHAR eng
ENCODING 331
SWIDTH 611 0
DWIDTH 18 0
BBX 14 22 2 -6
BITMAP
F3F0
FFF8
FFFC
F87C
F03C
F03C
F03C
F03C
F03C
F03C
F03C
F03C
F03C
F03C
F03C
F03C
003C
003C
003C
00FC
00FC
00F8
ENDCHAR
STARTCHAR Omacron
ENCODING 332
SWIDTH 778 0
DWIDTH 22 0
BBX 20 25 1 0
BITMAP
03FE00
03FE00
000000
03FC00
0FFF00
1FFF80
3F0FC0
7C03E0
7801E0
7801E0
F000F0
F000F0
F000F0
F000F0
F000F0
F000F0
F000F0
F000F0
7801E0
7801E0
7C03E0
3F0FC0
1FFF80
0FFF00
03FC00
ENDCHAR
STARTCHAR omacron
ENCODING 333
SWIDTH 611 0
DWIDTH 18 0
BBX 16 19 1 0
BITMAP
0FF8
0FF8
0000
07E0
1FF8
3FFC
7C3E
781E
F00F
F00F
F00F
F00F
F00F
F00F
781E
7C3E
3FFC
1FF8
07E0
ENDCHAR
STARTCHAR Obreve
ENCODING 334
SWIDTH 778 0
DWIDTH 22 0
BBX 20 27 1 0
BITMAP
018C00
01FC00
00F800
007000
000000
03FC00
0FFF00
1FFF80
3F0FC0
7C03E0
7801E0
7801E0
F000F0
F000F0
F000F0
F000F0
F000F0
F000F0
F000F0
F000F0
7801E0
7801E0
7C03E0
3F0FC0
1FFF80
0FFF00
03FC00
ENDCHAR
STARTCHAR obreve
ENCODING 335
SWIDTH 611 0
DWIDTH 18 0
BBX 16 21 1 0
BITMAP
0630
07F0
03E0
01C0
0000
07E0
1FF8
3FFC
7C3E
781E
F00F
F00F
F00F
F00F
F00F
F00F
781E
7C3E
3FFC
1FF8
07E0
ENDCHAR
STARTCHAR Ohungarumlaut
ENCODING 336
SWIDTH 778 0
DWIDTH 22 0
BBX 20 27 1 0
BITMAP
00E700
01CE00
039C00
031800
000000
03FC00
0FFF00
1FFF80
3F0FC0
7C03E0
7801E0
7801E0
F000F0
F000F0
F000F0
F000F0
F000F0
F000F0
F000F0
F000F0
7801E0
7801E0
7C03E0
3F0FC0
1FFF80
0FFF00
03FC00
ENDCHAR
STARTCHAR ohungarumlaut
ENCODING 337
SWIDTH 611 0
DWIDTH 18 0
BBX 16 21 1 0
BITMAP
039C
0738
0E70
0C60
0000
07E0
1FF8
3FFC
7C3E
781E
F00F
F00F
F00F
F00F
F00F
F00F
781E
7C3E
3FFC
1FF8
07E0
ENDCHAR
STARTCHAR OE
ENCODING 338
SWIDTH 1000 0
DWIDTH 29 0
BBX 27 22 1 0
BITMAP
03F7FFE0
0FFFFFE0
1FFFFFE0
3E1F8000
7C078000
78078000
78078000
F8078000
F0078000
F007FFC0
F007FFC0
F007FFC0
F0078000
F0078000
F0078000
F8078000
78078000
7C078000
3E0F8000
3FFFFFE0
0FFFFFE0
07F7FFE0
ENDCHAR
STARTCHAR oe
ENCODING 339
SWIDTH 944 0
DWIDTH 27 0
BBX 27 16 0 0
BITMAP
07F0FE00
1FFFFF00
3FFFFF80
7C3F87C0
780F83C0
F00F01E0
F00FFFE0
F00FFFE0
F00FFFE0
F00E0000
F81F0000
780F83E0
7C3FC3C0
3FFFFF80
1FFFFF00
07F0FC00
ENDCHAR
STARTCHAR Racute
ENCODING 340
SWIDTH 722 0
DWIDTH 21 0
BBX 18 27 2 0
BITMAP
007000
00E000
00E000
01C000
000000
FFFC00
FFFF00
FFFF80
F00F80
F00780
F00780
F00780
F00780
F00F80
FFFF00
FFFE00
FFFE00
F01F00
F00F00
F00780
F00780
F00780
F00780
F00780
F00780
F00780
F007C0
ENDCHAR
STARTCHAR racute
ENCODING 341
SWIDTH 389 0
DWIDTH 11 0
BBX 9 21 2 0
BITMAP
0700
0E00
0E00
1C00
0000
F380
F780
FF80
FF80
F800
F000
F000
F000
F000
F000
F000
F000
F000
F000
F000
F000
ENDCHAR
STARTCHAR Rcommaaccent
ENCODING 342
SWIDTH 722 0
DWIDTH 21 0
BBX 18 32 2 -10
BITMAP
FFFC00
FFFF00
FFFF80
F00F80
F00780
F00780
F00780
F00780
F00F80
FFFF00
FFFE00
FFFE00
F01F00
F00F00
F00780
F00780
F00780
F00780
F00780
F00780
F00780
F007C0
000000
01E000
01E000
01E000
01E000
006000
006000
00E000
01C000
018000
ENDCHAR
STARTCHAR rcommaaccent
ENCODING 343
SWIDTH 389 0
DWIDTH 11 0
BBX 9 26 2 -10
BITMAP
F380
F780
FF80
FF80
F800
F000
F000
F000
F000
F000
F000
F000
F000
F000
F000
F000
0000
7800
7800
7800
7800
1800
1800
3800
7000
6000
ENDCHAR
STARTCHAR Rcaron
ENCODING 344
SWIDTH 722 0
DWIDTH 21 0
BBX 18 27 2 0
BITMAP
0E3800
077000
03E000
01C000
000000
FFFC00
FFFF00
FFFF80
F00F80
F00780
F00780
F00780
F00780
F00F80
FFFF00
FFFE00
FFFE00
F01F00
F00F00
F00780
F00780
F00780
F00780
F00780
F00780
F00780
F007C0
ENDCHAR
STARTCHAR rcaron
ENCODING 345
SWIDTH 389 0
DWIDTH 11 0
BBX 9 21 2 0
BITMAP
E380
7700
3E00
1C00
0000
F380
F780
FF80
FF80
F800
F000
F000
F000
F000
F000
F000
F000
F000
F000
F000
F000
ENDCHAR
STARTCHAR Sacute
ENCODING 346
SWIDTH 667 0
DWIDTH 19 0
BBX 17 27 1 0
BITMAP
007000
00E000
00E000
01C000
000000
0FF000
3FFC00
7FFE00
F83F00
F00F00
F00F00
F00000
F80000
FFC000
7FFC00
3FFE00
07FF00
007F80
000F80
000780
F00780
F00780
F80F80
FC1F00
7FFF00
3FFE00
0FF000
ENDCHAR
STARTCHAR sacute
ENCODING 347
SWIDTH 556 0
DWIDTH 16 0
BBX 14 21 1 0
BITMAP
00E0
01C0
01C0
0380
0000
1FE0
7FF0
7878
F07C
F800
FE00
7FC0
3FF0
0FF8
03FC
007C
F03C
F03C
FFFC
7FF8
1FF0
ENDCHAR
STARTCHAR Scircumflex
ENCODING 348
SWIDTH 667 0
DWIDTH 19 0
BBX 17 27 1 0
BITMAP
01C000
036000
063000
0C1800
000000
0FF000
3FFC00
7FFE00
F83F00
F00F00
F00F00
F00000
F80000
FFC000
7FFC00
3FFE00
07FF00
007F80
000F80
000780
F00780
F00780
F80F80
FC1F00
7FFF00
3FFE00
0FF000
ENDCHAR
STARTCHAR scircumflex
ENCODING 349
SWIDTH 556 0
DWIDTH 16 0
BBX 14 21 1 0
BITMAP
0380
06C0
0C60
1830
0000
1FE0
7FF0
7878
F07C
F800
FE00
7FC0
3FF0
0FF8
03FC
007C
F03C
F03C
FFFC
7FF8
1FF0
ENDCHAR
STARTCHAR Scedilla
ENCODING 350
SWIDTH 667 0
DWIDTH 19 0
BBX 17 28 1 -6
BITMAP
0FF000
3FFC00
7FFE00
F83F00
F00F00
F00F00
F00000
F80000
FFC000
7FFC00
3FFE00
07FF00
007F80
000F80
000780
F00780
F00780
F80F80
FC1F00
7FFF00
3FFE00
0FF000
018000
01E000
007000
007000
047000
07E000
ENDCHAR
STARTCHAR scedilla
ENCODING 351
SWIDTH 556 0
DWIDTH 16 0
BBX 14 22 1 -6
BITMAP
1FE0
7FF0
7878
F07C
F800
FE00
7FC0
3FF0
0FF8
03FC
007C
F03C
F03C
FFFC
7FF8
1FF0
0300
03C0
00E0
00E0
08E0
0FC0
ENDCHAR
STARTCHAR Scaron
ENCODING 352
SWIDTH 667 0
DWIDTH 19 0
BBX 17 27 1 0
BITMAP
0E3800
077000
03E000
01C000
000000
0FF000
3FFC00
7FFE00
F83F00
F00F00
F00F00
F00000
F80000
FFC000
7FFC00
3FFE00
07FF00
007F80
000F80
000780
F00780
F00780
F80F80
FC1F00
7FFF00
3FFE00
0FF000
ENDCHAR
STARTCHAR scaron
ENCODING 353
SWIDTH 556 0
DWIDTH 16 0
BBX 14 21 1 0
BITMAP
1C70
0EE0
07C0
0380
0000
1FE0
7FF0
7878
F07C
F800
FE00
7FC0
3FF0
0FF8
03FC
007C
F03C
F03C
FFFC
7FF8
1FF0
ENDCHAR
STARTCHAR Tcommaaccent
ENCODING 354
SWIDTH 611 0
DWIDTH 18 0
BBX 18 28 0 -6
BITMAP
FFFFC0
FFFFC0
FFFFC0
01E000
01E000
01E000
01E000
01E000
01E000
01E000
01E000
01E000
01E000
01E000
01E000
01E000
01E000
01E000
01E000
01E000
01E000
01E000
00C000
00F000
003800
003800
023800
03F000
ENDCHAR
STARTCHAR tcommaaccent
ENCODING 355
SWIDTH 333 0
DWIDTH 9 0
BBX 8 27 0 -6
BITMAP
3C
3C
3C
3C
3C
FF
FF
3C
3C
3C
3C
3C
3C
3C
3C
3C
3C
3C
3E
3F
1F
18
1E
07
07
47
7E
ENDCHAR
STARTCHAR Tcaron
ENCODING 356
SWIDTH 611 0
DWIDTH 18 0
BBX 18 27 0 0
BITMAP
071C00
03B800
01F000
00E000
000000
FFFFC0
FFFFC0
FFFFC0
01E000
01E000
01E000
01E000
01E000
01E000
01E000
01E000
01E000
01E000
01E000
01E000
01E000
01E000
01E000
01E000
01E000
01E000
01E000
ENDCHAR
STARTCHAR tcaron
ENCODING 357
SWIDTH 594 0
DWIDTH 14 0
BBX 13 22 0 0
BITMAP
0078
3C78
3C78
3C78
3C18
3C30
FF20
FF00
3C00
3C00
3C00
3C00
3C00
3C00
3C00
3C00
3C00
3C00
3C00
3E00
3F00
1F00
ENDCHAR
STARTCHAR Tbar
ENCODING 358
SWIDTH 611 0
DWIDTH 18 0
BBX 18 22 0 0
BITMAP
FFFFC0
FFFFC0
FFFFC0
01E000
01E000
01E000
01E000
01E000
1FFF00
1FFF00
01E000
01E000
01E000
01E000
01E000
01E000
01E000
01E000
01E000
01E000
01E000
01E000
ENDCHAR
STARTCHAR tbar
ENCODING 359
SWIDTH 333 0
DWIDTH 9 0
BBX 8 21 0 0
BITMAP
3C
3C
3C
3C
3C
FF
FF
3C
3C
3C
FF
FF
3C
3C
3C
3C
3C
3C
3E
3F
1F
ENDCHAR
STARTCHAR Utilde
ENCODING 360
SWIDTH 722 0
DWIDTH 21 0
BBX 17 27 2 0
BITMAP
038C00
07FC00
0FF800
0C7000
000000
F00780
F00780
F00780
F00780
F00780
F00780
F00780
F00780
F00780
F00780
F00780
F00780
F00780
F00780
F00780
F00780
F00780
F80F80
7C1F00
7FFF00
3FFE00
0FF800
ENDCHAR
STARTCHAR utilde
ENCODING 361
SWIDTH 611 0
DWIDTH 18 0
BBX 14 21 2 0
BITMAP
0E30
1FF0
3FE0
31C0
0000
F03C
F03C
F03C
F03C
F03C
F03C
F03C
F03C
F03C
F03C
F03C
F03C
F87C
FFFC
7FFC
3F3C
ENDCHAR
STARTCHAR Umacron
ENCODING 362
SWIDTH 722 0
DWIDTH 21 0
BBX 17 25 2 0
BITMAP
0FF800
0FF800
000000
F00780
F00780
F00780
F00780
F00780
F00780
F00780
F00780
F00780
F00780
F00780
F00780
F00780
F00780
F00780
F00780
F00780
F80F80
7C1F00
7FFF00
3FFE00
0FF800
ENDCHAR
STARTCHAR umacron
ENCODING 363
SWIDTH 611 0
DWIDTH 18 0
BBX 14 19 2 0
BITMAP
1FF0
1FF0
0000
F03C
F03C
F03C
F03C
F03C
F03C
F03C
F03C
F03C
F03C
F03C
F03C
F87C
FFFC
7FFC
3F3C
ENDCHAR
STARTCHAR Ubreve
ENCODING 364
SWIDTH 722 0
DWIDTH 21 0
BBX 17 27 2 0
BITMAP
063000
07F000
03E000
01C000
000000
F00780
F00780
F00780
F00780
F00780
F00780
F00780
F00780
F00780
F00780
F00780
F00780
F00780
F00780
F00780
F00780
F00780
F80F80
7C1F00
7FFF00
3FFE00
0FF800
ENDCHAR
STARTCHAR ubreve
ENCODING 365
SWIDTH 611 0
DWIDTH 18 0
BBX 14 21 2 0
BITMAP
0C60
0FE0
07C0
0380
0000
F03C
F03C
F03C
F03C
F03C
F03C
F03C
F03C
F03C
F03C
F03C
F03C
F87C
FFFC
7FFC
3F3C
ENDCHAR
STARTCHAR Uring
ENCODING 366
SWIDTH 722 0
DWIDTH 21 0
BBX 17 28 2 0
BITMAP
01C000
036000
022000
036000
01C000
000000
F00780
F00780
F00780
F00780
F00780
F00780
F00780
F00780
F00780
F00780
F00780
F00780
F00780
F00780
F00780
F00780
F00780
F80F80
7C1F00
7FFF00
3FFE00
0FF800
ENDCHAR
STARTCHAR uring
ENCODING 367
SWIDTH 611 0
DWIDTH 18 0
BBX 14 22 2 0
BITMAP
0380
06C0
0440
06C0
0380
0000
F03C
F03C
F03C
F03C
F03C
F03C
F03C
F03C
F03C
F03C
F03C
F03C
F87C
FFFC
7FFC
3F3C
ENDCHAR
STARTCHAR Uhungarumlaut
ENCODING 368
SWIDTH 722 0
DWIDTH 21 0
BBX 17 27 2 0
BITMAP
01CE00
039C00
073800
063000
000000
F00780
F00780
F00780
F00780
F00780
F00780
F00780
F00780
F00780
F00780
F00780
F00780
F00780
F00780
F00780
F00780
F00780
F80F80
7C1F00
7FFF00
3FFE00
0FF800
ENDCHAR
STARTCHAR uhungarumlaut
ENCODING 369
SWIDTH 611 0
DWIDTH 18 0
BBX 14 21 2 0
BITMAP
0738
0E70
1CE0
18C0
0000
F03C
F03C
F03C
F03C
F03C
F03C
F03C
F03C
F03C
F03C
F03C
F03C
F87C
FFFC
7FFC
3F3C
ENDCHAR
STARTCHAR Uogonek
ENCODING 370
SWIDTH 722 0
DWIDTH 21 0
BBX 17 28 2 -6
BITMAP
F00780
F00780
F00780
F00780
F00780
F00780
F00780
F00780
F00780
F00780
F00780
F00780
F00780
F00780
F00780
F00780
F00780
F80F80
7C1F00
7FFF00
3FFE00
0FF800
003800
007000
00E000
00E000
00E000
007C00
ENDCHAR
STARTCHAR uogonek
ENCODING 371
SWIDTH 611 0
DWIDTH 18 0
BBX 14 22 2 -6
BITMAP
F03C
F03C
F03C
F03C
F03C
F03C
F03C
F03C
F03C
F03C
F03C
F03C
F87C
FFFC
7FFC
3F3C
0070
00E0
01C0
01C0
01C0
00F8
ENDCHAR
STARTCHAR Wcircumflex
ENCODING 372
SWIDTH 944 0
DWIDTH 27 0
BBX 25 27 1 0
BITMAP
001C0000
00360000
00630000
00C18000
00000000
F03E0780
F03E0780
F03C0780
F03C0780
787E0F00
787E0F00
787F0F00
78770F00
3C771E00
3CE39E00
3CE39E00
3CE39E00
1EE3BC00
1EE3BC00
1E80BC00
1F80FC00
0F80F800
0F80F800
0F80F800
0780F000
0780F000
0780F000
ENDCHAR
STARTCHAR wcircumflex
ENCODING 373
SWIDTH 778 0
DWIDTH 22 0
BBX 22 21 0 0
BITMAP
003800
006C00
00C600
018300
000000
F0783C
F0783C
F0FC3C
78FC78
78FC78
78FC78
3DCEF0
3DCEF0
3DCEF0
3DCEF0
1D87E0
1F87E0
1F87E0
0F87C0
0F83C0
0F87C0
ENDCHAR
STARTCHAR Ycircumflex
ENCODING 374
SWIDTH 667 0
DWIDTH 19 0
BBX 18 27 1 0
BITMAP
00E000
01B000
031800
060C00
000000
F807C0
7C0F80
7C0F80
3E1F00
3E1F00
1F3E00
1F3E00
0F3C00
0F7C00
077800
07F800
03F000
03F000
01E000
01E000
01E000
01E000
01E000
01E000
01E000
01E000
01E000
ENDCHAR
STARTCHAR ycircumflex
ENCODING 375
SWIDTH 556 0
DWIDTH 16 0
BBX 14 27 1 -6
BITMAP
0380
06C0
0C60
1830
0000
F03C
F03C
F03C
7878
7878
7878
3CF0
3CF0
3CF0
1EE0
0FE0
0FE0
07C0
07C0
03C0
0780
0780
0F00
0F00
3F00
7E00
7C00
ENDCHAR
STARTCHAR Ydieresis
ENCODING 376
SWIDTH 667 0
DWIDTH 19 0
BBX 18 27 1 0
BITMAP
071C00
071C00
071C00
000000
000000
F807C0
7C0F80
7C0F80
3E1F00
3E1F00
1F3E00
1F3E00
0F3C00
0F7C00
077800
07F800
03F000
03F000
01E000
01E000
01E000
01E000
01E000
01E000
01E000
01E000
01E000
ENDCHAR
STARTCHAR Zacute
ENCODING 377
SWIDTH 611 0
DWIDTH 18 0
BBX 16 27 1 0
BITMAP
0070
00E0
00E0
01C0
0000
FFFF
FFFF
FFFF
001F
003E
003E
007C
00F8
01F0
01F0
03E0
07C0
0F80
0F80
1F00
3E00
7C00
7C00
F800
FFFF
FFFF
FFFF
ENDCHAR
STARTCHAR zacute
ENCODING 378
SWIDTH 500 0
DWIDTH 14 0
BBX 13 21 0 0
BITMAP
00E0
01C0
01C0
0380
0000
7FF8
7FF8
7FF8
01F0
00F0
03E0
07C0
0F80
0F80
1F00
3E00
7C00
F800
FFF8
FFF8
FFF8
ENDCHAR
STARTCHAR Zdotaccent
ENCODING 379
SWIDTH 611 0
DWIDTH 18 0
BBX 16 26 1 0
BITMAP
01C0
01C0
01C0
0000
FFFF
FFFF
FFFF
001F
003E
003E
007C
00F8
01F0
01F0
03E0
07C0
0F80
0F80
1F00
3E00
7C00
7C00
F800
FFFF
FFFF
FFFF
ENDCHAR
STARTCHAR zdotaccent
ENCODING 380
SWIDTH 500 0
DWIDTH 14 0
BBX 13 20 0 0
BITMAP
0380
0380
0380
0000
7FF8
7FF8
7FF8
01F0
00F0
03E0
07C0
0F80
0F80
1F00
3E00
7C00
F800
FFF8
FFF8
FFF8
ENDCHAR
STARTCHAR Zcaron
ENCODING 381
SWIDTH 611 0
DWIDTH 18 0
BBX 16 27 1 0
BITMAP
0E38
0770
03E0
01C0
0000
FFFF
FFFF
FFFF
001F
003E
003E
007C
00F8
01F0
01F0
03E0
07C0
0F80
0F80
1F00
3E00
7C00
7C00
F800
FFFF
FFFF
FFFF
ENDCHAR
STARTCHAR zcaron
ENCODING 382
SWIDTH 500 0
DWIDTH 14 0
BBX 13 21 0 0
BITMAP
1C70
0EE0
07C0
0380
0000
7FF8
7FF8
7FF8
01F0
00F0
03E0
07C0
0F80
0F80
1F00
3E00
7C00
F800
FFF8
FFF8
FFF8
ENDCHAR
STARTCHAR uni0186
ENCODING 390
SWIDTH 722 0
DWIDTH 21 0
BBX 18 22 1 0
BITMAP
07F000
3FFC00
7FFE00
7C1F00
F80F80
F00780
F00780
0003C0
0003C0
0003C0
0003C0
0003C0
0003C0
0003C0
F003C0
F00780
F80780
F80F80
7C1F00
3FFE00
1FFC00
07F000
ENDCHAR
STARTCHAR uni0189
ENCODING 393
SWIDTH 722 0
DWIDTH 21 0
BBX 20 22 0 0
BITMAP
3FFE00
3FFF80
3FFFC0
3C07C0
3C03E0
3C01E0
3C01E0
3C00F0
3C00F0
FFE0F0
FFE0F0
3C00F0
3C00F0
3C00F0
3C00F0
3C01E0
3C01E0
3C03E0
3C07C0
3FFFC0
3FFF80
3FFE00
ENDCHAR
STARTCHAR uni018E
ENCODING 398
SWIDTH 667 0
DWIDTH 19 0
BBX 16 22 2 0
BITMAP
7FFF
7FFF
7FFF
000F
000F
000F
000F
000F
000F
7FFF
7FFF
7FFF
000F
000F
000F
000F
000F
000F
000F
FFFF
FFFF
FFFF
ENDCHAR
STARTCHAR florin
ENCODING 402
SWIDTH 556 0
DWIDTH 16 0
BBX 14 28 1 -6
BITMAP
007C
00FC
01FC
01E0
03C0
03C0
0380
3FF8
3FF8
3FF8
0380
0780
0780
0780
0780
0700
0F00
0F00
0F00
0F00
0F00
0F00
0E00
1E00
9E00
FE00
FC00
F800
ENDCHAR
STARTCHAR uni0197
ENCODING 407
SWIDTH 278 0
DWIDTH 8 0
BBX 8 22 0 0
BITMAP
3C
3C
3C
3C
3C
3C
3C
3C
3C
3C
FF
FF
3C
3C
3C
3C
3C
3C
3C
3C
3C
3C
ENDCHAR
STARTCHAR uni019A
ENCODING 410
SWIDTH 278 0
DWIDTH 8 0
BBX 8 22 0 0
BITMAP
3C
3C
3C
3C
3C
3C
3C
3C
3C
3C
FF
FF
3C
3C
3C
3C
3C
3C
3C
3C
3C
3C
ENDCHAR
STARTCHAR uni019D
ENCODING 413
SWIDTH 722 0
DWIDTH 21 0
BBX 19 28 0 -6
BITMAP
3C01E0
3E01E0
3E01E0
3C01E0
3E01E0
3F01E0
3F81E0
3DE1E0
3DE1E0
3CF1E0
3CF1E0
3C79E0
3C7DE0
3C3DE0
3C0DE0
3C0DE0
3C07E0
3C07E0
3C03E0
3C01E0
3C03E0
3C01E0
3C0000
3C0000
3C0000
FC0000
FC0000
F80000
ENDCHAR
STARTCHAR uni019F
ENCODING 415
SWIDTH 778 0
DWIDTH 22 0
BBX 20 22 1 0
BITMAP
03FC00
0FFF00
1FFF80
3F0FC0
7C03E0
7801E0
7801E0
F000F0
F000F0
F000F0
FFFFF0
F000F0
F000F0
F000F0
F000F0
7801E0
7801E0
7C03E0
3F0FC0
1FFF80
0FFF00
03FC00
ENDCHAR
STARTCHAR Ohorn
ENCODING 416
SWIDTH 778 0
DWIDTH 22 0
BBX 21 23 1 0
BITMAP
000038
03FC38
0FFF70
1FFFC0
3F0FC0
7C03E0
7801E0
7801E0
F000F0
F000F0
F000F0
F000F0
F000F0
F000F0
F000F0
F000F0
7801E0
7801E0
7C03E0
3F0FC0
1FFF80
0FFF00
03FC00
ENDCHAR
STARTCHAR ohorn
ENCODING 417
SWIDTH 611 0
DWIDTH 18 0
BBX 17 18 1 0
BITMAP
000380
000380
07E700
1FFC00
3FFC00
7C3E00
781E00
F00F00
F00F00
F00F00
F00F00
F00F00
F00F00
781E00
7C3E00
3FFC00
1FF800
07E000
ENDCHAR
STARTCHAR uni01A7
ENCODING 423
SWIDTH 667 0
DWIDTH 19 0
BBX 17 22 1 0
BITMAP
07F800
1FFE00
3FFF00
7E0F80
780780
780780
000780
000F80
01FF80
1FFF00
3FFE00
7FF000
FF0000
F80000
F00000
F00780
F00780
F80F80
7C1F80
7FFF00
3FFE00
07F800
ENDCHAR
STARTCHAR uni01A8
ENCODING 424
SWIDTH 556 0
DWIDTH 16 0
BBX 14 16 1 0
BITMAP
1FE0
3FF8
7878
F83C
007C
01FC
0FF8
3FF0
7FC0
FF00
F800
F03C
F03C
FFFC
7FF8
3FE0
ENDCHAR
STARTCHAR uni01AE
ENCODING 430
SWIDTH 611 0
DWIDTH 18 0
BBX 18 28 0 -6
BITMAP
FFFFC0
FFFFC0
FFFFC0
01E000
01E000
01E000
01E000
01E000
01E000
01E000
01E000
01E000
01E000
01E000
01E000
01E000
01E000
01E000
01E000
01E000
01E000
01E000
01E000
01E000
01E000
01F800
01F800
00F800
ENDCHAR
STARTCHAR Uhorn
ENCODING 431
SWIDTH 722 0
DWIDTH 23 0
BBX 21 23 2 0
BITMAP
000038
F007B8
F007F0
F00780
F00780
F00780
F00780
F00780
F00780
F00780
F00780
F00780
F00780
F00780
F00780
F00780
F00780
F00780
F80F80
7C1F00
7FFF00
3FFE00
0FF800
ENDCHAR
STARTCHAR uhorn
ENCODING 432
SWIDTH 611 0
DWIDTH 20 0
BBX 18 18 2 0
BITMAP
0001C0
0001C0
F03F80
F03C00
F03C00
F03C00
F03C00
F03C00
F03C00
F03C00
F03C00
F03C00
F03C00
F03C00
F87C00
FFFC00
7FFC00
3F3C00
ENDCHAR
STARTCHAR uni01B5
ENCODING 437
SWIDTH 611 0
DWIDTH 18 0
BBX 16 22 1 0
BITMAP
FFFF
FFFF
FFFF
001F
003E
003E
007C
00F8
01F0
01F0
3FFC
07C0
0F80
0F80
1F00
3E00
7C00
7C00
F800
FFFF
FFFF
FFFF
ENDCHAR
STARTCHAR uni01B6
ENCODING 438
SWIDTH 500 0
DWIDTH 14 0
BBX 13 16 0 0
BITMAP
7FF8
7FF8
7FF8
01F0
00F0
03E0
07C0
7FF0
0F80
1F00
3E00
7C00
F800
FFF8
FFF8
FFF8
ENDCHAR
STARTCHAR uni01BB
ENCODING 443
SWIDTH 556 0
DWIDTH 16 0
BBX 14 21 1 0
BITMAP
0FC0
3FF0
7FF8
F87C
F03C
F03C
003C
003C
0078
00F8
7FF8
03E0
07C0
0F80
1F00
3E00
7C00
F800
FFFC
FFFC
FFFC
ENDCHAR
STARTCHAR uni01BC
ENCODING 444
SWIDTH 556 0
DWIDTH 16 0
BBX 14 21 1 0
BITMAP
3FF8
3FF8
3FF8
3800
7800
7000
77C0
7FF0
7FF8
7CF8
F078
003C
003C
003C
003C
F03C
F07C
F9F8
7FF0
3FE0
0FC0
ENDCHAR
STARTCHAR uni01C0
ENCODING 448
SWIDTH 280 0
DWIDTH 8 0
BBX 2 28 3 -6
BITMAP
C0
C0
C0
C0
C0
C0
C0
C0
C0
C0
C0
C0
C0
C0
C0
C0
C0
C0
C0
C0
C0
C0
C0
C0
C0
C0
C0
C0
ENDCHAR
STARTCHAR uni01C2
ENCODING 450
SWIDTH 584 0
DWIDTH 8 0
BBX 6 28 1 -6
BITMAP
30
30
30
30
30
30
30
FC
30
30
30
30
30
FC
30
30
30
30
30
30
30
30
30
30
30
30
30
30
ENDCHAR
STARTCHAR uni01C3
ENCODING 451
SWIDTH 333 0
DWIDTH 9 0
BBX 4 22 3 0
BITMAP
F0
F0
F0
F0
F0
F0
F0
F0
F0
F0
F0
60
60
60
60
60
00
00
F0
F0
F0
F0
ENDCHAR
STARTCHAR uni01CD
ENCODING 461
SWIDTH 722 0
DWIDTH 21 0
BBX 19 27 1 0
BITMAP
071C00
03B800
01F000
00E000
000000
01F000
01F000
03F800
03F800
03B800
07BC00
07BC00
07BC00
0F1E00
0F1E00
0F1E00
1E0F00
1E0F00
1E0F00
3FFF80
3FFF80
3FFF80
7803C0
7803C0
7803C0
F001E0
F001E0
ENDCHAR
STARTCHAR uni01CE
ENCODING 462
SWIDTH 556 0
DWIDTH 16 0
BBX 14 21 1 0
BITMAP
1C70
0EE0
07C0
0380
0000
1FC0
3FF0
7FF8
7878
F078
0078
07F8
3FF8
7F78
F878
F078
F078
F8F8
FFF8
7FF8
3F7C
ENDCHAR
STARTCHAR uni01CF
ENCODING 463
SWIDTH 278 0
DWIDTH 8 0
BBX 9 27 0 0
BITMAP
E380
7700
3E00
1C00
0000
3C00
3C00
3C00
3C00
3C00
3C00
3C00
3C00
3C00
3C00
3C00
3C00
3C00
3C00
3C00
3C00
3C00
3C00
3C00
3C00
3C00
3C00
ENDCHAR
STARTCHAR uni01D0
ENCODING 464
SWIDTH 278 0
DWIDTH 8 0
BBX 9 21 0 0
BITMAP
E380
7700
3E00
1C00
0000
3C00
3C00
3C00
3C00
3C00
3C00
3C00
3C00
3C00
3C00
3C00
3C00
3C00
3C00
3C00
3C00
ENDCHAR
STARTCHAR uni01D1
ENCODING 465
SWIDTH 778 0
DWIDTH 22 0
BBX 20 27 1 0
BITMAP
038E00
01DC00
00F800
007000
000000
03FC00
0FFF00
1FFF80
3F0FC0
7C03E0
7801E0
7801E0
F000F0
F000F0
F000F0
F000F0
F000F0
F000F0
F000F0
F000F0
7801E0
7801E0
7C03E0
3F0FC0
1FFF80
0FFF00
03FC00
ENDCHAR
STARTCHAR uni01D2
ENCODING 466
SWIDTH 611 0
DWIDTH 18 0
BBX 16 21 1 0
BITMAP
0E38
0770
03E0
01C0
0000
07E0
1FF8
3FFC
7C3E
781E
F00F
F00F
F00F
F00F
F00F
F00F
781E
7C3E
3FFC
1FF8
07E0
ENDCHAR
STARTCHAR uni01D3
ENCODING 467
SWIDTH 722 0
DWIDTH 21 0
BBX 17 27 2 0
BITMAP
0E3800
077000
03E000
01C000
000000
F00780
F00780
F00780
F00780
F00780
F00780
F00780
F00780
F00780
F00780
F00780
F00780
F00780
F00780
F00780
F00780
F00780
F80F80
7C1F00
7FFF00
3FFE00
0FF800
ENDCHAR
STARTCHAR uni01D4
ENCODING 468
SWIDTH 611 0
DWIDTH 18 0
BBX 14 21 2 0
BITMAP
1C70
0EE0
07C0
0380
0000
F03C
F03C
F03C
F03C
F03C
F03C
F03C
F03C
F03C
F03C
F03C
F03C
F87C
FFFC
7FFC
3F3C
ENDCHAR
STARTCHAR uni01D5
ENCODING 469
SWIDTH 722 0
DWIDTH 21 0
BBX 17 30 2 0
BITMAP
0FF800
0FF800
000000
0E3800
0E3800
0E3800
000000
000000
F00780
F00780
F00780
F00780
F00780
F00780
F00780
F00780
F00780
F00780
F00780
F00780
F00780
F00780
F00780
F00780
F00780
F80F80
7C1F00
7FFF00
3FFE00
0FF800
ENDCHAR
STARTCHAR uni01D6
ENCODING 470
SWIDTH 611 0
DWIDTH 18 0
BBX 14 24 2 0
BITMAP
1FF0
1FF0
0000
1C70
1C70
1C70
0000
0000
F03C
F03C
F03C
F03C
F03C
F03C
F03C
F03C
F03C
F03C
F03C
F03C
F87C
FFFC
7FFC
3F3C
ENDCHAR
STARTCHAR uni01D7
ENCODING 471
SWIDTH 722 0
DWIDTH 21 0
BBX 17 32 2 0
BITMAP
007000
00E000
00E000
01C000
000000
0E3800
0E3800
0E3800
000000
000000
F00780
F00780
F00780
F00780
F00780
F00780
F00780
F00780
F00780
F00780
F00780
F00780
F00780
F00780
F00780
F00780
F00780
F80F80
7C1F00
7FFF00
3FFE00
0FF800
ENDCHAR
STARTCHAR uni01D8
ENCODING 472
SWIDTH 611 0
DWIDTH 18 0
BBX 14 26 2 0
BITMAP
00E0
01C0
01C0
0380
0000
1C70
1C70
1C70
0000
0000
F03C
F03C
F03C
F03C
F03C
F03C
F03C
F03C
F03C
F03C
F03C
F03C
F87C
FFFC
7FFC
3F3C
ENDCHAR
STARTCHAR uni01D9
ENCODING 473
SWIDTH 722 0
DWIDTH 21 0
BBX 17 32 2 0
BITMAP
0E3800
077000
03E000
01C000
000000
0E3800
0E3800
0E3800
000000
000000
F00780
F00780
F00780
F00780
F00780
F00780
F00780
F00780
F00780
F00780
F00780
F00780
F00780
F00780
F00780
F00780
F00780
F80F80
7C1F00
7FFF00
3FFE00
0FF800
ENDCHAR
STARTCHAR uni01DA
ENCODING 474
SWIDTH 611 0
DWIDTH 18 0
BBX 14 26 2 0
BITMAP
1C70
0EE0
07C0
0380
0000
1C70
1C70
1C70
0000
0000
F03C
F03C
F03C
F03C
F03C
F03C
F03C
F03C
F03C
F03C
F03C
F03C
F87C
FFFC
7FFC
3F3C
ENDCHAR
STARTCHAR uni01DB
ENCODING 475
SWIDTH 722 0
DWIDTH 21 0
BBX 17 32 2 0
BITMAP
070000
038000
038000
01C000
000000
0E3800
0E3800
0E3800
000000
000000
F00780
F00780
F00780
F00780
F00780
F00780
F00780
F00780
F00780
F00780
F00780
F00780
F00780
F00780
F00780
F00780
F00780
F80F80
7C1F00
7FFF00
3FFE00
0FF800
ENDCHAR
STARTCHAR uni01DC
ENCODING 476
SWIDTH 611 0
DWIDTH 18 0
BBX 14 26 2 0
BITMAP
0E00
0700
0700
0380
0000
1C70
1C70
1C70
0000
0000
F03C
F03C
F03C
F03C
F03C
F03C
F03C
F03C
F03C
F03C
F03C
F03C
F87C
FFFC
7FFC
3F3C
ENDCHAR
STARTCHAR uni01DD
ENCODING 477
SWIDTH 556 0
DWIDTH 16 0
BBX 14 16 1 0
BITMAP
0FC0
3FF0
7FF0
7878
F038
003C
003C
FFFC
FFFC
FFFC
F03C
F038
7878
7FF0
3FE0
0FC0
ENDCHAR
STARTCHAR uni01DE
ENCODING 478
SWIDTH 722 0
DWIDTH 21 0
BBX 19 30 1 0
BITMAP
07FC00
07FC00
000000
071C00
071C00
071C00
000000
000000
01F000
01F000
03F800
03F800
03B800
07BC00
07BC00
07BC00
0F1E00
0F1E00
0F1E00
1E0F00
1E0F00
1E0F00
3FFF80
3FFF80
3FFF80
7803C0
7803C0
7803C0
F001E0
F001E0
ENDCHAR
STARTCHAR uni01DF
ENCODING 479
SWIDTH 556 0
DWIDTH 16 0
BBX 14 24 1 0
BITMAP
1FF0
1FF0
0000
1C70
1C70
1C70
0000
0000
1FC0
3FF0
7FF8
7878
F078
0078
07F8
3FF8
7F78
F878
F078
F078
F8F8
FFF8
7FF8
3F7C
ENDCHAR
STARTCHAR uni01E0
ENCODING 480
SWIDTH 722 0
DWIDTH 21 0
BBX 19 29 1 0
BITMAP
07FC00
07FC00
000000
00E000
00E000
00E000
000000
01F000
01F000
03F800
03F800
03B800
07BC00
07BC00
07BC00
0F1E00
0F1E00
0F1E00
1E0F00
1E0F00
1E0F00
3FFF80
3FFF80
3FFF80
7803C0
7803C0
7803C0
F001E0
F001E0
ENDCHAR
STARTCHAR uni01E1
ENCODING 481
SWIDTH 556 0
DWIDTH 16 0
BBX 14 23 1 0
BITMAP
1FF0
1FF0
0000
0380
0380
0380
0000
1FC0
3FF0
7FF8
7878
F078
0078
07F8
3FF8
7F78
F878
F078
F078
F8F8
FFF8
7FF8
3F7C
ENDCHAR
STARTCHAR uni01E2
ENCODING 482
SWIDTH 1000 0
DWIDTH 29 0
BBX 27 25 1 0
BITMAP
003FE000
003FE000
00000000
01FFFFE0
01FFFFE0
03FFFFE0
03CF0000
03CF0000
078F0000
078F0000
078F0000
0F0F0000
0F0FFFC0
1F0FFFC0
1E07FFC0
1E0F0000
3E0F0000
3FFF0000
3FFF0000
7BFF0000
780F0000
780F0000
F80FFFE0
F00FFFE0
F00FFFE0
ENDCHAR
STARTCHAR uni01E3
ENCODING 483
SWIDTH 889 0
DWIDTH 26 0
BBX 24 19 1 0
BITMAP
01FF00
01FF00
000000
1FE7F0
3FFFF8
7FFFFC
787C3E
F07C1E
00F00F
1FFFFF
3FFFFF
7F7FFF
F87800
F07800
F07C1F
F8FE3E
FFDFFC
7F9FF8
3F07E0
ENDCHAR
STARTCHAR uni01E4
ENCODING 484
SWIDTH 778 0
DWIDTH 22 0
BBX 21 22 1 0
BITMAP
01FC00
0FFF00
1FFF80
3F07C0
7C03E0
7801E0
780000
F00000
F00000
F00000
F01FE0
F01FE0
F01FE0
F000C0
F80FF8
780FF8
7C01E0
3E03E0
3F0FE0
1FFFE0
0FFEE0
01F8E0
ENDCHAR
STARTCHAR uni01E5
ENCODING 485
SWIDTH 611 0
DWIDTH 18 0
BBX 17 22 1 -6
BITMAP
0F9E00
3FDE00
7FFE00
7C7E00
783E00
F01E00
F01E00
F01E00
F01E00
F01E00
F01E00
F81E00
7C7E00
7FFE00
3FFE00
0F9E00
001E00
F8FF80
78FF80
7FFF80
3FF800
0FE000
ENDCHAR
STARTCHAR Gcaron
ENCODING 486
SWIDTH 778 0
DWIDTH 22 0
BBX 19 27 1 0
BITMAP
038E00
01DC00
00F800
007000
000000
01FC00
0FFF00
1FFF80
3F07C0
7C03E0
7801E0
780000
F00000
F00000
F00000
F01FE0
F01FE0
F01FE0
F000E0
F801E0
7801E0
7C03E0
3E03E0
3F0FE0
1FFFE0
0FFEE0
01F8E0
ENDCHAR
STARTCHAR gcaron
ENCODING 487
SWIDTH 611 0
DWIDTH 18 0
BBX 15 27 1 -6
BITMAP
1C70
0EE0
07C0
0380
0000
0F9E
3FDE
7FFE
7C7E
783E
F01E
F01E
F01E
F01E
F01E
F01E
F81E
7C7E
7FFE
3FFE
0F9E
001E
F81E
787C
7FFC
3FF8
0FE0
ENDCHAR
STARTCHAR uni01E8
ENCODING 488
SWIDTH 722 0
DWIDTH 21 0
BBX 18 27 2 0
BITMAP
0E3800
077000
03E000
01C000
000000
F00F80
F01F00
F03E00
F07C00
F0F800
F0F800
F1F000
F3E000
F7C000
F7C000
FFE000
FFE000
FDF000
F0F800
E07C00
F07C00
F03E00
F01F00
F01F00
F00F80
F007C0
F007C0
ENDCHAR
STARTCHAR uni01E9
ENCODING 489
SWIDTH 556 0
DWIDTH 16 0
BBX 15 27 1 0
BITMAP
E380
7700
3E00
1C00
0000
7800
7800
7800
7800
7800
7800
783C
7878
78F8
79F0
7BE0
7BC0
7FC0
7FC0
7FE0
79E0
71F0
78F8
7878
787C
783C
783E
ENDCHAR
STARTCHAR uni01EA
ENCODING 490
SWIDTH 778 0
DWIDTH 22 0
BBX 20 28 1 -6
BITMAP
03FC00
0FFF00
1FFF80
3F0FC0
7C03E0
7801E0
7801E0
F000F0
F000F0
F000F0
F000F0
F000F0
F000F0
F000F0
F000F0
7801E0
7801E0
7C03E0
3F0FC0
1FFF80
0FFF00
03FC00
001C00
003800
007000
007000
007000
003E00
ENDCHAR
STARTCHAR uni01EB
ENCODING 491
SWIDTH 611 0
DWIDTH 18 0
BBX 16 22 1 -6
BITMAP
07E0
1FF8
3FFC
7C3E
781E
F00F
F00F
F00F
F00F
F00F
F00F
781E
7C3E
3FFC
1FF8
07E0
00E0
01C0
0380
0380
0380
01F0
ENDCHAR
STARTCHAR uni01EC
ENCODING 492
SWIDTH 778 0
DWIDTH 22 0
BBX 20 31 1 -6
BITMAP
03FE00
03FE00
000000
03FC00
0FFF00
1FFF80
3F0FC0
7C03E0
7801E0
7801E0
F000F0
F000F0
F000F0
F000F0
F000F0
F000F0
F000F0
F000F0
7801E0
7801E0
7C03E0
3F0FC0
1FFF80
0FFF00
03FC00
001C00
003800
007000
007000
007000
003E00
ENDCHAR
STARTCHAR uni01ED
ENCODING 493
SWIDTH 611 0
DWIDTH 18 0
BBX 16 25 1 -6
BITMAP
0FF8
0FF8
0000
07E0
1FF8
3FFC
7C3E
781E
F00F
F00F
F00F
F00F
F00F
F00F
781E
7C3E
3FFC
1FF8
07E0
00E0
01C0
0380
0380
0380
01F0
ENDCHAR
STARTCHAR uni01F0
ENCODING 496
SWIDTH 278 0
DWIDTH 8 0
BBX 9 27 0 -6
BITMAP
E380
7700
3E00
1C00
0000
3C00
3C00
3C00
3C00
3C00
3C00
3C00
3C00
3C00
3C00
3C00
3C00
3C00
3C00
3C00
3C00
3C00
3C00
3C00
FC00
FC00
F800
ENDCHAR
STARTCHAR uni01F4
ENCODING 500
SWIDTH 778 0
DWIDTH 22 0
BBX 19 27 1 0
BITMAP
003800
007000
007000
00E000
000000
01FC00
0FFF00
1FFF80
3F07C0
7C03E0
7801E0
780000
F00000
F00000
F00000
F01FE0
F01FE0
F01FE0
F000E0
F801E0
7801E0
7C03E0
3E03E0
3F0FE0
1FFFE0
0FFEE0
01F8E0
ENDCHAR
STARTCHAR uni01F5
ENCODING 501
SWIDTH 611 0
DWIDTH 18 0
BBX 15 27 1 -6
BITMAP
00E0
01C0
01C0
0380
0000
0F9E
3FDE
7FFE
7C7E
783E
F01E
F01E
F01E
F01E
F01E
F01E
F81E
7C7E
7FFE
3FFE
0F9E
001E
F81E
787C
7FFC
3FF8
0FE0
ENDCHAR
STARTCHAR uni01F8
ENCODING 504
SWIDTH 722 0
DWIDTH 21 0
BBX 17 27 2 0
BITMAP
070000
038000
038000
01C000
000000
F00780
F80780
F80780
F00780
F80780
FC0780
FE0780
F78780
F78780
F3C780
F3C780
F1E780
F1F780
F0F780
F03380
F03F80
F01F80
F01F80
F00780
F00780
F00F80
F00780
ENDCHAR
STARTCHAR uni01F9
ENCODING 505
SWIDTH 611 0
DWIDTH 18 0
BBX 14 21 2 0
BITMAP
0E00
0700
0700
0380
0000
F3F0
FFF8
FFFC
F87C
F03C
F03C
F03C
F03C
F03C
F03C
F03C
F03C
F03C
F03C
F03C
F03C
ENDCHAR
STARTCHAR Aringacute
ENCODING 506
SWIDTH 722 0
DWIDTH 21 0
BBX 19 33 1 0
BITMAP
003800
007000
007000
00E000
000000
00E000
01B000
011000
01B000
00E000
000000
01F000
01F000
03F800
03F800
03B800
07BC00
07BC00
07BC00
0F1E00
0F1E00
0F1E00
1E0F00
1E0F00
1E0F00
3FFF80
3FFF80
3FFF80
7803C0
7803C0
7803C0
F001E0
F001E0
ENDCHAR
STARTCHAR aringacute
ENCODING 507
SWIDTH 556 0
DWIDTH 16 0
BBX 14 27 1 0
BITMAP
00E0
01C0
01C0
0380
0000
0380
06C0
0440
06C0
0380
0000
1FC0
3FF0
7FF8
7878
F078
0078
07F8
3FF8
7F78
F878
F078
F078
F8F8
FFF8
7FF8
3F7C
ENDCHAR
STARTCHAR AEacute
ENCODING 508
SWIDTH 1000 0
DWIDTH 29 0
BBX 27 27 1 0
BITMAP
0001C000
00038000
00038000
00070000
00000000
01FFFFE0
01FFFFE0
03FFFFE0
03CF0000
03CF0000
078F0000
078F0000
078F0000
0F0F0000
0F0FFFC0
1F0FFFC0
1E07FFC0
1E0F0000
3E0F0000
3FFF0000
3FFF0000
7BFF0000
780F0000
780F0000
F80FFFE0
F00FFFE0
F00FFFE0
ENDCHAR
STARTCHAR aeacute
ENCODING 509
SWIDTH 889 0
DWIDTH 26 0
BBX 24 21 1 0
BITMAP
000E00
001C00
001C00
003800
000000
1FE7F0
3FFFF8
7FFFFC
787C3E
F07C1E
00F00F
1FFFFF
3FFFFF
7F7FFF
F87800
F07800
F07C1F
F8FE3E
FFDFFC
7F9FF8
3F07E0
ENDCHAR
STARTCHAR Oslashacute
ENCODING 510
SWIDTH 778 0
DWIDTH 22 0
BBX 20 27 1 0
BITMAP
001C00
003800
003800
007000
000000
03FC30
0FFF60
1FFFC0
3F0FC0
7C03E0
7803E0
7807E0
F00CF0
F018F0
F030F0
F030F0
F060F0
F0C0F0
F180F0
F300F0
7E01E0
7C01E0
7C03E0
3F0FC0
3FFF80
6FFF00
C3FC00
ENDCHAR
STARTCHAR oslashacute
ENCODING 511
SWIDTH 611 0
DWIDTH 18 0
BBX 16 21 1 0
BITMAP
0070
00E0
00E0
01C0
0000
07E3
1FFE
3FFC
7C3E
783E
F06F
F0CF
F18F
F30F
F60F
F60F
7C1E
7C3E
3FFC
7FF8
C7E0
ENDCHAR
STARTCHAR uni0200
ENCODING 512
SWIDTH 722 0
DWIDTH 21 0
BBX 19 27 1 0
BITMAP
0E7000
073800
039C00
018C00
000000
01F000
01F000
03F800
03F800
03B800
07BC00
07BC00
07BC00
0F1E00
0F1E00
0F1E00
1E0F00
1E0F00
1E0F00
3FFF80
3FFF80
3FFF80
7803C0
7803C0
7803C0
F001E0
F001E0
ENDCHAR
STARTCHAR uni0201
ENCODING 513
SWIDTH 556 0
DWIDTH 16 0
BBX 14 21 1 0
BITMAP
7380
39C0
1CE0
0C60
0000
1FC0
3FF0
7FF8
7878
F078
0078
07F8
3FF8
7F78
F878
F078
F078
F8F8
FFF8
7FF8
3F7C
ENDCHAR
STARTCHAR uni0202
ENCODING 514
SWIDTH 722 0
DWIDTH 21 0
BBX 19 27 1 0
BITMAP
00E000
01F000
03F800
031800
000000
01F000
01F000
03F800
03F800
03B800
07BC00
07BC00
07BC00
0F1E00
0F1E00
0F1E00
1E0F00
1E0F00
1E0F00
3FFF80
3FFF80
3FFF80
7803C0
7803C0
7803C0
F001E0
F001E0
ENDCHAR
STARTCHAR uni0203
ENCODING 515
SWIDTH 556 0
DWIDTH 16 0
BBX 14 21 1 0
BITMAP
0380
07C0
0FE0
0C60
0000
1FC0
3FF0
7FF8
7878
F078
0078
07F8
3FF8
7F78
F878
F078
F078
F8F8
FFF8
7FF8
3F7C
ENDCHAR
STARTCHAR uni0204
ENCODING 516
SWIDTH 667 0
DWIDTH 19 0
BBX 16 27 2 0
BITMAP
7380
39C0
1CE0
0C60
0000
FFFE
FFFE
FFFE
F000
F000
F000
F000
F000
F000
FFFE
FFFE
FFFE
F000
F000
F000
F000
F000
F000
F000
FFFF
FFFF
FFFF
ENDCHAR
STARTCHAR uni0205
ENCODING 517
SWIDTH 556 0
DWIDTH 16 0
BBX 14 21 1 0
BITMAP
39C0
1CE0
0E70
0630
0000
0FC0
1FF0
3FF8
7878
703C
F03C
FFFC
FFFC
FFFC
F000
F000
703C
7878
3FF8
3FF0
0FC0
ENDCHAR
STARTCHAR uni0206
ENCODING 518
SWIDTH 667 0
DWIDTH 19 0
BBX 16 27 2 0
BITMAP
0380
07C0
0FE0
0C60
0000
FFFE
FFFE
FFFE
F000
F000
F000
F000
F000
F000
FFFE
FFFE
FFFE
F000
F000
F000
F000
F000
F000
F000
FFFF
FFFF
FFFF
ENDCHAR
STARTCHAR uni0207
ENCODING 519
SWIDTH 556 0
DWIDTH 16 0
BBX 14 21 1 0
BITMAP
0380
07C0
0FE0
0C60
0000
0FC0
1FF0
3FF8
7878
703C
F03C
FFFC
FFFC
FFFC
F000
F000
703C
7878
3FF8
3FF0
0FC0
ENDCHAR
STARTCHAR uni0208
ENCODING 520
SWIDTH 278 0
DWIDTH 8 0
BBX 10 27 -1 0
BITMAP
E700
7380
39C0
18C0
0000
1E00
1E00
1E00
1E00
1E00
1E00
1E00
1E00
1E00
1E00
1E00
1E00
1E00
1E00
1E00
1E00
1E00
1E00
1E00
1E00
1E00
1E00
ENDCHAR
STARTCHAR uni0209
ENCODING 521
SWIDTH 278 0
DWIDTH 8 0
BBX 10 21 -1 0
BITMAP
E700
7380
39C0
18C0
0000
1E00
1E00
1E00
1E00
1E00
1E00
1E00
1E00
1E00
1E00
1E00
1E00
1E00
1E00
1E00
1E00
ENDCHAR
STARTCHAR uni020A
ENCODING 522
SWIDTH 278 0
DWIDTH 8 0
BBX 7 27 1 0
BITMAP
38
7C
FE
C6
00
78
78
78
78
78
78
78
78
78
78
78
78
78
78
78
78
78
78
78
78
78
78
ENDCHAR
STARTCHAR uni020B
ENCODING 523
SWIDTH 278 0
DWIDTH 8 0
BBX 7 21 1 0
BITMAP
38
7C
FE
C6
00
78
78
78
78
78
78
78
78
78
78
78
78
78
78
78
78
ENDCHAR
STARTCHAR uni020C
ENCODING 524
SWIDTH 778 0
DWIDTH 22 0
BBX 20 27 1 0
BITMAP
0E7000
073800
039C00
018C00
000000
03FC00
0FFF00
1FFF80
3F0FC0
7C03E0
7801E0
7801E0
F000F0
F000F0
F000F0
F000F0
F000F0
F000F0
F000F0
F000F0
7801E0
7801E0
7C03E0
3F0FC0
1FFF80
0FFF00
03FC00
ENDCHAR
STARTCHAR uni020D
ENCODING 525
SWIDTH 611 0
DWIDTH 18 0
BBX 16 21 1 0
BITMAP
39C0
1CE0
0E70
0630
0000
07E0
1FF8
3FFC
7C3E
781E
F00F
F00F
F00F
F00F
F00F
F00F
781E
7C3E
3FFC
1FF8
07E0
ENDCHAR
STARTCHAR uni020E
ENCODING 526
SWIDTH 778 0
DWIDTH 22 0
BBX 20 27 1 0
BITMAP
007000
00F800
01FC00
018C00
000000
03FC00
0FFF00
1FFF80
3F0FC0
7C03E0
7801E0
7801E0
F000F0
F000F0
F000F0
F000F0
F000F0
F000F0
F000F0
F000F0
7801E0
7801E0
7C03E0
3F0FC0
1FFF80
0FFF00
03FC00
ENDCHAR
STARTCHAR uni020F
ENCODING 527
SWIDTH 611 0
DWIDTH 18 0
BBX 16 21 1 0
BITMAP
01C0
03E0
07F0
0630
0000
07E0
1FF8
3FFC
7C3E
781E
F00F
F00F
F00F
F00F
F00F
F00F
781E
7C3E
3FFC
1FF8
07E0
ENDCHAR
STARTCHAR uni0210
ENCODING 528
SWIDTH 722 0
DWIDTH 21 0
BBX 18 27 2 0
BITMAP
1CE000
0E7000
073800
031800
000000
FFFC00
FFFF00
FFFF80
F00F80
F00780
F00780
F00780
F00780
F00F80
FFFF00
FFFE00
FFFE00
F01F00
F00F00
F00780
F00780
F00780
F00780
F00780
F00780
F00780
F007C0
ENDCHAR
STARTCHAR uni0211
ENCODING 529
SWIDTH 389 0
DWIDTH 11 0
BBX 10 21 1 0
BITMAP
E700
7380
39C0
18C0
0000
79C0
7BC0
7FC0
7FC0
7C00
7800
7800
7800
7800
7800
7800
7800
7800
7800
7800
7800
ENDCHAR
STARTCHAR uni0212
ENCODING 530
SWIDTH 722 0
DWIDTH 21 0
BBX 18 27 2 0
BITMAP
01C000
03E000
07F000
063000
000000
FFFC00
FFFF00
FFFF80
F00F80
F00780
F00780
F00780
F00780
F00F80
FFFF00
FFFE00
FFFE00
F01F00
F00F00
F00780
F00780
F00780
F00780
F00780
F00780
F00780
F007C0
ENDCHAR
STARTCHAR uni0213
ENCODING 531
SWIDTH 389 0
DWIDTH 11 0
BBX 9 21 2 0
BITMAP
1C00
3E00
7F00
6300
0000
F380
F780
FF80
FF80
F800
F000
F000
F000
F000
F000
F000
F000
F000
F000
F000
F000
ENDCHAR
STARTCHAR uni0214
ENCODING 532
SWIDTH 722 0
DWIDTH 21 0
BBX 17 27 2 0
BITMAP
1CE000
0E7000
073800
031800
000000
F00780
F00780
F00780
F00780
F00780
F00780
F00780
F00780
F00780
F00780
F00780
F00780
F00780
F00780
F00780
F00780
F00780
F80F80
7C1F00
7FFF00
3FFE00
0FF800
ENDCHAR
STARTCHAR uni0215
ENCODING 533
SWIDTH 611 0
DWIDTH 18 0
BBX 14 21 2 0
BITMAP
7380
39C0
1CE0
0C60
0000
F03C
F03C
F03C
F03C
F03C
F03C
F03C
F03C
F03C
F03C
F03C
F03C
F87C
FFFC
7FFC
3F3C
ENDCHAR
STARTCHAR uni0216
ENCODING 534
SWIDTH 722 0
DWIDTH 21 0
BBX 17 27 2 0
BITMAP
01C000
03E000
07F000
063000
000000
F00780
F00780
F00780
F00780
F00780
F00780
F00780
F00780
F00780
F00780
F00780
F00780
F00780
F00780
F00780
F00780
F00780
F80F80
7C1F00
7FFF00
3FFE00
0FF800
ENDCHAR
STARTCHAR uni0217
ENCODING 535
SWIDTH 611 0
DWIDTH 18 0
BBX 14 21 2 0
BITMAP
0380
07C0
0FE0
0C60
0000
F03C
F03C
F03C
F03C
F03C
F03C
F03C
F03C
F03C
F03C
F03C
F03C
F87C
FFFC
7FFC
3F3C
ENDCHAR
STARTCHAR Scommaaccent
ENCODING 536
SWIDTH 667 0
DWIDTH 19 0
BBX 17 32 1 -10
BITMAP
0FF000
3FFC00
7FFE00
F83F00
F00F00
F00F00
F00000
F80000
FFC000
7FFC00
3FFE00
07FF00
007F80
000F80
000780
F00780
F00780
F80F80
FC1F00
7FFF00
3FFE00
0FF000
000000
01E000
01E000
01E000
01E000
006000
006000
00E000
01C000
018000
ENDCHAR
STARTCHAR scommaaccent
ENCODING 537
SWIDTH 556 0
DWIDTH 16 0
BBX 14 26 1 -10
BITMAP
1FE0
7FF0
7878
F07C
F800
FE00
7FC0
3FF0
0FF8
03FC
007C
F03C
F03C
FFFC
7FF8
1FF0
0000
0780
0780
0780
0780
0180
0180
0380
0700
0600
ENDCHAR
STARTCHAR Tcommaaccent
ENCODING 538
SWIDTH 611 0
DWIDTH 18 0
BBX 18 32 0 -10
BITMAP
FFFFC0
FFFFC0
FFFFC0
01E000
01E000
01E000
01E000
01E000
01E000
01E000
01E000
01E000
01E000
01E000
01E000
01E000
01E000
01E000
01E000
01E000
01E000
01E000
000000
01E000
01E000
01E000
01E000
006000
006000
00E000
01C000
018000
ENDCHAR
STARTCHAR tcommaaccent
ENCODING 539
SWIDTH 333 0
DWIDTH 9 0
BBX 8 31 0 -10
BITMAP
3C
3C
3C
3C
3C
FF
FF
3C
3C
3C
3C
3C
3C
3C
3C
3C
3C
3C
3E
3F
1F
00
1E
1E
1E
1E
06
06
0E
1C
18
ENDCHAR
STARTCHAR uni021E
ENCODING 542
SWIDTH 722 0
DWIDTH 21 0
BBX 17 27 2 0
BITMAP
0E3800
077000
03E000
01C000
000000
F00780
F00780
F00780
F00780
F00780
F00780
F00780
F00780
FFFF80
FFFF80
FFFF80
F00780
F00780
F00780
F00780
F00780
F00780
F00780
F00780
F00780
F00780
F00780
ENDCHAR
STARTCHAR uni021F
ENCODING 543
SWIDTH 611 0
DWIDTH 18 0
BBX 15 27 1 0
BITMAP
E380
7700
3E00
1C00
0000
7800
7800
7800
7800
7800
7800
79F8
7FFC
7FFE
7C3E
781E
781E
781E
781E
781E
781E
781E
781E
781E
781E
781E
781E
ENDCHAR
STARTCHAR uni0226
ENCODING 550
SWIDTH 722 0
DWIDTH 21 0
BBX 19 26 1 0
BITMAP
00E000
00E000
00E000
000000
01F000
01F000
03F800
03F800
03B800
07BC00
07BC00
07BC00
0F1E00
0F1E00
0F1E00
1E0F00
1E0F00
1E0F00
3FFF80
3FFF80
3FFF80
7803C0
7803C0
7803C0
F001E0
F001E0
ENDCHAR
STARTCHAR uni0227
ENCODING 551
SWIDTH 556 0
DWIDTH 16 0
BBX 14 20 1 0
BITMAP
0380
0380
0380
0000
1FC0
3FF0
7FF8
7878
F078
0078
07F8
3FF8
7F78
F878
F078
F078
F8F8
FFF8
7FF8
3F7C
ENDCHAR
STARTCHAR uni0228
ENCODING 552
SWIDTH 667 0
DWIDTH 19 0
BBX 16 28 2 -6
BITMAP
FFFE
FFFE
FFFE
F000
F000
F000
F000
F000
F000
FFFE
FFFE
FFFE
F000
F000
F000
F000
F000
F000
F000
FFFF
FFFF
FFFF
0300
03C0
00E0
00E0
08E0
0FC0
ENDCHAR
STARTCHAR uni0229
ENCODING 553
SWIDTH 556 0
DWIDTH 16 0
BBX 14 22 1 -6
BITMAP
0FC0
1FF0
3FF8
7878
703C
F03C
FFFC
FFFC
FFFC
F000
F000
703C
7878
3FF8
3FF0
0FC0
0300
03C0
00E0
00E0
08E0
0FC0
ENDCHAR
STARTCHAR uni022A
ENCODING 554
SWIDTH 778 0
DWIDTH 22 0
BBX 20 30 1 0
BITMAP
03FE00
03FE00
000000
038E00
038E00
038E00
000000
000000
03FC00
0FFF00
1FFF80
3F0FC0
7C03E0
7801E0
7801E0
F000F0
F000F0
F000F0
F000F0
F000F0
F000F0
F000F0
F000F0
7801E0
7801E0
7C03E0
3F0FC0
1FFF80
0FFF00
03FC00
ENDCHAR
STARTCHAR uni022B
ENCODING 555
SWIDTH 611 0
DWIDTH 18 0
BBX 16 24 1 0
BITMAP
0FF8
0FF8
0000
0E38
0E38
0E38
0000
0000
07E0
1FF8
3FFC
7C3E
781E
F00F
F00F
F00F
F00F
F00F
F00F
781E
7C3E
3FFC
1FF8
07E0
ENDCHAR
STARTCHAR uni022C
ENCODING 556
SWIDTH 778 0
DWIDTH 22 0
BBX 20 30 1 0
BITMAP
03FE00
03FE00
000000
01C600
03FE00
07FC00
063800
000000
03FC00
0FFF00
1FFF80
3F0FC0
7C03E0
7801E0
7801E0
F000F0
F000F0
F000F0
F000F0
F000F0
F000F0
F000F0
F000F0
7801E0
7801E0
7C03E0
3F0FC0
1FFF80
0FFF00
03FC00
ENDCHAR
STARTCHAR uni022D
ENCODING 557
SWIDTH 611 0
DWIDTH 18 0
BBX 16 24 1 0
BITMAP
0FF8
0FF8
0000
0718
0FF8
1FF0
18E0
0000
07E0
1FF8
3FFC
7C3E
781E
F00F
F00F
F00F
F00F
F00F
F00F
781E
7C3E
3FFC
1FF8
07E0
ENDCHAR
STARTCHAR uni022E
ENCODING 558
SWIDTH 778 0
DWIDTH 22 0
BBX 20 26 1 0
BITMAP
007000
007000
007000
000000
03FC00
0FFF00
1FFF80
3F0FC0
7C03E0
7801E0
7801E0
F000F0
F000F0
F000F0
F000F0
F000F0
F000F0
F000F0
F000F0
7801E0
7801E0
7C03E0
3F0FC0
1FFF80
0FFF00
03FC00
ENDCHAR
STARTCHAR uni022F
ENCODING 559
SWIDTH 611 0
DWIDTH 18 0
BBX 16 20 1 0
BITMAP
01C0
01C0
01C0
0000
07E0
1FF8
3FFC
7C3E
781E
F00F
F00F
F00F
F00F
F00F
F00F
781E
7C3E
3FFC
1FF8
07E0
ENDCHAR
STARTCHAR uni0230
ENCODING 560
SWIDTH 778 0
DWIDTH 22 0
BBX 20 29 1 0
BITMAP
03FE00
03FE00
000000
007000
007000
007000
000000
03FC00
0FFF00
1FFF80
3F0FC0
7C03E0
7801E0
7801E0
F000F0
F000F0
F000F0
F000F0
F000F0
F000F0
F000F0
F000F0
7801E0
7801E0
7C03E0
3F0FC0
1FFF80
0FFF00
03FC00
ENDCHAR
STARTCHAR uni0231
ENCODING 561
SWIDTH 611 0
DWIDTH 18 0
BBX 16 23 1 0
BITMAP
0FF8
0FF8
0000
01C0
01C0
01C0
0000
07E0
1FF8
3FFC
7C3E
781E
F00F
F00F
F00F
F00F
F00F
F00F
781E
7C3E
3FFC
1FF8
07E0
ENDCHAR
STARTCHAR uni0232
ENCODING 562
SWIDTH 667 0
DWIDTH 19 0
BBX 18 25 1 0
BITMAP
07FC00
07FC00
000000
F807C0
7C0F80
7C0F80
3E1F00
3E1F00
1F3E00
1F3E00
0F3C00
0F7C00
077800
07F800
03F000
03F000
01E000
01E000
01E000
01E000
01E000
01E000
01E000
01E000
01E000
ENDCHAR
STARTCHAR uni0233
ENCODING 563
SWIDTH 556 0
DWIDTH 16 0
BBX 14 25 1 -6
BITMAP
1FF0
1FF0
0000
F03C
F03C
F03C
7878
7878
7878
3CF0
3CF0
3CF0
1EE0
0FE0
0FE0
07C0
07C0
03C0
0780
0780
0F00
0F00
3F00
7E00
7C00
ENDCHAR
STARTCHAR uni0250
ENCODING 592
SWIDTH 556 0
DWIDTH 16 0
BBX 14 16 1 0
BITMAP
FBF0
7FF8
7FFC
7C7C
783C
783C
787C
7BF8
7FF0
7F80
7800
783C
7878
7FF8
3FF0
0FE0
ENDCHAR
STARTCHAR uni0254
ENCODING 596
SWIDTH 556 0
DWIDTH 16 0
BBX 14 16 1 0
BITMAP
1FC0
3FF0
7FF8
F878
F03C
003C
003C
003C
003C
003C
F03C
F078
F8F8
7FF0
3FE0
0FC0
ENDCHAR
STARTCHAR uni0258
ENCODING 600
SWIDTH 556 0
DWIDTH 16 0
BBX 14 16 1 0
BITMAP
0FC0
3FE0
7FF0
7878
F038
F03C
FFFC
FFFC
FFFC
003C
003C
F038
7878
7FF0
3FF0
0FC0
ENDCHAR
STARTCHAR uni0259
ENCODING 601
SWIDTH 556 0
DWIDTH 16 0
BBX 14 16 1 0
BITMAP
0FC0
3FF0
7FF0
7878
F038
003C
003C
FFFC
FFFC
FFFC
F03C
F038
7878
7FF0
3FE0
0FC0
ENDCHAR
STARTCHAR uni025F
ENCODING 607
SWIDTH 333 0
DWIDTH 9 0
BBX 9 22 0 -6
BITMAP
1E00
1E00
1E00
1E00
1E00
1E00
1E00
1E00
1E00
1E00
1E00
1E00
1E00
1E00
FF80
FF80
1E00
1E00
3E00
FE00
FC00
F800
ENDCHAR
STARTCHAR uni0265
ENCODING 613
SWIDTH 611 0
DWIDTH 18 0
BBX 14 22 2 -6
BITMAP
F03C
F03C
F03C
F03C
F03C
F03C
F03C
F03C
F03C
F03C
F03C
F03C
F87C
FFFC
7FFC
3F3C
003C
003C
003C
003C
003C
003C
ENDCHAR
STARTCHAR uni0275
ENCODING 629
SWIDTH 611 0
DWIDTH 18 0
BBX 16 16 1 0
BITMAP
07E0
1FF8
3FFC
7C3E
781E
F00F
F00F
FFFF
F00F
F00F
F00F
781E
7C3E
3FFC
1FF8
07E0
ENDCHAR
STARTCHAR uni0279
ENCODING 633
SWIDTH 389 0
DWIDTH 11 0
BBX 9 16 2 0
BITMAP
0780
0780
0780
0780
0780
0780
0780
0780
0780
0780
0780
0F80
FF80
FF80
F780
E780
ENDCHAR
STARTCHAR uni0287
ENCODING 647
SWIDTH 333 0
DWIDTH 9 0
BBX 8 21 0 -5
BITMAP
F8
FC
7C
3C
3C
3C
3C
3C
3C
3C
3C
3C
3C
3C
FF
FF
3C
3C
3C
3C
3C
ENDCHAR
STARTCHAR uni0288
ENCODING 648
SWIDTH 333 0
DWIDTH 9 0
BBX 8 27 0 -6
BITMAP
3C
3C
3C
3C
3C
FF
FF
3C
3C
3C
3C
3C
3C
3C
3C
3C
3C
3C
3E
3F
1F
3C
3C
3C
3F
3F
1F
ENDCHAR
STARTCHAR uni0289
ENCODING 649
SWIDTH 611 0
DWIDTH 18 0
BBX 14 16 2 0
BITMAP
F03C
F03C
F03C
F03C
F03C
F03C
F03C
FFFC
F03C
F03C
F03C
F03C
F87C
FFFC
7FFC
3F3C
ENDCHAR
STARTCHAR uni028C
ENCODING 652
SWIDTH 556 0
DWIDTH 16 0
BBX 14 16 1 0
BITMAP
0780
0FC0
0FC0
0FC0
1FE0
1EE0
1EE0
3CF0
3CF0
3CF0
7878
7878
7878
F03C
F03C
F03C
ENDCHAR
STARTCHAR uni028D
ENCODING 653
SWIDTH 778 0
DWIDTH 22 0
BBX 22 16 0 0
BITMAP
0F87C0
0F87C0
0F87C0
1F87E0
1F87E0
1D83E0
3DCEF0
3DCEF0
3DCEF0
3DCEF0
78FC78
78FC78
78FC78
F0FC3C
F0783C
F0783C
ENDCHAR
STARTCHAR uni028E
ENCODING 654
SWIDTH 556 0
DWIDTH 16 0
BBX 14 22 1 0
BITMAP
00F8
01F8
03F0
03C0
03C0
0780
0780
0F00
0F80
0F80
1FC0
1FC0
1DE0
3CF0
3CF0
3CF0
7878
7878
7878
F03C
F03C
F03C
ENDCHAR
STARTCHAR uni029E
ENCODING 670
SWIDTH 556 0
DWIDTH 16 0
BBX 14 22 2 -6
BITMAP
F83C
783C
7C3C
3C3C
3E3C
1F3C
0F3C
0F7C
07FC
07FC
07BC
0FBC
1F3C
3E3C
3C3C
783C
003C
003C
003C
003C
003C
003C
ENDCHAR
STARTCHAR uni02BB
ENCODING 699
SWIDTH 278 0
DWIDTH 8 0
BBX 4 7 2 15
BITMAP
30
60
C0
F0
F0
F0
F0
ENDCHAR
STARTCHAR afii57929
ENCODING 700
SWIDTH 278 0
DWIDTH 8 0
BBX 4 7 2 15
BITMAP
F0
F0
F0
F0
30
60
C0
ENDCHAR
STARTCHAR afii64937
ENCODING 701
SWIDTH 278 0
DWIDTH 8 0
BBX 4 7 2 15
BITMAP
F0
F0
F0
F0
C0
60
30
ENDCHAR
STARTCHAR circumflex
ENCODING 710
SWIDTH 333 0
DWIDTH 9 0
BBX 9 4 0 18
BITMAP
1C00
3600
6300
C180
ENDCHAR
STARTCHAR caron
ENCODING 711
SWIDTH 333 0
DWIDTH 9 0
BBX 9 4 0 18
BITMAP
E380
7700
3E00
1C00
ENDCHAR
STARTCHAR uni02C8
ENCODING 712
SWIDTH 238 0
DWIDTH 7 0
BBX 4 7 1 15
BITMAP
F0
F0
F0
F0
F0
60
60
ENDCHAR
STARTCHAR macron
ENCODING 713
SWIDTH 333 0
DWIDTH 9 0
BBX 9 2 0 20
BITMAP
FF80
FF80
ENDCHAR
STARTCHAR uni02CA
ENCODING 714
SWIDTH 333 0
DWIDTH 9 0
BBX 5 4 3 18
BITMAP
38
70
70
E0
ENDCHAR
STARTCHAR uni02CB
ENCODING 715
SWIDTH 333 0
DWIDTH 9 0
BBX 5 4 1 18
BITMAP
E0
70
70
38
ENDCHAR
STARTCHAR uni02CD
ENCODING 717
SWIDTH 333 0
DWIDTH 9 0
BBX 9 2 0 -3
BITMAP
FF80
FF80
ENDCHAR
STARTCHAR uni02CE
ENCODING 718
SWIDTH 333 0
DWIDTH 9 0
BBX 5 4 1 -5
BITMAP
E0
70
70
38
ENDCHAR
STARTCHAR uni02CF
ENCODING 719
SWIDTH 333 0
DWIDTH 9 0
BBX 5 4 3 -5
BITMAP
38
70
70
E0
ENDCHAR
STARTCHAR breve
ENCODING 728
SWIDTH 333 0
DWIDTH 9 0
BBX 7 4 1 18
BITMAP
C6
FE
7C
38
ENDCHAR
STARTCHAR dotaccent
ENCODING 729
SWIDTH 333 0
DWIDTH 9 0
BBX 3 3 3 19
BITMAP
E0
E0
E0
ENDCHAR
STARTCHAR ring
ENCODING 730
SWIDTH 333 0
DWIDTH 9 0
BBX 5 5 2 17
BITMAP
70
D8
88
D8
70
ENDCHAR
STARTCHAR ogonek
ENCODING 731
SWIDTH 333 0
DWIDTH 9 0
BBX 6 6 1 -6
BITMAP
38
70
E0
E0
E0
7C
ENDCHAR
STARTCHAR tilde
ENCODING 732
SWIDTH 333 0
DWIDTH 9 0
BBX 10 4 -1 18
BITMAP
38C0
7FC0
FF80
C700
ENDCHAR
STARTCHAR hungarumlaut
ENCODING 733
SWIDTH 333 0
DWIDTH 9 0
BBX 10 4 -1 18
BITMAP
39C0
7380
E700
C600
ENDCHAR
STARTCHAR uni02EE
ENCODING 750
SWIDTH 500 0
DWIDTH 14 0
BBX 11 7 2 15
BITMAP
F1E0
F1E0
F1E0
F1E0
3060
60C0
C180
ENDCHAR
STARTCHAR uni037E
ENCODING 894
SWIDTH 333 0
DWIDTH 9 0
BBX 4 21 3 -5
BITMAP
F0
F0
F0
F0
00
00
00
00
00
00
00
00
F0
F0
F0
F0
30
30
70
E0
C0
ENDCHAR
STARTCHAR tonos
ENCODING 900
SWIDTH 333 0
DWIDTH 9 0
BBX 5 4 3 18
BITMAP
38
70
70
E0
ENDCHAR
STARTCHAR dieresistonos
ENCODING 901
SWIDTH 333 0
DWIDTH 9 0
BBX 9 8 0 19
BITMAP
0700
0E00
0E00
1C00
0000
E380
E380
E380
ENDCHAR
STARTCHAR anoteleia
ENCODING 903
SWIDTH 278 0
DWIDTH 8 0
BBX 4 3 2 7
BITMAP
F0
F0
F0
ENDCHAR
STARTCHAR mu
ENCODING 956
SWIDTH 611 0
DWIDTH 18 0
BBX 14 22 2 -6
BITMAP
F03C
F03C
F03C
F03C
F03C
F03C
F03C
F03C
F03C
F03C
F03C
F03C
F07C
FFFC
FFFC
FF3C
F000
F000
F000
F000
F000
F000
ENDCHAR
STARTCHAR uni1E00
ENCODING 7680
SWIDTH 722 0
DWIDTH 21 0
BBX 19 28 1 -6
BITMAP
01F000
01F000
03F800
03F800
03B800
07BC00
07BC00
07BC00
0F1E00
0F1E00
0F1E00
1E0F00
1E0F00
1E0F00
3FFF80
3FFF80
3FFF80
7803C0
7803C0
7803C0
F001E0
F001E0
000000
00E000
01B000
011000
01B000
00E000
ENDCHAR
STARTCHAR uni1E01
ENCODING 7681
SWIDTH 556 0
DWIDTH 16 0
BBX 14 22 1 -6
BITMAP
1FC0
3FF0
7FF8
7878
F078
0078
07F8
3FF8
7F78
F878
F078
F078
F8F8
FFF8
7FF8
3F7C
0000
0380
06C0
0440
06C0
0380
ENDCHAR
STARTCHAR uni1E02
ENCODING 7682
SWIDTH 722 0
DWIDTH 21 0
BBX 16 26 3 0
BITMAP
0380
0380
0380
0000
FFF0
FFFC
FFFE
F01F
F00F
F00F
F00F
F00F
F01E
FFFC
FFF8
FFFE
F01E
F00F
F00F
F00F
F00F
F00F
F01F
FFFE
FFFC
FFF8
ENDCHAR
STARTCHAR uni1E03
ENCODING 7683
SWIDTH 611 0
DWIDTH 18 0
BBX 15 26 2 0
BITMAP
1C00
1C00
1C00
0000
F000
F000
F000
F000
F000
F000
F7E0
F7F8
FFFC
FC7C
F83C
F01E
F01E
F01E
F01E
F01E
E01E
F83C
FC7C
FFF8
FFF0
F7E0
ENDCHAR
STARTCHAR uni1E04
ENCODING 7684
SWIDTH 722 0
DWIDTH 21 0
BBX 16 26 3 -4
BITMAP
FFF0
FFFC
FFFE
F01F
F00F
F00F
F00F
F00F
F01E
FFFC
FFF8
FFFE
F01E
F00F
F00F
F00F
F00F
F00F
F01F
FFFE
FFFC
FFF8
0000
0380
0380
0380
ENDCHAR
STARTCHAR uni1E05
ENCODING 7685
SWIDTH 611 0
DWIDTH 18 0
BBX 15 26 2 -4
BITMAP
F000
F000
F000
F000
F000
F000
F7E0
F7F8
FFFC
FC7C
F83C
F01E
F01E
F01E
F01E
F01E
E01E
F83C
FC7C
FFF8
FFF0
F7E0
0000
0700
0700
0700
ENDCHAR
STARTCHAR uni1E06
ENCODING 7686
SWIDTH 722 0
DWIDTH 21 0
BBX 16 25 3 -3
BITMAP
FFF0
FFFC
FFFE
F01F
F00F
F00F
F00F
F00F
F01E
FFFC
FFF8
FFFE
F01E
F00F
F00F
F00F
F00F
F00F
F01F
FFFE
FFFC
FFF8
0000
1FF0
1FF0
ENDCHAR
STARTCHAR uni1E07
ENCODING 7687
SWIDTH 611 0
DWIDTH 18 0
BBX 15 25 2 -3
BITMAP
F000
F000
F000
F000
F000
F000
F7E0
F7F8
FFFC
FC7C
F83C
F01E
F01E
F01E
F01E
F01E
E01E
F83C
FC7C
FFF8
FFF0
F7E0
0000
3FE0
3FE0
ENDCHAR
STARTCHAR uni1E08
ENCODING 7688
SWIDTH 722 0
DWIDTH 21 0
BBX 18 33 1 -6
BITMAP
001C00
003800
003800
007000
000000
03F800
0FFF00
1FFF80
3E0F80
7C07C0
7803C0
7803C0
F00000
F00000
F00000
F00000
F00000
F00000
F00000
F003C0
7803C0
7807C0
7C07C0
3E0F80
1FFF00
0FFE00
03F800
00C000
00F000
003800
003800
023800
03F000
ENDCHAR
STARTCHAR uni1E09
ENCODING 7689
SWIDTH 556 0
DWIDTH 16 0
BBX 14 27 1 -6
BITMAP
00E0
01C0
01C0
0380
0000
0FE0
3FF0
7FF8
787C
F03C
F000
F000
F000
F000
F000
F03C
783C
7C7C
3FF8
1FF0
0FC0
0300
03C0
00E0
00E0
08E0
0FC0
ENDCHAR
STARTCHAR uni1E0A
ENCODING 7690
SWIDTH 722 0
DWIDTH 21 0
BBX 18 26 2 0
BITMAP
01C000
01C000
01C000
000000
FFF800
FFFE00
FFFF00
F01F00
F00F80
F00780
F00780
F003C0
F003C0
F003C0
F003C0
F003C0
F003C0
F003C0
F003C0
F007C0
F00780
F00F80
F01F80
FFFF00
FFFE00
FFF800
ENDCHAR
STARTCHAR uni1E0B
ENCODING 7691
SWIDTH 611 0
DWIDTH 18 0
BBX 15 26 1 0
BITMAP
0038
0038
0038
0000
001E
001E
001E
001E
001E
001E
0FDE
1FDE
3FFE
7C7E
783E
F01E
F01E
F01E
F01E
F01E
F01E
783E
7C7E
7FFE
3FDE
1FDE
ENDCHAR
STARTCHAR uni1E0C
ENCODING 7692
SWIDTH 722 0
DWIDTH 21 0
BBX 18 26 2 -4
BITMAP
FFF800
FFFE00
FFFF00
F01F00
F00F80
F00780
F00780
F003C0
F003C0
F003C0
F003C0
F003C0
F003C0
F003C0
F003C0
F007C0
F00780
F00F80
F01F80
FFFF00
FFFE00
FFF800
000000
01C000
01C000
01C000
ENDCHAR
STARTCHAR uni1E0D
ENCODING 7693
SWIDTH 611 0
DWIDTH 18 0
BBX 15 26 1 -4
BITMAP
001E
001E
001E
001E
001E
001E
0FDE
1FDE
3FFE
7C7E
783E
F01E
F01E
F01E
F01E
F01E
F01E
783E
7C7E
7FFE
3FDE
1FDE
0000
01C0
01C0
01C0
ENDCHAR
STARTCHAR uni1E0E
ENCODING 7694
SWIDTH 722 0
DWIDTH 21 0
BBX 18 25 2 -3
BITMAP
FFF800
FFFE00
FFFF00
F01F00
F00F80
F00780
F00780
F003C0
F003C0
F003C0
F003C0
F003C0
F003C0
F003C0
F003C0
F007C0
F00780
F00F80
F01F80
FFFF00
FFFE00
FFF800
000000
0FF800
0FF800
ENDCHAR
STARTCHAR uni1E0F
ENCODING 7695
SWIDTH 611 0
DWIDTH 18 0
BBX 15 25 1 -3
BITMAP
001E
001E
001E
001E
001E
001E
0FDE
1FDE
3FFE
7C7E
783E
F01E
F01E
F01E
F01E
F01E
F01E
783E
7C7E
7FFE
3FDE
1FDE
0000
0FF8
0FF8
ENDCHAR
STARTCHAR uni1E10
ENCODING 7696
SWIDTH 722 0
DWIDTH 21 0
BBX 18 28 2 -6
BITMAP
FFF800
FFFE00
FFFF00
F01F00
F00F80
F00780
F00780
F003C0
F003C0
F003C0
F003C0
F003C0
F003C0
F003C0
F003C0
F007C0
F00780
F00F80
F01F80
FFFF00
FFFE00
FFF800
018000
01E000
007000
007000
047000
07E000
ENDCHAR
STARTCHAR uni1E11
ENCODING 7697
SWIDTH 611 0
DWIDTH 18 0
BBX 15 28 1 -6
BITMAP
001E
001E
001E
001E
001E
001E
0FDE
1FDE
3FFE
7C7E
783E
F01E
F01E
F01E
F01E
F01E
F01E
783E
7C7E
7FFE
3FDE
1FDE
0180
01E0
0070
0070
0470
07E0
ENDCHAR
STARTCHAR uni1E12
ENCODING 7698
SWIDTH 722 0
DWIDTH 21 0
BBX 18 27 2 -5
BITMAP
FFF800
FFFE00
FFFF00
F01F00
F00F80
F00780
F00780
F003C0
F003C0
F003C0
F003C0
F003C0
F003C0
F003C0
F003C0
F007C0
F00780
F00F80
F01F80
FFFF00
FFFE00
FFF800
000000
01C000
036000
063000
0C1800
ENDCHAR
STARTCHAR uni1E13
ENCODING 7699
SWIDTH 611 0
DWIDTH 18 0
BBX 15 27 1 -5
BITMAP
001E
001E
001E
001E
001E
001E
0FDE
1FDE
3FFE
7C7E
783E
F01E
F01E
F01E
F01E
F01E
F01E
783E
7C7E
7FFE
3FDE
1FDE
0000
01C0
0360
0630
0C18
ENDCHAR
STARTCHAR uni1E14
ENCODING 7700
SWIDTH 667 0
DWIDTH 19 0
BBX 16 30 2 0
BITMAP
0E00
0700
0700
0380
0000
1FF0
1FF0
0000
FFFE
FFFE
FFFE
F000
F000
F000
F000
F000
F000
FFFE
FFFE
FFFE
F000
F000
F000
F000
F000
F000
F000
FFFF
FFFF
FFFF
ENDCHAR
STARTCHAR uni1E15
ENCODING 7701
SWIDTH 556 0
DWIDTH 16 0
BBX 14 24 1 0
BITMAP
0E00
0700
0700
0380
0000
1FF0
1FF0
0000
0FC0
1FF0
3FF8
7878
703C
F03C
FFFC
FFFC
FFFC
F000
F000
703C
7878
3FF8
3FF0
0FC0
ENDCHAR
STARTCHAR uni1E16
ENCODING 7702
SWIDTH 667 0
DWIDTH 19 0
BBX 16 30 2 0
BITMAP
00E0
01C0
01C0
0380
0000
1FF0
1FF0
0000
FFFE
FFFE
FFFE
F000
F000
F000
F000
F000
F000
FFFE
FFFE
FFFE
F000
F000
F000
F000
F000
F000
F000
FFFF
FFFF
FFFF
ENDCHAR
STARTCHAR uni1E17
ENCODING 7703
SWIDTH 556 0
DWIDTH 16 0
BBX 14 24 1 0
BITMAP
00E0
01C0
01C0
0380
0000
1FF0
1FF0
0000
0FC0
1FF0
3FF8
7878
703C
F03C
FFFC
FFFC
FFFC
F000
F000
703C
7878
3FF8
3FF0
0FC0
ENDCHAR
STARTCHAR uni1E18
ENCODING 7704
SWIDTH 667 0
DWIDTH 19 0
BBX 16 27 2 -5
BITMAP
FFFE
FFFE
FFFE
F000
F000
F000
F000
F000
F000
FFFE
FFFE
FFFE
F000
F000
F000
F000
F000
F000
F000
FFFF
FFFF
FFFF
0000
0380
06C0
0C60
1830
ENDCHAR
STARTCHAR uni1E19
ENCODING 7705
SWIDTH 556 0
DWIDTH 16 0
BBX 14 21 1 -5
BITMAP
0FC0
1FF0
3FF8
7878
703C
F03C
FFFC
FFFC
FFFC
F000
F000
703C
7878
3FF8
3FF0
0FC0
0000
0380
06C0
0C60
1830
ENDCHAR
STARTCHAR uni1E1A
ENCODING 7706
SWIDTH 667 0
DWIDTH 19 0
BBX 16 27 2 -5
BITMAP
FFFE
FFFE
FFFE
F000
F000
F000
F000
F000
F000
FFFE
FFFE
FFFE
F000
F000
F000
F000
F000
F000
F000
FFFF
FFFF
FFFF
0000
0E30
1FF0
3FE0
31C0
ENDCHAR
STARTCHAR uni1E1B
ENCODING 7707
SWIDTH 556 0
DWIDTH 16 0
BBX 14 21 1 -5
BITMAP
0FC0
1FF0
3FF8
7878
703C
F03C
FFFC
FFFC
FFFC
F000
F000
703C
7878
3FF8
3FF0
0FC0
0000
0718
0FF8
1FF0
18E0
ENDCHAR
STARTCHAR uni1E1C
ENCODING 7708
SWIDTH 667 0
DWIDTH 19 0
BBX 16 33 2 -6
BITMAP
0C60
0FE0
07C0
0380
0000
FFFE
FFFE
FFFE
F000
F000
F000
F000
F000
F000
FFFE
FFFE
FFFE
F000
F000
F000
F000
F000
F000
F000
FFFF
FFFF
FFFF
0300
03C0
00E0
00E0
08E0
0FC0
ENDCHAR
STARTCHAR uni1E1D
ENCODING 7709
SWIDTH 556 0
DWIDTH 16 0
BBX 14 27 1 -6
BITMAP
0C60
0FE0
07C0
0380
0000
0FC0
1FF0
3FF8
7878
703C
F03C
FFFC
FFFC
FFFC
F000
F000
703C
7878
3FF8
3FF0
0FC0
0300
03C0
00E0
00E0
08E0
0FC0
ENDCHAR
STARTCHAR uni1E1E
ENCODING 7710
SWIDTH 611 0
DWIDTH 18 0
BBX 15 26 2 0
BITMAP
0380
0380
0380
0000
FFFE
FFFE
FFFE
F000
F000
F000
F000
F000
F000
FFFC
FFFC
FFFC
F000
F000
F000
F000
F000
F000
F000
F000
F000
F000
ENDCHAR
STARTCHAR uni1E1F
ENCODING 7711
SWIDTH 333 0
DWIDTH 9 0
BBX 9 26 0 0
BITMAP
1C00
1C00
1C00
0000
0F80
1F80
3F80
3E00
3C00
3C00
FF80
FF80
3C00
3C00
3C00
3C00
3C00
3C00
3C00
3C00
3C00
3C00
3C00
3C00
3C00
3C00
ENDCHAR
STARTCHAR uni1E20
ENCODING 7712
SWIDTH 778 0
DWIDTH 22 0
BBX 19 25 1 0
BITMAP
03FE00
03FE00
000000
01FC00
0FFF00
1FFF80
3F07C0
7C03E0
7801E0
780000
F00000
F00000
F00000
F01FE0
F01FE0
F01FE0
F000E0
F801E0
7801E0
7C03E0
3E03E0
3F0FE0
1FFFE0
0FFEE0
01F8E0
ENDCHAR
STARTCHAR uni1E21
ENCODING 7713
SWIDTH 611 0
DWIDTH 18 0
BBX 15 25 1 -6
BITMAP
1FF0
1FF0
0000
0F9E
3FDE
7FFE
7C7E
783E
F01E
F01E
F01E
F01E
F01E
F01E
F81E
7C7E
7FFE
3FFE
0F9E
001E
F81E
787C
7FFC
3FF8
0FE0
ENDCHAR
STARTCHAR uni1E22
ENCODING 7714
SWIDTH 722 0
DWIDTH 21 0
BBX 17 26 2 0
BITMAP
01C000
01C000
01C000
000000
F00780
F00780
F00780
F00780
F00780
F00780
F00780
F00780
FFFF80
FFFF80
FFFF80
F00780
F00780
F00780
F00780
F00780
F00780
F00780
F00780
F00780
F00780
F00780
ENDCHAR
STARTCHAR uni1E23
ENCODING 7715
SWIDTH 611 0
DWIDTH 18 0
BBX 14 26 2 0
BITMAP
3800
3800
3800
0000
F000
F000
F000
F000
F000
F000
F3F0
FFF8
FFFC
F87C
F03C
F03C
F03C
F03C
F03C
F03C
F03C
F03C
F03C
F03C
F03C
F03C
ENDCHAR
STARTCHAR uni1E24
ENCODING 7716
SWIDTH 722 0
DWIDTH 21 0
BBX 17 26 2 -4
BITMAP
F00780
F00780
F00780
F00780
F00780
F00780
F00780
F00780
FFFF80
FFFF80
FFFF80
F00780
F00780
F00780
F00780
F00780
F00780
F00780
F00780
F00780
F00780
F00780
000000
01C000
01C000
01C000
ENDCHAR
STARTCHAR uni1E25
ENCODING 7717
SWIDTH 611 0
DWIDTH 18 0
BBX 14 26 2 -4
BITMAP
F000
F000
F000
F000
F000
F000
F3F0
FFF8
FFFC
F87C
F03C
F03C
F03C
F03C
F03C
F03C
F03C
F03C
F03C
F03C
F03C
F03C
0000
0380
0380
0380
ENDCHAR
STARTCHAR uni1E26
ENCODING 7718
SWIDTH 722 0
DWIDTH 21 0
BBX 17 27 2 0
BITMAP
0E3800
0E3800
0E3800
000000
000000
F00780
F00780
F00780
F00780
F00780
F00780
F00780
F00780
FFFF80
FFFF80
FFFF80
F00780
F00780
F00780
F00780
F00780
F00780
F00780
F00780
F00780
F00780
F00780
ENDCHAR
STARTCHAR uni1E27
ENCODING 7719
SWIDTH 611 0
DWIDTH 18 0
BBX 15 27 1 0
BITMAP
E380
E380
E380
0000
0000
7800
7800
7800
7800
7800
7800
79F8
7FFC
7FFE
7C3E
781E
781E
781E
781E
781E
781E
781E
781E
781E
781E
781E
781E
ENDCHAR
STARTCHAR uni1E28
ENCODING 7720
SWIDTH 722 0
DWIDTH 21 0
BBX 17 28 2 -6
BITMAP
F00780
F00780
F00780
F00780
F00780
F00780
F00780
F00780
FFFF80
FFFF80
FFFF80
F00780
F00780
F00780
F00780
F00780
F00780
F00780
F00780
F00780
F00780
F00780
018000
01E000
007000
007000
047000
07E000
ENDCHAR
STARTCHAR uni1E29
ENCODING 7721
SWIDTH 611 0
DWIDTH 18 0
BBX 14 28 2 -6
BITMAP
F000
F000
F000
F000
F000
F000
F3F0
FFF8
FFFC
F87C
F03C
F03C
F03C
F03C
F03C
F03C
F03C
F03C
F03C
F03C
F03C
F03C
0300
03C0
00E0
00E0
08E0
0FC0
ENDCHAR
STARTCHAR uni1E2A
ENCODING 7722
SWIDTH 722 0
DWIDTH 21 0
BBX 17 27 2 -5
BITMAP
F00780
F00780
F00780
F00780
F00780
F00780
F00780
F00780
FFFF80
FFFF80
FFFF80
F00780
F00780
F00780
F00780
F00780
F00780
F00780
F00780
F00780
F00780
F00780
000000
063000
07F000
03E000
01C000
ENDCHAR
STARTCHAR uni1E2B
ENCODING 7723
SWIDTH 611 0
DWIDTH 18 0
BBX 14 27 2 -5
BITMAP
F000
F000
F000
F000
F000
F000
F3F0
FFF8
FFFC
F87C
F03C
F03C
F03C
F03C
F03C
F03C
F03C
F03C
F03C
F03C
F03C
F03C
0000
0C60
0FE0
07C0
0380
ENDCHAR
STARTCHAR uni1E2C
ENCODING 7724
SWIDTH 278 0
DWIDTH 8 0
BBX 10 27 -1 -5
BITMAP
1E00
1E00
1E00
1E00
1E00
1E00
1E00
1E00
1E00
1E00
1E00
1E00
1E00
1E00
1E00
1E00
1E00
1E00
1E00
1E00
1E00
1E00
0000
38C0
7FC0
FF80
C700
ENDCHAR
STARTCHAR uni1E2D
ENCODING 7725
SWIDTH 278 0
DWIDTH 8 0
BBX 10 27 -1 -5
BITMAP
1E00
1E00
1E00
1E00
0000
0000
1E00
1E00
1E00
1E00
1E00
1E00
1E00
1E00
1E00
1E00
1E00
1E00
1E00
1E00
1E00
1E00
0000
38C0
7FC0
FF80
C700
ENDCHAR
STARTCHAR uni1E2E
ENCODING 7726
SWIDTH 278 0
DWIDTH 8 0
BBX 9 32 0 0
BITMAP
0700
0E00
0E00
1C00
0000
E380
E380
E380
0000
0000
3C00
3C00
3C00
3C00
3C00
3C00
3C00
3C00
3C00
3C00
3C00
3C00
3C00
3C00
3C00
3C00
3C00
3C00
3C00
3C00
3C00
3C00
ENDCHAR
STARTCHAR uni1E2F
ENCODING 7727
SWIDTH 278 0
DWIDTH 8 0
BBX 9 26 0 0
BITMAP
0700
0E00
0E00
1C00
0000
E380
E380
E380
0000
0000
3C00
3C00
3C00
3C00
3C00
3C00
3C00
3C00
3C00
3C00
3C00
3C00
3C00
3C00
3C00
3C00
ENDCHAR
STARTCHAR uni1E30
ENCODING 7728
SWIDTH 722 0
DWIDTH 21 0
BBX 18 27 2 0
BITMAP
00E000
01C000
01C000
038000
000000
F00F80
F01F00
F03E00
F07C00
F0F800
F0F800
F1F000
F3E000
F7C000
F7C000
FFE000
FFE000
FDF000
F0F800
E07C00
F07C00
F03E00
F01F00
F01F00
F00F80
F007C0
F007C0
ENDCHAR
STARTCHAR uni1E31
ENCODING 7729
SWIDTH 556 0
DWIDTH 16 0
BBX 14 27 2 0
BITMAP
0E00
1C00
1C00
3800
0000
F000
F000
F000
F000
F000
F000
F078
F0F0
F1F0
F3E0
F7C0
F780
FF80
FF80
FFC0
F3C0
E3E0
F1F0
F0F0
F0F8
F078
F07C
ENDCHAR
STARTCHAR uni1E32
ENCODING 7730
SWIDTH 722 0
DWIDTH 21 0
BBX 18 26 2 -4
BITMAP
F00F80
F01F00
F03E00
F07C00
F0F800
F0F800
F1F000
F3E000
F7C000
F7C000
FFE000
FFE000
FDF000
F0F800
E07C00
F07C00
F03E00
F01F00
F01F00
F00F80
F007C0
F007C0
000000
00E000
00E000
00E000
ENDCHAR
STARTCHAR uni1E33
ENCODING 7731
SWIDTH 556 0
DWIDTH 16 0
BBX 14 26 2 -4
BITMAP
F000
F000
F000
F000
F000
F000
F078
F0F0
F1F0
F3E0
F7C0
F780
FF80
FF80
FFC0
F3C0
E3E0
F1F0
F0F0
F0F8
F078
F07C
0000
0380
0380
0380
ENDCHAR
STARTCHAR uni1E34
ENCODING 7732
SWIDTH 722 0
DWIDTH 21 0
BBX 18 25 2 -3
BITMAP
F00F80
F01F00
F03E00
F07C00
F0F800
F0F800
F1F000
F3E000
F7C000
F7C000
FFE000
FFE000
FDF000
F0F800
E07C00
F07C00
F03E00
F01F00
F01F00
F00F80
F007C0
F007C0
000000
0FF800
0FF800
ENDCHAR
STARTCHAR uni1E35
ENCODING 7733
SWIDTH 556 0
DWIDTH 16 0
BBX 14 25 2 -3
BITMAP
F000
F000
F000
F000
F000
F000
F078
F0F0
F1F0
F3E0
F7C0
F780
FF80
FF80
FFC0
F3C0
E3E0
F1F0
F0F0
F0F8
F078
F07C
0000
1FF0
1FF0
ENDCHAR
STARTCHAR uni1E36
ENCODING 7734
SWIDTH 611 0
DWIDTH 18 0
BBX 14 26 3 -4
BITMAP
F000
F000
F000
F000
F000
F000
F000
F000
F000
F000
F000
F000
F000
F000
F000
F000
F000
F000
F000
FFFC
FFFC
FFFC
0000
0700
0700
0700
ENDCHAR
STARTCHAR uni1E37
ENCODING 7735
SWIDTH 278 0
DWIDTH 8 0
BBX 4 26 2 -4
BITMAP
F0
F0
F0
F0
F0
F0
F0
F0
F0
F0
F0
F0
F0
F0
F0
F0
F0
F0
F0
F0
F0
F0
00
70
70
70
ENDCHAR
STARTCHAR uni1E38
ENCODING 7736
SWIDTH 611 0
DWIDTH 18 0
BBX 15 29 2 -4
BITMAP
FF80
FF80
0000
7800
7800
7800
7800
7800
7800
7800
7800
7800
7800
7800
7800
7800
7800
7800
7800
7800
7800
7800
7FFE
7FFE
7FFE
0000
0380
0380
0380
ENDCHAR
STARTCHAR uni1E39
ENCODING 7737
SWIDTH 278 0
DWIDTH 8 0
BBX 9 29 0 -4
BITMAP
FF80
FF80
0000
3C00
3C00
3C00
3C00
3C00
3C00
3C00
3C00
3C00
3C00
3C00
3C00
3C00
3C00
3C00
3C00
3C00
3C00
3C00
3C00
3C00
3C00
0000
1C00
1C00
1C00
ENDCHAR
STARTCHAR uni1E3A
ENCODING 7738
SWIDTH 611 0
DWIDTH 18 0
BBX 14 25 3 -3
BITMAP
F000
F000
F000
F000
F000
F000
F000
F000
F000
F000
F000
F000
F000
F000
F000
F000
F000
F000
F000
FFFC
FFFC
FFFC
0000
3FE0
3FE0
ENDCHAR
STARTCHAR uni1E3B
ENCODING 7739
SWIDTH 278 0
DWIDTH 8 0
BBX 9 25 0 -3
BITMAP
3C00
3C00
3C00
3C00
3C00
3C00
3C00
3C00
3C00
3C00
3C00
3C00
3C00
3C00
3C00
3C00
3C00
3C00
3C00
3C00
3C00
3C00
0000
FF80
FF80
ENDCHAR
STARTCHAR uni1E3C
ENCODING 7740
SWIDTH 611 0
DWIDTH 18 0
BBX 14 27 3 -5
BITMAP
F000
F000
F000
F000
F000
F000
F000
F000
F000
F000
F000
F000
F000
F000
F000
F000
F000
F000
F000
FFFC
FFFC
FFFC
0000
0700
0D80
18C0
3060
ENDCHAR
STARTCHAR uni1E3D
ENCODING 7741
SWIDTH 278 0
DWIDTH 8 0
BBX 9 27 0 -5
BITMAP
3C00
3C00
3C00
3C00
3C00
3C00
3C00
3C00
3C00
3C00
3C00
3C00
3C00
3C00
3C00
3C00
3C00
3C00
3C00
3C00
3C00
3C00
0000
1C00
3600
6300
C180
ENDCHAR
STARTCHAR uni1E3E
ENCODING 7742
SWIDTH 833 0
DWIDTH 24 0
BBX 20 27 2 0
BITMAP
001C00
003800
003800
007000
000000
FC03F0
FC03F0
FC03F0
FC03F0
F000F0
FC03F0
FE07F0
F70EF0
F70EF0
F70EF0
F39CF0
F39CF0
F39CF0
F39CF0
F1F8F0
F1F8F0
F1F8F0
F1F8F0
F0F0F0
F0F0F0
F0F0F0
F0F0F0
ENDCHAR
STARTCHAR uni1E3F
ENCODING 7743
SWIDTH 889 0
DWIDTH 26 0
BBX 22 21 2 0
BITMAP
000E00
001C00
001C00
003800
000000
F7E3F0
FFF7F8
FFFFFC
F8FC7C
F0783C
F0783C
F0783C
F0783C
F0783C
F0783C
F0783C
F0783C
F0783C
F0783C
F0783C
F0783C
ENDCHAR
STARTCHAR uni1E40
ENCODING 7744
SWIDTH 833 0
DWIDTH 24 0
BBX 20 26 2 0
BITMAP
007000
007000
007000
000000
FC03F0
FC03F0
FC03F0
FC03F0
F000F0
FC03F0
FE07F0
F70EF0
F70EF0
F70EF0
F39CF0
F39CF0
F39CF0
F39CF0
F1F8F0
F1F8F0
F1F8F0
F1F8F0
F0F0F0
F0F0F0
F0F0F0
F0F0F0
ENDCHAR
STARTCHAR uni1E41
ENCODING 7745
SWIDTH 889 0
DWIDTH 26 0
BBX 22 20 2 0
BITMAP
003800
003800
003800
000000
F7E3F0
FFF7F8
FFFFFC
F8FC7C
F0783C
F0783C
F0783C
F0783C
F0783C
F0783C
F0783C
F0783C
F0783C
F0783C
F0783C
F0783C
ENDCHAR
STARTCHAR uni1E42
ENCODING 7746
SWIDTH 833 0
DWIDTH 24 0
BBX 20 26 2 -4
BITMAP
FC03F0
FC03F0
FC03F0
FC03F0
F000F0
FC03F0
FE07F0
F70EF0
F70EF0
F70EF0
F39CF0
F39CF0
F39CF0
F39CF0
F1F8F0
F1F8F0
F1F8F0
F1F8F0
F0F0F0
F0F0F0
F0F0F0
F0F0F0
000000
007000
007000
007000
ENDCHAR
STARTCHAR uni1E43
ENCODING 7747
SWIDTH 889 0
DWIDTH 26 0
BBX 22 20 2 -4
BITMAP
F7E3F0
FFF7F8
FFFFFC
F8FC7C
F0783C
F0783C
F0783C
F0783C
F0783C
F0783C
F0783C
F0783C
F0783C
F0783C
F0783C
F0783C
000000
003800
003800
003800
ENDCHAR
STARTCHAR uni1E44
ENCODING 7748
SWIDTH 722 0
DWIDTH 21 0
BBX 17 26 2 0
BITMAP
01C000
01C000
01C000
000000
F00780
F80780
F80780
F00780
F80780
FC0780
FE0780
F78780
F78780
F3C780
F3C780
F1E780
F1F780
F0F780
F03380
F03F80
F01F80
F01F80
F00780
F00780
F00F80
F00780
ENDCHAR
STARTCHAR uni1E45
ENCODING 7749
SWIDTH 611 0
DWIDTH 18 0
BBX 14 20 2 0
BITMAP
0380
0380
0380
0000
F3F0
FFF8
FFFC
F87C
F03C
F03C
F03C
F03C
F03C
F03C
F03C
F03C
F03C
F03C
F03C
F03C
ENDCHAR
STARTCHAR uni1E46
ENCODING 7750
SWIDTH 722 0
DWIDTH 21 0
BBX 17 26 2 -4
BITMAP
F00780
F80780
F80780
F00780
F80780
FC0780
FE0780
F78780
F78780
F3C780
F3C780
F1E780
F1F780
F0F780
F03380
F03F80
F01F80
F01F80
F00780
F00780
F00F80
F00780
000000
01C000
01C000
01C000
ENDCHAR
STARTCHAR uni1E47
ENCODING 7751
SWIDTH 611 0
DWIDTH 18 0
BBX 14 20 2 -4
BITMAP
F3F0
FFF8
FFFC
F87C
F03C
F03C
F03C
F03C
F03C
F03C
F03C
F03C
F03C
F03C
F03C
F03C
0000
0380
0380
0380
ENDCHAR
STARTCHAR uni1E48
ENCODING 7752
SWIDTH 722 0
DWIDTH 21 0
BBX 17 25 2 -3
BITMAP
F00780
F80780
F80780
F00780
F80780
FC0780
FE0780
F78780
F78780
F3C780
F3C780
F1E780
F1F780
F0F780
F03380
F03F80
F01F80
F01F80
F00780
F00780
F00F80
F00780
000000
0FF800
0FF800
ENDCHAR
STARTCHAR uni1E49
ENCODING 7753
SWIDTH 611 0
DWIDTH 18 0
BBX 14 19 2 -3
BITMAP
F3F0
FFF8
FFFC
F87C
F03C
F03C
F03C
F03C
F03C
F03C
F03C
F03C
F03C
F03C
F03C
F03C
0000
1FF0
1FF0
ENDCHAR
STARTCHAR uni1E4A
ENCODING 7754
SWIDTH 722 0
DWIDTH 21 0
BBX 17 27 2 -5
BITMAP
F00780
F80780
F80780
F00780
F80780
FC0780
FE0780
F78780
F78780
F3C780
F3C780
F1E780
F1F780
F0F780
F03380
F03F80
F01F80
F01F80
F00780
F00780
F00F80
F00780
000000
01C000
036000
063000
0C1800
ENDCHAR
STARTCHAR uni1E4B
ENCODING 7755
SWIDTH 611 0
DWIDTH 18 0
BBX 14 21 2 -5
BITMAP
F3F0
FFF8
FFFC
F87C
F03C
F03C
F03C
F03C
F03C
F03C
F03C
F03C
F03C
F03C
F03C
F03C
0000
0380
06C0
0C60
1830
ENDCHAR
STARTCHAR uni1E4C
ENCODING 7756
SWIDTH 778 0
DWIDTH 22 0
BBX 20 32 1 0
BITMAP
003800
007000
007000
00E000
000000
01C600
03FE00
07FC00
063800
000000
03FC00
0FFF00
1FFF80
3F0FC0
7C03E0
7801E0
7801E0
F000F0
F000F0
F000F0
F000F0
F000F0
F000F0
F000F0
F000F0
7801E0
7801E0
7C03E0
3F0FC0
1FFF80
0FFF00
03FC00
ENDCHAR
STARTCHAR uni1E4D
ENCODING 7757
SWIDTH 611 0
DWIDTH 18 0
BBX 16 26 1 0
BITMAP
0070
00E0
00E0
01C0
0000
0718
0FF8
1FF0
18E0
0000
07E0
1FF8
3FFC
7C3E
781E
F00F
F00F
F00F
F00F
F00F
F00F
781E
7C3E
3FFC
1FF8
07E0
ENDCHAR
STARTCHAR uni1E4E
ENCODING 7758
SWIDTH 778 0
DWIDTH 22 0
BBX 20 32 1 0
BITMAP
038E00
038E00
038E00
000000
000000
01C600
03FE00
07FC00
063800
000000
03FC00
0FFF00
1FFF80
3F0FC0
7C03E0
7801E0
7801E0
F000F0
F000F0
F000F0
F000F0
F000F0
F000F0
F000F0
F000F0
7801E0
7801E0
7C03E0
3F0FC0
1FFF80
0FFF00
03FC00
ENDCHAR
STARTCHAR uni1E4F
ENCODING 7759
SWIDTH 611 0
DWIDTH 18 0
BBX 16 26 1 0
BITMAP
0E38
0E38
0E38
0000
0000
0718
0FF8
1FF0
18E0
0000
07E0
1FF8
3FFC
7C3E
781E
F00F
F00F
F00F
F00F
F00F
F00F
781E
7C3E
3FFC
1FF8
07E0
ENDCHAR
STARTCHAR uni1E50
ENCODING 7760
SWIDTH 778 0
DWIDTH 22 0
BBX 20 30 1 0
BITMAP
01C000
00E000
00E000
007000
000000
03FE00
03FE00
000000
03FC00
0FFF00
1FFF80
3F0FC0
7C03E0
7801E0
7801E0
F000F0
F000F0
F000F0
F000F0
F000F0
F000F0
F000F0
F000F0
7801E0
7801E0
7C03E0
3F0FC0
1FFF80
0FFF00
03FC00
ENDCHAR
STARTCHAR uni1E51
ENCODING 7761
SWIDTH 611 0
DWIDTH 18 0
BBX 16 24 1 0
BITMAP
0700
0380
0380
01C0
0000
0FF8
0FF8
0000
07E0
1FF8
3FFC
7C3E
781E
F00F
F00F
F00F
F00F
F00F
F00F
781E
7C3E
3FFC
1FF8
07E0
ENDCHAR
STARTCHAR uni1E52
ENCODING 7762
SWIDTH 778 0
DWIDTH 22 0
BBX 20 30 1 0
BITMAP
001C00
003800
003800
007000
000000
03FE00
03FE00
000000
03FC00
0FFF00
1FFF80
3F0FC0
7C03E0
7801E0
7801E0
F000F0
F000F0
F000F0
F000F0
F000F0
F000F0
F000F0
F000F0
7801E0
7801E0
7C03E0
3F0FC0
1FFF80
0FFF00
03FC00
ENDCHAR
STARTCHAR uni1E53
ENCODING 7763
SWIDTH 611 0
DWIDTH 18 0
BBX 16 24 1 0
BITMAP
0070
00E0
00E0
01C0
0000
0FF8
0FF8
0000
07E0
1FF8
3FFC
7C3E
781E
F00F
F00F
F00F
F00F
F00F
F00F
781E
7C3E
3FFC
1FF8
07E0
ENDCHAR
STARTCHAR uni1E54
ENCODING 7764
SWIDTH 667 0
DWIDTH 19 0
BBX 16 27 2 0
BITMAP
00E0
01C0
01C0
0380
0000
FFF8
FFFC
FFFE
F03F
F01F
F00F
F00F
F00F
F00F
F03F
FFFE
FFFC
FFF8
F000
F000
F000
F000
F000
F000
F000
F000
F000
ENDCHAR
STARTCHAR uni1E55
ENCODING 7765
SWIDTH 611 0
DWIDTH 18 0
BBX 15 27 2 -6
BITMAP
00E0
01C0
01C0
0380
0000
F3E0
FFF8
FFFC
FC7C
F83C
E01E
F01E
F01E
F01E
F01E
F01E
F03C
FC7C
FFF8
FFF0
F3E0
F000
F000
F000
F000
F000
F000
ENDCHAR
STARTCHAR uni1E56
ENCODING 7766
SWIDTH 667 0
DWIDTH 19 0
BBX 16 26 2 0
BITMAP
0380
0380
0380
0000
FFF8
FFFC
FFFE
F03F
F01F
F00F
F00F
F00F
F00F
F03F
FFFE
FFFC
FFF8
F000
F000
F000
F000
F000
F000
F000
F000
F000
ENDCHAR
STARTCHAR uni1E57
ENCODING 7767
SWIDTH 611 0
DWIDTH 18 0
BBX 15 26 2 -6
BITMAP
0380
0380
0380
0000
F3E0
FFF8
FFFC
FC7C
F83C
E01E
F01E
F01E
F01E
F01E
F01E
F03C
FC7C
FFF8
FFF0
F3E0
F000
F000
F000
F000
F000
F000
ENDCHAR
STARTCHAR uni1E58
ENCODING 7768
SWIDTH 722 0
DWIDTH 21 0
BBX 18 26 2 0
BITMAP
01C000
01C000
01C000
000000
FFFC00
FFFF00
FFFF80
F00F80
F00780
F00780
F00780
F00780
F00F80
FFFF00
FFFE00
FFFE00
F01F00
F00F00
F00780
F00780
F00780
F00780
F00780
F00780
F00780
F007C0
ENDCHAR
STARTCHAR uni1E59
ENCODING 7769
SWIDTH 389 0
DWIDTH 11 0
BBX 9 20 2 0
BITMAP
1C00
1C00
1C00
0000
F380
F780
FF80
FF80
F800
F000
F000
F000
F000
F000
F000
F000
F000
F000
F000
F000
ENDCHAR
STARTCHAR uni1E5A
ENCODING 7770
SWIDTH 722 0
DWIDTH 21 0
BBX 18 26 2 -4
BITMAP
FFFC00
FFFF00
FFFF80
F00F80
F00780
F00780
F00780
F00780
F00F80
FFFF00
FFFE00
FFFE00
F01F00
F00F00
F00780
F00780
F00780
F00780
F00780
F00780
F00780
F007C0
000000
00E000
00E000
00E000
ENDCHAR
STARTCHAR uni1E5B
ENCODING 7771
SWIDTH 389 0
DWIDTH 11 0
BBX 9 20 2 -4
BITMAP
F380
F780
FF80
FF80
F800
F000
F000
F000
F000
F000
F000
F000
F000
F000
F000
F000
0000
7000
7000
7000
ENDCHAR
STARTCHAR uni1E5C
ENCODING 7772
SWIDTH 722 0
DWIDTH 21 0
BBX 18 29 2 -4
BITMAP
0FF800
0FF800
000000
FFFC00
FFFF00
FFFF80
F00F80
F00780
F00780
F00780
F00780
F00F80
FFFF00
FFFE00
FFFE00
F01F00
F00F00
F00780
F00780
F00780
F00780
F00780
F00780
F00780
F007C0
000000
00E000
00E000
00E000
ENDCHAR
STARTCHAR uni1E5D
ENCODING 7773
SWIDTH 389 0
DWIDTH 11 0
BBX 9 23 2 -4
BITMAP
FF80
FF80
0000
F380
F780
FF80
FF80
F800
F000
F000
F000
F000
F000
F000
F000
F000
F000
F000
F000
0000
7000
7000
7000
ENDCHAR
STARTCHAR uni1E5E
ENCODING 7774
SWIDTH 722 0
DWIDTH 21 0
BBX 18 25 2 -3
BITMAP
FFFC00
FFFF00
FFFF80
F00F80
F00780
F00780
F00780
F00780
F00F80
FFFF00
FFFE00
FFFE00
F01F00
F00F00
F00780
F00780
F00780
F00780
F00780
F00780
F00780
F007C0
000000
07FC00
07FC00
ENDCHAR
STARTCHAR uni1E5F
ENCODING 7775
SWIDTH 389 0
DWIDTH 11 0
BBX 11 19 0 -3
BITMAP
3CE0
3DE0
3FE0
3FE0
3E00
3C00
3C00
3C00
3C00
3C00
3C00
3C00
3C00
3C00
3C00
3C00
0000
FF80
FF80
ENDCHAR
STARTCHAR uni1E60
ENCODING 7776
SWIDTH 667 0
DWIDTH 19 0
BBX 17 26 1 0
BITMAP
01C000
01C000
01C000
000000
0FF000
3FFC00
7FFE00
F83F00
F00F00
F00F00
F00000
F80000
FFC000
7FFC00
3FFE00
07FF00
007F80
000F80
000780
F00780
F00780
F80F80
FC1F00
7FFF00
3FFE00
0FF000
ENDCHAR
STARTCHAR uni1E61
ENCODING 7777
SWIDTH 556 0
DWIDTH 16 0
BBX 14 20 1 0
BITMAP
0380
0380
0380
0000
1FE0
7FF0
7878
F07C
F800
FE00
7FC0
3FF0
0FF8
03FC
007C
F03C
F03C
FFFC
7FF8
1FF0
ENDCHAR
STARTCHAR uni1E62
ENCODING 7778
SWIDTH 667 0
DWIDTH 19 0
BBX 17 26 1 -4
BITMAP
0FF000
3FFC00
7FFE00
F83F00
F00F00
F00F00
F00000
F80000
FFC000
7FFC00
3FFE00
07FF00
007F80
000F80
000780
F00780
F00780
F80F80
FC1F00
7FFF00
3FFE00
0FF000
000000
01C000
01C000
01C000
ENDCHAR
STARTCHAR uni1E63
ENCODING 7779
SWIDTH 556 0
DWIDTH 16 0
BBX 14 20 1 -4
BITMAP
1FE0
7FF0
7878
F07C
F800
FE00
7FC0
3FF0
0FF8
03FC
007C
F03C
F03C
FFFC
7FF8
1FF0
0000
0380
0380
0380
ENDCHAR
STARTCHAR uni1E64
ENCODING 7780
SWIDTH 667 0
DWIDTH 19 0
BBX 17 31 1 0
BITMAP
01C000
01C000
01C000
000000
007000
00E000
00E000
01C000
000000
0FF000
3FFC00
7FFE00
F83F00
F00F00
F00F00
F00000
F80000
FFC000
7FFC00
3FFE00
07FF00
007F80
000F80
000780
F00780
F00780
F80F80
FC1F00
7FFF00
3FFE00
0FF000
ENDCHAR
STARTCHAR uni1E65
ENCODING 7781
SWIDTH 556 0
DWIDTH 16 0
BBX 14 25 1 0
BITMAP
0380
0380
0380
0000
00E0
01C0
01C0
0380
0000
1FE0
7FF0
7878
F07C
F800
FE00
7FC0
3FF0
0FF8
03FC
007C
F03C
F03C
FFFC
7FF8
1FF0
ENDCHAR
STARTCHAR uni1E66
ENCODING 7782
SWIDTH 667 0
DWIDTH 19 0
BBX 17 31 1 0
BITMAP
01C000
01C000
01C000
000000
0E3800
077000
03E000
01C000
000000
0FF000
3FFC00
7FFE00
F83F00
F00F00
F00F00
F00000
F80000
FFC000
7FFC00
3FFE00
07FF00
007F80
000F80
000780
F00780
F00780
F80F80
FC1F00
7FFF00
3FFE00
0FF000
ENDCHAR
STARTCHAR uni1E67
ENCODING 7783
SWIDTH 556 0
DWIDTH 16 0
BBX 14 25 1 0
BITMAP
0380
0380
0380
0000
1C70
0EE0
07C0
0380
0000
1FE0
7FF0
7878
F07C
F800
FE00
7FC0
3FF0
0FF8
03FC
007C
F03C
F03C
FFFC
7FF8
1FF0
ENDCHAR
STARTCHAR uni1E68
ENCODING 7784
SWIDTH 667 0
DWIDTH 19 0
BBX 17 30 1 -4
BITMAP
01C000
01C000
01C000
000000
0FF000
3FFC00
7FFE00
F83F00
F00F00
F00F00
F00000
F80000
FFC000
7FFC00
3FFE00
07FF00
007F80
000F80
000780
F00780
F00780
F80F80
FC1F00
7FFF00
3FFE00
0FF000
000000
01C000
01C000
01C000
ENDCHAR
STARTCHAR uni1E69
ENCODING 7785
SWIDTH 556 0
DWIDTH 16 0
BBX 14 24 1 -4
BITMAP
0700
0700
0700
0000
1FE0
7FF0
7878
F07C
F800
FE00
7FC0
3FF0
0FF8
03FC
007C
F03C
F03C
FFFC
7FF8
1FF0
0000
0380
0380
0380
ENDCHAR
STARTCHAR uni1E6A
ENCODING 7786
SWIDTH 611 0
DWIDTH 18 0
BBX 18 26 0 0
BITMAP
00E000
00E000
00E000
000000
FFFFC0
FFFFC0
FFFFC0
01E000
01E000
01E000
01E000
01E000
01E000
01E000
01E000
01E000
01E000
01E000
01E000
01E000
01E000
01E000
01E000
01E000
01E000
01E000
ENDCHAR
STARTCHAR uni1E6B
ENCODING 7787
SWIDTH 333 0
DWIDTH 9 0
BBX 8 25 0 0
BITMAP
1C
1C
1C
00
3C
3C
3C
3C
3C
FF
FF
3C
3C
3C
3C
3C
3C
3C
3C
3C
3C
3C
3E
3F
1F
ENDCHAR
STARTCHAR uni1E6C
ENCODING 7788
SWIDTH 611 0
DWIDTH 18 0
BBX 18 26 0 -4
BITMAP
FFFFC0
FFFFC0
FFFFC0
01E000
01E000
01E000
01E000
01E000
01E000
01E000
01E000
01E000
01E000
01E000
01E000
01E000
01E000
01E000
01E000
01E000
01E000
01E000
000000
00E000
00E000
00E000
ENDCHAR
STARTCHAR uni1E6D
ENCODING 7789
SWIDTH 333 0
DWIDTH 9 0
BBX 8 25 0 -4
BITMAP
3C
3C
3C
3C
3C
FF
FF
3C
3C
3C
3C
3C
3C
3C
3C
3C
3C
3C
3E
3F
1F
00
1C
1C
1C
ENDCHAR
STARTCHAR uni1E6E
ENCODING 7790
SWIDTH 611 0
DWIDTH 18 0
BBX 18 25 0 -3
BITMAP
FFFFC0
FFFFC0
FFFFC0
01E000
01E000
01E000
01E000
01E000
01E000
01E000
01E000
01E000
01E000
01E000
01E000
01E000
01E000
01E000
01E000
01E000
01E000
01E000
000000
07FC00
07FC00
ENDCHAR
STARTCHAR uni1E6F
ENCODING 7791
SWIDTH 333 0
DWIDTH 9 0
BBX 9 24 0 -3
BITMAP
3C00
3C00
3C00
3C00
3C00
FF00
FF00
3C00
3C00
3C00
3C00
3C00
3C00
3C00
3C00
3C00
3C00
3C00
3E00
3F00
1F00
0000
FF80
FF80
ENDCHAR
STARTCHAR uni1E70
ENCODING 7792
SWIDTH 611 0
DWIDTH 18 0
BBX 18 27 0 -5
BITMAP
FFFFC0
FFFFC0
FFFFC0
01E000
01E000
01E000
01E000
01E000
01E000
01E000
01E000
01E000
01E000
01E000
01E000
01E000
01E000
01E000
01E000
01E000
01E000
01E000
000000
00E000
01B000
031800
060C00
ENDCHAR
STARTCHAR uni1E71
ENCODING 7793
SWIDTH 333 0
DWIDTH 9 0
BBX 9 26 0 -5
BITMAP
3C00
3C00
3C00
3C00
3C00
FF00
FF00
3C00
3C00
3C00
3C00
3C00
3C00
3C00
3C00
3C00
3C00
3C00
3E00
3F00
1F00
0000
1C00
3600
6300
C180
ENDCHAR
STARTCHAR uni1E72
ENCODING 7794
SWIDTH 722 0
DWIDTH 21 0
BBX 17 26 2 -4
BITMAP
F00780
F00780
F00780
F00780
F00780
F00780
F00780
F00780
F00780
F00780
F00780
F00780
F00780
F00780
F00780
F00780
F00780
F80F80
7C1F00
7FFF00
3FFE00
0FF800
000000
0E3800
0E3800
0E3800
ENDCHAR
STARTCHAR uni1E73
ENCODING 7795
SWIDTH 611 0
DWIDTH 18 0
BBX 14 20 2 -4
BITMAP
F03C
F03C
F03C
F03C
F03C
F03C
F03C
F03C
F03C
F03C
F03C
F03C
F87C
FFFC
7FFC
3F3C
0000
1C70
1C70
1C70
ENDCHAR
STARTCHAR uni1E74
ENCODING 7796
SWIDTH 722 0
DWIDTH 21 0
BBX 17 27 2 -5
BITMAP
F00780
F00780
F00780
F00780
F00780
F00780
F00780
F00780
F00780
F00780
F00780
F00780
F00780
F00780
F00780
F00780
F00780
F80F80
7C1F00
7FFF00
3FFE00
0FF800
000000
038C00
07FC00
0FF800
0C7000
ENDCHAR
STARTCHAR uni1E75
ENCODING 7797
SWIDTH 611 0
DWIDTH 18 0
BBX 14 21 2 -5
BITMAP
F03C
F03C
F03C
F03C
F03C
F03C
F03C
F03C
F03C
F03C
F03C
F03C
F87C
FFFC
7FFC
3F3C
0000
0E30
1FF0
3FE0
31C0
ENDCHAR
STARTCHAR uni1E76
ENCODING 7798
SWIDTH 722 0
DWIDTH 21 0
BBX 17 27 2 -5
BITMAP
F00780
F00780
F00780
F00780
F00780
F00780
F00780
F00780
F00780
F00780
F00780
F00780
F00780
F00780
F00780
F00780
F00780
F80F80
7C1F00
7FFF00
3FFE00
0FF800
000000
01C000
036000
063000
0C1800
ENDCHAR
STARTCHAR uni1E77
ENCODING 7799
SWIDTH 611 0
DWIDTH 18 0
BBX 14 21 2 -5
BITMAP
F03C
F03C
F03C
F03C
F03C
F03C
F03C
F03C
F03C
F03C
F03C
F03C
F87C
FFFC
7FFC
3F3C
0000
0380
06C0
0C60
1830
ENDCHAR
STARTCHAR uni1E78
ENCODING 7800
SWIDTH 722 0
DWIDTH 21 0
BBX 17 32 2 0
BITMAP
003800
007000
007000
00E000
000000
038C00
07FC00
0FF800
0C7000
000000
F00780
F00780
F00780
F00780
F00780
F00780
F00780
F00780
F00780
F00780
F00780
F00780
F00780
F00780
F00780
F00780
F00780
F80F80
7C1F00
7FFF00
3FFE00
0FF800
ENDCHAR
STARTCHAR uni1E79
ENCODING 7801
SWIDTH 611 0
DWIDTH 18 0
BBX 14 26 2 0
BITMAP
00E0
01C0
01C0
0380
0000
0E30
1FF0
3FE0
31C0
0000
F03C
F03C
F03C
F03C
F03C
F03C
F03C
F03C
F03C
F03C
F03C
F03C
F87C
FFFC
7FFC
3F3C
ENDCHAR
STARTCHAR uni1E7A
ENCODING 7802
SWIDTH 722 0
DWIDTH 21 0
BBX 17 30 2 0
BITMAP
0E3800
0E3800
0E3800
000000
000000
0FF800
0FF800
000000
F00780
F00780
F00780
F00780
F00780
F00780
F00780
F00780
F00780
F00780
F00780
F00780
F00780
F00780
F00780
F00780
F00780
F80F80
7C1F00
7FFF00
3FFE00
0FF800
ENDCHAR
STARTCHAR uni1E7B
ENCODING 7803
SWIDTH 611 0
DWIDTH 18 0
BBX 14 24 2 0
BITMAP
1C70
1C70
1C70
0000
0000
1FF0
1FF0
0000
F03C
F03C
F03C
F03C
F03C
F03C
F03C
F03C
F03C
F03C
F03C
F03C
F87C
FFFC
7FFC
3F3C
ENDCHAR
STARTCHAR uni1E7C
ENCODING 7804
SWIDTH 667 0
DWIDTH 19 0
BBX 17 27 1 0
BITMAP
038C00
07FC00
0FF800
0C7000
000000
F00780
F00780
F00780
780F00
780F00
780F00
3C1E00
3C1E00
3C1E00
1E3C00
1E3C00
1E3C00
0F7800
0F7800
0F7800
077000
077000
07F000
07F000
03E000
03E000
03E000
ENDCHAR
STARTCHAR uni1E7D
ENCODING 7805
SWIDTH 556 0
DWIDTH 16 0
BBX 14 21 1 0
BITMAP
0E30
1FF0
3FE0
31C0
0000
F03C
F03C
F03C
7878
7878
7878
3CF0
3CF0
3CF0
1EE0
1EE0
1FE0
0FC0
0FC0
0FC0
0780
ENDCHAR
STARTCHAR uni1E7E
ENCODING 7806
SWIDTH 667 0
DWIDTH 19 0
BBX 17 26 1 -4
BITMAP
F00780
F00780
F00780
780F00
780F00
780F00
3C1E00
3C1E00
3C1E00
1E3C00
1E3C00
1E3C00
0F7800
0F7800
0F7800
077000
077000
07F000
07F000
03E000
03E000
03E000
000000
01C000
01C000
01C000
ENDCHAR
STARTCHAR uni1E7F
ENCODING 7807
SWIDTH 556 0
DWIDTH 16 0
BBX 14 20 1 -4
BITMAP
F03C
F03C
F03C
7878
7878
7878
3CF0
3CF0
3CF0
1EE0
1EE0
1FE0
0FC0
0FC0
0FC0
0780
0000
0380
0380
0380
ENDCHAR
STARTCHAR Wgrave
ENCODING 7808
SWIDTH 944 0
DWIDTH 27 0
BBX 25 27 1 0
BITMAP
00700000
00380000
00380000
001C0000
00000000
F03E0780
F03E0780
F03C0780
F03C0780
787E0F00
787E0F00
787F0F00
78770F00
3C771E00
3CE39E00
3CE39E00
3CE39E00
1EE3BC00
1EE3BC00
1E80BC00
1F80FC00
0F80F800
0F80F800
0F80F800
0780F000
0780F000
0780F000
ENDCHAR
STARTCHAR wgrave
ENCODING 7809
SWIDTH 778 0
DWIDTH 22 0
BBX 22 21 0 0
BITMAP
00E000
007000
007000
003800
000000
F0783C
F0783C
F0FC3C
78FC78
78FC78
78FC78
3DCEF0
3DCEF0
3DCEF0
3DCEF0
1D87E0
1F87E0
1F87E0
0F87C0
0F83C0
0F87C0
ENDCHAR
STARTCHAR Wacute
ENCODING 7810
SWIDTH 944 0
DWIDTH 27 0
BBX 25 27 1 0
BITMAP
00070000
000E0000
000E0000
001C0000
00000000
F03E0780
F03E0780
F03C0780
F03C0780
787E0F00
787E0F00
787F0F00
78770F00
3C771E00
3CE39E00
3CE39E00
3CE39E00
1EE3BC00
1EE3BC00
1E80BC00
1F80FC00
0F80F800
0F80F800
0F80F800
0780F000
0780F000
0780F000
ENDCHAR
STARTCHAR wacute
ENCODING 7811
SWIDTH 778 0
DWIDTH 22 0
BBX 22 21 0 0
BITMAP
000E00
001C00
001C00
003800
000000
F0783C
F0783C
F0FC3C
78FC78
78FC78
78FC78
3DCEF0
3DCEF0
3DCEF0
3DCEF0
1D87E0
1F87E0
1F87E0
0F87C0
0F83C0
0F87C0
ENDCHAR
STARTCHAR Wdieresis
ENCODING 7812
SWIDTH 944 0
DWIDTH 27 0
BBX 25 27 1 0
BITMAP
00E38000
00E38000
00E38000
00000000
00000000
F03E0780
F03E0780
F03C0780
F03C0780
787E0F00
787E0F00
787F0F00
78770F00
3C771E00
3CE39E00
3CE39E00
3CE39E00
1EE3BC00
1EE3BC00
1E80BC00
1F80FC00
0F80F800
0F80F800
0F80F800
0780F000
0780F000
0780F000
ENDCHAR
STARTCHAR wdieresis
ENCODING 7813
SWIDTH 778 0
DWIDTH 22 0
BBX 22 21 0 0
BITMAP
01C700
01C700
01C700
000000
000000
F0783C
F0783C
F0FC3C
78FC78
78FC78
78FC78
3DCEF0
3DCEF0
3DCEF0
3DCEF0
1D87E0
1F87E0
1F87E0
0F87C0
0F83C0
0F87C0
ENDCHAR
STARTCHAR uni1E86
ENCODING 7814
SWIDTH 944 0
DWIDTH 27 0
BBX 25 26 1 0
BITMAP
001C0000
001C0000
001C0000
00000000
F03E0780
F03E0780
F03C0780
F03C0780
787E0F00
787E0F00
787F0F00
78770F00
3C771E00
3CE39E00
3CE39E00
3CE39E00
1EE3BC00
1EE3BC00
1E80BC00
1F80FC00
0F80F800
0F80F800
0F80F800
0780F000
0780F000
0780F000
ENDCHAR
STARTCHAR uni1E87
ENCODING 7815
SWIDTH 778 0
DWIDTH 22 0
BBX 22 20 0 0
BITMAP
003800
003800
003800
000000
F0783C
F0783C
F0FC3C
78FC78
78FC78
78FC78
3DCEF0
3DCEF0
3DCEF0
3DCEF0
1D87E0
1F87E0
1F87E0
0F87C0
0F83C0
0F87C0
ENDCHAR
STARTCHAR uni1E88
ENCODING 7816
SWIDTH 944 0
DWIDTH 27 0
BBX 25 26 1 -4
BITMAP
F03E0780
F03E0780
F03C0780
F03C0780
787E0F00
787E0F00
787F0F00
78770F00
3C771E00
3CE39E00
3CE39E00
3CE39E00
1EE3BC00
1EE3BC00
1E80BC00
1F80FC00
0F80F800
0F80F800
0F80F800
0780F000
0780F000
0780F000
00000000
001C0000
001C0000
001C0000
ENDCHAR
STARTCHAR uni1E89
ENCODING 7817
SWIDTH 778 0
DWIDTH 22 0
BBX 22 20 0 -4
BITMAP
F0783C
F0783C
F0FC3C
78FC78
78FC78
78FC78
3DCEF0
3DCEF0
3DCEF0
3DCEF0
1D87E0
1F87E0
1F87E0
0F87C0
0F83C0
0F87C0
000000
003800
003800
003800
ENDCHAR
STARTCHAR uni1E8A
ENCODING 7818
SWIDTH 667 0
DWIDTH 19 0
BBX 17 26 1 0
BITMAP
01C000
01C000
01C000
000000
F80F80
7C1F00
7C1F00
3E3E00
3E3E00
1F7C00
0FF800
0FF800
07F000
01E000
01E000
07F000
07F000
0FF800
0F7800
1F7C00
3E3E00
3E3E00
7C1F00
7C1F00
F80F80
F80F80
ENDCHAR
STARTCHAR uni1E8B
ENCODING 7819
SWIDTH 556 0
DWIDTH 16 0
BBX 14 20 1 0
BITMAP
0380
0380
0380
0000
F87C
7878
7CF8
3CF0
1FE0
1FE0
0FC0
0780
0FC0
0FC0
1FE0
3DF0
3CF0
7CF8
F87C
F87C
ENDCHAR
STARTCHAR uni1E8C
ENCODING 7820
SWIDTH 667 0
DWIDTH 19 0
BBX 17 27 1 0
BITMAP
0E3800
0E3800
0E3800
000000
000000
F80F80
7C1F00
7C1F00
3E3E00
3E3E00
1F7C00
0FF800
0FF800
07F000
01E000
01E000
07F000
07F000
0FF800
0F7800
1F7C00
3E3E00
3E3E00
7C1F00
7C1F00
F80F80
F80F80
ENDCHAR
STARTCHAR uni1E8D
ENCODING 7821
SWIDTH 556 0
DWIDTH 16 0
BBX 14 21 1 0
BITMAP
1C70
1C70
1C70
0000
0000
F87C
7878
7CF8
3CF0
1FE0
1FE0
0FC0
0780
0FC0
0FC0
1FE0
3DF0
3CF0
7CF8
F87C
F87C
ENDCHAR
STARTCHAR uni1E8E
ENCODING 7822
SWIDTH 667 0
DWIDTH 19 0
BBX 18 26 1 0
BITMAP
00E000
00E000
00E000
000000
F807C0
7C0F80
7C0F80
3E1F00
3E1F00
1F3E00
1F3E00
0F3C00
0F7C00
077800
07F800
03F000
03F000
01E000
01E000
01E000
01E000
01E000
01E000
01E000
01E000
01E000
ENDCHAR
STARTCHAR uni1E8F
ENCODING 7823
SWIDTH 556 0
DWIDTH 16 0
BBX 14 26 1 -6
BITMAP
0380
0380
0380
0000
F03C
F03C
F03C
7878
7878
7878
3CF0
3CF0
3CF0
1EE0
0FE0
0FE0
07C0
07C0
03C0
0780
0780
0F00
0F00
3F00
7E00
7C00
ENDCHAR
STARTCHAR uni1E90
ENCODING 7824
SWIDTH 611 0
DWIDTH 18 0
BBX 16 27 1 0
BITMAP
01C0
0360
0630
0C18
0000
FFFF
FFFF
FFFF
001F
003E
003E
007C
00F8
01F0
01F0
03E0
07C0
0F80
0F80
1F00
3E00
7C00
7C00
F800
FFFF
FFFF
FFFF
ENDCHAR
STARTCHAR uni1E91
ENCODING 7825
SWIDTH 500 0
DWIDTH 14 0
BBX 13 21 0 0
BITMAP
0380
06C0
0C60
1830
0000
7FF8
7FF8
7FF8
01F0
00F0
03E0
07C0
0F80
0F80
1F00
3E00
7C00
F800
FFF8
FFF8
FFF8
ENDCHAR
STARTCHAR uni1E92
ENCODING 7826
SWIDTH 611 0
DWIDTH 18 0
BBX 16 26 1 -4
BITMAP
FFFF
FFFF
FFFF
001F
003E
003E
007C
00F8
01F0
01F0
03E0
07C0
0F80
0F80
1F00
3E00
7C00
7C00
F800
FFFF
FFFF
FFFF
0000
0380
0380
0380
ENDCHAR
STARTCHAR uni1E93
ENCODING 7827
SWIDTH 500 0
DWIDTH 14 0
BBX 13 20 0 -4
BITMAP
7FF8
7FF8
7FF8
01F0
00F0
03E0
07C0
0F80
0F80
1F00
3E00
7C00
F800
FFF8
FFF8
FFF8
0000
0700
0700
0700
ENDCHAR
STARTCHAR uni1E94
ENCODING 7828
SWIDTH 611 0
DWIDTH 18 0
BBX 16 25 1 -3
BITMAP
FFFF
FFFF
FFFF
001F
003E
003E
007C
00F8
01F0
01F0
03E0
07C0
0F80
0F80
1F00
3E00
7C00
7C00
F800
FFFF
FFFF
FFFF
0000
1FF0
1FF0
ENDCHAR
STARTCHAR uni1E95
ENCODING 7829
SWIDTH 500 0
DWIDTH 14 0
BBX 13 19 0 -3
BITMAP
7FF8
7FF8
7FF8
01F0
00F0
03E0
07C0
0F80
0F80
1F00
3E00
7C00
F800
FFF8
FFF8
FFF8
0000
3FE0
3FE0
ENDCHAR
STARTCHAR uni1E96
ENCODING 7830
SWIDTH 611 0
DWIDTH 18 0
BBX 14 25 2 -3
BITMAP
F000
F000
F000
F000
F000
F000
F3F0
FFF8
FFFC
F87C
F03C
F03C
F03C
F03C
F03C
F03C
F03C
F03C
F03C
F03C
F03C
F03C
0000
1FF0
1FF0
ENDCHAR
STARTCHAR uni1E97
ENCODING 7831
SWIDTH 333 0
DWIDTH 9 0
BBX 9 26 0 0
BITMAP
E380
E380
E380
0000
0000
3C00
3C00
3C00
3C00
3C00
FF00
FF00
3C00
3C00
3C00
3C00
3C00
3C00
3C00
3C00
3C00
3C00
3C00
3E00
3F00
1F00
ENDCHAR
STARTCHAR uni1E98
ENCODING 7832
SWIDTH 778 0
DWIDTH 22 0
BBX 22 22 0 0
BITMAP
003800
006C00
004400
006C00
003800
000000
F0783C
F0783C
F0FC3C
78FC78
78FC78
78FC78
3DCEF0
3DCEF0
3DCEF0
3DCEF0
1D87E0
1F87E0
1F87E0
0F87C0
0F83C0
0F87C0
ENDCHAR
STARTCHAR uni1E99
ENCODING 7833
SWIDTH 556 0
DWIDTH 16 0
BBX 14 28 1 -6
BITMAP
0380
06C0
0440
06C0
0380
0000
F03C
F03C
F03C
7878
7878
7878
3CF0
3CF0
3CF0
1EE0
0FE0
0FE0
07C0
07C0
03C0
0780
0780
0F00
0F00
3F00
7E00
7C00
ENDCHAR
STARTCHAR uni1EA0
ENCODING 7840
SWIDTH 722 0
DWIDTH 21 0
BBX 19 26 1 -4
BITMAP
01F000
01F000
03F800
03F800
03B800
07BC00
07BC00
07BC00
0F1E00
0F1E00
0F1E00
1E0F00
1E0F00
1E0F00
3FFF80
3FFF80
3FFF80
7803C0
7803C0
7803C0
F001E0
F001E0
000000
00E000
00E000
00E000
ENDCHAR
STARTCHAR uni1EA1
ENCODING 7841
SWIDTH 556 0
DWIDTH 16 0
BBX 14 20 1 -4
BITMAP
1FC0
3FF0
7FF8
7878
F078
0078
07F8
3FF8
7F78
F878
F078
F078
F8F8
FFF8
7FF8
3F7C
0000
0380
0380
0380
ENDCHAR
STARTCHAR uni1EA4
ENCODING 7844
SWIDTH 722 0
DWIDTH 21 0
BBX 19 32 1 0
BITMAP
003800
007000
007000
00E000
000000
00E000
01B000
031800
060C00
000000
01F000
01F000
03F800
03F800
03B800
07BC00
07BC00
07BC00
0F1E00
0F1E00
0F1E00
1E0F00
1E0F00
1E0F00
3FFF80
3FFF80
3FFF80
7803C0
7803C0
7803C0
F001E0
F001E0
ENDCHAR
STARTCHAR uni1EA5
ENCODING 7845
SWIDTH 556 0
DWIDTH 16 0
BBX 14 26 1 0
BITMAP
00E0
01C0
01C0
0380
0000
0380
06C0
0C60
1830
0000
1FC0
3FF0
7FF8
7878
F078
0078
07F8
3FF8
7F78
F878
F078
F078
F8F8
FFF8
7FF8
3F7C
ENDCHAR
STARTCHAR uni1EA6
ENCODING 7846
SWIDTH 722 0
DWIDTH 21 0
BBX 19 32 1 0
BITMAP
038000
01C000
01C000
00E000
000000
00E000
01B000
031800
060C00
000000
01F000
01F000
03F800
03F800
03B800
07BC00
07BC00
07BC00
0F1E00
0F1E00
0F1E00
1E0F00
1E0F00
1E0F00
3FFF80
3FFF80
3FFF80
7803C0
7803C0
7803C0
F001E0
F001E0
ENDCHAR
STARTCHAR uni1EA7
ENCODING 7847
SWIDTH 556 0
DWIDTH 16 0
BBX 14 26 1 0
BITMAP
0E00
0700
0700
0380
0000
0380
06C0
0C60
1830
0000
1FC0
3FF0
7FF8
7878
F078
0078
07F8
3FF8
7F78
F878
F078
F078
F8F8
FFF8
7FF8
3F7C
ENDCHAR
STARTCHAR uni1EAA
ENCODING 7850
SWIDTH 722 0
DWIDTH 21 0
BBX 19 32 1 0
BITMAP
01C600
03FE00
07FC00
063800
000000
00E000
01B000
031800
060C00
000000
01F000
01F000
03F800
03F800
03B800
07BC00
07BC00
07BC00
0F1E00
0F1E00
0F1E00
1E0F00
1E0F00
1E0F00
3FFF80
3FFF80
3FFF80
7803C0
7803C0
7803C0
F001E0
F001E0
ENDCHAR
STARTCHAR uni1EAB
ENCODING 7851
SWIDTH 556 0
DWIDTH 16 0
BBX 14 26 1 0
BITMAP
0718
0FF8
1FF0
18E0
0000
0380
06C0
0C60
1830
0000
1FC0
3FF0
7FF8
7878
F078
0078
07F8
3FF8
7F78
F878
F078
F078
F8F8
FFF8
7FF8
3F7C
ENDCHAR
STARTCHAR uni1EAC
ENCODING 7852
SWIDTH 722 0
DWIDTH 21 0
BBX 19 31 1 -4
BITMAP
00E000
01B000
031800
060C00
000000
01F000
01F000
03F800
03F800
03B800
07BC00
07BC00
07BC00
0F1E00
0F1E00
0F1E00
1E0F00
1E0F00
1E0F00
3FFF80
3FFF80
3FFF80
7803C0
7803C0
7803C0
F001E0
F001E0
000000
00E000
00E000
00E000
ENDCHAR
STARTCHAR uni1EAD
ENCODING 7853
SWIDTH 556 0
DWIDTH 16 0
BBX 14 25 1 -4
BITMAP
0380
06C0
0C60
1830
0000
1FC0
3FF0
7FF8
7878
F078
0078
07F8
3FF8
7F78
F878
F078
F078
F8F8
FFF8
7FF8
3F7C
0000
0380
0380
0380
ENDCHAR
STARTCHAR uni1EAE
ENCODING 7854
SWIDTH 722 0
DWIDTH 21 0
BBX 19 32 1 0
BITMAP
003800
007000
007000
00E000
000000
031800
03F800
01F000
00E000
000000
01F000
01F000
03F800
03F800
03B800
07BC00
07BC00
07BC00
0F1E00
0F1E00
0F1E00
1E0F00
1E0F00
1E0F00
3FFF80
3FFF80
3FFF80
7803C0
7803C0
7803C0
F001E0
F001E0
ENDCHAR
STARTCHAR uni1EAF
ENCODING 7855
SWIDTH 556 0
DWIDTH 16 0
BBX 14 26 1 0
BITMAP
00E0
01C0
01C0
0380
0000
0C60
0FE0
07C0
0380
0000
1FC0
3FF0
7FF8
7878
F078
0078
07F8
3FF8
7F78
F878
F078
F078
F8F8
FFF8
7FF8
3F7C
ENDCHAR
STARTCHAR uni1EB0
ENCODING 7856
SWIDTH 722 0
DWIDTH 21 0
BBX 19 32 1 0
BITMAP
038000
01C000
01C000
00E000
000000
031800
03F800
01F000
00E000
000000
01F000
01F000
03F800
03F800
03B800
07BC00
07BC00
07BC00
0F1E00
0F1E00
0F1E00
1E0F00
1E0F00
1E0F00
3FFF80
3FFF80
3FFF80
7803C0
7803C0
7803C0
F001E0
F001E0
ENDCHAR
STARTCHAR uni1EB1
ENCODING 7857
SWIDTH 556 0
DWIDTH 16 0
BBX 14 26 1 0
BITMAP
0E00
0700
0700
0380
0000
0C60
0FE0
07C0
0380
0000
1FC0
3FF0
7FF8
7878
F078
0078
07F8
3FF8
7F78
F878
F078
F078
F8F8
FFF8
7FF8
3F7C
ENDCHAR
STARTCHAR uni1EB4
ENCODING 7860
SWIDTH 722 0
DWIDTH 21 0
BBX 19 32 1 0
BITMAP
01C600
03FE00
07FC00
063800
000000
031800
03F800
01F000
00E000
000000
01F000
01F000
03F800
03F800
03B800
07BC00
07BC00
07BC00
0F1E00
0F1E00
0F1E00
1E0F00
1E0F00
1E0F00
3FFF80
3FFF80
3FFF80
7803C0
7803C0
7803C0
F001E0
F001E0
ENDCHAR
STARTCHAR uni1EB5
ENCODING 7861
SWIDTH 556 0
DWIDTH 16 0
BBX 14 26 1 0
BITMAP
0718
0FF8
1FF0
18E0
0000
0C60
0FE0
07C0
0380
0000
1FC0
3FF0
7FF8
7878
F078
0078
07F8
3FF8
7F78
F878
F078
F078
F8F8
FFF8
7FF8
3F7C
ENDCHAR
STARTCHAR uni1EB6
ENCODING 7862
SWIDTH 722 0
DWIDTH 21 0
BBX 19 31 1 -4
BITMAP
031800
03F800
01F000
00E000
000000
01F000
01F000
03F800
03F800
03B800
07BC00
07BC00
07BC00
0F1E00
0F1E00
0F1E00
1E0F00
1E0F00
1E0F00
3FFF80
3FFF80
3FFF80
7803C0
7803C0
7803C0
F001E0
F001E0
000000
00E000
00E000
00E000
ENDCHAR
STARTCHAR uni1EB7
ENCODING 7863
SWIDTH 556 0
DWIDTH 16 0
BBX 14 25 1 -4
BITMAP
0C60
0FE0
07C0
0380
0000
1FC0
3FF0
7FF8
7878
F078
0078
07F8
3FF8
7F78
F878
F078
F078
F8F8
FFF8
7FF8
3F7C
0000
0380
0380
0380
ENDCHAR
STARTCHAR uni1EB8
ENCODING 7864
SWIDTH 667 0
DWIDTH 19 0
BBX 16 26 2 -4
BITMAP
FFFE
FFFE
FFFE
F000
F000
F000
F000
F000
F000
FFFE
FFFE
FFFE
F000
F000
F000
F000
F000
F000
F000
FFFF
FFFF
FFFF
0000
0380
0380
0380
ENDCHAR
STARTCHAR uni1EB9
ENCODING 7865
SWIDTH 556 0
DWIDTH 16 0
BBX 14 20 1 -4
BITMAP
0FC0
1FF0
3FF8
7878
703C
F03C
FFFC
FFFC
FFFC
F000
F000
703C
7878
3FF8
3FF0
0FC0
0000
0380
0380
0380
ENDCHAR
STARTCHAR uni1EBC
ENCODING 7868
SWIDTH 667 0
DWIDTH 19 0
BBX 16 27 2 0
BITMAP
0718
0FF8
1FF0
18E0
0000
FFFE
FFFE
FFFE
F000
F000
F000
F000
F000
F000
FFFE
FFFE
FFFE
F000
F000
F000
F000
F000
F000
F000
FFFF
FFFF
FFFF
ENDCHAR
STARTCHAR uni1EBD
ENCODING 7869
SWIDTH 556 0
DWIDTH 16 0
BBX 14 21 1 0
BITMAP
0718
0FF8
1FF0
18E0
0000
0FC0
1FF0
3FF8
7878
703C
F03C
FFFC
FFFC
FFFC
F000
F000
703C
7878
3FF8
3FF0
0FC0
ENDCHAR
STARTCHAR uni1EBE
ENCODING 7870
SWIDTH 667 0
DWIDTH 19 0
BBX 16 32 2 0
BITMAP
00E0
01C0
01C0
0380
0000
0380
06C0
0C60
1830
0000
FFFE
FFFE
FFFE
F000
F000
F000
F000
F000
F000
FFFE
FFFE
FFFE
F000
F000
F000
F000
F000
F000
F000
FFFF
FFFF
FFFF
ENDCHAR
STARTCHAR uni1EBF
ENCODING 7871
SWIDTH 556 0
DWIDTH 16 0
BBX 14 26 1 0
BITMAP
00E0
01C0
01C0
0380
0000
0380
06C0
0C60
1830
0000
0FC0
1FF0
3FF8
7878
703C
F03C
FFFC
FFFC
FFFC
F000
F000
703C
7878
3FF8
3FF0
0FC0
ENDCHAR
STARTCHAR uni1EC0
ENCODING 7872
SWIDTH 667 0
DWIDTH 19 0
BBX 16 32 2 0
BITMAP
0E00
0700
0700
0380
0000
0380
06C0
0C60
1830
0000
FFFE
FFFE
FFFE
F000
F000
F000
F000
F000
F000
FFFE
FFFE
FFFE
F000
F000
F000
F000
F000
F000
F000
FFFF
FFFF
FFFF
ENDCHAR
STARTCHAR uni1EC1
ENCODING 7873
SWIDTH 556 0
DWIDTH 16 0
BBX 14 26 1 0
BITMAP
0E00
0700
0700
0380
0000
0380
06C0
0C60
1830
0000
0FC0
1FF0
3FF8
7878
703C
F03C
FFFC
FFFC
FFFC
F000
F000
703C
7878
3FF8
3FF0
0FC0
ENDCHAR
STARTCHAR uni1EC4
ENCODING 7876
SWIDTH 667 0
DWIDTH 19 0
BBX 16 32 2 0
BITMAP
0718
0FF8
1FF0
18E0
0000
0380
06C0
0C60
1830
0000
FFFE
FFFE
FFFE
F000
F000
F000
F000
F000
F000
FFFE
FFFE
FFFE
F000
F000
F000
F000
F000
F000
F000
FFFF
FFFF
FFFF
ENDCHAR
STARTCHAR uni1EC5
ENCODING 7877
SWIDTH 556 0
DWIDTH 16 0
BBX 14 26 1 0
BITMAP
0718
0FF8
1FF0
18E0
0000
0380
06C0
0C60
1830
0000
0FC0
1FF0
3FF8
7878
703C
F03C
FFFC
FFFC
FFFC
F000
F000
703C
7878
3FF8
3FF0
0FC0
ENDCHAR
STARTCHAR uni1EC6
ENCODING 7878
SWIDTH 667 0
DWIDTH 19 0
BBX 16 31 2 -4
BITMAP
0380
06C0
0C60
1830
0000
FFFE
FFFE
FFFE
F000
F000
F000
F000
F000
F000
FFFE
FFFE
FFFE
F000
F000
F000
F000
F000
F000
F000
FFFF
FFFF
FFFF
0000
0380
0380
0380
ENDCHAR
STARTCHAR uni1EC7
ENCODING 7879
SWIDTH 556 0
DWIDTH 16 0
BBX 14 25 1 -4
BITMAP
0380
06C0
0C60
1830
0000
0FC0
1FF0
3FF8
7878
703C
F03C
FFFC
FFFC
FFFC
F000
F000
703C
7878
3FF8
3FF0
0FC0
0000
0380
0380
0380
ENDCHAR
STARTCHAR uni1ECA
ENCODING 7882
SWIDTH 278 0
DWIDTH 8 0
BBX 4 26 2 -4
BITMAP
F0
F0
F0
F0
F0
F0
F0
F0
F0
F0
F0
F0
F0
F0
F0
F0
F0
F0
F0
F0
F0
F0
00
70
70
70
ENDCHAR
STARTCHAR uni1ECB
ENCODING 7883
SWIDTH 278 0
DWIDTH 8 0
BBX 4 26 2 -4
BITMAP
F0
F0
F0
F0
00
00
F0
F0
F0
F0
F0
F0
F0
F0
F0
F0
F0
F0
F0
F0
F0
F0
00
70
70
70
ENDCHAR
STARTCHAR uni1ECC
ENCODING 7884
SWIDTH 778 0
DWIDTH 22 0
BBX 20 26 1 -4
BITMAP
03FC00
0FFF00
1FFF80
3F0FC0
7C03E0
7801E0
7801E0
F000F0
F000F0
F000F0
F000F0
F000F0
F000F0
F000F0
F000F0
7801E0
7801E0
7C03E0
3F0FC0
1FFF80
0FFF00
03FC00
000000
007000
007000
007000
ENDCHAR
STARTCHAR uni1ECD
ENCODING 7885
SWIDTH 611 0
DWIDTH 18 0
BBX 16 20 1 -4
BITMAP
07E0
1FF8
3FFC
7C3E
781E
F00F
F00F
F00F
F00F
F00F
F00F
781E
7C3E
3FFC
1FF8
07E0
0000
01C0
01C0
01C0
ENDCHAR
STARTCHAR uni1ED0
ENCODING 7888
SWIDTH 778 0
DWIDTH 22 0
BBX 20 32 1 0
BITMAP
001C00
003800
003800
007000
000000
007000
00D800
018C00
030600
000000
03FC00
0FFF00
1FFF80
3F0FC0
7C03E0
7801E0
7801E0
F000F0
F000F0
F000F0
F000F0
F000F0
F000F0
F000F0
F000F0
7801E0
7801E0
7C03E0
3F0FC0
1FFF80
0FFF00
03FC00
ENDCHAR
STARTCHAR uni1ED1
ENCODING 7889
SWIDTH 611 0
DWIDTH 18 0
BBX 16 26 1 0
BITMAP
0070
00E0
00E0
01C0
0000
01C0
0360
0630
0C18
0000
07E0
1FF8
3FFC
7C3E
781E
F00F
F00F
F00F
F00F
F00F
F00F
781E
7C3E
3FFC
1FF8
07E0
ENDCHAR
STARTCHAR uni1ED2
ENCODING 7890
SWIDTH 778 0
DWIDTH 22 0
BBX 20 32 1 0
BITMAP
01C000
00E000
00E000
007000
000000
007000
00D800
018C00
030600
000000
03FC00
0FFF00
1FFF80
3F0FC0
7C03E0
7801E0
7801E0
F000F0
F000F0
F000F0
F000F0
F000F0
F000F0
F000F0
F000F0
7801E0
7801E0
7C03E0
3F0FC0
1FFF80
0FFF00
03FC00
ENDCHAR
STARTCHAR uni1ED3
ENCODING 7891
SWIDTH 611 0
DWIDTH 18 0
BBX 16 26 1 0
BITMAP
0700
0380
0380
01C0
0000
01C0
0360
0630
0C18
0000
07E0
1FF8
3FFC
7C3E
781E
F00F
F00F
F00F
F00F
F00F
F00F
781E
7C3E
3FFC
1FF8
07E0
ENDCHAR
STARTCHAR uni1ED6
ENCODING 7894
SWIDTH 778 0
DWIDTH 22 0
BBX 20 32 1 0
BITMAP
00E300
01FF00
03FE00
031C00
000000
007000
00D800
018C00
030600
000000
03FC00
0FFF00
1FFF80
3F0FC0
7C03E0
7801E0
7801E0
F000F0
F000F0
F000F0
F000F0
F000F0
F000F0
F000F0
F000F0
7801E0
7801E0
7C03E0
3F0FC0
1FFF80
0FFF00
03FC00
ENDCHAR
STARTCHAR uni1ED7
ENCODING 7895
SWIDTH 611 0
DWIDTH 18 0
BBX 16 26 1 0
BITMAP
038C
07FC
0FF8
0C70
0000
01C0
0360
0630
0C18
0000
07E0
1FF8
3FFC
7C3E
781E
F00F
F00F
F00F
F00F
F00F
F00F
781E
7C3E
3FFC
1FF8
07E0
ENDCHAR
STARTCHAR uni1ED8
ENCODING 7896
SWIDTH 778 0
DWIDTH 22 0
BBX 20 31 1 -4
BITMAP
007000
00D800
018C00
030600
000000
03FC00
0FFF00
1FFF80
3F0FC0
7C03E0
7801E0
7801E0
F000F0
F000F0
F000F0
F000F0
F000F0
F000F0
F000F0
F000F0
7801E0
7801E0
7C03E0
3F0FC0
1FFF80
0FFF00
03FC00
000000
007000
007000
007000
ENDCHAR
STARTCHAR uni1ED9
ENCODING 7897
SWIDTH 611 0
DWIDTH 18 0
BBX 16 25 1 -4
BITMAP
01C0
0360
0630
0C18
0000
07E0
1FF8
3FFC
7C3E
781E
F00F
F00F
F00F
F00F
F00F
F00F
781E
7C3E
3FFC
1FF8
07E0
0000
01C0
01C0
01C0
ENDCHAR
STARTCHAR uni1EDA
ENCODING 7898
SWIDTH 778 0
DWIDTH 22 0
BBX 21 27 1 0
BITMAP
001C00
003800
003800
007000
000038
03FC38
0FFF70
1FFFC0
3F0FC0
7C03E0
7801E0
7801E0
F000F0
F000F0
F000F0
F000F0
F000F0
F000F0
F000F0
F000F0
7801E0
7801E0
7C03E0
3F0FC0
1FFF80
0FFF00
03FC00
ENDCHAR
STARTCHAR uni1EDB
ENCODING 7899
SWIDTH 611 0
DWIDTH 18 0
BBX 17 21 1 0
BITMAP
007000
00E000
00E000
01C380
000380
07E700
1FFC00
3FFC00
7C3E00
781E00
F00F00
F00F00
F00F00
F00F00
F00F00
F00F00
781E00
7C3E00
3FFC00
1FF800
07E000
ENDCHAR
STARTCHAR uni1EDC
ENCODING 7900
SWIDTH 778 0
DWIDTH 22 0
BBX 21 27 1 0
BITMAP
01C000
00E000
00E000
007000
000038
03FC38
0FFF70
1FFFC0
3F0FC0
7C03E0
7801E0
7801E0
F000F0
F000F0
F000F0
F000F0
F000F0
F000F0
F000F0
F000F0
7801E0
7801E0
7C03E0
3F0FC0
1FFF80
0FFF00
03FC00
ENDCHAR
STARTCHAR uni1EDD
ENCODING 7901
SWIDTH 611 0
DWIDTH 18 0
BBX 17 21 1 0
BITMAP
070000
038000
038000
01C380
000380
07E700
1FFC00
3FFC00
7C3E00
781E00
F00F00
F00F00
F00F00
F00F00
F00F00
F00F00
781E00
7C3E00
3FFC00
1FF800
07E000
ENDCHAR
STARTCHAR uni1EE0
ENCODING 7904
SWIDTH 778 0
DWIDTH 22 0
BBX 21 27 1 0
BITMAP
01C600
03FE00
07FC00
063800
000038
03FC38
0FFF70
1FFFC0
3F0FC0
7C03E0
7801E0
7801E0
F000F0
F000F0
F000F0
F000F0
F000F0
F000F0
F000F0
F000F0
7801E0
7801E0
7C03E0
3F0FC0
1FFF80
0FFF00
03FC00
ENDCHAR
STARTCHAR uni1EE1
ENCODING 7905
SWIDTH 611 0
DWIDTH 18 0
BBX 17 21 1 0
BITMAP
071800
0FF800
1FF000
18E380
000380
07E700
1FFC00
3FFC00
7C3E00
781E00
F00F00
F00F00
F00F00
F00F00
F00F00
F00F00
781E00
7C3E00
3FFC00
1FF800
07E000
ENDCHAR
STARTCHAR uni1EE2
ENCODING 7906
SWIDTH 778 0
DWIDTH 22 0
BBX 21 27 1 -4
BITMAP
000038
03FC38
0FFF70
1FFFC0
3F0FC0
7C03E0
7801E0
7801E0
F000F0
F000F0
F000F0
F000F0
F000F0
F000F0
F000F0
F000F0
7801E0
7801E0
7C03E0
3F0FC0
1FFF80
0FFF00
03FC00
000000
007000
007000
007000
ENDCHAR
STARTCHAR uni1EE3
ENCODING 7907
SWIDTH 611 0
DWIDTH 18 0
BBX 17 22 1 -4
BITMAP
000380
000380
07E700
1FFC00
3FFC00
7C3E00
781E00
F00F00
F00F00
F00F00
F00F00
F00F00
F00F00
781E00
7C3E00
3FFC00
1FF800
07E000
000000
01C000
01C000
01C000
ENDCHAR
STARTCHAR uni1EE4
ENCODING 7908
SWIDTH 722 0
DWIDTH 21 0
BBX 17 26 2 -4
BITMAP
F00780
F00780
F00780
F00780
F00780
F00780
F00780
F00780
F00780
F00780
F00780
F00780
F00780
F00780
F00780
F00780
F00780
F80F80
7C1F00
7FFF00
3FFE00
0FF800
000000
01C000
01C000
01C000
ENDCHAR
STARTCHAR uni1EE5
ENCODING 7909
SWIDTH 611 0
DWIDTH 18 0
BBX 14 20 2 -4
BITMAP
F03C
F03C
F03C
F03C
F03C
F03C
F03C
F03C
F03C
F03C
F03C
F03C
F87C
FFFC
7FFC
3F3C
0000
0380
0380
0380
ENDCHAR
STARTCHAR uni1EE8
ENCODING 7912
SWIDTH 722 0
DWIDTH 23 0
BBX 21 27 2 0
BITMAP
007000
00E000
00E000
01C000
000038
F007B8
F007F0
F00780
F00780
F00780
F00780
F00780
F00780
F00780
F00780
F00780
F00780
F00780
F00780
F00780
F00780
F00780
F80F80
7C1F00
7FFF00
3FFE00
0FF800
ENDCHAR
STARTCHAR uni1EE9
ENCODING 7913
SWIDTH 611 0
DWIDTH 20 0
BBX 18 21 2 0
BITMAP
00E000
01C000
01C000
0381C0
0001C0
F03F80
F03C00
F03C00
F03C00
F03C00
F03C00
F03C00
F03C00
F03C00
F03C00
F03C00
F03C00
F87C00
FFFC00
7FFC00
3F3C00
ENDCHAR
STARTCHAR uni1EEA
ENCODING 7914
SWIDTH 722 0
DWIDTH 23 0
BBX 21 27 2 0
BITMAP
070000
038000
038000
01C000
000038
F007B8
F007F0
F00780
F00780
F00780
F00780
F00780
F00780
F00780
F00780
F00780
F00780
F00780
F00780
F00780
F00780
F00780
F80F80
7C1F00
7FFF00
3FFE00
0FF800
ENDCHAR
STARTCHAR uni1EEB
ENCODING 7915
SWIDTH 611 0
DWIDTH 20 0
BBX 18 21 2 0
BITMAP
0E0000
070000
070000
0381C0
0001C0
F03F80
F03C00
F03C00
F03C00
F03C00
F03C00
F03C00
F03C00
F03C00
F03C00
F03C00
F03C00
F87C00
FFFC00
7FFC00
3F3C00
ENDCHAR
STARTCHAR uni1EEE
ENCODING 7918
SWIDTH 722 0
DWIDTH 23 0
BBX 21 27 2 0
BITMAP
038C00
07FC00
0FF800
0C7000
000038
F007B8
F007F0
F00780
F00780
F00780
F00780
F00780
F00780
F00780
F00780
F00780
F00780
F00780
F00780
F00780
F00780
F00780
F80F80
7C1F00
7FFF00
3FFE00
0FF800
ENDCHAR
STARTCHAR uni1EEF
ENCODING 7919
SWIDTH 611 0
DWIDTH 20 0
BBX 18 21 2 0
BITMAP
0E3000
1FF000
3FE000
31C1C0
0001C0
F03F80
F03C00
F03C00
F03C00
F03C00
F03C00
F03C00
F03C00
F03C00
F03C00
F03C00
F03C00
F87C00
FFFC00
7FFC00
3F3C00
ENDCHAR
STARTCHAR uni1EF0
ENCODING 7920
SWIDTH 722 0
DWIDTH 23 0
BBX 21 27 2 -4
BITMAP
000038
F007B8
F007F0
F00780
F00780
F00780
F00780
F00780
F00780
F00780
F00780
F00780
F00780
F00780
F00780
F00780
F00780
F00780
F80F80
7C1F00
7FFF00
3FFE00
0FF800
000000
01C000
01C000
01C000
ENDCHAR
STARTCHAR uni1EF1
ENCODING 7921
SWIDTH 611 0
DWIDTH 20 0
BBX 18 22 2 -4
BITMAP
0001C0
0001C0
F03F80
F03C00
F03C00
F03C00
F03C00
F03C00
F03C00
F03C00
F03C00
F03C00
F03C00
F03C00
F87C00
FFFC00
7FFC00
3F3C00
000000
038000
038000
038000
ENDCHAR
STARTCHAR Ygrave
ENCODING 7922
SWIDTH 667 0
DWIDTH 19 0
BBX 18 27 1 0
BITMAP
038000
01C000
01C000
00E000
000000
F807C0
7C0F80
7C0F80
3E1F00
3E1F00
1F3E00
1F3E00
0F3C00
0F7C00
077800
07F800
03F000
03F000
01E000
01E000
01E000
01E000
01E000
01E000
01E000
01E000
01E000
ENDCHAR
STARTCHAR ygrave
ENCODING 7923
SWIDTH 556 0
DWIDTH 16 0
BBX 14 27 1 -6
BITMAP
0E00
0700
0700
0380
0000
F03C
F03C
F03C
7878
7878
7878
3CF0
3CF0
3CF0
1EE0
0FE0
0FE0
07C0
07C0
03C0
0780
0780
0F00
0F00
3F00
7E00
7C00
ENDCHAR
STARTCHAR uni1EF4
ENCODING 7924
SWIDTH 667 0
DWIDTH 19 0
BBX 18 26 1 -4
BITMAP
F807C0
7C0F80
7C0F80
3E1F00
3E1F00
1F3E00
1F3E00
0F3C00
0F7C00
077800
07F800
03F000
03F000
01E000
01E000
01E000
01E000
01E000
01E000
01E000
01E000
01E000
000000
00E000
00E000
00E000
ENDCHAR
STARTCHAR uni1EF5
ENCODING 7925
SWIDTH 556 0
DWIDTH 16 0
BBX 14 26 1 -10
BITMAP
F03C
F03C
F03C
7878
7878
7878
3CF0
3CF0
3CF0
1EE0
0FE0
0FE0
07C0
07C0
03C0
0780
0780
0F00
0F00
3F00
7E00
7C00
0000
0E00
0E00
0E00
ENDCHAR
STARTCHAR uni1EF8
ENCODING 7928
SWIDTH 667 0
DWIDTH 19 0
BBX 18 27 1 0
BITMAP
038C00
07FC00
0FF800
0C7000
000000
F807C0
7C0F80
7C0F80
3E1F00
3E1F00
1F3E00
1F3E00
0F3C00
0F7C00
077800
07F800
03F000
03F000
01E000
01E000
01E000
01E000
01E000
01E000
01E000
01E000
01E000
ENDCHAR
STARTCHAR uni1EF9
ENCODING 7929
SWIDTH 556 0
DWIDTH 16 0
BBX 14 27 1 -6
BITMAP
0E30
1FF0
3FE0
31C0
0000
F03C
F03C
F03C
7878
7878
7878
3CF0
3CF0
3CF0
1EE0
0FE0
0FE0
07C0
07C0
03C0
0780
0780
0F00
0F00
3F00
7E00
7C00
ENDCHAR
STARTCHAR uni2000
ENCODING 8192
SWIDTH 500 0
DWIDTH 14 0
BBX 1 1 0 0
BITMAP
00
ENDCHAR
STARTCHAR uni2001
ENCODING 8193
SWIDTH 1000 0
DWIDTH 29 0
BBX 1 1 0 0
BITMAP
00
ENDCHAR
STARTCHAR uni2002
ENCODING 8194
SWIDTH 500 0
DWIDTH 14 0
BBX 1 1 0 0
BITMAP
00
ENDCHAR
STARTCHAR uni2003
ENCODING 8195
SWIDTH 1000 0
DWIDTH 29 0
BBX 1 1 0 0
BITMAP
00
ENDCHAR
STARTCHAR uni2004
ENCODING 8196
SWIDTH 333 0
DWIDTH 9 0
BBX 1 1 0 0
BITMAP
00
ENDCHAR
STARTCHAR uni2005
ENCODING 8197
SWIDTH 250 0
DWIDTH 7 0
BBX 1 1 0 0
BITMAP
00
ENDCHAR
STARTCHAR uni2006
ENCODING 8198
SWIDTH 167 0
DWIDTH 5 0
BBX 1 1 0 0
BITMAP
00
ENDCHAR
STARTCHAR uni2007
ENCODING 8199
SWIDTH 556 0
DWIDTH 16 0
BBX 1 1 0 0
BITMAP
00
ENDCHAR
STARTCHAR uni2008
ENCODING 8200
SWIDTH 278 0
DWIDTH 8 0
BBX 1 1 0 0
BITMAP
00
ENDCHAR
STARTCHAR uni2009
ENCODING 8201
SWIDTH 200 0
DWIDTH 6 0
BBX 1 1 0 0
BITMAP
00
ENDCHAR
STARTCHAR uni200A
ENCODING 8202
SWIDTH 100 0
DWIDTH 3 0
BBX 1 1 0 0
BITMAP
00
ENDCHAR
STARTCHAR uni200B
ENCODING 8203
SWIDTH 0 0
DWIDTH 0 0
BBX 1 1 0 0
BITMAP
00
ENDCHAR
STARTCHAR uni2010
ENCODING 8208
SWIDTH 333 0
DWIDTH 9 0
BBX 8 4 0 7
BITMAP
FF
FF
FF
FF
ENDCHAR
STARTCHAR uni2011
ENCODING 8209
SWIDTH 333 0
DWIDTH 9 0
BBX 8 4 0 7
BITMAP
FF
FF
FF
FF
ENDCHAR
STARTCHAR figuredash
ENCODING 8210
SWIDTH 556 0
DWIDTH 16 0
BBX 16 3 0 7
BITMAP
FFFF
FFFF
FFFF
ENDCHAR
STARTCHAR endash
ENCODING 8211
SWIDTH 556 0
DWIDTH 16 0
BBX 16 3 0 7
BITMAP
FFFF
FFFF
FFFF
ENDCHAR
STARTCHAR emdash
ENCODING 8212
SWIDTH 1000 0
DWIDTH 29 0
BBX 29 3 0 7
BITMAP
FFFFFFF8
FFFFFFF8
FFFFFFF8
ENDCHAR
STARTCHAR afii00208
ENCODING 8213
SWIDTH 1000 0
DWIDTH 29 0
BBX 29 3 0 7
BITMAP
FFFFFFF8
FFFFFFF8
FFFFFFF8
ENDCHAR
STARTCHAR quoteleft
ENCODING 8216
SWIDTH 278 0
DWIDTH 8 0
BBX 4 7 2 15
BITMAP
30
60
C0
F0
F0
F0
F0
ENDCHAR
STARTCHAR quoteright
ENCODING 8217
SWIDTH 278 0
DWIDTH 8 0
BBX 4 7 2 15
BITMAP
F0
F0
F0
F0
30
60
C0
ENDCHAR
STARTCHAR quotesinglbase
ENCODING 8218
SWIDTH 278 0
DWIDTH 8 0
BBX 4 7 2 -3
BITMAP
F0
F0
F0
F0
30
60
C0
ENDCHAR
STARTCHAR quotereversed
ENCODING 8219
SWIDTH 278 0
DWIDTH 8 0
BBX 4 7 2 15
BITMAP
F0
F0
F0
F0
C0
60
30
ENDCHAR
STARTCHAR quotedblleft
ENCODING 8220
SWIDTH 500 0
DWIDTH 14 0
BBX 11 7 2 15
BITMAP
3060
60C0
C180
F1E0
F1E0
F1E0
F1E0
ENDCHAR
STARTCHAR quotedblright
ENCODING 8221
SWIDTH 500 0
DWIDTH 14 0
BBX 11 7 2 15
BITMAP
F1E0
F1E0
F1E0
F1E0
3060
60C0
C180
ENDCHAR
STARTCHAR quotedblbase
ENCODING 8222
SWIDTH 500 0
DWIDTH 14 0
BBX 11 7 2 -3
BITMAP
F1E0
F1E0
F1E0
F1E0
3060
60C0
C180
ENDCHAR
STARTCHAR uni201F
ENCODING 8223
SWIDTH 500 0
DWIDTH 14 0
BBX 11 7 2 15
BITMAP
F1E0
F1E0
F1E0
F1E0
C180
60C0
3060
ENDCHAR
STARTCHAR dagger
ENCODING 8224
SWIDTH 556 0
DWIDTH 16 0
BBX 14 28 1 -6
BITMAP
0780
0780
0780
0780
0780
0780
0380
FBFC
FFFC
FFFC
0780
0780
0780
0780
0780
0780
0780
0780
0780
0780
0780
0780
0780
0780
0780
0780
0780
0780
ENDCHAR
STARTCHAR daggerdbl
ENCODING 8225
SWIDTH 556 0
DWIDTH 16 0
BBX 14 28 1 -6
BITMAP
0780
0780
0780
0780
0780
0780
0780
FFFC
FFFC
F7FC
0700
0780
0780
0780
0780
0780
0780
0700
F7FC
FFFC
FFFC
0780
0780
0780
0780
0780
0780
0780
ENDCHAR
STARTCHAR bullet
ENCODING 8226
SWIDTH 350 0
DWIDTH 10 0
BBX 8 8 1 5
BITMAP
3C
7E
FF
FF
FF
FF
7E
3C
ENDCHAR
STARTCHAR ellipsis
ENCODING 8230
SWIDTH 1000 0
DWIDTH 29 0
BBX 22 4 3 0
BITMAP
F0783C
F0783C
F0783C
F0783C
ENDCHAR
STARTCHAR perthousand
ENCODING 8240
SWIDTH 1000 0
DWIDTH 29 0
BBX 29 22 0 0
BITMAP
3E060000
7F0C0000
E38C0000
C1980000
C1980000
E3B00000
7F300000
3E600000
00600000
00C00000
00C00000
01800000
01800000
03000000
031F03E0
063F87F0
0671CE38
0C60CC18
0C60CC18
1871CE38
183F87F0
301F03E0
ENDCHAR
STARTCHAR guilsinglleft
ENCODING 8249
SWIDTH 333 0
DWIDTH 9 0
BBX 5 11 2 3
BITMAP
08
18
38
F0
E0
C0
E0
F0
38
18
08
ENDCHAR
STARTCHAR guilsinglright
ENCODING 8250
SWIDTH 333 0
DWIDTH 9 0
BBX 5 11 2 3
BITMAP
80
C0
E0
78
38
18
38
78
E0
C0
80
ENDCHAR
STARTCHAR fraction
ENCODING 8260
SWIDTH 167 0
DWIDTH 5 0
BBX 15 22 -5 0
BITMAP
000E
001C
0018
0038
0030
0070
0060
00E0
00C0
01C0
0380
0300
0700
0600
0E00
0C00
1C00
1800
3000
7000
6000
E000
ENDCHAR
STARTCHAR oneinferior
ENCODING 8321
SWIDTH 333 0
DWIDTH 9 0
BBX 6 13 1 -6
BITMAP
0C
1C
3C
FC
FC
1C
1C
1C
1C
1C
1C
1C
1C
ENDCHAR
STARTCHAR twoinferior
ENCODING 8322
SWIDTH 333 0
DWIDTH 9 0
BBX 9 13 0 -6
BITMAP
3E00
7F00
F780
E380
E380
E380
0780
0F00
1C00
3800
7000
FF80
FF80
ENDCHAR
STARTCHAR threeinferior
ENCODING 8323
SWIDTH 333 0
DWIDTH 9 0
BBX 9 13 0 -6
BITMAP
3E00
FF00
E780
E380
C380
C380
1E00
1F80
0380
C380
E380
FF00
3E00
ENDCHAR
STARTCHAR uni20A5
ENCODING 8357
SWIDTH 889 0
DWIDTH 26 0
BBX 22 22 2 -3
BITMAP
000600
000600
000C00
F7EFF0
FFFFF8
FFFFFC
F8FC7C
F0783C
F0783C
F0783C
F0783C
F0783C
F0783C
F0783C
F0783C
F0F83C
F0F83C
F0F83C
F1F83C
018000
018000
030000
ENDCHAR
STARTCHAR uni20A6
ENCODING 8358
SWIDTH 722 0
DWIDTH 21 0
BBX 17 22 2 0
BITMAP
F00780
F80780
F80780
F00780
F80780
FC0780
FE0780
F7FF80
F78780
F3C780
F3C780
F1E780
FFFF80
F0F380
F01F80
F01F80
F00F80
F00F80
F00780
F00780
F00F80
F00780
ENDCHAR
STARTCHAR uni20A9
ENCODING 8361
SWIDTH 944 0
DWIDTH 27 0
BBX 25 22 1 0
BITMAP
F03E0780
F03E0780
F03C0780
F03C0780
783E0F00
783E0F00
783F0F00
FFFFFF80
3C771E00
3CE39E00
3CE39E00
3CE39E00
FFFFFF80
1EE3BC00
1F007C00
1F007C00
0F007800
0F007800
0F007800
0780F000
0780F000
0780F000
ENDCHAR
STARTCHAR Euro
ENCODING 8364
SWIDTH 722 0
DWIDTH 21 0
BBX 16 22 2 0
BITMAP
00FC
03FF
07FF
0F8F
1F02
1E02
1E00
3E00
7FFC
FDFC
3C00
1C00
7FF8
FFF0
3E00
1E00
1E00
1F02
0F86
0FFE
07FE
01FE
ENDCHAR
STARTCHAR uni20AD
ENCODING 8365
SWIDTH 722 0
DWIDTH 21 0
BBX 18 22 2 0
BITMAP
F00F80
F01F00
F03E00
F07C00
F0F800
F0F800
F1F000
F3E000
E7C000
F7C000
FFFFC0
FFE000
FDF000
F0F800
F07C00
F07C00
F03E00
F01F00
F01F00
F00F80
F007C0
F007C0
ENDCHAR
STARTCHAR uni2103
ENCODING 8451
SWIDTH 1102 0
DWIDTH 32 0
BBX 28 22 1 0
BITMAP
1C00FE00
7F03FFC0
6307FFE0
C18F83E0
C19F01F0
C19E00F0
631E00F0
7F3C0000
1C3C0000
003C0000
003C0000
003C0000
003C0000
003C0000
003C00F0
001E00F0
001E01F0
001F01F0
000F83E0
0007FFC0
0003FF80
0000FE00
ENDCHAR
STARTCHAR uni2109
ENCODING 8457
SWIDTH 991 0
DWIDTH 29 0
BBX 25 22 1 0
BITMAP
1C3FFF80
7F3FFF80
633FFF80
C1BC0000
C1BC0000
C1BC0000
633C0000
7F3C0000
1C3C0000
003FFF00
003FFF00
003FFF00
003C0000
003C0000
003C0000
003C0000
003C0000
003C0000
003C0000
003C0000
003C0000
003C0000
ENDCHAR
STARTCHAR trademark
ENCODING 8482
SWIDTH 1000 0
DWIDTH 29 0
BBX 25 13 2 9
BITMAP
FFEF0780
FFEF8F80
0E0F8F80
0E0F8F80
0E0F8F80
0E0E8B80
0E0EDB80
0E0EDB80
0E0EDB80
0E0EDB80
0E0E7380
0E0E7380
0E0E7380
ENDCHAR
STARTCHAR uni212A
ENCODING 8490
SWIDTH 722 0
DWIDTH 21 0
BBX 18 22 2 0
BITMAP
F00F80
F01F00
F03E00
F07C00
F0F800
F0F800
F1F000
F3E000
F7C000
F7C000
FFE000
FFE000
FDF000
F0F800
E07C00
F07C00
F03E00
F01F00
F01F00
F00F80
F007C0
F007C0
ENDCHAR
STARTCHAR uni212B
ENCODING 8491
SWIDTH 722 0
DWIDTH 21 0
BBX 19 28 1 0
BITMAP
00E000
01B000
011000
01B000
00E000
000000
01F000
01F000
03F800
03F800
03B800
07BC00
07BC00
07BC00
0F1E00
0F1E00
0F1E00
1E0F00
1E0F00
1E0F00
3FFF80
3FFF80
3FFF80
7803C0
7803C0
7803C0
F001E0
F001E0
ENDCHAR
STARTCHAR uni2132
ENCODING 8498
SWIDTH 611 0
DWIDTH 18 0
BBX 15 22 2 0
BITMAP
001E
001E
001E
001E
001E
001E
001E
001E
001E
001E
7FFE
7FFE
7FFE
001E
001E
001E
001E
001E
001E
FFFE
FFFE
FFFE
ENDCHAR
STARTCHAR universal
ENCODING 8704
SWIDTH 722 0
DWIDTH 21 0
BBX 19 22 1 0
BITMAP
F001E0
F001E0
7803C0
7803C0
7803C0
3FFF80
3FFF80
3FFF80
1E0F00
1E0F00
1E0F00
0F1E00
0F1E00
0F1E00
07BC00
07BC00
07BC00
03B800
03F800
03F800
01F000
01F000
ENDCHAR
STARTCHAR existential
ENCODING 8707
SWIDTH 667 0
DWIDTH 19 0
BBX 16 22 2 0
BITMAP
7FFF
7FFF
7FFF
000F
000F
000F
000F
000F
000F
7FFF
7FFF
7FFF
000F
000F
000F
000F
000F
000F
000F
FFFF
FFFF
FFFF
ENDCHAR
STARTCHAR uni2204
ENCODING 8708
SWIDTH 667 0
DWIDTH 19 0
BBX 16 26 2 -2
BITMAP
0018
0030
7FFF
7FFF
7FFF
006F
006F
00CF
00CF
00CF
018F
7FFF
7FFF
7FFF
0307
030F
030F
060F
060F
060F
0C0F
FFFF
FFFF
FFFF
1800
1800
ENDCHAR
STARTCHAR minus
ENCODING 8722
SWIDTH 584 0
DWIDTH 17 0
BBX 15 3 1 6
BITMAP
FFFE
FFFE
FFFE
ENDCHAR
STARTCHAR fraction
ENCODING 8725
SWIDTH 167 0
DWIDTH 5 0
BBX 15 22 -5 0
BITMAP
000E
001C
0018
0038
0030
0070
0060
00E0
00C0
01C0
0380
0300
0700
0600
0E00
0C00
1C00
1800
3000
7000
6000
E000
ENDCHAR
STARTCHAR periodcentered
ENCODING 8729
SWIDTH 278 0
DWIDTH 8 0
BBX 4 3 2 7
BITMAP
F0
F0
F0
ENDCHAR
STARTCHAR uni2236
ENCODING 8758
SWIDTH 333 0
DWIDTH 9 0
BBX 4 16 3 0
BITMAP
F0
F0
F0
F0
00
00
00
00
00
00
00
00
F0
F0
F0
F0
ENDCHAR
STARTCHAR uni2259
ENCODING 8793
SWIDTH 584 0
DWIDTH 17 0
BBX 15 16 1 2
BITMAP
0380
06C0
0C60
1830
0000
FFFE
FFFE
FFFE
0000
0000
0000
0000
0000
FFFE
FFFE
FFFE
ENDCHAR
STARTCHAR uni225A
ENCODING 8794
SWIDTH 584 0
DWIDTH 17 0
BBX 15 16 1 2
BITMAP
1C70
0EE0
07C0
0380
0000
FFFE
FFFE
FFFE
0000
0000
0000
0000
0000
FFFE
FFFE
FFFE
ENDCHAR
STARTCHAR notequal
ENCODING 8800
SWIDTH 584 0
DWIDTH 17 0
BBX 15 19 1 -2
BITMAP
0030
0060
0060
0060
FFFE
FFFE
FFFE
0180
0180
0180
0180
0300
FFFE
FFFE
FFFE
0600
0600
0C00
0C00
ENDCHAR
STARTCHAR equivalence
ENCODING 8801
SWIDTH 584 0
DWIDTH 17 0
BBX 15 19 1 2
BITMAP
FFFE
FFFE
FFFE
0000
0000
0000
0000
0000
FFFE
FFFE
FFFE
0000
0000
0000
0000
0000
FFFE
FFFE
FFFE
ENDCHAR
STARTCHAR uni2262
ENCODING 8802
SWIDTH 584 0
DWIDTH 17 0
BBX 15 27 1 -2
BITMAP
0018
0018
0030
0030
FFFE
FFFE
FFFE
0060
00C0
00C0
00C0
0180
FFFE
FFFE
FFFE
0300
0300
0300
0600
0600
FFFE
FFFE
FFFE
0C00
1800
1800
1800
ENDCHAR
STARTCHAR lessequal
ENCODING 8804
SWIDTH 584 0
DWIDTH 17 0
BBX 14 19 1 0
BITMAP
0004
001C
00FC
07F8
1FC0
FF00
F800
F000
F800
FF00
1FC0
07F8
00FC
001C
0004
0000
FFFC
FFFC
FFFC
ENDCHAR
STARTCHAR greaterequal
ENCODING 8805
SWIDTH 584 0
DWIDTH 17 0
BBX 14 19 1 0
BITMAP
8000
E000
FC00
7F80
0FE0
03FC
007C
003C
007C
03FC
0FE0
7F80
FC00
E000
8000
0000
FFFC
FFFC
FFFC
ENDCHAR
STARTCHAR uni226E
ENCODING 8814
SWIDTH 584 0
DWIDTH 17 0
BBX 14 23 1 -4
BITMAP
0060
0060
0060
00C0
00C4
00DC
01FC
07F8
1FC0
FF00
FB00
F300
FB00
FF00
1FC0
07F8
0CFC
0C1C
0C04
1800
1800
1800
3000
ENDCHAR
STARTCHAR uni226F
ENCODING 8815
SWIDTH 584 0
DWIDTH 17 0
BBX 14 23 1 -4
BITMAP
0060
0060
0060
00C0
80C0
E0C0
FD80
7F80
0FE0
03FC
037C
033C
037C
07FC
0FE0
7F80
FC00
EC00
8C00
1800
1800
1800
3000
ENDCHAR
STARTCHAR uni2270
ENCODING 8816
SWIDTH 584 0
DWIDTH 17 0
BBX 14 27 1 -4
BITMAP
0030
0030
0060
0060
0064
00DC
00FC
07F8
1FC0
FF80
F980
F300
FB00
FF00
1FC0
07F8
06FC
061C
0C04
0C00
FFFC
FFFC
FFFC
1800
3000
3000
3000
ENDCHAR
STARTCHAR uni2271
ENCODING 8817
SWIDTH 584 0
DWIDTH 17 0
BBX 14 27 1 -4
BITMAP
0030
0030
0060
0060
8060
E0C0
FCC0
7FC0
0FE0
03FC
01FC
033C
037C
03FC
0FE0
7F80
FE00
E600
8C00
0C00
FFFC
FFFC
FFFC
1800
3000
3000
3000
ENDCHAR
ENDFONT
