STARTFONT 2.1
COMMENT Helvetica 29px strike for CrossPoint Reader, filling the gap between
COMMENT the X.org Adobe 100dpi 18pt (25px) and 24pt (34px) strikes.
COMMENT Grid-fitted from URW Nimbus outlines, then hand-tuned pixel by pixel to
COMMENT the conventions of the Adobe strikes; accents composed from tuned parts.
FONT -CrossPoint-Helvetica-Medium-R-Normal--29-210-100-100-P-151-ISO10646-1
SIZE 21 100 100
FONTBOUNDINGBOX 34 43 -5 -10
STARTPROPERTIES 21
FOUNDRY "CrossPoint"
FAMILY_NAME "Helvetica"
WEIGHT_NAME "Medium"
SLANT "R"
SETWIDTH_NAME "Normal"
ADD_STYLE_NAME ""
PIXEL_SIZE 29
POINT_SIZE 210
RESOLUTION_X 100
RESOLUTION_Y 100
SPACING "P"
AVERAGE_WIDTH 151
CHARSET_REGISTRY "ISO10646"
CHARSET_ENCODING "1"
CAP_HEIGHT 22
X_HEIGHT 16
FONT_ASCENT 25
FONT_DESCENT 6
FACE_NAME "Helvetica"
DEFAULT_CHAR 0
FULL_NAME "Helvetica"
ENDPROPERTIES
CHARS 754
STARTCHAR char0
ENCODING 0
SWIDTH 722 0
DWIDTH 21 0
BBX 18 22 1 0
BITMAP
AAAA80
800040
000000
800040
000000
800040
000000
800040
000000
800040
000000
800040
000000
800040
000000
800040
000000
800040
000000
800040
000000
AAAAC0
ENDCHAR
STARTCHAR space
ENCODING 32
SWIDTH 278 0
DWIDTH 8 0
BBX 1 1 0 0
BITMAP
00
ENDCHAR
STARTCHAR exclam
ENCODING 33
SWIDTH 278 0
DWIDTH 8 0
BBX 2 22 4 0
BITMAP
C0
C0
C0
C0
C0
C0
C0
C0
C0
C0
C0
C0
C0
C0
C0
C0
00
00
00
C0
C0
C0
ENDCHAR
STARTCHAR quotedbl
ENCODING 34
SWIDTH 355 0
DWIDTH 10 0
BBX 6 7 2 15
BITMAP
CC
CC
CC
CC
CC
CC
84
ENDCHAR
STARTCHAR numbersign
ENCODING 35
SWIDTH 556 0
DWIDTH 16 0
BBX 16 22 0 0
BITMAP
030C
030C
071C
061C
0618
0208
7FFF
7FFF
0420
0C38
0C30
0C30
0C30
0810
FFFE
FFFE
1040
1860
3860
38E0
30E0
30C0
ENDCHAR
STARTCHAR dollar
ENCODING 36
SWIDTH 556 0
DWIDTH 16 0
BBX 13 26 2 -4
BITMAP
0F00
3FC0
7BE0
E270
C630
C630
C600
C600
E600
7E00
7C80
0FE0
07F0
0678
0638
0618
C618
C618
C618
E630
73F0
3FE0
0600
0600
0600
0600
ENDCHAR
STARTCHAR percent
ENCODING 37
SWIDTH 889 0
DWIDTH 26 0
BBX 24 22 1 0
BITMAP
0000C0
1E00C0
7F8180
618180
E1C300
C0C300
C0C600
C0C600
618C00
7F8C00
1E1800
001800
003078
0031FE
006186
006303
00C303
00C303
018303
018186
0301FE
030078
ENDCHAR
STARTCHAR ampersand
ENCODING 38
SWIDTH 667 0
DWIDTH 19 0
BBX 16 22 2 0
BITMAP
0F80
1FC0
18E0
3060
3060
3060
3060
18C0
1FC0
0F00
1B00
3B0C
638C
E1DC
C0D8
C0F8
C078
C010
E07C
71FC
7FCE
1F8F
ENDCHAR
STARTCHAR quotesingle
ENCODING 39
SWIDTH 191 0
DWIDTH 5 0
BBX 2 7 1 15
BITMAP
C0
C0
C0
C0
C0
C0
40
ENDCHAR
STARTCHAR parenleft
ENCODING 40
SWIDTH 333 0
DWIDTH 9 0
BBX 6 28 2 -6
BITMAP
0C
18
18
30
30
20
60
60
60
C0
C0
C0
C0
C0
C0
C0
C0
C0
C0
60
60
60
20
30
30
18
18
0C
ENDCHAR
STARTCHAR parenright
ENCODING 41
SWIDTH 333 0
DWIDTH 9 0
BBX 6 28 1 -6
BITMAP
C0
60
60
30
30
10
18
18
18
0C
0C
0C
0C
0C
0C
0C
0C
0C
0C
18
18
18
10
30
30
60
60
C0
ENDCHAR
STARTCHAR asterisk
ENCODING 42
SWIDTH 389 0
DWIDTH 11 0
BBX 8 8 1 14
BITMAP
18
18
91
BF
7E
2C
66
42
ENDCHAR
STARTCHAR plus
ENCODING 43
SWIDTH 584 0
DWIDTH 17 0
BBX 14 14 1 0
BITMAP
0300
0300
0300
0300
0300
0300
FF7C
FBFC
0300
0300
0300
0300
0300
0300
ENDCHAR
STARTCHAR comma
ENCODING 44
SWIDTH 278 0
DWIDTH 8 0
BBX 3 7 2 -4
BITMAP
60
60
60
20
20
60
C0
ENDCHAR
STARTCHAR hyphen
ENCODING 45
SWIDTH 333 0
DWIDTH 9 0
BBX 7 2 1 8
BITMAP
FE
FE
ENDCHAR
STARTCHAR period
ENCODING 46
SWIDTH 278 0
DWIDTH 8 0
BBX 2 3 3 0
BITMAP
C0
C0
C0
ENDCHAR
STARTCHAR slash
ENCODING 47
SWIDTH 278 0
DWIDTH 8 0
BBX 8 22 0 0
BITMAP
03
03
03
06
06
06
0C
0C
0C
18
18
18
18
30
30
30
60
60
60
C0
C0
C0
ENDCHAR
STARTCHAR zero
ENCODING 48
SWIDTH 556 0
DWIDTH 16 0
BBX 14 21 1 0
BITMAP
0FC0
3FF0
7878
6018
6018
E01C
C00C
C00C
C00C
C00C
C00C
C00C
C00C
C00C
C00C
E01C
6018
6018
7878
3FF0
0FC0
ENDCHAR
STARTCHAR one
ENCODING 49
SWIDTH 556 0
DWIDTH 16 0
BBX 7 21 3 0
BITMAP
06
06
06
3E
FE
06
06
06
06
06
06
06
06
06
06
06
06
06
06
06
06
ENDCHAR
STARTCHAR two
ENCODING 50
SWIDTH 556 0
DWIDTH 16 0
BBX 13 21 1 0
BITMAP
0FC0
3FF0
7870
7038
E018
E018
0018
0038
0038
00F0
01E0
07C0
0F80
1E00
3C00
7000
3000
E000
E000
FFF8
FFF8
ENDCHAR
STARTCHAR three
ENCODING 51
SWIDTH 556 0
DWIDTH 16 0
BBX 13 21 1 0
BITMAP
1FC0
3FF0
7070
E018
E018
0018
0038
0070
07E0
07E0
0070
0038
0018
0018
C018
C018
E018
E038
7070
7FE0
1FC0
ENDCHAR
STARTCHAR four
ENCODING 52
SWIDTH 556 0
DWIDTH 16 0
BBX 14 21 1 0
BITMAP
0060
01E0
01E0
0360
0360
0660
0C60
0C60
1860
3060
3060
6060
C020
FF7C
FFFC
0060
0060
0060
0060
0060
0060
ENDCHAR
STARTCHAR five
ENCODING 53
SWIDTH 556 0
DWIDTH 16 0
BBX 13 21 1 0
BITMAP
3FF8
3FF8
3000
3000
3000
3000
67C0
7FE0
70F0
6038
6018
0018
0018
0018
0018
0018
C018
E038
7070
3FE0
0FC0
ENDCHAR
STARTCHAR six
ENCODING 54
SWIDTH 556 0
DWIDTH 16 0
BBX 12 21 2 0
BITMAP
0F80
3FE0
70E0
6030
E030
C000
C000
CF80
FFC0
F8E0
C070
C030
C030
C030
C030
C030
C030
E070
70E0
3FC0
1F80
ENDCHAR
STARTCHAR seven
ENCODING 55
SWIDTH 556 0
DWIDTH 16 0
BBX 14 21 1 0
BITMAP
FFFC
FFFC
0018
0018
0030
0060
00C0
00C0
0180
0180
0300
0300
0600
0600
0600
0C00
0C00
0C00
1800
1800
1800
ENDCHAR
STARTCHAR eight
ENCODING 56
SWIDTH 556 0
DWIDTH 16 0
BBX 14 21 1 0
BITMAP
0FC0
3FF0
3870
6018
6018
6018
6018
3870
1FE0
3FF0
7878
6018
C00C
C00C
C00C
C00C
C00C
6018
7878
3FF0
0FC0
ENDCHAR
STARTCHAR nine
ENCODING 57
SWIDTH 556 0
DWIDTH 16 0
BBX 12 21 2 0
BITMAP
1F80
3FC0
70E0
E070
C030
C030
C030
C030
C030
C030
E030
71F0
3FF0
1F30
0030
0030
C070
C060
70E0
7FC0
1F00
ENDCHAR
STARTCHAR colon
ENCODING 58
SWIDTH 278 0
DWIDTH 8 0
BBX 2 16 4 0
BITMAP
C0
C0
C0
00
00
00
00
00
00
00
00
00
00
C0
C0
C0
ENDCHAR
STARTCHAR semicolon
ENCODING 59
SWIDTH 278 0
DWIDTH 8 0
BBX 3 20 3 -4
BITMAP
60
60
60
00
00
00
00
00
00
00
00
00
00
60
60
60
20
20
60
C0
ENDCHAR
STARTCHAR less
ENCODING 60
SWIDTH 584 0
DWIDTH 17 0
BBX 15 14 1 0
BITMAP
000E
003E
00F8
03E0
0F80
3E00
F800
F000
3E00
0F80
03E0
00F8
003E
000E
ENDCHAR
STARTCHAR equal
ENCODING 61
SWIDTH 584 0
DWIDTH 17 0
BBX 14 8 1 3
BITMAP
FFFC
FFFC
0000
0000
0000
0000
FFFC
FFFC
ENDCHAR
STARTCHAR greater
ENCODING 62
SWIDTH 584 0
DWIDTH 17 0
BBX 15 14 1 0
BITMAP
E000
F800
3E00
0F80
03E0
00F8
003E
001E
00F8
03E0
0F80
3E00
F800
E000
ENDCHAR
STARTCHAR question
ENCODING 63
SWIDTH 556 0
DWIDTH 16 0
BBX 12 22 2 0
BITMAP
1F80
3FE0
70E0
6070
E030
E030
0030
0070
00E0
01C0
0180
0300
0600
0600
0600
0600
0000
0000
0000
0600
0600
0600
ENDCHAR
STARTCHAR at
ENCODING 64
SWIDTH 1015 0
DWIDTH 29 0
BBX 26 26 1 -4
BITMAP
007F8000
01FFE000
07C0F800
0F003C00
1C000E00
38000700
303F8300
707F8380
60E38180
E0C181C0
C18180C0
C18180C0
C18180C0
C18180C0
C18180C0
C0C180C0
E0E381C0
607B9F80
703FF800
30000000
38000000
1C000000
0F000000
07C0E000
01FFE000
007F8000
ENDCHAR
STARTCHAR A
ENCODING 65
SWIDTH 667 0
DWIDTH 20 0
BBX 18 22 1 0
BITMAP
01E000
03F000
033000
033000
061800
061800
061800
0C0C00
0C0C00
0C0C00
180600
180600
180600
3FFF00
3FFF00
300300
600180
600180
600180
C000C0
C000C0
C000C0
ENDCHAR
STARTCHAR B
ENCODING 66
SWIDTH 667 0
DWIDTH 19 0
BBX 16 22 2 0
BITMAP
FFF8
FFFC
C01E
C00E
C006
C006
C006
C006
C01C
FFF8
FFFC
C00E
C007
C003
C003
C003
C003
C003
C007
C00E
FFFE
FFF8
ENDCHAR
STARTCHAR C
ENCODING 67
SWIDTH 722 0
DWIDTH 21 0
BBX 17 22 2 0
BITMAP
07F000
1FFE00
3C0F00
380700
700380
600380
E00000
C00000
C00000
C00000
C00000
C00000
C00000
C00000
C00180
E00180
600380
700380
380700
3C0F00
1FFC00
07F000
ENDCHAR
STARTCHAR D
ENCODING 68
SWIDTH 722 0
DWIDTH 21 0
BBX 16 22 3 0
BITMAP
FFE0
FFF8
C03C
C01C
C00E
C006
C007
C003
C003
C003
C003
C003
C003
C003
C003
C007
C006
C00E
C01C
C03C
FFF8
FFE0
ENDCHAR
STARTCHAR E
ENCODING 69
SWIDTH 667 0
DWIDTH 19 0
BBX 15 22 3 0
BITMAP
FFFC
FFFC
C000
C000
C000
C000
C000
C000
C000
FFF8
FFF8
C000
C000
C000
C000
C000
C000
C000
C000
C000
FFFE
FFFE
ENDCHAR
STARTCHAR F
ENCODING 70
SWIDTH 611 0
DWIDTH 18 0
BBX 14 22 3 0
BITMAP
FFFC
FFFC
C000
C000
C000
C000
C000
C000
C000
FFF8
FFF8
C000
C000
C000
C000
C000
C000
C000
C000
C000
C000
C000
ENDCHAR
STARTCHAR G
ENCODING 71
SWIDTH 778 0
DWIDTH 22 0
BBX 19 22 1 0
BITMAP
03FC00
0FFF00
1E0780
3801C0
7000C0
6000E0
E00000
C00000
C00000
C00000
C03FE0
C03FE0
C00060
C00060
E00060
600060
7000E0
700060
3801E0
1E03E0
0FFE60
03F860
ENDCHAR
STARTCHAR H
ENCODING 72
SWIDTH 722 0
DWIDTH 21 0
BBX 15 22 3 0
BITMAP
C006
C006
C006
C006
C006
C006
C006
C006
C006
FFFE
FFFE
C006
C006
C006
C006
C006
C006
C006
C006
C006
C006
C006
ENDCHAR
STARTCHAR I
ENCODING 73
SWIDTH 278 0
DWIDTH 8 0
BBX 2 22 3 0
BITMAP
C0
C0
C0
C0
C0
C0
C0
C0
C0
C0
C0
C0
C0
C0
C0
C0
C0
C0
C0
C0
C0
C0
ENDCHAR
STARTCHAR J
ENCODING 74
SWIDTH 500 0
DWIDTH 14 0
BBX 11 22 1 0
BITMAP
0060
0060
0060
0060
0060
0060
0060
0060
0060
0060
0060
0060
0060
0060
0060
C060
C060
C060
C0E0
61C0
7FC0
1F00
ENDCHAR
STARTCHAR K
ENCODING 75
SWIDTH 667 0
DWIDTH 19 0
BBX 16 22 2 0
BITMAP
C007
C00E
C01C
C038
C070
C0E0
C1C0
C380
C700
CF00
DB00
FB80
F1C0
C1C0
C0E0
C070
C070
C038
C01C
C01C
C00E
C007
ENDCHAR
STARTCHAR L
ENCODING 76
SWIDTH 556 0
DWIDTH 16 0
BBX 12 22 3 0
BITMAP
C000
C000
C000
C000
C000
C000
C000
C000
C000
C000
C000
C000
C000
C000
C000
C000
C000
C000
C000
C000
FFF0
FFF0
ENDCHAR
STARTCHAR M
ENCODING 77
SWIDTH 833 0
DWIDTH 24 0
BBX 20 22 2 0
BITMAP
F000F0
F00070
F000F0
D000B0
9801B0
D801B0
D801B0
CC0330
CC0330
CC0330
C60630
C60630
C60630
C30C30
C30C30
C30C30
C19830
C19830
C19830
C0F030
C0F030
C0F030
ENDCHAR
STARTCHAR N
ENCODING 78
SWIDTH 722 0
DWIDTH 21 0
BBX 17 22 2 0
BITMAP
E00180
F00180
F00180
D80180
9C0180
DC0180
CE0180
C70180
C70180
C38180
C1C180
C1C180
C0E180
C07180
C07180
C03980
C01D80
C01D80
C00D80
C00780
C00380
C00380
ENDCHAR
STARTCHAR O
ENCODING 79
SWIDTH 778 0
DWIDTH 22 0
BBX 20 22 1 0
BITMAP
03FC00
0FFF00
1E0780
3801C0
7000E0
600060
E00070
C00030
C00030
C00030
C00030
C00030
C00030
C00030
C00030
E00070
600060
7000E0
3801C0
1E0780
0FFF00
03FC00
ENDCHAR
STARTCHAR P
ENCODING 80
SWIDTH 667 0
DWIDTH 19 0
BBX 14 22 3 0
BITMAP
FFE0
FFF8
C038
C01C
C00C
C00C
C00C
C00C
C01C
C038
FFF8
FFF0
C000
C000
C000
C000
C000
C000
C000
C000
C000
C000
ENDCHAR
STARTCHAR Q
ENCODING 81
SWIDTH 778 0
DWIDTH 22 0
BBX 20 23 1 -1
BITMAP
03FC00
0FFF00
1E0780
3801C0
7000E0
600060
E00070
C00030
C00030
C00030
C00030
C00030
C00030
C00030
C00030
E00070
600C60
700EE0
3803C0
1E0780
0FFDC0
03FCE0
000070
ENDCHAR
STARTCHAR R
ENCODING 82
SWIDTH 722 0
DWIDTH 21 0
BBX 17 22 3 0
BITMAP
FFF800
FFFE00
C01E00
C00700
C00700
C00300
C00300
C00300
C00600
C00E00
FFF800
FFFC00
C00E00
C00E00
C00600
C00600
C00600
C00600
C00600
C00600
C00300
C00380
ENDCHAR
STARTCHAR S
ENCODING 83
SWIDTH 667 0
DWIDTH 19 0
BBX 17 22 1 0
BITMAP
07F800
1FFE00
380F00
700700
600300
600300
600000
700000
7C0000
3FC000
1FDC00
01FE00
003F00
000780
000380
C00180
E00180
600180
700380
380F00
3FFF00
0FFC00
ENDCHAR
STARTCHAR T
ENCODING 84
SWIDTH 611 0
DWIDTH 18 0
BBX 16 22 1 0
BITMAP
FFFF
FFFF
0180
0180
0180
0180
0180
0180
0180
0180
0180
0180
0180
0180
0180
0180
0180
0180
0180
0180
0180
0180
ENDCHAR
STARTCHAR U
ENCODING 85
SWIDTH 722 0
DWIDTH 21 0
BBX 15 22 3 0
BITMAP
C006
C006
C006
C006
C006
C006
C006
C006
C006
C006
C006
C006
C006
C006
C006
C006
C006
C006
600C
783C
3FF8
0FE0
ENDCHAR
STARTCHAR V
ENCODING 86
SWIDTH 667 0
DWIDTH 19 0
BBX 17 22 1 0
BITMAP
C00180
C00180
C00180
600300
600300
600300
300600
300600
300600
180C00
180C00
180C00
0C1800
0C1800
0C1800
063000
063000
063000
036000
036000
036000
01C000
ENDCHAR
STARTCHAR W
ENCODING 87
SWIDTH 944 0
DWIDTH 28 0
BBX 26 22 1 0
BITMAP
C01E00C0
C01E00C0
C03300C0
C03300C0
60330180
60330180
60618180
30618300
30618300
30618300
30C0C300
18C0C600
18C0C600
18C0C600
0D806C00
0D806C00
0D806C00
0D806C00
07003800
07003800
07003800
03003000
ENDCHAR
STARTCHAR X
ENCODING 88
SWIDTH 667 0
DWIDTH 19 0
BBX 17 22 1 0
BITMAP
E00380
700700
700700
380E00
1C1C00
1C1C00
0E3800
077000
077000
03E000
01C000
008000
03E000
077000
077000
0E3800
1C1C00
1C1C00
380E00
700700
700700
E00380
ENDCHAR
STARTCHAR Y
ENCODING 89
SWIDTH 667 0
DWIDTH 19 0
BBX 18 22 1 0
BITMAP
E001C0
700380
700380
380700
1C0E00
1C0E00
0E1C00
073800
073800
03F000
01E000
00C000
00C000
00C000
00C000
00C000
00C000
00C000
00C000
00C000
00C000
00C000
ENDCHAR
STARTCHAR Z
ENCODING 90
SWIDTH 611 0
DWIDTH 18 0
BBX 16 22 1 0
BITMAP
7FFF
7FFF
0007
0006
001C
001C
0038
0070
00E0
00E0
01C0
0380
0700
0700
0E00
1C00
3800
3800
7000
C000
FFFF
FFFF
ENDCHAR
STARTCHAR bracketleft
ENCODING 91
SWIDTH 278 0
DWIDTH 8 0
BBX 5 28 2 -6
BITMAP
F8
F8
C0
C0
C0
C0
C0
C0
C0
C0
C0
C0
C0
C0
C0
C0
C0
C0
C0
C0
C0
C0
C0
C0
C0
C0
F8
F8
ENDCHAR
STARTCHAR backslash
ENCODING 92
SWIDTH 278 0
DWIDTH 8 0
BBX 8 22 0 0
BITMAP
C0
C0
C0
60
60
60
30
30
30
18
18
18
18
0C
0C
0C
06
06
06
03
03
03
ENDCHAR
STARTCHAR bracketright
ENCODING 93
SWIDTH 278 0
DWIDTH 8 0
BBX 5 28 1 -6
BITMAP
F8
F8
18
18
18
18
18
18
18
18
18
18
18
18
18
18
18
18
18
18
18
18
18
18
18
18
F8
F8
ENDCHAR
STARTCHAR asciicircum
ENCODING 94
SWIDTH 469 0
DWIDTH 13 0
BBX 11 13 1 8
BITMAP
0E00
0E00
1B00
1B00
3180
3180
3180
60C0
60C0
60C0
C060
C060
C060
ENDCHAR
STARTCHAR underscore
ENCODING 95
SWIDTH 556 0
DWIDTH 16 0
BBX 16 2 0 -5
BITMAP
FFFF
FFFF
ENDCHAR
STARTCHAR grave
ENCODING 96
SWIDTH 333 0
DWIDTH 9 0
BBX 5 4 1 18
BITMAP
E0
60
30
18
ENDCHAR
STARTCHAR a
ENCODING 97
SWIDTH 556 0
DWIDTH 16 0
BBX 13 16 1 0
BITMAP
1FC0
7FE0
7070
6030
0030
0030
03F0
3FF0
7C30
E030
C030
C030
C070
E0F0
7F30
3E38
ENDCHAR
STARTCHAR b
ENCODING 98
SWIDTH 556 0
DWIDTH 16 0
BBX 13 22 2 0
BITMAP
C000
C000
C000
C000
C000
C000
CFC0
DFE0
F0F0
E030
E038
8018
C018
C018
C018
C018
C018
E038
E030
F0F0
DFE0
CF80
ENDCHAR
STARTCHAR c
ENCODING 99
SWIDTH 500 0
DWIDTH 14 0
BBX 12 16 1 0
BITMAP
0F80
3FE0
70F0
6070
E030
C000
C000
C000
C000
C000
C030
E030
6070
70E0
3FE0
0F80
ENDCHAR
STARTCHAR d
ENCODING 100
SWIDTH 556 0
DWIDTH 16 0
BBX 13 22 1 0
BITMAP
0018
0018
0018
0018
0018
0018
0F98
3FF8
7878
6018
E038
C018
C018
C018
C018
C018
C018
E038
6038
7878
3FD8
0F98
ENDCHAR
STARTCHAR e
ENCODING 101
SWIDTH 556 0
DWIDTH 16 0
BBX 14 16 1 0
BITMAP
0FC0
3FF0
7038
6018
6018
C00C
C00C
FFFC
FFFC
C000
C000
6018
6018
7038
3FF0
0FC0
ENDCHAR
STARTCHAR f
ENCODING 102
SWIDTH 278 0
DWIDTH 8 0
BBX 6 22 1 0
BITMAP
1C
3C
30
30
20
20
FC
FC
30
30
30
30
30
30
30
30
30
30
30
30
30
30
ENDCHAR
STARTCHAR g
ENCODING 103
SWIDTH 556 0
DWIDTH 16 0
BBX 13 22 1 -6
BITMAP
0F98
3FD8
7878
6038
E038
C018
C018
C018
C018
C018
C018
E038
6038
7878
3F98
1F98
0018
6018
6038
7070
3FE0
0F80
ENDCHAR
STARTCHAR h
ENCODING 104
SWIDTH 556 0
DWIDTH 16 0
BBX 12 22 2 0
BITMAP
C000
C000
C000
C000
C000
C000
CFC0
CFE0
F070
E030
E030
C030
C030
C030
C030
C030
C030
C030
C030
C030
C030
C030
ENDCHAR
STARTCHAR i
ENCODING 105
SWIDTH 222 0
DWIDTH 6 0
BBX 2 22 2 0
BITMAP
C0
C0
C0
00
00
00
C0
C0
C0
C0
C0
C0
C0
C0
C0
C0
C0
C0
C0
C0
C0
C0
ENDCHAR
STARTCHAR j
ENCODING 106
SWIDTH 222 0
DWIDTH 6 0
BBX 5 28 -1 -6
BITMAP
18
18
18
00
00
00
18
18
18
18
18
18
18
18
18
18
18
18
18
18
18
18
18
18
18
18
F8
F0
ENDCHAR
STARTCHAR k
ENCODING 107
SWIDTH 500 0
DWIDTH 14 0
BBX 12 22 2 0
BITMAP
C000
C000
C000
C000
C000
C000
C0E0
C1C0
C380
C700
CE00
DC00
FE00
F600
C700
C380
C380
C1C0
C1C0
C0E0
C0E0
C070
ENDCHAR
STARTCHAR l
ENCODING 108
SWIDTH 222 0
DWIDTH 6 0
BBX 2 22 2 0
BITMAP
C0
C0
C0
C0
C0
C0
C0
C0
C0
C0
C0
C0
C0
C0
C0
C0
C0
C0
C0
C0
C0
C0
ENDCHAR
STARTCHAR m
ENCODING 109
SWIDTH 833 0
DWIDTH 24 0
BBX 20 16 2 0
BITMAP
CFC7C0
DFDFE0
F0F870
E07030
C06030
C06030
C06030
C06030
C06030
C06030
C06030
C06030
C06030
C06030
C06030
C06030
ENDCHAR
STARTCHAR n
ENCODING 110
SWIDTH 556 0
DWIDTH 16 0
BBX 12 16 2 0
BITMAP
CFC0
DFE0
F070
E030
E030
C030
C030
C030
C030
C030
C030
C030
C030
C030
C030
C030
ENDCHAR
STARTCHAR o
ENCODING 111
SWIDTH 556 0
DWIDTH 16 0
BBX 14 16 1 0
BITMAP
0FC0
3FF0
7038
6018
E01C
C00C
C00C
C00C
C00C
C00C
C00C
E01C
6018
7038
3FF0
0FC0
ENDCHAR
STARTCHAR p
ENCODING 112
SWIDTH 556 0
DWIDTH 16 0
BBX 13 22 2 -6
BITMAP
CF80
DFE0
F0F0
E030
E038
C018
C018
C018
C018
C018
C018
E038
C030
F0F0
FFE0
CF80
C000
C000
C000
C000
C000
C000
ENDCHAR
STARTCHAR q
ENCODING 113
SWIDTH 556 0
DWIDTH 16 0
BBX 13 22 1 -6
BITMAP
0F98
3FD8
7878
6038
E038
C018
C018
C018
C018
C018
C018
E038
6038
7878
3F98
1F98
0018
0018
0018
0018
0018
0018
ENDCHAR
STARTCHAR r
ENCODING 114
SWIDTH 333 0
DWIDTH 9 0
BBX 7 16 2 0
BITMAP
CE
DE
F0
E0
E0
C0
C0
C0
C0
C0
C0
C0
C0
C0
C0
C0
ENDCHAR
STARTCHAR s
ENCODING 115
SWIDTH 500 0
DWIDTH 14 0
BBX 12 16 1 0
BITMAP
1F80
7FE0
E0E0
C060
C000
E000
7E00
3FC0
0FE0
00F0
0030
C030
C030
E070
7FE0
1F80
ENDCHAR
STARTCHAR t
ENCODING 116
SWIDTH 278 0
DWIDTH 8 0
BBX 7 21 1 0
BITMAP
30
30
30
30
30
FC
FC
20
20
30
30
30
30
30
30
30
30
30
30
3C
1E
ENDCHAR
STARTCHAR u
ENCODING 117
SWIDTH 556 0
DWIDTH 16 0
BBX 12 16 2 0
BITMAP
C030
C030
C030
C030
C030
C030
C030
C030
C030
C030
C030
C070
C070
E0F0
7FB0
3F30
ENDCHAR
STARTCHAR v
ENCODING 118
SWIDTH 500 0
DWIDTH 14 0
BBX 13 16 0 0
BITMAP
C018
C018
6030
6030
6030
3060
3060
3060
18C0
18C0
18C0
0D80
0D80
0D80
0700
0700
ENDCHAR
STARTCHAR w
ENCODING 119
SWIDTH 722 0
DWIDTH 21 0
BBX 20 16 0 0
BITMAP
C06030
C06030
606060
60F060
60F060
3198C0
3198C0
3198C0
199980
1B0D80
1B0D80
0B0F00
0F0700
0E0700
060600
060600
ENDCHAR
STARTCHAR x
ENCODING 120
SWIDTH 500 0
DWIDTH 14 0
BBX 12 16 1 0
BITMAP
E070
70E0
70E0
39C0
39C0
1D80
0F00
0700
0E00
0700
1F80
39C0
39C0
70E0
70E0
E070
ENDCHAR
STARTCHAR y
ENCODING 121
SWIDTH 500 0
DWIDTH 14 0
BBX 13 22 1 -6
BITMAP
C018
C030
C030
6060
6060
60C0
30C0
30C0
1980
1980
1B00
0F00
0F00
0600
0600
0C00
0C00
1800
1800
1800
F800
F000
ENDCHAR
STARTCHAR z
ENCODING 122
SWIDTH 500 0
DWIDTH 14 0
BBX 12 16 1 0
BITMAP
FFF0
FEF0
0070
00E0
01C0
01C0
0380
0700
0E00
1C00
3800
3800
3000
E000
FFF0
FFF0
ENDCHAR
STARTCHAR braceleft
ENCODING 123
SWIDTH 334 0
DWIDTH 9 0
BBX 7 28 1 -6
BITMAP
1E
1E
30
30
30
30
30
30
30
30
30
30
70
E0
E0
60
30
30
30
30
30
30
30
30
30
30
1E
1E
ENDCHAR
STARTCHAR bar
ENCODING 124
SWIDTH 260 0
DWIDTH 7 0
BBX 2 28 3 -6
BITMAP
C0
C0
C0
C0
C0
C0
C0
C0
C0
C0
C0
C0
C0
C0
C0
C0
C0
C0
C0
C0
C0
C0
C0
C0
C0
C0
C0
C0
ENDCHAR
STARTCHAR braceright
ENCODING 125
SWIDTH 334 0
DWIDTH 9 0
BBX 7 28 0 -6
BITMAP
F0
F0
18
18
18
18
18
18
18
18
18
18
0C
0E
0E
0C
18
18
18
18
18
18
18
18
18
18
F8
F0
ENDCHAR
STARTCHAR asciitilde
ENCODING 126
SWIDTH 584 0
DWIDTH 17 0
BBX 13 4 2 7
BITMAP
3C00
FE18
C3F8
01E0
ENDCHAR
STARTCHAR space
ENCODING 160
SWIDTH 278 0
DWIDTH 8 0
BBX 1 1 0 0
BITMAP
00
ENDCHAR
STARTCHAR exclamdown
ENCODING 161
SWIDTH 333 0
DWIDTH 9 0
BBX 2 22 3 -6
BITMAP
C0
C0
C0
00
00
00
C0
C0
C0
C0
C0
C0
C0
C0
C0
C0
C0
C0
C0
C0
C0
C0
ENDCHAR
STARTCHAR cent
ENCODING 162
SWIDTH 556 0
DWIDTH 16 0
BBX 13 22 2 -3
BITMAP
0200
0200
0200
0FC0
3FE0
7270
6230
E238
C200
C200
C200
C200
C200
C238
E238
6270
7A70
3FE0
1FC0
0200
0200
0200
ENDCHAR
STARTCHAR sterling
ENCODING 163
SWIDTH 556 0
DWIDTH 16 0
BBX 14 22 1 0
BITMAP
07E0
1FF0
3838
301C
601C
600C
6000
7000
3000
3000
FFC0
DFC0
0C00
0C00
0C00
0C00
1800
1800
3000
6F8C
FFFC
61F8
ENDCHAR
STARTCHAR currency
ENCODING 164
SWIDTH 556 0
DWIDTH 16 0
BBX 10 11 3 5
BITMAP
DEC0
FFC0
6180
E1C0
C0C0
C0C0
C0C0
E1C0
6180
FFC0
DEC0
ENDCHAR
STARTCHAR yen
ENCODING 165
SWIDTH 556 0
DWIDTH 16 0
BBX 14 22 1 0
BITMAP
C00C
C00C
6018
6018
3030
3030
1860
1860
0CC0
0CC0
0680
7FF8
7BF8
0300
0100
7BF8
7FF8
0300
0300
0300
0300
0300
ENDCHAR
STARTCHAR brokenbar
ENCODING 166
SWIDTH 260 0
DWIDTH 7 0
BBX 2 28 3 -6
BITMAP
C0
C0
C0
C0
C0
C0
C0
C0
C0
C0
C0
C0
00
00
00
00
C0
C0
C0
C0
C0
C0
C0
C0
C0
C0
C0
C0
ENDCHAR
STARTCHAR section
ENCODING 167
SWIDTH 556 0
DWIDTH 16 0
BBX 13 28 1 -6
BITMAP
07C0
1FE0
3860
3030
3030
3030
3800
1E00
3F00
67C0
C1E0
C070
C038
C018
E018
7818
3E18
1F30
07F0
03C0
00E0
0070
6030
6030
7030
3860
3FE0
0F80
ENDCHAR
STARTCHAR dieresis
ENCODING 168
SWIDTH 333 0
DWIDTH 9 0
BBX 7 3 1 19
BITMAP
C6
C6
C6
ENDCHAR
STARTCHAR copyright
ENCODING 169
SWIDTH 737 0
DWIDTH 22 0
BBX 22 22 0 0
BITMAP
00FC00
07FF80
0F03C0
1C00E0
380070
70F838
61FC18
638E18
C3000C
C6000C
C6000C
C6000C
C6000C
C3000C
638E18
61FC18
70F838
380070
1C00E0
0F03C0
07FF80
00FC00
ENDCHAR
STARTCHAR ordfeminine
ENCODING 170
SWIDTH 370 0
DWIDTH 11 0
BBX 9 13 1 9
BITMAP
3E00
7F00
E300
0300
3F00
E300
C300
C700
7B80
0000
0000
FF00
FF00
ENDCHAR
STARTCHAR guillemotleft
ENCODING 171
SWIDTH 556 0
DWIDTH 16 0
BBX 11 9 3 4
BITMAP
1860
38E0
71C0
E380
C300
E380
71C0
38E0
1860
ENDCHAR
STARTCHAR logicalnot
ENCODING 172
SWIDTH 584 0
DWIDTH 17 0
BBX 14 9 1 3
BITMAP
FFFC
FFFC
000C
000C
000C
000C
000C
000C
000C
ENDCHAR
STARTCHAR hyphen
ENCODING 173
SWIDTH 333 0
DWIDTH 9 0
BBX 7 2 1 8
BITMAP
FE
FE
ENDCHAR
STARTCHAR registered
ENCODING 174
SWIDTH 737 0
DWIDTH 22 0
BBX 22 22 0 0
BITMAP
00FC00
07FF80
0F03C0
1C00E0
380070
73FC38
63FE18
630318
C2030C
C3030C
C3FE0C
C3FC0C
C30C0C
C30C0C
630618
630618
730338
380070
1C00E0
0F03C0
07FF80
00FC00
ENDCHAR
STARTCHAR macron
ENCODING 175
SWIDTH 333 0
DWIDTH 9 0
BBX 7 2 1 20
BITMAP
FE
FE
ENDCHAR
STARTCHAR degree
ENCODING 176
SWIDTH 400 0
DWIDTH 11 0
BBX 9 9 1 12
BITMAP
1C00
7F00
6300
C180
C180
C180
E380
7F00
1C00
ENDCHAR
STARTCHAR plusminus
ENCODING 177
SWIDTH 584 0
DWIDTH 17 0
BBX 14 19 1 0
BITMAP
0300
0300
0300
0300
0300
0300
FFFC
F77C
0300
0300
0300
0300
0300
0300
0000
0000
0000
FFFC
FFFC
ENDCHAR
STARTCHAR twosuperior
ENCODING 178
SWIDTH 333 0
DWIDTH 9 0
BBX 9 13 0 9
BITMAP
3E00
7F00
6300
C180
C180
C180
0300
0E00
3800
6000
C000
FF80
FF80
ENDCHAR
STARTCHAR threesuperior
ENCODING 179
SWIDTH 333 0
DWIDTH 9 0
BBX 9 14 0 8
BITMAP
3C00
7E00
E700
C300
C300
C300
1C00
0300
0180
8180
C180
C300
7F00
3C00
ENDCHAR
STARTCHAR acute
ENCODING 180
SWIDTH 333 0
DWIDTH 9 0
BBX 5 4 3 18
BITMAP
38
30
60
C0
ENDCHAR
STARTCHAR mu
ENCODING 181
SWIDTH 556 0
DWIDTH 16 0
BBX 14 22 2 -6
BITMAP
C030
C030
C030
C030
C030
C030
C030
C030
C030
C030
C030
C070
C070
C0F0
FF3C
FF1C
C000
C000
C000
C000
C000
C000
ENDCHAR
STARTCHAR paragraph
ENCODING 182
SWIDTH 537 0
DWIDTH 15 0
BBX 14 27 1 -5
BITMAP
0FFC
1FFC
3F30
7F30
FF30
FF30
FF30
FF30
FF30
FF30
7F30
7F30
3F30
1F30
0330
0330
0330
0330
0330
0330
0330
0330
0330
0330
0330
0330
0330
ENDCHAR
STARTCHAR periodcentered
ENCODING 183
SWIDTH 278 0
DWIDTH 8 0
BBX 2 3 3 7
BITMAP
C0
C0
C0
ENDCHAR
STARTCHAR cedilla
ENCODING 184
SWIDTH 333 0
DWIDTH 9 0
BBX 7 6 1 -6
BITMAP
10
1C
06
06
C6
7C
ENDCHAR
STARTCHAR onesuperior
ENCODING 185
SWIDTH 333 0
DWIDTH 9 0
BBX 5 13 1 9
BITMAP
08
18
18
38
F8
18
18
18
18
18
18
18
18
ENDCHAR
STARTCHAR ordmasculine
ENCODING 186
SWIDTH 365 0
DWIDTH 10 0
BBX 8 13 1 9
BITMAP
3C
7E
66
C3
C3
C3
C3
66
7E
3C
00
FF
FF
ENDCHAR
STARTCHAR guillemotright
ENCODING 187
SWIDTH 556 0
DWIDTH 16 0
BBX 11 9 2 4
BITMAP
C300
E380
71C0
38E0
1860
38E0
71C0
E380
C300
ENDCHAR
STARTCHAR onequarter
ENCODING 188
SWIDTH 834 0
DWIDTH 24 0
BBX 23 22 1 0
BITMAP
0800C0
180180
180180
380300
F80300
180600
180C00
180C00
181800
183018
183038
186078
186038
00C0D8
018198
018318
030618
06079E
0607FE
0C0018
0C0018
180018
ENDCHAR
STARTCHAR onehalf
ENCODING 189
SWIDTH 834 0
DWIDTH 24 0
BBX 22 22 1 0
BITMAP
0800C0
180180
180180
380300
F80300
180600
180C00
180C00
181800
1831F0
1833F8
186318
18660C
00C60C
01860C
018018
030070
0601C0
060300
0C0600
0C07FC
1807FC
ENDCHAR
STARTCHAR threequarters
ENCODING 190
SWIDTH 834 0
DWIDTH 24 0
BBX 24 22 0 0
BITMAP
3C0060
7E00C0
E700C0
C30180
C30180
C30300
1C0600
030600
018C00
81980C
C1981C
C3303C
7F301C
3C606C
00C0CC
00C18C
01830C
0303CF
0303FF
06000C
06000C
0C000C
ENDCHAR
STARTCHAR questiondown
ENCODING 191
SWIDTH 611 0
DWIDTH 16 0
BBX 12 22 2 -6
BITMAP
0600
0600
0600
0000
0000
0000
0600
0600
0600
0600
0C00
1800
3800
7000
E000
C000
C070
C070
E060
70E0
7FC0
1F80
ENDCHAR
STARTCHAR Agrave
ENCODING 192
SWIDTH 667 0
DWIDTH 20 0
BBX 18 27 1 0
BITMAP
038000
018000
00C000
006000
000000
01E000
03F000
033000
033000
061800
061800
061800
0C0C00
0C0C00
0C0C00
180600
180600
180600
3FFF00
3FFF00
300300
600180
600180
600180
C000C0
C000C0
C000C0
ENDCHAR
STARTCHAR Aacute
ENCODING 193
SWIDTH 667 0
DWIDTH 20 0
BBX 18 27 1 0
BITMAP
003800
003000
006000
00C000
000000
01E000
03F000
033000
033000
061800
061800
061800
0C0C00
0C0C00
0C0C00
180600
180600
180600
3FFF00
3FFF00
300300
600180
600180
600180
C000C0
C000C0
C000C0
ENDCHAR
STARTCHAR Acircumflex
ENCODING 194
SWIDTH 667 0
DWIDTH 20 0
BBX 18 27 1 0
BITMAP
00E000
01F000
03B800
071C00
000000
01E000
03F000
033000
033000
061800
061800
061800
0C0C00
0C0C00
0C0C00
180600
180600
180600
3FFF00
3FFF00
300300
600180
600180
600180
C000C0
C000C0
C000C0
ENDCHAR
STARTCHAR Atilde
ENCODING 195
SWIDTH 667 0
DWIDTH 20 0
BBX 18 26 1 0
BITMAP
038C00
07FC00
063800
000000
01E000
03F000
033000
033000
061800
061800
061800
0C0C00
0C0C00
0C0C00
180600
180600
180600
3FFF00
3FFF00
300300
600180
600180
600180
C000C0
C000C0
C000C0
ENDCHAR
STARTCHAR Adieresis
ENCODING 196
SWIDTH 667 0
DWIDTH 20 0
BBX 18 27 1 0
BITMAP
031800
031800
031800
000000
000000
01E000
03F000
033000
033000
061800
061800
061800
0C0C00
0C0C00
0C0C00
180600
180600
180600
3FFF00
3FFF00
300300
600180
600180
600180
C000C0
C000C0
C000C0
ENDCHAR
STARTCHAR Aring
ENCODING 197
SWIDTH 667 0
DWIDTH 20 0
BBX 18 28 1 0
BITMAP
00E000
01B000
011000
01B000
00E000
000000
01E000
03F000
033000
033000
061800
061800
061800
0C0C00
0C0C00
0C0C00
180600
180600
180600
3FFF00
3FFF00
300300
600180
600180
600180
C000C0
C000C0
C000C0
ENDCHAR
STARTCHAR AE
ENCODING 198
SWIDTH 1000 0
DWIDTH 29 0
BBX 27 22 1 0
BITMAP
00FFFFC0
00FFFFC0
01860000
01860000
01860000
03060000
03060000
06060000
06060000
0607FF80
0C07FF80
0C060000
18060000
1FFE0000
1FFE0000
30060000
30060000
30060000
60060000
60060000
C007FFE0
C007FFE0
ENDCHAR
STARTCHAR Ccedilla
ENCODING 199
SWIDTH 722 0
DWIDTH 21 0
BBX 17 28 2 -6
BITMAP
07F000
1FFE00
3C0F00
380700
700380
600380
E00000
C00000
C00000
C00000
C00000
C00000
C00000
C00000
C00180
E00180
600380
700380
380700
3C0F00
1FFC00
07F000
004000
007000
001800
001800
031800
01F000
ENDCHAR
STARTCHAR Egrave
ENCODING 200
SWIDTH 667 0
DWIDTH 19 0
BBX 15 27 3 0
BITMAP
1C00
0C00
0600
0300
0000
FFFC
FFFC
C000
C000
C000
C000
C000
C000
C000
FFF8
FFF8
C000
C000
C000
C000
C000
C000
C000
C000
C000
FFFE
FFFE
ENDCHAR
STARTCHAR Eacute
ENCODING 201
SWIDTH 667 0
DWIDTH 19 0
BBX 15 27 3 0
BITMAP
01C0
0180
0300
0600
0000
FFFC
FFFC
C000
C000
C000
C000
C000
C000
C000
FFF8
FFF8
C000
C000
C000
C000
C000
C000
C000
C000
C000
FFFE
FFFE
ENDCHAR
STARTCHAR Ecircumflex
ENCODING 202
SWIDTH 667 0
DWIDTH 19 0
BBX 15 27 3 0
BITMAP
0700
0F80
1DC0
38E0
0000
FFFC
FFFC
C000
C000
C000
C000
C000
C000
C000
FFF8
FFF8
C000
C000
C000
C000
C000
C000
C000
C000
C000
FFFE
FFFE
ENDCHAR
STARTCHAR Edieresis
ENCODING 203
SWIDTH 667 0
DWIDTH 19 0
BBX 15 27 3 0
BITMAP
18C0
18C0
18C0
0000
0000
FFFC
FFFC
C000
C000
C000
C000
C000
C000
C000
FFF8
FFF8
C000
C000
C000
C000
C000
C000
C000
C000
C000
FFFE
FFFE
ENDCHAR
STARTCHAR Igrave
ENCODING 204
SWIDTH 278 0
DWIDTH 8 0
BBX 5 27 1 0
BITMAP
E0
60
30
18
00
30
30
30
30
30
30
30
30
30
30
30
30
30
30
30
30
30
30
30
30
30
30
ENDCHAR
STARTCHAR Iacute
ENCODING 205
SWIDTH 278 0
DWIDTH 8 0
BBX 5 27 3 0
BITMAP
38
30
60
C0
00
C0
C0
C0
C0
C0
C0
C0
C0
C0
C0
C0
C0
C0
C0
C0
C0
C0
C0
C0
C0
C0
C0
ENDCHAR
STARTCHAR Icircumflex
ENCODING 206
SWIDTH 278 0
DWIDTH 8 0
BBX 9 27 0 0
BITMAP
1C00
3E00
7700
E380
0000
1800
1800
1800
1800
1800
1800
1800
1800
1800
1800
1800
1800
1800
1800
1800
1800
1800
1800
1800
1800
1800
1800
ENDCHAR
STARTCHAR Idieresis
ENCODING 207
SWIDTH 278 0
DWIDTH 8 0
BBX 7 27 1 0
BITMAP
C6
C6
C6
00
00
30
30
30
30
30
30
30
30
30
30
30
30
30
30
30
30
30
30
30
30
30
30
ENDCHAR
STARTCHAR Eth
ENCODING 208
SWIDTH 722 0
DWIDTH 21 0
BBX 18 22 1 0
BITMAP
3FF800
3FFE00
300F00
300700
300380
300180
3001C0
3000C0
3000C0
3000C0
FB80C0
FF80C0
2000C0
3000C0
3000C0
3001C0
300180
300380
300700
300F00
3FFE00
3FF800
ENDCHAR
STARTCHAR Ntilde
ENCODING 209
SWIDTH 722 0
DWIDTH 21 0
BBX 17 26 2 0
BITMAP
071800
0FF800
0C7000
000000
E00180
F00180
F00180
D80180
9C0180
DC0180
CE0180
C70180
C70180
C38180
C1C180
C1C180
C0E180
C07180
C07180
C03980
C01D80
C01D80
C00D80
C00780
C00380
C00380
ENDCHAR
STARTCHAR Ograve
ENCODING 210
SWIDTH 778 0
DWIDTH 22 0
BBX 20 27 1 0
BITMAP
01C000
00C000
006000
003000
000000
03FC00
0FFF00
1E0780
3801C0
7000E0
600060
E00070
C00030
C00030
C00030
C00030
C00030
C00030
C00030
C00030
E00070
600060
7000E0
3801C0
1E0780
0FFF00
03FC00
ENDCHAR
STARTCHAR Oacute
ENCODING 211
SWIDTH 778 0
DWIDTH 22 0
BBX 20 27 1 0
BITMAP
001C00
001800
003000
006000
000000
03FC00
0FFF00
1E0780
3801C0
7000E0
600060
E00070
C00030
C00030
C00030
C00030
C00030
C00030
C00030
C00030
E00070
600060
7000E0
3801C0
1E0780
0FFF00
03FC00
ENDCHAR
STARTCHAR Ocircumflex
ENCODING 212
SWIDTH 778 0
DWIDTH 22 0
BBX 20 27 1 0
BITMAP
007000
00F800
01DC00
038E00
000000
03FC00
0FFF00
1E0780
3801C0
7000E0
600060
E00070
C00030
C00030
C00030
C00030
C00030
C00030
C00030
C00030
E00070
600060
7000E0
3801C0
1E0780
0FFF00
03FC00
ENDCHAR
STARTCHAR Otilde
ENCODING 213
SWIDTH 778 0
DWIDTH 22 0
BBX 20 26 1 0
BITMAP
01C600
03FE00
031C00
000000
03FC00
0FFF00
1E0780
3801C0
7000E0
600060
E00070
C00030
C00030
C00030
C00030
C00030
C00030
C00030
C00030
E00070
600060
7000E0
3801C0
1E0780
0FFF00
03FC00
ENDCHAR
STARTCHAR Odieresis
ENCODING 214
SWIDTH 778 0
DWIDTH 22 0
BBX 20 27 1 0
BITMAP
018C00
018C00
018C00
000000
000000
03FC00
0FFF00
1E0780
3801C0
7000E0
600060
E00070
C00030
C00030
C00030
C00030
C00030
C00030
C00030
C00030
E00070
600060
7000E0
3801C0
1E0780
0FFF00
03FC00
ENDCHAR
STARTCHAR multiply
ENCODING 215
SWIDTH 584 0
DWIDTH 17 0
BBX 12 10 2 2
BITMAP
E070
70E0
39C0
1D80
0F00
0F00
0D80
39C0
70E0
E070
ENDCHAR
STARTCHAR Oslash
ENCODING 216
SWIDTH 778 0
DWIDTH 22 0
BBX 20 22 1 0
BITMAP
03FC30
0FFF60
1E07C0
3801C0
7000E0
600360
E00670
C00C30
C01830
C03030
C06030
C06030
C0C030
C18030
C30030
E60070
6C0060
7800E0
3801C0
1E0780
6FFF00
C3FC00
ENDCHAR
STARTCHAR Ugrave
ENCODING 217
SWIDTH 722 0
DWIDTH 21 0
BBX 15 27 3 0
BITMAP
0E00
0600
0300
0180
0000
C006
C006
C006
C006
C006
C006
C006
C006
C006
C006
C006
C006
C006
C006
C006
C006
C006
C006
600C
783C
3FF8
0FE0
ENDCHAR
STARTCHAR Uacute
ENCODING 218
SWIDTH 722 0
DWIDTH 21 0
BBX 15 27 3 0
BITMAP
00E0
00C0
0180
0300
0000
C006
C006
C006
C006
C006
C006
C006
C006
C006
C006
C006
C006
C006
C006
C006
C006
C006
C006
600C
783C
3FF8
0FE0
ENDCHAR
STARTCHAR Ucircumflex
ENCODING 219
SWIDTH 722 0
DWIDTH 21 0
BBX 15 27 3 0
BITMAP
0380
07C0
0EE0
1C70
0000
C006
C006
C006
C006
C006
C006
C006
C006
C006
C006
C006
C006
C006
C006
C006
C006
C006
C006
600C
783C
3FF8
0FE0
ENDCHAR
STARTCHAR Udieresis
ENCODING 220
SWIDTH 722 0
DWIDTH 21 0
BBX 15 27 3 0
BITMAP
0C60
0C60
0C60
0000
0000
C006
C006
C006
C006
C006
C006
C006
C006
C006
C006
C006
C006
C006
C006
C006
C006
C006
C006
600C
783C
3FF8
0FE0
ENDCHAR
STARTCHAR Yacute
ENCODING 221
SWIDTH 667 0
DWIDTH 19 0
BBX 18 27 1 0
BITMAP
003800
003000
006000
00C000
000000
E001C0
700380
700380
380700
1C0E00
1C0E00
0E1C00
073800
073800
03F000
01E000
00C000
00C000
00C000
00C000
00C000
00C000
00C000
00C000
00C000
00C000
00C000
ENDCHAR
STARTCHAR Thorn
ENCODING 222
SWIDTH 667 0
DWIDTH 19 0
BBX 14 22 3 0
BITMAP
C000
C000
C000
C000
C000
FFE0
FFF8
C038
C01C
C00C
C00C
C00C
C01C
C038
FFF8
FFE0
C000
C000
C000
C000
C000
C000
ENDCHAR
STARTCHAR germandbls
ENCODING 223
SWIDTH 611 0
DWIDTH 18 0
BBX 14 22 2 0
BITMAP
1FC0
7FF0
7070
E038
C018
C018
C018
C038
C070
C3E0
C3F0
C038
C01C
C00C
C00C
C00C
C00C
C01C
C018
C078
C3F0
C3C0
ENDCHAR
STARTCHAR agrave
ENCODING 224
SWIDTH 556 0
DWIDTH 16 0
BBX 13 21 1 0
BITMAP
1C00
0C00
0600
0300
0000
1FC0
7FE0
7070
6030
0030
0030
03F0
3FF0
7C30
E030
C030
C030
C070
E0F0
7F30
3E38
ENDCHAR
STARTCHAR aacute
ENCODING 225
SWIDTH 556 0
DWIDTH 16 0
BBX 13 21 1 0
BITMAP
01C0
0180
0300
0600
0000
1FC0
7FE0
7070
6030
0030
0030
03F0
3FF0
7C30
E030
C030
C030
C070
E0F0
7F30
3E38
ENDCHAR
STARTCHAR acircumflex
ENCODING 226
SWIDTH 556 0
DWIDTH 16 0
BBX 13 21 1 0
BITMAP
0700
0F80
1DC0
38E0
0000
1FC0
7FE0
7070
6030
0030
0030
03F0
3FF0
7C30
E030
C030
C030
C070
E0F0
7F30
3E38
ENDCHAR
STARTCHAR atilde
ENCODING 227
SWIDTH 556 0
DWIDTH 16 0
BBX 13 20 1 0
BITMAP
1C60
3FE0
31C0
0000
1FC0
7FE0
7070
6030
0030
0030
03F0
3FF0
7C30
E030
C030
C030
C070
E0F0
7F30
3E38
ENDCHAR
STARTCHAR adieresis
ENCODING 228
SWIDTH 556 0
DWIDTH 16 0
BBX 13 21 1 0
BITMAP
18C0
18C0
18C0
0000
0000
1FC0
7FE0
7070
6030
0030
0030
03F0
3FF0
7C30
E030
C030
C030
C070
E0F0
7F30
3E38
ENDCHAR
STARTCHAR aring
ENCODING 229
SWIDTH 556 0
DWIDTH 16 0
BBX 13 22 1 0
BITMAP
0700
0D80
0880
0D80
0700
0000
1FC0
7FE0
7070
6030
0030
0030
03F0
3FF0
7C30
E030
C030
C030
C070
E0F0
7F30
3E38
ENDCHAR
STARTCHAR ae
ENCODING 230
SWIDTH 889 0
DWIDTH 26 0
BBX 24 16 1 0
BITMAP
1FC3F0
7FEFF8
707E1C
60380E
001806
007806
03F006
1FBFFF
7F9FFF
F03000
C03000
C03806
C0380E
E0FE1C
7F8FF8
3F03F0
ENDCHAR
STARTCHAR ccedilla
ENCODING 231
SWIDTH 500 0
DWIDTH 14 0
BBX 12 22 1 -6
BITMAP
0F80
3FE0
70F0
6070
E030
C000
C000
C000
C000
C000
C030
E030
6070
70E0
3FE0
0F80
0200
0380
00C0
00C0
18C0
0F80
ENDCHAR
STARTCHAR egrave
ENCODING 232
SWIDTH 556 0
DWIDTH 16 0
BBX 14 21 1 0
BITMAP
0E00
0600
0300
0180
0000
0FC0
3FF0
7038
6018
6018
C00C
C00C
FFFC
FFFC
C000
C000
6018
6018
7038
3FF0
0FC0
ENDCHAR
STARTCHAR eacute
ENCODING 233
SWIDTH 556 0
DWIDTH 16 0
BBX 14 21 1 0
BITMAP
00E0
00C0
0180
0300
0000
0FC0
3FF0
7038
6018
6018
C00C
C00C
FFFC
FFFC
C000
C000
6018
6018
7038
3FF0
0FC0
ENDCHAR
STARTCHAR ecircumflex
ENCODING 234
SWIDTH 556 0
DWIDTH 16 0
BBX 14 21 1 0
BITMAP
0380
07C0
0EE0
1C70
0000
0FC0
3FF0
7038
6018
6018
C00C
C00C
FFFC
FFFC
C000
C000
6018
6018
7038
3FF0
0FC0
ENDCHAR
STARTCHAR edieresis
ENCODING 235
SWIDTH 556 0
DWIDTH 16 0
BBX 14 21 1 0
BITMAP
0C60
0C60
0C60
0000
0000
0FC0
3FF0
7038
6018
6018
C00C
C00C
FFFC
FFFC
C000
C000
6018
6018
7038
3FF0
0FC0
ENDCHAR
STARTCHAR igrave
ENCODING 236
SWIDTH 278 0
DWIDTH 8 0
BBX 5 21 1 0
BITMAP
E0
60
30
18
00
30
30
30
30
30
30
30
30
30
30
30
30
30
30
30
30
ENDCHAR
STARTCHAR iacute
ENCODING 237
SWIDTH 278 0
DWIDTH 8 0
BBX 5 21 3 0
BITMAP
38
30
60
C0
00
C0
C0
C0
C0
C0
C0
C0
C0
C0
C0
C0
C0
C0
C0
C0
C0
ENDCHAR
STARTCHAR icircumflex
ENCODING 238
SWIDTH 278 0
DWIDTH 8 0
BBX 9 21 0 0
BITMAP
1C00
3E00
7700
E380
0000
1800
1800
1800
1800
1800
1800
1800
1800
1800
1800
1800
1800
1800
1800
1800
1800
ENDCHAR
STARTCHAR idieresis
ENCODING 239
SWIDTH 278 0
DWIDTH 8 0
BBX 7 21 1 0
BITMAP
C6
C6
C6
00
00
30
30
30
30
30
30
30
30
30
30
30
30
30
30
30
30
ENDCHAR
STARTCHAR eth
ENCODING 240
SWIDTH 556 0
DWIDTH 16 0
BBX 14 22 1 0
BITMAP
3800
1C60
0EC0
0700
0780
18C0
0FE0
3EF0
7038
6018
E01C
C00C
C00C
C00C
C00C
C00C
C00C
E01C
6018
7038
3FF0
0FC0
ENDCHAR
STARTCHAR ntilde
ENCODING 241
SWIDTH 556 0
DWIDTH 16 0
BBX 12 20 2 0
BITMAP
1C60
3FE0
31C0
0000
CFC0
DFE0
F070
E030
E030
C030
C030
C030
C030
C030
C030
C030
C030
C030
C030
C030
ENDCHAR
STARTCHAR ograve
ENCODING 242
SWIDTH 556 0
DWIDTH 16 0
BBX 14 21 1 0
BITMAP
0E00
0600
0300
0180
0000
0FC0
3FF0
7038
6018
E01C
C00C
C00C
C00C
C00C
C00C
C00C
E01C
6018
7038
3FF0
0FC0
ENDCHAR
STARTCHAR oacute
ENCODING 243
SWIDTH 556 0
DWIDTH 16 0
BBX 14 21 1 0
BITMAP
00E0
00C0
0180
0300
0000
0FC0
3FF0
7038
6018
E01C
C00C
C00C
C00C
C00C
C00C
C00C
E01C
6018
7038
3FF0
0FC0
ENDCHAR
STARTCHAR ocircumflex
ENCODING 244
SWIDTH 556 0
DWIDTH 16 0
BBX 14 21 1 0
BITMAP
0380
07C0
0EE0
1C70
0000
0FC0
3FF0
7038
6018
E01C
C00C
C00C
C00C
C00C
C00C
C00C
E01C
6018
7038
3FF0
0FC0
ENDCHAR
STARTCHAR otilde
ENCODING 245
SWIDTH 556 0
DWIDTH 16 0
BBX 14 20 1 0
BITMAP
0E30
1FF0
18E0
0000
0FC0
3FF0
7038
6018
E01C
C00C
C00C
C00C
C00C
C00C
C00C
E01C
6018
7038
3FF0
0FC0
ENDCHAR
STARTCHAR odieresis
ENCODING 246
SWIDTH 556 0
DWIDTH 16 0
BBX 14 21 1 0
BITMAP
0C60
0C60
0C60
0000
0000
0FC0
3FF0
7038
6018
E01C
C00C
C00C
C00C
C00C
C00C
C00C
E01C
6018
7038
3FF0
0FC0
ENDCHAR
STARTCHAR divide
ENCODING 247
SWIDTH 584 0
DWIDTH 17 0
BBX 14 14 1 0
BITMAP
0300
0300
0300
0000
0000
0000
FFFC
FFFC
0000
0000
0000
0300
0300
0300
ENDCHAR
STARTCHAR oslash
ENCODING 248
SWIDTH 611 0
DWIDTH 16 0
BBX 14 16 1 0
BITMAP
0FCC
3FE8
7038
6038
E07C
C0CC
C18C
C30C
C30C
C60C
CC0C
F81C
7018
3038
7FF0
CFC0
ENDCHAR
STARTCHAR ugrave
ENCODING 249
SWIDTH 556 0
DWIDTH 16 0
BBX 12 21 2 0
BITMAP
1C00
0C00
0600
0300
0000
C030
C030
C030
C030
C030
C030
C030
C030
C030
C030
C030
C070
C070
E0F0
7FB0
3F30
ENDCHAR
STARTCHAR uacute
ENCODING 250
SWIDTH 556 0
DWIDTH 16 0
BBX 12 21 2 0
BITMAP
01C0
0180
0300
0600
0000
C030
C030
C030
C030
C030
C030
C030
C030
C030
C030
C030
C070
C070
E0F0
7FB0
3F30
ENDCHAR
STARTCHAR ucircumflex
ENCODING 251
SWIDTH 556 0
DWIDTH 16 0
BBX 12 21 2 0
BITMAP
0700
0F80
1DC0
38E0
0000
C030
C030
C030
C030
C030
C030
C030
C030
C030
C030
C030
C070
C070
E0F0
7FB0
3F30
ENDCHAR
STARTCHAR udieresis
ENCODING 252
SWIDTH 556 0
DWIDTH 16 0
BBX 12 21 2 0
BITMAP
18C0
18C0
18C0
0000
0000
C030
C030
C030
C030
C030
C030
C030
C030
C030
C030
C030
C070
C070
E0F0
7FB0
3F30
ENDCHAR
STARTCHAR yacute
ENCODING 253
SWIDTH 500 0
DWIDTH 14 0
BBX 13 27 1 -6
BITMAP
01C0
0180
0300
0600
0000
C018
C030
C030
6060
6060
60C0
30C0
30C0
1980
1980
1B00
0F00
0F00
0600
0600
0C00
0C00
1800
1800
1800
F800
F000
ENDCHAR
STARTCHAR thorn
ENCODING 254
SWIDTH 556 0
DWIDTH 16 0
BBX 13 28 2 -6
BITMAP
C000
C000
C000
C000
C000
C000
CF80
FFE0
F0F0
C030
E038
C018
C018
C018
C018
C018
C018
E038
C030
F0F0
FFE0
CF80
C000
C000
C000
C000
C000
C000
ENDCHAR
STARTCHAR ydieresis
ENCODING 255
SWIDTH 500 0
DWIDTH 14 0
BBX 13 27 1 -6
BITMAP
18C0
18C0
18C0
0000
0000
C018
C030
C030
6060
6060
60C0
30C0
30C0
1980
1980
1B00
0F00
0F00
0600
0600
0C00
0C00
1800
1800
1800
F800
F000
ENDCHAR
STARTCHAR Amacron
ENCODING 256
SWIDTH 667 0
DWIDTH 20 0
BBX 18 25 1 0
BITMAP
03F800
03F800
000000
01E000
03F000
033000
033000
061800
061800
061800
0C0C00
0C0C00
0C0C00
180600
180600
180600
3FFF00
3FFF00
300300
600180
600180
600180
C000C0
C000C0
C000C0
ENDCHAR
STARTCHAR amacron
ENCODING 257
SWIDTH 556 0
DWIDTH 16 0
BBX 13 19 1 0
BITMAP
1FC0
1FC0
0000
1FC0
7FE0
7070
6030
0030
0030
03F0
3FF0
7C30
E030
C030
C030
C070
E0F0
7F30
3E38
ENDCHAR
STARTCHAR Abreve
ENCODING 258
SWIDTH 667 0
DWIDTH 20 0
BBX 18 27 1 0
BITMAP
060C00
031800
03F800
01F000
000000
01E000
03F000
033000
033000
061800
061800
061800
0C0C00
0C0C00
0C0C00
180600
180600
180600
3FFF00
3FFF00
300300
600180
600180
600180
C000C0
C000C0
C000C0
ENDCHAR
STARTCHAR abreve
ENCODING 259
SWIDTH 556 0
DWIDTH 16 0
BBX 13 21 1 0
BITMAP
3060
18C0
1FC0
0F80
0000
1FC0
7FE0
7070
6030
0030
0030
03F0
3FF0
7C30
E030
C030
C030
C070
E0F0
7F30
3E38
ENDCHAR
STARTCHAR Aogonek
ENCODING 260
SWIDTH 667 0
DWIDTH 20 0
BBX 19 28 1 -6
BITMAP
01E000
03F000
033000
033000
061800
061800
061800
0C0C00
0C0C00
0C0C00
180600
180600
180600
3FFF00
3FFF00
300300
600180
600180
600180
C000C0
C000C0
C000C0
000180
000300
000600
000600
000700
0003E0
ENDCHAR
STARTCHAR aogonek
ENCODING 261
SWIDTH 556 0
DWIDTH 16 0
BBX 13 22 1 -6
BITMAP
1FC0
7FE0
7070
6030
0030
0030
03F0
3FF0
7C30
E030
C030
C030
C070
E0F0
7F30
3E38
00C0
0180
0300
0300
0380
01F0
ENDCHAR
STARTCHAR Cacute
ENCODING 262
SWIDTH 722 0
DWIDTH 21 0
BBX 17 27 2 0
BITMAP
003800
003000
006000
00C000
000000
07F000
1FFE00
3C0F00
380700
700380
600380
E00000
C00000
C00000
C00000
C00000
C00000
C00000
C00000
C00180
E00180
600380
700380
380700
3C0F00
1FFC00
07F000
ENDCHAR
STARTCHAR cacute
ENCODING 263
SWIDTH 500 0
DWIDTH 14 0
BBX 12 21 1 0
BITMAP
01C0
0180
0300
0600
0000
0F80
3FE0
70F0
6070
E030
C000
C000
C000
C000
C000
C030
E030
6070
70E0
3FE0
0F80
ENDCHAR
STARTCHAR Ccircumflex
ENCODING 264
SWIDTH 722 0
DWIDTH 21 0
BBX 17 27 2 0
BITMAP
00E000
01F000
03B800
071C00
000000
07F000
1FFE00
3C0F00
380700
700380
600380
E00000
C00000
C00000
C00000
C00000
C00000
C00000
C00000
C00180
E00180
600380
700380
380700
3C0F00
1FFC00
07F000
ENDCHAR
STARTCHAR ccircumflex
ENCODING 265
SWIDTH 500 0
DWIDTH 14 0
BBX 12 21 1 0
BITMAP
0700
0F80
1DC0
38E0
0000
0F80
3FE0
70F0
6070
E030
C000
C000
C000
C000
C000
C030
E030
6070
70E0
3FE0
0F80
ENDCHAR
STARTCHAR Cdotaccent
ENCODING 266
SWIDTH 722 0
DWIDTH 21 0
BBX 17 26 2 0
BITMAP
00C000
00C000
00C000
000000
07F000
1FFE00
3C0F00
380700
700380
600380
E00000
C00000
C00000
C00000
C00000
C00000
C00000
C00000
C00180
E00180
600380
700380
380700
3C0F00
1FFC00
07F000
ENDCHAR
STARTCHAR cdotaccent
ENCODING 267
SWIDTH 500 0
DWIDTH 14 0
BBX 12 20 1 0
BITMAP
0300
0300
0300
0000
0F80
3FE0
70F0
6070
E030
C000
C000
C000
C000
C000
C030
E030
6070
70E0
3FE0
0F80
ENDCHAR
STARTCHAR Ccaron
ENCODING 268
SWIDTH 722 0
DWIDTH 21 0
BBX 17 27 2 0
BITMAP
071C00
03B800
01F000
00E000
000000
07F000
1FFE00
3C0F00
380700
700380
600380
E00000
C00000
C00000
C00000
C00000
C00000
C00000
C00000
C00180
E00180
600380
700380
380700
3C0F00
1FFC00
07F000
ENDCHAR
STARTCHAR ccaron
ENCODING 269
SWIDTH 500 0
DWIDTH 14 0
BBX 12 21 1 0
BITMAP
38E0
1DC0
0F80
0700
0000
0F80
3FE0
70F0
6070
E030
C000
C000
C000
C000
C000
C030
E030
6070
70E0
3FE0
0F80
ENDCHAR
STARTCHAR Dcaron
ENCODING 270
SWIDTH 722 0
DWIDTH 21 0
BBX 16 27 3 0
BITMAP
1C70
0EE0
07C0
0380
0000
FFE0
FFF8
C03C
C01C
C00E
C006
C007
C003
C003
C003
C003
C003
C003
C003
C003
C007
C006
C00E
C01C
C03C
FFF8
FFE0
ENDCHAR
STARTCHAR dcaron
ENCODING 271
SWIDTH 750 0
DWIDTH 19 0
BBX 17 22 1 0
BITMAP
001980
001980
001980
001880
001880
001980
0F9B00
3FF800
787800
601800
E03800
C01800
C01800
C01800
C01800
C01800
C01800
E03800
603800
787800
3FD800
0F9800
ENDCHAR
STARTCHAR Dcroat
ENCODING 272
SWIDTH 722 0
DWIDTH 21 0
BBX 18 22 1 0
BITMAP
3FF800
3FFE00
300F00
300700
300380
300180
3001C0
3000C0
3000C0
3000C0
FB80C0
FF80C0
2000C0
3000C0
3000C0
3001C0
300180
300380
300700
300F00
3FFE00
3FF800
ENDCHAR
STARTCHAR dcroat
ENCODING 273
SWIDTH 556 0
DWIDTH 16 0
BBX 15 22 1 0
BITMAP
0018
0018
03FE
03DE
0018
0018
1F98
3FF8
70F8
6018
E038
C018
C018
C018
C018
C018
C018
E038
6018
70F8
3FF8
1F98
ENDCHAR
STARTCHAR Emacron
ENCODING 274
SWIDTH 667 0
DWIDTH 19 0
BBX 15 25 3 0
BITMAP
1FC0
1FC0
0000
FFFC
FFFC
C000
C000
C000
C000
C000
C000
C000
FFF8
FFF8
C000
C000
C000
C000
C000
C000
C000
C000
C000
FFFE
FFFE
ENDCHAR
STARTCHAR emacron
ENCODING 275
SWIDTH 556 0
DWIDTH 16 0
BBX 14 19 1 0
BITMAP
0FE0
0FE0
0000
0FC0
3FF0
7038
6018
6018
C00C
C00C
FFFC
FFFC
C000
C000
6018
6018
7038
3FF0
0FC0
ENDCHAR
STARTCHAR Ebreve
ENCODING 276
SWIDTH 667 0
DWIDTH 19 0
BBX 15 27 3 0
BITMAP
3060
18C0
1FC0
0F80
0000
FFFC
FFFC
C000
C000
C000
C000
C000
C000
C000
FFF8
FFF8
C000
C000
C000
C000
C000
C000
C000
C000
C000
FFFE
FFFE
ENDCHAR
STARTCHAR ebreve
ENCODING 277
SWIDTH 556 0
DWIDTH 16 0
BBX 14 21 1 0
BITMAP
1830
0C60
0FE0
07C0
0000
0FC0
3FF0
7038
6018
6018
C00C
C00C
FFFC
FFFC
C000
C000
6018
6018
7038
3FF0
0FC0
ENDCHAR
STARTCHAR Edotaccent
ENCODING 278
SWIDTH 667 0
DWIDTH 19 0
BBX 15 26 3 0
BITMAP
0600
0600
0600
0000
FFFC
FFFC
C000
C000
C000
C000
C000
C000
C000
FFF8
FFF8
C000
C000
C000
C000
C000
C000
C000
C000
C000
FFFE
FFFE
ENDCHAR
STARTCHAR edotaccent
ENCODING 279
SWIDTH 556 0
DWIDTH 16 0
BBX 14 20 1 0
BITMAP
0300
0300
0300
0000
0FC0
3FF0
7038
6018
6018
C00C
C00C
FFFC
FFFC
C000
C000
6018
6018
7038
3FF0
0FC0
ENDCHAR
STARTCHAR Eogonek
ENCODING 280
SWIDTH 667 0
DWIDTH 19 0
BBX 15 28 3 -6
BITMAP
FFFC
FFFC
C000
C000
C000
C000
C000
C000
C000
FFF8
FFF8
C000
C000
C000
C000
C000
C000
C000
C000
C000
FFFE
FFFE
0030
0060
00C0
00C0
00E0
007C
ENDCHAR
STARTCHAR eogonek
ENCODING 281
SWIDTH 556 0
DWIDTH 16 0
BBX 14 22 1 -6
BITMAP
0FC0
3FF0
7038
6018
6018
C00C
C00C
FFFC
FFFC
C000
C000
6018
6018
7038
3FF0
0FC0
0180
0300
0600
0600
0700
03E0
ENDCHAR
STARTCHAR Ecaron
ENCODING 282
SWIDTH 667 0
DWIDTH 19 0
BBX 15 27 3 0
BITMAP
38E0
1DC0
0F80
0700
0000
FFFC
FFFC
C000
C000
C000
C000
C000
C000
C000
FFF8
FFF8
C000
C000
C000
C000
C000
C000
C000
C000
C000
FFFE
FFFE
ENDCHAR
STARTCHAR ecaron
ENCODING 283
SWIDTH 556 0
DWIDTH 16 0
BBX 14 21 1 0
BITMAP
1C70
0EE0
07C0
0380
0000
0FC0
3FF0
7038
6018
6018
C00C
C00C
FFFC
FFFC
C000
C000
6018
6018
7038
3FF0
0FC0
ENDCHAR
STARTCHAR Gcircumflex
ENCODING 284
SWIDTH 778 0
DWIDTH 22 0
BBX 19 27 1 0
BITMAP
007000
00F800
01DC00
038E00
000000
03FC00
0FFF00
1E0780
3801C0
7000C0
6000E0
E00000
C00000
C00000
C00000
C03FE0
C03FE0
C00060
C00060
E00060
600060
7000E0
700060
3801E0
1E03E0
0FFE60
03F860
ENDCHAR
STARTCHAR gcircumflex
ENCODING 285
SWIDTH 556 0
DWIDTH 16 0
BBX 13 27 1 -6
BITMAP
0700
0F80
1DC0
38E0
0000
0F98
3FD8
7878
6038
E038
C018
C018
C018
C018
C018
C018
E038
6038
7878
3F98
1F98
0018
6018
6038
7070
3FE0
0F80
ENDCHAR
STARTCHAR Gbreve
ENCODING 286
SWIDTH 778 0
DWIDTH 22 0
BBX 19 27 1 0
BITMAP
030600
018C00
01FC00
00F800
000000
03FC00
0FFF00
1E0780
3801C0
7000C0
6000E0
E00000
C00000
C00000
C00000
C03FE0
C03FE0
C00060
C00060
E00060
600060
7000E0
700060
3801E0
1E03E0
0FFE60
03F860
ENDCHAR
STARTCHAR gbreve
ENCODING 287
SWIDTH 556 0
DWIDTH 16 0
BBX 13 27 1 -6
BITMAP
3060
18C0
1FC0
0F80
0000
0F98
3FD8
7878
6038
E038
C018
C018
C018
C018
C018
C018
E038
6038
7878
3F98
1F98
0018
6018
6038
7070
3FE0
0F80
ENDCHAR
STARTCHAR Gdotaccent
ENCODING 288
SWIDTH 778 0
DWIDTH 22 0
BBX 19 26 1 0
BITMAP
006000
006000
006000
000000
03FC00
0FFF00
1E0780
3801C0
7000C0
6000E0
E00000
C00000
C00000
C00000
C03FE0
C03FE0
C00060
C00060
E00060
600060
7000E0
700060
3801E0
1E03E0
0FFE60
03F860
ENDCHAR
STARTCHAR gdotaccent
ENCODING 289
SWIDTH 556 0
DWIDTH 16 0
BBX 13 26 1 -6
BITMAP
0300
0300
0300
0000
0F98
3FD8
7878
6038
E038
C018
C018
C018
C018
C018
C018
E038
6038
7878
3F98
1F98
0018
6018
6038
7070
3FE0
0F80
ENDCHAR
STARTCHAR Gcommaaccent
ENCODING 290
SWIDTH 778 0
DWIDTH 22 0
BBX 19 30 1 -8
BITMAP
03FC00
0FFF00
1E0780
3801C0
7000C0
6000E0
E00000
C00000
C00000
C00000
C03FE0
C03FE0
C00060
C00060
E00060
600060
7000E0
700060
3801E0
1E03E0
0FFE60
03F860
000000
001800
001800
001800
000800
000800
001800
003000
ENDCHAR
STARTCHAR gcommaaccent
ENCODING 291
SWIDTH 556 0
DWIDTH 16 0
BBX 13 30 1 -6
BITMAP
0300
0600
0400
0400
0600
0600
0600
0000
0F98
3FD8
7878
6038
E038
C018
C018
C018
C018
C018
C018
E038
6038
7878
3F98
1F98
0018
6018
6038
7070
3FE0
0F80
ENDCHAR
STARTCHAR Hcircumflex
ENCODING 292
SWIDTH 722 0
DWIDTH 21 0
BBX 15 27 3 0
BITMAP
0380
07C0
0EE0
1C70
0000
C006
C006
C006
C006
C006
C006
C006
C006
C006
FFFE
FFFE
C006
C006
C006
C006
C006
C006
C006
C006
C006
C006
C006
ENDCHAR
STARTCHAR hcircumflex
ENCODING 293
SWIDTH 556 0
DWIDTH 16 0
BBX 14 27 0 0
BITMAP
1C00
3E00
7700
E380
0000
3000
3000
3000
3000
3000
3000
33F0
33F8
3C1C
380C
380C
300C
300C
300C
300C
300C
300C
300C
300C
300C
300C
300C
ENDCHAR
STARTCHAR Hbar
ENCODING 294
SWIDTH 722 0
DWIDTH 21 0
BBX 21 22 0 0
BITMAP
1800C0
1800C0
1800C0
1800C0
1000C0
FFFFF8
FFFEF8
180040
1000C0
1FFFC0
1FFFC0
1800C0
1800C0
1800C0
1800C0
1800C0
1800C0
1800C0
1800C0
1800C0
1800C0
1800C0
ENDCHAR
STARTCHAR hbar
ENCODING 295
SWIDTH 556 0
DWIDTH 16 0
BBX 13 22 1 0
BITMAP
6000
6000
FF80
F780
6000
6000
67E0
67F0
7878
7018
7018
6018
6018
6018
6018
6018
6018
6018
6018
6018
6018
6018
ENDCHAR
STARTCHAR Itilde
ENCODING 296
SWIDTH 278 0
DWIDTH 8 0
BBX 9 26 0 0
BITMAP
7180
FF80
C700
0000
1800
1800
1800
1800
1800
1800
1800
1800
1800
1800
1800
1800
1800
1800
1800
1800
1800
1800
1800
1800
1800
1800
ENDCHAR
STARTCHAR itilde
ENCODING 297
SWIDTH 278 0
DWIDTH 8 0
BBX 9 20 0 0
BITMAP
7180
FF80
C700
0000
1800
1800
1800
1800
1800
1800
1800
1800
1800
1800
1800
1800
1800
1800
1800
1800
ENDCHAR
STARTCHAR Imacron
ENCODING 298
SWIDTH 278 0
DWIDTH 8 0
BBX 7 25 1 0
BITMAP
FE
FE
00
30
30
30
30
30
30
30
30
30
30
30
30
30
30
30
30
30
30
30
30
30
30
ENDCHAR
STARTCHAR imacron
ENCODING 299
SWIDTH 278 0
DWIDTH 8 0
BBX 7 19 1 0
BITMAP
FE
FE
00
30
30
30
30
30
30
30
30
30
30
30
30
30
30
30
30
ENDCHAR
STARTCHAR Ibreve
ENCODING 300
SWIDTH 278 0
DWIDTH 8 0
BBX 9 27 0 0
BITMAP
C180
6300
7F00
3E00
0000
1800
1800
1800
1800
1800
1800
1800
1800
1800
1800
1800
1800
1800
1800
1800
1800
1800
1800
1800
1800
1800
1800
ENDCHAR
STARTCHAR ibreve
ENCODING 301
SWIDTH 278 0
DWIDTH 8 0
BBX 9 21 0 0
BITMAP
C180
6300
7F00
3E00
0000
1800
1800
1800
1800
1800
1800
1800
1800
1800
1800
1800
1800
1800
1800
1800
1800
ENDCHAR
STARTCHAR Iogonek
ENCODING 302
SWIDTH 278 0
DWIDTH 8 0
BBX 6 28 0 -6
BITMAP
18
18
18
18
18
18
18
18
18
18
18
18
18
18
18
18
18
18
18
18
18
18
30
60
C0
C0
E0
7C
ENDCHAR
STARTCHAR iogonek
ENCODING 303
SWIDTH 222 0
DWIDTH 6 0
BBX 6 28 -1 -6
BITMAP
18
18
18
00
00
00
18
18
18
18
18
18
18
18
18
18
18
18
18
18
18
18
30
60
C0
C0
E0
7C
ENDCHAR
STARTCHAR Idotaccent
ENCODING 304
SWIDTH 278 0
DWIDTH 8 0
BBX 2 26 3 0
BITMAP
C0
C0
C0
00
C0
C0
C0
C0
C0
C0
C0
C0
C0
C0
C0
C0
C0
C0
C0
C0
C0
C0
C0
C0
C0
C0
ENDCHAR
STARTCHAR dotlessi
ENCODING 305
SWIDTH 278 0
DWIDTH 8 0
BBX 2 16 3 0
BITMAP
C0
C0
C0
C0
C0
C0
C0
C0
C0
C0
C0
C0
C0
C0
C0
C0
ENDCHAR
STARTCHAR IJ
ENCODING 306
SWIDTH 764 0
DWIDTH 22 0
BBX 17 22 3 0
BITMAP
C00180
C00180
C00180
C00180
C00180
C00180
C00180
C00180
C00180
C00180
C00180
C00180
C00180
C00180
C00180
C30180
C30180
C30180
C30380
C18700
C1FF00
C07C00
ENDCHAR
STARTCHAR ij
ENCODING 307
SWIDTH 433 0
DWIDTH 12 0
BBX 8 28 2 -6
BITMAP
C3
C3
C3
00
00
00
C3
C3
C3
C3
C3
C3
C3
C3
C3
C3
C3
C3
C3
C3
C3
C3
03
03
03
03
1F
1E
ENDCHAR
STARTCHAR Jcircumflex
ENCODING 308
SWIDTH 500 0
DWIDTH 14 0
BBX 13 27 1 0
BITMAP
01C0
03E0
0770
0E38
0000
0060
0060
0060
0060
0060
0060
0060
0060
0060
0060
0060
0060
0060
0060
0060
C060
C060
C060
C0E0
61C0
7FC0
1F00
ENDCHAR
STARTCHAR jcircumflex
ENCODING 309
SWIDTH 222 0
DWIDTH 6 0
BBX 9 27 -1 -6
BITMAP
1C00
3E00
7700
E380
0000
1800
1800
1800
1800
1800
1800
1800
1800
1800
1800
1800
1800
1800
1800
1800
1800
1800
1800
1800
1800
F800
F000
ENDCHAR
STARTCHAR Kcommaaccent
ENCODING 310
SWIDTH 667 0
DWIDTH 19 0
BBX 16 30 2 -8
BITMAP
C007
C00E
C01C
C038
C070
C0E0
C1C0
C380
C700
CF00
DB00
FB80
F1C0
C1C0
C0E0
C070
C070
C038
C01C
C01C
C00E
C007
0000
0180
0180
0180
0080
0080
0180
0300
ENDCHAR
STARTCHAR kcommaaccent
ENCODING 311
SWIDTH 500 0
DWIDTH 14 0
BBX 12 30 2 -8
BITMAP
C000
C000
C000
C000
C000
C000
C0E0
C1C0
C380
C700
CE00
DC00
FE00
F600
C700
C380
C380
C1C0
C1C0
C0E0
C0E0
C070
0000
0600
0600
0600
0200
0200
0600
0C00
ENDCHAR
STARTCHAR kgreenlandic
ENCODING 312
SWIDTH 500 0
DWIDTH 14 0
BBX 12 16 2 0
BITMAP
C0E0
C1C0
C380
C700
CE00
DC00
FE00
F600
C700
C380
C380
C1C0
C1C0
C0E0
C0E0
C070
ENDCHAR
STARTCHAR Lacute
ENCODING 313
SWIDTH 556 0
DWIDTH 16 0
BBX 12 27 3 0
BITMAP
1C00
1800
3000
6000
0000
C000
C000
C000
C000
C000
C000
C000
C000
C000
C000
C000
C000
C000
C000
C000
C000
C000
C000
C000
C000
FFF0
FFF0
ENDCHAR
STARTCHAR lacute
ENCODING 314
SWIDTH 222 0
DWIDTH 6 0
BBX 5 27 2 0
BITMAP
38
30
60
C0
00
C0
C0
C0
C0
C0
C0
C0
C0
C0
C0
C0
C0
C0
C0
C0
C0
C0
C0
C0
C0
C0
C0
ENDCHAR
STARTCHAR Lcommaaccent
ENCODING 315
SWIDTH 556 0
DWIDTH 16 0
BBX 12 30 3 -8
BITMAP
C000
C000
C000
C000
C000
C000
C000
C000
C000
C000
C000
C000
C000
C000
C000
C000
C000
C000
C000
C000
FFF0
FFF0
0000
0600
0600
0600
0200
0200
0600
0C00
ENDCHAR
STARTCHAR lcommaaccent
ENCODING 316
SWIDTH 222 0
DWIDTH 6 0
BBX 3 30 2 -8
BITMAP
C0
C0
C0
C0
C0
C0
C0
C0
C0
C0
C0
C0
C0
C0
C0
C0
C0
C0
C0
C0
C0
C0
00
60
60
60
20
20
60
C0
ENDCHAR
STARTCHAR Lcaron
ENCODING 317
SWIDTH 750 0
DWIDTH 16 0
BBX 12 22 3 0
BITMAP
C600
C600
C600
C200
C200
C600
CC00
C000
C000
C000
C000
C000
C000
C000
C000
C000
C000
C000
C000
C000
FFF0
FFF0
ENDCHAR
STARTCHAR lcaron
ENCODING 318
SWIDTH 433 0
DWIDTH 9 0
BBX 6 22 2 0
BITMAP
CC
CC
CC
C4
C4
CC
D8
C0
C0
C0
C0
C0
C0
C0
C0
C0
C0
C0
C0
C0
C0
C0
ENDCHAR
STARTCHAR Ldot
ENCODING 319
SWIDTH 806 0
DWIDTH 21 0
BBX 16 22 3 0
BITMAP
C000
C000
C000
C000
C000
C000
C000
C000
C000
C003
C003
C003
C000
C000
C000
C000
C000
C000
C000
C000
FFF0
FFF0
ENDCHAR
STARTCHAR ldot
ENCODING 320
SWIDTH 489 0
DWIDTH 12 0
BBX 8 22 2 0
BITMAP
C0
C0
C0
C0
C0
C0
C0
C0
C0
C0
C0
C0
C3
C3
C3
C0
C0
C0
C0
C0
C0
C0
ENDCHAR
STARTCHAR Lslash
ENCODING 321
SWIDTH 556 0
DWIDTH 16 0
BBX 15 22 0 0
BITMAP
1800
1800
1800
1800
1800
1800
1800
1800
1800
1B80
1F00
1E00
1800
3800
7800
D800
D800
1800
1800
1800
1FFE
1FFE
ENDCHAR
STARTCHAR lslash
ENCODING 322
SWIDTH 222 0
DWIDTH 6 0
BBX 6 22 0 0
BITMAP
30
30
30
30
30
30
30
30
3C
38
30
70
F0
30
30
30
30
30
30
30
30
30
ENDCHAR
STARTCHAR Nacute
ENCODING 323
SWIDTH 722 0
DWIDTH 21 0
BBX 17 27 2 0
BITMAP
00E000
00C000
018000
030000
000000
E00180
F00180
F00180
D80180
9C0180
DC0180
CE0180
C70180
C70180
C38180
C1C180
C1C180
C0E180
C07180
C07180
C03980
C01D80
C01D80
C00D80
C00780
C00380
C00380
ENDCHAR
STARTCHAR nacute
ENCODING 324
SWIDTH 556 0
DWIDTH 16 0
BBX 12 21 2 0
BITMAP
01C0
0180
0300
0600
0000
CFC0
DFE0
F070
E030
E030
C030
C030
C030
C030
C030
C030
C030
C030
C030
C030
C030
ENDCHAR
STARTCHAR Ncommaaccent
ENCODING 325
SWIDTH 722 0
DWIDTH 21 0
BBX 17 30 2 -8
BITMAP
E00180
F00180
F00180
D80180
9C0180
DC0180
CE0180
C70180
C70180
C38180
C1C180
C1C180
C0E180
C07180
C07180
C03980
C01D80
C01D80
C00D80
C00780
C00380
C00380
000000
006000
006000
006000
002000
002000
006000
00C000
ENDCHAR
STARTCHAR ncommaaccent
ENCODING 326
SWIDTH 556 0
DWIDTH 16 0
BBX 12 24 2 -8
BITMAP
CFC0
DFE0
F070
E030
E030
C030
C030
C030
C030
C030
C030
C030
C030
C030
C030
C030
0000
0300
0300
0300
0100
0100
0300
0600
ENDCHAR
STARTCHAR Ncaron
ENCODING 327
SWIDTH 722 0
DWIDTH 21 0
BBX 17 27 2 0
BITMAP
1C7000
0EE000
07C000
038000
000000
E00180
F00180
F00180
D80180
9C0180
DC0180
CE0180
C70180
C70180
C38180
C1C180
C1C180
C0E180
C07180
C07180
C03980
C01D80
C01D80
C00D80
C00780
C00380
C00380
ENDCHAR
STARTCHAR ncaron
ENCODING 328
SWIDTH 556 0
DWIDTH 16 0
BBX 12 21 2 0
BITMAP
38E0
1DC0
0F80
0700
0000
CFC0
DFE0
F070
E030
E030
C030
C030
C030
C030
C030
C030
C030
C030
C030
C030
C030
ENDCHAR
STARTCHAR napostrophe
ENCODING 329
SWIDTH 767 0
DWIDTH 22 0
BBX 17 22 0 0
BITMAP
600000
600000
600000
200000
200000
600000
C67E00
067F00
078380
070180
070180
060180
060180
060180
060180
060180
060180
060180
060180
060180
060180
060180
ENDCHAR
STARTCHAR Eng
ENCODING 330
SWIDTH 722 0
DWIDTH 21 0
BBX 15 29 3 -7
BITMAP
C3F8
CFFC
CC1C
F00E
E006
E006
C006
C006
C006
C006
C006
C006
C006
C006
C006
C006
C006
C006
C006
C006
C006
C006
0006
0006
0006
0006
000E
007E
007C
ENDCHAR
STARTCHAR eng
ENCODING 331
SWIDTH 556 0
DWIDTH 16 0
BBX 12 22 2 -6
BITMAP
CFC0
DFE0
F070
E030
E030
C030
C030
C030
C030
C030
C030
C030
C030
C030
C030
C030
0030
0030
0030
0030
01F0
01E0
ENDCHAR
STARTCHAR Omacron
ENCODING 332
SWIDTH 778 0
DWIDTH 22 0
BBX 20 25 1 0
BITMAP
01FC00
01FC00
000000
03FC00
0FFF00
1E0780
3801C0
7000E0
600060
E00070
C00030
C00030
C00030
C00030
C00030
C00030
C00030
C00030
E00070
600060
7000E0
3801C0
1E0780
0FFF00
03FC00
ENDCHAR
STARTCHAR omacron
ENCODING 333
SWIDTH 556 0
DWIDTH 16 0
BBX 14 19 1 0
BITMAP
0FE0
0FE0
0000
0FC0
3FF0
7038
6018
E01C
C00C
C00C
C00C
C00C
C00C
C00C
E01C
6018
7038
3FF0
0FC0
ENDCHAR
STARTCHAR Obreve
ENCODING 334
SWIDTH 778 0
DWIDTH 22 0
BBX 20 27 1 0
BITMAP
030600
018C00
01FC00
00F800
000000
03FC00
0FFF00
1E0780
3801C0
7000E0
600060
E00070
C00030
C00030
C00030
C00030
C00030
C00030
C00030
C00030
E00070
600060
7000E0
3801C0
1E0780
0FFF00
03FC00
ENDCHAR
STARTCHAR obreve
ENCODING 335
SWIDTH 556 0
DWIDTH 16 0
BBX 14 21 1 0
BITMAP
1830
0C60
0FE0
07C0
0000
0FC0
3FF0
7038
6018
E01C
C00C
C00C
C00C
C00C
C00C
C00C
E01C
6018
7038
3FF0
0FC0
ENDCHAR
STARTCHAR Ohungarumlaut
ENCODING 336
SWIDTH 778 0
DWIDTH 22 0
BBX 20 27 1 0
BITMAP
00C600
018C00
031800
022000
000000
03FC00
0FFF00
1E0780
3801C0
7000E0
600060
E00070
C00030
C00030
C00030
C00030
C00030
C00030
C00030
C00030
E00070
600060
7000E0
3801C0
1E0780
0FFF00
03FC00
ENDCHAR
STARTCHAR ohungarumlaut
ENCODING 337
SWIDTH 556 0
DWIDTH 16 0
BBX 14 21 1 0
BITMAP
0630
0C60
18C0
1100
0000
0FC0
3FF0
7038
6018
E01C
C00C
C00C
C00C
C00C
C00C
C00C
E01C
6018
7038
3FF0
0FC0
ENDCHAR
STARTCHAR OE
ENCODING 338
SWIDTH 1000 0
DWIDTH 29 0
BBX 26 22 2 0
BITMAP
07FFFFC0
1FFFFFC0
3C0D0000
70010000
60030000
60030000
E0030000
C0030000
C0030000
C003FFC0
C003FFC0
C0030000
C0030000
C0030000
C0030000
E0030000
60030000
60030000
70030000
381B0000
3FFF7FC0
0FFFFFC0
ENDCHAR
STARTCHAR oe
ENCODING 339
SWIDTH 944 0
DWIDTH 27 0
BBX 25 16 1 0
BITMAP
0FC1F800
3FE3FC00
78770E00
603E0700
E0380300
C0180180
C0180180
C01FFF80
C01FFF80
C0080000
C0080000
E0180300
601E0700
707F0E00
3FE7FE00
0FC1F800
ENDCHAR
STARTCHAR Racute
ENCODING 340
SWIDTH 722 0
DWIDTH 21 0
BBX 17 27 3 0
BITMAP
00E000
00C000
018000
030000
000000
FFF800
FFFE00
C01E00
C00700
C00700
C00300
C00300
C00300
C00600
C00E00
FFF800
FFFC00
C00E00
C00E00
C00600
C00600
C00600
C00600
C00600
C00600
C00300
C00380
ENDCHAR
STARTCHAR racute
ENCODING 341
SWIDTH 333 0
DWIDTH 9 0
BBX 7 21 2 0
BITMAP
0E
0C
18
30
00
CE
DE
F0
E0
E0
C0
C0
C0
C0
C0
C0
C0
C0
C0
C0
C0
ENDCHAR
STARTCHAR Rcommaaccent
ENCODING 342
SWIDTH 722 0
DWIDTH 21 0
BBX 17 30 3 -8
BITMAP
FFF800
FFFE00
C01E00
C00700
C00700
C00300
C00300
C00300
C00600
C00E00
FFF800
FFFC00
C00E00
C00E00
C00600
C00600
C00600
C00600
C00600
C00600
C00300
C00380
000000
00C000
00C000
00C000
004000
004000
00C000
018000
ENDCHAR
STARTCHAR rcommaaccent
ENCODING 343
SWIDTH 333 0
DWIDTH 9 0
BBX 7 24 2 -8
BITMAP
CE
DE
F0
E0
E0
C0
C0
C0
C0
C0
C0
C0
C0
C0
C0
C0
00
60
60
60
20
20
60
C0
ENDCHAR
STARTCHAR Rcaron
ENCODING 344
SWIDTH 722 0
DWIDTH 21 0
BBX 17 27 3 0
BITMAP
1C7000
0EE000
07C000
038000
000000
FFF800
FFFE00
C01E00
C00700
C00700
C00300
C00300
C00300
C00600
C00E00
FFF800
FFFC00
C00E00
C00E00
C00600
C00600
C00600
C00600
C00600
C00600
C00300
C00380
ENDCHAR
STARTCHAR rcaron
ENCODING 345
SWIDTH 333 0
DWIDTH 9 0
BBX 9 21 1 0
BITMAP
E380
7700
3E00
1C00
0000
6700
6F00
7800
7000
7000
6000
6000
6000
6000
6000
6000
6000
6000
6000
6000
6000
ENDCHAR
STARTCHAR Sacute
ENCODING 346
SWIDTH 667 0
DWIDTH 19 0
BBX 17 27 1 0
BITMAP
003800
003000
006000
00C000
000000
07F800
1FFE00
380F00
700700
600300
600300
600000
700000
7C0000
3FC000
1FDC00
01FE00
003F00
000780
000380
C00180
E00180
600180
700380
380F00
3FFF00
0FFC00
ENDCHAR
STARTCHAR sacute
ENCODING 347
SWIDTH 500 0
DWIDTH 14 0
BBX 12 21 1 0
BITMAP
0380
0300
0600
0C00
0000
1F80
7FE0
E0E0
C060
C000
E000
7E00
3FC0
0FE0
00F0
0030
C030
C030
E070
7FE0
1F80
ENDCHAR
STARTCHAR Scircumflex
ENCODING 348
SWIDTH 667 0
DWIDTH 19 0
BBX 17 27 1 0
BITMAP
00E000
01F000
03B800
071C00
000000
07F800
1FFE00
380F00
700700
600300
600300
600000
700000
7C0000
3FC000
1FDC00
01FE00
003F00
000780
000380
C00180
E00180
600180
700380
380F00
3FFF00
0FFC00
ENDCHAR
STARTCHAR scircumflex
ENCODING 349
SWIDTH 500 0
DWIDTH 14 0
BBX 12 21 1 0
BITMAP
0E00
1F00
3B80
71C0
0000
1F80
7FE0
E0E0
C060
C000
E000
7E00
3FC0
0FE0
00F0
0030
C030
C030
E070
7FE0
1F80
ENDCHAR
STARTCHAR Scedilla
ENCODING 350
SWIDTH 667 0
DWIDTH 19 0
BBX 17 28 1 -6
BITMAP
07F800
1FFE00
380F00
700700
600300
600300
600000
700000
7C0000
3FC000
1FDC00
01FE00
003F00
000780
000380
C00180
E00180
600180
700380
380F00
3FFF00
0FFC00
004000
007000
001800
001800
031800
01F000
ENDCHAR
STARTCHAR scedilla
ENCODING 351
SWIDTH 500 0
DWIDTH 14 0
BBX 12 22 1 -6
BITMAP
1F80
7FE0
E0E0
C060
C000
E000
7E00
3FC0
0FE0
00F0
0030
C030
C030
E070
7FE0
1F80
0200
0380
00C0
00C0
18C0
0F80
ENDCHAR
STARTCHAR Scaron
ENCODING 352
SWIDTH 667 0
DWIDTH 19 0
BBX 17 27 1 0
BITMAP
071C00
03B800
01F000
00E000
000000
07F800
1FFE00
380F00
700700
600300
600300
600000
700000
7C0000
3FC000
1FDC00
01FE00
003F00
000780
000380
C00180
E00180
600180
700380
380F00
3FFF00
0FFC00
ENDCHAR
STARTCHAR scaron
ENCODING 353
SWIDTH 500 0
DWIDTH 14 0
BBX 12 21 1 0
BITMAP
71C0
3B80
1F00
0E00
0000
1F80
7FE0
E0E0
C060
C000
E000
7E00
3FC0
0FE0
00F0
0030
C030
C030
E070
7FE0
1F80
ENDCHAR
STARTCHAR Tcommaaccent
ENCODING 354
SWIDTH 611 0
DWIDTH 18 0
BBX 16 28 1 -6
BITMAP
FFFF
FFFF
0180
0180
0180
0180
0180
0180
0180
0180
0180
0180
0180
0180
0180
0180
0180
0180
0180
0180
0180
0180
0080
00E0
0030
0030
0630
03E0
ENDCHAR
STARTCHAR tcommaaccent
ENCODING 355
SWIDTH 278 0
DWIDTH 8 0
BBX 7 27 1 -6
BITMAP
30
30
30
30
30
FC
FC
20
20
30
30
30
30
30
30
30
30
30
30
3C
1E
10
1C
06
06
C6
7C
ENDCHAR
STARTCHAR Tcaron
ENCODING 356
SWIDTH 611 0
DWIDTH 18 0
BBX 16 27 1 0
BITMAP
0E38
0770
03E0
01C0
0000
FFFF
FFFF
0180
0180
0180
0180
0180
0180
0180
0180
0180
0180
0180
0180
0180
0180
0180
0180
0180
0180
0180
0180
ENDCHAR
STARTCHAR tcaron
ENCODING 357
SWIDTH 486 0
DWIDTH 12 0
BBX 10 22 1 0
BITMAP
00C0
30C0
30C0
3040
3040
30C0
FC80
FC00
2000
2000
3000
3000
3000
3000
3000
3000
3000
3000
3000
3000
3C00
1E00
ENDCHAR
STARTCHAR Tbar
ENCODING 358
SWIDTH 611 0
DWIDTH 18 0
BBX 16 22 1 0
BITMAP
FFFF
FFFF
0180
0180
0180
0180
0180
3BBC
3FFC
0180
0180
0180
0180
0180
0180
0180
0180
0180
0180
0180
0180
0180
ENDCHAR
STARTCHAR tbar
ENCODING 359
SWIDTH 278 0
DWIDTH 8 0
BBX 7 21 1 0
BITMAP
30
30
30
30
30
FC
FC
20
20
AC
FC
30
30
30
30
30
30
30
30
3C
1E
ENDCHAR
STARTCHAR Utilde
ENCODING 360
SWIDTH 722 0
DWIDTH 21 0
BBX 15 26 3 0
BITMAP
0E30
1FF0
18E0
0000
C006
C006
C006
C006
C006
C006
C006
C006
C006
C006
C006
C006
C006
C006
C006
C006
C006
C006
600C
783C
3FF8
0FE0
ENDCHAR
STARTCHAR utilde
ENCODING 361
SWIDTH 556 0
DWIDTH 16 0
BBX 12 20 2 0
BITMAP
1C60
3FE0
31C0
0000
C030
C030
C030
C030
C030
C030
C030
C030
C030
C030
C030
C070
C070
E0F0
7FB0
3F30
ENDCHAR
STARTCHAR Umacron
ENCODING 362
SWIDTH 722 0
DWIDTH 21 0
BBX 15 25 3 0
BITMAP
0FE0
0FE0
0000
C006
C006
C006
C006
C006
C006
C006
C006
C006
C006
C006
C006
C006
C006
C006
C006
C006
C006
600C
783C
3FF8
0FE0
ENDCHAR
STARTCHAR umacron
ENCODING 363
SWIDTH 556 0
DWIDTH 16 0
BBX 12 19 2 0
BITMAP
1FC0
1FC0
0000
C030
C030
C030
C030
C030
C030
C030
C030
C030
C030
C030
C070
C070
E0F0
7FB0
3F30
ENDCHAR
STARTCHAR Ubreve
ENCODING 364
SWIDTH 722 0
DWIDTH 21 0
BBX 15 27 3 0
BITMAP
1830
0C60
0FE0
07C0
0000
C006
C006
C006
C006
C006
C006
C006
C006
C006
C006
C006
C006
C006
C006
C006
C006
C006
C006
600C
783C
3FF8
0FE0
ENDCHAR
STARTCHAR ubreve
ENCODING 365
SWIDTH 556 0
DWIDTH 16 0
BBX 12 21 2 0
BITMAP
3060
18C0
1FC0
0F80
0000
C030
C030
C030
C030
C030
C030
C030
C030
C030
C030
C030
C070
C070
E0F0
7FB0
3F30
ENDCHAR
STARTCHAR Uring
ENCODING 366
SWIDTH 722 0
DWIDTH 21 0
BBX 15 28 3 0
BITMAP
0380
06C0
0440
06C0
0380
0000
C006
C006
C006
C006
C006
C006
C006
C006
C006
C006
C006
C006
C006
C006
C006
C006
C006
C006
600C
783C
3FF8
0FE0
ENDCHAR
STARTCHAR uring
ENCODING 367
SWIDTH 556 0
DWIDTH 16 0
BBX 12 22 2 0
BITMAP
0700
0D80
0880
0D80
0700
0000
C030
C030
C030
C030
C030
C030
C030
C030
C030
C030
C030
C070
C070
E0F0
7FB0
3F30
ENDCHAR
STARTCHAR Uhungarumlaut
ENCODING 368
SWIDTH 722 0
DWIDTH 21 0
BBX 15 27 3 0
BITMAP
0630
0C60
18C0
1100
0000
C006
C006
C006
C006
C006
C006
C006
C006
C006
C006
C006
C006
C006
C006
C006
C006
C006
C006
600C
783C
3FF8
0FE0
ENDCHAR
STARTCHAR uhungarumlaut
ENCODING 369
SWIDTH 556 0
DWIDTH 16 0
BBX 12 21 2 0
BITMAP
0C60
18C0
3180
2200
0000
C030
C030
C030
C030
C030
C030
C030
C030
C030
C030
C030
C070
C070
E0F0
7FB0
3F30
ENDCHAR
STARTCHAR Uogonek
ENCODING 370
SWIDTH 722 0
DWIDTH 21 0
BBX 15 28 3 -6
BITMAP
C006
C006
C006
C006
C006
C006
C006
C006
C006
C006
C006
C006
C006
C006
C006
C006
C006
C006
600C
783C
3FF8
0FE0
00C0
0180
0300
0300
0380
01F0
ENDCHAR
STARTCHAR uogonek
ENCODING 371
SWIDTH 556 0
DWIDTH 16 0
BBX 13 22 2 -6
BITMAP
C030
C030
C030
C030
C030
C030
C030
C030
C030
C030
C030
C030
C070
E0F0
7FB0
3F30
0060
00C0
0180
0180
01C0
00F8
ENDCHAR
STARTCHAR Wcircumflex
ENCODING 372
SWIDTH 944 0
DWIDTH 28 0
BBX 26 27 1 0
BITMAP
000E0000
001F0000
003B8000
0071C000
00000000
C01E00C0
C01E00C0
C03300C0
C03300C0
60330180
60330180
60618180
30618300
30618300
30618300
30C0C300
18C0C600
18C0C600
18C0C600
0D806C00
0D806C00
0D806C00
0D806C00
07003800
07003800
07003800
03003000
ENDCHAR
STARTCHAR wcircumflex
ENCODING 373
SWIDTH 722 0
DWIDTH 21 0
BBX 20 21 0 0
BITMAP
007000
00F800
01DC00
038E00
000000
C06030
C06030
606060
60F060
60F060
3198C0
3198C0
3198C0
199980
1B0D80
1B0D80
0B0F00
0F0700
0E0700
060600
060600
ENDCHAR
STARTCHAR Ycircumflex
ENCODING 374
SWIDTH 667 0
DWIDTH 19 0
BBX 18 27 1 0
BITMAP
00E000
01F000
03B800
071C00
000000
E001C0
700380
700380
380700
1C0E00
1C0E00
0E1C00
073800
073800
03F000
01E000
00C000
00C000
00C000
00C000
00C000
00C000
00C000
00C000
00C000
00C000
00C000
ENDCHAR
STARTCHAR ycircumflex
ENCODING 375
SWIDTH 500 0
DWIDTH 14 0
BBX 13 27 1 -6
BITMAP
0700
0F80
1DC0
38E0
0000
C018
C030
C030
6060
6060
60C0
30C0
30C0
1980
1980
1B00
0F00
0F00
0600
0600
0C00
0C00
1800
1800
1800
F800
F000
ENDCHAR
STARTCHAR Ydieresis
ENCODING 376
SWIDTH 667 0
DWIDTH 19 0
BBX 18 27 1 0
BITMAP
031800
031800
031800
000000
000000
E001C0
700380
700380
380700
1C0E00
1C0E00
0E1C00
073800
073800
03F000
01E000
00C000
00C000
00C000
00C000
00C000
00C000
00C000
00C000
00C000
00C000
00C000
ENDCHAR
STARTCHAR Zacute
ENCODING 377
SWIDTH 611 0
DWIDTH 18 0
BBX 16 27 1 0
BITMAP
0070
0060
00C0
0180
0000
7FFF
7FFF
0007
0006
001C
001C
0038
0070
00E0
00E0
01C0
0380
0700
0700
0E00
1C00
3800
3800
7000
C000
FFFF
FFFF
ENDCHAR
STARTCHAR zacute
ENCODING 378
SWIDTH 500 0
DWIDTH 14 0
BBX 12 21 1 0
BITMAP
01C0
0180
0300
0600
0000
FFF0
FEF0
0070
00E0
01C0
01C0
0380
0700
0E00
1C00
3800
3800
3000
E000
FFF0
FFF0
ENDCHAR
STARTCHAR Zdotaccent
ENCODING 379
SWIDTH 611 0
DWIDTH 18 0
BBX 16 26 1 0
BITMAP
00C0
00C0
00C0
0000
7FFF
7FFF
0007
0006
001C
001C
0038
0070
00E0
00E0
01C0
0380
0700
0700
0E00
1C00
3800
3800
7000
C000
FFFF
FFFF
ENDCHAR
STARTCHAR zdotaccent
ENCODING 380
SWIDTH 500 0
DWIDTH 14 0
BBX 12 20 1 0
BITMAP
0600
0600
0600
0000
FFF0
FEF0
0070
00E0
01C0
01C0
0380
0700
0E00
1C00
3800
3800
3000
E000
FFF0
FFF0
ENDCHAR
STARTCHAR Zcaron
ENCODING 381
SWIDTH 611 0
DWIDTH 18 0
BBX 16 27 1 0
BITMAP
0E38
0770
03E0
01C0
0000
7FFF
7FFF
0007
0006
001C
001C
0038
0070
00E0
00E0
01C0
0380
0700
0700
0E00
1C00
3800
3800
7000
C000
FFFF
FFFF
ENDCHAR
STARTCHAR zcaron
ENCODING 382
SWIDTH 500 0
DWIDTH 14 0
BBX 12 21 1 0
BITMAP
38E0
1DC0
0F80
0700
0000
FFF0
FEF0
0070
00E0
01C0
01C0
0380
0700
0E00
1C00
3800
3800
3000
E000
FFF0
FFF0
ENDCHAR
STARTCHAR uni0186
ENCODING 390
SWIDTH 722 0
DWIDTH 21 0
BBX 17 22 2 0
BITMAP
07F000
3FFC00
781E00
700E00
E00700
E00300
000380
000180
000180
000180
000180
000180
000180
000180
C00180
C00380
E00300
E00700
700E00
781E00
1FFC00
07F000
ENDCHAR
STARTCHAR uni0189
ENCODING 393
SWIDTH 722 0
DWIDTH 21 0
BBX 18 22 1 0
BITMAP
3FF800
3FFE00
300F00
300700
300380
300180
3001C0
3000C0
3000C0
3000C0
FB80C0
FF80C0
2000C0
3000C0
3000C0
3001C0
300180
300380
300700
300F00
3FFE00
3FF800
ENDCHAR
STARTCHAR uni018E
ENCODING 398
SWIDTH 667 0
DWIDTH 19 0
BBX 15 22 3 0
BITMAP
7FFE
7FFE
0006
0006
0006
0006
0006
0006
0006
3FFE
3FFE
0006
0006
0006
0006
0006
0006
0006
0006
0006
FFFE
FFFE
ENDCHAR
STARTCHAR florin
ENCODING 402
SWIDTH 556 0
DWIDTH 16 0
BBX 16 28 0 -6
BITMAP
001F
003F
0060
0060
0060
0040
0060
0080
0FFC
0FFC
0040
00C0
0180
0180
0180
0180
0180
0300
0100
0300
0300
0300
0600
0600
0600
0600
7C00
F000
ENDCHAR
STARTCHAR uni0197
ENCODING 407
SWIDTH 278 0
DWIDTH 8 0
BBX 6 22 1 0
BITMAP
30
30
30
30
30
30
30
30
30
20
EC
FC
30
30
30
30
30
30
30
30
30
30
ENDCHAR
STARTCHAR uni019A
ENCODING 410
SWIDTH 222 0
DWIDTH 6 0
BBX 6 22 0 0
BITMAP
30
30
30
30
30
30
30
30
30
20
EC
FC
30
30
30
30
30
30
30
30
30
30
ENDCHAR
STARTCHAR uni019D
ENCODING 413
SWIDTH 722 0
DWIDTH 21 0
BBX 20 28 -1 -6
BITMAP
1C0030
1E0030
1E0030
1B0030
138030
1B8030
19C030
18E030
18E030
187030
183830
183830
181C30
180E30
180E30
180730
1803B0
1803B0
1801B0
1800F0
180070
180070
0C0000
0C0000
0C0000
0C0000
F80000
F00000
ENDCHAR
STARTCHAR uni019F
ENCODING 415
SWIDTH 778 0
DWIDTH 22 0
BBX 20 22 1 0
BITMAP
03FC00
0FFF00
1E0780
3801C0
7000E0
600060
E00070
C00030
C00030
C00030
FFFFF0
C00030
C00030
C00030
C00030
E00070
600060
7000E0
3801C0
1E0780
0FFF00
03FC00
ENDCHAR
STARTCHAR Ohorn
ENCODING 416
SWIDTH 778 0
DWIDTH 22 0
BBX 21 23 1 0
BITMAP
000018
03FC18
0FFF30
1E07C0
3801C0
7000E0
600060
E00070
C00030
C00030
C00030
C00030
C00030
C00030
C00030
C00030
E00070
600060
7000E0
3801C0
1E0780
0FFF00
03FC00
ENDCHAR
STARTCHAR ohorn
ENCODING 417
SWIDTH 556 0
DWIDTH 16 0
BBX 15 18 1 0
BITMAP
0006
0006
0FCC
3FF0
7038
6018
E01C
C00C
C00C
C00C
C00C
C00C
C00C
E01C
6018
7038
3FF0
0FC0
ENDCHAR
STARTCHAR uni01A7
ENCODING 423
SWIDTH 667 0
DWIDTH 19 0
BBX 17 22 1 0
BITMAP
0FF000
3FFC00
780E00
700700
600300
600300
000300
000700
001F00
01FE00
1DFC00
3FC000
7E0000
F00000
E00000
C00180
C00380
C00300
E00700
780E00
7FFE00
1FF800
ENDCHAR
STARTCHAR uni01A8
ENCODING 424
SWIDTH 500 0
DWIDTH 14 0
BBX 12 16 1 0
BITMAP
1F80
7FE0
7070
6030
0030
0070
07E0
3FC0
7F00
F000
C000
C030
C030
E070
7FE0
1F80
ENDCHAR
STARTCHAR uni01AE
ENCODING 430
SWIDTH 611 0
DWIDTH 18 0
BBX 16 28 1 -6
BITMAP
FFFF
FFFF
0180
0180
0180
0180
0180
0180
0180
0180
0180
0180
0180
0180
0180
0180
0180
0180
0180
0180
0180
0180
0180
0180
0180
0180
00F8
0078
ENDCHAR
STARTCHAR Uhorn
ENCODING 431
SWIDTH 722 0
DWIDTH 21 0
BBX 18 23 3 0
BITMAP
0000C0
C006C0
C00780
C00600
C00600
C00200
C00200
C00600
C00600
C00600
C00600
C00600
C00600
C00600
C00600
C00600
C00600
C00600
C00600
600C00
783C00
3FF800
0FE000
ENDCHAR
STARTCHAR uhorn
ENCODING 432
SWIDTH 556 0
DWIDTH 17 0
BBX 15 18 2 0
BITMAP
0006
0006
C03C
C030
C030
C030
C010
C010
C030
C030
C030
C030
C030
C030
C030
E070
7FB0
3F30
ENDCHAR
STARTCHAR uni01B5
ENCODING 437
SWIDTH 611 0
DWIDTH 18 0
BBX 16 22 1 0
BITMAP
7FFF
7FFF
0007
0006
001C
001C
0038
0070
00E0
00E0
3FFC
0380
0700
0700
0E00
1C00
3800
3800
7000
C000
FFFF
FFFF
ENDCHAR
STARTCHAR uni01B6
ENCODING 438
SWIDTH 500 0
DWIDTH 14 0
BBX 12 16 1 0
BITMAP
FFF0
FEF0
0070
00E0
01C0
01C0
0380
7FE0
0E00
1C00
3800
3800
3000
E000
FFF0
FFF0
ENDCHAR
STARTCHAR uni01BB
ENCODING 443
SWIDTH 556 0
DWIDTH 16 0
BBX 13 21 1 0
BITMAP
0FC0
3FF0
7870
7038
E018
E018
0018
0038
0038
00F0
7FF0
07C0
0E80
1E00
3C00
7000
3000
E000
E000
FFF8
FFF8
ENDCHAR
STARTCHAR uni01BC
ENCODING 444
SWIDTH 556 0
DWIDTH 16 0
BBX 13 21 1 0
BITMAP
3FF8
3FF8
3000
3000
3000
3000
67C0
7FE0
70F0
6038
6018
0018
0018
0018
0018
0018
C018
E038
7070
3FE0
0FC0
ENDCHAR
STARTCHAR uni01C0
ENCODING 448
SWIDTH 260 0
DWIDTH 7 0
BBX 2 28 3 -6
BITMAP
C0
C0
C0
C0
C0
C0
C0
C0
C0
C0
C0
C0
C0
C0
C0
C0
C0
C0
C0
C0
C0
C0
C0
C0
C0
C0
C0
C0
ENDCHAR
STARTCHAR uni01C2
ENCODING 450
SWIDTH 584 0
DWIDTH 7 0
BBX 6 28 1 -6
BITMAP
30
30
30
30
30
30
30
FC
30
30
30
30
30
FC
30
30
30
30
30
30
30
30
30
30
30
30
30
30
ENDCHAR
STARTCHAR uni01C3
ENCODING 451
SWIDTH 278 0
DWIDTH 8 0
BBX 2 22 4 0
BITMAP
C0
C0
C0
C0
C0
C0
C0
C0
C0
C0
C0
C0
C0
C0
C0
C0
00
00
00
C0
C0
C0
ENDCHAR
STARTCHAR uni01CD
ENCODING 461
SWIDTH 667 0
DWIDTH 20 0
BBX 18 27 1 0
BITMAP
071C00
03B800
01F000
00E000
000000
01E000
03F000
033000
033000
061800
061800
061800
0C0C00
0C0C00
0C0C00
180600
180600
180600
3FFF00
3FFF00
300300
600180
600180
600180
C000C0
C000C0
C000C0
ENDCHAR
STARTCHAR uni01CE
ENCODING 462
SWIDTH 556 0
DWIDTH 16 0
BBX 13 21 1 0
BITMAP
38E0
1DC0
0F80
0700
0000
1FC0
7FE0
7070
6030
0030
0030
03F0
3FF0
7C30
E030
C030
C030
C070
E0F0
7F30
3E38
ENDCHAR
STARTCHAR uni01CF
ENCODING 463
SWIDTH 278 0
DWIDTH 8 0
BBX 9 27 0 0
BITMAP
E380
7700
3E00
1C00
0000
1800
1800
1800
1800
1800
1800
1800
1800
1800
1800
1800
1800
1800
1800
1800
1800
1800
1800
1800
1800
1800
1800
ENDCHAR
STARTCHAR uni01D0
ENCODING 464
SWIDTH 278 0
DWIDTH 8 0
BBX 9 21 0 0
BITMAP
E380
7700
3E00
1C00
0000
1800
1800
1800
1800
1800
1800
1800
1800
1800
1800
1800
1800
1800
1800
1800
1800
ENDCHAR
STARTCHAR uni01D1
ENCODING 465
SWIDTH 778 0
DWIDTH 22 0
BBX 20 27 1 0
BITMAP
038E00
01DC00
00F800
007000
000000
03FC00
0FFF00
1E0780
3801C0
7000E0
600060
E00070
C00030
C00030
C00030
C00030
C00030
C00030
C00030
C00030
E00070
600060
7000E0
3801C0
1E0780
0FFF00
03FC00
ENDCHAR
STARTCHAR uni01D2
ENCODING 466
SWIDTH 556 0
DWIDTH 16 0
BBX 14 21 1 0
BITMAP
1C70
0EE0
07C0
0380
0000
0FC0
3FF0
7038
6018
E01C
C00C
C00C
C00C
C00C
C00C
C00C
E01C
6018
7038
3FF0
0FC0
ENDCHAR
STARTCHAR uni01D3
ENCODING 467
SWIDTH 722 0
DWIDTH 21 0
BBX 15 27 3 0
BITMAP
1C70
0EE0
07C0
0380
0000
C006
C006
C006
C006
C006
C006
C006
C006
C006
C006
C006
C006
C006
C006
C006
C006
C006
C006
600C
783C
3FF8
0FE0
ENDCHAR
STARTCHAR uni01D4
ENCODING 468
SWIDTH 556 0
DWIDTH 16 0
BBX 12 21 2 0
BITMAP
38E0
1DC0
0F80
0700
0000
C030
C030
C030
C030
C030
C030
C030
C030
C030
C030
C030
C070
C070
E0F0
7FB0
3F30
ENDCHAR
STARTCHAR uni01D5
ENCODING 469
SWIDTH 722 0
DWIDTH 21 0
BBX 15 30 3 0
BITMAP
0FE0
0FE0
0000
0C60
0C60
0C60
0000
0000
C006
C006
C006
C006
C006
C006
C006
C006
C006
C006
C006
C006
C006
C006
C006
C006
C006
C006
600C
783C
3FF8
0FE0
ENDCHAR
STARTCHAR uni01D6
ENCODING 470
SWIDTH 556 0
DWIDTH 16 0
BBX 12 24 2 0
BITMAP
1FC0
1FC0
0000
18C0
18C0
18C0
0000
0000
C030
C030
C030
C030
C030
C030
C030
C030
C030
C030
C030
C070
C070
E0F0
7FB0
3F30
ENDCHAR
STARTCHAR uni01D7
ENCODING 471
SWIDTH 722 0
DWIDTH 21 0
BBX 15 32 3 0
BITMAP
00E0
00C0
0180
0300
0000
0C60
0C60
0C60
0000
0000
C006
C006
C006
C006
C006
C006
C006
C006
C006
C006
C006
C006
C006
C006
C006
C006
C006
C006
600C
783C
3FF8
0FE0
ENDCHAR
STARTCHAR uni01D8
ENCODING 472
SWIDTH 556 0
DWIDTH 16 0
BBX 12 26 2 0
BITMAP
01C0
0180
0300
0600
0000
18C0
18C0
18C0
0000
0000
C030
C030
C030
C030
C030
C030
C030
C030
C030
C030
C030
C070
C070
E0F0
7FB0
3F30
ENDCHAR
STARTCHAR uni01D9
ENCODING 473
SWIDTH 722 0
DWIDTH 21 0
BBX 15 32 3 0
BITMAP
1C70
0EE0
07C0
0380
0000
0C60
0C60
0C60
0000
0000
C006
C006
C006
C006
C006
C006
C006
C006
C006
C006
C006
C006
C006
C006
C006
C006
C006
C006
600C
783C
3FF8
0FE0
ENDCHAR
STARTCHAR uni01DA
ENCODING 474
SWIDTH 556 0
DWIDTH 16 0
BBX 12 26 2 0
BITMAP
38E0
1DC0
0F80
0700
0000
18C0
18C0
18C0
0000
0000
C030
C030
C030
C030
C030
C030
C030
C030
C030
C030
C030
C070
C070
E0F0
7FB0
3F30
ENDCHAR
STARTCHAR uni01DB
ENCODING 475
SWIDTH 722 0
DWIDTH 21 0
BBX 15 32 3 0
BITMAP
0E00
0600
0300
0180
0000
0C60
0C60
0C60
0000
0000
C006
C006
C006
C006
C006
C006
C006
C006
C006
C006
C006
C006
C006
C006
C006
C006
C006
C006
600C
783C
3FF8
0FE0
ENDCHAR
STARTCHAR uni01DC
ENCODING 476
SWIDTH 556 0
DWIDTH 16 0
BBX 12 26 2 0
BITMAP
1C00
0C00
0600
0300
0000
18C0
18C0
18C0
0000
0000
C030
C030
C030
C030
C030
C030
C030
C030
C030
C030
C030
C070
C070
E0F0
7FB0
3F30
ENDCHAR
STARTCHAR uni01DD
ENCODING 477
SWIDTH 556 0
DWIDTH 16 0
BBX 14 16 1 0
BITMAP
0FC0
3FF0
7038
6018
6018
000C
000C
FFFC
FFFC
C00C
C00C
6018
6018
7038
3FF0
0FC0
ENDCHAR
STARTCHAR uni01DE
ENCODING 478
SWIDTH 667 0
DWIDTH 20 0
BBX 18 30 1 0
BITMAP
03F800
03F800
000000
031800
031800
031800
000000
000000
01E000
03F000
033000
033000
061800
061800
061800
0C0C00
0C0C00
0C0C00
180600
180600
180600
3FFF00
3FFF00
300300
600180
600180
600180
C000C0
C000C0
C000C0
ENDCHAR
STARTCHAR uni01DF
ENCODING 479
SWIDTH 556 0
DWIDTH 16 0
BBX 13 24 1 0
BITMAP
1FC0
1FC0
0000
18C0
18C0
18C0
0000
0000
1FC0
7FE0
7070
6030
0030
0030
03F0
3FF0
7C30
E030
C030
C030
C070
E0F0
7F30
3E38
ENDCHAR
STARTCHAR uni01E0
ENCODING 480
SWIDTH 667 0
DWIDTH 20 0
BBX 18 29 1 0
BITMAP
03F800
03F800
000000
00C000
00C000
00C000
000000
01E000
03F000
033000
033000
061800
061800
061800
0C0C00
0C0C00
0C0C00
180600
180600
180600
3FFF00
3FFF00
300300
600180
600180
600180
C000C0
C000C0
C000C0
ENDCHAR
STARTCHAR uni01E1
ENCODING 481
SWIDTH 556 0
DWIDTH 16 0
BBX 13 23 1 0
BITMAP
0FE0
0FE0
0000
0300
0300
0300
0000
1FC0
7FE0
7070
6030
0030
0030
03F0
3FF0
7C30
E030
C030
C030
C070
E0F0
7F30
3E38
ENDCHAR
STARTCHAR uni01E2
ENCODING 482
SWIDTH 1000 0
DWIDTH 29 0
BBX 27 25 1 0
BITMAP
001FC000
001FC000
00000000
00FFFFC0
00FFFFC0
01820000
01860000
01860000
03060000
03060000
06060000
06060000
0607FF80
0C03FF80
0C060000
18060000
1FFE0000
1FFE0000
30060000
30060000
30060000
60060000
60060000
C007FFE0
C007FFE0
ENDCHAR
STARTCHAR uni01E3
ENCODING 483
SWIDTH 889 0
DWIDTH 26 0
BBX 24 19 1 0
BITMAP
00FE00
00FE00
000000
1FC3F0
7FEFF8
707E1C
60380E
001806
007806
03F006
1FBFFF
7F9FFF
F03000
C03000
C03806
C0380E
E0FE1C
7F8FF8
3F03F0
ENDCHAR
STARTCHAR uni01E4
ENCODING 484
SWIDTH 778 0
DWIDTH 22 0
BBX 21 22 1 0
BITMAP
03FC00
0FFF00
1E0780
3801C0
7000C0
6000E0
E00000
C00000
C00000
C00000
C03FE0
C03FE0
C00060
C00040
E003D8
6003F8
700060
700060
3800E0
1E03E0
0FFE60
03F860
ENDCHAR
STARTCHAR uni01E5
ENCODING 485
SWIDTH 556 0
DWIDTH 16 0
BBX 15 22 1 -6
BITMAP
0F98
3FF8
7838
6018
E018
C018
C018
C018
C018
C018
C018
E018
6018
7838
3FD8
1F90
0076
607E
6018
7070
3FE0
0F80
ENDCHAR
STARTCHAR Gcaron
ENCODING 486
SWIDTH 778 0
DWIDTH 22 0
BBX 19 27 1 0
BITMAP
038E00
01DC00
00F800
007000
000000
03FC00
0FFF00
1E0780
3801C0
7000C0
6000E0
E00000
C00000
C00000
C00000
C03FE0
C03FE0
C00060
C00060
E00060
600060
7000E0
700060
3801E0
1E03E0
0FFE60
03F860
ENDCHAR
STARTCHAR gcaron
ENCODING 487
SWIDTH 556 0
DWIDTH 16 0
BBX 13 27 1 -6
BITMAP
38E0
1DC0
0F80
0700
0000
0F98
3FD8
7878
6038
E038
C018
C018
C018
C018
C018
C018
E038
6038
7878
3F98
1F98
0018
6018
6038
7070
3FE0
0F80
ENDCHAR
STARTCHAR uni01E8
ENCODING 488
SWIDTH 667 0
DWIDTH 19 0
BBX 16 27 2 0
BITMAP
1C70
0EE0
07C0
0380
0000
C007
C00E
C01C
C038
C070
C0E0
C1C0
C380
C700
CF00
DB00
FB80
F1C0
C1C0
C0E0
C070
C070
C038
C01C
C01C
C00E
C007
ENDCHAR
STARTCHAR uni01E9
ENCODING 489
SWIDTH 500 0
DWIDTH 14 0
BBX 14 27 0 0
BITMAP
E380
7700
3E00
1C00
0000
3000
3000
3000
3000
3000
3000
3038
3070
30E0
31C0
3380
3700
3F80
3D80
31C0
30E0
30E0
3070
3070
3038
3038
301C
ENDCHAR
STARTCHAR uni01EA
ENCODING 490
SWIDTH 778 0
DWIDTH 22 0
BBX 20 28 1 -6
BITMAP
03FC00
0FFF00
1E0780
3801C0
7000E0
600060
E00070
C00030
C00030
C00030
C00030
C00030
C00030
C00030
C00030
E00070
600060
7000E0
3801C0
1E0780
0FFF00
03FC00
001800
003000
006000
006000
007000
003E00
ENDCHAR
STARTCHAR uni01EB
ENCODING 491
SWIDTH 556 0
DWIDTH 16 0
BBX 14 22 1 -6
BITMAP
0FC0
3FF0
7038
6018
E01C
C00C
C00C
C00C
C00C
C00C
C00C
E01C
6018
7038
3FF0
0FC0
0180
0300
0600
0600
0700
03E0
ENDCHAR
STARTCHAR uni01EC
ENCODING 492
SWIDTH 778 0
DWIDTH 22 0
BBX 20 31 1 -6
BITMAP
01FC00
01FC00
000000
03FC00
0FFF00
1E0780
3801C0
7000E0
600060
E00070
C00030
C00030
C00030
C00030
C00030
C00030
C00030
C00030
E00070
600060
7000E0
3801C0
1E0780
0FFF00
03FC00
001800
003000
006000
006000
007000
003E00
ENDCHAR
STARTCHAR uni01ED
ENCODING 493
SWIDTH 556 0
DWIDTH 16 0
BBX 14 25 1 -6
BITMAP
0FE0
0FE0
0000
0FC0
3FF0
7038
6018
E01C
C00C
C00C
C00C
C00C
C00C
C00C
E01C
6018
7038
3FF0
0FC0
0180
0300
0600
0600
0700
03E0
ENDCHAR
STARTCHAR uni01F0
ENCODING 496
SWIDTH 222 0
DWIDTH 6 0
BBX 9 27 -1 -6
BITMAP
E380
7700
3E00
1C00
0000
1800
1800
1800
1800
1800
1800
1800
1800
1800
1800
1800
1800
1800
1800
1800
1800
1800
1800
1800
1800
F800
F000
ENDCHAR
STARTCHAR uni01F4
ENCODING 500
SWIDTH 778 0
DWIDTH 22 0
BBX 19 27 1 0
BITMAP
001C00
001800
003000
006000
000000
03FC00
0FFF00
1E0780
3801C0
7000C0
6000E0
E00000
C00000
C00000
C00000
C03FE0
C03FE0
C00060
C00060
E00060
600060
7000E0
700060
3801E0
1E03E0
0FFE60
03F860
ENDCHAR
STARTCHAR uni01F5
ENCODING 501
SWIDTH 556 0
DWIDTH 16 0
BBX 13 27 1 -6
BITMAP
01C0
0180
0300
0600
0000
0F98
3FD8
7878
6038
E038
C018
C018
C018
C018
C018
C018
E038
6038
7878
3F98
1F98
0018
6018
6038
7070
3FE0
0F80
ENDCHAR
STARTCHAR uni01F8
ENCODING 504
SWIDTH 722 0
DWIDTH 21 0
BBX 17 27 2 0
BITMAP
070000
030000
018000
00C000
000000
E00180
F00180
F00180
D80180
9C0180
DC0180
CE0180
C70180
C70180
C38180
C1C180
C1C180
C0E180
C07180
C07180
C03980
C01D80
C01D80
C00D80
C00780
C00380
C00380
ENDCHAR
STARTCHAR uni01F9
ENCODING 505
SWIDTH 556 0
DWIDTH 16 0
BBX 12 21 2 0
BITMAP
1C00
0C00
0600
0300
0000
CFC0
DFE0
F070
E030
E030
C030
C030
C030
C030
C030
C030
C030
C030
C030
C030
C030
ENDCHAR
STARTCHAR Aringacute
ENCODING 506
SWIDTH 667 0
DWIDTH 20 0
BBX 18 33 1 0
BITMAP
003800
003000
006000
00C000
000000
00E000
01B000
011000
01B000
00E000
000000
01E000
03F000
033000
033000
061800
061800
061800
0C0C00
0C0C00
0C0C00
180600
180600
180600
3FFF00
3FFF00
300300
600180
600180
600180
C000C0
C000C0
C000C0
ENDCHAR
STARTCHAR aringacute
ENCODING 507
SWIDTH 556 0
DWIDTH 16 0
BBX 13 27 1 0
BITMAP
01C0
0180
0300
0600
0000
0700
0D80
0880
0D80
0700
0000
1FC0
7FE0
7070
6030
0030
0030
03F0
3FF0
7C30
E030
C030
C030
C070
E0F0
7F30
3E38
ENDCHAR
STARTCHAR AEacute
ENCODING 508
SWIDTH 1000 0
DWIDTH 29 0
BBX 27 27 1 0
BITMAP
0001C000
00018000
00030000
00060000
00000000
00FFFFC0
00FFFFC0
01820000
01860000
01860000
03060000
03060000
06060000
06060000
0607FF80
0C03FF80
0C060000
18060000
1FFE0000
1FFE0000
30060000
30060000
30060000
60060000
60060000
C007FFE0
C007FFE0
ENDCHAR
STARTCHAR aeacute
ENCODING 509
SWIDTH 889 0
DWIDTH 26 0
BBX 24 21 1 0
BITMAP
000E00
000C00
001800
003000
000000
1FC3F0
7FEFF8
707E1C
60380E
001806
007806
03F006
1FBFFF
7F9FFF
F03000
C03000
C03806
C0380E
E0FE1C
7F8FF8
3F03F0
ENDCHAR
STARTCHAR Oslashacute
ENCODING 510
SWIDTH 778 0
DWIDTH 22 0
BBX 20 27 1 0
BITMAP
001C00
001800
003000
006000
000000
03FC30
0FFF60
1E07C0
3800C0
7000E0
600360
E00670
C00C30
C01830
C03030
C06030
C06030
C0C030
C18030
C30030
E60070
6C0060
7000E0
3001C0
3E0780
6FFF00
C3FC00
ENDCHAR
STARTCHAR oslashacute
ENCODING 511
SWIDTH 611 0
DWIDTH 18 0
BBX 14 21 1 0
BITMAP
01C0
0180
0300
0600
0000
0FCC
3FF8
7018
6018
E07C
C0CC
C18C
C30C
C30C
C60C
CC0C
F81C
6018
6038
7FF0
CFC0
ENDCHAR
STARTCHAR uni0200
ENCODING 512
SWIDTH 667 0
DWIDTH 20 0
BBX 18 27 1 0
BITMAP
0C6000
063000
031800
008800
000000
01E000
03F000
033000
033000
061800
061800
061800
0C0C00
0C0C00
0C0C00
180600
180600
180600
3FFF00
3FFF00
300300
600180
600180
600180
C000C0
C000C0
C000C0
ENDCHAR
STARTCHAR uni0201
ENCODING 513
SWIDTH 556 0
DWIDTH 16 0
BBX 13 21 1 0
BITMAP
6300
3180
18C0
0440
0000
1FC0
7FE0
7070
6030
0030
0030
03F0
3FF0
7C30
E030
C030
C030
C070
E0F0
7F30
3E38
ENDCHAR
STARTCHAR uni0202
ENCODING 514
SWIDTH 667 0
DWIDTH 20 0
BBX 18 27 1 0
BITMAP
01F000
03F800
031800
060C00
000000
01E000
03F000
033000
033000
061800
061800
061800
0C0C00
0C0C00
0C0C00
180600
180600
180600
3FFF00
3FFF00
300300
600180
600180
600180
C000C0
C000C0
C000C0
ENDCHAR
STARTCHAR uni0203
ENCODING 515
SWIDTH 556 0
DWIDTH 16 0
BBX 13 21 1 0
BITMAP
0F80
1FC0
18C0
3060
0000
1FC0
7FE0
7070
6030
0030
0030
03F0
3FF0
7C30
E030
C030
C030
C070
E0F0
7F30
3E38
ENDCHAR
STARTCHAR uni0204
ENCODING 516
SWIDTH 667 0
DWIDTH 19 0
BBX 15 27 3 0
BITMAP
6300
3180
18C0
0440
0000
FFFC
FFFC
C000
C000
C000
C000
C000
C000
C000
FFF8
FFF8
C000
C000
C000
C000
C000
C000
C000
C000
C000
FFFE
FFFE
ENDCHAR
STARTCHAR uni0205
ENCODING 517
SWIDTH 556 0
DWIDTH 16 0
BBX 14 21 1 0
BITMAP
3180
18C0
0C60
0220
0000
0FC0
3FF0
7038
6018
6018
C00C
C00C
FFFC
FFFC
C000
C000
6018
6018
7038
3FF0
0FC0
ENDCHAR
STARTCHAR uni0206
ENCODING 518
SWIDTH 667 0
DWIDTH 19 0
BBX 15 27 3 0
BITMAP
0F80
1FC0
18C0
3060
0000
FFFC
FFFC
C000
C000
C000
C000
C000
C000
C000
FFF8
FFF8
C000
C000
C000
C000
C000
C000
C000
C000
C000
FFFE
FFFE
ENDCHAR
STARTCHAR uni0207
ENCODING 519
SWIDTH 556 0
DWIDTH 16 0
BBX 14 21 1 0
BITMAP
07C0
0FE0
0C60
1830
0000
0FC0
3FF0
7038
6018
6018
C00C
C00C
FFFC
FFFC
C000
C000
6018
6018
7038
3FF0
0FC0
ENDCHAR
STARTCHAR uni0208
ENCODING 520
SWIDTH 278 0
DWIDTH 8 0
BBX 9 27 -1 0
BITMAP
C600
6300
3180
0880
0000
0C00
0C00
0C00
0C00
0C00
0C00
0C00
0C00
0C00
0C00
0C00
0C00
0C00
0C00
0C00
0C00
0C00
0C00
0C00
0C00
0C00
0C00
ENDCHAR
STARTCHAR uni0209
ENCODING 521
SWIDTH 278 0
DWIDTH 8 0
BBX 9 21 -1 0
BITMAP
C600
6300
3180
0880
0000
0C00
0C00
0C00
0C00
0C00
0C00
0C00
0C00
0C00
0C00
0C00
0C00
0C00
0C00
0C00
0C00
ENDCHAR
STARTCHAR uni020A
ENCODING 522
SWIDTH 278 0
DWIDTH 8 0
BBX 9 27 0 0
BITMAP
3E00
7F00
6300
C180
0000
1800
1800
1800
1800
1800
1800
1800
1800
1800
1800
1800
1800
1800
1800
1800
1800
1800
1800
1800
1800
1800
1800
ENDCHAR
STARTCHAR uni020B
ENCODING 523
SWIDTH 278 0
DWIDTH 8 0
BBX 9 21 0 0
BITMAP
3E00
7F00
6300
C180
0000
1800
1800
1800
1800
1800
1800
1800
1800
1800
1800
1800
1800
1800
1800
1800
1800
ENDCHAR
STARTCHAR uni020C
ENCODING 524
SWIDTH 778 0
DWIDTH 22 0
BBX 20 27 1 0
BITMAP
063000
031800
018C00
004400
000000
03FC00
0FFF00
1E0780
3801C0
7000E0
600060
E00070
C00030
C00030
C00030
C00030
C00030
C00030
C00030
C00030
E00070
600060
7000E0
3801C0
1E0780
0FFF00
03FC00
ENDCHAR
STARTCHAR uni020D
ENCODING 525
SWIDTH 556 0
DWIDTH 16 0
BBX 14 21 1 0
BITMAP
3180
18C0
0C60
0220
0000
0FC0
3FF0
7038
6018
E01C
C00C
C00C
C00C
C00C
C00C
C00C
E01C
6018
7038
3FF0
0FC0
ENDCHAR
STARTCHAR uni020E
ENCODING 526
SWIDTH 778 0
DWIDTH 22 0
BBX 20 27 1 0
BITMAP
00F800
01FC00
018C00
030600
000000
03FC00
0FFF00
1E0780
3801C0
7000E0
600060
E00070
C00030
C00030
C00030
C00030
C00030
C00030
C00030
C00030
E00070
600060
7000E0
3801C0
1E0780
0FFF00
03FC00
ENDCHAR
STARTCHAR uni020F
ENCODING 527
SWIDTH 556 0
DWIDTH 16 0
BBX 14 21 1 0
BITMAP
07C0
0FE0
0C60
1830
0000
0FC0
3FF0
7038
6018
E01C
C00C
C00C
C00C
C00C
C00C
C00C
E01C
6018
7038
3FF0
0FC0
ENDCHAR
STARTCHAR uni0210
ENCODING 528
SWIDTH 722 0
DWIDTH 21 0
BBX 17 27 3 0
BITMAP
318000
18C000
0C6000
022000
000000
FFF800
FFFE00
C01E00
C00700
C00700
C00300
C00300
C00300
C00600
C00E00
FFF800
FFFC00
C00E00
C00E00
C00600
C00600
C00600
C00600
C00600
C00600
C00300
C00380
ENDCHAR
STARTCHAR uni0211
ENCODING 529
SWIDTH 333 0
DWIDTH 9 0
BBX 9 21 0 0
BITMAP
C600
6300
3180
0880
0000
3380
3780
3C00
3800
3800
3000
3000
3000
3000
3000
3000
3000
3000
3000
3000
3000
ENDCHAR
STARTCHAR uni0212
ENCODING 530
SWIDTH 722 0
DWIDTH 21 0
BBX 17 27 3 0
BITMAP
07C000
0FE000
0C6000
183000
000000
FFF800
FFFE00
C01E00
C00700
C00700
C00300
C00300
C00300
C00600
C00E00
FFF800
FFFC00
C00E00
C00E00
C00600
C00600
C00600
C00600
C00600
C00600
C00300
C00380
ENDCHAR
STARTCHAR uni0213
ENCODING 531
SWIDTH 333 0
DWIDTH 9 0
BBX 9 21 1 0
BITMAP
3E00
7F00
6300
C180
0000
6700
6F00
7800
7000
7000
6000
6000
6000
6000
6000
6000
6000
6000
6000
6000
6000
ENDCHAR
STARTCHAR uni0214
ENCODING 532
SWIDTH 722 0
DWIDTH 21 0
BBX 15 27 3 0
BITMAP
3180
18C0
0C60
0220
0000
C006
C006
C006
C006
C006
C006
C006
C006
C006
C006
C006
C006
C006
C006
C006
C006
C006
C006
600C
783C
3FF8
0FE0
ENDCHAR
STARTCHAR uni0215
ENCODING 533
SWIDTH 556 0
DWIDTH 16 0
BBX 12 21 2 0
BITMAP
6300
3180
18C0
0440
0000
C030
C030
C030
C030
C030
C030
C030
C030
C030
C030
C030
C070
C070
E0F0
7FB0
3F30
ENDCHAR
STARTCHAR uni0216
ENCODING 534
SWIDTH 722 0
DWIDTH 21 0
BBX 15 27 3 0
BITMAP
07C0
0FE0
0C60
1830
0000
C006
C006
C006
C006
C006
C006
C006
C006
C006
C006
C006
C006
C006
C006
C006
C006
C006
C006
600C
783C
3FF8
0FE0
ENDCHAR
STARTCHAR uni0217
ENCODING 535
SWIDTH 556 0
DWIDTH 16 0
BBX 12 21 2 0
BITMAP
0F80
1FC0
18C0
3060
0000
C030
C030
C030
C030
C030
C030
C030
C030
C030
C030
C030
C070
C070
E0F0
7FB0
3F30
ENDCHAR
STARTCHAR Scommaaccent
ENCODING 536
SWIDTH 667 0
DWIDTH 19 0
BBX 17 30 1 -8
BITMAP
07F800
1FFE00
380F00
700700
600300
600300
600000
700000
7C0000
3FC000
1FDC00
01FE00
003F00
000780
000380
C00180
E00180
600180
700380
380F00
3FFF00
0FFC00
000000
006000
006000
006000
002000
002000
006000
00C000
ENDCHAR
STARTCHAR scommaaccent
ENCODING 537
SWIDTH 500 0
DWIDTH 14 0
BBX 12 24 1 -8
BITMAP
1F80
7FE0
E0E0
C060
C000
E000
7E00
3FC0
0FE0
00F0
0030
C030
C030
E070
7FE0
1F80
0000
0300
0300
0300
0100
0100
0300
0600
ENDCHAR
STARTCHAR Tcommaaccent
ENCODING 538
SWIDTH 611 0
DWIDTH 18 0
BBX 16 30 1 -8
BITMAP
FFFF
FFFF
0180
0180
0180
0180
0180
0180
0180
0180
0180
0180
0180
0180
0180
0180
0180
0180
0180
0180
0180
0180
0000
00C0
00C0
00C0
0040
0040
00C0
0180
ENDCHAR
STARTCHAR tcommaaccent
ENCODING 539
SWIDTH 278 0
DWIDTH 8 0
BBX 7 29 1 -8
BITMAP
30
30
30
30
30
FC
FC
20
20
30
30
30
30
30
30
30
30
30
30
3C
1E
00
18
18
18
08
08
18
30
ENDCHAR
STARTCHAR uni021E
ENCODING 542
SWIDTH 722 0
DWIDTH 21 0
BBX 15 27 3 0
BITMAP
1C70
0EE0
07C0
0380
0000
C006
C006
C006
C006
C006
C006
C006
C006
C006
FFFE
FFFE
C006
C006
C006
C006
C006
C006
C006
C006
C006
C006
C006
ENDCHAR
STARTCHAR uni021F
ENCODING 543
SWIDTH 556 0
DWIDTH 16 0
BBX 14 27 0 0
BITMAP
E380
7700
3E00
1C00
0000
3000
3000
3000
3000
3000
3000
33F0
33F8
3C1C
380C
380C
300C
300C
300C
300C
300C
300C
300C
300C
300C
300C
300C
ENDCHAR
STARTCHAR uni0226
ENCODING 550
SWIDTH 667 0
DWIDTH 20 0
BBX 18 26 1 0
BITMAP
00C000
00C000
00C000
000000
01E000
03F000
033000
033000
061800
061800
061800
0C0C00
0C0C00
0C0C00
180600
180600
180600
3FFF00
3FFF00
300300
600180
600180
600180
C000C0
C000C0
C000C0
ENDCHAR
STARTCHAR uni0227
ENCODING 551
SWIDTH 556 0
DWIDTH 16 0
BBX 13 20 1 0
BITMAP
0300
0300
0300
0000
1FC0
7FE0
7070
6030
0030
0030
03F0
3FF0
7C30
E030
C030
C030
C070
E0F0
7F30
3E38
ENDCHAR
STARTCHAR uni0228
ENCODING 552
SWIDTH 667 0
DWIDTH 19 0
BBX 15 28 3 -6
BITMAP
FFFC
FFFC
C000
C000
C000
C000
C000
C000
C000
FFF8
FFF8
C000
C000
C000
C000
C000
C000
C000
C000
C000
FFFE
FFFE
0200
0380
00C0
00C0
18C0
0F80
ENDCHAR
STARTCHAR uni0229
ENCODING 553
SWIDTH 556 0
DWIDTH 16 0
BBX 14 22 1 -6
BITMAP
0FC0
3FF0
7038
6018
6018
C00C
C00C
FFFC
FFFC
C000
C000
6018
6018
7038
3FF0
0FC0
0100
01C0
0060
0060
0C60
07C0
ENDCHAR
STARTCHAR uni022A
ENCODING 554
SWIDTH 778 0
DWIDTH 22 0
BBX 20 30 1 0
BITMAP
01FC00
01FC00
000000
018C00
018C00
018C00
000000
000000
03FC00
0FFF00
1E0780
3801C0
7000E0
600060
E00070
C00030
C00030
C00030
C00030
C00030
C00030
C00030
C00030
E00070
600060
7000E0
3801C0
1E0780
0FFF00
03FC00
ENDCHAR
STARTCHAR uni022B
ENCODING 555
SWIDTH 556 0
DWIDTH 16 0
BBX 14 24 1 0
BITMAP
0FE0
0FE0
0000
0C60
0C60
0C60
0000
0000
0FC0
3FF0
7038
6018
E01C
C00C
C00C
C00C
C00C
C00C
C00C
E01C
6018
7038
3FF0
0FC0
ENDCHAR
STARTCHAR uni022C
ENCODING 556
SWIDTH 778 0
DWIDTH 22 0
BBX 20 29 1 0
BITMAP
01FC00
01FC00
000000
01C600
03FE00
031C00
000000
03FC00
0FFF00
1E0780
3801C0
7000E0
600060
E00070
C00030
C00030
C00030
C00030
C00030
C00030
C00030
C00030
E00070
600060
7000E0
3801C0
1E0780
0FFF00
03FC00
ENDCHAR
STARTCHAR uni022D
ENCODING 557
SWIDTH 556 0
DWIDTH 16 0
BBX 14 23 1 0
BITMAP
0FE0
0FE0
0000
0E30
1FF0
18E0
0000
0FC0
3FF0
7038
6018
E01C
C00C
C00C
C00C
C00C
C00C
C00C
E01C
6018
7038
3FF0
0FC0
ENDCHAR
STARTCHAR uni022E
ENCODING 558
SWIDTH 778 0
DWIDTH 22 0
BBX 20 26 1 0
BITMAP
006000
006000
006000
000000
03FC00
0FFF00
1E0780
3801C0
7000E0
600060
E00070
C00030
C00030
C00030
C00030
C00030
C00030
C00030
C00030
E00070
600060
7000E0
3801C0
1E0780
0FFF00
03FC00
ENDCHAR
STARTCHAR uni022F
ENCODING 559
SWIDTH 556 0
DWIDTH 16 0
BBX 14 20 1 0
BITMAP
0300
0300
0300
0000
0FC0
3FF0
7038
6018
E01C
C00C
C00C
C00C
C00C
C00C
C00C
E01C
6018
7038
3FF0
0FC0
ENDCHAR
STARTCHAR uni0230
ENCODING 560
SWIDTH 778 0
DWIDTH 22 0
BBX 20 29 1 0
BITMAP
01FC00
01FC00
000000
006000
006000
006000
000000
03FC00
0FFF00
1E0780
3801C0
7000E0
600060
E00070
C00030
C00030
C00030
C00030
C00030
C00030
C00030
C00030
E00070
600060
7000E0
3801C0
1E0780
0FFF00
03FC00
ENDCHAR
STARTCHAR uni0231
ENCODING 561
SWIDTH 556 0
DWIDTH 16 0
BBX 14 23 1 0
BITMAP
0FE0
0FE0
0000
0300
0300
0300
0000
0FC0
3FF0
7038
6018
E01C
C00C
C00C
C00C
C00C
C00C
C00C
E01C
6018
7038
3FF0
0FC0
ENDCHAR
STARTCHAR uni0232
ENCODING 562
SWIDTH 667 0
DWIDTH 19 0
BBX 18 25 1 0
BITMAP
03F800
03F800
000000
E001C0
700380
700380
380700
1C0E00
1C0E00
0E1C00
073800
073800
03F000
01E000
00C000
00C000
00C000
00C000
00C000
00C000
00C000
00C000
00C000
00C000
00C000
ENDCHAR
STARTCHAR uni0233
ENCODING 563
SWIDTH 500 0
DWIDTH 14 0
BBX 13 25 1 -6
BITMAP
1FC0
1FC0
0000
C018
C030
C030
6060
6060
60C0
30C0
30C0
1980
1980
1B00
0F00
0F00
0600
0600
0C00
0C00
1800
1800
1800
F800
F000
ENDCHAR
STARTCHAR uni0250
ENCODING 592
SWIDTH 556 0
DWIDTH 16 0
BBX 13 16 1 0
BITMAP
E3E0
77F0
7838
7018
4018
6018
6038
61F0
7FE0
7E00
6000
6000
6030
7070
3FF0
1FC0
ENDCHAR
STARTCHAR uni0254
ENCODING 596
SWIDTH 500 0
DWIDTH 14 0
BBX 12 16 1 0
BITMAP
1F00
7FC0
F0E0
E060
C070
0030
0030
0030
0030
0030
C030
C070
E060
70E0
7FC0
1F00
ENDCHAR
STARTCHAR uni0258
ENCODING 600
SWIDTH 556 0
DWIDTH 16 0
BBX 14 16 1 0
BITMAP
0FC0
3FF0
7038
6018
6018
C00C
C00C
FFFC
FFFC
000C
000C
6018
6018
7038
3FF0
0FC0
ENDCHAR
STARTCHAR uni0259
ENCODING 601
SWIDTH 556 0
DWIDTH 16 0
BBX 14 16 1 0
BITMAP
0FC0
3FF0
7038
6018
6018
000C
000C
FFFC
FFFC
C00C
C00C
6018
6018
7038
3FF0
0FC0
ENDCHAR
STARTCHAR uni025F
ENCODING 607
SWIDTH 278 0
DWIDTH 8 0
BBX 6 22 1 -6
BITMAP
30
30
30
30
30
30
30
30
30
30
30
30
30
30
FC
BC
30
10
30
30
F0
E0
ENDCHAR
STARTCHAR uni0265
ENCODING 613
SWIDTH 556 0
DWIDTH 16 0
BBX 12 22 2 -6
BITMAP
C030
C030
C030
C030
C030
C030
C030
C030
C030
C030
C030
C070
C070
E0F0
7F30
3F30
0030
0030
0030
0030
0030
0030
ENDCHAR
STARTCHAR uni0275
ENCODING 629
SWIDTH 556 0
DWIDTH 16 0
BBX 14 16 1 0
BITMAP
0FC0
3FF0
7038
6018
E01C
C00C
C00C
FFFC
C00C
C00C
C00C
E01C
6018
7038
3FF0
0FC0
ENDCHAR
STARTCHAR uni0279
ENCODING 633
SWIDTH 333 0
DWIDTH 9 0
BBX 7 16 2 0
BITMAP
06
06
06
06
06
06
06
06
06
06
06
0E
0E
1E
F6
E6
ENDCHAR
STARTCHAR uni0287
ENCODING 647
SWIDTH 278 0
DWIDTH 8 0
BBX 7 21 1 -5
BITMAP
F0
78
18
18
18
18
18
18
18
18
18
18
08
18
5E
7E
18
18
18
18
18
ENDCHAR
STARTCHAR uni0288
ENCODING 648
SWIDTH 278 0
DWIDTH 8 0
BBX 7 27 1 -6
BITMAP
30
30
30
30
30
FC
EC
20
30
30
30
30
30
30
30
30
30
30
30
3C
1E
30
30
30
30
1E
0E
ENDCHAR
STARTCHAR uni0289
ENCODING 649
SWIDTH 556 0
DWIDTH 16 0
BBX 12 16 2 0
BITMAP
C030
C030
C030
C030
C030
C030
C030
FFF0
C030
C030
C030
C070
C070
E0F0
7FB0
3F30
ENDCHAR
STARTCHAR uni028C
ENCODING 652
SWIDTH 500 0
DWIDTH 14 0
BBX 13 16 0 0
BITMAP
0700
0700
0D80
0D80
0D80
18C0
18C0
18C0
3060
3060
3060
6030
6030
6030
C018
C018
ENDCHAR
STARTCHAR uni028D
ENCODING 653
SWIDTH 722 0
DWIDTH 21 0
BBX 20 16 0 0
BITMAP
060600
060600
0E0700
0F0700
0B0F00
1B0D80
1B0D80
199980
3198C0
3198C0
3198C0
60F060
60F060
606060
C06030
C06030
ENDCHAR
STARTCHAR uni028E
ENCODING 654
SWIDTH 500 0
DWIDTH 14 0
BBX 13 22 1 0
BITMAP
0078
00F8
00C0
00C0
00C0
0180
0180
0300
0300
0780
0780
06C0
0CC0
0CC0
1860
1860
1830
3030
3030
6018
6018
C018
ENDCHAR
STARTCHAR uni029E
ENCODING 670
SWIDTH 500 0
DWIDTH 14 0
BBX 12 22 2 -6
BITMAP
E030
7030
7030
3830
3830
1C30
1C30
0E30
06F0
07F0
03B0
0730
0E30
1C30
3830
7030
0030
0030
0030
0030
0030
0030
ENDCHAR
STARTCHAR uni02BB
ENCODING 699
SWIDTH 222 0
DWIDTH 6 0
BBX 3 7 2 15
BITMAP
60
C0
80
80
C0
C0
C0
ENDCHAR
STARTCHAR afii57929
ENCODING 700
SWIDTH 222 0
DWIDTH 6 0
BBX 3 7 1 15
BITMAP
60
60
60
20
20
60
C0
ENDCHAR
STARTCHAR afii64937
ENCODING 701
SWIDTH 222 0
DWIDTH 6 0
BBX 3 7 1 15
BITMAP
C0
C0
C0
80
80
C0
60
ENDCHAR
STARTCHAR circumflex
ENCODING 710
SWIDTH 333 0
DWIDTH 9 0
BBX 9 4 0 18
BITMAP
1C00
3E00
7700
E380
ENDCHAR
STARTCHAR caron
ENCODING 711
SWIDTH 333 0
DWIDTH 9 0
BBX 9 4 0 18
BITMAP
E380
7700
3E00
1C00
ENDCHAR
STARTCHAR uni02C8
ENCODING 712
SWIDTH 191 0
DWIDTH 5 0
BBX 2 7 1 15
BITMAP
C0
C0
C0
C0
C0
C0
40
ENDCHAR
STARTCHAR macron
ENCODING 713
SWIDTH 333 0
DWIDTH 9 0
BBX 7 2 1 20
BITMAP
FE
FE
ENDCHAR
STARTCHAR uni02CA
ENCODING 714
SWIDTH 333 0
DWIDTH 9 0
BBX 5 4 3 18
BITMAP
38
30
60
C0
ENDCHAR
STARTCHAR uni02CB
ENCODING 715
SWIDTH 333 0
DWIDTH 9 0
BBX 5 4 1 18
BITMAP
E0
60
30
18
ENDCHAR
STARTCHAR uni02CD
ENCODING 717
SWIDTH 333 0
DWIDTH 9 0
BBX 7 2 1 -3
BITMAP
FE
FE
ENDCHAR
STARTCHAR uni02CE
ENCODING 718
SWIDTH 333 0
DWIDTH 9 0
BBX 5 4 1 -5
BITMAP
E0
60
30
18
ENDCHAR
STARTCHAR uni02CF
ENCODING 719
SWIDTH 333 0
DWIDTH 9 0
BBX 5 4 3 -5
BITMAP
38
30
60
C0
ENDCHAR
STARTCHAR breve
ENCODING 728
SWIDTH 333 0
DWIDTH 9 0
BBX 9 4 0 18
BITMAP
C180
6300
7F00
3E00
ENDCHAR
STARTCHAR dotaccent
ENCODING 729
SWIDTH 333 0
DWIDTH 9 0
BBX 2 3 3 19
BITMAP
C0
C0
C0
ENDCHAR
STARTCHAR ring
ENCODING 730
SWIDTH 333 0
DWIDTH 9 0
BBX 5 5 2 17
BITMAP
70
D8
88
D8
70
ENDCHAR
STARTCHAR ogonek
ENCODING 731
SWIDTH 333 0
DWIDTH 9 0
BBX 6 6 1 -6
BITMAP
30
60
C0
C0
E0
7C
ENDCHAR
STARTCHAR tilde
ENCODING 732
SWIDTH 333 0
DWIDTH 9 0
BBX 9 3 0 19
BITMAP
7180
FF80
C700
ENDCHAR
STARTCHAR hungarumlaut
ENCODING 733
SWIDTH 333 0
DWIDTH 9 0
BBX 9 4 0 18
BITMAP
3180
6300
C600
8800
ENDCHAR
STARTCHAR uni02EE
ENCODING 750
SWIDTH 333 0
DWIDTH 9 0
BBX 7 7 1 15
BITMAP
66
66
66
22
22
66
CC
ENDCHAR
STARTCHAR uni037E
ENCODING 894
SWIDTH 278 0
DWIDTH 8 0
BBX 3 20 3 -4
BITMAP
60
60
60
00
00
00
00
00
00
00
00
00
00
60
60
60
20
20
60
C0
ENDCHAR
STARTCHAR tonos
ENCODING 900
SWIDTH 333 0
DWIDTH 9 0
BBX 5 4 3 18
BITMAP
38
30
60
C0
ENDCHAR
STARTCHAR dieresistonos
ENCODING 901
SWIDTH 333 0
DWIDTH 9 0
BBX 7 8 1 19
BITMAP
0E
0C
18
30
00
C6
C6
C6
ENDCHAR
STARTCHAR anoteleia
ENCODING 903
SWIDTH 278 0
DWIDTH 8 0
BBX 2 3 3 7
BITMAP
C0
C0
C0
ENDCHAR
STARTCHAR mu
ENCODING 956
SWIDTH 556 0
DWIDTH 16 0
BBX 14 22 2 -6
BITMAP
C030
C030
C030
C030
C030
C030
C030
C030
C030
C030
C030
C070
C070
C0F0
FF3C
FF1C
C000
C000
C000
C000
C000
C000
ENDCHAR
STARTCHAR uni1E00
ENCODING 7680
SWIDTH 667 0
DWIDTH 20 0
BBX 18 28 1 -6
BITMAP
01E000
03F000
033000
033000
061800
061800
061800
0C0C00
0C0C00
0C0C00
180600
180600
180600
3FFF00
3FFF00
300300
600180
600180
600180
C000C0
C000C0
C000C0
000000
00E000
01B000
011000
01B000
00E000
ENDCHAR
STARTCHAR uni1E01
ENCODING 7681
SWIDTH 556 0
DWIDTH 16 0
BBX 13 22 1 -6
BITMAP
1FC0
7FE0
7070
6030
0030
0030
03F0
3FF0
7C30
E030
C030
C030
C070
E0F0
7F30
3E38
0000
0700
0D80
0880
0D80
0700
ENDCHAR
STARTCHAR uni1E02
ENCODING 7682
SWIDTH 667 0
DWIDTH 19 0
BBX 16 26 2 0
BITMAP
0180
0180
0180
0000
FFF8
FFFC
C01E
C00E
C006
C006
C006
C006
C01C
FFF8
FFFC
C00E
C007
C003
C003
C003
C003
C003
C007
C00E
FFFE
FFF8
ENDCHAR
STARTCHAR uni1E03
ENCODING 7683
SWIDTH 556 0
DWIDTH 16 0
BBX 13 26 2 0
BITMAP
3000
3000
3000
0000
C000
C000
C000
C000
C000
C000
CFC0
DFE0
F0F0
E030
E038
8018
C018
C018
C018
C018
C018
E038
E030
F0F0
DFE0
CF80
ENDCHAR
STARTCHAR uni1E04
ENCODING 7684
SWIDTH 667 0
DWIDTH 19 0
BBX 16 26 2 -4
BITMAP
FFF8
FFFC
C01E
C00E
C006
C006
C006
C006
C01C
FFF8
FFFC
C00E
C007
C003
C003
C003
C003
C003
C007
C00E
FFFE
FFF8
0000
0180
0180
0180
ENDCHAR
STARTCHAR uni1E05
ENCODING 7685
SWIDTH 556 0
DWIDTH 16 0
BBX 13 26 2 -4
BITMAP
C000
C000
C000
C000
C000
C000
CFC0
DFE0
F0F0
E030
E038
8018
C018
C018
C018
C018
C018
E038
E030
F0F0
DFE0
CF80
0000
0600
0600
0600
ENDCHAR
STARTCHAR uni1E06
ENCODING 7686
SWIDTH 667 0
DWIDTH 19 0
BBX 16 25 2 -3
BITMAP
FFF8
FFFC
C01E
C00E
C006
C006
C006
C006
C01C
FFF8
FFFC
C00E
C007
C003
C003
C003
C003
C003
C007
C00E
FFFE
FFF8
0000
0FE0
0FE0
ENDCHAR
STARTCHAR uni1E07
ENCODING 7687
SWIDTH 556 0
DWIDTH 16 0
BBX 13 25 2 -3
BITMAP
C000
C000
C000
C000
C000
C000
CFC0
DFE0
F0F0
E030
E038
8018
C018
C018
C018
C018
C018
E038
E030
F0F0
DFE0
CF80
0000
1FC0
1FC0
ENDCHAR
STARTCHAR uni1E08
ENCODING 7688
SWIDTH 722 0
DWIDTH 21 0
BBX 17 33 2 -6
BITMAP
003800
003000
006000
00C000
000000
07F000
1FFE00
3C0F00
380700
700380
600380
E00000
C00000
C00000
C00000
C00000
C00000
C00000
C00000
C00180
E00180
600380
700380
380700
3C0F00
1FFC00
07F000
004000
007000
001800
001800
031800
01F000
ENDCHAR
STARTCHAR uni1E09
ENCODING 7689
SWIDTH 500 0
DWIDTH 14 0
BBX 12 27 1 -6
BITMAP
01C0
0180
0300
0600
0000
0F80
3FE0
70F0
6070
E030
C000
C000
C000
C000
C000
C030
E030
6070
70E0
3FE0
0F80
0200
0380
00C0
00C0
18C0
0F80
ENDCHAR
STARTCHAR uni1E0A
ENCODING 7690
SWIDTH 722 0
DWIDTH 21 0
BBX 16 26 3 0
BITMAP
0300
0300
0300
0000
FFE0
FFF8
C03C
C01C
C00E
C006
C007
C003
C003
C003
C003
C003
C003
C003
C003
C007
C006
C00E
C01C
C03C
FFF8
FFE0
ENDCHAR
STARTCHAR uni1E0B
ENCODING 7691
SWIDTH 556 0
DWIDTH 16 0
BBX 13 26 1 0
BITMAP
0060
0060
0060
0000
0018
0018
0018
0018
0018
0018
0F98
3FF8
7878
6018
E038
C018
C018
C018
C018
C018
C018
E038
6038
7878
3FD8
0F98
ENDCHAR
STARTCHAR uni1E0C
ENCODING 7692
SWIDTH 722 0
DWIDTH 21 0
BBX 16 26 3 -4
BITMAP
FFE0
FFF8
C03C
C01C
C00E
C006
C007
C003
C003
C003
C003
C003
C003
C003
C003
C007
C006
C00E
C01C
C03C
FFF8
FFE0
0000
0300
0300
0300
ENDCHAR
STARTCHAR uni1E0D
ENCODING 7693
SWIDTH 556 0
DWIDTH 16 0
BBX 13 26 1 -4
BITMAP
0018
0018
0018
0018
0018
0018
0F98
3FF8
7878
6018
E038
C018
C018
C018
C018
C018
C018
E038
6038
7878
3FD8
0F98
0000
0300
0300
0300
ENDCHAR
STARTCHAR uni1E0E
ENCODING 7694
SWIDTH 722 0
DWIDTH 21 0
BBX 16 25 3 -3
BITMAP
FFE0
FFF8
C03C
C01C
C00E
C006
C007
C003
C003
C003
C003
C003
C003
C003
C003
C007
C006
C00E
C01C
C03C
FFF8
FFE0
0000
0FE0
0FE0
ENDCHAR
STARTCHAR uni1E0F
ENCODING 7695
SWIDTH 556 0
DWIDTH 16 0
BBX 13 25 1 -3
BITMAP
0018
0018
0018
0018
0018
0018
0F98
3FF8
7878
6018
E038
C018
C018
C018
C018
C018
C018
E038
6038
7878
3FD8
0F98
0000
0FE0
0FE0
ENDCHAR
STARTCHAR uni1E10
ENCODING 7696
SWIDTH 722 0
DWIDTH 21 0
BBX 16 28 3 -6
BITMAP
FFE0
FFF8
C03C
C01C
C00E
C006
C007
C003
C003
C003
C003
C003
C003
C003
C003
C007
C006
C00E
C01C
C03C
FFF8
FFE0
0100
01C0
0060
0060
0C60
07C0
ENDCHAR
STARTCHAR uni1E11
ENCODING 7697
SWIDTH 556 0
DWIDTH 16 0
BBX 13 28 1 -6
BITMAP
0018
0018
0018
0018
0018
0018
0F98
3FF8
7878
6018
E038
C018
C018
C018
C018
C018
C018
E038
6038
7878
3F98
0F98
0100
01C0
0060
0060
0C60
07C0
ENDCHAR
STARTCHAR uni1E12
ENCODING 7698
SWIDTH 722 0
DWIDTH 21 0
BBX 16 27 3 -5
BITMAP
FFE0
FFF8
C03C
C01C
C00E
C006
C007
C003
C003
C003
C003
C003
C003
C003
C003
C007
C006
C00E
C01C
C03C
FFF8
FFE0
0000
0380
07C0
0EE0
1C70
ENDCHAR
STARTCHAR uni1E13
ENCODING 7699
SWIDTH 556 0
DWIDTH 16 0
BBX 13 27 1 -5
BITMAP
0018
0018
0018
0018
0018
0018
0F98
3FF8
7878
6018
E038
C018
C018
C018
C018
C018
C018
E038
6038
7878
3FD8
0F98
0000
0380
07C0
0EE0
1C70
ENDCHAR
STARTCHAR uni1E14
ENCODING 7700
SWIDTH 667 0
DWIDTH 19 0
BBX 15 30 3 0
BITMAP
1C00
0C00
0600
0300
0000
1FC0
1FC0
0000
FFFC
FFFC
C000
C000
C000
C000
C000
C000
C000
FFF8
FFF8
C000
C000
C000
C000
C000
C000
C000
C000
C000
FFFE
FFFE
ENDCHAR
STARTCHAR uni1E15
ENCODING 7701
SWIDTH 556 0
DWIDTH 16 0
BBX 14 24 1 0
BITMAP
0E00
0600
0300
0180
0000
0FE0
0FE0
0000
0FC0
3FF0
7038
6018
6018
C00C
C00C
FFFC
FFFC
C000
C000
6018
6018
7038
3FF0
0FC0
ENDCHAR
STARTCHAR uni1E16
ENCODING 7702
SWIDTH 667 0
DWIDTH 19 0
BBX 15 30 3 0
BITMAP
01C0
0180
0300
0600
0000
1FC0
1FC0
0000
FFFC
FFFC
C000
C000
C000
C000
C000
C000
C000
FFF8
FFF8
C000
C000
C000
C000
C000
C000
C000
C000
C000
FFFE
FFFE
ENDCHAR
STARTCHAR uni1E17
ENCODING 7703
SWIDTH 556 0
DWIDTH 16 0
BBX 14 24 1 0
BITMAP
00E0
00C0
0180
0300
0000
0FE0
0FE0
0000
0FC0
3FF0
7038
6018
6018
C00C
C00C
FFFC
FFFC
C000
C000
6018
6018
7038
3FF0
0FC0
ENDCHAR
STARTCHAR uni1E18
ENCODING 7704
SWIDTH 667 0
DWIDTH 19 0
BBX 15 27 3 -5
BITMAP
FFFC
FFFC
C000
C000
C000
C000
C000
C000
C000
FFF8
FFF8
C000
C000
C000
C000
C000
C000
C000
C000
C000
FFFE
FFFE
0000
0700
0F80
1DC0
38E0
ENDCHAR
STARTCHAR uni1E19
ENCODING 7705
SWIDTH 556 0
DWIDTH 16 0
BBX 14 21 1 -5
BITMAP
0FC0
3FF0
7038
6018
6018
C00C
C00C
FFFC
FFFC
C000
C000
6018
6018
7038
3FF0
0FC0
0000
0380
07C0
0EE0
1C70
ENDCHAR
STARTCHAR uni1E1A
ENCODING 7706
SWIDTH 667 0
DWIDTH 19 0
BBX 15 26 3 -4
BITMAP
FFFC
FFFC
C000
C000
C000
C000
C000
C000
C000
FFF8
FFF8
C000
C000
C000
C000
C000
C000
C000
C000
C000
FFFE
FFFE
0000
1C60
3FE0
31C0
ENDCHAR
STARTCHAR uni1E1B
ENCODING 7707
SWIDTH 556 0
DWIDTH 16 0
BBX 14 20 1 -4
BITMAP
0FC0
3FF0
7038
6018
6018
C00C
C00C
FFFC
FFFC
C000
C000
6018
6018
7038
3FF0
0FC0
0000
0E30
1FF0
18E0
ENDCHAR
STARTCHAR uni1E1C
ENCODING 7708
SWIDTH 667 0
DWIDTH 19 0
BBX 15 33 3 -6
BITMAP
3060
18C0
1FC0
0F80
0000
FFFC
FFFC
C000
C000
C000
C000
C000
C000
C000
FFF8
FFF8
C000
C000
C000
C000
C000
C000
C000
C000
C000
FFFE
FFFE
0200
0380
00C0
00C0
18C0
0F80
ENDCHAR
STARTCHAR uni1E1D
ENCODING 7709
SWIDTH 556 0
DWIDTH 16 0
BBX 14 27 1 -6
BITMAP
1830
0C60
0FE0
07C0
0000
0FC0
3FF0
7038
6018
6018
C00C
C00C
FFFC
FFFC
C000
C000
6018
6018
7038
3FF0
0FC0
0100
01C0
0060
0060
0C60
07C0
ENDCHAR
STARTCHAR uni1E1E
ENCODING 7710
SWIDTH 611 0
DWIDTH 18 0
BBX 14 26 3 0
BITMAP
0300
0300
0300
0000
FFFC
FFFC
C000
C000
C000
C000
C000
C000
C000
FFF8
FFF8
C000
C000
C000
C000
C000
C000
C000
C000
C000
C000
C000
ENDCHAR
STARTCHAR uni1E1F
ENCODING 7711
SWIDTH 278 0
DWIDTH 8 0
BBX 6 26 1 0
BITMAP
30
30
30
00
1C
3C
30
30
20
20
FC
FC
30
30
30
30
30
30
30
30
30
30
30
30
30
30
ENDCHAR
STARTCHAR uni1E20
ENCODING 7712
SWIDTH 778 0
DWIDTH 22 0
BBX 19 25 1 0
BITMAP
01FC00
01FC00
000000
03FC00
0FFF00
1E0780
3801C0
7000C0
6000E0
E00000
C00000
C00000
C00000
C03FE0
C03FE0
C00060
C00060
E00060
600060
7000E0
700060
3801E0
1E03E0
0FFE60
03F860
ENDCHAR
STARTCHAR uni1E21
ENCODING 7713
SWIDTH 556 0
DWIDTH 16 0
BBX 13 25 1 -6
BITMAP
1FC0
1FC0
0000
0F98
3FD8
7878
6038
E038
C018
C018
C018
C018
C018
C018
E038
6038
7878
3F98
1F98
0018
6018
6038
7070
3FE0
0F80
ENDCHAR
STARTCHAR uni1E22
ENCODING 7714
SWIDTH 722 0
DWIDTH 21 0
BBX 15 26 3 0
BITMAP
0180
0180
0180
0000
C006
C006
C006
C006
C006
C006
C006
C006
C006
FFFE
FFFE
C006
C006
C006
C006
C006
C006
C006
C006
C006
C006
C006
ENDCHAR
STARTCHAR uni1E23
ENCODING 7715
SWIDTH 556 0
DWIDTH 16 0
BBX 12 26 2 0
BITMAP
3000
3000
3000
0000
C000
C000
C000
C000
C000
C000
CFC0
CFE0
F070
E030
E030
C030
C030
C030
C030
C030
C030
C030
C030
C030
C030
C030
ENDCHAR
STARTCHAR uni1E24
ENCODING 7716
SWIDTH 722 0
DWIDTH 21 0
BBX 15 26 3 -4
BITMAP
C006
C006
C006
C006
C006
C006
C006
C006
C006
FFFE
FFFE
C006
C006
C006
C006
C006
C006
C006
C006
C006
C006
C006
0000
0180
0180
0180
ENDCHAR
STARTCHAR uni1E25
ENCODING 7717
SWIDTH 556 0
DWIDTH 16 0
BBX 12 26 2 -4
BITMAP
C000
C000
C000
C000
C000
C000
CFC0
CFE0
F070
E030
E030
C030
C030
C030
C030
C030
C030
C030
C030
C030
C030
C030
0000
0600
0600
0600
ENDCHAR
STARTCHAR uni1E26
ENCODING 7718
SWIDTH 722 0
DWIDTH 21 0
BBX 15 27 3 0
BITMAP
0C60
0C60
0C60
0000
0000
C006
C006
C006
C006
C006
C006
C006
C006
C006
FFFE
FFFE
C006
C006
C006
C006
C006
C006
C006
C006
C006
C006
C006
ENDCHAR
STARTCHAR uni1E27
ENCODING 7719
SWIDTH 556 0
DWIDTH 16 0
BBX 13 27 1 0
BITMAP
C600
C600
C600
0000
0000
6000
6000
6000
6000
6000
6000
67E0
67F0
7838
7018
7018
6018
6018
6018
6018
6018
6018
6018
6018
6018
6018
6018
ENDCHAR
STARTCHAR uni1E28
ENCODING 7720
SWIDTH 722 0
DWIDTH 21 0
BBX 15 28 3 -6
BITMAP
C006
C006
C006
C006
C006
C006
C006
C006
C006
FFFE
FFFE
C006
C006
C006
C006
C006
C006
C006
C006
C006
C006
C006
0100
01C0
0060
0060
0C60
07C0
ENDCHAR
STARTCHAR uni1E29
ENCODING 7721
SWIDTH 556 0
DWIDTH 16 0
BBX 12 28 2 -6
BITMAP
C000
C000
C000
C000
C000
C000
CFC0
CFE0
F070
E030
E030
C030
C030
C030
C030
C030
C030
C030
C030
C030
C030
C030
0200
0380
00C0
00C0
18C0
0F80
ENDCHAR
STARTCHAR uni1E2A
ENCODING 7722
SWIDTH 722 0
DWIDTH 21 0
BBX 15 27 3 -5
BITMAP
C006
C006
C006
C006
C006
C006
C006
C006
C006
FFFE
FFFE
C006
C006
C006
C006
C006
C006
C006
C006
C006
C006
C006
0000
1830
0C60
0FE0
07C0
ENDCHAR
STARTCHAR uni1E2B
ENCODING 7723
SWIDTH 556 0
DWIDTH 16 0
BBX 12 27 2 -5
BITMAP
C000
C000
C000
C000
C000
C000
CFC0
CFE0
F070
E030
E030
C030
C030
C030
C030
C030
C030
C030
C030
C030
C030
C030
0000
3060
18C0
1FC0
0F80
ENDCHAR
STARTCHAR uni1E2C
ENCODING 7724
SWIDTH 278 0
DWIDTH 8 0
BBX 9 26 0 -4
BITMAP
1800
1800
1800
1800
1800
1800
1800
1800
1800
1800
1800
1800
1800
1800
1800
1800
1800
1800
1800
1800
1800
1800
0000
7180
FF80
C700
ENDCHAR
STARTCHAR uni1E2D
ENCODING 7725
SWIDTH 222 0
DWIDTH 6 0
BBX 9 26 -1 -4
BITMAP
1800
1800
1800
0000
0000
0000
1800
1800
1800
1800
1800
1800
1800
1800
1800
1800
1800
1800
1800
1800
1800
1800
0000
7180
FF80
C700
ENDCHAR
STARTCHAR uni1E2E
ENCODING 7726
SWIDTH 278 0
DWIDTH 8 0
BBX 7 32 1 0
BITMAP
0E
0C
18
30
00
C6
C6
C6
00
00
30
30
30
30
30
30
30
30
30
30
30
30
30
30
30
30
30
30
30
30
30
30
ENDCHAR
STARTCHAR uni1E2F
ENCODING 7727
SWIDTH 278 0
DWIDTH 8 0
BBX 7 26 1 0
BITMAP
0E
0C
18
30
00
C6
C6
C6
00
00
30
30
30
30
30
30
30
30
30
30
30
30
30
30
30
30
ENDCHAR
STARTCHAR uni1E30
ENCODING 7728
SWIDTH 667 0
DWIDTH 19 0
BBX 16 27 2 0
BITMAP
00E0
00C0
0180
0300
0000
C007
C00E
C01C
C038
C070
C0E0
C1C0
C380
C700
CF00
DB00
FB80
F1C0
C1C0
C0E0
C070
C070
C038
C01C
C01C
C00E
C007
ENDCHAR
STARTCHAR uni1E31
ENCODING 7729
SWIDTH 500 0
DWIDTH 14 0
BBX 12 27 2 0
BITMAP
1C00
1800
3000
6000
0000
C000
C000
C000
C000
C000
C000
C0E0
C1C0
C380
C700
CE00
DC00
FE00
F600
C700
C380
C380
C1C0
C1C0
C0E0
C0E0
C070
ENDCHAR
STARTCHAR uni1E32
ENCODING 7730
SWIDTH 667 0
DWIDTH 19 0
BBX 16 26 2 -4
BITMAP
C007
C00E
C01C
C038
C070
C0E0
C1C0
C380
C700
CF00
DB00
FB80
F1C0
C1C0
C0E0
C070
C070
C038
C01C
C01C
C00E
C007
0000
0180
0180
0180
ENDCHAR
STARTCHAR uni1E33
ENCODING 7731
SWIDTH 500 0
DWIDTH 14 0
BBX 12 26 2 -4
BITMAP
C000
C000
C000
C000
C000
C000
C0E0
C1C0
C380
C700
CE00
DC00
FE00
F600
C700
C380
C380
C1C0
C1C0
C0E0
C0E0
C070
0000
0600
0600
0600
ENDCHAR
STARTCHAR uni1E34
ENCODING 7732
SWIDTH 667 0
DWIDTH 19 0
BBX 16 25 2 -3
BITMAP
C007
C00E
C01C
C038
C070
C0E0
C1C0
C380
C700
CF00
DB00
FB80
F1C0
C1C0
C0E0
C070
C070
C038
C01C
C01C
C00E
C007
0000
0FE0
0FE0
ENDCHAR
STARTCHAR uni1E35
ENCODING 7733
SWIDTH 500 0
DWIDTH 14 0
BBX 12 25 2 -3
BITMAP
C000
C000
C000
C000
C000
C000
C0E0
C1C0
C380
C700
CE00
DC00
FE00
F600
C700
C380
C380
C1C0
C1C0
C0E0
C0E0
C070
0000
3F80
3F80
ENDCHAR
STARTCHAR uni1E36
ENCODING 7734
SWIDTH 556 0
DWIDTH 16 0
BBX 12 26 3 -4
BITMAP
C000
C000
C000
C000
C000
C000
C000
C000
C000
C000
C000
C000
C000
C000
C000
C000
C000
C000
C000
C000
FFF0
FFF0
0000
0600
0600
0600
ENDCHAR
STARTCHAR uni1E37
ENCODING 7735
SWIDTH 222 0
DWIDTH 6 0
BBX 2 26 2 -4
BITMAP
C0
C0
C0
C0
C0
C0
C0
C0
C0
C0
C0
C0
C0
C0
C0
C0
C0
C0
C0
C0
C0
C0
00
C0
C0
C0
ENDCHAR
STARTCHAR uni1E38
ENCODING 7736
SWIDTH 556 0
DWIDTH 16 0
BBX 12 29 3 -4
BITMAP
FE00
FE00
0000
C000
C000
C000
C000
C000
C000
C000
C000
C000
C000
C000
C000
C000
C000
C000
C000
C000
C000
C000
C000
FFF0
FFF0
0000
0600
0600
0600
ENDCHAR
STARTCHAR uni1E39
ENCODING 7737
SWIDTH 222 0
DWIDTH 6 0
BBX 7 29 0 -4
BITMAP
FE
FE
00
30
30
30
30
30
30
30
30
30
30
30
30
30
30
30
30
30
30
30
30
30
30
00
30
30
30
ENDCHAR
STARTCHAR uni1E3A
ENCODING 7738
SWIDTH 556 0
DWIDTH 16 0
BBX 12 25 3 -3
BITMAP
C000
C000
C000
C000
C000
C000
C000
C000
C000
C000
C000
C000
C000
C000
C000
C000
C000
C000
C000
C000
FFF0
FFF0
0000
3F80
3F80
ENDCHAR
STARTCHAR uni1E3B
ENCODING 7739
SWIDTH 222 0
DWIDTH 6 0
BBX 7 25 0 -3
BITMAP
30
30
30
30
30
30
30
30
30
30
30
30
30
30
30
30
30
30
30
30
30
30
00
FE
FE
ENDCHAR
STARTCHAR uni1E3C
ENCODING 7740
SWIDTH 556 0
DWIDTH 16 0
BBX 12 27 3 -5
BITMAP
C000
C000
C000
C000
C000
C000
C000
C000
C000
C000
C000
C000
C000
C000
C000
C000
C000
C000
C000
C000
FFF0
FFF0
0000
0E00
1F00
3B80
71C0
ENDCHAR
STARTCHAR uni1E3D
ENCODING 7741
SWIDTH 222 0
DWIDTH 6 0
BBX 9 27 -1 -5
BITMAP
1800
1800
1800
1800
1800
1800
1800
1800
1800
1800
1800
1800
1800
1800
1800
1800
1800
1800
1800
1800
1800
1800
0000
1C00
3E00
7700
E380
ENDCHAR
STARTCHAR uni1E3E
ENCODING 7742
SWIDTH 833 0
DWIDTH 24 0
BBX 20 27 2 0
BITMAP
001C00
001800
003000
006000
000000
F000F0
F00070
F000F0
D000B0
9801B0
D801B0
D801B0
CC0330
CC0330
CC0330
C60630
C60630
C60630
C30C30
C30C30
C30C30
C19830
C19830
C19830
C0F030
C0F030
C0F030
ENDCHAR
STARTCHAR uni1E3F
ENCODING 7743
SWIDTH 833 0
DWIDTH 24 0
BBX 20 21 2 0
BITMAP
001C00
001800
003000
006000
000000
CFC7C0
DFDFE0
F0F870
E07030
C06030
C06030
C06030
C06030
C06030
C06030
C06030
C06030
C06030
C06030
C06030
C06030
ENDCHAR
STARTCHAR uni1E40
ENCODING 7744
SWIDTH 833 0
DWIDTH 24 0
BBX 20 26 2 0
BITMAP
006000
006000
006000
000000
F000F0
F00070
F000F0
D000B0
9801B0
D801B0
D801B0
CC0330
CC0330
CC0330
C60630
C60630
C60630
C30C30
C30C30
C30C30
C19830
C19830
C19830
C0F030
C0F030
C0F030
ENDCHAR
STARTCHAR uni1E41
ENCODING 7745
SWIDTH 833 0
DWIDTH 24 0
BBX 20 20 2 0
BITMAP
006000
006000
006000
000000
CFC7C0
DFDFE0
F0F870
E07030
C06030
C06030
C06030
C06030
C06030
C06030
C06030
C06030
C06030
C06030
C06030
C06030
ENDCHAR
STARTCHAR uni1E42
ENCODING 7746
SWIDTH 833 0
DWIDTH 24 0
BBX 20 26 2 -4
BITMAP
F000F0
F00070
F000F0
D000B0
9801B0
D801B0
D801B0
CC0330
CC0330
CC0330
C60630
C60630
C60630
C30C30
C30C30
C30C30
C19830
C19830
C19830
C0F030
C0F030
C0F030
000000
006000
006000
006000
ENDCHAR
STARTCHAR uni1E43
ENCODING 7747
SWIDTH 833 0
DWIDTH 24 0
BBX 20 20 2 -4
BITMAP
CFC7C0
DFDFE0
F0F870
E07030
C06030
C06030
C06030
C06030
C06030
C06030
C06030
C06030
C06030
C06030
C06030
C06030
000000
006000
006000
006000
ENDCHAR
STARTCHAR uni1E44
ENCODING 7748
SWIDTH 722 0
DWIDTH 21 0
BBX 17 26 2 0
BITMAP
018000
018000
018000
000000
E00180
F00180
F00180
D80180
9C0180
DC0180
CE0180
C70180
C70180
C38180
C1C180
C1C180
C0E180
C07180
C07180
C03980
C01D80
C01D80
C00D80
C00780
C00380
C00380
ENDCHAR
STARTCHAR uni1E45
ENCODING 7749
SWIDTH 556 0
DWIDTH 16 0
BBX 12 20 2 0
BITMAP
0600
0600
0600
0000
CFC0
DFE0
F070
E030
E030
C030
C030
C030
C030
C030
C030
C030
C030
C030
C030
C030
ENDCHAR
STARTCHAR uni1E46
ENCODING 7750
SWIDTH 722 0
DWIDTH 21 0
BBX 17 26 2 -4
BITMAP
E00180
F00180
F00180
D80180
9C0180
DC0180
CE0180
C70180
C70180
C38180
C1C180
C1C180
C0E180
C07180
C07180
C03980
C01D80
C01D80
C00D80
C00780
C00380
C00380
000000
00C000
00C000
00C000
ENDCHAR
STARTCHAR uni1E47
ENCODING 7751
SWIDTH 556 0
DWIDTH 16 0
BBX 12 20 2 -4
BITMAP
CFC0
DFE0
F070
E030
E030
C030
C030
C030
C030
C030
C030
C030
C030
C030
C030
C030
0000
0600
0600
0600
ENDCHAR
STARTCHAR uni1E48
ENCODING 7752
SWIDTH 722 0
DWIDTH 21 0
BBX 17 25 2 -3
BITMAP
E00180
F00180
F00180
D80180
9C0180
DC0180
CE0180
C70180
C70180
C38180
C1C180
C1C180
C0E180
C07180
C07180
C03980
C01D80
C01D80
C00D80
C00780
C00380
C00380
000000
03F800
03F800
ENDCHAR
STARTCHAR uni1E49
ENCODING 7753
SWIDTH 556 0
DWIDTH 16 0
BBX 12 19 2 -3
BITMAP
CFC0
DFE0
F070
E030
E030
C030
C030
C030
C030
C030
C030
C030
C030
C030
C030
C030
0000
1FC0
1FC0
ENDCHAR
STARTCHAR uni1E4A
ENCODING 7754
SWIDTH 722 0
DWIDTH 21 0
BBX 17 27 2 -5
BITMAP
E00180
F00180
F00180
D80180
9C0180
DC0180
CE0180
C70180
C70180
C38180
C1C180
C1C180
C0E180
C07180
C07180
C03980
C01D80
C01D80
C00D80
C00780
C00380
C00380
000000
00E000
01F000
03B800
071C00
ENDCHAR
STARTCHAR uni1E4B
ENCODING 7755
SWIDTH 556 0
DWIDTH 16 0
BBX 12 21 2 -5
BITMAP
CFC0
DFE0
F070
E030
E030
C030
C030
C030
C030
C030
C030
C030
C030
C030
C030
C030
0000
0700
0F80
1DC0
38E0
ENDCHAR
STARTCHAR uni1E4C
ENCODING 7756
SWIDTH 778 0
DWIDTH 22 0
BBX 20 31 1 0
BITMAP
001C00
001800
003000
006000
000000
01C600
03FE00
031C00
000000
03FC00
0FFF00
1E0780
3801C0
7000E0
600060
E00070
C00030
C00030
C00030
C00030
C00030
C00030
C00030
C00030
E00070
600060
7000E0
3801C0
1E0780
0FFF00
03FC00
ENDCHAR
STARTCHAR uni1E4D
ENCODING 7757
SWIDTH 556 0
DWIDTH 16 0
BBX 14 25 1 0
BITMAP
00E0
00C0
0180
0300
0000
0E30
1FF0
18E0
0000
0FC0
3FF0
7038
6018
E01C
C00C
C00C
C00C
C00C
C00C
C00C
E01C
6018
7038
3FF0
0FC0
ENDCHAR
STARTCHAR uni1E4E
ENCODING 7758
SWIDTH 778 0
DWIDTH 22 0
BBX 20 31 1 0
BITMAP
018C00
018C00
018C00
000000
000000
01C600
03FE00
031C00
000000
03FC00
0FFF00
1E0780
3801C0
7000E0
600060
E00070
C00030
C00030
C00030
C00030
C00030
C00030
C00030
C00030
E00070
600060
7000E0
3801C0
1E0780
0FFF00
03FC00
ENDCHAR
STARTCHAR uni1E4F
ENCODING 7759
SWIDTH 556 0
DWIDTH 16 0
BBX 14 25 1 0
BITMAP
0C60
0C60
0C60
0000
0000
0E30
1FF0
18E0
0000
0FC0
3FF0
7038
6018
E01C
C00C
C00C
C00C
C00C
C00C
C00C
E01C
6018
7038
3FF0
0FC0
ENDCHAR
STARTCHAR uni1E50
ENCODING 7760
SWIDTH 778 0
DWIDTH 22 0
BBX 20 30 1 0
BITMAP
01C000
00C000
006000
003000
000000
01FC00
01FC00
000000
03FC00
0FFF00
1E0780
3801C0
7000E0
600060
E00070
C00030
C00030
C00030
C00030
C00030
C00030
C00030
C00030
E00070
600060
7000E0
3801C0
1E0780
0FFF00
03FC00
ENDCHAR
STARTCHAR uni1E51
ENCODING 7761
SWIDTH 556 0
DWIDTH 16 0
BBX 14 24 1 0
BITMAP
0E00
0600
0300
0180
0000
0FE0
0FE0
0000
0FC0
3FF0
7038
6018
E01C
C00C
C00C
C00C
C00C
C00C
C00C
E01C
6018
7038
3FF0
0FC0
ENDCHAR
STARTCHAR uni1E52
ENCODING 7762
SWIDTH 778 0
DWIDTH 22 0
BBX 20 30 1 0
BITMAP
001C00
001800
003000
006000
000000
01FC00
01FC00
000000
03FC00
0FFF00
1E0780
3801C0
7000E0
600060
E00070
C00030
C00030
C00030
C00030
C00030
C00030
C00030
C00030
E00070
600060
7000E0
3801C0
1E0780
0FFF00
03FC00
ENDCHAR
STARTCHAR uni1E53
ENCODING 7763
SWIDTH 556 0
DWIDTH 16 0
BBX 14 24 1 0
BITMAP
00E0
00C0
0180
0300
0000
0FE0
0FE0
0000
0FC0
3FF0
7038
6018
E01C
C00C
C00C
C00C
C00C
C00C
C00C
E01C
6018
7038
3FF0
0FC0
ENDCHAR
STARTCHAR uni1E54
ENCODING 7764
SWIDTH 667 0
DWIDTH 19 0
BBX 14 27 3 0
BITMAP
01C0
0180
0300
0600
0000
FFE0
FFF8
C038
C01C
C00C
C00C
C00C
C00C
C01C
C038
FFF8
FFF0
C000
C000
C000
C000
C000
C000
C000
C000
C000
C000
ENDCHAR
STARTCHAR uni1E55
ENCODING 7765
SWIDTH 556 0
DWIDTH 16 0
BBX 13 27 2 -6
BITMAP
01C0
0180
0300
0600
0000
CF80
DFE0
F0F0
E030
E038
C018
C018
C018
C018
C018
C018
E038
C030
F0F0
FFE0
CF80
C000
C000
C000
C000
C000
C000
ENDCHAR
STARTCHAR uni1E56
ENCODING 7766
SWIDTH 667 0
DWIDTH 19 0
BBX 14 26 3 0
BITMAP
0300
0300
0300
0000
FFE0
FFF8
C038
C01C
C00C
C00C
C00C
C00C
C01C
C038
FFF8
FFF0
C000
C000
C000
C000
C000
C000
C000
C000
C000
C000
ENDCHAR
STARTCHAR uni1E57
ENCODING 7767
SWIDTH 556 0
DWIDTH 16 0
BBX 13 26 2 -6
BITMAP
0600
0600
0600
0000
CF80
DFE0
F0F0
E030
E038
C018
C018
C018
C018
C018
C018
E038
C030
F0F0
FFE0
CF80
C000
C000
C000
C000
C000
C000
ENDCHAR
STARTCHAR uni1E58
ENCODING 7768
SWIDTH 722 0
DWIDTH 21 0
BBX 17 26 3 0
BITMAP
018000
018000
018000
000000
FFF800
FFFE00
C01E00
C00700
C00700
C00300
C00300
C00300
C00600
C00E00
FFF800
FFFC00
C00E00
C00E00
C00600
C00600
C00600
C00600
C00600
C00600
C00300
C00380
ENDCHAR
STARTCHAR uni1E59
ENCODING 7769
SWIDTH 333 0
DWIDTH 9 0
BBX 7 20 2 0
BITMAP
18
18
18
00
CE
DE
F0
E0
E0
C0
C0
C0
C0
C0
C0
C0
C0
C0
C0
C0
ENDCHAR
STARTCHAR uni1E5A
ENCODING 7770
SWIDTH 722 0
DWIDTH 21 0
BBX 17 26 3 -4
BITMAP
FFF800
FFFE00
C01E00
C00700
C00700
C00300
C00300
C00300
C00600
C00E00
FFF800
FFFC00
C00E00
C00E00
C00600
C00600
C00600
C00600
C00600
C00600
C00300
C00380
000000
00C000
00C000
00C000
ENDCHAR
STARTCHAR uni1E5B
ENCODING 7771
SWIDTH 333 0
DWIDTH 9 0
BBX 7 20 2 -4
BITMAP
CE
DE
F0
E0
E0
C0
C0
C0
C0
C0
C0
C0
C0
C0
C0
C0
00
60
60
60
ENDCHAR
STARTCHAR uni1E5C
ENCODING 7772
SWIDTH 722 0
DWIDTH 21 0
BBX 17 29 3 -4
BITMAP
0FE000
0FE000
000000
FFF800
FFFE00
C01E00
C00700
C00700
C00300
C00300
C00300
C00600
C00E00
FFF800
FFFC00
C00E00
C00E00
C00600
C00600
C00600
C00600
C00600
C00600
C00300
C00380
000000
00C000
00C000
00C000
ENDCHAR
STARTCHAR uni1E5D
ENCODING 7773
SWIDTH 333 0
DWIDTH 9 0
BBX 7 23 2 -4
BITMAP
FE
FE
00
CE
9E
F0
E0
E0
C0
C0
C0
C0
C0
C0
C0
C0
C0
C0
C0
00
60
60
60
ENDCHAR
STARTCHAR uni1E5E
ENCODING 7774
SWIDTH 722 0
DWIDTH 21 0
BBX 17 25 3 -3
BITMAP
FFF800
FFFE00
C01E00
C00700
C00700
C00300
C00300
C00300
C00600
C00E00
FFF800
FFFC00
C00E00
C00E00
C00600
C00600
C00600
C00600
C00600
C00600
C00300
C00380
000000
07F000
07F000
ENDCHAR
STARTCHAR uni1E5F
ENCODING 7775
SWIDTH 333 0
DWIDTH 9 0
BBX 9 19 0 -3
BITMAP
3380
3780
3C00
3800
3800
3000
3000
3000
3000
3000
3000
3000
3000
3000
3000
3000
0000
FE00
FE00
ENDCHAR
STARTCHAR uni1E60
ENCODING 7776
SWIDTH 667 0
DWIDTH 19 0
BBX 17 26 1 0
BITMAP
00C000
00C000
00C000
000000
07F800
1FFE00
380F00
700700
600300
600300
600000
700000
7C0000
3FC000
1FDC00
01FE00
003F00
000780
000380
C00180
E00180
600180
700380
380F00
3FFF00
0FFC00
ENDCHAR
STARTCHAR uni1E61
ENCODING 7777
SWIDTH 500 0
DWIDTH 14 0
BBX 12 20 1 0
BITMAP
0600
0600
0600
0000
1F80
7FE0
E0E0
C060
C000
E000
7E00
3FC0
0FE0
00F0
0030
C030
C030
E070
7FE0
1F80
ENDCHAR
STARTCHAR uni1E62
ENCODING 7778
SWIDTH 667 0
DWIDTH 19 0
BBX 17 26 1 -4
BITMAP
07F800
1FFE00
380F00
700700
600300
600300
600000
700000
7C0000
3FC000
1FDC00
01FE00
003F00
000780
000380
C00180
E00180
600180
700380
380F00
3FFF00
0FFC00
000000
00C000
00C000
00C000
ENDCHAR
STARTCHAR uni1E63
ENCODING 7779
SWIDTH 500 0
DWIDTH 14 0
BBX 12 20 1 -4
BITMAP
1F80
7FE0
E0E0
C060
C000
E000
7E00
3FC0
0FE0
00F0
0030
C030
C030
E070
7FE0
1F80
0000
0600
0600
0600
ENDCHAR
STARTCHAR uni1E64
ENCODING 7780
SWIDTH 667 0
DWIDTH 19 0
BBX 17 31 1 0
BITMAP
006000
006000
006000
000000
003800
003000
006000
00C000
000000
07F800
1FFE00
380F00
700700
600300
600300
600000
700000
7C0000
3FC000
1FDC00
01FE00
003F00
000780
000380
C00180
E00180
600180
700380
380F00
3FFF00
0FFC00
ENDCHAR
STARTCHAR uni1E65
ENCODING 7781
SWIDTH 500 0
DWIDTH 14 0
BBX 12 25 1 0
BITMAP
0600
0600
0600
0000
0380
0300
0600
0C00
0000
1F80
7FE0
E0E0
C060
C000
E000
7E00
3FC0
0FE0
00F0
0030
C030
C030
E070
7FE0
1F80
ENDCHAR
STARTCHAR uni1E66
ENCODING 7782
SWIDTH 667 0
DWIDTH 19 0
BBX 17 31 1 0
BITMAP
006000
006000
006000
000000
071C00
03B800
01F000
00E000
000000
07F800
1FFE00
380F00
700700
600300
600300
600000
700000
7C0000
3FC000
1FDC00
01FE00
003F00
000780
000380
C00180
E00180
600180
700380
380F00
3FFF00
0FFC00
ENDCHAR
STARTCHAR uni1E67
ENCODING 7783
SWIDTH 500 0
DWIDTH 14 0
BBX 12 25 1 0
BITMAP
0600
0600
0600
0000
71C0
3B80
1F00
0E00
0000
1F80
7FE0
E0E0
C060
C000
E000
7E00
3FC0
0FE0
00F0
0030
C030
C030
E070
7FE0
1F80
ENDCHAR
STARTCHAR uni1E68
ENCODING 7784
SWIDTH 667 0
DWIDTH 19 0
BBX 17 30 1 -4
BITMAP
00C000
00C000
00C000
000000
07F800
1FFE00
380F00
700700
600300
600300
600000
700000
7C0000
3FC000
1FDC00
01FE00
003F00
000780
000380
C00180
E00180
600180
700380
380F00
3FFF00
0FFC00
000000
00C000
00C000
00C000
ENDCHAR
STARTCHAR uni1E69
ENCODING 7785
SWIDTH 500 0
DWIDTH 14 0
BBX 12 24 1 -4
BITMAP
0600
0600
0600
0000
1F80
7FE0
E0E0
C060
C000
E000
7E00
3FC0
0FE0
00F0
0030
C030
C030
E070
7FE0
1F80
0000
0600
0600
0600
ENDCHAR
STARTCHAR uni1E6A
ENCODING 7786
SWIDTH 611 0
DWIDTH 18 0
BBX 16 26 1 0
BITMAP
0180
0180
0180
0000
FFFF
FFFF
0180
0180
0180
0180
0180
0180
0180
0180
0180
0180
0180
0180
0180
0180
0180
0180
0180
0180
0180
0180
ENDCHAR
STARTCHAR uni1E6B
ENCODING 7787
SWIDTH 278 0
DWIDTH 8 0
BBX 7 25 1 0
BITMAP
30
30
30
00
30
30
30
30
30
FC
FC
20
20
30
30
30
30
30
30
30
30
30
30
3C
1E
ENDCHAR
STARTCHAR uni1E6C
ENCODING 7788
SWIDTH 611 0
DWIDTH 18 0
BBX 16 26 1 -4
BITMAP
FFFF
FFFF
0180
0180
0180
0180
0180
0180
0180
0180
0180
0180
0180
0180
0180
0180
0180
0180
0180
0180
0180
0180
0000
0180
0180
0180
ENDCHAR
STARTCHAR uni1E6D
ENCODING 7789
SWIDTH 278 0
DWIDTH 8 0
BBX 7 25 1 -4
BITMAP
30
30
30
30
30
FC
FC
20
20
30
30
30
30
30
30
30
30
30
30
3C
1E
00
18
18
18
ENDCHAR
STARTCHAR uni1E6E
ENCODING 7790
SWIDTH 611 0
DWIDTH 18 0
BBX 16 25 1 -3
BITMAP
FFFF
FFFF
0180
0180
0180
0180
0180
0180
0180
0180
0180
0180
0180
0180
0180
0180
0180
0180
0180
0180
0180
0180
0000
07F0
07F0
ENDCHAR
STARTCHAR uni1E6F
ENCODING 7791
SWIDTH 278 0
DWIDTH 8 0
BBX 7 24 1 -3
BITMAP
30
30
30
30
30
FC
FC
20
20
30
30
30
30
30
30
30
30
30
30
3C
1E
00
FE
FE
ENDCHAR
STARTCHAR uni1E70
ENCODING 7792
SWIDTH 611 0
DWIDTH 18 0
BBX 16 27 1 -5
BITMAP
FFFF
FFFF
0180
0180
0180
0180
0180
0180
0180
0180
0180
0180
0180
0180
0180
0180
0180
0180
0180
0180
0180
0180
0000
01C0
03E0
0770
0E38
ENDCHAR
STARTCHAR uni1E71
ENCODING 7793
SWIDTH 278 0
DWIDTH 8 0
BBX 9 26 0 -5
BITMAP
1800
1800
1800
1800
1800
7E00
7E00
1000
1000
1800
1800
1800
1800
1800
1800
1800
1800
1800
1800
1E00
0F00
0000
1C00
3E00
7700
E380
ENDCHAR
STARTCHAR uni1E72
ENCODING 7794
SWIDTH 722 0
DWIDTH 21 0
BBX 15 26 3 -4
BITMAP
C006
C006
C006
C006
C006
C006
C006
C006
C006
C006
C006
C006
C006
C006
C006
C006
C006
C006
600C
783C
3FF8
0FE0
0000
0C60
0C60
0C60
ENDCHAR
STARTCHAR uni1E73
ENCODING 7795
SWIDTH 556 0
DWIDTH 16 0
BBX 12 20 2 -4
BITMAP
C030
C030
C030
C030
C030
C030
C030
C030
C030
C030
C030
C070
C070
E0F0
7FB0
3F30
0000
18C0
18C0
18C0
ENDCHAR
STARTCHAR uni1E74
ENCODING 7796
SWIDTH 722 0
DWIDTH 21 0
BBX 15 26 3 -4
BITMAP
C006
C006
C006
C006
C006
C006
C006
C006
C006
C006
C006
C006
C006
C006
C006
C006
C006
C006
600C
783C
3FF8
0FE0
0000
0E30
1FF0
18E0
ENDCHAR
STARTCHAR uni1E75
ENCODING 7797
SWIDTH 556 0
DWIDTH 16 0
BBX 12 20 2 -4
BITMAP
C030
C030
C030
C030
C030
C030
C030
C030
C030
C030
C030
C070
C070
E0F0
7FB0
3F30
0000
1C60
3FE0
31C0
ENDCHAR
STARTCHAR uni1E76
ENCODING 7798
SWIDTH 722 0
DWIDTH 21 0
BBX 15 27 3 -5
BITMAP
C006
C006
C006
C006
C006
C006
C006
C006
C006
C006
C006
C006
C006
C006
C006
C006
C006
C006
600C
783C
3FF8
0FE0
0000
0380
07C0
0EE0
1C70
ENDCHAR
STARTCHAR uni1E77
ENCODING 7799
SWIDTH 556 0
DWIDTH 16 0
BBX 12 21 2 -5
BITMAP
C030
C030
C030
C030
C030
C030
C030
C030
C030
C030
C030
C070
C070
E0F0
7FB0
3F30
0000
0700
0F80
1DC0
38E0
ENDCHAR
STARTCHAR uni1E78
ENCODING 7800
SWIDTH 722 0
DWIDTH 21 0
BBX 15 31 3 0
BITMAP
00E0
00C0
0180
0300
0000
0E30
1FF0
18E0
0000
C006
C006
C006
C006
C006
C006
C006
C006
C006
C006
C006
C006
C006
C006
C006
C006
C006
C006
600C
783C
3FF8
0FE0
ENDCHAR
STARTCHAR uni1E79
ENCODING 7801
SWIDTH 556 0
DWIDTH 16 0
BBX 12 25 2 0
BITMAP
01C0
0180
0300
0600
0000
1C60
3FE0
31C0
0000
C030
C030
C030
C030
C030
C030
C030
C030
C030
C030
C030
C070
C070
E0F0
7FB0
3F30
ENDCHAR
STARTCHAR uni1E7A
ENCODING 7802
SWIDTH 722 0
DWIDTH 21 0
BBX 15 30 3 0
BITMAP
0C60
0C60
0C60
0000
0000
0FE0
0FE0
0000
C006
C006
C006
C006
C006
C006
C006
C006
C006
C006
C006
C006
C006
C006
C006
C006
C006
C006
600C
783C
3FF8
0FE0
ENDCHAR
STARTCHAR uni1E7B
ENCODING 7803
SWIDTH 556 0
DWIDTH 16 0
BBX 12 24 2 0
BITMAP
18C0
18C0
18C0
0000
0000
1FC0
1FC0
0000
C030
C030
C030
C030
C030
C030
C030
C030
C030
C030
C030
C070
C070
E0F0
7FB0
3F30
ENDCHAR
STARTCHAR uni1E7C
ENCODING 7804
SWIDTH 667 0
DWIDTH 19 0
BBX 17 26 1 0
BITMAP
071800
0FF800
0C7000
000000
C00180
C00180
C00180
600300
600300
600300
300600
300600
300600
180C00
180C00
180C00
0C1800
0C1800
0C1800
063000
063000
063000
036000
036000
036000
01C000
ENDCHAR
STARTCHAR uni1E7D
ENCODING 7805
SWIDTH 500 0
DWIDTH 14 0
BBX 13 20 0 0
BITMAP
1C60
3FE0
31C0
0000
C018
C018
6030
6030
6030
3060
3060
3060
18C0
18C0
18C0
0D80
0D80
0D80
0700
0700
ENDCHAR
STARTCHAR uni1E7E
ENCODING 7806
SWIDTH 667 0
DWIDTH 19 0
BBX 17 26 1 -4
BITMAP
C00180
C00180
C00180
600300
600300
600300
300600
300600
300600
180C00
180C00
180C00
0C1800
0C1800
0C1800
063000
063000
063000
036000
036000
036000
01C000
000000
00C000
00C000
00C000
ENDCHAR
STARTCHAR uni1E7F
ENCODING 7807
SWIDTH 500 0
DWIDTH 14 0
BBX 13 20 0 -4
BITMAP
C018
C018
6030
6030
6030
3060
3060
3060
18C0
18C0
18C0
0D80
0D80
0D80
0700
0700
0000
0300
0300
0300
ENDCHAR
STARTCHAR Wgrave
ENCODING 7808
SWIDTH 944 0
DWIDTH 28 0
BBX 26 27 1 0
BITMAP
00380000
00180000
000C0000
00060000
00000000
C01E00C0
C01E00C0
C03300C0
C03300C0
60330180
60330180
60618180
30618300
30618300
30618300
30C0C300
18C0C600
18C0C600
18C0C600
0D806C00
0D806C00
0D806C00
0D806C00
07003800
07003800
07003800
03003000
ENDCHAR
STARTCHAR wgrave
ENCODING 7809
SWIDTH 722 0
DWIDTH 21 0
BBX 20 21 0 0
BITMAP
01C000
00C000
006000
003000
000000
C06030
C06030
606060
60F060
60F060
3198C0
3198C0
3198C0
199980
1B0D80
1B0D80
0B0F00
0F0700
0E0700
060600
060600
ENDCHAR
STARTCHAR Wacute
ENCODING 7810
SWIDTH 944 0
DWIDTH 28 0
BBX 26 27 1 0
BITMAP
00038000
00030000
00060000
000C0000
00000000
C01E00C0
C01E00C0
C03300C0
C03300C0
60330180
60330180
60618180
30618300
30618300
30618300
30C0C300
18C0C600
18C0C600
18C0C600
0D806C00
0D806C00
0D806C00
0D806C00
07003800
07003800
07003800
03003000
ENDCHAR
STARTCHAR wacute
ENCODING 7811
SWIDTH 722 0
DWIDTH 21 0
BBX 20 21 0 0
BITMAP
001C00
001800
003000
006000
000000
C06030
C06030
606060
60F060
60F060
3198C0
3198C0
3198C0
199980
1B0D80
1B0D80
0B0F00
0F0700
0E0700
060600
060600
ENDCHAR
STARTCHAR Wdieresis
ENCODING 7812
SWIDTH 944 0
DWIDTH 28 0
BBX 26 27 1 0
BITMAP
00318000
00318000
00318000
00000000
00000000
C01E00C0
C01E00C0
C03300C0
C03300C0
60330180
60330180
60618180
30618300
30618300
30618300
30C0C300
18C0C600
18C0C600
18C0C600
0D806C00
0D806C00
0D806C00
0D806C00
07003800
07003800
07003800
03003000
ENDCHAR
STARTCHAR wdieresis
ENCODING 7813
SWIDTH 722 0
DWIDTH 21 0
BBX 20 21 0 0
BITMAP
018C00
018C00
018C00
000000
000000
C06030
C06030
606060
60F060
60F060
3198C0
3198C0
3198C0
199980
1B0D80
1B0D80
0B0F00
0F0700
0E0700
060600
060600
ENDCHAR
STARTCHAR uni1E86
ENCODING 7814
SWIDTH 944 0
DWIDTH 28 0
BBX 26 26 1 0
BITMAP
000C0000
000C0000
000C0000
00000000
C01E00C0
C01E00C0
C03300C0
C03300C0
60330180
60330180
60618180
30618300
30618300
30618300
30C0C300
18C0C600
18C0C600
18C0C600
0D806C00
0D806C00
0D806C00
0D806C00
07003800
07003800
07003800
03003000
ENDCHAR
STARTCHAR uni1E87
ENCODING 7815
SWIDTH 722 0
DWIDTH 21 0
BBX 20 20 0 0
BITMAP
006000
006000
006000
000000
C06030
C06030
606060
60F060
60F060
3198C0
3198C0
3198C0
199980
1B0D80
1B0D80
0B0F00
0F0700
0E0700
060600
060600
ENDCHAR
STARTCHAR uni1E88
ENCODING 7816
SWIDTH 944 0
DWIDTH 28 0
BBX 26 26 1 -4
BITMAP
C01E00C0
C01E00C0
C03300C0
C03300C0
60330180
60330180
60618180
30618300
30618300
30618300
30C0C300
18C0C600
18C0C600
18C0C600
0D806C00
0D806C00
0D806C00
0D806C00
07003800
07003800
07003800
03003000
00000000
000C0000
000C0000
000C0000
ENDCHAR
STARTCHAR uni1E89
ENCODING 7817
SWIDTH 722 0
DWIDTH 21 0
BBX 20 20 0 -4
BITMAP
C06030
C06030
606060
60F060
60F060
3198C0
3198C0
3198C0
199980
1B0D80
1B0D80
0B0F00
0F0700
0E0700
060600
060600
000000
006000
006000
006000
ENDCHAR
STARTCHAR uni1E8A
ENCODING 7818
SWIDTH 667 0
DWIDTH 19 0
BBX 17 26 1 0
BITMAP
00C000
00C000
00C000
000000
E00380
700700
700700
380E00
1C1C00
1C1C00
0E3800
077000
077000
03E000
01C000
008000
03E000
077000
077000
0E3800
1C1C00
1C1C00
380E00
700700
700700
E00380
ENDCHAR
STARTCHAR uni1E8B
ENCODING 7819
SWIDTH 500 0
DWIDTH 14 0
BBX 12 20 1 0
BITMAP
0600
0600
0600
0000
E070
70E0
70E0
39C0
39C0
1D80
0F00
0700
0E00
0700
1F80
39C0
39C0
70E0
70E0
E070
ENDCHAR
STARTCHAR uni1E8C
ENCODING 7820
SWIDTH 667 0
DWIDTH 19 0
BBX 17 27 1 0
BITMAP
063000
063000
063000
000000
000000
E00380
700700
700700
380E00
1C1C00
1C1C00
0E3800
077000
077000
03E000
01C000
008000
03E000
077000
077000
0E3800
1C1C00
1C1C00
380E00
700700
700700
E00380
ENDCHAR
STARTCHAR uni1E8D
ENCODING 7821
SWIDTH 500 0
DWIDTH 14 0
BBX 12 21 1 0
BITMAP
18C0
18C0
18C0
0000
0000
E070
70E0
70E0
39C0
39C0
1D80
0F00
0700
0E00
0700
1F80
39C0
39C0
70E0
70E0
E070
ENDCHAR
STARTCHAR uni1E8E
ENCODING 7822
SWIDTH 667 0
DWIDTH 19 0
BBX 18 26 1 0
BITMAP
00C000
00C000
00C000
000000
E001C0
700380
700380
380700
1C0E00
1C0E00
0E1C00
073800
073800
03F000
01E000
00C000
00C000
00C000
00C000
00C000
00C000
00C000
00C000
00C000
00C000
00C000
ENDCHAR
STARTCHAR uni1E8F
ENCODING 7823
SWIDTH 500 0
DWIDTH 14 0
BBX 13 26 1 -6
BITMAP
0300
0300
0300
0000
C018
C030
C030
6060
6060
60C0
30C0
30C0
1980
1980
1B00
0F00
0F00
0600
0600
0C00
0C00
1800
1800
1800
F800
F000
ENDCHAR
STARTCHAR uni1E90
ENCODING 7824
SWIDTH 611 0
DWIDTH 18 0
BBX 16 27 1 0
BITMAP
01C0
03E0
0770
0E38
0000
7FFF
7FFF
0007
0006
001C
001C
0038
0070
00E0
00E0
01C0
0380
0700
0700
0E00
1C00
3800
3800
7000
C000
FFFF
FFFF
ENDCHAR
STARTCHAR uni1E91
ENCODING 7825
SWIDTH 500 0
DWIDTH 14 0
BBX 12 21 1 0
BITMAP
0700
0F80
1DC0
38E0
0000
FFF0
FEF0
0070
00E0
01C0
01C0
0380
0700
0E00
1C00
3800
3800
3000
E000
FFF0
FFF0
ENDCHAR
STARTCHAR uni1E92
ENCODING 7826
SWIDTH 611 0
DWIDTH 18 0
BBX 16 26 1 -4
BITMAP
7FFF
7FFF
0007
0006
001C
001C
0038
0070
00E0
00E0
01C0
0380
0700
0700
0E00
1C00
3800
3800
7000
C000
FFFF
FFFF
0000
0180
0180
0180
ENDCHAR
STARTCHAR uni1E93
ENCODING 7827
SWIDTH 500 0
DWIDTH 14 0
BBX 12 20 1 -4
BITMAP
FFF0
FEF0
0070
00E0
01C0
01C0
0380
0700
0E00
1C00
3800
3800
3000
E000
FFF0
FFF0
0000
0600
0600
0600
ENDCHAR
STARTCHAR uni1E94
ENCODING 7828
SWIDTH 611 0
DWIDTH 18 0
BBX 16 25 1 -3
BITMAP
7FFF
7FFF
0007
0006
001C
001C
0038
0070
00E0
00E0
01C0
0380
0700
0700
0E00
1C00
3800
3800
7000
C000
FFFF
FFFF
0000
07F0
07F0
ENDCHAR
STARTCHAR uni1E95
ENCODING 7829
SWIDTH 500 0
DWIDTH 14 0
BBX 12 19 1 -3
BITMAP
FFF0
FEF0
0070
00E0
01C0
01C0
0380
0700
0E00
1C00
3800
3800
3000
E000
FFF0
FFF0
0000
1FC0
1FC0
ENDCHAR
STARTCHAR uni1E96
ENCODING 7830
SWIDTH 556 0
DWIDTH 16 0
BBX 12 25 2 -3
BITMAP
C000
C000
C000
C000
C000
C000
CFC0
CFE0
F070
E030
E030
C030
C030
C030
C030
C030
C030
C030
C030
C030
C030
C030
0000
1FC0
1FC0
ENDCHAR
STARTCHAR uni1E97
ENCODING 7831
SWIDTH 278 0
DWIDTH 8 0
BBX 7 26 1 0
BITMAP
C6
C6
C6
00
00
30
30
30
30
30
FC
FC
20
20
30
30
30
30
30
30
30
30
30
30
3C
1E
ENDCHAR
STARTCHAR uni1E98
ENCODING 7832
SWIDTH 722 0
DWIDTH 21 0
BBX 20 22 0 0
BITMAP
007000
00D800
008800
00D800
007000
000000
C06030
C06030
606060
60F060
60F060
3198C0
3198C0
3198C0
199980
1B0D80
1B0D80
0B0F00
0F0700
0E0700
060600
060600
ENDCHAR
STARTCHAR uni1E99
ENCODING 7833
SWIDTH 500 0
DWIDTH 14 0
BBX 13 28 1 -6
BITMAP
0700
0D80
0880
0D80
0700
0000
C018
C030
C030
6060
6060
60C0
30C0
30C0
1980
1980
1B00
0F00
0F00
0600
0600
0C00
0C00
1800
1800
1800
F800
F000
ENDCHAR
STARTCHAR uni1EA0
ENCODING 7840
SWIDTH 667 0
DWIDTH 20 0
BBX 18 26 1 -4
BITMAP
01E000
03F000
033000
033000
061800
061800
061800
0C0C00
0C0C00
0C0C00
180600
180600
180600
3FFF00
3FFF00
300300
600180
600180
600180
C000C0
C000C0
C000C0
000000
00C000
00C000
00C000
ENDCHAR
STARTCHAR uni1EA1
ENCODING 7841
SWIDTH 556 0
DWIDTH 16 0
BBX 13 20 1 -4
BITMAP
1FC0
7FE0
7070
6030
0030
0030
03F0
3FF0
7C30
E030
C030
C030
C070
E0F0
7F30
3E38
0000
0300
0300
0300
ENDCHAR
STARTCHAR uni1EA4
ENCODING 7844
SWIDTH 667 0
DWIDTH 20 0
BBX 18 32 1 0
BITMAP
003800
003000
006000
00C000
000000
00E000
01F000
03B800
071C00
000000
01E000
03F000
033000
033000
061800
061800
061800
0C0C00
0C0C00
0C0C00
180600
180600
180600
3FFF00
3FFF00
300300
600180
600180
600180
C000C0
C000C0
C000C0
ENDCHAR
STARTCHAR uni1EA5
ENCODING 7845
SWIDTH 556 0
DWIDTH 16 0
BBX 13 26 1 0
BITMAP
01C0
0180
0300
0600
0000
0700
0F80
1DC0
38E0
0000
1FC0
7FE0
7070
6030
0030
0030
03F0
3FF0
7C30
E030
C030
C030
C070
E0F0
7F30
3E38
ENDCHAR
STARTCHAR uni1EA6
ENCODING 7846
SWIDTH 667 0
DWIDTH 20 0
BBX 18 32 1 0
BITMAP
038000
018000
00C000
006000
000000
00E000
01F000
03B800
071C00
000000
01E000
03F000
033000
033000
061800
061800
061800
0C0C00
0C0C00
0C0C00
180600
180600
180600
3FFF00
3FFF00
300300
600180
600180
600180
C000C0
C000C0
C000C0
ENDCHAR
STARTCHAR uni1EA7
ENCODING 7847
SWIDTH 556 0
DWIDTH 16 0
BBX 13 26 1 0
BITMAP
1C00
0C00
0600
0300
0000
0700
0F80
1DC0
38E0
0000
1FC0
7FE0
7070
6030
0030
0030
03F0
3FF0
7C30
E030
C030
C030
C070
E0F0
7F30
3E38
ENDCHAR
STARTCHAR uni1EAA
ENCODING 7850
SWIDTH 667 0
DWIDTH 20 0
BBX 18 31 1 0
BITMAP
038C00
07FC00
063800
000000
00E000
01F000
03B800
071C00
000000
01E000
03F000
033000
033000
061800
061800
061800
0C0C00
0C0C00
0C0C00
180600
180600
180600
3FFF00
3FFF00
300300
600180
600180
600180
C000C0
C000C0
C000C0
ENDCHAR
STARTCHAR uni1EAB
ENCODING 7851
SWIDTH 556 0
DWIDTH 16 0
BBX 13 25 1 0
BITMAP
1C60
3FE0
31C0
0000
0700
0F80
1DC0
38E0
0000
1FC0
7FE0
7070
6030
0030
0030
03F0
3FF0
7C30
E030
C030
C030
C070
E0F0
7F30
3E38
ENDCHAR
STARTCHAR uni1EAC
ENCODING 7852
SWIDTH 667 0
DWIDTH 20 0
BBX 18 31 1 -4
BITMAP
00E000
01F000
03B800
071C00
000000
01E000
03F000
033000
033000
061800
061800
061800
0C0C00
0C0C00
0C0C00
180600
180600
180600
3FFF00
3FFF00
300300
600180
600180
600180
C000C0
C000C0
C000C0
000000
00C000
00C000
00C000
ENDCHAR
STARTCHAR uni1EAD
ENCODING 7853
SWIDTH 556 0
DWIDTH 16 0
BBX 13 25 1 -4
BITMAP
0700
0F80
1DC0
38E0
0000
1FC0
7FE0
7070
6030
0030
0030
03F0
3FF0
7C30
E030
C030
C030
C070
E0F0
7F30
3E38
0000
0300
0300
0300
ENDCHAR
STARTCHAR uni1EAE
ENCODING 7854
SWIDTH 667 0
DWIDTH 20 0
BBX 18 32 1 0
BITMAP
003800
003000
006000
00C000
000000
060C00
031800
03F800
01F000
000000
01E000
03F000
033000
033000
061800
061800
061800
0C0C00
0C0C00
0C0C00
180600
180600
180600
3FFF00
3FFF00
300300
600180
600180
600180
C000C0
C000C0
C000C0
ENDCHAR
STARTCHAR uni1EAF
ENCODING 7855
SWIDTH 556 0
DWIDTH 16 0
BBX 13 26 1 0
BITMAP
01C0
0180
0300
0600
0000
3060
18C0
1FC0
0F80
0000
1FC0
7FE0
7070
6030
0030
0030
03F0
3FF0
7C30
E030
C030
C030
C070
E0F0
7F30
3E38
ENDCHAR
STARTCHAR uni1EB0
ENCODING 7856
SWIDTH 667 0
DWIDTH 20 0
BBX 18 32 1 0
BITMAP
038000
018000
00C000
006000
000000
060C00
031800
03F800
01F000
000000
01E000
03F000
033000
033000
061800
061800
061800
0C0C00
0C0C00
0C0C00
180600
180600
180600
3FFF00
3FFF00
300300
600180
600180
600180
C000C0
C000C0
C000C0
ENDCHAR
STARTCHAR uni1EB1
ENCODING 7857
SWIDTH 556 0
DWIDTH 16 0
BBX 13 26 1 0
BITMAP
1C00
0C00
0600
0300
0000
3060
18C0
1FC0
0F80
0000
1FC0
7FE0
7070
6030
0030
0030
03F0
3FF0
7C30
E030
C030
C030
C070
E0F0
7F30
3E38
ENDCHAR
STARTCHAR uni1EB4
ENCODING 7860
SWIDTH 667 0
DWIDTH 20 0
BBX 18 31 1 0
BITMAP
038C00
07FC00
063800
000000
060C00
031800
03F800
01F000
000000
01E000
03F000
033000
033000
061800
061800
061800
0C0C00
0C0C00
0C0C00
180600
180600
180600
3FFF00
3FFF00
300300
600180
600180
600180
C000C0
C000C0
C000C0
ENDCHAR
STARTCHAR uni1EB5
ENCODING 7861
SWIDTH 556 0
DWIDTH 16 0
BBX 13 25 1 0
BITMAP
1C60
3FE0
31C0
0000
3060
18C0
1FC0
0F80
0000
1FC0
7FE0
7070
6030
0030
0030
03F0
3FF0
7C30
E030
C030
C030
C070
E0F0
7F30
3E38
ENDCHAR
STARTCHAR uni1EB6
ENCODING 7862
SWIDTH 667 0
DWIDTH 20 0
BBX 18 31 1 -4
BITMAP
060C00
031800
03F800
01F000
000000
01E000
03F000
033000
033000
061800
061800
061800
0C0C00
0C0C00
0C0C00
180600
180600
180600
3FFF00
3FFF00
300300
600180
600180
600180
C000C0
C000C0
C000C0
000000
00C000
00C000
00C000
ENDCHAR
STARTCHAR uni1EB7
ENCODING 7863
SWIDTH 556 0
DWIDTH 16 0
BBX 13 25 1 -4
BITMAP
3060
18C0
1FC0
0F80
0000
1FC0
7FE0
7070
6030
0030
0030
03F0
3FF0
7C30
E030
C030
C030
C070
E0F0
7F30
3E38
0000
0300
0300
0300
ENDCHAR
STARTCHAR uni1EB8
ENCODING 7864
SWIDTH 667 0
DWIDTH 19 0
BBX 15 26 3 -4
BITMAP
FFFC
FFFC
C000
C000
C000
C000
C000
C000
C000
FFF8
FFF8
C000
C000
C000
C000
C000
C000
C000
C000
C000
FFFE
FFFE
0000
0300
0300
0300
ENDCHAR
STARTCHAR uni1EB9
ENCODING 7865
SWIDTH 556 0
DWIDTH 16 0
BBX 14 20 1 -4
BITMAP
0FC0
3FF0
7038
6018
6018
C00C
C00C
FFFC
FFFC
C000
C000
6018
6018
7038
3FF0
0FC0
0000
0300
0300
0300
ENDCHAR
STARTCHAR uni1EBC
ENCODING 7868
SWIDTH 667 0
DWIDTH 19 0
BBX 15 26 3 0
BITMAP
1C60
3FE0
31C0
0000
FFFC
FFFC
C000
C000
C000
C000
C000
C000
C000
FFF8
FFF8
C000
C000
C000
C000
C000
C000
C000
C000
C000
FFFE
FFFE
ENDCHAR
STARTCHAR uni1EBD
ENCODING 7869
SWIDTH 556 0
DWIDTH 16 0
BBX 14 20 1 0
BITMAP
0E30
1FF0
18E0
0000
0FC0
3FF0
7038
6018
6018
C00C
C00C
FFFC
FFFC
C000
C000
6018
6018
7038
3FF0
0FC0
ENDCHAR
STARTCHAR uni1EBE
ENCODING 7870
SWIDTH 667 0
DWIDTH 19 0
BBX 15 32 3 0
BITMAP
01C0
0180
0300
0600
0000
0700
0F80
1DC0
38E0
0000
FFFC
FFFC
C000
C000
C000
C000
C000
C000
C000
FFF8
FFF8
C000
C000
C000
C000
C000
C000
C000
C000
C000
FFFE
FFFE
ENDCHAR
STARTCHAR uni1EBF
ENCODING 7871
SWIDTH 556 0
DWIDTH 16 0
BBX 14 26 1 0
BITMAP
00E0
00C0
0180
0300
0000
0380
07C0
0EE0
1C70
0000
0FC0
3FF0
7038
6018
6018
C00C
C00C
FFFC
FFFC
C000
C000
6018
6018
7038
3FF0
0FC0
ENDCHAR
STARTCHAR uni1EC0
ENCODING 7872
SWIDTH 667 0
DWIDTH 19 0
BBX 15 32 3 0
BITMAP
1C00
0C00
0600
0300
0000
0700
0F80
1DC0
38E0
0000
FFFC
FFFC
C000
C000
C000
C000
C000
C000
C000
FFF8
FFF8
C000
C000
C000
C000
C000
C000
C000
C000
C000
FFFE
FFFE
ENDCHAR
STARTCHAR uni1EC1
ENCODING 7873
SWIDTH 556 0
DWIDTH 16 0
BBX 14 26 1 0
BITMAP
0E00
0600
0300
0180
0000
0380
07C0
0EE0
1C70
0000
0FC0
3FF0
7038
6018
6018
C00C
C00C
FFFC
FFFC
C000
C000
6018
6018
7038
3FF0
0FC0
ENDCHAR
STARTCHAR uni1EC4
ENCODING 7876
SWIDTH 667 0
DWIDTH 19 0
BBX 15 31 3 0
BITMAP
1C60
3FE0
31C0
0000
0700
0F80
1DC0
38E0
0000
FFFC
FFFC
C000
C000
C000
C000
C000
C000
C000
FFF8
FFF8
C000
C000
C000
C000
C000
C000
C000
C000
C000
FFFE
FFFE
ENDCHAR
STARTCHAR uni1EC5
ENCODING 7877
SWIDTH 556 0
DWIDTH 16 0
BBX 14 25 1 0
BITMAP
0E30
1FF0
18E0
0000
0380
07C0
0EE0
1C70
0000
0FC0
3FF0
7038
6018
6018
C00C
C00C
FFFC
FFFC
C000
C000
6018
6018
7038
3FF0
0FC0
ENDCHAR
STARTCHAR uni1EC6
ENCODING 7878
SWIDTH 667 0
DWIDTH 19 0
BBX 15 31 3 -4
BITMAP
0700
0F80
1DC0
38E0
0000
FFFC
FFFC
C000
C000
C000
C000
C000
C000
C000
FFF8
FFF8
C000
C000
C000
C000
C000
C000
C000
C000
C000
FFFE
FFFE
0000
0300
0300
0300
ENDCHAR
STARTCHAR uni1EC7
ENCODING 7879
SWIDTH 556 0
DWIDTH 16 0
BBX 14 25 1 -4
BITMAP
0380
07C0
0EE0
1C70
0000
0FC0
3FF0
7038
6018
6018
C00C
C00C
FFFC
FFFC
C000
C000
6018
6018
7038
3FF0
0FC0
0000
0300
0300
0300
ENDCHAR
STARTCHAR uni1ECA
ENCODING 7882
SWIDTH 278 0
DWIDTH 8 0
BBX 2 26 3 -4
BITMAP
C0
C0
C0
C0
C0
C0
C0
C0
C0
C0
C0
C0
C0
C0
C0
C0
C0
C0
C0
C0
C0
C0
00
C0
C0
C0
ENDCHAR
STARTCHAR uni1ECB
ENCODING 7883
SWIDTH 222 0
DWIDTH 6 0
BBX 2 26 2 -4
BITMAP
C0
C0
C0
00
00
00
C0
C0
C0
C0
C0
C0
C0
C0
C0
C0
C0
C0
C0
C0
C0
C0
00
C0
C0
C0
ENDCHAR
STARTCHAR uni1ECC
ENCODING 7884
SWIDTH 778 0
DWIDTH 22 0
BBX 20 26 1 -4
BITMAP
03FC00
0FFF00
1E0780
3801C0
7000E0
600060
E00070
C00030
C00030
C00030
C00030
C00030
C00030
C00030
C00030
E00070
600060
7000E0
3801C0
1E0780
0FFF00
03FC00
000000
006000
006000
006000
ENDCHAR
STARTCHAR uni1ECD
ENCODING 7885
SWIDTH 556 0
DWIDTH 16 0
BBX 14 20 1 -4
BITMAP
0FC0
3FF0
7038
6018
E01C
C00C
C00C
C00C
C00C
C00C
C00C
E01C
6018
7038
3FF0
0FC0
0000
0300
0300
0300
ENDCHAR
STARTCHAR uni1ED0
ENCODING 7888
SWIDTH 778 0
DWIDTH 22 0
BBX 20 32 1 0
BITMAP
001C00
001800
003000
006000
000000
007000
00F800
01DC00
038E00
000000
03FC00
0FFF00
1E0780
3801C0
7000E0
600060
E00070
C00030
C00030
C00030
C00030
C00030
C00030
C00030
C00030
E00070
600060
7000E0
3801C0
1E0780
0FFF00
03FC00
ENDCHAR
STARTCHAR uni1ED1
ENCODING 7889
SWIDTH 556 0
DWIDTH 16 0
BBX 14 26 1 0
BITMAP
00E0
00C0
0180
0300
0000
0380
07C0
0EE0
1C70
0000
0FC0
3FF0
7038
6018
E01C
C00C
C00C
C00C
C00C
C00C
C00C
E01C
6018
7038
3FF0
0FC0
ENDCHAR
STARTCHAR uni1ED2
ENCODING 7890
SWIDTH 778 0
DWIDTH 22 0
BBX 20 32 1 0
BITMAP
01C000
00C000
006000
003000
000000
007000
00F800
01DC00
038E00
000000
03FC00
0FFF00
1E0780
3801C0
7000E0
600060
E00070
C00030
C00030
C00030
C00030
C00030
C00030
C00030
C00030
E00070
600060
7000E0
3801C0
1E0780
0FFF00
03FC00
ENDCHAR
STARTCHAR uni1ED3
ENCODING 7891
SWIDTH 556 0
DWIDTH 16 0
BBX 14 26 1 0
BITMAP
0E00
0600
0300
0180
0000
0380
07C0
0EE0
1C70
0000
0FC0
3FF0
7038
6018
E01C
C00C
C00C
C00C
C00C
C00C
C00C
E01C
6018
7038
3FF0
0FC0
ENDCHAR
STARTCHAR uni1ED6
ENCODING 7894
SWIDTH 778 0
DWIDTH 22 0
BBX 20 31 1 0
BITMAP
01C600
03FE00
031C00
000000
007000
00F800
01DC00
038E00
000000
03FC00
0FFF00
1E0780
3801C0
7000E0
600060
E00070
C00030
C00030
C00030
C00030
C00030
C00030
C00030
C00030
E00070
600060
7000E0
3801C0
1E0780
0FFF00
03FC00
ENDCHAR
STARTCHAR uni1ED7
ENCODING 7895
SWIDTH 556 0
DWIDTH 16 0
BBX 14 25 1 0
BITMAP
0E30
1FF0
18E0
0000
0380
07C0
0EE0
1C70
0000
0FC0
3FF0
7038
6018
E01C
C00C
C00C
C00C
C00C
C00C
C00C
E01C
6018
7038
3FF0
0FC0
ENDCHAR
STARTCHAR uni1ED8
ENCODING 7896
SWIDTH 778 0
DWIDTH 22 0
BBX 20 31 1 -4
BITMAP
007000
00F800
01DC00
038E00
000000
03FC00
0FFF00
1E0780
3801C0
7000E0
600060
E00070
C00030
C00030
C00030
C00030
C00030
C00030
C00030
C00030
E00070
600060
7000E0
3801C0
1E0780
0FFF00
03FC00
000000
006000
006000
006000
ENDCHAR
STARTCHAR uni1ED9
ENCODING 7897
SWIDTH 556 0
DWIDTH 16 0
BBX 14 25 1 -4
BITMAP
0380
07C0
0EE0
1C70
0000
0FC0
3FF0
7038
6018
E01C
C00C
C00C
C00C
C00C
C00C
C00C
E01C
6018
7038
3FF0
0FC0
0000
0300
0300
0300
ENDCHAR
STARTCHAR uni1EDA
ENCODING 7898
SWIDTH 778 0
DWIDTH 22 0
BBX 21 27 1 0
BITMAP
001C00
001800
003000
006000
000018
03FC18
0FFF30
1E07C0
3801C0
7000E0
600060
E00070
C00030
C00030
C00030
C00030
C00030
C00030
C00030
C00030
E00070
600060
7000E0
3801C0
1E0780
0FFF00
03FC00
ENDCHAR
STARTCHAR uni1EDB
ENCODING 7899
SWIDTH 556 0
DWIDTH 16 0
BBX 15 21 1 0
BITMAP
00E0
00C0
0180
0306
0006
0FCC
3FF0
7038
6018
E01C
C00C
C00C
C00C
C00C
C00C
C00C
E01C
6018
7038
3FF0
0FC0
ENDCHAR
STARTCHAR uni1EDC
ENCODING 7900
SWIDTH 778 0
DWIDTH 22 0
BBX 21 27 1 0
BITMAP
01C000
00C000
006000
003000
000018
03FC18
0FFF30
1E07C0
3801C0
7000E0
600060
E00070
C00030
C00030
C00030
C00030
C00030
C00030
C00030
C00030
E00070
600060
7000E0
3801C0
1E0780
0FFF00
03FC00
ENDCHAR
STARTCHAR uni1EDD
ENCODING 7901
SWIDTH 556 0
DWIDTH 16 0
BBX 15 21 1 0
BITMAP
0E00
0600
0300
0186
0006
0FCC
3FF0
7038
6018
E01C
C00C
C00C
C00C
C00C
C00C
C00C
E01C
6018
7038
3FF0
0FC0
ENDCHAR
STARTCHAR uni1EE0
ENCODING 7904
SWIDTH 778 0
DWIDTH 22 0
BBX 21 26 1 0
BITMAP
01C600
03FE00
031C00
000018
03FC18
0FFF30
1E07C0
3801C0
7000E0
600060
E00070
C00030
C00030
C00030
C00030
C00030
C00030
C00030
C00030
E00070
600060
7000E0
3801C0
1E0780
0FFF00
03FC00
ENDCHAR
STARTCHAR uni1EE1
ENCODING 7905
SWIDTH 556 0
DWIDTH 16 0
BBX 15 20 1 0
BITMAP
0E30
1FF0
18E6
0006
0FCC
3FF0
7038
6018
E01C
C00C
C00C
C00C
C00C
C00C
C00C
E01C
6018
7038
3FF0
0FC0
ENDCHAR
STARTCHAR uni1EE2
ENCODING 7906
SWIDTH 778 0
DWIDTH 22 0
BBX 21 27 1 -4
BITMAP
000018
03FC18
0FFF30
1E07C0
3801C0
7000E0
600060
E00070
C00030
C00030
C00030
C00030
C00030
C00030
C00030
C00030
E00070
600060
7000E0
3801C0
1E0780
0FFF00
03FC00
000000
006000
006000
006000
ENDCHAR
STARTCHAR uni1EE3
ENCODING 7907
SWIDTH 556 0
DWIDTH 16 0
BBX 15 22 1 -4
BITMAP
0006
0006
0FCC
3FF0
7038
6018
E01C
C00C
C00C
C00C
C00C
C00C
C00C
E01C
6018
7038
3FF0
0FC0
0000
0300
0300
0300
ENDCHAR
STARTCHAR uni1EE4
ENCODING 7908
SWIDTH 722 0
DWIDTH 21 0
BBX 15 26 3 -4
BITMAP
C006
C006
C006
C006
C006
C006
C006
C006
C006
C006
C006
C006
C006
C006
C006
C006
C006
C006
600C
783C
3FF8
0FE0
0000
0180
0180
0180
ENDCHAR
STARTCHAR uni1EE5
ENCODING 7909
SWIDTH 556 0
DWIDTH 16 0
BBX 12 20 2 -4
BITMAP
C030
C030
C030
C030
C030
C030
C030
C030
C030
C030
C030
C070
C070
E0F0
7FB0
3F30
0000
0600
0600
0600
ENDCHAR
STARTCHAR uni1EE8
ENCODING 7912
SWIDTH 722 0
DWIDTH 21 0
BBX 18 27 3 0
BITMAP
00E000
00C000
018000
030000
0000C0
C006C0
C00780
C00600
C00600
C00200
C00200
C00600
C00600
C00600
C00600
C00600
C00600
C00600
C00600
C00600
C00600
C00600
C00600
600C00
783C00
3FF800
0FE000
ENDCHAR
STARTCHAR uni1EE9
ENCODING 7913
SWIDTH 556 0
DWIDTH 17 0
BBX 15 21 2 0
BITMAP
01C0
0180
0300
0606
0006
C03C
C030
C030
C030
C010
C010
C030
C030
C030
C030
C030
C030
C030
E070
7FB0
3F30
ENDCHAR
STARTCHAR uni1EEA
ENCODING 7914
SWIDTH 722 0
DWIDTH 21 0
BBX 18 27 3 0
BITMAP
0E0000
060000
030000
018000
0000C0
C006C0
C00780
C00600
C00600
C00200
C00200
C00600
C00600
C00600
C00600
C00600
C00600
C00600
C00600
C00600
C00600
C00600
C00600
600C00
783C00
3FF800
0FE000
ENDCHAR
STARTCHAR uni1EEB
ENCODING 7915
SWIDTH 556 0
DWIDTH 17 0
BBX 15 21 2 0
BITMAP
1C00
0C00
0600
0306
0006
C03C
C030
C030
C030
C010
C010
C030
C030
C030
C030
C030
C030
C030
E070
7FB0
3F30
ENDCHAR
STARTCHAR uni1EEE
ENCODING 7918
SWIDTH 722 0
DWIDTH 21 0
BBX 18 26 3 0
BITMAP
0E3000
1FF000
18E000
0000C0
C006C0
C00780
C00600
C00600
C00200
C00200
C00600
C00600
C00600
C00600
C00600
C00600
C00600
C00600
C00600
C00600
C00600
C00600
600C00
783C00
3FF800
0FE000
ENDCHAR
STARTCHAR uni1EEF
ENCODING 7919
SWIDTH 556 0
DWIDTH 17 0
BBX 15 20 2 0
BITMAP
1C60
3FE0
31C6
0006
C03C
C030
C030
C030
C010
C010
C030
C030
C030
C030
C030
C030
C030
E070
7FB0
3F30
ENDCHAR
STARTCHAR uni1EF0
ENCODING 7920
SWIDTH 722 0
DWIDTH 21 0
BBX 18 27 3 -4
BITMAP
0000C0
C006C0
C00780
C00600
C00600
C00200
C00200
C00600
C00600
C00600
C00600
C00600
C00600
C00600
C00600
C00600
C00600
C00600
C00600
600C00
783C00
3FF800
0FE000
000000
018000
018000
018000
ENDCHAR
STARTCHAR uni1EF1
ENCODING 7921
SWIDTH 556 0
DWIDTH 17 0
BBX 15 22 2 -4
BITMAP
0006
0006
C03C
C030
C030
C030
C010
C010
C030
C030
C030
C030
C030
C030
C030
E070
7FB0
3F30
0000
0600
0600
0600
ENDCHAR
STARTCHAR Ygrave
ENCODING 7922
SWIDTH 667 0
DWIDTH 19 0
BBX 18 27 1 0
BITMAP
038000
018000
00C000
006000
000000
E001C0
700380
700380
380700
1C0E00
1C0E00
0E1C00
073800
073800
03F000
01E000
00C000
00C000
00C000
00C000
00C000
00C000
00C000
00C000
00C000
00C000
00C000
ENDCHAR
STARTCHAR ygrave
ENCODING 7923
SWIDTH 500 0
DWIDTH 14 0
BBX 13 27 1 -6
BITMAP
1C00
0C00
0600
0300
0000
C018
C030
C030
6060
6060
60C0
30C0
30C0
1980
1980
1B00
0F00
0F00
0600
0600
0C00
0C00
1800
1800
1800
F800
F000
ENDCHAR
STARTCHAR uni1EF4
ENCODING 7924
SWIDTH 667 0
DWIDTH 19 0
BBX 18 26 1 -4
BITMAP
E001C0
700380
700380
380700
1C0E00
1C0E00
0E1C00
073800
073800
03F000
01E000
00C000
00C000
00C000
00C000
00C000
00C000
00C000
00C000
00C000
00C000
00C000
000000
00C000
00C000
00C000
ENDCHAR
STARTCHAR uni1EF5
ENCODING 7925
SWIDTH 500 0
DWIDTH 14 0
BBX 13 26 1 -10
BITMAP
C018
C030
C030
6060
6060
60C0
30C0
30C0
1980
1980
1B00
0F00
0F00
0600
0600
0C00
0C00
1800
1800
1800
F800
F000
0000
3000
3000
3000
ENDCHAR
STARTCHAR uni1EF8
ENCODING 7928
SWIDTH 667 0
DWIDTH 19 0
BBX 18 26 1 0
BITMAP
038C00
07FC00
063800
000000
E001C0
700380
700380
380700
1C0E00
1C0E00
0E1C00
073800
073800
03F000
01E000
00C000
00C000
00C000
00C000
00C000
00C000
00C000
00C000
00C000
00C000
00C000
ENDCHAR
STARTCHAR uni1EF9
ENCODING 7929
SWIDTH 500 0
DWIDTH 14 0
BBX 13 26 1 -6
BITMAP
1C60
3FE0
31C0
0000
C018
C030
C030
6060
6060
60C0
30C0
30C0
1980
1980
1B00
0F00
0F00
0600
0600
0C00
0C00
1800
1800
1800
F800
F000
ENDCHAR
STARTCHAR uni2000
ENCODING 8192
SWIDTH 500 0
DWIDTH 14 0
BBX 1 1 0 0
BITMAP
00
ENDCHAR
STARTCHAR uni2001
ENCODING 8193
SWIDTH 1000 0
DWIDTH 29 0
BBX 1 1 0 0
BITMAP
00
ENDCHAR
STARTCHAR uni2002
ENCODING 8194
SWIDTH 500 0
DWIDTH 14 0
BBX 1 1 0 0
BITMAP
00
ENDCHAR
STARTCHAR uni2003
ENCODING 8195
SWIDTH 1000 0
DWIDTH 29 0
BBX 1 1 0 0
BITMAP
00
ENDCHAR
STARTCHAR uni2004
ENCODING 8196
SWIDTH 333 0
DWIDTH 9 0
BBX 1 1 0 0
BITMAP
00
ENDCHAR
STARTCHAR uni2005
ENCODING 8197
SWIDTH 250 0
DWIDTH 7 0
BBX 1 1 0 0
BITMAP
00
ENDCHAR
STARTCHAR uni2006
ENCODING 8198
SWIDTH 167 0
DWIDTH 5 0
BBX 1 1 0 0
BITMAP
00
ENDCHAR
STARTCHAR uni2007
ENCODING 8199
SWIDTH 556 0
DWIDTH 16 0
BBX 1 1 0 0
BITMAP
00
ENDCHAR
STARTCHAR uni2008
ENCODING 8200
SWIDTH 278 0
DWIDTH 8 0
BBX 1 1 0 0
BITMAP
00
ENDCHAR
STARTCHAR uni2009
ENCODING 8201
SWIDTH 200 0
DWIDTH 6 0
BBX 1 1 0 0
BITMAP
00
ENDCHAR
STARTCHAR uni200A
ENCODING 8202
SWIDTH 100 0
DWIDTH 3 0
BBX 1 1 0 0
BITMAP
00
ENDCHAR
STARTCHAR uni200B
ENCODING 8203
SWIDTH 0 0
DWIDTH 0 0
BBX 1 1 0 0
BITMAP
00
ENDCHAR
STARTCHAR uni2010
ENCODING 8208
SWIDTH 333 0
DWIDTH 9 0
BBX 7 2 1 8
BITMAP
FE
FE
ENDCHAR
STARTCHAR uni2011
ENCODING 8209
SWIDTH 333 0
DWIDTH 9 0
BBX 7 2 1 8
BITMAP
FE
FE
ENDCHAR
STARTCHAR figuredash
ENCODING 8210
SWIDTH 556 0
DWIDTH 16 0
BBX 16 2 0 8
BITMAP
FFFF
FFFF
ENDCHAR
STARTCHAR endash
ENCODING 8211
SWIDTH 556 0
DWIDTH 16 0
BBX 16 2 0 8
BITMAP
FFFF
FFFF
ENDCHAR
STARTCHAR emdash
ENCODING 8212
SWIDTH 1000 0
DWIDTH 29 0
BBX 29 2 0 8
BITMAP
FFFFFFF8
FFFFFFF8
ENDCHAR
STARTCHAR afii00208
ENCODING 8213
SWIDTH 1000 0
DWIDTH 29 0
BBX 29 2 0 8
BITMAP
FFFFFFF8
FFFFFFF8
ENDCHAR
STARTCHAR quoteleft
ENCODING 8216
SWIDTH 222 0
DWIDTH 6 0
BBX 3 7 2 15
BITMAP
60
C0
80
80
C0
C0
C0
ENDCHAR
STARTCHAR quoteright
ENCODING 8217
SWIDTH 222 0
DWIDTH 6 0
BBX 3 7 1 15
BITMAP
60
60
60
20
20
60
C0
ENDCHAR
STARTCHAR quotesinglbase
ENCODING 8218
SWIDTH 222 0
DWIDTH 6 0
BBX 3 7 1 -4
BITMAP
60
60
60
20
20
60
C0
ENDCHAR
STARTCHAR quotereversed
ENCODING 8219
SWIDTH 222 0
DWIDTH 6 0
BBX 3 7 1 15
BITMAP
C0
C0
C0
80
80
C0
60
ENDCHAR
STARTCHAR quotedblleft
ENCODING 8220
SWIDTH 333 0
DWIDTH 9 0
BBX 7 7 1 15
BITMAP
66
CC
88
88
CC
CC
CC
ENDCHAR
STARTCHAR quotedblright
ENCODING 8221
SWIDTH 333 0
DWIDTH 9 0
BBX 7 7 1 15
BITMAP
66
66
66
22
22
66
CC
ENDCHAR
STARTCHAR quotedblbase
ENCODING 8222
SWIDTH 333 0
DWIDTH 9 0
BBX 7 7 1 -4
BITMAP
66
66
66
22
22
66
CC
ENDCHAR
STARTCHAR uni201F
ENCODING 8223
SWIDTH 333 0
DWIDTH 9 0
BBX 7 7 1 15
BITMAP
CC
CC
CC
88
88
CC
66
ENDCHAR
STARTCHAR dagger
ENCODING 8224
SWIDTH 556 0
DWIDTH 16 0
BBX 14 27 1 -5
BITMAP
0300
0300
0300
0300
0300
0300
FFFC
FB7C
0300
0300
0300
0300
0300
0300
0300
0300
0300
0300
0300
0300
0300
0300
0300
0300
0300
0300
0300
ENDCHAR
STARTCHAR daggerdbl
ENCODING 8225
SWIDTH 556 0
DWIDTH 16 0
BBX 14 27 1 -5
BITMAP
0300
0300
0300
0300
0300
0300
FFFC
F77C
0300
0300
0300
0300
0300
0300
0300
0300
0300
0300
0300
F77C
FFFC
0300
0300
0300
0300
0300
0300
ENDCHAR
STARTCHAR bullet
ENCODING 8226
SWIDTH 350 0
DWIDTH 10 0
BBX 8 8 1 7
BITMAP
3C
7E
FF
FF
FF
FF
7E
3C
ENDCHAR
STARTCHAR ellipsis
ENCODING 8230
SWIDTH 1000 0
DWIDTH 29 0
BBX 22 3 4 0
BITMAP
C0300C
C0300C
C0300C
ENDCHAR
STARTCHAR perthousand
ENCODING 8240
SWIDTH 1000 0
DWIDTH 29 0
BBX 29 22 0 0
BITMAP
1C030000
7F060000
63060000
C18C0000
C18C0000
C1980000
63180000
7F300000
1C300000
00600000
00600000
00C00000
00C00000
018701C0
019FC7F0
0318C630
03306C18
06306C18
06306C18
0C18C630
0C1FC7F0
180701C0
ENDCHAR
STARTCHAR guilsinglleft
ENCODING 8249
SWIDTH 333 0
DWIDTH 9 0
BBX 5 9 2 4
BITMAP
18
38
70
E0
C0
E0
70
38
18
ENDCHAR
STARTCHAR guilsinglright
ENCODING 8250
SWIDTH 333 0
DWIDTH 9 0
BBX 5 9 2 4
BITMAP
C0
E0
70
38
18
38
70
E0
C0
ENDCHAR
STARTCHAR fraction
ENCODING 8260
SWIDTH 167 0
DWIDTH 5 0
BBX 15 22 -5 0
BITMAP
0006
000C
000C
0018
0018
0030
0060
0060
00C0
0180
0180
0300
0300
0600
0C00
0C00
1800
3000
3000
6000
6000
C000
ENDCHAR
STARTCHAR oneinferior
ENCODING 8321
SWIDTH 333 0
DWIDTH 9 0
BBX 5 13 1 -6
BITMAP
08
18
18
38
F8
18
18
18
18
18
18
18
18
ENDCHAR
STARTCHAR twoinferior
ENCODING 8322
SWIDTH 333 0
DWIDTH 9 0
BBX 9 13 0 -6
BITMAP
3E00
7F00
6300
C180
C180
C180
0300
0E00
3800
6000
C000
FF80
FF80
ENDCHAR
STARTCHAR threeinferior
ENCODING 8323
SWIDTH 333 0
DWIDTH 9 0
BBX 9 14 0 -6
BITMAP
3C00
7E00
E700
C300
C300
C300
1C00
0300
0180
8180
C180
C300
7F00
3C00
ENDCHAR
STARTCHAR uni20A5
ENCODING 8357
SWIDTH 833 0
DWIDTH 24 0
BBX 20 21 2 -2
BITMAP
000600
000600
000C00
CFCFC0
DFDFE0
F0F870
E01830
C01830
C03030
C03030
C03030
C03030
C06030
C06030
C06030
C0C030
C0C030
C0C030
C18030
018000
018000
ENDCHAR
STARTCHAR uni20A6
ENCODING 8358
SWIDTH 722 0
DWIDTH 21 0
BBX 17 22 2 0
BITMAP
E00180
F00180
F00180
D80180
9C0180
DC0180
CE0180
FFFF80
C70180
C38180
C1C180
C0C180
FFFF80
C07180
C07180
C03980
C01D80
C01D80
C00D80
C00780
C00380
C00380
ENDCHAR
STARTCHAR uni20A9
ENCODING 8361
SWIDTH 944 0
DWIDTH 28 0
BBX 26 22 1 0
BITMAP
C01E00C0
C01E00C0
C03300C0
C03300C0
60330180
60330180
60618180
FFFFFFC0
30618300
30618300
30C0C300
18C0C600
FFFFFFC0
18C0C600
0D806C00
0D806C00
0D806C00
0D806C00
07003800
07003800
07003800
03003000
ENDCHAR
STARTCHAR Euro
ENCODING 8364
SWIDTH 722 0
DWIDTH 16 0
BBX 15 22 2 0
BITMAP
01F8
07FE
0F0E
0C06
1C00
1800
1800
1000
FFF0
FFF0
1800
1000
DFE0
FFE0
1800
1800
1800
1C00
0C06
0F0E
07FE
01F8
ENDCHAR
STARTCHAR uni20AD
ENCODING 8365
SWIDTH 667 0
DWIDTH 19 0
BBX 16 22 2 0
BITMAP
C007
C00E
C01C
C038
C070
C0E0
C1C0
C380
C700
CE00
FFFF
FB80
D1C0
C1C0
C0E0
C070
C070
C038
C01C
C01C
C00E
C007
ENDCHAR
STARTCHAR uni2103
ENCODING 8451
SWIDTH 1102 0
DWIDTH 32 0
BBX 27 22 1 0
BITMAP
1C01FC00
7F07FF80
630F03C0
C18E01C0
C19C00E0
C19800E0
E3B80000
7F300000
1C300000
00300000
00300000
00300000
00300000
00300000
00300060
00380060
001800E0
001C00E0
000E01C0
000F03C0
0007FF00
0001FC00
ENDCHAR
STARTCHAR uni2109
ENCODING 8457
SWIDTH 991 0
DWIDTH 29 0
BBX 24 22 1 0
BITMAP
1C3FFF
7F3FFF
633000
C1B000
C1B000
C1B000
E3B000
7F3000
1C3000
003FFE
003FFE
003000
003000
003000
003000
003000
003000
003000
003000
003000
003000
003000
ENDCHAR
STARTCHAR trademark
ENCODING 8482
SWIDTH 1000 0
DWIDTH 29 0
BBX 26 13 1 9
BITMAP
FFCF03C0
FFCF03C0
0C0D02C0
0C0D86C0
0C0D86C0
0C0D86C0
0C0CCCC0
0C0CCCC0
0C0CCCC0
0C0C78C0
0C0C78C0
0C0C30C0
0C0C00C0
ENDCHAR
STARTCHAR uni212A
ENCODING 8490
SWIDTH 667 0
DWIDTH 19 0
BBX 16 22 2 0
BITMAP
C007
C00E
C01C
C038
C070
C0E0
C1C0
C380
C700
CF00
DB00
FB80
F1C0
C1C0
C0E0
C070
C070
C038
C01C
C01C
C00E
C007
ENDCHAR
STARTCHAR uni212B
ENCODING 8491
SWIDTH 667 0
DWIDTH 20 0
BBX 18 28 1 0
BITMAP
00E000
01B000
011000
01B000
00E000
000000
01E000
03F000
033000
033000
061800
061800
061800
0C0C00
0C0C00
0C0C00
180600
180600
180600
3FFF00
3FFF00
300300
600180
600180
600180
C000C0
C000C0
C000C0
ENDCHAR
STARTCHAR uni2132
ENCODING 8498
SWIDTH 611 0
DWIDTH 18 0
BBX 14 22 3 0
BITMAP
000C
000C
000C
000C
000C
000C
000C
000C
000C
000C
000C
7FFC
7FFC
000C
000C
000C
000C
000C
000C
000C
FFFC
FFFC
ENDCHAR
STARTCHAR universal
ENCODING 8704
SWIDTH 667 0
DWIDTH 20 0
BBX 18 22 1 0
BITMAP
C000C0
C000C0
C000C0
600180
600180
600180
200100
3FFF00
3FFF00
180600
180600
180600
0C0C00
0C0C00
0C0C00
061800
061800
061800
033000
033000
03F000
01E000
ENDCHAR
STARTCHAR existential
ENCODING 8707
SWIDTH 667 0
DWIDTH 19 0
BBX 15 22 3 0
BITMAP
7FFE
7FFE
0006
0006
0006
0006
0006
0006
0006
3FFE
3FFE
0006
0006
0006
0006
0006
0006
0006
0006
0006
FFFE
FFFE
ENDCHAR
STARTCHAR uni2204
ENCODING 8708
SWIDTH 667 0
DWIDTH 19 0
BBX 15 26 3 -2
BITMAP
0018
0030
7FB6
7FFE
0066
0066
0066
00C6
00C6
00C6
0186
3FBE
3DFE
0186
0306
0306
0306
0606
0606
0606
0C06
0C06
FFFE
DBFE
1800
1800
ENDCHAR
STARTCHAR minus
ENCODING 8722
SWIDTH 584 0
DWIDTH 17 0
BBX 14 2 1 6
BITMAP
FFFC
FFFC
ENDCHAR
STARTCHAR fraction
ENCODING 8725
SWIDTH 167 0
DWIDTH 5 0
BBX 15 22 -5 0
BITMAP
0006
000C
000C
0018
0018
0030
0060
0060
00C0
0180
0180
0300
0300
0600
0C00
0C00
1800
3000
3000
6000
6000
C000
ENDCHAR
STARTCHAR periodcentered
ENCODING 8729
SWIDTH 278 0
DWIDTH 8 0
BBX 2 3 3 7
BITMAP
C0
C0
C0
ENDCHAR
STARTCHAR uni2236
ENCODING 8758
SWIDTH 278 0
DWIDTH 8 0
BBX 2 16 4 0
BITMAP
C0
C0
C0
00
00
00
00
00
00
00
00
00
00
C0
C0
C0
ENDCHAR
STARTCHAR uni2259
ENCODING 8793
SWIDTH 584 0
DWIDTH 17 0
BBX 14 13 1 3
BITMAP
0700
0F80
1DC0
38E0
0000
FFFC
FFFC
0000
0000
0000
0000
FFFC
FFFC
ENDCHAR
STARTCHAR uni225A
ENCODING 8794
SWIDTH 584 0
DWIDTH 17 0
BBX 14 13 1 3
BITMAP
38E0
1DC0
0F80
0700
0000
FFFC
FFFC
0000
0000
0000
0000
FFFC
FFFC
ENDCHAR
STARTCHAR notequal
ENCODING 8800
SWIDTH 584 0
DWIDTH 17 0
BBX 14 16 1 -1
BITMAP
00C0
00C0
0180
0180
FDFC
FF7C
0300
0300
0300
0600
F7FC
FDFC
0C00
0C00
0C00
1800
ENDCHAR
STARTCHAR equivalence
ENCODING 8801
SWIDTH 584 0
DWIDTH 17 0
BBX 14 14 1 3
BITMAP
FFFC
FFFC
0000
0000
0000
0000
FFFC
FFFC
0000
0000
0000
0000
FFFC
FFFC
ENDCHAR
STARTCHAR uni2262
ENCODING 8802
SWIDTH 584 0
DWIDTH 17 0
BBX 14 21 1 0
BITMAP
0060
0060
00C0
00C0
FFFC
FDBC
0180
0180
0300
0300
FFFC
F6FC
0600
0600
0600
0C00
EDFC
FFFC
1800
1800
1800
ENDCHAR
STARTCHAR lessequal
ENCODING 8804
SWIDTH 584 0
DWIDTH 17 0
BBX 15 17 1 0
BITMAP
000E
003E
00F8
03E0
0F80
3E00
F800
F000
3E00
0F80
03E0
00F8
003E
000E
0000
FFFE
FFFE
ENDCHAR
STARTCHAR greaterequal
ENCODING 8805
SWIDTH 584 0
DWIDTH 17 0
BBX 15 17 1 0
BITMAP
E000
F800
3E00
0F80
03E0
00F8
003E
001E
00F8
03E0
0F80
3E00
F800
E000
0000
FFFE
FFFE
ENDCHAR
STARTCHAR uni226E
ENCODING 8814
SWIDTH 584 0
DWIDTH 17 0
BBX 15 22 1 -4
BITMAP
0030
0030
0060
0060
006E
00EE
0078
03E0
0F80
3D80
F180
F180
3F00
0F80
01E0
06F8
063E
060E
0C00
0C00
0C00
1800
ENDCHAR
STARTCHAR uni226F
ENCODING 8815
SWIDTH 584 0
DWIDTH 17 0
BBX 15 21 1 -3
BITMAP
0060
0060
00C0
00C0
E0C0
F980
3F80
0F00
01E0
03F8
031E
031E
06F8
07E0
0E80
2E00
FC00
EC00
1800
1800
1800
ENDCHAR
STARTCHAR uni2270
ENCODING 8816
SWIDTH 584 0
DWIDTH 17 0
BBX 15 25 1 -4
BITMAP
0018
0030
0030
0030
006E
007E
00E8
03E0
0EC0
3EC0
F180
F980
0F80
0F00
01E0
03F8
033E
060E
0600
FFFE
EDFE
0C00
0C00
1800
1800
ENDCHAR
STARTCHAR uni2271
ENCODING 8817
SWIDTH 584 0
DWIDTH 17 0
BBX 15 25 1 -4
BITMAP
0018
0030
0030
0030
E060
F860
3E60
0FC0
03E0
0078
019E
01BE
01E0
03A0
0F80
3B00
FB00
E600
0600
FFFE
EDFE
0C00
0C00
1800
1800
ENDCHAR
ENDFONT
