STARTFONT 2.1
COMMENT Helvetica 22px strike for CrossPoint Reader, filling the gap between
COMMENT the X.org Adobe 100dpi 14pt (20px) and 18pt (25px) strikes.
COMMENT Grid-fitted from URW Nimbus outlines, then hand-tuned pixel by pixel to
COMMENT the conventions of the Adobe strikes; accents composed from tuned parts.
FONT -CrossPoint-Helvetica-Medium-R-Normal--22-160-100-100-P-115-ISO10646-1
SIZE 16 100 100
FONTBOUNDINGBOX 25 34 -3 -8
STARTPROPERTIES 21
FOUNDRY "CrossPoint"
FAMILY_NAME "Helvetica"
WEIGHT_NAME "Medium"
SLANT "R"
SETWIDTH_NAME "Normal"
ADD_STYLE_NAME ""
PIXEL_SIZE 22
POINT_SIZE 160
RESOLUTION_X 100
RESOLUTION_Y 100
SPACING "P"
AVERAGE_WIDTH 115
CHARSET_REGISTRY "ISO10646"
CHARSET_ENCODING "1"
CAP_HEIGHT 17
X_HEIGHT 12
FONT_ASCENT 19
FONT_DESCENT 5
FACE_NAME "Helvetica"
DEFAULT_CHAR 0
FULL_NAME "Helvetica"
ENDPROPERTIES
CHARS 754
STARTCHAR char0
ENCODING 0
SWIDTH 722 0
DWIDTH 16 0
BBX 13 17 1 0
BITMAP
AAA8
0000
8008
0000
8008
0000
8008
0000
8008
0000
8008
0000
8008
0000
8008
0000
AAA8
ENDCHAR
STARTCHAR space
ENCODING 32
SWIDTH 278 0
DWIDTH 6 0
BBX 1 1 0 0
BITMAP
00
ENDCHAR
STARTCHAR exclam
ENCODING 33
SWIDTH 278 0
DWIDTH 6 0
BBX 2 17 2 0
BITMAP
C0
C0
C0
C0
C0
C0
C0
C0
C0
C0
C0
40
40
00
00
C0
C0
ENDCHAR
STARTCHAR quotedbl
ENCODING 34
SWIDTH 355 0
DWIDTH 8 0
BBX 6 5 1 12
BITMAP
CC
CC
CC
CC
CC
ENDCHAR
STARTCHAR numbersign
ENCODING 35
SWIDTH 556 0
DWIDTH 12 0
BBX 10 17 1 0
BITMAP
3180
3180
3180
3180
2100
EF40
FFC0
3180
3180
3180
3180
2100
EF40
FFC0
3180
3180
3180
ENDCHAR
STARTCHAR dollar
ENCODING 36
SWIDTH 556 0
DWIDTH 12 0
BBX 10 20 1 -2
BITMAP
0C00
1E00
7F80
E1C0
C0C0
C0C0
C000
F000
7E00
1F80
03C0
01C0
C0C0
C0C0
C0C0
E1C0
7F80
1E00
0C00
0C00
ENDCHAR
STARTCHAR percent
ENCODING 37
SWIDTH 889 0
DWIDTH 20 0
BBX 18 17 1 0
BITMAP
000C00
381800
7C1800
C63000
C63000
C66000
C66000
7CC000
38C000
018700
018F80
0318C0
0318C0
0618C0
0618C0
0C0F80
0C0700
ENDCHAR
STARTCHAR ampersand
ENCODING 38
SWIDTH 667 0
DWIDTH 15 0
BBX 14 17 1 0
BITMAP
0F00
1F80
39C0
30C0
30C0
3980
1B00
1E00
3718
7318
6198
C0F0
C060
C0F0
E198
7F8C
3E00
ENDCHAR
STARTCHAR quotesingle
ENCODING 39
SWIDTH 191 0
DWIDTH 4 0
BBX 2 5 1 12
BITMAP
C0
C0
C0
C0
C0
ENDCHAR
STARTCHAR parenleft
ENCODING 40
SWIDTH 333 0
DWIDTH 7 0
BBX 5 22 1 -5
BITMAP
18
18
30
30
30
60
60
60
C0
C0
C0
C0
C0
C0
60
60
60
30
30
30
18
18
ENDCHAR
STARTCHAR parenright
ENCODING 41
SWIDTH 333 0
DWIDTH 7 0
BBX 5 22 1 -5
BITMAP
C0
C0
60
60
60
30
30
30
18
18
18
18
18
18
30
30
30
60
60
60
C0
C0
ENDCHAR
STARTCHAR asterisk
ENCODING 42
SWIDTH 389 0
DWIDTH 8 0
BBX 6 6 1 11
BITMAP
30
30
B4
FC
48
48
ENDCHAR
STARTCHAR plus
ENCODING 43
SWIDTH 584 0
DWIDTH 13 0
BBX 10 10 1 0
BITMAP
0C00
0C00
0C00
0800
FBC0
FFC0
0C00
0C00
0C00
0C00
ENDCHAR
STARTCHAR comma
ENCODING 44
SWIDTH 278 0
DWIDTH 6 0
BBX 2 5 2 -3
BITMAP
C0
C0
40
40
80
ENDCHAR
STARTCHAR hyphen
ENCODING 45
SWIDTH 333 0
DWIDTH 7 0
BBX 5 2 1 5
BITMAP
F8
F8
ENDCHAR
STARTCHAR period
ENCODING 46
SWIDTH 278 0
DWIDTH 6 0
BBX 2 2 2 0
BITMAP
C0
C0
ENDCHAR
STARTCHAR slash
ENCODING 47
SWIDTH 278 0
DWIDTH 6 0
BBX 6 17 0 0
BITMAP
0C
0C
0C
18
18
18
18
30
30
30
60
60
60
60
C0
C0
C0
ENDCHAR
STARTCHAR zero
ENCODING 48
SWIDTH 556 0
DWIDTH 12 0
BBX 10 16 1 0
BITMAP
1E00
7F80
6180
E1C0
C0C0
C0C0
C0C0
C0C0
C0C0
C0C0
C0C0
C0C0
E1C0
6180
7F80
1E00
ENDCHAR
STARTCHAR one
ENCODING 49
SWIDTH 556 0
DWIDTH 12 0
BBX 6 16 2 0
BITMAP
0C
1C
7C
EC
0C
0C
0C
0C
0C
0C
0C
0C
0C
0C
0C
0C
ENDCHAR
STARTCHAR two
ENCODING 50
SWIDTH 556 0
DWIDTH 12 0
BBX 10 16 1 0
BITMAP
1E00
7F80
6180
E1C0
C0C0
00C0
01C0
0380
0F00
1C00
3800
7000
E000
C000
FFC0
FFC0
ENDCHAR
STARTCHAR three
ENCODING 51
SWIDTH 556 0
DWIDTH 12 0
BBX 10 16 1 0
BITMAP
3E00
7F00
E380
C180
0180
0380
0F00
0F80
0180
01C0
00C0
C0C0
E1C0
6180
7F80
1E00
ENDCHAR
STARTCHAR four
ENCODING 52
SWIDTH 556 0
DWIDTH 12 0
BBX 10 16 1 0
BITMAP
0300
0700
0F00
1B00
1B00
3B00
3300
6300
E300
C300
F9C0
FFC0
0300
0300
0300
0300
ENDCHAR
STARTCHAR five
ENCODING 53
SWIDTH 556 0
DWIDTH 12 0
BBX 10 16 1 0
BITMAP
7F80
7F80
6000
6000
6000
7E00
7F80
6180
01C0
00C0
00C0
C0C0
E1C0
6180
7F80
1E00
ENDCHAR
STARTCHAR six
ENCODING 54
SWIDTH 556 0
DWIDTH 12 0
BBX 10 16 1 0
BITMAP
1E00
7F80
6180
E0C0
C000
CF00
DF80
E180
C1C0
C0C0
C0C0
C0C0
E1C0
6180
7F80
1E00
ENDCHAR
STARTCHAR seven
ENCODING 55
SWIDTH 556 0
DWIDTH 12 0
BBX 10 16 1 0
BITMAP
FFC0
FFC0
00C0
0180
0380
0300
0600
0600
0C00
0C00
1C00
1800
1800
3800
3000
3000
ENDCHAR
STARTCHAR eight
ENCODING 56
SWIDTH 556 0
DWIDTH 12 0
BBX 10 16 1 0
BITMAP
1E00
7F80
6180
6180
6180
7380
3F00
7F80
E1C0
C0C0
C0C0
C0C0
E1C0
6180
7F80
1E00
ENDCHAR
STARTCHAR nine
ENCODING 57
SWIDTH 556 0
DWIDTH 12 0
BBX 10 16 1 0
BITMAP
1E00
7F80
6180
E1C0
C0C0
C0C0
C0C0
E0C0
61C0
7EC0
3CC0
00C0
C1C0
6180
7F80
1E00
ENDCHAR
STARTCHAR colon
ENCODING 58
SWIDTH 278 0
DWIDTH 6 0
BBX 2 12 2 0
BITMAP
C0
C0
00
00
00
00
00
00
00
00
C0
C0
ENDCHAR
STARTCHAR semicolon
ENCODING 59
SWIDTH 278 0
DWIDTH 6 0
BBX 2 15 2 -3
BITMAP
C0
C0
00
00
00
00
00
00
00
00
C0
C0
40
40
80
ENDCHAR
STARTCHAR less
ENCODING 60
SWIDTH 584 0
DWIDTH 13 0
BBX 10 10 1 0
BITMAP
01C0
0780
1E00
7800
E000
E000
7800
1E00
0780
01C0
ENDCHAR
STARTCHAR equal
ENCODING 61
SWIDTH 584 0
DWIDTH 13 0
BBX 10 6 1 2
BITMAP
FFC0
FFC0
0000
0000
FFC0
FFC0
ENDCHAR
STARTCHAR greater
ENCODING 62
SWIDTH 584 0
DWIDTH 13 0
BBX 10 10 1 0
BITMAP
E000
7800
1E00
0780
01C0
01C0
0780
1E00
7800
E000
ENDCHAR
STARTCHAR question
ENCODING 63
SWIDTH 556 0
DWIDTH 12 0
BBX 10 17 1 0
BITMAP
1E00
7F80
6180
E1C0
C0C0
00C0
01C0
0380
0700
0E00
0C00
0C00
0C00
0000
0000
0C00
0C00
ENDCHAR
STARTCHAR at
ENCODING 64
SWIDTH 1015 0
DWIDTH 22 0
BBX 20 20 1 -3
BITMAP
01F800
07FE00
1C0380
3801C0
7000E0
60F660
C38E30
C60C30
C60C30
C60C30
C60C30
C60C60
C61860
C738C0
E3EF80
600000
700000
3C0C00
0FFC00
03F800
ENDCHAR
STARTCHAR A
ENCODING 65
SWIDTH 667 0
DWIDTH 15 0
BBX 13 17 1 0
BITMAP
0700
0700
0D80
0D80
18C0
18C0
18C0
3060
3060
3060
7FF0
7FF0
4010
C018
C018
C018
C018
ENDCHAR
STARTCHAR B
ENCODING 66
SWIDTH 667 0
DWIDTH 15 0
BBX 12 17 2 0
BITMAP
FF80
FFC0
C0E0
C060
C060
C060
C0E0
FFC0
FFE0
C070
C030
C030
C030
C030
C070
FFE0
FFC0
ENDCHAR
STARTCHAR C
ENCODING 67
SWIDTH 722 0
DWIDTH 16 0
BBX 14 17 1 0
BITMAP
07C0
1FF0
3838
701C
600C
E000
C000
C000
C000
C000
C000
E00C
600C
701C
3838
1FF0
07C0
ENDCHAR
STARTCHAR D
ENCODING 68
SWIDTH 722 0
DWIDTH 16 0
BBX 13 17 2 0
BITMAP
FF00
FFC0
C0E0
C070
C030
C038
C018
C018
C018
C018
C018
C038
C030
C070
C0E0
FFC0
FF00
ENDCHAR
STARTCHAR E
ENCODING 69
SWIDTH 667 0
DWIDTH 15 0
BBX 12 17 2 0
BITMAP
FFE0
FFE0
C000
C000
C000
C000
C000
FFE0
FFE0
C000
C000
C000
C000
C000
C000
FFF0
FFF0
ENDCHAR
STARTCHAR F
ENCODING 70
SWIDTH 611 0
DWIDTH 13 0
BBX 11 17 2 0
BITMAP
FFE0
FFE0
C000
C000
C000
C000
C000
FFC0
FFC0
C000
C000
C000
C000
C000
C000
C000
C000
ENDCHAR
STARTCHAR G
ENCODING 71
SWIDTH 778 0
DWIDTH 17 0
BBX 15 17 1 0
BITMAP
07C0
1FF0
3838
701C
600C
E000
C000
C000
C0FE
C0FE
C006
E006
6006
701E
3836
1FF6
07C6
ENDCHAR
STARTCHAR H
ENCODING 72
SWIDTH 722 0
DWIDTH 16 0
BBX 12 17 2 0
BITMAP
C030
C030
C030
C030
C030
C030
C030
FFF0
FFF0
C030
C030
C030
C030
C030
C030
C030
C030
ENDCHAR
STARTCHAR I
ENCODING 73
SWIDTH 278 0
DWIDTH 6 0
BBX 2 17 2 0
BITMAP
C0
C0
C0
C0
C0
C0
C0
C0
C0
C0
C0
C0
C0
C0
C0
C0
C0
ENDCHAR
STARTCHAR J
ENCODING 74
SWIDTH 500 0
DWIDTH 11 0
BBX 8 17 1 0
BITMAP
03
03
03
03
03
03
03
03
03
03
03
03
C3
C3
E7
7E
3C
ENDCHAR
STARTCHAR K
ENCODING 75
SWIDTH 667 0
DWIDTH 15 0
BBX 13 17 2 0
BITMAP
C070
C0E0
C1C0
C380
C700
CE00
DC00
F800
CE00
C700
C380
C380
C1C0
C0E0
C0E0
C070
C038
ENDCHAR
STARTCHAR L
ENCODING 76
SWIDTH 556 0
DWIDTH 12 0
BBX 10 17 2 0
BITMAP
C000
C000
C000
C000
C000
C000
C000
C000
C000
C000
C000
C000
C000
C000
C000
FFC0
FFC0
ENDCHAR
STARTCHAR M
ENCODING 77
SWIDTH 833 0
DWIDTH 18 0
BBX 16 17 1 0
BITMAP
F00F
D81B
D81B
D81B
D81B
CC33
CC33
CC33
CC33
C663
C663
C663
C663
C3C3
C3C3
C183
C183
ENDCHAR
STARTCHAR N
ENCODING 78
SWIDTH 722 0
DWIDTH 16 0
BBX 12 17 2 0
BITMAP
E030
E030
E030
9830
DC30
CC30
CE30
C630
C730
C330
C3B0
C1B0
C1B0
C0B0
C070
C070
C030
ENDCHAR
STARTCHAR O
ENCODING 79
SWIDTH 778 0
DWIDTH 17 0
BBX 15 17 1 0
BITMAP
07C0
1FF0
3838
701C
600C
E00E
C006
C006
C006
C006
C006
E00E
600C
701C
3838
1FF0
07C0
ENDCHAR
STARTCHAR P
ENCODING 80
SWIDTH 667 0
DWIDTH 15 0
BBX 12 17 2 0
BITMAP
FF80
FFC0
C0E0
C070
C030
C030
C070
C0E0
FFC0
FF80
C000
C000
C000
C000
C000
C000
C000
ENDCHAR
STARTCHAR Q
ENCODING 81
SWIDTH 778 0
DWIDTH 17 0
BBX 15 18 1 -1
BITMAP
07C0
1FF0
3838
701C
600C
E00E
C006
C006
C006
C006
C006
E00E
60EC
707C
3818
1FFC
07CE
0006
ENDCHAR
STARTCHAR R
ENCODING 82
SWIDTH 722 0
DWIDTH 16 0
BBX 13 17 2 0
BITMAP
FF80
FFC0
C0E0
C070
C030
C030
C070
C0E0
FFC0
FFE0
C070
C030
C030
C030
C030
C030
C038
ENDCHAR
STARTCHAR S
ENCODING 83
SWIDTH 667 0
DWIDTH 15 0
BBX 13 17 1 0
BITMAP
0FC0
3FE0
7070
6030
6030
6000
7800
3F00
0FC0
01F0
0070
C038
C018
C018
E038
7FF0
1FC0
ENDCHAR
STARTCHAR T
ENCODING 84
SWIDTH 611 0
DWIDTH 13 0
BBX 12 17 0 0
BITMAP
FFF0
FFF0
0600
0600
0600
0600
0600
0600
0600
0600
0600
0600
0600
0600
0600
0600
0600
ENDCHAR
STARTCHAR U
ENCODING 85
SWIDTH 722 0
DWIDTH 16 0
BBX 12 17 2 0
BITMAP
C030
C030
C030
C030
C030
C030
C030
C030
C030
C030
C030
C030
C030
E070
6060
7FE0
1F80
ENDCHAR
STARTCHAR V
ENCODING 86
SWIDTH 667 0
DWIDTH 15 0
BBX 13 17 1 0
BITMAP
C018
C018
E038
6030
6030
7070
3060
3060
38E0
18C0
18C0
1DC0
0D80
0D80
0700
0700
0700
ENDCHAR
STARTCHAR W
ENCODING 87
SWIDTH 944 0
DWIDTH 21 0
BBX 19 17 1 0
BITMAP
C0E060
C0E060
C0E060
61B0C0
61B0C0
61B0C0
61B0C0
6318C0
331980
331980
331980
360D80
360D80
360D80
1C0700
1C0700
0C0600
ENDCHAR
STARTCHAR X
ENCODING 88
SWIDTH 667 0
DWIDTH 15 0
BBX 13 17 1 0
BITMAP
6030
7070
3060
18C0
1DC0
0D80
0D80
0700
0700
0D80
0D80
1DC0
18C0
3060
3060
6030
E038
ENDCHAR
STARTCHAR Y
ENCODING 89
SWIDTH 667 0
DWIDTH 15 0
BBX 13 17 1 0
BITMAP
C018
E038
6030
3060
3060
18C0
18C0
0D80
0F80
0700
0300
0300
0300
0300
0300
0300
0300
ENDCHAR
STARTCHAR Z
ENCODING 90
SWIDTH 611 0
DWIDTH 13 0
BBX 11 17 1 0
BITMAP
FFE0
FFE0
0060
01C0
01C0
0380
0700
0700
0E00
1C00
1C00
3800
7000
6000
C000
FFE0
FFE0
ENDCHAR
STARTCHAR bracketleft
ENCODING 91
SWIDTH 278 0
DWIDTH 6 0
BBX 4 22 1 -5
BITMAP
F0
F0
C0
C0
C0
C0
C0
C0
C0
C0
C0
C0
C0
C0
C0
C0
C0
C0
C0
C0
F0
F0
ENDCHAR
STARTCHAR backslash
ENCODING 92
SWIDTH 278 0
DWIDTH 6 0
BBX 6 17 0 0
BITMAP
C0
C0
C0
60
60
60
60
30
30
30
18
18
18
18
0C
0C
0C
ENDCHAR
STARTCHAR bracketright
ENCODING 93
SWIDTH 278 0
DWIDTH 6 0
BBX 4 22 1 -5
BITMAP
F0
F0
30
30
30
30
30
30
30
30
30
30
30
30
30
30
30
30
30
30
F0
F0
ENDCHAR
STARTCHAR asciicircum
ENCODING 94
SWIDTH 469 0
DWIDTH 10 0
BBX 8 8 1 9
BITMAP
18
3C
66
66
66
C3
C3
C3
ENDCHAR
STARTCHAR underscore
ENCODING 95
SWIDTH 556 0
DWIDTH 12 0
BBX 12 2 0 -5
BITMAP
FFF0
FFF0
ENDCHAR
STARTCHAR grave
ENCODING 96
SWIDTH 333 0
DWIDTH 7 0
BBX 4 3 1 13
BITMAP
C0
60
30
ENDCHAR
STARTCHAR a
ENCODING 97
SWIDTH 556 0
DWIDTH 12 0
BBX 10 12 1 0
BITMAP
1E00
7F80
6180
0180
0D80
7F80
F180
C180
C180
E380
7DC0
3CC0
ENDCHAR
STARTCHAR b
ENCODING 98
SWIDTH 556 0
DWIDTH 12 0
BBX 10 17 1 0
BITMAP
C000
C000
C000
C000
C000
CF00
DF80
E180
C1C0
C0C0
C0C0
C0C0
C0C0
C1C0
E180
DF80
CF00
ENDCHAR
STARTCHAR c
ENCODING 99
SWIDTH 500 0
DWIDTH 11 0
BBX 9 12 1 0
BITMAP
1E00
7F80
6180
E180
C000
C000
C000
C000
E180
6180
7F80
1E00
ENDCHAR
STARTCHAR d
ENCODING 100
SWIDTH 556 0
DWIDTH 12 0
BBX 10 17 1 0
BITMAP
00C0
00C0
00C0
00C0
00C0
3CC0
7EC0
61C0
E0C0
C0C0
C0C0
C0C0
C0C0
E0C0
61C0
7EC0
3CC0
ENDCHAR
STARTCHAR e
ENCODING 101
SWIDTH 556 0
DWIDTH 12 0
BBX 10 12 1 0
BITMAP
1E00
7F80
6180
E1C0
C0C0
FFC0
DFC0
C000
E000
6180
7F80
1E00
ENDCHAR
STARTCHAR f
ENCODING 102
SWIDTH 278 0
DWIDTH 6 0
BBX 6 17 0 0
BITMAP
1C
3C
30
30
20
FC
FC
10
30
30
30
30
30
30
30
30
30
ENDCHAR
STARTCHAR g
ENCODING 103
SWIDTH 556 0
DWIDTH 12 0
BBX 10 17 1 -5
BITMAP
3CC0
7EC0
61C0
E0C0
C0C0
C0C0
C0C0
C0C0
E0C0
61C0
7EC0
3CC0
00C0
C0C0
E1C0
7F80
1E00
ENDCHAR
STARTCHAR h
ENCODING 104
SWIDTH 556 0
DWIDTH 12 0
BBX 9 17 1 0
BITMAP
C000
C000
C000
C000
C000
CF00
DF80
F180
E180
C180
C180
C180
C180
C180
C180
C180
C180
ENDCHAR
STARTCHAR i
ENCODING 105
SWIDTH 222 0
DWIDTH 5 0
BBX 2 17 1 0
BITMAP
C0
C0
00
00
00
C0
C0
C0
C0
C0
C0
C0
C0
C0
C0
C0
C0
ENDCHAR
STARTCHAR j
ENCODING 106
SWIDTH 222 0
DWIDTH 5 0
BBX 4 22 -1 -5
BITMAP
30
30
00
00
00
30
30
30
30
30
30
30
30
30
30
30
30
30
30
30
F0
E0
ENDCHAR
STARTCHAR k
ENCODING 107
SWIDTH 500 0
DWIDTH 11 0
BBX 10 17 1 0
BITMAP
C000
C000
C000
C000
C000
C380
C700
CE00
DC00
D800
FC00
C600
C700
C300
C380
C180
C0C0
ENDCHAR
STARTCHAR l
ENCODING 108
SWIDTH 222 0
DWIDTH 5 0
BBX 2 17 1 0
BITMAP
C0
C0
C0
C0
C0
C0
C0
C0
C0
C0
C0
C0
C0
C0
C0
C0
C0
ENDCHAR
STARTCHAR m
ENCODING 109
SWIDTH 833 0
DWIDTH 18 0
BBX 16 12 1 0
BITMAP
CF1E
DFBF
F1E3
E1C3
C183
C183
C183
C183
C183
C183
C183
C183
ENDCHAR
STARTCHAR n
ENCODING 110
SWIDTH 556 0
DWIDTH 12 0
BBX 9 12 1 0
BITMAP
CF00
DF80
F180
E180
C180
C180
C180
C180
C180
C180
C180
C180
ENDCHAR
STARTCHAR o
ENCODING 111
SWIDTH 556 0
DWIDTH 12 0
BBX 10 12 1 0
BITMAP
1E00
7F80
6180
E1C0
C0C0
C0C0
C0C0
C0C0
E1C0
6180
7F80
1E00
ENDCHAR
STARTCHAR p
ENCODING 112
SWIDTH 556 0
DWIDTH 12 0
BBX 10 17 1 -5
BITMAP
CF00
DF80
E180
C1C0
C0C0
C0C0
C0C0
C0C0
C1C0
E180
DF80
CF00
C000
C000
C000
C000
C000
ENDCHAR
STARTCHAR q
ENCODING 113
SWIDTH 556 0
DWIDTH 12 0
BBX 10 17 1 -5
BITMAP
3CC0
7EC0
61C0
E0C0
C0C0
C0C0
C0C0
C0C0
E0C0
61C0
7EC0
3CC0
00C0
00C0
00C0
00C0
00C0
ENDCHAR
STARTCHAR r
ENCODING 114
SWIDTH 333 0
DWIDTH 7 0
BBX 6 12 1 0
BITMAP
CC
DC
F0
E0
C0
C0
C0
C0
C0
C0
C0
C0
ENDCHAR
STARTCHAR s
ENCODING 115
SWIDTH 500 0
DWIDTH 11 0
BBX 9 12 1 0
BITMAP
3E00
7F00
E380
C000
F000
7C00
1F00
0780
0180
E380
7F00
3E00
ENDCHAR
STARTCHAR t
ENCODING 116
SWIDTH 278 0
DWIDTH 6 0
BBX 6 16 0 0
BITMAP
30
30
30
20
FC
FC
10
30
30
30
30
30
30
30
38
1C
ENDCHAR
STARTCHAR u
ENCODING 117
SWIDTH 556 0
DWIDTH 12 0
BBX 9 12 1 0
BITMAP
C180
C180
C180
C180
C180
C180
C180
C180
C380
C780
FD80
7980
ENDCHAR
STARTCHAR v
ENCODING 118
SWIDTH 500 0
DWIDTH 11 0
BBX 9 12 1 0
BITMAP
C180
C180
C180
6300
6300
6300
3600
3600
3600
1C00
1C00
1C00
ENDCHAR
STARTCHAR w
ENCODING 119
SWIDTH 722 0
DWIDTH 16 0
BBX 14 12 1 0
BITMAP
C30C
C30C
C30C
C78C
6798
6CD8
6CD8
6CD8
2CD0
3870
3870
3870
ENDCHAR
STARTCHAR x
ENCODING 120
SWIDTH 500 0
DWIDTH 11 0
BBX 9 12 1 0
BITMAP
C180
E380
7700
3600
3600
1C00
1C00
3600
3600
7700
E380
C180
ENDCHAR
STARTCHAR y
ENCODING 121
SWIDTH 500 0
DWIDTH 11 0
BBX 9 17 1 -5
BITMAP
C180
C180
C180
6300
6300
6300
3600
3600
3600
1C00
1C00
1800
1800
1800
3000
F000
E000
ENDCHAR
STARTCHAR z
ENCODING 122
SWIDTH 500 0
DWIDTH 11 0
BBX 9 12 1 0
BITMAP
FF80
FF80
0180
0700
0E00
1C00
1C00
3800
7000
C000
FF80
FF80
ENDCHAR
STARTCHAR braceleft
ENCODING 123
SWIDTH 334 0
DWIDTH 7 0
BBX 6 22 0 -5
BITMAP
0C
18
30
30
30
30
30
30
30
60
C0
C0
60
30
30
30
30
30
30
30
18
0C
ENDCHAR
STARTCHAR bar
ENCODING 124
SWIDTH 260 0
DWIDTH 6 0
BBX 2 22 2 -5
BITMAP
C0
C0
C0
C0
C0
C0
C0
C0
C0
C0
C0
C0
C0
C0
C0
C0
C0
C0
C0
C0
C0
C0
ENDCHAR
STARTCHAR braceright
ENCODING 125
SWIDTH 334 0
DWIDTH 7 0
BBX 6 22 1 -5
BITMAP
C0
60
30
30
30
30
30
30
30
18
0C
0C
18
30
30
30
30
30
30
30
60
C0
ENDCHAR
STARTCHAR asciitilde
ENCODING 126
SWIDTH 584 0
DWIDTH 13 0
BBX 10 4 1 6
BITMAP
70C0
F8C0
C7C0
C380
ENDCHAR
STARTCHAR space
ENCODING 160
SWIDTH 278 0
DWIDTH 6 0
BBX 1 1 0 0
BITMAP
00
ENDCHAR
STARTCHAR exclamdown
ENCODING 161
SWIDTH 333 0
DWIDTH 7 0
BBX 2 17 2 -5
BITMAP
C0
C0
00
00
40
40
C0
C0
C0
C0
C0
C0
C0
C0
C0
C0
C0
ENDCHAR
STARTCHAR cent
ENCODING 162
SWIDTH 556 0
DWIDTH 12 0
BBX 9 18 1 -3
BITMAP
0800
0800
0800
1E00
7F80
6980
E980
C800
C800
C800
C800
E980
6980
7F80
1E00
0800
0800
0800
ENDCHAR
STARTCHAR sterling
ENCODING 163
SWIDTH 556 0
DWIDTH 12 0
BBX 11 17 0 0
BITMAP
0F80
3FC0
70E0
6060
6060
6000
6000
6000
EF00
FF00
1800
1800
1800
3000
6000
7FE0
7FE0
ENDCHAR
STARTCHAR currency
ENCODING 164
SWIDTH 556 0
DWIDTH 12 0
BBX 10 8 1 4
BITMAP
EDC0
7F80
6180
6180
6180
6180
7F80
EDC0
ENDCHAR
STARTCHAR yen
ENCODING 165
SWIDTH 556 0
DWIDTH 12 0
BBX 12 17 0 0
BITMAP
C030
C030
6060
6060
30C0
30C0
1980
1980
7FE0
76E0
0600
0400
7DE0
7FE0
0600
0600
0600
ENDCHAR
STARTCHAR brokenbar
ENCODING 166
SWIDTH 260 0
DWIDTH 6 0
BBX 2 22 2 -5
BITMAP
C0
C0
C0
C0
C0
C0
C0
C0
C0
00
00
00
00
C0
C0
C0
C0
C0
C0
C0
C0
C0
ENDCHAR
STARTCHAR section
ENCODING 167
SWIDTH 556 0
DWIDTH 12 0
BBX 10 22 1 -5
BITMAP
1E00
3F00
7380
6180
6180
7000
3C00
DE00
C700
C380
C180
60C0
70C0
38C0
1EC0
0F00
0380
6180
6180
7380
3F00
1E00
ENDCHAR
STARTCHAR dieresis
ENCODING 168
SWIDTH 333 0
DWIDTH 7 0
BBX 6 2 0 14
BITMAP
CC
CC
ENDCHAR
STARTCHAR copyright
ENCODING 169
SWIDTH 737 0
DWIDTH 16 0
BBX 16 17 0 0
BITMAP
03C0
0C30
1008
2004
43C2
4662
8C31
8C01
8C01
8C01
8C31
4662
43C2
2004
1008
0C30
03C0
ENDCHAR
STARTCHAR ordfeminine
ENCODING 170
SWIDTH 370 0
DWIDTH 8 0
BBX 6 10 1 7
BITMAP
78
CC
0C
7C
CC
CC
7C
00
FC
FC
ENDCHAR
STARTCHAR guillemotleft
ENCODING 171
SWIDTH 556 0
DWIDTH 12 0
BBX 9 8 1 2
BITMAP
1980
3300
6600
CC00
CC00
6600
3300
1980
ENDCHAR
STARTCHAR logicalnot
ENCODING 172
SWIDTH 584 0
DWIDTH 13 0
BBX 10 8 1 2
BITMAP
FFC0
FFC0
00C0
00C0
00C0
00C0
00C0
00C0
ENDCHAR
STARTCHAR hyphen
ENCODING 173
SWIDTH 333 0
DWIDTH 7 0
BBX 5 2 1 5
BITMAP
F8
F8
ENDCHAR
STARTCHAR registered
ENCODING 174
SWIDTH 737 0
DWIDTH 16 0
BBX 16 17 0 0
BITMAP
03C0
0C30
1008
2004
47C2
4632
8631
87C1
86C1
8661
8661
4632
4632
2004
1008
0C30
03C0
ENDCHAR
STARTCHAR macron
ENCODING 175
SWIDTH 333 0
DWIDTH 7 0
BBX 6 2 0 13
BITMAP
FC
FC
ENDCHAR
STARTCHAR degree
ENCODING 176
SWIDTH 400 0
DWIDTH 9 0
BBX 6 6 1 10
BITMAP
78
CC
84
84
CC
78
ENDCHAR
STARTCHAR plusminus
ENCODING 177
SWIDTH 584 0
DWIDTH 13 0
BBX 10 14 1 0
BITMAP
0C00
0C00
0C00
0800
FBC0
FFC0
0C00
0C00
0C00
0C00
0000
0000
FFC0
FFC0
ENDCHAR
STARTCHAR twosuperior
ENCODING 178
SWIDTH 333 0
DWIDTH 7 0
BBX 6 10 0 7
BITMAP
78
FC
CC
0C
1C
38
70
C0
FC
FC
ENDCHAR
STARTCHAR threesuperior
ENCODING 179
SWIDTH 333 0
DWIDTH 7 0
BBX 6 10 0 7
BITMAP
78
FC
CC
0C
38
3C
0C
CC
FC
78
ENDCHAR
STARTCHAR acute
ENCODING 180
SWIDTH 333 0
DWIDTH 7 0
BBX 4 3 2 13
BITMAP
30
60
C0
ENDCHAR
STARTCHAR mu
ENCODING 181
SWIDTH 556 0
DWIDTH 12 0
BBX 9 17 1 -5
BITMAP
C180
C180
C180
C180
C180
C180
C180
C180
C380
C780
FD80
F980
C000
C000
C000
C000
C000
ENDCHAR
STARTCHAR paragraph
ENCODING 182
SWIDTH 537 0
DWIDTH 12 0
BBX 9 22 1 -5
BITMAP
7F80
FD80
FD80
FD80
FD80
FD80
FD80
7D80
3D80
0D80
0D80
0D80
0D80
0D80
0D80
0D80
0D80
0D80
0D80
0D80
0D80
0D80
ENDCHAR
STARTCHAR periodcentered
ENCODING 183
SWIDTH 278 0
DWIDTH 6 0
BBX 2 2 2 5
BITMAP
C0
C0
ENDCHAR
STARTCHAR cedilla
ENCODING 184
SWIDTH 333 0
DWIDTH 7 0
BBX 5 5 1 -5
BITMAP
20
38
18
18
F0
ENDCHAR
STARTCHAR onesuperior
ENCODING 185
SWIDTH 333 0
DWIDTH 7 0
BBX 4 10 1 7
BITMAP
30
70
F0
30
30
30
30
30
30
30
ENDCHAR
STARTCHAR ordmasculine
ENCODING 186
SWIDTH 365 0
DWIDTH 8 0
BBX 6 10 1 7
BITMAP
78
CC
CC
CC
CC
CC
78
00
FC
FC
ENDCHAR
STARTCHAR guillemotright
ENCODING 187
SWIDTH 556 0
DWIDTH 12 0
BBX 9 8 2 2
BITMAP
CC00
6600
3300
1980
1980
3300
6600
CC00
ENDCHAR
STARTCHAR onequarter
ENCODING 188
SWIDTH 834 0
DWIDTH 18 0
BBX 17 17 0 0
BITMAP
301800
701800
F03000
303000
306000
306000
30C000
30C300
318700
318F00
031B00
033200
063E80
063F80
0C0300
0C0300
180300
ENDCHAR
STARTCHAR onehalf
ENCODING 189
SWIDTH 834 0
DWIDTH 18 0
BBX 17 17 0 0
BITMAP
301800
701800
F03000
303000
306000
306000
30C000
30CF00
319F80
319980
030180
030380
060700
060E00
0C1800
0C1F80
181F80
ENDCHAR
STARTCHAR threequarters
ENCODING 190
SWIDTH 834 0
DWIDTH 18 0
BBX 17 17 0 0
BITMAP
781800
FC1800
CC3000
0C3000
386000
3C6000
0CC000
CCC300
FD8700
798F00
031B00
033200
063E80
063F80
0C0300
0C0300
180300
ENDCHAR
STARTCHAR questiondown
ENCODING 191
SWIDTH 611 0
DWIDTH 13 0
BBX 10 17 2 -5
BITMAP
0C00
0C00
0000
0000
0C00
0C00
0C00
1C00
3800
7000
E000
C000
C0C0
E1C0
6180
7F80
1E00
ENDCHAR
STARTCHAR Agrave
ENCODING 192
SWIDTH 667 0
DWIDTH 15 0
BBX 13 21 1 0
BITMAP
1800
0C00
0600
0000
0700
0700
0D80
0D80
18C0
18C0
18C0
3060
3060
3060
7FF0
7FF0
4010
C018
C018
C018
C018
ENDCHAR
STARTCHAR Aacute
ENCODING 193
SWIDTH 667 0
DWIDTH 15 0
BBX 13 21 1 0
BITMAP
00C0
0180
0300
0000
0700
0700
0D80
0D80
18C0
18C0
18C0
3060
3060
3060
7FF0
7FF0
4010
C018
C018
C018
C018
ENDCHAR
STARTCHAR Acircumflex
ENCODING 194
SWIDTH 667 0
DWIDTH 15 0
BBX 13 21 1 0
BITMAP
0300
0780
0CC0
0000
0700
0700
0D80
0D80
18C0
18C0
18C0
3060
3060
3060
7FF0
7FF0
4010
C018
C018
C018
C018
ENDCHAR
STARTCHAR Atilde
ENCODING 195
SWIDTH 667 0
DWIDTH 15 0
BBX 13 21 1 0
BITMAP
0640
0FC0
0980
0000
0700
0700
0D80
0D80
18C0
18C0
18C0
3060
3060
3060
7FF0
7FF0
4010
C018
C018
C018
C018
ENDCHAR
STARTCHAR Adieresis
ENCODING 196
SWIDTH 667 0
DWIDTH 15 0
BBX 13 20 1 0
BITMAP
0CC0
0CC0
0000
0700
0700
0D80
0D80
18C0
18C0
18C0
3060
3060
3060
7FF0
7FF0
4010
C018
C018
C018
C018
ENDCHAR
STARTCHAR Aring
ENCODING 197
SWIDTH 667 0
DWIDTH 15 0
BBX 13 22 1 0
BITMAP
0300
0480
0480
0300
0000
0700
0700
0D80
0D80
18C0
18C0
18C0
3060
3060
3060
7FF0
7FF0
4010
C018
C018
C018
C018
ENDCHAR
STARTCHAR AE
ENCODING 198
SWIDTH 1000 0
DWIDTH 22 0
BBX 20 17 1 0
BITMAP
07FFF0
07EFF0
0C6000
0C6000
186000
186000
186000
306FE0
307FE0
306000
7F6000
7FE000
406000
C06000
C06000
C07FF0
C07FF0
ENDCHAR
STARTCHAR Ccedilla
ENCODING 199
SWIDTH 722 0
DWIDTH 16 0
BBX 14 22 1 -5
BITMAP
07C0
1FF0
3838
701C
600C
E000
C000
C000
C000
C000
C000
E00C
600C
701C
3838
1FF0
07C0
0100
01C0
00C0
00C0
0780
ENDCHAR
STARTCHAR Egrave
ENCODING 200
SWIDTH 667 0
DWIDTH 15 0
BBX 12 21 2 0
BITMAP
3000
1800
0C00
0000
FFE0
FFE0
C000
C000
C000
C000
C000
FFE0
FFE0
C000
C000
C000
C000
C000
C000
FFF0
FFF0
ENDCHAR
STARTCHAR Eacute
ENCODING 201
SWIDTH 667 0
DWIDTH 15 0
BBX 12 21 2 0
BITMAP
0180
0300
0600
0000
FFE0
FFE0
C000
C000
C000
C000
C000
FFE0
FFE0
C000
C000
C000
C000
C000
C000
FFF0
FFF0
ENDCHAR
STARTCHAR Ecircumflex
ENCODING 202
SWIDTH 667 0
DWIDTH 15 0
BBX 12 21 2 0
BITMAP
0600
0F00
1980
0000
FFE0
FFE0
C000
C000
C000
C000
C000
FFE0
FFE0
C000
C000
C000
C000
C000
C000
FFF0
FFF0
ENDCHAR
STARTCHAR Edieresis
ENCODING 203
SWIDTH 667 0
DWIDTH 15 0
BBX 12 20 2 0
BITMAP
1980
1980
0000
FFE0
FFE0
C000
C000
C000
C000
C000
FFE0
FFE0
C000
C000
C000
C000
C000
C000
FFF0
FFF0
ENDCHAR
STARTCHAR Igrave
ENCODING 204
SWIDTH 278 0
DWIDTH 6 0
BBX 4 21 0 0
BITMAP
C0
60
30
00
30
30
30
30
30
30
30
30
30
30
30
30
30
30
30
30
30
ENDCHAR
STARTCHAR Iacute
ENCODING 205
SWIDTH 278 0
DWIDTH 6 0
BBX 4 21 2 0
BITMAP
30
60
C0
00
C0
C0
C0
C0
C0
C0
C0
C0
C0
C0
C0
C0
C0
C0
C0
C0
C0
ENDCHAR
STARTCHAR Icircumflex
ENCODING 206
SWIDTH 278 0
DWIDTH 6 0
BBX 6 21 0 0
BITMAP
30
78
CC
00
30
30
30
30
30
30
30
30
30
30
30
30
30
30
30
30
30
ENDCHAR
STARTCHAR Idieresis
ENCODING 207
SWIDTH 278 0
DWIDTH 6 0
BBX 6 20 0 0
BITMAP
CC
CC
00
30
30
30
30
30
30
30
30
30
30
30
30
30
30
30
30
30
ENDCHAR
STARTCHAR Eth
ENCODING 208
SWIDTH 722 0
DWIDTH 16 0
BBX 15 17 0 0
BITMAP
3FC0
3FF0
3038
301C
300C
300E
2006
EE06
FE06
3006
3006
300E
300C
301C
3038
3FF0
3FC0
ENDCHAR
STARTCHAR Ntilde
ENCODING 209
SWIDTH 722 0
DWIDTH 16 0
BBX 12 21 2 0
BITMAP
0C80
1F80
1300
0000
E030
E030
E030
9830
DC30
CC30
CE30
C630
C730
C330
C3B0
C1B0
C1B0
C0B0
C070
C070
C030
ENDCHAR
STARTCHAR Ograve
ENCODING 210
SWIDTH 778 0
DWIDTH 17 0
BBX 15 21 1 0
BITMAP
0C00
0600
0300
0000
07C0
1FF0
3838
701C
600C
E00E
C006
C006
C006
C006
C006
E00E
600C
701C
3838
1FF0
07C0
ENDCHAR
STARTCHAR Oacute
ENCODING 211
SWIDTH 778 0
DWIDTH 17 0
BBX 15 21 1 0
BITMAP
0060
00C0
0180
0000
07C0
1FF0
3838
701C
600C
E00E
C006
C006
C006
C006
C006
E00E
600C
701C
3838
1FF0
07C0
ENDCHAR
STARTCHAR Ocircumflex
ENCODING 212
SWIDTH 778 0
DWIDTH 17 0
BBX 15 21 1 0
BITMAP
0180
03C0
0660
0000
07C0
1FF0
3838
701C
600C
E00E
C006
C006
C006
C006
C006
E00E
600C
701C
3838
1FF0
07C0
ENDCHAR
STARTCHAR Otilde
ENCODING 213
SWIDTH 778 0
DWIDTH 17 0
BBX 15 21 1 0
BITMAP
0320
07E0
04C0
0000
07C0
1FF0
3838
701C
600C
E00E
C006
C006
C006
C006
C006
E00E
600C
701C
3838
1FF0
07C0
ENDCHAR
STARTCHAR Odieresis
ENCODING 214
SWIDTH 778 0
DWIDTH 17 0
BBX 15 20 1 0
BITMAP
0660
0660
0000
07C0
1FF0
3838
701C
600C
E00E
C006
C006
C006
C006
C006
E00E
600C
701C
3838
1FF0
07C0
ENDCHAR
STARTCHAR multiply
ENCODING 215
SWIDTH 584 0
DWIDTH 13 0
BBX 9 8 2 1
BITMAP
C180
6300
3600
1C00
1C00
3600
6300
C180
ENDCHAR
STARTCHAR Oslash
ENCODING 216
SWIDTH 778 0
DWIDTH 17 0
BBX 17 17 0 0
BITMAP
03E180
0FFB00
1C1A00
380E00
301E00
703700
606300
60C300
61C300
618300
630300
760700
3C0600
380E00
2C1C00
6FF800
C3E000
ENDCHAR
STARTCHAR Ugrave
ENCODING 217
SWIDTH 722 0
DWIDTH 16 0
BBX 12 21 2 0
BITMAP
1800
0C00
0600
0000
C030
C030
C030
C030
C030
C030
C030
C030
C030
C030
C030
C030
C030
E070
6060
7FE0
1F80
ENDCHAR
STARTCHAR Uacute
ENCODING 218
SWIDTH 722 0
DWIDTH 16 0
BBX 12 21 2 0
BITMAP
0180
0300
0600
0000
C030
C030
C030
C030
C030
C030
C030
C030
C030
C030
C030
C030
C030
E070
6060
7FE0
1F80
ENDCHAR
STARTCHAR Ucircumflex
ENCODING 219
SWIDTH 722 0
DWIDTH 16 0
BBX 12 21 2 0
BITMAP
0600
0F00
1980
0000
C030
C030
C030
C030
C030
C030
C030
C030
C030
C030
C030
C030
C030
E070
6060
7FE0
1F80
ENDCHAR
STARTCHAR Udieresis
ENCODING 220
SWIDTH 722 0
DWIDTH 16 0
BBX 12 20 2 0
BITMAP
1980
1980
0000
C030
C030
C030
C030
C030
C030
C030
C030
C030
C030
C030
C030
C030
E070
6060
7FE0
1F80
ENDCHAR
STARTCHAR Yacute
ENCODING 221
SWIDTH 667 0
DWIDTH 15 0
BBX 13 21 1 0
BITMAP
00C0
0180
0300
0000
C018
E038
6030
3060
3060
18C0
18C0
0D80
0F80
0700
0300
0300
0300
0300
0300
0300
0300
ENDCHAR
STARTCHAR Thorn
ENCODING 222
SWIDTH 667 0
DWIDTH 15 0
BBX 12 17 2 0
BITMAP
C000
C000
C000
FF80
FFC0
C0E0
C070
C030
C030
C070
C0E0
FFC0
FF80
C000
C000
C000
C000
ENDCHAR
STARTCHAR germandbls
ENCODING 223
SWIDTH 611 0
DWIDTH 13 0
BBX 11 17 1 0
BITMAP
3F00
7F80
E1C0
C0C0
C0C0
C0C0
C380
C700
C7C0
C0E0
C060
C060
C060
C0E0
C1C0
CF80
CF00
ENDCHAR
STARTCHAR agrave
ENCODING 224
SWIDTH 556 0
DWIDTH 12 0
BBX 10 16 1 0
BITMAP
3000
1800
0C00
0000
1E00
7F80
6180
0180
0D80
7F80
F180
C180
C180
E380
7DC0
3CC0
ENDCHAR
STARTCHAR aacute
ENCODING 225
SWIDTH 556 0
DWIDTH 12 0
BBX 10 16 1 0
BITMAP
0300
0600
0C00
0000
1E00
7F80
6180
0180
0D80
7F80
F180
C180
C180
E380
7DC0
3CC0
ENDCHAR
STARTCHAR acircumflex
ENCODING 226
SWIDTH 556 0
DWIDTH 12 0
BBX 10 16 1 0
BITMAP
0C00
1E00
3300
0000
1E00
7F80
6180
0180
0D80
7F80
F180
C180
C180
E380
7DC0
3CC0
ENDCHAR
STARTCHAR atilde
ENCODING 227
SWIDTH 556 0
DWIDTH 12 0
BBX 10 16 1 0
BITMAP
1900
3F00
2600
0000
1E00
7F80
6180
0180
0D80
7F80
F180
C180
C180
E380
7DC0
3CC0
ENDCHAR
STARTCHAR adieresis
ENCODING 228
SWIDTH 556 0
DWIDTH 12 0
BBX 10 16 1 0
BITMAP
3300
3300
0000
0000
1E00
7F80
6180
0180
0D80
7F80
F180
C180
C180
E380
7DC0
3CC0
ENDCHAR
STARTCHAR aring
ENCODING 229
SWIDTH 556 0
DWIDTH 12 0
BBX 10 17 1 0
BITMAP
0C00
1200
1200
0C00
0000
1E00
7F80
6180
0180
0D80
7F80
F180
C180
C180
E380
7DC0
3CC0
ENDCHAR
STARTCHAR ae
ENCODING 230
SWIDTH 889 0
DWIDTH 20 0
BBX 17 12 1 0
BITMAP
1E3C00
7F7F00
61C300
01C380
0F0180
7FFF80
F1FF80
C10000
C1C000
E3C300
7DFF00
3C3C00
ENDCHAR
STARTCHAR ccedilla
ENCODING 231
SWIDTH 500 0
DWIDTH 11 0
BBX 9 17 1 -5
BITMAP
1E00
7F80
6180
E180
C000
C000
C000
C000
E180
6180
7F80
1E00
0800
0E00
0600
0600
3C00
ENDCHAR
STARTCHAR egrave
ENCODING 232
SWIDTH 556 0
DWIDTH 12 0
BBX 10 16 1 0
BITMAP
3000
1800
0C00
0000
1E00
7F80
6180
E1C0
C0C0
FFC0
DFC0
C000
E000
6180
7F80
1E00
ENDCHAR
STARTCHAR eacute
ENCODING 233
SWIDTH 556 0
DWIDTH 12 0
BBX 10 16 1 0
BITMAP
0300
0600
0C00
0000
1E00
7F80
6180
E1C0
C0C0
FFC0
DFC0
C000
E000
6180
7F80
1E00
ENDCHAR
STARTCHAR ecircumflex
ENCODING 234
SWIDTH 556 0
DWIDTH 12 0
BBX 10 16 1 0
BITMAP
0C00
1E00
3300
0000
1E00
7F80
6180
E1C0
C0C0
FFC0
DFC0
C000
E000
6180
7F80
1E00
ENDCHAR
STARTCHAR edieresis
ENCODING 235
SWIDTH 556 0
DWIDTH 12 0
BBX 10 16 1 0
BITMAP
3300
3300
0000
0000
1E00
7F80
6180
E1C0
C0C0
FFC0
DFC0
C000
E000
6180
7F80
1E00
ENDCHAR
STARTCHAR igrave
ENCODING 236
SWIDTH 278 0
DWIDTH 6 0
BBX 4 16 0 0
BITMAP
C0
60
30
00
30
30
30
30
30
30
30
30
30
30
30
30
ENDCHAR
STARTCHAR iacute
ENCODING 237
SWIDTH 278 0
DWIDTH 6 0
BBX 4 16 2 0
BITMAP
30
60
C0
00
C0
C0
C0
C0
C0
C0
C0
C0
C0
C0
C0
C0
ENDCHAR
STARTCHAR icircumflex
ENCODING 238
SWIDTH 278 0
DWIDTH 6 0
BBX 6 16 0 0
BITMAP
30
78
CC
00
30
30
30
30
30
30
30
30
30
30
30
30
ENDCHAR
STARTCHAR idieresis
ENCODING 239
SWIDTH 278 0
DWIDTH 6 0
BBX 6 16 0 0
BITMAP
CC
CC
00
00
30
30
30
30
30
30
30
30
30
30
30
30
ENDCHAR
STARTCHAR eth
ENCODING 240
SWIDTH 556 0
DWIDTH 12 0
BBX 10 17 1 0
BITMAP
3000
1B00
0C00
3600
0300
1F00
7F80
6180
E1C0
C0C0
C0C0
C0C0
C0C0
E1C0
6180
7F80
1E00
ENDCHAR
STARTCHAR ntilde
ENCODING 241
SWIDTH 556 0
DWIDTH 12 0
BBX 9 16 1 0
BITMAP
1900
3F00
2600
0000
CF00
DF80
F180
E180
C180
C180
C180
C180
C180
C180
C180
C180
ENDCHAR
STARTCHAR ograve
ENCODING 242
SWIDTH 556 0
DWIDTH 12 0
BBX 10 16 1 0
BITMAP
3000
1800
0C00
0000
1E00
7F80
6180
E1C0
C0C0
C0C0
C0C0
C0C0
E1C0
6180
7F80
1E00
ENDCHAR
STARTCHAR oacute
ENCODING 243
SWIDTH 556 0
DWIDTH 12 0
BBX 10 16 1 0
BITMAP
0300
0600
0C00
0000
1E00
7F80
6180
E1C0
C0C0
C0C0
C0C0
C0C0
E1C0
6180
7F80
1E00
ENDCHAR
STARTCHAR ocircumflex
ENCODING 244
SWIDTH 556 0
DWIDTH 12 0
BBX 10 16 1 0
BITMAP
0C00
1E00
3300
0000
1E00
7F80
6180
E1C0
C0C0
C0C0
C0C0
C0C0
E1C0
6180
7F80
1E00
ENDCHAR
STARTCHAR otilde
ENCODING 245
SWIDTH 556 0
DWIDTH 12 0
BBX 10 16 1 0
BITMAP
1900
3F00
2600
0000
1E00
7F80
6180
E1C0
C0C0
C0C0
C0C0
C0C0
E1C0
6180
7F80
1E00
ENDCHAR
STARTCHAR odieresis
ENCODING 246
SWIDTH 556 0
DWIDTH 12 0
BBX 10 16 1 0
BITMAP
3300
3300
0000
0000
1E00
7F80
6180
E1C0
C0C0
C0C0
C0C0
C0C0
E1C0
6180
7F80
1E00
ENDCHAR
STARTCHAR divide
ENCODING 247
SWIDTH 584 0
DWIDTH 13 0
BBX 10 10 1 0
BITMAP
0C00
0C00
0000
0000
FFC0
FFC0
0000
0000
0C00
0C00
ENDCHAR
STARTCHAR oslash
ENCODING 248
SWIDTH 611 0
DWIDTH 13 0
BBX 12 12 0 0
BITMAP
0F30
3FE0
30C0
71E0
6360
6760
6E60
6C60
78E0
30C0
7FC0
CF00
ENDCHAR
STARTCHAR ugrave
ENCODING 249
SWIDTH 556 0
DWIDTH 12 0
BBX 9 16 1 0
BITMAP
3000
1800
0C00
0000
C180
C180
C180
C180
C180
C180
C180
C180
C380
C780
FD80
7980
ENDCHAR
STARTCHAR uacute
ENCODING 250
SWIDTH 556 0
DWIDTH 12 0
BBX 9 16 1 0
BITMAP
0600
0C00
1800
0000
C180
C180
C180
C180
C180
C180
C180
C180
C380
C780
FD80
7980
ENDCHAR
STARTCHAR ucircumflex
ENCODING 251
SWIDTH 556 0
DWIDTH 12 0
BBX 9 16 1 0
BITMAP
0C00
1E00
3300
0000
C180
C180
C180
C180
C180
C180
C180
C180
C380
C780
FD80
7980
ENDCHAR
STARTCHAR udieresis
ENCODING 252
SWIDTH 556 0
DWIDTH 12 0
BBX 9 16 1 0
BITMAP
3300
3300
0000
0000
C180
C180
C180
C180
C180
C180
C180
C180
C380
C780
FD80
7980
ENDCHAR
STARTCHAR yacute
ENCODING 253
SWIDTH 500 0
DWIDTH 11 0
BBX 9 21 1 -5
BITMAP
0600
0C00
1800
0000
C180
C180
C180
6300
6300
6300
3600
3600
3600
1C00
1C00
1800
1800
1800
3000
F000
E000
ENDCHAR
STARTCHAR thorn
ENCODING 254
SWIDTH 556 0
DWIDTH 12 0
BBX 10 22 1 -5
BITMAP
C000
C000
C000
C000
C000
CF00
DF80
E180
C1C0
C0C0
C0C0
C0C0
C0C0
C1C0
E180
DF80
CF00
C000
C000
C000
C000
C000
ENDCHAR
STARTCHAR ydieresis
ENCODING 255
SWIDTH 500 0
DWIDTH 11 0
BBX 9 21 1 -5
BITMAP
3300
3300
0000
0000
C180
C180
C180
6300
6300
6300
3600
3600
3600
1C00
1C00
1800
1800
1800
3000
F000
E000
ENDCHAR
STARTCHAR Amacron
ENCODING 256
SWIDTH 667 0
DWIDTH 15 0
BBX 13 20 1 0
BITMAP
0FC0
0FC0
0000
0700
0700
0D80
0D80
18C0
18C0
18C0
3060
3060
3060
7FF0
7FF0
4010
C018
C018
C018
C018
ENDCHAR
STARTCHAR amacron
ENCODING 257
SWIDTH 556 0
DWIDTH 12 0
BBX 10 15 1 0
BITMAP
3F00
3F00
0000
1E00
7F80
6180
0180
0D80
7F80
F180
C180
C180
E380
7DC0
3CC0
ENDCHAR
STARTCHAR Abreve
ENCODING 258
SWIDTH 667 0
DWIDTH 15 0
BBX 13 21 1 0
BITMAP
0840
0CC0
0780
0000
0700
0700
0D80
0D80
18C0
18C0
18C0
3060
3060
3060
7FF0
7FF0
4010
C018
C018
C018
C018
ENDCHAR
STARTCHAR abreve
ENCODING 259
SWIDTH 556 0
DWIDTH 12 0
BBX 10 16 1 0
BITMAP
2100
3300
1E00
0000
1E00
7F80
6180
0180
0D80
7F80
F180
C180
C180
E380
7DC0
3CC0
ENDCHAR
STARTCHAR Aogonek
ENCODING 260
SWIDTH 667 0
DWIDTH 15 0
BBX 14 22 1 -5
BITMAP
0700
0700
0D80
0D80
18C0
18C0
18C0
3060
3060
3060
7FF0
7FF0
4010
C018
C018
C018
C018
0030
0060
0060
0070
003C
ENDCHAR
STARTCHAR aogonek
ENCODING 261
SWIDTH 556 0
DWIDTH 12 0
BBX 10 17 1 -5
BITMAP
1E00
7F80
6180
0180
0D80
7F80
F180
C180
C180
E380
7DC0
3CC0
0300
0600
0600
0700
03C0
ENDCHAR
STARTCHAR Cacute
ENCODING 262
SWIDTH 722 0
DWIDTH 16 0
BBX 14 21 1 0
BITMAP
0060
00C0
0180
0000
07C0
1FF0
3838
701C
600C
E000
C000
C000
C000
C000
C000
E00C
600C
701C
3838
1FF0
07C0
ENDCHAR
STARTCHAR cacute
ENCODING 263
SWIDTH 500 0
DWIDTH 11 0
BBX 9 16 1 0
BITMAP
0300
0600
0C00
0000
1E00
7F80
6180
E180
C000
C000
C000
C000
E180
6180
7F80
1E00
ENDCHAR
STARTCHAR Ccircumflex
ENCODING 264
SWIDTH 722 0
DWIDTH 16 0
BBX 14 21 1 0
BITMAP
0180
03C0
0660
0000
07C0
1FF0
3838
701C
600C
E000
C000
C000
C000
C000
C000
E00C
600C
701C
3838
1FF0
07C0
ENDCHAR
STARTCHAR ccircumflex
ENCODING 265
SWIDTH 500 0
DWIDTH 11 0
BBX 9 16 1 0
BITMAP
0C00
1E00
3300
0000
1E00
7F80
6180
E180
C000
C000
C000
C000
E180
6180
7F80
1E00
ENDCHAR
STARTCHAR Cdotaccent
ENCODING 266
SWIDTH 722 0
DWIDTH 16 0
BBX 14 20 1 0
BITMAP
0180
0180
0000
07C0
1FF0
3838
701C
600C
E000
C000
C000
C000
C000
C000
E00C
600C
701C
3838
1FF0
07C0
ENDCHAR
STARTCHAR cdotaccent
ENCODING 267
SWIDTH 500 0
DWIDTH 11 0
BBX 9 15 1 0
BITMAP
0C00
0C00
0000
1E00
7F80
6180
E180
C000
C000
C000
C000
E180
6180
7F80
1E00
ENDCHAR
STARTCHAR Ccaron
ENCODING 268
SWIDTH 722 0
DWIDTH 16 0
BBX 14 21 1 0
BITMAP
0660
03C0
0180
0000
07C0
1FF0
3838
701C
600C
E000
C000
C000
C000
C000
C000
E00C
600C
701C
3838
1FF0
07C0
ENDCHAR
STARTCHAR ccaron
ENCODING 269
SWIDTH 500 0
DWIDTH 11 0
BBX 9 16 1 0
BITMAP
3300
1E00
0C00
0000
1E00
7F80
6180
E180
C000
C000
C000
C000
E180
6180
7F80
1E00
ENDCHAR
STARTCHAR Dcaron
ENCODING 270
SWIDTH 722 0
DWIDTH 16 0
BBX 13 21 2 0
BITMAP
1980
0F00
0600
0000
FF00
FFC0
C0E0
C070
C030
C038
C018
C018
C018
C018
C018
C038
C030
C070
C0E0
FFC0
FF00
ENDCHAR
STARTCHAR dcaron
ENCODING 271
SWIDTH 750 0
DWIDTH 16 0
BBX 14 17 1 0
BITMAP
00CC
00CC
00C4
00C4
00C8
3CC0
7EC0
61C0
E0C0
C0C0
C0C0
C0C0
C0C0
E0C0
61C0
7EC0
3CC0
ENDCHAR
STARTCHAR Dcroat
ENCODING 272
SWIDTH 722 0
DWIDTH 16 0
BBX 15 17 0 0
BITMAP
3FC0
3FF0
3038
301C
300C
300E
2006
EE06
FE06
3006
3006
300E
300C
301C
3038
3FF0
3FC0
ENDCHAR
STARTCHAR dcroat
ENCODING 273
SWIDTH 556 0
DWIDTH 12 0
BBX 11 17 1 0
BITMAP
00C0
0080
07A0
07E0
00C0
3CC0
7EC0
61C0
E0C0
C0C0
C0C0
C0C0
C0C0
E0C0
61C0
7EC0
3CC0
ENDCHAR
STARTCHAR Emacron
ENCODING 274
SWIDTH 667 0
DWIDTH 15 0
BBX 12 20 2 0
BITMAP
1F80
1F80
0000
FFE0
FFE0
C000
C000
C000
C000
C000
FFE0
FFE0
C000
C000
C000
C000
C000
C000
FFF0
FFF0
ENDCHAR
STARTCHAR emacron
ENCODING 275
SWIDTH 556 0
DWIDTH 12 0
BBX 10 15 1 0
BITMAP
3F00
3F00
0000
1E00
7F80
6180
E1C0
C0C0
FFC0
DFC0
C000
E000
6180
7F80
1E00
ENDCHAR
STARTCHAR Ebreve
ENCODING 276
SWIDTH 667 0
DWIDTH 15 0
BBX 12 21 2 0
BITMAP
1080
1980
0F00
0000
FFE0
FFE0
C000
C000
C000
C000
C000
FFE0
FFE0
C000
C000
C000
C000
C000
C000
FFF0
FFF0
ENDCHAR
STARTCHAR ebreve
ENCODING 277
SWIDTH 556 0
DWIDTH 12 0
BBX 10 16 1 0
BITMAP
2100
3300
1E00
0000
1E00
7F80
6180
E1C0
C0C0
FFC0
DFC0
C000
E000
6180
7F80
1E00
ENDCHAR
STARTCHAR Edotaccent
ENCODING 278
SWIDTH 667 0
DWIDTH 15 0
BBX 12 20 2 0
BITMAP
0600
0600
0000
FFE0
FFE0
C000
C000
C000
C000
C000
FFE0
FFE0
C000
C000
C000
C000
C000
C000
FFF0
FFF0
ENDCHAR
STARTCHAR edotaccent
ENCODING 279
SWIDTH 556 0
DWIDTH 12 0
BBX 10 15 1 0
BITMAP
0C00
0C00
0000
1E00
7F80
6180
E1C0
C0C0
FFC0
DFC0
C000
E000
6180
7F80
1E00
ENDCHAR
STARTCHAR Eogonek
ENCODING 280
SWIDTH 667 0
DWIDTH 15 0
BBX 12 22 2 -5
BITMAP
FFE0
FFE0
C000
C000
C000
C000
C000
FFE0
FFE0
C000
C000
C000
C000
C000
C000
FFF0
FFF0
00C0
0180
0180
01C0
00F0
ENDCHAR
STARTCHAR eogonek
ENCODING 281
SWIDTH 556 0
DWIDTH 12 0
BBX 10 17 1 -5
BITMAP
1E00
7F80
6180
E1C0
C0C0
FFC0
DFC0
C000
E000
6180
7F80
1E00
0600
0C00
0C00
0E00
0780
ENDCHAR
STARTCHAR Ecaron
ENCODING 282
SWIDTH 667 0
DWIDTH 15 0
BBX 12 21 2 0
BITMAP
1980
0F00
0600
0000
FFE0
FFE0
C000
C000
C000
C000
C000
FFE0
FFE0
C000
C000
C000
C000
C000
C000
FFF0
FFF0
ENDCHAR
STARTCHAR ecaron
ENCODING 283
SWIDTH 556 0
DWIDTH 12 0
BBX 10 16 1 0
BITMAP
3300
1E00
0C00
0000
1E00
7F80
6180
E1C0
C0C0
FFC0
DFC0
C000
E000
6180
7F80
1E00
ENDCHAR
STARTCHAR Gcircumflex
ENCODING 284
SWIDTH 778 0
DWIDTH 17 0
BBX 15 21 1 0
BITMAP
0180
03C0
0660
0000
07C0
1FF0
3838
701C
600C
E000
C000
C000
C0FE
C0FE
C006
E006
6006
701E
3836
1FF6
07C6
ENDCHAR
STARTCHAR gcircumflex
ENCODING 285
SWIDTH 556 0
DWIDTH 12 0
BBX 10 21 1 -5
BITMAP
0C00
1E00
3300
0000
3CC0
7EC0
61C0
E0C0
C0C0
C0C0
C0C0
C0C0
E0C0
61C0
7EC0
3CC0
00C0
C0C0
E1C0
7F80
1E00
ENDCHAR
STARTCHAR Gbreve
ENCODING 286
SWIDTH 778 0
DWIDTH 17 0
BBX 15 21 1 0
BITMAP
0420
0660
03C0
0000
07C0
1FF0
3838
701C
600C
E000
C000
C000
C0FE
C0FE
C006
E006
6006
701E
3836
1FF6
07C6
ENDCHAR
STARTCHAR gbreve
ENCODING 287
SWIDTH 556 0
DWIDTH 12 0
BBX 10 21 1 -5
BITMAP
2100
3300
1E00
0000
3CC0
7EC0
61C0
E0C0
C0C0
C0C0
C0C0
C0C0
E0C0
61C0
7EC0
3CC0
00C0
C0C0
E1C0
7F80
1E00
ENDCHAR
STARTCHAR Gdotaccent
ENCODING 288
SWIDTH 778 0
DWIDTH 17 0
BBX 15 20 1 0
BITMAP
0180
0180
0000
07C0
1FF0
3838
701C
600C
E000
C000
C000
C0FE
C0FE
C006
E006
6006
701E
3836
1FF6
07C6
ENDCHAR
STARTCHAR gdotaccent
ENCODING 289
SWIDTH 556 0
DWIDTH 12 0
BBX 10 20 1 -5
BITMAP
0C00
0C00
0000
3CC0
7EC0
61C0
E0C0
C0C0
C0C0
C0C0
C0C0
E0C0
61C0
7EC0
3CC0
00C0
C0C0
E1C0
7F80
1E00
ENDCHAR
STARTCHAR Gcommaaccent
ENCODING 290
SWIDTH 778 0
DWIDTH 17 0
BBX 15 23 1 -6
BITMAP
07C0
1FF0
3838
701C
600C
E000
C000
C000
C0FE
C0FE
C006
E006
6006
701E
3836
1FF6
07C6
0000
00C0
00C0
0040
0040
0080
ENDCHAR
STARTCHAR gcommaaccent
ENCODING 291
SWIDTH 556 0
DWIDTH 12 0
BBX 10 23 1 -5
BITMAP
0400
0800
0800
0C00
0C00
0000
3CC0
7EC0
61C0
E0C0
C0C0
C0C0
C0C0
C0C0
E0C0
61C0
7EC0
3CC0
00C0
C0C0
E1C0
7F80
1E00
ENDCHAR
STARTCHAR Hcircumflex
ENCODING 292
SWIDTH 722 0
DWIDTH 16 0
BBX 12 21 2 0
BITMAP
0600
0F00
1980
0000
C030
C030
C030
C030
C030
C030
C030
FFF0
FFF0
C030
C030
C030
C030
C030
C030
C030
C030
ENDCHAR
STARTCHAR hcircumflex
ENCODING 293
SWIDTH 556 0
DWIDTH 12 0
BBX 9 21 1 0
BITMAP
3000
7800
CC00
0000
C000
C000
C000
C000
C000
CF00
DF80
F180
E180
C180
C180
C180
C180
C180
C180
C180
C180
ENDCHAR
STARTCHAR Hbar
ENCODING 294
SWIDTH 722 0
DWIDTH 16 0
BBX 16 17 0 0
BITMAP
300C
300C
2004
FFFF
FFFF
2004
300C
3FFC
3FFC
300C
300C
300C
300C
300C
300C
300C
300C
ENDCHAR
STARTCHAR hbar
ENCODING 295
SWIDTH 556 0
DWIDTH 12 0
BBX 10 17 0 0
BITMAP
6000
4000
DE00
FE00
6000
6780
6FC0
78C0
70C0
60C0
60C0
60C0
60C0
60C0
60C0
60C0
60C0
ENDCHAR
STARTCHAR Itilde
ENCODING 296
SWIDTH 278 0
DWIDTH 6 0
BBX 6 21 0 0
BITMAP
64
FC
98
00
30
30
30
30
30
30
30
30
30
30
30
30
30
30
30
30
30
ENDCHAR
STARTCHAR itilde
ENCODING 297
SWIDTH 278 0
DWIDTH 6 0
BBX 6 16 0 0
BITMAP
64
FC
98
00
30
30
30
30
30
30
30
30
30
30
30
30
ENDCHAR
STARTCHAR Imacron
ENCODING 298
SWIDTH 278 0
DWIDTH 6 0
BBX 6 20 0 0
BITMAP
FC
FC
00
30
30
30
30
30
30
30
30
30
30
30
30
30
30
30
30
30
ENDCHAR
STARTCHAR imacron
ENCODING 299
SWIDTH 278 0
DWIDTH 6 0
BBX 6 15 0 0
BITMAP
FC
FC
00
30
30
30
30
30
30
30
30
30
30
30
30
ENDCHAR
STARTCHAR Ibreve
ENCODING 300
SWIDTH 278 0
DWIDTH 6 0
BBX 6 21 0 0
BITMAP
84
CC
78
00
30
30
30
30
30
30
30
30
30
30
30
30
30
30
30
30
30
ENDCHAR
STARTCHAR ibreve
ENCODING 301
SWIDTH 278 0
DWIDTH 6 0
BBX 6 16 0 0
BITMAP
84
CC
78
00
30
30
30
30
30
30
30
30
30
30
30
30
ENDCHAR
STARTCHAR Iogonek
ENCODING 302
SWIDTH 278 0
DWIDTH 6 0
BBX 5 22 1 -5
BITMAP
60
60
60
60
60
60
60
60
60
60
60
60
60
60
60
60
60
60
C0
C0
E0
78
ENDCHAR
STARTCHAR iogonek
ENCODING 303
SWIDTH 222 0
DWIDTH 5 0
BBX 5 22 0 -5
BITMAP
60
60
00
00
00
60
60
60
60
60
60
60
60
60
60
60
60
60
C0
C0
E0
78
ENDCHAR
STARTCHAR Idotaccent
ENCODING 304
SWIDTH 278 0
DWIDTH 6 0
BBX 2 20 2 0
BITMAP
C0
C0
00
C0
C0
C0
C0
C0
C0
C0
C0
C0
C0
C0
C0
C0
C0
C0
C0
C0
ENDCHAR
STARTCHAR dotlessi
ENCODING 305
SWIDTH 278 0
DWIDTH 6 0
BBX 2 12 2 0
BITMAP
C0
C0
C0
C0
C0
C0
C0
C0
C0
C0
C0
C0
ENDCHAR
STARTCHAR IJ
ENCODING 306
SWIDTH 764 0
DWIDTH 17 0
BBX 13 17 2 0
BITMAP
C018
C018
C018
C018
C018
C018
C018
C018
C018
C018
C018
C018
C618
C618
C738
C3F0
C1E0
ENDCHAR
STARTCHAR ij
ENCODING 307
SWIDTH 433 0
DWIDTH 10 0
BBX 7 22 1 -5
BITMAP
C6
C6
00
00
00
C6
C6
C6
C6
C6
C6
C6
C6
C6
C6
C6
C6
06
06
06
1E
1C
ENDCHAR
STARTCHAR Jcircumflex
ENCODING 308
SWIDTH 500 0
DWIDTH 11 0
BBX 10 21 1 0
BITMAP
0300
0780
0CC0
0000
0300
0300
0300
0300
0300
0300
0300
0300
0300
0300
0300
0300
C300
C300
E700
7E00
3C00
ENDCHAR
STARTCHAR jcircumflex
ENCODING 309
SWIDTH 222 0
DWIDTH 5 0
BBX 6 21 -1 -5
BITMAP
30
78
CC
00
30
30
30
30
30
30
30
30
30
30
30
30
30
30
30
F0
E0
ENDCHAR
STARTCHAR Kcommaaccent
ENCODING 310
SWIDTH 667 0
DWIDTH 15 0
BBX 13 23 2 -6
BITMAP
C070
C0E0
C1C0
C380
C700
CE00
DC00
F800
CE00
C700
C380
C380
C1C0
C0E0
C0E0
C070
C038
0000
0300
0300
0100
0100
0200
ENDCHAR
STARTCHAR kcommaaccent
ENCODING 311
SWIDTH 500 0
DWIDTH 11 0
BBX 10 23 1 -6
BITMAP
C000
C000
C000
C000
C000
C380
C700
CE00
DC00
D800
FC00
C600
C700
C300
C380
C180
C0C0
0000
0C00
0C00
0400
0400
0800
ENDCHAR
STARTCHAR kgreenlandic
ENCODING 312
SWIDTH 500 0
DWIDTH 11 0
BBX 10 12 1 0
BITMAP
C380
C700
CE00
DC00
D800
FC00
C600
C700
C300
C380
C180
C0C0
ENDCHAR
STARTCHAR Lacute
ENCODING 313
SWIDTH 556 0
DWIDTH 12 0
BBX 10 21 2 0
BITMAP
1800
3000
6000
0000
C000
C000
C000
C000
C000
C000
C000
C000
C000
C000
C000
C000
C000
C000
C000
FFC0
FFC0
ENDCHAR
STARTCHAR lacute
ENCODING 314
SWIDTH 222 0
DWIDTH 5 0
BBX 4 21 1 0
BITMAP
30
60
C0
00
C0
C0
C0
C0
C0
C0
C0
C0
C0
C0
C0
C0
C0
C0
C0
C0
C0
ENDCHAR
STARTCHAR Lcommaaccent
ENCODING 315
SWIDTH 556 0
DWIDTH 12 0
BBX 10 23 2 -6
BITMAP
C000
C000
C000
C000
C000
C000
C000
C000
C000
C000
C000
C000
C000
C000
C000
FFC0
FFC0
0000
0C00
0C00
0400
0400
0800
ENDCHAR
STARTCHAR lcommaaccent
ENCODING 316
SWIDTH 222 0
DWIDTH 5 0
BBX 2 23 1 -6
BITMAP
C0
C0
C0
C0
C0
C0
C0
C0
C0
C0
C0
C0
C0
C0
C0
C0
C0
00
C0
C0
40
40
80
ENDCHAR
STARTCHAR Lcaron
ENCODING 317
SWIDTH 750 0
DWIDTH 12 0
BBX 10 17 2 0
BITMAP
CC00
CC00
C400
C400
C800
C000
C000
C000
C000
C000
C000
C000
C000
C000
C000
FFC0
FFC0
ENDCHAR
STARTCHAR lcaron
ENCODING 318
SWIDTH 433 0
DWIDTH 8 0
BBX 6 17 1 0
BITMAP
CC
CC
C4
C4
C8
C0
C0
C0
C0
C0
C0
C0
C0
C0
C0
C0
C0
ENDCHAR
STARTCHAR Ldot
ENCODING 319
SWIDTH 806 0
DWIDTH 18 0
BBX 14 17 2 0
BITMAP
C000
C000
C000
C000
C000
C000
C000
C000
C000
C00C
C00C
C000
C000
C000
C000
FFC0
FFC0
ENDCHAR
STARTCHAR ldot
ENCODING 320
SWIDTH 489 0
DWIDTH 9 0
BBX 6 17 1 0
BITMAP
C0
C0
C0
C0
C0
C0
C0
C0
C0
CC
CC
C0
C0
C0
C0
C0
C0
ENDCHAR
STARTCHAR Lslash
ENCODING 321
SWIDTH 556 0
DWIDTH 12 0
BBX 12 17 0 0
BITMAP
3000
3000
3000
3000
3000
3300
3600
3C00
1800
7000
F000
3000
3000
3000
3000
3FF0
3FF0
ENDCHAR
STARTCHAR lslash
ENCODING 322
SWIDTH 222 0
DWIDTH 5 0
BBX 5 17 0 0
BITMAP
60
60
60
60
60
60
78
70
60
E0
E0
60
60
60
60
60
60
ENDCHAR
STARTCHAR Nacute
ENCODING 323
SWIDTH 722 0
DWIDTH 16 0
BBX 12 21 2 0
BITMAP
0180
0300
0600
0000
E030
E030
E030
9830
DC30
CC30
CE30
C630
C730
C330
C3B0
C1B0
C1B0
C0B0
C070
C070
C030
ENDCHAR
STARTCHAR nacute
ENCODING 324
SWIDTH 556 0
DWIDTH 12 0
BBX 9 16 1 0
BITMAP
0600
0C00
1800
0000
CF00
DF80
F180
E180
C180
C180
C180
C180
C180
C180
C180
C180
ENDCHAR
STARTCHAR Ncommaaccent
ENCODING 325
SWIDTH 722 0
DWIDTH 16 0
BBX 12 23 2 -6
BITMAP
E030
E030
E030
9830
DC30
CC30
CE30
C630
C730
C330
C3B0
C1B0
C1B0
C0B0
C070
C070
C030
0000
0600
0600
0200
0200
0400
ENDCHAR
STARTCHAR ncommaaccent
ENCODING 326
SWIDTH 556 0
DWIDTH 12 0
BBX 9 18 1 -6
BITMAP
CF00
DF80
F180
E180
C180
C180
C180
C180
C180
C180
C180
C180
0000
0C00
0C00
0400
0400
0800
ENDCHAR
STARTCHAR Ncaron
ENCODING 327
SWIDTH 722 0
DWIDTH 16 0
BBX 12 21 2 0
BITMAP
1980
0F00
0600
0000
E030
E030
E030
9830
DC30
CC30
CE30
C630
C730
C330
C3B0
C1B0
C1B0
C0B0
C070
C070
C030
ENDCHAR
STARTCHAR ncaron
ENCODING 328
SWIDTH 556 0
DWIDTH 12 0
BBX 9 16 1 0
BITMAP
3300
1E00
0C00
0000
CF00
DF80
F180
E180
C180
C180
C180
C180
C180
C180
C180
C180
ENDCHAR
STARTCHAR napostrophe
ENCODING 329
SWIDTH 767 0
DWIDTH 17 0
BBX 13 17 0 0
BITMAP
C000
C000
4000
4000
8000
0CF0
0DF8
0F18
0E18
0C18
0C18
0C18
0C18
0C18
0C18
0C18
0C18
ENDCHAR
STARTCHAR Eng
ENCODING 330
SWIDTH 722 0
DWIDTH 16 0
BBX 12 22 2 -5
BITMAP
CFC0
DFE0
D870
F030
C030
C030
C030
C030
C030
C030
C030
C030
C030
C030
C030
C030
C030
0030
0030
0030
00F0
00E0
ENDCHAR
STARTCHAR eng
ENCODING 331
SWIDTH 556 0
DWIDTH 12 0
BBX 9 17 1 -5
BITMAP
CF00
DF80
F180
E180
C180
C180
C180
C180
C180
C180
C180
C180
0180
0180
0180
0780
0700
ENDCHAR
STARTCHAR Omacron
ENCODING 332
SWIDTH 778 0
DWIDTH 17 0
BBX 15 20 1 0
BITMAP
07E0
07E0
0000
07C0
1FF0
3838
701C
600C
E00E
C006
C006
C006
C006
C006
E00E
600C
701C
3838
1FF0
07C0
ENDCHAR
STARTCHAR omacron
ENCODING 333
SWIDTH 556 0
DWIDTH 12 0
BBX 10 15 1 0
BITMAP
3F00
3F00
0000
1E00
7F80
6180
E1C0
C0C0
C0C0
C0C0
C0C0
E1C0
6180
7F80
1E00
ENDCHAR
STARTCHAR Obreve
ENCODING 334
SWIDTH 778 0
DWIDTH 17 0
BBX 15 21 1 0
BITMAP
0420
0660
03C0
0000
07C0
1FF0
3838
701C
600C
E00E
C006
C006
C006
C006
C006
E00E
600C
701C
3838
1FF0
07C0
ENDCHAR
STARTCHAR obreve
ENCODING 335
SWIDTH 556 0
DWIDTH 12 0
BBX 10 16 1 0
BITMAP
2100
3300
1E00
0000
1E00
7F80
6180
E1C0
C0C0
C0C0
C0C0
C0C0
E1C0
6180
7F80
1E00
ENDCHAR
STARTCHAR Ohungarumlaut
ENCODING 336
SWIDTH 778 0
DWIDTH 17 0
BBX 15 21 1 0
BITMAP
0360
06C0
0D80
0000
07C0
1FF0
3838
701C
600C
E00E
C006
C006
C006
C006
C006
E00E
600C
701C
3838
1FF0
07C0
ENDCHAR
STARTCHAR ohungarumlaut
ENCODING 337
SWIDTH 556 0
DWIDTH 12 0
BBX 10 16 1 0
BITMAP
0D80
1B00
3600
0000
1E00
7F80
6180
E1C0
C0C0
C0C0
C0C0
C0C0
E1C0
6180
7F80
1E00
ENDCHAR
STARTCHAR OE
ENCODING 338
SWIDTH 1000 0
DWIDTH 22 0
BBX 20 17 1 0
BITMAP
07FFF0
1FFFF0
383000
703000
603000
E03000
C03000
C03FF0
C03FF0
C03000
C03000
E03000
603000
703000
383000
1FFFF0
07FFF0
ENDCHAR
STARTCHAR oe
ENCODING 339
SWIDTH 944 0
DWIDTH 21 0
BBX 18 12 1 0
BITMAP
1E1E00
7FFF80
60C180
E1C1C0
C0C0C0
C0FFC0
C0DFC0
C0C000
E1C000
60C180
7FFF80
1E1E00
ENDCHAR
STARTCHAR Racute
ENCODING 340
SWIDTH 722 0
DWIDTH 16 0
BBX 13 21 2 0
BITMAP
0180
0300
0600
0000
FF80
FFC0
C0E0
C070
C030
C030
C070
C0E0
FFC0
FFE0
C070
C030
C030
C030
C030
C030
C038
ENDCHAR
STARTCHAR racute
ENCODING 341
SWIDTH 333 0
DWIDTH 7 0
BBX 6 16 1 0
BITMAP
0C
18
30
00
CC
DC
F0
E0
C0
C0
C0
C0
C0
C0
C0
C0
ENDCHAR
STARTCHAR Rcommaaccent
ENCODING 342
SWIDTH 722 0
DWIDTH 16 0
BBX 13 23 2 -6
BITMAP
FF80
FFC0
C0E0
C070
C030
C030
C070
C0E0
FFC0
FFE0
C070
C030
C030
C030
C030
C030
C038
0000
0300
0300
0100
0100
0200
ENDCHAR
STARTCHAR rcommaaccent
ENCODING 343
SWIDTH 333 0
DWIDTH 7 0
BBX 6 18 1 -6
BITMAP
CC
DC
F0
E0
C0
C0
C0
C0
C0
C0
C0
C0
00
C0
C0
40
40
80
ENDCHAR
STARTCHAR Rcaron
ENCODING 344
SWIDTH 722 0
DWIDTH 16 0
BBX 13 21 2 0
BITMAP
1980
0F00
0600
0000
FF80
FFC0
C0E0
C070
C030
C030
C070
C0E0
FFC0
FFE0
C070
C030
C030
C030
C030
C030
C038
ENDCHAR
STARTCHAR rcaron
ENCODING 345
SWIDTH 333 0
DWIDTH 7 0
BBX 6 16 1 0
BITMAP
CC
78
30
00
CC
DC
F0
E0
C0
C0
C0
C0
C0
C0
C0
C0
ENDCHAR
STARTCHAR Sacute
ENCODING 346
SWIDTH 667 0
DWIDTH 15 0
BBX 13 21 1 0
BITMAP
00C0
0180
0300
0000
0FC0
3FE0
7070
6030
6030
6000
7800
3F00
0FC0
01F0
0070
C038
C018
C018
E038
7FF0
1FC0
ENDCHAR
STARTCHAR sacute
ENCODING 347
SWIDTH 500 0
DWIDTH 11 0
BBX 9 16 1 0
BITMAP
0600
0C00
1800
0000
3E00
7F00
E380
C000
F000
7C00
1F00
0780
0180
E380
7F00
3E00
ENDCHAR
STARTCHAR Scircumflex
ENCODING 348
SWIDTH 667 0
DWIDTH 15 0
BBX 13 21 1 0
BITMAP
0300
0780
0CC0
0000
0FC0
3FE0
7070
6030
6030
6000
7800
3F00
0FC0
01F0
0070
C038
C018
C018
E038
7FF0
1FC0
ENDCHAR
STARTCHAR scircumflex
ENCODING 349
SWIDTH 500 0
DWIDTH 11 0
BBX 9 16 1 0
BITMAP
0C00
1E00
3300
0000
3E00
7F00
E380
C000
F000
7C00
1F00
0780
0180
E380
7F00
3E00
ENDCHAR
STARTCHAR Scedilla
ENCODING 350
SWIDTH 667 0
DWIDTH 15 0
BBX 13 22 1 -5
BITMAP
0FC0
3FE0
7070
6030
6030
6000
7800
3F00
0FC0
01F0
0070
C038
C018
C018
E038
7FF0
1FC0
0200
0380
0180
0180
0F00
ENDCHAR
STARTCHAR scedilla
ENCODING 351
SWIDTH 500 0
DWIDTH 11 0
BBX 9 17 1 -5
BITMAP
3E00
7F00
E380
C000
F000
7C00
1F00
0780
0180
E380
7F00
3E00
0800
0E00
0600
0600
3C00
ENDCHAR
STARTCHAR Scaron
ENCODING 352
SWIDTH 667 0
DWIDTH 15 0
BBX 13 21 1 0
BITMAP
0CC0
0780
0300
0000
0FC0
3FE0
7070
6030
6030
6000
7800
3F00
0FC0
01F0
0070
C038
C018
C018
E038
7FF0
1FC0
ENDCHAR
STARTCHAR scaron
ENCODING 353
SWIDTH 500 0
DWIDTH 11 0
BBX 9 16 1 0
BITMAP
3300
1E00
0C00
0000
3E00
7F00
E380
C000
F000
7C00
1F00
0780
0180
E380
7F00
3E00
ENDCHAR
STARTCHAR Tcommaaccent
ENCODING 354
SWIDTH 611 0
DWIDTH 13 0
BBX 12 22 0 -5
BITMAP
FFF0
FFF0
0600
0600
0600
0600
0600
0600
0600
0600
0600
0600
0600
0600
0600
0600
0600
0400
0700
0300
0300
1E00
ENDCHAR
STARTCHAR tcommaaccent
ENCODING 355
SWIDTH 278 0
DWIDTH 6 0
BBX 6 21 0 -5
BITMAP
30
30
30
20
FC
FC
10
30
30
30
30
30
30
30
38
1C
10
1C
0C
0C
78
ENDCHAR
STARTCHAR Tcaron
ENCODING 356
SWIDTH 611 0
DWIDTH 13 0
BBX 12 21 0 0
BITMAP
1980
0F00
0600
0000
FBF0
FFF0
0600
0600
0600
0600
0600
0600
0600
0600
0600
0600
0600
0600
0600
0600
0600
ENDCHAR
STARTCHAR tcaron
ENCODING 357
SWIDTH 486 0
DWIDTH 11 0
BBX 10 17 0 0
BITMAP
00C0
30C0
3040
3040
2080
FC00
FC00
1000
3000
3000
3000
3000
3000
3000
3000
3800
1C00
ENDCHAR
STARTCHAR Tbar
ENCODING 358
SWIDTH 611 0
DWIDTH 13 0
BBX 12 17 0 0
BITMAP
FFF0
FFF0
0600
0600
0600
0400
3DC0
3FC0
0600
0600
0600
0600
0600
0600
0600
0600
0600
ENDCHAR
STARTCHAR tbar
ENCODING 359
SWIDTH 278 0
DWIDTH 6 0
BBX 6 16 0 0
BITMAP
30
30
30
20
FC
FC
10
30
78
78
10
30
30
30
38
1C
ENDCHAR
STARTCHAR Utilde
ENCODING 360
SWIDTH 722 0
DWIDTH 16 0
BBX 12 21 2 0
BITMAP
0C80
1F80
1300
0000
C030
C030
C030
C030
C030
C030
C030
C030
C030
C030
C030
C030
C030
E070
6060
7FE0
1F80
ENDCHAR
STARTCHAR utilde
ENCODING 361
SWIDTH 556 0
DWIDTH 12 0
BBX 9 16 1 0
BITMAP
1900
3F00
2600
0000
C180
C180
C180
C180
C180
C180
C180
C180
C380
C780
FD80
7980
ENDCHAR
STARTCHAR Umacron
ENCODING 362
SWIDTH 722 0
DWIDTH 16 0
BBX 12 20 2 0
BITMAP
1F80
1F80
0000
C030
C030
C030
C030
C030
C030
C030
C030
C030
C030
C030
C030
C030
E070
6060
7FE0
1F80
ENDCHAR
STARTCHAR umacron
ENCODING 363
SWIDTH 556 0
DWIDTH 12 0
BBX 9 15 1 0
BITMAP
3F00
3F00
0000
C180
C180
C180
C180
C180
C180
C180
C180
C380
C780
FD80
7980
ENDCHAR
STARTCHAR Ubreve
ENCODING 364
SWIDTH 722 0
DWIDTH 16 0
BBX 12 21 2 0
BITMAP
1080
1980
0F00
0000
C030
C030
C030
C030
C030
C030
C030
C030
C030
C030
C030
C030
C030
E070
6060
7FE0
1F80
ENDCHAR
STARTCHAR ubreve
ENCODING 365
SWIDTH 556 0
DWIDTH 12 0
BBX 9 16 1 0
BITMAP
2100
3300
1E00
0000
C180
C180
C180
C180
C180
C180
C180
C180
C380
C780
FD80
7980
ENDCHAR
STARTCHAR Uring
ENCODING 366
SWIDTH 722 0
DWIDTH 16 0
BBX 12 22 2 0
BITMAP
0600
0900
0900
0600
0000
C030
C030
C030
C030
C030
C030
C030
C030
C030
C030
C030
C030
C030
E070
6060
7FE0
1F80
ENDCHAR
STARTCHAR uring
ENCODING 367
SWIDTH 556 0
DWIDTH 12 0
BBX 9 17 1 0
BITMAP
0C00
1200
1200
0C00
0000
C180
C180
C180
C180
C180
C180
C180
C180
C380
C780
FD80
7980
ENDCHAR
STARTCHAR Uhungarumlaut
ENCODING 368
SWIDTH 722 0
DWIDTH 16 0
BBX 12 21 2 0
BITMAP
06C0
0D80
1B00
0000
C030
C030
C030
C030
C030
C030
C030
C030
C030
C030
C030
C030
C030
E070
6060
7FE0
1F80
ENDCHAR
STARTCHAR uhungarumlaut
ENCODING 369
SWIDTH 556 0
DWIDTH 12 0
BBX 9 16 1 0
BITMAP
1B00
3600
6C00
0000
C180
C180
C180
C180
C180
C180
C180
C180
C380
C780
FD80
7980
ENDCHAR
STARTCHAR Uogonek
ENCODING 370
SWIDTH 722 0
DWIDTH 16 0
BBX 12 22 2 -5
BITMAP
C030
C030
C030
C030
C030
C030
C030
C030
C030
C030
C030
C030
C030
E070
6060
7FE0
1F80
0300
0600
0600
0700
03C0
ENDCHAR
STARTCHAR uogonek
ENCODING 371
SWIDTH 556 0
DWIDTH 12 0
BBX 10 17 1 -5
BITMAP
C180
C180
C180
C180
C180
C180
C180
C180
C380
C780
FD80
7980
0300
0600
0600
0700
03C0
ENDCHAR
STARTCHAR Wcircumflex
ENCODING 372
SWIDTH 944 0
DWIDTH 21 0
BBX 19 21 1 0
BITMAP
006000
00F000
019800
000000
C0E060
C0E060
C0E060
61B0C0
61B0C0
61B0C0
61B0C0
6318C0
331980
331980
331980
360D80
360D80
360D80
1C0700
1C0700
0C0600
ENDCHAR
STARTCHAR wcircumflex
ENCODING 373
SWIDTH 722 0
DWIDTH 16 0
BBX 14 16 1 0
BITMAP
0300
0780
0CC0
0000
C30C
C30C
C30C
C78C
6798
6CD8
6CD8
6CD8
2CD0
3870
3870
3870
ENDCHAR
STARTCHAR Ycircumflex
ENCODING 374
SWIDTH 667 0
DWIDTH 15 0
BBX 13 21 1 0
BITMAP
0300
0780
0CC0
0000
C018
E038
6030
3060
3060
18C0
18C0
0D80
0F80
0700
0300
0300
0300
0300
0300
0300
0300
ENDCHAR
STARTCHAR ycircumflex
ENCODING 375
SWIDTH 500 0
DWIDTH 11 0
BBX 9 21 1 -5
BITMAP
0C00
1E00
3300
0000
C180
C180
C180
6300
6300
6300
3600
3600
3600
1C00
1C00
1800
1800
1800
3000
F000
E000
ENDCHAR
STARTCHAR Ydieresis
ENCODING 376
SWIDTH 667 0
DWIDTH 15 0
BBX 13 20 1 0
BITMAP
0CC0
0CC0
0000
C018
E038
6030
3060
3060
18C0
18C0
0D80
0F80
0700
0300
0300
0300
0300
0300
0300
0300
ENDCHAR
STARTCHAR Zacute
ENCODING 377
SWIDTH 611 0
DWIDTH 13 0
BBX 11 21 1 0
BITMAP
0180
0300
0600
0000
FFE0
FFE0
0060
01C0
01C0
0380
0700
0700
0E00
1C00
1C00
3800
7000
6000
C000
FFE0
FFE0
ENDCHAR
STARTCHAR zacute
ENCODING 378
SWIDTH 500 0
DWIDTH 11 0
BBX 9 16 1 0
BITMAP
0600
0C00
1800
0000
FF80
FF80
0180
0700
0E00
1C00
1C00
3800
7000
C000
FF80
FF80
ENDCHAR
STARTCHAR Zdotaccent
ENCODING 379
SWIDTH 611 0
DWIDTH 13 0
BBX 11 20 1 0
BITMAP
0600
0600
0000
FFE0
FFE0
0060
01C0
01C0
0380
0700
0700
0E00
1C00
1C00
3800
7000
6000
C000
FFE0
FFE0
ENDCHAR
STARTCHAR zdotaccent
ENCODING 380
SWIDTH 500 0
DWIDTH 11 0
BBX 9 15 1 0
BITMAP
0C00
0C00
0000
FF80
FF80
0180
0700
0E00
1C00
1C00
3800
7000
C000
FF80
FF80
ENDCHAR
STARTCHAR Zcaron
ENCODING 381
SWIDTH 611 0
DWIDTH 13 0
BBX 11 21 1 0
BITMAP
1980
0F00
0600
0000
FFE0
FFE0
0060
01C0
01C0
0380
0700
0700
0E00
1C00
1C00
3800
7000
6000
C000
FFE0
FFE0
ENDCHAR
STARTCHAR zcaron
ENCODING 382
SWIDTH 500 0
DWIDTH 11 0
BBX 9 16 1 0
BITMAP
3300
1E00
0C00
0000
FF80
FF80
0180
0700
0E00
1C00
1C00
3800
7000
C000
FF80
FF80
ENDCHAR
STARTCHAR uni0186
ENCODING 390
SWIDTH 722 0
DWIDTH 16 0
BBX 14 17 1 0
BITMAP
0F80
3FE0
7070
E038
C018
001C
000C
000C
000C
000C
000C
C01C
C018
E038
7070
3FE0
0F80
ENDCHAR
STARTCHAR uni0189
ENCODING 393
SWIDTH 722 0
DWIDTH 16 0
BBX 15 17 0 0
BITMAP
3FC0
3FF0
3038
301C
300C
300E
2006
EE06
FE06
3006
3006
300E
300C
301C
3038
3FF0
3FC0
ENDCHAR
STARTCHAR uni018E
ENCODING 398
SWIDTH 667 0
DWIDTH 15 0
BBX 12 17 2 0
BITMAP
7FF0
7FF0
0030
0030
0030
0030
0030
7FF0
7FF0
0030
0030
0030
0030
0030
0030
FFF0
FFF0
ENDCHAR
STARTCHAR florin
ENCODING 402
SWIDTH 556 0
DWIDTH 12 0
BBX 11 22 0 -5
BITMAP
00E0
01E0
0300
0300
0300
0200
1EC0
1FC0
0600
0600
0600
0600
0600
0C00
0C00
0C00
0C00
0C00
1800
1800
F000
E000
ENDCHAR
STARTCHAR uni0197
ENCODING 407
SWIDTH 278 0
DWIDTH 6 0
BBX 6 17 0 0
BITMAP
30
30
30
30
30
30
20
FC
FC
10
30
30
30
30
30
30
30
ENDCHAR
STARTCHAR uni019A
ENCODING 410
SWIDTH 222 0
DWIDTH 5 0
BBX 6 17 -1 0
BITMAP
30
30
30
30
30
30
20
FC
FC
10
30
30
30
30
30
30
30
ENDCHAR
STARTCHAR uni019D
ENCODING 413
SWIDTH 722 0
DWIDTH 17 0
BBX 15 22 0 -5
BITMAP
1C06
1C06
1C06
1306
1B86
1986
19C6
18C6
18E6
1866
1876
1836
1836
1816
180E
180E
1806
1800
1800
1800
F000
E000
ENDCHAR
STARTCHAR uni019F
ENCODING 415
SWIDTH 778 0
DWIDTH 17 0
BBX 15 17 1 0
BITMAP
07C0
1FF0
3838
701C
600C
E00E
C006
C006
FFFE
C006
C006
E00E
600C
701C
3838
1FF0
07C0
ENDCHAR
STARTCHAR Ohorn
ENCODING 416
SWIDTH 778 0
DWIDTH 17 0
BBX 16 18 1 0
BITMAP
0003
07C3
1FF6
3838
701C
600C
E00E
C006
C006
C006
C006
C006
E00E
600C
701C
3838
1FF0
07C0
ENDCHAR
STARTCHAR ohorn
ENCODING 417
SWIDTH 556 0
DWIDTH 13 0
BBX 12 14 1 0
BITMAP
0030
0030
1E60
7F80
6180
E1C0
C0C0
C0C0
C0C0
C0C0
E1C0
6180
7F80
1E00
ENDCHAR
STARTCHAR uni01A7
ENCODING 423
SWIDTH 667 0
DWIDTH 15 0
BBX 13 17 1 0
BITMAP
1F80
3FE0
7070
6030
6030
0030
00F0
07E0
1F80
7C00
7000
E018
C018
C018
E038
7FF0
1FC0
ENDCHAR
STARTCHAR uni01A8
ENCODING 424
SWIDTH 500 0
DWIDTH 11 0
BBX 9 12 1 0
BITMAP
3E00
7F00
E380
0180
0780
1F00
7C00
F000
C000
E380
7F00
3E00
ENDCHAR
STARTCHAR uni01AE
ENCODING 430
SWIDTH 611 0
DWIDTH 13 0
BBX 12 22 0 -5
BITMAP
FFF0
FFF0
0600
0600
0600
0600
0600
0600
0600
0600
0600
0600
0600
0600
0600
0600
0600
0600
0600
0600
03C0
01C0
ENDCHAR
STARTCHAR Uhorn
ENCODING 431
SWIDTH 722 0
DWIDTH 17 0
BBX 15 18 2 0
BITMAP
0006
C036
C03C
C030
C030
C030
C030
C030
C030
C030
C030
C030
C030
C030
E070
6060
7FE0
1F80
ENDCHAR
STARTCHAR uhorn
ENCODING 432
SWIDTH 556 0
DWIDTH 13 0
BBX 12 14 1 0
BITMAP
0030
0030
C1E0
C180
C180
C180
C180
C180
C180
C180
C380
C780
FD80
7980
ENDCHAR
STARTCHAR uni01B5
ENCODING 437
SWIDTH 611 0
DWIDTH 13 0
BBX 11 17 1 0
BITMAP
FFE0
FFE0
0060
01C0
01C0
0380
0700
0300
3F80
1C00
1C00
3800
7000
6000
C000
FFE0
FFE0
ENDCHAR
STARTCHAR uni01B6
ENCODING 438
SWIDTH 500 0
DWIDTH 11 0
BBX 9 12 1 0
BITMAP
FF80
FF80
0180
0700
0E00
0C00
7F00
3800
7000
C000
FF80
FF80
ENDCHAR
STARTCHAR uni01BB
ENCODING 443
SWIDTH 556 0
DWIDTH 12 0
BBX 10 16 1 0
BITMAP
1E00
7F80
6180
E1C0
C0C0
00C0
01C0
0380
7F80
1C00
3800
7000
E000
C000
FFC0
FFC0
ENDCHAR
STARTCHAR uni01BC
ENCODING 444
SWIDTH 556 0
DWIDTH 12 0
BBX 10 16 1 0
BITMAP
7F80
7F80
6000
6000
6000
7E00
7F80
6180
01C0
00C0
00C0
C0C0
E1C0
6180
7F80
1E00
ENDCHAR
STARTCHAR uni01C0
ENCODING 448
SWIDTH 260 0
DWIDTH 6 0
BBX 2 22 2 -5
BITMAP
C0
C0
C0
C0
C0
C0
C0
C0
C0
C0
C0
C0
C0
C0
C0
C0
C0
C0
C0
C0
C0
C0
ENDCHAR
STARTCHAR uni01C2
ENCODING 450
SWIDTH 584 0
DWIDTH 6 0
BBX 6 22 0 -5
BITMAP
30
30
30
30
30
FC
30
30
30
30
FC
30
30
30
30
30
30
30
30
30
30
30
ENDCHAR
STARTCHAR uni01C3
ENCODING 451
SWIDTH 278 0
DWIDTH 6 0
BBX 2 17 2 0
BITMAP
C0
C0
C0
C0
C0
C0
C0
C0
C0
C0
C0
40
40
00
00
C0
C0
ENDCHAR
STARTCHAR uni01CD
ENCODING 461
SWIDTH 667 0
DWIDTH 15 0
BBX 13 21 1 0
BITMAP
0CC0
0780
0300
0000
0700
0700
0D80
0D80
18C0
18C0
18C0
3060
3060
3060
7FF0
7FF0
4010
C018
C018
C018
C018
ENDCHAR
STARTCHAR uni01CE
ENCODING 462
SWIDTH 556 0
DWIDTH 12 0
BBX 10 16 1 0
BITMAP
3300
1E00
0C00
0000
1E00
7F80
6180
0180
0D80
7F80
F180
C180
C180
E380
7DC0
3CC0
ENDCHAR
STARTCHAR uni01CF
ENCODING 463
SWIDTH 278 0
DWIDTH 6 0
BBX 6 21 0 0
BITMAP
CC
78
30
00
30
30
30
30
30
30
30
30
30
30
30
30
30
30
30
30
30
ENDCHAR
STARTCHAR uni01D0
ENCODING 464
SWIDTH 278 0
DWIDTH 6 0
BBX 6 16 0 0
BITMAP
CC
78
30
00
30
30
30
30
30
30
30
30
30
30
30
30
ENDCHAR
STARTCHAR uni01D1
ENCODING 465
SWIDTH 778 0
DWIDTH 17 0
BBX 15 21 1 0
BITMAP
0660
03C0
0180
0000
07C0
1FF0
3838
701C
600C
E00E
C006
C006
C006
C006
C006
E00E
600C
701C
3838
1FF0
07C0
ENDCHAR
STARTCHAR uni01D2
ENCODING 466
SWIDTH 556 0
DWIDTH 12 0
BBX 10 16 1 0
BITMAP
3300
1E00
0C00
0000
1E00
7F80
6180
E1C0
C0C0
C0C0
C0C0
C0C0
E1C0
6180
7F80
1E00
ENDCHAR
STARTCHAR uni01D3
ENCODING 467
SWIDTH 722 0
DWIDTH 16 0
BBX 12 21 2 0
BITMAP
1980
0F00
0600
0000
C030
C030
C030
C030
C030
C030
C030
C030
C030
C030
C030
C030
C030
E070
6060
7FE0
1F80
ENDCHAR
STARTCHAR uni01D4
ENCODING 468
SWIDTH 556 0
DWIDTH 12 0
BBX 9 16 1 0
BITMAP
3300
1E00
0C00
0000
C180
C180
C180
C180
C180
C180
C180
C180
C380
C780
FD80
7980
ENDCHAR
STARTCHAR uni01D5
ENCODING 469
SWIDTH 722 0
DWIDTH 16 0
BBX 12 23 2 0
BITMAP
1F80
1F80
0000
1980
1980
0000
C030
C030
C030
C030
C030
C030
C030
C030
C030
C030
C030
C030
C030
E070
6060
7FE0
1F80
ENDCHAR
STARTCHAR uni01D6
ENCODING 470
SWIDTH 556 0
DWIDTH 12 0
BBX 9 19 1 0
BITMAP
3F00
3F00
0000
3300
3300
0000
0000
C180
C180
C180
C180
C180
C180
C180
C180
C380
C780
FD80
7980
ENDCHAR
STARTCHAR uni01D7
ENCODING 471
SWIDTH 722 0
DWIDTH 16 0
BBX 12 24 2 0
BITMAP
0180
0300
0600
0000
1980
1980
0000
C030
C030
C030
C030
C030
C030
C030
C030
C030
C030
C030
C030
C030
E070
6060
7FE0
1F80
ENDCHAR
STARTCHAR uni01D8
ENCODING 472
SWIDTH 556 0
DWIDTH 12 0
BBX 9 20 1 0
BITMAP
0600
0C00
1800
0000
3300
3300
0000
0000
C180
C180
C180
C180
C180
C180
C180
C180
C380
C780
FD80
7980
ENDCHAR
STARTCHAR uni01D9
ENCODING 473
SWIDTH 722 0
DWIDTH 16 0
BBX 12 24 2 0
BITMAP
1980
0F00
0600
0000
1980
1980
0000
C030
C030
C030
C030
C030
C030
C030
C030
C030
C030
C030
C030
C030
E070
6060
7FE0
1F80
ENDCHAR
STARTCHAR uni01DA
ENCODING 474
SWIDTH 556 0
DWIDTH 12 0
BBX 9 20 1 0
BITMAP
3300
1E00
0C00
0000
3300
3300
0000
0000
C180
C180
C180
C180
C180
C180
C180
C180
C380
C780
FD80
7980
ENDCHAR
STARTCHAR uni01DB
ENCODING 475
SWIDTH 722 0
DWIDTH 16 0
BBX 12 24 2 0
BITMAP
1800
0C00
0600
0000
1980
1980
0000
C030
C030
C030
C030
C030
C030
C030
C030
C030
C030
C030
C030
C030
E070
6060
7FE0
1F80
ENDCHAR
STARTCHAR uni01DC
ENCODING 476
SWIDTH 556 0
DWIDTH 12 0
BBX 9 20 1 0
BITMAP
3000
1800
0C00
0000
3300
3300
0000
0000
C180
C180
C180
C180
C180
C180
C180
C180
C380
C780
FD80
7980
ENDCHAR
STARTCHAR uni01DD
ENCODING 477
SWIDTH 556 0
DWIDTH 12 0
BBX 10 12 1 0
BITMAP
1E00
7F80
6180
01C0
00C0
FEC0
FFC0
C0C0
E1C0
6180
7F80
1E00
ENDCHAR
STARTCHAR uni01DE
ENCODING 478
SWIDTH 667 0
DWIDTH 15 0
BBX 13 23 1 0
BITMAP
0FC0
0FC0
0000
0CC0
0CC0
0000
0700
0700
0D80
0D80
18C0
18C0
18C0
3060
3060
3060
7FF0
7FF0
4010
C018
C018
C018
C018
ENDCHAR
STARTCHAR uni01DF
ENCODING 479
SWIDTH 556 0
DWIDTH 12 0
BBX 10 19 1 0
BITMAP
3F00
3F00
0000
3300
3300
0000
0000
1E00
7F80
6180
0180
0D80
7F80
F180
C180
C180
E380
7DC0
3CC0
ENDCHAR
STARTCHAR uni01E0
ENCODING 480
SWIDTH 667 0
DWIDTH 15 0
BBX 13 23 1 0
BITMAP
0FC0
0FC0
0000
0300
0300
0000
0700
0700
0D80
0D80
18C0
18C0
18C0
3060
3060
3060
7FF0
7FF0
4010
C018
C018
C018
C018
ENDCHAR
STARTCHAR uni01E1
ENCODING 481
SWIDTH 556 0
DWIDTH 12 0
BBX 10 18 1 0
BITMAP
3F00
3F00
0000
0C00
0C00
0000
1E00
7F80
6180
0180
0D80
7F80
F180
C180
C180
E380
7DC0
3CC0
ENDCHAR
STARTCHAR uni01E2
ENCODING 482
SWIDTH 1000 0
DWIDTH 22 0
BBX 20 20 1 0
BITMAP
00FC00
00FC00
000000
07FFF0
07EFF0
0C6000
0C6000
186000
186000
186000
306FE0
307FE0
306000
7F6000
7FE000
406000
C06000
C06000
C07FF0
C07FF0
ENDCHAR
STARTCHAR uni01E3
ENCODING 483
SWIDTH 889 0
DWIDTH 20 0
BBX 17 15 1 0
BITMAP
03F000
03F000
000000
1E3C00
7F7F00
61C300
01C380
0F0180
7FFF80
F1FF80
C10000
C1C000
E3C300
7DFF00
3C3C00
ENDCHAR
STARTCHAR uni01E4
ENCODING 484
SWIDTH 778 0
DWIDTH 17 0
BBX 16 17 1 0
BITMAP
07C0
1FF0
3838
701C
600C
E000
C000
C000
C0FE
C0FE
C004
E03F
6006
701E
3836
1FF6
07C6
ENDCHAR
STARTCHAR uni01E5
ENCODING 485
SWIDTH 556 0
DWIDTH 12 0
BBX 11 17 1 -5
BITMAP
3CC0
7EC0
61C0
E0C0
C0C0
C0C0
C0C0
C0C0
E0C0
61C0
7EC0
3CC0
00C0
CFE0
E180
7F80
1E00
ENDCHAR
STARTCHAR Gcaron
ENCODING 486
SWIDTH 778 0
DWIDTH 17 0
BBX 15 21 1 0
BITMAP
0660
03C0
0180
0000
07C0
1FF0
3838
701C
600C
E000
C000
C000
C0FE
C0FE
C006
E006
6006
701E
3836
1FF6
07C6
ENDCHAR
STARTCHAR gcaron
ENCODING 487
SWIDTH 556 0
DWIDTH 12 0
BBX 10 21 1 -5
BITMAP
3300
1E00
0C00
0000
3CC0
7EC0
61C0
E0C0
C0C0
C0C0
C0C0
C0C0
E0C0
61C0
7EC0
3CC0
00C0
C0C0
E1C0
7F80
1E00
ENDCHAR
STARTCHAR uni01E8
ENCODING 488
SWIDTH 667 0
DWIDTH 15 0
BBX 13 21 2 0
BITMAP
1980
0F00
0600
0000
C070
C0E0
C1C0
C380
C700
CE00
DC00
F800
CE00
C700
C380
C380
C1C0
C0E0
C0E0
C070
C038
ENDCHAR
STARTCHAR uni01E9
ENCODING 489
SWIDTH 500 0
DWIDTH 11 0
BBX 10 21 1 0
BITMAP
CC00
7800
3000
0000
C000
C000
C000
C000
C000
C380
C700
CE00
DC00
D800
FC00
C600
C700
C300
C380
C180
C0C0
ENDCHAR
STARTCHAR uni01EA
ENCODING 490
SWIDTH 778 0
DWIDTH 17 0
BBX 15 22 1 -5
BITMAP
07C0
1FF0
3838
701C
600C
E00E
C006
C006
C006
C006
C006
E00E
600C
701C
3838
1FF0
07C0
00C0
0180
0180
01C0
00F0
ENDCHAR
STARTCHAR uni01EB
ENCODING 491
SWIDTH 556 0
DWIDTH 12 0
BBX 10 17 1 -5
BITMAP
1E00
7F80
6180
E1C0
C0C0
C0C0
C0C0
C0C0
E1C0
6180
7F80
1E00
0600
0C00
0C00
0E00
0780
ENDCHAR
STARTCHAR uni01EC
ENCODING 492
SWIDTH 778 0
DWIDTH 17 0
BBX 15 25 1 -5
BITMAP
07E0
07E0
0000
07C0
1FF0
3838
701C
600C
E00E
C006
C006
C006
C006
C006
E00E
600C
701C
3838
1FF0
07C0
00C0
0180
0180
01C0
00F0
ENDCHAR
STARTCHAR uni01ED
ENCODING 493
SWIDTH 556 0
DWIDTH 12 0
BBX 10 20 1 -5
BITMAP
3F00
3F00
0000
1E00
7F80
6180
E1C0
C0C0
C0C0
C0C0
C0C0
E1C0
6180
7F80
1E00
0600
0C00
0C00
0E00
0780
ENDCHAR
STARTCHAR uni01F0
ENCODING 496
SWIDTH 222 0
DWIDTH 5 0
BBX 6 21 -1 -5
BITMAP
CC
78
30
00
30
30
30
30
30
30
30
30
30
30
30
30
30
30
30
F0
E0
ENDCHAR
STARTCHAR uni01F4
ENCODING 500
SWIDTH 778 0
DWIDTH 17 0
BBX 15 21 1 0
BITMAP
0060
00C0
0180
0000
07C0
1FF0
3838
701C
600C
E000
C000
C000
C0FE
C0FE
C006
E006
6006
701E
3836
1FF6
07C6
ENDCHAR
STARTCHAR uni01F5
ENCODING 501
SWIDTH 556 0
DWIDTH 12 0
BBX 10 21 1 -5
BITMAP
0300
0600
0C00
0000
3CC0
7EC0
61C0
E0C0
C0C0
C0C0
C0C0
C0C0
E0C0
61C0
7EC0
3CC0
00C0
C0C0
E1C0
7F80
1E00
ENDCHAR
STARTCHAR uni01F8
ENCODING 504
SWIDTH 722 0
DWIDTH 16 0
BBX 12 21 2 0
BITMAP
1800
0C00
0600
0000
E030
E030
E030
9830
DC30
CC30
CE30
C630
C730
C330
C3B0
C1B0
C1B0
C0B0
C070
C070
C030
ENDCHAR
STARTCHAR uni01F9
ENCODING 505
SWIDTH 556 0
DWIDTH 12 0
BBX 9 16 1 0
BITMAP
3000
1800
0C00
0000
CF00
DF80
F180
E180
C180
C180
C180
C180
C180
C180
C180
C180
ENDCHAR
STARTCHAR Aringacute
ENCODING 506
SWIDTH 667 0
DWIDTH 15 0
BBX 13 26 1 0
BITMAP
00C0
0180
0300
0000
0300
0480
0480
0300
0000
0700
0700
0D80
0D80
18C0
18C0
18C0
3060
3060
3060
7FF0
7FF0
4010
C018
C018
C018
C018
ENDCHAR
STARTCHAR aringacute
ENCODING 507
SWIDTH 556 0
DWIDTH 12 0
BBX 10 21 1 0
BITMAP
0300
0600
0C00
0000
0C00
1200
1200
0C00
0000
1E00
7F80
6180
0180
0D80
7F80
F180
C180
C180
E380
7DC0
3CC0
ENDCHAR
STARTCHAR AEacute
ENCODING 508
SWIDTH 1000 0
DWIDTH 22 0
BBX 20 21 1 0
BITMAP
000600
000C00
001800
000000
07FFF0
07EFF0
0C6000
0C6000
186000
186000
186000
306FE0
307FE0
306000
7F6000
7FE000
406000
C06000
C06000
C07FF0
C07FF0
ENDCHAR
STARTCHAR aeacute
ENCODING 509
SWIDTH 889 0
DWIDTH 20 0
BBX 17 16 1 0
BITMAP
006000
00C000
018000
000000
1E3C00
7F7F00
61C300
01C380
0F0180
7FFF80
F1FF80
C10000
C1C000
E3C300
7DFF00
3C3C00
ENDCHAR
STARTCHAR Oslashacute
ENCODING 510
SWIDTH 778 0
DWIDTH 17 0
BBX 17 21 0 0
BITMAP
003000
006000
00C000
000000
03E180
0FFB00
1C1A00
380E00
301E00
703700
606300
60C300
61C300
618300
630300
760700
3C0600
380E00
2C1C00
6FF800
C3E000
ENDCHAR
STARTCHAR oslashacute
ENCODING 511
SWIDTH 611 0
DWIDTH 13 0
BBX 12 16 0 0
BITMAP
0180
0300
0600
0000
0F30
3FE0
30C0
71E0
6360
6760
6E60
6C60
78E0
30C0
7FC0
CF00
ENDCHAR
STARTCHAR uni0200
ENCODING 512
SWIDTH 667 0
DWIDTH 15 0
BBX 13 21 1 0
BITMAP
3600
1B00
0D80
0000
0700
0700
0D80
0D80
18C0
18C0
18C0
3060
3060
3060
7FF0
7FF0
4010
C018
C018
C018
C018
ENDCHAR
STARTCHAR uni0201
ENCODING 513
SWIDTH 556 0
DWIDTH 12 0
BBX 10 16 1 0
BITMAP
6C00
3600
1B00
0000
1E00
7F80
6180
0180
0D80
7F80
F180
C180
C180
E380
7DC0
3CC0
ENDCHAR
STARTCHAR uni0202
ENCODING 514
SWIDTH 667 0
DWIDTH 15 0
BBX 13 21 1 0
BITMAP
0780
0CC0
0840
0000
0700
0700
0D80
0D80
18C0
18C0
18C0
3060
3060
3060
7FF0
7FF0
4010
C018
C018
C018
C018
ENDCHAR
STARTCHAR uni0203
ENCODING 515
SWIDTH 556 0
DWIDTH 12 0
BBX 10 16 1 0
BITMAP
1E00
3300
2100
0000
1E00
7F80
6180
0180
0D80
7F80
F180
C180
C180
E380
7DC0
3CC0
ENDCHAR
STARTCHAR uni0204
ENCODING 516
SWIDTH 667 0
DWIDTH 15 0
BBX 12 21 2 0
BITMAP
6C00
3600
1B00
0000
FFE0
FFE0
C000
C000
C000
C000
C000
FFE0
FFE0
C000
C000
C000
C000
C000
C000
FFF0
FFF0
ENDCHAR
STARTCHAR uni0205
ENCODING 517
SWIDTH 556 0
DWIDTH 12 0
BBX 10 16 1 0
BITMAP
6C00
3600
1B00
0000
1E00
7F80
6180
E1C0
C0C0
FFC0
DFC0
C000
E000
6180
7F80
1E00
ENDCHAR
STARTCHAR uni0206
ENCODING 518
SWIDTH 667 0
DWIDTH 15 0
BBX 12 21 2 0
BITMAP
0F00
1980
1080
0000
FFE0
FFE0
C000
C000
C000
C000
C000
FFE0
FFE0
C000
C000
C000
C000
C000
C000
FFF0
FFF0
ENDCHAR
STARTCHAR uni0207
ENCODING 519
SWIDTH 556 0
DWIDTH 12 0
BBX 10 16 1 0
BITMAP
1E00
3300
2100
0000
1E00
7F80
6180
E1C0
C0C0
FFC0
DFC0
C000
E000
6180
7F80
1E00
ENDCHAR
STARTCHAR uni0208
ENCODING 520
SWIDTH 278 0
DWIDTH 6 0
BBX 7 21 0 0
BITMAP
D8
6C
36
00
30
30
30
30
30
30
30
30
30
30
30
30
30
30
30
30
30
ENDCHAR
STARTCHAR uni0209
ENCODING 521
SWIDTH 278 0
DWIDTH 6 0
BBX 7 16 0 0
BITMAP
D8
6C
36
00
30
30
30
30
30
30
30
30
30
30
30
30
ENDCHAR
STARTCHAR uni020A
ENCODING 522
SWIDTH 278 0
DWIDTH 6 0
BBX 6 21 0 0
BITMAP
78
CC
84
00
30
30
30
30
30
30
30
30
30
30
30
30
30
30
30
30
30
ENDCHAR
STARTCHAR uni020B
ENCODING 523
SWIDTH 278 0
DWIDTH 6 0
BBX 6 16 0 0
BITMAP
78
CC
84
00
30
30
30
30
30
30
30
30
30
30
30
30
ENDCHAR
STARTCHAR uni020C
ENCODING 524
SWIDTH 778 0
DWIDTH 17 0
BBX 15 21 1 0
BITMAP
1B00
0D80
06C0
0000
07C0
1FF0
3838
701C
600C
E00E
C006
C006
C006
C006
C006
E00E
600C
701C
3838
1FF0
07C0
ENDCHAR
STARTCHAR uni020D
ENCODING 525
SWIDTH 556 0
DWIDTH 12 0
BBX 10 16 1 0
BITMAP
6C00
3600
1B00
0000
1E00
7F80
6180
E1C0
C0C0
C0C0
C0C0
C0C0
E1C0
6180
7F80
1E00
ENDCHAR
STARTCHAR uni020E
ENCODING 526
SWIDTH 778 0
DWIDTH 17 0
BBX 15 21 1 0
BITMAP
03C0
0660
0420
0000
07C0
1FF0
3838
701C
600C
E00E
C006
C006
C006
C006
C006
E00E
600C
701C
3838
1FF0
07C0
ENDCHAR
STARTCHAR uni020F
ENCODING 527
SWIDTH 556 0
DWIDTH 12 0
BBX 10 16 1 0
BITMAP
1E00
3300
2100
0000
1E00
7F80
6180
E1C0
C0C0
C0C0
C0C0
C0C0
E1C0
6180
7F80
1E00
ENDCHAR
STARTCHAR uni0210
ENCODING 528
SWIDTH 722 0
DWIDTH 16 0
BBX 13 21 2 0
BITMAP
6C00
3600
1B00
0000
FF80
FFC0
C0E0
C070
C030
C030
C070
C0E0
FFC0
FFE0
C070
C030
C030
C030
C030
C030
C038
ENDCHAR
STARTCHAR uni0211
ENCODING 529
SWIDTH 333 0
DWIDTH 7 0
BBX 7 16 0 0
BITMAP
D8
6C
36
00
66
6E
78
70
60
60
60
60
60
60
60
60
ENDCHAR
STARTCHAR uni0212
ENCODING 530
SWIDTH 722 0
DWIDTH 16 0
BBX 13 21 2 0
BITMAP
0F00
1980
1080
0000
FF80
FFC0
C0E0
C070
C030
C030
C070
C0E0
FFC0
FFE0
C070
C030
C030
C030
C030
C030
C038
ENDCHAR
STARTCHAR uni0213
ENCODING 531
SWIDTH 333 0
DWIDTH 7 0
BBX 6 16 1 0
BITMAP
78
CC
84
00
CC
DC
F0
E0
C0
C0
C0
C0
C0
C0
C0
C0
ENDCHAR
STARTCHAR uni0214
ENCODING 532
SWIDTH 722 0
DWIDTH 16 0
BBX 12 21 2 0
BITMAP
3600
1B00
0D80
0000
C030
C030
C030
C030
C030
C030
C030
C030
C030
C030
C030
C030
C030
E070
6060
7FE0
1F80
ENDCHAR
STARTCHAR uni0215
ENCODING 533
SWIDTH 556 0
DWIDTH 12 0
BBX 9 16 1 0
BITMAP
D800
6C00
3600
0000
C180
C180
C180
C180
C180
C180
C180
C180
C380
C780
FD80
7980
ENDCHAR
STARTCHAR uni0216
ENCODING 534
SWIDTH 722 0
DWIDTH 16 0
BBX 12 21 2 0
BITMAP
0F00
1980
1080
0000
C030
C030
C030
C030
C030
C030
C030
C030
C030
C030
C030
C030
C030
E070
6060
7FE0
1F80
ENDCHAR
STARTCHAR uni0217
ENCODING 535
SWIDTH 556 0
DWIDTH 12 0
BBX 9 16 1 0
BITMAP
1E00
3300
2100
0000
C180
C180
C180
C180
C180
C180
C180
C180
C380
C780
FD80
7980
ENDCHAR
STARTCHAR Scommaaccent
ENCODING 536
SWIDTH 667 0
DWIDTH 15 0
BBX 13 23 1 -6
BITMAP
0FC0
3FE0
7070
6030
6030
6000
7800
3F00
0FC0
01F0
0070
C038
C018
C018
E038
7FF0
1FC0
0000
0300
0300
0100
0100
0200
ENDCHAR
STARTCHAR scommaaccent
ENCODING 537
SWIDTH 500 0
DWIDTH 11 0
BBX 9 18 1 -6
BITMAP
3E00
7F00
E380
C000
F000
7C00
1F00
0780
0180
E380
7F00
3E00
0000
0C00
0C00
0400
0400
0800
ENDCHAR
STARTCHAR Tcommaaccent
ENCODING 538
SWIDTH 611 0
DWIDTH 13 0
BBX 12 23 0 -6
BITMAP
FFF0
FFF0
0600
0600
0600
0600
0600
0600
0600
0600
0600
0600
0600
0600
0600
0600
0600
0000
0600
0600
0200
0200
0400
ENDCHAR
STARTCHAR tcommaaccent
ENCODING 539
SWIDTH 278 0
DWIDTH 6 0
BBX 6 22 0 -6
BITMAP
30
30
30
20
FC
FC
10
30
30
30
30
30
30
30
38
1C
00
18
18
08
08
10
ENDCHAR
STARTCHAR uni021E
ENCODING 542
SWIDTH 722 0
DWIDTH 16 0
BBX 12 21 2 0
BITMAP
1980
0F00
0600
0000
C030
C030
C030
C030
C030
C030
C030
FFF0
FFF0
C030
C030
C030
C030
C030
C030
C030
C030
ENDCHAR
STARTCHAR uni021F
ENCODING 543
SWIDTH 556 0
DWIDTH 12 0
BBX 9 21 1 0
BITMAP
CC00
7800
3000
0000
C000
C000
C000
C000
C000
CF00
DF80
F180
E180
C180
C180
C180
C180
C180
C180
C180
C180
ENDCHAR
STARTCHAR uni0226
ENCODING 550
SWIDTH 667 0
DWIDTH 15 0
BBX 13 20 1 0
BITMAP
0300
0300
0000
0700
0700
0D80
0D80
18C0
18C0
18C0
3060
3060
3060
7FF0
7FF0
4010
C018
C018
C018
C018
ENDCHAR
STARTCHAR uni0227
ENCODING 551
SWIDTH 556 0
DWIDTH 12 0
BBX 10 15 1 0
BITMAP
0C00
0C00
0000
1E00
7F80
6180
0180
0D80
7F80
F180
C180
C180
E380
7DC0
3CC0
ENDCHAR
STARTCHAR uni0228
ENCODING 552
SWIDTH 667 0
DWIDTH 15 0
BBX 12 22 2 -5
BITMAP
FFE0
FFE0
C000
C000
C000
C000
C000
FFE0
FFE0
C000
C000
C000
C000
C000
C000
FFF0
FFF0
0400
0700
0300
0300
1E00
ENDCHAR
STARTCHAR uni0229
ENCODING 553
SWIDTH 556 0
DWIDTH 12 0
BBX 10 17 1 -5
BITMAP
1E00
7F80
6180
E1C0
C0C0
FFC0
DFC0
C000
E000
6180
7F80
1E00
0800
0E00
0600
0600
3C00
ENDCHAR
STARTCHAR uni022A
ENCODING 554
SWIDTH 778 0
DWIDTH 17 0
BBX 15 23 1 0
BITMAP
07E0
07E0
0000
0660
0660
0000
07C0
1FF0
3838
701C
600C
E00E
C006
C006
C006
C006
C006
E00E
600C
701C
3838
1FF0
07C0
ENDCHAR
STARTCHAR uni022B
ENCODING 555
SWIDTH 556 0
DWIDTH 12 0
BBX 10 19 1 0
BITMAP
3F00
3F00
0000
3300
3300
0000
0000
1E00
7F80
6180
E1C0
C0C0
C0C0
C0C0
C0C0
E1C0
6180
7F80
1E00
ENDCHAR
STARTCHAR uni022C
ENCODING 556
SWIDTH 778 0
DWIDTH 17 0
BBX 15 24 1 0
BITMAP
07E0
07E0
0000
0320
07E0
04C0
0000
07C0
1FF0
3838
701C
600C
E00E
C006
C006
C006
C006
C006
E00E
600C
701C
3838
1FF0
07C0
ENDCHAR
STARTCHAR uni022D
ENCODING 557
SWIDTH 556 0
DWIDTH 12 0
BBX 10 19 1 0
BITMAP
3F00
3F00
0000
1900
3F00
2600
0000
1E00
7F80
6180
E1C0
C0C0
C0C0
C0C0
C0C0
E1C0
6180
7F80
1E00
ENDCHAR
STARTCHAR uni022E
ENCODING 558
SWIDTH 778 0
DWIDTH 17 0
BBX 15 20 1 0
BITMAP
0180
0180
0000
07C0
1FF0
3838
701C
600C
E00E
C006
C006
C006
C006
C006
E00E
600C
701C
3838
1FF0
07C0
ENDCHAR
STARTCHAR uni022F
ENCODING 559
SWIDTH 556 0
DWIDTH 12 0
BBX 10 15 1 0
BITMAP
0C00
0C00
0000
1E00
7F80
6180
E1C0
C0C0
C0C0
C0C0
C0C0
E1C0
6180
7F80
1E00
ENDCHAR
STARTCHAR uni0230
ENCODING 560
SWIDTH 778 0
DWIDTH 17 0
BBX 15 23 1 0
BITMAP
07E0
07E0
0000
0180
0180
0000
07C0
1FF0
3838
701C
600C
E00E
C006
C006
C006
C006
C006
E00E
600C
701C
3838
1FF0
07C0
ENDCHAR
STARTCHAR uni0231
ENCODING 561
SWIDTH 556 0
DWIDTH 12 0
BBX 10 18 1 0
BITMAP
3F00
3F00
0000
0C00
0C00
0000
1E00
7F80
6180
E1C0
C0C0
C0C0
C0C0
C0C0
E1C0
6180
7F80
1E00
ENDCHAR
STARTCHAR uni0232
ENCODING 562
SWIDTH 667 0
DWIDTH 15 0
BBX 13 20 1 0
BITMAP
0FC0
0FC0
0000
C018
E038
6030
3060
3060
18C0
18C0
0D80
0F80
0700
0300
0300
0300
0300
0300
0300
0300
ENDCHAR
STARTCHAR uni0233
ENCODING 563
SWIDTH 500 0
DWIDTH 11 0
BBX 9 20 1 -5
BITMAP
3F00
3F00
0000
C180
C180
C180
6300
6300
6300
3600
3600
3600
1C00
1C00
1800
1800
1800
3000
F000
E000
ENDCHAR
STARTCHAR uni0250
ENCODING 592
SWIDTH 556 0
DWIDTH 12 0
BBX 10 12 1 0
BITMAP
CF00
EF80
71C0
60C0
60C0
63C0
7F80
6C00
6000
6180
7F80
1E00
ENDCHAR
STARTCHAR uni0254
ENCODING 596
SWIDTH 500 0
DWIDTH 11 0
BBX 9 12 1 0
BITMAP
3C00
FF00
C300
C380
0180
0180
0180
0180
C380
C300
FF00
3C00
ENDCHAR
STARTCHAR uni0258
ENCODING 600
SWIDTH 556 0
DWIDTH 12 0
BBX 10 12 1 0
BITMAP
1E00
7F80
6180
E1C0
C0C0
FFC0
FEC0
00C0
01C0
6180
7F80
1E00
ENDCHAR
STARTCHAR uni0259
ENCODING 601
SWIDTH 556 0
DWIDTH 12 0
BBX 10 12 1 0
BITMAP
1E00
7F80
6180
01C0
00C0
FEC0
FFC0
C0C0
E1C0
6180
7F80
1E00
ENDCHAR
STARTCHAR uni025F
ENCODING 607
SWIDTH 278 0
DWIDTH 6 0
BBX 6 17 0 -5
BITMAP
30
30
30
30
30
30
30
30
30
20
FC
FC
10
30
30
F0
E0
ENDCHAR
STARTCHAR uni0265
ENCODING 613
SWIDTH 556 0
DWIDTH 12 0
BBX 9 17 1 -5
BITMAP
C180
C180
C180
C180
C180
C180
C180
C180
C380
C780
FD80
7980
0180
0180
0180
0180
0180
ENDCHAR
STARTCHAR uni0275
ENCODING 629
SWIDTH 556 0
DWIDTH 12 0
BBX 10 12 1 0
BITMAP
1E00
7F80
6180
E1C0
C0C0
FFC0
C0C0
C0C0
E1C0
6180
7F80
1E00
ENDCHAR
STARTCHAR uni0279
ENCODING 633
SWIDTH 333 0
DWIDTH 7 0
BBX 6 12 1 0
BITMAP
0C
0C
0C
0C
0C
0C
0C
0C
1C
3C
EC
CC
ENDCHAR
STARTCHAR uni0287
ENCODING 647
SWIDTH 278 0
DWIDTH 6 0
BBX 6 16 0 -4
BITMAP
E0
70
30
30
30
30
30
30
30
20
FC
FC
10
30
30
30
ENDCHAR
STARTCHAR uni0288
ENCODING 648
SWIDTH 278 0
DWIDTH 7 0
BBX 7 21 0 -5
BITMAP
30
30
30
20
FC
FC
10
30
30
30
30
30
30
30
30
30
30
30
30
1E
0E
ENDCHAR
STARTCHAR uni0289
ENCODING 649
SWIDTH 556 0
DWIDTH 12 0
BBX 9 12 1 0
BITMAP
C180
C180
C180
C180
C180
FF80
C180
C180
C380
C780
FD80
7980
ENDCHAR
STARTCHAR uni028C
ENCODING 652
SWIDTH 500 0
DWIDTH 11 0
BBX 9 12 1 0
BITMAP
1C00
1C00
1C00
3600
3600
3600
6300
6300
6300
C180
C180
C180
ENDCHAR
STARTCHAR uni028D
ENCODING 653
SWIDTH 722 0
DWIDTH 16 0
BBX 14 12 1 0
BITMAP
3870
3870
3870
2CD0
6CD8
6CD8
6CD8
6798
C78C
C30C
C30C
C30C
ENDCHAR
STARTCHAR uni028E
ENCODING 654
SWIDTH 500 0
DWIDTH 11 0
BBX 9 17 1 0
BITMAP
0380
0780
0600
0C00
0C00
0C00
1C00
1C00
3600
3600
3600
6300
6300
6300
C180
C180
C180
ENDCHAR
STARTCHAR uni029E
ENCODING 670
SWIDTH 500 0
DWIDTH 11 0
BBX 10 17 1 -5
BITMAP
C0C0
60C0
70C0
30C0
38C0
18C0
0FC0
06C0
0EC0
1CC0
38C0
70C0
00C0
00C0
00C0
00C0
00C0
ENDCHAR
STARTCHAR uni02BB
ENCODING 699
SWIDTH 222 0
DWIDTH 5 0
BBX 2 5 2 12
BITMAP
40
80
80
C0
C0
ENDCHAR
STARTCHAR afii57929
ENCODING 700
SWIDTH 222 0
DWIDTH 5 0
BBX 2 5 1 12
BITMAP
C0
C0
40
40
80
ENDCHAR
STARTCHAR afii64937
ENCODING 701
SWIDTH 222 0
DWIDTH 5 0
BBX 2 5 2 12
BITMAP
C0
C0
80
80
40
ENDCHAR
STARTCHAR circumflex
ENCODING 710
SWIDTH 333 0
DWIDTH 7 0
BBX 6 3 0 13
BITMAP
30
78
CC
ENDCHAR
STARTCHAR caron
ENCODING 711
SWIDTH 333 0
DWIDTH 7 0
BBX 6 3 0 13
BITMAP
CC
78
30
ENDCHAR
STARTCHAR uni02C8
ENCODING 712
SWIDTH 191 0
DWIDTH 4 0
BBX 2 5 1 12
BITMAP
C0
C0
C0
C0
C0
ENDCHAR
STARTCHAR macron
ENCODING 713
SWIDTH 333 0
DWIDTH 7 0
BBX 6 2 0 13
BITMAP
FC
FC
ENDCHAR
STARTCHAR uni02CA
ENCODING 714
SWIDTH 333 0
DWIDTH 7 0
BBX 4 3 2 13
BITMAP
30
60
C0
ENDCHAR
STARTCHAR uni02CB
ENCODING 715
SWIDTH 333 0
DWIDTH 7 0
BBX 4 3 1 13
BITMAP
C0
60
30
ENDCHAR
STARTCHAR uni02CD
ENCODING 717
SWIDTH 333 0
DWIDTH 7 0
BBX 6 2 0 -3
BITMAP
FC
FC
ENDCHAR
STARTCHAR uni02CE
ENCODING 718
SWIDTH 333 0
DWIDTH 7 0
BBX 4 3 1 -4
BITMAP
C0
60
30
ENDCHAR
STARTCHAR uni02CF
ENCODING 719
SWIDTH 333 0
DWIDTH 7 0
BBX 4 3 2 -4
BITMAP
30
60
C0
ENDCHAR
STARTCHAR breve
ENCODING 728
SWIDTH 333 0
DWIDTH 7 0
BBX 6 3 0 13
BITMAP
84
CC
78
ENDCHAR
STARTCHAR dotaccent
ENCODING 729
SWIDTH 333 0
DWIDTH 7 0
BBX 2 2 2 14
BITMAP
C0
C0
ENDCHAR
STARTCHAR ring
ENCODING 730
SWIDTH 333 0
DWIDTH 7 0
BBX 4 4 1 13
BITMAP
60
90
90
60
ENDCHAR
STARTCHAR ogonek
ENCODING 731
SWIDTH 333 0
DWIDTH 7 0
BBX 5 5 1 -5
BITMAP
60
C0
C0
E0
78
ENDCHAR
STARTCHAR tilde
ENCODING 732
SWIDTH 333 0
DWIDTH 7 0
BBX 6 3 0 13
BITMAP
64
FC
98
ENDCHAR
STARTCHAR hungarumlaut
ENCODING 733
SWIDTH 333 0
DWIDTH 7 0
BBX 7 3 0 13
BITMAP
36
6C
D8
ENDCHAR
STARTCHAR uni02EE
ENCODING 750
SWIDTH 333 0
DWIDTH 7 0
BBX 5 5 1 12
BITMAP
D8
D8
48
48
90
ENDCHAR
STARTCHAR uni037E
ENCODING 894
SWIDTH 278 0
DWIDTH 6 0
BBX 2 15 2 -3
BITMAP
C0
C0
00
00
00
00
00
00
00
00
C0
C0
40
40
80
ENDCHAR
STARTCHAR tonos
ENCODING 900
SWIDTH 333 0
DWIDTH 7 0
BBX 4 3 2 13
BITMAP
30
60
C0
ENDCHAR
STARTCHAR dieresistonos
ENCODING 901
SWIDTH 333 0
DWIDTH 7 0
BBX 6 8 0 14
BITMAP
18
18
18
18
10
00
CC
CC
ENDCHAR
STARTCHAR anoteleia
ENCODING 903
SWIDTH 278 0
DWIDTH 6 0
BBX 2 2 2 5
BITMAP
C0
C0
ENDCHAR
STARTCHAR mu
ENCODING 956
SWIDTH 556 0
DWIDTH 12 0
BBX 9 17 1 -5
BITMAP
C180
C180
C180
C180
C180
C180
C180
C180
C380
C780
FD80
F980
C000
C000
C000
C000
C000
ENDCHAR
STARTCHAR uni1E00
ENCODING 7680
SWIDTH 667 0
DWIDTH 15 0
BBX 13 22 1 -5
BITMAP
0700
0700
0D80
0D80
18C0
18C0
18C0
3060
3060
3060
7FF0
7FF0
4010
C018
C018
C018
C018
0000
0300
0480
0480
0300
ENDCHAR
STARTCHAR uni1E01
ENCODING 7681
SWIDTH 556 0
DWIDTH 12 0
BBX 10 17 1 -5
BITMAP
1E00
7F80
6180
0180
0D80
7F80
F180
C180
C180
E380
7DC0
3CC0
0000
0C00
1200
1200
0C00
ENDCHAR
STARTCHAR uni1E02
ENCODING 7682
SWIDTH 667 0
DWIDTH 15 0
BBX 12 20 2 0
BITMAP
0600
0600
0000
FF80
FFC0
C0E0
C060
C060
C060
C0E0
FFC0
FFE0
C070
C030
C030
C030
C030
C070
FFE0
FFC0
ENDCHAR
STARTCHAR uni1E03
ENCODING 7683
SWIDTH 556 0
DWIDTH 12 0
BBX 10 20 1 0
BITMAP
3000
3000
0000
C000
C000
C000
C000
C000
CF00
DF80
E180
C1C0
C0C0
C0C0
C0C0
C0C0
C1C0
E180
DF80
CF00
ENDCHAR
STARTCHAR uni1E04
ENCODING 7684
SWIDTH 667 0
DWIDTH 15 0
BBX 12 20 2 -3
BITMAP
FF80
FFC0
C0E0
C060
C060
C060
C0E0
FFC0
FFE0
C070
C030
C030
C030
C030
C070
FFE0
FFC0
0000
0600
0600
ENDCHAR
STARTCHAR uni1E05
ENCODING 7685
SWIDTH 556 0
DWIDTH 12 0
BBX 10 20 1 -3
BITMAP
C000
C000
C000
C000
C000
CF00
DF80
E180
C1C0
C0C0
C0C0
C0C0
C0C0
C1C0
E180
DF80
CF00
0000
0C00
0C00
ENDCHAR
STARTCHAR uni1E06
ENCODING 7686
SWIDTH 667 0
DWIDTH 15 0
BBX 12 20 2 -3
BITMAP
FF80
FFC0
C0E0
C060
C060
C060
C0E0
FFC0
FFE0
C070
C030
C030
C030
C030
C070
FFE0
FFC0
0000
1F80
1F80
ENDCHAR
STARTCHAR uni1E07
ENCODING 7687
SWIDTH 556 0
DWIDTH 12 0
BBX 10 20 1 -3
BITMAP
C000
C000
C000
C000
C000
CF00
DF80
E180
C1C0
C0C0
C0C0
C0C0
C0C0
C1C0
E180
DF80
CF00
0000
3F00
3F00
ENDCHAR
STARTCHAR uni1E08
ENCODING 7688
SWIDTH 722 0
DWIDTH 16 0
BBX 14 26 1 -5
BITMAP
0060
00C0
0180
0000
07C0
1FF0
3838
701C
600C
E000
C000
C000
C000
C000
C000
E00C
600C
701C
3838
1FF0
07C0
0100
01C0
00C0
00C0
0780
ENDCHAR
STARTCHAR uni1E09
ENCODING 7689
SWIDTH 500 0
DWIDTH 11 0
BBX 9 21 1 -5
BITMAP
0300
0600
0C00
0000
1E00
7F80
6180
E180
C000
C000
C000
C000
E180
6180
7F80
1E00
0800
0E00
0600
0600
3C00
ENDCHAR
STARTCHAR uni1E0A
ENCODING 7690
SWIDTH 722 0
DWIDTH 16 0
BBX 13 20 2 0
BITMAP
0600
0600
0000
FF00
FFC0
C0E0
C070
C030
C038
C018
C018
C018
C018
C018
C038
C030
C070
C0E0
FFC0
FF00
ENDCHAR
STARTCHAR uni1E0B
ENCODING 7691
SWIDTH 556 0
DWIDTH 12 0
BBX 10 20 1 0
BITMAP
0300
0300
0000
00C0
00C0
00C0
00C0
00C0
3CC0
7EC0
61C0
E0C0
C0C0
C0C0
C0C0
C0C0
E0C0
61C0
7EC0
3CC0
ENDCHAR
STARTCHAR uni1E0C
ENCODING 7692
SWIDTH 722 0
DWIDTH 16 0
BBX 13 20 2 -3
BITMAP
FF00
FFC0
C0E0
C070
C030
C038
C018
C018
C018
C018
C018
C038
C030
C070
C0E0
FFC0
FF00
0000
0600
0600
ENDCHAR
STARTCHAR uni1E0D
ENCODING 7693
SWIDTH 556 0
DWIDTH 12 0
BBX 10 20 1 -3
BITMAP
00C0
00C0
00C0
00C0
00C0
3CC0
7EC0
61C0
E0C0
C0C0
C0C0
C0C0
C0C0
E0C0
61C0
7EC0
3CC0
0000
0600
0600
ENDCHAR
STARTCHAR uni1E0E
ENCODING 7694
SWIDTH 722 0
DWIDTH 16 0
BBX 13 20 2 -3
BITMAP
FF00
FFC0
C0E0
C070
C030
C038
C018
C018
C018
C018
C018
C038
C030
C070
C0E0
FFC0
FF00
0000
1F80
1F80
ENDCHAR
STARTCHAR uni1E0F
ENCODING 7695
SWIDTH 556 0
DWIDTH 12 0
BBX 10 20 1 -3
BITMAP
00C0
00C0
00C0
00C0
00C0
3CC0
7EC0
61C0
E0C0
C0C0
C0C0
C0C0
C0C0
E0C0
61C0
7EC0
3CC0
0000
1F80
1F80
ENDCHAR
STARTCHAR uni1E10
ENCODING 7696
SWIDTH 722 0
DWIDTH 16 0
BBX 13 22 2 -5
BITMAP
FF00
FFC0
C0E0
C070
C030
C038
C018
C018
C018
C018
C018
C038
C030
C070
C0E0
FFC0
FF00
0400
0700
0300
0300
1E00
ENDCHAR
STARTCHAR uni1E11
ENCODING 7697
SWIDTH 556 0
DWIDTH 12 0
BBX 10 22 1 -5
BITMAP
00C0
00C0
00C0
00C0
00C0
3CC0
7EC0
61C0
E0C0
C0C0
C0C0
C0C0
C0C0
E0C0
61C0
7EC0
3CC0
0400
0700
0300
0300
1E00
ENDCHAR
STARTCHAR uni1E12
ENCODING 7698
SWIDTH 722 0
DWIDTH 16 0
BBX 13 21 2 -4
BITMAP
FF00
FFC0
C0E0
C070
C030
C038
C018
C018
C018
C018
C018
C038
C030
C070
C0E0
FFC0
FF00
0000
0600
0F00
1980
ENDCHAR
STARTCHAR uni1E13
ENCODING 7699
SWIDTH 556 0
DWIDTH 12 0
BBX 10 21 1 -4
BITMAP
00C0
00C0
00C0
00C0
00C0
3CC0
7EC0
61C0
E0C0
C0C0
C0C0
C0C0
C0C0
E0C0
61C0
7EC0
3CC0
0000
0600
0F00
1980
ENDCHAR
STARTCHAR uni1E14
ENCODING 7700
SWIDTH 667 0
DWIDTH 15 0
BBX 12 24 2 0
BITMAP
1800
0C00
0600
0000
1F80
1F80
0000
FFE0
FFE0
C000
C000
C000
C000
C000
FFE0
FFE0
C000
C000
C000
C000
C000
C000
FFF0
FFF0
ENDCHAR
STARTCHAR uni1E15
ENCODING 7701
SWIDTH 556 0
DWIDTH 12 0
BBX 10 19 1 0
BITMAP
3000
1800
0C00
0000
3F00
3F00
0000
1E00
7F80
6180
E1C0
C0C0
FFC0
DFC0
C000
E000
6180
7F80
1E00
ENDCHAR
STARTCHAR uni1E16
ENCODING 7702
SWIDTH 667 0
DWIDTH 15 0
BBX 12 24 2 0
BITMAP
0180
0300
0600
0000
1F80
1F80
0000
FFE0
FFE0
C000
C000
C000
C000
C000
FFE0
FFE0
C000
C000
C000
C000
C000
C000
FFF0
FFF0
ENDCHAR
STARTCHAR uni1E17
ENCODING 7703
SWIDTH 556 0
DWIDTH 12 0
BBX 10 19 1 0
BITMAP
0300
0600
0C00
0000
3F00
3F00
0000
1E00
7F80
6180
E1C0
C0C0
FFC0
DFC0
C000
E000
6180
7F80
1E00
ENDCHAR
STARTCHAR uni1E18
ENCODING 7704
SWIDTH 667 0
DWIDTH 15 0
BBX 12 21 2 -4
BITMAP
FFE0
FFE0
C000
C000
C000
C000
C000
FFE0
FFE0
C000
C000
C000
C000
C000
C000
FFF0
FFF0
0000
0600
0F00
1980
ENDCHAR
STARTCHAR uni1E19
ENCODING 7705
SWIDTH 556 0
DWIDTH 12 0
BBX 10 16 1 -4
BITMAP
1E00
7F80
6180
E1C0
C0C0
FFC0
DFC0
C000
E000
6180
7F80
1E00
0000
0C00
1E00
3300
ENDCHAR
STARTCHAR uni1E1A
ENCODING 7706
SWIDTH 667 0
DWIDTH 15 0
BBX 12 21 2 -4
BITMAP
FFE0
FFE0
C000
C000
C000
C000
C000
FFE0
FFE0
C000
C000
C000
C000
C000
C000
FFF0
FFF0
0000
0C80
1F80
1300
ENDCHAR
STARTCHAR uni1E1B
ENCODING 7707
SWIDTH 556 0
DWIDTH 12 0
BBX 10 16 1 -4
BITMAP
1E00
7F80
6180
E1C0
C0C0
FFC0
DFC0
C000
E000
6180
7F80
1E00
0000
1900
3F00
2600
ENDCHAR
STARTCHAR uni1E1C
ENCODING 7708
SWIDTH 667 0
DWIDTH 15 0
BBX 12 26 2 -5
BITMAP
1080
1980
0F00
0000
FFE0
FFE0
C000
C000
C000
C000
C000
FFE0
FFE0
C000
C000
C000
C000
C000
C000
FFF0
FFF0
0400
0700
0300
0300
1E00
ENDCHAR
STARTCHAR uni1E1D
ENCODING 7709
SWIDTH 556 0
DWIDTH 12 0
BBX 10 21 1 -5
BITMAP
2100
3300
1E00
0000
1E00
7F80
6180
E1C0
C0C0
FFC0
DFC0
C000
E000
6180
7F80
1E00
0800
0E00
0600
0600
3C00
ENDCHAR
STARTCHAR uni1E1E
ENCODING 7710
SWIDTH 611 0
DWIDTH 13 0
BBX 11 20 2 0
BITMAP
0600
0600
0000
FFE0
FFE0
C000
C000
C000
C000
C000
FFC0
FFC0
C000
C000
C000
C000
C000
C000
C000
C000
ENDCHAR
STARTCHAR uni1E1F
ENCODING 7711
SWIDTH 278 0
DWIDTH 6 0
BBX 6 20 0 0
BITMAP
18
18
00
1C
3C
30
30
20
FC
FC
10
30
30
30
30
30
30
30
30
30
ENDCHAR
STARTCHAR uni1E20
ENCODING 7712
SWIDTH 778 0
DWIDTH 17 0
BBX 15 20 1 0
BITMAP
07E0
07E0
0000
07C0
1FF0
3838
701C
600C
E000
C000
C000
C0FE
C0FE
C006
E006
6006
701E
3836
1FF6
07C6
ENDCHAR
STARTCHAR uni1E21
ENCODING 7713
SWIDTH 556 0
DWIDTH 12 0
BBX 10 20 1 -5
BITMAP
3F00
3F00
0000
3CC0
7EC0
61C0
E0C0
C0C0
C0C0
C0C0
C0C0
E0C0
61C0
7EC0
3CC0
00C0
C0C0
E1C0
7F80
1E00
ENDCHAR
STARTCHAR uni1E22
ENCODING 7714
SWIDTH 722 0
DWIDTH 16 0
BBX 12 20 2 0
BITMAP
0600
0600
0000
C030
C030
C030
C030
C030
C030
C030
FFF0
FFF0
C030
C030
C030
C030
C030
C030
C030
C030
ENDCHAR
STARTCHAR uni1E23
ENCODING 7715
SWIDTH 556 0
DWIDTH 12 0
BBX 9 20 1 0
BITMAP
3000
3000
0000
C000
C000
C000
C000
C000
CF00
DF80
F180
E180
C180
C180
C180
C180
C180
C180
C180
C180
ENDCHAR
STARTCHAR uni1E24
ENCODING 7716
SWIDTH 722 0
DWIDTH 16 0
BBX 12 20 2 -3
BITMAP
C030
C030
C030
C030
C030
C030
C030
FFF0
FFF0
C030
C030
C030
C030
C030
C030
C030
C030
0000
0600
0600
ENDCHAR
STARTCHAR uni1E25
ENCODING 7717
SWIDTH 556 0
DWIDTH 12 0
BBX 9 20 1 -3
BITMAP
C000
C000
C000
C000
C000
CF00
DF80
F180
E180
C180
C180
C180
C180
C180
C180
C180
C180
0000
0C00
0C00
ENDCHAR
STARTCHAR uni1E26
ENCODING 7718
SWIDTH 722 0
DWIDTH 16 0
BBX 12 20 2 0
BITMAP
1980
1980
0000
C030
C030
C030
C030
C030
C030
C030
FFF0
FFF0
C030
C030
C030
C030
C030
C030
C030
C030
ENDCHAR
STARTCHAR uni1E27
ENCODING 7719
SWIDTH 556 0
DWIDTH 12 0
BBX 9 20 1 0
BITMAP
CC00
CC00
0000
C000
C000
C000
C000
C000
CF00
DF80
F180
E180
C180
C180
C180
C180
C180
C180
C180
C180
ENDCHAR
STARTCHAR uni1E28
ENCODING 7720
SWIDTH 722 0
DWIDTH 16 0
BBX 12 22 2 -5
BITMAP
C030
C030
C030
C030
C030
C030
C030
FFF0
FFF0
C030
C030
C030
C030
C030
C030
C030
C030
0400
0700
0300
0300
1E00
ENDCHAR
STARTCHAR uni1E29
ENCODING 7721
SWIDTH 556 0
DWIDTH 12 0
BBX 9 22 1 -5
BITMAP
C000
C000
C000
C000
C000
CF00
DF80
F180
E180
C180
C180
C180
C180
C180
C180
C180
C180
0800
0E00
0600
0600
3C00
ENDCHAR
STARTCHAR uni1E2A
ENCODING 7722
SWIDTH 722 0
DWIDTH 16 0
BBX 12 21 2 -4
BITMAP
C030
C030
C030
C030
C030
C030
C030
FFF0
FFF0
C030
C030
C030
C030
C030
C030
C030
C030
0000
1080
1980
0F00
ENDCHAR
STARTCHAR uni1E2B
ENCODING 7723
SWIDTH 556 0
DWIDTH 12 0
BBX 9 21 1 -4
BITMAP
C000
C000
C000
C000
C000
CF00
DF80
F180
E180
C180
C180
C180
C180
C180
C180
C180
C180
0000
2100
3300
1E00
ENDCHAR
STARTCHAR uni1E2C
ENCODING 7724
SWIDTH 278 0
DWIDTH 6 0
BBX 6 21 0 -4
BITMAP
30
30
30
30
30
30
30
30
30
30
30
30
30
30
30
30
30
00
64
FC
98
ENDCHAR
STARTCHAR uni1E2D
ENCODING 7725
SWIDTH 222 0
DWIDTH 5 0
BBX 6 21 -1 -4
BITMAP
30
30
00
00
00
30
30
30
30
30
30
30
30
30
30
30
30
00
64
FC
98
ENDCHAR
STARTCHAR uni1E2E
ENCODING 7726
SWIDTH 278 0
DWIDTH 6 0
BBX 6 24 0 0
BITMAP
0C
18
30
00
CC
CC
00
30
30
30
30
30
30
30
30
30
30
30
30
30
30
30
30
30
ENDCHAR
STARTCHAR uni1E2F
ENCODING 7727
SWIDTH 278 0
DWIDTH 6 0
BBX 6 20 0 0
BITMAP
0C
18
30
00
CC
CC
00
00
30
30
30
30
30
30
30
30
30
30
30
30
ENDCHAR
STARTCHAR uni1E30
ENCODING 7728
SWIDTH 667 0
DWIDTH 15 0
BBX 13 21 2 0
BITMAP
0180
0300
0600
0000
C070
C0E0
C1C0
C380
C700
CE00
DC00
F800
CE00
C700
C380
C380
C1C0
C0E0
C0E0
C070
C038
ENDCHAR
STARTCHAR uni1E31
ENCODING 7729
SWIDTH 500 0
DWIDTH 11 0
BBX 10 21 1 0
BITMAP
0C00
1800
3000
0000
C000
C000
C000
C000
C000
C380
C700
CE00
DC00
D800
FC00
C600
C700
C300
C380
C180
C0C0
ENDCHAR
STARTCHAR uni1E32
ENCODING 7730
SWIDTH 667 0
DWIDTH 15 0
BBX 13 20 2 -3
BITMAP
C070
C0E0
C1C0
C380
C700
CE00
DC00
F800
CE00
C700
C380
C380
C1C0
C0E0
C0E0
C070
C038
0000
0300
0300
ENDCHAR
STARTCHAR uni1E33
ENCODING 7731
SWIDTH 500 0
DWIDTH 11 0
BBX 10 20 1 -3
BITMAP
C000
C000
C000
C000
C000
C380
C700
CE00
DC00
D800
FC00
C600
C700
C300
C380
C180
C0C0
0000
0C00
0C00
ENDCHAR
STARTCHAR uni1E34
ENCODING 7732
SWIDTH 667 0
DWIDTH 15 0
BBX 13 20 2 -3
BITMAP
C070
C0E0
C1C0
C380
C700
CE00
DC00
F800
CE00
C700
C380
C380
C1C0
C0E0
C0E0
C070
C038
0000
0FC0
0FC0
ENDCHAR
STARTCHAR uni1E35
ENCODING 7733
SWIDTH 500 0
DWIDTH 11 0
BBX 10 20 1 -3
BITMAP
C000
C000
C000
C000
C000
C380
C700
CE00
DC00
D800
FC00
C600
C700
C300
C380
C180
C0C0
0000
3F00
3F00
ENDCHAR
STARTCHAR uni1E36
ENCODING 7734
SWIDTH 556 0
DWIDTH 12 0
BBX 10 20 2 -3
BITMAP
C000
C000
C000
C000
C000
C000
C000
C000
C000
C000
C000
C000
C000
C000
C000
FFC0
FFC0
0000
0C00
0C00
ENDCHAR
STARTCHAR uni1E37
ENCODING 7735
SWIDTH 222 0
DWIDTH 5 0
BBX 2 20 1 -3
BITMAP
C0
C0
C0
C0
C0
C0
C0
C0
C0
C0
C0
C0
C0
C0
C0
C0
C0
00
C0
C0
ENDCHAR
STARTCHAR uni1E38
ENCODING 7736
SWIDTH 556 0
DWIDTH 12 0
BBX 10 23 2 -3
BITMAP
FC00
FC00
0000
C000
C000
C000
C000
C000
C000
C000
C000
C000
C000
C000
C000
C000
C000
C000
FFC0
FFC0
0000
0C00
0C00
ENDCHAR
STARTCHAR uni1E39
ENCODING 7737
SWIDTH 222 0
DWIDTH 5 0
BBX 6 23 -1 -3
BITMAP
FC
FC
00
30
30
30
30
30
30
30
30
30
30
30
30
30
30
30
30
30
00
30
30
ENDCHAR
STARTCHAR uni1E3A
ENCODING 7738
SWIDTH 556 0
DWIDTH 12 0
BBX 10 20 2 -3
BITMAP
C000
C000
C000
C000
C000
C000
C000
C000
C000
C000
C000
C000
C000
C000
C000
FFC0
FFC0
0000
3F00
3F00
ENDCHAR
STARTCHAR uni1E3B
ENCODING 7739
SWIDTH 222 0
DWIDTH 5 0
BBX 6 20 -1 -3
BITMAP
30
30
30
30
30
30
30
30
30
30
30
30
30
30
30
30
30
00
FC
FC
ENDCHAR
STARTCHAR uni1E3C
ENCODING 7740
SWIDTH 556 0
DWIDTH 12 0
BBX 10 21 2 -4
BITMAP
C000
C000
C000
C000
C000
C000
C000
C000
C000
C000
C000
C000
C000
C000
C000
FFC0
FFC0
0000
0C00
1E00
3300
ENDCHAR
STARTCHAR uni1E3D
ENCODING 7741
SWIDTH 222 0
DWIDTH 5 0
BBX 6 21 -1 -4
BITMAP
30
30
30
30
30
30
30
30
30
30
30
30
30
30
30
30
30
00
30
78
CC
ENDCHAR
STARTCHAR uni1E3E
ENCODING 7742
SWIDTH 833 0
DWIDTH 18 0
BBX 16 21 1 0
BITMAP
0060
00C0
0180
0000
F00F
D81B
D81B
D81B
D81B
CC33
CC33
CC33
CC33
C663
C663
C663
C663
C3C3
C3C3
C183
C183
ENDCHAR
STARTCHAR uni1E3F
ENCODING 7743
SWIDTH 833 0
DWIDTH 18 0
BBX 16 16 1 0
BITMAP
0060
00C0
0180
0000
CF1E
DFBF
F1E3
E1C3
C183
C183
C183
C183
C183
C183
C183
C183
ENDCHAR
STARTCHAR uni1E40
ENCODING 7744
SWIDTH 833 0
DWIDTH 18 0
BBX 16 20 1 0
BITMAP
0180
0180
0000
F00F
D81B
D81B
D81B
D81B
CC33
CC33
CC33
CC33
C663
C663
C663
C663
C3C3
C3C3
C183
C183
ENDCHAR
STARTCHAR uni1E41
ENCODING 7745
SWIDTH 833 0
DWIDTH 18 0
BBX 16 15 1 0
BITMAP
0180
0180
0000
CF1E
DFBF
F1E3
E1C3
C183
C183
C183
C183
C183
C183
C183
C183
ENDCHAR
STARTCHAR uni1E42
ENCODING 7746
SWIDTH 833 0
DWIDTH 18 0
BBX 16 20 1 -3
BITMAP
F00F
D81B
D81B
D81B
D81B
CC33
CC33
CC33
CC33
C663
C663
C663
C663
C3C3
C3C3
C183
C183
0000
0180
0180
ENDCHAR
STARTCHAR uni1E43
ENCODING 7747
SWIDTH 833 0
DWIDTH 18 0
BBX 16 15 1 -3
BITMAP
CF1E
DFBF
F1E3
E1C3
C183
C183
C183
C183
C183
C183
C183
C183
0000
0180
0180
ENDCHAR
STARTCHAR uni1E44
ENCODING 7748
SWIDTH 722 0
DWIDTH 16 0
BBX 12 20 2 0
BITMAP
0600
0600
0000
E030
E030
E030
9830
DC30
CC30
CE30
C630
C730
C330
C3B0
C1B0
C1B0
C0B0
C070
C070
C030
ENDCHAR
STARTCHAR uni1E45
ENCODING 7749
SWIDTH 556 0
DWIDTH 12 0
BBX 9 15 1 0
BITMAP
0C00
0C00
0000
CF00
DF80
F180
E180
C180
C180
C180
C180
C180
C180
C180
C180
ENDCHAR
STARTCHAR uni1E46
ENCODING 7750
SWIDTH 722 0
DWIDTH 16 0
BBX 12 20 2 -3
BITMAP
E030
E030
E030
9830
DC30
CC30
CE30
C630
C730
C330
C3B0
C1B0
C1B0
C0B0
C070
C070
C030
0000
0600
0600
ENDCHAR
STARTCHAR uni1E47
ENCODING 7751
SWIDTH 556 0
DWIDTH 12 0
BBX 9 15 1 -3
BITMAP
CF00
DF80
F180
E180
C180
C180
C180
C180
C180
C180
C180
C180
0000
0C00
0C00
ENDCHAR
STARTCHAR uni1E48
ENCODING 7752
SWIDTH 722 0
DWIDTH 16 0
BBX 12 20 2 -3
BITMAP
E030
E030
E030
9830
DC30
CC30
CE30
C630
C730
C330
C3B0
C1B0
C1B0
C0B0
C070
C070
C030
0000
1F80
1F80
ENDCHAR
STARTCHAR uni1E49
ENCODING 7753
SWIDTH 556 0
DWIDTH 12 0
BBX 9 15 1 -3
BITMAP
CF00
DF80
F180
E180
C180
C180
C180
C180
C180
C180
C180
C180
0000
3F00
3F00
ENDCHAR
STARTCHAR uni1E4A
ENCODING 7754
SWIDTH 722 0
DWIDTH 16 0
BBX 12 21 2 -4
BITMAP
E030
E030
E030
9830
DC30
CC30
CE30
C630
C730
C330
C3B0
C1B0
C1B0
C0B0
C070
C070
C030
0000
0600
0F00
1980
ENDCHAR
STARTCHAR uni1E4B
ENCODING 7755
SWIDTH 556 0
DWIDTH 12 0
BBX 9 16 1 -4
BITMAP
CF00
DF80
F180
E180
C180
C180
C180
C180
C180
C180
C180
C180
0000
0C00
1E00
3300
ENDCHAR
STARTCHAR uni1E4C
ENCODING 7756
SWIDTH 778 0
DWIDTH 17 0
BBX 15 25 1 0
BITMAP
0060
00C0
0180
0000
0320
07E0
04C0
0000
07C0
1FF0
3838
701C
600C
E00E
C006
C006
C006
C006
C006
E00E
600C
701C
3838
1FF0
07C0
ENDCHAR
STARTCHAR uni1E4D
ENCODING 7757
SWIDTH 556 0
DWIDTH 12 0
BBX 10 20 1 0
BITMAP
0300
0600
0C00
0000
1900
3F00
2600
0000
1E00
7F80
6180
E1C0
C0C0
C0C0
C0C0
C0C0
E1C0
6180
7F80
1E00
ENDCHAR
STARTCHAR uni1E4E
ENCODING 7758
SWIDTH 778 0
DWIDTH 17 0
BBX 15 24 1 0
BITMAP
0660
0660
0000
0320
07E0
04C0
0000
07C0
1FF0
3838
701C
600C
E00E
C006
C006
C006
C006
C006
E00E
600C
701C
3838
1FF0
07C0
ENDCHAR
STARTCHAR uni1E4F
ENCODING 7759
SWIDTH 556 0
DWIDTH 12 0
BBX 10 19 1 0
BITMAP
3300
3300
0000
1900
3F00
2600
0000
1E00
7F80
6180
E1C0
C0C0
C0C0
C0C0
C0C0
E1C0
6180
7F80
1E00
ENDCHAR
STARTCHAR uni1E50
ENCODING 7760
SWIDTH 778 0
DWIDTH 17 0
BBX 15 24 1 0
BITMAP
0600
0300
0180
0000
07E0
07E0
0000
07C0
1FF0
3838
701C
600C
E00E
C006
C006
C006
C006
C006
E00E
600C
701C
3838
1FF0
07C0
ENDCHAR
STARTCHAR uni1E51
ENCODING 7761
SWIDTH 556 0
DWIDTH 12 0
BBX 10 19 1 0
BITMAP
3000
1800
0C00
0000
3F00
3F00
0000
1E00
7F80
6180
E1C0
C0C0
C0C0
C0C0
C0C0
E1C0
6180
7F80
1E00
ENDCHAR
STARTCHAR uni1E52
ENCODING 7762
SWIDTH 778 0
DWIDTH 17 0
BBX 15 24 1 0
BITMAP
0060
00C0
0180
0000
07E0
07E0
0000
07C0
1FF0
3838
701C
600C
E00E
C006
C006
C006
C006
C006
E00E
600C
701C
3838
1FF0
07C0
ENDCHAR
STARTCHAR uni1E53
ENCODING 7763
SWIDTH 556 0
DWIDTH 12 0
BBX 10 19 1 0
BITMAP
0300
0600
0C00
0000
3F00
3F00
0000
1E00
7F80
6180
E1C0
C0C0
C0C0
C0C0
C0C0
E1C0
6180
7F80
1E00
ENDCHAR
STARTCHAR uni1E54
ENCODING 7764
SWIDTH 667 0
DWIDTH 15 0
BBX 12 21 2 0
BITMAP
0180
0300
0600
0000
FF80
FFC0
C0E0
C070
C030
C030
C070
C0E0
FFC0
FF80
C000
C000
C000
C000
C000
C000
C000
ENDCHAR
STARTCHAR uni1E55
ENCODING 7765
SWIDTH 556 0
DWIDTH 12 0
BBX 10 21 1 -5
BITMAP
0600
0C00
1800
0000
CF00
DF80
E180
C1C0
C0C0
C0C0
C0C0
C0C0
C1C0
E180
DF80
CF00
C000
C000
C000
C000
C000
ENDCHAR
STARTCHAR uni1E56
ENCODING 7766
SWIDTH 667 0
DWIDTH 15 0
BBX 12 20 2 0
BITMAP
0600
0600
0000
FF80
FFC0
C0E0
C070
C030
C030
C070
C0E0
FFC0
FF80
C000
C000
C000
C000
C000
C000
C000
ENDCHAR
STARTCHAR uni1E57
ENCODING 7767
SWIDTH 556 0
DWIDTH 12 0
BBX 10 20 1 -5
BITMAP
0C00
0C00
0000
CF00
DF80
E180
C1C0
C0C0
C0C0
C0C0
C0C0
C1C0
E180
DF80
CF00
C000
C000
C000
C000
C000
ENDCHAR
STARTCHAR uni1E58
ENCODING 7768
SWIDTH 722 0
DWIDTH 16 0
BBX 13 20 2 0
BITMAP
0600
0600
0000
FF80
FFC0
C0E0
C070
C030
C030
C070
C0E0
FFC0
FFE0
C070
C030
C030
C030
C030
C030
C038
ENDCHAR
STARTCHAR uni1E59
ENCODING 7769
SWIDTH 333 0
DWIDTH 7 0
BBX 6 15 1 0
BITMAP
30
30
00
CC
DC
F0
E0
C0
C0
C0
C0
C0
C0
C0
C0
ENDCHAR
STARTCHAR uni1E5A
ENCODING 7770
SWIDTH 722 0
DWIDTH 16 0
BBX 13 20 2 -3
BITMAP
FF80
FFC0
C0E0
C070
C030
C030
C070
C0E0
FFC0
FFE0
C070
C030
C030
C030
C030
C030
C038
0000
0300
0300
ENDCHAR
STARTCHAR uni1E5B
ENCODING 7771
SWIDTH 333 0
DWIDTH 7 0
BBX 6 15 1 -3
BITMAP
CC
DC
F0
E0
C0
C0
C0
C0
C0
C0
C0
C0
00
C0
C0
ENDCHAR
STARTCHAR uni1E5C
ENCODING 7772
SWIDTH 722 0
DWIDTH 16 0
BBX 13 23 2 -3
BITMAP
1F80
1F80
0000
FF80
FFC0
C0E0
C070
C030
C030
C070
C0E0
FFC0
FFE0
C070
C030
C030
C030
C030
C030
C038
0000
0300
0300
ENDCHAR
STARTCHAR uni1E5D
ENCODING 7773
SWIDTH 333 0
DWIDTH 7 0
BBX 6 18 1 -3
BITMAP
FC
FC
00
CC
DC
F0
E0
C0
C0
C0
C0
C0
C0
C0
C0
00
C0
C0
ENDCHAR
STARTCHAR uni1E5E
ENCODING 7774
SWIDTH 722 0
DWIDTH 16 0
BBX 13 20 2 -3
BITMAP
FF80
FFC0
C0E0
C070
C030
C030
C070
C0E0
FFC0
FFE0
C070
C030
C030
C030
C030
C030
C038
0000
0FC0
0FC0
ENDCHAR
STARTCHAR uni1E5F
ENCODING 7775
SWIDTH 333 0
DWIDTH 7 0
BBX 8 15 -1 -3
BITMAP
33
37
3C
38
30
30
30
30
30
30
30
30
00
FC
FC
ENDCHAR
STARTCHAR uni1E60
ENCODING 7776
SWIDTH 667 0
DWIDTH 15 0
BBX 13 20 1 0
BITMAP
0300
0300
0000
0FC0
3FE0
7070
6030
6030
6000
7800
3F00
0FC0
01F0
0070
C038
C018
C018
E038
7FF0
1FC0
ENDCHAR
STARTCHAR uni1E61
ENCODING 7777
SWIDTH 500 0
DWIDTH 11 0
BBX 9 15 1 0
BITMAP
0C00
0C00
0000
3E00
7F00
E380
C000
F000
7C00
1F00
0780
0180
E380
7F00
3E00
ENDCHAR
STARTCHAR uni1E62
ENCODING 7778
SWIDTH 667 0
DWIDTH 15 0
BBX 13 20 1 -3
BITMAP
0FC0
3FE0
7070
6030
6030
6000
7800
3F00
0FC0
01F0
0070
C038
C018
C018
E038
7FF0
1FC0
0000
0300
0300
ENDCHAR
STARTCHAR uni1E63
ENCODING 7779
SWIDTH 500 0
DWIDTH 11 0
BBX 9 15 1 -3
BITMAP
3E00
7F00
E380
C000
F000
7C00
1F00
0780
0180
E380
7F00
3E00
0000
0C00
0C00
ENDCHAR
STARTCHAR uni1E64
ENCODING 7780
SWIDTH 667 0
DWIDTH 15 0
BBX 13 24 1 0
BITMAP
0300
0300
0000
00C0
0180
0300
0000
0FC0
3FE0
7070
6030
6030
6000
7800
3F00
0FC0
01F0
0070
C038
C018
C018
E038
7FF0
1FC0
ENDCHAR
STARTCHAR uni1E65
ENCODING 7781
SWIDTH 500 0
DWIDTH 11 0
BBX 9 19 1 0
BITMAP
0C00
0C00
0000
0600
0C00
1800
0000
3E00
7F00
E380
C000
F000
7C00
1F00
0780
0180
E380
7F00
3E00
ENDCHAR
STARTCHAR uni1E66
ENCODING 7782
SWIDTH 667 0
DWIDTH 15 0
BBX 13 24 1 0
BITMAP
0300
0300
0000
0CC0
0780
0300
0000
0FC0
3FE0
7070
6030
6030
6000
7800
3F00
0FC0
01F0
0070
C038
C018
C018
E038
7FF0
1FC0
ENDCHAR
STARTCHAR uni1E67
ENCODING 7783
SWIDTH 500 0
DWIDTH 11 0
BBX 9 19 1 0
BITMAP
0C00
0C00
0000
3300
1E00
0C00
0000
3E00
7F00
E380
C000
F000
7C00
1F00
0780
0180
E380
7F00
3E00
ENDCHAR
STARTCHAR uni1E68
ENCODING 7784
SWIDTH 667 0
DWIDTH 15 0
BBX 13 23 1 -3
BITMAP
0300
0300
0000
0FC0
3FE0
7070
6030
6030
6000
7800
3F00
0FC0
01F0
0070
C038
C018
C018
E038
7FF0
1FC0
0000
0300
0300
ENDCHAR
STARTCHAR uni1E69
ENCODING 7785
SWIDTH 500 0
DWIDTH 11 0
BBX 9 18 1 -3
BITMAP
0C00
0C00
0000
3E00
7F00
E380
C000
F000
7C00
1F00
0780
0180
E380
7F00
3E00
0000
0C00
0C00
ENDCHAR
STARTCHAR uni1E6A
ENCODING 7786
SWIDTH 611 0
DWIDTH 13 0
BBX 12 20 0 0
BITMAP
0600
0600
0000
FBF0
FFF0
0600
0600
0600
0600
0600
0600
0600
0600
0600
0600
0600
0600
0600
0600
0600
ENDCHAR
STARTCHAR uni1E6B
ENCODING 7787
SWIDTH 278 0
DWIDTH 6 0
BBX 6 19 0 0
BITMAP
30
30
00
30
30
30
20
FC
FC
10
30
30
30
30
30
30
30
38
1C
ENDCHAR
STARTCHAR uni1E6C
ENCODING 7788
SWIDTH 611 0
DWIDTH 13 0
BBX 12 20 0 -3
BITMAP
FFF0
FFF0
0600
0600
0600
0600
0600
0600
0600
0600
0600
0600
0600
0600
0600
0600
0600
0000
0600
0600
ENDCHAR
STARTCHAR uni1E6D
ENCODING 7789
SWIDTH 278 0
DWIDTH 6 0
BBX 6 19 0 -3
BITMAP
30
30
30
20
FC
FC
10
30
30
30
30
30
30
30
38
1C
00
18
18
ENDCHAR
STARTCHAR uni1E6E
ENCODING 7790
SWIDTH 611 0
DWIDTH 13 0
BBX 12 20 0 -3
BITMAP
FFF0
FFF0
0600
0600
0600
0600
0600
0600
0600
0600
0600
0600
0600
0600
0600
0600
0600
0000
1F80
1F80
ENDCHAR
STARTCHAR uni1E6F
ENCODING 7791
SWIDTH 278 0
DWIDTH 6 0
BBX 7 19 0 -3
BITMAP
30
30
30
20
FC
FC
10
30
30
30
30
30
30
30
38
1C
00
7E
7E
ENDCHAR
STARTCHAR uni1E70
ENCODING 7792
SWIDTH 611 0
DWIDTH 13 0
BBX 12 21 0 -4
BITMAP
FFF0
FFF0
0600
0600
0600
0600
0600
0600
0600
0600
0600
0600
0600
0600
0600
0600
0600
0000
0600
0F00
1980
ENDCHAR
STARTCHAR uni1E71
ENCODING 7793
SWIDTH 278 0
DWIDTH 6 0
BBX 7 20 0 -4
BITMAP
30
30
30
20
FC
FC
10
30
30
30
30
30
30
30
38
1C
00
18
3C
66
ENDCHAR
STARTCHAR uni1E72
ENCODING 7794
SWIDTH 722 0
DWIDTH 16 0
BBX 12 20 2 -3
BITMAP
C030
C030
C030
C030
C030
C030
C030
C030
C030
C030
C030
C030
C030
E070
6060
7FE0
1F80
0000
1980
1980
ENDCHAR
STARTCHAR uni1E73
ENCODING 7795
SWIDTH 556 0
DWIDTH 12 0
BBX 9 15 1 -3
BITMAP
C180
C180
C180
C180
C180
C180
C180
C180
C380
C780
FD80
7980
0000
3300
3300
ENDCHAR
STARTCHAR uni1E74
ENCODING 7796
SWIDTH 722 0
DWIDTH 16 0
BBX 12 21 2 -4
BITMAP
C030
C030
C030
C030
C030
C030
C030
C030
C030
C030
C030
C030
C030
E070
6060
7FE0
1F80
0000
0C80
1F80
1300
ENDCHAR
STARTCHAR uni1E75
ENCODING 7797
SWIDTH 556 0
DWIDTH 12 0
BBX 9 16 1 -4
BITMAP
C180
C180
C180
C180
C180
C180
C180
C180
C380
C780
FD80
7980
0000
1900
3F00
2600
ENDCHAR
STARTCHAR uni1E76
ENCODING 7798
SWIDTH 722 0
DWIDTH 16 0
BBX 12 21 2 -4
BITMAP
C030
C030
C030
C030
C030
C030
C030
C030
C030
C030
C030
C030
C030
E070
6060
7FE0
1F80
0000
0600
0F00
1980
ENDCHAR
STARTCHAR uni1E77
ENCODING 7799
SWIDTH 556 0
DWIDTH 12 0
BBX 9 16 1 -4
BITMAP
C180
C180
C180
C180
C180
C180
C180
C180
C380
C780
FD80
7980
0000
0C00
1E00
3300
ENDCHAR
STARTCHAR uni1E78
ENCODING 7800
SWIDTH 722 0
DWIDTH 16 0
BBX 12 25 2 0
BITMAP
0180
0300
0600
0000
0C80
1F80
1300
0000
C030
C030
C030
C030
C030
C030
C030
C030
C030
C030
C030
C030
C030
E070
6060
7FE0
1F80
ENDCHAR
STARTCHAR uni1E79
ENCODING 7801
SWIDTH 556 0
DWIDTH 12 0
BBX 9 20 1 0
BITMAP
0600
0C00
1800
0000
1900
3F00
2600
0000
C180
C180
C180
C180
C180
C180
C180
C180
C380
C780
FD80
7980
ENDCHAR
STARTCHAR uni1E7A
ENCODING 7802
SWIDTH 722 0
DWIDTH 16 0
BBX 12 23 2 0
BITMAP
1980
1980
0000
1F80
1F80
0000
C030
C030
C030
C030
C030
C030
C030
C030
C030
C030
C030
C030
C030
E070
6060
7FE0
1F80
ENDCHAR
STARTCHAR uni1E7B
ENCODING 7803
SWIDTH 556 0
DWIDTH 12 0
BBX 9 18 1 0
BITMAP
3300
3300
0000
3F00
3F00
0000
C180
C180
C180
C180
C180
C180
C180
C180
C380
C780
FD80
7980
ENDCHAR
STARTCHAR uni1E7C
ENCODING 7804
SWIDTH 667 0
DWIDTH 15 0
BBX 13 21 1 0
BITMAP
0640
0FC0
0980
0000
C018
C018
E038
6030
6030
7070
3060
3060
38E0
18C0
18C0
1DC0
0D80
0D80
0700
0700
0700
ENDCHAR
STARTCHAR uni1E7D
ENCODING 7805
SWIDTH 500 0
DWIDTH 11 0
BBX 9 16 1 0
BITMAP
1900
3F00
2600
0000
C180
C180
C180
6300
6300
6300
3600
3600
3600
1C00
1C00
1C00
ENDCHAR
STARTCHAR uni1E7E
ENCODING 7806
SWIDTH 667 0
DWIDTH 15 0
BBX 13 20 1 -3
BITMAP
C018
C018
E038
6030
6030
7070
3060
3060
38E0
18C0
18C0
1DC0
0D80
0D80
0700
0700
0700
0000
0300
0300
ENDCHAR
STARTCHAR uni1E7F
ENCODING 7807
SWIDTH 500 0
DWIDTH 11 0
BBX 9 15 1 -3
BITMAP
C180
C180
C180
6300
6300
6300
3600
3600
3600
1C00
1C00
1C00
0000
0C00
0C00
ENDCHAR
STARTCHAR Wgrave
ENCODING 7808
SWIDTH 944 0
DWIDTH 21 0
BBX 19 21 1 0
BITMAP
030000
018000
00C000
000000
C0E060
C0E060
C0E060
61B0C0
61B0C0
61B0C0
61B0C0
6318C0
331980
331980
331980
360D80
360D80
360D80
1C0700
1C0700
0C0600
ENDCHAR
STARTCHAR wgrave
ENCODING 7809
SWIDTH 722 0
DWIDTH 16 0
BBX 14 16 1 0
BITMAP
0C00
0600
0300
0000
C30C
C30C
C30C
C78C
6798
6CD8
6CD8
6CD8
2CD0
3870
3870
3870
ENDCHAR
STARTCHAR Wacute
ENCODING 7810
SWIDTH 944 0
DWIDTH 21 0
BBX 19 21 1 0
BITMAP
001800
003000
006000
000000
C0E060
C0E060
C0E060
61B0C0
61B0C0
61B0C0
61B0C0
6318C0
331980
331980
331980
360D80
360D80
360D80
1C0700
1C0700
0C0600
ENDCHAR
STARTCHAR wacute
ENCODING 7811
SWIDTH 722 0
DWIDTH 16 0
BBX 14 16 1 0
BITMAP
00C0
0180
0300
0000
C30C
C30C
C30C
C78C
6798
6CD8
6CD8
6CD8
2CD0
3870
3870
3870
ENDCHAR
STARTCHAR Wdieresis
ENCODING 7812
SWIDTH 944 0
DWIDTH 21 0
BBX 19 20 1 0
BITMAP
019800
019800
000000
C0E060
C0E060
C0E060
61B0C0
61B0C0
61B0C0
61B0C0
6318C0
331980
331980
331980
360D80
360D80
360D80
1C0700
1C0700
0C0600
ENDCHAR
STARTCHAR wdieresis
ENCODING 7813
SWIDTH 722 0
DWIDTH 16 0
BBX 14 16 1 0
BITMAP
0CC0
0CC0
0000
0000
C30C
C30C
C30C
C78C
6798
6CD8
6CD8
6CD8
2CD0
3870
3870
3870
ENDCHAR
STARTCHAR uni1E86
ENCODING 7814
SWIDTH 944 0
DWIDTH 21 0
BBX 19 20 1 0
BITMAP
006000
006000
000000
C0E060
C0E060
C0E060
61B0C0
61B0C0
61B0C0
61B0C0
6318C0
331980
331980
331980
360D80
360D80
360D80
1C0700
1C0700
0C0600
ENDCHAR
STARTCHAR uni1E87
ENCODING 7815
SWIDTH 722 0
DWIDTH 16 0
BBX 14 15 1 0
BITMAP
0300
0300
0000
C30C
C30C
C30C
C78C
6798
6CD8
6CD8
6CD8
2CD0
3870
3870
3870
ENDCHAR
STARTCHAR uni1E88
ENCODING 7816
SWIDTH 944 0
DWIDTH 21 0
BBX 19 20 1 -3
BITMAP
C0E060
C0E060
C0E060
61B0C0
61B0C0
61B0C0
61B0C0
6318C0
331980
331980
331980
360D80
360D80
360D80
1C0700
1C0700
0C0600
000000
006000
006000
ENDCHAR
STARTCHAR uni1E89
ENCODING 7817
SWIDTH 722 0
DWIDTH 16 0
BBX 14 15 1 -3
BITMAP
C30C
C30C
C30C
C78C
6798
6CD8
6CD8
6CD8
2CD0
3870
3870
3870
0000
0300
0300
ENDCHAR
STARTCHAR uni1E8A
ENCODING 7818
SWIDTH 667 0
DWIDTH 15 0
BBX 13 20 1 0
BITMAP
0300
0300
0000
6030
7070
3060
18C0
1DC0
0D80
0D80
0700
0700
0D80
0D80
1DC0
18C0
3060
3060
6030
E038
ENDCHAR
STARTCHAR uni1E8B
ENCODING 7819
SWIDTH 500 0
DWIDTH 11 0
BBX 9 15 1 0
BITMAP
0C00
0C00
0000
C180
E380
7700
3600
3600
1C00
1C00
3600
3600
7700
E380
C180
ENDCHAR
STARTCHAR uni1E8C
ENCODING 7820
SWIDTH 667 0
DWIDTH 15 0
BBX 13 20 1 0
BITMAP
0CC0
0CC0
0000
6030
7070
3060
18C0
1DC0
0D80
0D80
0700
0700
0D80
0D80
1DC0
18C0
3060
3060
6030
E038
ENDCHAR
STARTCHAR uni1E8D
ENCODING 7821
SWIDTH 500 0
DWIDTH 11 0
BBX 9 16 1 0
BITMAP
3300
3300
0000
0000
C180
E380
7700
3600
3600
1C00
1C00
3600
3600
7700
E380
C180
ENDCHAR
STARTCHAR uni1E8E
ENCODING 7822
SWIDTH 667 0
DWIDTH 15 0
BBX 13 20 1 0
BITMAP
0300
0300
0000
C018
E038
6030
3060
3060
18C0
18C0
0D80
0F80
0700
0300
0300
0300
0300
0300
0300
0300
ENDCHAR
STARTCHAR uni1E8F
ENCODING 7823
SWIDTH 500 0
DWIDTH 11 0
BBX 9 20 1 -5
BITMAP
0C00
0C00
0000
C180
C180
C180
6300
6300
6300
3600
3600
3600
1C00
1C00
1800
1800
1800
3000
F000
E000
ENDCHAR
STARTCHAR uni1E90
ENCODING 7824
SWIDTH 611 0
DWIDTH 13 0
BBX 11 21 1 0
BITMAP
0600
0F00
1980
0000
FFE0
FFE0
0060
01C0
01C0
0380
0700
0700
0E00
1C00
1C00
3800
7000
6000
C000
FFE0
FFE0
ENDCHAR
STARTCHAR uni1E91
ENCODING 7825
SWIDTH 500 0
DWIDTH 11 0
BBX 9 16 1 0
BITMAP
0C00
1E00
3300
0000
FF80
FF80
0180
0700
0E00
1C00
1C00
3800
7000
C000
FF80
FF80
ENDCHAR
STARTCHAR uni1E92
ENCODING 7826
SWIDTH 611 0
DWIDTH 13 0
BBX 11 20 1 -3
BITMAP
FFE0
FFE0
0060
01C0
01C0
0380
0700
0700
0E00
1C00
1C00
3800
7000
6000
C000
FFE0
FFE0
0000
0600
0600
ENDCHAR
STARTCHAR uni1E93
ENCODING 7827
SWIDTH 500 0
DWIDTH 11 0
BBX 9 15 1 -3
BITMAP
FF80
FF80
0180
0700
0E00
1C00
1C00
3800
7000
C000
FF80
FF80
0000
0C00
0C00
ENDCHAR
STARTCHAR uni1E94
ENCODING 7828
SWIDTH 611 0
DWIDTH 13 0
BBX 11 20 1 -3
BITMAP
FFE0
FFE0
0060
01C0
01C0
0380
0700
0700
0E00
1C00
1C00
3800
7000
6000
C000
FFE0
FFE0
0000
1F80
1F80
ENDCHAR
STARTCHAR uni1E95
ENCODING 7829
SWIDTH 500 0
DWIDTH 11 0
BBX 9 15 1 -3
BITMAP
FF80
FF80
0180
0700
0E00
1C00
1C00
3800
7000
C000
FF80
FF80
0000
3F00
3F00
ENDCHAR
STARTCHAR uni1E96
ENCODING 7830
SWIDTH 556 0
DWIDTH 12 0
BBX 9 20 1 -3
BITMAP
C000
C000
C000
C000
C000
CF00
DF80
F180
E180
C180
C180
C180
C180
C180
C180
C180
C180
0000
3F00
3F00
ENDCHAR
STARTCHAR uni1E97
ENCODING 7831
SWIDTH 278 0
DWIDTH 6 0
BBX 6 19 0 0
BITMAP
CC
CC
00
30
30
30
20
FC
FC
10
30
30
30
30
30
30
30
38
1C
ENDCHAR
STARTCHAR uni1E98
ENCODING 7832
SWIDTH 722 0
DWIDTH 16 0
BBX 14 17 1 0
BITMAP
0300
0480
0480
0300
0000
C30C
C30C
C30C
C78C
6798
6CD8
6CD8
6CD8
2CD0
3870
3870
3870
ENDCHAR
STARTCHAR uni1E99
ENCODING 7833
SWIDTH 500 0
DWIDTH 11 0
BBX 9 22 1 -5
BITMAP
0C00
1200
1200
0C00
0000
C180
C180
C180
6300
6300
6300
3600
3600
3600
1C00
1C00
1800
1800
1800
3000
F000
E000
ENDCHAR
STARTCHAR uni1EA0
ENCODING 7840
SWIDTH 667 0
DWIDTH 15 0
BBX 13 20 1 -3
BITMAP
0700
0700
0D80
0D80
18C0
18C0
18C0
3060
3060
3060
7FF0
7FF0
4010
C018
C018
C018
C018
0000
0300
0300
ENDCHAR
STARTCHAR uni1EA1
ENCODING 7841
SWIDTH 556 0
DWIDTH 12 0
BBX 10 15 1 -3
BITMAP
1E00
7F80
6180
0180
0D80
7F80
F180
C180
C180
E380
7DC0
3CC0
0000
0C00
0C00
ENDCHAR
STARTCHAR uni1EA4
ENCODING 7844
SWIDTH 667 0
DWIDTH 15 0
BBX 13 25 1 0
BITMAP
00C0
0180
0300
0000
0300
0780
0CC0
0000
0700
0700
0D80
0D80
18C0
18C0
18C0
3060
3060
3060
7FF0
7FF0
4010
C018
C018
C018
C018
ENDCHAR
STARTCHAR uni1EA5
ENCODING 7845
SWIDTH 556 0
DWIDTH 12 0
BBX 10 20 1 0
BITMAP
0300
0600
0C00
0000
0C00
1E00
3300
0000
1E00
7F80
6180
0180
0D80
7F80
F180
C180
C180
E380
7DC0
3CC0
ENDCHAR
STARTCHAR uni1EA6
ENCODING 7846
SWIDTH 667 0
DWIDTH 15 0
BBX 13 25 1 0
BITMAP
0C00
0600
0300
0000
0300
0780
0CC0
0000
0700
0700
0D80
0D80
18C0
18C0
18C0
3060
3060
3060
7FF0
7FF0
4010
C018
C018
C018
C018
ENDCHAR
STARTCHAR uni1EA7
ENCODING 7847
SWIDTH 556 0
DWIDTH 12 0
BBX 10 20 1 0
BITMAP
3000
1800
0C00
0000
0C00
1E00
3300
0000
1E00
7F80
6180
0180
0D80
7F80
F180
C180
C180
E380
7DC0
3CC0
ENDCHAR
STARTCHAR uni1EAA
ENCODING 7850
SWIDTH 667 0
DWIDTH 15 0
BBX 13 25 1 0
BITMAP
0640
0FC0
0980
0000
0300
0780
0CC0
0000
0700
0700
0D80
0D80
18C0
18C0
18C0
3060
3060
3060
7FF0
7FF0
4010
C018
C018
C018
C018
ENDCHAR
STARTCHAR uni1EAB
ENCODING 7851
SWIDTH 556 0
DWIDTH 12 0
BBX 10 20 1 0
BITMAP
1900
3F00
2600
0000
0C00
1E00
3300
0000
1E00
7F80
6180
0180
0D80
7F80
F180
C180
C180
E380
7DC0
3CC0
ENDCHAR
STARTCHAR uni1EAC
ENCODING 7852
SWIDTH 667 0
DWIDTH 15 0
BBX 13 24 1 -3
BITMAP
0300
0780
0CC0
0000
0700
0700
0D80
0D80
18C0
18C0
18C0
3060
3060
3060
7FF0
7FF0
4010
C018
C018
C018
C018
0000
0300
0300
ENDCHAR
STARTCHAR uni1EAD
ENCODING 7853
SWIDTH 556 0
DWIDTH 12 0
BBX 10 19 1 -3
BITMAP
0C00
1E00
3300
0000
1E00
7F80
6180
0180
0D80
7F80
F180
C180
C180
E380
7DC0
3CC0
0000
0C00
0C00
ENDCHAR
STARTCHAR uni1EAE
ENCODING 7854
SWIDTH 667 0
DWIDTH 15 0
BBX 13 25 1 0
BITMAP
00C0
0180
0300
0000
0840
0CC0
0780
0000
0700
0700
0D80
0D80
18C0
18C0
18C0
3060
3060
3060
7FF0
7FF0
4010
C018
C018
C018
C018
ENDCHAR
STARTCHAR uni1EAF
ENCODING 7855
SWIDTH 556 0
DWIDTH 12 0
BBX 10 20 1 0
BITMAP
0300
0600
0C00
0000
2100
3300
1E00
0000
1E00
7F80
6180
0180
0D80
7F80
F180
C180
C180
E380
7DC0
3CC0
ENDCHAR
STARTCHAR uni1EB0
ENCODING 7856
SWIDTH 667 0
DWIDTH 15 0
BBX 13 25 1 0
BITMAP
0C00
0600
0300
0000
0840
0CC0
0780
0000
0700
0700
0D80
0D80
18C0
18C0
18C0
3060
3060
3060
7FF0
7FF0
4010
C018
C018
C018
C018
ENDCHAR
STARTCHAR uni1EB1
ENCODING 7857
SWIDTH 556 0
DWIDTH 12 0
BBX 10 20 1 0
BITMAP
3000
1800
0C00
0000
2100
3300
1E00
0000
1E00
7F80
6180
0180
0D80
7F80
F180
C180
C180
E380
7DC0
3CC0
ENDCHAR
STARTCHAR uni1EB4
ENCODING 7860
SWIDTH 667 0
DWIDTH 15 0
BBX 13 25 1 0
BITMAP
0640
0FC0
0980
0000
0840
0CC0
0780
0000
0700
0700
0D80
0D80
18C0
18C0
18C0
3060
3060
3060
7FF0
7FF0
4010
C018
C018
C018
C018
ENDCHAR
STARTCHAR uni1EB5
ENCODING 7861
SWIDTH 556 0
DWIDTH 12 0
BBX 10 20 1 0
BITMAP
1900
3F00
2600
0000
2100
3300
1E00
0000
1E00
7F80
6180
0180
0D80
7F80
F180
C180
C180
E380
7DC0
3CC0
ENDCHAR
STARTCHAR uni1EB6
ENCODING 7862
SWIDTH 667 0
DWIDTH 15 0
BBX 13 24 1 -3
BITMAP
0840
0CC0
0780
0000
0700
0700
0D80
0D80
18C0
18C0
18C0
3060
3060
3060
7FF0
7FF0
4010
C018
C018
C018
C018
0000
0300
0300
ENDCHAR
STARTCHAR uni1EB7
ENCODING 7863
SWIDTH 556 0
DWIDTH 12 0
BBX 10 19 1 -3
BITMAP
2100
3300
1E00
0000
1E00
7F80
6180
0180
0D80
7F80
F180
C180
C180
E380
7DC0
3CC0
0000
0C00
0C00
ENDCHAR
STARTCHAR uni1EB8
ENCODING 7864
SWIDTH 667 0
DWIDTH 15 0
BBX 12 20 2 -3
BITMAP
FFE0
FFE0
C000
C000
C000
C000
C000
FFE0
FFE0
C000
C000
C000
C000
C000
C000
FFF0
FFF0
0000
0600
0600
ENDCHAR
STARTCHAR uni1EB9
ENCODING 7865
SWIDTH 556 0
DWIDTH 12 0
BBX 10 15 1 -3
BITMAP
1E00
7F80
6180
E1C0
C0C0
FFC0
DFC0
C000
E000
6180
7F80
1E00
0000
0C00
0C00
ENDCHAR
STARTCHAR uni1EBC
ENCODING 7868
SWIDTH 667 0
DWIDTH 15 0
BBX 12 21 2 0
BITMAP
0C80
1F80
1300
0000
FFE0
FFE0
C000
C000
C000
C000
C000
FFE0
FFE0
C000
C000
C000
C000
C000
C000
FFF0
FFF0
ENDCHAR
STARTCHAR uni1EBD
ENCODING 7869
SWIDTH 556 0
DWIDTH 12 0
BBX 10 16 1 0
BITMAP
1900
3F00
2600
0000
1E00
7F80
6180
E1C0
C0C0
FFC0
DFC0
C000
E000
6180
7F80
1E00
ENDCHAR
STARTCHAR uni1EBE
ENCODING 7870
SWIDTH 667 0
DWIDTH 15 0
BBX 12 25 2 0
BITMAP
0180
0300
0600
0000
0600
0F00
1980
0000
FFE0
FFE0
C000
C000
C000
C000
C000
FFE0
FFE0
C000
C000
C000
C000
C000
C000
FFF0
FFF0
ENDCHAR
STARTCHAR uni1EBF
ENCODING 7871
SWIDTH 556 0
DWIDTH 12 0
BBX 10 20 1 0
BITMAP
0300
0600
0C00
0000
0C00
1E00
3300
0000
1E00
7F80
6180
E1C0
C0C0
FFC0
DFC0
C000
E000
6180
7F80
1E00
ENDCHAR
STARTCHAR uni1EC0
ENCODING 7872
SWIDTH 667 0
DWIDTH 15 0
BBX 12 25 2 0
BITMAP
1800
0C00
0600
0000
0600
0F00
1980
0000
FFE0
FFE0
C000
C000
C000
C000
C000
FFE0
FFE0
C000
C000
C000
C000
C000
C000
FFF0
FFF0
ENDCHAR
STARTCHAR uni1EC1
ENCODING 7873
SWIDTH 556 0
DWIDTH 12 0
BBX 10 20 1 0
BITMAP
3000
1800
0C00
0000
0C00
1E00
3300
0000
1E00
7F80
6180
E1C0
C0C0
FFC0
DFC0
C000
E000
6180
7F80
1E00
ENDCHAR
STARTCHAR uni1EC4
ENCODING 7876
SWIDTH 667 0
DWIDTH 15 0
BBX 12 25 2 0
BITMAP
0C80
1F80
1300
0000
0600
0F00
1980
0000
FFE0
FFE0
C000
C000
C000
C000
C000
FFE0
FFE0
C000
C000
C000
C000
C000
C000
FFF0
FFF0
ENDCHAR
STARTCHAR uni1EC5
ENCODING 7877
SWIDTH 556 0
DWIDTH 12 0
BBX 10 20 1 0
BITMAP
1900
3F00
2600
0000
0C00
1E00
3300
0000
1E00
7F80
6180
E1C0
C0C0
FFC0
DFC0
C000
E000
6180
7F80
1E00
ENDCHAR
STARTCHAR uni1EC6
ENCODING 7878
SWIDTH 667 0
DWIDTH 15 0
BBX 12 24 2 -3
BITMAP
0600
0F00
1980
0000
FFE0
FFE0
C000
C000
C000
C000
C000
FFE0
FFE0
C000
C000
C000
C000
C000
C000
FFF0
FFF0
0000
0600
0600
ENDCHAR
STARTCHAR uni1EC7
ENCODING 7879
SWIDTH 556 0
DWIDTH 12 0
BBX 10 19 1 -3
BITMAP
0C00
1E00
3300
0000
1E00
7F80
6180
E1C0
C0C0
FFC0
DFC0
C000
E000
6180
7F80
1E00
0000
0C00
0C00
ENDCHAR
STARTCHAR uni1ECA
ENCODING 7882
SWIDTH 278 0
DWIDTH 6 0
BBX 2 20 2 -3
BITMAP
C0
C0
C0
C0
C0
C0
C0
C0
C0
C0
C0
C0
C0
C0
C0
C0
C0
00
C0
C0
ENDCHAR
STARTCHAR uni1ECB
ENCODING 7883
SWIDTH 222 0
DWIDTH 5 0
BBX 2 20 1 -3
BITMAP
C0
C0
00
00
00
C0
C0
C0
C0
C0
C0
C0
C0
C0
C0
C0
C0
00
C0
C0
ENDCHAR
STARTCHAR uni1ECC
ENCODING 7884
SWIDTH 778 0
DWIDTH 17 0
BBX 15 20 1 -3
BITMAP
07C0
1FF0
3838
701C
600C
E00E
C006
C006
C006
C006
C006
E00E
600C
701C
3838
1FF0
07C0
0000
0180
0180
ENDCHAR
STARTCHAR uni1ECD
ENCODING 7885
SWIDTH 556 0
DWIDTH 12 0
BBX 10 15 1 -3
BITMAP
1E00
7F80
6180
E1C0
C0C0
C0C0
C0C0
C0C0
E1C0
6180
7F80
1E00
0000
0C00
0C00
ENDCHAR
STARTCHAR uni1ED0
ENCODING 7888
SWIDTH 778 0
DWIDTH 17 0
BBX 15 25 1 0
BITMAP
0060
00C0
0180
0000
0180
03C0
0660
0000
07C0
1FF0
3838
701C
600C
E00E
C006
C006
C006
C006
C006
E00E
600C
701C
3838
1FF0
07C0
ENDCHAR
STARTCHAR uni1ED1
ENCODING 7889
SWIDTH 556 0
DWIDTH 12 0
BBX 10 20 1 0
BITMAP
0300
0600
0C00
0000
0C00
1E00
3300
0000
1E00
7F80
6180
E1C0
C0C0
C0C0
C0C0
C0C0
E1C0
6180
7F80
1E00
ENDCHAR
STARTCHAR uni1ED2
ENCODING 7890
SWIDTH 778 0
DWIDTH 17 0
BBX 15 25 1 0
BITMAP
0600
0300
0180
0000
0180
03C0
0660
0000
07C0
1FF0
3838
701C
600C
E00E
C006
C006
C006
C006
C006
E00E
600C
701C
3838
1FF0
07C0
ENDCHAR
STARTCHAR uni1ED3
ENCODING 7891
SWIDTH 556 0
DWIDTH 12 0
BBX 10 20 1 0
BITMAP
3000
1800
0C00
0000
0C00
1E00
3300
0000
1E00
7F80
6180
E1C0
C0C0
C0C0
C0C0
C0C0
E1C0
6180
7F80
1E00
ENDCHAR
STARTCHAR uni1ED6
ENCODING 7894
SWIDTH 778 0
DWIDTH 17 0
BBX 15 25 1 0
BITMAP
0320
07E0
04C0
0000
0180
03C0
0660
0000
07C0
1FF0
3838
701C
600C
E00E
C006
C006
C006
C006
C006
E00E
600C
701C
3838
1FF0
07C0
ENDCHAR
STARTCHAR uni1ED7
ENCODING 7895
SWIDTH 556 0
DWIDTH 12 0
BBX 10 20 1 0
BITMAP
1900
3F00
2600
0000
0C00
1E00
3300
0000
1E00
7F80
6180
E1C0
C0C0
C0C0
C0C0
C0C0
E1C0
6180
7F80
1E00
ENDCHAR
STARTCHAR uni1ED8
ENCODING 7896
SWIDTH 778 0
DWIDTH 17 0
BBX 15 24 1 -3
BITMAP
0180
03C0
0660
0000
07C0
1FF0
3838
701C
600C
E00E
C006
C006
C006
C006
C006
E00E
600C
701C
3838
1FF0
07C0
0000
0180
0180
ENDCHAR
STARTCHAR uni1ED9
ENCODING 7897
SWIDTH 556 0
DWIDTH 12 0
BBX 10 19 1 -3
BITMAP
0C00
1E00
3300
0000
1E00
7F80
6180
E1C0
C0C0
C0C0
C0C0
C0C0
E1C0
6180
7F80
1E00
0000
0C00
0C00
ENDCHAR
STARTCHAR uni1EDA
ENCODING 7898
SWIDTH 778 0
DWIDTH 17 0
BBX 16 21 1 0
BITMAP
0060
00C0
0180
0003
07C3
1FF6
3838
701C
600C
E00E
C006
C006
C006
C006
C006
E00E
600C
701C
3838
1FF0
07C0
ENDCHAR
STARTCHAR uni1EDB
ENCODING 7899
SWIDTH 556 0
DWIDTH 13 0
BBX 12 16 1 0
BITMAP
0300
0600
0C30
0030
1E60
7F80
6180
E1C0
C0C0
C0C0
C0C0
C0C0
E1C0
6180
7F80
1E00
ENDCHAR
STARTCHAR uni1EDC
ENCODING 7900
SWIDTH 778 0
DWIDTH 17 0
BBX 16 21 1 0
BITMAP
0C00
0600
0300
0003
07C3
1FF6
3838
701C
600C
E00E
C006
C006
C006
C006
C006
E00E
600C
701C
3838
1FF0
07C0
ENDCHAR
STARTCHAR uni1EDD
ENCODING 7901
SWIDTH 556 0
DWIDTH 13 0
BBX 12 16 1 0
BITMAP
3000
1800
0C30
0030
1E60
7F80
6180
E1C0
C0C0
C0C0
C0C0
C0C0
E1C0
6180
7F80
1E00
ENDCHAR
STARTCHAR uni1EE0
ENCODING 7904
SWIDTH 778 0
DWIDTH 17 0
BBX 16 21 1 0
BITMAP
0320
07E0
04C0
0003
07C3
1FF6
3838
701C
600C
E00E
C006
C006
C006
C006
C006
E00E
600C
701C
3838
1FF0
07C0
ENDCHAR
STARTCHAR uni1EE1
ENCODING 7905
SWIDTH 556 0
DWIDTH 13 0
BBX 12 16 1 0
BITMAP
1900
3F00
2630
0030
1E60
7F80
6180
E1C0
C0C0
C0C0
C0C0
C0C0
E1C0
6180
7F80
1E00
ENDCHAR
STARTCHAR uni1EE2
ENCODING 7906
SWIDTH 778 0
DWIDTH 17 0
BBX 16 21 1 -3
BITMAP
0003
07C3
1FF6
3838
701C
600C
E00E
C006
C006
C006
C006
C006
E00E
600C
701C
3838
1FF0
07C0
0000
0180
0180
ENDCHAR
STARTCHAR uni1EE3
ENCODING 7907
SWIDTH 556 0
DWIDTH 13 0
BBX 12 17 1 -3
BITMAP
0030
0030
1E60
7F80
6180
E1C0
C0C0
C0C0
C0C0
C0C0
E1C0
6180
7F80
1E00
0000
0C00
0C00
ENDCHAR
STARTCHAR uni1EE4
ENCODING 7908
SWIDTH 722 0
DWIDTH 16 0
BBX 12 20 2 -3
BITMAP
C030
C030
C030
C030
C030
C030
C030
C030
C030
C030
C030
C030
C030
E070
6060
7FE0
1F80
0000
0600
0600
ENDCHAR
STARTCHAR uni1EE5
ENCODING 7909
SWIDTH 556 0
DWIDTH 12 0
BBX 9 15 1 -3
BITMAP
C180
C180
C180
C180
C180
C180
C180
C180
C380
C780
FD80
7980
0000
0C00
0C00
ENDCHAR
STARTCHAR uni1EE8
ENCODING 7912
SWIDTH 722 0
DWIDTH 17 0
BBX 15 21 2 0
BITMAP
0180
0300
0600
0006
C036
C03C
C030
C030
C030
C030
C030
C030
C030
C030
C030
C030
C030
E070
6060
7FE0
1F80
ENDCHAR
STARTCHAR uni1EE9
ENCODING 7913
SWIDTH 556 0
DWIDTH 13 0
BBX 12 16 1 0
BITMAP
0600
0C00
1830
0030
C1E0
C180
C180
C180
C180
C180
C180
C180
C380
C780
FD80
7980
ENDCHAR
STARTCHAR uni1EEA
ENCODING 7914
SWIDTH 722 0
DWIDTH 17 0
BBX 15 21 2 0
BITMAP
1800
0C00
0600
0006
C036
C03C
C030
C030
C030
C030
C030
C030
C030
C030
C030
C030
C030
E070
6060
7FE0
1F80
ENDCHAR
STARTCHAR uni1EEB
ENCODING 7915
SWIDTH 556 0
DWIDTH 13 0
BBX 12 16 1 0
BITMAP
3000
1800
0C30
0030
C1E0
C180
C180
C180
C180
C180
C180
C180
C380
C780
FD80
7980
ENDCHAR
STARTCHAR uni1EEE
ENCODING 7918
SWIDTH 722 0
DWIDTH 17 0
BBX 15 21 2 0
BITMAP
0C80
1F80
1300
0006
C036
C03C
C030
C030
C030
C030
C030
C030
C030
C030
C030
C030
C030
E070
6060
7FE0
1F80
ENDCHAR
STARTCHAR uni1EEF
ENCODING 7919
SWIDTH 556 0
DWIDTH 13 0
BBX 12 16 1 0
BITMAP
1900
3F00
2630
0030
C1E0
C180
C180
C180
C180
C180
C180
C180
C380
C780
FD80
7980
ENDCHAR
STARTCHAR uni1EF0
ENCODING 7920
SWIDTH 722 0
DWIDTH 17 0
BBX 15 21 2 -3
BITMAP
0006
C036
C03C
C030
C030
C030
C030
C030
C030
C030
C030
C030
C030
C030
E070
6060
7FE0
1F80
0000
0600
0600
ENDCHAR
STARTCHAR uni1EF1
ENCODING 7921
SWIDTH 556 0
DWIDTH 13 0
BBX 12 17 1 -3
BITMAP
0030
0030
C1E0
C180
C180
C180
C180
C180
C180
C180
C380
C780
FD80
7980
0000
0C00
0C00
ENDCHAR
STARTCHAR Ygrave
ENCODING 7922
SWIDTH 667 0
DWIDTH 15 0
BBX 13 21 1 0
BITMAP
1800
0C00
0600
0000
C018
E038
6030
3060
3060
18C0
18C0
0D80
0F80
0700
0300
0300
0300
0300
0300
0300
0300
ENDCHAR
STARTCHAR ygrave
ENCODING 7923
SWIDTH 500 0
DWIDTH 11 0
BBX 9 21 1 -5
BITMAP
3000
1800
0C00
0000
C180
C180
C180
6300
6300
6300
3600
3600
3600
1C00
1C00
1800
1800
1800
3000
F000
E000
ENDCHAR
STARTCHAR uni1EF4
ENCODING 7924
SWIDTH 667 0
DWIDTH 15 0
BBX 13 20 1 -3
BITMAP
C018
E038
6030
3060
3060
18C0
18C0
0D80
0F80
0700
0300
0300
0300
0300
0300
0300
0300
0000
0300
0300
ENDCHAR
STARTCHAR uni1EF5
ENCODING 7925
SWIDTH 500 0
DWIDTH 11 0
BBX 9 20 1 -8
BITMAP
C180
C180
C180
6300
6300
6300
3600
3600
3600
1C00
1C00
1800
1800
1800
3000
F000
E000
0000
3000
3000
ENDCHAR
STARTCHAR uni1EF8
ENCODING 7928
SWIDTH 667 0
DWIDTH 15 0
BBX 13 21 1 0
BITMAP
0640
0FC0
0980
0000
C018
E038
6030
3060
3060
18C0
18C0
0D80
0F80
0700
0300
0300
0300
0300
0300
0300
0300
ENDCHAR
STARTCHAR uni1EF9
ENCODING 7929
SWIDTH 500 0
DWIDTH 11 0
BBX 9 21 1 -5
BITMAP
1900
3F00
2600
0000
C180
C180
C180
6300
6300
6300
3600
3600
3600
1C00
1C00
1800
1800
1800
3000
F000
E000
ENDCHAR
STARTCHAR uni2000
ENCODING 8192
SWIDTH 500 0
DWIDTH 11 0
BBX 1 1 0 0
BITMAP
00
ENDCHAR
STARTCHAR uni2001
ENCODING 8193
SWIDTH 1000 0
DWIDTH 22 0
BBX 1 1 0 0
BITMAP
00
ENDCHAR
STARTCHAR uni2002
ENCODING 8194
SWIDTH 500 0
DWIDTH 11 0
BBX 1 1 0 0
BITMAP
00
ENDCHAR
STARTCHAR uni2003
ENCODING 8195
SWIDTH 1000 0
DWIDTH 22 0
BBX 1 1 0 0
BITMAP
00
ENDCHAR
STARTCHAR uni2004
ENCODING 8196
SWIDTH 333 0
DWIDTH 7 0
BBX 1 1 0 0
BITMAP
00
ENDCHAR
STARTCHAR uni2005
ENCODING 8197
SWIDTH 250 0
DWIDTH 5 0
BBX 1 1 0 0
BITMAP
00
ENDCHAR
STARTCHAR uni2006
ENCODING 8198
SWIDTH 167 0
DWIDTH 3 0
BBX 1 1 0 0
BITMAP
00
ENDCHAR
STARTCHAR uni2007
ENCODING 8199
SWIDTH 556 0
DWIDTH 12 0
BBX 1 1 0 0
BITMAP
00
ENDCHAR
STARTCHAR uni2008
ENCODING 8200
SWIDTH 278 0
DWIDTH 6 0
BBX 1 1 0 0
BITMAP
00
ENDCHAR
STARTCHAR uni2009
ENCODING 8201
SWIDTH 200 0
DWIDTH 4 0
BBX 1 1 0 0
BITMAP
00
ENDCHAR
STARTCHAR uni200A
ENCODING 8202
SWIDTH 100 0
DWIDTH 2 0
BBX 1 1 0 0
BITMAP
00
ENDCHAR
STARTCHAR uni200B
ENCODING 8203
SWIDTH 0 0
DWIDTH 0 0
BBX 1 1 0 0
BITMAP
00
ENDCHAR
STARTCHAR uni2010
ENCODING 8208
SWIDTH 333 0
DWIDTH 7 0
BBX 5 2 1 5
BITMAP
F8
F8
ENDCHAR
STARTCHAR uni2011
ENCODING 8209
SWIDTH 333 0
DWIDTH 7 0
BBX 5 2 1 5
BITMAP
F8
F8
ENDCHAR
STARTCHAR figuredash
ENCODING 8210
SWIDTH 556 0
DWIDTH 12 0
BBX 12 2 0 5
BITMAP
FFF0
FFF0
ENDCHAR
STARTCHAR endash
ENCODING 8211
SWIDTH 556 0
DWIDTH 12 0
BBX 12 2 0 5
BITMAP
FFF0
FFF0
ENDCHAR
STARTCHAR emdash
ENCODING 8212
SWIDTH 1000 0
DWIDTH 22 0
BBX 22 2 0 5
BITMAP
FFFFFC
FFFFFC
ENDCHAR
STARTCHAR afii00208
ENCODING 8213
SWIDTH 1000 0
DWIDTH 22 0
BBX 22 2 0 5
BITMAP
FFFFFC
FFFFFC
ENDCHAR
STARTCHAR quoteleft
ENCODING 8216
SWIDTH 222 0
DWIDTH 5 0
BBX 2 5 2 12
BITMAP
40
80
80
C0
C0
ENDCHAR
STARTCHAR quoteright
ENCODING 8217
SWIDTH 222 0
DWIDTH 5 0
BBX 2 5 1 12
BITMAP
C0
C0
40
40
80
ENDCHAR
STARTCHAR quotesinglbase
ENCODING 8218
SWIDTH 222 0
DWIDTH 5 0
BBX 2 5 1 -3
BITMAP
C0
C0
40
40
80
ENDCHAR
STARTCHAR quotereversed
ENCODING 8219
SWIDTH 222 0
DWIDTH 5 0
BBX 2 5 2 12
BITMAP
C0
C0
80
80
40
ENDCHAR
STARTCHAR quotedblleft
ENCODING 8220
SWIDTH 333 0
DWIDTH 7 0
BBX 5 5 2 12
BITMAP
48
90
90
D8
D8
ENDCHAR
STARTCHAR quotedblright
ENCODING 8221
SWIDTH 333 0
DWIDTH 7 0
BBX 5 5 1 12
BITMAP
D8
D8
48
48
90
ENDCHAR
STARTCHAR quotedblbase
ENCODING 8222
SWIDTH 333 0
DWIDTH 7 0
BBX 5 5 1 -3
BITMAP
D8
D8
48
48
90
ENDCHAR
STARTCHAR uni201F
ENCODING 8223
SWIDTH 333 0
DWIDTH 7 0
BBX 5 5 2 12
BITMAP
D8
D8
90
90
48
ENDCHAR
STARTCHAR dagger
ENCODING 8224
SWIDTH 556 0
DWIDTH 12 0
BBX 10 21 1 -4
BITMAP
0C00
0C00
0C00
0C00
0800
FBC0
FFC0
0C00
0C00
0C00
0C00
0C00
0C00
0C00
0C00
0C00
0C00
0C00
0C00
0C00
0C00
ENDCHAR
STARTCHAR daggerdbl
ENCODING 8225
SWIDTH 556 0
DWIDTH 12 0
BBX 10 21 1 -4
BITMAP
0C00
0C00
0C00
0C00
0800
FBC0
FFC0
0C00
0C00
0C00
0C00
0C00
0C00
0800
FBC0
FFC0
0C00
0C00
0C00
0C00
0C00
ENDCHAR
STARTCHAR bullet
ENCODING 8226
SWIDTH 350 0
DWIDTH 8 0
BBX 6 5 1 6
BITMAP
78
FC
FC
FC
78
ENDCHAR
STARTCHAR ellipsis
ENCODING 8230
SWIDTH 1000 0
DWIDTH 22 0
BBX 16 2 3 0
BITMAP
C183
C183
ENDCHAR
STARTCHAR perthousand
ENCODING 8240
SWIDTH 1000 0
DWIDTH 22 0
BBX 21 17 0 0
BITMAP
783000
CC3000
CC6000
CC6000
CCC000
CCC000
798000
018000
030000
030000
0678F0
06CD98
0CCD98
0CCD98
18CD98
18CD98
3078F0
ENDCHAR
STARTCHAR guilsinglleft
ENCODING 8249
SWIDTH 333 0
DWIDTH 7 0
BBX 5 8 1 2
BITMAP
18
30
60
C0
C0
60
30
18
ENDCHAR
STARTCHAR guilsinglright
ENCODING 8250
SWIDTH 333 0
DWIDTH 7 0
BBX 5 8 1 2
BITMAP
C0
60
30
18
18
30
60
C0
ENDCHAR
STARTCHAR fraction
ENCODING 8260
SWIDTH 167 0
DWIDTH 3 0
BBX 10 17 -3 0
BITMAP
00C0
00C0
0180
0180
0300
0300
0600
0600
0C00
0C00
1800
1800
3000
3000
6000
6000
C000
ENDCHAR
STARTCHAR oneinferior
ENCODING 8321
SWIDTH 333 0
DWIDTH 7 0
BBX 4 10 1 -5
BITMAP
30
70
F0
30
30
30
30
30
30
30
ENDCHAR
STARTCHAR twoinferior
ENCODING 8322
SWIDTH 333 0
DWIDTH 7 0
BBX 6 10 0 -5
BITMAP
78
FC
CC
0C
1C
38
70
C0
FC
FC
ENDCHAR
STARTCHAR threeinferior
ENCODING 8323
SWIDTH 333 0
DWIDTH 7 0
BBX 6 10 0 -5
BITMAP
78
FC
CC
0C
38
3C
0C
CC
FC
78
ENDCHAR
STARTCHAR uni20A5
ENCODING 8357
SWIDTH 833 0
DWIDTH 18 0
BBX 16 17 1 -2
BITMAP
0018
0030
0030
CF3E
DFBF
F1E3
E063
C063
C0C3
C0C3
C0C3
C0C3
C183
C183
C183
0300
0300
ENDCHAR
STARTCHAR uni20A6
ENCODING 8358
SWIDTH 722 0
DWIDTH 16 0
BBX 12 17 2 0
BITMAP
E030
E030
E030
9830
CC30
FFF0
CC30
C630
C330
FFF0
C330
C1B0
C1B0
C0B0
C070
C070
C030
ENDCHAR
STARTCHAR uni20A9
ENCODING 8361
SWIDTH 944 0
DWIDTH 21 0
BBX 19 17 1 0
BITMAP
C0E060
C0E060
C0E060
61B0C0
61B0C0
FFFFE0
61B0C0
6318C0
331980
FFFFE0
331980
360D80
360D80
360D80
1C0700
1C0700
0C0600
ENDCHAR
STARTCHAR Euro
ENCODING 8364
SWIDTH 722 0
DWIDTH 16 0
BBX 12 17 2 0
BITMAP
0780
1FE0
1860
3870
2000
EF80
FF80
3000
2000
EF00
FF00
3000
3000
3870
1860
1FE0
0780
ENDCHAR
STARTCHAR uni20AD
ENCODING 8365
SWIDTH 667 0
DWIDTH 15 0
BBX 13 17 2 0
BITMAP
C070
C0E0
C1C0
C380
C700
CE00
DC00
D800
FFF8
C700
C380
C380
C1C0
C0E0
C0E0
C070
C038
ENDCHAR
STARTCHAR uni2103
ENCODING 8451
SWIDTH 1102 0
DWIDTH 24 0
BBX 21 17 1 0
BITMAP
780F80
CC3FE0
847070
84E038
CCC018
79C000
018000
018000
018000
018000
018000
01C018
00C018
00E038
007070
003FE0
000F80
ENDCHAR
STARTCHAR uni2109
ENCODING 8457
SWIDTH 991 0
DWIDTH 23 0
BBX 19 17 1 0
BITMAP
78FFE0
CCFFE0
84C000
84C000
CCC000
78C000
00C000
00FFC0
00FFC0
00C000
00C000
00C000
00C000
00C000
00C000
00C000
00C000
ENDCHAR
STARTCHAR trademark
ENCODING 8482
SWIDTH 1000 0
DWIDTH 22 0
BBX 20 10 1 7
BITMAP
FF7070
FF78F0
1868B0
186DB0
186530
186730
186230
186230
186230
186030
ENDCHAR
STARTCHAR uni212A
ENCODING 8490
SWIDTH 667 0
DWIDTH 15 0
BBX 13 17 2 0
BITMAP
C070
C0E0
C1C0
C380
C700
CE00
DC00
F800
CE00
C700
C380
C380
C1C0
C0E0
C0E0
C070
C038
ENDCHAR
STARTCHAR uni212B
ENCODING 8491
SWIDTH 667 0
DWIDTH 15 0
BBX 13 22 1 0
BITMAP
0300
0480
0480
0300
0000
0700
0700
0D80
0D80
18C0
18C0
18C0
3060
3060
3060
7FF0
7FF0
4010
C018
C018
C018
C018
ENDCHAR
STARTCHAR uni2132
ENCODING 8498
SWIDTH 611 0
DWIDTH 13 0
BBX 11 17 2 0
BITMAP
0060
0060
0060
0060
0060
0060
0060
0060
7FE0
7FE0
0060
0060
0060
0060
0060
FFE0
FFE0
ENDCHAR
STARTCHAR universal
ENCODING 8704
SWIDTH 667 0
DWIDTH 15 0
BBX 13 17 1 0
BITMAP
C018
C018
C018
C018
4010
7FF0
7FF0
3060
3060
3060
18C0
18C0
18C0
0D80
0D80
0700
0700
ENDCHAR
STARTCHAR existential
ENCODING 8707
SWIDTH 667 0
DWIDTH 15 0
BBX 12 17 2 0
BITMAP
7FF0
7FF0
0030
0030
0030
0030
0030
7FF0
7FF0
0030
0030
0030
0030
0030
0030
FFF0
FFF0
ENDCHAR
STARTCHAR uni2204
ENCODING 8708
SWIDTH 667 0
DWIDTH 15 0
BBX 12 17 2 0
BITMAP
7FF0
7FF0
00B0
0330
0330
0330
0230
7FB0
7FF0
0230
0C30
0C30
0C30
0C30
1030
FFF0
FFF0
ENDCHAR
STARTCHAR minus
ENCODING 8722
SWIDTH 584 0
DWIDTH 13 0
BBX 10 2 1 4
BITMAP
FFC0
FFC0
ENDCHAR
STARTCHAR fraction
ENCODING 8725
SWIDTH 167 0
DWIDTH 3 0
BBX 10 17 -3 0
BITMAP
00C0
00C0
0180
0180
0300
0300
0600
0600
0C00
0C00
1800
1800
3000
3000
6000
6000
C000
ENDCHAR
STARTCHAR periodcentered
ENCODING 8729
SWIDTH 278 0
DWIDTH 6 0
BBX 2 2 2 5
BITMAP
C0
C0
ENDCHAR
STARTCHAR uni2236
ENCODING 8758
SWIDTH 278 0
DWIDTH 6 0
BBX 2 12 2 0
BITMAP
C0
C0
00
00
00
00
00
00
00
00
C0
C0
ENDCHAR
STARTCHAR uni2259
ENCODING 8793
SWIDTH 584 0
DWIDTH 13 0
BBX 10 10 1 2
BITMAP
0C00
1E00
3300
0000
FFC0
FFC0
0000
0000
FFC0
FFC0
ENDCHAR
STARTCHAR uni225A
ENCODING 8794
SWIDTH 584 0
DWIDTH 13 0
BBX 10 10 1 2
BITMAP
3300
1E00
0C00
0000
FFC0
FFC0
0000
0000
FFC0
FFC0
ENDCHAR
STARTCHAR notequal
ENCODING 8800
SWIDTH 584 0
DWIDTH 13 0
BBX 10 14 1 -2
BITMAP
0300
0300
0600
0400
FFC0
FFC0
0400
0800
FFC0
FFC0
0800
1800
1800
3000
ENDCHAR
STARTCHAR equivalence
ENCODING 8801
SWIDTH 584 0
DWIDTH 13 0
BBX 10 10 1 0
BITMAP
FFC0
FFC0
0000
0000
FFC0
FFC0
0000
0000
FFC0
FFC0
ENDCHAR
STARTCHAR uni2262
ENCODING 8802
SWIDTH 584 0
DWIDTH 13 0
BBX 10 17 1 -4
BITMAP
0300
0300
0200
FFC0
FFC0
0200
0400
FFC0
FFC0
0400
1000
FFC0
FFC0
0800
3000
3000
3000
ENDCHAR
STARTCHAR lessequal
ENCODING 8804
SWIDTH 584 0
DWIDTH 13 0
BBX 10 13 1 0
BITMAP
01C0
0780
1E00
7800
E000
E000
7800
1E00
0780
01C0
0000
FFC0
FFC0
ENDCHAR
STARTCHAR greaterequal
ENCODING 8805
SWIDTH 584 0
DWIDTH 13 0
BBX 10 13 1 0
BITMAP
E000
7800
1E00
0780
01C0
01C0
0780
1E00
7800
E000
0000
FFC0
FFC0
ENDCHAR
STARTCHAR uni226E
ENCODING 8814
SWIDTH 584 0
DWIDTH 13 0
BBX 10 17 1 -4
BITMAP
0180
0180
0180
03C0
0780
1E00
7B00
E600
E600
7A00
1E00
0780
0DC0
0C00
1800
1800
1800
ENDCHAR
STARTCHAR uni226F
ENCODING 8815
SWIDTH 584 0
DWIDTH 13 0
BBX 10 17 1 -4
BITMAP
0600
0600
0600
EC00
7C00
1E00
0780
19C0
19C0
1780
1E00
7800
F000
3000
6000
6000
6000
ENDCHAR
STARTCHAR uni2270
ENCODING 8816
SWIDTH 584 0
DWIDTH 13 0
BBX 10 17 1 -2
BITMAP
0180
0180
01C0
0780
1E00
7B00
E300
E600
7A00
1E00
0F80
09C0
0800
FFC0
FFC0
0800
1800
ENDCHAR
STARTCHAR uni2271
ENCODING 8817
SWIDTH 584 0
DWIDTH 13 0
BBX 10 17 1 -2
BITMAP
0600
0600
E600
7C00
1E00
0780
0DC0
19C0
1780
1E00
7800
E000
2000
FFC0
FFC0
2000
6000
ENDCHAR
ENDFONT
