STARTFONT 2.1
COMMENT Helvetica Bold Oblique 29px strike for CrossPoint Reader, filling the gap between
COMMENT the X.org Adobe 100dpi 18pt (25px) and 24pt (34px) strikes.
COMMENT Grid-fitted from URW Nimbus outlines, then hand-tuned pixel by pixel to
COMMENT the conventions of the Adobe strikes; accents composed from tuned parts.
FONT -CrossPoint-Helvetica-Bold-O-Normal--29-210-100-100-P-159-ISO10646-1
SIZE 21 100 100
FONTBOUNDINGBOX 37 43 -5 -10
STARTPROPERTIES 21
FOUNDRY "CrossPoint"
FAMILY_NAME "Helvetica"
WEIGHT_NAME "Bold"
SLANT "O"
SETWIDTH_NAME "Normal"
ADD_STYLE_NAME ""
PIXEL_SIZE 29
POINT_SIZE 210
RESOLUTION_X 100
RESOLUTION_Y 100
SPACING "P"
AVERAGE_WIDTH 159
CHARSET_REGISTRY "ISO10646"
CHARSET_ENCODING "1"
CAP_HEIGHT 22
X_HEIGHT 16
FONT_ASCENT 25
FONT_DESCENT 6
FACE_NAME "Helvetica Bold Oblique"
DEFAULT_CHAR 0
FULL_NAME "Helvetica Bold Oblique"
ENDPROPERTIES
CHARS 721
STARTCHAR char0
ENCODING 0
SWIDTH 722 0
DWIDTH 21 0
BBX 22 22 1 0
BITMAP
0AAAA8
080004
000000
100008
000000
100008
000000
100008
000000
200010
000000
200010
000000
400020
000000
400020
000000
800040
000000
800040
000000
AAAAC0
ENDCHAR
STARTCHAR space
ENCODING 32
SWIDTH 278 0
DWIDTH 8 0
BBX 1 1 0 0
BITMAP
00
ENDCHAR
STARTCHAR exclam
ENCODING 33
SWIDTH 333 0
DWIDTH 9 0
BBX 8 22 3 0
BITMAP
0F
0F
0F
1E
1E
1E
1E
1E
3C
3C
3C
18
18
30
30
30
00
00
F0
F0
F0
F0
ENDCHAR
STARTCHAR quotedbl
ENCODING 34
SWIDTH 474 0
DWIDTH 14 0
BBX 11 7 5 15
BITMAP
79E0
79E0
79E0
F3C0
F3C0
6180
6180
ENDCHAR
STARTCHAR numbersign
ENCODING 35
SWIDTH 556 0
DWIDTH 16 0
BBX 18 22 1 0
BITMAP
00E380
00E380
01C700
01C700
038E00
038E00
1FFFC0
1FFFC0
1FFFC0
071C00
0E3800
0E3800
1C7000
1C7000
FFFE00
FFFE00
FFFE00
38E000
71C000
71C000
E38000
E38000
ENDCHAR
STARTCHAR dollar
ENCODING 36
SWIDTH 556 0
DWIDTH 16 0
BBX 17 26 1 -4
BITMAP
003000
01FE00
03FF00
0FFF00
1F6F00
1E6780
1E6000
1E6000
1F8000
1F8000
0FE000
07F000
01F800
01FE00
01BE00
019E00
F19E00
F33C00
FB7C00
7FF800
7FF000
1FE000
060000
060000
060000
060000
ENDCHAR
STARTCHAR percent
ENCODING 37
SWIDTH 889 0
DWIDTH 26 0
BBX 22 22 4 0
BITMAP
0F0060
1F80C0
3FC0C0
73C180
E1C300
E1C600
E1C600
F3CC00
FF1800
7E1800
3C3000
0061F0
00C3F8
00CFF8
019E3C
031C1C
031C1C
063838
0C3C78
181FF0
180FE0
3007C0
ENDCHAR
STARTCHAR ampersand
ENCODING 38
SWIDTH 722 0
DWIDTH 21 0
BBX 18 22 2 0
BITMAP
007C00
01FE00
03FE00
07DE00
079E00
079E00
079E00
03FC00
03F000
03C000
0FE1C0
1FF1C0
3CF9C0
78FF80
783F80
781F80
781E00
F01C00
F83C00
7FFF00
3FFF80
0FCF80
ENDCHAR
STARTCHAR quotesingle
ENCODING 39
SWIDTH 238 0
DWIDTH 7 0
BBX 5 7 4 15
BITMAP
78
78
78
F0
F0
60
60
ENDCHAR
STARTCHAR parenleft
ENCODING 40
SWIDTH 333 0
DWIDTH 9 0
BBX 10 28 2 -6
BITMAP
01C0
01C0
0380
0700
0E00
0E00
1C00
1C00
3800
7800
7800
7800
7800
F000
F000
F000
F000
F000
F000
E000
E000
E000
E000
E000
7000
7000
3800
3800
ENDCHAR
STARTCHAR parenright
ENCODING 41
SWIDTH 333 0
DWIDTH 9 0
BBX 10 28 0 -6
BITMAP
0700
0700
0380
0380
01C0
01C0
01C0
01C0
01C0
03C0
03C0
03C0
03C0
03C0
03C0
0780
0780
0780
0780
0700
0E00
0E00
1C00
1C00
3800
7000
E000
E000
ENDCHAR
STARTCHAR asterisk
ENCODING 42
SWIDTH 389 0
DWIDTH 11 0
BBX 10 9 4 13
BITMAP
0E00
0E00
6EC0
FF80
7F00
3E00
3600
7700
C600
ENDCHAR
STARTCHAR plus
ENCODING 43
SWIDTH 584 0
DWIDTH 17 0
BBX 15 15 2 0
BITMAP
01C0
01C0
01C0
01C0
01C0
01C0
FFFE
FFFE
FFFE
0700
0700
0700
0700
0700
0700
ENDCHAR
STARTCHAR comma
ENCODING 44
SWIDTH 278 0
DWIDTH 8 0
BBX 5 9 1 -5
BITMAP
78
78
78
78
30
30
70
E0
C0
ENDCHAR
STARTCHAR hyphen
ENCODING 45
SWIDTH 333 0
DWIDTH 9 0
BBX 9 4 1 7
BITMAP
7F80
7F80
FF00
FF00
ENDCHAR
STARTCHAR period
ENCODING 46
SWIDTH 278 0
DWIDTH 8 0
BBX 4 4 2 0
BITMAP
F0
F0
F0
F0
ENDCHAR
STARTCHAR slash
ENCODING 47
SWIDTH 278 0
DWIDTH 8 0
BBX 12 22 0 0
BITMAP
0030
0030
0060
0060
00C0
00C0
0180
0180
0300
0300
0600
0600
0C00
0C00
1800
1800
3000
3000
6000
6000
C000
C000
ENDCHAR
STARTCHAR zero
ENCODING 48
SWIDTH 556 0
DWIDTH 16 0
BBX 16 21 2 0
BITMAP
01F8
07FE
1FFE
1F3E
3E1F
3C0F
3C0F
781E
781E
781E
781E
781E
F03C
F03C
F03C
F03C
F8F8
F9F0
FFF0
7FE0
1F80
ENDCHAR
STARTCHAR one
ENCODING 49
SWIDTH 556 0
DWIDTH 16 0
BBX 10 21 5 0
BITMAP
01C0
01C0
0780
1F80
FF80
FF80
0780
0F00
0F00
0F00
0F00
0F00
1E00
1E00
1E00
1E00
3C00
3C00
3C00
3C00
3C00
ENDCHAR
STARTCHAR two
ENCODING 50
SWIDTH 556 0
DWIDTH 16 0
BBX 17 21 1 0
BITMAP
00FC00
03FF00
0FFF00
1F0F80
1E0780
1E0780
000780
000F00
001E00
003E00
007C00
00F800
03E000
07C000
0F8000
1F0000
7C0000
F80000
FFFC00
FFFC00
FFFC00
ENDCHAR
STARTCHAR three
ENCODING 51
SWIDTH 556 0
DWIDTH 16 0
BBX 15 21 2 0
BITMAP
03F8
07FE
1FFC
3E3E
3C1E
3C1E
001E
0078
03F0
03F0
03F8
007C
003C
003C
003C
F03C
F0F8
F8F0
FFF0
7FE0
1F80
ENDCHAR
STARTCHAR four
ENCODING 52
SWIDTH 556 0
DWIDTH 16 0
BBX 15 21 2 0
BITMAP
003E
007E
00FC
00FC
01FC
039C
073C
0E78
1C78
1C78
3878
7078
E070
FF7C
FFFC
FFFC
01E0
01E0
01E0
01E0
01E0
ENDCHAR
STARTCHAR five
ENCODING 53
SWIDTH 556 0
DWIDTH 16 0
BBX 16 21 2 0
BITMAP
07FF
07FF
0FFE
0E00
1E00
1C00
1DF0
3FF8
3FFC
3E7C
783C
003C
003C
003C
003C
F03C
F0F8
FBF0
FFE0
7FC0
1F80
ENDCHAR
STARTCHAR six
ENCODING 54
SWIDTH 556 0
DWIDTH 16 0
BBX 16 21 2 0
BITMAP
01F8
03FE
0FFE
1F1E
1E0F
3C00
38F0
7FF8
7FF8
7FFC
783C
783C
F03C
F03C
F03C
F03C
F0F8
F0F0
FFF0
7FE0
1F80
ENDCHAR
STARTCHAR seven
ENCODING 55
SWIDTH 556 0
DWIDTH 16 0
BBX 15 21 4 0
BITMAP
7FFE
7FFE
FFFC
0078
0078
00F0
00F0
01E0
03C0
0780
0780
0F00
1E00
3C00
3C00
7800
F000
F000
F000
F000
F000
ENDCHAR
STARTCHAR eight
ENCODING 56
SWIDTH 556 0
DWIDTH 16 0
BBX 16 21 1 0
BITMAP
00FC
03FF
0FFF
1F1F
1E0F
1E0F
1E0F
1E1E
0FFC
07F8
1FFE
3E1E
781E
781E
781E
781E
F03C
F87C
7FF8
3FF0
0FC0
ENDCHAR
STARTCHAR nine
ENCODING 57
SWIDTH 556 0
DWIDTH 16 0
BBX 17 21 1 0
BITMAP
00FC00
03FE00
0FFE00
1F1F00
1E0F00
1E0780
1E0780
3C0F00
3C1F00
3E3F00
1FFF00
1FFF00
1FCE00
079E00
001E00
003C00
F07800
F8F800
7FF000
3FE000
0FC000
ENDCHAR
STARTCHAR colon
ENCODING 58
SWIDTH 333 0
DWIDTH 9 0
BBX 7 16 3 0
BITMAP
1E
1E
1E
1E
00
00
00
00
00
00
00
00
F0
F0
F0
F0
ENDCHAR
STARTCHAR semicolon
ENCODING 59
SWIDTH 333 0
DWIDTH 9 0
BBX 8 21 2 -5
BITMAP
0F
0F
0F
0F
00
00
00
00
00
00
00
00
78
78
78
78
30
30
70
E0
C0
ENDCHAR
STARTCHAR less
ENCODING 60
SWIDTH 584 0
DWIDTH 17 0
BBX 16 15 2 0
BITMAP
0001
000E
007E
03FC
0FE0
7F80
F800
F000
F800
FF00
3F80
0FF0
01F8
0038
0008
ENDCHAR
STARTCHAR equal
ENCODING 61
SWIDTH 584 0
DWIDTH 17 0
BBX 17 11 1 2
BITMAP
3FFF80
3FFF80
3FFF80
000000
000000
000000
000000
000000
FFFE00
FFFE00
FFFE00
ENDCHAR
STARTCHAR greater
ENCODING 62
SWIDTH 584 0
DWIDTH 17 0
BBX 16 15 1 0
BITMAP
1000
3800
3F00
1FE0
03F8
00FF
003E
001E
003E
01FE
0FE0
7F80
FC00
E000
8000
ENDCHAR
STARTCHAR question
ENCODING 63
SWIDTH 611 0
DWIDTH 18 0
BBX 14 22 5 0
BITMAP
07E0
1FF8
3FFC
7878
F87C
F03C
F03C
003C
007C
00F8
01F0
03E0
0780
0F00
1E00
1E00
0000
0000
3C00
3C00
3C00
3C00
ENDCHAR
STARTCHAR at
ENCODING 64
SWIDTH 975 0
DWIDTH 28 0
BBX 28 26 2 -4
BITMAP
0007F800
007FFE00
00FFFF00
03F81FC0
07C003E0
078001E0
1E1FF9E0
3C3FF8F0
387FF870
70707870
E0E0F070
E1C0F070
E1C0F070
E1C0F070
E1E0F070
E1C1E0E0
E1FFE7C0
E0FFFE00
F07FFE00
78000000
78000000
7C000000
3F81C000
0FFFC000
0FFF8000
01FE0000
ENDCHAR
STARTCHAR A
ENCODING 65
SWIDTH 722 0
DWIDTH 21 0
BBX 19 22 1 0
BITMAP
001F00
001F00
003F00
007F00
007700
00F780
00F780
00F780
01E780
01E780
03C780
03C3C0
0783C0
0783C0
0FFFC0
1FFFC0
1FFFC0
3C03C0
3C01E0
7801E0
7801E0
F001E0
ENDCHAR
STARTCHAR B
ENCODING 66
SWIDTH 722 0
DWIDTH 21 0
BBX 19 22 3 0
BITMAP
0FFF00
0FFFC0
0FFFE0
1E03E0
1E01E0
1E01E0
1E01E0
1E01E0
3C03C0
3FFF00
3FFE00
3FFF80
3C0780
780780
780780
780780
780780
F00F00
F01F00
FFFE00
FFFC00
FFF800
ENDCHAR
STARTCHAR C
ENCODING 67
SWIDTH 722 0
DWIDTH 21 0
BBX 20 22 2 0
BITMAP
007F00
01FFE0
03FFF0
0F83E0
1F01F0
1E00F0
1E00F0
3C0000
780000
780000
780000
780000
780000
F00000
F003C0
F003C0
F007C0
F80F80
7C1F00
3FFE00
1FFC00
07F000
ENDCHAR
STARTCHAR D
ENCODING 68
SWIDTH 722 0
DWIDTH 21 0
BBX 20 22 2 0
BITMAP
0FFF80
0FFFE0
0FFFF0
1E01F0
1E01F0
1E00F0
1E00F0
1E00F0
3C00F0
3C00F0
3C00F0
3C00F0
3C00F0
7801E0
7801E0
7803E0
7803C0
F00F80
F01F80
FFFF00
FFFE00
FFF800
ENDCHAR
STARTCHAR E
ENCODING 69
SWIDTH 667 0
DWIDTH 19 0
BBX 19 22 2 0
BITMAP
0FFFE0
0FFFE0
0FFFE0
1E0000
1E0000
1E0000
1E0000
1E0000
3C0000
3FFF80
3FFF80
3FFF80
3C0000
780000
780000
780000
780000
F00000
F00000
FFFF00
FFFF00
FFFF00
ENDCHAR
STARTCHAR F
ENCODING 70
SWIDTH 611 0
DWIDTH 18 0
BBX 19 22 2 0
BITMAP
0FFFE0
0FFFE0
0FFFE0
1E0000
1E0000
1E0000
1E0000
1E0000
3C0000
3FFF00
3FFF00
3FFF00
3C0000
780000
780000
780000
780000
F00000
F00000
F00000
F00000
F00000
ENDCHAR
STARTCHAR G
ENCODING 71
SWIDTH 778 0
DWIDTH 22 0
BBX 21 22 2 0
BITMAP
003F80
01FFE0
03FFF0
0FC1F0
1F00F8
1E0078
1E0000
3C0000
780000
780000
780FF0
780FF0
780FF0
F000E0
F801E0
7801E0
7C03E0
7C07C0
7E1FC0
3FFFC0
1FFDC0
03F1C0
ENDCHAR
STARTCHAR H
ENCODING 72
SWIDTH 722 0
DWIDTH 21 0
BBX 21 22 2 0
BITMAP
0F0078
0F0078
0F0078
1E00F0
1E00F0
1E00F0
1E00F0
1E00F0
3FFFE0
3FFFE0
3FFFE0
3C01E0
3C01E0
7803C0
7803C0
7803C0
7803C0
F00780
F00780
F00780
F00780
F00780
ENDCHAR
STARTCHAR I
ENCODING 73
SWIDTH 278 0
DWIDTH 8 0
BBX 8 22 2 0
BITMAP
0F
0F
0F
1E
1E
1E
1E
1E
3C
3C
3C
3C
3C
78
78
78
78
F0
F0
F0
F0
F0
ENDCHAR
STARTCHAR J
ENCODING 74
SWIDTH 556 0
DWIDTH 16 0
BBX 16 22 2 0
BITMAP
000F
000F
000F
001E
001E
001E
001E
001E
003C
003C
003C
003C
003C
0078
F078
F078
F078
F0F0
F9F0
FFE0
FFE0
3F80
ENDCHAR
STARTCHAR K
ENCODING 75
SWIDTH 722 0
DWIDTH 21 0
BBX 21 22 2 0
BITMAP
0F00F8
0F01F0
0F03E0
1E07C0
1E0F80
1E3E00
1E7C00
1EF800
3DF000
3FE000
3FF800
3FF800
3C7C00
787C00
783E00
783E00
781F00
F01F00
F00F80
F00F80
F007C0
F007C0
ENDCHAR
STARTCHAR L
ENCODING 76
SWIDTH 611 0
DWIDTH 18 0
BBX 14 22 3 0
BITMAP
0F00
0F00
0F00
1E00
1E00
1E00
1E00
1E00
3C00
3C00
3C00
3C00
3C00
7800
7800
7800
7800
F000
F000
FFFC
FFFC
FFFC
ENDCHAR
STARTCHAR M
ENCODING 77
SWIDTH 833 0
DWIDTH 24 0
BBX 24 22 2 0
BITMAP
0FC03F
0FC03F
0FC03F
1FC07E
1E001E
1F807E
1FC0FE
1EE1DE
3CE3BC
3CE3BC
3CE73C
3CE73C
3CEE3C
78EE78
78FC78
78FC78
78FC78
F0F0F0
F0F0F0
F0F0F0
F0F0F0
F0F0F0
ENDCHAR
STARTCHAR N
ENCODING 78
SWIDTH 722 0
DWIDTH 21 0
BBX 21 22 2 0
BITMAP
0F0078
0F8078
0F8078
1E00F0
1F00F0
1F80F0
1FE0F0
1EE0F0
3DE1E0
3CF1E0
3CF1E0
3C79E0
3C79E0
787BC0
7819C0
781FC0
780FC0
F01F80
F00780
F00780
F00F80
F00780
ENDCHAR
STARTCHAR O
ENCODING 79
SWIDTH 778 0
DWIDTH 22 0
BBX 21 22 2 0
BITMAP
007F80
01FFE0
03FFF0
0FC3F0
1F00F8
1E0078
1E0078
3C0078
780078
780078
780078
780078
780078
F000F0
F000F0
F001E0
F001E0
F807C0
7E1F80
3FFF00
1FFE00
07F800
ENDCHAR
STARTCHAR P
ENCODING 80
SWIDTH 667 0
DWIDTH 19 0
BBX 19 22 2 0
BITMAP
0FFF80
0FFFC0
0FFFE0
1E07E0
1E03E0
1E01E0
1E01E0
1E01E0
3C03C0
3C0FC0
3FFF80
3FFF00
3FFE00
780000
780000
780000
780000
F00000
F00000
F00000
F00000
F00000
ENDCHAR
STARTCHAR Q
ENCODING 81
SWIDTH 778 0
DWIDTH 22 0
BBX 21 23 2 -1
BITMAP
007F80
01FFE0
03FFF0
0FC3F0
1F00F8
1E0078
1E0078
3C0078
780078
780078
780078
780078
780078
F000F0
F00CF0
F01FE0
F00FC0
F80F80
7C1F00
3FFF80
1FFFC0
07FDE0
000180
ENDCHAR
STARTCHAR R
ENCODING 82
SWIDTH 722 0
DWIDTH 21 0
BBX 21 22 2 0
BITMAP
0FFFC0
0FFFF0
0FFFF8
1E01F0
1E00F0
1E00F0
1E00F0
1E00F0
3C03E0
3FFFC0
3FFF80
3FFF80
3C07C0
7803C0
7803C0
7803C0
7803C0
F00780
F00780
F00780
F00780
F007C0
ENDCHAR
STARTCHAR S
ENCODING 83
SWIDTH 667 0
DWIDTH 19 0
BBX 18 22 2 0
BITMAP
01FE00
07FF80
0FFFC0
3E0FC0
3C03C0
3C03C0
3C0000
3E0000
3FE000
3FFE00
1FFF00
03FF80
003FC0
000F80
000780
F00780
F00780
F81F00
FC3E00
FFFE00
7FFC00
1FE000
ENDCHAR
STARTCHAR T
ENCODING 84
SWIDTH 611 0
DWIDTH 18 0
BBX 18 22 4 0
BITMAP
FFFFC0
FFFFC0
FFFFC0
03C000
03C000
03C000
03C000
03C000
078000
078000
078000
078000
078000
0F0000
0F0000
0F0000
0F0000
1E0000
1E0000
1E0000
1E0000
1E0000
ENDCHAR
STARTCHAR U
ENCODING 85
SWIDTH 722 0
DWIDTH 21 0
BBX 20 22 3 0
BITMAP
1E00F0
1E00F0
1E00F0
3C01E0
3C01E0
3C01E0
3C01E0
3C01E0
7803C0
7803C0
7803C0
7803C0
7803C0
F00780
F00780
F00780
F00780
F81F00
F83E00
FFFE00
7FFC00
1FF000
ENDCHAR
STARTCHAR V
ENCODING 86
SWIDTH 667 0
DWIDTH 19 0
BBX 17 22 5 0
BITMAP
F00780
F00780
F00F00
F00F00
F01E00
781E00
783C00
783C00
787800
787800
78F000
78F000
79E000
79E000
7BC000
3B8000
3B8000
3F8000
3F0000
3E0000
3E0000
3E0000
ENDCHAR
STARTCHAR W
ENCODING 87
SWIDTH 944 0
DWIDTH 27 0
BBX 25 22 5 0
BITMAP
F03E0780
F03E0780
F03C0F00
F0780F00
F0FC1E00
F0FC1E00
F0FE1E00
F0EE3C00
F0EE3C00
F1CE3C00
F1CE7800
F38E7800
F38EF000
F70EF000
F40FE000
FC07E000
F80FC000
F80F8000
F80F8000
780F0000
780F0000
780F0000
ENDCHAR
STARTCHAR X
ENCODING 88
SWIDTH 667 0
DWIDTH 19 0
BBX 21 22 1 0
BITMAP
0F80F8
0F81F0
07C3E0
07C3E0
03E7C0
03EF80
01EF00
01FE00
00FC00
00F800
007800
00F000
01F800
03F800
07FC00
07BE00
0FBE00
1F3E00
3E1F00
3E1F00
7C0F80
F80F80
ENDCHAR
STARTCHAR Y
ENCODING 89
SWIDTH 667 0
DWIDTH 19 0
BBX 18 22 5 0
BITMAP
F807C0
F80F80
7C0F80
7C1F00
7C1F00
7C3E00
3E7C00
3E7C00
3EF000
1FE000
1FE000
07C000
07C000
0F0000
0F0000
0F0000
0F0000
1E0000
1E0000
1E0000
1E0000
1E0000
ENDCHAR
STARTCHAR Z
ENCODING 90
SWIDTH 611 0
DWIDTH 18 0
BBX 20 22 1 0
BITMAP
0FFFF0
0FFFF0
0FFFF0
0001E0
0007C0
000F80
001F00
003E00
007C00
00F800
01F000
01F000
03E000
07C000
0F8000
1F0000
3E0000
7C0000
F80000
FFFF00
FFFF00
FFFF00
ENDCHAR
STARTCHAR bracketleft
ENCODING 91
SWIDTH 333 0
DWIDTH 9 0
BBX 13 28 0 -6
BITMAP
07F8
07F8
07F8
0F00
0F00
0F00
0F00
0F00
1E00
1E00
1E00
1E00
1E00
3C00
3C00
3C00
3C00
7800
7800
7800
7800
7800
F000
F000
F000
FF00
FF00
FF00
ENDCHAR
STARTCHAR backslash
ENCODING 92
SWIDTH 278 0
DWIDTH 8 0
BBX 4 22 4 0
BITMAP
C0
C0
C0
C0
C0
C0
60
60
60
60
60
60
60
60
60
60
30
30
30
30
30
30
ENDCHAR
STARTCHAR bracketright
ENCODING 93
SWIDTH 333 0
DWIDTH 9 0
BBX 12 28 -1 -6
BITMAP
07F0
07F0
07F0
01E0
01E0
01E0
01E0
01E0
03C0
03C0
03C0
03C0
03C0
0780
0780
0780
0780
0F00
0F00
0F00
0F00
0F00
1E00
1E00
1E00
FE00
FE00
FE00
ENDCHAR
STARTCHAR asciicircum
ENCODING 94
SWIDTH 584 0
DWIDTH 17 0
BBX 14 14 3 8
BITMAP
00E0
01F0
03F0
03F0
07F0
0770
0E38
0E38
1C38
3838
3838
701C
701C
E01C
ENDCHAR
STARTCHAR underscore
ENCODING 95
SWIDTH 556 0
DWIDTH 16 0
BBX 18 2 -2 -6
BITMAP
FFFFC0
FFFFC0
ENDCHAR
STARTCHAR grave
ENCODING 96
SWIDTH 333 0
DWIDTH 9 0
BBX 5 4 5 18
BITMAP
E0
70
70
38
ENDCHAR
STARTCHAR a
ENCODING 97
SWIDTH 556 0
DWIDTH 16 0
BBX 15 16 1 0
BITMAP
03F8
07FC
1FFE
1E1E
3C1E
001E
01FE
1FFC
3FBC
7C3C
783C
F078
F8F8
FFF8
7FF8
3F7C
ENDCHAR
STARTCHAR b
ENCODING 98
SWIDTH 611 0
DWIDTH 18 0
BBX 17 22 2 0
BITMAP
0F0000
0F0000
0F0000
1E0000
1E0000
1E0000
1EFC00
1FFF00
3FFF00
3E1F00
3C0F00
3C0780
3C0780
780F00
780F00
780F00
780F00
F03E00
F87C00
FFF800
FFF000
F7E000
ENDCHAR
STARTCHAR c
ENCODING 99
SWIDTH 556 0
DWIDTH 16 0
BBX 15 16 2 0
BITMAP
03F8
0FFC
3FFC
3C3E
781E
7800
7800
F000
F000
F000
F03C
F078
F8F8
7FF0
3FE0
1F80
ENDCHAR
STARTCHAR d
ENCODING 100
SWIDTH 611 0
DWIDTH 18 0
BBX 18 22 2 0
BITMAP
0003C0
0003C0
0003C0
000780
000780
000780
03F780
07FF80
1FFF00
3E3F00
3C1F00
780700
780F00
F01E00
F01E00
F01E00
F01E00
F07C00
F8FC00
FFFC00
7FFC00
3FBC00
ENDCHAR
STARTCHAR e
ENCODING 101
SWIDTH 556 0
DWIDTH 16 0
BBX 15 16 2 0
BITMAP
03F0
07FC
1FFC
3C3C
381E
781E
7FFE
FFFC
FFFC
F000
F000
E078
F0F0
7FF0
7FE0
1F80
ENDCHAR
STARTCHAR f
ENCODING 102
SWIDTH 333 0
DWIDTH 9 0
BBX 11 22 2 0
BITMAP
03E0
07E0
0FE0
1F00
1E00
1E00
7FC0
7FC0
3C00
3C00
3C00
3C00
3C00
7800
7800
7800
7800
F000
F000
F000
F000
F000
ENDCHAR
STARTCHAR g
ENCODING 103
SWIDTH 611 0
DWIDTH 18 0
BBX 19 22 0 -6
BITMAP
00F9E0
03FDE0
0FFFC0
0F8FC0
0F07C0
1E03C0
1E03C0
3C0780
3C0780
3C0780
3C0780
7C0F00
3E3F00
3FFF00
1FFF00
07CF00
001E00
F81E00
787C00
7FFC00
3FF800
1FC000
ENDCHAR
STARTCHAR h
ENCODING 104
SWIDTH 611 0
DWIDTH 18 0
BBX 16 22 2 0
BITMAP
0F00
0F00
0F00
1E00
1E00
1E00
1E7E
1FFF
3FFF
3E1F
3C0F
3C0F
3C0F
781E
781E
781E
781E
F03C
F03C
F03C
F03C
F03C
ENDCHAR
STARTCHAR i
ENCODING 105
SWIDTH 278 0
DWIDTH 8 0
BBX 8 22 2 0
BITMAP
0F
0F
0F
1E
00
00
1E
1E
3C
3C
3C
3C
3C
78
78
78
78
F0
F0
F0
F0
F0
ENDCHAR
STARTCHAR j
ENCODING 106
SWIDTH 278 0
DWIDTH 8 0
BBX 11 28 -1 -6
BITMAP
01E0
01E0
01E0
03C0
0000
0000
03C0
03C0
0780
0780
0780
0780
0780
0F00
0F00
0F00
0F00
1E00
1E00
1E00
1E00
1E00
3C00
3C00
3C00
FC00
FC00
F800
ENDCHAR
STARTCHAR k
ENCODING 107
SWIDTH 556 0
DWIDTH 16 0
BBX 16 22 2 0
BITMAP
0F00
0F00
0F00
1E00
1E00
1E00
1E0F
1E1E
3C7C
3CF8
39F0
3FE0
3FE0
7FC0
7FE0
79E0
79F0
F1F0
F0F0
F0F8
F078
F07C
ENDCHAR
STARTCHAR l
ENCODING 108
SWIDTH 278 0
DWIDTH 8 0
BBX 8 22 2 0
BITMAP
0F
0F
0F
1E
1E
1E
1E
1E
3C
3C
3C
3C
3C
78
78
78
78
F0
F0
F0
F0
F0
ENDCHAR
STARTCHAR m
ENCODING 109
SWIDTH 889 0
DWIDTH 26 0
BBX 24 16 2 0
BITMAP
1EFC7E
1FFEFF
3FFFFF
3E3F1F
3C1E0F
3C1E0F
3C1E0F
783C1E
783C1E
783C1E
783C1E
F0783C
F0783C
F0783C
F0783C
F0783C
ENDCHAR
STARTCHAR n
ENCODING 110
SWIDTH 611 0
DWIDTH 18 0
BBX 16 16 2 0
BITMAP
1E7E
1FFF
3FFF
3E1F
3C0F
3C0F
3C0F
781E
781E
781E
781E
F03C
F03C
F03C
F03C
F03C
ENDCHAR
STARTCHAR o
ENCODING 111
SWIDTH 611 0
DWIDTH 18 0
BBX 17 16 2 0
BITMAP
01F800
07FE00
1FFE00
3E1F00
3C0F00
780780
780780
F00F00
F00F00
F00F00
F00F00
F03E00
F87C00
7FF800
3FF000
0FC000
ENDCHAR
STARTCHAR p
ENCODING 112
SWIDTH 611 0
DWIDTH 18 0
BBX 18 22 1 -6
BITMAP
0F3E00
0FFF80
1FFF80
1F0F80
1E0780
1E03C0
1E03C0
3C0780
3C0780
3C0780
3C0780
781F00
7C3E00
7FFC00
7FF800
79F000
F00000
F00000
F00000
F00000
F00000
F00000
ENDCHAR
STARTCHAR q
ENCODING 113
SWIDTH 611 0
DWIDTH 18 0
BBX 17 22 2 -6
BITMAP
03E780
07FF80
1FFF00
3E1F00
3C0F00
780F00
780F00
F01E00
F01E00
F01E00
F01E00
F03C00
F87C00
FFFC00
7FFC00
1F3C00
007800
007800
007800
007800
007800
007800
ENDCHAR
STARTCHAR r
ENCODING 114
SWIDTH 389 0
DWIDTH 11 0
BBX 12 16 2 0
BITMAP
1E70
1EF0
3FE0
3FE0
3E00
3C00
3C00
7800
7800
7800
7800
F000
F000
F000
F000
F000
ENDCHAR
STARTCHAR s
ENCODING 115
SWIDTH 556 0
DWIDTH 16 0
BBX 16 16 1 0
BITMAP
03FC
0FFE
1E1E
3C1F
3E00
3F80
1FF0
1FF8
07FC
01FE
003E
F03C
F03C
FFFC
7FF8
1FF0
ENDCHAR
STARTCHAR t
ENCODING 116
SWIDTH 333 0
DWIDTH 9 0
BBX 9 21 2 0
BITMAP
0F00
0F00
1E00
1E00
1E00
7F80
7F80
3C00
3C00
3C00
3C00
3C00
7800
7800
7800
7800
F000
F000
F800
FC00
7C00
ENDCHAR
STARTCHAR u
ENCODING 117
SWIDTH 611 0
DWIDTH 18 0
BBX 17 16 2 0
BITMAP
1E0780
1E0780
3C0F00
3C0F00
3C0F00
3C0F00
3C0F00
781E00
781E00
781E00
781E00
F03C00
F87C00
FFFC00
7FFC00
3F3C00
ENDCHAR
STARTCHAR v
ENCODING 118
SWIDTH 556 0
DWIDTH 16 0
BBX 14 16 4 0
BITMAP
F03C
F03C
F078
F078
78F0
78F0
79E0
79E0
7BC0
7BC0
7F80
7B80
7E00
7E00
7E00
3C00
ENDCHAR
STARTCHAR w
ENCODING 119
SWIDTH 778 0
DWIDTH 22 0
BBX 22 16 3 0
BITMAP
F0783C
F0783C
F1F878
F1F878
F1F8F0
F1B8F0
F3B9E0
F739E0
F73BC0
F73BC0
FC3F80
FC3F00
F81F00
781E00
7C3E00
7C3E00
ENDCHAR
STARTCHAR x
ENCODING 120
SWIDTH 556 0
DWIDTH 16 0
BBX 18 16 0 0
BITMAP
1F07C0
0F0F00
079E00
079E00
03FC00
03F800
03F000
01F000
03C000
03F000
07F000
0FF000
1E7800
1E7800
3C3C00
F83E00
ENDCHAR
STARTCHAR y
ENCODING 121
SWIDTH 556 0
DWIDTH 16 0
BBX 17 22 1 -6
BITMAP
1E0780
1E0780
1E0F00
1E0F00
0F1E00
0F1E00
0F3C00
0F3C00
0F7800
0F7800
0F7000
0FF000
0FC000
07C000
03C000
078000
0F0000
1E0000
1E0000
7E0000
FC0000
F80000
ENDCHAR
STARTCHAR z
ENCODING 122
SWIDTH 500 0
DWIDTH 14 0
BBX 16 16 0 0
BITMAP
0FFF
0FFF
0FFF
003E
007C
00F8
01F0
03E0
0F80
1F00
3E00
7C00
F800
FFF8
FFF8
FFF8
ENDCHAR
STARTCHAR braceleft
ENCODING 123
SWIDTH 389 0
DWIDTH 11 0
BBX 11 28 2 -6
BITMAP
01E0
03E0
07E0
0E00
0E00
0E00
0E00
0E00
1C00
1C00
1C00
1C00
3C00
7800
F000
7800
3800
7000
7000
7000
7000
7000
E000
E000
E000
FC00
7C00
3C00
ENDCHAR
STARTCHAR bar
ENCODING 124
SWIDTH 280 0
DWIDTH 8 0
BBX 7 28 2 -6
BITMAP
06
06
06
0C
0C
0C
0C
0C
18
18
18
18
18
30
30
30
30
60
60
60
60
60
C0
C0
C0
C0
C0
C0
ENDCHAR
STARTCHAR braceright
ENCODING 125
SWIDTH 389 0
DWIDTH 11 0
BBX 11 28 1 -6
BITMAP
0780
07C0
07E0
01C0
01C0
01C0
01C0
01C0
0380
0380
0380
0380
03C0
03C0
03C0
0780
0700
0E00
0E00
0E00
0E00
0E00
1C00
1C00
1C00
FC00
F800
F000
ENDCHAR
STARTCHAR asciitilde
ENCODING 126
SWIDTH 584 0
DWIDTH 17 0
BBX 13 5 4 9
BITMAP
3800
7E18
E738
C3F0
00E0
ENDCHAR
STARTCHAR space
ENCODING 160
SWIDTH 278 0
DWIDTH 8 0
BBX 1 1 0 0
BITMAP
00
ENDCHAR
STARTCHAR exclamdown
ENCODING 161
SWIDTH 333 0
DWIDTH 9 0
BBX 8 22 0 -6
BITMAP
0F
0F
0F
0F
00
00
0C
0C
0C
18
18
3C
3C
3C
78
78
78
78
78
F0
F0
F0
ENDCHAR
STARTCHAR cent
ENCODING 162
SWIDTH 556 0
DWIDTH 16 0
BBX 15 22 2 -3
BITMAP
0040
0040
0040
07FC
0FFE
3FFE
3C9E
7C9E
7880
7880
F100
F100
F100
F13C
F278
FAF8
7FF0
7FE0
1FC0
0400
0400
0400
ENDCHAR
STARTCHAR sterling
ENCODING 163
SWIDTH 556 0
DWIDTH 16 0
BBX 17 22 1 0
BITMAP
00FC00
03FF00
07FF00
0F8F00
1F0F00
1E0780
1E0780
1E0000
1E0000
1E0000
3FF000
3FF000
0F0000
0F0000
0F0000
0F0000
1E0000
380000
700000
FFFE00
FFFC00
7FFC00
ENDCHAR
STARTCHAR currency
ENCODING 164
SWIDTH 556 0
DWIDTH 16 0
BBX 17 15 1 3
BITMAP
080100
1C0380
0FFF00
07FE00
0E1C00
1C0E00
1C0E00
1C0E00
1C0E00
381C00
1C3800
1FF800
3FFC00
E01C00
400800
ENDCHAR
STARTCHAR yen
ENCODING 165
SWIDTH 556 0
DWIDTH 16 0
BBX 17 22 3 0
BITMAP
780780
3C0F00
3C0F00
3C1E00
3C3C00
1E3C00
1E7800
0FF000
0FC000
0FC000
078000
7FF800
7FF800
0F0000
0F0000
FFF000
FFF000
1E0000
1E0000
1E0000
1E0000
1E0000
ENDCHAR
STARTCHAR brokenbar
ENCODING 166
SWIDTH 280 0
DWIDTH 8 0
BBX 7 28 2 -6
BITMAP
06
06
06
0C
0C
0C
0C
0C
18
18
18
00
00
00
00
00
60
60
60
60
60
60
C0
C0
C0
C0
C0
C0
ENDCHAR
STARTCHAR section
ENCODING 167
SWIDTH 556 0
DWIDTH 16 0
BBX 16 28 1 -6
BITMAP
00FC
01FE
03FF
0F9E
0F0E
0F0F
0F00
0FC0
0FC0
0FF8
1FFE
38FE
383E
701E
7C0E
7F0E
3F9C
3FF8
0FF0
03F0
00F8
0078
F0F0
F0F0
F9F0
7FE0
7FE0
3F00
ENDCHAR
STARTCHAR dieresis
ENCODING 168
SWIDTH 333 0
DWIDTH 9 0
BBX 9 3 4 19
BITMAP
E380
E380
E380
ENDCHAR
STARTCHAR copyright
ENCODING 169
SWIDTH 737 0
DWIDTH 22 0
BBX 23 22 2 0
BITMAP
001F80
01FFE0
03C0F0
070038
0E001C
1C1E0E
30FF0C
31FF8C
61E006
638006
C7800C
C7800C
C3800C
C3C00C
C3FF18
C3FC30
E0F070
7000E0
3801C0
1E0780
1FFE00
03F000
ENDCHAR
STARTCHAR ordfeminine
ENCODING 170
SWIDTH 370 0
DWIDTH 11 0
BBX 11 14 2 8
BITMAP
07C0
0FE0
1C60
30C0
03C0
1FC0
30C0
31C0
7F80
3800
0000
0000
7F80
FF00
ENDCHAR
STARTCHAR guillemotleft
ENCODING 171
SWIDTH 556 0
DWIDTH 16 0
BBX 13 11 3 3
BITMAP
0408
0C18
1C38
78F0
70E0
C180
E1C0
F1E0
3870
3060
1020
ENDCHAR
STARTCHAR logicalnot
ENCODING 172
SWIDTH 584 0
DWIDTH 17 0
BBX 15 9 3 3
BITMAP
FFFE
FFFE
0006
000C
000C
000C
000C
0018
0018
ENDCHAR
STARTCHAR hyphen
ENCODING 173
SWIDTH 333 0
DWIDTH 9 0
BBX 9 4 1 7
BITMAP
7F80
7F80
FF00
FF00
ENDCHAR
STARTCHAR registered
ENCODING 174
SWIDTH 737 0
DWIDTH 22 0
BBX 23 22 2 0
BITMAP
001F80
01FFE0
03C0F0
070038
0E001C
1CFE0E
31FE0C
31FF0C
61C706
61C706
C3FC0C
C3F80C
C39C0C
C39C0C
C38E18
C71C30
E70E70
7000E0
3801C0
1E0780
1FFE00
03F000
ENDCHAR
STARTCHAR macron
ENCODING 175
SWIDTH 333 0
DWIDTH 9 0
BBX 9 2 4 20
BITMAP
FF80
FF80
ENDCHAR
STARTCHAR degree
ENCODING 176
SWIDTH 400 0
DWIDTH 11 0
BBX 9 9 4 12
BITMAP
0E00
3F80
6180
C180
C180
C180
C300
FE00
3800
ENDCHAR
STARTCHAR plusminus
ENCODING 177
SWIDTH 584 0
DWIDTH 17 0
BBX 15 18 2 0
BITMAP
00E0
00E0
00E0
00E0
00E0
3FFE
3FFE
3FFE
0380
0380
0380
0380
0380
0380
0000
FFF8
FFF8
FFF8
ENDCHAR
STARTCHAR twosuperior
ENCODING 178
SWIDTH 333 0
DWIDTH 9 0
BBX 10 13 2 9
BITMAP
0F80
1FC0
3DC0
71C0
71C0
71C0
03C0
0780
1C00
3800
7000
FF80
FF80
ENDCHAR
STARTCHAR threesuperior
ENCODING 179
SWIDTH 333 0
DWIDTH 9 0
BBX 10 13 2 9
BITMAP
0F80
3FC0
39C0
71C0
61C0
61C0
0F00
0FC0
0380
C380
E380
FF00
3E00
ENDCHAR
STARTCHAR acute
ENCODING 180
SWIDTH 333 0
DWIDTH 9 0
BBX 5 4 7 18
BITMAP
38
70
70
E0
ENDCHAR
STARTCHAR mu
ENCODING 181
SWIDTH 611 0
DWIDTH 18 0
BBX 18 22 1 -6
BITMAP
0F03C0
0F03C0
1E0780
1E0780
1E0780
1E0780
1E0780
3C0F00
3C0F00
3C0F00
3C0F00
781E00
783E00
7FFE00
7FFE00
7F1E00
F00000
F00000
F00000
F00000
F00000
F00000
ENDCHAR
STARTCHAR paragraph
ENCODING 182
SWIDTH 556 0
DWIDTH 16 0
BBX 17 28 2 -6
BITMAP
03FF80
0FFF80
1FE700
3FCE00
7FCE00
7FCE00
7FCE00
7FCE00
FF9C00
FF9C00
7F9C00
7F9C00
3F9C00
1F3800
073800
073800
073800
0E7000
0E7000
0E7000
0E7000
0E7000
1CE000
1CE000
1CE000
1CE000
1CE000
1CE000
ENDCHAR
STARTCHAR periodcentered
ENCODING 183
SWIDTH 278 0
DWIDTH 8 0
BBX 4 3 3 7
BITMAP
F0
F0
F0
ENDCHAR
STARTCHAR cedilla
ENCODING 184
SWIDTH 333 0
DWIDTH 9 0
BBX 7 6 0 -6
BITMAP
30
3C
0E
0E
8E
FC
ENDCHAR
STARTCHAR onesuperior
ENCODING 185
SWIDTH 333 0
DWIDTH 9 0
BBX 7 13 4 9
BITMAP
06
0E
1E
FC
FC
1C
1C
1C
38
38
38
38
38
ENDCHAR
STARTCHAR ordmasculine
ENCODING 186
SWIDTH 365 0
DWIDTH 10 0
BBX 10 14 2 8
BITMAP
0780
0FC0
1CC0
30C0
30C0
30C0
30C0
3380
3F00
1E00
0000
0000
7F80
FF00
ENDCHAR
STARTCHAR guillemotright
ENCODING 187
SWIDTH 556 0
DWIDTH 16 0
BBX 14 11 2 3
BITMAP
2040
3060
3870
1E3C
0E1C
0C18
1C38
3C78
70E0
C180
8100
ENDCHAR
STARTCHAR onequarter
ENCODING 188
SWIDTH 834 0
DWIDTH 24 0
BBX 20 22 4 0
BITMAP
060000
0E00E0
1E01C0
FC0380
FC0300
1C0600
1C0E00
1C1C00
381800
3830F0
3870F0
38E1F0
38C1F0
0186E0
038CE0
070CE0
0618E0
0C3FE0
1C3FE0
3801C0
3001C0
6001C0
ENDCHAR
STARTCHAR onehalf
ENCODING 189
SWIDTH 834 0
DWIDTH 24 0
BBX 22 22 4 0
BITMAP
0600E0
0E01C0
1E0180
FC0300
FC0700
1C0E00
1C0C00
1C1800
3839F0
3873F8
3867BC
38C71C
39C71C
038038
030078
0600F0
0E01E0
1C0780
180F00
300E00
701FF0
001FF0
ENDCHAR
STARTCHAR threequarters
ENCODING 190
SWIDTH 834 0
DWIDTH 24 0
BBX 21 22 3 0
BITMAP
0F0038
3F8070
39C0E0
6380C0
638180
638380
0F0700
0F8600
038C00
C39C78
E7B878
FF30F8
7E60B8
00E370
01C670
018670
030C70
071FF8
0E1FF8
0C00E0
1800E0
3800E0
ENDCHAR
STARTCHAR questiondown
ENCODING 191
SWIDTH 611 0
DWIDTH 18 0
BBX 14 22 2 -6
BITMAP
00F0
00F0
00F0
00F0
0000
0000
01E0
01E0
03C0
0780
1F00
3E00
7C00
F800
F000
F03C
F03C
F87C
7878
FFF0
7FE0
1F80
ENDCHAR
STARTCHAR Agrave
ENCODING 192
SWIDTH 722 0
DWIDTH 21 0
BBX 19 27 1 0
BITMAP
001C00
000E00
000E00
000700
000000
001F00
001F00
003F00
007F00
007700
00F780
00F780
00F780
01E780
01E780
03C780
03C3C0
0783C0
0783C0
0FFFC0
1FFFC0
1FFFC0
3C03C0
3C01E0
7801E0
7801E0
F001E0
ENDCHAR
STARTCHAR Aacute
ENCODING 193
SWIDTH 722 0
DWIDTH 21 0
BBX 19 27 1 0
BITMAP
0001C0
000380
000380
000700
000000
001F00
001F00
003F00
007F00
007700
00F780
00F780
00F780
01E780
01E780
03C780
03C3C0
0783C0
0783C0
0FFFC0
1FFFC0
1FFFC0
3C03C0
3C01E0
7801E0
7801E0
F001E0
ENDCHAR
STARTCHAR Acircumflex
ENCODING 194
SWIDTH 722 0
DWIDTH 21 0
BBX 19 27 1 0
BITMAP
000700
000D80
0018C0
003060
000000
001F00
001F00
003F00
007F00
007700
00F780
00F780
00F780
01E780
01E780
03C780
03C3C0
0783C0
0783C0
0FFFC0
1FFFC0
1FFFC0
3C03C0
3C01E0
7801E0
7801E0
F001E0
ENDCHAR
STARTCHAR Atilde
ENCODING 195
SWIDTH 722 0
DWIDTH 21 0
BBX 20 27 1 0
BITMAP
000E30
001FF0
003FE0
0031C0
000000
001F00
001F00
003F00
007F00
007700
00F780
00F780
00F780
01E780
01E780
03C780
03C3C0
0783C0
0783C0
0FFFC0
1FFFC0
1FFFC0
3C03C0
3C01E0
7801E0
7801E0
F001E0
ENDCHAR
STARTCHAR Adieresis
ENCODING 196
SWIDTH 722 0
DWIDTH 21 0
BBX 19 27 1 0
BITMAP
0038E0
0038E0
0038E0
000000
000000
001F00
001F00
003F00
007F00
007700
00F780
00F780
00F780
01E780
01E780
03C780
03C3C0
0783C0
0783C0
0FFFC0
1FFFC0
1FFFC0
3C03C0
3C01E0
7801E0
7801E0
F001E0
ENDCHAR
STARTCHAR Aring
ENCODING 197
SWIDTH 722 0
DWIDTH 21 0
BBX 19 28 1 0
BITMAP
000700
000D80
000880
000D80
000700
000000
001F00
001F00
003F00
007F00
007700
00F780
00F780
00F780
01E780
01E780
03C780
03C3C0
0783C0
0783C0
0FFFC0
1FFFC0
1FFFC0
3C03C0
3C01E0
7801E0
7801E0
F001E0
ENDCHAR
STARTCHAR AE
ENCODING 198
SWIDTH 1000 0
DWIDTH 29 0
BBX 31 22 1 0
BITMAP
001FFFFE
001FFFFE
003FFFFE
0079E000
0079E000
00F1E000
00F1E000
01E1E000
01E3C000
03C3FFF0
03C3FFF0
0783FFF0
0783C000
0E038000
0FFF8000
1FFF8000
1FFF8000
3C0F0000
3C0F0000
780FFFE0
780FFFE0
F00FFFE0
ENDCHAR
STARTCHAR Ccedilla
ENCODING 199
SWIDTH 722 0
DWIDTH 21 0
BBX 20 28 2 -6
BITMAP
007F00
01FFE0
03FFF0
0F83E0
1F01F0
1E00F0
1E00F0
3C0000
780000
780000
780000
780000
780000
F00000
F003C0
F003C0
F007C0
F80F80
7C1F00
3FFE00
1FFC00
07F000
030000
03C000
00E000
00E000
08E000
0FC000
ENDCHAR
STARTCHAR Egrave
ENCODING 200
SWIDTH 667 0
DWIDTH 19 0
BBX 19 27 2 0
BITMAP
007000
003800
003800
001C00
000000
0FFFE0
0FFFE0
0FFFE0
1E0000
1E0000
1E0000
1E0000
1E0000
3C0000
3FFF80
3FFF80
3FFF80
3C0000
780000
780000
780000
780000
F00000
F00000
FFFF00
FFFF00
FFFF00
ENDCHAR
STARTCHAR Eacute
ENCODING 201
SWIDTH 667 0
DWIDTH 19 0
BBX 19 27 2 0
BITMAP
000700
000E00
000E00
001C00
000000
0FFFE0
0FFFE0
0FFFE0
1E0000
1E0000
1E0000
1E0000
1E0000
3C0000
3FFF80
3FFF80
3FFF80
3C0000
780000
780000
780000
780000
F00000
F00000
FFFF00
FFFF00
FFFF00
ENDCHAR
STARTCHAR Ecircumflex
ENCODING 202
SWIDTH 667 0
DWIDTH 19 0
BBX 19 27 2 0
BITMAP
001C00
003600
006300
00C180
000000
0FFFE0
0FFFE0
0FFFE0
1E0000
1E0000
1E0000
1E0000
1E0000
3C0000
3FFF80
3FFF80
3FFF80
3C0000
780000
780000
780000
780000
F00000
F00000
FFFF00
FFFF00
FFFF00
ENDCHAR
STARTCHAR Edieresis
ENCODING 203
SWIDTH 667 0
DWIDTH 19 0
BBX 19 27 2 0
BITMAP
00E380
00E380
00E380
000000
000000
0FFFE0
0FFFE0
0FFFE0
1E0000
1E0000
1E0000
1E0000
1E0000
3C0000
3FFF80
3FFF80
3FFF80
3C0000
780000
780000
780000
780000
F00000
F00000
FFFF00
FFFF00
FFFF00
ENDCHAR
STARTCHAR Igrave
ENCODING 204
SWIDTH 278 0
DWIDTH 8 0
BBX 9 27 2 0
BITMAP
0E00
0700
0700
0380
0000
0F00
0F00
0F00
1E00
1E00
1E00
1E00
1E00
3C00
3C00
3C00
3C00
3C00
7800
7800
7800
7800
F000
F000
F000
F000
F000
ENDCHAR
STARTCHAR Iacute
ENCODING 205
SWIDTH 278 0
DWIDTH 8 0
BBX 11 27 2 0
BITMAP
00E0
01C0
01C0
0380
0000
0F00
0F00
0F00
1E00
1E00
1E00
1E00
1E00
3C00
3C00
3C00
3C00
3C00
7800
7800
7800
7800
F000
F000
F000
F000
F000
ENDCHAR
STARTCHAR Icircumflex
ENCODING 206
SWIDTH 278 0
DWIDTH 8 0
BBX 12 27 2 0
BITMAP
0380
06C0
0C60
1830
0000
0F00
0F00
0F00
1E00
1E00
1E00
1E00
1E00
3C00
3C00
3C00
3C00
3C00
7800
7800
7800
7800
F000
F000
F000
F000
F000
ENDCHAR
STARTCHAR Idieresis
ENCODING 207
SWIDTH 278 0
DWIDTH 8 0
BBX 12 27 2 0
BITMAP
1C70
1C70
1C70
0000
0000
0F00
0F00
0F00
1E00
1E00
1E00
1E00
1E00
3C00
3C00
3C00
3C00
3C00
7800
7800
7800
7800
F000
F000
F000
F000
F000
ENDCHAR
STARTCHAR Eth
ENCODING 208
SWIDTH 722 0
DWIDTH 21 0
BBX 20 22 2 0
BITMAP
0FFF80
0FFFE0
0FFFF0
1E01F0
1E01F0
1E00F0
1E00F0
1E00F0
3C00F0
FFE0F0
FFE0F0
3C00F0
3C00F0
7801E0
7801E0
7803E0
7803C0
F00F80
F01F80
FFFF00
FFFE00
FFF800
ENDCHAR
STARTCHAR Ntilde
ENCODING 209
SWIDTH 722 0
DWIDTH 21 0
BBX 21 27 2 0
BITMAP
001C60
003FE0
007FC0
006380
000000
0F0078
0F8078
0F8078
1E00F0
1F00F0
1F80F0
1FE0F0
1EE0F0
3DE1E0
3CF1E0
3CF1E0
3C79E0
3C79E0
787BC0
7819C0
781FC0
780FC0
F01F80
F00780
F00780
F00F80
F00780
ENDCHAR
STARTCHAR Ograve
ENCODING 210
SWIDTH 778 0
DWIDTH 22 0
BBX 21 27 2 0
BITMAP
001C00
000E00
000E00
000700
000000
007F80
01FFE0
03FFF0
0FC3F0
1F00F8
1E0078
1E0078
3C0078
780078
780078
780078
780078
780078
F000F0
F000F0
F001E0
F001E0
F807C0
7E1F80
3FFF00
1FFE00
07F800
ENDCHAR
STARTCHAR Oacute
ENCODING 211
SWIDTH 778 0
DWIDTH 22 0
BBX 21 27 2 0
BITMAP
0001C0
000380
000380
000700
000000
007F80
01FFE0
03FFF0
0FC3F0
1F00F8
1E0078
1E0078
3C0078
780078
780078
780078
780078
780078
F000F0
F000F0
F001E0
F001E0
F807C0
7E1F80
3FFF00
1FFE00
07F800
ENDCHAR
STARTCHAR Ocircumflex
ENCODING 212
SWIDTH 778 0
DWIDTH 22 0
BBX 21 27 2 0
BITMAP
000700
000D80
0018C0
003060
000000
007F80
01FFE0
03FFF0
0FC3F0
1F00F8
1E0078
1E0078
3C0078
780078
780078
780078
780078
780078
F000F0
F000F0
F001E0
F001E0
F807C0
7E1F80
3FFF00
1FFE00
07F800
ENDCHAR
STARTCHAR Otilde
ENCODING 213
SWIDTH 778 0
DWIDTH 22 0
BBX 21 27 2 0
BITMAP
001C60
003FE0
007FC0
006380
000000
007F80
01FFE0
03FFF0
0FC3F0
1F00F8
1E0078
1E0078
3C0078
780078
780078
780078
780078
780078
F000F0
F000F0
F001E0
F001E0
F807C0
7E1F80
3FFF00
1FFE00
07F800
ENDCHAR
STARTCHAR Odieresis
ENCODING 214
SWIDTH 778 0
DWIDTH 22 0
BBX 21 27 2 0
BITMAP
0038E0
0038E0
0038E0
000000
000000
007F80
01FFE0
03FFF0
0FC3F0
1F00F8
1E0078
1E0078
3C0078
780078
780078
780078
780078
780078
F000F0
F000F0
F001E0
F001E0
F807C0
7E1F80
3FFF00
1FFE00
07F800
ENDCHAR
STARTCHAR multiply
ENCODING 215
SWIDTH 584 0
DWIDTH 17 0
BBX 15 11 2 2
BITMAP
180C
3C1E
1E3C
0F78
0FE0
07C0
0FE0
1EF0
78F0
F078
6030
ENDCHAR
STARTCHAR Oslash
ENCODING 216
SWIDTH 778 0
DWIDTH 22 0
BBX 24 22 1 0
BITMAP
003FC3
00FFF6
01FFFC
07E1F8
0F807C
0F007C
0F00FC
1E01BC
3C033C
3C063C
3C0C3C
3C183C
3C303C
786078
78C078
7980F0
7B00F0
7E03E0
3F0FC0
1FFF80
3FFF00
E3FC00
ENDCHAR
STARTCHAR Ugrave
ENCODING 217
SWIDTH 722 0
DWIDTH 21 0
BBX 20 27 3 0
BITMAP
007000
003800
003800
001C00
000000
1E00F0
1E00F0
1E00F0
3C01E0
3C01E0
3C01E0
3C01E0
3C01E0
7803C0
7803C0
7803C0
7803C0
7803C0
F00780
F00780
F00780
F00780
F81F00
F83E00
FFFE00
7FFC00
1FF000
ENDCHAR
STARTCHAR Uacute
ENCODING 218
SWIDTH 722 0
DWIDTH 21 0
BBX 20 27 3 0
BITMAP
000700
000E00
000E00
001C00
000000
1E00F0
1E00F0
1E00F0
3C01E0
3C01E0
3C01E0
3C01E0
3C01E0
7803C0
7803C0
7803C0
7803C0
7803C0
F00780
F00780
F00780
F00780
F81F00
F83E00
FFFE00
7FFC00
1FF000
ENDCHAR
STARTCHAR Ucircumflex
ENCODING 219
SWIDTH 722 0
DWIDTH 21 0
BBX 20 27 3 0
BITMAP
001C00
003600
006300
00C180
000000
1E00F0
1E00F0
1E00F0
3C01E0
3C01E0
3C01E0
3C01E0
3C01E0
7803C0
7803C0
7803C0
7803C0
7803C0
F00780
F00780
F00780
F00780
F81F00
F83E00
FFFE00
7FFC00
1FF000
ENDCHAR
STARTCHAR Udieresis
ENCODING 220
SWIDTH 722 0
DWIDTH 21 0
BBX 20 27 3 0
BITMAP
00E380
00E380
00E380
000000
000000
1E00F0
1E00F0
1E00F0
3C01E0
3C01E0
3C01E0
3C01E0
3C01E0
7803C0
7803C0
7803C0
7803C0
7803C0
F00780
F00780
F00780
F00780
F81F00
F83E00
FFFE00
7FFC00
1FF000
ENDCHAR
STARTCHAR Yacute
ENCODING 221
SWIDTH 667 0
DWIDTH 19 0
BBX 18 27 5 0
BITMAP
001C00
003800
003800
007000
000000
F807C0
F80F80
7C0F80
7C1F00
7C1F00
7C3E00
3E7C00
3E7C00
3EF000
1FE000
1FE000
07C000
07C000
0F0000
0F0000
0F0000
0F0000
1E0000
1E0000
1E0000
1E0000
1E0000
ENDCHAR
STARTCHAR Thorn
ENCODING 222
SWIDTH 667 0
DWIDTH 19 0
BBX 19 22 2 0
BITMAP
0F0000
0F0000
0F0000
1E0000
1FFF00
1FFF80
1FFFC0
1E07E0
3C03C0
3C03C0
3C03C0
3C03C0
3C0FC0
7FFF00
7FFE00
7FFC00
780000
F00000
F00000
F00000
F00000
F00000
ENDCHAR
STARTCHAR germandbls
ENCODING 223
SWIDTH 611 0
DWIDTH 18 0
BBX 17 22 2 0
BITMAP
01FC00
03FF00
07FF80
1F0F80
1E0780
1E0780
1E0780
1E0F00
3C7E00
3CFE00
3CFF00
3C1F00
3C0F00
780F00
780F00
780F00
780F00
F03E00
F07C00
F3FC00
F3F800
F3E000
ENDCHAR
STARTCHAR agrave
ENCODING 224
SWIDTH 556 0
DWIDTH 16 0
BBX 15 21 1 0
BITMAP
00E0
0070
0070
0038
0000
03F8
07FC
1FFE
1E1E
3C1E
001E
01FE
1FFC
3FBC
7C3C
783C
F078
F8F8
FFF8
7FF8
3F7C
ENDCHAR
STARTCHAR aacute
ENCODING 225
SWIDTH 556 0
DWIDTH 16 0
BBX 15 21 1 0
BITMAP
000E
001C
001C
0038
0000
03F8
07FC
1FFE
1E1E
3C1E
001E
01FE
1FFC
3FBC
7C3C
783C
F078
F8F8
FFF8
7FF8
3F7C
ENDCHAR
STARTCHAR acircumflex
ENCODING 226
SWIDTH 556 0
DWIDTH 16 0
BBX 16 21 1 0
BITMAP
0038
006C
00C6
0183
0000
03F8
07FC
1FFE
1E1E
3C1E
001E
01FE
1FFC
3FBC
7C3C
783C
F078
F8F8
FFF8
7FF8
3F7C
ENDCHAR
STARTCHAR atilde
ENCODING 227
SWIDTH 556 0
DWIDTH 16 0
BBX 16 21 1 0
BITMAP
00E3
01FF
03FE
031C
0000
03F8
07FC
1FFE
1E1E
3C1E
001E
01FE
1FFC
3FBC
7C3C
783C
F078
F8F8
FFF8
7FF8
3F7C
ENDCHAR
STARTCHAR adieresis
ENCODING 228
SWIDTH 556 0
DWIDTH 16 0
BBX 16 21 1 0
BITMAP
01C7
01C7
01C7
0000
0000
03F8
07FC
1FFE
1E1E
3C1E
001E
01FE
1FFC
3FBC
7C3C
783C
F078
F8F8
FFF8
7FF8
3F7C
ENDCHAR
STARTCHAR aring
ENCODING 229
SWIDTH 556 0
DWIDTH 16 0
BBX 15 22 1 0
BITMAP
0038
006C
0044
006C
0038
0000
03F8
07FC
1FFE
1E1E
3C1E
001E
01FE
1FFC
3FBC
7C3C
783C
F078
F8F8
FFF8
7FF8
3F7C
ENDCHAR
STARTCHAR ae
ENCODING 230
SWIDTH 889 0
DWIDTH 26 0
BBX 26 16 1 0
BITMAP
03FCFE00
07FFFF00
1FFFFF00
1E1F0F80
3C0F0780
003E03C0
07FFFFC0
1FFFFF80
3F9FFF80
7C3C0000
783C0000
F07C1F00
F8FE3E00
FFDFFC00
7F9FF800
3F07E000
ENDCHAR
STARTCHAR ccedilla
ENCODING 231
SWIDTH 556 0
DWIDTH 16 0
BBX 15 22 2 -6
BITMAP
03F8
0FFC
3FFC
3C3E
781E
7800
7800
F000
F000
F000
F03C
F078
F8F8
7FF0
3FE0
1F80
0C00
0F00
0380
0380
2380
3F00
ENDCHAR
STARTCHAR egrave
ENCODING 232
SWIDTH 556 0
DWIDTH 16 0
BBX 15 21 2 0
BITMAP
01C0
00E0
00E0
0070
0000
03F0
07FC
1FFC
3C3C
381E
781E
7FFE
FFFC
FFFC
F000
F000
E078
F0F0
7FF0
7FE0
1F80
ENDCHAR
STARTCHAR eacute
ENCODING 233
SWIDTH 556 0
DWIDTH 16 0
BBX 15 21 2 0
BITMAP
001C
0038
0038
0070
0000
03F0
07FC
1FFC
3C3C
381E
781E
7FFE
FFFC
FFFC
F000
F000
E078
F0F0
7FF0
7FE0
1F80
ENDCHAR
STARTCHAR ecircumflex
ENCODING 234
SWIDTH 556 0
DWIDTH 16 0
BBX 15 21 2 0
BITMAP
0070
00D8
018C
0306
0000
03F0
07FC
1FFC
3C3C
381E
781E
7FFE
FFFC
FFFC
F000
F000
E078
F0F0
7FF0
7FE0
1F80
ENDCHAR
STARTCHAR edieresis
ENCODING 235
SWIDTH 556 0
DWIDTH 16 0
BBX 15 21 2 0
BITMAP
038E
038E
038E
0000
0000
03F0
07FC
1FFC
3C3C
381E
781E
7FFE
FFFC
FFFC
F000
F000
E078
F0F0
7FF0
7FE0
1F80
ENDCHAR
STARTCHAR igrave
ENCODING 236
SWIDTH 278 0
DWIDTH 8 0
BBX 8 21 2 0
BITMAP
1C
0E
0E
07
00
1E
1E
3C
3C
3C
3C
3C
78
78
78
78
F0
F0
F0
F0
F0
ENDCHAR
STARTCHAR iacute
ENCODING 237
SWIDTH 278 0
DWIDTH 8 0
BBX 10 21 2 0
BITMAP
01C0
0380
0380
0700
0000
1E00
1E00
3C00
3C00
3C00
3C00
3C00
7800
7800
7800
7800
F000
F000
F000
F000
F000
ENDCHAR
STARTCHAR icircumflex
ENCODING 238
SWIDTH 278 0
DWIDTH 8 0
BBX 11 21 2 0
BITMAP
0700
0D80
18C0
3060
0000
1E00
1E00
3C00
3C00
3C00
3C00
3C00
7800
7800
7800
7800
F000
F000
F000
F000
F000
ENDCHAR
STARTCHAR idieresis
ENCODING 239
SWIDTH 278 0
DWIDTH 8 0
BBX 11 21 2 0
BITMAP
38E0
38E0
38E0
0000
0000
1E00
1E00
3C00
3C00
3C00
3C00
3C00
7800
7800
7800
7800
F000
F000
F000
F000
F000
ENDCHAR
STARTCHAR eth
ENCODING 240
SWIDTH 611 0
DWIDTH 18 0
BBX 17 22 2 0
BITMAP
078000
03CE00
01F800
01E000
07F000
1C7800
01FC00
07FE00
1FFE00
3E0F00
3C0F00
780780
780780
F00F00
F00F00
F00F00
F00F00
F03C00
F87C00
7FF800
3FF000
0FC000
ENDCHAR
STARTCHAR ntilde
ENCODING 241
SWIDTH 611 0
DWIDTH 18 0
BBX 16 21 2 0
BITMAP
00E3
01FF
03FE
031C
0000
1E7E
1FFF
3FFF
3E1F
3C0F
3C0F
3C0F
781E
781E
781E
781E
F03C
F03C
F03C
F03C
F03C
ENDCHAR
STARTCHAR ograve
ENCODING 242
SWIDTH 611 0
DWIDTH 18 0
BBX 17 21 2 0
BITMAP
00E000
007000
007000
003800
000000
01F800
07FE00
1FFE00
3E1F00
3C0F00
780780
780780
F00F00
F00F00
F00F00
F00F00
F03E00
F87C00
7FF800
3FF000
0FC000
ENDCHAR
STARTCHAR oacute
ENCODING 243
SWIDTH 611 0
DWIDTH 18 0
BBX 17 21 2 0
BITMAP
000E00
001C00
001C00
003800
000000
01F800
07FE00
1FFE00
3E1F00
3C0F00
780780
780780
F00F00
F00F00
F00F00
F00F00
F03E00
F87C00
7FF800
3FF000
0FC000
ENDCHAR
STARTCHAR ocircumflex
ENCODING 244
SWIDTH 611 0
DWIDTH 18 0
BBX 17 21 2 0
BITMAP
003800
006C00
00C600
018300
000000
01F800
07FE00
1FFE00
3E1F00
3C0F00
780780
780780
F00F00
F00F00
F00F00
F00F00
F03E00
F87C00
7FF800
3FF000
0FC000
ENDCHAR
STARTCHAR otilde
ENCODING 245
SWIDTH 611 0
DWIDTH 18 0
BBX 17 21 2 0
BITMAP
00E300
01FF00
03FE00
031C00
000000
01F800
07FE00
1FFE00
3E1F00
3C0F00
780780
780780
F00F00
F00F00
F00F00
F00F00
F03E00
F87C00
7FF800
3FF000
0FC000
ENDCHAR
STARTCHAR odieresis
ENCODING 246
SWIDTH 611 0
DWIDTH 18 0
BBX 17 21 2 0
BITMAP
01C700
01C700
01C700
000000
000000
01F800
07FE00
1FFE00
3E1F00
3C0F00
780780
780780
F00F00
F00F00
F00F00
F00F00
F03E00
F87C00
7FF800
3FF000
0FC000
ENDCHAR
STARTCHAR divide
ENCODING 247
SWIDTH 584 0
DWIDTH 17 0
BBX 15 15 2 0
BITMAP
03C0
03C0
03C0
0000
0000
0000
FFFE
FFFE
FFFE
0000
0000
0000
0F00
0F00
0F00
ENDCHAR
STARTCHAR oslash
ENCODING 248
SWIDTH 611 0
DWIDTH 18 0
BBX 19 16 1 0
BITMAP
00FC60
03FFC0
0FFF80
1F0F80
1E0F80
3C1BC0
3C33C0
786780
78C780
798780
7B0780
7E1F00
7C3E00
3FFC00
7FF800
C7E000
ENDCHAR
STARTCHAR ugrave
ENCODING 249
SWIDTH 611 0
DWIDTH 18 0
BBX 17 21 2 0
BITMAP
00E000
007000
007000
003800
000000
1E0780
1E0780
3C0F00
3C0F00
3C0F00
3C0F00
3C0F00
781E00
781E00
781E00
781E00
F03C00
F87C00
FFFC00
7FFC00
3F3C00
ENDCHAR
STARTCHAR uacute
ENCODING 250
SWIDTH 611 0
DWIDTH 18 0
BBX 17 21 2 0
BITMAP
000E00
001C00
001C00
003800
000000
1E0780
1E0780
3C0F00
3C0F00
3C0F00
3C0F00
3C0F00
781E00
781E00
781E00
781E00
F03C00
F87C00
FFFC00
7FFC00
3F3C00
ENDCHAR
STARTCHAR ucircumflex
ENCODING 251
SWIDTH 611 0
DWIDTH 18 0
BBX 17 21 2 0
BITMAP
003800
006C00
00C600
018300
000000
1E0780
1E0780
3C0F00
3C0F00
3C0F00
3C0F00
3C0F00
781E00
781E00
781E00
781E00
F03C00
F87C00
FFFC00
7FFC00
3F3C00
ENDCHAR
STARTCHAR udieresis
ENCODING 252
SWIDTH 611 0
DWIDTH 18 0
BBX 17 21 2 0
BITMAP
01C700
01C700
01C700
000000
000000
1E0780
1E0780
3C0F00
3C0F00
3C0F00
3C0F00
3C0F00
781E00
781E00
781E00
781E00
F03C00
F87C00
FFFC00
7FFC00
3F3C00
ENDCHAR
STARTCHAR yacute
ENCODING 253
SWIDTH 556 0
DWIDTH 16 0
BBX 17 27 1 -6
BITMAP
000E00
001C00
001C00
003800
000000
1E0780
1E0780
1E0F00
1E0F00
0F1E00
0F1E00
0F3C00
0F3C00
0F7800
0F7800
0F7000
0FF000
0FC000
07C000
03C000
078000
0F0000
1E0000
1E0000
7E0000
FC0000
F80000
ENDCHAR
STARTCHAR thorn
ENCODING 254
SWIDTH 611 0
DWIDTH 18 0
BBX 18 28 1 -6
BITMAP
078000
078000
078000
0F0000
0F0000
0F0000
0F7E00
0FFF80
1FFF80
1F0F80
1E0780
1E03C0
1E03C0
3C0780
3C0780
3C0780
3C0780
781F00
7C3E00
7FFC00
7FF800
7BF000
F00000
F00000
F00000
F00000
F00000
F00000
ENDCHAR
STARTCHAR ydieresis
ENCODING 255
SWIDTH 556 0
DWIDTH 16 0
BBX 17 27 1 -6
BITMAP
01C700
01C700
01C700
000000
000000
1E0780
1E0780
1E0F00
1E0F00
0F1E00
0F1E00
0F3C00
0F3C00
0F7800
0F7800
0F7000
0FF000
0FC000
07C000
03C000
078000
0F0000
1E0000
1E0000
7E0000
FC0000
F80000
ENDCHAR
STARTCHAR Amacron
ENCODING 256
SWIDTH 722 0
DWIDTH 21 0
BBX 19 25 1 0
BITMAP
003FE0
003FE0
000000
001F00
001F00
003F00
007F00
007700
00F780
00F780
00F780
01E780
01E780
03C780
03C3C0
0783C0
0783C0
0FFFC0
1FFFC0
1FFFC0
3C03C0
3C01E0
7801E0
7801E0
F001E0
ENDCHAR
STARTCHAR amacron
ENCODING 257
SWIDTH 556 0
DWIDTH 16 0
BBX 15 19 1 0
BITMAP
03FE
03FE
0000
03F8
07FC
1FFE
1E1E
3C1E
001E
01FE
1FFC
3FBC
7C3C
783C
F078
F8F8
FFF8
7FF8
3F7C
ENDCHAR
STARTCHAR Abreve
ENCODING 258
SWIDTH 722 0
DWIDTH 21 0
BBX 19 27 1 0
BITMAP
0018C0
001FC0
000F80
000700
000000
001F00
001F00
003F00
007F00
007700
00F780
00F780
00F780
01E780
01E780
03C780
03C3C0
0783C0
0783C0
0FFFC0
1FFFC0
1FFFC0
3C03C0
3C01E0
7801E0
7801E0
F001E0
ENDCHAR
STARTCHAR abreve
ENCODING 259
SWIDTH 556 0
DWIDTH 16 0
BBX 15 21 1 0
BITMAP
00C6
00FE
007C
0038
0000
03F8
07FC
1FFE
1E1E
3C1E
001E
01FE
1FFC
3FBC
7C3C
783C
F078
F8F8
FFF8
7FF8
3F7C
ENDCHAR
STARTCHAR Aogonek
ENCODING 260
SWIDTH 722 0
DWIDTH 21 0
BBX 19 28 1 -6
BITMAP
001F00
001F00
003F00
007F00
007700
00F780
00F780
00F780
01E780
01E780
03C780
03C3C0
0783C0
0783C0
0FFFC0
1FFFC0
1FFFC0
3C03C0
3C01E0
7801E0
7801E0
F001E0
000700
000E00
001C00
001C00
001C00
000F80
ENDCHAR
STARTCHAR aogonek
ENCODING 261
SWIDTH 556 0
DWIDTH 16 0
BBX 15 22 1 -6
BITMAP
03F8
07FC
1FFE
1E1E
3C1E
001E
01FE
1FFC
3FBC
7C3C
783C
F078
F8F8
FFF8
7FF8
3F7C
00E0
01C0
0380
0380
0380
01F0
ENDCHAR
STARTCHAR Cacute
ENCODING 262
SWIDTH 722 0
DWIDTH 21 0
BBX 20 27 2 0
BITMAP
0001C0
000380
000380
000700
000000
007F00
01FFE0
03FFF0
0F83E0
1F01F0
1E00F0
1E00F0
3C0000
780000
780000
780000
780000
780000
F00000
F003C0
F003C0
F007C0
F80F80
7C1F00
3FFE00
1FFC00
07F000
ENDCHAR
STARTCHAR cacute
ENCODING 263
SWIDTH 556 0
DWIDTH 16 0
BBX 15 21 2 0
BITMAP
001C
0038
0038
0070
0000
03F8
0FFC
3FFC
3C3E
781E
7800
7800
F000
F000
F000
F03C
F078
F8F8
7FF0
3FE0
1F80
ENDCHAR
STARTCHAR Ccircumflex
ENCODING 264
SWIDTH 722 0
DWIDTH 21 0
BBX 20 27 2 0
BITMAP
000700
000D80
0018C0
003060
000000
007F00
01FFE0
03FFF0
0F83E0
1F01F0
1E00F0
1E00F0
3C0000
780000
780000
780000
780000
780000
F00000
F003C0
F003C0
F007C0
F80F80
7C1F00
3FFE00
1FFC00
07F000
ENDCHAR
STARTCHAR ccircumflex
ENCODING 265
SWIDTH 556 0
DWIDTH 16 0
BBX 15 21 2 0
BITMAP
0070
00D8
018C
0306
0000
03F8
0FFC
3FFC
3C3E
781E
7800
7800
F000
F000
F000
F03C
F078
F8F8
7FF0
3FE0
1F80
ENDCHAR
STARTCHAR Cdotaccent
ENCODING 266
SWIDTH 722 0
DWIDTH 21 0
BBX 20 26 2 0
BITMAP
000700
000700
000700
000000
007F00
01FFE0
03FFF0
0F83E0
1F01F0
1E00F0
1E00F0
3C0000
780000
780000
780000
780000
780000
F00000
F003C0
F003C0
F007C0
F80F80
7C1F00
3FFE00
1FFC00
07F000
ENDCHAR
STARTCHAR cdotaccent
ENCODING 267
SWIDTH 556 0
DWIDTH 16 0
BBX 15 20 2 0
BITMAP
00E0
00E0
00E0
0000
03F8
0FFC
3FFC
3C3E
781E
7800
7800
F000
F000
F000
F03C
F078
F8F8
7FF0
3FE0
1F80
ENDCHAR
STARTCHAR Ccaron
ENCODING 268
SWIDTH 722 0
DWIDTH 21 0
BBX 20 27 2 0
BITMAP
0038E0
001DC0
000F80
000700
000000
007F00
01FFE0
03FFF0
0F83E0
1F01F0
1E00F0
1E00F0
3C0000
780000
780000
780000
780000
780000
F00000
F003C0
F003C0
F007C0
F80F80
7C1F00
3FFE00
1FFC00
07F000
ENDCHAR
STARTCHAR ccaron
ENCODING 269
SWIDTH 556 0
DWIDTH 16 0
BBX 15 21 2 0
BITMAP
038E
01DC
00F8
0070
0000
03F8
0FFC
3FFC
3C3E
781E
7800
7800
F000
F000
F000
F03C
F078
F8F8
7FF0
3FE0
1F80
ENDCHAR
STARTCHAR Dcaron
ENCODING 270
SWIDTH 722 0
DWIDTH 21 0
BBX 20 27 2 0
BITMAP
0071C0
003B80
001F00
000E00
000000
0FFF80
0FFFE0
0FFFF0
1E01F0
1E01F0
1E00F0
1E00F0
1E00F0
3C00F0
3C00F0
3C00F0
3C00F0
3C00F0
7801E0
7801E0
7803E0
7803C0
F00F80
F01F80
FFFF00
FFFE00
FFF800
ENDCHAR
STARTCHAR dcaron
ENCODING 271
SWIDTH 858 0
DWIDTH 23 0
BBX 24 22 2 0
BITMAP
0003CF
0003CF
0003CF
00078F
000786
00078C
03F798
07FF80
1FFF00
3E3F00
3C1F00
780700
780F00
F01E00
F01E00
F01E00
F01E00
F07C00
F8FC00
FFFC00
7FFC00
3FBC00
ENDCHAR
STARTCHAR Dcroat
ENCODING 272
SWIDTH 722 0
DWIDTH 21 0
BBX 20 22 2 0
BITMAP
0FFF80
0FFFE0
0FFFF0
1E01F0
1E01F0
1E00F0
1E00F0
1E00F0
3C00F0
FFE0F0
FFE0F0
3C00F0
3C00F0
7801E0
7801E0
7803E0
7803C0
F00F80
F01F80
FFFF00
FFFE00
FFF800
ENDCHAR
STARTCHAR dcroat
ENCODING 273
SWIDTH 611 0
DWIDTH 18 0
BBX 20 22 2 0
BITMAP
0003C0
0003C0
003FF0
007FE0
000780
000780
03F780
07FF80
1FFF00
3E3F00
3C1F00
780700
780F00
F01E00
F01E00
F01E00
F01E00
F07C00
F8FC00
7FFC00
3FFC00
1FBC00
ENDCHAR
STARTCHAR Emacron
ENCODING 274
SWIDTH 667 0
DWIDTH 19 0
BBX 19 25 2 0
BITMAP
00FF80
00FF80
000000
0FFFE0
0FFFE0
0FFFE0
1E0000
1E0000
1E0000
1E0000
1E0000
3C0000
3FFF80
3FFF80
3FFF80
3C0000
780000
780000
780000
780000
F00000
F00000
FFFF00
FFFF00
FFFF00
ENDCHAR
STARTCHAR emacron
ENCODING 275
SWIDTH 556 0
DWIDTH 16 0
BBX 15 19 2 0
BITMAP
07FC
07FC
0000
03F0
07FC
1FFC
3C3C
381E
781E
7FFE
FFFC
FFFC
F000
F000
E078
F0F0
7FF0
7FE0
1F80
ENDCHAR
STARTCHAR Ebreve
ENCODING 276
SWIDTH 667 0
DWIDTH 19 0
BBX 19 27 2 0
BITMAP
006300
007F00
003E00
001C00
000000
0FFFE0
0FFFE0
0FFFE0
1E0000
1E0000
1E0000
1E0000
1E0000
3C0000
3FFF80
3FFF80
3FFF80
3C0000
780000
780000
780000
780000
F00000
F00000
FFFF00
FFFF00
FFFF00
ENDCHAR
STARTCHAR ebreve
ENCODING 277
SWIDTH 556 0
DWIDTH 16 0
BBX 15 21 2 0
BITMAP
018C
01FC
00F8
0070
0000
03F0
07FC
1FFC
3C3C
381E
781E
7FFE
FFFC
FFFC
F000
F000
E078
F0F0
7FF0
7FE0
1F80
ENDCHAR
STARTCHAR Edotaccent
ENCODING 278
SWIDTH 667 0
DWIDTH 19 0
BBX 19 26 2 0
BITMAP
001C00
001C00
001C00
000000
0FFFE0
0FFFE0
0FFFE0
1E0000
1E0000
1E0000
1E0000
1E0000
3C0000
3FFF80
3FFF80
3FFF80
3C0000
780000
780000
780000
780000
F00000
F00000
FFFF00
FFFF00
FFFF00
ENDCHAR
STARTCHAR edotaccent
ENCODING 279
SWIDTH 556 0
DWIDTH 16 0
BBX 15 20 2 0
BITMAP
00E0
00E0
00E0
0000
03F0
07FC
1FFC
3C3C
381E
781E
7FFE
FFFC
FFFC
F000
F000
E078
F0F0
7FF0
7FE0
1F80
ENDCHAR
STARTCHAR Eogonek
ENCODING 280
SWIDTH 667 0
DWIDTH 19 0
BBX 19 28 2 -6
BITMAP
0FFFE0
0FFFE0
0FFFE0
1E0000
1E0000
1E0000
1E0000
1E0000
3C0000
3FFF80
3FFF80
3FFF80
3C0000
780000
780000
780000
780000
F00000
F00000
FFFF00
FFFF00
FFFF00
003800
007000
00E000
00E000
00E000
007C00
ENDCHAR
STARTCHAR eogonek
ENCODING 281
SWIDTH 556 0
DWIDTH 16 0
BBX 15 22 2 -6
BITMAP
03F0
07FC
1FFC
3C3C
381E
781E
7FFE
FFFC
FFFC
F000
F000
E078
F0F0
7FF0
7FE0
1F80
0700
0E00
1C00
1C00
1C00
0F80
ENDCHAR
STARTCHAR Ecaron
ENCODING 282
SWIDTH 667 0
DWIDTH 19 0
BBX 19 27 2 0
BITMAP
00E380
007700
003E00
001C00
000000
0FFFE0
0FFFE0
0FFFE0
1E0000
1E0000
1E0000
1E0000
1E0000
3C0000
3FFF80
3FFF80
3FFF80
3C0000
780000
780000
780000
780000
F00000
F00000
FFFF00
FFFF00
FFFF00
ENDCHAR
STARTCHAR ecaron
ENCODING 283
SWIDTH 556 0
DWIDTH 16 0
BBX 15 21 2 0
BITMAP
038E
01DC
00F8
0070
0000
03F0
07FC
1FFC
3C3C
381E
781E
7FFE
FFFC
FFFC
F000
F000
E078
F0F0
7FF0
7FE0
1F80
ENDCHAR
STARTCHAR Gcircumflex
ENCODING 284
SWIDTH 778 0
DWIDTH 22 0
BBX 21 27 2 0
BITMAP
000700
000D80
0018C0
003060
000000
003F80
01FFE0
03FFF0
0FC1F0
1F00F8
1E0078
1E0000
3C0000
780000
780000
780FF0
780FF0
780FF0
F000E0
F801E0
7801E0
7C03E0
7C07C0
7E1FC0
3FFFC0
1FFDC0
03F1C0
ENDCHAR
STARTCHAR gcircumflex
ENCODING 285
SWIDTH 611 0
DWIDTH 18 0
BBX 19 27 0 -6
BITMAP
001C00
003600
006300
00C180
000000
00F9E0
03FDE0
0FFFC0
0F8FC0
0F07C0
1E03C0
1E03C0
3C0780
3C0780
3C0780
3C0780
7C0F00
3E3F00
3FFF00
1FFF00
07CF00
001E00
F81E00
787C00
7FFC00
3FF800
1FC000
ENDCHAR
STARTCHAR Gbreve
ENCODING 286
SWIDTH 778 0
DWIDTH 22 0
BBX 21 27 2 0
BITMAP
0018C0
001FC0
000F80
000700
000000
003F80
01FFE0
03FFF0
0FC1F0
1F00F8
1E0078
1E0000
3C0000
780000
780000
780FF0
780FF0
780FF0
F000E0
F801E0
7801E0
7C03E0
7C07C0
7E1FC0
3FFFC0
1FFDC0
03F1C0
ENDCHAR
STARTCHAR gbreve
ENCODING 287
SWIDTH 611 0
DWIDTH 18 0
BBX 19 27 0 -6
BITMAP
006300
007F00
003E00
001C00
000000
00F9E0
03FDE0
0FFFC0
0F8FC0
0F07C0
1E03C0
1E03C0
3C0780
3C0780
3C0780
3C0780
7C0F00
3E3F00
3FFF00
1FFF00
07CF00
001E00
F81E00
787C00
7FFC00
3FF800
1FC000
ENDCHAR
STARTCHAR Gdotaccent
ENCODING 288
SWIDTH 778 0
DWIDTH 22 0
BBX 21 26 2 0
BITMAP
000700
000700
000700
000000
003F80
01FFE0
03FFF0
0FC1F0
1F00F8
1E0078
1E0000
3C0000
780000
780000
780FF0
780FF0
780FF0
F000E0
F801E0
7801E0
7C03E0
7C07C0
7E1FC0
3FFFC0
1FFDC0
03F1C0
ENDCHAR
STARTCHAR gdotaccent
ENCODING 289
SWIDTH 611 0
DWIDTH 18 0
BBX 19 26 0 -6
BITMAP
003800
003800
003800
000000
00F9E0
03FDE0
0FFFC0
0F8FC0
0F07C0
1E03C0
1E03C0
3C0780
3C0780
3C0780
3C0780
7C0F00
3E3F00
3FFF00
1FFF00
07CF00
001E00
F81E00
787C00
7FFC00
3FF800
1FC000
ENDCHAR
STARTCHAR Gcommaaccent
ENCODING 290
SWIDTH 778 0
DWIDTH 22 0
BBX 21 32 2 -10
BITMAP
003F80
01FFE0
03FFF0
0FC1F0
1F00F8
1E0078
1E0000
3C0000
780000
780000
780FF0
780FF0
780FF0
F000E0
F801E0
7801E0
7C03E0
7C07C0
7E1FC0
3FFFC0
1FFDC0
03F1C0
000000
01E000
01E000
01E000
01E000
00C000
00C000
01C000
038000
030000
ENDCHAR
STARTCHAR gcommaaccent
ENCODING 291
SWIDTH 611 0
DWIDTH 18 0
BBX 19 30 0 -6
BITMAP
000300
000600
000C00
001E00
001E00
001E00
001E00
000000
00F9E0
03FDE0
0FFFC0
0F8FC0
0F07C0
1E03C0
1E03C0
3C0780
3C0780
3C0780
3C0780
7C0F00
3E3F00
3FFF00
1FFF00
07CF00
001E00
F81E00
787C00
7FFC00
3FF800
1FC000
ENDCHAR
STARTCHAR Hcircumflex
ENCODING 292
SWIDTH 722 0
DWIDTH 21 0
BBX 21 27 2 0
BITMAP
000E00
001B00
003180
0060C0
000000
0F0078
0F0078
0F0078
1E00F0
1E00F0
1E00F0
1E00F0
1E00F0
3FFFE0
3FFFE0
3FFFE0
3C01E0
3C01E0
7803C0
7803C0
7803C0
7803C0
F00780
F00780
F00780
F00780
F00780
ENDCHAR
STARTCHAR hcircumflex
ENCODING 293
SWIDTH 611 0
DWIDTH 18 0
BBX 16 27 2 0
BITMAP
01C0
0360
0630
0C18
0000
0F00
0F00
0F00
1E00
1E00
1E00
1E7E
1FFF
3FFF
3E1F
3C0F
3C0F
3C0F
781E
781E
781E
781E
F03C
F03C
F03C
F03C
F03C
ENDCHAR
STARTCHAR Hbar
ENCODING 294
SWIDTH 722 0
DWIDTH 21 0
BBX 21 22 2 0
BITMAP
0F0078
0F0078
0F0078
1E00F0
3FFFF8
3FFFF8
1E00F0
1C00F0
3FFFE0
3FFFE0
3FFFE0
3C01E0
3C01E0
7803C0
7803C0
7803C0
7803C0
F00780
F00780
F00780
F00780
F00780
ENDCHAR
STARTCHAR hbar
ENCODING 295
SWIDTH 611 0
DWIDTH 18 0
BBX 16 22 2 0
BITMAP
0F00
0F00
1FF8
3FF0
1E00
1E00
1E7E
1FFF
3FFF
3E3F
3C0F
3C0F
3C0F
781E
781E
781E
781E
F03C
F03C
F03C
F03C
F03C
ENDCHAR
STARTCHAR Itilde
ENCODING 296
SWIDTH 278 0
DWIDTH 8 0
BBX 12 27 2 0
BITMAP
0E30
1FF0
3FE0
31C0
0000
0F00
0F00
0F00
1E00
1E00
1E00
1E00
1E00
3C00
3C00
3C00
3C00
3C00
7800
7800
7800
7800
F000
F000
F000
F000
F000
ENDCHAR
STARTCHAR itilde
ENCODING 297
SWIDTH 278 0
DWIDTH 8 0
BBX 11 21 2 0
BITMAP
1C60
3FE0
7FC0
6380
0000
1E00
1E00
3C00
3C00
3C00
3C00
3C00
7800
7800
7800
7800
F000
F000
F000
F000
F000
ENDCHAR
STARTCHAR Imacron
ENCODING 298
SWIDTH 278 0
DWIDTH 8 0
BBX 12 25 2 0
BITMAP
1FF0
1FF0
0000
0F00
0F00
0F00
1E00
1E00
1E00
1E00
1E00
3C00
3C00
3C00
3C00
3C00
7800
7800
7800
7800
F000
F000
F000
F000
F000
ENDCHAR
STARTCHAR imacron
ENCODING 299
SWIDTH 278 0
DWIDTH 8 0
BBX 10 19 2 0
BITMAP
7FC0
7FC0
0000
1E00
1E00
3C00
3C00
3C00
3C00
3C00
7800
7800
7800
7800
F000
F000
F000
F000
F000
ENDCHAR
STARTCHAR Ibreve
ENCODING 300
SWIDTH 278 0
DWIDTH 8 0
BBX 11 27 2 0
BITMAP
0C60
0FE0
07C0
0380
0000
0F00
0F00
0F00
1E00
1E00
1E00
1E00
1E00
3C00
3C00
3C00
3C00
3C00
7800
7800
7800
7800
F000
F000
F000
F000
F000
ENDCHAR
STARTCHAR ibreve
ENCODING 301
SWIDTH 278 0
DWIDTH 8 0
BBX 10 21 2 0
BITMAP
18C0
1FC0
0F80
0700
0000
1E00
1E00
3C00
3C00
3C00
3C00
3C00
7800
7800
7800
7800
F000
F000
F000
F000
F000
ENDCHAR
STARTCHAR Iogonek
ENCODING 302
SWIDTH 278 0
DWIDTH 8 0
BBX 12 28 -2 -6
BITMAP
00F0
00F0
00F0
01E0
01E0
01E0
01E0
01E0
03C0
03C0
03C0
03C0
03C0
0780
0780
0780
0780
0F00
0F00
0F00
0F00
0F00
3800
7000
E000
E000
E000
7C00
ENDCHAR
STARTCHAR iogonek
ENCODING 303
SWIDTH 278 0
DWIDTH 8 0
BBX 12 28 -2 -6
BITMAP
00F0
00F0
00F0
01E0
0000
0000
01E0
01E0
03C0
03C0
03C0
03C0
03C0
0780
0780
0780
0780
0F00
0F00
0F00
0F00
0F00
3800
7000
E000
E000
E000
7C00
ENDCHAR
STARTCHAR Idotaccent
ENCODING 304
SWIDTH 278 0
DWIDTH 8 0
BBX 9 26 2 0
BITMAP
0380
0380
0380
0000
0F00
0F00
0F00
1E00
1E00
1E00
1E00
1E00
3C00
3C00
3C00
3C00
3C00
7800
7800
7800
7800
F000
F000
F000
F000
F000
ENDCHAR
STARTCHAR dotlessi
ENCODING 305
SWIDTH 278 0
DWIDTH 8 0
BBX 7 16 2 0
BITMAP
1E
1E
3C
3C
3C
3C
3C
78
78
78
78
F0
F0
F0
F0
F0
ENDCHAR
STARTCHAR IJ
ENCODING 306
SWIDTH 820 0
DWIDTH 24 0
BBX 24 22 2 0
BITMAP
0F000F
0F000F
0F000F
1E001E
1E001E
1E001E
1E001E
1E001E
3C003C
3C003C
3C003C
3C003C
3C003C
780078
78F078
78F078
78F078
F0F0F0
F0F9F0
F0FFE0
F0FFE0
F03F80
ENDCHAR
STARTCHAR ij
ENCODING 307
SWIDTH 542 0
DWIDTH 16 0
BBX 16 28 2 -6
BITMAP
0F0F
0F0F
0F0F
0F1E
0000
0000
1E1E
1E1E
3C3C
3C3C
3C3C
3C3C
3C3C
7878
7878
7878
7878
F0F0
F0F0
F0F0
F0F0
F0F0
01E0
01E0
01E0
07E0
07E0
07C0
ENDCHAR
STARTCHAR Jcircumflex
ENCODING 308
SWIDTH 556 0
DWIDTH 16 0
BBX 18 27 2 0
BITMAP
000E00
001B00
003180
0060C0
000000
000F00
000F00
000F00
001E00
001E00
001E00
001E00
001E00
003C00
003C00
003C00
003C00
003C00
007800
F07800
F07800
F07800
F0F000
F9F000
FFE000
FFE000
3F8000
ENDCHAR
STARTCHAR jcircumflex
ENCODING 309
SWIDTH 278 0
DWIDTH 8 0
BBX 14 27 -1 -6
BITMAP
00E0
01B0
0318
060C
0000
03C0
03C0
0780
0780
0780
0780
0780
0F00
0F00
0F00
0F00
1E00
1E00
1E00
1E00
1E00
3C00
3C00
3C00
FC00
FC00
F800
ENDCHAR
STARTCHAR Kcommaaccent
ENCODING 310
SWIDTH 722 0
DWIDTH 21 0
BBX 21 32 2 -10
BITMAP
0F00F8
0F01F0
0F03E0
1E07C0
1E0F80
1E3E00
1E7C00
1EF800
3DF000
3FE000
3FF800
3FF800
3C7C00
787C00
783E00
783E00
781F00
F01F00
F00F80
F00F80
F007C0
F007C0
000000
03C000
03C000
03C000
03C000
018000
018000
038000
070000
060000
ENDCHAR
STARTCHAR kcommaaccent
ENCODING 311
SWIDTH 556 0
DWIDTH 16 0
BBX 16 32 2 -10
BITMAP
0F00
0F00
0F00
1E00
1E00
1E00
1E0F
1E1E
3C7C
3CF8
39F0
3FE0
3FE0
7FC0
7FE0
79E0
79F0
F1F0
F0F0
F0F8
F078
F07C
0000
0F00
0F00
0F00
0F00
0600
0600
0E00
1C00
1800
ENDCHAR
STARTCHAR kgreenlandic
ENCODING 312
SWIDTH 556 0
DWIDTH 16 0
BBX 16 16 2 0
BITMAP
1E0F
1E1E
3C7C
3CF8
39F0
3FE0
3FE0
7FC0
7FE0
79E0
79F0
F1F0
F0F0
F0F8
F078
F07C
ENDCHAR
STARTCHAR Lacute
ENCODING 313
SWIDTH 611 0
DWIDTH 18 0
BBX 14 27 3 0
BITMAP
0070
00E0
00E0
01C0
0000
0F00
0F00
0F00
1E00
1E00
1E00
1E00
1E00
3C00
3C00
3C00
3C00
3C00
7800
7800
7800
7800
F000
F000
FFFC
FFFC
FFFC
ENDCHAR
STARTCHAR lacute
ENCODING 314
SWIDTH 278 0
DWIDTH 8 0
BBX 11 27 2 0
BITMAP
00E0
01C0
01C0
0380
0000
0F00
0F00
0F00
1E00
1E00
1E00
1E00
1E00
3C00
3C00
3C00
3C00
3C00
7800
7800
7800
7800
F000
F000
F000
F000
F000
ENDCHAR
STARTCHAR Lcommaaccent
ENCODING 315
SWIDTH 611 0
DWIDTH 18 0
BBX 14 32 3 -10
BITMAP
0F00
0F00
0F00
1E00
1E00
1E00
1E00
1E00
3C00
3C00
3C00
3C00
3C00
7800
7800
7800
7800
F000
F000
FFFC
FFFC
FFFC
0000
0F00
0F00
0F00
0F00
0600
0600
0E00
1C00
1800
ENDCHAR
STARTCHAR lcommaaccent
ENCODING 316
SWIDTH 278 0
DWIDTH 8 0
BBX 10 32 0 -10
BITMAP
03C0
03C0
03C0
0780
0780
0780
0780
0780
0F00
0F00
0F00
0F00
0F00
1E00
1E00
1E00
1E00
3C00
3C00
3C00
3C00
3C00
0000
7800
7800
7800
7800
3000
3000
7000
E000
C000
ENDCHAR
STARTCHAR Lcaron
ENCODING 317
SWIDTH 858 0
DWIDTH 18 0
BBX 14 22 3 0
BITMAP
0F3C
0F3C
0F3C
1E3C
1E18
1E30
1E60
1E00
3C00
3C00
3C00
3C00
3C00
7800
7800
7800
7800
F000
F000
FFFC
FFFC
FFFC
ENDCHAR
STARTCHAR lcaron
ENCODING 318
SWIDTH 542 0
DWIDTH 13 0
BBX 14 22 2 0
BITMAP
0F3C
0F3C
0F3C
1E3C
1E18
1E30
1E60
1E00
3C00
3C00
3C00
3C00
3C00
7800
7800
7800
7800
F000
F000
F000
F000
F000
ENDCHAR
STARTCHAR Ldot
ENCODING 319
SWIDTH 858 0
DWIDTH 25 0
BBX 22 22 3 0
BITMAP
0F0000
0F0000
0F0000
1E0000
1E0000
1E0000
1E0000
1E0000
3C0000
3C003C
3C003C
3C003C
3C0000
780000
780000
780000
780000
F00000
F00000
FFFC00
FFFC00
FFFC00
ENDCHAR
STARTCHAR ldot
ENCODING 320
SWIDTH 542 0
DWIDTH 16 0
BBX 13 22 2 0
BITMAP
0F00
0F00
0F00
1E00
1E00
1E00
1E00
1E00
3C00
3C00
3C00
3C00
3C78
7878
7878
7800
7800
F000
F000
F000
F000
F000
ENDCHAR
STARTCHAR Lslash
ENCODING 321
SWIDTH 611 0
DWIDTH 18 0
BBX 17 22 1 0
BITMAP
03C000
03C000
03C000
078000
078000
078000
078400
078C00
0F7800
0FF000
0FE000
0F8000
1F0000
FE0000
FE0000
DE0000
1E0000
3C0000
3C0000
3FFF80
3FFF80
3FFF80
ENDCHAR
STARTCHAR lslash
ENCODING 322
SWIDTH 278 0
DWIDTH 8 0
BBX 9 22 1 0
BITMAP
0780
0780
0780
0F00
0F00
0F00
0F00
0F00
1F00
1F00
1E00
3E00
7E00
BC00
3C00
3C00
3C00
7800
7800
7800
7800
7800
ENDCHAR
STARTCHAR Nacute
ENCODING 323
SWIDTH 722 0
DWIDTH 21 0
BBX 21 27 2 0
BITMAP
000380
000700
000700
000E00
000000
0F0078
0F8078
0F8078
1E00F0
1F00F0
1F80F0
1FE0F0
1EE0F0
3DE1E0
3CF1E0
3CF1E0
3C79E0
3C79E0
787BC0
7819C0
781FC0
780FC0
F01F80
F00780
F00780
F00F80
F00780
ENDCHAR
STARTCHAR nacute
ENCODING 324
SWIDTH 611 0
DWIDTH 18 0
BBX 16 21 2 0
BITMAP
000E
001C
001C
0038
0000
1E7E
1FFF
3FFF
3E1F
3C0F
3C0F
3C0F
781E
781E
781E
781E
F03C
F03C
F03C
F03C
F03C
ENDCHAR
STARTCHAR Ncommaaccent
ENCODING 325
SWIDTH 722 0
DWIDTH 21 0
BBX 21 32 2 -10
BITMAP
0F0078
0F8078
0F8078
1E00F0
1F00F0
1F80F0
1FE0F0
1EE0F0
3DE1E0
3CF1E0
3CF1E0
3C79E0
3C79E0
787BC0
7819C0
781FC0
780FC0
F01F80
F00780
F00780
F00F80
F00780
000000
03C000
03C000
03C000
03C000
018000
018000
038000
070000
060000
ENDCHAR
STARTCHAR ncommaaccent
ENCODING 326
SWIDTH 611 0
DWIDTH 18 0
BBX 16 26 2 -10
BITMAP
1E7E
1FFF
3FFF
3E1F
3C0F
3C0F
3C0F
781E
781E
781E
781E
F03C
F03C
F03C
F03C
F03C
0000
0F00
0F00
0F00
0F00
0600
0600
0E00
1C00
1800
ENDCHAR
STARTCHAR Ncaron
ENCODING 327
SWIDTH 722 0
DWIDTH 21 0
BBX 21 27 2 0
BITMAP
0071C0
003B80
001F00
000E00
000000
0F0078
0F8078
0F8078
1E00F0
1F00F0
1F80F0
1FE0F0
1EE0F0
3DE1E0
3CF1E0
3CF1E0
3C79E0
3C79E0
787BC0
7819C0
781FC0
780FC0
F01F80
F00780
F00780
F00F80
F00780
ENDCHAR
STARTCHAR ncaron
ENCODING 328
SWIDTH 611 0
DWIDTH 18 0
BBX 16 21 2 0
BITMAP
01C7
00EE
007C
0038
0000
1E7E
1FFF
3FFF
3E1F
3C0F
3C0F
3C0F
781E
781E
781E
781E
F03C
F03C
F03C
F03C
F03C
ENDCHAR
STARTCHAR napostrophe
ENCODING 329
SWIDTH 875 0
DWIDTH 25 0
BBX 19 22 3 0
BITMAP
780000
780000
780000
780000
300000
600000
C3CFC0
03FFE0
07FFE0
07C3E0
0781E0
0781E0
0781E0
0F03C0
0F03C0
0F03C0
0F03C0
1E0780
1E0780
1E0780
1E0780
1E0780
ENDCHAR
STARTCHAR Eng
ENCODING 330
SWIDTH 722 0
DWIDTH 21 0
BBX 20 30 2 -8
BITMAP
0F1FC0
0F7FE0
0FFFF0
1FFFF0
1F81F0
1E01F0
1E00F0
1E00F0
3C01E0
3C01E0
3C01E0
3C01E0
3C01E0
7803C0
7803C0
7803C0
7803C0
F00780
F00780
F00780
F00780
F00780
000F00
000F00
000F00
000F00
00FF00
01FE00
01FC00
01F800
ENDCHAR
STARTCHAR eng
ENCODING 331
SWIDTH 611 0
DWIDTH 18 0
BBX 16 22 2 -6
BITMAP
1E7E
1FFF
3FFF
3E1F
3C0F
3C0F
3C0F
781E
781E
781E
781E
F03C
F03C
F03C
F03C
F03C
0078
0078
0078
01F8
01F8
01F0
ENDCHAR
STARTCHAR Omacron
ENCODING 332
SWIDTH 778 0
DWIDTH 22 0
BBX 21 25 2 0
BITMAP
003FE0
003FE0
000000
007F80
01FFE0
03FFF0
0FC3F0
1F00F8
1E0078
1E0078
3C0078
780078
780078
780078
780078
780078
F000F0
F000F0
F001E0
F001E0
F807C0
7E1F80
3FFF00
1FFE00
07F800
ENDCHAR
STARTCHAR omacron
ENCODING 333
SWIDTH 611 0
DWIDTH 18 0
BBX 17 19 2 0
BITMAP
03FE00
03FE00
000000
01F800
07FE00
1FFE00
3E1F00
3C0F00
780780
780780
F00F00
F00F00
F00F00
F00F00
F03E00
F87C00
7FF800
3FF000
0FC000
ENDCHAR
STARTCHAR Obreve
ENCODING 334
SWIDTH 778 0
DWIDTH 22 0
BBX 21 27 2 0
BITMAP
0018C0
001FC0
000F80
000700
000000
007F80
01FFE0
03FFF0
0FC3F0
1F00F8
1E0078
1E0078
3C0078
780078
780078
780078
780078
780078
F000F0
F000F0
F001E0
F001E0
F807C0
7E1F80
3FFF00
1FFE00
07F800
ENDCHAR
STARTCHAR obreve
ENCODING 335
SWIDTH 611 0
DWIDTH 18 0
BBX 17 21 2 0
BITMAP
00C600
00FE00
007C00
003800
000000
01F800
07FE00
1FFE00
3E1F00
3C0F00
780780
780780
F00F00
F00F00
F00F00
F00F00
F03E00
F87C00
7FF800
3FF000
0FC000
ENDCHAR
STARTCHAR Ohungarumlaut
ENCODING 336
SWIDTH 778 0
DWIDTH 22 0
BBX 21 27 2 0
BITMAP
000E70
001CE0
0039C0
003180
000000
007F80
01FFE0
03FFF0
0FC3F0
1F00F8
1E0078
1E0078
3C0078
780078
780078
780078
780078
780078
F000F0
F000F0
F001E0
F001E0
F807C0
7E1F80
3FFF00
1FFE00
07F800
ENDCHAR
STARTCHAR ohungarumlaut
ENCODING 337
SWIDTH 611 0
DWIDTH 18 0
BBX 17 21 2 0
BITMAP
007380
00E700
01CE00
018C00
000000
01F800
07FE00
1FFE00
3E1F00
3C0F00
780780
780780
F00F00
F00F00
F00F00
F00F00
F03E00
F87C00
7FF800
3FF000
0FC000
ENDCHAR
STARTCHAR OE
ENCODING 338
SWIDTH 1000 0
DWIDTH 29 0
BBX 30 22 2 0
BITMAP
007EFFFC
01FFFFFC
03FFFFFC
0F83E000
1F01E000
1E01E000
1E01E000
3E01E000
7803C000
7803FFE0
7803FFE0
7803FFE0
7803C000
F0078000
F0078000
F0078000
F0078000
F80F0000
7C1F0000
7FFFFFC0
1FFFFFC0
0FEFFFC0
ENDCHAR
STARTCHAR oe
ENCODING 339
SWIDTH 944 0
DWIDTH 27 0
BBX 28 16 1 0
BITMAP
01FC3F80
07FFFFC0
1FFFFFC0
3E1F83E0
3C0F81E0
780700F0
7807FFF0
F00FFFE0
F00FFFE0
F00F0000
F00F0000
F01E07C0
F83F0780
7FFFFF00
3FFFFE00
0FE1F800
ENDCHAR
STARTCHAR Racute
ENCODING 340
SWIDTH 722 0
DWIDTH 21 0
BBX 21 27 2 0
BITMAP
000380
000700
000700
000E00
000000
0FFFC0
0FFFF0
0FFFF8
1E01F0
1E00F0
1E00F0
1E00F0
1E00F0
3C03E0
3FFFC0
3FFF80
3FFF80
3C07C0
7803C0
7803C0
7803C0
7803C0
F00780
F00780
F00780
F00780
F007C0
ENDCHAR
STARTCHAR racute
ENCODING 341
SWIDTH 389 0
DWIDTH 11 0
BBX 12 21 2 0
BITMAP
0070
00E0
00E0
01C0
0000
1E70
1EF0
3FE0
3FE0
3E00
3C00
3C00
7800
7800
7800
7800
F000
F000
F000
F000
F000
ENDCHAR
STARTCHAR Rcommaaccent
ENCODING 342
SWIDTH 722 0
DWIDTH 21 0
BBX 21 32 2 -10
BITMAP
0FFFC0
0FFFF0
0FFFF8
1E01F0
1E00F0
1E00F0
1E00F0
1E00F0
3C03E0
3FFFC0
3FFF80
3FFF80
3C07C0
7803C0
7803C0
7803C0
7803C0
F00780
F00780
F00780
F00780
F007C0
000000
03C000
03C000
03C000
03C000
018000
018000
038000
070000
060000
ENDCHAR
STARTCHAR rcommaaccent
ENCODING 343
SWIDTH 389 0
DWIDTH 11 0
BBX 13 26 1 -10
BITMAP
0F38
0F78
1FF0
1FF0
1F00
1E00
1E00
3C00
3C00
3C00
3C00
7800
7800
7800
7800
7800
0000
7800
7800
7800
7800
3000
3000
7000
E000
C000
ENDCHAR
STARTCHAR Rcaron
ENCODING 344
SWIDTH 722 0
DWIDTH 21 0
BBX 21 27 2 0
BITMAP
0071C0
003B80
001F00
000E00
000000
0FFFC0
0FFFF0
0FFFF8
1E01F0
1E00F0
1E00F0
1E00F0
1E00F0
3C03E0
3FFFC0
3FFF80
3FFF80
3C07C0
7803C0
7803C0
7803C0
7803C0
F00780
F00780
F00780
F00780
F007C0
ENDCHAR
STARTCHAR rcaron
ENCODING 345
SWIDTH 389 0
DWIDTH 11 0
BBX 13 21 2 0
BITMAP
0E38
0770
03E0
01C0
0000
1E70
1EF0
3FE0
3FE0
3E00
3C00
3C00
7800
7800
7800
7800
F000
F000
F000
F000
F000
ENDCHAR
STARTCHAR Sacute
ENCODING 346
SWIDTH 667 0
DWIDTH 19 0
BBX 18 27 2 0
BITMAP
000700
000E00
000E00
001C00
000000
01FE00
07FF80
0FFFC0
3E0FC0
3C03C0
3C03C0
3C0000
3E0000
3FE000
3FFE00
1FFF00
03FF80
003FC0
000F80
000780
F00780
F00780
F81F00
FC3E00
FFFE00
7FFC00
1FE000
ENDCHAR
STARTCHAR sacute
ENCODING 347
SWIDTH 556 0
DWIDTH 16 0
BBX 16 21 1 0
BITMAP
000E
001C
001C
0038
0000
03FC
0FFE
1E1E
3C1F
3E00
3F80
1FF0
1FF8
07FC
01FE
003E
F03C
F03C
FFFC
7FF8
1FF0
ENDCHAR
STARTCHAR Scircumflex
ENCODING 348
SWIDTH 667 0
DWIDTH 19 0
BBX 18 27 2 0
BITMAP
001C00
003600
006300
00C180
000000
01FE00
07FF80
0FFFC0
3E0FC0
3C03C0
3C03C0
3C0000
3E0000
3FE000
3FFE00
1FFF00
03FF80
003FC0
000F80
000780
F00780
F00780
F81F00
FC3E00
FFFE00
7FFC00
1FE000
ENDCHAR
STARTCHAR scircumflex
ENCODING 349
SWIDTH 556 0
DWIDTH 16 0
BBX 16 21 1 0
BITMAP
0038
006C
00C6
0183
0000
03FC
0FFE
1E1E
3C1F
3E00
3F80
1FF0
1FF8
07FC
01FE
003E
F03C
F03C
FFFC
7FF8
1FF0
ENDCHAR
STARTCHAR Scedilla
ENCODING 350
SWIDTH 667 0
DWIDTH 19 0
BBX 18 28 2 -6
BITMAP
01FE00
07FF80
0FFFC0
3E0FC0
3C03C0
3C03C0
3C0000
3E0000
3FE000
3FFE00
1FFF00
03FF80
003FC0
000F80
000780
F00780
F00780
F81F00
FC3E00
FFFE00
7FFC00
1FE000
060000
078000
01C000
01C000
11C000
1F8000
ENDCHAR
STARTCHAR scedilla
ENCODING 351
SWIDTH 556 0
DWIDTH 16 0
BBX 16 22 1 -6
BITMAP
03FC
0FFE
1E1E
3C1F
3E00
3F80
1FF0
1FF8
07FC
01FE
003E
F03C
F03C
FFFC
7FF8
1FF0
0600
0780
01C0
01C0
11C0
1F80
ENDCHAR
STARTCHAR Scaron
ENCODING 352
SWIDTH 667 0
DWIDTH 19 0
BBX 18 27 2 0
BITMAP
00E380
007700
003E00
001C00
000000
01FE00
07FF80
0FFFC0
3E0FC0
3C03C0
3C03C0
3C0000
3E0000
3FE000
3FFE00
1FFF00
03FF80
003FC0
000F80
000780
F00780
F00780
F81F00
FC3E00
FFFE00
7FFC00
1FE000
ENDCHAR
STARTCHAR scaron
ENCODING 353
SWIDTH 556 0
DWIDTH 16 0
BBX 16 21 1 0
BITMAP
01C7
00EE
007C
0038
0000
03FC
0FFE
1E1E
3C1F
3E00
3F80
1FF0
1FF8
07FC
01FE
003E
F03C
F03C
FFFC
7FF8
1FF0
ENDCHAR
STARTCHAR Tcommaaccent
ENCODING 354
SWIDTH 611 0
DWIDTH 18 0
BBX 18 28 4 -6
BITMAP
FFFFC0
FFFFC0
FFFFC0
03C000
03C000
03C000
03C000
03C000
078000
078000
078000
078000
078000
0F0000
0F0000
0F0000
0F0000
1E0000
1E0000
1E0000
1E0000
1E0000
180000
1E0000
070000
070000
470000
7E0000
ENDCHAR
STARTCHAR tcommaaccent
ENCODING 355
SWIDTH 333 0
DWIDTH 9 0
BBX 11 27 0 -6
BITMAP
03C0
03C0
0780
0780
0780
1FE0
1FE0
0F00
0F00
0F00
0F00
0F00
1E00
1E00
1E00
1E00
3C00
3C00
3E00
3F00
1F00
3000
3C00
0E00
0E00
8E00
FC00
ENDCHAR
STARTCHAR Tcaron
ENCODING 356
SWIDTH 611 0
DWIDTH 18 0
BBX 18 27 4 0
BITMAP
038E00
01DC00
00F800
007000
000000
FFFFC0
FFFFC0
FFFFC0
03C000
03C000
03C000
03C000
03C000
078000
078000
078000
078000
078000
0F0000
0F0000
0F0000
0F0000
1E0000
1E0000
1E0000
1E0000
1E0000
ENDCHAR
STARTCHAR tcaron
ENCODING 357
SWIDTH 594 0
DWIDTH 14 0
BBX 15 22 2 0
BITMAP
001E
0F1E
0F1E
1E3C
1E0C
1E18
7F90
7F80
3C00
3C00
3C00
3C00
3C00
7800
7800
7800
7800
F000
F000
F800
FC00
7C00
ENDCHAR
STARTCHAR Tbar
ENCODING 358
SWIDTH 611 0
DWIDTH 18 0
BBX 18 22 4 0
BITMAP
FFFFC0
FFFFC0
FFFFC0
03C000
03C000
03C000
03C000
03C000
7FFC00
7FFC00
078000
078000
078000
0F0000
0F0000
0F0000
0F0000
1E0000
1E0000
1E0000
1E0000
1E0000
ENDCHAR
STARTCHAR tbar
ENCODING 359
SWIDTH 333 0
DWIDTH 9 0
BBX 9 21 2 0
BITMAP
0F00
0F00
1E00
1E00
1E00
7F80
7F80
3C00
3C00
3C00
FF00
FF00
7800
7800
7800
7800
F000
F000
F800
FC00
7C00
ENDCHAR
STARTCHAR Utilde
ENCODING 360
SWIDTH 722 0
DWIDTH 21 0
BBX 20 27 3 0
BITMAP
0038C0
007FC0
00FF80
00C700
000000
1E00F0
1E00F0
1E00F0
3C01E0
3C01E0
3C01E0
3C01E0
3C01E0
7803C0
7803C0
7803C0
7803C0
7803C0
F00780
F00780
F00780
F00780
F81F00
F83E00
FFFE00
7FFC00
1FF000
ENDCHAR
STARTCHAR utilde
ENCODING 361
SWIDTH 611 0
DWIDTH 18 0
BBX 17 21 2 0
BITMAP
00E300
01FF00
03FE00
031C00
000000
1E0780
1E0780
3C0F00
3C0F00
3C0F00
3C0F00
3C0F00
781E00
781E00
781E00
781E00
F03C00
F87C00
FFFC00
7FFC00
3F3C00
ENDCHAR
STARTCHAR Umacron
ENCODING 362
SWIDTH 722 0
DWIDTH 21 0
BBX 20 25 3 0
BITMAP
00FF80
00FF80
000000
1E00F0
1E00F0
1E00F0
3C01E0
3C01E0
3C01E0
3C01E0
3C01E0
7803C0
7803C0
7803C0
7803C0
7803C0
F00780
F00780
F00780
F00780
F81F00
F83E00
FFFE00
7FFC00
1FF000
ENDCHAR
STARTCHAR umacron
ENCODING 363
SWIDTH 611 0
DWIDTH 18 0
BBX 17 19 2 0
BITMAP
03FE00
03FE00
000000
1E0780
1E0780
3C0F00
3C0F00
3C0F00
3C0F00
3C0F00
781E00
781E00
781E00
781E00
F03C00
F87C00
FFFC00
7FFC00
3F3C00
ENDCHAR
STARTCHAR Ubreve
ENCODING 364
SWIDTH 722 0
DWIDTH 21 0
BBX 20 27 3 0
BITMAP
006300
007F00
003E00
001C00
000000
1E00F0
1E00F0
1E00F0
3C01E0
3C01E0
3C01E0
3C01E0
3C01E0
7803C0
7803C0
7803C0
7803C0
7803C0
F00780
F00780
F00780
F00780
F81F00
F83E00
FFFE00
7FFC00
1FF000
ENDCHAR
STARTCHAR ubreve
ENCODING 365
SWIDTH 611 0
DWIDTH 18 0
BBX 17 21 2 0
BITMAP
00C600
00FE00
007C00
003800
000000
1E0780
1E0780
3C0F00
3C0F00
3C0F00
3C0F00
3C0F00
781E00
781E00
781E00
781E00
F03C00
F87C00
FFFC00
7FFC00
3F3C00
ENDCHAR
STARTCHAR Uring
ENCODING 366
SWIDTH 722 0
DWIDTH 21 0
BBX 20 28 3 0
BITMAP
001C00
003600
002200
003600
001C00
000000
1E00F0
1E00F0
1E00F0
3C01E0
3C01E0
3C01E0
3C01E0
3C01E0
7803C0
7803C0
7803C0
7803C0
7803C0
F00780
F00780
F00780
F00780
F81F00
F83E00
FFFE00
7FFC00
1FF000
ENDCHAR
STARTCHAR uring
ENCODING 367
SWIDTH 611 0
DWIDTH 18 0
BBX 17 22 2 0
BITMAP
003800
006C00
004400
006C00
003800
000000
1E0780
1E0780
3C0F00
3C0F00
3C0F00
3C0F00
3C0F00
781E00
781E00
781E00
781E00
F03C00
F87C00
FFFC00
7FFC00
3F3C00
ENDCHAR
STARTCHAR Uhungarumlaut
ENCODING 368
SWIDTH 722 0
DWIDTH 21 0
BBX 20 27 3 0
BITMAP
001CE0
0039C0
007380
006300
000000
1E00F0
1E00F0
1E00F0
3C01E0
3C01E0
3C01E0
3C01E0
3C01E0
7803C0
7803C0
7803C0
7803C0
7803C0
F00780
F00780
F00780
F00780
F81F00
F83E00
FFFE00
7FFC00
1FF000
ENDCHAR
STARTCHAR uhungarumlaut
ENCODING 369
SWIDTH 611 0
DWIDTH 18 0
BBX 17 21 2 0
BITMAP
007380
00E700
01CE00
018C00
000000
1E0780
1E0780
3C0F00
3C0F00
3C0F00
3C0F00
3C0F00
781E00
781E00
781E00
781E00
F03C00
F87C00
FFFC00
7FFC00
3F3C00
ENDCHAR
STARTCHAR Uogonek
ENCODING 370
SWIDTH 722 0
DWIDTH 21 0
BBX 20 28 3 -6
BITMAP
1E00F0
1E00F0
1E00F0
3C01E0
3C01E0
3C01E0
3C01E0
3C01E0
7803C0
7803C0
7803C0
7803C0
7803C0
F00780
F00780
F00780
F00780
F81F00
F83E00
FFFE00
7FFC00
1FF000
00E000
01C000
038000
038000
038000
01F000
ENDCHAR
STARTCHAR uogonek
ENCODING 371
SWIDTH 611 0
DWIDTH 18 0
BBX 17 22 2 -6
BITMAP
1E0780
1E0780
3C0F00
3C0F00
3C0F00
3C0F00
3C0F00
781E00
781E00
781E00
781E00
F03C00
F87C00
FFFC00
7FFC00
3F3C00
00E000
01C000
038000
038000
038000
01F000
ENDCHAR
STARTCHAR Wcircumflex
ENCODING 372
SWIDTH 944 0
DWIDTH 27 0
BBX 25 27 5 0
BITMAP
000E0000
001B0000
00318000
0060C000
00000000
F03E0780
F03E0780
F03C0F00
F0780F00
F0FC1E00
F0FC1E00
F0FE1E00
F0EE3C00
F0EE3C00
F1CE3C00
F1CE7800
F38E7800
F38EF000
F70EF000
F40FE000
FC07E000
F80FC000
F80F8000
F80F8000
780F0000
780F0000
780F0000
ENDCHAR
STARTCHAR wcircumflex
ENCODING 373
SWIDTH 778 0
DWIDTH 22 0
BBX 22 21 3 0
BITMAP
001C00
003600
006300
00C180
000000
F0783C
F0783C
F1F878
F1F878
F1F8F0
F1B8F0
F3B9E0
F739E0
F73BC0
F73BC0
FC3F80
FC3F00
F81F00
781E00
7C3E00
7C3E00
ENDCHAR
STARTCHAR Ycircumflex
ENCODING 374
SWIDTH 667 0
DWIDTH 19 0
BBX 18 27 5 0
BITMAP
007000
00D800
018C00
030600
000000
F807C0
F80F80
7C0F80
7C1F00
7C1F00
7C3E00
3E7C00
3E7C00
3EF000
1FE000
1FE000
07C000
07C000
0F0000
0F0000
0F0000
0F0000
1E0000
1E0000
1E0000
1E0000
1E0000
ENDCHAR
STARTCHAR ycircumflex
ENCODING 375
SWIDTH 556 0
DWIDTH 16 0
BBX 17 27 1 -6
BITMAP
003800
006C00
00C600
018300
000000
1E0780
1E0780
1E0F00
1E0F00
0F1E00
0F1E00
0F3C00
0F3C00
0F7800
0F7800
0F7000
0FF000
0FC000
07C000
03C000
078000
0F0000
1E0000
1E0000
7E0000
FC0000
F80000
ENDCHAR
STARTCHAR Ydieresis
ENCODING 376
SWIDTH 667 0
DWIDTH 19 0
BBX 18 27 5 0
BITMAP
038E00
038E00
038E00
000000
000000
F807C0
F80F80
7C0F80
7C1F00
7C1F00
7C3E00
3E7C00
3E7C00
3EF000
1FE000
1FE000
07C000
07C000
0F0000
0F0000
0F0000
0F0000
1E0000
1E0000
1E0000
1E0000
1E0000
ENDCHAR
STARTCHAR Zacute
ENCODING 377
SWIDTH 611 0
DWIDTH 18 0
BBX 20 27 1 0
BITMAP
000380
000700
000700
000E00
000000
0FFFF0
0FFFF0
0FFFF0
0001E0
0007C0
000F80
001F00
003E00
007C00
00F800
01F000
01F000
03E000
07C000
0F8000
1F0000
3E0000
7C0000
F80000
FFFF00
FFFF00
FFFF00
ENDCHAR
STARTCHAR zacute
ENCODING 378
SWIDTH 500 0
DWIDTH 14 0
BBX 16 21 0 0
BITMAP
000E
001C
001C
0038
0000
0FFF
0FFF
0FFF
003E
007C
00F8
01F0
03E0
0F80
1F00
3E00
7C00
F800
FFF8
FFF8
FFF8
ENDCHAR
STARTCHAR Zdotaccent
ENCODING 379
SWIDTH 611 0
DWIDTH 18 0
BBX 20 26 1 0
BITMAP
000E00
000E00
000E00
000000
0FFFF0
0FFFF0
0FFFF0
0001E0
0007C0
000F80
001F00
003E00
007C00
00F800
01F000
01F000
03E000
07C000
0F8000
1F0000
3E0000
7C0000
F80000
FFFF00
FFFF00
FFFF00
ENDCHAR
STARTCHAR zdotaccent
ENCODING 380
SWIDTH 500 0
DWIDTH 14 0
BBX 16 20 0 0
BITMAP
0070
0070
0070
0000
0FFF
0FFF
0FFF
003E
007C
00F8
01F0
03E0
0F80
1F00
3E00
7C00
F800
FFF8
FFF8
FFF8
ENDCHAR
STARTCHAR Zcaron
ENCODING 381
SWIDTH 611 0
DWIDTH 18 0
BBX 20 27 1 0
BITMAP
0071C0
003B80
001F00
000E00
000000
0FFFF0
0FFFF0
0FFFF0
0001E0
0007C0
000F80
001F00
003E00
007C00
00F800
01F000
01F000
03E000
07C000
0F8000
1F0000
3E0000
7C0000
F80000
FFFF00
FFFF00
FFFF00
ENDCHAR
STARTCHAR zcaron
ENCODING 382
SWIDTH 500 0
DWIDTH 14 0
BBX 16 21 0 0
BITMAP
01C7
00EE
007C
0038
0000
0FFF
0FFF
0FFF
003E
007C
00F8
01F0
03E0
0F80
1F00
3E00
7C00
F800
FFF8
FFF8
FFF8
ENDCHAR
STARTCHAR uni0186
ENCODING 390
SWIDTH 722 0
DWIDTH 21 0
BBX 21 22 1 0
BITMAP
007F00
03FFC0
07FFE0
0F83E0
1F01F0
1E00F0
1E00F0
000078
0000F0
0000F0
0000F0
0000F0
0000F0
0001E0
7801E0
7801E0
7C01E0
F80F80
7C1F00
3FFE00
1FFC00
07F000
ENDCHAR
STARTCHAR uni0189
ENCODING 393
SWIDTH 722 0
DWIDTH 21 0
BBX 20 22 2 0
BITMAP
0FFF80
0FFFE0
0FFFF0
1E01F0
1E01F0
1E00F0
1E00F0
1E00F0
3C00F0
FFE0F0
FFE0F0
3C00F0
3C00F0
7801E0
7801E0
7803E0
7803C0
F00F80
F01F80
FFFF00
FFFE00
FFF800
ENDCHAR
STARTCHAR uni018E
ENCODING 398
SWIDTH 667 0
DWIDTH 19 0
BBX 20 22 2 0
BITMAP
07FFF0
07FFF0
07FFF0
0001E0
0001E0
0001E0
0001E0
0001E0
0003C0
1FFFC0
1FFFC0
1FFFC0
0003C0
000780
000780
000780
000780
000F00
000F00
FFFF00
FFFF00
FFFF00
ENDCHAR
STARTCHAR florin
ENCODING 402
SWIDTH 556 0
DWIDTH 16 0
BBX 20 28 -1 -6
BITMAP
0001F0
0003F0
0007F0
000F00
001E00
001E00
001E00
01FFC0
03FF80
03FF80
007800
007800
007800
00F000
00F000
00E000
01E000
03C000
03C000
03C000
03C000
03C000
070000
0F0000
4F0000
7F0000
7E0000
F80000
ENDCHAR
STARTCHAR uni0197
ENCODING 407
SWIDTH 278 0
DWIDTH 8 0
BBX 8 22 2 0
BITMAP
0F
0F
0F
1E
1E
1E
1E
1E
3C
3C
FF
FF
3C
78
78
78
78
F0
F0
F0
F0
F0
ENDCHAR
STARTCHAR uni019A
ENCODING 410
SWIDTH 278 0
DWIDTH 8 0
BBX 8 22 2 0
BITMAP
0F
0F
0F
1E
1E
1E
1E
1E
3C
3C
FF
FF
3C
78
78
78
78
F0
F0
F0
F0
F0
ENDCHAR
STARTCHAR uni019D
ENCODING 413
SWIDTH 722 0
DWIDTH 21 0
BBX 24 28 -1 -6
BITMAP
01E00F
01F00F
01F00F
03C01E
03E01E
03F01E
03FC1E
03DC1E
07BC3C
079E3C
079E3C
078F3C
078F3C
0F0F78
0F0378
0F0378
0F01F8
1E03F0
1E01F0
1E00F0
1E01F0
1E00F0
3C0000
3C0000
3C0000
FC0000
FC0000
F80000
ENDCHAR
STARTCHAR uni019F
ENCODING 415
SWIDTH 778 0
DWIDTH 22 0
BBX 21 22 2 0
BITMAP
007F80
01FFE0
03FFF0
0FC3F0
1F00F8
1E0078
1E0078
3C0078
780078
780078
7FFFF8
780078
780078
F000F0
F000F0
F001E0
F001E0
F807C0
7E1F80
3FFF00
1FFE00
07F800
ENDCHAR
STARTCHAR Ohorn
ENCODING 416
SWIDTH 778 0
DWIDTH 22 0
BBX 24 23 2 0
BITMAP
000007
007F87
01FFEE
03FFF8
0FC3F0
1F00F8
1E0078
1E0078
3C0078
780078
780078
780078
780078
780078
F000F0
F000F0
F001E0
F001E0
F807C0
7E1F80
3FFF00
1FFE00
07F800
ENDCHAR
STARTCHAR ohorn
ENCODING 417
SWIDTH 611 0
DWIDTH 18 0
BBX 19 18 2 0
BITMAP
0000E0
0000E0
01F9C0
07FF00
1FFE00
3E1F00
3C0F00
780780
780780
F00F00
F00F00
F00F00
F00F00
F03E00
F87C00
7FF800
3FF000
0FC000
ENDCHAR
STARTCHAR Uhorn
ENCODING 431
SWIDTH 722 0
DWIDTH 23 0
BBX 24 23 3 0
BITMAP
000007
1E00F7
1E00FE
1E00F0
3C01E0
3C01E0
3C01E0
3C01E0
3C01E0
7803C0
7803C0
7803C0
7803C0
7803C0
F00780
F00780
F00780
F00780
F81F00
F83E00
FFFE00
7FFC00
1FF000
ENDCHAR
STARTCHAR uhorn
ENCODING 432
SWIDTH 611 0
DWIDTH 20 0
BBX 21 18 2 0
BITMAP
000038
000038
1E07F0
1E0780
3C0F00
3C0F00
3C0F00
3C0F00
3C0F00
781E00
781E00
781E00
781E00
F03C00
F87C00
FFFC00
7FFC00
3F3C00
ENDCHAR
STARTCHAR uni01B5
ENCODING 437
SWIDTH 611 0
DWIDTH 18 0
BBX 20 22 1 0
BITMAP
0FFFF0
0FFFF0
0FFFF0
0001E0
0007C0
000F80
001F00
003E00
007C00
00F800
0FF700
01F000
03E000
07C000
0F8000
1F0000
3E0000
7C0000
F80000
FFFF00
FFFF00
FFFF00
ENDCHAR
STARTCHAR uni01B6
ENCODING 438
SWIDTH 500 0
DWIDTH 14 0
BBX 16 16 0 0
BITMAP
0FFF
0FFF
0FFF
003E
007C
00F8
01F0
3BF8
0F80
1F00
3E00
7C00
F800
FFF8
FFF8
FFF8
ENDCHAR
STARTCHAR uni01BB
ENCODING 443
SWIDTH 556 0
DWIDTH 16 0
BBX 17 21 1 0
BITMAP
00FC00
03FF00
0FFF00
1F0F80
1E0780
1E0780
000780
000F00
001E00
003E00
1FFE00
00F800
03E000
07C000
0F8000
1F0000
7C0000
F80000
FFFC00
FFFC00
FFFC00
ENDCHAR
STARTCHAR uni01BC
ENCODING 444
SWIDTH 556 0
DWIDTH 16 0
BBX 16 21 2 0
BITMAP
07FF
07FF
0FFE
0E00
1E00
1C00
1DF0
3FF8
3FFC
3E7C
783C
003C
003C
003C
003C
F03C
F0F8
FBF0
FFE0
7FC0
1F80
ENDCHAR
STARTCHAR uni01C0
ENCODING 448
SWIDTH 280 0
DWIDTH 8 0
BBX 7 28 2 -6
BITMAP
06
06
06
0C
0C
0C
0C
0C
18
18
18
18
18
30
30
30
30
60
60
60
60
60
C0
C0
C0
C0
C0
C0
ENDCHAR
STARTCHAR uni01C2
ENCODING 450
SWIDTH 584 0
DWIDTH 8 0
BBX 8 28 2 -6
BITMAP
06
06
06
0C
0C
0C
0C
3F
18
18
18
18
18
FC
30
30
30
60
60
60
60
60
C0
C0
C0
C0
C0
C0
ENDCHAR
STARTCHAR uni01C3
ENCODING 451
SWIDTH 333 0
DWIDTH 9 0
BBX 8 22 3 0
BITMAP
0F
0F
0F
1E
1E
1E
1E
1E
3C
3C
3C
18
18
30
30
30
00
00
F0
F0
F0
F0
ENDCHAR
STARTCHAR uni01CD
ENCODING 461
SWIDTH 722 0
DWIDTH 21 0
BBX 19 27 1 0
BITMAP
0038E0
001DC0
000F80
000700
000000
001F00
001F00
003F00
007F00
007700
00F780
00F780
00F780
01E780
01E780
03C780
03C3C0
0783C0
0783C0
0FFFC0
1FFFC0
1FFFC0
3C03C0
3C01E0
7801E0
7801E0
F001E0
ENDCHAR
STARTCHAR uni01CE
ENCODING 462
SWIDTH 556 0
DWIDTH 16 0
BBX 16 21 1 0
BITMAP
01C7
00EE
007C
0038
0000
03F8
07FC
1FFE
1E1E
3C1E
001E
01FE
1FFC
3FBC
7C3C
783C
F078
F8F8
FFF8
7FF8
3F7C
ENDCHAR
STARTCHAR uni01CF
ENCODING 463
SWIDTH 278 0
DWIDTH 8 0
BBX 12 27 2 0
BITMAP
1C70
0EE0
07C0
0380
0000
0F00
0F00
0F00
1E00
1E00
1E00
1E00
1E00
3C00
3C00
3C00
3C00
3C00
7800
7800
7800
7800
F000
F000
F000
F000
F000
ENDCHAR
STARTCHAR uni01D0
ENCODING 464
SWIDTH 278 0
DWIDTH 8 0
BBX 11 21 2 0
BITMAP
38E0
1DC0
0F80
0700
0000
1E00
1E00
3C00
3C00
3C00
3C00
3C00
7800
7800
7800
7800
F000
F000
F000
F000
F000
ENDCHAR
STARTCHAR uni01D1
ENCODING 465
SWIDTH 778 0
DWIDTH 22 0
BBX 21 27 2 0
BITMAP
0038E0
001DC0
000F80
000700
000000
007F80
01FFE0
03FFF0
0FC3F0
1F00F8
1E0078
1E0078
3C0078
780078
780078
780078
780078
780078
F000F0
F000F0
F001E0
F001E0
F807C0
7E1F80
3FFF00
1FFE00
07F800
ENDCHAR
STARTCHAR uni01D2
ENCODING 466
SWIDTH 611 0
DWIDTH 18 0
BBX 17 21 2 0
BITMAP
01C700
00EE00
007C00
003800
000000
01F800
07FE00
1FFE00
3E1F00
3C0F00
780780
780780
F00F00
F00F00
F00F00
F00F00
F03E00
F87C00
7FF800
3FF000
0FC000
ENDCHAR
STARTCHAR uni01D3
ENCODING 467
SWIDTH 722 0
DWIDTH 21 0
BBX 20 27 3 0
BITMAP
00E380
007700
003E00
001C00
000000
1E00F0
1E00F0
1E00F0
3C01E0
3C01E0
3C01E0
3C01E0
3C01E0
7803C0
7803C0
7803C0
7803C0
7803C0
F00780
F00780
F00780
F00780
F81F00
F83E00
FFFE00
7FFC00
1FF000
ENDCHAR
STARTCHAR uni01D4
ENCODING 468
SWIDTH 611 0
DWIDTH 18 0
BBX 17 21 2 0
BITMAP
01C700
00EE00
007C00
003800
000000
1E0780
1E0780
3C0F00
3C0F00
3C0F00
3C0F00
3C0F00
781E00
781E00
781E00
781E00
F03C00
F87C00
FFFC00
7FFC00
3F3C00
ENDCHAR
STARTCHAR uni01D5
ENCODING 469
SWIDTH 722 0
DWIDTH 21 0
BBX 20 30 3 0
BITMAP
007FC0
007FC0
000000
00E380
00E380
00E380
000000
000000
1E00F0
1E00F0
1E00F0
3C01E0
3C01E0
3C01E0
3C01E0
3C01E0
7803C0
7803C0
7803C0
7803C0
7803C0
F00780
F00780
F00780
F00780
F81F00
F83E00
FFFE00
7FFC00
1FF000
ENDCHAR
STARTCHAR uni01D6
ENCODING 470
SWIDTH 611 0
DWIDTH 18 0
BBX 17 24 2 0
BITMAP
01FF00
01FF00
000000
01C700
01C700
01C700
000000
000000
1E0780
1E0780
3C0F00
3C0F00
3C0F00
3C0F00
3C0F00
781E00
781E00
781E00
781E00
F03C00
F87C00
FFFC00
7FFC00
3F3C00
ENDCHAR
STARTCHAR uni01D7
ENCODING 471
SWIDTH 722 0
DWIDTH 21 0
BBX 20 32 3 0
BITMAP
000380
000700
000700
000E00
000000
00E380
00E380
00E380
000000
000000
1E00F0
1E00F0
1E00F0
3C01E0
3C01E0
3C01E0
3C01E0
3C01E0
7803C0
7803C0
7803C0
7803C0
7803C0
F00780
F00780
F00780
F00780
F81F00
F83E00
FFFE00
7FFC00
1FF000
ENDCHAR
STARTCHAR uni01D8
ENCODING 472
SWIDTH 611 0
DWIDTH 18 0
BBX 17 26 2 0
BITMAP
000700
000E00
000E00
001C00
000000
01C700
01C700
01C700
000000
000000
1E0780
1E0780
3C0F00
3C0F00
3C0F00
3C0F00
3C0F00
781E00
781E00
781E00
781E00
F03C00
F87C00
FFFC00
7FFC00
3F3C00
ENDCHAR
STARTCHAR uni01D9
ENCODING 473
SWIDTH 722 0
DWIDTH 21 0
BBX 20 32 3 0
BITMAP
0071C0
003B80
001F00
000E00
000000
00E380
00E380
00E380
000000
000000
1E00F0
1E00F0
1E00F0
3C01E0
3C01E0
3C01E0
3C01E0
3C01E0
7803C0
7803C0
7803C0
7803C0
7803C0
F00780
F00780
F00780
F00780
F81F00
F83E00
FFFE00
7FFC00
1FF000
ENDCHAR
STARTCHAR uni01DA
ENCODING 474
SWIDTH 611 0
DWIDTH 18 0
BBX 17 26 2 0
BITMAP
00E380
007700
003E00
001C00
000000
01C700
01C700
01C700
000000
000000
1E0780
1E0780
3C0F00
3C0F00
3C0F00
3C0F00
3C0F00
781E00
781E00
781E00
781E00
F03C00
F87C00
FFFC00
7FFC00
3F3C00
ENDCHAR
STARTCHAR uni01DB
ENCODING 475
SWIDTH 722 0
DWIDTH 21 0
BBX 20 32 3 0
BITMAP
003800
001C00
001C00
000E00
000000
00E380
00E380
00E380
000000
000000
1E00F0
1E00F0
1E00F0
3C01E0
3C01E0
3C01E0
3C01E0
3C01E0
7803C0
7803C0
7803C0
7803C0
7803C0
F00780
F00780
F00780
F00780
F81F00
F83E00
FFFE00
7FFC00
1FF000
ENDCHAR
STARTCHAR uni01DC
ENCODING 476
SWIDTH 611 0
DWIDTH 18 0
BBX 17 26 2 0
BITMAP
007000
003800
003800
001C00
000000
01C700
01C700
01C700
000000
000000
1E0780
1E0780
3C0F00
3C0F00
3C0F00
3C0F00
3C0F00
781E00
781E00
781E00
781E00
F03C00
F87C00
FFFC00
7FFC00
3F3C00
ENDCHAR
STARTCHAR uni01DD
ENCODING 477
SWIDTH 556 0
DWIDTH 16 0
BBX 15 16 2 0
BITMAP
03F0
0FFC
1FFC
1E1E
3C0E
001E
001E
7FFE
7FFE
FFFC
F03C
F038
7878
7FF0
7FC0
1F80
ENDCHAR
STARTCHAR uni01DE
ENCODING 478
SWIDTH 722 0
DWIDTH 21 0
BBX 20 30 1 0
BITMAP
001FF0
001FF0
000000
0038E0
0038E0
0038E0
000000
000000
001F00
001F00
003F00
007F00
007700
00F780
00F780
00F780
01E780
01E780
03C780
03C3C0
0783C0
0783C0
0FFFC0
1FFFC0
1FFFC0
3C03C0
3C01E0
7801E0
7801E0
F001E0
ENDCHAR
STARTCHAR uni01DF
ENCODING 479
SWIDTH 556 0
DWIDTH 16 0
BBX 16 24 1 0
BITMAP
01FF
01FF
0000
01C7
01C7
01C7
0000
0000
03F8
07FC
1FFE
1E1E
3C1E
001E
01FE
1FFC
3FBC
7C3C
783C
F078
F8F8
FFF8
7FF8
3F7C
ENDCHAR
STARTCHAR uni01E0
ENCODING 480
SWIDTH 722 0
DWIDTH 21 0
BBX 19 29 1 0
BITMAP
003FE0
003FE0
000000
000700
000700
000700
000000
001F00
001F00
003F00
007F00
007700
00F780
00F780
00F780
01E780
01E780
03C780
03C3C0
0783C0
0783C0
0FFFC0
1FFFC0
1FFFC0
3C03C0
3C01E0
7801E0
7801E0
F001E0
ENDCHAR
STARTCHAR uni01E1
ENCODING 481
SWIDTH 556 0
DWIDTH 16 0
BBX 16 23 1 0
BITMAP
01FF
01FF
0000
0070
0070
0070
0000
03F8
07FC
1FFE
1E1E
3C1E
001E
01FE
1FFC
3FBC
7C3C
783C
F078
F8F8
FFF8
7FF8
3F7C
ENDCHAR
STARTCHAR uni01E2
ENCODING 482
SWIDTH 1000 0
DWIDTH 29 0
BBX 31 25 1 0
BITMAP
0001FF00
0001FF00
00000000
001FFFFE
001FFFFE
003FFFFE
0079E000
0079E000
00F1E000
00F1E000
01E1E000
01E3C000
03C3FFF0
03C3FFF0
0783FFF0
0783C000
0E038000
0FFF8000
1FFF8000
1FFF8000
3C0F0000
3C0F0000
780FFFE0
780FFFE0
F00FFFE0
ENDCHAR
STARTCHAR uni01E3
ENCODING 483
SWIDTH 889 0
DWIDTH 26 0
BBX 26 19 1 0
BITMAP
003FE000
003FE000
00000000
03FCFE00
07FFFF00
1FFFFF00
1E1F0F80
3C0F0780
003E03C0
07FFFFC0
1FFFFF80
3F9FFF80
7C3C0000
783C0000
F07C1F00
F8FE3E00
FFDFFC00
7F9FF800
3F07E000
ENDCHAR
STARTCHAR uni01E4
ENCODING 484
SWIDTH 778 0
DWIDTH 22 0
BBX 21 22 2 0
BITMAP
003F80
01FFE0
03FFF0
0FC1F0
1F00F8
1E0078
1E0000
3C0000
780000
780000
780FF0
780FF0
780FF0
F000C0
F80FF8
780FF8
7C01E0
7C07C0
7E1FC0
3FFFC0
1FFDC0
03F1C0
ENDCHAR
STARTCHAR uni01E5
ENCODING 485
SWIDTH 611 0
DWIDTH 18 0
BBX 19 22 0 -6
BITMAP
00F9E0
03FDE0
0FFFC0
0F8FC0
0F07C0
1E03C0
1E03C0
3C0780
3C0780
3C0780
3C0780
7C0F00
3E3F00
3FFF00
1FFF00
07CF00
001E00
F8FF80
78FF80
7FFF80
3FF800
1FC000
ENDCHAR
STARTCHAR Gcaron
ENCODING 486
SWIDTH 778 0
DWIDTH 22 0
BBX 21 27 2 0
BITMAP
0038E0
001DC0
000F80
000700
000000
003F80
01FFE0
03FFF0
0FC1F0
1F00F8
1E0078
1E0000
3C0000
780000
780000
780FF0
780FF0
780FF0
F000E0
F801E0
7801E0
7C03E0
7C07C0
7E1FC0
3FFFC0
1FFDC0
03F1C0
ENDCHAR
STARTCHAR gcaron
ENCODING 487
SWIDTH 611 0
DWIDTH 18 0
BBX 19 27 0 -6
BITMAP
00E380
007700
003E00
001C00
000000
00F9E0
03FDE0
0FFFC0
0F8FC0
0F07C0
1E03C0
1E03C0
3C0780
3C0780
3C0780
3C0780
7C0F00
3E3F00
3FFF00
1FFF00
07CF00
001E00
F81E00
787C00
7FFC00
3FF800
1FC000
ENDCHAR
STARTCHAR uni01E8
ENCODING 488
SWIDTH 722 0
DWIDTH 21 0
BBX 21 27 2 0
BITMAP
0071C0
003B80
001F00
000E00
000000
0F00F8
0F01F0
0F03E0
1E07C0
1E0F80
1E3E00
1E7C00
1EF800
3DF000
3FE000
3FF800
3FF800
3C7C00
787C00
783E00
783E00
781F00
F01F00
F00F80
F00F80
F007C0
F007C0
ENDCHAR
STARTCHAR uni01E9
ENCODING 489
SWIDTH 556 0
DWIDTH 16 0
BBX 16 27 2 0
BITMAP
0E38
0770
03E0
01C0
0000
0F00
0F00
0F00
1E00
1E00
1E00
1E0F
1E1E
3C7C
3CF8
39F0
3FE0
3FE0
7FC0
7FE0
79E0
79F0
F1F0
F0F0
F0F8
F078
F07C
ENDCHAR
STARTCHAR uni01EA
ENCODING 490
SWIDTH 778 0
DWIDTH 22 0
BBX 21 28 2 -6
BITMAP
007F80
01FFE0
03FFF0
0FC3F0
1F00F8
1E0078
1E0078
3C0078
780078
780078
780078
780078
780078
F000F0
F000F0
F001E0
F001E0
F807C0
7E1F80
3FFF00
1FFE00
07F800
007000
00E000
01C000
01C000
01C000
00F800
ENDCHAR
STARTCHAR uni01EB
ENCODING 491
SWIDTH 611 0
DWIDTH 18 0
BBX 17 22 2 -6
BITMAP
01F800
07FE00
1FFE00
3E1F00
3C0F00
780780
780780
F00F00
F00F00
F00F00
F00F00
F03E00
F87C00
7FF800
3FF000
0FC000
038000
070000
0E0000
0E0000
0E0000
07C000
ENDCHAR
STARTCHAR uni01EC
ENCODING 492
SWIDTH 778 0
DWIDTH 22 0
BBX 21 31 2 -6
BITMAP
003FE0
003FE0
000000
007F80
01FFE0
03FFF0
0FC3F0
1F00F8
1E0078
1E0078
3C0078
780078
780078
780078
780078
780078
F000F0
F000F0
F001E0
F001E0
F807C0
7E1F80
3FFF00
1FFE00
07F800
007000
00E000
01C000
01C000
01C000
00F800
ENDCHAR
STARTCHAR uni01ED
ENCODING 493
SWIDTH 611 0
DWIDTH 18 0
BBX 17 25 2 -6
BITMAP
03FE00
03FE00
000000
01F800
07FE00
1FFE00
3E1F00
3C0F00
780780
780780
F00F00
F00F00
F00F00
F00F00
F03E00
F87C00
7FF800
3FF000
0FC000
038000
070000
0E0000
0E0000
0E0000
07C000
ENDCHAR
STARTCHAR uni01F0
ENCODING 496
SWIDTH 278 0
DWIDTH 8 0
BBX 14 27 -1 -6
BITMAP
071C
03B8
01F0
00E0
0000
03C0
03C0
0780
0780
0780
0780
0780
0F00
0F00
0F00
0F00
1E00
1E00
1E00
1E00
1E00
3C00
3C00
3C00
FC00
FC00
F800
ENDCHAR
STARTCHAR uni01F4
ENCODING 500
SWIDTH 778 0
DWIDTH 22 0
BBX 21 27 2 0
BITMAP
000380
000700
000700
000E00
000000
003F80
01FFE0
03FFF0
0FC1F0
1F00F8
1E0078
1E0000
3C0000
780000
780000
780FF0
780FF0
780FF0
F000E0
F801E0
7801E0
7C03E0
7C07C0
7E1FC0
3FFFC0
1FFDC0
03F1C0
ENDCHAR
STARTCHAR uni01F5
ENCODING 501
SWIDTH 611 0
DWIDTH 18 0
BBX 19 27 0 -6
BITMAP
000700
000E00
000E00
001C00
000000
00F9E0
03FDE0
0FFFC0
0F8FC0
0F07C0
1E03C0
1E03C0
3C0780
3C0780
3C0780
3C0780
7C0F00
3E3F00
3FFF00
1FFF00
07CF00
001E00
F81E00
787C00
7FFC00
3FF800
1FC000
ENDCHAR
STARTCHAR uni01F8
ENCODING 504
SWIDTH 722 0
DWIDTH 21 0
BBX 21 27 2 0
BITMAP
003800
001C00
001C00
000E00
000000
0F0078
0F8078
0F8078
1E00F0
1F00F0
1F80F0
1FE0F0
1EE0F0
3DE1E0
3CF1E0
3CF1E0
3C79E0
3C79E0
787BC0
7819C0
781FC0
780FC0
F01F80
F00780
F00780
F00F80
F00780
ENDCHAR
STARTCHAR uni01F9
ENCODING 505
SWIDTH 611 0
DWIDTH 18 0
BBX 16 21 2 0
BITMAP
00E0
0070
0070
0038
0000
1E7E
1FFF
3FFF
3E1F
3C0F
3C0F
3C0F
781E
781E
781E
781E
F03C
F03C
F03C
F03C
F03C
ENDCHAR
STARTCHAR Aringacute
ENCODING 506
SWIDTH 722 0
DWIDTH 21 0
BBX 19 33 1 0
BITMAP
0000E0
0001C0
0001C0
000380
000000
000700
000D80
000880
000D80
000700
000000
001F00
001F00
003F00
007F00
007700
00F780
00F780
00F780
01E780
01E780
03C780
03C3C0
0783C0
0783C0
0FFFC0
1FFFC0
1FFFC0
3C03C0
3C01E0
7801E0
7801E0
F001E0
ENDCHAR
STARTCHAR aringacute
ENCODING 507
SWIDTH 556 0
DWIDTH 16 0
BBX 16 27 1 0
BITMAP
0007
000E
000E
001C
0000
0038
006C
0044
006C
0038
0000
03F8
07FC
1FFE
1E1E
3C1E
001E
01FE
1FFC
3FBC
7C3C
783C
F078
F8F8
FFF8
7FF8
3F7C
ENDCHAR
STARTCHAR AEacute
ENCODING 508
SWIDTH 1000 0
DWIDTH 29 0
BBX 31 27 1 0
BITMAP
00000E00
00001C00
00001C00
00003800
00000000
001FFFFE
001FFFFE
003FFFFE
0079E000
0079E000
00F1E000
00F1E000
01E1E000
01E3C000
03C3FFF0
03C3FFF0
0783FFF0
0783C000
0E038000
0FFF8000
1FFF8000
1FFF8000
3C0F0000
3C0F0000
780FFFE0
780FFFE0
F00FFFE0
ENDCHAR
STARTCHAR aeacute
ENCODING 509
SWIDTH 889 0
DWIDTH 26 0
BBX 26 21 1 0
BITMAP
0000E000
0001C000
0001C000
00038000
00000000
03FCFE00
07FFFF00
1FFFFF00
1E1F0F80
3C0F0780
003E03C0
07FFFFC0
1FFFFF80
3F9FFF80
7C3C0000
783C0000
F07C1F00
F8FE3E00
FFDFFC00
7F9FF800
3F07E000
ENDCHAR
STARTCHAR Oslashacute
ENCODING 510
SWIDTH 778 0
DWIDTH 22 0
BBX 24 27 1 0
BITMAP
0000E0
0001C0
0001C0
000380
000000
003FC3
00FFF6
01FFFC
07E1F8
0F807C
0F007C
0F00FC
1E01BC
3C033C
3C063C
3C0C3C
3C183C
3C303C
786078
78C078
7980F0
7B00F0
7E03E0
3F0FC0
1FFF80
3FFF00
E3FC00
ENDCHAR
STARTCHAR oslashacute
ENCODING 511
SWIDTH 611 0
DWIDTH 18 0
BBX 19 21 1 0
BITMAP
000700
000E00
000E00
001C00
000000
00FC60
03FFC0
0FFF80
1F0F80
1E0F80
3C1BC0
3C33C0
786780
78C780
798780
7B0780
7E1F00
7C3E00
3FFC00
7FF800
C7E000
ENDCHAR
STARTCHAR Scommaaccent
ENCODING 536
SWIDTH 667 0
DWIDTH 19 0
BBX 18 32 2 -10
BITMAP
01FE00
07FF80
0FFFC0
3E0FC0
3C03C0
3C03C0
3C0000
3E0000
3FE000
3FFE00
1FFF00
03FF80
003FC0
000F80
000780
F00780
F00780
F81F00
FC3E00
FFFE00
7FFC00
1FE000
000000
078000
078000
078000
078000
030000
030000
070000
0E0000
0C0000
ENDCHAR
STARTCHAR scommaaccent
ENCODING 537
SWIDTH 556 0
DWIDTH 16 0
BBX 16 26 1 -10
BITMAP
03FC
0FFE
1E1E
3C1F
3E00
3F80
1FF0
1FF8
07FC
01FE
003E
F03C
F03C
FFFC
7FF8
1FF0
0000
0F00
0F00
0F00
0F00
0600
0600
0E00
1C00
1800
ENDCHAR
STARTCHAR Tcommaaccent
ENCODING 538
SWIDTH 611 0
DWIDTH 18 0
BBX 18 32 4 -10
BITMAP
FFFFC0
FFFFC0
FFFFC0
03C000
03C000
03C000
03C000
03C000
078000
078000
078000
078000
078000
0F0000
0F0000
0F0000
0F0000
1E0000
1E0000
1E0000
1E0000
1E0000
000000
3C0000
3C0000
3C0000
3C0000
180000
180000
380000
700000
600000
ENDCHAR
STARTCHAR tcommaaccent
ENCODING 539
SWIDTH 333 0
DWIDTH 9 0
BBX 10 31 1 -10
BITMAP
0780
0780
0F00
0F00
0F00
3FC0
3FC0
1E00
1E00
1E00
1E00
1E00
3C00
3C00
3C00
3C00
7800
7800
7C00
7E00
3E00
0000
7800
7800
7800
7800
3000
3000
7000
E000
C000
ENDCHAR
STARTCHAR uni021E
ENCODING 542
SWIDTH 722 0
DWIDTH 21 0
BBX 21 27 2 0
BITMAP
0071C0
003B80
001F00
000E00
000000
0F0078
0F0078
0F0078
1E00F0
1E00F0
1E00F0
1E00F0
1E00F0
3FFFE0
3FFFE0
3FFFE0
3C01E0
3C01E0
7803C0
7803C0
7803C0
7803C0
F00780
F00780
F00780
F00780
F00780
ENDCHAR
STARTCHAR uni021F
ENCODING 543
SWIDTH 611 0
DWIDTH 18 0
BBX 16 27 2 0
BITMAP
0E38
0770
03E0
01C0
0000
0F00
0F00
0F00
1E00
1E00
1E00
1E7E
1FFF
3FFF
3E1F
3C0F
3C0F
3C0F
781E
781E
781E
781E
F03C
F03C
F03C
F03C
F03C
ENDCHAR
STARTCHAR uni0226
ENCODING 550
SWIDTH 722 0
DWIDTH 21 0
BBX 19 26 1 0
BITMAP
000700
000700
000700
000000
001F00
001F00
003F00
007F00
007700
00F780
00F780
00F780
01E780
01E780
03C780
03C3C0
0783C0
0783C0
0FFFC0
1FFFC0
1FFFC0
3C03C0
3C01E0
7801E0
7801E0
F001E0
ENDCHAR
STARTCHAR uni0227
ENCODING 551
SWIDTH 556 0
DWIDTH 16 0
BBX 15 20 1 0
BITMAP
0070
0070
0070
0000
03F8
07FC
1FFE
1E1E
3C1E
001E
01FE
1FFC
3FBC
7C3C
783C
F078
F8F8
FFF8
7FF8
3F7C
ENDCHAR
STARTCHAR uni0228
ENCODING 552
SWIDTH 667 0
DWIDTH 19 0
BBX 19 28 2 -6
BITMAP
0FFFE0
0FFFE0
0FFFE0
1E0000
1E0000
1E0000
1E0000
1E0000
3C0000
3FFF80
3FFF80
3FFF80
3C0000
780000
780000
780000
780000
F00000
F00000
FFFF00
FFFF00
FFFF00
060000
078000
01C000
01C000
11C000
1F8000
ENDCHAR
STARTCHAR uni0229
ENCODING 553
SWIDTH 556 0
DWIDTH 16 0
BBX 15 22 2 -6
BITMAP
03F0
07FC
1FFC
3C3C
381E
781E
7FFE
FFFC
FFFC
F000
F000
E078
F0F0
7FF0
7FE0
1F80
0C00
0F00
0380
0380
2380
3F00
ENDCHAR
STARTCHAR uni022A
ENCODING 554
SWIDTH 778 0
DWIDTH 22 0
BBX 21 30 2 0
BITMAP
001FF0
001FF0
000000
0038E0
0038E0
0038E0
000000
000000
007F80
01FFE0
03FFF0
0FC3F0
1F00F8
1E0078
1E0078
3C0078
780078
780078
780078
780078
780078
F000F0
F000F0
F001E0
F001E0
F807C0
7E1F80
3FFF00
1FFE00
07F800
ENDCHAR
STARTCHAR uni022B
ENCODING 555
SWIDTH 611 0
DWIDTH 18 0
BBX 17 24 2 0
BITMAP
01FF00
01FF00
000000
01C700
01C700
01C700
000000
000000
01F800
07FE00
1FFE00
3E1F00
3C0F00
780780
780780
F00F00
F00F00
F00F00
F00F00
F03E00
F87C00
7FF800
3FF000
0FC000
ENDCHAR
STARTCHAR uni022C
ENCODING 556
SWIDTH 778 0
DWIDTH 22 0
BBX 21 30 2 0
BITMAP
001FF0
001FF0
000000
001C60
003FE0
007FC0
006380
000000
007F80
01FFE0
03FFF0
0FC3F0
1F00F8
1E0078
1E0078
3C0078
780078
780078
780078
780078
780078
F000F0
F000F0
F001E0
F001E0
F807C0
7E1F80
3FFF00
1FFE00
07F800
ENDCHAR
STARTCHAR uni022D
ENCODING 557
SWIDTH 611 0
DWIDTH 18 0
BBX 17 24 2 0
BITMAP
01FF00
01FF00
000000
00E300
01FF00
03FE00
031C00
000000
01F800
07FE00
1FFE00
3E1F00
3C0F00
780780
780780
F00F00
F00F00
F00F00
F00F00
F03E00
F87C00
7FF800
3FF000
0FC000
ENDCHAR
STARTCHAR uni022E
ENCODING 558
SWIDTH 778 0
DWIDTH 22 0
BBX 21 26 2 0
BITMAP
000700
000700
000700
000000
007F80
01FFE0
03FFF0
0FC3F0
1F00F8
1E0078
1E0078
3C0078
780078
780078
780078
780078
780078
F000F0
F000F0
F001E0
F001E0
F807C0
7E1F80
3FFF00
1FFE00
07F800
ENDCHAR
STARTCHAR uni022F
ENCODING 559
SWIDTH 611 0
DWIDTH 18 0
BBX 17 20 2 0
BITMAP
007000
007000
007000
000000
01F800
07FE00
1FFE00
3E1F00
3C0F00
780780
780780
F00F00
F00F00
F00F00
F00F00
F03E00
F87C00
7FF800
3FF000
0FC000
ENDCHAR
STARTCHAR uni0230
ENCODING 560
SWIDTH 778 0
DWIDTH 22 0
BBX 21 29 2 0
BITMAP
003FE0
003FE0
000000
000700
000700
000700
000000
007F80
01FFE0
03FFF0
0FC3F0
1F00F8
1E0078
1E0078
3C0078
780078
780078
780078
780078
780078
F000F0
F000F0
F001E0
F001E0
F807C0
7E1F80
3FFF00
1FFE00
07F800
ENDCHAR
STARTCHAR uni0231
ENCODING 561
SWIDTH 611 0
DWIDTH 18 0
BBX 17 23 2 0
BITMAP
01FF00
01FF00
000000
007000
007000
007000
000000
01F800
07FE00
1FFE00
3E1F00
3C0F00
780780
780780
F00F00
F00F00
F00F00
F00F00
F03E00
F87C00
7FF800
3FF000
0FC000
ENDCHAR
STARTCHAR uni0232
ENCODING 562
SWIDTH 667 0
DWIDTH 19 0
BBX 18 25 5 0
BITMAP
03FE00
03FE00
000000
F807C0
F80F80
7C0F80
7C1F00
7C1F00
7C3E00
3E7C00
3E7C00
3EF000
1FE000
1FE000
07C000
07C000
0F0000
0F0000
0F0000
0F0000
1E0000
1E0000
1E0000
1E0000
1E0000
ENDCHAR
STARTCHAR uni0233
ENCODING 563
SWIDTH 556 0
DWIDTH 16 0
BBX 17 25 1 -6
BITMAP
03FE00
03FE00
000000
1E0780
1E0780
1E0F00
1E0F00
0F1E00
0F1E00
0F3C00
0F3C00
0F7800
0F7800
0F7000
0FF000
0FC000
07C000
03C000
078000
0F0000
1E0000
1E0000
7E0000
FC0000
F80000
ENDCHAR
STARTCHAR uni0250
ENCODING 592
SWIDTH 556 0
DWIDTH 16 0
BBX 15 16 2 0
BITMAP
7DF8
3FFC
3FFE
3E3E
3C1E
783C
787C
7BF8
7FF0
FF00
F000
F078
F0F0
FFF0
7FC0
3F80
ENDCHAR
STARTCHAR uni0259
ENCODING 601
SWIDTH 556 0
DWIDTH 16 0
BBX 15 16 2 0
BITMAP
03F0
0FFC
1FFC
1E1E
3C0E
001E
001E
7FFE
7FFE
FFFC
F03C
F038
7878
7FF0
7FC0
1F80
ENDCHAR
STARTCHAR uni025F
ENCODING 607
SWIDTH 333 0
DWIDTH 9 0
BBX 11 22 -1 -6
BITMAP
01E0
01E0
01E0
01E0
01E0
03C0
03C0
03C0
03C0
0780
0780
0780
0780
0780
7FC0
7FC0
0F00
0F00
1F00
FE00
FC00
F800
ENDCHAR
STARTCHAR uni0265
ENCODING 613
SWIDTH 611 0
DWIDTH 18 0
BBX 16 22 2 -6
BITMAP
3C0F
3C0F
3C0F
3C0F
3C0F
781E
781E
781E
781E
F03C
F03C
F03C
F87C
FFFC
FFF8
7E78
0078
0078
0078
00F0
00F0
00F0
ENDCHAR
STARTCHAR uni0275
ENCODING 629
SWIDTH 611 0
DWIDTH 18 0
BBX 17 16 2 0
BITMAP
01F800
07FE00
1FFE00
3E1F00
3C0F00
780780
780780
FFFF00
F00F00
F00F00
F00F00
F03E00
F87C00
7FF800
3FF000
0FC000
ENDCHAR
STARTCHAR uni0279
ENCODING 633
SWIDTH 389 0
DWIDTH 11 0
BBX 12 16 2 0
BITMAP
00F0
00F0
00F0
00F0
00F0
01E0
01E0
01E0
01E0
03C0
03C0
07C0
7FC0
7FC0
F780
E780
ENDCHAR
STARTCHAR uni0287
ENCODING 647
SWIDTH 333 0
DWIDTH 9 0
BBX 9 21 0 -5
BITMAP
1F00
1F80
0F80
0780
0780
0F00
0F00
0F00
0F00
1E00
1E00
1E00
1E00
1E00
FF00
FF00
3C00
3C00
3C00
7800
7800
ENDCHAR
STARTCHAR uni0289
ENCODING 649
SWIDTH 611 0
DWIDTH 18 0
BBX 17 16 2 0
BITMAP
1E0780
1E0780
3C0F00
3C0F00
3C0F00
3C0F00
3C0F00
7FFE00
781E00
781E00
781E00
F03C00
F87C00
FFFC00
7FFC00
3F3C00
ENDCHAR
STARTCHAR uni028C
ENCODING 652
SWIDTH 556 0
DWIDTH 16 0
BBX 14 16 1 0
BITMAP
00F0
01F8
01F8
01F8
0778
07F8
0F78
0F78
1E78
1E78
3C78
3C78
783C
783C
F03C
F03C
ENDCHAR
STARTCHAR uni028D
ENCODING 653
SWIDTH 778 0
DWIDTH 22 0
BBX 22 16 0 0
BITMAP
01F0F8
01F0F8
01E078
03E07C
03F0FC
07F0FC
0F73BC
0F73BC
1E73BC
1E773C
3C763C
3C7E3C
787E3C
787E3C
F0783C
F0783C
ENDCHAR
STARTCHAR uni028E
ENCODING 654
SWIDTH 556 0
DWIDTH 16 0
BBX 17 22 1 0
BITMAP
000F80
001F80
003F00
003C00
003C00
007800
00F000
01E000
01F000
01F800
07F800
077800
0F7800
0F7800
1E7800
1E7800
3C7800
3C7800
783C00
783C00
F03C00
F03C00
ENDCHAR
STARTCHAR uni029E
ENCODING 670
SWIDTH 556 0
DWIDTH 16 0
BBX 16 22 3 -6
BITMAP
3E0F
1E0F
1F0F
0F0F
0F8F
0F9E
079E
03DE
01FE
03FC
03FC
0F9C
1F3C
3E3C
7878
F078
0078
0078
0078
00F0
00F0
00F0
ENDCHAR
STARTCHAR uni02BB
ENCODING 699
SWIDTH 278 0
DWIDTH 8 0
BBX 5 7 5 15
BITMAP
18
30
60
F0
F0
F0
F0
ENDCHAR
STARTCHAR afii57929
ENCODING 700
SWIDTH 278 0
DWIDTH 8 0
BBX 5 7 5 15
BITMAP
78
78
78
78
30
60
C0
ENDCHAR
STARTCHAR afii64937
ENCODING 701
SWIDTH 278 0
DWIDTH 8 0
BBX 5 7 5 15
BITMAP
78
78
78
78
C0
60
30
ENDCHAR
STARTCHAR circumflex
ENCODING 710
SWIDTH 333 0
DWIDTH 9 0
BBX 9 4 4 18
BITMAP
1C00
3600
6300
C180
ENDCHAR
STARTCHAR caron
ENCODING 711
SWIDTH 333 0
DWIDTH 9 0
BBX 9 4 4 18
BITMAP
E380
7700
3E00
1C00
ENDCHAR
STARTCHAR uni02C8
ENCODING 712
SWIDTH 238 0
DWIDTH 7 0
BBX 5 7 4 15
BITMAP
78
78
78
F0
F0
60
60
ENDCHAR
STARTCHAR macron
ENCODING 713
SWIDTH 333 0
DWIDTH 9 0
BBX 9 2 4 20
BITMAP
FF80
FF80
ENDCHAR
STARTCHAR uni02CA
ENCODING 714
SWIDTH 333 0
DWIDTH 9 0
BBX 5 4 7 18
BITMAP
38
70
70
E0
ENDCHAR
STARTCHAR uni02CB
ENCODING 715
SWIDTH 333 0
DWIDTH 9 0
BBX 5 4 5 18
BITMAP
E0
70
70
38
ENDCHAR
STARTCHAR uni02CD
ENCODING 717
SWIDTH 333 0
DWIDTH 9 0
BBX 9 2 -1 -3
BITMAP
FF80
FF80
ENDCHAR
STARTCHAR uni02CE
ENCODING 718
SWIDTH 333 0
DWIDTH 9 0
BBX 5 4 0 -5
BITMAP
E0
70
70
38
ENDCHAR
STARTCHAR uni02CF
ENCODING 719
SWIDTH 333 0
DWIDTH 9 0
BBX 5 4 2 -5
BITMAP
38
70
70
E0
ENDCHAR
STARTCHAR breve
ENCODING 728
SWIDTH 333 0
DWIDTH 9 0
BBX 7 4 5 18
BITMAP
C6
FE
7C
38
ENDCHAR
STARTCHAR dotaccent
ENCODING 729
SWIDTH 333 0
DWIDTH 9 0
BBX 3 3 7 19
BITMAP
E0
E0
E0
ENDCHAR
STARTCHAR ring
ENCODING 730
SWIDTH 333 0
DWIDTH 9 0
BBX 5 5 6 17
BITMAP
70
D8
88
D8
70
ENDCHAR
STARTCHAR ogonek
ENCODING 731
SWIDTH 333 0
DWIDTH 9 0
BBX 6 6 0 -6
BITMAP
38
70
E0
E0
E0
7C
ENDCHAR
STARTCHAR tilde
ENCODING 732
SWIDTH 333 0
DWIDTH 9 0
BBX 10 4 3 18
BITMAP
38C0
7FC0
FF80
C700
ENDCHAR
STARTCHAR hungarumlaut
ENCODING 733
SWIDTH 333 0
DWIDTH 9 0
BBX 10 4 3 18
BITMAP
39C0
7380
E700
C600
ENDCHAR
STARTCHAR uni02EE
ENCODING 750
SWIDTH 500 0
DWIDTH 14 0
BBX 12 7 5 15
BITMAP
78F0
78F0
78F0
78F0
3060
60C0
C180
ENDCHAR
STARTCHAR uni037E
ENCODING 894
SWIDTH 333 0
DWIDTH 9 0
BBX 8 21 2 -5
BITMAP
0F
0F
0F
0F
00
00
00
00
00
00
00
00
78
78
78
78
30
30
70
E0
C0
ENDCHAR
STARTCHAR tonos
ENCODING 900
SWIDTH 333 0
DWIDTH 9 0
BBX 5 4 7 18
BITMAP
38
70
70
E0
ENDCHAR
STARTCHAR dieresistonos
ENCODING 901
SWIDTH 333 0
DWIDTH 9 0
BBX 9 8 4 19
BITMAP
0380
0700
0700
0E00
0000
E380
E380
E380
ENDCHAR
STARTCHAR anoteleia
ENCODING 903
SWIDTH 278 0
DWIDTH 8 0
BBX 4 3 3 7
BITMAP
F0
F0
F0
ENDCHAR
STARTCHAR mu
ENCODING 956
SWIDTH 611 0
DWIDTH 18 0
BBX 18 22 1 -6
BITMAP
0F03C0
0F03C0
1E0780
1E0780
1E0780
1E0780
1E0780
3C0F00
3C0F00
3C0F00
3C0F00
781E00
783E00
7FFE00
7FFE00
7F1E00
F00000
F00000
F00000
F00000
F00000
F00000
ENDCHAR
STARTCHAR uni1E00
ENCODING 7680
SWIDTH 722 0
DWIDTH 21 0
BBX 19 28 1 -6
BITMAP
001F00
001F00
003F00
007F00
007700
00F780
00F780
00F780
01E780
01E780
03C780
03C3C0
0783C0
0783C0
0FFFC0
1FFFC0
1FFFC0
3C03C0
3C01E0
7801E0
7801E0
F001E0
000000
01C000
036000
022000
036000
01C000
ENDCHAR
STARTCHAR uni1E01
ENCODING 7681
SWIDTH 556 0
DWIDTH 16 0
BBX 15 22 1 -6
BITMAP
03F8
07FC
1FFE
1E1E
3C1E
001E
01FE
1FFC
3FBC
7C3C
783C
F078
F8F8
FFF8
7FF8
3F7C
0000
0700
0D80
0880
0D80
0700
ENDCHAR
STARTCHAR uni1E02
ENCODING 7682
SWIDTH 722 0
DWIDTH 21 0
BBX 19 26 3 0
BITMAP
001C00
001C00
001C00
000000
0FFF00
0FFFC0
0FFFE0
1E03E0
1E01E0
1E01E0
1E01E0
1E01E0
3C03C0
3FFF00
3FFE00
3FFF80
3C0780
780780
780780
780780
780780
F00F00
F01F00
FFFE00
FFFC00
FFF800
ENDCHAR
STARTCHAR uni1E03
ENCODING 7683
SWIDTH 611 0
DWIDTH 18 0
BBX 17 26 2 0
BITMAP
00E000
00E000
00E000
000000
0F0000
0F0000
0F0000
1E0000
1E0000
1E0000
1EFC00
1FFF00
3FFF00
3E1F00
3C0F00
3C0780
3C0780
780F00
780F00
780F00
780F00
F03E00
F87C00
FFF800
FFF000
F7E000
ENDCHAR
STARTCHAR uni1E04
ENCODING 7684
SWIDTH 722 0
DWIDTH 21 0
BBX 19 26 3 -4
BITMAP
0FFF00
0FFFC0
0FFFE0
1E03E0
1E01E0
1E01E0
1E01E0
1E01E0
3C03C0
3FFF00
3FFE00
3FFF80
3C0780
780780
780780
780780
780780
F00F00
F01F00
FFFE00
FFFC00
FFF800
000000
070000
070000
070000
ENDCHAR
STARTCHAR uni1E05
ENCODING 7685
SWIDTH 611 0
DWIDTH 18 0
BBX 17 26 2 -4
BITMAP
0F0000
0F0000
0F0000
1E0000
1E0000
1E0000
1EFC00
1FFF00
3FFF00
3E1F00
3C0F00
3C0780
3C0780
780F00
780F00
780F00
780F00
F03E00
F87C00
FFF800
FFF000
F7E000
000000
0E0000
0E0000
0E0000
ENDCHAR
STARTCHAR uni1E06
ENCODING 7686
SWIDTH 722 0
DWIDTH 21 0
BBX 19 25 3 -3
BITMAP
0FFF00
0FFFC0
0FFFE0
1E03E0
1E01E0
1E01E0
1E01E0
1E01E0
3C03C0
3FFF00
3FFE00
3FFF80
3C0780
780780
780780
780780
780780
F00F00
F01F00
FFFE00
FFFC00
FFF800
000000
3FE000
3FE000
ENDCHAR
STARTCHAR uni1E07
ENCODING 7687
SWIDTH 611 0
DWIDTH 18 0
BBX 17 25 2 -3
BITMAP
0F0000
0F0000
0F0000
1E0000
1E0000
1E0000
1EFC00
1FFF00
3FFF00
3E1F00
3C0F00
3C0780
3C0780
780F00
780F00
780F00
780F00
F03E00
F87C00
FFF800
FFF000
F7E000
000000
7FC000
7FC000
ENDCHAR
STARTCHAR uni1E08
ENCODING 7688
SWIDTH 722 0
DWIDTH 21 0
BBX 20 33 2 -6
BITMAP
0001C0
000380
000380
000700
000000
007F00
01FFE0
03FFF0
0F83E0
1F01F0
1E00F0
1E00F0
3C0000
780000
780000
780000
780000
780000
F00000
F003C0
F003C0
F007C0
F80F80
7C1F00
3FFE00
1FFC00
07F000
030000
03C000
00E000
00E000
08E000
0FC000
ENDCHAR
STARTCHAR uni1E09
ENCODING 7689
SWIDTH 556 0
DWIDTH 16 0
BBX 15 27 2 -6
BITMAP
001C
0038
0038
0070
0000
03F8
0FFC
3FFC
3C3E
781E
7800
7800
F000
F000
F000
F03C
F078
F8F8
7FF0
3FE0
1F80
0C00
0F00
0380
0380
2380
3F00
ENDCHAR
STARTCHAR uni1E0A
ENCODING 7690
SWIDTH 722 0
DWIDTH 21 0
BBX 20 26 2 0
BITMAP
000E00
000E00
000E00
000000
0FFF80
0FFFE0
0FFFF0
1E01F0
1E01F0
1E00F0
1E00F0
1E00F0
3C00F0
3C00F0
3C00F0
3C00F0
3C00F0
7801E0
7801E0
7803E0
7803C0
F00F80
F01F80
FFFF00
FFFE00
FFF800
ENDCHAR
STARTCHAR uni1E0B
ENCODING 7691
SWIDTH 611 0
DWIDTH 18 0
BBX 18 26 2 0
BITMAP
000380
000380
000380
000000
0003C0
0003C0
0003C0
000780
000780
000780
03F780
07FF80
1FFF00
3E3F00
3C1F00
780700
780F00
F01E00
F01E00
F01E00
F01E00
F07C00
F8FC00
FFFC00
7FFC00
3FBC00
ENDCHAR
STARTCHAR uni1E0C
ENCODING 7692
SWIDTH 722 0
DWIDTH 21 0
BBX 20 26 2 -4
BITMAP
0FFF80
0FFFE0
0FFFF0
1E01F0
1E01F0
1E00F0
1E00F0
1E00F0
3C00F0
3C00F0
3C00F0
3C00F0
3C00F0
7801E0
7801E0
7803E0
7803C0
F00F80
F01F80
FFFF00
FFFE00
FFF800
000000
038000
038000
038000
ENDCHAR
STARTCHAR uni1E0D
ENCODING 7693
SWIDTH 611 0
DWIDTH 18 0
BBX 18 26 2 -4
BITMAP
0003C0
0003C0
0003C0
000780
000780
000780
03F780
07FF80
1FFF00
3E3F00
3C1F00
780700
780F00
F01E00
F01E00
F01E00
F01E00
F07C00
F8FC00
FFFC00
7FFC00
3FBC00
000000
070000
070000
070000
ENDCHAR
STARTCHAR uni1E0E
ENCODING 7694
SWIDTH 722 0
DWIDTH 21 0
BBX 20 25 2 -3
BITMAP
0FFF80
0FFFE0
0FFFF0
1E01F0
1E01F0
1E00F0
1E00F0
1E00F0
3C00F0
3C00F0
3C00F0
3C00F0
3C00F0
7801E0
7801E0
7803E0
7803C0
F00F80
F01F80
FFFF00
FFFE00
FFF800
000000
1FF000
1FF000
ENDCHAR
STARTCHAR uni1E0F
ENCODING 7695
SWIDTH 611 0
DWIDTH 18 0
BBX 18 25 2 -3
BITMAP
0003C0
0003C0
0003C0
000780
000780
000780
03F780
07FF80
1FFF00
3E3F00
3C1F00
780700
780F00
F01E00
F01E00
F01E00
F01E00
F07C00
F8FC00
FFFC00
7FFC00
3FBC00
000000
3FE000
3FE000
ENDCHAR
STARTCHAR uni1E10
ENCODING 7696
SWIDTH 722 0
DWIDTH 21 0
BBX 20 28 2 -6
BITMAP
0FFF80
0FFFE0
0FFFF0
1E01F0
1E01F0
1E00F0
1E00F0
1E00F0
3C00F0
3C00F0
3C00F0
3C00F0
3C00F0
7801E0
7801E0
7803E0
7803C0
F00F80
F01F80
FFFF00
FFFE00
FFF800
030000
03C000
00E000
00E000
08E000
0FC000
ENDCHAR
STARTCHAR uni1E11
ENCODING 7697
SWIDTH 611 0
DWIDTH 18 0
BBX 18 28 2 -6
BITMAP
0003C0
0003C0
0003C0
000780
000780
000780
03F780
07FF80
1FFF00
3E3F00
3C1F00
780700
780F00
F01E00
F01E00
F01E00
F01E00
F07C00
F8FC00
FFFC00
7FFC00
3FBC00
060000
078000
01C000
01C000
11C000
1F8000
ENDCHAR
STARTCHAR uni1E12
ENCODING 7698
SWIDTH 722 0
DWIDTH 21 0
BBX 20 27 2 -5
BITMAP
0FFF80
0FFFE0
0FFFF0
1E01F0
1E01F0
1E00F0
1E00F0
1E00F0
3C00F0
3C00F0
3C00F0
3C00F0
3C00F0
7801E0
7801E0
7803E0
7803C0
F00F80
F01F80
FFFF00
FFFE00
FFF800
000000
038000
06C000
0C6000
183000
ENDCHAR
STARTCHAR uni1E13
ENCODING 7699
SWIDTH 611 0
DWIDTH 18 0
BBX 18 27 2 -5
BITMAP
0003C0
0003C0
0003C0
000780
000780
000780
03F780
07FF80
1FFF00
3E3F00
3C1F00
780700
780F00
F01E00
F01E00
F01E00
F01E00
F07C00
F8FC00
FFFC00
7FFC00
3FBC00
000000
070000
0D8000
18C000
306000
ENDCHAR
STARTCHAR uni1E14
ENCODING 7700
SWIDTH 667 0
DWIDTH 19 0
BBX 19 30 2 0
BITMAP
007000
003800
003800
001C00
000000
00FF80
00FF80
000000
0FFFE0
0FFFE0
0FFFE0
1E0000
1E0000
1E0000
1E0000
1E0000
3C0000
3FFF80
3FFF80
3FFF80
3C0000
780000
780000
780000
780000
F00000
F00000
FFFF00
FFFF00
FFFF00
ENDCHAR
STARTCHAR uni1E15
ENCODING 7701
SWIDTH 556 0
DWIDTH 16 0
BBX 15 24 2 0
BITMAP
01C0
00E0
00E0
0070
0000
07FC
07FC
0000
03F0
07FC
1FFC
3C3C
381E
781E
7FFE
FFFC
FFFC
F000
F000
E078
F0F0
7FF0
7FE0
1F80
ENDCHAR
STARTCHAR uni1E16
ENCODING 7702
SWIDTH 667 0
DWIDTH 19 0
BBX 19 30 2 0
BITMAP
000700
000E00
000E00
001C00
000000
00FF80
00FF80
000000
0FFFE0
0FFFE0
0FFFE0
1E0000
1E0000
1E0000
1E0000
1E0000
3C0000
3FFF80
3FFF80
3FFF80
3C0000
780000
780000
780000
780000
F00000
F00000
FFFF00
FFFF00
FFFF00
ENDCHAR
STARTCHAR uni1E17
ENCODING 7703
SWIDTH 556 0
DWIDTH 16 0
BBX 15 24 2 0
BITMAP
001C
0038
0038
0070
0000
07FC
07FC
0000
03F0
07FC
1FFC
3C3C
381E
781E
7FFE
FFFC
FFFC
F000
F000
E078
F0F0
7FF0
7FE0
1F80
ENDCHAR
STARTCHAR uni1E18
ENCODING 7704
SWIDTH 667 0
DWIDTH 19 0
BBX 19 27 2 -5
BITMAP
0FFFE0
0FFFE0
0FFFE0
1E0000
1E0000
1E0000
1E0000
1E0000
3C0000
3FFF80
3FFF80
3FFF80
3C0000
780000
780000
780000
780000
F00000
F00000
FFFF00
FFFF00
FFFF00
000000
070000
0D8000
18C000
306000
ENDCHAR
STARTCHAR uni1E19
ENCODING 7705
SWIDTH 556 0
DWIDTH 16 0
BBX 15 21 2 -5
BITMAP
03F0
07FC
1FFC
3C3C
381E
781E
7FFE
FFFC
FFFC
F000
F000
E078
F0F0
7FF0
7FE0
1F80
0000
0E00
1B00
3180
60C0
ENDCHAR
STARTCHAR uni1E1A
ENCODING 7706
SWIDTH 667 0
DWIDTH 19 0
BBX 19 27 2 -5
BITMAP
0FFFE0
0FFFE0
0FFFE0
1E0000
1E0000
1E0000
1E0000
1E0000
3C0000
3FFF80
3FFF80
3FFF80
3C0000
780000
780000
780000
780000
F00000
F00000
FFFF00
FFFF00
FFFF00
000000
1C6000
3FE000
7FC000
638000
ENDCHAR
STARTCHAR uni1E1B
ENCODING 7707
SWIDTH 556 0
DWIDTH 16 0
BBX 15 21 2 -5
BITMAP
03F0
07FC
1FFC
3C3C
381E
781E
7FFE
FFFC
FFFC
F000
F000
E078
F0F0
7FF0
7FE0
1F80
0000
1C60
3FE0
7FC0
6380
ENDCHAR
STARTCHAR uni1E1C
ENCODING 7708
SWIDTH 667 0
DWIDTH 19 0
BBX 19 33 2 -6
BITMAP
006300
007F00
003E00
001C00
000000
0FFFE0
0FFFE0
0FFFE0
1E0000
1E0000
1E0000
1E0000
1E0000
3C0000
3FFF80
3FFF80
3FFF80
3C0000
780000
780000
780000
780000
F00000
F00000
FFFF00
FFFF00
FFFF00
060000
078000
01C000
01C000
11C000
1F8000
ENDCHAR
STARTCHAR uni1E1D
ENCODING 7709
SWIDTH 556 0
DWIDTH 16 0
BBX 15 27 2 -6
BITMAP
018C
01FC
00F8
0070
0000
03F0
07FC
1FFC
3C3C
381E
781E
7FFE
FFFC
FFFC
F000
F000
E078
F0F0
7FF0
7FE0
1F80
0C00
0F00
0380
0380
2380
3F00
ENDCHAR
STARTCHAR uni1E1E
ENCODING 7710
SWIDTH 611 0
DWIDTH 18 0
BBX 19 26 2 0
BITMAP
001C00
001C00
001C00
000000
0FFFE0
0FFFE0
0FFFE0
1E0000
1E0000
1E0000
1E0000
1E0000
3C0000
3FFF00
3FFF00
3FFF00
3C0000
780000
780000
780000
780000
F00000
F00000
F00000
F00000
F00000
ENDCHAR
STARTCHAR uni1E1F
ENCODING 7711
SWIDTH 333 0
DWIDTH 9 0
BBX 11 26 2 0
BITMAP
0380
0380
0380
0000
03E0
07E0
0FE0
1F00
1E00
1E00
7FC0
7FC0
3C00
3C00
3C00
3C00
3C00
7800
7800
7800
7800
F000
F000
F000
F000
F000
ENDCHAR
STARTCHAR uni1E20
ENCODING 7712
SWIDTH 778 0
DWIDTH 22 0
BBX 21 25 2 0
BITMAP
003FE0
003FE0
000000
003F80
01FFE0
03FFF0
0FC1F0
1F00F8
1E0078
1E0000
3C0000
780000
780000
780FF0
780FF0
780FF0
F000E0
F801E0
7801E0
7C03E0
7C07C0
7E1FC0
3FFFC0
1FFDC0
03F1C0
ENDCHAR
STARTCHAR uni1E21
ENCODING 7713
SWIDTH 611 0
DWIDTH 18 0
BBX 19 25 0 -6
BITMAP
01FF00
01FF00
000000
00F9E0
03FDE0
0FFFC0
0F8FC0
0F07C0
1E03C0
1E03C0
3C0780
3C0780
3C0780
3C0780
7C0F00
3E3F00
3FFF00
1FFF00
07CF00
001E00
F81E00
787C00
7FFC00
3FF800
1FC000
ENDCHAR
STARTCHAR uni1E22
ENCODING 7714
SWIDTH 722 0
DWIDTH 21 0
BBX 21 26 2 0
BITMAP
000E00
000E00
000E00
000000
0F0078
0F0078
0F0078
1E00F0
1E00F0
1E00F0
1E00F0
1E00F0
3FFFE0
3FFFE0
3FFFE0
3C01E0
3C01E0
7803C0
7803C0
7803C0
7803C0
F00780
F00780
F00780
F00780
F00780
ENDCHAR
STARTCHAR uni1E23
ENCODING 7715
SWIDTH 611 0
DWIDTH 18 0
BBX 16 26 2 0
BITMAP
01C0
01C0
01C0
0000
0F00
0F00
0F00
1E00
1E00
1E00
1E7E
1FFF
3FFF
3E1F
3C0F
3C0F
3C0F
781E
781E
781E
781E
F03C
F03C
F03C
F03C
F03C
ENDCHAR
STARTCHAR uni1E24
ENCODING 7716
SWIDTH 722 0
DWIDTH 21 0
BBX 21 26 2 -4
BITMAP
0F0078
0F0078
0F0078
1E00F0
1E00F0
1E00F0
1E00F0
1E00F0
3FFFE0
3FFFE0
3FFFE0
3C01E0
3C01E0
7803C0
7803C0
7803C0
7803C0
F00780
F00780
F00780
F00780
F00780
000000
038000
038000
038000
ENDCHAR
STARTCHAR uni1E25
ENCODING 7717
SWIDTH 611 0
DWIDTH 18 0
BBX 16 26 2 -4
BITMAP
0F00
0F00
0F00
1E00
1E00
1E00
1E7E
1FFF
3FFF
3E1F
3C0F
3C0F
3C0F
781E
781E
781E
781E
F03C
F03C
F03C
F03C
F03C
0000
0700
0700
0700
ENDCHAR
STARTCHAR uni1E26
ENCODING 7718
SWIDTH 722 0
DWIDTH 21 0
BBX 21 27 2 0
BITMAP
0071C0
0071C0
0071C0
000000
000000
0F0078
0F0078
0F0078
1E00F0
1E00F0
1E00F0
1E00F0
1E00F0
3FFFE0
3FFFE0
3FFFE0
3C01E0
3C01E0
7803C0
7803C0
7803C0
7803C0
F00780
F00780
F00780
F00780
F00780
ENDCHAR
STARTCHAR uni1E27
ENCODING 7719
SWIDTH 611 0
DWIDTH 18 0
BBX 16 27 2 0
BITMAP
0E38
0E38
0E38
0000
0000
0F00
0F00
0F00
1E00
1E00
1E00
1E7E
1FFF
3FFF
3E1F
3C0F
3C0F
3C0F
781E
781E
781E
781E
F03C
F03C
F03C
F03C
F03C
ENDCHAR
STARTCHAR uni1E28
ENCODING 7720
SWIDTH 722 0
DWIDTH 21 0
BBX 21 28 2 -6
BITMAP
0F0078
0F0078
0F0078
1E00F0
1E00F0
1E00F0
1E00F0
1E00F0
3FFFE0
3FFFE0
3FFFE0
3C01E0
3C01E0
7803C0
7803C0
7803C0
7803C0
F00780
F00780
F00780
F00780
F00780
030000
03C000
00E000
00E000
08E000
0FC000
ENDCHAR
STARTCHAR uni1E29
ENCODING 7721
SWIDTH 611 0
DWIDTH 18 0
BBX 16 28 2 -6
BITMAP
0F00
0F00
0F00
1E00
1E00
1E00
1E7E
1FFF
3FFF
3E1F
3C0F
3C0F
3C0F
781E
781E
781E
781E
F03C
F03C
F03C
F03C
F03C
0600
0780
01C0
01C0
11C0
1F80
ENDCHAR
STARTCHAR uni1E2A
ENCODING 7722
SWIDTH 722 0
DWIDTH 21 0
BBX 21 27 2 -5
BITMAP
0F0078
0F0078
0F0078
1E00F0
1E00F0
1E00F0
1E00F0
1E00F0
3FFFE0
3FFFE0
3FFFE0
3C01E0
3C01E0
7803C0
7803C0
7803C0
7803C0
F00780
F00780
F00780
F00780
F00780
000000
0C6000
0FE000
07C000
038000
ENDCHAR
STARTCHAR uni1E2B
ENCODING 7723
SWIDTH 611 0
DWIDTH 18 0
BBX 16 27 2 -5
BITMAP
0F00
0F00
0F00
1E00
1E00
1E00
1E7E
1FFF
3FFF
3E1F
3C0F
3C0F
3C0F
781E
781E
781E
781E
F03C
F03C
F03C
F03C
F03C
0000
18C0
1FC0
0F80
0700
ENDCHAR
STARTCHAR uni1E2C
ENCODING 7724
SWIDTH 278 0
DWIDTH 8 0
BBX 12 27 -2 -5
BITMAP
00F0
00F0
00F0
01E0
01E0
01E0
01E0
01E0
03C0
03C0
03C0
03C0
03C0
0780
0780
0780
0780
0F00
0F00
0F00
0F00
0F00
0000
38C0
7FC0
FF80
C700
ENDCHAR
STARTCHAR uni1E2D
ENCODING 7725
SWIDTH 278 0
DWIDTH 8 0
BBX 12 27 -2 -5
BITMAP
00F0
00F0
00F0
01E0
0000
0000
01E0
01E0
03C0
03C0
03C0
03C0
03C0
0780
0780
0780
0780
0F00
0F00
0F00
0F00
0F00
0000
38C0
7FC0
FF80
C700
ENDCHAR
STARTCHAR uni1E2E
ENCODING 7726
SWIDTH 278 0
DWIDTH 8 0
BBX 12 32 2 0
BITMAP
0070
00E0
00E0
01C0
0000
1C70
1C70
1C70
0000
0000
0F00
0F00
0F00
1E00
1E00
1E00
1E00
1E00
3C00
3C00
3C00
3C00
3C00
7800
7800
7800
7800
F000
F000
F000
F000
F000
ENDCHAR
STARTCHAR uni1E2F
ENCODING 7727
SWIDTH 278 0
DWIDTH 8 0
BBX 11 26 2 0
BITMAP
00E0
01C0
01C0
0380
0000
38E0
38E0
38E0
0000
0000
1E00
1E00
3C00
3C00
3C00
3C00
3C00
7800
7800
7800
7800
F000
F000
F000
F000
F000
ENDCHAR
STARTCHAR uni1E30
ENCODING 7728
SWIDTH 722 0
DWIDTH 21 0
BBX 21 27 2 0
BITMAP
000700
000E00
000E00
001C00
000000
0F00F8
0F01F0
0F03E0
1E07C0
1E0F80
1E3E00
1E7C00
1EF800
3DF000
3FE000
3FF800
3FF800
3C7C00
787C00
783E00
783E00
781F00
F01F00
F00F80
F00F80
F007C0
F007C0
ENDCHAR
STARTCHAR uni1E31
ENCODING 7729
SWIDTH 556 0
DWIDTH 16 0
BBX 16 27 2 0
BITMAP
0070
00E0
00E0
01C0
0000
0F00
0F00
0F00
1E00
1E00
1E00
1E0F
1E1E
3C7C
3CF8
39F0
3FE0
3FE0
7FC0
7FE0
79E0
79F0
F1F0
F0F0
F0F8
F078
F07C
ENDCHAR
STARTCHAR uni1E32
ENCODING 7730
SWIDTH 722 0
DWIDTH 21 0
BBX 21 26 2 -4
BITMAP
0F00F8
0F01F0
0F03E0
1E07C0
1E0F80
1E3E00
1E7C00
1EF800
3DF000
3FE000
3FF800
3FF800
3C7C00
787C00
783E00
783E00
781F00
F01F00
F00F80
F00F80
F007C0
F007C0
000000
01C000
01C000
01C000
ENDCHAR
STARTCHAR uni1E33
ENCODING 7731
SWIDTH 556 0
DWIDTH 16 0
BBX 16 26 2 -4
BITMAP
0F00
0F00
0F00
1E00
1E00
1E00
1E0F
1E1E
3C7C
3CF8
39F0
3FE0
3FE0
7FC0
7FE0
79E0
79F0
F1F0
F0F0
F0F8
F078
F07C
0000
0700
0700
0700
ENDCHAR
STARTCHAR uni1E34
ENCODING 7732
SWIDTH 722 0
DWIDTH 21 0
BBX 21 25 2 -3
BITMAP
0F00F8
0F01F0
0F03E0
1E07C0
1E0F80
1E3E00
1E7C00
1EF800
3DF000
3FE000
3FF800
3FF800
3C7C00
787C00
783E00
783E00
781F00
F01F00
F00F80
F00F80
F007C0
F007C0
000000
1FF000
1FF000
ENDCHAR
STARTCHAR uni1E35
ENCODING 7733
SWIDTH 556 0
DWIDTH 16 0
BBX 16 25 2 -3
BITMAP
0F00
0F00
0F00
1E00
1E00
1E00
1E0F
1E1E
3C7C
3CF8
39F0
3FE0
3FE0
7FC0
7FE0
79E0
79F0
F1F0
F0F0
F0F8
F078
F07C
0000
3FE0
3FE0
ENDCHAR
STARTCHAR uni1E36
ENCODING 7734
SWIDTH 611 0
DWIDTH 18 0
BBX 14 26 3 -4
BITMAP
0F00
0F00
0F00
1E00
1E00
1E00
1E00
1E00
3C00
3C00
3C00
3C00
3C00
7800
7800
7800
7800
F000
F000
FFFC
FFFC
FFFC
0000
0E00
0E00
0E00
ENDCHAR
STARTCHAR uni1E37
ENCODING 7735
SWIDTH 278 0
DWIDTH 8 0
BBX 8 26 2 -4
BITMAP
0F
0F
0F
1E
1E
1E
1E
1E
3C
3C
3C
3C
3C
78
78
78
78
F0
F0
F0
F0
F0
00
E0
E0
E0
ENDCHAR
STARTCHAR uni1E38
ENCODING 7736
SWIDTH 611 0
DWIDTH 18 0
BBX 14 29 3 -4
BITMAP
0FF8
0FF8
0000
0F00
0F00
0F00
1E00
1E00
1E00
1E00
1E00
3C00
3C00
3C00
3C00
3C00
7800
7800
7800
7800
F000
F000
FFFC
FFFC
FFFC
0000
0E00
0E00
0E00
ENDCHAR
STARTCHAR uni1E39
ENCODING 7737
SWIDTH 278 0
DWIDTH 8 0
BBX 12 29 2 -4
BITMAP
1FF0
1FF0
0000
0F00
0F00
0F00
1E00
1E00
1E00
1E00
1E00
3C00
3C00
3C00
3C00
3C00
7800
7800
7800
7800
F000
F000
F000
F000
F000
0000
E000
E000
E000
ENDCHAR
STARTCHAR uni1E3A
ENCODING 7738
SWIDTH 611 0
DWIDTH 18 0
BBX 14 25 3 -3
BITMAP
0F00
0F00
0F00
1E00
1E00
1E00
1E00
1E00
3C00
3C00
3C00
3C00
3C00
7800
7800
7800
7800
F000
F000
FFFC
FFFC
FFFC
0000
7FC0
7FC0
ENDCHAR
STARTCHAR uni1E3B
ENCODING 7739
SWIDTH 278 0
DWIDTH 8 0
BBX 11 25 -1 -3
BITMAP
01E0
01E0
01E0
03C0
03C0
03C0
03C0
03C0
0780
0780
0780
0780
0780
0F00
0F00
0F00
0F00
1E00
1E00
1E00
1E00
1E00
0000
FF80
FF80
ENDCHAR
STARTCHAR uni1E3C
ENCODING 7740
SWIDTH 611 0
DWIDTH 18 0
BBX 14 27 3 -5
BITMAP
0F00
0F00
0F00
1E00
1E00
1E00
1E00
1E00
3C00
3C00
3C00
3C00
3C00
7800
7800
7800
7800
F000
F000
FFFC
FFFC
FFFC
0000
0E00
1B00
3180
60C0
ENDCHAR
STARTCHAR uni1E3D
ENCODING 7741
SWIDTH 278 0
DWIDTH 8 0
BBX 11 27 -1 -5
BITMAP
01E0
01E0
01E0
03C0
03C0
03C0
03C0
03C0
0780
0780
0780
0780
0780
0F00
0F00
0F00
0F00
1E00
1E00
1E00
1E00
1E00
0000
1C00
3600
6300
C180
ENDCHAR
STARTCHAR uni1E3E
ENCODING 7742
SWIDTH 833 0
DWIDTH 24 0
BBX 24 27 2 0
BITMAP
0000E0
0001C0
0001C0
000380
000000
0FC03F
0FC03F
0FC03F
1FC07E
1E001E
1F807E
1FC0FE
1EE1DE
3CE3BC
3CE3BC
3CE73C
3CE73C
3CEE3C
78EE78
78FC78
78FC78
78FC78
F0F0F0
F0F0F0
F0F0F0
F0F0F0
F0F0F0
ENDCHAR
STARTCHAR uni1E3F
ENCODING 7743
SWIDTH 889 0
DWIDTH 26 0
BBX 24 21 2 0
BITMAP
0000E0
0001C0
0001C0
000380
000000
1EFC7E
1FFEFF
3FFFFF
3E3F1F
3C1E0F
3C1E0F
3C1E0F
783C1E
783C1E
783C1E
783C1E
F0783C
F0783C
F0783C
F0783C
F0783C
ENDCHAR
STARTCHAR uni1E40
ENCODING 7744
SWIDTH 833 0
DWIDTH 24 0
BBX 24 26 2 0
BITMAP
000380
000380
000380
000000
0FC03F
0FC03F
0FC03F
1FC07E
1E001E
1F807E
1FC0FE
1EE1DE
3CE3BC
3CE3BC
3CE73C
3CE73C
3CEE3C
78EE78
78FC78
78FC78
78FC78
F0F0F0
F0F0F0
F0F0F0
F0F0F0
F0F0F0
ENDCHAR
STARTCHAR uni1E41
ENCODING 7745
SWIDTH 889 0
DWIDTH 26 0
BBX 24 20 2 0
BITMAP
000700
000700
000700
000000
1EFC7E
1FFEFF
3FFFFF
3E3F1F
3C1E0F
3C1E0F
3C1E0F
783C1E
783C1E
783C1E
783C1E
F0783C
F0783C
F0783C
F0783C
F0783C
ENDCHAR
STARTCHAR uni1E42
ENCODING 7746
SWIDTH 833 0
DWIDTH 24 0
BBX 24 26 2 -4
BITMAP
0FC03F
0FC03F
0FC03F
1FC07E
1E001E
1F807E
1FC0FE
1EE1DE
3CE3BC
3CE3BC
3CE73C
3CE73C
3CEE3C
78EE78
78FC78
78FC78
78FC78
F0F0F0
F0F0F0
F0F0F0
F0F0F0
F0F0F0
000000
00E000
00E000
00E000
ENDCHAR
STARTCHAR uni1E43
ENCODING 7747
SWIDTH 889 0
DWIDTH 26 0
BBX 24 20 2 -4
BITMAP
1EFC7E
1FFEFF
3FFFFF
3E3F1F
3C1E0F
3C1E0F
3C1E0F
783C1E
783C1E
783C1E
783C1E
F0783C
F0783C
F0783C
F0783C
F0783C
000000
007000
007000
007000
ENDCHAR
STARTCHAR uni1E44
ENCODING 7748
SWIDTH 722 0
DWIDTH 21 0
BBX 21 26 2 0
BITMAP
000E00
000E00
000E00
000000
0F0078
0F8078
0F8078
1E00F0
1F00F0
1F80F0
1FE0F0
1EE0F0
3DE1E0
3CF1E0
3CF1E0
3C79E0
3C79E0
787BC0
7819C0
781FC0
780FC0
F01F80
F00780
F00780
F00F80
F00780
ENDCHAR
STARTCHAR uni1E45
ENCODING 7749
SWIDTH 611 0
DWIDTH 18 0
BBX 16 20 2 0
BITMAP
0070
0070
0070
0000
1E7E
1FFF
3FFF
3E1F
3C0F
3C0F
3C0F
781E
781E
781E
781E
F03C
F03C
F03C
F03C
F03C
ENDCHAR
STARTCHAR uni1E46
ENCODING 7750
SWIDTH 722 0
DWIDTH 21 0
BBX 21 26 2 -4
BITMAP
0F0078
0F8078
0F8078
1E00F0
1F00F0
1F80F0
1FE0F0
1EE0F0
3DE1E0
3CF1E0
3CF1E0
3C79E0
3C79E0
787BC0
7819C0
781FC0
780FC0
F01F80
F00780
F00780
F00F80
F00780
000000
038000
038000
038000
ENDCHAR
STARTCHAR uni1E47
ENCODING 7751
SWIDTH 611 0
DWIDTH 18 0
BBX 16 20 2 -4
BITMAP
1E7E
1FFF
3FFF
3E1F
3C0F
3C0F
3C0F
781E
781E
781E
781E
F03C
F03C
F03C
F03C
F03C
0000
0700
0700
0700
ENDCHAR
STARTCHAR uni1E48
ENCODING 7752
SWIDTH 722 0
DWIDTH 21 0
BBX 21 25 2 -3
BITMAP
0F0078
0F8078
0F8078
1E00F0
1F00F0
1F80F0
1FE0F0
1EE0F0
3DE1E0
3CF1E0
3CF1E0
3C79E0
3C79E0
787BC0
7819C0
781FC0
780FC0
F01F80
F00780
F00780
F00F80
F00780
000000
1FF000
1FF000
ENDCHAR
STARTCHAR uni1E49
ENCODING 7753
SWIDTH 611 0
DWIDTH 18 0
BBX 16 19 2 -3
BITMAP
1E7E
1FFF
3FFF
3E1F
3C0F
3C0F
3C0F
781E
781E
781E
781E
F03C
F03C
F03C
F03C
F03C
0000
3FE0
3FE0
ENDCHAR
STARTCHAR uni1E4A
ENCODING 7754
SWIDTH 722 0
DWIDTH 21 0
BBX 21 27 2 -5
BITMAP
0F0078
0F8078
0F8078
1E00F0
1F00F0
1F80F0
1FE0F0
1EE0F0
3DE1E0
3CF1E0
3CF1E0
3C79E0
3C79E0
787BC0
7819C0
781FC0
780FC0
F01F80
F00780
F00780
F00F80
F00780
000000
038000
06C000
0C6000
183000
ENDCHAR
STARTCHAR uni1E4B
ENCODING 7755
SWIDTH 611 0
DWIDTH 18 0
BBX 16 21 2 -5
BITMAP
1E7E
1FFF
3FFF
3E1F
3C0F
3C0F
3C0F
781E
781E
781E
781E
F03C
F03C
F03C
F03C
F03C
0000
0700
0D80
18C0
3060
ENDCHAR
STARTCHAR uni1E4C
ENCODING 7756
SWIDTH 778 0
DWIDTH 22 0
BBX 21 32 2 0
BITMAP
0001C0
000380
000380
000700
000000
001C60
003FE0
007FC0
006380
000000
007F80
01FFE0
03FFF0
0FC3F0
1F00F8
1E0078
1E0078
3C0078
780078
780078
780078
780078
780078
F000F0
F000F0
F001E0
F001E0
F807C0
7E1F80
3FFF00
1FFE00
07F800
ENDCHAR
STARTCHAR uni1E4D
ENCODING 7757
SWIDTH 611 0
DWIDTH 18 0
BBX 17 26 2 0
BITMAP
000700
000E00
000E00
001C00
000000
00E300
01FF00
03FE00
031C00
000000
01F800
07FE00
1FFE00
3E1F00
3C0F00
780780
780780
F00F00
F00F00
F00F00
F00F00
F03E00
F87C00
7FF800
3FF000
0FC000
ENDCHAR
STARTCHAR uni1E4E
ENCODING 7758
SWIDTH 778 0
DWIDTH 22 0
BBX 21 32 2 0
BITMAP
001C70
001C70
001C70
000000
000000
001C60
003FE0
007FC0
006380
000000
007F80
01FFE0
03FFF0
0FC3F0
1F00F8
1E0078
1E0078
3C0078
780078
780078
780078
780078
780078
F000F0
F000F0
F001E0
F001E0
F807C0
7E1F80
3FFF00
1FFE00
07F800
ENDCHAR
STARTCHAR uni1E4F
ENCODING 7759
SWIDTH 611 0
DWIDTH 18 0
BBX 17 26 2 0
BITMAP
00E380
00E380
00E380
000000
000000
00E300
01FF00
03FE00
031C00
000000
01F800
07FE00
1FFE00
3E1F00
3C0F00
780780
780780
F00F00
F00F00
F00F00
F00F00
F03E00
F87C00
7FF800
3FF000
0FC000
ENDCHAR
STARTCHAR uni1E50
ENCODING 7760
SWIDTH 778 0
DWIDTH 22 0
BBX 21 30 2 0
BITMAP
001C00
000E00
000E00
000700
000000
003FE0
003FE0
000000
007F80
01FFE0
03FFF0
0FC3F0
1F00F8
1E0078
1E0078
3C0078
780078
780078
780078
780078
780078
F000F0
F000F0
F001E0
F001E0
F807C0
7E1F80
3FFF00
1FFE00
07F800
ENDCHAR
STARTCHAR uni1E51
ENCODING 7761
SWIDTH 611 0
DWIDTH 18 0
BBX 17 24 2 0
BITMAP
00E000
007000
007000
003800
000000
03FE00
03FE00
000000
01F800
07FE00
1FFE00
3E1F00
3C0F00
780780
780780
F00F00
F00F00
F00F00
F00F00
F03E00
F87C00
7FF800
3FF000
0FC000
ENDCHAR
STARTCHAR uni1E52
ENCODING 7762
SWIDTH 778 0
DWIDTH 22 0
BBX 21 30 2 0
BITMAP
0001C0
000380
000380
000700
000000
003FE0
003FE0
000000
007F80
01FFE0
03FFF0
0FC3F0
1F00F8
1E0078
1E0078
3C0078
780078
780078
780078
780078
780078
F000F0
F000F0
F001E0
F001E0
F807C0
7E1F80
3FFF00
1FFE00
07F800
ENDCHAR
STARTCHAR uni1E53
ENCODING 7763
SWIDTH 611 0
DWIDTH 18 0
BBX 17 24 2 0
BITMAP
000E00
001C00
001C00
003800
000000
03FE00
03FE00
000000
01F800
07FE00
1FFE00
3E1F00
3C0F00
780780
780780
F00F00
F00F00
F00F00
F00F00
F03E00
F87C00
7FF800
3FF000
0FC000
ENDCHAR
STARTCHAR uni1E54
ENCODING 7764
SWIDTH 667 0
DWIDTH 19 0
BBX 19 27 2 0
BITMAP
000700
000E00
000E00
001C00
000000
0FFF80
0FFFC0
0FFFE0
1E07E0
1E03E0
1E01E0
1E01E0
1E01E0
3C03C0
3C0FC0
3FFF80
3FFF00
3FFE00
780000
780000
780000
780000
F00000
F00000
F00000
F00000
F00000
ENDCHAR
STARTCHAR uni1E55
ENCODING 7765
SWIDTH 611 0
DWIDTH 18 0
BBX 18 27 1 -6
BITMAP
000700
000E00
000E00
001C00
000000
0F3E00
0FFF80
1FFF80
1F0F80
1E0780
1E03C0
1E03C0
3C0780
3C0780
3C0780
3C0780
781F00
7C3E00
7FFC00
7FF800
79F000
F00000
F00000
F00000
F00000
F00000
F00000
ENDCHAR
STARTCHAR uni1E56
ENCODING 7766
SWIDTH 667 0
DWIDTH 19 0
BBX 19 26 2 0
BITMAP
001C00
001C00
001C00
000000
0FFF80
0FFFC0
0FFFE0
1E07E0
1E03E0
1E01E0
1E01E0
1E01E0
3C03C0
3C0FC0
3FFF80
3FFF00
3FFE00
780000
780000
780000
780000
F00000
F00000
F00000
F00000
F00000
ENDCHAR
STARTCHAR uni1E57
ENCODING 7767
SWIDTH 611 0
DWIDTH 18 0
BBX 18 26 1 -6
BITMAP
003800
003800
003800
000000
0F3E00
0FFF80
1FFF80
1F0F80
1E0780
1E03C0
1E03C0
3C0780
3C0780
3C0780
3C0780
781F00
7C3E00
7FFC00
7FF800
79F000
F00000
F00000
F00000
F00000
F00000
F00000
ENDCHAR
STARTCHAR uni1E58
ENCODING 7768
SWIDTH 722 0
DWIDTH 21 0
BBX 21 26 2 0
BITMAP
000E00
000E00
000E00
000000
0FFFC0
0FFFF0
0FFFF8
1E01F0
1E00F0
1E00F0
1E00F0
1E00F0
3C03E0
3FFFC0
3FFF80
3FFF80
3C07C0
7803C0
7803C0
7803C0
7803C0
F00780
F00780
F00780
F00780
F007C0
ENDCHAR
STARTCHAR uni1E59
ENCODING 7769
SWIDTH 389 0
DWIDTH 11 0
BBX 12 20 2 0
BITMAP
0380
0380
0380
0000
1E70
1EF0
3FE0
3FE0
3E00
3C00
3C00
7800
7800
7800
7800
F000
F000
F000
F000
F000
ENDCHAR
STARTCHAR uni1E5A
ENCODING 7770
SWIDTH 722 0
DWIDTH 21 0
BBX 21 26 2 -4
BITMAP
0FFFC0
0FFFF0
0FFFF8
1E01F0
1E00F0
1E00F0
1E00F0
1E00F0
3C03E0
3FFFC0
3FFF80
3FFF80
3C07C0
7803C0
7803C0
7803C0
7803C0
F00780
F00780
F00780
F00780
F007C0
000000
01C000
01C000
01C000
ENDCHAR
STARTCHAR uni1E5B
ENCODING 7771
SWIDTH 389 0
DWIDTH 11 0
BBX 12 20 2 -4
BITMAP
1E70
1EF0
3FE0
3FE0
3E00
3C00
3C00
7800
7800
7800
7800
F000
F000
F000
F000
F000
0000
E000
E000
E000
ENDCHAR
STARTCHAR uni1E5C
ENCODING 7772
SWIDTH 722 0
DWIDTH 21 0
BBX 21 29 2 -4
BITMAP
007FC0
007FC0
000000
0FFFC0
0FFFF0
0FFFF8
1E01F0
1E00F0
1E00F0
1E00F0
1E00F0
3C03E0
3FFFC0
3FFF80
3FFF80
3C07C0
7803C0
7803C0
7803C0
7803C0
F00780
F00780
F00780
F00780
F007C0
000000
01C000
01C000
01C000
ENDCHAR
STARTCHAR uni1E5D
ENCODING 7773
SWIDTH 389 0
DWIDTH 11 0
BBX 12 23 2 -4
BITMAP
1FF0
1FF0
0000
1E70
1EF0
3FE0
3FE0
3E00
3C00
3C00
7800
7800
7800
7800
F000
F000
F000
F000
F000
0000
E000
E000
E000
ENDCHAR
STARTCHAR uni1E5E
ENCODING 7774
SWIDTH 722 0
DWIDTH 21 0
BBX 21 25 2 -3
BITMAP
0FFFC0
0FFFF0
0FFFF8
1E01F0
1E00F0
1E00F0
1E00F0
1E00F0
3C03E0
3FFFC0
3FFF80
3FFF80
3C07C0
7803C0
7803C0
7803C0
7803C0
F00780
F00780
F00780
F00780
F007C0
000000
0FF800
0FF800
ENDCHAR
STARTCHAR uni1E5F
ENCODING 7775
SWIDTH 389 0
DWIDTH 11 0
BBX 15 19 -1 -3
BITMAP
03CE
03DE
07FC
07FC
07C0
0780
0780
0F00
0F00
0F00
0F00
1E00
1E00
1E00
1E00
1E00
0000
FF80
FF80
ENDCHAR
STARTCHAR uni1E60
ENCODING 7776
SWIDTH 667 0
DWIDTH 19 0
BBX 18 26 2 0
BITMAP
001C00
001C00
001C00
000000
01FE00
07FF80
0FFFC0
3E0FC0
3C03C0
3C03C0
3C0000
3E0000
3FE000
3FFE00
1FFF00
03FF80
003FC0
000F80
000780
F00780
F00780
F81F00
FC3E00
FFFE00
7FFC00
1FE000
ENDCHAR
STARTCHAR uni1E61
ENCODING 7777
SWIDTH 556 0
DWIDTH 16 0
BBX 16 20 1 0
BITMAP
0070
0070
0070
0000
03FC
0FFE
1E1E
3C1F
3E00
3F80
1FF0
1FF8
07FC
01FE
003E
F03C
F03C
FFFC
7FF8
1FF0
ENDCHAR
STARTCHAR uni1E62
ENCODING 7778
SWIDTH 667 0
DWIDTH 19 0
BBX 18 26 2 -4
BITMAP
01FE00
07FF80
0FFFC0
3E0FC0
3C03C0
3C03C0
3C0000
3E0000
3FE000
3FFE00
1FFF00
03FF80
003FC0
000F80
000780
F00780
F00780
F81F00
FC3E00
FFFE00
7FFC00
1FE000
000000
070000
070000
070000
ENDCHAR
STARTCHAR uni1E63
ENCODING 7779
SWIDTH 556 0
DWIDTH 16 0
BBX 16 20 1 -4
BITMAP
03FC
0FFE
1E1E
3C1F
3E00
3F80
1FF0
1FF8
07FC
01FE
003E
F03C
F03C
FFFC
7FF8
1FF0
0000
0700
0700
0700
ENDCHAR
STARTCHAR uni1E64
ENCODING 7780
SWIDTH 667 0
DWIDTH 19 0
BBX 18 31 2 0
BITMAP
000E00
000E00
000E00
000000
000700
000E00
000E00
001C00
000000
01FE00
07FF80
0FFFC0
3E0FC0
3C03C0
3C03C0
3C0000
3E0000
3FE000
3FFE00
1FFF00
03FF80
003FC0
000F80
000780
F00780
F00780
F81F00
FC3E00
FFFE00
7FFC00
1FE000
ENDCHAR
STARTCHAR uni1E65
ENCODING 7781
SWIDTH 556 0
DWIDTH 16 0
BBX 16 25 1 0
BITMAP
0038
0038
0038
0000
000E
001C
001C
0038
0000
03FC
0FFE
1E1E
3C1F
3E00
3F80
1FF0
1FF8
07FC
01FE
003E
F03C
F03C
FFFC
7FF8
1FF0
ENDCHAR
STARTCHAR uni1E66
ENCODING 7782
SWIDTH 667 0
DWIDTH 19 0
BBX 18 31 2 0
BITMAP
000E00
000E00
000E00
000000
00E380
007700
003E00
001C00
000000
01FE00
07FF80
0FFFC0
3E0FC0
3C03C0
3C03C0
3C0000
3E0000
3FE000
3FFE00
1FFF00
03FF80
003FC0
000F80
000780
F00780
F00780
F81F00
FC3E00
FFFE00
7FFC00
1FE000
ENDCHAR
STARTCHAR uni1E67
ENCODING 7783
SWIDTH 556 0
DWIDTH 16 0
BBX 16 25 1 0
BITMAP
0038
0038
0038
0000
01C7
00EE
007C
0038
0000
03FC
0FFE
1E1E
3C1F
3E00
3F80
1FF0
1FF8
07FC
01FE
003E
F03C
F03C
FFFC
7FF8
1FF0
ENDCHAR
STARTCHAR uni1E68
ENCODING 7784
SWIDTH 667 0
DWIDTH 19 0
BBX 18 30 2 -4
BITMAP
001C00
001C00
001C00
000000
01FE00
07FF80
0FFFC0
3E0FC0
3C03C0
3C03C0
3C0000
3E0000
3FE000
3FFE00
1FFF00
03FF80
003FC0
000F80
000780
F00780
F00780
F81F00
FC3E00
FFFE00
7FFC00
1FE000
000000
070000
070000
070000
ENDCHAR
STARTCHAR uni1E69
ENCODING 7785
SWIDTH 556 0
DWIDTH 16 0
BBX 16 24 1 -4
BITMAP
00E0
00E0
00E0
0000
03FC
0FFE
1E1E
3C1F
3E00
3F80
1FF0
1FF8
07FC
01FE
003E
F03C
F03C
FFFC
7FF8
1FF0
0000
0700
0700
0700
ENDCHAR
STARTCHAR uni1E6A
ENCODING 7786
SWIDTH 611 0
DWIDTH 18 0
BBX 18 26 4 0
BITMAP
007000
007000
007000
000000
FFFFC0
FFFFC0
FFFFC0
03C000
03C000
03C000
03C000
03C000
078000
078000
078000
078000
078000
0F0000
0F0000
0F0000
0F0000
1E0000
1E0000
1E0000
1E0000
1E0000
ENDCHAR
STARTCHAR uni1E6B
ENCODING 7787
SWIDTH 333 0
DWIDTH 9 0
BBX 9 25 2 0
BITMAP
0700
0700
0700
0000
0F00
0F00
1E00
1E00
1E00
7F80
7F80
3C00
3C00
3C00
3C00
3C00
7800
7800
7800
7800
F000
F000
F800
FC00
7C00
ENDCHAR
STARTCHAR uni1E6C
ENCODING 7788
SWIDTH 611 0
DWIDTH 18 0
BBX 18 26 4 -4
BITMAP
FFFFC0
FFFFC0
FFFFC0
03C000
03C000
03C000
03C000
03C000
078000
078000
078000
078000
078000
0F0000
0F0000
0F0000
0F0000
1E0000
1E0000
1E0000
1E0000
1E0000
000000
1C0000
1C0000
1C0000
ENDCHAR
STARTCHAR uni1E6D
ENCODING 7789
SWIDTH 333 0
DWIDTH 9 0
BBX 9 25 2 -4
BITMAP
0F00
0F00
1E00
1E00
1E00
7F80
7F80
3C00
3C00
3C00
3C00
3C00
7800
7800
7800
7800
F000
F000
F800
FC00
7C00
0000
E000
E000
E000
ENDCHAR
STARTCHAR uni1E6E
ENCODING 7790
SWIDTH 611 0
DWIDTH 18 0
BBX 18 25 4 -3
BITMAP
FFFFC0
FFFFC0
FFFFC0
03C000
03C000
03C000
03C000
03C000
078000
078000
078000
078000
078000
0F0000
0F0000
0F0000
0F0000
1E0000
1E0000
1E0000
1E0000
1E0000
000000
FF8000
FF8000
ENDCHAR
STARTCHAR uni1E6F
ENCODING 7791
SWIDTH 333 0
DWIDTH 9 0
BBX 12 24 -1 -3
BITMAP
01E0
01E0
03C0
03C0
03C0
0FF0
0FF0
0780
0780
0780
0780
0780
0F00
0F00
0F00
0F00
1E00
1E00
1F00
1F80
0F80
0000
FF80
FF80
ENDCHAR
STARTCHAR uni1E70
ENCODING 7792
SWIDTH 611 0
DWIDTH 18 0
BBX 18 27 4 -5
BITMAP
FFFFC0
FFFFC0
FFFFC0
03C000
03C000
03C000
03C000
03C000
078000
078000
078000
078000
078000
0F0000
0F0000
0F0000
0F0000
1E0000
1E0000
1E0000
1E0000
1E0000
000000
1C0000
360000
630000
C18000
ENDCHAR
STARTCHAR uni1E71
ENCODING 7793
SWIDTH 333 0
DWIDTH 9 0
BBX 12 26 -1 -5
BITMAP
01E0
01E0
03C0
03C0
03C0
0FF0
0FF0
0780
0780
0780
0780
0780
0F00
0F00
0F00
0F00
1E00
1E00
1F00
1F80
0F80
0000
1C00
3600
6300
C180
ENDCHAR
STARTCHAR uni1E72
ENCODING 7794
SWIDTH 722 0
DWIDTH 21 0
BBX 20 26 3 -4
BITMAP
1E00F0
1E00F0
1E00F0
3C01E0
3C01E0
3C01E0
3C01E0
3C01E0
7803C0
7803C0
7803C0
7803C0
7803C0
F00780
F00780
F00780
F00780
F81F00
F83E00
FFFE00
7FFC00
1FF000
000000
38E000
38E000
38E000
ENDCHAR
STARTCHAR uni1E73
ENCODING 7795
SWIDTH 611 0
DWIDTH 18 0
BBX 17 20 2 -4
BITMAP
1E0780
1E0780
3C0F00
3C0F00
3C0F00
3C0F00
3C0F00
781E00
781E00
781E00
781E00
F03C00
F87C00
FFFC00
7FFC00
3F3C00
000000
38E000
38E000
38E000
ENDCHAR
STARTCHAR uni1E74
ENCODING 7796
SWIDTH 722 0
DWIDTH 21 0
BBX 20 27 3 -5
BITMAP
1E00F0
1E00F0
1E00F0
3C01E0
3C01E0
3C01E0
3C01E0
3C01E0
7803C0
7803C0
7803C0
7803C0
7803C0
F00780
F00780
F00780
F00780
F81F00
F83E00
FFFE00
7FFC00
1FF000
000000
0E3000
1FF000
3FE000
31C000
ENDCHAR
STARTCHAR uni1E75
ENCODING 7797
SWIDTH 611 0
DWIDTH 18 0
BBX 17 21 2 -5
BITMAP
1E0780
1E0780
3C0F00
3C0F00
3C0F00
3C0F00
3C0F00
781E00
781E00
781E00
781E00
F03C00
F87C00
FFFC00
7FFC00
3F3C00
000000
1C6000
3FE000
7FC000
638000
ENDCHAR
STARTCHAR uni1E76
ENCODING 7798
SWIDTH 722 0
DWIDTH 21 0
BBX 20 27 3 -5
BITMAP
1E00F0
1E00F0
1E00F0
3C01E0
3C01E0
3C01E0
3C01E0
3C01E0
7803C0
7803C0
7803C0
7803C0
7803C0
F00780
F00780
F00780
F00780
F81F00
F83E00
FFFE00
7FFC00
1FF000
000000
070000
0D8000
18C000
306000
ENDCHAR
STARTCHAR uni1E77
ENCODING 7799
SWIDTH 611 0
DWIDTH 18 0
BBX 17 21 2 -5
BITMAP
1E0780
1E0780
3C0F00
3C0F00
3C0F00
3C0F00
3C0F00
781E00
781E00
781E00
781E00
F03C00
F87C00
FFFC00
7FFC00
3F3C00
000000
070000
0D8000
18C000
306000
ENDCHAR
STARTCHAR uni1E78
ENCODING 7800
SWIDTH 722 0
DWIDTH 21 0
BBX 20 32 3 0
BITMAP
0001C0
000380
000380
000700
000000
0038C0
007FC0
00FF80
00C700
000000
1E00F0
1E00F0
1E00F0
3C01E0
3C01E0
3C01E0
3C01E0
3C01E0
7803C0
7803C0
7803C0
7803C0
7803C0
F00780
F00780
F00780
F00780
F81F00
F83E00
FFFE00
7FFC00
1FF000
ENDCHAR
STARTCHAR uni1E79
ENCODING 7801
SWIDTH 611 0
DWIDTH 18 0
BBX 17 26 2 0
BITMAP
000700
000E00
000E00
001C00
000000
00E300
01FF00
03FE00
031C00
000000
1E0780
1E0780
3C0F00
3C0F00
3C0F00
3C0F00
3C0F00
781E00
781E00
781E00
781E00
F03C00
F87C00
FFFC00
7FFC00
3F3C00
ENDCHAR
STARTCHAR uni1E7A
ENCODING 7802
SWIDTH 722 0
DWIDTH 21 0
BBX 20 30 3 0
BITMAP
0071C0
0071C0
0071C0
000000
000000
00FF80
00FF80
000000
1E00F0
1E00F0
1E00F0
3C01E0
3C01E0
3C01E0
3C01E0
3C01E0
7803C0
7803C0
7803C0
7803C0
7803C0
F00780
F00780
F00780
F00780
F81F00
F83E00
FFFE00
7FFC00
1FF000
ENDCHAR
STARTCHAR uni1E7B
ENCODING 7803
SWIDTH 611 0
DWIDTH 18 0
BBX 17 24 2 0
BITMAP
01C700
01C700
01C700
000000
000000
03FE00
03FE00
000000
1E0780
1E0780
3C0F00
3C0F00
3C0F00
3C0F00
3C0F00
781E00
781E00
781E00
781E00
F03C00
F87C00
FFFC00
7FFC00
3F3C00
ENDCHAR
STARTCHAR uni1E7C
ENCODING 7804
SWIDTH 667 0
DWIDTH 19 0
BBX 17 27 5 0
BITMAP
01C600
03FE00
07FC00
063800
000000
F00780
F00780
F00F00
F00F00
F01E00
781E00
783C00
783C00
787800
787800
78F000
78F000
79E000
79E000
7BC000
3B8000
3B8000
3F8000
3F0000
3E0000
3E0000
3E0000
ENDCHAR
STARTCHAR uni1E7D
ENCODING 7805
SWIDTH 556 0
DWIDTH 16 0
BBX 14 21 4 0
BITMAP
0718
0FF8
1FF0
18E0
0000
F03C
F03C
F078
F078
78F0
78F0
79E0
79E0
7BC0
7BC0
7F80
7B80
7E00
7E00
7E00
3C00
ENDCHAR
STARTCHAR uni1E7E
ENCODING 7806
SWIDTH 667 0
DWIDTH 19 0
BBX 17 26 5 -4
BITMAP
F00780
F00780
F00F00
F00F00
F01E00
781E00
783C00
783C00
787800
787800
78F000
78F000
79E000
79E000
7BC000
3B8000
3B8000
3F8000
3F0000
3E0000
3E0000
3E0000
000000
380000
380000
380000
ENDCHAR
STARTCHAR uni1E7F
ENCODING 7807
SWIDTH 556 0
DWIDTH 16 0
BBX 14 20 4 -4
BITMAP
F03C
F03C
F078
F078
78F0
78F0
79E0
79E0
7BC0
7BC0
7F80
7B80
7E00
7E00
7E00
3C00
0000
3800
3800
3800
ENDCHAR
STARTCHAR Wgrave
ENCODING 7808
SWIDTH 944 0
DWIDTH 27 0
BBX 25 27 5 0
BITMAP
00380000
001C0000
001C0000
000E0000
00000000
F03E0780
F03E0780
F03C0F00
F0780F00
F0FC1E00
F0FC1E00
F0FE1E00
F0EE3C00
F0EE3C00
F1CE3C00
F1CE7800
F38E7800
F38EF000
F70EF000
F40FE000
FC07E000
F80FC000
F80F8000
F80F8000
780F0000
780F0000
780F0000
ENDCHAR
STARTCHAR wgrave
ENCODING 7809
SWIDTH 778 0
DWIDTH 22 0
BBX 22 21 3 0
BITMAP
007000
003800
003800
001C00
000000
F0783C
F0783C
F1F878
F1F878
F1F8F0
F1B8F0
F3B9E0
F739E0
F73BC0
F73BC0
FC3F80
FC3F00
F81F00
781E00
7C3E00
7C3E00
ENDCHAR
STARTCHAR Wacute
ENCODING 7810
SWIDTH 944 0
DWIDTH 27 0
BBX 25 27 5 0
BITMAP
00038000
00070000
00070000
000E0000
00000000
F03E0780
F03E0780
F03C0F00
F0780F00
F0FC1E00
F0FC1E00
F0FE1E00
F0EE3C00
F0EE3C00
F1CE3C00
F1CE7800
F38E7800
F38EF000
F70EF000
F40FE000
FC07E000
F80FC000
F80F8000
F80F8000
780F0000
780F0000
780F0000
ENDCHAR
STARTCHAR wacute
ENCODING 7811
SWIDTH 778 0
DWIDTH 22 0
BBX 22 21 3 0
BITMAP
000700
000E00
000E00
001C00
000000
F0783C
F0783C
F1F878
F1F878
F1F8F0
F1B8F0
F3B9E0
F739E0
F73BC0
F73BC0
FC3F80
FC3F00
F81F00
781E00
7C3E00
7C3E00
ENDCHAR
STARTCHAR Wdieresis
ENCODING 7812
SWIDTH 944 0
DWIDTH 27 0
BBX 25 27 5 0
BITMAP
0071C000
0071C000
0071C000
00000000
00000000
F03E0780
F03E0780
F03C0F00
F0780F00
F0FC1E00
F0FC1E00
F0FE1E00
F0EE3C00
F0EE3C00
F1CE3C00
F1CE7800
F38E7800
F38EF000
F70EF000
F40FE000
FC07E000
F80FC000
F80F8000
F80F8000
780F0000
780F0000
780F0000
ENDCHAR
STARTCHAR wdieresis
ENCODING 7813
SWIDTH 778 0
DWIDTH 22 0
BBX 22 21 3 0
BITMAP
00E380
00E380
00E380
000000
000000
F0783C
F0783C
F1F878
F1F878
F1F8F0
F1B8F0
F3B9E0
F739E0
F73BC0
F73BC0
FC3F80
FC3F00
F81F00
781E00
7C3E00
7C3E00
ENDCHAR
STARTCHAR uni1E86
ENCODING 7814
SWIDTH 944 0
DWIDTH 27 0
BBX 25 26 5 0
BITMAP
000E0000
000E0000
000E0000
00000000
F03E0780
F03E0780
F03C0F00
F0780F00
F0FC1E00
F0FC1E00
F0FE1E00
F0EE3C00
F0EE3C00
F1CE3C00
F1CE7800
F38E7800
F38EF000
F70EF000
F40FE000
FC07E000
F80FC000
F80F8000
F80F8000
780F0000
780F0000
780F0000
ENDCHAR
STARTCHAR uni1E87
ENCODING 7815
SWIDTH 778 0
DWIDTH 22 0
BBX 22 20 3 0
BITMAP
003800
003800
003800
000000
F0783C
F0783C
F1F878
F1F878
F1F8F0
F1B8F0
F3B9E0
F739E0
F73BC0
F73BC0
FC3F80
FC3F00
F81F00
781E00
7C3E00
7C3E00
ENDCHAR
STARTCHAR uni1E88
ENCODING 7816
SWIDTH 944 0
DWIDTH 27 0
BBX 25 26 5 -4
BITMAP
F03E0780
F03E0780
F03C0F00
F0780F00
F0FC1E00
F0FC1E00
F0FE1E00
F0EE3C00
F0EE3C00
F1CE3C00
F1CE7800
F38E7800
F38EF000
F70EF000
F40FE000
FC07E000
F80FC000
F80F8000
F80F8000
780F0000
780F0000
780F0000
00000000
03800000
03800000
03800000
ENDCHAR
STARTCHAR uni1E89
ENCODING 7817
SWIDTH 778 0
DWIDTH 22 0
BBX 22 20 3 -4
BITMAP
F0783C
F0783C
F1F878
F1F878
F1F8F0
F1B8F0
F3B9E0
F739E0
F73BC0
F73BC0
FC3F80
FC3F00
F81F00
781E00
7C3E00
7C3E00
000000
038000
038000
038000
ENDCHAR
STARTCHAR uni1E8A
ENCODING 7818
SWIDTH 667 0
DWIDTH 19 0
BBX 21 26 1 0
BITMAP
000E00
000E00
000E00
000000
0F80F8
0F81F0
07C3E0
07C3E0
03E7C0
03EF80
01EF00
01FE00
00FC00
00F800
007800
00F000
01F800
03F800
07FC00
07BE00
0FBE00
1F3E00
3E1F00
3E1F00
7C0F80
F80F80
ENDCHAR
STARTCHAR uni1E8B
ENCODING 7819
SWIDTH 556 0
DWIDTH 16 0
BBX 18 20 0 0
BITMAP
003800
003800
003800
000000
1F07C0
0F0F00
079E00
079E00
03FC00
03F800
03F000
01F000
03C000
03F000
07F000
0FF000
1E7800
1E7800
3C3C00
F83E00
ENDCHAR
STARTCHAR uni1E8C
ENCODING 7820
SWIDTH 667 0
DWIDTH 19 0
BBX 21 27 1 0
BITMAP
0071C0
0071C0
0071C0
000000
000000
0F80F8
0F81F0
07C3E0
07C3E0
03E7C0
03EF80
01EF00
01FE00
00FC00
00F800
007800
00F000
01F800
03F800
07FC00
07BE00
0FBE00
1F3E00
3E1F00
3E1F00
7C0F80
F80F80
ENDCHAR
STARTCHAR uni1E8D
ENCODING 7821
SWIDTH 556 0
DWIDTH 16 0
BBX 18 21 0 0
BITMAP
00E380
00E380
00E380
000000
000000
1F07C0
0F0F00
079E00
079E00
03FC00
03F800
03F000
01F000
03C000
03F000
07F000
0FF000
1E7800
1E7800
3C3C00
F83E00
ENDCHAR
STARTCHAR uni1E8E
ENCODING 7822
SWIDTH 667 0
DWIDTH 19 0
BBX 18 26 5 0
BITMAP
007000
007000
007000
000000
F807C0
F80F80
7C0F80
7C1F00
7C1F00
7C3E00
3E7C00
3E7C00
3EF000
1FE000
1FE000
07C000
07C000
0F0000
0F0000
0F0000
0F0000
1E0000
1E0000
1E0000
1E0000
1E0000
ENDCHAR
STARTCHAR uni1E8F
ENCODING 7823
SWIDTH 556 0
DWIDTH 16 0
BBX 17 26 1 -6
BITMAP
007000
007000
007000
000000
1E0780
1E0780
1E0F00
1E0F00
0F1E00
0F1E00
0F3C00
0F3C00
0F7800
0F7800
0F7000
0FF000
0FC000
07C000
03C000
078000
0F0000
1E0000
1E0000
7E0000
FC0000
F80000
ENDCHAR
STARTCHAR uni1E90
ENCODING 7824
SWIDTH 611 0
DWIDTH 18 0
BBX 20 27 1 0
BITMAP
000E00
001B00
003180
0060C0
000000
0FFFF0
0FFFF0
0FFFF0
0001E0
0007C0
000F80
001F00
003E00
007C00
00F800
01F000
01F000
03E000
07C000
0F8000
1F0000
3E0000
7C0000
F80000
FFFF00
FFFF00
FFFF00
ENDCHAR
STARTCHAR uni1E91
ENCODING 7825
SWIDTH 500 0
DWIDTH 14 0
BBX 16 21 0 0
BITMAP
0038
006C
00C6
0183
0000
0FFF
0FFF
0FFF
003E
007C
00F8
01F0
03E0
0F80
1F00
3E00
7C00
F800
FFF8
FFF8
FFF8
ENDCHAR
STARTCHAR uni1E92
ENCODING 7826
SWIDTH 611 0
DWIDTH 18 0
BBX 20 26 1 -4
BITMAP
0FFFF0
0FFFF0
0FFFF0
0001E0
0007C0
000F80
001F00
003E00
007C00
00F800
01F000
01F000
03E000
07C000
0F8000
1F0000
3E0000
7C0000
F80000
FFFF00
FFFF00
FFFF00
000000
070000
070000
070000
ENDCHAR
STARTCHAR uni1E93
ENCODING 7827
SWIDTH 500 0
DWIDTH 14 0
BBX 16 20 0 -4
BITMAP
0FFF
0FFF
0FFF
003E
007C
00F8
01F0
03E0
0F80
1F00
3E00
7C00
F800
FFF8
FFF8
FFF8
0000
0E00
0E00
0E00
ENDCHAR
STARTCHAR uni1E94
ENCODING 7828
SWIDTH 611 0
DWIDTH 18 0
BBX 20 25 1 -3
BITMAP
0FFFF0
0FFFF0
0FFFF0
0001E0
0007C0
000F80
001F00
003E00
007C00
00F800
01F000
01F000
03E000
07C000
0F8000
1F0000
3E0000
7C0000
F80000
FFFF00
FFFF00
FFFF00
000000
3FE000
3FE000
ENDCHAR
STARTCHAR uni1E95
ENCODING 7829
SWIDTH 500 0
DWIDTH 14 0
BBX 16 19 0 -3
BITMAP
0FFF
0FFF
0FFF
003E
007C
00F8
01F0
03E0
0F80
1F00
3E00
7C00
F800
FFF8
FFF8
FFF8
0000
7FC0
7FC0
ENDCHAR
STARTCHAR uni1E96
ENCODING 7830
SWIDTH 611 0
DWIDTH 18 0
BBX 16 25 2 -3
BITMAP
0F00
0F00
0F00
1E00
1E00
1E00
1E7E
1FFF
3FFF
3E1F
3C0F
3C0F
3C0F
781E
781E
781E
781E
F03C
F03C
F03C
F03C
F03C
0000
3FE0
3FE0
ENDCHAR
STARTCHAR uni1E97
ENCODING 7831
SWIDTH 333 0
DWIDTH 9 0
BBX 12 26 2 0
BITMAP
1C70
1C70
1C70
0000
0000
0F00
0F00
1E00
1E00
1E00
7F80
7F80
3C00
3C00
3C00
3C00
3C00
7800
7800
7800
7800
F000
F000
F800
FC00
7C00
ENDCHAR
STARTCHAR uni1E98
ENCODING 7832
SWIDTH 778 0
DWIDTH 22 0
BBX 22 22 3 0
BITMAP
001C00
003600
002200
003600
001C00
000000
F0783C
F0783C
F1F878
F1F878
F1F8F0
F1B8F0
F3B9E0
F739E0
F73BC0
F73BC0
FC3F80
FC3F00
F81F00
781E00
7C3E00
7C3E00
ENDCHAR
STARTCHAR uni1E99
ENCODING 7833
SWIDTH 556 0
DWIDTH 16 0
BBX 17 28 1 -6
BITMAP
003800
006C00
004400
006C00
003800
000000
1E0780
1E0780
1E0F00
1E0F00
0F1E00
0F1E00
0F3C00
0F3C00
0F7800
0F7800
0F7000
0FF000
0FC000
07C000
03C000
078000
0F0000
1E0000
1E0000
7E0000
FC0000
F80000
ENDCHAR
STARTCHAR uni1EA0
ENCODING 7840
SWIDTH 722 0
DWIDTH 21 0
BBX 19 26 1 -4
BITMAP
001F00
001F00
003F00
007F00
007700
00F780
00F780
00F780
01E780
01E780
03C780
03C3C0
0783C0
0783C0
0FFFC0
1FFFC0
1FFFC0
3C03C0
3C01E0
7801E0
7801E0
F001E0
000000
01C000
01C000
01C000
ENDCHAR
STARTCHAR uni1EA1
ENCODING 7841
SWIDTH 556 0
DWIDTH 16 0
BBX 15 20 1 -4
BITMAP
03F8
07FC
1FFE
1E1E
3C1E
001E
01FE
1FFC
3FBC
7C3C
783C
F078
F8F8
FFF8
7FF8
3F7C
0000
0700
0700
0700
ENDCHAR
STARTCHAR uni1EA4
ENCODING 7844
SWIDTH 722 0
DWIDTH 21 0
BBX 19 32 1 0
BITMAP
0000E0
0001C0
0001C0
000380
000000
000700
000D80
0018C0
003060
000000
001F00
001F00
003F00
007F00
007700
00F780
00F780
00F780
01E780
01E780
03C780
03C3C0
0783C0
0783C0
0FFFC0
1FFFC0
1FFFC0
3C03C0
3C01E0
7801E0
7801E0
F001E0
ENDCHAR
STARTCHAR uni1EA5
ENCODING 7845
SWIDTH 556 0
DWIDTH 16 0
BBX 16 26 1 0
BITMAP
0007
000E
000E
001C
0000
0038
006C
00C6
0183
0000
03F8
07FC
1FFE
1E1E
3C1E
001E
01FE
1FFC
3FBC
7C3C
783C
F078
F8F8
FFF8
7FF8
3F7C
ENDCHAR
STARTCHAR uni1EA6
ENCODING 7846
SWIDTH 722 0
DWIDTH 21 0
BBX 19 32 1 0
BITMAP
000E00
000700
000700
000380
000000
000700
000D80
0018C0
003060
000000
001F00
001F00
003F00
007F00
007700
00F780
00F780
00F780
01E780
01E780
03C780
03C3C0
0783C0
0783C0
0FFFC0
1FFFC0
1FFFC0
3C03C0
3C01E0
7801E0
7801E0
F001E0
ENDCHAR
STARTCHAR uni1EA7
ENCODING 7847
SWIDTH 556 0
DWIDTH 16 0
BBX 16 26 1 0
BITMAP
0070
0038
0038
001C
0000
0038
006C
00C6
0183
0000
03F8
07FC
1FFE
1E1E
3C1E
001E
01FE
1FFC
3FBC
7C3C
783C
F078
F8F8
FFF8
7FF8
3F7C
ENDCHAR
STARTCHAR uni1EAA
ENCODING 7850
SWIDTH 722 0
DWIDTH 21 0
BBX 21 32 1 0
BITMAP
000718
000FF8
001FF0
0018E0
000000
000700
000D80
0018C0
003060
000000
001F00
001F00
003F00
007F00
007700
00F780
00F780
00F780
01E780
01E780
03C780
03C3C0
0783C0
0783C0
0FFFC0
1FFFC0
1FFFC0
3C03C0
3C01E0
7801E0
7801E0
F001E0
ENDCHAR
STARTCHAR uni1EAB
ENCODING 7851
SWIDTH 556 0
DWIDTH 16 0
BBX 18 26 1 0
BITMAP
0038C0
007FC0
00FF80
00C700
000000
003800
006C00
00C600
018300
000000
03F800
07FC00
1FFE00
1E1E00
3C1E00
001E00
01FE00
1FFC00
3FBC00
7C3C00
783C00
F07800
F8F800
FFF800
7FF800
3F7C00
ENDCHAR
STARTCHAR uni1EAC
ENCODING 7852
SWIDTH 722 0
DWIDTH 21 0
BBX 19 31 1 -4
BITMAP
000700
000D80
0018C0
003060
000000
001F00
001F00
003F00
007F00
007700
00F780
00F780
00F780
01E780
01E780
03C780
03C3C0
0783C0
0783C0
0FFFC0
1FFFC0
1FFFC0
3C03C0
3C01E0
7801E0
7801E0
F001E0
000000
01C000
01C000
01C000
ENDCHAR
STARTCHAR uni1EAD
ENCODING 7853
SWIDTH 556 0
DWIDTH 16 0
BBX 16 25 1 -4
BITMAP
0038
006C
00C6
0183
0000
03F8
07FC
1FFE
1E1E
3C1E
001E
01FE
1FFC
3FBC
7C3C
783C
F078
F8F8
FFF8
7FF8
3F7C
0000
0700
0700
0700
ENDCHAR
STARTCHAR uni1EAE
ENCODING 7854
SWIDTH 722 0
DWIDTH 21 0
BBX 19 32 1 0
BITMAP
0000E0
0001C0
0001C0
000380
000000
0018C0
001FC0
000F80
000700
000000
001F00
001F00
003F00
007F00
007700
00F780
00F780
00F780
01E780
01E780
03C780
03C3C0
0783C0
0783C0
0FFFC0
1FFFC0
1FFFC0
3C03C0
3C01E0
7801E0
7801E0
F001E0
ENDCHAR
STARTCHAR uni1EAF
ENCODING 7855
SWIDTH 556 0
DWIDTH 16 0
BBX 16 26 1 0
BITMAP
0007
000E
000E
001C
0000
00C6
00FE
007C
0038
0000
03F8
07FC
1FFE
1E1E
3C1E
001E
01FE
1FFC
3FBC
7C3C
783C
F078
F8F8
FFF8
7FF8
3F7C
ENDCHAR
STARTCHAR uni1EB0
ENCODING 7856
SWIDTH 722 0
DWIDTH 21 0
BBX 19 32 1 0
BITMAP
000E00
000700
000700
000380
000000
0018C0
001FC0
000F80
000700
000000
001F00
001F00
003F00
007F00
007700
00F780
00F780
00F780
01E780
01E780
03C780
03C3C0
0783C0
0783C0
0FFFC0
1FFFC0
1FFFC0
3C03C0
3C01E0
7801E0
7801E0
F001E0
ENDCHAR
STARTCHAR uni1EB1
ENCODING 7857
SWIDTH 556 0
DWIDTH 16 0
BBX 15 26 1 0
BITMAP
0070
0038
0038
001C
0000
00C6
00FE
007C
0038
0000
03F8
07FC
1FFE
1E1E
3C1E
001E
01FE
1FFC
3FBC
7C3C
783C
F078
F8F8
FFF8
7FF8
3F7C
ENDCHAR
STARTCHAR uni1EB4
ENCODING 7860
SWIDTH 722 0
DWIDTH 21 0
BBX 21 32 1 0
BITMAP
000718
000FF8
001FF0
0018E0
000000
0018C0
001FC0
000F80
000700
000000
001F00
001F00
003F00
007F00
007700
00F780
00F780
00F780
01E780
01E780
03C780
03C3C0
0783C0
0783C0
0FFFC0
1FFFC0
1FFFC0
3C03C0
3C01E0
7801E0
7801E0
F001E0
ENDCHAR
STARTCHAR uni1EB5
ENCODING 7861
SWIDTH 556 0
DWIDTH 16 0
BBX 18 26 1 0
BITMAP
0038C0
007FC0
00FF80
00C700
000000
00C600
00FE00
007C00
003800
000000
03F800
07FC00
1FFE00
1E1E00
3C1E00
001E00
01FE00
1FFC00
3FBC00
7C3C00
783C00
F07800
F8F800
FFF800
7FF800
3F7C00
ENDCHAR
STARTCHAR uni1EB6
ENCODING 7862
SWIDTH 722 0
DWIDTH 21 0
BBX 19 31 1 -4
BITMAP
0018C0
001FC0
000F80
000700
000000
001F00
001F00
003F00
007F00
007700
00F780
00F780
00F780
01E780
01E780
03C780
03C3C0
0783C0
0783C0
0FFFC0
1FFFC0
1FFFC0
3C03C0
3C01E0
7801E0
7801E0
F001E0
000000
01C000
01C000
01C000
ENDCHAR
STARTCHAR uni1EB7
ENCODING 7863
SWIDTH 556 0
DWIDTH 16 0
BBX 15 25 1 -4
BITMAP
00C6
00FE
007C
0038
0000
03F8
07FC
1FFE
1E1E
3C1E
001E
01FE
1FFC
3FBC
7C3C
783C
F078
F8F8
FFF8
7FF8
3F7C
0000
0700
0700
0700
ENDCHAR
STARTCHAR uni1EB8
ENCODING 7864
SWIDTH 667 0
DWIDTH 19 0
BBX 19 26 2 -4
BITMAP
0FFFE0
0FFFE0
0FFFE0
1E0000
1E0000
1E0000
1E0000
1E0000
3C0000
3FFF80
3FFF80
3FFF80
3C0000
780000
780000
780000
780000
F00000
F00000
FFFF00
FFFF00
FFFF00
000000
070000
070000
070000
ENDCHAR
STARTCHAR uni1EB9
ENCODING 7865
SWIDTH 556 0
DWIDTH 16 0
BBX 15 20 2 -4
BITMAP
03F0
07FC
1FFC
3C3C
381E
781E
7FFE
FFFC
FFFC
F000
F000
E078
F0F0
7FF0
7FE0
1F80
0000
0E00
0E00
0E00
ENDCHAR
STARTCHAR uni1EBC
ENCODING 7868
SWIDTH 667 0
DWIDTH 19 0
BBX 19 27 2 0
BITMAP
0038C0
007FC0
00FF80
00C700
000000
0FFFE0
0FFFE0
0FFFE0
1E0000
1E0000
1E0000
1E0000
1E0000
3C0000
3FFF80
3FFF80
3FFF80
3C0000
780000
780000
780000
780000
F00000
F00000
FFFF00
FFFF00
FFFF00
ENDCHAR
STARTCHAR uni1EBD
ENCODING 7869
SWIDTH 556 0
DWIDTH 16 0
BBX 16 21 2 0
BITMAP
00E3
01FF
03FE
031C
0000
03F0
07FC
1FFC
3C3C
381E
781E
7FFE
FFFC
FFFC
F000
F000
E078
F0F0
7FF0
7FE0
1F80
ENDCHAR
STARTCHAR uni1EBE
ENCODING 7870
SWIDTH 667 0
DWIDTH 19 0
BBX 19 32 2 0
BITMAP
000380
000700
000700
000E00
000000
001C00
003600
006300
00C180
000000
0FFFE0
0FFFE0
0FFFE0
1E0000
1E0000
1E0000
1E0000
1E0000
3C0000
3FFF80
3FFF80
3FFF80
3C0000
780000
780000
780000
780000
F00000
F00000
FFFF00
FFFF00
FFFF00
ENDCHAR
STARTCHAR uni1EBF
ENCODING 7871
SWIDTH 556 0
DWIDTH 16 0
BBX 15 26 2 0
BITMAP
000E
001C
001C
0038
0000
0070
00D8
018C
0306
0000
03F0
07FC
1FFC
3C3C
381E
781E
7FFE
FFFC
FFFC
F000
F000
E078
F0F0
7FF0
7FE0
1F80
ENDCHAR
STARTCHAR uni1EC0
ENCODING 7872
SWIDTH 667 0
DWIDTH 19 0
BBX 19 32 2 0
BITMAP
003800
001C00
001C00
000E00
000000
001C00
003600
006300
00C180
000000
0FFFE0
0FFFE0
0FFFE0
1E0000
1E0000
1E0000
1E0000
1E0000
3C0000
3FFF80
3FFF80
3FFF80
3C0000
780000
780000
780000
780000
F00000
F00000
FFFF00
FFFF00
FFFF00
ENDCHAR
STARTCHAR uni1EC1
ENCODING 7873
SWIDTH 556 0
DWIDTH 16 0
BBX 15 26 2 0
BITMAP
00E0
0070
0070
0038
0000
0070
00D8
018C
0306
0000
03F0
07FC
1FFC
3C3C
381E
781E
7FFE
FFFC
FFFC
F000
F000
E078
F0F0
7FF0
7FE0
1F80
ENDCHAR
STARTCHAR uni1EC4
ENCODING 7876
SWIDTH 667 0
DWIDTH 19 0
BBX 19 32 2 0
BITMAP
001C60
003FE0
007FC0
006380
000000
001C00
003600
006300
00C180
000000
0FFFE0
0FFFE0
0FFFE0
1E0000
1E0000
1E0000
1E0000
1E0000
3C0000
3FFF80
3FFF80
3FFF80
3C0000
780000
780000
780000
780000
F00000
F00000
FFFF00
FFFF00
FFFF00
ENDCHAR
STARTCHAR uni1EC5
ENCODING 7877
SWIDTH 556 0
DWIDTH 16 0
BBX 17 26 2 0
BITMAP
007180
00FF80
01FF00
018E00
000000
007000
00D800
018C00
030600
000000
03F000
07FC00
1FFC00
3C3C00
381E00
781E00
7FFE00
FFFC00
FFFC00
F00000
F00000
E07800
F0F000
7FF000
7FE000
1F8000
ENDCHAR
STARTCHAR uni1EC6
ENCODING 7878
SWIDTH 667 0
DWIDTH 19 0
BBX 19 31 2 -4
BITMAP
001C00
003600
006300
00C180
000000
0FFFE0
0FFFE0
0FFFE0
1E0000
1E0000
1E0000
1E0000
1E0000
3C0000
3FFF80
3FFF80
3FFF80
3C0000
780000
780000
780000
780000
F00000
F00000
FFFF00
FFFF00
FFFF00
000000
070000
070000
070000
ENDCHAR
STARTCHAR uni1EC7
ENCODING 7879
SWIDTH 556 0
DWIDTH 16 0
BBX 15 25 2 -4
BITMAP
0070
00D8
018C
0306
0000
03F0
07FC
1FFC
3C3C
381E
781E
7FFE
FFFC
FFFC
F000
F000
E078
F0F0
7FF0
7FE0
1F80
0000
0E00
0E00
0E00
ENDCHAR
STARTCHAR uni1ECA
ENCODING 7882
SWIDTH 278 0
DWIDTH 8 0
BBX 8 26 2 -4
BITMAP
0F
0F
0F
1E
1E
1E
1E
1E
3C
3C
3C
3C
3C
78
78
78
78
F0
F0
F0
F0
F0
00
E0
E0
E0
ENDCHAR
STARTCHAR uni1ECB
ENCODING 7883
SWIDTH 278 0
DWIDTH 8 0
BBX 8 26 2 -4
BITMAP
0F
0F
0F
1E
00
00
1E
1E
3C
3C
3C
3C
3C
78
78
78
78
F0
F0
F0
F0
F0
00
E0
E0
E0
ENDCHAR
STARTCHAR uni1ECC
ENCODING 7884
SWIDTH 778 0
DWIDTH 22 0
BBX 21 26 2 -4
BITMAP
007F80
01FFE0
03FFF0
0FC3F0
1F00F8
1E0078
1E0078
3C0078
780078
780078
780078
780078
780078
F000F0
F000F0
F001E0
F001E0
F807C0
7E1F80
3FFF00
1FFE00
07F800
000000
01C000
01C000
01C000
ENDCHAR
STARTCHAR uni1ECD
ENCODING 7885
SWIDTH 611 0
DWIDTH 18 0
BBX 17 20 2 -4
BITMAP
01F800
07FE00
1FFE00
3E1F00
3C0F00
780780
780780
F00F00
F00F00
F00F00
F00F00
F03E00
F87C00
7FF800
3FF000
0FC000
000000
070000
070000
070000
ENDCHAR
STARTCHAR uni1ED0
ENCODING 7888
SWIDTH 778 0
DWIDTH 22 0
BBX 21 32 2 0
BITMAP
0000E0
0001C0
0001C0
000380
000000
000700
000D80
0018C0
003060
000000
007F80
01FFE0
03FFF0
0FC3F0
1F00F8
1E0078
1E0078
3C0078
780078
780078
780078
780078
780078
F000F0
F000F0
F001E0
F001E0
F807C0
7E1F80
3FFF00
1FFE00
07F800
ENDCHAR
STARTCHAR uni1ED1
ENCODING 7889
SWIDTH 611 0
DWIDTH 18 0
BBX 17 26 2 0
BITMAP
000700
000E00
000E00
001C00
000000
003800
006C00
00C600
018300
000000
01F800
07FE00
1FFE00
3E1F00
3C0F00
780780
780780
F00F00
F00F00
F00F00
F00F00
F03E00
F87C00
7FF800
3FF000
0FC000
ENDCHAR
STARTCHAR uni1ED2
ENCODING 7890
SWIDTH 778 0
DWIDTH 22 0
BBX 21 32 2 0
BITMAP
000E00
000700
000700
000380
000000
000700
000D80
0018C0
003060
000000
007F80
01FFE0
03FFF0
0FC3F0
1F00F8
1E0078
1E0078
3C0078
780078
780078
780078
780078
780078
F000F0
F000F0
F001E0
F001E0
F807C0
7E1F80
3FFF00
1FFE00
07F800
ENDCHAR
STARTCHAR uni1ED3
ENCODING 7891
SWIDTH 611 0
DWIDTH 18 0
BBX 17 26 2 0
BITMAP
007000
003800
003800
001C00
000000
003800
006C00
00C600
018300
000000
01F800
07FE00
1FFE00
3E1F00
3C0F00
780780
780780
F00F00
F00F00
F00F00
F00F00
F03E00
F87C00
7FF800
3FF000
0FC000
ENDCHAR
STARTCHAR uni1ED6
ENCODING 7894
SWIDTH 778 0
DWIDTH 22 0
BBX 21 32 2 0
BITMAP
000718
000FF8
001FF0
0018E0
000000
000700
000D80
0018C0
003060
000000
007F80
01FFE0
03FFF0
0FC3F0
1F00F8
1E0078
1E0078
3C0078
780078
780078
780078
780078
780078
F000F0
F000F0
F001E0
F001E0
F807C0
7E1F80
3FFF00
1FFE00
07F800
ENDCHAR
STARTCHAR uni1ED7
ENCODING 7895
SWIDTH 611 0
DWIDTH 18 0
BBX 18 26 2 0
BITMAP
0038C0
007FC0
00FF80
00C700
000000
003800
006C00
00C600
018300
000000
01F800
07FE00
1FFE00
3E1F00
3C0F00
780780
780780
F00F00
F00F00
F00F00
F00F00
F03E00
F87C00
7FF800
3FF000
0FC000
ENDCHAR
STARTCHAR uni1ED8
ENCODING 7896
SWIDTH 778 0
DWIDTH 22 0
BBX 21 31 2 -4
BITMAP
000700
000D80
0018C0
003060
000000
007F80
01FFE0
03FFF0
0FC3F0
1F00F8
1E0078
1E0078
3C0078
780078
780078
780078
780078
780078
F000F0
F000F0
F001E0
F001E0
F807C0
7E1F80
3FFF00
1FFE00
07F800
000000
01C000
01C000
01C000
ENDCHAR
STARTCHAR uni1ED9
ENCODING 7897
SWIDTH 611 0
DWIDTH 18 0
BBX 17 25 2 -4
BITMAP
003800
006C00
00C600
018300
000000
01F800
07FE00
1FFE00
3E1F00
3C0F00
780780
780780
F00F00
F00F00
F00F00
F00F00
F03E00
F87C00
7FF800
3FF000
0FC000
000000
070000
070000
070000
ENDCHAR
STARTCHAR uni1EDA
ENCODING 7898
SWIDTH 778 0
DWIDTH 22 0
BBX 24 27 2 0
BITMAP
0001C0
000380
000380
000700
000007
007F87
01FFEE
03FFF8
0FC3F0
1F00F8
1E0078
1E0078
3C003C
780078
780078
780078
780078
780078
F000F0
F000F0
7801E0
7801E0
F807C0
7E1F80
3FFF00
1FFE00
07F800
ENDCHAR
STARTCHAR uni1EDB
ENCODING 7899
SWIDTH 611 0
DWIDTH 18 0
BBX 19 21 2 0
BITMAP
000E00
001C00
001C00
0038E0
0000E0
01F9C0
07FF00
1FFE00
3E1F00
3C0F00
780780
780780
F00F00
F00F00
F00F00
F00F00
F03C00
F87C00
7FF800
3FF000
0FC000
ENDCHAR
STARTCHAR uni1EDC
ENCODING 7900
SWIDTH 778 0
DWIDTH 22 0
BBX 24 27 2 0
BITMAP
001C00
000E00
000E00
000700
000007
007F87
01FFEE
03FFF8
0FC3F0
1F00F8
1E0078
1E0078
3C003C
780078
780078
780078
780078
780078
F000F0
F000F0
7801E0
7801E0
F807C0
7E1F80
3FFF00
1FFE00
07F800
ENDCHAR
STARTCHAR uni1EDD
ENCODING 7901
SWIDTH 611 0
DWIDTH 18 0
BBX 19 21 2 0
BITMAP
00E000
007000
007000
0038E0
0000E0
01F9C0
07FF00
1FFE00
3E1F00
3C0F00
780780
780780
F00F00
F00F00
F00F00
F00F00
F03C00
F87C00
7FF800
3FF000
0FC000
ENDCHAR
STARTCHAR uni1EE0
ENCODING 7904
SWIDTH 778 0
DWIDTH 22 0
BBX 24 27 2 0
BITMAP
001C60
003FE0
007FC0
006380
000007
007F87
01FFEE
03FFF8
0FC3F0
1F00F8
1E0078
1E0078
3C003C
780078
780078
780078
780078
780078
F000F0
F000F0
7801E0
7801E0
F807C0
7E1F80
3FFF00
1FFE00
07F800
ENDCHAR
STARTCHAR uni1EE1
ENCODING 7905
SWIDTH 611 0
DWIDTH 18 0
BBX 19 21 2 0
BITMAP
00E300
01FF00
03FE00
031CE0
0000E0
01F9C0
07FF00
1FFE00
3E1F00
3C0F00
780780
780780
F00F00
F00F00
F00F00
F00F00
F03C00
F87C00
7FF800
3FF000
0FC000
ENDCHAR
STARTCHAR uni1EE2
ENCODING 7906
SWIDTH 778 0
DWIDTH 22 0
BBX 24 27 2 -4
BITMAP
000007
007F87
01FFEE
03FFF8
0FC3F0
1F00F8
1E0078
1E0078
3C003C
780078
780078
780078
780078
780078
F000F0
F000F0
7801E0
7801E0
F807C0
7E1F80
3FFF00
1FFE00
07F800
000000
01C000
01C000
01C000
ENDCHAR
STARTCHAR uni1EE3
ENCODING 7907
SWIDTH 611 0
DWIDTH 18 0
BBX 19 22 2 -4
BITMAP
0000E0
0000E0
01F9C0
07FF00
1FFE00
3E1F00
3C0F00
780780
780780
F00F00
F00F00
F00F00
F00F00
F03C00
F87C00
7FF800
3FF000
0FC000
000000
070000
070000
070000
ENDCHAR
STARTCHAR uni1EE4
ENCODING 7908
SWIDTH 722 0
DWIDTH 21 0
BBX 20 26 3 -4
BITMAP
1E00F0
1E00F0
1E00F0
3C01E0
3C01E0
3C01E0
3C01E0
3C01E0
7803C0
7803C0
7803C0
7803C0
7803C0
F00780
F00780
F00780
F00780
F81F00
F83E00
FFFE00
7FFC00
1FF000
000000
070000
070000
070000
ENDCHAR
STARTCHAR uni1EE5
ENCODING 7909
SWIDTH 611 0
DWIDTH 18 0
BBX 17 20 2 -4
BITMAP
1E0780
1E0780
3C0F00
3C0F00
3C0F00
3C0F00
3C0F00
781E00
781E00
781E00
781E00
F03C00
F87C00
FFFC00
7FFC00
3F3C00
000000
070000
070000
070000
ENDCHAR
STARTCHAR uni1EE8
ENCODING 7912
SWIDTH 722 0
DWIDTH 23 0
BBX 25 27 2 0
BITMAP
00038000
00070000
00070000
000E0000
00000380
0F007B80
0F007F00
0F007800
1E00F000
1E00F000
1E00F000
1E00F000
1E00F000
3C01E000
3C01E000
3C01E000
3C01E000
3C01E000
7803C000
7803C000
7803C000
7803C000
F80F8000
7C1F0000
7FFF0000
3FFE0000
0FF80000
ENDCHAR
STARTCHAR uni1EE9
ENCODING 7913
SWIDTH 611 0
DWIDTH 20 0
BBX 21 21 2 0
BITMAP
000E00
001C00
001C00
003838
000038
1E07F0
1E0780
3C0F00
3C0F00
3C0F00
3C0F00
3C0F00
781E00
781E00
781E00
781E00
F03C00
F87C00
FFFC00
7FFC00
3F3C00
ENDCHAR
STARTCHAR uni1EEA
ENCODING 7914
SWIDTH 722 0
DWIDTH 23 0
BBX 25 27 2 0
BITMAP
00380000
001C0000
001C0000
000E0000
00000380
0F007B80
0F007F00
0F007800
1E00F000
1E00F000
1E00F000
1E00F000
1E00F000
3C01E000
3C01E000
3C01E000
3C01E000
3C01E000
7803C000
7803C000
7803C000
7803C000
F80F8000
7C1F0000
7FFF0000
3FFE0000
0FF80000
ENDCHAR
STARTCHAR uni1EEB
ENCODING 7915
SWIDTH 611 0
DWIDTH 20 0
BBX 21 21 2 0
BITMAP
00E000
007000
007000
003838
000038
1E07F0
1E0780
3C0F00
3C0F00
3C0F00
3C0F00
3C0F00
781E00
781E00
781E00
781E00
F03C00
F87C00
FFFC00
7FFC00
3F3C00
ENDCHAR
STARTCHAR uni1EEE
ENCODING 7918
SWIDTH 722 0
DWIDTH 23 0
BBX 25 27 2 0
BITMAP
001C6000
003FE000
007FC000
00638000
00000380
0F007B80
0F007F00
0F007800
1E00F000
1E00F000
1E00F000
1E00F000
1E00F000
3C01E000
3C01E000
3C01E000
3C01E000
3C01E000
7803C000
7803C000
7803C000
7803C000
F80F8000
7C1F0000
7FFF0000
3FFE0000
0FF80000
ENDCHAR
STARTCHAR uni1EEF
ENCODING 7919
SWIDTH 611 0
DWIDTH 20 0
BBX 21 21 2 0
BITMAP
00E300
01FF00
03FE00
031C38
000038
1E07F0
1E0780
3C0F00
3C0F00
3C0F00
3C0F00
3C0F00
781E00
781E00
781E00
781E00
F03C00
F87C00
FFFC00
7FFC00
3F3C00
ENDCHAR
STARTCHAR uni1EF0
ENCODING 7920
SWIDTH 722 0
DWIDTH 23 0
BBX 25 27 2 -4
BITMAP
00000380
0F007B80
0F007F00
0F007800
1E00F000
1E00F000
1E00F000
1E00F000
1E00F000
3C01E000
3C01E000
3C01E000
3C01E000
3C01E000
7803C000
7803C000
7803C000
7803C000
F80F8000
7C1F0000
7FFF0000
3FFE0000
0FF80000
00000000
03800000
03800000
03800000
ENDCHAR
STARTCHAR uni1EF1
ENCODING 7921
SWIDTH 611 0
DWIDTH 20 0
BBX 21 22 2 -4
BITMAP
000038
000038
1E07F0
1E0780
3C0F00
3C0F00
3C0F00
3C0F00
3C0F00
781E00
781E00
781E00
781E00
F03C00
F87C00
FFFC00
7FFC00
3F3C00
000000
070000
070000
070000
ENDCHAR
STARTCHAR Ygrave
ENCODING 7922
SWIDTH 667 0
DWIDTH 19 0
BBX 18 27 5 0
BITMAP
01C000
00E000
00E000
007000
000000
F807C0
F80F80
7C0F80
7C1F00
7C1F00
7C3E00
3E7C00
3E7C00
3EF000
1FE000
1FE000
07C000
07C000
0F0000
0F0000
0F0000
0F0000
1E0000
1E0000
1E0000
1E0000
1E0000
ENDCHAR
STARTCHAR ygrave
ENCODING 7923
SWIDTH 556 0
DWIDTH 16 0
BBX 17 27 1 -6
BITMAP
00E000
007000
007000
003800
000000
1E0780
1E0780
1E0F00
1E0F00
0F1E00
0F1E00
0F3C00
0F3C00
0F7800
0F7800
0F7000
0FF000
0FC000
07C000
03C000
078000
0F0000
1E0000
1E0000
7E0000
FC0000
F80000
ENDCHAR
STARTCHAR uni1EF4
ENCODING 7924
SWIDTH 667 0
DWIDTH 19 0
BBX 18 26 5 -4
BITMAP
F807C0
F80F80
7C0F80
7C1F00
7C1F00
7C3E00
3E7C00
3E7C00
3EF000
1FE000
1FE000
07C000
07C000
0F0000
0F0000
0F0000
0F0000
1E0000
1E0000
1E0000
1E0000
1E0000
000000
1C0000
1C0000
1C0000
ENDCHAR
STARTCHAR uni1EF5
ENCODING 7925
SWIDTH 556 0
DWIDTH 16 0
BBX 17 26 1 -10
BITMAP
1E0780
1E0780
1E0F00
1E0F00
0F1E00
0F1E00
0F3C00
0F3C00
0F7800
0F7800
0F7000
0FF000
0FC000
07C000
03C000
078000
0F0000
1E0000
1E0000
7E0000
FC0000
F80000
000000
380000
380000
380000
ENDCHAR
STARTCHAR uni1EF8
ENCODING 7928
SWIDTH 667 0
DWIDTH 19 0
BBX 18 27 5 0
BITMAP
01C600
03FE00
07FC00
063800
000000
F807C0
F80F80
7C0F80
7C1F00
7C1F00
7C3E00
3E7C00
3E7C00
3EF000
1FE000
1FE000
07C000
07C000
0F0000
0F0000
0F0000
0F0000
1E0000
1E0000
1E0000
1E0000
1E0000
ENDCHAR
STARTCHAR uni1EF9
ENCODING 7929
SWIDTH 556 0
DWIDTH 16 0
BBX 17 27 1 -6
BITMAP
00E300
01FF00
03FE00
031C00
000000
1E0780
1E0780
1E0F00
1E0F00
0F1E00
0F1E00
0F3C00
0F3C00
0F7800
0F7800
0F7000
0FF000
0FC000
07C000
03C000
078000
0F0000
1E0000
1E0000
7E0000
FC0000
F80000
ENDCHAR
STARTCHAR uni2000
ENCODING 8192
SWIDTH 500 0
DWIDTH 14 0
BBX 1 1 0 0
BITMAP
00
ENDCHAR
STARTCHAR uni2001
ENCODING 8193
SWIDTH 1000 0
DWIDTH 29 0
BBX 1 1 0 0
BITMAP
00
ENDCHAR
STARTCHAR uni2002
ENCODING 8194
SWIDTH 500 0
DWIDTH 14 0
BBX 1 1 0 0
BITMAP
00
ENDCHAR
STARTCHAR uni2003
ENCODING 8195
SWIDTH 1000 0
DWIDTH 29 0
BBX 1 1 0 0
BITMAP
00
ENDCHAR
STARTCHAR uni2004
ENCODING 8196
SWIDTH 333 0
DWIDTH 9 0
BBX 1 1 0 0
BITMAP
00
ENDCHAR
STARTCHAR uni2005
ENCODING 8197
SWIDTH 250 0
DWIDTH 7 0
BBX 1 1 0 0
BITMAP
00
ENDCHAR
STARTCHAR uni2006
ENCODING 8198
SWIDTH 167 0
DWIDTH 5 0
BBX 1 1 0 0
BITMAP
00
ENDCHAR
STARTCHAR uni2007
ENCODING 8199
SWIDTH 556 0
DWIDTH 16 0
BBX 1 1 0 0
BITMAP
00
ENDCHAR
STARTCHAR uni2008
ENCODING 8200
SWIDTH 278 0
DWIDTH 8 0
BBX 1 1 0 0
BITMAP
00
ENDCHAR
STARTCHAR uni2009
ENCODING 8201
SWIDTH 200 0
DWIDTH 6 0
BBX 1 1 0 0
BITMAP
00
ENDCHAR
STARTCHAR uni200A
ENCODING 8202
SWIDTH 100 0
DWIDTH 3 0
BBX 1 1 0 0
BITMAP
00
ENDCHAR
STARTCHAR uni200B
ENCODING 8203
SWIDTH 0 0
DWIDTH 0 0
BBX 1 1 0 0
BITMAP
00
ENDCHAR
STARTCHAR uni2010
ENCODING 8208
SWIDTH 333 0
DWIDTH 9 0
BBX 9 4 1 7
BITMAP
7F80
7F80
FF00
FF00
ENDCHAR
STARTCHAR uni2011
ENCODING 8209
SWIDTH 333 0
DWIDTH 9 0
BBX 9 4 1 7
BITMAP
7F80
7F80
FF00
FF00
ENDCHAR
STARTCHAR figuredash
ENCODING 8210
SWIDTH 556 0
DWIDTH 16 0
BBX 17 3 1 7
BITMAP
7FFF80
FFFF00
FFFF00
ENDCHAR
STARTCHAR endash
ENCODING 8211
SWIDTH 556 0
DWIDTH 16 0
BBX 17 3 1 7
BITMAP
7FFF80
FFFF00
FFFF00
ENDCHAR
STARTCHAR emdash
ENCODING 8212
SWIDTH 1000 0
DWIDTH 29 0
BBX 30 3 1 7
BITMAP
7FFFFFFC
FFFFFFF8
FFFFFFF8
ENDCHAR
STARTCHAR afii00208
ENCODING 8213
SWIDTH 1000 0
DWIDTH 29 0
BBX 30 3 1 7
BITMAP
7FFFFFFC
FFFFFFF8
FFFFFFF8
ENDCHAR
STARTCHAR quoteleft
ENCODING 8216
SWIDTH 278 0
DWIDTH 8 0
BBX 5 7 5 15
BITMAP
18
30
60
F0
F0
F0
F0
ENDCHAR
STARTCHAR quoteright
ENCODING 8217
SWIDTH 278 0
DWIDTH 8 0
BBX 5 7 5 15
BITMAP
78
78
78
78
30
60
C0
ENDCHAR
STARTCHAR quotesinglbase
ENCODING 8218
SWIDTH 278 0
DWIDTH 8 0
BBX 5 7 1 -3
BITMAP
78
78
78
78
30
60
C0
ENDCHAR
STARTCHAR quotereversed
ENCODING 8219
SWIDTH 278 0
DWIDTH 8 0
BBX 5 7 5 15
BITMAP
78
78
78
78
C0
60
30
ENDCHAR
STARTCHAR quotedblleft
ENCODING 8220
SWIDTH 500 0
DWIDTH 14 0
BBX 12 7 5 15
BITMAP
1830
3060
60C0
F1E0
F1E0
F1E0
F1E0
ENDCHAR
STARTCHAR quotedblright
ENCODING 8221
SWIDTH 500 0
DWIDTH 14 0
BBX 12 7 5 15
BITMAP
78F0
78F0
78F0
78F0
3060
60C0
C180
ENDCHAR
STARTCHAR quotedblbase
ENCODING 8222
SWIDTH 500 0
DWIDTH 14 0
BBX 12 7 1 -3
BITMAP
78F0
78F0
78F0
78F0
3060
60C0
C180
ENDCHAR
STARTCHAR uni201F
ENCODING 8223
SWIDTH 500 0
DWIDTH 14 0
BBX 12 7 5 15
BITMAP
78F0
78F0
78F0
78F0
C180
60C0
3060
ENDCHAR
STARTCHAR dagger
ENCODING 8224
SWIDTH 556 0
DWIDTH 16 0
BBX 15 28 3 -6
BITMAP
01E0
01E0
01E0
03C0
03C0
03C0
01C0
7DFE
FFFC
FFFC
0780
0780
0780
0F00
0F00
0F00
0F00
1E00
1E00
1E00
1E00
1E00
3C00
3C00
3C00
3C00
3C00
3C00
ENDCHAR
STARTCHAR daggerdbl
ENCODING 8225
SWIDTH 556 0
DWIDTH 16 0
BBX 17 28 1 -6
BITMAP
007800
007800
007800
00F000
00F000
00F000
00F000
1FFF80
3FFF00
3DFF00
01C000
01E000
01E000
03C000
03C000
03C000
03C000
030000
FFFC00
FFFC00
FFFC00
078000
0F0000
0F0000
0F0000
0F0000
0F0000
0F0000
ENDCHAR
STARTCHAR bullet
ENCODING 8226
SWIDTH 350 0
DWIDTH 10 0
BBX 8 8 3 5
BITMAP
1E
3F
FF
FF
FF
FF
FC
78
ENDCHAR
STARTCHAR ellipsis
ENCODING 8230
SWIDTH 1000 0
DWIDTH 29 0
BBX 22 4 3 0
BITMAP
F0783C
F0783C
F0783C
F0783C
ENDCHAR
STARTCHAR perthousand
ENCODING 8240
SWIDTH 1000 0
DWIDTH 29 0
BBX 28 22 2 0
BITMAP
0F818000
1FC30000
38E30000
60CC0000
60CC0000
71D80000
3F980000
1F300000
00600000
00C00000
00C00000
01800000
01800000
06000000
063E07C0
0C7F0FE0
0CE39C70
31833060
31833060
61C738E0
60FE1FC0
C07C0F80
ENDCHAR
STARTCHAR guilsinglleft
ENCODING 8249
SWIDTH 333 0
DWIDTH 9 0
BBX 6 11 3 3
BITMAP
04
0C
1C
78
70
C0
E0
F0
38
30
10
ENDCHAR
STARTCHAR guilsinglright
ENCODING 8250
SWIDTH 333 0
DWIDTH 9 0
BBX 7 11 2 3
BITMAP
20
30
38
1E
0E
0C
1C
3C
70
C0
80
ENDCHAR
STARTCHAR fraction
ENCODING 8260
SWIDTH 167 0
DWIDTH 5 0
BBX 19 22 -5 0
BITMAP
0000E0
0001C0
000380
000300
000600
000E00
001C00
001800
003000
007000
00E000
00C000
018000
038000
070000
060000
0C0000
1C0000
380000
300000
600000
E00000
ENDCHAR
STARTCHAR oneinferior
ENCODING 8321
SWIDTH 333 0
DWIDTH 9 0
BBX 7 13 1 -6
BITMAP
06
0E
1E
FC
FC
1C
1C
1C
38
38
38
38
38
ENDCHAR
STARTCHAR twoinferior
ENCODING 8322
SWIDTH 333 0
DWIDTH 9 0
BBX 10 13 -1 -6
BITMAP
0F80
1FC0
3DC0
71C0
71C0
71C0
03C0
0780
1C00
3800
7000
FF80
FF80
ENDCHAR
STARTCHAR threeinferior
ENCODING 8323
SWIDTH 333 0
DWIDTH 9 0
BBX 10 13 -1 -6
BITMAP
0F80
3FC0
39C0
71C0
61C0
61C0
0F00
0FC0
0380
C380
E380
FF00
3E00
ENDCHAR
STARTCHAR uni20A5
ENCODING 8357
SWIDTH 889 0
DWIDTH 26 0
BBX 24 22 2 -3
BITMAP
0000C0
0000C0
000180
1EFDFE
1FFFFF
3FFFFF
3E3F1F
3C1E0F
3C1E0F
3C1E0F
783C1E
783C1E
783C1E
783C1E
F0783C
F0783C
F0F83C
F0F83C
F1F83C
018000
030000
030000
ENDCHAR
STARTCHAR uni20A6
ENCODING 8358
SWIDTH 722 0
DWIDTH 21 0
BBX 21 22 2 0
BITMAP
0F0078
0F8078
0F8078
1E00F0
1F00F0
1F80F0
1FE0F0
1EFFF0
3DE1E0
3CF1E0
3CF1E0
3C79E0
3FFFE0
787BC0
781BC0
781FC0
780FC0
F01F80
F00780
F00780
F00F80
F00780
ENDCHAR
STARTCHAR uni20A9
ENCODING 8361
SWIDTH 944 0
DWIDTH 27 0
BBX 27 22 3 0
BITMAP
3C0F81E0
3C0F81E0
3C0F03C0
3C1E03C0
3C3F0780
3C3F0780
3C3F8780
7FFBFFC0
3C3B8F00
3C738F00
3C739E00
3CE39E00
FFFFFF80
3DC3BC00
3F03F800
3F01F800
3C03F000
3E03E000
3E03E000
1E03C000
1E03C000
1E03C000
ENDCHAR
STARTCHAR Euro
ENCODING 8364
SWIDTH 722 0
DWIDTH 21 0
BBX 18 22 4 0
BITMAP
003F00
00FFC0
01FFC0
07C780
0F8100
0F0100
0F0000
1F0000
7FFC00
FFFC00
380000
380000
7FF800
FFF000
3C0000
3C0000
3C0000
3C0800
3E1800
3FF800
1FF800
07F800
ENDCHAR
STARTCHAR uni20AD
ENCODING 8365
SWIDTH 722 0
DWIDTH 21 0
BBX 21 22 2 0
BITMAP
0F00F8
0F01F0
0F03E0
1E07C0
1E0F80
1E3E00
1E7C00
1EF800
3DF000
3FE000
3FFFF0
3FF800
3C7C00
787C00
783E00
783E00
781F00
F01F00
F00F80
F00F80
F007C0
F007C0
ENDCHAR
STARTCHAR uni2103
ENCODING 8451
SWIDTH 1102 0
DWIDTH 32 0
BBX 28 22 4 0
BITMAP
0E007F00
3F81FFE0
6183FFF0
C18F83E0
C19F01F0
C19E00F0
C31E00F0
FE3C0000
38780000
00780000
00780000
00780000
00780000
00F00000
00F003C0
00F003C0
00F007C0
00F80F80
007C1F00
003FFE00
001FFC00
0007F000
ENDCHAR
STARTCHAR uni2109
ENCODING 8457
SWIDTH 991 0
DWIDTH 29 0
BBX 26 22 4 0
BITMAP
0E1FFFC0
3F9FFFC0
619FFFC0
C1BC0000
C1BC0000
C1BC0000
C33C0000
FE3C0000
38780000
007FFE00
007FFE00
007FFE00
00780000
00F00000
00F00000
00F00000
00F00000
01E00000
01E00000
01E00000
01E00000
01E00000
ENDCHAR
STARTCHAR trademark
ENCODING 8482
SWIDTH 1000 0
DWIDTH 29 0
BBX 25 13 6 9
BITMAP
FFEF0780
FFEF8F80
0E0F8F80
1C1F1F00
1C1F1F00
1C1D1700
1C1DB700
1C1DB700
383B6E00
383B6E00
3839CE00
3839CE00
3839CE00
ENDCHAR
STARTCHAR uni212A
ENCODING 8490
SWIDTH 722 0
DWIDTH 21 0
BBX 21 22 2 0
BITMAP
0F00F8
0F01F0
0F03E0
1E07C0
1E0F80
1E3E00
1E7C00
1EF800
3DF000
3FE000
3FF800
3FF800
3C7C00
787C00
783E00
783E00
781F00
F01F00
F00F80
F00F80
F007C0
F007C0
ENDCHAR
STARTCHAR uni212B
ENCODING 8491
SWIDTH 722 0
DWIDTH 21 0
BBX 19 28 1 0
BITMAP
000700
000D80
000880
000D80
000700
000000
001F00
001F00
003F00
007F00
007700
00F780
00F780
00F780
01E780
01E780
03C780
03C3C0
0783C0
0783C0
0FFFC0
1FFFC0
1FFFC0
3C03C0
3C01E0
7801E0
7801E0
F001E0
ENDCHAR
STARTCHAR uni2132
ENCODING 8498
SWIDTH 611 0
DWIDTH 18 0
BBX 19 22 2 0
BITMAP
0001E0
0001E0
0001E0
0001E0
0001E0
0003C0
0003C0
0003C0
0003C0
000780
1FFF80
1FFF80
1FFF80
000780
000F00
000F00
000F00
000F00
000F00
FFFE00
FFFE00
FFFE00
ENDCHAR
STARTCHAR minus
ENCODING 8722
SWIDTH 584 0
DWIDTH 17 0
BBX 15 3 2 6
BITMAP
FFFE
FFFE
FFFE
ENDCHAR
STARTCHAR fraction
ENCODING 8725
SWIDTH 167 0
DWIDTH 5 0
BBX 19 22 -5 0
BITMAP
0000E0
0001C0
000380
000300
000600
000E00
001C00
001800
003000
007000
00E000
00C000
018000
038000
070000
060000
0C0000
1C0000
380000
300000
600000
E00000
ENDCHAR
STARTCHAR periodcentered
ENCODING 8729
SWIDTH 278 0
DWIDTH 8 0
BBX 4 3 3 7
BITMAP
F0
F0
F0
ENDCHAR
STARTCHAR uni2236
ENCODING 8758
SWIDTH 333 0
DWIDTH 9 0
BBX 7 16 3 0
BITMAP
1E
1E
1E
1E
00
00
00
00
00
00
00
00
F0
F0
F0
F0
ENDCHAR
STARTCHAR uni2259
ENCODING 8793
SWIDTH 584 0
DWIDTH 17 0
BBX 17 16 1 2
BITMAP
007000
00D800
018C00
030600
000000
3FFF80
3FFF80
3FFF80
000000
000000
000000
000000
000000
FFFE00
FFFE00
FFFE00
ENDCHAR
STARTCHAR uni225A
ENCODING 8794
SWIDTH 584 0
DWIDTH 17 0
BBX 17 16 1 2
BITMAP
038E00
01DC00
00F800
007000
000000
3FFF80
3FFF80
3FFF80
000000
000000
000000
000000
000000
FFFE00
FFFE00
FFFE00
ENDCHAR
STARTCHAR notequal
ENCODING 8800
SWIDTH 584 0
DWIDTH 17 0
BBX 17 19 1 -2
BITMAP
000C00
000C00
001800
001800
3FFF80
3FFF80
3FFF80
006000
00C000
00C000
018000
018000
FFFE00
FFFE00
FFFE00
060000
0C0000
0C0000
180000
ENDCHAR
STARTCHAR equivalence
ENCODING 8801
SWIDTH 584 0
DWIDTH 17 0
BBX 19 19 1 2
BITMAP
0FFFE0
0FFFE0
0FFFE0
000000
000000
000000
000000
000000
3FFF80
3FFF80
3FFF80
000000
000000
000000
000000
000000
FFFE00
FFFE00
FFFE00
ENDCHAR
STARTCHAR uni2262
ENCODING 8802
SWIDTH 584 0
DWIDTH 17 0
BBX 19 23 1 -2
BITMAP
0FFFE0
0FFFE0
0FFFE0
001800
001800
003000
003000
006000
3FFF80
3FFF80
3FFF80
018000
018000
030000
030000
060000
FFFE00
FFFE00
FFFE00
180000
180000
300000
300000
ENDCHAR
STARTCHAR lessequal
ENCODING 8804
SWIDTH 584 0
DWIDTH 17 0
BBX 18 19 1 0
BITMAP
000040
000380
001F80
00FF00
03F800
1FE000
3E0000
3C0000
3E0000
3FC000
0FE000
03FC00
007E00
000E00
000200
000000
FFFC00
FFFC00
FFFC00
ENDCHAR
STARTCHAR greaterequal
ENCODING 8805
SWIDTH 584 0
DWIDTH 17 0
BBX 17 19 1 0
BITMAP
080000
1C0000
1F8000
0FF000
01FC00
007F80
001F00
000F00
001F00
00FF00
07F000
3FC000
7E0000
700000
400000
000000
FFFC00
FFFC00
FFFC00
ENDCHAR
STARTCHAR uni226E
ENCODING 8814
SWIDTH 584 0
DWIDTH 17 0
BBX 16 22 2 -3
BITMAP
0018
0018
0030
0030
0061
006E
00FE
03FC
0FE0
7F80
FB00
F300
FE00
FF00
3F80
0FF0
19F8
1838
3008
3000
6000
6000
ENDCHAR
STARTCHAR uni226F
ENCODING 8815
SWIDTH 584 0
DWIDTH 17 0
BBX 16 22 1 -3
BITMAP
000C
000C
0018
0018
1030
3830
3F60
1FE0
03F8
00FF
01BE
019E
033E
03FE
0FE0
7F80
FC00
EC00
9800
1800
3000
3000
ENDCHAR
STARTCHAR uni2270
ENCODING 8816
SWIDTH 584 0
DWIDTH 17 0
BBX 17 23 1 -4
BITMAP
000080
001B80
001F80
00FF00
03F800
3FE000
3E6000
3CC000
3EC000
3FC000
0FE000
03FC00
037E00
060E00
060400
0C0000
FFFC00
FFFC00
FFFC00
300000
300000
600000
600000
ENDCHAR
STARTCHAR uni2271
ENCODING 8817
SWIDTH 584 0
DWIDTH 17 0
BBX 16 23 1 -4
BITMAP
1000
1C18
1F98
0FF0
01FC
00FF
007F
00CF
00DF
01FF
07F0
3FC0
7F00
7600
8600
0C00
FFFC
FFFC
FFFC
3000
3000
6000
6000
ENDCHAR
ENDFONT
