/**
 * generated by fontconvert.py
 * name: helvetica_8_italic
 * size: 8
 * mode: 2-bit  compressed: true
 * Command used: fontconvert.py helvetica_8_italic 8 ../../../x11/font-adobe-100dpi-1.0.4/helvO12.bdf ../../../x11/unifont-18.0.01.bdf --2bit --compress --zopfli
 */
#pragma once
#include "EpdFontData.h"

static const uint8_t helvetica_8_italicBitmaps[10847] = {
    0x9D, 0x58, 0xCF, 0xAA, 0xEC, 0x2E, 0x13, 0x2C, 0xA8, 0x6D, 0x81, 0xAF, 0xD2, 0x90, 0x6D, 0xC0,
    0x57, 0x2F, 0x70, 0x1B, 0x98, 0x57, 0x11, 0x66, 0x2B, 0xE4, 0xD3, 0x18, 0xF9, 0xCD, 0x19, 0xCE,
    0xBD, 0x97, 0x7C, 0xE9, 0xF2, 0xF4, 0x38, 0x5A, 0xF6, 0x3F, 0xD3, 0x07, 0xE6, 0x38, 0x0E, 0x00,
    0x86, 0x7E, 0xFD, 0x7B, 0xCC, 0x07, 0x00, 0x0D, 0x60, 0xE9, 0x54, 0x4A, 0xAA, 0xDA, 0x94, 0xB4,
    0x9D, 0x3E, 0x36, 0x65, 0x96, 0xF4, 0xB9, 0xBE, 0xF4, 0xD6, 0x9F, 0x5F, 0xF9, 0xAF, 0x63, 0xAB,
    0x54, 0x24, 0xB2, 0xB8, 0x28, 0x32, 0xB5, 0x3D, 0xE1, 0xE7, 0x9B, 0x9F, 0x0B, 0xCB, 0xD4, 0x0F,
    0xF9, 0xE5, 0x75, 0x56, 0x85, 0xF3, 0x11, 0xE5, 0xD2, 0xC5, 0xE5, 0x11, 0xFF, 0x88, 0xF7, 0x88,
    0x3F, 0xBF, 0xB6, 0x54, 0xF5, 0xDE, 0xFB, 0xFC, 0x7C, 0x14, 0x3F, 0xBB, 0xFF, 0x87, 0xBA, 0xFD,
    0xC4, 0xA1, 0xA3, 0x1C, 0xCF, 0xFC, 0x4F, 0xEF, 0xCE, 0xE3, 0xA7, 0x7E, 0x64, 0x9F, 0x2D, 0x95,
    0xC2, 0x18, 0x9A, 0x85, 0x30, 0x5B, 0xE6, 0x13, 0xBE, 0x74, 0x96, 0x43, 0x42, 0x6A, 0xE2, 0xD0,
    0x92, 0x9E, 0xF1, 0xD1, 0xF9, 0xF0, 0xD2, 0x48, 0xCD, 0x8F, 0xED, 0x2F, 0xBB, 0x25, 0x04, 0xF8,
    0x99, 0xFD, 0xD4, 0x96, 0xDD, 0xE5, 0x87, 0xF9, 0x2C, 0x7F, 0x27, 0x3B, 0xCF, 0xC2, 0xD0, 0x05,
    0x6C, 0x2E, 0xCF, 0xF8, 0xF9, 0xE2, 0xB3, 0x76, 0x9E, 0xEC, 0x54, 0xF3, 0x53, 0xFB, 0xE5, 0x80,
    0xC0, 0x2A, 0x5A, 0x42, 0xAA, 0xE7, 0x23, 0xFB, 0xA9, 0xF0, 0x7D, 0x6C, 0x84, 0xB6, 0xA9, 0x53,
    0x79, 0xBF, 0x9F, 0xF0, 0x33, 0x5D, 0xEA, 0x41, 0xC7, 0x81, 0xAE, 0xE1, 0xCC, 0xF2, 0x90, 0x5F,
    0x06, 0x2F, 0x26, 0x9F, 0xF8, 0xFF, 0xF9, 0xBC, 0xF4, 0x98, 0x3F, 0xE3, 0x7B, 0xEB, 0xBC, 0xDA,
    0xF9, 0x5D, 0xB3, 0x8E, 0xF9, 0x13, 0x7E, 0x94, 0x92, 0xDA, 0xB1, 0xC5, 0x7E, 0x6C, 0xE5, 0xFD,
    0x7A, 0x47, 0x1C, 0xDB, 0xB3, 0xFE, 0x17, 0xA3, 0x6F, 0x94, 0x23, 0x91, 0xD9, 0x85, 0xCA, 0x64,
    0x7A, 0xD6, 0xFF, 0x5E, 0x77, 0xDF, 0x4B, 0x4B, 0x3F, 0xAB, 0x7F, 0xD2, 0x56, 0xE3, 0x15, 0x91,
    0x8F, 0x77, 0x8D, 0x23, 0x52, 0x1C, 0xDB, 0x23, 0x7E, 0x73, 0x39, 0xF0, 0x76, 0x6A, 0x47, 0xD7,
    0xEE, 0xDA, 0xCF, 0xEC, 0x1F, 0xDB, 0xFB, 0xFE, 0xFF, 0xF1, 0xF6, 0xB1, 0xE9, 0x71, 0xFD, 0x4B,
    0x3D, 0xAB, 0xD8, 0x75, 0x61, 0xC5, 0x86, 0xFC, 0xF2, 0xF9, 0xF4, 0xFD, 0x2B, 0x70, 0xD7, 0x7B,
    0xD7, 0xEC, 0xD2, 0xF8, 0x84, 0x8F, 0xC5, 0xDF, 0x3B, 0x5F, 0x04, 0xDA, 0x33, 0x3E, 0x6B, 0xE7,
    0xCB, 0x5D, 0x77, 0x7E, 0x10, 0xD4, 0x43, 0xBE, 0x6E, 0xBE, 0x6E, 0xFB, 0xF5, 0xCF, 0x7C, 0x90,
    0x94, 0x14, 0x11, 0xB0, 0x15, 0x7B, 0x0D, 0x17, 0xE0, 0x02, 0x35, 0x90, 0x4F, 0x53, 0x50, 0xE0,
    0x3C, 0xA1, 0x18, 0x08, 0x0F, 0x40, 0x60, 0x83, 0x36, 0x44, 0x78, 0xC0, 0x48, 0x06, 0xDA, 0x20,
    0x16, 0x0E, 0x6C, 0x42, 0xAA, 0x10, 0x90, 0xE0, 0xB0, 0x7D, 0x7D, 0xBF, 0x0B, 0x88, 0x0B, 0xAE,
    0xA4, 0xA8, 0x61, 0x5B, 0x34, 0x32, 0x60, 0x0F, 0x14, 0xA0, 0x21, 0x19, 0x11, 0x17, 0x2D, 0xC1,
    0x82, 0x37, 0x64, 0x7B, 0xDF, 0xC3, 0x30, 0xA1, 0x2E, 0xD1, 0xC5, 0x1F, 0x32, 0xE6, 0xEA, 0xC2,
    0x2E, 0x9F, 0x0B, 0xC4, 0xDA, 0x6F, 0x08, 0x87, 0x33, 0x76, 0x14, 0x20, 0x16, 0x8C, 0xF3, 0x34,
    0x0C, 0xE2, 0x86, 0x14, 0x3E, 0xED, 0x65, 0x62, 0x9D, 0xB0, 0xA6, 0x68, 0xA4, 0xBA, 0x44, 0x17,
    0xAB, 0x4B, 0x74, 0x71, 0x06, 0x99, 0xDA, 0x95, 0x45, 0xDB, 0x68, 0xE0, 0xE0, 0x18, 0x13, 0x04,
    0x76, 0xD0, 0xD0, 0x6D, 0x71, 0x64, 0x92, 0x4D, 0x8C, 0xEB, 0x68, 0x56, 0x68, 0x88, 0xE5, 0xC8,
    0xBE, 0xF6, 0x19, 0xE1, 0xBB, 0x04, 0x84, 0x84, 0x50, 0xA7, 0x2C, 0x7E, 0xC7, 0xE9, 0xDB, 0x57,
    0x20, 0x55, 0x84, 0x00, 0xDE, 0xB0, 0xE0, 0x40, 0x5E, 0x7E, 0x8E, 0x8F, 0x35, 0xAC, 0x29, 0x11,
    0xC9, 0xF9, 0x04, 0x21, 0xC4, 0x77, 0x1E, 0x71, 0xDE, 0xEC, 0x01, 0x82, 0xED, 0xB2, 0x4B, 0x78,
    0x42, 0xC8, 0x15, 0xAC, 0x52, 0x70, 0x8A, 0xD2, 0xD8, 0x32, 0x63, 0x97, 0x00, 0x00, 0x36, 0x86,
    0xAC, 0x67, 0xA5, 0x1D, 0x40, 0x45, 0x06, 0x8D, 0x1D, 0x30, 0xC6, 0x5F, 0x56, 0x20, 0x21, 0xAF,
    0x77, 0xF2, 0x3C, 0x91, 0x00, 0x34, 0x80, 0x06, 0x62, 0x6E, 0x4D, 0xC6, 0xD8, 0x55, 0x43, 0xEE,
    0x82, 0xA0, 0xA7, 0xB3, 0x98, 0x46, 0x52, 0x03, 0xEA, 0x2C, 0xB6, 0x52, 0x75, 0x44, 0x78, 0x48,
    0x81, 0xFB, 0xE8, 0xC2, 0x82, 0x68, 0x3B, 0x02, 0x40, 0x42, 0x05, 0x4E, 0x00, 0x34, 0xB4, 0xB2,
    0xEB, 0x8E, 0x20, 0x22, 0x9D, 0x55, 0x88, 0xB8, 0x60, 0x04, 0xCF, 0x4A, 0xA8, 0x43, 0x03, 0x7D,
    0xD5, 0x01, 0xAF, 0xD5, 0x0E, 0x9F, 0x27, 0x90, 0x4D, 0x87, 0xA0, 0x18, 0x80, 0x17, 0xE6, 0x86,
    0x48, 0x48, 0x15, 0x3C, 0x4D, 0x04, 0x21, 0x2D, 0x04, 0xB4, 0xCE, 0xB1, 0x13, 0xCE, 0xB1, 0xA7,
    0xAD, 0x32, 0x0E, 0x5C, 0xB6, 0x30, 0xE1, 0x75, 0x4D, 0xFE, 0xB9, 0xC7, 0xF8, 0xCD, 0x9F, 0xD4,
    0x56, 0x9C, 0x11, 0x1C, 0x33, 0x82, 0x13, 0xD3, 0x99, 0x74, 0xB6, 0xF8, 0x2F, 0x6A, 0x4F, 0x70,
    0x35, 0x02, 0xDB, 0xE0, 0x25, 0x5A, 0x77, 0xC4, 0x61, 0xDB, 0x19, 0x84, 0x88, 0x20, 0x3D, 0x43,
    0x4A, 0xC6, 0x3E, 0x4F, 0x11, 0xCC, 0x0B, 0xF0, 0x4F, 0xEA, 0xBA, 0x60, 0x67, 0xA3, 0x97, 0xE8,
    0x96, 0xE8, 0x63, 0x43, 0xB8, 0x20, 0xA2, 0x8F, 0x8D, 0xF0, 0x26, 0x78, 0x9F, 0x83, 0xE6, 0x84,
    0x2C, 0xC5, 0x40, 0xF4, 0x47, 0x03, 0x96, 0xCD, 0x81, 0x9F, 0xB1, 0xCB, 0x37, 0xE2, 0xB3, 0x16,
    0x5F, 0x35, 0xFD, 0x77, 0x0E, 0x3F, 0xCF, 0x89, 0xB0, 0xAE, 0x73, 0xDE, 0x00, 0xFC, 0xDB, 0x51,
    0xDF, 0x69, 0xC4, 0x3A, 0xEA, 0x02, 0x68, 0x20, 0x03, 0x6B, 0x35, 0x88, 0xD4, 0xEE, 0x9E, 0xF3,
    0xA3, 0xED, 0x2C, 0xC4, 0x82, 0xA0, 0x89, 0x6F, 0x13, 0x44, 0x47, 0x08, 0xA9, 0x62, 0x4D, 0x61,
    0x21, 0x3E, 0xEF, 0xB1, 0x91, 0xD6, 0x81, 0x26, 0xE4, 0x84, 0xB8, 0xC6, 0x06, 0x5F, 0xA3, 0xF0,
    0x4A, 0xFB, 0x86, 0xE3, 0x1A, 0x3B, 0xEA, 0x18, 0x77, 0x97, 0x14, 0x07, 0xE2, 0x6E, 0xC6, 0x3B,
    0x50, 0x41, 0x7D, 0xF4, 0x03, 0xF8, 0x4E, 0x2F, 0x71, 0xA7, 0xEC, 0xB7, 0x40, 0x78, 0x9E, 0x2B,
    0x20, 0x83, 0xBF, 0x7C, 0x1C, 0x49, 0x68, 0x7F, 0xBE, 0x30, 0x0D, 0xB6, 0x23, 0x42, 0x12, 0x49,
    0xB4, 0xAF, 0xE5, 0x0F, 0x56, 0x9B, 0x9F, 0x1C, 0x5D, 0x3A, 0xE2, 0x3C, 0x5D, 0x43, 0x6C, 0x22,
    0x88, 0x3D, 0x1D, 0x31, 0x96, 0x6A, 0xDE, 0x6F, 0x46, 0x4B, 0x14, 0x63, 0x88, 0xAC, 0x1A, 0x2F,
    0xCF, 0x5E, 0x3C, 0x8F, 0xBD, 0xBB, 0x30, 0x6E, 0xF0, 0x0D, 0x25, 0xCC, 0x40, 0x3D, 0x11, 0x70,
    0x45, 0x0E, 0xDC, 0x2C, 0x9E, 0xE7, 0x62, 0xCD, 0x86, 0x94, 0xFD, 0xE5, 0x28, 0x90, 0x07, 0x87,
    0x88, 0xCF, 0x0E, 0xAB, 0x04, 0xBE, 0x81, 0x75, 0x66, 0xFE, 0x4C, 0xE1, 0x89, 0x34, 0xBF, 0x26,
    0xE2, 0x07, 0x0D, 0x24, 0xFE, 0x7B, 0x47, 0xD5, 0x05, 0xBF, 0xA7, 0x44, 0xA8, 0xB8, 0x67, 0x1C,
    0x84, 0xCD, 0x19, 0x83, 0xE3, 0xB0, 0x3E, 0xDF, 0x73, 0xB5, 0x8C, 0xC4, 0xAE, 0x09, 0x87, 0x88,
    0x35, 0x1C, 0x5A, 0xE3, 0x6F, 0xEE, 0xAC, 0x1C, 0x98, 0xD6, 0xCC, 0x01, 0x33, 0x68, 0x7F, 0x06,
    0x1A, 0xC4, 0x2E, 0x6C, 0x15, 0x01, 0x78, 0x81, 0x6F, 0xA5, 0x59, 0x00, 0xCF, 0xE2, 0xAC, 0x18,
    0xAC, 0x9A, 0xBE, 0xD2, 0x37, 0x8C, 0x88, 0x09, 0xA8, 0x58, 0x46, 0x7E, 0x49, 0xF3, 0x7E, 0xA7,
    0xF2, 0xDB, 0xCF, 0x1D, 0xF9, 0xC0, 0x34, 0x53, 0x23, 0x1C, 0xDE, 0x90, 0x71, 0x05, 0x76, 0x21,
    0x6A, 0x8B, 0x38, 0xBC, 0xC9, 0x5B, 0x82, 0x34, 0x30, 0xDD, 0xA6, 0xC0, 0x00, 0x0C, 0x06, 0x14,
    0xB3, 0xFE, 0xCB, 0xC4, 0x6A, 0xA5, 0x1D, 0xA8, 0x17, 0x56, 0xF5, 0xE6, 0x17, 0xE9, 0xFC, 0xC3,
    0x8D, 0x6F, 0x40, 0xFD, 0xBC, 0xEB, 0xFE, 0x11, 0xE8, 0x0E, 0x7C, 0x97, 0xF1, 0x3B, 0x15, 0x3F,
    0x09, 0xF1, 0xB9, 0xB7, 0x22, 0xD3, 0xED, 0x6F, 0x3F, 0x07, 0xC4, 0xEB, 0xDF, 0x3F, 0x07, 0xFC,
    0x0F, 0x9D, 0x96, 0xCD, 0xAA, 0xEB, 0xBA, 0x12, 0x84, 0x3F, 0xE8, 0x69, 0x83, 0x5E, 0xA5, 0xC0,
    0x53, 0x83, 0x5F, 0xBD, 0x40, 0x53, 0x41, 0x5E, 0x45, 0xE0, 0x69, 0x40, 0xD7, 0xC2, 0x36, 0x9C,
    0x70, 0xB2, 0xEF, 0x8E, 0xCF, 0xF2, 0x67, 0x84, 0xD4, 0x55, 0xFA, 0x6F, 0x67, 0xB5, 0xE3, 0x0F,
    0x08, 0x03, 0x77, 0xB9, 0x45, 0xDD, 0x7B, 0x5B, 0x72, 0x2B, 0x7B, 0xE9, 0xB9, 0xA4, 0x72, 0xD9,
    0xCF, 0xF8, 0xA7, 0x6E, 0x39, 0xFE, 0xBE, 0xF9, 0x55, 0x2F, 0x7F, 0x5B, 0x66, 0x39, 0xEB, 0xF1,
    0xC4, 0xBF, 0x95, 0x5A, 0xCE, 0xF1, 0xEB, 0xE8, 0x2D, 0x72, 0xCB, 0x28, 0x8F, 0xC6, 0x7F, 0xD5,
    0xF2, 0x3E, 0xFC, 0xCB, 0x6B, 0xFA, 0x97, 0x9C, 0xF5, 0x47, 0xE3, 0x1F, 0x86, 0xB6, 0x36, 0xE5,
    0xD2, 0x96, 0xA6, 0xA6, 0x59, 0x7F, 0x36, 0xFE, 0x1E, 0xEF, 0x16, 0x2C, 0x47, 0xD9, 0x5B, 0xCC,
    0xFA, 0x78, 0xE2, 0x2F, 0xB5, 0xEF, 0x3D, 0x23, 0x4B, 0xD4, 0x61, 0xCF, 0x7D, 0x78, 0x38, 0xFF,
    0xCB, 0xBF, 0xD5, 0x3A, 0x3A, 0x87, 0xFF, 0x55, 0x9F, 0xEE, 0xDF, 0xDE, 0x6B, 0xB2, 0xD5, 0xA8,
    0xBD, 0x22, 0xD5, 0xF2, 0x68, 0xFD, 0xB9, 0xEC, 0x7B, 0x93, 0x55, 0xBA, 0x97, 0x59, 0xA6, 0xEA,
    0x23, 0xBF, 0x96, 0xBE, 0x77, 0x55, 0x24, 0xD7, 0x66, 0x2B, 0x78, 0xE6, 0xDF, 0x32, 0xF6, 0xFB,
    0xDE, 0xCC, 0x7D, 0x50, 0xD9, 0xF7, 0x87, 0xFE, 0xF2, 0xE9, 0xEF, 0x8F, 0xFC, 0xBC, 0x33, 0x5C,
    0xF3, 0x2C, 0x5B, 0x42, 0xCD, 0x78, 0x76, 0xFE, 0xFB, 0xDE, 0x93, 0x2C, 0xE1, 0xDD, 0x5E, 0x98,
    0x79, 0xF0, 0xDF, 0xFD, 0xCA, 0xC3, 0xFF, 0x6C, 0xFD, 0xD1, 0x67, 0xDE, 0xA1, 0xC6, 0xDE, 0x1B,
    0xB9, 0xC5, 0xD3, 0xFD, 0xD3, 0xD2, 0x9B, 0xFA, 0x2C, 0x7B, 0x4A, 0x0A, 0x8F, 0x67, 0xFE, 0xF9,
    0xDD, 0x50, 0x6E, 0xA9, 0xBD, 0xE7, 0x82, 0xE2, 0xE1, 0xFA, 0xE7, 0xFD, 0x8D, 0xA4, 0x44, 0x54,
    0x57, 0xB4, 0x45, 0xA9, 0x0F, 0xF7, 0xEF, 0x3C, 0xF7, 0x8C, 0x31, 0xCB, 0x59, 0x7F, 0xE2, 0xCF,
    0x74, 0x7D, 0xAD, 0x76, 0xB6, 0x56, 0x5B, 0xEE, 0x9E, 0xF5, 0x67, 0xF3, 0xF7, 0x5C, 0x77, 0x96,
    0x79, 0xEE, 0xCF, 0xBF, 0x7F, 0x6C, 0x97, 0x7F, 0x9B, 0xDF, 0xBF, 0x3C, 0xFC, 0xED, 0x99, 0xBF,
    0x54, 0x8F, 0xC3, 0x4F, 0x49, 0xED, 0x9E, 0xE7, 0x10, 0xCF, 0xEE, 0x4F, 0x29, 0xF5, 0xD5, 0x95,
    0x99, 0x4B, 0x2B, 0x55, 0x2D, 0xD7, 0xA3, 0xFE, 0xFC, 0xFE, 0xE2, 0x92, 0x54, 0x37, 0x7C, 0xDE,
    0xBF, 0xE7, 0x7E, 0x85, 0x6B, 0x47, 0x9E, 0xF7, 0xE1, 0x59, 0xFE, 0x8E, 0x5A, 0x49, 0xE8, 0x19,
    0xCE, 0x24, 0xFA, 0xC3, 0xFC, 0xBD, 0xF3, 0xA7, 0xD6, 0xE8, 0x5E, 0x28, 0xE5, 0xD9, 0xFD, 0x8F,
    0xEE, 0x5A, 0x73, 0x77, 0xF4, 0x56, 0x2B, 0x76, 0xF0, 0xF0, 0xFE, 0x14, 0xCF, 0xDF, 0x3D, 0x8E,
    0xF3, 0x8F, 0x2B, 0x8F, 0xFF, 0x38, 0x3E, 0x11, 0x64, 0xA6, 0x24, 0xDB, 0x64, 0xBC, 0x73, 0x53,
    0x95, 0x2B, 0x95, 0x96, 0x4D, 0x9B, 0x05, 0x9B, 0xB1, 0x82, 0x03, 0x0E, 0x30, 0x65, 0x10, 0x4C,
    0x72, 0x06, 0xED, 0x0D, 0x45, 0x79, 0x67, 0x2A, 0xA5, 0xAD, 0x3B, 0x35, 0xF5, 0xE4, 0x41, 0x4E,
    0x42, 0x6C, 0x6F, 0x02, 0xC6, 0x9B, 0xE4, 0x02, 0xCF, 0x27, 0x38, 0x1F, 0x00, 0x9D, 0xCF, 0x19,
    0x80, 0x8D, 0x73, 0xE9, 0x01, 0x61, 0x52, 0x28, 0x39, 0x7B, 0x8D, 0x84, 0x0E, 0xC2, 0x07, 0x9E,
    0xC2, 0xD6, 0xD8, 0x3A, 0xE1, 0x42, 0x16, 0x5B, 0x92, 0x65, 0x5C, 0xB9, 0xDF, 0xE3, 0x89, 0xC0,
    0xEF, 0x64, 0xA5, 0x13, 0x03, 0x0A, 0xF2, 0xE6, 0xCA, 0x66, 0x18, 0x4E, 0xC9, 0x15, 0x39, 0x35,
    0x06, 0x41, 0x90, 0xE4, 0xE0, 0xEE, 0x12, 0xAC, 0xED, 0xEC, 0xD6, 0x96, 0x3D, 0xEC, 0x9A, 0x41,
    0x8D, 0xF9, 0xDE, 0x5D, 0xC2, 0x70, 0x61, 0x2A, 0x2A, 0x2B, 0xE4, 0x8D, 0xD8, 0x46, 0x47, 0xE0,
    0x1B, 0x18, 0x83, 0x62, 0x09, 0x85, 0x57, 0xCC, 0xF0, 0x59, 0x2B, 0xC6, 0xF6, 0xC6, 0x2A, 0x07,
    0x3A, 0x49, 0x7C, 0x32, 0x2B, 0x85, 0x6D, 0xFF, 0xE8, 0x2A, 0x86, 0xB7, 0xCA, 0xC1, 0xC8, 0x8B,
    0xB7, 0x58, 0x45, 0x0A, 0xF9, 0xA2, 0x72, 0x61, 0x67, 0xD6, 0x35, 0xDF, 0x29, 0xF9, 0x9F, 0x53,
    0x65, 0x5C, 0x6B, 0x97, 0x2B, 0x19, 0xBC, 0x93, 0x4C, 0x24, 0x64, 0xA6, 0x26, 0x1C, 0xE9, 0x94,
    0x35, 0xBA, 0xCE, 0xF3, 0xC0, 0x53, 0x16, 0xB7, 0x4C, 0xB8, 0xF6, 0x9A, 0xE7, 0x61, 0x77, 0x15,
    0x2C, 0xBC, 0xF5, 0xB9, 0x28, 0x19, 0xB9, 0x54, 0x68, 0xB8, 0xE5, 0xA6, 0x15, 0x35, 0x6A, 0x46,
    0x19, 0x81, 0x12, 0x91, 0xE4, 0x75, 0xF4, 0x2E, 0x08, 0xA7, 0xD3, 0xDA, 0x4C, 0xB9, 0xEF, 0x1A,
    0xE7, 0xF1, 0x4F, 0x90, 0xB1, 0xAE, 0xAD, 0x18, 0xFD, 0x1E, 0x5C, 0x46, 0xD0, 0xC1, 0x04, 0xBF,
    0xEA, 0x4F, 0x8D, 0xF4, 0xB3, 0xBE, 0x91, 0xFD, 0x57, 0x71, 0xE6, 0xE4, 0xC1, 0x4C, 0x34, 0xF9,
    0x49, 0x3C, 0x06, 0x29, 0xE6, 0x8B, 0x0C, 0x9E, 0xEF, 0xE8, 0x31, 0x20, 0xE3, 0x7C, 0x95, 0xE7,
    0xEB, 0x32, 0xCC, 0xE6, 0xB0, 0xF2, 0x1A, 0x00, 0xDF, 0x5C, 0x63, 0x14, 0x4A, 0x07, 0x5F, 0x83,
    0x5F, 0xD7, 0x36, 0x00, 0x62, 0xBC, 0xEF, 0x0C, 0x9F, 0x94, 0x61, 0xC1, 0x89, 0x27, 0x8C, 0x01,
    0xE1, 0x53, 0xF1, 0x40, 0x9F, 0x46, 0xFA, 0x55, 0x2F, 0xFD, 0x2E, 0x2E, 0x04, 0x18, 0xE2, 0x4E,
    0x5F, 0xF2, 0xF3, 0x73, 0xD2, 0x71, 0xF0, 0xE7, 0x78, 0x38, 0x2D, 0xFD, 0x39, 0x9E, 0x4A, 0xFD,
    0x1F, 0xF7, 0x38, 0x33, 0x36, 0x93, 0xC9, 0xF0, 0xB9, 0xE1, 0x77, 0x0E, 0x15, 0x46, 0xE7, 0xBE,
    0x42, 0x84, 0xE3, 0x24, 0x9D, 0xA9, 0x89, 0x24, 0xE5, 0xC4, 0x69, 0xC7, 0x84, 0x95, 0x3B, 0x05,
    0xF8, 0x3C, 0xC4, 0xF4, 0x85, 0x3E, 0x0E, 0xF1, 0x3E, 0x8B, 0x07, 0xFA, 0xD9, 0xA6, 0x5F, 0xF5,
    0x45, 0x2C, 0xFE, 0x55, 0x2C, 0xFD, 0xDE, 0x73, 0xE2, 0xB8, 0x3F, 0xE9, 0xD1, 0xC9, 0x44, 0xB3,
    0x09, 0xCA, 0x4E, 0xCF, 0x60, 0x49, 0x6A, 0x46, 0x28, 0x43, 0x0A, 0x39, 0x17, 0x72, 0x45, 0x6B,
    0xB8, 0xBE, 0x3F, 0x6E, 0x6C, 0x92, 0x27, 0x42, 0x27, 0xC6, 0x93, 0xE0, 0x40, 0xF9, 0xB9, 0x4B,
    0x3F, 0xEA, 0x0B, 0x2C, 0x60, 0xFF, 0xAA, 0xB7, 0x1F, 0x88, 0xD7, 0xFB, 0x06, 0x73, 0xE7, 0xE3,
    0x0C, 0x5D, 0x3B, 0x15, 0x5C, 0xE4, 0x4D, 0x9C, 0x0C, 0x27, 0x3A, 0x11, 0xDE, 0xC6, 0xE7, 0x4F,
    0xCB, 0x20, 0xF0, 0x41, 0x1E, 0x04, 0xB9, 0xA2, 0xB8, 0x98, 0x4D, 0xA2, 0x1A, 0x3A, 0x22, 0x21,
    0xDE, 0x19, 0x04, 0x6B, 0x69, 0x4A, 0xCB, 0x7D, 0x5B, 0x29, 0x24, 0xFA, 0x1A, 0x59, 0x69, 0x11,
    0x5F, 0x23, 0x7B, 0xAC, 0x5F, 0xDB, 0x2B, 0xF5, 0x6B, 0xBB, 0x68, 0x34, 0xF4, 0xEF, 0x48, 0xBC,
    0x37, 0x67, 0x58, 0x04, 0x62, 0x43, 0xE5, 0x35, 0xBA, 0x12, 0xBC, 0x62, 0xB7, 0x60, 0x8B, 0x37,
    0xD3, 0xA5, 0xB8, 0xB2, 0x2E, 0xAD, 0xCD, 0x81, 0x5C, 0x3E, 0xD6, 0xA4, 0xE3, 0x19, 0xE3, 0x8E,
    0x9F, 0x6B, 0xFA, 0x16, 0x39, 0xD7, 0xF4, 0x35, 0x52, 0xA9, 0xDF, 0xDA, 0xD7, 0xFC, 0xC7, 0xFF,
    0x4A, 0xE1, 0x20, 0xE1, 0xCB, 0xC7, 0xA0, 0xB0, 0x60, 0x7F, 0x8B, 0xC8, 0xFA, 0xDA, 0x1E, 0x2F,
    0x7A, 0xC9, 0x7B, 0x40, 0x87, 0xF3, 0x9E, 0xA2, 0x79, 0x01, 0xE4, 0xA0, 0xE0, 0xC4, 0x1F, 0xC7,
    0x39, 0x21, 0x8C, 0x11, 0x7C, 0x71, 0x17, 0xF2, 0x7B, 0xE4, 0x5C, 0xFA, 0xD7, 0xC8, 0x3C, 0xCE,
    0x6F, 0xED, 0x95, 0xFA, 0xB5, 0x7D, 0x3E, 0xC0, 0x78, 0x73, 0xED, 0x05, 0x43, 0x11, 0xCE, 0x74,
    0xCA, 0xB2, 0x97, 0x60, 0x3D, 0x48, 0x5E, 0x1D, 0x0E, 0x74, 0xA7, 0x1F, 0xCE, 0x7F, 0xAF, 0x68,
    0x65, 0x6B, 0x50, 0x20, 0x41, 0x7F, 0x93, 0xAD, 0xD0, 0x88, 0xF8, 0x9B, 0xAC, 0x4E, 0x1E, 0x8F,
    0x18, 0xC4, 0x41, 0x4E, 0xE8, 0x4C, 0xEE, 0x9C, 0x3C, 0x1B, 0xF0, 0x45, 0x6C, 0x84, 0x1D, 0xF8,
    0x36, 0xA2, 0xB9, 0x5E, 0x96, 0xFE, 0x99, 0x99, 0xF5, 0xE0, 0x41, 0xFF, 0xFF, 0x03, 0x8D, 0x97,
    0xCB, 0x6A, 0xF3, 0x30, 0x10, 0x46, 0x0F, 0x7C, 0xDB, 0x01, 0xBD, 0xCA, 0x40, 0xB6, 0x06, 0xBF,
    0xFA, 0x07, 0xD9, 0x06, 0xFE, 0x57, 0x11, 0x74, 0x6B, 0xD0, 0x8F, 0x10, 0x26, 0x76, 0xAB, 0xA6,
    0x8A, 0x8E, 0x9A, 0x9B, 0xE6, 0x64, 0x6C, 0x5D, 0x4B, 0x33, 0x80, 0x4C, 0x74, 0x48, 0x63, 0xE3,
    0x14, 0x59, 0x5A, 0x0D, 0x32, 0xE9, 0x98, 0x2C, 0x07, 0xE8, 0x08, 0x21, 0xB6, 0xF2, 0xCA, 0x70,
    0xBA, 0xEE, 0x1B, 0x36, 0x3B, 0x8B, 0x8A, 0x08, 0xD5, 0xA9, 0xE4, 0xCF, 0xD8, 0x4C, 0x0C, 0x4F,
    0x38, 0x26, 0xE1, 0x41, 0x64, 0x31, 0x05, 0x02, 0x12, 0x80, 0xDD, 0x72, 0x06, 0x91, 0x1D, 0xFC,
    0x26, 0xBB, 0xBD, 0x50, 0x2A, 0x6C, 0x24, 0x1E, 0xE9, 0xA4, 0x12, 0xF7, 0x12, 0xCE, 0xBD, 0x9B,
    0x78, 0x80, 0xBD, 0x6A, 0xAA, 0xCA, 0x88, 0xA9, 0x29, 0xE8, 0x2C, 0x6A, 0x3C, 0x4F, 0x07, 0x9B,
    0x07, 0x6C, 0xAB, 0x9E, 0xE8, 0x82, 0x3F, 0x4D, 0x6A, 0x16, 0x29, 0x22, 0x4E, 0x92, 0x38, 0x7B,
    0xCA, 0x2E, 0xB4, 0x0A, 0xD8, 0xA3, 0x3E, 0xD1, 0x57, 0x10, 0x05, 0x52, 0x90, 0x01, 0x3E, 0x6B,
    0x82, 0x2B, 0xEC, 0xF9, 0xC3, 0xD9, 0x3C, 0x77, 0xD2, 0x0C, 0xD6, 0x57, 0xF7, 0xA5, 0xC8, 0xC0,
    0x83, 0xC4, 0xB5, 0x8B, 0xD4, 0x46, 0x86, 0x87, 0x40, 0x10, 0x74, 0x4A, 0x73, 0xC2, 0xC0, 0x74,
    0x5A, 0xE3, 0x1C, 0x94, 0xA9, 0x54, 0x6B, 0xE7, 0x75, 0x4A, 0x70, 0xAC, 0x2A, 0x22, 0x54, 0x67,
    0x12, 0x12, 0x72, 0x55, 0x82, 0xF1, 0x4C, 0xB2, 0x12, 0x2B, 0x50, 0xA0, 0x3A, 0x09, 0x1F, 0x23,
    0xFB, 0xD2, 0x6D, 0xAB, 0x57, 0x94, 0xBA, 0xA5, 0xB3, 0x38, 0xB2, 0xCB, 0x71, 0x4E, 0xC2, 0x4C,
    0xF5, 0x77, 0xF7, 0xF6, 0x89, 0xAB, 0x48, 0xE1, 0x18, 0x88, 0x28, 0xE8, 0x0B, 0xCE, 0xEE, 0xDB,
    0x0D, 0x36, 0x3B, 0xAB, 0xFE, 0xD1, 0x78, 0x5D, 0x1E, 0x9D, 0x55, 0x79, 0x40, 0xAC, 0xCB, 0xD7,
    0x9C, 0xBC, 0xEF, 0xB6, 0x38, 0x3B, 0x22, 0x3B, 0xEB, 0x3F, 0x74, 0xBD, 0xAB, 0x42, 0x83, 0x31,
    0x65, 0x4A, 0x3B, 0x92, 0x1C, 0x18, 0x0F, 0xA8, 0x28, 0x89, 0x00, 0xD0, 0x49, 0x34, 0xCA, 0x50,
    0x8A, 0x81, 0x83, 0xC1, 0x10, 0xB6, 0xD6, 0x3E, 0x38, 0x05, 0xED, 0x2F, 0x4F, 0xC9, 0x87, 0x41,
    0xF4, 0x12, 0xF4, 0x92, 0xF4, 0x62, 0x7A, 0xD9, 0xFC, 0x0F, 0x26, 0x9F, 0xB7, 0x0F, 0x31, 0xCD,
    0xB3, 0x08, 0x7B, 0xE7, 0x8C, 0x99, 0x7F, 0x3B, 0x8B, 0x92, 0x14, 0x11, 0x99, 0x69, 0x57, 0x3F,
    0x0F, 0x89, 0xEB, 0xDB, 0x88, 0x6B, 0x03, 0x9F, 0x2F, 0x7C, 0xBD, 0xDF, 0x83, 0x24, 0x3B, 0x4E,
    0x8F, 0xC7, 0x8E, 0x42, 0x01, 0x91, 0xBD, 0xA4, 0x7B, 0x79, 0xD2, 0xCB, 0xC8, 0xA1, 0xDE, 0xFA,
    0x0F, 0x9D, 0xC4, 0x49, 0x76, 0x9C, 0xF8, 0x1C, 0xDE, 0xE7, 0xFE, 0x70, 0x4D, 0xFF, 0x7A, 0xB5,
    0x15, 0x11, 0x22, 0x25, 0x8F, 0x84, 0x8A, 0xD9, 0x46, 0x5A, 0x81, 0x45, 0x07, 0x03, 0xB8, 0x23,
    0x08, 0xD0, 0x10, 0x28, 0x22, 0xF2, 0xE1, 0x9D, 0xB4, 0xED, 0x74, 0xC0, 0x10, 0xE7, 0xEC, 0xBB,
    0x8A, 0xF5, 0xEB, 0xAD, 0x6E, 0x87, 0x2C, 0xE2, 0x43, 0x57, 0xFC, 0x16, 0xF7, 0xFE, 0xCD, 0xD1,
    0xF0, 0x67, 0x3B, 0x18, 0xAF, 0x8D, 0xC0, 0xA3, 0x9E, 0x2D, 0xA0, 0xD7, 0xBC, 0x54, 0x8F, 0x3A,
    0xCC, 0xFD, 0x11, 0x91, 0x3F, 0x73, 0xF9, 0x76, 0xDF, 0x95, 0xE8, 0xB6, 0x10, 0x1E, 0xD7, 0x7C,
    0x23, 0xE3, 0x1D, 0xCB, 0xC8, 0x32, 0xE5, 0xC2, 0xC6, 0x8B, 0x61, 0xDE, 0x9B, 0xA4, 0x28, 0x51,
    0x33, 0xED, 0xDB, 0x71, 0x42, 0xD6, 0x20, 0x1C, 0x91, 0x9D, 0xCC, 0xCC, 0xE8, 0x38, 0x6C, 0x75,
    0xD8, 0xCE, 0xDF, 0xFE, 0x3C, 0x37, 0x57, 0x54, 0x5C, 0x86, 0x92, 0x3F, 0xD9, 0xBE, 0x8D, 0x89,
    0x73, 0xA3, 0x58, 0xCD, 0x59, 0x82, 0x17, 0xD4, 0xCF, 0x39, 0x5F, 0x72, 0x79, 0x1C, 0x6C, 0xB7,
    0xEF, 0x44, 0x0E, 0x96, 0xAE, 0x4B, 0x30, 0xD8, 0x3E, 0x5E, 0x54, 0x32, 0x90, 0xA1, 0xFD, 0xDC,
    0xAA, 0xC2, 0x03, 0xF2, 0x7A, 0xEA, 0xB9, 0x9E, 0x04, 0x2C, 0xC7, 0xFB, 0xC4, 0xB3, 0xB3, 0xA8,
    0x88, 0x50, 0x9D, 0x4A, 0xD2, 0x7C, 0x99, 0x27, 0x8A, 0x55, 0x15, 0x4F, 0xFD, 0x53, 0x44, 0x4E,
    0x75, 0x47, 0x1F, 0x69, 0x95, 0xA0, 0x92, 0xF8, 0x9C, 0x45, 0xD5, 0x82, 0xB3, 0x3A, 0x20, 0x37,
    0x28, 0xFF, 0x9A, 0xA9, 0xBB, 0x4B, 0x71, 0xA6, 0xC8, 0x5E, 0xAD, 0x56, 0x1D, 0x8C, 0xBB, 0xB7,
    0x89, 0xF2, 0x3C, 0xB8, 0x8D, 0xD6, 0x56, 0x45, 0x88, 0x88, 0x4E, 0x96, 0xE6, 0xE9, 0x96, 0x62,
    0x01, 0x51, 0xCB, 0x7D, 0x5E, 0xAD, 0x45, 0xDF, 0x77, 0x41, 0x6D, 0xF2, 0x2F, 0xD3, 0xFD, 0x3A,
    0x24, 0x97, 0xD4, 0x99, 0xE1, 0x32, 0x4D, 0x6C, 0x7A, 0xBE, 0xEF, 0x80, 0x0C, 0x3B, 0x70, 0x3A,
    0x44, 0x39, 0x6E, 0xE7, 0xFB, 0x50, 0x81, 0x4A, 0x4C, 0x4E, 0x41, 0x2B, 0xA6, 0xB1, 0x7E, 0x4F,
    0x4C, 0x4B, 0xD1, 0xD9, 0x51, 0x40, 0x9D, 0x18, 0x84, 0x48, 0x17, 0xC8, 0x24, 0x4C, 0xE1, 0xA2,
    0x44, 0xED, 0xBB, 0x4C, 0xE2, 0x45, 0x65, 0x22, 0x6A, 0xCD, 0x18, 0x3C, 0xDF, 0x90, 0x06, 0xD1,
    0xE1, 0x09, 0x1B, 0x60, 0x5C, 0xEA, 0x7D, 0x9D, 0x2E, 0x04, 0xC1, 0x93, 0x8D, 0x08, 0x94, 0xC8,
    0x00, 0x2B, 0x66, 0xB0, 0xB0, 0xC4, 0xFE, 0xFA, 0xFE, 0x95, 0x3B, 0x6C, 0x3F, 0x3D, 0xC7, 0xC4,
    0x23, 0xC4, 0xEE, 0x20, 0xD8, 0x7D, 0x76, 0xFD, 0x06, 0x9B, 0xF9, 0x07, 0x10, 0xC4, 0xE0, 0xFB,
    0xC0, 0x11, 0x16, 0x19, 0x94, 0x0A, 0x5F, 0x68, 0x03, 0x08, 0x1C, 0x3F, 0x97, 0x98, 0xAD, 0xA7,
    0x48, 0xF3, 0xA2, 0x4D, 0xED, 0x2F, 0x95, 0xCD, 0xCE, 0xAA, 0x4D, 0x70, 0xFC, 0x25, 0x0C, 0x78,
    0x74, 0x88, 0x55, 0x2D, 0x09, 0xAF, 0x0E, 0xF9, 0x87, 0xFC, 0xB2, 0x94, 0xAD, 0xCB, 0xAF, 0x21,
    0x1F, 0xE4, 0x4B, 0xB6, 0xF3, 0x9F, 0x9D, 0x0F, 0x9E, 0x77, 0x1B, 0x64, 0x08, 0x43, 0x26, 0x00,
    0x16, 0xE1, 0x42, 0xF6, 0xEA, 0x07, 0xEE, 0xD5, 0x4F, 0x91, 0x7E, 0xF2, 0xE0, 0xD5, 0x2B, 0x1B,
    0xB5, 0x57, 0x12, 0xC3, 0x06, 0x2F, 0x24, 0x00, 0x67, 0xB8, 0x93, 0xF5, 0xC8, 0x7C, 0xF9, 0x11,
    0x7E, 0x14, 0x22, 0x3A, 0xD7, 0xF3, 0xB5, 0x49, 0x8F, 0x9C, 0x82, 0x48, 0x62, 0x36, 0xEA, 0xAF,
    0xDA, 0xC0, 0x9D, 0xF3, 0x4C, 0xA9, 0x6E, 0xEB, 0xE0, 0x77, 0x54, 0x05, 0x65, 0xE7, 0xA7, 0x5F,
    0xBE, 0x99, 0xDF, 0x91, 0xA0, 0xD6, 0xDE, 0x67, 0x00, 0x4D, 0x5E, 0xB6, 0x76, 0x3B, 0xA4, 0x94,
    0xF6, 0x4B, 0xB3, 0x03, 0xC4, 0xBA, 0x93, 0x5C, 0x10, 0xE6, 0xB8, 0x35, 0x17, 0xA1, 0x7C, 0x7D,
    0x1E, 0x2A, 0x09, 0x5E, 0x0B, 0xB6, 0xF1, 0xA8, 0xA2, 0x97, 0x1D, 0x5D, 0x0A, 0xC0, 0x7F, 0x9D,
    0x97, 0xCB, 0x8A, 0xEC, 0x3C, 0x0C, 0x84, 0x3F, 0xD0, 0x56, 0xE0, 0x57, 0x29, 0xC8, 0x36, 0xE0,
    0x57, 0x17, 0xF4, 0x36, 0x30, 0xAF, 0x62, 0x38, 0xDB, 0x40, 0xFE, 0xB4, 0x85, 0xFB, 0xB8, 0xE7,
    0x64, 0x42, 0xCF, 0xEF, 0x2A, 0xCF, 0x4D, 0xA5, 0x72, 0xFB, 0xA6, 0x64, 0xA8, 0x11, 0x16, 0x0A,
    0xA7, 0x20, 0xBC, 0xF7, 0x78, 0x75, 0x65, 0x27, 0x50, 0x81, 0xD2, 0xC0, 0x76, 0x77, 0x73, 0x99,
    0x64, 0x11, 0x46, 0x78, 0xA7, 0xA8, 0x81, 0xE3, 0x91, 0xBD, 0x20, 0x56, 0x94, 0x20, 0x06, 0x8C,
    0xDE, 0xE5, 0x69, 0xE5, 0x6C, 0x9D, 0x4D, 0x16, 0x32, 0x94, 0x6E, 0x2B, 0x75, 0x83, 0x05, 0x07,
    0x58, 0xEB, 0x62, 0x1D, 0x7E, 0x42, 0x4F, 0xAC, 0x95, 0x6C, 0x5D, 0xB3, 0xB2, 0xB0, 0xD4, 0x59,
    0x31, 0xC7, 0xCD, 0x0D, 0xA3, 0xBC, 0xC5, 0x4B, 0x65, 0x6A, 0xAA, 0xB2, 0x09, 0x0F, 0x3D, 0xEA,
    0x3A, 0x85, 0x4D, 0x26, 0x54, 0x66, 0x4D, 0x7D, 0xE0, 0xB4, 0x0C, 0xAF, 0xE6, 0xE6, 0x78, 0x71,
    0xFB, 0x8B, 0x63, 0x8A, 0x83, 0xBE, 0x9E, 0x9E, 0xEB, 0x89, 0xE5, 0x84, 0xFE, 0x9C, 0xD8, 0xDE,
    0xFC, 0x1F, 0x8A, 0xF5, 0xAB, 0xC7, 0x3B, 0x74, 0xC2, 0xFE, 0xE6, 0x1B, 0x06, 0x4B, 0x59, 0x1F,
    0x1A, 0x18, 0x71, 0x09, 0x0F, 0x4A, 0xAA, 0x02, 0xEF, 0x54, 0x10, 0x27, 0x65, 0xA8, 0x1C, 0xCD,
    0x91, 0x3A, 0x03, 0x99, 0xB1, 0x91, 0xBB, 0x67, 0x18, 0x6B, 0xD9, 0xE4, 0xA1, 0x68, 0x75, 0x95,
    0x3C, 0x0A, 0x60, 0x1D, 0xDE, 0xF1, 0xB6, 0x6D, 0xB1, 0xB0, 0xC2, 0x45, 0x84, 0x08, 0x16, 0x7A,
    0x10, 0x6A, 0x58, 0xC8, 0x71, 0x75, 0x06, 0x49, 0x75, 0x86, 0x0A, 0xA5, 0xE1, 0x6E, 0xB2, 0xC8,
    0xCF, 0xA0, 0x13, 0x61, 0xE1, 0x27, 0x54, 0x63, 0x76, 0x72, 0x3C, 0x29, 0x94, 0xCC, 0x49, 0x85,
    0x71, 0x52, 0x4E, 0x69, 0x98, 0xC1, 0x06, 0x2D, 0xF5, 0x91, 0x94, 0xF1, 0xFD, 0x10, 0x1D, 0x01,
    0x64, 0xF6, 0xA7, 0xCE, 0x07, 0x00, 0x8F, 0xCE, 0x7B, 0xF3, 0x02, 0x0E, 0xE2, 0xB7, 0x43, 0x8C,
    0xC4, 0x8F, 0x07, 0x9A, 0x16, 0x27, 0xCD, 0x7E, 0xB9, 0x4A, 0x1F, 0x0F, 0xD4, 0x40, 0xE0, 0xBF,
    0x1F, 0x28, 0x20, 0x7E, 0x31, 0xA3, 0x3C, 0x00, 0xD8, 0x71, 0xBC, 0x0E, 0x40, 0x6D, 0x40, 0x0E,
    0xF5, 0xCF, 0x89, 0xD6, 0xF5, 0x89, 0x3E, 0xFA, 0x60, 0x8F, 0xAB, 0x33, 0x9D, 0x1B, 0x8F, 0x77,
    0x7E, 0x76, 0x41, 0xCA, 0x0E, 0x04, 0x71, 0x65, 0x37, 0x4E, 0x05, 0x76, 0x1C, 0xB8, 0xE8, 0x5D,
    0x01, 0xF1, 0xEC, 0x47, 0x7B, 0x86, 0xDD, 0xB2, 0xCB, 0xB3, 0x47, 0x39, 0xC6, 0xAC, 0xB0, 0xBD,
    0x86, 0x5B, 0x08, 0x43, 0x54, 0x54, 0xBE, 0x8E, 0xD6, 0x35, 0x2B, 0x11, 0x9B, 0x51, 0x6D, 0xFF,
    0x76, 0x81, 0x08, 0x88, 0xB2, 0x07, 0x1E, 0xB6, 0x07, 0x92, 0xF5, 0xDF, 0xAA, 0x88, 0x36, 0xD6,
    0xB2, 0xD3, 0xF0, 0x82, 0xFD, 0xE1, 0x38, 0xDA, 0x28, 0xC3, 0x37, 0xF7, 0x72, 0xB2, 0x45, 0x2F,
    0xDB, 0x59, 0x7F, 0x33, 0x04, 0xCE, 0xE5, 0x10, 0x86, 0x1B, 0x32, 0x8B, 0x3C, 0x25, 0x25, 0x58,
    0x73, 0x55, 0x9D, 0xB0, 0x4E, 0xE2, 0x75, 0xF5, 0x3B, 0xDC, 0xDC, 0x5D, 0x4B, 0x54, 0x14, 0x11,
    0xA1, 0xF0, 0x4F, 0xCA, 0x07, 0x01, 0x0F, 0xD8, 0x2F, 0xEA, 0x87, 0xE3, 0x2A, 0x91, 0xBB, 0xFE,
    0x2B, 0xAB, 0xB2, 0xF3, 0xA3, 0x9D, 0xCB, 0xD2, 0x6F, 0x47, 0x84, 0x61, 0x0D, 0x7F, 0x42, 0x6B,
    0x69, 0x64, 0x63, 0x68, 0xCA, 0x77, 0x8D, 0x97, 0x36, 0x4A, 0xEE, 0x5C, 0x33, 0xE7, 0x22, 0x9B,
    0x26, 0xF7, 0x0F, 0xB9, 0x6C, 0xB7, 0x0F, 0x39, 0x8C, 0x9F, 0x1E, 0x72, 0xA3, 0xD2, 0x7C, 0x7C,
    0x10, 0x86, 0xFE, 0xF3, 0x83, 0x30, 0x9A, 0xA2, 0x63, 0xAB, 0x9B, 0x06, 0xC4, 0xD4, 0x96, 0xB6,
    0xBA, 0x9E, 0x90, 0xFA, 0xF3, 0x44, 0x1D, 0xBC, 0xD5, 0x1C, 0x0B, 0x4B, 0x7A, 0xB8, 0xCB, 0x53,
    0x2D, 0x7F, 0x32, 0x3C, 0xC2, 0x9E, 0x9C, 0x4B, 0x8D, 0x1F, 0x94, 0x7F, 0x2A, 0x4C, 0x12, 0x0B,
    0x6C, 0xBE, 0xFD, 0xC2, 0xF5, 0x49, 0x55, 0x61, 0x45, 0x04, 0x20, 0xB6, 0x13, 0xBA, 0x28, 0x06,
    0x9C, 0x44, 0x40, 0xFC, 0xBF, 0xA2, 0x40, 0xCB, 0x5C, 0xE3, 0xF3, 0xE2, 0x30, 0x4F, 0xA7, 0xFC,
    0xA1, 0xB9, 0xB1, 0x38, 0x0F, 0x37, 0x93, 0x9B, 0x64, 0x0A, 0x5F, 0xF0, 0x15, 0xAD, 0x16, 0x8F,
    0xFD, 0x7D, 0xE3, 0x8F, 0xBC, 0x9B, 0xE1, 0x0A, 0x45, 0x2C, 0xC6, 0x7A, 0xD2, 0xF9, 0x6A, 0xB4,
    0x36, 0xAA, 0xAD, 0xE7, 0x32, 0x7B, 0xDD, 0xE5, 0x09, 0xB2, 0xBD, 0x34, 0xA5, 0xC9, 0xF1, 0x92,
    0xF1, 0xB5, 0x6C, 0xE3, 0x6F, 0xF2, 0xFB, 0xFC, 0xD4, 0x5C, 0xE7, 0x0F, 0xEF, 0x33, 0x8B, 0x27,
    0x6A, 0x13, 0x89, 0xBA, 0x5F, 0x8D, 0x2F, 0x4F, 0xA5, 0xBC, 0xB4, 0xD9, 0xFB, 0x2E, 0x3F, 0x35,
    0x17, 0xF9, 0xB3, 0xF7, 0x4E, 0xBC, 0xA3, 0xFC, 0x33, 0xBE, 0x5D, 0xC4, 0xD3, 0xF3, 0x3E, 0x3F,
    0x35, 0xD7, 0xF9, 0xF3, 0xDC, 0x66, 0x8C, 0xCF, 0xF7, 0xB3, 0x66, 0x9E, 0xFF, 0x7D, 0xFE, 0xB5,
    0xE6, 0x7D, 0xFE, 0x35, 0x63, 0x5E, 0x9B, 0x42, 0x92, 0x2E, 0xF6, 0x7F, 0x5C, 0x60, 0x06, 0x66,
    0xEF, 0xBB, 0xFC, 0xD4, 0x5C, 0xE7, 0x0F, 0x6F, 0xF9, 0xFD, 0xFC, 0x67, 0xCD, 0xD5, 0xF9, 0xBB,
    0xCB, 0x4F, 0xCD, 0x45, 0xFE, 0x5C, 0x13, 0x3B, 0xB1, 0x80, 0x0A, 0x44, 0x74, 0xCA, 0xC8, 0x6D,
    0x42, 0x9D, 0x81, 0xE5, 0xC3, 0xC2, 0xAD, 0x40, 0x63, 0xBC, 0xBA, 0x90, 0x25, 0x5D, 0x1C, 0x47,
    0x10, 0x43, 0xD7, 0xE9, 0x83, 0x1A, 0x64, 0x0A, 0x29, 0x53, 0x6B, 0xBC, 0xBF, 0x58, 0x8F, 0x97,
    0x6D, 0x11, 0x7C, 0x9B, 0x85, 0xD3, 0x8A, 0x70, 0xF2, 0xA7, 0x0C, 0xCD, 0x9A, 0x11, 0x79, 0x29,
    0xE6, 0x7F, 0x13, 0x0C, 0x4B, 0xE6, 0x84, 0xCB, 0xB1, 0xCF, 0xAF, 0x74, 0x49, 0x77, 0x4C, 0x58,
    0xA4, 0x3E, 0x79, 0x57, 0x67, 0xFF, 0x03, 0xB5, 0x96, 0x01, 0xC6, 0x2C, 0x49, 0x10, 0x84, 0x3F,
    0x12, 0x20, 0xC8, 0xAB, 0x04, 0x03, 0x30, 0xCC, 0xD5, 0x93, 0x06, 0x18, 0xDE, 0x55, 0xEA, 0x00,
    0x4D, 0xEF, 0x3C, 0x76, 0xD7, 0xDA, 0x55, 0x61, 0xFF, 0x66, 0x3E, 0xA0, 0x84, 0x9A, 0x9C, 0x4A,
    0x11, 0x99, 0xDD, 0xB0, 0x48, 0xAC, 0x26, 0x51, 0x23, 0x13, 0x69, 0x79, 0x11, 0x79, 0x9D, 0x44,
    0xAE, 0x8B, 0x80, 0x65, 0x75, 0xA8, 0x50, 0x53, 0x43, 0xE0, 0xF9, 0x21, 0xBF, 0x0F, 0x33, 0xCC,
    0x5E, 0x97, 0xF7, 0x15, 0xBA, 0x6D, 0x22, 0x56, 0xBA, 0x0F, 0x0C, 0x43, 0xD0, 0x65, 0x59, 0x66,
    0xC3, 0x5A, 0x12, 0x81, 0x9A, 0xC7, 0x3B, 0xF7, 0xAF, 0x97, 0x65, 0xB1, 0x67, 0x8A, 0x9A, 0x54,
    0x81, 0x29, 0x92, 0x5E, 0x30, 0xEC, 0x69, 0x0A, 0xF1, 0x63, 0x0A, 0x06, 0xE7, 0xFF, 0x2D, 0x02,
    0xD3, 0xB1, 0xEF, 0x45, 0xAD, 0x02, 0xEA, 0x44, 0x88, 0x84, 0x79, 0x23, 0xCC, 0xF0, 0x03, 0x6A,
    0x44, 0xE5, 0xFA, 0x74, 0xD0, 0x7B, 0x8A, 0xD8, 0x77, 0x7A, 0x8A, 0x4C, 0xF0, 0x85, 0x50, 0x89,
    0x15, 0x5D, 0x7B, 0xF0, 0x84, 0x6F, 0x26, 0xF3, 0xBE, 0xEF, 0x8A, 0x1A, 0xDC, 0x93, 0x73, 0x47,
    0xAA, 0x4F, 0x51, 0xE4, 0xB9, 0x96, 0x72, 0x73, 0xE8, 0xD0, 0x73, 0xDD, 0x9F, 0x0B, 0x35, 0xB2,
    0x95, 0xEE, 0xDF, 0xC8, 0xF5, 0x17, 0x26, 0x77, 0xD2, 0xAE, 0xEB, 0xA7, 0x35, 0x7B, 0xDD, 0xAF,
    0x88, 0x99, 0x42, 0x98, 0x7F, 0x21, 0x84, 0x31, 0xC3, 0x14, 0xF5, 0xF7, 0x31, 0x51, 0x83, 0x71,
    0x0D, 0x01, 0x2B, 0xF5, 0xA7, 0x97, 0x9C, 0x5E, 0xF3, 0x5C, 0x87, 0x8A, 0xE7, 0xB3, 0x26, 0xA5,
    0x80, 0x29, 0x0A, 0xA6, 0x72, 0x97, 0x03, 0x46, 0x14, 0x81, 0x3C, 0xB9, 0x68, 0x7B, 0x80, 0xFB,
    0x39, 0xE4, 0x61, 0x9B, 0x40, 0x48, 0xDF, 0x82, 0x9C, 0xB2, 0xEC, 0xDD, 0xEC, 0x5F, 0x59, 0x86,
    0xFC, 0x32, 0xA6, 0xDF, 0x8F, 0x55, 0x6C, 0xF1, 0xAB, 0xE6, 0x54, 0xCC, 0x58, 0xF0, 0x7C, 0x40,
    0x7A, 0x5D, 0xCA, 0x7B, 0x79, 0x31, 0xEF, 0x0F, 0x40, 0x0D, 0x00, 0xD4, 0xAF, 0x63, 0xC9, 0xA2,
    0x97, 0x4E, 0x59, 0xFA, 0xF5, 0x39, 0xFB, 0x1F, 0x9F, 0x71, 0x35, 0x16, 0x7F, 0x9D, 0x1F, 0x1F,
    0x18, 0x9C, 0x1C, 0x50, 0x23, 0x44, 0x4D, 0x9A, 0x32, 0x8F, 0xF7, 0x46, 0x8F, 0xC8, 0x35, 0x72,
    0xDA, 0xDD, 0x05, 0x13, 0x77, 0xFF, 0xD6, 0x77, 0x83, 0x91, 0xFD, 0x3E, 0xEA, 0x7F, 0xE4, 0xB8,
    0x69, 0x7E, 0xCC, 0xC3, 0x3D, 0xAF, 0xD5, 0x93, 0xF3, 0xFD, 0x5C, 0x4C, 0xD1, 0x67, 0x48, 0xD8,
    0x0D, 0x0C, 0x6A, 0x58, 0x5C, 0xD7, 0x7F, 0xCF, 0x37, 0xA9, 0xEB, 0x1A, 0xBE, 0x49, 0xA8, 0x59,
    0x27, 0x52, 0x8D, 0xCD, 0x6B, 0xB8, 0xC3, 0x75, 0xD1, 0xB0, 0x0C, 0xE2, 0xBB, 0x0C, 0xB0, 0x5E,
    0xD7, 0x75, 0x02, 0x0B, 0x98, 0x5E, 0xFE, 0xCD, 0x6A, 0x6F, 0xCC, 0x35, 0xF6, 0x6B, 0xBC, 0xDD,
    0x6B, 0x05, 0x34, 0x45, 0xCF, 0xFE, 0xFE, 0x6F, 0x76, 0xBA, 0xFF, 0x64, 0xFB, 0xFB, 0x4B, 0x08,
    0x51, 0x1B, 0x1D, 0xE3, 0x5A, 0xF2, 0x4E, 0x17, 0xA2, 0x27, 0x4F, 0xCA, 0x73, 0x1D, 0x3A, 0xC4,
    0x86, 0x1E, 0x59, 0xEC, 0x64, 0xF1, 0xCA, 0x13, 0x06, 0x7F, 0xD0, 0xD4, 0x56, 0xD5, 0x14, 0x9A,
    0xDD, 0x86, 0xF9, 0x03, 0xA5, 0x59, 0xC1, 0xAA, 0xF5, 0x2C, 0x0C, 0x1C, 0xC8, 0x36, 0xE0, 0xAB,
    0x04, 0xDC, 0x16, 0x7C, 0x75, 0xE1, 0x6C, 0xFB, 0x30, 0xC2, 0xBF, 0x15, 0xFA, 0x37, 0x48, 0xB8,
    0x9E, 0xA1, 0x39, 0x5D, 0x7C, 0x33, 0x8B, 0x7B, 0x2E, 0x33, 0xB1, 0xAD, 0x9A, 0xD4, 0x2A, 0x50,
    0x80, 0x01, 0xB4, 0x69, 0x70, 0xB6, 0x61, 0x58, 0x6C, 0x13, 0x37, 0xD4, 0xD4, 0x80, 0x4C, 0x0F,
    0xB8, 0x2E, 0x10, 0xE7, 0x94, 0xC0, 0x01, 0xC7, 0x28, 0x88, 0x78, 0xE6, 0x0E, 0x19, 0xAA, 0x7B,
    0xFB, 0xAA, 0x32, 0x76, 0xBD, 0x0C, 0xD3, 0x9B, 0xEB, 0x6E, 0xD5, 0x6E, 0x96, 0x6F, 0x7D, 0xA2,
    0x7F, 0xB3, 0xEC, 0xF7, 0x9F, 0xE8, 0x1B, 0xE6, 0x7E, 0x6B, 0x8E, 0xD2, 0x77, 0xB9, 0x75, 0x5B,
    0x9C, 0xF6, 0x59, 0xEC, 0x5F, 0xF1, 0xD6, 0x17, 0x9B, 0xEB, 0x8B, 0x6F, 0xFD, 0x23, 0x7B, 0xFF,
    0xD8, 0xE1, 0xD1, 0x15, 0x15, 0x07, 0xAA, 0xB7, 0x66, 0xA6, 0xB8, 0x11, 0xE3, 0x63, 0x6A, 0xC7,
    0xCD, 0xD3, 0xCE, 0xAA, 0x55, 0x8F, 0x9B, 0x4B, 0x8F, 0x9E, 0x30, 0x31, 0xD1, 0x1B, 0x62, 0x62,
    0xFE, 0x74, 0x82, 0x82, 0x1D, 0x26, 0xCC, 0x76, 0xB9, 0x2F, 0x74, 0xE9, 0x6A, 0x6A, 0xDE, 0x5A,
    0x9B, 0xA6, 0x8B, 0xD8, 0xD0, 0x46, 0x8C, 0x7F, 0xA8, 0x6D, 0x90, 0xAE, 0xCE, 0x44, 0x7F, 0x1D,
    0x7F, 0x4C, 0x51, 0xE7, 0x82, 0xC7, 0x5F, 0x57, 0x97, 0x2E, 0x21, 0xBF, 0xCD, 0x3F, 0xEF, 0x71,
    0x3D, 0xF5, 0x94, 0x21, 0xC3, 0xFF, 0xFA, 0xFF, 0x3C, 0x7F, 0x70, 0xB3, 0x0C, 0x18, 0x14, 0x34,
    0x7F, 0xF2, 0xFE, 0x05, 0xD4, 0xA4, 0xE7, 0x7A, 0x20, 0x1B, 0xBF, 0x80, 0x4C, 0xD1, 0x3F, 0x3A,
    0x28, 0x5E, 0x4D, 0x8F, 0x1B, 0xF5, 0xAC, 0x27, 0xF7, 0x7F, 0xE8, 0x31, 0x3A, 0x41, 0x7E, 0xBE,
    0x6F, 0x16, 0xEE, 0x7F, 0x65, 0x26, 0xE3, 0x87, 0xE0, 0x43, 0xFB, 0xA1, 0x71, 0xFB, 0x58, 0xB3,
    0x89, 0xB8, 0xE1, 0x65, 0x7E, 0xF6, 0x32, 0xED, 0x13, 0x8C, 0x5C, 0xE5, 0xE7, 0x57, 0xF3, 0xB1,
    0xF8, 0x9B, 0xA9, 0xA4, 0x13, 0xDB, 0x05, 0x81, 0x3C, 0xE8, 0x47, 0x39, 0xA1, 0x4E, 0x9A, 0x3F,
    0xC4, 0x76, 0xED, 0xFA, 0x47, 0x99, 0xD7, 0x57, 0xFB, 0x0D, 0x9C, 0xDF, 0x32, 0x1F, 0xC7, 0x4F,
    0xED, 0x5C, 0x6C, 0xFA, 0xA5, 0xE3, 0x77, 0x7E, 0x95, 0x6E, 0x06, 0x85, 0x96, 0x09, 0x75, 0x72,
    0x7D, 0xB2, 0x51, 0xD5, 0xD9, 0xB4, 0xEA, 0xA2, 0x51, 0x7D, 0x5C, 0xAD, 0x96, 0x19, 0xB3, 0x2F,
    0xFA, 0x8F, 0x73, 0xE4, 0x76, 0x46, 0x2F, 0x05, 0x54, 0x86, 0x6E, 0xF7, 0x46, 0xF3, 0x8B, 0xE6,
    0x50, 0xB8, 0x5A, 0xE8, 0x69, 0x0D, 0x60, 0xC8, 0x76, 0x6F, 0x3E, 0x7E, 0x26, 0x78, 0x98, 0x83,
    0xAB, 0x15, 0xBE, 0x7E, 0x8C, 0x61, 0x54, 0x80, 0xC8, 0x7F, 0x8E, 0x8F, 0x0A, 0xF0, 0x18, 0x4F,
    0x19, 0x0E, 0x6C, 0x15, 0x20, 0xD1, 0xB9, 0x06, 0x50, 0xFE, 0xD3, 0xF3, 0x51, 0xFE, 0x13, 0xB8,
    0x02, 0xB0, 0xCE, 0x15, 0x80, 0xF5, 0xF2, 0x36, 0x3E, 0x11, 0x99, 0xC4, 0xD7, 0x71, 0x68, 0x68,
    0x87, 0xD6, 0xF1, 0x58, 0x03, 0x60, 0xE0, 0xFE, 0x4F, 0x6B, 0xC0, 0x0E, 0xCA, 0x61, 0x81, 0x40,
    0x71, 0x84, 0xE4, 0xEE, 0x55, 0x03, 0xB8, 0x0A, 0x50, 0x7C, 0x54, 0x80, 0xBC, 0x7F, 0x38, 0xFF,
    0x37, 0x9D, 0x2B, 0x00, 0x21, 0xCB, 0xFF, 0x40, 0x96, 0xFF, 0x54, 0x03, 0x26, 0xE5, 0x3F, 0x8F,
    0x9F, 0x52, 0xFE, 0x53, 0x0D, 0xE0, 0xFC, 0xE1, 0x1A, 0x50, 0x26, 0xE5, 0x3F, 0xD5, 0x80, 0xC6,
    0xF9, 0x9F, 0xD4, 0x80, 0xE8, 0xBF, 0x58, 0x61, 0xE4, 0xF9, 0xE5, 0x41, 0xB9, 0xEE, 0x30, 0x5C,
    0xB0, 0x6D, 0xFE, 0x2C, 0x42, 0x31, 0x7E, 0xAD, 0x01, 0x19, 0x6B, 0x0D, 0xD8, 0x06, 0xAD, 0xFF,
    0x68, 0xFE, 0xF9, 0xDD, 0x72, 0xFE, 0xAE, 0x99, 0x22, 0xC9, 0xFA, 0x2E, 0x9E, 0x80, 0x75, 0xEA,
    0x7A, 0x6F, 0xD7, 0x76, 0x5A, 0x2F, 0x78, 0x58, 0x03, 0x4E, 0x5E, 0xFF, 0x05, 0x68, 0x05, 0x38,
    0x5F, 0xFB, 0x27, 0x30, 0x4A, 0x5E, 0x3F, 0x62, 0x7C, 0xD2, 0xFA, 0x13, 0xB9, 0x9E, 0xE7, 0x57,
    0x40, 0xBF, 0xB0, 0xF2, 0x2B, 0x7B, 0xFF, 0xD5, 0x53, 0x0D, 0x0C, 0xE4, 0xBA, 0xA0, 0x8D, 0x5F,
    0xEF, 0x3F, 0xBD, 0xD9, 0xBA, 0x42, 0x51, 0x86, 0x3A, 0x78, 0xFD, 0x75, 0xD8, 0xA7, 0xA2, 0xA2,
    0xCD, 0x0A, 0xA7, 0x7D, 0x2C, 0x6E, 0x9E, 0x3C, 0x6D, 0xB2, 0x1E, 0x33, 0x40, 0x4C, 0x4C, 0xB5,
    0x1C, 0x5E, 0xFD, 0x9D, 0x20, 0xFC, 0x39, 0x58, 0x5F, 0x63, 0x57, 0xED, 0xA6, 0xB6, 0xE3, 0x48,
    0xE2, 0x2D, 0x1C, 0x0F, 0xF1, 0x65, 0xAE, 0xD5, 0x0D, 0xBA, 0x0C, 0xBE, 0xFE, 0xEE, 0x11, 0x5B,
    0x75, 0x8E, 0xF5, 0x7A, 0x55, 0xA9, 0x62, 0x67, 0x33, 0x9B, 0x75, 0xA1, 0xEE, 0x7A, 0x78, 0x76,
    0xC7, 0xFE, 0x7E, 0xE2, 0xF5, 0xAD, 0xFF, 0x32, 0xD8, 0xE6, 0xD8, 0xDF, 0x7F, 0xAC, 0x03, 0x54,
    0x77, 0xB9, 0x7E, 0xE7, 0x3E, 0x7A, 0xF7, 0xB4, 0x99, 0xBF, 0x7F, 0xA2, 0x7E, 0x3C, 0xE9, 0x56,
    0xCC, 0x1C, 0xDA, 0x9D, 0xC2, 0xA5, 0x75, 0x5B, 0x63, 0x87, 0x63, 0xE9, 0xC7, 0x21, 0xF2, 0x16,
    0x1F, 0x1E, 0x8E, 0xDF, 0xA1, 0x3E, 0xEB, 0x3E, 0xCE, 0x5A, 0xEB, 0xE1, 0xE3, 0xAC, 0xC6, 0x7D,
    0xA0, 0xB9, 0xBE, 0xC6, 0x54, 0x36, 0xAE, 0xFE, 0x09, 0xB0, 0x27, 0x74, 0xEF, 0x93, 0x22, 0x1D,
    0x06, 0xFF, 0x7D, 0x2C, 0x65, 0xB1, 0x6C, 0xF3, 0x9B, 0x5D, 0xA1, 0xC7, 0x5B, 0xF7, 0x3D, 0x7F,
    0xD9, 0x45, 0x3A, 0xAF, 0xEF, 0x51, 0xA2, 0x16, 0x82, 0x3D, 0xB9, 0x2E, 0x8A, 0x61, 0xA6, 0xA7,
    0x88, 0xF4, 0xAD, 0xF5, 0xDE, 0x3A, 0x95, 0x12, 0xEE, 0xF8, 0x8F, 0x20, 0x47, 0xE9, 0x86, 0xF2,
    0x53, 0x87, 0x49, 0x47, 0xAE, 0xC3, 0x46, 0x2F, 0x78, 0x83, 0x00, 0xD0, 0x0E, 0xB9, 0xA9, 0x5D,
    0xFF, 0xEA, 0x22, 0xD0, 0x4F, 0x88, 0x6D, 0xCE, 0xE5, 0xF9, 0x68, 0x77, 0xFF, 0x1F, 0x3C, 0xB6,
    0x1B, 0x3E, 0xBD, 0x47, 0x3D, 0x0F, 0xA1, 0x01, 0x53, 0xB0, 0x61, 0xFC, 0xD7, 0xD1, 0x7B, 0x77,
    0x3F, 0xF2, 0xEF, 0xCB, 0x02, 0x85, 0x21, 0x5F, 0x7F, 0x86, 0xEE, 0x80, 0xA2, 0x41, 0xB1, 0xD5,
    0xD7, 0x83, 0xF3, 0x2F, 0x5C, 0xE1, 0x70, 0x9D, 0xD6, 0xEE, 0xA7, 0x59, 0x3B, 0x0D, 0x41, 0xE4,
    0xEB, 0xC3, 0xF3, 0xB0, 0xEA, 0xCE, 0x68, 0x56, 0x5F, 0xBF, 0xEF, 0xD9, 0x43, 0xBA, 0x5C, 0x82,
    0xC5, 0x36, 0xE2, 0x17, 0x23, 0x3C, 0xE1, 0xE0, 0x6F, 0x0B, 0xFE, 0x82, 0xC2, 0x00, 0x79, 0xC2,
    0x41, 0x7A, 0xB6, 0x7F, 0x20, 0x90, 0xE4, 0xFB, 0x82, 0xF4, 0x64, 0x7F, 0xA1, 0x97, 0xE4, 0xFB,
    0x83, 0xF4, 0x6C, 0xFF, 0xC0, 0x49, 0xF5, 0x8F, 0xF5, 0xBD, 0x7E, 0xD6, 0x9B, 0xAD, 0x57, 0x73,
    0x9A, 0x9A, 0x80, 0x60, 0xE5, 0xCF, 0xC1, 0xBA, 0x96, 0x66, 0x6A, 0x3E, 0xF3, 0x0B, 0xB4, 0xAB,
    0xA9, 0xEA, 0xD2, 0xC9, 0x93, 0xE9, 0xB3, 0x68, 0x12, 0x4F, 0x1E, 0xD6, 0xF3, 0xFD, 0x8D, 0xC2,
    0xFD, 0xBF, 0x3B, 0x58, 0xB7, 0x66, 0xE6, 0x68, 0xC3, 0x2C, 0x10, 0xDA, 0xEE, 0xD9, 0x1D, 0xBC,
    0xB6, 0xE3, 0x1D, 0x3E, 0x08, 0x8E, 0x47, 0xCF, 0x64, 0x5D, 0xD7, 0xDA, 0x7B, 0xA3, 0x0E, 0xE9,
    0x7B, 0x34, 0xBB, 0x48, 0xE7, 0xFA, 0x9B, 0xCE, 0x1F, 0x53, 0xD2, 0xF3, 0xFD, 0x97, 0xC1, 0x49,
    0x46, 0x9E, 0xD0, 0x69, 0x7F, 0x66, 0x73, 0x10, 0x54, 0x97, 0xE3, 0xC1, 0x43, 0xF1, 0x65, 0xBE,
    0xC4, 0x87, 0xA3, 0x67, 0xFB, 0x3B, 0xD9, 0xF8, 0x87, 0x83, 0xF5, 0xEB, 0x54, 0x42, 0xB9, 0x42,
    0x27, 0x0F, 0xE9, 0xE9, 0xFE, 0x50, 0xE1, 0x78, 0x72, 0x2C, 0x9D, 0xB4, 0xAA, 0xF5, 0x56, 0x45,
    0xC5, 0x5B, 0x20, 0xEC, 0x0E, 0xD6, 0xCD, 0x49, 0x5F, 0x08, 0x20, 0xB0, 0xE3, 0x69, 0xFF, 0xA7,
    0xAC, 0x7D, 0x66, 0x95, 0xA8, 0x6E, 0xEC, 0x09, 0x07, 0xE9, 0x8F, 0xF1, 0x1D, 0x3D, 0x8F, 0x0F,
    0x3D, 0xDF, 0x7F, 0x8F, 0x79, 0x51, 0x66, 0xB6, 0x3F, 0x1B, 0xB3, 0x42, 0x46, 0xBA, 0x7F, 0x43,
    0xF5, 0xF1, 0xD8, 0xEB, 0xBB, 0x62, 0xB0, 0x27, 0x1C, 0xA1, 0xA7, 0xFB, 0xAF, 0xDB, 0xFB, 0x95,
    0x3D, 0xAC, 0x73, 0x7D, 0xCA, 0xAE, 0x4F, 0x8E, 0xD0, 0x93, 0x78, 0xBE, 0x3E, 0xC5, 0x87, 0x9E,
    0xCF, 0xCF, 0x83, 0xF3, 0x9B, 0x1C, 0xBB, 0xCE, 0xFB, 0xCB, 0xC9, 0xF5, 0x37, 0x07, 0xE9, 0x32,
    0x78, 0x7C, 0x65, 0x6C, 0x5F, 0x9F, 0xE9, 0xF9, 0x41, 0x38, 0x92, 0xFD, 0xC5, 0xD8, 0x5B, 0x48,
    0xE3, 0xC3, 0x93, 0xC5, 0x07, 0xE4, 0xD2, 0xF5, 0xF5, 0x7D, 0x45, 0x1D, 0xB7, 0x0B, 0x04, 0x5F,
    0x7F, 0xE3, 0x53, 0x96, 0xE3, 0x53, 0xE6, 0x7E, 0x77, 0xF9, 0xF9, 0x42, 0x78, 0x7E, 0xEF, 0x3F,
    0xAE, 0x9A, 0xB4, 0x56, 0x39, 0x51, 0xA7, 0x40, 0x28, 0x63, 0x77, 0x94, 0x41, 0xCF, 0x9F, 0xC6,
    0x87, 0x27, 0x8F, 0xCF, 0xF3, 0x8B, 0x3C, 0x94, 0x5F, 0xA1, 0xE5, 0xE7, 0x23, 0xE4, 0x49, 0xF7,
    0x4F, 0xDB, 0x84, 0xA1, 0x0B, 0x64, 0x40, 0x9D, 0xF6, 0xB0, 0xFE, 0x2C, 0xE4, 0x89, 0x5E, 0x4D,
    0xCF, 0x5F, 0x02, 0xE1, 0x21, 0x47, 0xDC, 0xDB, 0x5B, 0x7C, 0x78, 0xF2, 0xF8, 0xFC, 0xFC, 0x84,
    0x3D, 0xAC, 0xFF, 0xEB, 0xF7, 0x2F, 0xB7, 0xCD, 0xF1, 0xE4, 0x09, 0x07, 0xE9, 0x4B, 0xDB, 0xCE,
    0x07, 0x36, 0x9D, 0x3D, 0x32, 0xBF, 0xF5, 0x32, 0xDF, 0xCF, 0x67, 0xF2, 0xFD, 0x25, 0xFF, 0xFF,
    0x2D, 0xDE, 0x3D, 0x59, 0x7C, 0x29, 0xF6, 0x1A, 0x1F, 0x9E, 0xEC, 0xFA, 0x6F, 0xE7, 0x3B, 0xEC,
    0x09, 0xC7, 0xEF, 0xF3, 0xC9, 0x83, 0x2D, 0xEE, 0x61, 0x9D, 0xDB, 0x7E, 0x3A, 0xDF, 0x21, 0x4F,
    0x53, 0xD6, 0x93, 0xEF, 0x1F, 0xEF, 0x85, 0x4E, 0x9E, 0x44, 0x4F, 0xCE, 0xC7, 0x14, 0x96, 0xAF,
    0x9F, 0x42, 0xE7, 0xF8, 0x36, 0xD5, 0xF2, 0xFD, 0xF5, 0x70, 0x84, 0xFE, 0x3F, 0x95, 0xD3, 0x81,
    0x86, 0x24, 0x41, 0x10, 0x84, 0xE1, 0x9F, 0x00, 0x48, 0xEA, 0x55, 0x82, 0x01, 0x18, 0xEA, 0xD5,
    0x83, 0x7B, 0xA1, 0xE6, 0x00, 0x86, 0xBA, 0x49, 0xD5, 0x8D, 0xB3, 0xBB, 0x6D, 0x56, 0x7E, 0x01,
    0x54, 0x06, 0x74, 0xB6, 0x56, 0x84, 0x45, 0xD5, 0xC5, 0xCD, 0x6F, 0x21, 0x19, 0xAC, 0x03, 0x80,
    0xD0, 0xC8, 0xA6, 0xBF, 0xD4, 0xC0, 0xC2, 0x45, 0x36, 0x93, 0x83, 0x69, 0x00, 0x9D, 0xB4, 0xED,
    0xDA, 0xB1, 0x5E, 0xC6, 0x5B, 0xC8, 0x06, 0xE0, 0x26, 0x4E, 0xB5, 0x18, 0xBB, 0x4F, 0x6C, 0xA9,
    0x13, 0x40, 0x9A, 0xE8, 0x29, 0x7A, 0x4C, 0x4F, 0x08, 0xEB, 0x05, 0x45, 0x21, 0xA9, 0xAA, 0x6C,
    0x27, 0xC1, 0x9E, 0x07, 0xF7, 0x0B, 0xAC, 0xFC, 0xF4, 0x22, 0x80, 0xF1, 0xCD, 0xFE, 0x0A, 0x3D,
    0xF9, 0xFA, 0x02, 0x56, 0x10, 0x74, 0x00, 0x94, 0x6B, 0xEA, 0x1C, 0xBF, 0xF3, 0xC0, 0xF9, 0x83,
    0xFD, 0xCE, 0x43, 0xE4, 0x51, 0xE4, 0xB9, 0x43, 0xB1, 0x03, 0xD4, 0x6B, 0x32, 0x94, 0x94, 0x88,
    0x4B, 0x5C, 0x89, 0xEB, 0xCA, 0xEF, 0xFB, 0x01, 0xAA, 0xF3, 0x59, 0x3F, 0x00, 0x3E, 0x53, 0x0D,
    0x50, 0xB4, 0x55, 0xAA, 0xDC, 0x6C, 0xBB, 0x5A, 0x2A, 0x51, 0x23, 0xB4, 0xDB, 0x4F, 0xFB, 0x51,
    0x0F, 0xE0, 0x76, 0x7F, 0x22, 0x6A, 0x9F, 0x16, 0x6A, 0xDD, 0xB7, 0x31, 0x0F, 0xB4, 0x0E, 0x51,
    0x6F, 0xD5, 0x3C, 0x56, 0x6E, 0xEE, 0xB8, 0x8E, 0xF1, 0xED, 0x05, 0xB1, 0x02, 0xBF, 0xAB, 0x9A,
    0x07, 0x3F, 0xD6, 0x7D, 0x58, 0xA4, 0x85, 0x9E, 0xCA, 0x37, 0x87, 0x39, 0xA3, 0xB8, 0xA8, 0x06,
    0x0A, 0x4C, 0xB8, 0x36, 0x2D, 0xC6, 0x0B, 0x80, 0x34, 0xBD, 0x4A, 0xA5, 0x01, 0x07, 0x95, 0x8A,
    0x67, 0x40, 0x88, 0xB5, 0x72, 0x3E, 0xE0, 0x54, 0x17, 0x5F, 0x80, 0x6A, 0x08, 0x31, 0xF3, 0xFF,
    0x0F, 0xF4, 0x04, 0x8C, 0xF9, 0x07, 0x9D, 0x96, 0xC1, 0xCA, 0xEB, 0x3A, 0x10, 0x83, 0x3F, 0xD0,
    0x76, 0xC0, 0xAF, 0x22, 0xE8, 0x36, 0x90, 0x57, 0x17, 0xDC, 0x6D, 0xE0, 0xBC, 0x8A, 0xE1, 0x6C,
    0x0B, 0xBD, 0x90, 0x9A, 0xFE, 0xC7, 0xD0, 0xE4, 0x6F, 0x9A, 0x91, 0xA1, 0xC5, 0x53, 0x59, 0x9E,
    0x11, 0x93, 0xA2, 0x50, 0x3B, 0x1C, 0x12, 0x62, 0xE1, 0xF6, 0xE8, 0x85, 0xBD, 0x23, 0x18, 0xC0,
    0x60, 0x74, 0x2F, 0x21, 0x96, 0xB6, 0xB9, 0xE2, 0xF4, 0x75, 0x01, 0x21, 0x4C, 0x51, 0x18, 0xA5,
    0x5C, 0x76, 0xB9, 0xD6, 0xBB, 0xEB, 0x19, 0x00, 0x40, 0x30, 0x26, 0xD0, 0xBA, 0x8B, 0x6A, 0xCF,
    0xFD, 0xA5, 0x6D, 0x00, 0x28, 0x08, 0x0A, 0x60, 0x08, 0xB2, 0x81, 0x59, 0x9C, 0xDF, 0x8B, 0x5B,
    0x30, 0x01, 0x16, 0x36, 0x89, 0x77, 0x1A, 0x17, 0x28, 0xD0, 0x37, 0xEC, 0x0A, 0xC1, 0xA7, 0xEC,
    0xA6, 0xE4, 0xCA, 0xCD, 0x95, 0x8A, 0x6D, 0xAF, 0xDD, 0xE3, 0x01, 0xA0, 0x10, 0x9B, 0x5C, 0x75,
    0x70, 0xF7, 0x66, 0x6E, 0xF9, 0x42, 0x1A, 0x7F, 0xB5, 0x9C, 0x0A, 0x6B, 0x70, 0x83, 0x04, 0xB8,
    0xD4, 0xE5, 0x13, 0x4A, 0x84, 0xA0, 0x41, 0x81, 0x01, 0x48, 0x58, 0xF9, 0xF4, 0x84, 0xD1, 0xAA,
    0x2A, 0xF5, 0xB7, 0xF4, 0x1D, 0x0C, 0x75, 0x99, 0xB8, 0x21, 0xCE, 0x88, 0x05, 0xF9, 0x53, 0x6B,
    0x17, 0x07, 0x3D, 0x0A, 0x11, 0x76, 0x3B, 0xF2, 0xE7, 0x12, 0xFE, 0x5C, 0x56, 0xA5, 0xAD, 0xFA,
    0xB1, 0xA6, 0x41, 0x75, 0xB1, 0x37, 0x12, 0xF7, 0xE3, 0xCE, 0xE8, 0x71, 0x17, 0x08, 0x6A, 0x47,
    0x7B, 0xC4, 0xF0, 0x44, 0x76, 0x3C, 0x1E, 0x00, 0x82, 0xD1, 0x5E, 0xCB, 0x7A, 0x3C, 0x42, 0x2A,
    0x5E, 0x33, 0x48, 0x46, 0x39, 0xD6, 0xBB, 0x31, 0x66, 0xED, 0x66, 0x7C, 0xBA, 0x03, 0xAF, 0x7D,
    0x78, 0x16, 0xCB, 0x35, 0x32, 0xAB, 0xF5, 0xA9, 0x58, 0x9F, 0xA8, 0xD9, 0x6B, 0xF4, 0x4E, 0xCA,
    0xC1, 0x44, 0xF8, 0x84, 0x73, 0x9E, 0x08, 0x6F, 0xD9, 0xC7, 0x44, 0xF8, 0x86, 0x5D, 0x21, 0xF8,
    0x94, 0xDD, 0xAA, 0xDA, 0xEC, 0xA3, 0x02, 0x62, 0x4A, 0x55, 0xDD, 0x3E, 0x2D, 0xE0, 0x75, 0x69,
    0x63, 0x22, 0x9C, 0x5E, 0x7B, 0x43, 0x02, 0xAE, 0x59, 0x85, 0x2E, 0x57, 0x1D, 0x5B, 0x86, 0x31,
    0xDD, 0xDB, 0x9D, 0xCC, 0xD1, 0xEE, 0x30, 0x9B, 0x46, 0x6F, 0xF6, 0x25, 0x55, 0x95, 0xED, 0x24,
    0xD8, 0x12, 0xFF, 0x7E, 0x65, 0x8D, 0xE2, 0xA2, 0xBC, 0x23, 0x03, 0xDE, 0x11, 0x37, 0x46, 0xD9,
    0x02, 0x79, 0x49, 0x8C, 0x52, 0x6F, 0x5C, 0xBD, 0x17, 0x7C, 0x8E, 0xD6, 0x99, 0x25, 0x8E, 0x9C,
    0x79, 0xFF, 0xC8, 0x90, 0x1F, 0x89, 0x3B, 0x30, 0xE4, 0xD0, 0x38, 0x1B, 0xF2, 0x32, 0xFB, 0x30,
    0xE4, 0x19, 0xFB, 0x30, 0xE4, 0xC1, 0xDD, 0xDF, 0x18, 0x72, 0xC4, 0x64, 0xC8, 0xEB, 0xD2, 0x86,
    0x21, 0x8F, 0x85, 0x4D, 0xAF, 0xA8, 0x2B, 0x5D, 0x1E, 0x86, 0x3C, 0xEC, 0x36, 0x0A, 0x08, 0x28,
    0xE0, 0x49, 0x1E, 0xC5, 0x29, 0x1A, 0xA6, 0xF6, 0x95, 0xD7, 0xF2, 0x58, 0xC1, 0x0D, 0x5A, 0x67,
    0x7A, 0xC5, 0xE9, 0x5E, 0xA5, 0xB2, 0x6C, 0x25, 0x22, 0xB5, 0xC3, 0xAC, 0x81, 0x05, 0x28, 0x40,
    0x5F, 0x1E, 0x33, 0x5E, 0x78, 0xBF, 0x1C, 0x23, 0x08, 0x9B, 0xD4, 0xFE, 0xF3, 0xE2, 0xE9, 0x69,
    0x99, 0xBC, 0x5B, 0x8C, 0x9C, 0x79, 0x9F, 0x66, 0xB8, 0xE5, 0x1B, 0x89, 0xA3, 0xF7, 0xE7, 0xFA,
    0x2E, 0x73, 0x02, 0x18, 0xF0, 0x39, 0x2D, 0x68, 0x47, 0x51, 0x4F, 0x18, 0x3F, 0x11, 0x12, 0xF6,
    0x7C, 0xE1, 0x9A, 0xAC, 0x51, 0x2F, 0x0E, 0xF1, 0x44, 0x8A, 0x2C, 0xAC, 0xDB, 0x4F, 0xCE, 0x28,
    0x17, 0xAE, 0xDF, 0x87, 0xC1, 0xB4, 0x3F, 0xFE, 0x0F, 0x40, 0x07, 0x86, 0xC5, 0x80, 0xA2, 0xF2,
    0x5C, 0x0D, 0xB3, 0xE0, 0x11, 0x61, 0x84, 0xD8, 0x97, 0x0B, 0x5A, 0x9F, 0x87, 0x49, 0xB1, 0xED,
    0xE8, 0x56, 0x66, 0xBD, 0x0C, 0x7B, 0x7D, 0x7F, 0x4C, 0x07, 0xFF, 0x7A, 0xCC, 0xCB, 0x5E, 0xBE,
    0xFD, 0x6A, 0xAF, 0x39, 0xA7, 0x37, 0xCF, 0xF6, 0xBA, 0x2E, 0x71, 0xD8, 0xEB, 0x4C, 0xDF, 0x75,
    0x4E, 0x80, 0x00, 0x99, 0x69, 0x0F, 0xDD, 0x10, 0x08, 0x18, 0x60, 0x4C, 0x1B, 0x31, 0x26, 0x51,
    0x10, 0x03, 0x35, 0x30, 0xE5, 0x0F, 0xB7, 0x09, 0x09, 0x15, 0x2A, 0xE8, 0x3B, 0xF2, 0xF3, 0xAB,
    0xFE, 0x19, 0xED, 0xB0, 0xFB, 0xC7, 0x9C, 0xAF, 0x7C, 0x82, 0x31, 0xB1, 0xAC, 0xAA, 0x2A, 0x99,
    0x30, 0xE2, 0xD8, 0xCD, 0xB5, 0x68, 0x2F, 0x6D, 0xEB, 0xDA, 0xA8, 0x0E, 0x1F, 0xAA, 0xFC, 0x8B,
    0x96, 0x0B, 0x37, 0xFF, 0x1F, 0x9D, 0x96, 0xCD, 0xAA, 0xFB, 0x3A, 0x0C, 0xC4, 0x07, 0xB4, 0x1D,
    0xF0, 0xAB, 0x08, 0xBC, 0x35, 0xF8, 0xD5, 0x05, 0xDE, 0x1A, 0xFA, 0x2A, 0x82, 0x6C, 0x03, 0xBE,
    0x12, 0xCD, 0x21, 0x2D, 0x3D, 0xE9, 0xF9, 0xE7, 0xFE, 0xE4, 0x68, 0xAC, 0x88, 0xC9, 0x77, 0x9B,
    0xE0, 0x85, 0x19, 0x84, 0xC8, 0xD8, 0x55, 0x41, 0xAD, 0xA6, 0x55, 0x61, 0xB5, 0x0E, 0x34, 0x97,
    0x3D, 0xEA, 0x6C, 0x12, 0x63, 0x4C, 0x98, 0x34, 0x1D, 0x83, 0x6A, 0xC2, 0x22, 0xB9, 0xBE, 0x06,
    0x7F, 0xFB, 0x13, 0x15, 0x83, 0x02, 0x0C, 0x65, 0xA8, 0xD8, 0x87, 0x3F, 0xEB, 0x54, 0xEF, 0xA4,
    0xEA, 0xA3, 0x87, 0x4E, 0xAD, 0x2C, 0x4B, 0x27, 0xCF, 0xFE, 0xA9, 0x57, 0xFE, 0x45, 0x52, 0x67,
    0xE9, 0xA1, 0xB3, 0x92, 0xC5, 0x1F, 0xDF, 0xFD, 0x2B, 0xB0, 0x1C, 0x07, 0x47, 0x5B, 0x7F, 0x0F,
    0x7C, 0x61, 0xAD, 0x5C, 0xA8, 0x66, 0x8C, 0x94, 0x8B, 0x99, 0x92, 0x56, 0x31, 0x23, 0x68, 0x39,
    0x3B, 0x35, 0xA3, 0x46, 0x85, 0x0C, 0x13, 0xAC, 0x5D, 0xC0, 0x0C, 0x68, 0x06, 0x9E, 0x0D, 0xF0,
    0x67, 0x28, 0xCA, 0xB2, 0xC8, 0xB0, 0x63, 0x08, 0xC2, 0x93, 0x99, 0x3F, 0xA3, 0xA0, 0xDB, 0x42,
    0xC3, 0x2B, 0x44, 0x41, 0xB1, 0xE2, 0xB1, 0x80, 0xF8, 0xCA, 0x71, 0x57, 0xAE, 0x29, 0xAD, 0xB4,
    0x54, 0x53, 0xC6, 0xF8, 0xCB, 0xFF, 0x76, 0x63, 0x18, 0xCA, 0x17, 0x2D, 0x2E, 0x96, 0xF2, 0xD8,
    0x36, 0xA7, 0xB0, 0x94, 0x6D, 0xB3, 0x29, 0xE8, 0x65, 0xFB, 0xFD, 0xC6, 0x16, 0x0B, 0x9F, 0xA6,
    0x9E, 0xDB, 0xB9, 0xE1, 0x4F, 0xF5, 0x32, 0x76, 0x65, 0x3D, 0x74, 0xC8, 0x9A, 0x75, 0xBF, 0xF7,
    0x60, 0xC9, 0xAE, 0x53, 0x24, 0xB5, 0x52, 0xC4, 0x1F, 0xDB, 0x3D, 0x7F, 0xEE, 0x77, 0xD6, 0xF0,
    0xD7, 0x9F, 0xE3, 0xC0, 0x1D, 0xBF, 0x17, 0xF3, 0xF0, 0x95, 0xF0, 0x51, 0x39, 0xCA, 0x9A, 0xEA,
    0xF7, 0x8E, 0x1F, 0xAE, 0x53, 0xCA, 0xA2, 0xB0, 0x52, 0x8A, 0x3F, 0xFC, 0xAB, 0x1F, 0x7F, 0x50,
    0x60, 0x80, 0x0E, 0x00, 0x96, 0x69, 0x30, 0x52, 0x53, 0x04, 0x99, 0x60, 0x5E, 0x72, 0xA5, 0x9A,
    0x90, 0x66, 0xA4, 0x0E, 0x50, 0xAC, 0x65, 0xF3, 0x44, 0x31, 0x23, 0xD4, 0x0B, 0x1C, 0x9C, 0x35,
    0xE0, 0xC4, 0x2B, 0x2E, 0x26, 0x20, 0xAE, 0x28, 0xA5, 0x35, 0x55, 0xB3, 0xCB, 0xFE, 0xEA, 0x7B,
    0xD5, 0x79, 0xDD, 0x87, 0x18, 0x0C, 0x8A, 0x0B, 0xDC, 0x5B, 0x23, 0x45, 0x70, 0xC1, 0xF2, 0xBE,
    0x73, 0x4A, 0xC5, 0x3F, 0x23, 0xA0, 0xA9, 0x52, 0x4D, 0x69, 0x29, 0x67, 0x47, 0x07, 0x29, 0xAA,
    0x43, 0x94, 0xD4, 0x81, 0x77, 0x40, 0x7D, 0x8D, 0x67, 0x8D, 0x17, 0x8A, 0xEB, 0xD4, 0x89, 0x09,
    0x87, 0x45, 0xE0, 0xC8, 0xE8, 0x3B, 0xFE, 0x37, 0xCA, 0xE2, 0xC5, 0x95, 0xB8, 0x0B, 0xA1, 0xB0,
    0xE7, 0x99, 0xE2, 0x15, 0x13, 0x87, 0x01, 0x64, 0xEF, 0xBC, 0xD8, 0x6A, 0xEE, 0x11, 0x6F, 0xD8,
    0xF9, 0x1F, 0xA7, 0x47, 0x25, 0x47, 0xF5, 0x5C, 0xF1, 0xC3, 0x0E, 0x3B, 0xE2, 0x9C, 0xE5, 0xFC,
    0xA0, 0x43, 0x8E, 0x88, 0xD9, 0x39, 0x3F, 0xED, 0xBB, 0x04, 0xA4, 0xBB, 0x25, 0x86, 0xE0, 0x99,
    0x0F, 0x3F, 0x31, 0x31, 0x85, 0xED, 0xB8, 0x09, 0x08, 0x32, 0xFF, 0x50, 0x5D, 0x19, 0xA1, 0xD5,
    0x2A, 0x32, 0x92, 0xCC, 0xEF, 0xF4, 0x1D, 0x3C, 0x42, 0x7F, 0xE2, 0x7C, 0x9A, 0xEA, 0x9E, 0x51,
    0xBD, 0xE2, 0x8C, 0x13, 0xD9, 0xCB, 0xCC, 0x90, 0x8B, 0x7B, 0xDA, 0xAD, 0x7A, 0x46, 0x37, 0x7C,
    0xC3, 0x74, 0x70, 0x8A, 0x73, 0xEA, 0x80, 0x5D, 0xFE, 0x87, 0xE7, 0x0C, 0x02, 0xD8, 0x79, 0x67,
    0x8E, 0xB3, 0x0E, 0x72, 0x56, 0xFC, 0x6A, 0x9B, 0x57, 0xFB, 0x68, 0x6C, 0x84, 0x46, 0x9D, 0x5B,
    0x06, 0xA1, 0x4D, 0xDB, 0xC5, 0x99, 0x88, 0xED, 0xF8, 0x27, 0x5E, 0x9F, 0xCF, 0xC1, 0xAA, 0xC5,
    0xD6, 0x5E, 0xAC, 0xEA, 0xE0, 0x85, 0xA1, 0xA1, 0x1D, 0xE9, 0x90, 0x4F, 0x4A, 0xD0, 0x02, 0x0D,
    0x2C, 0xC0, 0x0D, 0x9E, 0xD7, 0x2F, 0xDD, 0xC7, 0xFC, 0x8D, 0xF7, 0x4E, 0xCE, 0x3F, 0xBD, 0x57,
    0xF5, 0x59, 0x9D, 0xBE, 0xCF, 0x3D, 0x54, 0x15, 0x74, 0x97, 0xD0, 0x8B, 0x63, 0xFB, 0xD0, 0x13,
    0xB9, 0xC8, 0x7F, 0xF1, 0xFE, 0xA6, 0x39, 0x75, 0x12, 0x46, 0x62, 0x44, 0xD7, 0x4A, 0xB3, 0x31,
    0xD9, 0xBF, 0xBF, 0xA9, 0x3C, 0x52, 0x8C, 0x01, 0x33, 0x81, 0x8D, 0x21, 0x50, 0x11, 0xD4, 0xD4,
    0xBE, 0xA5, 0x1E, 0x35, 0xCC, 0x5A, 0xF4, 0xAF, 0xDE, 0x74, 0x6F, 0xAA, 0x3C, 0x3F, 0x39, 0x53,
    0x95, 0xDF, 0xDF, 0x94, 0xDF, 0x35, 0x93, 0x58, 0x4E, 0x42, 0xC7, 0x37, 0xBF, 0x84, 0xCA, 0xA1,
    0x6B, 0x7F, 0xAF, 0xE5, 0xF3, 0x4D, 0xDB, 0xD7, 0xDA, 0x9B, 0xF8, 0xDE, 0xB7, 0x47, 0x6B, 0x12,
    0xCB, 0x4A, 0x8D, 0x7A, 0xAD, 0xE7, 0x52, 0x2C, 0xD7, 0xED, 0x2D, 0x75, 0x5B, 0x2D, 0xEB, 0x5C,
    0xFF, 0xDB, 0xF5, 0x9F, 0x65, 0x38, 0xA9, 0x63, 0x16, 0x33, 0xD2, 0xC6, 0x63, 0xD6, 0x5B, 0x5F,
    0x0A, 0x8F, 0x21, 0xCE, 0x8A, 0xF1, 0x18, 0x30, 0x0E, 0x8C, 0x59, 0xB7, 0x9B, 0xFE, 0xCD, 0xC9,
    0xF4, 0x9B, 0x11, 0x3A, 0xF2, 0x78, 0x6E, 0x7E, 0x29, 0xB9, 0x4E, 0x1D, 0x8B, 0x6A, 0x4A, 0x1D,
    0x7E, 0xC7, 0xDF, 0xFD, 0xFD, 0x3A, 0x67, 0x9D, 0xE5, 0xDE, 0xC7, 0x84, 0x41, 0xBC, 0x8B, 0x11,
    0x56, 0x7C, 0x5D, 0x7F, 0x69, 0xAA, 0xA6, 0xEF, 0xA9, 0xAA, 0x37, 0xFD, 0x7B, 0x68, 0xCE, 0x2C,
    0xF5, 0xA8, 0x43, 0xC6, 0x6A, 0x5E, 0x61, 0x7D, 0xDB, 0x7B, 0xA8, 0x68, 0xC5, 0xFA, 0xD5, 0x2F,
    0x2E, 0x46, 0xA6, 0xEF, 0xA9, 0xE4, 0x2D, 0x3F, 0xD9, 0xE5, 0x41, 0x33, 0xCE, 0x35, 0x66, 0x7B,
    0xDE, 0x7F, 0x4B, 0xBF, 0xF7, 0x31, 0x69, 0xC8, 0xFE, 0x3C, 0x8E, 0xFF, 0xBB, 0xDF, 0x0E, 0x7F,
    0x97, 0xBF, 0xFC, 0xFF, 0x01, 0xD5, 0x93, 0x81, 0xA6, 0x43, 0x31, 0x10, 0x44, 0x87, 0x00, 0x2C,
    0xF9, 0x95, 0xA1, 0x00, 0x61, 0x7F, 0x7D, 0xE8, 0x07, 0xF4, 0x57, 0x42, 0x01, 0x2E, 0xF7, 0x6D,
    0x24, 0xA0, 0x77, 0x73, 0xA9, 0xC7, 0xE3, 0x9D, 0xB1, 0xD1, 0xEC, 0x74, 0xD1, 0xD9, 0x14, 0x03,
    0x14, 0x19, 0x69, 0x43, 0xC6, 0x22, 0x5C, 0x28, 0x51, 0x35, 0xCE, 0x21, 0xEF, 0xF8, 0xC0, 0xCF,
    0xF3, 0x68, 0xA5, 0x1F, 0xFE, 0x7E, 0xB5, 0x56, 0xA2, 0xCE, 0xA8, 0x71, 0x8F, 0xFE, 0xF4, 0xD4,
    0xFC, 0x7D, 0x36, 0x7F, 0xA9, 0xB9, 0xBF, 0x0E, 0x77, 0xB5, 0xD1, 0xFF, 0x62, 0xFE, 0x98, 0xF3,
    0xBD, 0xB9, 0x9F, 0x51, 0x71, 0x5F, 0xF3, 0x8B, 0x5E, 0x68, 0x24, 0xFD, 0x00, 0x43, 0x17, 0xBC,
    0x8F, 0xB6, 0x6B, 0xB8, 0x9E, 0xFD, 0x3E, 0x19, 0x86, 0xCF, 0xA0, 0x2A, 0x9B, 0x07, 0x21, 0x68,
    0x26, 0x70, 0xA5, 0xAE, 0xC9, 0x79, 0x6E, 0xFD, 0x0E, 0x42, 0x15, 0x09, 0x2B, 0xD9, 0x71, 0xEE,
    0xF1, 0x8E, 0x7B, 0x77, 0xF7, 0x1D, 0x42, 0x05, 0x4B, 0x80, 0x3E, 0x13, 0xB2, 0xD9, 0x5D, 0x2A,
    0x30, 0x64, 0x3C, 0xD4, 0x38, 0x41, 0x4A, 0xFE, 0x92, 0xEC, 0x88, 0xBB, 0x54, 0x45, 0x22, 0x1A,
    0x0D, 0xC2, 0xB9, 0x6E, 0x55, 0x90, 0xE4, 0x58, 0xFC, 0xD7, 0x65, 0xFE, 0xD5, 0x3A, 0x7F, 0xBF,
    0x4C, 0x4D, 0x5D, 0x3E, 0xA7, 0x19, 0x80, 0xB5, 0x33, 0x6A, 0xE7, 0x93, 0xDE, 0x89, 0x3B, 0x3F,
    0xCD, 0x6F, 0x41, 0x9A, 0x0A, 0x4C, 0x24, 0x52, 0x5C, 0xA0, 0xF7, 0x7C, 0x9E, 0xE0, 0xED, 0x63,
    0xB4, 0x21, 0x9A, 0x2A, 0x4C, 0x96, 0xF8, 0x15, 0x05, 0x4B, 0xDB, 0x1D, 0x78, 0xE3, 0x73, 0x0A,
    0xDF, 0xFF, 0x19, 0x96, 0xDF, 0xF8, 0x10, 0xC1, 0x3C, 0x9F, 0x91, 0x9D, 0x40, 0xD7, 0xCD, 0xDB,
    0x09, 0xA1, 0x63, 0x8B, 0xEC, 0x69, 0x0F, 0x9A, 0x80, 0xDB, 0x8C, 0xB1, 0xA3, 0x76, 0xA8, 0xC4,
    0xF9, 0x03, 0xA5, 0x91, 0xC1, 0xCA, 0x03, 0x2B, 0x0C, 0x85, 0x0F, 0xB8, 0x0D, 0xF8, 0x2A, 0x07,
    0xDC, 0x0A, 0xBE, 0x7A, 0xA0, 0xDB, 0x81, 0xFF, 0x55, 0x02, 0xDD, 0x06, 0x72, 0x8D, 0xCE, 0xDC,
    0x7F, 0xFA, 0xF7, 0x6E, 0xDA, 0x7B, 0xBE, 0x39, 0xC6, 0x58, 0x62, 0xAC, 0xE2, 0x54, 0x35, 0x82,
    0x68, 0xDE, 0xD0, 0xE6, 0xBC, 0x60, 0xE2, 0xB8, 0xEB, 0xA8, 0xCE, 0xA3, 0xB1, 0xB1, 0x6B, 0xD7,
    0x21, 0xCD, 0x0A, 0xEE, 0x2A, 0x26, 0x42, 0x21, 0x5A, 0x6F, 0xBA, 0xF6, 0x90, 0x62, 0xB8, 0xA9,
    0x86, 0x20, 0xA9, 0x9E, 0x63, 0x58, 0x8E, 0x2F, 0xF2, 0xEC, 0x39, 0x7C, 0xBB, 0xA0, 0x7A, 0x3F,
    0x1B, 0x70, 0x5A, 0x21, 0x1E, 0xA8, 0x45, 0x55, 0x0A, 0x94, 0x73, 0x58, 0xEE, 0x2B, 0x81, 0xDA,
    0x76, 0x16, 0x14, 0x2D, 0xFB, 0x13, 0x95, 0x1A, 0x2E, 0x14, 0x92, 0x23, 0x6C, 0x46, 0x15, 0xD5,
    0x92, 0x1F, 0x4E, 0x75, 0x6D, 0xDA, 0xA2, 0x59, 0x37, 0x1E, 0x7C, 0x2C, 0x1C, 0x37, 0x0D, 0x50,
    0xF9, 0x43, 0x1B, 0x6C, 0x6C, 0xF2, 0xFB, 0xBB, 0x16, 0x88, 0x56, 0x70, 0xB9, 0x41, 0x35, 0x42,
    0xF5, 0x51, 0x40, 0x7D, 0xA0, 0x85, 0xA3, 0xE1, 0x40, 0x87, 0x2D, 0x13, 0x8A, 0xBB, 0x42, 0xF4,
    0xF8, 0x57, 0xF2, 0x63, 0xF8, 0x95, 0x20, 0x20, 0xF5, 0x60, 0xA7, 0x9C, 0xF4, 0x7A, 0x00, 0xC3,
    0xD7, 0x53, 0xF4, 0x02, 0x28, 0x34, 0xC7, 0x11, 0x0A, 0x01, 0x96, 0x23, 0x32, 0x96, 0xE9, 0x1C,
    0x0D, 0x08, 0x64, 0x56, 0xC0, 0x52, 0x54, 0x04, 0x42, 0x44, 0x78, 0x27, 0x48, 0x50, 0xB2, 0x3E,
    0xBF, 0xC9, 0xA9, 0x11, 0x2B, 0xF3, 0xBA, 0xBD, 0x78, 0xBB, 0x83, 0x8D, 0xF3, 0x39, 0xF1, 0x41,
    0x24, 0xA7, 0xAA, 0x72, 0x49, 0xB4, 0x68, 0x63, 0x67, 0x17, 0xCA, 0xF5, 0xA7, 0x87, 0x51, 0x22,
    0xB6, 0xE7, 0x1C, 0x17, 0x97, 0xCA, 0xA4, 0x5A, 0x93, 0x09, 0x26, 0x7D, 0xCD, 0x7A, 0x3D, 0x72,
    0xFD, 0x52, 0x51, 0xA1, 0xF0, 0xDA, 0x65, 0x83, 0x9B, 0xAA, 0x51, 0x30, 0x89, 0xA8, 0x88, 0x20,
    0x28, 0xD5, 0xFE, 0x7B, 0xFF, 0x24, 0xE7, 0xD5, 0xEE, 0xFB, 0x8B, 0x26, 0xC3, 0x45, 0x4F, 0x1E,
    0xD2, 0xFF, 0xEE, 0x4F, 0x11, 0x14, 0x05, 0x9B, 0x1C, 0x53, 0x61, 0x87, 0x1E, 0x8A, 0x9B, 0xC2,
    0xD3, 0x05, 0x17, 0x6F, 0x8A, 0x00, 0x4A, 0x96, 0x70, 0xCF, 0x33, 0x42, 0x81, 0x6B, 0x2A, 0xC0,
    0x2E, 0xD3, 0x73, 0xE1, 0x92, 0x24, 0x5A, 0xD1, 0x71, 0xE4, 0x28, 0x87, 0x08, 0xAB, 0xE2, 0x26,
    0xE2, 0x40, 0x98, 0x08, 0xA5, 0xD1, 0x95, 0xE0, 0xEB, 0xEF, 0xF7, 0x9B, 0xD0, 0xC6, 0xCD, 0xEB,
    0xFF, 0x93, 0xA5, 0x61, 0x82, 0x74, 0x72, 0x49, 0x74, 0xD8, 0xB1, 0xA4, 0xD8, 0x10, 0x82, 0xF0,
    0xFB, 0xDD, 0x85, 0x51, 0x92, 0x91, 0x71, 0x11, 0x96, 0xEB, 0xAF, 0xF7, 0x47, 0x4C, 0x64, 0xBF,
    0xCD, 0xF0, 0x3F, 0x27, 0xE3, 0x62, 0x14, 0x1B, 0xA3, 0xC0, 0x2B, 0xEC, 0xED, 0xF4, 0x84, 0x36,
    0x0A, 0x9E, 0x78, 0x57, 0x80, 0x4A, 0x86, 0x93, 0xE7, 0xA8, 0x81, 0xB7, 0xF7, 0x43, 0x12, 0x4E,
    0x54, 0xC0, 0x7E, 0xCF, 0x3F, 0x22, 0xBC, 0x17, 0xF3, 0xF1, 0xFC, 0xE9, 0xBD, 0x4C, 0xC7, 0x74,
    0xE6, 0x11, 0xDB, 0x45, 0x73, 0xCD, 0x7B, 0x64, 0x8C, 0x9E, 0xF9, 0x88, 0x4F, 0xEA, 0xCD, 0xCF,
    0xFA, 0x8C, 0x3D, 0xF3, 0x11, 0x9F, 0xF6, 0x8F, 0x69, 0x9F, 0xF5, 0xCF, 0x99, 0x4F, 0x7F, 0xDC,
    0x3F, 0xD7, 0xED, 0xEA, 0xFF, 0x6D, 0xFD, 0x74, 0x7C, 0x79, 0xFE, 0x5C, 0xDF, 0x71, 0x94, 0xE9,
    0xCF, 0xEA, 0xCF, 0xFE, 0x3B, 0x66, 0xFE, 0xE1, 0xF9, 0x73, 0xCD, 0x4F, 0x67, 0xFE, 0x65, 0xFF,
    0xF4, 0x37, 0xFD, 0xB5, 0xDF, 0xDE, 0x7F, 0xE5, 0xFF, 0xAF, 0x7E, 0xFA, 0xAC, 0xFF, 0x07, 0x95,
    0x96, 0x41, 0x8A, 0x63, 0x3D, 0x0C, 0x84, 0x0B, 0xB4, 0x2D, 0x78, 0x57, 0x29, 0xF0, 0xD6, 0xE0,
    0xAB, 0x0B, 0xB2, 0x35, 0xCC, 0x55, 0x0C, 0xB3, 0x35, 0xE8, 0x8F, 0xE9, 0xA6, 0xFF, 0x88, 0x28,
    0xE9, 0xC9, 0x57, 0x18, 0xC7, 0x11, 0x92, 0x5F, 0x64, 0x59, 0x79, 0x48, 0x18, 0x88, 0x11, 0x84,
    0x21, 0xE1, 0xB6, 0x38, 0xE1, 0xA5, 0x32, 0x0E, 0xC5, 0x86, 0x1E, 0xBE, 0xF7, 0x4A, 0x9C, 0xB6,
    0xE0, 0x78, 0x82, 0x12, 0x23, 0x44, 0xAA, 0xDE, 0xFF, 0x9D, 0xFF, 0xF0, 0x8E, 0x06, 0x39, 0x04,
    0xA2, 0xC0, 0x36, 0x3A, 0xA6, 0x91, 0x10, 0x2A, 0x04, 0xC2, 0x88, 0x89, 0x6E, 0x1B, 0x35, 0x84,
    0xE4, 0x0D, 0x1D, 0xC3, 0xCB, 0x00, 0x32, 0x51, 0x23, 0x28, 0x13, 0x8E, 0x12, 0x3C, 0x72, 0x2A,
    0x36, 0x45, 0x3F, 0xAB, 0x77, 0x5C, 0x7E, 0x1F, 0xB0, 0x45, 0x27, 0x21, 0xD9, 0xF9, 0xE2, 0x33,
    0x6C, 0x5D, 0x8E, 0x25, 0x99, 0x9C, 0x3C, 0x4B, 0xFC, 0x0E, 0x25, 0x8F, 0x90, 0xD7, 0xF9, 0x2F,
    0xAB, 0x20, 0x41, 0x19, 0x23, 0x8C, 0x0F, 0xFE, 0x2F, 0xCE, 0xBE, 0xAE, 0x00, 0x33, 0x72, 0x2C,
    0xD2, 0x0C, 0x25, 0xEE, 0xD2, 0xB5, 0x25, 0x77, 0x94, 0x18, 0xC9, 0xB1, 0x49, 0xE3, 0xEF, 0xF5,
    0x7B, 0x6D, 0x3C, 0x21, 0x97, 0xC6, 0x96, 0x94, 0xE2, 0x5F, 0xBB, 0xFE, 0x0D, 0x39, 0x7E, 0xB6,
    0x96, 0xF1, 0x69, 0x46, 0x1B, 0x9B, 0xB0, 0x97, 0xE5, 0x25, 0x5E, 0x81, 0x57, 0x25, 0x4A, 0x6B,
    0x6C, 0x63, 0x53, 0xA6, 0xDA, 0xBF, 0xA9, 0xF1, 0x0A, 0xA3, 0x09, 0x25, 0x54, 0x9B, 0x7B, 0x88,
    0xAC, 0xEC, 0x0E, 0xE7, 0xD2, 0x8C, 0xD0, 0xE4, 0x7A, 0x3C, 0x5B, 0x7D, 0xC9, 0x9B, 0x77, 0x57,
    0xF5, 0xFB, 0x73, 0xFF, 0xF0, 0x9F, 0xFA, 0x3F, 0xCA, 0x38, 0x64, 0x3F, 0xF5, 0x7F, 0x04, 0x3D,
    0xCA, 0x44, 0x0D, 0x7F, 0xCC, 0x0F, 0xB3, 0x4E, 0xEC, 0xD4, 0x5F, 0x9E, 0x89, 0x05, 0x59, 0xC3,
    0x86, 0x00, 0x54, 0xF1, 0xD7, 0xAB, 0xFC, 0xDB, 0xA6, 0xCD, 0xDB, 0x30, 0xA2, 0x66, 0xB8, 0xEB,
    0xD6, 0x7C, 0x43, 0x4F, 0x96, 0xFD, 0xBE, 0xFF, 0x34, 0x74, 0x8C, 0x7D, 0xEC, 0x77, 0x26, 0xFA,
    0xD8, 0xE8, 0x98, 0x78, 0x82, 0x5B, 0x4B, 0x53, 0x14, 0xAF, 0x85, 0x82, 0xA1, 0x8B, 0x8D, 0xC9,
    0x5E, 0xF4, 0x6F, 0xBC, 0xA3, 0xEC, 0xEF, 0x58, 0x78, 0xD7, 0xDF, 0xDD, 0x9C, 0xFE, 0x41, 0xFF,
    0x7F, 0xCB, 0xBF, 0xFC, 0x3F, 0x60, 0x62, 0xC1, 0x5F, 0xDB, 0xE9, 0x96, 0xF7, 0x76, 0x68, 0x7C,
    0xC7, 0x35, 0x10, 0xF9, 0x8E, 0x51, 0x43, 0x73, 0x51, 0xFF, 0xEB, 0x6A, 0xDC, 0x14, 0xBE, 0x49,
    0x3E, 0x29, 0x56, 0x65, 0x2F, 0xE3, 0xEF, 0xD9, 0xA8, 0x2C, 0xAA, 0x7C, 0xBE, 0x22, 0xFE, 0xB3,
    0xE7, 0x6C, 0x63, 0x53, 0xE5, 0xE9, 0x6E, 0x20, 0x7B, 0x3F, 0xED, 0x92, 0x9F, 0x2E, 0xDF, 0x6F,
    0x1F, 0xDB, 0xEF, 0x83, 0xF5, 0xD9, 0x39, 0xD7, 0xDD, 0x7E, 0x1B, 0x9B, 0xEB, 0xD9, 0x6E, 0x47,
    0x1A, 0xDB, 0xEC, 0x3E, 0x74, 0x56, 0xCF, 0x18, 0xAE, 0xAD, 0xFB, 0x30, 0x24, 0xDC, 0x74, 0x75,
    0x53, 0x52, 0xDD, 0xC3, 0x7C, 0x2C, 0x70, 0xAC, 0xBC, 0xF7, 0xB3, 0xE7, 0x89, 0x56, 0xBF, 0x3F,
    0x8C, 0xED, 0x96, 0x73, 0x57, 0xED, 0x5F, 0xF9, 0x0F, 0x6F, 0xE8, 0xDE, 0x84, 0x09, 0xD5, 0xDD,
    0x01, 0xD3, 0x3A, 0x67, 0x03, 0x51, 0x41, 0x34, 0x70, 0x5A, 0xC7, 0xB4, 0x8D, 0x0A, 0x61, 0x36,
    0x75, 0x6F, 0x18, 0x8E, 0x4C, 0xCA, 0x5E, 0x14, 0x19, 0x4C, 0xD9, 0x89, 0x94, 0xA1, 0x04, 0x21,
    0x46, 0x93, 0x13, 0x2F, 0x90, 0x38, 0xC3, 0x88, 0x97, 0xEF, 0x57, 0xD7, 0xFE, 0x1A, 0x59, 0xD9,
    0xF2, 0x4B, 0xFF, 0x1F, 0x6F, 0xDE, 0x1F, 0x01, 0x87, 0xA7, 0x4F, 0x19, 0x81, 0x3B, 0xFF, 0xFF,
    0xF9, 0x93, 0x5F, 0xDA, 0xBF, 0xE8, 0xB3, 0xD1, 0xD1, 0xF0, 0x82, 0x89, 0x1E, 0xB9, 0xF7, 0xE6,
    0xFC, 0xA3, 0x85, 0x5B, 0x8B, 0x0B, 0x96, 0x9F, 0x5F, 0xE4, 0x18, 0xA6, 0xA4, 0x55, 0xDC, 0xB0,
    0x15, 0xD3, 0x2D, 0x26, 0xD2, 0xD3, 0xD9, 0xCA, 0x9E, 0x63, 0x90, 0xA9, 0xFE, 0x72, 0xFC, 0xF5,
    0xED, 0xB1, 0xB2, 0xBD, 0x5F, 0xFC, 0xA1, 0x5F, 0xB2, 0x11, 0xA9, 0xBE, 0xF7, 0x5B, 0xFB, 0xE2,
    0xEC, 0x7F, 0x38, 0xBF, 0x74, 0x3E, 0xEB, 0x36, 0xE2, 0x21, 0xFA, 0x1C, 0x23, 0xEF, 0x40, 0x5E,
    0xBB, 0xB6, 0xE7, 0xF8, 0x09, 0xEF, 0x6B, 0x4C, 0xD9, 0x98, 0xBD, 0x38, 0x9D, 0x11, 0x42, 0x5B,
    0xCD, 0x9B, 0x44, 0x99, 0x50, 0xB4, 0x37, 0x93, 0xD1, 0xAC, 0xE1, 0xAF, 0xFD, 0x85, 0x8D, 0xF8,
    0xE0, 0xFE, 0xD6, 0x0C, 0x38, 0xDC, 0x15, 0x11, 0xFB, 0xCC, 0x18, 0xB5, 0x0F, 0xC5, 0x7D, 0xA5,
    0xFE, 0x3D, 0xD7, 0x10, 0x95, 0xEB, 0x32, 0x02, 0x2C, 0xE6, 0x04, 0x25, 0x45, 0x28, 0xFB, 0xE6,
    0x9D, 0x18, 0x41, 0x16, 0xF6, 0x8A, 0x1B, 0x61, 0x66, 0xB8, 0x22, 0xFC, 0xCC, 0x67, 0xFD, 0x09,
    0x66, 0x02, 0x4D, 0x18, 0x11, 0x71, 0xE6, 0xB3, 0xFE, 0x08, 0xBA, 0x83, 0xDF, 0xF9, 0xA3, 0xEB,
    0xAC, 0xF1, 0x01, 0xC6, 0x1B, 0x48, 0xF7, 0x11, 0xB1, 0xCE, 0x7C, 0xD6, 0xEF, 0x21, 0x3A, 0xFE,
    0x44, 0x07, 0xF1, 0x02, 0xA1, 0xC7, 0x5F, 0x74, 0x08, 0xFF, 0x82, 0x1B, 0xCC, 0xCD, 0x19, 0xA1,
    0x33, 0x9F, 0x75, 0x06, 0xF8, 0x0F, 0x9D, 0x99, 0xC1, 0x8A, 0xF5, 0x2A, 0x0C, 0x80, 0x03, 0xD9,
    0x06, 0x7C, 0x95, 0x80, 0x5B, 0xC1, 0x57, 0x0F, 0x74, 0x2B, 0xCC, 0xAB, 0x08, 0xB3, 0x15, 0x7A,
    0x4D, 0x3D, 0xC1, 0xB1, 0xD1, 0xC3, 0xCF, 0x4D, 0x66, 0xDA, 0xEA, 0x67, 0xA2, 0x4D, 0xA7, 0xD6,
    0x38, 0xF0, 0x11, 0x46, 0xC6, 0xD0, 0xA8, 0x0B, 0xB2, 0x2A, 0x48, 0xD7, 0x3F, 0x82, 0x42, 0xDC,
    0x15, 0x86, 0xEA, 0x35, 0xAE, 0xBC, 0xD2, 0x03, 0xB0, 0x91, 0xC2, 0x2E, 0x61, 0xE1, 0xB9, 0x0D,
    0xC3, 0xE7, 0x6C, 0x57, 0x26, 0x0C, 0xDC, 0x4B, 0x05, 0x0A, 0xF6, 0x5A, 0xA4, 0x21, 0xB9, 0x71,
    0x07, 0xAB, 0xE0, 0x2F, 0x11, 0x47, 0xBE, 0x22, 0x12, 0xC5, 0xBA, 0x20, 0x01, 0x41, 0x56, 0x1D,
    0xD6, 0x8C, 0xF9, 0x5E, 0xFA, 0xBF, 0x19, 0x89, 0x4E, 0xF7, 0x67, 0x12, 0x9E, 0x3E, 0x47, 0xCF,
    0xA1, 0xBD, 0x20, 0x03, 0x77, 0x2E, 0x2C, 0xB9, 0x45, 0x88, 0x9D, 0xEB, 0x6D, 0xEC, 0x7D, 0xE4,
    0xE6, 0xED, 0x55, 0x72, 0x9D, 0x31, 0xC8, 0xD5, 0xFB, 0xCF, 0x55, 0xA3, 0xA0, 0x31, 0xC0, 0xCE,
    0xCD, 0xBF, 0xF7, 0x91, 0xDB, 0xDB, 0x3E, 0x37, 0xAF, 0xEB, 0xFD, 0x93, 0x93, 0x9C, 0xFF, 0xF0,
    0xBC, 0xE1, 0xF7, 0x5F, 0xFF, 0x4C, 0x04, 0xA8, 0x71, 0x66, 0x10, 0x04, 0x02, 0x26, 0xED, 0xE1,
    0xBE, 0x65, 0x76, 0x01, 0x1D, 0xAB, 0xF6, 0x2B, 0x79, 0x05, 0x58, 0xB0, 0x82, 0x9C, 0xB8, 0xA8,
    0x63, 0x7A, 0x7E, 0xF8, 0x53, 0x42, 0x2B, 0x69, 0xC5, 0xDF, 0x18, 0x51, 0x57, 0x54, 0xAC, 0xF6,
    0xFC, 0x54, 0xBC, 0x45, 0xA8, 0x68, 0x6F, 0x58, 0xA9, 0x0C, 0x5B, 0x2F, 0x28, 0xEB, 0x9F, 0xB0,
    0x8C, 0xAB, 0x0C, 0x6C, 0x9A, 0xC7, 0x9F, 0x49, 0xED, 0xAA, 0xE5, 0x47, 0x52, 0x46, 0x4E, 0xAC,
    0xBF, 0x7B, 0x1E, 0x73, 0xB4, 0x7A, 0xC7, 0x57, 0x09, 0x89, 0x85, 0x25, 0x24, 0xF0, 0x62, 0xFC,
    0xE2, 0xEB, 0xCC, 0xF9, 0x8F, 0xE6, 0x06, 0x3B, 0x21, 0x7B, 0x50, 0x27, 0x8E, 0xCA, 0x99, 0xB8,
    0x73, 0x76, 0xB4, 0x40, 0x45, 0x4E, 0xE3, 0x0E, 0xCA, 0x1A, 0x39, 0xAF, 0x8E, 0x17, 0xAC, 0x7A,
    0x0E, 0x12, 0x1D, 0x27, 0xF6, 0xEA, 0x78, 0x22, 0xA6, 0x1A, 0x98, 0x38, 0x4D, 0xBE, 0x79, 0xD9,
    0xC7, 0x8B, 0xCE, 0xF8, 0xC6, 0x5A, 0xA7, 0xEC, 0xF4, 0xA2, 0x87, 0xBA, 0x0E, 0xE0, 0xCD, 0x57,
    0x1A, 0xEC, 0x45, 0x4B, 0x50, 0x40, 0xBC, 0x92, 0x84, 0xC1, 0x0B, 0x46, 0x64, 0xAF, 0x91, 0x93,
    0x28, 0xC6, 0x48, 0x65, 0xA7, 0xA5, 0xFC, 0xF2, 0xEA, 0x1F, 0xAB, 0xD6, 0x63, 0x3D, 0xF9, 0x0F,
    0x2D, 0x76, 0x09, 0x6D, 0xEF, 0x3F, 0xB7, 0xF2, 0xA3, 0x9A, 0xDB, 0xD1, 0xFF, 0x2F, 0xFD, 0xD0,
    0xBD, 0x8E, 0xDF, 0x73, 0x1B, 0x81, 0xE7, 0xB1, 0xA6, 0x92, 0xCB, 0xC2, 0x17, 0x99, 0xCF, 0x3C,
    0x75, 0x59, 0x99, 0xD5, 0xBE, 0x5B, 0x12, 0xD9, 0x8B, 0xE8, 0x1B, 0x1E, 0x1C, 0x99, 0x79, 0x6E,
    0x70, 0x92, 0xD4, 0x15, 0xB2, 0xD8, 0xD5, 0x7E, 0x20, 0xB9, 0xD9, 0xD5, 0xCE, 0x7B, 0x20, 0xAE,
    0x76, 0xED, 0xC5, 0xF8, 0x59, 0xB8, 0x06, 0x3A, 0x20, 0xB3, 0xBF, 0x28, 0x1D, 0x29, 0xB0, 0xF0,
    0x05, 0x17, 0xF8, 0x16, 0x36, 0x09, 0x0A, 0xDA, 0x84, 0xE8, 0x85, 0xBB, 0x4A, 0x28, 0x91, 0x11,
    0xA8, 0xEB, 0x4E, 0x72, 0x3B, 0xDE, 0x85, 0xD5, 0x5B, 0x2B, 0xE7, 0xD9, 0x7C, 0x63, 0xE7, 0xEA,
    0x5F, 0x2B, 0xBD, 0xA5, 0xB7, 0x37, 0xAE, 0x26, 0x9D, 0xC8, 0xB0, 0xE7, 0xC5, 0x7B, 0x28, 0x5C,
    0x07, 0x41, 0xA0, 0x0F, 0xE7, 0xC3, 0xF8, 0xF6, 0xA3, 0x37, 0x2F, 0x08, 0x3A, 0x4A, 0x02, 0x3A,
    0xDA, 0xBA, 0xF1, 0x39, 0xAE, 0x47, 0xFF, 0x5C, 0x4F, 0xF7, 0x67, 0x62, 0x93, 0x47, 0xA8, 0x4C,
    0x3B, 0x8E, 0x92, 0x92, 0x9E, 0x53, 0x42, 0x71, 0x70, 0x69, 0x91, 0x9B, 0x27, 0x28, 0xA7, 0xFE,
    0x8D, 0x1A, 0x1B, 0x65, 0xF7, 0x62, 0x4C, 0x3E, 0x2A, 0x5C, 0x03, 0xE3, 0x1E, 0x9B, 0xC4, 0x66,
    0xC7, 0xBD, 0xE4, 0x62, 0xC7, 0x03, 0x6F, 0x34, 0x3E, 0x41, 0xC7, 0x0F, 0xF4, 0x29, 0xBE, 0x16,
    0x53, 0xC7, 0x2B, 0x20, 0x03, 0x0D, 0x66, 0xAB, 0x93, 0xFB, 0xD6, 0x1A, 0x64, 0x40, 0x79, 0xD7,
    0x3F, 0x22, 0xA1, 0x61, 0x45, 0x3E, 0xC6, 0x53, 0x90, 0x89, 0x42, 0x3B, 0x71, 0x24, 0xE4, 0x9C,
    0x22, 0xE7, 0xA3, 0x87, 0x24, 0x91, 0x55, 0x77, 0x34, 0x00, 0x8F, 0xB7, 0x58, 0x3D, 0x79, 0xFB,
    0xB9, 0x36, 0x7A, 0xC6, 0x2D, 0x00, 0xA2, 0xE3, 0x9E, 0xD5, 0xB6, 0x0A, 0x9B, 0xC7, 0xC9, 0x9E,
    0xA2, 0xE8, 0x11, 0x1F, 0x64, 0xD5, 0x8B, 0xE4, 0xB6, 0xFE, 0x5A, 0x1C, 0xB3, 0x86, 0x2B, 0x69,
    0x7F, 0x7A, 0x44, 0x7D, 0x0D, 0x46, 0xD0, 0xAA, 0x9E, 0x1B, 0x28, 0x06, 0x1E, 0x8D, 0x82, 0x74,
    0x83, 0x0F, 0xB5, 0x7B, 0x46, 0x49, 0x03, 0x6E, 0x43, 0x32, 0x98, 0xB6, 0xF1, 0x7C, 0xB5, 0x77,
    0x93, 0xC4, 0x6A, 0x4F, 0x8E, 0x4F, 0xB9, 0x90, 0x88, 0x59, 0x2E, 0x60, 0x21, 0x46, 0x82, 0x6B,
    0xC5, 0x56, 0x6F, 0xED, 0x56, 0xDC, 0x89, 0x60, 0xE7, 0xAA, 0x76, 0xFD, 0x17, 0x77, 0x65, 0x89,
    0xD6, 0x77, 0x41, 0x9B, 0xA2, 0x6C, 0x0D, 0xFB, 0x44, 0xB0, 0x40, 0x62, 0x10, 0x86, 0x24, 0x5A,
    0x81, 0x41, 0x09, 0x59, 0x9B, 0x80, 0x1A, 0x47, 0x0D, 0x1E, 0x33, 0x44, 0x81, 0xA6, 0x97, 0xBF,
    0x30, 0xDB, 0x4C, 0x27, 0xF4, 0x38, 0x61, 0xAD, 0x80, 0x1F, 0xC0, 0x27, 0xD0, 0xA3, 0x4D, 0xD0,
    0xC2, 0xE3, 0x84, 0x18, 0xA2, 0x3D, 0x0C, 0x99, 0x6D, 0xF6, 0x51, 0x75, 0x93, 0x9A, 0x7B, 0x2A,
    0x8E, 0x73, 0xD7, 0xD6, 0x99, 0xA0, 0x60, 0xD3, 0x69, 0x35, 0xAD, 0xD3, 0xAA, 0x80, 0x64, 0x65,
    0xDD, 0x3E, 0x43, 0xE7, 0x94, 0xAA, 0x72, 0xDF, 0xF7, 0xEC, 0x65, 0xDF, 0xF7, 0x6C, 0xB9, 0x44,
    0xBB, 0x21, 0x8F, 0xBE, 0x33, 0x90, 0x50, 0x8B, 0x1D, 0x4B, 0x57, 0x1B, 0x5B, 0x9A, 0x7D, 0xA7,
    0x20, 0x1A, 0x06, 0x4A, 0xDC, 0xC1, 0xFB, 0x99, 0x7D, 0x7C, 0xF3, 0x53, 0x72, 0x37, 0x48, 0x9F,
    0x51, 0xCC, 0xA7, 0xB9, 0xB7, 0x4F, 0x8C, 0x45, 0x9B, 0x1F, 0xED, 0x53, 0x54, 0x1F, 0x47, 0x7B,
    0xE0, 0x94, 0xAE, 0xF2, 0xAD, 0xFF, 0x78, 0xA5, 0xF4, 0xC2, 0x49, 0x57, 0xE6, 0xA0, 0x77, 0x28,
    0xC8, 0xD4, 0x65, 0xE5, 0x5D, 0x84, 0x04, 0x45, 0x9F, 0x52, 0x00, 0x8D, 0x0F, 0x6D, 0x53, 0x5C,
    0x4B, 0x70, 0x4F, 0x29, 0xAA, 0x25, 0xA8, 0xFB, 0x14, 0x38, 0xAA, 0xE7, 0xE1, 0xC9, 0xDD, 0xDD,
    0x48, 0x61, 0x5D, 0x02, 0x7B, 0xE8, 0x3F, 0xB7, 0xAF, 0xFD, 0x1B, 0x77, 0x29, 0xB8, 0x25, 0xE0,
    0xB9, 0xF1, 0x97, 0xFE, 0x8D, 0x1F, 0xFB, 0xE7, 0xDC, 0xF0, 0x5B, 0xFF, 0x92, 0x1B, 0xF9, 0xBC,
    0xA0, 0x44, 0xCA, 0x2D, 0xF6, 0xF3, 0xCC, 0x0D, 0x8C, 0x9B, 0xC6, 0x12, 0x3B, 0xDD, 0xF3, 0xD8,
    0x35, 0x97, 0x7E, 0x74, 0x5C, 0x25, 0xB7, 0xEF, 0x79, 0x9D, 0xDF, 0x40, 0x39, 0xDB, 0x6B, 0xE9,
    0x6C, 0x7F, 0xE2, 0xDB, 0xBC, 0xC8, 0xDF, 0xE3, 0xA1, 0x7F, 0xCD, 0x5D, 0xF8, 0xCA, 0x37, 0x5F,
    0x9A, 0x1F, 0x6C, 0x39, 0x31, 0x8E, 0xED, 0x98, 0x13, 0x8F, 0x91, 0xAF, 0x18, 0xCF, 0x9C, 0x95,
    0xE3, 0x17, 0x8E, 0x7C, 0xF1, 0x37, 0x7E, 0x69, 0x0F, 0x5F, 0xF9, 0xEF, 0x37, 0xDE, 0x29, 0xC6,
    0xDF, 0x33, 0x57, 0x7A, 0xEA, 0x5F, 0x23, 0xC3, 0x97, 0x1D, 0xB7, 0x1C, 0x19, 0xED, 0xB8, 0xE3,
    0x29, 0x8C, 0xF8, 0xA4, 0x70, 0xB6, 0xE7, 0xEB, 0x64, 0x6F, 0x7F, 0x1B, 0xE3, 0xEC, 0x65, 0xDD,
    0xA6, 0xDB, 0xF9, 0x07, 0x99, 0xEA, 0xF9, 0x5F, 0xEA, 0xFB, 0xA7, 0x8F, 0x86, 0x4A, 0xBB, 0x0E,
    0x26, 0xB5, 0x16, 0xA7, 0xD1, 0x1F, 0xEE, 0x20, 0x9A, 0x36, 0xBB, 0x7A, 0x71, 0xFE, 0x68, 0xB6,
    0xAB, 0xAD, 0x7D, 0x9B, 0x1E, 0x7C, 0xFF, 0x63, 0x0B, 0x50, 0x8F, 0xBE, 0xFF, 0x49, 0xAD, 0xC5,
    0xC6, 0x3F, 0x77, 0x6D, 0x7A, 0xF4, 0xFE, 0x27, 0xB5, 0x16, 0x2F, 0xA9, 0xAF, 0xEF, 0x57, 0x5D,
    0x71, 0x78, 0x7D, 0xBF, 0x02, 0x78, 0xE9, 0xAC, 0x24, 0xC2, 0x02, 0xE9, 0x94, 0x33, 0x47, 0xE1,
    0x14, 0xC5, 0x63, 0x6F, 0x9F, 0xDB, 0x57, 0x7B, 0xC7, 0xBD, 0x04, 0x80, 0xCA, 0x82, 0x8D, 0xEF,
    0xBB, 0xE9, 0x59, 0xCB, 0x70, 0x90, 0x93, 0x7D, 0x16, 0xA4, 0x7C, 0xDF, 0xA4, 0xE7, 0xB3, 0xFD,
    0x49, 0x82, 0x00, 0x30, 0x87, 0xBB, 0xB2, 0x9E, 0x47, 0xF9, 0x8B, 0x48, 0x57, 0x48, 0xC1, 0xAE,
    0x16, 0x4F, 0x0D, 0xC4, 0xA9, 0x93, 0x3F, 0x3B, 0x53, 0xEE, 0x1B, 0x3C, 0x6A, 0xE6, 0xEE, 0x16,
    0x80, 0xE7, 0xAB, 0x87, 0xE3, 0x1B, 0x2E, 0xDC, 0xF5, 0xB8, 0x37, 0x98, 0xA0, 0x20, 0x11, 0xAD,
    0xFC, 0xBD, 0x85, 0xAE, 0xFA, 0xDE, 0x57, 0x73, 0xDB, 0xE8, 0xE7, 0x7D, 0x35, 0xF7, 0x0D, 0xF1,
    0xD4, 0xBE, 0x7F, 0x3E, 0xD9, 0x7A, 0xFB, 0xF6, 0xC9, 0xED, 0x49, 0x2C, 0x99, 0x3B, 0xD9, 0x32,
    0x11, 0xE7, 0x46, 0xCC, 0xB4, 0xF3, 0xC2, 0x38, 0xE7, 0x57, 0xC6, 0x2D, 0xA7, 0xC8, 0x2C, 0x91,
    0x13, 0xED, 0x39, 0x05, 0x8C, 0x70, 0x61, 0x24, 0xB3, 0x77, 0xC1, 0xC7, 0xCF, 0x3D, 0x3A, 0x64,
    0x0D, 0xF8, 0xC8, 0xDD, 0xD6, 0x83, 0x63, 0xE8, 0x9F, 0xCE, 0xE9, 0x19, 0x33, 0x1E, 0xFE, 0x05,
    0xF2, 0xCC, 0x7D, 0xDC, 0xAF, 0xC2, 0x76, 0x7D, 0x96, 0x49, 0xD7, 0x58, 0xD9, 0xAF, 0x11, 0x87,
    0x3D, 0x6A, 0xF4, 0x4C, 0xDE, 0x7C, 0x12, 0xBE, 0x18, 0x57, 0xFF, 0x73, 0xF7, 0x73, 0xEA, 0x6E,
    0xEF, 0x38, 0xB7, 0x79, 0x3C, 0xEC, 0x7A, 0x13, 0xAA, 0x37, 0xF6, 0xEB, 0xFB, 0x11, 0x7D, 0x1E,
    0xAD, 0x7A, 0xF9, 0x28, 0x44, 0x1D, 0x6B, 0x3B, 0x11, 0x44, 0x7C, 0x8A, 0x7A, 0xD6, 0xF2, 0x53,
    0xAF, 0x15, 0x67, 0xD1, 0x26, 0xCE, 0xC6, 0x7C, 0x99, 0x6B, 0x13, 0x9F, 0x2D, 0xAF, 0x79, 0x98,
    0xCF, 0x96, 0x97, 0xF6, 0x53, 0x8E, 0xCC, 0xC4, 0xF9, 0x76, 0xD1, 0xC3, 0x92, 0x8E, 0xF9, 0x91,
    0x56, 0x44, 0xA1, 0x74, 0xC8, 0x8F, 0x18, 0x19, 0x13, 0x95, 0x5A, 0x47, 0x86, 0xF8, 0x99, 0x2A,
    0x80, 0xA6, 0xF7, 0xC2, 0x85, 0x99, 0x7E, 0x46, 0x96, 0x16, 0x20, 0x75, 0x5D, 0xF8, 0x93, 0xC9,
    0xDB, 0xFA, 0x3E, 0xBF, 0xD6, 0xF7, 0xC6, 0x6D, 0x7D, 0xEF, 0xB8, 0x5F, 0xFF, 0x8A, 0xB6, 0x39,
    0xAE, 0x7F, 0x1D, 0x5F, 0x22, 0xC7, 0xA1, 0xC4, 0x4A, 0xC0, 0xFB, 0x0C, 0x95, 0x26, 0x3F, 0xE4,
    0x96, 0xC9, 0xF8, 0x36, 0xB3, 0x24, 0xF6, 0xF6, 0x33, 0xCB, 0x4D, 0xA9, 0x60, 0xC1, 0x86, 0xDB,
    0x04, 0x35, 0x49, 0xAC, 0x31, 0x25, 0xC9, 0xA0, 0xD6, 0xDF, 0xED, 0x73, 0xFB, 0x6E, 0x9F, 0x1B,
    0xBB, 0x79, 0xD5, 0x9D, 0x9D, 0xFC, 0xFE, 0xFC, 0xFE, 0x1C, 0x3E, 0xC6, 0xE1, 0xAF, 0x5D, 0xED,
    0x6A, 0x62, 0xE5, 0xC9, 0xAD, 0xFD, 0x41, 0x74, 0xF1, 0x28, 0x30, 0x37, 0xC5, 0xEE, 0xDB, 0xAE,
    0xB5, 0x7E, 0x70, 0x27, 0x07, 0x7B, 0x55, 0xB5, 0x57, 0xF5, 0xF6, 0x7E, 0xFE, 0xA3, 0xDC, 0x98,
    0x36, 0xB3, 0x1F, 0x8A, 0xFE, 0x6E, 0xC7, 0x87, 0xFF, 0x38, 0x3E, 0x6D, 0xF7, 0x7F, 0xED, 0x73,
    0x3B, 0xFD, 0x8B, 0xDA, 0xC4, 0x71, 0xB5, 0x39, 0x8C, 0xA3, 0x02, 0xF5, 0x33, 0x3F, 0x5D, 0xD5,
    0xE5, 0x4C, 0x1F, 0xFE, 0x4D, 0xC2, 0xAD, 0x83, 0xB4, 0xD6, 0xD4, 0xCB, 0x5A, 0x41, 0x9F, 0x32,
    0x2B, 0xFF, 0x67, 0x7B, 0x7A, 0xEC, 0x1B, 0xD0, 0xDE, 0xDE, 0x7D, 0x7F, 0xC6, 0xF3, 0xD9, 0xEE,
    0x50, 0xA8, 0x9F, 0xC3, 0xF8, 0xB4, 0xFE, 0xBB, 0xFF, 0xDC, 0xCE, 0xFF, 0xA2, 0xDF, 0x3C, 0x47,
    0xB1, 0xE7, 0x85, 0x87, 0xB2, 0xB5, 0xFD, 0x0F, 0x75, 0x8E, 0x01, 0x06, 0x05, 0x31, 0x0C, 0x44,
    0x43, 0x01, 0x86, 0x5E, 0x65, 0xF8, 0x00, 0xA1, 0x57, 0xCF, 0x01, 0xCA, 0xBF, 0xCA, 0x1E, 0xA0,
    0xD8, 0xA4, 0xAA, 0xCD, 0xA2, 0xEF, 0x01, 0xF3, 0x84, 0xC8, 0xA4, 0xFC, 0xC1, 0xB0, 0x0D, 0xF0,
    0x28, 0x9B, 0xF2, 0x00, 0x10, 0x88, 0xF7, 0x44, 0xEA, 0x6B, 0x6F, 0xFD, 0xD2, 0x15, 0x1D, 0x06,
    0xF3, 0xFB, 0x7E, 0x4C, 0x7D, 0xED, 0xB7, 0x5E, 0x8D, 0xD3, 0xDF, 0xA0, 0x6D, 0xF5, 0xF3, 0x1F,
    0xC3, 0xAA, 0x74, 0xC0, 0xE2, 0x2A, 0xA2, 0xBC, 0x63, 0x00, 0x03, 0xFB, 0x3F, 0x36, 0x36, 0xC6,
    0x67, 0x8C, 0xCF, 0xD8, 0x9F, 0xB1, 0xB7, 0x01, 0xC2, 0x3F, 0x10, 0x12, 0x24, 0x03, 0x00,
};

static const EpdGlyph helvetica_8_italicGlyphs[] = {
    { 11, 11, 192, 0, 11, 31, 0 }, // U+0000
    { 16, 16, 256, 0, 14, 64, 31 }, // U+0001
    { 16, 16, 256, 0, 14, 64, 95 }, // U+0002
    { 16, 16, 256, 0, 14, 64, 159 }, // U+0003
    { 16, 16, 256, 0, 14, 64, 223 }, // U+0004
    { 16, 16, 256, 0, 14, 64, 287 }, // U+0005
    { 16, 16, 256, 0, 14, 64, 351 }, // U+0006
    { 16, 16, 256, 0, 14, 64, 415 }, // U+0007
    { 16, 16, 256, 0, 14, 64, 479 }, // U+0008
    { 16, 16, 256, 0, 14, 64, 543 }, // U+0009
    { 16, 16, 256, 0, 14, 64, 607 }, // U+000A
    { 16, 16, 256, 0, 14, 64, 671 }, // U+000B
    { 16, 16, 256, 0, 14, 64, 735 }, // U+000C
    { 16, 16, 256, 0, 14, 64, 799 }, // U+000D
    { 16, 16, 256, 0, 14, 64, 863 }, // U+000E
    { 16, 16, 256, 0, 14, 64, 927 }, // U+000F
    { 16, 16, 256, 0, 14, 64, 991 }, // U+0010
    { 16, 16, 256, 0, 14, 64, 1055 }, // U+0011
    { 16, 16, 256, 0, 14, 64, 1119 }, // U+0012
    { 16, 16, 256, 0, 14, 64, 1183 }, // U+0013
    { 16, 16, 256, 0, 14, 64, 1247 }, // U+0014
    { 16, 16, 256, 0, 14, 64, 1311 }, // U+0015
    { 16, 16, 256, 0, 14, 64, 1375 }, // U+0016
    { 16, 16, 256, 0, 14, 64, 1439 }, // U+0017
    { 16, 16, 256, 0, 14, 64, 1503 }, // U+0018
    { 16, 16, 256, 0, 14, 64, 1567 }, // U+0019
    { 16, 16, 256, 0, 14, 64, 1631 }, // U+001A
    { 16, 16, 256, 0, 14, 64, 1695 }, // U+001B
    { 16, 16, 256, 0, 14, 64, 1759 }, // U+001C
    { 16, 16, 256, 0, 14, 64, 1823 }, // U+001D
    { 16, 16, 256, 0, 14, 64, 1887 }, // U+001E
    { 16, 16, 256, 0, 14, 64, 1951 }, // U+001F
    { 1, 1, 80, 0, 1, 1, 2015 }, // U+0020
    { 4, 12, 80, 1, 12, 12, 2016 }, // !
    { 6, 4, 96, 0, 12, 6, 2028 }, // "
    { 9, 12, 144, 0, 12, 27, 2034 }, // #
    { 9, 14, 144, 0, 13, 32, 2061 }, // $
    { 11, 12, 224, 1, 12, 33, 2093 }, // %
    { 9, 12, 176, 0, 12, 27, 2126 }, // &
    { 3, 4, 48, 0, 12, 3, 2153 }, // '
    { 5, 15, 96, 1, 12, 19, 2156 }, // (
    { 5, 15, 96, -1, 12, 19, 2175 }, // )
    { 5, 5, 96, 1, 12, 7, 2194 }, // *
    { 9, 9, 160, 0, 9, 21, 2201 }, // +
    { 3, 4, 64, 0, 2, 3, 2222 }, // ,
    { 4, 1, 80, 0, 5, 1, 2225 }, // -
    { 1, 2, 64, 2, 2, 1, 2226 }, // .
    { 7, 12, 80, -1, 12, 21, 2227 }, // /
    { 8, 12, 144, 0, 12, 24, 2248 }, // 0
    { 4, 12, 144, 3, 12, 12, 2272 }, // 1
    { 9, 12, 144, -1, 12, 27, 2284 }, // 2
    { 8, 12, 144, 0, 12, 24, 2311 }, // 3
    { 9, 12, 144, -1, 12, 27, 2335 }, // 4
    { 9, 12, 144, 0, 12, 27, 2362 }, // 5
    { 8, 12, 144, 0, 12, 24, 2389 }, // 6
    { 8, 12, 144, 1, 12, 24, 2413 }, // 7
    { 9, 12, 144, -1, 12, 27, 2437 }, // 8
    { 8, 12, 144, 0, 12, 24, 2464 }, // 9
    { 3, 9, 64, 1, 9, 7, 2488 }, // :
    { 5, 11, 64, -1, 9, 14, 2495 }, // ;
    { 10, 8, 160, 0, 9, 20, 2509 }, // <
    { 9, 4, 160, 0, 6, 9, 2529 }, // =
    { 10, 8, 160, 0, 9, 20, 2538 }, // >
    { 7, 12, 144, 2, 12, 21, 2558 }, // ?
    { 13, 13, 272, 2, 12, 43, 2579 }, // @
    { 10, 12, 176, -1, 12, 30, 2622 }, // A
    { 11, 12, 176, 0, 12, 33, 2652 }, // B
    { 11, 12, 192, 1, 12, 33, 2685 }, // C
    { 11, 12, 192, 0, 12, 33, 2718 }, // D
    { 11, 12, 176, 0, 12, 33, 2751 }, // E
    { 11, 12, 160, 0, 12, 33, 2784 }, // F
    { 11, 12, 208, 1, 12, 33, 2817 }, // G
    { 12, 12, 192, 0, 12, 36, 2850 }, // H
    { 4, 12, 64, 0, 12, 12, 2886 }, // I
    { 8, 12, 128, 0, 12, 24, 2898 }, // J
    { 11, 12, 176, 0, 12, 33, 2922 }, // K
    { 7, 12, 144, 0, 12, 21, 2955 }, // L
    { 13, 12, 208, 0, 12, 39, 2976 }, // M
    { 12, 12, 192, 0, 12, 36, 3015 }, // N
    { 11, 12, 208, 1, 12, 33, 3051 }, // O
    { 11, 12, 176, 0, 12, 33, 3084 }, // P
    { 11, 13, 208, 1, 12, 36, 3117 }, // Q
    { 11, 12, 192, 0, 12, 33, 3153 }, // R
    { 11, 12, 176, 0, 12, 33, 3186 }, // S
    { 9, 12, 160, 2, 12, 27, 3219 }, // T
    { 11, 12, 192, 1, 12, 33, 3246 }, // U
    { 9, 12, 176, 2, 12, 27, 3279 }, // V
    { 15, 12, 256, 2, 12, 45, 3306 }, // W
    { 11, 12, 176, 0, 12, 33, 3351 }, // X
    { 10, 12, 176, 2, 12, 30, 3384 }, // Y
    { 12, 12, 160, -1, 12, 36, 3414 }, // Z
    { 7, 15, 80, -1, 12, 27, 3450 }, // [
    { 4, 12, 80, 0, 12, 12, 3477 }, // <backslash>
    { 7, 15, 80, -2, 12, 27, 3489 }, // ]
    { 6, 7, 128, 1, 12, 11, 3516 }, // ^
    { 9, 1, 144, -1, -2, 3, 3527 }, // _
    { 3, 3, 96, 1, 13, 3, 3530 }, // `
    { 8, 9, 144, 0, 9, 18, 3533 }, // a
    { 8, 12, 144, 0, 12, 24, 3551 }, // b
    { 8, 9, 128, 0, 9, 18, 3575 }, // c
    { 9, 12, 144, 0, 12, 27, 3593 }, // d
    { 8, 9, 144, 0, 9, 18, 3620 }, // e
    { 6, 12, 80, 1, 12, 18, 3638 }, // f
    { 10, 13, 144, -2, 9, 33, 3656 }, // g
    { 9, 12, 144, 0, 12, 27, 3689 }, // h
    { 4, 12, 48, 0, 12, 12, 3716 }, // i
    { 7, 16, 64, -3, 12, 28, 3728 }, // j
    { 8, 12, 128, 0, 12, 24, 3756 }, // k
    { 4, 12, 64, 0, 12, 12, 3780 }, // l
    { 13, 9, 224, 0, 9, 30, 3792 }, // m
    { 9, 9, 144, 0, 9, 21, 3822 }, // n
    { 8, 9, 144, 0, 9, 18, 3843 }, // o
    { 9, 13, 144, -1, 9, 30, 3861 }, // p
    { 8, 13, 144, 0, 9, 26, 3891 }, // q
    { 6, 9, 80, 0, 9, 14, 3917 }, // r
    { 8, 9, 128, 0, 9, 18, 3931 }, // s
    { 5, 11, 80, 0, 11, 14, 3949 }, // t
    { 9, 9, 144, 0, 9, 21, 3963 }, // u
    { 7, 9, 128, 1, 9, 16, 3984 }, // v
    { 11, 9, 192, 1, 9, 25, 4000 }, // w
    { 9, 9, 128, -1, 9, 21, 4025 }, // x
    { 9, 13, 128, -1, 9, 30, 4046 }, // y
    { 9, 9, 128, -1, 9, 21, 4076 }, // z
    { 6, 15, 96, 1, 12, 23, 4097 }, // {
    { 5, 16, 48, -2, 12, 20, 4120 }, // |
    { 6, 15, 96, -2, 12, 23, 4140 }, // }
    { 8, 2, 160, 1, 6, 4, 4163 }, // ~
    { 16, 16, 256, 0, 14, 64, 4167 }, // U+007F
    { 16, 16, 256, 0, 14, 64, 0 }, // U+0080
    { 16, 16, 256, 0, 14, 64, 64 }, // U+0081
    { 16, 16, 256, 0, 14, 64, 128 }, // U+0082
    { 16, 16, 256, 0, 14, 64, 192 }, // U+0083
    { 16, 16, 256, 0, 14, 64, 256 }, // U+0084
    { 16, 16, 256, 0, 14, 64, 320 }, // U+0085
    { 16, 16, 256, 0, 14, 64, 384 }, // U+0086
    { 16, 16, 256, 0, 14, 64, 448 }, // U+0087
    { 16, 16, 256, 0, 14, 64, 512 }, // U+0088
    { 16, 16, 256, 0, 14, 64, 576 }, // U+0089
    { 16, 16, 256, 0, 14, 64, 640 }, // U+008A
    { 16, 16, 256, 0, 14, 64, 704 }, // U+008B
    { 16, 16, 256, 0, 14, 64, 768 }, // U+008C
    { 16, 16, 256, 0, 14, 64, 832 }, // U+008D
    { 16, 16, 256, 0, 14, 64, 896 }, // U+008E
    { 16, 16, 256, 0, 14, 64, 960 }, // U+008F
    { 16, 16, 256, 0, 14, 64, 1024 }, // U+0090
    { 16, 16, 256, 0, 14, 64, 1088 }, // U+0091
    { 16, 16, 256, 0, 14, 64, 1152 }, // U+0092
    { 16, 16, 256, 0, 14, 64, 1216 }, // U+0093
    { 16, 16, 256, 0, 14, 64, 1280 }, // U+0094
    { 16, 16, 256, 0, 14, 64, 1344 }, // U+0095
    { 16, 16, 256, 0, 14, 64, 1408 }, // U+0096
    { 16, 16, 256, 0, 14, 64, 1472 }, // U+0097
    { 16, 16, 256, 0, 14, 64, 1536 }, // U+0098
    { 16, 16, 256, 0, 14, 64, 1600 }, // U+0099
    { 16, 16, 256, 0, 14, 64, 1664 }, // U+009A
    { 16, 16, 256, 0, 14, 64, 1728 }, // U+009B
    { 16, 16, 256, 0, 14, 64, 1792 }, // U+009C
    { 16, 16, 256, 0, 14, 64, 1856 }, // U+009D
    { 16, 16, 256, 0, 14, 64, 1920 }, // U+009E
    { 16, 16, 256, 0, 14, 64, 1984 }, // U+009F
    { 1, 1, 80, 0, 1, 1, 2048 }, // U+00A0
    { 4, 12, 96, 0, 9, 12, 2049 }, // U+00A1
    { 8, 11, 144, 0, 10, 22, 2061 }, // U+00A2
    { 10, 12, 144, -2, 12, 30, 2083 }, // U+00A3
    { 8, 7, 144, 1, 10, 14, 2113 }, // U+00A4
    { 9, 12, 144, 0, 12, 27, 2127 }, // U+00A5
    { 5, 16, 64, -1, 12, 20, 2154 }, // U+00A6
    { 9, 15, 144, 0, 12, 34, 2174 }, // U+00A7
    { 3, 2, 80, 2, 12, 2, 2208 }, // U+00A8
    { 13, 12, 192, 0, 12, 39, 2210 }, // U+00A9
    { 5, 7, 96, 0, 12, 9, 2249 }, // U+00AA
    { 6, 5, 144, 1, 8, 8, 2258 }, // U+00AB
    { 8, 5, 160, 1, 6, 10, 2266 }, // U+00AC
    { 4, 1, 80, 0, 5, 1, 2276 }, // U+00AD
    { 13, 12, 192, 0, 12, 39, 2277 }, // U+00AE
    { 5, 1, 96, 1, 11, 2, 2316 }, // U+00AF
    { 5, 5, 112, 1, 12, 7, 2318 }, // U+00B0
    { 10, 11, 160, 0, 11, 28, 2325 }, // U+00B1
    { 6, 7, 96, 0, 12, 11, 2353 }, // U+00B2
    { 6, 7, 96, 0, 12, 11, 2364 }, // U+00B3
    { 3, 3, 96, 2, 13, 3, 2375 }, // U+00B4
    { 10, 13, 144, -1, 9, 33, 2378 }, // U+00B5
    { 9, 15, 144, 1, 12, 34, 2411 }, // U+00B6
    { 1, 2, 80, 2, 7, 1, 2445 }, // U+00B7
    { 4, 4, 96, -1, 0, 4, 2446 }, // U+00B8
    { 3, 7, 96, 2, 12, 6, 2450 }, // U+00B9
    { 5, 7, 96, 1, 12, 9, 2456 }, // U+00BA
    { 6, 5, 144, 2, 8, 8, 2465 }, // U+00BB
    { 10, 12, 224, 3, 12, 30, 2473 }, // U+00BC
    { 11, 13, 224, 3, 13, 36, 2503 }, // U+00BD
    { 12, 12, 224, 1, 12, 36, 2539 }, // U+00BE
    { 7, 12, 160, 0, 9, 21, 2575 }, // U+00BF
    { 10, 16, 176, -1, 16, 40, 2596 }, // U+00C0
    { 10, 16, 176, -1, 16, 40, 2636 }, // U+00C1
    { 10, 16, 176, -1, 16, 40, 2676 }, // U+00C2
    { 11, 15, 176, -1, 15, 42, 2716 }, // U+00C3
    { 11, 15, 176, -1, 15, 42, 2758 }, // U+00C4
    { 10, 15, 176, -1, 15, 38, 2800 }, // U+00C5
    { 16, 12, 256, 0, 12, 48, 2838 }, // U+00C6
    { 11, 15, 192, 1, 12, 42, 2886 }, // U+00C7
    { 11, 16, 176, 0, 16, 44, 2928 }, // U+00C8
    { 11, 16, 176, 0, 16, 44, 2972 }, // U+00C9
    { 11, 16, 176, 0, 16, 44, 3016 }, // U+00CA
    { 11, 15, 176, 0, 15, 42, 3060 }, // U+00CB
    { 5, 16, 64, 0, 16, 20, 3102 }, // U+00CC
    { 6, 16, 64, 0, 16, 24, 3122 }, // U+00CD
    { 6, 16, 64, 0, 16, 24, 3146 }, // U+00CE
    { 6, 15, 64, 0, 15, 23, 3170 }, // U+00CF
    { 11, 12, 192, 0, 12, 33, 3193 }, // U+00D0
    { 12, 15, 192, 0, 15, 45, 3226 }, // U+00D1
    { 11, 16, 208, 1, 16, 44, 3271 }, // U+00D2
    { 11, 16, 208, 1, 16, 44, 3315 }, // U+00D3
    { 11, 16, 208, 1, 16, 44, 3359 }, // U+00D4
    { 11, 15, 208, 1, 15, 42, 3403 }, // U+00D5
    { 11, 15, 208, 1, 15, 42, 3445 }, // U+00D6
    { 9, 8, 160, 0, 8, 18, 3487 }, // U+00D7
    { 12, 12, 208, 0, 12, 36, 3505 }, // U+00D8
    { 11, 16, 192, 1, 16, 44, 3541 }, // U+00D9
    { 11, 16, 192, 1, 16, 44, 3585 }, // U+00DA
    { 11, 16, 192, 1, 16, 44, 3629 }, // U+00DB
    { 11, 15, 192, 1, 15, 42, 3673 }, // U+00DC
    { 10, 16, 176, 2, 16, 40, 3715 }, // U+00DD
    { 10, 12, 176, 0, 12, 30, 3755 }, // U+00DE
    { 9, 12, 160, 1, 12, 27, 3785 }, // U+00DF
    { 8, 13, 144, 0, 13, 26, 3812 }, // U+00E0
    { 8, 13, 144, 0, 13, 26, 3838 }, // U+00E1
    { 8, 13, 144, 0, 13, 26, 3864 }, // U+00E2
    { 8, 12, 144, 0, 12, 24, 3890 }, // U+00E3
    { 8, 12, 144, 0, 12, 24, 3914 }, // U+00E4
    { 8, 13, 144, 0, 13, 26, 3938 }, // U+00E5
    { 14, 9, 240, 0, 9, 32, 3964 }, // U+00E6
    { 8, 12, 128, 0, 9, 24, 3996 }, // U+00E7
    { 8, 13, 144, 0, 13, 26, 4020 }, // U+00E8
    { 8, 13, 144, 0, 13, 26, 4046 }, // U+00E9
    { 8, 13, 144, 0, 13, 26, 4072 }, // U+00EA
    { 8, 12, 144, 0, 12, 24, 4098 }, // U+00EB
    { 4, 13, 64, 0, 13, 13, 4122 }, // U+00EC
    { 5, 13, 64, 0, 13, 17, 4135 }, // U+00ED
    { 5, 13, 64, 0, 13, 17, 4152 }, // U+00EE
    { 5, 12, 64, 0, 12, 15, 4169 }, // U+00EF
    { 8, 12, 144, 0, 12, 24, 4184 }, // U+00F0
    { 9, 12, 144, 0, 12, 27, 4208 }, // U+00F1
    { 8, 13, 144, 0, 13, 26, 4235 }, // U+00F2
    { 8, 13, 144, 0, 13, 26, 4261 }, // U+00F3
    { 8, 13, 144, 0, 13, 26, 4287 }, // U+00F4
    { 8, 12, 144, 0, 12, 24, 4313 }, // U+00F5
    { 8, 12, 144, 0, 12, 24, 4337 }, // U+00F6
    { 7, 9, 160, 1, 9, 16, 4361 }, // U+00F7
    { 10, 9, 160, -1, 9, 23, 4377 }, // U+00F8
    { 9, 13, 144, 0, 13, 30, 4400 }, // U+00F9
    { 9, 13, 144, 0, 13, 30, 4430 }, // U+00FA
    { 9, 13, 144, 0, 13, 30, 4460 }, // U+00FB
    { 9, 12, 144, 0, 12, 27, 4490 }, // U+00FC
    { 9, 17, 128, -1, 13, 39, 4517 }, // U+00FD
    { 9, 16, 144, -1, 12, 36, 4556 }, // U+00FE
    { 9, 16, 128, -1, 12, 36, 4592 }, // U+00FF
    { 10, 14, 176, -1, 14, 35, 0 }, // U+0100
    { 8, 11, 144, 0, 11, 22, 35 }, // U+0101
    { 10, 15, 176, -1, 15, 38, 57 }, // U+0102
    { 8, 12, 144, 0, 12, 24, 95 }, // U+0103
    { 10, 15, 176, -1, 12, 38, 119 }, // U+0104
    { 8, 12, 144, 0, 9, 24, 157 }, // U+0105
    { 11, 16, 192, 1, 16, 44, 181 }, // U+0106
    { 8, 13, 128, 0, 13, 26, 225 }, // U+0107
    { 11, 16, 192, 1, 16, 44, 251 }, // U+0108
    { 8, 13, 128, 0, 13, 26, 295 }, // U+0109
    { 11, 15, 192, 1, 15, 42, 321 }, // U+010A
    { 8, 12, 128, 0, 12, 24, 363 }, // U+010B
    { 11, 16, 192, 1, 16, 44, 387 }, // U+010C
    { 8, 13, 128, 0, 13, 26, 431 }, // U+010D
    { 11, 16, 192, 0, 16, 44, 457 }, // U+010E
    { 13, 12, 208, 0, 12, 39, 501 }, // U+010F
    { 11, 12, 192, 0, 12, 33, 540 }, // U+0110
    { 9, 12, 144, 0, 12, 27, 573 }, // U+0111
    { 11, 14, 176, 0, 14, 39, 600 }, // U+0112
    { 8, 11, 144, 0, 11, 22, 639 }, // U+0113
    { 11, 15, 176, 0, 15, 42, 661 }, // U+0114
    { 8, 12, 144, 0, 12, 24, 703 }, // U+0115
    { 11, 15, 176, 0, 15, 42, 727 }, // U+0116
    { 8, 12, 144, 0, 12, 24, 769 }, // U+0117
    { 11, 15, 176, 0, 12, 42, 793 }, // U+0118
    { 8, 12, 144, 0, 9, 24, 835 }, // U+0119
    { 11, 16, 176, 0, 16, 44, 859 }, // U+011A
    { 8, 13, 144, 0, 13, 26, 903 }, // U+011B
    { 11, 16, 208, 1, 16, 44, 929 }, // U+011C
    { 10, 17, 144, -2, 13, 43, 973 }, // U+011D
    { 11, 15, 208, 1, 15, 42, 1016 }, // U+011E
    { 10, 16, 144, -2, 12, 40, 1058 }, // U+011F
    { 11, 15, 208, 1, 15, 42, 1098 }, // U+0120
    { 10, 16, 144, -2, 12, 40, 1140 }, // U+0121
    { 11, 17, 208, 1, 12, 47, 1180 }, // U+0122
    { 10, 18, 144, -2, 14, 45, 1227 }, // U+0123
    { 12, 16, 192, 0, 16, 48, 1272 }, // U+0124
    { 9, 16, 144, 0, 16, 36, 1320 }, // U+0125
    { 12, 12, 192, 0, 12, 36, 1356 }, // U+0126
    { 9, 12, 144, 0, 12, 27, 1392 }, // U+0127
    { 6, 15, 64, 0, 15, 23, 1419 }, // U+0128
    { 5, 12, 64, 0, 12, 15, 1442 }, // U+0129
    { 5, 14, 64, 0, 14, 18, 1457 }, // U+012A
    { 5, 11, 64, 0, 11, 14, 1475 }, // U+012B
    { 5, 15, 64, 0, 15, 19, 1489 }, // U+012C
    { 5, 12, 64, 0, 12, 15, 1508 }, // U+012D
    { 4, 15, 64, 0, 12, 15, 1523 }, // U+012E
    { 4, 15, 48, 0, 12, 15, 1538 }, // U+012F
    { 4, 15, 64, 0, 15, 15, 1553 }, // U+0130
    { 3, 9, 64, 0, 9, 7, 1568 }, // U+0131
    { 12, 12, 192, 0, 12, 36, 1575 }, // U+0132
    { 7, 16, 112, 0, 12, 28, 1611 }, // U+0133
    { 9, 16, 128, 0, 16, 36, 1639 }, // U+0134
    { 7, 17, 64, -3, 13, 30, 1675 }, // U+0135
    { 11, 17, 176, 0, 12, 47, 1705 }, // U+0136
    { 8, 17, 128, 0, 12, 34, 1752 }, // U+0137
    { 8, 9, 128, 0, 9, 18, 1786 }, // U+0138
    { 7, 16, 144, 0, 16, 28, 1804 }, // U+0139
    { 5, 16, 64, 0, 16, 20, 1832 }, // U+013A
    { 7, 17, 144, 0, 12, 30, 1852 }, // U+013B
    { 5, 17, 64, -1, 12, 22, 1882 }, // U+013C
    { 13, 12, 208, 0, 12, 39, 1904 }, // U+013D
    { 8, 12, 128, 0, 12, 24, 1943 }, // U+013E
    { 12, 12, 224, 0, 12, 36, 1967 }, // U+013F
    { 7, 12, 144, 0, 12, 21, 2003 }, // U+0140
    { 8, 12, 144, -1, 12, 24, 2024 }, // U+0141
    { 4, 12, 64, 0, 12, 12, 2048 }, // U+0142
    { 12, 16, 192, 0, 16, 48, 2060 }, // U+0143
    { 9, 13, 144, 0, 13, 30, 2108 }, // U+0144
    { 12, 17, 192, 0, 12, 51, 2138 }, // U+0145
    { 9, 14, 144, 0, 9, 32, 2189 }, // U+0146
    { 12, 16, 192, 0, 16, 48, 2221 }, // U+0147
    { 9, 13, 144, 0, 13, 30, 2269 }, // U+0148
    { 12, 12, 208, 1, 12, 36, 2299 }, // U+0149
    { 12, 16, 192, 0, 12, 48, 2335 }, // U+014A
    { 9, 13, 144, 0, 9, 30, 2383 }, // U+014B
    { 11, 14, 208, 1, 14, 39, 2413 }, // U+014C
    { 8, 11, 144, 0, 11, 22, 2452 }, // U+014D
    { 11, 15, 208, 1, 15, 42, 2474 }, // U+014E
    { 8, 12, 144, 0, 12, 24, 2516 }, // U+014F
    { 11, 17, 208, 1, 17, 47, 2540 }, // U+0150
    { 8, 14, 144, 0, 14, 28, 2587 }, // U+0151
    { 16, 12, 256, 0, 12, 48, 2615 }, // U+0152
    { 14, 9, 256, 1, 9, 32, 2663 }, // U+0153
    { 11, 16, 192, 0, 16, 44, 2695 }, // U+0154
    { 6, 13, 80, 0, 13, 20, 2739 }, // U+0155
    { 11, 17, 192, 0, 12, 47, 2759 }, // U+0156
    { 7, 14, 80, -1, 9, 25, 2806 }, // U+0157
    { 11, 16, 192, 0, 16, 44, 2831 }, // U+0158
    { 6, 13, 80, 0, 13, 20, 2875 }, // U+0159
    { 11, 16, 176, 0, 16, 44, 2895 }, // U+015A
    { 8, 13, 128, 0, 13, 26, 2939 }, // U+015B
    { 11, 16, 176, 0, 16, 44, 2965 }, // U+015C
    { 8, 13, 128, 0, 13, 26, 3009 }, // U+015D
    { 11, 16, 176, 0, 12, 44, 3035 }, // U+015E
    { 8, 13, 128, 0, 9, 26, 3079 }, // U+015F
    { 11, 13, 176, 0, 13, 36, 3105 }, // U+0160
    { 8, 13, 128, 0, 13, 26, 3141 }, // U+0161
    { 9, 16, 160, 2, 12, 36, 3167 }, // U+0162
    { 6, 15, 80, -1, 11, 23, 3203 }, // U+0163
    { 9, 16, 160, 2, 16, 36, 3226 }, // U+0164
    { 9, 12, 144, 0, 12, 27, 3262 }, // U+0165
    { 9, 12, 160, 2, 12, 27, 3289 }, // U+0166
    { 5, 11, 80, 0, 11, 14, 3316 }, // U+0167
    { 11, 15, 192, 1, 15, 42, 3330 }, // U+0168
    { 9, 12, 144, 0, 12, 27, 3372 }, // U+0169
    { 11, 14, 192, 1, 14, 39, 3399 }, // U+016A
    { 9, 11, 144, 0, 11, 25, 3438 }, // U+016B
    { 11, 15, 192, 1, 15, 42, 3463 }, // U+016C
    { 9, 12, 144, 0, 12, 27, 3505 }, // U+016D
    { 11, 17, 192, 1, 17, 47, 3532 }, // U+016E
    { 9, 14, 144, 0, 14, 32, 3579 }, // U+016F
    { 11, 17, 192, 1, 17, 47, 3611 }, // U+0170
    { 9, 14, 144, 0, 14, 32, 3658 }, // U+0171
    { 11, 15, 192, 1, 12, 42, 3690 }, // U+0172
    { 9, 12, 144, 0, 9, 27, 3732 }, // U+0173
    { 15, 16, 256, 2, 16, 60, 3759 }, // U+0174
    { 11, 13, 192, 1, 13, 36, 3819 }, // U+0175
    { 10, 16, 176, 2, 16, 40, 3855 }, // U+0176
    { 9, 17, 128, -1, 13, 39, 3895 }, // U+0177
    { 10, 13, 176, 2, 13, 33, 3934 }, // U+0178
    { 12, 16, 160, -1, 16, 48, 3967 }, // U+0179
    { 9, 13, 128, -1, 13, 30, 4015 }, // U+017A
    { 12, 15, 160, -1, 15, 45, 4045 }, // U+017B
    { 9, 12, 128, -1, 12, 27, 4090 }, // U+017C
    { 12, 13, 160, -1, 13, 39, 4117 }, // U+017D
    { 9, 13, 128, -1, 13, 30, 4156 }, // U+017E
    { 8, 16, 128, 0, 14, 32, 4186 }, // U+017F
    { 13, 12, 208, 1, 12, 39, 0 }, // U+01A0
    { 11, 9, 144, 0, 9, 25, 39 }, // U+01A1
    { 13, 12, 192, 1, 12, 39, 64 }, // U+01AF
    { 11, 9, 144, 0, 9, 25, 103 }, // U+01B0
    { 8, 16, 128, 0, 14, 32, 128 }, // U+01C4
    { 8, 16, 128, 0, 14, 32, 160 }, // U+01C5
    { 8, 16, 128, 0, 14, 32, 192 }, // U+01C6
    { 8, 16, 128, 0, 14, 32, 224 }, // U+01C7
    { 8, 16, 128, 0, 14, 32, 256 }, // U+01C8
    { 8, 16, 128, 0, 14, 32, 288 }, // U+01C9
    { 8, 16, 128, 0, 14, 32, 320 }, // U+01CA
    { 8, 16, 128, 0, 14, 32, 352 }, // U+01CB
    { 8, 16, 128, 0, 14, 32, 384 }, // U+01CC
    { 10, 16, 176, -1, 16, 40, 416 }, // U+01CD
    { 8, 13, 144, 0, 13, 26, 456 }, // U+01CE
    { 6, 16, 64, 0, 16, 24, 482 }, // U+01CF
    { 5, 13, 64, 0, 13, 17, 506 }, // U+01D0
    { 11, 16, 208, 1, 16, 44, 523 }, // U+01D1
    { 8, 13, 144, 0, 13, 26, 567 }, // U+01D2
    { 11, 16, 192, 1, 16, 44, 593 }, // U+01D3
    { 9, 13, 144, 0, 13, 30, 637 }, // U+01D4
    { 11, 17, 192, 1, 17, 47, 667 }, // U+01D5
    { 9, 14, 144, 0, 14, 32, 714 }, // U+01D6
    { 11, 19, 192, 1, 19, 53, 746 }, // U+01D7
    { 9, 16, 144, 0, 16, 36, 799 }, // U+01D8
    { 11, 19, 192, 1, 19, 53, 835 }, // U+01D9
    { 9, 16, 144, 0, 16, 36, 888 }, // U+01DA
    { 11, 19, 192, 1, 19, 53, 924 }, // U+01DB
    { 9, 16, 144, 0, 16, 36, 977 }, // U+01DC
    { 8, 9, 144, 0, 9, 18, 1013 }, // U+01DD
    { 11, 17, 176, -1, 17, 47, 1031 }, // U+01DE
    { 8, 14, 144, 0, 14, 28, 1078 }, // U+01DF
    { 10, 17, 176, -1, 17, 43, 1106 }, // U+01E0
    { 8, 14, 144, 0, 14, 28, 1149 }, // U+01E1
    { 16, 14, 256, 0, 14, 56, 1177 }, // U+01E2
    { 14, 11, 240, 0, 11, 39, 1233 }, // U+01E3
    { 11, 12, 208, 1, 12, 33, 1272 }, // U+01E4
    { 10, 13, 144, -2, 9, 33, 1305 }, // U+01E5
    { 11, 16, 208, 1, 16, 44, 1338 }, // U+01E6
    { 10, 17, 144, -2, 13, 43, 1382 }, // U+01E7
    { 11, 16, 176, 0, 16, 44, 1425 }, // U+01E8
    { 8, 16, 128, 0, 16, 32, 1469 }, // U+01E9
    { 11, 15, 208, 1, 12, 42, 1501 }, // U+01EA
    { 8, 12, 144, 0, 9, 24, 1543 }, // U+01EB
    { 11, 17, 208, 1, 14, 47, 1567 }, // U+01EC
    { 8, 14, 144, 0, 11, 28, 1614 }, // U+01ED
    { 8, 16, 128, 0, 14, 32, 1642 }, // U+01EE
    { 8, 16, 128, 0, 14, 32, 1674 }, // U+01EF
    { 8, 17, 64, -3, 13, 34, 1706 }, // U+01F0
    { 8, 16, 128, 0, 14, 32, 1740 }, // U+01F1
    { 8, 16, 128, 0, 14, 32, 1772 }, // U+01F2
    { 8, 16, 128, 0, 14, 32, 1804 }, // U+01F3
    { 11, 16, 208, 1, 16, 44, 1836 }, // U+01F4
    { 10, 17, 144, -2, 13, 43, 1880 }, // U+01F5
    { 8, 16, 128, 0, 14, 32, 1923 }, // U+01F6
    { 8, 16, 128, 0, 14, 32, 1955 }, // U+01F7
    { 12, 16, 192, 0, 16, 48, 1987 }, // U+01F8
    { 9, 13, 144, 0, 13, 30, 2035 }, // U+01F9
    { 10, 19, 176, -1, 19, 48, 2065 }, // U+01FA
    { 8, 17, 144, 0, 17, 34, 2113 }, // U+01FB
    { 16, 16, 256, 0, 16, 64, 2147 }, // U+01FC
    { 14, 13, 240, 0, 13, 46, 2211 }, // U+01FD
    { 12, 16, 208, 0, 16, 48, 2257 }, // U+01FE
    { 10, 13, 160, -1, 13, 33, 2305 }, // U+01FF
    { 8, 16, 128, 0, 14, 32, 2338 }, // U+0200
    { 8, 16, 128, 0, 14, 32, 2370 }, // U+0201
    { 8, 16, 128, 0, 14, 32, 2402 }, // U+0202
    { 8, 16, 128, 0, 14, 32, 2434 }, // U+0203
    { 8, 16, 128, 0, 14, 32, 2466 }, // U+0204
    { 8, 16, 128, 0, 14, 32, 2498 }, // U+0205
    { 8, 16, 128, 0, 14, 32, 2530 }, // U+0206
    { 8, 16, 128, 0, 14, 32, 2562 }, // U+0207
    { 8, 16, 128, 0, 14, 32, 2594 }, // U+0208
    { 8, 16, 128, 0, 14, 32, 2626 }, // U+0209
    { 8, 16, 128, 0, 14, 32, 2658 }, // U+020A
    { 8, 16, 128, 0, 14, 32, 2690 }, // U+020B
    { 8, 16, 128, 0, 14, 32, 2722 }, // U+020C
    { 8, 16, 128, 0, 14, 32, 2754 }, // U+020D
    { 8, 16, 128, 0, 14, 32, 2786 }, // U+020E
    { 8, 16, 128, 0, 14, 32, 2818 }, // U+020F
    { 8, 16, 128, 0, 14, 32, 2850 }, // U+0210
    { 8, 16, 128, 0, 14, 32, 2882 }, // U+0211
    { 8, 16, 128, 0, 14, 32, 2914 }, // U+0212
    { 8, 16, 128, 0, 14, 32, 2946 }, // U+0213
    { 8, 16, 128, 0, 14, 32, 2978 }, // U+0214
    { 8, 16, 128, 0, 14, 32, 3010 }, // U+0215
    { 8, 16, 128, 0, 14, 32, 3042 }, // U+0216
    { 8, 16, 128, 0, 14, 32, 3074 }, // U+0217
    { 11, 17, 176, 0, 12, 47, 3106 }, // U+0218
    { 8, 14, 128, 0, 9, 28, 3153 }, // U+0219
    { 9, 17, 160, 2, 12, 39, 3181 }, // U+021A
    { 5, 16, 80, 0, 11, 20, 3220 }, // U+021B
    { 8, 16, 128, 0, 14, 32, 3240 }, // U+021C
    { 8, 16, 128, 0, 14, 32, 3272 }, // U+021D
    { 12, 16, 192, 0, 16, 48, 3304 }, // U+021E
    { 9, 16, 144, 0, 16, 36, 3352 }, // U+021F
    { 8, 16, 128, 0, 14, 32, 0 }, // U+0300
    { 8, 16, 128, 0, 14, 32, 32 }, // U+0301
    { 8, 16, 128, 0, 14, 32, 64 }, // U+0302
    { 8, 16, 128, 0, 14, 32, 96 }, // U+0303
    { 8, 16, 128, 0, 14, 32, 128 }, // U+0304
    { 8, 16, 128, 0, 14, 32, 160 }, // U+0305
    { 8, 16, 128, 0, 14, 32, 192 }, // U+0306
    { 8, 16, 128, 0, 14, 32, 224 }, // U+0307
    { 8, 16, 128, 0, 14, 32, 256 }, // U+0308
    { 8, 16, 128, 0, 14, 32, 288 }, // U+0309
    { 8, 16, 128, 0, 14, 32, 320 }, // U+030A
    { 8, 16, 128, 0, 14, 32, 352 }, // U+030B
    { 8, 16, 128, 0, 14, 32, 384 }, // U+030C
    { 8, 16, 128, 0, 14, 32, 416 }, // U+030D
    { 8, 16, 128, 0, 14, 32, 448 }, // U+030E
    { 8, 16, 128, 0, 14, 32, 480 }, // U+030F
    { 8, 16, 128, 0, 14, 32, 512 }, // U+0310
    { 8, 16, 128, 0, 14, 32, 544 }, // U+0311
    { 8, 16, 128, 0, 14, 32, 576 }, // U+0312
    { 8, 16, 128, 0, 14, 32, 608 }, // U+0313
    { 8, 16, 128, 0, 14, 32, 640 }, // U+0314
    { 8, 16, 128, 0, 14, 32, 672 }, // U+0315
    { 8, 16, 128, 0, 14, 32, 704 }, // U+0316
    { 8, 16, 128, 0, 14, 32, 736 }, // U+0317
    { 8, 16, 128, 0, 14, 32, 768 }, // U+0318
    { 8, 16, 128, 0, 14, 32, 800 }, // U+0319
    { 8, 16, 128, 0, 14, 32, 832 }, // U+031A
    { 8, 16, 128, 0, 14, 32, 864 }, // U+031B
    { 8, 16, 128, 0, 14, 32, 896 }, // U+031C
    { 8, 16, 128, 0, 14, 32, 928 }, // U+031D
    { 8, 16, 128, 0, 14, 32, 960 }, // U+031E
    { 8, 16, 128, 0, 14, 32, 992 }, // U+031F
    { 8, 16, 128, 0, 14, 32, 1024 }, // U+0320
    { 8, 16, 128, 0, 14, 32, 1056 }, // U+0321
    { 8, 16, 128, 0, 14, 32, 1088 }, // U+0322
    { 8, 16, 128, 0, 14, 32, 1120 }, // U+0323
    { 8, 16, 128, 0, 14, 32, 1152 }, // U+0324
    { 8, 16, 128, 0, 14, 32, 1184 }, // U+0325
    { 8, 16, 128, 0, 14, 32, 1216 }, // U+0326
    { 8, 16, 128, 0, 14, 32, 1248 }, // U+0327
    { 8, 16, 128, 0, 14, 32, 1280 }, // U+0328
    { 8, 16, 128, 0, 14, 32, 1312 }, // U+0329
    { 8, 16, 128, 0, 14, 32, 1344 }, // U+032A
    { 8, 16, 128, 0, 14, 32, 1376 }, // U+032B
    { 8, 16, 128, 0, 14, 32, 1408 }, // U+032C
    { 8, 16, 128, 0, 14, 32, 1440 }, // U+032D
    { 8, 16, 128, 0, 14, 32, 1472 }, // U+032E
    { 8, 16, 128, 0, 14, 32, 1504 }, // U+032F
    { 8, 16, 128, 0, 14, 32, 1536 }, // U+0330
    { 8, 16, 128, 0, 14, 32, 1568 }, // U+0331
    { 8, 16, 128, 0, 14, 32, 1600 }, // U+0332
    { 8, 16, 128, 0, 14, 32, 1632 }, // U+0333
    { 8, 16, 128, 0, 14, 32, 1664 }, // U+0334
    { 8, 16, 128, 0, 14, 32, 1696 }, // U+0335
    { 8, 16, 128, 0, 14, 32, 1728 }, // U+0336
    { 8, 16, 128, 0, 14, 32, 1760 }, // U+0337
    { 8, 16, 128, 0, 14, 32, 1792 }, // U+0338
    { 8, 16, 128, 0, 14, 32, 1824 }, // U+0339
    { 8, 16, 128, 0, 14, 32, 1856 }, // U+033A
    { 8, 16, 128, 0, 14, 32, 1888 }, // U+033B
    { 8, 16, 128, 0, 14, 32, 1920 }, // U+033C
    { 8, 16, 128, 0, 14, 32, 1952 }, // U+033D
    { 8, 16, 128, 0, 14, 32, 1984 }, // U+033E
    { 8, 16, 128, 0, 14, 32, 2016 }, // U+033F
    { 8, 16, 128, 0, 14, 32, 2048 }, // U+0340
    { 8, 16, 128, 0, 14, 32, 2080 }, // U+0341
    { 8, 16, 128, 0, 14, 32, 2112 }, // U+0342
    { 8, 16, 128, 0, 14, 32, 2144 }, // U+0343
    { 8, 16, 128, 0, 14, 32, 2176 }, // U+0344
    { 8, 16, 128, 0, 14, 32, 2208 }, // U+0345
    { 8, 16, 128, 0, 14, 32, 2240 }, // U+0346
    { 8, 16, 128, 0, 14, 32, 2272 }, // U+0347
    { 8, 16, 128, 0, 14, 32, 2304 }, // U+0348
    { 8, 16, 128, 0, 14, 32, 2336 }, // U+0349
    { 8, 16, 128, 0, 14, 32, 2368 }, // U+034A
    { 8, 16, 128, 0, 14, 32, 2400 }, // U+034B
    { 8, 16, 128, 0, 14, 32, 2432 }, // U+034C
    { 8, 16, 128, 0, 14, 32, 2464 }, // U+034D
    { 8, 16, 128, 0, 14, 32, 2496 }, // U+034E
    { 16, 16, 256, 0, 14, 64, 2528 }, // U+034F
    { 8, 16, 128, 0, 14, 32, 2592 }, // U+0350
    { 8, 16, 128, 0, 14, 32, 2624 }, // U+0351
    { 8, 16, 128, 0, 14, 32, 2656 }, // U+0352
    { 8, 16, 128, 0, 14, 32, 2688 }, // U+0353
    { 8, 16, 128, 0, 14, 32, 2720 }, // U+0354
    { 8, 16, 128, 0, 14, 32, 2752 }, // U+0355
    { 8, 16, 128, 0, 14, 32, 2784 }, // U+0356
    { 8, 16, 128, 0, 14, 32, 2816 }, // U+0357
    { 8, 16, 128, 0, 14, 32, 2848 }, // U+0358
    { 8, 16, 128, 0, 14, 32, 2880 }, // U+0359
    { 8, 16, 128, 0, 14, 32, 2912 }, // U+035A
    { 8, 16, 128, 0, 14, 32, 2944 }, // U+035B
    { 16, 16, 256, 0, 14, 64, 2976 }, // U+035C
    { 16, 16, 256, 0, 14, 64, 3040 }, // U+035D
    { 16, 16, 256, 0, 14, 64, 3104 }, // U+035E
    { 16, 16, 256, 0, 14, 64, 3168 }, // U+035F
    { 16, 16, 256, 0, 14, 64, 3232 }, // U+0360
    { 16, 16, 256, 0, 14, 64, 3296 }, // U+0361
    { 16, 16, 256, 0, 14, 64, 3360 }, // U+0362
    { 8, 16, 128, 0, 14, 32, 3424 }, // U+0363
    { 8, 16, 128, 0, 14, 32, 3456 }, // U+0364
    { 8, 16, 128, 0, 14, 32, 3488 }, // U+0365
    { 8, 16, 128, 0, 14, 32, 3520 }, // U+0366
    { 8, 16, 128, 0, 14, 32, 3552 }, // U+0367
    { 8, 16, 128, 0, 14, 32, 3584 }, // U+0368
    { 8, 16, 128, 0, 14, 32, 3616 }, // U+0369
    { 8, 16, 128, 0, 14, 32, 3648 }, // U+036A
    { 8, 16, 128, 0, 14, 32, 3680 }, // U+036B
    { 8, 16, 128, 0, 14, 32, 3712 }, // U+036C
    { 8, 16, 128, 0, 14, 32, 3744 }, // U+036D
    { 8, 16, 128, 0, 14, 32, 3776 }, // U+036E
    { 8, 16, 128, 0, 14, 32, 3808 }, // U+036F
    { 8, 16, 128, 0, 14, 32, 0 }, // U+0400
    { 8, 16, 128, 0, 14, 32, 32 }, // U+0401
    { 8, 16, 128, 0, 14, 32, 64 }, // U+0402
    { 8, 16, 128, 0, 14, 32, 96 }, // U+0403
    { 8, 16, 128, 0, 14, 32, 128 }, // U+0404
    { 8, 16, 128, 0, 14, 32, 160 }, // U+0405
    { 8, 16, 128, 0, 14, 32, 192 }, // U+0406
    { 8, 16, 128, 0, 14, 32, 224 }, // U+0407
    { 8, 16, 128, 0, 14, 32, 256 }, // U+0408
    { 8, 16, 128, 0, 14, 32, 288 }, // U+0409
    { 8, 16, 128, 0, 14, 32, 320 }, // U+040A
    { 8, 16, 128, 0, 14, 32, 352 }, // U+040B
    { 8, 16, 128, 0, 14, 32, 384 }, // U+040C
    { 8, 16, 128, 0, 14, 32, 416 }, // U+040D
    { 8, 16, 128, 0, 14, 32, 448 }, // U+040E
    { 8, 16, 128, 0, 14, 32, 480 }, // U+040F
    { 8, 16, 128, 0, 14, 32, 512 }, // U+0410
    { 8, 16, 128, 0, 14, 32, 544 }, // U+0411
    { 8, 16, 128, 0, 14, 32, 576 }, // U+0412
    { 8, 16, 128, 0, 14, 32, 608 }, // U+0413
    { 8, 16, 128, 0, 14, 32, 640 }, // U+0414
    { 8, 16, 128, 0, 14, 32, 672 }, // U+0415
    { 8, 16, 128, 0, 14, 32, 704 }, // U+0416
    { 8, 16, 128, 0, 14, 32, 736 }, // U+0417
    { 8, 16, 128, 0, 14, 32, 768 }, // U+0418
    { 8, 16, 128, 0, 14, 32, 800 }, // U+0419
    { 8, 16, 128, 0, 14, 32, 832 }, // U+041A
    { 8, 16, 128, 0, 14, 32, 864 }, // U+041B
    { 8, 16, 128, 0, 14, 32, 896 }, // U+041C
    { 8, 16, 128, 0, 14, 32, 928 }, // U+041D
    { 8, 16, 128, 0, 14, 32, 960 }, // U+041E
    { 8, 16, 128, 0, 14, 32, 992 }, // U+041F
    { 8, 16, 128, 0, 14, 32, 1024 }, // U+0420
    { 8, 16, 128, 0, 14, 32, 1056 }, // U+0421
    { 8, 16, 128, 0, 14, 32, 1088 }, // U+0422
    { 8, 16, 128, 0, 14, 32, 1120 }, // U+0423
    { 8, 16, 128, 0, 14, 32, 1152 }, // U+0424
    { 8, 16, 128, 0, 14, 32, 1184 }, // U+0425
    { 8, 16, 128, 0, 14, 32, 1216 }, // U+0426
    { 8, 16, 128, 0, 14, 32, 1248 }, // U+0427
    { 8, 16, 128, 0, 14, 32, 1280 }, // U+0428
    { 8, 16, 128, 0, 14, 32, 1312 }, // U+0429
    { 8, 16, 128, 0, 14, 32, 1344 }, // U+042A
    { 8, 16, 128, 0, 14, 32, 1376 }, // U+042B
    { 8, 16, 128, 0, 14, 32, 1408 }, // U+042C
    { 8, 16, 128, 0, 14, 32, 1440 }, // U+042D
    { 8, 16, 128, 0, 14, 32, 1472 }, // U+042E
    { 8, 16, 128, 0, 14, 32, 1504 }, // U+042F
    { 8, 16, 128, 0, 14, 32, 1536 }, // U+0430
    { 8, 16, 128, 0, 14, 32, 1568 }, // U+0431
    { 8, 16, 128, 0, 14, 32, 1600 }, // U+0432
    { 8, 16, 128, 0, 14, 32, 1632 }, // U+0433
    { 8, 16, 128, 0, 14, 32, 1664 }, // U+0434
    { 8, 16, 128, 0, 14, 32, 1696 }, // U+0435
    { 8, 16, 128, 0, 14, 32, 1728 }, // U+0436
    { 8, 16, 128, 0, 14, 32, 1760 }, // U+0437
    { 8, 16, 128, 0, 14, 32, 1792 }, // U+0438
    { 8, 16, 128, 0, 14, 32, 1824 }, // U+0439
    { 8, 16, 128, 0, 14, 32, 1856 }, // U+043A
    { 8, 16, 128, 0, 14, 32, 1888 }, // U+043B
    { 8, 16, 128, 0, 14, 32, 1920 }, // U+043C
    { 8, 16, 128, 0, 14, 32, 1952 }, // U+043D
    { 8, 16, 128, 0, 14, 32, 1984 }, // U+043E
    { 8, 16, 128, 0, 14, 32, 2016 }, // U+043F
    { 8, 16, 128, 0, 14, 32, 2048 }, // U+0440
    { 8, 16, 128, 0, 14, 32, 2080 }, // U+0441
    { 8, 16, 128, 0, 14, 32, 2112 }, // U+0442
    { 8, 16, 128, 0, 14, 32, 2144 }, // U+0443
    { 8, 16, 128, 0, 14, 32, 2176 }, // U+0444
    { 8, 16, 128, 0, 14, 32, 2208 }, // U+0445
    { 8, 16, 128, 0, 14, 32, 2240 }, // U+0446
    { 8, 16, 128, 0, 14, 32, 2272 }, // U+0447
    { 8, 16, 128, 0, 14, 32, 2304 }, // U+0448
    { 8, 16, 128, 0, 14, 32, 2336 }, // U+0449
    { 8, 16, 128, 0, 14, 32, 2368 }, // U+044A
    { 8, 16, 128, 0, 14, 32, 2400 }, // U+044B
    { 8, 16, 128, 0, 14, 32, 2432 }, // U+044C
    { 8, 16, 128, 0, 14, 32, 2464 }, // U+044D
    { 8, 16, 128, 0, 14, 32, 2496 }, // U+044E
    { 8, 16, 128, 0, 14, 32, 2528 }, // U+044F
    { 8, 16, 128, 0, 14, 32, 2560 }, // U+0450
    { 8, 16, 128, 0, 14, 32, 2592 }, // U+0451
    { 8, 16, 128, 0, 14, 32, 2624 }, // U+0452
    { 8, 16, 128, 0, 14, 32, 2656 }, // U+0453
    { 8, 16, 128, 0, 14, 32, 2688 }, // U+0454
    { 8, 16, 128, 0, 14, 32, 2720 }, // U+0455
    { 8, 16, 128, 0, 14, 32, 2752 }, // U+0456
    { 8, 16, 128, 0, 14, 32, 2784 }, // U+0457
    { 8, 16, 128, 0, 14, 32, 2816 }, // U+0458
    { 8, 16, 128, 0, 14, 32, 2848 }, // U+0459
    { 8, 16, 128, 0, 14, 32, 2880 }, // U+045A
    { 8, 16, 128, 0, 14, 32, 2912 }, // U+045B
    { 8, 16, 128, 0, 14, 32, 2944 }, // U+045C
    { 8, 16, 128, 0, 14, 32, 2976 }, // U+045D
    { 8, 16, 128, 0, 14, 32, 3008 }, // U+045E
    { 8, 16, 128, 0, 14, 32, 3040 }, // U+045F
    { 8, 16, 128, 0, 14, 32, 3072 }, // U+0460
    { 8, 16, 128, 0, 14, 32, 3104 }, // U+0461
    { 8, 16, 128, 0, 14, 32, 3136 }, // U+0462
    { 8, 16, 128, 0, 14, 32, 3168 }, // U+0463
    { 8, 16, 128, 0, 14, 32, 3200 }, // U+0464
    { 8, 16, 128, 0, 14, 32, 3232 }, // U+0465
    { 8, 16, 128, 0, 14, 32, 3264 }, // U+0466
    { 8, 16, 128, 0, 14, 32, 3296 }, // U+0467
    { 8, 16, 128, 0, 14, 32, 3328 }, // U+0468
    { 8, 16, 128, 0, 14, 32, 3360 }, // U+0469
    { 8, 16, 128, 0, 14, 32, 3392 }, // U+046A
    { 8, 16, 128, 0, 14, 32, 3424 }, // U+046B
    { 8, 16, 128, 0, 14, 32, 3456 }, // U+046C
    { 8, 16, 128, 0, 14, 32, 3488 }, // U+046D
    { 8, 16, 128, 0, 14, 32, 3520 }, // U+046E
    { 8, 16, 128, 0, 14, 32, 3552 }, // U+046F
    { 8, 16, 128, 0, 14, 32, 3584 }, // U+0470
    { 8, 16, 128, 0, 14, 32, 3616 }, // U+0471
    { 8, 16, 128, 0, 14, 32, 3648 }, // U+0472
    { 8, 16, 128, 0, 14, 32, 3680 }, // U+0473
    { 8, 16, 128, 0, 14, 32, 3712 }, // U+0474
    { 8, 16, 128, 0, 14, 32, 3744 }, // U+0475
    { 8, 16, 128, 0, 14, 32, 3776 }, // U+0476
    { 8, 16, 128, 0, 14, 32, 3808 }, // U+0477
    { 8, 16, 128, 0, 14, 32, 3840 }, // U+0478
    { 8, 16, 128, 0, 14, 32, 3872 }, // U+0479
    { 8, 16, 128, 0, 14, 32, 3904 }, // U+047A
    { 8, 16, 128, 0, 14, 32, 3936 }, // U+047B
    { 8, 16, 128, 0, 14, 32, 3968 }, // U+047C
    { 8, 16, 128, 0, 14, 32, 4000 }, // U+047D
    { 8, 16, 128, 0, 14, 32, 4032 }, // U+047E
    { 8, 16, 128, 0, 14, 32, 4064 }, // U+047F
    { 8, 16, 128, 0, 14, 32, 4096 }, // U+0480
    { 8, 16, 128, 0, 14, 32, 4128 }, // U+0481
    { 8, 16, 128, 0, 14, 32, 4160 }, // U+0482
    { 8, 16, 128, 0, 14, 32, 4192 }, // U+0483
    { 8, 16, 128, 0, 14, 32, 4224 }, // U+0484
    { 8, 16, 128, 0, 14, 32, 4256 }, // U+0485
    { 8, 16, 128, 0, 14, 32, 4288 }, // U+0486
    { 8, 16, 128, 0, 14, 32, 4320 }, // U+0487
    { 16, 16, 256, 0, 14, 64, 4352 }, // U+0488
    { 16, 16, 256, 0, 14, 64, 4416 }, // U+0489
    { 8, 16, 128, 0, 14, 32, 4480 }, // U+048A
    { 8, 16, 128, 0, 14, 32, 4512 }, // U+048B
    { 8, 16, 128, 0, 14, 32, 4544 }, // U+048C
    { 8, 16, 128, 0, 14, 32, 4576 }, // U+048D
    { 8, 16, 128, 0, 14, 32, 4608 }, // U+048E
    { 8, 16, 128, 0, 14, 32, 4640 }, // U+048F
    { 8, 16, 128, 0, 14, 32, 4672 }, // U+0490
    { 8, 16, 128, 0, 14, 32, 4704 }, // U+0491
    { 8, 16, 128, 0, 14, 32, 4736 }, // U+0492
    { 8, 16, 128, 0, 14, 32, 4768 }, // U+0493
    { 8, 16, 128, 0, 14, 32, 4800 }, // U+0494
    { 8, 16, 128, 0, 14, 32, 4832 }, // U+0495
    { 8, 16, 128, 0, 14, 32, 4864 }, // U+0496
    { 8, 16, 128, 0, 14, 32, 4896 }, // U+0497
    { 8, 16, 128, 0, 14, 32, 4928 }, // U+0498
    { 8, 16, 128, 0, 14, 32, 4960 }, // U+0499
    { 8, 16, 128, 0, 14, 32, 4992 }, // U+049A
    { 8, 16, 128, 0, 14, 32, 5024 }, // U+049B
    { 8, 16, 128, 0, 14, 32, 5056 }, // U+049C
    { 8, 16, 128, 0, 14, 32, 5088 }, // U+049D
    { 8, 16, 128, 0, 14, 32, 5120 }, // U+049E
    { 8, 16, 128, 0, 14, 32, 5152 }, // U+049F
    { 8, 16, 128, 0, 14, 32, 5184 }, // U+04A0
    { 8, 16, 128, 0, 14, 32, 5216 }, // U+04A1
    { 8, 16, 128, 0, 14, 32, 5248 }, // U+04A2
    { 8, 16, 128, 0, 14, 32, 5280 }, // U+04A3
    { 8, 16, 128, 0, 14, 32, 5312 }, // U+04A4
    { 8, 16, 128, 0, 14, 32, 5344 }, // U+04A5
    { 8, 16, 128, 0, 14, 32, 5376 }, // U+04A6
    { 8, 16, 128, 0, 14, 32, 5408 }, // U+04A7
    { 8, 16, 128, 0, 14, 32, 5440 }, // U+04A8
    { 8, 16, 128, 0, 14, 32, 5472 }, // U+04A9
    { 8, 16, 128, 0, 14, 32, 5504 }, // U+04AA
    { 8, 16, 128, 0, 14, 32, 5536 }, // U+04AB
    { 8, 16, 128, 0, 14, 32, 5568 }, // U+04AC
    { 8, 16, 128, 0, 14, 32, 5600 }, // U+04AD
    { 8, 16, 128, 0, 14, 32, 5632 }, // U+04AE
    { 8, 16, 128, 0, 14, 32, 5664 }, // U+04AF
    { 8, 16, 128, 0, 14, 32, 5696 }, // U+04B0
    { 8, 16, 128, 0, 14, 32, 5728 }, // U+04B1
    { 8, 16, 128, 0, 14, 32, 5760 }, // U+04B2
    { 8, 16, 128, 0, 14, 32, 5792 }, // U+04B3
    { 8, 16, 128, 0, 14, 32, 5824 }, // U+04B4
    { 8, 16, 128, 0, 14, 32, 5856 }, // U+04B5
    { 8, 16, 128, 0, 14, 32, 5888 }, // U+04B6
    { 8, 16, 128, 0, 14, 32, 5920 }, // U+04B7
    { 8, 16, 128, 0, 14, 32, 5952 }, // U+04B8
    { 8, 16, 128, 0, 14, 32, 5984 }, // U+04B9
    { 8, 16, 128, 0, 14, 32, 6016 }, // U+04BA
    { 8, 16, 128, 0, 14, 32, 6048 }, // U+04BB
    { 8, 16, 128, 0, 14, 32, 6080 }, // U+04BC
    { 8, 16, 128, 0, 14, 32, 6112 }, // U+04BD
    { 8, 16, 128, 0, 14, 32, 6144 }, // U+04BE
    { 8, 16, 128, 0, 14, 32, 6176 }, // U+04BF
    { 8, 16, 128, 0, 14, 32, 6208 }, // U+04C0
    { 8, 16, 128, 0, 14, 32, 6240 }, // U+04C1
    { 8, 16, 128, 0, 14, 32, 6272 }, // U+04C2
    { 8, 16, 128, 0, 14, 32, 6304 }, // U+04C3
    { 8, 16, 128, 0, 14, 32, 6336 }, // U+04C4
    { 8, 16, 128, 0, 14, 32, 6368 }, // U+04C5
    { 8, 16, 128, 0, 14, 32, 6400 }, // U+04C6
    { 8, 16, 128, 0, 14, 32, 6432 }, // U+04C7
    { 8, 16, 128, 0, 14, 32, 6464 }, // U+04C8
    { 8, 16, 128, 0, 14, 32, 6496 }, // U+04C9
    { 8, 16, 128, 0, 14, 32, 6528 }, // U+04CA
    { 8, 16, 128, 0, 14, 32, 6560 }, // U+04CB
    { 8, 16, 128, 0, 14, 32, 6592 }, // U+04CC
    { 8, 16, 128, 0, 14, 32, 6624 }, // U+04CD
    { 8, 16, 128, 0, 14, 32, 6656 }, // U+04CE
    { 8, 16, 128, 0, 14, 32, 6688 }, // U+04CF
    { 8, 16, 128, 0, 14, 32, 6720 }, // U+04D0
    { 8, 16, 128, 0, 14, 32, 6752 }, // U+04D1
    { 8, 16, 128, 0, 14, 32, 6784 }, // U+04D2
    { 8, 16, 128, 0, 14, 32, 6816 }, // U+04D3
    { 8, 16, 128, 0, 14, 32, 6848 }, // U+04D4
    { 8, 16, 128, 0, 14, 32, 6880 }, // U+04D5
    { 8, 16, 128, 0, 14, 32, 6912 }, // U+04D6
    { 8, 16, 128, 0, 14, 32, 6944 }, // U+04D7
    { 8, 16, 128, 0, 14, 32, 6976 }, // U+04D8
    { 8, 16, 128, 0, 14, 32, 7008 }, // U+04D9
    { 8, 16, 128, 0, 14, 32, 7040 }, // U+04DA
    { 8, 16, 128, 0, 14, 32, 7072 }, // U+04DB
    { 8, 16, 128, 0, 14, 32, 7104 }, // U+04DC
    { 8, 16, 128, 0, 14, 32, 7136 }, // U+04DD
    { 8, 16, 128, 0, 14, 32, 7168 }, // U+04DE
    { 8, 16, 128, 0, 14, 32, 7200 }, // U+04DF
    { 8, 16, 128, 0, 14, 32, 7232 }, // U+04E0
    { 8, 16, 128, 0, 14, 32, 7264 }, // U+04E1
    { 8, 16, 128, 0, 14, 32, 7296 }, // U+04E2
    { 8, 16, 128, 0, 14, 32, 7328 }, // U+04E3
    { 8, 16, 128, 0, 14, 32, 7360 }, // U+04E4
    { 8, 16, 128, 0, 14, 32, 7392 }, // U+04E5
    { 8, 16, 128, 0, 14, 32, 7424 }, // U+04E6
    { 8, 16, 128, 0, 14, 32, 7456 }, // U+04E7
    { 8, 16, 128, 0, 14, 32, 7488 }, // U+04E8
    { 8, 16, 128, 0, 14, 32, 7520 }, // U+04E9
    { 8, 16, 128, 0, 14, 32, 7552 }, // U+04EA
    { 8, 16, 128, 0, 14, 32, 7584 }, // U+04EB
    { 8, 16, 128, 0, 14, 32, 7616 }, // U+04EC
    { 8, 16, 128, 0, 14, 32, 7648 }, // U+04ED
    { 8, 16, 128, 0, 14, 32, 7680 }, // U+04EE
    { 8, 16, 128, 0, 14, 32, 7712 }, // U+04EF
    { 8, 16, 128, 0, 14, 32, 7744 }, // U+04F0
    { 8, 16, 128, 0, 14, 32, 7776 }, // U+04F1
    { 8, 16, 128, 0, 14, 32, 7808 }, // U+04F2
    { 8, 16, 128, 0, 14, 32, 7840 }, // U+04F3
    { 8, 16, 128, 0, 14, 32, 7872 }, // U+04F4
    { 8, 16, 128, 0, 14, 32, 7904 }, // U+04F5
    { 8, 16, 128, 0, 14, 32, 7936 }, // U+04F6
    { 8, 16, 128, 0, 14, 32, 7968 }, // U+04F7
    { 8, 16, 128, 0, 14, 32, 8000 }, // U+04F8
    { 8, 16, 128, 0, 14, 32, 8032 }, // U+04F9
    { 8, 16, 128, 0, 14, 32, 8064 }, // U+04FA
    { 8, 16, 128, 0, 14, 32, 8096 }, // U+04FB
    { 8, 16, 128, 0, 14, 32, 8128 }, // U+04FC
    { 8, 16, 128, 0, 14, 32, 8160 }, // U+04FD
    { 8, 16, 128, 0, 14, 32, 8192 }, // U+04FE
    { 8, 16, 128, 0, 14, 32, 8224 }, // U+04FF
    { 11, 15, 192, 0, 12, 42, 0 }, // U+1E0C
    { 9, 15, 144, 0, 12, 34, 42 }, // U+1E0D
    { 12, 15, 192, 0, 12, 45, 76 }, // U+1E24
    { 9, 15, 144, 0, 12, 34, 121 }, // U+1E25
    { 7, 15, 144, 0, 12, 27, 155 }, // U+1E36
    { 4, 15, 64, 0, 12, 15, 182 }, // U+1E37
    { 7, 17, 144, 0, 14, 30, 197 }, // U+1E38
    { 5, 17, 64, 0, 14, 22, 227 }, // U+1E39
    { 7, 14, 144, 0, 12, 25, 249 }, // U+1E3A
    { 5, 14, 64, -1, 12, 18, 274 }, // U+1E3B
    { 13, 15, 208, 0, 15, 49, 292 }, // U+1E40
    { 13, 12, 224, 0, 12, 39, 341 }, // U+1E41
    { 13, 15, 208, 0, 12, 49, 380 }, // U+1E42
    { 13, 12, 224, 0, 9, 39, 429 }, // U+1E43
    { 12, 15, 192, 0, 15, 45, 468 }, // U+1E44
    { 9, 12, 144, 0, 12, 27, 513 }, // U+1E45
    { 12, 15, 192, 0, 12, 45, 540 }, // U+1E46
    { 9, 12, 144, 0, 9, 27, 585 }, // U+1E47
    { 12, 14, 192, 0, 12, 42, 612 }, // U+1E48
    { 9, 11, 144, 0, 9, 25, 654 }, // U+1E49
    { 11, 15, 192, 0, 12, 42, 679 }, // U+1E5A
    { 6, 12, 80, 0, 9, 18, 721 }, // U+1E5B
    { 11, 17, 192, 0, 14, 47, 739 }, // U+1E5C
    { 6, 14, 80, 0, 11, 21, 786 }, // U+1E5D
    { 11, 14, 192, 0, 12, 39, 807 }, // U+1E5E
    { 7, 11, 80, -1, 9, 20, 846 }, // U+1E5F
    { 11, 15, 176, 0, 12, 42, 866 }, // U+1E62
    { 8, 12, 128, 0, 9, 24, 908 }, // U+1E63
    { 9, 15, 160, 2, 12, 34, 932 }, // U+1E6C
    { 5, 14, 80, 0, 11, 18, 966 }, // U+1E6D
    { 10, 15, 176, -1, 12, 38, 0 }, // U+1EA0
    { 8, 12, 144, 0, 9, 24, 38 }, // U+1EA1
    { 8, 16, 128, 0, 14, 32, 62 }, // U+1EA2
    { 8, 16, 128, 0, 14, 32, 94 }, // U+1EA3
    { 10, 20, 176, -1, 20, 50, 126 }, // U+1EA4
    { 8, 17, 144, 0, 17, 34, 176 }, // U+1EA5
    { 10, 20, 176, -1, 20, 50, 210 }, // U+1EA6
    { 8, 17, 144, 0, 17, 34, 260 }, // U+1EA7
    { 8, 16, 128, 0, 14, 32, 294 }, // U+1EA8
    { 8, 16, 128, 0, 14, 32, 326 }, // U+1EA9
    { 10, 19, 176, -1, 19, 48, 358 }, // U+1EAA
    { 8, 16, 144, 0, 16, 32, 406 }, // U+1EAB
    { 10, 19, 176, -1, 16, 48, 438 }, // U+1EAC
    { 8, 16, 144, 0, 13, 32, 486 }, // U+1EAD
    { 10, 19, 176, -1, 19, 48, 518 }, // U+1EAE
    { 8, 16, 144, 0, 16, 32, 566 }, // U+1EAF
    { 10, 19, 176, -1, 19, 48, 598 }, // U+1EB0
    { 8, 16, 144, 0, 16, 32, 646 }, // U+1EB1
    { 8, 16, 128, 0, 14, 32, 678 }, // U+1EB2
    { 8, 16, 128, 0, 14, 32, 710 }, // U+1EB3
    { 10, 18, 176, -1, 18, 45, 742 }, // U+1EB4
    { 8, 15, 144, 0, 15, 30, 787 }, // U+1EB5
    { 10, 18, 176, -1, 15, 45, 817 }, // U+1EB6
    { 8, 15, 144, 0, 12, 30, 862 }, // U+1EB7
    { 11, 15, 176, 0, 12, 42, 892 }, // U+1EB8
    { 8, 12, 144, 0, 9, 24, 934 }, // U+1EB9
    { 8, 16, 128, 0, 14, 32, 958 }, // U+1EBA
    { 8, 16, 128, 0, 14, 32, 990 }, // U+1EBB
    { 11, 15, 176, 0, 15, 42, 1022 }, // U+1EBC
    { 8, 12, 144, 0, 12, 24, 1064 }, // U+1EBD
    { 11, 20, 176, 0, 20, 55, 1088 }, // U+1EBE
    { 8, 17, 144, 0, 17, 34, 1143 }, // U+1EBF
    { 11, 20, 176, 0, 20, 55, 1177 }, // U+1EC0
    { 8, 17, 144, 0, 17, 34, 1232 }, // U+1EC1
    { 8, 16, 128, 0, 14, 32, 1266 }, // U+1EC2
    { 8, 16, 128, 0, 14, 32, 1298 }, // U+1EC3
    { 11, 19, 176, 0, 19, 53, 1330 }, // U+1EC4
    { 8, 16, 144, 0, 16, 32, 1383 }, // U+1EC5
    { 11, 19, 176, 0, 16, 53, 1415 }, // U+1EC6
    { 8, 16, 144, 0, 13, 32, 1468 }, // U+1EC7
    { 8, 16, 128, 0, 14, 32, 1500 }, // U+1EC8
    { 8, 16, 128, 0, 14, 32, 1532 }, // U+1EC9
    { 4, 15, 64, 0, 12, 15, 1564 }, // U+1ECA
    { 4, 15, 48, 0, 12, 15, 1579 }, // U+1ECB
    { 11, 15, 208, 1, 12, 42, 1594 }, // U+1ECC
    { 8, 12, 144, 0, 9, 24, 1636 }, // U+1ECD
    { 8, 16, 128, 0, 14, 32, 1660 }, // U+1ECE
    { 8, 16, 128, 0, 14, 32, 1692 }, // U+1ECF
    { 11, 20, 208, 1, 20, 55, 1724 }, // U+1ED0
    { 8, 17, 144, 0, 17, 34, 1779 }, // U+1ED1
    { 11, 20, 208, 1, 20, 55, 1813 }, // U+1ED2
    { 8, 17, 144, 0, 17, 34, 1868 }, // U+1ED3
    { 8, 16, 128, 0, 14, 32, 1902 }, // U+1ED4
    { 8, 16, 128, 0, 14, 32, 1934 }, // U+1ED5
    { 11, 19, 208, 1, 19, 53, 1966 }, // U+1ED6
    { 8, 16, 144, 0, 16, 32, 2019 }, // U+1ED7
    { 11, 19, 208, 1, 16, 53, 2051 }, // U+1ED8
    { 8, 16, 144, 0, 13, 32, 2104 }, // U+1ED9
    { 13, 16, 208, 1, 16, 52, 2136 }, // U+1EDA
    { 11, 13, 144, 0, 13, 36, 2188 }, // U+1EDB
    { 13, 16, 208, 1, 16, 52, 2224 }, // U+1EDC
    { 11, 13, 144, 0, 13, 36, 2276 }, // U+1EDD
    { 8, 16, 128, 0, 14, 32, 2312 }, // U+1EDE
    { 8, 16, 128, 0, 14, 32, 2344 }, // U+1EDF
    { 13, 15, 208, 1, 15, 49, 2376 }, // U+1EE0
    { 11, 12, 144, 0, 12, 33, 2425 }, // U+1EE1
    { 13, 15, 208, 1, 12, 49, 2458 }, // U+1EE2
    { 11, 12, 144, 0, 9, 33, 2507 }, // U+1EE3
    { 11, 15, 192, 1, 12, 42, 2540 }, // U+1EE4
    { 9, 12, 144, 0, 9, 27, 2582 }, // U+1EE5
    { 8, 16, 128, 0, 14, 32, 2609 }, // U+1EE6
    { 8, 16, 128, 0, 14, 32, 2641 }, // U+1EE7
    { 13, 16, 192, 1, 16, 52, 2673 }, // U+1EE8
    { 11, 13, 144, 0, 13, 36, 2725 }, // U+1EE9
    { 13, 16, 192, 1, 16, 52, 2761 }, // U+1EEA
    { 11, 13, 144, 0, 13, 36, 2813 }, // U+1EEB
    { 8, 16, 128, 0, 14, 32, 2849 }, // U+1EEC
    { 8, 16, 128, 0, 14, 32, 2881 }, // U+1EED
    { 13, 15, 192, 1, 15, 49, 2913 }, // U+1EEE
    { 11, 12, 144, 0, 12, 33, 2962 }, // U+1EEF
    { 13, 15, 192, 1, 12, 49, 2995 }, // U+1EF0
    { 11, 12, 144, 0, 9, 33, 3044 }, // U+1EF1
    { 10, 16, 176, 2, 16, 40, 3077 }, // U+1EF2
    { 9, 17, 128, -1, 13, 39, 3117 }, // U+1EF3
    { 10, 15, 176, 2, 12, 38, 3156 }, // U+1EF4
    { 9, 16, 128, -1, 9, 36, 3194 }, // U+1EF5
    { 8, 16, 128, 0, 14, 32, 3230 }, // U+1EF6
    { 8, 16, 128, 0, 14, 32, 3262 }, // U+1EF7
    { 10, 15, 176, 2, 15, 38, 3294 }, // U+1EF8
    { 9, 16, 128, -1, 12, 36, 3332 }, // U+1EF9
    { 1, 1, 128, 0, 1, 1, 0 }, // U+2000
    { 1, 1, 272, 0, 1, 1, 1 }, // U+2001
    { 1, 1, 128, 0, 1, 1, 2 }, // U+2002
    { 1, 1, 272, 0, 1, 1, 3 }, // U+2003
    { 1, 1, 96, 0, 1, 1, 4 }, // U+2004
    { 1, 1, 64, 0, 1, 1, 5 }, // U+2005
    { 1, 1, 48, 0, 1, 1, 6 }, // U+2006
    { 1, 1, 144, 0, 1, 1, 7 }, // U+2007
    { 1, 1, 64, 0, 1, 1, 8 }, // U+2008
    { 1, 1, 48, 0, 1, 1, 9 }, // U+2009
    { 1, 1, 32, 0, 1, 1, 10 }, // U+200A
    { 1, 1, 0, 0, 1, 1, 11 }, // U+200B
    { 16, 16, 256, 0, 14, 64, 12 }, // U+200C
    { 16, 16, 256, 0, 14, 64, 76 }, // U+200D
    { 16, 16, 256, 0, 14, 64, 140 }, // U+200E
    { 16, 16, 256, 0, 14, 64, 204 }, // U+200F
    { 4, 1, 80, 0, 5, 1, 268 }, // U+2010
    { 4, 1, 80, 0, 5, 1, 269 }, // U+2011
    { 9, 1, 144, 1, 5, 3, 270 }, // U+2012
    { 9, 1, 144, 1, 5, 3, 273 }, // U+2013
    { 16, 1, 256, 0, 5, 4, 276 }, // U+2014
    { 16, 1, 256, 0, 5, 4, 280 }, // U+2015
    { 8, 16, 128, 0, 14, 32, 284 }, // U+2016
    { 8, 16, 128, 0, 14, 32, 316 }, // U+2017
    { 3, 4, 64, 2, 12, 3, 348 }, // U+2018
    { 3, 4, 64, 1, 12, 3, 351 }, // U+2019
    { 3, 4, 64, -1, 2, 3, 354 }, // U+201A
    { 3, 4, 64, 1, 12, 3, 357 }, // U+201B
    { 5, 4, 96, 1, 12, 5, 360 }, // U+201C
    { 5, 4, 96, 0, 12, 5, 365 }, // U+201D
    { 5, 4, 96, -1, 2, 5, 370 }, // U+201E
    { 5, 4, 96, 0, 12, 5, 375 }, // U+201F
    { 7, 15, 144, 3, 12, 27, 380 }, // U+2020
    { 9, 15, 144, 1, 12, 34, 407 }, // U+2021
    { 5, 4, 96, 0, 8, 5, 441 }, // U+2022
    { 8, 16, 128, 0, 14, 32, 446 }, // U+2023
    { 8, 16, 128, 0, 14, 32, 478 }, // U+2024
    { 8, 16, 128, 0, 14, 32, 510 }, // U+2025
    { 11, 2, 240, 2, 2, 6, 542 }, // U+2026
    { 8, 16, 128, 0, 14, 32, 548 }, // U+2027
    { 16, 16, 256, 0, 14, 64, 580 }, // U+2028
    { 16, 16, 256, 0, 14, 64, 644 }, // U+2029
    { 16, 16, 256, 0, 14, 64, 708 }, // U+202A
    { 16, 16, 256, 0, 14, 64, 772 }, // U+202B
    { 16, 16, 256, 0, 14, 64, 836 }, // U+202C
    { 16, 16, 256, 0, 14, 64, 900 }, // U+202D
    { 16, 16, 256, 0, 14, 64, 964 }, // U+202E
    { 8, 16, 128, 0, 14, 32, 1028 }, // U+202F
    { 17, 12, 272, -1, 12, 51, 1060 }, // U+2030
    { 8, 16, 128, 0, 14, 32, 1111 }, // U+2031
    { 8, 16, 128, 0, 14, 32, 1143 }, // U+2032
    { 8, 16, 128, 0, 14, 32, 1175 }, // U+2033
    { 8, 16, 128, 0, 14, 32, 1207 }, // U+2034
    { 8, 16, 128, 0, 14, 32, 1239 }, // U+2035
    { 8, 16, 128, 0, 14, 32, 1271 }, // U+2036
    { 8, 16, 128, 0, 14, 32, 1303 }, // U+2037
    { 8, 16, 128, 0, 14, 32, 1335 }, // U+2038
    { 3, 5, 96, 1, 8, 4, 1367 }, // U+2039
    { 3, 5, 96, 2, 8, 4, 1371 }, // U+203A
    { 8, 16, 128, 0, 14, 32, 1375 }, // U+203B
    { 8, 16, 128, 0, 14, 32, 1407 }, // U+203C
    { 8, 16, 128, 0, 14, 32, 1439 }, // U+203D
    { 8, 16, 128, 0, 14, 32, 1471 }, // U+203E
    { 8, 16, 128, 0, 14, 32, 1503 }, // U+203F
    { 8, 16, 128, 0, 14, 32, 1535 }, // U+2040
    { 8, 16, 128, 0, 14, 32, 1567 }, // U+2041
    { 8, 16, 128, 0, 14, 32, 1599 }, // U+2042
    { 8, 16, 128, 0, 14, 32, 1631 }, // U+2043
    { 9, 12, 48, -3, 12, 27, 1663 }, // U+2044
    { 8, 16, 128, 0, 14, 32, 1690 }, // U+2045
    { 8, 16, 128, 0, 14, 32, 1722 }, // U+2046
    { 8, 16, 128, 0, 14, 32, 1754 }, // U+2047
    { 8, 16, 128, 0, 14, 32, 1786 }, // U+2048
    { 8, 16, 128, 0, 14, 32, 1818 }, // U+2049
    { 8, 16, 128, 0, 14, 32, 1850 }, // U+204A
    { 8, 16, 128, 0, 14, 32, 1882 }, // U+204B
    { 8, 16, 128, 0, 14, 32, 1914 }, // U+204C
    { 8, 16, 128, 0, 14, 32, 1946 }, // U+204D
    { 8, 16, 128, 0, 14, 32, 1978 }, // U+204E
    { 8, 16, 128, 0, 14, 32, 2010 }, // U+204F
    { 8, 16, 128, 0, 14, 32, 2042 }, // U+2050
    { 8, 16, 128, 0, 14, 32, 2074 }, // U+2051
    { 8, 16, 128, 0, 14, 32, 2106 }, // U+2052
    { 8, 16, 128, 0, 14, 32, 2138 }, // U+2053
    { 8, 16, 128, 0, 14, 32, 2170 }, // U+2054
    { 8, 16, 128, 0, 14, 32, 2202 }, // U+2055
    { 8, 16, 128, 0, 14, 32, 2234 }, // U+2056
    { 16, 16, 256, 0, 14, 64, 2266 }, // U+2057
    { 8, 16, 128, 0, 14, 32, 2330 }, // U+2058
    { 8, 16, 128, 0, 14, 32, 2362 }, // U+2059
    { 8, 16, 128, 0, 14, 32, 2394 }, // U+205A
    { 8, 16, 128, 0, 14, 32, 2426 }, // U+205B
    { 8, 16, 128, 0, 14, 32, 2458 }, // U+205C
    { 8, 16, 128, 0, 14, 32, 2490 }, // U+205D
    { 8, 16, 128, 0, 14, 32, 2522 }, // U+205E
    { 8, 16, 128, 0, 14, 32, 2554 }, // U+205F
    { 16, 16, 256, 0, 14, 64, 2586 }, // U+2060
    { 16, 16, 256, 0, 14, 64, 2650 }, // U+2061
    { 16, 16, 256, 0, 14, 64, 2714 }, // U+2062
    { 16, 16, 256, 0, 14, 64, 2778 }, // U+2063
    { 16, 16, 256, 0, 14, 64, 2842 }, // U+2064
    { 16, 16, 256, 0, 14, 64, 2906 }, // U+2065
    { 16, 16, 256, 0, 14, 64, 2970 }, // U+2066
    { 16, 16, 256, 0, 14, 64, 3034 }, // U+2067
    { 16, 16, 256, 0, 14, 64, 3098 }, // U+2068
    { 16, 16, 256, 0, 14, 64, 3162 }, // U+2069
    { 16, 16, 256, 0, 14, 64, 3226 }, // U+206A
    { 16, 16, 256, 0, 14, 64, 3290 }, // U+206B
    { 16, 16, 256, 0, 14, 64, 3354 }, // U+206C
    { 16, 16, 256, 0, 14, 64, 3418 }, // U+206D
    { 16, 16, 256, 0, 14, 64, 3482 }, // U+206E
    { 16, 16, 256, 0, 14, 64, 3546 }, // U+206F
    { 8, 16, 128, 0, 14, 32, 0 }, // U+2070
    { 8, 16, 128, 0, 14, 32, 32 }, // U+2071
    { 16, 16, 256, 0, 14, 64, 64 }, // U+2072
    { 16, 16, 256, 0, 14, 64, 128 }, // U+2073
    { 8, 16, 128, 0, 14, 32, 192 }, // U+2074
    { 8, 16, 128, 0, 14, 32, 224 }, // U+2075
    { 8, 16, 128, 0, 14, 32, 256 }, // U+2076
    { 8, 16, 128, 0, 14, 32, 288 }, // U+2077
    { 8, 16, 128, 0, 14, 32, 320 }, // U+2078
    { 8, 16, 128, 0, 14, 32, 352 }, // U+2079
    { 8, 16, 128, 0, 14, 32, 384 }, // U+207A
    { 8, 16, 128, 0, 14, 32, 416 }, // U+207B
    { 8, 16, 128, 0, 14, 32, 448 }, // U+207C
    { 8, 16, 128, 0, 14, 32, 480 }, // U+207D
    { 8, 16, 128, 0, 14, 32, 512 }, // U+207E
    { 8, 16, 128, 0, 14, 32, 544 }, // U+207F
    { 8, 16, 128, 0, 14, 32, 576 }, // U+2080
    { 3, 7, 96, 2, 3, 6, 608 }, // U+2081
    { 6, 7, 96, 0, 3, 11, 614 }, // U+2082
    { 6, 7, 96, 0, 3, 11, 625 }, // U+2083
    { 8, 16, 128, 0, 14, 32, 636 }, // U+2084
    { 8, 16, 128, 0, 14, 32, 668 }, // U+2085
    { 8, 16, 128, 0, 14, 32, 700 }, // U+2086
    { 8, 16, 128, 0, 14, 32, 732 }, // U+2087
    { 8, 16, 128, 0, 14, 32, 764 }, // U+2088
    { 8, 16, 128, 0, 14, 32, 796 }, // U+2089
    { 8, 16, 128, 0, 14, 32, 828 }, // U+208A
    { 8, 16, 128, 0, 14, 32, 860 }, // U+208B
    { 8, 16, 128, 0, 14, 32, 892 }, // U+208C
    { 8, 16, 128, 0, 14, 32, 924 }, // U+208D
    { 8, 16, 128, 0, 14, 32, 956 }, // U+208E
    { 8, 16, 128, 0, 14, 32, 988 }, // U+208F
    { 8, 16, 128, 0, 14, 32, 1020 }, // U+2090
    { 8, 16, 128, 0, 14, 32, 1052 }, // U+2091
    { 8, 16, 128, 0, 14, 32, 1084 }, // U+2092
    { 8, 16, 128, 0, 14, 32, 1116 }, // U+2093
    { 8, 16, 128, 0, 14, 32, 1148 }, // U+2094
    { 8, 16, 128, 0, 14, 32, 1180 }, // U+2095
    { 8, 16, 128, 0, 14, 32, 1212 }, // U+2096
    { 8, 16, 128, 0, 14, 32, 1244 }, // U+2097
    { 8, 16, 128, 0, 14, 32, 1276 }, // U+2098
    { 8, 16, 128, 0, 14, 32, 1308 }, // U+2099
    { 8, 16, 128, 0, 14, 32, 1340 }, // U+209A
    { 8, 16, 128, 0, 14, 32, 1372 }, // U+209B
    { 8, 16, 128, 0, 14, 32, 1404 }, // U+209C
    { 8, 16, 128, 0, 14, 32, 1436 }, // U+209D
    { 8, 16, 128, 0, 14, 32, 1468 }, // U+209E
    { 8, 16, 128, 0, 14, 32, 1500 }, // U+209F
    { 8, 16, 128, 0, 14, 32, 0 }, // U+20A0
    { 8, 16, 128, 0, 14, 32, 32 }, // U+20A1
    { 8, 16, 128, 0, 14, 32, 64 }, // U+20A2
    { 8, 16, 128, 0, 14, 32, 96 }, // U+20A3
    { 8, 16, 128, 0, 14, 32, 128 }, // U+20A4
    { 13, 12, 224, 0, 11, 39, 160 }, // U+20A5
    { 12, 12, 192, 0, 12, 36, 199 }, // U+20A6
    { 8, 16, 128, 0, 14, 32, 235 }, // U+20A7
    { 8, 16, 128, 0, 14, 32, 267 }, // U+20A8
    { 15, 12, 256, 2, 12, 45, 299 }, // U+20A9
    { 8, 16, 128, 0, 14, 32, 344 }, // U+20AA
    { 8, 16, 128, 0, 14, 32, 376 }, // U+20AB
    { 13, 12, 192, -1, 12, 39, 408 }, // U+20AC
    { 11, 12, 176, 0, 12, 33, 447 }, // U+20AD
    { 8, 16, 128, 0, 14, 32, 480 }, // U+20AE
    { 8, 16, 128, 0, 14, 32, 512 }, // U+20AF
    { 8, 16, 128, 0, 14, 32, 544 }, // U+20B0
    { 8, 16, 128, 0, 14, 32, 576 }, // U+20B1
    { 8, 16, 128, 0, 14, 32, 608 }, // U+20B2
    { 8, 16, 128, 0, 14, 32, 640 }, // U+20B3
    { 8, 16, 128, 0, 14, 32, 672 }, // U+20B4
    { 8, 16, 128, 0, 14, 32, 704 }, // U+20B5
    { 8, 16, 128, 0, 14, 32, 736 }, // U+20B6
    { 8, 16, 128, 0, 14, 32, 768 }, // U+20B7
    { 8, 16, 128, 0, 14, 32, 800 }, // U+20B8
    { 16, 16, 256, 0, 14, 64, 832 }, // U+20B9
    { 8, 16, 128, 0, 14, 32, 896 }, // U+20BA
    { 8, 16, 128, 0, 14, 32, 928 }, // U+20BB
    { 8, 16, 128, 0, 14, 32, 960 }, // U+20BC
    { 8, 16, 128, 0, 14, 32, 992 }, // U+20BD
    { 8, 16, 128, 0, 14, 32, 1024 }, // U+20BE
    { 8, 16, 128, 0, 14, 32, 1056 }, // U+20BF
    { 8, 16, 128, 0, 14, 32, 1088 }, // U+20C0
    { 8, 16, 128, 0, 14, 32, 1120 }, // U+20C1
    { 8, 16, 128, 0, 14, 32, 1152 }, // U+20C2
    { 8, 16, 128, 0, 14, 32, 1184 }, // U+20C3
    { 8, 16, 128, 0, 14, 32, 1216 }, // U+20C4
    { 16, 16, 256, 0, 14, 64, 1248 }, // U+20C5
    { 16, 16, 256, 0, 14, 64, 1312 }, // U+20C6
    { 16, 16, 256, 0, 14, 64, 1376 }, // U+20C7
    { 16, 16, 256, 0, 14, 64, 1440 }, // U+20C8
    { 16, 16, 256, 0, 14, 64, 1504 }, // U+20C9
    { 16, 16, 256, 0, 14, 64, 1568 }, // U+20CA
    { 16, 16, 256, 0, 14, 64, 1632 }, // U+20CB
    { 16, 16, 256, 0, 14, 64, 1696 }, // U+20CC
    { 16, 16, 256, 0, 14, 64, 1760 }, // U+20CD
    { 16, 16, 256, 0, 14, 64, 1824 }, // U+20CE
    { 16, 16, 256, 0, 14, 64, 1888 }, // U+20CF
    { 8, 16, 128, 0, 14, 32, 0 }, // U+2190
    { 8, 16, 128, 0, 14, 32, 32 }, // U+2191
    { 8, 16, 128, 0, 14, 32, 64 }, // U+2192
    { 8, 16, 128, 0, 14, 32, 96 }, // U+2193
    { 8, 16, 128, 0, 14, 32, 128 }, // U+2194
    { 8, 16, 128, 0, 14, 32, 160 }, // U+2195
    { 8, 16, 128, 0, 14, 32, 192 }, // U+2196
    { 8, 16, 128, 0, 14, 32, 224 }, // U+2197
    { 8, 16, 128, 0, 14, 32, 256 }, // U+2198
    { 8, 16, 128, 0, 14, 32, 288 }, // U+2199
    { 8, 16, 128, 0, 14, 32, 320 }, // U+219A
    { 8, 16, 128, 0, 14, 32, 352 }, // U+219B
    { 16, 16, 256, 0, 14, 64, 384 }, // U+219C
    { 16, 16, 256, 0, 14, 64, 448 }, // U+219D
    { 8, 16, 128, 0, 14, 32, 512 }, // U+219E
    { 8, 16, 128, 0, 14, 32, 544 }, // U+219F
    { 8, 16, 128, 0, 14, 32, 576 }, // U+21A0
    { 8, 16, 128, 0, 14, 32, 608 }, // U+21A1
    { 8, 16, 128, 0, 14, 32, 640 }, // U+21A2
    { 8, 16, 128, 0, 14, 32, 672 }, // U+21A3
    { 8, 16, 128, 0, 14, 32, 704 }, // U+21A4
    { 8, 16, 128, 0, 14, 32, 736 }, // U+21A5
    { 8, 16, 128, 0, 14, 32, 768 }, // U+21A6
    { 8, 16, 128, 0, 14, 32, 800 }, // U+21A7
    { 8, 16, 128, 0, 14, 32, 832 }, // U+21A8
    { 8, 16, 128, 0, 14, 32, 864 }, // U+21A9
    { 8, 16, 128, 0, 14, 32, 896 }, // U+21AA
    { 8, 16, 128, 0, 14, 32, 928 }, // U+21AB
    { 8, 16, 128, 0, 14, 32, 960 }, // U+21AC
    { 8, 16, 128, 0, 14, 32, 992 }, // U+21AD
    { 8, 16, 128, 0, 14, 32, 1024 }, // U+21AE
    { 8, 16, 128, 0, 14, 32, 1056 }, // U+21AF
    { 8, 16, 128, 0, 14, 32, 1088 }, // U+21B0
    { 8, 16, 128, 0, 14, 32, 1120 }, // U+21B1
    { 8, 16, 128, 0, 14, 32, 1152 }, // U+21B2
    { 8, 16, 128, 0, 14, 32, 1184 }, // U+21B3
    { 8, 16, 128, 0, 14, 32, 1216 }, // U+21B4
    { 8, 16, 128, 0, 14, 32, 1248 }, // U+21B5
    { 8, 16, 128, 0, 14, 32, 1280 }, // U+21B6
    { 8, 16, 128, 0, 14, 32, 1312 }, // U+21B7
    { 8, 16, 128, 0, 14, 32, 1344 }, // U+21B8
    { 8, 16, 128, 0, 14, 32, 1376 }, // U+21B9
    { 8, 16, 128, 0, 14, 32, 1408 }, // U+21BA
    { 8, 16, 128, 0, 14, 32, 1440 }, // U+21BB
    { 8, 16, 128, 0, 14, 32, 1472 }, // U+21BC
    { 8, 16, 128, 0, 14, 32, 1504 }, // U+21BD
    { 8, 16, 128, 0, 14, 32, 1536 }, // U+21BE
    { 8, 16, 128, 0, 14, 32, 1568 }, // U+21BF
    { 8, 16, 128, 0, 14, 32, 1600 }, // U+21C0
    { 8, 16, 128, 0, 14, 32, 1632 }, // U+21C1
    { 8, 16, 128, 0, 14, 32, 1664 }, // U+21C2
    { 8, 16, 128, 0, 14, 32, 1696 }, // U+21C3
    { 8, 16, 128, 0, 14, 32, 1728 }, // U+21C4
    { 8, 16, 128, 0, 14, 32, 1760 }, // U+21C5
    { 8, 16, 128, 0, 14, 32, 1792 }, // U+21C6
    { 8, 16, 128, 0, 14, 32, 1824 }, // U+21C7
    { 8, 16, 128, 0, 14, 32, 1856 }, // U+21C8
    { 8, 16, 128, 0, 14, 32, 1888 }, // U+21C9
    { 8, 16, 128, 0, 14, 32, 1920 }, // U+21CA
    { 8, 16, 128, 0, 14, 32, 1952 }, // U+21CB
    { 8, 16, 128, 0, 14, 32, 1984 }, // U+21CC
    { 8, 16, 128, 0, 14, 32, 2016 }, // U+21CD
    { 8, 16, 128, 0, 14, 32, 2048 }, // U+21CE
    { 8, 16, 128, 0, 14, 32, 2080 }, // U+21CF
    { 8, 16, 128, 0, 14, 32, 2112 }, // U+21D0
    { 8, 16, 128, 0, 14, 32, 2144 }, // U+21D1
    { 8, 16, 128, 0, 14, 32, 2176 }, // U+21D2
    { 8, 16, 128, 0, 14, 32, 2208 }, // U+21D3
    { 8, 16, 128, 0, 14, 32, 2240 }, // U+21D4
    { 8, 16, 128, 0, 14, 32, 2272 }, // U+21D5
    { 8, 16, 128, 0, 14, 32, 2304 }, // U+21D6
    { 8, 16, 128, 0, 14, 32, 2336 }, // U+21D7
    { 8, 16, 128, 0, 14, 32, 2368 }, // U+21D8
    { 8, 16, 128, 0, 14, 32, 2400 }, // U+21D9
    { 8, 16, 128, 0, 14, 32, 2432 }, // U+21DA
    { 8, 16, 128, 0, 14, 32, 2464 }, // U+21DB
    { 8, 16, 128, 0, 14, 32, 2496 }, // U+21DC
    { 8, 16, 128, 0, 14, 32, 2528 }, // U+21DD
    { 8, 16, 128, 0, 14, 32, 2560 }, // U+21DE
    { 8, 16, 128, 0, 14, 32, 2592 }, // U+21DF
    { 8, 16, 128, 0, 14, 32, 2624 }, // U+21E0
    { 8, 16, 128, 0, 14, 32, 2656 }, // U+21E1
    { 8, 16, 128, 0, 14, 32, 2688 }, // U+21E2
    { 8, 16, 128, 0, 14, 32, 2720 }, // U+21E3
    { 8, 16, 128, 0, 14, 32, 2752 }, // U+21E4
    { 8, 16, 128, 0, 14, 32, 2784 }, // U+21E5
    { 8, 16, 128, 0, 14, 32, 2816 }, // U+21E6
    { 8, 16, 128, 0, 14, 32, 2848 }, // U+21E7
    { 8, 16, 128, 0, 14, 32, 2880 }, // U+21E8
    { 8, 16, 128, 0, 14, 32, 2912 }, // U+21E9
    { 8, 16, 128, 0, 14, 32, 2944 }, // U+21EA
    { 8, 16, 128, 0, 14, 32, 2976 }, // U+21EB
    { 8, 16, 128, 0, 14, 32, 3008 }, // U+21EC
    { 8, 16, 128, 0, 14, 32, 3040 }, // U+21ED
    { 8, 16, 128, 0, 14, 32, 3072 }, // U+21EE
    { 8, 16, 128, 0, 14, 32, 3104 }, // U+21EF
    { 8, 16, 128, 0, 14, 32, 3136 }, // U+21F0
    { 8, 16, 128, 0, 14, 32, 3168 }, // U+21F1
    { 8, 16, 128, 0, 14, 32, 3200 }, // U+21F2
    { 8, 16, 128, 0, 14, 32, 3232 }, // U+21F3
    { 16, 16, 256, 0, 14, 64, 3264 }, // U+21F4
    { 8, 16, 128, 0, 14, 32, 3328 }, // U+21F5
    { 8, 16, 128, 0, 14, 32, 3360 }, // U+21F6
    { 8, 16, 128, 0, 14, 32, 3392 }, // U+21F7
    { 8, 16, 128, 0, 14, 32, 3424 }, // U+21F8
    { 16, 16, 256, 0, 14, 64, 3456 }, // U+21F9
    { 16, 16, 256, 0, 14, 64, 3520 }, // U+21FA
    { 16, 16, 256, 0, 14, 64, 3584 }, // U+21FB
    { 16, 16, 256, 0, 14, 64, 3648 }, // U+21FC
    { 8, 16, 128, 0, 14, 32, 3712 }, // U+21FD
    { 8, 16, 128, 0, 14, 32, 3744 }, // U+21FE
    { 16, 16, 256, 0, 14, 64, 3776 }, // U+21FF
    { 8, 16, 128, 0, 14, 32, 0 }, // U+2200
    { 8, 16, 128, 0, 14, 32, 32 }, // U+2201
    { 8, 16, 128, 0, 14, 32, 64 }, // U+2202
    { 8, 16, 128, 0, 14, 32, 96 }, // U+2203
    { 8, 16, 128, 0, 14, 32, 128 }, // U+2204
    { 8, 16, 128, 0, 14, 32, 160 }, // U+2205
    { 8, 16, 128, 0, 14, 32, 192 }, // U+2206
    { 8, 16, 128, 0, 14, 32, 224 }, // U+2207
    { 8, 16, 128, 0, 14, 32, 256 }, // U+2208
    { 8, 16, 128, 0, 14, 32, 288 }, // U+2209
    { 8, 16, 128, 0, 14, 32, 320 }, // U+220A
    { 8, 16, 128, 0, 14, 32, 352 }, // U+220B
    { 8, 16, 128, 0, 14, 32, 384 }, // U+220C
    { 8, 16, 128, 0, 14, 32, 416 }, // U+220D
    { 8, 16, 128, 0, 14, 32, 448 }, // U+220E
    { 8, 16, 128, 0, 14, 32, 480 }, // U+220F
    { 8, 16, 128, 0, 14, 32, 512 }, // U+2210
    { 8, 16, 128, 0, 14, 32, 544 }, // U+2211
    { 9, 1, 160, 0, 5, 3, 576 }, // U+2212
    { 8, 16, 128, 0, 14, 32, 579 }, // U+2213
    { 8, 16, 128, 0, 14, 32, 611 }, // U+2214
    { 9, 12, 48, -3, 12, 27, 643 }, // U+2215
    { 8, 16, 128, 0, 14, 32, 670 }, // U+2216
    { 8, 16, 128, 0, 14, 32, 702 }, // U+2217
    { 8, 16, 128, 0, 14, 32, 734 }, // U+2218
    { 1, 2, 80, 2, 7, 1, 766 }, // U+2219
    { 8, 16, 128, 0, 14, 32, 767 }, // U+221A
    { 8, 16, 128, 0, 14, 32, 799 }, // U+221B
    { 8, 16, 128, 0, 14, 32, 831 }, // U+221C
    { 8, 16, 128, 0, 14, 32, 863 }, // U+221D
    { 8, 16, 128, 0, 14, 32, 895 }, // U+221E
    { 8, 16, 128, 0, 14, 32, 927 }, // U+221F
    { 8, 16, 128, 0, 14, 32, 959 }, // U+2220
    { 8, 16, 128, 0, 14, 32, 991 }, // U+2221
    { 8, 16, 128, 0, 14, 32, 1023 }, // U+2222
    { 8, 16, 128, 0, 14, 32, 1055 }, // U+2223
    { 8, 16, 128, 0, 14, 32, 1087 }, // U+2224
    { 8, 16, 128, 0, 14, 32, 1119 }, // U+2225
    { 8, 16, 128, 0, 14, 32, 1151 }, // U+2226
    { 8, 16, 128, 0, 14, 32, 1183 }, // U+2227
    { 8, 16, 128, 0, 14, 32, 1215 }, // U+2228
    { 8, 16, 128, 0, 14, 32, 1247 }, // U+2229
    { 8, 16, 128, 0, 14, 32, 1279 }, // U+222A
    { 8, 16, 128, 0, 14, 32, 1311 }, // U+222B
    { 8, 16, 128, 0, 14, 32, 1343 }, // U+222C
    { 8, 16, 128, 0, 14, 32, 1375 }, // U+222D
    { 8, 16, 128, 0, 14, 32, 1407 }, // U+222E
    { 8, 16, 128, 0, 14, 32, 1439 }, // U+222F
    { 8, 16, 128, 0, 14, 32, 1471 }, // U+2230
    { 8, 16, 128, 0, 14, 32, 1503 }, // U+2231
    { 8, 16, 128, 0, 14, 32, 1535 }, // U+2232
    { 8, 16, 128, 0, 14, 32, 1567 }, // U+2233
    { 8, 16, 128, 0, 14, 32, 1599 }, // U+2234
    { 8, 16, 128, 0, 14, 32, 1631 }, // U+2235
    { 3, 9, 64, 1, 9, 7, 1663 }, // U+2236
    { 8, 16, 128, 0, 14, 32, 1670 }, // U+2237
    { 8, 16, 128, 0, 14, 32, 1702 }, // U+2238
    { 8, 16, 128, 0, 14, 32, 1734 }, // U+2239
    { 8, 16, 128, 0, 14, 32, 1766 }, // U+223A
    { 8, 16, 128, 0, 14, 32, 1798 }, // U+223B
    { 8, 16, 128, 0, 14, 32, 1830 }, // U+223C
    { 8, 16, 128, 0, 14, 32, 1862 }, // U+223D
    { 8, 16, 128, 0, 14, 32, 1894 }, // U+223E
    { 8, 16, 128, 0, 14, 32, 1926 }, // U+223F
    { 8, 16, 128, 0, 14, 32, 1958 }, // U+2240
    { 8, 16, 128, 0, 14, 32, 1990 }, // U+2241
    { 8, 16, 128, 0, 14, 32, 2022 }, // U+2242
    { 8, 16, 128, 0, 14, 32, 2054 }, // U+2243
    { 8, 16, 128, 0, 14, 32, 2086 }, // U+2244
    { 8, 16, 128, 0, 14, 32, 2118 }, // U+2245
    { 8, 16, 128, 0, 14, 32, 2150 }, // U+2246
    { 8, 16, 128, 0, 14, 32, 2182 }, // U+2247
    { 8, 16, 128, 0, 14, 32, 2214 }, // U+2248
    { 8, 16, 128, 0, 14, 32, 2246 }, // U+2249
    { 8, 16, 128, 0, 14, 32, 2278 }, // U+224A
    { 8, 16, 128, 0, 14, 32, 2310 }, // U+224B
    { 8, 16, 128, 0, 14, 32, 2342 }, // U+224C
    { 8, 16, 128, 0, 14, 32, 2374 }, // U+224D
    { 8, 16, 128, 0, 14, 32, 2406 }, // U+224E
    { 8, 16, 128, 0, 14, 32, 2438 }, // U+224F
    { 8, 16, 128, 0, 14, 32, 2470 }, // U+2250
    { 8, 16, 128, 0, 14, 32, 2502 }, // U+2251
    { 8, 16, 128, 0, 14, 32, 2534 }, // U+2252
    { 8, 16, 128, 0, 14, 32, 2566 }, // U+2253
    { 8, 16, 128, 0, 14, 32, 2598 }, // U+2254
    { 8, 16, 128, 0, 14, 32, 2630 }, // U+2255
    { 8, 16, 128, 0, 14, 32, 2662 }, // U+2256
    { 8, 16, 128, 0, 14, 32, 2694 }, // U+2257
    { 8, 16, 128, 0, 14, 32, 2726 }, // U+2258
    { 9, 8, 160, 0, 10, 18, 2758 }, // U+2259
    { 9, 8, 160, 0, 10, 18, 2776 }, // U+225A
    { 8, 16, 128, 0, 14, 32, 2794 }, // U+225B
    { 8, 16, 128, 0, 14, 32, 2826 }, // U+225C
    { 8, 16, 128, 0, 14, 32, 2858 }, // U+225D
    { 8, 16, 128, 0, 14, 32, 2890 }, // U+225E
    { 8, 16, 128, 0, 14, 32, 2922 }, // U+225F
    { 9, 12, 160, 0, 10, 27, 2954 }, // U+2260
    { 9, 5, 160, 0, 7, 12, 2981 }, // U+2261
    { 9, 12, 160, 0, 11, 27, 2993 }, // U+2262
    { 8, 16, 128, 0, 14, 32, 3020 }, // U+2263
    { 10, 10, 160, 0, 9, 25, 3052 }, // U+2264
    { 10, 10, 160, 0, 9, 25, 3077 }, // U+2265
    { 8, 16, 128, 0, 14, 32, 3102 }, // U+2266
    { 8, 16, 128, 0, 14, 32, 3134 }, // U+2267
    { 8, 16, 128, 0, 14, 32, 3166 }, // U+2268
    { 8, 16, 128, 0, 14, 32, 3198 }, // U+2269
    { 8, 16, 128, 0, 14, 32, 3230 }, // U+226A
    { 8, 16, 128, 0, 14, 32, 3262 }, // U+226B
    { 8, 16, 128, 0, 14, 32, 3294 }, // U+226C
    { 8, 16, 128, 0, 14, 32, 3326 }, // U+226D
    { 10, 12, 160, 0, 11, 30, 3358 }, // U+226E
    { 10, 12, 160, 0, 11, 30, 3388 }, // U+226F
    { 10, 12, 160, 0, 10, 30, 3418 }, // U+2270
    { 10, 12, 160, 0, 10, 30, 3448 }, // U+2271
    { 8, 16, 128, 0, 14, 32, 3478 }, // U+2272
    { 8, 16, 128, 0, 14, 32, 3510 }, // U+2273
    { 8, 16, 128, 0, 14, 32, 3542 }, // U+2274
    { 8, 16, 128, 0, 14, 32, 3574 }, // U+2275
    { 8, 16, 128, 0, 14, 32, 3606 }, // U+2276
    { 8, 16, 128, 0, 14, 32, 3638 }, // U+2277
    { 8, 16, 128, 0, 14, 32, 3670 }, // U+2278
    { 8, 16, 128, 0, 14, 32, 3702 }, // U+2279
    { 8, 16, 128, 0, 14, 32, 3734 }, // U+227A
    { 8, 16, 128, 0, 14, 32, 3766 }, // U+227B
    { 8, 16, 128, 0, 14, 32, 3798 }, // U+227C
    { 8, 16, 128, 0, 14, 32, 3830 }, // U+227D
    { 8, 16, 128, 0, 14, 32, 3862 }, // U+227E
    { 8, 16, 128, 0, 14, 32, 3894 }, // U+227F
    { 8, 16, 128, 0, 14, 32, 3926 }, // U+2280
    { 8, 16, 128, 0, 14, 32, 3958 }, // U+2281
    { 8, 16, 128, 0, 14, 32, 3990 }, // U+2282
    { 8, 16, 128, 0, 14, 32, 4022 }, // U+2283
    { 8, 16, 128, 0, 14, 32, 4054 }, // U+2284
    { 8, 16, 128, 0, 14, 32, 4086 }, // U+2285
    { 8, 16, 128, 0, 14, 32, 4118 }, // U+2286
    { 8, 16, 128, 0, 14, 32, 4150 }, // U+2287
    { 8, 16, 128, 0, 14, 32, 4182 }, // U+2288
    { 8, 16, 128, 0, 14, 32, 4214 }, // U+2289
    { 8, 16, 128, 0, 14, 32, 4246 }, // U+228A
    { 8, 16, 128, 0, 14, 32, 4278 }, // U+228B
    { 8, 16, 128, 0, 14, 32, 4310 }, // U+228C
    { 8, 16, 128, 0, 14, 32, 4342 }, // U+228D
    { 8, 16, 128, 0, 14, 32, 4374 }, // U+228E
    { 8, 16, 128, 0, 14, 32, 4406 }, // U+228F
    { 8, 16, 128, 0, 14, 32, 4438 }, // U+2290
    { 8, 16, 128, 0, 14, 32, 4470 }, // U+2291
    { 8, 16, 128, 0, 14, 32, 4502 }, // U+2292
    { 8, 16, 128, 0, 14, 32, 4534 }, // U+2293
    { 8, 16, 128, 0, 14, 32, 4566 }, // U+2294
    { 8, 16, 128, 0, 14, 32, 4598 }, // U+2295
    { 8, 16, 128, 0, 14, 32, 4630 }, // U+2296
    { 8, 16, 128, 0, 14, 32, 4662 }, // U+2297
    { 8, 16, 128, 0, 14, 32, 4694 }, // U+2298
    { 8, 16, 128, 0, 14, 32, 4726 }, // U+2299
    { 8, 16, 128, 0, 14, 32, 4758 }, // U+229A
    { 8, 16, 128, 0, 14, 32, 4790 }, // U+229B
    { 8, 16, 128, 0, 14, 32, 4822 }, // U+229C
    { 8, 16, 128, 0, 14, 32, 4854 }, // U+229D
    { 8, 16, 128, 0, 14, 32, 4886 }, // U+229E
    { 8, 16, 128, 0, 14, 32, 4918 }, // U+229F
    { 8, 16, 128, 0, 14, 32, 4950 }, // U+22A0
    { 8, 16, 128, 0, 14, 32, 4982 }, // U+22A1
    { 8, 16, 128, 0, 14, 32, 5014 }, // U+22A2
    { 8, 16, 128, 0, 14, 32, 5046 }, // U+22A3
    { 8, 16, 128, 0, 14, 32, 5078 }, // U+22A4
    { 8, 16, 128, 0, 14, 32, 5110 }, // U+22A5
    { 8, 16, 128, 0, 14, 32, 5142 }, // U+22A6
    { 8, 16, 128, 0, 14, 32, 5174 }, // U+22A7
    { 8, 16, 128, 0, 14, 32, 5206 }, // U+22A8
    { 8, 16, 128, 0, 14, 32, 5238 }, // U+22A9
    { 8, 16, 128, 0, 14, 32, 5270 }, // U+22AA
    { 8, 16, 128, 0, 14, 32, 5302 }, // U+22AB
    { 8, 16, 128, 0, 14, 32, 5334 }, // U+22AC
    { 8, 16, 128, 0, 14, 32, 5366 }, // U+22AD
    { 8, 16, 128, 0, 14, 32, 5398 }, // U+22AE
    { 8, 16, 128, 0, 14, 32, 5430 }, // U+22AF
    { 8, 16, 128, 0, 14, 32, 5462 }, // U+22B0
    { 8, 16, 128, 0, 14, 32, 5494 }, // U+22B1
    { 8, 16, 128, 0, 14, 32, 5526 }, // U+22B2
    { 8, 16, 128, 0, 14, 32, 5558 }, // U+22B3
    { 8, 16, 128, 0, 14, 32, 5590 }, // U+22B4
    { 8, 16, 128, 0, 14, 32, 5622 }, // U+22B5
    { 16, 16, 256, 0, 14, 64, 5654 }, // U+22B6
    { 16, 16, 256, 0, 14, 64, 5718 }, // U+22B7
    { 16, 16, 256, 0, 14, 64, 5782 }, // U+22B8
    { 8, 16, 128, 0, 14, 32, 5846 }, // U+22B9
    { 8, 16, 128, 0, 14, 32, 5878 }, // U+22BA
    { 8, 16, 128, 0, 14, 32, 5910 }, // U+22BB
    { 8, 16, 128, 0, 14, 32, 5942 }, // U+22BC
    { 8, 16, 128, 0, 14, 32, 5974 }, // U+22BD
    { 8, 16, 128, 0, 14, 32, 6006 }, // U+22BE
    { 8, 16, 128, 0, 14, 32, 6038 }, // U+22BF
    { 8, 16, 128, 0, 14, 32, 6070 }, // U+22C0
    { 8, 16, 128, 0, 14, 32, 6102 }, // U+22C1
    { 8, 16, 128, 0, 14, 32, 6134 }, // U+22C2
    { 8, 16, 128, 0, 14, 32, 6166 }, // U+22C3
    { 8, 16, 128, 0, 14, 32, 6198 }, // U+22C4
    { 8, 16, 128, 0, 14, 32, 6230 }, // U+22C5
    { 8, 16, 128, 0, 14, 32, 6262 }, // U+22C6
    { 8, 16, 128, 0, 14, 32, 6294 }, // U+22C7
    { 8, 16, 128, 0, 14, 32, 6326 }, // U+22C8
    { 8, 16, 128, 0, 14, 32, 6358 }, // U+22C9
    { 8, 16, 128, 0, 14, 32, 6390 }, // U+22CA
    { 8, 16, 128, 0, 14, 32, 6422 }, // U+22CB
    { 8, 16, 128, 0, 14, 32, 6454 }, // U+22CC
    { 8, 16, 128, 0, 14, 32, 6486 }, // U+22CD
    { 8, 16, 128, 0, 14, 32, 6518 }, // U+22CE
    { 8, 16, 128, 0, 14, 32, 6550 }, // U+22CF
    { 8, 16, 128, 0, 14, 32, 6582 }, // U+22D0
    { 8, 16, 128, 0, 14, 32, 6614 }, // U+22D1
    { 8, 16, 128, 0, 14, 32, 6646 }, // U+22D2
    { 8, 16, 128, 0, 14, 32, 6678 }, // U+22D3
    { 8, 16, 128, 0, 14, 32, 6710 }, // U+22D4
    { 8, 16, 128, 0, 14, 32, 6742 }, // U+22D5
    { 8, 16, 128, 0, 14, 32, 6774 }, // U+22D6
    { 8, 16, 128, 0, 14, 32, 6806 }, // U+22D7
    { 16, 16, 256, 0, 14, 64, 6838 }, // U+22D8
    { 16, 16, 256, 0, 14, 64, 6902 }, // U+22D9
    { 8, 16, 128, 0, 14, 32, 6966 }, // U+22DA
    { 8, 16, 128, 0, 14, 32, 6998 }, // U+22DB
    { 8, 16, 128, 0, 14, 32, 7030 }, // U+22DC
    { 8, 16, 128, 0, 14, 32, 7062 }, // U+22DD
    { 8, 16, 128, 0, 14, 32, 7094 }, // U+22DE
    { 8, 16, 128, 0, 14, 32, 7126 }, // U+22DF
    { 8, 16, 128, 0, 14, 32, 7158 }, // U+22E0
    { 8, 16, 128, 0, 14, 32, 7190 }, // U+22E1
    { 8, 16, 128, 0, 14, 32, 7222 }, // U+22E2
    { 8, 16, 128, 0, 14, 32, 7254 }, // U+22E3
    { 8, 16, 128, 0, 14, 32, 7286 }, // U+22E4
    { 8, 16, 128, 0, 14, 32, 7318 }, // U+22E5
    { 8, 16, 128, 0, 14, 32, 7350 }, // U+22E6
    { 8, 16, 128, 0, 14, 32, 7382 }, // U+22E7
    { 8, 16, 128, 0, 14, 32, 7414 }, // U+22E8
    { 8, 16, 128, 0, 14, 32, 7446 }, // U+22E9
    { 8, 16, 128, 0, 14, 32, 7478 }, // U+22EA
    { 8, 16, 128, 0, 14, 32, 7510 }, // U+22EB
    { 8, 16, 128, 0, 14, 32, 7542 }, // U+22EC
    { 8, 16, 128, 0, 14, 32, 7574 }, // U+22ED
    { 8, 16, 128, 0, 14, 32, 7606 }, // U+22EE
    { 8, 16, 128, 0, 14, 32, 7638 }, // U+22EF
    { 8, 16, 128, 0, 14, 32, 7670 }, // U+22F0
    { 8, 16, 128, 0, 14, 32, 7702 }, // U+22F1
    { 16, 16, 256, 0, 14, 64, 7734 }, // U+22F2
    { 16, 16, 256, 0, 14, 64, 7798 }, // U+22F3
    { 8, 16, 128, 0, 14, 32, 7862 }, // U+22F4
    { 16, 16, 256, 0, 14, 64, 7894 }, // U+22F5
    { 16, 16, 256, 0, 14, 64, 7958 }, // U+22F6
    { 8, 16, 128, 0, 14, 32, 8022 }, // U+22F7
    { 8, 16, 128, 0, 14, 32, 8054 }, // U+22F8
    { 16, 16, 256, 0, 14, 64, 8086 }, // U+22F9
    { 16, 16, 256, 0, 14, 64, 8150 }, // U+22FA
    { 16, 16, 256, 0, 14, 64, 8214 }, // U+22FB
    { 8, 16, 128, 0, 14, 32, 8278 }, // U+22FC
    { 16, 16, 256, 0, 14, 64, 8310 }, // U+22FD
    { 8, 16, 128, 0, 14, 32, 8374 }, // U+22FE
    { 16, 16, 256, 0, 14, 64, 8406 }, // U+22FF
    { 8, 16, 128, 0, 14, 32, 0 }, // U+FB00
    { 8, 16, 128, 0, 14, 32, 32 }, // U+FB01
    { 8, 16, 128, 0, 14, 32, 64 }, // U+FB02
    { 8, 16, 128, 0, 14, 32, 96 }, // U+FB03
    { 8, 16, 128, 0, 14, 32, 128 }, // U+FB04
    { 8, 16, 128, 0, 14, 32, 160 }, // U+FB05
    { 8, 16, 128, 0, 14, 32, 192 }, // U+FB06
    { 8, 16, 128, 0, 14, 32, 0 }, // U+FFFD
};

static const EpdUnicodeInterval helvetica_8_italicIntervals[] = {
    { 0x0, 0x17F, 0x0 },
    { 0x1A0, 0x1A1, 0x180 },
    { 0x1AF, 0x1B0, 0x182 },
    { 0x1C4, 0x21F, 0x184 },
    { 0x300, 0x36F, 0x1E0 },
    { 0x400, 0x4FF, 0x250 },
    { 0x1E0C, 0x1E0D, 0x350 },
    { 0x1E24, 0x1E25, 0x352 },
    { 0x1E36, 0x1E3B, 0x354 },
    { 0x1E40, 0x1E49, 0x35A },
    { 0x1E5A, 0x1E5F, 0x364 },
    { 0x1E62, 0x1E63, 0x36A },
    { 0x1E6C, 0x1E6D, 0x36C },
    { 0x1EA0, 0x1EF9, 0x36E },
    { 0x2000, 0x20CF, 0x3C8 },
    { 0x2190, 0x22FF, 0x498 },
    { 0xFB00, 0xFB06, 0x608 },
    { 0xFFFD, 0xFFFD, 0x60F },
};

static const EpdFontGroup helvetica_8_italicGroups[] = {
    { 0, 1153, 4592, 128, 0 },
    { 1153, 1117, 5016, 128, 128 },
    { 2270, 945, 4772, 128, 256 },
    { 3215, 824, 3645, 96, 384 },
    { 4039, 461, 3840, 112, 480 },
    { 4500, 1369, 8256, 256, 592 },
    { 5869, 265, 1156, 30, 848 },
    { 6134, 639, 3680, 90, 878 },
    { 6773, 816, 3663, 112, 968 },
    { 7589, 269, 1539, 48, 1080 },
    { 7858, 525, 1976, 48, 1128 },
    { 8383, 743, 3840, 112, 1176 },
    { 9126, 1618, 8549, 256, 1288 },
    { 10744, 80, 224, 7, 1544 },
    { 10824, 23, 32, 1, 1551 },
};

static const EpdFontData helvetica_8_italic = {
    helvetica_8_italicBitmaps,
    helvetica_8_italicGlyphs,
    helvetica_8_italicIntervals,
    18,
    18,
    14,
    -4,
    true,
    helvetica_8_italicGroups,
    15,
    nullptr,
    nullptr,
    nullptr,
    nullptr,
    nullptr,
    nullptr,
    nullptr,
    nullptr,
    nullptr,
    nullptr,
    nullptr,
    0,
    0,
    0,
    0,
    nullptr,
    0,
};
