/**
 * generated by fontconvert.py
 * name: helvetica_14_regular
 * size: 14
 * mode: 2-bit  compressed: true
 * Command used: fontconvert.py helvetica_14_regular 14 ../../../x11/font-crosspoint-100dpi/helvR21.bdf ../../../x11/unifont-18.0.01.bdf --2bit --compress --zopfli
 */
#pragma once
#include "EpdFontData.h"

static const uint8_t helvetica_14_regularBitmaps[14235] = {
    0xB4, 0x95, 0x81, 0x86, 0x24, 0x41, 0x0C, 0x86, 0xC3, 0x0F, 0x10, 0xF2, 0x2A, 0x21, 0x00, 0x43,
    0xBD, 0x7A, 0x08, 0x40, 0xE8, 0x57, 0x09, 0x05, 0xD0, 0xF4, 0xA5, 0x67, 0x7B, 0xD7, 0x5A, 0x77,
    0xC8, 0xB1, 0xA1, 0x7C, 0x93, 0x19, 0x9F, 0x0F, 0xA3, 0xAB, 0xB3, 0xC7, 0x9D, 0x88, 0x94, 0xEE,
    0xF9, 0xBD, 0x4F, 0xD9, 0x53, 0xD9, 0x43, 0x44, 0x70, 0xEA, 0x79, 0x28, 0x11, 0x52, 0x6C, 0x2C,
    0x6C, 0x97, 0xA7, 0xF1, 0x42, 0xC8, 0xE7, 0xEF, 0xDF, 0x69, 0x3D, 0x7F, 0xF5, 0x8F, 0xB4, 0x02,
    0xAB, 0x00, 0xE1, 0xC1, 0xBA, 0xC0, 0x36, 0xF1, 0xD7, 0xE3, 0xAF, 0x40, 0x7C, 0x70, 0xE8, 0xC7,
    0x71, 0x15, 0xAB, 0xAF, 0xD4, 0x78, 0x33, 0x3C, 0x46, 0x7E, 0xEA, 0x2E, 0x36, 0x5E, 0x87, 0x49,
    0xF1, 0x7E, 0xF5, 0x7E, 0x4D, 0x7C, 0x41, 0x5A, 0x25, 0x77, 0x5F, 0x70, 0x53, 0x23, 0x6D, 0xD4,
    0x97, 0xDD, 0x1E, 0xBE, 0x73, 0xD4, 0xC7, 0x29, 0x11, 0xD0, 0x9B, 0x08, 0x90, 0xE3, 0x5C, 0x98,
    0xF8, 0xCC, 0x57, 0x24, 0x33, 0xC9, 0xC9, 0xB8, 0xC9, 0xCC, 0x33, 0x9F, 0xDA, 0x27, 0xFF, 0xA2,
    0x9C, 0x3E, 0xEF, 0x3F, 0xDD, 0x50, 0x26, 0xF2, 0x59, 0x5F, 0xCE, 0xA7, 0xFB, 0x90, 0x69, 0xD6,
    0xC7, 0x79, 0xA1, 0x3D, 0x67, 0xBA, 0x19, 0xBD, 0x7B, 0xCC, 0xFC, 0xF5, 0xF6, 0x51, 0xED, 0xB1,
    0xBB, 0xD4, 0x9A, 0xF6, 0x23, 0x89, 0x09, 0xC5, 0x70, 0x66, 0x92, 0xBA, 0x46, 0x7D, 0x09, 0xEC,
    0x34, 0x10, 0xDB, 0x9B, 0xBD, 0xEF, 0x3D, 0xF1, 0x17, 0x3C, 0x2A, 0xE1, 0x9A, 0xD4, 0x24, 0x5F,
    0x88, 0xA1, 0x1F, 0xB7, 0xA7, 0x1F, 0x3E, 0xE8, 0xFF, 0x7D, 0xBC, 0x79, 0xEF, 0x33, 0xDF, 0xAD,
    0xBD, 0x6A, 0xBF, 0x89, 0xBA, 0xF7, 0x89, 0xAF, 0x11, 0x72, 0xA6, 0xE9, 0x2B, 0x2D, 0xF6, 0xB1,
    0x55, 0xD3, 0x66, 0xF7, 0x9F, 0x9A, 0x14, 0x47, 0x0A, 0xB0, 0x3C, 0xC0, 0x0B, 0x18, 0xF9, 0xEB,
    0x38, 0x9E, 0x7B, 0x4F, 0xBE, 0x38, 0xEA, 0x0B, 0x5B, 0xE9, 0xA1, 0xBA, 0x72, 0x97, 0xA6, 0x8A,
    0xA6, 0x8D, 0xFC, 0xD3, 0x23, 0x69, 0xBB, 0x9C, 0xD9, 0xF4, 0xA6, 0xCF, 0xFA, 0x69, 0xFB, 0x79,
    0x7F, 0x6C, 0x4F, 0xE3, 0xF1, 0xFF, 0x1F, 0x75, 0x15, 0xA3, 0x19, 0x28, 0x32, 0x5A, 0x87, 0x5F,
    0xD3, 0xE7, 0x2F, 0xC8, 0x9B, 0xAF, 0x26, 0x08, 0x74, 0x62, 0xE2, 0xD3, 0xA7, 0xFF, 0x6A, 0x9F,
    0xD1, 0xFB, 0xCC, 0x47, 0xB5, 0xCF, 0xDE, 0x6C, 0x5F, 0x41, 0xE0, 0xA1, 0xCF, 0x8F, 0xCF, 0x4F,
    0xBF, 0xFE, 0xED, 0x53, 0xFD, 0x18, 0xA2, 0x9F, 0x5F, 0xB9, 0x92, 0x50, 0xBD, 0xCF, 0x42, 0xD1,
    0xEB, 0x7D, 0xFE, 0xB4, 0x66, 0x6E, 0x29, 0x92, 0xEB, 0x30, 0x18, 0xFE, 0x40, 0xAF, 0x0D, 0xDA,
    0xCA, 0x2C, 0x40, 0xA0, 0xAD, 0x0B, 0x7A, 0x01, 0xB5, 0x95, 0x1F, 0xEA, 0x55, 0xA0, 0x73, 0x9C,
    0xA4, 0x52, 0x55, 0x3D, 0x99, 0x2B, 0x63, 0xE9, 0xFF, 0x5C, 0xF1, 0xDD, 0x89, 0xE3, 0x19, 0xA7,
    0xB7, 0x5D, 0x31, 0x67, 0x66, 0x89, 0xB5, 0xC9, 0xCA, 0x0B, 0x39, 0xA7, 0xCA, 0x98, 0x99, 0x5E,
    0x32, 0xBE, 0x61, 0x15, 0xF8, 0xA6, 0xC6, 0x59, 0x12, 0x0C, 0xF8, 0x88, 0xBC, 0x35, 0xFD, 0x91,
    0x28, 0xFC, 0x10, 0x9B, 0x3A, 0x20, 0x1B, 0x52, 0x05, 0xD3, 0x90, 0x03, 0x91, 0x45, 0x78, 0x11,
    0x56, 0x7A, 0x51, 0x87, 0x93, 0x3E, 0xF8, 0x34, 0x04, 0xEF, 0x02, 0x84, 0xF5, 0x62, 0x4E, 0xD9,
    0xAA, 0xBC, 0xD8, 0x26, 0x07, 0x71, 0x30, 0x0E, 0x6E, 0x4D, 0x43, 0xCE, 0xA2, 0x1D, 0xF7, 0x6E,
    0xA7, 0x93, 0x05, 0x6E, 0xD3, 0x5B, 0xA9, 0x80, 0x70, 0x1C, 0xF4, 0xA4, 0xD5, 0xCE, 0x6D, 0xC2,
    0xAC, 0x92, 0x0E, 0x59, 0x4C, 0x61, 0x23, 0xAC, 0x1A, 0x27, 0xDE, 0x64, 0xA5, 0x2D, 0x8F, 0x01,
    0xBB, 0x81, 0xDF, 0x50, 0x78, 0xA9, 0xED, 0x2E, 0x71, 0x2F, 0x31, 0x25, 0x72, 0x95, 0xA2, 0x49,
    0xA5, 0x8D, 0x72, 0xD4, 0x36, 0x35, 0xDA, 0xC2, 0x37, 0x64, 0xB5, 0xF7, 0xFC, 0x41, 0x6C, 0xA6,
    0x0B, 0xDB, 0x73, 0x3E, 0x78, 0x8C, 0x10, 0xED, 0x69, 0xDB, 0x35, 0x56, 0xCB, 0xAE, 0x2A, 0xEE,
    0x39, 0x86, 0xE3, 0x47, 0xDB, 0xEB, 0xFA, 0xD3, 0x6E, 0x93, 0xFD, 0xA1, 0x88, 0x6F, 0xAB, 0x49,
    0xAE, 0x34, 0x93, 0x9A, 0xDB, 0xE8, 0x47, 0xF9, 0x11, 0xF1, 0xF1, 0x11, 0x9A, 0x9E, 0x96, 0x84,
    0x9F, 0x5D, 0xC4, 0x5B, 0xCF, 0xF5, 0x5D, 0x06, 0x8C, 0xF0, 0x19, 0xB2, 0xB2, 0x02, 0xDB, 0xD4,
    0x98, 0x04, 0xBF, 0x54, 0x63, 0x7A, 0xD4, 0x59, 0xF5, 0x7D, 0x06, 0x46, 0xEC, 0x1D, 0x78, 0x4F,
    0x13, 0xBF, 0xB0, 0x67, 0xEF, 0x24, 0x5E, 0x8D, 0x6D, 0x62, 0x93, 0x1F, 0x1A, 0xB0, 0x86, 0x14,
    0x4C, 0x61, 0x0D, 0x2E, 0x48, 0xC0, 0x81, 0x3E, 0x34, 0x33, 0xB5, 0x64, 0x8F, 0x36, 0x49, 0xBE,
    0x6F, 0x2F, 0x21, 0x7B, 0x17, 0xC9, 0x9E, 0x66, 0x9B, 0x74, 0xA8, 0x37, 0xF9, 0x36, 0xA2, 0x9C,
    0xC6, 0x46, 0x40, 0x80, 0xF5, 0x2E, 0x8F, 0x5D, 0x11, 0xA0, 0x5D, 0xFB, 0x2A, 0xDD, 0xB5, 0x4C,
    0x7C, 0xEC, 0xCF, 0x6C, 0x46, 0x10, 0x5C, 0xC9, 0x67, 0x6A, 0x13, 0xF0, 0xAA, 0x48, 0x6D, 0xFD,
    0x26, 0xC3, 0xFE, 0xB2, 0x5B, 0x71, 0x21, 0xBD, 0x8C, 0xD3, 0xA7, 0x61, 0x04, 0xAB, 0xC9, 0x4E,
    0x3A, 0xF0, 0xC6, 0x05, 0xCB, 0xA7, 0x66, 0x34, 0xD5, 0x22, 0x85, 0x7F, 0xF1, 0x26, 0x93, 0xF6,
    0x91, 0xAD, 0x62, 0xA3, 0xA5, 0x67, 0x37, 0x0E, 0x04, 0x20, 0xE0, 0x2D, 0xF9, 0xCC, 0x3A, 0xA5,
    0xD7, 0x62, 0xA7, 0xCE, 0x05, 0xE6, 0x95, 0x04, 0x56, 0xAF, 0x5A, 0x69, 0x36, 0xFD, 0xB6, 0x00,
    0xAF, 0x16, 0xDA, 0xD7, 0x05, 0x66, 0x53, 0x3E, 0x4A, 0xBA, 0xAF, 0x67, 0xE4, 0x69, 0xE3, 0x33,
    0x36, 0x0E, 0xCB, 0x45, 0x8A, 0x48, 0x3A, 0x47, 0x36, 0x48, 0xE2, 0x0C, 0x92, 0x22, 0x82, 0x23,
    0x9C, 0xAF, 0x12, 0xD0, 0xE0, 0x0D, 0x53, 0x5F, 0x22, 0x86, 0x3D, 0x87, 0xA9, 0xAF, 0x3F, 0xFA,
    0xBC, 0x85, 0x5F, 0xC2, 0x23, 0xFD, 0xB2, 0xDA, 0xF9, 0xC3, 0x2E, 0xFB, 0x6B, 0xC0, 0x9E, 0x4F,
    0x36, 0x1B, 0x6F, 0x9C, 0xE5, 0x09, 0x8D, 0x09, 0x2B, 0x1C, 0xE2, 0xE9, 0x67, 0x78, 0x49, 0xC9,
    0x29, 0xC0, 0x66, 0x1A, 0x48, 0x3D, 0xE6, 0xE2, 0xC2, 0x04, 0x34, 0x5E, 0x40, 0xE2, 0xF8, 0x94,
    0x93, 0xAB, 0x82, 0x57, 0xD0, 0x5E, 0x56, 0x8D, 0xAC, 0x4C, 0x0B, 0xC5, 0xCF, 0x23, 0xB4, 0xA2,
    0xDE, 0xEA, 0x29, 0xC8, 0xDB, 0xE7, 0x54, 0xE2, 0x33, 0x85, 0x03, 0xB0, 0x77, 0x04, 0x26, 0x00,
    0x98, 0x8D, 0xA4, 0xE8, 0x73, 0x80, 0xE7, 0x70, 0x1B, 0xF0, 0x59, 0xF0, 0x07, 0xC2, 0xEA, 0x15,
    0x42, 0x2F, 0xB0, 0x22, 0x5E, 0xE0, 0x33, 0x73, 0x00, 0x9C, 0x00, 0xAB, 0x27, 0x04, 0xE8, 0x89,
    0x63, 0x0F, 0x91, 0xB0, 0x16, 0x2C, 0xC5, 0xBB, 0xEC, 0x2C, 0x73, 0xE4, 0xA7, 0xC0, 0x2F, 0x94,
    0x82, 0x9E, 0x99, 0xA5, 0x22, 0xE7, 0x98, 0x97, 0x8B, 0xC1, 0x8B, 0x24, 0xC1, 0x2B, 0x16, 0x1A,
    0x40, 0xBF, 0x05, 0xAB, 0x5E, 0xD8, 0xAA, 0xE5, 0xC2, 0xD6, 0x94, 0x8B, 0xC1, 0x66, 0x04, 0x39,
    0x30, 0xD3, 0xCC, 0x4C, 0x09, 0x97, 0x30, 0x9D, 0x33, 0x39, 0x46, 0xFB, 0x0B, 0xE5, 0x51, 0xB6,
    0xF7, 0xBA, 0x7E, 0xCC, 0xB8, 0xCF, 0x35, 0x2C, 0xE0, 0x5A, 0xCF, 0x5D, 0x58, 0xC0, 0xAF, 0x34,
    0x33, 0xBD, 0xF4, 0x8F, 0xDB, 0x3D, 0x85, 0x8F, 0xB6, 0x9A, 0x58, 0x93, 0xE5, 0x85, 0x29, 0x01,
    0x05, 0xD0, 0xD7, 0x77, 0xDD, 0xA7, 0x0F, 0x40, 0x6C, 0xE8, 0x85, 0x58, 0x48, 0xA0, 0x17, 0xC2,
    0x0B, 0x6B, 0x6B, 0xBC, 0x99, 0xE9, 0xC0, 0xA7, 0x42, 0xF0, 0x4B, 0x3D, 0x66, 0x2C, 0x88, 0xDF,
    0xD6, 0x65, 0x80, 0xF8, 0x7D, 0xD7, 0xD3, 0x3B, 0x4C, 0xC7, 0x2E, 0x08, 0xF9, 0xF2, 0x94, 0x4B,
    0x24, 0xA2, 0x91, 0x09, 0x79, 0xA1, 0x04, 0x0D, 0xDC, 0x6F, 0x30, 0xB7, 0x62, 0x56, 0xFA, 0x12,
    0x8D, 0xC8, 0x43, 0x5E, 0x7B, 0x7D, 0x7B, 0x7D, 0x1F, 0xFE, 0xDA, 0x67, 0x0F, 0xC0, 0x86, 0x5C,
    0x98, 0x3B, 0x70, 0xFB, 0x2C, 0xEC, 0x76, 0x3F, 0x21, 0xE1, 0xFE, 0x82, 0x20, 0x5E, 0xE1, 0xE8,
    0x15, 0xF6, 0x59, 0xAF, 0x60, 0x78, 0x41, 0x83, 0xD5, 0x9C, 0x58, 0xCD, 0xD7, 0xA7, 0xD6, 0xAF,
    0x05, 0xF5, 0x42, 0x9E, 0xF0, 0xB2, 0x92, 0xE9, 0x01, 0x7A, 0x21, 0x4F, 0xF8, 0x67, 0x09, 0xBB,
    0x3F, 0xC0, 0x86, 0x5C, 0xF0, 0x1D, 0x3F, 0x5A, 0x93, 0x1D, 0x8F, 0xB5, 0x96, 0x02, 0xFC, 0x37,
    0xD0, 0x40, 0x3E, 0x17, 0xE6, 0xD6, 0xD4, 0xD6, 0x28, 0x33, 0x03, 0x3E, 0x7A, 0xEE, 0x04, 0xE7,
    0x73, 0xE2, 0x5D, 0xC7, 0xB3, 0x9F, 0x99, 0xA5, 0x3F, 0x78, 0xB3, 0xFE, 0xF9, 0x2C, 0x14, 0x09,
    0xDD, 0x5E, 0xF8, 0x39, 0x8B, 0xBB, 0xF0, 0x51, 0x03, 0xE4, 0xCC, 0x6C, 0x13, 0x6B, 0x84, 0x2D,
    0x90, 0x27, 0xFC, 0x1D, 0xB1, 0xD0, 0x3C, 0x6A, 0x08, 0x41, 0x9F, 0x88, 0x9F, 0xC2, 0x37, 0x14,
    0x39, 0x75, 0x6C, 0xD8, 0xC5, 0x90, 0x90, 0x04, 0xF8, 0x09, 0x48, 0xCE, 0x69, 0x8E, 0xC0, 0xE6,
    0xBE, 0xF1, 0xFC, 0xE7, 0x8A, 0x2C, 0xC0, 0xEB, 0x6D, 0xD7, 0xB6, 0x73, 0xD7, 0x1E, 0x7C, 0x66,
    0x60, 0x46, 0xCC, 0x11, 0xB0, 0xE2, 0x5F, 0x4A, 0x10, 0xFF, 0x42, 0x01, 0xCA, 0x72, 0xF9, 0x4C,
    0x31, 0x8D, 0xC0, 0xEA, 0x89, 0x00, 0xE7, 0x09, 0x87, 0x78, 0x81, 0x15, 0x7A, 0x01, 0xB2, 0x7A,
    0x45, 0x38, 0xAF, 0xF0, 0x78, 0x83, 0xE9, 0x3C, 0x73, 0x9E, 0x91, 0xFB, 0x33, 0x8A, 0x15, 0x59,
    0x9D, 0x51, 0xEC, 0xA7, 0x9C, 0x58, 0xF8, 0x1A, 0x09, 0xAD, 0x42, 0x42, 0xF1, 0x25, 0xE2, 0x5E,
    0x84, 0xAE, 0x23, 0x12, 0xBC, 0xBE, 0x46, 0xBE, 0x79, 0x83, 0x57, 0x42, 0xB2, 0xC1, 0x8B, 0xC6,
    0x64, 0xDA, 0x41, 0x6F, 0x15, 0x92, 0x03, 0xDE, 0xC7, 0x84, 0xA0, 0x8E, 0xCB, 0x33, 0x77, 0x2F,
    0x7C, 0xD6, 0xDD, 0x9B, 0x3A, 0x5B, 0xDE, 0x3B, 0x6A, 0x30, 0xE5, 0xFB, 0xBF, 0xFC, 0x26, 0x7A,
    0x07, 0x6D, 0x82, 0xF4, 0x3A, 0xE0, 0x03, 0x58, 0x03, 0xE8, 0x6F, 0x70, 0x7E, 0x95, 0x80, 0x04,
    0x02, 0x4C, 0x4B, 0xE7, 0x6D, 0xA0, 0x97, 0xDE, 0x93, 0xF2, 0x2D, 0xE9, 0x4C, 0x16, 0x30, 0x8F,
    0x50, 0x53, 0xE2, 0xCF, 0xEC, 0x59, 0x27, 0x36, 0xF3, 0xCD, 0xAC, 0x76, 0xE3, 0xBB, 0xAC, 0x55,
    0xDE, 0xFE, 0xD0, 0x56, 0x1D, 0x1A, 0x1A, 0xBB, 0x2D, 0x77, 0xAB, 0xDD, 0x03, 0xED, 0x2E, 0x62,
    0xF7, 0x39, 0x42, 0x13, 0xFB, 0x30, 0xE6, 0x71, 0x62, 0xCB, 0x2D, 0x85, 0x87, 0x7C, 0xF0, 0x19,
    0x52, 0x4E, 0xE3, 0xE8, 0x54, 0xD2, 0x0C, 0x39, 0x8E, 0xB7, 0x97, 0x80, 0x4B, 0x8D, 0xB8, 0x4F,
    0x33, 0x0C, 0x8D, 0x2F, 0x55, 0x61, 0xA5, 0x0B, 0x35, 0xBE, 0xC4, 0x30, 0x5B, 0x1D, 0x4D, 0x9D,
    0xA7, 0xC1, 0x09, 0xB2, 0x71, 0xC1, 0xBB, 0x7B, 0xE3, 0x71, 0x1C, 0xFF, 0x9A, 0x29, 0xB0, 0x6B,
    0xCD, 0x67, 0xF9, 0x4C, 0x3D, 0x8E, 0x68, 0x8D, 0x97, 0x7E, 0x32, 0x8E, 0xC0, 0x8F, 0xE3, 0xDA,
    0x7D, 0xAB, 0x7B, 0x9E, 0xF2, 0xB7, 0x3C, 0x7B, 0x3B, 0xE6, 0x7D, 0xFD, 0xBF, 0xDF, 0x23, 0x3F,
    0xF1, 0xE7, 0x71, 0x4F, 0x2E, 0xC7, 0xF9, 0xE0, 0x83, 0xD1, 0xC8, 0xF9, 0xB1, 0xED, 0x63, 0xBD,
    0x1F, 0x63, 0xF5, 0x3F, 0x18, 0xEB, 0x67, 0xD9, 0xFF, 0xE2, 0xE8, 0x3F, 0xDE, 0x4E, 0xD6, 0x85,
    0xF8, 0xCE, 0x47, 0x9A, 0x9E, 0xC7, 0x71, 0x4C, 0xBF, 0xF4, 0xAB, 0xAF, 0x82, 0x3A, 0x96, 0x30,
    0x00, 0x7F, 0xB0, 0x54, 0x11, 0xDF, 0x7B, 0xCB, 0x24, 0x2F, 0x25, 0x6A, 0xEE, 0x62, 0x9A, 0x09,
    0xD6, 0xA5, 0xD7, 0x72, 0xD3, 0x72, 0x7A, 0xF3, 0xD4, 0x75, 0x18, 0xA5, 0xEE, 0x73, 0x9F, 0x1E,
    0xA6, 0xB2, 0x49, 0x5C, 0xC4, 0xDF, 0x63, 0x74, 0xFF, 0x93, 0xBB, 0xF4, 0x75, 0xAD, 0x34, 0xF6,
    0xCB, 0xEF, 0x4F, 0xAF, 0x6B, 0x45, 0x53, 0xEF, 0xEF, 0xCC, 0x2F, 0x9E, 0xBF, 0x70, 0x66, 0xD9,
    0xF1, 0xCE, 0x08, 0x2E, 0xF5, 0x2F, 0xD6, 0xD5, 0x95, 0xD4, 0xF7, 0x1E, 0x9A, 0x46, 0x97, 0x66,
    0x53, 0x39, 0xDD, 0xB4, 0x08, 0x41, 0x43, 0x36, 0x3E, 0x62, 0x1A, 0x86, 0xD7, 0xAF, 0x38, 0xD3,
    0x36, 0xE5, 0x3C, 0x6C, 0x34, 0x5A, 0x6F, 0x8C, 0x5F, 0x99, 0xAC, 0x85, 0xFF, 0xCA, 0x53, 0x64,
    0x33, 0x39, 0x37, 0x1F, 0x7F, 0xCC, 0x2E, 0x70, 0x0E, 0x7D, 0xFD, 0xFC, 0x7A, 0x8A, 0x7B, 0x3D,
    0x95, 0x6C, 0x7A, 0xAE, 0x89, 0x20, 0x88, 0x60, 0x0E, 0xB8, 0x7D, 0x96, 0x9E, 0xB0, 0xCF, 0xCF,
    0xCF, 0xB2, 0x1B, 0xF7, 0x1D, 0xDC, 0x18, 0x18, 0x12, 0x7A, 0x21, 0x88, 0x1D, 0x4D, 0x26, 0x9D,
    0xB4, 0x7F, 0xEA, 0x7F, 0xB7, 0x7B, 0x31, 0x90, 0xD0, 0x8B, 0x36, 0xB5, 0xA7, 0xEF, 0x65, 0x9A,
    0xDC, 0x47, 0xE6, 0x2C, 0xC5, 0x69, 0xC2, 0x0F, 0xD9, 0x67, 0xED, 0xBA, 0x01, 0x73, 0x28, 0x96,
    0xAE, 0x3F, 0x6C, 0xCD, 0x12, 0x30, 0x33, 0xD3, 0x8F, 0x9E, 0x4D, 0xCB, 0xBD, 0xCE, 0x2B, 0xAF,
    0xCD, 0xA1, 0x61, 0xB6, 0x60, 0x6D, 0xED, 0x7C, 0x6F, 0x49, 0xD3, 0x04, 0x57, 0x79, 0xAB, 0x8E,
    0x7E, 0x12, 0x86, 0xB9, 0xDC, 0x3D, 0x10, 0x4D, 0xA3, 0x1F, 0xED, 0x22, 0x2E, 0x98, 0xB6, 0x92,
    0x4F, 0x61, 0xCD, 0xCF, 0xFE, 0x0E, 0xFE, 0xED, 0xF6, 0xEB, 0xBF, 0x83, 0xFF, 0x07, 0x9C, 0x94,
    0x81, 0x06, 0x2C, 0x51, 0x08, 0x86, 0x23, 0x80, 0x9F, 0x5E, 0x25, 0x0E, 0xC0, 0x72, 0x5E, 0x3D,
    0x02, 0x88, 0x79, 0x95, 0x08, 0x60, 0x99, 0xDB, 0xB1, 0x3B, 0xDC, 0xCB, 0x85, 0x76, 0xE0, 0x93,
    0xF1, 0x69, 0xAA, 0x9A, 0xE8, 0x87, 0x88, 0xD8, 0x88, 0xE8, 0xE1, 0x66, 0xAF, 0x8C, 0x85, 0x2D,
    0x25, 0x89, 0x05, 0xC5, 0xAA, 0xBF, 0xDF, 0x3F, 0x5C, 0xFD, 0xFC, 0xCF, 0x57, 0xFF, 0xFA, 0xB1,
    0x0E, 0x4F, 0xCC, 0x13, 0x7F, 0x8B, 0xCB, 0xF1, 0x9B, 0x77, 0x06, 0x63, 0x83, 0x65, 0x94, 0xFF,
    0x72, 0x79, 0xB7, 0xBF, 0xAE, 0xF6, 0x9B, 0x27, 0x1E, 0xE5, 0x6F, 0x21, 0x5E, 0xA1, 0x58, 0xB1,
    0x42, 0x43, 0x4F, 0x3C, 0xCB, 0x5F, 0xFC, 0x0E, 0xA6, 0xD5, 0xCC, 0x66, 0xC7, 0xF7, 0xC4, 0x17,
    0xCF, 0x4A, 0x30, 0x84, 0xFD, 0x36, 0x3B, 0x7D, 0x18, 0x7E, 0xFF, 0xD7, 0xDF, 0xDE, 0xF5, 0x53,
    0xFB, 0x97, 0x4F, 0xFB, 0x57, 0xE9, 0xA0, 0xED, 0xEC, 0xE9, 0xA4, 0xEA, 0xE2, 0x13, 0x1F, 0xAB,
    0x2A, 0xD4, 0x54, 0xD2, 0xD6, 0x21, 0xD4, 0x47, 0xBE, 0xAE, 0xAC, 0xD4, 0x93, 0xD8, 0x3C, 0xCC,
    0x94, 0x69, 0xE6, 0x6F, 0x70, 0x3D, 0x7B, 0x73, 0xFA, 0xA0, 0x52, 0x35, 0xF4, 0xE5, 0x5F, 0x3F,
    0x47, 0x3E, 0xBD, 0xC1, 0xE6, 0xF8, 0x30, 0x9A, 0xDE, 0x1C, 0xCD, 0xBF, 0x2A, 0x41, 0x10, 0xB6,
    0x32, 0x5B, 0x74, 0xEE, 0xE0, 0x77, 0x5F, 0xD1, 0xFE, 0xAC, 0x7E, 0xCE, 0x73, 0x77, 0xA4, 0x41,
    0x95, 0x41, 0xD8, 0x3C, 0xED, 0x9F, 0xAE, 0x0C, 0xCD, 0xC3, 0x84, 0xAA, 0xB2, 0xDD, 0x33, 0x7F,
    0x55, 0xFB, 0x68, 0xBF, 0x12, 0x8B, 0x94, 0x87, 0xF5, 0x9F, 0xFD, 0x65, 0x90, 0x30, 0xBB, 0x39,
    0xE9, 0x66, 0xF1, 0x61, 0xFF, 0x3E, 0x73, 0x07, 0xDF, 0x87, 0x27, 0x9E, 0xF8, 0x80, 0xF9, 0xF5,
    0x32, 0x43, 0x84, 0x07, 0xCA, 0x4E, 0x3C, 0xFB, 0x7E, 0x3B, 0x75, 0x43, 0xCE, 0xDC, 0x7F, 0xF8,
    0xFF, 0xED, 0xAF, 0xBF, 0xCF, 0xFF, 0x0F, 0xED, 0xC7, 0xCC, 0x17, 0xB7, 0xF6, 0x16, 0x09, 0xB4,
    0xEC, 0xCC, 0x81, 0xBD, 0x46, 0xBE, 0xF8, 0x95, 0x0A, 0x60, 0x85, 0xB8, 0x06, 0x5E, 0x1D, 0xFF,
    0xB0, 0xBF, 0x26, 0x20, 0xB7, 0x20, 0x7B, 0xF6, 0x6F, 0xEA, 0x2B, 0x9B, 0x27, 0xA9, 0xC9, 0xE5,
    0xC3, 0xFB, 0xBD, 0xDD, 0x09, 0x44, 0x09, 0x36, 0x80, 0xB8, 0x39, 0xCA, 0xFF, 0xDC, 0x8F, 0x3B,
    0xA7, 0x2D, 0x12, 0x99, 0xED, 0x7F, 0x4B, 0xEE, 0x28, 0xE3, 0x0C, 0x77, 0x32, 0x63, 0x1A, 0xEE,
    0xCF, 0x9F, 0xE2, 0xCC, 0x68, 0xB5, 0x79, 0x5D, 0x89, 0xC2, 0x1F, 0xCC, 0x6D, 0x61, 0x5E, 0xE5,
    0x3C, 0x80, 0x60, 0x5E, 0x7D, 0xA0, 0xB7, 0x07, 0xFA, 0x2A, 0x0B, 0x72, 0x2B, 0x58, 0xE7, 0xC8,
    0x76, 0x6A, 0x92, 0x9D, 0xD0, 0xDD, 0x3F, 0x7F, 0xA9, 0xA5, 0xF5, 0x49, 0x46, 0xD1, 0xD2, 0x28,
    0x75, 0xAD, 0x29, 0xCD, 0x5E, 0xE7, 0x1E, 0xF5, 0xF1, 0x1E, 0xC7, 0xEF, 0xF1, 0xD3, 0xF5, 0x91,
    0x04, 0xE8, 0xEE, 0xE2, 0x0D, 0x3E, 0x65, 0x91, 0x9E, 0xD4, 0x5B, 0x31, 0xDE, 0x92, 0xF9, 0x96,
    0xAD, 0x37, 0xF8, 0xA7, 0xB2, 0xD7, 0xD8, 0x78, 0x2B, 0xEA, 0xBF, 0xB5, 0xCD, 0x09, 0x8B, 0x1B,
    0xAF, 0x9A, 0x84, 0x4D, 0x76, 0x76, 0x12, 0x1A, 0x9B, 0x58, 0xA2, 0x80, 0x3C, 0x64, 0x8B, 0x8B,
    0x05, 0xE2, 0x46, 0xD1, 0xBB, 0x12, 0x18, 0x6E, 0xD9, 0xD6, 0x08, 0xF7, 0x65, 0x6A, 0xEB, 0xF5,
    0x0C, 0x89, 0xA3, 0xCE, 0xD0, 0x88, 0xB6, 0x75, 0x99, 0x12, 0x6C, 0x1A, 0x44, 0x2F, 0x25, 0x7B,
    0xD9, 0xEF, 0x06, 0x48, 0xBB, 0x46, 0x53, 0x76, 0xD7, 0x87, 0x9B, 0x04, 0x02, 0x56, 0xBF, 0xBC,
    0xDF, 0xDF, 0x4B, 0xE7, 0x25, 0xB8, 0xBB, 0x2F, 0x11, 0x9E, 0x64, 0x0F, 0x92, 0x3C, 0x4B, 0x43,
    0x4C, 0x48, 0xC3, 0x28, 0xA1, 0x98, 0x88, 0x42, 0x64, 0x8B, 0xE8, 0x49, 0x74, 0x75, 0x74, 0xCE,
    0xE8, 0x70, 0x42, 0x19, 0x52, 0xC0, 0x04, 0x8A, 0x41, 0x6E, 0x2A, 0x72, 0xF7, 0xF6, 0x04, 0x37,
    0x1A, 0xAB, 0x80, 0x05, 0x6C, 0x01, 0x63, 0x52, 0x84, 0x60, 0x92, 0x0D, 0x45, 0xE1, 0xCE, 0x1E,
    0x61, 0x45, 0x8F, 0xEC, 0x19, 0xAD, 0x04, 0xA4, 0xF1, 0x84, 0xB9, 0xB8, 0x7F, 0x72, 0x9F, 0xB5,
    0x3B, 0xEC, 0x6E, 0xBB, 0x33, 0x26, 0x75, 0x5D, 0x11, 0x0B, 0x72, 0x52, 0x66, 0x26, 0x24, 0xB9,
    0x75, 0x94, 0xA8, 0xA8, 0xEB, 0x7B, 0xC0, 0x5E, 0x75, 0x0F, 0xA1, 0x42, 0x33, 0x5B, 0xC9, 0xCC,
    0xAE, 0xD0, 0xBE, 0x94, 0x6D, 0x2D, 0x01, 0x4F, 0xE5, 0xE9, 0xF9, 0xC5, 0x6E, 0xD3, 0xCA, 0x1E,
    0xE9, 0x65, 0x99, 0x64, 0xB4, 0xDE, 0x48, 0xA4, 0xDC, 0xE9, 0xB9, 0x51, 0x8B, 0x7C, 0x72, 0x24,
    0x23, 0x7A, 0x67, 0x25, 0xF9, 0xD5, 0x6E, 0x57, 0x1C, 0x21, 0xCA, 0x8C, 0x44, 0xD1, 0x7B, 0x5D,
    0xBB, 0x31, 0x21, 0x48, 0x1E, 0xCA, 0xB6, 0x5C, 0xA5, 0x27, 0xE3, 0x37, 0x97, 0x6D, 0x2D, 0xE5,
    0xBC, 0x5F, 0x86, 0x3C, 0xB6, 0x3B, 0x40, 0x60, 0xB7, 0xDD, 0x29, 0x6A, 0x32, 0x0B, 0xE5, 0x51,
    0x8F, 0x38, 0xA2, 0x7B, 0x9F, 0x98, 0x94, 0x49, 0x91, 0x9D, 0x0C, 0x84, 0xC8, 0x6F, 0xA8, 0x0E,
    0x19, 0x3B, 0x65, 0x87, 0x04, 0x3C, 0x12, 0xB6, 0xC2, 0x56, 0x3A, 0x29, 0x27, 0x7E, 0xA2, 0x3A,
    0x94, 0x4E, 0xC2, 0x09, 0xF9, 0x7D, 0x49, 0x0A, 0x42, 0x0C, 0x86, 0x46, 0x89, 0x8E, 0x8E, 0xCE,
    0x76, 0xC7, 0x5D, 0x49, 0xD5, 0x1C, 0x43, 0xB9, 0x97, 0x31, 0x6A, 0xA6, 0xC0, 0xB6, 0x6F, 0x9E,
    0xC2, 0xDB, 0xA7, 0x93, 0x06, 0x11, 0x7D, 0xD6, 0x6C, 0x12, 0xBC, 0x31, 0x9A, 0xB1, 0x51, 0x27,
    0xA3, 0x17, 0x93, 0xE8, 0xC5, 0xEC, 0xE8, 0x41, 0x6D, 0xCC, 0x06, 0x71, 0xE9, 0x35, 0xF4, 0xBE,
    0x98, 0xCB, 0x8E, 0xB1, 0xB9, 0xD4, 0xFB, 0x5C, 0xF4, 0xFC, 0xA7, 0xD7, 0x1F, 0xC7, 0x10, 0x5E,
    0x4C, 0xAF, 0xD5, 0x33, 0x16, 0x07, 0x02, 0x2D, 0x46, 0xEF, 0x5C, 0x35, 0xA1, 0x60, 0x10, 0x5A,
    0x4C, 0x40, 0x8C, 0x8D, 0x65, 0x45, 0x2F, 0xA6, 0x60, 0x50, 0x13, 0xC4, 0xAC, 0x45, 0x25, 0xD1,
    0x27, 0x13, 0x62, 0x9F, 0x95, 0x1B, 0xA3, 0x05, 0xDB, 0x3E, 0xA5, 0xFF, 0x33, 0xA4, 0x4C, 0x52,
    0xE5, 0x24, 0x94, 0x1A, 0x0C, 0x81, 0xD0, 0x62, 0xB4, 0x88, 0x4E, 0x44, 0x92, 0xF2, 0xA2, 0xCD,
    0xE0, 0x8C, 0x43, 0x47, 0x7F, 0xAF, 0xE7, 0x35, 0x38, 0xAB, 0x8E, 0x6F, 0xA6, 0x60, 0x82, 0x40,
    0x94, 0xA8, 0xC9, 0x28, 0x66, 0x59, 0xE1, 0x6D, 0x18, 0x62, 0x01, 0x01, 0xA7, 0x57, 0x4C, 0x20,
    0xBD, 0x90, 0x57, 0x8C, 0x68, 0x38, 0x21, 0x74, 0x82, 0x68, 0xC6, 0x09, 0xD2, 0xF6, 0x01, 0x48,
    0x06, 0x44, 0x9F, 0x10, 0xA0, 0x13, 0x90, 0x0D, 0xE4, 0x67, 0x04, 0xFA, 0xA5, 0x30, 0x26, 0x10,
    0xDE, 0x93, 0x4F, 0xA8, 0xD0, 0xAF, 0x84, 0x91, 0x2D, 0x28, 0x0B, 0x46, 0xF6, 0xEF, 0x44, 0x10,
    0xCD, 0x09, 0xE0, 0x37, 0x7F, 0x1E, 0x1F, 0x0B, 0x71, 0xED, 0x31, 0x7F, 0x29, 0x16, 0xDB, 0xBE,
    0x36, 0xFB, 0x87, 0xB8, 0x6B, 0x92, 0xB3, 0x81, 0x71, 0xD7, 0x94, 0xDD, 0xE8, 0xDA, 0x0C, 0x20,
    0x7A, 0x6F, 0xEC, 0x79, 0x36, 0x09, 0xE3, 0xBE, 0x61, 0xDC, 0x34, 0x82, 0xB2, 0xE7, 0xD1, 0x50,
    0x3E, 0x26, 0xA7, 0x30, 0xD9, 0x14, 0x05, 0xD9, 0x63, 0x61, 0x02, 0xE8, 0x5F, 0x21, 0x7A, 0x42,
    0xEC, 0xD3, 0x6A, 0x61, 0x59, 0xED, 0xA6, 0x61, 0x0B, 0xCA, 0x00, 0xFF, 0x01, 0x28, 0x80, 0xE8,
    0x03, 0xB9, 0x10, 0x86, 0x10, 0x20, 0x8E, 0xD8, 0x6F, 0x0F, 0x6D, 0x01, 0xCF, 0x64, 0xBB, 0x97,
    0x04, 0x7C, 0x25, 0xDB, 0x73, 0x89, 0x10, 0x67, 0x16, 0xFC, 0xC3, 0x6B, 0x15, 0xE0, 0x26, 0x2E,
    0x22, 0x7B, 0xFE, 0xE8, 0x5A, 0xD1, 0xE2, 0x2A, 0xF8, 0xD9, 0x7D, 0x4D, 0x06, 0x49, 0x34, 0xE4,
    0x77, 0xCA, 0x91, 0x2D, 0x81, 0xBE, 0x51, 0x42, 0xE4, 0xA4, 0x8A, 0x79, 0x1C, 0x3A, 0xAF, 0xD5,
    0x33, 0xD1, 0xFF, 0x66, 0xF0, 0x76, 0x2F, 0x4C, 0x12, 0xBC, 0x50, 0x0B, 0xD9, 0x09, 0xB1, 0x41,
    0x09, 0x9C, 0x90, 0x3F, 0x1A, 0xD9, 0x8D, 0xDE, 0x80, 0xDB, 0xD1, 0xD8, 0xD0, 0x87, 0xC1, 0x6E,
    0xE5, 0xC3, 0xDE, 0x6E, 0xA8, 0x68, 0xD8, 0x7A, 0x2A, 0x00, 0x60, 0x42, 0xB4, 0x3F, 0xB1, 0xE5,
    0x3F, 0xEF, 0x5A, 0xBD, 0x05, 0xCD, 0x85, 0xFA, 0x44, 0x76, 0xB4, 0x42, 0x57, 0x30, 0x17, 0xEA,
    0x13, 0xF9, 0xDE, 0x22, 0x2E, 0x57, 0xB0, 0xA1, 0x16, 0x72, 0x07, 0xA1, 0xDB, 0xD3, 0x3D, 0x39,
    0xAE, 0xB4, 0xC0, 0x36, 0x31, 0xA9, 0xDE, 0x3E, 0x59, 0xC0, 0x1C, 0xC0, 0x98, 0x40, 0x09, 0xC8,
    0x7F, 0x81, 0x09, 0xD4, 0x36, 0xAD, 0x80, 0xB9, 0x59, 0x6D, 0xA6, 0xD8, 0x3E, 0x16, 0x22, 0x36,
    0x9C, 0xE7, 0xFC, 0x2F, 0x85, 0x51, 0x00, 0x6E, 0x88, 0x8B, 0x20, 0x7B, 0xFE, 0x4A, 0x18, 0xA1,
    0x01, 0xE9, 0x09, 0x19, 0xFA, 0x9D, 0x08, 0xFA, 0x06, 0xC0, 0x6F, 0x84, 0x71, 0xBC, 0x10, 0xDE,
    0x15, 0x97, 0xC6, 0x60, 0xB8, 0x74, 0xBE, 0xAB, 0x98, 0x93, 0x22, 0xAD, 0xC4, 0xF6, 0x58, 0xD3,
    0x74, 0x13, 0x4B, 0x8E, 0x09, 0xA3, 0x04, 0x4A, 0x11, 0x9D, 0x22, 0x49, 0x31, 0x3E, 0x21, 0x52,
    0xD1, 0xA4, 0x12, 0x72, 0x0E, 0xA8, 0x21, 0x18, 0xD5, 0x37, 0xB1, 0x0C, 0xDB, 0x28, 0x2D, 0x98,
    0xE7, 0xC1, 0x45, 0x34, 0x00, 0x82, 0xF1, 0x37, 0x34, 0x40, 0xD5, 0xA9, 0xB4, 0x1B, 0x4F, 0x60,
    0xE9, 0x3C, 0xC0, 0x7E, 0x74, 0xAD, 0x6C, 0x28, 0xC1, 0x9C, 0x84, 0xEA, 0x67, 0xD7, 0xD2, 0x38,
    0xC5, 0x0F, 0xEF, 0xEB, 0xD9, 0x5F, 0x0D, 0x13, 0x42, 0x75, 0x9B, 0xC6, 0x84, 0x98, 0x3B, 0x98,
    0x21, 0xA8, 0xEC, 0x03, 0x69, 0x20, 0x26, 0x80, 0xBE, 0x8F, 0x67, 0xE7, 0xEB, 0xC4, 0x76, 0x8B,
    0x6C, 0x11, 0x12, 0x9C, 0xDA, 0xEE, 0xB3, 0xF7, 0xF3, 0x7A, 0x22, 0x78, 0xA8, 0xB0, 0x28, 0x9B,
    0xA2, 0x98, 0xBB, 0xCF, 0xA9, 0xED, 0xBE, 0x50, 0x4E, 0x94, 0xE6, 0xF1, 0x3A, 0x4B, 0xB1, 0xD4,
    0xA2, 0x5A, 0x69, 0x94, 0x7A, 0x98, 0xA3, 0xED, 0x6B, 0x4D, 0x8A, 0x62, 0x90, 0x70, 0x55, 0x9A,
    0xB4, 0x29, 0x25, 0x93, 0x44, 0x9F, 0x2A, 0x26, 0xA6, 0x9C, 0xE4, 0xCC, 0x7E, 0x90, 0x8B, 0xBD,
    0xEC, 0xF9, 0x20, 0xE7, 0x7A, 0xD9, 0x33, 0x34, 0x48, 0x4F, 0x32, 0xF4, 0x57, 0xFC, 0x6E, 0x73,
    0xB5, 0xBF, 0xB8, 0xEF, 0x4B, 0x43, 0xF7, 0xDE, 0x16, 0x7F, 0x27, 0x56, 0x2B, 0xBD, 0x1C, 0xEC,
    0x2E, 0x6A, 0x86, 0x06, 0xD9, 0x4C, 0x88, 0x66, 0x40, 0x2D, 0xA6, 0x61, 0x84, 0x3F, 0x6C, 0x97,
    0xDF, 0x6D, 0x9B, 0x04, 0x74, 0x65, 0x33, 0x36, 0xCE, 0x89, 0x67, 0xA8, 0xDC, 0x76, 0xA7, 0x49,
    0xC3, 0xEA, 0xCC, 0xC2, 0x83, 0x9A, 0xA4, 0xE0, 0xB6, 0xE6, 0x24, 0xC7, 0xFE, 0xBA, 0xF7, 0xC4,
    0xCD, 0x1B, 0x64, 0xEF, 0x83, 0xD1, 0xC2, 0xFD, 0xE8, 0x05, 0x8C, 0xB5, 0xEF, 0x8E, 0xEC, 0x41,
    0x6C, 0x12, 0x68, 0xE9, 0x3E, 0x2B, 0xBE, 0x8E, 0x17, 0xD9, 0x69, 0x83, 0xF5, 0xF0, 0x45, 0xFB,
    0xB2, 0xE7, 0xFD, 0x0B, 0xF5, 0x75, 0xCF, 0x87, 0x2F, 0xCE, 0x57, 0x3D, 0xCF, 0xEC, 0xFE, 0xB5,
    0x8C, 0xFE, 0x85, 0x2C, 0xFE, 0x85, 0x9C, 0xBD, 0x21, 0x34, 0x60, 0x0A, 0x0A, 0xA8, 0x65, 0x20,
    0xF0, 0x24, 0xE7, 0xF9, 0xA5, 0x4C, 0x42, 0x82, 0x87, 0x5A, 0x63, 0xF7, 0x5F, 0x4A, 0x68, 0xA4,
    0x67, 0x86, 0x00, 0x59, 0x17, 0x2F, 0xAF, 0x65, 0x49, 0xEA, 0xAB, 0xFA, 0xF5, 0x03, 0xFA, 0xFD,
    0x78, 0xEE, 0x1F, 0xD0, 0xD7, 0x3D, 0x1F, 0x3F, 0xA0, 0x2F, 0x7B, 0xCE, 0x24, 0xEC, 0x35, 0xF3,
    0x75, 0xBF, 0xC7, 0x0F, 0xFC, 0xEB, 0x9E, 0x5F, 0xFC, 0xDF, 0x80, 0xF3, 0x82, 0x3C, 0x85, 0xA5,
    0xF4, 0xEC, 0x7D, 0xDD, 0xEC, 0x49, 0x49, 0x48, 0x8A, 0x96, 0x92, 0x5D, 0x03, 0x49, 0xC8, 0x1D,
    0x2A, 0xA2, 0x93, 0xEC, 0xB2, 0x91, 0x45, 0x08, 0x04, 0x03, 0x12, 0x40, 0xE4, 0x57, 0xB5, 0x44,
    0x4D, 0x5C, 0xFE, 0x48, 0x27, 0x21, 0xA2, 0x49, 0x18, 0x7F, 0x34, 0xBD, 0xC0, 0x1D, 0x17, 0x65,
    0xCF, 0x3F, 0x98, 0x1E, 0xAD, 0xBD, 0xC2, 0x9F, 0x06, 0x7F, 0x7F, 0xF4, 0x1F, 0x29, 0x0A, 0x4B,
    0xE3, 0xB3, 0x88, 0x3C, 0x14, 0xEF, 0xBD, 0xEB, 0x03, 0xF0, 0xA1, 0x71, 0x48, 0xBB, 0xA2, 0x4F,
    0x79, 0x09, 0xD0, 0x33, 0xB9, 0xB1, 0x27, 0xC6, 0x88, 0x7C, 0x90, 0x2E, 0x9D, 0xDA, 0xC7, 0x12,
    0xE3, 0x6D, 0x8E, 0xDC, 0xCF, 0x7C, 0x6F, 0x66, 0xC2, 0xCF, 0xEE, 0xED, 0x7F, 0xC5, 0x9A, 0x5D,
    0x6A, 0xEB, 0x4C, 0x13, 0x84, 0x1F, 0xE8, 0x5B, 0x43, 0x6F, 0x25, 0x0B, 0x18, 0xE8, 0xAD, 0x37,
    0xF8, 0xF6, 0x03, 0x6F, 0xA5, 0xC0, 0xB7, 0x0D, 0xFD, 0x31, 0xCA, 0xBC, 0x3A, 0xB1, 0x71, 0xFE,
    0xEC, 0x38, 0xD1, 0x74, 0x3D, 0x73, 0xA2, 0x48, 0xE3, 0x2A, 0x45, 0x47, 0xBF, 0xC6, 0x3B, 0x79,
    0x05, 0x00, 0x56, 0x80, 0xF7, 0x84, 0xB3, 0x30, 0x2C, 0xDF, 0x42, 0xE8, 0x0D, 0x2C, 0x19, 0x6F,
    0xE0, 0xDD, 0xBD, 0x00, 0xCE, 0x00, 0xCB, 0x7F, 0x10, 0xA0, 0x7F, 0xB0, 0x16, 0x53, 0xC0, 0xD6,
    0x47, 0x17, 0x41, 0x30, 0x70, 0x58, 0xC2, 0xB7, 0xF1, 0x08, 0x39, 0x85, 0xA3, 0x5D, 0x41, 0xD1,
    0x44, 0x3B, 0x5E, 0x9E, 0x0C, 0x04, 0x6E, 0x2B, 0x0D, 0xD6, 0xFC, 0x45, 0x24, 0xDF, 0xD6, 0x5A,
    0xB1, 0x3A, 0x7F, 0x24, 0xDA, 0xEF, 0x26, 0x00, 0x2C, 0x01, 0x07, 0x18, 0x3B, 0x02, 0xC0, 0xEB,
    0xE1, 0x2C, 0x08, 0x2C, 0xC1, 0x59, 0x4A, 0xB0, 0x06, 0xFC, 0xF2, 0x43, 0xC5, 0x9A, 0xA2, 0xC1,
    0xBA, 0x0B, 0x17, 0x8D, 0x27, 0x41, 0x80, 0xE7, 0x98, 0x28, 0x00, 0x7D, 0x09, 0x96, 0xB5, 0x22,
    0x7B, 0xC6, 0xC4, 0x36, 0x94, 0x8B, 0xC6, 0xBA, 0x05, 0xD1, 0x80, 0x09, 0x4B, 0x1C, 0x06, 0x00,
    0x9D, 0xDE, 0x15, 0xF4, 0x20, 0x0A, 0x17, 0x5C, 0x96, 0x17, 0x3E, 0x88, 0xA0, 0xBC, 0x8B, 0x4E,
    0x28, 0x58, 0x71, 0x4E, 0x09, 0x61, 0xFA, 0x93, 0x14, 0x01, 0x9D, 0x76, 0x96, 0x67, 0xDD, 0x95,
    0x42, 0xB0, 0xE3, 0x4F, 0x02, 0xF8, 0xAA, 0x7B, 0xDC, 0x87, 0x69, 0x6D, 0x7E, 0x6B, 0x80, 0xFA,
    0x93, 0x08, 0x9E, 0x65, 0x67, 0x6D, 0x7E, 0xEE, 0x49, 0x61, 0x0A, 0xA8, 0x82, 0x10, 0x78, 0x02,
    0xD0, 0x5D, 0x74, 0x77, 0x0A, 0x97, 0x30, 0x09, 0x4A, 0x30, 0xB4, 0x96, 0xFA, 0x44, 0xB1, 0x96,
    0xAD, 0xD7, 0x75, 0x5D, 0x73, 0xAC, 0xEE, 0x02, 0xEC, 0x98, 0x17, 0xC8, 0x1D, 0xC7, 0xA4, 0x8F,
    0x27, 0xBC, 0x3B, 0x89, 0x8C, 0x75, 0x48, 0x29, 0x3C, 0x11, 0xF6, 0x2E, 0xD6, 0x22, 0x03, 0x5F,
    0xAB, 0x79, 0x9F, 0x13, 0xFA, 0x98, 0x78, 0xF7, 0x86, 0xC2, 0xA1, 0x27, 0x62, 0xC2, 0xD3, 0xC1,
    0x36, 0xC8, 0x81, 0x37, 0xE8, 0x53, 0xA2, 0xEE, 0x44, 0x07, 0xE0, 0xF2, 0xB7, 0xB6, 0x21, 0xD7,
    0x00, 0x04, 0x0E, 0xBD, 0x86, 0xEF, 0x4E, 0xC0, 0x72, 0x93, 0x77, 0xE1, 0xE7, 0x62, 0xFD, 0x6C,
    0x7D, 0xCC, 0xB9, 0x40, 0xD0, 0x39, 0x23, 0x15, 0x9E, 0xC2, 0x6E, 0xAA, 0xF0, 0x6D, 0x99, 0xA0,
    0xE7, 0x3A, 0xDB, 0xBA, 0x6F, 0x4F, 0x5D, 0xDD, 0xAD, 0x29, 0x01, 0xEF, 0xA9, 0xBB, 0x73, 0x4A,
    0xC0, 0x67, 0xEA, 0xEE, 0x9A, 0xA2, 0x8B, 0x4D, 0x00, 0x2D, 0xBC, 0x9B, 0x58, 0x5E, 0xA6, 0x04,
    0x9A, 0xBA, 0xFE, 0xFC, 0xFF, 0x7E, 0x1F, 0xF8, 0xF4, 0x0B, 0x2D, 0xAE, 0xCE, 0x4B, 0x4F, 0xF5,
    0x6D, 0xE9, 0xA0, 0x01, 0x5D, 0x10, 0xFA, 0x11, 0xFF, 0x0C, 0x76, 0x3D, 0xD3, 0x3B, 0x0E, 0xBB,
    0x1E, 0xF7, 0xFD, 0x3C, 0x9F, 0x38, 0x30, 0x00, 0x2D, 0x15, 0x10, 0x7A, 0xD4, 0x2F, 0x96, 0x6B,
    0xE8, 0xA5, 0x00, 0xBC, 0xF0, 0x2C, 0xEC, 0x2C, 0xE8, 0x84, 0x78, 0xEE, 0xDF, 0xE0, 0xD6, 0xB1,
    0xEF, 0xE1, 0x5C, 0x04, 0x40, 0x27, 0x5B, 0x8C, 0x2D, 0x0F, 0x00, 0x78, 0x0B, 0xBA, 0x1B, 0x2B,
    0x22, 0x3D, 0x31, 0x05, 0xA0, 0x01, 0xD4, 0xED, 0xB3, 0x82, 0x77, 0x2D, 0xC0, 0xD8, 0x50, 0x13,
    0x63, 0x22, 0x80, 0x9A, 0x18, 0x9E, 0x58, 0x59, 0xE1, 0x45, 0x77, 0x0D, 0xBC, 0x73, 0x10, 0x40,
    0xE7, 0xE6, 0x61, 0xB7, 0xB0, 0x1D, 0x8A, 0xCE, 0x19, 0x19, 0x39, 0xF0, 0x2F, 0x1C, 0x8A, 0x7C,
    0x5B, 0xD6, 0xFB, 0xB8, 0x1D, 0x8A, 0x58, 0x71, 0xB7, 0xF9, 0x04, 0xDE, 0x05, 0x9D, 0xFB, 0x95,
    0x9E, 0xC0, 0x5A, 0x40, 0xE7, 0x5F, 0x44, 0xBE, 0x3E, 0xF2, 0x3C, 0x35, 0x32, 0x83, 0x1D, 0xFC,
    0x45, 0x5A, 0x1C, 0x96, 0x9E, 0x9B, 0xF4, 0x77, 0x53, 0x01, 0x80, 0xE5, 0x05, 0xD8, 0x61, 0x13,
    0xBE, 0x34, 0x80, 0x97, 0xA5, 0xB1, 0xEB, 0xC9, 0x5B, 0x23, 0x21, 0x04, 0x55, 0x6B, 0x3B, 0x80,
    0x60, 0x7C, 0xA6, 0xFF, 0x8E, 0x38, 0x82, 0xF1, 0x55, 0x99, 0xC0, 0x0B, 0x22, 0xA0, 0x3C, 0x01,
    0xF0, 0xF7, 0xE4, 0x3D, 0x95, 0x2E, 0x93, 0x27, 0xAF, 0xE2, 0xEB, 0xB2, 0x04, 0x71, 0x83, 0x80,
    0xE8, 0x39, 0xE5, 0x96, 0x21, 0x2D, 0xE1, 0x65, 0xCD, 0xB7, 0xEE, 0xDE, 0x99, 0xF0, 0x18, 0x07,
    0x6C, 0xEA, 0x4E, 0x3A, 0x72, 0xFF, 0x79, 0x44, 0x31, 0xA2, 0x89, 0x8C, 0x0C, 0x6C, 0xD3, 0xF8,
    0x86, 0xC2, 0xB2, 0x3B, 0x15, 0x00, 0x96, 0x8F, 0xD6, 0x23, 0xA3, 0x75, 0x75, 0x81, 0x7F, 0xA3,
    0x7D, 0x6D, 0x0D, 0x59, 0x0E, 0x27, 0x1A, 0xAF, 0x1F, 0x09, 0xF9, 0xF8, 0x80, 0x5F, 0x6F, 0xCE,
    0x40, 0x88, 0x22, 0xF4, 0x3A, 0x07, 0x00, 0xBE, 0xB3, 0x9E, 0x24, 0xF4, 0xB5, 0x09, 0x2C, 0x7F,
    0x08, 0x7E, 0x0D, 0x4F, 0x59, 0x06, 0xB2, 0x6E, 0x44, 0x08, 0xF9, 0x6C, 0x00, 0x20, 0xFF, 0xB8,
    0xB1, 0x9A, 0xB5, 0x15, 0xB7, 0xFE, 0xEB, 0x33, 0xEE, 0x96, 0x2E, 0x54, 0x0C, 0x13, 0xD1, 0xC2,
    0x1A, 0x4C, 0x78, 0x11, 0x41, 0x79, 0x3E, 0xB8, 0xEF, 0x74, 0xD2, 0x20, 0x88, 0x37, 0x37, 0x7F,
    0x29, 0x02, 0x51, 0xC8, 0x84, 0x3C, 0x51, 0x80, 0x1A, 0xCE, 0x27, 0xE8, 0x53, 0xD2, 0x26, 0x34,
    0x45, 0x21, 0x62, 0xC9, 0x53, 0xD8, 0xDB, 0x9B, 0xCF, 0x00, 0xC0, 0x72, 0x17, 0x2C, 0x59, 0x82,
    0x83, 0x6E, 0x54, 0xC9, 0x24, 0x4F, 0x05, 0x2A, 0xCE, 0xA2, 0x8B, 0x1E, 0x28, 0x90, 0xE7, 0x2C,
    0xD3, 0x2C, 0x6A, 0xAB, 0x00, 0x18, 0xAB, 0x38, 0x6C, 0x35, 0x40, 0xDF, 0x1E, 0xE7, 0xEA, 0xD1,
    0x8E, 0x1E, 0xA8, 0xDE, 0x26, 0x5F, 0x7B, 0x3B, 0xE8, 0x5B, 0xED, 0xD1, 0xCF, 0x7D, 0x77, 0x83,
    0xDC, 0x9C, 0x18, 0x63, 0x1C, 0x0E, 0x43, 0x1A, 0xAC, 0x3A, 0x6C, 0x35, 0x90, 0xBE, 0xF7, 0xB9,
    0x6B, 0xC0, 0x17, 0xBD, 0x48, 0xE7, 0xFC, 0x34, 0xE5, 0x57, 0xE4, 0xBB, 0x3E, 0xBF, 0x37, 0xD8,
    0xA4, 0xF7, 0x9A, 0x6F, 0x8D, 0xB7, 0xCD, 0x92, 0xCF, 0x75, 0x4A, 0xAC, 0xC1, 0x0A, 0x2C, 0xC1,
    0x13, 0x22, 0xE1, 0xBC, 0x64, 0x6F, 0xD5, 0x5D, 0x53, 0xCE, 0x55, 0x93, 0xA7, 0x13, 0x34, 0x7E,
    0xDD, 0x80, 0xE2, 0xFA, 0xA9, 0x2A, 0x00, 0x05, 0x96, 0xBD, 0xE3, 0x9C, 0x58, 0x1E, 0x35, 0xFF,
    0x35, 0xA1, 0x9A, 0x88, 0x1D, 0x9E, 0x96, 0x32, 0xFD, 0x07, 0x6A, 0x22, 0x76, 0xF8, 0x31, 0x85,
    0x9D, 0x17, 0x60, 0x43, 0x4C, 0xF8, 0x2B, 0xB8, 0xDC, 0xF9, 0xD5, 0x3A, 0x77, 0x35, 0x51, 0x78,
    0xE1, 0xFA, 0xAC, 0x7E, 0xD9, 0x2C, 0x00, 0x8C, 0x4B, 0x1C, 0x76, 0x0C, 0x00, 0x7D, 0x3F, 0x05,
    0x80, 0xAF, 0xC2, 0xB6, 0x72, 0x18, 0x98, 0x02, 0xA8, 0x02, 0x42, 0x80, 0xE7, 0x9F, 0xFC, 0x8D,
    0x2E, 0x9E, 0x18, 0x7E, 0x3F, 0xDD, 0x27, 0x9B, 0x6B, 0x44, 0xC1, 0x88, 0x86, 0x48, 0x4F, 0x02,
    0x5B, 0x18, 0x77, 0x41, 0xDE, 0xA9, 0x6E, 0x49, 0xA6, 0x86, 0x2A, 0x18, 0x53, 0x7A, 0x50, 0x5C,
    0x0B, 0x0A, 0x62, 0x4A, 0xDF, 0xFF, 0x7B, 0xBF, 0x29, 0x6B, 0xAC, 0xB0, 0x16, 0x13, 0x1F, 0xDF,
    0x1A, 0xD6, 0x00, 0xC6, 0xBF, 0xFD, 0xE1, 0x0B, 0x28, 0x20, 0xFE, 0xDD, 0x49, 0x6D, 0x43, 0x6D,
    0x83, 0xD2, 0xDD, 0xE0, 0x2D, 0x3E, 0x7A, 0x9C, 0x57, 0x98, 0x04, 0x37, 0x55, 0x98, 0xAE, 0x1E,
    0x67, 0xDC, 0xBA, 0xB7, 0xFF, 0x8B, 0x48, 0x37, 0x9E, 0xF4, 0x3D, 0x1E, 0x0D, 0xAD, 0x68, 0xB8,
    0x25, 0x1C, 0x0E, 0xFC, 0x45, 0x34, 0x86, 0xC3, 0x66, 0x4E, 0x98, 0xF1, 0x33, 0xD1, 0xA2, 0xBB,
    0x5B, 0xD6, 0x5B, 0xE7, 0xE2, 0x0C, 0x04, 0x18, 0x30, 0xC0, 0xF7, 0x8E, 0x02, 0x07, 0xC4, 0x75,
    0xD7, 0xAD, 0xBD, 0xBB, 0xBD, 0xC8, 0xBE, 0xFA, 0xF5, 0x98, 0x01, 0x0E, 0x78, 0xDA, 0x09, 0xF0,
    0xEE, 0x8E, 0x16, 0xAF, 0x5E, 0x98, 0xAE, 0x12, 0xEF, 0xF2, 0x16, 0x91, 0x11, 0x14, 0x03, 0x2F,
    0x82, 0xC2, 0x13, 0x47, 0x58, 0x62, 0xF9, 0xAF, 0xEB, 0xEE, 0xBD, 0x83, 0x04, 0x56, 0x57, 0x58,
    0xE2, 0x0C, 0xAC, 0x88, 0xD9, 0x9A, 0xC2, 0xBB, 0xA2, 0x8B, 0xF5, 0x41, 0xEF, 0x9E, 0x16, 0xE7,
    0x68, 0x13, 0x85, 0xB0, 0x09, 0x62, 0x87, 0x5F, 0x62, 0x20, 0xA8, 0x7D, 0x0D, 0x21, 0xA8, 0x1D,
    0xE3, 0x43, 0xF8, 0x86, 0xA4, 0x90, 0xA5, 0x03, 0xAA, 0x73, 0x35, 0x45, 0xA1, 0x5B, 0xED, 0xB7,
    0x7D, 0x01, 0x80, 0x2E, 0xF1, 0xB2, 0x43, 0x80, 0xE5, 0xE7, 0xAE, 0x61, 0x6C, 0xED, 0xC0, 0x81,
    0x81, 0xDE, 0x3F, 0xD3, 0xFD, 0x6E, 0xBC, 0xF2, 0x8C, 0xC0, 0x0B, 0x13, 0xC0, 0x08, 0x46, 0x13,
    0x49, 0x40, 0xC0, 0xF8, 0xAC, 0x3E, 0x7A, 0x57, 0x9C, 0xEB, 0x0D, 0x5F, 0xD2, 0x04, 0x04, 0x03,
    0x7C, 0x07, 0x04, 0x7B, 0xF6, 0x16, 0x58, 0x9F, 0x37, 0x16, 0xE0, 0x0D, 0x10, 0x09, 0x78, 0x5E,
    0xBC, 0xE6, 0xB3, 0xFD, 0x35, 0xDF, 0x7A, 0x8D, 0x4E, 0xB7, 0xC0, 0x13, 0x87, 0x01, 0x02, 0xB0,
    0xCE, 0xE8, 0x2A, 0x4A, 0x0C, 0x41, 0x41, 0x14, 0xDE, 0xA2, 0x0B, 0x9A, 0xFD, 0x52, 0x8A, 0x88,
    0x2E, 0xBB, 0xF9, 0xAE, 0xF8, 0x4F, 0x52, 0x14, 0xD6, 0xD3, 0x41, 0x98, 0xEE, 0x48, 0xF1, 0xCB,
    0x66, 0x79, 0xD9, 0x47, 0xB4, 0x5C, 0xF0, 0x09, 0xEB, 0x3B, 0xBC, 0x1F, 0xC0, 0x13, 0x04, 0xB2,
    0xD4, 0x27, 0xEF, 0x8E, 0x7F, 0x31, 0x66, 0x98, 0xFC, 0x94, 0xD6, 0x50, 0xF0, 0xFD, 0x5C, 0xBD,
    0x26, 0x2C, 0xF9, 0x51, 0x31, 0x55, 0x80, 0xBF, 0x6A, 0x38, 0x78, 0xE1, 0x7B, 0x6B, 0xB5, 0x0E,
    0x1C, 0xF0, 0x5B, 0x4D, 0x56, 0x86, 0x89, 0xC1, 0xD0, 0x08, 0x51, 0x9E, 0x44, 0x80, 0x17, 0x98,
    0x00, 0x78, 0x9E, 0x73, 0xF9, 0xAA, 0x97, 0xAD, 0xD4, 0xCA, 0x16, 0x07, 0x66, 0xF9, 0xC7, 0x25,
    0xAC, 0x3E, 0x74, 0xE6, 0xA7, 0x93, 0xBC, 0x5B, 0x77, 0x38, 0xBB, 0xB1, 0xED, 0xFE, 0xA7, 0xD6,
    0xAD, 0x6D, 0x47, 0x39, 0xB6, 0x19, 0x28, 0x00, 0x04, 0xE3, 0x27, 0x34, 0x40, 0x91, 0x3E, 0x13,
    0x24, 0x5D, 0x98, 0x86, 0x77, 0xB9, 0x09, 0x10, 0xFE, 0x59, 0x85, 0x88, 0xA2, 0xA3, 0x4F, 0xDE,
    0x4E, 0x17, 0xF4, 0x93, 0xFD, 0xB5, 0xAC, 0xEF, 0x31, 0x77, 0x75, 0xB1, 0xFA, 0x54, 0x93, 0xCE,
    0xB0, 0xDC, 0x7C, 0x76, 0xDE, 0x61, 0x15, 0x4F, 0x18, 0x82, 0x97, 0x97, 0xD7, 0xDE, 0xF3, 0xA9,
    0x76, 0x09, 0x38, 0x27, 0x99, 0x93, 0xC1, 0x3D, 0x8E, 0x2F, 0x2F, 0x97, 0x9F, 0xEB, 0x56, 0xC3,
    0x52, 0x6E, 0x79, 0x38, 0xDC, 0x63, 0xF5, 0x69, 0xB6, 0xDE, 0xF9, 0x6A, 0x9B, 0xF0, 0xEF, 0x69,
    0xFF, 0xCA, 0xDC, 0x09, 0x6F, 0x07, 0x06, 0x6B, 0xEC, 0x25, 0x01, 0xFB, 0x45, 0x34, 0x58, 0x03,
    0xEB, 0xB4, 0xF5, 0xF6, 0x3A, 0x02, 0x84, 0x15, 0x68, 0xEF, 0xDC, 0xD9, 0xBB, 0x31, 0x3B, 0xCB,
    0xBD, 0x1B, 0xEB, 0xF1, 0xFD, 0xC4, 0x75, 0x27, 0xE4, 0x58, 0x0A, 0x8D, 0xAB, 0x8E, 0x73, 0x32,
    0xF4, 0x4E, 0x17, 0xE0, 0x79, 0xDD, 0x39, 0x38, 0xEF, 0xBF, 0x8F, 0x17, 0x03, 0xDF, 0x30, 0x18,
    0x8C, 0x41, 0x2F, 0xB8, 0x1D, 0x53, 0xFF, 0x60, 0xC7, 0xE3, 0x31, 0xED, 0xC4, 0xF9, 0x15, 0x9C,
    0x68, 0x68, 0x02, 0x6A, 0x62, 0x30, 0x16, 0xDE, 0xBB, 0xCC, 0x2A, 0x30, 0xC5, 0xE5, 0x77, 0xB8,
    0x4C, 0xD4, 0x2B, 0x28, 0x13, 0x84, 0xE7, 0x82, 0x37, 0x60, 0x05, 0xA0, 0xBB, 0x70, 0xE3, 0xC5,
    0xBF, 0xB0, 0x14, 0xCE, 0xD4, 0xD8, 0x9B, 0xF0, 0x25, 0x3B, 0xE6, 0xAB, 0x4E, 0x40, 0x2F, 0x8D,
    0x25, 0xBD, 0xCA, 0x72, 0x17, 0x3D, 0x05, 0xE0, 0x96, 0x6F, 0x01, 0xFC, 0x49, 0x64, 0xE2, 0x72,
    0xDF, 0x05, 0xA2, 0xBB, 0xA7, 0xF6, 0x5F, 0x62, 0x9A, 0xDA, 0xF7, 0x10, 0x6A, 0xEA, 0x72, 0x56,
    0x5C, 0xCC, 0xDA, 0x67, 0x0B, 0xE8, 0x35, 0x5D, 0x3E, 0xDF, 0xDC, 0x66, 0x57, 0x43, 0xB0, 0x85,
    0x9B, 0xE5, 0xB9, 0xFF, 0xE4, 0xB9, 0x15, 0x14, 0x6B, 0x00, 0x10, 0x4B, 0xCF, 0xB5, 0x39, 0x60,
    0xDC, 0xE9, 0xF1, 0xF2, 0x7A, 0xE9, 0xB9, 0x3E, 0x2F, 0x1E, 0x45, 0xDE, 0x61, 0x15, 0x00, 0x64,
    0xCC, 0x16, 0x93, 0x7B, 0x03, 0xF8, 0x3F, 0xD5, 0x99, 0xDB, 0x6A, 0xF4, 0xBE, 0x0E, 0xC5, 0x7F,
    0xA0, 0xDB, 0x01, 0xBD, 0x4A, 0xA0, 0xB7, 0x02, 0xBD, 0xBA, 0xA0, 0x97, 0xFB, 0xD0, 0x57, 0x11,
    0xCC, 0xAD, 0x41, 0x7B, 0x2C, 0x12, 0x33, 0x0D, 0x3D, 0x7C, 0x5F, 0x8F, 0xFB, 0x2F, 0x79, 0x2D,
    0x97, 0xB1, 0xA2, 0x78, 0x39, 0x27, 0x25, 0x05, 0x90, 0x40, 0x2B, 0x6F, 0x5C, 0x55, 0x8A, 0x0C,
    0x3C, 0xD1, 0x40, 0x12, 0x07, 0x06, 0x06, 0x18, 0x03, 0x70, 0x12, 0xD0, 0xBF, 0xE0, 0xDE, 0x6A,
    0xCF, 0xD0, 0xD9, 0xE8, 0xCC, 0xBD, 0x97, 0x80, 0xAA, 0x02, 0xB4, 0x12, 0x00, 0x6B, 0x54, 0xA6,
    0x56, 0xE1, 0x68, 0x18, 0x12, 0x03, 0xC9, 0x84, 0x17, 0x31, 0xC7, 0x66, 0xCC, 0x8C, 0xD5, 0x2A,
    0xE8, 0x44, 0x3D, 0x88, 0x4D, 0xF2, 0x48, 0x30, 0x0E, 0xBA, 0x2C, 0xB2, 0x8F, 0x92, 0x41, 0xE2,
    0xA1, 0x89, 0x56, 0x05, 0xD4, 0x60, 0x4D, 0x3D, 0xD1, 0x4C, 0x94, 0x05, 0x64, 0x87, 0xBE, 0x8A,
    0x81, 0xE3, 0xF5, 0x84, 0x96, 0xC2, 0x03, 0x17, 0x00, 0xF3, 0x07, 0x69, 0xBF, 0xDC, 0x7C, 0x9B,
    0x6E, 0x0E, 0x6D, 0x1D, 0x63, 0x37, 0x7A, 0xF0, 0x15, 0x71, 0x1A, 0x97, 0x8B, 0x20, 0xE8, 0xB3,
    0x71, 0x75, 0xEE, 0x6C, 0xF3, 0x4D, 0xEE, 0xFC, 0x71, 0x7B, 0x74, 0x63, 0x19, 0xF3, 0x37, 0x36,
    0xBD, 0x8F, 0xF1, 0xC7, 0x5E, 0xB6, 0x36, 0x93, 0x8B, 0x5C, 0xB8, 0xE8, 0x8D, 0x97, 0x57, 0x8F,
    0xAF, 0xFC, 0x4F, 0x33, 0xA7, 0xDD, 0xFC, 0xE1, 0xE6, 0xDB, 0xF5, 0xE6, 0xFF, 0x66, 0x19, 0x73,
    0x8F, 0x61, 0x4F, 0x3D, 0xDE, 0x3E, 0xA3, 0x65, 0x6D, 0x8F, 0x20, 0xF0, 0xA0, 0xD6, 0xBF, 0x4F,
    0x5F, 0xE3, 0x2E, 0x09, 0xFA, 0x14, 0x20, 0x05, 0x30, 0x56, 0xCA, 0x01, 0x68, 0x4D, 0xD2, 0x83,
    0x4C, 0xE2, 0x9E, 0x92, 0xBC, 0x23, 0x09, 0xEC, 0x8E, 0xB4, 0xAA, 0x76, 0x02, 0xC5, 0x40, 0x62,
    0x51, 0x24, 0x90, 0x8B, 0x52, 0x63, 0x20, 0xD7, 0x84, 0x0A, 0x70, 0xDA, 0xA4, 0x12, 0xAF, 0x3E,
    0x98, 0x18, 0x0A, 0x07, 0xB4, 0xF3, 0xE2, 0xA9, 0x0C, 0x94, 0x5C, 0x70, 0x06, 0x85, 0x97, 0xA2,
    0x43, 0xE3, 0xD6, 0xDC, 0xD1, 0x81, 0x24, 0x80, 0xC4, 0x67, 0xDB, 0x27, 0x13, 0xA2, 0x31, 0x68,
    0x95, 0x2D, 0x73, 0xE9, 0x04, 0xAD, 0x84, 0xAA, 0xA2, 0x2F, 0xE1, 0xBE, 0x9A, 0x1D, 0x18, 0x06,
    0xD8, 0x00, 0x3C, 0x01, 0xFD, 0x03, 0xEA, 0xE0, 0xDE, 0xAC, 0x13, 0x74, 0xAA, 0x4E, 0xDA, 0xE9,
    0x7B, 0x47, 0x9D, 0x7B, 0x8C, 0x4E, 0x8A, 0x06, 0x6D, 0x95, 0x7C, 0xE6, 0x06, 0xF1, 0x52, 0xCE,
    0x04, 0xFB, 0x0A, 0x18, 0xA4, 0x87, 0xA6, 0x56, 0x05, 0x35, 0xD0, 0x18, 0x73, 0x0D, 0x2B, 0x70,
    0x80, 0x44, 0xDF, 0x6B, 0x9E, 0xF8, 0xA0, 0xBC, 0x9E, 0xB4, 0x94, 0x1A, 0x34, 0x00, 0xD2, 0x16,
    0x80, 0x6F, 0x9D, 0xB6, 0x54, 0xDE, 0x1A, 0x20, 0x91, 0xDD, 0x12, 0x3E, 0x34, 0x7F, 0x06, 0x90,
    0x20, 0x01, 0xCA, 0x8F, 0xEB, 0x40, 0x12, 0x09, 0x14, 0x8C, 0xCF, 0xAB, 0x39, 0x9F, 0x38, 0x3F,
    0xAC, 0xE6, 0x7C, 0x32, 0x7D, 0x52, 0x0D, 0x03, 0x30, 0x40, 0x01, 0xF9, 0x79, 0x35, 0x92, 0x74,
    0x6E, 0xD0, 0x2F, 0x50, 0x73, 0xBA, 0x29, 0x34, 0x80, 0x9C, 0xA8, 0xAA, 0x46, 0x42, 0xA3, 0xC7,
    0xCF, 0x55, 0x83, 0x56, 0xEC, 0xD4, 0xA6, 0x12, 0xF7, 0x04, 0xBF, 0xF2, 0xA4, 0x91, 0x4A, 0x26,
    0xA0, 0x07, 0x17, 0xE0, 0x6B, 0x9E, 0x3A, 0x67, 0xD5, 0x24, 0x8B, 0x7E, 0x45, 0xF0, 0xB3, 0x1B,
    0x9E, 0x2E, 0x7C, 0x8D, 0xD8, 0xCE, 0xC0, 0xEA, 0x76, 0xAB, 0x9B, 0xE5, 0xD1, 0x49, 0x5C, 0x60,
    0x9F, 0xDC, 0xEA, 0x94, 0xFB, 0xCE, 0x4E, 0x9D, 0x57, 0x05, 0x89, 0x76, 0x87, 0xF5, 0x66, 0x74,
    0x57, 0x35, 0x56, 0x87, 0x82, 0x9D, 0xBA, 0xC6, 0x5D, 0x97, 0xE0, 0x55, 0x63, 0xEF, 0x60, 0xA2,
    0x99, 0xB5, 0x00, 0x5A, 0x78, 0x8D, 0xAA, 0x70, 0x7C, 0x48, 0x1A, 0x1A, 0x8C, 0x63, 0x8F, 0x3E,
    0x59, 0x0B, 0x4C, 0xEA, 0xA9, 0xAA, 0xBC, 0x1E, 0x6B, 0x5F, 0x77, 0xF2, 0xE0, 0xC0, 0x9A, 0xC7,
    0xA0, 0x86, 0xA4, 0x57, 0x54, 0x45, 0xAF, 0xE0, 0x51, 0x87, 0x57, 0x15, 0x7B, 0x7D, 0xBE, 0xDE,
    0x02, 0x76, 0x65, 0x83, 0x01, 0x40, 0xBE, 0xC0, 0x5A, 0x63, 0x31, 0x58, 0xF3, 0xC6, 0x00, 0xBD,
    0x86, 0x81, 0x56, 0x38, 0x60, 0x34, 0xA3, 0x01, 0x03, 0x19, 0xE8, 0x80, 0xAA, 0xD1, 0x11, 0x61,
    0x50, 0x8F, 0xA1, 0x53, 0x5F, 0xAC, 0x87, 0x7B, 0xE4, 0xCB, 0xE8, 0x31, 0x43, 0x3A, 0x56, 0xEB,
    0x1A, 0x52, 0x8F, 0x80, 0x9B, 0xE1, 0xA3, 0x7F, 0xC7, 0x7B, 0x3E, 0xD4, 0x07, 0xEA, 0x99, 0x6C,
    0xBD, 0x03, 0x20, 0xCF, 0xA4, 0x35, 0x76, 0x02, 0x6B, 0x1A, 0x93, 0x6C, 0x95, 0x32, 0xAD, 0x71,
    0xA6, 0x1A, 0xAD, 0xB0, 0x05, 0xB6, 0xBE, 0x97, 0x4A, 0x47, 0x5A, 0xF2, 0x35, 0xFC, 0xE6, 0xD6,
    0xF3, 0xD4, 0x37, 0x24, 0x6B, 0xC7, 0xCC, 0x58, 0xAD, 0xC7, 0x29, 0x39, 0xFA, 0x3C, 0x6D, 0xE8,
    0xBD, 0xE4, 0xD7, 0xEA, 0x1C, 0x4F, 0x18, 0x89, 0x64, 0xF6, 0x7E, 0x9C, 0x64, 0x90, 0x92, 0xA4,
    0x06, 0xE9, 0x90, 0x05, 0xD7, 0x27, 0xA8, 0xA7, 0xA0, 0x24, 0x7B, 0xAC, 0x63, 0xF0, 0x1D, 0x3D,
    0xBF, 0x6C, 0x74, 0x2E, 0x7C, 0x68, 0xE0, 0x0E, 0x3A, 0x40, 0x92, 0x36, 0x7D, 0x15, 0x1A, 0x8A,
    0xA3, 0x0C, 0x54, 0x12, 0xD5, 0x40, 0x1D, 0xB4, 0x02, 0xBD, 0x06, 0xFD, 0x1B, 0x63, 0x87, 0xEF,
    0xD0, 0x68, 0x20, 0xF9, 0xB3, 0x15, 0x28, 0x48, 0x00, 0x0A, 0x60, 0x8B, 0x9C, 0xDE, 0xFC, 0xD3,
    0xB5, 0xE8, 0x2A, 0x8C, 0x6C, 0x87, 0xEF, 0x79, 0xA5, 0xB2, 0x89, 0xB6, 0xFF, 0x2F, 0xC9, 0x3B,
    0xE0, 0xDB, 0xE4, 0x5F, 0x36, 0x09, 0x00, 0x1F, 0x6C, 0x84, 0x20, 0xC9, 0x65, 0xFA, 0x66, 0x9A,
    0xB4, 0xB1, 0x62, 0xF4, 0x1C, 0x73, 0xD1, 0xFC, 0xC2, 0xB7, 0xA9, 0x0A, 0x8A, 0xB6, 0x77, 0xDF,
    0xCC, 0x81, 0x37, 0xDF, 0xCC, 0x11, 0x5E, 0x7F, 0x33, 0x97, 0xF3, 0xBA, 0xFF, 0xC6, 0xED, 0x09,
    0x39, 0x1D, 0x93, 0x6F, 0xBC, 0x3D, 0x1D, 0xB6, 0x45, 0xFB, 0xBF, 0xFD, 0xDF, 0xDB, 0xE1, 0x1B,
    0x77, 0xF6, 0x90, 0x76, 0xD9, 0xA6, 0x6F, 0x5B, 0x3C, 0x60, 0x6C, 0xED, 0x80, 0xC3, 0xAA, 0x1D,
    0x97, 0x7A, 0x60, 0x80, 0x44, 0x2D, 0xBA, 0xC6, 0x8D, 0x1E, 0x73, 0xFE, 0x35, 0x29, 0xC7, 0x24,
    0x5F, 0xA4, 0x71, 0x23, 0xC9, 0x83, 0x18, 0x93, 0x7C, 0x91, 0x3E, 0x46, 0x22, 0xD7, 0x83, 0x68,
    0xF2, 0x49, 0xDA, 0x14, 0xA7, 0x32, 0x36, 0x2B, 0xAF, 0x35, 0x0A, 0xEF, 0x85, 0xD5, 0x7C, 0xAF,
    0x81, 0x3E, 0x3F, 0xE6, 0x09, 0x4B, 0x07, 0xC8, 0xD3, 0x24, 0xE9, 0xBF, 0x7E, 0xEF, 0x83, 0xC7,
    0x8B, 0xA7, 0x85, 0x03, 0xD7, 0x80, 0x88, 0xEE, 0xF1, 0xAF, 0xAA, 0xD2, 0x90, 0x64, 0x1D, 0x55,
    0xD0, 0x66, 0x8C, 0x7F, 0x44, 0xCD, 0xB6, 0x0A, 0xA4, 0x25, 0x40, 0xF9, 0xA1, 0xFA, 0xED, 0xED,
    0x9B, 0x88, 0x52, 0x55, 0x26, 0x03, 0x4F, 0x0D, 0x58, 0x8F, 0x0F, 0xB5, 0x01, 0xE6, 0x09, 0xA9,
    0x89, 0x84, 0x26, 0x8A, 0x26, 0xB6, 0x28, 0xD1, 0x94, 0x40, 0x53, 0x41, 0x87, 0x81, 0x5B, 0xAE,
    0xC7, 0x07, 0x48, 0xEA, 0xC0, 0xC3, 0xAA, 0x8A, 0xD4, 0x4A, 0x5E, 0xBE, 0x89, 0x64, 0x6A, 0xCB,
    0x96, 0xFD, 0x41, 0xE1, 0x99, 0x64, 0xA6, 0x44, 0xA6, 0x92, 0x0D, 0x23, 0x33, 0xC9, 0x0A, 0xC9,
    0x75, 0xC3, 0xA8, 0x22, 0x2B, 0x21, 0x0D, 0x30, 0x05, 0xB4, 0xF5, 0x45, 0xFC, 0xC6, 0x85, 0x60,
    0xDA, 0xFB, 0xEF, 0x01, 0xB6, 0xED, 0x6B, 0x4E, 0x78, 0xA9, 0x56, 0x10, 0xBB, 0x34, 0x23, 0x7F,
    0x43, 0x1A, 0x15, 0x48, 0x65, 0x0F, 0x28, 0xF6, 0x25, 0xD2, 0x5E, 0x5A, 0xAE, 0xBB, 0x97, 0x71,
    0x5E, 0x46, 0xC7, 0xC4, 0xC4, 0xFA, 0xED, 0xED, 0xD8, 0x31, 0xB1, 0xF6, 0x93, 0x06, 0x97, 0xCB,
    0x4B, 0xE5, 0x49, 0x23, 0x21, 0x27, 0xCE, 0xF3, 0x78, 0xE9, 0xA3, 0xC0, 0x69, 0x4D, 0xBE, 0x75,
    0xFE, 0x78, 0x42, 0x0D, 0xE8, 0x73, 0x5F, 0xBF, 0x64, 0xFE, 0x69, 0x98, 0xA2, 0x12, 0x44, 0x00,
    0xE4, 0xE7, 0xDA, 0xA7, 0x13, 0xEA, 0xC0, 0x0B, 0x53, 0x52, 0xE2, 0x2B, 0x3E, 0x72, 0x7F, 0x36,
    0xE1, 0xBA, 0xA1, 0x1C, 0xD7, 0xC3, 0xB6, 0xFD, 0x46, 0xBD, 0x7D, 0x3E, 0x75, 0xBF, 0xA4, 0xB2,
    0xA6, 0x02, 0xA4, 0x72, 0x97, 0xA6, 0xD8, 0x6F, 0x48, 0x3B, 0x9F, 0xD5, 0x5F, 0x21, 0x6D, 0x1D,
    0xAF, 0xCE, 0xBA, 0x56, 0xAC, 0x45, 0xC5, 0xA4, 0x41, 0x22, 0x93, 0xF0, 0x45, 0xFA, 0x9C, 0x6C,
    0xD2, 0x58, 0x5B, 0x24, 0x09, 0x63, 0x91, 0xBD, 0x49, 0xDA, 0x14, 0xA7, 0x6B, 0x41, 0x35, 0xD4,
    0x43, 0x13, 0x8D, 0x6E, 0xBC, 0xD3, 0xF0, 0x04, 0x6A, 0xEC, 0x2A, 0x24, 0xF4, 0x57, 0x54, 0x9C,
    0xAE, 0x20, 0x73, 0xAC, 0xF0, 0xC0, 0xC1, 0xC1, 0xDE, 0x6B, 0xE7, 0x53, 0xF7, 0x1B, 0x3F, 0x18,
    0xEF, 0xAB, 0x2D, 0x91, 0x6C, 0xDB, 0x07, 0xBE, 0x10, 0x9F, 0x4E, 0xC5, 0x6F, 0x9D, 0x2A, 0x15,
    0x52, 0x29, 0x91, 0x8A, 0x7D, 0x68, 0xAA, 0x15, 0x5D, 0x83, 0xA2, 0x41, 0xE1, 0xE0, 0x18, 0xE8,
    0x22, 0xF0, 0xA6, 0x3C, 0xAE, 0x67, 0xA9, 0x6B, 0xF3, 0xAA, 0x18, 0xF0, 0x00, 0x34, 0x12, 0x24,
    0xC6, 0x7A, 0xE8, 0x3B, 0x68, 0x74, 0x52, 0xAD, 0x2A, 0xA8, 0x4A, 0x76, 0xB3, 0xE7, 0x74, 0x59,
    0x64, 0x00, 0x9D, 0x3D, 0xBC, 0xC6, 0x60, 0x64, 0x8B, 0x1E, 0xE0, 0xA3, 0xF7, 0xDE, 0x82, 0x39,
    0xB4, 0x0C, 0xDC, 0x6B, 0x48, 0x05, 0x80, 0x1E, 0x4D, 0xBA, 0x29, 0x18, 0xB5, 0x1B, 0x12, 0x7C,
    0x29, 0xDA, 0xF2, 0x0E, 0xDB, 0x8E, 0xEC, 0x71, 0x5D, 0x5E, 0x59, 0x79, 0xE1, 0x82, 0xBE, 0xE4,
    0x29, 0xBD, 0x5C, 0xD3, 0x09, 0x6E, 0xAC, 0x1C, 0xA6, 0x39, 0x5F, 0x44, 0xB9, 0x90, 0xBA, 0x71,
    0x69, 0xCF, 0x35, 0xCA, 0x8A, 0x39, 0x46, 0x8E, 0xFE, 0xC3, 0xFF, 0x71, 0x3C, 0x6A, 0x83, 0xBF,
    0x39, 0x15, 0xFF, 0xEA, 0x4B, 0x9C, 0xD6, 0x44, 0x68, 0x4A, 0x6A, 0xD0, 0x50, 0xFE, 0x1C, 0xFF,
    0x03, 0xB5, 0x96, 0x01, 0xC6, 0x2C, 0x49, 0x10, 0x84, 0x3F, 0x12, 0x20, 0xC8, 0xAB, 0x04, 0x03,
    0x30, 0xCC, 0xD5, 0x93, 0x06, 0x18, 0xDE, 0x55, 0xEA, 0x00, 0x4D, 0xEF, 0x3C, 0x76, 0xD7, 0xDA,
    0x55, 0x61, 0xFF, 0x66, 0x3E, 0xA0, 0x84, 0x9A, 0x9C, 0x4A, 0x11, 0x99, 0xDD, 0xB0, 0x48, 0xAC,
    0x26, 0x51, 0x23, 0x13, 0x69, 0x79, 0x11, 0x79, 0x9D, 0x44, 0xAE, 0x8B, 0x80, 0x65, 0x75, 0xA8,
    0x50, 0x53, 0x43, 0xE0, 0xF9, 0x21, 0xBF, 0x0F, 0x33, 0xCC, 0x5E, 0x97, 0xF7, 0x15, 0xBA, 0x6D,
    0x22, 0x56, 0xBA, 0x0F, 0x0C, 0x43, 0xD0, 0x65, 0x59, 0x66, 0xC3, 0x5A, 0x12, 0x81, 0x9A, 0xC7,
    0x3B, 0xF7, 0xAF, 0x97, 0x65, 0xB1, 0x67, 0x8A, 0x9A, 0x54, 0x81, 0x29, 0x92, 0x5E, 0x30, 0xEC,
    0x69, 0x0A, 0xF1, 0x63, 0x0A, 0x06, 0xE7, 0xFF, 0x2D, 0x02, 0xD3, 0xB1, 0xEF, 0x45, 0xAD, 0x02,
    0xEA, 0x44, 0x88, 0x84, 0x79, 0x23, 0xCC, 0xF0, 0x03, 0x6A, 0x44, 0xE5, 0xFA, 0x74, 0xD0, 0x7B,
    0x8A, 0xD8, 0x77, 0x7A, 0x8A, 0x4C, 0xF0, 0x85, 0x50, 0x89, 0x15, 0x5D, 0x7B, 0xF0, 0x84, 0x6F,
    0x26, 0xF3, 0xBE, 0xEF, 0x8A, 0x1A, 0xDC, 0x93, 0x73, 0x47, 0xAA, 0x4F, 0x51, 0xE4, 0xB9, 0x96,
    0x72, 0x73, 0xE8, 0xD0, 0x73, 0xDD, 0x9F, 0x0B, 0x35, 0xB2, 0x95, 0xEE, 0xDF, 0xC8, 0xF5, 0x17,
    0x26, 0x77, 0xD2, 0xAE, 0xEB, 0xA7, 0x35, 0x7B, 0xDD, 0xAF, 0x88, 0x99, 0x42, 0x98, 0x7F, 0x21,
    0x84, 0x31, 0xC3, 0x14, 0xF5, 0xF7, 0x31, 0x51, 0x83, 0x71, 0x0D, 0x01, 0x2B, 0xF5, 0xA7, 0x97,
    0x9C, 0x5E, 0xF3, 0x5C, 0x87, 0x8A, 0xE7, 0xB3, 0x26, 0xA5, 0x80, 0x29, 0x0A, 0xA6, 0x72, 0x97,
    0x03, 0x46, 0x14, 0x81, 0x3C, 0xB9, 0x68, 0x7B, 0x80, 0xFB, 0x39, 0xE4, 0x61, 0x9B, 0x40, 0x48,
    0xDF, 0x82, 0x9C, 0xB2, 0xEC, 0xDD, 0xEC, 0x5F, 0x59, 0x86, 0xFC, 0x32, 0xA6, 0xDF, 0x8F, 0x55,
    0x6C, 0xF1, 0xAB, 0xE6, 0x54, 0xCC, 0x58, 0xF0, 0x7C, 0x40, 0x7A, 0x5D, 0xCA, 0x7B, 0x79, 0x31,
    0xEF, 0x0F, 0x40, 0x0D, 0x00, 0xD4, 0xAF, 0x63, 0xC9, 0xA2, 0x97, 0x4E, 0x59, 0xFA, 0xF5, 0x39,
    0xFB, 0x1F, 0x9F, 0x71, 0x35, 0x16, 0x7F, 0x9D, 0x1F, 0x1F, 0x18, 0x9C, 0x1C, 0x50, 0x23, 0x44,
    0x4D, 0x9A, 0x32, 0x8F, 0xF7, 0x46, 0x8F, 0xC8, 0x35, 0x72, 0xDA, 0xDD, 0x05, 0x13, 0x77, 0xFF,
    0xD6, 0x77, 0x83, 0x91, 0xFD, 0x3E, 0xEA, 0x7F, 0xE4, 0xB8, 0x69, 0x7E, 0xCC, 0xC3, 0x3D, 0xAF,
    0xD5, 0x93, 0xF3, 0xFD, 0x5C, 0x4C, 0xD1, 0x67, 0x48, 0xD8, 0x0D, 0x0C, 0x6A, 0x58, 0x5C, 0xD7,
    0x7F, 0xCF, 0x37, 0xA9, 0xEB, 0x1A, 0xBE, 0x49, 0xA8, 0x59, 0x27, 0x52, 0x8D, 0xCD, 0x6B, 0xB8,
    0xC3, 0x75, 0xD1, 0xB0, 0x0C, 0xE2, 0xBB, 0x0C, 0xB0, 0x5E, 0xD7, 0x75, 0x02, 0x0B, 0x98, 0x5E,
    0xFE, 0xCD, 0x6A, 0x6F, 0xCC, 0x35, 0xF6, 0x6B, 0xBC, 0xDD, 0x6B, 0x05, 0x34, 0x45, 0xCF, 0xFE,
    0xFE, 0x6F, 0x76, 0xBA, 0xFF, 0x64, 0xFB, 0xFB, 0x4B, 0x08, 0x51, 0x1B, 0x1D, 0xE3, 0x5A, 0xF2,
    0x4E, 0x17, 0xA2, 0x27, 0x4F, 0xCA, 0x73, 0x1D, 0x3A, 0xC4, 0x86, 0x1E, 0x59, 0xEC, 0x64, 0xF1,
    0xCA, 0x13, 0x06, 0x7F, 0xD0, 0xD4, 0x56, 0xD5, 0x14, 0x9A, 0xDD, 0x86, 0xF9, 0x03, 0xA5, 0x59,
    0xC1, 0xAA, 0xF5, 0x2C, 0x0C, 0x1C, 0xC8, 0x36, 0xE0, 0xAB, 0x04, 0xDC, 0x16, 0x7C, 0x75, 0xE1,
    0x6C, 0xFB, 0x30, 0xC2, 0xBF, 0x15, 0xFA, 0x37, 0x48, 0xB8, 0x9E, 0xA1, 0x39, 0x5D, 0x7C, 0x33,
    0x8B, 0x7B, 0x2E, 0x33, 0xB1, 0xAD, 0x9A, 0xD4, 0x2A, 0x50, 0x80, 0x01, 0xB4, 0x69, 0x70, 0xB6,
    0x61, 0x58, 0x6C, 0x13, 0x37, 0xD4, 0xD4, 0x80, 0x4C, 0x0F, 0xB8, 0x2E, 0x10, 0xE7, 0x94, 0xC0,
    0x01, 0xC7, 0x28, 0x88, 0x78, 0xE6, 0x0E, 0x19, 0xAA, 0x7B, 0xFB, 0xAA, 0x32, 0x76, 0xBD, 0x0C,
    0xD3, 0x9B, 0xEB, 0x6E, 0xD5, 0x6E, 0x96, 0x6F, 0x7D, 0xA2, 0x7F, 0xB3, 0xEC, 0xF7, 0x9F, 0xE8,
    0x1B, 0xE6, 0x7E, 0x6B, 0x8E, 0xD2, 0x77, 0xB9, 0x75, 0x5B, 0x9C, 0xF6, 0x59, 0xEC, 0x5F, 0xF1,
    0xD6, 0x17, 0x9B, 0xEB, 0x8B, 0x6F, 0xFD, 0x23, 0x7B, 0xFF, 0xD8, 0xE1, 0xD1, 0x15, 0x15, 0x07,
    0xAA, 0xB7, 0x66, 0xA6, 0xB8, 0x11, 0xE3, 0x63, 0x6A, 0xC7, 0xCD, 0xD3, 0xCE, 0xAA, 0x55, 0x8F,
    0x9B, 0x4B, 0x8F, 0x9E, 0x30, 0x31, 0xD1, 0x1B, 0x62, 0x62, 0xFE, 0x74, 0x82, 0x82, 0x1D, 0x26,
    0xCC, 0x76, 0xB9, 0x2F, 0x74, 0xE9, 0x6A, 0x6A, 0xDE, 0x5A, 0x9B, 0xA6, 0x8B, 0xD8, 0xD0, 0x46,
    0x8C, 0x7F, 0xA8, 0x6D, 0x90, 0xAE, 0xCE, 0x44, 0x7F, 0x1D, 0x7F, 0x4C, 0x51, 0xE7, 0x82, 0xC7,
    0x5F, 0x57, 0x97, 0x2E, 0x21, 0xBF, 0xCD, 0x3F, 0xEF, 0x71, 0x3D, 0xF5, 0x94, 0x21, 0xC3, 0xFF,
    0xFA, 0xFF, 0x3C, 0x7F, 0x70, 0xB3, 0x0C, 0x18, 0x14, 0x34, 0x7F, 0xF2, 0xFE, 0x05, 0xD4, 0xA4,
    0xE7, 0x7A, 0x20, 0x1B, 0xBF, 0x80, 0x4C, 0xD1, 0x3F, 0x3A, 0x28, 0x5E, 0x4D, 0x8F, 0x1B, 0xF5,
    0xAC, 0x27, 0xF7, 0x7F, 0xE8, 0x31, 0x3A, 0x41, 0x7E, 0xBE, 0x6F, 0x16, 0xEE, 0x7F, 0x65, 0x26,
    0xE3, 0x87, 0xE0, 0x43, 0xFB, 0xA1, 0x71, 0xFB, 0x58, 0xB3, 0x89, 0xB8, 0xE1, 0x65, 0x7E, 0xF6,
    0x32, 0xED, 0x13, 0x8C, 0x5C, 0xE5, 0xE7, 0x57, 0xF3, 0xB1, 0xF8, 0x9B, 0xA9, 0xA4, 0x13, 0xDB,
    0x05, 0x81, 0x3C, 0xE8, 0x47, 0x39, 0xA1, 0x4E, 0x9A, 0x3F, 0xC4, 0x76, 0xED, 0xFA, 0x47, 0x99,
    0xD7, 0x57, 0xFB, 0x0D, 0x9C, 0xDF, 0x32, 0x1F, 0xC7, 0x4F, 0xED, 0x5C, 0x6C, 0xFA, 0xA5, 0xE3,
    0x77, 0x7E, 0x95, 0x6E, 0x06, 0x85, 0x96, 0x09, 0x75, 0x72, 0x7D, 0xB2, 0x51, 0xD5, 0xD9, 0xB4,
    0xEA, 0xA2, 0x51, 0x7D, 0x5C, 0xAD, 0x96, 0x19, 0xB3, 0x2F, 0xFA, 0x8F, 0x73, 0xE4, 0x76, 0x46,
    0x2F, 0x05, 0x54, 0x86, 0x6E, 0xF7, 0x46, 0xF3, 0x8B, 0xE6, 0x50, 0xB8, 0x5A, 0xE8, 0x69, 0x0D,
    0x60, 0xC8, 0x76, 0x6F, 0x3E, 0x7E, 0x26, 0x78, 0x98, 0x83, 0xAB, 0x15, 0xBE, 0x7E, 0x8C, 0x61,
    0x54, 0x80, 0xC8, 0x7F, 0x8E, 0x8F, 0x0A, 0xF0, 0x18, 0x4F, 0x19, 0x0E, 0x6C, 0x15, 0x20, 0xD1,
    0xB9, 0x06, 0x50, 0xFE, 0xD3, 0xF3, 0x51, 0xFE, 0x13, 0xB8, 0x02, 0xB0, 0xCE, 0x15, 0x80, 0xF5,
    0xF2, 0x36, 0x3E, 0x11, 0x99, 0xC4, 0xD7, 0x71, 0x68, 0x68, 0x87, 0xD6, 0xF1, 0x58, 0x03, 0x60,
    0xE0, 0xFE, 0x4F, 0x6B, 0xC0, 0x0E, 0xCA, 0x61, 0x81, 0x40, 0x71, 0x84, 0xE4, 0xEE, 0x55, 0x03,
    0xB8, 0x0A, 0x50, 0x7C, 0x54, 0x80, 0xBC, 0x7F, 0x38, 0xFF, 0x37, 0x9D, 0x2B, 0x00, 0x21, 0xCB,
    0xFF, 0x40, 0x96, 0xFF, 0x54, 0x03, 0x26, 0xE5, 0x3F, 0x8F, 0x9F, 0x52, 0xFE, 0x53, 0x0D, 0xE0,
    0xFC, 0xE1, 0x1A, 0x50, 0x26, 0xE5, 0x3F, 0xD5, 0x80, 0xC6, 0xF9, 0x9F, 0xD4, 0x80, 0xE8, 0xBF,
    0x58, 0x61, 0xE4, 0xF9, 0xE5, 0x41, 0xB9, 0xEE, 0x30, 0x5C, 0xB0, 0x6D, 0xFE, 0x2C, 0x42, 0x31,
    0x7E, 0xAD, 0x01, 0x19, 0x6B, 0x0D, 0xD8, 0x06, 0xAD, 0xFF, 0x68, 0xFE, 0xF9, 0xDD, 0x72, 0xFE,
    0xAE, 0x99, 0x22, 0xC9, 0xFA, 0x2E, 0x9E, 0x80, 0x75, 0xEA, 0x7A, 0x6F, 0xD7, 0x76, 0x5A, 0x2F,
    0x78, 0x58, 0x03, 0x4E, 0x5E, 0xFF, 0x05, 0x68, 0x05, 0x38, 0x5F, 0xFB, 0x27, 0x30, 0x4A, 0x5E,
    0x3F, 0x62, 0x7C, 0xD2, 0xFA, 0x13, 0xB9, 0x9E, 0xE7, 0x57, 0x40, 0xBF, 0xB0, 0xF2, 0x2B, 0x7B,
    0xFF, 0xD5, 0x53, 0x0D, 0x0C, 0xE4, 0xBA, 0xA0, 0x8D, 0x5F, 0xEF, 0x3F, 0xBD, 0xD9, 0xBA, 0x42,
    0x51, 0x86, 0x3A, 0x78, 0xFD, 0x75, 0xD8, 0xA7, 0xA2, 0xA2, 0xCD, 0x0A, 0xA7, 0x7D, 0x2C, 0x6E,
    0x9E, 0x3C, 0x6D, 0xB2, 0x1E, 0x33, 0x40, 0x4C, 0x4C, 0xB5, 0x1C, 0x5E, 0xFD, 0x9D, 0x20, 0xFC,
    0x39, 0x58, 0x5F, 0x63, 0x57, 0xED, 0xA6, 0xB6, 0xE3, 0x48, 0xE2, 0x2D, 0x1C, 0x0F, 0xF1, 0x65,
    0xAE, 0xD5, 0x0D, 0xBA, 0x0C, 0xBE, 0xFE, 0xEE, 0x11, 0x5B, 0x75, 0x8E, 0xF5, 0x7A, 0x55, 0xA9,
    0x62, 0x67, 0x33, 0x9B, 0x75, 0xA1, 0xEE, 0x7A, 0x78, 0x76, 0xC7, 0xFE, 0x7E, 0xE2, 0xF5, 0xAD,
    0xFF, 0x32, 0xD8, 0xE6, 0xD8, 0xDF, 0x7F, 0xAC, 0x03, 0x54, 0x77, 0xB9, 0x7E, 0xE7, 0x3E, 0x7A,
    0xF7, 0xB4, 0x99, 0xBF, 0x7F, 0xA2, 0x7E, 0x3C, 0xE9, 0x56, 0xCC, 0x1C, 0xDA, 0x9D, 0xC2, 0xA5,
    0x75, 0x5B, 0x63, 0x87, 0x63, 0xE9, 0xC7, 0x21, 0xF2, 0x16, 0x1F, 0x1E, 0x8E, 0xDF, 0xA1, 0x3E,
    0xEB, 0x3E, 0xCE, 0x5A, 0xEB, 0xE1, 0xE3, 0xAC, 0xC6, 0x7D, 0xA0, 0xB9, 0xBE, 0xC6, 0x54, 0x36,
    0xAE, 0xFE, 0x09, 0xB0, 0x27, 0x74, 0xEF, 0x93, 0x22, 0x1D, 0x06, 0xFF, 0x7D, 0x2C, 0x65, 0xB1,
    0x6C, 0xF3, 0x9B, 0x5D, 0xA1, 0xC7, 0x5B, 0xF7, 0x3D, 0x7F, 0xD9, 0x45, 0x3A, 0xAF, 0xEF, 0x51,
    0xA2, 0x16, 0x82, 0x3D, 0xB9, 0x2E, 0x8A, 0x61, 0xA6, 0xA7, 0x88, 0xF4, 0xAD, 0xF5, 0xDE, 0x3A,
    0x95, 0x12, 0xEE, 0xF8, 0x8F, 0x20, 0x47, 0xE9, 0x86, 0xF2, 0x53, 0x87, 0x49, 0x47, 0xAE, 0xC3,
    0x46, 0x2F, 0x78, 0x83, 0x00, 0xD0, 0x0E, 0xB9, 0xA9, 0x5D, 0xFF, 0xEA, 0x22, 0xD0, 0x4F, 0x88,
    0x6D, 0xCE, 0xE5, 0xF9, 0x68, 0x77, 0xFF, 0x1F, 0x3C, 0xB6, 0x1B, 0x3E, 0xBD, 0x47, 0x3D, 0x0F,
    0xA1, 0x01, 0x53, 0xB0, 0x61, 0xFC, 0xD7, 0xD1, 0x7B, 0x77, 0x3F, 0xF2, 0xEF, 0xCB, 0x02, 0x85,
    0x21, 0x5F, 0x7F, 0x86, 0xEE, 0x80, 0xA2, 0x41, 0xB1, 0xD5, 0xD7, 0x83, 0xF3, 0x2F, 0x5C, 0xE1,
    0x70, 0x9D, 0xD6, 0xEE, 0xA7, 0x59, 0x3B, 0x0D, 0x41, 0xE4, 0xEB, 0xC3, 0xF3, 0xB0, 0xEA, 0xCE,
    0x68, 0x56, 0x5F, 0xBF, 0xEF, 0xD9, 0x43, 0xBA, 0x5C, 0x82, 0xC5, 0x36, 0xE2, 0x17, 0x23, 0x3C,
    0xE1, 0xE0, 0x6F, 0x0B, 0xFE, 0x82, 0xC2, 0x00, 0x79, 0xC2, 0x41, 0x7A, 0xB6, 0x7F, 0x20, 0x90,
    0xE4, 0xFB, 0x82, 0xF4, 0x64, 0x7F, 0xA1, 0x97, 0xE4, 0xFB, 0x83, 0xF4, 0x6C, 0xFF, 0xC0, 0x49,
    0xF5, 0x8F, 0xF5, 0xBD, 0x7E, 0xD6, 0x9B, 0xAD, 0x57, 0x73, 0x9A, 0x9A, 0x80, 0x60, 0xE5, 0xCF,
    0xC1, 0xBA, 0x96, 0x66, 0x6A, 0x3E, 0xF3, 0x0B, 0xB4, 0xAB, 0xA9, 0xEA, 0xD2, 0xC9, 0x93, 0xE9,
    0xB3, 0x68, 0x12, 0x4F, 0x1E, 0xD6, 0xF3, 0xFD, 0x8D, 0xC2, 0xFD, 0xBF, 0x3B, 0x58, 0xB7, 0x66,
    0xE6, 0x68, 0xC3, 0x2C, 0x10, 0xDA, 0xEE, 0xD9, 0x1D, 0xBC, 0xB6, 0xE3, 0x1D, 0x3E, 0x08, 0x8E,
    0x47, 0xCF, 0x64, 0x5D, 0xD7, 0xDA, 0x7B, 0xA3, 0x0E, 0xE9, 0x7B, 0x34, 0xBB, 0x48, 0xE7, 0xFA,
    0x9B, 0xCE, 0x1F, 0x53, 0xD2, 0xF3, 0xFD, 0x97, 0xC1, 0x49, 0x46, 0x9E, 0xD0, 0x69, 0x7F, 0x66,
    0x73, 0x10, 0x54, 0x97, 0xE3, 0xC1, 0x43, 0xF1, 0x65, 0xBE, 0xC4, 0x87, 0xA3, 0x67, 0xFB, 0x3B,
    0xD9, 0xF8, 0x87, 0x83, 0xF5, 0xEB, 0x54, 0x42, 0xB9, 0x42, 0x27, 0x0F, 0xE9, 0xE9, 0xFE, 0x50,
    0xE1, 0x78, 0x72, 0x2C, 0x9D, 0xB4, 0xAA, 0xF5, 0x56, 0x45, 0xC5, 0x5B, 0x20, 0xEC, 0x0E, 0xD6,
    0xCD, 0x49, 0x5F, 0x08, 0x20, 0xB0, 0xE3, 0x69, 0xFF, 0xA7, 0xAC, 0x7D, 0x66, 0x95, 0xA8, 0x6E,
    0xEC, 0x09, 0x07, 0xE9, 0x8F, 0xF1, 0x1D, 0x3D, 0x8F, 0x0F, 0x3D, 0xDF, 0x7F, 0x8F, 0x79, 0x51,
    0x66, 0xB6, 0x3F, 0x1B, 0xB3, 0x42, 0x46, 0xBA, 0x7F, 0x43, 0xF5, 0xF1, 0xD8, 0xEB, 0xBB, 0x62,
    0xB0, 0x27, 0x1C, 0xA1, 0xA7, 0xFB, 0xAF, 0xDB, 0xFB, 0x95, 0x3D, 0xAC, 0x73, 0x7D, 0xCA, 0xAE,
    0x4F, 0x8E, 0xD0, 0x93, 0x78, 0xBE, 0x3E, 0xC5, 0x87, 0x9E, 0xCF, 0xCF, 0x83, 0xF3, 0x9B, 0x1C,
    0xBB, 0xCE, 0xFB, 0xCB, 0xC9, 0xF5, 0x37, 0x07, 0xE9, 0x32, 0x78, 0x7C, 0x65, 0x6C, 0x5F, 0x9F,
    0xE9, 0xF9, 0x41, 0x38, 0x92, 0xFD, 0xC5, 0xD8, 0x5B, 0x48, 0xE3, 0xC3, 0x93, 0xC5, 0x07, 0xE4,
    0xD2, 0xF5, 0xF5, 0x7D, 0x45, 0x1D, 0xB7, 0x0B, 0x04, 0x5F, 0x7F, 0xE3, 0x53, 0x96, 0xE3, 0x53,
    0xE6, 0x7E, 0x77, 0xF9, 0xF9, 0x42, 0x78, 0x7E, 0xEF, 0x3F, 0xAE, 0x9A, 0xB4, 0x56, 0x39, 0x51,
    0xA7, 0x40, 0x28, 0x63, 0x77, 0x94, 0x41, 0xCF, 0x9F, 0xC6, 0x87, 0x27, 0x8F, 0xCF, 0xF3, 0x8B,
    0x3C, 0x94, 0x5F, 0xA1, 0xE5, 0xE7, 0x23, 0xE4, 0x49, 0xF7, 0x4F, 0xDB, 0x84, 0xA1, 0x0B, 0x64,
    0x40, 0x9D, 0xF6, 0xB0, 0xFE, 0x2C, 0xE4, 0x89, 0x5E, 0x4D, 0xCF, 0x5F, 0x02, 0xE1, 0x21, 0x47,
    0xDC, 0xDB, 0x5B, 0x7C, 0x78, 0xF2, 0xF8, 0xFC, 0xFC, 0x84, 0x3D, 0xAC, 0xFF, 0xEB, 0xF7, 0x2F,
    0xB7, 0xCD, 0xF1, 0xE4, 0x09, 0x07, 0xE9, 0x4B, 0xDB, 0xCE, 0x07, 0x36, 0x9D, 0x3D, 0x32, 0xBF,
    0xF5, 0x32, 0xDF, 0xCF, 0x67, 0xF2, 0xFD, 0x25, 0xFF, 0xFF, 0x2D, 0xDE, 0x3D, 0x59, 0x7C, 0x29,
    0xF6, 0x1A, 0x1F, 0x9E, 0xEC, 0xFA, 0x6F, 0xE7, 0x3B, 0xEC, 0x09, 0xC7, 0xEF, 0xF3, 0xC9, 0x83,
    0x2D, 0xEE, 0x61, 0x9D, 0xDB, 0x7E, 0x3A, 0xDF, 0x21, 0x4F, 0x53, 0xD6, 0x93, 0xEF, 0x1F, 0xEF,
    0x85, 0x4E, 0x9E, 0x44, 0x4F, 0xCE, 0xC7, 0x14, 0x96, 0xAF, 0x9F, 0x42, 0xE7, 0xF8, 0x36, 0xD5,
    0xF2, 0xFD, 0xF5, 0x70, 0x84, 0xFE, 0x3F, 0xC5, 0x95, 0x07, 0x8A, 0x2C, 0x31, 0x0C, 0x44, 0x0B,
    0x4C, 0xFE, 0x41, 0x17, 0x32, 0xE8, 0xEA, 0x82, 0x3E, 0xC0, 0x5E, 0x45, 0xD0, 0x64, 0x04, 0xB5,
    0x92, 0x3B, 0x30, 0x39, 0x6D, 0x18, 0xA9, 0xEA, 0x75, 0xB6, 0xCB, 0xBD, 0x3B, 0x33, 0x64, 0x80,
    0xA4, 0x39, 0xC4, 0x1D, 0x2D, 0x8D, 0x48, 0xF7, 0xB4, 0xA6, 0xE5, 0x8E, 0x75, 0xBD, 0x37, 0x96,
    0x67, 0xC5, 0x49, 0x1A, 0x19, 0x18, 0x25, 0x07, 0x46, 0xB3, 0x8B, 0xE6, 0x64, 0x42, 0x9A, 0x66,
    0xF7, 0x3C, 0x0E, 0x88, 0x39, 0xDA, 0x45, 0xD7, 0xB5, 0x9E, 0xD6, 0x6C, 0xE1, 0x3C, 0x9E, 0x3D,
    0x9D, 0xA7, 0xF2, 0xDC, 0x33, 0xC9, 0x28, 0xD7, 0xFE, 0xA3, 0xC6, 0xC9, 0x12, 0x1C, 0x67, 0xA2,
    0x3B, 0x83, 0xD0, 0x80, 0xA4, 0xFC, 0x9E, 0x90, 0xD5, 0x57, 0x39, 0x5E, 0x17, 0x47, 0x1D, 0x8D,
    0x76, 0xB1, 0x90, 0x66, 0x20, 0x05, 0x7C, 0xF3, 0x84, 0x0C, 0x06, 0x20, 0x4F, 0x34, 0x06, 0xE5,
    0x7B, 0x72, 0x08, 0xAD, 0xF4, 0xCC, 0xF4, 0x6B, 0xE4, 0x0E, 0x1C, 0xA0, 0x8A, 0xE5, 0x82, 0x16,
    0x38, 0x27, 0x3E, 0x26, 0x43, 0xFB, 0x98, 0x77, 0xB8, 0x43, 0xE4, 0x00, 0x1D, 0xFD, 0x10, 0x02,
    0x3F, 0x44, 0x9B, 0xEC, 0x10, 0x20, 0x0E, 0x70, 0x29, 0x81, 0xD3, 0xD5, 0x67, 0xCE, 0x0C, 0x82,
    0xA6, 0x01, 0xAD, 0x9B, 0xFB, 0xCB, 0xF8, 0xED, 0x15, 0x8D, 0xEA, 0x87, 0xF8, 0xEE, 0x15, 0x5D,
    0x9A, 0x03, 0xCD, 0x8E, 0x50, 0x15, 0xB5, 0xCF, 0x1D, 0xB3, 0x25, 0x26, 0xAF, 0xBD, 0x82, 0x47,
    0x41, 0x77, 0x88, 0x25, 0x9A, 0x6F, 0x40, 0x14, 0x74, 0x87, 0x4C, 0x89, 0x36, 0x6F, 0xC0, 0x80,
    0x16, 0x64, 0x01, 0x3A, 0x56, 0x8D, 0x15, 0xCF, 0xCF, 0x7C, 0x17, 0xFC, 0x72, 0xD2, 0xA5, 0xFC,
    0x10, 0x95, 0xF8, 0xD5, 0x6F, 0xAF, 0x77, 0xA4, 0x17, 0xDA, 0xC0, 0x2B, 0xC1, 0x1B, 0x3D, 0x45,
    0xD2, 0x90, 0x08, 0x38, 0x5A, 0x01, 0xBA, 0x43, 0x8E, 0xD1, 0x0B, 0x81, 0xED, 0x09, 0x1F, 0x87,
    0x3B, 0xFA, 0x4D, 0x08, 0xAE, 0xBF, 0xF3, 0x98, 0x83, 0x88, 0x6C, 0xBF, 0xD8, 0x40, 0x1F, 0x0D,
    0x06, 0x56, 0x54, 0xBD, 0x3F, 0x38, 0x83, 0x51, 0xF1, 0xA7, 0x87, 0xE2, 0xBF, 0x23, 0xAF, 0x72,
    0x85, 0x88, 0x89, 0x9A, 0x78, 0x5D, 0x29, 0xE1, 0x8E, 0xB2, 0x18, 0x25, 0x28, 0x0D, 0x8D, 0x8C,
    0x7A, 0x8C, 0x50, 0xA4, 0x3A, 0x20, 0x3B, 0x00, 0x1D, 0xF0, 0x84, 0x30, 0xD9, 0x38, 0x0F, 0xC6,
    0x38, 0x31, 0xAE, 0x59, 0x42, 0xAC, 0xCE, 0x5A, 0x14, 0x7A, 0x41, 0xEB, 0xDC, 0x18, 0x54, 0x48,
    0x02, 0xA4, 0xE3, 0xD2, 0x5B, 0x6E, 0x34, 0x65, 0x04, 0xC2, 0xD1, 0x1D, 0xA8, 0x48, 0x31, 0x66,
    0x62, 0x00, 0x04, 0xF6, 0xEF, 0x0E, 0x55, 0x46, 0xA3, 0x1D, 0xFD, 0x22, 0xAF, 0x85, 0x66, 0xF8,
    0x56, 0x03, 0x47, 0xC7, 0xB2, 0x37, 0x9D, 0xFE, 0x17, 0x7F, 0x21, 0x97, 0xDA, 0xDB, 0x58, 0x7E,
    0xF5, 0x27, 0xCD, 0x99, 0xC1, 0xEA, 0xE3, 0x3C, 0x0C, 0xC4, 0x7F, 0xA0, 0xAB, 0x41, 0xAF, 0x62,
    0xD8, 0xAB, 0xC1, 0xAF, 0x2E, 0xD8, 0x6B, 0xE1, 0xFF, 0x2A, 0x82, 0xEF, 0x6A, 0xF0, 0xD7, 0x38,
    0x31, 0xDE, 0x98, 0x86, 0x96, 0x25, 0xE9, 0x46, 0xAE, 0x86, 0x82, 0x1C, 0xC5, 0x33, 0x98, 0xA9,
    0x93, 0x22, 0x05, 0xD0, 0xBA, 0x80, 0x76, 0x48, 0x62, 0x7F, 0x82, 0xE3, 0x0C, 0x10, 0x23, 0x31,
    0x40, 0x6B, 0xAD, 0x1B, 0x80, 0x92, 0x40, 0x6C, 0x80, 0x03, 0x3E, 0x80, 0x35, 0xFC, 0x4F, 0x90,
    0xEA, 0xE4, 0x5A, 0xC8, 0x64, 0x12, 0x0A, 0x3D, 0xB5, 0xF5, 0x25, 0xBB, 0x52, 0x50, 0x9C, 0x9E,
    0x99, 0x42, 0x25, 0x57, 0x45, 0x8B, 0x1A, 0x00, 0x3A, 0x32, 0x12, 0x08, 0x44, 0xC4, 0x42, 0x0C,
    0x31, 0x3E, 0x21, 0x97, 0x05, 0x97, 0xC1, 0x1A, 0x46, 0x24, 0x62, 0xA0, 0x1E, 0x03, 0x41, 0xD7,
    0x7A, 0xD2, 0x07, 0x2D, 0xD4, 0xB6, 0x6E, 0x24, 0x00, 0xA7, 0x47, 0x01, 0xA4, 0x49, 0xF5, 0x63,
    0x90, 0xA5, 0x57, 0xBE, 0xAB, 0xA1, 0x38, 0x88, 0x81, 0xF6, 0x05, 0x02, 0x19, 0xA8, 0x86, 0xFC,
    0xE7, 0xA8, 0x15, 0xE0, 0x04, 0x5D, 0x9B, 0x0C, 0x62, 0x74, 0x09, 0xD2, 0xBD, 0x74, 0x90, 0x86,
    0xDB, 0xBA, 0xF4, 0x42, 0x1D, 0x22, 0x41, 0x62, 0xB0, 0x5F, 0xCF, 0x0C, 0x16, 0x9F, 0x91, 0x3D,
    0x6E, 0x01, 0x40, 0x40, 0x78, 0x48, 0x0C, 0xE1, 0x60, 0x3F, 0xA9, 0x39, 0xE4, 0xEA, 0x90, 0xD4,
    0x6E, 0x26, 0xE1, 0x72, 0x41, 0x41, 0xC5, 0x2F, 0x93, 0xEF, 0x06, 0x54, 0x0F, 0x9C, 0xE7, 0x1A,
    0xBA, 0x93, 0x1B, 0x1D, 0xBB, 0x49, 0xC2, 0x41, 0xC5, 0x40, 0xAB, 0x35, 0x85, 0xEE, 0xE2, 0x26,
    0xDA, 0x3A, 0x79, 0xD3, 0x82, 0x6A, 0x17, 0xBB, 0xC9, 0x2D, 0x74, 0x98, 0xDC, 0xE4, 0x3A, 0x1D,
    0x04, 0xEC, 0x27, 0x64, 0x17, 0x0E, 0xDC, 0xC4, 0x30, 0x21, 0x46, 0xB5, 0xCF, 0xDD, 0xE4, 0x2E,
    0x12, 0x0E, 0x37, 0xB9, 0x4C, 0xBE, 0x1B, 0x50, 0x3D, 0x70, 0x93, 0x6B, 0xE8, 0x4E, 0x6E, 0x52,
    0x6B, 0xF5, 0x25, 0x1D, 0x38, 0xCA, 0x67, 0xDD, 0x96, 0x3C, 0xAA, 0x4F, 0x73, 0xCB, 0x92, 0xF3,
    0x7D, 0xA8, 0xBE, 0xAE, 0x0F, 0xB5, 0x84, 0xB4, 0x74, 0xF0, 0x25, 0xE7, 0x35, 0xF4, 0xFA, 0x32,
    0x77, 0xB9, 0x86, 0xEA, 0xCC, 0xFD, 0x64, 0xDB, 0xD7, 0xB9, 0x44, 0x96, 0x91, 0x3D, 0xB2, 0x7D,
    0x2B, 0x30, 0xEA, 0xB0, 0xEE, 0xFA, 0x18, 0xB6, 0x99, 0x41, 0x1D, 0x60, 0xDA, 0x5A, 0xD7, 0xE9,
    0x50, 0x14, 0xA9, 0x15, 0xB1, 0x02, 0x9C, 0xA0, 0xC3, 0xFB, 0xB3, 0xDA, 0xB5, 0x7C, 0x28, 0xC0,
    0x58, 0x43, 0x0B, 0x35, 0xC8, 0x0E, 0xA5, 0x20, 0x9E, 0x4F, 0xE1, 0x39, 0xB9, 0xE7, 0xF7, 0x79,
    0x96, 0x71, 0x6F, 0xC4, 0x2E, 0xE3, 0x49, 0x94, 0x10, 0x1E, 0x31, 0x1E, 0xED, 0x63, 0x22, 0x41,
    0x42, 0xF0, 0x18, 0xDF, 0xEE, 0xE3, 0xEF, 0x6B, 0x34, 0xF6, 0xF6, 0x55, 0xFA, 0x7C, 0x93, 0xCF,
    0xE4, 0x59, 0x17, 0xF1, 0x99, 0xEE, 0xD1, 0x9F, 0x1C, 0xB5, 0x60, 0xFB, 0xA1, 0x05, 0xF6, 0x4E,
    0x26, 0x2F, 0xEA, 0xFE, 0x32, 0xF0, 0x16, 0xC0, 0xAB, 0x0A, 0x5A, 0xBD, 0xB1, 0x46, 0x0A, 0xD9,
    0xD4, 0x36, 0x76, 0x25, 0x01, 0xA9, 0xB0, 0x92, 0x46, 0x3F, 0x80, 0x36, 0xB9, 0x5D, 0xD6, 0x1A,
    0xB4, 0x56, 0xAD, 0x69, 0x6B, 0x8F, 0x76, 0xC6, 0x90, 0x76, 0x30, 0xA9, 0x58, 0x10, 0x77, 0x78,
    0x99, 0x4B, 0xED, 0xD3, 0x5F, 0x03, 0xF5, 0x18, 0xF6, 0x43, 0x7D, 0x56, 0x51, 0xFD, 0x65, 0xDD,
    0x17, 0xD8, 0x1F, 0xAC, 0x5B, 0x64, 0x80, 0x6A, 0xB4, 0x1D, 0xD8, 0xB7, 0x20, 0x7C, 0x57, 0xC3,
    0xCF, 0x5C, 0xF7, 0x04, 0x5D, 0xC5, 0xF7, 0xC7, 0x69, 0xBD, 0x97, 0x0E, 0x93, 0x2B, 0x5F, 0xA6,
    0x43, 0x77, 0xE5, 0xC3, 0xFD, 0x34, 0xB9, 0xF2, 0x5C, 0x6F, 0x2D, 0x9B, 0x2F, 0xA3, 0xE2, 0xF7,
    0x92, 0x70, 0x98, 0xF6, 0x55, 0xF2, 0xDD, 0x86, 0x2A, 0xB3, 0xF3, 0x5C, 0x45, 0x77, 0xF2, 0x74,
    0xC4, 0x1B, 0x5A, 0x2F, 0x0C, 0x43, 0x11, 0x43, 0xAB, 0x4B, 0x5B, 0xA5, 0x36, 0x15, 0x9C, 0xB6,
    0x76, 0x1A, 0x0D, 0x1A, 0x23, 0x1A, 0x39, 0x1A, 0xCF, 0xCF, 0x71, 0xBD, 0x6A, 0xEB, 0xD0, 0xBA,
    0x6D, 0x9D, 0x9B, 0x2C, 0xAB, 0xEC, 0xAB, 0x30, 0x93, 0x9F, 0x6C, 0x97, 0x54, 0xF7, 0x13, 0xBC,
    0x03, 0x67, 0xF0, 0xD5, 0x3B, 0xB1, 0x9E, 0xDD, 0xE3, 0x14, 0xD6, 0x02, 0xC6, 0x43, 0x44, 0x7F,
    0xC7, 0x14, 0x77, 0xA1, 0xB6, 0xFB, 0xE5, 0x09, 0xB4, 0x39, 0x73, 0xBD, 0xB5, 0xDC, 0xAC, 0x02,
    0x15, 0xBF, 0x95, 0x5E, 0xC3, 0x2A, 0x4E, 0xD1, 0xEA, 0x3E, 0xCC, 0x7A, 0x24, 0x66, 0xE4, 0x34,
    0xA6, 0xE8, 0x48, 0x87, 0x74, 0x46, 0x26, 0xF0, 0x6C, 0xBA, 0xAC, 0xCD, 0xA8, 0x85, 0x2E, 0x69,
    0x4F, 0x47, 0xDF, 0x7D, 0xB2, 0x93, 0x0B, 0x35, 0xD7, 0x1F, 0xAD, 0x0A, 0x90, 0xD6, 0x4F, 0xDF,
    0xA7, 0xC4, 0xF0, 0xFE, 0x0C, 0xD5, 0x2B, 0xFB, 0x7F, 0x39, 0x0A, 0xC0, 0xFE, 0x1C, 0x05, 0xB8,
    0x43, 0x5A, 0x20, 0x9B, 0x43, 0xA2, 0x43, 0xA0, 0x43, 0xFA, 0x5B, 0x48, 0xE0, 0x2C, 0x7A, 0xD0,
    0x04, 0xA1, 0x16, 0xE6, 0x07, 0xE4, 0xB4, 0xA0, 0xA3, 0xEE, 0x28, 0x23, 0x65, 0x4B, 0x3D, 0xCC,
    0x42, 0xE6, 0x29, 0x12, 0x4D, 0xA5, 0xB2, 0x3F, 0x10, 0x89, 0xFD, 0x0B, 0x6A, 0xD3, 0x33, 0xF1,
    0x39, 0xD4, 0xBA, 0x7F, 0xC5, 0x5F, 0x6F, 0xFD, 0x6B, 0x3F, 0xC7, 0x35, 0x02, 0x50, 0x94, 0x66,
    0x12, 0x88, 0x95, 0x7F, 0xA3, 0xCA, 0x78, 0x02, 0x3E, 0x45, 0x91, 0xEF, 0x53, 0xD8, 0x42, 0x6C,
    0x07, 0x70, 0x1A, 0x1D, 0xD2, 0xC8, 0xC3, 0xD7, 0xE6, 0x4D, 0xCA, 0x0C, 0x6A, 0x0D, 0xD4, 0xC8,
    0x88, 0x53, 0x56, 0xA0, 0x88, 0x43, 0x56, 0xDB, 0x40, 0x2B, 0x20, 0x05, 0xC0, 0xFF, 0x06, 0x5E,
    0xBD, 0xDF, 0x71, 0xC4, 0x3A, 0x85, 0xD4, 0xC7, 0x9F, 0xC4, 0x7F, 0xDB, 0x9A, 0x3F, 0x40, 0x6D,
    0x39, 0x68, 0xF9, 0x9A, 0x62, 0x23, 0xEB, 0x92, 0xDF, 0x66, 0xD6, 0xC3, 0x07, 0x5C, 0xC7, 0x6C,
    0x3E, 0x78, 0xF6, 0xB7, 0x09, 0x51, 0xA2, 0x84, 0x67, 0x48, 0xC4, 0xFA, 0x38, 0xF6, 0xF0, 0x90,
    0xE4, 0x41, 0x20, 0xA8, 0x33, 0xFF, 0x17, 0xF0, 0x75, 0xF5, 0xE6, 0xF7, 0x59, 0x57, 0x29, 0xF7,
    0x3F, 0xB5, 0x97, 0xDD, 0xAA, 0x03, 0x2B, 0x0C, 0x85, 0x17, 0xE4, 0x36, 0x90, 0x57, 0x09, 0x78,
    0x2B, 0xF8, 0xEA, 0x01, 0x6F, 0x85, 0xBE, 0x4A, 0x60, 0x6E, 0x05, 0x4F, 0x9C, 0xBA, 0xCF, 0xF4,
    0x6F, 0xBA, 0xF7, 0x1C, 0x38, 0x5F, 0xD0, 0x95, 0x98, 0xAE, 0xD1, 0xFE, 0xB7, 0x78, 0xA0, 0x05,
    0x21, 0x54, 0xBB, 0x2A, 0x58, 0x93, 0x69, 0x52, 0x58, 0x4A, 0x15, 0xD9, 0xA9, 0x47, 0x3D, 0x9B,
    0x8C, 0x5A, 0x1B, 0x8C, 0xB2, 0xD6, 0xCA, 0x6A, 0xC4, 0x42, 0x73, 0x3D, 0x05, 0xBF, 0xFB, 0x27,
    0x4A, 0x06, 0x05, 0x38, 0x94, 0x43, 0xC9, 0xDE, 0xFC, 0xB3, 0x9E, 0xEA, 0x85, 0x59, 0xF5, 0x56,
    0x42, 0x9B, 0x26, 0x96, 0xA1, 0x8D, 0x8F, 0xFE, 0xA1, 0x67, 0xFE, 0xC1, 0xE1, 0x6F, 0x52, 0x42,
    0x5B, 0x62, 0x16, 0xBF, 0x7D, 0xF7, 0x8F, 0xBE, 0xE2, 0x33, 0x76, 0xA6, 0xD8, 0x21, 0xFD, 0x1C,
    0xF8, 0xC2, 0x18, 0x73, 0x64, 0x37, 0x73, 0xF7, 0x9C, 0x33, 0x73, 0xFE, 0x91, 0xC0, 0x6C, 0x16,
    0xA1, 0x81, 0xEF, 0xE4, 0x1D, 0x0E, 0x72, 0x7E, 0xA9, 0x16, 0x16, 0xCC, 0x0E, 0x04, 0xF8, 0x34,
    0xC6, 0x18, 0x3E, 0x6E, 0xC5, 0x67, 0xFE, 0xFF, 0x8E, 0xB5, 0x57, 0xB9, 0xB6, 0xD7, 0xBC, 0x7D,
    0xF8, 0x4E, 0x3D, 0xE2, 0xA5, 0x8F, 0x45, 0xE9, 0xE2, 0x78, 0x80, 0x21, 0x10, 0x13, 0x8F, 0x01,
    0xC6, 0x57, 0xD6, 0xCB, 0xEE, 0x1C, 0xC9, 0x92, 0xA7, 0xEE, 0x07, 0xF1, 0xC7, 0xF9, 0xB7, 0x6B,
    0x3D, 0xBD, 0x0A, 0x39, 0x94, 0x1F, 0x54, 0x9C, 0x6C, 0xCA, 0x6D, 0xDB, 0x9C, 0x89, 0x45, 0xB6,
    0xCD, 0x1A, 0xA1, 0xC8, 0xF6, 0xF9, 0x55, 0x2C, 0x16, 0x3E, 0x5D, 0xBA, 0xAE, 0x73, 0xC5, 0x1F,
    0xEA, 0x52, 0xBB, 0x72, 0x5A, 0x5A, 0x69, 0xB4, 0xD4, 0xAF, 0xBD, 0x8B, 0xA8, 0x6B, 0xA3, 0x5D,
    0x13, 0x13, 0xF9, 0x6D, 0xBB, 0xE6, 0x9F, 0xFB, 0xB6, 0x14, 0xFE, 0xF4, 0x73, 0x0E, 0x5C, 0xF1,
    0xBB, 0x98, 0x87, 0x4F, 0xC2, 0xC7, 0xCA, 0x55, 0x46, 0x53, 0xBF, 0x76, 0x7E, 0xB8, 0x36, 0x92,
    0xC1, 0xC4, 0x89, 0x49, 0xFC, 0xE6, 0x5F, 0xFD, 0xF8, 0x05, 0x72, 0xC8, 0xD4, 0x32, 0x90, 0xA7,
    0x66, 0xB9, 0xAB, 0x93, 0xF9, 0xB3, 0x56, 0xBB, 0xF7, 0x69, 0xD7, 0x32, 0x64, 0xF9, 0xA7, 0x4E,
    0xF2, 0x8B, 0xFA, 0xB3, 0x92, 0x15, 0x90, 0x87, 0xD6, 0xE1, 0x65, 0x00, 0x42, 0xE6, 0x59, 0x42,
    0x05, 0xD9, 0xC9, 0x90, 0x5F, 0xD4, 0x57, 0xDF, 0x69, 0xBF, 0x3D, 0x19, 0xEE, 0xFE, 0x85, 0xA2,
    0x45, 0xA8, 0x0B, 0x1C, 0xDC, 0x52, 0xC0, 0x0D, 0x8F, 0x84, 0x9F, 0xC0, 0x38, 0x43, 0x24, 0x67,
    0x55, 0xB3, 0xD3, 0xFE, 0x28, 0x3D, 0x69, 0x3B, 0xEF, 0x83, 0x0C, 0x06, 0xC5, 0x09, 0xEE, 0x39,
    0x33, 0x13, 0xE1, 0x84, 0xE1, 0xA5, 0x73, 0xA3, 0x84, 0x3F, 0x43, 0x60, 0x53, 0x25, 0x13, 0x2B,
    0xE8, 0xF0, 0x18, 0x05, 0x62, 0x64, 0x47, 0xF6, 0xD3, 0x39, 0xD0, 0xCA, 0x4C, 0xAA, 0x95, 0x94,
    0x59, 0x2B, 0x5E, 0x60, 0x7D, 0x8C, 0x7B, 0x8D, 0x07, 0xC4, 0xB5, 0x69, 0x43, 0x83, 0xC3, 0x22,
    0xB0, 0x66, 0x94, 0x8E, 0xFF, 0x8C, 0xB2, 0xB8, 0xB8, 0x32, 0xAE, 0xC2, 0x50, 0xD8, 0xFD, 0x31,
    0xC0, 0x23, 0x46, 0x0E, 0x03, 0x98, 0x4B, 0x61, 0xC6, 0x47, 0xE6, 0x8E, 0x78, 0x26, 0xC7, 0xF0,
    0xFB, 0x20, 0xBB, 0x0F, 0x59, 0xCB, 0xF9, 0x7D, 0x59, 0xDE, 0x1D, 0x82, 0x37, 0xC7, 0x0F, 0x1D,
    0xB6, 0x62, 0x65, 0x2B, 0x5F, 0x14, 0xD0, 0x8A, 0x23, 0x8B, 0xFC, 0xB0, 0x77, 0x0A, 0x98, 0xDD,
    0x6D, 0x07, 0xC1, 0x3E, 0x2F, 0x0A, 0xA3, 0xA1, 0x11, 0x67, 0xD6, 0x3D, 0x10, 0xEC, 0xF3, 0x22,
    0xF9, 0xBE, 0xAE, 0xC9, 0x12, 0x66, 0x4C, 0x12, 0x5E, 0x29, 0x1D, 0xBC, 0x42, 0xFF, 0x8D, 0xC5,
    0xF0, 0xD4, 0xF7, 0xF0, 0x84, 0x23, 0x0E, 0xA8, 0x4B, 0x9B, 0x41, 0x1D, 0x1F, 0x29, 0x96, 0x7C,
    0x46, 0x31, 0x7C, 0xC3, 0xB4, 0x72, 0x23, 0xE7, 0xA6, 0x15, 0x76, 0xFE, 0x2D, 0x14, 0x19, 0x08,
    0xC7, 0x2D, 0xC4, 0xD7, 0xBD, 0x0E, 0x66, 0x26, 0x7E, 0x76, 0xCD, 0xB3, 0x3D, 0x32, 0x67, 0x86,
    0x46, 0xBD, 0x5F, 0x39, 0xD2, 0xAC, 0x19, 0x1F, 0x29, 0x64, 0x1D, 0x7F, 0xE2, 0xF1, 0x35, 0x5D,
    0x39, 0xA9, 0xD8, 0xE8, 0x62, 0x49, 0x2B, 0xE3, 0x33, 0x19, 0x79, 0x4D, 0x4B, 0xDE, 0x91, 0x20,
    0x07, 0x1A, 0x58, 0x80, 0x0B, 0xDC, 0x1F, 0xBF, 0x1C, 0xAC, 0xFC, 0x85, 0xA3, 0xB3, 0xF2, 0x37,
    0xEF, 0x59, 0x7D, 0x54, 0x87, 0xEF, 0x7D, 0x87, 0xA4, 0x84, 0xE2, 0x14, 0x7A, 0x72, 0xB6, 0x37,
    0x3D, 0xA0, 0x93, 0xF9, 0x37, 0x9E, 0xBF, 0x2B, 0x0F, 0x6D, 0x0C, 0x63, 0x46, 0x8D, 0xAE, 0x49,
    0xB6, 0xDA, 0xB8, 0x7C, 0xFF, 0xAE, 0xF5, 0x7D, 0x47, 0xAA, 0x30, 0x23, 0x58, 0xAD, 0x04, 0x25,
    0x42, 0x9A, 0x5A, 0xB6, 0xA9, 0xAB, 0x86, 0x59, 0x8E, 0xFE, 0xC9, 0x77, 0xF5, 0xB3, 0x2A, 0x1F,
    0xFF, 0x10, 0xA6, 0x2A, 0x7F, 0xFF, 0xAE, 0xFF, 0xAE, 0x73, 0x22, 0x9B, 0x49, 0x68, 0xFD, 0xE6,
    0xA7, 0x50, 0x5A, 0x3A, 0xFA, 0x73, 0x4D, 0xEF, 0xBF, 0x15, 0xCA, 0x18, 0x3D, 0x93, 0xF7, 0xB2,
    0xDD, 0x72, 0xA6, 0x18, 0x63, 0x6A, 0xD4, 0x63, 0xDC, 0x87, 0xD8, 0x5C, 0xEB, 0x79, 0xEA, 0x36,
    0xF2, 0xAC, 0xE7, 0xFA, 0xA7, 0xC7, 0xBF, 0x49, 0x75, 0x66, 0xAD, 0x4D, 0xCC, 0x98, 0xAD, 0xDE,
    0x5A, 0xBA, 0xF4, 0x5B, 0xE7, 0x56, 0xC9, 0x39, 0xA1, 0xDE, 0x2A, 0x8C, 0x2B, 0x6A, 0x4B, 0xDB,
    0x45, 0xFF, 0xE6, 0xCC, 0xD3, 0x6F, 0xC6, 0x98, 0xE7, 0xA8, 0x7E, 0xF1, 0xB7, 0x9E, 0x6B, 0xD3,
    0x3A, 0x58, 0x4D, 0x59, 0xAB, 0x5F, 0xF1, 0x17, 0x7F, 0x7E, 0x9C, 0x67, 0x3D, 0xCB, 0x5E, 0x6A,
    0x83, 0x81, 0xBC, 0x90, 0x31, 0x4C, 0x7C, 0x9C, 0xFF, 0x56, 0x56, 0x9D, 0xBE, 0xBB, 0xAA, 0x5E,
    0xF4, 0xF7, 0xD0, 0x99, 0xD9, 0xD4, 0x55, 0x87, 0xD4, 0x91, 0x3D, 0xC1, 0xCA, 0xD6, 0x4B, 0x28,
    0x69, 0xC2, 0xF8, 0xE8, 0x27, 0x27, 0x63, 0x9E, 0xBE, 0xBB, 0x32, 0x5F, 0xF2, 0x33, 0x17, 0xBA,
    0xB1, 0x19, 0xB7, 0x51, 0x5B, 0x0E, 0x65, 0xAB, 0xBB, 0xDF, 0x4B, 0x6D, 0x6C, 0x7B, 0xBF, 0xAD,
    0xF3, 0x7F, 0xF7, 0xDB, 0xF2, 0x17, 0xFA, 0xCD, 0xFF, 0x0F, 0xD5, 0x93, 0x81, 0x06, 0x33, 0x31,
    0x10, 0x84, 0x87, 0x05, 0x08, 0xFB, 0x2A, 0x43, 0x01, 0xC2, 0xBE, 0xFA, 0xD0, 0x07, 0xE8, 0xAB,
    0x2C, 0x05, 0x08, 0xF9, 0x2F, 0x96, 0xA2, 0x97, 0x3B, 0xFE, 0xE2, 0xE7, 0xFF, 0x26, 0x49, 0x2B,
    0x73, 0xC3, 0x59, 0x73, 0x58, 0xC0, 0xD4, 0xC8, 0xB6, 0xD4, 0x68, 0xC2, 0x09, 0x03, 0xE0, 0x30,
    0x2C, 0x45, 0xE2, 0x8B, 0x98, 0x73, 0x74, 0xCB, 0x11, 0xEF, 0x57, 0xEF, 0x76, 0xEC, 0xB9, 0x7E,
    0x73, 0xAC, 0xFB, 0xF2, 0xD4, 0xE3, 0x3D, 0x7B, 0xBC, 0xD4, 0x23, 0x5E, 0x23, 0x42, 0x7D, 0xDD,
    0xFF, 0x45, 0x7E, 0x54, 0x3E, 0x7B, 0xC4, 0x3C, 0xB6, 0xC6, 0x27, 0x5F, 0xA4, 0xB1, 0x91, 0x8C,
    0x01, 0x1E, 0x3A, 0x11, 0x49, 0x10, 0x21, 0x10, 0x0C, 0xE1, 0x84, 0xA9, 0x61, 0xF9, 0x3C, 0x70,
    0xED, 0xF2, 0x20, 0x04, 0x19, 0x96, 0xCE, 0xB8, 0x2A, 0x59, 0xE7, 0xA5, 0x9F, 0x20, 0xE4, 0xD8,
    0x51, 0x93, 0x5D, 0xE7, 0x35, 0x91, 0xB8, 0x75, 0x2F, 0x9F, 0x61, 0xBD, 0x79, 0x09, 0xFA, 0x9E,
    0x50, 0xAB, 0x5B, 0x95, 0x0C, 0x0D, 0x3B, 0x1E, 0xEA, 0x2C, 0xB0, 0x67, 0xDF, 0x24, 0xD9, 0x21,
    0xD7, 0x94, 0x7D, 0xC9, 0x07, 0x62, 0xA2, 0x3B, 0xD2, 0x54, 0x0B, 0x0E, 0x0C, 0xB8, 0xD0, 0x81,
    0x04, 0xE6, 0xD4, 0xB1, 0x3C, 0x11, 0x03, 0x23, 0x90, 0x8E, 0x5A, 0x96, 0x80, 0x03, 0x26, 0x55,
    0xD0, 0x11, 0x13, 0x9E, 0x28, 0xFE, 0xDB, 0x52, 0xFC, 0xEB, 0x5A, 0xFC, 0x5E, 0x0A, 0x95, 0x4E,
    0xFF, 0x37, 0xB8, 0x40, 0x4F, 0x1E, 0xFB, 0xCA, 0x27, 0x23, 0x89, 0x3B, 0x7F, 0x3F, 0xBF, 0x82,
    0x6C, 0x32, 0x34, 0x91, 0xD8, 0x12, 0x02, 0x23, 0xF7, 0x79, 0x82, 0xB7, 0xA5, 0x6E, 0x4B, 0x6C,
    0x72, 0x34, 0xB5, 0x8D, 0xEF, 0xB0, 0x8F, 0x22, 0xB1, 0x25, 0x3A, 0x9F, 0x25, 0xFC, 0xF0, 0x51,
    0x95, 0xDF, 0xF9, 0x10, 0x41, 0xEC, 0xF0, 0x24, 0x5C, 0x60, 0xE8, 0xAE, 0x3B, 0x06, 0x24, 0x2E,
    0x51, 0x7B, 0xB6, 0x07, 0x9B, 0x80, 0xDB, 0x19, 0xE3, 0x0A, 0x4F, 0xC8, 0xE0, 0xF9, 0x07, 0xA5,
    0x51, 0x41, 0xAA, 0xEB, 0x30, 0x0C, 0x1C, 0xF0, 0x56, 0xE0, 0xAB, 0x08, 0xBC, 0x35, 0xF8, 0xEA,
    0x82, 0x6E, 0x03, 0xBD, 0x8A, 0x20, 0x5B, 0x81, 0xBE, 0x14, 0x27, 0x69, 0xD2, 0xF2, 0x16, 0xED,
    0x9F, 0xE9, 0x8C, 0x2C, 0x3B, 0xB2, 0x5D, 0x0B, 0x3B, 0xAA, 0x32, 0x18, 0xCD, 0x1A, 0x5A, 0x8C,
    0x0B, 0x82, 0x86, 0x2B, 0x96, 0x6A, 0xBC, 0x34, 0x6E, 0xDC, 0xA5, 0xCB, 0xA0, 0xA6, 0x05, 0x57,
    0x14, 0x25, 0x62, 0x62, 0xB4, 0xDE, 0x64, 0xDB, 0x83, 0x8A, 0xE2, 0x82, 0xEA, 0x84, 0x64, 0xB5,
    0x74, 0xD7, 0xF4, 0x1B, 0x2C, 0xCF, 0x1C, 0x36, 0x55, 0x50, 0xAD, 0x17, 0x4C, 0xF4, 0xD3, 0x14,
    0xEA, 0xC1, 0xD5, 0x57, 0x37, 0x87, 0xCB, 0x30, 0x14, 0xA9, 0x3A, 0xAD, 0xE2, 0xD3, 0xFA, 0xDD,
    0xF4, 0x66, 0x45, 0x50, 0x11, 0x86, 0xCD, 0x2C, 0x83, 0x9F, 0xB6, 0x4A, 0xD8, 0x43, 0x73, 0x94,
    0xA6, 0x96, 0x0B, 0x01, 0xD1, 0x91, 0x69, 0x95, 0xB0, 0xA2, 0x61, 0xD0, 0x63, 0x01, 0xA3, 0x1C,
    0x56, 0x1F, 0x61, 0x65, 0x3D, 0x0C, 0x9B, 0x8D, 0xB4, 0x3A, 0x0D, 0x3B, 0xBA, 0x34, 0x69, 0xDE,
    0xB4, 0x2B, 0x2F, 0xFC, 0xD8, 0x68, 0xB8, 0x60, 0x80, 0x85, 0x9F, 0xAC, 0x83, 0x1B, 0x37, 0x7A,
    0xAD, 0x2B, 0x4A, 0x44, 0x3D, 0x43, 0xAD, 0xAF, 0xD0, 0x33, 0x14, 0x39, 0x43, 0x2F, 0x92, 0x57,
    0x4C, 0x68, 0xCD, 0xAC, 0xE2, 0x0C, 0x0A, 0xCD, 0x8F, 0x34, 0xAB, 0xF6, 0x4F, 0x66, 0x96, 0x77,
    0x46, 0xD7, 0x3F, 0xC2, 0x00, 0xAA, 0xBC, 0x87, 0x9A, 0xBF, 0x1B, 0x9C, 0x64, 0x39, 0x41, 0x4F,
    0xC5, 0x0B, 0x04, 0x07, 0xD5, 0x85, 0x3B, 0xD3, 0xCE, 0x5E, 0x17, 0x20, 0x3B, 0xEA, 0x82, 0xE1,
    0x06, 0x87, 0x41, 0xD1, 0x8B, 0x66, 0x3B, 0x76, 0x01, 0x79, 0xCB, 0xD4, 0x99, 0xAF, 0xF9, 0x69,
    0x28, 0xF3, 0x53, 0x0A, 0x64, 0xED, 0xB6, 0xC7, 0xC8, 0x45, 0xDF, 0x1A, 0x10, 0x32, 0x45, 0x51,
    0xDD, 0xDA, 0x30, 0xA0, 0x79, 0x44, 0x51, 0x68, 0x15, 0xE8, 0x00, 0xD4, 0x00, 0x4F, 0x3C, 0x05,
    0x6B, 0xCE, 0xA7, 0x60, 0xA1, 0xB1, 0x2B, 0xEB, 0x8A, 0x4E, 0xC1, 0x42, 0x03, 0x3B, 0x86, 0x43,
    0x82, 0x56, 0xA7, 0x26, 0xDF, 0x3B, 0x39, 0x69, 0xBC, 0x06, 0x6D, 0x30, 0x92, 0x3B, 0xAA, 0xF0,
    0x06, 0x92, 0x22, 0x8D, 0x3B, 0x77, 0x62, 0x02, 0xCF, 0x3D, 0x86, 0x32, 0xB9, 0x4F, 0xC5, 0x18,
    0x07, 0x0F, 0x94, 0x60, 0xD5, 0x46, 0x41, 0x04, 0xFB, 0x36, 0xEA, 0x75, 0xC9, 0xF9, 0x03, 0x45,
    0xF2, 0x91, 0x8F, 0x5D, 0x26, 0x71, 0x41, 0xD5, 0xC8, 0x83, 0xEE, 0x15, 0xEE, 0x0C, 0xA6, 0xAA,
    0x7F, 0xEC, 0x1F, 0xCC, 0x71, 0xD5, 0xEB, 0xFE, 0x24, 0xC9, 0x61, 0xE1, 0x93, 0x0F, 0xEA, 0xEF,
    0xFB, 0x33, 0x51, 0xF6, 0x87, 0x1B, 0x2D, 0x01, 0xD7, 0x45, 0x16, 0xC1, 0x05, 0x6E, 0xA9, 0x82,
    0x83, 0x1F, 0x70, 0x9F, 0x0D, 0x06, 0xCF, 0x71, 0x46, 0x44, 0x7E, 0x0C, 0x09, 0x98, 0x65, 0xFB,
    0x37, 0x27, 0x28, 0x29, 0x15, 0x1D, 0x4B, 0x3A, 0x2D, 0x44, 0x5C, 0x6F, 0x67, 0x33, 0x16, 0xB8,
    0xC6, 0x34, 0x35, 0x36, 0x61, 0xF0, 0x6D, 0xFD, 0xF6, 0x12, 0xD2, 0x78, 0xF2, 0xFE, 0xFF, 0x68,
    0xC3, 0x50, 0x42, 0x2A, 0x79, 0x80, 0x64, 0xE8, 0xB2, 0x41, 0x30, 0xC9, 0x20, 0xB8, 0x5D, 0xDF,
    0xCE, 0x95, 0x29, 0x39, 0x66, 0x0C, 0xBA, 0xE6, 0xFC, 0xFD, 0xFD, 0x18, 0x41, 0x9A, 0xBD, 0x19,
    0xF6, 0x76, 0x33, 0xDE, 0x38, 0x8A, 0x8E, 0x51, 0x60, 0x15, 0xFA, 0x71, 0x7B, 0x86, 0x34, 0x26,
    0xAC, 0xF8, 0x84, 0x83, 0x85, 0xD9, 0x8D, 0x79, 0x77, 0x71, 0x7C, 0xF4, 0x0F, 0xC9, 0x58, 0x45,
    0x05, 0xF4, 0x75, 0xFF, 0xE1, 0x6E, 0xBD, 0xA8, 0x8D, 0xF5, 0xD9, 0x7B, 0x09, 0x79, 0x28, 0x73,
    0xF7, 0xA9, 0x22, 0x39, 0x67, 0xDD, 0x33, 0x7A, 0xCF, 0x7C, 0xF8, 0x37, 0xF5, 0x6A, 0x7B, 0x7D,
    0xC6, 0x3E, 0xE6, 0xDA, 0x97, 0xE7, 0x7B, 0xC8, 0xA2, 0x7E, 0x8D, 0x3C, 0xF4, 0xF5, 0xF9, 0x39,
    0x3F, 0x63, 0xE6, 0x3F, 0xD6, 0x87, 0xFC, 0xC7, 0xFB, 0xE7, 0xFC, 0x8C, 0xA3, 0x84, 0xBE, 0xAB,
    0xDF, 0xCF, 0x9F, 0x31, 0xF3, 0x2F, 0xEF, 0x3F, 0xFB, 0x37, 0x95, 0xF9, 0x4F, 0xE7, 0xA7, 0x7E,
    0x3B, 0x5F, 0xFA, 0xA5, 0xFF, 0x5B, 0xFE, 0x7F, 0xF5, 0xA1, 0xBD, 0xFE, 0x1F, 0x95, 0x96, 0x41,
    0x8A, 0x63, 0x3D, 0x0C, 0x84, 0x0B, 0xB4, 0x2D, 0x78, 0x57, 0x29, 0xF0, 0xD6, 0xE0, 0xAB, 0x0B,
    0xB2, 0x35, 0xCC, 0x55, 0x0C, 0xB3, 0x35, 0xE8, 0x8F, 0xE9, 0xA6, 0xFF, 0x88, 0x28, 0xE9, 0xC9,
    0x57, 0x18, 0xC7, 0x11, 0x92, 0x5F, 0x64, 0x59, 0x79, 0x48, 0x18, 0x88, 0x11, 0x84, 0x21, 0xE1,
    0xB6, 0x38, 0xE1, 0xA5, 0x32, 0x0E, 0xC5, 0x86, 0x1E, 0xBE, 0xF7, 0x4A, 0x9C, 0xB6, 0xE0, 0x78,
    0x82, 0x12, 0x23, 0x44, 0xAA, 0xDE, 0xFF, 0x9D, 0xFF, 0xF0, 0x8E, 0x06, 0x39, 0x04, 0xA2, 0xC0,
    0x36, 0x3A, 0xA6, 0x91, 0x10, 0x2A, 0x04, 0xC2, 0x88, 0x89, 0x6E, 0x1B, 0x35, 0x84, 0xE4, 0x0D,
    0x1D, 0xC3, 0xCB, 0x00, 0x32, 0x51, 0x23, 0x28, 0x13, 0x8E, 0x12, 0x3C, 0x72, 0x2A, 0x36, 0x45,
    0x3F, 0xAB, 0x77, 0x5C, 0x7E, 0x1F, 0xB0, 0x45, 0x27, 0x21, 0xD9, 0xF9, 0xE2, 0x33, 0x6C, 0x5D,
    0x8E, 0x25, 0x99, 0x9C, 0x3C, 0x4B, 0xFC, 0x0E, 0x25, 0x8F, 0x90, 0xD7, 0xF9, 0x2F, 0xAB, 0x20,
    0x41, 0x19, 0x23, 0x8C, 0x0F, 0xFE, 0x2F, 0xCE, 0xBE, 0xAE, 0x00, 0x33, 0x72, 0x2C, 0xD2, 0x0C,
    0x25, 0xEE, 0xD2, 0xB5, 0x25, 0x77, 0x94, 0x18, 0xC9, 0xB1, 0x49, 0xE3, 0xEF, 0xF5, 0x7B, 0x6D,
    0x3C, 0x21, 0x97, 0xC6, 0x96, 0x94, 0xE2, 0x5F, 0xBB, 0xFE, 0x0D, 0x39, 0x7E, 0xB6, 0x96, 0xF1,
    0x69, 0x46, 0x1B, 0x9B, 0xB0, 0x97, 0xE5, 0x25, 0x5E, 0x81, 0x57, 0x25, 0x4A, 0x6B, 0x6C, 0x63,
    0x53, 0xA6, 0xDA, 0xBF, 0xA9, 0xF1, 0x0A, 0xA3, 0x09, 0x25, 0x54, 0x9B, 0x7B, 0x88, 0xAC, 0xEC,
    0x0E, 0xE7, 0xD2, 0x8C, 0xD0, 0xE4, 0x7A, 0x3C, 0x5B, 0x7D, 0xC9, 0x9B, 0x77, 0x57, 0xF5, 0xFB,
    0x73, 0xFF, 0xF0, 0x9F, 0xFA, 0x3F, 0xCA, 0x38, 0x64, 0x3F, 0xF5, 0x7F, 0x04, 0x3D, 0xCA, 0x44,
    0x0D, 0x7F, 0xCC, 0x0F, 0xB3, 0x4E, 0xEC, 0xD4, 0x5F, 0x9E, 0x89, 0x05, 0x59, 0xC3, 0x86, 0x00,
    0x54, 0xF1, 0xD7, 0xAB, 0xFC, 0xDB, 0xA6, 0xCD, 0xDB, 0x30, 0xA2, 0x66, 0xB8, 0xEB, 0xD6, 0x7C,
    0x43, 0x4F, 0x96, 0xFD, 0xBE, 0xFF, 0x34, 0x74, 0x8C, 0x7D, 0xEC, 0x77, 0x26, 0xFA, 0xD8, 0xE8,
    0x98, 0x78, 0x82, 0x5B, 0x4B, 0x53, 0x14, 0xAF, 0x85, 0x82, 0xA1, 0x8B, 0x8D, 0xC9, 0x5E, 0xF4,
    0x6F, 0xBC, 0xA3, 0xEC, 0xEF, 0x58, 0x78, 0xD7, 0xDF, 0xDD, 0x9C, 0xFE, 0x41, 0xFF, 0x7F, 0xCB,
    0xBF, 0xFC, 0x3F, 0x60, 0x62, 0xC1, 0x5F, 0xDB, 0xE9, 0x96, 0xF7, 0x76, 0x68, 0x7C, 0xC7, 0x35,
    0x10, 0xF9, 0x8E, 0x51, 0x43, 0x73, 0x51, 0xFF, 0xEB, 0x6A, 0xDC, 0x14, 0xBE, 0x49, 0x3E, 0x29,
    0x56, 0x65, 0x2F, 0xE3, 0xEF, 0xD9, 0xA8, 0x2C, 0xAA, 0x7C, 0xBE, 0x22, 0xFE, 0xB3, 0xE7, 0x6C,
    0x63, 0x53, 0xE5, 0xE9, 0x6E, 0x20, 0x7B, 0x3F, 0xED, 0x92, 0x9F, 0x2E, 0xDF, 0x6F, 0x1F, 0xDB,
    0xEF, 0x83, 0xF5, 0xD9, 0x39, 0xD7, 0xDD, 0x7E, 0x1B, 0x9B, 0xEB, 0xD9, 0x6E, 0x47, 0x1A, 0xDB,
    0xEC, 0x3E, 0x74, 0x56, 0xCF, 0x18, 0xAE, 0xAD, 0xFB, 0x30, 0x24, 0xDC, 0x74, 0x75, 0x53, 0x52,
    0xDD, 0xC3, 0x7C, 0x2C, 0x70, 0xAC, 0xBC, 0xF7, 0xB3, 0xE7, 0x89, 0x56, 0xBF, 0x3F, 0x8C, 0xED,
    0x96, 0x73, 0x57, 0xED, 0x5F, 0xF9, 0x0F, 0x6F, 0xE8, 0xDE, 0x84, 0x09, 0xD5, 0xDD, 0x01, 0xD3,
    0x3A, 0x67, 0x03, 0x51, 0x41, 0x34, 0x70, 0x5A, 0xC7, 0xB4, 0x8D, 0x0A, 0x61, 0x36, 0x75, 0x6F,
    0x18, 0x8E, 0x4C, 0xCA, 0x5E, 0x14, 0x19, 0x4C, 0xD9, 0x89, 0x94, 0xA1, 0x04, 0x21, 0x46, 0x93,
    0x13, 0x2F, 0x90, 0x38, 0xC3, 0x88, 0x97, 0xEF, 0x57, 0xD7, 0xFE, 0x1A, 0x59, 0xD9, 0xF2, 0x4B,
    0xFF, 0x1F, 0x6F, 0xDE, 0x1F, 0x01, 0x87, 0xA7, 0x4F, 0x19, 0x81, 0x3B, 0xFF, 0xFF, 0xF9, 0x93,
    0x5F, 0xDA, 0xBF, 0xE8, 0xB3, 0xD1, 0xD1, 0xF0, 0x82, 0x89, 0x1E, 0xB9, 0xF7, 0xE6, 0xFC, 0xA3,
    0x85, 0x5B, 0x8B, 0x0B, 0x96, 0x9F, 0x5F, 0xE4, 0x18, 0xA6, 0xA4, 0x55, 0xDC, 0xB0, 0x15, 0xD3,
    0x2D, 0x26, 0xD2, 0xD3, 0xD9, 0xCA, 0x9E, 0x63, 0x90, 0xA9, 0xFE, 0x72, 0xFC, 0xF5, 0xED, 0xB1,
    0xB2, 0xBD, 0x5F, 0xFC, 0xA1, 0x5F, 0xB2, 0x11, 0xA9, 0xBE, 0xF7, 0x5B, 0xFB, 0xE2, 0xEC, 0x7F,
    0x38, 0xBF, 0x74, 0x3E, 0xEB, 0x36, 0xE2, 0x21, 0xFA, 0x1C, 0x23, 0xEF, 0x40, 0x5E, 0xBB, 0xB6,
    0xE7, 0xF8, 0x09, 0xEF, 0x6B, 0x4C, 0xD9, 0x98, 0xBD, 0x38, 0x9D, 0x11, 0x42, 0x5B, 0xCD, 0x9B,
    0x44, 0x99, 0x50, 0xB4, 0x37, 0x93, 0xD1, 0xAC, 0xE1, 0xAF, 0xFD, 0x85, 0x8D, 0xF8, 0xE0, 0xFE,
    0xD6, 0x0C, 0x38, 0xDC, 0x15, 0x11, 0xFB, 0xCC, 0x18, 0xB5, 0x0F, 0xC5, 0x7D, 0xA5, 0xFE, 0x3D,
    0xD7, 0x10, 0x95, 0xEB, 0x32, 0x02, 0x2C, 0xE6, 0x04, 0x25, 0x45, 0x28, 0xFB, 0xE6, 0x9D, 0x18,
    0x41, 0x16, 0xF6, 0x8A, 0x1B, 0x61, 0x66, 0xB8, 0x22, 0xFC, 0xCC, 0x67, 0xFD, 0x09, 0x66, 0x02,
    0x4D, 0x18, 0x11, 0x71, 0xE6, 0xB3, 0xFE, 0x08, 0xBA, 0x83, 0xDF, 0xF9, 0xA3, 0xEB, 0xAC, 0xF1,
    0x01, 0xC6, 0x1B, 0x48, 0xF7, 0x11, 0xB1, 0xCE, 0x7C, 0xD6, 0xEF, 0x21, 0x3A, 0xFE, 0x44, 0x07,
    0xF1, 0x02, 0xA1, 0xC7, 0x5F, 0x74, 0x08, 0xFF, 0x82, 0x1B, 0xCC, 0xCD, 0x19, 0xA1, 0x33, 0x9F,
    0x75, 0x06, 0xF8, 0x0F, 0x9D, 0x9A, 0xC1, 0xAA, 0xF4, 0x2A, 0x0C, 0x80, 0x03, 0xD9, 0x06, 0x7C,
    0x95, 0x80, 0x5B, 0xC1, 0x57, 0x17, 0xBA, 0x15, 0xE6, 0x55, 0x84, 0xD9, 0x0A, 0x5E, 0x33, 0x1E,
    0xC9, 0xB4, 0x89, 0xC3, 0xCF, 0x4D, 0xD0, 0x5A, 0x3F, 0x93, 0x58, 0xEB, 0x69, 0xAB, 0x73, 0x1A,
    0x00, 0x34, 0xCD, 0x12, 0x00, 0x16, 0xCD, 0x68, 0x66, 0x10, 0xC6, 0x18, 0x2B, 0xC3, 0x02, 0xE9,
    0x2B, 0x83, 0x36, 0xF5, 0x2B, 0x4B, 0x58, 0xBE, 0xB3, 0x10, 0x60, 0x67, 0x63, 0x66, 0xD8, 0x61,
    0x8B, 0x78, 0xE6, 0xA9, 0xB0, 0x54, 0xCA, 0x62, 0xA0, 0x82, 0x8D, 0x3E, 0x00, 0x3B, 0x09, 0x9C,
    0x12, 0x3E, 0x3C, 0x8F, 0xD1, 0x25, 0xCD, 0x62, 0x3A, 0xA5, 0x30, 0xB9, 0x24, 0xCB, 0x6C, 0x1A,
    0xB3, 0x9D, 0x24, 0x80, 0x4F, 0x87, 0xA7, 0xFF, 0x57, 0x5A, 0xFE, 0x53, 0xD2, 0xD4, 0x34, 0x61,
    0x99, 0xFE, 0x5F, 0x3D, 0xBC, 0x47, 0x97, 0xF2, 0x34, 0xD1, 0xF4, 0xAD, 0x6D, 0x25, 0xF1, 0xFD,
    0x7E, 0x8D, 0x2E, 0xDE, 0x25, 0xDD, 0x05, 0xDF, 0x44, 0x1C, 0xF9, 0x8A, 0x48, 0x14, 0xDB, 0x0D,
    0x15, 0x28, 0xC8, 0xA2, 0xF4, 0x11, 0xC6, 0x3C, 0xBE, 0x71, 0x1E, 0x8C, 0x8B, 0xAC, 0x56, 0xD2,
    0x1E, 0x8C, 0x84, 0xCE, 0xC0, 0x90, 0x25, 0x9F, 0xE5, 0x07, 0x9C, 0x95, 0x93, 0x17, 0x2E, 0xB9,
    0x47, 0x88, 0x93, 0xCB, 0x80, 0xFB, 0x3E, 0x72, 0xB7, 0xF6, 0x22, 0xB9, 0xC9, 0x3D, 0xCA, 0xFD,
    0x93, 0x37, 0xEB, 0x7F, 0xD6, 0x55, 0xA8, 0xB9, 0x23, 0xE1, 0xE4, 0xBE, 0x7F, 0xF1, 0x91, 0xFB,
    0xD3, 0x3E, 0x77, 0xAB, 0x37, 0x3E, 0xC8, 0x48, 0xCE, 0x5F, 0x3C, 0x3B, 0x7C, 0x7C, 0xFB, 0x67,
    0x22, 0x40, 0x19, 0x67, 0x86, 0x82, 0x40, 0xC0, 0x24, 0x11, 0xC6, 0x18, 0x4D, 0x92, 0xC6, 0x99,
    0x59, 0x11, 0xCD, 0x63, 0x1D, 0x41, 0xA5, 0x60, 0x83, 0x72, 0xE4, 0x69, 0xA6, 0xB6, 0xD2, 0xBE,
    0xFB, 0x61, 0x4F, 0x3B, 0x5B, 0x1D, 0xAC, 0x85, 0x56, 0x2B, 0xD2, 0xC1, 0xA5, 0xA9, 0x08, 0xB8,
    0xA2, 0xF3, 0xA7, 0xE2, 0x29, 0x85, 0xAA, 0xF4, 0x10, 0x1B, 0x55, 0x28, 0xE0, 0x0A, 0x96, 0xFB,
    0xDF, 0x5E, 0x6B, 0x2B, 0x4A, 0x06, 0xDE, 0x9A, 0xD7, 0x04, 0x6B, 0x53, 0xE5, 0xFC, 0x23, 0x29,
    0x23, 0x27, 0x96, 0xE4, 0xF3, 0x98, 0xE3, 0xAE, 0x77, 0xB9, 0x4A, 0x48, 0x32, 0x05, 0x43, 0xD2,
    0x1A, 0xC3, 0x2F, 0xBE, 0xCE, 0x9C, 0xBF, 0x34, 0x77, 0xF0, 0x84, 0xF6, 0x2D, 0x3E, 0x71, 0x14,
    0xCE, 0xC4, 0x93, 0xB3, 0xA1, 0x15, 0x1A, 0x72, 0x5A, 0x57, 0x50, 0xEF, 0x43, 0x67, 0xD5, 0xF0,
    0x8A, 0x4D, 0x8E, 0xA1, 0x44, 0xC3, 0x89, 0xAD, 0x1A, 0x9E, 0x66, 0x6A, 0x61, 0x96, 0x92, 0x72,
    0xE7, 0x31, 0xB1, 0x1E, 0x11, 0x8C, 0x4F, 0x2C, 0x75, 0xC2, 0x4E, 0x8F, 0x88, 0xD0, 0xEE, 0x1D,
    0x78, 0xF2, 0x3B, 0x0D, 0x7B, 0x06, 0x26, 0xA8, 0x50, 0xAC, 0x52, 0x09, 0x8B, 0x57, 0x8C, 0xC8,
    0x56, 0x23, 0xA7, 0x22, 0x18, 0x23, 0x55, 0x4F, 0x6B, 0x7D, 0xF3, 0xDD, 0x3F, 0x36, 0xA9, 0xC7,
    0x76, 0xF2, 0x1F, 0x7A, 0x9C, 0x12, 0xBA, 0xEF, 0x3F, 0xF7, 0xFA, 0x12, 0xCD, 0xFD, 0xE8, 0xFF,
    0x4D, 0x2F, 0x1A, 0xA6, 0xFF, 0x0F, 0x2E, 0x3D, 0xF0, 0x79, 0x6C, 0xA9, 0xE6, 0xFA, 0xE4, 0x2A,
    0x7A, 0xCF, 0xD3, 0x94, 0x07, 0xD4, 0x5A, 0x6D, 0xA9, 0x7F, 0x82, 0xF6, 0x44, 0xDB, 0x6B, 0xC9,
    0x8D, 0x97, 0x3B, 0x9C, 0x24, 0x4D, 0x85, 0x5C, 0x76, 0xC9, 0xEF, 0x4F, 0xEE, 0xAB, 0xE4, 0x7B,
    0x0F, 0xC4, 0x6D, 0x97, 0xAD, 0x6C, 0x7E, 0x16, 0x6E, 0x81, 0x5C, 0xA0, 0xF6, 0x17, 0xA5, 0x23,
    0x05, 0x2E, 0x7C, 0xC1, 0xE5, 0xF4, 0x7E, 0x3F, 0x0C, 0x0B, 0xEE, 0x07, 0xA3, 0xFF, 0xB8, 0x28,
    0xA1, 0x46, 0x46, 0xA0, 0xA9, 0x9E, 0xE4, 0x7E, 0xBE, 0x0A, 0xAD, 0xCF, 0xDD, 0xF3, 0xBC, 0x7D,
    0xE3, 0xE4, 0xE2, 0x5F, 0x2A, 0xAD, 0xA5, 0xB5, 0xDF, 0x5C, 0x4C, 0x26, 0x29, 0xCB, 0x9E, 0x6F,
    0xDE, 0x43, 0xE5, 0xB6, 0x88, 0xF4, 0x7D, 0x71, 0x76, 0xFB, 0xE7, 0xF7, 0x5E, 0xBD, 0x20, 0x48,
    0x2F, 0x09, 0xE8, 0x68, 0xAB, 0xFD, 0xB3, 0x5C, 0x73, 0xFF, 0xBE, 0xDA, 0xEB, 0x53, 0x91, 0x67,
    0xC8, 0x7E, 0xEE, 0x78, 0x1C, 0xCB, 0x9A, 0x75, 0x29, 0xF9, 0xB3, 0x4B, 0x5B, 0xE4, 0xEE, 0xCF,
    0x4E, 0x2F, 0xBE, 0x52, 0x65, 0x72, 0x6E, 0xFE, 0x30, 0x94, 0xAF, 0x0A, 0xD3, 0x40, 0xF9, 0xC2,
    0x56, 0x62, 0xD7, 0xDC, 0x93, 0x5C, 0x35, 0x77, 0x79, 0xA7, 0xF5, 0x26, 0x3A, 0xBE, 0xA8, 0xDD,
    0xEB, 0xD3, 0x31, 0xB5, 0x3C, 0xCF, 0x34, 0x0A, 0xE0, 0xBB, 0x41, 0x28, 0x52, 0x6D, 0x3F, 0x73,
    0x96, 0x68, 0xBD, 0xB4, 0x93, 0xF6, 0x62, 0x27, 0xF6, 0xBE, 0x8D, 0x53, 0x5F, 0x42, 0xC7, 0x86,
    0x7C, 0xBC, 0x0F, 0x05, 0x99, 0x28, 0xF4, 0x13, 0x47, 0x42, 0xCE, 0x29, 0x72, 0x3E, 0x7A, 0x48,
    0x25, 0xB2, 0xA8, 0x47, 0x03, 0xF0, 0xFA, 0xEB, 0x17, 0x4F, 0x4F, 0x7B, 0xF3, 0x35, 0x36, 0xDE,
    0xD2, 0xEF, 0xDC, 0xA6, 0xD9, 0xED, 0x5B, 0x6B, 0xE4, 0xD1, 0x84, 0x41, 0xBB, 0x9B, 0x9C, 0xAF,
    0xFF, 0x77, 0xFD, 0xFD, 0x03, 0xAE, 0xAD, 0xFA, 0xF7, 0xAB, 0x3D, 0x3E, 0xFF, 0x56, 0x7D, 0x1A,
    0x6D, 0x35, 0x57, 0x93, 0xFE, 0x5E, 0x7E, 0x56, 0x73, 0x49, 0xCF, 0x19, 0x73, 0x4B, 0x5B, 0x66,
    0x29, 0xCC, 0x34, 0xCA, 0xFD, 0x30, 0x13, 0x2C, 0x22, 0x27, 0x8F, 0x82, 0x24, 0xD8, 0x4B, 0x22,
    0x25, 0x5E, 0x01, 0x3D, 0xDF, 0xCB, 0x81, 0xFA, 0xD8, 0xA7, 0x09, 0xCB, 0x5A, 0x31, 0xFA, 0xF7,
    0x54, 0xD8, 0x6A, 0xE3, 0x73, 0xB5, 0x77, 0x9F, 0x8E, 0x6A, 0x4F, 0x86, 0xAB, 0x5C, 0x48, 0xC4,
    0x5C, 0x2E, 0xE0, 0x42, 0x8C, 0x04, 0xD7, 0x1D, 0x6B, 0xFD, 0x6E, 0xF7, 0x2D, 0x93, 0x14, 0x9C,
    0x5C, 0x74, 0x97, 0xBF, 0xF1, 0x54, 0x2E, 0x71, 0xC7, 0xAE, 0xB8, 0x9F, 0xCD, 0xF6, 0x23, 0x3E,
    0x75, 0x80, 0x3E, 0x53, 0xD6, 0xB1, 0x7B, 0x17, 0x18, 0xB8, 0x52, 0x18, 0x20, 0x75, 0x6B, 0x78,
    0xD3, 0x2C, 0xA4, 0xD0, 0xA7, 0x59, 0x7F, 0xCE, 0xC5, 0xE7, 0x9C, 0x92, 0x06, 0xE3, 0x9A, 0xF6,
    0xFB, 0x06, 0x8B, 0xBD, 0x9C, 0x84, 0x59, 0x90, 0x24, 0xBE, 0xB2, 0x84, 0x2E, 0x40, 0x12, 0x56,
    0xE6, 0xD5, 0xC7, 0x97, 0xA6, 0x3D, 0x19, 0x35, 0xA5, 0x0E, 0xDB, 0x28, 0xF4, 0x8F, 0x41, 0x98,
    0x49, 0xFA, 0x29, 0xB1, 0xC0, 0xC4, 0xFA, 0xEB, 0x6B, 0x5A, 0xF7, 0xBF, 0xBF, 0xC7, 0xEE, 0xF7,
    0x31, 0x86, 0x34, 0x1E, 0x25, 0x4D, 0xBF, 0x69, 0x75, 0x4A, 0xE2, 0xC8, 0xD8, 0xE0, 0xD5, 0x01,
    0x5F, 0x7D, 0xF9, 0xAE, 0x6B, 0x9C, 0x5E, 0xF3, 0x30, 0x93, 0x34, 0xFD, 0x1D, 0xC3, 0x9D, 0x39,
    0xFA, 0xC6, 0xF2, 0x67, 0x9E, 0xE5, 0x3C, 0xB5, 0x4F, 0x56, 0xB0, 0x60, 0x97, 0x77, 0x66, 0xBA,
    0xBF, 0x33, 0x0B, 0x94, 0x2C, 0x6C, 0xDA, 0x67, 0x98, 0x9C, 0x52, 0x13, 0x6E, 0x63, 0x6B, 0x14,
    0x3F, 0xB6, 0xB6, 0xBC, 0xCD, 0xA8, 0x8E, 0xBC, 0x62, 0x67, 0xA0, 0x42, 0x3D, 0x4E, 0x5C, 0xA6,
    0xEE, 0xBE, 0x25, 0x8D, 0x9D, 0x82, 0x8C, 0x61, 0xA1, 0xC4, 0x13, 0x3C, 0xE7, 0xE5, 0x9F, 0x6F,
    0xFE, 0x9C, 0x99, 0x0B, 0xA4, 0xBF, 0x5E, 0xE8, 0x8C, 0xF5, 0xED, 0x13, 0x63, 0x95, 0xE6, 0x47,
    0xFB, 0x14, 0xC5, 0xC7, 0xD1, 0x1E, 0x38, 0xA5, 0xAB, 0xFE, 0x8A, 0x1F, 0xAF, 0x94, 0x1E, 0x38,
    0xC9, 0xEA, 0x0B, 0xE4, 0x0A, 0xCB, 0x5A, 0xE3, 0xDC, 0xF9, 0x94, 0x42, 0x05, 0x8B, 0xDC, 0xA5,
    0x00, 0x32, 0x3E, 0xE4, 0x6E, 0x80, 0xE8, 0xF6, 0x87, 0xBF, 0x81, 0xE1, 0x6D, 0x5F, 0xE8, 0x06,
    0x49, 0x14, 0xCF, 0xE2, 0xC9, 0xB9, 0xBA, 0xB5, 0xC1, 0xE1, 0x6F, 0x6F, 0xD8, 0xF8, 0xB9, 0xFF,
    0x8A, 0x2F, 0xDC, 0xDF, 0xA0, 0xD9, 0xDB, 0x33, 0xB9, 0xF3, 0xCF, 0xF8, 0xCA, 0xDD, 0xF8, 0x9C,
    0x3B, 0xFE, 0x8A, 0x5F, 0x72, 0x27, 0xBB, 0xF6, 0xAB, 0x91, 0x72, 0x8F, 0xF3, 0xA8, 0xEB, 0x3F,
    0xE5, 0x4B, 0x63, 0x8D, 0x93, 0xFA, 0x3C, 0x4E, 0xCD, 0x55, 0x72, 0xE5, 0x2A, 0xB9, 0xFB, 0x6B,
    0x77, 0xE5, 0xBB, 0x7F, 0x96, 0x5B, 0x7B, 0x49, 0x67, 0x7B, 0x9F, 0x7B, 0x6B, 0x5F, 0x15, 0xA5,
    0x7E, 0x7C, 0x59, 0x9F, 0xF2, 0x95, 0x07, 0x5F, 0xB2, 0x06, 0x74, 0x39, 0x31, 0xAE, 0xCD, 0xBA,
    0x13, 0x8F, 0xB2, 0x01, 0x18, 0x4F, 0x5C, 0x37, 0x08, 0xCF, 0xFE, 0xF9, 0xE2, 0x5F, 0xFC, 0x92,
    0x08, 0x3F, 0xF9, 0xFB, 0x17, 0x9F, 0x14, 0xE3, 0xFB, 0xCC, 0x85, 0x9E, 0xE2, 0xCB, 0xC8, 0xF0,
    0xB5, 0x73, 0x97, 0x23, 0xE3, 0xCA, 0x7D, 0x9E, 0xC2, 0x1A, 0x9F, 0x14, 0xCE, 0xF6, 0x7C, 0x9D,
    0xEC, 0xF7, 0xDC, 0x58, 0x47, 0x2B, 0x7B, 0x6E, 0xAC, 0xA3, 0xE7, 0x1F, 0x8A, 0xAA, 0xE5, 0xDF,
    0xD4, 0xC6, 0xA7, 0x3F, 0x0D, 0x8D, 0xDC, 0x00, 0x4A, 0x77, 0x0B, 0xBF, 0xF7, 0xA7, 0x2B, 0x88,
    0x5B, 0xFB, 0x2E, 0x3D, 0x38, 0xFF, 0x69, 0xDE, 0x25, 0xD7, 0xBE, 0xAB, 0x07, 0x1B, 0x7F, 0x6D,
    0x10, 0x4B, 0x6E, 0xE3, 0x2B, 0xDD, 0x2D, 0x1C, 0xFF, 0x3C, 0xB5, 0x4B, 0x6E, 0xFD, 0x2B, 0xDD,
    0x2D, 0x1E, 0xD2, 0x1E, 0xEF, 0xAF, 0x76, 0xC7, 0xE1, 0xF1, 0xFE, 0x0A, 0xE0, 0x48, 0xC2, 0x9A,
    0x08, 0x2B, 0xA4, 0xD3, 0x86, 0x48, 0x2C, 0x9C, 0x62, 0xB1, 0xD8, 0xDA, 0xE7, 0xFE, 0xDB, 0xDE,
    0xE3, 0xCF, 0x1E, 0x43, 0xE3, 0x82, 0x9D, 0xC7, 0xE8, 0x72, 0x94, 0x73, 0xF0, 0xE5, 0x68, 0x9F,
    0x0B, 0x52, 0x1E, 0x83, 0xE4, 0x78, 0xB6, 0x3F, 0x7A, 0x28, 0x00, 0xCC, 0x61, 0x34, 0x96, 0xE3,
    0x3A, 0x3F, 0xCB, 0x9A, 0xF5, 0x29, 0xAC, 0xD2, 0xC3, 0x53, 0x87, 0x62, 0xD4, 0x88, 0xEE, 0x3E,
    0x8A, 0xC5, 0x93, 0x4A, 0x8D, 0xEE, 0x60, 0x02, 0x58, 0x7E, 0xF7, 0x70, 0xFC, 0x0B, 0x2F, 0x3C,
    0xF5, 0xB8, 0xFF, 0x9B, 0xA0, 0x22, 0x11, 0x3D, 0xF8, 0xE3, 0x07, 0x16, 0xD1, 0xE7, 0xDE, 0xA9,
    0xF9, 0x91, 0xC5, 0xDD, 0x3B, 0x55, 0x35, 0xEF, 0x0E, 0x77, 0xFF, 0xD4, 0xAE, 0x88, 0xD5, 0xF7,
    0x69, 0x4F, 0xCF, 0x17, 0x5D, 0x71, 0x9F, 0x6C, 0x99, 0x88, 0x73, 0x27, 0x66, 0xF2, 0xBC, 0x30,
    0xEA, 0xF3, 0x95, 0xD1, 0xE5, 0x14, 0x99, 0x4B, 0xE4, 0x44, 0x3E, 0xA7, 0x80, 0x11, 0x2E, 0x8C,
    0x24, 0xF6, 0x8E, 0x10, 0xE0, 0xDF, 0x35, 0x82, 0x2F, 0x04, 0xEC, 0x73, 0x7F, 0x5F, 0xC9, 0xC4,
    0xF7, 0xEF, 0x8E, 0x73, 0x8F, 0x19, 0x0F, 0x3F, 0x90, 0x7D, 0x9E, 0x7D, 0x3C, 0x4B, 0xC1, 0xFD,
    0x3E, 0xCB, 0x24, 0xDF, 0x58, 0xD9, 0xFB, 0x46, 0x14, 0x7B, 0x94, 0xD1, 0xDB, 0xF2, 0xE4, 0x4A,
    0xF8, 0x62, 0xBC, 0xFB, 0xD7, 0x1D, 0x6E, 0x55, 0xEF, 0xF7, 0x81, 0xDC, 0x35, 0x3F, 0xFC, 0xB2,
    0x41, 0x28, 0xDE, 0xD8, 0x7E, 0xDF, 0xAF, 0xD1, 0xE7, 0xD5, 0x6A, 0x9E, 0x1F, 0x85, 0x68, 0x62,
    0x69, 0x57, 0x0A, 0x22, 0x7E, 0x4E, 0xE5, 0x28, 0xE7, 0x9F, 0x7A, 0xA9, 0x38, 0x8B, 0x34, 0x31,
    0x36, 0xEA, 0x6B, 0xB9, 0x56, 0xB1, 0x3B, 0x02, 0xBA, 0x16, 0x3A, 0xEC, 0x08, 0x68, 0x7B, 0x95,
    0x03, 0x53, 0x31, 0xBE, 0xCD, 0xE8, 0x61, 0x4D, 0xC7, 0xF5, 0x91, 0x54, 0xC4, 0x42, 0xE9, 0xB0,
    0x3E, 0x62, 0x64, 0x4C, 0x54, 0x5B, 0xFB, 0x5B, 0x21, 0xAE, 0xA9, 0x08, 0xA4, 0xDE, 0x2B, 0x57,
    0x66, 0x7A, 0xAD, 0x55, 0x5A, 0x80, 0x34, 0xF5, 0x9B, 0xAF, 0xBD, 0xDE, 0xFD, 0x7D, 0x9F, 0x6F,
    0xDF, 0xF7, 0xCA, 0xF7, 0xF7, 0xBD, 0xE1, 0xF6, 0xFB, 0xB7, 0x48, 0x9B, 0xD3, 0xF7, 0xAF, 0x72,
    0x7F, 0x5F, 0x25, 0xD4, 0xD8, 0x74, 0x86, 0xD8, 0x7D, 0x15, 0xE5, 0xEE, 0xDA, 0x32, 0x29, 0x77,
    0x56, 0x96, 0xC4, 0xD6, 0x5E, 0x57, 0xB9, 0x29, 0x55, 0xAC, 0xD8, 0xD1, 0x5D, 0xA0, 0xA6, 0x12,
    0x5B, 0x4C, 0xA9, 0x64, 0x10, 0xEB, 0xDF, 0xF6, 0xB9, 0xFF, 0xB6, 0xCF, 0x9D, 0xCD, 0x73, 0xD5,
    0x1C, 0x8D, 0xBC, 0x5F, 0xEF, 0xD7, 0xE1, 0x65, 0x1C, 0xBE, 0xED, 0xDA, 0x54, 0x15, 0x3D, 0x17,
    0xAE, 0xED, 0x0F, 0x92, 0x07, 0x40, 0x01, 0xDD, 0xB9, 0x1C, 0x63, 0x97, 0xA5, 0x7E, 0x71, 0x5F,
    0xAC, 0xBD, 0xE8, 0xC7, 0x1E, 0x3D, 0x7B, 0xFB, 0xFC, 0xA3, 0xDC, 0x99, 0x9C, 0xA7, 0x1F, 0x16,
    0x49, 0x6E, 0xFF, 0xF0, 0xDF, 0xFA, 0x27, 0xED, 0xFE, 0xB7, 0x7D, 0xEE, 0xFE, 0x3F, 0x30, 0xA8,
    0x58, 0x2E, 0x36, 0x7E, 0x3F, 0xDA, 0x67, 0x6E, 0xF1, 0x27, 0x54, 0xBB, 0x1D, 0xE9, 0x8F, 0xFF,
    0x90, 0xB5, 0xAF, 0xB6, 0x5B, 0xCF, 0x14, 0xC6, 0x28, 0xBB, 0x2C, 0xF5, 0xC2, 0xFF, 0xD5, 0x5E,
    0x34, 0x8C, 0x0E, 0xE4, 0xDA, 0xDB, 0xF7, 0xCF, 0xBA, 0x3F, 0xEE, 0x0E, 0x85, 0xF8, 0x39, 0xF4,
    0x4F, 0xEA, 0x7F, 0xFB, 0xCF, 0xDD, 0xFD, 0x07, 0x8E, 0xD3, 0x7D, 0x2C, 0xFB, 0x7E, 0xA1, 0x7B,
    0xAE, 0x01, 0xFE, 0x03, 0x75, 0x8E, 0x01, 0x06, 0x05, 0x31, 0x0C, 0x44, 0x43, 0x01, 0x86, 0x5E,
    0x65, 0xF8, 0x00, 0xA1, 0x57, 0xCF, 0x01, 0xCA, 0xBF, 0xCA, 0x1E, 0xA0, 0xD8, 0xA4, 0xAA, 0xCD,
    0xA2, 0xEF, 0x01, 0xF3, 0x84, 0xC8, 0xA4, 0xFC, 0xC1, 0xB0, 0x0D, 0xF0, 0x28, 0x9B, 0xF2, 0x00,
    0x10, 0x88, 0xF7, 0x44, 0xEA, 0x6B, 0x6F, 0xFD, 0xD2, 0x15, 0x1D, 0x06, 0xF3, 0xFB, 0x7E, 0x4C,
    0x7D, 0xED, 0xB7, 0x5E, 0x8D, 0xD3, 0xDF, 0xA0, 0x6D, 0xF5, 0xF3, 0x1F, 0xC3, 0xAA, 0x74, 0xC0,
    0xE2, 0x2A, 0xA2, 0xBC, 0x63, 0x00, 0x03, 0xFB, 0x3F, 0x36, 0x36, 0xC6, 0x67, 0x8C, 0xCF, 0xD8,
    0x9F, 0xB1, 0xB7, 0x01, 0xC2, 0x3F, 0x10, 0x12, 0x24, 0x03, 0x00,
};

static const EpdGlyph helvetica_14_regularGlyphs[] = {
    { 18, 22, 336, 1, 22, 99, 0 }, // U+0000
    { 16, 16, 256, 0, 14, 64, 99 }, // U+0001
    { 16, 16, 256, 0, 14, 64, 163 }, // U+0002
    { 16, 16, 256, 0, 14, 64, 227 }, // U+0003
    { 16, 16, 256, 0, 14, 64, 291 }, // U+0004
    { 16, 16, 256, 0, 14, 64, 355 }, // U+0005
    { 16, 16, 256, 0, 14, 64, 419 }, // U+0006
    { 16, 16, 256, 0, 14, 64, 483 }, // U+0007
    { 16, 16, 256, 0, 14, 64, 547 }, // U+0008
    { 16, 16, 256, 0, 14, 64, 611 }, // U+0009
    { 16, 16, 256, 0, 14, 64, 675 }, // U+000A
    { 16, 16, 256, 0, 14, 64, 739 }, // U+000B
    { 16, 16, 256, 0, 14, 64, 803 }, // U+000C
    { 16, 16, 256, 0, 14, 64, 867 }, // U+000D
    { 16, 16, 256, 0, 14, 64, 931 }, // U+000E
    { 16, 16, 256, 0, 14, 64, 995 }, // U+000F
    { 16, 16, 256, 0, 14, 64, 1059 }, // U+0010
    { 16, 16, 256, 0, 14, 64, 1123 }, // U+0011
    { 16, 16, 256, 0, 14, 64, 1187 }, // U+0012
    { 16, 16, 256, 0, 14, 64, 1251 }, // U+0013
    { 16, 16, 256, 0, 14, 64, 1315 }, // U+0014
    { 16, 16, 256, 0, 14, 64, 1379 }, // U+0015
    { 16, 16, 256, 0, 14, 64, 1443 }, // U+0016
    { 16, 16, 256, 0, 14, 64, 1507 }, // U+0017
    { 16, 16, 256, 0, 14, 64, 1571 }, // U+0018
    { 16, 16, 256, 0, 14, 64, 1635 }, // U+0019
    { 16, 16, 256, 0, 14, 64, 1699 }, // U+001A
    { 16, 16, 256, 0, 14, 64, 1763 }, // U+001B
    { 16, 16, 256, 0, 14, 64, 1827 }, // U+001C
    { 16, 16, 256, 0, 14, 64, 1891 }, // U+001D
    { 16, 16, 256, 0, 14, 64, 1955 }, // U+001E
    { 16, 16, 256, 0, 14, 64, 2019 }, // U+001F
    { 1, 1, 128, 0, 1, 1, 2083 }, // U+0020
    { 2, 22, 128, 4, 22, 11, 2084 }, // !
    { 6, 7, 160, 2, 22, 11, 2095 }, // "
    { 16, 22, 256, 0, 22, 88, 2106 }, // #
    { 13, 26, 256, 2, 22, 85, 2194 }, // $
    { 24, 22, 416, 1, 22, 132, 2279 }, // %
    { 16, 22, 304, 2, 22, 88, 2411 }, // &
    { 2, 7, 80, 1, 22, 4, 2499 }, // '
    { 6, 28, 144, 2, 22, 42, 2503 }, // (
    { 6, 28, 144, 1, 22, 42, 2545 }, // )
    { 8, 8, 176, 1, 22, 16, 2587 }, // *
    { 14, 14, 272, 1, 14, 49, 2603 }, // +
    { 3, 7, 128, 2, 3, 6, 2652 }, // ,
    { 7, 2, 144, 1, 10, 4, 2658 }, // -
    { 2, 3, 128, 3, 3, 2, 2662 }, // .
    { 8, 22, 128, 0, 22, 44, 2664 }, // /
    { 14, 21, 256, 1, 21, 74, 2708 }, // 0
    { 7, 21, 256, 3, 21, 37, 2782 }, // 1
    { 13, 21, 256, 1, 21, 69, 2819 }, // 2
    { 13, 21, 256, 1, 21, 69, 2888 }, // 3
    { 14, 21, 256, 1, 21, 74, 2957 }, // 4
    { 13, 21, 256, 1, 21, 69, 3031 }, // 5
    { 12, 21, 256, 2, 21, 63, 3100 }, // 6
    { 14, 21, 256, 1, 21, 74, 3163 }, // 7
    { 14, 21, 256, 1, 21, 74, 3237 }, // 8
    { 12, 21, 256, 2, 21, 63, 3311 }, // 9
    { 2, 16, 128, 4, 16, 8, 3374 }, // :
    { 3, 20, 128, 3, 16, 15, 3382 }, // ;
    { 15, 14, 272, 1, 14, 53, 3397 }, // <
    { 14, 8, 272, 1, 11, 28, 3450 }, // =
    { 15, 14, 272, 1, 14, 53, 3478 }, // >
    { 12, 22, 256, 2, 22, 66, 3531 }, // ?
    { 26, 26, 464, 1, 22, 169, 3597 }, // @
    { 18, 22, 320, 1, 22, 99, 3766 }, // A
    { 16, 22, 304, 2, 22, 88, 3865 }, // B
    { 17, 22, 336, 2, 22, 94, 3953 }, // C
    { 16, 22, 336, 3, 22, 88, 4047 }, // D
    { 15, 22, 304, 3, 22, 83, 4135 }, // E
    { 14, 22, 288, 3, 22, 77, 4218 }, // F
    { 19, 22, 352, 1, 22, 105, 4295 }, // G
    { 15, 22, 336, 3, 22, 83, 4400 }, // H
    { 2, 22, 128, 3, 22, 11, 4483 }, // I
    { 11, 22, 224, 1, 22, 61, 4494 }, // J
    { 16, 22, 304, 2, 22, 88, 4555 }, // K
    { 12, 22, 256, 3, 22, 66, 4643 }, // L
    { 20, 22, 384, 2, 22, 110, 4709 }, // M
    { 17, 22, 336, 2, 22, 94, 4819 }, // N
    { 20, 22, 352, 1, 22, 110, 4913 }, // O
    { 14, 22, 304, 3, 22, 77, 5023 }, // P
    { 20, 23, 352, 1, 22, 115, 5100 }, // Q
    { 17, 22, 336, 3, 22, 94, 5215 }, // R
    { 17, 22, 304, 1, 22, 94, 5309 }, // S
    { 16, 22, 288, 1, 22, 88, 5403 }, // T
    { 15, 22, 336, 3, 22, 83, 5491 }, // U
    { 17, 22, 304, 1, 22, 94, 5574 }, // V
    { 26, 22, 448, 1, 22, 143, 5668 }, // W
    { 17, 22, 304, 1, 22, 94, 5811 }, // X
    { 18, 22, 304, 1, 22, 99, 5905 }, // Y
    { 16, 22, 288, 1, 22, 88, 6004 }, // Z
    { 5, 28, 128, 2, 22, 35, 6092 }, // [
    { 8, 22, 128, 0, 22, 44, 6127 }, // <backslash>
    { 5, 28, 128, 1, 22, 35, 6171 }, // ]
    { 11, 13, 208, 1, 21, 36, 6206 }, // ^
    { 16, 2, 256, 0, -3, 8, 6242 }, // _
    { 5, 4, 144, 1, 22, 5, 6250 }, // `
    { 13, 16, 256, 1, 16, 52, 6255 }, // a
    { 13, 22, 256, 2, 22, 72, 6307 }, // b
    { 12, 16, 224, 1, 16, 48, 6379 }, // c
    { 13, 22, 256, 1, 22, 72, 6427 }, // d
    { 14, 16, 256, 1, 16, 56, 6499 }, // e
    { 6, 22, 128, 1, 22, 33, 6555 }, // f
    { 13, 22, 256, 1, 16, 72, 6588 }, // g
    { 12, 22, 256, 2, 22, 66, 6660 }, // h
    { 2, 22, 96, 2, 22, 11, 6726 }, // i
    { 5, 28, 96, -1, 22, 35, 6737 }, // j
    { 12, 22, 224, 2, 22, 66, 6772 }, // k
    { 2, 22, 96, 2, 22, 11, 6838 }, // l
    { 20, 16, 384, 2, 16, 80, 6849 }, // m
    { 12, 16, 256, 2, 16, 48, 6929 }, // n
    { 14, 16, 256, 1, 16, 56, 6977 }, // o
    { 13, 22, 256, 2, 16, 72, 7033 }, // p
    { 13, 22, 256, 1, 16, 72, 7105 }, // q
    { 7, 16, 144, 2, 16, 28, 7177 }, // r
    { 12, 16, 224, 1, 16, 48, 7205 }, // s
    { 7, 21, 128, 1, 21, 37, 7253 }, // t
    { 12, 16, 256, 2, 16, 48, 7290 }, // u
    { 13, 16, 224, 0, 16, 52, 7338 }, // v
    { 20, 16, 336, 0, 16, 80, 7390 }, // w
    { 12, 16, 224, 1, 16, 48, 7470 }, // x
    { 13, 22, 224, 1, 16, 72, 7518 }, // y
    { 12, 16, 224, 1, 16, 48, 7590 }, // z
    { 7, 28, 144, 1, 22, 49, 7638 }, // {
    { 2, 28, 112, 3, 22, 14, 7687 }, // |
    { 7, 28, 144, 0, 22, 49, 7701 }, // }
    { 13, 4, 272, 2, 11, 13, 7750 }, // ~
    { 16, 16, 256, 0, 14, 64, 7763 }, // U+007F
    { 16, 16, 256, 0, 14, 64, 0 }, // U+0080
    { 16, 16, 256, 0, 14, 64, 64 }, // U+0081
    { 16, 16, 256, 0, 14, 64, 128 }, // U+0082
    { 16, 16, 256, 0, 14, 64, 192 }, // U+0083
    { 16, 16, 256, 0, 14, 64, 256 }, // U+0084
    { 16, 16, 256, 0, 14, 64, 320 }, // U+0085
    { 16, 16, 256, 0, 14, 64, 384 }, // U+0086
    { 16, 16, 256, 0, 14, 64, 448 }, // U+0087
    { 16, 16, 256, 0, 14, 64, 512 }, // U+0088
    { 16, 16, 256, 0, 14, 64, 576 }, // U+0089
    { 16, 16, 256, 0, 14, 64, 640 }, // U+008A
    { 16, 16, 256, 0, 14, 64, 704 }, // U+008B
    { 16, 16, 256, 0, 14, 64, 768 }, // U+008C
    { 16, 16, 256, 0, 14, 64, 832 }, // U+008D
    { 16, 16, 256, 0, 14, 64, 896 }, // U+008E
    { 16, 16, 256, 0, 14, 64, 960 }, // U+008F
    { 16, 16, 256, 0, 14, 64, 1024 }, // U+0090
    { 16, 16, 256, 0, 14, 64, 1088 }, // U+0091
    { 16, 16, 256, 0, 14, 64, 1152 }, // U+0092
    { 16, 16, 256, 0, 14, 64, 1216 }, // U+0093
    { 16, 16, 256, 0, 14, 64, 1280 }, // U+0094
    { 16, 16, 256, 0, 14, 64, 1344 }, // U+0095
    { 16, 16, 256, 0, 14, 64, 1408 }, // U+0096
    { 16, 16, 256, 0, 14, 64, 1472 }, // U+0097
    { 16, 16, 256, 0, 14, 64, 1536 }, // U+0098
    { 16, 16, 256, 0, 14, 64, 1600 }, // U+0099
    { 16, 16, 256, 0, 14, 64, 1664 }, // U+009A
    { 16, 16, 256, 0, 14, 64, 1728 }, // U+009B
    { 16, 16, 256, 0, 14, 64, 1792 }, // U+009C
    { 16, 16, 256, 0, 14, 64, 1856 }, // U+009D
    { 16, 16, 256, 0, 14, 64, 1920 }, // U+009E
    { 16, 16, 256, 0, 14, 64, 1984 }, // U+009F
    { 1, 1, 128, 0, 1, 1, 2048 }, // U+00A0
    { 2, 22, 144, 3, 16, 11, 2049 }, // U+00A1
    { 13, 22, 256, 2, 19, 72, 2060 }, // U+00A2
    { 14, 22, 256, 1, 22, 77, 2132 }, // U+00A3
    { 10, 11, 256, 3, 16, 28, 2209 }, // U+00A4
    { 14, 22, 256, 1, 22, 77, 2237 }, // U+00A5
    { 2, 28, 112, 3, 22, 14, 2314 }, // U+00A6
    { 13, 28, 256, 1, 22, 91, 2328 }, // U+00A7
    { 7, 3, 144, 1, 22, 6, 2419 }, // U+00A8
    { 22, 22, 352, 0, 22, 121, 2425 }, // U+00A9
    { 9, 13, 176, 1, 22, 30, 2546 }, // U+00AA
    { 11, 9, 256, 3, 13, 25, 2576 }, // U+00AB
    { 14, 9, 272, 1, 12, 32, 2601 }, // U+00AC
    { 7, 2, 144, 1, 10, 4, 2633 }, // U+00AD
    { 22, 22, 352, 0, 22, 121, 2637 }, // U+00AE
    { 7, 2, 144, 1, 22, 4, 2758 }, // U+00AF
    { 9, 9, 176, 1, 21, 21, 2762 }, // U+00B0
    { 14, 19, 272, 1, 19, 67, 2783 }, // U+00B1
    { 9, 13, 144, 0, 22, 30, 2850 }, // U+00B2
    { 9, 14, 144, 0, 22, 32, 2880 }, // U+00B3
    { 5, 4, 144, 3, 22, 5, 2912 }, // U+00B4
    { 14, 22, 256, 2, 16, 77, 2917 }, // U+00B5
    { 14, 27, 240, 1, 22, 95, 2994 }, // U+00B6
    { 2, 3, 128, 3, 10, 2, 3089 }, // U+00B7
    { 7, 6, 144, 1, 0, 11, 3091 }, // U+00B8
    { 5, 13, 144, 1, 22, 17, 3102 }, // U+00B9
    { 8, 13, 160, 1, 22, 26, 3119 }, // U+00BA
    { 11, 9, 256, 2, 13, 25, 3145 }, // U+00BB
    { 23, 22, 384, 1, 22, 127, 3170 }, // U+00BC
    { 22, 22, 384, 1, 22, 121, 3297 }, // U+00BD
    { 24, 22, 384, 0, 22, 132, 3418 }, // U+00BE
    { 12, 22, 256, 2, 16, 66, 3550 }, // U+00BF
    { 18, 27, 320, 1, 27, 122, 3616 }, // U+00C0
    { 18, 27, 320, 1, 27, 122, 3738 }, // U+00C1
    { 18, 27, 320, 1, 27, 122, 3860 }, // U+00C2
    { 18, 26, 320, 1, 26, 117, 3982 }, // U+00C3
    { 18, 27, 320, 1, 27, 122, 4099 }, // U+00C4
    { 18, 28, 320, 1, 28, 126, 4221 }, // U+00C5
    { 27, 22, 464, 1, 22, 149, 4347 }, // U+00C6
    { 17, 28, 336, 2, 22, 119, 4496 }, // U+00C7
    { 15, 27, 304, 3, 27, 102, 4615 }, // U+00C8
    { 15, 27, 304, 3, 27, 102, 4717 }, // U+00C9
    { 15, 27, 304, 3, 27, 102, 4819 }, // U+00CA
    { 15, 27, 304, 3, 27, 102, 4921 }, // U+00CB
    { 5, 27, 128, 1, 27, 34, 5023 }, // U+00CC
    { 5, 27, 128, 3, 27, 34, 5057 }, // U+00CD
    { 9, 27, 128, 0, 27, 61, 5091 }, // U+00CE
    { 7, 27, 128, 1, 27, 48, 5152 }, // U+00CF
    { 18, 22, 336, 1, 22, 99, 5200 }, // U+00D0
    { 17, 26, 336, 2, 26, 111, 5299 }, // U+00D1
    { 20, 27, 352, 1, 27, 135, 5410 }, // U+00D2
    { 20, 27, 352, 1, 27, 135, 5545 }, // U+00D3
    { 20, 27, 352, 1, 27, 135, 5680 }, // U+00D4
    { 20, 26, 352, 1, 26, 130, 5815 }, // U+00D5
    { 20, 27, 352, 1, 27, 135, 5945 }, // U+00D6
    { 12, 10, 272, 2, 12, 30, 6080 }, // U+00D7
    { 20, 22, 352, 1, 22, 110, 6110 }, // U+00D8
    { 15, 27, 336, 3, 27, 102, 6220 }, // U+00D9
    { 15, 27, 336, 3, 27, 102, 6322 }, // U+00DA
    { 15, 27, 336, 3, 27, 102, 6424 }, // U+00DB
    { 15, 27, 336, 3, 27, 102, 6526 }, // U+00DC
    { 18, 27, 304, 1, 27, 122, 6628 }, // U+00DD
    { 14, 22, 304, 3, 22, 77, 6750 }, // U+00DE
    { 14, 22, 288, 2, 22, 77, 6827 }, // U+00DF
    { 13, 21, 256, 1, 21, 69, 6904 }, // U+00E0
    { 13, 21, 256, 1, 21, 69, 6973 }, // U+00E1
    { 13, 21, 256, 1, 21, 69, 7042 }, // U+00E2
    { 13, 20, 256, 1, 20, 65, 7111 }, // U+00E3
    { 13, 21, 256, 1, 21, 69, 7176 }, // U+00E4
    { 13, 22, 256, 1, 22, 72, 7245 }, // U+00E5
    { 24, 16, 416, 1, 16, 96, 7317 }, // U+00E6
    { 12, 22, 224, 1, 16, 66, 7413 }, // U+00E7
    { 14, 21, 256, 1, 21, 74, 7479 }, // U+00E8
    { 14, 21, 256, 1, 21, 74, 7553 }, // U+00E9
    { 14, 21, 256, 1, 21, 74, 7627 }, // U+00EA
    { 14, 21, 256, 1, 21, 74, 7701 }, // U+00EB
    { 5, 21, 128, 1, 21, 27, 7775 }, // U+00EC
    { 5, 21, 128, 3, 21, 27, 7802 }, // U+00ED
    { 9, 21, 128, 0, 21, 48, 7829 }, // U+00EE
    { 7, 21, 128, 1, 21, 37, 7877 }, // U+00EF
    { 14, 22, 256, 1, 22, 77, 7914 }, // U+00F0
    { 12, 20, 256, 2, 20, 60, 7991 }, // U+00F1
    { 14, 21, 256, 1, 21, 74, 8051 }, // U+00F2
    { 14, 21, 256, 1, 21, 74, 8125 }, // U+00F3
    { 14, 21, 256, 1, 21, 74, 8199 }, // U+00F4
    { 14, 20, 256, 1, 20, 70, 8273 }, // U+00F5
    { 14, 21, 256, 1, 21, 74, 8343 }, // U+00F6
    { 14, 14, 272, 1, 14, 49, 8417 }, // U+00F7
    { 14, 16, 256, 1, 16, 56, 8466 }, // U+00F8
    { 12, 21, 256, 2, 21, 63, 8522 }, // U+00F9
    { 12, 21, 256, 2, 21, 63, 8585 }, // U+00FA
    { 12, 21, 256, 2, 21, 63, 8648 }, // U+00FB
    { 12, 21, 256, 2, 21, 63, 8711 }, // U+00FC
    { 13, 27, 224, 1, 21, 88, 8774 }, // U+00FD
    { 13, 28, 256, 2, 22, 91, 8862 }, // U+00FE
    { 13, 27, 224, 1, 21, 88, 8953 }, // U+00FF
    { 18, 25, 320, 1, 25, 113, 0 }, // U+0100
    { 13, 19, 256, 1, 19, 62, 113 }, // U+0101
    { 18, 27, 320, 1, 27, 122, 175 }, // U+0102
    { 13, 21, 256, 1, 21, 69, 297 }, // U+0103
    { 19, 28, 320, 1, 22, 133, 366 }, // U+0104
    { 13, 22, 256, 1, 16, 72, 499 }, // U+0105
    { 17, 27, 336, 2, 27, 115, 571 }, // U+0106
    { 12, 21, 224, 1, 21, 63, 686 }, // U+0107
    { 17, 27, 336, 2, 27, 115, 749 }, // U+0108
    { 12, 21, 224, 1, 21, 63, 864 }, // U+0109
    { 17, 26, 336, 2, 26, 111, 927 }, // U+010A
    { 12, 20, 224, 1, 20, 60, 1038 }, // U+010B
    { 17, 27, 336, 2, 27, 115, 1098 }, // U+010C
    { 12, 21, 224, 1, 21, 63, 1213 }, // U+010D
    { 16, 27, 336, 3, 27, 108, 1276 }, // U+010E
    { 17, 22, 304, 1, 22, 94, 1384 }, // U+010F
    { 18, 22, 336, 1, 22, 99, 1478 }, // U+0110
    { 15, 22, 256, 1, 22, 83, 1577 }, // U+0111
    { 15, 25, 304, 3, 25, 94, 1660 }, // U+0112
    { 14, 19, 256, 1, 19, 67, 1754 }, // U+0113
    { 15, 27, 304, 3, 27, 102, 1821 }, // U+0114
    { 14, 21, 256, 1, 21, 74, 1923 }, // U+0115
    { 15, 26, 304, 3, 26, 98, 1997 }, // U+0116
    { 14, 20, 256, 1, 20, 70, 2095 }, // U+0117
    { 15, 28, 304, 3, 22, 105, 2165 }, // U+0118
    { 14, 22, 256, 1, 16, 77, 2270 }, // U+0119
    { 15, 27, 304, 3, 27, 102, 2347 }, // U+011A
    { 14, 21, 256, 1, 21, 74, 2449 }, // U+011B
    { 19, 27, 352, 1, 27, 129, 2523 }, // U+011C
    { 13, 27, 256, 1, 21, 88, 2652 }, // U+011D
    { 19, 27, 352, 1, 27, 129, 2740 }, // U+011E
    { 13, 27, 256, 1, 21, 88, 2869 }, // U+011F
    { 19, 26, 352, 1, 26, 124, 2957 }, // U+0120
    { 13, 26, 256, 1, 20, 85, 3081 }, // U+0121
    { 19, 30, 352, 1, 22, 143, 3166 }, // U+0122
    { 13, 30, 256, 1, 24, 98, 3309 }, // U+0123
    { 15, 27, 336, 3, 27, 102, 3407 }, // U+0124
    { 14, 27, 256, 0, 27, 95, 3509 }, // U+0125
    { 21, 22, 336, 0, 22, 116, 3604 }, // U+0126
    { 13, 22, 256, 1, 22, 72, 3720 }, // U+0127
    { 9, 26, 128, 0, 26, 59, 3792 }, // U+0128
    { 9, 20, 128, 0, 20, 45, 3851 }, // U+0129
    { 7, 25, 128, 1, 25, 44, 3896 }, // U+012A
    { 7, 19, 128, 1, 19, 34, 3940 }, // U+012B
    { 9, 27, 128, 0, 27, 61, 3974 }, // U+012C
    { 9, 21, 128, 0, 21, 48, 4035 }, // U+012D
    { 6, 28, 128, 0, 22, 42, 4083 }, // U+012E
    { 6, 28, 96, -1, 22, 42, 4125 }, // U+012F
    { 2, 26, 128, 3, 26, 13, 4167 }, // U+0130
    { 2, 16, 128, 3, 16, 8, 4180 }, // U+0131
    { 17, 22, 352, 3, 22, 94, 4188 }, // U+0132
    { 8, 28, 192, 2, 22, 56, 4282 }, // U+0133
    { 13, 27, 224, 1, 27, 88, 4338 }, // U+0134
    { 9, 27, 96, -1, 21, 61, 4426 }, // U+0135
    { 16, 30, 304, 2, 22, 120, 4487 }, // U+0136
    { 12, 30, 224, 2, 22, 90, 4607 }, // U+0137
    { 12, 16, 224, 2, 16, 48, 4697 }, // U+0138
    { 12, 27, 256, 3, 27, 81, 4745 }, // U+0139
    { 5, 27, 96, 2, 27, 34, 4826 }, // U+013A
    { 12, 30, 256, 3, 22, 90, 4860 }, // U+013B
    { 3, 30, 96, 2, 22, 23, 4950 }, // U+013C
    { 12, 22, 256, 3, 22, 66, 4973 }, // U+013D
    { 6, 22, 144, 2, 22, 33, 5039 }, // U+013E
    { 16, 22, 336, 3, 22, 88, 5072 }, // U+013F
    { 8, 22, 192, 2, 22, 44, 5160 }, // U+0140
    { 15, 22, 256, 0, 22, 83, 5204 }, // U+0141
    { 6, 22, 96, 0, 22, 33, 5287 }, // U+0142
    { 17, 27, 336, 2, 27, 115, 5320 }, // U+0143
    { 12, 21, 256, 2, 21, 63, 5435 }, // U+0144
    { 17, 30, 336, 2, 22, 128, 5498 }, // U+0145
    { 12, 24, 256, 2, 16, 72, 5626 }, // U+0146
    { 17, 27, 336, 2, 27, 115, 5698 }, // U+0147
    { 12, 21, 256, 2, 21, 63, 5813 }, // U+0148
    { 17, 22, 352, 0, 22, 94, 5876 }, // U+0149
    { 15, 29, 336, 3, 22, 109, 5970 }, // U+014A
    { 12, 22, 256, 2, 16, 66, 6079 }, // U+014B
    { 20, 25, 352, 1, 25, 125, 6145 }, // U+014C
    { 14, 19, 256, 1, 19, 67, 6270 }, // U+014D
    { 20, 27, 352, 1, 27, 135, 6337 }, // U+014E
    { 14, 21, 256, 1, 21, 74, 6472 }, // U+014F
    { 20, 27, 352, 1, 27, 135, 6546 }, // U+0150
    { 14, 21, 256, 1, 21, 74, 6681 }, // U+0151
    { 26, 22, 464, 2, 22, 143, 6755 }, // U+0152
    { 25, 16, 432, 1, 16, 100, 6898 }, // U+0153
    { 17, 27, 336, 3, 27, 115, 6998 }, // U+0154
    { 7, 21, 144, 2, 21, 37, 7113 }, // U+0155
    { 17, 30, 336, 3, 22, 128, 7150 }, // U+0156
    { 7, 24, 144, 2, 16, 42, 7278 }, // U+0157
    { 17, 27, 336, 3, 27, 115, 7320 }, // U+0158
    { 9, 21, 144, 1, 21, 48, 7435 }, // U+0159
    { 17, 27, 304, 1, 27, 115, 7483 }, // U+015A
    { 12, 21, 224, 1, 21, 63, 7598 }, // U+015B
    { 17, 27, 304, 1, 27, 115, 7661 }, // U+015C
    { 12, 21, 224, 1, 21, 63, 7776 }, // U+015D
    { 17, 28, 304, 1, 22, 119, 7839 }, // U+015E
    { 12, 22, 224, 1, 16, 66, 7958 }, // U+015F
    { 17, 27, 304, 1, 27, 115, 8024 }, // U+0160
    { 12, 21, 224, 1, 21, 63, 8139 }, // U+0161
    { 16, 28, 288, 1, 22, 112, 8202 }, // U+0162
    { 7, 27, 128, 1, 21, 48, 8314 }, // U+0163
    { 16, 27, 288, 1, 27, 108, 8362 }, // U+0164
    { 10, 22, 192, 1, 22, 55, 8470 }, // U+0165
    { 16, 22, 288, 1, 22, 88, 8525 }, // U+0166
    { 7, 21, 128, 1, 21, 37, 8613 }, // U+0167
    { 15, 26, 336, 3, 26, 98, 8650 }, // U+0168
    { 12, 20, 256, 2, 20, 60, 8748 }, // U+0169
    { 15, 25, 336, 3, 25, 94, 8808 }, // U+016A
    { 12, 19, 256, 2, 19, 57, 8902 }, // U+016B
    { 15, 27, 336, 3, 27, 102, 8959 }, // U+016C
    { 12, 21, 256, 2, 21, 63, 9061 }, // U+016D
    { 15, 28, 336, 3, 28, 105, 9124 }, // U+016E
    { 12, 22, 256, 2, 22, 66, 9229 }, // U+016F
    { 15, 27, 336, 3, 27, 102, 9295 }, // U+0170
    { 12, 21, 256, 2, 21, 63, 9397 }, // U+0171
    { 15, 28, 336, 3, 22, 105, 9460 }, // U+0172
    { 13, 22, 256, 2, 16, 72, 9565 }, // U+0173
    { 26, 27, 448, 1, 27, 176, 9637 }, // U+0174
    { 20, 21, 336, 0, 21, 105, 9813 }, // U+0175
    { 18, 27, 304, 1, 27, 122, 9918 }, // U+0176
    { 13, 27, 224, 1, 21, 88, 10040 }, // U+0177
    { 18, 27, 304, 1, 27, 122, 10128 }, // U+0178
    { 16, 27, 288, 1, 27, 108, 10250 }, // U+0179
    { 12, 21, 224, 1, 21, 63, 10358 }, // U+017A
    { 16, 26, 288, 1, 26, 104, 10421 }, // U+017B
    { 12, 20, 224, 1, 20, 60, 10525 }, // U+017C
    { 16, 27, 288, 1, 27, 108, 10585 }, // U+017D
    { 12, 21, 224, 1, 21, 63, 10693 }, // U+017E
    { 8, 16, 128, 0, 14, 32, 10756 }, // U+017F
    { 21, 23, 352, 1, 23, 121, 0 }, // U+01A0
    { 15, 18, 256, 1, 18, 68, 121 }, // U+01A1
    { 18, 23, 336, 3, 23, 104, 189 }, // U+01AF
    { 15, 18, 272, 2, 18, 68, 293 }, // U+01B0
    { 8, 16, 128, 0, 14, 32, 361 }, // U+01C4
    { 8, 16, 128, 0, 14, 32, 393 }, // U+01C5
    { 8, 16, 128, 0, 14, 32, 425 }, // U+01C6
    { 8, 16, 128, 0, 14, 32, 457 }, // U+01C7
    { 8, 16, 128, 0, 14, 32, 489 }, // U+01C8
    { 8, 16, 128, 0, 14, 32, 521 }, // U+01C9
    { 8, 16, 128, 0, 14, 32, 553 }, // U+01CA
    { 8, 16, 128, 0, 14, 32, 585 }, // U+01CB
    { 8, 16, 128, 0, 14, 32, 617 }, // U+01CC
    { 18, 27, 320, 1, 27, 122, 649 }, // U+01CD
    { 13, 21, 256, 1, 21, 69, 771 }, // U+01CE
    { 9, 27, 128, 0, 27, 61, 840 }, // U+01CF
    { 9, 21, 128, 0, 21, 48, 901 }, // U+01D0
    { 20, 27, 352, 1, 27, 135, 949 }, // U+01D1
    { 14, 21, 256, 1, 21, 74, 1084 }, // U+01D2
    { 15, 27, 336, 3, 27, 102, 1158 }, // U+01D3
    { 12, 21, 256, 2, 21, 63, 1260 }, // U+01D4
    { 15, 30, 336, 3, 30, 113, 1323 }, // U+01D5
    { 12, 24, 256, 2, 24, 72, 1436 }, // U+01D6
    { 15, 32, 336, 3, 32, 120, 1508 }, // U+01D7
    { 12, 26, 256, 2, 26, 78, 1628 }, // U+01D8
    { 15, 32, 336, 3, 32, 120, 1706 }, // U+01D9
    { 12, 26, 256, 2, 26, 78, 1826 }, // U+01DA
    { 15, 32, 336, 3, 32, 120, 1904 }, // U+01DB
    { 12, 26, 256, 2, 26, 78, 2024 }, // U+01DC
    { 14, 16, 256, 1, 16, 56, 2102 }, // U+01DD
    { 18, 30, 320, 1, 30, 135, 2158 }, // U+01DE
    { 13, 24, 256, 1, 24, 78, 2293 }, // U+01DF
    { 18, 29, 320, 1, 29, 131, 2371 }, // U+01E0
    { 13, 23, 256, 1, 23, 75, 2502 }, // U+01E1
    { 27, 25, 464, 1, 25, 169, 2577 }, // U+01E2
    { 24, 19, 416, 1, 19, 114, 2746 }, // U+01E3
    { 21, 22, 352, 1, 22, 116, 2860 }, // U+01E4
    { 15, 22, 256, 1, 16, 83, 2976 }, // U+01E5
    { 19, 27, 352, 1, 27, 129, 3059 }, // U+01E6
    { 13, 27, 256, 1, 21, 88, 3188 }, // U+01E7
    { 16, 27, 304, 2, 27, 108, 3276 }, // U+01E8
    { 14, 27, 224, 0, 27, 95, 3384 }, // U+01E9
    { 20, 28, 352, 1, 22, 140, 3479 }, // U+01EA
    { 14, 22, 256, 1, 16, 77, 3619 }, // U+01EB
    { 20, 31, 352, 1, 25, 155, 3696 }, // U+01EC
    { 14, 25, 256, 1, 19, 88, 3851 }, // U+01ED
    { 8, 16, 128, 0, 14, 32, 3939 }, // U+01EE
    { 8, 16, 128, 0, 14, 32, 3971 }, // U+01EF
    { 9, 27, 96, -1, 21, 61, 4003 }, // U+01F0
    { 8, 16, 128, 0, 14, 32, 4064 }, // U+01F1
    { 8, 16, 128, 0, 14, 32, 4096 }, // U+01F2
    { 8, 16, 128, 0, 14, 32, 4128 }, // U+01F3
    { 19, 27, 352, 1, 27, 129, 4160 }, // U+01F4
    { 13, 27, 256, 1, 21, 88, 4289 }, // U+01F5
    { 8, 16, 128, 0, 14, 32, 4377 }, // U+01F6
    { 8, 16, 128, 0, 14, 32, 4409 }, // U+01F7
    { 17, 27, 336, 2, 27, 115, 4441 }, // U+01F8
    { 12, 21, 256, 2, 21, 63, 4556 }, // U+01F9
    { 18, 33, 320, 1, 33, 149, 4619 }, // U+01FA
    { 13, 27, 256, 1, 27, 88, 4768 }, // U+01FB
    { 27, 27, 464, 1, 27, 183, 4856 }, // U+01FC
    { 24, 21, 416, 1, 21, 126, 5039 }, // U+01FD
    { 20, 27, 352, 1, 27, 135, 5165 }, // U+01FE
    { 14, 21, 288, 1, 21, 74, 5300 }, // U+01FF
    { 18, 27, 320, 1, 27, 122, 5374 }, // U+0200
    { 13, 21, 256, 1, 21, 69, 5496 }, // U+0201
    { 18, 27, 320, 1, 27, 122, 5565 }, // U+0202
    { 13, 21, 256, 1, 21, 69, 5687 }, // U+0203
    { 15, 27, 304, 3, 27, 102, 5756 }, // U+0204
    { 14, 21, 256, 1, 21, 74, 5858 }, // U+0205
    { 15, 27, 304, 3, 27, 102, 5932 }, // U+0206
    { 14, 21, 256, 1, 21, 74, 6034 }, // U+0207
    { 9, 27, 128, -1, 27, 61, 6108 }, // U+0208
    { 9, 21, 128, -1, 21, 48, 6169 }, // U+0209
    { 9, 27, 128, 0, 27, 61, 6217 }, // U+020A
    { 9, 21, 128, 0, 21, 48, 6278 }, // U+020B
    { 20, 27, 352, 1, 27, 135, 6326 }, // U+020C
    { 14, 21, 256, 1, 21, 74, 6461 }, // U+020D
    { 20, 27, 352, 1, 27, 135, 6535 }, // U+020E
    { 14, 21, 256, 1, 21, 74, 6670 }, // U+020F
    { 17, 27, 336, 3, 27, 115, 6744 }, // U+0210
    { 9, 21, 144, 0, 21, 48, 6859 }, // U+0211
    { 17, 27, 336, 3, 27, 115, 6907 }, // U+0212
    { 9, 21, 144, 1, 21, 48, 7022 }, // U+0213
    { 15, 27, 336, 3, 27, 102, 7070 }, // U+0214
    { 12, 21, 256, 2, 21, 63, 7172 }, // U+0215
    { 15, 27, 336, 3, 27, 102, 7235 }, // U+0216
    { 12, 21, 256, 2, 21, 63, 7337 }, // U+0217
    { 17, 30, 304, 1, 22, 128, 7400 }, // U+0218
    { 12, 24, 224, 1, 16, 72, 7528 }, // U+0219
    { 16, 30, 288, 1, 22, 120, 7600 }, // U+021A
    { 7, 29, 128, 1, 21, 51, 7720 }, // U+021B
    { 8, 16, 128, 0, 14, 32, 7771 }, // U+021C
    { 8, 16, 128, 0, 14, 32, 7803 }, // U+021D
    { 15, 27, 336, 3, 27, 102, 7835 }, // U+021E
    { 14, 27, 256, 0, 27, 95, 7937 }, // U+021F
    { 8, 16, 128, 0, 14, 32, 0 }, // U+0300
    { 8, 16, 128, 0, 14, 32, 32 }, // U+0301
    { 8, 16, 128, 0, 14, 32, 64 }, // U+0302
    { 8, 16, 128, 0, 14, 32, 96 }, // U+0303
    { 8, 16, 128, 0, 14, 32, 128 }, // U+0304
    { 8, 16, 128, 0, 14, 32, 160 }, // U+0305
    { 8, 16, 128, 0, 14, 32, 192 }, // U+0306
    { 8, 16, 128, 0, 14, 32, 224 }, // U+0307
    { 8, 16, 128, 0, 14, 32, 256 }, // U+0308
    { 8, 16, 128, 0, 14, 32, 288 }, // U+0309
    { 8, 16, 128, 0, 14, 32, 320 }, // U+030A
    { 8, 16, 128, 0, 14, 32, 352 }, // U+030B
    { 8, 16, 128, 0, 14, 32, 384 }, // U+030C
    { 8, 16, 128, 0, 14, 32, 416 }, // U+030D
    { 8, 16, 128, 0, 14, 32, 448 }, // U+030E
    { 8, 16, 128, 0, 14, 32, 480 }, // U+030F
    { 8, 16, 128, 0, 14, 32, 512 }, // U+0310
    { 8, 16, 128, 0, 14, 32, 544 }, // U+0311
    { 8, 16, 128, 0, 14, 32, 576 }, // U+0312
    { 8, 16, 128, 0, 14, 32, 608 }, // U+0313
    { 8, 16, 128, 0, 14, 32, 640 }, // U+0314
    { 8, 16, 128, 0, 14, 32, 672 }, // U+0315
    { 8, 16, 128, 0, 14, 32, 704 }, // U+0316
    { 8, 16, 128, 0, 14, 32, 736 }, // U+0317
    { 8, 16, 128, 0, 14, 32, 768 }, // U+0318
    { 8, 16, 128, 0, 14, 32, 800 }, // U+0319
    { 8, 16, 128, 0, 14, 32, 832 }, // U+031A
    { 8, 16, 128, 0, 14, 32, 864 }, // U+031B
    { 8, 16, 128, 0, 14, 32, 896 }, // U+031C
    { 8, 16, 128, 0, 14, 32, 928 }, // U+031D
    { 8, 16, 128, 0, 14, 32, 960 }, // U+031E
    { 8, 16, 128, 0, 14, 32, 992 }, // U+031F
    { 8, 16, 128, 0, 14, 32, 1024 }, // U+0320
    { 8, 16, 128, 0, 14, 32, 1056 }, // U+0321
    { 8, 16, 128, 0, 14, 32, 1088 }, // U+0322
    { 8, 16, 128, 0, 14, 32, 1120 }, // U+0323
    { 8, 16, 128, 0, 14, 32, 1152 }, // U+0324
    { 8, 16, 128, 0, 14, 32, 1184 }, // U+0325
    { 8, 16, 128, 0, 14, 32, 1216 }, // U+0326
    { 8, 16, 128, 0, 14, 32, 1248 }, // U+0327
    { 8, 16, 128, 0, 14, 32, 1280 }, // U+0328
    { 8, 16, 128, 0, 14, 32, 1312 }, // U+0329
    { 8, 16, 128, 0, 14, 32, 1344 }, // U+032A
    { 8, 16, 128, 0, 14, 32, 1376 }, // U+032B
    { 8, 16, 128, 0, 14, 32, 1408 }, // U+032C
    { 8, 16, 128, 0, 14, 32, 1440 }, // U+032D
    { 8, 16, 128, 0, 14, 32, 1472 }, // U+032E
    { 8, 16, 128, 0, 14, 32, 1504 }, // U+032F
    { 8, 16, 128, 0, 14, 32, 1536 }, // U+0330
    { 8, 16, 128, 0, 14, 32, 1568 }, // U+0331
    { 8, 16, 128, 0, 14, 32, 1600 }, // U+0332
    { 8, 16, 128, 0, 14, 32, 1632 }, // U+0333
    { 8, 16, 128, 0, 14, 32, 1664 }, // U+0334
    { 8, 16, 128, 0, 14, 32, 1696 }, // U+0335
    { 8, 16, 128, 0, 14, 32, 1728 }, // U+0336
    { 8, 16, 128, 0, 14, 32, 1760 }, // U+0337
    { 8, 16, 128, 0, 14, 32, 1792 }, // U+0338
    { 8, 16, 128, 0, 14, 32, 1824 }, // U+0339
    { 8, 16, 128, 0, 14, 32, 1856 }, // U+033A
    { 8, 16, 128, 0, 14, 32, 1888 }, // U+033B
    { 8, 16, 128, 0, 14, 32, 1920 }, // U+033C
    { 8, 16, 128, 0, 14, 32, 1952 }, // U+033D
    { 8, 16, 128, 0, 14, 32, 1984 }, // U+033E
    { 8, 16, 128, 0, 14, 32, 2016 }, // U+033F
    { 8, 16, 128, 0, 14, 32, 2048 }, // U+0340
    { 8, 16, 128, 0, 14, 32, 2080 }, // U+0341
    { 8, 16, 128, 0, 14, 32, 2112 }, // U+0342
    { 8, 16, 128, 0, 14, 32, 2144 }, // U+0343
    { 8, 16, 128, 0, 14, 32, 2176 }, // U+0344
    { 8, 16, 128, 0, 14, 32, 2208 }, // U+0345
    { 8, 16, 128, 0, 14, 32, 2240 }, // U+0346
    { 8, 16, 128, 0, 14, 32, 2272 }, // U+0347
    { 8, 16, 128, 0, 14, 32, 2304 }, // U+0348
    { 8, 16, 128, 0, 14, 32, 2336 }, // U+0349
    { 8, 16, 128, 0, 14, 32, 2368 }, // U+034A
    { 8, 16, 128, 0, 14, 32, 2400 }, // U+034B
    { 8, 16, 128, 0, 14, 32, 2432 }, // U+034C
    { 8, 16, 128, 0, 14, 32, 2464 }, // U+034D
    { 8, 16, 128, 0, 14, 32, 2496 }, // U+034E
    { 16, 16, 256, 0, 14, 64, 2528 }, // U+034F
    { 8, 16, 128, 0, 14, 32, 2592 }, // U+0350
    { 8, 16, 128, 0, 14, 32, 2624 }, // U+0351
    { 8, 16, 128, 0, 14, 32, 2656 }, // U+0352
    { 8, 16, 128, 0, 14, 32, 2688 }, // U+0353
    { 8, 16, 128, 0, 14, 32, 2720 }, // U+0354
    { 8, 16, 128, 0, 14, 32, 2752 }, // U+0355
    { 8, 16, 128, 0, 14, 32, 2784 }, // U+0356
    { 8, 16, 128, 0, 14, 32, 2816 }, // U+0357
    { 8, 16, 128, 0, 14, 32, 2848 }, // U+0358
    { 8, 16, 128, 0, 14, 32, 2880 }, // U+0359
    { 8, 16, 128, 0, 14, 32, 2912 }, // U+035A
    { 8, 16, 128, 0, 14, 32, 2944 }, // U+035B
    { 16, 16, 256, 0, 14, 64, 2976 }, // U+035C
    { 16, 16, 256, 0, 14, 64, 3040 }, // U+035D
    { 16, 16, 256, 0, 14, 64, 3104 }, // U+035E
    { 16, 16, 256, 0, 14, 64, 3168 }, // U+035F
    { 16, 16, 256, 0, 14, 64, 3232 }, // U+0360
    { 16, 16, 256, 0, 14, 64, 3296 }, // U+0361
    { 16, 16, 256, 0, 14, 64, 3360 }, // U+0362
    { 8, 16, 128, 0, 14, 32, 3424 }, // U+0363
    { 8, 16, 128, 0, 14, 32, 3456 }, // U+0364
    { 8, 16, 128, 0, 14, 32, 3488 }, // U+0365
    { 8, 16, 128, 0, 14, 32, 3520 }, // U+0366
    { 8, 16, 128, 0, 14, 32, 3552 }, // U+0367
    { 8, 16, 128, 0, 14, 32, 3584 }, // U+0368
    { 8, 16, 128, 0, 14, 32, 3616 }, // U+0369
    { 8, 16, 128, 0, 14, 32, 3648 }, // U+036A
    { 8, 16, 128, 0, 14, 32, 3680 }, // U+036B
    { 8, 16, 128, 0, 14, 32, 3712 }, // U+036C
    { 8, 16, 128, 0, 14, 32, 3744 }, // U+036D
    { 8, 16, 128, 0, 14, 32, 3776 }, // U+036E
    { 8, 16, 128, 0, 14, 32, 3808 }, // U+036F
    { 8, 16, 128, 0, 14, 32, 0 }, // U+0400
    { 8, 16, 128, 0, 14, 32, 32 }, // U+0401
    { 8, 16, 128, 0, 14, 32, 64 }, // U+0402
    { 8, 16, 128, 0, 14, 32, 96 }, // U+0403
    { 8, 16, 128, 0, 14, 32, 128 }, // U+0404
    { 8, 16, 128, 0, 14, 32, 160 }, // U+0405
    { 8, 16, 128, 0, 14, 32, 192 }, // U+0406
    { 8, 16, 128, 0, 14, 32, 224 }, // U+0407
    { 8, 16, 128, 0, 14, 32, 256 }, // U+0408
    { 8, 16, 128, 0, 14, 32, 288 }, // U+0409
    { 8, 16, 128, 0, 14, 32, 320 }, // U+040A
    { 8, 16, 128, 0, 14, 32, 352 }, // U+040B
    { 8, 16, 128, 0, 14, 32, 384 }, // U+040C
    { 8, 16, 128, 0, 14, 32, 416 }, // U+040D
    { 8, 16, 128, 0, 14, 32, 448 }, // U+040E
    { 8, 16, 128, 0, 14, 32, 480 }, // U+040F
    { 8, 16, 128, 0, 14, 32, 512 }, // U+0410
    { 8, 16, 128, 0, 14, 32, 544 }, // U+0411
    { 8, 16, 128, 0, 14, 32, 576 }, // U+0412
    { 8, 16, 128, 0, 14, 32, 608 }, // U+0413
    { 8, 16, 128, 0, 14, 32, 640 }, // U+0414
    { 8, 16, 128, 0, 14, 32, 672 }, // U+0415
    { 8, 16, 128, 0, 14, 32, 704 }, // U+0416
    { 8, 16, 128, 0, 14, 32, 736 }, // U+0417
    { 8, 16, 128, 0, 14, 32, 768 }, // U+0418
    { 8, 16, 128, 0, 14, 32, 800 }, // U+0419
    { 8, 16, 128, 0, 14, 32, 832 }, // U+041A
    { 8, 16, 128, 0, 14, 32, 864 }, // U+041B
    { 8, 16, 128, 0, 14, 32, 896 }, // U+041C
    { 8, 16, 128, 0, 14, 32, 928 }, // U+041D
    { 8, 16, 128, 0, 14, 32, 960 }, // U+041E
    { 8, 16, 128, 0, 14, 32, 992 }, // U+041F
    { 8, 16, 128, 0, 14, 32, 1024 }, // U+0420
    { 8, 16, 128, 0, 14, 32, 1056 }, // U+0421
    { 8, 16, 128, 0, 14, 32, 1088 }, // U+0422
    { 8, 16, 128, 0, 14, 32, 1120 }, // U+0423
    { 8, 16, 128, 0, 14, 32, 1152 }, // U+0424
    { 8, 16, 128, 0, 14, 32, 1184 }, // U+0425
    { 8, 16, 128, 0, 14, 32, 1216 }, // U+0426
    { 8, 16, 128, 0, 14, 32, 1248 }, // U+0427
    { 8, 16, 128, 0, 14, 32, 1280 }, // U+0428
    { 8, 16, 128, 0, 14, 32, 1312 }, // U+0429
    { 8, 16, 128, 0, 14, 32, 1344 }, // U+042A
    { 8, 16, 128, 0, 14, 32, 1376 }, // U+042B
    { 8, 16, 128, 0, 14, 32, 1408 }, // U+042C
    { 8, 16, 128, 0, 14, 32, 1440 }, // U+042D
    { 8, 16, 128, 0, 14, 32, 1472 }, // U+042E
    { 8, 16, 128, 0, 14, 32, 1504 }, // U+042F
    { 8, 16, 128, 0, 14, 32, 1536 }, // U+0430
    { 8, 16, 128, 0, 14, 32, 1568 }, // U+0431
    { 8, 16, 128, 0, 14, 32, 1600 }, // U+0432
    { 8, 16, 128, 0, 14, 32, 1632 }, // U+0433
    { 8, 16, 128, 0, 14, 32, 1664 }, // U+0434
    { 8, 16, 128, 0, 14, 32, 1696 }, // U+0435
    { 8, 16, 128, 0, 14, 32, 1728 }, // U+0436
    { 8, 16, 128, 0, 14, 32, 1760 }, // U+0437
    { 8, 16, 128, 0, 14, 32, 1792 }, // U+0438
    { 8, 16, 128, 0, 14, 32, 1824 }, // U+0439
    { 8, 16, 128, 0, 14, 32, 1856 }, // U+043A
    { 8, 16, 128, 0, 14, 32, 1888 }, // U+043B
    { 8, 16, 128, 0, 14, 32, 1920 }, // U+043C
    { 8, 16, 128, 0, 14, 32, 1952 }, // U+043D
    { 8, 16, 128, 0, 14, 32, 1984 }, // U+043E
    { 8, 16, 128, 0, 14, 32, 2016 }, // U+043F
    { 8, 16, 128, 0, 14, 32, 2048 }, // U+0440
    { 8, 16, 128, 0, 14, 32, 2080 }, // U+0441
    { 8, 16, 128, 0, 14, 32, 2112 }, // U+0442
    { 8, 16, 128, 0, 14, 32, 2144 }, // U+0443
    { 8, 16, 128, 0, 14, 32, 2176 }, // U+0444
    { 8, 16, 128, 0, 14, 32, 2208 }, // U+0445
    { 8, 16, 128, 0, 14, 32, 2240 }, // U+0446
    { 8, 16, 128, 0, 14, 32, 2272 }, // U+0447
    { 8, 16, 128, 0, 14, 32, 2304 }, // U+0448
    { 8, 16, 128, 0, 14, 32, 2336 }, // U+0449
    { 8, 16, 128, 0, 14, 32, 2368 }, // U+044A
    { 8, 16, 128, 0, 14, 32, 2400 }, // U+044B
    { 8, 16, 128, 0, 14, 32, 2432 }, // U+044C
    { 8, 16, 128, 0, 14, 32, 2464 }, // U+044D
    { 8, 16, 128, 0, 14, 32, 2496 }, // U+044E
    { 8, 16, 128, 0, 14, 32, 2528 }, // U+044F
    { 8, 16, 128, 0, 14, 32, 2560 }, // U+0450
    { 8, 16, 128, 0, 14, 32, 2592 }, // U+0451
    { 8, 16, 128, 0, 14, 32, 2624 }, // U+0452
    { 8, 16, 128, 0, 14, 32, 2656 }, // U+0453
    { 8, 16, 128, 0, 14, 32, 2688 }, // U+0454
    { 8, 16, 128, 0, 14, 32, 2720 }, // U+0455
    { 8, 16, 128, 0, 14, 32, 2752 }, // U+0456
    { 8, 16, 128, 0, 14, 32, 2784 }, // U+0457
    { 8, 16, 128, 0, 14, 32, 2816 }, // U+0458
    { 8, 16, 128, 0, 14, 32, 2848 }, // U+0459
    { 8, 16, 128, 0, 14, 32, 2880 }, // U+045A
    { 8, 16, 128, 0, 14, 32, 2912 }, // U+045B
    { 8, 16, 128, 0, 14, 32, 2944 }, // U+045C
    { 8, 16, 128, 0, 14, 32, 2976 }, // U+045D
    { 8, 16, 128, 0, 14, 32, 3008 }, // U+045E
    { 8, 16, 128, 0, 14, 32, 3040 }, // U+045F
    { 8, 16, 128, 0, 14, 32, 3072 }, // U+0460
    { 8, 16, 128, 0, 14, 32, 3104 }, // U+0461
    { 8, 16, 128, 0, 14, 32, 3136 }, // U+0462
    { 8, 16, 128, 0, 14, 32, 3168 }, // U+0463
    { 8, 16, 128, 0, 14, 32, 3200 }, // U+0464
    { 8, 16, 128, 0, 14, 32, 3232 }, // U+0465
    { 8, 16, 128, 0, 14, 32, 3264 }, // U+0466
    { 8, 16, 128, 0, 14, 32, 3296 }, // U+0467
    { 8, 16, 128, 0, 14, 32, 3328 }, // U+0468
    { 8, 16, 128, 0, 14, 32, 3360 }, // U+0469
    { 8, 16, 128, 0, 14, 32, 3392 }, // U+046A
    { 8, 16, 128, 0, 14, 32, 3424 }, // U+046B
    { 8, 16, 128, 0, 14, 32, 3456 }, // U+046C
    { 8, 16, 128, 0, 14, 32, 3488 }, // U+046D
    { 8, 16, 128, 0, 14, 32, 3520 }, // U+046E
    { 8, 16, 128, 0, 14, 32, 3552 }, // U+046F
    { 8, 16, 128, 0, 14, 32, 3584 }, // U+0470
    { 8, 16, 128, 0, 14, 32, 3616 }, // U+0471
    { 8, 16, 128, 0, 14, 32, 3648 }, // U+0472
    { 8, 16, 128, 0, 14, 32, 3680 }, // U+0473
    { 8, 16, 128, 0, 14, 32, 3712 }, // U+0474
    { 8, 16, 128, 0, 14, 32, 3744 }, // U+0475
    { 8, 16, 128, 0, 14, 32, 3776 }, // U+0476
    { 8, 16, 128, 0, 14, 32, 3808 }, // U+0477
    { 8, 16, 128, 0, 14, 32, 3840 }, // U+0478
    { 8, 16, 128, 0, 14, 32, 3872 }, // U+0479
    { 8, 16, 128, 0, 14, 32, 3904 }, // U+047A
    { 8, 16, 128, 0, 14, 32, 3936 }, // U+047B
    { 8, 16, 128, 0, 14, 32, 3968 }, // U+047C
    { 8, 16, 128, 0, 14, 32, 4000 }, // U+047D
    { 8, 16, 128, 0, 14, 32, 4032 }, // U+047E
    { 8, 16, 128, 0, 14, 32, 4064 }, // U+047F
    { 8, 16, 128, 0, 14, 32, 4096 }, // U+0480
    { 8, 16, 128, 0, 14, 32, 4128 }, // U+0481
    { 8, 16, 128, 0, 14, 32, 4160 }, // U+0482
    { 8, 16, 128, 0, 14, 32, 4192 }, // U+0483
    { 8, 16, 128, 0, 14, 32, 4224 }, // U+0484
    { 8, 16, 128, 0, 14, 32, 4256 }, // U+0485
    { 8, 16, 128, 0, 14, 32, 4288 }, // U+0486
    { 8, 16, 128, 0, 14, 32, 4320 }, // U+0487
    { 16, 16, 256, 0, 14, 64, 4352 }, // U+0488
    { 16, 16, 256, 0, 14, 64, 4416 }, // U+0489
    { 8, 16, 128, 0, 14, 32, 4480 }, // U+048A
    { 8, 16, 128, 0, 14, 32, 4512 }, // U+048B
    { 8, 16, 128, 0, 14, 32, 4544 }, // U+048C
    { 8, 16, 128, 0, 14, 32, 4576 }, // U+048D
    { 8, 16, 128, 0, 14, 32, 4608 }, // U+048E
    { 8, 16, 128, 0, 14, 32, 4640 }, // U+048F
    { 8, 16, 128, 0, 14, 32, 4672 }, // U+0490
    { 8, 16, 128, 0, 14, 32, 4704 }, // U+0491
    { 8, 16, 128, 0, 14, 32, 4736 }, // U+0492
    { 8, 16, 128, 0, 14, 32, 4768 }, // U+0493
    { 8, 16, 128, 0, 14, 32, 4800 }, // U+0494
    { 8, 16, 128, 0, 14, 32, 4832 }, // U+0495
    { 8, 16, 128, 0, 14, 32, 4864 }, // U+0496
    { 8, 16, 128, 0, 14, 32, 4896 }, // U+0497
    { 8, 16, 128, 0, 14, 32, 4928 }, // U+0498
    { 8, 16, 128, 0, 14, 32, 4960 }, // U+0499
    { 8, 16, 128, 0, 14, 32, 4992 }, // U+049A
    { 8, 16, 128, 0, 14, 32, 5024 }, // U+049B
    { 8, 16, 128, 0, 14, 32, 5056 }, // U+049C
    { 8, 16, 128, 0, 14, 32, 5088 }, // U+049D
    { 8, 16, 128, 0, 14, 32, 5120 }, // U+049E
    { 8, 16, 128, 0, 14, 32, 5152 }, // U+049F
    { 8, 16, 128, 0, 14, 32, 5184 }, // U+04A0
    { 8, 16, 128, 0, 14, 32, 5216 }, // U+04A1
    { 8, 16, 128, 0, 14, 32, 5248 }, // U+04A2
    { 8, 16, 128, 0, 14, 32, 5280 }, // U+04A3
    { 8, 16, 128, 0, 14, 32, 5312 }, // U+04A4
    { 8, 16, 128, 0, 14, 32, 5344 }, // U+04A5
    { 8, 16, 128, 0, 14, 32, 5376 }, // U+04A6
    { 8, 16, 128, 0, 14, 32, 5408 }, // U+04A7
    { 8, 16, 128, 0, 14, 32, 5440 }, // U+04A8
    { 8, 16, 128, 0, 14, 32, 5472 }, // U+04A9
    { 8, 16, 128, 0, 14, 32, 5504 }, // U+04AA
    { 8, 16, 128, 0, 14, 32, 5536 }, // U+04AB
    { 8, 16, 128, 0, 14, 32, 5568 }, // U+04AC
    { 8, 16, 128, 0, 14, 32, 5600 }, // U+04AD
    { 8, 16, 128, 0, 14, 32, 5632 }, // U+04AE
    { 8, 16, 128, 0, 14, 32, 5664 }, // U+04AF
    { 8, 16, 128, 0, 14, 32, 5696 }, // U+04B0
    { 8, 16, 128, 0, 14, 32, 5728 }, // U+04B1
    { 8, 16, 128, 0, 14, 32, 5760 }, // U+04B2
    { 8, 16, 128, 0, 14, 32, 5792 }, // U+04B3
    { 8, 16, 128, 0, 14, 32, 5824 }, // U+04B4
    { 8, 16, 128, 0, 14, 32, 5856 }, // U+04B5
    { 8, 16, 128, 0, 14, 32, 5888 }, // U+04B6
    { 8, 16, 128, 0, 14, 32, 5920 }, // U+04B7
    { 8, 16, 128, 0, 14, 32, 5952 }, // U+04B8
    { 8, 16, 128, 0, 14, 32, 5984 }, // U+04B9
    { 8, 16, 128, 0, 14, 32, 6016 }, // U+04BA
    { 8, 16, 128, 0, 14, 32, 6048 }, // U+04BB
    { 8, 16, 128, 0, 14, 32, 6080 }, // U+04BC
    { 8, 16, 128, 0, 14, 32, 6112 }, // U+04BD
    { 8, 16, 128, 0, 14, 32, 6144 }, // U+04BE
    { 8, 16, 128, 0, 14, 32, 6176 }, // U+04BF
    { 8, 16, 128, 0, 14, 32, 6208 }, // U+04C0
    { 8, 16, 128, 0, 14, 32, 6240 }, // U+04C1
    { 8, 16, 128, 0, 14, 32, 6272 }, // U+04C2
    { 8, 16, 128, 0, 14, 32, 6304 }, // U+04C3
    { 8, 16, 128, 0, 14, 32, 6336 }, // U+04C4
    { 8, 16, 128, 0, 14, 32, 6368 }, // U+04C5
    { 8, 16, 128, 0, 14, 32, 6400 }, // U+04C6
    { 8, 16, 128, 0, 14, 32, 6432 }, // U+04C7
    { 8, 16, 128, 0, 14, 32, 6464 }, // U+04C8
    { 8, 16, 128, 0, 14, 32, 6496 }, // U+04C9
    { 8, 16, 128, 0, 14, 32, 6528 }, // U+04CA
    { 8, 16, 128, 0, 14, 32, 6560 }, // U+04CB
    { 8, 16, 128, 0, 14, 32, 6592 }, // U+04CC
    { 8, 16, 128, 0, 14, 32, 6624 }, // U+04CD
    { 8, 16, 128, 0, 14, 32, 6656 }, // U+04CE
    { 8, 16, 128, 0, 14, 32, 6688 }, // U+04CF
    { 8, 16, 128, 0, 14, 32, 6720 }, // U+04D0
    { 8, 16, 128, 0, 14, 32, 6752 }, // U+04D1
    { 8, 16, 128, 0, 14, 32, 6784 }, // U+04D2
    { 8, 16, 128, 0, 14, 32, 6816 }, // U+04D3
    { 8, 16, 128, 0, 14, 32, 6848 }, // U+04D4
    { 8, 16, 128, 0, 14, 32, 6880 }, // U+04D5
    { 8, 16, 128, 0, 14, 32, 6912 }, // U+04D6
    { 8, 16, 128, 0, 14, 32, 6944 }, // U+04D7
    { 8, 16, 128, 0, 14, 32, 6976 }, // U+04D8
    { 8, 16, 128, 0, 14, 32, 7008 }, // U+04D9
    { 8, 16, 128, 0, 14, 32, 7040 }, // U+04DA
    { 8, 16, 128, 0, 14, 32, 7072 }, // U+04DB
    { 8, 16, 128, 0, 14, 32, 7104 }, // U+04DC
    { 8, 16, 128, 0, 14, 32, 7136 }, // U+04DD
    { 8, 16, 128, 0, 14, 32, 7168 }, // U+04DE
    { 8, 16, 128, 0, 14, 32, 7200 }, // U+04DF
    { 8, 16, 128, 0, 14, 32, 7232 }, // U+04E0
    { 8, 16, 128, 0, 14, 32, 7264 }, // U+04E1
    { 8, 16, 128, 0, 14, 32, 7296 }, // U+04E2
    { 8, 16, 128, 0, 14, 32, 7328 }, // U+04E3
    { 8, 16, 128, 0, 14, 32, 7360 }, // U+04E4
    { 8, 16, 128, 0, 14, 32, 7392 }, // U+04E5
    { 8, 16, 128, 0, 14, 32, 7424 }, // U+04E6
    { 8, 16, 128, 0, 14, 32, 7456 }, // U+04E7
    { 8, 16, 128, 0, 14, 32, 7488 }, // U+04E8
    { 8, 16, 128, 0, 14, 32, 7520 }, // U+04E9
    { 8, 16, 128, 0, 14, 32, 7552 }, // U+04EA
    { 8, 16, 128, 0, 14, 32, 7584 }, // U+04EB
    { 8, 16, 128, 0, 14, 32, 7616 }, // U+04EC
    { 8, 16, 128, 0, 14, 32, 7648 }, // U+04ED
    { 8, 16, 128, 0, 14, 32, 7680 }, // U+04EE
    { 8, 16, 128, 0, 14, 32, 7712 }, // U+04EF
    { 8, 16, 128, 0, 14, 32, 7744 }, // U+04F0
    { 8, 16, 128, 0, 14, 32, 7776 }, // U+04F1
    { 8, 16, 128, 0, 14, 32, 7808 }, // U+04F2
    { 8, 16, 128, 0, 14, 32, 7840 }, // U+04F3
    { 8, 16, 128, 0, 14, 32, 7872 }, // U+04F4
    { 8, 16, 128, 0, 14, 32, 7904 }, // U+04F5
    { 8, 16, 128, 0, 14, 32, 7936 }, // U+04F6
    { 8, 16, 128, 0, 14, 32, 7968 }, // U+04F7
    { 8, 16, 128, 0, 14, 32, 8000 }, // U+04F8
    { 8, 16, 128, 0, 14, 32, 8032 }, // U+04F9
    { 8, 16, 128, 0, 14, 32, 8064 }, // U+04FA
    { 8, 16, 128, 0, 14, 32, 8096 }, // U+04FB
    { 8, 16, 128, 0, 14, 32, 8128 }, // U+04FC
    { 8, 16, 128, 0, 14, 32, 8160 }, // U+04FD
    { 8, 16, 128, 0, 14, 32, 8192 }, // U+04FE
    { 8, 16, 128, 0, 14, 32, 8224 }, // U+04FF
    { 16, 26, 336, 3, 22, 104, 0 }, // U+1E0C
    { 13, 26, 256, 1, 22, 85, 104 }, // U+1E0D
    { 15, 26, 336, 3, 22, 98, 189 }, // U+1E24
    { 12, 26, 256, 2, 22, 78, 287 }, // U+1E25
    { 12, 26, 256, 3, 22, 78, 365 }, // U+1E36
    { 2, 26, 96, 2, 22, 13, 443 }, // U+1E37
    { 12, 29, 256, 3, 25, 87, 456 }, // U+1E38
    { 7, 29, 96, 0, 25, 51, 543 }, // U+1E39
    { 12, 25, 256, 3, 22, 75, 594 }, // U+1E3A
    { 7, 25, 96, 0, 22, 44, 669 }, // U+1E3B
    { 20, 26, 384, 2, 26, 130, 713 }, // U+1E40
    { 20, 20, 384, 2, 20, 100, 843 }, // U+1E41
    { 20, 26, 384, 2, 22, 130, 943 }, // U+1E42
    { 20, 20, 384, 2, 16, 100, 1073 }, // U+1E43
    { 17, 26, 336, 2, 26, 111, 1173 }, // U+1E44
    { 12, 20, 256, 2, 20, 60, 1284 }, // U+1E45
    { 17, 26, 336, 2, 22, 111, 1344 }, // U+1E46
    { 12, 20, 256, 2, 16, 60, 1455 }, // U+1E47
    { 17, 25, 336, 2, 22, 107, 1515 }, // U+1E48
    { 12, 19, 256, 2, 16, 57, 1622 }, // U+1E49
    { 17, 26, 336, 3, 22, 111, 1679 }, // U+1E5A
    { 7, 20, 144, 2, 16, 35, 1790 }, // U+1E5B
    { 17, 29, 336, 3, 25, 124, 1825 }, // U+1E5C
    { 7, 23, 144, 2, 19, 41, 1949 }, // U+1E5D
    { 17, 25, 336, 3, 22, 107, 1990 }, // U+1E5E
    { 9, 19, 144, 0, 16, 43, 2097 }, // U+1E5F
    { 17, 26, 304, 1, 22, 111, 2140 }, // U+1E62
    { 12, 20, 224, 1, 16, 60, 2251 }, // U+1E63
    { 16, 26, 288, 1, 22, 104, 2311 }, // U+1E6C
    { 7, 25, 128, 1, 21, 44, 2415 }, // U+1E6D
    { 18, 26, 320, 1, 22, 117, 0 }, // U+1EA0
    { 13, 20, 256, 1, 16, 65, 117 }, // U+1EA1
    { 8, 16, 128, 0, 14, 32, 182 }, // U+1EA2
    { 8, 16, 128, 0, 14, 32, 214 }, // U+1EA3
    { 18, 32, 320, 1, 32, 144, 246 }, // U+1EA4
    { 13, 26, 256, 1, 26, 85, 390 }, // U+1EA5
    { 18, 32, 320, 1, 32, 144, 475 }, // U+1EA6
    { 13, 26, 256, 1, 26, 85, 619 }, // U+1EA7
    { 8, 16, 128, 0, 14, 32, 704 }, // U+1EA8
    { 8, 16, 128, 0, 14, 32, 736 }, // U+1EA9
    { 18, 31, 320, 1, 31, 140, 768 }, // U+1EAA
    { 13, 25, 256, 1, 25, 82, 908 }, // U+1EAB
    { 18, 31, 320, 1, 27, 140, 990 }, // U+1EAC
    { 13, 25, 256, 1, 21, 82, 1130 }, // U+1EAD
    { 18, 32, 320, 1, 32, 144, 1212 }, // U+1EAE
    { 13, 26, 256, 1, 26, 85, 1356 }, // U+1EAF
    { 18, 32, 320, 1, 32, 144, 1441 }, // U+1EB0
    { 13, 26, 256, 1, 26, 85, 1585 }, // U+1EB1
    { 8, 16, 128, 0, 14, 32, 1670 }, // U+1EB2
    { 8, 16, 128, 0, 14, 32, 1702 }, // U+1EB3
    { 18, 31, 320, 1, 31, 140, 1734 }, // U+1EB4
    { 13, 25, 256, 1, 25, 82, 1874 }, // U+1EB5
    { 18, 31, 320, 1, 27, 140, 1956 }, // U+1EB6
    { 13, 25, 256, 1, 21, 82, 2096 }, // U+1EB7
    { 15, 26, 304, 3, 22, 98, 2178 }, // U+1EB8
    { 14, 20, 256, 1, 16, 70, 2276 }, // U+1EB9
    { 8, 16, 128, 0, 14, 32, 2346 }, // U+1EBA
    { 8, 16, 128, 0, 14, 32, 2378 }, // U+1EBB
    { 15, 26, 304, 3, 26, 98, 2410 }, // U+1EBC
    { 14, 20, 256, 1, 20, 70, 2508 }, // U+1EBD
    { 15, 32, 304, 3, 32, 120, 2578 }, // U+1EBE
    { 14, 26, 256, 1, 26, 91, 2698 }, // U+1EBF
    { 15, 32, 304, 3, 32, 120, 2789 }, // U+1EC0
    { 14, 26, 256, 1, 26, 91, 2909 }, // U+1EC1
    { 8, 16, 128, 0, 14, 32, 3000 }, // U+1EC2
    { 8, 16, 128, 0, 14, 32, 3032 }, // U+1EC3
    { 15, 31, 304, 3, 31, 117, 3064 }, // U+1EC4
    { 14, 25, 256, 1, 25, 88, 3181 }, // U+1EC5
    { 15, 31, 304, 3, 27, 117, 3269 }, // U+1EC6
    { 14, 25, 256, 1, 21, 88, 3386 }, // U+1EC7
    { 8, 16, 128, 0, 14, 32, 3474 }, // U+1EC8
    { 8, 16, 128, 0, 14, 32, 3506 }, // U+1EC9
    { 2, 26, 128, 3, 22, 13, 3538 }, // U+1ECA
    { 2, 26, 96, 2, 22, 13, 3551 }, // U+1ECB
    { 20, 26, 352, 1, 22, 130, 3564 }, // U+1ECC
    { 14, 20, 256, 1, 16, 70, 3694 }, // U+1ECD
    { 8, 16, 128, 0, 14, 32, 3764 }, // U+1ECE
    { 8, 16, 128, 0, 14, 32, 3796 }, // U+1ECF
    { 20, 32, 352, 1, 32, 160, 3828 }, // U+1ED0
    { 14, 26, 256, 1, 26, 91, 3988 }, // U+1ED1
    { 20, 32, 352, 1, 32, 160, 4079 }, // U+1ED2
    { 14, 26, 256, 1, 26, 91, 4239 }, // U+1ED3
    { 8, 16, 128, 0, 14, 32, 4330 }, // U+1ED4
    { 8, 16, 128, 0, 14, 32, 4362 }, // U+1ED5
    { 20, 31, 352, 1, 31, 155, 4394 }, // U+1ED6
    { 14, 25, 256, 1, 25, 88, 4549 }, // U+1ED7
    { 20, 31, 352, 1, 27, 155, 4637 }, // U+1ED8
    { 14, 25, 256, 1, 21, 88, 4792 }, // U+1ED9
    { 21, 27, 352, 1, 27, 142, 4880 }, // U+1EDA
    { 15, 21, 256, 1, 21, 79, 5022 }, // U+1EDB
    { 21, 27, 352, 1, 27, 142, 5101 }, // U+1EDC
    { 15, 21, 256, 1, 21, 79, 5243 }, // U+1EDD
    { 8, 16, 128, 0, 14, 32, 5322 }, // U+1EDE
    { 8, 16, 128, 0, 14, 32, 5354 }, // U+1EDF
    { 21, 26, 352, 1, 26, 137, 5386 }, // U+1EE0
    { 15, 20, 256, 1, 20, 75, 5523 }, // U+1EE1
    { 21, 27, 352, 1, 23, 142, 5598 }, // U+1EE2
    { 15, 22, 256, 1, 18, 83, 5740 }, // U+1EE3
    { 15, 26, 336, 3, 22, 98, 5823 }, // U+1EE4
    { 12, 20, 256, 2, 16, 60, 5921 }, // U+1EE5
    { 8, 16, 128, 0, 14, 32, 5981 }, // U+1EE6
    { 8, 16, 128, 0, 14, 32, 6013 }, // U+1EE7
    { 18, 27, 336, 3, 27, 122, 6045 }, // U+1EE8
    { 15, 21, 272, 2, 21, 79, 6167 }, // U+1EE9
    { 18, 27, 336, 3, 27, 122, 6246 }, // U+1EEA
    { 15, 21, 272, 2, 21, 79, 6368 }, // U+1EEB
    { 8, 16, 128, 0, 14, 32, 6447 }, // U+1EEC
    { 8, 16, 128, 0, 14, 32, 6479 }, // U+1EED
    { 18, 26, 336, 3, 26, 117, 6511 }, // U+1EEE
    { 15, 20, 272, 2, 20, 75, 6628 }, // U+1EEF
    { 18, 27, 336, 3, 23, 122, 6703 }, // U+1EF0
    { 15, 22, 272, 2, 18, 83, 6825 }, // U+1EF1
    { 18, 27, 304, 1, 27, 122, 6908 }, // U+1EF2
    { 13, 27, 224, 1, 21, 88, 7030 }, // U+1EF3
    { 18, 26, 304, 1, 22, 117, 7118 }, // U+1EF4
    { 13, 26, 224, 1, 16, 85, 7235 }, // U+1EF5
    { 8, 16, 128, 0, 14, 32, 7320 }, // U+1EF6
    { 8, 16, 128, 0, 14, 32, 7352 }, // U+1EF7
    { 18, 26, 304, 1, 26, 117, 7384 }, // U+1EF8
    { 13, 26, 224, 1, 20, 85, 7501 }, // U+1EF9
    { 1, 1, 224, 0, 1, 1, 0 }, // U+2000
    { 1, 1, 464, 0, 1, 1, 1 }, // U+2001
    { 1, 1, 224, 0, 1, 1, 2 }, // U+2002
    { 1, 1, 464, 0, 1, 1, 3 }, // U+2003
    { 1, 1, 144, 0, 1, 1, 4 }, // U+2004
    { 1, 1, 112, 0, 1, 1, 5 }, // U+2005
    { 1, 1, 80, 0, 1, 1, 6 }, // U+2006
    { 1, 1, 256, 0, 1, 1, 7 }, // U+2007
    { 1, 1, 128, 0, 1, 1, 8 }, // U+2008
    { 1, 1, 96, 0, 1, 1, 9 }, // U+2009
    { 1, 1, 48, 0, 1, 1, 10 }, // U+200A
    { 1, 1, 0, 0, 1, 1, 11 }, // U+200B
    { 16, 16, 256, 0, 14, 64, 12 }, // U+200C
    { 16, 16, 256, 0, 14, 64, 76 }, // U+200D
    { 16, 16, 256, 0, 14, 64, 140 }, // U+200E
    { 16, 16, 256, 0, 14, 64, 204 }, // U+200F
    { 7, 2, 144, 1, 10, 4, 268 }, // U+2010
    { 7, 2, 144, 1, 10, 4, 272 }, // U+2011
    { 16, 2, 256, 0, 10, 8, 276 }, // U+2012
    { 16, 2, 256, 0, 10, 8, 284 }, // U+2013
    { 29, 2, 464, 0, 10, 15, 292 }, // U+2014
    { 29, 2, 464, 0, 10, 15, 307 }, // U+2015
    { 8, 16, 128, 0, 14, 32, 322 }, // U+2016
    { 8, 16, 128, 0, 14, 32, 354 }, // U+2017
    { 3, 7, 96, 2, 22, 6, 386 }, // U+2018
    { 3, 7, 96, 1, 22, 6, 392 }, // U+2019
    { 3, 7, 96, 1, 3, 6, 398 }, // U+201A
    { 3, 7, 96, 1, 22, 6, 404 }, // U+201B
    { 7, 7, 144, 1, 22, 13, 410 }, // U+201C
    { 7, 7, 144, 1, 22, 13, 423 }, // U+201D
    { 7, 7, 144, 1, 3, 13, 436 }, // U+201E
    { 7, 7, 144, 1, 22, 13, 449 }, // U+201F
    { 14, 27, 256, 1, 22, 95, 462 }, // U+2020
    { 14, 27, 256, 1, 22, 95, 557 }, // U+2021
    { 8, 8, 160, 1, 15, 16, 652 }, // U+2022
    { 8, 16, 128, 0, 14, 32, 668 }, // U+2023
    { 8, 16, 128, 0, 14, 32, 700 }, // U+2024
    { 8, 16, 128, 0, 14, 32, 732 }, // U+2025
    { 22, 3, 464, 4, 3, 17, 764 }, // U+2026
    { 8, 16, 128, 0, 14, 32, 781 }, // U+2027
    { 16, 16, 256, 0, 14, 64, 813 }, // U+2028
    { 16, 16, 256, 0, 14, 64, 877 }, // U+2029
    { 16, 16, 256, 0, 14, 64, 941 }, // U+202A
    { 16, 16, 256, 0, 14, 64, 1005 }, // U+202B
    { 16, 16, 256, 0, 14, 64, 1069 }, // U+202C
    { 16, 16, 256, 0, 14, 64, 1133 }, // U+202D
    { 16, 16, 256, 0, 14, 64, 1197 }, // U+202E
    { 8, 16, 128, 0, 14, 32, 1261 }, // U+202F
    { 29, 22, 464, 0, 22, 160, 1293 }, // U+2030
    { 8, 16, 128, 0, 14, 32, 1453 }, // U+2031
    { 8, 16, 128, 0, 14, 32, 1485 }, // U+2032
    { 8, 16, 128, 0, 14, 32, 1517 }, // U+2033
    { 8, 16, 128, 0, 14, 32, 1549 }, // U+2034
    { 8, 16, 128, 0, 14, 32, 1581 }, // U+2035
    { 8, 16, 128, 0, 14, 32, 1613 }, // U+2036
    { 8, 16, 128, 0, 14, 32, 1645 }, // U+2037
    { 8, 16, 128, 0, 14, 32, 1677 }, // U+2038
    { 5, 9, 144, 2, 13, 12, 1709 }, // U+2039
    { 5, 9, 144, 2, 13, 12, 1721 }, // U+203A
    { 8, 16, 128, 0, 14, 32, 1733 }, // U+203B
    { 8, 16, 128, 0, 14, 32, 1765 }, // U+203C
    { 8, 16, 128, 0, 14, 32, 1797 }, // U+203D
    { 8, 16, 128, 0, 14, 32, 1829 }, // U+203E
    { 8, 16, 128, 0, 14, 32, 1861 }, // U+203F
    { 8, 16, 128, 0, 14, 32, 1893 }, // U+2040
    { 8, 16, 128, 0, 14, 32, 1925 }, // U+2041
    { 8, 16, 128, 0, 14, 32, 1957 }, // U+2042
    { 8, 16, 128, 0, 14, 32, 1989 }, // U+2043
    { 15, 22, 80, -5, 22, 83, 2021 }, // U+2044
    { 8, 16, 128, 0, 14, 32, 2104 }, // U+2045
    { 8, 16, 128, 0, 14, 32, 2136 }, // U+2046
    { 8, 16, 128, 0, 14, 32, 2168 }, // U+2047
    { 8, 16, 128, 0, 14, 32, 2200 }, // U+2048
    { 8, 16, 128, 0, 14, 32, 2232 }, // U+2049
    { 8, 16, 128, 0, 14, 32, 2264 }, // U+204A
    { 8, 16, 128, 0, 14, 32, 2296 }, // U+204B
    { 8, 16, 128, 0, 14, 32, 2328 }, // U+204C
    { 8, 16, 128, 0, 14, 32, 2360 }, // U+204D
    { 8, 16, 128, 0, 14, 32, 2392 }, // U+204E
    { 8, 16, 128, 0, 14, 32, 2424 }, // U+204F
    { 8, 16, 128, 0, 14, 32, 2456 }, // U+2050
    { 8, 16, 128, 0, 14, 32, 2488 }, // U+2051
    { 8, 16, 128, 0, 14, 32, 2520 }, // U+2052
    { 8, 16, 128, 0, 14, 32, 2552 }, // U+2053
    { 8, 16, 128, 0, 14, 32, 2584 }, // U+2054
    { 8, 16, 128, 0, 14, 32, 2616 }, // U+2055
    { 8, 16, 128, 0, 14, 32, 2648 }, // U+2056
    { 16, 16, 256, 0, 14, 64, 2680 }, // U+2057
    { 8, 16, 128, 0, 14, 32, 2744 }, // U+2058
    { 8, 16, 128, 0, 14, 32, 2776 }, // U+2059
    { 8, 16, 128, 0, 14, 32, 2808 }, // U+205A
    { 8, 16, 128, 0, 14, 32, 2840 }, // U+205B
    { 8, 16, 128, 0, 14, 32, 2872 }, // U+205C
    { 8, 16, 128, 0, 14, 32, 2904 }, // U+205D
    { 8, 16, 128, 0, 14, 32, 2936 }, // U+205E
    { 8, 16, 128, 0, 14, 32, 2968 }, // U+205F
    { 16, 16, 256, 0, 14, 64, 3000 }, // U+2060
    { 16, 16, 256, 0, 14, 64, 3064 }, // U+2061
    { 16, 16, 256, 0, 14, 64, 3128 }, // U+2062
    { 16, 16, 256, 0, 14, 64, 3192 }, // U+2063
    { 16, 16, 256, 0, 14, 64, 3256 }, // U+2064
    { 16, 16, 256, 0, 14, 64, 3320 }, // U+2065
    { 16, 16, 256, 0, 14, 64, 3384 }, // U+2066
    { 16, 16, 256, 0, 14, 64, 3448 }, // U+2067
    { 16, 16, 256, 0, 14, 64, 3512 }, // U+2068
    { 16, 16, 256, 0, 14, 64, 3576 }, // U+2069
    { 16, 16, 256, 0, 14, 64, 3640 }, // U+206A
    { 16, 16, 256, 0, 14, 64, 3704 }, // U+206B
    { 16, 16, 256, 0, 14, 64, 3768 }, // U+206C
    { 16, 16, 256, 0, 14, 64, 3832 }, // U+206D
    { 16, 16, 256, 0, 14, 64, 3896 }, // U+206E
    { 16, 16, 256, 0, 14, 64, 3960 }, // U+206F
    { 8, 16, 128, 0, 14, 32, 0 }, // U+2070
    { 8, 16, 128, 0, 14, 32, 32 }, // U+2071
    { 16, 16, 256, 0, 14, 64, 64 }, // U+2072
    { 16, 16, 256, 0, 14, 64, 128 }, // U+2073
    { 8, 16, 128, 0, 14, 32, 192 }, // U+2074
    { 8, 16, 128, 0, 14, 32, 224 }, // U+2075
    { 8, 16, 128, 0, 14, 32, 256 }, // U+2076
    { 8, 16, 128, 0, 14, 32, 288 }, // U+2077
    { 8, 16, 128, 0, 14, 32, 320 }, // U+2078
    { 8, 16, 128, 0, 14, 32, 352 }, // U+2079
    { 8, 16, 128, 0, 14, 32, 384 }, // U+207A
    { 8, 16, 128, 0, 14, 32, 416 }, // U+207B
    { 8, 16, 128, 0, 14, 32, 448 }, // U+207C
    { 8, 16, 128, 0, 14, 32, 480 }, // U+207D
    { 8, 16, 128, 0, 14, 32, 512 }, // U+207E
    { 8, 16, 128, 0, 14, 32, 544 }, // U+207F
    { 8, 16, 128, 0, 14, 32, 576 }, // U+2080
    { 5, 13, 144, 1, 7, 17, 608 }, // U+2081
    { 9, 13, 144, 0, 7, 30, 625 }, // U+2082
    { 9, 14, 144, 0, 8, 32, 655 }, // U+2083
    { 8, 16, 128, 0, 14, 32, 687 }, // U+2084
    { 8, 16, 128, 0, 14, 32, 719 }, // U+2085
    { 8, 16, 128, 0, 14, 32, 751 }, // U+2086
    { 8, 16, 128, 0, 14, 32, 783 }, // U+2087
    { 8, 16, 128, 0, 14, 32, 815 }, // U+2088
    { 8, 16, 128, 0, 14, 32, 847 }, // U+2089
    { 8, 16, 128, 0, 14, 32, 879 }, // U+208A
    { 8, 16, 128, 0, 14, 32, 911 }, // U+208B
    { 8, 16, 128, 0, 14, 32, 943 }, // U+208C
    { 8, 16, 128, 0, 14, 32, 975 }, // U+208D
    { 8, 16, 128, 0, 14, 32, 1007 }, // U+208E
    { 8, 16, 128, 0, 14, 32, 1039 }, // U+208F
    { 8, 16, 128, 0, 14, 32, 1071 }, // U+2090
    { 8, 16, 128, 0, 14, 32, 1103 }, // U+2091
    { 8, 16, 128, 0, 14, 32, 1135 }, // U+2092
    { 8, 16, 128, 0, 14, 32, 1167 }, // U+2093
    { 8, 16, 128, 0, 14, 32, 1199 }, // U+2094
    { 8, 16, 128, 0, 14, 32, 1231 }, // U+2095
    { 8, 16, 128, 0, 14, 32, 1263 }, // U+2096
    { 8, 16, 128, 0, 14, 32, 1295 }, // U+2097
    { 8, 16, 128, 0, 14, 32, 1327 }, // U+2098
    { 8, 16, 128, 0, 14, 32, 1359 }, // U+2099
    { 8, 16, 128, 0, 14, 32, 1391 }, // U+209A
    { 8, 16, 128, 0, 14, 32, 1423 }, // U+209B
    { 8, 16, 128, 0, 14, 32, 1455 }, // U+209C
    { 8, 16, 128, 0, 14, 32, 1487 }, // U+209D
    { 8, 16, 128, 0, 14, 32, 1519 }, // U+209E
    { 8, 16, 128, 0, 14, 32, 1551 }, // U+209F
    { 8, 16, 128, 0, 14, 32, 0 }, // U+20A0
    { 8, 16, 128, 0, 14, 32, 32 }, // U+20A1
    { 8, 16, 128, 0, 14, 32, 64 }, // U+20A2
    { 8, 16, 128, 0, 14, 32, 96 }, // U+20A3
    { 8, 16, 128, 0, 14, 32, 128 }, // U+20A4
    { 20, 21, 384, 2, 19, 105, 160 }, // U+20A5
    { 17, 22, 336, 2, 22, 94, 265 }, // U+20A6
    { 8, 16, 128, 0, 14, 32, 359 }, // U+20A7
    { 8, 16, 128, 0, 14, 32, 391 }, // U+20A8
    { 26, 22, 448, 1, 22, 143, 423 }, // U+20A9
    { 8, 16, 128, 0, 14, 32, 566 }, // U+20AA
    { 8, 16, 128, 0, 14, 32, 598 }, // U+20AB
    { 15, 22, 256, 2, 22, 83, 630 }, // U+20AC
    { 16, 22, 304, 2, 22, 88, 713 }, // U+20AD
    { 8, 16, 128, 0, 14, 32, 801 }, // U+20AE
    { 8, 16, 128, 0, 14, 32, 833 }, // U+20AF
    { 8, 16, 128, 0, 14, 32, 865 }, // U+20B0
    { 8, 16, 128, 0, 14, 32, 897 }, // U+20B1
    { 8, 16, 128, 0, 14, 32, 929 }, // U+20B2
    { 8, 16, 128, 0, 14, 32, 961 }, // U+20B3
    { 8, 16, 128, 0, 14, 32, 993 }, // U+20B4
    { 8, 16, 128, 0, 14, 32, 1025 }, // U+20B5
    { 8, 16, 128, 0, 14, 32, 1057 }, // U+20B6
    { 8, 16, 128, 0, 14, 32, 1089 }, // U+20B7
    { 8, 16, 128, 0, 14, 32, 1121 }, // U+20B8
    { 16, 16, 256, 0, 14, 64, 1153 }, // U+20B9
    { 8, 16, 128, 0, 14, 32, 1217 }, // U+20BA
    { 8, 16, 128, 0, 14, 32, 1249 }, // U+20BB
    { 8, 16, 128, 0, 14, 32, 1281 }, // U+20BC
    { 8, 16, 128, 0, 14, 32, 1313 }, // U+20BD
    { 8, 16, 128, 0, 14, 32, 1345 }, // U+20BE
    { 8, 16, 128, 0, 14, 32, 1377 }, // U+20BF
    { 8, 16, 128, 0, 14, 32, 1409 }, // U+20C0
    { 8, 16, 128, 0, 14, 32, 1441 }, // U+20C1
    { 8, 16, 128, 0, 14, 32, 1473 }, // U+20C2
    { 8, 16, 128, 0, 14, 32, 1505 }, // U+20C3
    { 8, 16, 128, 0, 14, 32, 1537 }, // U+20C4
    { 16, 16, 256, 0, 14, 64, 1569 }, // U+20C5
    { 16, 16, 256, 0, 14, 64, 1633 }, // U+20C6
    { 16, 16, 256, 0, 14, 64, 1697 }, // U+20C7
    { 16, 16, 256, 0, 14, 64, 1761 }, // U+20C8
    { 16, 16, 256, 0, 14, 64, 1825 }, // U+20C9
    { 16, 16, 256, 0, 14, 64, 1889 }, // U+20CA
    { 16, 16, 256, 0, 14, 64, 1953 }, // U+20CB
    { 16, 16, 256, 0, 14, 64, 2017 }, // U+20CC
    { 16, 16, 256, 0, 14, 64, 2081 }, // U+20CD
    { 16, 16, 256, 0, 14, 64, 2145 }, // U+20CE
    { 16, 16, 256, 0, 14, 64, 2209 }, // U+20CF
    { 8, 16, 128, 0, 14, 32, 0 }, // U+2190
    { 8, 16, 128, 0, 14, 32, 32 }, // U+2191
    { 8, 16, 128, 0, 14, 32, 64 }, // U+2192
    { 8, 16, 128, 0, 14, 32, 96 }, // U+2193
    { 8, 16, 128, 0, 14, 32, 128 }, // U+2194
    { 8, 16, 128, 0, 14, 32, 160 }, // U+2195
    { 8, 16, 128, 0, 14, 32, 192 }, // U+2196
    { 8, 16, 128, 0, 14, 32, 224 }, // U+2197
    { 8, 16, 128, 0, 14, 32, 256 }, // U+2198
    { 8, 16, 128, 0, 14, 32, 288 }, // U+2199
    { 8, 16, 128, 0, 14, 32, 320 }, // U+219A
    { 8, 16, 128, 0, 14, 32, 352 }, // U+219B
    { 16, 16, 256, 0, 14, 64, 384 }, // U+219C
    { 16, 16, 256, 0, 14, 64, 448 }, // U+219D
    { 8, 16, 128, 0, 14, 32, 512 }, // U+219E
    { 8, 16, 128, 0, 14, 32, 544 }, // U+219F
    { 8, 16, 128, 0, 14, 32, 576 }, // U+21A0
    { 8, 16, 128, 0, 14, 32, 608 }, // U+21A1
    { 8, 16, 128, 0, 14, 32, 640 }, // U+21A2
    { 8, 16, 128, 0, 14, 32, 672 }, // U+21A3
    { 8, 16, 128, 0, 14, 32, 704 }, // U+21A4
    { 8, 16, 128, 0, 14, 32, 736 }, // U+21A5
    { 8, 16, 128, 0, 14, 32, 768 }, // U+21A6
    { 8, 16, 128, 0, 14, 32, 800 }, // U+21A7
    { 8, 16, 128, 0, 14, 32, 832 }, // U+21A8
    { 8, 16, 128, 0, 14, 32, 864 }, // U+21A9
    { 8, 16, 128, 0, 14, 32, 896 }, // U+21AA
    { 8, 16, 128, 0, 14, 32, 928 }, // U+21AB
    { 8, 16, 128, 0, 14, 32, 960 }, // U+21AC
    { 8, 16, 128, 0, 14, 32, 992 }, // U+21AD
    { 8, 16, 128, 0, 14, 32, 1024 }, // U+21AE
    { 8, 16, 128, 0, 14, 32, 1056 }, // U+21AF
    { 8, 16, 128, 0, 14, 32, 1088 }, // U+21B0
    { 8, 16, 128, 0, 14, 32, 1120 }, // U+21B1
    { 8, 16, 128, 0, 14, 32, 1152 }, // U+21B2
    { 8, 16, 128, 0, 14, 32, 1184 }, // U+21B3
    { 8, 16, 128, 0, 14, 32, 1216 }, // U+21B4
    { 8, 16, 128, 0, 14, 32, 1248 }, // U+21B5
    { 8, 16, 128, 0, 14, 32, 1280 }, // U+21B6
    { 8, 16, 128, 0, 14, 32, 1312 }, // U+21B7
    { 8, 16, 128, 0, 14, 32, 1344 }, // U+21B8
    { 8, 16, 128, 0, 14, 32, 1376 }, // U+21B9
    { 8, 16, 128, 0, 14, 32, 1408 }, // U+21BA
    { 8, 16, 128, 0, 14, 32, 1440 }, // U+21BB
    { 8, 16, 128, 0, 14, 32, 1472 }, // U+21BC
    { 8, 16, 128, 0, 14, 32, 1504 }, // U+21BD
    { 8, 16, 128, 0, 14, 32, 1536 }, // U+21BE
    { 8, 16, 128, 0, 14, 32, 1568 }, // U+21BF
    { 8, 16, 128, 0, 14, 32, 1600 }, // U+21C0
    { 8, 16, 128, 0, 14, 32, 1632 }, // U+21C1
    { 8, 16, 128, 0, 14, 32, 1664 }, // U+21C2
    { 8, 16, 128, 0, 14, 32, 1696 }, // U+21C3
    { 8, 16, 128, 0, 14, 32, 1728 }, // U+21C4
    { 8, 16, 128, 0, 14, 32, 1760 }, // U+21C5
    { 8, 16, 128, 0, 14, 32, 1792 }, // U+21C6
    { 8, 16, 128, 0, 14, 32, 1824 }, // U+21C7
    { 8, 16, 128, 0, 14, 32, 1856 }, // U+21C8
    { 8, 16, 128, 0, 14, 32, 1888 }, // U+21C9
    { 8, 16, 128, 0, 14, 32, 1920 }, // U+21CA
    { 8, 16, 128, 0, 14, 32, 1952 }, // U+21CB
    { 8, 16, 128, 0, 14, 32, 1984 }, // U+21CC
    { 8, 16, 128, 0, 14, 32, 2016 }, // U+21CD
    { 8, 16, 128, 0, 14, 32, 2048 }, // U+21CE
    { 8, 16, 128, 0, 14, 32, 2080 }, // U+21CF
    { 8, 16, 128, 0, 14, 32, 2112 }, // U+21D0
    { 8, 16, 128, 0, 14, 32, 2144 }, // U+21D1
    { 8, 16, 128, 0, 14, 32, 2176 }, // U+21D2
    { 8, 16, 128, 0, 14, 32, 2208 }, // U+21D3
    { 8, 16, 128, 0, 14, 32, 2240 }, // U+21D4
    { 8, 16, 128, 0, 14, 32, 2272 }, // U+21D5
    { 8, 16, 128, 0, 14, 32, 2304 }, // U+21D6
    { 8, 16, 128, 0, 14, 32, 2336 }, // U+21D7
    { 8, 16, 128, 0, 14, 32, 2368 }, // U+21D8
    { 8, 16, 128, 0, 14, 32, 2400 }, // U+21D9
    { 8, 16, 128, 0, 14, 32, 2432 }, // U+21DA
    { 8, 16, 128, 0, 14, 32, 2464 }, // U+21DB
    { 8, 16, 128, 0, 14, 32, 2496 }, // U+21DC
    { 8, 16, 128, 0, 14, 32, 2528 }, // U+21DD
    { 8, 16, 128, 0, 14, 32, 2560 }, // U+21DE
    { 8, 16, 128, 0, 14, 32, 2592 }, // U+21DF
    { 8, 16, 128, 0, 14, 32, 2624 }, // U+21E0
    { 8, 16, 128, 0, 14, 32, 2656 }, // U+21E1
    { 8, 16, 128, 0, 14, 32, 2688 }, // U+21E2
    { 8, 16, 128, 0, 14, 32, 2720 }, // U+21E3
    { 8, 16, 128, 0, 14, 32, 2752 }, // U+21E4
    { 8, 16, 128, 0, 14, 32, 2784 }, // U+21E5
    { 8, 16, 128, 0, 14, 32, 2816 }, // U+21E6
    { 8, 16, 128, 0, 14, 32, 2848 }, // U+21E7
    { 8, 16, 128, 0, 14, 32, 2880 }, // U+21E8
    { 8, 16, 128, 0, 14, 32, 2912 }, // U+21E9
    { 8, 16, 128, 0, 14, 32, 2944 }, // U+21EA
    { 8, 16, 128, 0, 14, 32, 2976 }, // U+21EB
    { 8, 16, 128, 0, 14, 32, 3008 }, // U+21EC
    { 8, 16, 128, 0, 14, 32, 3040 }, // U+21ED
    { 8, 16, 128, 0, 14, 32, 3072 }, // U+21EE
    { 8, 16, 128, 0, 14, 32, 3104 }, // U+21EF
    { 8, 16, 128, 0, 14, 32, 3136 }, // U+21F0
    { 8, 16, 128, 0, 14, 32, 3168 }, // U+21F1
    { 8, 16, 128, 0, 14, 32, 3200 }, // U+21F2
    { 8, 16, 128, 0, 14, 32, 3232 }, // U+21F3
    { 16, 16, 256, 0, 14, 64, 3264 }, // U+21F4
    { 8, 16, 128, 0, 14, 32, 3328 }, // U+21F5
    { 8, 16, 128, 0, 14, 32, 3360 }, // U+21F6
    { 8, 16, 128, 0, 14, 32, 3392 }, // U+21F7
    { 8, 16, 128, 0, 14, 32, 3424 }, // U+21F8
    { 16, 16, 256, 0, 14, 64, 3456 }, // U+21F9
    { 16, 16, 256, 0, 14, 64, 3520 }, // U+21FA
    { 16, 16, 256, 0, 14, 64, 3584 }, // U+21FB
    { 16, 16, 256, 0, 14, 64, 3648 }, // U+21FC
    { 8, 16, 128, 0, 14, 32, 3712 }, // U+21FD
    { 8, 16, 128, 0, 14, 32, 3744 }, // U+21FE
    { 16, 16, 256, 0, 14, 64, 3776 }, // U+21FF
    { 18, 22, 320, 1, 22, 99, 0 }, // U+2200
    { 8, 16, 128, 0, 14, 32, 99 }, // U+2201
    { 8, 16, 128, 0, 14, 32, 131 }, // U+2202
    { 15, 22, 304, 3, 22, 83, 163 }, // U+2203
    { 15, 26, 304, 3, 24, 98, 246 }, // U+2204
    { 8, 16, 128, 0, 14, 32, 344 }, // U+2205
    { 8, 16, 128, 0, 14, 32, 376 }, // U+2206
    { 8, 16, 128, 0, 14, 32, 408 }, // U+2207
    { 8, 16, 128, 0, 14, 32, 440 }, // U+2208
    { 8, 16, 128, 0, 14, 32, 472 }, // U+2209
    { 8, 16, 128, 0, 14, 32, 504 }, // U+220A
    { 8, 16, 128, 0, 14, 32, 536 }, // U+220B
    { 8, 16, 128, 0, 14, 32, 568 }, // U+220C
    { 8, 16, 128, 0, 14, 32, 600 }, // U+220D
    { 8, 16, 128, 0, 14, 32, 632 }, // U+220E
    { 8, 16, 128, 0, 14, 32, 664 }, // U+220F
    { 8, 16, 128, 0, 14, 32, 696 }, // U+2210
    { 8, 16, 128, 0, 14, 32, 728 }, // U+2211
    { 14, 2, 272, 1, 8, 7, 760 }, // U+2212
    { 8, 16, 128, 0, 14, 32, 767 }, // U+2213
    { 8, 16, 128, 0, 14, 32, 799 }, // U+2214
    { 15, 22, 80, -5, 22, 83, 831 }, // U+2215
    { 8, 16, 128, 0, 14, 32, 914 }, // U+2216
    { 8, 16, 128, 0, 14, 32, 946 }, // U+2217
    { 8, 16, 128, 0, 14, 32, 978 }, // U+2218
    { 2, 3, 128, 3, 10, 2, 1010 }, // U+2219
    { 8, 16, 128, 0, 14, 32, 1012 }, // U+221A
    { 8, 16, 128, 0, 14, 32, 1044 }, // U+221B
    { 8, 16, 128, 0, 14, 32, 1076 }, // U+221C
    { 8, 16, 128, 0, 14, 32, 1108 }, // U+221D
    { 8, 16, 128, 0, 14, 32, 1140 }, // U+221E
    { 8, 16, 128, 0, 14, 32, 1172 }, // U+221F
    { 8, 16, 128, 0, 14, 32, 1204 }, // U+2220
    { 8, 16, 128, 0, 14, 32, 1236 }, // U+2221
    { 8, 16, 128, 0, 14, 32, 1268 }, // U+2222
    { 8, 16, 128, 0, 14, 32, 1300 }, // U+2223
    { 8, 16, 128, 0, 14, 32, 1332 }, // U+2224
    { 8, 16, 128, 0, 14, 32, 1364 }, // U+2225
    { 8, 16, 128, 0, 14, 32, 1396 }, // U+2226
    { 8, 16, 128, 0, 14, 32, 1428 }, // U+2227
    { 8, 16, 128, 0, 14, 32, 1460 }, // U+2228
    { 8, 16, 128, 0, 14, 32, 1492 }, // U+2229
    { 8, 16, 128, 0, 14, 32, 1524 }, // U+222A
    { 8, 16, 128, 0, 14, 32, 1556 }, // U+222B
    { 8, 16, 128, 0, 14, 32, 1588 }, // U+222C
    { 8, 16, 128, 0, 14, 32, 1620 }, // U+222D
    { 8, 16, 128, 0, 14, 32, 1652 }, // U+222E
    { 8, 16, 128, 0, 14, 32, 1684 }, // U+222F
    { 8, 16, 128, 0, 14, 32, 1716 }, // U+2230
    { 8, 16, 128, 0, 14, 32, 1748 }, // U+2231
    { 8, 16, 128, 0, 14, 32, 1780 }, // U+2232
    { 8, 16, 128, 0, 14, 32, 1812 }, // U+2233
    { 8, 16, 128, 0, 14, 32, 1844 }, // U+2234
    { 8, 16, 128, 0, 14, 32, 1876 }, // U+2235
    { 2, 16, 128, 4, 16, 8, 1908 }, // U+2236
    { 8, 16, 128, 0, 14, 32, 1916 }, // U+2237
    { 8, 16, 128, 0, 14, 32, 1948 }, // U+2238
    { 8, 16, 128, 0, 14, 32, 1980 }, // U+2239
    { 8, 16, 128, 0, 14, 32, 2012 }, // U+223A
    { 8, 16, 128, 0, 14, 32, 2044 }, // U+223B
    { 8, 16, 128, 0, 14, 32, 2076 }, // U+223C
    { 8, 16, 128, 0, 14, 32, 2108 }, // U+223D
    { 8, 16, 128, 0, 14, 32, 2140 }, // U+223E
    { 8, 16, 128, 0, 14, 32, 2172 }, // U+223F
    { 8, 16, 128, 0, 14, 32, 2204 }, // U+2240
    { 8, 16, 128, 0, 14, 32, 2236 }, // U+2241
    { 8, 16, 128, 0, 14, 32, 2268 }, // U+2242
    { 8, 16, 128, 0, 14, 32, 2300 }, // U+2243
    { 8, 16, 128, 0, 14, 32, 2332 }, // U+2244
    { 8, 16, 128, 0, 14, 32, 2364 }, // U+2245
    { 8, 16, 128, 0, 14, 32, 2396 }, // U+2246
    { 8, 16, 128, 0, 14, 32, 2428 }, // U+2247
    { 8, 16, 128, 0, 14, 32, 2460 }, // U+2248
    { 8, 16, 128, 0, 14, 32, 2492 }, // U+2249
    { 8, 16, 128, 0, 14, 32, 2524 }, // U+224A
    { 8, 16, 128, 0, 14, 32, 2556 }, // U+224B
    { 8, 16, 128, 0, 14, 32, 2588 }, // U+224C
    { 8, 16, 128, 0, 14, 32, 2620 }, // U+224D
    { 8, 16, 128, 0, 14, 32, 2652 }, // U+224E
    { 8, 16, 128, 0, 14, 32, 2684 }, // U+224F
    { 8, 16, 128, 0, 14, 32, 2716 }, // U+2250
    { 8, 16, 128, 0, 14, 32, 2748 }, // U+2251
    { 8, 16, 128, 0, 14, 32, 2780 }, // U+2252
    { 8, 16, 128, 0, 14, 32, 2812 }, // U+2253
    { 8, 16, 128, 0, 14, 32, 2844 }, // U+2254
    { 8, 16, 128, 0, 14, 32, 2876 }, // U+2255
    { 8, 16, 128, 0, 14, 32, 2908 }, // U+2256
    { 8, 16, 128, 0, 14, 32, 2940 }, // U+2257
    { 8, 16, 128, 0, 14, 32, 2972 }, // U+2258
    { 14, 13, 272, 1, 16, 46, 3004 }, // U+2259
    { 14, 13, 272, 1, 16, 46, 3050 }, // U+225A
    { 8, 16, 128, 0, 14, 32, 3096 }, // U+225B
    { 8, 16, 128, 0, 14, 32, 3128 }, // U+225C
    { 8, 16, 128, 0, 14, 32, 3160 }, // U+225D
    { 8, 16, 128, 0, 14, 32, 3192 }, // U+225E
    { 8, 16, 128, 0, 14, 32, 3224 }, // U+225F
    { 14, 16, 272, 1, 15, 56, 3256 }, // U+2260
    { 14, 14, 272, 1, 17, 49, 3312 }, // U+2261
    { 14, 21, 272, 1, 21, 74, 3361 }, // U+2262
    { 8, 16, 128, 0, 14, 32, 3435 }, // U+2263
    { 15, 17, 272, 1, 17, 64, 3467 }, // U+2264
    { 15, 17, 272, 1, 17, 64, 3531 }, // U+2265
    { 8, 16, 128, 0, 14, 32, 3595 }, // U+2266
    { 8, 16, 128, 0, 14, 32, 3627 }, // U+2267
    { 8, 16, 128, 0, 14, 32, 3659 }, // U+2268
    { 8, 16, 128, 0, 14, 32, 3691 }, // U+2269
    { 8, 16, 128, 0, 14, 32, 3723 }, // U+226A
    { 8, 16, 128, 0, 14, 32, 3755 }, // U+226B
    { 8, 16, 128, 0, 14, 32, 3787 }, // U+226C
    { 8, 16, 128, 0, 14, 32, 3819 }, // U+226D
    { 15, 22, 272, 1, 18, 83, 3851 }, // U+226E
    { 15, 21, 272, 1, 18, 79, 3934 }, // U+226F
    { 15, 25, 272, 1, 21, 94, 4013 }, // U+2270
    { 15, 25, 272, 1, 21, 94, 4107 }, // U+2271
    { 8, 16, 128, 0, 14, 32, 4201 }, // U+2272
    { 8, 16, 128, 0, 14, 32, 4233 }, // U+2273
    { 8, 16, 128, 0, 14, 32, 4265 }, // U+2274
    { 8, 16, 128, 0, 14, 32, 4297 }, // U+2275
    { 8, 16, 128, 0, 14, 32, 4329 }, // U+2276
    { 8, 16, 128, 0, 14, 32, 4361 }, // U+2277
    { 8, 16, 128, 0, 14, 32, 4393 }, // U+2278
    { 8, 16, 128, 0, 14, 32, 4425 }, // U+2279
    { 8, 16, 128, 0, 14, 32, 4457 }, // U+227A
    { 8, 16, 128, 0, 14, 32, 4489 }, // U+227B
    { 8, 16, 128, 0, 14, 32, 4521 }, // U+227C
    { 8, 16, 128, 0, 14, 32, 4553 }, // U+227D
    { 8, 16, 128, 0, 14, 32, 4585 }, // U+227E
    { 8, 16, 128, 0, 14, 32, 4617 }, // U+227F
    { 8, 16, 128, 0, 14, 32, 4649 }, // U+2280
    { 8, 16, 128, 0, 14, 32, 4681 }, // U+2281
    { 8, 16, 128, 0, 14, 32, 4713 }, // U+2282
    { 8, 16, 128, 0, 14, 32, 4745 }, // U+2283
    { 8, 16, 128, 0, 14, 32, 4777 }, // U+2284
    { 8, 16, 128, 0, 14, 32, 4809 }, // U+2285
    { 8, 16, 128, 0, 14, 32, 4841 }, // U+2286
    { 8, 16, 128, 0, 14, 32, 4873 }, // U+2287
    { 8, 16, 128, 0, 14, 32, 4905 }, // U+2288
    { 8, 16, 128, 0, 14, 32, 4937 }, // U+2289
    { 8, 16, 128, 0, 14, 32, 4969 }, // U+228A
    { 8, 16, 128, 0, 14, 32, 5001 }, // U+228B
    { 8, 16, 128, 0, 14, 32, 5033 }, // U+228C
    { 8, 16, 128, 0, 14, 32, 5065 }, // U+228D
    { 8, 16, 128, 0, 14, 32, 5097 }, // U+228E
    { 8, 16, 128, 0, 14, 32, 5129 }, // U+228F
    { 8, 16, 128, 0, 14, 32, 5161 }, // U+2290
    { 8, 16, 128, 0, 14, 32, 5193 }, // U+2291
    { 8, 16, 128, 0, 14, 32, 5225 }, // U+2292
    { 8, 16, 128, 0, 14, 32, 5257 }, // U+2293
    { 8, 16, 128, 0, 14, 32, 5289 }, // U+2294
    { 8, 16, 128, 0, 14, 32, 5321 }, // U+2295
    { 8, 16, 128, 0, 14, 32, 5353 }, // U+2296
    { 8, 16, 128, 0, 14, 32, 5385 }, // U+2297
    { 8, 16, 128, 0, 14, 32, 5417 }, // U+2298
    { 8, 16, 128, 0, 14, 32, 5449 }, // U+2299
    { 8, 16, 128, 0, 14, 32, 5481 }, // U+229A
    { 8, 16, 128, 0, 14, 32, 5513 }, // U+229B
    { 8, 16, 128, 0, 14, 32, 5545 }, // U+229C
    { 8, 16, 128, 0, 14, 32, 5577 }, // U+229D
    { 8, 16, 128, 0, 14, 32, 5609 }, // U+229E
    { 8, 16, 128, 0, 14, 32, 5641 }, // U+229F
    { 8, 16, 128, 0, 14, 32, 5673 }, // U+22A0
    { 8, 16, 128, 0, 14, 32, 5705 }, // U+22A1
    { 8, 16, 128, 0, 14, 32, 5737 }, // U+22A2
    { 8, 16, 128, 0, 14, 32, 5769 }, // U+22A3
    { 8, 16, 128, 0, 14, 32, 5801 }, // U+22A4
    { 8, 16, 128, 0, 14, 32, 5833 }, // U+22A5
    { 8, 16, 128, 0, 14, 32, 5865 }, // U+22A6
    { 8, 16, 128, 0, 14, 32, 5897 }, // U+22A7
    { 8, 16, 128, 0, 14, 32, 5929 }, // U+22A8
    { 8, 16, 128, 0, 14, 32, 5961 }, // U+22A9
    { 8, 16, 128, 0, 14, 32, 5993 }, // U+22AA
    { 8, 16, 128, 0, 14, 32, 6025 }, // U+22AB
    { 8, 16, 128, 0, 14, 32, 6057 }, // U+22AC
    { 8, 16, 128, 0, 14, 32, 6089 }, // U+22AD
    { 8, 16, 128, 0, 14, 32, 6121 }, // U+22AE
    { 8, 16, 128, 0, 14, 32, 6153 }, // U+22AF
    { 8, 16, 128, 0, 14, 32, 6185 }, // U+22B0
    { 8, 16, 128, 0, 14, 32, 6217 }, // U+22B1
    { 8, 16, 128, 0, 14, 32, 6249 }, // U+22B2
    { 8, 16, 128, 0, 14, 32, 6281 }, // U+22B3
    { 8, 16, 128, 0, 14, 32, 6313 }, // U+22B4
    { 8, 16, 128, 0, 14, 32, 6345 }, // U+22B5
    { 16, 16, 256, 0, 14, 64, 6377 }, // U+22B6
    { 16, 16, 256, 0, 14, 64, 6441 }, // U+22B7
    { 16, 16, 256, 0, 14, 64, 6505 }, // U+22B8
    { 8, 16, 128, 0, 14, 32, 6569 }, // U+22B9
    { 8, 16, 128, 0, 14, 32, 6601 }, // U+22BA
    { 8, 16, 128, 0, 14, 32, 6633 }, // U+22BB
    { 8, 16, 128, 0, 14, 32, 6665 }, // U+22BC
    { 8, 16, 128, 0, 14, 32, 6697 }, // U+22BD
    { 8, 16, 128, 0, 14, 32, 6729 }, // U+22BE
    { 8, 16, 128, 0, 14, 32, 6761 }, // U+22BF
    { 8, 16, 128, 0, 14, 32, 6793 }, // U+22C0
    { 8, 16, 128, 0, 14, 32, 6825 }, // U+22C1
    { 8, 16, 128, 0, 14, 32, 6857 }, // U+22C2
    { 8, 16, 128, 0, 14, 32, 6889 }, // U+22C3
    { 8, 16, 128, 0, 14, 32, 6921 }, // U+22C4
    { 8, 16, 128, 0, 14, 32, 6953 }, // U+22C5
    { 8, 16, 128, 0, 14, 32, 6985 }, // U+22C6
    { 8, 16, 128, 0, 14, 32, 7017 }, // U+22C7
    { 8, 16, 128, 0, 14, 32, 7049 }, // U+22C8
    { 8, 16, 128, 0, 14, 32, 7081 }, // U+22C9
    { 8, 16, 128, 0, 14, 32, 7113 }, // U+22CA
    { 8, 16, 128, 0, 14, 32, 7145 }, // U+22CB
    { 8, 16, 128, 0, 14, 32, 7177 }, // U+22CC
    { 8, 16, 128, 0, 14, 32, 7209 }, // U+22CD
    { 8, 16, 128, 0, 14, 32, 7241 }, // U+22CE
    { 8, 16, 128, 0, 14, 32, 7273 }, // U+22CF
    { 8, 16, 128, 0, 14, 32, 7305 }, // U+22D0
    { 8, 16, 128, 0, 14, 32, 7337 }, // U+22D1
    { 8, 16, 128, 0, 14, 32, 7369 }, // U+22D2
    { 8, 16, 128, 0, 14, 32, 7401 }, // U+22D3
    { 8, 16, 128, 0, 14, 32, 7433 }, // U+22D4
    { 8, 16, 128, 0, 14, 32, 7465 }, // U+22D5
    { 8, 16, 128, 0, 14, 32, 7497 }, // U+22D6
    { 8, 16, 128, 0, 14, 32, 7529 }, // U+22D7
    { 16, 16, 256, 0, 14, 64, 7561 }, // U+22D8
    { 16, 16, 256, 0, 14, 64, 7625 }, // U+22D9
    { 8, 16, 128, 0, 14, 32, 7689 }, // U+22DA
    { 8, 16, 128, 0, 14, 32, 7721 }, // U+22DB
    { 8, 16, 128, 0, 14, 32, 7753 }, // U+22DC
    { 8, 16, 128, 0, 14, 32, 7785 }, // U+22DD
    { 8, 16, 128, 0, 14, 32, 7817 }, // U+22DE
    { 8, 16, 128, 0, 14, 32, 7849 }, // U+22DF
    { 8, 16, 128, 0, 14, 32, 7881 }, // U+22E0
    { 8, 16, 128, 0, 14, 32, 7913 }, // U+22E1
    { 8, 16, 128, 0, 14, 32, 7945 }, // U+22E2
    { 8, 16, 128, 0, 14, 32, 7977 }, // U+22E3
    { 8, 16, 128, 0, 14, 32, 8009 }, // U+22E4
    { 8, 16, 128, 0, 14, 32, 8041 }, // U+22E5
    { 8, 16, 128, 0, 14, 32, 8073 }, // U+22E6
    { 8, 16, 128, 0, 14, 32, 8105 }, // U+22E7
    { 8, 16, 128, 0, 14, 32, 8137 }, // U+22E8
    { 8, 16, 128, 0, 14, 32, 8169 }, // U+22E9
    { 8, 16, 128, 0, 14, 32, 8201 }, // U+22EA
    { 8, 16, 128, 0, 14, 32, 8233 }, // U+22EB
    { 8, 16, 128, 0, 14, 32, 8265 }, // U+22EC
    { 8, 16, 128, 0, 14, 32, 8297 }, // U+22ED
    { 8, 16, 128, 0, 14, 32, 8329 }, // U+22EE
    { 8, 16, 128, 0, 14, 32, 8361 }, // U+22EF
    { 8, 16, 128, 0, 14, 32, 8393 }, // U+22F0
    { 8, 16, 128, 0, 14, 32, 8425 }, // U+22F1
    { 16, 16, 256, 0, 14, 64, 8457 }, // U+22F2
    { 16, 16, 256, 0, 14, 64, 8521 }, // U+22F3
    { 8, 16, 128, 0, 14, 32, 8585 }, // U+22F4
    { 16, 16, 256, 0, 14, 64, 8617 }, // U+22F5
    { 16, 16, 256, 0, 14, 64, 8681 }, // U+22F6
    { 8, 16, 128, 0, 14, 32, 8745 }, // U+22F7
    { 8, 16, 128, 0, 14, 32, 8777 }, // U+22F8
    { 16, 16, 256, 0, 14, 64, 8809 }, // U+22F9
    { 16, 16, 256, 0, 14, 64, 8873 }, // U+22FA
    { 16, 16, 256, 0, 14, 64, 8937 }, // U+22FB
    { 8, 16, 128, 0, 14, 32, 9001 }, // U+22FC
    { 16, 16, 256, 0, 14, 64, 9033 }, // U+22FD
    { 8, 16, 128, 0, 14, 32, 9097 }, // U+22FE
    { 16, 16, 256, 0, 14, 64, 9129 }, // U+22FF
    { 8, 16, 128, 0, 14, 32, 0 }, // U+FB00
    { 8, 16, 128, 0, 14, 32, 32 }, // U+FB01
    { 8, 16, 128, 0, 14, 32, 64 }, // U+FB02
    { 8, 16, 128, 0, 14, 32, 96 }, // U+FB03
    { 8, 16, 128, 0, 14, 32, 128 }, // U+FB04
    { 8, 16, 128, 0, 14, 32, 160 }, // U+FB05
    { 8, 16, 128, 0, 14, 32, 192 }, // U+FB06
    { 8, 16, 128, 0, 14, 32, 0 }, // U+FFFD
};

static const EpdUnicodeInterval helvetica_14_regularIntervals[] = {
    { 0x0, 0x17F, 0x0 },
    { 0x1A0, 0x1A1, 0x180 },
    { 0x1AF, 0x1B0, 0x182 },
    { 0x1C4, 0x21F, 0x184 },
    { 0x300, 0x36F, 0x1E0 },
    { 0x400, 0x4FF, 0x250 },
    { 0x1E0C, 0x1E0D, 0x350 },
    { 0x1E24, 0x1E25, 0x352 },
    { 0x1E36, 0x1E3B, 0x354 },
    { 0x1E40, 0x1E49, 0x35A },
    { 0x1E5A, 0x1E5F, 0x364 },
    { 0x1E62, 0x1E63, 0x36A },
    { 0x1E6C, 0x1E6D, 0x36C },
    { 0x1EA0, 0x1EF9, 0x36E },
    { 0x2000, 0x20CF, 0x3C8 },
    { 0x2190, 0x22FF, 0x498 },
    { 0xFB00, 0xFB06, 0x608 },
    { 0xFFFD, 0xFFFD, 0x60F },
};

static const EpdFontGroup helvetica_14_regularGroups[] = {
    { 0, 1854, 8502, 128, 0 },
    { 1854, 1743, 9859, 128, 128 },
    { 3597, 1706, 11893, 128, 256 },
    { 5303, 1402, 8765, 96, 384 },
    { 6705, 461, 3840, 112, 480 },
    { 7166, 1369, 8256, 256, 592 },
    { 8535, 411, 2673, 30, 848 },
    { 8946, 879, 8358, 90, 878 },
    { 9825, 873, 4094, 112, 968 },
    { 10698, 293, 1611, 48, 1080 },
    { 10991, 606, 2305, 48, 1128 },
    { 11597, 743, 3840, 112, 1176 },
    { 12340, 1792, 9297, 256, 1288 },
    { 14132, 80, 224, 7, 1544 },
    { 14212, 23, 32, 1, 1551 },
};

static const EpdFontData helvetica_14_regular = {
    helvetica_14_regularBitmaps,
    helvetica_14_regularGlyphs,
    helvetica_14_regularIntervals,
    18,
    31,
    25,
    -6,
    true,
    helvetica_14_regularGroups,
    15,
    nullptr,
    nullptr,
    nullptr,
    nullptr,
    nullptr,
    nullptr,
    nullptr,
    nullptr,
    nullptr,
    nullptr,
    nullptr,
    0,
    0,
    0,
    0,
    nullptr,
    0,
};
