/**
 * generated by fontconvert.py
 * name: helvetica_12_italic
 * size: 12
 * mode: 2-bit  compressed: true
 * Command used: fontconvert.py helvetica_12_italic 12 ../../../x11/font-adobe-100dpi-1.0.4/helvO18.bdf ../../../x11/unifont-18.0.01.bdf --2bit --compress --zopfli
 */
#pragma once
#include "EpdFontData.h"

static const uint8_t helvetica_12_italicBitmaps[13954] = {
    0xAC, 0x95, 0x81, 0xA6, 0x24, 0x41, 0x0C, 0x45, 0xC3, 0x05, 0x08, 0xF9, 0x95, 0x10, 0x80, 0xA1,
    0x7E, 0x3D, 0x04, 0x20, 0xF4, 0xAF, 0x84, 0x02, 0x68, 0x7A, 0xD3, 0x33, 0xFD, 0x9E, 0x87, 0x5D,
    0x64, 0xBD, 0x1B, 0xE6, 0x54, 0x94, 0xE3, 0x62, 0xA8, 0xCE, 0x8E, 0xD3, 0x9D, 0xFB, 0xF7, 0x37,
    0x4F, 0xD9, 0xF1, 0xEC, 0xF4, 0x19, 0x4E, 0x9D, 0x87, 0x12, 0x21, 0xC5, 0xC6, 0xC2, 0x76, 0x79,
    0x1A, 0x2F, 0x84, 0x7C, 0xDD, 0xFF, 0xA4, 0x75, 0xFE, 0xEA, 0x1F, 0x69, 0x05, 0x56, 0x01, 0xC2,
    0x83, 0x75, 0x81, 0x6D, 0xE2, 0xAF, 0xC7, 0x5F, 0x81, 0xF8, 0x70, 0xE8, 0xC7, 0x71, 0x15, 0xAB,
    0xAF, 0xD4, 0x78, 0x33, 0x3C, 0x46, 0x7E, 0xEA, 0x2E, 0x36, 0x5E, 0x87, 0x49, 0xF1, 0x7E, 0xF5,
    0x7E, 0x4D, 0x7C, 0x41, 0x5A, 0x25, 0x77, 0xBF, 0xE0, 0xA6, 0x46, 0xDA, 0xA8, 0x5F, 0x76, 0x7B,
    0xF8, 0xC9, 0x51, 0x3F, 0x4E, 0x89, 0x80, 0xDE, 0x44, 0x80, 0x1C, 0xE7, 0xC2, 0xC4, 0x67, 0xBE,
    0x22, 0x99, 0x49, 0x4E, 0xC6, 0x4D, 0x66, 0x9E, 0xF9, 0xD4, 0x3E, 0xF9, 0x37, 0xE5, 0xF4, 0x79,
    0xFF, 0xD3, 0x1B, 0xCA, 0x44, 0x3E, 0xEB, 0x97, 0xF3, 0xE9, 0x7D, 0xC8, 0x34, 0xEB, 0xC7, 0x79,
    0xA1, 0x3D, 0x67, 0xBA, 0x19, 0xBD, 0x7B, 0xCC, 0xFC, 0xF5, 0xF6, 0x51, 0xED, 0xB1, 0xBB, 0xD4,
    0x9A, 0xF6, 0x47, 0x12, 0x13, 0x8A, 0xE1, 0xCC, 0x24, 0x75, 0x8D, 0xFA, 0x25, 0xB0, 0xD3, 0x40,
    0x6C, 0x1F, 0x4A, 0xEC, 0x3D, 0xF1, 0x17, 0x3C, 0x2A, 0xE1, 0x9A, 0xD4, 0x24, 0x5F, 0x88, 0xA1,
    0x1F, 0xB7, 0xA7, 0x1F, 0x1F, 0xF4, 0xFF, 0x3E, 0xDE, 0xBC, 0xF7, 0x99, 0xEF, 0xD6, 0x5E, 0xB5,
    0xDF, 0x44, 0xDD, 0xFB, 0xC4, 0xD7, 0x08, 0x39, 0xD3, 0xF4, 0x95, 0x16, 0xFB, 0xD8, 0xAA, 0x69,
    0xB3, 0xF7, 0x4F, 0x4D, 0x8A, 0x23, 0x05, 0x58, 0x1E, 0xE0, 0x05, 0x8C, 0xFC, 0x75, 0x1C, 0xCF,
    0xBB, 0x27, 0xDF, 0x1C, 0xF5, 0x0B, 0x5B, 0xE9, 0xA1, 0xBA, 0x72, 0x97, 0xA6, 0x8A, 0xA6, 0x8D,
    0xFC, 0xD3, 0x23, 0x69, 0xBB, 0x9C, 0xD9, 0xF4, 0xA6, 0xCF, 0xFA, 0xD3, 0xF6, 0xF3, 0xFD, 0xD8,
    0x9E, 0xC6, 0xE3, 0xFF, 0x3F, 0xEA, 0x2A, 0x46, 0x33, 0x50, 0x64, 0xB4, 0x0E, 0x1F, 0xBE, 0x7F,
    0xDD, 0x48, 0xDE, 0x7C, 0x35, 0xD1, 0x73, 0x62, 0xE2, 0xD3, 0x97, 0xFF, 0x6A, 0x9F, 0xD1, 0xFB,
    0xCC, 0x47, 0xB5, 0xCF, 0xDE, 0x6C, 0x5F, 0x41, 0xE0, 0xA1, 0xCF, 0x8F, 0xCF, 0x4F, 0x7F, 0xFD,
    0xDB, 0xEF, 0xCB, 0xCF, 0xC0, 0x3F, 0x23, 0xF4, 0x99, 0x57, 0x4F, 0xE7, 0xB9, 0x7E, 0xBD, 0x53,
    0x1D, 0x77, 0x12, 0xF9, 0xD3, 0x99, 0x19, 0xE6, 0x36, 0xEE, 0xF3, 0x4C, 0xFC, 0x07, 0xF0, 0xEB,
    0x02, 0xBC, 0xCA, 0x1E, 0x80, 0x00, 0xAF, 0x4E, 0x20, 0x07, 0xE8, 0x55, 0x06, 0xC8, 0x57, 0x02,
    0x7C, 0x5F, 0x59, 0xAE, 0xDD, 0x06, 0xDD, 0x3C, 0xFB, 0xDF, 0x98, 0x33, 0x4D, 0x44, 0x99, 0x51,
    0xC8, 0x91, 0x64, 0xBB, 0x1C, 0x88, 0x38, 0xE0, 0x33, 0xB5, 0x80, 0xC4, 0x82, 0x3D, 0xEA, 0xC0,
    0x4C, 0x2F, 0xBC, 0x74, 0xDF, 0x80, 0x00, 0x9F, 0xD5, 0x49, 0x26, 0xC9, 0xEA, 0xC0, 0x3E, 0xF7,
    0x59, 0x30, 0x05, 0x29, 0xF0, 0x06, 0x4F, 0x70, 0x2F, 0xDC, 0x0E, 0x28, 0xBC, 0x3A, 0x92, 0x9C,
    0x3E, 0x42, 0x20, 0x36, 0xC0, 0xAC, 0x71, 0x6F, 0x22, 0x1C, 0x69, 0xF5, 0x75, 0x43, 0xE1, 0xA4,
    0x82, 0x2C, 0x81, 0x15, 0xB8, 0x35, 0xE1, 0x7D, 0x38, 0x6A, 0xF7, 0x72, 0x14, 0x41, 0xEA, 0x37,
    0x59, 0x58, 0x43, 0x0E, 0x84, 0x83, 0x3E, 0x11, 0xD0, 0x0D, 0x29, 0x6C, 0x0A, 0x1F, 0x94, 0xFE,
    0x50, 0xDB, 0xB3, 0xC4, 0x94, 0x48, 0xC4, 0xD0, 0x36, 0x95, 0xF3, 0xD0, 0x11, 0x3D, 0x42, 0x2A,
    0x9C, 0x40, 0x9F, 0x99, 0x8D, 0xE3, 0xD0, 0x0F, 0x47, 0x10, 0x38, 0xAB, 0xDF, 0xF5, 0xE1, 0xF5,
    0xB8, 0x4F, 0x3F, 0xE3, 0x05, 0xC2, 0x78, 0x46, 0x2A, 0x79, 0x56, 0x15, 0xCE, 0x69, 0xB1, 0x6C,
    0x8E, 0xD7, 0x7E, 0x8F, 0x4E, 0x8B, 0x88, 0x5F, 0xA1, 0xE9, 0x69, 0x49, 0x9F, 0x9E, 0x5A, 0x66,
    0x85, 0xC3, 0xAF, 0x65, 0x6F, 0x9A, 0x7F, 0x83, 0x00, 0x3F, 0x73, 0xD4, 0x5E, 0xB7, 0x72, 0x36,
    0x02, 0xE7, 0x2B, 0x44, 0x6C, 0x9C, 0x47, 0x7B, 0x91, 0xB3, 0x43, 0x20, 0x64, 0x9A, 0x9A, 0x57,
    0xED, 0xDD, 0x79, 0xFA, 0xFC, 0xAE, 0xA2, 0x4D, 0x26, 0x64, 0xB5, 0x01, 0x26, 0xF0, 0x82, 0x04,
    0xEB, 0xFD, 0x76, 0xBE, 0xB5, 0xD2, 0x70, 0xE9, 0x10, 0x17, 0xD3, 0xA6, 0xF4, 0x72, 0xC7, 0x21,
    0xA1, 0x31, 0x91, 0x45, 0x0A, 0x7A, 0xA7, 0x4D, 0xCB, 0xBA, 0x5D, 0x39, 0xE5, 0x0D, 0x67, 0xCF,
    0xC1, 0x3E, 0xF0, 0x20, 0x02, 0x85, 0x95, 0xAC, 0xE4, 0x9F, 0xEF, 0x66, 0x7A, 0xA6, 0x77, 0xA6,
    0x4E, 0x9B, 0xA9, 0x03, 0x82, 0x05, 0xAB, 0x8D, 0xAD, 0x1D, 0xE1, 0xD5, 0x40, 0x7C, 0x83, 0x68,
    0x84, 0x90, 0xEB, 0x38, 0xD5, 0xFB, 0xA7, 0x3C, 0x83, 0x03, 0xEE, 0x22, 0xA6, 0x49, 0x25, 0x79,
    0xE6, 0xB9, 0x71, 0x44, 0xA2, 0x1D, 0x6B, 0xE7, 0x79, 0xC7, 0xB9, 0xE7, 0x28, 0x0E, 0x04, 0xDC,
    0xE9, 0xBB, 0x9B, 0x7A, 0x37, 0x59, 0x7D, 0x6D, 0xDE, 0xD0, 0x09, 0x5C, 0x64, 0xA3, 0xB4, 0xF2,
    0xD3, 0x14, 0x8C, 0x6C, 0xE4, 0xD5, 0x49, 0x04, 0xA1, 0x2B, 0x87, 0xF6, 0x99, 0xC3, 0x85, 0xD9,
    0xBF, 0xC2, 0x4F, 0xA5, 0xE4, 0x56, 0xCA, 0x02, 0x41, 0x92, 0x36, 0xF8, 0x7C, 0x60, 0x7D, 0x7F,
    0xE7, 0xAB, 0x5A, 0xCE, 0x0C, 0xBC, 0xBC, 0x76, 0xBF, 0x83, 0xF4, 0xEA, 0x8B, 0xE3, 0xF8, 0x45,
    0x20, 0x20, 0xB1, 0x26, 0xEB, 0x20, 0x1A, 0x06, 0x5C, 0xFB, 0x4F, 0xE5, 0x74, 0xCE, 0x96, 0x8B,
    0x66, 0x94, 0xB7, 0x4B, 0xD0, 0x2F, 0x27, 0xB2, 0xB2, 0xA9, 0xA4, 0xCF, 0x9F, 0xFB, 0xA9, 0xA3,
    0xFD, 0xF7, 0xD6, 0xC1, 0x3D, 0x8C, 0xD3, 0xC0, 0x87, 0xFD, 0x25, 0xE0, 0xB2, 0x86, 0x3C, 0x4C,
    0xE0, 0xB5, 0x55, 0xE2, 0xEC, 0x1C, 0xCD, 0xF3, 0x51, 0x61, 0xCA, 0xFF, 0x67, 0x5F, 0xA9, 0x0E,
    0x27, 0xAC, 0x14, 0x84, 0xA3, 0x40, 0x9B, 0xB7, 0x1C, 0x77, 0x49, 0x84, 0xF6, 0x42, 0x6C, 0x3D,
    0x10, 0x00, 0x24, 0x70, 0xC5, 0x5E, 0x4E, 0xC8, 0xDE, 0x6D, 0x40, 0x9E, 0x98, 0x82, 0x67, 0x5D,
    0x4B, 0xB7, 0x5B, 0x91, 0x56, 0xD7, 0x14, 0x9C, 0x91, 0x2D, 0x14, 0x72, 0x88, 0x3C, 0x17, 0xF2,
    0x3E, 0xB1, 0xFC, 0xCC, 0xF4, 0x96, 0xDF, 0xB9, 0x4E, 0xDF, 0x51, 0xFA, 0x54, 0x9F, 0x1C, 0xDA,
    0x21, 0xE2, 0x3B, 0x5A, 0xB8, 0x66, 0xA6, 0x66, 0x17, 0x60, 0xEB, 0x15, 0xB2, 0xBC, 0xE8, 0xBD,
    0x26, 0x5A, 0x79, 0x01, 0x7E, 0xFD, 0xA4, 0xB8, 0xA8, 0x01, 0xF4, 0x95, 0x82, 0x86, 0x26, 0x76,
    0x51, 0xB2, 0x76, 0x38, 0x46, 0x3B, 0xF3, 0x8B, 0x06, 0x96, 0x0F, 0x9D, 0xE1, 0x65, 0x05, 0x5F,
    0xC8, 0xD9, 0x64, 0x07, 0x95, 0x83, 0x57, 0x80, 0x13, 0x90, 0xC4, 0x15, 0x5E, 0x64, 0xED, 0x70,
    0x73, 0x86, 0x9F, 0x85, 0xD7, 0x79, 0xBF, 0x71, 0xCF, 0x43, 0x07, 0x16, 0xE2, 0x05, 0x5F, 0x42,
    0x5C, 0x0B, 0xD7, 0x9B, 0x58, 0x1B, 0x6F, 0x62, 0x9D, 0xF8, 0xAF, 0x59, 0xF5, 0xA9, 0x5E, 0x24,
    0xF0, 0x83, 0x10, 0xE4, 0x95, 0xD5, 0x26, 0x2B, 0x03, 0x9F, 0x16, 0x8C, 0x04, 0xCB, 0x5E, 0xE8,
    0x08, 0xFF, 0x42, 0x3E, 0x33, 0x6C, 0x02, 0xDF, 0x14, 0x10, 0xAF, 0xF4, 0x12, 0xEE, 0xDD, 0x35,
    0xCA, 0xBD, 0x4F, 0xFC, 0x90, 0x21, 0x36, 0x7E, 0xCE, 0x90, 0xAE, 0xB0, 0x0B, 0xF5, 0xBA, 0x2F,
    0x79, 0x21, 0x12, 0x44, 0x73, 0xF4, 0xB1, 0x4A, 0xB0, 0x6A, 0xB0, 0x87, 0xC0, 0x3E, 0x0A, 0x7C,
    0x58, 0x54, 0xE0, 0xAB, 0xCD, 0x2F, 0xF5, 0x05, 0xB9, 0xC8, 0x0F, 0x2A, 0x84, 0xDD, 0x3F, 0xA8,
    0x41, 0xB7, 0x59, 0xDD, 0xE6, 0xDC, 0x16, 0xB7, 0x21, 0x98, 0xE9, 0x5B, 0x0B, 0x02, 0x13, 0x0D,
    0x2E, 0x5B, 0x5C, 0x8B, 0xF3, 0xE0, 0x67, 0xD9, 0x07, 0xF6, 0x38, 0xF8, 0x03, 0xF7, 0xD3, 0xF2,
    0xE0, 0x38, 0x58, 0x4E, 0xD8, 0x43, 0xB1, 0xB8, 0x16, 0x7F, 0x6C, 0x26, 0x90, 0x35, 0x42, 0x6C,
    0xBE, 0x47, 0x7B, 0xD3, 0x80, 0x56, 0xEC, 0xDA, 0xF4, 0xA8, 0x93, 0x7C, 0x97, 0x45, 0x5F, 0x29,
    0x88, 0xF8, 0x24, 0xDF, 0xB4, 0x33, 0x71, 0x13, 0x8C, 0x2E, 0x61, 0xE6, 0x29, 0xCC, 0xE5, 0xF1,
    0x6B, 0x16, 0xE6, 0xA2, 0x00, 0x5B, 0xB4, 0xF3, 0xFF, 0x22, 0xCC, 0xB7, 0xD3, 0xBD, 0xCF, 0xF9,
    0xE8, 0x2F, 0x2B, 0x53, 0x9C, 0x2B, 0x93, 0xFE, 0x7E, 0x0E, 0xFD, 0xF5, 0x50, 0x51, 0x83, 0x49,
    0xF7, 0x50, 0x29, 0x47, 0xA6, 0xA4, 0xE9, 0x26, 0xC8, 0x7B, 0xA8, 0x82, 0x51, 0x03, 0xFC, 0xFE,
    0xDB, 0xF1, 0x96, 0x63, 0x72, 0x50, 0x7C, 0x83, 0x95, 0x6E, 0x08, 0x1B, 0xC8, 0x11, 0x6D, 0x6D,
    0x45, 0x38, 0x07, 0xF0, 0x02, 0x6B, 0x60, 0x04, 0x36, 0x9F, 0x2D, 0x02, 0xA4, 0x03, 0xA6, 0xC6,
    0x2B, 0x49, 0x7C, 0x1A, 0x9B, 0x62, 0x66, 0xB4, 0xF0, 0x57, 0x89, 0xD2, 0xFB, 0x99, 0xF8, 0xE3,
    0xC2, 0x00, 0xCE, 0xA6, 0x37, 0x0B, 0x83, 0x10, 0xDC, 0xEA, 0x29, 0x1A, 0x2F, 0x82, 0x84, 0x9C,
    0x06, 0x9B, 0x02, 0x41, 0x9C, 0xD0, 0x86, 0x95, 0xF0, 0x85, 0xEB, 0xF2, 0xA8, 0x17, 0xDB, 0x42,
    0x11, 0xBE, 0xC0, 0xBD, 0xAB, 0x69, 0x23, 0x0B, 0x44, 0xE0, 0x27, 0x35, 0xB1, 0xC9, 0x1A, 0x6D,
    0xF2, 0xB0, 0xDA, 0x94, 0xE1, 0xA5, 0x08, 0x47, 0x1D, 0x89, 0x14, 0xC1, 0x53, 0xD1, 0x3C, 0x2B,
    0xB4, 0x29, 0xF1, 0xDA, 0x14, 0x38, 0x9B, 0x5E, 0xF6, 0xAA, 0xED, 0x76, 0xAE, 0x65, 0xE6, 0x29,
    0x60, 0x6A, 0x11, 0x40, 0xF3, 0x59, 0xAF, 0x0F, 0x20, 0xBD, 0xA0, 0xF7, 0xDE, 0x75, 0xAF, 0x56,
    0x4D, 0x43, 0xA0, 0x4D, 0xBB, 0x98, 0xCB, 0x1B, 0x24, 0x71, 0x1C, 0xA7, 0xAA, 0x1C, 0x3C, 0xC1,
    0x03, 0x4C, 0x7F, 0x2E, 0x56, 0x9C, 0x60, 0x66, 0x6A, 0x13, 0xF8, 0xA2, 0xBC, 0x86, 0xA4, 0x7F,
    0x69, 0x7A, 0x89, 0x99, 0xB5, 0x2C, 0x20, 0xFE, 0x65, 0x71, 0x14, 0xCC, 0x61, 0xD2, 0xEF, 0xFD,
    0x8A, 0x5F, 0xFB, 0xE5, 0xBE, 0x43, 0xBF, 0x8F, 0xF1, 0xFE, 0x2B, 0x77, 0xE8, 0xE3, 0x73, 0x11,
    0x42, 0xDA, 0x17, 0x63, 0x81, 0x0B, 0xFF, 0x9C, 0x1A, 0x3A, 0x6F, 0xE0, 0x48, 0xD9, 0xB4, 0x1F,
    0x3D, 0xA0, 0x8F, 0x8F, 0xCA, 0xBA, 0x6E, 0x1A, 0x4A, 0x59, 0xF3, 0x5C, 0x2D, 0x3F, 0x4E, 0x98,
    0x47, 0x63, 0x33, 0xD8, 0x7D, 0xA9, 0x7C, 0xC2, 0x2B, 0x70, 0xEE, 0x3A, 0x36, 0x63, 0x62, 0xA6,
    0xD0, 0x00, 0xB9, 0x6F, 0x6E, 0xC2, 0xB7, 0x90, 0x5F, 0x76, 0x19, 0xAB, 0xF6, 0xCA, 0xC1, 0x9B,
    0x1F, 0x27, 0x6A, 0x3E, 0x6A, 0x85, 0x32, 0x25, 0x5E, 0x4E, 0xE2, 0xC4, 0x89, 0x26, 0xD0, 0x85,
    0xA6, 0x5D, 0xE4, 0x08, 0x97, 0xBE, 0xDD, 0x52, 0x25, 0x1E, 0xE4, 0xDE, 0xA6, 0xAE, 0x5D, 0xFB,
    0xBE, 0x05, 0x48, 0x66, 0x6F, 0xE0, 0xD9, 0xD9, 0x7F, 0xDE, 0xC2, 0x27, 0xF0, 0x69, 0xD2, 0xFA,
    0xDE, 0x99, 0x17, 0x4C, 0x77, 0x36, 0x7C, 0xA3, 0xE6, 0xC8, 0x14, 0xF9, 0x01, 0xF8, 0x39, 0xAF,
    0x9B, 0x1C, 0x61, 0x03, 0xAF, 0x35, 0x7D, 0xC8, 0x3E, 0xC6, 0xDA, 0x5D, 0xEE, 0xE5, 0xCE, 0xB2,
    0x20, 0x2E, 0x13, 0xDA, 0x76, 0x1E, 0xC0, 0xBB, 0xAB, 0x8D, 0x5B, 0x24, 0x00, 0xFF, 0x28, 0xAB,
    0x06, 0x5E, 0xFB, 0xA4, 0x55, 0xDB, 0x43, 0xBE, 0x53, 0xDA, 0xCB, 0x22, 0x09, 0x27, 0xBC, 0x0E,
    0x0D, 0xDD, 0xC3, 0xFC, 0x8B, 0x8B, 0x22, 0x7B, 0x28, 0xCB, 0xA6, 0x47, 0xA6, 0x2C, 0x79, 0x25,
    0x72, 0xE2, 0x2B, 0x05, 0xB2, 0x7A, 0x21, 0xAD, 0x78, 0x37, 0xFD, 0x87, 0xE4, 0xE5, 0xA7, 0x22,
    0xD8, 0x8A, 0xF0, 0xC6, 0x8F, 0xD6, 0x10, 0x2D, 0x74, 0xEB, 0x50, 0x73, 0xDE, 0x26, 0xDB, 0xB7,
    0x3A, 0xDB, 0xF7, 0x3A, 0xE3, 0x24, 0x59, 0xBB, 0xAE, 0xB1, 0xD7, 0x08, 0xF4, 0x82, 0x6F, 0xFA,
    0xE5, 0xEF, 0xF5, 0xFB, 0xC3, 0x5E, 0xB5, 0xAF, 0x9D, 0xCA, 0x1A, 0x17, 0x5E, 0xEF, 0x8A, 0x4A,
    0xCA, 0x66, 0xEC, 0xCC, 0x07, 0xDE, 0xD8, 0x08, 0xBB, 0x9F, 0x23, 0xB4, 0x69, 0xA6, 0x7C, 0x40,
    0x08, 0x6D, 0xED, 0xDF, 0xB5, 0xBA, 0xEB, 0x34, 0x24, 0xCE, 0xBB, 0xBC, 0xCA, 0x74, 0xAC, 0x1B,
    0x95, 0x8F, 0x12, 0xA1, 0xCB, 0x75, 0x3D, 0x8A, 0xF0, 0xFB, 0x9C, 0x14, 0x59, 0x24, 0x88, 0xC3,
    0xBF, 0xC8, 0xE5, 0x6C, 0x0A, 0xC5, 0x49, 0x92, 0x36, 0x3D, 0xEB, 0x59, 0xE4, 0x41, 0xE4, 0x41,
    0x5F, 0xB7, 0xDD, 0xCF, 0xCA, 0x20, 0x2F, 0x94, 0x10, 0x0D, 0x79, 0x3F, 0x65, 0x61, 0xF6, 0x43,
    0x3B, 0x2F, 0x91, 0xE8, 0xCA, 0xB8, 0x83, 0x36, 0xF6, 0xEC, 0xFD, 0x7A, 0xE3, 0x8F, 0x1A, 0x24,
    0x78, 0x16, 0xE4, 0x02, 0x1B, 0x2F, 0xCF, 0x26, 0xE6, 0xDA, 0xF7, 0xA6, 0x16, 0xC0, 0xB9, 0x3B,
    0xFD, 0xF9, 0xE3, 0x8C, 0x0E, 0x60, 0xC2, 0x21, 0xFE, 0x38, 0x11, 0xB7, 0x27, 0xE0, 0xD7, 0x1F,
    0xAA, 0x1C, 0xE0, 0xB5, 0xDC, 0x41, 0xF0, 0x9B, 0xDF, 0x08, 0x51, 0xEC, 0x59, 0x87, 0xE1, 0x38,
    0xBF, 0xB6, 0xFB, 0x76, 0xEE, 0xD3, 0xF8, 0xE3, 0xFE, 0xB5, 0x5D, 0x08, 0x7F, 0xDD, 0xF4, 0xBE,
    0x76, 0x6F, 0xF0, 0x8A, 0xEC, 0xD0, 0x48, 0x5E, 0xEF, 0xFE, 0xD7, 0xF7, 0xFB, 0xE3, 0x7F, 0xFF,
    0xAF, 0xEF, 0xFF, 0x00, 0x9C, 0x54, 0x41, 0xCB, 0x25, 0x29, 0x0C, 0x2C, 0xC8, 0x35, 0x90, 0xBF,
    0x22, 0xF4, 0x55, 0xF0, 0xAF, 0x07, 0x72, 0x15, 0xFA, 0xAF, 0x04, 0xBC, 0x0A, 0xAE, 0x85, 0x6F,
    0x78, 0xF3, 0x60, 0xF7, 0xE0, 0x9A, 0xCA, 0xCB, 0x38, 0xDD, 0x95, 0xA4, 0xCB, 0xF8, 0xF5, 0xBD,
    0x00, 0x88, 0x83, 0xEB, 0xC4, 0x26, 0x31, 0xB2, 0x3F, 0xDA, 0x6C, 0x58, 0xEA, 0xA3, 0x45, 0x9F,
    0xF1, 0x7D, 0xFE, 0x8D, 0xCF, 0x5E, 0xFF, 0xC6, 0x2F, 0xF1, 0xE1, 0xF7, 0x87, 0x91, 0x7B, 0xB9,
    0xE1, 0x37, 0x0B, 0x3B, 0xF5, 0x63, 0x65, 0x17, 0x6D, 0x2A, 0x76, 0x55, 0xFF, 0x0D, 0x9B, 0x9B,
    0xFF, 0xBC, 0xE4, 0x3F, 0xCA, 0xFD, 0x55, 0xFD, 0x4D, 0xE8, 0xB5, 0x17, 0x7D, 0xFA, 0xD3, 0x4B,
    0x2F, 0xDC, 0xDF, 0xD5, 0x1F, 0x32, 0xBB, 0xE0, 0xD9, 0x31, 0xBB, 0x70, 0xBF, 0x6E, 0xF8, 0x16,
    0x39, 0x52, 0x45, 0x4D, 0x62, 0xB9, 0x53, 0x87, 0xCB, 0xFE, 0x3F, 0xFC, 0x16, 0xB1, 0x12, 0x9B,
    0xFF, 0xC6, 0xAD, 0x7E, 0x23, 0x43, 0xD1, 0x42, 0x22, 0x03, 0xA5, 0x84, 0x5D, 0x7D, 0xBF, 0x3E,
    0x63, 0xF4, 0xE2, 0xC5, 0xD2, 0x1F, 0x46, 0x2D, 0x71, 0xA7, 0xDF, 0x93, 0x23, 0x0B, 0x0B, 0x7B,
    0x74, 0xF7, 0x22, 0xB8, 0xE3, 0x37, 0x95, 0xF1, 0x67, 0x6E, 0xA8, 0x43, 0xB1, 0x31, 0x2E, 0xF9,
    0xF6, 0xCB, 0xCF, 0x2B, 0x3E, 0xA6, 0x8A, 0x87, 0x9E, 0xD8, 0x77, 0x0C, 0x95, 0xBB, 0xF3, 0x1F,
    0x23, 0x15, 0x6A, 0xE2, 0xC3, 0xFD, 0x01, 0xEF, 0xC1, 0xFF, 0xE7, 0x17, 0xCE, 0xCF, 0xDD, 0xF7,
    0x4B, 0xAE, 0xE4, 0xDC, 0x76, 0x8C, 0xEC, 0xD0, 0x26, 0xB7, 0xFA, 0x95, 0x27, 0x7B, 0x49, 0xC6,
    0xD4, 0x52, 0x8A, 0xF8, 0xBA, 0xE3, 0x3F, 0x63, 0xF3, 0x75, 0xF3, 0x47, 0xEA, 0x83, 0x22, 0x97,
    0xDF, 0xCF, 0xF9, 0x15, 0x85, 0x89, 0x84, 0x07, 0x4A, 0x13, 0x8B, 0x4B, 0xFD, 0xCE, 0xB9, 0xAB,
    0x2C, 0x46, 0xEE, 0x6F, 0xF8, 0xAA, 0x1E, 0x6F, 0x75, 0xD7, 0xDE, 0xA3, 0xEB, 0x70, 0xEE, 0xEF,
    0xFA, 0x77, 0x7E, 0xB7, 0x1A, 0xCF, 0xFD, 0xFE, 0xEF, 0x1F, 0xDA, 0xE1, 0xF3, 0xDE, 0xB3, 0x7F,
    0x6D, 0xFD, 0x8E, 0x6F, 0xE1, 0x8B, 0xBA, 0x9B, 0x96, 0xE1, 0x3C, 0x07, 0xB9, 0x9B, 0x1F, 0xB3,
    0x78, 0xB3, 0xA8, 0xEA, 0xD3, 0x2D, 0x4A, 0xD7, 0xBA, 0xF7, 0xF7, 0xF3, 0x0B, 0x37, 0x45, 0x78,
    0x87, 0x9F, 0xF9, 0xBB, 0xE7, 0x17, 0xF1, 0x48, 0x14, 0xB7, 0x37, 0x2E, 0xEF, 0xEF, 0x8A, 0x80,
    0x02, 0xA9, 0xE2, 0xAA, 0x90, 0xBC, 0xBC, 0xBF, 0x7F, 0xEE, 0x4F, 0x84, 0xA4, 0x3F, 0x30, 0xBB,
    0x9B, 0x7F, 0x49, 0x8F, 0xD0, 0xE1, 0x92, 0x3D, 0x02, 0xEE, 0x82, 0xBB, 0xF9, 0x61, 0xBD, 0xEC,
    0x0F, 0xDA, 0x1B, 0xF2, 0xB9, 0xC7, 0xFF, 0x59, 0x1F, 0x48, 0xDA, 0xF9, 0x3F, 0x71, 0xC3, 0xB1,
    0xFA, 0xB1, 0xFC, 0x18, 0x60, 0x84, 0x4D, 0xAC, 0x29, 0xB9, 0x4C, 0xDE, 0x2A, 0x3E, 0x0D, 0xB9,
    0x51, 0x41, 0x24, 0x66, 0x66, 0x8B, 0xB4, 0xE5, 0xB6, 0x50, 0x41, 0x40, 0x96, 0xA3, 0xAD, 0xFC,
    0x49, 0x34, 0xB7, 0xD7, 0xE3, 0xB6, 0x26, 0xFD, 0xEC, 0x77, 0xE0, 0x73, 0xD9, 0x6E, 0x0E, 0xB4,
    0xF6, 0x62, 0x2D, 0x66, 0x9A, 0x30, 0x88, 0xDB, 0xFB, 0xBA, 0xEC, 0x3D, 0x8B, 0x89, 0x1F, 0x37,
    0xE4, 0x71, 0x39, 0x65, 0xE6, 0x9C, 0x60, 0xB1, 0x7A, 0xDE, 0x4A, 0x83, 0xF9, 0xF6, 0xCF, 0xFB,
    0x73, 0x7B, 0x02, 0x83, 0xEF, 0x4E, 0x3A, 0xEB, 0x62, 0xAD, 0x04, 0x1D, 0x1B, 0x74, 0xF1, 0xAF,
    0x83, 0xA9, 0xCA, 0xB6, 0xDC, 0xE6, 0x70, 0xA1, 0x81, 0x4B, 0xC0, 0xBC, 0x0A, 0xFD, 0x79, 0x05,
    0xC6, 0xBC, 0xF8, 0xE8, 0x02, 0xA2, 0x42, 0x16, 0x6C, 0x79, 0x93, 0xA3, 0x53, 0xDD, 0x68, 0xA8,
    0xE6, 0x53, 0x58, 0xD8, 0x41, 0x19, 0x08, 0x32, 0x1A, 0xD8, 0x58, 0x22, 0xF7, 0xA2, 0x76, 0xA7,
    0x01, 0x71, 0xC8, 0x36, 0xC0, 0x55, 0x16, 0xB2, 0x36, 0xF1, 0x52, 0x98, 0x2C, 0x99, 0xDF, 0x7F,
    0x7E, 0x8A, 0xA7, 0x78, 0x7A, 0x35, 0x64, 0x5A, 0xAA, 0x17, 0x40, 0x4E, 0x09, 0x03, 0x12, 0xE2,
    0x42, 0x69, 0x27, 0x3B, 0xAD, 0x06, 0x93, 0x59, 0x35, 0xEB, 0xB6, 0x6C, 0x94, 0x62, 0xAE, 0x89,
    0x4C, 0x09, 0x37, 0x63, 0xA3, 0x99, 0xFC, 0x35, 0x83, 0x84, 0xAF, 0xC5, 0xC5, 0x44, 0x44, 0x3D,
    0x20, 0x01, 0xA0, 0x78, 0x86, 0xF6, 0xCD, 0x9F, 0x26, 0xCB, 0x4B, 0x15, 0xCF, 0x5A, 0x04, 0x45,
    0xD3, 0x90, 0xEA, 0x2A, 0xAE, 0x1C, 0x0D, 0xF5, 0xAA, 0xA8, 0x5E, 0x0C, 0x6C, 0x16, 0x99, 0x29,
    0xEE, 0xEC, 0xD3, 0xFF, 0xEA, 0x33, 0x1B, 0xFB, 0x4C, 0x26, 0x5F, 0x69, 0x59, 0x6B, 0x1A, 0xAD,
    0x56, 0xCB, 0x9F, 0x13, 0x32, 0xA0, 0xAD, 0xE5, 0x74, 0xFE, 0x1B, 0xF5, 0xEB, 0x5C, 0x6C, 0x99,
    0xCE, 0x0C, 0x85, 0x5A, 0xA6, 0x79, 0x45, 0x82, 0x59, 0x65, 0x1A, 0xAB, 0x55, 0x49, 0x54, 0x1C,
    0x0D, 0x5C, 0xDC, 0xC0, 0xE7, 0xC8, 0xAF, 0x89, 0xFF, 0x9A, 0xE1, 0x6F, 0x6B, 0x68, 0xC2, 0x43,
    0xAF, 0xA8, 0x73, 0x3B, 0x48, 0xFD, 0x75, 0x18, 0x7B, 0xB0, 0x59, 0x1B, 0x51, 0xD6, 0xCC, 0x95,
    0x07, 0xBE, 0x86, 0xB7, 0x70, 0x21, 0x20, 0x2F, 0x95, 0x26, 0x94, 0xAA, 0x1F, 0x64, 0xFE, 0x8D,
    0x3C, 0xB3, 0x2C, 0xBE, 0xBC, 0xC1, 0xDA, 0xD4, 0x5A, 0x4B, 0xC9, 0xC4, 0x02, 0x8F, 0x0C, 0x54,
    0xB8, 0x12, 0x28, 0x46, 0xB2, 0x25, 0xC0, 0x43, 0x25, 0xFE, 0xE9, 0xC5, 0x8C, 0x52, 0x23, 0x77,
    0x7A, 0x20, 0xFE, 0x03, 0xBD, 0x06, 0xEA, 0x2A, 0x39, 0x80, 0x40, 0x57, 0x17, 0xE4, 0x00, 0xB9,
    0x4A, 0x41, 0x5E, 0x1B, 0xF4, 0x7D, 0x1E, 0x7B, 0xCC, 0x98, 0xFC, 0x37, 0xBB, 0xC3, 0x66, 0x93,
    0x54, 0x55, 0x13, 0xD2, 0x55, 0x1A, 0xDC, 0x23, 0xB7, 0xDD, 0xE7, 0x3A, 0x5E, 0xD7, 0x17, 0xC0,
    0xD1, 0x1B, 0xA3, 0xAB, 0x45, 0x91, 0x88, 0x3C, 0xBB, 0x2A, 0x37, 0x0A, 0x67, 0x86, 0x49, 0x19,
    0xA7, 0xA3, 0x6D, 0xDD, 0x42, 0xC6, 0xA9, 0xB1, 0xF7, 0xD9, 0x7F, 0x98, 0x25, 0x67, 0xD6, 0x22,
    0x33, 0x31, 0x19, 0xCD, 0xDE, 0xA5, 0xE7, 0xDD, 0x66, 0xBC, 0x11, 0x50, 0x2C, 0xA4, 0x21, 0xA5,
    0x7D, 0x66, 0x6C, 0xC9, 0x4B, 0x90, 0x89, 0x33, 0x19, 0x5B, 0xF5, 0xD6, 0x45, 0xF4, 0xA0, 0x78,
    0x27, 0xF5, 0x82, 0x33, 0xF1, 0x4C, 0xF4, 0x8C, 0xC0, 0x1B, 0x1F, 0x00, 0x40, 0xF4, 0x01, 0x41,
    0xC1, 0x42, 0xDE, 0xC7, 0xF4, 0x06, 0xAF, 0x70, 0x4D, 0x6B, 0x41, 0x34, 0x60, 0x20, 0x01, 0x01,
    0x1C, 0x63, 0x1D, 0x9C, 0x86, 0x8F, 0x26, 0xDE, 0x76, 0x2A, 0x9A, 0x8A, 0x3E, 0x6F, 0x77, 0x33,
    0x8E, 0x8D, 0x8D, 0x05, 0x59, 0x90, 0x09, 0xB9, 0x0E, 0xB2, 0xD3, 0x10, 0xFD, 0x6F, 0xF2, 0xC3,
    0x20, 0x43, 0x26, 0x38, 0xBF, 0x3F, 0x7F, 0xBD, 0x10, 0xEF, 0x49, 0x84, 0xBF, 0x3F, 0xDB, 0xDE,
    0x09, 0xDF, 0x9F, 0xAD, 0x86, 0xD7, 0x83, 0x05, 0xF0, 0x9D, 0xD9, 0x33, 0xD3, 0x50, 0xFB, 0x90,
    0x09, 0x80, 0x13, 0x20, 0xDA, 0x0F, 0x83, 0x78, 0x1C, 0x32, 0x66, 0xD6, 0x39, 0x38, 0x1A, 0x88,
    0x99, 0x63, 0x00, 0x10, 0x7A, 0x18, 0xF2, 0x3E, 0x24, 0x80, 0xB7, 0x7A, 0x7D, 0x1F, 0x60, 0x0C,
    0x9A, 0x81, 0xEA, 0x6A, 0x16, 0xD1, 0xD1, 0x44, 0xAB, 0xE1, 0xF0, 0x5D, 0xC5, 0x9F, 0x24, 0x59,
    0xB0, 0x48, 0xC2, 0x7B, 0x88, 0x66, 0x8E, 0x60, 0x7C, 0x31, 0x6B, 0x01, 0x61, 0x00, 0x71, 0x69,
    0x9A, 0xCB, 0x3D, 0xF8, 0xDC, 0x5F, 0xAF, 0xD4, 0x4C, 0xDF, 0x78, 0xD8, 0x93, 0x2B, 0xFD, 0x10,
    0x71, 0x6D, 0x96, 0x7F, 0x91, 0xAF, 0x86, 0x6A, 0xB0, 0x89, 0xF6, 0xB7, 0xE7, 0x47, 0x9F, 0xB9,
    0xDF, 0x9D, 0x2D, 0xA2, 0x31, 0x09, 0x97, 0x8D, 0xEB, 0x97, 0xCF, 0x74, 0x44, 0x23, 0x48, 0x30,
    0x00, 0x3E, 0x41, 0xF4, 0x09, 0xC4, 0x09, 0xF2, 0x01, 0xBE, 0x83, 0xE2, 0xD8, 0x80, 0xA2, 0xFF,
    0x26, 0x27, 0x6E, 0x1B, 0x21, 0xF0, 0x37, 0x21, 0xCC, 0x78, 0x93, 0x01, 0x53, 0x7D, 0x7F, 0x22,
    0x09, 0x47, 0xC3, 0x83, 0xCC, 0xEC, 0x12, 0x2D, 0xEE, 0x92, 0x20, 0x12, 0x8A, 0x3C, 0xBF, 0xF8,
    0xA6, 0x7A, 0x8B, 0x3B, 0x82, 0xA1, 0x02, 0xF8, 0x78, 0x07, 0x7A, 0x01, 0x00, 0x0B, 0xFC, 0x20,
    0x03, 0x8E, 0x77, 0xA2, 0x77, 0x79, 0xEB, 0x43, 0xB4, 0x2F, 0x84, 0x1F, 0x25, 0xC9, 0xBC, 0x8B,
    0x0E, 0x31, 0xE1, 0x53, 0xAE, 0xCD, 0x26, 0x80, 0x68, 0x00, 0xFE, 0xBB, 0xC7, 0x4D, 0x58, 0x0D,
    0x16, 0xE0, 0x02, 0x9C, 0x10, 0x37, 0xE9, 0xB5, 0x89, 0x41, 0x37, 0xC1, 0x50, 0x5F, 0xF4, 0x38,
    0xC4, 0xF5, 0x66, 0xE1, 0x9F, 0xAA, 0xBB, 0x80, 0x58, 0x80, 0x04, 0xA4, 0x7E, 0xA8, 0xEE, 0x75,
    0x69, 0x7F, 0xA4, 0xA4, 0xF3, 0x2E, 0xF0, 0x23, 0x25, 0x5F, 0xA0, 0xEB, 0x96, 0xA6, 0x0E, 0x17,
    0xAC, 0x05, 0x65, 0xA8, 0x86, 0x69, 0xE2, 0xC3, 0xA8, 0x17, 0x45, 0xB1, 0x50, 0xBF, 0x12, 0x40,
    0x2D, 0x11, 0x33, 0x89, 0x2C, 0xB3, 0xF9, 0x31, 0x5A, 0x61, 0x32, 0xA3, 0x71, 0x8A, 0xE8, 0x14,
    0x22, 0x45, 0xE2, 0xC4, 0x38, 0xA3, 0xE3, 0xF8, 0x4F, 0x22, 0xD2, 0x14, 0xD5, 0xB7, 0x54, 0xDD,
    0x77, 0xAB, 0x5A, 0xD7, 0x6F, 0xB5, 0x01, 0xF2, 0xF1, 0x31, 0x2D, 0xAE, 0x22, 0x10, 0x57, 0x21,
    0x21, 0xAF, 0x62, 0xBC, 0x4B, 0xDC, 0x64, 0x2F, 0x4A, 0x52, 0x50, 0xB3, 0x20, 0xA6, 0x01, 0xF0,
    0xBD, 0xB0, 0x7E, 0xB4, 0xAE, 0x1A, 0xA8, 0x06, 0x6C, 0x88, 0xF6, 0xCF, 0xD4, 0x8D, 0xCE, 0x43,
    0x80, 0x9F, 0x29, 0xF9, 0x79, 0xB7, 0xC6, 0xB0, 0x4C, 0xD8, 0xA8, 0x93, 0x22, 0x59, 0x64, 0x18,
    0x45, 0x23, 0x81, 0x0A, 0xB4, 0x20, 0x76, 0xEB, 0x49, 0xF1, 0x99, 0xF8, 0xCA, 0x98, 0xD9, 0xE8,
    0x68, 0x56, 0x34, 0xA9, 0x8D, 0xDC, 0x68, 0x11, 0xDE, 0xDF, 0x14, 0x17, 0x09, 0xE4, 0xD5, 0x0A,
    0x71, 0xBE, 0xBA, 0x2B, 0x7A, 0x47, 0x46, 0x2F, 0xA9, 0x25, 0x8B, 0x25, 0x32, 0x4F, 0x60, 0x87,
    0x3D, 0xED, 0x05, 0x86, 0x04, 0x41, 0x34, 0x40, 0x39, 0x66, 0xA9, 0x53, 0x24, 0xAC, 0xDB, 0x9F,
    0xAE, 0xF6, 0xCD, 0xD2, 0x56, 0xBB, 0x7A, 0x3E, 0x5C, 0xBD, 0xDB, 0x4C, 0x34, 0xE2, 0x2B, 0x63,
    0x7C, 0x32, 0x86, 0x91, 0xC9, 0xC4, 0xF9, 0x9C, 0xB1, 0x82, 0x8F, 0x77, 0x7A, 0x3D, 0xE7, 0xF2,
    0x0D, 0x3C, 0xFF, 0x21, 0x5F, 0x5E, 0x37, 0xA8, 0x9F, 0x33, 0xD6, 0xBA, 0xCD, 0xDD, 0x66, 0xCB,
    0x25, 0x0A, 0x41, 0x22, 0x6A, 0xA1, 0x98, 0x99, 0xA9, 0x9E, 0x59, 0x0B, 0x83, 0xE3, 0x10, 0xBB,
    0x56, 0x78, 0xA6, 0xA6, 0xCB, 0x5A, 0x50, 0x66, 0x56, 0x38, 0x45, 0x16, 0x7B, 0x4D, 0x7C, 0x22,
    0x7A, 0xA9, 0x6B, 0xD0, 0x42, 0x10, 0xBD, 0x61, 0x9A, 0xE2, 0xD3, 0x72, 0x6A, 0xCF, 0x29, 0xB5,
    0x0A, 0x25, 0x35, 0xB3, 0xFE, 0x0F, 0x83, 0xE1, 0xF2, 0xB2, 0x88, 0x20, 0xC1, 0xCF, 0x1B, 0x17,
    0xB1, 0x90, 0x48, 0x5D, 0x8C, 0xFC, 0xCE, 0x98, 0xB9, 0x01, 0x9E, 0x2A, 0x97, 0x88, 0x68, 0x0C,
    0x5F, 0x3E, 0x1D, 0x8A, 0xC4, 0xD1, 0xBF, 0x99, 0xB5, 0x62, 0x49, 0xA9, 0xAF, 0x67, 0x49, 0x12,
    0x7C, 0x3D, 0x27, 0x1A, 0x96, 0x90, 0xA9, 0x8E, 0x36, 0xB5, 0xAE, 0x17, 0x41, 0x0B, 0x99, 0x32,
    0x69, 0x96, 0xF1, 0xB9, 0x7C, 0xA8, 0x9B, 0xFC, 0x68, 0x5E, 0x0B, 0x80, 0x78, 0x33, 0xF1, 0x3E,
    0xC4, 0x12, 0x3A, 0x0F, 0x00, 0xAF, 0x25, 0xAF, 0xA5, 0xF7, 0xDF, 0xCF, 0x6D, 0xFC, 0xA7, 0x1F,
    0xE0, 0x5C, 0xF7, 0x67, 0x8D, 0xD7, 0x75, 0x7F, 0xC2, 0x78, 0xB6, 0xF1, 0x53, 0x2E, 0x69, 0x03,
    0x3C, 0xE9, 0xBA, 0x03, 0x80, 0xB9, 0xFD, 0x00, 0x00, 0xBE, 0x03, 0x44, 0x4C, 0xA2, 0x31, 0x15,
    0x8D, 0xE5, 0xB8, 0x9F, 0x13, 0xBD, 0xB5, 0xA5, 0xB0, 0x32, 0x5A, 0xD6, 0xBE, 0xFE, 0xBD, 0xA8,
    0x31, 0x9E, 0x26, 0xFA, 0xE1, 0xCA, 0x83, 0xD0, 0x8E, 0x24, 0x4F, 0x18, 0x1F, 0x08, 0xBB, 0x8E,
    0x43, 0xB3, 0xF3, 0x9A, 0x3F, 0x6D, 0xBC, 0xDE, 0x3D, 0x9F, 0x30, 0x9E, 0xED, 0xF6, 0x94, 0x0B,
    0x5D, 0x8F, 0x79, 0x00, 0x81, 0x77, 0x86, 0x75, 0x34, 0x45, 0x74, 0x11, 0x9D, 0xE0, 0x05, 0x36,
    0x7C, 0x34, 0xD4, 0x46, 0x76, 0xE6, 0xF5, 0x78, 0x7C, 0x80, 0xC5, 0x2F, 0xDE, 0x09, 0x3D, 0x30,
    0xD3, 0x4C, 0x38, 0x7C, 0x1E, 0xCA, 0xF9, 0x5E, 0xE9, 0xEC, 0x0A, 0x8A, 0x3A, 0x16, 0x23, 0xAB,
    0x0F, 0xFB, 0x95, 0xA4, 0x76, 0x7E, 0xF3, 0xE7, 0xFE, 0x1F, 0xBD, 0x99, 0x51, 0x6A, 0xFB, 0xBE,
    0x12, 0x85, 0x3F, 0x98, 0xD7, 0xC2, 0x6C, 0xA5, 0x0B, 0x18, 0xD0, 0xD6, 0x07, 0xBA, 0x80, 0x6E,
    0xE5, 0x40, 0x5F, 0x05, 0x73, 0xB1, 0x07, 0x99, 0xC4, 0x98, 0xDC, 0x84, 0x7F, 0x7E, 0xB1, 0x75,
    0x4E, 0x1B, 0x5B, 0x1D, 0x7F, 0x96, 0x2B, 0x79, 0xA4, 0x60, 0x95, 0xBB, 0x00, 0x70, 0x60, 0xD0,
    0xAA, 0x84, 0xBF, 0xC4, 0x7E, 0x5A, 0x6E, 0xC9, 0xB0, 0x24, 0xD0, 0xBE, 0x57, 0xC9, 0x36, 0x25,
    0x72, 0x88, 0x01, 0x11, 0x10, 0x93, 0x96, 0x55, 0x76, 0x54, 0x86, 0xAC, 0xA6, 0x67, 0x38, 0x01,
    0x73, 0xFF, 0xA8, 0x91, 0x0A, 0x4B, 0x59, 0xCA, 0x53, 0x23, 0xEB, 0x6F, 0x3B, 0xC2, 0x17, 0xDF,
    0x38, 0x6A, 0x9C, 0xE2, 0xDD, 0x48, 0x5F, 0x7C, 0x3B, 0xB2, 0x4A, 0x8A, 0x97, 0xC0, 0xDE, 0x06,
    0x61, 0x19, 0x38, 0x10, 0x2D, 0x86, 0xC0, 0xF3, 0x69, 0x92, 0x29, 0x84, 0xE5, 0x5E, 0x0A, 0x26,
    0x60, 0x49, 0xD3, 0x11, 0x00, 0x62, 0x6D, 0x35, 0xC1, 0xAB, 0x60, 0xA4, 0x27, 0x13, 0xCB, 0xFD,
    0x0F, 0xFD, 0xA8, 0x3F, 0x00, 0xE2, 0xB0, 0x09, 0xA0, 0x5B, 0x0B, 0x26, 0x4C, 0x02, 0x13, 0x23,
    0x47, 0x76, 0x38, 0x4A, 0x40, 0x73, 0x38, 0x04, 0xF4, 0x7D, 0xD4, 0x34, 0x85, 0xF7, 0xFD, 0xC2,
    0x04, 0x1D, 0xC5, 0x72, 0x7A, 0x8E, 0xC2, 0xE7, 0xBA, 0x58, 0xC1, 0xDE, 0x76, 0x38, 0xFA, 0x0C,
    0xB0, 0xC3, 0x48, 0x24, 0xCB, 0x78, 0x19, 0xB8, 0xED, 0x53, 0x98, 0xCE, 0x6B, 0x80, 0x8E, 0xBA,
    0x31, 0xA1, 0x3E, 0x88, 0x6A, 0x19, 0x48, 0x8C, 0x7C, 0x1F, 0x70, 0x95, 0x36, 0x2B, 0xD8, 0xE3,
    0x8A, 0x06, 0x96, 0x25, 0xDC, 0x98, 0xD3, 0x66, 0xBB, 0xA5, 0x83, 0x67, 0x80, 0x13, 0x30, 0x88,
    0x05, 0xDC, 0x41, 0xAA, 0xAA, 0x03, 0x03, 0x28, 0x6E, 0xCD, 0xF2, 0x6B, 0xB3, 0x60, 0xFC, 0xA4,
    0xA8, 0x4A, 0x4C, 0x03, 0x3C, 0x1D, 0x06, 0x0E, 0x71, 0xD8, 0x24, 0x40, 0x37, 0x36, 0x61, 0xBA,
    0x60, 0x94, 0xC0, 0xA5, 0xE7, 0xE9, 0xAB, 0x76, 0x6B, 0xF0, 0xB6, 0x67, 0xE9, 0x97, 0xD6, 0x90,
    0xBD, 0x81, 0x6F, 0xDC, 0xA6, 0xB1, 0x53, 0x0F, 0x9C, 0x68, 0xED, 0x51, 0x74, 0x68, 0xEE, 0xB4,
    0xA3, 0xD4, 0xAC, 0x5E, 0x2D, 0x68, 0xE2, 0x4D, 0x1D, 0x19, 0xCB, 0x7B, 0x79, 0x55, 0xEE, 0x02,
    0x36, 0xC5, 0x49, 0xBA, 0x09, 0x41, 0x89, 0x66, 0xF5, 0xFE, 0x67, 0x18, 0x9E, 0x3E, 0xF0, 0x60,
    0x54, 0xCD, 0xAA, 0x29, 0xD8, 0x8B, 0xB6, 0x73, 0x95, 0x3E, 0xE1, 0x9B, 0x24, 0x2C, 0xF1, 0x02,
    0x9B, 0x6F, 0x47, 0x32, 0xBE, 0x2C, 0x83, 0x12, 0x23, 0x5F, 0x03, 0x43, 0xAD, 0x37, 0x03, 0xE1,
    0xE0, 0xBC, 0x82, 0xF2, 0xDE, 0xCB, 0xF7, 0x81, 0x56, 0x25, 0x8C, 0x57, 0x48, 0x4E, 0x6F, 0x9F,
    0x7E, 0x70, 0x0E, 0x36, 0xFF, 0x49, 0x5B, 0x9D, 0x87, 0x98, 0xE7, 0x38, 0xDF, 0xF8, 0x96, 0xF1,
    0xCA, 0xB9, 0x99, 0xC0, 0x77, 0x43, 0x30, 0x8E, 0x31, 0x71, 0x32, 0x72, 0x04, 0xBE, 0x23, 0x94,
    0xD6, 0x1D, 0x4F, 0x70, 0xEF, 0xC6, 0x01, 0xA0, 0xF6, 0x2A, 0x0C, 0x9B, 0x08, 0xD9, 0xA6, 0xDC,
    0x64, 0xF2, 0xB4, 0x74, 0x36, 0x79, 0x2B, 0x0B, 0xDB, 0xE1, 0x7E, 0xE9, 0xAB, 0x05, 0x93, 0xC9,
    0x28, 0x61, 0x05, 0x7B, 0x82, 0xD4, 0x14, 0x56, 0x09, 0x14, 0x9F, 0xB9, 0xAF, 0x73, 0x2F, 0x7D,
    0xF7, 0x7D, 0x2D, 0xB0, 0xCF, 0x3D, 0x25, 0xF4, 0xE6, 0xBB, 0xF8, 0x00, 0x36, 0x80, 0xE5, 0x9D,
    0x71, 0xFC, 0xE6, 0xAC, 0xD8, 0xEA, 0xC3, 0xFC, 0xB3, 0x3B, 0x7D, 0xD0, 0xBF, 0x04, 0x3A, 0xD9,
    0xDE, 0x04, 0x27, 0xF3, 0xAA, 0xA2, 0x0D, 0xBC, 0x2D, 0x20, 0x4E, 0x76, 0x0E, 0x87, 0xB0, 0x89,
    0xFB, 0xEA, 0x5B, 0x3A, 0x0A, 0x5B, 0xD8, 0x1F, 0xD9, 0x6F, 0xD9, 0x74, 0x97, 0x7B, 0xBA, 0xB3,
    0x95, 0x20, 0x8E, 0x22, 0xD4, 0xE5, 0x0A, 0xB3, 0xAA, 0xAA, 0xED, 0x1D, 0x98, 0x5D, 0x6A, 0x2B,
    0x2F, 0x70, 0x0D, 0xFB, 0xFB, 0xCD, 0x09, 0xA8, 0x77, 0xCB, 0xDE, 0x9D, 0xDE, 0x83, 0xDE, 0xFB,
    0xF4, 0xAA, 0xFD, 0xA8, 0xEE, 0x98, 0xE3, 0xE9, 0x78, 0xA5, 0x12, 0x3C, 0xAA, 0x91, 0x26, 0x1F,
    0xD3, 0xF5, 0x6C, 0xC4, 0x55, 0xFF, 0x31, 0x23, 0xD1, 0xFB, 0xA3, 0x98, 0x83, 0x68, 0xC6, 0x1C,
    0xAB, 0x3E, 0xF0, 0x5C, 0xFD, 0xED, 0xDC, 0xB3, 0xC4, 0x8F, 0xCE, 0x21, 0xF0, 0x93, 0x59, 0x42,
    0x9C, 0xCC, 0x01, 0x9D, 0x2C, 0xB6, 0xB0, 0xCB, 0x7C, 0x37, 0x64, 0x1A, 0x88, 0x9A, 0x88, 0x21,
    0x90, 0x77, 0x59, 0x1D, 0x3D, 0xBA, 0x38, 0x3A, 0x4A, 0x1F, 0xEA, 0x72, 0x1C, 0xC5, 0x21, 0xE8,
    0x31, 0xC3, 0x04, 0x04, 0x50, 0xDD, 0x35, 0x1D, 0xAD, 0x70, 0xF7, 0x72, 0xEE, 0x15, 0x77, 0x52,
    0xEF, 0xC7, 0x28, 0x31, 0x3D, 0x19, 0xC5, 0x31, 0x21, 0xAA, 0x2D, 0x78, 0xC7, 0xC6, 0x57, 0x89,
    0xA3, 0x9C, 0x7B, 0xE6, 0x51, 0xBA, 0x62, 0xC1, 0x04, 0x84, 0x27, 0x62, 0x80, 0x98, 0x20, 0x13,
    0x96, 0x03, 0x2C, 0xE7, 0x06, 0x2F, 0xB0, 0xDF, 0x04, 0x2F, 0x36, 0x4B, 0xF0, 0xED, 0x98, 0x1F,
    0xF3, 0x92, 0x60, 0xAC, 0x1C, 0xBD, 0x23, 0xD9, 0xD1, 0x09, 0x99, 0x4F, 0x0D, 0x97, 0x67, 0xCA,
    0x61, 0x39, 0xED, 0x47, 0xDE, 0x09, 0xC6, 0xDC, 0x4A, 0x0C, 0xC2, 0x09, 0xDF, 0x5B, 0xDC, 0xD6,
    0xF8, 0x01, 0xC4, 0x2A, 0x5F, 0xBB, 0xEB, 0x95, 0x3F, 0xF7, 0xE3, 0x4F, 0x80, 0xC7, 0x8D, 0x75,
    0xDD, 0xB6, 0x9D, 0xF8, 0x10, 0xC8, 0xD2, 0x79, 0xF2, 0x9F, 0xFB, 0x3F, 0x5C, 0xE8, 0x16, 0xF2,
    0x7B, 0x91, 0x3F, 0x77, 0x4D, 0xFA, 0xD3, 0xD7, 0x1A, 0x26, 0x89, 0x7B, 0xFB, 0x3A, 0x3A, 0x8E,
    0xEC, 0xEE, 0xE9, 0x9C, 0x2D, 0x2E, 0x4C, 0xB0, 0x33, 0xD2, 0x86, 0x7C, 0x15, 0xB3, 0x74, 0xCB,
    0xF8, 0x7F, 0x37, 0xD8, 0xA5, 0x75, 0xB2, 0x83, 0x86, 0x6B, 0xAE, 0x63, 0xF2, 0xD6, 0xF6, 0x88,
    0xEB, 0x71, 0xC3, 0x37, 0x70, 0xA0, 0x0B, 0xAE, 0x13, 0xED, 0x5F, 0x52, 0x30, 0xE9, 0x38, 0x9E,
    0x8C, 0xA4, 0xEE, 0x6F, 0x6E, 0x54, 0x8D, 0xAA, 0xBB, 0x87, 0xF3, 0x6B, 0x73, 0x64, 0x5D, 0x3E,
    0x9C, 0xEB, 0xE5, 0xA3, 0xBE, 0xC4, 0x8D, 0x15, 0xC8, 0x7E, 0xB1, 0x6C, 0xFB, 0xC9, 0xB6, 0xF4,
    0x7E, 0xEC, 0xBA, 0xB5, 0x20, 0x62, 0x99, 0xB7, 0x75, 0xDF, 0x3C, 0xEC, 0xBC, 0x7C, 0xF4, 0xFC,
    0x0B, 0xF2, 0x9F, 0x73, 0x01, 0xA0, 0x7B, 0xFB, 0xE6, 0xF8, 0x8F, 0x78, 0x9E, 0xF5, 0x7A, 0x90,
    0xB8, 0x5C, 0xFC, 0xF8, 0x40, 0x8B, 0x9F, 0xA7, 0x52, 0xCF, 0xDF, 0x45, 0x00, 0x4B, 0x5F, 0xF4,
    0x4F, 0xB9, 0x27, 0x3E, 0x26, 0xAE, 0x60, 0x64, 0x30, 0x88, 0x63, 0xD7, 0xFD, 0x6E, 0x79, 0xEC,
    0xF9, 0xCF, 0x9F, 0xDE, 0xA9, 0xDF, 0x8E, 0xDD, 0x5E, 0x7B, 0x66, 0xAB, 0x83, 0x8E, 0x64, 0x80,
    0x55, 0xD2, 0xD6, 0x5B, 0xE9, 0x48, 0xF0, 0x47, 0x76, 0x82, 0x2F, 0x4C, 0x7E, 0x2C, 0x4B, 0x8D,
    0xB5, 0xB6, 0xB4, 0x5B, 0x4E, 0xB0, 0x53, 0x82, 0xFF, 0x60, 0xF1, 0xEF, 0x58, 0x3E, 0x19, 0x6B,
    0xA2, 0x4B, 0x4F, 0x74, 0x7D, 0xE2, 0x62, 0x88, 0x10, 0x53, 0x68, 0xAD, 0xA5, 0x5D, 0x4F, 0x08,
    0x3F, 0x80, 0x7A, 0x5E, 0x56, 0x79, 0x1E, 0x98, 0x08, 0x40, 0xDD, 0x09, 0x3E, 0xC2, 0x8A, 0x3B,
    0x11, 0x48, 0x2F, 0x82, 0xD6, 0x6F, 0x75, 0xF2, 0x5F, 0x5B, 0x44, 0x60, 0xE2, 0x60, 0x49, 0x80,
    0xB7, 0x9F, 0xC7, 0xE7, 0xCD, 0xAB, 0xA4, 0xE5, 0x7B, 0xB1, 0x5C, 0x3E, 0x77, 0x8F, 0xDD, 0x3B,
    0x64, 0x87, 0xEF, 0x4B, 0x31, 0xE4, 0x13, 0x6A, 0x8E, 0xC2, 0x34, 0x66, 0x4F, 0xC5, 0x2C, 0x03,
    0x67, 0xB9, 0xF0, 0xAA, 0x76, 0x44, 0xC0, 0xE1, 0x93, 0x60, 0x7A, 0x31, 0x19, 0xE5, 0x25, 0x7C,
    0x5A, 0x71, 0xE4, 0x76, 0xC7, 0x52, 0xCC, 0x7A, 0x2F, 0xD5, 0x1E, 0xC0, 0x37, 0x59, 0x1E, 0x0A,
    0x4B, 0xA6, 0x57, 0xA9, 0x57, 0x68, 0x4C, 0x0E, 0x8A, 0x3B, 0x59, 0x8A, 0x43, 0xE7, 0x4C, 0x66,
    0xEB, 0xBD, 0xBF, 0x69, 0x13, 0x17, 0x9E, 0x0F, 0x5E, 0xB8, 0xEF, 0x85, 0x38, 0xE7, 0xB7, 0xF4,
    0x4F, 0xFC, 0x25, 0x22, 0xF0, 0x55, 0x6C, 0x55, 0xBB, 0x58, 0xE1, 0x7A, 0x2B, 0x7A, 0x58, 0xBA,
    0xEF, 0xC1, 0xF5, 0x62, 0xFB, 0x5D, 0x3D, 0x58, 0x2B, 0x18, 0x25, 0xA6, 0xCD, 0x0D, 0xC6, 0xD9,
    0x85, 0x67, 0xF3, 0x77, 0xCF, 0xAD, 0x75, 0x44, 0x80, 0xB4, 0xCB, 0x34, 0xF1, 0x1C, 0x0C, 0xBC,
    0x26, 0x56, 0x79, 0xF1, 0x05, 0x8F, 0x55, 0xED, 0xB0, 0xEE, 0xE0, 0x5B, 0x25, 0x61, 0xB3, 0xB9,
    0x44, 0x4C, 0x53, 0x55, 0x7A, 0x5D, 0x2C, 0x81, 0xBD, 0x15, 0xEC, 0xF4, 0x45, 0xCE, 0xF3, 0x60,
    0x6F, 0x87, 0xC0, 0xB2, 0x55, 0x09, 0xE3, 0x25, 0x12, 0xF5, 0xB1, 0xBD, 0x8E, 0xC0, 0x32, 0xFA,
    0x5A, 0xA3, 0x23, 0x03, 0x50, 0xD9, 0x8B, 0x35, 0x59, 0x4C, 0x1C, 0xE1, 0x14, 0x30, 0x1A, 0x52,
    0x8C, 0x6C, 0x30, 0xD3, 0x48, 0x4F, 0xAF, 0x82, 0x3A, 0xBF, 0xE6, 0xA1, 0xD2, 0x4A, 0x9E, 0x9D,
    0x5C, 0xEE, 0x87, 0x6B, 0xFF, 0x61, 0x02, 0xC9, 0x24, 0xCF, 0x2A, 0xC6, 0xA4, 0xAA, 0xB4, 0x89,
    0x47, 0xEB, 0xB2, 0x87, 0x1E, 0x4C, 0x27, 0x57, 0x9D, 0x68, 0xF9, 0x04, 0xBB, 0x99, 0xFF, 0x8F,
    0x39, 0xE6, 0x31, 0x59, 0xB8, 0xC9, 0x18, 0x8A, 0x81, 0xB3, 0x9D, 0xA9, 0x1C, 0x57, 0x2D, 0xF2,
    0x3E, 0xC2, 0x35, 0x5C, 0x68, 0x89, 0xB4, 0xDC, 0xC8, 0x9C, 0x31, 0xAF, 0xEB, 0x5F, 0x5D, 0xA6,
    0x80, 0xF1, 0x0C, 0x57, 0xA9, 0xF5, 0x0C, 0xD7, 0x45, 0x2B, 0x6D, 0xBF, 0xDF, 0xB6, 0x12, 0x9E,
    0x09, 0xF1, 0x97, 0xF0, 0x3D, 0xE8, 0xED, 0x72, 0x89, 0x0D, 0x9C, 0xB6, 0x07, 0x6B, 0x57, 0x42,
    0x6D, 0xB6, 0x5B, 0x32, 0xF1, 0x24, 0x18, 0x30, 0x6A, 0xAE, 0x04, 0x48, 0xDF, 0x1E, 0xFA, 0xF2,
    0x04, 0x9C, 0x47, 0xF9, 0x93, 0x4C, 0xFB, 0x57, 0xD5, 0x39, 0x7E, 0x72, 0x4D, 0xDC, 0x3F, 0xC3,
    0xD8, 0xC9, 0xD3, 0x6B, 0x80, 0xDF, 0xF4, 0xD4, 0x93, 0xA6, 0xB4, 0xF9, 0x09, 0xD4, 0x53, 0xF2,
    0xF4, 0x12, 0x30, 0x5A, 0x98, 0xF6, 0x75, 0x00, 0xEB, 0x23, 0xD4, 0x6B, 0xE0, 0xFD, 0xCE, 0xCD,
    0x9D, 0x57, 0xC1, 0x57, 0xC2, 0xE7, 0xFE, 0x21, 0xDC, 0x08, 0xA4, 0xED, 0x92, 0xAF, 0x80, 0x7E,
    0xA0, 0x0D, 0x21, 0x0E, 0x1B, 0x02, 0x3C, 0x9F, 0x27, 0xAC, 0xBC, 0xFB, 0x0A, 0xEE, 0xC1, 0x37,
    0x5D, 0x22, 0xF0, 0x36, 0x26, 0xD1, 0x66, 0x13, 0xB5, 0x79, 0x58, 0xB6, 0x8D, 0xF0, 0x54, 0x84,
    0xA3, 0x19, 0x03, 0x29, 0x82, 0x3F, 0xC5, 0xE4, 0x2F, 0x43, 0x6D, 0x03, 0xCF, 0xB6, 0xC0, 0x69,
    0xC3, 0x12, 0x70, 0x1D, 0x09, 0xBD, 0xD3, 0x9B, 0x90, 0xA5, 0x6C, 0x33, 0x97, 0xD3, 0x16, 0x0A,
    0xDA, 0x24, 0xB5, 0xFD, 0xE5, 0x5F, 0x32, 0x76, 0x63, 0xEC, 0x76, 0xDB, 0x9A, 0x38, 0x30, 0x12,
    0xA4, 0xB5, 0xB8, 0x82, 0xFA, 0x93, 0x84, 0xE7, 0x31, 0xE5, 0x5C, 0x09, 0x98, 0x83, 0x0F, 0xF0,
    0x80, 0x7E, 0xA5, 0x3E, 0x1E, 0xC8, 0xFB, 0x84, 0x1A, 0xBE, 0xD9, 0x71, 0x50, 0xCB, 0xE4, 0xBD,
    0xA2, 0x85, 0x1D, 0x2F, 0xA3, 0x09, 0xEA, 0x05, 0x18, 0xC6, 0x26, 0x5A, 0x2B, 0x03, 0x13, 0x78,
    0x42, 0x01, 0x13, 0x40, 0x6A, 0xD1, 0x9B, 0x3A, 0x77, 0x3F, 0x98, 0x63, 0x31, 0x07, 0xF8, 0x03,
    0x5E, 0xB8, 0x5A, 0xA5, 0x01, 0xA8, 0xAA, 0x6C, 0x03, 0x4F, 0x9A, 0x86, 0x49, 0xB3, 0xBC, 0x7E,
    0xE8, 0x1C, 0xF3, 0x48, 0x2D, 0x0F, 0x10, 0xAB, 0xCA, 0x4D, 0xE0, 0xE7, 0xF3, 0x97, 0x1F, 0xAB,
    0xB4, 0x69, 0x91, 0xFB, 0x87, 0xC8, 0xAD, 0xF5, 0x9F, 0x88, 0xAF, 0xF3, 0x8F, 0xA2, 0x6A, 0x72,
    0x3C, 0xEB, 0x01, 0x3C, 0xF8, 0x58, 0x95, 0x3B, 0x90, 0x1C, 0x22, 0xC0, 0xF5, 0xDF, 0xB9, 0x7A,
    0x93, 0xB1, 0xED, 0x63, 0xF3, 0x63, 0x07, 0xF8, 0x1F, 0xCD, 0x98, 0xC1, 0x6A, 0xE5, 0x3E, 0x0F,
    0xC5, 0x7F, 0xA0, 0x6D, 0x40, 0xAF, 0x12, 0xE8, 0x56, 0xE0, 0x57, 0x17, 0xDC, 0x6D, 0xA1, 0xAF,
    0x72, 0x60, 0xB6, 0x06, 0x7D, 0x89, 0x13, 0x33, 0x69, 0xE8, 0x5C, 0x68, 0xA7, 0xFF, 0xE9, 0xE7,
    0x23, 0x1D, 0xD3, 0x6B, 0x49, 0xB1, 0x9A, 0xD8, 0x56, 0x02, 0xA5, 0xC0, 0xAB, 0x82, 0x96, 0xAD,
    0xD3, 0xB1, 0x57, 0x13, 0xD6, 0x3D, 0x41, 0x0E, 0xA8, 0xED, 0x14, 0x60, 0x83, 0xB2, 0xEF, 0x24,
    0xF0, 0x41, 0x08, 0x1A, 0x1D, 0x3A, 0x81, 0x69, 0x0F, 0x92, 0x78, 0x15, 0x50, 0x02, 0x9A, 0x44,
    0x75, 0x99, 0x9A, 0x1C, 0x5F, 0x1B, 0xAE, 0xC0, 0xB3, 0xE3, 0x88, 0x86, 0x08, 0x44, 0x47, 0x3B,
    0x7B, 0xD2, 0x0A, 0x7C, 0x5C, 0x01, 0xD3, 0x8D, 0x1C, 0x7C, 0x50, 0xEE, 0xC4, 0xA0, 0x80, 0x78,
    0x4F, 0x42, 0x07, 0xD9, 0xA0, 0xA4, 0xE3, 0x49, 0xD0, 0xA0, 0x55, 0x07, 0xAB, 0x1C, 0xDE, 0x9A,
    0x1A, 0xC4, 0xBA, 0xA9, 0x82, 0x96, 0x41, 0xA0, 0x2B, 0x4C, 0xA8, 0x25, 0xF5, 0x2B, 0x69, 0x8F,
    0x84, 0x17, 0x16, 0x80, 0x68, 0x2F, 0x36, 0xB0, 0x6C, 0x58, 0x77, 0x44, 0x63, 0xB6, 0xCD, 0x26,
    0x36, 0x7A, 0x69, 0xD3, 0xE2, 0x3E, 0x6E, 0x8B, 0x61, 0xF8, 0xBB, 0x71, 0x6F, 0x5C, 0xDA, 0xDA,
    0x56, 0xBB, 0xE0, 0xB1, 0x3E, 0x5A, 0x5C, 0x86, 0xF7, 0xDF, 0x58, 0xFD, 0x6A, 0xD3, 0x1E, 0x2C,
    0x88, 0xD1, 0xC2, 0x16, 0x5B, 0x58, 0x7C, 0x63, 0x9B, 0xA8, 0xCB, 0x38, 0xAC, 0x6F, 0x7B, 0xCC,
    0xD8, 0xF0, 0xB2, 0x61, 0xFD, 0xB5, 0xE1, 0xF5, 0x1A, 0x7F, 0x1B, 0xCD, 0x78, 0x1B, 0xE3, 0x03,
    0xBB, 0xB5, 0xFD, 0xF6, 0x37, 0x0C, 0x5E, 0x3C, 0x1E, 0xEB, 0xC4, 0x1C, 0x77, 0x84, 0x3D, 0x12,
    0x0A, 0x98, 0x53, 0x76, 0xA0, 0x9D, 0x5A, 0x09, 0xBF, 0x72, 0xB7, 0x19, 0xEA, 0x96, 0xB4, 0x4D,
    0x03, 0x0D, 0x54, 0xC9, 0x76, 0x4D, 0xE4, 0x10, 0x0D, 0x22, 0x20, 0xFA, 0xA9, 0x8E, 0x76, 0xAF,
    0x9A, 0xB1, 0x9B, 0xAC, 0xBA, 0x67, 0x38, 0x01, 0x7D, 0xFC, 0xA9, 0x96, 0x0A, 0x4B, 0x6D, 0xE2,
    0xA9, 0x96, 0xF5, 0x6B, 0x23, 0xC9, 0x23, 0x5C, 0x96, 0x80, 0x0E, 0x58, 0x1E, 0x70, 0x0E, 0xC4,
    0x09, 0x0D, 0x5C, 0xEC, 0x9F, 0x58, 0xE3, 0x88, 0x23, 0x5F, 0x8A, 0x4B, 0xC6, 0x50, 0x02, 0xAF,
    0xE2, 0x58, 0x10, 0x1D, 0x4B, 0x13, 0xA6, 0xEF, 0x59, 0x55, 0x96, 0x81, 0x44, 0x4B, 0x1C, 0x80,
    0x26, 0xAA, 0x9B, 0x9A, 0xE3, 0x0D, 0x0F, 0xBC, 0xE3, 0xA2, 0x89, 0x10, 0x5D, 0xA8, 0x7B, 0xB6,
    0xC2, 0x3B, 0x84, 0x25, 0xB8, 0x03, 0xD6, 0x81, 0xDF, 0x77, 0x34, 0x37, 0xB9, 0xD1, 0xEF, 0x55,
    0xF6, 0xB7, 0xEB, 0xED, 0x3E, 0x61, 0xC7, 0x0F, 0x09, 0x62, 0x4A, 0x08, 0x9D, 0x62, 0x1A, 0xF7,
    0x2D, 0xDB, 0x23, 0x87, 0xFB, 0xA0, 0x39, 0xCF, 0x38, 0x09, 0xFE, 0xCD, 0xD4, 0x29, 0xED, 0x02,
    0xE7, 0x3C, 0xF9, 0x64, 0x02, 0x58, 0x02, 0x0E, 0x10, 0x00, 0xE2, 0xE7, 0x52, 0x39, 0x86, 0x1C,
    0x82, 0xAF, 0x27, 0xF4, 0xF1, 0x33, 0xFF, 0x23, 0x09, 0xDD, 0xD7, 0xC1, 0xD7, 0x12, 0xB2, 0x04,
    0x10, 0x33, 0x17, 0xFF, 0xB9, 0x84, 0x10, 0x04, 0x38, 0x58, 0x7E, 0x39, 0xA1, 0xB9, 0x2B, 0x36,
    0xC7, 0x19, 0xD2, 0xAA, 0x36, 0xE9, 0x84, 0xE8, 0xB2, 0xB9, 0x1D, 0x68, 0x5C, 0x74, 0xE8, 0x68,
    0xD2, 0xA1, 0x7C, 0xFB, 0xB6, 0xCD, 0x5C, 0x43, 0xE7, 0x74, 0x79, 0xBE, 0x79, 0xEB, 0xB6, 0x79,
    0xE3, 0xC5, 0xD0, 0xD1, 0xE2, 0x3F, 0x39, 0x59, 0xAC, 0x72, 0x13, 0x80, 0xF8, 0xF4, 0xE1, 0x02,
    0x94, 0x60, 0x76, 0xB3, 0x79, 0x55, 0x25, 0xB4, 0xD1, 0xCD, 0xFB, 0xA8, 0xD1, 0x59, 0xEA, 0xD2,
    0x39, 0xD7, 0x2E, 0xAC, 0xAA, 0x33, 0x3B, 0x59, 0x02, 0x56, 0x75, 0x76, 0x00, 0x8E, 0x5F, 0xBA,
    0x98, 0x5D, 0x00, 0x88, 0x56, 0x95, 0xB3, 0x83, 0xD2, 0x24, 0x80, 0xD6, 0x47, 0x52, 0x7B, 0x5A,
    0xAE, 0xE6, 0x34, 0xFC, 0x08, 0xD0, 0x3A, 0x6E, 0xB5, 0xB5, 0x96, 0x55, 0xBD, 0x23, 0x90, 0x9D,
    0x24, 0xB5, 0x6E, 0xDA, 0x86, 0x2A, 0x9B, 0xBC, 0x03, 0xD5, 0x99, 0x87, 0x9B, 0x27, 0x9D, 0xB9,
    0x10, 0xE6, 0x4E, 0x47, 0x03, 0x88, 0x83, 0xBC, 0xB2, 0xEF, 0x74, 0x3D, 0xDC, 0xAC, 0xB2, 0xEF,
    0x14, 0x58, 0xA7, 0x65, 0xDB, 0xAD, 0xBA, 0xA0, 0x24, 0xA0, 0xC6, 0x9F, 0x34, 0xEB, 0xB3, 0x04,
    0xB3, 0xDC, 0xD5, 0xE4, 0x69, 0xE9, 0xEC, 0xEA, 0x87, 0x66, 0x61, 0x55, 0x54, 0x55, 0xDF, 0x55,
    0x04, 0x9D, 0x4E, 0x2B, 0x61, 0xC5, 0x93, 0x03, 0xFA, 0xEF, 0x73, 0x98, 0x07, 0xF4, 0x87, 0x39,
    0x84, 0x25, 0xEE, 0x60, 0x1D, 0x10, 0xC0, 0x97, 0xF2, 0xA2, 0xBD, 0x01, 0xCE, 0x3D, 0xAF, 0x3F,
    0x9E, 0xE3, 0x08, 0x4F, 0x44, 0x03, 0xD1, 0x41, 0x26, 0x2C, 0xDB, 0xAC, 0x30, 0x1E, 0x02, 0x7B,
    0x4B, 0xF0, 0x62, 0xA7, 0x04, 0x7F, 0xCC, 0x7C, 0x82, 0xBE, 0x53, 0xDB, 0xC9, 0x07, 0xE5, 0xDC,
    0xAE, 0x18, 0xD4, 0x09, 0x4B, 0x77, 0xAC, 0x83, 0x80, 0xC1, 0x53, 0x2C, 0x37, 0x69, 0x96, 0xDD,
    0x1E, 0x72, 0x4F, 0x6F, 0x78, 0xDF, 0x25, 0x1A, 0xE1, 0x9B, 0xE4, 0x58, 0x37, 0x12, 0xBB, 0xFC,
    0xC7, 0xF5, 0xD1, 0x5C, 0x11, 0x93, 0x9A, 0x00, 0xCF, 0xCF, 0x54, 0x4A, 0x33, 0x23, 0xAC, 0xA0,
    0x73, 0xAF, 0x43, 0x7E, 0x6A, 0xFE, 0xA5, 0x5D, 0xFE, 0x22, 0x91, 0x65, 0xB5, 0x04, 0x68, 0x9D,
    0x95, 0x34, 0x4C, 0x2C, 0x3B, 0xD6, 0x70, 0x71, 0xB6, 0x69, 0xE3, 0x77, 0x9B, 0xC5, 0x75, 0xAF,
    0xC0, 0x7D, 0x4A, 0x30, 0xE5, 0xFE, 0x58, 0x4C, 0x39, 0x0D, 0x0B, 0x3A, 0xB3, 0x3D, 0x7F, 0x93,
    0x02, 0x9E, 0xBE, 0x49, 0x61, 0xFC, 0xF9, 0x4D, 0xEA, 0x5E, 0x77, 0xFD, 0xA3, 0x95, 0x8F, 0x9F,
    0xCE, 0x02, 0xCB, 0x6F, 0x5F, 0xF9, 0xB3, 0xAD, 0x39, 0xF0, 0xDA, 0x5E, 0xD7, 0x89, 0x95, 0x4B,
    0x7B, 0x51, 0x2C, 0xEB, 0x8E, 0x75, 0xCD, 0x17, 0x82, 0x75, 0x60, 0x66, 0x78, 0x2F, 0x79, 0x00,
    0x3A, 0xE8, 0x42, 0x05, 0xB2, 0x37, 0x2C, 0x0F, 0x7A, 0xE4, 0x49, 0xBE, 0x09, 0x8E, 0xAE, 0x14,
    0x44, 0x4C, 0xF2, 0x93, 0x84, 0xE9, 0x42, 0xB7, 0xCA, 0xC6, 0x1E, 0x5B, 0xF0, 0xB2, 0xEE, 0x2E,
    0xF7, 0x7C, 0x56, 0xD9, 0x0C, 0x87, 0xEB, 0x3F, 0x75, 0x34, 0x4F, 0x58, 0x4F, 0x6D, 0x00, 0xDF,
    0x57, 0xAB, 0xDC, 0x8A, 0x64, 0x13, 0xCB, 0xBA, 0x8B, 0xE7, 0xE7, 0x8A, 0x16, 0x60, 0x10, 0x96,
    0x5C, 0xCA, 0xCA, 0xE0, 0xFF, 0xAD, 0x44, 0x40, 0xF7, 0xD5, 0xF2, 0xAD, 0xC5, 0x02, 0xC1, 0xFD,
    0x1A, 0x33, 0xBE, 0x63, 0x55, 0x81, 0xCB, 0x45, 0xC3, 0x84, 0xF0, 0x6E, 0x22, 0xC2, 0x12, 0x85,
    0x63, 0xB9, 0x91, 0xB3, 0x51, 0xA0, 0x4D, 0x36, 0xB2, 0xB4, 0x73, 0x24, 0x70, 0x42, 0x34, 0x5A,
    0xD2, 0xF1, 0xF4, 0x99, 0x58, 0xEB, 0xF0, 0xF1, 0x63, 0x83, 0x63, 0x63, 0x2D, 0x8A, 0x66, 0x89,
    0x5C, 0xA6, 0x90, 0xA5, 0xE4, 0x8F, 0x94, 0xBB, 0xC9, 0xC3, 0xD2, 0xCF, 0x55, 0xE9, 0x79, 0xAC,
    0x3B, 0x55, 0x22, 0x2D, 0xCB, 0x11, 0x75, 0x2C, 0xAA, 0x8D, 0x5A, 0xDF, 0x78, 0x80, 0xB3, 0x4D,
    0x1B, 0xD7, 0xBA, 0xB0, 0xF8, 0x31, 0x1E, 0xFE, 0x3A, 0x7F, 0x5B, 0x97, 0xE7, 0xFE, 0xD3, 0xE6,
    0xEE, 0x7F, 0x8D, 0xBD, 0x79, 0xB1, 0xA3, 0x69, 0xE5, 0x40, 0xEB, 0x1F, 0x5D, 0x7F, 0xC4, 0x67,
    0xC3, 0xE2, 0xBA, 0xC4, 0x7E, 0xEA, 0x3F, 0x6D, 0xEE, 0xFE, 0x5C, 0x63, 0x77, 0xF2, 0x3D, 0xFC,
    0x7E, 0x7D, 0xEC, 0x36, 0x7E, 0x89, 0xFD, 0xD4, 0x7F, 0xDA, 0xDC, 0xFD, 0xEF, 0xB9, 0x5D, 0x31,
    0xE7, 0xF7, 0x27, 0x9B, 0x5B, 0xFE, 0x4F, 0xFD, 0x3F, 0xB2, 0xB9, 0xE7, 0xDF, 0xCE, 0xB1, 0xAD,
    0xCF, 0x75, 0x6F, 0xB7, 0xFB, 0x7F, 0xD9, 0x7B, 0x99, 0xB8, 0xC6, 0x7E, 0xE6, 0x3F, 0x6D, 0xEE,
    0xFE, 0xD7, 0xD8, 0xEB, 0xF2, 0x3C, 0xFF, 0xBB, 0xCD, 0xFD, 0xF9, 0xDB, 0xF9, 0x79, 0xFE, 0x1F,
    0xFB, 0x63, 0x05, 0xAD, 0x44, 0xB7, 0x6E, 0x49, 0x38, 0x43, 0xF1, 0x04, 0xEB, 0x40, 0x09, 0xAC,
    0xE6, 0x2F, 0x02, 0xA4, 0xA1, 0xA6, 0x8E, 0x67, 0xA3, 0xE1, 0xD5, 0x7F, 0x97, 0x50, 0x7E, 0x51,
    0x3B, 0xFB, 0x38, 0x37, 0xD8, 0xB2, 0xF3, 0x48, 0xC0, 0x77, 0x0F, 0x61, 0x1D, 0x02, 0x42, 0xC4,
    0xD8, 0x5D, 0xD2, 0x0B, 0x00, 0x4D, 0x59, 0x77, 0xB6, 0xA4, 0xAA, 0xB4, 0x2B, 0x3E, 0x43, 0xDE,
    0x54, 0xEF, 0xD5, 0xF2, 0xBD, 0x5E, 0x67, 0x05, 0x37, 0xFB, 0xF5, 0xE8, 0xAF, 0x5F, 0x05, 0x5B,
    0x6F, 0x7D, 0x7E, 0x17, 0xF4, 0xCB, 0x17, 0xC4, 0xA2, 0x01, 0x3E, 0x60, 0x63, 0xE4, 0xF6, 0x4F,
    0x5E, 0x90, 0xAF, 0x2C, 0x03, 0x72, 0x66, 0x63, 0xDA, 0xCC, 0x91, 0xD9, 0x3F, 0x79, 0x95, 0x11,
    0xE8, 0x46, 0x1F, 0x7E, 0xA6, 0xA8, 0x2A, 0x06, 0x3D, 0xFB, 0x4C, 0x11, 0xF7, 0x70, 0x4F, 0x4B,
    0xFE, 0x4F, 0x9C, 0xE3, 0xFF, 0x03, 0xB5, 0x96, 0x01, 0xC6, 0x2C, 0x49, 0x10, 0x84, 0x3F, 0x12,
    0x20, 0xC8, 0xAB, 0x04, 0x03, 0x30, 0xCC, 0xD5, 0x93, 0x06, 0x18, 0xDE, 0x55, 0xEA, 0x00, 0x4D,
    0xEF, 0x3C, 0x76, 0xD7, 0xDA, 0x55, 0x61, 0xFF, 0x66, 0x3E, 0xA0, 0x84, 0x9A, 0x9C, 0x4A, 0x11,
    0x99, 0xDD, 0xB0, 0x48, 0xAC, 0x26, 0x51, 0x23, 0x13, 0x69, 0x79, 0x11, 0x79, 0x9D, 0x44, 0xAE,
    0x8B, 0x80, 0x65, 0x75, 0xA8, 0x50, 0x53, 0x43, 0xE0, 0xF9, 0x21, 0xBF, 0x0F, 0x33, 0xCC, 0x5E,
    0x97, 0xF7, 0x15, 0xBA, 0x6D, 0x22, 0x56, 0xBA, 0x0F, 0x0C, 0x43, 0xD0, 0x65, 0x59, 0x66, 0xC3,
    0x5A, 0x12, 0x81, 0x9A, 0xC7, 0x3B, 0xF7, 0xAF, 0x97, 0x65, 0xB1, 0x67, 0x8A, 0x9A, 0x54, 0x81,
    0x29, 0x92, 0x5E, 0x30, 0xEC, 0x69, 0x0A, 0xF1, 0x63, 0x0A, 0x06, 0xE7, 0xFF, 0x2D, 0x02, 0xD3,
    0xB1, 0xEF, 0x45, 0xAD, 0x02, 0xEA, 0x44, 0x88, 0x84, 0x79, 0x23, 0xCC, 0xF0, 0x03, 0x6A, 0x44,
    0xE5, 0xFA, 0x74, 0xD0, 0x7B, 0x8A, 0xD8, 0x77, 0x7A, 0x8A, 0x4C, 0xF0, 0x85, 0x50, 0x89, 0x15,
    0x5D, 0x7B, 0xF0, 0x84, 0x6F, 0x26, 0xF3, 0xBE, 0xEF, 0x8A, 0x1A, 0xDC, 0x93, 0x73, 0x47, 0xAA,
    0x4F, 0x51, 0xE4, 0xB9, 0x96, 0x72, 0x73, 0xE8, 0xD0, 0x73, 0xDD, 0x9F, 0x0B, 0x35, 0xB2, 0x95,
    0xEE, 0xDF, 0xC8, 0xF5, 0x17, 0x26, 0x77, 0xD2, 0xAE, 0xEB, 0xA7, 0x35, 0x7B, 0xDD, 0xAF, 0x88,
    0x99, 0x42, 0x98, 0x7F, 0x21, 0x84, 0x31, 0xC3, 0x14, 0xF5, 0xF7, 0x31, 0x51, 0x83, 0x71, 0x0D,
    0x01, 0x2B, 0xF5, 0xA7, 0x97, 0x9C, 0x5E, 0xF3, 0x5C, 0x87, 0x8A, 0xE7, 0xB3, 0x26, 0xA5, 0x80,
    0x29, 0x0A, 0xA6, 0x72, 0x97, 0x03, 0x46, 0x14, 0x81, 0x3C, 0xB9, 0x68, 0x7B, 0x80, 0xFB, 0x39,
    0xE4, 0x61, 0x9B, 0x40, 0x48, 0xDF, 0x82, 0x9C, 0xB2, 0xEC, 0xDD, 0xEC, 0x5F, 0x59, 0x86, 0xFC,
    0x32, 0xA6, 0xDF, 0x8F, 0x55, 0x6C, 0xF1, 0xAB, 0xE6, 0x54, 0xCC, 0x58, 0xF0, 0x7C, 0x40, 0x7A,
    0x5D, 0xCA, 0x7B, 0x79, 0x31, 0xEF, 0x0F, 0x40, 0x0D, 0x00, 0xD4, 0xAF, 0x63, 0xC9, 0xA2, 0x97,
    0x4E, 0x59, 0xFA, 0xF5, 0x39, 0xFB, 0x1F, 0x9F, 0x71, 0x35, 0x16, 0x7F, 0x9D, 0x1F, 0x1F, 0x18,
    0x9C, 0x1C, 0x50, 0x23, 0x44, 0x4D, 0x9A, 0x32, 0x8F, 0xF7, 0x46, 0x8F, 0xC8, 0x35, 0x72, 0xDA,
    0xDD, 0x05, 0x13, 0x77, 0xFF, 0xD6, 0x77, 0x83, 0x91, 0xFD, 0x3E, 0xEA, 0x7F, 0xE4, 0xB8, 0x69,
    0x7E, 0xCC, 0xC3, 0x3D, 0xAF, 0xD5, 0x93, 0xF3, 0xFD, 0x5C, 0x4C, 0xD1, 0x67, 0x48, 0xD8, 0x0D,
    0x0C, 0x6A, 0x58, 0x5C, 0xD7, 0x7F, 0xCF, 0x37, 0xA9, 0xEB, 0x1A, 0xBE, 0x49, 0xA8, 0x59, 0x27,
    0x52, 0x8D, 0xCD, 0x6B, 0xB8, 0xC3, 0x75, 0xD1, 0xB0, 0x0C, 0xE2, 0xBB, 0x0C, 0xB0, 0x5E, 0xD7,
    0x75, 0x02, 0x0B, 0x98, 0x5E, 0xFE, 0xCD, 0x6A, 0x6F, 0xCC, 0x35, 0xF6, 0x6B, 0xBC, 0xDD, 0x6B,
    0x05, 0x34, 0x45, 0xCF, 0xFE, 0xFE, 0x6F, 0x76, 0xBA, 0xFF, 0x64, 0xFB, 0xFB, 0x4B, 0x08, 0x51,
    0x1B, 0x1D, 0xE3, 0x5A, 0xF2, 0x4E, 0x17, 0xA2, 0x27, 0x4F, 0xCA, 0x73, 0x1D, 0x3A, 0xC4, 0x86,
    0x1E, 0x59, 0xEC, 0x64, 0xF1, 0xCA, 0x13, 0x06, 0x7F, 0xD0, 0xD4, 0x56, 0xD5, 0x14, 0x9A, 0xDD,
    0x86, 0xF9, 0x03, 0xA5, 0x59, 0xC1, 0xAA, 0xF5, 0x2C, 0x0C, 0x1C, 0xC8, 0x36, 0xE0, 0xAB, 0x04,
    0xDC, 0x16, 0x7C, 0x75, 0xE1, 0x6C, 0xFB, 0x30, 0xC2, 0xBF, 0x15, 0xFA, 0x37, 0x48, 0xB8, 0x9E,
    0xA1, 0x39, 0x5D, 0x7C, 0x33, 0x8B, 0x7B, 0x2E, 0x33, 0xB1, 0xAD, 0x9A, 0xD4, 0x2A, 0x50, 0x80,
    0x01, 0xB4, 0x69, 0x70, 0xB6, 0x61, 0x58, 0x6C, 0x13, 0x37, 0xD4, 0xD4, 0x80, 0x4C, 0x0F, 0xB8,
    0x2E, 0x10, 0xE7, 0x94, 0xC0, 0x01, 0xC7, 0x28, 0x88, 0x78, 0xE6, 0x0E, 0x19, 0xAA, 0x7B, 0xFB,
    0xAA, 0x32, 0x76, 0xBD, 0x0C, 0xD3, 0x9B, 0xEB, 0x6E, 0xD5, 0x6E, 0x96, 0x6F, 0x7D, 0xA2, 0x7F,
    0xB3, 0xEC, 0xF7, 0x9F, 0xE8, 0x1B, 0xE6, 0x7E, 0x6B, 0x8E, 0xD2, 0x77, 0xB9, 0x75, 0x5B, 0x9C,
    0xF6, 0x59, 0xEC, 0x5F, 0xF1, 0xD6, 0x17, 0x9B, 0xEB, 0x8B, 0x6F, 0xFD, 0x23, 0x7B, 0xFF, 0xD8,
    0xE1, 0xD1, 0x15, 0x15, 0x07, 0xAA, 0xB7, 0x66, 0xA6, 0xB8, 0x11, 0xE3, 0x63, 0x6A, 0xC7, 0xCD,
    0xD3, 0xCE, 0xAA, 0x55, 0x8F, 0x9B, 0x4B, 0x8F, 0x9E, 0x30, 0x31, 0xD1, 0x1B, 0x62, 0x62, 0xFE,
    0x74, 0x82, 0x82, 0x1D, 0x26, 0xCC, 0x76, 0xB9, 0x2F, 0x74, 0xE9, 0x6A, 0x6A, 0xDE, 0x5A, 0x9B,
    0xA6, 0x8B, 0xD8, 0xD0, 0x46, 0x8C, 0x7F, 0xA8, 0x6D, 0x90, 0xAE, 0xCE, 0x44, 0x7F, 0x1D, 0x7F,
    0x4C, 0x51, 0xE7, 0x82, 0xC7, 0x5F, 0x57, 0x97, 0x2E, 0x21, 0xBF, 0xCD, 0x3F, 0xEF, 0x71, 0x3D,
    0xF5, 0x94, 0x21, 0xC3, 0xFF, 0xFA, 0xFF, 0x3C, 0x7F, 0x70, 0xB3, 0x0C, 0x18, 0x14, 0x34, 0x7F,
    0xF2, 0xFE, 0x05, 0xD4, 0xA4, 0xE7, 0x7A, 0x20, 0x1B, 0xBF, 0x80, 0x4C, 0xD1, 0x3F, 0x3A, 0x28,
    0x5E, 0x4D, 0x8F, 0x1B, 0xF5, 0xAC, 0x27, 0xF7, 0x7F, 0xE8, 0x31, 0x3A, 0x41, 0x7E, 0xBE, 0x6F,
    0x16, 0xEE, 0x7F, 0x65, 0x26, 0xE3, 0x87, 0xE0, 0x43, 0xFB, 0xA1, 0x71, 0xFB, 0x58, 0xB3, 0x89,
    0xB8, 0xE1, 0x65, 0x7E, 0xF6, 0x32, 0xED, 0x13, 0x8C, 0x5C, 0xE5, 0xE7, 0x57, 0xF3, 0xB1, 0xF8,
    0x9B, 0xA9, 0xA4, 0x13, 0xDB, 0x05, 0x81, 0x3C, 0xE8, 0x47, 0x39, 0xA1, 0x4E, 0x9A, 0x3F, 0xC4,
    0x76, 0xED, 0xFA, 0x47, 0x99, 0xD7, 0x57, 0xFB, 0x0D, 0x9C, 0xDF, 0x32, 0x1F, 0xC7, 0x4F, 0xED,
    0x5C, 0x6C, 0xFA, 0xA5, 0xE3, 0x77, 0x7E, 0x95, 0x6E, 0x06, 0x85, 0x96, 0x09, 0x75, 0x72, 0x7D,
    0xB2, 0x51, 0xD5, 0xD9, 0xB4, 0xEA, 0xA2, 0x51, 0x7D, 0x5C, 0xAD, 0x96, 0x19, 0xB3, 0x2F, 0xFA,
    0x8F, 0x73, 0xE4, 0x76, 0x46, 0x2F, 0x05, 0x54, 0x86, 0x6E, 0xF7, 0x46, 0xF3, 0x8B, 0xE6, 0x50,
    0xB8, 0x5A, 0xE8, 0x69, 0x0D, 0x60, 0xC8, 0x76, 0x6F, 0x3E, 0x7E, 0x26, 0x78, 0x98, 0x83, 0xAB,
    0x15, 0xBE, 0x7E, 0x8C, 0x61, 0x54, 0x80, 0xC8, 0x7F, 0x8E, 0x8F, 0x0A, 0xF0, 0x18, 0x4F, 0x19,
    0x0E, 0x6C, 0x15, 0x20, 0xD1, 0xB9, 0x06, 0x50, 0xFE, 0xD3, 0xF3, 0x51, 0xFE, 0x13, 0xB8, 0x02,
    0xB0, 0xCE, 0x15, 0x80, 0xF5, 0xF2, 0x36, 0x3E, 0x11, 0x99, 0xC4, 0xD7, 0x71, 0x68, 0x68, 0x87,
    0xD6, 0xF1, 0x58, 0x03, 0x60, 0xE0, 0xFE, 0x4F, 0x6B, 0xC0, 0x0E, 0xCA, 0x61, 0x81, 0x40, 0x71,
    0x84, 0xE4, 0xEE, 0x55, 0x03, 0xB8, 0x0A, 0x50, 0x7C, 0x54, 0x80, 0xBC, 0x7F, 0x38, 0xFF, 0x37,
    0x9D, 0x2B, 0x00, 0x21, 0xCB, 0xFF, 0x40, 0x96, 0xFF, 0x54, 0x03, 0x26, 0xE5, 0x3F, 0x8F, 0x9F,
    0x52, 0xFE, 0x53, 0x0D, 0xE0, 0xFC, 0xE1, 0x1A, 0x50, 0x26, 0xE5, 0x3F, 0xD5, 0x80, 0xC6, 0xF9,
    0x9F, 0xD4, 0x80, 0xE8, 0xBF, 0x58, 0x61, 0xE4, 0xF9, 0xE5, 0x41, 0xB9, 0xEE, 0x30, 0x5C, 0xB0,
    0x6D, 0xFE, 0x2C, 0x42, 0x31, 0x7E, 0xAD, 0x01, 0x19, 0x6B, 0x0D, 0xD8, 0x06, 0xAD, 0xFF, 0x68,
    0xFE, 0xF9, 0xDD, 0x72, 0xFE, 0xAE, 0x99, 0x22, 0xC9, 0xFA, 0x2E, 0x9E, 0x80, 0x75, 0xEA, 0x7A,
    0x6F, 0xD7, 0x76, 0x5A, 0x2F, 0x78, 0x58, 0x03, 0x4E, 0x5E, 0xFF, 0x05, 0x68, 0x05, 0x38, 0x5F,
    0xFB, 0x27, 0x30, 0x4A, 0x5E, 0x3F, 0x62, 0x7C, 0xD2, 0xFA, 0x13, 0xB9, 0x9E, 0xE7, 0x57, 0x40,
    0xBF, 0xB0, 0xF2, 0x2B, 0x7B, 0xFF, 0xD5, 0x53, 0x0D, 0x0C, 0xE4, 0xBA, 0xA0, 0x8D, 0x5F, 0xEF,
    0x3F, 0xBD, 0xD9, 0xBA, 0x42, 0x51, 0x86, 0x3A, 0x78, 0xFD, 0x75, 0xD8, 0xA7, 0xA2, 0xA2, 0xCD,
    0x0A, 0xA7, 0x7D, 0x2C, 0x6E, 0x9E, 0x3C, 0x6D, 0xB2, 0x1E, 0x33, 0x40, 0x4C, 0x4C, 0xB5, 0x1C,
    0x5E, 0xFD, 0x9D, 0x20, 0xFC, 0x39, 0x58, 0x5F, 0x63, 0x57, 0xED, 0xA6, 0xB6, 0xE3, 0x48, 0xE2,
    0x2D, 0x1C, 0x0F, 0xF1, 0x65, 0xAE, 0xD5, 0x0D, 0xBA, 0x0C, 0xBE, 0xFE, 0xEE, 0x11, 0x5B, 0x75,
    0x8E, 0xF5, 0x7A, 0x55, 0xA9, 0x62, 0x67, 0x33, 0x9B, 0x75, 0xA1, 0xEE, 0x7A, 0x78, 0x76, 0xC7,
    0xFE, 0x7E, 0xE2, 0xF5, 0xAD, 0xFF, 0x32, 0xD8, 0xE6, 0xD8, 0xDF, 0x7F, 0xAC, 0x03, 0x54, 0x77,
    0xB9, 0x7E, 0xE7, 0x3E, 0x7A, 0xF7, 0xB4, 0x99, 0xBF, 0x7F, 0xA2, 0x7E, 0x3C, 0xE9, 0x56, 0xCC,
    0x1C, 0xDA, 0x9D, 0xC2, 0xA5, 0x75, 0x5B, 0x63, 0x87, 0x63, 0xE9, 0xC7, 0x21, 0xF2, 0x16, 0x1F,
    0x1E, 0x8E, 0xDF, 0xA1, 0x3E, 0xEB, 0x3E, 0xCE, 0x5A, 0xEB, 0xE1, 0xE3, 0xAC, 0xC6, 0x7D, 0xA0,
    0xB9, 0xBE, 0xC6, 0x54, 0x36, 0xAE, 0xFE, 0x09, 0xB0, 0x27, 0x74, 0xEF, 0x93, 0x22, 0x1D, 0x06,
    0xFF, 0x7D, 0x2C, 0x65, 0xB1, 0x6C, 0xF3, 0x9B, 0x5D, 0xA1, 0xC7, 0x5B, 0xF7, 0x3D, 0x7F, 0xD9,
    0x45, 0x3A, 0xAF, 0xEF, 0x51, 0xA2, 0x16, 0x82, 0x3D, 0xB9, 0x2E, 0x8A, 0x61, 0xA6, 0xA7, 0x88,
    0xF4, 0xAD, 0xF5, 0xDE, 0x3A, 0x95, 0x12, 0xEE, 0xF8, 0x8F, 0x20, 0x47, 0xE9, 0x86, 0xF2, 0x53,
    0x87, 0x49, 0x47, 0xAE, 0xC3, 0x46, 0x2F, 0x78, 0x83, 0x00, 0xD0, 0x0E, 0xB9, 0xA9, 0x5D, 0xFF,
    0xEA, 0x22, 0xD0, 0x4F, 0x88, 0x6D, 0xCE, 0xE5, 0xF9, 0x68, 0x77, 0xFF, 0x1F, 0x3C, 0xB6, 0x1B,
    0x3E, 0xBD, 0x47, 0x3D, 0x0F, 0xA1, 0x01, 0x53, 0xB0, 0x61, 0xFC, 0xD7, 0xD1, 0x7B, 0x77, 0x3F,
    0xF2, 0xEF, 0xCB, 0x02, 0x85, 0x21, 0x5F, 0x7F, 0x86, 0xEE, 0x80, 0xA2, 0x41, 0xB1, 0xD5, 0xD7,
    0x83, 0xF3, 0x2F, 0x5C, 0xE1, 0x70, 0x9D, 0xD6, 0xEE, 0xA7, 0x59, 0x3B, 0x0D, 0x41, 0xE4, 0xEB,
    0xC3, 0xF3, 0xB0, 0xEA, 0xCE, 0x68, 0x56, 0x5F, 0xBF, 0xEF, 0xD9, 0x43, 0xBA, 0x5C, 0x82, 0xC5,
    0x36, 0xE2, 0x17, 0x23, 0x3C, 0xE1, 0xE0, 0x6F, 0x0B, 0xFE, 0x82, 0xC2, 0x00, 0x79, 0xC2, 0x41,
    0x7A, 0xB6, 0x7F, 0x20, 0x90, 0xE4, 0xFB, 0x82, 0xF4, 0x64, 0x7F, 0xA1, 0x97, 0xE4, 0xFB, 0x83,
    0xF4, 0x6C, 0xFF, 0xC0, 0x49, 0xF5, 0x8F, 0xF5, 0xBD, 0x7E, 0xD6, 0x9B, 0xAD, 0x57, 0x73, 0x9A,
    0x9A, 0x80, 0x60, 0xE5, 0xCF, 0xC1, 0xBA, 0x96, 0x66, 0x6A, 0x3E, 0xF3, 0x0B, 0xB4, 0xAB, 0xA9,
    0xEA, 0xD2, 0xC9, 0x93, 0xE9, 0xB3, 0x68, 0x12, 0x4F, 0x1E, 0xD6, 0xF3, 0xFD, 0x8D, 0xC2, 0xFD,
    0xBF, 0x3B, 0x58, 0xB7, 0x66, 0xE6, 0x68, 0xC3, 0x2C, 0x10, 0xDA, 0xEE, 0xD9, 0x1D, 0xBC, 0xB6,
    0xE3, 0x1D, 0x3E, 0x08, 0x8E, 0x47, 0xCF, 0x64, 0x5D, 0xD7, 0xDA, 0x7B, 0xA3, 0x0E, 0xE9, 0x7B,
    0x34, 0xBB, 0x48, 0xE7, 0xFA, 0x9B, 0xCE, 0x1F, 0x53, 0xD2, 0xF3, 0xFD, 0x97, 0xC1, 0x49, 0x46,
    0x9E, 0xD0, 0x69, 0x7F, 0x66, 0x73, 0x10, 0x54, 0x97, 0xE3, 0xC1, 0x43, 0xF1, 0x65, 0xBE, 0xC4,
    0x87, 0xA3, 0x67, 0xFB, 0x3B, 0xD9, 0xF8, 0x87, 0x83, 0xF5, 0xEB, 0x54, 0x42, 0xB9, 0x42, 0x27,
    0x0F, 0xE9, 0xE9, 0xFE, 0x50, 0xE1, 0x78, 0x72, 0x2C, 0x9D, 0xB4, 0xAA, 0xF5, 0x56, 0x45, 0xC5,
    0x5B, 0x20, 0xEC, 0x0E, 0xD6, 0xCD, 0x49, 0x5F, 0x08, 0x20, 0xB0, 0xE3, 0x69, 0xFF, 0xA7, 0xAC,
    0x7D, 0x66, 0x95, 0xA8, 0x6E, 0xEC, 0x09, 0x07, 0xE9, 0x8F, 0xF1, 0x1D, 0x3D, 0x8F, 0x0F, 0x3D,
    0xDF, 0x7F, 0x8F, 0x79, 0x51, 0x66, 0xB6, 0x3F, 0x1B, 0xB3, 0x42, 0x46, 0xBA, 0x7F, 0x43, 0xF5,
    0xF1, 0xD8, 0xEB, 0xBB, 0x62, 0xB0, 0x27, 0x1C, 0xA1, 0xA7, 0xFB, 0xAF, 0xDB, 0xFB, 0x95, 0x3D,
    0xAC, 0x73, 0x7D, 0xCA, 0xAE, 0x4F, 0x8E, 0xD0, 0x93, 0x78, 0xBE, 0x3E, 0xC5, 0x87, 0x9E, 0xCF,
    0xCF, 0x83, 0xF3, 0x9B, 0x1C, 0xBB, 0xCE, 0xFB, 0xCB, 0xC9, 0xF5, 0x37, 0x07, 0xE9, 0x32, 0x78,
    0x7C, 0x65, 0x6C, 0x5F, 0x9F, 0xE9, 0xF9, 0x41, 0x38, 0x92, 0xFD, 0xC5, 0xD8, 0x5B, 0x48, 0xE3,
    0xC3, 0x93, 0xC5, 0x07, 0xE4, 0xD2, 0xF5, 0xF5, 0x7D, 0x45, 0x1D, 0xB7, 0x0B, 0x04, 0x5F, 0x7F,
    0xE3, 0x53, 0x96, 0xE3, 0x53, 0xE6, 0x7E, 0x77, 0xF9, 0xF9, 0x42, 0x78, 0x7E, 0xEF, 0x3F, 0xAE,
    0x9A, 0xB4, 0x56, 0x39, 0x51, 0xA7, 0x40, 0x28, 0x63, 0x77, 0x94, 0x41, 0xCF, 0x9F, 0xC6, 0x87,
    0x27, 0x8F, 0xCF, 0xF3, 0x8B, 0x3C, 0x94, 0x5F, 0xA1, 0xE5, 0xE7, 0x23, 0xE4, 0x49, 0xF7, 0x4F,
    0xDB, 0x84, 0xA1, 0x0B, 0x64, 0x40, 0x9D, 0xF6, 0xB0, 0xFE, 0x2C, 0xE4, 0x89, 0x5E, 0x4D, 0xCF,
    0x5F, 0x02, 0xE1, 0x21, 0x47, 0xDC, 0xDB, 0x5B, 0x7C, 0x78, 0xF2, 0xF8, 0xFC, 0xFC, 0x84, 0x3D,
    0xAC, 0xFF, 0xEB, 0xF7, 0x2F, 0xB7, 0xCD, 0xF1, 0xE4, 0x09, 0x07, 0xE9, 0x4B, 0xDB, 0xCE, 0x07,
    0x36, 0x9D, 0x3D, 0x32, 0xBF, 0xF5, 0x32, 0xDF, 0xCF, 0x67, 0xF2, 0xFD, 0x25, 0xFF, 0xFF, 0x2D,
    0xDE, 0x3D, 0x59, 0x7C, 0x29, 0xF6, 0x1A, 0x1F, 0x9E, 0xEC, 0xFA, 0x6F, 0xE7, 0x3B, 0xEC, 0x09,
    0xC7, 0xEF, 0xF3, 0xC9, 0x83, 0x2D, 0xEE, 0x61, 0x9D, 0xDB, 0x7E, 0x3A, 0xDF, 0x21, 0x4F, 0x53,
    0xD6, 0x93, 0xEF, 0x1F, 0xEF, 0x85, 0x4E, 0x9E, 0x44, 0x4F, 0xCE, 0xC7, 0x14, 0x96, 0xAF, 0x9F,
    0x42, 0xE7, 0xF8, 0x36, 0xD5, 0xF2, 0xFD, 0xF5, 0x70, 0x84, 0xFE, 0x3F, 0xC5, 0x95, 0x07, 0x6A,
    0x05, 0x31, 0x0C, 0x44, 0x07, 0x74, 0x00, 0x5D, 0xC8, 0xE0, 0xAB, 0x0B, 0xF6, 0x00, 0xFF, 0x2A,
    0x03, 0xA1, 0x23, 0x50, 0x2C, 0xCB, 0xAC, 0xF7, 0xA7, 0xF7, 0xC8, 0x33, 0x2F, 0xF9, 0x4D, 0x65,
    0x9B, 0x11, 0x41, 0x0C, 0x04, 0x40, 0x74, 0x1B, 0x10, 0x13, 0x83, 0x70, 0x00, 0x17, 0x28, 0x0A,
    0x32, 0x61, 0x03, 0x6A, 0x6D, 0x00, 0x03, 0x3D, 0xE1, 0x03, 0xC2, 0x4A, 0x92, 0xE9, 0x2A, 0x71,
    0x85, 0x9E, 0x00, 0xB8, 0x2D, 0x36, 0xDD, 0x0F, 0x43, 0x84, 0x09, 0x3B, 0xD4, 0x14, 0x83, 0x68,
    0xCB, 0x3E, 0xC8, 0xD3, 0x0E, 0x57, 0xA2, 0x07, 0xA1, 0x5C, 0xB9, 0xDB, 0x32, 0x87, 0x9E, 0x40,
    0x0C, 0x62, 0x4F, 0xA0, 0x11, 0x81, 0x02, 0xA0, 0x85, 0x06, 0xB4, 0x27, 0x78, 0x9A, 0xAE, 0x42,
    0x0C, 0x0B, 0xDC, 0xCA, 0xB4, 0x07, 0xE5, 0x16, 0xE2, 0xAA, 0x54, 0x35, 0x55, 0xA4, 0x1A, 0xDA,
    0x29, 0x82, 0xA5, 0xD5, 0x71, 0x7B, 0x92, 0x61, 0x4B, 0xB1, 0xD5, 0x2E, 0x22, 0x10, 0xE1, 0x43,
    0xD8, 0xD5, 0x6B, 0x89, 0xD5, 0x52, 0xD4, 0x6A, 0x6B, 0x71, 0xAE, 0x1A, 0x48, 0x23, 0x05, 0xFC,
    0x40, 0xD9, 0xEE, 0xDD, 0xF1, 0x99, 0xE2, 0xDF, 0xAA, 0x59, 0x8D, 0xEF, 0xB4, 0x6F, 0x55, 0x05,
    0x82, 0xB1, 0x2E, 0xAA, 0xE2, 0x0A, 0xA6, 0x93, 0x42, 0x38, 0xA0, 0x94, 0xA4, 0x25, 0xFB, 0xE4,
    0x83, 0xC9, 0x0D, 0x72, 0x24, 0x87, 0x54, 0x97, 0xFA, 0x64, 0x9B, 0xA4, 0xA2, 0xC9, 0xC1, 0x96,
    0xB4, 0xE4, 0xAD, 0x88, 0x86, 0x4C, 0x47, 0x10, 0xC9, 0x3D, 0xF7, 0x42, 0x86, 0x1C, 0xEC, 0x26,
    0xE1, 0x41, 0x61, 0x37, 0xAA, 0xF5, 0x99, 0xEE, 0x8A, 0x21, 0xB1, 0x27, 0x18, 0x52, 0x6C, 0xFC,
    0xC7, 0x18, 0x15, 0xAD, 0xF8, 0x73, 0x93, 0x54, 0xF0, 0x44, 0x2B, 0xAC, 0x70, 0x80, 0x17, 0xC4,
    0x40, 0x4E, 0x64, 0x85, 0xC3, 0x16, 0x74, 0x08, 0x0A, 0x5E, 0x51, 0x77, 0x5B, 0x41, 0x17, 0x08,
    0xE1, 0x05, 0xD0, 0x29, 0x7C, 0xE6, 0xA6, 0xFD, 0xE5, 0x8E, 0x2A, 0x58, 0xF8, 0xD2, 0xC3, 0xE4,
    0x2F, 0x1A, 0xD4, 0x28, 0x7C, 0xAE, 0x41, 0x09, 0x1B, 0x42, 0x84, 0x0F, 0x07, 0x08, 0x4D, 0x8B,
    0x9D, 0x6E, 0xC3, 0xAE, 0x11, 0x1C, 0x36, 0xAD, 0xDD, 0x85, 0xED, 0xCE, 0x62, 0xDC, 0x66, 0x35,
    0x33, 0x5D, 0x17, 0xBB, 0x89, 0x43, 0x09, 0xB5, 0x17, 0x9F, 0x25, 0xA5, 0x7D, 0xA8, 0xA0, 0x51,
    0x06, 0xF0, 0x5B, 0x6D, 0x69, 0xA4, 0xF0, 0xB5, 0xFE, 0x7E, 0xBA, 0xA7, 0x60, 0x99, 0xC4, 0x03,
    0x11, 0x10, 0x87, 0xF0, 0xAD, 0x47, 0x30, 0x80, 0x60, 0x0A, 0x12, 0x40, 0x0F, 0xC2, 0xC5, 0xB3,
    0xBC, 0x62, 0x1A, 0x6A, 0xC8, 0x2C, 0x38, 0xBF, 0x53, 0xEF, 0x10, 0x00, 0x39, 0x2D, 0x74, 0xA8,
    0x75, 0x74, 0x68, 0x38, 0x24, 0x0C, 0x33, 0x74, 0xB9, 0x53, 0x22, 0x64, 0x5D, 0x3A, 0xD0, 0xFC,
    0x06, 0x21, 0x5E, 0x0D, 0x10, 0xCD, 0x85, 0x11, 0x76, 0xDD, 0xB1, 0x22, 0x82, 0xE9, 0x33, 0x45,
    0x7B, 0x62, 0xDE, 0x5B, 0xEC, 0xDE, 0x8A, 0xD3, 0x15, 0x3C, 0x4D, 0x50, 0x2C, 0x77, 0xB5, 0xBD,
    0xA3, 0xEC, 0xCD, 0x26, 0xD0, 0xD7, 0x2E, 0xF6, 0x08, 0xC5, 0x97, 0xC1, 0x6A, 0x2B, 0x3D, 0x0C,
    0x85, 0x3F, 0xD0, 0xD6, 0xA0, 0x57, 0x31, 0xFC, 0x5B, 0x81, 0x5F, 0x5D, 0xD0, 0x6D, 0xA0, 0xAF,
    0x72, 0x20, 0x5B, 0x83, 0xFF, 0x34, 0x13, 0x43, 0x3D, 0x74, 0x6E, 0xB9, 0x9D, 0xA4, 0xD7, 0xB2,
    0x04, 0x41, 0x83, 0x47, 0xC7, 0x93, 0x73, 0x64, 0x83, 0x03, 0xED, 0xE1, 0x23, 0xE1, 0x9A, 0xD8,
    0xDB, 0xE6, 0x6E, 0x49, 0xB3, 0x24, 0xD0, 0xDD, 0xC6, 0x90, 0x7D, 0x78, 0x22, 0x87, 0x68, 0x10,
    0x01, 0xD1, 0x1F, 0x0E, 0x80, 0x3F, 0xBC, 0xC9, 0x46, 0xF7, 0x0C, 0x27, 0xA0, 0xDF, 0x7F, 0xAA,
    0xA5, 0xC2, 0x52, 0x96, 0xF2, 0x54, 0xCB, 0x71, 0xBD, 0x05, 0x01, 0x08, 0x44, 0xA5, 0x50, 0xA8,
    0x58, 0x96, 0x5A, 0x6A, 0xBD, 0x85, 0xD6, 0x6B, 0xD9, 0x0C, 0x00, 0x48, 0x2A, 0x95, 0x04, 0x57,
    0x2D, 0x14, 0xDF, 0xF2, 0xE1, 0x17, 0x00, 0xB0, 0x04, 0x07, 0x02, 0x10, 0x00, 0x60, 0x02, 0xD7,
    0x56, 0xA9, 0x02, 0xE0, 0xB9, 0x90, 0x85, 0x25, 0x0E, 0x31, 0xDF, 0xE6, 0x22, 0x02, 0x05, 0x7F,
    0xDA, 0x04, 0xED, 0x37, 0xC1, 0x12, 0x10, 0x10, 0x80, 0xFF, 0x4E, 0xED, 0x82, 0x00, 0x07, 0xCB,
    0x53, 0xB5, 0x57, 0x8A, 0xD5, 0x92, 0xFF, 0xDD, 0xBC, 0x64, 0xBD, 0x8D, 0xA6, 0xFA, 0x18, 0x00,
    0x14, 0x8C, 0x8B, 0xD5, 0x52, 0x0E, 0xBE, 0x9B, 0xA9, 0xE2, 0x21, 0x8A, 0xE7, 0xAF, 0xE0, 0xEE,
    0xC5, 0xDE, 0xC3, 0x4C, 0xA7, 0x40, 0x23, 0xB0, 0x0E, 0xEE, 0x10, 0x96, 0x00, 0x2F, 0xE3, 0x92,
    0x43, 0x4B, 0x24, 0xCB, 0xE0, 0x47, 0xD4, 0x5A, 0x68, 0x31, 0x8B, 0x2D, 0x54, 0x1C, 0x61, 0x23,
    0x61, 0xF0, 0x74, 0x04, 0x93, 0x17, 0xE8, 0xF1, 0x36, 0x47, 0x36, 0x92, 0xC1, 0xDF, 0x81, 0x70,
    0x58, 0xE9, 0xF1, 0xFA, 0xDA, 0x2D, 0x99, 0xEC, 0x38, 0x55, 0xBB, 0x41, 0xBE, 0x97, 0x26, 0xE3,
    0x80, 0x1A, 0x49, 0x1A, 0xB5, 0xFA, 0x91, 0xA4, 0x79, 0x26, 0x71, 0x4D, 0x6A, 0xFB, 0x1D, 0xDC,
    0xAA, 0x1E, 0x2A, 0x9E, 0x67, 0x40, 0x53, 0x49, 0xC2, 0x12, 0x1F, 0x60, 0x9D, 0x57, 0x52, 0xC3,
    0x28, 0x96, 0xC1, 0x10, 0x2D, 0x7F, 0x48, 0x8D, 0x31, 0xC6, 0xDD, 0x35, 0xD9, 0xB1, 0xBA, 0x8F,
    0x91, 0x77, 0x9F, 0x24, 0xDA, 0xB9, 0x80, 0xB9, 0x04, 0x7C, 0x4A, 0xB8, 0x18, 0xDD, 0xD4, 0x3C,
    0xBD, 0xE1, 0x41, 0x1B, 0xA3, 0xDF, 0xA6, 0xE0, 0x3E, 0xF5, 0x91, 0x1B, 0xE9, 0x1D, 0x66, 0x29,
    0x06, 0x49, 0x1A, 0xAD, 0x57, 0x3E, 0xAC, 0xA9, 0xB2, 0x59, 0xEB, 0x00, 0x33, 0x0F, 0xE0, 0x7A,
    0x34, 0x48, 0x6E, 0x56, 0x5C, 0x00, 0x34, 0x83, 0xEB, 0x3B, 0x64, 0x07, 0x78, 0x2E, 0xB4, 0x29,
    0x9A, 0xFC, 0x05, 0xB4, 0x83, 0x96, 0xEC, 0x09, 0x2D, 0x41, 0xC2, 0x52, 0xCF, 0xAE, 0x74, 0xE9,
    0xCA, 0x00, 0x1D, 0xEB, 0xB8, 0x13, 0xBE, 0xD4, 0xCE, 0x77, 0xB5, 0xEF, 0x75, 0xE7, 0xF5, 0xB5,
    0x7F, 0xEE, 0xC7, 0x3A, 0x55, 0x7B, 0xB5, 0x52, 0x2E, 0xB5, 0x1E, 0xFD, 0x93, 0xA8, 0x14, 0x2B,
    0x45, 0xB5, 0x1E, 0xFC, 0x93, 0x56, 0xDD, 0x79, 0x3D, 0xEE, 0x66, 0x5C, 0xDF, 0xC9, 0x7E, 0x0A,
    0xB4, 0xE5, 0xA7, 0x63, 0x83, 0x03, 0xBC, 0x8C, 0xDD, 0x4B, 0x4B, 0xFE, 0x11, 0xD9, 0xE7, 0x59,
    0xD6, 0x3B, 0xB9, 0x9A, 0x77, 0x58, 0xE9, 0x6E, 0x5F, 0xE5, 0xB5, 0x99, 0xE5, 0x66, 0xCE, 0x66,
    0xF1, 0xB0, 0x2D, 0x0D, 0x41, 0xC0, 0xFC, 0xC1, 0xF7, 0xCF, 0xC2, 0x10, 0xF8, 0x18, 0xD0, 0xB2,
    0x25, 0x1D, 0x4B, 0x13, 0x26, 0x4F, 0x90, 0x03, 0x6A, 0x80, 0x02, 0xEC, 0x1E, 0xB2, 0x7F, 0x04,
    0x81, 0xDF, 0x03, 0x82, 0x46, 0x87, 0x4E, 0x60, 0xBA, 0x2F, 0xB2, 0x2D, 0xC7, 0x10, 0x8F, 0x61,
    0x39, 0x43, 0xDB, 0x7D, 0x5D, 0xEF, 0xB8, 0x68, 0x22, 0x44, 0x17, 0xEA, 0x9E, 0x6D, 0xF0, 0x95,
    0x4A, 0xBA, 0x6A, 0x59, 0xCD, 0xB5, 0xDF, 0x38, 0xD7, 0x57, 0x79, 0x34, 0xDF, 0xEE, 0x00, 0x01,
    0x73, 0x74, 0xC0, 0x3A, 0xE0, 0x0E, 0x84, 0x03, 0xF0, 0xFA, 0x2D, 0x39, 0x16, 0xAC, 0xBF, 0xDB,
    0xA1, 0xB9, 0x18, 0x38, 0x80, 0xE5, 0x3F, 0x05, 0xB6, 0xA8, 0xD9, 0x19, 0x60, 0x53, 0xCD, 0x0E,
    0xBF, 0xF8, 0x5E, 0xCD, 0xF6, 0x79, 0x7A, 0x01, 0x7B, 0x0F, 0x30, 0xD3, 0x3F, 0xDE, 0x93, 0xA9,
    0x74, 0xE7, 0xBE, 0x74, 0x00, 0x0C, 0xC0, 0xDE, 0x12, 0x1C, 0x01, 0xF0, 0xBB, 0xE4, 0x5D, 0x45,
    0xF0, 0x47, 0x5C, 0xE6, 0x98, 0x8B, 0x43, 0x81, 0x8F, 0x11, 0xB4, 0x6C, 0x9D, 0x8E, 0x5D, 0x4C,
    0x58, 0x7F, 0x22, 0xE5, 0x66, 0x3F, 0x70, 0x00, 0xA0, 0x49, 0x8C, 0x2E, 0x53, 0x93, 0xE3, 0xB5,
    0xE1, 0x0A, 0x3C, 0x3B, 0x8E, 0x68, 0x88, 0x40, 0x74, 0xF4, 0x11, 0x3D, 0x69, 0x03, 0xBC, 0x73,
    0x44, 0xBB, 0xD7, 0x63, 0x08, 0x96, 0x33, 0xCA, 0x19, 0x0C, 0x06, 0xC9, 0xC5, 0xCC, 0xDF, 0x6A,
    0xD4, 0x65, 0x78, 0x2E, 0x9A, 0x5A, 0xD8, 0x3D, 0xE3, 0x79, 0xC0, 0xB0, 0xD7, 0xC2, 0x5F, 0x0E,
    0xBB, 0xA7, 0xA0, 0xBF, 0xBA, 0xCC, 0x85, 0x32, 0x27, 0xAA, 0x04, 0xB4, 0xB9, 0x25, 0x96, 0xBB,
    0xE0, 0xE0, 0xEC, 0x42, 0x40, 0xAC, 0x41, 0x68, 0x0B, 0x76, 0x0F, 0x49, 0xC7, 0x93, 0xA0, 0x41,
    0x1B, 0x1D, 0x6C, 0x24, 0x8F, 0xE1, 0x33, 0x38, 0xBE, 0xCD, 0x20, 0x62, 0x4E, 0xA1, 0xC7, 0x34,
    0xDD, 0xAF, 0x54, 0xD9, 0xDE, 0x92, 0x7D, 0x87, 0xAE, 0xE5, 0xFB, 0x0E, 0xBD, 0xE4, 0xC3, 0x2F,
    0x7F, 0xEC, 0xD0, 0x96, 0x98, 0x76, 0xC1, 0xC1, 0xEF, 0x21, 0x4F, 0x22, 0xFF, 0x5A, 0x15, 0x1C,
    0xD7, 0xF4, 0x20, 0xEA, 0xCD, 0x15, 0xB4, 0x0C, 0x02, 0x7D, 0x36, 0x13, 0x6A, 0xC9, 0xB8, 0x26,
    0xED, 0x2D, 0x8F, 0x54, 0xE1, 0xF5, 0x18, 0x56, 0x55, 0x38, 0x85, 0x61, 0xAA, 0x42, 0xFD, 0xEF,
    0x7B, 0x55, 0x58, 0x9E, 0x91, 0xD7, 0x03, 0x55, 0x78, 0x2D, 0xFC, 0x45, 0x15, 0xCE, 0x41, 0x7F,
    0x69, 0x99, 0x0B, 0xC7, 0x4E, 0x54, 0xB9, 0xDC, 0x48, 0xF6, 0x2D, 0x01, 0x10, 0x48, 0x98, 0x84,
    0x67, 0xD0, 0x88, 0xBB, 0x09, 0xB7, 0xC4, 0x1D, 0xBC, 0x81, 0x07, 0x98, 0x76, 0xB7, 0x22, 0xA6,
    0xCF, 0xE5, 0xBF, 0x5E, 0xDF, 0x41, 0x9B, 0x9B, 0xFC, 0x71, 0xB3, 0xB0, 0x6C, 0x58, 0x06, 0xA8,
    0x83, 0x04, 0xD7, 0x84, 0xF6, 0xE1, 0x6C, 0x3E, 0x39, 0x26, 0xF0, 0x84, 0x01, 0xF4, 0x67, 0xD7,
    0xCA, 0xCC, 0x3F, 0xB5, 0xC6, 0x65, 0xDD, 0x79, 0x7F, 0xAB, 0x56, 0xAD, 0xDC, 0x86, 0x55, 0x72,
    0xDA, 0xB1, 0xC8, 0x95, 0xB0, 0x0B, 0x85, 0xE2, 0xA2, 0x97, 0x3B, 0x35, 0xCC, 0x04, 0xCF, 0xC6,
    0xBF, 0xAC, 0xFD, 0xDC, 0x3D, 0xF8, 0x1F, 0x9D, 0x96, 0x41, 0xCA, 0xF3, 0xBC, 0x0E, 0x85, 0x0F,
    0x68, 0x2A, 0xD0, 0x56, 0x04, 0x9E, 0x1A, 0xBC, 0x75, 0x81, 0xA7, 0x86, 0x6E, 0x45, 0x90, 0xA9,
    0xC1, 0x57, 0x0E, 0xE6, 0xBA, 0xA1, 0x4D, 0xDF, 0x2F, 0xFF, 0xA3, 0x48, 0x47, 0xB6, 0x7B, 0x92,
    0xB4, 0x84, 0x3A, 0x78, 0xA3, 0x05, 0x21, 0x54, 0xBB, 0x2A, 0x58, 0x93, 0x69, 0x52, 0x58, 0x4A,
    0x15, 0xD9, 0xA9, 0xC7, 0x78, 0x2E, 0x32, 0x6A, 0x6D, 0x30, 0xCA, 0x5A, 0x2B, 0xAB, 0x11, 0x0B,
    0xCD, 0xF9, 0x14, 0xFC, 0xED, 0x9F, 0x28, 0x19, 0x14, 0xE0, 0x50, 0x0E, 0x25, 0xFB, 0xF0, 0x1B,
    0x4E, 0xC8, 0x0B, 0xB3, 0xEA, 0xAB, 0x84, 0x36, 0x4D, 0x2C, 0x43, 0x1B, 0xEF, 0xF5, 0xAD, 0x77,
    0xFE, 0xC1, 0xCC, 0xDA, 0xA4, 0x84, 0xB6, 0xC4, 0x2C, 0xFE, 0xFA, 0xED, 0x1F, 0x7D, 0xC5, 0xF8,
    0xC8, 0xC0, 0xBE, 0x0A, 0x4E, 0x48, 0xBF, 0x07, 0x7E, 0x30, 0xC6, 0xCC, 0xEC, 0xE6, 0xEE, 0x39,
    0x67, 0xCE, 0xAB, 0x06, 0x36, 0xDB, 0x10, 0xF3, 0x93, 0x7C, 0xC2, 0x9C, 0xF3, 0xA5, 0x5F, 0x98,
    0xCD, 0x59, 0x08, 0xF6, 0x91, 0x31, 0x4E, 0xA2, 0x81, 0xEF, 0x83, 0x6C, 0x1F, 0xD7, 0x8F, 0xEF,
    0x63, 0x96, 0x6B, 0x3A, 0x68, 0x8C, 0x3E, 0x73, 0xF6, 0x20, 0xBB, 0xA6, 0xE0, 0x9A, 0x19, 0xF3,
    0xE2, 0x33, 0x97, 0xFD, 0x9A, 0x62, 0xC5, 0x86, 0x0D, 0x74, 0xBC, 0xC3, 0x10, 0x88, 0x89, 0x47,
    0x82, 0xF1, 0x9B, 0xF5, 0xC0, 0xDC, 0x22, 0x59, 0xF2, 0x54, 0x9F, 0xB1, 0xCB, 0x5F, 0x27, 0xBA,
    0x3C, 0x3C, 0x1C, 0xCA, 0x6F, 0x2A, 0x4E, 0x36, 0xE5, 0x75, 0x1C, 0xCE, 0xC4, 0x22, 0xC7, 0x61,
    0x8D, 0x50, 0xE4, 0xF8, 0xFE, 0xF0, 0x89, 0x91, 0xB1, 0x4E, 0xDD, 0xE7, 0x79, 0xE2, 0x0F, 0x75,
    0xA9, 0x5D, 0x39, 0x2D, 0xAD, 0x34, 0x5A, 0xEA, 0xCF, 0x1E, 0x7E, 0xEA, 0xDA, 0xE8, 0xD4, 0xC4,
    0x44, 0xFE, 0x3A, 0x9E, 0xF9, 0xE7, 0x75, 0x5B, 0x0A, 0x7F, 0x5A, 0xF7, 0x51, 0xF1, 0xC4, 0xEF,
    0x62, 0x1E, 0x3E, 0x09, 0x1F, 0x2B, 0x57, 0x19, 0x4D, 0xFD, 0xD9, 0xFD, 0xC3, 0xB5, 0x91, 0x0C,
    0x26, 0x4E, 0x4C, 0xE2, 0x2F, 0xFF, 0xE9, 0xC7, 0x5F, 0x14, 0x70, 0xD4, 0x61, 0x19, 0xA0, 0x6A,
    0x0E, 0x48, 0x48, 0x54, 0x11, 0x44, 0xED, 0x39, 0x2A, 0xB9, 0x62, 0xE2, 0xFB, 0x0A, 0x82, 0x49,
    0xC6, 0xC4, 0x0B, 0x0A, 0x60, 0x23, 0x82, 0x6A, 0x60, 0x22, 0xF4, 0x22, 0xCB, 0x12, 0xC0, 0xA5,
    0x4B, 0x87, 0x91, 0x93, 0x63, 0x01, 0x45, 0x8B, 0x50, 0x17, 0x38, 0xB8, 0xA5, 0x80, 0x1B, 0xDE,
    0x71, 0x32, 0x02, 0xE3, 0x0E, 0x91, 0x9C, 0x55, 0xCD, 0x6E, 0xD7, 0x47, 0xE9, 0x49, 0xDB, 0xFD,
    0x3A, 0xC8, 0x60, 0x50, 0xDC, 0xE0, 0x9E, 0x33, 0x33, 0x11, 0x6E, 0x18, 0x5E, 0x3A, 0x37, 0x4A,
    0xF8, 0x67, 0x08, 0x6C, 0xAA, 0x70, 0x32, 0x41, 0x86, 0x47, 0x0A, 0xC8, 0xCE, 0x6A, 0x7B, 0x76,
    0xA3, 0x95, 0x99, 0x54, 0x2B, 0x29, 0xB3, 0x56, 0x5C, 0x01, 0xEB, 0x7B, 0x00, 0x67, 0x7D, 0x43,
    0x5C, 0x9B, 0x36, 0x34, 0x38, 0x2C, 0x02, 0xAB, 0xA2, 0x74, 0xFC, 0x67, 0x94, 0xC5, 0xC5, 0x95,
    0xF1, 0x14, 0x86, 0xC2, 0xD6, 0xF7, 0x7F, 0xC7, 0xC8, 0x61, 0x00, 0x73, 0x29, 0xCC, 0xF8, 0xCA,
    0xBC, 0x22, 0xAE, 0xF8, 0xCC, 0xFD, 0x0F, 0x9B, 0x67, 0xEE, 0xA9, 0x9B, 0x69, 0xC1, 0x9E, 0xF6,
    0x95, 0x8B, 0x0E, 0x5B, 0xB1, 0xBB, 0xD9, 0x2F, 0x0A, 0x68, 0xC5, 0xEE, 0xA2, 0xDF, 0xF6, 0x4E,
    0x01, 0xB3, 0xBB, 0x9D, 0x20, 0x38, 0xEB, 0xA2, 0x30, 0x1A, 0x1A, 0x71, 0x66, 0x3D, 0x03, 0xC1,
    0x59, 0x17, 0xC9, 0xCF, 0x79, 0x4D, 0x96, 0x30, 0x63, 0x32, 0xEB, 0x95, 0xD2, 0xC1, 0x2B, 0xF4,
    0xFF, 0xB1, 0x18, 0x9E, 0xFA, 0x19, 0x9E, 0xB0, 0x63, 0x43, 0x5D, 0xDA, 0x0C, 0xEA, 0xF8, 0x4A,
    0xB1, 0xE4, 0x33, 0x8A, 0xE1, 0x17, 0xA6, 0x95, 0x1B, 0x39, 0x37, 0xAD, 0xB0, 0xFB, 0x1D, 0x23,
    0x3A, 0x10, 0xF6, 0x27, 0xC4, 0xD7, 0xB7, 0x0E, 0x66, 0x27, 0x7E, 0x77, 0xCE, 0xBB, 0x6B, 0x64,
    0xCE, 0x0C, 0x85, 0xE1, 0x3C, 0x73, 0xB4, 0x59, 0x33, 0xBE, 0x52, 0xC8, 0x3A, 0xFE, 0x89, 0xF7,
    0xE7, 0xB8, 0x72, 0x52, 0xB1, 0xD1, 0xC5, 0x92, 0x56, 0xC6, 0x77, 0x32, 0xF2, 0x2A, 0x4B, 0x3E,
    0x91, 0x20, 0x07, 0x1A, 0x58, 0x80, 0x7B, 0x6E, 0x76, 0xDC, 0x1C, 0xAC, 0xFE, 0xC2, 0x65, 0x65,
    0xF5, 0x57, 0xEF, 0xFD, 0x78, 0x8F, 0xB6, 0xEF, 0xF3, 0x0A, 0x49, 0x09, 0xC5, 0x29, 0xF4, 0xE6,
    0xDE, 0x3E, 0x74, 0x43, 0x37, 0xF5, 0x2F, 0xAE, 0xFB, 0xDA, 0xD6, 0xC6, 0x30, 0x66, 0xD4, 0x58,
    0x35, 0xC9, 0x56, 0x1B, 0x97, 0xDF, 0xFB, 0xA2, 0x47, 0x89, 0xA3, 0xC2, 0x8C, 0x60, 0xB5, 0x12,
    0x94, 0x08, 0x69, 0x6A, 0x39, 0xA6, 0xAE, 0x31, 0xCC, 0x32, 0xAC, 0xDE, 0xEC, 0xAB, 0x57, 0x55,
    0xDE, 0x2F, 0xE1, 0x53, 0x95, 0x7F, 0xEF, 0xCB, 0xBF, 0x75, 0x16, 0xB2, 0xD9, 0x84, 0xD6, 0x5F,
    0x7E, 0x0A, 0xA5, 0xA5, 0xA3, 0x5F, 0xC7, 0xF4, 0xB9, 0xAF, 0x97, 0x31, 0x7A, 0x26, 0xEF, 0xE5,
    0x78, 0xE5, 0x4C, 0x91, 0x63, 0xAA, 0xF7, 0x39, 0x7F, 0xA6, 0xD8, 0x9C, 0xEB, 0x79, 0xEA, 0x31,
    0xF2, 0x1C, 0xCF, 0xF9, 0x6F, 0xBF, 0x7F, 0x93, 0xEA, 0xCC, 0x5A, 0x9B, 0x98, 0x31, 0x5B, 0x7D,
    0xB5, 0xF4, 0xE8, 0xBD, 0xE4, 0x55, 0xC9, 0x39, 0xA1, 0xBE, 0x2A, 0x8C, 0x2B, 0x6A, 0x4B, 0xC7,
    0x43, 0xFF, 0xE1, 0xCC, 0xD3, 0x6F, 0xC6, 0x98, 0xF7, 0x51, 0xFD, 0xE1, 0x7B, 0x99, 0x6B, 0xD3,
    0x3A, 0x58, 0x4D, 0x59, 0xAB, 0x3F, 0xF1, 0x17, 0xBF, 0xFE, 0xCE, 0x73, 0x3C, 0x87, 0xBD, 0xD4,
    0x06, 0x03, 0x79, 0x21, 0x63, 0x98, 0xF8, 0xB8, 0x7F, 0xAF, 0x55, 0x3D, 0x7D, 0xA7, 0xAA, 0x3E,
    0xF4, 0xF7, 0xD0, 0xD9, 0xD9, 0xD4, 0x35, 0x0E, 0xA9, 0x23, 0x7B, 0x82, 0x95, 0xA3, 0x97, 0x50,
    0xD2, 0x84, 0xF1, 0xD5, 0x4F, 0x4E, 0xC6, 0x7C, 0xFA, 0x4E, 0x65, 0x7E, 0xE4, 0x67, 0x2E, 0xF4,
    0x62, 0x33, 0x6E, 0xA3, 0xB6, 0x1C, 0xCA, 0x56, 0x4F, 0xBF, 0x97, 0xDA, 0xD8, 0xCE, 0xF5, 0xB6,
    0xEE, 0xFF, 0xB7, 0xDF, 0x96, 0xBF, 0xD0, 0x5F, 0xFE, 0xFF, 0x01, 0xD5, 0x93, 0x81, 0xA6, 0x03,
    0x41, 0x0C, 0x45, 0x2F, 0x03, 0x10, 0xF2, 0x2B, 0x97, 0x02, 0x84, 0xFC, 0x7A, 0xE8, 0x07, 0xF4,
    0x57, 0x42, 0x01, 0x86, 0x7D, 0x33, 0x52, 0x45, 0x77, 0x66, 0x79, 0xC5, 0xE3, 0x9D, 0x6B, 0x92,
    0x9A, 0xDB, 0xB0, 0x9B, 0x64, 0x31, 0x41, 0x0B, 0x21, 0x65, 0x4A, 0xD8, 0x02, 0x27, 0x1A, 0x00,
    0x1D, 0x71, 0xCA, 0x13, 0x1F, 0xF8, 0x71, 0x74, 0x6B, 0xD9, 0xFD, 0xF9, 0x30, 0x6B, 0xE3, 0x1C,
    0x33, 0x67, 0x9F, 0xF7, 0xE5, 0x85, 0xF9, 0xF3, 0x30, 0x7F, 0x8C, 0xEC, 0x8F, 0xEE, 0x1E, 0x36,
    0xEF, 0x7F, 0x51, 0xDF, 0xAB, 0x3E, 0xCD, 0x7D, 0x64, 0x8F, 0xFE, 0xAE, 0x2F, 0xB2, 0x51, 0x48,
    0x7A, 0x07, 0x87, 0x4E, 0x78, 0x12, 0x84, 0x07, 0x08, 0xFA, 0xEA, 0xFD, 0x42, 0x30, 0x7D, 0x0E,
    0x34, 0x56, 0xF5, 0x20, 0x02, 0x51, 0x1D, 0x38, 0xA3, 0xAF, 0xCA, 0x8A, 0x5B, 0x3F, 0x41, 0x84,
    0x62, 0x45, 0x75, 0x76, 0xC6, 0x3D, 0x9E, 0xB8, 0x76, 0x77, 0xFF, 0x61, 0x3D, 0x79, 0x09, 0xF1,
    0xD9, 0x21, 0xA9, 0xDB, 0x97, 0x1A, 0x04, 0x2B, 0x6E, 0x61, 0x2C, 0xB0, 0x66, 0xB9, 0x49, 0xEA,
    0x5D, 0xCC, 0xC8, 0x4C, 0xCD, 0x91, 0x0D, 0x86, 0xD4, 0x18, 0x01, 0x47, 0x1E, 0xD9, 0xBA, 0x2A,
    0x14, 0xD6, 0x12, 0x06, 0x4B, 0xCB, 0xF4, 0x40, 0xF1, 0x5F, 0x67, 0xFB, 0xD7, 0xD3, 0xFD, 0x7E,
    0xB6, 0x51, 0x3A, 0xFD, 0x5E, 0xA0, 0x01, 0x6A, 0x72, 0x9C, 0x9D, 0x4F, 0x7A, 0x12, 0x57, 0xFE,
    0xBA, 0x7F, 0x05, 0x29, 0xD1, 0x20, 0x41, 0x62, 0x89, 0x07, 0xE8, 0xB9, 0xAE, 0x27, 0x78, 0xB9,
    0x9B, 0x32, 0x45, 0x09, 0x85, 0x84, 0x2C, 0x7C, 0x45, 0x7B, 0x6B, 0x37, 0x03, 0x37, 0xDE, 0x4B,
    0xF8, 0xE2, 0xDB, 0x28, 0xDF, 0x78, 0x0B, 0x82, 0x58, 0xA1, 0x49, 0x68, 0x80, 0x1E, 0xFB, 0xDD,
    0x99, 0x42, 0x62, 0x4B, 0xC8, 0x5D, 0x6E, 0x94, 0x00, 0x2E, 0x7B, 0x8C, 0x1D, 0x9A, 0x88, 0x36,
    0xE2, 0x0F, 0xA5, 0x92, 0xC1, 0x8A, 0x04, 0x39, 0x08, 0x86, 0x7F, 0xF0, 0x1A, 0xF0, 0x55, 0x84,
    0x5C, 0x85, 0xBC, 0xBA, 0x30, 0xD7, 0x82, 0x79, 0x15, 0xA1, 0xAF, 0x82, 0x6B, 0xCA, 0xAA, 0xD9,
    0xA2, 0x67, 0x2F, 0x3D, 0xFB, 0xFF, 0xF8, 0x25, 0x31, 0x1D, 0x53, 0xC4, 0xC6, 0x25, 0x76, 0x81,
    0x60, 0xC6, 0xC4, 0x04, 0x3B, 0xA1, 0x1C, 0x78, 0xEA, 0xE0, 0x90, 0x63, 0xCA, 0x14, 0x35, 0xB5,
    0x35, 0xA6, 0x13, 0x9E, 0x22, 0x1F, 0x43, 0x86, 0x60, 0xEA, 0xB4, 0xB3, 0xC6, 0x20, 0xC7, 0x43,
    0x9C, 0x03, 0xDB, 0x1C, 0x9B, 0xE9, 0x9B, 0x4F, 0x21, 0xF6, 0x9D, 0x2B, 0x3A, 0x08, 0x1C, 0x4A,
    0x68, 0xE9, 0x86, 0x6F, 0x18, 0xE8, 0xCB, 0xD3, 0x28, 0x33, 0x9D, 0x7C, 0x99, 0xB3, 0x2D, 0x38,
    0x43, 0x7F, 0x10, 0xF0, 0x1A, 0xC9, 0x1A, 0xB4, 0xC1, 0x05, 0x67, 0x63, 0x34, 0x56, 0x01, 0xF2,
    0x53, 0x32, 0x00, 0x7F, 0x20, 0x0B, 0xF4, 0x0D, 0xB2, 0xC6, 0x97, 0x15, 0x32, 0xD3, 0x78, 0x65,
    0x62, 0x97, 0x00, 0xD7, 0xB2, 0xA1, 0x50, 0xBD, 0xC1, 0x17, 0x1C, 0xE4, 0x0F, 0xDC, 0x52, 0x9B,
    0x36, 0x73, 0xBA, 0xBA, 0x1C, 0xF2, 0x75, 0x3A, 0xF0, 0xD0, 0x82, 0x98, 0x7C, 0x8B, 0x2F, 0x99,
    0x32, 0xC7, 0xBF, 0xFB, 0xBE, 0xAB, 0x5E, 0x08, 0x68, 0x83, 0x02, 0xDE, 0x60, 0x25, 0x73, 0xCE,
    0x34, 0x5F, 0x1B, 0xAA, 0x0C, 0xCF, 0xCC, 0x8D, 0xC0, 0xCB, 0xB5, 0x60, 0xEA, 0x8D, 0x05, 0xB6,
    0x86, 0x82, 0xD1, 0x78, 0x2A, 0x87, 0x1D, 0x3F, 0x1A, 0xDF, 0xCF, 0xE6, 0x0D, 0x24, 0x06, 0x1F,
    0xA2, 0x32, 0x2E, 0x2B, 0x1F, 0xC0, 0x0A, 0x80, 0xD3, 0x80, 0x4C, 0x07, 0x05, 0xA2, 0x8B, 0x2B,
    0xA0, 0x88, 0xFB, 0x81, 0x57, 0xC6, 0x05, 0x32, 0xF4, 0x4F, 0x1B, 0x0C, 0x9C, 0x20, 0x63, 0x03,
    0x1B, 0x19, 0x16, 0x28, 0x28, 0xEE, 0xED, 0x3C, 0x0B, 0xB0, 0x15, 0xD6, 0xDD, 0x1E, 0x72, 0x90,
    0x2D, 0x14, 0xA2, 0xF0, 0xE5, 0x85, 0x6F, 0x03, 0xB2, 0x64, 0x27, 0x78, 0xE7, 0x18, 0x05, 0x45,
    0x6C, 0xAC, 0x0D, 0x3E, 0x61, 0x77, 0x5F, 0x70, 0x22, 0x70, 0x6B, 0x25, 0xAC, 0x1C, 0xDC, 0xD1,
    0x7E, 0x6F, 0x4E, 0x3B, 0xE4, 0x55, 0x8E, 0x25, 0xD8, 0xBE, 0xC4, 0x26, 0xA7, 0x86, 0x91, 0x4D,
    0x51, 0xD1, 0x21, 0x03, 0xD2, 0x35, 0x96, 0xCB, 0xC8, 0xEC, 0xA8, 0x39, 0x6E, 0xDF, 0xA2, 0x32,
    0xFB, 0x1C, 0x65, 0x94, 0xF5, 0x9C, 0x29, 0x1F, 0x3B, 0x7F, 0x8B, 0x6C, 0x3F, 0xF9, 0x5D, 0xA5,
    0x8D, 0x87, 0xD8, 0x6B, 0x5D, 0xCE, 0x64, 0x64, 0x0A, 0x64, 0xB0, 0xFF, 0x67, 0xFD, 0x76, 0xCD,
    0xD9, 0x9F, 0xF5, 0x87, 0x6D, 0xAF, 0x28, 0xB6, 0xBF, 0x86, 0xBE, 0xD7, 0x97, 0x31, 0x40, 0x06,
    0x99, 0xE3, 0x28, 0xA5, 0x1F, 0x76, 0x18, 0x1E, 0xCA, 0xD8, 0x41, 0xB8, 0xFD, 0x4B, 0x99, 0xD7,
    0x3F, 0x40, 0x7A, 0xBE, 0x47, 0x18, 0x70, 0x4F, 0x07, 0xD0, 0xC7, 0xEC, 0x4A, 0xDC, 0x1A, 0xDB,
    0xC6, 0x50, 0x1C, 0x9B, 0xE3, 0x18, 0x43, 0xD8, 0xF0, 0x90, 0xE0, 0x40, 0x7A, 0xA5, 0xC7, 0x94,
    0x30, 0x81, 0xBC, 0xED, 0x3F, 0x5E, 0xC2, 0xA6, 0xB4, 0xF1, 0x10, 0xFB, 0x38, 0xB5, 0x7C, 0x60,
    0xC7, 0xF6, 0xAD, 0x61, 0xCB, 0x8F, 0x53, 0x86, 0xB6, 0x60, 0x20, 0xE3, 0xF9, 0x76, 0xE9, 0xDD,
    0x93, 0x55, 0x63, 0x3B, 0x7D, 0xE7, 0x9F, 0xEF, 0x57, 0x46, 0x79, 0x74, 0x6F, 0x56, 0xBC, 0x7D,
    0x99, 0x9C, 0x5E, 0xE4, 0x6B, 0x11, 0x82, 0xE1, 0x78, 0x13, 0x09, 0x6C, 0xCA, 0xC0, 0x0B, 0xBF,
    0x95, 0x10, 0x13, 0xC9, 0x10, 0xB9, 0x68, 0x89, 0x5F, 0xFD, 0xC3, 0x76, 0x86, 0x80, 0x01, 0xCF,
    0xC0, 0xA5, 0x95, 0x19, 0x4A, 0x1E, 0xEB, 0xF5, 0xAD, 0x4A, 0x15, 0x59, 0xB1, 0xD7, 0x99, 0x1D,
    0x64, 0x3B, 0x17, 0x9A, 0x7B, 0x4C, 0xDD, 0xEB, 0x95, 0x9F, 0x9C, 0xF7, 0xB8, 0xCE, 0xEF, 0x51,
    0x57, 0xEF, 0x7D, 0x78, 0x7F, 0x56, 0x44, 0x68, 0xBE, 0x6A, 0x5D, 0xF1, 0xF9, 0xFD, 0x95, 0xF7,
    0xFB, 0xFE, 0xBF, 0x9E, 0xAF, 0xC8, 0x3F, 0x7E, 0xFF, 0xCE, 0xF7, 0xB8, 0xA8, 0xE2, 0xB3, 0xF3,
    0xD7, 0xFD, 0x3D, 0xD6, 0xFA, 0xD3, 0xEF, 0xEF, 0xFE, 0x75, 0xEC, 0xF5, 0x1F, 0xEF, 0xEF, 0xF8,
    0xFC, 0x7E, 0xD3, 0x47, 0xFF, 0xCF, 0xF5, 0xFF, 0x3B, 0x5F, 0x71, 0x9D, 0xFF, 0x07, 0x95, 0x96,
    0x41, 0x8A, 0x63, 0x3D, 0x0C, 0x84, 0x0B, 0xB4, 0x2D, 0x78, 0x57, 0x29, 0xF0, 0xD6, 0xE0, 0xAB,
    0x0B, 0xB2, 0x35, 0xCC, 0x55, 0x0C, 0xB3, 0x35, 0xE8, 0x8F, 0xE9, 0xA6, 0xFF, 0x88, 0x28, 0xE9,
    0xC9, 0x57, 0x18, 0xC7, 0x11, 0x92, 0x5F, 0x64, 0x59, 0x79, 0x48, 0x18, 0x88, 0x11, 0x84, 0x21,
    0xE1, 0xB6, 0x38, 0xE1, 0xA5, 0x32, 0x0E, 0xC5, 0x86, 0x1E, 0xBE, 0xF7, 0x4A, 0x9C, 0xB6, 0xE0,
    0x78, 0x82, 0x12, 0x23, 0x44, 0xAA, 0xDE, 0xFF, 0x9D, 0xFF, 0xF0, 0x8E, 0x06, 0x39, 0x04, 0xA2,
    0xC0, 0x36, 0x3A, 0xA6, 0x91, 0x10, 0x2A, 0x04, 0xC2, 0x88, 0x89, 0x6E, 0x1B, 0x35, 0x84, 0xE4,
    0x0D, 0x1D, 0xC3, 0xCB, 0x00, 0x32, 0x51, 0x23, 0x28, 0x13, 0x8E, 0x12, 0x3C, 0x72, 0x2A, 0x36,
    0x45, 0x3F, 0xAB, 0x77, 0x5C, 0x7E, 0x1F, 0xB0, 0x45, 0x27, 0x21, 0xD9, 0xF9, 0xE2, 0x33, 0x6C,
    0x5D, 0x8E, 0x25, 0x99, 0x9C, 0x3C, 0x4B, 0xFC, 0x0E, 0x25, 0x8F, 0x90, 0xD7, 0xF9, 0x2F, 0xAB,
    0x20, 0x41, 0x19, 0x23, 0x8C, 0x0F, 0xFE, 0x2F, 0xCE, 0xBE, 0xAE, 0x00, 0x33, 0x72, 0x2C, 0xD2,
    0x0C, 0x25, 0xEE, 0xD2, 0xB5, 0x25, 0x77, 0x94, 0x18, 0xC9, 0xB1, 0x49, 0xE3, 0xEF, 0xF5, 0x7B,
    0x6D, 0x3C, 0x21, 0x97, 0xC6, 0x96, 0x94, 0xE2, 0x5F, 0xBB, 0xFE, 0x0D, 0x39, 0x7E, 0xB6, 0x96,
    0xF1, 0x69, 0x46, 0x1B, 0x9B, 0xB0, 0x97, 0xE5, 0x25, 0x5E, 0x81, 0x57, 0x25, 0x4A, 0x6B, 0x6C,
    0x63, 0x53, 0xA6, 0xDA, 0xBF, 0xA9, 0xF1, 0x0A, 0xA3, 0x09, 0x25, 0x54, 0x9B, 0x7B, 0x88, 0xAC,
    0xEC, 0x0E, 0xE7, 0xD2, 0x8C, 0xD0, 0xE4, 0x7A, 0x3C, 0x5B, 0x7D, 0xC9, 0x9B, 0x77, 0x57, 0xF5,
    0xFB, 0x73, 0xFF, 0xF0, 0x9F, 0xFA, 0x3F, 0xCA, 0x38, 0x64, 0x3F, 0xF5, 0x7F, 0x04, 0x3D, 0xCA,
    0x44, 0x0D, 0x7F, 0xCC, 0x0F, 0xB3, 0x4E, 0xEC, 0xD4, 0x5F, 0x9E, 0x89, 0x05, 0x59, 0xC3, 0x86,
    0x00, 0x54, 0xF1, 0xD7, 0xAB, 0xFC, 0xDB, 0xA6, 0xCD, 0xDB, 0x30, 0xA2, 0x66, 0xB8, 0xEB, 0xD6,
    0x7C, 0x43, 0x4F, 0x96, 0xFD, 0xBE, 0xFF, 0x34, 0x74, 0x8C, 0x7D, 0xEC, 0x77, 0x26, 0xFA, 0xD8,
    0xE8, 0x98, 0x78, 0x82, 0x5B, 0x4B, 0x53, 0x14, 0xAF, 0x85, 0x82, 0xA1, 0x8B, 0x8D, 0xC9, 0x5E,
    0xF4, 0x6F, 0xBC, 0xA3, 0xEC, 0xEF, 0x58, 0x78, 0xD7, 0xDF, 0xDD, 0x9C, 0xFE, 0x41, 0xFF, 0x7F,
    0xCB, 0xBF, 0xFC, 0x3F, 0x60, 0x62, 0xC1, 0x5F, 0xDB, 0xE9, 0x96, 0xF7, 0x76, 0x68, 0x7C, 0xC7,
    0x35, 0x10, 0xF9, 0x8E, 0x51, 0x43, 0x73, 0x51, 0xFF, 0xEB, 0x6A, 0xDC, 0x14, 0xBE, 0x49, 0x3E,
    0x29, 0x56, 0x65, 0x2F, 0xE3, 0xEF, 0xD9, 0xA8, 0x2C, 0xAA, 0x7C, 0xBE, 0x22, 0xFE, 0xB3, 0xE7,
    0x6C, 0x63, 0x53, 0xE5, 0xE9, 0x6E, 0x20, 0x7B, 0x3F, 0xED, 0x92, 0x9F, 0x2E, 0xDF, 0x6F, 0x1F,
    0xDB, 0xEF, 0x83, 0xF5, 0xD9, 0x39, 0xD7, 0xDD, 0x7E, 0x1B, 0x9B, 0xEB, 0xD9, 0x6E, 0x47, 0x1A,
    0xDB, 0xEC, 0x3E, 0x74, 0x56, 0xCF, 0x18, 0xAE, 0xAD, 0xFB, 0x30, 0x24, 0xDC, 0x74, 0x75, 0x53,
    0x52, 0xDD, 0xC3, 0x7C, 0x2C, 0x70, 0xAC, 0xBC, 0xF7, 0xB3, 0xE7, 0x89, 0x56, 0xBF, 0x3F, 0x8C,
    0xED, 0x96, 0x73, 0x57, 0xED, 0x5F, 0xF9, 0x0F, 0x6F, 0xE8, 0xDE, 0x84, 0x09, 0xD5, 0xDD, 0x01,
    0xD3, 0x3A, 0x67, 0x03, 0x51, 0x41, 0x34, 0x70, 0x5A, 0xC7, 0xB4, 0x8D, 0x0A, 0x61, 0x36, 0x75,
    0x6F, 0x18, 0x8E, 0x4C, 0xCA, 0x5E, 0x14, 0x19, 0x4C, 0xD9, 0x89, 0x94, 0xA1, 0x04, 0x21, 0x46,
    0x93, 0x13, 0x2F, 0x90, 0x38, 0xC3, 0x88, 0x97, 0xEF, 0x57, 0xD7, 0xFE, 0x1A, 0x59, 0xD9, 0xF2,
    0x4B, 0xFF, 0x1F, 0x6F, 0xDE, 0x1F, 0x01, 0x87, 0xA7, 0x4F, 0x19, 0x81, 0x3B, 0xFF, 0xFF, 0xF9,
    0x93, 0x5F, 0xDA, 0xBF, 0xE8, 0xB3, 0xD1, 0xD1, 0xF0, 0x82, 0x89, 0x1E, 0xB9, 0xF7, 0xE6, 0xFC,
    0xA3, 0x85, 0x5B, 0x8B, 0x0B, 0x96, 0x9F, 0x5F, 0xE4, 0x18, 0xA6, 0xA4, 0x55, 0xDC, 0xB0, 0x15,
    0xD3, 0x2D, 0x26, 0xD2, 0xD3, 0xD9, 0xCA, 0x9E, 0x63, 0x90, 0xA9, 0xFE, 0x72, 0xFC, 0xF5, 0xED,
    0xB1, 0xB2, 0xBD, 0x5F, 0xFC, 0xA1, 0x5F, 0xB2, 0x11, 0xA9, 0xBE, 0xF7, 0x5B, 0xFB, 0xE2, 0xEC,
    0x7F, 0x38, 0xBF, 0x74, 0x3E, 0xEB, 0x36, 0xE2, 0x21, 0xFA, 0x1C, 0x23, 0xEF, 0x40, 0x5E, 0xBB,
    0xB6, 0xE7, 0xF8, 0x09, 0xEF, 0x6B, 0x4C, 0xD9, 0x98, 0xBD, 0x38, 0x9D, 0x11, 0x42, 0x5B, 0xCD,
    0x9B, 0x44, 0x99, 0x50, 0xB4, 0x37, 0x93, 0xD1, 0xAC, 0xE1, 0xAF, 0xFD, 0x85, 0x8D, 0xF8, 0xE0,
    0xFE, 0xD6, 0x0C, 0x38, 0xDC, 0x15, 0x11, 0xFB, 0xCC, 0x18, 0xB5, 0x0F, 0xC5, 0x7D, 0xA5, 0xFE,
    0x3D, 0xD7, 0x10, 0x95, 0xEB, 0x32, 0x02, 0x2C, 0xE6, 0x04, 0x25, 0x45, 0x28, 0xFB, 0xE6, 0x9D,
    0x18, 0x41, 0x16, 0xF6, 0x8A, 0x1B, 0x61, 0x66, 0xB8, 0x22, 0xFC, 0xCC, 0x67, 0xFD, 0x09, 0x66,
    0x02, 0x4D, 0x18, 0x11, 0x71, 0xE6, 0xB3, 0xFE, 0x08, 0xBA, 0x83, 0xDF, 0xF9, 0xA3, 0xEB, 0xAC,
    0xF1, 0x01, 0xC6, 0x1B, 0x48, 0xF7, 0x11, 0xB1, 0xCE, 0x7C, 0xD6, 0xEF, 0x21, 0x3A, 0xFE, 0x44,
    0x07, 0xF1, 0x02, 0xA1, 0xC7, 0x5F, 0x74, 0x08, 0xFF, 0x82, 0x1B, 0xCC, 0xCD, 0x19, 0xA1, 0x33,
    0x9F, 0x75, 0x06, 0xF8, 0x0F, 0x9D, 0x9A, 0xC1, 0xCA, 0xEC, 0x2E, 0x0F, 0xC6, 0x1F, 0xC8, 0x36,
    0xE0, 0xAD, 0x04, 0xDC, 0x0A, 0xB9, 0xF5, 0x40, 0xB7, 0xC2, 0xB9, 0x15, 0xE1, 0xDD, 0x0A, 0xFD,
    0x74, 0x3A, 0x22, 0x4E, 0xB4, 0xFC, 0xF9, 0x9E, 0xBC, 0xD3, 0xB6, 0xFE, 0x4C, 0xA2, 0xB5, 0xA7,
    0x53, 0x9D, 0x83, 0xAF, 0x84, 0x84, 0x42, 0xE5, 0x26, 0x92, 0x6E, 0xB0, 0x66, 0x98, 0x22, 0x63,
    0x69, 0x86, 0xC7, 0xFA, 0x31, 0xAD, 0xBC, 0xF0, 0x07, 0x50, 0xE5, 0x0E, 0x9B, 0xC2, 0xC2, 0xB5,
    0x3E, 0x8E, 0x9F, 0xFD, 0x38, 0x1A, 0x12, 0x88, 0x56, 0x64, 0x64, 0x6A, 0xA5, 0xC4, 0x8F, 0xB4,
    0x0A, 0x04, 0xAB, 0xE8, 0x8F, 0x59, 0xA2, 0x5C, 0x91, 0x98, 0x63, 0x59, 0x90, 0xC1, 0x48, 0xBA,
    0x3D, 0xDE, 0x42, 0x7A, 0x2F, 0xF9, 0x6F, 0x21, 0x66, 0xDF, 0xBF, 0x55, 0xE1, 0x93, 0xF3, 0xC9,
    0x1C, 0x2A, 0x56, 0x09, 0xA4, 0x71, 0x13, 0xD3, 0x1A, 0x11, 0x1B, 0x67, 0x30, 0xF6, 0x31, 0xB4,
    0x7A, 0xFF, 0x2E, 0x2D, 0xF3, 0x1A, 0x68, 0xF1, 0xF1, 0xB5, 0xF4, 0xAB, 0xD0, 0xAF, 0x01, 0x35,
    0x3E, 0xE2, 0xFB, 0x18, 0x5A, 0x7F, 0xFD, 0xB5, 0x7A, 0x5B, 0xF8, 0xCD, 0x4E, 0xAA, 0x98, 0x5C,
    0x37, 0xFC, 0xC6, 0xE4, 0x55, 0x98, 0x41, 0x80, 0x41, 0x60, 0x04, 0x86, 0x70, 0xCF, 0x70, 0xDF,
    0xB5, 0xFD, 0xCD, 0x2C, 0x00, 0xAC, 0x9B, 0xDE, 0xCF, 0x1E, 0x53, 0x46, 0x05, 0x76, 0xE4, 0xE5,
    0xF9, 0x90, 0x01, 0x01, 0x40, 0xEA, 0x9F, 0x51, 0x74, 0x2C, 0x0E, 0x18, 0xC5, 0x23, 0xC0, 0x94,
    0x80, 0x9B, 0x11, 0xE8, 0xC9, 0x28, 0x9F, 0x82, 0x5F, 0x19, 0xE7, 0xDE, 0x2A, 0x2A, 0x9C, 0x61,
    0xD8, 0x8A, 0x6C, 0xBD, 0xDB, 0x4B, 0x79, 0xB2, 0x28, 0x64, 0x98, 0x3E, 0xB7, 0x54, 0x69, 0x36,
    0xEE, 0x59, 0x24, 0x25, 0x49, 0xD2, 0x3F, 0x7B, 0x1E, 0x35, 0x8E, 0x72, 0xC7, 0x57, 0x85, 0x24,
    0x26, 0x16, 0x12, 0x86, 0x3C, 0xBF, 0xE4, 0x3A, 0x73, 0x99, 0x06, 0xAD, 0xD8, 0x89, 0xC7, 0xA0,
    0x9E, 0x38, 0x75, 0x2E, 0x2C, 0x8D, 0x8B, 0xA3, 0x19, 0xE5, 0xE9, 0x2B, 0x0A, 0xF2, 0x7A, 0xE9,
    0xBC, 0x39, 0x9E, 0xA9, 0xF4, 0x7D, 0xB0, 0xE8, 0x38, 0x8B, 0x37, 0xC7, 0x13, 0x0B, 0x97, 0x20,
    0x2C, 0x69, 0xF2, 0xCD, 0x83, 0xE1, 0x79, 0x28, 0x08, 0xFD, 0xE2, 0x5E, 0xD6, 0xD9, 0xE9, 0xA1,
    0x10, 0xCA, 0xDA, 0x00, 0xE7, 0xBF, 0xD0, 0x50, 0xF0, 0x28, 0x21, 0xC3, 0xBC, 0xB1, 0x85, 0x87,
    0x67, 0x8A, 0x24, 0xDE, 0xA2, 0x24, 0xEB, 0x98, 0x22, 0xE7, 0x9D, 0xE5, 0xFC, 0x27, 0x6B, 0x7C,
    0x2A, 0xBD, 0x9C, 0xCA, 0x29, 0x7E, 0xA8, 0xB1, 0x29, 0xD4, 0x7D, 0x7C, 0xAD, 0xF9, 0x5F, 0x37,
    0xAD, 0xC7, 0xF8, 0x7F, 0xFC, 0x8F, 0xEF, 0xB5, 0xFD, 0x9E, 0x8F, 0x16, 0x78, 0x1E, 0x4B, 0xCA,
    0x9A, 0x17, 0xBE, 0x68, 0x8E, 0x79, 0x6A, 0x82, 0xD3, 0x2C, 0x9D, 0x35, 0xFD, 0x9D, 0xD4, 0x55,
    0xBA, 0x39, 0x5F, 0x17, 0xDB, 0xE5, 0xD6, 0x8A, 0x93, 0x52, 0x33, 0xA8, 0x8D, 0xA3, 0x7D, 0xDB,
    0xB4, 0x8E, 0xA3, 0x5D, 0xF4, 0xC0, 0x52, 0xC6, 0xB1, 0xD7, 0xE0, 0x67, 0x49, 0x09, 0x7C, 0x40,
    0xC3, 0xFF, 0xE2, 0x74, 0xA4, 0x10, 0x93, 0x0B, 0x17, 0x76, 0xBD, 0xC7, 0x77, 0x04, 0xC7, 0x43,
    0xD2, 0x4B, 0x9A, 0x59, 0xC8, 0x51, 0x08, 0xDC, 0x6C, 0x27, 0xAD, 0xE7, 0x5E, 0xCC, 0x72, 0xAD,
    0xBB, 0xC8, 0x23, 0x36, 0x35, 0xCE, 0xE0, 0x5E, 0xB8, 0xF3, 0xF4, 0xFE, 0x83, 0x33, 0xA4, 0x11,
    0x7B, 0xFC, 0x65, 0x89, 0x1E, 0xB2, 0x94, 0x87, 0x10, 0xF8, 0xCB, 0x65, 0xDB, 0x3E, 0xDF, 0xFA,
    0x35, 0x0A, 0xA1, 0xB7, 0x92, 0xC1, 0x47, 0x5F, 0xD7, 0x3E, 0xC7, 0xFB, 0xD6, 0x8F, 0xEB, 0xDA,
    0x3F, 0xAF, 0xF1, 0x3C, 0x09, 0x45, 0x78, 0xC7, 0xC9, 0x9E, 0xBB, 0x2E, 0x25, 0x32, 0xE0, 0xAD,
    0x86, 0x56, 0x4F, 0xC8, 0xD6, 0xFC, 0x9E, 0x0E, 0xE6, 0xEF, 0xDF, 0xD4, 0x6C, 0xF2, 0x51, 0xB0,
    0x56, 0x98, 0xDC, 0xE3, 0xA1, 0x58, 0xC7, 0x76, 0x2F, 0xCD, 0x63, 0x7B, 0xE0, 0x95, 0x85, 0x45,
    0xEB, 0xF1, 0x4B, 0x7B, 0xDF, 0xBF, 0x79, 0x4D, 0x3D, 0x4F, 0xC0, 0x0D, 0xBA, 0x2C, 0xA0, 0x74,
    0x70, 0x57, 0xBD, 0x3B, 0xBC, 0xEF, 0xD2, 0xFE, 0x5A, 0x61, 0x43, 0xB8, 0x7B, 0x35, 0x4F, 0xD1,
    0x65, 0xA1, 0x52, 0x21, 0x39, 0x5E, 0x5B, 0x23, 0x61, 0x0E, 0xF5, 0xC4, 0x89, 0x49, 0x34, 0x45,
    0xD1, 0x63, 0x84, 0x64, 0x51, 0xBA, 0xED, 0x68, 0x80, 0x7C, 0xFF, 0x45, 0x03, 0xB4, 0xF1, 0x4F,
    0x40, 0x01, 0xAC, 0xFF, 0x91, 0x21, 0x00, 0x3C, 0xFA, 0x50, 0xBE, 0x7D, 0x18, 0xC5, 0xE0, 0x4F,
    0x6D, 0xE9, 0x0E, 0xE3, 0x2D, 0xCF, 0x1D, 0xB8, 0x80, 0xA3, 0x3C, 0x8D, 0x03, 0xFB, 0x1E, 0xAC,
    0x01, 0x17, 0x69, 0x5D, 0x3E, 0xA3, 0x14, 0x54, 0xA1, 0xF6, 0xD9, 0xA0, 0x02, 0x77, 0x1F, 0xB2,
    0x67, 0x67, 0x9F, 0xFC, 0x5D, 0xFA, 0x29, 0x1C, 0xAC, 0xFE, 0xB8, 0xCC, 0x66, 0x3E, 0x4A, 0x64,
    0x09, 0x64, 0x48, 0xFB, 0xEB, 0xFA, 0xB0, 0x5E, 0xC7, 0xF3, 0xD5, 0xDF, 0x3F, 0x75, 0x16, 0x7F,
    0x76, 0x7C, 0xEA, 0x22, 0x66, 0x11, 0xBB, 0x20, 0xC6, 0x42, 0x8C, 0x6B, 0xC5, 0xA3, 0x7C, 0xD4,
    0x5B, 0x71, 0x23, 0x46, 0x8D, 0x77, 0x1B, 0xC7, 0x98, 0xE2, 0x66, 0x62, 0x71, 0xE4, 0xCE, 0x34,
    0x9F, 0x79, 0x61, 0x5C, 0x7B, 0x01, 0x0A, 0xE8, 0xFE, 0x5E, 0xA9, 0x1B, 0x5A, 0x51, 0x05, 0xB7,
    0x20, 0x3C, 0xC5, 0xC1, 0x08, 0xDF, 0x1B, 0x20, 0xB9, 0x1B, 0x46, 0x03, 0xC2, 0x33, 0x14, 0x5A,
    0x50, 0x2A, 0xAE, 0x8A, 0x7B, 0x5E, 0xEE, 0x65, 0x7C, 0x67, 0x46, 0x9D, 0xB9, 0x2E, 0xD4, 0x80,
    0x3B, 0x8D, 0x31, 0x6B, 0xBE, 0xF6, 0x1D, 0x48, 0x9F, 0x51, 0x61, 0xE1, 0xCF, 0xBE, 0x43, 0xCB,
    0x15, 0x3A, 0x73, 0xDD, 0x86, 0x30, 0x86, 0x76, 0x66, 0xDC, 0x8E, 0x94, 0x7B, 0xF2, 0xBA, 0x91,
    0x76, 0x5C, 0x9A, 0xD5, 0xC6, 0x8C, 0x8C, 0x2A, 0x21, 0xE4, 0xB4, 0x3E, 0xFB, 0x0D, 0xA6, 0x9D,
    0x35, 0x7F, 0x45, 0xE3, 0x9C, 0x4A, 0xE7, 0x3E, 0xF7, 0xCC, 0xB2, 0xCF, 0x3D, 0x6B, 0x2E, 0x23,
    0x58, 0x49, 0x9E, 0xDC, 0x0A, 0x36, 0xAE, 0xB1, 0x61, 0x6B, 0x36, 0xDA, 0x96, 0x66, 0xEE, 0x14,
    0x2C, 0x21, 0x18, 0x27, 0x81, 0xE0, 0xF7, 0x3E, 0xF8, 0xC6, 0x96, 0xCF, 0x99, 0xEB, 0x20, 0x7F,
    0x5B, 0x31, 0xEF, 0x90, 0xBD, 0x7F, 0x12, 0xCA, 0xBD, 0xFA, 0xD1, 0x3F, 0xC5, 0x4F, 0x0C, 0x1C,
    0xF3, 0xA7, 0x74, 0xE5, 0xB7, 0xFC, 0xF1, 0x4A, 0xE9, 0x07, 0x27, 0x64, 0x14, 0xF4, 0x1E, 0x1A,
    0x09, 0x37, 0xAD, 0xBC, 0xC9, 0xD8, 0xC8, 0x50, 0xC9, 0x02, 0x22, 0x12, 0x78, 0x3B, 0x8D, 0xF7,
    0x93, 0xF8, 0x75, 0x1A, 0xEE, 0x26, 0xE1, 0xCB, 0x34, 0x3F, 0xF6, 0xC8, 0x4F, 0x24, 0xD7, 0xBB,
    0x67, 0x9A, 0xEE, 0x27, 0xE9, 0xFB, 0xFC, 0x5A, 0xDF, 0xF2, 0x0F, 0xEE, 0x97, 0x19, 0xC6, 0x22,
    0x83, 0x56, 0x79, 0xCD, 0xBF, 0x70, 0x9F, 0x5F, 0xB4, 0xD2, 0x5B, 0x7E, 0xD3, 0xCA, 0x7E, 0x3E,
    0x93, 0x23, 0x6B, 0x8D, 0x6D, 0x3F, 0xE7, 0x34, 0x83, 0x0F, 0x8B, 0x39, 0x36, 0xBA, 0xE7, 0xB1,
    0x99, 0xE6, 0xB6, 0x75, 0xBC, 0x4B, 0xEB, 0xFB, 0x7C, 0xD4, 0x2D, 0x12, 0xBD, 0xFA, 0x6B, 0x3D,
    0xFB, 0x9F, 0xB8, 0x9F, 0xCF, 0xED, 0xFB, 0xB8, 0xCF, 0x4F, 0x85, 0xB3, 0x5C, 0x7A, 0xCB, 0xC5,
    0x99, 0xCA, 0x96, 0xB3, 0xD0, 0xB3, 0xE4, 0x74, 0xE2, 0x31, 0xCA, 0x15, 0xE3, 0x99, 0x4B, 0xE7,
    0xF4, 0xC2, 0x49, 0x2E, 0x79, 0xE3, 0x57, 0xCF, 0xF0, 0xCA, 0xFF, 0xDE, 0x78, 0xA3, 0x14, 0xFF,
    0xCE, 0xBC, 0xD3, 0x53, 0xFE, 0x7E, 0x65, 0xE4, 0x1A, 0xDB, 0x2D, 0x27, 0xA1, 0xB1, 0xDD, 0xF1,
    0x14, 0x9E, 0xEB, 0x93, 0xC2, 0xD9, 0x5F, 0xAE, 0x93, 0xFF, 0xB8, 0x37, 0x9E, 0xBD, 0xD7, 0xBA,
    0x14, 0xB9, 0x8B, 0x0F, 0xC3, 0x34, 0x2F, 0x9B, 0xE6, 0xF3, 0xF3, 0xD7, 0x42, 0xE1, 0x6D, 0x82,
    0x49, 0x47, 0x8D, 0x7D, 0xEB, 0x4F, 0x3D, 0x88, 0xC3, 0xEA, 0x38, 0xFA, 0xE1, 0xF2, 0x35, 0x1D,
    0x47, 0x5B, 0xFF, 0x3A, 0x23, 0xF8, 0xFC, 0xCF, 0x32, 0x67, 0xDF, 0xFA, 0xFC, 0x93, 0x8E, 0x1A,
    0x9B, 0xF8, 0xD2, 0xAC, 0xF6, 0xAD, 0x8F, 0x3F, 0xE9, 0xA8, 0xF1, 0xA3, 0xF2, 0xF3, 0xFD, 0x55,
    0x56, 0x1C, 0x7E, 0xBE, 0xBF, 0x02, 0xBC, 0x1A, 0xCB, 0x89, 0x29, 0x23, 0x61, 0xAB, 0x84, 0x68,
    0x92, 0xA2, 0x79, 0xEC, 0xFD, 0xB5, 0xBE, 0xFA, 0x3B, 0xEE, 0x15, 0x80, 0x22, 0x46, 0x55, 0xEE,
    0xBB, 0xF6, 0x7D, 0x3F, 0xC7, 0xBB, 0x9C, 0xBF, 0x1A, 0xB1, 0xDE, 0x37, 0xF7, 0xFD, 0xD9, 0xFF,
    0xA4, 0x60, 0x80, 0x48, 0xB8, 0x8B, 0xF4, 0xFD, 0x73, 0xFE, 0x22, 0x6B, 0x86, 0x14, 0xC6, 0xD1,
    0x12, 0xA9, 0xC2, 0x9C, 0x39, 0xCD, 0x15, 0xB5, 0x8F, 0x07, 0x5C, 0x0C, 0xCC, 0x55, 0x39, 0xC0,
    0xF3, 0x35, 0xC2, 0xF1, 0x5F, 0xB8, 0x49, 0xB3, 0xE3, 0x9A, 0x66, 0x42, 0x26, 0x66, 0x5E, 0xF9,
    0xEF, 0xCF, 0x04, 0xDD, 0x7E, 0xD7, 0x03, 0xDD, 0x4F, 0x05, 0xE7, 0xF5, 0x40, 0xF7, 0x1D, 0xE2,
    0xE9, 0xF8, 0xFE, 0xF3, 0xB3, 0x40, 0xDF, 0x3B, 0x3F, 0x3F, 0xF7, 0x5A, 0x67, 0x99, 0x7B, 0x5F,
    0x61, 0x16, 0xAD, 0x2C, 0xC2, 0xBB, 0x28, 0x42, 0xF3, 0xF9, 0x2A, 0xB4, 0xE5, 0x1C, 0x45, 0x2C,
    0x4A, 0xE2, 0x3D, 0xE7, 0x40, 0x11, 0x17, 0x45, 0xDE, 0xFA, 0x03, 0x0C, 0xFA, 0xF6, 0x11, 0x7B,
    0x31, 0xE4, 0xC8, 0xFD, 0xFA, 0x88, 0xCF, 0xEF, 0x47, 0xE7, 0x30, 0xC6, 0x42, 0x87, 0x9F, 0x79,
    0x3E, 0xCF, 0x3E, 0xA9, 0x82, 0xB0, 0x7D, 0x3F, 0x53, 0x46, 0x46, 0xD6, 0xE7, 0x1D, 0xC9, 0xFB,
    0x53, 0xBF, 0x7A, 0x43, 0xBF, 0x7C, 0x12, 0xB9, 0x84, 0xD6, 0xF8, 0x73, 0xD5, 0x76, 0xDA, 0x6E,
    0xCD, 0x5B, 0xEB, 0xDC, 0x1E, 0x56, 0xEB, 0x99, 0x7A, 0x34, 0xF1, 0xEF, 0xF7, 0x8C, 0x4E, 0xE4,
    0xA9, 0x05, 0xC1, 0x51, 0xCC, 0x0D, 0xF7, 0x7A, 0x66, 0x44, 0xF4, 0x39, 0xED, 0xFB, 0x7E, 0xFE,
    0x29, 0xEF, 0x05, 0x2F, 0x12, 0x11, 0xE7, 0x33, 0x62, 0x8D, 0xD0, 0x43, 0x7E, 0x06, 0xBE, 0xCE,
    0xC3, 0xFC, 0x0C, 0x7C, 0xAD, 0x3F, 0xE5, 0x98, 0x93, 0x8F, 0xBD, 0x5E, 0x3D, 0xCA, 0xE9, 0x38,
    0x3F, 0xEA, 0x05, 0xD1, 0x38, 0x1D, 0xE6, 0x47, 0x42, 0x42, 0x89, 0x73, 0x29, 0xDF, 0x19, 0xE2,
    0x73, 0x2B, 0x82, 0x67, 0xF4, 0x2C, 0x59, 0x84, 0xFF, 0x3D, 0xB3, 0xB4, 0x80, 0xD4, 0x6C, 0xE1,
    0x0C, 0xD1, 0xF1, 0x7E, 0x0F, 0x9D, 0xEF, 0xF7, 0x0B, 0x1F, 0xEF, 0xF7, 0x8E, 0xFB, 0xF7, 0x5F,
    0xD3, 0xCA, 0xC7, 0xF7, 0xDF, 0x85, 0xFB, 0x51, 0x90, 0x90, 0x63, 0x61, 0xC8, 0x7E, 0x86, 0xCA,
    0x93, 0x1F, 0xE6, 0x96, 0x69, 0xF0, 0xED, 0xCC, 0x92, 0xC5, 0xFB, 0xCF, 0x59, 0x6E, 0x4A, 0x99,
    0x32, 0x55, 0xDA, 0x4E, 0x50, 0x93, 0xC5, 0x12, 0x53, 0x32, 0x45, 0xF7, 0x7E, 0xF7, 0xD7, 0xFA,
    0xEE, 0xAF, 0x55, 0xDC, 0x73, 0xD5, 0xED, 0x9D, 0xFE, 0xFE, 0xFD, 0xFD, 0xC3, 0x4E, 0xA1, 0xD9,
    0xF4, 0x73, 0xBF, 0x39, 0x8C, 0xF3, 0xC1, 0x47, 0xFD, 0xAD, 0xF4, 0x06, 0x0C, 0x73, 0xB5, 0xEE,
    0xBE, 0x31, 0x8E, 0x61, 0x0F, 0x77, 0x3A, 0xF9, 0x77, 0xFB, 0xF8, 0xD3, 0xD6, 0xDF, 0x3D, 0xFF,
    0x58, 0xAB, 0xF0, 0xE6, 0xE9, 0x47, 0xD6, 0x3F, 0xDB, 0xF6, 0xD1, 0x7F, 0x6B, 0x5F, 0xAF, 0xF7,
    0x7F, 0xFB, 0x6B, 0xF5, 0x3F, 0xC3, 0xAF, 0xF2, 0xBC, 0xFB, 0xEC, 0xDB, 0x51, 0xC0, 0x00, 0xE4,
    0x93, 0xAA, 0x2C, 0x7B, 0xFE, 0xF2, 0x37, 0x85, 0xDB, 0x00, 0x8C, 0xDA, 0xDC, 0xCE, 0x6F, 0x1B,
    0xC7, 0x80, 0x74, 0xFE, 0x9F, 0xFD, 0xF9, 0xE3, 0x5F, 0xC1, 0x7B, 0x7F, 0xF7, 0xFD, 0xF3, 0x8C,
    0xCF, 0x76, 0x85, 0xA2, 0xC7, 0x39, 0xB4, 0xAF, 0x97, 0xBF, 0xC7, 0xD7, 0xFA, 0xF2, 0xDF, 0x10,
    0xFC, 0x38, 0xDA, 0x18, 0x2F, 0x3A, 0x9C, 0xE3, 0xAB, 0xFF, 0x01, 0x75, 0x8E, 0x01, 0x06, 0x05,
    0x31, 0x0C, 0x44, 0x43, 0x01, 0x86, 0x5E, 0x65, 0xF8, 0x00, 0xA1, 0x57, 0xCF, 0x01, 0xCA, 0xBF,
    0xCA, 0x1E, 0xA0, 0xD8, 0xA4, 0xAA, 0xCD, 0xA2, 0xEF, 0x01, 0xF3, 0x84, 0xC8, 0xA4, 0xFC, 0xC1,
    0xB0, 0x0D, 0xF0, 0x28, 0x9B, 0xF2, 0x00, 0x10, 0x88, 0xF7, 0x44, 0xEA, 0x6B, 0x6F, 0xFD, 0xD2,
    0x15, 0x1D, 0x06, 0xF3, 0xFB, 0x7E, 0x4C, 0x7D, 0xED, 0xB7, 0x5E, 0x8D, 0xD3, 0xDF, 0xA0, 0x6D,
    0xF5, 0xF3, 0x1F, 0xC3, 0xAA, 0x74, 0xC0, 0xE2, 0x2A, 0xA2, 0xBC, 0x63, 0x00, 0x03, 0xFB, 0x3F,
    0x36, 0x36, 0xC6, 0x67, 0x8C, 0xCF, 0xD8, 0x9F, 0xB1, 0xB7, 0x01, 0xC2, 0x3F, 0x10, 0x12, 0x24,
    0x03, 0x00,
};

static const EpdGlyph helvetica_12_italicGlyphs[] = {
    { 17, 19, 288, 2, 19, 81, 0 }, // U+0000
    { 16, 16, 256, 0, 14, 64, 81 }, // U+0001
    { 16, 16, 256, 0, 14, 64, 145 }, // U+0002
    { 16, 16, 256, 0, 14, 64, 209 }, // U+0003
    { 16, 16, 256, 0, 14, 64, 273 }, // U+0004
    { 16, 16, 256, 0, 14, 64, 337 }, // U+0005
    { 16, 16, 256, 0, 14, 64, 401 }, // U+0006
    { 16, 16, 256, 0, 14, 64, 465 }, // U+0007
    { 16, 16, 256, 0, 14, 64, 529 }, // U+0008
    { 16, 16, 256, 0, 14, 64, 593 }, // U+0009
    { 16, 16, 256, 0, 14, 64, 657 }, // U+000A
    { 16, 16, 256, 0, 14, 64, 721 }, // U+000B
    { 16, 16, 256, 0, 14, 64, 785 }, // U+000C
    { 16, 16, 256, 0, 14, 64, 849 }, // U+000D
    { 16, 16, 256, 0, 14, 64, 913 }, // U+000E
    { 16, 16, 256, 0, 14, 64, 977 }, // U+000F
    { 16, 16, 256, 0, 14, 64, 1041 }, // U+0010
    { 16, 16, 256, 0, 14, 64, 1105 }, // U+0011
    { 16, 16, 256, 0, 14, 64, 1169 }, // U+0012
    { 16, 16, 256, 0, 14, 64, 1233 }, // U+0013
    { 16, 16, 256, 0, 14, 64, 1297 }, // U+0014
    { 16, 16, 256, 0, 14, 64, 1361 }, // U+0015
    { 16, 16, 256, 0, 14, 64, 1425 }, // U+0016
    { 16, 16, 256, 0, 14, 64, 1489 }, // U+0017
    { 16, 16, 256, 0, 14, 64, 1553 }, // U+0018
    { 16, 16, 256, 0, 14, 64, 1617 }, // U+0019
    { 16, 16, 256, 0, 14, 64, 1681 }, // U+001A
    { 16, 16, 256, 0, 14, 64, 1745 }, // U+001B
    { 16, 16, 256, 0, 14, 64, 1809 }, // U+001C
    { 16, 16, 256, 0, 14, 64, 1873 }, // U+001D
    { 16, 16, 256, 0, 14, 64, 1937 }, // U+001E
    { 16, 16, 256, 0, 14, 64, 2001 }, // U+001F
    { 1, 1, 96, 0, 1, 1, 2065 }, // U+0020
    { 6, 19, 112, 3, 19, 29, 2066 }, // !
    { 7, 6, 128, 4, 19, 11, 2095 }, // "
    { 13, 17, 224, 3, 17, 56, 2106 }, // #
    { 14, 21, 208, 1, 19, 74, 2162 }, // $
    { 16, 18, 352, 4, 18, 72, 2236 }, // %
    { 14, 18, 272, 2, 18, 63, 2308 }, // &
    { 3, 6, 96, 5, 19, 5, 2371 }, // '
    { 8, 24, 128, 2, 19, 48, 2376 }, // (
    { 8, 24, 128, 1, 19, 48, 2424 }, // )
    { 7, 6, 160, 5, 19, 11, 2472 }, // *
    { 12, 12, 224, 2, 13, 36, 2483 }, // +
    { 3, 6, 96, 1, 3, 5, 2519 }, // ,
    { 7, 2, 128, 2, 8, 4, 2524 }, // -
    { 2, 3, 96, 2, 3, 2, 2528 }, // .
    { 11, 19, 112, 0, 19, 53, 2530 }, // /
    { 13, 18, 208, 2, 18, 59, 2583 }, // 0
    { 6, 18, 208, 6, 18, 27, 2642 }, // 1
    { 14, 18, 208, 1, 18, 63, 2669 }, // 2
    { 12, 18, 208, 2, 18, 54, 2732 }, // 3
    { 12, 18, 208, 2, 18, 54, 2786 }, // 4
    { 13, 18, 208, 2, 18, 59, 2840 }, // 5
    { 13, 18, 208, 2, 18, 59, 2899 }, // 6
    { 13, 18, 208, 3, 18, 59, 2958 }, // 7
    { 12, 18, 208, 2, 18, 54, 3017 }, // 8
    { 13, 18, 208, 2, 18, 59, 3071 }, // 9
    { 5, 14, 96, 2, 14, 18, 3130 }, // :
    { 6, 17, 96, 1, 14, 26, 3148 }, // ;
    { 12, 10, 240, 3, 13, 30, 3174 }, // <
    { 11, 5, 240, 3, 10, 14, 3204 }, // =
    { 11, 10, 224, 3, 13, 28, 3218 }, // >
    { 11, 19, 208, 4, 19, 53, 3246 }, // ?
    { 21, 23, 352, 2, 19, 121, 3299 }, // @
    { 15, 19, 272, 1, 19, 72, 3420 }, // A
    { 16, 19, 272, 2, 19, 76, 3492 }, // B
    { 17, 19, 288, 2, 19, 81, 3568 }, // C
    { 18, 19, 288, 2, 19, 86, 3649 }, // D
    { 16, 19, 256, 2, 19, 76, 3735 }, // E
    { 15, 19, 224, 2, 19, 72, 3811 }, // F
    { 17, 19, 304, 2, 19, 81, 3883 }, // G
    { 18, 19, 288, 2, 19, 86, 3964 }, // H
    { 6, 19, 128, 3, 19, 29, 4050 }, // I
    { 13, 19, 208, 2, 19, 62, 4079 }, // J
    { 17, 19, 288, 2, 19, 81, 4141 }, // K
    { 11, 19, 224, 2, 19, 53, 4222 }, // L
    { 22, 19, 352, 2, 19, 105, 4275 }, // M
    { 18, 19, 288, 2, 19, 86, 4380 }, // N
    { 18, 19, 288, 2, 19, 86, 4466 }, // O
    { 16, 19, 256, 2, 19, 76, 4552 }, // P
    { 18, 20, 288, 2, 19, 90, 4628 }, // Q
    { 16, 19, 272, 2, 19, 76, 4718 }, // R
    { 15, 19, 256, 2, 19, 72, 4794 }, // S
    { 14, 19, 256, 5, 19, 67, 4866 }, // T
    { 17, 19, 288, 3, 19, 81, 4933 }, // U
    { 15, 19, 272, 5, 19, 72, 5014 }, // V
    { 20, 19, 352, 5, 19, 95, 5086 }, // W
    { 19, 19, 272, 1, 19, 91, 5181 }, // X
    { 14, 19, 256, 6, 19, 67, 5272 }, // Y
    { 17, 19, 240, 1, 19, 81, 5339 }, // Z
    { 9, 24, 112, 1, 19, 54, 5420 }, // [
    { 4, 19, 112, 4, 19, 19, 5474 }, // <backslash>
    { 9, 24, 112, 0, 19, 54, 5493 }, // ]
    { 12, 8, 192, 2, 19, 24, 5547 }, // ^
    { 14, 2, 224, -1, -3, 7, 5571 }, // _
    { 5, 4, 112, 5, 19, 5, 5578 }, // `
    { 11, 14, 208, 2, 14, 39, 5583 }, // a
    { 13, 19, 224, 2, 19, 62, 5622 }, // b
    { 11, 14, 192, 2, 14, 39, 5684 }, // c
    { 14, 19, 224, 2, 19, 67, 5723 }, // d
    { 12, 14, 208, 2, 14, 42, 5790 }, // e
    { 8, 19, 128, 3, 19, 38, 5832 }, // f
    { 15, 19, 224, 0, 14, 72, 5870 }, // g
    { 12, 19, 208, 2, 19, 57, 5942 }, // h
    { 6, 19, 96, 2, 19, 29, 5999 }, // i
    { 9, 24, 96, -1, 19, 54, 6028 }, // j
    { 12, 19, 192, 2, 19, 57, 6082 }, // k
    { 6, 19, 96, 2, 19, 29, 6139 }, // l
    { 18, 14, 320, 2, 14, 63, 6168 }, // m
    { 12, 14, 224, 2, 14, 42, 6231 }, // n
    { 12, 14, 208, 2, 14, 42, 6273 }, // o
    { 14, 19, 224, 1, 14, 67, 6315 }, // p
    { 13, 19, 224, 2, 14, 62, 6382 }, // q
    { 9, 14, 144, 2, 14, 32, 6444 }, // r
    { 12, 14, 192, 1, 14, 42, 6476 }, // s
    { 7, 18, 128, 3, 18, 32, 6518 }, // t
    { 12, 14, 224, 3, 14, 42, 6550 }, // u
    { 11, 14, 208, 4, 14, 39, 6592 }, // v
    { 17, 14, 288, 3, 14, 60, 6631 }, // w
    { 14, 14, 192, 1, 14, 49, 6691 }, // x
    { 14, 19, 208, 1, 14, 67, 6740 }, // y
    { 13, 14, 192, 1, 14, 46, 6807 }, // z
    { 10, 24, 144, 3, 19, 60, 6853 }, // {
    { 7, 24, 96, 1, 19, 42, 6913 }, // |
    { 10, 24, 144, -1, 19, 60, 6955 }, // }
    { 11, 4, 224, 3, 9, 11, 7015 }, // ~
    { 16, 16, 256, 0, 14, 64, 7026 }, // U+007F
    { 16, 16, 256, 0, 14, 64, 0 }, // U+0080
    { 16, 16, 256, 0, 14, 64, 64 }, // U+0081
    { 16, 16, 256, 0, 14, 64, 128 }, // U+0082
    { 16, 16, 256, 0, 14, 64, 192 }, // U+0083
    { 16, 16, 256, 0, 14, 64, 256 }, // U+0084
    { 16, 16, 256, 0, 14, 64, 320 }, // U+0085
    { 16, 16, 256, 0, 14, 64, 384 }, // U+0086
    { 16, 16, 256, 0, 14, 64, 448 }, // U+0087
    { 16, 16, 256, 0, 14, 64, 512 }, // U+0088
    { 16, 16, 256, 0, 14, 64, 576 }, // U+0089
    { 16, 16, 256, 0, 14, 64, 640 }, // U+008A
    { 16, 16, 256, 0, 14, 64, 704 }, // U+008B
    { 16, 16, 256, 0, 14, 64, 768 }, // U+008C
    { 16, 16, 256, 0, 14, 64, 832 }, // U+008D
    { 16, 16, 256, 0, 14, 64, 896 }, // U+008E
    { 16, 16, 256, 0, 14, 64, 960 }, // U+008F
    { 16, 16, 256, 0, 14, 64, 1024 }, // U+0090
    { 16, 16, 256, 0, 14, 64, 1088 }, // U+0091
    { 16, 16, 256, 0, 14, 64, 1152 }, // U+0092
    { 16, 16, 256, 0, 14, 64, 1216 }, // U+0093
    { 16, 16, 256, 0, 14, 64, 1280 }, // U+0094
    { 16, 16, 256, 0, 14, 64, 1344 }, // U+0095
    { 16, 16, 256, 0, 14, 64, 1408 }, // U+0096
    { 16, 16, 256, 0, 14, 64, 1472 }, // U+0097
    { 16, 16, 256, 0, 14, 64, 1536 }, // U+0098
    { 16, 16, 256, 0, 14, 64, 1600 }, // U+0099
    { 16, 16, 256, 0, 14, 64, 1664 }, // U+009A
    { 16, 16, 256, 0, 14, 64, 1728 }, // U+009B
    { 16, 16, 256, 0, 14, 64, 1792 }, // U+009C
    { 16, 16, 256, 0, 14, 64, 1856 }, // U+009D
    { 16, 16, 256, 0, 14, 64, 1920 }, // U+009E
    { 16, 16, 256, 0, 14, 64, 1984 }, // U+009F
    { 1, 1, 96, 0, 1, 1, 2048 }, // U+00A0
    { 6, 19, 128, 2, 14, 29, 2049 }, // U+00A1
    { 12, 18, 208, 2, 16, 54, 2078 }, // U+00A2
    { 14, 18, 224, 1, 18, 63, 2132 }, // U+00A3
    { 13, 12, 208, 2, 15, 39, 2195 }, // U+00A4
    { 14, 18, 224, 3, 18, 63, 2234 }, // U+00A5
    { 7, 24, 96, 1, 19, 42, 2297 }, // U+00A6
    { 12, 24, 208, 2, 19, 72, 2339 }, // U+00A7
    { 6, 2, 128, 5, 18, 3, 2411 }, // U+00A8
    { 19, 19, 304, 3, 19, 91, 2414 }, // U+00A9
    { 8, 12, 144, 4, 19, 24, 2505 }, // U+00AA
    { 10, 8, 224, 3, 11, 20, 2529 }, // U+00AB
    { 12, 7, 240, 3, 10, 21, 2549 }, // U+00AC
    { 7, 2, 128, 2, 8, 4, 2570 }, // U+00AD
    { 19, 19, 304, 3, 19, 91, 2574 }, // U+00AE
    { 6, 2, 128, 5, 18, 3, 2665 }, // U+00AF
    { 8, 7, 144, 3, 18, 14, 2668 }, // U+00B0
    { 13, 13, 224, 1, 13, 43, 2682 }, // U+00B1
    { 7, 10, 112, 2, 18, 18, 2725 }, // U+00B2
    { 8, 10, 112, 2, 18, 20, 2743 }, // U+00B3
    { 5, 4, 112, 5, 20, 5, 2763 }, // U+00B4
    { 14, 19, 224, 1, 14, 67, 2768 }, // U+00B5
    { 12, 24, 192, 3, 19, 72, 2835 }, // U+00B6
    { 2, 3, 96, 4, 9, 2, 2907 }, // U+00B7
    { 5, 6, 112, 1, 1, 8, 2909 }, // U+00B8
    { 4, 10, 112, 4, 18, 10, 2917 }, // U+00B9
    { 9, 12, 144, 3, 19, 27, 2927 }, // U+00BA
    { 10, 8, 224, 4, 11, 20, 2954 }, // U+00BB
    { 14, 19, 304, 4, 19, 67, 2974 }, // U+00BC
    { 15, 19, 304, 4, 19, 72, 3041 }, // U+00BD
    { 16, 19, 304, 3, 19, 76, 3113 }, // U+00BE
    { 11, 19, 208, 1, 14, 53, 3189 }, // U+00BF
    { 15, 24, 272, 1, 24, 90, 3242 }, // U+00C0
    { 15, 24, 272, 1, 24, 90, 3332 }, // U+00C1
    { 15, 24, 272, 1, 24, 90, 3422 }, // U+00C2
    { 15, 23, 272, 1, 23, 87, 3512 }, // U+00C3
    { 15, 23, 272, 1, 23, 87, 3599 }, // U+00C4
    { 15, 23, 272, 1, 23, 87, 3686 }, // U+00C5
    { 25, 19, 368, 1, 19, 119, 3773 }, // U+00C6
    { 17, 24, 288, 2, 19, 102, 3892 }, // U+00C7
    { 16, 24, 256, 2, 24, 96, 3994 }, // U+00C8
    { 16, 24, 256, 2, 24, 96, 4090 }, // U+00C9
    { 16, 24, 256, 2, 24, 96, 4186 }, // U+00CA
    { 16, 23, 256, 2, 23, 92, 4282 }, // U+00CB
    { 7, 24, 128, 3, 24, 42, 4374 }, // U+00CC
    { 9, 24, 128, 3, 24, 54, 4416 }, // U+00CD
    { 9, 24, 128, 3, 24, 54, 4470 }, // U+00CE
    { 9, 23, 128, 3, 23, 52, 4524 }, // U+00CF
    { 18, 19, 288, 2, 19, 86, 4576 }, // U+00D0
    { 18, 23, 288, 2, 23, 104, 4662 }, // U+00D1
    { 18, 24, 288, 2, 24, 108, 4766 }, // U+00D2
    { 18, 24, 288, 2, 24, 108, 4874 }, // U+00D3
    { 18, 24, 288, 2, 24, 108, 4982 }, // U+00D4
    { 18, 23, 288, 2, 23, 104, 5090 }, // U+00D5
    { 18, 23, 288, 2, 23, 104, 5194 }, // U+00D6
    { 14, 13, 224, 1, 13, 46, 5298 }, // U+00D7
    { 20, 19, 288, 1, 19, 95, 5344 }, // U+00D8
    { 17, 24, 288, 3, 24, 102, 5439 }, // U+00D9
    { 17, 24, 288, 3, 24, 102, 5541 }, // U+00DA
    { 17, 24, 288, 3, 24, 102, 5643 }, // U+00DB
    { 17, 23, 288, 3, 23, 98, 5745 }, // U+00DC
    { 15, 24, 256, 5, 24, 90, 5843 }, // U+00DD
    { 15, 19, 256, 2, 19, 72, 5933 }, // U+00DE
    { 12, 19, 240, 3, 19, 57, 6005 }, // U+00DF
    { 11, 19, 208, 2, 19, 53, 6062 }, // U+00E0
    { 11, 19, 208, 2, 19, 53, 6115 }, // U+00E1
    { 11, 19, 208, 2, 19, 53, 6168 }, // U+00E2
    { 12, 18, 208, 2, 18, 54, 6221 }, // U+00E3
    { 11, 18, 208, 2, 18, 50, 6275 }, // U+00E4
    { 11, 19, 208, 2, 19, 53, 6325 }, // U+00E5
    { 20, 14, 336, 2, 14, 70, 6378 }, // U+00E6
    { 11, 19, 192, 2, 14, 53, 6448 }, // U+00E7
    { 12, 19, 208, 2, 19, 57, 6501 }, // U+00E8
    { 12, 19, 208, 2, 19, 57, 6558 }, // U+00E9
    { 12, 19, 208, 2, 19, 57, 6615 }, // U+00EA
    { 12, 18, 208, 2, 18, 54, 6672 }, // U+00EB
    { 6, 19, 96, 2, 19, 29, 6726 }, // U+00EC
    { 8, 19, 96, 2, 19, 38, 6755 }, // U+00ED
    { 8, 19, 96, 2, 19, 38, 6793 }, // U+00EE
    { 8, 18, 96, 2, 18, 36, 6831 }, // U+00EF
    { 12, 19, 208, 2, 19, 57, 6867 }, // U+00F0
    { 13, 18, 224, 2, 18, 59, 6924 }, // U+00F1
    { 12, 19, 208, 2, 19, 57, 6983 }, // U+00F2
    { 12, 19, 208, 2, 19, 57, 7040 }, // U+00F3
    { 12, 19, 208, 2, 19, 57, 7097 }, // U+00F4
    { 12, 18, 208, 2, 18, 54, 7154 }, // U+00F5
    { 12, 18, 208, 2, 18, 54, 7208 }, // U+00F6
    { 12, 12, 224, 2, 13, 36, 7262 }, // U+00F7
    { 16, 15, 208, 0, 15, 60, 7298 }, // U+00F8
    { 12, 19, 224, 3, 19, 57, 7358 }, // U+00F9
    { 12, 19, 224, 3, 19, 57, 7415 }, // U+00FA
    { 12, 19, 224, 3, 19, 57, 7472 }, // U+00FB
    { 12, 18, 224, 3, 18, 54, 7529 }, // U+00FC
    { 14, 24, 208, 1, 19, 84, 7583 }, // U+00FD
    { 14, 24, 224, 1, 19, 84, 7667 }, // U+00FE
    { 14, 22, 208, 1, 17, 77, 7751 }, // U+00FF
    { 15, 22, 272, 1, 22, 83, 0 }, // U+0100
    { 11, 17, 208, 2, 17, 47, 83 }, // U+0101
    { 15, 24, 272, 1, 24, 90, 130 }, // U+0102
    { 11, 19, 208, 2, 19, 53, 220 }, // U+0103
    { 15, 24, 272, 1, 19, 90, 273 }, // U+0104
    { 11, 19, 208, 2, 14, 53, 363 }, // U+0105
    { 17, 24, 288, 2, 24, 102, 416 }, // U+0106
    { 11, 19, 192, 2, 19, 53, 518 }, // U+0107
    { 17, 24, 288, 2, 24, 102, 571 }, // U+0108
    { 11, 19, 192, 2, 19, 53, 673 }, // U+0109
    { 17, 22, 288, 2, 22, 94, 726 }, // U+010A
    { 11, 17, 192, 2, 17, 47, 820 }, // U+010B
    { 17, 24, 288, 2, 24, 102, 867 }, // U+010C
    { 11, 19, 192, 2, 19, 53, 969 }, // U+010D
    { 18, 24, 288, 2, 24, 108, 1022 }, // U+010E
    { 19, 19, 304, 2, 19, 91, 1130 }, // U+010F
    { 18, 19, 288, 2, 19, 86, 1221 }, // U+0110
    { 14, 19, 224, 2, 19, 67, 1307 }, // U+0111
    { 16, 22, 256, 2, 22, 88, 1374 }, // U+0112
    { 12, 17, 208, 2, 17, 51, 1462 }, // U+0113
    { 16, 24, 256, 2, 24, 96, 1513 }, // U+0114
    { 12, 19, 208, 2, 19, 57, 1609 }, // U+0115
    { 16, 22, 256, 2, 22, 88, 1666 }, // U+0116
    { 12, 17, 208, 2, 17, 51, 1754 }, // U+0117
    { 16, 24, 256, 2, 19, 96, 1805 }, // U+0118
    { 12, 19, 208, 2, 14, 57, 1901 }, // U+0119
    { 16, 24, 256, 2, 24, 96, 1958 }, // U+011A
    { 12, 19, 208, 2, 19, 57, 2054 }, // U+011B
    { 17, 24, 304, 2, 24, 102, 2111 }, // U+011C
    { 15, 24, 224, 0, 19, 90, 2213 }, // U+011D
    { 17, 24, 304, 2, 24, 102, 2303 }, // U+011E
    { 15, 24, 224, 0, 19, 90, 2405 }, // U+011F
    { 17, 22, 304, 2, 22, 94, 2495 }, // U+0120
    { 15, 22, 224, 0, 17, 83, 2589 }, // U+0121
    { 17, 26, 304, 2, 19, 111, 2672 }, // U+0122
    { 15, 26, 224, 0, 21, 98, 2783 }, // U+0123
    { 18, 24, 288, 2, 24, 108, 2881 }, // U+0124
    { 12, 24, 208, 2, 24, 72, 2989 }, // U+0125
    { 18, 19, 288, 2, 19, 86, 3061 }, // U+0126
    { 12, 19, 208, 2, 19, 57, 3147 }, // U+0127
    { 8, 23, 128, 3, 23, 46, 3204 }, // U+0128
    { 8, 18, 96, 1, 18, 36, 3250 }, // U+0129
    { 7, 22, 128, 3, 22, 39, 3286 }, // U+012A
    { 6, 17, 96, 2, 17, 26, 3325 }, // U+012B
    { 8, 24, 128, 3, 24, 48, 3351 }, // U+012C
    { 8, 19, 96, 1, 19, 38, 3399 }, // U+012D
    { 7, 24, 128, 2, 19, 42, 3437 }, // U+012E
    { 7, 24, 96, 1, 19, 42, 3479 }, // U+012F
    { 6, 22, 128, 3, 22, 33, 3521 }, // U+0130
    { 5, 14, 96, 2, 14, 18, 3554 }, // U+0131
    { 20, 19, 336, 3, 19, 95, 3572 }, // U+0132
    { 12, 24, 192, 2, 19, 72, 3667 }, // U+0133
    { 14, 24, 208, 2, 24, 84, 3739 }, // U+0134
    { 10, 24, 96, -1, 19, 60, 3823 }, // U+0135
    { 17, 26, 288, 2, 19, 111, 3883 }, // U+0136
    { 12, 26, 192, 2, 19, 78, 3994 }, // U+0137
    { 12, 14, 192, 2, 14, 42, 4072 }, // U+0138
    { 11, 24, 224, 2, 24, 66, 4114 }, // U+0139
    { 7, 24, 96, 2, 24, 42, 4180 }, // U+013A
    { 11, 26, 224, 2, 19, 72, 4222 }, // U+013B
    { 6, 26, 96, 2, 19, 39, 4294 }, // U+013C
    { 19, 19, 304, 2, 19, 91, 4333 }, // U+013D
    { 12, 19, 192, 2, 19, 57, 4424 }, // U+013E
    { 17, 19, 304, 2, 19, 81, 4481 }, // U+013F
    { 10, 19, 192, 2, 19, 48, 4562 }, // U+0140
    { 12, 19, 224, 1, 19, 57, 4610 }, // U+0141
    { 8, 19, 96, 2, 19, 38, 4667 }, // U+0142
    { 18, 24, 288, 2, 24, 108, 4705 }, // U+0143
    { 12, 19, 224, 2, 19, 57, 4813 }, // U+0144
    { 18, 26, 288, 2, 19, 117, 4870 }, // U+0145
    { 12, 21, 224, 2, 14, 63, 4987 }, // U+0146
    { 18, 24, 288, 2, 24, 108, 5050 }, // U+0147
    { 12, 19, 224, 2, 19, 57, 5158 }, // U+0148
    { 15, 19, 320, 5, 19, 72, 5215 }, // U+0149
    { 18, 24, 288, 2, 19, 108, 5287 }, // U+014A
    { 12, 19, 224, 2, 14, 57, 5395 }, // U+014B
    { 18, 22, 288, 2, 22, 99, 5452 }, // U+014C
    { 12, 17, 208, 2, 17, 51, 5551 }, // U+014D
    { 18, 24, 288, 2, 24, 108, 5602 }, // U+014E
    { 12, 19, 208, 2, 19, 57, 5710 }, // U+014F
    { 18, 23, 288, 2, 23, 104, 5767 }, // U+0150
    { 12, 18, 208, 2, 18, 54, 5871 }, // U+0151
    { 24, 19, 368, 2, 19, 114, 5925 }, // U+0152
    { 21, 14, 352, 2, 14, 74, 6039 }, // U+0153
    { 16, 24, 272, 2, 24, 96, 6113 }, // U+0154
    { 9, 19, 144, 2, 19, 43, 6209 }, // U+0155
    { 16, 26, 272, 2, 19, 104, 6252 }, // U+0156
    { 9, 21, 144, 2, 14, 48, 6356 }, // U+0157
    { 16, 24, 272, 2, 24, 96, 6404 }, // U+0158
    { 9, 19, 144, 2, 19, 43, 6500 }, // U+0159
    { 15, 24, 256, 2, 24, 90, 6543 }, // U+015A
    { 12, 19, 192, 1, 19, 57, 6633 }, // U+015B
    { 15, 24, 256, 2, 24, 90, 6690 }, // U+015C
    { 12, 19, 192, 1, 19, 57, 6780 }, // U+015D
    { 15, 24, 256, 2, 19, 90, 6837 }, // U+015E
    { 12, 19, 192, 1, 14, 57, 6927 }, // U+015F
    { 16, 19, 256, 1, 19, 76, 6984 }, // U+0160
    { 11, 19, 192, 2, 19, 53, 7060 }, // U+0161
    { 14, 24, 256, 5, 19, 84, 7113 }, // U+0162
    { 7, 23, 128, 3, 18, 41, 7197 }, // U+0163
    { 14, 24, 256, 5, 24, 84, 7238 }, // U+0164
    { 13, 19, 224, 3, 19, 62, 7322 }, // U+0165
    { 14, 19, 256, 5, 19, 67, 7384 }, // U+0166
    { 7, 18, 128, 3, 18, 32, 7451 }, // U+0167
    { 17, 23, 288, 3, 23, 98, 7483 }, // U+0168
    { 12, 18, 224, 3, 18, 54, 7581 }, // U+0169
    { 17, 22, 288, 3, 22, 94, 7635 }, // U+016A
    { 12, 17, 224, 3, 17, 51, 7729 }, // U+016B
    { 17, 24, 288, 3, 24, 102, 7780 }, // U+016C
    { 12, 19, 224, 3, 19, 57, 7882 }, // U+016D
    { 17, 25, 288, 3, 25, 107, 7939 }, // U+016E
    { 12, 20, 224, 3, 20, 60, 8046 }, // U+016F
    { 17, 23, 288, 3, 23, 98, 8106 }, // U+0170
    { 12, 18, 224, 3, 18, 54, 8204 }, // U+0171
    { 17, 24, 288, 3, 19, 102, 8258 }, // U+0172
    { 12, 19, 224, 3, 14, 57, 8360 }, // U+0173
    { 20, 24, 352, 5, 24, 120, 8417 }, // U+0174
    { 17, 19, 288, 3, 19, 81, 8537 }, // U+0175
    { 14, 24, 256, 6, 24, 84, 8618 }, // U+0176
    { 14, 24, 208, 1, 19, 84, 8702 }, // U+0177
    { 13, 18, 256, 5, 18, 59, 8786 }, // U+0178
    { 17, 24, 240, 1, 24, 102, 8845 }, // U+0179
    { 13, 19, 192, 1, 19, 62, 8947 }, // U+017A
    { 17, 22, 240, 1, 22, 94, 9009 }, // U+017B
    { 13, 17, 192, 1, 17, 56, 9103 }, // U+017C
    { 16, 19, 240, 1, 19, 76, 9159 }, // U+017D
    { 13, 19, 192, 1, 19, 62, 9235 }, // U+017E
    { 8, 16, 128, 0, 14, 32, 9297 }, // U+017F
    { 19, 19, 288, 2, 19, 91, 0 }, // U+01A0
    { 14, 14, 208, 2, 14, 49, 91 }, // U+01A1
    { 18, 19, 288, 3, 19, 86, 140 }, // U+01AF
    { 14, 14, 224, 3, 14, 49, 226 }, // U+01B0
    { 8, 16, 128, 0, 14, 32, 275 }, // U+01C4
    { 8, 16, 128, 0, 14, 32, 307 }, // U+01C5
    { 8, 16, 128, 0, 14, 32, 339 }, // U+01C6
    { 8, 16, 128, 0, 14, 32, 371 }, // U+01C7
    { 8, 16, 128, 0, 14, 32, 403 }, // U+01C8
    { 8, 16, 128, 0, 14, 32, 435 }, // U+01C9
    { 8, 16, 128, 0, 14, 32, 467 }, // U+01CA
    { 8, 16, 128, 0, 14, 32, 499 }, // U+01CB
    { 8, 16, 128, 0, 14, 32, 531 }, // U+01CC
    { 15, 24, 272, 1, 24, 90, 563 }, // U+01CD
    { 11, 19, 208, 2, 19, 53, 653 }, // U+01CE
    { 8, 24, 128, 3, 24, 48, 706 }, // U+01CF
    { 8, 19, 96, 1, 19, 38, 754 }, // U+01D0
    { 18, 24, 288, 2, 24, 108, 792 }, // U+01D1
    { 12, 19, 208, 2, 19, 57, 900 }, // U+01D2
    { 17, 24, 288, 3, 24, 102, 957 }, // U+01D3
    { 12, 19, 224, 3, 19, 57, 1059 }, // U+01D4
    { 17, 26, 288, 3, 26, 111, 1116 }, // U+01D5
    { 12, 21, 224, 3, 21, 63, 1227 }, // U+01D6
    { 17, 28, 288, 3, 28, 119, 1290 }, // U+01D7
    { 12, 23, 224, 3, 23, 69, 1409 }, // U+01D8
    { 17, 28, 288, 3, 28, 119, 1478 }, // U+01D9
    { 12, 23, 224, 3, 23, 69, 1597 }, // U+01DA
    { 17, 28, 288, 3, 28, 119, 1666 }, // U+01DB
    { 12, 23, 224, 3, 23, 69, 1785 }, // U+01DC
    { 12, 14, 208, 2, 14, 42, 1854 }, // U+01DD
    { 15, 26, 272, 1, 26, 98, 1896 }, // U+01DE
    { 11, 21, 208, 2, 21, 58, 1994 }, // U+01DF
    { 15, 25, 272, 1, 25, 94, 2052 }, // U+01E0
    { 11, 20, 208, 2, 20, 55, 2146 }, // U+01E1
    { 25, 22, 368, 1, 22, 138, 2201 }, // U+01E2
    { 20, 17, 336, 2, 17, 85, 2339 }, // U+01E3
    { 17, 19, 304, 2, 19, 81, 2424 }, // U+01E4
    { 15, 19, 224, 0, 14, 72, 2505 }, // U+01E5
    { 17, 24, 304, 2, 24, 102, 2577 }, // U+01E6
    { 15, 24, 224, 0, 19, 90, 2679 }, // U+01E7
    { 17, 24, 288, 2, 24, 102, 2769 }, // U+01E8
    { 12, 24, 192, 2, 24, 72, 2871 }, // U+01E9
    { 18, 24, 288, 2, 19, 108, 2943 }, // U+01EA
    { 12, 19, 208, 2, 14, 57, 3051 }, // U+01EB
    { 18, 27, 288, 2, 22, 122, 3108 }, // U+01EC
    { 12, 22, 208, 2, 17, 66, 3230 }, // U+01ED
    { 8, 16, 128, 0, 14, 32, 3296 }, // U+01EE
    { 8, 16, 128, 0, 14, 32, 3328 }, // U+01EF
    { 10, 24, 96, -1, 19, 60, 3360 }, // U+01F0
    { 8, 16, 128, 0, 14, 32, 3420 }, // U+01F1
    { 8, 16, 128, 0, 14, 32, 3452 }, // U+01F2
    { 8, 16, 128, 0, 14, 32, 3484 }, // U+01F3
    { 17, 24, 304, 2, 24, 102, 3516 }, // U+01F4
    { 15, 24, 224, 0, 19, 90, 3618 }, // U+01F5
    { 8, 16, 128, 0, 14, 32, 3708 }, // U+01F6
    { 8, 16, 128, 0, 14, 32, 3740 }, // U+01F7
    { 18, 24, 288, 2, 24, 108, 3772 }, // U+01F8
    { 12, 19, 224, 2, 19, 57, 3880 }, // U+01F9
    { 15, 28, 272, 1, 28, 105, 3937 }, // U+01FA
    { 11, 24, 208, 2, 24, 66, 4042 }, // U+01FB
    { 25, 24, 368, 1, 24, 150, 4108 }, // U+01FC
    { 20, 19, 336, 2, 19, 95, 4258 }, // U+01FD
    { 20, 24, 288, 1, 24, 120, 4353 }, // U+01FE
    { 16, 20, 208, 0, 20, 80, 4473 }, // U+01FF
    { 8, 16, 128, 0, 14, 32, 4553 }, // U+0200
    { 8, 16, 128, 0, 14, 32, 4585 }, // U+0201
    { 8, 16, 128, 0, 14, 32, 4617 }, // U+0202
    { 8, 16, 128, 0, 14, 32, 4649 }, // U+0203
    { 8, 16, 128, 0, 14, 32, 4681 }, // U+0204
    { 8, 16, 128, 0, 14, 32, 4713 }, // U+0205
    { 8, 16, 128, 0, 14, 32, 4745 }, // U+0206
    { 8, 16, 128, 0, 14, 32, 4777 }, // U+0207
    { 8, 16, 128, 0, 14, 32, 4809 }, // U+0208
    { 8, 16, 128, 0, 14, 32, 4841 }, // U+0209
    { 8, 16, 128, 0, 14, 32, 4873 }, // U+020A
    { 8, 16, 128, 0, 14, 32, 4905 }, // U+020B
    { 8, 16, 128, 0, 14, 32, 4937 }, // U+020C
    { 8, 16, 128, 0, 14, 32, 4969 }, // U+020D
    { 8, 16, 128, 0, 14, 32, 5001 }, // U+020E
    { 8, 16, 128, 0, 14, 32, 5033 }, // U+020F
    { 8, 16, 128, 0, 14, 32, 5065 }, // U+0210
    { 8, 16, 128, 0, 14, 32, 5097 }, // U+0211
    { 8, 16, 128, 0, 14, 32, 5129 }, // U+0212
    { 8, 16, 128, 0, 14, 32, 5161 }, // U+0213
    { 8, 16, 128, 0, 14, 32, 5193 }, // U+0214
    { 8, 16, 128, 0, 14, 32, 5225 }, // U+0215
    { 8, 16, 128, 0, 14, 32, 5257 }, // U+0216
    { 8, 16, 128, 0, 14, 32, 5289 }, // U+0217
    { 15, 26, 256, 2, 19, 98, 5321 }, // U+0218
    { 12, 21, 192, 1, 14, 63, 5419 }, // U+0219
    { 14, 26, 256, 5, 19, 91, 5482 }, // U+021A
    { 7, 25, 128, 3, 18, 44, 5573 }, // U+021B
    { 8, 16, 128, 0, 14, 32, 5617 }, // U+021C
    { 8, 16, 128, 0, 14, 32, 5649 }, // U+021D
    { 18, 24, 288, 2, 24, 108, 5681 }, // U+021E
    { 12, 24, 208, 2, 24, 72, 5789 }, // U+021F
    { 8, 16, 128, 0, 14, 32, 0 }, // U+0300
    { 8, 16, 128, 0, 14, 32, 32 }, // U+0301
    { 8, 16, 128, 0, 14, 32, 64 }, // U+0302
    { 8, 16, 128, 0, 14, 32, 96 }, // U+0303
    { 8, 16, 128, 0, 14, 32, 128 }, // U+0304
    { 8, 16, 128, 0, 14, 32, 160 }, // U+0305
    { 8, 16, 128, 0, 14, 32, 192 }, // U+0306
    { 8, 16, 128, 0, 14, 32, 224 }, // U+0307
    { 8, 16, 128, 0, 14, 32, 256 }, // U+0308
    { 8, 16, 128, 0, 14, 32, 288 }, // U+0309
    { 8, 16, 128, 0, 14, 32, 320 }, // U+030A
    { 8, 16, 128, 0, 14, 32, 352 }, // U+030B
    { 8, 16, 128, 0, 14, 32, 384 }, // U+030C
    { 8, 16, 128, 0, 14, 32, 416 }, // U+030D
    { 8, 16, 128, 0, 14, 32, 448 }, // U+030E
    { 8, 16, 128, 0, 14, 32, 480 }, // U+030F
    { 8, 16, 128, 0, 14, 32, 512 }, // U+0310
    { 8, 16, 128, 0, 14, 32, 544 }, // U+0311
    { 8, 16, 128, 0, 14, 32, 576 }, // U+0312
    { 8, 16, 128, 0, 14, 32, 608 }, // U+0313
    { 8, 16, 128, 0, 14, 32, 640 }, // U+0314
    { 8, 16, 128, 0, 14, 32, 672 }, // U+0315
    { 8, 16, 128, 0, 14, 32, 704 }, // U+0316
    { 8, 16, 128, 0, 14, 32, 736 }, // U+0317
    { 8, 16, 128, 0, 14, 32, 768 }, // U+0318
    { 8, 16, 128, 0, 14, 32, 800 }, // U+0319
    { 8, 16, 128, 0, 14, 32, 832 }, // U+031A
    { 8, 16, 128, 0, 14, 32, 864 }, // U+031B
    { 8, 16, 128, 0, 14, 32, 896 }, // U+031C
    { 8, 16, 128, 0, 14, 32, 928 }, // U+031D
    { 8, 16, 128, 0, 14, 32, 960 }, // U+031E
    { 8, 16, 128, 0, 14, 32, 992 }, // U+031F
    { 8, 16, 128, 0, 14, 32, 1024 }, // U+0320
    { 8, 16, 128, 0, 14, 32, 1056 }, // U+0321
    { 8, 16, 128, 0, 14, 32, 1088 }, // U+0322
    { 8, 16, 128, 0, 14, 32, 1120 }, // U+0323
    { 8, 16, 128, 0, 14, 32, 1152 }, // U+0324
    { 8, 16, 128, 0, 14, 32, 1184 }, // U+0325
    { 8, 16, 128, 0, 14, 32, 1216 }, // U+0326
    { 8, 16, 128, 0, 14, 32, 1248 }, // U+0327
    { 8, 16, 128, 0, 14, 32, 1280 }, // U+0328
    { 8, 16, 128, 0, 14, 32, 1312 }, // U+0329
    { 8, 16, 128, 0, 14, 32, 1344 }, // U+032A
    { 8, 16, 128, 0, 14, 32, 1376 }, // U+032B
    { 8, 16, 128, 0, 14, 32, 1408 }, // U+032C
    { 8, 16, 128, 0, 14, 32, 1440 }, // U+032D
    { 8, 16, 128, 0, 14, 32, 1472 }, // U+032E
    { 8, 16, 128, 0, 14, 32, 1504 }, // U+032F
    { 8, 16, 128, 0, 14, 32, 1536 }, // U+0330
    { 8, 16, 128, 0, 14, 32, 1568 }, // U+0331
    { 8, 16, 128, 0, 14, 32, 1600 }, // U+0332
    { 8, 16, 128, 0, 14, 32, 1632 }, // U+0333
    { 8, 16, 128, 0, 14, 32, 1664 }, // U+0334
    { 8, 16, 128, 0, 14, 32, 1696 }, // U+0335
    { 8, 16, 128, 0, 14, 32, 1728 }, // U+0336
    { 8, 16, 128, 0, 14, 32, 1760 }, // U+0337
    { 8, 16, 128, 0, 14, 32, 1792 }, // U+0338
    { 8, 16, 128, 0, 14, 32, 1824 }, // U+0339
    { 8, 16, 128, 0, 14, 32, 1856 }, // U+033A
    { 8, 16, 128, 0, 14, 32, 1888 }, // U+033B
    { 8, 16, 128, 0, 14, 32, 1920 }, // U+033C
    { 8, 16, 128, 0, 14, 32, 1952 }, // U+033D
    { 8, 16, 128, 0, 14, 32, 1984 }, // U+033E
    { 8, 16, 128, 0, 14, 32, 2016 }, // U+033F
    { 8, 16, 128, 0, 14, 32, 2048 }, // U+0340
    { 8, 16, 128, 0, 14, 32, 2080 }, // U+0341
    { 8, 16, 128, 0, 14, 32, 2112 }, // U+0342
    { 8, 16, 128, 0, 14, 32, 2144 }, // U+0343
    { 8, 16, 128, 0, 14, 32, 2176 }, // U+0344
    { 8, 16, 128, 0, 14, 32, 2208 }, // U+0345
    { 8, 16, 128, 0, 14, 32, 2240 }, // U+0346
    { 8, 16, 128, 0, 14, 32, 2272 }, // U+0347
    { 8, 16, 128, 0, 14, 32, 2304 }, // U+0348
    { 8, 16, 128, 0, 14, 32, 2336 }, // U+0349
    { 8, 16, 128, 0, 14, 32, 2368 }, // U+034A
    { 8, 16, 128, 0, 14, 32, 2400 }, // U+034B
    { 8, 16, 128, 0, 14, 32, 2432 }, // U+034C
    { 8, 16, 128, 0, 14, 32, 2464 }, // U+034D
    { 8, 16, 128, 0, 14, 32, 2496 }, // U+034E
    { 16, 16, 256, 0, 14, 64, 2528 }, // U+034F
    { 8, 16, 128, 0, 14, 32, 2592 }, // U+0350
    { 8, 16, 128, 0, 14, 32, 2624 }, // U+0351
    { 8, 16, 128, 0, 14, 32, 2656 }, // U+0352
    { 8, 16, 128, 0, 14, 32, 2688 }, // U+0353
    { 8, 16, 128, 0, 14, 32, 2720 }, // U+0354
    { 8, 16, 128, 0, 14, 32, 2752 }, // U+0355
    { 8, 16, 128, 0, 14, 32, 2784 }, // U+0356
    { 8, 16, 128, 0, 14, 32, 2816 }, // U+0357
    { 8, 16, 128, 0, 14, 32, 2848 }, // U+0358
    { 8, 16, 128, 0, 14, 32, 2880 }, // U+0359
    { 8, 16, 128, 0, 14, 32, 2912 }, // U+035A
    { 8, 16, 128, 0, 14, 32, 2944 }, // U+035B
    { 16, 16, 256, 0, 14, 64, 2976 }, // U+035C
    { 16, 16, 256, 0, 14, 64, 3040 }, // U+035D
    { 16, 16, 256, 0, 14, 64, 3104 }, // U+035E
    { 16, 16, 256, 0, 14, 64, 3168 }, // U+035F
    { 16, 16, 256, 0, 14, 64, 3232 }, // U+0360
    { 16, 16, 256, 0, 14, 64, 3296 }, // U+0361
    { 16, 16, 256, 0, 14, 64, 3360 }, // U+0362
    { 8, 16, 128, 0, 14, 32, 3424 }, // U+0363
    { 8, 16, 128, 0, 14, 32, 3456 }, // U+0364
    { 8, 16, 128, 0, 14, 32, 3488 }, // U+0365
    { 8, 16, 128, 0, 14, 32, 3520 }, // U+0366
    { 8, 16, 128, 0, 14, 32, 3552 }, // U+0367
    { 8, 16, 128, 0, 14, 32, 3584 }, // U+0368
    { 8, 16, 128, 0, 14, 32, 3616 }, // U+0369
    { 8, 16, 128, 0, 14, 32, 3648 }, // U+036A
    { 8, 16, 128, 0, 14, 32, 3680 }, // U+036B
    { 8, 16, 128, 0, 14, 32, 3712 }, // U+036C
    { 8, 16, 128, 0, 14, 32, 3744 }, // U+036D
    { 8, 16, 128, 0, 14, 32, 3776 }, // U+036E
    { 8, 16, 128, 0, 14, 32, 3808 }, // U+036F
    { 8, 16, 128, 0, 14, 32, 0 }, // U+0400
    { 8, 16, 128, 0, 14, 32, 32 }, // U+0401
    { 8, 16, 128, 0, 14, 32, 64 }, // U+0402
    { 8, 16, 128, 0, 14, 32, 96 }, // U+0403
    { 8, 16, 128, 0, 14, 32, 128 }, // U+0404
    { 8, 16, 128, 0, 14, 32, 160 }, // U+0405
    { 8, 16, 128, 0, 14, 32, 192 }, // U+0406
    { 8, 16, 128, 0, 14, 32, 224 }, // U+0407
    { 8, 16, 128, 0, 14, 32, 256 }, // U+0408
    { 8, 16, 128, 0, 14, 32, 288 }, // U+0409
    { 8, 16, 128, 0, 14, 32, 320 }, // U+040A
    { 8, 16, 128, 0, 14, 32, 352 }, // U+040B
    { 8, 16, 128, 0, 14, 32, 384 }, // U+040C
    { 8, 16, 128, 0, 14, 32, 416 }, // U+040D
    { 8, 16, 128, 0, 14, 32, 448 }, // U+040E
    { 8, 16, 128, 0, 14, 32, 480 }, // U+040F
    { 8, 16, 128, 0, 14, 32, 512 }, // U+0410
    { 8, 16, 128, 0, 14, 32, 544 }, // U+0411
    { 8, 16, 128, 0, 14, 32, 576 }, // U+0412
    { 8, 16, 128, 0, 14, 32, 608 }, // U+0413
    { 8, 16, 128, 0, 14, 32, 640 }, // U+0414
    { 8, 16, 128, 0, 14, 32, 672 }, // U+0415
    { 8, 16, 128, 0, 14, 32, 704 }, // U+0416
    { 8, 16, 128, 0, 14, 32, 736 }, // U+0417
    { 8, 16, 128, 0, 14, 32, 768 }, // U+0418
    { 8, 16, 128, 0, 14, 32, 800 }, // U+0419
    { 8, 16, 128, 0, 14, 32, 832 }, // U+041A
    { 8, 16, 128, 0, 14, 32, 864 }, // U+041B
    { 8, 16, 128, 0, 14, 32, 896 }, // U+041C
    { 8, 16, 128, 0, 14, 32, 928 }, // U+041D
    { 8, 16, 128, 0, 14, 32, 960 }, // U+041E
    { 8, 16, 128, 0, 14, 32, 992 }, // U+041F
    { 8, 16, 128, 0, 14, 32, 1024 }, // U+0420
    { 8, 16, 128, 0, 14, 32, 1056 }, // U+0421
    { 8, 16, 128, 0, 14, 32, 1088 }, // U+0422
    { 8, 16, 128, 0, 14, 32, 1120 }, // U+0423
    { 8, 16, 128, 0, 14, 32, 1152 }, // U+0424
    { 8, 16, 128, 0, 14, 32, 1184 }, // U+0425
    { 8, 16, 128, 0, 14, 32, 1216 }, // U+0426
    { 8, 16, 128, 0, 14, 32, 1248 }, // U+0427
    { 8, 16, 128, 0, 14, 32, 1280 }, // U+0428
    { 8, 16, 128, 0, 14, 32, 1312 }, // U+0429
    { 8, 16, 128, 0, 14, 32, 1344 }, // U+042A
    { 8, 16, 128, 0, 14, 32, 1376 }, // U+042B
    { 8, 16, 128, 0, 14, 32, 1408 }, // U+042C
    { 8, 16, 128, 0, 14, 32, 1440 }, // U+042D
    { 8, 16, 128, 0, 14, 32, 1472 }, // U+042E
    { 8, 16, 128, 0, 14, 32, 1504 }, // U+042F
    { 8, 16, 128, 0, 14, 32, 1536 }, // U+0430
    { 8, 16, 128, 0, 14, 32, 1568 }, // U+0431
    { 8, 16, 128, 0, 14, 32, 1600 }, // U+0432
    { 8, 16, 128, 0, 14, 32, 1632 }, // U+0433
    { 8, 16, 128, 0, 14, 32, 1664 }, // U+0434
    { 8, 16, 128, 0, 14, 32, 1696 }, // U+0435
    { 8, 16, 128, 0, 14, 32, 1728 }, // U+0436
    { 8, 16, 128, 0, 14, 32, 1760 }, // U+0437
    { 8, 16, 128, 0, 14, 32, 1792 }, // U+0438
    { 8, 16, 128, 0, 14, 32, 1824 }, // U+0439
    { 8, 16, 128, 0, 14, 32, 1856 }, // U+043A
    { 8, 16, 128, 0, 14, 32, 1888 }, // U+043B
    { 8, 16, 128, 0, 14, 32, 1920 }, // U+043C
    { 8, 16, 128, 0, 14, 32, 1952 }, // U+043D
    { 8, 16, 128, 0, 14, 32, 1984 }, // U+043E
    { 8, 16, 128, 0, 14, 32, 2016 }, // U+043F
    { 8, 16, 128, 0, 14, 32, 2048 }, // U+0440
    { 8, 16, 128, 0, 14, 32, 2080 }, // U+0441
    { 8, 16, 128, 0, 14, 32, 2112 }, // U+0442
    { 8, 16, 128, 0, 14, 32, 2144 }, // U+0443
    { 8, 16, 128, 0, 14, 32, 2176 }, // U+0444
    { 8, 16, 128, 0, 14, 32, 2208 }, // U+0445
    { 8, 16, 128, 0, 14, 32, 2240 }, // U+0446
    { 8, 16, 128, 0, 14, 32, 2272 }, // U+0447
    { 8, 16, 128, 0, 14, 32, 2304 }, // U+0448
    { 8, 16, 128, 0, 14, 32, 2336 }, // U+0449
    { 8, 16, 128, 0, 14, 32, 2368 }, // U+044A
    { 8, 16, 128, 0, 14, 32, 2400 }, // U+044B
    { 8, 16, 128, 0, 14, 32, 2432 }, // U+044C
    { 8, 16, 128, 0, 14, 32, 2464 }, // U+044D
    { 8, 16, 128, 0, 14, 32, 2496 }, // U+044E
    { 8, 16, 128, 0, 14, 32, 2528 }, // U+044F
    { 8, 16, 128, 0, 14, 32, 2560 }, // U+0450
    { 8, 16, 128, 0, 14, 32, 2592 }, // U+0451
    { 8, 16, 128, 0, 14, 32, 2624 }, // U+0452
    { 8, 16, 128, 0, 14, 32, 2656 }, // U+0453
    { 8, 16, 128, 0, 14, 32, 2688 }, // U+0454
    { 8, 16, 128, 0, 14, 32, 2720 }, // U+0455
    { 8, 16, 128, 0, 14, 32, 2752 }, // U+0456
    { 8, 16, 128, 0, 14, 32, 2784 }, // U+0457
    { 8, 16, 128, 0, 14, 32, 2816 }, // U+0458
    { 8, 16, 128, 0, 14, 32, 2848 }, // U+0459
    { 8, 16, 128, 0, 14, 32, 2880 }, // U+045A
    { 8, 16, 128, 0, 14, 32, 2912 }, // U+045B
    { 8, 16, 128, 0, 14, 32, 2944 }, // U+045C
    { 8, 16, 128, 0, 14, 32, 2976 }, // U+045D
    { 8, 16, 128, 0, 14, 32, 3008 }, // U+045E
    { 8, 16, 128, 0, 14, 32, 3040 }, // U+045F
    { 8, 16, 128, 0, 14, 32, 3072 }, // U+0460
    { 8, 16, 128, 0, 14, 32, 3104 }, // U+0461
    { 8, 16, 128, 0, 14, 32, 3136 }, // U+0462
    { 8, 16, 128, 0, 14, 32, 3168 }, // U+0463
    { 8, 16, 128, 0, 14, 32, 3200 }, // U+0464
    { 8, 16, 128, 0, 14, 32, 3232 }, // U+0465
    { 8, 16, 128, 0, 14, 32, 3264 }, // U+0466
    { 8, 16, 128, 0, 14, 32, 3296 }, // U+0467
    { 8, 16, 128, 0, 14, 32, 3328 }, // U+0468
    { 8, 16, 128, 0, 14, 32, 3360 }, // U+0469
    { 8, 16, 128, 0, 14, 32, 3392 }, // U+046A
    { 8, 16, 128, 0, 14, 32, 3424 }, // U+046B
    { 8, 16, 128, 0, 14, 32, 3456 }, // U+046C
    { 8, 16, 128, 0, 14, 32, 3488 }, // U+046D
    { 8, 16, 128, 0, 14, 32, 3520 }, // U+046E
    { 8, 16, 128, 0, 14, 32, 3552 }, // U+046F
    { 8, 16, 128, 0, 14, 32, 3584 }, // U+0470
    { 8, 16, 128, 0, 14, 32, 3616 }, // U+0471
    { 8, 16, 128, 0, 14, 32, 3648 }, // U+0472
    { 8, 16, 128, 0, 14, 32, 3680 }, // U+0473
    { 8, 16, 128, 0, 14, 32, 3712 }, // U+0474
    { 8, 16, 128, 0, 14, 32, 3744 }, // U+0475
    { 8, 16, 128, 0, 14, 32, 3776 }, // U+0476
    { 8, 16, 128, 0, 14, 32, 3808 }, // U+0477
    { 8, 16, 128, 0, 14, 32, 3840 }, // U+0478
    { 8, 16, 128, 0, 14, 32, 3872 }, // U+0479
    { 8, 16, 128, 0, 14, 32, 3904 }, // U+047A
    { 8, 16, 128, 0, 14, 32, 3936 }, // U+047B
    { 8, 16, 128, 0, 14, 32, 3968 }, // U+047C
    { 8, 16, 128, 0, 14, 32, 4000 }, // U+047D
    { 8, 16, 128, 0, 14, 32, 4032 }, // U+047E
    { 8, 16, 128, 0, 14, 32, 4064 }, // U+047F
    { 8, 16, 128, 0, 14, 32, 4096 }, // U+0480
    { 8, 16, 128, 0, 14, 32, 4128 }, // U+0481
    { 8, 16, 128, 0, 14, 32, 4160 }, // U+0482
    { 8, 16, 128, 0, 14, 32, 4192 }, // U+0483
    { 8, 16, 128, 0, 14, 32, 4224 }, // U+0484
    { 8, 16, 128, 0, 14, 32, 4256 }, // U+0485
    { 8, 16, 128, 0, 14, 32, 4288 }, // U+0486
    { 8, 16, 128, 0, 14, 32, 4320 }, // U+0487
    { 16, 16, 256, 0, 14, 64, 4352 }, // U+0488
    { 16, 16, 256, 0, 14, 64, 4416 }, // U+0489
    { 8, 16, 128, 0, 14, 32, 4480 }, // U+048A
    { 8, 16, 128, 0, 14, 32, 4512 }, // U+048B
    { 8, 16, 128, 0, 14, 32, 4544 }, // U+048C
    { 8, 16, 128, 0, 14, 32, 4576 }, // U+048D
    { 8, 16, 128, 0, 14, 32, 4608 }, // U+048E
    { 8, 16, 128, 0, 14, 32, 4640 }, // U+048F
    { 8, 16, 128, 0, 14, 32, 4672 }, // U+0490
    { 8, 16, 128, 0, 14, 32, 4704 }, // U+0491
    { 8, 16, 128, 0, 14, 32, 4736 }, // U+0492
    { 8, 16, 128, 0, 14, 32, 4768 }, // U+0493
    { 8, 16, 128, 0, 14, 32, 4800 }, // U+0494
    { 8, 16, 128, 0, 14, 32, 4832 }, // U+0495
    { 8, 16, 128, 0, 14, 32, 4864 }, // U+0496
    { 8, 16, 128, 0, 14, 32, 4896 }, // U+0497
    { 8, 16, 128, 0, 14, 32, 4928 }, // U+0498
    { 8, 16, 128, 0, 14, 32, 4960 }, // U+0499
    { 8, 16, 128, 0, 14, 32, 4992 }, // U+049A
    { 8, 16, 128, 0, 14, 32, 5024 }, // U+049B
    { 8, 16, 128, 0, 14, 32, 5056 }, // U+049C
    { 8, 16, 128, 0, 14, 32, 5088 }, // U+049D
    { 8, 16, 128, 0, 14, 32, 5120 }, // U+049E
    { 8, 16, 128, 0, 14, 32, 5152 }, // U+049F
    { 8, 16, 128, 0, 14, 32, 5184 }, // U+04A0
    { 8, 16, 128, 0, 14, 32, 5216 }, // U+04A1
    { 8, 16, 128, 0, 14, 32, 5248 }, // U+04A2
    { 8, 16, 128, 0, 14, 32, 5280 }, // U+04A3
    { 8, 16, 128, 0, 14, 32, 5312 }, // U+04A4
    { 8, 16, 128, 0, 14, 32, 5344 }, // U+04A5
    { 8, 16, 128, 0, 14, 32, 5376 }, // U+04A6
    { 8, 16, 128, 0, 14, 32, 5408 }, // U+04A7
    { 8, 16, 128, 0, 14, 32, 5440 }, // U+04A8
    { 8, 16, 128, 0, 14, 32, 5472 }, // U+04A9
    { 8, 16, 128, 0, 14, 32, 5504 }, // U+04AA
    { 8, 16, 128, 0, 14, 32, 5536 }, // U+04AB
    { 8, 16, 128, 0, 14, 32, 5568 }, // U+04AC
    { 8, 16, 128, 0, 14, 32, 5600 }, // U+04AD
    { 8, 16, 128, 0, 14, 32, 5632 }, // U+04AE
    { 8, 16, 128, 0, 14, 32, 5664 }, // U+04AF
    { 8, 16, 128, 0, 14, 32, 5696 }, // U+04B0
    { 8, 16, 128, 0, 14, 32, 5728 }, // U+04B1
    { 8, 16, 128, 0, 14, 32, 5760 }, // U+04B2
    { 8, 16, 128, 0, 14, 32, 5792 }, // U+04B3
    { 8, 16, 128, 0, 14, 32, 5824 }, // U+04B4
    { 8, 16, 128, 0, 14, 32, 5856 }, // U+04B5
    { 8, 16, 128, 0, 14, 32, 5888 }, // U+04B6
    { 8, 16, 128, 0, 14, 32, 5920 }, // U+04B7
    { 8, 16, 128, 0, 14, 32, 5952 }, // U+04B8
    { 8, 16, 128, 0, 14, 32, 5984 }, // U+04B9
    { 8, 16, 128, 0, 14, 32, 6016 }, // U+04BA
    { 8, 16, 128, 0, 14, 32, 6048 }, // U+04BB
    { 8, 16, 128, 0, 14, 32, 6080 }, // U+04BC
    { 8, 16, 128, 0, 14, 32, 6112 }, // U+04BD
    { 8, 16, 128, 0, 14, 32, 6144 }, // U+04BE
    { 8, 16, 128, 0, 14, 32, 6176 }, // U+04BF
    { 8, 16, 128, 0, 14, 32, 6208 }, // U+04C0
    { 8, 16, 128, 0, 14, 32, 6240 }, // U+04C1
    { 8, 16, 128, 0, 14, 32, 6272 }, // U+04C2
    { 8, 16, 128, 0, 14, 32, 6304 }, // U+04C3
    { 8, 16, 128, 0, 14, 32, 6336 }, // U+04C4
    { 8, 16, 128, 0, 14, 32, 6368 }, // U+04C5
    { 8, 16, 128, 0, 14, 32, 6400 }, // U+04C6
    { 8, 16, 128, 0, 14, 32, 6432 }, // U+04C7
    { 8, 16, 128, 0, 14, 32, 6464 }, // U+04C8
    { 8, 16, 128, 0, 14, 32, 6496 }, // U+04C9
    { 8, 16, 128, 0, 14, 32, 6528 }, // U+04CA
    { 8, 16, 128, 0, 14, 32, 6560 }, // U+04CB
    { 8, 16, 128, 0, 14, 32, 6592 }, // U+04CC
    { 8, 16, 128, 0, 14, 32, 6624 }, // U+04CD
    { 8, 16, 128, 0, 14, 32, 6656 }, // U+04CE
    { 8, 16, 128, 0, 14, 32, 6688 }, // U+04CF
    { 8, 16, 128, 0, 14, 32, 6720 }, // U+04D0
    { 8, 16, 128, 0, 14, 32, 6752 }, // U+04D1
    { 8, 16, 128, 0, 14, 32, 6784 }, // U+04D2
    { 8, 16, 128, 0, 14, 32, 6816 }, // U+04D3
    { 8, 16, 128, 0, 14, 32, 6848 }, // U+04D4
    { 8, 16, 128, 0, 14, 32, 6880 }, // U+04D5
    { 8, 16, 128, 0, 14, 32, 6912 }, // U+04D6
    { 8, 16, 128, 0, 14, 32, 6944 }, // U+04D7
    { 8, 16, 128, 0, 14, 32, 6976 }, // U+04D8
    { 8, 16, 128, 0, 14, 32, 7008 }, // U+04D9
    { 8, 16, 128, 0, 14, 32, 7040 }, // U+04DA
    { 8, 16, 128, 0, 14, 32, 7072 }, // U+04DB
    { 8, 16, 128, 0, 14, 32, 7104 }, // U+04DC
    { 8, 16, 128, 0, 14, 32, 7136 }, // U+04DD
    { 8, 16, 128, 0, 14, 32, 7168 }, // U+04DE
    { 8, 16, 128, 0, 14, 32, 7200 }, // U+04DF
    { 8, 16, 128, 0, 14, 32, 7232 }, // U+04E0
    { 8, 16, 128, 0, 14, 32, 7264 }, // U+04E1
    { 8, 16, 128, 0, 14, 32, 7296 }, // U+04E2
    { 8, 16, 128, 0, 14, 32, 7328 }, // U+04E3
    { 8, 16, 128, 0, 14, 32, 7360 }, // U+04E4
    { 8, 16, 128, 0, 14, 32, 7392 }, // U+04E5
    { 8, 16, 128, 0, 14, 32, 7424 }, // U+04E6
    { 8, 16, 128, 0, 14, 32, 7456 }, // U+04E7
    { 8, 16, 128, 0, 14, 32, 7488 }, // U+04E8
    { 8, 16, 128, 0, 14, 32, 7520 }, // U+04E9
    { 8, 16, 128, 0, 14, 32, 7552 }, // U+04EA
    { 8, 16, 128, 0, 14, 32, 7584 }, // U+04EB
    { 8, 16, 128, 0, 14, 32, 7616 }, // U+04EC
    { 8, 16, 128, 0, 14, 32, 7648 }, // U+04ED
    { 8, 16, 128, 0, 14, 32, 7680 }, // U+04EE
    { 8, 16, 128, 0, 14, 32, 7712 }, // U+04EF
    { 8, 16, 128, 0, 14, 32, 7744 }, // U+04F0
    { 8, 16, 128, 0, 14, 32, 7776 }, // U+04F1
    { 8, 16, 128, 0, 14, 32, 7808 }, // U+04F2
    { 8, 16, 128, 0, 14, 32, 7840 }, // U+04F3
    { 8, 16, 128, 0, 14, 32, 7872 }, // U+04F4
    { 8, 16, 128, 0, 14, 32, 7904 }, // U+04F5
    { 8, 16, 128, 0, 14, 32, 7936 }, // U+04F6
    { 8, 16, 128, 0, 14, 32, 7968 }, // U+04F7
    { 8, 16, 128, 0, 14, 32, 8000 }, // U+04F8
    { 8, 16, 128, 0, 14, 32, 8032 }, // U+04F9
    { 8, 16, 128, 0, 14, 32, 8064 }, // U+04FA
    { 8, 16, 128, 0, 14, 32, 8096 }, // U+04FB
    { 8, 16, 128, 0, 14, 32, 8128 }, // U+04FC
    { 8, 16, 128, 0, 14, 32, 8160 }, // U+04FD
    { 8, 16, 128, 0, 14, 32, 8192 }, // U+04FE
    { 8, 16, 128, 0, 14, 32, 8224 }, // U+04FF
    { 18, 22, 288, 2, 19, 99, 0 }, // U+1E0C
    { 14, 22, 224, 2, 19, 77, 99 }, // U+1E0D
    { 18, 22, 288, 2, 19, 99, 176 }, // U+1E24
    { 12, 22, 208, 2, 19, 66, 275 }, // U+1E25
    { 11, 22, 224, 2, 19, 61, 341 }, // U+1E36
    { 6, 22, 96, 2, 19, 33, 402 }, // U+1E37
    { 11, 25, 224, 2, 22, 69, 435 }, // U+1E38
    { 7, 25, 96, 2, 22, 44, 504 }, // U+1E39
    { 11, 22, 224, 2, 19, 61, 548 }, // U+1E3A
    { 7, 22, 96, 1, 19, 39, 609 }, // U+1E3B
    { 22, 22, 352, 2, 22, 121, 648 }, // U+1E40
    { 18, 17, 320, 2, 17, 77, 769 }, // U+1E41
    { 22, 22, 352, 2, 19, 121, 846 }, // U+1E42
    { 18, 17, 320, 2, 14, 77, 967 }, // U+1E43
    { 18, 22, 288, 2, 22, 99, 1044 }, // U+1E44
    { 12, 17, 224, 2, 17, 51, 1143 }, // U+1E45
    { 18, 22, 288, 2, 19, 99, 1194 }, // U+1E46
    { 12, 17, 224, 2, 14, 51, 1293 }, // U+1E47
    { 18, 22, 288, 2, 19, 99, 1344 }, // U+1E48
    { 12, 17, 224, 2, 14, 51, 1443 }, // U+1E49
    { 16, 22, 272, 2, 19, 88, 1494 }, // U+1E5A
    { 9, 17, 144, 2, 14, 39, 1582 }, // U+1E5B
    { 16, 25, 272, 2, 22, 100, 1621 }, // U+1E5C
    { 9, 20, 144, 2, 17, 45, 1721 }, // U+1E5D
    { 16, 22, 272, 2, 19, 88, 1766 }, // U+1E5E
    { 10, 17, 144, 1, 14, 43, 1854 }, // U+1E5F
    { 15, 22, 256, 2, 19, 83, 1897 }, // U+1E62
    { 12, 17, 192, 1, 14, 51, 1980 }, // U+1E63
    { 14, 22, 256, 5, 19, 77, 2031 }, // U+1E6C
    { 7, 21, 128, 3, 18, 37, 2108 }, // U+1E6D
    { 15, 22, 272, 1, 19, 83, 0 }, // U+1EA0
    { 11, 17, 208, 2, 14, 47, 83 }, // U+1EA1
    { 8, 16, 128, 0, 14, 32, 130 }, // U+1EA2
    { 8, 16, 128, 0, 14, 32, 162 }, // U+1EA3
    { 15, 29, 272, 1, 29, 109, 194 }, // U+1EA4
    { 11, 24, 208, 2, 24, 66, 303 }, // U+1EA5
    { 15, 29, 272, 1, 29, 109, 369 }, // U+1EA6
    { 11, 24, 208, 2, 24, 66, 478 }, // U+1EA7
    { 8, 16, 128, 0, 14, 32, 544 }, // U+1EA8
    { 8, 16, 128, 0, 14, 32, 576 }, // U+1EA9
    { 15, 28, 272, 1, 28, 105, 608 }, // U+1EAA
    { 11, 23, 208, 2, 23, 64, 713 }, // U+1EAB
    { 15, 27, 272, 1, 24, 102, 777 }, // U+1EAC
    { 11, 22, 208, 2, 19, 61, 879 }, // U+1EAD
    { 15, 29, 272, 1, 29, 109, 940 }, // U+1EAE
    { 11, 24, 208, 2, 24, 66, 1049 }, // U+1EAF
    { 15, 29, 272, 1, 29, 109, 1115 }, // U+1EB0
    { 11, 24, 208, 2, 24, 66, 1224 }, // U+1EB1
    { 8, 16, 128, 0, 14, 32, 1290 }, // U+1EB2
    { 8, 16, 128, 0, 14, 32, 1322 }, // U+1EB3
    { 15, 28, 272, 1, 28, 105, 1354 }, // U+1EB4
    { 11, 23, 208, 2, 23, 64, 1459 }, // U+1EB5
    { 15, 27, 272, 1, 24, 102, 1523 }, // U+1EB6
    { 11, 22, 208, 2, 19, 61, 1625 }, // U+1EB7
    { 16, 22, 256, 2, 19, 88, 1686 }, // U+1EB8
    { 12, 17, 208, 2, 14, 51, 1774 }, // U+1EB9
    { 8, 16, 128, 0, 14, 32, 1825 }, // U+1EBA
    { 8, 16, 128, 0, 14, 32, 1857 }, // U+1EBB
    { 16, 23, 256, 2, 23, 92, 1889 }, // U+1EBC
    { 12, 18, 208, 2, 18, 54, 1981 }, // U+1EBD
    { 16, 29, 256, 2, 29, 116, 2035 }, // U+1EBE
    { 12, 24, 208, 2, 24, 72, 2151 }, // U+1EBF
    { 16, 29, 256, 2, 29, 116, 2223 }, // U+1EC0
    { 12, 24, 208, 2, 24, 72, 2339 }, // U+1EC1
    { 8, 16, 128, 0, 14, 32, 2411 }, // U+1EC2
    { 8, 16, 128, 0, 14, 32, 2443 }, // U+1EC3
    { 16, 28, 256, 2, 28, 112, 2475 }, // U+1EC4
    { 12, 23, 208, 2, 23, 69, 2587 }, // U+1EC5
    { 16, 27, 256, 2, 24, 108, 2656 }, // U+1EC6
    { 12, 22, 208, 2, 19, 66, 2764 }, // U+1EC7
    { 8, 16, 128, 0, 14, 32, 2830 }, // U+1EC8
    { 8, 16, 128, 0, 14, 32, 2862 }, // U+1EC9
    { 6, 22, 128, 3, 19, 33, 2894 }, // U+1ECA
    { 6, 22, 96, 2, 19, 33, 2927 }, // U+1ECB
    { 18, 22, 288, 2, 19, 99, 2960 }, // U+1ECC
    { 12, 17, 208, 2, 14, 51, 3059 }, // U+1ECD
    { 8, 16, 128, 0, 14, 32, 3110 }, // U+1ECE
    { 8, 16, 128, 0, 14, 32, 3142 }, // U+1ECF
    { 18, 29, 288, 2, 29, 131, 3174 }, // U+1ED0
    { 12, 24, 208, 2, 24, 72, 3305 }, // U+1ED1
    { 18, 29, 288, 2, 29, 131, 3377 }, // U+1ED2
    { 12, 24, 208, 2, 24, 72, 3508 }, // U+1ED3
    { 8, 16, 128, 0, 14, 32, 3580 }, // U+1ED4
    { 8, 16, 128, 0, 14, 32, 3612 }, // U+1ED5
    { 18, 28, 288, 2, 28, 126, 3644 }, // U+1ED6
    { 12, 23, 208, 2, 23, 69, 3770 }, // U+1ED7
    { 18, 27, 288, 2, 24, 122, 3839 }, // U+1ED8
    { 12, 22, 208, 2, 19, 66, 3961 }, // U+1ED9
    { 19, 24, 288, 2, 24, 114, 4027 }, // U+1EDA
    { 14, 19, 208, 2, 19, 67, 4141 }, // U+1EDB
    { 19, 24, 288, 2, 24, 114, 4208 }, // U+1EDC
    { 14, 19, 208, 2, 19, 67, 4322 }, // U+1EDD
    { 8, 16, 128, 0, 14, 32, 4389 }, // U+1EDE
    { 8, 16, 128, 0, 14, 32, 4421 }, // U+1EDF
    { 19, 23, 288, 2, 23, 110, 4453 }, // U+1EE0
    { 14, 18, 208, 2, 18, 63, 4563 }, // U+1EE1
    { 19, 22, 288, 2, 19, 105, 4626 }, // U+1EE2
    { 14, 17, 208, 2, 14, 60, 4731 }, // U+1EE3
    { 17, 22, 288, 3, 19, 94, 4791 }, // U+1EE4
    { 12, 17, 224, 3, 14, 51, 4885 }, // U+1EE5
    { 8, 16, 128, 0, 14, 32, 4936 }, // U+1EE6
    { 8, 16, 128, 0, 14, 32, 4968 }, // U+1EE7
    { 18, 24, 288, 3, 24, 108, 5000 }, // U+1EE8
    { 14, 19, 224, 3, 19, 67, 5108 }, // U+1EE9
    { 18, 24, 288, 3, 24, 108, 5175 }, // U+1EEA
    { 14, 19, 224, 3, 19, 67, 5283 }, // U+1EEB
    { 8, 16, 128, 0, 14, 32, 5350 }, // U+1EEC
    { 8, 16, 128, 0, 14, 32, 5382 }, // U+1EED
    { 18, 23, 288, 3, 23, 104, 5414 }, // U+1EEE
    { 14, 18, 224, 3, 18, 63, 5518 }, // U+1EEF
    { 18, 22, 288, 3, 19, 99, 5581 }, // U+1EF0
    { 14, 17, 224, 3, 14, 60, 5680 }, // U+1EF1
    { 14, 24, 256, 6, 24, 84, 5740 }, // U+1EF2
    { 14, 24, 208, 1, 19, 84, 5824 }, // U+1EF3
    { 14, 22, 256, 6, 19, 77, 5908 }, // U+1EF4
    { 14, 22, 208, 1, 14, 77, 5985 }, // U+1EF5
    { 8, 16, 128, 0, 14, 32, 6062 }, // U+1EF6
    { 8, 16, 128, 0, 14, 32, 6094 }, // U+1EF7
    { 14, 23, 256, 6, 23, 81, 6126 }, // U+1EF8
    { 14, 23, 208, 1, 18, 81, 6207 }, // U+1EF9
    { 1, 1, 208, 0, 1, 1, 0 }, // U+2000
    { 1, 1, 400, 0, 1, 1, 1 }, // U+2001
    { 1, 1, 208, 0, 1, 1, 2 }, // U+2002
    { 1, 1, 400, 0, 1, 1, 3 }, // U+2003
    { 1, 1, 128, 0, 1, 1, 4 }, // U+2004
    { 1, 1, 96, 0, 1, 1, 5 }, // U+2005
    { 1, 1, 64, 0, 1, 1, 6 }, // U+2006
    { 1, 1, 208, 0, 1, 1, 7 }, // U+2007
    { 1, 1, 96, 0, 1, 1, 8 }, // U+2008
    { 1, 1, 80, 0, 1, 1, 9 }, // U+2009
    { 1, 1, 48, 0, 1, 1, 10 }, // U+200A
    { 1, 1, 0, 0, 1, 1, 11 }, // U+200B
    { 16, 16, 256, 0, 14, 64, 12 }, // U+200C
    { 16, 16, 256, 0, 14, 64, 76 }, // U+200D
    { 16, 16, 256, 0, 14, 64, 140 }, // U+200E
    { 16, 16, 256, 0, 14, 64, 204 }, // U+200F
    { 7, 2, 128, 2, 8, 4, 268 }, // U+2010
    { 7, 2, 128, 2, 8, 4, 272 }, // U+2011
    { 15, 2, 224, 1, 8, 8, 276 }, // U+2012
    { 15, 2, 224, 1, 8, 8, 284 }, // U+2013
    { 25, 2, 400, 2, 8, 13, 292 }, // U+2014
    { 25, 2, 400, 2, 8, 13, 305 }, // U+2015
    { 8, 16, 128, 0, 14, 32, 318 }, // U+2016
    { 8, 16, 128, 0, 14, 32, 350 }, // U+2017
    { 3, 6, 96, 5, 19, 5, 382 }, // U+2018
    { 3, 6, 96, 5, 19, 5, 387 }, // U+2019
    { 3, 6, 96, 2, 3, 5, 392 }, // U+201A
    { 3, 6, 96, 5, 19, 5, 397 }, // U+201B
    { 7, 6, 144, 4, 19, 11, 402 }, // U+201C
    { 7, 6, 144, 4, 19, 11, 413 }, // U+201D
    { 7, 6, 128, 0, 3, 11, 424 }, // U+201E
    { 7, 6, 144, 4, 19, 11, 435 }, // U+201F
    { 12, 24, 224, 4, 19, 72, 446 }, // U+2020
    { 15, 24, 224, 1, 19, 90, 518 }, // U+2021
    { 5, 5, 128, 3, 11, 7, 608 }, // U+2022
    { 8, 16, 128, 0, 14, 32, 615 }, // U+2023
    { 8, 16, 128, 0, 14, 32, 647 }, // U+2024
    { 8, 16, 128, 0, 14, 32, 679 }, // U+2025
    { 18, 3, 400, 3, 3, 14, 711 }, // U+2026
    { 8, 16, 128, 0, 14, 32, 725 }, // U+2027
    { 16, 16, 256, 0, 14, 64, 757 }, // U+2028
    { 16, 16, 256, 0, 14, 64, 821 }, // U+2029
    { 16, 16, 256, 0, 14, 64, 885 }, // U+202A
    { 16, 16, 256, 0, 14, 64, 949 }, // U+202B
    { 16, 16, 256, 0, 14, 64, 1013 }, // U+202C
    { 16, 16, 256, 0, 14, 64, 1077 }, // U+202D
    { 16, 16, 256, 0, 14, 64, 1141 }, // U+202E
    { 8, 16, 128, 0, 14, 32, 1205 }, // U+202F
    { 21, 18, 368, 2, 18, 95, 1237 }, // U+2030
    { 8, 16, 128, 0, 14, 32, 1332 }, // U+2031
    { 8, 16, 128, 0, 14, 32, 1364 }, // U+2032
    { 8, 16, 128, 0, 14, 32, 1396 }, // U+2033
    { 8, 16, 128, 0, 14, 32, 1428 }, // U+2034
    { 8, 16, 128, 0, 14, 32, 1460 }, // U+2035
    { 8, 16, 128, 0, 14, 32, 1492 }, // U+2036
    { 8, 16, 128, 0, 14, 32, 1524 }, // U+2037
    { 8, 16, 128, 0, 14, 32, 1556 }, // U+2038
    { 6, 8, 128, 2, 11, 12, 1588 }, // U+2039
    { 6, 8, 128, 3, 11, 12, 1600 }, // U+203A
    { 8, 16, 128, 0, 14, 32, 1612 }, // U+203B
    { 8, 16, 128, 0, 14, 32, 1644 }, // U+203C
    { 8, 16, 128, 0, 14, 32, 1676 }, // U+203D
    { 8, 16, 128, 0, 14, 32, 1708 }, // U+203E
    { 8, 16, 128, 0, 14, 32, 1740 }, // U+203F
    { 8, 16, 128, 0, 14, 32, 1772 }, // U+2040
    { 8, 16, 128, 0, 14, 32, 1804 }, // U+2041
    { 8, 16, 128, 0, 14, 32, 1836 }, // U+2042
    { 8, 16, 128, 0, 14, 32, 1868 }, // U+2043
    { 14, 19, 144, 0, 19, 67, 1900 }, // U+2044
    { 8, 16, 128, 0, 14, 32, 1967 }, // U+2045
    { 8, 16, 128, 0, 14, 32, 1999 }, // U+2046
    { 8, 16, 128, 0, 14, 32, 2031 }, // U+2047
    { 8, 16, 128, 0, 14, 32, 2063 }, // U+2048
    { 8, 16, 128, 0, 14, 32, 2095 }, // U+2049
    { 8, 16, 128, 0, 14, 32, 2127 }, // U+204A
    { 8, 16, 128, 0, 14, 32, 2159 }, // U+204B
    { 8, 16, 128, 0, 14, 32, 2191 }, // U+204C
    { 8, 16, 128, 0, 14, 32, 2223 }, // U+204D
    { 8, 16, 128, 0, 14, 32, 2255 }, // U+204E
    { 8, 16, 128, 0, 14, 32, 2287 }, // U+204F
    { 8, 16, 128, 0, 14, 32, 2319 }, // U+2050
    { 8, 16, 128, 0, 14, 32, 2351 }, // U+2051
    { 8, 16, 128, 0, 14, 32, 2383 }, // U+2052
    { 8, 16, 128, 0, 14, 32, 2415 }, // U+2053
    { 8, 16, 128, 0, 14, 32, 2447 }, // U+2054
    { 8, 16, 128, 0, 14, 32, 2479 }, // U+2055
    { 8, 16, 128, 0, 14, 32, 2511 }, // U+2056
    { 16, 16, 256, 0, 14, 64, 2543 }, // U+2057
    { 8, 16, 128, 0, 14, 32, 2607 }, // U+2058
    { 8, 16, 128, 0, 14, 32, 2639 }, // U+2059
    { 8, 16, 128, 0, 14, 32, 2671 }, // U+205A
    { 8, 16, 128, 0, 14, 32, 2703 }, // U+205B
    { 8, 16, 128, 0, 14, 32, 2735 }, // U+205C
    { 8, 16, 128, 0, 14, 32, 2767 }, // U+205D
    { 8, 16, 128, 0, 14, 32, 2799 }, // U+205E
    { 8, 16, 128, 0, 14, 32, 2831 }, // U+205F
    { 16, 16, 256, 0, 14, 64, 2863 }, // U+2060
    { 16, 16, 256, 0, 14, 64, 2927 }, // U+2061
    { 16, 16, 256, 0, 14, 64, 2991 }, // U+2062
    { 16, 16, 256, 0, 14, 64, 3055 }, // U+2063
    { 16, 16, 256, 0, 14, 64, 3119 }, // U+2064
    { 16, 16, 256, 0, 14, 64, 3183 }, // U+2065
    { 16, 16, 256, 0, 14, 64, 3247 }, // U+2066
    { 16, 16, 256, 0, 14, 64, 3311 }, // U+2067
    { 16, 16, 256, 0, 14, 64, 3375 }, // U+2068
    { 16, 16, 256, 0, 14, 64, 3439 }, // U+2069
    { 16, 16, 256, 0, 14, 64, 3503 }, // U+206A
    { 16, 16, 256, 0, 14, 64, 3567 }, // U+206B
    { 16, 16, 256, 0, 14, 64, 3631 }, // U+206C
    { 16, 16, 256, 0, 14, 64, 3695 }, // U+206D
    { 16, 16, 256, 0, 14, 64, 3759 }, // U+206E
    { 16, 16, 256, 0, 14, 64, 3823 }, // U+206F
    { 8, 16, 128, 0, 14, 32, 0 }, // U+2070
    { 8, 16, 128, 0, 14, 32, 32 }, // U+2071
    { 16, 16, 256, 0, 14, 64, 64 }, // U+2072
    { 16, 16, 256, 0, 14, 64, 128 }, // U+2073
    { 8, 16, 128, 0, 14, 32, 192 }, // U+2074
    { 8, 16, 128, 0, 14, 32, 224 }, // U+2075
    { 8, 16, 128, 0, 14, 32, 256 }, // U+2076
    { 8, 16, 128, 0, 14, 32, 288 }, // U+2077
    { 8, 16, 128, 0, 14, 32, 320 }, // U+2078
    { 8, 16, 128, 0, 14, 32, 352 }, // U+2079
    { 8, 16, 128, 0, 14, 32, 384 }, // U+207A
    { 8, 16, 128, 0, 14, 32, 416 }, // U+207B
    { 8, 16, 128, 0, 14, 32, 448 }, // U+207C
    { 8, 16, 128, 0, 14, 32, 480 }, // U+207D
    { 8, 16, 128, 0, 14, 32, 512 }, // U+207E
    { 8, 16, 128, 0, 14, 32, 544 }, // U+207F
    { 8, 16, 128, 0, 14, 32, 576 }, // U+2080
    { 4, 10, 112, 4, 5, 10, 608 }, // U+2081
    { 7, 10, 112, 2, 5, 18, 618 }, // U+2082
    { 8, 10, 112, 2, 5, 20, 636 }, // U+2083
    { 8, 16, 128, 0, 14, 32, 656 }, // U+2084
    { 8, 16, 128, 0, 14, 32, 688 }, // U+2085
    { 8, 16, 128, 0, 14, 32, 720 }, // U+2086
    { 8, 16, 128, 0, 14, 32, 752 }, // U+2087
    { 8, 16, 128, 0, 14, 32, 784 }, // U+2088
    { 8, 16, 128, 0, 14, 32, 816 }, // U+2089
    { 8, 16, 128, 0, 14, 32, 848 }, // U+208A
    { 8, 16, 128, 0, 14, 32, 880 }, // U+208B
    { 8, 16, 128, 0, 14, 32, 912 }, // U+208C
    { 8, 16, 128, 0, 14, 32, 944 }, // U+208D
    { 8, 16, 128, 0, 14, 32, 976 }, // U+208E
    { 8, 16, 128, 0, 14, 32, 1008 }, // U+208F
    { 8, 16, 128, 0, 14, 32, 1040 }, // U+2090
    { 8, 16, 128, 0, 14, 32, 1072 }, // U+2091
    { 8, 16, 128, 0, 14, 32, 1104 }, // U+2092
    { 8, 16, 128, 0, 14, 32, 1136 }, // U+2093
    { 8, 16, 128, 0, 14, 32, 1168 }, // U+2094
    { 8, 16, 128, 0, 14, 32, 1200 }, // U+2095
    { 8, 16, 128, 0, 14, 32, 1232 }, // U+2096
    { 8, 16, 128, 0, 14, 32, 1264 }, // U+2097
    { 8, 16, 128, 0, 14, 32, 1296 }, // U+2098
    { 8, 16, 128, 0, 14, 32, 1328 }, // U+2099
    { 8, 16, 128, 0, 14, 32, 1360 }, // U+209A
    { 8, 16, 128, 0, 14, 32, 1392 }, // U+209B
    { 8, 16, 128, 0, 14, 32, 1424 }, // U+209C
    { 8, 16, 128, 0, 14, 32, 1456 }, // U+209D
    { 8, 16, 128, 0, 14, 32, 1488 }, // U+209E
    { 8, 16, 128, 0, 14, 32, 1520 }, // U+209F
    { 8, 16, 128, 0, 14, 32, 0 }, // U+20A0
    { 8, 16, 128, 0, 14, 32, 32 }, // U+20A1
    { 8, 16, 128, 0, 14, 32, 64 }, // U+20A2
    { 8, 16, 128, 0, 14, 32, 96 }, // U+20A3
    { 8, 16, 128, 0, 14, 32, 128 }, // U+20A4
    { 18, 19, 320, 2, 17, 86, 160 }, // U+20A5
    { 18, 19, 288, 2, 19, 86, 246 }, // U+20A6
    { 8, 16, 128, 0, 14, 32, 332 }, // U+20A7
    { 8, 16, 128, 0, 14, 32, 364 }, // U+20A8
    { 20, 19, 352, 5, 19, 95, 396 }, // U+20A9
    { 8, 16, 128, 0, 14, 32, 491 }, // U+20AA
    { 8, 16, 128, 0, 14, 32, 523 }, // U+20AB
    { 19, 19, 288, 0, 19, 91, 555 }, // U+20AC
    { 17, 19, 288, 2, 19, 81, 646 }, // U+20AD
    { 8, 16, 128, 0, 14, 32, 727 }, // U+20AE
    { 8, 16, 128, 0, 14, 32, 759 }, // U+20AF
    { 8, 16, 128, 0, 14, 32, 791 }, // U+20B0
    { 8, 16, 128, 0, 14, 32, 823 }, // U+20B1
    { 8, 16, 128, 0, 14, 32, 855 }, // U+20B2
    { 8, 16, 128, 0, 14, 32, 887 }, // U+20B3
    { 8, 16, 128, 0, 14, 32, 919 }, // U+20B4
    { 8, 16, 128, 0, 14, 32, 951 }, // U+20B5
    { 8, 16, 128, 0, 14, 32, 983 }, // U+20B6
    { 8, 16, 128, 0, 14, 32, 1015 }, // U+20B7
    { 8, 16, 128, 0, 14, 32, 1047 }, // U+20B8
    { 16, 16, 256, 0, 14, 64, 1079 }, // U+20B9
    { 8, 16, 128, 0, 14, 32, 1143 }, // U+20BA
    { 8, 16, 128, 0, 14, 32, 1175 }, // U+20BB
    { 8, 16, 128, 0, 14, 32, 1207 }, // U+20BC
    { 8, 16, 128, 0, 14, 32, 1239 }, // U+20BD
    { 8, 16, 128, 0, 14, 32, 1271 }, // U+20BE
    { 8, 16, 128, 0, 14, 32, 1303 }, // U+20BF
    { 8, 16, 128, 0, 14, 32, 1335 }, // U+20C0
    { 8, 16, 128, 0, 14, 32, 1367 }, // U+20C1
    { 8, 16, 128, 0, 14, 32, 1399 }, // U+20C2
    { 8, 16, 128, 0, 14, 32, 1431 }, // U+20C3
    { 8, 16, 128, 0, 14, 32, 1463 }, // U+20C4
    { 16, 16, 256, 0, 14, 64, 1495 }, // U+20C5
    { 16, 16, 256, 0, 14, 64, 1559 }, // U+20C6
    { 16, 16, 256, 0, 14, 64, 1623 }, // U+20C7
    { 16, 16, 256, 0, 14, 64, 1687 }, // U+20C8
    { 16, 16, 256, 0, 14, 64, 1751 }, // U+20C9
    { 16, 16, 256, 0, 14, 64, 1815 }, // U+20CA
    { 16, 16, 256, 0, 14, 64, 1879 }, // U+20CB
    { 16, 16, 256, 0, 14, 64, 1943 }, // U+20CC
    { 16, 16, 256, 0, 14, 64, 2007 }, // U+20CD
    { 16, 16, 256, 0, 14, 64, 2071 }, // U+20CE
    { 16, 16, 256, 0, 14, 64, 2135 }, // U+20CF
    { 8, 16, 128, 0, 14, 32, 0 }, // U+2190
    { 8, 16, 128, 0, 14, 32, 32 }, // U+2191
    { 8, 16, 128, 0, 14, 32, 64 }, // U+2192
    { 8, 16, 128, 0, 14, 32, 96 }, // U+2193
    { 8, 16, 128, 0, 14, 32, 128 }, // U+2194
    { 8, 16, 128, 0, 14, 32, 160 }, // U+2195
    { 8, 16, 128, 0, 14, 32, 192 }, // U+2196
    { 8, 16, 128, 0, 14, 32, 224 }, // U+2197
    { 8, 16, 128, 0, 14, 32, 256 }, // U+2198
    { 8, 16, 128, 0, 14, 32, 288 }, // U+2199
    { 8, 16, 128, 0, 14, 32, 320 }, // U+219A
    { 8, 16, 128, 0, 14, 32, 352 }, // U+219B
    { 16, 16, 256, 0, 14, 64, 384 }, // U+219C
    { 16, 16, 256, 0, 14, 64, 448 }, // U+219D
    { 8, 16, 128, 0, 14, 32, 512 }, // U+219E
    { 8, 16, 128, 0, 14, 32, 544 }, // U+219F
    { 8, 16, 128, 0, 14, 32, 576 }, // U+21A0
    { 8, 16, 128, 0, 14, 32, 608 }, // U+21A1
    { 8, 16, 128, 0, 14, 32, 640 }, // U+21A2
    { 8, 16, 128, 0, 14, 32, 672 }, // U+21A3
    { 8, 16, 128, 0, 14, 32, 704 }, // U+21A4
    { 8, 16, 128, 0, 14, 32, 736 }, // U+21A5
    { 8, 16, 128, 0, 14, 32, 768 }, // U+21A6
    { 8, 16, 128, 0, 14, 32, 800 }, // U+21A7
    { 8, 16, 128, 0, 14, 32, 832 }, // U+21A8
    { 8, 16, 128, 0, 14, 32, 864 }, // U+21A9
    { 8, 16, 128, 0, 14, 32, 896 }, // U+21AA
    { 8, 16, 128, 0, 14, 32, 928 }, // U+21AB
    { 8, 16, 128, 0, 14, 32, 960 }, // U+21AC
    { 8, 16, 128, 0, 14, 32, 992 }, // U+21AD
    { 8, 16, 128, 0, 14, 32, 1024 }, // U+21AE
    { 8, 16, 128, 0, 14, 32, 1056 }, // U+21AF
    { 8, 16, 128, 0, 14, 32, 1088 }, // U+21B0
    { 8, 16, 128, 0, 14, 32, 1120 }, // U+21B1
    { 8, 16, 128, 0, 14, 32, 1152 }, // U+21B2
    { 8, 16, 128, 0, 14, 32, 1184 }, // U+21B3
    { 8, 16, 128, 0, 14, 32, 1216 }, // U+21B4
    { 8, 16, 128, 0, 14, 32, 1248 }, // U+21B5
    { 8, 16, 128, 0, 14, 32, 1280 }, // U+21B6
    { 8, 16, 128, 0, 14, 32, 1312 }, // U+21B7
    { 8, 16, 128, 0, 14, 32, 1344 }, // U+21B8
    { 8, 16, 128, 0, 14, 32, 1376 }, // U+21B9
    { 8, 16, 128, 0, 14, 32, 1408 }, // U+21BA
    { 8, 16, 128, 0, 14, 32, 1440 }, // U+21BB
    { 8, 16, 128, 0, 14, 32, 1472 }, // U+21BC
    { 8, 16, 128, 0, 14, 32, 1504 }, // U+21BD
    { 8, 16, 128, 0, 14, 32, 1536 }, // U+21BE
    { 8, 16, 128, 0, 14, 32, 1568 }, // U+21BF
    { 8, 16, 128, 0, 14, 32, 1600 }, // U+21C0
    { 8, 16, 128, 0, 14, 32, 1632 }, // U+21C1
    { 8, 16, 128, 0, 14, 32, 1664 }, // U+21C2
    { 8, 16, 128, 0, 14, 32, 1696 }, // U+21C3
    { 8, 16, 128, 0, 14, 32, 1728 }, // U+21C4
    { 8, 16, 128, 0, 14, 32, 1760 }, // U+21C5
    { 8, 16, 128, 0, 14, 32, 1792 }, // U+21C6
    { 8, 16, 128, 0, 14, 32, 1824 }, // U+21C7
    { 8, 16, 128, 0, 14, 32, 1856 }, // U+21C8
    { 8, 16, 128, 0, 14, 32, 1888 }, // U+21C9
    { 8, 16, 128, 0, 14, 32, 1920 }, // U+21CA
    { 8, 16, 128, 0, 14, 32, 1952 }, // U+21CB
    { 8, 16, 128, 0, 14, 32, 1984 }, // U+21CC
    { 8, 16, 128, 0, 14, 32, 2016 }, // U+21CD
    { 8, 16, 128, 0, 14, 32, 2048 }, // U+21CE
    { 8, 16, 128, 0, 14, 32, 2080 }, // U+21CF
    { 8, 16, 128, 0, 14, 32, 2112 }, // U+21D0
    { 8, 16, 128, 0, 14, 32, 2144 }, // U+21D1
    { 8, 16, 128, 0, 14, 32, 2176 }, // U+21D2
    { 8, 16, 128, 0, 14, 32, 2208 }, // U+21D3
    { 8, 16, 128, 0, 14, 32, 2240 }, // U+21D4
    { 8, 16, 128, 0, 14, 32, 2272 }, // U+21D5
    { 8, 16, 128, 0, 14, 32, 2304 }, // U+21D6
    { 8, 16, 128, 0, 14, 32, 2336 }, // U+21D7
    { 8, 16, 128, 0, 14, 32, 2368 }, // U+21D8
    { 8, 16, 128, 0, 14, 32, 2400 }, // U+21D9
    { 8, 16, 128, 0, 14, 32, 2432 }, // U+21DA
    { 8, 16, 128, 0, 14, 32, 2464 }, // U+21DB
    { 8, 16, 128, 0, 14, 32, 2496 }, // U+21DC
    { 8, 16, 128, 0, 14, 32, 2528 }, // U+21DD
    { 8, 16, 128, 0, 14, 32, 2560 }, // U+21DE
    { 8, 16, 128, 0, 14, 32, 2592 }, // U+21DF
    { 8, 16, 128, 0, 14, 32, 2624 }, // U+21E0
    { 8, 16, 128, 0, 14, 32, 2656 }, // U+21E1
    { 8, 16, 128, 0, 14, 32, 2688 }, // U+21E2
    { 8, 16, 128, 0, 14, 32, 2720 }, // U+21E3
    { 8, 16, 128, 0, 14, 32, 2752 }, // U+21E4
    { 8, 16, 128, 0, 14, 32, 2784 }, // U+21E5
    { 8, 16, 128, 0, 14, 32, 2816 }, // U+21E6
    { 8, 16, 128, 0, 14, 32, 2848 }, // U+21E7
    { 8, 16, 128, 0, 14, 32, 2880 }, // U+21E8
    { 8, 16, 128, 0, 14, 32, 2912 }, // U+21E9
    { 8, 16, 128, 0, 14, 32, 2944 }, // U+21EA
    { 8, 16, 128, 0, 14, 32, 2976 }, // U+21EB
    { 8, 16, 128, 0, 14, 32, 3008 }, // U+21EC
    { 8, 16, 128, 0, 14, 32, 3040 }, // U+21ED
    { 8, 16, 128, 0, 14, 32, 3072 }, // U+21EE
    { 8, 16, 128, 0, 14, 32, 3104 }, // U+21EF
    { 8, 16, 128, 0, 14, 32, 3136 }, // U+21F0
    { 8, 16, 128, 0, 14, 32, 3168 }, // U+21F1
    { 8, 16, 128, 0, 14, 32, 3200 }, // U+21F2
    { 8, 16, 128, 0, 14, 32, 3232 }, // U+21F3
    { 16, 16, 256, 0, 14, 64, 3264 }, // U+21F4
    { 8, 16, 128, 0, 14, 32, 3328 }, // U+21F5
    { 8, 16, 128, 0, 14, 32, 3360 }, // U+21F6
    { 8, 16, 128, 0, 14, 32, 3392 }, // U+21F7
    { 8, 16, 128, 0, 14, 32, 3424 }, // U+21F8
    { 16, 16, 256, 0, 14, 64, 3456 }, // U+21F9
    { 16, 16, 256, 0, 14, 64, 3520 }, // U+21FA
    { 16, 16, 256, 0, 14, 64, 3584 }, // U+21FB
    { 16, 16, 256, 0, 14, 64, 3648 }, // U+21FC
    { 8, 16, 128, 0, 14, 32, 3712 }, // U+21FD
    { 8, 16, 128, 0, 14, 32, 3744 }, // U+21FE
    { 16, 16, 256, 0, 14, 64, 3776 }, // U+21FF
    { 8, 16, 128, 0, 14, 32, 0 }, // U+2200
    { 8, 16, 128, 0, 14, 32, 32 }, // U+2201
    { 8, 16, 128, 0, 14, 32, 64 }, // U+2202
    { 8, 16, 128, 0, 14, 32, 96 }, // U+2203
    { 8, 16, 128, 0, 14, 32, 128 }, // U+2204
    { 8, 16, 128, 0, 14, 32, 160 }, // U+2205
    { 8, 16, 128, 0, 14, 32, 192 }, // U+2206
    { 8, 16, 128, 0, 14, 32, 224 }, // U+2207
    { 8, 16, 128, 0, 14, 32, 256 }, // U+2208
    { 8, 16, 128, 0, 14, 32, 288 }, // U+2209
    { 8, 16, 128, 0, 14, 32, 320 }, // U+220A
    { 8, 16, 128, 0, 14, 32, 352 }, // U+220B
    { 8, 16, 128, 0, 14, 32, 384 }, // U+220C
    { 8, 16, 128, 0, 14, 32, 416 }, // U+220D
    { 8, 16, 128, 0, 14, 32, 448 }, // U+220E
    { 8, 16, 128, 0, 14, 32, 480 }, // U+220F
    { 8, 16, 128, 0, 14, 32, 512 }, // U+2210
    { 8, 16, 128, 0, 14, 32, 544 }, // U+2211
    { 11, 2, 240, 3, 8, 6, 576 }, // U+2212
    { 8, 16, 128, 0, 14, 32, 582 }, // U+2213
    { 8, 16, 128, 0, 14, 32, 614 }, // U+2214
    { 14, 19, 144, 0, 19, 67, 646 }, // U+2215
    { 8, 16, 128, 0, 14, 32, 713 }, // U+2216
    { 8, 16, 128, 0, 14, 32, 745 }, // U+2217
    { 8, 16, 128, 0, 14, 32, 777 }, // U+2218
    { 2, 3, 96, 4, 9, 2, 809 }, // U+2219
    { 8, 16, 128, 0, 14, 32, 811 }, // U+221A
    { 8, 16, 128, 0, 14, 32, 843 }, // U+221B
    { 8, 16, 128, 0, 14, 32, 875 }, // U+221C
    { 8, 16, 128, 0, 14, 32, 907 }, // U+221D
    { 8, 16, 128, 0, 14, 32, 939 }, // U+221E
    { 8, 16, 128, 0, 14, 32, 971 }, // U+221F
    { 8, 16, 128, 0, 14, 32, 1003 }, // U+2220
    { 8, 16, 128, 0, 14, 32, 1035 }, // U+2221
    { 8, 16, 128, 0, 14, 32, 1067 }, // U+2222
    { 8, 16, 128, 0, 14, 32, 1099 }, // U+2223
    { 8, 16, 128, 0, 14, 32, 1131 }, // U+2224
    { 8, 16, 128, 0, 14, 32, 1163 }, // U+2225
    { 8, 16, 128, 0, 14, 32, 1195 }, // U+2226
    { 8, 16, 128, 0, 14, 32, 1227 }, // U+2227
    { 8, 16, 128, 0, 14, 32, 1259 }, // U+2228
    { 8, 16, 128, 0, 14, 32, 1291 }, // U+2229
    { 8, 16, 128, 0, 14, 32, 1323 }, // U+222A
    { 8, 16, 128, 0, 14, 32, 1355 }, // U+222B
    { 8, 16, 128, 0, 14, 32, 1387 }, // U+222C
    { 8, 16, 128, 0, 14, 32, 1419 }, // U+222D
    { 8, 16, 128, 0, 14, 32, 1451 }, // U+222E
    { 8, 16, 128, 0, 14, 32, 1483 }, // U+222F
    { 8, 16, 128, 0, 14, 32, 1515 }, // U+2230
    { 8, 16, 128, 0, 14, 32, 1547 }, // U+2231
    { 8, 16, 128, 0, 14, 32, 1579 }, // U+2232
    { 8, 16, 128, 0, 14, 32, 1611 }, // U+2233
    { 8, 16, 128, 0, 14, 32, 1643 }, // U+2234
    { 8, 16, 128, 0, 14, 32, 1675 }, // U+2235
    { 5, 14, 96, 2, 14, 18, 1707 }, // U+2236
    { 8, 16, 128, 0, 14, 32, 1725 }, // U+2237
    { 8, 16, 128, 0, 14, 32, 1757 }, // U+2238
    { 8, 16, 128, 0, 14, 32, 1789 }, // U+2239
    { 8, 16, 128, 0, 14, 32, 1821 }, // U+223A
    { 8, 16, 128, 0, 14, 32, 1853 }, // U+223B
    { 8, 16, 128, 0, 14, 32, 1885 }, // U+223C
    { 8, 16, 128, 0, 14, 32, 1917 }, // U+223D
    { 8, 16, 128, 0, 14, 32, 1949 }, // U+223E
    { 8, 16, 128, 0, 14, 32, 1981 }, // U+223F
    { 8, 16, 128, 0, 14, 32, 2013 }, // U+2240
    { 8, 16, 128, 0, 14, 32, 2045 }, // U+2241
    { 8, 16, 128, 0, 14, 32, 2077 }, // U+2242
    { 8, 16, 128, 0, 14, 32, 2109 }, // U+2243
    { 8, 16, 128, 0, 14, 32, 2141 }, // U+2244
    { 8, 16, 128, 0, 14, 32, 2173 }, // U+2245
    { 8, 16, 128, 0, 14, 32, 2205 }, // U+2246
    { 8, 16, 128, 0, 14, 32, 2237 }, // U+2247
    { 8, 16, 128, 0, 14, 32, 2269 }, // U+2248
    { 8, 16, 128, 0, 14, 32, 2301 }, // U+2249
    { 8, 16, 128, 0, 14, 32, 2333 }, // U+224A
    { 8, 16, 128, 0, 14, 32, 2365 }, // U+224B
    { 8, 16, 128, 0, 14, 32, 2397 }, // U+224C
    { 8, 16, 128, 0, 14, 32, 2429 }, // U+224D
    { 8, 16, 128, 0, 14, 32, 2461 }, // U+224E
    { 8, 16, 128, 0, 14, 32, 2493 }, // U+224F
    { 8, 16, 128, 0, 14, 32, 2525 }, // U+2250
    { 8, 16, 128, 0, 14, 32, 2557 }, // U+2251
    { 8, 16, 128, 0, 14, 32, 2589 }, // U+2252
    { 8, 16, 128, 0, 14, 32, 2621 }, // U+2253
    { 8, 16, 128, 0, 14, 32, 2653 }, // U+2254
    { 8, 16, 128, 0, 14, 32, 2685 }, // U+2255
    { 8, 16, 128, 0, 14, 32, 2717 }, // U+2256
    { 8, 16, 128, 0, 14, 32, 2749 }, // U+2257
    { 8, 16, 128, 0, 14, 32, 2781 }, // U+2258
    { 11, 10, 240, 3, 15, 28, 2813 }, // U+2259
    { 11, 10, 240, 3, 15, 28, 2841 }, // U+225A
    { 8, 16, 128, 0, 14, 32, 2869 }, // U+225B
    { 8, 16, 128, 0, 14, 32, 2901 }, // U+225C
    { 8, 16, 128, 0, 14, 32, 2933 }, // U+225D
    { 8, 16, 128, 0, 14, 32, 2965 }, // U+225E
    { 8, 16, 128, 0, 14, 32, 2997 }, // U+225F
    { 11, 19, 240, 3, 17, 53, 3029 }, // U+2260
    { 11, 8, 240, 0, 11, 22, 3082 }, // U+2261
    { 11, 19, 240, 0, 17, 53, 3104 }, // U+2262
    { 8, 16, 128, 0, 14, 32, 3157 }, // U+2263
    { 12, 13, 240, 3, 13, 39, 3189 }, // U+2264
    { 11, 13, 224, 3, 13, 36, 3228 }, // U+2265
    { 8, 16, 128, 0, 14, 32, 3264 }, // U+2266
    { 8, 16, 128, 0, 14, 32, 3296 }, // U+2267
    { 8, 16, 128, 0, 14, 32, 3328 }, // U+2268
    { 8, 16, 128, 0, 14, 32, 3360 }, // U+2269
    { 8, 16, 128, 0, 14, 32, 3392 }, // U+226A
    { 8, 16, 128, 0, 14, 32, 3424 }, // U+226B
    { 8, 16, 128, 0, 14, 32, 3456 }, // U+226C
    { 8, 16, 128, 0, 14, 32, 3488 }, // U+226D
    { 12, 19, 240, 3, 18, 57, 3520 }, // U+226E
    { 11, 19, 224, 3, 18, 53, 3577 }, // U+226F
    { 12, 19, 240, 3, 16, 57, 3630 }, // U+2270
    { 11, 19, 224, 3, 16, 53, 3687 }, // U+2271
    { 8, 16, 128, 0, 14, 32, 3740 }, // U+2272
    { 8, 16, 128, 0, 14, 32, 3772 }, // U+2273
    { 8, 16, 128, 0, 14, 32, 3804 }, // U+2274
    { 8, 16, 128, 0, 14, 32, 3836 }, // U+2275
    { 8, 16, 128, 0, 14, 32, 3868 }, // U+2276
    { 8, 16, 128, 0, 14, 32, 3900 }, // U+2277
    { 8, 16, 128, 0, 14, 32, 3932 }, // U+2278
    { 8, 16, 128, 0, 14, 32, 3964 }, // U+2279
    { 8, 16, 128, 0, 14, 32, 3996 }, // U+227A
    { 8, 16, 128, 0, 14, 32, 4028 }, // U+227B
    { 8, 16, 128, 0, 14, 32, 4060 }, // U+227C
    { 8, 16, 128, 0, 14, 32, 4092 }, // U+227D
    { 8, 16, 128, 0, 14, 32, 4124 }, // U+227E
    { 8, 16, 128, 0, 14, 32, 4156 }, // U+227F
    { 8, 16, 128, 0, 14, 32, 4188 }, // U+2280
    { 8, 16, 128, 0, 14, 32, 4220 }, // U+2281
    { 8, 16, 128, 0, 14, 32, 4252 }, // U+2282
    { 8, 16, 128, 0, 14, 32, 4284 }, // U+2283
    { 8, 16, 128, 0, 14, 32, 4316 }, // U+2284
    { 8, 16, 128, 0, 14, 32, 4348 }, // U+2285
    { 8, 16, 128, 0, 14, 32, 4380 }, // U+2286
    { 8, 16, 128, 0, 14, 32, 4412 }, // U+2287
    { 8, 16, 128, 0, 14, 32, 4444 }, // U+2288
    { 8, 16, 128, 0, 14, 32, 4476 }, // U+2289
    { 8, 16, 128, 0, 14, 32, 4508 }, // U+228A
    { 8, 16, 128, 0, 14, 32, 4540 }, // U+228B
    { 8, 16, 128, 0, 14, 32, 4572 }, // U+228C
    { 8, 16, 128, 0, 14, 32, 4604 }, // U+228D
    { 8, 16, 128, 0, 14, 32, 4636 }, // U+228E
    { 8, 16, 128, 0, 14, 32, 4668 }, // U+228F
    { 8, 16, 128, 0, 14, 32, 4700 }, // U+2290
    { 8, 16, 128, 0, 14, 32, 4732 }, // U+2291
    { 8, 16, 128, 0, 14, 32, 4764 }, // U+2292
    { 8, 16, 128, 0, 14, 32, 4796 }, // U+2293
    { 8, 16, 128, 0, 14, 32, 4828 }, // U+2294
    { 8, 16, 128, 0, 14, 32, 4860 }, // U+2295
    { 8, 16, 128, 0, 14, 32, 4892 }, // U+2296
    { 8, 16, 128, 0, 14, 32, 4924 }, // U+2297
    { 8, 16, 128, 0, 14, 32, 4956 }, // U+2298
    { 8, 16, 128, 0, 14, 32, 4988 }, // U+2299
    { 8, 16, 128, 0, 14, 32, 5020 }, // U+229A
    { 8, 16, 128, 0, 14, 32, 5052 }, // U+229B
    { 8, 16, 128, 0, 14, 32, 5084 }, // U+229C
    { 8, 16, 128, 0, 14, 32, 5116 }, // U+229D
    { 8, 16, 128, 0, 14, 32, 5148 }, // U+229E
    { 8, 16, 128, 0, 14, 32, 5180 }, // U+229F
    { 8, 16, 128, 0, 14, 32, 5212 }, // U+22A0
    { 8, 16, 128, 0, 14, 32, 5244 }, // U+22A1
    { 8, 16, 128, 0, 14, 32, 5276 }, // U+22A2
    { 8, 16, 128, 0, 14, 32, 5308 }, // U+22A3
    { 8, 16, 128, 0, 14, 32, 5340 }, // U+22A4
    { 8, 16, 128, 0, 14, 32, 5372 }, // U+22A5
    { 8, 16, 128, 0, 14, 32, 5404 }, // U+22A6
    { 8, 16, 128, 0, 14, 32, 5436 }, // U+22A7
    { 8, 16, 128, 0, 14, 32, 5468 }, // U+22A8
    { 8, 16, 128, 0, 14, 32, 5500 }, // U+22A9
    { 8, 16, 128, 0, 14, 32, 5532 }, // U+22AA
    { 8, 16, 128, 0, 14, 32, 5564 }, // U+22AB
    { 8, 16, 128, 0, 14, 32, 5596 }, // U+22AC
    { 8, 16, 128, 0, 14, 32, 5628 }, // U+22AD
    { 8, 16, 128, 0, 14, 32, 5660 }, // U+22AE
    { 8, 16, 128, 0, 14, 32, 5692 }, // U+22AF
    { 8, 16, 128, 0, 14, 32, 5724 }, // U+22B0
    { 8, 16, 128, 0, 14, 32, 5756 }, // U+22B1
    { 8, 16, 128, 0, 14, 32, 5788 }, // U+22B2
    { 8, 16, 128, 0, 14, 32, 5820 }, // U+22B3
    { 8, 16, 128, 0, 14, 32, 5852 }, // U+22B4
    { 8, 16, 128, 0, 14, 32, 5884 }, // U+22B5
    { 16, 16, 256, 0, 14, 64, 5916 }, // U+22B6
    { 16, 16, 256, 0, 14, 64, 5980 }, // U+22B7
    { 16, 16, 256, 0, 14, 64, 6044 }, // U+22B8
    { 8, 16, 128, 0, 14, 32, 6108 }, // U+22B9
    { 8, 16, 128, 0, 14, 32, 6140 }, // U+22BA
    { 8, 16, 128, 0, 14, 32, 6172 }, // U+22BB
    { 8, 16, 128, 0, 14, 32, 6204 }, // U+22BC
    { 8, 16, 128, 0, 14, 32, 6236 }, // U+22BD
    { 8, 16, 128, 0, 14, 32, 6268 }, // U+22BE
    { 8, 16, 128, 0, 14, 32, 6300 }, // U+22BF
    { 8, 16, 128, 0, 14, 32, 6332 }, // U+22C0
    { 8, 16, 128, 0, 14, 32, 6364 }, // U+22C1
    { 8, 16, 128, 0, 14, 32, 6396 }, // U+22C2
    { 8, 16, 128, 0, 14, 32, 6428 }, // U+22C3
    { 8, 16, 128, 0, 14, 32, 6460 }, // U+22C4
    { 8, 16, 128, 0, 14, 32, 6492 }, // U+22C5
    { 8, 16, 128, 0, 14, 32, 6524 }, // U+22C6
    { 8, 16, 128, 0, 14, 32, 6556 }, // U+22C7
    { 8, 16, 128, 0, 14, 32, 6588 }, // U+22C8
    { 8, 16, 128, 0, 14, 32, 6620 }, // U+22C9
    { 8, 16, 128, 0, 14, 32, 6652 }, // U+22CA
    { 8, 16, 128, 0, 14, 32, 6684 }, // U+22CB
    { 8, 16, 128, 0, 14, 32, 6716 }, // U+22CC
    { 8, 16, 128, 0, 14, 32, 6748 }, // U+22CD
    { 8, 16, 128, 0, 14, 32, 6780 }, // U+22CE
    { 8, 16, 128, 0, 14, 32, 6812 }, // U+22CF
    { 8, 16, 128, 0, 14, 32, 6844 }, // U+22D0
    { 8, 16, 128, 0, 14, 32, 6876 }, // U+22D1
    { 8, 16, 128, 0, 14, 32, 6908 }, // U+22D2
    { 8, 16, 128, 0, 14, 32, 6940 }, // U+22D3
    { 8, 16, 128, 0, 14, 32, 6972 }, // U+22D4
    { 8, 16, 128, 0, 14, 32, 7004 }, // U+22D5
    { 8, 16, 128, 0, 14, 32, 7036 }, // U+22D6
    { 8, 16, 128, 0, 14, 32, 7068 }, // U+22D7
    { 16, 16, 256, 0, 14, 64, 7100 }, // U+22D8
    { 16, 16, 256, 0, 14, 64, 7164 }, // U+22D9
    { 8, 16, 128, 0, 14, 32, 7228 }, // U+22DA
    { 8, 16, 128, 0, 14, 32, 7260 }, // U+22DB
    { 8, 16, 128, 0, 14, 32, 7292 }, // U+22DC
    { 8, 16, 128, 0, 14, 32, 7324 }, // U+22DD
    { 8, 16, 128, 0, 14, 32, 7356 }, // U+22DE
    { 8, 16, 128, 0, 14, 32, 7388 }, // U+22DF
    { 8, 16, 128, 0, 14, 32, 7420 }, // U+22E0
    { 8, 16, 128, 0, 14, 32, 7452 }, // U+22E1
    { 8, 16, 128, 0, 14, 32, 7484 }, // U+22E2
    { 8, 16, 128, 0, 14, 32, 7516 }, // U+22E3
    { 8, 16, 128, 0, 14, 32, 7548 }, // U+22E4
    { 8, 16, 128, 0, 14, 32, 7580 }, // U+22E5
    { 8, 16, 128, 0, 14, 32, 7612 }, // U+22E6
    { 8, 16, 128, 0, 14, 32, 7644 }, // U+22E7
    { 8, 16, 128, 0, 14, 32, 7676 }, // U+22E8
    { 8, 16, 128, 0, 14, 32, 7708 }, // U+22E9
    { 8, 16, 128, 0, 14, 32, 7740 }, // U+22EA
    { 8, 16, 128, 0, 14, 32, 7772 }, // U+22EB
    { 8, 16, 128, 0, 14, 32, 7804 }, // U+22EC
    { 8, 16, 128, 0, 14, 32, 7836 }, // U+22ED
    { 8, 16, 128, 0, 14, 32, 7868 }, // U+22EE
    { 8, 16, 128, 0, 14, 32, 7900 }, // U+22EF
    { 8, 16, 128, 0, 14, 32, 7932 }, // U+22F0
    { 8, 16, 128, 0, 14, 32, 7964 }, // U+22F1
    { 16, 16, 256, 0, 14, 64, 7996 }, // U+22F2
    { 16, 16, 256, 0, 14, 64, 8060 }, // U+22F3
    { 8, 16, 128, 0, 14, 32, 8124 }, // U+22F4
    { 16, 16, 256, 0, 14, 64, 8156 }, // U+22F5
    { 16, 16, 256, 0, 14, 64, 8220 }, // U+22F6
    { 8, 16, 128, 0, 14, 32, 8284 }, // U+22F7
    { 8, 16, 128, 0, 14, 32, 8316 }, // U+22F8
    { 16, 16, 256, 0, 14, 64, 8348 }, // U+22F9
    { 16, 16, 256, 0, 14, 64, 8412 }, // U+22FA
    { 16, 16, 256, 0, 14, 64, 8476 }, // U+22FB
    { 8, 16, 128, 0, 14, 32, 8540 }, // U+22FC
    { 16, 16, 256, 0, 14, 64, 8572 }, // U+22FD
    { 8, 16, 128, 0, 14, 32, 8636 }, // U+22FE
    { 16, 16, 256, 0, 14, 64, 8668 }, // U+22FF
    { 8, 16, 128, 0, 14, 32, 0 }, // U+FB00
    { 8, 16, 128, 0, 14, 32, 32 }, // U+FB01
    { 8, 16, 128, 0, 14, 32, 64 }, // U+FB02
    { 8, 16, 128, 0, 14, 32, 96 }, // U+FB03
    { 8, 16, 128, 0, 14, 32, 128 }, // U+FB04
    { 8, 16, 128, 0, 14, 32, 160 }, // U+FB05
    { 8, 16, 128, 0, 14, 32, 192 }, // U+FB06
    { 8, 16, 128, 0, 14, 32, 0 }, // U+FFFD
};

static const EpdUnicodeInterval helvetica_12_italicIntervals[] = {
    { 0x0, 0x17F, 0x0 },
    { 0x1A0, 0x1A1, 0x180 },
    { 0x1AF, 0x1B0, 0x182 },
    { 0x1C4, 0x21F, 0x184 },
    { 0x300, 0x36F, 0x1E0 },
    { 0x400, 0x4FF, 0x250 },
    { 0x1E0C, 0x1E0D, 0x350 },
    { 0x1E24, 0x1E25, 0x352 },
    { 0x1E36, 0x1E3B, 0x354 },
    { 0x1E40, 0x1E49, 0x35A },
    { 0x1E5A, 0x1E5F, 0x364 },
    { 0x1E62, 0x1E63, 0x36A },
    { 0x1E6C, 0x1E6D, 0x36C },
    { 0x1EA0, 0x1EF9, 0x36E },
    { 0x2000, 0x20CF, 0x3C8 },
    { 0x2190, 0x22FF, 0x498 },
    { 0xFB00, 0xFB06, 0x608 },
    { 0xFFFD, 0xFFFD, 0x60F },
};

static const EpdFontGroup helvetica_12_italicGroups[] = {
    { 0, 1860, 7691, 128, 0 },
    { 1860, 1734, 8312, 128, 128 },
    { 3594, 1647, 10187, 128, 256 },
    { 5241, 1245, 6249, 96, 384 },
    { 6486, 461, 3840, 112, 480 },
    { 6947, 1369, 8256, 256, 592 },
    { 8316, 445, 2343, 30, 848 },
    { 8761, 926, 6705, 90, 878 },
    { 9687, 868, 3937, 112, 968 },
    { 10555, 279, 1554, 48, 1080 },
    { 10834, 604, 2235, 48, 1128 },
    { 11438, 743, 3840, 112, 1176 },
    { 12181, 1670, 8777, 256, 1288 },
    { 13851, 80, 224, 7, 1544 },
    { 13931, 23, 32, 1, 1551 },
};

static const EpdFontData helvetica_12_italic = {
    helvetica_12_italicBitmaps,
    helvetica_12_italicGlyphs,
    helvetica_12_italicIntervals,
    18,
    27,
    22,
    -5,
    true,
    helvetica_12_italicGroups,
    15,
    nullptr,
    nullptr,
    nullptr,
    nullptr,
    nullptr,
    nullptr,
    nullptr,
    nullptr,
    nullptr,
    nullptr,
    nullptr,
    0,
    0,
    0,
    0,
    nullptr,
    0,
};
