/**
 * generated by fontconvert.py
 * name: helvetica_9_bolditalic
 * size: 9
 * mode: 2-bit  compressed: true
 * Command used: fontconvert.py helvetica_9_bolditalic 9 ../../../x11/font-adobe-100dpi-1.0.4/helvBO14.bdf ../../../x11/unifont-18.0.01.bdf --2bit --compress --zopfli
 */
#pragma once
#include "EpdFontData.h"

static const uint8_t helvetica_9_bolditalicBitmaps[12158] = {
    0x9C, 0x95, 0x49, 0x0A, 0x24, 0x20, 0x0C, 0x45, 0x03, 0x7F, 0x1B, 0xC8, 0x55, 0x04, 0xB7, 0x82,
    0x57, 0x0F, 0x64, 0x2B, 0x78, 0x95, 0x80, 0x5B, 0xC1, 0x8E, 0x35, 0xF5, 0x3C, 0xA4, 0x35, 0xD4,
    0x73, 0x7A, 0x7C, 0x6B, 0x1E, 0x63, 0x28, 0x45, 0x8B, 0x87, 0x7F, 0xE2, 0x3D, 0x3F, 0xA2, 0xC5,
    0x10, 0x77, 0xE1, 0x4D, 0x31, 0x13, 0xE7, 0xCA, 0xC2, 0xF5, 0xE8, 0xA8, 0xDC, 0x61, 0xF2, 0xDE,
    0xFF, 0x96, 0x35, 0xDA, 0x2F, 0xFD, 0x39, 0xAA, 0x83, 0x8B, 0x00, 0xA6, 0xC6, 0xA5, 0x83, 0x6B,
    0xC6, 0xEF, 0x2F, 0xBF, 0x1B, 0xEC, 0xC9, 0xA4, 0x6F, 0xF3, 0x38, 0x17, 0xED, 0xA3, 0xD8, 0x83,
    0xA6, 0x96, 0xF1, 0xC3, 0x5B, 0xCE, 0x95, 0xFB, 0xAC, 0xE2, 0xBC, 0x5A, 0xCC, 0x4F, 0xC6, 0x17,
    0xC4, 0xFD, 0x07, 0x47, 0xBE, 0xE0, 0xB2, 0xD8, 0xC8, 0xDD, 0x5F, 0x56, 0x78, 0xF8, 0x96, 0xA9,
    0x7C, 0x6C, 0x31, 0x43, 0xB9, 0x84, 0x81, 0x14, 0xBB, 0x23, 0xE3, 0x33, 0x1F, 0x1B, 0xCC, 0x24,
    0x9B, 0x71, 0xC9, 0xCC, 0x39, 0x9F, 0xC2, 0x27, 0xFD, 0x50, 0xB6, 0xE6, 0xF3, 0x5F, 0xB9, 0x56,
    0x98, 0x48, 0x73, 0xF9, 0xB2, 0xDF, 0xB9, 0xEF, 0x7B, 0xE4, 0xF2, 0xB1, 0x0F, 0xC2, 0x53, 0xA6,
    0x4B, 0x8B, 0xB9, 0x5A, 0xCE, 0xEF, 0x0F, 0x1F, 0x1E, 0x1E, 0xAB, 0x8A, 0xF7, 0x6C, 0xBE, 0x0D,
    0x62, 0x82, 0x33, 0x94, 0x99, 0xC4, 0x4F, 0x2A, 0x5F, 0x0C, 0x6B, 0x54, 0x10, 0xD7, 0x27, 0xC5,
    0xD6, 0xCA, 0xF8, 0x1D, 0x6A, 0x3E, 0xA0, 0x65, 0x50, 0x90, 0xB4, 0xC3, 0x92, 0xBE, 0x5D, 0xAF,
    0x3C, 0x7D, 0xD0, 0xFF, 0xFB, 0x78, 0xF0, 0xCE, 0x73, 0xBE, 0xD6, 0xF0, 0x3C, 0xFC, 0x20, 0xFC,
    0xCE, 0x33, 0x7E, 0x31, 0x93, 0x3D, 0x6A, 0x69, 0xA3, 0xDA, 0x9A, 0x2B, 0xEE, 0x51, 0x25, 0xE3,
    0x4B, 0xA9, 0xE2, 0x6C, 0x43, 0x80, 0xAE, 0x06, 0xEE, 0x40, 0xCA, 0xEF, 0x73, 0xBE, 0x7E, 0xF7,
    0xE4, 0xC3, 0x54, 0xBE, 0x70, 0xF5, 0x32, 0x4B, 0xE9, 0x63, 0x79, 0x19, 0x45, 0xCA, 0xA8, 0x29,
    0x7F, 0xAB, 0x0D, 0x5A, 0x2A, 0x7B, 0x04, 0x35, 0xA8, 0xB9, 0xFC, 0x51, 0xD7, 0xEB, 0xFF, 0x63,
    0xE9, 0xA8, 0x9C, 0x7E, 0xFF, 0xCD, 0x8F, 0x33, 0x82, 0x06, 0xA7, 0x4A, 0x7D, 0xEA, 0xC9, 0x7E,
    0xFF, 0x8C, 0x34, 0xD8, 0x82, 0x88, 0xBE, 0x91, 0xF1, 0xE9, 0xED, 0xB7, 0xF0, 0x19, 0x31, 0xCF,
    0xF9, 0xF0, 0xF0, 0x59, 0x83, 0xE1, 0x17, 0x10, 0x38, 0xE9, 0xF3, 0xCB, 0xE7, 0x57, 0xBE, 0xFF,
    0xDE, 0x27, 0xDA, 0xB7, 0xC3, 0xA3, 0x2B, 0x54, 0x54, 0x48, 0x62, 0xEB, 0xB9, 0xDC, 0xA2, 0xED,
    0xED, 0xAE, 0x4A, 0xD2, 0x6E, 0x35, 0x97, 0x73, 0xA2, 0x68, 0x69, 0x14, 0x26, 0x9D, 0xB3, 0xA3,
    0x30, 0x5F, 0xFB, 0xE1, 0x46, 0xE1, 0xA8, 0x1C, 0xEF, 0xCD, 0x5B, 0xA3, 0xBE, 0x49, 0x0E, 0xD1,
    0xD1, 0xAB, 0x98, 0xAE, 0xA9, 0x61, 0xDF, 0x45, 0x7A, 0x94, 0xB6, 0xEE, 0xDB, 0x97, 0xFB, 0xD2,
    0x33, 0xA9, 0xF7, 0x9B, 0x0B, 0xDF, 0xB0, 0x23, 0x53, 0xBA, 0xC8, 0x96, 0xED, 0x70, 0x3A, 0x84,
    0xA3, 0xB0, 0x47, 0x1D, 0x92, 0x4D, 0x7D, 0xB7, 0xDD, 0xB7, 0x8B, 0xBB, 0xE8, 0xFE, 0xD2, 0x88,
    0x15, 0xA5, 0xCA, 0x0E, 0xAC, 0xC0, 0x02, 0x7F, 0x2F, 0xB8, 0x95, 0xBB, 0x80, 0x80, 0x5B, 0x17,
    0x66, 0x01, 0xD9, 0x4A, 0xC1, 0xFC, 0x0A, 0xBE, 0xB6, 0xFA, 0x4C, 0x48, 0x1E, 0xE7, 0xCE, 0x7B,
    0xB1, 0xCA, 0x73, 0x92, 0x68, 0xB7, 0xAD, 0xD2, 0x1D, 0x26, 0x18, 0x55, 0xCE, 0x58, 0xC1, 0x32,
    0xE1, 0xB3, 0x9A, 0x59, 0x47, 0xE0, 0x40, 0x3D, 0xE4, 0x40, 0xC0, 0x73, 0x56, 0x0A, 0xEE, 0xDB,
    0x87, 0x8C, 0x39, 0xC7, 0x37, 0x26, 0x0A, 0xBC, 0xFF, 0x06, 0x03, 0x8D, 0x57, 0xA2, 0x76, 0x5C,
    0xE8, 0xCE, 0x05, 0x23, 0x3C, 0x17, 0x26, 0x3F, 0x7F, 0xD8, 0xD9, 0x49, 0x12, 0xBE, 0xE4, 0x58,
    0x42, 0x28, 0x93, 0xB7, 0x5B, 0xA0, 0xE1, 0x9D, 0x7E, 0x66, 0x4C, 0x49, 0x59, 0x17, 0x3C, 0x17,
    0x22, 0x94, 0x10, 0x02, 0x65, 0x15, 0x6C, 0x9A, 0x82, 0xD8, 0xB2, 0x23, 0x43, 0xD3, 0x5A, 0xD6,
    0x13, 0x47, 0x21, 0x88, 0x4E, 0xAB, 0x89, 0x41, 0x29, 0xFB, 0x09, 0x6C, 0x1E, 0x36, 0xFD, 0x45,
    0x07, 0x15, 0x6E, 0xA2, 0x31, 0x46, 0x96, 0xCA, 0x53, 0x86, 0x92, 0x37, 0xAF, 0x9C, 0x3F, 0x83,
    0xBC, 0x15, 0x97, 0xA3, 0xFC, 0x33, 0x48, 0x61, 0xC3, 0x9A, 0x0B, 0xB3, 0x52, 0x8C, 0x6D, 0x34,
    0x10, 0xD8, 0x2B, 0xE7, 0x42, 0xA0, 0x7B, 0x9E, 0x6B, 0xD2, 0xFD, 0x40, 0xC1, 0xD4, 0x3C, 0x6F,
    0xCF, 0xB2, 0x41, 0xF8, 0xCF, 0xA4, 0xDE, 0x5C, 0x80, 0xF1, 0x0A, 0xDA, 0x08, 0xCB, 0x7D, 0x37,
    0x28, 0xE1, 0x1A, 0xCD, 0x31, 0x0B, 0x51, 0x2B, 0x21, 0x34, 0xDA, 0xE0, 0x33, 0xDA, 0xEE, 0x88,
    0x65, 0x10, 0x10, 0x8C, 0x3E, 0x8E, 0x1A, 0xCE, 0xE7, 0x51, 0x2B, 0x49, 0xEE, 0x6A, 0x66, 0x92,
    0x96, 0x23, 0xF8, 0xB9, 0x0E, 0xC9, 0x1F, 0x10, 0xF0, 0xB4, 0x46, 0x24, 0x0A, 0xA3, 0x6D, 0xFE,
    0x20, 0x3A, 0x17, 0x00, 0x74, 0x0F, 0x02, 0xAA, 0xCE, 0x4E, 0xA5, 0xD6, 0x5C, 0x80, 0xF7, 0x98,
    0x95, 0x0F, 0x10, 0xE3, 0xE8, 0xBC, 0x2D, 0x43, 0x57, 0x09, 0x63, 0x8A, 0x6E, 0x5A, 0x99, 0x6C,
    0xDD, 0xDE, 0x67, 0x78, 0x9F, 0x47, 0xB8, 0xD7, 0x52, 0xE4, 0x71, 0x90, 0x35, 0x2C, 0x76, 0xF3,
    0x98, 0x9C, 0x41, 0x93, 0xC1, 0x9A, 0x4A, 0xBE, 0xF2, 0x56, 0x83, 0x38, 0x06, 0x15, 0x0B, 0xC6,
    0xF0, 0x85, 0xEE, 0x58, 0x40, 0x94, 0x60, 0x5D, 0xD6, 0x3D, 0xAF, 0x72, 0xA3, 0xA2, 0x19, 0x5D,
    0x81, 0xCB, 0xA6, 0xBB, 0xAB, 0x9B, 0xF3, 0xAF, 0x75, 0xC3, 0xEB, 0xD3, 0x6A, 0xC0, 0xB0, 0x1E,
    0x0C, 0x31, 0x6C, 0xE9, 0x26, 0xAC, 0xB1, 0x28, 0xBF, 0xDC, 0x4D, 0x6A, 0xBC, 0x08, 0x63, 0x88,
    0x9E, 0x43, 0xF9, 0xDA, 0x4C, 0xC7, 0x45, 0xC8, 0x47, 0x54, 0xD6, 0x6F, 0xEC, 0x42, 0x0C, 0x01,
    0xDC, 0x63, 0xD8, 0x7E, 0xFC, 0xE2, 0x47, 0xC5, 0xF4, 0xF0, 0xBB, 0x78, 0xE5, 0x3D, 0xED, 0xB7,
    0xF5, 0x79, 0x6F, 0x22, 0x44, 0x69, 0xAD, 0xEB, 0x80, 0xF1, 0x12, 0x7A, 0xDE, 0xA4, 0x3B, 0xA3,
    0x1B, 0x71, 0x93, 0xBA, 0xC9, 0xD3, 0xE3, 0x69, 0x81, 0xA1, 0x60, 0xC4, 0x05, 0xCF, 0x85, 0xDA,
    0x08, 0x75, 0x9A, 0x46, 0x29, 0xA3, 0xD3, 0x18, 0x39, 0x39, 0xF4, 0x17, 0xE1, 0x67, 0xC2, 0x03,
    0x88, 0xCE, 0xCD, 0x73, 0xD1, 0x88, 0x1A, 0x6E, 0x79, 0x0C, 0x7A, 0x21, 0xB0, 0xF1, 0xD8, 0x25,
    0x64, 0x36, 0x86, 0xD4, 0x4E, 0xE2, 0x4B, 0xE5, 0x52, 0xBD, 0x94, 0x2D, 0x75, 0xCC, 0x7E, 0x70,
    0x78, 0x20, 0x22, 0x46, 0x1D, 0x81, 0x70, 0x06, 0xCA, 0x59, 0x4B, 0xE5, 0xA8, 0x3D, 0x5F, 0x89,
    0x73, 0x3F, 0x11, 0xF7, 0xE2, 0x39, 0x7C, 0x65, 0x68, 0xAB, 0x1B, 0x76, 0x06, 0x1A, 0x25, 0x86,
    0xB8, 0xBB, 0x6E, 0x26, 0xDB, 0xDD, 0x13, 0xD8, 0xAC, 0x8B, 0x9E, 0xA2, 0xBA, 0xAE, 0x7F, 0xAA,
    0x92, 0x8B, 0x3D, 0xCC, 0x67, 0x4D, 0x22, 0xBD, 0xFB, 0xFF, 0xE9, 0x82, 0x9D, 0xD5, 0x44, 0xC5,
    0x10, 0x9B, 0x05, 0xF0, 0xE7, 0xBC, 0x59, 0xDC, 0xB1, 0x86, 0xBA, 0xED, 0xCC, 0xEF, 0xF3, 0xD5,
    0x3F, 0xBB, 0x00, 0x4D, 0xEF, 0x8A, 0xAC, 0xD0, 0x1C, 0xC1, 0xCF, 0xF9, 0xE7, 0xD4, 0x4C, 0x2C,
    0x67, 0x74, 0x7A, 0xEF, 0xB3, 0xF3, 0x2A, 0xDD, 0xB7, 0xEA, 0x3D, 0x22, 0x40, 0xFC, 0x73, 0x6E,
    0x15, 0xC4, 0x75, 0x4C, 0x69, 0xD6, 0x42, 0x0D, 0x34, 0xED, 0xD5, 0x66, 0x83, 0xC2, 0x51, 0x08,
    0x0A, 0x9A, 0x47, 0xC9, 0xB9, 0x29, 0x15, 0x5C, 0x2A, 0x58, 0xA8, 0x63, 0x54, 0x91, 0x28, 0xBE,
    0xC7, 0xEB, 0x9D, 0x88, 0x6C, 0x29, 0x28, 0x06, 0xA9, 0xAB, 0x27, 0xB6, 0xF6, 0xC4, 0xB1, 0xEB,
    0x0D, 0x27, 0x10, 0xA9, 0x34, 0xD8, 0x3B, 0xD5, 0xD3, 0x21, 0xC3, 0x4B, 0xCA, 0xEA, 0x0A, 0xF2,
    0x08, 0x5C, 0x67, 0xE2, 0x33, 0x13, 0x6A, 0x61, 0x11, 0x9E, 0x57, 0xAD, 0x8D, 0xFF, 0xBC, 0xED,
    0xA6, 0x88, 0xCE, 0x41, 0x61, 0xE1, 0x7B, 0xAE, 0x4B, 0xD8, 0xE6, 0xDC, 0xD7, 0xB1, 0x2F, 0x3D,
    0xFC, 0xDD, 0xFE, 0xD7, 0x81, 0x5B, 0xC0, 0xA1, 0x57, 0x0D, 0x3F, 0x11, 0x8E, 0xB2, 0xA4, 0x65,
    0x37, 0x17, 0x6A, 0x7F, 0x8E, 0xEC, 0x8F, 0x03, 0x1B, 0x6B, 0xEF, 0x8C, 0xFB, 0x76, 0x10, 0xCF,
    0x31, 0xCF, 0xF4, 0xA6, 0x73, 0x77, 0x97, 0x60, 0x6C, 0x67, 0x77, 0x56, 0x41, 0xEE, 0x8C, 0xE4,
    0x15, 0xD4, 0xE3, 0xC0, 0xBC, 0x47, 0x5C, 0xE5, 0x5D, 0xF1, 0x1A, 0xF7, 0xDA, 0xD0, 0xA0, 0xA1,
    0x6F, 0x14, 0x28, 0x9E, 0x78, 0x31, 0x8C, 0x9F, 0x38, 0x51, 0xAE, 0xB7, 0x33, 0x8B, 0xB5, 0xD1,
    0xB3, 0xAB, 0xEB, 0xBF, 0x37, 0xB9, 0xCF, 0xB8, 0xBC, 0x8D, 0x9B, 0xD7, 0xB8, 0xF7, 0x73, 0xF9,
    0xB9, 0x2A, 0x7A, 0x2B, 0x00, 0xAD, 0x47, 0x90, 0xA3, 0xA0, 0x9D, 0x0A, 0xC0, 0xAF, 0x9B, 0xAA,
    0xE7, 0x40, 0xD7, 0xF7, 0x82, 0xD8, 0x55, 0x10, 0x3C, 0xE7, 0x7E, 0x71, 0x92, 0xBA, 0x0F, 0x46,
    0x4A, 0x2B, 0xB1, 0x7B, 0xEE, 0x6F, 0x1B, 0xBA, 0x9F, 0xCB, 0xB5, 0xBB, 0xFC, 0x5D, 0xB3, 0xE2,
    0x0A, 0x7F, 0x71, 0x53, 0x37, 0xF9, 0xE1, 0xD7, 0xD5, 0x3D, 0x72, 0xFD, 0xCC, 0x98, 0xB6, 0x8B,
    0x37, 0xAD, 0xCB, 0x2A, 0xFC, 0x7E, 0x9A, 0xBF, 0x74, 0xA0, 0xC7, 0x63, 0xA9, 0x5F, 0x2B, 0xFA,
    0xE8, 0x57, 0x0F, 0x6F, 0x67, 0xE4, 0x23, 0x8F, 0xEA, 0x9C, 0x89, 0x02, 0xF0, 0xD6, 0x6E, 0xAB,
    0x28, 0xBA, 0x77, 0xAD, 0x9E, 0xF5, 0xDE, 0x5E, 0x8D, 0x18, 0x23, 0xE1, 0xBE, 0x30, 0xCA, 0x2F,
    0xE3, 0xCC, 0xE7, 0x86, 0x33, 0xD0, 0x6E, 0x23, 0x00, 0xCA, 0xCF, 0xC5, 0x40, 0x75, 0xE0, 0xE8,
    0x03, 0x71, 0xD6, 0x22, 0x11, 0x9E, 0xA2, 0xA7, 0x3E, 0x03, 0x67, 0x3F, 0x56, 0x45, 0x0B, 0xDE,
    0x08, 0x47, 0xCD, 0x8B, 0xFC, 0x4C, 0x7C, 0xE5, 0x07, 0x1E, 0x70, 0x99, 0x5D, 0x35, 0x96, 0xDF,
    0xFE, 0xFC, 0x7C, 0x7C, 0x7B, 0xEE, 0x7F, 0xBB, 0x07, 0x28, 0xA3, 0xE5, 0x96, 0xFD, 0xF9, 0x1F,
    0xD7, 0xF7, 0xFC, 0x48, 0x8C, 0x35, 0x47, 0x2E, 0x2B, 0xF8, 0xC3, 0x82, 0x12, 0x4F, 0xBB, 0x5B,
    0x71, 0xEF, 0xAB, 0x8E, 0x8F, 0x68, 0xE4, 0xD7, 0x24, 0x88, 0x8D, 0x6F, 0x3F, 0xDD, 0xFD, 0x3D,
    0xFF, 0xF7, 0x4F, 0x77, 0xFF, 0x01, 0x9C, 0x94, 0x81, 0xC6, 0x6D, 0x41, 0x08, 0x85, 0x23, 0x80,
    0x45, 0xAF, 0x12, 0x03, 0x70, 0x98, 0x57, 0x8F, 0x00, 0x62, 0xBF, 0x4A, 0x04, 0x70, 0xD8, 0xB7,
    0xB9, 0xFF, 0xD9, 0xDC, 0xCB, 0x0F, 0x9D, 0x81, 0x65, 0x19, 0x9F, 0xA6, 0xAA, 0x89, 0x3E, 0x44,
    0xC4, 0x46, 0x44, 0x8F, 0x6E, 0xF6, 0xCA, 0x58, 0xD8, 0x52, 0x92, 0x58, 0x50, 0xAC, 0xFA, 0xF7,
    0xFE, 0xD1, 0xD5, 0xE7, 0x37, 0x5E, 0xFD, 0xC3, 0xC7, 0x3A, 0x7A, 0x3C, 0x4F, 0xF8, 0x2D, 0x2E,
    0x87, 0x6F, 0xBD, 0x33, 0x18, 0x1B, 0x2C, 0xA3, 0xF8, 0x97, 0xCB, 0xBB, 0xF9, 0x75, 0x35, 0xDF,
    0x7A, 0xFC, 0x28, 0x7E, 0x03, 0xF1, 0x0A, 0xC5, 0x8A, 0x15, 0x1A, 0x7A, 0xFC, 0x2C, 0x7E, 0xF1,
    0x3B, 0x98, 0x56, 0x6B, 0xB6, 0xB6, 0xBF, 0x27, 0xBC, 0x78, 0x56, 0x82, 0x21, 0xEC, 0xB7, 0xD9,
    0xA9, 0xC3, 0xF0, 0xFD, 0x1F, 0x7E, 0x7B, 0xE7, 0x4F, 0xCD, 0x5F, 0x3E, 0xAD, 0x5F, 0xA5, 0x83,
    0xB6, 0xB3, 0xA7, 0x93, 0xAA, 0x8B, 0x4F, 0x78, 0xAC, 0xAA, 0x50, 0x53, 0x49, 0x5B, 0x47, 0xA1,
    0x3E, 0xE2, 0x75, 0x65, 0xA5, 0x9E, 0xC0, 0xE6, 0x61, 0xA6, 0x4C, 0x33, 0x7E, 0x83, 0xEB, 0x99,
    0x9B, 0x53, 0x07, 0x95, 0xAA, 0x21, 0x2F, 0xFF, 0xF3, 0x39, 0xE2, 0xE9, 0x0D, 0x36, 0xC7, 0x8F,
    0x46, 0xAB, 0x83, 0x67, 0xFD, 0xAF, 0x4A, 0x10, 0x84, 0xAD, 0xCC, 0x16, 0x9D, 0x3D, 0xF8, 0x9E,
    0x57, 0x34, 0x3F, 0xCB, 0x9F, 0xF3, 0xEC, 0x1D, 0x69, 0x50, 0x65, 0x10, 0x36, 0x4F, 0xEB, 0xA7,
    0x2B, 0x43, 0xF3, 0xAF, 0x42, 0x55, 0xD9, 0xEE, 0x19, 0xBF, 0xAA, 0x79, 0x34, 0x5F, 0x89, 0x45,
    0xCA, 0xC3, 0xFC, 0xCF, 0xFC, 0x32, 0x48, 0x98, 0xDD, 0x9C, 0x74, 0xB3, 0xF8, 0xB0, 0x7E, 0x3F,
    0x7D, 0x07, 0xDF, 0x47, 0x8F, 0x9F, 0xF0, 0x80, 0xF9, 0xF5, 0x32, 0x43, 0x84, 0x07, 0xCA, 0x8E,
    0x9F, 0xBD, 0xDF, 0x4E, 0xDE, 0x90, 0xD3, 0xF7, 0x2F, 0xFE, 0xBF, 0xFD, 0xE1, 0xF7, 0xF9, 0xFF,
    0xD0, 0x7C, 0xCC, 0x78, 0x71, 0x6B, 0x6E, 0x91, 0x40, 0xCB, 0x4E, 0x1F, 0xD8, 0x6B, 0xC4, 0x8B,
    0x5F, 0xA9, 0x00, 0x56, 0x88, 0x6B, 0xE0, 0xD5, 0xFE, 0x8B, 0xF9, 0x35, 0x01, 0xB9, 0x05, 0xD9,
    0x33, 0x7F, 0x53, 0x5E, 0xD9, 0x3C, 0x49, 0x4D, 0x2E, 0x1F, 0xEE, 0xEF, 0xED, 0x4E, 0x20, 0x4A,
    0xB0, 0x01, 0xC4, 0xAD, 0xA3, 0xF8, 0xCF, 0xFE, 0xB8, 0x73, 0xDA, 0x22, 0x91, 0xD9, 0xFC, 0x37,
    0xE4, 0x8E, 0x32, 0xCE, 0x70, 0x27, 0x33, 0xFE, 0x53, 0x7A, 0x15, 0xAD, 0xC6, 0xAE, 0x03, 0x31,
    0xC1, 0xBC, 0x16, 0xF4, 0x2B, 0x0B, 0xF7, 0xD5, 0x30, 0xBF, 0x3E, 0x90, 0x0F, 0xD8, 0x5F, 0x19,
    0xC8, 0xEB, 0x80, 0xAE, 0x6D, 0x67, 0x4D, 0xDB, 0x73, 0x7A, 0x42, 0x59, 0x5B, 0x4A, 0x43, 0xA2,
    0xD1, 0x3A, 0xCA, 0x64, 0xB3, 0xC5, 0x2F, 0xFB, 0x87, 0x31, 0xDE, 0x7B, 0xF0, 0xE7, 0x61, 0xD7,
    0x73, 0xFC, 0xE3, 0xE7, 0xC3, 0xD2, 0x72, 0x1D, 0xB1, 0x60, 0x10, 0x3E, 0x67, 0xCD, 0x39, 0x0E,
    0x2A, 0xA8, 0xF4, 0x96, 0xAD, 0xA1, 0x12, 0x99, 0x38, 0x8F, 0x38, 0x9F, 0x21, 0xC1, 0x0B, 0x0D,
    0x80, 0x27, 0x54, 0x96, 0xCD, 0x12, 0x1D, 0x28, 0x50, 0x81, 0x1A, 0xFB, 0x0C, 0x38, 0x52, 0xCA,
    0x52, 0x34, 0x0B, 0x57, 0x90, 0xE8, 0x68, 0x6D, 0x40, 0x42, 0x12, 0x8E, 0xE6, 0x28, 0xB7, 0xE4,
    0x33, 0x28, 0x58, 0x41, 0x0A, 0xCB, 0x6B, 0xCB, 0xB8, 0x60, 0x31, 0x26, 0xB1, 0xE6, 0x1A, 0xED,
    0x9A, 0x39, 0x27, 0xF6, 0x3A, 0x62, 0x2E, 0x45, 0xA0, 0xA2, 0x71, 0xAC, 0xCB, 0x91, 0x3C, 0xD2,
    0x14, 0x10, 0xE0, 0x48, 0x22, 0x1D, 0xAA, 0x51, 0x91, 0x7D, 0x80, 0x09, 0xE4, 0xF4, 0x8D, 0x0F,
    0x66, 0xB6, 0x3E, 0x32, 0x07, 0xD1, 0xCE, 0x18, 0x1C, 0xFB, 0x99, 0x0F, 0x8F, 0x68, 0x18, 0x29,
    0x39, 0xA0, 0x1C, 0x6D, 0xD1, 0xAC, 0xD8, 0x5A, 0x32, 0x01, 0xA5, 0xD2, 0xB2, 0xFC, 0xD9, 0x09,
    0x67, 0xF0, 0x48, 0x29, 0x3A, 0x60, 0x01, 0xA2, 0x43, 0xA1, 0x80, 0x27, 0xD6, 0x75, 0x58, 0x7C,
    0x78, 0x2C, 0xE7, 0xC7, 0x23, 0xE7, 0x50, 0x64, 0x9E, 0xC8, 0xF3, 0x38, 0xE2, 0xBF, 0x38, 0xA3,
    0x81, 0x60, 0x14, 0xA0, 0x98, 0xB5, 0x0C, 0xBF, 0x64, 0x0E, 0x4C, 0xB8, 0xB2, 0xE3, 0x0A, 0x1E,
    0x58, 0x9F, 0xB7, 0x64, 0x16, 0x44, 0x9B, 0x65, 0x96, 0xAC, 0xD6, 0x2C, 0xEC, 0x2A, 0x65, 0x67,
    0x01, 0xC5, 0x78, 0xD1, 0xD2, 0xF1, 0x22, 0x43, 0xE0, 0x51, 0xA0, 0x0A, 0x5E, 0x9D, 0xC0, 0x64,
    0x5D, 0x34, 0x25, 0xCF, 0xF0, 0x23, 0x74, 0x60, 0x80, 0x13, 0x1F, 0xF0, 0x0F, 0xB0, 0xE1, 0xA3,
    0xA1, 0x3D, 0x26, 0x12, 0x8F, 0x44, 0x06, 0xCE, 0x89, 0x4C, 0x82, 0x61, 0xA1, 0xE1, 0x2E, 0xCE,
    0xAB, 0x5E, 0xEB, 0x6A, 0xCD, 0x93, 0xB1, 0xE2, 0x5B, 0xA9, 0xED, 0x10, 0x89, 0x94, 0x25, 0x19,
    0x6D, 0xB6, 0x4C, 0x56, 0xCB, 0xAC, 0xF3, 0x28, 0x3E, 0x1B, 0x5D, 0xCD, 0x55, 0xC8, 0x44, 0xFE,
    0x21, 0xAB, 0x3C, 0x75, 0x3E, 0xD7, 0x81, 0x6C, 0x16, 0xC5, 0x4A, 0x96, 0x25, 0xC1, 0x72, 0xB4,
    0x56, 0xB0, 0x48, 0xD8, 0x58, 0x96, 0x8E, 0xD0, 0x93, 0xE1, 0xCD, 0x03, 0x35, 0x96, 0xAA, 0xB4,
    0x43, 0xC9, 0xAB, 0xD3, 0xC0, 0x18, 0x58, 0x63, 0xED, 0x3B, 0xAC, 0xC0, 0x84, 0xCF, 0x04, 0x3B,
    0xD6, 0x83, 0x00, 0xC6, 0xD5, 0xFD, 0xC0, 0xD8, 0x61, 0x0D, 0x78, 0x1B, 0xA8, 0xD5, 0xE0, 0xCE,
    0x0E, 0xC9, 0x3B, 0xE0, 0x35, 0x31, 0xCB, 0x76, 0xBC, 0xAB, 0x12, 0xAC, 0x45, 0x6F, 0x8B, 0xE5,
    0x83, 0xEB, 0xE6, 0x0C, 0x4A, 0xF0, 0x41, 0x38, 0x6A, 0x71, 0xD5, 0x9B, 0x00, 0x3E, 0xE3, 0x2D,
    0x1F, 0xCB, 0x07, 0xA8, 0xC0, 0xC3, 0xDF, 0x5B, 0x0F, 0xB9, 0xF0, 0xBB, 0x34, 0x86, 0xB2, 0x0D,
    0x58, 0xFE, 0xA6, 0x4A, 0x12, 0x38, 0x36, 0xAE, 0x00, 0x7C, 0xC6, 0xF1, 0xDA, 0xD8, 0x7A, 0x40,
    0xA4, 0x64, 0x14, 0x40, 0x15, 0xE0, 0x73, 0x63, 0x09, 0x94, 0x49, 0x31, 0x37, 0xF0, 0x1A, 0x46,
    0x60, 0x31, 0xC6, 0xFC, 0xDE, 0xF6, 0x8B, 0xDE, 0x29, 0xB8, 0x15, 0x5C, 0x39, 0x03, 0xB7, 0x58,
    0x21, 0xA1, 0xD3, 0x07, 0xE3, 0x2A, 0xE4, 0xEB, 0x04, 0x30, 0xFC, 0x27, 0x73, 0x1D, 0xDE, 0x54,
    0xC1, 0x07, 0x81, 0xCD, 0xEA, 0x94, 0x72, 0x70, 0x1F, 0x79, 0xD7, 0x67, 0xDF, 0x45, 0xF7, 0xF7,
    0x7C, 0x1A, 0x37, 0xDF, 0xF1, 0x71, 0x70, 0xD6, 0x58, 0x8E, 0xC9, 0x58, 0xD3, 0xBF, 0xBE, 0x79,
    0x1C, 0x75, 0xAB, 0x29, 0x98, 0xAE, 0x96, 0xB7, 0xBC, 0xC0, 0xD8, 0x80, 0x63, 0x03, 0xF5, 0x02,
    0xE7, 0xF8, 0xB7, 0xB3, 0x69, 0x50, 0xB1, 0xCE, 0x5B, 0xBE, 0x28, 0x2D, 0x3A, 0x18, 0x83, 0x35,
    0x97, 0x59, 0xD7, 0x95, 0xE1, 0x8F, 0xE7, 0xC7, 0x12, 0x35, 0x59, 0x28, 0x96, 0x25, 0xD5, 0xF9,
    0x1C, 0x3C, 0xC2, 0xF9, 0x0C, 0xB7, 0x41, 0x85, 0x43, 0xA8, 0x49, 0x9F, 0xFC, 0xDE, 0x41, 0xF0,
    0xB5, 0x1E, 0xD6, 0x5A, 0x8F, 0x63, 0xB1, 0x36, 0x19, 0x8B, 0x0E, 0x37, 0xC1, 0x35, 0xF4, 0xB1,
    0xB3, 0x7F, 0xDB, 0x67, 0x77, 0x90, 0xBF, 0xEB, 0x13, 0xA0, 0x80, 0x47, 0xBD, 0xE7, 0xD3, 0xB8,
    0xF9, 0x8E, 0x4F, 0xB3, 0x70, 0x06, 0xF5, 0xFA, 0x4E, 0x2F, 0x94, 0x23, 0x39, 0xFC, 0xD2, 0xA4,
    0x5C, 0x7E, 0x9E, 0x0E, 0xA5, 0xDB, 0x99, 0xC5, 0x23, 0xCB, 0x2D, 0xAB, 0x18, 0xCA, 0xCE, 0x58,
    0x7E, 0x52, 0xE1, 0x54, 0x00, 0xF5, 0xE9, 0xE9, 0x9F, 0x7F, 0xB8, 0xA7, 0xE3, 0xEB, 0xAC, 0xCF,
    0xD3, 0x12, 0xC5, 0x84, 0xB4, 0xE2, 0xD9, 0xF7, 0xEC, 0x5D, 0x1F, 0x06, 0xE0, 0x09, 0x54, 0xBD,
    0xE7, 0x93, 0x6D, 0xF3, 0xDD, 0xF5, 0xF8, 0x4A, 0x09, 0x85, 0x2A, 0xEB, 0xC8, 0x62, 0x74, 0x34,
    0x87, 0x77, 0x14, 0x98, 0xDF, 0x9F, 0x5E, 0xCB, 0x0B, 0x54, 0x51, 0x62, 0x78, 0x87, 0x77, 0x40,
    0xAE, 0x72, 0x45, 0x01, 0x0B, 0xF0, 0x80, 0xD2, 0x32, 0x19, 0xC9, 0x23, 0x39, 0x74, 0x18, 0x6A,
    0x8B, 0x66, 0x51, 0x1D, 0x8C, 0x12, 0xAA, 0xBE, 0xBE, 0xAE, 0x05, 0x2A, 0x68, 0x01, 0x05, 0x15,
    0xCE, 0x29, 0x73, 0x48, 0x70, 0xDF, 0x6B, 0xBE, 0x57, 0xEE, 0xEF, 0x23, 0xDC, 0x2B, 0xD3, 0x94,
    0x76, 0xAF, 0x84, 0x1D, 0xD1, 0x71, 0x6F, 0xE8, 0x81, 0x73, 0x42, 0x77, 0x86, 0xF2, 0xA0, 0x94,
    0xB4, 0x2C, 0x28, 0x8A, 0x52, 0x39, 0x55, 0xC5, 0x40, 0x79, 0x94, 0xA4, 0xF2, 0x50, 0x60, 0xBA,
    0xF8, 0x11, 0x0E, 0xD4, 0xC4, 0x8A, 0xCF, 0x05, 0x16, 0x88, 0x99, 0x60, 0x60, 0x0A, 0x5F, 0x51,
    0x3A, 0xC6, 0xB8, 0x0A, 0xD3, 0x2D, 0xA5, 0x81, 0x02, 0x66, 0x61, 0xB0, 0xA6, 0x94, 0x71, 0xAF,
    0x5C, 0x6E, 0x0A, 0x3B, 0xF3, 0x56, 0xB9, 0x32, 0xBA, 0x95, 0x15, 0x1C, 0x0C, 0xE0, 0xEF, 0xAF,
    0x12, 0xCB, 0x9F, 0xCE, 0x31, 0x3C, 0xAB, 0xFE, 0x7E, 0xAE, 0xF5, 0xF1, 0x43, 0x15, 0xC3, 0x0A,
    0x1D, 0x24, 0xA0, 0xD8, 0xEB, 0xAA, 0x05, 0x46, 0xF9, 0xCC, 0x32, 0x01, 0x6F, 0x50, 0x61, 0x5E,
    0x28, 0x9F, 0x49, 0x15, 0xF3, 0xFA, 0xB9, 0xB3, 0x50, 0x8C, 0x85, 0x6F, 0x31, 0xFF, 0xEC, 0xB9,
    0x9B, 0xF6, 0x5E, 0xB9, 0x63, 0xBE, 0x55, 0xEE, 0xA6, 0xBD, 0x53, 0xEE, 0x1B, 0x72, 0x6B, 0x38,
    0xB0, 0xFF, 0x6F, 0xD9, 0x3F, 0xB1, 0xE1, 0x4F, 0x93, 0x78, 0x14, 0xD9, 0xBC, 0x55, 0xCB, 0x1C,
    0x0E, 0x0C, 0x69, 0x84, 0xF4, 0x39, 0x84, 0x57, 0x30, 0x9F, 0xB3, 0xCA, 0xF2, 0xE1, 0xE6, 0xCF,
    0xD8, 0xBD, 0x76, 0xAB, 0xDC, 0x21, 0xDC, 0x2B, 0x33, 0x91, 0xF7, 0xB2, 0xCF, 0xF9, 0x6F, 0x81,
    0x33, 0x26, 0x40, 0x07, 0x67, 0x6F, 0xEC, 0x9F, 0x2C, 0x5A, 0xDA, 0x5A, 0x98, 0xC7, 0xCF, 0x34,
    0x95, 0x95, 0x73, 0xD7, 0x45, 0xF9, 0x51, 0xAE, 0x74, 0x5F, 0xDE, 0x0B, 0x3B, 0xED, 0x5F, 0x7C,
    0xD0, 0xFF, 0xA5, 0x98, 0x51, 0x6E, 0xF3, 0xBA, 0x0E, 0x84, 0x3F, 0x40, 0xAF, 0x3F, 0xC0, 0xAD,
    0xDC, 0x05, 0x18, 0xE0, 0xD6, 0x09, 0x74, 0x01, 0xD9, 0x0A, 0x81, 0xBC, 0x12, 0xE0, 0xB5, 0xA8,
    0xE8, 0xC4, 0x42, 0x93, 0x3A, 0xAD, 0xA3, 0x19, 0xC5, 0xAD, 0xAD, 0x19, 0xD1, 0xA1, 0x24, 0xD9,
    0xA8, 0x77, 0x00, 0xCD, 0x91, 0xE8, 0xD0, 0xAD, 0x23, 0x74, 0x47, 0x73, 0x95, 0x1D, 0x99, 0xBA,
    0x03, 0x8D, 0x42, 0x4B, 0x76, 0x40, 0xAF, 0x25, 0x4D, 0x9A, 0x91, 0x26, 0x69, 0x2A, 0x16, 0x3B,
    0x94, 0x4C, 0x54, 0xC1, 0x37, 0x22, 0x7E, 0x2B, 0x2E, 0xCD, 0xE4, 0x66, 0x9F, 0xE8, 0x7F, 0xAE,
    0x89, 0x42, 0xD0, 0xAC, 0xBA, 0x1D, 0x27, 0xB2, 0x5D, 0xD5, 0xD8, 0x40, 0xFB, 0x41, 0xB9, 0xD4,
    0xB7, 0x32, 0x3E, 0xDA, 0x05, 0x12, 0x09, 0xB1, 0x5E, 0x14, 0xE8, 0x8C, 0x85, 0x5A, 0xD4, 0x16,
    0x68, 0x7A, 0xD9, 0x22, 0x86, 0x8E, 0xD3, 0x94, 0xAF, 0xAB, 0xB9, 0x42, 0x0C, 0x34, 0x0B, 0x31,
    0xED, 0xB2, 0x0F, 0x37, 0x87, 0x88, 0x6B, 0x8E, 0x23, 0xD2, 0x9B, 0x7D, 0xE4, 0x58, 0xBC, 0xE6,
    0xF6, 0x51, 0x70, 0x11, 0xA0, 0x7E, 0xD9, 0xAE, 0x72, 0xE4, 0x4F, 0x8E, 0x2D, 0xCB, 0xD1, 0x9A,
    0x8B, 0x49, 0xAF, 0x27, 0x69, 0xAE, 0x45, 0xB1, 0xCE, 0x72, 0x6D, 0x41, 0xA6, 0xEF, 0x04, 0x50,
    0x7D, 0x50, 0x20, 0x36, 0x22, 0x5C, 0x32, 0xD0, 0xAF, 0x9D, 0xCD, 0x89, 0x49, 0xD9, 0xA9, 0x86,
    0xA6, 0xF5, 0x5E, 0xBE, 0xF5, 0xCB, 0x2C, 0xFE, 0xE4, 0xD7, 0x21, 0xD9, 0x11, 0x21, 0x19, 0xBB,
    0x93, 0x36, 0x8F, 0x01, 0xF1, 0x50, 0xD3, 0xB4, 0x6E, 0x91, 0x46, 0x11, 0xCA, 0xA9, 0x58, 0x01,
    0x1F, 0x98, 0x81, 0x76, 0x02, 0x93, 0x01, 0xDD, 0xAD, 0x38, 0xC7, 0x34, 0x74, 0x3F, 0xD3, 0x2F,
    0xD7, 0xDE, 0xBD, 0x8E, 0x80, 0x90, 0xB2, 0x0A, 0x9A, 0x39, 0xED, 0xEE, 0x97, 0xED, 0xE6, 0x28,
    0x3F, 0x77, 0x9C, 0xCD, 0xAF, 0xB8, 0x11, 0x85, 0x33, 0xAB, 0x2B, 0xF2, 0xD5, 0x06, 0x90, 0x3A,
    0x3E, 0x0D, 0x2A, 0x68, 0x8E, 0x40, 0x77, 0x3D, 0xDC, 0xD1, 0x8B, 0x71, 0xD6, 0x2D, 0x3D, 0x0F,
    0xF5, 0xD5, 0x1C, 0x23, 0x09, 0xDD, 0xF1, 0xD5, 0x30, 0x94, 0x1C, 0x44, 0x8B, 0x55, 0x57, 0x52,
    0x6F, 0xCB, 0x1C, 0x33, 0x93, 0xD4, 0x0F, 0x49, 0x6A, 0xCF, 0x24, 0x15, 0x5C, 0xC9, 0x28, 0x57,
    0xDF, 0xE6, 0xB0, 0xBC, 0xE2, 0xBE, 0x66, 0xD1, 0xE7, 0xEE, 0x62, 0xC5, 0x8B, 0x71, 0x13, 0xBF,
    0xB5, 0xFD, 0xA3, 0x15, 0xC0, 0x76, 0xE0, 0x3F, 0xC0, 0x01, 0xA9, 0x3F, 0xFD, 0x6F, 0x7D, 0x59,
    0x7F, 0xFE, 0xE6, 0xCF, 0x22, 0x76, 0x28, 0x99, 0xA6, 0x99, 0xE8, 0xA1, 0xC4, 0xA1, 0x8C, 0x15,
    0x58, 0x75, 0x68, 0x3C, 0x20, 0x86, 0xDC, 0x5C, 0x32, 0xC4, 0xE7, 0x92, 0x5C, 0x08, 0xB1, 0x81,
    0xA3, 0x5B, 0x66, 0x16, 0x3F, 0x73, 0xEB, 0xC8, 0x8E, 0x13, 0x07, 0xB9, 0x69, 0x6E, 0x01, 0x6B,
    0x44, 0xAB, 0xA6, 0x6E, 0x19, 0x77, 0x87, 0x97, 0xE7, 0x5C, 0xFD, 0xA4, 0xB5, 0xEB, 0x9B, 0xB6,
    0xBE, 0x45, 0x9C, 0xB5, 0xAE, 0x6B, 0xDE, 0xB4, 0x1F, 0x5F, 0xCD, 0x5F, 0xB5, 0xEF, 0xDF, 0x4E,
    0x9A, 0x32, 0x2E, 0x85, 0x1F, 0xAF, 0x2A, 0xFD, 0x9F, 0x7B, 0xF2, 0xEA, 0x7F, 0xCD, 0xD1, 0x49,
    0x31, 0xE2, 0x48, 0xA5, 0x79, 0x51, 0x07, 0x43, 0xC5, 0x42, 0xD3, 0x42, 0x92, 0x91, 0x72, 0xD4,
    0x47, 0xBE, 0x7C, 0x40, 0xC5, 0xFE, 0x43, 0x28, 0x03, 0x6C, 0x10, 0xC8, 0x0E, 0x67, 0x49, 0x22,
    0xE2, 0x81, 0xE6, 0x6B, 0x42, 0x59, 0x1C, 0x77, 0x69, 0xB1, 0x4E, 0x3C, 0x3A, 0x11, 0xAF, 0x04,
    0x0C, 0x31, 0x72, 0x47, 0xDD, 0x89, 0x68, 0x2E, 0xDE, 0x5C, 0x4D, 0x2C, 0x7A, 0x2F, 0x4B, 0x43,
    0x14, 0x34, 0x6D, 0xF0, 0x66, 0xCF, 0xF5, 0x7C, 0x94, 0xB7, 0x63, 0xF0, 0xD0, 0xC5, 0x8A, 0xF8,
    0x66, 0xA2, 0x68, 0xA0, 0x5E, 0x75, 0xC5, 0x3A, 0x3A, 0x0E, 0xE0, 0x13, 0xFF, 0xA3, 0x9D, 0x5E,
    0xAF, 0x8F, 0x20, 0x58, 0x5C, 0x9E, 0xD0, 0x35, 0xEC, 0x4C, 0xDB, 0x41, 0x34, 0x3F, 0xF9, 0xC5,
    0x7F, 0xA3, 0x06, 0xCD, 0x1E, 0xC0, 0x90, 0x9F, 0x75, 0x61, 0xAB, 0xF2, 0x0F, 0x3F, 0x66, 0x90,
    0x88, 0xB1, 0xED, 0xAC, 0x7E, 0x75, 0x2A, 0x2B, 0x83, 0xF2, 0x2B, 0xCE, 0x79, 0x6B, 0x13, 0x73,
    0xF9, 0xB2, 0x97, 0x7D, 0x1B, 0x68, 0xFE, 0xE4, 0x54, 0x5E, 0x1D, 0x9A, 0x15, 0x57, 0x87, 0xEF,
    0x11, 0x88, 0xCA, 0xBB, 0x3B, 0x13, 0xA8, 0x91, 0xAB, 0xF5, 0xB8, 0x33, 0x07, 0x15, 0x57, 0xCB,
    0xF5, 0x3E, 0x74, 0xCE, 0x6E, 0x51, 0x87, 0x51, 0x0C, 0x42, 0xA2, 0xB9, 0xE4, 0xCE, 0x5B, 0xE7,
    0x97, 0xA9, 0xDC, 0x4C, 0x5B, 0x67, 0x9A, 0x92, 0x44, 0x51, 0x8B, 0x87, 0x07, 0x86, 0x93, 0xD9,
    0xEE, 0xCF, 0x0E, 0x25, 0x7D, 0x60, 0x03, 0xB6, 0x13, 0xB7, 0x17, 0x99, 0x8C, 0xEA, 0xDC, 0xF8,
    0x5C, 0x8A, 0xB8, 0xDD, 0x9D, 0x34, 0xF4, 0x3C, 0xE2, 0x99, 0x3B, 0x32, 0x3A, 0xCC, 0x2E, 0xED,
    0x48, 0x06, 0xE2, 0x0F, 0xB1, 0xE6, 0x93, 0xC7, 0xF9, 0xEB, 0xF7, 0x3D, 0x1B, 0x9C, 0x83, 0x1D,
    0xED, 0x3C, 0x5B, 0xDF, 0x10, 0x50, 0x5A, 0xD2, 0x02, 0xD4, 0x8B, 0x87, 0x67, 0x1D, 0x93, 0x18,
    0x4F, 0x02, 0xCA, 0x60, 0x30, 0x29, 0x36, 0xA8, 0x68, 0xCB, 0xC7, 0x0E, 0xC0, 0x5E, 0xEF, 0xCD,
    0xD7, 0x05, 0x1E, 0x59, 0x77, 0x55, 0x17, 0xEC, 0x96, 0x5D, 0xD5, 0x89, 0x63, 0xBB, 0x81, 0x6C,
    0xB0, 0x5D, 0x72, 0xAC, 0xF6, 0x77, 0xEB, 0x62, 0xA7, 0x8E, 0x9A, 0x19, 0x2D, 0x33, 0x43, 0x42,
    0x0D, 0x31, 0x05, 0x65, 0x56, 0x81, 0xA6, 0x05, 0xD9, 0xAB, 0x80, 0x67, 0xA5, 0x6D, 0x34, 0x4D,
    0x5A, 0xAF, 0x48, 0x71, 0xC9, 0xF1, 0x40, 0xA5, 0xCD, 0xB5, 0x2B, 0x16, 0xC5, 0x09, 0xF5, 0xD0,
    0x3A, 0x4C, 0xFB, 0x36, 0x94, 0x87, 0x80, 0xAD, 0x9B, 0x24, 0x35, 0xC9, 0x8A, 0xE5, 0xED, 0xC6,
    0x05, 0x25, 0x4A, 0x46, 0x25, 0xC5, 0xD5, 0x0E, 0x57, 0xFC, 0x56, 0xF3, 0x74, 0x49, 0x7A, 0xE5,
    0x01, 0x52, 0xA5, 0x31, 0x33, 0xE4, 0x7A, 0x4C, 0xAA, 0xF2, 0x36, 0xA6, 0xF5, 0x5D, 0x87, 0x4B,
    0x86, 0x8E, 0xB5, 0xBF, 0x9C, 0x25, 0x21, 0x0D, 0x71, 0xE6, 0x93, 0xAC, 0xA6, 0x49, 0xBE, 0x7A,
    0x43, 0xF2, 0xE5, 0x0A, 0x92, 0x23, 0x2D, 0x2D, 0xD4, 0x32, 0x51, 0x07, 0x85, 0xB4, 0x76, 0xF7,
    0xDF, 0xE9, 0xCF, 0x2D, 0xC3, 0xB9, 0xFE, 0xE7, 0x9A, 0x0E, 0x01, 0xDB, 0xD8, 0xCB, 0x9C, 0xC8,
    0x36, 0xA3, 0x39, 0x38, 0xBA, 0xC3, 0x20, 0xA2, 0xA4, 0x0D, 0x68, 0xE5, 0x28, 0x16, 0xE2, 0xD1,
    0x02, 0x92, 0x6E, 0x2F, 0x96, 0x69, 0x9A, 0xC7, 0x89, 0xF1, 0xC4, 0x22, 0x33, 0x76, 0x10, 0x34,
    0x3F, 0x59, 0xE8, 0xBF, 0x75, 0x86, 0x68, 0xAE, 0xA9, 0xD9, 0xFC, 0xB0, 0xBA, 0xF7, 0x23, 0xC4,
    0x9A, 0xA5, 0xE5, 0xF2, 0x78, 0xF9, 0xB9, 0x11, 0x8C, 0xE9, 0x51, 0xC4, 0xB6, 0x0C, 0xCF, 0x58,
    0xCE, 0x46, 0x21, 0x41, 0x5F, 0x6A, 0xF6, 0x60, 0xED, 0xBB, 0xE6, 0x58, 0x7D, 0x33, 0x32, 0xAA,
    0x9F, 0xA1, 0x11, 0x04, 0x59, 0x67, 0x37, 0xC8, 0x80, 0x91, 0x1C, 0x2C, 0x49, 0x8D, 0xBE, 0x4D,
    0xE7, 0xF9, 0xE6, 0x26, 0xD3, 0x90, 0x04, 0xC2, 0x5B, 0x7A, 0xBB, 0x59, 0x69, 0x44, 0xE1, 0x38,
    0xD5, 0x7B, 0xDD, 0x72, 0xAB, 0xCD, 0xA2, 0x83, 0x5E, 0x74, 0x4B, 0x23, 0xCF, 0xAD, 0xE6, 0x0C,
    0x7F, 0xD5, 0xAE, 0x99, 0x8F, 0x94, 0x3A, 0x77, 0x14, 0x87, 0xED, 0x41, 0xB5, 0x6B, 0x41, 0xAA,
    0x71, 0x2F, 0x24, 0xE7, 0xC6, 0x73, 0x59, 0xB9, 0x5F, 0x33, 0x9D, 0x4B, 0xCB, 0xB9, 0xE3, 0xDF,
    0xC3, 0x02, 0x02, 0x9A, 0xED, 0x4C, 0x20, 0x4E, 0x63, 0x5B, 0xDF, 0xFE, 0x14, 0x91, 0x00, 0x54,
    0x19, 0x9F, 0xDA, 0xC7, 0x1F, 0x2A, 0x71, 0x65, 0x54, 0xEA, 0x41, 0x6C, 0xBD, 0x0A, 0x77, 0xC2,
    0xEF, 0x8E, 0xFA, 0xDD, 0x50, 0xCB, 0xAA, 0x40, 0x89, 0x47, 0x85, 0x02, 0x69, 0x3C, 0x66, 0x4A,
    0x42, 0xC5, 0x9E, 0x54, 0x22, 0x95, 0x2D, 0x37, 0xF4, 0x16, 0x3B, 0x1D, 0x15, 0x2B, 0x1E, 0x67,
    0xCA, 0x6E, 0xD4, 0x22, 0xE6, 0xF6, 0x66, 0x53, 0x74, 0x47, 0x20, 0xBE, 0x0E, 0x4A, 0x96, 0x56,
    0x15, 0x74, 0x41, 0xAC, 0x80, 0x68, 0x85, 0x1B, 0xCF, 0xA9, 0x22, 0xC7, 0x6D, 0xFB, 0xB2, 0x1D,
    0x40, 0xE0, 0x31, 0xAE, 0xAF, 0x2B, 0xC5, 0x17, 0xF1, 0x75, 0x29, 0x3E, 0x6C, 0xE8, 0xEB, 0x1F,
    0x3A, 0xCF, 0xBF, 0xFD, 0x33, 0xD3, 0x8B, 0xCB, 0xAE, 0x3A, 0x5D, 0x72, 0xDA, 0x04, 0x6D, 0x1E,
    0x66, 0x76, 0xD0, 0xBC, 0x78, 0xC9, 0x2D, 0x3E, 0xB2, 0x5A, 0x57, 0x82, 0xDC, 0x01, 0x81, 0x38,
    0x6A, 0x6D, 0x7C, 0xCF, 0x07, 0x8F, 0x9A, 0x82, 0x3F, 0xD3, 0x1C, 0x1F, 0x6F, 0xF4, 0xA2, 0xB4,
    0x43, 0x01, 0xF8, 0x3F, 0xAD, 0x57, 0xC1, 0x8A, 0xEB, 0x3A, 0x0C, 0x3D, 0xE0, 0x6D, 0x40, 0xBF,
    0x62, 0xE8, 0x36, 0xA0, 0x5F, 0x17, 0x64, 0x3B, 0xD0, 0x5F, 0x11, 0x74, 0x2B, 0xD0, 0x93, 0xAC,
    0x06, 0xA7, 0x7D, 0xB9, 0x99, 0xE9, 0xBD, 0x23, 0x1D, 0x99, 0x4E, 0x74, 0x8E, 0xAD, 0xD4, 0x8E,
    0x9A, 0x01, 0x1B, 0x49, 0x73, 0xBF, 0x0B, 0x19, 0x6D, 0x92, 0x9F, 0xC1, 0x68, 0x96, 0x83, 0xC2,
    0x0E, 0x03, 0xC9, 0x3E, 0x30, 0xC0, 0x41, 0x03, 0xBB, 0x01, 0xCD, 0x05, 0x80, 0x93, 0x50, 0xCC,
    0xC1, 0xDB, 0x43, 0x32, 0x65, 0xCD, 0x60, 0xA9, 0x4A, 0x3E, 0x0B, 0xD8, 0x01, 0x52, 0x20, 0x59,
    0xCF, 0xB8, 0x33, 0x78, 0x8D, 0x50, 0x46, 0xB9, 0x1D, 0xBC, 0xB4, 0x0A, 0x77, 0x01, 0xA5, 0x56,
    0x5C, 0x2B, 0x4C, 0xB9, 0xD5, 0x1A, 0x5C, 0x9C, 0x31, 0x7F, 0xF2, 0xF8, 0x2E, 0xC0, 0x0D, 0x0B,
    0xC2, 0x56, 0xBE, 0xB5, 0xE1, 0x4B, 0x78, 0x4F, 0x5F, 0x19, 0x65, 0x83, 0xB3, 0xC6, 0x70, 0xE3,
    0xC9, 0x78, 0xCD, 0xB7, 0xA5, 0xA1, 0x81, 0x5E, 0xF2, 0xC4, 0x38, 0x58, 0xE7, 0xDE, 0x0E, 0xBE,
    0xF5, 0x8D, 0x57, 0x4C, 0xCB, 0x6B, 0xE8, 0x74, 0xE4, 0xF0, 0x86, 0x05, 0x5A, 0xE9, 0x35, 0x16,
    0x58, 0xB0, 0xD0, 0xD2, 0xA6, 0xFB, 0x21, 0x0F, 0xF4, 0x7B, 0xCE, 0xB9, 0x86, 0xDF, 0xC2, 0xFB,
    0x23, 0xFC, 0x0B, 0xD3, 0x72, 0x45, 0x59, 0xEF, 0x95, 0x4F, 0x4F, 0x76, 0x9B, 0xFA, 0x16, 0x8E,
    0x1B, 0xAD, 0x5B, 0x2F, 0x9F, 0x79, 0x33, 0xB0, 0x82, 0x64, 0xB0, 0x14, 0x64, 0x09, 0x5E, 0x13,
    0xC6, 0x81, 0xA6, 0x4C, 0x01, 0x77, 0x0E, 0x80, 0x6D, 0x80, 0xEE, 0xD2, 0x1C, 0xB0, 0x21, 0x72,
    0x90, 0x0B, 0x35, 0x41, 0x8C, 0x2E, 0x4C, 0x62, 0x01, 0x86, 0x3B, 0x98, 0x61, 0xC6, 0x4A, 0x92,
    0x53, 0xA7, 0x93, 0x94, 0xBF, 0xEE, 0xF0, 0xCE, 0x39, 0xCB, 0xC1, 0x22, 0x58, 0x33, 0x89, 0x61,
    0x6C, 0x68, 0xEE, 0x42, 0x96, 0xDC, 0xA6, 0x8C, 0x0A, 0xDB, 0x23, 0x88, 0x15, 0x8C, 0x71, 0x26,
    0x3C, 0xF9, 0x82, 0x63, 0xC5, 0x18, 0x15, 0xF3, 0xA6, 0x1C, 0xFC, 0x42, 0x56, 0x2C, 0xEC, 0x20,
    0x7D, 0x5B, 0xB1, 0xAA, 0x7A, 0xAF, 0xFB, 0x27, 0x27, 0xB4, 0x3D, 0x14, 0x2E, 0xE0, 0x9A, 0xC3,
    0x0A, 0xDC, 0xB4, 0x10, 0x4C, 0x63, 0x09, 0x6E, 0x1E, 0x52, 0x56, 0x8C, 0x48, 0xD3, 0x75, 0xC6,
    0x3F, 0xAC, 0x0E, 0x97, 0x44, 0x98, 0x6A, 0xE2, 0xDB, 0x1A, 0xDA, 0xF3, 0x8E, 0x19, 0xBF, 0x5B,
    0x47, 0xD3, 0x9C, 0x96, 0xF1, 0x41, 0x29, 0x73, 0x03, 0x7E, 0xB3, 0x94, 0xDA, 0x90, 0x4F, 0x4B,
    0x01, 0xC0, 0xF8, 0xFD, 0x52, 0x14, 0x30, 0x7C, 0x54, 0xCA, 0x38, 0xCB, 0xC2, 0xA1, 0x6C, 0xEA,
    0x9E, 0x78, 0x39, 0xB4, 0xAC, 0x89, 0x30, 0xA2, 0xC2, 0x47, 0xCF, 0x73, 0x73, 0x04, 0x52, 0xB1,
    0x49, 0xE0, 0xDB, 0xA7, 0xFA, 0xB0, 0x9C, 0x24, 0xFE, 0x6A, 0x2D, 0xD8, 0x8F, 0x3A, 0x08, 0xC0,
    0xBA, 0x0F, 0xC5, 0xF6, 0xE4, 0x67, 0xD2, 0x05, 0xC5, 0xB0, 0x7D, 0x68, 0xCA, 0xAE, 0xE3, 0x0B,
    0x22, 0x31, 0x04, 0x2D, 0x06, 0x1E, 0xC3, 0xF8, 0xCA, 0x43, 0x2B, 0x63, 0xC8, 0x42, 0x33, 0x6A,
    0x42, 0x16, 0x4A, 0x45, 0x53, 0x43, 0xE4, 0xE3, 0xB3, 0x71, 0x28, 0x9F, 0x3F, 0x55, 0xE6, 0xF9,
    0xB7, 0x3C, 0x77, 0x2E, 0xB4, 0xCD, 0xF6, 0x0D, 0x07, 0x32, 0x2C, 0x83, 0xBC, 0x02, 0x1C, 0xE1,
    0xCA, 0x11, 0xD5, 0x7A, 0x56, 0xC0, 0x22, 0x63, 0x67, 0xED, 0x46, 0xDC, 0x2D, 0x90, 0x6C, 0x03,
    0xFF, 0xBF, 0xF5, 0xFC, 0x7C, 0x45, 0xAE, 0xB1, 0x56, 0x3C, 0x36, 0xBB, 0xAB, 0xD5, 0x83, 0x06,
    0xC2, 0x5C, 0x9D, 0xB9, 0xBE, 0x93, 0xA6, 0xA8, 0x1D, 0x6D, 0xC1, 0x26, 0x6D, 0xCA, 0x32, 0x9A,
    0xEA, 0xA6, 0x18, 0x12, 0x06, 0x42, 0x5D, 0x71, 0x8F, 0x08, 0xBE, 0x65, 0x3C, 0x9D, 0x19, 0x64,
    0x35, 0x49, 0x8E, 0x05, 0x92, 0xD4, 0x87, 0x9C, 0xEA, 0x20, 0xE8, 0x18, 0x19, 0x16, 0x20, 0x09,
    0xFC, 0x65, 0x63, 0x9F, 0x4D, 0x4B, 0xAB, 0xE9, 0x81, 0xBF, 0x6F, 0xF0, 0xA3, 0x20, 0xEC, 0x55,
    0x1E, 0xBA, 0xEF, 0x6F, 0x16, 0x31, 0xCF, 0xF9, 0x27, 0xD5, 0x2C, 0xBD, 0xC9, 0xB3, 0x90, 0x0E,
    0x69, 0xE3, 0x52, 0x7A, 0x5F, 0x93, 0x5B, 0xB6, 0x73, 0xE8, 0x9D, 0xB3, 0x90, 0xBE, 0x6C, 0x3D,
    0xEF, 0xB0, 0x89, 0xA6, 0x3B, 0x24, 0xAB, 0xF6, 0x00, 0xCA, 0x2E, 0xDF, 0x92, 0xCA, 0x2E, 0xDF,
    0x92, 0xD0, 0xF0, 0xE7, 0xB7, 0x24, 0x03, 0xDA, 0xBF, 0x1F, 0xEC, 0xD4, 0xF3, 0xC7, 0x07, 0x7B,
    0xB7, 0x2E, 0xC3, 0xBF, 0xF8, 0xAB, 0xEF, 0xDE, 0x71, 0xB0, 0x9B, 0xAE, 0x4B, 0x4F, 0xEF, 0x5D,
    0x6E, 0x58, 0xD1, 0x87, 0xCF, 0x5F, 0x80, 0xF9, 0x60, 0xC0, 0x46, 0x18, 0x8C, 0xE2, 0x13, 0x79,
    0xC4, 0x3D, 0x63, 0x13, 0x8E, 0xB5, 0xB9, 0x65, 0xB8, 0x30, 0x1C, 0x86, 0x79, 0x27, 0xC7, 0xAE,
    0x4F, 0xF7, 0x90, 0x8D, 0xFE, 0x8E, 0x63, 0xBF, 0x97, 0x42, 0x6D, 0xD4, 0xA1, 0xB3, 0xAE, 0x89,
    0xA6, 0x3F, 0xEF, 0xB2, 0x2F, 0xDF, 0x14, 0x0B, 0x1E, 0x03, 0xFE, 0x6D, 0xAF, 0xCD, 0x1A, 0x6B,
    0x5D, 0xC6, 0xAF, 0x36, 0xDC, 0x79, 0x02, 0x3E, 0x6A, 0xBA, 0xEF, 0x3A, 0xB0, 0x69, 0x4B, 0xDD,
    0x38, 0x39, 0x5C, 0x8D, 0xB6, 0x3D, 0xD4, 0x68, 0x53, 0xE3, 0xA6, 0x39, 0x81, 0x6B, 0x84, 0xD4,
    0x13, 0xEA, 0x6E, 0x78, 0xB8, 0xBC, 0xBE, 0x87, 0xF0, 0xBD, 0xB9, 0xD3, 0x66, 0x44, 0x2B, 0xAF,
    0xB6, 0xAA, 0xE6, 0x29, 0x0A, 0x8D, 0xE3, 0xA1, 0x50, 0x5D, 0x96, 0x51, 0xA1, 0x8C, 0xA3, 0x10,
    0x03, 0x5B, 0x8E, 0xE9, 0x78, 0xDA, 0xCE, 0x21, 0x8D, 0x6B, 0x0B, 0x55, 0x7E, 0xA5, 0xAF, 0xBA,
    0x56, 0xCC, 0x2B, 0x7D, 0x71, 0xCE, 0xF4, 0x73, 0xEE, 0x50, 0x21, 0x9D, 0xB5, 0xA3, 0x9C, 0xED,
    0x64, 0xFD, 0x9A, 0x1F, 0xE1, 0x0B, 0xE9, 0xBC, 0x76, 0xAD, 0x2F, 0xCE, 0xA9, 0x7E, 0xCE, 0x6D,
    0x90, 0x57, 0xA7, 0xFF, 0xAD, 0xDF, 0x4E, 0xF2, 0x35, 0xE7, 0xB5, 0xBE, 0x38, 0xE7, 0xFA, 0xD7,
    0x7B, 0x9B, 0xBE, 0xD7, 0xF7, 0x67, 0xCE, 0xF1, 0xFE, 0xAF, 0xF5, 0xE7, 0x9C, 0xD7, 0xFB, 0xE7,
    0x67, 0x8E, 0xB5, 0x4B, 0x4F, 0x7B, 0xDF, 0xFF, 0xD9, 0x31, 0xB0, 0xFB, 0x9C, 0xFB, 0x5A, 0x5F,
    0x9C, 0x33, 0xFD, 0x9C, 0x3B, 0x19, 0xD7, 0xF7, 0x3F, 0x39, 0x67, 0xE7, 0xEF, 0x4A, 0x5F, 0x9C,
    0x73, 0x3D, 0x5C, 0xC9, 0x8D, 0xC5, 0x18, 0x01, 0xB0, 0x56, 0xB3, 0x16, 0x90, 0xE2, 0xD9, 0x66,
    0x95, 0x5D, 0xC8, 0xAB, 0x92, 0x1D, 0x1D, 0x4D, 0x80, 0xBC, 0x3E, 0x9E, 0x26, 0xA4, 0xAA, 0xA5,
    0x4A, 0x8C, 0xC5, 0x1D, 0xAC, 0x27, 0xFC, 0x7A, 0xFF, 0x19, 0xCD, 0x6E, 0x82, 0x64, 0x82, 0x51,
    0x08, 0x4B, 0x7E, 0x01, 0x02, 0x02, 0xEA, 0xFF, 0x49, 0x37, 0x37, 0x92, 0xF9, 0xC6, 0xED, 0x83,
    0x4C, 0xC3, 0x1B, 0x56, 0xBC, 0xDD, 0xF1, 0x02, 0xA5, 0x1E, 0x63, 0x7D, 0xDA, 0x93, 0x93, 0xB3,
    0x67, 0x26, 0xE3, 0xED, 0x95, 0xAC, 0xE9, 0x74, 0x92, 0x83, 0xBB, 0x0B, 0xBB, 0x9F, 0xFF, 0x07,
    0x70, 0xF5, 0x52, 0x74, 0xF9, 0x3B, 0xF0, 0x1F, 0xB5, 0x96, 0x01, 0xC6, 0x2C, 0x49, 0x10, 0x84,
    0x3F, 0x12, 0x20, 0xC8, 0xAB, 0x04, 0x03, 0x30, 0xCC, 0xD5, 0x93, 0x06, 0x18, 0xDE, 0x55, 0xEA,
    0x00, 0x4D, 0xEF, 0x3C, 0x76, 0xD7, 0xDA, 0x55, 0x61, 0xFF, 0x66, 0x3E, 0xA0, 0x84, 0x9A, 0x9C,
    0x4A, 0x11, 0x99, 0xDD, 0xB0, 0x48, 0xAC, 0x26, 0x51, 0x23, 0x13, 0x69, 0x79, 0x11, 0x79, 0x9D,
    0x44, 0xAE, 0x8B, 0x80, 0x65, 0x75, 0xA8, 0x50, 0x53, 0x43, 0xE0, 0xF9, 0x21, 0xBF, 0x0F, 0x33,
    0xCC, 0x5E, 0x97, 0xF7, 0x15, 0xBA, 0x6D, 0x22, 0x56, 0xBA, 0x0F, 0x0C, 0x43, 0xD0, 0x65, 0x59,
    0x66, 0xC3, 0x5A, 0x12, 0x81, 0x9A, 0xC7, 0x3B, 0xF7, 0xAF, 0x97, 0x65, 0xB1, 0x67, 0x8A, 0x9A,
    0x54, 0x81, 0x29, 0x92, 0x5E, 0x30, 0xEC, 0x69, 0x0A, 0xF1, 0x63, 0x0A, 0x06, 0xE7, 0xFF, 0x2D,
    0x02, 0xD3, 0xB1, 0xEF, 0x45, 0xAD, 0x02, 0xEA, 0x44, 0x88, 0x84, 0x79, 0x23, 0xCC, 0xF0, 0x03,
    0x6A, 0x44, 0xE5, 0xFA, 0x74, 0xD0, 0x7B, 0x8A, 0xD8, 0x77, 0x7A, 0x8A, 0x4C, 0xF0, 0x85, 0x50,
    0x89, 0x15, 0x5D, 0x7B, 0xF0, 0x84, 0x6F, 0x26, 0xF3, 0xBE, 0xEF, 0x8A, 0x1A, 0xDC, 0x93, 0x73,
    0x47, 0xAA, 0x4F, 0x51, 0xE4, 0xB9, 0x96, 0x72, 0x73, 0xE8, 0xD0, 0x73, 0xDD, 0x9F, 0x0B, 0x35,
    0xB2, 0x95, 0xEE, 0xDF, 0xC8, 0xF5, 0x17, 0x26, 0x77, 0xD2, 0xAE, 0xEB, 0xA7, 0x35, 0x7B, 0xDD,
    0xAF, 0x88, 0x99, 0x42, 0x98, 0x7F, 0x21, 0x84, 0x31, 0xC3, 0x14, 0xF5, 0xF7, 0x31, 0x51, 0x83,
    0x71, 0x0D, 0x01, 0x2B, 0xF5, 0xA7, 0x97, 0x9C, 0x5E, 0xF3, 0x5C, 0x87, 0x8A, 0xE7, 0xB3, 0x26,
    0xA5, 0x80, 0x29, 0x0A, 0xA6, 0x72, 0x97, 0x03, 0x46, 0x14, 0x81, 0x3C, 0xB9, 0x68, 0x7B, 0x80,
    0xFB, 0x39, 0xE4, 0x61, 0x9B, 0x40, 0x48, 0xDF, 0x82, 0x9C, 0xB2, 0xEC, 0xDD, 0xEC, 0x5F, 0x59,
    0x86, 0xFC, 0x32, 0xA6, 0xDF, 0x8F, 0x55, 0x6C, 0xF1, 0xAB, 0xE6, 0x54, 0xCC, 0x58, 0xF0, 0x7C,
    0x40, 0x7A, 0x5D, 0xCA, 0x7B, 0x79, 0x31, 0xEF, 0x0F, 0x40, 0x0D, 0x00, 0xD4, 0xAF, 0x63, 0xC9,
    0xA2, 0x97, 0x4E, 0x59, 0xFA, 0xF5, 0x39, 0xFB, 0x1F, 0x9F, 0x71, 0x35, 0x16, 0x7F, 0x9D, 0x1F,
    0x1F, 0x18, 0x9C, 0x1C, 0x50, 0x23, 0x44, 0x4D, 0x9A, 0x32, 0x8F, 0xF7, 0x46, 0x8F, 0xC8, 0x35,
    0x72, 0xDA, 0xDD, 0x05, 0x13, 0x77, 0xFF, 0xD6, 0x77, 0x83, 0x91, 0xFD, 0x3E, 0xEA, 0x7F, 0xE4,
    0xB8, 0x69, 0x7E, 0xCC, 0xC3, 0x3D, 0xAF, 0xD5, 0x93, 0xF3, 0xFD, 0x5C, 0x4C, 0xD1, 0x67, 0x48,
    0xD8, 0x0D, 0x0C, 0x6A, 0x58, 0x5C, 0xD7, 0x7F, 0xCF, 0x37, 0xA9, 0xEB, 0x1A, 0xBE, 0x49, 0xA8,
    0x59, 0x27, 0x52, 0x8D, 0xCD, 0x6B, 0xB8, 0xC3, 0x75, 0xD1, 0xB0, 0x0C, 0xE2, 0xBB, 0x0C, 0xB0,
    0x5E, 0xD7, 0x75, 0x02, 0x0B, 0x98, 0x5E, 0xFE, 0xCD, 0x6A, 0x6F, 0xCC, 0x35, 0xF6, 0x6B, 0xBC,
    0xDD, 0x6B, 0x05, 0x34, 0x45, 0xCF, 0xFE, 0xFE, 0x6F, 0x76, 0xBA, 0xFF, 0x64, 0xFB, 0xFB, 0x4B,
    0x08, 0x51, 0x1B, 0x1D, 0xE3, 0x5A, 0xF2, 0x4E, 0x17, 0xA2, 0x27, 0x4F, 0xCA, 0x73, 0x1D, 0x3A,
    0xC4, 0x86, 0x1E, 0x59, 0xEC, 0x64, 0xF1, 0xCA, 0x13, 0x06, 0x7F, 0xD0, 0xD4, 0x56, 0xD5, 0x14,
    0x9A, 0xDD, 0x86, 0xF9, 0x03, 0xA5, 0x59, 0xC1, 0xAA, 0xF5, 0x2C, 0x0C, 0x1C, 0xC8, 0x36, 0xE0,
    0xAB, 0x04, 0xDC, 0x16, 0x7C, 0x75, 0xE1, 0x6C, 0xFB, 0x30, 0xC2, 0xBF, 0x15, 0xFA, 0x37, 0x48,
    0xB8, 0x9E, 0xA1, 0x39, 0x5D, 0x7C, 0x33, 0x8B, 0x7B, 0x2E, 0x33, 0xB1, 0xAD, 0x9A, 0xD4, 0x2A,
    0x50, 0x80, 0x01, 0xB4, 0x69, 0x70, 0xB6, 0x61, 0x58, 0x6C, 0x13, 0x37, 0xD4, 0xD4, 0x80, 0x4C,
    0x0F, 0xB8, 0x2E, 0x10, 0xE7, 0x94, 0xC0, 0x01, 0xC7, 0x28, 0x88, 0x78, 0xE6, 0x0E, 0x19, 0xAA,
    0x7B, 0xFB, 0xAA, 0x32, 0x76, 0xBD, 0x0C, 0xD3, 0x9B, 0xEB, 0x6E, 0xD5, 0x6E, 0x96, 0x6F, 0x7D,
    0xA2, 0x7F, 0xB3, 0xEC, 0xF7, 0x9F, 0xE8, 0x1B, 0xE6, 0x7E, 0x6B, 0x8E, 0xD2, 0x77, 0xB9, 0x75,
    0x5B, 0x9C, 0xF6, 0x59, 0xEC, 0x5F, 0xF1, 0xD6, 0x17, 0x9B, 0xEB, 0x8B, 0x6F, 0xFD, 0x23, 0x7B,
    0xFF, 0xD8, 0xE1, 0xD1, 0x15, 0x15, 0x07, 0xAA, 0xB7, 0x66, 0xA6, 0xB8, 0x11, 0xE3, 0x63, 0x6A,
    0xC7, 0xCD, 0xD3, 0xCE, 0xAA, 0x55, 0x8F, 0x9B, 0x4B, 0x8F, 0x9E, 0x30, 0x31, 0xD1, 0x1B, 0x62,
    0x62, 0xFE, 0x74, 0x82, 0x82, 0x1D, 0x26, 0xCC, 0x76, 0xB9, 0x2F, 0x74, 0xE9, 0x6A, 0x6A, 0xDE,
    0x5A, 0x9B, 0xA6, 0x8B, 0xD8, 0xD0, 0x46, 0x8C, 0x7F, 0xA8, 0x6D, 0x90, 0xAE, 0xCE, 0x44, 0x7F,
    0x1D, 0x7F, 0x4C, 0x51, 0xE7, 0x82, 0xC7, 0x5F, 0x57, 0x97, 0x2E, 0x21, 0xBF, 0xCD, 0x3F, 0xEF,
    0x71, 0x3D, 0xF5, 0x94, 0x21, 0xC3, 0xFF, 0xFA, 0xFF, 0x3C, 0x7F, 0x70, 0xB3, 0x0C, 0x18, 0x14,
    0x34, 0x7F, 0xF2, 0xFE, 0x05, 0xD4, 0xA4, 0xE7, 0x7A, 0x20, 0x1B, 0xBF, 0x80, 0x4C, 0xD1, 0x3F,
    0x3A, 0x28, 0x5E, 0x4D, 0x8F, 0x1B, 0xF5, 0xAC, 0x27, 0xF7, 0x7F, 0xE8, 0x31, 0x3A, 0x41, 0x7E,
    0xBE, 0x6F, 0x16, 0xEE, 0x7F, 0x65, 0x26, 0xE3, 0x87, 0xE0, 0x43, 0xFB, 0xA1, 0x71, 0xFB, 0x58,
    0xB3, 0x89, 0xB8, 0xE1, 0x65, 0x7E, 0xF6, 0x32, 0xED, 0x13, 0x8C, 0x5C, 0xE5, 0xE7, 0x57, 0xF3,
    0xB1, 0xF8, 0x9B, 0xA9, 0xA4, 0x13, 0xDB, 0x05, 0x81, 0x3C, 0xE8, 0x47, 0x39, 0xA1, 0x4E, 0x9A,
    0x3F, 0xC4, 0x76, 0xED, 0xFA, 0x47, 0x99, 0xD7, 0x57, 0xFB, 0x0D, 0x9C, 0xDF, 0x32, 0x1F, 0xC7,
    0x4F, 0xED, 0x5C, 0x6C, 0xFA, 0xA5, 0xE3, 0x77, 0x7E, 0x95, 0x6E, 0x06, 0x85, 0x96, 0x09, 0x75,
    0x72, 0x7D, 0xB2, 0x51, 0xD5, 0xD9, 0xB4, 0xEA, 0xA2, 0x51, 0x7D, 0x5C, 0xAD, 0x96, 0x19, 0xB3,
    0x2F, 0xFA, 0x8F, 0x73, 0xE4, 0x76, 0x46, 0x2F, 0x05, 0x54, 0x86, 0x6E, 0xF7, 0x46, 0xF3, 0x8B,
    0xE6, 0x50, 0xB8, 0x5A, 0xE8, 0x69, 0x0D, 0x60, 0xC8, 0x76, 0x6F, 0x3E, 0x7E, 0x26, 0x78, 0x98,
    0x83, 0xAB, 0x15, 0xBE, 0x7E, 0x8C, 0x61, 0x54, 0x80, 0xC8, 0x7F, 0x8E, 0x8F, 0x0A, 0xF0, 0x18,
    0x4F, 0x19, 0x0E, 0x6C, 0x15, 0x20, 0xD1, 0xB9, 0x06, 0x50, 0xFE, 0xD3, 0xF3, 0x51, 0xFE, 0x13,
    0xB8, 0x02, 0xB0, 0xCE, 0x15, 0x80, 0xF5, 0xF2, 0x36, 0x3E, 0x11, 0x99, 0xC4, 0xD7, 0x71, 0x68,
    0x68, 0x87, 0xD6, 0xF1, 0x58, 0x03, 0x60, 0xE0, 0xFE, 0x4F, 0x6B, 0xC0, 0x0E, 0xCA, 0x61, 0x81,
    0x40, 0x71, 0x84, 0xE4, 0xEE, 0x55, 0x03, 0xB8, 0x0A, 0x50, 0x7C, 0x54, 0x80, 0xBC, 0x7F, 0x38,
    0xFF, 0x37, 0x9D, 0x2B, 0x00, 0x21, 0xCB, 0xFF, 0x40, 0x96, 0xFF, 0x54, 0x03, 0x26, 0xE5, 0x3F,
    0x8F, 0x9F, 0x52, 0xFE, 0x53, 0x0D, 0xE0, 0xFC, 0xE1, 0x1A, 0x50, 0x26, 0xE5, 0x3F, 0xD5, 0x80,
    0xC6, 0xF9, 0x9F, 0xD4, 0x80, 0xE8, 0xBF, 0x58, 0x61, 0xE4, 0xF9, 0xE5, 0x41, 0xB9, 0xEE, 0x30,
    0x5C, 0xB0, 0x6D, 0xFE, 0x2C, 0x42, 0x31, 0x7E, 0xAD, 0x01, 0x19, 0x6B, 0x0D, 0xD8, 0x06, 0xAD,
    0xFF, 0x68, 0xFE, 0xF9, 0xDD, 0x72, 0xFE, 0xAE, 0x99, 0x22, 0xC9, 0xFA, 0x2E, 0x9E, 0x80, 0x75,
    0xEA, 0x7A, 0x6F, 0xD7, 0x76, 0x5A, 0x2F, 0x78, 0x58, 0x03, 0x4E, 0x5E, 0xFF, 0x05, 0x68, 0x05,
    0x38, 0x5F, 0xFB, 0x27, 0x30, 0x4A, 0x5E, 0x3F, 0x62, 0x7C, 0xD2, 0xFA, 0x13, 0xB9, 0x9E, 0xE7,
    0x57, 0x40, 0xBF, 0xB0, 0xF2, 0x2B, 0x7B, 0xFF, 0xD5, 0x53, 0x0D, 0x0C, 0xE4, 0xBA, 0xA0, 0x8D,
    0x5F, 0xEF, 0x3F, 0xBD, 0xD9, 0xBA, 0x42, 0x51, 0x86, 0x3A, 0x78, 0xFD, 0x75, 0xD8, 0xA7, 0xA2,
    0xA2, 0xCD, 0x0A, 0xA7, 0x7D, 0x2C, 0x6E, 0x9E, 0x3C, 0x6D, 0xB2, 0x1E, 0x33, 0x40, 0x4C, 0x4C,
    0xB5, 0x1C, 0x5E, 0xFD, 0x9D, 0x20, 0xFC, 0x39, 0x58, 0x5F, 0x63, 0x57, 0xED, 0xA6, 0xB6, 0xE3,
    0x48, 0xE2, 0x2D, 0x1C, 0x0F, 0xF1, 0x65, 0xAE, 0xD5, 0x0D, 0xBA, 0x0C, 0xBE, 0xFE, 0xEE, 0x11,
    0x5B, 0x75, 0x8E, 0xF5, 0x7A, 0x55, 0xA9, 0x62, 0x67, 0x33, 0x9B, 0x75, 0xA1, 0xEE, 0x7A, 0x78,
    0x76, 0xC7, 0xFE, 0x7E, 0xE2, 0xF5, 0xAD, 0xFF, 0x32, 0xD8, 0xE6, 0xD8, 0xDF, 0x7F, 0xAC, 0x03,
    0x54, 0x77, 0xB9, 0x7E, 0xE7, 0x3E, 0x7A, 0xF7, 0xB4, 0x99, 0xBF, 0x7F, 0xA2, 0x7E, 0x3C, 0xE9,
    0x56, 0xCC, 0x1C, 0xDA, 0x9D, 0xC2, 0xA5, 0x75, 0x5B, 0x63, 0x87, 0x63, 0xE9, 0xC7, 0x21, 0xF2,
    0x16, 0x1F, 0x1E, 0x8E, 0xDF, 0xA1, 0x3E, 0xEB, 0x3E, 0xCE, 0x5A, 0xEB, 0xE1, 0xE3, 0xAC, 0xC6,
    0x7D, 0xA0, 0xB9, 0xBE, 0xC6, 0x54, 0x36, 0xAE, 0xFE, 0x09, 0xB0, 0x27, 0x74, 0xEF, 0x93, 0x22,
    0x1D, 0x06, 0xFF, 0x7D, 0x2C, 0x65, 0xB1, 0x6C, 0xF3, 0x9B, 0x5D, 0xA1, 0xC7, 0x5B, 0xF7, 0x3D,
    0x7F, 0xD9, 0x45, 0x3A, 0xAF, 0xEF, 0x51, 0xA2, 0x16, 0x82, 0x3D, 0xB9, 0x2E, 0x8A, 0x61, 0xA6,
    0xA7, 0x88, 0xF4, 0xAD, 0xF5, 0xDE, 0x3A, 0x95, 0x12, 0xEE, 0xF8, 0x8F, 0x20, 0x47, 0xE9, 0x86,
    0xF2, 0x53, 0x87, 0x49, 0x47, 0xAE, 0xC3, 0x46, 0x2F, 0x78, 0x83, 0x00, 0xD0, 0x0E, 0xB9, 0xA9,
    0x5D, 0xFF, 0xEA, 0x22, 0xD0, 0x4F, 0x88, 0x6D, 0xCE, 0xE5, 0xF9, 0x68, 0x77, 0xFF, 0x1F, 0x3C,
    0xB6, 0x1B, 0x3E, 0xBD, 0x47, 0x3D, 0x0F, 0xA1, 0x01, 0x53, 0xB0, 0x61, 0xFC, 0xD7, 0xD1, 0x7B,
    0x77, 0x3F, 0xF2, 0xEF, 0xCB, 0x02, 0x85, 0x21, 0x5F, 0x7F, 0x86, 0xEE, 0x80, 0xA2, 0x41, 0xB1,
    0xD5, 0xD7, 0x83, 0xF3, 0x2F, 0x5C, 0xE1, 0x70, 0x9D, 0xD6, 0xEE, 0xA7, 0x59, 0x3B, 0x0D, 0x41,
    0xE4, 0xEB, 0xC3, 0xF3, 0xB0, 0xEA, 0xCE, 0x68, 0x56, 0x5F, 0xBF, 0xEF, 0xD9, 0x43, 0xBA, 0x5C,
    0x82, 0xC5, 0x36, 0xE2, 0x17, 0x23, 0x3C, 0xE1, 0xE0, 0x6F, 0x0B, 0xFE, 0x82, 0xC2, 0x00, 0x79,
    0xC2, 0x41, 0x7A, 0xB6, 0x7F, 0x20, 0x90, 0xE4, 0xFB, 0x82, 0xF4, 0x64, 0x7F, 0xA1, 0x97, 0xE4,
    0xFB, 0x83, 0xF4, 0x6C, 0xFF, 0xC0, 0x49, 0xF5, 0x8F, 0xF5, 0xBD, 0x7E, 0xD6, 0x9B, 0xAD, 0x57,
    0x73, 0x9A, 0x9A, 0x80, 0x60, 0xE5, 0xCF, 0xC1, 0xBA, 0x96, 0x66, 0x6A, 0x3E, 0xF3, 0x0B, 0xB4,
    0xAB, 0xA9, 0xEA, 0xD2, 0xC9, 0x93, 0xE9, 0xB3, 0x68, 0x12, 0x4F, 0x1E, 0xD6, 0xF3, 0xFD, 0x8D,
    0xC2, 0xFD, 0xBF, 0x3B, 0x58, 0xB7, 0x66, 0xE6, 0x68, 0xC3, 0x2C, 0x10, 0xDA, 0xEE, 0xD9, 0x1D,
    0xBC, 0xB6, 0xE3, 0x1D, 0x3E, 0x08, 0x8E, 0x47, 0xCF, 0x64, 0x5D, 0xD7, 0xDA, 0x7B, 0xA3, 0x0E,
    0xE9, 0x7B, 0x34, 0xBB, 0x48, 0xE7, 0xFA, 0x9B, 0xCE, 0x1F, 0x53, 0xD2, 0xF3, 0xFD, 0x97, 0xC1,
    0x49, 0x46, 0x9E, 0xD0, 0x69, 0x7F, 0x66, 0x73, 0x10, 0x54, 0x97, 0xE3, 0xC1, 0x43, 0xF1, 0x65,
    0xBE, 0xC4, 0x87, 0xA3, 0x67, 0xFB, 0x3B, 0xD9, 0xF8, 0x87, 0x83, 0xF5, 0xEB, 0x54, 0x42, 0xB9,
    0x42, 0x27, 0x0F, 0xE9, 0xE9, 0xFE, 0x50, 0xE1, 0x78, 0x72, 0x2C, 0x9D, 0xB4, 0xAA, 0xF5, 0x56,
    0x45, 0xC5, 0x5B, 0x20, 0xEC, 0x0E, 0xD6, 0xCD, 0x49, 0x5F, 0x08, 0x20, 0xB0, 0xE3, 0x69, 0xFF,
    0xA7, 0xAC, 0x7D, 0x66, 0x95, 0xA8, 0x6E, 0xEC, 0x09, 0x07, 0xE9, 0x8F, 0xF1, 0x1D, 0x3D, 0x8F,
    0x0F, 0x3D, 0xDF, 0x7F, 0x8F, 0x79, 0x51, 0x66, 0xB6, 0x3F, 0x1B, 0xB3, 0x42, 0x46, 0xBA, 0x7F,
    0x43, 0xF5, 0xF1, 0xD8, 0xEB, 0xBB, 0x62, 0xB0, 0x27, 0x1C, 0xA1, 0xA7, 0xFB, 0xAF, 0xDB, 0xFB,
    0x95, 0x3D, 0xAC, 0x73, 0x7D, 0xCA, 0xAE, 0x4F, 0x8E, 0xD0, 0x93, 0x78, 0xBE, 0x3E, 0xC5, 0x87,
    0x9E, 0xCF, 0xCF, 0x83, 0xF3, 0x9B, 0x1C, 0xBB, 0xCE, 0xFB, 0xCB, 0xC9, 0xF5, 0x37, 0x07, 0xE9,
    0x32, 0x78, 0x7C, 0x65, 0x6C, 0x5F, 0x9F, 0xE9, 0xF9, 0x41, 0x38, 0x92, 0xFD, 0xC5, 0xD8, 0x5B,
    0x48, 0xE3, 0xC3, 0x93, 0xC5, 0x07, 0xE4, 0xD2, 0xF5, 0xF5, 0x7D, 0x45, 0x1D, 0xB7, 0x0B, 0x04,
    0x5F, 0x7F, 0xE3, 0x53, 0x96, 0xE3, 0x53, 0xE6, 0x7E, 0x77, 0xF9, 0xF9, 0x42, 0x78, 0x7E, 0xEF,
    0x3F, 0xAE, 0x9A, 0xB4, 0x56, 0x39, 0x51, 0xA7, 0x40, 0x28, 0x63, 0x77, 0x94, 0x41, 0xCF, 0x9F,
    0xC6, 0x87, 0x27, 0x8F, 0xCF, 0xF3, 0x8B, 0x3C, 0x94, 0x5F, 0xA1, 0xE5, 0xE7, 0x23, 0xE4, 0x49,
    0xF7, 0x4F, 0xDB, 0x84, 0xA1, 0x0B, 0x64, 0x40, 0x9D, 0xF6, 0xB0, 0xFE, 0x2C, 0xE4, 0x89, 0x5E,
    0x4D, 0xCF, 0x5F, 0x02, 0xE1, 0x21, 0x47, 0xDC, 0xDB, 0x5B, 0x7C, 0x78, 0xF2, 0xF8, 0xFC, 0xFC,
    0x84, 0x3D, 0xAC, 0xFF, 0xEB, 0xF7, 0x2F, 0xB7, 0xCD, 0xF1, 0xE4, 0x09, 0x07, 0xE9, 0x4B, 0xDB,
    0xCE, 0x07, 0x36, 0x9D, 0x3D, 0x32, 0xBF, 0xF5, 0x32, 0xDF, 0xCF, 0x67, 0xF2, 0xFD, 0x25, 0xFF,
    0xFF, 0x2D, 0xDE, 0x3D, 0x59, 0x7C, 0x29, 0xF6, 0x1A, 0x1F, 0x9E, 0xEC, 0xFA, 0x6F, 0xE7, 0x3B,
    0xEC, 0x09, 0xC7, 0xEF, 0xF3, 0xC9, 0x83, 0x2D, 0xEE, 0x61, 0x9D, 0xDB, 0x7E, 0x3A, 0xDF, 0x21,
    0x4F, 0x53, 0xD6, 0x93, 0xEF, 0x1F, 0xEF, 0x85, 0x4E, 0x9E, 0x44, 0x4F, 0xCE, 0xC7, 0x14, 0x96,
    0xAF, 0x9F, 0x42, 0xE7, 0xF8, 0x36, 0xD5, 0xF2, 0xFD, 0xF5, 0x70, 0x84, 0xFE, 0x3F, 0xAD, 0x54,
    0x07, 0xAA, 0x64, 0x31, 0x0C, 0x13, 0xE4, 0x00, 0x3E, 0xD0, 0x16, 0x5D, 0xDD, 0xF0, 0x0E, 0x30,
    0x57, 0x31, 0x2C, 0x1D, 0x81, 0x36, 0x26, 0x2F, 0x90, 0xD9, 0xF2, 0x7B, 0x2C, 0x69, 0xAA, 0x2D,
    0xBF, 0xB4, 0x61, 0x61, 0xD8, 0x39, 0x2A, 0x32, 0x5A, 0x37, 0x31, 0x8A, 0x4D, 0x44, 0x36, 0x05,
    0x42, 0x43, 0xB0, 0x6B, 0x12, 0x6B, 0xE8, 0x26, 0xB8, 0x21, 0x48, 0x61, 0xF1, 0x12, 0x47, 0x69,
    0x21, 0x4A, 0x4C, 0x3A, 0xE3, 0x91, 0x77, 0x92, 0x30, 0x6A, 0x47, 0xDB, 0x1D, 0x61, 0x27, 0x6D,
    0xF0, 0x08, 0x1D, 0xD1, 0x03, 0x5C, 0x1C, 0x75, 0x23, 0x12, 0xF1, 0xA8, 0x70, 0x3B, 0x11, 0xED,
    0xBC, 0xA0, 0xC8, 0x85, 0xC3, 0xF6, 0x48, 0xD9, 0xE0, 0x53, 0xFF, 0xB0, 0x73, 0x02, 0xBB, 0xFE,
    0x73, 0x8F, 0xCF, 0x3D, 0x75, 0x0A, 0x11, 0x6A, 0x00, 0x1F, 0xA9, 0xCE, 0x62, 0xE1, 0x75, 0x8F,
    0xF7, 0x95, 0x0E, 0x35, 0x5E, 0x2E, 0xEA, 0x74, 0x76, 0x16, 0x6E, 0xD9, 0x1D, 0xB5, 0x45, 0x0D,
    0x81, 0x15, 0x53, 0x72, 0x8A, 0xA7, 0x8C, 0x29, 0xDF, 0xE3, 0x91, 0xFC, 0x1E, 0x04, 0xC9, 0x96,
    0xEF, 0x53, 0xA2, 0x08, 0x45, 0x69, 0x4A, 0xB6, 0x40, 0x5D, 0x66, 0x71, 0x8E, 0x78, 0x5C, 0x15,
    0xB6, 0xE2, 0x97, 0xC4, 0xAB, 0xC4, 0xB8, 0x6A, 0x53, 0x8C, 0xDC, 0xFC, 0x22, 0xE7, 0xFD, 0x14,
    0x2D, 0x6F, 0x37, 0x3F, 0xB6, 0xD4, 0xD9, 0x7C, 0xBF, 0xA8, 0x39, 0xBA, 0xBC, 0x46, 0x85, 0x27,
    0x1F, 0xCD, 0x2B, 0xD9, 0x1D, 0x8D, 0xA6, 0x93, 0x30, 0xD4, 0x04, 0x9B, 0xB8, 0x81, 0x57, 0xF6,
    0xE4, 0x47, 0xCB, 0x9F, 0xED, 0xBE, 0xEC, 0x70, 0xEE, 0xC8, 0x8F, 0x5B, 0x39, 0x9B, 0x2F, 0x5B,
    0x1D, 0x9B, 0xCE, 0x3E, 0xAE, 0x93, 0x1D, 0xCC, 0xB0, 0x41, 0xEB, 0x4D, 0xE7, 0x3A, 0x18, 0x8E,
    0x62, 0xFE, 0x7D, 0x0A, 0xC0, 0x5A, 0x04, 0xBE, 0xC6, 0x49, 0xA1, 0x97, 0xFC, 0x3E, 0xE5, 0xE1,
    0x6C, 0xFE, 0x55, 0xFD, 0x38, 0x7E, 0xAE, 0xB0, 0x98, 0x22, 0xB4, 0x9E, 0x2D, 0xBC, 0x52, 0x0A,
    0xFB, 0xE6, 0xA4, 0x33, 0x8C, 0x1E, 0x42, 0xA3, 0x3F, 0x16, 0xAF, 0xEA, 0xE6, 0xBB, 0xB7, 0x44,
    0xA4, 0x98, 0x76, 0xA7, 0x63, 0x2F, 0xB8, 0xAD, 0x89, 0x7D, 0xDF, 0xBD, 0x74, 0x73, 0x00, 0xF7,
    0x37, 0xEB, 0xAE, 0xB0, 0xAC, 0x38, 0x5A, 0x35, 0x78, 0x4F, 0xC5, 0x6F, 0xAD, 0x57, 0x41, 0x8A,
    0xEC, 0x3A, 0x0C, 0x2C, 0xD0, 0xD6, 0xA0, 0xAB, 0x18, 0xDE, 0xB6, 0x41, 0x57, 0x17, 0xCC, 0x76,
    0x20, 0x57, 0x11, 0xF4, 0x56, 0xA0, 0x6F, 0x47, 0x4E, 0x7F, 0xF7, 0x0B, 0x4D, 0x9E, 0x67, 0x22,
    0x55, 0x65, 0x31, 0x91, 0xAD, 0x52, 0x22, 0x79, 0x3A, 0x20, 0x03, 0x7B, 0x87, 0x3C, 0x3A, 0x5C,
    0x1A, 0xC8, 0x84, 0x1B, 0x22, 0xA4, 0x01, 0xE2, 0x3B, 0x00, 0x40, 0x3A, 0x28, 0xC0, 0xA1, 0x4C,
    0x8A, 0x76, 0x0D, 0x15, 0x56, 0x6F, 0x10, 0x44, 0x40, 0xF6, 0x28, 0xB2, 0x8E, 0x8A, 0xD2, 0xBC,
    0x82, 0xB4, 0xD4, 0x52, 0x1B, 0x8A, 0x78, 0x2D, 0xE9, 0x48, 0x53, 0xD4, 0xE6, 0x0A, 0xB0, 0xD5,
    0x16, 0xCC, 0x79, 0xFF, 0xC1, 0xDF, 0xC0, 0xC8, 0x06, 0xDF, 0xB7, 0x4B, 0x73, 0xF4, 0xDC, 0xE0,
    0x4D, 0x31, 0xD2, 0x80, 0x3D, 0x29, 0x8F, 0xA4, 0xCB, 0x4E, 0x32, 0x01, 0x77, 0x76, 0x4D, 0x9D,
    0xCD, 0x7D, 0xB0, 0xC3, 0x8F, 0x4D, 0x1D, 0x14, 0xB9, 0xE1, 0x55, 0x59, 0x0D, 0x60, 0xBD, 0x5D,
    0x0D, 0xEB, 0xBE, 0xD2, 0x17, 0xD5, 0x54, 0x14, 0xAA, 0x45, 0xFF, 0x34, 0x16, 0xAD, 0xCD, 0xC4,
    0xEA, 0x30, 0x74, 0x2B, 0x20, 0x7C, 0xB7, 0x88, 0xF2, 0xE1, 0xD9, 0xF2, 0x06, 0x48, 0x00, 0x0F,
    0xBF, 0xB5, 0x1A, 0x7A, 0x6A, 0x57, 0x2D, 0x8B, 0xD5, 0xB0, 0x42, 0x0C, 0xEE, 0x00, 0xD6, 0xFB,
    0x71, 0x25, 0xD1, 0xD1, 0x9B, 0x9D, 0xAC, 0x48, 0x9D, 0xF6, 0x80, 0x3B, 0xC4, 0xD6, 0xB2, 0x4F,
    0x5D, 0xC4, 0xA4, 0x2D, 0x3B, 0x05, 0xAE, 0x05, 0x38, 0x90, 0xF5, 0xFE, 0x34, 0xEF, 0xD4, 0x2F,
    0x0B, 0x79, 0x09, 0xD0, 0xAD, 0x88, 0x11, 0x3E, 0xF4, 0x8B, 0x42, 0x09, 0xB5, 0xF2, 0xA7, 0x59,
    0x94, 0x07, 0xC2, 0xF1, 0xB4, 0x1F, 0xEB, 0x9E, 0x3A, 0x63, 0x41, 0xF7, 0x7A, 0xAE, 0xB9, 0x33,
    0x16, 0x12, 0xE5, 0xF6, 0x1D, 0x11, 0xBA, 0xD3, 0x00, 0xD6, 0x89, 0xE1, 0x90, 0x4E, 0xE0, 0x45,
    0x07, 0x10, 0x61, 0x3B, 0x77, 0xF3, 0xC1, 0x3D, 0x95, 0x7C, 0x99, 0x90, 0x45, 0x74, 0x38, 0xE0,
    0xAC, 0x12, 0xCA, 0x3E, 0xA5, 0x1A, 0x8F, 0x5D, 0xBC, 0xA2, 0xBB, 0x58, 0x45, 0xBA, 0x64, 0xD4,
    0xB8, 0x0F, 0xE4, 0x4B, 0xA9, 0x65, 0x44, 0x16, 0xB6, 0xE3, 0xA5, 0x20, 0x1C, 0xE3, 0xB5, 0xFC,
    0x54, 0xFA, 0x3C, 0xB4, 0x97, 0xD2, 0x1B, 0x8F, 0xED, 0xE7, 0x63, 0x42, 0xE4, 0x57, 0x0A, 0xC6,
    0x2C, 0x3A, 0x90, 0x37, 0x43, 0xE9, 0x69, 0xD7, 0x6A, 0xE6, 0x23, 0xF9, 0x46, 0x35, 0x63, 0xBE,
    0x64, 0x51, 0x4D, 0xA5, 0x52, 0xBE, 0x6B, 0xFD, 0xF4, 0x36, 0x51, 0x51, 0x5A, 0x84, 0xD5, 0x7A,
    0xF9, 0x36, 0xEF, 0x7D, 0xB6, 0x6E, 0x14, 0x46, 0x9B, 0xAE, 0x3F, 0xDB, 0x50, 0x8C, 0xD8, 0x5B,
    0xC6, 0x62, 0x3E, 0xA7, 0xFF, 0x71, 0x44, 0x8E, 0x5F, 0x08, 0xEC, 0xD0, 0x77, 0xCF, 0xA8, 0x79,
    0x48, 0xE8, 0x7C, 0x1F, 0x64, 0xDD, 0x59, 0xD3, 0x05, 0xE9, 0xBE, 0x3B, 0x20, 0x90, 0x3D, 0x02,
    0x00, 0x3E, 0x47, 0x40, 0xBA, 0xEE, 0xAE, 0xAB, 0x47, 0x90, 0x09, 0x92, 0xFE, 0x22, 0x6B, 0x52,
    0x20, 0x14, 0x90, 0xE8, 0xF1, 0x8A, 0xDD, 0x24, 0x39, 0x97, 0xEB, 0x09, 0x56, 0x17, 0x95, 0x00,
    0xDB, 0xF9, 0x44, 0xC8, 0xFE, 0x98, 0x3D, 0xA3, 0xE6, 0x72, 0xD9, 0x4E, 0xF7, 0x2F, 0xE7, 0xF3,
    0xC7, 0xA5, 0x5C, 0xCF, 0xE7, 0xB9, 0xAC, 0x79, 0x3E, 0xEF, 0x54, 0x33, 0xCD, 0xE7, 0x92, 0x9A,
    0x31, 0x9F, 0x1F, 0x9E, 0xED, 0x69, 0x3E, 0x4F, 0xF7, 0xA7, 0x9F, 0x4C, 0x37, 0x56, 0x33, 0xCD,
    0xE7, 0x52, 0x35, 0xAC, 0x80, 0x18, 0xE0, 0xA9, 0xE6, 0x86, 0x26, 0x3D, 0xCF, 0xE7, 0x75, 0xC3,
    0xE6, 0x3A, 0x78, 0xFE, 0x61, 0x98, 0x38, 0x2B, 0x45, 0x6C, 0x5D, 0xCC, 0x57, 0x57, 0x13, 0x10,
    0x90, 0xF7, 0x8B, 0xC1, 0xA7, 0x0B, 0xEB, 0x71, 0x11, 0xEC, 0xAA, 0x76, 0x59, 0x43, 0x17, 0x1D,
    0x45, 0x22, 0x2D, 0x58, 0x39, 0xB6, 0x26, 0xE9, 0xA9, 0x3D, 0xD4, 0xC9, 0x1B, 0x0D, 0xDE, 0xD7,
    0x8B, 0x42, 0x02, 0xA9, 0x8C, 0xF5, 0x25, 0xC6, 0xEF, 0x55, 0xE4, 0x38, 0x5A, 0x7A, 0x45, 0x51,
    0x8E, 0xEC, 0x37, 0x11, 0x7F, 0xD5, 0x47, 0x7D, 0x33, 0xD6, 0xB7, 0xA1, 0x2E, 0x98, 0x62, 0xA6,
    0xFB, 0xF4, 0x54, 0x80, 0xA3, 0x5F, 0xE4, 0xD6, 0x8A, 0xA6, 0x7F, 0x39, 0x0B, 0x15, 0xDD, 0x95,
    0x3D, 0x4D, 0xF2, 0xB2, 0x90, 0xBC, 0x9B, 0x27, 0x59, 0xFF, 0x77, 0xC1, 0xBB, 0xFB, 0xE4, 0xB9,
    0x8F, 0x21, 0x42, 0xC1, 0xF1, 0xF7, 0x1E, 0x9E, 0x10, 0xB2, 0x84, 0xB3, 0xB9, 0x68, 0x84, 0xCA,
    0xA6, 0xA7, 0xA3, 0xB9, 0x96, 0xCB, 0xA3, 0x79, 0x8E, 0xF9, 0xF8, 0x35, 0xDB, 0x8B, 0x1D, 0xDC,
    0x04, 0xF2, 0x68, 0xB4, 0x6B, 0xE9, 0xE7, 0x23, 0x9E, 0x35, 0x2C, 0xE9, 0x26, 0x94, 0x8F, 0x4E,
    0xC6, 0x1A, 0x17, 0xDD, 0xD7, 0xC9, 0xA6, 0xD3, 0x41, 0xEC, 0xBF, 0xCB, 0x3F, 0x1F, 0xEA, 0x0B,
    0xF9, 0x8F, 0x29, 0xA8, 0x7F, 0x2E, 0xA7, 0xE0, 0x3D, 0xC6, 0xB8, 0xBE, 0xA6, 0x80, 0xA3, 0x51,
    0x7E, 0xA7, 0x7F, 0x3E, 0xC6, 0x17, 0xF4, 0xAF, 0xE6, 0x3B, 0xB7, 0xDA, 0xBF, 0xE7, 0x9A, 0xD7,
    0xCC, 0xDF, 0x7B, 0x0E, 0x77, 0x6A, 0xB0, 0xEC, 0xD8, 0xAE, 0xA1, 0xC1, 0xC1, 0x06, 0xD6, 0x0E,
    0x41, 0x62, 0x5E, 0xD5, 0x33, 0x0C, 0xB0, 0xEE, 0x00, 0x0B, 0xD8, 0x41, 0x0D, 0xD6, 0xC1, 0x8A,
    0x00, 0x7C, 0x65, 0x7F, 0x20, 0xFF, 0xB2, 0xB0, 0xF9, 0xB1, 0xE4, 0xF5, 0x9B, 0xAE, 0x52, 0xA5,
    0xD2, 0x8C, 0x2A, 0xF4, 0xF0, 0xCF, 0x93, 0x54, 0x1E, 0xF4, 0x8D, 0x82, 0xC2, 0x36, 0x7D, 0xAE,
    0x2C, 0x28, 0x9E, 0x56, 0x2D, 0x88, 0xFE, 0x0F, 0x9D, 0x56, 0xC1, 0xCA, 0xEC, 0x2C, 0x0C, 0x3D,
    0x90, 0x6D, 0x20, 0xAF, 0x12, 0x70, 0x2B, 0xF8, 0xEA, 0x01, 0xB7, 0xC2, 0xBC, 0x4A, 0x60, 0xB6,
    0x82, 0x7F, 0xC2, 0x38, 0xB4, 0xDF, 0x9D, 0xAF, 0x73, 0x6F, 0xFF, 0x13, 0xCD, 0x49, 0x0C, 0xC7,
    0xDA, 0x5A, 0x6A, 0x71, 0xC2, 0x08, 0x04, 0x51, 0x9F, 0xAA, 0x60, 0x2D, 0xA6, 0x45, 0x61, 0xA5,
    0x74, 0x54, 0xA7, 0x19, 0x79, 0x16, 0x19, 0xBD, 0x0F, 0x18, 0x55, 0xED, 0x9D, 0xD5, 0x88, 0x85,
    0x72, 0xBC, 0x04, 0xFE, 0x41, 0x1F, 0x50, 0x32, 0x28, 0xC0, 0xC1, 0x1C, 0x4C, 0xF6, 0xA1, 0xCF,
    0x3C, 0xD9, 0x1B, 0xB3, 0xEA, 0xA3, 0x05, 0x0F, 0x2D, 0x2C, 0x4B, 0x07, 0x1F, 0xF5, 0x83, 0xAF,
    0xF4, 0x8B, 0x43, 0x3F, 0xA4, 0x05, 0x8F, 0xC2, 0x2C, 0xFE, 0xF8, 0xAE, 0x5F, 0xB6, 0x6D, 0xF9,
    0xA9, 0x7D, 0xBA, 0x2D, 0xD3, 0xDF, 0x0D, 0x5F, 0xB0, 0x56, 0x76, 0xA9, 0x3E, 0x67, 0x6B, 0x41,
    0xE1, 0x32, 0xF6, 0x2A, 0x22, 0xB5, 0xBA, 0xCF, 0x40, 0x0B, 0xBC, 0xB2, 0x23, 0x9A, 0x01, 0xF7,
    0x5A, 0x45, 0x30, 0xF1, 0x6A, 0xE4, 0x31, 0x93, 0x45, 0x8B, 0x40, 0xEC, 0x68, 0x0D, 0x47, 0x9B,
    0xEF, 0x76, 0x2E, 0xCB, 0x9A, 0xD1, 0xB2, 0x5C, 0xDF, 0x65, 0xBF, 0x9A, 0xAD, 0x59, 0x0C, 0x62,
    0xE2, 0x0C, 0x86, 0x44, 0x45, 0x3C, 0x7A, 0xC4, 0xDF, 0xB1, 0x37, 0xF7, 0x12, 0x52, 0xA5, 0x26,
    0xBB, 0xC0, 0xDF, 0xFD, 0x6F, 0xB3, 0xFC, 0xD8, 0x65, 0x0E, 0xE6, 0x13, 0x8B, 0x93, 0x25, 0x3D,
    0x9E, 0x4F, 0x67, 0x62, 0x91, 0xE7, 0xD3, 0x06, 0xA1, 0xC9, 0xF3, 0xF7, 0xB7, 0x44, 0x2C, 0x74,
    0x9A, 0x7C, 0xCC, 0x73, 0x47, 0x1F, 0xEC, 0xD2, 0xA7, 0x72, 0xD9, 0xDC, 0x69, 0x8D, 0x32, 0xEF,
    0xBD, 0xA5, 0x34, 0x75, 0x10, 0x25, 0x17, 0x26, 0xF2, 0xC7, 0xF3, 0x9E, 0x3E, 0xAF, 0x3B, 0x4A,
    0xE8, 0xCB, 0x7B, 0x1D, 0xB8, 0xA3, 0x77, 0x31, 0x0F, 0x9D, 0x84, 0x8E, 0x95, 0xBB, 0xAC, 0xA1,
    0x7E, 0x6F, 0xFD, 0x70, 0x1D, 0x24, 0x8B, 0x89, 0x0B, 0x93, 0xF8, 0xC3, 0xBF, 0xEA, 0x71, 0x89,
    0x63, 0x41, 0x90, 0xD9, 0x80, 0x5A, 0x2B, 0xD0, 0x72, 0x36, 0xE9, 0xA9, 0x96, 0x74, 0x0D, 0x81,
    0x99, 0xCE, 0x27, 0x39, 0xF5, 0x25, 0x53, 0x44, 0x6A, 0x6D, 0x21, 0x89, 0x91, 0x14, 0x6F, 0x28,
    0x46, 0x98, 0xBA, 0xC0, 0xC1, 0xA3, 0x04, 0x78, 0xE0, 0x0C, 0x27, 0xA3, 0x2F, 0xAF, 0x70, 0xCE,
    0xAA, 0x6A, 0x76, 0x59, 0x5F, 0x6D, 0x16, 0x1D, 0xD7, 0x75, 0x90, 0xC1, 0xA0, 0xB8, 0x80, 0x7B,
    0xAD, 0xCC, 0x44, 0xB8, 0xC0, 0xF2, 0x36, 0x79, 0x50, 0xC1, 0x3F, 0x83, 0xC0, 0xA6, 0x4A, 0xDE,
    0x6C, 0xA2, 0x41, 0x2C, 0xFB, 0x2B, 0x3B, 0xA0, 0x9D, 0x99, 0x54, 0x3B, 0x29, 0xB3, 0x76, 0xFC,
    0x01, 0xD6, 0xB3, 0xBD, 0x72, 0x9C, 0x20, 0xAE, 0x43, 0x07, 0x06, 0x1C, 0x16, 0x86, 0xED, 0xD1,
    0x26, 0xFE, 0x37, 0x94, 0xC5, 0xC5, 0x95, 0x71, 0x17, 0x0C, 0x85, 0xBD, 0xEE, 0x19, 0x67, 0x18,
    0x39, 0x2C, 0xCA, 0xDC, 0x1A, 0x5F, 0xCC, 0x9A, 0x57, 0xC4, 0x0F, 0x38, 0xF6, 0xA7, 0x6F, 0x7F,
    0x17, 0x73, 0xC0, 0xFE, 0x18, 0x78, 0x63, 0xC2, 0xB6, 0x1D, 0x51, 0xC6, 0x1B, 0x0D, 0xB4, 0xED,
    0x88, 0x22, 0x3E, 0xE4, 0x93, 0x02, 0xCC, 0xEE, 0x96, 0x30, 0x04, 0xD2, 0xBF, 0xD1, 0x18, 0x03,
    0x83, 0xB8, 0xEE, 0x7D, 0x40, 0xE0, 0xFC, 0x78, 0x8A, 0xE7, 0xA8, 0x6A, 0xB1, 0x82, 0xB4, 0xC0,
    0xF6, 0x67, 0xB4, 0x09, 0xDE, 0xA6, 0x6F, 0x3B, 0x5E, 0xAD, 0x32, 0x4B, 0x9A, 0x17, 0x1C, 0x76,
    0x80, 0xA6, 0x8C, 0x34, 0xBA, 0xD8, 0xD6, 0x66, 0xC5, 0xD3, 0x9A, 0xE1, 0x1B, 0x4C, 0x3B, 0x0F,
    0x72, 0x1E, 0xDA, 0x61, 0xD7, 0x5F, 0xF5, 0x88, 0x40, 0x80, 0x1D, 0x9B, 0xB3, 0xEF, 0x3A, 0x90,
    0x91, 0xF8, 0xE5, 0x9C, 0x17, 0xD7, 0xA8, 0x5C, 0x19, 0x1A, 0x79, 0xCE, 0x8C, 0x08, 0xAB, 0xD6,
    0x8B, 0x3B, 0x21, 0x9B, 0xF8, 0x27, 0x9C, 0x5F, 0xD1, 0xCE, 0x45, 0xC5, 0xD6, 0x14, 0x2B, 0xDA,
    0xF9, 0x42, 0x50, 0x51, 0xB7, 0xDB, 0xF4, 0x09, 0x09, 0xD4, 0x80, 0x06, 0x2C, 0x80, 0x1B, 0x78,
    0x3D, 0xBF, 0x54, 0xFF, 0x7E, 0xCE, 0x1E, 0x95, 0x1D, 0x7F, 0x68, 0xAF, 0xF2, 0x23, 0x3B, 0x74,
    0x9F, 0x57, 0x28, 0x4A, 0x68, 0x4E, 0xC1, 0x57, 0x6B, 0xFB, 0xE0, 0xA3, 0x7E, 0xE1, 0xAF, 0xF1,
    0x79, 0xF6, 0x9F, 0x79, 0x30, 0x8C, 0x19, 0x3D, 0xAA, 0x26, 0xD5, 0xFA, 0xE0, 0xF6, 0xFD, 0xEC,
    0xF2, 0x70, 0xD1, 0x3A, 0xCC, 0x08, 0xD6, 0x3B, 0x41, 0x89, 0x50, 0x92, 0xDB, 0x33, 0x79, 0xE7,
    0x51, 0xAF, 0x51, 0xBF, 0x3A, 0xFB, 0x7E, 0xB0, 0xF2, 0xF1, 0x47, 0x9B, 0xAC, 0xFC, 0xFD, 0xEC,
    0xFC, 0xCE, 0xE1, 0xA2, 0x65, 0x10, 0xDC, 0xBF, 0xE9, 0x29, 0x98, 0x36, 0xAF, 0xF9, 0x33, 0xA7,
    0xCF, 0xB3, 0xB7, 0xAD, 0x35, 0x2B, 0xF9, 0x6C, 0xCF, 0x47, 0xAD, 0x14, 0x7D, 0x25, 0xFB, 0x8C,
    0xF1, 0x57, 0x17, 0xCB, 0xB1, 0x59, 0x93, 0x9F, 0xAB, 0x66, 0x9E, 0xE3, 0xBF, 0x3D, 0xFF, 0x21,
    0xDD, 0x99, 0xB5, 0x0F, 0x31, 0x63, 0xB6, 0xFE, 0x18, 0xE5, 0xD6, 0xBF, 0xC3, 0xA3, 0x93, 0x73,
    0x41, 0x7F, 0x74, 0x18, 0x77, 0xF4, 0x51, 0x9E, 0x37, 0xF5, 0x4F, 0x67, 0x4E, 0xBD, 0x19, 0x43,
    0x7B, 0xAE, 0xE7, 0xE6, 0xBF, 0x93, 0xEB, 0xD0, 0xBE, 0x58, 0x4D, 0x59, 0xBB, 0xDF, 0xD1, 0x37,
    0x3F, 0x3D, 0xE7, 0x9D, 0x67, 0x3A, 0x5B, 0x1F, 0x30, 0x90, 0x37, 0x32, 0x86, 0x89, 0xAF, 0xEB,
    0x7F, 0x4F, 0xD5, 0xD4, 0xBD, 0x58, 0xF5, 0xA6, 0x7E, 0x06, 0x67, 0x64, 0xC9, 0x3B, 0x0F, 0xEA,
    0xAB, 0x7A, 0x81, 0xB5, 0xE7, 0x6C, 0xC1, 0xA4, 0x05, 0xEB, 0x57, 0x3D, 0x39, 0x19, 0x73, 0xEA,
    0x5E, 0xCC, 0x7C, 0x4B, 0xCF, 0xDC, 0xE8, 0xC1, 0x66, 0x3C, 0x56, 0x1F, 0xF5, 0xB5, 0xFF, 0x96,
    0x7A, 0x8F, 0xF5, 0xB3, 0x21, 0xEB, 0xE3, 0xCB, 0xFA, 0x0F, 0xBD, 0x6D, 0x7D, 0xA3, 0xBF, 0xE9,
    0xFF, 0x03, 0xDD, 0x93, 0x81, 0xA6, 0xAC, 0x31, 0x0C, 0x84, 0x87, 0x02, 0x84, 0xBC, 0xCA, 0xB0,
    0x00, 0x25, 0xAF, 0x3E, 0x9C, 0x07, 0xD8, 0x57, 0x09, 0x07, 0xA0, 0xF4, 0xB6, 0xC2, 0xC1, 0xF9,
    0xFB, 0xFF, 0xDC, 0xE5, 0xC2, 0xFD, 0x46, 0xD3, 0x95, 0x31, 0xAC, 0xA4, 0x3F, 0xB0, 0x69, 0x32,
    0xD2, 0xB6, 0x8C, 0x4D, 0xB8, 0xD0, 0xD6, 0xF1, 0x55, 0xB7, 0x22, 0xF1, 0x8B, 0x98, 0x73, 0xF4,
    0x96, 0x23, 0xBE, 0xDF, 0xBD, 0xB7, 0x75, 0xE6, 0xBE, 0x73, 0xEC, 0x7E, 0x79, 0xEA, 0xF1, 0x3D,
    0x7B, 0xBC, 0xD7, 0x1D, 0xEF, 0x11, 0xA1, 0xBE, 0xFB, 0x7F, 0x91, 0x1F, 0x95, 0xCF, 0x95, 0x5F,
    0x77, 0x68, 0xFC, 0xE4, 0x8B, 0x6C, 0x34, 0x92, 0x31, 0xC0, 0xA5, 0x0B, 0x91, 0xBB, 0x1D, 0xDA,
    0xEE, 0xAA, 0x17, 0x9A, 0x0C, 0xDB, 0xE7, 0xC2, 0x75, 0xCA, 0x83, 0x10, 0x54, 0x13, 0xB8, 0xE2,
    0x95, 0xAC, 0xAA, 0x5B, 0x3F, 0x41, 0xC8, 0x71, 0xA2, 0x26, 0xBB, 0xEB, 0x3D, 0x91, 0x78, 0x76,
    0xAB, 0x5E, 0x61, 0xFD, 0xF3, 0x12, 0xF4, 0x7B, 0x42, 0x56, 0xDD, 0x92, 0x1A, 0x0C, 0x27, 0x5E,
    0xEA, 0x2C, 0x70, 0xE6, 0xF8, 0x92, 0x7C, 0x7A, 0xEF, 0x99, 0xE9, 0x8A, 0x55, 0x9B, 0x1C, 0x1D,
    0x53, 0x53, 0x2D, 0x7D, 0xF4, 0xDE, 0xD6, 0x9D, 0x39, 0x15, 0x28, 0xFE, 0xA7, 0x8D, 0xFE, 0xD3,
    0x9D, 0x7E, 0xBE, 0x51, 0x95, 0x2E, 0xBF, 0x0F, 0xB8, 0x40, 0x4F, 0xAE, 0x73, 0xE7, 0x93, 0x91,
    0xC4, 0x93, 0x7F, 0x9E, 0x5F, 0x41, 0x9A, 0x1A, 0x4C, 0x24, 0x8E, 0x84, 0xC0, 0xC8, 0x73, 0x9E,
    0xE0, 0xE3, 0x8B, 0xB4, 0x2D, 0x9A, 0x1C, 0x26, 0x3B, 0xF8, 0x8E, 0xF6, 0xA3, 0xBB, 0x1D, 0x44,
    0xE7, 0x57, 0x09, 0x1F, 0x7C, 0x11, 0xE5, 0x77, 0xBE, 0x44, 0x10, 0x27, 0x3C, 0x09, 0x17, 0x18,
    0xBA, 0x7F, 0x3B, 0x5B, 0x48, 0xDC, 0x22, 0xFB, 0xB2, 0x17, 0x4D, 0xC0, 0xE3, 0x8C, 0x71, 0x87,
    0x27, 0xD4, 0x56, 0xFD, 0x03, 0xA5, 0x91, 0xC1, 0x0A, 0x33, 0x3B, 0x08, 0x85, 0x0F, 0x64, 0x2B,
    0xF8, 0x2A, 0x42, 0xB6, 0x01, 0x5F, 0x5D, 0xE8, 0x76, 0xA0, 0xAF, 0x22, 0x74, 0x2B, 0x78, 0xE3,
    0x64, 0x72, 0xFF, 0xF9, 0xDB, 0xBB, 0x69, 0xEF, 0x39, 0x7C, 0x26, 0x71, 0xD0, 0x04, 0x07, 0x97,
    0xD8, 0x05, 0x82, 0x1E, 0x1D, 0x7D, 0xEE, 0x1B, 0xA6, 0x03, 0x77, 0x1D, 0x1C, 0x72, 0x74, 0xE9,
    0x32, 0x6C, 0x98, 0x52, 0xF7, 0x86, 0xBB, 0x9A, 0x13, 0x09, 0x09, 0xFA, 0xE8, 0x76, 0xF6, 0xA0,
    0xE6, 0xB8, 0x89, 0x93, 0x50, 0xE6, 0xA8, 0x98, 0x5E, 0xF1, 0x2F, 0x45, 0xDD, 0xA9, 0xB1, 0x68,
    0xE0, 0x18, 0xED, 0xAA, 0x3C, 0xE1, 0x67, 0x3A, 0x67, 0x06, 0xBF, 0x22, 0xF4, 0xE1, 0xA1, 0xFC,
    0xF0, 0xCD, 0x3C, 0xD8, 0x06, 0x0E, 0x14, 0xCD, 0x11, 0x27, 0x81, 0xE0, 0x68, 0x55, 0xBB, 0x78,
    0x3E, 0x4C, 0x33, 0x17, 0x6D, 0x82, 0x44, 0x9C, 0xE8, 0xC9, 0xD6, 0xB0, 0x6E, 0x3D, 0xBB, 0x0F,
    0x97, 0x43, 0x1E, 0xA7, 0x03, 0x37, 0x29, 0xC4, 0xE4, 0x29, 0xAE, 0xD2, 0xA5, 0xD3, 0x9F, 0xEF,
    0x75, 0x95, 0xDD, 0x02, 0xBB, 0x22, 0x34, 0xB3, 0x42, 0x20, 0x86, 0xCF, 0x90, 0xE9, 0x2B, 0xA8,
    0xBF, 0x0C, 0x6A, 0x79, 0x86, 0xEA, 0x19, 0x57, 0xB8, 0x2B, 0xC9, 0x8E, 0x7F, 0x45, 0xCF, 0xFB,
    0x54, 0x09, 0x09, 0xE2, 0x43, 0x86, 0xD0, 0xE5, 0xC1, 0x07, 0xA0, 0x01, 0x4E, 0x20, 0xD3, 0x5A,
    0x36, 0x2F, 0x6B, 0x1A, 0x4E, 0x50, 0xE9, 0x85, 0x82, 0xAD, 0x60, 0x4B, 0x70, 0x06, 0x90, 0x86,
    0xE6, 0xAD, 0x9E, 0x5D, 0x15, 0x33, 0x1F, 0x98, 0xC3, 0x05, 0x3F, 0x0D, 0x99, 0x19, 0xC5, 0xD9,
    0xE3, 0x39, 0xD9, 0xE3, 0xBD, 0xBC, 0xA5, 0x09, 0x9B, 0x0E, 0x5E, 0x2C, 0xBF, 0x4F, 0x6D, 0x39,
    0xE4, 0x35, 0x1D, 0x2A, 0x28, 0x5F, 0x62, 0x93, 0x53, 0x64, 0xCD, 0xBA, 0x0C, 0x19, 0x24, 0x04,
    0x59, 0x3D, 0xD4, 0x85, 0x32, 0x17, 0x73, 0x8F, 0xED, 0xAD, 0x36, 0xCD, 0xDE, 0x69, 0x1A, 0xD3,
    0xE3, 0xDC, 0x0D, 0x3E, 0x2A, 0xBF, 0xD5, 0xAC, 0x86, 0xB4, 0xBB, 0x2C, 0xE3, 0x26, 0x76, 0x21,
    0x4C, 0x67, 0x32, 0x32, 0x05, 0x42, 0xEC, 0xFF, 0xDD, 0xBF, 0x5C, 0x7B, 0xF6, 0x7B, 0x7F, 0xB2,
    0xB2, 0x06, 0xD9, 0xE5, 0x07, 0x8D, 0xF7, 0xFE, 0x42, 0x84, 0x66, 0x90, 0x4E, 0xC7, 0x54, 0xFA,
    0x61, 0x87, 0xE1, 0xA6, 0x8C, 0xA2, 0x61, 0xFB, 0x43, 0x99, 0xA8, 0x06, 0x80, 0xAC, 0x7D, 0xAD,
    0x30, 0x60, 0x6F, 0x09, 0x58, 0x65, 0x76, 0x25, 0xB6, 0xA8, 0x6C, 0x8C, 0x81, 0xA3, 0x22, 0x1D,
    0x44, 0xC2, 0x86, 0x9B, 0x04, 0x07, 0xD2, 0x67, 0x9A, 0xBA, 0x84, 0x09, 0xE4, 0xED, 0xFB, 0x6D,
    0x12, 0xD6, 0x65, 0x19, 0x37, 0xB1, 0xD3, 0x29, 0x75, 0x42, 0x51, 0xDE, 0x22, 0x53, 0x3F, 0x4E,
    0x19, 0x96, 0x05, 0x84, 0x8C, 0xFB, 0xEC, 0xD2, 0x85, 0xCA, 0xBA, 0xD6, 0xE9, 0xF4, 0xCA, 0xFF,
    0x3D, 0x3F, 0xC1, 0x34, 0xAD, 0x7F, 0xA3, 0xF1, 0xF6, 0x32, 0x39, 0xAD, 0xCD, 0x55, 0x1B, 0x82,
    0xE1, 0x1F, 0xAF, 0x17, 0x58, 0x17, 0xC2, 0x0B, 0x9F, 0x4A, 0x88, 0x89, 0x64, 0x88, 0x5C, 0xD1,
    0x12, 0x1F, 0xFF, 0x0F, 0xE5, 0x0C, 0x01, 0x03, 0xFE, 0xE7, 0xFD, 0x9A, 0x19, 0xA3, 0x79, 0xE8,
    0xEB, 0x39, 0x46, 0x9B, 0xE4, 0xA4, 0xCE, 0x99, 0x8B, 0x66, 0x95, 0x8B, 0x91, 0xB5, 0xE6, 0xA8,
    0xB3, 0xE6, 0x37, 0xF5, 0x1E, 0x57, 0x7D, 0xAD, 0x43, 0xD7, 0xB7, 0x2F, 0xEF, 0xCF, 0x49, 0xCC,
    0xFA, 0xD7, 0x3C, 0x4F, 0xBE, 0xBE, 0xBF, 0xF2, 0xBE, 0xEF, 0xFF, 0xB5, 0x7E, 0x92, 0x3F, 0xBE,
    0xBF, 0xF2, 0x6B, 0xD5, 0x36, 0xF9, 0xAE, 0xFE, 0xBA, 0x7F, 0xCF, 0xCF, 0xBE, 0x7D, 0x7F, 0xE5,
    0x62, 0x53, 0xE7, 0x5F, 0xEE, 0x2F, 0x7E, 0xBB, 0xDF, 0xC6, 0xED, 0xFF, 0x9F, 0xE7, 0xFF, 0x57,
    0x3F, 0xB9, 0xEA, 0xFF, 0x01, 0x95, 0x96, 0x41, 0x8A, 0x63, 0x3D, 0x0C, 0x84, 0x0B, 0xB4, 0x2D,
    0x78, 0x57, 0x29, 0xF0, 0xD6, 0xE0, 0xAB, 0x0B, 0xB2, 0x35, 0xCC, 0x55, 0x0C, 0xB3, 0x35, 0xE8,
    0x8F, 0xE9, 0xA6, 0xFF, 0x88, 0x28, 0xE9, 0xC9, 0x57, 0x18, 0xC7, 0x11, 0x92, 0x5F, 0x64, 0x59,
    0x79, 0x48, 0x18, 0x88, 0x11, 0x84, 0x21, 0xE1, 0xB6, 0x38, 0xE1, 0xA5, 0x32, 0x0E, 0xC5, 0x86,
    0x1E, 0xBE, 0xF7, 0x4A, 0x9C, 0xB6, 0xE0, 0x78, 0x82, 0x12, 0x23, 0x44, 0xAA, 0xDE, 0xFF, 0x9D,
    0xFF, 0xF0, 0x8E, 0x06, 0x39, 0x04, 0xA2, 0xC0, 0x36, 0x3A, 0xA6, 0x91, 0x10, 0x2A, 0x04, 0xC2,
    0x88, 0x89, 0x6E, 0x1B, 0x35, 0x84, 0xE4, 0x0D, 0x1D, 0xC3, 0xCB, 0x00, 0x32, 0x51, 0x23, 0x28,
    0x13, 0x8E, 0x12, 0x3C, 0x72, 0x2A, 0x36, 0x45, 0x3F, 0xAB, 0x77, 0x5C, 0x7E, 0x1F, 0xB0, 0x45,
    0x27, 0x21, 0xD9, 0xF9, 0xE2, 0x33, 0x6C, 0x5D, 0x8E, 0x25, 0x99, 0x9C, 0x3C, 0x4B, 0xFC, 0x0E,
    0x25, 0x8F, 0x90, 0xD7, 0xF9, 0x2F, 0xAB, 0x20, 0x41, 0x19, 0x23, 0x8C, 0x0F, 0xFE, 0x2F, 0xCE,
    0xBE, 0xAE, 0x00, 0x33, 0x72, 0x2C, 0xD2, 0x0C, 0x25, 0xEE, 0xD2, 0xB5, 0x25, 0x77, 0x94, 0x18,
    0xC9, 0xB1, 0x49, 0xE3, 0xEF, 0xF5, 0x7B, 0x6D, 0x3C, 0x21, 0x97, 0xC6, 0x96, 0x94, 0xE2, 0x5F,
    0xBB, 0xFE, 0x0D, 0x39, 0x7E, 0xB6, 0x96, 0xF1, 0x69, 0x46, 0x1B, 0x9B, 0xB0, 0x97, 0xE5, 0x25,
    0x5E, 0x81, 0x57, 0x25, 0x4A, 0x6B, 0x6C, 0x63, 0x53, 0xA6, 0xDA, 0xBF, 0xA9, 0xF1, 0x0A, 0xA3,
    0x09, 0x25, 0x54, 0x9B, 0x7B, 0x88, 0xAC, 0xEC, 0x0E, 0xE7, 0xD2, 0x8C, 0xD0, 0xE4, 0x7A, 0x3C,
    0x5B, 0x7D, 0xC9, 0x9B, 0x77, 0x57, 0xF5, 0xFB, 0x73, 0xFF, 0xF0, 0x9F, 0xFA, 0x3F, 0xCA, 0x38,
    0x64, 0x3F, 0xF5, 0x7F, 0x04, 0x3D, 0xCA, 0x44, 0x0D, 0x7F, 0xCC, 0x0F, 0xB3, 0x4E, 0xEC, 0xD4,
    0x5F, 0x9E, 0x89, 0x05, 0x59, 0xC3, 0x86, 0x00, 0x54, 0xF1, 0xD7, 0xAB, 0xFC, 0xDB, 0xA6, 0xCD,
    0xDB, 0x30, 0xA2, 0x66, 0xB8, 0xEB, 0xD6, 0x7C, 0x43, 0x4F, 0x96, 0xFD, 0xBE, 0xFF, 0x34, 0x74,
    0x8C, 0x7D, 0xEC, 0x77, 0x26, 0xFA, 0xD8, 0xE8, 0x98, 0x78, 0x82, 0x5B, 0x4B, 0x53, 0x14, 0xAF,
    0x85, 0x82, 0xA1, 0x8B, 0x8D, 0xC9, 0x5E, 0xF4, 0x6F, 0xBC, 0xA3, 0xEC, 0xEF, 0x58, 0x78, 0xD7,
    0xDF, 0xDD, 0x9C, 0xFE, 0x41, 0xFF, 0x7F, 0xCB, 0xBF, 0xFC, 0x3F, 0x60, 0x62, 0xC1, 0x5F, 0xDB,
    0xE9, 0x96, 0xF7, 0x76, 0x68, 0x7C, 0xC7, 0x35, 0x10, 0xF9, 0x8E, 0x51, 0x43, 0x73, 0x51, 0xFF,
    0xEB, 0x6A, 0xDC, 0x14, 0xBE, 0x49, 0x3E, 0x29, 0x56, 0x65, 0x2F, 0xE3, 0xEF, 0xD9, 0xA8, 0x2C,
    0xAA, 0x7C, 0xBE, 0x22, 0xFE, 0xB3, 0xE7, 0x6C, 0x63, 0x53, 0xE5, 0xE9, 0x6E, 0x20, 0x7B, 0x3F,
    0xED, 0x92, 0x9F, 0x2E, 0xDF, 0x6F, 0x1F, 0xDB, 0xEF, 0x83, 0xF5, 0xD9, 0x39, 0xD7, 0xDD, 0x7E,
    0x1B, 0x9B, 0xEB, 0xD9, 0x6E, 0x47, 0x1A, 0xDB, 0xEC, 0x3E, 0x74, 0x56, 0xCF, 0x18, 0xAE, 0xAD,
    0xFB, 0x30, 0x24, 0xDC, 0x74, 0x75, 0x53, 0x52, 0xDD, 0xC3, 0x7C, 0x2C, 0x70, 0xAC, 0xBC, 0xF7,
    0xB3, 0xE7, 0x89, 0x56, 0xBF, 0x3F, 0x8C, 0xED, 0x96, 0x73, 0x57, 0xED, 0x5F, 0xF9, 0x0F, 0x6F,
    0xE8, 0xDE, 0x84, 0x09, 0xD5, 0xDD, 0x01, 0xD3, 0x3A, 0x67, 0x03, 0x51, 0x41, 0x34, 0x70, 0x5A,
    0xC7, 0xB4, 0x8D, 0x0A, 0x61, 0x36, 0x75, 0x6F, 0x18, 0x8E, 0x4C, 0xCA, 0x5E, 0x14, 0x19, 0x4C,
    0xD9, 0x89, 0x94, 0xA1, 0x04, 0x21, 0x46, 0x93, 0x13, 0x2F, 0x90, 0x38, 0xC3, 0x88, 0x97, 0xEF,
    0x57, 0xD7, 0xFE, 0x1A, 0x59, 0xD9, 0xF2, 0x4B, 0xFF, 0x1F, 0x6F, 0xDE, 0x1F, 0x01, 0x87, 0xA7,
    0x4F, 0x19, 0x81, 0x3B, 0xFF, 0xFF, 0xF9, 0x93, 0x5F, 0xDA, 0xBF, 0xE8, 0xB3, 0xD1, 0xD1, 0xF0,
    0x82, 0x89, 0x1E, 0xB9, 0xF7, 0xE6, 0xFC, 0xA3, 0x85, 0x5B, 0x8B, 0x0B, 0x96, 0x9F, 0x5F, 0xE4,
    0x18, 0xA6, 0xA4, 0x55, 0xDC, 0xB0, 0x15, 0xD3, 0x2D, 0x26, 0xD2, 0xD3, 0xD9, 0xCA, 0x9E, 0x63,
    0x90, 0xA9, 0xFE, 0x72, 0xFC, 0xF5, 0xED, 0xB1, 0xB2, 0xBD, 0x5F, 0xFC, 0xA1, 0x5F, 0xB2, 0x11,
    0xA9, 0xBE, 0xF7, 0x5B, 0xFB, 0xE2, 0xEC, 0x7F, 0x38, 0xBF, 0x74, 0x3E, 0xEB, 0x36, 0xE2, 0x21,
    0xFA, 0x1C, 0x23, 0xEF, 0x40, 0x5E, 0xBB, 0xB6, 0xE7, 0xF8, 0x09, 0xEF, 0x6B, 0x4C, 0xD9, 0x98,
    0xBD, 0x38, 0x9D, 0x11, 0x42, 0x5B, 0xCD, 0x9B, 0x44, 0x99, 0x50, 0xB4, 0x37, 0x93, 0xD1, 0xAC,
    0xE1, 0xAF, 0xFD, 0x85, 0x8D, 0xF8, 0xE0, 0xFE, 0xD6, 0x0C, 0x38, 0xDC, 0x15, 0x11, 0xFB, 0xCC,
    0x18, 0xB5, 0x0F, 0xC5, 0x7D, 0xA5, 0xFE, 0x3D, 0xD7, 0x10, 0x95, 0xEB, 0x32, 0x02, 0x2C, 0xE6,
    0x04, 0x25, 0x45, 0x28, 0xFB, 0xE6, 0x9D, 0x18, 0x41, 0x16, 0xF6, 0x8A, 0x1B, 0x61, 0x66, 0xB8,
    0x22, 0xFC, 0xCC, 0x67, 0xFD, 0x09, 0x66, 0x02, 0x4D, 0x18, 0x11, 0x71, 0xE6, 0xB3, 0xFE, 0x08,
    0xBA, 0x83, 0xDF, 0xF9, 0xA3, 0xEB, 0xAC, 0xF1, 0x01, 0xC6, 0x1B, 0x48, 0xF7, 0x11, 0xB1, 0xCE,
    0x7C, 0xD6, 0xEF, 0x21, 0x3A, 0xFE, 0x44, 0x07, 0xF1, 0x02, 0xA1, 0xC7, 0x5F, 0x74, 0x08, 0xFF,
    0x82, 0x1B, 0xCC, 0xCD, 0x19, 0xA1, 0x33, 0x9F, 0x75, 0x06, 0xF8, 0x0F, 0x9D, 0x99, 0xC1, 0xAA,
    0xFC, 0xAC, 0x0E, 0xC0, 0x03, 0xD9, 0x06, 0x7C, 0x95, 0x80, 0x5B, 0xC1, 0x57, 0x0F, 0x74, 0x2B,
    0xFC, 0x5F, 0x45, 0x38, 0x5B, 0xA1, 0xD7, 0xD4, 0x09, 0x9D, 0x36, 0x66, 0xF8, 0xB8, 0xC9, 0x9C,
    0x56, 0xFD, 0x99, 0xC4, 0xEA, 0x4C, 0xDB, 0x78, 0xE0, 0x23, 0x8C, 0x8C, 0x69, 0xD0, 0x14, 0x64,
    0x55, 0x90, 0xA9, 0x5F, 0x82, 0x42, 0x3C, 0x15, 0x96, 0x6A, 0x19, 0x9F, 0xBC, 0xD3, 0x05, 0x70,
    0x90, 0xC2, 0x29, 0xE9, 0xC1, 0xEB, 0x58, 0x86, 0xD7, 0xD9, 0x4A, 0x26, 0x0C, 0x3C, 0x6B, 0x0D,
    0x1A, 0xCE, 0x56, 0xA4, 0x25, 0x75, 0xF0, 0x04, 0x4F, 0xC1, 0x3F, 0x22, 0xCE, 0x7C, 0x64, 0x24,
    0xCA, 0xFD, 0x81, 0x04, 0x04, 0x59, 0x75, 0x59, 0x33, 0xD6, 0xF3, 0x11, 0xFF, 0x64, 0x24, 0x8A,
    0xAE, 0xCF, 0x24, 0x5D, 0x31, 0x57, 0xE4, 0x34, 0x5E, 0x90, 0x81, 0x27, 0x17, 0x96, 0x3A, 0x32,
    0xE4, 0xC9, 0xF5, 0x32, 0xF6, 0x3E, 0xEA, 0xF0, 0xF6, 0x2A, 0xB5, 0xDF, 0x73, 0x50, 0xBB, 0xF7,
    0x5F, 0xBB, 0xCE, 0x82, 0xCE, 0x01, 0x4E, 0x6E, 0xFE, 0xBD, 0x8F, 0x3A, 0xDE, 0xF6, 0x75, 0x78,
    0x7D, 0xF0, 0x93, 0x9C, 0xD4, 0xFA, 0xC5, 0xEB, 0x86, 0x9F, 0xDF, 0xFE, 0x99, 0x08, 0x50, 0xE7,
    0x99, 0x41, 0x10, 0x08, 0x98, 0x34, 0xC2, 0x79, 0xCA, 0xFC, 0xDC, 0x51, 0xE6, 0x41, 0x54, 0x67,
    0x49, 0x5E, 0x73, 0x2C, 0xD8, 0x41, 0x22, 0xDE, 0x61, 0xD2, 0x24, 0x90, 0x00, 0x0A, 0xC0, 0xB8,
    0x1A, 0xE4, 0xD5, 0x00, 0x26, 0x0C, 0x34, 0x15, 0x01, 0x97, 0x33, 0xBE, 0x1A, 0xDE, 0x22, 0xD4,
    0x34, 0x20, 0x76, 0x6A, 0x8F, 0x61, 0xB8, 0x2F, 0x35, 0xDE, 0x83, 0x58, 0x31, 0x2A, 0xB0, 0x69,
    0x5D, 0x5F, 0x96, 0x3E, 0x55, 0xEB, 0x97, 0x94, 0x8A, 0x5C, 0x78, 0xFE, 0x05, 0x3C, 0xD7, 0x6C,
    0xED, 0x9E, 0x3F, 0x24, 0x15, 0x16, 0x96, 0x54, 0xC0, 0x8B, 0xF1, 0x83, 0x8F, 0x98, 0xF3, 0x97,
    0xD6, 0x01, 0x3B, 0x21, 0x5B, 0xAE, 0x88, 0xA3, 0x72, 0x26, 0x9E, 0x9C, 0x1D, 0x6D, 0xD0, 0x91,
    0xCB, 0xBA, 0x82, 0xF6, 0x9C, 0x39, 0xAF, 0x8E, 0x37, 0xEC, 0x7A, 0x4E, 0x92, 0x1D, 0x27, 0xF6,
    0xEA, 0x78, 0x21, 0xA6, 0x9E, 0x98, 0xB8, 0xDC, 0x7C, 0xF3, 0x93, 0x5F, 0x3F, 0x77, 0xC6, 0x37,
    0xD6, 0x36, 0x65, 0xD1, 0xCF, 0x3D, 0xF5, 0xE7, 0x00, 0xDE, 0xFC, 0x49, 0x53, 0x87, 0x25, 0x05,
    0x1A, 0x88, 0x57, 0x92, 0xB4, 0x78, 0xC3, 0x8C, 0xEC, 0x35, 0x73, 0x11, 0xC5, 0x98, 0xA9, 0xED,
    0xB4, 0xB5, 0x3F, 0x7E, 0xFA, 0xC7, 0xAE, 0xED, 0xD8, 0x23, 0xFF, 0x69, 0xE4, 0x29, 0x69, 0xEC,
    0xFD, 0xD7, 0xD1, 0xFE, 0xA9, 0xD6, 0x11, 0xFA, 0xFF, 0xA3, 0x7F, 0x74, 0xBE, 0xC6, 0xEF, 0xB8,
    0x8D, 0xC0, 0xF3, 0xDC, 0x4B, 0xAB, 0xED, 0xCD, 0x6F, 0xB9, 0xD7, 0xBC, 0x4C, 0x79, 0x41, 0x6B,
    0x7D, 0xF5, 0x4C, 0x29, 0xAD, 0x1F, 0x62, 0x77, 0x3D, 0x43, 0x4F, 0x66, 0x5F, 0x07, 0x44, 0x52,
    0xA6, 0x42, 0x15, 0x2B, 0xED, 0x47, 0x52, 0x87, 0x95, 0x76, 0xDE, 0x13, 0x71, 0xB7, 0xB2, 0x17,
    0xE3, 0xB1, 0x70, 0x4F, 0x14, 0x20, 0xB3, 0x3F, 0xA8, 0x84, 0x14, 0x58, 0xF8, 0x80, 0x03, 0x7C,
    0x0F, 0xBB, 0x0B, 0x0A, 0xDA, 0x1D, 0xD1, 0x0B, 0x4F, 0x95, 0xD4, 0x32, 0x23, 0xD0, 0xD4, 0x9D,
    0xD4, 0x11, 0x5D, 0x85, 0xB5, 0x5B, 0x2F, 0xEF, 0xD9, 0x7C, 0xE3, 0xE4, 0xEA, 0x5F, 0x1B, 0xBD,
    0xA5, 0xB7, 0x37, 0xAE, 0x26, 0x93, 0xC8, 0xB2, 0xE7, 0x87, 0xF7, 0xD4, 0xB8, 0x2F, 0x82, 0x40,
    0x1F, 0xCE, 0xC1, 0xF8, 0xF6, 0xA3, 0x37, 0x2F, 0x08, 0x3A, 0x4A, 0x02, 0x0A, 0x6D, 0xDD, 0xF8,
    0x1C, 0xD7, 0xA3, 0x5F, 0xD7, 0xE8, 0xFA, 0x4C, 0x98, 0x52, 0xB7, 0x3B, 0xCE, 0x8E, 0xA3, 0xAC,
    0x6F, 0x5D, 0x29, 0x28, 0x00, 0xBF, 0x7A, 0xD4, 0xE1, 0x09, 0x4A, 0x14, 0xDF, 0xA8, 0xB1, 0x55,
    0x77, 0x3F, 0x8C, 0x9B, 0xAF, 0x06, 0xD7, 0xC1, 0xB8, 0xC7, 0x26, 0x79, 0xD8, 0x71, 0x2F, 0xB5,
    0xD9, 0x31, 0xE0, 0x83, 0xD6, 0x33, 0x28, 0x7A, 0x42, 0x07, 0xD7, 0x67, 0x73, 0xEA, 0x39, 0x76,
    0x48, 0x03, 0x6A, 0xBD, 0x5A, 0x4F, 0x99, 0x9F, 0x59, 0x38, 0x4F, 0xFD, 0xD4, 0xAA, 0x08, 0xFB,
    0x06, 0x5D, 0x22, 0x69, 0x60, 0x47, 0x0E, 0x67, 0x55, 0x90, 0x89, 0xD2, 0x88, 0x38, 0x12, 0x72,
    0x2D, 0x99, 0x6B, 0xE8, 0xA1, 0x48, 0x66, 0xD5, 0x1D, 0x4D, 0xC0, 0xEB, 0xB7, 0xAC, 0x9E, 0xBC,
    0x3D, 0x8A, 0x7E, 0x12, 0xE8, 0xA7, 0xD8, 0xE8, 0xFB, 0x1A, 0xBD, 0x35, 0xEB, 0xC7, 0x5E, 0xCC,
    0x5C, 0xC1, 0x3C, 0x58, 0xB5, 0x7C, 0x0A, 0x28, 0x9F, 0x82, 0x79, 0x78, 0xAD, 0xCF, 0xE3, 0x6F,
    0x49, 0x12, 0x3C, 0xA1, 0x0A, 0x0C, 0xD0, 0x23, 0xEA, 0x09, 0xC0, 0xE2, 0xD4, 0xC9, 0xFB, 0xAC,
    0x68, 0xB7, 0x79, 0xAC, 0x1D, 0x06, 0xDC, 0xD4, 0x26, 0x02, 0xA5, 0xE8, 0x68, 0x4A, 0x30, 0x4F,
    0x93, 0xAD, 0x3E, 0x8E, 0xBF, 0xEC, 0xFD, 0xFD, 0xE3, 0x61, 0x4F, 0x8E, 0xDF, 0x72, 0x20, 0x11,
    0xB3, 0x1C, 0xC0, 0x42, 0x8C, 0x04, 0xC7, 0x0B, 0x5B, 0xBB, 0xF5, 0x7B, 0xD0, 0x49, 0x04, 0x27,
    0x57, 0xB5, 0xF2, 0x37, 0x9E, 0xCA, 0x92, 0x2D, 0x76, 0x43, 0x8D, 0xCE, 0xEF, 0x75, 0xAC, 0x82,
    0x6B, 0x82, 0xFA, 0x67, 0x1E, 0x53, 0xB5, 0x75, 0x7C, 0xF6, 0xAC, 0xE5, 0xCA, 0x2A, 0xCE, 0xF9,
    0x59, 0x26, 0x5A, 0x74, 0x3D, 0x2F, 0x34, 0x60, 0x14, 0xED, 0x80, 0x03, 0x66, 0x15, 0x6D, 0x71,
    0xBF, 0x7B, 0xD6, 0x04, 0x49, 0x5D, 0x81, 0x46, 0x5D, 0xDE, 0xC4, 0xF5, 0xDC, 0xCE, 0xB6, 0xBB,
    0x0F, 0xBA, 0xD5, 0x72, 0x9C, 0xA7, 0x8E, 0xC9, 0x04, 0x05, 0x07, 0x42, 0x6A, 0xE5, 0x79, 0x27,
    0x16, 0x90, 0xAA, 0x6C, 0xDA, 0x57, 0x98, 0x9C, 0x4A, 0x57, 0xEE, 0x63, 0xDF, 0x51, 0xF6, 0xB1,
    0xEF, 0x9E, 0x8F, 0x55, 0x18, 0xC8, 0x2B, 0x76, 0x05, 0x12, 0x1A, 0x79, 0x62, 0x99, 0x6A, 0x63,
    0x2B, 0x77, 0xEC, 0x92, 0xA6, 0x7D, 0x12, 0x2A, 0x3C, 0xC1, 0x7B, 0x2D, 0x3F, 0xBE, 0xF9, 0xAA,
    0xB9, 0x0B, 0xA4, 0xCF, 0x28, 0xDC, 0x33, 0xEA, 0x65, 0x5F, 0x18, 0x9B, 0x76, 0x0F, 0xED, 0x4B,
    0xBE, 0x7C, 0x40, 0x18, 0xBF, 0x94, 0xA3, 0xFD, 0x8A, 0x9F, 0x8F, 0x52, 0x5E, 0xB8, 0x40, 0x83,
    0x0E, 0x7A, 0x85, 0x82, 0x4C, 0x53, 0x9E, 0x7C, 0x8A, 0x90, 0xA0, 0xE8, 0x2A, 0x25, 0xD0, 0xF9,
    0xA1, 0x6D, 0x72, 0x6C, 0xA9, 0x71, 0x94, 0xDC, 0x5A, 0x6A, 0xBB, 0x4F, 0x9E, 0xB3, 0x7A, 0x5E,
    0x9E, 0xDC, 0xD5, 0xAD, 0xE4, 0xD7, 0xA5, 0xBE, 0x41, 0xFC, 0x3A, 0x7E, 0xC5, 0x37, 0xEE, 0x93,
    0x77, 0x4B, 0xDD, 0xEB, 0xE0, 0x9F, 0xF1, 0x8D, 0x07, 0xF1, 0xB9, 0x0E, 0xFC, 0x15, 0x5F, 0xEA,
    0x20, 0x9F, 0x4B, 0xB4, 0x4C, 0x75, 0xE4, 0x79, 0xBE, 0xF3, 0x09, 0xE3, 0xA6, 0xB9, 0xE5, 0x49,
    0xF7, 0x3C, 0x4F, 0xAD, 0x6D, 0x1E, 0x1D, 0x57, 0xA9, 0xE3, 0x77, 0x2E, 0xB8, 0xDB, 0x7A, 0x89,
    0xED, 0xEB, 0x88, 0xED, 0x23, 0x1E, 0xE4, 0x52, 0xEE, 0x1A, 0xF7, 0xF1, 0x35, 0xDF, 0xE1, 0xA3,
    0x9E, 0x7C, 0x68, 0x4E, 0xB1, 0xE5, 0xC4, 0xB8, 0x36, 0x72, 0x22, 0x9E, 0x75, 0x73, 0x28, 0xC7,
    0x9C, 0x95, 0xE3, 0x0F, 0x8E, 0x7C, 0xF0, 0x2F, 0x7E, 0x68, 0x84, 0x9F, 0xFC, 0xEF, 0x17, 0x9F,
    0x14, 0xF3, 0x5F, 0xCC, 0x95, 0x46, 0xF1, 0x75, 0x66, 0xF8, 0xB0, 0xE3, 0x96, 0x23, 0xA3, 0x1D,
    0x77, 0xBC, 0xA4, 0x35, 0x3F, 0x25, 0xC5, 0xF6, 0x7C, 0x44, 0xF6, 0xF6, 0xDD, 0x58, 0x67, 0x2F,
    0xAF, 0x0D, 0xBE, 0x8D, 0x7F, 0x90, 0x5B, 0x3D, 0xFF, 0xA6, 0x3E, 0x3E, 0x7D, 0x34, 0x75, 0xDA,
    0x05, 0xB8, 0xA9, 0xF5, 0x08, 0x46, 0x1F, 0x5D, 0x41, 0x36, 0x1D, 0x56, 0x7A, 0x71, 0xFE, 0x68,
    0xB5, 0xD2, 0xD6, 0x7E, 0xDC, 0x1E, 0x7C, 0xFC, 0xB5, 0x79, 0xA8, 0x47, 0x1F, 0xDF, 0xE8, 0xDD,
    0x63, 0xE3, 0x9F, 0xA7, 0x0E, 0x3D, 0x7A, 0xFF, 0x46, 0xEF, 0x1E, 0x2F, 0xE9, 0xAF, 0xE7, 0x57,
    0x7F, 0xE2, 0xF4, 0x7A, 0x7E, 0x25, 0xF0, 0x32, 0x59, 0x2B, 0x84, 0x0D, 0x4A, 0x94, 0x66, 0x67,
    0xE1, 0x92, 0xC5, 0x63, 0x6F, 0x5F, 0xC7, 0x4F, 0x7B, 0xCF, 0x9D, 0x24, 0x80, 0xCE, 0x82, 0x83,
    0xCF, 0x73, 0xE8, 0x59, 0xEB, 0x10, 0x49, 0x60, 0x5F, 0x05, 0xA9, 0x9E, 0x27, 0xE9, 0x39, 0xB6,
    0x8F, 0x24, 0x09, 0x00, 0x73, 0x3A, 0x3B, 0xEB, 0x79, 0xD5, 0x7F, 0x88, 0x4C, 0x85, 0x92, 0xAC,
    0xF4, 0xF0, 0x34, 0x40, 0x9C, 0x3A, 0xF9, 0xDA, 0xCD, 0x72, 0xCF, 0xE0, 0xD5, 0x72, 0xEF, 0x88,
    0x01, 0x78, 0xFE, 0xF4, 0x10, 0xFE, 0xC2, 0x85, 0xA7, 0x86, 0xFB, 0x89, 0x05, 0x1A, 0x12, 0xD1,
    0x8B, 0xBF, 0x36, 0xDF, 0x55, 0xDF, 0x7B, 0x71, 0x6E, 0x03, 0x3E, 0xDE, 0x8B, 0x73, 0xCF, 0x10,
    0x4F, 0xFD, 0xF3, 0xCF, 0x32, 0xB3, 0xB7, 0x6F, 0x9F, 0x0F, 0x87, 0x62, 0x99, 0x5F, 0x60, 0xCB,
    0x44, 0x5C, 0x07, 0x31, 0xD3, 0xCE, 0x0B, 0xE3, 0x7D, 0x7F, 0x65, 0xDC, 0x72, 0xCA, 0xCC, 0x92,
    0xB9, 0xD0, 0x9E, 0x53, 0xC2, 0x0C, 0x07, 0x66, 0x72, 0xF6, 0x36, 0xF9, 0xF8, 0xB9, 0x46, 0xD8,
    0x0B, 0x01, 0x3B, 0x1E, 0xED, 0x56, 0x78, 0x86, 0x7E, 0x75, 0xA2, 0x35, 0x66, 0x0C, 0xFE, 0x79,
    0x72, 0xDD, 0xFB, 0x78, 0x96, 0xD2, 0xF6, 0xFD, 0xAC, 0x12, 0x34, 0x68, 0x75, 0xBD, 0x23, 0x79,
    0x7B, 0xD4, 0xD9, 0x33, 0x79, 0xF3, 0x9B, 0xF0, 0xC1, 0xF8, 0xF4, 0x7F, 0xEF, 0x98, 0xDE, 0xBA,
    0xDB, 0x6F, 0xAE, 0xE3, 0x3E, 0x06, 0x3B, 0xE5, 0x84, 0xEA, 0x8D, 0xFD, 0xFB, 0xFD, 0x9A, 0x7D,
    0x5E, 0xBD, 0x80, 0x21, 0x14, 0xA2, 0x89, 0xB5, 0x9F, 0x08, 0x22, 0x5E, 0x55, 0x3D, 0x6B, 0xFD,
    0x6A, 0xD7, 0x86, 0x58, 0xB4, 0x8B, 0xB3, 0x31, 0x5F, 0xE6, 0xDA, 0xC4, 0x67, 0xD1, 0xCF, 0x3C,
    0xCC, 0x67, 0xD1, 0x8F, 0xFE, 0xB7, 0x84, 0xCC, 0xC4, 0xF9, 0x76, 0xB3, 0x87, 0xAD, 0x84, 0xF9,
    0x91, 0x36, 0x64, 0xA1, 0x12, 0xE4, 0x47, 0x8C, 0x8C, 0x85, 0x5A, 0xEF, 0x9F, 0x0C, 0x71, 0x7D,
    0x15, 0x6F, 0x17, 0x04, 0x8D, 0x1B, 0x33, 0xFD, 0x5B, 0x59, 0x5A, 0x82, 0x32, 0xF5, 0xC1, 0x09,
    0xB8, 0xDA, 0xFB, 0x3D, 0xD4, 0xD7, 0xFB, 0xBD, 0x71, 0x7B, 0xBF, 0x77, 0xDC, 0xBF, 0xFF, 0x8A,
    0xF6, 0x89, 0xDE, 0x7F, 0x8D, 0x07, 0xAB, 0xC0, 0xA9, 0xE5, 0x4E, 0xC0, 0xFB, 0x0C, 0x95, 0x3C,
    0x7F, 0xE5, 0x96, 0xC5, 0xF8, 0x36, 0xB3, 0x24, 0xF6, 0xF6, 0x77, 0x96, 0x5B, 0x4A, 0xC3, 0x86,
    0x03, 0xB7, 0x09, 0x6A, 0x91, 0xDC, 0x73, 0x29, 0x52, 0x41, 0xAD, 0x7F, 0xDB, 0xD7, 0xF1, 0xDB,
    0xBE, 0x0E, 0x76, 0xF7, 0x55, 0x77, 0x76, 0xF2, 0xF7, 0xEF, 0xEF, 0x5F, 0xF0, 0x30, 0x4E, 0xDF,
    0x76, 0x7D, 0xAA, 0xC9, 0x5D, 0x37, 0x6E, 0xFD, 0x03, 0xA9, 0x27, 0x80, 0xC0, 0xBD, 0x83, 0x76,
    0x9E, 0x56, 0xD6, 0xF6, 0xC5, 0x03, 0x71, 0xF6, 0xAA, 0x97, 0x3D, 0x3A, 0xFB, 0xED, 0xFD, 0x8F,
    0xEA, 0x60, 0xDA, 0xDC, 0xFD, 0x50, 0xF4, 0x6F, 0x3B, 0x3E, 0xFC, 0x6F, 0xE3, 0xD3, 0x7E, 0xFF,
    0xB7, 0x7D, 0x1D, 0xD1, 0x3F, 0xB7, 0x4D, 0x1C, 0x57, 0x9B, 0x60, 0x1C, 0x1D, 0x68, 0x9E, 0xF9,
    0x0A, 0xD5, 0x1F, 0x67, 0xFA, 0xF0, 0x5F, 0x92, 0x4E, 0x1D, 0xA4, 0xF5, 0xA6, 0x59, 0x3F, 0xC5,
    0xCA, 0x00, 0xAC, 0xFC, 0x3F, 0xDB, 0xD3, 0x65, 0x3F, 0x80, 0xF6, 0xF6, 0xEE, 0xF9, 0xB3, 0xD6,
    0x67, 0xBB, 0x43, 0xA1, 0x7E, 0x82, 0xF1, 0x69, 0xFB, 0x6F, 0xFF, 0x75, 0x04, 0xFF, 0xDC, 0xDF,
    0xAF, 0xA3, 0xD8, 0x7A, 0x61, 0x50, 0xB7, 0xBE, 0xFF, 0x03, 0x85, 0x8F, 0xC1, 0x09, 0x43, 0x41,
    0x08, 0x44, 0x05, 0xAF, 0x82, 0xAD, 0x08, 0xB9, 0x0A, 0xB6, 0x6E, 0x01, 0x81, 0xB4, 0xF2, 0x0B,
    0x10, 0x36, 0x13, 0x4D, 0xBC, 0x85, 0xFF, 0xDE, 0x80, 0xCC, 0xEA, 0x65, 0xA9, 0xE1, 0x97, 0xD8,
    0xC7, 0xA8, 0x99, 0x63, 0xAF, 0x4E, 0x30, 0x72, 0x91, 0x26, 0x9D, 0x2A, 0x44, 0xB3, 0xD0, 0x37,
    0xE8, 0x93, 0xDF, 0x65, 0xA0, 0xDD, 0x5C, 0x36, 0xEC, 0xF2, 0x94, 0x94, 0x8C, 0xC2, 0x5C, 0x69,
    0xE1, 0xEF, 0xFB, 0xBF, 0xBD, 0xA6, 0xB5, 0x8F, 0xB2, 0x5C, 0x9D, 0x16, 0xBE, 0xE6, 0x17, 0xEA,
    0x06, 0xC4, 0x18, 0xBA, 0x10, 0x78, 0x03, 0x63, 0x00, 0x03, 0xFB, 0x3F, 0x36, 0x36, 0xC6, 0x67,
    0x8C, 0xCF, 0xD8, 0x9F, 0xB1, 0xB7, 0x01, 0xC2, 0x3F, 0x10, 0x12, 0x24, 0x03, 0x00,
};

static const EpdGlyph helvetica_9_bolditalicGlyphs[] = {
    { 13, 13, 208, 0, 13, 43, 0 }, // U+0000
    { 16, 16, 256, 0, 14, 64, 43 }, // U+0001
    { 16, 16, 256, 0, 14, 64, 107 }, // U+0002
    { 16, 16, 256, 0, 14, 64, 171 }, // U+0003
    { 16, 16, 256, 0, 14, 64, 235 }, // U+0004
    { 16, 16, 256, 0, 14, 64, 299 }, // U+0005
    { 16, 16, 256, 0, 14, 64, 363 }, // U+0006
    { 16, 16, 256, 0, 14, 64, 427 }, // U+0007
    { 16, 16, 256, 0, 14, 64, 491 }, // U+0008
    { 16, 16, 256, 0, 14, 64, 555 }, // U+0009
    { 16, 16, 256, 0, 14, 64, 619 }, // U+000A
    { 16, 16, 256, 0, 14, 64, 683 }, // U+000B
    { 16, 16, 256, 0, 14, 64, 747 }, // U+000C
    { 16, 16, 256, 0, 14, 64, 811 }, // U+000D
    { 16, 16, 256, 0, 14, 64, 875 }, // U+000E
    { 16, 16, 256, 0, 14, 64, 939 }, // U+000F
    { 16, 16, 256, 0, 14, 64, 1003 }, // U+0010
    { 16, 16, 256, 0, 14, 64, 1067 }, // U+0011
    { 16, 16, 256, 0, 14, 64, 1131 }, // U+0012
    { 16, 16, 256, 0, 14, 64, 1195 }, // U+0013
    { 16, 16, 256, 0, 14, 64, 1259 }, // U+0014
    { 16, 16, 256, 0, 14, 64, 1323 }, // U+0015
    { 16, 16, 256, 0, 14, 64, 1387 }, // U+0016
    { 16, 16, 256, 0, 14, 64, 1451 }, // U+0017
    { 16, 16, 256, 0, 14, 64, 1515 }, // U+0018
    { 16, 16, 256, 0, 14, 64, 1579 }, // U+0019
    { 16, 16, 256, 0, 14, 64, 1643 }, // U+001A
    { 16, 16, 256, 0, 14, 64, 1707 }, // U+001B
    { 16, 16, 256, 0, 14, 64, 1771 }, // U+001C
    { 16, 16, 256, 0, 14, 64, 1835 }, // U+001D
    { 16, 16, 256, 0, 14, 64, 1899 }, // U+001E
    { 16, 16, 256, 0, 14, 64, 1963 }, // U+001F
    { 1, 1, 80, 0, 1, 1, 2027 }, // U+0020
    { 7, 14, 112, 1, 14, 25, 2028 }, // !
    { 7, 5, 144, 3, 14, 9, 2053 }, // "
    { 12, 13, 192, 1, 13, 39, 2062 }, // #
    { 10, 16, 160, 1, 14, 40, 2101 }, // $
    { 12, 13, 256, 3, 13, 39, 2141 }, // %
    { 12, 13, 224, 1, 13, 39, 2180 }, // &
    { 3, 5, 80, 3, 14, 4, 2219 }, // '
    { 8, 18, 112, 1, 14, 36, 2223 }, // (
    { 8, 18, 128, -1, 14, 36, 2259 }, // )
    { 6, 6, 144, 3, 14, 9, 2295 }, // *
    { 9, 8, 176, 1, 9, 18, 2304 }, // +
    { 3, 5, 80, 0, 3, 4, 2322 }, // ,
    { 5, 2, 96, 1, 6, 3, 2326 }, // -
    { 2, 3, 80, 1, 3, 2, 2329 }, // .
    { 8, 14, 80, 0, 14, 28, 2331 }, // /
    { 10, 13, 160, 1, 13, 33, 2359 }, // 0
    { 7, 13, 160, 3, 13, 23, 2392 }, // 1
    { 11, 13, 160, 0, 13, 36, 2415 }, // 2
    { 10, 13, 160, 1, 13, 33, 2451 }, // 3
    { 10, 13, 160, 1, 13, 33, 2484 }, // 4
    { 10, 13, 160, 1, 13, 33, 2517 }, // 5
    { 10, 13, 160, 1, 13, 33, 2550 }, // 6
    { 10, 13, 160, 1, 13, 33, 2583 }, // 7
    { 10, 13, 160, 1, 13, 33, 2616 }, // 8
    { 10, 13, 160, 1, 13, 33, 2649 }, // 9
    { 4, 10, 96, 1, 10, 10, 2682 }, // :
    { 5, 12, 96, 0, 10, 15, 2692 }, // ;
    { 9, 7, 176, 2, 9, 16, 2707 }, // <
    { 9, 5, 176, 1, 8, 12, 2723 }, // =
    { 9, 7, 176, 1, 9, 16, 2735 }, // >
    { 9, 14, 176, 3, 14, 32, 2751 }, // ?
    { 16, 17, 288, 2, 14, 68, 2783 }, // @
    { 12, 14, 208, 0, 14, 42, 2851 }, // A
    { 12, 14, 208, 0, 14, 42, 2893 }, // B
    { 13, 14, 224, 1, 14, 46, 2935 }, // C
    { 14, 14, 224, 0, 14, 49, 2981 }, // D
    { 13, 14, 192, 0, 14, 46, 3030 }, // E
    { 13, 14, 176, 0, 14, 46, 3076 }, // F
    { 13, 14, 224, 1, 14, 46, 3122 }, // G
    { 14, 14, 208, 0, 14, 49, 3168 }, // H
    { 6, 14, 80, 0, 14, 21, 3217 }, // I
    { 11, 14, 160, 0, 14, 39, 3238 }, // J
    { 15, 14, 224, 0, 14, 53, 3277 }, // K
    { 9, 14, 160, 0, 14, 32, 3330 }, // L
    { 18, 14, 272, 0, 14, 63, 3362 }, // M
    { 15, 14, 224, 0, 14, 53, 3425 }, // N
    { 14, 14, 240, 1, 14, 49, 3478 }, // O
    { 13, 14, 192, 0, 14, 46, 3527 }, // P
    { 15, 14, 256, 1, 14, 53, 3573 }, // Q
    { 13, 14, 208, 0, 14, 46, 3626 }, // R
    { 11, 14, 192, 1, 14, 39, 3672 }, // S
    { 11, 14, 176, 2, 14, 39, 3711 }, // T
    { 13, 14, 208, 1, 14, 46, 3750 }, // U
    { 11, 14, 208, 3, 14, 39, 3796 }, // V
    { 17, 14, 288, 2, 14, 60, 3835 }, // W
    { 15, 14, 192, -1, 14, 53, 3895 }, // X
    { 11, 14, 208, 3, 14, 39, 3948 }, // Y
    { 13, 14, 176, -1, 14, 46, 3987 }, // Z
    { 9, 18, 96, -1, 14, 41, 4033 }, // [
    { 3, 14, 80, 2, 14, 11, 4074 }, // <backslash>
    { 9, 18, 96, -2, 14, 41, 4085 }, // ]
    { 9, 7, 176, 2, 13, 16, 4126 }, // ^
    { 10, 2, 160, -1, -2, 5, 4142 }, // _
    { 5, 3, 80, 3, 14, 4, 4147 }, // `
    { 9, 10, 160, 0, 10, 23, 4151 }, // a
    { 11, 14, 176, 0, 14, 39, 4174 }, // b
    { 10, 10, 160, 0, 10, 25, 4213 }, // c
    { 12, 14, 176, 0, 14, 42, 4238 }, // d
    { 10, 10, 160, 0, 10, 25, 4280 }, // e
    { 8, 14, 112, 1, 14, 28, 4305 }, // f
    { 11, 14, 176, 0, 10, 39, 4333 }, // g
    { 11, 14, 176, 0, 14, 39, 4372 }, // h
    { 6, 14, 80, 0, 14, 21, 4411 }, // i
    { 9, 18, 80, -3, 14, 41, 4432 }, // j
    { 10, 14, 160, 0, 14, 35, 4473 }, // k
    { 6, 14, 80, 0, 14, 21, 4508 }, // l
    { 15, 10, 240, 0, 10, 38, 4529 }, // m
    { 11, 10, 176, 0, 10, 28, 4567 }, // n
    { 10, 10, 160, 0, 10, 25, 4595 }, // o
    { 12, 14, 176, -1, 10, 42, 4620 }, // p
    { 11, 14, 176, 0, 10, 39, 4662 }, // q
    { 8, 10, 112, 0, 10, 20, 4701 }, // r
    { 10, 10, 160, 0, 10, 25, 4721 }, // s
    { 7, 13, 112, 1, 13, 23, 4746 }, // t
    { 11, 10, 176, 0, 10, 28, 4769 }, // u
    { 9, 10, 144, 1, 10, 23, 4797 }, // v
    { 13, 10, 224, 1, 10, 33, 4820 }, // w
    { 10, 10, 160, 0, 10, 25, 4853 }, // x
    { 10, 14, 144, 0, 10, 35, 4878 }, // y
    { 10, 10, 144, 0, 10, 25, 4913 }, // z
    { 7, 18, 128, 1, 14, 32, 4938 }, // {
    { 6, 18, 80, 0, 14, 27, 4970 }, // |
    { 7, 18, 144, 1, 14, 32, 4997 }, // }
    { 9, 3, 176, 1, 7, 7, 5029 }, // ~
    { 16, 16, 256, 0, 14, 64, 5036 }, // U+007F
    { 16, 16, 256, 0, 14, 64, 0 }, // U+0080
    { 16, 16, 256, 0, 14, 64, 64 }, // U+0081
    { 16, 16, 256, 0, 14, 64, 128 }, // U+0082
    { 16, 16, 256, 0, 14, 64, 192 }, // U+0083
    { 16, 16, 256, 0, 14, 64, 256 }, // U+0084
    { 16, 16, 256, 0, 14, 64, 320 }, // U+0085
    { 16, 16, 256, 0, 14, 64, 384 }, // U+0086
    { 16, 16, 256, 0, 14, 64, 448 }, // U+0087
    { 16, 16, 256, 0, 14, 64, 512 }, // U+0088
    { 16, 16, 256, 0, 14, 64, 576 }, // U+0089
    { 16, 16, 256, 0, 14, 64, 640 }, // U+008A
    { 16, 16, 256, 0, 14, 64, 704 }, // U+008B
    { 16, 16, 256, 0, 14, 64, 768 }, // U+008C
    { 16, 16, 256, 0, 14, 64, 832 }, // U+008D
    { 16, 16, 256, 0, 14, 64, 896 }, // U+008E
    { 16, 16, 256, 0, 14, 64, 960 }, // U+008F
    { 16, 16, 256, 0, 14, 64, 1024 }, // U+0090
    { 16, 16, 256, 0, 14, 64, 1088 }, // U+0091
    { 16, 16, 256, 0, 14, 64, 1152 }, // U+0092
    { 16, 16, 256, 0, 14, 64, 1216 }, // U+0093
    { 16, 16, 256, 0, 14, 64, 1280 }, // U+0094
    { 16, 16, 256, 0, 14, 64, 1344 }, // U+0095
    { 16, 16, 256, 0, 14, 64, 1408 }, // U+0096
    { 16, 16, 256, 0, 14, 64, 1472 }, // U+0097
    { 16, 16, 256, 0, 14, 64, 1536 }, // U+0098
    { 16, 16, 256, 0, 14, 64, 1600 }, // U+0099
    { 16, 16, 256, 0, 14, 64, 1664 }, // U+009A
    { 16, 16, 256, 0, 14, 64, 1728 }, // U+009B
    { 16, 16, 256, 0, 14, 64, 1792 }, // U+009C
    { 16, 16, 256, 0, 14, 64, 1856 }, // U+009D
    { 16, 16, 256, 0, 14, 64, 1920 }, // U+009E
    { 16, 16, 256, 0, 14, 64, 1984 }, // U+009F
    { 1, 1, 80, 0, 1, 1, 2048 }, // U+00A0
    { 6, 14, 112, 0, 10, 21, 2049 }, // U+00A1
    { 10, 12, 192, 1, 11, 30, 2070 }, // U+00A2
    { 11, 13, 176, 0, 13, 36, 2100 }, // U+00A3
    { 9, 8, 176, 1, 10, 18, 2136 }, // U+00A4
    { 11, 13, 160, 1, 13, 36, 2154 }, // U+00A5
    { 5, 17, 80, 0, 14, 22, 2190 }, // U+00A6
    { 11, 18, 160, 0, 14, 50, 2212 }, // U+00A7
    { 6, 2, 112, 2, 13, 3, 2262 }, // U+00A8
    { 15, 14, 240, 1, 14, 53, 2265 }, // U+00A9
    { 7, 9, 128, 2, 14, 16, 2318 }, // U+00AA
    { 11, 5, 224, 2, 8, 14, 2334 }, // U+00AB
    { 9, 5, 176, 2, 8, 12, 2348 }, // U+00AC
    { 5, 2, 96, 1, 6, 3, 2360 }, // U+00AD
    { 14, 14, 240, 1, 14, 49, 2363 }, // U+00AE
    { 5, 2, 112, 3, 13, 3, 2412 }, // U+00AF
    { 6, 6, 112, 1, 13, 9, 2415 }, // U+00B0
    { 10, 9, 176, 0, 9, 23, 2424 }, // U+00B1
    { 6, 8, 96, 1, 13, 12, 2447 }, // U+00B2
    { 7, 8, 96, 0, 13, 14, 2459 }, // U+00B3
    { 5, 3, 80, 2, 14, 4, 2473 }, // U+00B4
    { 13, 14, 176, -2, 10, 46, 2477 }, // U+00B5
    { 10, 18, 160, 2, 14, 45, 2523 }, // U+00B6
    { 2, 2, 64, 1, 6, 1, 2568 }, // U+00B7
    { 5, 5, 112, 0, 0, 7, 2569 }, // U+00B8
    { 4, 8, 96, 2, 13, 8, 2576 }, // U+00B9
    { 7, 9, 128, 2, 14, 16, 2584 }, // U+00BA
    { 11, 5, 224, 2, 8, 14, 2600 }, // U+00BB
    { 12, 13, 240, 2, 13, 39, 2614 }, // U+00BC
    { 12, 13, 240, 2, 13, 39, 2653 }, // U+00BD
    { 14, 13, 240, 1, 13, 46, 2692 }, // U+00BE
    { 9, 14, 176, 0, 10, 32, 2738 }, // U+00BF
    { 12, 18, 208, 0, 18, 54, 2770 }, // U+00C0
    { 13, 18, 208, 0, 18, 59, 2824 }, // U+00C1
    { 13, 18, 208, 0, 18, 59, 2883 }, // U+00C2
    { 14, 18, 208, 0, 18, 63, 2942 }, // U+00C3
    { 12, 18, 208, 0, 18, 54, 3005 }, // U+00C4
    { 12, 18, 208, 0, 18, 54, 3059 }, // U+00C5
    { 20, 14, 304, 0, 14, 70, 3113 }, // U+00C6
    { 13, 19, 224, 1, 14, 62, 3183 }, // U+00C7
    { 13, 18, 192, 0, 18, 59, 3245 }, // U+00C8
    { 13, 18, 192, 0, 18, 59, 3304 }, // U+00C9
    { 13, 18, 192, 0, 18, 59, 3363 }, // U+00CA
    { 13, 18, 192, 0, 18, 59, 3422 }, // U+00CB
    { 6, 18, 80, 0, 18, 27, 3481 }, // U+00CC
    { 8, 18, 80, 0, 18, 36, 3508 }, // U+00CD
    { 9, 18, 80, 0, 18, 41, 3544 }, // U+00CE
    { 8, 18, 80, 0, 18, 36, 3585 }, // U+00CF
    { 14, 14, 224, 0, 14, 49, 3621 }, // U+00D0
    { 15, 18, 224, 0, 18, 68, 3670 }, // U+00D1
    { 14, 18, 240, 1, 18, 63, 3738 }, // U+00D2
    { 14, 18, 240, 1, 18, 63, 3801 }, // U+00D3
    { 14, 18, 240, 1, 18, 63, 3864 }, // U+00D4
    { 14, 18, 240, 1, 18, 63, 3927 }, // U+00D5
    { 14, 18, 240, 1, 18, 63, 3990 }, // U+00D6
    { 9, 8, 176, 1, 9, 18, 4053 }, // U+00D7
    { 14, 14, 256, 1, 14, 49, 4071 }, // U+00D8
    { 13, 18, 208, 1, 18, 59, 4120 }, // U+00D9
    { 13, 18, 208, 1, 18, 59, 4179 }, // U+00DA
    { 13, 18, 208, 1, 18, 59, 4238 }, // U+00DB
    { 13, 18, 208, 1, 18, 59, 4297 }, // U+00DC
    { 11, 18, 208, 3, 18, 50, 4356 }, // U+00DD
    { 12, 14, 192, 0, 14, 42, 4406 }, // U+00DE
    { 10, 14, 160, 0, 14, 35, 4448 }, // U+00DF
    { 9, 14, 160, 0, 14, 32, 4483 }, // U+00E0
    { 9, 14, 160, 0, 14, 32, 4515 }, // U+00E1
    { 9, 14, 160, 0, 14, 32, 4547 }, // U+00E2
    { 10, 14, 160, 0, 14, 35, 4579 }, // U+00E3
    { 9, 13, 160, 0, 13, 30, 4614 }, // U+00E4
    { 9, 14, 160, 0, 14, 32, 4644 }, // U+00E5
    { 15, 10, 240, 0, 10, 38, 4676 }, // U+00E6
    { 9, 15, 144, 0, 10, 34, 4714 }, // U+00E7
    { 10, 14, 160, 0, 14, 35, 4748 }, // U+00E8
    { 10, 14, 160, 0, 14, 35, 4783 }, // U+00E9
    { 10, 14, 160, 0, 14, 35, 4818 }, // U+00EA
    { 10, 13, 160, 0, 13, 33, 4853 }, // U+00EB
    { 5, 14, 80, 0, 14, 18, 4886 }, // U+00EC
    { 7, 14, 80, 0, 14, 25, 4904 }, // U+00ED
    { 7, 14, 80, 0, 14, 25, 4929 }, // U+00EE
    { 7, 13, 80, 0, 13, 23, 4954 }, // U+00EF
    { 10, 14, 160, 0, 14, 35, 4977 }, // U+00F0
    { 11, 14, 176, 0, 14, 39, 5012 }, // U+00F1
    { 10, 14, 176, 1, 14, 35, 5051 }, // U+00F2
    { 10, 14, 176, 1, 14, 35, 5086 }, // U+00F3
    { 10, 14, 176, 1, 14, 35, 5121 }, // U+00F4
    { 10, 14, 176, 1, 14, 35, 5156 }, // U+00F5
    { 10, 13, 176, 1, 13, 33, 5191 }, // U+00F6
    { 9, 8, 176, 1, 9, 18, 5224 }, // U+00F7
    { 12, 10, 160, -1, 10, 30, 5242 }, // U+00F8
    { 11, 14, 176, 0, 14, 39, 5272 }, // U+00F9
    { 11, 14, 176, 0, 14, 39, 5311 }, // U+00FA
    { 11, 14, 176, 0, 14, 39, 5350 }, // U+00FB
    { 11, 13, 176, 0, 13, 36, 5389 }, // U+00FC
    { 10, 18, 144, 0, 14, 45, 5425 }, // U+00FD
    { 12, 18, 176, -1, 14, 54, 5470 }, // U+00FE
    { 10, 17, 144, 0, 13, 43, 5524 }, // U+00FF
    { 12, 17, 208, 0, 17, 51, 0 }, // U+0100
    { 9, 13, 160, 0, 13, 30, 51 }, // U+0101
    { 12, 18, 208, 0, 18, 54, 81 }, // U+0102
    { 9, 14, 160, 0, 14, 32, 135 }, // U+0103
    { 12, 19, 208, 0, 14, 57, 167 }, // U+0104
    { 9, 15, 160, 0, 10, 34, 224 }, // U+0105
    { 13, 18, 224, 1, 18, 59, 258 }, // U+0106
    { 10, 14, 160, 0, 14, 35, 317 }, // U+0107
    { 13, 18, 224, 1, 18, 59, 352 }, // U+0108
    { 10, 14, 160, 0, 14, 35, 411 }, // U+0109
    { 13, 17, 224, 1, 17, 56, 446 }, // U+010A
    { 10, 13, 160, 0, 13, 33, 502 }, // U+010B
    { 13, 18, 224, 1, 18, 59, 535 }, // U+010C
    { 10, 14, 160, 0, 14, 35, 594 }, // U+010D
    { 14, 18, 224, 0, 18, 63, 629 }, // U+010E
    { 16, 14, 256, 0, 14, 56, 692 }, // U+010F
    { 14, 14, 224, 0, 14, 49, 748 }, // U+0110
    { 12, 14, 176, 0, 14, 42, 797 }, // U+0111
    { 13, 17, 192, 0, 17, 56, 839 }, // U+0112
    { 10, 13, 160, 0, 13, 33, 895 }, // U+0113
    { 13, 18, 192, 0, 18, 59, 928 }, // U+0114
    { 10, 14, 160, 0, 14, 35, 987 }, // U+0115
    { 13, 17, 192, 0, 17, 56, 1022 }, // U+0116
    { 10, 13, 160, 0, 13, 33, 1078 }, // U+0117
    { 13, 19, 192, 0, 14, 62, 1111 }, // U+0118
    { 10, 15, 160, 0, 10, 38, 1173 }, // U+0119
    { 13, 18, 192, 0, 18, 59, 1211 }, // U+011A
    { 10, 14, 160, 0, 14, 35, 1270 }, // U+011B
    { 13, 18, 224, 1, 18, 59, 1305 }, // U+011C
    { 11, 18, 176, 0, 14, 50, 1364 }, // U+011D
    { 13, 18, 224, 1, 18, 59, 1414 }, // U+011E
    { 11, 18, 176, 0, 14, 50, 1473 }, // U+011F
    { 13, 17, 224, 1, 17, 56, 1523 }, // U+0120
    { 11, 17, 176, 0, 13, 47, 1579 }, // U+0121
    { 13, 20, 224, 1, 14, 65, 1626 }, // U+0122
    { 11, 20, 176, 0, 16, 55, 1691 }, // U+0123
    { 14, 18, 208, 0, 18, 63, 1746 }, // U+0124
    { 11, 18, 176, 0, 18, 50, 1809 }, // U+0125
    { 14, 14, 208, 0, 14, 49, 1859 }, // U+0126
    { 11, 14, 176, 0, 14, 39, 1908 }, // U+0127
    { 8, 18, 80, 0, 18, 36, 1947 }, // U+0128
    { 7, 14, 80, 0, 14, 25, 1983 }, // U+0129
    { 6, 17, 80, 0, 17, 26, 2008 }, // U+012A
    { 6, 13, 80, 0, 13, 20, 2034 }, // U+012B
    { 7, 18, 80, 0, 18, 32, 2054 }, // U+012C
    { 7, 14, 80, 0, 14, 25, 2086 }, // U+012D
    { 7, 19, 80, -1, 14, 34, 2111 }, // U+012E
    { 7, 19, 80, -1, 14, 34, 2145 }, // U+012F
    { 6, 17, 80, 0, 17, 26, 2179 }, // U+0130
    { 5, 10, 80, 0, 10, 13, 2205 }, // U+0131
    { 16, 14, 240, 0, 14, 56, 2218 }, // U+0132
    { 11, 18, 160, 0, 14, 50, 2274 }, // U+0133
    { 12, 18, 160, 0, 18, 54, 2324 }, // U+0134
    { 9, 18, 80, -3, 14, 41, 2378 }, // U+0135
    { 15, 20, 224, 0, 14, 75, 2419 }, // U+0136
    { 10, 20, 160, 0, 14, 50, 2494 }, // U+0137
    { 10, 10, 160, 0, 10, 25, 2544 }, // U+0138
    { 9, 18, 160, 0, 18, 41, 2569 }, // U+0139
    { 7, 18, 80, 0, 18, 32, 2610 }, // U+013A
    { 9, 20, 160, 0, 14, 45, 2642 }, // U+013B
    { 6, 20, 80, 0, 14, 30, 2687 }, // U+013C
    { 16, 14, 256, 0, 14, 56, 2717 }, // U+013D
    { 11, 14, 176, 0, 14, 39, 2773 }, // U+013E
    { 13, 14, 224, 0, 14, 46, 2812 }, // U+013F
    { 8, 14, 144, 0, 14, 28, 2858 }, // U+0140
    { 9, 14, 160, 0, 14, 32, 2886 }, // U+0141
    { 6, 14, 80, 0, 14, 21, 2918 }, // U+0142
    { 15, 18, 224, 0, 18, 68, 2939 }, // U+0143
    { 11, 14, 176, 0, 14, 39, 3007 }, // U+0144
    { 15, 20, 224, 0, 14, 75, 3046 }, // U+0145
    { 11, 16, 176, 0, 10, 44, 3121 }, // U+0146
    { 15, 18, 224, 0, 18, 68, 3165 }, // U+0147
    { 11, 14, 176, 0, 14, 39, 3233 }, // U+0148
    { 15, 14, 272, 2, 14, 53, 3272 }, // U+0149
    { 15, 18, 224, 0, 14, 68, 3325 }, // U+014A
    { 11, 14, 176, 0, 10, 39, 3393 }, // U+014B
    { 14, 17, 240, 1, 17, 60, 3432 }, // U+014C
    { 10, 13, 160, 0, 13, 33, 3492 }, // U+014D
    { 14, 18, 240, 1, 18, 63, 3525 }, // U+014E
    { 10, 14, 160, 0, 14, 35, 3588 }, // U+014F
    { 14, 18, 240, 1, 18, 63, 3623 }, // U+0150
    { 10, 14, 160, 0, 14, 35, 3686 }, // U+0151
    { 19, 14, 288, 1, 14, 67, 3721 }, // U+0152
    { 16, 10, 256, 0, 10, 40, 3788 }, // U+0153
    { 13, 18, 208, 0, 18, 59, 3828 }, // U+0154
    { 8, 14, 112, 0, 14, 28, 3887 }, // U+0155
    { 13, 20, 208, 0, 14, 65, 3915 }, // U+0156
    { 8, 16, 112, 0, 10, 32, 3980 }, // U+0157
    { 13, 18, 208, 0, 18, 59, 4012 }, // U+0158
    { 8, 14, 112, 0, 14, 28, 4071 }, // U+0159
    { 11, 18, 192, 1, 18, 50, 4099 }, // U+015A
    { 10, 14, 160, 0, 14, 35, 4149 }, // U+015B
    { 11, 18, 192, 1, 18, 50, 4184 }, // U+015C
    { 10, 14, 160, 0, 14, 35, 4234 }, // U+015D
    { 11, 19, 192, 1, 14, 53, 4269 }, // U+015E
    { 10, 15, 160, 0, 10, 38, 4322 }, // U+015F
    { 11, 14, 192, 1, 14, 39, 4360 }, // U+0160
    { 10, 14, 160, 0, 14, 35, 4399 }, // U+0161
    { 11, 19, 176, 2, 14, 53, 4434 }, // U+0162
    { 8, 18, 112, 0, 13, 36, 4487 }, // U+0163
    { 11, 18, 176, 2, 18, 50, 4523 }, // U+0164
    { 12, 14, 208, 1, 14, 42, 4573 }, // U+0165
    { 11, 14, 176, 2, 14, 39, 4615 }, // U+0166
    { 7, 13, 112, 1, 13, 23, 4654 }, // U+0167
    { 13, 18, 208, 1, 18, 59, 4677 }, // U+0168
    { 11, 14, 176, 0, 14, 39, 4736 }, // U+0169
    { 13, 17, 208, 1, 17, 56, 4775 }, // U+016A
    { 11, 13, 176, 0, 13, 36, 4831 }, // U+016B
    { 13, 18, 208, 1, 18, 59, 4867 }, // U+016C
    { 11, 14, 176, 0, 14, 39, 4926 }, // U+016D
    { 13, 19, 208, 1, 19, 62, 4965 }, // U+016E
    { 11, 15, 176, 0, 15, 42, 5027 }, // U+016F
    { 13, 18, 208, 1, 18, 59, 5069 }, // U+0170
    { 11, 14, 176, 0, 14, 39, 5128 }, // U+0171
    { 13, 19, 208, 1, 14, 62, 5167 }, // U+0172
    { 11, 15, 176, 0, 10, 42, 5229 }, // U+0173
    { 17, 18, 288, 2, 18, 77, 5271 }, // U+0174
    { 13, 14, 224, 1, 14, 46, 5348 }, // U+0175
    { 11, 18, 208, 3, 18, 50, 5394 }, // U+0176
    { 10, 18, 144, 0, 14, 45, 5444 }, // U+0177
    { 10, 13, 208, 3, 13, 33, 5489 }, // U+0178
    { 13, 18, 176, -1, 18, 59, 5522 }, // U+0179
    { 10, 14, 144, 0, 14, 35, 5581 }, // U+017A
    { 13, 17, 176, -1, 17, 56, 5616 }, // U+017B
    { 10, 13, 144, 0, 13, 33, 5672 }, // U+017C
    { 12, 14, 176, 0, 14, 42, 5705 }, // U+017D
    { 10, 14, 144, 0, 14, 35, 5747 }, // U+017E
    { 8, 16, 128, 0, 14, 32, 5782 }, // U+017F
    { 17, 14, 240, 1, 14, 60, 0 }, // U+01A0
    { 13, 10, 160, 0, 10, 33, 60 }, // U+01A1
    { 16, 14, 208, 1, 14, 56, 93 }, // U+01AF
    { 14, 10, 176, 0, 10, 35, 149 }, // U+01B0
    { 8, 16, 128, 0, 14, 32, 184 }, // U+01C4
    { 8, 16, 128, 0, 14, 32, 216 }, // U+01C5
    { 8, 16, 128, 0, 14, 32, 248 }, // U+01C6
    { 8, 16, 128, 0, 14, 32, 280 }, // U+01C7
    { 8, 16, 128, 0, 14, 32, 312 }, // U+01C8
    { 8, 16, 128, 0, 14, 32, 344 }, // U+01C9
    { 8, 16, 128, 0, 14, 32, 376 }, // U+01CA
    { 8, 16, 128, 0, 14, 32, 408 }, // U+01CB
    { 8, 16, 128, 0, 14, 32, 440 }, // U+01CC
    { 12, 18, 208, 0, 18, 54, 472 }, // U+01CD
    { 9, 14, 160, 0, 14, 32, 526 }, // U+01CE
    { 7, 18, 80, 0, 18, 32, 558 }, // U+01CF
    { 7, 14, 80, 0, 14, 25, 590 }, // U+01D0
    { 14, 18, 240, 1, 18, 63, 615 }, // U+01D1
    { 10, 14, 160, 0, 14, 35, 678 }, // U+01D2
    { 13, 18, 208, 1, 18, 59, 713 }, // U+01D3
    { 11, 14, 176, 0, 14, 39, 772 }, // U+01D4
    { 13, 21, 208, 1, 21, 69, 811 }, // U+01D5
    { 11, 16, 176, 0, 16, 44, 880 }, // U+01D6
    { 13, 22, 208, 1, 22, 72, 924 }, // U+01D7
    { 11, 17, 176, 0, 17, 47, 996 }, // U+01D8
    { 13, 22, 208, 1, 22, 72, 1043 }, // U+01D9
    { 11, 17, 176, 0, 17, 47, 1115 }, // U+01DA
    { 13, 22, 208, 1, 22, 72, 1162 }, // U+01DB
    { 11, 17, 176, 0, 17, 47, 1234 }, // U+01DC
    { 10, 10, 160, 0, 10, 25, 1281 }, // U+01DD
    { 12, 21, 208, 0, 21, 63, 1306 }, // U+01DE
    { 9, 16, 160, 0, 16, 36, 1369 }, // U+01DF
    { 12, 20, 208, 0, 20, 60, 1405 }, // U+01E0
    { 9, 16, 160, 0, 16, 36, 1465 }, // U+01E1
    { 20, 17, 304, 0, 17, 85, 1501 }, // U+01E2
    { 15, 13, 240, 0, 13, 49, 1586 }, // U+01E3
    { 14, 14, 224, 1, 14, 49, 1635 }, // U+01E4
    { 11, 14, 176, 0, 10, 39, 1684 }, // U+01E5
    { 13, 18, 224, 1, 18, 59, 1723 }, // U+01E6
    { 11, 18, 176, 0, 14, 50, 1782 }, // U+01E7
    { 15, 18, 224, 0, 18, 68, 1832 }, // U+01E8
    { 10, 18, 160, 0, 18, 45, 1900 }, // U+01E9
    { 14, 19, 240, 1, 14, 67, 1945 }, // U+01EA
    { 10, 15, 160, 0, 10, 38, 2012 }, // U+01EB
    { 14, 22, 240, 1, 17, 77, 2050 }, // U+01EC
    { 10, 18, 160, 0, 13, 45, 2127 }, // U+01ED
    { 8, 16, 128, 0, 14, 32, 2172 }, // U+01EE
    { 8, 16, 128, 0, 14, 32, 2204 }, // U+01EF
    { 9, 18, 80, -3, 14, 41, 2236 }, // U+01F0
    { 8, 16, 128, 0, 14, 32, 2277 }, // U+01F1
    { 8, 16, 128, 0, 14, 32, 2309 }, // U+01F2
    { 8, 16, 128, 0, 14, 32, 2341 }, // U+01F3
    { 13, 18, 224, 1, 18, 59, 2373 }, // U+01F4
    { 11, 18, 176, 0, 14, 50, 2432 }, // U+01F5
    { 8, 16, 128, 0, 14, 32, 2482 }, // U+01F6
    { 8, 16, 128, 0, 14, 32, 2514 }, // U+01F7
    { 15, 18, 224, 0, 18, 68, 2546 }, // U+01F8
    { 11, 14, 176, 0, 14, 39, 2614 }, // U+01F9
    { 12, 22, 208, 0, 22, 66, 2653 }, // U+01FA
    { 9, 18, 160, 0, 18, 41, 2719 }, // U+01FB
    { 20, 18, 304, 0, 18, 90, 2760 }, // U+01FC
    { 15, 14, 240, 0, 14, 53, 2850 }, // U+01FD
    { 14, 18, 256, 1, 18, 63, 2903 }, // U+01FE
    { 12, 14, 160, -1, 14, 42, 2966 }, // U+01FF
    { 8, 16, 128, 0, 14, 32, 3008 }, // U+0200
    { 8, 16, 128, 0, 14, 32, 3040 }, // U+0201
    { 8, 16, 128, 0, 14, 32, 3072 }, // U+0202
    { 8, 16, 128, 0, 14, 32, 3104 }, // U+0203
    { 8, 16, 128, 0, 14, 32, 3136 }, // U+0204
    { 8, 16, 128, 0, 14, 32, 3168 }, // U+0205
    { 8, 16, 128, 0, 14, 32, 3200 }, // U+0206
    { 8, 16, 128, 0, 14, 32, 3232 }, // U+0207
    { 8, 16, 128, 0, 14, 32, 3264 }, // U+0208
    { 8, 16, 128, 0, 14, 32, 3296 }, // U+0209
    { 8, 16, 128, 0, 14, 32, 3328 }, // U+020A
    { 8, 16, 128, 0, 14, 32, 3360 }, // U+020B
    { 8, 16, 128, 0, 14, 32, 3392 }, // U+020C
    { 8, 16, 128, 0, 14, 32, 3424 }, // U+020D
    { 8, 16, 128, 0, 14, 32, 3456 }, // U+020E
    { 8, 16, 128, 0, 14, 32, 3488 }, // U+020F
    { 8, 16, 128, 0, 14, 32, 3520 }, // U+0210
    { 8, 16, 128, 0, 14, 32, 3552 }, // U+0211
    { 8, 16, 128, 0, 14, 32, 3584 }, // U+0212
    { 8, 16, 128, 0, 14, 32, 3616 }, // U+0213
    { 8, 16, 128, 0, 14, 32, 3648 }, // U+0214
    { 8, 16, 128, 0, 14, 32, 3680 }, // U+0215
    { 8, 16, 128, 0, 14, 32, 3712 }, // U+0216
    { 8, 16, 128, 0, 14, 32, 3744 }, // U+0217
    { 11, 20, 192, 1, 14, 55, 3776 }, // U+0218
    { 10, 16, 160, 0, 10, 40, 3831 }, // U+0219
    { 11, 20, 176, 2, 14, 55, 3871 }, // U+021A
    { 7, 19, 112, 1, 13, 34, 3926 }, // U+021B
    { 8, 16, 128, 0, 14, 32, 3960 }, // U+021C
    { 8, 16, 128, 0, 14, 32, 3992 }, // U+021D
    { 14, 18, 208, 0, 18, 63, 4024 }, // U+021E
    { 11, 18, 176, 0, 18, 50, 4087 }, // U+021F
    { 8, 16, 128, 0, 14, 32, 0 }, // U+0300
    { 8, 16, 128, 0, 14, 32, 32 }, // U+0301
    { 8, 16, 128, 0, 14, 32, 64 }, // U+0302
    { 8, 16, 128, 0, 14, 32, 96 }, // U+0303
    { 8, 16, 128, 0, 14, 32, 128 }, // U+0304
    { 8, 16, 128, 0, 14, 32, 160 }, // U+0305
    { 8, 16, 128, 0, 14, 32, 192 }, // U+0306
    { 8, 16, 128, 0, 14, 32, 224 }, // U+0307
    { 8, 16, 128, 0, 14, 32, 256 }, // U+0308
    { 8, 16, 128, 0, 14, 32, 288 }, // U+0309
    { 8, 16, 128, 0, 14, 32, 320 }, // U+030A
    { 8, 16, 128, 0, 14, 32, 352 }, // U+030B
    { 8, 16, 128, 0, 14, 32, 384 }, // U+030C
    { 8, 16, 128, 0, 14, 32, 416 }, // U+030D
    { 8, 16, 128, 0, 14, 32, 448 }, // U+030E
    { 8, 16, 128, 0, 14, 32, 480 }, // U+030F
    { 8, 16, 128, 0, 14, 32, 512 }, // U+0310
    { 8, 16, 128, 0, 14, 32, 544 }, // U+0311
    { 8, 16, 128, 0, 14, 32, 576 }, // U+0312
    { 8, 16, 128, 0, 14, 32, 608 }, // U+0313
    { 8, 16, 128, 0, 14, 32, 640 }, // U+0314
    { 8, 16, 128, 0, 14, 32, 672 }, // U+0315
    { 8, 16, 128, 0, 14, 32, 704 }, // U+0316
    { 8, 16, 128, 0, 14, 32, 736 }, // U+0317
    { 8, 16, 128, 0, 14, 32, 768 }, // U+0318
    { 8, 16, 128, 0, 14, 32, 800 }, // U+0319
    { 8, 16, 128, 0, 14, 32, 832 }, // U+031A
    { 8, 16, 128, 0, 14, 32, 864 }, // U+031B
    { 8, 16, 128, 0, 14, 32, 896 }, // U+031C
    { 8, 16, 128, 0, 14, 32, 928 }, // U+031D
    { 8, 16, 128, 0, 14, 32, 960 }, // U+031E
    { 8, 16, 128, 0, 14, 32, 992 }, // U+031F
    { 8, 16, 128, 0, 14, 32, 1024 }, // U+0320
    { 8, 16, 128, 0, 14, 32, 1056 }, // U+0321
    { 8, 16, 128, 0, 14, 32, 1088 }, // U+0322
    { 8, 16, 128, 0, 14, 32, 1120 }, // U+0323
    { 8, 16, 128, 0, 14, 32, 1152 }, // U+0324
    { 8, 16, 128, 0, 14, 32, 1184 }, // U+0325
    { 8, 16, 128, 0, 14, 32, 1216 }, // U+0326
    { 8, 16, 128, 0, 14, 32, 1248 }, // U+0327
    { 8, 16, 128, 0, 14, 32, 1280 }, // U+0328
    { 8, 16, 128, 0, 14, 32, 1312 }, // U+0329
    { 8, 16, 128, 0, 14, 32, 1344 }, // U+032A
    { 8, 16, 128, 0, 14, 32, 1376 }, // U+032B
    { 8, 16, 128, 0, 14, 32, 1408 }, // U+032C
    { 8, 16, 128, 0, 14, 32, 1440 }, // U+032D
    { 8, 16, 128, 0, 14, 32, 1472 }, // U+032E
    { 8, 16, 128, 0, 14, 32, 1504 }, // U+032F
    { 8, 16, 128, 0, 14, 32, 1536 }, // U+0330
    { 8, 16, 128, 0, 14, 32, 1568 }, // U+0331
    { 8, 16, 128, 0, 14, 32, 1600 }, // U+0332
    { 8, 16, 128, 0, 14, 32, 1632 }, // U+0333
    { 8, 16, 128, 0, 14, 32, 1664 }, // U+0334
    { 8, 16, 128, 0, 14, 32, 1696 }, // U+0335
    { 8, 16, 128, 0, 14, 32, 1728 }, // U+0336
    { 8, 16, 128, 0, 14, 32, 1760 }, // U+0337
    { 8, 16, 128, 0, 14, 32, 1792 }, // U+0338
    { 8, 16, 128, 0, 14, 32, 1824 }, // U+0339
    { 8, 16, 128, 0, 14, 32, 1856 }, // U+033A
    { 8, 16, 128, 0, 14, 32, 1888 }, // U+033B
    { 8, 16, 128, 0, 14, 32, 1920 }, // U+033C
    { 8, 16, 128, 0, 14, 32, 1952 }, // U+033D
    { 8, 16, 128, 0, 14, 32, 1984 }, // U+033E
    { 8, 16, 128, 0, 14, 32, 2016 }, // U+033F
    { 8, 16, 128, 0, 14, 32, 2048 }, // U+0340
    { 8, 16, 128, 0, 14, 32, 2080 }, // U+0341
    { 8, 16, 128, 0, 14, 32, 2112 }, // U+0342
    { 8, 16, 128, 0, 14, 32, 2144 }, // U+0343
    { 8, 16, 128, 0, 14, 32, 2176 }, // U+0344
    { 8, 16, 128, 0, 14, 32, 2208 }, // U+0345
    { 8, 16, 128, 0, 14, 32, 2240 }, // U+0346
    { 8, 16, 128, 0, 14, 32, 2272 }, // U+0347
    { 8, 16, 128, 0, 14, 32, 2304 }, // U+0348
    { 8, 16, 128, 0, 14, 32, 2336 }, // U+0349
    { 8, 16, 128, 0, 14, 32, 2368 }, // U+034A
    { 8, 16, 128, 0, 14, 32, 2400 }, // U+034B
    { 8, 16, 128, 0, 14, 32, 2432 }, // U+034C
    { 8, 16, 128, 0, 14, 32, 2464 }, // U+034D
    { 8, 16, 128, 0, 14, 32, 2496 }, // U+034E
    { 16, 16, 256, 0, 14, 64, 2528 }, // U+034F
    { 8, 16, 128, 0, 14, 32, 2592 }, // U+0350
    { 8, 16, 128, 0, 14, 32, 2624 }, // U+0351
    { 8, 16, 128, 0, 14, 32, 2656 }, // U+0352
    { 8, 16, 128, 0, 14, 32, 2688 }, // U+0353
    { 8, 16, 128, 0, 14, 32, 2720 }, // U+0354
    { 8, 16, 128, 0, 14, 32, 2752 }, // U+0355
    { 8, 16, 128, 0, 14, 32, 2784 }, // U+0356
    { 8, 16, 128, 0, 14, 32, 2816 }, // U+0357
    { 8, 16, 128, 0, 14, 32, 2848 }, // U+0358
    { 8, 16, 128, 0, 14, 32, 2880 }, // U+0359
    { 8, 16, 128, 0, 14, 32, 2912 }, // U+035A
    { 8, 16, 128, 0, 14, 32, 2944 }, // U+035B
    { 16, 16, 256, 0, 14, 64, 2976 }, // U+035C
    { 16, 16, 256, 0, 14, 64, 3040 }, // U+035D
    { 16, 16, 256, 0, 14, 64, 3104 }, // U+035E
    { 16, 16, 256, 0, 14, 64, 3168 }, // U+035F
    { 16, 16, 256, 0, 14, 64, 3232 }, // U+0360
    { 16, 16, 256, 0, 14, 64, 3296 }, // U+0361
    { 16, 16, 256, 0, 14, 64, 3360 }, // U+0362
    { 8, 16, 128, 0, 14, 32, 3424 }, // U+0363
    { 8, 16, 128, 0, 14, 32, 3456 }, // U+0364
    { 8, 16, 128, 0, 14, 32, 3488 }, // U+0365
    { 8, 16, 128, 0, 14, 32, 3520 }, // U+0366
    { 8, 16, 128, 0, 14, 32, 3552 }, // U+0367
    { 8, 16, 128, 0, 14, 32, 3584 }, // U+0368
    { 8, 16, 128, 0, 14, 32, 3616 }, // U+0369
    { 8, 16, 128, 0, 14, 32, 3648 }, // U+036A
    { 8, 16, 128, 0, 14, 32, 3680 }, // U+036B
    { 8, 16, 128, 0, 14, 32, 3712 }, // U+036C
    { 8, 16, 128, 0, 14, 32, 3744 }, // U+036D
    { 8, 16, 128, 0, 14, 32, 3776 }, // U+036E
    { 8, 16, 128, 0, 14, 32, 3808 }, // U+036F
    { 8, 16, 128, 0, 14, 32, 0 }, // U+0400
    { 8, 16, 128, 0, 14, 32, 32 }, // U+0401
    { 8, 16, 128, 0, 14, 32, 64 }, // U+0402
    { 8, 16, 128, 0, 14, 32, 96 }, // U+0403
    { 8, 16, 128, 0, 14, 32, 128 }, // U+0404
    { 8, 16, 128, 0, 14, 32, 160 }, // U+0405
    { 8, 16, 128, 0, 14, 32, 192 }, // U+0406
    { 8, 16, 128, 0, 14, 32, 224 }, // U+0407
    { 8, 16, 128, 0, 14, 32, 256 }, // U+0408
    { 8, 16, 128, 0, 14, 32, 288 }, // U+0409
    { 8, 16, 128, 0, 14, 32, 320 }, // U+040A
    { 8, 16, 128, 0, 14, 32, 352 }, // U+040B
    { 8, 16, 128, 0, 14, 32, 384 }, // U+040C
    { 8, 16, 128, 0, 14, 32, 416 }, // U+040D
    { 8, 16, 128, 0, 14, 32, 448 }, // U+040E
    { 8, 16, 128, 0, 14, 32, 480 }, // U+040F
    { 8, 16, 128, 0, 14, 32, 512 }, // U+0410
    { 8, 16, 128, 0, 14, 32, 544 }, // U+0411
    { 8, 16, 128, 0, 14, 32, 576 }, // U+0412
    { 8, 16, 128, 0, 14, 32, 608 }, // U+0413
    { 8, 16, 128, 0, 14, 32, 640 }, // U+0414
    { 8, 16, 128, 0, 14, 32, 672 }, // U+0415
    { 8, 16, 128, 0, 14, 32, 704 }, // U+0416
    { 8, 16, 128, 0, 14, 32, 736 }, // U+0417
    { 8, 16, 128, 0, 14, 32, 768 }, // U+0418
    { 8, 16, 128, 0, 14, 32, 800 }, // U+0419
    { 8, 16, 128, 0, 14, 32, 832 }, // U+041A
    { 8, 16, 128, 0, 14, 32, 864 }, // U+041B
    { 8, 16, 128, 0, 14, 32, 896 }, // U+041C
    { 8, 16, 128, 0, 14, 32, 928 }, // U+041D
    { 8, 16, 128, 0, 14, 32, 960 }, // U+041E
    { 8, 16, 128, 0, 14, 32, 992 }, // U+041F
    { 8, 16, 128, 0, 14, 32, 1024 }, // U+0420
    { 8, 16, 128, 0, 14, 32, 1056 }, // U+0421
    { 8, 16, 128, 0, 14, 32, 1088 }, // U+0422
    { 8, 16, 128, 0, 14, 32, 1120 }, // U+0423
    { 8, 16, 128, 0, 14, 32, 1152 }, // U+0424
    { 8, 16, 128, 0, 14, 32, 1184 }, // U+0425
    { 8, 16, 128, 0, 14, 32, 1216 }, // U+0426
    { 8, 16, 128, 0, 14, 32, 1248 }, // U+0427
    { 8, 16, 128, 0, 14, 32, 1280 }, // U+0428
    { 8, 16, 128, 0, 14, 32, 1312 }, // U+0429
    { 8, 16, 128, 0, 14, 32, 1344 }, // U+042A
    { 8, 16, 128, 0, 14, 32, 1376 }, // U+042B
    { 8, 16, 128, 0, 14, 32, 1408 }, // U+042C
    { 8, 16, 128, 0, 14, 32, 1440 }, // U+042D
    { 8, 16, 128, 0, 14, 32, 1472 }, // U+042E
    { 8, 16, 128, 0, 14, 32, 1504 }, // U+042F
    { 8, 16, 128, 0, 14, 32, 1536 }, // U+0430
    { 8, 16, 128, 0, 14, 32, 1568 }, // U+0431
    { 8, 16, 128, 0, 14, 32, 1600 }, // U+0432
    { 8, 16, 128, 0, 14, 32, 1632 }, // U+0433
    { 8, 16, 128, 0, 14, 32, 1664 }, // U+0434
    { 8, 16, 128, 0, 14, 32, 1696 }, // U+0435
    { 8, 16, 128, 0, 14, 32, 1728 }, // U+0436
    { 8, 16, 128, 0, 14, 32, 1760 }, // U+0437
    { 8, 16, 128, 0, 14, 32, 1792 }, // U+0438
    { 8, 16, 128, 0, 14, 32, 1824 }, // U+0439
    { 8, 16, 128, 0, 14, 32, 1856 }, // U+043A
    { 8, 16, 128, 0, 14, 32, 1888 }, // U+043B
    { 8, 16, 128, 0, 14, 32, 1920 }, // U+043C
    { 8, 16, 128, 0, 14, 32, 1952 }, // U+043D
    { 8, 16, 128, 0, 14, 32, 1984 }, // U+043E
    { 8, 16, 128, 0, 14, 32, 2016 }, // U+043F
    { 8, 16, 128, 0, 14, 32, 2048 }, // U+0440
    { 8, 16, 128, 0, 14, 32, 2080 }, // U+0441
    { 8, 16, 128, 0, 14, 32, 2112 }, // U+0442
    { 8, 16, 128, 0, 14, 32, 2144 }, // U+0443
    { 8, 16, 128, 0, 14, 32, 2176 }, // U+0444
    { 8, 16, 128, 0, 14, 32, 2208 }, // U+0445
    { 8, 16, 128, 0, 14, 32, 2240 }, // U+0446
    { 8, 16, 128, 0, 14, 32, 2272 }, // U+0447
    { 8, 16, 128, 0, 14, 32, 2304 }, // U+0448
    { 8, 16, 128, 0, 14, 32, 2336 }, // U+0449
    { 8, 16, 128, 0, 14, 32, 2368 }, // U+044A
    { 8, 16, 128, 0, 14, 32, 2400 }, // U+044B
    { 8, 16, 128, 0, 14, 32, 2432 }, // U+044C
    { 8, 16, 128, 0, 14, 32, 2464 }, // U+044D
    { 8, 16, 128, 0, 14, 32, 2496 }, // U+044E
    { 8, 16, 128, 0, 14, 32, 2528 }, // U+044F
    { 8, 16, 128, 0, 14, 32, 2560 }, // U+0450
    { 8, 16, 128, 0, 14, 32, 2592 }, // U+0451
    { 8, 16, 128, 0, 14, 32, 2624 }, // U+0452
    { 8, 16, 128, 0, 14, 32, 2656 }, // U+0453
    { 8, 16, 128, 0, 14, 32, 2688 }, // U+0454
    { 8, 16, 128, 0, 14, 32, 2720 }, // U+0455
    { 8, 16, 128, 0, 14, 32, 2752 }, // U+0456
    { 8, 16, 128, 0, 14, 32, 2784 }, // U+0457
    { 8, 16, 128, 0, 14, 32, 2816 }, // U+0458
    { 8, 16, 128, 0, 14, 32, 2848 }, // U+0459
    { 8, 16, 128, 0, 14, 32, 2880 }, // U+045A
    { 8, 16, 128, 0, 14, 32, 2912 }, // U+045B
    { 8, 16, 128, 0, 14, 32, 2944 }, // U+045C
    { 8, 16, 128, 0, 14, 32, 2976 }, // U+045D
    { 8, 16, 128, 0, 14, 32, 3008 }, // U+045E
    { 8, 16, 128, 0, 14, 32, 3040 }, // U+045F
    { 8, 16, 128, 0, 14, 32, 3072 }, // U+0460
    { 8, 16, 128, 0, 14, 32, 3104 }, // U+0461
    { 8, 16, 128, 0, 14, 32, 3136 }, // U+0462
    { 8, 16, 128, 0, 14, 32, 3168 }, // U+0463
    { 8, 16, 128, 0, 14, 32, 3200 }, // U+0464
    { 8, 16, 128, 0, 14, 32, 3232 }, // U+0465
    { 8, 16, 128, 0, 14, 32, 3264 }, // U+0466
    { 8, 16, 128, 0, 14, 32, 3296 }, // U+0467
    { 8, 16, 128, 0, 14, 32, 3328 }, // U+0468
    { 8, 16, 128, 0, 14, 32, 3360 }, // U+0469
    { 8, 16, 128, 0, 14, 32, 3392 }, // U+046A
    { 8, 16, 128, 0, 14, 32, 3424 }, // U+046B
    { 8, 16, 128, 0, 14, 32, 3456 }, // U+046C
    { 8, 16, 128, 0, 14, 32, 3488 }, // U+046D
    { 8, 16, 128, 0, 14, 32, 3520 }, // U+046E
    { 8, 16, 128, 0, 14, 32, 3552 }, // U+046F
    { 8, 16, 128, 0, 14, 32, 3584 }, // U+0470
    { 8, 16, 128, 0, 14, 32, 3616 }, // U+0471
    { 8, 16, 128, 0, 14, 32, 3648 }, // U+0472
    { 8, 16, 128, 0, 14, 32, 3680 }, // U+0473
    { 8, 16, 128, 0, 14, 32, 3712 }, // U+0474
    { 8, 16, 128, 0, 14, 32, 3744 }, // U+0475
    { 8, 16, 128, 0, 14, 32, 3776 }, // U+0476
    { 8, 16, 128, 0, 14, 32, 3808 }, // U+0477
    { 8, 16, 128, 0, 14, 32, 3840 }, // U+0478
    { 8, 16, 128, 0, 14, 32, 3872 }, // U+0479
    { 8, 16, 128, 0, 14, 32, 3904 }, // U+047A
    { 8, 16, 128, 0, 14, 32, 3936 }, // U+047B
    { 8, 16, 128, 0, 14, 32, 3968 }, // U+047C
    { 8, 16, 128, 0, 14, 32, 4000 }, // U+047D
    { 8, 16, 128, 0, 14, 32, 4032 }, // U+047E
    { 8, 16, 128, 0, 14, 32, 4064 }, // U+047F
    { 8, 16, 128, 0, 14, 32, 4096 }, // U+0480
    { 8, 16, 128, 0, 14, 32, 4128 }, // U+0481
    { 8, 16, 128, 0, 14, 32, 4160 }, // U+0482
    { 8, 16, 128, 0, 14, 32, 4192 }, // U+0483
    { 8, 16, 128, 0, 14, 32, 4224 }, // U+0484
    { 8, 16, 128, 0, 14, 32, 4256 }, // U+0485
    { 8, 16, 128, 0, 14, 32, 4288 }, // U+0486
    { 8, 16, 128, 0, 14, 32, 4320 }, // U+0487
    { 16, 16, 256, 0, 14, 64, 4352 }, // U+0488
    { 16, 16, 256, 0, 14, 64, 4416 }, // U+0489
    { 8, 16, 128, 0, 14, 32, 4480 }, // U+048A
    { 8, 16, 128, 0, 14, 32, 4512 }, // U+048B
    { 8, 16, 128, 0, 14, 32, 4544 }, // U+048C
    { 8, 16, 128, 0, 14, 32, 4576 }, // U+048D
    { 8, 16, 128, 0, 14, 32, 4608 }, // U+048E
    { 8, 16, 128, 0, 14, 32, 4640 }, // U+048F
    { 8, 16, 128, 0, 14, 32, 4672 }, // U+0490
    { 8, 16, 128, 0, 14, 32, 4704 }, // U+0491
    { 8, 16, 128, 0, 14, 32, 4736 }, // U+0492
    { 8, 16, 128, 0, 14, 32, 4768 }, // U+0493
    { 8, 16, 128, 0, 14, 32, 4800 }, // U+0494
    { 8, 16, 128, 0, 14, 32, 4832 }, // U+0495
    { 8, 16, 128, 0, 14, 32, 4864 }, // U+0496
    { 8, 16, 128, 0, 14, 32, 4896 }, // U+0497
    { 8, 16, 128, 0, 14, 32, 4928 }, // U+0498
    { 8, 16, 128, 0, 14, 32, 4960 }, // U+0499
    { 8, 16, 128, 0, 14, 32, 4992 }, // U+049A
    { 8, 16, 128, 0, 14, 32, 5024 }, // U+049B
    { 8, 16, 128, 0, 14, 32, 5056 }, // U+049C
    { 8, 16, 128, 0, 14, 32, 5088 }, // U+049D
    { 8, 16, 128, 0, 14, 32, 5120 }, // U+049E
    { 8, 16, 128, 0, 14, 32, 5152 }, // U+049F
    { 8, 16, 128, 0, 14, 32, 5184 }, // U+04A0
    { 8, 16, 128, 0, 14, 32, 5216 }, // U+04A1
    { 8, 16, 128, 0, 14, 32, 5248 }, // U+04A2
    { 8, 16, 128, 0, 14, 32, 5280 }, // U+04A3
    { 8, 16, 128, 0, 14, 32, 5312 }, // U+04A4
    { 8, 16, 128, 0, 14, 32, 5344 }, // U+04A5
    { 8, 16, 128, 0, 14, 32, 5376 }, // U+04A6
    { 8, 16, 128, 0, 14, 32, 5408 }, // U+04A7
    { 8, 16, 128, 0, 14, 32, 5440 }, // U+04A8
    { 8, 16, 128, 0, 14, 32, 5472 }, // U+04A9
    { 8, 16, 128, 0, 14, 32, 5504 }, // U+04AA
    { 8, 16, 128, 0, 14, 32, 5536 }, // U+04AB
    { 8, 16, 128, 0, 14, 32, 5568 }, // U+04AC
    { 8, 16, 128, 0, 14, 32, 5600 }, // U+04AD
    { 8, 16, 128, 0, 14, 32, 5632 }, // U+04AE
    { 8, 16, 128, 0, 14, 32, 5664 }, // U+04AF
    { 8, 16, 128, 0, 14, 32, 5696 }, // U+04B0
    { 8, 16, 128, 0, 14, 32, 5728 }, // U+04B1
    { 8, 16, 128, 0, 14, 32, 5760 }, // U+04B2
    { 8, 16, 128, 0, 14, 32, 5792 }, // U+04B3
    { 8, 16, 128, 0, 14, 32, 5824 }, // U+04B4
    { 8, 16, 128, 0, 14, 32, 5856 }, // U+04B5
    { 8, 16, 128, 0, 14, 32, 5888 }, // U+04B6
    { 8, 16, 128, 0, 14, 32, 5920 }, // U+04B7
    { 8, 16, 128, 0, 14, 32, 5952 }, // U+04B8
    { 8, 16, 128, 0, 14, 32, 5984 }, // U+04B9
    { 8, 16, 128, 0, 14, 32, 6016 }, // U+04BA
    { 8, 16, 128, 0, 14, 32, 6048 }, // U+04BB
    { 8, 16, 128, 0, 14, 32, 6080 }, // U+04BC
    { 8, 16, 128, 0, 14, 32, 6112 }, // U+04BD
    { 8, 16, 128, 0, 14, 32, 6144 }, // U+04BE
    { 8, 16, 128, 0, 14, 32, 6176 }, // U+04BF
    { 8, 16, 128, 0, 14, 32, 6208 }, // U+04C0
    { 8, 16, 128, 0, 14, 32, 6240 }, // U+04C1
    { 8, 16, 128, 0, 14, 32, 6272 }, // U+04C2
    { 8, 16, 128, 0, 14, 32, 6304 }, // U+04C3
    { 8, 16, 128, 0, 14, 32, 6336 }, // U+04C4
    { 8, 16, 128, 0, 14, 32, 6368 }, // U+04C5
    { 8, 16, 128, 0, 14, 32, 6400 }, // U+04C6
    { 8, 16, 128, 0, 14, 32, 6432 }, // U+04C7
    { 8, 16, 128, 0, 14, 32, 6464 }, // U+04C8
    { 8, 16, 128, 0, 14, 32, 6496 }, // U+04C9
    { 8, 16, 128, 0, 14, 32, 6528 }, // U+04CA
    { 8, 16, 128, 0, 14, 32, 6560 }, // U+04CB
    { 8, 16, 128, 0, 14, 32, 6592 }, // U+04CC
    { 8, 16, 128, 0, 14, 32, 6624 }, // U+04CD
    { 8, 16, 128, 0, 14, 32, 6656 }, // U+04CE
    { 8, 16, 128, 0, 14, 32, 6688 }, // U+04CF
    { 8, 16, 128, 0, 14, 32, 6720 }, // U+04D0
    { 8, 16, 128, 0, 14, 32, 6752 }, // U+04D1
    { 8, 16, 128, 0, 14, 32, 6784 }, // U+04D2
    { 8, 16, 128, 0, 14, 32, 6816 }, // U+04D3
    { 8, 16, 128, 0, 14, 32, 6848 }, // U+04D4
    { 8, 16, 128, 0, 14, 32, 6880 }, // U+04D5
    { 8, 16, 128, 0, 14, 32, 6912 }, // U+04D6
    { 8, 16, 128, 0, 14, 32, 6944 }, // U+04D7
    { 8, 16, 128, 0, 14, 32, 6976 }, // U+04D8
    { 8, 16, 128, 0, 14, 32, 7008 }, // U+04D9
    { 8, 16, 128, 0, 14, 32, 7040 }, // U+04DA
    { 8, 16, 128, 0, 14, 32, 7072 }, // U+04DB
    { 8, 16, 128, 0, 14, 32, 7104 }, // U+04DC
    { 8, 16, 128, 0, 14, 32, 7136 }, // U+04DD
    { 8, 16, 128, 0, 14, 32, 7168 }, // U+04DE
    { 8, 16, 128, 0, 14, 32, 7200 }, // U+04DF
    { 8, 16, 128, 0, 14, 32, 7232 }, // U+04E0
    { 8, 16, 128, 0, 14, 32, 7264 }, // U+04E1
    { 8, 16, 128, 0, 14, 32, 7296 }, // U+04E2
    { 8, 16, 128, 0, 14, 32, 7328 }, // U+04E3
    { 8, 16, 128, 0, 14, 32, 7360 }, // U+04E4
    { 8, 16, 128, 0, 14, 32, 7392 }, // U+04E5
    { 8, 16, 128, 0, 14, 32, 7424 }, // U+04E6
    { 8, 16, 128, 0, 14, 32, 7456 }, // U+04E7
    { 8, 16, 128, 0, 14, 32, 7488 }, // U+04E8
    { 8, 16, 128, 0, 14, 32, 7520 }, // U+04E9
    { 8, 16, 128, 0, 14, 32, 7552 }, // U+04EA
    { 8, 16, 128, 0, 14, 32, 7584 }, // U+04EB
    { 8, 16, 128, 0, 14, 32, 7616 }, // U+04EC
    { 8, 16, 128, 0, 14, 32, 7648 }, // U+04ED
    { 8, 16, 128, 0, 14, 32, 7680 }, // U+04EE
    { 8, 16, 128, 0, 14, 32, 7712 }, // U+04EF
    { 8, 16, 128, 0, 14, 32, 7744 }, // U+04F0
    { 8, 16, 128, 0, 14, 32, 7776 }, // U+04F1
    { 8, 16, 128, 0, 14, 32, 7808 }, // U+04F2
    { 8, 16, 128, 0, 14, 32, 7840 }, // U+04F3
    { 8, 16, 128, 0, 14, 32, 7872 }, // U+04F4
    { 8, 16, 128, 0, 14, 32, 7904 }, // U+04F5
    { 8, 16, 128, 0, 14, 32, 7936 }, // U+04F6
    { 8, 16, 128, 0, 14, 32, 7968 }, // U+04F7
    { 8, 16, 128, 0, 14, 32, 8000 }, // U+04F8
    { 8, 16, 128, 0, 14, 32, 8032 }, // U+04F9
    { 8, 16, 128, 0, 14, 32, 8064 }, // U+04FA
    { 8, 16, 128, 0, 14, 32, 8096 }, // U+04FB
    { 8, 16, 128, 0, 14, 32, 8128 }, // U+04FC
    { 8, 16, 128, 0, 14, 32, 8160 }, // U+04FD
    { 8, 16, 128, 0, 14, 32, 8192 }, // U+04FE
    { 8, 16, 128, 0, 14, 32, 8224 }, // U+04FF
    { 14, 17, 224, 0, 14, 60, 0 }, // U+1E0C
    { 12, 17, 176, 0, 14, 51, 60 }, // U+1E0D
    { 14, 17, 208, 0, 14, 60, 111 }, // U+1E24
    { 11, 17, 176, 0, 14, 47, 171 }, // U+1E25
    { 9, 17, 160, 0, 14, 39, 218 }, // U+1E36
    { 6, 17, 80, 0, 14, 26, 257 }, // U+1E37
    { 9, 20, 160, 0, 17, 45, 283 }, // U+1E38
    { 6, 20, 80, 0, 17, 30, 328 }, // U+1E39
    { 9, 17, 160, 0, 14, 39, 358 }, // U+1E3A
    { 6, 17, 80, 0, 14, 26, 397 }, // U+1E3B
    { 18, 17, 272, 0, 17, 77, 423 }, // U+1E40
    { 15, 13, 240, 0, 13, 49, 500 }, // U+1E41
    { 18, 17, 272, 0, 14, 77, 549 }, // U+1E42
    { 15, 13, 240, 0, 10, 49, 626 }, // U+1E43
    { 15, 17, 224, 0, 17, 64, 675 }, // U+1E44
    { 11, 13, 176, 0, 13, 36, 739 }, // U+1E45
    { 15, 17, 224, 0, 14, 64, 775 }, // U+1E46
    { 11, 13, 176, 0, 10, 36, 839 }, // U+1E47
    { 15, 17, 224, 0, 14, 64, 875 }, // U+1E48
    { 11, 13, 176, 0, 10, 36, 939 }, // U+1E49
    { 13, 17, 208, 0, 14, 56, 975 }, // U+1E5A
    { 8, 13, 112, 0, 10, 26, 1031 }, // U+1E5B
    { 13, 20, 208, 0, 17, 65, 1057 }, // U+1E5C
    { 8, 16, 112, 0, 13, 32, 1122 }, // U+1E5D
    { 13, 17, 208, 0, 14, 56, 1154 }, // U+1E5E
    { 8, 13, 112, 0, 10, 26, 1210 }, // U+1E5F
    { 11, 17, 192, 1, 14, 47, 1236 }, // U+1E62
    { 10, 13, 160, 0, 10, 33, 1283 }, // U+1E63
    { 11, 17, 176, 2, 14, 47, 1316 }, // U+1E6C
    { 7, 16, 112, 1, 13, 28, 1363 }, // U+1E6D
    { 12, 17, 208, 0, 14, 51, 0 }, // U+1EA0
    { 9, 13, 160, 0, 10, 30, 51 }, // U+1EA1
    { 8, 16, 128, 0, 14, 32, 81 }, // U+1EA2
    { 8, 16, 128, 0, 14, 32, 113 }, // U+1EA3
    { 13, 22, 208, 0, 22, 72, 145 }, // U+1EA4
    { 9, 18, 160, 0, 18, 41, 217 }, // U+1EA5
    { 13, 22, 208, 0, 22, 72, 258 }, // U+1EA6
    { 9, 18, 160, 0, 18, 41, 330 }, // U+1EA7
    { 8, 16, 128, 0, 14, 32, 371 }, // U+1EA8
    { 8, 16, 128, 0, 14, 32, 403 }, // U+1EA9
    { 13, 22, 208, 0, 22, 72, 435 }, // U+1EAA
    { 9, 18, 160, 0, 18, 41, 507 }, // U+1EAB
    { 12, 21, 208, 0, 18, 63, 548 }, // U+1EAC
    { 9, 17, 160, 0, 14, 39, 611 }, // U+1EAD
    { 12, 22, 208, 0, 22, 66, 650 }, // U+1EAE
    { 9, 18, 160, 0, 18, 41, 716 }, // U+1EAF
    { 12, 22, 208, 0, 22, 66, 757 }, // U+1EB0
    { 9, 18, 160, 0, 18, 41, 823 }, // U+1EB1
    { 8, 16, 128, 0, 14, 32, 864 }, // U+1EB2
    { 8, 16, 128, 0, 14, 32, 896 }, // U+1EB3
    { 12, 22, 208, 0, 22, 66, 928 }, // U+1EB4
    { 9, 18, 160, 0, 18, 41, 994 }, // U+1EB5
    { 12, 21, 208, 0, 18, 63, 1035 }, // U+1EB6
    { 9, 17, 160, 0, 14, 39, 1098 }, // U+1EB7
    { 13, 17, 192, 0, 14, 56, 1137 }, // U+1EB8
    { 10, 13, 160, 0, 10, 33, 1193 }, // U+1EB9
    { 8, 16, 128, 0, 14, 32, 1226 }, // U+1EBA
    { 8, 16, 128, 0, 14, 32, 1258 }, // U+1EBB
    { 13, 18, 192, 0, 18, 59, 1290 }, // U+1EBC
    { 10, 14, 160, 0, 14, 35, 1349 }, // U+1EBD
    { 13, 22, 192, 0, 22, 72, 1384 }, // U+1EBE
    { 10, 18, 160, 0, 18, 45, 1456 }, // U+1EBF
    { 13, 22, 192, 0, 22, 72, 1501 }, // U+1EC0
    { 10, 18, 160, 0, 18, 45, 1573 }, // U+1EC1
    { 8, 16, 128, 0, 14, 32, 1618 }, // U+1EC2
    { 8, 16, 128, 0, 14, 32, 1650 }, // U+1EC3
    { 13, 22, 192, 0, 22, 72, 1682 }, // U+1EC4
    { 10, 18, 160, 0, 18, 45, 1754 }, // U+1EC5
    { 13, 21, 192, 0, 18, 69, 1799 }, // U+1EC6
    { 10, 17, 160, 0, 14, 43, 1868 }, // U+1EC7
    { 8, 16, 128, 0, 14, 32, 1911 }, // U+1EC8
    { 8, 16, 128, 0, 14, 32, 1943 }, // U+1EC9
    { 6, 17, 80, 0, 14, 26, 1975 }, // U+1ECA
    { 6, 17, 80, 0, 14, 26, 2001 }, // U+1ECB
    { 14, 17, 240, 1, 14, 60, 2027 }, // U+1ECC
    { 10, 13, 160, 0, 10, 33, 2087 }, // U+1ECD
    { 8, 16, 128, 0, 14, 32, 2120 }, // U+1ECE
    { 8, 16, 128, 0, 14, 32, 2152 }, // U+1ECF
    { 14, 22, 240, 1, 22, 77, 2184 }, // U+1ED0
    { 10, 18, 176, 1, 18, 45, 2261 }, // U+1ED1
    { 14, 22, 240, 1, 22, 77, 2306 }, // U+1ED2
    { 10, 18, 176, 1, 18, 45, 2383 }, // U+1ED3
    { 8, 16, 128, 0, 14, 32, 2428 }, // U+1ED4
    { 8, 16, 128, 0, 14, 32, 2460 }, // U+1ED5
    { 14, 22, 240, 1, 22, 77, 2492 }, // U+1ED6
    { 10, 18, 176, 1, 18, 45, 2569 }, // U+1ED7
    { 14, 21, 240, 1, 18, 74, 2614 }, // U+1ED8
    { 10, 17, 160, 0, 14, 43, 2688 }, // U+1ED9
    { 17, 18, 240, 1, 18, 77, 2731 }, // U+1EDA
    { 13, 14, 160, 0, 14, 46, 2808 }, // U+1EDB
    { 17, 18, 240, 1, 18, 77, 2854 }, // U+1EDC
    { 13, 14, 160, 0, 14, 46, 2931 }, // U+1EDD
    { 8, 16, 128, 0, 14, 32, 2977 }, // U+1EDE
    { 8, 16, 128, 0, 14, 32, 3009 }, // U+1EDF
    { 17, 18, 240, 1, 18, 77, 3041 }, // U+1EE0
    { 13, 14, 160, 0, 14, 46, 3118 }, // U+1EE1
    { 17, 17, 240, 1, 14, 73, 3164 }, // U+1EE2
    { 13, 13, 160, 0, 10, 43, 3237 }, // U+1EE3
    { 13, 17, 208, 1, 14, 56, 3280 }, // U+1EE4
    { 11, 13, 176, 0, 10, 36, 3336 }, // U+1EE5
    { 8, 16, 128, 0, 14, 32, 3372 }, // U+1EE6
    { 8, 16, 128, 0, 14, 32, 3404 }, // U+1EE7
    { 16, 18, 208, 1, 18, 72, 3436 }, // U+1EE8
    { 14, 14, 176, 0, 14, 49, 3508 }, // U+1EE9
    { 16, 18, 208, 1, 18, 72, 3557 }, // U+1EEA
    { 14, 14, 176, 0, 14, 49, 3629 }, // U+1EEB
    { 8, 16, 128, 0, 14, 32, 3678 }, // U+1EEC
    { 8, 16, 128, 0, 14, 32, 3710 }, // U+1EED
    { 16, 18, 208, 1, 18, 72, 3742 }, // U+1EEE
    { 14, 14, 176, 0, 14, 49, 3814 }, // U+1EEF
    { 16, 17, 208, 1, 14, 68, 3863 }, // U+1EF0
    { 14, 13, 176, 0, 10, 46, 3931 }, // U+1EF1
    { 11, 18, 208, 3, 18, 50, 3977 }, // U+1EF2
    { 10, 18, 144, 0, 14, 45, 4027 }, // U+1EF3
    { 11, 17, 208, 3, 14, 47, 4072 }, // U+1EF4
    { 10, 17, 144, 0, 10, 43, 4119 }, // U+1EF5
    { 8, 16, 128, 0, 14, 32, 4162 }, // U+1EF6
    { 8, 16, 128, 0, 14, 32, 4194 }, // U+1EF7
    { 11, 18, 208, 3, 18, 50, 4226 }, // U+1EF8
    { 10, 18, 144, 0, 14, 45, 4276 }, // U+1EF9
    { 1, 1, 160, 0, 1, 1, 0 }, // U+2000
    { 1, 1, 304, 0, 1, 1, 1 }, // U+2001
    { 1, 1, 160, 0, 1, 1, 2 }, // U+2002
    { 1, 1, 304, 0, 1, 1, 3 }, // U+2003
    { 1, 1, 96, 0, 1, 1, 4 }, // U+2004
    { 1, 1, 80, 0, 1, 1, 5 }, // U+2005
    { 1, 1, 48, 0, 1, 1, 6 }, // U+2006
    { 1, 1, 160, 0, 1, 1, 7 }, // U+2007
    { 1, 1, 80, 0, 1, 1, 8 }, // U+2008
    { 1, 1, 64, 0, 1, 1, 9 }, // U+2009
    { 1, 1, 32, 0, 1, 1, 10 }, // U+200A
    { 1, 1, 0, 0, 1, 1, 11 }, // U+200B
    { 16, 16, 256, 0, 14, 64, 12 }, // U+200C
    { 16, 16, 256, 0, 14, 64, 76 }, // U+200D
    { 16, 16, 256, 0, 14, 64, 140 }, // U+200E
    { 16, 16, 256, 0, 14, 64, 204 }, // U+200F
    { 5, 2, 96, 1, 6, 3, 268 }, // U+2010
    { 5, 2, 96, 1, 6, 3, 271 }, // U+2011
    { 10, 2, 160, 1, 6, 5, 274 }, // U+2012
    { 10, 2, 160, 1, 6, 5, 279 }, // U+2013
    { 18, 2, 288, 1, 6, 9, 284 }, // U+2014
    { 18, 2, 288, 1, 6, 9, 293 }, // U+2015
    { 8, 16, 128, 0, 14, 32, 302 }, // U+2016
    { 8, 16, 128, 0, 14, 32, 334 }, // U+2017
    { 4, 5, 96, 3, 14, 5, 366 }, // U+2018
    { 4, 5, 96, 2, 14, 5, 371 }, // U+2019
    { 4, 5, 80, 0, 2, 5, 376 }, // U+201A
    { 4, 5, 96, 2, 14, 5, 381 }, // U+201B
    { 8, 5, 160, 3, 14, 10, 386 }, // U+201C
    { 8, 5, 160, 3, 14, 10, 396 }, // U+201D
    { 8, 5, 144, 0, 2, 10, 406 }, // U+201E
    { 8, 5, 160, 3, 14, 10, 416 }, // U+201F
    { 9, 18, 160, 2, 14, 41, 426 }, // U+2020
    { 11, 18, 160, 0, 14, 50, 467 }, // U+2021
    { 5, 5, 112, 2, 9, 7, 517 }, // U+2022
    { 8, 16, 128, 0, 14, 32, 524 }, // U+2023
    { 8, 16, 128, 0, 14, 32, 556 }, // U+2024
    { 8, 16, 128, 0, 14, 32, 588 }, // U+2025
    { 14, 3, 288, 2, 3, 11, 620 }, // U+2026
    { 8, 16, 128, 0, 14, 32, 631 }, // U+2027
    { 16, 16, 256, 0, 14, 64, 663 }, // U+2028
    { 16, 16, 256, 0, 14, 64, 727 }, // U+2029
    { 16, 16, 256, 0, 14, 64, 791 }, // U+202A
    { 16, 16, 256, 0, 14, 64, 855 }, // U+202B
    { 16, 16, 256, 0, 14, 64, 919 }, // U+202C
    { 16, 16, 256, 0, 14, 64, 983 }, // U+202D
    { 16, 16, 256, 0, 14, 64, 1047 }, // U+202E
    { 8, 16, 128, 0, 14, 32, 1111 }, // U+202F
    { 19, 13, 320, 1, 13, 62, 1143 }, // U+2030
    { 8, 16, 128, 0, 14, 32, 1205 }, // U+2031
    { 8, 16, 128, 0, 14, 32, 1237 }, // U+2032
    { 8, 16, 128, 0, 14, 32, 1269 }, // U+2033
    { 8, 16, 128, 0, 14, 32, 1301 }, // U+2034
    { 8, 16, 128, 0, 14, 32, 1333 }, // U+2035
    { 8, 16, 128, 0, 14, 32, 1365 }, // U+2036
    { 8, 16, 128, 0, 14, 32, 1397 }, // U+2037
    { 8, 16, 128, 0, 14, 32, 1429 }, // U+2038
    { 6, 5, 144, 2, 8, 8, 1461 }, // U+2039
    { 6, 5, 144, 2, 8, 8, 1469 }, // U+203A
    { 8, 16, 128, 0, 14, 32, 1477 }, // U+203B
    { 8, 16, 128, 0, 14, 32, 1509 }, // U+203C
    { 8, 16, 128, 0, 14, 32, 1541 }, // U+203D
    { 8, 16, 128, 0, 14, 32, 1573 }, // U+203E
    { 8, 16, 128, 0, 14, 32, 1605 }, // U+203F
    { 8, 16, 128, 0, 14, 32, 1637 }, // U+2040
    { 8, 16, 128, 0, 14, 32, 1669 }, // U+2041
    { 8, 16, 128, 0, 14, 32, 1701 }, // U+2042
    { 8, 16, 128, 0, 14, 32, 1733 }, // U+2043
    { 10, 13, 96, -1, 13, 33, 1765 }, // U+2044
    { 8, 16, 128, 0, 14, 32, 1798 }, // U+2045
    { 8, 16, 128, 0, 14, 32, 1830 }, // U+2046
    { 8, 16, 128, 0, 14, 32, 1862 }, // U+2047
    { 8, 16, 128, 0, 14, 32, 1894 }, // U+2048
    { 8, 16, 128, 0, 14, 32, 1926 }, // U+2049
    { 8, 16, 128, 0, 14, 32, 1958 }, // U+204A
    { 8, 16, 128, 0, 14, 32, 1990 }, // U+204B
    { 8, 16, 128, 0, 14, 32, 2022 }, // U+204C
    { 8, 16, 128, 0, 14, 32, 2054 }, // U+204D
    { 8, 16, 128, 0, 14, 32, 2086 }, // U+204E
    { 8, 16, 128, 0, 14, 32, 2118 }, // U+204F
    { 8, 16, 128, 0, 14, 32, 2150 }, // U+2050
    { 8, 16, 128, 0, 14, 32, 2182 }, // U+2051
    { 8, 16, 128, 0, 14, 32, 2214 }, // U+2052
    { 8, 16, 128, 0, 14, 32, 2246 }, // U+2053
    { 8, 16, 128, 0, 14, 32, 2278 }, // U+2054
    { 8, 16, 128, 0, 14, 32, 2310 }, // U+2055
    { 8, 16, 128, 0, 14, 32, 2342 }, // U+2056
    { 16, 16, 256, 0, 14, 64, 2374 }, // U+2057
    { 8, 16, 128, 0, 14, 32, 2438 }, // U+2058
    { 8, 16, 128, 0, 14, 32, 2470 }, // U+2059
    { 8, 16, 128, 0, 14, 32, 2502 }, // U+205A
    { 8, 16, 128, 0, 14, 32, 2534 }, // U+205B
    { 8, 16, 128, 0, 14, 32, 2566 }, // U+205C
    { 8, 16, 128, 0, 14, 32, 2598 }, // U+205D
    { 8, 16, 128, 0, 14, 32, 2630 }, // U+205E
    { 8, 16, 128, 0, 14, 32, 2662 }, // U+205F
    { 16, 16, 256, 0, 14, 64, 2694 }, // U+2060
    { 16, 16, 256, 0, 14, 64, 2758 }, // U+2061
    { 16, 16, 256, 0, 14, 64, 2822 }, // U+2062
    { 16, 16, 256, 0, 14, 64, 2886 }, // U+2063
    { 16, 16, 256, 0, 14, 64, 2950 }, // U+2064
    { 16, 16, 256, 0, 14, 64, 3014 }, // U+2065
    { 16, 16, 256, 0, 14, 64, 3078 }, // U+2066
    { 16, 16, 256, 0, 14, 64, 3142 }, // U+2067
    { 16, 16, 256, 0, 14, 64, 3206 }, // U+2068
    { 16, 16, 256, 0, 14, 64, 3270 }, // U+2069
    { 16, 16, 256, 0, 14, 64, 3334 }, // U+206A
    { 16, 16, 256, 0, 14, 64, 3398 }, // U+206B
    { 16, 16, 256, 0, 14, 64, 3462 }, // U+206C
    { 16, 16, 256, 0, 14, 64, 3526 }, // U+206D
    { 16, 16, 256, 0, 14, 64, 3590 }, // U+206E
    { 16, 16, 256, 0, 14, 64, 3654 }, // U+206F
    { 8, 16, 128, 0, 14, 32, 0 }, // U+2070
    { 8, 16, 128, 0, 14, 32, 32 }, // U+2071
    { 16, 16, 256, 0, 14, 64, 64 }, // U+2072
    { 16, 16, 256, 0, 14, 64, 128 }, // U+2073
    { 8, 16, 128, 0, 14, 32, 192 }, // U+2074
    { 8, 16, 128, 0, 14, 32, 224 }, // U+2075
    { 8, 16, 128, 0, 14, 32, 256 }, // U+2076
    { 8, 16, 128, 0, 14, 32, 288 }, // U+2077
    { 8, 16, 128, 0, 14, 32, 320 }, // U+2078
    { 8, 16, 128, 0, 14, 32, 352 }, // U+2079
    { 8, 16, 128, 0, 14, 32, 384 }, // U+207A
    { 8, 16, 128, 0, 14, 32, 416 }, // U+207B
    { 8, 16, 128, 0, 14, 32, 448 }, // U+207C
    { 8, 16, 128, 0, 14, 32, 480 }, // U+207D
    { 8, 16, 128, 0, 14, 32, 512 }, // U+207E
    { 8, 16, 128, 0, 14, 32, 544 }, // U+207F
    { 8, 16, 128, 0, 14, 32, 576 }, // U+2080
    { 4, 8, 96, 2, 3, 8, 608 }, // U+2081
    { 6, 8, 96, 1, 3, 12, 616 }, // U+2082
    { 7, 8, 96, 0, 3, 14, 628 }, // U+2083
    { 8, 16, 128, 0, 14, 32, 642 }, // U+2084
    { 8, 16, 128, 0, 14, 32, 674 }, // U+2085
    { 8, 16, 128, 0, 14, 32, 706 }, // U+2086
    { 8, 16, 128, 0, 14, 32, 738 }, // U+2087
    { 8, 16, 128, 0, 14, 32, 770 }, // U+2088
    { 8, 16, 128, 0, 14, 32, 802 }, // U+2089
    { 8, 16, 128, 0, 14, 32, 834 }, // U+208A
    { 8, 16, 128, 0, 14, 32, 866 }, // U+208B
    { 8, 16, 128, 0, 14, 32, 898 }, // U+208C
    { 8, 16, 128, 0, 14, 32, 930 }, // U+208D
    { 8, 16, 128, 0, 14, 32, 962 }, // U+208E
    { 8, 16, 128, 0, 14, 32, 994 }, // U+208F
    { 8, 16, 128, 0, 14, 32, 1026 }, // U+2090
    { 8, 16, 128, 0, 14, 32, 1058 }, // U+2091
    { 8, 16, 128, 0, 14, 32, 1090 }, // U+2092
    { 8, 16, 128, 0, 14, 32, 1122 }, // U+2093
    { 8, 16, 128, 0, 14, 32, 1154 }, // U+2094
    { 8, 16, 128, 0, 14, 32, 1186 }, // U+2095
    { 8, 16, 128, 0, 14, 32, 1218 }, // U+2096
    { 8, 16, 128, 0, 14, 32, 1250 }, // U+2097
    { 8, 16, 128, 0, 14, 32, 1282 }, // U+2098
    { 8, 16, 128, 0, 14, 32, 1314 }, // U+2099
    { 8, 16, 128, 0, 14, 32, 1346 }, // U+209A
    { 8, 16, 128, 0, 14, 32, 1378 }, // U+209B
    { 8, 16, 128, 0, 14, 32, 1410 }, // U+209C
    { 8, 16, 128, 0, 14, 32, 1442 }, // U+209D
    { 8, 16, 128, 0, 14, 32, 1474 }, // U+209E
    { 8, 16, 128, 0, 14, 32, 1506 }, // U+209F
    { 8, 16, 128, 0, 14, 32, 0 }, // U+20A0
    { 8, 16, 128, 0, 14, 32, 32 }, // U+20A1
    { 8, 16, 128, 0, 14, 32, 64 }, // U+20A2
    { 8, 16, 128, 0, 14, 32, 96 }, // U+20A3
    { 8, 16, 128, 0, 14, 32, 128 }, // U+20A4
    { 15, 14, 240, 0, 12, 53, 160 }, // U+20A5
    { 15, 14, 224, 0, 14, 53, 213 }, // U+20A6
    { 8, 16, 128, 0, 14, 32, 266 }, // U+20A7
    { 8, 16, 128, 0, 14, 32, 298 }, // U+20A8
    { 17, 14, 288, 2, 14, 60, 330 }, // U+20A9
    { 8, 16, 128, 0, 14, 32, 390 }, // U+20AA
    { 8, 16, 128, 0, 14, 32, 422 }, // U+20AB
    { 14, 14, 224, 0, 14, 49, 454 }, // U+20AC
    { 15, 14, 224, 0, 14, 53, 503 }, // U+20AD
    { 8, 16, 128, 0, 14, 32, 556 }, // U+20AE
    { 8, 16, 128, 0, 14, 32, 588 }, // U+20AF
    { 8, 16, 128, 0, 14, 32, 620 }, // U+20B0
    { 8, 16, 128, 0, 14, 32, 652 }, // U+20B1
    { 8, 16, 128, 0, 14, 32, 684 }, // U+20B2
    { 8, 16, 128, 0, 14, 32, 716 }, // U+20B3
    { 8, 16, 128, 0, 14, 32, 748 }, // U+20B4
    { 8, 16, 128, 0, 14, 32, 780 }, // U+20B5
    { 8, 16, 128, 0, 14, 32, 812 }, // U+20B6
    { 8, 16, 128, 0, 14, 32, 844 }, // U+20B7
    { 8, 16, 128, 0, 14, 32, 876 }, // U+20B8
    { 16, 16, 256, 0, 14, 64, 908 }, // U+20B9
    { 8, 16, 128, 0, 14, 32, 972 }, // U+20BA
    { 8, 16, 128, 0, 14, 32, 1004 }, // U+20BB
    { 8, 16, 128, 0, 14, 32, 1036 }, // U+20BC
    { 8, 16, 128, 0, 14, 32, 1068 }, // U+20BD
    { 8, 16, 128, 0, 14, 32, 1100 }, // U+20BE
    { 8, 16, 128, 0, 14, 32, 1132 }, // U+20BF
    { 8, 16, 128, 0, 14, 32, 1164 }, // U+20C0
    { 8, 16, 128, 0, 14, 32, 1196 }, // U+20C1
    { 8, 16, 128, 0, 14, 32, 1228 }, // U+20C2
    { 8, 16, 128, 0, 14, 32, 1260 }, // U+20C3
    { 8, 16, 128, 0, 14, 32, 1292 }, // U+20C4
    { 16, 16, 256, 0, 14, 64, 1324 }, // U+20C5
    { 16, 16, 256, 0, 14, 64, 1388 }, // U+20C6
    { 16, 16, 256, 0, 14, 64, 1452 }, // U+20C7
    { 16, 16, 256, 0, 14, 64, 1516 }, // U+20C8
    { 16, 16, 256, 0, 14, 64, 1580 }, // U+20C9
    { 16, 16, 256, 0, 14, 64, 1644 }, // U+20CA
    { 16, 16, 256, 0, 14, 64, 1708 }, // U+20CB
    { 16, 16, 256, 0, 14, 64, 1772 }, // U+20CC
    { 16, 16, 256, 0, 14, 64, 1836 }, // U+20CD
    { 16, 16, 256, 0, 14, 64, 1900 }, // U+20CE
    { 16, 16, 256, 0, 14, 64, 1964 }, // U+20CF
    { 8, 16, 128, 0, 14, 32, 0 }, // U+2190
    { 8, 16, 128, 0, 14, 32, 32 }, // U+2191
    { 8, 16, 128, 0, 14, 32, 64 }, // U+2192
    { 8, 16, 128, 0, 14, 32, 96 }, // U+2193
    { 8, 16, 128, 0, 14, 32, 128 }, // U+2194
    { 8, 16, 128, 0, 14, 32, 160 }, // U+2195
    { 8, 16, 128, 0, 14, 32, 192 }, // U+2196
    { 8, 16, 128, 0, 14, 32, 224 }, // U+2197
    { 8, 16, 128, 0, 14, 32, 256 }, // U+2198
    { 8, 16, 128, 0, 14, 32, 288 }, // U+2199
    { 8, 16, 128, 0, 14, 32, 320 }, // U+219A
    { 8, 16, 128, 0, 14, 32, 352 }, // U+219B
    { 16, 16, 256, 0, 14, 64, 384 }, // U+219C
    { 16, 16, 256, 0, 14, 64, 448 }, // U+219D
    { 8, 16, 128, 0, 14, 32, 512 }, // U+219E
    { 8, 16, 128, 0, 14, 32, 544 }, // U+219F
    { 8, 16, 128, 0, 14, 32, 576 }, // U+21A0
    { 8, 16, 128, 0, 14, 32, 608 }, // U+21A1
    { 8, 16, 128, 0, 14, 32, 640 }, // U+21A2
    { 8, 16, 128, 0, 14, 32, 672 }, // U+21A3
    { 8, 16, 128, 0, 14, 32, 704 }, // U+21A4
    { 8, 16, 128, 0, 14, 32, 736 }, // U+21A5
    { 8, 16, 128, 0, 14, 32, 768 }, // U+21A6
    { 8, 16, 128, 0, 14, 32, 800 }, // U+21A7
    { 8, 16, 128, 0, 14, 32, 832 }, // U+21A8
    { 8, 16, 128, 0, 14, 32, 864 }, // U+21A9
    { 8, 16, 128, 0, 14, 32, 896 }, // U+21AA
    { 8, 16, 128, 0, 14, 32, 928 }, // U+21AB
    { 8, 16, 128, 0, 14, 32, 960 }, // U+21AC
    { 8, 16, 128, 0, 14, 32, 992 }, // U+21AD
    { 8, 16, 128, 0, 14, 32, 1024 }, // U+21AE
    { 8, 16, 128, 0, 14, 32, 1056 }, // U+21AF
    { 8, 16, 128, 0, 14, 32, 1088 }, // U+21B0
    { 8, 16, 128, 0, 14, 32, 1120 }, // U+21B1
    { 8, 16, 128, 0, 14, 32, 1152 }, // U+21B2
    { 8, 16, 128, 0, 14, 32, 1184 }, // U+21B3
    { 8, 16, 128, 0, 14, 32, 1216 }, // U+21B4
    { 8, 16, 128, 0, 14, 32, 1248 }, // U+21B5
    { 8, 16, 128, 0, 14, 32, 1280 }, // U+21B6
    { 8, 16, 128, 0, 14, 32, 1312 }, // U+21B7
    { 8, 16, 128, 0, 14, 32, 1344 }, // U+21B8
    { 8, 16, 128, 0, 14, 32, 1376 }, // U+21B9
    { 8, 16, 128, 0, 14, 32, 1408 }, // U+21BA
    { 8, 16, 128, 0, 14, 32, 1440 }, // U+21BB
    { 8, 16, 128, 0, 14, 32, 1472 }, // U+21BC
    { 8, 16, 128, 0, 14, 32, 1504 }, // U+21BD
    { 8, 16, 128, 0, 14, 32, 1536 }, // U+21BE
    { 8, 16, 128, 0, 14, 32, 1568 }, // U+21BF
    { 8, 16, 128, 0, 14, 32, 1600 }, // U+21C0
    { 8, 16, 128, 0, 14, 32, 1632 }, // U+21C1
    { 8, 16, 128, 0, 14, 32, 1664 }, // U+21C2
    { 8, 16, 128, 0, 14, 32, 1696 }, // U+21C3
    { 8, 16, 128, 0, 14, 32, 1728 }, // U+21C4
    { 8, 16, 128, 0, 14, 32, 1760 }, // U+21C5
    { 8, 16, 128, 0, 14, 32, 1792 }, // U+21C6
    { 8, 16, 128, 0, 14, 32, 1824 }, // U+21C7
    { 8, 16, 128, 0, 14, 32, 1856 }, // U+21C8
    { 8, 16, 128, 0, 14, 32, 1888 }, // U+21C9
    { 8, 16, 128, 0, 14, 32, 1920 }, // U+21CA
    { 8, 16, 128, 0, 14, 32, 1952 }, // U+21CB
    { 8, 16, 128, 0, 14, 32, 1984 }, // U+21CC
    { 8, 16, 128, 0, 14, 32, 2016 }, // U+21CD
    { 8, 16, 128, 0, 14, 32, 2048 }, // U+21CE
    { 8, 16, 128, 0, 14, 32, 2080 }, // U+21CF
    { 8, 16, 128, 0, 14, 32, 2112 }, // U+21D0
    { 8, 16, 128, 0, 14, 32, 2144 }, // U+21D1
    { 8, 16, 128, 0, 14, 32, 2176 }, // U+21D2
    { 8, 16, 128, 0, 14, 32, 2208 }, // U+21D3
    { 8, 16, 128, 0, 14, 32, 2240 }, // U+21D4
    { 8, 16, 128, 0, 14, 32, 2272 }, // U+21D5
    { 8, 16, 128, 0, 14, 32, 2304 }, // U+21D6
    { 8, 16, 128, 0, 14, 32, 2336 }, // U+21D7
    { 8, 16, 128, 0, 14, 32, 2368 }, // U+21D8
    { 8, 16, 128, 0, 14, 32, 2400 }, // U+21D9
    { 8, 16, 128, 0, 14, 32, 2432 }, // U+21DA
    { 8, 16, 128, 0, 14, 32, 2464 }, // U+21DB
    { 8, 16, 128, 0, 14, 32, 2496 }, // U+21DC
    { 8, 16, 128, 0, 14, 32, 2528 }, // U+21DD
    { 8, 16, 128, 0, 14, 32, 2560 }, // U+21DE
    { 8, 16, 128, 0, 14, 32, 2592 }, // U+21DF
    { 8, 16, 128, 0, 14, 32, 2624 }, // U+21E0
    { 8, 16, 128, 0, 14, 32, 2656 }, // U+21E1
    { 8, 16, 128, 0, 14, 32, 2688 }, // U+21E2
    { 8, 16, 128, 0, 14, 32, 2720 }, // U+21E3
    { 8, 16, 128, 0, 14, 32, 2752 }, // U+21E4
    { 8, 16, 128, 0, 14, 32, 2784 }, // U+21E5
    { 8, 16, 128, 0, 14, 32, 2816 }, // U+21E6
    { 8, 16, 128, 0, 14, 32, 2848 }, // U+21E7
    { 8, 16, 128, 0, 14, 32, 2880 }, // U+21E8
    { 8, 16, 128, 0, 14, 32, 2912 }, // U+21E9
    { 8, 16, 128, 0, 14, 32, 2944 }, // U+21EA
    { 8, 16, 128, 0, 14, 32, 2976 }, // U+21EB
    { 8, 16, 128, 0, 14, 32, 3008 }, // U+21EC
    { 8, 16, 128, 0, 14, 32, 3040 }, // U+21ED
    { 8, 16, 128, 0, 14, 32, 3072 }, // U+21EE
    { 8, 16, 128, 0, 14, 32, 3104 }, // U+21EF
    { 8, 16, 128, 0, 14, 32, 3136 }, // U+21F0
    { 8, 16, 128, 0, 14, 32, 3168 }, // U+21F1
    { 8, 16, 128, 0, 14, 32, 3200 }, // U+21F2
    { 8, 16, 128, 0, 14, 32, 3232 }, // U+21F3
    { 16, 16, 256, 0, 14, 64, 3264 }, // U+21F4
    { 8, 16, 128, 0, 14, 32, 3328 }, // U+21F5
    { 8, 16, 128, 0, 14, 32, 3360 }, // U+21F6
    { 8, 16, 128, 0, 14, 32, 3392 }, // U+21F7
    { 8, 16, 128, 0, 14, 32, 3424 }, // U+21F8
    { 16, 16, 256, 0, 14, 64, 3456 }, // U+21F9
    { 16, 16, 256, 0, 14, 64, 3520 }, // U+21FA
    { 16, 16, 256, 0, 14, 64, 3584 }, // U+21FB
    { 16, 16, 256, 0, 14, 64, 3648 }, // U+21FC
    { 8, 16, 128, 0, 14, 32, 3712 }, // U+21FD
    { 8, 16, 128, 0, 14, 32, 3744 }, // U+21FE
    { 16, 16, 256, 0, 14, 64, 3776 }, // U+21FF
    { 8, 16, 128, 0, 14, 32, 0 }, // U+2200
    { 8, 16, 128, 0, 14, 32, 32 }, // U+2201
    { 8, 16, 128, 0, 14, 32, 64 }, // U+2202
    { 8, 16, 128, 0, 14, 32, 96 }, // U+2203
    { 8, 16, 128, 0, 14, 32, 128 }, // U+2204
    { 8, 16, 128, 0, 14, 32, 160 }, // U+2205
    { 8, 16, 128, 0, 14, 32, 192 }, // U+2206
    { 8, 16, 128, 0, 14, 32, 224 }, // U+2207
    { 8, 16, 128, 0, 14, 32, 256 }, // U+2208
    { 8, 16, 128, 0, 14, 32, 288 }, // U+2209
    { 8, 16, 128, 0, 14, 32, 320 }, // U+220A
    { 8, 16, 128, 0, 14, 32, 352 }, // U+220B
    { 8, 16, 128, 0, 14, 32, 384 }, // U+220C
    { 8, 16, 128, 0, 14, 32, 416 }, // U+220D
    { 8, 16, 128, 0, 14, 32, 448 }, // U+220E
    { 8, 16, 128, 0, 14, 32, 480 }, // U+220F
    { 8, 16, 128, 0, 14, 32, 512 }, // U+2210
    { 8, 16, 128, 0, 14, 32, 544 }, // U+2211
    { 9, 2, 176, 1, 6, 5, 576 }, // U+2212
    { 8, 16, 128, 0, 14, 32, 581 }, // U+2213
    { 8, 16, 128, 0, 14, 32, 613 }, // U+2214
    { 10, 13, 96, -1, 13, 33, 645 }, // U+2215
    { 8, 16, 128, 0, 14, 32, 678 }, // U+2216
    { 8, 16, 128, 0, 14, 32, 710 }, // U+2217
    { 8, 16, 128, 0, 14, 32, 742 }, // U+2218
    { 2, 2, 64, 1, 6, 1, 774 }, // U+2219
    { 8, 16, 128, 0, 14, 32, 775 }, // U+221A
    { 8, 16, 128, 0, 14, 32, 807 }, // U+221B
    { 8, 16, 128, 0, 14, 32, 839 }, // U+221C
    { 8, 16, 128, 0, 14, 32, 871 }, // U+221D
    { 8, 16, 128, 0, 14, 32, 903 }, // U+221E
    { 8, 16, 128, 0, 14, 32, 935 }, // U+221F
    { 8, 16, 128, 0, 14, 32, 967 }, // U+2220
    { 8, 16, 128, 0, 14, 32, 999 }, // U+2221
    { 8, 16, 128, 0, 14, 32, 1031 }, // U+2222
    { 8, 16, 128, 0, 14, 32, 1063 }, // U+2223
    { 8, 16, 128, 0, 14, 32, 1095 }, // U+2224
    { 8, 16, 128, 0, 14, 32, 1127 }, // U+2225
    { 8, 16, 128, 0, 14, 32, 1159 }, // U+2226
    { 8, 16, 128, 0, 14, 32, 1191 }, // U+2227
    { 8, 16, 128, 0, 14, 32, 1223 }, // U+2228
    { 8, 16, 128, 0, 14, 32, 1255 }, // U+2229
    { 8, 16, 128, 0, 14, 32, 1287 }, // U+222A
    { 8, 16, 128, 0, 14, 32, 1319 }, // U+222B
    { 8, 16, 128, 0, 14, 32, 1351 }, // U+222C
    { 8, 16, 128, 0, 14, 32, 1383 }, // U+222D
    { 8, 16, 128, 0, 14, 32, 1415 }, // U+222E
    { 8, 16, 128, 0, 14, 32, 1447 }, // U+222F
    { 8, 16, 128, 0, 14, 32, 1479 }, // U+2230
    { 8, 16, 128, 0, 14, 32, 1511 }, // U+2231
    { 8, 16, 128, 0, 14, 32, 1543 }, // U+2232
    { 8, 16, 128, 0, 14, 32, 1575 }, // U+2233
    { 8, 16, 128, 0, 14, 32, 1607 }, // U+2234
    { 8, 16, 128, 0, 14, 32, 1639 }, // U+2235
    { 4, 10, 96, 1, 10, 10, 1671 }, // U+2236
    { 8, 16, 128, 0, 14, 32, 1681 }, // U+2237
    { 8, 16, 128, 0, 14, 32, 1713 }, // U+2238
    { 8, 16, 128, 0, 14, 32, 1745 }, // U+2239
    { 8, 16, 128, 0, 14, 32, 1777 }, // U+223A
    { 8, 16, 128, 0, 14, 32, 1809 }, // U+223B
    { 8, 16, 128, 0, 14, 32, 1841 }, // U+223C
    { 8, 16, 128, 0, 14, 32, 1873 }, // U+223D
    { 8, 16, 128, 0, 14, 32, 1905 }, // U+223E
    { 8, 16, 128, 0, 14, 32, 1937 }, // U+223F
    { 8, 16, 128, 0, 14, 32, 1969 }, // U+2240
    { 8, 16, 128, 0, 14, 32, 2001 }, // U+2241
    { 8, 16, 128, 0, 14, 32, 2033 }, // U+2242
    { 8, 16, 128, 0, 14, 32, 2065 }, // U+2243
    { 8, 16, 128, 0, 14, 32, 2097 }, // U+2244
    { 8, 16, 128, 0, 14, 32, 2129 }, // U+2245
    { 8, 16, 128, 0, 14, 32, 2161 }, // U+2246
    { 8, 16, 128, 0, 14, 32, 2193 }, // U+2247
    { 8, 16, 128, 0, 14, 32, 2225 }, // U+2248
    { 8, 16, 128, 0, 14, 32, 2257 }, // U+2249
    { 8, 16, 128, 0, 14, 32, 2289 }, // U+224A
    { 8, 16, 128, 0, 14, 32, 2321 }, // U+224B
    { 8, 16, 128, 0, 14, 32, 2353 }, // U+224C
    { 8, 16, 128, 0, 14, 32, 2385 }, // U+224D
    { 8, 16, 128, 0, 14, 32, 2417 }, // U+224E
    { 8, 16, 128, 0, 14, 32, 2449 }, // U+224F
    { 8, 16, 128, 0, 14, 32, 2481 }, // U+2250
    { 8, 16, 128, 0, 14, 32, 2513 }, // U+2251
    { 8, 16, 128, 0, 14, 32, 2545 }, // U+2252
    { 8, 16, 128, 0, 14, 32, 2577 }, // U+2253
    { 8, 16, 128, 0, 14, 32, 2609 }, // U+2254
    { 8, 16, 128, 0, 14, 32, 2641 }, // U+2255
    { 8, 16, 128, 0, 14, 32, 2673 }, // U+2256
    { 8, 16, 128, 0, 14, 32, 2705 }, // U+2257
    { 8, 16, 128, 0, 14, 32, 2737 }, // U+2258
    { 9, 9, 176, 1, 12, 21, 2769 }, // U+2259
    { 9, 9, 176, 1, 12, 21, 2790 }, // U+225A
    { 8, 16, 128, 0, 14, 32, 2811 }, // U+225B
    { 8, 16, 128, 0, 14, 32, 2843 }, // U+225C
    { 8, 16, 128, 0, 14, 32, 2875 }, // U+225D
    { 8, 16, 128, 0, 14, 32, 2907 }, // U+225E
    { 8, 16, 128, 0, 14, 32, 2939 }, // U+225F
    { 9, 14, 176, 1, 13, 32, 2971 }, // U+2260
    { 9, 8, 176, 0, 9, 18, 3003 }, // U+2261
    { 9, 14, 176, 0, 12, 32, 3021 }, // U+2262
    { 8, 16, 128, 0, 14, 32, 3053 }, // U+2263
    { 9, 10, 176, 2, 9, 23, 3085 }, // U+2264
    { 9, 10, 176, 1, 9, 23, 3108 }, // U+2265
    { 8, 16, 128, 0, 14, 32, 3131 }, // U+2266
    { 8, 16, 128, 0, 14, 32, 3163 }, // U+2267
    { 8, 16, 128, 0, 14, 32, 3195 }, // U+2268
    { 8, 16, 128, 0, 14, 32, 3227 }, // U+2269
    { 8, 16, 128, 0, 14, 32, 3259 }, // U+226A
    { 8, 16, 128, 0, 14, 32, 3291 }, // U+226B
    { 8, 16, 128, 0, 14, 32, 3323 }, // U+226C
    { 8, 16, 128, 0, 14, 32, 3355 }, // U+226D
    { 9, 14, 176, 2, 13, 32, 3387 }, // U+226E
    { 9, 14, 176, 1, 13, 32, 3419 }, // U+226F
    { 9, 14, 176, 2, 11, 32, 3451 }, // U+2270
    { 9, 14, 176, 1, 11, 32, 3483 }, // U+2271
    { 8, 16, 128, 0, 14, 32, 3515 }, // U+2272
    { 8, 16, 128, 0, 14, 32, 3547 }, // U+2273
    { 8, 16, 128, 0, 14, 32, 3579 }, // U+2274
    { 8, 16, 128, 0, 14, 32, 3611 }, // U+2275
    { 8, 16, 128, 0, 14, 32, 3643 }, // U+2276
    { 8, 16, 128, 0, 14, 32, 3675 }, // U+2277
    { 8, 16, 128, 0, 14, 32, 3707 }, // U+2278
    { 8, 16, 128, 0, 14, 32, 3739 }, // U+2279
    { 8, 16, 128, 0, 14, 32, 3771 }, // U+227A
    { 8, 16, 128, 0, 14, 32, 3803 }, // U+227B
    { 8, 16, 128, 0, 14, 32, 3835 }, // U+227C
    { 8, 16, 128, 0, 14, 32, 3867 }, // U+227D
    { 8, 16, 128, 0, 14, 32, 3899 }, // U+227E
    { 8, 16, 128, 0, 14, 32, 3931 }, // U+227F
    { 8, 16, 128, 0, 14, 32, 3963 }, // U+2280
    { 8, 16, 128, 0, 14, 32, 3995 }, // U+2281
    { 8, 16, 128, 0, 14, 32, 4027 }, // U+2282
    { 8, 16, 128, 0, 14, 32, 4059 }, // U+2283
    { 8, 16, 128, 0, 14, 32, 4091 }, // U+2284
    { 8, 16, 128, 0, 14, 32, 4123 }, // U+2285
    { 8, 16, 128, 0, 14, 32, 4155 }, // U+2286
    { 8, 16, 128, 0, 14, 32, 4187 }, // U+2287
    { 8, 16, 128, 0, 14, 32, 4219 }, // U+2288
    { 8, 16, 128, 0, 14, 32, 4251 }, // U+2289
    { 8, 16, 128, 0, 14, 32, 4283 }, // U+228A
    { 8, 16, 128, 0, 14, 32, 4315 }, // U+228B
    { 8, 16, 128, 0, 14, 32, 4347 }, // U+228C
    { 8, 16, 128, 0, 14, 32, 4379 }, // U+228D
    { 8, 16, 128, 0, 14, 32, 4411 }, // U+228E
    { 8, 16, 128, 0, 14, 32, 4443 }, // U+228F
    { 8, 16, 128, 0, 14, 32, 4475 }, // U+2290
    { 8, 16, 128, 0, 14, 32, 4507 }, // U+2291
    { 8, 16, 128, 0, 14, 32, 4539 }, // U+2292
    { 8, 16, 128, 0, 14, 32, 4571 }, // U+2293
    { 8, 16, 128, 0, 14, 32, 4603 }, // U+2294
    { 8, 16, 128, 0, 14, 32, 4635 }, // U+2295
    { 8, 16, 128, 0, 14, 32, 4667 }, // U+2296
    { 8, 16, 128, 0, 14, 32, 4699 }, // U+2297
    { 8, 16, 128, 0, 14, 32, 4731 }, // U+2298
    { 8, 16, 128, 0, 14, 32, 4763 }, // U+2299
    { 8, 16, 128, 0, 14, 32, 4795 }, // U+229A
    { 8, 16, 128, 0, 14, 32, 4827 }, // U+229B
    { 8, 16, 128, 0, 14, 32, 4859 }, // U+229C
    { 8, 16, 128, 0, 14, 32, 4891 }, // U+229D
    { 8, 16, 128, 0, 14, 32, 4923 }, // U+229E
    { 8, 16, 128, 0, 14, 32, 4955 }, // U+229F
    { 8, 16, 128, 0, 14, 32, 4987 }, // U+22A0
    { 8, 16, 128, 0, 14, 32, 5019 }, // U+22A1
    { 8, 16, 128, 0, 14, 32, 5051 }, // U+22A2
    { 8, 16, 128, 0, 14, 32, 5083 }, // U+22A3
    { 8, 16, 128, 0, 14, 32, 5115 }, // U+22A4
    { 8, 16, 128, 0, 14, 32, 5147 }, // U+22A5
    { 8, 16, 128, 0, 14, 32, 5179 }, // U+22A6
    { 8, 16, 128, 0, 14, 32, 5211 }, // U+22A7
    { 8, 16, 128, 0, 14, 32, 5243 }, // U+22A8
    { 8, 16, 128, 0, 14, 32, 5275 }, // U+22A9
    { 8, 16, 128, 0, 14, 32, 5307 }, // U+22AA
    { 8, 16, 128, 0, 14, 32, 5339 }, // U+22AB
    { 8, 16, 128, 0, 14, 32, 5371 }, // U+22AC
    { 8, 16, 128, 0, 14, 32, 5403 }, // U+22AD
    { 8, 16, 128, 0, 14, 32, 5435 }, // U+22AE
    { 8, 16, 128, 0, 14, 32, 5467 }, // U+22AF
    { 8, 16, 128, 0, 14, 32, 5499 }, // U+22B0
    { 8, 16, 128, 0, 14, 32, 5531 }, // U+22B1
    { 8, 16, 128, 0, 14, 32, 5563 }, // U+22B2
    { 8, 16, 128, 0, 14, 32, 5595 }, // U+22B3
    { 8, 16, 128, 0, 14, 32, 5627 }, // U+22B4
    { 8, 16, 128, 0, 14, 32, 5659 }, // U+22B5
    { 16, 16, 256, 0, 14, 64, 5691 }, // U+22B6
    { 16, 16, 256, 0, 14, 64, 5755 }, // U+22B7
    { 16, 16, 256, 0, 14, 64, 5819 }, // U+22B8
    { 8, 16, 128, 0, 14, 32, 5883 }, // U+22B9
    { 8, 16, 128, 0, 14, 32, 5915 }, // U+22BA
    { 8, 16, 128, 0, 14, 32, 5947 }, // U+22BB
    { 8, 16, 128, 0, 14, 32, 5979 }, // U+22BC
    { 8, 16, 128, 0, 14, 32, 6011 }, // U+22BD
    { 8, 16, 128, 0, 14, 32, 6043 }, // U+22BE
    { 8, 16, 128, 0, 14, 32, 6075 }, // U+22BF
    { 8, 16, 128, 0, 14, 32, 6107 }, // U+22C0
    { 8, 16, 128, 0, 14, 32, 6139 }, // U+22C1
    { 8, 16, 128, 0, 14, 32, 6171 }, // U+22C2
    { 8, 16, 128, 0, 14, 32, 6203 }, // U+22C3
    { 8, 16, 128, 0, 14, 32, 6235 }, // U+22C4
    { 8, 16, 128, 0, 14, 32, 6267 }, // U+22C5
    { 8, 16, 128, 0, 14, 32, 6299 }, // U+22C6
    { 8, 16, 128, 0, 14, 32, 6331 }, // U+22C7
    { 8, 16, 128, 0, 14, 32, 6363 }, // U+22C8
    { 8, 16, 128, 0, 14, 32, 6395 }, // U+22C9
    { 8, 16, 128, 0, 14, 32, 6427 }, // U+22CA
    { 8, 16, 128, 0, 14, 32, 6459 }, // U+22CB
    { 8, 16, 128, 0, 14, 32, 6491 }, // U+22CC
    { 8, 16, 128, 0, 14, 32, 6523 }, // U+22CD
    { 8, 16, 128, 0, 14, 32, 6555 }, // U+22CE
    { 8, 16, 128, 0, 14, 32, 6587 }, // U+22CF
    { 8, 16, 128, 0, 14, 32, 6619 }, // U+22D0
    { 8, 16, 128, 0, 14, 32, 6651 }, // U+22D1
    { 8, 16, 128, 0, 14, 32, 6683 }, // U+22D2
    { 8, 16, 128, 0, 14, 32, 6715 }, // U+22D3
    { 8, 16, 128, 0, 14, 32, 6747 }, // U+22D4
    { 8, 16, 128, 0, 14, 32, 6779 }, // U+22D5
    { 8, 16, 128, 0, 14, 32, 6811 }, // U+22D6
    { 8, 16, 128, 0, 14, 32, 6843 }, // U+22D7
    { 16, 16, 256, 0, 14, 64, 6875 }, // U+22D8
    { 16, 16, 256, 0, 14, 64, 6939 }, // U+22D9
    { 8, 16, 128, 0, 14, 32, 7003 }, // U+22DA
    { 8, 16, 128, 0, 14, 32, 7035 }, // U+22DB
    { 8, 16, 128, 0, 14, 32, 7067 }, // U+22DC
    { 8, 16, 128, 0, 14, 32, 7099 }, // U+22DD
    { 8, 16, 128, 0, 14, 32, 7131 }, // U+22DE
    { 8, 16, 128, 0, 14, 32, 7163 }, // U+22DF
    { 8, 16, 128, 0, 14, 32, 7195 }, // U+22E0
    { 8, 16, 128, 0, 14, 32, 7227 }, // U+22E1
    { 8, 16, 128, 0, 14, 32, 7259 }, // U+22E2
    { 8, 16, 128, 0, 14, 32, 7291 }, // U+22E3
    { 8, 16, 128, 0, 14, 32, 7323 }, // U+22E4
    { 8, 16, 128, 0, 14, 32, 7355 }, // U+22E5
    { 8, 16, 128, 0, 14, 32, 7387 }, // U+22E6
    { 8, 16, 128, 0, 14, 32, 7419 }, // U+22E7
    { 8, 16, 128, 0, 14, 32, 7451 }, // U+22E8
    { 8, 16, 128, 0, 14, 32, 7483 }, // U+22E9
    { 8, 16, 128, 0, 14, 32, 7515 }, // U+22EA
    { 8, 16, 128, 0, 14, 32, 7547 }, // U+22EB
    { 8, 16, 128, 0, 14, 32, 7579 }, // U+22EC
    { 8, 16, 128, 0, 14, 32, 7611 }, // U+22ED
    { 8, 16, 128, 0, 14, 32, 7643 }, // U+22EE
    { 8, 16, 128, 0, 14, 32, 7675 }, // U+22EF
    { 8, 16, 128, 0, 14, 32, 7707 }, // U+22F0
    { 8, 16, 128, 0, 14, 32, 7739 }, // U+22F1
    { 16, 16, 256, 0, 14, 64, 7771 }, // U+22F2
    { 16, 16, 256, 0, 14, 64, 7835 }, // U+22F3
    { 8, 16, 128, 0, 14, 32, 7899 }, // U+22F4
    { 16, 16, 256, 0, 14, 64, 7931 }, // U+22F5
    { 16, 16, 256, 0, 14, 64, 7995 }, // U+22F6
    { 8, 16, 128, 0, 14, 32, 8059 }, // U+22F7
    { 8, 16, 128, 0, 14, 32, 8091 }, // U+22F8
    { 16, 16, 256, 0, 14, 64, 8123 }, // U+22F9
    { 16, 16, 256, 0, 14, 64, 8187 }, // U+22FA
    { 16, 16, 256, 0, 14, 64, 8251 }, // U+22FB
    { 8, 16, 128, 0, 14, 32, 8315 }, // U+22FC
    { 16, 16, 256, 0, 14, 64, 8347 }, // U+22FD
    { 8, 16, 128, 0, 14, 32, 8411 }, // U+22FE
    { 16, 16, 256, 0, 14, 64, 8443 }, // U+22FF
    { 8, 16, 128, 0, 14, 32, 0 }, // U+FB00
    { 12, 14, 192, 1, 14, 42, 32 }, // U+FB01
    { 12, 14, 192, 1, 14, 42, 74 }, // U+FB02
    { 8, 16, 128, 0, 14, 32, 116 }, // U+FB03
    { 8, 16, 128, 0, 14, 32, 148 }, // U+FB04
    { 8, 16, 128, 0, 14, 32, 180 }, // U+FB05
    { 8, 16, 128, 0, 14, 32, 212 }, // U+FB06
    { 8, 16, 128, 0, 14, 32, 0 }, // U+FFFD
};

static const EpdUnicodeInterval helvetica_9_bolditalicIntervals[] = {
    { 0x0, 0x17F, 0x0 },
    { 0x1A0, 0x1A1, 0x180 },
    { 0x1AF, 0x1B0, 0x182 },
    { 0x1C4, 0x21F, 0x184 },
    { 0x300, 0x36F, 0x1E0 },
    { 0x400, 0x4FF, 0x250 },
    { 0x1E0C, 0x1E0D, 0x350 },
    { 0x1E24, 0x1E25, 0x352 },
    { 0x1E36, 0x1E3B, 0x354 },
    { 0x1E40, 0x1E49, 0x35A },
    { 0x1E5A, 0x1E5F, 0x364 },
    { 0x1E62, 0x1E63, 0x36A },
    { 0x1E6C, 0x1E6D, 0x36C },
    { 0x1EA0, 0x1EF9, 0x36E },
    { 0x2000, 0x20CF, 0x3C8 },
    { 0x2190, 0x22FF, 0x498 },
    { 0xFB00, 0xFB06, 0x608 },
    { 0xFFFD, 0xFFFD, 0x60F },
};

static const EpdFontGroup helvetica_9_bolditalicGroups[] = {
    { 0, 1446, 5551, 128, 0 },
    { 1446, 1372, 6133, 128, 128 },
    { 2818, 1234, 6648, 128, 256 },
    { 4052, 996, 4492, 96, 384 },
    { 5048, 461, 3840, 112, 480 },
    { 5509, 1369, 8256, 256, 592 },
    { 6878, 334, 1576, 30, 848 },
    { 7212, 796, 4894, 90, 878 },
    { 8008, 842, 3758, 112, 968 },
    { 8850, 275, 1544, 48, 1080 },
    { 9125, 544, 2054, 48, 1128 },
    { 9669, 743, 3840, 112, 1176 },
    { 10412, 1630, 8607, 256, 1288 },
    { 12042, 93, 244, 7, 1544 },
    { 12135, 23, 32, 1, 1551 },
};

static const EpdLigaturePair helvetica_9_bolditalicLigaturePairs[] = {
    { 0x00660069, 0xFB01 }, // f i -> U+FB01
    { 0x0066006C, 0xFB02 }, // f l -> U+FB02
};

static const EpdFontData helvetica_9_bolditalic = {
    helvetica_9_bolditalicBitmaps,
    helvetica_9_bolditalicGlyphs,
    helvetica_9_bolditalicIntervals,
    18,
    21,
    16,
    -5,
    true,
    helvetica_9_bolditalicGroups,
    15,
    nullptr,
    nullptr,
    nullptr,
    nullptr,
    nullptr,
    nullptr,
    nullptr,
    nullptr,
    nullptr,
    nullptr,
    nullptr,
    0,
    0,
    0,
    0,
    helvetica_9_bolditalicLigaturePairs,
    2,
};
