/**
 * generated by fontconvert.py
 * name: helvetica_16_italic
 * size: 16
 * mode: 2-bit  compressed: true
 * Command used: fontconvert.py helvetica_16_italic 16 ../../../x11/font-adobe-100dpi-1.0.4/helvO24.bdf ../../../x11/unifont-18.0.01.bdf --2bit --compress --zopfli
 */
#pragma once
#include "EpdFontData.h"

static const uint8_t helvetica_16_italicBitmaps[17917] = {
    0xC4, 0x95, 0xC1, 0x6A, 0xE6, 0x30, 0x0C, 0x84, 0x05, 0xBA, 0x0A, 0xF4, 0x2A, 0x06, 0x5F, 0x03,
    0x7A, 0x75, 0x81, 0xAE, 0x86, 0xBC, 0x8A, 0x20, 0x57, 0x83, 0x77, 0x1C, 0x27, 0x7F, 0x7F, 0xD8,
    0xDD, 0x83, 0xF7, 0xB2, 0xAE, 0x98, 0x89, 0xA9, 0xBE, 0x8E, 0xA2, 0xD2, 0xFE, 0xED, 0x3E, 0x74,
    0x1F, 0x9F, 0x22, 0xFF, 0xF7, 0xB9, 0x7D, 0x0E, 0x2E, 0xEC, 0x90, 0xD7, 0x35, 0x42, 0x53, 0xAA,
    0xA8, 0xD4, 0xE1, 0xAD, 0x8A, 0x71, 0xE8, 0xF7, 0xF7, 0x5F, 0xAF, 0x38, 0x7F, 0xE4, 0xCF, 0x56,
    0x93, 0xA5, 0x28, 0x73, 0x78, 0x48, 0x31, 0x96, 0xBA, 0xC3, 0xDB, 0xC3, 0x5B, 0x70, 0x2C, 0xDF,
    0xE4, 0xE3, 0x1C, 0x29, 0xC5, 0xAD, 0x95, 0xB8, 0x3D, 0x3C, 0x76, 0x78, 0x70, 0xD7, 0x7C, 0x7F,
    0x3B, 0xAB, 0xA6, 0x5C, 0x07, 0xEE, 0x63, 0x87, 0x57, 0xC6, 0xFC, 0x4D, 0x90, 0xAF, 0x3C, 0xBD,
    0x44, 0xDB, 0x9B, 0x5F, 0x2F, 0x70, 0xFC, 0xED, 0x5B, 0xF9, 0xDC, 0x35, 0x82, 0xCB, 0x74, 0x0E,
    0x26, 0xE7, 0x6E, 0xBC, 0xC3, 0x8B, 0x8C, 0x68, 0x22, 0xA4, 0x5D, 0x78, 0xBA, 0x88, 0xEC, 0xF1,
    0x04, 0x9E, 0xFC, 0xE3, 0xDA, 0x7D, 0x3F, 0xFF, 0xC9, 0x8D, 0x22, 0x44, 0xBE, 0x97, 0xAF, 0xFD,
    0xCD, 0x7D, 0xE7, 0xD8, 0xCB, 0xE7, 0x3E, 0x18, 0x9C, 0x0B, 0x4D, 0x0F, 0xDC, 0x3D, 0xF6, 0x78,
    0xBB, 0x79, 0x4E, 0x70, 0xE2, 0xAE, 0x69, 0xBB, 0xF9, 0x98, 0x5B, 0x88, 0x53, 0xD8, 0x45, 0x48,
    0x73, 0x6C, 0xE5, 0x6B, 0xF0, 0xD5, 0x2A, 0x93, 0xD4, 0xE5, 0x1A, 0xD7, 0xB5, 0xC3, 0x1B, 0x7B,
    0x64, 0x63, 0x2F, 0x8D, 0xE0, 0xE4, 0xC6, 0xB1, 0xC9, 0xC7, 0xE4, 0xCA, 0xE2, 0x99, 0xFE, 0x9D,
    0xE7, 0xDB, 0xE7, 0x7D, 0x73, 0xFE, 0x0A, 0x2E, 0xC1, 0xC3, 0x39, 0xE7, 0x7D, 0x87, 0x2F, 0x11,
    0xDA, 0x5B, 0x2D, 0x47, 0xAB, 0x71, 0x9D, 0x17, 0xE6, 0xA8, 0xBA, 0xC3, 0x6B, 0xA9, 0x9A, 0x12,
    0x4D, 0x99, 0xCD, 0x83, 0xC5, 0x98, 0xB7, 0x78, 0x3B, 0xCF, 0xE7, 0xFF, 0x9E, 0x7E, 0x7C, 0x2B,
    0x5F, 0xA5, 0x66, 0x39, 0x4B, 0xB1, 0x76, 0x61, 0x09, 0x45, 0xF1, 0x02, 0x5B, 0x7C, 0xF7, 0x68,
    0x74, 0xB9, 0xF6, 0x06, 0x77, 0xB8, 0xEF, 0xE5, 0xB7, 0x7A, 0x3D, 0x9F, 0x1F, 0x97, 0xB7, 0x2A,
    0xDB, 0xBF, 0xFF, 0xC8, 0x91, 0xC2, 0xF0, 0xE0, 0xA4, 0x4A, 0x76, 0xFA, 0xD8, 0xFD, 0xFB, 0x0B,
    0x72, 0xF8, 0x01, 0x67, 0x7C, 0x75, 0xDE, 0xE1, 0xE9, 0xE5, 0x0F, 0xF0, 0xC2, 0xB8, 0xEF, 0xF1,
    0x9C, 0xE0, 0xC5, 0xE1, 0xE0, 0x0B, 0x13, 0xCB, 0x26, 0x2F, 0x0F, 0x2F, 0x4F, 0x7E, 0xFE, 0x9D,
    0x27, 0x52, 0xFF, 0x29, 0xA3, 0x9F, 0x3A, 0x88, 0xFA, 0x57, 0x25, 0xF1, 0xAA, 0xD5, 0x4B, 0xA8,
    0xE7, 0x8C, 0xB7, 0x4C, 0x1D, 0x35, 0xCC, 0xBB, 0xD1, 0xAA, 0x3C, 0x66, 0x11, 0x29, 0x70, 0x32,
    0x86, 0x1C, 0x33, 0xB9, 0xDF, 0xA2, 0x90, 0x54, 0xE2, 0x31, 0x46, 0xFF, 0x11, 0x52, 0xEF, 0xDF,
    0x00, 0x64, 0xF5, 0x0E, 0x9C, 0x2F, 0xE1, 0x34, 0x5A, 0xBD, 0x90, 0xDF, 0x12, 0x88, 0xA0, 0x8F,
    0xA0, 0x99, 0x74, 0x0C, 0x27, 0x3B, 0x35, 0xA9, 0x2B, 0x2F, 0xE1, 0x5C, 0x72, 0xEF, 0x1B, 0xD2,
    0x0F, 0xC8, 0x80, 0xD0, 0xE8, 0x10, 0x03, 0x80, 0x7B, 0x7F, 0x7E, 0x00, 0xA5, 0xF9, 0x12, 0x20,
    0xDE, 0xD9, 0x6F, 0x31, 0x82, 0x60, 0x20, 0x8E, 0x0E, 0x60, 0xE4, 0x14, 0x7F, 0x28, 0xA5, 0x57,
    0x6C, 0xCA, 0x31, 0xE5, 0x79, 0xB0, 0x24, 0xCA, 0xBB, 0x8D, 0x93, 0x34, 0xC7, 0x5A, 0xBD, 0xCD,
    0xEE, 0x03, 0x36, 0x37, 0x0F, 0xCB, 0x69, 0x07, 0x4F, 0x5B, 0x1B, 0x33, 0x44, 0xAF, 0xC9, 0xEE,
    0x9D, 0x0E, 0xEA, 0x74, 0x9F, 0xBC, 0x95, 0x5D, 0x57, 0xEC, 0x3D, 0xAE, 0x71, 0xB7, 0x19, 0xA6,
    0xFE, 0xAC, 0x19, 0xC6, 0x6E, 0xD3, 0xF4, 0xB1, 0x3B, 0x12, 0x61, 0xEA, 0x63, 0x46, 0xE8, 0x1A,
    0x87, 0x87, 0x4F, 0x3C, 0x9F, 0x97, 0xD7, 0xB5, 0x66, 0x88, 0xD1, 0x47, 0x26, 0xA0, 0xD1, 0x21,
    0xE3, 0xEE, 0x9B, 0xB1, 0xEF, 0xA2, 0x90, 0xCB, 0x89, 0xD4, 0x00, 0xA8, 0x27, 0x40, 0xC6, 0x9C,
    0x4B, 0x50, 0x83, 0x78, 0x8A, 0xCD, 0x1A, 0xE6, 0xC8, 0xD4, 0xA4, 0xC9, 0xDB, 0xAF, 0x5E, 0xCD,
    0x2D, 0xC7, 0x72, 0x10, 0x07, 0xC3, 0x96, 0x78, 0x9C, 0x0B, 0x5B, 0x99, 0x05, 0x1C, 0xC9, 0x5B,
    0x47, 0xEA, 0x05, 0x9C, 0xAD, 0x58, 0xAA, 0x57, 0x4B, 0x1E, 0xFD, 0xFE, 0x31, 0x05, 0x45, 0x55,
    0xBA, 0xE7, 0x7A, 0x02, 0x9F, 0xBB, 0x43, 0x02, 0xC6, 0x18, 0x43, 0x92, 0xD2, 0x70, 0x77, 0xC3,
    0xF8, 0x4D, 0x5F, 0xA3, 0x97, 0xE9, 0xF4, 0x3F, 0x3A, 0xDF, 0xED, 0xA8, 0x50, 0xFD, 0x87, 0xA4,
    0x95, 0x7A, 0xA6, 0x36, 0xEA, 0x5F, 0x30, 0x05, 0x93, 0xFD, 0x2E, 0x5D, 0x73, 0x83, 0xCA, 0xAC,
    0x12, 0xAA, 0x8B, 0x84, 0xCC, 0x64, 0x1F, 0x23, 0x62, 0xA8, 0x4B, 0x37, 0x79, 0xB9, 0x98, 0xC2,
    0xFC, 0x79, 0x67, 0xE5, 0x66, 0x47, 0xD6, 0x58, 0x3F, 0x47, 0xAD, 0x2B, 0xAB, 0x1C, 0x59, 0x07,
    0x8E, 0x2E, 0x5D, 0x5E, 0x62, 0x82, 0x19, 0x31, 0x90, 0xE8, 0x9E, 0xCC, 0x6D, 0x54, 0x47, 0x99,
    0x5F, 0xCC, 0x55, 0xFC, 0x58, 0x74, 0x17, 0xDB, 0x72, 0xAE, 0x30, 0x49, 0x07, 0x81, 0xAE, 0x30,
    0x7A, 0x8C, 0xE6, 0xA2, 0x23, 0x87, 0xA4, 0x27, 0x46, 0x41, 0xE5, 0x40, 0x40, 0x75, 0xDF, 0xE1,
    0x07, 0x9A, 0x49, 0xC0, 0x52, 0x31, 0x74, 0xB0, 0xF6, 0x6C, 0x47, 0x18, 0xB1, 0x39, 0xEA, 0x86,
    0xA6, 0x66, 0x67, 0xCB, 0x2B, 0x56, 0xF2, 0x23, 0x9D, 0x03, 0xC8, 0xA1, 0x5B, 0xFE, 0x1C, 0xA9,
    0xFF, 0x60, 0x5B, 0x18, 0x9F, 0x86, 0x1B, 0x9A, 0x11, 0xB8, 0x90, 0x50, 0x20, 0x72, 0x25, 0x58,
    0xF7, 0x8E, 0xF2, 0xF1, 0x31, 0x4F, 0x77, 0x3B, 0xA6, 0xB6, 0x03, 0x11, 0x61, 0x1B, 0xCA, 0x6E,
    0xAB, 0x5D, 0xF4, 0x03, 0x43, 0xDC, 0x76, 0x93, 0xE9, 0x98, 0x15, 0xB5, 0x40, 0xB6, 0x05, 0xE7,
    0x39, 0xEA, 0xC2, 0x4B, 0x68, 0xC1, 0x28, 0xE3, 0x71, 0x32, 0x19, 0x6B, 0xD7, 0xF0, 0xBA, 0xFE,
    0xE8, 0xC7, 0xE0, 0x59, 0xA2, 0x03, 0x8A, 0xAA, 0x32, 0xDE, 0x59, 0xC5, 0x4F, 0xFD, 0xAC, 0x32,
    0x2D, 0x0E, 0x40, 0x4D, 0xCD, 0x01, 0x8A, 0x88, 0xB1, 0x90, 0xB5, 0x17, 0x54, 0x76, 0xB4, 0x08,
    0x27, 0x7A, 0x84, 0xD5, 0x15, 0xB7, 0x9D, 0x3C, 0xC6, 0xBA, 0x96, 0x21, 0x21, 0xDB, 0x5A, 0x3A,
    0xF7, 0x05, 0x3A, 0x50, 0x82, 0xAB, 0x8C, 0x8E, 0xCE, 0x58, 0x8B, 0x26, 0x68, 0xE1, 0x7D, 0x7C,
    0x69, 0x6C, 0x8C, 0x2F, 0xED, 0x4C, 0x1C, 0x1A, 0x37, 0x5C, 0xA1, 0x0C, 0xD6, 0x8E, 0xFB, 0x5D,
    0x72, 0x6C, 0x6E, 0x4F, 0x8D, 0xCD, 0x49, 0xB5, 0xEC, 0xBC, 0xF9, 0x67, 0x87, 0x49, 0xB4, 0xB0,
    0x3A, 0x8B, 0x62, 0x36, 0x7A, 0x9C, 0x12, 0xBB, 0xCE, 0x1F, 0xD7, 0x1F, 0x85, 0xF7, 0x15, 0x0B,
    0x5B, 0x7F, 0x07, 0xED, 0xAC, 0x96, 0x51, 0xB4, 0x71, 0x52, 0xB5, 0x84, 0x2D, 0xCF, 0x76, 0xD4,
    0x16, 0xBF, 0xD2, 0x09, 0x6D, 0x8E, 0x8E, 0x37, 0x58, 0x72, 0x0F, 0xE7, 0xC3, 0x89, 0x67, 0x3B,
    0xC7, 0x38, 0xE2, 0x00, 0x1B, 0xD5, 0xC7, 0x10, 0xA0, 0x43, 0x39, 0xE3, 0x7A, 0x0C, 0x18, 0x0C,
    0xF5, 0x29, 0xEA, 0x5B, 0x3D, 0x2B, 0x13, 0x67, 0xC4, 0x8C, 0xD4, 0x36, 0xA8, 0xED, 0xF4, 0xD7,
    0xE6, 0x38, 0xE4, 0xDB, 0x5F, 0xE4, 0x51, 0xE2, 0xFE, 0x7D, 0x0D, 0x9B, 0x6B, 0x93, 0x38, 0xE6,
    0xAC, 0xCE, 0x55, 0xAE, 0x66, 0x9E, 0x7A, 0x56, 0x59, 0xE8, 0x56, 0xF3, 0x86, 0x25, 0xB8, 0xA1,
    0xFE, 0xE9, 0x74, 0xE9, 0xD3, 0x07, 0xAE, 0xB6, 0xF7, 0x4D, 0x8B, 0xD7, 0xF6, 0x72, 0xD5, 0x14,
    0x5F, 0x2B, 0xAD, 0xC5, 0x97, 0xE8, 0x31, 0x68, 0x78, 0x8D, 0xFA, 0xCF, 0xD2, 0xCF, 0xA4, 0xB4,
    0x0A, 0xD8, 0x35, 0x0D, 0x6C, 0x9A, 0x33, 0xBA, 0x72, 0xB7, 0xB9, 0x8C, 0xE0, 0x46, 0xB6, 0xDB,
    0xED, 0xF8, 0xEF, 0xBE, 0x10, 0x9D, 0x26, 0xAB, 0x5C, 0xEE, 0x46, 0x41, 0x27, 0xE7, 0x3E, 0x0D,
    0x8D, 0x73, 0x78, 0x62, 0x20, 0x57, 0xB0, 0xCC, 0x36, 0xE8, 0x16, 0x94, 0x21, 0x2D, 0xFA, 0x70,
    0x9C, 0x89, 0xF7, 0xC8, 0x05, 0xBF, 0x87, 0x04, 0x26, 0x26, 0xBC, 0x50, 0x31, 0x45, 0x1D, 0x52,
    0x05, 0xD2, 0x67, 0xCC, 0xF1, 0x9C, 0xC1, 0xE2, 0x94, 0xCD, 0x50, 0x01, 0xAE, 0xA5, 0xD4, 0x94,
    0x2E, 0x81, 0xDC, 0xA3, 0x3B, 0x64, 0x68, 0xA4, 0x03, 0x19, 0xEC, 0x15, 0x5B, 0x5F, 0xD6, 0x58,
    0xAE, 0xE1, 0xA4, 0xF1, 0xA3, 0xC6, 0x88, 0x05, 0x61, 0xDB, 0x2D, 0x51, 0x60, 0x34, 0xFE, 0x80,
    0x31, 0x13, 0xBF, 0x60, 0x43, 0x20, 0x9A, 0xCD, 0x99, 0xB6, 0x3B, 0x30, 0xB5, 0x16, 0x05, 0x22,
    0x22, 0x11, 0x2D, 0x81, 0x1B, 0x7B, 0x02, 0xB6, 0xD5, 0x44, 0x2A, 0x00, 0x38, 0xC0, 0x19, 0x07,
    0x46, 0x31, 0x84, 0x75, 0x49, 0xBF, 0xA8, 0x23, 0xAB, 0x14, 0x30, 0xC0, 0xC6, 0x88, 0x6A, 0x20,
    0x83, 0x03, 0xA3, 0x70, 0x4B, 0x8A, 0x4F, 0x2A, 0x29, 0x07, 0x9B, 0x81, 0x7D, 0x46, 0xFB, 0xA4,
    0x80, 0x96, 0xC6, 0x0B, 0x30, 0xE6, 0x72, 0x86, 0xA6, 0xAD, 0xA1, 0x78, 0xE0, 0x1E, 0x6A, 0x92,
    0x5A, 0x75, 0x4B, 0xA6, 0xC9, 0x95, 0x04, 0x26, 0x23, 0xE9, 0x5F, 0xA8, 0xC9, 0x48, 0x3A, 0x3D,
    0x73, 0x6A, 0xA2, 0x03, 0xA9, 0x5B, 0x8B, 0x6A, 0xB6, 0x45, 0x4D, 0x96, 0x72, 0x47, 0xD0, 0x37,
    0x5B, 0xC5, 0x6E, 0x25, 0x03, 0xDB, 0x64, 0xB3, 0x27, 0xF6, 0x51, 0xA4, 0xFE, 0xA4, 0x0E, 0x05,
    0x97, 0x95, 0x96, 0x6E, 0xE0, 0x6E, 0x25, 0x4F, 0x96, 0x3B, 0xD9, 0xC6, 0xF1, 0xD8, 0x79, 0x69,
    0x76, 0x31, 0xAB, 0x23, 0xD7, 0x08, 0x8A, 0x14, 0x2F, 0xDB, 0xDE, 0x8C, 0xBC, 0xAB, 0x48, 0x2B,
    0x41, 0x6C, 0x7C, 0x1E, 0x12, 0xF2, 0xD2, 0x6A, 0x6C, 0x7E, 0x45, 0x4D, 0x2E, 0x3E, 0x68, 0xE5,
    0x17, 0x39, 0xB7, 0xB8, 0x98, 0x4C, 0xC7, 0xC5, 0xA2, 0x93, 0x03, 0xDF, 0xE8, 0x0A, 0x8C, 0xFB,
    0xDE, 0x0C, 0x7C, 0x68, 0x25, 0xC2, 0xFD, 0x93, 0xC6, 0x25, 0x95, 0x0C, 0xDC, 0x43, 0x0E, 0x95,
    0x1A, 0xD3, 0xC0, 0xFA, 0x36, 0x97, 0xA4, 0x77, 0xDE, 0xD9, 0x67, 0x8C, 0xE5, 0x60, 0xDF, 0x4C,
    0x2F, 0x22, 0xED, 0x2B, 0xBB, 0xB5, 0xF4, 0xFC, 0xC9, 0x34, 0x3A, 0xD9, 0xC9, 0xF4, 0xA2, 0x9D,
    0x9F, 0x7E, 0x15, 0x3F, 0x34, 0x65, 0x07, 0x45, 0xE7, 0x11, 0x59, 0x8C, 0x15, 0xD1, 0x78, 0x74,
    0xEB, 0x83, 0x87, 0x8E, 0xED, 0x12, 0x9A, 0xEA, 0x86, 0x26, 0xE4, 0x86, 0xDF, 0x68, 0x09, 0x23,
    0x9C, 0xE8, 0x57, 0x9C, 0xE3, 0xD6, 0x29, 0x1C, 0xB0, 0x0A, 0xB0, 0xE7, 0x5C, 0xE1, 0x65, 0x99,
    0x70, 0x9A, 0x35, 0xAC, 0x48, 0xB4, 0x06, 0x1A, 0x9D, 0x01, 0x63, 0x20, 0xE2, 0x26, 0x03, 0xEC,
    0x91, 0x81, 0xC5, 0x1B, 0x68, 0x6D, 0x0B, 0x80, 0x12, 0x45, 0x36, 0x42, 0xB2, 0xD9, 0x48, 0x72,
    0xD4, 0x48, 0x14, 0x1C, 0x39, 0xCE, 0x07, 0x33, 0xEA, 0x70, 0xE6, 0x5A, 0x45, 0x2B, 0x2B, 0xF3,
    0x59, 0x4D, 0x84, 0xCF, 0x6C, 0x5C, 0x2C, 0x63, 0xA4, 0x6C, 0x87, 0x64, 0x1C, 0x8D, 0x25, 0x19,
    0xFA, 0xDD, 0x8F, 0xDC, 0x90, 0xED, 0xC8, 0x58, 0x73, 0x0E, 0xA9, 0xB9, 0x47, 0x77, 0xF1, 0x6E,
    0xE9, 0xD4, 0xDE, 0x07, 0x64, 0xB3, 0x53, 0xCE, 0xC7, 0x0B, 0xAD, 0xE7, 0x77, 0x95, 0x53, 0x3A,
    0x64, 0x48, 0xC7, 0x08, 0xD4, 0xA0, 0xD6, 0xB8, 0xB2, 0x93, 0x5E, 0x34, 0x30, 0x8A, 0xCD, 0x53,
    0x53, 0x2B, 0x46, 0xEE, 0x33, 0x15, 0x34, 0xCD, 0x69, 0xA0, 0x03, 0xEC, 0x8B, 0x7D, 0xBA, 0x69,
    0x96, 0x17, 0x3D, 0xA7, 0x01, 0x88, 0xC7, 0x11, 0x50, 0x49, 0x27, 0x6B, 0x04, 0x37, 0x7E, 0xEE,
    0xF8, 0x63, 0xBA, 0x47, 0x9A, 0xD3, 0x91, 0x32, 0x6C, 0xA4, 0x8B, 0x95, 0x9B, 0x71, 0x6B, 0x9A,
    0x82, 0xFE, 0xAF, 0x53, 0x48, 0x8A, 0xD8, 0x84, 0x0E, 0xDF, 0x85, 0xA4, 0x08, 0x8A, 0x54, 0x84,
    0xEE, 0x5C, 0xEB, 0x12, 0x32, 0x8C, 0x12, 0x83, 0x8D, 0x2F, 0x55, 0x64, 0xED, 0x26, 0xC6, 0xF7,
    0x6B, 0x14, 0x17, 0x0E, 0xFF, 0x77, 0x56, 0xF5, 0x5E, 0xD1, 0xD7, 0xFF, 0xC3, 0xB8, 0x7B, 0x1B,
    0xD1, 0xFF, 0x3F, 0x46, 0xFC, 0x2B, 0x8D, 0xA8, 0x34, 0xA2, 0xBE, 0x73, 0xB6, 0x74, 0x1A, 0xB1,
    0x05, 0x55, 0x09, 0x1A, 0x91, 0x1B, 0x74, 0xE3, 0x98, 0x4B, 0x3B, 0xAC, 0x38, 0x92, 0x9C, 0xE1,
    0x5B, 0x5C, 0x96, 0x8D, 0x88, 0x8F, 0x8B, 0x06, 0xF6, 0xE4, 0x8C, 0xCB, 0x69, 0x4B, 0x4F, 0x46,
    0xDA, 0x8F, 0xD4, 0xA1, 0xA4, 0x9C, 0x64, 0x57, 0xE2, 0xE6, 0xA8, 0x47, 0x14, 0x9A, 0x90, 0x23,
    0x3C, 0xBE, 0x8C, 0x70, 0xB3, 0x93, 0x6B, 0x13, 0x1A, 0x9E, 0x4C, 0xD1, 0xE7, 0xD6, 0x86, 0xE7,
    0xD4, 0xD7, 0x65, 0x67, 0x8B, 0xEC, 0x5C, 0x4D, 0x0D, 0x86, 0x1B, 0x3A, 0x56, 0x67, 0x3D, 0x1A,
    0x09, 0x46, 0x23, 0xC2, 0x38, 0x8E, 0x84, 0x1D, 0xE8, 0xF6, 0x2F, 0x2C, 0x13, 0x41, 0x3C, 0x2D,
    0x13, 0xC0, 0xBD, 0x7A, 0xB5, 0x5A, 0x22, 0x8B, 0x63, 0x67, 0xB7, 0x72, 0x2E, 0x95, 0x9B, 0x3A,
    0xBE, 0x2E, 0x91, 0x51, 0x6C, 0xA4, 0x1D, 0xDB, 0x45, 0x35, 0xD9, 0xB7, 0x8B, 0x56, 0xC6, 0x44,
    0x0E, 0xC0, 0x51, 0x90, 0xB0, 0x54, 0x2B, 0xCE, 0xB7, 0x0C, 0x8A, 0x4B, 0x09, 0x56, 0xDD, 0x01,
    0x06, 0xD2, 0x44, 0x5E, 0x0E, 0x78, 0x3E, 0x0C, 0x14, 0xDE, 0xA3, 0x10, 0x42, 0x6C, 0x56, 0x9F,
    0xF3, 0xCA, 0xA7, 0x34, 0x67, 0xE4, 0x28, 0x39, 0x9C, 0x2B, 0x44, 0x49, 0x04, 0xE1, 0x37, 0xFA,
    0x11, 0x29, 0x1D, 0x06, 0xE8, 0xD6, 0x52, 0x36, 0x6B, 0x59, 0x32, 0xA5, 0xE7, 0x9A, 0xA9, 0x0D,
    0x72, 0xB0, 0x14, 0x6A, 0x76, 0x48, 0x11, 0x85, 0x8D, 0xD1, 0x2D, 0x04, 0x15, 0x87, 0x94, 0xF6,
    0x01, 0x19, 0x7C, 0xA2, 0x51, 0x2F, 0xC9, 0x80, 0xA5, 0x56, 0x92, 0x03, 0xAD, 0xE3, 0x94, 0x15,
    0xFA, 0x20, 0xE8, 0x81, 0x1C, 0x5A, 0x24, 0x69, 0x0E, 0x51, 0x8B, 0x46, 0x6A, 0x0F, 0x91, 0x06,
    0xC8, 0xB9, 0x5E, 0xAF, 0xD5, 0x69, 0x9E, 0xB2, 0xCD, 0x12, 0x9D, 0x42, 0x59, 0x16, 0xCA, 0x22,
    0x46, 0x1B, 0x83, 0xA8, 0x10, 0x14, 0xD5, 0x5C, 0x83, 0x28, 0x1D, 0xCA, 0xCA, 0x12, 0x99, 0x4A,
    0xA8, 0x81, 0x31, 0x58, 0xC2, 0x9D, 0x65, 0x87, 0xED, 0xE9, 0x32, 0x49, 0xF9, 0xB2, 0xDD, 0xEC,
    0x96, 0x0A, 0x8C, 0x64, 0x4D, 0xC7, 0x62, 0xB7, 0x2B, 0xF2, 0xEE, 0x94, 0xDF, 0x3F, 0xF5, 0xAC,
    0xBD, 0x7D, 0xB1, 0x8C, 0xC0, 0xCA, 0xAB, 0xAA, 0xF8, 0x5F, 0x9E, 0xCE, 0x66, 0x17, 0xB9, 0x27,
    0x41, 0xBA, 0x3F, 0x04, 0xE9, 0xF3, 0x0B, 0xD6, 0x23, 0x7D, 0x7B, 0x53, 0x18, 0x92, 0x99, 0xD9,
    0xEB, 0xF3, 0xD7, 0xEB, 0x07, 0x87, 0x43, 0xBE, 0x5E, 0x7B, 0x1F, 0xD9, 0xCF, 0xDC, 0xEC, 0xCE,
    0x7D, 0x5C, 0xF9, 0xA9, 0x9A, 0x60, 0xC6, 0xBD, 0xE5, 0x0C, 0xB9, 0xAB, 0x31, 0xC7, 0x77, 0xB7,
    0xF1, 0xEA, 0x43, 0x35, 0xF7, 0x23, 0x9E, 0xC5, 0xB1, 0x7E, 0x39, 0x0B, 0x11, 0xBC, 0xA0, 0xF6,
    0x7A, 0x15, 0xF6, 0x2B, 0xEA, 0x6D, 0xE3, 0x1E, 0x44, 0xA7, 0x3B, 0x73, 0xC1, 0x31, 0xBE, 0x43,
    0xA4, 0x6D, 0x9C, 0x68, 0x40, 0x77, 0x09, 0x54, 0xA5, 0x61, 0xB8, 0x8E, 0x71, 0xE8, 0xA7, 0x57,
    0xA7, 0x0B, 0x86, 0x49, 0xFA, 0x11, 0x21, 0x2D, 0x12, 0xE7, 0xCB, 0xE5, 0xC4, 0x38, 0x51, 0x31,
    0x2C, 0x57, 0x28, 0xC0, 0xF9, 0xEA, 0x30, 0x57, 0x54, 0x8F, 0x58, 0x3E, 0x12, 0xDC, 0xCA, 0x47,
    0x38, 0x66, 0x44, 0x1F, 0xE2, 0x8A, 0x7C, 0x6F, 0x98, 0x65, 0x7F, 0xDB, 0x84, 0x2A, 0x61, 0x0C,
    0x0D, 0x2E, 0xE6, 0x3F, 0x3D, 0x54, 0xD8, 0x86, 0x1E, 0x88, 0xB1, 0xF1, 0x2B, 0x57, 0xE5, 0xD1,
    0xBD, 0xC5, 0x38, 0x42, 0xAD, 0x3E, 0xBE, 0x96, 0x2D, 0xE3, 0x49, 0x1A, 0xCF, 0x1D, 0x46, 0xCE,
    0x48, 0xE6, 0x02, 0xE2, 0x5C, 0x8B, 0x70, 0x5C, 0x82, 0x5A, 0x55, 0x98, 0x63, 0xFB, 0x6D, 0x9D,
    0xF1, 0xC8, 0x70, 0xA3, 0xA6, 0x50, 0x25, 0x47, 0x75, 0x46, 0x35, 0xD8, 0x69, 0x77, 0xE9, 0x1E,
    0x43, 0x91, 0xFE, 0x68, 0x1E, 0xD4, 0x7D, 0x19, 0x85, 0xA0, 0x9D, 0xCF, 0x17, 0xAB, 0x31, 0x94,
    0xCF, 0x52, 0xCD, 0x88, 0xEF, 0x47, 0x0C, 0x40, 0x9D, 0x31, 0x61, 0x3D, 0x87, 0x5C, 0xE1, 0xBE,
    0xAF, 0xDA, 0x6C, 0xD1, 0x1E, 0x46, 0x84, 0xD4, 0xB7, 0x14, 0xE5, 0x2A, 0x68, 0x7F, 0xF8, 0xC8,
    0x87, 0xD1, 0xB7, 0xE9, 0x51, 0xE3, 0xF4, 0x28, 0xAA, 0x71, 0x83, 0xEE, 0x7C, 0xE0, 0xD0, 0xC5,
    0x8F, 0x87, 0x57, 0xFE, 0x50, 0x6E, 0x6D, 0x1E, 0xEB, 0xE1, 0xB5, 0x2E, 0xCA, 0xE2, 0xD3, 0x7E,
    0xEB, 0x77, 0x87, 0xA0, 0x81, 0xF4, 0x6C, 0x7A, 0x26, 0x0E, 0x13, 0xAC, 0x2E, 0xF1, 0x87, 0xE6,
    0x80, 0x19, 0x4D, 0xF8, 0x70, 0xC3, 0x67, 0x53, 0x7E, 0x2A, 0xCE, 0x4F, 0x9F, 0xEF, 0xFA, 0x24,
    0x46, 0x58, 0x6C, 0xDF, 0x49, 0x4F, 0x23, 0x19, 0x51, 0xE6, 0x70, 0x39, 0x7A, 0x7A, 0x19, 0xE3,
    0x34, 0x47, 0x4C, 0x6B, 0xAA, 0x35, 0xAC, 0xD9, 0xE1, 0x3A, 0x77, 0xB0, 0x81, 0x13, 0x61, 0x9D,
    0x2F, 0xF8, 0x71, 0xB3, 0x28, 0x95, 0x74, 0x8E, 0xD6, 0x8F, 0x62, 0xEE, 0x6B, 0xBE, 0x15, 0x2F,
    0x98, 0x53, 0xEB, 0x21, 0x90, 0xA2, 0xBA, 0xFE, 0x1C, 0x6A, 0xFE, 0xCC, 0x31, 0x5E, 0xA7, 0x77,
    0x48, 0x63, 0xA8, 0xE1, 0x2C, 0x6D, 0x01, 0x0F, 0xAF, 0x59, 0x8A, 0x12, 0xAF, 0xBC, 0x3D, 0x1E,
    0xDF, 0xA1, 0x66, 0x70, 0xF3, 0xC0, 0x10, 0xC6, 0xB7, 0x97, 0xD0, 0x2A, 0xAA, 0x99, 0x96, 0xB0,
    0xAF, 0xE8, 0xD6, 0xA7, 0xFE, 0x9A, 0x10, 0x68, 0xC0, 0x9D, 0xA3, 0x2A, 0xA2, 0x47, 0x8F, 0xE7,
    0x18, 0x4C, 0xB0, 0x13, 0x08, 0x62, 0xE8, 0xC6, 0x87, 0x21, 0xDA, 0xD8, 0x19, 0xC4, 0xC6, 0x0F,
    0x41, 0x2C, 0xE8, 0x0F, 0x41, 0x68, 0xC6, 0x85, 0x84, 0x49, 0x8B, 0x5F, 0x76, 0x7F, 0x17, 0xBA,
    0xD1, 0x4C, 0x9B, 0x45, 0xFB, 0x88, 0x06, 0x2B, 0x72, 0x0F, 0xF6, 0xFB, 0xC9, 0xC0, 0x17, 0x10,
    0xB4, 0x7B, 0x33, 0x86, 0xF8, 0x5C, 0x33, 0x8D, 0x45, 0x2D, 0xF8, 0x61, 0x81, 0xB1, 0xA3, 0x5B,
    0x85, 0x79, 0xC4, 0xA0, 0xF9, 0xAD, 0x23, 0x8B, 0xCA, 0x6F, 0x33, 0xA4, 0xFA, 0x3D, 0x91, 0x79,
    0xC4, 0x08, 0x3A, 0xDD, 0x43, 0x28, 0x41, 0x38, 0xFB, 0x29, 0x94, 0x9C, 0xDF, 0x87, 0xEA, 0xEB,
    0x2A, 0x0C, 0xCE, 0x77, 0x42, 0x9B, 0x77, 0x18, 0x73, 0x1F, 0xB8, 0x1B, 0xF9, 0x05, 0x22, 0xC3,
    0xBD, 0xFB, 0x60, 0x2E, 0x17, 0x73, 0xFA, 0x4D, 0xBD, 0xE2, 0x71, 0xD0, 0x73, 0x3A, 0x91, 0x06,
    0xDD, 0xFB, 0x98, 0x6C, 0xE8, 0x85, 0xB7, 0x37, 0xD8, 0xDF, 0xC3, 0x8B, 0x8A, 0x07, 0x00, 0xD7,
    0x06, 0xA2, 0x58, 0x5E, 0xC9, 0x9C, 0xB1, 0x64, 0xD6, 0xB8, 0xC8, 0xF1, 0x5C, 0x9F, 0xBE, 0xB9,
    0x1E, 0x5F, 0x7F, 0x54, 0x31, 0x80, 0xE3, 0x09, 0xAB, 0xD3, 0xCD, 0xE6, 0xD6, 0x14, 0x83, 0x46,
    0x17, 0x86, 0xA2, 0xF5, 0xF9, 0x8F, 0xE9, 0x30, 0x1B, 0xD7, 0x8D, 0xB2, 0x72, 0x01, 0x8A, 0xB4,
    0xC4, 0xFA, 0x20, 0xF1, 0x06, 0x56, 0x1B, 0xDD, 0x01, 0x23, 0xAE, 0x4F, 0xBE, 0x4B, 0xB3, 0x30,
    0x60, 0x00, 0xB5, 0xB5, 0xAD, 0x2C, 0xF7, 0x67, 0xA7, 0xE7, 0xFF, 0x46, 0x58, 0x65, 0x91, 0xD8,
    0x96, 0xD5, 0xEF, 0xFF, 0x2C, 0xA9, 0x56, 0x5E, 0xFA, 0x0E, 0xC8, 0xCB, 0xEF, 0x9B, 0x78, 0x1F,
    0x13, 0x2F, 0x93, 0x2E, 0x3D, 0xBD, 0x83, 0x87, 0x8B, 0xF1, 0x68, 0xD6, 0x06, 0x0F, 0x5C, 0xF0,
    0xED, 0x45, 0x54, 0xD8, 0xAB, 0x3E, 0x17, 0x9C, 0xBA, 0x96, 0xA4, 0x99, 0x70, 0x65, 0xED, 0x30,
    0xBF, 0xEA, 0x7F, 0xDE, 0x34, 0x3B, 0xE2, 0x82, 0xDC, 0x7B, 0x48, 0xD7, 0xB0, 0xEE, 0xDD, 0xE1,
    0x41, 0x8E, 0x51, 0x7E, 0xFA, 0x5B, 0xDF, 0x7F, 0xBC, 0x7F, 0xFF, 0xB7, 0xBE, 0xFF, 0x04, 0x9C,
    0x94, 0x81, 0x06, 0x2C, 0x51, 0x08, 0x86, 0x23, 0x80, 0x9F, 0x5E, 0x25, 0x0E, 0xC0, 0x72, 0x5E,
    0x3D, 0x02, 0x88, 0x79, 0x95, 0x08, 0x60, 0x99, 0xDB, 0xB1, 0x3B, 0xDC, 0xCB, 0x85, 0x76, 0xE0,
    0x93, 0xF1, 0x69, 0xAA, 0x9A, 0xE8, 0x87, 0x88, 0xD8, 0x88, 0xE8, 0xE1, 0x66, 0xAF, 0x8C, 0x85,
    0x2D, 0x25, 0x89, 0x05, 0xC5, 0xAA, 0xBF, 0xDF, 0x3F, 0x5C, 0xFD, 0xFC, 0xCF, 0x57, 0xFF, 0xFA,
    0xB1, 0x0E, 0x4F, 0xCC, 0x13, 0x7F, 0x8B, 0xCB, 0xF1, 0x9B, 0x77, 0x06, 0x63, 0x83, 0x65, 0x94,
    0xFF, 0x72, 0x79, 0xB7, 0xBF, 0xAE, 0xF6, 0x9B, 0x27, 0x1E, 0xE5, 0x6F, 0x21, 0x5E, 0xA1, 0x58,
    0xB1, 0x42, 0x43, 0x4F, 0x3C, 0xCB, 0x5F, 0xFC, 0x0E, 0xA6, 0xD5, 0xCC, 0x66, 0xC7, 0xF7, 0xC4,
    0x17, 0xCF, 0x4A, 0x30, 0x84, 0xFD, 0x36, 0x3B, 0x7D, 0x18, 0x7E, 0xFF, 0xD7, 0xDF, 0xDE, 0xF5,
    0x53, 0xFB, 0x97, 0x4F, 0xFB, 0x57, 0xE9, 0xA0, 0xED, 0xEC, 0xE9, 0xA4, 0xEA, 0xE2, 0x13, 0x1F,
    0xAB, 0x2A, 0xD4, 0x54, 0xD2, 0xD6, 0x21, 0xD4, 0x47, 0xBE, 0xAE, 0xAC, 0xD4, 0x93, 0xD8, 0x3C,
    0xCC, 0x94, 0x69, 0xE6, 0x6F, 0x70, 0x3D, 0x7B, 0x73, 0xFA, 0xA0, 0x52, 0x35, 0xF4, 0xE5, 0x5F,
    0x3F, 0x47, 0x3E, 0xBD, 0xC1, 0xE6, 0xF8, 0x30, 0x9A, 0xDE, 0x1C, 0xCD, 0xBF, 0x2A, 0x41, 0x10,
    0xB6, 0x32, 0x5B, 0x74, 0xEE, 0xE0, 0x77, 0x5F, 0xD1, 0xFE, 0xAC, 0x7E, 0xCE, 0x73, 0x77, 0xA4,
    0x41, 0x95, 0x41, 0xD8, 0x3C, 0xED, 0x9F, 0xAE, 0x0C, 0xCD, 0xC3, 0x84, 0xAA, 0xB2, 0xDD, 0x33,
    0x7F, 0x55, 0xFB, 0x68, 0xBF, 0x12, 0x8B, 0x94, 0x87, 0xF5, 0x9F, 0xFD, 0x65, 0x90, 0x30, 0xBB,
    0x39, 0xE9, 0x66, 0xF1, 0x61, 0xFF, 0x3E, 0x73, 0x07, 0xDF, 0x87, 0x27, 0x9E, 0xF8, 0x80, 0xF9,
    0xF5, 0x32, 0x43, 0x84, 0x07, 0xCA, 0x4E, 0x3C, 0xFB, 0x7E, 0x3B, 0x75, 0x43, 0xCE, 0xDC, 0x7F,
    0xF8, 0xFF, 0xED, 0xAF, 0xBF, 0xCF, 0xFF, 0x0F, 0xED, 0xC7, 0xCC, 0x17, 0xB7, 0xF6, 0x16, 0x09,
    0xB4, 0xEC, 0xCC, 0x81, 0xBD, 0x46, 0xBE, 0xF8, 0x95, 0x0A, 0x60, 0x85, 0xB8, 0x06, 0x5E, 0x1D,
    0xFF, 0xB0, 0xBF, 0x26, 0x20, 0xB7, 0x20, 0x7B, 0xF6, 0x6F, 0xEA, 0x2B, 0x9B, 0x27, 0xA9, 0xC9,
    0xE5, 0xC3, 0xFB, 0xBD, 0xDD, 0x09, 0x44, 0x09, 0x36, 0x80, 0xB8, 0x39, 0xCA, 0xFF, 0xDC, 0x8F,
    0x3B, 0xA7, 0x2D, 0x12, 0x99, 0xED, 0x7F, 0x4B, 0xEE, 0x28, 0xE3, 0x0C, 0x77, 0x32, 0x63, 0x1A,
    0xEE, 0xCF, 0x1F, 0xC6, 0xCA, 0xC4, 0x66, 0x82, 0x5C, 0x05, 0xC2, 0x9F, 0x84, 0xEE, 0xF7, 0x76,
    0x49, 0xE5, 0x0F, 0xC0, 0x12, 0xA9, 0x23, 0x4D, 0x00, 0x9B, 0x4A, 0x05, 0x80, 0xC4, 0xB6, 0x71,
    0xCF, 0xB5, 0x77, 0x83, 0xBF, 0x9A, 0xBE, 0x9B, 0xB2, 0xD1, 0x78, 0xEE, 0xFF, 0x3D, 0xAE, 0xF9,
    0xB7, 0xBB, 0x8F, 0xFF, 0xF6, 0xFD, 0xD0, 0x13, 0x67, 0x13, 0x32, 0x59, 0xEE, 0xF0, 0x3B, 0x82,
    0x13, 0xF5, 0x0A, 0x40, 0x40, 0x82, 0x25, 0xDE, 0x49, 0xB4, 0xAC, 0xBD, 0x5C, 0xAB, 0x3D, 0x7F,
    0x22, 0x50, 0x04, 0x49, 0xD9, 0x1E, 0x50, 0x0E, 0xF5, 0x7F, 0xA8, 0x65, 0x35, 0x43, 0xAE, 0x56,
    0x64, 0x3C, 0x9A, 0xE8, 0x9A, 0x47, 0x38, 0x6C, 0xC3, 0x59, 0xC0, 0x0F, 0x00, 0x5E, 0x40, 0xEF,
    0x53, 0xDD, 0x22, 0xE4, 0x45, 0x60, 0x45, 0xC1, 0x81, 0x15, 0x30, 0x60, 0xD0, 0x40, 0x74, 0xE7,
    0x01, 0x01, 0x9F, 0x58, 0xCF, 0xEB, 0x4C, 0x80, 0x27, 0x10, 0x21, 0xCF, 0xEE, 0xEE, 0x01, 0x3F,
    0xB4, 0xF0, 0x64, 0xF9, 0xA3, 0xCA, 0xBB, 0xCB, 0xBA, 0xE5, 0xDA, 0x1E, 0xD8, 0x19, 0xEC, 0xE1,
    0x67, 0x64, 0x64, 0x74, 0xB3, 0xEF, 0xAE, 0xFE, 0x2D, 0x03, 0x08, 0x4F, 0xA8, 0x0B, 0xDB, 0x42,
    0x3C, 0x4D, 0x38, 0x17, 0x16, 0xE8, 0x7C, 0xB1, 0xCE, 0x79, 0xC2, 0x81, 0x88, 0xBB, 0xCA, 0xE8,
    0xAE, 0x03, 0x3C, 0x39, 0xE8, 0x6E, 0x0D, 0xFE, 0xBE, 0x90, 0x03, 0x9F, 0x08, 0xD6, 0x1D, 0x85,
    0xEE, 0xB8, 0xB7, 0x7F, 0xBB, 0xE8, 0xE5, 0xB3, 0x6D, 0xB8, 0x5C, 0xE7, 0xD3, 0x83, 0x17, 0x12,
    0x70, 0x01, 0xD1, 0xCF, 0x6B, 0x2B, 0x84, 0xC9, 0x0B, 0x97, 0x5D, 0x48, 0x7A, 0x23, 0x0E, 0xCE,
    0x8D, 0x45, 0x61, 0xFD, 0x28, 0xE8, 0x16, 0x78, 0x27, 0x58, 0x03, 0x0C, 0x22, 0x29, 0x7C, 0x23,
    0x06, 0xD0, 0x34, 0x74, 0x8F, 0x23, 0xBA, 0xAF, 0x6D, 0xD7, 0x49, 0xA0, 0x8B, 0xE7, 0x14, 0x63,
    0x85, 0xE9, 0x58, 0xB5, 0x26, 0x71, 0x48, 0xFA, 0x2C, 0xDD, 0xAE, 0x0B, 0x53, 0xAF, 0xFE, 0x8F,
    0x70, 0xB4, 0xEC, 0x96, 0x04, 0xA4, 0x5B, 0x9C, 0xB7, 0xE4, 0x88, 0x5D, 0x92, 0xE8, 0x12, 0x4B,
    0xE4, 0xFC, 0x98, 0x3C, 0x17, 0x8B, 0x6E, 0xB6, 0xB8, 0x10, 0x01, 0x78, 0xEE, 0x24, 0x5E, 0x9F,
    0x42, 0x74, 0x03, 0x58, 0x0B, 0xA0, 0x65, 0xAA, 0x7D, 0x2B, 0x0B, 0x2F, 0x6B, 0x05, 0xAA, 0x79,
    0x73, 0x85, 0x42, 0x02, 0x8E, 0x97, 0xDD, 0xF3, 0x3E, 0x2B, 0x97, 0x2B, 0x32, 0xB2, 0x69, 0xAB,
    0x19, 0x91, 0xCD, 0x3E, 0x36, 0xC5, 0xF4, 0x5C, 0xFB, 0x04, 0xE0, 0x03, 0x9E, 0x88, 0x0F, 0x9C,
    0xC7, 0xFE, 0xBD, 0x65, 0xF5, 0xB2, 0x4C, 0xC0, 0xB6, 0x2C, 0x5A, 0x96, 0xCE, 0x3A, 0x96, 0xAD,
    0xF1, 0x0A, 0x7D, 0x88, 0x10, 0xB5, 0xA5, 0x5B, 0x5B, 0x54, 0xB0, 0x4D, 0x5A, 0xD8, 0x16, 0xBF,
    0x25, 0xB7, 0x65, 0x69, 0xDB, 0xB2, 0x4B, 0x74, 0x09, 0xF0, 0xDF, 0x2C, 0xEB, 0xD6, 0x95, 0xD6,
    0x44, 0xE7, 0xB2, 0xD4, 0x2B, 0x9D, 0x6E, 0x42, 0x80, 0x7D, 0xC3, 0xF3, 0x4F, 0xE8, 0xEE, 0xB2,
    0xC1, 0x5F, 0x36, 0x4F, 0x7D, 0xE3, 0xB9, 0x7D, 0x9B, 0x0B, 0x2E, 0xBA, 0x4C, 0xE1, 0xE9, 0x57,
    0x42, 0xC0, 0x3A, 0x9D, 0x70, 0x16, 0xFB, 0x02, 0xDD, 0x1F, 0x3C, 0x07, 0x7B, 0x1B, 0xE1, 0xEC,
    0x84, 0x22, 0xB4, 0x73, 0x5C, 0xD6, 0xCE, 0xDA, 0xCF, 0xEA, 0xF4, 0xC2, 0x6A, 0xE6, 0x98, 0x82,
    0x80, 0x3A, 0x18, 0x33, 0xBE, 0x61, 0xC2, 0xF3, 0xAF, 0xE0, 0x49, 0xF0, 0x44, 0xE3, 0xF2, 0x0B,
    0xDD, 0x4D, 0x74, 0x15, 0x11, 0x59, 0x7F, 0x5F, 0xED, 0x00, 0x9B, 0x6F, 0xDE, 0xE8, 0x72, 0xAC,
    0x2B, 0xF0, 0x8D, 0x68, 0xAD, 0x83, 0xBE, 0x51, 0x17, 0x52, 0x07, 0x71, 0xF0, 0x10, 0x7E, 0x60,
    0x09, 0xB1, 0xE1, 0x1B, 0xE1, 0x4F, 0x2C, 0xE7, 0x13, 0x15, 0x1B, 0x0B, 0xD0, 0x1B, 0x05, 0x36,
    0x48, 0x7D, 0xE2, 0x5E, 0xFC, 0xB3, 0x1E, 0xC7, 0x87, 0xA5, 0x0A, 0x21, 0x53, 0xAB, 0xD3, 0x26,
    0x9C, 0x13, 0xEB, 0x8E, 0xA7, 0xFB, 0x75, 0xDC, 0x5F, 0x77, 0xD6, 0x42, 0x61, 0xF2, 0x4E, 0xAB,
    0x77, 0x9F, 0x39, 0xEB, 0xDD, 0x53, 0xE5, 0xFA, 0x63, 0xCF, 0x2D, 0xC4, 0x6C, 0x85, 0xC0, 0x74,
    0xDA, 0xA5, 0x37, 0xE9, 0x84, 0xC0, 0x12, 0x6A, 0xD3, 0xB4, 0xE9, 0xB9, 0x19, 0xE0, 0x50, 0x43,
    0x6D, 0x9A, 0x58, 0x8E, 0x27, 0xB5, 0x08, 0x4C, 0x8B, 0xC2, 0xB5, 0x4C, 0xC4, 0xDC, 0x56, 0x67,
    0x3A, 0x45, 0xE0, 0x8F, 0xA4, 0x88, 0x29, 0xB8, 0xBB, 0x3C, 0x87, 0x80, 0x67, 0x6C, 0x52, 0x43,
    0xE0, 0xD9, 0xB5, 0xA6, 0xF3, 0xAE, 0x24, 0x0A, 0x82, 0xE7, 0x52, 0xE3, 0x25, 0xA6, 0x11, 0xCF,
    0x91, 0x80, 0x79, 0xE7, 0x88, 0xE9, 0x16, 0xEB, 0x4B, 0x3C, 0xA3, 0xD3, 0x09, 0xCA, 0x2F, 0x29,
    0x93, 0xA5, 0x6F, 0x9C, 0xCA, 0xF0, 0x23, 0x31, 0x69, 0x05, 0x05, 0x71, 0x4A, 0xD7, 0xE7, 0x59,
    0xE7, 0x9C, 0xEA, 0x42, 0x47, 0x88, 0x1C, 0xFF, 0xBA, 0x98, 0x35, 0xBB, 0x20, 0x7E, 0xAF, 0xD6,
    0x8A, 0x72, 0x1D, 0xB7, 0x61, 0xA0, 0x00, 0xFE, 0x16, 0xD0, 0x55, 0x7A, 0x00, 0x03, 0xBC, 0xBA,
    0x80, 0x1C, 0x20, 0x57, 0x21, 0xF0, 0x7E, 0x09, 0x4C, 0x3B, 0x18, 0xC9, 0xA1, 0xB5, 0xDB, 0xE0,
    0xB5, 0x4D, 0xD3, 0xAC, 0x6B, 0x8F, 0xB5, 0x75, 0x44, 0x0E, 0x29, 0x93, 0xA2, 0xAC, 0xD7, 0x14,
    0x1C, 0xBA, 0x91, 0x86, 0x72, 0x80, 0x4F, 0x31, 0x43, 0x44, 0x63, 0xD6, 0x17, 0x7C, 0x14, 0x2D,
    0xD8, 0x39, 0x98, 0x82, 0x7D, 0x10, 0x1A, 0x38, 0x05, 0xA5, 0xA1, 0x75, 0xFE, 0xDF, 0xBB, 0xFC,
    0x44, 0xFD, 0xB4, 0x81, 0x32, 0xE9, 0xEC, 0xD6, 0x94, 0x78, 0x19, 0x74, 0xA0, 0x78, 0x07, 0x24,
    0x3E, 0x37, 0x17, 0x89, 0xE8, 0xBA, 0xEA, 0xE1, 0xF3, 0x4A, 0x59, 0xDE, 0xC5, 0xB4, 0x61, 0xFF,
    0xA7, 0x64, 0xEA, 0xB2, 0xE0, 0x30, 0xA3, 0xF9, 0x98, 0x01, 0xD9, 0x0C, 0xE3, 0xAC, 0x51, 0x30,
    0xC5, 0x92, 0xB2, 0x2C, 0xD5, 0x21, 0xD5, 0x98, 0xA0, 0x5C, 0x68, 0x5F, 0x74, 0x30, 0xA1, 0xDF,
    0xA8, 0x8A, 0x00, 0x0B, 0x95, 0x10, 0xB6, 0x32, 0x06, 0x69, 0xD4, 0x29, 0x14, 0x00, 0x01, 0x30,
    0x10, 0xD8, 0xB1, 0xC7, 0x8A, 0x4D, 0x27, 0x50, 0xBD, 0x83, 0x90, 0x8B, 0x0C, 0x16, 0xC1, 0x1E,
    0x25, 0x6D, 0x7C, 0x02, 0x35, 0x11, 0x22, 0xA4, 0x12, 0x86, 0x82, 0xE2, 0x13, 0xA8, 0xC1, 0xA8,
    0x13, 0x77, 0x06, 0xC9, 0x1D, 0xE4, 0xAA, 0x31, 0xAE, 0x87, 0x0F, 0x22, 0x16, 0x8A, 0xA3, 0x48,
    0x8A, 0xA5, 0x68, 0x8A, 0xA7, 0x88, 0x8A, 0xA9, 0xA8, 0x8A, 0xAB, 0xC8, 0x8A, 0xAD, 0xE8, 0x8A,
    0x2F, 0x11, 0xCD, 0x84, 0x41, 0x52, 0x5D, 0x38, 0x88, 0x2E, 0x6C, 0x44, 0x34, 0xE2, 0xC3, 0xA7,
    0xA8, 0xA0, 0xE3, 0x43, 0x86, 0xFA, 0x60, 0xE4, 0x06, 0x17, 0x01, 0x83, 0xAD, 0x08, 0xB1, 0xD2,
    0xF1, 0xFF, 0x0D, 0x35, 0x8F, 0x28, 0x0D, 0xF6, 0x55, 0x3D, 0x15, 0x5D, 0xEC, 0xBA, 0x1A, 0xE5,
    0xF5, 0xF4, 0xB3, 0xD1, 0x66, 0x03, 0x2B, 0xAA, 0x72, 0x36, 0xEC, 0x6C, 0x84, 0x78, 0x31, 0xA5,
    0xCD, 0xC6, 0x58, 0xC5, 0xCB, 0x20, 0x47, 0xE9, 0x56, 0x43, 0x9A, 0x45, 0x42, 0x8D, 0x90, 0x8F,
    0x68, 0xAA, 0x4F, 0x12, 0xB3, 0xE1, 0xA5, 0x21, 0xEE, 0x68, 0xD7, 0x86, 0xDE, 0x4A, 0xC9, 0xA5,
    0x2B, 0x55, 0x7B, 0x87, 0xF1, 0xF1, 0x90, 0xCB, 0xC8, 0x41, 0x49, 0x3C, 0x88, 0x32, 0xD4, 0x2B,
    0x4E, 0xF3, 0x76, 0x94, 0xFF, 0x88, 0x50, 0x9A, 0x9C, 0xB9, 0xD3, 0x45, 0x75, 0xF0, 0xA4, 0xC5,
    0x4B, 0xAD, 0x89, 0x8E, 0xE7, 0x63, 0x95, 0xDA, 0xA7, 0x77, 0x4F, 0x79, 0xD6, 0x0E, 0xE2, 0x50,
    0x3E, 0x8D, 0xF2, 0x78, 0x86, 0x9F, 0x70, 0xF9, 0xA1, 0x56, 0x77, 0x51, 0x70, 0x5C, 0x48, 0xE7,
    0x8E, 0x16, 0x3B, 0x6A, 0x5C, 0x84, 0x9D, 0x62, 0x24, 0xFC, 0xC4, 0xDD, 0x1B, 0x3B, 0x4E, 0xB7,
    0x17, 0x54, 0xC7, 0x28, 0x79, 0x42, 0xDA, 0xA6, 0xBC, 0x4F, 0x67, 0xAE, 0x47, 0x7A, 0x7F, 0x6A,
    0x26, 0x6B, 0xF9, 0xE1, 0xCC, 0x61, 0xB9, 0xA1, 0x8E, 0xCF, 0xE5, 0x4C, 0x92, 0xE0, 0x63, 0xF6,
    0x97, 0x1A, 0x2F, 0x27, 0x48, 0x46, 0xA7, 0x16, 0x55, 0xE7, 0xD9, 0xA9, 0xFD, 0x71, 0xFA, 0xF8,
    0x49, 0x27, 0xF6, 0x51, 0x34, 0x26, 0xBB, 0xBC, 0x58, 0x38, 0x1F, 0x68, 0xF1, 0x93, 0x7D, 0xF8,
    0x6B, 0x85, 0xF7, 0x80, 0xCE, 0xD6, 0x5E, 0x4C, 0x5B, 0xAB, 0x65, 0x62, 0x12, 0x81, 0xD6, 0x78,
    0x0E, 0x69, 0x7D, 0xA0, 0x4D, 0x34, 0x61, 0x3C, 0x10, 0x88, 0x13, 0x7B, 0xAC, 0xF9, 0xA1, 0x0F,
    0xA2, 0x4F, 0x74, 0xE2, 0xAC, 0x21, 0xFD, 0x91, 0x18, 0x89, 0x50, 0xBA, 0x2E, 0x33, 0xFD, 0x9C,
    0x30, 0x8C, 0x3E, 0x85, 0x93, 0xA2, 0x93, 0xE8, 0xEF, 0xFD, 0x52, 0x43, 0xE6, 0xC2, 0x20, 0x62,
    0xA1, 0xA5, 0x6A, 0xD3, 0x85, 0x20, 0xCF, 0x74, 0x62, 0x38, 0xE7, 0x9A, 0xF0, 0x41, 0xEC, 0x27,
    0xF6, 0xF5, 0xD5, 0x4B, 0xCF, 0x85, 0xE9, 0x14, 0x4F, 0xE4, 0x7A, 0x8E, 0xE8, 0xC2, 0x9C, 0x88,
    0xAB, 0x7B, 0xC4, 0x0D, 0x8B, 0x5E, 0x4D, 0xC9, 0x16, 0xC4, 0x6D, 0x09, 0x8E, 0x28, 0x5F, 0x2A,
    0xA0, 0xF9, 0x28, 0x79, 0xB2, 0xB3, 0x41, 0xA2, 0xA0, 0x44, 0xEF, 0xA3, 0x87, 0x6E, 0x43, 0xB3,
    0xEE, 0xBC, 0x49, 0x07, 0xCA, 0xCD, 0x47, 0xD6, 0x9B, 0x54, 0x42, 0x37, 0x52, 0x5E, 0x9E, 0x9F,
    0x51, 0xC0, 0x8B, 0xEE, 0xC3, 0x90, 0xF2, 0x93, 0xCA, 0x1A, 0x05, 0x15, 0xF4, 0x65, 0xC6, 0xE9,
    0x51, 0x0D, 0xCC, 0x62, 0x5F, 0x29, 0x5C, 0x64, 0x58, 0xAB, 0x86, 0xF9, 0x3F, 0x37, 0x2C, 0x75,
    0xFB, 0x86, 0x61, 0xF8, 0xBE, 0x61, 0x1D, 0xE3, 0x6A, 0x97, 0x6E, 0xEE, 0xB2, 0x8B, 0x37, 0x15,
    0x3C, 0xBF, 0xEA, 0x88, 0x29, 0x7C, 0x66, 0xFC, 0x28, 0x80, 0x14, 0x41, 0xBF, 0xAC, 0x45, 0x2E,
    0x9D, 0xF5, 0xA6, 0xE3, 0x17, 0xB5, 0xC8, 0x46, 0x33, 0x52, 0xE8, 0x61, 0xEC, 0x26, 0x49, 0xAA,
    0xD2, 0xB9, 0xD0, 0xEA, 0x8F, 0x95, 0x2A, 0xC1, 0x41, 0x65, 0xAE, 0x2F, 0xD6, 0xAA, 0x52, 0x41,
    0xED, 0xC7, 0xDC, 0x3F, 0xE8, 0x18, 0x26, 0xA3, 0xB3, 0xCB, 0x05, 0x48, 0x45, 0x23, 0x62, 0x2D,
    0xE2, 0x75, 0x79, 0x28, 0x7E, 0xBF, 0x34, 0xD3, 0xDA, 0x6D, 0xCE, 0x30, 0x9A, 0x3E, 0xD6, 0xF7,
    0x39, 0x1B, 0xBA, 0xF7, 0xA6, 0xFB, 0x31, 0xE7, 0xCE, 0xD0, 0x9D, 0xE4, 0x49, 0x5D, 0x59, 0xBC,
    0xC7, 0xFC, 0x40, 0xF2, 0x35, 0x96, 0xA7, 0x25, 0x3B, 0xE7, 0x05, 0x59, 0xD1, 0x11, 0x64, 0xD4,
    0x0E, 0x97, 0x27, 0xC2, 0xE4, 0x17, 0xD5, 0xC1, 0xDF, 0x2C, 0x6F, 0x29, 0x6F, 0x9F, 0x91, 0xE4,
    0xC4, 0x85, 0xA3, 0x62, 0x8F, 0x73, 0x16, 0x6A, 0x3B, 0x96, 0x19, 0xA9, 0xE5, 0x44, 0x2C, 0x34,
    0x61, 0xD4, 0x12, 0x9E, 0xCE, 0xAB, 0x25, 0x7C, 0x4C, 0xEA, 0xCF, 0xCB, 0xDB, 0x4F, 0x67, 0xEE,
    0xE3, 0x49, 0x79, 0xFB, 0xB1, 0xCC, 0x9F, 0x94, 0xB7, 0x9F, 0xCC, 0xD9, 0x72, 0x7F, 0x59, 0x72,
    0x9B, 0x44, 0xC1, 0x27, 0x41, 0xC4, 0x98, 0x7A, 0x07, 0xBB, 0x31, 0xC0, 0x62, 0xAA, 0x20, 0x9E,
    0xAA, 0xB5, 0x35, 0x98, 0xDA, 0x34, 0xF2, 0x41, 0xF4, 0x26, 0x8D, 0x42, 0x29, 0xDC, 0x2B, 0xF3,
    0xA7, 0xF5, 0xF9, 0x8F, 0x8B, 0x00, 0xBF, 0x02, 0xCE, 0x27, 0x00, 0x46, 0xF9, 0xD6, 0x90, 0x2B,
    0x8B, 0x6D, 0x40, 0x06, 0x58, 0x5B, 0x86, 0x3D, 0x3B, 0x80, 0x70, 0xF6, 0x75, 0x20, 0xFF, 0x52,
    0xBA, 0x40, 0xE9, 0x43, 0x3B, 0x76, 0x04, 0xE7, 0x70, 0xF9, 0xBE, 0x8F, 0x30, 0xF7, 0xE6, 0x8C,
    0xBE, 0xB7, 0xF0, 0x3C, 0x01, 0x34, 0x1F, 0x2A, 0x81, 0xA9, 0xBC, 0x80, 0x53, 0xE1, 0x82, 0x6C,
    0x4E, 0x45, 0x60, 0x9E, 0xCA, 0x8E, 0xE5, 0x53, 0x42, 0xDD, 0x79, 0xF5, 0x2D, 0xAE, 0xF9, 0x14,
    0x39, 0xE7, 0x1D, 0xDC, 0x50, 0xF6, 0x2F, 0xD6, 0x0F, 0x9D, 0x0D, 0xD5, 0xB8, 0x73, 0xFB, 0x21,
    0x96, 0xCA, 0x14, 0x18, 0x81, 0xCA, 0x29, 0xCA, 0x11, 0xFC, 0xDD, 0xC0, 0x93, 0x4F, 0x96, 0x6F,
    0x50, 0xFE, 0xE4, 0xA3, 0xE4, 0x1B, 0x94, 0x5B, 0xDA, 0x2C, 0x60, 0xDC, 0x53, 0xC5, 0xCB, 0x5B,
    0xF4, 0x7A, 0x85, 0xF7, 0xA8, 0x54, 0xF8, 0xF7, 0xE3, 0x4F, 0x38, 0x7E, 0x63, 0xA1, 0x76, 0xB0,
    0x15, 0x12, 0xFC, 0x9F, 0xFB, 0x19, 0x61, 0x18, 0x94, 0xDD, 0x19, 0xC3, 0x01, 0xBF, 0x33, 0xA3,
    0x38, 0x7F, 0xA9, 0x7C, 0x33, 0x97, 0x8F, 0x4A, 0x17, 0x2E, 0x3D, 0xDE, 0x1C, 0x3C, 0x8C, 0xC0,
    0xAE, 0xFC, 0x37, 0x5C, 0x3B, 0x2F, 0x58, 0xFB, 0x04, 0xC6, 0x62, 0x2B, 0xD9, 0xC1, 0x02, 0x06,
    0x56, 0x6D, 0x0E, 0xC6, 0x3E, 0x75, 0xCF, 0x7D, 0x50, 0xED, 0x7F, 0x03, 0x54, 0xCA, 0xDC, 0x90,
    0xCE, 0x4B, 0x4F, 0x5A, 0x5E, 0x2E, 0xBB, 0x6C, 0x3B, 0xF8, 0xB9, 0xED, 0x40, 0x6F, 0xE9, 0x92,
    0x1F, 0xE6, 0xDF, 0x6A, 0xF4, 0xA1, 0x67, 0x3D, 0x66, 0x04, 0x65, 0xF9, 0xC1, 0x3C, 0x64, 0x7A,
    0x1A, 0x90, 0xF4, 0x0D, 0xED, 0xF4, 0xA6, 0x0B, 0xE5, 0x28, 0x3C, 0x92, 0x36, 0xF9, 0xF0, 0xE0,
    0x68, 0x74, 0x60, 0x95, 0x9D, 0x75, 0xB3, 0x44, 0xBF, 0x7C, 0xA9, 0xFC, 0x55, 0xBB, 0x2D, 0x17,
    0x0C, 0x7F, 0xA9, 0xFC, 0x1E, 0x3E, 0x0A, 0xE8, 0x58, 0x0A, 0xA6, 0x9B, 0xA1, 0xF7, 0x47, 0x2F,
    0x83, 0xB7, 0x05, 0x94, 0x5F, 0x80, 0x6A, 0x4E, 0x48, 0x95, 0xDB, 0x54, 0xA7, 0xB7, 0x97, 0x0A,
    0xA5, 0x11, 0x4D, 0x2B, 0xF1, 0x73, 0x96, 0x49, 0x0B, 0xFD, 0xD7, 0x7F, 0xF8, 0x6B, 0x1C, 0xD7,
    0x6B, 0x2C, 0x61, 0x9A, 0xFC, 0x6A, 0x71, 0xB2, 0x7D, 0xF6, 0x18, 0x97, 0xD3, 0x5B, 0x3D, 0xF5,
    0x73, 0x7D, 0x25, 0x1E, 0xF6, 0x15, 0xFD, 0x16, 0xBE, 0x64, 0xF1, 0x1E, 0x7F, 0x5B, 0x94, 0xDF,
    0x52, 0xE7, 0xBF, 0x11, 0xD2, 0xD6, 0x2B, 0x8A, 0x36, 0x9A, 0xDF, 0xA3, 0xF5, 0xF9, 0x3A, 0xB9,
    0x46, 0xAB, 0x8D, 0x1E, 0x8C, 0xD4, 0xC7, 0x58, 0x1B, 0xC7, 0x1A, 0x6B, 0xAC, 0xF3, 0x7A, 0xA5,
    0x2E, 0xCB, 0x1A, 0x2B, 0x7D, 0x6D, 0xD1, 0x3D, 0xCF, 0xAC, 0x8D, 0x9A, 0x42, 0xFB, 0x2D, 0x0C,
    0x52, 0xAD, 0x36, 0xD6, 0x86, 0xFC, 0xBE, 0x2B, 0x3F, 0x41, 0x96, 0x6C, 0x70, 0x5C, 0xB7, 0xFB,
    0x9F, 0xC7, 0xA1, 0xF2, 0xC0, 0xCF, 0x6C, 0xC3, 0x37, 0x6C, 0x73, 0xD9, 0xF6, 0xF3, 0x38, 0x7C,
    0xB1, 0x8E, 0x27, 0xB1, 0xF8, 0x0A, 0xF9, 0x1A, 0x1F, 0x0E, 0x8F, 0x7B, 0x6A, 0x70, 0x5E, 0xCC,
    0x9F, 0x69, 0xB8, 0xC0, 0x29, 0x9B, 0xC2, 0x57, 0x98, 0x1B, 0x1A, 0xE5, 0xD7, 0x30, 0x27, 0x64,
    0x81, 0x7D, 0x6A, 0x09, 0x95, 0xAA, 0x0E, 0x28, 0x61, 0xAC, 0x01, 0x61, 0x8B, 0x57, 0xEC, 0x9F,
    0x9F, 0x13, 0xBA, 0xB6, 0x07, 0x25, 0xF5, 0x37, 0x0F, 0x1B, 0xA4, 0xD4, 0xD5, 0x61, 0xD5, 0xC4,
    0xD4, 0x46, 0xA1, 0x1E, 0x14, 0xFB, 0x15, 0x7C, 0x3D, 0x6F, 0xC4, 0x6E, 0xC4, 0x83, 0x78, 0x0B,
    0xC6, 0xDB, 0xBD, 0x11, 0x99, 0x81, 0x44, 0x90, 0xA6, 0xF1, 0xED, 0x00, 0xB5, 0x1E, 0x20, 0xC3,
    0x70, 0xA9, 0x5A, 0x23, 0x2B, 0xA6, 0x53, 0x7F, 0x65, 0xA6, 0x59, 0xF7, 0xFB, 0x11, 0x20, 0xA8,
    0x35, 0xAA, 0x38, 0x20, 0x54, 0x34, 0x3B, 0xEE, 0xE4, 0x76, 0xD6, 0xE3, 0xB5, 0xD6, 0x1B, 0xEF,
    0x54, 0xBE, 0x97, 0x79, 0x07, 0x09, 0xF8, 0x7B, 0x94, 0xEF, 0xE5, 0xD6, 0x3B, 0xEC, 0xE5, 0x93,
    0xEA, 0xF1, 0xD8, 0x0B, 0xFA, 0xCB, 0x8B, 0x6D, 0x5A, 0x3C, 0xEC, 0x13, 0x9F, 0xE2, 0xC0, 0x92,
    0x70, 0x6E, 0xAB, 0xDE, 0x09, 0x68, 0x13, 0x7A, 0x4A, 0xD7, 0x82, 0x21, 0xD8, 0x17, 0x39, 0x08,
    0xC2, 0x62, 0xA3, 0x9F, 0x54, 0x68, 0xEC, 0xB1, 0x01, 0x45, 0x1F, 0xAE, 0x95, 0x57, 0x34, 0x04,
    0x6D, 0x5D, 0xA6, 0x5B, 0x12, 0x62, 0x87, 0x1E, 0x7D, 0xA6, 0x70, 0x27, 0xB8, 0x42, 0xA1, 0x33,
    0x54, 0xBD, 0x63, 0xC8, 0x96, 0xE7, 0x7F, 0x4E, 0xB5, 0x95, 0x09, 0x1F, 0xE2, 0xB0, 0x3F, 0x00,
    0xD5, 0x9B, 0x5D, 0x6E, 0xFB, 0xB8, 0x0E, 0xC5, 0x09, 0xF0, 0xB5, 0x00, 0xB7, 0xF2, 0x5F, 0x40,
    0x00, 0x6E, 0x9D, 0x40, 0x17, 0xD0, 0xAD, 0x10, 0xE8, 0x2B, 0x01, 0x5E, 0xF3, 0xD0, 0x8C, 0xA3,
    0xBA, 0x9D, 0xE6, 0x76, 0xD2, 0x99, 0x8C, 0x6D, 0xFE, 0x94, 0x26, 0xB5, 0x78, 0x74, 0xAC, 0xC8,
    0x9F, 0x21, 0xCA, 0xF4, 0x1D, 0x3D, 0xA9, 0x6D, 0xC8, 0x01, 0xA7, 0x6F, 0x78, 0xDF, 0x20, 0xC0,
    0xEB, 0x06, 0x2D, 0x24, 0x6F, 0x88, 0x0D, 0x1C, 0x14, 0xC4, 0xBE, 0x41, 0x00, 0xDB, 0xA0, 0x85,
    0xCC, 0x04, 0x92, 0x81, 0x5A, 0x51, 0x00, 0xDB, 0xA0, 0x00, 0x6D, 0xC8, 0x42, 0x14, 0x48, 0x33,
    0x08, 0xE8, 0x89, 0xFB, 0xCF, 0x24, 0xCA, 0xD7, 0x34, 0x76, 0x92, 0x06, 0x51, 0x63, 0x56, 0xCF,
    0x4C, 0x92, 0x74, 0x25, 0x75, 0xDA, 0x40, 0x14, 0x14, 0x0D, 0x2E, 0x48, 0x50, 0x56, 0x55, 0x9A,
    0x9E, 0x24, 0x69, 0x95, 0xD0, 0xC8, 0x88, 0x42, 0x6C, 0xCF, 0x2F, 0x41, 0x4F, 0xD0, 0xFC, 0x3F,
    0xDB, 0x4C, 0xCA, 0x95, 0xA7, 0x73, 0xD3, 0x2F, 0x1B, 0xF1, 0x2F, 0xB6, 0xF7, 0xD2, 0xF2, 0x88,
    0xC8, 0xB7, 0xE0, 0xC6, 0x1F, 0x08, 0x80, 0x94, 0xDF, 0x6C, 0x74, 0xD7, 0x81, 0xC6, 0x03, 0x4C,
    0x6B, 0x37, 0xC8, 0x02, 0x47, 0x51, 0x1C, 0xB4, 0xF9, 0xE7, 0x99, 0x24, 0x8B, 0x99, 0xD8, 0x56,
    0x10, 0xEA, 0x9C, 0xD0, 0xDD, 0xCD, 0x52, 0xE3, 0x8D, 0x62, 0xE2, 0x60, 0xAF, 0xDF, 0xA4, 0x83,
    0x09, 0xC6, 0x07, 0x2A, 0x98, 0x60, 0x50, 0x42, 0x8A, 0x42, 0x8A, 0x5A, 0x2D, 0xE2, 0x9C, 0x93,
    0x96, 0x33, 0xAD, 0x0D, 0x9D, 0x0C, 0xD9, 0xD2, 0xD9, 0x5B, 0xF6, 0xE4, 0xD1, 0x74, 0xCA, 0x0C,
    0xDE, 0x66, 0x31, 0x0A, 0xAD, 0xD8, 0x15, 0xC4, 0x12, 0xEC, 0x1D, 0xE2, 0x49, 0x6A, 0x9A, 0x1B,
    0x33, 0x88, 0x6F, 0x3D, 0x01, 0x55, 0x8B, 0x01, 0xBA, 0x3C, 0xBB, 0x33, 0x49, 0x84, 0x8F, 0xDE,
    0x0C, 0x1D, 0xF2, 0xC2, 0xF6, 0x58, 0x67, 0xC4, 0x17, 0x3E, 0xB7, 0x1B, 0x1C, 0x47, 0x3C, 0xD2,
    0x05, 0xEE, 0x7E, 0xE0, 0x5A, 0x8C, 0x28, 0xAA, 0x83, 0xF6, 0xE4, 0x8E, 0x04, 0x1B, 0x5D, 0xC4,
    0x48, 0xB5, 0xBB, 0xB7, 0xF8, 0x63, 0x9D, 0x41, 0x02, 0x42, 0x0A, 0x42, 0x12, 0xA4, 0x59, 0xFB,
    0x8A, 0x66, 0x1A, 0x18, 0x60, 0x12, 0xB5, 0x2D, 0x70, 0x03, 0xF4, 0x22, 0xEF, 0x64, 0xFF, 0x2B,
    0x8A, 0x0D, 0xC5, 0x0E, 0xAA, 0x69, 0x11, 0x1E, 0x46, 0xF1, 0xF0, 0x07, 0xA9, 0xB2, 0xD3, 0x66,
    0x06, 0x48, 0x3D, 0x85, 0x9E, 0x28, 0x84, 0xEA, 0xC1, 0x0B, 0xE8, 0x24, 0x3D, 0xE6, 0xE7, 0xAB,
    0x95, 0xB7, 0x69, 0x24, 0xC1, 0xC5, 0x72, 0x7E, 0x16, 0x42, 0x22, 0x30, 0x56, 0x26, 0x88, 0x85,
    0x41, 0xC1, 0x9B, 0x6D, 0x46, 0x6C, 0x94, 0xF4, 0x8D, 0x9C, 0x16, 0xDF, 0x78, 0xE5, 0x9F, 0x78,
    0x75, 0x72, 0x2C, 0xD3, 0xAF, 0x44, 0x4F, 0xF3, 0x1B, 0x97, 0x16, 0xAF, 0x8A, 0x79, 0xBF, 0x57,
    0x67, 0xF4, 0xFE, 0xBC, 0x01, 0x93, 0xE0, 0x11, 0x2C, 0x82, 0x43, 0x30, 0x48, 0x81, 0xCA, 0x97,
    0x85, 0xB8, 0x45, 0x9E, 0xF6, 0x67, 0x94, 0x01, 0x57, 0x60, 0x0A, 0x3C, 0x99, 0xFE, 0x0C, 0x1E,
    0x1D, 0x2A, 0xFD, 0x86, 0xF6, 0xE5, 0x77, 0x07, 0x64, 0x3F, 0x11, 0xAD, 0x6B, 0xCA, 0xC6, 0x7D,
    0xEF, 0xBB, 0x50, 0x9B, 0xF4, 0x39, 0x13, 0x6B, 0x1D, 0x2C, 0x2F, 0xD3, 0x11, 0x9D, 0xC0, 0xAA,
    0x1D, 0x9C, 0x19, 0xD5, 0xAC, 0xFE, 0x02, 0x76, 0xE4, 0xCD, 0x74, 0xF3, 0x35, 0x8B, 0x24, 0x0E,
    0x35, 0x75, 0x2D, 0xFB, 0xB0, 0x05, 0x9C, 0x88, 0x89, 0x21, 0x1A, 0x49, 0x73, 0x06, 0x9E, 0xE7,
    0xF6, 0xC1, 0xC8, 0x28, 0xAA, 0xC5, 0x89, 0xB1, 0xE0, 0xA1, 0x7E, 0xAC, 0xBB, 0xA3, 0x67, 0x77,
    0x82, 0x63, 0xE2, 0xB1, 0x2E, 0x3C, 0x69, 0x6B, 0xBB, 0xEA, 0xA5, 0x22, 0x2B, 0x66, 0x91, 0xF3,
    0x81, 0x0E, 0xA0, 0x7E, 0xD9, 0xC5, 0x28, 0xD3, 0xF4, 0xB5, 0xBB, 0x76, 0xD4, 0xCF, 0xE9, 0x9E,
    0x92, 0x93, 0xB0, 0xE3, 0x40, 0x8E, 0xF3, 0xF1, 0x7D, 0x66, 0x63, 0x81, 0x8B, 0x48, 0x42, 0xA4,
    0x52, 0xBC, 0x70, 0x71, 0x92, 0x79, 0x1B, 0x44, 0xC4, 0xDD, 0xB0, 0x28, 0xFF, 0xD4, 0x4A, 0x0E,
    0x44, 0x31, 0x92, 0xB0, 0x17, 0x97, 0xF6, 0xD2, 0xC2, 0xCC, 0x88, 0x83, 0x1E, 0xF0, 0xAE, 0x99,
    0x1B, 0xA5, 0x69, 0x4A, 0xB3, 0x3B, 0x4A, 0x93, 0x20, 0x81, 0xDE, 0x7C, 0xC3, 0x9A, 0x32, 0x3D,
    0x87, 0x04, 0xA2, 0x0A, 0x81, 0x4D, 0x5C, 0xB0, 0xCB, 0x68, 0x4E, 0x0B, 0xE2, 0x4A, 0xA4, 0x70,
    0xD3, 0xB4, 0xCF, 0xE0, 0xD8, 0x77, 0x98, 0xD8, 0x47, 0x28, 0x40, 0x1B, 0x72, 0x87, 0x4B, 0x12,
    0x67, 0x96, 0xF2, 0xB8, 0x94, 0x26, 0xB8, 0xDF, 0x27, 0x84, 0x8D, 0x24, 0x35, 0x38, 0xB3, 0x21,
    0xC6, 0xA9, 0x3E, 0xB1, 0x25, 0x65, 0x5F, 0xFA, 0xF9, 0x53, 0xDB, 0xF9, 0xB2, 0xCD, 0x24, 0x16,
    0xC7, 0x19, 0xE9, 0x53, 0x38, 0xC9, 0xB1, 0xF0, 0xC9, 0xBB, 0xA4, 0xDA, 0x81, 0x27, 0xB0, 0xEF,
    0x59, 0x6D, 0xEA, 0x49, 0xED, 0x23, 0x85, 0x0E, 0x5E, 0x40, 0x07, 0x0D, 0xE4, 0x82, 0xCC, 0x67,
    0x0D, 0x5D, 0xF0, 0x04, 0x86, 0xDF, 0x31, 0x9C, 0x2A, 0x2A, 0x3A, 0xB3, 0x2A, 0x69, 0xFA, 0x47,
    0x42, 0x38, 0x89, 0xED, 0xCC, 0xCC, 0xDC, 0x29, 0x4D, 0xEC, 0x29, 0x6E, 0xA9, 0x4D, 0x08, 0xFA,
    0x3C, 0x95, 0x2F, 0xFC, 0x66, 0x34, 0xD5, 0x4F, 0x10, 0x1F, 0x50, 0x35, 0x78, 0x26, 0x71, 0xAB,
    0xC3, 0x89, 0x6D, 0x6B, 0x96, 0xB1, 0xF7, 0x0C, 0x25, 0x8A, 0x15, 0xE3, 0xF1, 0xE0, 0x2E, 0xC3,
    0xB2, 0xA6, 0x68, 0xFE, 0x23, 0x86, 0x7D, 0x6D, 0x49, 0x26, 0xF0, 0xAB, 0x96, 0x88, 0xBF, 0x68,
    0x44, 0xA4, 0xDB, 0x1C, 0x50, 0x1C, 0xCB, 0x7A, 0x62, 0xC9, 0x7E, 0x2C, 0x52, 0x69, 0x8F, 0x45,
    0xED, 0xBC, 0xD2, 0x67, 0x35, 0x5F, 0x8E, 0x0A, 0x91, 0x7D, 0xAD, 0xD3, 0x6E, 0x97, 0xA9, 0x2D,
    0x3D, 0xD3, 0x1F, 0x2B, 0xAC, 0xEB, 0xFC, 0xA1, 0x24, 0xEC, 0x91, 0x95, 0x5D, 0xB0, 0x15, 0x1E,
    0x2B, 0xCC, 0xC8, 0x42, 0x4C, 0x73, 0x4E, 0x6A, 0x36, 0x7E, 0xAF, 0x67, 0x96, 0xA9, 0x84, 0x74,
    0x9F, 0x93, 0xA2, 0x66, 0x0E, 0xF6, 0x9E, 0xC5, 0xC5, 0x7A, 0x56, 0x3B, 0xFE, 0x25, 0xB7, 0xF2,
    0xB2, 0x95, 0xF1, 0x92, 0xA1, 0x7E, 0x5D, 0x1B, 0x13, 0x6A, 0x70, 0xEE, 0xF9, 0x58, 0x7B, 0xFE,
    0xE9, 0xB4, 0x36, 0x57, 0xB6, 0x1F, 0x68, 0x08, 0x3A, 0xE5, 0x39, 0x65, 0x0A, 0x82, 0x2A, 0xB1,
    0xCF, 0x8B, 0xEC, 0xA1, 0xBF, 0x93, 0xAF, 0x05, 0x77, 0xD1, 0x3B, 0xA6, 0xCF, 0x0B, 0x71, 0x0C,
    0x00, 0x7D, 0xE9, 0xE7, 0x28, 0x62, 0x0A, 0x71, 0x52, 0x14, 0x90, 0x22, 0x86, 0x42, 0x0D, 0xF2,
    0x93, 0xCA, 0x85, 0x44, 0x1B, 0x34, 0x1D, 0xB5, 0x26, 0x21, 0x65, 0x2C, 0x71, 0x3B, 0x05, 0x3B,
    0xC2, 0xC5, 0x78, 0x0D, 0x12, 0xAB, 0xD0, 0x89, 0x31, 0x60, 0x09, 0xCC, 0xA5, 0xFD, 0x1A, 0x46,
    0x90, 0xAD, 0xCB, 0xB1, 0x7D, 0x6E, 0xC1, 0x39, 0xFB, 0x0F, 0x15, 0x5B, 0xF6, 0x1E, 0x62, 0x67,
    0x28, 0x40, 0x67, 0xC4, 0x19, 0x0C, 0x78, 0x23, 0x1A, 0x72, 0xBA, 0xBB, 0x01, 0x83, 0x34, 0xA3,
    0xE0, 0x2D, 0xA7, 0xBD, 0x0E, 0x52, 0xA5, 0xD0, 0xB9, 0x02, 0x7E, 0xFE, 0xFE, 0x19, 0xF1, 0xB7,
    0xFD, 0x1D, 0xCB, 0x7C, 0xC1, 0xB2, 0xBB, 0xC1, 0x7A, 0xC1, 0xA9, 0x35, 0xF4, 0xC2, 0x31, 0x1B,
    0x1B, 0xD2, 0xE8, 0xE6, 0xC0, 0x85, 0x5D, 0xBC, 0x98, 0xB6, 0xF1, 0x1D, 0xCC, 0xA2, 0xA4, 0xF8,
    0xC6, 0xE0, 0xA2, 0xF3, 0x5C, 0x51, 0xEC, 0x5A, 0x87, 0x78, 0x31, 0x84, 0x12, 0x30, 0x20, 0xA4,
    0x39, 0x53, 0x9E, 0x78, 0xB9, 0xA1, 0x17, 0xD8, 0xC0, 0xBB, 0xF7, 0x96, 0x95, 0xB6, 0x52, 0xB2,
    0x73, 0xA0, 0x1D, 0x1B, 0xCA, 0x83, 0xD7, 0xA8, 0x0D, 0xEF, 0x1B, 0x32, 0x06, 0x9E, 0x1B, 0x0C,
    0xFE, 0x01, 0x62, 0x57, 0x78, 0x23, 0x88, 0x81, 0x91, 0x2C, 0xBE, 0x80, 0x6D, 0x20, 0x57, 0xD9,
    0x7F, 0x7E, 0x55, 0x06, 0x42, 0x1C, 0xEE, 0xC2, 0x80, 0x51, 0xA6, 0x4B, 0x9C, 0x2E, 0x2B, 0x73,
    0x85, 0xAF, 0x21, 0x15, 0x76, 0x84, 0x76, 0xAC, 0xD5, 0x64, 0xC6, 0x1E, 0x0E, 0x39, 0x46, 0x79,
    0x1D, 0x2A, 0xBE, 0xE8, 0x81, 0xF7, 0x8F, 0xD4, 0xC7, 0x70, 0xFF, 0xCF, 0x34, 0x00, 0x92, 0xED,
    0x08, 0xA1, 0x8E, 0xCB, 0xDE, 0xDB, 0x8C, 0x68, 0x19, 0x64, 0xE3, 0xAF, 0x47, 0xE2, 0xA4, 0x68,
    0xE9, 0x56, 0xB3, 0x90, 0xD0, 0x85, 0x9C, 0x46, 0xC0, 0x89, 0x42, 0x09, 0x46, 0x65, 0x04, 0x1D,
    0x24, 0x6E, 0xFA, 0xE7, 0x94, 0xA6, 0x7D, 0xA4, 0x0E, 0xBF, 0xBA, 0xE6, 0x11, 0x37, 0xF4, 0xD3,
    0x10, 0x7C, 0xA1, 0x40, 0x38, 0x05, 0xDB, 0xAE, 0xE6, 0xEC, 0xB0, 0x9D, 0xE3, 0xCB, 0x0D, 0xB5,
    0x48, 0xB8, 0xEB, 0x3E, 0xCB, 0x57, 0x2D, 0xCF, 0x66, 0xEF, 0x88, 0xC4, 0xC0, 0xBF, 0xD7, 0xF2,
    0x35, 0xE2, 0x88, 0x73, 0xCB, 0x39, 0x2A, 0xC4, 0xC4, 0x11, 0xF7, 0xB6, 0xFC, 0xBC, 0xEF, 0x18,
    0xD0, 0x82, 0x2C, 0xA6, 0x17, 0xC6, 0x00, 0x2D, 0x64, 0xE1, 0xD5, 0x61, 0xC1, 0x40, 0x06, 0xA7,
    0xDA, 0x33, 0xD3, 0xAE, 0xF8, 0xAC, 0xD3, 0xBE, 0x73, 0x72, 0x88, 0xE7, 0x57, 0x87, 0x0F, 0xE3,
    0x5F, 0x7E, 0xDC, 0x0C, 0x62, 0xCB, 0x99, 0x64, 0x0C, 0xBD, 0x98, 0x43, 0x0E, 0x8A, 0x20, 0xF6,
    0x61, 0xC2, 0x38, 0x2D, 0xBA, 0x92, 0xD8, 0x46, 0x2B, 0xCA, 0xB0, 0xAC, 0x44, 0x39, 0x9F, 0x83,
    0xA1, 0x55, 0x7D, 0x91, 0x28, 0x2E, 0x45, 0x6D, 0xC6, 0xCE, 0xD9, 0x77, 0x1C, 0x6C, 0xB4, 0xFA,
    0xBC, 0xB9, 0x37, 0x82, 0x69, 0x86, 0xDA, 0x4C, 0xE2, 0x04, 0xD6, 0x73, 0x03, 0xE0, 0xCE, 0x73,
    0x83, 0xCB, 0x7A, 0x82, 0xF0, 0xAC, 0x6E, 0xFC, 0xE4, 0xA4, 0xFF, 0x17, 0x5D, 0xBA, 0x7F, 0x37,
    0x79, 0xEF, 0xED, 0xCC, 0xA7, 0xB4, 0x5D, 0x69, 0x83, 0x70, 0xE1, 0x6D, 0x1E, 0xB1, 0xE1, 0xF8,
    0xF5, 0x4E, 0x08, 0x8B, 0x0E, 0x08, 0x2D, 0x9E, 0x7A, 0x9B, 0x6F, 0x6A, 0x24, 0xAF, 0x19, 0x24,
    0x59, 0x28, 0xFD, 0xE2, 0xD7, 0x24, 0x77, 0x9E, 0x0A, 0x03, 0xBE, 0x01, 0x9A, 0x81, 0x7F, 0x7A,
    0x53, 0x80, 0x1A, 0xA7, 0x4D, 0x51, 0x5A, 0x87, 0xE7, 0x7D, 0xE6, 0xBA, 0x9F, 0x38, 0x8E, 0xB1,
    0xFF, 0xCE, 0x66, 0x01, 0xCE, 0x9B, 0x05, 0x40, 0xDE, 0x5B, 0x1C, 0x83, 0xF4, 0xDA, 0x31, 0x34,
    0x8F, 0xE2, 0x98, 0xD2, 0x8F, 0x7B, 0xF6, 0xDC, 0xBB, 0x2B, 0x89, 0x5A, 0xE6, 0xEC, 0x25, 0xA9,
    0x82, 0x03, 0x15, 0x8A, 0x77, 0xD1, 0x39, 0x74, 0x2F, 0x08, 0x45, 0xDE, 0x14, 0x6A, 0x71, 0x5B,
    0x10, 0x8A, 0x44, 0xB1, 0x61, 0xD7, 0xA4, 0x34, 0x8F, 0x34, 0x54, 0xA8, 0x13, 0xA5, 0x4D, 0xF2,
    0x5D, 0x0A, 0x65, 0xB6, 0x7D, 0x25, 0xEF, 0xE3, 0x3D, 0xD7, 0x92, 0xED, 0x7D, 0xA7, 0x84, 0x53,
    0x8C, 0xF2, 0x7A, 0xA7, 0x64, 0x8B, 0x38, 0x22, 0x3A, 0x38, 0xCE, 0x8F, 0x34, 0xD8, 0x5C, 0xD4,
    0x9F, 0xAB, 0xFA, 0x24, 0x69, 0x53, 0xFB, 0x7F, 0xD3, 0xA5, 0xD3, 0x1D, 0xD9, 0xC7, 0xBA, 0x85,
    0x9A, 0x4B, 0xD8, 0xDE, 0xAC, 0xB8, 0xF1, 0xEE, 0xC2, 0xF6, 0x9F, 0x35, 0x8D, 0x5D, 0xBB, 0xBD,
    0xEC, 0x68, 0xA2, 0xCB, 0x63, 0x8D, 0x2B, 0x76, 0xE2, 0x0D, 0x78, 0xC1, 0x73, 0x56, 0xA0, 0x4E,
    0xB9, 0xB7, 0x69, 0x1E, 0xE3, 0x81, 0xFA, 0xE3, 0x24, 0x03, 0xE8, 0x17, 0x76, 0x1C, 0x7F, 0x1C,
    0x8F, 0x0F, 0x1E, 0x2F, 0xB2, 0x72, 0xB6, 0xEB, 0x49, 0x39, 0x2F, 0x62, 0xFF, 0xF8, 0x8B, 0x17,
    0x49, 0x00, 0x02, 0xE0, 0x91, 0x23, 0x78, 0x31, 0x02, 0x51, 0xFD, 0x68, 0x7F, 0xEF, 0xD6, 0x68,
    0xC0, 0x4F, 0xB4, 0x6F, 0x9E, 0x72, 0xE9, 0xBB, 0x90, 0x6F, 0xA1, 0x99, 0xC6, 0x4E, 0x99, 0xBD,
    0x5D, 0x35, 0x7A, 0x8B, 0xAA, 0xEF, 0xA5, 0x75, 0xFF, 0x51, 0x42, 0x09, 0xA9, 0x4B, 0x09, 0x7D,
    0x58, 0x80, 0xEC, 0xCD, 0xDD, 0x3D, 0x27, 0x49, 0xD0, 0x75, 0xD2, 0xF2, 0xCD, 0xC5, 0x6B, 0x25,
    0xC9, 0x34, 0xE2, 0x84, 0xD8, 0x3B, 0x0F, 0x30, 0x33, 0x27, 0x1F, 0xE8, 0xC7, 0xF8, 0xCE, 0x20,
    0xDD, 0x90, 0x83, 0xFD, 0x4A, 0x2F, 0x0A, 0xB8, 0x5F, 0x81, 0x86, 0x39, 0x01, 0x26, 0x72, 0x34,
    0xD5, 0xB4, 0x49, 0x1F, 0xD8, 0xCE, 0x9F, 0x69, 0xC4, 0x31, 0x4F, 0x7A, 0x11, 0xED, 0xBA, 0x95,
    0x3D, 0xF9, 0x3D, 0x39, 0x9D, 0xB3, 0x3F, 0xFF, 0xFE, 0x42, 0xCC, 0x93, 0xB6, 0x6E, 0x9F, 0xC4,
    0x3F, 0x92, 0x6D, 0xB8, 0x1E, 0x36, 0xFE, 0xF9, 0xB1, 0x03, 0x90, 0xB3, 0x2F, 0x42, 0x24, 0xA8,
    0xD1, 0x89, 0xEC, 0xDE, 0x43, 0xBF, 0x67, 0x34, 0x50, 0xEC, 0xC2, 0x16, 0xFC, 0x3E, 0x57, 0xD8,
    0x7E, 0x6E, 0xCE, 0x1D, 0x5F, 0x10, 0x92, 0xDC, 0xC0, 0xA5, 0x1C, 0xD2, 0xB1, 0x4E, 0xF6, 0x35,
    0x37, 0x50, 0x8C, 0x7D, 0xE1, 0xB1, 0xEF, 0xCC, 0x00, 0x51, 0x48, 0xA6, 0xDD, 0x1C, 0x82, 0x80,
    0x9C, 0xC5, 0xA5, 0x75, 0x63, 0x6D, 0x62, 0x33, 0x60, 0x68, 0x84, 0xF1, 0xA8, 0xA0, 0xBB, 0xF4,
    0xD7, 0xCF, 0x07, 0xB7, 0xD8, 0xEC, 0xB1, 0xBA, 0x4F, 0xA1, 0xA9, 0x82, 0xC4, 0xFB, 0x23, 0xAE,
    0x2A, 0x66, 0x8C, 0x20, 0xF1, 0x20, 0x46, 0x24, 0x89, 0xED, 0xA7, 0xB2, 0xF8, 0xE8, 0xFE, 0xE7,
    0x83, 0x9F, 0xCE, 0x19, 0x8E, 0x96, 0xAD, 0xDA, 0x92, 0x5D, 0x1E, 0xE9, 0xCC, 0xD3, 0xF6, 0x87,
    0xCB, 0x0D, 0x15, 0x94, 0x63, 0x30, 0x11, 0x29, 0x72, 0x3E, 0xD2, 0x07, 0xA1, 0x3D, 0xE6, 0x41,
    0x28, 0x27, 0xC6, 0xAF, 0x0B, 0x90, 0xD0, 0x2E, 0xC8, 0x1D, 0xC5, 0x77, 0x58, 0x90, 0x06, 0x12,
    0xA6, 0xFB, 0xFA, 0x10, 0xB7, 0x9B, 0xE3, 0xDA, 0xF1, 0x9C, 0x28, 0x83, 0x3F, 0xF7, 0x0B, 0x02,
    0x21, 0x0F, 0xE2, 0xD2, 0x16, 0x61, 0xFC, 0xB9, 0x43, 0x88, 0xAC, 0x38, 0x3B, 0xD4, 0x21, 0x96,
    0x94, 0xD6, 0x23, 0x5D, 0x67, 0x8D, 0x1C, 0x38, 0x3A, 0xE6, 0x0E, 0x5F, 0x20, 0xC0, 0x9D, 0x37,
    0x3F, 0x12, 0xF8, 0xE6, 0xE6, 0x47, 0x55, 0x70, 0xC0, 0xAE, 0x6F, 0x6E, 0xE0, 0x57, 0x9F, 0x8D,
    0x11, 0xC7, 0x22, 0x69, 0x5A, 0xCB, 0x7D, 0xB7, 0xF6, 0x60, 0xAA, 0x18, 0x71, 0x2F, 0x8E, 0x4A,
    0x2E, 0xE4, 0x41, 0xFA, 0xDD, 0x79, 0xF9, 0xBF, 0x6B, 0x0A, 0x51, 0x4C, 0xB0, 0xD3, 0x65, 0x0F,
    0x67, 0xE7, 0x6A, 0x3B, 0x65, 0x45, 0x9C, 0x2F, 0xB5, 0x7E, 0x77, 0xED, 0x32, 0xAD, 0x43, 0xFF,
    0x4E, 0x03, 0xD3, 0x81, 0x9F, 0x37, 0x10, 0xE8, 0x59, 0x21, 0xE0, 0xB8, 0xE8, 0x98, 0x99, 0x79,
    0x5C, 0x99, 0x4C, 0xCB, 0x7D, 0x37, 0xFB, 0x67, 0x63, 0xBE, 0xFB, 0xF5, 0x0E, 0xD3, 0xF1, 0x2D,
    0x38, 0x3F, 0x16, 0xC0, 0xF3, 0xEC, 0xC1, 0xD0, 0x6E, 0x29, 0x10, 0xDE, 0x86, 0x9D, 0xA9, 0xF6,
    0xF1, 0xD9, 0x83, 0x1C, 0x72, 0xD3, 0x97, 0x87, 0xFB, 0xD5, 0xE9, 0xF6, 0xE1, 0x7E, 0xBF, 0x0E,
    0x90, 0xE2, 0x2F, 0xF5, 0x32, 0x88, 0xA2, 0xDE, 0x35, 0x78, 0x85, 0x86, 0x43, 0xC9, 0xD7, 0x97,
    0x0F, 0xF2, 0x8B, 0x0B, 0x2E, 0xCB, 0x4F, 0xA0, 0x92, 0x72, 0x43, 0x6E, 0xD0, 0x7C, 0x75, 0x92,
    0x60, 0x47, 0x7E, 0x6B, 0x3E, 0xB7, 0x35, 0x99, 0x0E, 0xFC, 0xBA, 0x21, 0x64, 0x64, 0x73, 0x12,
    0x3C, 0xA3, 0x69, 0x3C, 0x79, 0xBF, 0x39, 0xFF, 0x1C, 0xEF, 0xF7, 0x6D, 0x02, 0x48, 0x2E, 0xC5,
    0x97, 0x97, 0xE2, 0xA5, 0x5F, 0xF7, 0xFB, 0xF6, 0xE4, 0x96, 0x51, 0x91, 0xDF, 0x0A, 0xBC, 0x41,
    0x64, 0x03, 0x5F, 0x0A, 0xFE, 0xEB, 0xE6, 0xCD, 0x55, 0x15, 0x7D, 0x8D, 0xE9, 0x69, 0xEC, 0x4A,
    0x1B, 0xED, 0xF2, 0xE4, 0xB6, 0x41, 0xA7, 0x78, 0x76, 0x77, 0x6B, 0xED, 0x2E, 0xBF, 0xED, 0xD8,
    0x73, 0xBA, 0x71, 0xC7, 0x13, 0xF2, 0xBF, 0xE5, 0x49, 0xE1, 0xDB, 0x1F, 0x87, 0xCE, 0x79, 0xAE,
    0xEE, 0x65, 0x04, 0x0A, 0x76, 0x94, 0x4B, 0x67, 0x83, 0xC1, 0x6A, 0xC4, 0xD1, 0x25, 0xFE, 0x27,
    0x8D, 0x64, 0x4A, 0xEB, 0x8B, 0x5C, 0x3A, 0x65, 0xC9, 0x7A, 0x83, 0x2E, 0x94, 0xE5, 0x9A, 0x8A,
    0x33, 0x4A, 0x76, 0xC6, 0x27, 0x7B, 0x19, 0xEC, 0xE5, 0x24, 0x57, 0x69, 0xFD, 0x69, 0x79, 0x2A,
    0x55, 0xD2, 0x56, 0x1A, 0xA3, 0x3B, 0xE9, 0x56, 0x46, 0x95, 0xC4, 0xEF, 0x55, 0x66, 0x1F, 0xBC,
    0x6A, 0x1C, 0x65, 0x1A, 0x1A, 0x33, 0xE5, 0x3C, 0x84, 0xB4, 0x94, 0xD3, 0x6C, 0x05, 0x23, 0xBA,
    0xC1, 0x6B, 0x73, 0x83, 0xC4, 0xEA, 0x23, 0x35, 0x6E, 0x7A, 0xE0, 0xB4, 0x7B, 0x27, 0xA7, 0x29,
    0x05, 0xBF, 0x15, 0xE5, 0xCD, 0x62, 0xA8, 0xF2, 0xEA, 0x1B, 0xB9, 0x58, 0x1F, 0xD3, 0x05, 0x54,
    0xE7, 0xA4, 0xA1, 0x71, 0x5C, 0x49, 0xEC, 0xF7, 0xE9, 0x49, 0x7C, 0x5E, 0x4C, 0xEB, 0x76, 0x6C,
    0x64, 0xA8, 0x14, 0xEF, 0x6E, 0x08, 0xD2, 0x87, 0x67, 0x7F, 0x51, 0x73, 0xAA, 0x81, 0x48, 0x12,
    0x07, 0xC5, 0xFF, 0xCF, 0xDB, 0xF9, 0x60, 0x0C, 0x97, 0x1F, 0x5C, 0x73, 0xFF, 0xC2, 0xBA, 0x40,
    0x3E, 0x26, 0xAE, 0xDD, 0x34, 0x49, 0x0C, 0x40, 0xAF, 0x1E, 0xC4, 0x06, 0x06, 0xAE, 0xBF, 0xAF,
    0x7E, 0x2B, 0xE4, 0xD1, 0x55, 0xBF, 0xB8, 0x09, 0xAD, 0xCB, 0x21, 0x61, 0x7A, 0xC1, 0xE6, 0xAD,
    0x19, 0x34, 0x43, 0x8B, 0xAE, 0xB4, 0x4C, 0x89, 0x3A, 0x8A, 0x0A, 0x3B, 0xA1, 0x8A, 0x21, 0x55,
    0xBC, 0xDD, 0xDD, 0x08, 0x0B, 0xF5, 0xCD, 0x8B, 0x89, 0xB4, 0x39, 0xB6, 0xFD, 0xD8, 0x30, 0xE2,
    0xC3, 0xFA, 0x65, 0xBD, 0x00, 0x8F, 0xDF, 0x9A, 0xC8, 0xC1, 0xCF, 0x57, 0xCB, 0xDF, 0x7C, 0x1B,
    0x69, 0x0F, 0x8E, 0xFB, 0xED, 0xD5, 0x8C, 0xB5, 0x23, 0x76, 0x62, 0xAE, 0x1B, 0xCF, 0xFF, 0x7E,
    0xFB, 0x67, 0xA6, 0x4F, 0x8C, 0x96, 0xE1, 0x93, 0xBB, 0xC1, 0x31, 0xF1, 0x50, 0x17, 0xEE, 0xFC,
    0xD9, 0x31, 0x04, 0x9E, 0x7C, 0x99, 0x7F, 0xE5, 0x9B, 0x23, 0xD2, 0x5C, 0xDF, 0x98, 0xCA, 0xD2,
    0xD6, 0x37, 0xEE, 0x6D, 0x79, 0x8C, 0x40, 0xD7, 0x91, 0xA7, 0x7E, 0x12, 0x97, 0x99, 0x5E, 0xB0,
    0x06, 0x91, 0x2E, 0x8F, 0x48, 0xC8, 0xFD, 0x6F, 0x4D, 0x62, 0xC0, 0xA7, 0x7E, 0x67, 0xAA, 0x59,
    0xC1, 0x99, 0x6B, 0xFA, 0x1F, 0xE5, 0x99, 0xC9, 0x6A, 0x3C, 0xBD, 0x0E, 0xC5, 0x0F, 0x78, 0xDB,
    0xA0, 0x57, 0x69, 0xC8, 0xB6, 0x40, 0xAF, 0x2E, 0xC8, 0xF2, 0x0E, 0x79, 0x15, 0x41, 0xB6, 0x02,
    0x5D, 0xFB, 0xD8, 0x25, 0x5C, 0x5F, 0x9A, 0xBE, 0xFF, 0x79, 0xB4, 0xCB, 0x3F, 0x3B, 0xED, 0x51,
    0x2A, 0x97, 0x3C, 0x04, 0x40, 0x7A, 0x73, 0x40, 0x33, 0x5F, 0x1D, 0x2D, 0x33, 0xDF, 0x1D, 0x12,
    0xFD, 0x71, 0xA8, 0xA1, 0xA5, 0x23, 0x01, 0xA4, 0xB5, 0x00, 0xA0, 0x26, 0x3E, 0x23, 0x03, 0x20,
    0xA6, 0x2B, 0x02, 0xA3, 0xDC, 0x22, 0xB5, 0xD8, 0x23, 0x30, 0xCA, 0x19, 0x05, 0x9B, 0x6C, 0x01,
    0x05, 0x20, 0xEC, 0x67, 0x04, 0x75, 0x20, 0x6D, 0x76, 0x0E, 0x0E, 0xC5, 0x01, 0x64, 0xB2, 0xBD,
    0x96, 0x36, 0x23, 0x04, 0x34, 0x3D, 0x5A, 0x66, 0x84, 0xF4, 0xE8, 0x10, 0x43, 0x1E, 0x0A, 0xA8,
    0x0F, 0x58, 0xB2, 0xB7, 0x1D, 0x71, 0xA2, 0x0D, 0x88, 0x23, 0xD9, 0x5B, 0x26, 0x3A, 0xE2, 0x6C,
    0x9A, 0x89, 0x9D, 0xAD, 0x53, 0xB2, 0x79, 0x31, 0x48, 0x27, 0x4D, 0xFC, 0x54, 0x83, 0xE2, 0x23,
    0xB5, 0x33, 0x29, 0x5E, 0x2C, 0xE6, 0xC9, 0x36, 0xE9, 0xD0, 0x25, 0x3B, 0x1F, 0x6A, 0x59, 0x32,
    0xA7, 0xE0, 0xD4, 0x71, 0x80, 0xC5, 0x24, 0x08, 0x31, 0x28, 0x71, 0x14, 0x5C, 0x81, 0xB4, 0x8E,
    0xC0, 0x05, 0x25, 0x6A, 0xF3, 0x53, 0xDE, 0xEC, 0xC8, 0x0E, 0xCD, 0xD7, 0xD5, 0x22, 0x5E, 0x70,
    0x03, 0x80, 0x43, 0x5F, 0x1A, 0xFD, 0xAD, 0xFB, 0xFB, 0xF0, 0x87, 0x62, 0x3A, 0x96, 0x39, 0x3A,
    0x5E, 0x74, 0x2F, 0xB1, 0xE7, 0xB7, 0x5B, 0x43, 0x83, 0x5C, 0xF2, 0x45, 0xB1, 0xB9, 0xBB, 0xDE,
    0xDB, 0xE6, 0x5F, 0xEF, 0xAF, 0x7A, 0x6C, 0xD9, 0xE3, 0x37, 0xDC, 0x65, 0x2F, 0xA3, 0xAF, 0xB8,
    0xC1, 0x41, 0x77, 0xF4, 0x0E, 0x6E, 0xB8, 0x49, 0x67, 0xF9, 0xAC, 0x7C, 0xB6, 0xFF, 0x36, 0xDA,
    0x3C, 0xBA, 0x7F, 0xE9, 0xFE, 0xFE, 0xDE, 0xFD, 0xBF, 0xF7, 0xF6, 0x7B, 0xAE, 0x1D, 0x6F, 0xCC,
    0xA7, 0x1F, 0xA5, 0x5B, 0xD5, 0x47, 0xEB, 0x1E, 0x2F, 0x72, 0xF0, 0x77, 0xFA, 0xCA, 0xD7, 0x01,
    0x69, 0x03, 0x6F, 0x06, 0xB4, 0x35, 0x67, 0x4F, 0xC7, 0xA9, 0x9F, 0x27, 0x5A, 0x7A, 0xC7, 0x7B,
    0x87, 0x10, 0xAF, 0x1D, 0x3A, 0x90, 0xAD, 0x23, 0x3A, 0xB6, 0x37, 0x42, 0x58, 0x87, 0x0E, 0x64,
    0x26, 0x91, 0x8D, 0x18, 0x15, 0x85, 0xB0, 0x0E, 0x25, 0xD0, 0x91, 0x03, 0x31, 0xF0, 0x7C, 0x64,
    0x68, 0x19, 0x98, 0xB3, 0x3B, 0x5F, 0xD3, 0x9A, 0x43, 0x26, 0x80, 0x89, 0xB3, 0xB5, 0xCC, 0x84,
    0xA4, 0x2B, 0xD4, 0xD1, 0xF1, 0xE1, 0x3B, 0x09, 0x64, 0x4B, 0x7E, 0x6C, 0xA3, 0x9C, 0x25, 0x14,
    0x2E, 0xCD, 0x7B, 0x97, 0x2D, 0xCF, 0xEE, 0x74, 0x7B, 0x12, 0x88, 0xF5, 0x34, 0x4A, 0x5A, 0x8F,
    0xB0, 0xFB, 0x7A, 0xD4, 0x1E, 0x55, 0x6A, 0x76, 0x88, 0xA9, 0x42, 0xA8, 0x20, 0x80, 0xBF, 0xFA,
    0xB5, 0x1D, 0xBB, 0xB6, 0x83, 0xCB, 0xC3, 0x76, 0x28, 0xE4, 0x41, 0x35, 0x58, 0x30, 0x7A, 0x9F,
    0x8D, 0xA5, 0xCD, 0x08, 0xBB, 0x4B, 0xE6, 0x69, 0xA6, 0x95, 0xBD, 0x59, 0xD6, 0x87, 0xA6, 0x6F,
    0x16, 0x4F, 0xFC, 0x1A, 0xA6, 0x2F, 0x9A, 0x81, 0xDF, 0xBD, 0x82, 0xA5, 0x96, 0x96, 0x38, 0x4E,
    0x4D, 0x6F, 0x99, 0xB4, 0x87, 0x62, 0x48, 0x05, 0x4B, 0x69, 0x72, 0xCA, 0x54, 0x88, 0x19, 0x5A,
    0x0F, 0xE2, 0x09, 0x35, 0xCD, 0xCE, 0x0C, 0xF6, 0x30, 0x3B, 0x00, 0xBB, 0x98, 0xD5, 0x67, 0x37,
    0xD5, 0x11, 0x96, 0x91, 0xF4, 0x9D, 0x8D, 0x03, 0xD9, 0x0D, 0x63, 0xF1, 0x87, 0x19, 0xC9, 0xE7,
    0xDF, 0x43, 0x7D, 0x00, 0xC6, 0x29, 0x73, 0xC5, 0x9C, 0x82, 0x5F, 0x6A, 0x42, 0x91, 0x59, 0x5C,
    0x2E, 0x5B, 0x5C, 0x49, 0xF7, 0x6B, 0x6B, 0x2F, 0x83, 0x28, 0xBB, 0x96, 0x3B, 0x80, 0x4F, 0xD5,
    0x63, 0x3C, 0x04, 0x55, 0xF8, 0x51, 0x8F, 0x06, 0xCD, 0x37, 0xE3, 0xBA, 0xC6, 0x4E, 0xC9, 0x1C,
    0x68, 0x41, 0xFA, 0x20, 0x33, 0x7F, 0x5F, 0xCD, 0x62, 0x59, 0x8C, 0x53, 0xB4, 0x28, 0xC1, 0x7E,
    0x96, 0xA2, 0x9F, 0x7E, 0xE2, 0x4F, 0x14, 0xFD, 0x3B, 0x1B, 0x80, 0x9F, 0xA2, 0x68, 0x5D, 0x3D,
    0xD7, 0x2C, 0x3E, 0x5F, 0xFC, 0xEF, 0xAD, 0x68, 0xB1, 0x01, 0x2F, 0x71, 0x62, 0xE0, 0xF8, 0x89,
    0x8A, 0x96, 0x04, 0xB2, 0x16, 0xBF, 0xD0, 0xB5, 0xF8, 0x61, 0x85, 0xDC, 0xDC, 0xB6, 0x00, 0x7A,
    0x42, 0x5D, 0x33, 0xAD, 0x16, 0x3F, 0x64, 0xFA, 0x02, 0x9D, 0x78, 0xEE, 0x00, 0x7E, 0x81, 0x7D,
    0xDF, 0xA7, 0x5A, 0xEA, 0xDA, 0x01, 0xDA, 0x93, 0x1D, 0xA0, 0xD4, 0x0E, 0x30, 0x3E, 0x7D, 0x07,
    0xF8, 0x41, 0x4D, 0x2D, 0x76, 0xFC, 0x72, 0x1A, 0x42, 0x6E, 0xF8, 0xDE, 0xDB, 0x63, 0x2A, 0x95,
    0xD1, 0x96, 0x28, 0x97, 0xC3, 0xF9, 0x96, 0xA0, 0x4C, 0x54, 0x90, 0x8B, 0xCD, 0x4A, 0x95, 0x30,
    0x05, 0x9D, 0x56, 0x02, 0x2B, 0x91, 0x08, 0xD0, 0xC5, 0x4A, 0xB4, 0x4A, 0x38, 0xF5, 0x45, 0xF3,
    0xB0, 0x12, 0xD6, 0x66, 0x57, 0x6A, 0xCD, 0xCF, 0x41, 0x54, 0xC2, 0x58, 0xA9, 0x12, 0x7E, 0x1A,
    0x2B, 0x5F, 0x5D, 0x89, 0xAD, 0x84, 0x6E, 0x89, 0x39, 0xF6, 0xC4, 0x35, 0x61, 0x25, 0xF1, 0x55,
    0xF0, 0x96, 0xDE, 0xF8, 0xB9, 0xA6, 0x64, 0x20, 0x3D, 0xF5, 0x2D, 0x5A, 0x40, 0x03, 0xD9, 0x9C,
    0x3D, 0xAD, 0x8D, 0x7C, 0xF5, 0x22, 0x49, 0x59, 0xB3, 0x5E, 0xFA, 0xA8, 0xCA, 0xBF, 0x39, 0x21,
    0xEA, 0xBC, 0x10, 0x68, 0x39, 0xF7, 0xB1, 0x3D, 0xF2, 0x6C, 0xA9, 0xD6, 0x7D, 0x86, 0x24, 0x5F,
    0x46, 0xA3, 0x98, 0x93, 0x9A, 0x79, 0xEE, 0xA8, 0x25, 0xA0, 0x94, 0x73, 0x19, 0xBD, 0xE8, 0x31,
    0xA7, 0xE0, 0xA0, 0x6C, 0xB6, 0x5A, 0x71, 0x61, 0x66, 0x04, 0x8A, 0xDE, 0x89, 0xB6, 0x98, 0x9D,
    0x42, 0x66, 0xEA, 0xA4, 0x75, 0x9A, 0x04, 0xA4, 0x33, 0x33, 0xDF, 0x58, 0x53, 0x00, 0x99, 0x9A,
    0x4E, 0x0B, 0xB4, 0xD1, 0x94, 0x52, 0x83, 0xA6, 0x73, 0xE2, 0x37, 0x5F, 0x30, 0xB1, 0x7F, 0x42,
    0x09, 0x74, 0xE4, 0x82, 0x4B, 0xA2, 0xB1, 0xC7, 0x8C, 0x63, 0x1E, 0x35, 0x68, 0xE2, 0x88, 0x40,
    0x7B, 0x70, 0xC7, 0xE1, 0xB5, 0x50, 0x42, 0x1A, 0xF9, 0x66, 0x54, 0x12, 0xF6, 0xAF, 0xF7, 0xC7,
    0xAA, 0xAD, 0xE6, 0xBA, 0xDA, 0x73, 0xB5, 0xA1, 0xB9, 0x74, 0xBA, 0x76, 0x44, 0x74, 0x68, 0xED,
    0xAC, 0xF0, 0x3D, 0x95, 0x8A, 0x5A, 0x87, 0x9E, 0x28, 0xF5, 0x13, 0x36, 0x55, 0x4A, 0x15, 0xAF,
    0x25, 0x96, 0x03, 0x4F, 0xF0, 0xA1, 0xE6, 0x83, 0x45, 0x83, 0xF2, 0x94, 0x8A, 0x29, 0xB3, 0x0F,
    0xA6, 0x75, 0xBE, 0x93, 0x39, 0x28, 0x29, 0xFB, 0x75, 0x54, 0x50, 0xFD, 0x31, 0x5B, 0x2D, 0x32,
    0x51, 0x14, 0x47, 0x92, 0xC1, 0x81, 0x90, 0xFF, 0x4F, 0xA7, 0xFA, 0x00, 0x71, 0x05, 0x87, 0xEC,
    0x48, 0x34, 0x9F, 0xED, 0x79, 0x87, 0x02, 0xED, 0x35, 0xC6, 0xFC, 0xF2, 0x8E, 0x8C, 0x13, 0x9E,
    0xEB, 0x6D, 0x2B, 0x08, 0xB1, 0x82, 0x13, 0xA5, 0xE8, 0xF8, 0xED, 0xCE, 0xE6, 0x50, 0x12, 0x07,
    0x59, 0x36, 0xFA, 0xC6, 0x28, 0x83, 0x91, 0xFA, 0xB7, 0x3C, 0xAD, 0xEB, 0xEA, 0x2D, 0x56, 0x3F,
    0x19, 0xB3, 0x07, 0x96, 0xA8, 0x88, 0xEE, 0x0F, 0xD6, 0x66, 0xA6, 0x33, 0xFC, 0x00, 0xCD, 0xDE,
    0xEE, 0xCD, 0x00, 0x36, 0x70, 0x87, 0x35, 0x34, 0xC7, 0x6D, 0xF8, 0xFB, 0x51, 0xDF, 0x79, 0x95,
    0x91, 0x7F, 0x96, 0xB9, 0x89, 0x37, 0x17, 0xB8, 0x22, 0x96, 0x31, 0x5D, 0x92, 0x71, 0xCE, 0x6F,
    0x8F, 0xA1, 0x3D, 0xBF, 0xE4, 0x3A, 0x9F, 0xF3, 0x62, 0x2D, 0x0D, 0x89, 0x72, 0x4F, 0x6E, 0x73,
    0xE9, 0x9E, 0xDE, 0xE6, 0xA2, 0xE1, 0xC9, 0x6D, 0xAE, 0xF8, 0x7E, 0x50, 0xAF, 0xF7, 0xD2, 0xFC,
    0x17, 0x5F, 0x39, 0xD0, 0x62, 0x3F, 0x89, 0x97, 0x1D, 0xFB, 0xE9, 0x2B, 0x47, 0xB9, 0xBB, 0xD1,
    0xFF, 0x5B, 0xFF, 0x7D, 0x3F, 0xFD, 0x1D, 0x9B, 0x7B, 0xF1, 0xE3, 0x76, 0x1F, 0xFE, 0x7E, 0xB7,
    0x17, 0x1C, 0xB8, 0xD3, 0xE3, 0x93, 0x4E, 0x99, 0xCC, 0x8C, 0x93, 0x3E, 0x98, 0x27, 0x5B, 0xCC,
    0xC3, 0xD0, 0xC9, 0x69, 0xC6, 0x75, 0xD0, 0x87, 0x78, 0x9D, 0x36, 0x28, 0x45, 0x71, 0x61, 0xCC,
    0xFC, 0x93, 0xC1, 0xF3, 0xE5, 0x20, 0x10, 0xC7, 0xA0, 0x4E, 0xC6, 0x62, 0xAD, 0x3C, 0xC5, 0xE7,
    0xE7, 0xC8, 0xB5, 0x8E, 0x64, 0xA2, 0x25, 0x01, 0xB5, 0x16, 0x75, 0x84, 0xFC, 0x9C, 0x73, 0xE4,
    0x71, 0x7D, 0x0B, 0x4F, 0xAF, 0x64, 0x2A, 0xF7, 0x38, 0x3A, 0xFC, 0xD6, 0x61, 0x4C, 0x55, 0x0D,
    0xE0, 0xA7, 0x1D, 0x6C, 0x9E, 0xCF, 0xE2, 0x29, 0x82, 0x1C, 0x1D, 0xC7, 0xAD, 0xE3, 0xCE, 0x14,
    0x7F, 0xB3, 0xEF, 0x7E, 0x26, 0xDC, 0x4F, 0x57, 0x2D, 0x76, 0x45, 0x62, 0x1F, 0x80, 0xE2, 0x2F,
    0x3B, 0x11, 0x01, 0xB9, 0xEB, 0x44, 0x7C, 0xD7, 0x87, 0xE2, 0x57, 0x39, 0x26, 0x6D, 0x93, 0x3B,
    0xAF, 0x2F, 0xB1, 0x79, 0xBD, 0xC2, 0xDD, 0xB1, 0x26, 0xE7, 0x3F, 0xAD, 0x2C, 0xBB, 0x65, 0x9F,
    0x86, 0xF4, 0x59, 0x5B, 0x7C, 0x06, 0xF5, 0xD9, 0xF8, 0x7B, 0x00, 0xB9, 0xB6, 0x85, 0x23, 0x9B,
    0xB3, 0xA9, 0x3E, 0xCD, 0x66, 0x33, 0x16, 0xCC, 0xF8, 0x18, 0x99, 0xE2, 0xF0, 0x19, 0x37, 0x63,
    0xA6, 0x2B, 0x20, 0x23, 0x9E, 0xE6, 0x43, 0xDE, 0xAD, 0xF6, 0x2E, 0x6C, 0x3B, 0x56, 0xC8, 0xF5,
    0xDF, 0x11, 0x5A, 0x73, 0xE0, 0xD0, 0xCC, 0x04, 0xE0, 0x2D, 0x4F, 0x69, 0x63, 0xF0, 0x7A, 0xDD,
    0x2C, 0x7E, 0x59, 0x8B, 0xCA, 0x29, 0x7B, 0xCF, 0x14, 0x40, 0x29, 0x65, 0xDA, 0x34, 0xA5, 0xC2,
    0xC1, 0x69, 0xA7, 0xE3, 0x9D, 0x1F, 0xD3, 0xEB, 0xA0, 0xB4, 0xC1, 0x63, 0xF0, 0xD5, 0xC5, 0x20,
    0x6F, 0x18, 0x0C, 0x68, 0xA7, 0x83, 0x63, 0xA3, 0x82, 0x38, 0x98, 0x83, 0x13, 0xC5, 0x39, 0x20,
    0xF7, 0xDB, 0x8D, 0xE3, 0x31, 0x5A, 0xFA, 0x0E, 0x8D, 0x4E, 0x7A, 0x4C, 0x57, 0x65, 0xC4, 0xFB,
    0x6F, 0x37, 0x99, 0xF9, 0x87, 0xFC, 0x7B, 0xFE, 0xC6, 0x92, 0x4F, 0xEA, 0x57, 0x99, 0x47, 0xF5,
    0xAB, 0xED, 0x5E, 0x0B, 0xC3, 0xAB, 0x0F, 0x32, 0x15, 0x0F, 0xFA, 0x67, 0xFB, 0xCC, 0xBF, 0x89,
    0x6F, 0x6D, 0x3F, 0xA9, 0x5F, 0x65, 0x1E, 0xD6, 0xAF, 0xB6, 0x03, 0x76, 0xF5, 0xF2, 0xA1, 0xFF,
    0xF6, 0x21, 0xBF, 0xDA, 0x7E, 0x52, 0xBF, 0xCA, 0x3C, 0xAC, 0x7F, 0x95, 0x6D, 0xF7, 0x65, 0xCA,
    0x1E, 0x96, 0xB9, 0xCA, 0xFF, 0xBC, 0xFE, 0xE3, 0x32, 0x57, 0xF9, 0x75, 0xE5, 0xF5, 0xD8, 0xEE,
    0xDD, 0x7D, 0x7C, 0xFF, 0xB5, 0x21, 0xC0, 0xF2, 0x5B, 0xDB, 0x4F, 0xEA, 0x57, 0x99, 0x87, 0xF5,
    0xAB, 0x6D, 0xD6, 0x7E, 0x2E, 0x7F, 0x95, 0x79, 0x34, 0xFF, 0x06, 0x9F, 0xCB, 0xFF, 0xB8, 0xFE,
    0x34, 0x6A, 0x34, 0x2A, 0x23, 0x99, 0xEB, 0x24, 0x3B, 0x0F, 0xB6, 0x24, 0x17, 0xAC, 0x9D, 0x2C,
    0xBE, 0x9D, 0x09, 0x92, 0x91, 0x64, 0xDA, 0x76, 0x0C, 0x8A, 0xBD, 0x18, 0xA2, 0x18, 0x83, 0xED,
    0xDC, 0x9C, 0xA4, 0x73, 0xBD, 0xCB, 0xAC, 0x6B, 0x6F, 0x68, 0xA2, 0x1C, 0xF2, 0x03, 0x8F, 0x8D,
    0x73, 0x28, 0x46, 0x0E, 0xEC, 0xB7, 0xD2, 0xCD, 0x5B, 0x88, 0x61, 0x84, 0x69, 0x16, 0x73, 0xAD,
    0xC5, 0x99, 0x86, 0x96, 0x34, 0x94, 0x81, 0xC6, 0x90, 0x10, 0xCB, 0x4C, 0xD3, 0x4C, 0x66, 0x95,
    0x71, 0x3E, 0x83, 0x60, 0x86, 0x63, 0x75, 0x6A, 0xCB, 0xFA, 0xE6, 0x09, 0xDF, 0x6F, 0x64, 0xFD,
    0x02, 0x21, 0xEC, 0x23, 0x94, 0xC0, 0x05, 0x59, 0x88, 0xC2, 0x83, 0x86, 0x6B, 0x84, 0x3B, 0x04,
    0x27, 0x8E, 0x52, 0x8E, 0xB1, 0xC6, 0xF4, 0xCA, 0xD1, 0x8A, 0x0D, 0xAF, 0x38, 0x7D, 0x2C, 0x9F,
    0x96, 0xB5, 0xAF, 0x57, 0x13, 0x08, 0x0E, 0x38, 0xEB, 0x5F, 0xE6, 0xD0, 0x0D, 0x2E, 0xF7, 0xCE,
    0x99, 0x42, 0xB9, 0x2A, 0xB3, 0x72, 0xCE, 0xF8, 0xD3, 0xEE, 0xBE, 0x14, 0x40, 0x7C, 0xE4, 0x76,
    0x6B, 0xE2, 0x57, 0x7E, 0xF8, 0x67, 0x4C, 0x76, 0xB7, 0x28, 0xE4, 0xA3, 0x7F, 0xC6, 0x90, 0x54,
    0xF0, 0xE3, 0xAE, 0x7C, 0xE7, 0xB7, 0xB8, 0xA6, 0x11, 0x07, 0xCE, 0xFD, 0xB4, 0xFD, 0x73, 0x3F,
    0x6D, 0x50, 0x3C, 0xC2, 0xF3, 0x7F, 0xC9, 0x10, 0xFF, 0x03, 0xB5, 0x96, 0x01, 0xC6, 0x2C, 0x49,
    0x10, 0x84, 0x3F, 0x12, 0x20, 0xC8, 0xAB, 0x04, 0x03, 0x30, 0xCC, 0xD5, 0x93, 0x06, 0x18, 0xDE,
    0x55, 0xEA, 0x00, 0x4D, 0xEF, 0x3C, 0x76, 0xD7, 0xDA, 0x55, 0x61, 0xFF, 0x66, 0x3E, 0xA0, 0x84,
    0x9A, 0x9C, 0x4A, 0x11, 0x99, 0xDD, 0xB0, 0x48, 0xAC, 0x26, 0x51, 0x23, 0x13, 0x69, 0x79, 0x11,
    0x79, 0x9D, 0x44, 0xAE, 0x8B, 0x80, 0x65, 0x75, 0xA8, 0x50, 0x53, 0x43, 0xE0, 0xF9, 0x21, 0xBF,
    0x0F, 0x33, 0xCC, 0x5E, 0x97, 0xF7, 0x15, 0xBA, 0x6D, 0x22, 0x56, 0xBA, 0x0F, 0x0C, 0x43, 0xD0,
    0x65, 0x59, 0x66, 0xC3, 0x5A, 0x12, 0x81, 0x9A, 0xC7, 0x3B, 0xF7, 0xAF, 0x97, 0x65, 0xB1, 0x67,
    0x8A, 0x9A, 0x54, 0x81, 0x29, 0x92, 0x5E, 0x30, 0xEC, 0x69, 0x0A, 0xF1, 0x63, 0x0A, 0x06, 0xE7,
    0xFF, 0x2D, 0x02, 0xD3, 0xB1, 0xEF, 0x45, 0xAD, 0x02, 0xEA, 0x44, 0x88, 0x84, 0x79, 0x23, 0xCC,
    0xF0, 0x03, 0x6A, 0x44, 0xE5, 0xFA, 0x74, 0xD0, 0x7B, 0x8A, 0xD8, 0x77, 0x7A, 0x8A, 0x4C, 0xF0,
    0x85, 0x50, 0x89, 0x15, 0x5D, 0x7B, 0xF0, 0x84, 0x6F, 0x26, 0xF3, 0xBE, 0xEF, 0x8A, 0x1A, 0xDC,
    0x93, 0x73, 0x47, 0xAA, 0x4F, 0x51, 0xE4, 0xB9, 0x96, 0x72, 0x73, 0xE8, 0xD0, 0x73, 0xDD, 0x9F,
    0x0B, 0x35, 0xB2, 0x95, 0xEE, 0xDF, 0xC8, 0xF5, 0x17, 0x26, 0x77, 0xD2, 0xAE, 0xEB, 0xA7, 0x35,
    0x7B, 0xDD, 0xAF, 0x88, 0x99, 0x42, 0x98, 0x7F, 0x21, 0x84, 0x31, 0xC3, 0x14, 0xF5, 0xF7, 0x31,
    0x51, 0x83, 0x71, 0x0D, 0x01, 0x2B, 0xF5, 0xA7, 0x97, 0x9C, 0x5E, 0xF3, 0x5C, 0x87, 0x8A, 0xE7,
    0xB3, 0x26, 0xA5, 0x80, 0x29, 0x0A, 0xA6, 0x72, 0x97, 0x03, 0x46, 0x14, 0x81, 0x3C, 0xB9, 0x68,
    0x7B, 0x80, 0xFB, 0x39, 0xE4, 0x61, 0x9B, 0x40, 0x48, 0xDF, 0x82, 0x9C, 0xB2, 0xEC, 0xDD, 0xEC,
    0x5F, 0x59, 0x86, 0xFC, 0x32, 0xA6, 0xDF, 0x8F, 0x55, 0x6C, 0xF1, 0xAB, 0xE6, 0x54, 0xCC, 0x58,
    0xF0, 0x7C, 0x40, 0x7A, 0x5D, 0xCA, 0x7B, 0x79, 0x31, 0xEF, 0x0F, 0x40, 0x0D, 0x00, 0xD4, 0xAF,
    0x63, 0xC9, 0xA2, 0x97, 0x4E, 0x59, 0xFA, 0xF5, 0x39, 0xFB, 0x1F, 0x9F, 0x71, 0x35, 0x16, 0x7F,
    0x9D, 0x1F, 0x1F, 0x18, 0x9C, 0x1C, 0x50, 0x23, 0x44, 0x4D, 0x9A, 0x32, 0x8F, 0xF7, 0x46, 0x8F,
    0xC8, 0x35, 0x72, 0xDA, 0xDD, 0x05, 0x13, 0x77, 0xFF, 0xD6, 0x77, 0x83, 0x91, 0xFD, 0x3E, 0xEA,
    0x7F, 0xE4, 0xB8, 0x69, 0x7E, 0xCC, 0xC3, 0x3D, 0xAF, 0xD5, 0x93, 0xF3, 0xFD, 0x5C, 0x4C, 0xD1,
    0x67, 0x48, 0xD8, 0x0D, 0x0C, 0x6A, 0x58, 0x5C, 0xD7, 0x7F, 0xCF, 0x37, 0xA9, 0xEB, 0x1A, 0xBE,
    0x49, 0xA8, 0x59, 0x27, 0x52, 0x8D, 0xCD, 0x6B, 0xB8, 0xC3, 0x75, 0xD1, 0xB0, 0x0C, 0xE2, 0xBB,
    0x0C, 0xB0, 0x5E, 0xD7, 0x75, 0x02, 0x0B, 0x98, 0x5E, 0xFE, 0xCD, 0x6A, 0x6F, 0xCC, 0x35, 0xF6,
    0x6B, 0xBC, 0xDD, 0x6B, 0x05, 0x34, 0x45, 0xCF, 0xFE, 0xFE, 0x6F, 0x76, 0xBA, 0xFF, 0x64, 0xFB,
    0xFB, 0x4B, 0x08, 0x51, 0x1B, 0x1D, 0xE3, 0x5A, 0xF2, 0x4E, 0x17, 0xA2, 0x27, 0x4F, 0xCA, 0x73,
    0x1D, 0x3A, 0xC4, 0x86, 0x1E, 0x59, 0xEC, 0x64, 0xF1, 0xCA, 0x13, 0x06, 0x7F, 0xD0, 0xD4, 0x56,
    0xD5, 0x14, 0x9A, 0xDD, 0x86, 0xF9, 0x03, 0xA5, 0x59, 0xC1, 0xAA, 0xF5, 0x2C, 0x0C, 0x1C, 0xC8,
    0x36, 0xE0, 0xAB, 0x04, 0xDC, 0x16, 0x7C, 0x75, 0xE1, 0x6C, 0xFB, 0x30, 0xC2, 0xBF, 0x15, 0xFA,
    0x37, 0x48, 0xB8, 0x9E, 0xA1, 0x39, 0x5D, 0x7C, 0x33, 0x8B, 0x7B, 0x2E, 0x33, 0xB1, 0xAD, 0x9A,
    0xD4, 0x2A, 0x50, 0x80, 0x01, 0xB4, 0x69, 0x70, 0xB6, 0x61, 0x58, 0x6C, 0x13, 0x37, 0xD4, 0xD4,
    0x80, 0x4C, 0x0F, 0xB8, 0x2E, 0x10, 0xE7, 0x94, 0xC0, 0x01, 0xC7, 0x28, 0x88, 0x78, 0xE6, 0x0E,
    0x19, 0xAA, 0x7B, 0xFB, 0xAA, 0x32, 0x76, 0xBD, 0x0C, 0xD3, 0x9B, 0xEB, 0x6E, 0xD5, 0x6E, 0x96,
    0x6F, 0x7D, 0xA2, 0x7F, 0xB3, 0xEC, 0xF7, 0x9F, 0xE8, 0x1B, 0xE6, 0x7E, 0x6B, 0x8E, 0xD2, 0x77,
    0xB9, 0x75, 0x5B, 0x9C, 0xF6, 0x59, 0xEC, 0x5F, 0xF1, 0xD6, 0x17, 0x9B, 0xEB, 0x8B, 0x6F, 0xFD,
    0x23, 0x7B, 0xFF, 0xD8, 0xE1, 0xD1, 0x15, 0x15, 0x07, 0xAA, 0xB7, 0x66, 0xA6, 0xB8, 0x11, 0xE3,
    0x63, 0x6A, 0xC7, 0xCD, 0xD3, 0xCE, 0xAA, 0x55, 0x8F, 0x9B, 0x4B, 0x8F, 0x9E, 0x30, 0x31, 0xD1,
    0x1B, 0x62, 0x62, 0xFE, 0x74, 0x82, 0x82, 0x1D, 0x26, 0xCC, 0x76, 0xB9, 0x2F, 0x74, 0xE9, 0x6A,
    0x6A, 0xDE, 0x5A, 0x9B, 0xA6, 0x8B, 0xD8, 0xD0, 0x46, 0x8C, 0x7F, 0xA8, 0x6D, 0x90, 0xAE, 0xCE,
    0x44, 0x7F, 0x1D, 0x7F, 0x4C, 0x51, 0xE7, 0x82, 0xC7, 0x5F, 0x57, 0x97, 0x2E, 0x21, 0xBF, 0xCD,
    0x3F, 0xEF, 0x71, 0x3D, 0xF5, 0x94, 0x21, 0xC3, 0xFF, 0xFA, 0xFF, 0x3C, 0x7F, 0x70, 0xB3, 0x0C,
    0x18, 0x14, 0x34, 0x7F, 0xF2, 0xFE, 0x05, 0xD4, 0xA4, 0xE7, 0x7A, 0x20, 0x1B, 0xBF, 0x80, 0x4C,
    0xD1, 0x3F, 0x3A, 0x28, 0x5E, 0x4D, 0x8F, 0x1B, 0xF5, 0xAC, 0x27, 0xF7, 0x7F, 0xE8, 0x31, 0x3A,
    0x41, 0x7E, 0xBE, 0x6F, 0x16, 0xEE, 0x7F, 0x65, 0x26, 0xE3, 0x87, 0xE0, 0x43, 0xFB, 0xA1, 0x71,
    0xFB, 0x58, 0xB3, 0x89, 0xB8, 0xE1, 0x65, 0x7E, 0xF6, 0x32, 0xED, 0x13, 0x8C, 0x5C, 0xE5, 0xE7,
    0x57, 0xF3, 0xB1, 0xF8, 0x9B, 0xA9, 0xA4, 0x13, 0xDB, 0x05, 0x81, 0x3C, 0xE8, 0x47, 0x39, 0xA1,
    0x4E, 0x9A, 0x3F, 0xC4, 0x76, 0xED, 0xFA, 0x47, 0x99, 0xD7, 0x57, 0xFB, 0x0D, 0x9C, 0xDF, 0x32,
    0x1F, 0xC7, 0x4F, 0xED, 0x5C, 0x6C, 0xFA, 0xA5, 0xE3, 0x77, 0x7E, 0x95, 0x6E, 0x06, 0x85, 0x96,
    0x09, 0x75, 0x72, 0x7D, 0xB2, 0x51, 0xD5, 0xD9, 0xB4, 0xEA, 0xA2, 0x51, 0x7D, 0x5C, 0xAD, 0x96,
    0x19, 0xB3, 0x2F, 0xFA, 0x8F, 0x73, 0xE4, 0x76, 0x46, 0x2F, 0x05, 0x54, 0x86, 0x6E, 0xF7, 0x46,
    0xF3, 0x8B, 0xE6, 0x50, 0xB8, 0x5A, 0xE8, 0x69, 0x0D, 0x60, 0xC8, 0x76, 0x6F, 0x3E, 0x7E, 0x26,
    0x78, 0x98, 0x83, 0xAB, 0x15, 0xBE, 0x7E, 0x8C, 0x61, 0x54, 0x80, 0xC8, 0x7F, 0x8E, 0x8F, 0x0A,
    0xF0, 0x18, 0x4F, 0x19, 0x0E, 0x6C, 0x15, 0x20, 0xD1, 0xB9, 0x06, 0x50, 0xFE, 0xD3, 0xF3, 0x51,
    0xFE, 0x13, 0xB8, 0x02, 0xB0, 0xCE, 0x15, 0x80, 0xF5, 0xF2, 0x36, 0x3E, 0x11, 0x99, 0xC4, 0xD7,
    0x71, 0x68, 0x68, 0x87, 0xD6, 0xF1, 0x58, 0x03, 0x60, 0xE0, 0xFE, 0x4F, 0x6B, 0xC0, 0x0E, 0xCA,
    0x61, 0x81, 0x40, 0x71, 0x84, 0xE4, 0xEE, 0x55, 0x03, 0xB8, 0x0A, 0x50, 0x7C, 0x54, 0x80, 0xBC,
    0x7F, 0x38, 0xFF, 0x37, 0x9D, 0x2B, 0x00, 0x21, 0xCB, 0xFF, 0x40, 0x96, 0xFF, 0x54, 0x03, 0x26,
    0xE5, 0x3F, 0x8F, 0x9F, 0x52, 0xFE, 0x53, 0x0D, 0xE0, 0xFC, 0xE1, 0x1A, 0x50, 0x26, 0xE5, 0x3F,
    0xD5, 0x80, 0xC6, 0xF9, 0x9F, 0xD4, 0x80, 0xE8, 0xBF, 0x58, 0x61, 0xE4, 0xF9, 0xE5, 0x41, 0xB9,
    0xEE, 0x30, 0x5C, 0xB0, 0x6D, 0xFE, 0x2C, 0x42, 0x31, 0x7E, 0xAD, 0x01, 0x19, 0x6B, 0x0D, 0xD8,
    0x06, 0xAD, 0xFF, 0x68, 0xFE, 0xF9, 0xDD, 0x72, 0xFE, 0xAE, 0x99, 0x22, 0xC9, 0xFA, 0x2E, 0x9E,
    0x80, 0x75, 0xEA, 0x7A, 0x6F, 0xD7, 0x76, 0x5A, 0x2F, 0x78, 0x58, 0x03, 0x4E, 0x5E, 0xFF, 0x05,
    0x68, 0x05, 0x38, 0x5F, 0xFB, 0x27, 0x30, 0x4A, 0x5E, 0x3F, 0x62, 0x7C, 0xD2, 0xFA, 0x13, 0xB9,
    0x9E, 0xE7, 0x57, 0x40, 0xBF, 0xB0, 0xF2, 0x2B, 0x7B, 0xFF, 0xD5, 0x53, 0x0D, 0x0C, 0xE4, 0xBA,
    0xA0, 0x8D, 0x5F, 0xEF, 0x3F, 0xBD, 0xD9, 0xBA, 0x42, 0x51, 0x86, 0x3A, 0x78, 0xFD, 0x75, 0xD8,
    0xA7, 0xA2, 0xA2, 0xCD, 0x0A, 0xA7, 0x7D, 0x2C, 0x6E, 0x9E, 0x3C, 0x6D, 0xB2, 0x1E, 0x33, 0x40,
    0x4C, 0x4C, 0xB5, 0x1C, 0x5E, 0xFD, 0x9D, 0x20, 0xFC, 0x39, 0x58, 0x5F, 0x63, 0x57, 0xED, 0xA6,
    0xB6, 0xE3, 0x48, 0xE2, 0x2D, 0x1C, 0x0F, 0xF1, 0x65, 0xAE, 0xD5, 0x0D, 0xBA, 0x0C, 0xBE, 0xFE,
    0xEE, 0x11, 0x5B, 0x75, 0x8E, 0xF5, 0x7A, 0x55, 0xA9, 0x62, 0x67, 0x33, 0x9B, 0x75, 0xA1, 0xEE,
    0x7A, 0x78, 0x76, 0xC7, 0xFE, 0x7E, 0xE2, 0xF5, 0xAD, 0xFF, 0x32, 0xD8, 0xE6, 0xD8, 0xDF, 0x7F,
    0xAC, 0x03, 0x54, 0x77, 0xB9, 0x7E, 0xE7, 0x3E, 0x7A, 0xF7, 0xB4, 0x99, 0xBF, 0x7F, 0xA2, 0x7E,
    0x3C, 0xE9, 0x56, 0xCC, 0x1C, 0xDA, 0x9D, 0xC2, 0xA5, 0x75, 0x5B, 0x63, 0x87, 0x63, 0xE9, 0xC7,
    0x21, 0xF2, 0x16, 0x1F, 0x1E, 0x8E, 0xDF, 0xA1, 0x3E, 0xEB, 0x3E, 0xCE, 0x5A, 0xEB, 0xE1, 0xE3,
    0xAC, 0xC6, 0x7D, 0xA0, 0xB9, 0xBE, 0xC6, 0x54, 0x36, 0xAE, 0xFE, 0x09, 0xB0, 0x27, 0x74, 0xEF,
    0x93, 0x22, 0x1D, 0x06, 0xFF, 0x7D, 0x2C, 0x65, 0xB1, 0x6C, 0xF3, 0x9B, 0x5D, 0xA1, 0xC7, 0x5B,
    0xF7, 0x3D, 0x7F, 0xD9, 0x45, 0x3A, 0xAF, 0xEF, 0x51, 0xA2, 0x16, 0x82, 0x3D, 0xB9, 0x2E, 0x8A,
    0x61, 0xA6, 0xA7, 0x88, 0xF4, 0xAD, 0xF5, 0xDE, 0x3A, 0x95, 0x12, 0xEE, 0xF8, 0x8F, 0x20, 0x47,
    0xE9, 0x86, 0xF2, 0x53, 0x87, 0x49, 0x47, 0xAE, 0xC3, 0x46, 0x2F, 0x78, 0x83, 0x00, 0xD0, 0x0E,
    0xB9, 0xA9, 0x5D, 0xFF, 0xEA, 0x22, 0xD0, 0x4F, 0x88, 0x6D, 0xCE, 0xE5, 0xF9, 0x68, 0x77, 0xFF,
    0x1F, 0x3C, 0xB6, 0x1B, 0x3E, 0xBD, 0x47, 0x3D, 0x0F, 0xA1, 0x01, 0x53, 0xB0, 0x61, 0xFC, 0xD7,
    0xD1, 0x7B, 0x77, 0x3F, 0xF2, 0xEF, 0xCB, 0x02, 0x85, 0x21, 0x5F, 0x7F, 0x86, 0xEE, 0x80, 0xA2,
    0x41, 0xB1, 0xD5, 0xD7, 0x83, 0xF3, 0x2F, 0x5C, 0xE1, 0x70, 0x9D, 0xD6, 0xEE, 0xA7, 0x59, 0x3B,
    0x0D, 0x41, 0xE4, 0xEB, 0xC3, 0xF3, 0xB0, 0xEA, 0xCE, 0x68, 0x56, 0x5F, 0xBF, 0xEF, 0xD9, 0x43,
    0xBA, 0x5C, 0x82, 0xC5, 0x36, 0xE2, 0x17, 0x23, 0x3C, 0xE1, 0xE0, 0x6F, 0x0B, 0xFE, 0x82, 0xC2,
    0x00, 0x79, 0xC2, 0x41, 0x7A, 0xB6, 0x7F, 0x20, 0x90, 0xE4, 0xFB, 0x82, 0xF4, 0x64, 0x7F, 0xA1,
    0x97, 0xE4, 0xFB, 0x83, 0xF4, 0x6C, 0xFF, 0xC0, 0x49, 0xF5, 0x8F, 0xF5, 0xBD, 0x7E, 0xD6, 0x9B,
    0xAD, 0x57, 0x73, 0x9A, 0x9A, 0x80, 0x60, 0xE5, 0xCF, 0xC1, 0xBA, 0x96, 0x66, 0x6A, 0x3E, 0xF3,
    0x0B, 0xB4, 0xAB, 0xA9, 0xEA, 0xD2, 0xC9, 0x93, 0xE9, 0xB3, 0x68, 0x12, 0x4F, 0x1E, 0xD6, 0xF3,
    0xFD, 0x8D, 0xC2, 0xFD, 0xBF, 0x3B, 0x58, 0xB7, 0x66, 0xE6, 0x68, 0xC3, 0x2C, 0x10, 0xDA, 0xEE,
    0xD9, 0x1D, 0xBC, 0xB6, 0xE3, 0x1D, 0x3E, 0x08, 0x8E, 0x47, 0xCF, 0x64, 0x5D, 0xD7, 0xDA, 0x7B,
    0xA3, 0x0E, 0xE9, 0x7B, 0x34, 0xBB, 0x48, 0xE7, 0xFA, 0x9B, 0xCE, 0x1F, 0x53, 0xD2, 0xF3, 0xFD,
    0x97, 0xC1, 0x49, 0x46, 0x9E, 0xD0, 0x69, 0x7F, 0x66, 0x73, 0x10, 0x54, 0x97, 0xE3, 0xC1, 0x43,
    0xF1, 0x65, 0xBE, 0xC4, 0x87, 0xA3, 0x67, 0xFB, 0x3B, 0xD9, 0xF8, 0x87, 0x83, 0xF5, 0xEB, 0x54,
    0x42, 0xB9, 0x42, 0x27, 0x0F, 0xE9, 0xE9, 0xFE, 0x50, 0xE1, 0x78, 0x72, 0x2C, 0x9D, 0xB4, 0xAA,
    0xF5, 0x56, 0x45, 0xC5, 0x5B, 0x20, 0xEC, 0x0E, 0xD6, 0xCD, 0x49, 0x5F, 0x08, 0x20, 0xB0, 0xE3,
    0x69, 0xFF, 0xA7, 0xAC, 0x7D, 0x66, 0x95, 0xA8, 0x6E, 0xEC, 0x09, 0x07, 0xE9, 0x8F, 0xF1, 0x1D,
    0x3D, 0x8F, 0x0F, 0x3D, 0xDF, 0x7F, 0x8F, 0x79, 0x51, 0x66, 0xB6, 0x3F, 0x1B, 0xB3, 0x42, 0x46,
    0xBA, 0x7F, 0x43, 0xF5, 0xF1, 0xD8, 0xEB, 0xBB, 0x62, 0xB0, 0x27, 0x1C, 0xA1, 0xA7, 0xFB, 0xAF,
    0xDB, 0xFB, 0x95, 0x3D, 0xAC, 0x73, 0x7D, 0xCA, 0xAE, 0x4F, 0x8E, 0xD0, 0x93, 0x78, 0xBE, 0x3E,
    0xC5, 0x87, 0x9E, 0xCF, 0xCF, 0x83, 0xF3, 0x9B, 0x1C, 0xBB, 0xCE, 0xFB, 0xCB, 0xC9, 0xF5, 0x37,
    0x07, 0xE9, 0x32, 0x78, 0x7C, 0x65, 0x6C, 0x5F, 0x9F, 0xE9, 0xF9, 0x41, 0x38, 0x92, 0xFD, 0xC5,
    0xD8, 0x5B, 0x48, 0xE3, 0xC3, 0x93, 0xC5, 0x07, 0xE4, 0xD2, 0xF5, 0xF5, 0x7D, 0x45, 0x1D, 0xB7,
    0x0B, 0x04, 0x5F, 0x7F, 0xE3, 0x53, 0x96, 0xE3, 0x53, 0xE6, 0x7E, 0x77, 0xF9, 0xF9, 0x42, 0x78,
    0x7E, 0xEF, 0x3F, 0xAE, 0x9A, 0xB4, 0x56, 0x39, 0x51, 0xA7, 0x40, 0x28, 0x63, 0x77, 0x94, 0x41,
    0xCF, 0x9F, 0xC6, 0x87, 0x27, 0x8F, 0xCF, 0xF3, 0x8B, 0x3C, 0x94, 0x5F, 0xA1, 0xE5, 0xE7, 0x23,
    0xE4, 0x49, 0xF7, 0x4F, 0xDB, 0x84, 0xA1, 0x0B, 0x64, 0x40, 0x9D, 0xF6, 0xB0, 0xFE, 0x2C, 0xE4,
    0x89, 0x5E, 0x4D, 0xCF, 0x5F, 0x02, 0xE1, 0x21, 0x47, 0xDC, 0xDB, 0x5B, 0x7C, 0x78, 0xF2, 0xF8,
    0xFC, 0xFC, 0x84, 0x3D, 0xAC, 0xFF, 0xEB, 0xF7, 0x2F, 0xB7, 0xCD, 0xF1, 0xE4, 0x09, 0x07, 0xE9,
    0x4B, 0xDB, 0xCE, 0x07, 0x36, 0x9D, 0x3D, 0x32, 0xBF, 0xF5, 0x32, 0xDF, 0xCF, 0x67, 0xF2, 0xFD,
    0x25, 0xFF, 0xFF, 0x2D, 0xDE, 0x3D, 0x59, 0x7C, 0x29, 0xF6, 0x1A, 0x1F, 0x9E, 0xEC, 0xFA, 0x6F,
    0xE7, 0x3B, 0xEC, 0x09, 0xC7, 0xEF, 0xF3, 0xC9, 0x83, 0x2D, 0xEE, 0x61, 0x9D, 0xDB, 0x7E, 0x3A,
    0xDF, 0x21, 0x4F, 0x53, 0xD6, 0x93, 0xEF, 0x1F, 0xEF, 0x85, 0x4E, 0x9E, 0x44, 0x4F, 0xCE, 0xC7,
    0x14, 0x96, 0xAF, 0x9F, 0x42, 0xE7, 0xF8, 0x36, 0xD5, 0xF2, 0xFD, 0xF5, 0x70, 0x84, 0xFE, 0x3F,
    0xDD, 0x97, 0x51, 0x6E, 0xE4, 0x30, 0x08, 0x86, 0x91, 0x38, 0x00, 0x17, 0xAA, 0xC4, 0xD5, 0x91,
    0x7A, 0x21, 0xA4, 0xBE, 0x22, 0xFD, 0x6B, 0x30, 0x49, 0x6D, 0x4F, 0xA7, 0xDA, 0x87, 0xED, 0xB6,
    0xBB, 0xD8, 0x7C, 0xA8, 0x49, 0xEC, 0xFC, 0x46, 0x8D, 0xF1, 0x90, 0x02, 0x46, 0xC9, 0x28, 0x82,
    0x28, 0xBB, 0x51, 0x10, 0xC9, 0xA4, 0x27, 0xB9, 0xC9, 0xFE, 0x19, 0xC5, 0x2E, 0x8A, 0xBD, 0x53,
    0x4D, 0x93, 0xA3, 0x11, 0x45, 0x92, 0x8B, 0xE2, 0x49, 0x18, 0x61, 0x18, 0x25, 0xA3, 0x48, 0xB7,
    0x71, 0x1C, 0x4C, 0x8B, 0x47, 0xB0, 0x2F, 0x10, 0x0C, 0x28, 0x5E, 0x8D, 0x01, 0x98, 0x04, 0x0F,
    0x58, 0x6A, 0x28, 0xA4, 0x0E, 0x24, 0x62, 0x05, 0x12, 0x31, 0x1A, 0x27, 0x24, 0x08, 0x84, 0x20,
    0x45, 0x04, 0x09, 0x3C, 0x88, 0x61, 0xB1, 0x68, 0x5A, 0xD0, 0x6B, 0x3A, 0x59, 0xC9, 0x9A, 0xF4,
    0x93, 0x52, 0xC9, 0x12, 0x6B, 0x62, 0x58, 0x53, 0x26, 0x2B, 0x59, 0x2B, 0xDF, 0xD3, 0x87, 0x27,
    0xAF, 0xF2, 0x8D, 0x97, 0xE1, 0xA4, 0x7E, 0x80, 0x38, 0x20, 0x4E, 0xE4, 0x00, 0xF1, 0xD4, 0x45,
    0x6A, 0x1C, 0x53, 0xAD, 0x54, 0x22, 0xE9, 0x11, 0xA5, 0x2D, 0x4E, 0x04, 0xB1, 0x2F, 0x98, 0x26,
    0xBE, 0x41, 0x0F, 0x47, 0xCB, 0x68, 0xE7, 0x74, 0xDF, 0x5D, 0xD2, 0xED, 0xDD, 0xB5, 0xFC, 0x98,
    0x06, 0x88, 0xF6, 0xF9, 0x62, 0xB5, 0xC5, 0xBB, 0x45, 0x37, 0xE7, 0x6E, 0x62, 0x57, 0xBB, 0x1E,
    0x41, 0x3D, 0x90, 0xC3, 0xB2, 0x09, 0x40, 0xE9, 0x69, 0xDF, 0xA1, 0x1C, 0xF0, 0xBE, 0xAA, 0x4B,
    0x8F, 0xA5, 0x3B, 0xF1, 0xD2, 0xC5, 0xD6, 0xBE, 0x0D, 0x42, 0x8F, 0xE8, 0x37, 0x54, 0xFF, 0x6B,
    0x6B, 0xBA, 0xF2, 0xF8, 0x5C, 0xEC, 0xF3, 0x15, 0xC6, 0x3E, 0xE8, 0x1A, 0x37, 0xEC, 0xCE, 0x8E,
    0x24, 0xF6, 0xB8, 0x98, 0xFA, 0x00, 0xAC, 0x22, 0x1F, 0x51, 0x40, 0x84, 0x25, 0xEA, 0x88, 0x11,
    0x9B, 0x73, 0xBA, 0xEF, 0x2E, 0xAF, 0xBE, 0x45, 0x2D, 0x65, 0x41, 0x51, 0xF2, 0x74, 0x44, 0xCB,
    0xC8, 0xBE, 0xC7, 0xF9, 0x39, 0x65, 0xAC, 0x65, 0xAA, 0xD2, 0x1E, 0x23, 0x23, 0xE6, 0x6E, 0x44,
    0x51, 0xFB, 0x70, 0x45, 0x1B, 0x48, 0x03, 0x9D, 0xA1, 0x8D, 0x5D, 0x9D, 0x41, 0xFC, 0x86, 0xD0,
    0xDE, 0x5A, 0x90, 0x17, 0xE0, 0xE2, 0x1C, 0xA4, 0x56, 0xDB, 0xB5, 0x12, 0x7B, 0xCD, 0x99, 0x3A,
    0x9E, 0x07, 0xA5, 0x7A, 0xF6, 0xC3, 0xF0, 0x42, 0x6C, 0xA4, 0xAD, 0xA9, 0xC3, 0xFF, 0x94, 0xE1,
    0x36, 0x8E, 0x33, 0x7E, 0x7B, 0x96, 0x0F, 0x71, 0x67, 0x10, 0x3F, 0x79, 0xEF, 0x25, 0x71, 0xD1,
    0x93, 0x68, 0xE6, 0xC0, 0xCA, 0xFB, 0x45, 0x0C, 0x72, 0x68, 0xD2, 0x95, 0xC4, 0x06, 0x2D, 0x29,
    0x37, 0xC5, 0xA5, 0x62, 0xDF, 0x9F, 0x0C, 0xCD, 0xE9, 0x93, 0x44, 0xF1, 0x92, 0xD4, 0xC9, 0x68,
    0xA2, 0x04, 0xC5, 0xC2, 0xB3, 0xA2, 0xA6, 0x55, 0xCE, 0xF8, 0xAA, 0x42, 0x74, 0x56, 0xA1, 0xC4,
    0xEF, 0x56, 0xA1, 0x97, 0xBD, 0x14, 0xFD, 0xD0, 0x1C, 0xB4, 0xA9, 0xAD, 0xFC, 0xD2, 0x3C, 0x3C,
    0x56, 0xE3, 0x9F, 0x9D, 0x1B, 0x01, 0x9A, 0x5F, 0x9D, 0x15, 0x06, 0xAC, 0xB0, 0x1E, 0x8B, 0xAD,
    0xE8, 0xA5, 0x6F, 0x39, 0xDD, 0xD1, 0x42, 0x0E, 0xF6, 0x9B, 0x9E, 0x94, 0x62, 0x6F, 0x0E, 0x24,
    0x03, 0x51, 0x44, 0x95, 0xAC, 0x49, 0x35, 0x9D, 0xA4, 0x83, 0x35, 0x31, 0x1E, 0x69, 0xCF, 0xFF,
    0x59, 0x94, 0x1D, 0xFC, 0x06, 0x86, 0x33, 0x52, 0xA0, 0xF8, 0x5E, 0xFD, 0x97, 0x1E, 0x1F, 0x1E,
    0x00, 0x08, 0xF0, 0x66, 0xD9, 0x3F, 0x96, 0x01, 0x01, 0x46, 0xA7, 0x3F, 0x90, 0x8A, 0x9F, 0xBD,
    0x70, 0x01, 0x6E, 0x2A, 0x3B, 0xA9, 0x0C, 0xD7, 0xE1, 0x98, 0xD5, 0x57, 0xED, 0xF1, 0xEC, 0xE6,
    0x8F, 0x2E, 0x76, 0x7B, 0x19, 0xE0, 0xE9, 0x35, 0xF5, 0x00, 0xA7, 0xE6, 0x12, 0x5D, 0x33, 0x62,
    0x16, 0xF7, 0xA2, 0x18, 0xFB, 0xCE, 0x7C, 0x3C, 0x49, 0x88, 0x62, 0x05, 0x41, 0x49, 0xD6, 0x79,
    0x4D, 0x63, 0x7D, 0x8C, 0x22, 0xB9, 0xA6, 0xB0, 0xBF, 0x7D, 0x38, 0xD5, 0x52, 0x90, 0x7F, 0xCE,
    0x79, 0xF4, 0xD3, 0xDF, 0x84, 0x82, 0x92, 0x9E, 0x72, 0xD9, 0x39, 0xC4, 0x28, 0x3D, 0xA7, 0xAA,
    0x5B, 0x9C, 0x53, 0xCC, 0x4F, 0x3A, 0xAF, 0xDC, 0xA7, 0x0A, 0x90, 0x18, 0x00, 0x53, 0xA0, 0x6E,
    0x9D, 0xA7, 0xED, 0x54, 0x10, 0xB8, 0xE0, 0x6B, 0x99, 0xF2, 0x0D, 0x52, 0xB0, 0x47, 0x68, 0x81,
    0x36, 0xE0, 0x46, 0xAC, 0x38, 0x27, 0xBE, 0xD4, 0xAC, 0x60, 0x9F, 0x4D, 0x4B, 0xD4, 0xFA, 0x43,
    0x25, 0x5B, 0x74, 0x83, 0xA1, 0xFF, 0x95, 0xB2, 0xFD, 0x02, 0xDD, 0x9A, 0xD1, 0x6A, 0xE4, 0xBE,
    0x0E, 0xC6, 0x3F, 0xD0, 0x6D, 0x40, 0xAF, 0x62, 0xF8, 0xDF, 0x0E, 0xE8, 0xD5, 0x05, 0xBD, 0x2D,
    0xF4, 0x55, 0x04, 0x7B, 0x2B, 0xD0, 0xB1, 0xAD, 0x8C, 0x48, 0xDA, 0x9A, 0xB2, 0x87, 0x9D, 0x4E,
    0x5A, 0x9B, 0xFC, 0x0C, 0x6B, 0xA7, 0x56, 0x3E, 0x4D, 0x24, 0xDB, 0x59, 0x00, 0xA2, 0x1D, 0x71,
    0x07, 0x85, 0x75, 0xFC, 0xE9, 0xE0, 0x89, 0x97, 0x0E, 0x19, 0x08, 0xEA, 0xF0, 0x0E, 0x72, 0x38,
    0xC8, 0x3A, 0x78, 0x42, 0x3B, 0x64, 0x20, 0x22, 0x26, 0x82, 0x26, 0xC6, 0x8D, 0x3C, 0xA1, 0x1D,
    0x32, 0x81, 0x8E, 0x18, 0xF0, 0x01, 0x64, 0x89, 0x13, 0x28, 0x7C, 0x0C, 0x0A, 0x20, 0x5E, 0x42,
    0xC9, 0xC0, 0x09, 0x20, 0x71, 0xFF, 0x1B, 0x11, 0x01, 0x0E, 0x13, 0x88, 0xA1, 0x03, 0x70, 0x78,
    0x82, 0x06, 0xD8, 0x11, 0x14, 0x0E, 0x09, 0x1B, 0xE3, 0x34, 0x90, 0x85, 0xED, 0x88, 0x86, 0x0D,
    0x5B, 0x27, 0xE9, 0xD6, 0xB6, 0xD6, 0x3A, 0xC4, 0x07, 0x47, 0x45, 0x16, 0x45, 0xEB, 0x55, 0xC7,
    0xF8, 0xD6, 0x07, 0x73, 0xF6, 0xDF, 0xF8, 0xB5, 0xFE, 0x60, 0x69, 0x88, 0x5E, 0x1C, 0x18, 0xE2,
    0xE0, 0xD4, 0x3B, 0xE0, 0x3E, 0x3A, 0x3A, 0x58, 0xF3, 0xC1, 0x9F, 0x2C, 0x3D, 0xF9, 0xC9, 0x78,
    0x49, 0xE3, 0xBF, 0xB2, 0xBB, 0x4A, 0xF9, 0x49, 0xB1, 0xF6, 0x13, 0x97, 0x9F, 0xFC, 0x6F, 0xFC,
    0xC4, 0x3A, 0x60, 0xA5, 0xA4, 0x0F, 0xDC, 0x2E, 0xAF, 0x69, 0x5A, 0x4B, 0x5E, 0x26, 0xCB, 0x00,
    0x5F, 0x42, 0xD3, 0x86, 0x8D, 0xDA, 0xA6, 0xFF, 0xF5, 0x6B, 0xD3, 0xD6, 0x8B, 0x58, 0xDB, 0x0B,
    0x46, 0xD9, 0x40, 0x78, 0xED, 0x23, 0xB6, 0xD5, 0xEF, 0x9C, 0x6D, 0x03, 0x64, 0x18, 0xEE, 0x43,
    0x52, 0x15, 0xBD, 0xBE, 0x3B, 0x9C, 0x86, 0x5C, 0x32, 0xBA, 0x1C, 0x68, 0x6C, 0xCF, 0xF7, 0x44,
    0x45, 0xB9, 0x01, 0x7E, 0xD3, 0xFD, 0x01, 0x6E, 0x94, 0x72, 0x5E, 0x2D, 0x1C, 0x1F, 0xED, 0xA1,
    0x32, 0x80, 0x91, 0x4A, 0x7E, 0x73, 0xB0, 0x3E, 0xC6, 0x59, 0xAA, 0x38, 0xCB, 0xA5, 0x9C, 0xF6,
    0x0A, 0x67, 0xCD, 0x29, 0xC1, 0x8E, 0xE7, 0x6B, 0xFA, 0x45, 0x7E, 0x68, 0xBD, 0x42, 0x68, 0x58,
    0x91, 0x96, 0xE1, 0xF1, 0xC2, 0x4A, 0x29, 0xC2, 0x5A, 0xC6, 0xD8, 0xA5, 0x45, 0x5C, 0x27, 0x84,
    0xE7, 0x88, 0x48, 0x80, 0xBE, 0x6D, 0x62, 0x84, 0x45, 0x38, 0x55, 0x28, 0xA1, 0x35, 0x5E, 0x2E,
    0x1B, 0x44, 0x1B, 0x10, 0x7F, 0xAC, 0x4B, 0x18, 0x0A, 0x42, 0x5C, 0x59, 0xFF, 0x55, 0xF0, 0x7F,
    0x82, 0xF4, 0xD7, 0x53, 0x68, 0x1D, 0x3A, 0xB7, 0x5E, 0xC1, 0xEA, 0x69, 0x4A, 0x1A, 0xF5, 0x84,
    0xA8, 0x29, 0x11, 0x61, 0x07, 0xEA, 0x6E, 0x6E, 0x4C, 0xFA, 0x7B, 0x92, 0x7D, 0xE0, 0x94, 0x23,
    0xC9, 0x9D, 0xBB, 0xA9, 0x27, 0x4A, 0x12, 0x9F, 0x33, 0xE6, 0x5D, 0xC5, 0x12, 0x02, 0xE4, 0x1F,
    0x38, 0xEC, 0x0B, 0xA7, 0x08, 0x67, 0x47, 0xB0, 0x0E, 0xAD, 0xF3, 0x8A, 0x43, 0x19, 0x63, 0xF7,
    0xCB, 0x03, 0xE4, 0xA2, 0x62, 0x12, 0xA1, 0x3C, 0x55, 0x35, 0x20, 0x8D, 0xAA, 0x8B, 0xF6, 0x77,
    0x52, 0xBC, 0x61, 0x54, 0xB1, 0x6C, 0x5B, 0x3A, 0xB0, 0xFA, 0x53, 0xBF, 0xDC, 0x08, 0xCC, 0xFE,
    0x8D, 0xED, 0xEE, 0x5B, 0x1D, 0xD6, 0xBD, 0x75, 0xF2, 0xDB, 0x74, 0x2F, 0x79, 0xF6, 0x5C, 0x56,
    0x63, 0xD1, 0x36, 0x62, 0xCC, 0x08, 0x31, 0x19, 0x61, 0xFE, 0xA9, 0xBE, 0x69, 0x4E, 0x1C, 0x5C,
    0x67, 0x65, 0x6B, 0x96, 0x32, 0x4D, 0xB1, 0xBF, 0x89, 0xF9, 0x16, 0x42, 0xE0, 0x97, 0x56, 0x2E,
    0x9F, 0x88, 0x2D, 0xEF, 0x94, 0x32, 0x61, 0xFF, 0xB7, 0x7E, 0xB9, 0x83, 0xCC, 0xC1, 0x2A, 0xFF,
    0x52, 0xD5, 0xB2, 0xBA, 0x9E, 0xAF, 0xA6, 0xBE, 0xFD, 0x02, 0x55, 0xC9, 0x52, 0x58, 0xF8, 0x3E,
    0x8A, 0xBF, 0x47, 0xD5, 0x46, 0xDB, 0xF6, 0xDA, 0xDA, 0xE2, 0xDD, 0xCF, 0xCD, 0xD1, 0xB6, 0x59,
    0x6B, 0xAB, 0x77, 0x5F, 0xB4, 0x21, 0xD3, 0x75, 0xE6, 0x6B, 0x10, 0xE2, 0x37, 0xF8, 0xC3, 0x09,
    0x1C, 0x02, 0x11, 0x47, 0x63, 0xFB, 0xA6, 0x5F, 0xF8, 0x00, 0x64, 0xD2, 0x73, 0x35, 0x3C, 0xA9,
    0x37, 0x64, 0xF9, 0x59, 0x19, 0x2B, 0xCD, 0xA2, 0xC8, 0xDD, 0x9C, 0xB0, 0xE6, 0x5E, 0xEE, 0x61,
    0x99, 0xAC, 0x0E, 0xA4, 0xD8, 0xA1, 0xE7, 0xCA, 0x0E, 0x9C, 0x73, 0x19, 0x7D, 0xD6, 0x2F, 0x7B,
    0x0D, 0xF8, 0xA8, 0xE4, 0x64, 0x59, 0xD9, 0x58, 0xB3, 0x8A, 0x1E, 0x87, 0x8C, 0x69, 0x47, 0xAD,
    0x3B, 0xB3, 0x8C, 0x2E, 0xA3, 0xBD, 0xD6, 0x9D, 0x35, 0xE8, 0x74, 0x67, 0xE5, 0x8C, 0xFC, 0xDD,
    0x4D, 0x59, 0xC1, 0x0E, 0xF6, 0xCC, 0xCE, 0x91, 0xCE, 0x0D, 0x50, 0xDE, 0xC4, 0x96, 0x4D, 0x2E,
    0x89, 0x64, 0x6F, 0xD2, 0x79, 0x71, 0x68, 0x44, 0xFD, 0xD8, 0x60, 0x36, 0x91, 0x8D, 0xEF, 0x1B,
    0xC5, 0x8C, 0x34, 0x76, 0xD7, 0x4F, 0x0C, 0x08, 0xCD, 0xC9, 0xCB, 0x14, 0xF4, 0xE6, 0xEE, 0xB3,
    0x43, 0x11, 0xFD, 0xD8, 0x0C, 0x5B, 0x25, 0x2C, 0xDD, 0x4A, 0xC3, 0xAD, 0x51, 0x6E, 0xED, 0x97,
    0xD7, 0x05, 0xCF, 0x8B, 0xFA, 0xC5, 0x16, 0x43, 0x8A, 0xE8, 0x0C, 0xCF, 0x59, 0x16, 0x0B, 0x94,
    0x0C, 0x40, 0xC7, 0xCA, 0xF6, 0xDE, 0xAD, 0x6C, 0x9F, 0xF5, 0xA7, 0x76, 0xA3, 0xF7, 0x64, 0xF4,
    0x64, 0x45, 0xA2, 0xF3, 0xC8, 0x6C, 0x24, 0xC7, 0xF8, 0x6C, 0xC8, 0xB8, 0x24, 0xF8, 0x59, 0x6E,
    0xFB, 0xBB, 0xAC, 0xFD, 0x4F, 0x5D, 0x49, 0x56, 0xD3, 0x97, 0xD8, 0x25, 0x3D, 0xFF, 0x7E, 0xE9,
    0xD7, 0xA9, 0xFD, 0xB1, 0xD2, 0x57, 0x6A, 0x5F, 0xBE, 0x35, 0x95, 0xDA, 0x57, 0x6F, 0x0D, 0x39,
    0x8D, 0x86, 0x43, 0xD2, 0x1F, 0x3E, 0xEF, 0x62, 0xFB, 0xF5, 0x3E, 0x5B, 0xA4, 0xFF, 0x07, 0xFB,
    0xAB, 0xE2, 0x52, 0x28, 0x6A, 0xB9, 0x04, 0x7E, 0xC9, 0x06, 0x07, 0xD9, 0x7F, 0x49, 0xCA, 0x58,
    0xAD, 0x10, 0x1E, 0x98, 0x4A, 0x72, 0xC6, 0x8F, 0x19, 0x81, 0x2B, 0x23, 0x9C, 0x44, 0x26, 0x9B,
    0x22, 0xBF, 0xD8, 0x7C, 0xB2, 0x3F, 0x96, 0xCF, 0x69, 0x29, 0xB2, 0xA5, 0xC8, 0x7A, 0x11, 0x91,
    0xD7, 0x1F, 0xAD, 0x52, 0x4E, 0x1F, 0x7A, 0xFA, 0x10, 0x74, 0x2A, 0x7A, 0x1B, 0x92, 0xDE, 0x86,
    0x9E, 0x36, 0xA0, 0x91, 0xB6, 0x14, 0x3E, 0x9C, 0xA8, 0x18, 0x62, 0xDA, 0x12, 0x81, 0x0E, 0xCF,
    0x89, 0x0F, 0x93, 0xC4, 0x39, 0xB2, 0x67, 0x1F, 0xE9, 0x8F, 0x15, 0x74, 0xFD, 0xC5, 0xEA, 0xA1,
    0x82, 0x12, 0xA0, 0x78, 0x25, 0xE2, 0x97, 0x76, 0x6B, 0xA7, 0xC2, 0x7A, 0x5A, 0xEC, 0x6C, 0x38,
    0x8F, 0xC9, 0xFE, 0x3A, 0x8E, 0xC9, 0xF3, 0x98, 0x3C, 0x90, 0xC9, 0x13, 0x99, 0x9F, 0xEA, 0x89,
    0xC5, 0xC7, 0xAA, 0x47, 0x3A, 0xE1, 0xA7, 0x29, 0xB4, 0x8E, 0xB0, 0x8F, 0x15, 0x29, 0x27, 0x39,
    0x62, 0x74, 0xDA, 0x91, 0xB9, 0xEE, 0x24, 0x2B, 0xEA, 0x91, 0x6C, 0x77, 0xD9, 0x04, 0x1F, 0x29,
    0x9D, 0x31, 0xE5, 0xF0, 0x9D, 0x71, 0x27, 0x25, 0x0D, 0x72, 0xD7, 0x2A, 0xA5, 0x0A, 0x80, 0x23,
    0x52, 0x28, 0x43, 0x66, 0x88, 0xE5, 0xFE, 0xB4, 0x8E, 0x97, 0x87, 0x05, 0x82, 0x77, 0x90, 0x7D,
    0x72, 0x7F, 0x0F, 0x3F, 0x9F, 0x8E, 0x07, 0xA2, 0x23, 0x37, 0xE4, 0x2F, 0x06, 0x76, 0xB2, 0xCF,
    0x4E, 0x9B, 0x6B, 0x93, 0xD2, 0xB6, 0xAF, 0xB7, 0x31, 0xD5, 0xF7, 0xE1, 0x3F, 0x54, 0x94, 0x5F,
    0xE3, 0xB4, 0xCB, 0xCF, 0x92, 0xFA, 0xC7, 0x91, 0x53, 0xFF, 0x20, 0x2B, 0xFA, 0xA4, 0x7D, 0xAF,
    0xFE, 0xEB, 0xE4, 0x94, 0x5E, 0xF0, 0x89, 0x21, 0xFB, 0xC4, 0xAD, 0x60, 0x02, 0x84, 0xFE, 0xDF,
    0x5E, 0x18, 0xA8, 0x5C, 0x9F, 0x94, 0x49, 0xBE, 0xBA, 0x62, 0x5E, 0x3E, 0x96, 0xCA, 0xA7, 0xA4,
    0x0F, 0x56, 0xAC, 0xB2, 0x4F, 0xFB, 0xEF, 0xEB, 0xEC, 0x73, 0x1A, 0x63, 0xDC, 0x8E, 0x9B, 0x06,
    0x0E, 0xA9, 0x2D, 0x43, 0x63, 0xBB, 0xB8, 0xD6, 0x01, 0xCD, 0x74, 0x39, 0x93, 0xE5, 0x46, 0xFE,
    0x60, 0x99, 0x2F, 0x2B, 0x44, 0x96, 0x38, 0xF2, 0x41, 0x3A, 0xAC, 0xC3, 0xE4, 0xD7, 0xEF, 0x6C,
    0x5A, 0x25, 0x36, 0x18, 0x9A, 0x4F, 0xDF, 0x49, 0x3E, 0xF4, 0x60, 0xCB, 0x07, 0x9D, 0x2C, 0x01,
    0x3C, 0x37, 0xE0, 0x6C, 0x9D, 0x21, 0x3A, 0x89, 0x7A, 0xEE, 0x24, 0xDB, 0xE2, 0x1C, 0x34, 0x89,
    0xE2, 0xEA, 0xC8, 0xF5, 0x8B, 0x25, 0xA3, 0x9F, 0x45, 0x09, 0xB0, 0x26, 0xA4, 0xD7, 0x3B, 0xBC,
    0x83, 0x26, 0xEA, 0xA3, 0xEA, 0xDB, 0x40, 0x60, 0x07, 0xFB, 0x59, 0x31, 0xBD, 0x43, 0xCA, 0xA6,
    0x31, 0x22, 0x6C, 0x40, 0x07, 0x2E, 0x2C, 0x58, 0xF9, 0xFF, 0xC8, 0x27, 0x4B, 0x95, 0x25, 0x8E,
    0xA8, 0x83, 0xE5, 0x46, 0x8D, 0xB6, 0x5E, 0xA8, 0x41, 0xAB, 0x2E, 0x53, 0xF7, 0x76, 0xA3, 0x57,
    0x6C, 0xD8, 0xD8, 0xD6, 0x51, 0xF1, 0xC2, 0xCE, 0x59, 0x2E, 0xBB, 0x9F, 0xE9, 0x9D, 0xFF, 0x01,
    0x9D, 0x97, 0xDD, 0xAA, 0x3B, 0x2B, 0x0C, 0xC5, 0x17, 0xE4, 0x36, 0x90, 0x57, 0x09, 0x78, 0x2B,
    0xF8, 0xEA, 0x01, 0x6F, 0x85, 0xBE, 0x4A, 0xA0, 0xB7, 0x82, 0xC7, 0x30, 0x76, 0xDB, 0xA1, 0x7B,
    0xBA, 0xFF, 0x73, 0x7E, 0xD1, 0x2C, 0x35, 0x5D, 0x3A, 0xFD, 0x6E, 0xF1, 0x46, 0x9B, 0x4C, 0xA1,
    0xDA, 0x55, 0xC1, 0x9A, 0x4C, 0x93, 0xC2, 0x52, 0xAA, 0xC8, 0x4E, 0x7D, 0xCE, 0xA3, 0xC8, 0xA8,
    0xB5, 0xC1, 0x28, 0x6B, 0xAD, 0xAC, 0x46, 0x2C, 0x14, 0xEB, 0x69, 0xF2, 0xB7, 0x3F, 0x50, 0x32,
    0x28, 0xC0, 0x53, 0x79, 0x2A, 0xD9, 0x87, 0x3F, 0xE6, 0xA1, 0x5E, 0x98, 0x55, 0x1F, 0x65, 0x6A,
    0xD3, 0xC4, 0x32, 0xB4, 0xF1, 0xAE, 0x6F, 0xBD, 0xF2, 0x0F, 0x9E, 0xFE, 0x26, 0x65, 0x6A, 0x4B,
    0xCC, 0xE2, 0x8F, 0xEF, 0xFE, 0x31, 0x6C, 0xB7, 0x89, 0x7F, 0xA4, 0xEF, 0xAC, 0xED, 0xF4, 0xF7,
    0xC0, 0x17, 0xC6, 0x88, 0xCE, 0xD9, 0xBD, 0xF7, 0x5E, 0x4A, 0x11, 0xC9, 0x31, 0xCA, 0xD9, 0x6D,
    0x8A, 0x7B, 0x16, 0xA6, 0x2C, 0x9E, 0x3D, 0xF7, 0x12, 0xD1, 0xC5, 0x8E, 0x96, 0x29, 0x9A, 0x0B,
    0x8C, 0x71, 0x94, 0xB2, 0xC4, 0x0D, 0x4D, 0x5F, 0x37, 0x89, 0xE2, 0x6C, 0x99, 0x8C, 0x61, 0x40,
    0x47, 0x74, 0xD0, 0xAB, 0xFB, 0x4F, 0x1F, 0x6F, 0x40, 0x0C, 0x28, 0xAF, 0x8E, 0xDD, 0xC7, 0xEA,
    0x1D, 0x97, 0x5B, 0xC9, 0xAB, 0xDB, 0xEE, 0x51, 0x79, 0x25, 0xD9, 0xC9, 0x5E, 0xA9, 0x18, 0x68,
    0x1E, 0xDB, 0x7F, 0x92, 0x1F, 0xC7, 0x61, 0xFC, 0xA4, 0x7E, 0x4A, 0xB4, 0x93, 0xAF, 0x34, 0x26,
    0x3F, 0xA9, 0x9F, 0x76, 0xDF, 0x09, 0x6F, 0x29, 0xFC, 0x65, 0xA0, 0xAC, 0xE7, 0x1B, 0xD1, 0xE6,
    0x8A, 0xE3, 0x1D, 0x86, 0x40, 0x4C, 0x7C, 0x76, 0x30, 0xBE, 0xB2, 0x5E, 0xCA, 0xD7, 0x48, 0x96,
    0x1C, 0x3A, 0xE2, 0x64, 0xF1, 0xB3, 0xFC, 0xB5, 0xDD, 0xE9, 0xC5, 0xCD, 0x53, 0xF9, 0x4D, 0xC5,
    0xC9, 0x42, 0x1E, 0xCF, 0xA7, 0x33, 0xB1, 0xC8, 0xF3, 0x69, 0x8D, 0x50, 0xE4, 0xF9, 0xFB, 0x9B,
    0x43, 0x6C, 0xFA, 0x34, 0x74, 0xEF, 0x73, 0xC3, 0x1F, 0xEA, 0x52, 0xBB, 0x72, 0x5A, 0x5A, 0x69,
    0xB4, 0xD4, 0xEF, 0xBD, 0x39, 0xA9, 0x6B, 0x23, 0x0A, 0x4D, 0x4C, 0xE4, 0x8F, 0xE7, 0x3D, 0x7F,
    0x9C, 0xDB, 0xD2, 0xF4, 0xA7, 0xD7, 0x75, 0xE0, 0x8E, 0xDF, 0xC5, 0x7C, 0xFA, 0x64, 0xFA, 0x58,
    0xB9, 0xCA, 0x68, 0xEA, 0xF7, 0xAE, 0x1F, 0xAE, 0x8D, 0x64, 0x30, 0x71, 0x62, 0x12, 0x7F, 0xF8,
    0x57, 0x3F, 0xFE, 0x62, 0x00, 0x79, 0x8A, 0x0C, 0x47, 0x0F, 0xAD, 0x4E, 0x8E, 0x58, 0x3B, 0x9E,
    0xDB, 0x0E, 0x17, 0x4C, 0x1C, 0x5E, 0x96, 0x76, 0x84, 0x92, 0x7B, 0x68, 0x97, 0x6A, 0xA1, 0x65,
    0x48, 0x28, 0xC4, 0x05, 0x07, 0x79, 0x69, 0x3F, 0x84, 0xFC, 0x7C, 0x85, 0x82, 0x83, 0x42, 0x03,
    0xB3, 0xA1, 0xCB, 0xB0, 0xD9, 0xE0, 0x85, 0xA2, 0x91, 0x75, 0xB8, 0xC3, 0xC5, 0x1C, 0xA1, 0x25,
    0x4E, 0x9C, 0x2D, 0x63, 0x7D, 0xBC, 0x60, 0x0C, 0x94, 0x01, 0x87, 0x44, 0xC3, 0x0B, 0x45, 0x9B,
    0xA1, 0x2E, 0x70, 0x70, 0x4B, 0x13, 0x6E, 0x78, 0xC7, 0xC9, 0x08, 0x8C, 0x2B, 0x44, 0x72, 0x56,
    0x35, 0xBB, 0xAC, 0x8F, 0xD2, 0x93, 0xB6, 0xEB, 0x3A, 0xC8, 0x60, 0x50, 0x5C, 0xE0, 0x9E, 0x33,
    0x33, 0x11, 0x2E, 0x18, 0x5E, 0x3A, 0x37, 0x4A, 0xF8, 0x67, 0x08, 0x6C, 0xAA, 0x70, 0xEA, 0xE2,
    0xC5, 0x06, 0x06, 0x8A, 0x89, 0x93, 0xC9, 0xA1, 0xFD, 0xB5, 0x9E, 0xB1, 0xD1, 0xCA, 0x4C, 0xAA,
    0x95, 0x94, 0x59, 0x2B, 0xCE, 0x80, 0xF5, 0x3D, 0x80, 0x23, 0x6F, 0xC4, 0xB5, 0x69, 0x43, 0x83,
    0xC3, 0x66, 0x60, 0x65, 0x94, 0x8E, 0xFF, 0x8D, 0xB2, 0xB8, 0xB8, 0x32, 0xEE, 0xC2, 0x50, 0xD8,
    0x7A, 0x0C, 0xDE, 0x31, 0x72, 0x18, 0xC0, 0x5C, 0x0A, 0x5F, 0xEC, 0x1A, 0x27, 0x7E, 0x7E, 0xFA,
    0xED, 0x17, 0x67, 0x7E, 0x7B, 0xFD, 0xFA, 0x47, 0xF1, 0x63, 0xF9, 0x6B, 0x11, 0x41, 0xB9, 0x2E,
    0xEE, 0xE5, 0x95, 0x37, 0x1D, 0xB6, 0x22, 0x46, 0x7B, 0xBC, 0x28, 0xA0, 0x15, 0x7B, 0x34, 0xC7,
    0xDB, 0xDE, 0x69, 0xC2, 0xEC, 0x6E, 0x16, 0x60, 0x12, 0xF9, 0x45, 0x61, 0x34, 0x34, 0xE2, 0xBC,
    0x9E, 0x70, 0x4C, 0x22, 0xBF, 0x48, 0xAE, 0xB1, 0xAE, 0xC9, 0x12, 0x22, 0x82, 0xC8, 0x67, 0x4A,
    0x07, 0xAF, 0xD0, 0x9F, 0x58, 0x0C, 0x4F, 0x3D, 0x45, 0x78, 0xC2, 0x8E, 0x0D, 0x75, 0x69, 0x11,
    0xD4, 0xF1, 0x2B, 0xC5, 0x92, 0x47, 0x14, 0xC3, 0x37, 0x4C, 0x2B, 0x37, 0x72, 0x6E, 0x5A, 0x61,
    0x97, 0xDF, 0x6A, 0x31, 0x02, 0x61, 0xDF, 0x42, 0x7C, 0xDD, 0xEB, 0x49, 0x8C, 0xC4, 0x2F, 0xF7,
    0xBC, 0x38, 0x23, 0x73, 0x66, 0x28, 0x0C, 0xB1, 0x33, 0xE6, 0x30, 0x6B, 0xC6, 0xAF, 0x14, 0xB2,
    0x8E, 0x7F, 0xE2, 0xFD, 0xBD, 0x50, 0x39, 0xA9, 0xD8, 0xE8, 0x62, 0x49, 0x2B, 0x5F, 0x18, 0x32,
    0xF2, 0x4A, 0x4B, 0x3E, 0x91, 0x49, 0x9E, 0xE8, 0xC4, 0x26, 0xB8, 0xC1, 0xF1, 0xF8, 0x85, 0x7B,
    0x8D, 0x4F, 0x9C, 0x2B, 0x31, 0xFE, 0xF0, 0x5E, 0xCE, 0xF7, 0x6C, 0xFB, 0x3E, 0x4F, 0x48, 0x4A,
    0x28, 0x4E, 0x53, 0x2F, 0xAE, 0xED, 0x43, 0x37, 0x74, 0x91, 0xFF, 0xE2, 0xFC, 0xDD, 0xBB, 0xB5,
    0x31, 0x8C, 0x19, 0x75, 0x56, 0x4D, 0xB2, 0xD5, 0xC6, 0xE5, 0xFB, 0x77, 0xB7, 0xCF, 0x34, 0x5B,
    0x85, 0x19, 0xC1, 0x6A, 0x25, 0x28, 0x11, 0x52, 0x68, 0x79, 0x86, 0xAE, 0x39, 0xCC, 0xF2, 0xAC,
    0x5F, 0x7D, 0xF7, 0x9F, 0x54, 0x79, 0xFF, 0x91, 0x09, 0x55, 0xFE, 0xFE, 0xDB, 0xE1, 0xBB, 0x46,
    0x22, 0x8B, 0xC1, 0xD4, 0xFA, 0xCD, 0x4F, 0x53, 0x69, 0xE9, 0xE8, 0xE7, 0x39, 0x7D, 0xFE, 0xF6,
    0x28, 0x63, 0xF4, 0x4C, 0xDE, 0xCB, 0xF3, 0x91, 0x33, 0xCD, 0x3E, 0x42, 0xE7, 0x7C, 0x8C, 0xA3,
    0x8B, 0xC5, 0x5A, 0xCF, 0xA1, 0xCF, 0x91, 0x63, 0x1E, 0xEB, 0xBF, 0x3D, 0xFE, 0x4D, 0xAA, 0x33,
    0x6B, 0x6D, 0x62, 0xC6, 0x6C, 0xF5, 0xD1, 0xD2, 0xAD, 0xDF, 0x4E, 0x8F, 0x4A, 0xCE, 0x09, 0xF5,
    0x51, 0x61, 0x5C, 0x51, 0x5B, 0x7A, 0xDE, 0xF4, 0x3F, 0x9D, 0x39, 0xFC, 0x66, 0x8C, 0xB8, 0x8E,
    0xEA, 0x37, 0x7F, 0x3B, 0xBA, 0x36, 0xAD, 0x83, 0xD5, 0x94, 0xB5, 0xFA, 0x1D, 0x7F, 0xF1, 0xF3,
    0xE3, 0x1C, 0xF3, 0x98, 0xF6, 0x52, 0x1B, 0x0C, 0xE4, 0x85, 0x8C, 0x61, 0xE2, 0xE3, 0xFA, 0xB7,
    0xB7, 0xEA, 0xE1, 0x0B, 0x55, 0xBD, 0xE9, 0xEF, 0x53, 0x63, 0x64, 0xA1, 0x6B, 0x3E, 0xA5, 0x8E,
    0xEC, 0x09, 0x56, 0x9E, 0xBD, 0x4C, 0x25, 0x4D, 0x18, 0xBF, 0xFA, 0xC9, 0xC9, 0x98, 0x0F, 0x5F,
    0x28, 0xF3, 0x2D, 0x3F, 0x73, 0xA1, 0x07, 0x9B, 0x71, 0x1B, 0xB5, 0xE5, 0xE3, 0xF9, 0xB7, 0xF0,
    0x7B, 0xA9, 0x8D, 0x0D, 0x51, 0x6F, 0xFB, 0xFA, 0xBF, 0xF8, 0x6D, 0xF9, 0x0B, 0xFD, 0xE5, 0xFF,
    0x0F, 0xD5, 0x93, 0x81, 0xC6, 0x6B, 0x41, 0x0C, 0x84, 0x87, 0x00, 0x84, 0xBC, 0x4A, 0x28, 0xC0,
    0x92, 0x57, 0x1F, 0xFE, 0x07, 0xE8, 0xAB, 0x84, 0x1F, 0x60, 0xD9, 0xBB, 0xB1, 0x55, 0xF4, 0xEC,
    0x1E, 0x6E, 0x71, 0xB9, 0xDF, 0xE4, 0xEC, 0x56, 0xA6, 0xA9, 0x8A, 0x39, 0x28, 0x20, 0x54, 0x77,
    0x2D, 0xA9, 0x0B, 0x71, 0x41, 0x00, 0x18, 0x04, 0xA5, 0x48, 0x7C, 0x10, 0x63, 0xF4, 0x26, 0xD9,
    0xE3, 0xF7, 0xD9, 0x9A, 0xCC, 0x67, 0xD4, 0x9D, 0xBD, 0xFA, 0xCB, 0x63, 0x8B, 0xDF, 0xD1, 0xE2,
    0x39, 0xEF, 0x78, 0xF6, 0x08, 0xB6, 0xEA, 0xFF, 0xC5, 0x7C, 0x5F, 0xF3, 0xD9, 0x22, 0xE6, 0x1D,
    0xEC, 0xEF, 0xF9, 0x45, 0x8A, 0xAB, 0xBB, 0x47, 0x87, 0x4F, 0x5D, 0x88, 0xAC, 0x76, 0xB0, 0xDC,
    0x20, 0x2E, 0x08, 0x15, 0xE5, 0xFB, 0xC4, 0xB8, 0x9B, 0x87, 0x83, 0xA0, 0xA0, 0x74, 0xC5, 0xD6,
    0xE4, 0xEB, 0x3C, 0xFA, 0x09, 0x07, 0x0D, 0x3B, 0xD6, 0x66, 0xEB, 0x3C, 0x13, 0x89, 0x5B, 0xF7,
    0xF8, 0x1D, 0x5F, 0xFF, 0x7C, 0x09, 0xFC, 0xDC, 0x90, 0xAE, 0xEE, 0x4B, 0x02, 0xC5, 0x8E, 0x07,
    0x9B, 0x2F, 0xB0, 0xE5, 0x90, 0xA4, 0x94, 0x1C, 0x39, 0x28, 0x2C, 0x19, 0x96, 0xDA, 0x4B, 0xB0,
    0xC4, 0xE8, 0x92, 0x61, 0xB4, 0x59, 0x40, 0x00, 0x0D, 0x92, 0x08, 0x4A, 0x87, 0x11, 0x0D, 0x48,
    0x60, 0x8C, 0x9C, 0x55, 0xCD, 0x91, 0xC2, 0x66, 0xA8, 0x02, 0x3A, 0x22, 0xAB, 0xD0, 0x81, 0x96,
    0x55, 0xBD, 0x7E, 0x6B, 0xD0, 0x3A, 0x16, 0xFF, 0x6D, 0x42, 0xFE, 0x75, 0x46, 0xBE, 0x4F, 0x08,
    0x97, 0x2E, 0x9F, 0x37, 0x18, 0xE1, 0x96, 0x3E, 0x9F, 0x93, 0xEF, 0x1E, 0xE9, 0xB8, 0xF3, 0x4F,
    0xFB, 0x2B, 0xDC, 0x95, 0x02, 0xE5, 0x29, 0xA1, 0x41, 0x78, 0xE4, 0x7E, 0xDE, 0xE1, 0xB7, 0x09,
    0xD7, 0x92, 0x2B, 0x0D, 0x4A, 0xDD, 0xF8, 0x06, 0x79, 0x2B, 0x12, 0x5B, 0xA2, 0xF9, 0xCF, 0x12,
    0xBE, 0x7A, 0xC3, 0xCA, 0x6F, 0xFE, 0xA0, 0xC3, 0xB1, 0xC3, 0xD2, 0x61, 0x84, 0x07, 0xCF, 0xD9,
    0x29, 0x21, 0x71, 0x84, 0xFA, 0xA3, 0x0F, 0x57, 0x02, 0xB7, 0x3B, 0xC6, 0x09, 0x4B, 0x50, 0xE6,
    0xF9, 0x07, 0xA5, 0x52, 0xCB, 0xAA, 0xEC, 0x30, 0x0C, 0x13, 0x78, 0x1B, 0xC8, 0xAF, 0x18, 0xBA,
    0x0D, 0xF8, 0xD7, 0x03, 0x77, 0x5B, 0x38, 0xBF, 0x62, 0x98, 0xAD, 0xC1, 0xD7, 0x22, 0xCD, 0x69,
    0xE7, 0xBE, 0x1F, 0xD2, 0x58, 0xCA, 0x3B, 0x9E, 0xB8, 0xB8, 0xD0, 0x5D, 0xA1, 0x38, 0xE2, 0xC0,
    0x51, 0x6D, 0x41, 0x31, 0xF0, 0xC4, 0xD9, 0x43, 0xCF, 0x43, 0x0F, 0x1D, 0x73, 0x4C, 0x6B, 0x87,
    0x0B, 0x9E, 0x10, 0x6F, 0x4D, 0x9B, 0xE2, 0x18, 0xC7, 0xE4, 0x19, 0xBD, 0x89, 0xE3, 0x81, 0x9E,
    0x0D, 0x64, 0x0F, 0x6A, 0x3A, 0xF5, 0x0D, 0xC1, 0x3B, 0x2D, 0x56, 0x08, 0x7A, 0x0C, 0xF9, 0xDC,
    0xFB, 0x66, 0x83, 0x97, 0x99, 0x5B, 0x42, 0x5E, 0x19, 0x99, 0x53, 0x92, 0x70, 0x49, 0xA4, 0x77,
    0x97, 0x80, 0x4D, 0x71, 0x71, 0x18, 0xA4, 0xFA, 0x48, 0xF4, 0xD9, 0x27, 0xE2, 0x07, 0x26, 0x34,
    0x03, 0xD7, 0x16, 0xFB, 0x9B, 0x19, 0x6D, 0xC0, 0x66, 0x59, 0x20, 0xB9, 0xE5, 0x32, 0xC8, 0xFC,
    0x3E, 0x2D, 0x2E, 0x44, 0x6C, 0x75, 0x6A, 0x6E, 0x95, 0x40, 0x04, 0xC4, 0xB7, 0x66, 0xA9, 0x64,
    0x61, 0xE9, 0xBC, 0xD4, 0x99, 0xD2, 0xD2, 0xEE, 0x9D, 0x9E, 0x05, 0x3C, 0xD5, 0x26, 0x82, 0xC9,
    0x21, 0x06, 0xD5, 0x96, 0xC6, 0xA5, 0x09, 0x26, 0x1F, 0x0F, 0xDD, 0x18, 0xB3, 0xAA, 0x92, 0x87,
    0x0F, 0xD7, 0x53, 0xBF, 0x90, 0x1A, 0x78, 0xC0, 0xA0, 0x53, 0x3F, 0xD4, 0x4D, 0xAB, 0xC2, 0xED,
    0x9E, 0x0F, 0xF0, 0x4A, 0x89, 0xCB, 0xBD, 0x3C, 0x27, 0xFA, 0xF6, 0x19, 0x90, 0x72, 0xDB, 0xCE,
    0x67, 0xFD, 0x70, 0x64, 0x91, 0x1E, 0xE5, 0x96, 0x99, 0xF4, 0x2C, 0xF8, 0xC3, 0x83, 0xB5, 0x81,
    0x09, 0x7D, 0x96, 0xBB, 0xB8, 0x95, 0xAF, 0xBF, 0x79, 0xFB, 0xDA, 0x5E, 0x5E, 0xC5, 0xA6, 0x67,
    0xB9, 0x97, 0xC7, 0xED, 0x39, 0xCB, 0xFD, 0xD3, 0x91, 0xAB, 0x18, 0x0F, 0x7F, 0x47, 0xB6, 0x79,
    0x7E, 0xA2, 0x55, 0x9A, 0x37, 0x1A, 0x12, 0xAD, 0x9F, 0x3A, 0xB4, 0x5D, 0x1C, 0xFD, 0xE4, 0x2D,
    0x2C, 0x73, 0x82, 0x60, 0xF6, 0xEC, 0x24, 0xC7, 0xCC, 0x85, 0xA3, 0xFC, 0xEB, 0x8F, 0xC7, 0x02,
    0x3A, 0xDF, 0x08, 0x58, 0x15, 0x64, 0x5A, 0xB7, 0xAD, 0xD7, 0x26, 0x90, 0xCB, 0x82, 0xB2, 0xE7,
    0x92, 0x66, 0xB4, 0x40, 0x72, 0x8E, 0xC1, 0x96, 0x94, 0xD9, 0xAA, 0xA9, 0xF1, 0xC5, 0xD9, 0x94,
    0xBC, 0x53, 0x11, 0xDE, 0x50, 0xB0, 0x00, 0x95, 0x1B, 0xD6, 0x7A, 0xAA, 0x4D, 0x24, 0xD6, 0x8F,
    0xE7, 0x04, 0x87, 0xF7, 0xC7, 0xBA, 0x0E, 0xE7, 0x30, 0x2B, 0x42, 0xE5, 0x41, 0x49, 0xC4, 0xD2,
    0x9E, 0x1C, 0xEF, 0x21, 0x54, 0xBF, 0xFE, 0x5F, 0x5C, 0xA7, 0x6E, 0x65, 0xE3, 0xD6, 0xEE, 0xF7,
    0xC7, 0x28, 0x71, 0xE9, 0x86, 0x25, 0x66, 0x31, 0xFA, 0x8A, 0xC5, 0x6F, 0x3F, 0xC6, 0xC5, 0xD0,
    0x57, 0x31, 0x4C, 0x41, 0x5E, 0xE8, 0x53, 0x09, 0x6D, 0x53, 0xE6, 0xA1, 0x43, 0x47, 0xD3, 0x06,
    0x5D, 0x67, 0x98, 0x6B, 0xCB, 0x5C, 0x51, 0x6D, 0x6C, 0x6E, 0x48, 0xB1, 0xFB, 0xD1, 0x8A, 0x28,
    0x0E, 0xB6, 0x8E, 0x2A, 0x32, 0xC7, 0x37, 0x64, 0xB2, 0xF2, 0xFB, 0x94, 0x45, 0x3C, 0xD0, 0xBD,
    0xFA, 0xC5, 0xCC, 0x8E, 0x4C, 0x85, 0xB6, 0xEE, 0x3F, 0x3E, 0x9F, 0x64, 0xBB, 0xFB, 0xF3, 0xFC,
    0x36, 0x49, 0x8B, 0xE5, 0xC5, 0x2F, 0x6D, 0x7C, 0x7B, 0xBE, 0xB6, 0x06, 0x99, 0xD0, 0xA3, 0x9D,
    0x85, 0xF4, 0x73, 0x9E, 0x13, 0x0F, 0x64, 0x30, 0x04, 0x9B, 0xDF, 0x21, 0x59, 0x56, 0x6E, 0xD1,
    0xD5, 0xA6, 0xA3, 0xFA, 0xBB, 0xD9, 0x80, 0xB5, 0x6D, 0xAD, 0xB9, 0xD1, 0xC8, 0xD9, 0x31, 0x70,
    0x52, 0xDB, 0xD9, 0x9A, 0xF6, 0xB7, 0xBB, 0x15, 0x27, 0xD2, 0x6B, 0xB8, 0x1D, 0x1A, 0x53, 0xA1,
    0xEF, 0xF3, 0xCF, 0x97, 0x98, 0x87, 0x2E, 0xBE, 0xFF, 0xBF, 0x46, 0x34, 0xF3, 0x06, 0x06, 0xB9,
    0xD1, 0xA6, 0xF9, 0x49, 0x9C, 0x13, 0x8B, 0x8A, 0x86, 0x8C, 0xE7, 0xDB, 0xA5, 0x6B, 0x23, 0x6D,
    0x79, 0x31, 0x9D, 0xE3, 0xEF, 0xEF, 0xC7, 0xAA, 0xD3, 0x59, 0x1B, 0x8B, 0x6F, 0x32, 0x53, 0x52,
    0x4C, 0xDC, 0x4C, 0x10, 0x1D, 0xFE, 0x5D, 0xF6, 0x8A, 0xCA, 0xBD, 0xE1, 0x85, 0xEF, 0x91, 0xD0,
    0xA9, 0x9A, 0xA1, 0x7A, 0xE9, 0x4C, 0x7C, 0x57, 0x3F, 0x90, 0x19, 0x8A, 0x0E, 0xF8, 0x9D, 0xBF,
    0x65, 0xC6, 0x10, 0x0F, 0x7B, 0x7D, 0x8C, 0x21, 0x15, 0x49, 0xAF, 0x7E, 0xE6, 0x0A, 0x99, 0x1C,
    0x8B, 0x91, 0xF4, 0x1C, 0xEC, 0x5B, 0xFE, 0xCD, 0x7E, 0x8F, 0x6B, 0x3F, 0x7D, 0xD8, 0x9A, 0xFB,
    0xCB, 0xFB, 0xB3, 0x22, 0x6A, 0xFF, 0xAB, 0xFA, 0x15, 0x7F, 0x7D, 0x3F, 0xC7, 0x97, 0xB3, 0xFF,
    0x8F, 0xFB, 0x2B, 0xF2, 0x1F, 0xF3, 0xE7, 0xF8, 0x72, 0x93, 0x8A, 0xBF, 0xDB, 0x7F, 0xDD, 0xBF,
    0x9C, 0xFD, 0xBF, 0xCC, 0x7F, 0xD5, 0x6F, 0x05, 0xFB, 0xFF, 0x78, 0x3F, 0x63, 0xDF, 0xFF, 0x4F,
    0xDF, 0x4F, 0xD0, 0xD9, 0xFF, 0xBF, 0xFD, 0x15, 0xD7, 0xFE, 0xAF, 0x95, 0x96, 0x41, 0x8A, 0x63,
    0x3D, 0x0C, 0x84, 0x0B, 0xB4, 0x2D, 0x78, 0x57, 0x29, 0xF0, 0xD6, 0xE0, 0xAB, 0x0B, 0xB2, 0x35,
    0xCC, 0x55, 0x0C, 0xB3, 0x35, 0xE8, 0x8F, 0xE9, 0xA6, 0xFF, 0x88, 0x28, 0xE9, 0xC9, 0x57, 0x18,
    0xC7, 0x11, 0x92, 0x5F, 0x64, 0x59, 0x79, 0x48, 0x18, 0x88, 0x11, 0x84, 0x21, 0xE1, 0xB6, 0x38,
    0xE1, 0xA5, 0x32, 0x0E, 0xC5, 0x86, 0x1E, 0xBE, 0xF7, 0x4A, 0x9C, 0xB6, 0xE0, 0x78, 0x82, 0x12,
    0x23, 0x44, 0xAA, 0xDE, 0xFF, 0x9D, 0xFF, 0xF0, 0x8E, 0x06, 0x39, 0x04, 0xA2, 0xC0, 0x36, 0x3A,
    0xA6, 0x91, 0x10, 0x2A, 0x04, 0xC2, 0x88, 0x89, 0x6E, 0x1B, 0x35, 0x84, 0xE4, 0x0D, 0x1D, 0xC3,
    0xCB, 0x00, 0x32, 0x51, 0x23, 0x28, 0x13, 0x8E, 0x12, 0x3C, 0x72, 0x2A, 0x36, 0x45, 0x3F, 0xAB,
    0x77, 0x5C, 0x7E, 0x1F, 0xB0, 0x45, 0x27, 0x21, 0xD9, 0xF9, 0xE2, 0x33, 0x6C, 0x5D, 0x8E, 0x25,
    0x99, 0x9C, 0x3C, 0x4B, 0xFC, 0x0E, 0x25, 0x8F, 0x90, 0xD7, 0xF9, 0x2F, 0xAB, 0x20, 0x41, 0x19,
    0x23, 0x8C, 0x0F, 0xFE, 0x2F, 0xCE, 0xBE, 0xAE, 0x00, 0x33, 0x72, 0x2C, 0xD2, 0x0C, 0x25, 0xEE,
    0xD2, 0xB5, 0x25, 0x77, 0x94, 0x18, 0xC9, 0xB1, 0x49, 0xE3, 0xEF, 0xF5, 0x7B, 0x6D, 0x3C, 0x21,
    0x97, 0xC6, 0x96, 0x94, 0xE2, 0x5F, 0xBB, 0xFE, 0x0D, 0x39, 0x7E, 0xB6, 0x96, 0xF1, 0x69, 0x46,
    0x1B, 0x9B, 0xB0, 0x97, 0xE5, 0x25, 0x5E, 0x81, 0x57, 0x25, 0x4A, 0x6B, 0x6C, 0x63, 0x53, 0xA6,
    0xDA, 0xBF, 0xA9, 0xF1, 0x0A, 0xA3, 0x09, 0x25, 0x54, 0x9B, 0x7B, 0x88, 0xAC, 0xEC, 0x0E, 0xE7,
    0xD2, 0x8C, 0xD0, 0xE4, 0x7A, 0x3C, 0x5B, 0x7D, 0xC9, 0x9B, 0x77, 0x57, 0xF5, 0xFB, 0x73, 0xFF,
    0xF0, 0x9F, 0xFA, 0x3F, 0xCA, 0x38, 0x64, 0x3F, 0xF5, 0x7F, 0x04, 0x3D, 0xCA, 0x44, 0x0D, 0x7F,
    0xCC, 0x0F, 0xB3, 0x4E, 0xEC, 0xD4, 0x5F, 0x9E, 0x89, 0x05, 0x59, 0xC3, 0x86, 0x00, 0x54, 0xF1,
    0xD7, 0xAB, 0xFC, 0xDB, 0xA6, 0xCD, 0xDB, 0x30, 0xA2, 0x66, 0xB8, 0xEB, 0xD6, 0x7C, 0x43, 0x4F,
    0x96, 0xFD, 0xBE, 0xFF, 0x34, 0x74, 0x8C, 0x7D, 0xEC, 0x77, 0x26, 0xFA, 0xD8, 0xE8, 0x98, 0x78,
    0x82, 0x5B, 0x4B, 0x53, 0x14, 0xAF, 0x85, 0x82, 0xA1, 0x8B, 0x8D, 0xC9, 0x5E, 0xF4, 0x6F, 0xBC,
    0xA3, 0xEC, 0xEF, 0x58, 0x78, 0xD7, 0xDF, 0xDD, 0x9C, 0xFE, 0x41, 0xFF, 0x7F, 0xCB, 0xBF, 0xFC,
    0x3F, 0x60, 0x62, 0xC1, 0x5F, 0xDB, 0xE9, 0x96, 0xF7, 0x76, 0x68, 0x7C, 0xC7, 0x35, 0x10, 0xF9,
    0x8E, 0x51, 0x43, 0x73, 0x51, 0xFF, 0xEB, 0x6A, 0xDC, 0x14, 0xBE, 0x49, 0x3E, 0x29, 0x56, 0x65,
    0x2F, 0xE3, 0xEF, 0xD9, 0xA8, 0x2C, 0xAA, 0x7C, 0xBE, 0x22, 0xFE, 0xB3, 0xE7, 0x6C, 0x63, 0x53,
    0xE5, 0xE9, 0x6E, 0x20, 0x7B, 0x3F, 0xED, 0x92, 0x9F, 0x2E, 0xDF, 0x6F, 0x1F, 0xDB, 0xEF, 0x83,
    0xF5, 0xD9, 0x39, 0xD7, 0xDD, 0x7E, 0x1B, 0x9B, 0xEB, 0xD9, 0x6E, 0x47, 0x1A, 0xDB, 0xEC, 0x3E,
    0x74, 0x56, 0xCF, 0x18, 0xAE, 0xAD, 0xFB, 0x30, 0x24, 0xDC, 0x74, 0x75, 0x53, 0x52, 0xDD, 0xC3,
    0x7C, 0x2C, 0x70, 0xAC, 0xBC, 0xF7, 0xB3, 0xE7, 0x89, 0x56, 0xBF, 0x3F, 0x8C, 0xED, 0x96, 0x73,
    0x57, 0xED, 0x5F, 0xF9, 0x0F, 0x6F, 0xE8, 0xDE, 0x84, 0x09, 0xD5, 0xDD, 0x01, 0xD3, 0x3A, 0x67,
    0x03, 0x51, 0x41, 0x34, 0x70, 0x5A, 0xC7, 0xB4, 0x8D, 0x0A, 0x61, 0x36, 0x75, 0x6F, 0x18, 0x8E,
    0x4C, 0xCA, 0x5E, 0x14, 0x19, 0x4C, 0xD9, 0x89, 0x94, 0xA1, 0x04, 0x21, 0x46, 0x93, 0x13, 0x2F,
    0x90, 0x38, 0xC3, 0x88, 0x97, 0xEF, 0x57, 0xD7, 0xFE, 0x1A, 0x59, 0xD9, 0xF2, 0x4B, 0xFF, 0x1F,
    0x6F, 0xDE, 0x1F, 0x01, 0x87, 0xA7, 0x4F, 0x19, 0x81, 0x3B, 0xFF, 0xFF, 0xF9, 0x93, 0x5F, 0xDA,
    0xBF, 0xE8, 0xB3, 0xD1, 0xD1, 0xF0, 0x82, 0x89, 0x1E, 0xB9, 0xF7, 0xE6, 0xFC, 0xA3, 0x85, 0x5B,
    0x8B, 0x0B, 0x96, 0x9F, 0x5F, 0xE4, 0x18, 0xA6, 0xA4, 0x55, 0xDC, 0xB0, 0x15, 0xD3, 0x2D, 0x26,
    0xD2, 0xD3, 0xD9, 0xCA, 0x9E, 0x63, 0x90, 0xA9, 0xFE, 0x72, 0xFC, 0xF5, 0xED, 0xB1, 0xB2, 0xBD,
    0x5F, 0xFC, 0xA1, 0x5F, 0xB2, 0x11, 0xA9, 0xBE, 0xF7, 0x5B, 0xFB, 0xE2, 0xEC, 0x7F, 0x38, 0xBF,
    0x74, 0x3E, 0xEB, 0x36, 0xE2, 0x21, 0xFA, 0x1C, 0x23, 0xEF, 0x40, 0x5E, 0xBB, 0xB6, 0xE7, 0xF8,
    0x09, 0xEF, 0x6B, 0x4C, 0xD9, 0x98, 0xBD, 0x38, 0x9D, 0x11, 0x42, 0x5B, 0xCD, 0x9B, 0x44, 0x99,
    0x50, 0xB4, 0x37, 0x93, 0xD1, 0xAC, 0xE1, 0xAF, 0xFD, 0x85, 0x8D, 0xF8, 0xE0, 0xFE, 0xD6, 0x0C,
    0x38, 0xDC, 0x15, 0x11, 0xFB, 0xCC, 0x18, 0xB5, 0x0F, 0xC5, 0x7D, 0xA5, 0xFE, 0x3D, 0xD7, 0x10,
    0x95, 0xEB, 0x32, 0x02, 0x2C, 0xE6, 0x04, 0x25, 0x45, 0x28, 0xFB, 0xE6, 0x9D, 0x18, 0x41, 0x16,
    0xF6, 0x8A, 0x1B, 0x61, 0x66, 0xB8, 0x22, 0xFC, 0xCC, 0x67, 0xFD, 0x09, 0x66, 0x02, 0x4D, 0x18,
    0x11, 0x71, 0xE6, 0xB3, 0xFE, 0x08, 0xBA, 0x83, 0xDF, 0xF9, 0xA3, 0xEB, 0xAC, 0xF1, 0x01, 0xC6,
    0x1B, 0x48, 0xF7, 0x11, 0xB1, 0xCE, 0x7C, 0xD6, 0xEF, 0x21, 0x3A, 0xFE, 0x44, 0x07, 0xF1, 0x02,
    0xA1, 0xC7, 0x5F, 0x74, 0x08, 0xFF, 0x82, 0x1B, 0xCC, 0xCD, 0x19, 0xA1, 0x33, 0x9F, 0x75, 0x06,
    0xF8, 0x0F, 0x9D, 0x5A, 0xC1, 0xAA, 0xFC, 0xAE, 0x0E, 0x16, 0xB2, 0x0D, 0xF8, 0x2A, 0x01, 0xB7,
    0x82, 0xAF, 0x1E, 0xE8, 0x56, 0x38, 0xAF, 0x22, 0xCC, 0x56, 0xE8, 0x35, 0x75, 0x32, 0x1D, 0x27,
    0xB1, 0xFC, 0xEE, 0x3F, 0x61, 0xAC, 0xFA, 0xF9, 0x25, 0xA6, 0xF5, 0xD8, 0x36, 0x3D, 0xE1, 0x2D,
    0x04, 0x04, 0xB1, 0xE3, 0x10, 0x20, 0xD1, 0xC0, 0x43, 0xBF, 0x04, 0x18, 0x69, 0x68, 0x98, 0x2A,
    0x75, 0x58, 0xF1, 0x86, 0x17, 0x00, 0x1D, 0x05, 0x1C, 0x12, 0x17, 0xBC, 0xF4, 0x49, 0xBC, 0x8E,
    0x5A, 0x53, 0xA1, 0x40, 0xA3, 0x55, 0x43, 0x85, 0xD1, 0x0B, 0x38, 0xA5, 0x74, 0x1A, 0xC0, 0x2A,
    0xF0, 0x42, 0xA4, 0x44, 0x47, 0x02, 0xC4, 0xD4, 0x16, 0x88, 0x03, 0x03, 0x89, 0x4E, 0x36, 0x41,
    0x39, 0x17, 0xFF, 0x27, 0x89, 0xE1, 0x4D, 0x7C, 0x2A, 0xF1, 0xF2, 0x39, 0x3D, 0xC7, 0xBE, 0x62,
    0x32, 0xCB, 0x81, 0x33, 0x71, 0xE9, 0x29, 0xA4, 0x81, 0x4B, 0x18, 0xBE, 0x8D, 0xD2, 0x2D, 0x5F,
    0xA4, 0xB4, 0xFB, 0x1C, 0x94, 0x66, 0xED, 0x97, 0x26, 0x67, 0x41, 0xCE, 0x01, 0x0C, 0xDC, 0xDA,
    0x57, 0x1B, 0xA5, 0xFF, 0xF2, 0x4B, 0xB7, 0xBA, 0xC6, 0x8F, 0x46, 0x4A, 0xF9, 0xC2, 0x8B, 0x83,
    0x9F, 0xDF, 0xF6, 0x09, 0x31, 0x80, 0x9C, 0x67, 0x0A, 0x0C, 0x01, 0x03, 0x61, 0xE9, 0x62, 0xF7,
    0x23, 0x1F, 0x7F, 0x17, 0x8F, 0x45, 0x47, 0x8D, 0x2F, 0xBD, 0x85, 0xA1, 0x05, 0xDE, 0xE3, 0x70,
    0xD5, 0x63, 0x10, 0xC9, 0x57, 0x39, 0xCD, 0x36, 0x03, 0x9A, 0x6E, 0x03, 0x1A, 0x4E, 0x71, 0x41,
    0xC3, 0xD1, 0x52, 0x85, 0x02, 0x0E, 0x85, 0x19, 0xBD, 0xC4, 0x4F, 0xCE, 0x85, 0x61, 0xAC, 0xD0,
    0x24, 0x3A, 0xAC, 0x76, 0x65, 0x69, 0x6C, 0xEB, 0xDF, 0x4D, 0xE1, 0xC2, 0x67, 0x38, 0xDF, 0x8D,
    0x40, 0xAA, 0x65, 0xAE, 0xD0, 0x36, 0x54, 0xDA, 0x97, 0xE4, 0x02, 0x94, 0x49, 0x7E, 0x3E, 0x9E,
    0x4A, 0xD2, 0x7E, 0x8B, 0x2F, 0x12, 0xB3, 0xAC, 0xE1, 0x98, 0xB5, 0xED, 0xE0, 0x07, 0x1D, 0x7B,
    0x9C, 0xBE, 0xB4, 0xF4, 0xE0, 0x09, 0xEA, 0x1A, 0xD9, 0xE1, 0x20, 0x38, 0x21, 0x0D, 0x9C, 0x0C,
    0x5A, 0x43, 0x03, 0xCA, 0x33, 0x82, 0xBA, 0x9E, 0x3F, 0xAB, 0x06, 0xAF, 0xD0, 0xE4, 0x18, 0x39,
    0x19, 0x1C, 0xC9, 0xAA, 0xC1, 0xF3, 0xF8, 0xB5, 0x38, 0x6A, 0xF9, 0xC6, 0x9D, 0x7D, 0x66, 0xEE,
    0x31, 0x04, 0xBF, 0xB0, 0xF4, 0x09, 0xB6, 0xDB, 0x63, 0x62, 0x5B, 0x27, 0x60, 0xF8, 0x0B, 0x1A,
    0x75, 0x21, 0xE6, 0x50, 0x03, 0x5B, 0x45, 0x8E, 0x13, 0xAF, 0x90, 0x80, 0xAC, 0x26, 0xCA, 0x2C,
    0x30, 0x24, 0xAC, 0x9E, 0xD6, 0xFA, 0xA2, 0xD5, 0x3E, 0x34, 0xE9, 0x87, 0xB6, 0xB3, 0x1F, 0x7B,
    0x1A, 0x12, 0xBB, 0x6F, 0xBF, 0xF4, 0xFA, 0x27, 0x5A, 0xFA, 0xD6, 0xFE, 0x0B, 0xFF, 0xF0, 0x5C,
    0xE7, 0x6F, 0x71, 0x9D, 0x81, 0xC5, 0x53, 0xCB, 0xB5, 0x54, 0x83, 0x2F, 0x6B, 0xE0, 0x4D, 0x19,
    0xB2, 0x62, 0xDA, 0xFB, 0x3B, 0x12, 0xBA, 0x68, 0x70, 0xE5, 0x14, 0xB5, 0x16, 0x76, 0x1E, 0xD4,
    0xAE, 0xBF, 0xF2, 0x35, 0x96, 0x3C, 0x70, 0xD6, 0x9A, 0x3F, 0xC3, 0xD2, 0xB5, 0xE6, 0x59, 0x8F,
    0x48, 0x4D, 0xEB, 0x56, 0x14, 0xDF, 0x0B, 0xB5, 0x88, 0x1B, 0x48, 0xF9, 0x07, 0xE6, 0x2D, 0x1A,
    0x88, 0xE9, 0x08, 0x87, 0x33, 0x7B, 0xDD, 0x23, 0x19, 0x74, 0xBF, 0xF4, 0x37, 0x10, 0x8E, 0x35,
    0x11, 0x04, 0x1C, 0xEA, 0x49, 0xE9, 0x36, 0x0A, 0x1B, 0x5D, 0xE9, 0x9E, 0x65, 0xB5, 0x0D, 0x03,
    0x17, 0xFB, 0xD2, 0x69, 0x99, 0x96, 0xAF, 0xB8, 0x50, 0x06, 0xC2, 0x93, 0x4F, 0x8B, 0xF5, 0x58,
    0xA9, 0x4D, 0x64, 0xEE, 0x6E, 0x6A, 0xDD, 0x5A, 0xD9, 0xCD, 0x5E, 0xAD, 0x40, 0x90, 0x59, 0x6A,
    0xFC, 0x3E, 0x57, 0xE7, 0xE7, 0xE3, 0x5A, 0xDA, 0xEB, 0xEA, 0xC7, 0xA7, 0xA2, 0xBB, 0x8A, 0xEC,
    0x44, 0x1E, 0x0E, 0x9C, 0xF3, 0x5C, 0x87, 0xBA, 0xBA, 0x76, 0x23, 0x4A, 0xF7, 0x57, 0xA7, 0xEF,
    0x5F, 0x51, 0xC5, 0xEC, 0xFA, 0xCD, 0x43, 0x17, 0xAE, 0x74, 0x98, 0x01, 0x8A, 0x2B, 0x6C, 0x25,
    0x75, 0x2D, 0x7D, 0x29, 0x55, 0xCB, 0x0D, 0xDE, 0x71, 0xDE, 0x9B, 0xB6, 0xF7, 0x6F, 0x3F, 0x3E,
    0x3D, 0xA7, 0x1E, 0x7E, 0x0A, 0x5F, 0x8A, 0xF8, 0x27, 0xFC, 0x38, 0x8A, 0xAC, 0xD1, 0xC7, 0xF3,
    0x3C, 0xB9, 0x68, 0x61, 0x66, 0x23, 0x7D, 0xE7, 0xBB, 0x18, 0x16, 0x3B, 0x08, 0x57, 0x0C, 0x94,
    0x22, 0xE4, 0x2E, 0x45, 0x0B, 0xFF, 0xC5, 0x94, 0x08, 0xC7, 0x0E, 0x0D, 0x68, 0x7B, 0xD5, 0x18,
    0x08, 0x31, 0xF6, 0x1D, 0x0E, 0x08, 0x54, 0x72, 0xA2, 0xB2, 0xB5, 0x90, 0x39, 0x91, 0xA8, 0x87,
    0xC6, 0x40, 0x73, 0xAF, 0x10, 0x4B, 0x1E, 0x3F, 0x7E, 0x8A, 0xFC, 0x29, 0x9A, 0x16, 0xC0, 0x57,
    0x61, 0x82, 0x5E, 0x46, 0x98, 0xA0, 0x5D, 0x43, 0x8B, 0x2B, 0x19, 0xCC, 0x57, 0x11, 0x1E, 0x9B,
    0xFF, 0x38, 0xBF, 0x85, 0x91, 0x17, 0x03, 0xC0, 0x4B, 0xD3, 0x18, 0xB2, 0xF3, 0xB3, 0x6B, 0x75,
    0xFD, 0x89, 0x28, 0xA3, 0x8C, 0x02, 0xC4, 0xA9, 0x84, 0x1D, 0x4F, 0x69, 0xE8, 0xAE, 0x72, 0x06,
    0x2D, 0x62, 0xD3, 0x95, 0x39, 0x11, 0x21, 0x68, 0xB5, 0xEB, 0x54, 0x96, 0xB0, 0x67, 0x58, 0xF7,
    0xD8, 0x73, 0xA5, 0x69, 0xB5, 0xBD, 0x8B, 0x28, 0xCD, 0xCB, 0xF1, 0xA9, 0x8D, 0x2E, 0x2C, 0x0D,
    0xEE, 0x36, 0xDF, 0xA4, 0xD0, 0xAE, 0x0C, 0x9C, 0x25, 0x8C, 0xEC, 0xAF, 0xAA, 0x89, 0xC9, 0x18,
    0x8B, 0xAF, 0x7C, 0xBB, 0x9B, 0x2F, 0x7C, 0x74, 0x70, 0x95, 0x03, 0x10, 0x89, 0xF8, 0x08, 0xC4,
    0x48, 0x80, 0xE1, 0x58, 0x61, 0xED, 0xD7, 0x71, 0x2B, 0x3C, 0x10, 0x86, 0x81, 0x8B, 0x6A, 0xFD,
    0x1B, 0x1E, 0x4A, 0x9C, 0xD4, 0x77, 0x05, 0xF1, 0x4E, 0xFB, 0x55, 0xFF, 0xBA, 0x4E, 0xB5, 0xBD,
    0xA2, 0xA7, 0x44, 0x9E, 0xE5, 0x7C, 0xB6, 0x77, 0x11, 0x5F, 0xBC, 0x5C, 0x8F, 0x28, 0xD5, 0x2C,
    0xD5, 0x0C, 0xA3, 0x68, 0x21, 0xDB, 0x55, 0xE5, 0xFB, 0x95, 0x21, 0x2D, 0x40, 0x97, 0xE2, 0x3C,
    0xAE, 0xB5, 0xBA, 0x9A, 0x2E, 0x52, 0x6D, 0xA5, 0xCD, 0x02, 0xFE, 0x64, 0x49, 0x3B, 0x97, 0x5A,
    0xAC, 0x35, 0xB3, 0x9A, 0xB7, 0x7E, 0x8B, 0x13, 0x2A, 0x6B, 0xA8, 0x51, 0xA2, 0xCC, 0x1A, 0x6A,
    0x6B, 0x36, 0xD4, 0xF8, 0x09, 0x35, 0x6B, 0xA8, 0xF7, 0xE2, 0x75, 0xFD, 0xEA, 0x72, 0xD0, 0x50,
    0xB9, 0x09, 0xC5, 0x3B, 0x8B, 0x1A, 0xEA, 0x80, 0x4D, 0xA8, 0xE7, 0x27, 0xD4, 0xAC, 0xA1, 0xDE,
    0xAB, 0x7A, 0xF1, 0xEB, 0xAC, 0x52, 0x73, 0x37, 0x37, 0xAB, 0xDC, 0xE0, 0x34, 0xB4, 0x0F, 0x8C,
    0x81, 0xA1, 0x43, 0x88, 0x35, 0xAF, 0xCF, 0x13, 0x1C, 0xB8, 0x08, 0x36, 0xF8, 0x25, 0x0C, 0x1C,
    0x73, 0x13, 0xDC, 0xFA, 0xBE, 0xBD, 0xF8, 0xBE, 0xEF, 0x91, 0xCB, 0xEA, 0xED, 0x40, 0xD3, 0x77,
    0x09, 0xC8, 0xD8, 0xD3, 0x80, 0x79, 0xA8, 0xCE, 0x2D, 0xDF, 0xBE, 0x73, 0x1C, 0xFC, 0xC8, 0x98,
    0xE7, 0x0A, 0x5F, 0xAC, 0xD0, 0xDB, 0x36, 0x5D, 0x2D, 0x13, 0x20, 0xBE, 0x67, 0x81, 0x41, 0xB9,
    0x3E, 0x3F, 0x13, 0x54, 0x19, 0xBE, 0xE5, 0xE7, 0x74, 0xD9, 0x08, 0x5B, 0xFF, 0x39, 0x1F, 0xF5,
    0xC9, 0x7F, 0x3A, 0x72, 0xFE, 0x81, 0xB3, 0xBC, 0xAB, 0x06, 0x89, 0x90, 0x81, 0x70, 0xC8, 0x8A,
    0x0F, 0x61, 0x64, 0x60, 0xB9, 0x4A, 0x31, 0xC8, 0xF9, 0x41, 0x37, 0xDF, 0xA4, 0xD9, 0xA6, 0x5D,
    0xBE, 0x48, 0xB3, 0x45, 0x7E, 0x3E, 0x2A, 0x89, 0x65, 0xB1, 0xE4, 0x44, 0x37, 0xF3, 0x49, 0x36,
    0x9B, 0xE4, 0xFB, 0x2F, 0xFD, 0xC9, 0xBF, 0xE2, 0x36, 0x1F, 0xA6, 0xD9, 0xB0, 0xD2, 0xE9, 0xC1,
    0xBF, 0xE2, 0x5B, 0xFF, 0x54, 0x3A, 0x3C, 0xF9, 0xE7, 0xD2, 0xD1, 0xBE, 0x29, 0xD7, 0x84, 0xA5,
    0xA7, 0x71, 0xBC, 0xDF, 0x96, 0x15, 0x57, 0x4D, 0x35, 0x0D, 0xD4, 0xC7, 0xD3, 0xD0, 0x52, 0x47,
    0x69, 0x70, 0x91, 0xD2, 0x9F, 0x33, 0x1D, 0x6E, 0x36, 0x73, 0xCB, 0x2F, 0x7D, 0xCF, 0xDF, 0xE1,
    0x7E, 0xA6, 0xC0, 0xC6, 0xE8, 0xFB, 0x87, 0x86, 0x95, 0x8E, 0x72, 0xD2, 0x81, 0x15, 0x9A, 0x8B,
    0x23, 0xC1, 0xCC, 0x8D, 0xEE, 0xF0, 0x24, 0xF9, 0xD6, 0xB4, 0xC7, 0x35, 0x1F, 0xBB, 0xB7, 0x4F,
    0x07, 0x3D, 0xE1, 0x87, 0x78, 0x78, 0xC4, 0x5F, 0x4F, 0xF8, 0x40, 0x21, 0xBD, 0xF6, 0xB8, 0xA0,
    0x3B, 0xFF, 0x72, 0x66, 0xE8, 0xD0, 0xD2, 0xC5, 0x81, 0x40, 0x4B, 0x0F, 0xCF, 0x71, 0x9E, 0x9F,
    0x1C, 0xF7, 0x7C, 0x3A, 0x76, 0x7C, 0x5D, 0x1B, 0xF3, 0x68, 0x65, 0xCD, 0x99, 0x7B, 0xF6, 0x97,
    0x7C, 0x90, 0x95, 0x2F, 0xD4, 0xFA, 0xC7, 0xB7, 0xC6, 0x86, 0xAE, 0x03, 0x45, 0xEF, 0x11, 0xBB,
    0xD9, 0xFB, 0x11, 0x24, 0xD5, 0xAE, 0xB5, 0x1F, 0x9C, 0xDE, 0x5A, 0xB4, 0xE6, 0xF2, 0xFB, 0x6D,
    0xC1, 0xFA, 0x9F, 0xF9, 0x78, 0x29, 0xAD, 0x7F, 0x45, 0xEF, 0x11, 0x8E, 0x7D, 0xF1, 0xDB, 0xA5,
    0xB4, 0xF6, 0x15, 0xBD, 0x47, 0xFC, 0x48, 0xFB, 0xB9, 0x7F, 0xB5, 0x15, 0x8E, 0x3F, 0xF7, 0xAF,
    0x18, 0x1C, 0xC9, 0x50, 0x33, 0x42, 0x0D, 0x79, 0x97, 0x2C, 0x4A, 0x4C, 0x39, 0xB1, 0x85, 0x2D,
    0xBF, 0xF4, 0x27, 0xBE, 0xC1, 0xAD, 0xC8, 0x0C, 0x1B, 0x31, 0x74, 0x3A, 0xCF, 0x2E, 0x47, 0x69,
    0x3F, 0x33, 0x2C, 0xBF, 0x30, 0x60, 0x39, 0x4F, 0x94, 0xE3, 0xFF, 0xC7, 0xD7, 0x2C, 0x3E, 0x51,
    0x3C, 0x1B, 0xC9, 0x71, 0xB6, 0xF7, 0x32, 0x57, 0x7D, 0x8E, 0x5A, 0x5B, 0x2C, 0xF5, 0xC0, 0x46,
    0x8D, 0x7C, 0xE5, 0x6A, 0x9D, 0x7B, 0xB0, 0xF4, 0xDC, 0xF9, 0xDE, 0x10, 0x2C, 0xBE, 0x5A, 0xD8,
    0xFE, 0x85, 0x33, 0x0D, 0xDD, 0x66, 0xCB, 0x73, 0xA8, 0x80, 0x88, 0x2B, 0xFE, 0xFB, 0x3D, 0x4B,
    0xF4, 0x37, 0xD3, 0x6C, 0xBE, 0x69, 0x6D, 0x33, 0xCD, 0xF6, 0x1E, 0x62, 0x51, 0x7B, 0xFF, 0xD3,
    0xF7, 0x7F, 0x1B, 0x9D, 0xC9, 0xF9, 0x58, 0x31, 0xF9, 0x05, 0x8F, 0x4B, 0x88, 0x54, 0x3A, 0x12,
    0xA1, 0x67, 0x85, 0xE0, 0xDE, 0x5F, 0x09, 0x5C, 0x1C, 0x13, 0x11, 0x27, 0xCA, 0xE8, 0xE3, 0x18,
    0x21, 0x85, 0x03, 0x12, 0x1A, 0xBE, 0x9E, 0x7C, 0x78, 0xC7, 0x68, 0x20, 0x1D, 0x40, 0x7B, 0xDC,
    0xE4, 0xDC, 0xAC, 0xFF, 0xCD, 0xD5, 0xB1, 0xD7, 0x98, 0x60, 0xF3, 0x3D, 0xF2, 0xDA, 0xFB, 0x48,
    0xBF, 0x28, 0xDA, 0x6F, 0x81, 0x78, 0x7D, 0x33, 0xF4, 0x9E, 0x11, 0x85, 0x0F, 0x72, 0xF6, 0x54,
    0x7E, 0xF1, 0x1B, 0xA1, 0x83, 0x60, 0xB5, 0x7F, 0x7F, 0x0F, 0xB8, 0xD5, 0xFB, 0x9A, 0x52, 0xFA,
    0x5D, 0x6E, 0xBE, 0x03, 0x21, 0x88, 0x35, 0xB2, 0xCF, 0xF7, 0xF3, 0xEC, 0x93, 0x7E, 0x51, 0x0C,
    0x5B, 0x41, 0x1C, 0xB0, 0x8C, 0x63, 0x06, 0x80, 0xAB, 0x29, 0x47, 0x69, 0x5F, 0xFD, 0xD2, 0xB1,
    0x17, 0x19, 0x62, 0x38, 0x6A, 0x4B, 0x4D, 0xAB, 0xD8, 0xEC, 0xC3, 0xFA, 0x1E, 0x66, 0xB3, 0x0F,
    0xCB, 0xF8, 0x45, 0x7C, 0x4C, 0xC5, 0xD8, 0x36, 0x67, 0x0F, 0x6A, 0xDE, 0xBE, 0x1F, 0x49, 0x47,
    0x62, 0xCC, 0x9B, 0xF7, 0x23, 0x02, 0x82, 0x8C, 0xB5, 0xB5, 0xF7, 0x1B, 0xE2, 0x5C, 0x8A, 0x01,
    0x6F, 0xEB, 0x95, 0x2A, 0x11, 0xFE, 0xCD, 0xB7, 0xB4, 0x18, 0xF2, 0xD0, 0x05, 0xBF, 0x32, 0x23,
    0xFA, 0x7C, 0x5F, 0xF4, 0xF9, 0xFE, 0x07, 0xD7, 0xE7, 0x7B, 0x83, 0xDB, 0xE7, 0x5F, 0x96, 0x31,
    0xFB, 0xE7, 0x5F, 0xC5, 0xFD, 0x1C, 0x4E, 0xAC, 0xA9, 0xE9, 0x0A, 0x71, 0x72, 0x38, 0x8A, 0xEF,
    0xDE, 0x2D, 0xB3, 0xE2, 0xEE, 0x9B, 0x25, 0x92, 0xE5, 0xAB, 0x8D, 0x0E, 0x39, 0x57, 0xA8, 0xD0,
    0xC1, 0x7D, 0x41, 0xCD, 0x9C, 0x5A, 0xCA, 0x99, 0x4B, 0x10, 0xF6, 0x33, 0xBF, 0xF4, 0x67, 0x7E,
    0xE9, 0x64, 0xF6, 0x55, 0x73, 0x34, 0xF2, 0xFA, 0x7B, 0xFD, 0x6D, 0x6E, 0xC6, 0xF1, 0x9B, 0xD7,
    0x86, 0xDE, 0xA2, 0x6D, 0xC5, 0x75, 0xFC, 0x46, 0xE4, 0xE1, 0x91, 0xC3, 0x9D, 0xA7, 0x3D, 0x4F,
    0xAD, 0x4B, 0xFF, 0xC4, 0xAD, 0xF8, 0x7C, 0xD1, 0x8B, 0x0F, 0x2E, 0xDF, 0xEC, 0x7F, 0x58, 0x3A,
    0xA1, 0xB3, 0xFB, 0x01, 0xCB, 0xCF, 0x9D, 0x1F, 0xFC, 0xDB, 0xFC, 0x64, 0xDC, 0x7F, 0xE6, 0x97,
    0xBE, 0xFD, 0x7F, 0x11, 0x15, 0x83, 0x0B, 0xC7, 0x9F, 0x47, 0xBB, 0xD6, 0x16, 0x5D, 0xAE, 0xDA,
    0x72, 0xC4, 0x37, 0xBE, 0x15, 0x4D, 0x4E, 0x7D, 0x46, 0xE3, 0x68, 0x9F, 0xAC, 0x75, 0xE9, 0x17,
    0xFC, 0x5F, 0xF9, 0x78, 0xF1, 0x7B, 0x40, 0x97, 0x6F, 0xEF, 0x3F, 0xF3, 0xFA, 0xB8, 0x19, 0x0A,
    0xB1, 0xB3, 0x99, 0x9F, 0xF4, 0x3F, 0xDB, 0x2F, 0xDD, 0xFF, 0x7F, 0x99, 0xCD, 0x75, 0xE4, 0xCF,
    0xB5, 0xDB, 0xB4, 0x75, 0xEC, 0xFF, 0x00, 0x75, 0x8D, 0x81, 0x06, 0x43, 0x51, 0x08, 0x86, 0x23,
    0x80, 0xE8, 0x55, 0x62, 0x00, 0x87, 0x5E, 0x3D, 0x06, 0x30, 0xF6, 0x2A, 0xE7, 0x01, 0xE2, 0xEE,
    0xEF, 0xDE, 0x69, 0xE1, 0xAE, 0x4F, 0xDF, 0xCF, 0xC9, 0x29, 0x3A, 0x8B, 0xDF, 0x62, 0x85, 0x27,
    0xDC, 0x5C, 0xA3, 0xD4, 0x20, 0x2D, 0x79, 0x94, 0x08, 0xCA, 0x1A, 0xB4, 0xFC, 0x08, 0x6F, 0x25,
    0xF1, 0xA6, 0x29, 0x0D, 0xC4, 0x9D, 0x1C, 0x71, 0xAB, 0x44, 0x5C, 0xC2, 0x71, 0xBC, 0xA0, 0x3D,
    0xD0, 0x20, 0x7F, 0xE0, 0x56, 0xF5, 0xF6, 0xE3, 0xB9, 0x79, 0x80, 0xDD, 0xA1, 0x13, 0xAC, 0xC4,
    0x12, 0xF2, 0xC1, 0x1A, 0xAB, 0xAE, 0xE2, 0x25, 0x2F, 0x09, 0x09, 0x4F, 0x64, 0x43, 0x5D, 0xFC,
    0x7D, 0xFF, 0x37, 0xD7, 0xB0, 0x93, 0x47, 0x5A, 0x34, 0x6B, 0xFC, 0xDF, 0x62, 0x85, 0x2E, 0x33,
    0x43, 0x32, 0x58, 0x52, 0x93, 0x0F, 0x63, 0x00, 0x03, 0xFB, 0x3F, 0x36, 0x36, 0xC6, 0x67, 0x8C,
    0xCF, 0xD8, 0x9F, 0xB1, 0xB7, 0x01, 0xC2, 0x3F, 0x10, 0x12, 0x24, 0x03, 0x00,
};

static const EpdGlyph helvetica_16_italicGlyphs[] = {
    { 23, 25, 384, 3, 25, 144, 0 }, // U+0000
    { 16, 16, 256, 0, 14, 64, 144 }, // U+0001
    { 16, 16, 256, 0, 14, 64, 208 }, // U+0002
    { 16, 16, 256, 0, 14, 64, 272 }, // U+0003
    { 16, 16, 256, 0, 14, 64, 336 }, // U+0004
    { 16, 16, 256, 0, 14, 64, 400 }, // U+0005
    { 16, 16, 256, 0, 14, 64, 464 }, // U+0006
    { 16, 16, 256, 0, 14, 64, 528 }, // U+0007
    { 16, 16, 256, 0, 14, 64, 592 }, // U+0008
    { 16, 16, 256, 0, 14, 64, 656 }, // U+0009
    { 16, 16, 256, 0, 14, 64, 720 }, // U+000A
    { 16, 16, 256, 0, 14, 64, 784 }, // U+000B
    { 16, 16, 256, 0, 14, 64, 848 }, // U+000C
    { 16, 16, 256, 0, 14, 64, 912 }, // U+000D
    { 16, 16, 256, 0, 14, 64, 976 }, // U+000E
    { 16, 16, 256, 0, 14, 64, 1040 }, // U+000F
    { 16, 16, 256, 0, 14, 64, 1104 }, // U+0010
    { 16, 16, 256, 0, 14, 64, 1168 }, // U+0011
    { 16, 16, 256, 0, 14, 64, 1232 }, // U+0012
    { 16, 16, 256, 0, 14, 64, 1296 }, // U+0013
    { 16, 16, 256, 0, 14, 64, 1360 }, // U+0014
    { 16, 16, 256, 0, 14, 64, 1424 }, // U+0015
    { 16, 16, 256, 0, 14, 64, 1488 }, // U+0016
    { 16, 16, 256, 0, 14, 64, 1552 }, // U+0017
    { 16, 16, 256, 0, 14, 64, 1616 }, // U+0018
    { 16, 16, 256, 0, 14, 64, 1680 }, // U+0019
    { 16, 16, 256, 0, 14, 64, 1744 }, // U+001A
    { 16, 16, 256, 0, 14, 64, 1808 }, // U+001B
    { 16, 16, 256, 0, 14, 64, 1872 }, // U+001C
    { 16, 16, 256, 0, 14, 64, 1936 }, // U+001D
    { 16, 16, 256, 0, 14, 64, 2000 }, // U+001E
    { 16, 16, 256, 0, 14, 64, 2064 }, // U+001F
    { 1, 1, 144, 0, 1, 1, 2128 }, // U+0020
    { 9, 25, 144, 3, 25, 57, 2129 }, // !
    { 9, 8, 192, 6, 25, 18, 2186 }, // "
    { 19, 23, 304, 2, 23, 110, 2204 }, // #
    { 18, 30, 288, 2, 26, 135, 2314 }, // $
    { 25, 24, 464, 4, 24, 150, 2449 }, // %
    { 18, 23, 352, 3, 23, 104, 2599 }, // &
    { 4, 8, 96, 6, 23, 8, 2703 }, // '
    { 11, 31, 176, 3, 25, 86, 2711 }, // (
    { 10, 31, 176, 1, 25, 78, 2797 }, // )
    { 9, 10, 208, 6, 25, 23, 2875 }, // *
    { 16, 17, 304, 4, 16, 68, 2898 }, // +
    { 5, 8, 144, 2, 3, 10, 2966 }, // ,
    { 9, 2, 176, 3, 10, 5, 2976 }, // -
    { 4, 3, 144, 3, 3, 3, 2981 }, // .
    { 14, 24, 144, 0, 24, 84, 2984 }, // /
    { 17, 24, 288, 3, 24, 102, 3068 }, // 0
    { 10, 24, 288, 7, 24, 60, 3170 }, // 1
    { 18, 24, 288, 3, 24, 108, 3230 }, // 2
    { 17, 24, 288, 3, 24, 102, 3338 }, // 3
    { 17, 24, 288, 2, 24, 102, 3440 }, // 4
    { 19, 24, 288, 2, 24, 114, 3542 }, // 5
    { 17, 24, 288, 3, 24, 102, 3656 }, // 6
    { 17, 24, 288, 6, 24, 102, 3758 }, // 7
    { 19, 24, 288, 2, 24, 114, 3860 }, // 8
    { 17, 24, 288, 3, 24, 102, 3974 }, // 9
    { 7, 17, 144, 4, 17, 30, 4076 }, // :
    { 8, 21, 144, 3, 17, 42, 4106 }, // ;
    { 17, 16, 304, 4, 16, 68, 4148 }, // <
    { 17, 9, 304, 3, 13, 39, 4216 }, // =
    { 18, 16, 304, 2, 16, 72, 4255 }, // >
    { 14, 25, 288, 7, 25, 88, 4327 }, // ?
    { 32, 30, 544, 3, 25, 240, 4415 }, // @
    { 20, 25, 352, 1, 25, 125, 4655 }, // A
    { 21, 25, 352, 3, 25, 132, 4780 }, // B
    { 21, 25, 384, 4, 25, 132, 4912 }, // C
    { 22, 25, 384, 3, 25, 138, 5044 }, // D
    { 22, 25, 352, 3, 25, 138, 5182 }, // E
    { 21, 25, 320, 3, 25, 132, 5320 }, // F
    { 23, 25, 400, 4, 25, 144, 5452 }, // G
    { 23, 25, 384, 3, 25, 144, 5596 }, // H
    { 8, 25, 144, 3, 25, 50, 5740 }, // I
    { 17, 25, 256, 2, 25, 107, 5790 }, // J
    { 23, 25, 352, 3, 25, 144, 5897 }, // K
    { 15, 25, 288, 3, 25, 94, 6041 }, // L
    { 29, 25, 432, 2, 25, 182, 6135 }, // M
    { 23, 25, 384, 3, 25, 144, 6317 }, // N
    { 25, 25, 400, 3, 25, 157, 6461 }, // O
    { 21, 25, 352, 3, 25, 132, 6618 }, // P
    { 25, 26, 416, 3, 25, 163, 6750 }, // Q
    { 23, 25, 384, 3, 25, 144, 6913 }, // R
    { 21, 25, 352, 3, 25, 132, 7057 }, // S
    { 19, 25, 320, 6, 25, 119, 7189 }, // T
    { 22, 25, 384, 4, 25, 138, 7308 }, // U
    { 20, 25, 352, 7, 25, 125, 7446 }, // V
    { 31, 25, 496, 6, 25, 194, 7571 }, // W
    { 25, 25, 352, 1, 25, 157, 7765 }, // X
    { 22, 25, 352, 6, 25, 138, 7922 }, // Y
    { 23, 25, 320, 1, 25, 144, 8060 }, // Z
    { 12, 32, 144, 1, 26, 96, 8204 }, // [
    { 4, 24, 144, 5, 24, 24, 8300 }, // <backslash>
    { 13, 32, 144, -1, 26, 104, 8324 }, // ]
    { 12, 13, 256, 4, 24, 39, 8428 }, // ^
    { 20, 2, 304, -2, -4, 10, 8467 }, // _
    { 5, 5, 176, 7, 25, 7, 8477 }, // `
    { 17, 18, 288, 2, 18, 77, 8484 }, // a
    { 17, 25, 288, 2, 25, 107, 8561 }, // b
    { 15, 18, 272, 3, 18, 68, 8668 }, // c
    { 19, 25, 288, 3, 25, 119, 8736 }, // d
    { 16, 18, 288, 3, 18, 72, 8855 }, // e
    { 11, 25, 144, 3, 25, 69, 8927 }, // f
    { 19, 25, 288, 1, 18, 119, 8996 }, // g
    { 17, 25, 288, 2, 25, 107, 9115 }, // h
    { 8, 25, 112, 2, 25, 50, 9222 }, // i
    { 12, 32, 112, -2, 25, 96, 9272 }, // j
    { 17, 25, 272, 2, 25, 107, 9368 }, // k
    { 8, 25, 112, 2, 25, 50, 9475 }, // l
    { 26, 18, 448, 2, 18, 117, 9525 }, // m
    { 17, 18, 288, 2, 18, 77, 9642 }, // n
    { 16, 18, 304, 3, 18, 72, 9719 }, // o
    { 18, 25, 304, 1, 18, 113, 9791 }, // p
    { 18, 25, 304, 3, 18, 113, 9904 }, // q
    { 12, 18, 176, 2, 18, 54, 10017 }, // r
    { 15, 18, 272, 2, 18, 68, 10071 }, // s
    { 8, 22, 144, 4, 22, 44, 10139 }, // t
    { 17, 18, 304, 3, 18, 77, 10183 }, // u
    { 15, 18, 272, 4, 18, 68, 10260 }, // v
    { 23, 18, 384, 4, 18, 104, 10328 }, // w
    { 18, 18, 272, 2, 18, 81, 10432 }, // x
    { 19, 25, 272, 0, 18, 119, 10513 }, // y
    { 16, 18, 272, 2, 18, 72, 10632 }, // z
    { 12, 32, 176, 3, 25, 96, 10704 }, // {
    { 8, 30, 144, 2, 24, 60, 10800 }, // |
    { 11, 32, 176, 0, 25, 88, 10860 }, // }
    { 16, 6, 304, 4, 15, 24, 10948 }, // ~
    { 16, 16, 256, 0, 14, 64, 10972 }, // U+007F
    { 16, 16, 256, 0, 14, 64, 0 }, // U+0080
    { 16, 16, 256, 0, 14, 64, 64 }, // U+0081
    { 16, 16, 256, 0, 14, 64, 128 }, // U+0082
    { 16, 16, 256, 0, 14, 64, 192 }, // U+0083
    { 16, 16, 256, 0, 14, 64, 256 }, // U+0084
    { 16, 16, 256, 0, 14, 64, 320 }, // U+0085
    { 16, 16, 256, 0, 14, 64, 384 }, // U+0086
    { 16, 16, 256, 0, 14, 64, 448 }, // U+0087
    { 16, 16, 256, 0, 14, 64, 512 }, // U+0088
    { 16, 16, 256, 0, 14, 64, 576 }, // U+0089
    { 16, 16, 256, 0, 14, 64, 640 }, // U+008A
    { 16, 16, 256, 0, 14, 64, 704 }, // U+008B
    { 16, 16, 256, 0, 14, 64, 768 }, // U+008C
    { 16, 16, 256, 0, 14, 64, 832 }, // U+008D
    { 16, 16, 256, 0, 14, 64, 896 }, // U+008E
    { 16, 16, 256, 0, 14, 64, 960 }, // U+008F
    { 16, 16, 256, 0, 14, 64, 1024 }, // U+0090
    { 16, 16, 256, 0, 14, 64, 1088 }, // U+0091
    { 16, 16, 256, 0, 14, 64, 1152 }, // U+0092
    { 16, 16, 256, 0, 14, 64, 1216 }, // U+0093
    { 16, 16, 256, 0, 14, 64, 1280 }, // U+0094
    { 16, 16, 256, 0, 14, 64, 1344 }, // U+0095
    { 16, 16, 256, 0, 14, 64, 1408 }, // U+0096
    { 16, 16, 256, 0, 14, 64, 1472 }, // U+0097
    { 16, 16, 256, 0, 14, 64, 1536 }, // U+0098
    { 16, 16, 256, 0, 14, 64, 1600 }, // U+0099
    { 16, 16, 256, 0, 14, 64, 1664 }, // U+009A
    { 16, 16, 256, 0, 14, 64, 1728 }, // U+009B
    { 16, 16, 256, 0, 14, 64, 1792 }, // U+009C
    { 16, 16, 256, 0, 14, 64, 1856 }, // U+009D
    { 16, 16, 256, 0, 14, 64, 1920 }, // U+009E
    { 16, 16, 256, 0, 14, 64, 1984 }, // U+009F
    { 1, 1, 144, 0, 1, 1, 2048 }, // U+00A0
    { 8, 25, 176, 3, 18, 50, 2049 }, // U+00A1
    { 16, 25, 288, 4, 21, 100, 2099 }, // U+00A2
    { 19, 24, 288, 2, 24, 114, 2199 }, // U+00A3
    { 15, 14, 288, 4, 19, 53, 2313 }, // U+00A4
    { 20, 24, 288, 4, 24, 120, 2366 }, // U+00A5
    { 8, 32, 144, 2, 25, 64, 2486 }, // U+00A6
    { 18, 32, 288, 2, 25, 144, 2550 }, // U+00A7
    { 10, 3, 176, 5, 25, 8, 2694 }, // U+00A8
    { 26, 25, 400, 2, 25, 163, 2702 }, // U+00A9
    { 11, 15, 192, 4, 25, 42, 2865 }, // U+00AA
    { 14, 9, 288, 4, 14, 32, 2907 }, // U+00AB
    { 17, 9, 304, 3, 12, 39, 2939 }, // U+00AC
    { 9, 2, 176, 3, 10, 5, 2978 }, // U+00AD
    { 26, 25, 400, 2, 25, 163, 2983 }, // U+00AE
    { 10, 2, 176, 5, 24, 5, 3146 }, // U+00AF
    { 9, 9, 208, 6, 23, 21, 3151 }, // U+00B0
    { 19, 21, 304, 2, 21, 100, 3172 }, // U+00B1
    { 12, 15, 176, 3, 24, 45, 3272 }, // U+00B2
    { 11, 15, 176, 3, 24, 42, 3317 }, // U+00B3
    { 7, 5, 176, 8, 27, 9, 3359 }, // U+00B4
    { 19, 24, 304, 1, 18, 114, 3368 }, // U+00B5
    { 18, 31, 272, 4, 25, 140, 3482 }, // U+00B6
    { 5, 4, 144, 5, 14, 5, 3622 }, // U+00B7
    { 7, 7, 176, 1, 0, 13, 3627 }, // U+00B8
    { 6, 15, 176, 6, 24, 23, 3640 }, // U+00B9
    { 11, 15, 192, 4, 25, 42, 3663 }, // U+00BA
    { 14, 9, 288, 3, 14, 32, 3705 }, // U+00BB
    { 23, 25, 448, 5, 25, 144, 3737 }, // U+00BC
    { 25, 25, 448, 4, 25, 157, 3881 }, // U+00BD
    { 26, 24, 448, 4, 24, 156, 4038 }, // U+00BE
    { 15, 25, 320, 3, 18, 94, 4194 }, // U+00BF
    { 20, 31, 352, 1, 31, 155, 4288 }, // U+00C0
    { 20, 31, 352, 1, 31, 155, 4443 }, // U+00C1
    { 20, 31, 352, 1, 31, 155, 4598 }, // U+00C2
    { 21, 31, 352, 1, 31, 163, 4753 }, // U+00C3
    { 20, 30, 352, 1, 30, 150, 4916 }, // U+00C4
    { 20, 31, 352, 1, 31, 155, 5066 }, // U+00C5
    { 34, 25, 528, 1, 25, 213, 5221 }, // U+00C6
    { 21, 32, 384, 4, 25, 168, 5434 }, // U+00C7
    { 22, 31, 352, 3, 31, 171, 5602 }, // U+00C8
    { 22, 31, 352, 3, 31, 171, 5773 }, // U+00C9
    { 22, 31, 352, 3, 31, 171, 5944 }, // U+00CA
    { 22, 30, 352, 3, 30, 165, 6115 }, // U+00CB
    { 10, 31, 144, 3, 31, 78, 6280 }, // U+00CC
    { 11, 31, 144, 3, 31, 86, 6358 }, // U+00CD
    { 12, 31, 144, 3, 31, 93, 6444 }, // U+00CE
    { 12, 30, 144, 3, 30, 90, 6537 }, // U+00CF
    { 22, 25, 384, 3, 25, 138, 6627 }, // U+00D0
    { 23, 30, 384, 3, 30, 173, 6765 }, // U+00D1
    { 25, 31, 400, 3, 31, 194, 6938 }, // U+00D2
    { 25, 31, 400, 3, 31, 194, 7132 }, // U+00D3
    { 25, 31, 400, 3, 31, 194, 7326 }, // U+00D4
    { 25, 30, 400, 3, 30, 188, 7520 }, // U+00D5
    { 25, 30, 400, 3, 30, 188, 7708 }, // U+00D6
    { 18, 15, 304, 3, 16, 68, 7896 }, // U+00D7
    { 29, 25, 416, 1, 25, 182, 7964 }, // U+00D8
    { 22, 31, 384, 4, 31, 171, 8146 }, // U+00D9
    { 22, 31, 384, 4, 31, 171, 8317 }, // U+00DA
    { 22, 31, 384, 4, 31, 171, 8488 }, // U+00DB
    { 22, 30, 384, 4, 30, 165, 8659 }, // U+00DC
    { 22, 31, 352, 6, 31, 171, 8824 }, // U+00DD
    { 20, 25, 352, 3, 25, 125, 8995 }, // U+00DE
    { 18, 25, 320, 4, 25, 113, 9120 }, // U+00DF
    { 17, 25, 288, 2, 25, 107, 9233 }, // U+00E0
    { 17, 25, 288, 2, 25, 107, 9340 }, // U+00E1
    { 17, 25, 288, 2, 25, 107, 9447 }, // U+00E2
    { 17, 24, 288, 2, 24, 102, 9554 }, // U+00E3
    { 17, 23, 288, 2, 23, 98, 9656 }, // U+00E4
    { 17, 25, 288, 2, 25, 107, 9754 }, // U+00E5
    { 28, 18, 464, 2, 18, 126, 9861 }, // U+00E6
    { 15, 25, 272, 3, 18, 94, 9987 }, // U+00E7
    { 16, 25, 288, 3, 25, 100, 10081 }, // U+00E8
    { 16, 24, 288, 3, 24, 96, 10181 }, // U+00E9
    { 16, 24, 288, 3, 24, 96, 10277 }, // U+00EA
    { 17, 23, 288, 3, 23, 98, 10373 }, // U+00EB
    { 7, 25, 144, 3, 25, 44, 10471 }, // U+00EC
    { 12, 25, 144, 3, 25, 75, 10515 }, // U+00ED
    { 11, 25, 144, 3, 25, 69, 10590 }, // U+00EE
    { 11, 23, 144, 3, 23, 64, 10659 }, // U+00EF
    { 16, 27, 304, 3, 27, 108, 10723 }, // U+00F0
    { 17, 24, 288, 2, 24, 102, 10831 }, // U+00F1
    { 16, 25, 304, 3, 25, 100, 10933 }, // U+00F2
    { 16, 25, 304, 3, 25, 100, 11033 }, // U+00F3
    { 16, 24, 304, 3, 24, 96, 11133 }, // U+00F4
    { 16, 24, 304, 3, 24, 96, 11229 }, // U+00F5
    { 17, 22, 304, 3, 22, 94, 11325 }, // U+00F6
    { 15, 15, 304, 4, 16, 57, 11419 }, // U+00F7
    { 21, 18, 320, 1, 18, 95, 11476 }, // U+00F8
    { 17, 25, 288, 3, 25, 107, 11571 }, // U+00F9
    { 17, 25, 288, 3, 25, 107, 11678 }, // U+00FA
    { 17, 25, 288, 3, 25, 107, 11785 }, // U+00FB
    { 17, 23, 288, 3, 23, 98, 11892 }, // U+00FC
    { 19, 32, 272, 0, 25, 152, 11990 }, // U+00FD
    { 18, 31, 304, 1, 25, 140, 12142 }, // U+00FE
    { 19, 30, 272, 0, 23, 143, 12282 }, // U+00FF
    { 20, 28, 352, 1, 28, 140, 0 }, // U+0100
    { 17, 21, 288, 2, 21, 90, 140 }, // U+0101
    { 20, 30, 352, 1, 30, 150, 230 }, // U+0102
    { 17, 23, 288, 2, 23, 98, 380 }, // U+0103
    { 20, 31, 352, 1, 25, 155, 478 }, // U+0104
    { 17, 24, 288, 2, 18, 102, 633 }, // U+0105
    { 21, 31, 384, 4, 31, 163, 735 }, // U+0106
    { 15, 24, 272, 3, 24, 90, 898 }, // U+0107
    { 21, 31, 384, 4, 31, 163, 988 }, // U+0108
    { 15, 24, 272, 3, 24, 90, 1151 }, // U+0109
    { 21, 29, 384, 4, 29, 153, 1241 }, // U+010A
    { 15, 22, 272, 3, 22, 83, 1394 }, // U+010B
    { 21, 31, 384, 4, 31, 163, 1477 }, // U+010C
    { 15, 24, 272, 3, 24, 90, 1640 }, // U+010D
    { 22, 31, 384, 3, 31, 171, 1730 }, // U+010E
    { 24, 25, 384, 3, 25, 150, 1901 }, // U+010F
    { 22, 25, 384, 3, 25, 138, 2051 }, // U+0110
    { 19, 25, 288, 3, 25, 119, 2189 }, // U+0111
    { 22, 28, 352, 3, 28, 154, 2308 }, // U+0112
    { 16, 21, 288, 3, 21, 84, 2462 }, // U+0113
    { 22, 30, 352, 3, 30, 165, 2546 }, // U+0114
    { 16, 23, 288, 3, 23, 92, 2711 }, // U+0115
    { 22, 29, 352, 3, 29, 160, 2803 }, // U+0116
    { 16, 22, 288, 3, 22, 88, 2963 }, // U+0117
    { 22, 31, 352, 3, 25, 171, 3051 }, // U+0118
    { 16, 24, 288, 3, 18, 96, 3222 }, // U+0119
    { 22, 31, 352, 3, 31, 171, 3318 }, // U+011A
    { 16, 24, 288, 3, 24, 96, 3489 }, // U+011B
    { 23, 31, 400, 4, 31, 179, 3585 }, // U+011C
    { 19, 31, 288, 1, 24, 148, 3764 }, // U+011D
    { 23, 30, 400, 4, 30, 173, 3912 }, // U+011E
    { 19, 30, 288, 1, 23, 143, 4085 }, // U+011F
    { 23, 29, 400, 4, 29, 167, 4228 }, // U+0120
    { 19, 29, 288, 1, 22, 138, 4395 }, // U+0121
    { 23, 34, 400, 4, 25, 196, 4533 }, // U+0122
    { 19, 33, 288, 1, 26, 157, 4729 }, // U+0123
    { 23, 31, 384, 3, 31, 179, 4886 }, // U+0124
    { 17, 31, 288, 2, 31, 132, 5065 }, // U+0125
    { 23, 25, 384, 3, 25, 144, 5197 }, // U+0126
    { 17, 25, 288, 2, 25, 107, 5341 }, // U+0127
    { 11, 30, 144, 3, 30, 83, 5448 }, // U+0128
    { 11, 23, 144, 2, 23, 64, 5531 }, // U+0129
    { 10, 28, 144, 3, 28, 70, 5595 }, // U+012A
    { 10, 21, 144, 2, 21, 53, 5665 }, // U+012B
    { 10, 30, 144, 3, 30, 75, 5718 }, // U+012C
    { 9, 23, 144, 3, 23, 52, 5793 }, // U+012D
    { 8, 31, 144, 3, 25, 62, 5845 }, // U+012E
    { 8, 31, 112, 2, 25, 62, 5907 }, // U+012F
    { 8, 29, 144, 3, 29, 58, 5969 }, // U+0130
    { 7, 18, 144, 3, 18, 32, 6027 }, // U+0131
    { 25, 25, 400, 3, 25, 157, 6059 }, // U+0132
    { 15, 32, 224, 2, 25, 120, 6216 }, // U+0133
    { 17, 31, 256, 2, 31, 132, 6336 }, // U+0134
    { 12, 31, 112, -2, 24, 93, 6468 }, // U+0135
    { 23, 34, 352, 3, 25, 196, 6561 }, // U+0136
    { 17, 34, 272, 2, 25, 145, 6757 }, // U+0137
    { 17, 18, 272, 2, 18, 77, 6902 }, // U+0138
    { 15, 31, 288, 3, 31, 117, 6979 }, // U+0139
    { 10, 31, 112, 2, 31, 78, 7096 }, // U+013A
    { 15, 34, 288, 3, 25, 128, 7174 }, // U+013B
    { 8, 34, 112, 2, 25, 68, 7302 }, // U+013C
    { 24, 25, 384, 3, 25, 150, 7370 }, // U+013D
    { 15, 25, 224, 2, 25, 94, 7520 }, // U+013E
    { 24, 25, 416, 3, 25, 150, 7614 }, // U+013F
    { 15, 25, 256, 2, 25, 94, 7764 }, // U+0140
    { 17, 25, 304, 2, 25, 107, 7858 }, // U+0141
    { 8, 25, 112, 2, 25, 50, 7965 }, // U+0142
    { 23, 31, 384, 3, 31, 179, 8015 }, // U+0143
    { 17, 24, 288, 2, 24, 102, 8194 }, // U+0144
    { 23, 34, 384, 3, 25, 196, 8296 }, // U+0145
    { 17, 27, 288, 2, 18, 115, 8492 }, // U+0146
    { 23, 31, 384, 3, 31, 179, 8607 }, // U+0147
    { 17, 24, 288, 2, 24, 102, 8786 }, // U+0148
    { 20, 25, 400, 6, 25, 125, 8888 }, // U+0149
    { 23, 32, 384, 3, 25, 184, 9013 }, // U+014A
    { 17, 25, 288, 2, 18, 107, 9197 }, // U+014B
    { 25, 28, 400, 3, 28, 175, 9304 }, // U+014C
    { 16, 21, 304, 3, 21, 84, 9479 }, // U+014D
    { 25, 30, 400, 3, 30, 188, 9563 }, // U+014E
    { 16, 23, 304, 3, 23, 92, 9751 }, // U+014F
    { 25, 31, 400, 3, 31, 194, 9843 }, // U+0150
    { 16, 24, 304, 3, 24, 96, 10037 }, // U+0151
    { 34, 25, 528, 3, 25, 213, 10133 }, // U+0152
    { 29, 18, 496, 3, 18, 131, 10346 }, // U+0153
    { 23, 31, 384, 3, 31, 179, 10477 }, // U+0154
    { 12, 24, 176, 2, 24, 72, 10656 }, // U+0155
    { 23, 34, 384, 3, 25, 196, 10728 }, // U+0156
    { 12, 27, 176, 2, 18, 81, 10924 }, // U+0157
    { 23, 31, 384, 3, 31, 179, 11005 }, // U+0158
    { 12, 24, 176, 2, 24, 72, 11184 }, // U+0159
    { 21, 31, 352, 3, 31, 163, 11256 }, // U+015A
    { 15, 24, 272, 2, 24, 90, 11419 }, // U+015B
    { 21, 31, 352, 3, 31, 163, 11509 }, // U+015C
    { 15, 24, 272, 2, 24, 90, 11672 }, // U+015D
    { 21, 32, 352, 3, 25, 168, 11762 }, // U+015E
    { 15, 25, 272, 2, 18, 94, 11930 }, // U+015F
    { 21, 27, 352, 3, 27, 142, 12024 }, // U+0160
    { 15, 25, 272, 2, 25, 94, 12166 }, // U+0161
    { 19, 32, 320, 6, 25, 152, 12260 }, // U+0162
    { 9, 29, 144, 3, 22, 66, 12412 }, // U+0163
    { 19, 31, 320, 6, 31, 148, 12478 }, // U+0164
    { 15, 25, 256, 4, 25, 94, 12626 }, // U+0165
    { 19, 25, 320, 6, 25, 119, 12720 }, // U+0166
    { 8, 22, 144, 4, 22, 44, 12839 }, // U+0167
    { 22, 30, 384, 4, 30, 165, 12883 }, // U+0168
    { 17, 23, 304, 3, 23, 98, 13048 }, // U+0169
    { 22, 28, 384, 4, 28, 154, 13146 }, // U+016A
    { 17, 21, 304, 3, 21, 90, 13300 }, // U+016B
    { 22, 30, 384, 4, 30, 165, 13390 }, // U+016C
    { 17, 23, 304, 3, 23, 98, 13555 }, // U+016D
    { 22, 32, 384, 4, 32, 176, 13653 }, // U+016E
    { 17, 25, 304, 3, 25, 107, 13829 }, // U+016F
    { 22, 31, 384, 4, 31, 171, 13936 }, // U+0170
    { 17, 24, 304, 3, 24, 102, 14107 }, // U+0171
    { 22, 31, 384, 4, 25, 171, 14209 }, // U+0172
    { 17, 24, 304, 3, 18, 102, 14380 }, // U+0173
    { 31, 31, 496, 6, 31, 241, 14482 }, // U+0174
    { 23, 24, 384, 4, 24, 138, 14723 }, // U+0175
    { 22, 31, 352, 6, 31, 171, 14861 }, // U+0176
    { 19, 31, 272, 0, 24, 148, 15032 }, // U+0177
    { 21, 25, 352, 6, 25, 132, 15180 }, // U+0178
    { 23, 31, 320, 1, 31, 179, 15312 }, // U+0179
    { 16, 24, 272, 2, 24, 96, 15491 }, // U+017A
    { 23, 29, 320, 1, 29, 167, 15587 }, // U+017B
    { 16, 22, 272, 2, 22, 88, 15754 }, // U+017C
    { 23, 27, 320, 1, 27, 156, 15842 }, // U+017D
    { 18, 25, 272, 1, 25, 113, 15998 }, // U+017E
    { 8, 16, 128, 0, 14, 32, 16111 }, // U+017F
    { 26, 25, 400, 3, 25, 163, 0 }, // U+01A0
    { 19, 18, 304, 3, 18, 86, 163 }, // U+01A1
    { 24, 25, 384, 4, 25, 150, 249 }, // U+01AF
    { 19, 18, 304, 3, 18, 86, 399 }, // U+01B0
    { 8, 16, 128, 0, 14, 32, 485 }, // U+01C4
    { 8, 16, 128, 0, 14, 32, 517 }, // U+01C5
    { 8, 16, 128, 0, 14, 32, 549 }, // U+01C6
    { 8, 16, 128, 0, 14, 32, 581 }, // U+01C7
    { 8, 16, 128, 0, 14, 32, 613 }, // U+01C8
    { 8, 16, 128, 0, 14, 32, 645 }, // U+01C9
    { 8, 16, 128, 0, 14, 32, 677 }, // U+01CA
    { 8, 16, 128, 0, 14, 32, 709 }, // U+01CB
    { 8, 16, 128, 0, 14, 32, 741 }, // U+01CC
    { 20, 31, 352, 1, 31, 155, 773 }, // U+01CD
    { 17, 24, 288, 2, 24, 102, 928 }, // U+01CE
    { 10, 31, 144, 3, 31, 78, 1030 }, // U+01CF
    { 9, 24, 144, 3, 24, 54, 1108 }, // U+01D0
    { 25, 31, 400, 3, 31, 194, 1162 }, // U+01D1
    { 16, 24, 304, 3, 24, 96, 1356 }, // U+01D2
    { 22, 31, 384, 4, 31, 171, 1452 }, // U+01D3
    { 17, 24, 304, 3, 24, 102, 1623 }, // U+01D4
    { 22, 33, 384, 4, 33, 182, 1725 }, // U+01D5
    { 17, 26, 288, 3, 26, 111, 1907 }, // U+01D6
    { 22, 36, 384, 4, 36, 198, 2018 }, // U+01D7
    { 17, 29, 288, 3, 29, 124, 2216 }, // U+01D8
    { 22, 36, 384, 4, 36, 198, 2340 }, // U+01D9
    { 17, 29, 288, 3, 29, 124, 2538 }, // U+01DA
    { 22, 36, 384, 4, 36, 198, 2662 }, // U+01DB
    { 17, 29, 288, 3, 29, 124, 2860 }, // U+01DC
    { 16, 18, 288, 3, 18, 72, 2984 }, // U+01DD
    { 20, 33, 352, 1, 33, 165, 3056 }, // U+01DE
    { 17, 26, 288, 2, 26, 111, 3221 }, // U+01DF
    { 20, 32, 352, 1, 32, 160, 3332 }, // U+01E0
    { 17, 25, 288, 2, 25, 107, 3492 }, // U+01E1
    { 34, 28, 528, 1, 28, 238, 3599 }, // U+01E2
    { 28, 21, 464, 2, 21, 147, 3837 }, // U+01E3
    { 24, 25, 400, 4, 25, 150, 3984 }, // U+01E4
    { 19, 25, 288, 1, 18, 119, 4134 }, // U+01E5
    { 23, 31, 400, 4, 31, 179, 4253 }, // U+01E6
    { 19, 31, 288, 1, 24, 148, 4432 }, // U+01E7
    { 23, 31, 352, 3, 31, 179, 4580 }, // U+01E8
    { 17, 31, 272, 2, 31, 132, 4759 }, // U+01E9
    { 25, 31, 400, 3, 25, 194, 4891 }, // U+01EA
    { 16, 24, 304, 3, 18, 96, 5085 }, // U+01EB
    { 25, 34, 400, 3, 28, 213, 5181 }, // U+01EC
    { 16, 27, 304, 3, 21, 108, 5394 }, // U+01ED
    { 8, 16, 128, 0, 14, 32, 5502 }, // U+01EE
    { 8, 16, 128, 0, 14, 32, 5534 }, // U+01EF
    { 12, 31, 112, -2, 24, 93, 5566 }, // U+01F0
    { 8, 16, 128, 0, 14, 32, 5659 }, // U+01F1
    { 8, 16, 128, 0, 14, 32, 5691 }, // U+01F2
    { 8, 16, 128, 0, 14, 32, 5723 }, // U+01F3
    { 23, 31, 400, 4, 31, 179, 5755 }, // U+01F4
    { 19, 31, 288, 1, 24, 148, 5934 }, // U+01F5
    { 8, 16, 128, 0, 14, 32, 6082 }, // U+01F6
    { 8, 16, 128, 0, 14, 32, 6114 }, // U+01F7
    { 23, 31, 384, 3, 31, 179, 6146 }, // U+01F8
    { 17, 24, 288, 2, 24, 102, 6325 }, // U+01F9
    { 20, 37, 352, 1, 37, 185, 6427 }, // U+01FA
    { 17, 31, 288, 2, 31, 132, 6612 }, // U+01FB
    { 34, 31, 528, 1, 31, 264, 6744 }, // U+01FC
    { 28, 24, 464, 2, 24, 168, 7008 }, // U+01FD
    { 29, 31, 416, 1, 31, 225, 7176 }, // U+01FE
    { 21, 24, 320, 1, 24, 126, 7401 }, // U+01FF
    { 8, 16, 128, 0, 14, 32, 7527 }, // U+0200
    { 8, 16, 128, 0, 14, 32, 7559 }, // U+0201
    { 8, 16, 128, 0, 14, 32, 7591 }, // U+0202
    { 8, 16, 128, 0, 14, 32, 7623 }, // U+0203
    { 8, 16, 128, 0, 14, 32, 7655 }, // U+0204
    { 8, 16, 128, 0, 14, 32, 7687 }, // U+0205
    { 8, 16, 128, 0, 14, 32, 7719 }, // U+0206
    { 8, 16, 128, 0, 14, 32, 7751 }, // U+0207
    { 8, 16, 128, 0, 14, 32, 7783 }, // U+0208
    { 8, 16, 128, 0, 14, 32, 7815 }, // U+0209
    { 8, 16, 128, 0, 14, 32, 7847 }, // U+020A
    { 8, 16, 128, 0, 14, 32, 7879 }, // U+020B
    { 8, 16, 128, 0, 14, 32, 7911 }, // U+020C
    { 8, 16, 128, 0, 14, 32, 7943 }, // U+020D
    { 8, 16, 128, 0, 14, 32, 7975 }, // U+020E
    { 8, 16, 128, 0, 14, 32, 8007 }, // U+020F
    { 8, 16, 128, 0, 14, 32, 8039 }, // U+0210
    { 8, 16, 128, 0, 14, 32, 8071 }, // U+0211
    { 8, 16, 128, 0, 14, 32, 8103 }, // U+0212
    { 8, 16, 128, 0, 14, 32, 8135 }, // U+0213
    { 8, 16, 128, 0, 14, 32, 8167 }, // U+0214
    { 8, 16, 128, 0, 14, 32, 8199 }, // U+0215
    { 8, 16, 128, 0, 14, 32, 8231 }, // U+0216
    { 8, 16, 128, 0, 14, 32, 8263 }, // U+0217
    { 21, 34, 352, 3, 25, 179, 8295 }, // U+0218
    { 15, 27, 272, 2, 18, 102, 8474 }, // U+0219
    { 19, 34, 320, 6, 25, 162, 8576 }, // U+021A
    { 8, 31, 144, 4, 22, 62, 8738 }, // U+021B
    { 8, 16, 128, 0, 14, 32, 8800 }, // U+021C
    { 8, 16, 128, 0, 14, 32, 8832 }, // U+021D
    { 23, 31, 384, 3, 31, 179, 8864 }, // U+021E
    { 17, 31, 288, 2, 31, 132, 9043 }, // U+021F
    { 8, 16, 128, 0, 14, 32, 0 }, // U+0300
    { 8, 16, 128, 0, 14, 32, 32 }, // U+0301
    { 8, 16, 128, 0, 14, 32, 64 }, // U+0302
    { 8, 16, 128, 0, 14, 32, 96 }, // U+0303
    { 8, 16, 128, 0, 14, 32, 128 }, // U+0304
    { 8, 16, 128, 0, 14, 32, 160 }, // U+0305
    { 8, 16, 128, 0, 14, 32, 192 }, // U+0306
    { 8, 16, 128, 0, 14, 32, 224 }, // U+0307
    { 8, 16, 128, 0, 14, 32, 256 }, // U+0308
    { 8, 16, 128, 0, 14, 32, 288 }, // U+0309
    { 8, 16, 128, 0, 14, 32, 320 }, // U+030A
    { 8, 16, 128, 0, 14, 32, 352 }, // U+030B
    { 8, 16, 128, 0, 14, 32, 384 }, // U+030C
    { 8, 16, 128, 0, 14, 32, 416 }, // U+030D
    { 8, 16, 128, 0, 14, 32, 448 }, // U+030E
    { 8, 16, 128, 0, 14, 32, 480 }, // U+030F
    { 8, 16, 128, 0, 14, 32, 512 }, // U+0310
    { 8, 16, 128, 0, 14, 32, 544 }, // U+0311
    { 8, 16, 128, 0, 14, 32, 576 }, // U+0312
    { 8, 16, 128, 0, 14, 32, 608 }, // U+0313
    { 8, 16, 128, 0, 14, 32, 640 }, // U+0314
    { 8, 16, 128, 0, 14, 32, 672 }, // U+0315
    { 8, 16, 128, 0, 14, 32, 704 }, // U+0316
    { 8, 16, 128, 0, 14, 32, 736 }, // U+0317
    { 8, 16, 128, 0, 14, 32, 768 }, // U+0318
    { 8, 16, 128, 0, 14, 32, 800 }, // U+0319
    { 8, 16, 128, 0, 14, 32, 832 }, // U+031A
    { 8, 16, 128, 0, 14, 32, 864 }, // U+031B
    { 8, 16, 128, 0, 14, 32, 896 }, // U+031C
    { 8, 16, 128, 0, 14, 32, 928 }, // U+031D
    { 8, 16, 128, 0, 14, 32, 960 }, // U+031E
    { 8, 16, 128, 0, 14, 32, 992 }, // U+031F
    { 8, 16, 128, 0, 14, 32, 1024 }, // U+0320
    { 8, 16, 128, 0, 14, 32, 1056 }, // U+0321
    { 8, 16, 128, 0, 14, 32, 1088 }, // U+0322
    { 8, 16, 128, 0, 14, 32, 1120 }, // U+0323
    { 8, 16, 128, 0, 14, 32, 1152 }, // U+0324
    { 8, 16, 128, 0, 14, 32, 1184 }, // U+0325
    { 8, 16, 128, 0, 14, 32, 1216 }, // U+0326
    { 8, 16, 128, 0, 14, 32, 1248 }, // U+0327
    { 8, 16, 128, 0, 14, 32, 1280 }, // U+0328
    { 8, 16, 128, 0, 14, 32, 1312 }, // U+0329
    { 8, 16, 128, 0, 14, 32, 1344 }, // U+032A
    { 8, 16, 128, 0, 14, 32, 1376 }, // U+032B
    { 8, 16, 128, 0, 14, 32, 1408 }, // U+032C
    { 8, 16, 128, 0, 14, 32, 1440 }, // U+032D
    { 8, 16, 128, 0, 14, 32, 1472 }, // U+032E
    { 8, 16, 128, 0, 14, 32, 1504 }, // U+032F
    { 8, 16, 128, 0, 14, 32, 1536 }, // U+0330
    { 8, 16, 128, 0, 14, 32, 1568 }, // U+0331
    { 8, 16, 128, 0, 14, 32, 1600 }, // U+0332
    { 8, 16, 128, 0, 14, 32, 1632 }, // U+0333
    { 8, 16, 128, 0, 14, 32, 1664 }, // U+0334
    { 8, 16, 128, 0, 14, 32, 1696 }, // U+0335
    { 8, 16, 128, 0, 14, 32, 1728 }, // U+0336
    { 8, 16, 128, 0, 14, 32, 1760 }, // U+0337
    { 8, 16, 128, 0, 14, 32, 1792 }, // U+0338
    { 8, 16, 128, 0, 14, 32, 1824 }, // U+0339
    { 8, 16, 128, 0, 14, 32, 1856 }, // U+033A
    { 8, 16, 128, 0, 14, 32, 1888 }, // U+033B
    { 8, 16, 128, 0, 14, 32, 1920 }, // U+033C
    { 8, 16, 128, 0, 14, 32, 1952 }, // U+033D
    { 8, 16, 128, 0, 14, 32, 1984 }, // U+033E
    { 8, 16, 128, 0, 14, 32, 2016 }, // U+033F
    { 8, 16, 128, 0, 14, 32, 2048 }, // U+0340
    { 8, 16, 128, 0, 14, 32, 2080 }, // U+0341
    { 8, 16, 128, 0, 14, 32, 2112 }, // U+0342
    { 8, 16, 128, 0, 14, 32, 2144 }, // U+0343
    { 8, 16, 128, 0, 14, 32, 2176 }, // U+0344
    { 8, 16, 128, 0, 14, 32, 2208 }, // U+0345
    { 8, 16, 128, 0, 14, 32, 2240 }, // U+0346
    { 8, 16, 128, 0, 14, 32, 2272 }, // U+0347
    { 8, 16, 128, 0, 14, 32, 2304 }, // U+0348
    { 8, 16, 128, 0, 14, 32, 2336 }, // U+0349
    { 8, 16, 128, 0, 14, 32, 2368 }, // U+034A
    { 8, 16, 128, 0, 14, 32, 2400 }, // U+034B
    { 8, 16, 128, 0, 14, 32, 2432 }, // U+034C
    { 8, 16, 128, 0, 14, 32, 2464 }, // U+034D
    { 8, 16, 128, 0, 14, 32, 2496 }, // U+034E
    { 16, 16, 256, 0, 14, 64, 2528 }, // U+034F
    { 8, 16, 128, 0, 14, 32, 2592 }, // U+0350
    { 8, 16, 128, 0, 14, 32, 2624 }, // U+0351
    { 8, 16, 128, 0, 14, 32, 2656 }, // U+0352
    { 8, 16, 128, 0, 14, 32, 2688 }, // U+0353
    { 8, 16, 128, 0, 14, 32, 2720 }, // U+0354
    { 8, 16, 128, 0, 14, 32, 2752 }, // U+0355
    { 8, 16, 128, 0, 14, 32, 2784 }, // U+0356
    { 8, 16, 128, 0, 14, 32, 2816 }, // U+0357
    { 8, 16, 128, 0, 14, 32, 2848 }, // U+0358
    { 8, 16, 128, 0, 14, 32, 2880 }, // U+0359
    { 8, 16, 128, 0, 14, 32, 2912 }, // U+035A
    { 8, 16, 128, 0, 14, 32, 2944 }, // U+035B
    { 16, 16, 256, 0, 14, 64, 2976 }, // U+035C
    { 16, 16, 256, 0, 14, 64, 3040 }, // U+035D
    { 16, 16, 256, 0, 14, 64, 3104 }, // U+035E
    { 16, 16, 256, 0, 14, 64, 3168 }, // U+035F
    { 16, 16, 256, 0, 14, 64, 3232 }, // U+0360
    { 16, 16, 256, 0, 14, 64, 3296 }, // U+0361
    { 16, 16, 256, 0, 14, 64, 3360 }, // U+0362
    { 8, 16, 128, 0, 14, 32, 3424 }, // U+0363
    { 8, 16, 128, 0, 14, 32, 3456 }, // U+0364
    { 8, 16, 128, 0, 14, 32, 3488 }, // U+0365
    { 8, 16, 128, 0, 14, 32, 3520 }, // U+0366
    { 8, 16, 128, 0, 14, 32, 3552 }, // U+0367
    { 8, 16, 128, 0, 14, 32, 3584 }, // U+0368
    { 8, 16, 128, 0, 14, 32, 3616 }, // U+0369
    { 8, 16, 128, 0, 14, 32, 3648 }, // U+036A
    { 8, 16, 128, 0, 14, 32, 3680 }, // U+036B
    { 8, 16, 128, 0, 14, 32, 3712 }, // U+036C
    { 8, 16, 128, 0, 14, 32, 3744 }, // U+036D
    { 8, 16, 128, 0, 14, 32, 3776 }, // U+036E
    { 8, 16, 128, 0, 14, 32, 3808 }, // U+036F
    { 8, 16, 128, 0, 14, 32, 0 }, // U+0400
    { 8, 16, 128, 0, 14, 32, 32 }, // U+0401
    { 8, 16, 128, 0, 14, 32, 64 }, // U+0402
    { 8, 16, 128, 0, 14, 32, 96 }, // U+0403
    { 8, 16, 128, 0, 14, 32, 128 }, // U+0404
    { 8, 16, 128, 0, 14, 32, 160 }, // U+0405
    { 8, 16, 128, 0, 14, 32, 192 }, // U+0406
    { 8, 16, 128, 0, 14, 32, 224 }, // U+0407
    { 8, 16, 128, 0, 14, 32, 256 }, // U+0408
    { 8, 16, 128, 0, 14, 32, 288 }, // U+0409
    { 8, 16, 128, 0, 14, 32, 320 }, // U+040A
    { 8, 16, 128, 0, 14, 32, 352 }, // U+040B
    { 8, 16, 128, 0, 14, 32, 384 }, // U+040C
    { 8, 16, 128, 0, 14, 32, 416 }, // U+040D
    { 8, 16, 128, 0, 14, 32, 448 }, // U+040E
    { 8, 16, 128, 0, 14, 32, 480 }, // U+040F
    { 8, 16, 128, 0, 14, 32, 512 }, // U+0410
    { 8, 16, 128, 0, 14, 32, 544 }, // U+0411
    { 8, 16, 128, 0, 14, 32, 576 }, // U+0412
    { 8, 16, 128, 0, 14, 32, 608 }, // U+0413
    { 8, 16, 128, 0, 14, 32, 640 }, // U+0414
    { 8, 16, 128, 0, 14, 32, 672 }, // U+0415
    { 8, 16, 128, 0, 14, 32, 704 }, // U+0416
    { 8, 16, 128, 0, 14, 32, 736 }, // U+0417
    { 8, 16, 128, 0, 14, 32, 768 }, // U+0418
    { 8, 16, 128, 0, 14, 32, 800 }, // U+0419
    { 8, 16, 128, 0, 14, 32, 832 }, // U+041A
    { 8, 16, 128, 0, 14, 32, 864 }, // U+041B
    { 8, 16, 128, 0, 14, 32, 896 }, // U+041C
    { 8, 16, 128, 0, 14, 32, 928 }, // U+041D
    { 8, 16, 128, 0, 14, 32, 960 }, // U+041E
    { 8, 16, 128, 0, 14, 32, 992 }, // U+041F
    { 8, 16, 128, 0, 14, 32, 1024 }, // U+0420
    { 8, 16, 128, 0, 14, 32, 1056 }, // U+0421
    { 8, 16, 128, 0, 14, 32, 1088 }, // U+0422
    { 8, 16, 128, 0, 14, 32, 1120 }, // U+0423
    { 8, 16, 128, 0, 14, 32, 1152 }, // U+0424
    { 8, 16, 128, 0, 14, 32, 1184 }, // U+0425
    { 8, 16, 128, 0, 14, 32, 1216 }, // U+0426
    { 8, 16, 128, 0, 14, 32, 1248 }, // U+0427
    { 8, 16, 128, 0, 14, 32, 1280 }, // U+0428
    { 8, 16, 128, 0, 14, 32, 1312 }, // U+0429
    { 8, 16, 128, 0, 14, 32, 1344 }, // U+042A
    { 8, 16, 128, 0, 14, 32, 1376 }, // U+042B
    { 8, 16, 128, 0, 14, 32, 1408 }, // U+042C
    { 8, 16, 128, 0, 14, 32, 1440 }, // U+042D
    { 8, 16, 128, 0, 14, 32, 1472 }, // U+042E
    { 8, 16, 128, 0, 14, 32, 1504 }, // U+042F
    { 8, 16, 128, 0, 14, 32, 1536 }, // U+0430
    { 8, 16, 128, 0, 14, 32, 1568 }, // U+0431
    { 8, 16, 128, 0, 14, 32, 1600 }, // U+0432
    { 8, 16, 128, 0, 14, 32, 1632 }, // U+0433
    { 8, 16, 128, 0, 14, 32, 1664 }, // U+0434
    { 8, 16, 128, 0, 14, 32, 1696 }, // U+0435
    { 8, 16, 128, 0, 14, 32, 1728 }, // U+0436
    { 8, 16, 128, 0, 14, 32, 1760 }, // U+0437
    { 8, 16, 128, 0, 14, 32, 1792 }, // U+0438
    { 8, 16, 128, 0, 14, 32, 1824 }, // U+0439
    { 8, 16, 128, 0, 14, 32, 1856 }, // U+043A
    { 8, 16, 128, 0, 14, 32, 1888 }, // U+043B
    { 8, 16, 128, 0, 14, 32, 1920 }, // U+043C
    { 8, 16, 128, 0, 14, 32, 1952 }, // U+043D
    { 8, 16, 128, 0, 14, 32, 1984 }, // U+043E
    { 8, 16, 128, 0, 14, 32, 2016 }, // U+043F
    { 8, 16, 128, 0, 14, 32, 2048 }, // U+0440
    { 8, 16, 128, 0, 14, 32, 2080 }, // U+0441
    { 8, 16, 128, 0, 14, 32, 2112 }, // U+0442
    { 8, 16, 128, 0, 14, 32, 2144 }, // U+0443
    { 8, 16, 128, 0, 14, 32, 2176 }, // U+0444
    { 8, 16, 128, 0, 14, 32, 2208 }, // U+0445
    { 8, 16, 128, 0, 14, 32, 2240 }, // U+0446
    { 8, 16, 128, 0, 14, 32, 2272 }, // U+0447
    { 8, 16, 128, 0, 14, 32, 2304 }, // U+0448
    { 8, 16, 128, 0, 14, 32, 2336 }, // U+0449
    { 8, 16, 128, 0, 14, 32, 2368 }, // U+044A
    { 8, 16, 128, 0, 14, 32, 2400 }, // U+044B
    { 8, 16, 128, 0, 14, 32, 2432 }, // U+044C
    { 8, 16, 128, 0, 14, 32, 2464 }, // U+044D
    { 8, 16, 128, 0, 14, 32, 2496 }, // U+044E
    { 8, 16, 128, 0, 14, 32, 2528 }, // U+044F
    { 8, 16, 128, 0, 14, 32, 2560 }, // U+0450
    { 8, 16, 128, 0, 14, 32, 2592 }, // U+0451
    { 8, 16, 128, 0, 14, 32, 2624 }, // U+0452
    { 8, 16, 128, 0, 14, 32, 2656 }, // U+0453
    { 8, 16, 128, 0, 14, 32, 2688 }, // U+0454
    { 8, 16, 128, 0, 14, 32, 2720 }, // U+0455
    { 8, 16, 128, 0, 14, 32, 2752 }, // U+0456
    { 8, 16, 128, 0, 14, 32, 2784 }, // U+0457
    { 8, 16, 128, 0, 14, 32, 2816 }, // U+0458
    { 8, 16, 128, 0, 14, 32, 2848 }, // U+0459
    { 8, 16, 128, 0, 14, 32, 2880 }, // U+045A
    { 8, 16, 128, 0, 14, 32, 2912 }, // U+045B
    { 8, 16, 128, 0, 14, 32, 2944 }, // U+045C
    { 8, 16, 128, 0, 14, 32, 2976 }, // U+045D
    { 8, 16, 128, 0, 14, 32, 3008 }, // U+045E
    { 8, 16, 128, 0, 14, 32, 3040 }, // U+045F
    { 8, 16, 128, 0, 14, 32, 3072 }, // U+0460
    { 8, 16, 128, 0, 14, 32, 3104 }, // U+0461
    { 8, 16, 128, 0, 14, 32, 3136 }, // U+0462
    { 8, 16, 128, 0, 14, 32, 3168 }, // U+0463
    { 8, 16, 128, 0, 14, 32, 3200 }, // U+0464
    { 8, 16, 128, 0, 14, 32, 3232 }, // U+0465
    { 8, 16, 128, 0, 14, 32, 3264 }, // U+0466
    { 8, 16, 128, 0, 14, 32, 3296 }, // U+0467
    { 8, 16, 128, 0, 14, 32, 3328 }, // U+0468
    { 8, 16, 128, 0, 14, 32, 3360 }, // U+0469
    { 8, 16, 128, 0, 14, 32, 3392 }, // U+046A
    { 8, 16, 128, 0, 14, 32, 3424 }, // U+046B
    { 8, 16, 128, 0, 14, 32, 3456 }, // U+046C
    { 8, 16, 128, 0, 14, 32, 3488 }, // U+046D
    { 8, 16, 128, 0, 14, 32, 3520 }, // U+046E
    { 8, 16, 128, 0, 14, 32, 3552 }, // U+046F
    { 8, 16, 128, 0, 14, 32, 3584 }, // U+0470
    { 8, 16, 128, 0, 14, 32, 3616 }, // U+0471
    { 8, 16, 128, 0, 14, 32, 3648 }, // U+0472
    { 8, 16, 128, 0, 14, 32, 3680 }, // U+0473
    { 8, 16, 128, 0, 14, 32, 3712 }, // U+0474
    { 8, 16, 128, 0, 14, 32, 3744 }, // U+0475
    { 8, 16, 128, 0, 14, 32, 3776 }, // U+0476
    { 8, 16, 128, 0, 14, 32, 3808 }, // U+0477
    { 8, 16, 128, 0, 14, 32, 3840 }, // U+0478
    { 8, 16, 128, 0, 14, 32, 3872 }, // U+0479
    { 8, 16, 128, 0, 14, 32, 3904 }, // U+047A
    { 8, 16, 128, 0, 14, 32, 3936 }, // U+047B
    { 8, 16, 128, 0, 14, 32, 3968 }, // U+047C
    { 8, 16, 128, 0, 14, 32, 4000 }, // U+047D
    { 8, 16, 128, 0, 14, 32, 4032 }, // U+047E
    { 8, 16, 128, 0, 14, 32, 4064 }, // U+047F
    { 8, 16, 128, 0, 14, 32, 4096 }, // U+0480
    { 8, 16, 128, 0, 14, 32, 4128 }, // U+0481
    { 8, 16, 128, 0, 14, 32, 4160 }, // U+0482
    { 8, 16, 128, 0, 14, 32, 4192 }, // U+0483
    { 8, 16, 128, 0, 14, 32, 4224 }, // U+0484
    { 8, 16, 128, 0, 14, 32, 4256 }, // U+0485
    { 8, 16, 128, 0, 14, 32, 4288 }, // U+0486
    { 8, 16, 128, 0, 14, 32, 4320 }, // U+0487
    { 16, 16, 256, 0, 14, 64, 4352 }, // U+0488
    { 16, 16, 256, 0, 14, 64, 4416 }, // U+0489
    { 8, 16, 128, 0, 14, 32, 4480 }, // U+048A
    { 8, 16, 128, 0, 14, 32, 4512 }, // U+048B
    { 8, 16, 128, 0, 14, 32, 4544 }, // U+048C
    { 8, 16, 128, 0, 14, 32, 4576 }, // U+048D
    { 8, 16, 128, 0, 14, 32, 4608 }, // U+048E
    { 8, 16, 128, 0, 14, 32, 4640 }, // U+048F
    { 8, 16, 128, 0, 14, 32, 4672 }, // U+0490
    { 8, 16, 128, 0, 14, 32, 4704 }, // U+0491
    { 8, 16, 128, 0, 14, 32, 4736 }, // U+0492
    { 8, 16, 128, 0, 14, 32, 4768 }, // U+0493
    { 8, 16, 128, 0, 14, 32, 4800 }, // U+0494
    { 8, 16, 128, 0, 14, 32, 4832 }, // U+0495
    { 8, 16, 128, 0, 14, 32, 4864 }, // U+0496
    { 8, 16, 128, 0, 14, 32, 4896 }, // U+0497
    { 8, 16, 128, 0, 14, 32, 4928 }, // U+0498
    { 8, 16, 128, 0, 14, 32, 4960 }, // U+0499
    { 8, 16, 128, 0, 14, 32, 4992 }, // U+049A
    { 8, 16, 128, 0, 14, 32, 5024 }, // U+049B
    { 8, 16, 128, 0, 14, 32, 5056 }, // U+049C
    { 8, 16, 128, 0, 14, 32, 5088 }, // U+049D
    { 8, 16, 128, 0, 14, 32, 5120 }, // U+049E
    { 8, 16, 128, 0, 14, 32, 5152 }, // U+049F
    { 8, 16, 128, 0, 14, 32, 5184 }, // U+04A0
    { 8, 16, 128, 0, 14, 32, 5216 }, // U+04A1
    { 8, 16, 128, 0, 14, 32, 5248 }, // U+04A2
    { 8, 16, 128, 0, 14, 32, 5280 }, // U+04A3
    { 8, 16, 128, 0, 14, 32, 5312 }, // U+04A4
    { 8, 16, 128, 0, 14, 32, 5344 }, // U+04A5
    { 8, 16, 128, 0, 14, 32, 5376 }, // U+04A6
    { 8, 16, 128, 0, 14, 32, 5408 }, // U+04A7
    { 8, 16, 128, 0, 14, 32, 5440 }, // U+04A8
    { 8, 16, 128, 0, 14, 32, 5472 }, // U+04A9
    { 8, 16, 128, 0, 14, 32, 5504 }, // U+04AA
    { 8, 16, 128, 0, 14, 32, 5536 }, // U+04AB
    { 8, 16, 128, 0, 14, 32, 5568 }, // U+04AC
    { 8, 16, 128, 0, 14, 32, 5600 }, // U+04AD
    { 8, 16, 128, 0, 14, 32, 5632 }, // U+04AE
    { 8, 16, 128, 0, 14, 32, 5664 }, // U+04AF
    { 8, 16, 128, 0, 14, 32, 5696 }, // U+04B0
    { 8, 16, 128, 0, 14, 32, 5728 }, // U+04B1
    { 8, 16, 128, 0, 14, 32, 5760 }, // U+04B2
    { 8, 16, 128, 0, 14, 32, 5792 }, // U+04B3
    { 8, 16, 128, 0, 14, 32, 5824 }, // U+04B4
    { 8, 16, 128, 0, 14, 32, 5856 }, // U+04B5
    { 8, 16, 128, 0, 14, 32, 5888 }, // U+04B6
    { 8, 16, 128, 0, 14, 32, 5920 }, // U+04B7
    { 8, 16, 128, 0, 14, 32, 5952 }, // U+04B8
    { 8, 16, 128, 0, 14, 32, 5984 }, // U+04B9
    { 8, 16, 128, 0, 14, 32, 6016 }, // U+04BA
    { 8, 16, 128, 0, 14, 32, 6048 }, // U+04BB
    { 8, 16, 128, 0, 14, 32, 6080 }, // U+04BC
    { 8, 16, 128, 0, 14, 32, 6112 }, // U+04BD
    { 8, 16, 128, 0, 14, 32, 6144 }, // U+04BE
    { 8, 16, 128, 0, 14, 32, 6176 }, // U+04BF
    { 8, 16, 128, 0, 14, 32, 6208 }, // U+04C0
    { 8, 16, 128, 0, 14, 32, 6240 }, // U+04C1
    { 8, 16, 128, 0, 14, 32, 6272 }, // U+04C2
    { 8, 16, 128, 0, 14, 32, 6304 }, // U+04C3
    { 8, 16, 128, 0, 14, 32, 6336 }, // U+04C4
    { 8, 16, 128, 0, 14, 32, 6368 }, // U+04C5
    { 8, 16, 128, 0, 14, 32, 6400 }, // U+04C6
    { 8, 16, 128, 0, 14, 32, 6432 }, // U+04C7
    { 8, 16, 128, 0, 14, 32, 6464 }, // U+04C8
    { 8, 16, 128, 0, 14, 32, 6496 }, // U+04C9
    { 8, 16, 128, 0, 14, 32, 6528 }, // U+04CA
    { 8, 16, 128, 0, 14, 32, 6560 }, // U+04CB
    { 8, 16, 128, 0, 14, 32, 6592 }, // U+04CC
    { 8, 16, 128, 0, 14, 32, 6624 }, // U+04CD
    { 8, 16, 128, 0, 14, 32, 6656 }, // U+04CE
    { 8, 16, 128, 0, 14, 32, 6688 }, // U+04CF
    { 8, 16, 128, 0, 14, 32, 6720 }, // U+04D0
    { 8, 16, 128, 0, 14, 32, 6752 }, // U+04D1
    { 8, 16, 128, 0, 14, 32, 6784 }, // U+04D2
    { 8, 16, 128, 0, 14, 32, 6816 }, // U+04D3
    { 8, 16, 128, 0, 14, 32, 6848 }, // U+04D4
    { 8, 16, 128, 0, 14, 32, 6880 }, // U+04D5
    { 8, 16, 128, 0, 14, 32, 6912 }, // U+04D6
    { 8, 16, 128, 0, 14, 32, 6944 }, // U+04D7
    { 8, 16, 128, 0, 14, 32, 6976 }, // U+04D8
    { 8, 16, 128, 0, 14, 32, 7008 }, // U+04D9
    { 8, 16, 128, 0, 14, 32, 7040 }, // U+04DA
    { 8, 16, 128, 0, 14, 32, 7072 }, // U+04DB
    { 8, 16, 128, 0, 14, 32, 7104 }, // U+04DC
    { 8, 16, 128, 0, 14, 32, 7136 }, // U+04DD
    { 8, 16, 128, 0, 14, 32, 7168 }, // U+04DE
    { 8, 16, 128, 0, 14, 32, 7200 }, // U+04DF
    { 8, 16, 128, 0, 14, 32, 7232 }, // U+04E0
    { 8, 16, 128, 0, 14, 32, 7264 }, // U+04E1
    { 8, 16, 128, 0, 14, 32, 7296 }, // U+04E2
    { 8, 16, 128, 0, 14, 32, 7328 }, // U+04E3
    { 8, 16, 128, 0, 14, 32, 7360 }, // U+04E4
    { 8, 16, 128, 0, 14, 32, 7392 }, // U+04E5
    { 8, 16, 128, 0, 14, 32, 7424 }, // U+04E6
    { 8, 16, 128, 0, 14, 32, 7456 }, // U+04E7
    { 8, 16, 128, 0, 14, 32, 7488 }, // U+04E8
    { 8, 16, 128, 0, 14, 32, 7520 }, // U+04E9
    { 8, 16, 128, 0, 14, 32, 7552 }, // U+04EA
    { 8, 16, 128, 0, 14, 32, 7584 }, // U+04EB
    { 8, 16, 128, 0, 14, 32, 7616 }, // U+04EC
    { 8, 16, 128, 0, 14, 32, 7648 }, // U+04ED
    { 8, 16, 128, 0, 14, 32, 7680 }, // U+04EE
    { 8, 16, 128, 0, 14, 32, 7712 }, // U+04EF
    { 8, 16, 128, 0, 14, 32, 7744 }, // U+04F0
    { 8, 16, 128, 0, 14, 32, 7776 }, // U+04F1
    { 8, 16, 128, 0, 14, 32, 7808 }, // U+04F2
    { 8, 16, 128, 0, 14, 32, 7840 }, // U+04F3
    { 8, 16, 128, 0, 14, 32, 7872 }, // U+04F4
    { 8, 16, 128, 0, 14, 32, 7904 }, // U+04F5
    { 8, 16, 128, 0, 14, 32, 7936 }, // U+04F6
    { 8, 16, 128, 0, 14, 32, 7968 }, // U+04F7
    { 8, 16, 128, 0, 14, 32, 8000 }, // U+04F8
    { 8, 16, 128, 0, 14, 32, 8032 }, // U+04F9
    { 8, 16, 128, 0, 14, 32, 8064 }, // U+04FA
    { 8, 16, 128, 0, 14, 32, 8096 }, // U+04FB
    { 8, 16, 128, 0, 14, 32, 8128 }, // U+04FC
    { 8, 16, 128, 0, 14, 32, 8160 }, // U+04FD
    { 8, 16, 128, 0, 14, 32, 8192 }, // U+04FE
    { 8, 16, 128, 0, 14, 32, 8224 }, // U+04FF
    { 22, 29, 384, 3, 25, 160, 0 }, // U+1E0C
    { 19, 29, 288, 3, 25, 138, 160 }, // U+1E0D
    { 23, 29, 384, 3, 25, 167, 298 }, // U+1E24
    { 17, 29, 288, 2, 25, 124, 465 }, // U+1E25
    { 15, 29, 288, 3, 25, 109, 589 }, // U+1E36
    { 8, 29, 112, 2, 25, 58, 698 }, // U+1E37
    { 15, 32, 288, 3, 28, 120, 756 }, // U+1E38
    { 10, 32, 112, 2, 28, 80, 876 }, // U+1E39
    { 15, 28, 288, 3, 25, 105, 956 }, // U+1E3A
    { 10, 28, 112, 0, 25, 70, 1061 }, // U+1E3B
    { 29, 29, 432, 2, 29, 211, 1131 }, // U+1E40
    { 26, 22, 448, 2, 22, 143, 1342 }, // U+1E41
    { 29, 29, 432, 2, 25, 211, 1485 }, // U+1E42
    { 26, 22, 448, 2, 18, 143, 1696 }, // U+1E43
    { 23, 29, 384, 3, 29, 167, 1839 }, // U+1E44
    { 17, 22, 288, 2, 22, 94, 2006 }, // U+1E45
    { 23, 29, 384, 3, 25, 167, 2100 }, // U+1E46
    { 17, 22, 288, 2, 18, 94, 2267 }, // U+1E47
    { 23, 28, 384, 3, 25, 161, 2361 }, // U+1E48
    { 17, 21, 288, 2, 18, 90, 2522 }, // U+1E49
    { 23, 29, 384, 3, 25, 167, 2612 }, // U+1E5A
    { 12, 22, 176, 2, 18, 66, 2779 }, // U+1E5B
    { 23, 32, 384, 3, 28, 184, 2845 }, // U+1E5C
    { 12, 25, 176, 2, 21, 75, 3029 }, // U+1E5D
    { 23, 28, 384, 3, 25, 161, 3104 }, // U+1E5E
    { 14, 21, 176, 0, 18, 74, 3265 }, // U+1E5F
    { 21, 29, 352, 3, 25, 153, 3339 }, // U+1E62
    { 15, 22, 272, 2, 18, 83, 3492 }, // U+1E63
    { 19, 29, 320, 6, 25, 138, 3575 }, // U+1E6C
    { 8, 26, 144, 4, 22, 52, 3713 }, // U+1E6D
    { 20, 29, 352, 1, 25, 145, 0 }, // U+1EA0
    { 17, 22, 288, 2, 18, 94, 145 }, // U+1EA1
    { 8, 16, 128, 0, 14, 32, 239 }, // U+1EA2
    { 8, 16, 128, 0, 14, 32, 271 }, // U+1EA3
    { 20, 37, 352, 1, 37, 185, 303 }, // U+1EA4
    { 17, 31, 288, 2, 31, 132, 488 }, // U+1EA5
    { 20, 37, 352, 1, 37, 185, 620 }, // U+1EA6
    { 17, 31, 288, 2, 31, 132, 805 }, // U+1EA7
    { 8, 16, 128, 0, 14, 32, 937 }, // U+1EA8
    { 8, 16, 128, 0, 14, 32, 969 }, // U+1EA9
    { 20, 36, 352, 1, 36, 180, 1001 }, // U+1EAA
    { 17, 30, 288, 2, 30, 128, 1181 }, // U+1EAB
    { 20, 35, 352, 1, 31, 175, 1309 }, // U+1EAC
    { 17, 28, 288, 2, 24, 119, 1484 }, // U+1EAD
    { 20, 36, 352, 1, 36, 180, 1603 }, // U+1EAE
    { 17, 29, 288, 2, 29, 124, 1783 }, // U+1EAF
    { 20, 36, 352, 1, 36, 180, 1907 }, // U+1EB0
    { 17, 29, 288, 2, 29, 124, 2087 }, // U+1EB1
    { 8, 16, 128, 0, 14, 32, 2211 }, // U+1EB2
    { 8, 16, 128, 0, 14, 32, 2243 }, // U+1EB3
    { 20, 35, 352, 1, 35, 175, 2275 }, // U+1EB4
    { 17, 28, 288, 2, 28, 119, 2450 }, // U+1EB5
    { 20, 34, 352, 1, 30, 170, 2569 }, // U+1EB6
    { 17, 27, 288, 2, 23, 115, 2739 }, // U+1EB7
    { 22, 29, 352, 3, 25, 160, 2854 }, // U+1EB8
    { 16, 22, 288, 3, 18, 88, 3014 }, // U+1EB9
    { 8, 16, 128, 0, 14, 32, 3102 }, // U+1EBA
    { 8, 16, 128, 0, 14, 32, 3134 }, // U+1EBB
    { 22, 30, 352, 3, 30, 165, 3166 }, // U+1EBC
    { 16, 23, 288, 3, 23, 92, 3331 }, // U+1EBD
    { 22, 37, 352, 3, 37, 204, 3423 }, // U+1EBE
    { 16, 30, 288, 3, 30, 120, 3627 }, // U+1EBF
    { 22, 37, 352, 3, 37, 204, 3747 }, // U+1EC0
    { 16, 30, 288, 3, 30, 120, 3951 }, // U+1EC1
    { 8, 16, 128, 0, 14, 32, 4071 }, // U+1EC2
    { 8, 16, 128, 0, 14, 32, 4103 }, // U+1EC3
    { 22, 36, 352, 3, 36, 198, 4135 }, // U+1EC4
    { 16, 29, 288, 3, 29, 116, 4333 }, // U+1EC5
    { 22, 35, 352, 3, 31, 193, 4449 }, // U+1EC6
    { 16, 28, 288, 3, 24, 112, 4642 }, // U+1EC7
    { 8, 16, 128, 0, 14, 32, 4754 }, // U+1EC8
    { 8, 16, 128, 0, 14, 32, 4786 }, // U+1EC9
    { 8, 29, 144, 3, 25, 58, 4818 }, // U+1ECA
    { 8, 29, 112, 2, 25, 58, 4876 }, // U+1ECB
    { 25, 29, 400, 3, 25, 182, 4934 }, // U+1ECC
    { 16, 22, 304, 3, 18, 88, 5116 }, // U+1ECD
    { 8, 16, 128, 0, 14, 32, 5204 }, // U+1ECE
    { 8, 16, 128, 0, 14, 32, 5236 }, // U+1ECF
    { 25, 37, 400, 3, 37, 232, 5268 }, // U+1ED0
    { 16, 30, 304, 3, 30, 120, 5500 }, // U+1ED1
    { 25, 37, 400, 3, 37, 232, 5620 }, // U+1ED2
    { 16, 30, 304, 3, 30, 120, 5852 }, // U+1ED3
    { 8, 16, 128, 0, 14, 32, 5972 }, // U+1ED4
    { 8, 16, 128, 0, 14, 32, 6004 }, // U+1ED5
    { 25, 36, 400, 3, 36, 225, 6036 }, // U+1ED6
    { 16, 29, 304, 3, 29, 116, 6261 }, // U+1ED7
    { 25, 35, 400, 3, 31, 219, 6377 }, // U+1ED8
    { 16, 28, 304, 3, 24, 112, 6596 }, // U+1ED9
    { 26, 31, 400, 3, 31, 202, 6708 }, // U+1EDA
    { 19, 24, 304, 3, 24, 114, 6910 }, // U+1EDB
    { 26, 31, 400, 3, 31, 202, 7024 }, // U+1EDC
    { 19, 24, 304, 3, 24, 114, 7226 }, // U+1EDD
    { 8, 16, 128, 0, 14, 32, 7340 }, // U+1EDE
    { 8, 16, 128, 0, 14, 32, 7372 }, // U+1EDF
    { 26, 30, 400, 3, 30, 195, 7404 }, // U+1EE0
    { 19, 23, 304, 3, 23, 110, 7599 }, // U+1EE1
    { 26, 29, 400, 3, 25, 189, 7709 }, // U+1EE2
    { 19, 22, 304, 3, 18, 105, 7898 }, // U+1EE3
    { 22, 29, 384, 4, 25, 160, 8003 }, // U+1EE4
    { 17, 22, 304, 3, 18, 94, 8163 }, // U+1EE5
    { 8, 16, 128, 0, 14, 32, 8257 }, // U+1EE6
    { 8, 16, 128, 0, 14, 32, 8289 }, // U+1EE7
    { 24, 31, 384, 4, 31, 186, 8321 }, // U+1EE8
    { 19, 24, 304, 3, 24, 114, 8507 }, // U+1EE9
    { 24, 31, 384, 4, 31, 186, 8621 }, // U+1EEA
    { 19, 24, 304, 3, 24, 114, 8807 }, // U+1EEB
    { 8, 16, 128, 0, 14, 32, 8921 }, // U+1EEC
    { 8, 16, 128, 0, 14, 32, 8953 }, // U+1EED
    { 24, 30, 384, 4, 30, 180, 8985 }, // U+1EEE
    { 19, 23, 304, 3, 23, 110, 9165 }, // U+1EEF
    { 24, 29, 384, 4, 25, 174, 9275 }, // U+1EF0
    { 19, 22, 304, 3, 18, 105, 9449 }, // U+1EF1
    { 22, 31, 352, 6, 31, 171, 9554 }, // U+1EF2
    { 19, 31, 272, 0, 24, 148, 9725 }, // U+1EF3
    { 22, 29, 352, 6, 25, 160, 9873 }, // U+1EF4
    { 19, 29, 272, 0, 18, 138, 10033 }, // U+1EF5
    { 8, 16, 128, 0, 14, 32, 10171 }, // U+1EF6
    { 8, 16, 128, 0, 14, 32, 10203 }, // U+1EF7
    { 22, 30, 352, 6, 30, 165, 10235 }, // U+1EF8
    { 19, 30, 272, 0, 23, 143, 10400 }, // U+1EF9
    { 1, 1, 272, 0, 1, 1, 0 }, // U+2000
    { 1, 1, 528, 0, 1, 1, 1 }, // U+2001
    { 1, 1, 272, 0, 1, 1, 2 }, // U+2002
    { 1, 1, 528, 0, 1, 1, 3 }, // U+2003
    { 1, 1, 176, 0, 1, 1, 4 }, // U+2004
    { 1, 1, 128, 0, 1, 1, 5 }, // U+2005
    { 1, 1, 96, 0, 1, 1, 6 }, // U+2006
    { 1, 1, 288, 0, 1, 1, 7 }, // U+2007
    { 1, 1, 144, 0, 1, 1, 8 }, // U+2008
    { 1, 1, 112, 0, 1, 1, 9 }, // U+2009
    { 1, 1, 48, 0, 1, 1, 10 }, // U+200A
    { 1, 1, 0, 0, 1, 1, 11 }, // U+200B
    { 16, 16, 256, 0, 14, 64, 12 }, // U+200C
    { 16, 16, 256, 0, 14, 64, 76 }, // U+200D
    { 16, 16, 256, 0, 14, 64, 140 }, // U+200E
    { 16, 16, 256, 0, 14, 64, 204 }, // U+200F
    { 9, 2, 176, 3, 10, 5, 268 }, // U+2010
    { 9, 2, 176, 3, 10, 5, 273 }, // U+2011
    { 18, 2, 288, 2, 10, 9, 278 }, // U+2012
    { 18, 2, 288, 2, 10, 9, 287 }, // U+2013
    { 32, 2, 512, 1, 10, 16, 296 }, // U+2014
    { 32, 2, 512, 1, 10, 16, 312 }, // U+2015
    { 8, 16, 128, 0, 14, 32, 328 }, // U+2016
    { 8, 16, 128, 0, 14, 32, 360 }, // U+2017
    { 3, 7, 112, 6, 25, 6, 392 }, // U+2018
    { 4, 7, 112, 6, 25, 7, 398 }, // U+2019
    { 3, 7, 112, 2, 3, 6, 405 }, // U+201A
    { 4, 7, 112, 6, 25, 7, 411 }, // U+201B
    { 8, 7, 176, 6, 23, 14, 418 }, // U+201C
    { 9, 7, 176, 6, 23, 16, 432 }, // U+201D
    { 8, 7, 176, 2, 3, 14, 448 }, // U+201E
    { 9, 7, 176, 6, 23, 16, 462 }, // U+201F
    { 16, 30, 288, 5, 24, 120, 478 }, // U+2020
    { 19, 30, 288, 2, 24, 143, 598 }, // U+2021
    { 9, 8, 176, 4, 15, 18, 741 }, // U+2022
    { 8, 16, 128, 0, 14, 32, 759 }, // U+2023
    { 8, 16, 128, 0, 14, 32, 791 }, // U+2024
    { 8, 16, 128, 0, 14, 32, 823 }, // U+2025
    { 26, 3, 528, 4, 3, 20, 855 }, // U+2026
    { 8, 16, 128, 0, 14, 32, 875 }, // U+2027
    { 16, 16, 256, 0, 14, 64, 907 }, // U+2028
    { 16, 16, 256, 0, 14, 64, 971 }, // U+2029
    { 16, 16, 256, 0, 14, 64, 1035 }, // U+202A
    { 16, 16, 256, 0, 14, 64, 1099 }, // U+202B
    { 16, 16, 256, 0, 14, 64, 1163 }, // U+202C
    { 16, 16, 256, 0, 14, 64, 1227 }, // U+202D
    { 16, 16, 256, 0, 14, 64, 1291 }, // U+202E
    { 8, 16, 128, 0, 14, 32, 1355 }, // U+202F
    { 30, 25, 512, 4, 25, 188, 1387 }, // U+2030
    { 8, 16, 128, 0, 14, 32, 1575 }, // U+2031
    { 8, 16, 128, 0, 14, 32, 1607 }, // U+2032
    { 8, 16, 128, 0, 14, 32, 1639 }, // U+2033
    { 8, 16, 128, 0, 14, 32, 1671 }, // U+2034
    { 8, 16, 128, 0, 14, 32, 1703 }, // U+2035
    { 8, 16, 128, 0, 14, 32, 1735 }, // U+2036
    { 8, 16, 128, 0, 14, 32, 1767 }, // U+2037
    { 8, 16, 128, 0, 14, 32, 1799 }, // U+2038
    { 7, 9, 176, 5, 14, 16, 1831 }, // U+2039
    { 7, 9, 176, 3, 14, 16, 1847 }, // U+203A
    { 8, 16, 128, 0, 14, 32, 1863 }, // U+203B
    { 8, 16, 128, 0, 14, 32, 1895 }, // U+203C
    { 8, 16, 128, 0, 14, 32, 1927 }, // U+203D
    { 8, 16, 128, 0, 14, 32, 1959 }, // U+203E
    { 8, 16, 128, 0, 14, 32, 1991 }, // U+203F
    { 8, 16, 128, 0, 14, 32, 2023 }, // U+2040
    { 8, 16, 128, 0, 14, 32, 2055 }, // U+2041
    { 8, 16, 128, 0, 14, 32, 2087 }, // U+2042
    { 8, 16, 128, 0, 14, 32, 2119 }, // U+2043
    { 21, 24, 96, -5, 24, 126, 2151 }, // U+2044
    { 8, 16, 128, 0, 14, 32, 2277 }, // U+2045
    { 8, 16, 128, 0, 14, 32, 2309 }, // U+2046
    { 8, 16, 128, 0, 14, 32, 2341 }, // U+2047
    { 8, 16, 128, 0, 14, 32, 2373 }, // U+2048
    { 8, 16, 128, 0, 14, 32, 2405 }, // U+2049
    { 8, 16, 128, 0, 14, 32, 2437 }, // U+204A
    { 8, 16, 128, 0, 14, 32, 2469 }, // U+204B
    { 8, 16, 128, 0, 14, 32, 2501 }, // U+204C
    { 8, 16, 128, 0, 14, 32, 2533 }, // U+204D
    { 8, 16, 128, 0, 14, 32, 2565 }, // U+204E
    { 8, 16, 128, 0, 14, 32, 2597 }, // U+204F
    { 8, 16, 128, 0, 14, 32, 2629 }, // U+2050
    { 8, 16, 128, 0, 14, 32, 2661 }, // U+2051
    { 8, 16, 128, 0, 14, 32, 2693 }, // U+2052
    { 8, 16, 128, 0, 14, 32, 2725 }, // U+2053
    { 8, 16, 128, 0, 14, 32, 2757 }, // U+2054
    { 8, 16, 128, 0, 14, 32, 2789 }, // U+2055
    { 8, 16, 128, 0, 14, 32, 2821 }, // U+2056
    { 16, 16, 256, 0, 14, 64, 2853 }, // U+2057
    { 8, 16, 128, 0, 14, 32, 2917 }, // U+2058
    { 8, 16, 128, 0, 14, 32, 2949 }, // U+2059
    { 8, 16, 128, 0, 14, 32, 2981 }, // U+205A
    { 8, 16, 128, 0, 14, 32, 3013 }, // U+205B
    { 8, 16, 128, 0, 14, 32, 3045 }, // U+205C
    { 8, 16, 128, 0, 14, 32, 3077 }, // U+205D
    { 8, 16, 128, 0, 14, 32, 3109 }, // U+205E
    { 8, 16, 128, 0, 14, 32, 3141 }, // U+205F
    { 16, 16, 256, 0, 14, 64, 3173 }, // U+2060
    { 16, 16, 256, 0, 14, 64, 3237 }, // U+2061
    { 16, 16, 256, 0, 14, 64, 3301 }, // U+2062
    { 16, 16, 256, 0, 14, 64, 3365 }, // U+2063
    { 16, 16, 256, 0, 14, 64, 3429 }, // U+2064
    { 16, 16, 256, 0, 14, 64, 3493 }, // U+2065
    { 16, 16, 256, 0, 14, 64, 3557 }, // U+2066
    { 16, 16, 256, 0, 14, 64, 3621 }, // U+2067
    { 16, 16, 256, 0, 14, 64, 3685 }, // U+2068
    { 16, 16, 256, 0, 14, 64, 3749 }, // U+2069
    { 16, 16, 256, 0, 14, 64, 3813 }, // U+206A
    { 16, 16, 256, 0, 14, 64, 3877 }, // U+206B
    { 16, 16, 256, 0, 14, 64, 3941 }, // U+206C
    { 16, 16, 256, 0, 14, 64, 4005 }, // U+206D
    { 16, 16, 256, 0, 14, 64, 4069 }, // U+206E
    { 16, 16, 256, 0, 14, 64, 4133 }, // U+206F
    { 8, 16, 128, 0, 14, 32, 0 }, // U+2070
    { 8, 16, 128, 0, 14, 32, 32 }, // U+2071
    { 16, 16, 256, 0, 14, 64, 64 }, // U+2072
    { 16, 16, 256, 0, 14, 64, 128 }, // U+2073
    { 8, 16, 128, 0, 14, 32, 192 }, // U+2074
    { 8, 16, 128, 0, 14, 32, 224 }, // U+2075
    { 8, 16, 128, 0, 14, 32, 256 }, // U+2076
    { 8, 16, 128, 0, 14, 32, 288 }, // U+2077
    { 8, 16, 128, 0, 14, 32, 320 }, // U+2078
    { 8, 16, 128, 0, 14, 32, 352 }, // U+2079
    { 8, 16, 128, 0, 14, 32, 384 }, // U+207A
    { 8, 16, 128, 0, 14, 32, 416 }, // U+207B
    { 8, 16, 128, 0, 14, 32, 448 }, // U+207C
    { 8, 16, 128, 0, 14, 32, 480 }, // U+207D
    { 8, 16, 128, 0, 14, 32, 512 }, // U+207E
    { 8, 16, 128, 0, 14, 32, 544 }, // U+207F
    { 8, 16, 128, 0, 14, 32, 576 }, // U+2080
    { 6, 15, 176, 6, 8, 23, 608 }, // U+2081
    { 12, 15, 176, 3, 8, 45, 631 }, // U+2082
    { 11, 15, 176, 3, 8, 42, 676 }, // U+2083
    { 8, 16, 128, 0, 14, 32, 718 }, // U+2084
    { 8, 16, 128, 0, 14, 32, 750 }, // U+2085
    { 8, 16, 128, 0, 14, 32, 782 }, // U+2086
    { 8, 16, 128, 0, 14, 32, 814 }, // U+2087
    { 8, 16, 128, 0, 14, 32, 846 }, // U+2088
    { 8, 16, 128, 0, 14, 32, 878 }, // U+2089
    { 8, 16, 128, 0, 14, 32, 910 }, // U+208A
    { 8, 16, 128, 0, 14, 32, 942 }, // U+208B
    { 8, 16, 128, 0, 14, 32, 974 }, // U+208C
    { 8, 16, 128, 0, 14, 32, 1006 }, // U+208D
    { 8, 16, 128, 0, 14, 32, 1038 }, // U+208E
    { 8, 16, 128, 0, 14, 32, 1070 }, // U+208F
    { 8, 16, 128, 0, 14, 32, 1102 }, // U+2090
    { 8, 16, 128, 0, 14, 32, 1134 }, // U+2091
    { 8, 16, 128, 0, 14, 32, 1166 }, // U+2092
    { 8, 16, 128, 0, 14, 32, 1198 }, // U+2093
    { 8, 16, 128, 0, 14, 32, 1230 }, // U+2094
    { 8, 16, 128, 0, 14, 32, 1262 }, // U+2095
    { 8, 16, 128, 0, 14, 32, 1294 }, // U+2096
    { 8, 16, 128, 0, 14, 32, 1326 }, // U+2097
    { 8, 16, 128, 0, 14, 32, 1358 }, // U+2098
    { 8, 16, 128, 0, 14, 32, 1390 }, // U+2099
    { 8, 16, 128, 0, 14, 32, 1422 }, // U+209A
    { 8, 16, 128, 0, 14, 32, 1454 }, // U+209B
    { 8, 16, 128, 0, 14, 32, 1486 }, // U+209C
    { 8, 16, 128, 0, 14, 32, 1518 }, // U+209D
    { 8, 16, 128, 0, 14, 32, 1550 }, // U+209E
    { 8, 16, 128, 0, 14, 32, 1582 }, // U+209F
    { 8, 16, 128, 0, 14, 32, 0 }, // U+20A0
    { 8, 16, 128, 0, 14, 32, 32 }, // U+20A1
    { 8, 16, 128, 0, 14, 32, 64 }, // U+20A2
    { 8, 16, 128, 0, 14, 32, 96 }, // U+20A3
    { 8, 16, 128, 0, 14, 32, 128 }, // U+20A4
    { 26, 24, 448, 2, 21, 156, 160 }, // U+20A5
    { 23, 25, 384, 3, 25, 144, 316 }, // U+20A6
    { 8, 16, 128, 0, 14, 32, 460 }, // U+20A7
    { 8, 16, 128, 0, 14, 32, 492 }, // U+20A8
    { 31, 25, 496, 6, 25, 194, 524 }, // U+20A9
    { 8, 16, 128, 0, 14, 32, 718 }, // U+20AA
    { 8, 16, 128, 0, 14, 32, 750 }, // U+20AB
    { 25, 25, 384, 0, 25, 157, 782 }, // U+20AC
    { 23, 25, 352, 3, 25, 144, 939 }, // U+20AD
    { 8, 16, 128, 0, 14, 32, 1083 }, // U+20AE
    { 8, 16, 128, 0, 14, 32, 1115 }, // U+20AF
    { 8, 16, 128, 0, 14, 32, 1147 }, // U+20B0
    { 8, 16, 128, 0, 14, 32, 1179 }, // U+20B1
    { 8, 16, 128, 0, 14, 32, 1211 }, // U+20B2
    { 8, 16, 128, 0, 14, 32, 1243 }, // U+20B3
    { 8, 16, 128, 0, 14, 32, 1275 }, // U+20B4
    { 8, 16, 128, 0, 14, 32, 1307 }, // U+20B5
    { 8, 16, 128, 0, 14, 32, 1339 }, // U+20B6
    { 8, 16, 128, 0, 14, 32, 1371 }, // U+20B7
    { 8, 16, 128, 0, 14, 32, 1403 }, // U+20B8
    { 16, 16, 256, 0, 14, 64, 1435 }, // U+20B9
    { 8, 16, 128, 0, 14, 32, 1499 }, // U+20BA
    { 8, 16, 128, 0, 14, 32, 1531 }, // U+20BB
    { 8, 16, 128, 0, 14, 32, 1563 }, // U+20BC
    { 8, 16, 128, 0, 14, 32, 1595 }, // U+20BD
    { 8, 16, 128, 0, 14, 32, 1627 }, // U+20BE
    { 8, 16, 128, 0, 14, 32, 1659 }, // U+20BF
    { 8, 16, 128, 0, 14, 32, 1691 }, // U+20C0
    { 8, 16, 128, 0, 14, 32, 1723 }, // U+20C1
    { 8, 16, 128, 0, 14, 32, 1755 }, // U+20C2
    { 8, 16, 128, 0, 14, 32, 1787 }, // U+20C3
    { 8, 16, 128, 0, 14, 32, 1819 }, // U+20C4
    { 16, 16, 256, 0, 14, 64, 1851 }, // U+20C5
    { 16, 16, 256, 0, 14, 64, 1915 }, // U+20C6
    { 16, 16, 256, 0, 14, 64, 1979 }, // U+20C7
    { 16, 16, 256, 0, 14, 64, 2043 }, // U+20C8
    { 16, 16, 256, 0, 14, 64, 2107 }, // U+20C9
    { 16, 16, 256, 0, 14, 64, 2171 }, // U+20CA
    { 16, 16, 256, 0, 14, 64, 2235 }, // U+20CB
    { 16, 16, 256, 0, 14, 64, 2299 }, // U+20CC
    { 16, 16, 256, 0, 14, 64, 2363 }, // U+20CD
    { 16, 16, 256, 0, 14, 64, 2427 }, // U+20CE
    { 16, 16, 256, 0, 14, 64, 2491 }, // U+20CF
    { 8, 16, 128, 0, 14, 32, 0 }, // U+2190
    { 8, 16, 128, 0, 14, 32, 32 }, // U+2191
    { 8, 16, 128, 0, 14, 32, 64 }, // U+2192
    { 8, 16, 128, 0, 14, 32, 96 }, // U+2193
    { 8, 16, 128, 0, 14, 32, 128 }, // U+2194
    { 8, 16, 128, 0, 14, 32, 160 }, // U+2195
    { 8, 16, 128, 0, 14, 32, 192 }, // U+2196
    { 8, 16, 128, 0, 14, 32, 224 }, // U+2197
    { 8, 16, 128, 0, 14, 32, 256 }, // U+2198
    { 8, 16, 128, 0, 14, 32, 288 }, // U+2199
    { 8, 16, 128, 0, 14, 32, 320 }, // U+219A
    { 8, 16, 128, 0, 14, 32, 352 }, // U+219B
    { 16, 16, 256, 0, 14, 64, 384 }, // U+219C
    { 16, 16, 256, 0, 14, 64, 448 }, // U+219D
    { 8, 16, 128, 0, 14, 32, 512 }, // U+219E
    { 8, 16, 128, 0, 14, 32, 544 }, // U+219F
    { 8, 16, 128, 0, 14, 32, 576 }, // U+21A0
    { 8, 16, 128, 0, 14, 32, 608 }, // U+21A1
    { 8, 16, 128, 0, 14, 32, 640 }, // U+21A2
    { 8, 16, 128, 0, 14, 32, 672 }, // U+21A3
    { 8, 16, 128, 0, 14, 32, 704 }, // U+21A4
    { 8, 16, 128, 0, 14, 32, 736 }, // U+21A5
    { 8, 16, 128, 0, 14, 32, 768 }, // U+21A6
    { 8, 16, 128, 0, 14, 32, 800 }, // U+21A7
    { 8, 16, 128, 0, 14, 32, 832 }, // U+21A8
    { 8, 16, 128, 0, 14, 32, 864 }, // U+21A9
    { 8, 16, 128, 0, 14, 32, 896 }, // U+21AA
    { 8, 16, 128, 0, 14, 32, 928 }, // U+21AB
    { 8, 16, 128, 0, 14, 32, 960 }, // U+21AC
    { 8, 16, 128, 0, 14, 32, 992 }, // U+21AD
    { 8, 16, 128, 0, 14, 32, 1024 }, // U+21AE
    { 8, 16, 128, 0, 14, 32, 1056 }, // U+21AF
    { 8, 16, 128, 0, 14, 32, 1088 }, // U+21B0
    { 8, 16, 128, 0, 14, 32, 1120 }, // U+21B1
    { 8, 16, 128, 0, 14, 32, 1152 }, // U+21B2
    { 8, 16, 128, 0, 14, 32, 1184 }, // U+21B3
    { 8, 16, 128, 0, 14, 32, 1216 }, // U+21B4
    { 8, 16, 128, 0, 14, 32, 1248 }, // U+21B5
    { 8, 16, 128, 0, 14, 32, 1280 }, // U+21B6
    { 8, 16, 128, 0, 14, 32, 1312 }, // U+21B7
    { 8, 16, 128, 0, 14, 32, 1344 }, // U+21B8
    { 8, 16, 128, 0, 14, 32, 1376 }, // U+21B9
    { 8, 16, 128, 0, 14, 32, 1408 }, // U+21BA
    { 8, 16, 128, 0, 14, 32, 1440 }, // U+21BB
    { 8, 16, 128, 0, 14, 32, 1472 }, // U+21BC
    { 8, 16, 128, 0, 14, 32, 1504 }, // U+21BD
    { 8, 16, 128, 0, 14, 32, 1536 }, // U+21BE
    { 8, 16, 128, 0, 14, 32, 1568 }, // U+21BF
    { 8, 16, 128, 0, 14, 32, 1600 }, // U+21C0
    { 8, 16, 128, 0, 14, 32, 1632 }, // U+21C1
    { 8, 16, 128, 0, 14, 32, 1664 }, // U+21C2
    { 8, 16, 128, 0, 14, 32, 1696 }, // U+21C3
    { 8, 16, 128, 0, 14, 32, 1728 }, // U+21C4
    { 8, 16, 128, 0, 14, 32, 1760 }, // U+21C5
    { 8, 16, 128, 0, 14, 32, 1792 }, // U+21C6
    { 8, 16, 128, 0, 14, 32, 1824 }, // U+21C7
    { 8, 16, 128, 0, 14, 32, 1856 }, // U+21C8
    { 8, 16, 128, 0, 14, 32, 1888 }, // U+21C9
    { 8, 16, 128, 0, 14, 32, 1920 }, // U+21CA
    { 8, 16, 128, 0, 14, 32, 1952 }, // U+21CB
    { 8, 16, 128, 0, 14, 32, 1984 }, // U+21CC
    { 8, 16, 128, 0, 14, 32, 2016 }, // U+21CD
    { 8, 16, 128, 0, 14, 32, 2048 }, // U+21CE
    { 8, 16, 128, 0, 14, 32, 2080 }, // U+21CF
    { 8, 16, 128, 0, 14, 32, 2112 }, // U+21D0
    { 8, 16, 128, 0, 14, 32, 2144 }, // U+21D1
    { 8, 16, 128, 0, 14, 32, 2176 }, // U+21D2
    { 8, 16, 128, 0, 14, 32, 2208 }, // U+21D3
    { 8, 16, 128, 0, 14, 32, 2240 }, // U+21D4
    { 8, 16, 128, 0, 14, 32, 2272 }, // U+21D5
    { 8, 16, 128, 0, 14, 32, 2304 }, // U+21D6
    { 8, 16, 128, 0, 14, 32, 2336 }, // U+21D7
    { 8, 16, 128, 0, 14, 32, 2368 }, // U+21D8
    { 8, 16, 128, 0, 14, 32, 2400 }, // U+21D9
    { 8, 16, 128, 0, 14, 32, 2432 }, // U+21DA
    { 8, 16, 128, 0, 14, 32, 2464 }, // U+21DB
    { 8, 16, 128, 0, 14, 32, 2496 }, // U+21DC
    { 8, 16, 128, 0, 14, 32, 2528 }, // U+21DD
    { 8, 16, 128, 0, 14, 32, 2560 }, // U+21DE
    { 8, 16, 128, 0, 14, 32, 2592 }, // U+21DF
    { 8, 16, 128, 0, 14, 32, 2624 }, // U+21E0
    { 8, 16, 128, 0, 14, 32, 2656 }, // U+21E1
    { 8, 16, 128, 0, 14, 32, 2688 }, // U+21E2
    { 8, 16, 128, 0, 14, 32, 2720 }, // U+21E3
    { 8, 16, 128, 0, 14, 32, 2752 }, // U+21E4
    { 8, 16, 128, 0, 14, 32, 2784 }, // U+21E5
    { 8, 16, 128, 0, 14, 32, 2816 }, // U+21E6
    { 8, 16, 128, 0, 14, 32, 2848 }, // U+21E7
    { 8, 16, 128, 0, 14, 32, 2880 }, // U+21E8
    { 8, 16, 128, 0, 14, 32, 2912 }, // U+21E9
    { 8, 16, 128, 0, 14, 32, 2944 }, // U+21EA
    { 8, 16, 128, 0, 14, 32, 2976 }, // U+21EB
    { 8, 16, 128, 0, 14, 32, 3008 }, // U+21EC
    { 8, 16, 128, 0, 14, 32, 3040 }, // U+21ED
    { 8, 16, 128, 0, 14, 32, 3072 }, // U+21EE
    { 8, 16, 128, 0, 14, 32, 3104 }, // U+21EF
    { 8, 16, 128, 0, 14, 32, 3136 }, // U+21F0
    { 8, 16, 128, 0, 14, 32, 3168 }, // U+21F1
    { 8, 16, 128, 0, 14, 32, 3200 }, // U+21F2
    { 8, 16, 128, 0, 14, 32, 3232 }, // U+21F3
    { 16, 16, 256, 0, 14, 64, 3264 }, // U+21F4
    { 8, 16, 128, 0, 14, 32, 3328 }, // U+21F5
    { 8, 16, 128, 0, 14, 32, 3360 }, // U+21F6
    { 8, 16, 128, 0, 14, 32, 3392 }, // U+21F7
    { 8, 16, 128, 0, 14, 32, 3424 }, // U+21F8
    { 16, 16, 256, 0, 14, 64, 3456 }, // U+21F9
    { 16, 16, 256, 0, 14, 64, 3520 }, // U+21FA
    { 16, 16, 256, 0, 14, 64, 3584 }, // U+21FB
    { 16, 16, 256, 0, 14, 64, 3648 }, // U+21FC
    { 8, 16, 128, 0, 14, 32, 3712 }, // U+21FD
    { 8, 16, 128, 0, 14, 32, 3744 }, // U+21FE
    { 16, 16, 256, 0, 14, 64, 3776 }, // U+21FF
    { 8, 16, 128, 0, 14, 32, 0 }, // U+2200
    { 8, 16, 128, 0, 14, 32, 32 }, // U+2201
    { 8, 16, 128, 0, 14, 32, 64 }, // U+2202
    { 8, 16, 128, 0, 14, 32, 96 }, // U+2203
    { 8, 16, 128, 0, 14, 32, 128 }, // U+2204
    { 8, 16, 128, 0, 14, 32, 160 }, // U+2205
    { 8, 16, 128, 0, 14, 32, 192 }, // U+2206
    { 8, 16, 128, 0, 14, 32, 224 }, // U+2207
    { 8, 16, 128, 0, 14, 32, 256 }, // U+2208
    { 8, 16, 128, 0, 14, 32, 288 }, // U+2209
    { 8, 16, 128, 0, 14, 32, 320 }, // U+220A
    { 8, 16, 128, 0, 14, 32, 352 }, // U+220B
    { 8, 16, 128, 0, 14, 32, 384 }, // U+220C
    { 8, 16, 128, 0, 14, 32, 416 }, // U+220D
    { 8, 16, 128, 0, 14, 32, 448 }, // U+220E
    { 8, 16, 128, 0, 14, 32, 480 }, // U+220F
    { 8, 16, 128, 0, 14, 32, 512 }, // U+2210
    { 8, 16, 128, 0, 14, 32, 544 }, // U+2211
    { 16, 3, 304, 4, 9, 12, 576 }, // U+2212
    { 8, 16, 128, 0, 14, 32, 588 }, // U+2213
    { 8, 16, 128, 0, 14, 32, 620 }, // U+2214
    { 21, 24, 96, -5, 24, 126, 652 }, // U+2215
    { 8, 16, 128, 0, 14, 32, 778 }, // U+2216
    { 8, 16, 128, 0, 14, 32, 810 }, // U+2217
    { 8, 16, 128, 0, 14, 32, 842 }, // U+2218
    { 5, 4, 144, 5, 14, 5, 874 }, // U+2219
    { 8, 16, 128, 0, 14, 32, 879 }, // U+221A
    { 8, 16, 128, 0, 14, 32, 911 }, // U+221B
    { 8, 16, 128, 0, 14, 32, 943 }, // U+221C
    { 8, 16, 128, 0, 14, 32, 975 }, // U+221D
    { 8, 16, 128, 0, 14, 32, 1007 }, // U+221E
    { 8, 16, 128, 0, 14, 32, 1039 }, // U+221F
    { 8, 16, 128, 0, 14, 32, 1071 }, // U+2220
    { 8, 16, 128, 0, 14, 32, 1103 }, // U+2221
    { 8, 16, 128, 0, 14, 32, 1135 }, // U+2222
    { 8, 16, 128, 0, 14, 32, 1167 }, // U+2223
    { 8, 16, 128, 0, 14, 32, 1199 }, // U+2224
    { 8, 16, 128, 0, 14, 32, 1231 }, // U+2225
    { 8, 16, 128, 0, 14, 32, 1263 }, // U+2226
    { 8, 16, 128, 0, 14, 32, 1295 }, // U+2227
    { 8, 16, 128, 0, 14, 32, 1327 }, // U+2228
    { 8, 16, 128, 0, 14, 32, 1359 }, // U+2229
    { 8, 16, 128, 0, 14, 32, 1391 }, // U+222A
    { 8, 16, 128, 0, 14, 32, 1423 }, // U+222B
    { 8, 16, 128, 0, 14, 32, 1455 }, // U+222C
    { 8, 16, 128, 0, 14, 32, 1487 }, // U+222D
    { 8, 16, 128, 0, 14, 32, 1519 }, // U+222E
    { 8, 16, 128, 0, 14, 32, 1551 }, // U+222F
    { 8, 16, 128, 0, 14, 32, 1583 }, // U+2230
    { 8, 16, 128, 0, 14, 32, 1615 }, // U+2231
    { 8, 16, 128, 0, 14, 32, 1647 }, // U+2232
    { 8, 16, 128, 0, 14, 32, 1679 }, // U+2233
    { 8, 16, 128, 0, 14, 32, 1711 }, // U+2234
    { 8, 16, 128, 0, 14, 32, 1743 }, // U+2235
    { 7, 17, 144, 4, 17, 30, 1775 }, // U+2236
    { 8, 16, 128, 0, 14, 32, 1805 }, // U+2237
    { 8, 16, 128, 0, 14, 32, 1837 }, // U+2238
    { 8, 16, 128, 0, 14, 32, 1869 }, // U+2239
    { 8, 16, 128, 0, 14, 32, 1901 }, // U+223A
    { 8, 16, 128, 0, 14, 32, 1933 }, // U+223B
    { 8, 16, 128, 0, 14, 32, 1965 }, // U+223C
    { 8, 16, 128, 0, 14, 32, 1997 }, // U+223D
    { 8, 16, 128, 0, 14, 32, 2029 }, // U+223E
    { 8, 16, 128, 0, 14, 32, 2061 }, // U+223F
    { 8, 16, 128, 0, 14, 32, 2093 }, // U+2240
    { 8, 16, 128, 0, 14, 32, 2125 }, // U+2241
    { 8, 16, 128, 0, 14, 32, 2157 }, // U+2242
    { 8, 16, 128, 0, 14, 32, 2189 }, // U+2243
    { 8, 16, 128, 0, 14, 32, 2221 }, // U+2244
    { 8, 16, 128, 0, 14, 32, 2253 }, // U+2245
    { 8, 16, 128, 0, 14, 32, 2285 }, // U+2246
    { 8, 16, 128, 0, 14, 32, 2317 }, // U+2247
    { 8, 16, 128, 0, 14, 32, 2349 }, // U+2248
    { 8, 16, 128, 0, 14, 32, 2381 }, // U+2249
    { 8, 16, 128, 0, 14, 32, 2413 }, // U+224A
    { 8, 16, 128, 0, 14, 32, 2445 }, // U+224B
    { 8, 16, 128, 0, 14, 32, 2477 }, // U+224C
    { 8, 16, 128, 0, 14, 32, 2509 }, // U+224D
    { 8, 16, 128, 0, 14, 32, 2541 }, // U+224E
    { 8, 16, 128, 0, 14, 32, 2573 }, // U+224F
    { 8, 16, 128, 0, 14, 32, 2605 }, // U+2250
    { 8, 16, 128, 0, 14, 32, 2637 }, // U+2251
    { 8, 16, 128, 0, 14, 32, 2669 }, // U+2252
    { 8, 16, 128, 0, 14, 32, 2701 }, // U+2253
    { 8, 16, 128, 0, 14, 32, 2733 }, // U+2254
    { 8, 16, 128, 0, 14, 32, 2765 }, // U+2255
    { 8, 16, 128, 0, 14, 32, 2797 }, // U+2256
    { 8, 16, 128, 0, 14, 32, 2829 }, // U+2257
    { 8, 16, 128, 0, 14, 32, 2861 }, // U+2258
    { 17, 15, 304, 3, 19, 64, 2893 }, // U+2259
    { 17, 15, 304, 3, 19, 64, 2957 }, // U+225A
    { 8, 16, 128, 0, 14, 32, 3021 }, // U+225B
    { 8, 16, 128, 0, 14, 32, 3053 }, // U+225C
    { 8, 16, 128, 0, 14, 32, 3085 }, // U+225D
    { 8, 16, 128, 0, 14, 32, 3117 }, // U+225E
    { 8, 16, 128, 0, 14, 32, 3149 }, // U+225F
    { 17, 24, 304, 3, 21, 102, 3181 }, // U+2260
    { 17, 8, 304, 0, 11, 34, 3283 }, // U+2261
    { 17, 24, 304, 0, 19, 102, 3317 }, // U+2262
    { 8, 16, 128, 0, 14, 32, 3419 }, // U+2263
    { 17, 19, 304, 4, 16, 81, 3451 }, // U+2264
    { 18, 19, 304, 2, 16, 86, 3532 }, // U+2265
    { 8, 16, 128, 0, 14, 32, 3618 }, // U+2266
    { 8, 16, 128, 0, 14, 32, 3650 }, // U+2267
    { 8, 16, 128, 0, 14, 32, 3682 }, // U+2268
    { 8, 16, 128, 0, 14, 32, 3714 }, // U+2269
    { 8, 16, 128, 0, 14, 32, 3746 }, // U+226A
    { 8, 16, 128, 0, 14, 32, 3778 }, // U+226B
    { 8, 16, 128, 0, 14, 32, 3810 }, // U+226C
    { 8, 16, 128, 0, 14, 32, 3842 }, // U+226D
    { 17, 24, 304, 4, 20, 102, 3874 }, // U+226E
    { 18, 24, 304, 2, 20, 108, 3976 }, // U+226F
    { 17, 24, 304, 4, 19, 102, 4084 }, // U+2270
    { 18, 24, 304, 2, 19, 108, 4186 }, // U+2271
    { 8, 16, 128, 0, 14, 32, 4294 }, // U+2272
    { 8, 16, 128, 0, 14, 32, 4326 }, // U+2273
    { 8, 16, 128, 0, 14, 32, 4358 }, // U+2274
    { 8, 16, 128, 0, 14, 32, 4390 }, // U+2275
    { 8, 16, 128, 0, 14, 32, 4422 }, // U+2276
    { 8, 16, 128, 0, 14, 32, 4454 }, // U+2277
    { 8, 16, 128, 0, 14, 32, 4486 }, // U+2278
    { 8, 16, 128, 0, 14, 32, 4518 }, // U+2279
    { 8, 16, 128, 0, 14, 32, 4550 }, // U+227A
    { 8, 16, 128, 0, 14, 32, 4582 }, // U+227B
    { 8, 16, 128, 0, 14, 32, 4614 }, // U+227C
    { 8, 16, 128, 0, 14, 32, 4646 }, // U+227D
    { 8, 16, 128, 0, 14, 32, 4678 }, // U+227E
    { 8, 16, 128, 0, 14, 32, 4710 }, // U+227F
    { 8, 16, 128, 0, 14, 32, 4742 }, // U+2280
    { 8, 16, 128, 0, 14, 32, 4774 }, // U+2281
    { 8, 16, 128, 0, 14, 32, 4806 }, // U+2282
    { 8, 16, 128, 0, 14, 32, 4838 }, // U+2283
    { 8, 16, 128, 0, 14, 32, 4870 }, // U+2284
    { 8, 16, 128, 0, 14, 32, 4902 }, // U+2285
    { 8, 16, 128, 0, 14, 32, 4934 }, // U+2286
    { 8, 16, 128, 0, 14, 32, 4966 }, // U+2287
    { 8, 16, 128, 0, 14, 32, 4998 }, // U+2288
    { 8, 16, 128, 0, 14, 32, 5030 }, // U+2289
    { 8, 16, 128, 0, 14, 32, 5062 }, // U+228A
    { 8, 16, 128, 0, 14, 32, 5094 }, // U+228B
    { 8, 16, 128, 0, 14, 32, 5126 }, // U+228C
    { 8, 16, 128, 0, 14, 32, 5158 }, // U+228D
    { 8, 16, 128, 0, 14, 32, 5190 }, // U+228E
    { 8, 16, 128, 0, 14, 32, 5222 }, // U+228F
    { 8, 16, 128, 0, 14, 32, 5254 }, // U+2290
    { 8, 16, 128, 0, 14, 32, 5286 }, // U+2291
    { 8, 16, 128, 0, 14, 32, 5318 }, // U+2292
    { 8, 16, 128, 0, 14, 32, 5350 }, // U+2293
    { 8, 16, 128, 0, 14, 32, 5382 }, // U+2294
    { 8, 16, 128, 0, 14, 32, 5414 }, // U+2295
    { 8, 16, 128, 0, 14, 32, 5446 }, // U+2296
    { 8, 16, 128, 0, 14, 32, 5478 }, // U+2297
    { 8, 16, 128, 0, 14, 32, 5510 }, // U+2298
    { 8, 16, 128, 0, 14, 32, 5542 }, // U+2299
    { 8, 16, 128, 0, 14, 32, 5574 }, // U+229A
    { 8, 16, 128, 0, 14, 32, 5606 }, // U+229B
    { 8, 16, 128, 0, 14, 32, 5638 }, // U+229C
    { 8, 16, 128, 0, 14, 32, 5670 }, // U+229D
    { 8, 16, 128, 0, 14, 32, 5702 }, // U+229E
    { 8, 16, 128, 0, 14, 32, 5734 }, // U+229F
    { 8, 16, 128, 0, 14, 32, 5766 }, // U+22A0
    { 8, 16, 128, 0, 14, 32, 5798 }, // U+22A1
    { 8, 16, 128, 0, 14, 32, 5830 }, // U+22A2
    { 8, 16, 128, 0, 14, 32, 5862 }, // U+22A3
    { 8, 16, 128, 0, 14, 32, 5894 }, // U+22A4
    { 8, 16, 128, 0, 14, 32, 5926 }, // U+22A5
    { 8, 16, 128, 0, 14, 32, 5958 }, // U+22A6
    { 8, 16, 128, 0, 14, 32, 5990 }, // U+22A7
    { 8, 16, 128, 0, 14, 32, 6022 }, // U+22A8
    { 8, 16, 128, 0, 14, 32, 6054 }, // U+22A9
    { 8, 16, 128, 0, 14, 32, 6086 }, // U+22AA
    { 8, 16, 128, 0, 14, 32, 6118 }, // U+22AB
    { 8, 16, 128, 0, 14, 32, 6150 }, // U+22AC
    { 8, 16, 128, 0, 14, 32, 6182 }, // U+22AD
    { 8, 16, 128, 0, 14, 32, 6214 }, // U+22AE
    { 8, 16, 128, 0, 14, 32, 6246 }, // U+22AF
    { 8, 16, 128, 0, 14, 32, 6278 }, // U+22B0
    { 8, 16, 128, 0, 14, 32, 6310 }, // U+22B1
    { 8, 16, 128, 0, 14, 32, 6342 }, // U+22B2
    { 8, 16, 128, 0, 14, 32, 6374 }, // U+22B3
    { 8, 16, 128, 0, 14, 32, 6406 }, // U+22B4
    { 8, 16, 128, 0, 14, 32, 6438 }, // U+22B5
    { 16, 16, 256, 0, 14, 64, 6470 }, // U+22B6
    { 16, 16, 256, 0, 14, 64, 6534 }, // U+22B7
    { 16, 16, 256, 0, 14, 64, 6598 }, // U+22B8
    { 8, 16, 128, 0, 14, 32, 6662 }, // U+22B9
    { 8, 16, 128, 0, 14, 32, 6694 }, // U+22BA
    { 8, 16, 128, 0, 14, 32, 6726 }, // U+22BB
    { 8, 16, 128, 0, 14, 32, 6758 }, // U+22BC
    { 8, 16, 128, 0, 14, 32, 6790 }, // U+22BD
    { 8, 16, 128, 0, 14, 32, 6822 }, // U+22BE
    { 8, 16, 128, 0, 14, 32, 6854 }, // U+22BF
    { 8, 16, 128, 0, 14, 32, 6886 }, // U+22C0
    { 8, 16, 128, 0, 14, 32, 6918 }, // U+22C1
    { 8, 16, 128, 0, 14, 32, 6950 }, // U+22C2
    { 8, 16, 128, 0, 14, 32, 6982 }, // U+22C3
    { 8, 16, 128, 0, 14, 32, 7014 }, // U+22C4
    { 8, 16, 128, 0, 14, 32, 7046 }, // U+22C5
    { 8, 16, 128, 0, 14, 32, 7078 }, // U+22C6
    { 8, 16, 128, 0, 14, 32, 7110 }, // U+22C7
    { 8, 16, 128, 0, 14, 32, 7142 }, // U+22C8
    { 8, 16, 128, 0, 14, 32, 7174 }, // U+22C9
    { 8, 16, 128, 0, 14, 32, 7206 }, // U+22CA
    { 8, 16, 128, 0, 14, 32, 7238 }, // U+22CB
    { 8, 16, 128, 0, 14, 32, 7270 }, // U+22CC
    { 8, 16, 128, 0, 14, 32, 7302 }, // U+22CD
    { 8, 16, 128, 0, 14, 32, 7334 }, // U+22CE
    { 8, 16, 128, 0, 14, 32, 7366 }, // U+22CF
    { 8, 16, 128, 0, 14, 32, 7398 }, // U+22D0
    { 8, 16, 128, 0, 14, 32, 7430 }, // U+22D1
    { 8, 16, 128, 0, 14, 32, 7462 }, // U+22D2
    { 8, 16, 128, 0, 14, 32, 7494 }, // U+22D3
    { 8, 16, 128, 0, 14, 32, 7526 }, // U+22D4
    { 8, 16, 128, 0, 14, 32, 7558 }, // U+22D5
    { 8, 16, 128, 0, 14, 32, 7590 }, // U+22D6
    { 8, 16, 128, 0, 14, 32, 7622 }, // U+22D7
    { 16, 16, 256, 0, 14, 64, 7654 }, // U+22D8
    { 16, 16, 256, 0, 14, 64, 7718 }, // U+22D9
    { 8, 16, 128, 0, 14, 32, 7782 }, // U+22DA
    { 8, 16, 128, 0, 14, 32, 7814 }, // U+22DB
    { 8, 16, 128, 0, 14, 32, 7846 }, // U+22DC
    { 8, 16, 128, 0, 14, 32, 7878 }, // U+22DD
    { 8, 16, 128, 0, 14, 32, 7910 }, // U+22DE
    { 8, 16, 128, 0, 14, 32, 7942 }, // U+22DF
    { 8, 16, 128, 0, 14, 32, 7974 }, // U+22E0
    { 8, 16, 128, 0, 14, 32, 8006 }, // U+22E1
    { 8, 16, 128, 0, 14, 32, 8038 }, // U+22E2
    { 8, 16, 128, 0, 14, 32, 8070 }, // U+22E3
    { 8, 16, 128, 0, 14, 32, 8102 }, // U+22E4
    { 8, 16, 128, 0, 14, 32, 8134 }, // U+22E5
    { 8, 16, 128, 0, 14, 32, 8166 }, // U+22E6
    { 8, 16, 128, 0, 14, 32, 8198 }, // U+22E7
    { 8, 16, 128, 0, 14, 32, 8230 }, // U+22E8
    { 8, 16, 128, 0, 14, 32, 8262 }, // U+22E9
    { 8, 16, 128, 0, 14, 32, 8294 }, // U+22EA
    { 8, 16, 128, 0, 14, 32, 8326 }, // U+22EB
    { 8, 16, 128, 0, 14, 32, 8358 }, // U+22EC
    { 8, 16, 128, 0, 14, 32, 8390 }, // U+22ED
    { 8, 16, 128, 0, 14, 32, 8422 }, // U+22EE
    { 8, 16, 128, 0, 14, 32, 8454 }, // U+22EF
    { 8, 16, 128, 0, 14, 32, 8486 }, // U+22F0
    { 8, 16, 128, 0, 14, 32, 8518 }, // U+22F1
    { 16, 16, 256, 0, 14, 64, 8550 }, // U+22F2
    { 16, 16, 256, 0, 14, 64, 8614 }, // U+22F3
    { 8, 16, 128, 0, 14, 32, 8678 }, // U+22F4
    { 16, 16, 256, 0, 14, 64, 8710 }, // U+22F5
    { 16, 16, 256, 0, 14, 64, 8774 }, // U+22F6
    { 8, 16, 128, 0, 14, 32, 8838 }, // U+22F7
    { 8, 16, 128, 0, 14, 32, 8870 }, // U+22F8
    { 16, 16, 256, 0, 14, 64, 8902 }, // U+22F9
    { 16, 16, 256, 0, 14, 64, 8966 }, // U+22FA
    { 16, 16, 256, 0, 14, 64, 9030 }, // U+22FB
    { 8, 16, 128, 0, 14, 32, 9094 }, // U+22FC
    { 16, 16, 256, 0, 14, 64, 9126 }, // U+22FD
    { 8, 16, 128, 0, 14, 32, 9190 }, // U+22FE
    { 16, 16, 256, 0, 14, 64, 9222 }, // U+22FF
    { 8, 16, 128, 0, 14, 32, 0 }, // U+FB00
    { 17, 25, 256, 3, 25, 107, 32 }, // U+FB01
    { 16, 25, 256, 3, 25, 100, 139 }, // U+FB02
    { 8, 16, 128, 0, 14, 32, 239 }, // U+FB03
    { 8, 16, 128, 0, 14, 32, 271 }, // U+FB04
    { 8, 16, 128, 0, 14, 32, 303 }, // U+FB05
    { 8, 16, 128, 0, 14, 32, 335 }, // U+FB06
    { 8, 16, 128, 0, 14, 32, 0 }, // U+FFFD
};

static const EpdUnicodeInterval helvetica_16_italicIntervals[] = {
    { 0x0, 0x17F, 0x0 },
    { 0x1A0, 0x1A1, 0x180 },
    { 0x1AF, 0x1B0, 0x182 },
    { 0x1C4, 0x21F, 0x184 },
    { 0x300, 0x36F, 0x1E0 },
    { 0x400, 0x4FF, 0x250 },
    { 0x1E0C, 0x1E0D, 0x350 },
    { 0x1E24, 0x1E25, 0x352 },
    { 0x1E36, 0x1E3B, 0x354 },
    { 0x1E40, 0x1E49, 0x35A },
    { 0x1E5A, 0x1E5F, 0x364 },
    { 0x1E62, 0x1E63, 0x36A },
    { 0x1E6C, 0x1E6D, 0x36C },
    { 0x1EA0, 0x1EF9, 0x36E },
    { 0x2000, 0x20CF, 0x3C8 },
    { 0x2190, 0x22FF, 0x498 },
    { 0xFB00, 0xFB06, 0x608 },
    { 0xFFFD, 0xFFFD, 0x60F },
};

static const EpdFontGroup helvetica_16_italicGroups[] = {
    { 0, 2767, 11842, 128, 0 },
    { 2767, 2577, 13269, 128, 128 },
    { 5344, 2533, 17408, 128, 256 },
    { 7877, 1701, 9790, 96, 384 },
    { 9578, 461, 3840, 112, 480 },
    { 10039, 1369, 8256, 256, 592 },
    { 11408, 650, 4063, 30, 848 },
    { 12058, 1238, 11157, 90, 878 },
    { 13296, 961, 4261, 112, 968 },
    { 14257, 305, 1624, 48, 1080 },
    { 14562, 697, 2603, 48, 1128 },
    { 15259, 743, 3840, 112, 1176 },
    { 16002, 1765, 9458, 256, 1288 },
    { 17767, 127, 385, 7, 1544 },
    { 17894, 23, 32, 1, 1551 },
};

static const EpdLigaturePair helvetica_16_italicLigaturePairs[] = {
    { 0x00660069, 0xFB01 }, // f i -> U+FB01
    { 0x0066006C, 0xFB02 }, // f l -> U+FB02
};

static const EpdFontData helvetica_16_italic = {
    helvetica_16_italicBitmaps,
    helvetica_16_italicGlyphs,
    helvetica_16_italicIntervals,
    18,
    35,
    28,
    -7,
    true,
    helvetica_16_italicGroups,
    15,
    nullptr,
    nullptr,
    nullptr,
    nullptr,
    nullptr,
    nullptr,
    nullptr,
    nullptr,
    nullptr,
    nullptr,
    nullptr,
    0,
    0,
    0,
    0,
    helvetica_16_italicLigaturePairs,
    2,
};
