/**
 * generated by fontconvert.py
 * name: helvetica_8_bold
 * size: 8
 * mode: 2-bit  compressed: true
 * Command used: fontconvert.py helvetica_8_bold 8 ../../../x11/font-adobe-100dpi-1.0.4/helvB12.bdf ../../../x11/unifont-18.0.01.bdf --2bit --compress --zopfli
 */
#pragma once
#include "EpdFontData.h"

static const uint8_t helvetica_8_boldBitmaps[10393] = {
    0x9C, 0x95, 0x81, 0x86, 0xF5, 0x40, 0x0C, 0x85, 0xC3, 0x01, 0x08, 0x79, 0x95, 0x10, 0x80, 0xCB,
    0xBC, 0x7A, 0x08, 0x40, 0xE8, 0xAB, 0x84, 0x01, 0x28, 0xFD, 0xD3, 0xBB, 0xBD, 0x6B, 0xB1, 0x3F,
    0xB2, 0x19, 0xFA, 0xCD, 0x51, 0x9F, 0x53, 0xAA, 0xD3, 0x4C, 0x27, 0x22, 0xA7, 0xDF, 0xAF, 0x99,
    0x9E, 0x3D, 0xBD, 0xC3, 0x1D, 0x3F, 0x94, 0x08, 0x29, 0x36, 0x16, 0xB6, 0xCB, 0xD3, 0x78, 0x21,
    0xE4, 0x73, 0xFF, 0x27, 0xAD, 0xE7, 0x57, 0xFF, 0x48, 0x2B, 0xB0, 0x0A, 0x10, 0x1E, 0xAC, 0x0B,
    0x6C, 0x13, 0x7F, 0x3D, 0xFE, 0x0A, 0xC4, 0x17, 0x87, 0x7E, 0x1C, 0x57, 0xB1, 0xFA, 0x4A, 0x8D,
    0x37, 0xC3, 0x63, 0xE4, 0xA7, 0xEE, 0x62, 0xE3, 0x75, 0x98, 0x14, 0xEF, 0x57, 0xE7, 0x6B, 0xE2,
    0x0B, 0xD2, 0x2A, 0xB9, 0xFB, 0x05, 0x37, 0x35, 0x72, 0xF6, 0xFC, 0xB2, 0xDB, 0xC3, 0x4F, 0x8E,
    0xFA, 0x71, 0x4A, 0x04, 0xF4, 0x26, 0x02, 0xE4, 0x38, 0x17, 0x26, 0x3E, 0xF3, 0x15, 0xC9, 0x4C,
    0x72, 0x32, 0x9A, 0x9D, 0x79, 0xE6, 0x53, 0xFB, 0xE4, 0xDF, 0x94, 0xD3, 0xE7, 0xFD, 0x4F, 0x6F,
    0x28, 0x13, 0xF9, 0xAC, 0x5F, 0xCE, 0xA7, 0xF7, 0x21, 0xD3, 0xAC, 0x1F, 0xE7, 0x85, 0xF6, 0x9C,
    0xE9, 0x66, 0x74, 0xF6, 0x98, 0xF9, 0xEB, 0xED, 0xA3, 0xDA, 0x63, 0x77, 0xA9, 0x35, 0xED, 0x8F,
    0x24, 0x26, 0x14, 0xC3, 0x99, 0x49, 0xEA, 0x1A, 0xF5, 0x4B, 0x60, 0xA7, 0x81, 0xD8, 0xDE, 0xEC,
    0xBC, 0xF7, 0xC4, 0x5F, 0xF0, 0xA8, 0x84, 0x6B, 0x52, 0x93, 0x7C, 0x21, 0x86, 0x7E, 0xDC, 0x9E,
    0x7E, 0xF9, 0xA0, 0xBF, 0xFB, 0x78, 0xF3, 0xCE, 0x33, 0xDF, 0xAD, 0xBD, 0x6A, 0xBF, 0x89, 0xBA,
    0xF3, 0xC4, 0xD7, 0x08, 0x39, 0xD3, 0xF4, 0x95, 0x16, 0xFB, 0xD8, 0xAA, 0x69, 0xB3, 0xF3, 0x4F,
    0x4D, 0x8A, 0x23, 0x05, 0x58, 0x1E, 0xE0, 0x05, 0x8C, 0xFC, 0x75, 0x1C, 0xCF, 0xB9, 0x27, 0xDF,
    0x1C, 0xF5, 0x0B, 0x5B, 0xE9, 0xA1, 0xBA, 0x72, 0x97, 0xA6, 0x8A, 0xA6, 0x8D, 0xFC, 0xD3, 0x23,
    0x69, 0xBB, 0x9C, 0xD9, 0xF4, 0xA6, 0xCF, 0xFA, 0xD3, 0xF6, 0xF3, 0xFF, 0xD8, 0x9E, 0xC6, 0xE3,
    0xF7, 0x1F, 0x75, 0x15, 0xA3, 0x19, 0x28, 0x32, 0x5A, 0x87, 0x5F, 0xD3, 0xEF, 0x2F, 0xC8, 0x9B,
    0xAF, 0x26, 0x7A, 0x9D, 0x98, 0xF8, 0xF4, 0xF1, 0x5F, 0xED, 0x33, 0x3A, 0xCF, 0x7C, 0x54, 0xFB,
    0xEC, 0xCD, 0xF6, 0xB5, 0xFB, 0x79, 0xE8, 0xF3, 0xE3, 0xF3, 0xD3, 0x5F, 0xFF, 0xF7, 0xA9, 0xDE,
    0xE3, 0xEE, 0xBD, 0xDB, 0x7E, 0x2F, 0x75, 0x1C, 0xFF, 0xF8, 0x2C, 0xA3, 0x14, 0xE9, 0x71, 0x18,
    0x08, 0x17, 0xF8, 0xB5, 0x41, 0x57, 0xC9, 0x01, 0x04, 0xBA, 0xBA, 0x20, 0xAF, 0x3F, 0xF4, 0x55,
    0x0A, 0xF2, 0x2A, 0xA8, 0xB5, 0x1D, 0x67, 0xBC, 0xFD, 0xF7, 0xEC, 0x56, 0x7D, 0x9E, 0x38, 0x46,
    0x96, 0x65, 0x67, 0x30, 0x8D, 0x9B, 0x50, 0x76, 0xCC, 0xD1, 0x91, 0x06, 0xCE, 0x45, 0x43, 0x50,
    0x75, 0xF9, 0x05, 0x21, 0xD2, 0xD8, 0xAA, 0xF9, 0xE5, 0xAA, 0x60, 0x83, 0xE1, 0x40, 0xCC, 0x8C,
    0xBD, 0x5D, 0x40, 0x9C, 0x80, 0xBD, 0x00, 0xBC, 0x1C, 0x38, 0xD4, 0x57, 0x3E, 0x13, 0x67, 0x6F,
    0x29, 0x34, 0x38, 0x8C, 0x88, 0x82, 0xFB, 0xC0, 0x08, 0x4B, 0xC6, 0x45, 0xAA, 0x3F, 0xD0, 0x19,
    0x15, 0x9C, 0xEC, 0x3A, 0x2C, 0x9C, 0x8F, 0x3C, 0x8C, 0xE5, 0xF6, 0xC8, 0x8B, 0x2F, 0xFC, 0xC9,
    0x40, 0x20, 0xB3, 0x4D, 0xAB, 0xEB, 0xEE, 0x91, 0xC7, 0x91, 0x12, 0xD9, 0x9A, 0xBD, 0x5E, 0x7E,
    0x1C, 0xCC, 0x79, 0xAB, 0x56, 0x05, 0x6D, 0xBB, 0x22, 0xCA, 0x88, 0x31, 0xB5, 0xBB, 0xFD, 0xE5,
    0x1D, 0x8F, 0x40, 0x35, 0x5A, 0x06, 0xD4, 0xF5, 0x8C, 0x23, 0x5A, 0xB5, 0x42, 0xFC, 0xE4, 0xE9,
    0x6F, 0xE6, 0xE6, 0x43, 0x74, 0x75, 0xC1, 0x87, 0x4D, 0xDD, 0x30, 0x04, 0xA3, 0x8E, 0x80, 0x61,
    0xC5, 0xAF, 0x3C, 0xB8, 0xA8, 0xFE, 0xDC, 0xF5, 0xFC, 0xCC, 0x24, 0xB8, 0x2A, 0xC1, 0xF4, 0x5A,
    0xD7, 0x7D, 0xF5, 0x76, 0x9E, 0x3D, 0x5F, 0xF6, 0x7E, 0xF2, 0x93, 0xE8, 0xE2, 0x7A, 0xCE, 0x23,
    0x81, 0x41, 0xC6, 0x42, 0xC1, 0x08, 0xC1, 0xD4, 0x85, 0x2E, 0x75, 0xCD, 0x01, 0x22, 0x10, 0x46,
    0x81, 0x08, 0xAA, 0xE8, 0x74, 0x38, 0xEA, 0x2E, 0x04, 0x98, 0x7F, 0x45, 0x58, 0x8E, 0xE1, 0x86,
    0x23, 0xAE, 0x24, 0x8F, 0xCC, 0x64, 0x9E, 0xB3, 0x65, 0x9E, 0x67, 0xEF, 0x9D, 0x27, 0x0E, 0x1F,
    0x31, 0x80, 0x25, 0x01, 0x25, 0x50, 0x83, 0x26, 0xB4, 0x37, 0xEC, 0x9D, 0xD6, 0x32, 0x1A, 0x1D,
    0x0C, 0x51, 0x2A, 0xC2, 0x3B, 0x2A, 0x48, 0xA0, 0x25, 0x5B, 0xD2, 0x52, 0xFA, 0x7A, 0x9D, 0x19,
    0x4C, 0x6B, 0x6E, 0x01, 0x9C, 0x14, 0x30, 0x52, 0x35, 0x9A, 0xB2, 0x09, 0x22, 0xF6, 0xC4, 0x46,
    0x62, 0xD2, 0xB8, 0xF3, 0x70, 0xED, 0x79, 0x58, 0xA5, 0x5A, 0xBD, 0xA1, 0xEF, 0xF1, 0xE1, 0xDF,
    0xD6, 0x35, 0x96, 0xF1, 0x59, 0x97, 0xAD, 0x48, 0x6C, 0xA4, 0x01, 0xF1, 0x05, 0xB7, 0xE0, 0x9F,
    0x66, 0xB7, 0x2A, 0x66, 0xA9, 0x96, 0x0C, 0xB0, 0x70, 0x11, 0x4A, 0x88, 0xA3, 0xCF, 0xB8, 0x37,
    0x45, 0xA2, 0x88, 0x6F, 0xAB, 0xAB, 0x50, 0x37, 0x6A, 0x83, 0xAB, 0xF9, 0xF5, 0x1E, 0xF0, 0x8F,
    0xB3, 0x26, 0x87, 0x17, 0xA8, 0xC9, 0x95, 0x83, 0x25, 0x9F, 0xD8, 0xA4, 0xF1, 0x73, 0xBF, 0xEB,
    0x03, 0x15, 0xEA, 0xE3, 0x9C, 0xF7, 0xF7, 0xFA, 0xF8, 0x46, 0xC4, 0xE6, 0xF7, 0x3C, 0x2F, 0xF7,
    0x60, 0xD8, 0x9D, 0x87, 0xC0, 0x9C, 0xA8, 0xCF, 0x3C, 0x3B, 0x73, 0x87, 0x1D, 0x2B, 0x84, 0x50,
    0x73, 0x50, 0x40, 0xD4, 0x48, 0x8E, 0xF9, 0x5A, 0x96, 0x21, 0x58, 0x41, 0x62, 0x07, 0xC4, 0xFF,
    0xD0, 0xFD, 0x5F, 0x54, 0x63, 0x28, 0x4D, 0x2B, 0xC6, 0x5B, 0xDE, 0x98, 0xE1, 0xA6, 0xD5, 0x60,
    0xE5, 0x31, 0xF0, 0x69, 0x6E, 0x3D, 0x2E, 0xCE, 0xD9, 0xEC, 0x78, 0xC3, 0xA8, 0xD9, 0xFA, 0xE8,
    0x4F, 0xBB, 0xEB, 0x74, 0x83, 0x39, 0xAC, 0xD0, 0x38, 0xB0, 0x1A, 0xAF, 0x6E, 0x6B, 0x5F, 0x77,
    0x0D, 0xDE, 0xF2, 0x6B, 0xB9, 0x8D, 0xBA, 0x10, 0x18, 0x09, 0x69, 0x69, 0x70, 0x14, 0x34, 0xC5,
    0x2D, 0x29, 0x93, 0xC7, 0xE1, 0xAF, 0x97, 0xB5, 0xD6, 0x24, 0xDB, 0xBA, 0xAF, 0x49, 0xA3, 0x77,
    0xD1, 0x68, 0x33, 0xF4, 0x15, 0x54, 0xD1, 0x51, 0x51, 0x75, 0xFF, 0x1B, 0x06, 0x41, 0xEC, 0xFB,
    0x69, 0xB8, 0x42, 0x75, 0xFD, 0xDC, 0x5C, 0xC3, 0xEB, 0xEE, 0xB3, 0x61, 0x53, 0x68, 0x47, 0x86,
    0xEC, 0x3D, 0x22, 0x69, 0xEA, 0x7A, 0x22, 0x2D, 0x5C, 0xF2, 0x5B, 0xF6, 0x5E, 0xF1, 0x5F, 0x77,
    0xD7, 0x5A, 0xB9, 0xA4, 0x32, 0xFE, 0xDB, 0x04, 0x1F, 0xB9, 0xC3, 0xB7, 0x6A, 0xCD, 0x61, 0xB0,
    0x2E, 0x2A, 0xC5, 0x62, 0xC7, 0x19, 0xE4, 0xD6, 0x55, 0x25, 0xA9, 0xC2, 0xE8, 0x7F, 0xF3, 0xBD,
    0xD8, 0xBE, 0x58, 0xB9, 0xCA, 0xFA, 0x3E, 0x0A, 0xE2, 0xF6, 0x6F, 0x5B, 0xB9, 0x7D, 0xA5, 0xB2,
    0xC0, 0xED, 0x75, 0xB3, 0x0A, 0x41, 0x8C, 0x67, 0x05, 0xFD, 0x39, 0x93, 0xF8, 0xDC, 0x6D, 0x48,
    0xF1, 0x1E, 0x3D, 0x9F, 0x32, 0xDA, 0xBC, 0x88, 0xEF, 0x82, 0xFD, 0x96, 0xDC, 0x44, 0x3B, 0xD9,
    0xCE, 0xEC, 0xD0, 0xE9, 0xCE, 0xA0, 0x65, 0xD0, 0xD9, 0xF1, 0x39, 0xDD, 0xBC, 0xD3, 0xCD, 0xC6,
    0x96, 0xC3, 0x01, 0x87, 0x4A, 0x85, 0x1A, 0x23, 0x96, 0x31, 0xDF, 0x2C, 0x7C, 0x88, 0xAB, 0x96,
    0xFC, 0x4B, 0x2C, 0x1F, 0xB2, 0x75, 0xE0, 0xF3, 0x67, 0x76, 0xFD, 0x33, 0x7C, 0x1D, 0x52, 0x83,
    0xF3, 0x84, 0x3B, 0xA4, 0x00, 0x9D, 0x56, 0x4B, 0xCA, 0x24, 0x31, 0x08, 0xFE, 0xC0, 0xAD, 0xE0,
    0x55, 0x02, 0xB5, 0x0D, 0xE4, 0xEA, 0x42, 0xB6, 0x05, 0x75, 0x15, 0x21, 0xDB, 0x80, 0xA3, 0xA4,
    0x8B, 0xF9, 0x1F, 0xD5, 0x43, 0x67, 0xD4, 0xB4, 0xCF, 0x2F, 0xEF, 0x14, 0x7D, 0x06, 0x01, 0x20,
    0x05, 0x70, 0xEB, 0x46, 0x7D, 0xD8, 0x79, 0x70, 0x93, 0x21, 0xC6, 0x07, 0x17, 0x3E, 0xC6, 0x9D,
    0xFF, 0xAA, 0x8F, 0xA0, 0x27, 0x7C, 0xE9, 0x2F, 0xFC, 0x79, 0xA4, 0x4E, 0x9F, 0x76, 0xF0, 0x4D,
    0xBA, 0xAC, 0xF1, 0xBB, 0xDB, 0x49, 0xDC, 0x98, 0x64, 0x6B, 0xFC, 0xAB, 0xCB, 0x0C, 0xFC, 0x71,
    0x05, 0x3E, 0x74, 0xFA, 0x5B, 0xE3, 0x07, 0xE0, 0xAC, 0x67, 0x2C, 0xFB, 0x3C, 0xCE, 0x72, 0x96,
    0xF4, 0xF7, 0xC6, 0x1F, 0x34, 0x4F, 0xC2, 0x11, 0xDA, 0x42, 0x87, 0xEF, 0x3B, 0x78, 0xE9, 0x36,
    0x8C, 0x89, 0x85, 0xBA, 0xAB, 0xE6, 0x3E, 0x6C, 0xCE, 0xFF, 0x85, 0x6F, 0xBD, 0xBB, 0x21, 0xF0,
    0x57, 0xDF, 0xDD, 0xBF, 0x61, 0x9D, 0xD1, 0x3A, 0x75, 0xEB, 0x28, 0xA5, 0xCB, 0xD6, 0xFA, 0xF9,
    0x18, 0xE3, 0x2C, 0x5A, 0xC4, 0xF4, 0x48, 0xCD, 0xA5, 0xEF, 0xED, 0xDF, 0x61, 0xC3, 0x4A, 0x0E,
    0xAC, 0xFD, 0x54, 0x2D, 0x84, 0x3D, 0x7C, 0x63, 0x1A, 0xF7, 0xBD, 0xC9, 0x7D, 0x28, 0x32, 0xC6,
    0x26, 0x5E, 0xBE, 0xE3, 0x6D, 0x0B, 0x8F, 0xC9, 0xA4, 0x9D, 0x97, 0x3E, 0x43, 0x77, 0xA6, 0xBD,
    0xF3, 0x1F, 0xC3, 0x18, 0x2C, 0xA4, 0x43, 0xF5, 0x40, 0xBE, 0x83, 0xFF, 0xC7, 0x17, 0x0E, 0xFC,
    0xDE, 0xFA, 0xC9, 0xDC, 0xF2, 0xDE, 0x9E, 0x18, 0x76, 0x82, 0x1B, 0xED, 0xEE, 0x5F, 0x39, 0xEC,
    0x2C, 0x96, 0xDA, 0xB8, 0x94, 0x42, 0xEA, 0x7B, 0xF8, 0x63, 0x04, 0x9E, 0x03, 0x3F, 0x8C, 0x0F,
    0x14, 0xDA, 0x5C, 0x7F, 0xDE, 0x5F, 0x62, 0x08, 0x51, 0xD7, 0x8E, 0xD2, 0x48, 0xFA, 0xE6, 0xFE,
    0xAD, 0x73, 0x67, 0xF2, 0xD4, 0xE9, 0xEF, 0xE0, 0x99, 0xB5, 0x5F, 0x55, 0x95, 0xCF, 0xB3, 0x9F,
    0x3C, 0x34, 0xFD, 0xBD, 0xF9, 0x6B, 0xAE, 0x9B, 0x25, 0xCF, 0x7D, 0xFF, 0xFB, 0x87, 0xB6, 0xF0,
    0xF9, 0xEE, 0xDD, 0x38, 0xF0, 0xE7, 0x1E, 0x5E, 0xBA, 0x7A, 0xE0, 0x21, 0x5C, 0x86, 0xE6, 0x39,
    0xD0, 0xDE, 0xFD, 0x11, 0xE9, 0x97, 0x15, 0x66, 0x3E, 0x4E, 0xE9, 0xE5, 0xE4, 0x1A, 0xFE, 0xFE,
    0xFD, 0x85, 0x0A, 0xA3, 0xEB, 0x09, 0x5D, 0xF7, 0x6F, 0x1F, 0x5F, 0x48, 0xBB, 0xA1, 0xA8, 0x5C,
    0x7D, 0xF3, 0xFD, 0x7A, 0xEF, 0x60, 0xC0, 0x98, 0x94, 0x19, 0x64, 0x9B, 0xEF, 0xF7, 0x7E, 0x3F,
    0xBD, 0x93, 0xE9, 0x01, 0x91, 0xBD, 0xFB, 0x1F, 0xA0, 0xDE, 0x79, 0x28, 0xD9, 0xD9, 0x3B, 0x54,
    0x09, 0x9B, 0xF7, 0x47, 0x34, 0xC6, 0x3F, 0x10, 0xE7, 0x4F, 0xAF, 0x77, 0xFC, 0x76, 0x7C, 0x98,
    0xA1, 0x94, 0x62, 0x49, 0x61, 0x89, 0xB5, 0x39, 0xDD, 0x74, 0xE8, 0x80, 0xB7, 0x36, 0xC5, 0x72,
    0xF9, 0x32, 0xAB, 0x04, 0x43, 0xD0, 0x4C, 0x20, 0x60, 0x34, 0x77, 0xBF, 0xCE, 0x66, 0x56, 0x93,
    0x9B, 0x5D, 0xA7, 0x89, 0x49, 0x0D, 0x12, 0x23, 0x6D, 0x73, 0xB5, 0xE4, 0x17, 0x01, 0xBA, 0x28,
    0x47, 0x88, 0x32, 0xB4, 0xA8, 0xB0, 0x66, 0xE2, 0x12, 0x95, 0x13, 0x11, 0xCA, 0xD1, 0x62, 0x5C,
    0x85, 0x43, 0xBA, 0x55, 0xD4, 0xE2, 0x3C, 0xFA, 0xD5, 0x41, 0x21, 0x61, 0x84, 0x5B, 0xC1, 0x91,
    0x82, 0xA3, 0xA2, 0xA3, 0x65, 0x53, 0xC0, 0x55, 0x62, 0x64, 0x0B, 0x8A, 0xD1, 0xC5, 0x83, 0x20,
    0xC9, 0xA1, 0xEF, 0x9E, 0x8E, 0xD5, 0x53, 0xD0, 0xA4, 0x71, 0xC9, 0x71, 0x71, 0x04, 0x57, 0x4F,
    0xAE, 0x35, 0xC2, 0x95, 0x34, 0x39, 0xC1, 0xCB, 0x02, 0xD2, 0x6E, 0xC8, 0x09, 0x09, 0x2A, 0x5C,
    0x5D, 0xD3, 0xA3, 0xF0, 0x28, 0x62, 0x0D, 0x5C, 0xD5, 0xE4, 0x0B, 0xB7, 0xDC, 0x12, 0x43, 0x72,
    0x98, 0x7C, 0x73, 0x63, 0xFA, 0xC1, 0x66, 0x0C, 0x41, 0xD7, 0x96, 0x53, 0x94, 0xA0, 0xEC, 0x57,
    0xB3, 0x4F, 0x00, 0xAE, 0x6B, 0x19, 0x6B, 0x49, 0x02, 0x83, 0x43, 0xE1, 0xA4, 0x10, 0x02, 0x22,
    0x0C, 0xE1, 0x00, 0x56, 0x07, 0xCA, 0x05, 0x8C, 0x68, 0xDD, 0xD7, 0xAC, 0x20, 0xC1, 0xEA, 0x14,
    0x02, 0xC9, 0xBA, 0x28, 0x9B, 0xB1, 0xD6, 0x2C, 0xD2, 0x4A, 0x6A, 0x44, 0x2E, 0xE4, 0x0D, 0x05,
    0x43, 0x0D, 0xA4, 0xD9, 0xA7, 0x82, 0xBA, 0x44, 0x45, 0x43, 0x63, 0x07, 0xEA, 0x05, 0x04, 0x02,
    0xC3, 0x15, 0xD9, 0x67, 0xB4, 0x64, 0x40, 0x82, 0x2B, 0x26, 0x0C, 0x79, 0xE0, 0x3E, 0x9B, 0xD1,
    0xBA, 0x45, 0x05, 0x49, 0x33, 0x85, 0x1C, 0x74, 0x41, 0x2E, 0x15, 0xD2, 0x46, 0x56, 0x61, 0xCD,
    0xCD, 0x7D, 0x1A, 0x6A, 0x08, 0x18, 0xA8, 0x80, 0x7E, 0x5C, 0x5F, 0x90, 0x35, 0xF4, 0x71, 0xFD,
    0x54, 0x6A, 0x9F, 0x16, 0x47, 0x30, 0xE4, 0xD3, 0x9E, 0x0D, 0xC4, 0x29, 0xB0, 0x8F, 0xEA, 0xC9,
    0xDD, 0xB2, 0x45, 0x09, 0x44, 0xEE, 0xE6, 0x5A, 0xA3, 0x35, 0x07, 0xB2, 0x99, 0x64, 0x73, 0xCB,
    0x46, 0x0E, 0xF1, 0x57, 0x3F, 0x13, 0xB0, 0x7B, 0x9C, 0x70, 0x23, 0x18, 0x29, 0x72, 0xA0, 0xA4,
    0x4F, 0x92, 0x09, 0x46, 0xA8, 0xD7, 0x0D, 0x35, 0x24, 0xFB, 0xF4, 0xF9, 0xB2, 0x82, 0x50, 0x60,
    0x84, 0x7F, 0xE4, 0x95, 0x8C, 0xF9, 0x7D, 0xBE, 0x06, 0xBD, 0xCF, 0xAA, 0x31, 0xEA, 0x17, 0xE2,
    0xAA, 0xB0, 0x2F, 0xC4, 0x68, 0x50, 0x05, 0xEA, 0x1B, 0xB6, 0x20, 0x40, 0xDE, 0xB1, 0x87, 0x98,
    0x60, 0x0A, 0xAA, 0xA0, 0x85, 0x19, 0x12, 0x46, 0xBA, 0x11, 0x4C, 0x1F, 0x34, 0xC0, 0x73, 0x9D,
    0x9D, 0x39, 0x52, 0x86, 0xA6, 0xBC, 0xA8, 0x5A, 0x8A, 0x58, 0x0A, 0x19, 0x14, 0x30, 0x80, 0x11,
    0xF4, 0x7D, 0xA3, 0x5F, 0xA7, 0x15, 0xC6, 0xB7, 0x8D, 0x26, 0x40, 0x80, 0xF2, 0x69, 0xFD, 0x7D,
    0x4D, 0x3F, 0xAE, 0xCF, 0x6B, 0xFA, 0x69, 0x31, 0x75, 0x0D, 0xF9, 0xB0, 0xB8, 0x10, 0xA6, 0x68,
    0x6B, 0x90, 0x09, 0xB2, 0xFC, 0x6D, 0x2D, 0x23, 0x11, 0x27, 0x67, 0x71, 0x6B, 0xB0, 0x4A, 0x36,
    0xA5, 0x5A, 0xCD, 0x3D, 0x1A, 0x3A, 0x57, 0xA4, 0xB9, 0x76, 0xC7, 0xD7, 0xF7, 0x6C, 0xB0, 0x77,
    0x32, 0xB3, 0x5E, 0xC5, 0x71, 0xBF, 0xE7, 0x4F, 0xEB, 0xEF, 0x8D, 0xFA, 0xB4, 0x5E, 0x24, 0xE4,
    0x3F, 0x27, 0x13, 0xF1, 0x4A, 0xBA, 0x7A, 0xA0, 0x99, 0x02, 0xFB, 0x2A, 0xC1, 0xF0, 0x09, 0x77,
    0x98, 0xA8, 0x51, 0x4A, 0x18, 0xEE, 0x11, 0xFC, 0x5B, 0xD5, 0xCC, 0xA7, 0x55, 0xAB, 0xC3, 0xC6,
    0x34, 0x59, 0x3C, 0xE6, 0xB0, 0xFB, 0xF9, 0xAD, 0x3C, 0x66, 0x9B, 0x73, 0x7D, 0x12, 0xDB, 0x7A,
    0x78, 0x4F, 0x19, 0x82, 0x68, 0x29, 0x4F, 0x19, 0x39, 0x0F, 0x7B, 0x8A, 0x87, 0x7A, 0x8C, 0x93,
    0x72, 0xE1, 0x42, 0xFA, 0x3B, 0xD3, 0x46, 0xAE, 0xC8, 0x91, 0x4B, 0x0F, 0x43, 0x5B, 0xB4, 0x59,
    0x01, 0x73, 0xD1, 0x8C, 0xB7, 0x3E, 0x21, 0x16, 0xF5, 0xCD, 0x90, 0x1C, 0x90, 0x29, 0x46, 0x20,
    0x2D, 0x26, 0x7A, 0xAF, 0x2A, 0x2B, 0x4C, 0x3C, 0xE8, 0xAE, 0x58, 0xAB, 0x7A, 0xCC, 0x28, 0x19,
    0xF3, 0x53, 0x46, 0xAA, 0xD4, 0xA7, 0xB8, 0x1A, 0xE3, 0xF9, 0xCB, 0xF1, 0xFE, 0xB3, 0x31, 0x74,
    0x3C, 0xC5, 0x83, 0x9B, 0xB9, 0xD2, 0x5A, 0x91, 0x24, 0xAF, 0x31, 0xD6, 0x8E, 0x8E, 0xE9, 0x1E,
    0xCE, 0x17, 0xFE, 0xBA, 0xC2, 0xEF, 0x08, 0x28, 0x29, 0xE3, 0x29, 0x73, 0x9F, 0x9B, 0x3C, 0x8F,
    0xF2, 0x10, 0xAF, 0xC1, 0x4F, 0xF1, 0xBF, 0x7F, 0x2A, 0x80, 0xB4, 0x65, 0x34, 0x8F, 0x0A, 0x1F,
    0x97, 0xCB, 0x0C, 0xF3, 0xB2, 0x7B, 0x7E, 0x3F, 0xFF, 0x55, 0xB4, 0x6B, 0xCD, 0xEF, 0x29, 0xB3,
    0xE6, 0xF7, 0x94, 0xC9, 0x79, 0x3C, 0xC5, 0xEF, 0xD3, 0xB4, 0x75, 0x48, 0x21, 0xC1, 0x46, 0x46,
    0x9A, 0xDC, 0x50, 0x61, 0xC9, 0x18, 0xE6, 0x5F, 0x56, 0xE0, 0x73, 0x98, 0x61, 0x71, 0x22, 0xFE,
    0x85, 0xFF, 0x03, 0x8D, 0x97, 0xC1, 0xAA, 0xF3, 0x30, 0x0E, 0x85, 0x3F, 0xD0, 0x36, 0xA0, 0x57,
    0x09, 0xCC, 0xD6, 0xE0, 0x57, 0x17, 0xDC, 0xED, 0x0F, 0x7D, 0x95, 0x03, 0xDD, 0x0A, 0x34, 0x11,
    0x6D, 0x4A, 0xE6, 0x26, 0xBD, 0x13, 0xEB, 0x88, 0xD6, 0x76, 0xF5, 0xD9, 0x71, 0x5C, 0xC5, 0xB1,
    0x02, 0x20, 0x5B, 0x56, 0xD8, 0x03, 0x7F, 0x84, 0x5B, 0x4C, 0xD3, 0x40, 0xB3, 0x54, 0x95, 0x62,
    0x6C, 0x9A, 0x82, 0xA9, 0x4A, 0x0D, 0x72, 0x66, 0x0E, 0x8D, 0xCA, 0x39, 0xCD, 0x20, 0xEF, 0x22,
    0xD6, 0xD5, 0xE3, 0x0A, 0xF2, 0xFF, 0x63, 0xD7, 0x41, 0xC0, 0x0F, 0xE4, 0x39, 0xBC, 0x0C, 0x5B,
    0x4C, 0x18, 0x38, 0xAC, 0x40, 0xA3, 0xBC, 0xDE, 0x90, 0x04, 0xD1, 0x4A, 0x68, 0xA6, 0xC9, 0x2B,
    0xAC, 0x60, 0x45, 0x06, 0xB8, 0x66, 0xE6, 0x14, 0x6D, 0x39, 0x67, 0xBA, 0x9A, 0x91, 0x98, 0xDD,
    0x26, 0x85, 0x69, 0x59, 0x2E, 0x49, 0x02, 0xDD, 0xC5, 0x58, 0x58, 0x5C, 0x41, 0xCC, 0x20, 0xB9,
    0x7F, 0x61, 0xCB, 0x62, 0xE2, 0x92, 0xB4, 0x2C, 0x98, 0x20, 0x00, 0x4A, 0x54, 0x21, 0x0F, 0xD9,
    0x26, 0x89, 0x96, 0x4C, 0x5D, 0xF5, 0xA8, 0xA2, 0x04, 0x6E, 0xF1, 0x72, 0xC2, 0xCB, 0x98, 0x05,
    0x39, 0x41, 0xBE, 0xFB, 0xAB, 0xDE, 0xED, 0xFE, 0x00, 0xAF, 0x4D, 0x72, 0xD2, 0x19, 0xCE, 0x2C,
    0x75, 0xCD, 0x99, 0x5D, 0x25, 0xBB, 0x52, 0xCD, 0x2C, 0xDC, 0x6B, 0x56, 0x4E, 0x79, 0x5B, 0xCE,
    0x59, 0xFE, 0x98, 0x82, 0xDA, 0x8A, 0x68, 0xAB, 0xAC, 0x14, 0x6D, 0xDD, 0xE6, 0xF9, 0xBA, 0x1A,
    0x79, 0xD7, 0xF6, 0xAB, 0xE9, 0xDD, 0xF4, 0x3D, 0xA6, 0x57, 0xE1, 0x2A, 0xCA, 0xC2, 0xFE, 0x88,
    0xEA, 0xDE, 0xAB, 0xA8, 0xAF, 0xA3, 0xB0, 0xAC, 0x1E, 0x17, 0xA3, 0xD0, 0x5B, 0xB2, 0x67, 0x68,
    0xF0, 0xF7, 0x1C, 0x4F, 0xE3, 0xDD, 0xD8, 0x82, 0xAE, 0x74, 0xED, 0xF7, 0x5C, 0x96, 0xFA, 0x6C,
    0xC1, 0xC7, 0xEF, 0x75, 0xC5, 0x0F, 0xBB, 0xE8, 0x2E, 0xAE, 0x27, 0xF6, 0x17, 0x0C, 0x81, 0xEE,
    0xC2, 0x7A, 0x4D, 0xFF, 0x82, 0xDD, 0x61, 0x00, 0x0C, 0x5A, 0x0B, 0xAD, 0x15, 0xC2, 0xF8, 0x4E,
    0x3E, 0xAF, 0xA2, 0xD0, 0x47, 0x55, 0x2D, 0xF1, 0x5B, 0x0B, 0x93, 0x08, 0x50, 0x1B, 0xCF, 0xAC,
    0x4A, 0xD7, 0xC1, 0xF6, 0xE8, 0xBF, 0x18, 0xA2, 0x2E, 0x63, 0xE7, 0xFA, 0x08, 0xF0, 0x2F, 0xF6,
    0xAD, 0xB7, 0x02, 0xC6, 0x17, 0xBB, 0xEE, 0x8B, 0x98, 0xEC, 0xED, 0xF7, 0x7B, 0x75, 0x28, 0xF1,
    0x93, 0x12, 0x17, 0xD5, 0x73, 0x61, 0x5C, 0x4B, 0x2D, 0x55, 0x6A, 0xF6, 0xE7, 0x00, 0x8D, 0xDF,
    0x46, 0x5B, 0x22, 0x56, 0xD2, 0xEC, 0x3C, 0x29, 0xBD, 0x92, 0xFB, 0x7E, 0x4F, 0xBE, 0xAD, 0x1B,
    0x03, 0x99, 0xE4, 0xA1, 0x89, 0x92, 0xA7, 0xA8, 0xA0, 0x84, 0x92, 0x6E, 0xF1, 0xE8, 0x5E, 0x12,
    0x40, 0x2D, 0xD6, 0x16, 0x81, 0x5E, 0x36, 0x95, 0x4F, 0x55, 0x94, 0x52, 0x9B, 0x86, 0x26, 0xAF,
    0x5D, 0xB5, 0x99, 0x5D, 0xF4, 0x1A, 0xCE, 0x0A, 0xE8, 0xC2, 0x6A, 0x2B, 0xCB, 0x08, 0x74, 0x28,
    0xDF, 0x7E, 0xC7, 0x71, 0x94, 0x43, 0x41, 0x5A, 0xD7, 0x10, 0xF6, 0x76, 0xFA, 0x13, 0xC1, 0xA5,
    0x57, 0xB5, 0xBF, 0x57, 0x77, 0xD1, 0x7A, 0x1E, 0xEB, 0x2C, 0x6F, 0x81, 0xA0, 0xAA, 0xA5, 0x83,
    0x1D, 0x67, 0xEC, 0xEC, 0x5A, 0xF1, 0xC0, 0x61, 0xC2, 0xE3, 0xD3, 0x58, 0xDA, 0x34, 0xC6, 0x98,
    0x63, 0xE4, 0xE8, 0xC2, 0x02, 0x03, 0x02, 0x20, 0x51, 0xD1, 0x7A, 0x46, 0xEB, 0x5D, 0x86, 0x5A,
    0xAE, 0x96, 0x69, 0x7F, 0xFC, 0x9E, 0xFF, 0x29, 0x77, 0xA2, 0xCF, 0xF7, 0xF3, 0xCC, 0x39, 0xAE,
    0xF1, 0xF1, 0xC9, 0x77, 0x87, 0xBF, 0x67, 0xEE, 0x33, 0xF5, 0x33, 0x6A, 0x3C, 0x93, 0x2A, 0xD2,
    0xD1, 0x6F, 0xDD, 0xBB, 0x82, 0x16, 0xB6, 0x29, 0xCE, 0xA3, 0xEC, 0x9B, 0xDB, 0xEA, 0x9C, 0x65,
    0xDF, 0x87, 0xA9, 0x24, 0x8F, 0x4F, 0xFD, 0xFD, 0x19, 0xB9, 0x67, 0xC2, 0x63, 0xD6, 0xBF, 0x89,
    0xE8, 0xAC, 0x7F, 0x05, 0xE1, 0x19, 0xFC, 0x60, 0xCB, 0x5D, 0x8E, 0x3D, 0x6C, 0x59, 0xD6, 0x2B,
    0x92, 0x3F, 0x4B, 0xB3, 0x4A, 0xC3, 0x03, 0xD9, 0xEE, 0x15, 0xED, 0x7B, 0xBD, 0xFB, 0xFA, 0x37,
    0xFD, 0x5B, 0x57, 0xF5, 0xF7, 0xC8, 0x89, 0xE4, 0xF5, 0x76, 0xC8, 0xF9, 0xA3, 0x6E, 0xEF, 0xFE,
    0xE3, 0xC6, 0xAB, 0xDA, 0xD4, 0xA4, 0xFD, 0x14, 0x73, 0x38, 0xE3, 0xB4, 0xB4, 0x89, 0xB0, 0x58,
    0x80, 0x67, 0x54, 0x24, 0x3A, 0xD8, 0xAD, 0xE8, 0xF3, 0xC6, 0x3B, 0x71, 0x60, 0x30, 0x58, 0x36,
    0x5B, 0x8F, 0x1B, 0xEF, 0x16, 0x3F, 0x62, 0x72, 0x3D, 0xBB, 0xE3, 0x75, 0x7A, 0x32, 0x8B, 0xEC,
    0xD0, 0x28, 0x98, 0x89, 0x15, 0x74, 0x35, 0xD2, 0x63, 0x16, 0x9E, 0xB0, 0x22, 0x63, 0x3F, 0x6E,
    0x17, 0x53, 0xF4, 0x67, 0x4E, 0x11, 0x98, 0x58, 0x96, 0xBB, 0x24, 0xC3, 0x63, 0x5D, 0xAF, 0x48,
    0x77, 0xA2, 0x09, 0x10, 0xCB, 0xC0, 0x74, 0x41, 0x30, 0x2C, 0x56, 0x79, 0x7C, 0xD6, 0xE9, 0x8D,
    0xB4, 0xA8, 0xC0, 0x9B, 0x79, 0x84, 0xB1, 0xFF, 0x2F, 0xCF, 0xA0, 0xAA, 0x16, 0xE2, 0x0F, 0x1D,
    0xA7, 0x32, 0x18, 0x14, 0xC5, 0xF8, 0xD8, 0xC4, 0x59, 0x70, 0x7E, 0x62, 0x72, 0x3C, 0x73, 0xDF,
    0x22, 0x5B, 0x8C, 0x4D, 0x44, 0x19, 0x05, 0xE3, 0x7F, 0x35, 0xC1, 0x4F, 0x1C, 0xCB, 0x0B, 0xCE,
    0x18, 0x55, 0xA3, 0x3A, 0xAF, 0xBA, 0x3D, 0x59, 0x12, 0x40, 0xE8, 0x9B, 0xD2, 0x34, 0x2B, 0xBC,
    0xF0, 0x7F, 0xFF, 0x11, 0xC8, 0x0F, 0x36, 0xAB, 0xE6, 0xC3, 0xEA, 0x36, 0x21, 0x2F, 0xE3, 0x0D,
    0x6E, 0x4F, 0xA2, 0xF3, 0xC7, 0x15, 0x84, 0x15, 0xFE, 0xD1, 0x5A, 0xEF, 0xA2, 0x08, 0x5B, 0x6D,
    0x25, 0x2E, 0x71, 0x7B, 0x3A, 0xBA, 0xC9, 0xDA, 0xD3, 0xD1, 0x99, 0x74, 0x27, 0x7A, 0x7F, 0xEF,
    0xBC, 0x08, 0xFF, 0xBC, 0x77, 0x82, 0x07, 0xAC, 0x2B, 0x00, 0x72, 0xB4, 0xFB, 0x70, 0x8B, 0x31,
    0x7F, 0xDA, 0xC3, 0xD7, 0x07, 0xAE, 0xA2, 0xDD, 0x62, 0x7C, 0x9C, 0x05, 0x26, 0x44, 0x40, 0x07,
    0x6C, 0x1A, 0xAF, 0x52, 0xC3, 0x4B, 0xFE, 0x23, 0xFB, 0x89, 0x4D, 0xBF, 0xCE, 0xB2, 0x69, 0x1A,
    0x16, 0xEE, 0x6C, 0xB2, 0xBC, 0xD8, 0x4C, 0xFB, 0x1B, 0x41, 0x4F, 0xB7, 0x91, 0xDE, 0x26, 0x93,
    0x45, 0xDB, 0x64, 0xE0, 0x2D, 0x3E, 0xB8, 0xE9, 0xE1, 0x75, 0x05, 0x5A, 0x18, 0x04, 0xD4, 0x56,
    0xF6, 0xF3, 0x96, 0x87, 0x33, 0x48, 0xBA, 0x6D, 0xCF, 0x33, 0x95, 0x95, 0x64, 0x0F, 0xE0, 0x31,
    0xE9, 0x9A, 0x85, 0xFD, 0x11, 0xD7, 0xBD, 0x57, 0x51, 0x9F, 0x4C, 0x50, 0x15, 0x9B, 0x98, 0x90,
    0x98, 0xF0, 0xF7, 0xD7, 0x77, 0xFB, 0x9E, 0x09, 0xCE, 0x00, 0x5E, 0x45, 0x46, 0xDB, 0xC4, 0x0E,
    0x06, 0xF0, 0x5F, 0x9D, 0x56, 0xC1, 0xAA, 0xF3, 0xBC, 0x0E, 0x1C, 0xD0, 0xD6, 0xA0, 0x57, 0x31,
    0x74, 0x6B, 0xD0, 0xAB, 0x0B, 0xBA, 0x3D, 0x90, 0x57, 0x19, 0xC8, 0x56, 0xA0, 0x1B, 0x3B, 0x31,
    0xCD, 0xED, 0x49, 0x7E, 0x72, 0xBE, 0x99, 0x31, 0x6D, 0x2D, 0x67, 0xEA, 0xD8, 0xB2, 0x12, 0x49,
    0xD5, 0x5C, 0x4C, 0xD6, 0x86, 0x08, 0x04, 0xD1, 0x36, 0x05, 0xA2, 0x81, 0x26, 0xD4, 0x74, 0x49,
    0x28, 0x69, 0xC1, 0xB0, 0x4A, 0x75, 0x2A, 0x36, 0x85, 0xC1, 0x02, 0x4A, 0x10, 0x31, 0xC5, 0x2F,
    0x85, 0xD0, 0xD2, 0x35, 0x41, 0xE5, 0xD0, 0xE7, 0x72, 0x1A, 0x32, 0x61, 0x0B, 0xF0, 0x42, 0x01,
    0x80, 0x66, 0x2F, 0x19, 0x2C, 0x1B, 0x6B, 0x67, 0x33, 0x4C, 0x6C, 0x63, 0x1A, 0x5E, 0x78, 0xD9,
    0x1C, 0xF1, 0x1D, 0x97, 0x22, 0x10, 0xE8, 0xFF, 0xC5, 0xD5, 0x70, 0x42, 0xB5, 0x2A, 0x27, 0xBE,
    0xEB, 0xDB, 0x1A, 0x3E, 0xE8, 0x7D, 0xA8, 0x7A, 0x1E, 0x63, 0x6F, 0x14, 0x10, 0x03, 0x4D, 0x8A,
    0x14, 0x14, 0x2D, 0xF2, 0x61, 0x9E, 0xE2, 0x40, 0x5D, 0xBA, 0x67, 0xDB, 0xF8, 0xDA, 0x58, 0xD7,
    0x8D, 0x3F, 0x67, 0xFF, 0x2D, 0xEA, 0x6D, 0x19, 0xF1, 0xC1, 0xBA, 0x51, 0x3E, 0xD7, 0xCB, 0x46,
    0xBC, 0xB4, 0xF5, 0xFE, 0xC1, 0x19, 0x17, 0x01, 0x02, 0xA8, 0xE8, 0x88, 0x2E, 0x49, 0xC8, 0x02,
    0x5D, 0x5C, 0xC5, 0x4D, 0xD8, 0x40, 0x4B, 0x66, 0x1E, 0x1B, 0x57, 0xAB, 0xBA, 0x00, 0x30, 0x66,
    0xB0, 0x21, 0x2C, 0xA2, 0xB1, 0x65, 0x98, 0xB9, 0x1B, 0x0A, 0x80, 0x76, 0xC3, 0xFB, 0xF8, 0x79,
    0x0E, 0x92, 0xD0, 0x3C, 0xFE, 0xF7, 0x2E, 0x5B, 0x4A, 0x11, 0xC2, 0x01, 0xA5, 0x45, 0x18, 0xB5,
    0x33, 0xCC, 0x42, 0x79, 0x76, 0x22, 0x38, 0x75, 0x9B, 0x38, 0xD3, 0x89, 0x7A, 0xA2, 0x65, 0xDA,
    0x22, 0x09, 0x00, 0xAA, 0x5D, 0x0F, 0xCD, 0x8C, 0x40, 0x63, 0xE3, 0x95, 0x1D, 0x0A, 0xD0, 0x00,
    0xFF, 0xB3, 0x29, 0x2A, 0x28, 0xB8, 0x37, 0x9E, 0x77, 0xFC, 0x67, 0xE3, 0xB9, 0x91, 0xB7, 0xC6,
    0x80, 0xF8, 0xBF, 0x18, 0x17, 0x28, 0xE0, 0xF7, 0xC6, 0xFB, 0xAE, 0x41, 0x73, 0x03, 0xD5, 0x42,
    0x79, 0xAC, 0xB5, 0xF8, 0xA6, 0x87, 0x69, 0x38, 0xD7, 0xFA, 0x2A, 0x11, 0x77, 0x3B, 0xB4, 0xA1,
    0xE7, 0x76, 0xE2, 0xE2, 0x57, 0x76, 0x30, 0xA2, 0x43, 0x32, 0x39, 0xDA, 0x02, 0xA8, 0xCE, 0x96,
    0xDE, 0xB6, 0x66, 0x09, 0xF4, 0x46, 0xED, 0x2D, 0xD9, 0x1B, 0xD2, 0xD1, 0x61, 0x6B, 0x20, 0x33,
    0xC1, 0x26, 0x8E, 0xEC, 0x63, 0xD3, 0xA3, 0x01, 0x4C, 0xF5, 0xDE, 0x6F, 0xEF, 0xF8, 0xCA, 0x7A,
    0xEC, 0xEB, 0x16, 0xCA, 0xA6, 0x7B, 0xD6, 0x53, 0x82, 0xBA, 0x58, 0x9E, 0xB2, 0x3D, 0x75, 0xC9,
    0xFC, 0x95, 0xF5, 0xF7, 0x4E, 0xF8, 0x38, 0xCD, 0xAC, 0xFF, 0xED, 0x08, 0xDD, 0x1D, 0x4B, 0x81,
    0xF0, 0x48, 0x57, 0x0A, 0xA9, 0x4E, 0x03, 0x03, 0xEB, 0xB8, 0xAB, 0x24, 0x18, 0xE8, 0x3D, 0xEA,
    0x3D, 0x8A, 0x98, 0xC9, 0xC4, 0x9D, 0xC6, 0x58, 0x99, 0x9E, 0x0C, 0x6E, 0x6A, 0xB4, 0x27, 0xA7,
    0x1A, 0x0E, 0xBC, 0x81, 0xB8, 0x3A, 0xD6, 0x90, 0x22, 0x47, 0x9A, 0xFC, 0xCD, 0x2A, 0x70, 0x6B,
    0x57, 0xEA, 0x9E, 0x6D, 0x16, 0xA8, 0x70, 0x81, 0x10, 0xA5, 0xB3, 0x36, 0x25, 0x0E, 0xCC, 0x31,
    0xFA, 0x3D, 0xA6, 0x28, 0x67, 0x3D, 0xD3, 0x4B, 0x1A, 0x1A, 0x26, 0xEE, 0x9E, 0x3D, 0x13, 0xFF,
    0xF9, 0xEC, 0x81, 0xE0, 0xF6, 0xD9, 0x23, 0x80, 0xFE, 0x61, 0xDF, 0x67, 0x2D, 0xB9, 0xDF, 0x77,
    0x1C, 0xA8, 0x3E, 0xF8, 0x63, 0x3F, 0x75, 0xB2, 0xE2, 0x84, 0x17, 0x5B, 0xA9, 0x9D, 0xB5, 0xFA,
    0x0B, 0x0D, 0x75, 0x10, 0x28, 0x80, 0x02, 0x38, 0x4E, 0x31, 0x73, 0x68, 0xF5, 0xAE, 0x03, 0x6D,
    0x48, 0x87, 0x84, 0xB3, 0x56, 0xAC, 0x91, 0x19, 0xCA, 0x13, 0xCF, 0x05, 0x13, 0x84, 0x94, 0x2E,
    0xF0, 0xD1, 0x69, 0x9E, 0xF7, 0x29, 0xDE, 0xA7, 0x28, 0x7E, 0x71, 0xA6, 0x51, 0x31, 0xDC, 0x04,
    0xFF, 0x76, 0xB6, 0x05, 0x80, 0x02, 0xA8, 0x78, 0x7A, 0xC6, 0xBF, 0x76, 0xAB, 0x68, 0xD2, 0xFA,
    0x78, 0x86, 0x36, 0xB6, 0x46, 0xB6, 0xD5, 0x63, 0xEF, 0xB1, 0xF4, 0xF7, 0xA7, 0xF2, 0xEB, 0x3A,
    0x76, 0x2B, 0xD7, 0x25, 0x35, 0x2C, 0x63, 0xA1, 0x36, 0x48, 0x01, 0xDE, 0x4F, 0xAB, 0xDB, 0xEA,
    0xD5, 0x4B, 0xBD, 0xAC, 0x6D, 0x01, 0x91, 0xA7, 0x36, 0xEA, 0xF5, 0xD2, 0x64, 0xDA, 0xE7, 0x06,
    0xA2, 0x33, 0x23, 0xE3, 0xF8, 0xB6, 0x61, 0xC6, 0x95, 0x16, 0xD4, 0x7D, 0xD4, 0x9E, 0x6E, 0xC3,
    0xF1, 0xF6, 0x3A, 0x61, 0x29, 0x57, 0x57, 0x4D, 0x3F, 0xF1, 0x6B, 0xDE, 0xC7, 0x0D, 0xEE, 0x40,
    0xBB, 0xE1, 0x5D, 0x74, 0x2E, 0xF7, 0xD3, 0xEA, 0x33, 0xFF, 0xFF, 0x77, 0xE1, 0x99, 0xCB, 0xFD,
    0xC8, 0x66, 0xDC, 0xFE, 0x85, 0x49, 0x23, 0x4A, 0x1D, 0x33, 0x02, 0x32, 0x37, 0x39, 0x65, 0x48,
    0x7D, 0xFC, 0x04, 0x75, 0xF6, 0x08, 0x37, 0xCD, 0xE9, 0x34, 0x1A, 0x0D, 0xED, 0x44, 0x21, 0xCA,
    0x63, 0x9B, 0x7D, 0x75, 0x56, 0x4F, 0x0F, 0xF0, 0xC4, 0x39, 0x9D, 0xA7, 0xAF, 0x07, 0x73, 0x3A,
    0x17, 0xEF, 0x48, 0x01, 0x91, 0x87, 0x36, 0x63, 0x75, 0xAE, 0x4C, 0x34, 0x60, 0x89, 0x18, 0x73,
    0x4F, 0xC0, 0x46, 0x52, 0x63, 0xFC, 0x0C, 0x75, 0x4B, 0x68, 0xA0, 0x83, 0x43, 0x75, 0xC8, 0x8F,
    0xA4, 0x4E, 0x18, 0xD1, 0x3F, 0x63, 0xBE, 0x0F, 0x60, 0xA3, 0x20, 0x93, 0x9B, 0x40, 0xDC, 0xEB,
    0xC2, 0xB3, 0xB5, 0xCC, 0xD6, 0x61, 0x8A, 0xD6, 0x4A, 0xA9, 0x38, 0xA0, 0xEC, 0xA5, 0x13, 0x05,
    0xD4, 0x8A, 0x32, 0x48, 0xC5, 0x19, 0x63, 0xCC, 0x8C, 0xCC, 0x4F, 0xDC, 0xBD, 0xDC, 0x66, 0x76,
    0x11, 0xDF, 0x9A, 0x0F, 0x28, 0x76, 0x5E, 0x94, 0xD8, 0xFF, 0x01, 0xB5, 0x96, 0x01, 0xC6, 0x2C,
    0x49, 0x10, 0x84, 0x3F, 0x12, 0x20, 0xC8, 0xAB, 0x04, 0x03, 0x30, 0xCC, 0xD5, 0x93, 0x06, 0x18,
    0xDE, 0x55, 0xEA, 0x00, 0x4D, 0xEF, 0x3C, 0x76, 0xD7, 0xDA, 0x55, 0x61, 0xFF, 0x66, 0x3E, 0xA0,
    0x84, 0x9A, 0x9C, 0x4A, 0x11, 0x99, 0xDD, 0xB0, 0x48, 0xAC, 0x26, 0x51, 0x23, 0x13, 0x69, 0x79,
    0x11, 0x79, 0x9D, 0x44, 0xAE, 0x8B, 0x80, 0x65, 0x75, 0xA8, 0x50, 0x53, 0x43, 0xE0, 0xF9, 0x21,
    0xBF, 0x0F, 0x33, 0xCC, 0x5E, 0x97, 0xF7, 0x15, 0xBA, 0x6D, 0x22, 0x56, 0xBA, 0x0F, 0x0C, 0x43,
    0xD0, 0x65, 0x59, 0x66, 0xC3, 0x5A, 0x12, 0x81, 0x9A, 0xC7, 0x3B, 0xF7, 0xAF, 0x97, 0x65, 0xB1,
    0x67, 0x8A, 0x9A, 0x54, 0x81, 0x29, 0x92, 0x5E, 0x30, 0xEC, 0x69, 0x0A, 0xF1, 0x63, 0x0A, 0x06,
    0xE7, 0xFF, 0x2D, 0x02, 0xD3, 0xB1, 0xEF, 0x45, 0xAD, 0x02, 0xEA, 0x44, 0x88, 0x84, 0x79, 0x23,
    0xCC, 0xF0, 0x03, 0x6A, 0x44, 0xE5, 0xFA, 0x74, 0xD0, 0x7B, 0x8A, 0xD8, 0x77, 0x7A, 0x8A, 0x4C,
    0xF0, 0x85, 0x50, 0x89, 0x15, 0x5D, 0x7B, 0xF0, 0x84, 0x6F, 0x26, 0xF3, 0xBE, 0xEF, 0x8A, 0x1A,
    0xDC, 0x93, 0x73, 0x47, 0xAA, 0x4F, 0x51, 0xE4, 0xB9, 0x96, 0x72, 0x73, 0xE8, 0xD0, 0x73, 0xDD,
    0x9F, 0x0B, 0x35, 0xB2, 0x95, 0xEE, 0xDF, 0xC8, 0xF5, 0x17, 0x26, 0x77, 0xD2, 0xAE, 0xEB, 0xA7,
    0x35, 0x7B, 0xDD, 0xAF, 0x88, 0x99, 0x42, 0x98, 0x7F, 0x21, 0x84, 0x31, 0xC3, 0x14, 0xF5, 0xF7,
    0x31, 0x51, 0x83, 0x71, 0x0D, 0x01, 0x2B, 0xF5, 0xA7, 0x97, 0x9C, 0x5E, 0xF3, 0x5C, 0x87, 0x8A,
    0xE7, 0xB3, 0x26, 0xA5, 0x80, 0x29, 0x0A, 0xA6, 0x72, 0x97, 0x03, 0x46, 0x14, 0x81, 0x3C, 0xB9,
    0x68, 0x7B, 0x80, 0xFB, 0x39, 0xE4, 0x61, 0x9B, 0x40, 0x48, 0xDF, 0x82, 0x9C, 0xB2, 0xEC, 0xDD,
    0xEC, 0x5F, 0x59, 0x86, 0xFC, 0x32, 0xA6, 0xDF, 0x8F, 0x55, 0x6C, 0xF1, 0xAB, 0xE6, 0x54, 0xCC,
    0x58, 0xF0, 0x7C, 0x40, 0x7A, 0x5D, 0xCA, 0x7B, 0x79, 0x31, 0xEF, 0x0F, 0x40, 0x0D, 0x00, 0xD4,
    0xAF, 0x63, 0xC9, 0xA2, 0x97, 0x4E, 0x59, 0xFA, 0xF5, 0x39, 0xFB, 0x1F, 0x9F, 0x71, 0x35, 0x16,
    0x7F, 0x9D, 0x1F, 0x1F, 0x18, 0x9C, 0x1C, 0x50, 0x23, 0x44, 0x4D, 0x9A, 0x32, 0x8F, 0xF7, 0x46,
    0x8F, 0xC8, 0x35, 0x72, 0xDA, 0xDD, 0x05, 0x13, 0x77, 0xFF, 0xD6, 0x77, 0x83, 0x91, 0xFD, 0x3E,
    0xEA, 0x7F, 0xE4, 0xB8, 0x69, 0x7E, 0xCC, 0xC3, 0x3D, 0xAF, 0xD5, 0x93, 0xF3, 0xFD, 0x5C, 0x4C,
    0xD1, 0x67, 0x48, 0xD8, 0x0D, 0x0C, 0x6A, 0x58, 0x5C, 0xD7, 0x7F, 0xCF, 0x37, 0xA9, 0xEB, 0x1A,
    0xBE, 0x49, 0xA8, 0x59, 0x27, 0x52, 0x8D, 0xCD, 0x6B, 0xB8, 0xC3, 0x75, 0xD1, 0xB0, 0x0C, 0xE2,
    0xBB, 0x0C, 0xB0, 0x5E, 0xD7, 0x75, 0x02, 0x0B, 0x98, 0x5E, 0xFE, 0xCD, 0x6A, 0x6F, 0xCC, 0x35,
    0xF6, 0x6B, 0xBC, 0xDD, 0x6B, 0x05, 0x34, 0x45, 0xCF, 0xFE, 0xFE, 0x6F, 0x76, 0xBA, 0xFF, 0x64,
    0xFB, 0xFB, 0x4B, 0x08, 0x51, 0x1B, 0x1D, 0xE3, 0x5A, 0xF2, 0x4E, 0x17, 0xA2, 0x27, 0x4F, 0xCA,
    0x73, 0x1D, 0x3A, 0xC4, 0x86, 0x1E, 0x59, 0xEC, 0x64, 0xF1, 0xCA, 0x13, 0x06, 0x7F, 0xD0, 0xD4,
    0x56, 0xD5, 0x14, 0x9A, 0xDD, 0x86, 0xF9, 0x03, 0xA5, 0x59, 0xC1, 0xAA, 0xF5, 0x2C, 0x0C, 0x1C,
    0xC8, 0x36, 0xE0, 0xAB, 0x04, 0xDC, 0x16, 0x7C, 0x75, 0xE1, 0x6C, 0xFB, 0x30, 0xC2, 0xBF, 0x15,
    0xFA, 0x37, 0x48, 0xB8, 0x9E, 0xA1, 0x39, 0x5D, 0x7C, 0x33, 0x8B, 0x7B, 0x2E, 0x33, 0xB1, 0xAD,
    0x9A, 0xD4, 0x2A, 0x50, 0x80, 0x01, 0xB4, 0x69, 0x70, 0xB6, 0x61, 0x58, 0x6C, 0x13, 0x37, 0xD4,
    0xD4, 0x80, 0x4C, 0x0F, 0xB8, 0x2E, 0x10, 0xE7, 0x94, 0xC0, 0x01, 0xC7, 0x28, 0x88, 0x78, 0xE6,
    0x0E, 0x19, 0xAA, 0x7B, 0xFB, 0xAA, 0x32, 0x76, 0xBD, 0x0C, 0xD3, 0x9B, 0xEB, 0x6E, 0xD5, 0x6E,
    0x96, 0x6F, 0x7D, 0xA2, 0x7F, 0xB3, 0xEC, 0xF7, 0x9F, 0xE8, 0x1B, 0xE6, 0x7E, 0x6B, 0x8E, 0xD2,
    0x77, 0xB9, 0x75, 0x5B, 0x9C, 0xF6, 0x59, 0xEC, 0x5F, 0xF1, 0xD6, 0x17, 0x9B, 0xEB, 0x8B, 0x6F,
    0xFD, 0x23, 0x7B, 0xFF, 0xD8, 0xE1, 0xD1, 0x15, 0x15, 0x07, 0xAA, 0xB7, 0x66, 0xA6, 0xB8, 0x11,
    0xE3, 0x63, 0x6A, 0xC7, 0xCD, 0xD3, 0xCE, 0xAA, 0x55, 0x8F, 0x9B, 0x4B, 0x8F, 0x9E, 0x30, 0x31,
    0xD1, 0x1B, 0x62, 0x62, 0xFE, 0x74, 0x82, 0x82, 0x1D, 0x26, 0xCC, 0x76, 0xB9, 0x2F, 0x74, 0xE9,
    0x6A, 0x6A, 0xDE, 0x5A, 0x9B, 0xA6, 0x8B, 0xD8, 0xD0, 0x46, 0x8C, 0x7F, 0xA8, 0x6D, 0x90, 0xAE,
    0xCE, 0x44, 0x7F, 0x1D, 0x7F, 0x4C, 0x51, 0xE7, 0x82, 0xC7, 0x5F, 0x57, 0x97, 0x2E, 0x21, 0xBF,
    0xCD, 0x3F, 0xEF, 0x71, 0x3D, 0xF5, 0x94, 0x21, 0xC3, 0xFF, 0xFA, 0xFF, 0x3C, 0x7F, 0x70, 0xB3,
    0x0C, 0x18, 0x14, 0x34, 0x7F, 0xF2, 0xFE, 0x05, 0xD4, 0xA4, 0xE7, 0x7A, 0x20, 0x1B, 0xBF, 0x80,
    0x4C, 0xD1, 0x3F, 0x3A, 0x28, 0x5E, 0x4D, 0x8F, 0x1B, 0xF5, 0xAC, 0x27, 0xF7, 0x7F, 0xE8, 0x31,
    0x3A, 0x41, 0x7E, 0xBE, 0x6F, 0x16, 0xEE, 0x7F, 0x65, 0x26, 0xE3, 0x87, 0xE0, 0x43, 0xFB, 0xA1,
    0x71, 0xFB, 0x58, 0xB3, 0x89, 0xB8, 0xE1, 0x65, 0x7E, 0xF6, 0x32, 0xED, 0x13, 0x8C, 0x5C, 0xE5,
    0xE7, 0x57, 0xF3, 0xB1, 0xF8, 0x9B, 0xA9, 0xA4, 0x13, 0xDB, 0x05, 0x81, 0x3C, 0xE8, 0x47, 0x39,
    0xA1, 0x4E, 0x9A, 0x3F, 0xC4, 0x76, 0xED, 0xFA, 0x47, 0x99, 0xD7, 0x57, 0xFB, 0x0D, 0x9C, 0xDF,
    0x32, 0x1F, 0xC7, 0x4F, 0xED, 0x5C, 0x6C, 0xFA, 0xA5, 0xE3, 0x77, 0x7E, 0x95, 0x6E, 0x06, 0x85,
    0x96, 0x09, 0x75, 0x72, 0x7D, 0xB2, 0x51, 0xD5, 0xD9, 0xB4, 0xEA, 0xA2, 0x51, 0x7D, 0x5C, 0xAD,
    0x96, 0x19, 0xB3, 0x2F, 0xFA, 0x8F, 0x73, 0xE4, 0x76, 0x46, 0x2F, 0x05, 0x54, 0x86, 0x6E, 0xF7,
    0x46, 0xF3, 0x8B, 0xE6, 0x50, 0xB8, 0x5A, 0xE8, 0x69, 0x0D, 0x60, 0xC8, 0x76, 0x6F, 0x3E, 0x7E,
    0x26, 0x78, 0x98, 0x83, 0xAB, 0x15, 0xBE, 0x7E, 0x8C, 0x61, 0x54, 0x80, 0xC8, 0x7F, 0x8E, 0x8F,
    0x0A, 0xF0, 0x18, 0x4F, 0x19, 0x0E, 0x6C, 0x15, 0x20, 0xD1, 0xB9, 0x06, 0x50, 0xFE, 0xD3, 0xF3,
    0x51, 0xFE, 0x13, 0xB8, 0x02, 0xB0, 0xCE, 0x15, 0x80, 0xF5, 0xF2, 0x36, 0x3E, 0x11, 0x99, 0xC4,
    0xD7, 0x71, 0x68, 0x68, 0x87, 0xD6, 0xF1, 0x58, 0x03, 0x60, 0xE0, 0xFE, 0x4F, 0x6B, 0xC0, 0x0E,
    0xCA, 0x61, 0x81, 0x40, 0x71, 0x84, 0xE4, 0xEE, 0x55, 0x03, 0xB8, 0x0A, 0x50, 0x7C, 0x54, 0x80,
    0xBC, 0x7F, 0x38, 0xFF, 0x37, 0x9D, 0x2B, 0x00, 0x21, 0xCB, 0xFF, 0x40, 0x96, 0xFF, 0x54, 0x03,
    0x26, 0xE5, 0x3F, 0x8F, 0x9F, 0x52, 0xFE, 0x53, 0x0D, 0xE0, 0xFC, 0xE1, 0x1A, 0x50, 0x26, 0xE5,
    0x3F, 0xD5, 0x80, 0xC6, 0xF9, 0x9F, 0xD4, 0x80, 0xE8, 0xBF, 0x58, 0x61, 0xE4, 0xF9, 0xE5, 0x41,
    0xB9, 0xEE, 0x30, 0x5C, 0xB0, 0x6D, 0xFE, 0x2C, 0x42, 0x31, 0x7E, 0xAD, 0x01, 0x19, 0x6B, 0x0D,
    0xD8, 0x06, 0xAD, 0xFF, 0x68, 0xFE, 0xF9, 0xDD, 0x72, 0xFE, 0xAE, 0x99, 0x22, 0xC9, 0xFA, 0x2E,
    0x9E, 0x80, 0x75, 0xEA, 0x7A, 0x6F, 0xD7, 0x76, 0x5A, 0x2F, 0x78, 0x58, 0x03, 0x4E, 0x5E, 0xFF,
    0x05, 0x68, 0x05, 0x38, 0x5F, 0xFB, 0x27, 0x30, 0x4A, 0x5E, 0x3F, 0x62, 0x7C, 0xD2, 0xFA, 0x13,
    0xB9, 0x9E, 0xE7, 0x57, 0x40, 0xBF, 0xB0, 0xF2, 0x2B, 0x7B, 0xFF, 0xD5, 0x53, 0x0D, 0x0C, 0xE4,
    0xBA, 0xA0, 0x8D, 0x5F, 0xEF, 0x3F, 0xBD, 0xD9, 0xBA, 0x42, 0x51, 0x86, 0x3A, 0x78, 0xFD, 0x75,
    0xD8, 0xA7, 0xA2, 0xA2, 0xCD, 0x0A, 0xA7, 0x7D, 0x2C, 0x6E, 0x9E, 0x3C, 0x6D, 0xB2, 0x1E, 0x33,
    0x40, 0x4C, 0x4C, 0xB5, 0x1C, 0x5E, 0xFD, 0x9D, 0x20, 0xFC, 0x39, 0x58, 0x5F, 0x63, 0x57, 0xED,
    0xA6, 0xB6, 0xE3, 0x48, 0xE2, 0x2D, 0x1C, 0x0F, 0xF1, 0x65, 0xAE, 0xD5, 0x0D, 0xBA, 0x0C, 0xBE,
    0xFE, 0xEE, 0x11, 0x5B, 0x75, 0x8E, 0xF5, 0x7A, 0x55, 0xA9, 0x62, 0x67, 0x33, 0x9B, 0x75, 0xA1,
    0xEE, 0x7A, 0x78, 0x76, 0xC7, 0xFE, 0x7E, 0xE2, 0xF5, 0xAD, 0xFF, 0x32, 0xD8, 0xE6, 0xD8, 0xDF,
    0x7F, 0xAC, 0x03, 0x54, 0x77, 0xB9, 0x7E, 0xE7, 0x3E, 0x7A, 0xF7, 0xB4, 0x99, 0xBF, 0x7F, 0xA2,
    0x7E, 0x3C, 0xE9, 0x56, 0xCC, 0x1C, 0xDA, 0x9D, 0xC2, 0xA5, 0x75, 0x5B, 0x63, 0x87, 0x63, 0xE9,
    0xC7, 0x21, 0xF2, 0x16, 0x1F, 0x1E, 0x8E, 0xDF, 0xA1, 0x3E, 0xEB, 0x3E, 0xCE, 0x5A, 0xEB, 0xE1,
    0xE3, 0xAC, 0xC6, 0x7D, 0xA0, 0xB9, 0xBE, 0xC6, 0x54, 0x36, 0xAE, 0xFE, 0x09, 0xB0, 0x27, 0x74,
    0xEF, 0x93, 0x22, 0x1D, 0x06, 0xFF, 0x7D, 0x2C, 0x65, 0xB1, 0x6C, 0xF3, 0x9B, 0x5D, 0xA1, 0xC7,
    0x5B, 0xF7, 0x3D, 0x7F, 0xD9, 0x45, 0x3A, 0xAF, 0xEF, 0x51, 0xA2, 0x16, 0x82, 0x3D, 0xB9, 0x2E,
    0x8A, 0x61, 0xA6, 0xA7, 0x88, 0xF4, 0xAD, 0xF5, 0xDE, 0x3A, 0x95, 0x12, 0xEE, 0xF8, 0x8F, 0x20,
    0x47, 0xE9, 0x86, 0xF2, 0x53, 0x87, 0x49, 0x47, 0xAE, 0xC3, 0x46, 0x2F, 0x78, 0x83, 0x00, 0xD0,
    0x0E, 0xB9, 0xA9, 0x5D, 0xFF, 0xEA, 0x22, 0xD0, 0x4F, 0x88, 0x6D, 0xCE, 0xE5, 0xF9, 0x68, 0x77,
    0xFF, 0x1F, 0x3C, 0xB6, 0x1B, 0x3E, 0xBD, 0x47, 0x3D, 0x0F, 0xA1, 0x01, 0x53, 0xB0, 0x61, 0xFC,
    0xD7, 0xD1, 0x7B, 0x77, 0x3F, 0xF2, 0xEF, 0xCB, 0x02, 0x85, 0x21, 0x5F, 0x7F, 0x86, 0xEE, 0x80,
    0xA2, 0x41, 0xB1, 0xD5, 0xD7, 0x83, 0xF3, 0x2F, 0x5C, 0xE1, 0x70, 0x9D, 0xD6, 0xEE, 0xA7, 0x59,
    0x3B, 0x0D, 0x41, 0xE4, 0xEB, 0xC3, 0xF3, 0xB0, 0xEA, 0xCE, 0x68, 0x56, 0x5F, 0xBF, 0xEF, 0xD9,
    0x43, 0xBA, 0x5C, 0x82, 0xC5, 0x36, 0xE2, 0x17, 0x23, 0x3C, 0xE1, 0xE0, 0x6F, 0x0B, 0xFE, 0x82,
    0xC2, 0x00, 0x79, 0xC2, 0x41, 0x7A, 0xB6, 0x7F, 0x20, 0x90, 0xE4, 0xFB, 0x82, 0xF4, 0x64, 0x7F,
    0xA1, 0x97, 0xE4, 0xFB, 0x83, 0xF4, 0x6C, 0xFF, 0xC0, 0x49, 0xF5, 0x8F, 0xF5, 0xBD, 0x7E, 0xD6,
    0x9B, 0xAD, 0x57, 0x73, 0x9A, 0x9A, 0x80, 0x60, 0xE5, 0xCF, 0xC1, 0xBA, 0x96, 0x66, 0x6A, 0x3E,
    0xF3, 0x0B, 0xB4, 0xAB, 0xA9, 0xEA, 0xD2, 0xC9, 0x93, 0xE9, 0xB3, 0x68, 0x12, 0x4F, 0x1E, 0xD6,
    0xF3, 0xFD, 0x8D, 0xC2, 0xFD, 0xBF, 0x3B, 0x58, 0xB7, 0x66, 0xE6, 0x68, 0xC3, 0x2C, 0x10, 0xDA,
    0xEE, 0xD9, 0x1D, 0xBC, 0xB6, 0xE3, 0x1D, 0x3E, 0x08, 0x8E, 0x47, 0xCF, 0x64, 0x5D, 0xD7, 0xDA,
    0x7B, 0xA3, 0x0E, 0xE9, 0x7B, 0x34, 0xBB, 0x48, 0xE7, 0xFA, 0x9B, 0xCE, 0x1F, 0x53, 0xD2, 0xF3,
    0xFD, 0x97, 0xC1, 0x49, 0x46, 0x9E, 0xD0, 0x69, 0x7F, 0x66, 0x73, 0x10, 0x54, 0x97, 0xE3, 0xC1,
    0x43, 0xF1, 0x65, 0xBE, 0xC4, 0x87, 0xA3, 0x67, 0xFB, 0x3B, 0xD9, 0xF8, 0x87, 0x83, 0xF5, 0xEB,
    0x54, 0x42, 0xB9, 0x42, 0x27, 0x0F, 0xE9, 0xE9, 0xFE, 0x50, 0xE1, 0x78, 0x72, 0x2C, 0x9D, 0xB4,
    0xAA, 0xF5, 0x56, 0x45, 0xC5, 0x5B, 0x20, 0xEC, 0x0E, 0xD6, 0xCD, 0x49, 0x5F, 0x08, 0x20, 0xB0,
    0xE3, 0x69, 0xFF, 0xA7, 0xAC, 0x7D, 0x66, 0x95, 0xA8, 0x6E, 0xEC, 0x09, 0x07, 0xE9, 0x8F, 0xF1,
    0x1D, 0x3D, 0x8F, 0x0F, 0x3D, 0xDF, 0x7F, 0x8F, 0x79, 0x51, 0x66, 0xB6, 0x3F, 0x1B, 0xB3, 0x42,
    0x46, 0xBA, 0x7F, 0x43, 0xF5, 0xF1, 0xD8, 0xEB, 0xBB, 0x62, 0xB0, 0x27, 0x1C, 0xA1, 0xA7, 0xFB,
    0xAF, 0xDB, 0xFB, 0x95, 0x3D, 0xAC, 0x73, 0x7D, 0xCA, 0xAE, 0x4F, 0x8E, 0xD0, 0x93, 0x78, 0xBE,
    0x3E, 0xC5, 0x87, 0x9E, 0xCF, 0xCF, 0x83, 0xF3, 0x9B, 0x1C, 0xBB, 0xCE, 0xFB, 0xCB, 0xC9, 0xF5,
    0x37, 0x07, 0xE9, 0x32, 0x78, 0x7C, 0x65, 0x6C, 0x5F, 0x9F, 0xE9, 0xF9, 0x41, 0x38, 0x92, 0xFD,
    0xC5, 0xD8, 0x5B, 0x48, 0xE3, 0xC3, 0x93, 0xC5, 0x07, 0xE4, 0xD2, 0xF5, 0xF5, 0x7D, 0x45, 0x1D,
    0xB7, 0x0B, 0x04, 0x5F, 0x7F, 0xE3, 0x53, 0x96, 0xE3, 0x53, 0xE6, 0x7E, 0x77, 0xF9, 0xF9, 0x42,
    0x78, 0x7E, 0xEF, 0x3F, 0xAE, 0x9A, 0xB4, 0x56, 0x39, 0x51, 0xA7, 0x40, 0x28, 0x63, 0x77, 0x94,
    0x41, 0xCF, 0x9F, 0xC6, 0x87, 0x27, 0x8F, 0xCF, 0xF3, 0x8B, 0x3C, 0x94, 0x5F, 0xA1, 0xE5, 0xE7,
    0x23, 0xE4, 0x49, 0xF7, 0x4F, 0xDB, 0x84, 0xA1, 0x0B, 0x64, 0x40, 0x9D, 0xF6, 0xB0, 0xFE, 0x2C,
    0xE4, 0x89, 0x5E, 0x4D, 0xCF, 0x5F, 0x02, 0xE1, 0x21, 0x47, 0xDC, 0xDB, 0x5B, 0x7C, 0x78, 0xF2,
    0xF8, 0xFC, 0xFC, 0x84, 0x3D, 0xAC, 0xFF, 0xEB, 0xF7, 0x2F, 0xB7, 0xCD, 0xF1, 0xE4, 0x09, 0x07,
    0xE9, 0x4B, 0xDB, 0xCE, 0x07, 0x36, 0x9D, 0x3D, 0x32, 0xBF, 0xF5, 0x32, 0xDF, 0xCF, 0x67, 0xF2,
    0xFD, 0x25, 0xFF, 0xFF, 0x2D, 0xDE, 0x3D, 0x59, 0x7C, 0x29, 0xF6, 0x1A, 0x1F, 0x9E, 0xEC, 0xFA,
    0x6F, 0xE7, 0x3B, 0xEC, 0x09, 0xC7, 0xEF, 0xF3, 0xC9, 0x83, 0x2D, 0xEE, 0x61, 0x9D, 0xDB, 0x7E,
    0x3A, 0xDF, 0x21, 0x4F, 0x53, 0xD6, 0x93, 0xEF, 0x1F, 0xEF, 0x85, 0x4E, 0x9E, 0x44, 0x4F, 0xCE,
    0xC7, 0x14, 0x96, 0xAF, 0x9F, 0x42, 0xE7, 0xF8, 0x36, 0xD5, 0xF2, 0xFD, 0xF5, 0x70, 0x84, 0xFE,
    0x3F, 0x9D, 0x56, 0xCF, 0xAA, 0x7B, 0x3D, 0x08, 0x1C, 0x70, 0x2B, 0xF8, 0x2A, 0xC2, 0xDD, 0x06,
    0x7C, 0x75, 0xE1, 0xDB, 0x16, 0xFA, 0x2A, 0xC2, 0xDD, 0x0A, 0xF9, 0x12, 0xD2, 0x40, 0x03, 0xF5,
    0xF4, 0xFC, 0xAE, 0x7A, 0xFF, 0xEA, 0x99, 0x4E, 0x32, 0x93, 0xA6, 0x48, 0x8C, 0xA2, 0x0E, 0x7A,
    0x42, 0x9E, 0x2E, 0xE4, 0x46, 0xD1, 0x10, 0xD6, 0xA3, 0xF7, 0x0C, 0xB4, 0x51, 0x00, 0xD0, 0x66,
    0x59, 0xF4, 0x1C, 0xCD, 0xB4, 0xCC, 0x16, 0xAD, 0xA7, 0x19, 0x40, 0x4E, 0xAE, 0xE0, 0x91, 0x0A,
    0x72, 0x56, 0xD6, 0x51, 0x6C, 0xA9, 0xBC, 0x12, 0x2B, 0x1C, 0x3A, 0xD2, 0x01, 0x09, 0x65, 0xB0,
    0xAC, 0x7E, 0x93, 0x07, 0x66, 0x10, 0x20, 0x80, 0x62, 0x86, 0x02, 0x09, 0x22, 0x00, 0xB8, 0x45,
    0x4E, 0x11, 0x04, 0x80, 0x20, 0xAE, 0x8A, 0x0F, 0x1C, 0x09, 0x20, 0xFF, 0x23, 0x3A, 0x43, 0x00,
    0xBF, 0x42, 0x87, 0x82, 0x49, 0xD9, 0x7F, 0x94, 0x9D, 0x5D, 0x47, 0x58, 0xE8, 0x2B, 0x30, 0x83,
    0x41, 0x78, 0x8C, 0x09, 0x2E, 0xD6, 0x9E, 0x4E, 0xF6, 0x17, 0x6A, 0xF2, 0xF8, 0x89, 0x4B, 0x62,
    0xD7, 0x78, 0xB5, 0xCA, 0x35, 0xE4, 0x52, 0xFB, 0x5D, 0xAD, 0x09, 0x9F, 0xFF, 0x2A, 0x95, 0xAA,
    0x78, 0x2D, 0x54, 0x09, 0xFC, 0x5D, 0xA5, 0x0B, 0x60, 0x7F, 0xB2, 0x05, 0xA1, 0xD0, 0xC8, 0xE1,
    0xB4, 0x9E, 0xAE, 0x35, 0xAA, 0x59, 0x5D, 0x09, 0x54, 0x73, 0xAA, 0xA1, 0x6A, 0x6D, 0x16, 0x5A,
    0xA9, 0x4C, 0x1F, 0x11, 0x98, 0xD9, 0xB3, 0xE7, 0xEB, 0xB7, 0x11, 0xAB, 0x2B, 0x61, 0x19, 0xB2,
    0x66, 0xD2, 0x2C, 0x25, 0xD6, 0xFF, 0xE9, 0xB5, 0x7E, 0x4B, 0xC5, 0x4C, 0x0B, 0xC5, 0x4A, 0x4B,
    0x00, 0xD8, 0x7D, 0x60, 0xED, 0x8E, 0xF2, 0x6B, 0x92, 0x27, 0x02, 0xB0, 0xD6, 0x59, 0xBD, 0xF6,
    0xEA, 0x7E, 0x78, 0xED, 0x97, 0x19, 0xE0, 0x14, 0xCC, 0xF5, 0xF3, 0x60, 0x34, 0xF8, 0x9E, 0xFB,
    0x84, 0xB4, 0xD4, 0xFF, 0x8E, 0x74, 0xCE, 0x7D, 0xE6, 0x44, 0xCC, 0x0F, 0xD5, 0x6A, 0x27, 0xA0,
    0xE0, 0x31, 0x11, 0xAA, 0xF5, 0x4E, 0x7C, 0xE7, 0x41, 0xBF, 0x9C, 0x57, 0x2C, 0xF6, 0xF9, 0xBB,
    0x56, 0xB3, 0x7E, 0x7E, 0xF7, 0xA1, 0x23, 0x5D, 0x12, 0x7E, 0xA6, 0x24, 0x70, 0xEA, 0x4A, 0x1F,
    0xFA, 0xF1, 0x16, 0x58, 0xDF, 0xDE, 0xFE, 0xA4, 0x0E, 0xE9, 0x2F, 0xA3, 0x26, 0x5E, 0x2E, 0x4D,
    0x64, 0x43, 0x18, 0xC5, 0x68, 0x51, 0xC7, 0x36, 0x2D, 0x26, 0xC5, 0xB4, 0x90, 0x99, 0x1F, 0x8C,
    0xB7, 0xB6, 0xF2, 0xC8, 0x39, 0x71, 0x52, 0x94, 0x38, 0xFB, 0x57, 0xD7, 0xC6, 0x2D, 0x72, 0xE7,
    0xB5, 0xF1, 0x81, 0x23, 0x01, 0xE4, 0x7F, 0x44, 0x5F, 0x56, 0x2B, 0xD0, 0x0F, 0xAB, 0x55, 0x6B,
    0x3F, 0xAD, 0x76, 0xF6, 0xCB, 0x6B, 0xE3, 0x0E, 0xB5, 0xE5, 0xD1, 0x9A, 0x58, 0x8D, 0x77, 0xAD,
    0xF2, 0x36, 0x74, 0xA9, 0x36, 0xE0, 0x20, 0x07, 0x2F, 0x60, 0x91, 0xFE, 0x34, 0xFA, 0x6D, 0xC8,
    0x12, 0x98, 0x17, 0x2A, 0x30, 0x31, 0x07, 0x68, 0xA4, 0x69, 0x88, 0x87, 0x60, 0x54, 0x1A, 0x2C,
    0x31, 0xB1, 0x1D, 0x08, 0xDC, 0x87, 0xDD, 0xB2, 0x5E, 0xC3, 0x2E, 0xE7, 0x3D, 0x88, 0xE4, 0x3F,
    0x6D, 0x7A, 0x84, 0xF8, 0xE1, 0x4D, 0xC6, 0x9E, 0x39, 0xFB, 0xA6, 0x78, 0xFA, 0x5D, 0x4E, 0xBF,
    0xE0, 0xBC, 0x26, 0x54, 0xE0, 0x14, 0x5A, 0x5C, 0xE0, 0x00, 0x20, 0x9F, 0x15, 0x88, 0xAA, 0x92,
    0xC2, 0xBA, 0xCB, 0x02, 0x8C, 0x59, 0x21, 0x6F, 0x69, 0xBD, 0xDB, 0xF3, 0x3C, 0xC2, 0xCA, 0xDF,
    0x8F, 0xF0, 0xEE, 0x54, 0x9F, 0xFC, 0x02, 0xB9, 0xAA, 0x26, 0x74, 0xCE, 0x4B, 0xC4, 0xAC, 0xBD,
    0xC8, 0x51, 0x86, 0xDE, 0x61, 0xCF, 0xC3, 0x14, 0x37, 0x60, 0x97, 0x29, 0xBE, 0xC3, 0x6E, 0x53,
    0xE8, 0xCF, 0x77, 0x53, 0x1C, 0x33, 0x03, 0xED, 0x38, 0xB4, 0x77, 0x38, 0xAD, 0xE1, 0x4B, 0x42,
    0x05, 0x4E, 0xA5, 0x61, 0x8D, 0xB3, 0x4D, 0x71, 0x6C, 0xC4, 0x02, 0x69, 0xE4, 0x22, 0x18, 0x45,
    0x39, 0x0B, 0x71, 0xD4, 0x7E, 0xA3, 0x1B, 0xC0, 0xD2, 0xA4, 0x8D, 0x1A, 0x19, 0x14, 0xE4, 0x33,
    0x0D, 0xED, 0x0E, 0xCA, 0x41, 0xB1, 0x80, 0x01, 0x64, 0xE4, 0xBE, 0xD4, 0x94, 0x94, 0x78, 0x04,
    0x29, 0x7C, 0x67, 0x6D, 0x37, 0x6E, 0xF4, 0x00, 0x83, 0x25, 0xF6, 0x41, 0xBB, 0xC5, 0x6A, 0xBD,
    0x53, 0xD6, 0x94, 0xFE, 0x07, 0x9D, 0x96, 0x4B, 0x8A, 0xFD, 0xBC, 0x0E, 0xC4, 0x0B, 0x34, 0x2D,
    0xF0, 0x56, 0x04, 0x9E, 0x1A, 0xBC, 0x75, 0x81, 0xA7, 0x86, 0xB3, 0x15, 0x41, 0xA6, 0x01, 0x5F,
    0xF9, 0xC4, 0x74, 0xA7, 0xEF, 0xE9, 0xA4, 0xFF, 0xF9, 0x7E, 0x8A, 0x5D, 0x52, 0x9C, 0xCA, 0xFB,
    0x85, 0x13, 0x3D, 0x08, 0x91, 0xB6, 0xAB, 0x82, 0x9A, 0x4D, 0xB3, 0xC2, 0x72, 0x6E, 0x28, 0x2E,
    0x7B, 0xD4, 0x73, 0x90, 0x68, 0xAD, 0xC3, 0xA4, 0x68, 0x6B, 0x54, 0x13, 0x26, 0x31, 0x00, 0x39,
    0xF8, 0xDB, 0x3F, 0x51, 0x31, 0x28, 0xC0, 0x50, 0x86, 0x8A, 0x7D, 0xF8, 0x67, 0x3D, 0xD5, 0x2B,
    0xA9, 0xFA, 0xAA, 0xA1, 0x5D, 0x33, 0xD3, 0xD0, 0xCE, 0xF3, 0xF8, 0xD2, 0x4B, 0xFF, 0x20, 0xA9,
    0x3D, 0xD5, 0xD0, 0x9E, 0xC9, 0xE4, 0xAF, 0x7B, 0xFF, 0x78, 0x63, 0xA7, 0xE9, 0x27, 0x6B, 0x71,
    0xFD, 0x3D, 0x70, 0x43, 0x78, 0xA3, 0xA9, 0x79, 0xA0, 0x76, 0x34, 0x53, 0x55, 0x33, 0x5F, 0xCC,
    0xFC, 0xAC, 0x66, 0xAA, 0x62, 0x47, 0x8C, 0x40, 0xEC, 0x2A, 0x46, 0xF0, 0xB9, 0x5C, 0x19, 0xA3,
    0xE0, 0x04, 0x91, 0x90, 0x2C, 0x79, 0x34, 0x10, 0xF7, 0x4C, 0x3F, 0x6E, 0x48, 0x25, 0x95, 0xA9,
    0x5E, 0x52, 0x4C, 0x7F, 0xF9, 0x7F, 0x5C, 0x15, 0x86, 0xF2, 0xA4, 0xC9, 0xC5, 0xA6, 0xBC, 0xB6,
    0xCD, 0x29, 0x4C, 0x69, 0xDB, 0xAC, 0x0B, 0x6A, 0xDA, 0x7E, 0xBF, 0xAA, 0xC9, 0xC2, 0xA7, 0x4B,
    0xD7, 0x7A, 0x9E, 0xF8, 0x43, 0x3D, 0xB5, 0x5D, 0x99, 0x97, 0x36, 0x19, 0x3D, 0xEF, 0xCF, 0xEE,
    0x2A, 0xD9, 0xB5, 0xCB, 0x5B, 0x33, 0x45, 0xFC, 0xB5, 0x3D, 0xF3, 0xA7, 0x16, 0xFE, 0x1C, 0xFE,
    0xBC, 0xF6, 0xA3, 0xE1, 0x89, 0xDF, 0x93, 0x79, 0xF8, 0x52, 0xF8, 0xA8, 0x6C, 0x69, 0x74, 0xF5,
    0x67, 0xFB, 0x0F, 0xD7, 0x2E, 0x69, 0x50, 0x98, 0x29, 0xC9, 0x5F, 0x7E, 0xEB, 0xC7, 0x1F, 0x14,
    0x01, 0x06, 0x81, 0xC6, 0x50, 0x8D, 0x3A, 0x1A, 0xEC, 0x68, 0x92, 0xC4, 0xA4, 0xBE, 0x9C, 0xDA,
    0x95, 0xA1, 0x1A, 0x35, 0x16, 0x8A, 0x1E, 0xA1, 0x9E, 0xE0, 0x60, 0xCF, 0x01, 0x3B, 0xCE, 0x78,
    0x78, 0x41, 0x5C, 0x91, 0x52, 0x29, 0xAA, 0x66, 0x97, 0xE3, 0xA3, 0xEE, 0x59, 0xFB, 0xF5, 0x38,
    0xC4, 0x60, 0x50, 0x5C, 0xE0, 0x5E, 0x0A, 0x29, 0x82, 0x0B, 0x86, 0xD7, 0x9D, 0x5D, 0x32, 0xFE,
    0x19, 0x01, 0x4D, 0x35, 0x15, 0x3F, 0x1E, 0x9C, 0x48, 0xF0, 0x85, 0x36, 0x52, 0x54, 0x9B, 0x28,
    0xA9, 0x0D, 0xFF, 0x07, 0xF5, 0x1C, 0x47, 0x8D, 0x13, 0xC9, 0xB5, 0x6B, 0x47, 0x87, 0xC3, 0x22,
    0xB0, 0x7A, 0xD4, 0x1D, 0xFF, 0x19, 0x65, 0xF2, 0xE4, 0x4A, 0x3C, 0x85, 0x50, 0xD8, 0x71, 0xAC,
    0x38, 0x63, 0xE2, 0x30, 0x80, 0xAC, 0x95, 0x17, 0x6B, 0x9D, 0x5B, 0xFC, 0x58, 0x97, 0xC2, 0xC2,
    0x0B, 0x01, 0xBF, 0xCA, 0xC5, 0x0E, 0x5B, 0xB1, 0xB2, 0x95, 0x2F, 0x2A, 0x64, 0xC5, 0xCA, 0x56,
    0xFE, 0x65, 0xDF, 0x25, 0x20, 0xDD, 0xED, 0x0D, 0x82, 0xA3, 0x5F, 0x7E, 0xA2, 0xA3, 0x0B, 0xCB,
    0x3A, 0xF1, 0x08, 0xCE, 0xE7, 0x23, 0xBB, 0x32, 0x42, 0xB3, 0x65, 0xCC, 0x08, 0x56, 0x7F, 0xA6,
    0xEE, 0xE0, 0x0A, 0xFD, 0x8A, 0xC5, 0xF0, 0xBC, 0xBF, 0xC3, 0x33, 0xBE, 0xE3, 0x1B, 0xD9, 0x53,
    0x9F, 0x21, 0x17, 0xD7, 0xB1, 0x5A, 0xF6, 0x19, 0xD5, 0x70, 0x87, 0x69, 0x63, 0x17, 0x67, 0xD7,
    0x06, 0xBB, 0x7E, 0x5B, 0x47, 0x06, 0x01, 0x0C, 0x8B, 0xE4, 0xEB, 0xA8, 0x83, 0x99, 0x25, 0xBF,
    0x5A, 0xE7, 0xD5, 0x36, 0x0A, 0x0B, 0xCF, 0xD7, 0x4F, 0x8B, 0x96, 0x8B, 0x23, 0x11, 0xDB, 0xF1,
    0x4F, 0x9C, 0xEF, 0xC9, 0xC6, 0xAC, 0xC9, 0xC6, 0x9E, 0x2C, 0x6B, 0xE3, 0x85, 0xA1, 0xA0, 0xAC,
    0x6E, 0xC9, 0x27, 0x29, 0x28, 0x81, 0x06, 0x16, 0xE0, 0x01, 0xC7, 0xF9, 0x2B, 0xC1, 0xCA, 0x7F,
    0x70, 0x1E, 0x59, 0xF9, 0x87, 0xF7, 0xA2, 0x3E, 0x55, 0xCB, 0xF7, 0xE9, 0x08, 0xB2, 0x0A, 0xAA,
    0x4B, 0xE8, 0xC5, 0xBE, 0x7D, 0xE8, 0x37, 0x72, 0xD1, 0x5F, 0xF3, 0xF9, 0x4D, 0x3F, 0x6B, 0x27,
    0x8C, 0x44, 0x8B, 0x51, 0x4B, 0xC5, 0x5A, 0x67, 0xBD, 0xFF, 0x26, 0x79, 0x74, 0x80, 0x34, 0x98,
    0x09, 0xAC, 0x35, 0x81, 0x8A, 0x20, 0x4F, 0xAD, 0xDB, 0xD4, 0x55, 0xC3, 0xAC, 0xC0, 0xDA, 0xC5,
    0x37, 0xED, 0xA7, 0x2A, 0xBF, 0xFF, 0x2C, 0xA7, 0x2A, 0xEF, 0xBF, 0x89, 0xF7, 0x3A, 0x3B, 0xB1,
    0x99, 0x84, 0xB6, 0x3B, 0xBF, 0x84, 0xCA, 0xD2, 0xB1, 0xFF, 0xAC, 0xE5, 0xF3, 0x9B, 0x5A, 0xC7,
    0xD8, 0x8B, 0xF8, 0x5E, 0xB7, 0x57, 0x29, 0x12, 0x6D, 0x4C, 0x8D, 0x7A, 0x8C, 0xA3, 0x25, 0x9B,
    0xF3, 0xF6, 0x32, 0x75, 0x1B, 0x65, 0xD6, 0x73, 0xFE, 0x6F, 0xE7, 0xBF, 0xA7, 0xE6, 0xA4, 0xB6,
    0x9E, 0xCC, 0x48, 0x6B, 0xAF, 0x9E, 0x1F, 0xFD, 0x13, 0xBC, 0x9A, 0x38, 0x33, 0xDA, 0xAB, 0xC1,
    0xD8, 0xD0, 0x7A, 0xDE, 0x1E, 0xFA, 0x37, 0x27, 0xA7, 0xDF, 0x8C, 0xD0, 0x36, 0xF7, 0xE7, 0xE1,
    0x3F, 0x91, 0x6B, 0xD7, 0x36, 0xA8, 0xA6, 0xD4, 0xE6, 0x4F, 0xFC, 0xD5, 0x4F, 0xE7, 0x79, 0xD5,
    0xB3, 0xDC, 0x6B, 0xEB, 0x30, 0x88, 0x57, 0x31, 0xC2, 0x92, 0x8F, 0xEB, 0x7F, 0x4A, 0xD5, 0xC3,
    0x37, 0x55, 0xF5, 0xA1, 0x7F, 0x0F, 0x9D, 0x99, 0x4D, 0x5D, 0x75, 0x48, 0x1B, 0xC5, 0x33, 0xAC,
    0x6E, 0x7B, 0x0D, 0x15, 0xCD, 0x18, 0xBF, 0xFA, 0xC5, 0xC5, 0xC8, 0xC3, 0x37, 0x95, 0x7C, 0xE4,
    0x27, 0xAB, 0xBC, 0x68, 0xC6, 0x3E, 0x5A, 0x2F, 0xC7, 0xF5, 0x7F, 0xFB, 0xBD, 0xB6, 0x4E, 0x7B,
    0x8F, 0xF7, 0xB5, 0xFF, 0xF7, 0x7E, 0x5B, 0xFE, 0x2A, 0x7F, 0xF9, 0xFF, 0x07, 0xD5, 0x93, 0x81,
    0xE6, 0xA3, 0x31, 0x10, 0xC4, 0x87, 0x00, 0x2C, 0x79, 0x95, 0xA1, 0x00, 0x61, 0x5F, 0x7D, 0xF8,
    0x3F, 0x40, 0x5F, 0x25, 0x7C, 0x00, 0x1F, 0xB9, 0x4D, 0xB7, 0xE7, 0xE8, 0x97, 0x7C, 0x5C, 0x71,
    0xDC, 0x6F, 0x6C, 0x34, 0x3B, 0x5D, 0xD2, 0x49, 0x8A, 0x17, 0x45, 0x46, 0xDA, 0x94, 0xB1, 0x08,
    0x17, 0x4A, 0x54, 0x8D, 0x75, 0xCA, 0x3B, 0x3E, 0xF0, 0x31, 0xCE, 0x56, 0xFA, 0xE9, 0xC7, 0xB3,
    0xB5, 0x12, 0x35, 0xA2, 0xE6, 0x3E, 0xFA, 0xE9, 0xA9, 0xF9, 0x31, 0x9A, 0x3F, 0xD5, 0xDC, 0x9F,
    0xA7, 0xBB, 0xDA, 0xEC, 0xFF, 0xC5, 0xFC, 0x99, 0xF3, 0xBD, 0xB9, 0x8F, 0x28, 0xBD, 0xFA, 0xF8,
    0x43, 0x2F, 0x34, 0x92, 0x7E, 0x82, 0xA1, 0x0B, 0xDE, 0x67, 0xDB, 0x35, 0x5D, 0x5F, 0xFD, 0x3E,
    0xD9, 0xCB, 0x67, 0x50, 0xB5, 0x9A, 0x07, 0x21, 0x28, 0x13, 0xB8, 0x52, 0x73, 0xF2, 0xBD, 0x6E,
    0xFD, 0x0E, 0x42, 0x15, 0x2B, 0x32, 0xD9, 0xB9, 0xEE, 0xF1, 0x8E, 0x5B, 0x77, 0xFB, 0x1D, 0xE6,
    0xC9, 0x53, 0xD0, 0x67, 0x42, 0x96, 0xDD, 0xB7, 0x4A, 0xEC, 0x57, 0x3C, 0xD4, 0x98, 0x60, 0xCD,
    0xF2, 0x25, 0xD5, 0x31, 0x6A, 0xE0, 0x38, 0x74, 0xA8, 0xA2, 0x61, 0x68, 0x68, 0xEE, 0x4A, 0xEC,
    0x4A, 0xF4, 0x1C, 0xC9, 0x7F, 0x7B, 0x99, 0xFF, 0xFA, 0x3A, 0xBF, 0xBF, 0x4C, 0xA5, 0x2E, 0x9F,
    0x97, 0x19, 0x80, 0xB5, 0x33, 0x6A, 0xE7, 0x93, 0xDE, 0x89, 0x3B, 0x7F, 0x9D, 0x5F, 0x42, 0xDA,
    0x3C, 0x9B, 0x48, 0x2C, 0x71, 0x81, 0xDE, 0xD7, 0xF3, 0x04, 0x6F, 0x1F, 0xA3, 0x4D, 0xD1, 0x54,
    0x61, 0xB2, 0x85, 0x5F, 0x51, 0x7E, 0x6B, 0x7B, 0x07, 0xDE, 0xF8, 0x93, 0xC2, 0x17, 0x7F, 0x86,
    0xF4, 0x1B, 0x1F, 0x22, 0xB8, 0xCE, 0x67, 0x66, 0x27, 0xD0, 0xB5, 0x7F, 0x3B, 0x53, 0xE8, 0xD8,
    0x22, 0xFB, 0xB1, 0x07, 0x4D, 0xC0, 0x6D, 0xC6, 0xD8, 0x51, 0x3B, 0x54, 0x62, 0xFD, 0x05, 0xA5,
    0x52, 0xCD, 0xAA, 0x34, 0x3B, 0x08, 0x2C, 0xC8, 0x56, 0xF0, 0x55, 0x84, 0x6C, 0x03, 0x79, 0x75,
    0xE1, 0x6C, 0x03, 0xF3, 0x2A, 0x42, 0x6F, 0x05, 0x6F, 0xEC, 0x74, 0x9F, 0x93, 0x99, 0xB9, 0x9B,
    0x99, 0xAF, 0xCA, 0x4A, 0xD4, 0xA0, 0xA6, 0x7F, 0x70, 0x81, 0x4D, 0x20, 0xA8, 0x5E, 0x51, 0xA7,
    0x5F, 0x30, 0xE9, 0xD8, 0x31, 0xD8, 0x65, 0x54, 0xA9, 0xD2, 0xB4, 0x69, 0xA7, 0x6A, 0x05, 0x3B,
    0x8A, 0x11, 0x09, 0x09, 0x6A, 0xAB, 0x7A, 0xF6, 0xA0, 0x62, 0xD8, 0xC0, 0x41, 0x48, 0xB2, 0xE7,
    0x1A, 0x96, 0xEB, 0x13, 0x3C, 0x67, 0x76, 0x5F, 0x2A, 0x60, 0x6F, 0x6B, 0x40, 0x49, 0x3B, 0xC2,
    0x23, 0xC2, 0x3B, 0x5B, 0xBB, 0xCD, 0x2F, 0x83, 0xC2, 0x61, 0xB1, 0x2C, 0xD2, 0x16, 0x2E, 0x9F,
    0x4F, 0xFB, 0xBB, 0x4B, 0xD3, 0xAA, 0x35, 0xAA, 0x35, 0x93, 0x21, 0x3F, 0x27, 0x1D, 0x1B, 0x3A,
    0x44, 0xE5, 0x21, 0xD6, 0xA5, 0x4A, 0xA5, 0xBF, 0x73, 0x63, 0xD8, 0xAD, 0x1E, 0xA1, 0xA9, 0xD6,
    0x7F, 0x94, 0xE5, 0x01, 0x8E, 0x38, 0x55, 0xB4, 0xFD, 0x6A, 0x47, 0x90, 0x8E, 0x5F, 0xD0, 0xC3,
    0xF0, 0x07, 0x42, 0x80, 0x78, 0x48, 0x13, 0xBA, 0xD8, 0x78, 0x00, 0xDD, 0xD1, 0x0D, 0xE1, 0x25,
    0x67, 0x9D, 0xED, 0x91, 0x16, 0x31, 0x8D, 0x67, 0x12, 0xE1, 0xE8, 0xF9, 0x58, 0xC6, 0x3A, 0x23,
    0x73, 0x1C, 0x86, 0x08, 0x0F, 0x4B, 0x3F, 0x33, 0xAC, 0x79, 0x0A, 0xC7, 0x85, 0x1E, 0xD0, 0x49,
    0xE7, 0xA5, 0xC5, 0xD7, 0xE7, 0x5E, 0x74, 0x39, 0x26, 0xBD, 0x0B, 0x92, 0x17, 0x58, 0xE5, 0x04,
    0x69, 0xD1, 0x2A, 0x4D, 0x1A, 0x09, 0x41, 0x56, 0x8F, 0x6E, 0x42, 0x11, 0x4B, 0xD3, 0xC7, 0xCD,
    0x1B, 0x65, 0x92, 0xAD, 0xD2, 0x24, 0x26, 0xDB, 0xE9, 0x35, 0x1E, 0x99, 0xBF, 0x51, 0x94, 0x84,
    0xE4, 0xEE, 0xB2, 0x88, 0x0D, 0x6C, 0x33, 0x9E, 0x8C, 0x60, 0x44, 0x08, 0x84, 0xD8, 0xFE, 0xBF,
    0x7F, 0x32, 0x7D, 0xB6, 0xBD, 0x3F, 0x69, 0xB2, 0x3B, 0xE9, 0xC5, 0x1F, 0x6A, 0xAF, 0xFD, 0x85,
    0x08, 0x45, 0x21, 0x95, 0xC6, 0x44, 0xD8, 0xD0, 0xA1, 0xD8, 0x10, 0x9E, 0x2A, 0xB8, 0xF9, 0x86,
    0x08, 0x64, 0x03, 0x40, 0x96, 0x9F, 0x3B, 0x14, 0xB8, 0x5D, 0x02, 0x56, 0x99, 0x5E, 0x89, 0x1B,
    0x94, 0x54, 0x46, 0xC3, 0xC8, 0x95, 0x06, 0x91, 0xB0, 0x62, 0x83, 0x60, 0x20, 0x6C, 0xA6, 0xA9,
    0x8A, 0xAB, 0x40, 0x9E, 0xCF, 0xF7, 0x37, 0xA1, 0x55, 0x16, 0x9F, 0x9F, 0x8F, 0x4E, 0x74, 0x23,
    0xA4, 0x92, 0x37, 0x48, 0xBB, 0x8D, 0x13, 0x8A, 0x45, 0x01, 0x21, 0x7C, 0x7F, 0x77, 0x61, 0x42,
    0xC9, 0xBE, 0xF6, 0xC9, 0xB0, 0xCC, 0x3F, 0xBF, 0x3F, 0xC1, 0x24, 0xAD, 0x6F, 0xD3, 0xFD, 0xE5,
    0x66, 0x72, 0xB2, 0x17, 0xEB, 0xBD, 0xC0, 0x19, 0xF6, 0x76, 0x7B, 0x81, 0x56, 0x21, 0x1C, 0x78,
    0x47, 0x40, 0x54, 0x24, 0x5C, 0xE4, 0x5A, 0x35, 0xF0, 0xF6, 0xFD, 0x90, 0x0C, 0x17, 0x30, 0x60,
    0xB1, 0xFD, 0xFB, 0xE1, 0xAD, 0x98, 0xF7, 0xE3, 0xD1, 0x5A, 0x99, 0x8A, 0xA9, 0x8C, 0x23, 0x96,
    0x8A, 0x66, 0xCE, 0x5B, 0xE4, 0x1E, 0x2D, 0xE3, 0x1E, 0x9F, 0xD4, 0x9B, 0x5F, 0xF5, 0xB9, 0xB7,
    0xBE, 0xCE, 0x3E, 0x9C, 0x1F, 0x53, 0xEE, 0x2D, 0x8E, 0x19, 0x4F, 0x7D, 0x3C, 0x3F, 0xF3, 0x76,
    0xCF, 0xFF, 0xB6, 0x7E, 0x2A, 0xBE, 0xBC, 0x7F, 0xE6, 0xD7, 0xDE, 0xCB, 0xD4, 0x67, 0xF5, 0xD7,
    0xFC, 0xB5, 0x67, 0xFC, 0xE1, 0xFD, 0x33, 0xE7, 0xB7, 0x32, 0xFE, 0x6E, 0x7E, 0xEA, 0x9B, 0xF9,
    0xDA, 0xB6, 0xEF, 0x7F, 0xC6, 0xFF, 0x56, 0x3F, 0x75, 0xD5, 0xFF, 0x07, 0x95, 0x96, 0x41, 0x8A,
    0x63, 0x3D, 0x0C, 0x84, 0x0B, 0xB4, 0x2D, 0x78, 0x57, 0x29, 0xF0, 0xD6, 0xE0, 0xAB, 0x0B, 0xB2,
    0x35, 0xCC, 0x55, 0x0C, 0xB3, 0x35, 0xE8, 0x8F, 0xE9, 0xA6, 0xFF, 0x88, 0x28, 0xE9, 0xC9, 0x57,
    0x18, 0xC7, 0x11, 0x92, 0x5F, 0x64, 0x59, 0x79, 0x48, 0x18, 0x88, 0x11, 0x84, 0x21, 0xE1, 0xB6,
    0x38, 0xE1, 0xA5, 0x32, 0x0E, 0xC5, 0x86, 0x1E, 0xBE, 0xF7, 0x4A, 0x9C, 0xB6, 0xE0, 0x78, 0x82,
    0x12, 0x23, 0x44, 0xAA, 0xDE, 0xFF, 0x9D, 0xFF, 0xF0, 0x8E, 0x06, 0x39, 0x04, 0xA2, 0xC0, 0x36,
    0x3A, 0xA6, 0x91, 0x10, 0x2A, 0x04, 0xC2, 0x88, 0x89, 0x6E, 0x1B, 0x35, 0x84, 0xE4, 0x0D, 0x1D,
    0xC3, 0xCB, 0x00, 0x32, 0x51, 0x23, 0x28, 0x13, 0x8E, 0x12, 0x3C, 0x72, 0x2A, 0x36, 0x45, 0x3F,
    0xAB, 0x77, 0x5C, 0x7E, 0x1F, 0xB0, 0x45, 0x27, 0x21, 0xD9, 0xF9, 0xE2, 0x33, 0x6C, 0x5D, 0x8E,
    0x25, 0x99, 0x9C, 0x3C, 0x4B, 0xFC, 0x0E, 0x25, 0x8F, 0x90, 0xD7, 0xF9, 0x2F, 0xAB, 0x20, 0x41,
    0x19, 0x23, 0x8C, 0x0F, 0xFE, 0x2F, 0xCE, 0xBE, 0xAE, 0x00, 0x33, 0x72, 0x2C, 0xD2, 0x0C, 0x25,
    0xEE, 0xD2, 0xB5, 0x25, 0x77, 0x94, 0x18, 0xC9, 0xB1, 0x49, 0xE3, 0xEF, 0xF5, 0x7B, 0x6D, 0x3C,
    0x21, 0x97, 0xC6, 0x96, 0x94, 0xE2, 0x5F, 0xBB, 0xFE, 0x0D, 0x39, 0x7E, 0xB6, 0x96, 0xF1, 0x69,
    0x46, 0x1B, 0x9B, 0xB0, 0x97, 0xE5, 0x25, 0x5E, 0x81, 0x57, 0x25, 0x4A, 0x6B, 0x6C, 0x63, 0x53,
    0xA6, 0xDA, 0xBF, 0xA9, 0xF1, 0x0A, 0xA3, 0x09, 0x25, 0x54, 0x9B, 0x7B, 0x88, 0xAC, 0xEC, 0x0E,
    0xE7, 0xD2, 0x8C, 0xD0, 0xE4, 0x7A, 0x3C, 0x5B, 0x7D, 0xC9, 0x9B, 0x77, 0x57, 0xF5, 0xFB, 0x73,
    0xFF, 0xF0, 0x9F, 0xFA, 0x3F, 0xCA, 0x38, 0x64, 0x3F, 0xF5, 0x7F, 0x04, 0x3D, 0xCA, 0x44, 0x0D,
    0x7F, 0xCC, 0x0F, 0xB3, 0x4E, 0xEC, 0xD4, 0x5F, 0x9E, 0x89, 0x05, 0x59, 0xC3, 0x86, 0x00, 0x54,
    0xF1, 0xD7, 0xAB, 0xFC, 0xDB, 0xA6, 0xCD, 0xDB, 0x30, 0xA2, 0x66, 0xB8, 0xEB, 0xD6, 0x7C, 0x43,
    0x4F, 0x96, 0xFD, 0xBE, 0xFF, 0x34, 0x74, 0x8C, 0x7D, 0xEC, 0x77, 0x26, 0xFA, 0xD8, 0xE8, 0x98,
    0x78, 0x82, 0x5B, 0x4B, 0x53, 0x14, 0xAF, 0x85, 0x82, 0xA1, 0x8B, 0x8D, 0xC9, 0x5E, 0xF4, 0x6F,
    0xBC, 0xA3, 0xEC, 0xEF, 0x58, 0x78, 0xD7, 0xDF, 0xDD, 0x9C, 0xFE, 0x41, 0xFF, 0x7F, 0xCB, 0xBF,
    0xFC, 0x3F, 0x60, 0x62, 0xC1, 0x5F, 0xDB, 0xE9, 0x96, 0xF7, 0x76, 0x68, 0x7C, 0xC7, 0x35, 0x10,
    0xF9, 0x8E, 0x51, 0x43, 0x73, 0x51, 0xFF, 0xEB, 0x6A, 0xDC, 0x14, 0xBE, 0x49, 0x3E, 0x29, 0x56,
    0x65, 0x2F, 0xE3, 0xEF, 0xD9, 0xA8, 0x2C, 0xAA, 0x7C, 0xBE, 0x22, 0xFE, 0xB3, 0xE7, 0x6C, 0x63,
    0x53, 0xE5, 0xE9, 0x6E, 0x20, 0x7B, 0x3F, 0xED, 0x92, 0x9F, 0x2E, 0xDF, 0x6F, 0x1F, 0xDB, 0xEF,
    0x83, 0xF5, 0xD9, 0x39, 0xD7, 0xDD, 0x7E, 0x1B, 0x9B, 0xEB, 0xD9, 0x6E, 0x47, 0x1A, 0xDB, 0xEC,
    0x3E, 0x74, 0x56, 0xCF, 0x18, 0xAE, 0xAD, 0xFB, 0x30, 0x24, 0xDC, 0x74, 0x75, 0x53, 0x52, 0xDD,
    0xC3, 0x7C, 0x2C, 0x70, 0xAC, 0xBC, 0xF7, 0xB3, 0xE7, 0x89, 0x56, 0xBF, 0x3F, 0x8C, 0xED, 0x96,
    0x73, 0x57, 0xED, 0x5F, 0xF9, 0x0F, 0x6F, 0xE8, 0xDE, 0x84, 0x09, 0xD5, 0xDD, 0x01, 0xD3, 0x3A,
    0x67, 0x03, 0x51, 0x41, 0x34, 0x70, 0x5A, 0xC7, 0xB4, 0x8D, 0x0A, 0x61, 0x36, 0x75, 0x6F, 0x18,
    0x8E, 0x4C, 0xCA, 0x5E, 0x14, 0x19, 0x4C, 0xD9, 0x89, 0x94, 0xA1, 0x04, 0x21, 0x46, 0x93, 0x13,
    0x2F, 0x90, 0x38, 0xC3, 0x88, 0x97, 0xEF, 0x57, 0xD7, 0xFE, 0x1A, 0x59, 0xD9, 0xF2, 0x4B, 0xFF,
    0x1F, 0x6F, 0xDE, 0x1F, 0x01, 0x87, 0xA7, 0x4F, 0x19, 0x81, 0x3B, 0xFF, 0xFF, 0xF9, 0x93, 0x5F,
    0xDA, 0xBF, 0xE8, 0xB3, 0xD1, 0xD1, 0xF0, 0x82, 0x89, 0x1E, 0xB9, 0xF7, 0xE6, 0xFC, 0xA3, 0x85,
    0x5B, 0x8B, 0x0B, 0x96, 0x9F, 0x5F, 0xE4, 0x18, 0xA6, 0xA4, 0x55, 0xDC, 0xB0, 0x15, 0xD3, 0x2D,
    0x26, 0xD2, 0xD3, 0xD9, 0xCA, 0x9E, 0x63, 0x90, 0xA9, 0xFE, 0x72, 0xFC, 0xF5, 0xED, 0xB1, 0xB2,
    0xBD, 0x5F, 0xFC, 0xA1, 0x5F, 0xB2, 0x11, 0xA9, 0xBE, 0xF7, 0x5B, 0xFB, 0xE2, 0xEC, 0x7F, 0x38,
    0xBF, 0x74, 0x3E, 0xEB, 0x36, 0xE2, 0x21, 0xFA, 0x1C, 0x23, 0xEF, 0x40, 0x5E, 0xBB, 0xB6, 0xE7,
    0xF8, 0x09, 0xEF, 0x6B, 0x4C, 0xD9, 0x98, 0xBD, 0x38, 0x9D, 0x11, 0x42, 0x5B, 0xCD, 0x9B, 0x44,
    0x99, 0x50, 0xB4, 0x37, 0x93, 0xD1, 0xAC, 0xE1, 0xAF, 0xFD, 0x85, 0x8D, 0xF8, 0xE0, 0xFE, 0xD6,
    0x0C, 0x38, 0xDC, 0x15, 0x11, 0xFB, 0xCC, 0x18, 0xB5, 0x0F, 0xC5, 0x7D, 0xA5, 0xFE, 0x3D, 0xD7,
    0x10, 0x95, 0xEB, 0x32, 0x02, 0x2C, 0xE6, 0x04, 0x25, 0x45, 0x28, 0xFB, 0xE6, 0x9D, 0x18, 0x41,
    0x16, 0xF6, 0x8A, 0x1B, 0x61, 0x66, 0xB8, 0x22, 0xFC, 0xCC, 0x67, 0xFD, 0x09, 0x66, 0x02, 0x4D,
    0x18, 0x11, 0x71, 0xE6, 0xB3, 0xFE, 0x08, 0xBA, 0x83, 0xDF, 0xF9, 0xA3, 0xEB, 0xAC, 0xF1, 0x01,
    0xC6, 0x1B, 0x48, 0xF7, 0x11, 0xB1, 0xCE, 0x7C, 0xD6, 0xEF, 0x21, 0x3A, 0xFE, 0x44, 0x07, 0xF1,
    0x02, 0xA1, 0xC7, 0x5F, 0x74, 0x08, 0xFF, 0x82, 0x1B, 0xCC, 0xCD, 0x19, 0xA1, 0x33, 0x9F, 0x75,
    0x06, 0xF8, 0x0F, 0x9D, 0x99, 0xD1, 0xAA, 0xFB, 0x2C, 0x0C, 0xC0, 0x03, 0xB9, 0x0D, 0xF8, 0x2A,
    0x01, 0x6F, 0x05, 0x5F, 0x3D, 0xD0, 0x5B, 0x61, 0xAF, 0x22, 0x9C, 0x5B, 0xA1, 0x9F, 0xC1, 0x85,
    0xCE, 0xC5, 0x8C, 0x3F, 0x5F, 0x72, 0x56, 0xAD, 0xBF, 0x24, 0x5A, 0xBB, 0xD9, 0xC6, 0xD3, 0xA1,
    0xCC, 0xBF, 0xFB, 0x1E, 0xF5, 0xEE, 0x05, 0x7A, 0xC5, 0x9E, 0x50, 0xD2, 0x4B, 0xF0, 0x05, 0x78,
    0x03, 0x0C, 0xFD, 0x33, 0x41, 0x21, 0x9E, 0x0A, 0x4B, 0xB5, 0x8E, 0x02, 0x1F, 0x82, 0x9D, 0x48,
    0x01, 0x0E, 0x52, 0x38, 0x25, 0x29, 0x87, 0x7B, 0x0A, 0x24, 0xD5, 0x7A, 0xD7, 0x77, 0xED, 0x7E,
    0x0B, 0xDC, 0xF0, 0x82, 0x97, 0xB6, 0x63, 0x4A, 0x89, 0x92, 0xB6, 0xC1, 0x26, 0xF8, 0x47, 0xC4,
    0x99, 0xAF, 0x8C, 0x44, 0xB9, 0x6F, 0x48, 0x40, 0x90, 0x55, 0x89, 0x54, 0x18, 0xEB, 0xE6, 0x5B,
    0x6F, 0xC6, 0x45, 0x96, 0x95, 0xDA, 0x83, 0x93, 0x34, 0x18, 0x18, 0xAA, 0x1E, 0x67, 0xFD, 0x0B,
    0x32, 0xF0, 0xE4, 0xC2, 0x52, 0x47, 0x86, 0x3C, 0xB9, 0x5E, 0xE0, 0x39, 0x46, 0x1D, 0xDE, 0x5F,
    0xA5, 0x76, 0x9D, 0x93, 0x3A, 0x40, 0x8F, 0xDD, 0xC7, 0x9F, 0x6D, 0x0D, 0x5A, 0x1D, 0x48, 0x38,
    0xB9, 0xC5, 0xF7, 0x31, 0xEA, 0xF8, 0xF6, 0xAF, 0xC3, 0xEB, 0xC6, 0x6F, 0x72, 0x52, 0xEB, 0x07,
    0xAF, 0x07, 0x7E, 0x7F, 0xC6, 0x67, 0x22, 0x40, 0x9D, 0x67, 0x06, 0x41, 0x20, 0x60, 0xD2, 0x1E,
    0x3E, 0xEF, 0x51, 0xD5, 0x9A, 0xA8, 0xD6, 0x7B, 0x95, 0xF0, 0x88, 0x60, 0x07, 0x09, 0x38, 0x01,
    0x6B, 0x54, 0x8D, 0xAB, 0x91, 0xED, 0xD4, 0x84, 0x41, 0xDB, 0x26, 0x5B, 0xDE, 0x0A, 0xFD, 0xC4,
    0x08, 0x35, 0xED, 0x01, 0x3B, 0xB5, 0xE5, 0xEA, 0x05, 0x65, 0xFF, 0x9E, 0xF6, 0x0E, 0x2A, 0x15,
    0xD8, 0xB4, 0xAE, 0xEF, 0x46, 0x9F, 0xAA, 0xE7, 0xA0, 0x52, 0x2A, 0x72, 0x61, 0xFD, 0x9C, 0x79,
    0xAE, 0xD9, 0xDA, 0x3D, 0xDF, 0x24, 0x15, 0x16, 0x96, 0x54, 0xC0, 0x8B, 0xF1, 0x8B, 0xAF, 0x98,
    0xF3, 0x87, 0xD6, 0x01, 0x27, 0x21, 0xBB, 0x3B, 0x11, 0x47, 0xE5, 0x4C, 0x3C, 0x39, 0x3B, 0xDA,
    0xA0, 0xAF, 0x6B, 0x85, 0x0E, 0x6D, 0x9F, 0x39, 0xAF, 0x8E, 0x37, 0xEC, 0x5A, 0x26, 0xC9, 0x8E,
    0x13, 0x7B, 0x75, 0xBC, 0xCC, 0x4F, 0x4F, 0x4C, 0x5C, 0x3E, 0xB8, 0xFF, 0x85, 0xAF, 0x5F, 0x37,
    0xE3, 0x37, 0xD6, 0x36, 0x65, 0xD1, 0xAF, 0x3B, 0xF5, 0x7D, 0x00, 0xCE, 0x7F, 0xA3, 0xA9, 0xC3,
    0x92, 0x02, 0x0D, 0xC4, 0x2B, 0x49, 0x5A, 0xBC, 0x61, 0x46, 0xF6, 0x9A, 0xB9, 0x88, 0x62, 0xCC,
    0xD4, 0x4E, 0xDA, 0xDA, 0x1F, 0xEF, 0xF1, 0xB1, 0x6B, 0x3B, 0xF6, 0x28, 0x7E, 0x1A, 0x79, 0x4A,
    0x1A, 0xE7, 0xF8, 0x75, 0xB4, 0x97, 0x6A, 0x1D, 0x61, 0xFC, 0x3F, 0x7A, 0xD1, 0xBD, 0x8F, 0xDF,
    0x73, 0x1B, 0x81, 0xE7, 0xB9, 0x97, 0x56, 0x9B, 0xE3, 0x26, 0xF0, 0xDC, 0xF3, 0x32, 0x65, 0x67,
    0xD6, 0xFA, 0x6D, 0xD9, 0xBB, 0x1D, 0x9D, 0x5D, 0x10, 0xC7, 0xBC, 0xEB, 0x80, 0x48, 0xCA, 0x54,
    0xA8, 0x62, 0xB5, 0xF3, 0x38, 0xEA, 0xB0, 0xDA, 0x29, 0x7A, 0x22, 0xEE, 0x56, 0xF7, 0x62, 0x3C,
    0x16, 0xEE, 0x89, 0x02, 0x64, 0xFE, 0x17, 0x95, 0x90, 0x02, 0x0B, 0x5F, 0x70, 0x81, 0xB7, 0xB0,
    0x35, 0x50, 0xD0, 0xD6, 0x43, 0x2F, 0x3C, 0x55, 0x52, 0xCB, 0xBC, 0xD6, 0xD2, 0x93, 0xD4, 0x11,
    0x5E, 0x85, 0xB5, 0x9B, 0x95, 0x8B, 0x6C, 0xB1, 0x71, 0x72, 0x5B, 0xAB, 0xBD, 0xA7, 0xF7, 0x37,
    0xAE, 0x2E, 0x93, 0xC8, 0xF2, 0xE7, 0x2D, 0x7A, 0x6A, 0xDC, 0x17, 0x59, 0x6B, 0x98, 0x45, 0xF7,
    0x51, 0xA2, 0xD1, 0x5B, 0x14, 0x04, 0x1D, 0x25, 0x01, 0x85, 0xBE, 0x6E, 0x7C, 0x8E, 0xEB, 0xD1,
    0xDF, 0xD7, 0xE8, 0xFA, 0x4C, 0x74, 0xED, 0xB0, 0xF5, 0xE6, 0xC4, 0x51, 0xD6, 0xB7, 0xAE, 0x94,
    0xE8, 0xDB, 0x65, 0x16, 0x75, 0x78, 0x82, 0x12, 0xF5, 0x6F, 0xD4, 0xD8, 0x3A, 0x77, 0x3F, 0x8C,
    0x87, 0xAF, 0x06, 0x67, 0x60, 0xDC, 0x63, 0x93, 0x3C, 0xEC, 0x78, 0x96, 0xDA, 0xEC, 0x18, 0xF0,
    0x41, 0xEB, 0x09, 0x14, 0x3E, 0x9F, 0xA3, 0xF9, 0xB5, 0x39, 0x75, 0x5C, 0xB0, 0x13, 0xD9, 0xDB,
    0xC8, 0x2A, 0x89, 0xB0, 0x83, 0xEC, 0x6D, 0xCB, 0x36, 0x0D, 0xEC, 0xC8, 0xE1, 0x3C, 0x0A, 0x32,
    0x51, 0x1A, 0x11, 0x47, 0x42, 0xAE, 0x25, 0x73, 0x0D, 0x23, 0x14, 0xC9, 0xAC, 0x7A, 0xA2, 0x09,
    0x78, 0xFD, 0x7A, 0x35, 0x92, 0xF7, 0xE7, 0xA9, 0xFD, 0x9E, 0x82, 0x82, 0xEB, 0x2A, 0x40, 0x55,
    0x47, 0xBE, 0x3E, 0xCB, 0x02, 0x64, 0x5A, 0xE8, 0x07, 0xCC, 0x62, 0x9F, 0xDF, 0xED, 0x63, 0x1D,
    0xDF, 0xA9, 0x0F, 0x18, 0x90, 0x3A, 0xDC, 0x90, 0x34, 0x96, 0x56, 0xE6, 0x59, 0x85, 0x9A, 0xFA,
    0x0D, 0x1D, 0xB4, 0xCD, 0x2E, 0x01, 0xA5, 0x00, 0x0A, 0x94, 0xF3, 0x15, 0x2E, 0xA6, 0x36, 0x9E,
    0xEF, 0xFE, 0xFB, 0x6F, 0xDD, 0xF9, 0x93, 0xE3, 0x8F, 0x5C, 0x48, 0xC4, 0x2C, 0x17, 0xB0, 0x10,
    0x23, 0xC1, 0xB5, 0x63, 0x6B, 0x37, 0xBB, 0x1D, 0x4F, 0x22, 0x38, 0xB9, 0xAA, 0xD5, 0x3F, 0xF1,
    0x54, 0x96, 0x6C, 0x7D, 0x37, 0xB4, 0x95, 0x06, 0xB4, 0xB8, 0x75, 0xAE, 0x6E, 0xD1, 0xD9, 0x49,
    0x37, 0x25, 0x35, 0xD6, 0xF6, 0x3E, 0xDB, 0x52, 0xC7, 0x1B, 0xEB, 0xA4, 0x30, 0xE0, 0xDD, 0x5E,
    0xD5, 0x7A, 0xC8, 0x62, 0x29, 0xE9, 0xDD, 0xD2, 0xF6, 0xCE, 0x77, 0xD7, 0xB9, 0x46, 0x8D, 0x05,
    0x37, 0xAC, 0xF6, 0xF3, 0x2C, 0xB9, 0xB5, 0xC6, 0xCD, 0xB2, 0xE3, 0x3C, 0x75, 0x4C, 0x26, 0x28,
    0x38, 0x74, 0xB5, 0x2B, 0xFB, 0x6A, 0x27, 0x20, 0x55, 0xD9, 0xF4, 0xAF, 0x30, 0x39, 0x95, 0xAE,
    0xDC, 0xF7, 0xFD, 0xF4, 0x72, 0xEE, 0xFB, 0xB1, 0xDC, 0x66, 0x6F, 0x20, 0xAF, 0xBE, 0x2B, 0x90,
    0xD0, 0xC8, 0x13, 0xCB, 0x54, 0x1B, 0x5B, 0x79, 0xFA, 0x2E, 0x69, 0xFA, 0x27, 0xA1, 0xC2, 0x13,
    0x7C, 0xDF, 0x83, 0x77, 0x6C, 0xF6, 0x8F, 0x2A, 0xD6, 0xC6, 0xF7, 0x28, 0xF6, 0xE7, 0x80, 0xF7,
    0x2F, 0x8C, 0x4D, 0xCD, 0x43, 0xFF, 0x92, 0x35, 0x46, 0xE8, 0x0F, 0x5C, 0xCA, 0xD5, 0x7E, 0xF5,
    0x9F, 0xAF, 0x52, 0xBE, 0x70, 0x81, 0x06, 0x1D, 0xF4, 0x0A, 0x05, 0x99, 0xA6, 0xEC, 0x7C, 0x8A,
    0x90, 0xA0, 0xE8, 0x5D, 0x4A, 0xA0, 0xF3, 0x43, 0xC7, 0x6C, 0xD3, 0x72, 0xCD, 0x28, 0x5B, 0x74,
    0xB9, 0xE2, 0x96, 0x8D, 0x66, 0x8D, 0xBC, 0x22, 0xB9, 0xAB, 0x5B, 0xD9, 0x64, 0x90, 0x4B, 0xBA,
    0xFE, 0xEB, 0xF8, 0xD5, 0xBF, 0x71, 0x9F, 0x0D, 0x5B, 0x2E, 0x5C, 0x07, 0xFF, 0xEC, 0xDF, 0x78,
    0xD0, 0x3F, 0xD7, 0x81, 0xBF, 0xFA, 0x97, 0x3A, 0xC8, 0xBF, 0xAD, 0xB7, 0x4C, 0x75, 0xE4, 0x59,
    0xDA, 0x53, 0x77, 0xE7, 0xAA, 0xB9, 0xE5, 0x49, 0xCF, 0x3C, 0x4F, 0xAD, 0x6D, 0x1E, 0x1D, 0x57,
    0xA9, 0x23, 0xCA, 0xB6, 0x8C, 0xDB, 0xF8, 0x3C, 0xF7, 0xFE, 0x75, 0xC4, 0xFE, 0x11, 0x0F, 0xB2,
    0x15, 0x77, 0x8D, 0xE7, 0xFE, 0x35, 0xA3, 0xE0, 0xAB, 0xDE, 0x7C, 0x51, 0xC3, 0x7E, 0xE4, 0xC4,
    0xB8, 0x76, 0x46, 0x22, 0x9E, 0x75, 0xB7, 0x25, 0xC7, 0xDC, 0x76, 0x63, 0xE2, 0xF8, 0x7C, 0xF1,
    0x2F, 0x7E, 0x69, 0x0F, 0x3F, 0xF9, 0xDF, 0x2F, 0x3E, 0x29, 0xE6, 0xBF, 0x98, 0x2B, 0x8D, 0xFA,
    0xD7, 0x99, 0xE1, 0xCB, 0x8E, 0x47, 0x8E, 0x8C, 0x76, 0x3C, 0xF1, 0x92, 0xD6, 0xFC, 0x94, 0x14,
    0xFB, 0xF3, 0x15, 0xF9, 0xDB, 0x77, 0x63, 0x95, 0x5E, 0xEC, 0xBB, 0xB1, 0xCA, 0x53, 0x7C, 0x90,
    0x47, 0x3D, 0xFF, 0xA4, 0xBE, 0x7F, 0x7A, 0x6B, 0xEA, 0x56, 0xF3, 0x7C, 0x51, 0xB3, 0x08, 0x46,
    0x1F, 0x5C, 0x41, 0x36, 0x1D, 0x56, 0xFB, 0xE2, 0xFC, 0xD6, 0x6A, 0xB5, 0xA3, 0xFF, 0x78, 0x22,
    0xF8, 0xFE, 0xD7, 0x6E, 0x9C, 0x1E, 0x7D, 0xFF, 0x46, 0x1F, 0x8B, 0x43, 0x7C, 0x9E, 0x3A, 0xF4,
    0xE8, 0xE3, 0x1B, 0x7D, 0x2C, 0xBE, 0xA4, 0x7F, 0x3D, 0xBF, 0xFA, 0x8E, 0xD3, 0xD7, 0xF3, 0x2B,
    0x81, 0x97, 0xC9, 0x5A, 0x21, 0x6C, 0x50, 0xA2, 0x54, 0x36, 0x0B, 0x97, 0x2C, 0x1E, 0x7B, 0xFF,
    0x3A, 0x7E, 0xF9, 0x7B, 0xEE, 0x25, 0x01, 0x74, 0x16, 0x1C, 0x7C, 0xDF, 0x43, 0x4B, 0x3D, 0x87,
    0x48, 0x02, 0xFF, 0x2A, 0x48, 0xF5, 0xBE, 0x49, 0xCB, 0xD8, 0x3F, 0x92, 0x24, 0x00, 0xCC, 0xE9,
    0xEE, 0xAC, 0xE5, 0x3A, 0x8F, 0x65, 0x7D, 0xEB, 0x4B, 0xB2, 0xDA, 0x16, 0x69, 0x80, 0x38, 0x75,
    0xF2, 0xB1, 0x5F, 0xE4, 0x9E, 0xC1, 0xAB, 0xE5, 0xD9, 0x73, 0x02, 0xF0, 0x7C, 0x8F, 0x10, 0xFE,
    0xC2, 0x85, 0xA7, 0x86, 0x3B, 0x76, 0x05, 0x1A, 0x12, 0xD1, 0xCE, 0xBF, 0x77, 0xB3, 0x55, 0xBF,
    0x77, 0xBB, 0xDC, 0x8E, 0x76, 0xB8, 0xDB, 0xE5, 0x9F, 0x21, 0x9E, 0xFA, 0xE7, 0x9F, 0xE5, 0x42,
    0xDF, 0xB1, 0x7D, 0xCE, 0x19, 0x8A, 0xE5, 0x5A, 0x81, 0x2F, 0x13, 0x71, 0x1D, 0xC4, 0x4C, 0xA7,
    0x28, 0x8C, 0xCF, 0xFA, 0xCA, 0x78, 0xE4, 0x94, 0x99, 0x25, 0x73, 0xA1, 0x33, 0xA7, 0x84, 0x19,
    0x2E, 0xCC, 0xE4, 0xFC, 0x6D, 0xF2, 0xF1, 0x7D, 0x8D, 0x0E, 0x99, 0x01, 0x7B, 0x1E, 0xEC, 0x08,
    0x78, 0x86, 0xFE, 0xEE, 0x44, 0xF7, 0x98, 0x31, 0xF8, 0x6F, 0x84, 0xAE, 0x7D, 0xF3, 0xC8, 0x90,
    0x8E, 0xEF, 0x67, 0x95, 0xA0, 0x41, 0xAB, 0xEB, 0x1D, 0xC9, 0xFB, 0xA3, 0xCE, 0x9E, 0xC9, 0x37,
    0x7F, 0x88, 0x3E, 0xA3, 0xF6, 0xF8, 0xCF, 0x9E, 0xE4, 0xA3, 0xA7, 0x1D, 0xDD, 0x3A, 0x9E, 0x63,
    0xB0, 0x17, 0x4D, 0x3A, 0xC7, 0x7E, 0xCF, 0x5E, 0x1B, 0x94, 0xF0, 0xB2, 0x02, 0x86, 0x50, 0x88,
    0x26, 0x56, 0x3B, 0x11, 0x44, 0xD4, 0x53, 0xD0, 0x52, 0xCF, 0xB5, 0x5D, 0x1B, 0x20, 0x16, 0x35,
    0x71, 0x3E, 0x16, 0xCB, 0x42, 0x9B, 0xF8, 0xEC, 0x77, 0xCF, 0xC3, 0x7C, 0xF6, 0xBB, 0xD9, 0x6F,
    0x12, 0x33, 0x15, 0x17, 0xDB, 0xCD, 0x1E, 0xB6, 0x12, 0xE6, 0x47, 0xDA, 0x90, 0x85, 0x4A, 0x90,
    0x1F, 0x31, 0x32, 0x16, 0x6A, 0xBD, 0xAF, 0x0C, 0x71, 0x2D, 0x15, 0x1F, 0x21, 0x08, 0x1A, 0x37,
    0x66, 0x7A, 0xAD, 0x2C, 0x2D, 0x41, 0x99, 0xBA, 0x71, 0x02, 0xAE, 0xF6, 0x7E, 0x0F, 0xD5, 0xDE,
    0xEF, 0xBF, 0xB8, 0xBD, 0xDF, 0x3B, 0xEE, 0xDF, 0x7F, 0x45, 0x6D, 0xC2, 0xF7, 0x5F, 0xE3, 0xC1,
    0x1E, 0x42, 0x6A, 0xB9, 0x13, 0xF0, 0x39, 0x43, 0x25, 0xCF, 0xBF, 0x72, 0xCB, 0x62, 0xFC, 0x98,
    0x59, 0x12, 0x7B, 0xFF, 0x27, 0xCB, 0x2D, 0xA5, 0x61, 0xC3, 0x81, 0xC7, 0x04, 0xB5, 0x48, 0xEE,
    0xB9, 0x14, 0xA9, 0xA0, 0xDE, 0xBF, 0xFD, 0xEB, 0xF8, 0xED, 0x5F, 0x07, 0xBB, 0x75, 0xD5, 0x95,
    0x4E, 0xFE, 0x5E, 0x7F, 0xAF, 0xE0, 0x61, 0x9C, 0x3E, 0xFD, 0xFA, 0xD4, 0x47, 0xEC, 0xDC, 0xB8,
    0xD9, 0x07, 0x52, 0x6F, 0x00, 0x81, 0x67, 0xCF, 0xEA, 0xBE, 0xAD, 0xAE, 0xED, 0x8B, 0x3B, 0x09,
    0xFC, 0x55, 0xD5, 0x5F, 0xD5, 0xFB, 0xFB, 0xF5, 0x8F, 0xEA, 0x60, 0x3A, 0xAC, 0x7E, 0x28, 0xFA,
    0x39, 0x8E, 0x0F, 0xFF, 0x71, 0x7C, 0x6A, 0xF7, 0x7F, 0xFD, 0xEB, 0x88, 0xFE, 0x5B, 0x6C, 0xE2,
    0xB8, 0xFA, 0x04, 0xE3, 0xE8, 0x40, 0xB3, 0x64, 0xD0, 0xAE, 0xFA, 0x56, 0xD2, 0x9B, 0xFF, 0x92,
    0x74, 0xEB, 0x20, 0xCD, 0x9A, 0xE6, 0xF9, 0x2D, 0x56, 0xD7, 0x76, 0xE5, 0xFF, 0xEA, 0xAF, 0x9A,
    0xEE, 0x01, 0x74, 0xF4, 0xF7, 0xCF, 0x9F, 0x75, 0x7F, 0x8E, 0x3B, 0x14, 0x1A, 0x27, 0x18, 0x9F,
    0xB6, 0xFF, 0x8E, 0x5F, 0xC7, 0xF9, 0xBF, 0xE5, 0xC1, 0x7D, 0x14, 0xB4, 0x7B, 0x17, 0x9C, 0x9B,
    0xED, 0x7F, 0x75, 0x8E, 0x01, 0x06, 0x05, 0x31, 0x0C, 0x44, 0x43, 0x01, 0x86, 0x5E, 0x65, 0xF8,
    0x00, 0xA1, 0x57, 0xCF, 0x01, 0xCA, 0xBF, 0xCA, 0x1E, 0xA0, 0xD8, 0xA4, 0xAA, 0xCD, 0xA2, 0xEF,
    0x01, 0xF3, 0x84, 0xC8, 0xA4, 0xFC, 0xC1, 0xB0, 0x0D, 0xF0, 0x28, 0x9B, 0xF2, 0x00, 0x10, 0x88,
    0xF7, 0x44, 0xEA, 0x6B, 0x6F, 0xFD, 0xD2, 0x15, 0x1D, 0x06, 0xF3, 0xFB, 0x7E, 0x4C, 0x7D, 0xED,
    0xB7, 0x5E, 0x8D, 0xD3, 0xDF, 0xA0, 0x6D, 0xF5, 0xF3, 0x1F, 0xC3, 0xAA, 0x74, 0xC0, 0xE2, 0x2A,
    0xA2, 0xBC, 0x63, 0x00, 0x03, 0xFB, 0x3F, 0x36, 0x36, 0xC6, 0x67, 0x8C, 0xCF, 0xD8, 0x9F, 0xB1,
    0xB7, 0x01, 0xC2, 0x3F, 0x10, 0x12, 0x24, 0x03, 0x00,
};

static const EpdGlyph helvetica_8_boldGlyphs[] = {
    { 9, 11, 192, 1, 11, 25, 0 }, // U+0000
    { 16, 16, 256, 0, 14, 64, 25 }, // U+0001
    { 16, 16, 256, 0, 14, 64, 89 }, // U+0002
    { 16, 16, 256, 0, 14, 64, 153 }, // U+0003
    { 16, 16, 256, 0, 14, 64, 217 }, // U+0004
    { 16, 16, 256, 0, 14, 64, 281 }, // U+0005
    { 16, 16, 256, 0, 14, 64, 345 }, // U+0006
    { 16, 16, 256, 0, 14, 64, 409 }, // U+0007
    { 16, 16, 256, 0, 14, 64, 473 }, // U+0008
    { 16, 16, 256, 0, 14, 64, 537 }, // U+0009
    { 16, 16, 256, 0, 14, 64, 601 }, // U+000A
    { 16, 16, 256, 0, 14, 64, 665 }, // U+000B
    { 16, 16, 256, 0, 14, 64, 729 }, // U+000C
    { 16, 16, 256, 0, 14, 64, 793 }, // U+000D
    { 16, 16, 256, 0, 14, 64, 857 }, // U+000E
    { 16, 16, 256, 0, 14, 64, 921 }, // U+000F
    { 16, 16, 256, 0, 14, 64, 985 }, // U+0010
    { 16, 16, 256, 0, 14, 64, 1049 }, // U+0011
    { 16, 16, 256, 0, 14, 64, 1113 }, // U+0012
    { 16, 16, 256, 0, 14, 64, 1177 }, // U+0013
    { 16, 16, 256, 0, 14, 64, 1241 }, // U+0014
    { 16, 16, 256, 0, 14, 64, 1305 }, // U+0015
    { 16, 16, 256, 0, 14, 64, 1369 }, // U+0016
    { 16, 16, 256, 0, 14, 64, 1433 }, // U+0017
    { 16, 16, 256, 0, 14, 64, 1497 }, // U+0018
    { 16, 16, 256, 0, 14, 64, 1561 }, // U+0019
    { 16, 16, 256, 0, 14, 64, 1625 }, // U+001A
    { 16, 16, 256, 0, 14, 64, 1689 }, // U+001B
    { 16, 16, 256, 0, 14, 64, 1753 }, // U+001C
    { 16, 16, 256, 0, 14, 64, 1817 }, // U+001D
    { 16, 16, 256, 0, 14, 64, 1881 }, // U+001E
    { 16, 16, 256, 0, 14, 64, 1945 }, // U+001F
    { 1, 1, 80, 0, 1, 1, 2009 }, // U+0020
    { 2, 12, 96, 2, 12, 6, 2010 }, // !
    { 5, 4, 128, 1, 12, 5, 2016 }, // "
    { 9, 12, 144, 0, 12, 27, 2021 }, // #
    { 7, 14, 144, 1, 13, 25, 2048 }, // $
    { 13, 12, 224, 0, 12, 39, 2073 }, // %
    { 10, 12, 192, 1, 12, 30, 2112 }, // &
    { 2, 4, 64, 1, 12, 2, 2142 }, // '
    { 4, 15, 96, 1, 12, 15, 2144 }, // (
    { 4, 15, 96, 0, 12, 15, 2159 }, // )
    { 5, 5, 96, 0, 12, 7, 2174 }, // *
    { 8, 8, 160, 1, 8, 16, 2181 }, // +
    { 2, 5, 64, 1, 2, 3, 2197 }, // ,
    { 4, 2, 80, 0, 5, 2, 2200 }, // -
    { 2, 2, 64, 1, 2, 1, 2202 }, // .
    { 4, 12, 80, 0, 12, 12, 2203 }, // /
    { 8, 12, 144, 0, 12, 24, 2215 }, // 0
    { 5, 12, 144, 1, 12, 15, 2239 }, // 1
    { 8, 12, 144, 0, 12, 24, 2254 }, // 2
    { 8, 12, 144, 0, 12, 24, 2278 }, // 3
    { 8, 12, 144, 0, 12, 24, 2302 }, // 4
    { 8, 12, 144, 0, 12, 24, 2326 }, // 5
    { 8, 12, 144, 0, 12, 24, 2350 }, // 6
    { 8, 12, 144, 0, 12, 24, 2374 }, // 7
    { 8, 12, 144, 0, 12, 24, 2398 }, // 8
    { 8, 12, 144, 0, 12, 24, 2422 }, // 9
    { 2, 8, 80, 2, 8, 4, 2446 }, // :
    { 2, 11, 80, 2, 8, 6, 2450 }, // ;
    { 8, 8, 160, 1, 8, 16, 2456 }, // <
    { 8, 6, 160, 1, 7, 12, 2472 }, // =
    { 8, 8, 160, 1, 8, 16, 2484 }, // >
    { 7, 12, 160, 1, 12, 21, 2500 }, // ?
    { 13, 14, 256, 1, 12, 46, 2521 }, // @
    { 11, 12, 192, 0, 12, 33, 2567 }, // A
    { 9, 12, 176, 1, 12, 27, 2600 }, // B
    { 10, 12, 192, 1, 12, 30, 2627 }, // C
    { 10, 12, 192, 1, 12, 30, 2657 }, // D
    { 8, 12, 160, 1, 12, 24, 2687 }, // E
    { 8, 12, 160, 1, 12, 24, 2711 }, // F
    { 10, 12, 192, 1, 12, 30, 2735 }, // G
    { 10, 12, 192, 1, 12, 30, 2765 }, // H
    { 2, 12, 64, 1, 12, 6, 2795 }, // I
    { 7, 12, 144, 1, 12, 21, 2801 }, // J
    { 11, 12, 192, 1, 12, 33, 2822 }, // K
    { 8, 12, 160, 1, 12, 24, 2855 }, // L
    { 11, 12, 208, 1, 12, 33, 2879 }, // M
    { 10, 12, 192, 1, 12, 30, 2912 }, // N
    { 11, 12, 208, 1, 12, 33, 2942 }, // O
    { 9, 12, 176, 1, 12, 27, 2975 }, // P
    { 11, 13, 208, 1, 12, 36, 3002 }, // Q
    { 10, 12, 192, 1, 12, 30, 3038 }, // R
    { 9, 12, 176, 1, 12, 27, 3068 }, // S
    { 10, 12, 160, 0, 12, 30, 3095 }, // T
    { 10, 12, 192, 1, 12, 30, 3125 }, // U
    { 10, 12, 176, 0, 12, 30, 3155 }, // V
    { 14, 12, 240, 0, 12, 42, 3185 }, // W
    { 9, 12, 176, 1, 12, 27, 3227 }, // X
    { 10, 12, 176, 0, 12, 30, 3254 }, // Y
    { 8, 12, 160, 1, 12, 24, 3284 }, // Z
    { 4, 15, 96, 1, 12, 15, 3308 }, // [
    { 4, 12, 80, 0, 12, 12, 3323 }, // <backslash>
    { 4, 15, 96, 0, 12, 15, 3335 }, // ]
    { 8, 7, 160, 1, 12, 14, 3350 }, // ^
    { 9, 1, 144, 0, -2, 3, 3364 }, // _
    { 3, 3, 96, 2, 13, 3, 3367 }, // `
    { 8, 9, 144, 1, 9, 18, 3370 }, // a
    { 8, 12, 160, 1, 12, 24, 3388 }, // b
    { 8, 9, 144, 1, 9, 18, 3412 }, // c
    { 8, 12, 160, 1, 12, 24, 3430 }, // d
    { 8, 9, 160, 1, 9, 18, 3454 }, // e
    { 4, 12, 96, 1, 12, 12, 3472 }, // f
    { 8, 13, 160, 1, 9, 26, 3484 }, // g
    { 8, 12, 160, 1, 12, 24, 3510 }, // h
    { 2, 12, 64, 1, 12, 6, 3534 }, // i
    { 3, 16, 80, 1, 12, 12, 3540 }, // j
    { 8, 12, 144, 1, 12, 24, 3552 }, // k
    { 2, 12, 64, 1, 12, 6, 3576 }, // l
    { 12, 9, 224, 1, 9, 27, 3582 }, // m
    { 8, 9, 160, 1, 9, 18, 3609 }, // n
    { 8, 9, 160, 1, 9, 18, 3627 }, // o
    { 8, 13, 160, 1, 9, 26, 3645 }, // p
    { 8, 13, 160, 1, 9, 26, 3671 }, // q
    { 5, 9, 96, 1, 9, 12, 3697 }, // r
    { 7, 9, 144, 1, 9, 16, 3709 }, // s
    { 4, 11, 96, 1, 11, 11, 3725 }, // t
    { 8, 9, 160, 1, 9, 18, 3736 }, // u
    { 8, 9, 144, 0, 9, 18, 3754 }, // v
    { 12, 9, 208, 0, 9, 27, 3772 }, // w
    { 7, 9, 144, 1, 9, 16, 3799 }, // x
    { 8, 13, 144, 0, 9, 26, 3815 }, // y
    { 7, 9, 128, 0, 9, 16, 3841 }, // z
    { 4, 15, 96, 1, 12, 15, 3857 }, // {
    { 1, 16, 64, 1, 12, 4, 3872 }, // |
    { 4, 15, 96, 1, 12, 15, 3876 }, // }
    { 8, 3, 160, 1, 6, 6, 3891 }, // ~
    { 16, 16, 256, 0, 14, 64, 3897 }, // U+007F
    { 16, 16, 256, 0, 14, 64, 0 }, // U+0080
    { 16, 16, 256, 0, 14, 64, 64 }, // U+0081
    { 16, 16, 256, 0, 14, 64, 128 }, // U+0082
    { 16, 16, 256, 0, 14, 64, 192 }, // U+0083
    { 16, 16, 256, 0, 14, 64, 256 }, // U+0084
    { 16, 16, 256, 0, 14, 64, 320 }, // U+0085
    { 16, 16, 256, 0, 14, 64, 384 }, // U+0086
    { 16, 16, 256, 0, 14, 64, 448 }, // U+0087
    { 16, 16, 256, 0, 14, 64, 512 }, // U+0088
    { 16, 16, 256, 0, 14, 64, 576 }, // U+0089
    { 16, 16, 256, 0, 14, 64, 640 }, // U+008A
    { 16, 16, 256, 0, 14, 64, 704 }, // U+008B
    { 16, 16, 256, 0, 14, 64, 768 }, // U+008C
    { 16, 16, 256, 0, 14, 64, 832 }, // U+008D
    { 16, 16, 256, 0, 14, 64, 896 }, // U+008E
    { 16, 16, 256, 0, 14, 64, 960 }, // U+008F
    { 16, 16, 256, 0, 14, 64, 1024 }, // U+0090
    { 16, 16, 256, 0, 14, 64, 1088 }, // U+0091
    { 16, 16, 256, 0, 14, 64, 1152 }, // U+0092
    { 16, 16, 256, 0, 14, 64, 1216 }, // U+0093
    { 16, 16, 256, 0, 14, 64, 1280 }, // U+0094
    { 16, 16, 256, 0, 14, 64, 1344 }, // U+0095
    { 16, 16, 256, 0, 14, 64, 1408 }, // U+0096
    { 16, 16, 256, 0, 14, 64, 1472 }, // U+0097
    { 16, 16, 256, 0, 14, 64, 1536 }, // U+0098
    { 16, 16, 256, 0, 14, 64, 1600 }, // U+0099
    { 16, 16, 256, 0, 14, 64, 1664 }, // U+009A
    { 16, 16, 256, 0, 14, 64, 1728 }, // U+009B
    { 16, 16, 256, 0, 14, 64, 1792 }, // U+009C
    { 16, 16, 256, 0, 14, 64, 1856 }, // U+009D
    { 16, 16, 256, 0, 14, 64, 1920 }, // U+009E
    { 16, 16, 256, 0, 14, 64, 1984 }, // U+009F
    { 1, 1, 80, 0, 1, 1, 2048 }, // U+00A0
    { 2, 12, 96, 1, 9, 6, 2049 }, // U+00A1
    { 8, 11, 144, 0, 10, 22, 2055 }, // U+00A2
    { 8, 12, 144, 0, 12, 24, 2077 }, // U+00A3
    { 7, 7, 144, 1, 9, 13, 2101 }, // U+00A4
    { 8, 12, 144, 0, 12, 24, 2114 }, // U+00A5
    { 1, 16, 80, 2, 12, 4, 2138 }, // U+00A6
    { 8, 15, 144, 0, 12, 30, 2142 }, // U+00A7
    { 5, 2, 96, 0, 12, 3, 2172 }, // U+00A8
    { 12, 12, 192, 0, 12, 36, 2175 }, // U+00A9
    { 5, 7, 96, 1, 12, 9, 2211 }, // U+00AA
    { 8, 6, 144, 0, 8, 12, 2220 }, // U+00AB
    { 8, 5, 160, 0, 7, 10, 2232 }, // U+00AC
    { 4, 2, 80, 0, 5, 2, 2242 }, // U+00AD
    { 12, 12, 192, 0, 12, 36, 2244 }, // U+00AE
    { 5, 1, 96, 0, 11, 2, 2280 }, // U+00AF
    { 4, 5, 112, 1, 12, 5, 2282 }, // U+00B0
    { 8, 11, 160, 1, 11, 22, 2287 }, // U+00B1
    { 5, 7, 96, 0, 12, 9, 2309 }, // U+00B2
    { 5, 7, 96, 0, 12, 9, 2318 }, // U+00B3
    { 3, 3, 96, 1, 13, 3, 2327 }, // U+00B4
    { 8, 12, 160, 1, 9, 24, 2330 }, // U+00B5
    { 8, 15, 144, 0, 12, 30, 2354 }, // U+00B6
    { 2, 2, 80, 1, 6, 1, 2384 }, // U+00B7
    { 5, 4, 96, 0, 0, 5, 2385 }, // U+00B8
    { 4, 7, 96, 1, 12, 7, 2390 }, // U+00B9
    { 5, 7, 96, 0, 12, 9, 2397 }, // U+00BA
    { 8, 6, 144, 1, 8, 12, 2406 }, // U+00BB
    { 13, 12, 224, 1, 12, 39, 2418 }, // U+00BC
    { 12, 12, 224, 0, 12, 36, 2457 }, // U+00BD
    { 13, 12, 224, 0, 12, 39, 2493 }, // U+00BE
    { 7, 12, 160, 1, 9, 21, 2532 }, // U+00BF
    { 11, 16, 192, 0, 16, 44, 2553 }, // U+00C0
    { 11, 16, 192, 0, 16, 44, 2597 }, // U+00C1
    { 11, 16, 192, 0, 16, 44, 2641 }, // U+00C2
    { 11, 15, 192, 0, 15, 42, 2685 }, // U+00C3
    { 11, 15, 192, 0, 15, 42, 2727 }, // U+00C4
    { 11, 16, 192, 0, 16, 44, 2769 }, // U+00C5
    { 14, 12, 240, 0, 12, 42, 2813 }, // U+00C6
    { 10, 16, 192, 1, 12, 40, 2855 }, // U+00C7
    { 8, 16, 160, 1, 16, 32, 2895 }, // U+00C8
    { 8, 16, 160, 1, 16, 32, 2927 }, // U+00C9
    { 8, 16, 160, 1, 16, 32, 2959 }, // U+00CA
    { 8, 15, 160, 1, 15, 30, 2991 }, // U+00CB
    { 3, 16, 64, 0, 16, 12, 3021 }, // U+00CC
    { 3, 16, 64, 1, 16, 12, 3033 }, // U+00CD
    { 5, 16, 64, 0, 16, 20, 3045 }, // U+00CE
    { 6, 15, 64, -1, 15, 23, 3065 }, // U+00CF
    { 12, 12, 192, 0, 12, 36, 3088 }, // U+00D0
    { 10, 15, 192, 1, 15, 38, 3124 }, // U+00D1
    { 11, 16, 208, 1, 16, 44, 3162 }, // U+00D2
    { 11, 16, 208, 1, 16, 44, 3206 }, // U+00D3
    { 11, 16, 208, 1, 16, 44, 3250 }, // U+00D4
    { 11, 15, 208, 1, 15, 42, 3294 }, // U+00D5
    { 11, 15, 208, 1, 15, 42, 3336 }, // U+00D6
    { 9, 9, 160, 0, 9, 21, 3378 }, // U+00D7
    { 11, 12, 208, 1, 12, 33, 3399 }, // U+00D8
    { 10, 16, 192, 1, 16, 40, 3432 }, // U+00D9
    { 10, 16, 192, 1, 16, 40, 3472 }, // U+00DA
    { 10, 16, 192, 1, 16, 40, 3512 }, // U+00DB
    { 10, 15, 192, 1, 15, 38, 3552 }, // U+00DC
    { 10, 16, 176, 0, 16, 40, 3590 }, // U+00DD
    { 9, 12, 176, 1, 12, 27, 3630 }, // U+00DE
    { 8, 12, 160, 1, 12, 24, 3657 }, // U+00DF
    { 8, 13, 144, 1, 13, 26, 3681 }, // U+00E0
    { 8, 13, 144, 1, 13, 26, 3707 }, // U+00E1
    { 8, 13, 144, 1, 13, 26, 3733 }, // U+00E2
    { 8, 12, 144, 1, 12, 24, 3759 }, // U+00E3
    { 8, 12, 144, 1, 12, 24, 3783 }, // U+00E4
    { 8, 13, 144, 1, 13, 26, 3807 }, // U+00E5
    { 13, 9, 240, 1, 9, 30, 3833 }, // U+00E6
    { 8, 13, 144, 1, 9, 26, 3863 }, // U+00E7
    { 8, 13, 160, 1, 13, 26, 3889 }, // U+00E8
    { 8, 13, 160, 1, 13, 26, 3915 }, // U+00E9
    { 8, 13, 160, 1, 13, 26, 3941 }, // U+00EA
    { 8, 12, 160, 1, 12, 24, 3967 }, // U+00EB
    { 3, 13, 64, 0, 13, 10, 3991 }, // U+00EC
    { 3, 13, 64, 1, 13, 10, 4001 }, // U+00ED
    { 5, 13, 64, 0, 13, 17, 4011 }, // U+00EE
    { 5, 12, 64, 0, 12, 15, 4028 }, // U+00EF
    { 8, 12, 160, 1, 12, 24, 4043 }, // U+00F0
    { 8, 12, 160, 1, 12, 24, 4067 }, // U+00F1
    { 8, 13, 160, 1, 13, 26, 4091 }, // U+00F2
    { 8, 13, 160, 1, 13, 26, 4117 }, // U+00F3
    { 8, 13, 160, 1, 13, 26, 4143 }, // U+00F4
    { 8, 12, 160, 1, 12, 24, 4169 }, // U+00F5
    { 8, 12, 160, 1, 12, 24, 4193 }, // U+00F6
    { 8, 8, 160, 1, 8, 16, 4217 }, // U+00F7
    { 8, 9, 160, 1, 9, 18, 4233 }, // U+00F8
    { 8, 13, 160, 1, 13, 26, 4251 }, // U+00F9
    { 8, 13, 160, 1, 13, 26, 4277 }, // U+00FA
    { 8, 13, 160, 1, 13, 26, 4303 }, // U+00FB
    { 8, 12, 160, 1, 12, 24, 4329 }, // U+00FC
    { 8, 17, 144, 0, 13, 34, 4353 }, // U+00FD
    { 8, 16, 160, 1, 12, 32, 4387 }, // U+00FE
    { 8, 16, 144, 0, 12, 32, 4419 }, // U+00FF
    { 11, 14, 192, 0, 14, 39, 0 }, // U+0100
    { 8, 11, 144, 1, 11, 22, 39 }, // U+0101
    { 11, 15, 192, 0, 15, 42, 61 }, // U+0102
    { 8, 12, 144, 1, 12, 24, 103 }, // U+0103
    { 11, 15, 192, 0, 12, 42, 127 }, // U+0104
    { 8, 12, 144, 1, 9, 24, 169 }, // U+0105
    { 10, 16, 192, 1, 16, 40, 193 }, // U+0106
    { 8, 13, 144, 1, 13, 26, 233 }, // U+0107
    { 10, 16, 192, 1, 16, 40, 259 }, // U+0108
    { 8, 13, 144, 1, 13, 26, 299 }, // U+0109
    { 10, 15, 192, 1, 15, 38, 325 }, // U+010A
    { 8, 12, 144, 1, 12, 24, 363 }, // U+010B
    { 10, 16, 192, 1, 16, 40, 387 }, // U+010C
    { 8, 13, 144, 1, 13, 26, 427 }, // U+010D
    { 10, 16, 192, 1, 16, 40, 453 }, // U+010E
    { 13, 12, 240, 1, 12, 39, 493 }, // U+010F
    { 12, 12, 192, 0, 12, 36, 532 }, // U+0110
    { 8, 12, 160, 1, 12, 24, 568 }, // U+0111
    { 8, 14, 160, 1, 14, 28, 592 }, // U+0112
    { 8, 11, 160, 1, 11, 22, 620 }, // U+0113
    { 8, 15, 160, 1, 15, 30, 642 }, // U+0114
    { 8, 12, 160, 1, 12, 24, 672 }, // U+0115
    { 8, 15, 160, 1, 15, 30, 696 }, // U+0116
    { 8, 12, 160, 1, 12, 24, 726 }, // U+0117
    { 8, 15, 160, 1, 12, 30, 750 }, // U+0118
    { 8, 12, 160, 1, 9, 24, 780 }, // U+0119
    { 8, 16, 160, 1, 16, 32, 804 }, // U+011A
    { 8, 13, 160, 1, 13, 26, 836 }, // U+011B
    { 10, 16, 192, 1, 16, 40, 862 }, // U+011C
    { 8, 17, 160, 1, 13, 34, 902 }, // U+011D
    { 10, 15, 192, 1, 15, 38, 936 }, // U+011E
    { 8, 16, 160, 1, 12, 32, 974 }, // U+011F
    { 10, 15, 192, 1, 15, 38, 1006 }, // U+0120
    { 8, 16, 160, 1, 12, 32, 1044 }, // U+0121
    { 10, 18, 192, 1, 12, 45, 1076 }, // U+0122
    { 8, 18, 160, 1, 14, 36, 1121 }, // U+0123
    { 10, 16, 192, 1, 16, 40, 1157 }, // U+0124
    { 8, 16, 160, 1, 16, 32, 1197 }, // U+0125
    { 10, 12, 192, 1, 12, 30, 1229 }, // U+0126
    { 8, 12, 160, 1, 12, 24, 1259 }, // U+0127
    { 6, 15, 64, -1, 15, 23, 1283 }, // U+0128
    { 6, 12, 64, -1, 12, 18, 1306 }, // U+0129
    { 5, 14, 64, 0, 14, 18, 1324 }, // U+012A
    { 5, 11, 64, 0, 11, 14, 1342 }, // U+012B
    { 5, 15, 64, 0, 15, 19, 1356 }, // U+012C
    { 5, 12, 64, 0, 12, 15, 1375 }, // U+012D
    { 4, 15, 64, 1, 12, 15, 1390 }, // U+012E
    { 4, 15, 64, 1, 12, 15, 1405 }, // U+012F
    { 2, 15, 64, 1, 15, 8, 1420 }, // U+0130
    { 2, 9, 64, 1, 9, 5, 1428 }, // U+0131
    { 11, 12, 208, 1, 12, 33, 1433 }, // U+0132
    { 7, 16, 144, 1, 12, 28, 1466 }, // U+0133
    { 8, 16, 144, 1, 16, 32, 1494 }, // U+0134
    { 5, 17, 80, 0, 13, 22, 1526 }, // U+0135
    { 11, 18, 192, 1, 12, 50, 1548 }, // U+0136
    { 8, 18, 144, 1, 12, 36, 1598 }, // U+0137
    { 8, 9, 144, 1, 9, 18, 1634 }, // U+0138
    { 8, 16, 160, 1, 16, 32, 1652 }, // U+0139
    { 3, 16, 64, 1, 16, 12, 1684 }, // U+013A
    { 8, 18, 160, 1, 12, 36, 1696 }, // U+013B
    { 2, 18, 64, 1, 12, 9, 1732 }, // U+013C
    { 13, 12, 240, 1, 12, 39, 1741 }, // U+013D
    { 7, 12, 144, 1, 12, 21, 1780 }, // U+013E
    { 12, 12, 240, 1, 12, 36, 1801 }, // U+013F
    { 6, 12, 144, 1, 12, 18, 1837 }, // U+0140
    { 10, 12, 160, -1, 12, 30, 1855 }, // U+0141
    { 4, 12, 80, 0, 12, 12, 1885 }, // U+0142
    { 10, 16, 192, 1, 16, 40, 1897 }, // U+0143
    { 8, 13, 160, 1, 13, 26, 1937 }, // U+0144
    { 10, 18, 192, 1, 12, 45, 1963 }, // U+0145
    { 8, 15, 160, 1, 9, 30, 2008 }, // U+0146
    { 10, 16, 192, 1, 16, 40, 2038 }, // U+0147
    { 8, 13, 160, 1, 13, 26, 2078 }, // U+0148
    { 12, 12, 240, 2, 12, 36, 2104 }, // U+0149
    { 10, 16, 192, 1, 12, 40, 2140 }, // U+014A
    { 8, 13, 160, 1, 9, 26, 2180 }, // U+014B
    { 11, 14, 208, 1, 14, 39, 2206 }, // U+014C
    { 8, 11, 160, 1, 11, 22, 2245 }, // U+014D
    { 11, 15, 208, 1, 15, 42, 2267 }, // U+014E
    { 8, 12, 160, 1, 12, 24, 2309 }, // U+014F
    { 11, 16, 208, 1, 16, 44, 2333 }, // U+0150
    { 8, 13, 160, 1, 13, 26, 2377 }, // U+0151
    { 14, 12, 272, 1, 12, 42, 2403 }, // U+0152
    { 14, 9, 256, 0, 9, 32, 2445 }, // U+0153
    { 10, 16, 192, 1, 16, 40, 2477 }, // U+0154
    { 5, 13, 96, 1, 13, 17, 2517 }, // U+0155
    { 10, 18, 192, 1, 12, 45, 2534 }, // U+0156
    { 5, 15, 96, 1, 9, 19, 2579 }, // U+0157
    { 10, 16, 192, 1, 16, 40, 2598 }, // U+0158
    { 5, 13, 96, 1, 13, 17, 2638 }, // U+0159
    { 9, 16, 176, 1, 16, 36, 2655 }, // U+015A
    { 7, 13, 144, 1, 13, 23, 2691 }, // U+015B
    { 9, 16, 176, 1, 16, 36, 2714 }, // U+015C
    { 7, 13, 144, 1, 13, 23, 2750 }, // U+015D
    { 9, 16, 176, 1, 12, 36, 2773 }, // U+015E
    { 7, 13, 144, 1, 9, 23, 2809 }, // U+015F
    { 9, 13, 176, 1, 13, 30, 2832 }, // U+0160
    { 7, 13, 144, 1, 13, 23, 2862 }, // U+0161
    { 10, 16, 160, 0, 12, 40, 2885 }, // U+0162
    { 5, 15, 96, 1, 11, 19, 2925 }, // U+0163
    { 10, 16, 160, 0, 16, 40, 2944 }, // U+0164
    { 9, 12, 176, 1, 12, 27, 2984 }, // U+0165
    { 10, 12, 160, 0, 12, 30, 3011 }, // U+0166
    { 4, 11, 96, 1, 11, 11, 3041 }, // U+0167
    { 10, 15, 192, 1, 15, 38, 3052 }, // U+0168
    { 8, 12, 160, 1, 12, 24, 3090 }, // U+0169
    { 10, 14, 192, 1, 14, 35, 3114 }, // U+016A
    { 8, 11, 160, 1, 11, 22, 3149 }, // U+016B
    { 10, 15, 192, 1, 15, 38, 3171 }, // U+016C
    { 8, 12, 160, 1, 12, 24, 3209 }, // U+016D
    { 10, 17, 192, 1, 17, 43, 3233 }, // U+016E
    { 8, 14, 160, 1, 14, 28, 3276 }, // U+016F
    { 10, 16, 192, 1, 16, 40, 3304 }, // U+0170
    { 8, 13, 160, 1, 13, 26, 3344 }, // U+0171
    { 10, 15, 192, 1, 12, 38, 3370 }, // U+0172
    { 8, 12, 160, 1, 9, 24, 3408 }, // U+0173
    { 14, 16, 240, 0, 16, 56, 3432 }, // U+0174
    { 12, 13, 208, 0, 13, 39, 3488 }, // U+0175
    { 10, 16, 176, 0, 16, 40, 3527 }, // U+0176
    { 8, 17, 144, 0, 13, 34, 3567 }, // U+0177
    { 10, 13, 176, 0, 13, 33, 3601 }, // U+0178
    { 8, 16, 160, 1, 16, 32, 3634 }, // U+0179
    { 7, 13, 128, 0, 13, 23, 3666 }, // U+017A
    { 8, 15, 160, 1, 15, 30, 3689 }, // U+017B
    { 7, 12, 128, 0, 12, 21, 3719 }, // U+017C
    { 9, 13, 160, 0, 13, 30, 3740 }, // U+017D
    { 7, 13, 128, 0, 13, 23, 3770 }, // U+017E
    { 8, 16, 128, 0, 14, 32, 3793 }, // U+017F
    { 12, 12, 208, 1, 12, 36, 0 }, // U+01A0
    { 10, 9, 160, 1, 9, 23, 36 }, // U+01A1
    { 11, 12, 192, 1, 12, 33, 59 }, // U+01AF
    { 10, 9, 160, 1, 9, 23, 92 }, // U+01B0
    { 8, 16, 128, 0, 14, 32, 115 }, // U+01C4
    { 8, 16, 128, 0, 14, 32, 147 }, // U+01C5
    { 8, 16, 128, 0, 14, 32, 179 }, // U+01C6
    { 8, 16, 128, 0, 14, 32, 211 }, // U+01C7
    { 8, 16, 128, 0, 14, 32, 243 }, // U+01C8
    { 8, 16, 128, 0, 14, 32, 275 }, // U+01C9
    { 8, 16, 128, 0, 14, 32, 307 }, // U+01CA
    { 8, 16, 128, 0, 14, 32, 339 }, // U+01CB
    { 8, 16, 128, 0, 14, 32, 371 }, // U+01CC
    { 11, 16, 192, 0, 16, 44, 403 }, // U+01CD
    { 8, 13, 144, 1, 13, 26, 447 }, // U+01CE
    { 5, 16, 64, 0, 16, 20, 473 }, // U+01CF
    { 5, 13, 64, 0, 13, 17, 493 }, // U+01D0
    { 11, 16, 208, 1, 16, 44, 510 }, // U+01D1
    { 8, 13, 160, 1, 13, 26, 554 }, // U+01D2
    { 10, 16, 192, 1, 16, 40, 580 }, // U+01D3
    { 8, 13, 160, 1, 13, 26, 620 }, // U+01D4
    { 10, 17, 192, 1, 17, 43, 646 }, // U+01D5
    { 8, 14, 160, 1, 14, 28, 689 }, // U+01D6
    { 10, 19, 192, 1, 19, 48, 717 }, // U+01D7
    { 8, 16, 160, 1, 16, 32, 765 }, // U+01D8
    { 10, 19, 192, 1, 19, 48, 797 }, // U+01D9
    { 8, 16, 160, 1, 16, 32, 845 }, // U+01DA
    { 10, 19, 192, 1, 19, 48, 877 }, // U+01DB
    { 8, 16, 160, 1, 16, 32, 925 }, // U+01DC
    { 8, 9, 160, 1, 9, 18, 957 }, // U+01DD
    { 11, 17, 192, 0, 17, 47, 975 }, // U+01DE
    { 8, 14, 144, 1, 14, 28, 1022 }, // U+01DF
    { 11, 17, 192, 0, 17, 47, 1050 }, // U+01E0
    { 8, 14, 144, 1, 14, 28, 1097 }, // U+01E1
    { 14, 14, 240, 0, 14, 49, 1125 }, // U+01E2
    { 13, 11, 240, 1, 11, 36, 1174 }, // U+01E3
    { 10, 12, 192, 1, 12, 30, 1210 }, // U+01E4
    { 8, 13, 160, 1, 9, 26, 1240 }, // U+01E5
    { 10, 16, 192, 1, 16, 40, 1266 }, // U+01E6
    { 8, 17, 160, 1, 13, 34, 1306 }, // U+01E7
    { 11, 16, 192, 1, 16, 44, 1340 }, // U+01E8
    { 8, 16, 144, 1, 16, 32, 1384 }, // U+01E9
    { 11, 15, 208, 1, 12, 42, 1416 }, // U+01EA
    { 8, 12, 160, 1, 9, 24, 1458 }, // U+01EB
    { 11, 17, 208, 1, 14, 47, 1482 }, // U+01EC
    { 8, 14, 160, 1, 11, 28, 1529 }, // U+01ED
    { 8, 16, 128, 0, 14, 32, 1557 }, // U+01EE
    { 8, 16, 128, 0, 14, 32, 1589 }, // U+01EF
    { 5, 17, 80, 0, 13, 22, 1621 }, // U+01F0
    { 8, 16, 128, 0, 14, 32, 1643 }, // U+01F1
    { 8, 16, 128, 0, 14, 32, 1675 }, // U+01F2
    { 8, 16, 128, 0, 14, 32, 1707 }, // U+01F3
    { 10, 16, 192, 1, 16, 40, 1739 }, // U+01F4
    { 8, 17, 160, 1, 13, 34, 1779 }, // U+01F5
    { 8, 16, 128, 0, 14, 32, 1813 }, // U+01F6
    { 8, 16, 128, 0, 14, 32, 1845 }, // U+01F7
    { 10, 16, 192, 1, 16, 40, 1877 }, // U+01F8
    { 8, 13, 160, 1, 13, 26, 1917 }, // U+01F9
    { 11, 20, 192, 0, 20, 55, 1943 }, // U+01FA
    { 8, 17, 144, 1, 17, 34, 1998 }, // U+01FB
    { 14, 16, 240, 0, 16, 56, 2032 }, // U+01FC
    { 13, 13, 240, 1, 13, 43, 2088 }, // U+01FD
    { 11, 16, 208, 1, 16, 44, 2131 }, // U+01FE
    { 8, 13, 160, 1, 13, 26, 2175 }, // U+01FF
    { 11, 16, 192, 0, 16, 44, 2201 }, // U+0200
    { 8, 13, 144, 1, 13, 26, 2245 }, // U+0201
    { 11, 15, 192, 0, 15, 42, 2271 }, // U+0202
    { 8, 12, 144, 1, 12, 24, 2313 }, // U+0203
    { 8, 16, 160, 1, 16, 32, 2337 }, // U+0204
    { 8, 13, 160, 1, 13, 26, 2369 }, // U+0205
    { 8, 15, 160, 1, 15, 30, 2395 }, // U+0206
    { 8, 12, 160, 1, 12, 24, 2425 }, // U+0207
    { 6, 16, 64, -2, 16, 24, 2449 }, // U+0208
    { 6, 13, 64, -2, 13, 20, 2473 }, // U+0209
    { 5, 15, 64, 0, 15, 19, 2493 }, // U+020A
    { 5, 12, 64, 0, 12, 15, 2512 }, // U+020B
    { 11, 16, 208, 1, 16, 44, 2527 }, // U+020C
    { 8, 13, 160, 1, 13, 26, 2571 }, // U+020D
    { 11, 15, 208, 1, 15, 42, 2597 }, // U+020E
    { 8, 12, 160, 1, 12, 24, 2639 }, // U+020F
    { 10, 16, 192, 1, 16, 40, 2663 }, // U+0210
    { 6, 13, 96, 0, 13, 20, 2703 }, // U+0211
    { 10, 15, 192, 1, 15, 38, 2723 }, // U+0212
    { 5, 12, 96, 1, 12, 15, 2761 }, // U+0213
    { 10, 16, 192, 1, 16, 40, 2776 }, // U+0214
    { 8, 13, 160, 1, 13, 26, 2816 }, // U+0215
    { 10, 15, 192, 1, 15, 38, 2842 }, // U+0216
    { 8, 12, 160, 1, 12, 24, 2880 }, // U+0217
    { 9, 18, 176, 1, 12, 41, 2904 }, // U+0218
    { 7, 15, 144, 1, 9, 27, 2945 }, // U+0219
    { 10, 18, 160, 0, 12, 45, 2972 }, // U+021A
    { 4, 17, 96, 1, 11, 17, 3017 }, // U+021B
    { 8, 16, 128, 0, 14, 32, 3034 }, // U+021C
    { 8, 16, 128, 0, 14, 32, 3066 }, // U+021D
    { 10, 16, 192, 1, 16, 40, 3098 }, // U+021E
    { 8, 16, 160, 1, 16, 32, 3138 }, // U+021F
    { 8, 16, 128, 0, 14, 32, 0 }, // U+0300
    { 8, 16, 128, 0, 14, 32, 32 }, // U+0301
    { 8, 16, 128, 0, 14, 32, 64 }, // U+0302
    { 8, 16, 128, 0, 14, 32, 96 }, // U+0303
    { 8, 16, 128, 0, 14, 32, 128 }, // U+0304
    { 8, 16, 128, 0, 14, 32, 160 }, // U+0305
    { 8, 16, 128, 0, 14, 32, 192 }, // U+0306
    { 8, 16, 128, 0, 14, 32, 224 }, // U+0307
    { 8, 16, 128, 0, 14, 32, 256 }, // U+0308
    { 8, 16, 128, 0, 14, 32, 288 }, // U+0309
    { 8, 16, 128, 0, 14, 32, 320 }, // U+030A
    { 8, 16, 128, 0, 14, 32, 352 }, // U+030B
    { 8, 16, 128, 0, 14, 32, 384 }, // U+030C
    { 8, 16, 128, 0, 14, 32, 416 }, // U+030D
    { 8, 16, 128, 0, 14, 32, 448 }, // U+030E
    { 8, 16, 128, 0, 14, 32, 480 }, // U+030F
    { 8, 16, 128, 0, 14, 32, 512 }, // U+0310
    { 8, 16, 128, 0, 14, 32, 544 }, // U+0311
    { 8, 16, 128, 0, 14, 32, 576 }, // U+0312
    { 8, 16, 128, 0, 14, 32, 608 }, // U+0313
    { 8, 16, 128, 0, 14, 32, 640 }, // U+0314
    { 8, 16, 128, 0, 14, 32, 672 }, // U+0315
    { 8, 16, 128, 0, 14, 32, 704 }, // U+0316
    { 8, 16, 128, 0, 14, 32, 736 }, // U+0317
    { 8, 16, 128, 0, 14, 32, 768 }, // U+0318
    { 8, 16, 128, 0, 14, 32, 800 }, // U+0319
    { 8, 16, 128, 0, 14, 32, 832 }, // U+031A
    { 8, 16, 128, 0, 14, 32, 864 }, // U+031B
    { 8, 16, 128, 0, 14, 32, 896 }, // U+031C
    { 8, 16, 128, 0, 14, 32, 928 }, // U+031D
    { 8, 16, 128, 0, 14, 32, 960 }, // U+031E
    { 8, 16, 128, 0, 14, 32, 992 }, // U+031F
    { 8, 16, 128, 0, 14, 32, 1024 }, // U+0320
    { 8, 16, 128, 0, 14, 32, 1056 }, // U+0321
    { 8, 16, 128, 0, 14, 32, 1088 }, // U+0322
    { 8, 16, 128, 0, 14, 32, 1120 }, // U+0323
    { 8, 16, 128, 0, 14, 32, 1152 }, // U+0324
    { 8, 16, 128, 0, 14, 32, 1184 }, // U+0325
    { 8, 16, 128, 0, 14, 32, 1216 }, // U+0326
    { 8, 16, 128, 0, 14, 32, 1248 }, // U+0327
    { 8, 16, 128, 0, 14, 32, 1280 }, // U+0328
    { 8, 16, 128, 0, 14, 32, 1312 }, // U+0329
    { 8, 16, 128, 0, 14, 32, 1344 }, // U+032A
    { 8, 16, 128, 0, 14, 32, 1376 }, // U+032B
    { 8, 16, 128, 0, 14, 32, 1408 }, // U+032C
    { 8, 16, 128, 0, 14, 32, 1440 }, // U+032D
    { 8, 16, 128, 0, 14, 32, 1472 }, // U+032E
    { 8, 16, 128, 0, 14, 32, 1504 }, // U+032F
    { 8, 16, 128, 0, 14, 32, 1536 }, // U+0330
    { 8, 16, 128, 0, 14, 32, 1568 }, // U+0331
    { 8, 16, 128, 0, 14, 32, 1600 }, // U+0332
    { 8, 16, 128, 0, 14, 32, 1632 }, // U+0333
    { 8, 16, 128, 0, 14, 32, 1664 }, // U+0334
    { 8, 16, 128, 0, 14, 32, 1696 }, // U+0335
    { 8, 16, 128, 0, 14, 32, 1728 }, // U+0336
    { 8, 16, 128, 0, 14, 32, 1760 }, // U+0337
    { 8, 16, 128, 0, 14, 32, 1792 }, // U+0338
    { 8, 16, 128, 0, 14, 32, 1824 }, // U+0339
    { 8, 16, 128, 0, 14, 32, 1856 }, // U+033A
    { 8, 16, 128, 0, 14, 32, 1888 }, // U+033B
    { 8, 16, 128, 0, 14, 32, 1920 }, // U+033C
    { 8, 16, 128, 0, 14, 32, 1952 }, // U+033D
    { 8, 16, 128, 0, 14, 32, 1984 }, // U+033E
    { 8, 16, 128, 0, 14, 32, 2016 }, // U+033F
    { 8, 16, 128, 0, 14, 32, 2048 }, // U+0340
    { 8, 16, 128, 0, 14, 32, 2080 }, // U+0341
    { 8, 16, 128, 0, 14, 32, 2112 }, // U+0342
    { 8, 16, 128, 0, 14, 32, 2144 }, // U+0343
    { 8, 16, 128, 0, 14, 32, 2176 }, // U+0344
    { 8, 16, 128, 0, 14, 32, 2208 }, // U+0345
    { 8, 16, 128, 0, 14, 32, 2240 }, // U+0346
    { 8, 16, 128, 0, 14, 32, 2272 }, // U+0347
    { 8, 16, 128, 0, 14, 32, 2304 }, // U+0348
    { 8, 16, 128, 0, 14, 32, 2336 }, // U+0349
    { 8, 16, 128, 0, 14, 32, 2368 }, // U+034A
    { 8, 16, 128, 0, 14, 32, 2400 }, // U+034B
    { 8, 16, 128, 0, 14, 32, 2432 }, // U+034C
    { 8, 16, 128, 0, 14, 32, 2464 }, // U+034D
    { 8, 16, 128, 0, 14, 32, 2496 }, // U+034E
    { 16, 16, 256, 0, 14, 64, 2528 }, // U+034F
    { 8, 16, 128, 0, 14, 32, 2592 }, // U+0350
    { 8, 16, 128, 0, 14, 32, 2624 }, // U+0351
    { 8, 16, 128, 0, 14, 32, 2656 }, // U+0352
    { 8, 16, 128, 0, 14, 32, 2688 }, // U+0353
    { 8, 16, 128, 0, 14, 32, 2720 }, // U+0354
    { 8, 16, 128, 0, 14, 32, 2752 }, // U+0355
    { 8, 16, 128, 0, 14, 32, 2784 }, // U+0356
    { 8, 16, 128, 0, 14, 32, 2816 }, // U+0357
    { 8, 16, 128, 0, 14, 32, 2848 }, // U+0358
    { 8, 16, 128, 0, 14, 32, 2880 }, // U+0359
    { 8, 16, 128, 0, 14, 32, 2912 }, // U+035A
    { 8, 16, 128, 0, 14, 32, 2944 }, // U+035B
    { 16, 16, 256, 0, 14, 64, 2976 }, // U+035C
    { 16, 16, 256, 0, 14, 64, 3040 }, // U+035D
    { 16, 16, 256, 0, 14, 64, 3104 }, // U+035E
    { 16, 16, 256, 0, 14, 64, 3168 }, // U+035F
    { 16, 16, 256, 0, 14, 64, 3232 }, // U+0360
    { 16, 16, 256, 0, 14, 64, 3296 }, // U+0361
    { 16, 16, 256, 0, 14, 64, 3360 }, // U+0362
    { 8, 16, 128, 0, 14, 32, 3424 }, // U+0363
    { 8, 16, 128, 0, 14, 32, 3456 }, // U+0364
    { 8, 16, 128, 0, 14, 32, 3488 }, // U+0365
    { 8, 16, 128, 0, 14, 32, 3520 }, // U+0366
    { 8, 16, 128, 0, 14, 32, 3552 }, // U+0367
    { 8, 16, 128, 0, 14, 32, 3584 }, // U+0368
    { 8, 16, 128, 0, 14, 32, 3616 }, // U+0369
    { 8, 16, 128, 0, 14, 32, 3648 }, // U+036A
    { 8, 16, 128, 0, 14, 32, 3680 }, // U+036B
    { 8, 16, 128, 0, 14, 32, 3712 }, // U+036C
    { 8, 16, 128, 0, 14, 32, 3744 }, // U+036D
    { 8, 16, 128, 0, 14, 32, 3776 }, // U+036E
    { 8, 16, 128, 0, 14, 32, 3808 }, // U+036F
    { 8, 16, 128, 0, 14, 32, 0 }, // U+0400
    { 8, 16, 128, 0, 14, 32, 32 }, // U+0401
    { 8, 16, 128, 0, 14, 32, 64 }, // U+0402
    { 8, 16, 128, 0, 14, 32, 96 }, // U+0403
    { 8, 16, 128, 0, 14, 32, 128 }, // U+0404
    { 8, 16, 128, 0, 14, 32, 160 }, // U+0405
    { 8, 16, 128, 0, 14, 32, 192 }, // U+0406
    { 8, 16, 128, 0, 14, 32, 224 }, // U+0407
    { 8, 16, 128, 0, 14, 32, 256 }, // U+0408
    { 8, 16, 128, 0, 14, 32, 288 }, // U+0409
    { 8, 16, 128, 0, 14, 32, 320 }, // U+040A
    { 8, 16, 128, 0, 14, 32, 352 }, // U+040B
    { 8, 16, 128, 0, 14, 32, 384 }, // U+040C
    { 8, 16, 128, 0, 14, 32, 416 }, // U+040D
    { 8, 16, 128, 0, 14, 32, 448 }, // U+040E
    { 8, 16, 128, 0, 14, 32, 480 }, // U+040F
    { 8, 16, 128, 0, 14, 32, 512 }, // U+0410
    { 8, 16, 128, 0, 14, 32, 544 }, // U+0411
    { 8, 16, 128, 0, 14, 32, 576 }, // U+0412
    { 8, 16, 128, 0, 14, 32, 608 }, // U+0413
    { 8, 16, 128, 0, 14, 32, 640 }, // U+0414
    { 8, 16, 128, 0, 14, 32, 672 }, // U+0415
    { 8, 16, 128, 0, 14, 32, 704 }, // U+0416
    { 8, 16, 128, 0, 14, 32, 736 }, // U+0417
    { 8, 16, 128, 0, 14, 32, 768 }, // U+0418
    { 8, 16, 128, 0, 14, 32, 800 }, // U+0419
    { 8, 16, 128, 0, 14, 32, 832 }, // U+041A
    { 8, 16, 128, 0, 14, 32, 864 }, // U+041B
    { 8, 16, 128, 0, 14, 32, 896 }, // U+041C
    { 8, 16, 128, 0, 14, 32, 928 }, // U+041D
    { 8, 16, 128, 0, 14, 32, 960 }, // U+041E
    { 8, 16, 128, 0, 14, 32, 992 }, // U+041F
    { 8, 16, 128, 0, 14, 32, 1024 }, // U+0420
    { 8, 16, 128, 0, 14, 32, 1056 }, // U+0421
    { 8, 16, 128, 0, 14, 32, 1088 }, // U+0422
    { 8, 16, 128, 0, 14, 32, 1120 }, // U+0423
    { 8, 16, 128, 0, 14, 32, 1152 }, // U+0424
    { 8, 16, 128, 0, 14, 32, 1184 }, // U+0425
    { 8, 16, 128, 0, 14, 32, 1216 }, // U+0426
    { 8, 16, 128, 0, 14, 32, 1248 }, // U+0427
    { 8, 16, 128, 0, 14, 32, 1280 }, // U+0428
    { 8, 16, 128, 0, 14, 32, 1312 }, // U+0429
    { 8, 16, 128, 0, 14, 32, 1344 }, // U+042A
    { 8, 16, 128, 0, 14, 32, 1376 }, // U+042B
    { 8, 16, 128, 0, 14, 32, 1408 }, // U+042C
    { 8, 16, 128, 0, 14, 32, 1440 }, // U+042D
    { 8, 16, 128, 0, 14, 32, 1472 }, // U+042E
    { 8, 16, 128, 0, 14, 32, 1504 }, // U+042F
    { 8, 16, 128, 0, 14, 32, 1536 }, // U+0430
    { 8, 16, 128, 0, 14, 32, 1568 }, // U+0431
    { 8, 16, 128, 0, 14, 32, 1600 }, // U+0432
    { 8, 16, 128, 0, 14, 32, 1632 }, // U+0433
    { 8, 16, 128, 0, 14, 32, 1664 }, // U+0434
    { 8, 16, 128, 0, 14, 32, 1696 }, // U+0435
    { 8, 16, 128, 0, 14, 32, 1728 }, // U+0436
    { 8, 16, 128, 0, 14, 32, 1760 }, // U+0437
    { 8, 16, 128, 0, 14, 32, 1792 }, // U+0438
    { 8, 16, 128, 0, 14, 32, 1824 }, // U+0439
    { 8, 16, 128, 0, 14, 32, 1856 }, // U+043A
    { 8, 16, 128, 0, 14, 32, 1888 }, // U+043B
    { 8, 16, 128, 0, 14, 32, 1920 }, // U+043C
    { 8, 16, 128, 0, 14, 32, 1952 }, // U+043D
    { 8, 16, 128, 0, 14, 32, 1984 }, // U+043E
    { 8, 16, 128, 0, 14, 32, 2016 }, // U+043F
    { 8, 16, 128, 0, 14, 32, 2048 }, // U+0440
    { 8, 16, 128, 0, 14, 32, 2080 }, // U+0441
    { 8, 16, 128, 0, 14, 32, 2112 }, // U+0442
    { 8, 16, 128, 0, 14, 32, 2144 }, // U+0443
    { 8, 16, 128, 0, 14, 32, 2176 }, // U+0444
    { 8, 16, 128, 0, 14, 32, 2208 }, // U+0445
    { 8, 16, 128, 0, 14, 32, 2240 }, // U+0446
    { 8, 16, 128, 0, 14, 32, 2272 }, // U+0447
    { 8, 16, 128, 0, 14, 32, 2304 }, // U+0448
    { 8, 16, 128, 0, 14, 32, 2336 }, // U+0449
    { 8, 16, 128, 0, 14, 32, 2368 }, // U+044A
    { 8, 16, 128, 0, 14, 32, 2400 }, // U+044B
    { 8, 16, 128, 0, 14, 32, 2432 }, // U+044C
    { 8, 16, 128, 0, 14, 32, 2464 }, // U+044D
    { 8, 16, 128, 0, 14, 32, 2496 }, // U+044E
    { 8, 16, 128, 0, 14, 32, 2528 }, // U+044F
    { 8, 16, 128, 0, 14, 32, 2560 }, // U+0450
    { 8, 16, 128, 0, 14, 32, 2592 }, // U+0451
    { 8, 16, 128, 0, 14, 32, 2624 }, // U+0452
    { 8, 16, 128, 0, 14, 32, 2656 }, // U+0453
    { 8, 16, 128, 0, 14, 32, 2688 }, // U+0454
    { 8, 16, 128, 0, 14, 32, 2720 }, // U+0455
    { 8, 16, 128, 0, 14, 32, 2752 }, // U+0456
    { 8, 16, 128, 0, 14, 32, 2784 }, // U+0457
    { 8, 16, 128, 0, 14, 32, 2816 }, // U+0458
    { 8, 16, 128, 0, 14, 32, 2848 }, // U+0459
    { 8, 16, 128, 0, 14, 32, 2880 }, // U+045A
    { 8, 16, 128, 0, 14, 32, 2912 }, // U+045B
    { 8, 16, 128, 0, 14, 32, 2944 }, // U+045C
    { 8, 16, 128, 0, 14, 32, 2976 }, // U+045D
    { 8, 16, 128, 0, 14, 32, 3008 }, // U+045E
    { 8, 16, 128, 0, 14, 32, 3040 }, // U+045F
    { 8, 16, 128, 0, 14, 32, 3072 }, // U+0460
    { 8, 16, 128, 0, 14, 32, 3104 }, // U+0461
    { 8, 16, 128, 0, 14, 32, 3136 }, // U+0462
    { 8, 16, 128, 0, 14, 32, 3168 }, // U+0463
    { 8, 16, 128, 0, 14, 32, 3200 }, // U+0464
    { 8, 16, 128, 0, 14, 32, 3232 }, // U+0465
    { 8, 16, 128, 0, 14, 32, 3264 }, // U+0466
    { 8, 16, 128, 0, 14, 32, 3296 }, // U+0467
    { 8, 16, 128, 0, 14, 32, 3328 }, // U+0468
    { 8, 16, 128, 0, 14, 32, 3360 }, // U+0469
    { 8, 16, 128, 0, 14, 32, 3392 }, // U+046A
    { 8, 16, 128, 0, 14, 32, 3424 }, // U+046B
    { 8, 16, 128, 0, 14, 32, 3456 }, // U+046C
    { 8, 16, 128, 0, 14, 32, 3488 }, // U+046D
    { 8, 16, 128, 0, 14, 32, 3520 }, // U+046E
    { 8, 16, 128, 0, 14, 32, 3552 }, // U+046F
    { 8, 16, 128, 0, 14, 32, 3584 }, // U+0470
    { 8, 16, 128, 0, 14, 32, 3616 }, // U+0471
    { 8, 16, 128, 0, 14, 32, 3648 }, // U+0472
    { 8, 16, 128, 0, 14, 32, 3680 }, // U+0473
    { 8, 16, 128, 0, 14, 32, 3712 }, // U+0474
    { 8, 16, 128, 0, 14, 32, 3744 }, // U+0475
    { 8, 16, 128, 0, 14, 32, 3776 }, // U+0476
    { 8, 16, 128, 0, 14, 32, 3808 }, // U+0477
    { 8, 16, 128, 0, 14, 32, 3840 }, // U+0478
    { 8, 16, 128, 0, 14, 32, 3872 }, // U+0479
    { 8, 16, 128, 0, 14, 32, 3904 }, // U+047A
    { 8, 16, 128, 0, 14, 32, 3936 }, // U+047B
    { 8, 16, 128, 0, 14, 32, 3968 }, // U+047C
    { 8, 16, 128, 0, 14, 32, 4000 }, // U+047D
    { 8, 16, 128, 0, 14, 32, 4032 }, // U+047E
    { 8, 16, 128, 0, 14, 32, 4064 }, // U+047F
    { 8, 16, 128, 0, 14, 32, 4096 }, // U+0480
    { 8, 16, 128, 0, 14, 32, 4128 }, // U+0481
    { 8, 16, 128, 0, 14, 32, 4160 }, // U+0482
    { 8, 16, 128, 0, 14, 32, 4192 }, // U+0483
    { 8, 16, 128, 0, 14, 32, 4224 }, // U+0484
    { 8, 16, 128, 0, 14, 32, 4256 }, // U+0485
    { 8, 16, 128, 0, 14, 32, 4288 }, // U+0486
    { 8, 16, 128, 0, 14, 32, 4320 }, // U+0487
    { 16, 16, 256, 0, 14, 64, 4352 }, // U+0488
    { 16, 16, 256, 0, 14, 64, 4416 }, // U+0489
    { 8, 16, 128, 0, 14, 32, 4480 }, // U+048A
    { 8, 16, 128, 0, 14, 32, 4512 }, // U+048B
    { 8, 16, 128, 0, 14, 32, 4544 }, // U+048C
    { 8, 16, 128, 0, 14, 32, 4576 }, // U+048D
    { 8, 16, 128, 0, 14, 32, 4608 }, // U+048E
    { 8, 16, 128, 0, 14, 32, 4640 }, // U+048F
    { 8, 16, 128, 0, 14, 32, 4672 }, // U+0490
    { 8, 16, 128, 0, 14, 32, 4704 }, // U+0491
    { 8, 16, 128, 0, 14, 32, 4736 }, // U+0492
    { 8, 16, 128, 0, 14, 32, 4768 }, // U+0493
    { 8, 16, 128, 0, 14, 32, 4800 }, // U+0494
    { 8, 16, 128, 0, 14, 32, 4832 }, // U+0495
    { 8, 16, 128, 0, 14, 32, 4864 }, // U+0496
    { 8, 16, 128, 0, 14, 32, 4896 }, // U+0497
    { 8, 16, 128, 0, 14, 32, 4928 }, // U+0498
    { 8, 16, 128, 0, 14, 32, 4960 }, // U+0499
    { 8, 16, 128, 0, 14, 32, 4992 }, // U+049A
    { 8, 16, 128, 0, 14, 32, 5024 }, // U+049B
    { 8, 16, 128, 0, 14, 32, 5056 }, // U+049C
    { 8, 16, 128, 0, 14, 32, 5088 }, // U+049D
    { 8, 16, 128, 0, 14, 32, 5120 }, // U+049E
    { 8, 16, 128, 0, 14, 32, 5152 }, // U+049F
    { 8, 16, 128, 0, 14, 32, 5184 }, // U+04A0
    { 8, 16, 128, 0, 14, 32, 5216 }, // U+04A1
    { 8, 16, 128, 0, 14, 32, 5248 }, // U+04A2
    { 8, 16, 128, 0, 14, 32, 5280 }, // U+04A3
    { 8, 16, 128, 0, 14, 32, 5312 }, // U+04A4
    { 8, 16, 128, 0, 14, 32, 5344 }, // U+04A5
    { 8, 16, 128, 0, 14, 32, 5376 }, // U+04A6
    { 8, 16, 128, 0, 14, 32, 5408 }, // U+04A7
    { 8, 16, 128, 0, 14, 32, 5440 }, // U+04A8
    { 8, 16, 128, 0, 14, 32, 5472 }, // U+04A9
    { 8, 16, 128, 0, 14, 32, 5504 }, // U+04AA
    { 8, 16, 128, 0, 14, 32, 5536 }, // U+04AB
    { 8, 16, 128, 0, 14, 32, 5568 }, // U+04AC
    { 8, 16, 128, 0, 14, 32, 5600 }, // U+04AD
    { 8, 16, 128, 0, 14, 32, 5632 }, // U+04AE
    { 8, 16, 128, 0, 14, 32, 5664 }, // U+04AF
    { 8, 16, 128, 0, 14, 32, 5696 }, // U+04B0
    { 8, 16, 128, 0, 14, 32, 5728 }, // U+04B1
    { 8, 16, 128, 0, 14, 32, 5760 }, // U+04B2
    { 8, 16, 128, 0, 14, 32, 5792 }, // U+04B3
    { 8, 16, 128, 0, 14, 32, 5824 }, // U+04B4
    { 8, 16, 128, 0, 14, 32, 5856 }, // U+04B5
    { 8, 16, 128, 0, 14, 32, 5888 }, // U+04B6
    { 8, 16, 128, 0, 14, 32, 5920 }, // U+04B7
    { 8, 16, 128, 0, 14, 32, 5952 }, // U+04B8
    { 8, 16, 128, 0, 14, 32, 5984 }, // U+04B9
    { 8, 16, 128, 0, 14, 32, 6016 }, // U+04BA
    { 8, 16, 128, 0, 14, 32, 6048 }, // U+04BB
    { 8, 16, 128, 0, 14, 32, 6080 }, // U+04BC
    { 8, 16, 128, 0, 14, 32, 6112 }, // U+04BD
    { 8, 16, 128, 0, 14, 32, 6144 }, // U+04BE
    { 8, 16, 128, 0, 14, 32, 6176 }, // U+04BF
    { 8, 16, 128, 0, 14, 32, 6208 }, // U+04C0
    { 8, 16, 128, 0, 14, 32, 6240 }, // U+04C1
    { 8, 16, 128, 0, 14, 32, 6272 }, // U+04C2
    { 8, 16, 128, 0, 14, 32, 6304 }, // U+04C3
    { 8, 16, 128, 0, 14, 32, 6336 }, // U+04C4
    { 8, 16, 128, 0, 14, 32, 6368 }, // U+04C5
    { 8, 16, 128, 0, 14, 32, 6400 }, // U+04C6
    { 8, 16, 128, 0, 14, 32, 6432 }, // U+04C7
    { 8, 16, 128, 0, 14, 32, 6464 }, // U+04C8
    { 8, 16, 128, 0, 14, 32, 6496 }, // U+04C9
    { 8, 16, 128, 0, 14, 32, 6528 }, // U+04CA
    { 8, 16, 128, 0, 14, 32, 6560 }, // U+04CB
    { 8, 16, 128, 0, 14, 32, 6592 }, // U+04CC
    { 8, 16, 128, 0, 14, 32, 6624 }, // U+04CD
    { 8, 16, 128, 0, 14, 32, 6656 }, // U+04CE
    { 8, 16, 128, 0, 14, 32, 6688 }, // U+04CF
    { 8, 16, 128, 0, 14, 32, 6720 }, // U+04D0
    { 8, 16, 128, 0, 14, 32, 6752 }, // U+04D1
    { 8, 16, 128, 0, 14, 32, 6784 }, // U+04D2
    { 8, 16, 128, 0, 14, 32, 6816 }, // U+04D3
    { 8, 16, 128, 0, 14, 32, 6848 }, // U+04D4
    { 8, 16, 128, 0, 14, 32, 6880 }, // U+04D5
    { 8, 16, 128, 0, 14, 32, 6912 }, // U+04D6
    { 8, 16, 128, 0, 14, 32, 6944 }, // U+04D7
    { 8, 16, 128, 0, 14, 32, 6976 }, // U+04D8
    { 8, 16, 128, 0, 14, 32, 7008 }, // U+04D9
    { 8, 16, 128, 0, 14, 32, 7040 }, // U+04DA
    { 8, 16, 128, 0, 14, 32, 7072 }, // U+04DB
    { 8, 16, 128, 0, 14, 32, 7104 }, // U+04DC
    { 8, 16, 128, 0, 14, 32, 7136 }, // U+04DD
    { 8, 16, 128, 0, 14, 32, 7168 }, // U+04DE
    { 8, 16, 128, 0, 14, 32, 7200 }, // U+04DF
    { 8, 16, 128, 0, 14, 32, 7232 }, // U+04E0
    { 8, 16, 128, 0, 14, 32, 7264 }, // U+04E1
    { 8, 16, 128, 0, 14, 32, 7296 }, // U+04E2
    { 8, 16, 128, 0, 14, 32, 7328 }, // U+04E3
    { 8, 16, 128, 0, 14, 32, 7360 }, // U+04E4
    { 8, 16, 128, 0, 14, 32, 7392 }, // U+04E5
    { 8, 16, 128, 0, 14, 32, 7424 }, // U+04E6
    { 8, 16, 128, 0, 14, 32, 7456 }, // U+04E7
    { 8, 16, 128, 0, 14, 32, 7488 }, // U+04E8
    { 8, 16, 128, 0, 14, 32, 7520 }, // U+04E9
    { 8, 16, 128, 0, 14, 32, 7552 }, // U+04EA
    { 8, 16, 128, 0, 14, 32, 7584 }, // U+04EB
    { 8, 16, 128, 0, 14, 32, 7616 }, // U+04EC
    { 8, 16, 128, 0, 14, 32, 7648 }, // U+04ED
    { 8, 16, 128, 0, 14, 32, 7680 }, // U+04EE
    { 8, 16, 128, 0, 14, 32, 7712 }, // U+04EF
    { 8, 16, 128, 0, 14, 32, 7744 }, // U+04F0
    { 8, 16, 128, 0, 14, 32, 7776 }, // U+04F1
    { 8, 16, 128, 0, 14, 32, 7808 }, // U+04F2
    { 8, 16, 128, 0, 14, 32, 7840 }, // U+04F3
    { 8, 16, 128, 0, 14, 32, 7872 }, // U+04F4
    { 8, 16, 128, 0, 14, 32, 7904 }, // U+04F5
    { 8, 16, 128, 0, 14, 32, 7936 }, // U+04F6
    { 8, 16, 128, 0, 14, 32, 7968 }, // U+04F7
    { 8, 16, 128, 0, 14, 32, 8000 }, // U+04F8
    { 8, 16, 128, 0, 14, 32, 8032 }, // U+04F9
    { 8, 16, 128, 0, 14, 32, 8064 }, // U+04FA
    { 8, 16, 128, 0, 14, 32, 8096 }, // U+04FB
    { 8, 16, 128, 0, 14, 32, 8128 }, // U+04FC
    { 8, 16, 128, 0, 14, 32, 8160 }, // U+04FD
    { 8, 16, 128, 0, 14, 32, 8192 }, // U+04FE
    { 8, 16, 128, 0, 14, 32, 8224 }, // U+04FF
    { 11, 15, 192, 0, 12, 42, 0 }, // U+1EA0
    { 8, 12, 144, 1, 9, 24, 42 }, // U+1EA1
    { 8, 16, 128, 0, 14, 32, 66 }, // U+1EA2
    { 8, 16, 128, 0, 14, 32, 98 }, // U+1EA3
    { 11, 20, 192, 0, 20, 55, 130 }, // U+1EA4
    { 8, 17, 144, 1, 17, 34, 185 }, // U+1EA5
    { 11, 20, 192, 0, 20, 55, 219 }, // U+1EA6
    { 8, 17, 144, 1, 17, 34, 274 }, // U+1EA7
    { 8, 16, 128, 0, 14, 32, 308 }, // U+1EA8
    { 8, 16, 128, 0, 14, 32, 340 }, // U+1EA9
    { 11, 19, 192, 0, 19, 53, 372 }, // U+1EAA
    { 8, 16, 144, 1, 16, 32, 425 }, // U+1EAB
    { 11, 19, 192, 0, 16, 53, 457 }, // U+1EAC
    { 8, 16, 144, 1, 13, 32, 510 }, // U+1EAD
    { 11, 19, 192, 0, 19, 53, 542 }, // U+1EAE
    { 8, 16, 144, 1, 16, 32, 595 }, // U+1EAF
    { 11, 19, 192, 0, 19, 53, 627 }, // U+1EB0
    { 8, 16, 144, 1, 16, 32, 680 }, // U+1EB1
    { 8, 16, 128, 0, 14, 32, 712 }, // U+1EB2
    { 8, 16, 128, 0, 14, 32, 744 }, // U+1EB3
    { 11, 18, 192, 0, 18, 50, 776 }, // U+1EB4
    { 8, 15, 144, 1, 15, 30, 826 }, // U+1EB5
    { 11, 18, 192, 0, 15, 50, 856 }, // U+1EB6
    { 8, 15, 144, 1, 12, 30, 906 }, // U+1EB7
    { 8, 15, 160, 1, 12, 30, 936 }, // U+1EB8
    { 8, 12, 160, 1, 9, 24, 966 }, // U+1EB9
    { 8, 16, 128, 0, 14, 32, 990 }, // U+1EBA
    { 8, 16, 128, 0, 14, 32, 1022 }, // U+1EBB
    { 8, 15, 160, 1, 15, 30, 1054 }, // U+1EBC
    { 8, 12, 160, 1, 12, 24, 1084 }, // U+1EBD
    { 8, 20, 160, 1, 20, 40, 1108 }, // U+1EBE
    { 8, 17, 160, 1, 17, 34, 1148 }, // U+1EBF
    { 8, 20, 160, 1, 20, 40, 1182 }, // U+1EC0
    { 8, 17, 160, 1, 17, 34, 1222 }, // U+1EC1
    { 8, 16, 128, 0, 14, 32, 1256 }, // U+1EC2
    { 8, 16, 128, 0, 14, 32, 1288 }, // U+1EC3
    { 8, 19, 160, 1, 19, 38, 1320 }, // U+1EC4
    { 8, 16, 160, 1, 16, 32, 1358 }, // U+1EC5
    { 8, 19, 160, 1, 16, 38, 1390 }, // U+1EC6
    { 8, 16, 160, 1, 13, 32, 1428 }, // U+1EC7
    { 8, 16, 128, 0, 14, 32, 1460 }, // U+1EC8
    { 8, 16, 128, 0, 14, 32, 1492 }, // U+1EC9
    { 2, 15, 64, 1, 12, 8, 1524 }, // U+1ECA
    { 2, 15, 64, 1, 12, 8, 1532 }, // U+1ECB
    { 11, 15, 208, 1, 12, 42, 1540 }, // U+1ECC
    { 8, 12, 160, 1, 9, 24, 1582 }, // U+1ECD
    { 8, 16, 128, 0, 14, 32, 1606 }, // U+1ECE
    { 8, 16, 128, 0, 14, 32, 1638 }, // U+1ECF
    { 11, 20, 208, 1, 20, 55, 1670 }, // U+1ED0
    { 8, 17, 160, 1, 17, 34, 1725 }, // U+1ED1
    { 11, 20, 208, 1, 20, 55, 1759 }, // U+1ED2
    { 8, 17, 160, 1, 17, 34, 1814 }, // U+1ED3
    { 8, 16, 128, 0, 14, 32, 1848 }, // U+1ED4
    { 8, 16, 128, 0, 14, 32, 1880 }, // U+1ED5
    { 11, 19, 208, 1, 19, 53, 1912 }, // U+1ED6
    { 8, 16, 160, 1, 16, 32, 1965 }, // U+1ED7
    { 11, 19, 208, 1, 16, 53, 1997 }, // U+1ED8
    { 8, 16, 160, 1, 13, 32, 2050 }, // U+1ED9
    { 12, 16, 208, 1, 16, 48, 2082 }, // U+1EDA
    { 10, 13, 160, 1, 13, 33, 2130 }, // U+1EDB
    { 12, 16, 208, 1, 16, 48, 2163 }, // U+1EDC
    { 10, 13, 160, 1, 13, 33, 2211 }, // U+1EDD
    { 8, 16, 128, 0, 14, 32, 2244 }, // U+1EDE
    { 8, 16, 128, 0, 14, 32, 2276 }, // U+1EDF
    { 12, 15, 208, 1, 15, 45, 2308 }, // U+1EE0
    { 10, 12, 160, 1, 12, 30, 2353 }, // U+1EE1
    { 12, 15, 208, 1, 12, 45, 2383 }, // U+1EE2
    { 10, 12, 160, 1, 9, 30, 2428 }, // U+1EE3
    { 10, 15, 192, 1, 12, 38, 2458 }, // U+1EE4
    { 8, 12, 160, 1, 9, 24, 2496 }, // U+1EE5
    { 8, 16, 128, 0, 14, 32, 2520 }, // U+1EE6
    { 8, 16, 128, 0, 14, 32, 2552 }, // U+1EE7
    { 11, 16, 192, 1, 16, 44, 2584 }, // U+1EE8
    { 10, 13, 160, 1, 13, 33, 2628 }, // U+1EE9
    { 11, 16, 192, 1, 16, 44, 2661 }, // U+1EEA
    { 10, 13, 160, 1, 13, 33, 2705 }, // U+1EEB
    { 8, 16, 128, 0, 14, 32, 2738 }, // U+1EEC
    { 8, 16, 128, 0, 14, 32, 2770 }, // U+1EED
    { 11, 15, 192, 1, 15, 42, 2802 }, // U+1EEE
    { 10, 12, 160, 1, 12, 30, 2844 }, // U+1EEF
    { 11, 15, 192, 1, 12, 42, 2874 }, // U+1EF0
    { 10, 12, 160, 1, 9, 30, 2916 }, // U+1EF1
    { 10, 16, 176, 0, 16, 40, 2946 }, // U+1EF2
    { 8, 17, 144, 0, 13, 34, 2986 }, // U+1EF3
    { 10, 15, 176, 0, 12, 38, 3020 }, // U+1EF4
    { 8, 16, 144, 0, 9, 32, 3058 }, // U+1EF5
    { 8, 16, 128, 0, 14, 32, 3090 }, // U+1EF6
    { 8, 16, 128, 0, 14, 32, 3122 }, // U+1EF7
    { 10, 15, 176, 0, 15, 38, 3154 }, // U+1EF8
    { 8, 16, 144, 0, 12, 32, 3192 }, // U+1EF9
    { 1, 1, 128, 0, 1, 1, 0 }, // U+2000
    { 1, 1, 272, 0, 1, 1, 1 }, // U+2001
    { 1, 1, 128, 0, 1, 1, 2 }, // U+2002
    { 1, 1, 272, 0, 1, 1, 3 }, // U+2003
    { 1, 1, 96, 0, 1, 1, 4 }, // U+2004
    { 1, 1, 64, 0, 1, 1, 5 }, // U+2005
    { 1, 1, 48, 0, 1, 1, 6 }, // U+2006
    { 1, 1, 144, 0, 1, 1, 7 }, // U+2007
    { 1, 1, 64, 0, 1, 1, 8 }, // U+2008
    { 1, 1, 48, 0, 1, 1, 9 }, // U+2009
    { 1, 1, 32, 0, 1, 1, 10 }, // U+200A
    { 1, 1, 0, 0, 1, 1, 11 }, // U+200B
    { 16, 16, 256, 0, 14, 64, 12 }, // U+200C
    { 16, 16, 256, 0, 14, 64, 76 }, // U+200D
    { 16, 16, 256, 0, 14, 64, 140 }, // U+200E
    { 16, 16, 256, 0, 14, 64, 204 }, // U+200F
    { 4, 2, 80, 0, 5, 2, 268 }, // U+2010
    { 4, 2, 80, 0, 5, 2, 270 }, // U+2011
    { 9, 2, 144, 0, 5, 5, 272 }, // U+2012
    { 9, 2, 144, 0, 5, 5, 277 }, // U+2013
    { 16, 2, 256, 0, 5, 8, 282 }, // U+2014
    { 16, 2, 256, 0, 5, 8, 290 }, // U+2015
    { 8, 16, 128, 0, 14, 32, 298 }, // U+2016
    { 8, 16, 128, 0, 14, 32, 330 }, // U+2017
    { 2, 4, 80, 1, 12, 2, 362 }, // U+2018
    { 2, 4, 80, 2, 12, 2, 364 }, // U+2019
    { 2, 4, 80, 1, 2, 2, 366 }, // U+201A
    { 2, 4, 80, 2, 12, 2, 368 }, // U+201B
    { 6, 4, 128, 1, 12, 6, 370 }, // U+201C
    { 6, 4, 128, 1, 12, 6, 376 }, // U+201D
    { 6, 4, 128, 1, 2, 6, 382 }, // U+201E
    { 6, 4, 128, 1, 12, 6, 388 }, // U+201F
    { 8, 15, 144, 0, 12, 30, 394 }, // U+2020
    { 8, 15, 144, 0, 12, 30, 424 }, // U+2021
    { 4, 4, 96, 1, 7, 4, 454 }, // U+2022
    { 8, 16, 128, 0, 14, 32, 458 }, // U+2023
    { 8, 16, 128, 0, 14, 32, 490 }, // U+2024
    { 8, 16, 128, 0, 14, 32, 522 }, // U+2025
    { 12, 2, 240, 2, 2, 6, 554 }, // U+2026
    { 8, 16, 128, 0, 14, 32, 560 }, // U+2027
    { 16, 16, 256, 0, 14, 64, 592 }, // U+2028
    { 16, 16, 256, 0, 14, 64, 656 }, // U+2029
    { 16, 16, 256, 0, 14, 64, 720 }, // U+202A
    { 16, 16, 256, 0, 14, 64, 784 }, // U+202B
    { 16, 16, 256, 0, 14, 64, 848 }, // U+202C
    { 16, 16, 256, 0, 14, 64, 912 }, // U+202D
    { 16, 16, 256, 0, 14, 64, 976 }, // U+202E
    { 8, 16, 128, 0, 14, 32, 1040 }, // U+202F
    { 14, 12, 272, 0, 12, 42, 1072 }, // U+2030
    { 8, 16, 128, 0, 14, 32, 1114 }, // U+2031
    { 8, 16, 128, 0, 14, 32, 1146 }, // U+2032
    { 8, 16, 128, 0, 14, 32, 1178 }, // U+2033
    { 8, 16, 128, 0, 14, 32, 1210 }, // U+2034
    { 8, 16, 128, 0, 14, 32, 1242 }, // U+2035
    { 8, 16, 128, 0, 14, 32, 1274 }, // U+2036
    { 8, 16, 128, 0, 14, 32, 1306 }, // U+2037
    { 8, 16, 128, 0, 14, 32, 1338 }, // U+2038
    { 4, 6, 96, 1, 8, 6, 1370 }, // U+2039
    { 4, 6, 96, 1, 8, 6, 1376 }, // U+203A
    { 8, 16, 128, 0, 14, 32, 1382 }, // U+203B
    { 8, 16, 128, 0, 14, 32, 1414 }, // U+203C
    { 8, 16, 128, 0, 14, 32, 1446 }, // U+203D
    { 8, 16, 128, 0, 14, 32, 1478 }, // U+203E
    { 8, 16, 128, 0, 14, 32, 1510 }, // U+203F
    { 8, 16, 128, 0, 14, 32, 1542 }, // U+2040
    { 8, 16, 128, 0, 14, 32, 1574 }, // U+2041
    { 8, 16, 128, 0, 14, 32, 1606 }, // U+2042
    { 8, 16, 128, 0, 14, 32, 1638 }, // U+2043
    { 7, 12, 48, -2, 12, 21, 1670 }, // U+2044
    { 8, 16, 128, 0, 14, 32, 1691 }, // U+2045
    { 8, 16, 128, 0, 14, 32, 1723 }, // U+2046
    { 8, 16, 128, 0, 14, 32, 1755 }, // U+2047
    { 8, 16, 128, 0, 14, 32, 1787 }, // U+2048
    { 8, 16, 128, 0, 14, 32, 1819 }, // U+2049
    { 8, 16, 128, 0, 14, 32, 1851 }, // U+204A
    { 8, 16, 128, 0, 14, 32, 1883 }, // U+204B
    { 8, 16, 128, 0, 14, 32, 1915 }, // U+204C
    { 8, 16, 128, 0, 14, 32, 1947 }, // U+204D
    { 8, 16, 128, 0, 14, 32, 1979 }, // U+204E
    { 8, 16, 128, 0, 14, 32, 2011 }, // U+204F
    { 8, 16, 128, 0, 14, 32, 2043 }, // U+2050
    { 8, 16, 128, 0, 14, 32, 2075 }, // U+2051
    { 8, 16, 128, 0, 14, 32, 2107 }, // U+2052
    { 8, 16, 128, 0, 14, 32, 2139 }, // U+2053
    { 8, 16, 128, 0, 14, 32, 2171 }, // U+2054
    { 8, 16, 128, 0, 14, 32, 2203 }, // U+2055
    { 8, 16, 128, 0, 14, 32, 2235 }, // U+2056
    { 16, 16, 256, 0, 14, 64, 2267 }, // U+2057
    { 8, 16, 128, 0, 14, 32, 2331 }, // U+2058
    { 8, 16, 128, 0, 14, 32, 2363 }, // U+2059
    { 8, 16, 128, 0, 14, 32, 2395 }, // U+205A
    { 8, 16, 128, 0, 14, 32, 2427 }, // U+205B
    { 8, 16, 128, 0, 14, 32, 2459 }, // U+205C
    { 8, 16, 128, 0, 14, 32, 2491 }, // U+205D
    { 8, 16, 128, 0, 14, 32, 2523 }, // U+205E
    { 8, 16, 128, 0, 14, 32, 2555 }, // U+205F
    { 16, 16, 256, 0, 14, 64, 2587 }, // U+2060
    { 16, 16, 256, 0, 14, 64, 2651 }, // U+2061
    { 16, 16, 256, 0, 14, 64, 2715 }, // U+2062
    { 16, 16, 256, 0, 14, 64, 2779 }, // U+2063
    { 16, 16, 256, 0, 14, 64, 2843 }, // U+2064
    { 16, 16, 256, 0, 14, 64, 2907 }, // U+2065
    { 16, 16, 256, 0, 14, 64, 2971 }, // U+2066
    { 16, 16, 256, 0, 14, 64, 3035 }, // U+2067
    { 16, 16, 256, 0, 14, 64, 3099 }, // U+2068
    { 16, 16, 256, 0, 14, 64, 3163 }, // U+2069
    { 16, 16, 256, 0, 14, 64, 3227 }, // U+206A
    { 16, 16, 256, 0, 14, 64, 3291 }, // U+206B
    { 16, 16, 256, 0, 14, 64, 3355 }, // U+206C
    { 16, 16, 256, 0, 14, 64, 3419 }, // U+206D
    { 16, 16, 256, 0, 14, 64, 3483 }, // U+206E
    { 16, 16, 256, 0, 14, 64, 3547 }, // U+206F
    { 8, 16, 128, 0, 14, 32, 0 }, // U+2070
    { 8, 16, 128, 0, 14, 32, 32 }, // U+2071
    { 16, 16, 256, 0, 14, 64, 64 }, // U+2072
    { 16, 16, 256, 0, 14, 64, 128 }, // U+2073
    { 8, 16, 128, 0, 14, 32, 192 }, // U+2074
    { 8, 16, 128, 0, 14, 32, 224 }, // U+2075
    { 8, 16, 128, 0, 14, 32, 256 }, // U+2076
    { 8, 16, 128, 0, 14, 32, 288 }, // U+2077
    { 8, 16, 128, 0, 14, 32, 320 }, // U+2078
    { 8, 16, 128, 0, 14, 32, 352 }, // U+2079
    { 8, 16, 128, 0, 14, 32, 384 }, // U+207A
    { 8, 16, 128, 0, 14, 32, 416 }, // U+207B
    { 8, 16, 128, 0, 14, 32, 448 }, // U+207C
    { 8, 16, 128, 0, 14, 32, 480 }, // U+207D
    { 8, 16, 128, 0, 14, 32, 512 }, // U+207E
    { 8, 16, 128, 0, 14, 32, 544 }, // U+207F
    { 8, 16, 128, 0, 14, 32, 576 }, // U+2080
    { 4, 7, 96, 1, 3, 7, 608 }, // U+2081
    { 5, 7, 96, 0, 3, 9, 615 }, // U+2082
    { 5, 7, 96, 0, 3, 9, 624 }, // U+2083
    { 8, 16, 128, 0, 14, 32, 633 }, // U+2084
    { 8, 16, 128, 0, 14, 32, 665 }, // U+2085
    { 8, 16, 128, 0, 14, 32, 697 }, // U+2086
    { 8, 16, 128, 0, 14, 32, 729 }, // U+2087
    { 8, 16, 128, 0, 14, 32, 761 }, // U+2088
    { 8, 16, 128, 0, 14, 32, 793 }, // U+2089
    { 8, 16, 128, 0, 14, 32, 825 }, // U+208A
    { 8, 16, 128, 0, 14, 32, 857 }, // U+208B
    { 8, 16, 128, 0, 14, 32, 889 }, // U+208C
    { 8, 16, 128, 0, 14, 32, 921 }, // U+208D
    { 8, 16, 128, 0, 14, 32, 953 }, // U+208E
    { 8, 16, 128, 0, 14, 32, 985 }, // U+208F
    { 8, 16, 128, 0, 14, 32, 1017 }, // U+2090
    { 8, 16, 128, 0, 14, 32, 1049 }, // U+2091
    { 8, 16, 128, 0, 14, 32, 1081 }, // U+2092
    { 8, 16, 128, 0, 14, 32, 1113 }, // U+2093
    { 8, 16, 128, 0, 14, 32, 1145 }, // U+2094
    { 8, 16, 128, 0, 14, 32, 1177 }, // U+2095
    { 8, 16, 128, 0, 14, 32, 1209 }, // U+2096
    { 8, 16, 128, 0, 14, 32, 1241 }, // U+2097
    { 8, 16, 128, 0, 14, 32, 1273 }, // U+2098
    { 8, 16, 128, 0, 14, 32, 1305 }, // U+2099
    { 8, 16, 128, 0, 14, 32, 1337 }, // U+209A
    { 8, 16, 128, 0, 14, 32, 1369 }, // U+209B
    { 8, 16, 128, 0, 14, 32, 1401 }, // U+209C
    { 8, 16, 128, 0, 14, 32, 1433 }, // U+209D
    { 8, 16, 128, 0, 14, 32, 1465 }, // U+209E
    { 8, 16, 128, 0, 14, 32, 1497 }, // U+209F
    { 8, 16, 128, 0, 14, 32, 0 }, // U+20A0
    { 8, 16, 128, 0, 14, 32, 32 }, // U+20A1
    { 8, 16, 128, 0, 14, 32, 64 }, // U+20A2
    { 8, 16, 128, 0, 14, 32, 96 }, // U+20A3
    { 8, 16, 128, 0, 14, 32, 128 }, // U+20A4
    { 12, 12, 224, 1, 11, 36, 160 }, // U+20A5
    { 10, 12, 192, 1, 12, 30, 196 }, // U+20A6
    { 8, 16, 128, 0, 14, 32, 226 }, // U+20A7
    { 8, 16, 128, 0, 14, 32, 258 }, // U+20A8
    { 14, 12, 240, 0, 12, 42, 290 }, // U+20A9
    { 8, 16, 128, 0, 14, 32, 332 }, // U+20AA
    { 8, 16, 128, 0, 14, 32, 364 }, // U+20AB
    { 12, 12, 192, -1, 12, 36, 396 }, // U+20AC
    { 11, 12, 192, 1, 12, 33, 432 }, // U+20AD
    { 8, 16, 128, 0, 14, 32, 465 }, // U+20AE
    { 8, 16, 128, 0, 14, 32, 497 }, // U+20AF
    { 8, 16, 128, 0, 14, 32, 529 }, // U+20B0
    { 8, 16, 128, 0, 14, 32, 561 }, // U+20B1
    { 8, 16, 128, 0, 14, 32, 593 }, // U+20B2
    { 8, 16, 128, 0, 14, 32, 625 }, // U+20B3
    { 8, 16, 128, 0, 14, 32, 657 }, // U+20B4
    { 8, 16, 128, 0, 14, 32, 689 }, // U+20B5
    { 8, 16, 128, 0, 14, 32, 721 }, // U+20B6
    { 8, 16, 128, 0, 14, 32, 753 }, // U+20B7
    { 8, 16, 128, 0, 14, 32, 785 }, // U+20B8
    { 16, 16, 256, 0, 14, 64, 817 }, // U+20B9
    { 8, 16, 128, 0, 14, 32, 881 }, // U+20BA
    { 8, 16, 128, 0, 14, 32, 913 }, // U+20BB
    { 8, 16, 128, 0, 14, 32, 945 }, // U+20BC
    { 8, 16, 128, 0, 14, 32, 977 }, // U+20BD
    { 8, 16, 128, 0, 14, 32, 1009 }, // U+20BE
    { 8, 16, 128, 0, 14, 32, 1041 }, // U+20BF
    { 8, 16, 128, 0, 14, 32, 1073 }, // U+20C0
    { 8, 16, 128, 0, 14, 32, 1105 }, // U+20C1
    { 8, 16, 128, 0, 14, 32, 1137 }, // U+20C2
    { 8, 16, 128, 0, 14, 32, 1169 }, // U+20C3
    { 8, 16, 128, 0, 14, 32, 1201 }, // U+20C4
    { 16, 16, 256, 0, 14, 64, 1233 }, // U+20C5
    { 16, 16, 256, 0, 14, 64, 1297 }, // U+20C6
    { 16, 16, 256, 0, 14, 64, 1361 }, // U+20C7
    { 16, 16, 256, 0, 14, 64, 1425 }, // U+20C8
    { 16, 16, 256, 0, 14, 64, 1489 }, // U+20C9
    { 16, 16, 256, 0, 14, 64, 1553 }, // U+20CA
    { 16, 16, 256, 0, 14, 64, 1617 }, // U+20CB
    { 16, 16, 256, 0, 14, 64, 1681 }, // U+20CC
    { 16, 16, 256, 0, 14, 64, 1745 }, // U+20CD
    { 16, 16, 256, 0, 14, 64, 1809 }, // U+20CE
    { 16, 16, 256, 0, 14, 64, 1873 }, // U+20CF
    { 8, 16, 128, 0, 14, 32, 0 }, // U+2190
    { 8, 16, 128, 0, 14, 32, 32 }, // U+2191
    { 8, 16, 128, 0, 14, 32, 64 }, // U+2192
    { 8, 16, 128, 0, 14, 32, 96 }, // U+2193
    { 8, 16, 128, 0, 14, 32, 128 }, // U+2194
    { 8, 16, 128, 0, 14, 32, 160 }, // U+2195
    { 8, 16, 128, 0, 14, 32, 192 }, // U+2196
    { 8, 16, 128, 0, 14, 32, 224 }, // U+2197
    { 8, 16, 128, 0, 14, 32, 256 }, // U+2198
    { 8, 16, 128, 0, 14, 32, 288 }, // U+2199
    { 8, 16, 128, 0, 14, 32, 320 }, // U+219A
    { 8, 16, 128, 0, 14, 32, 352 }, // U+219B
    { 16, 16, 256, 0, 14, 64, 384 }, // U+219C
    { 16, 16, 256, 0, 14, 64, 448 }, // U+219D
    { 8, 16, 128, 0, 14, 32, 512 }, // U+219E
    { 8, 16, 128, 0, 14, 32, 544 }, // U+219F
    { 8, 16, 128, 0, 14, 32, 576 }, // U+21A0
    { 8, 16, 128, 0, 14, 32, 608 }, // U+21A1
    { 8, 16, 128, 0, 14, 32, 640 }, // U+21A2
    { 8, 16, 128, 0, 14, 32, 672 }, // U+21A3
    { 8, 16, 128, 0, 14, 32, 704 }, // U+21A4
    { 8, 16, 128, 0, 14, 32, 736 }, // U+21A5
    { 8, 16, 128, 0, 14, 32, 768 }, // U+21A6
    { 8, 16, 128, 0, 14, 32, 800 }, // U+21A7
    { 8, 16, 128, 0, 14, 32, 832 }, // U+21A8
    { 8, 16, 128, 0, 14, 32, 864 }, // U+21A9
    { 8, 16, 128, 0, 14, 32, 896 }, // U+21AA
    { 8, 16, 128, 0, 14, 32, 928 }, // U+21AB
    { 8, 16, 128, 0, 14, 32, 960 }, // U+21AC
    { 8, 16, 128, 0, 14, 32, 992 }, // U+21AD
    { 8, 16, 128, 0, 14, 32, 1024 }, // U+21AE
    { 8, 16, 128, 0, 14, 32, 1056 }, // U+21AF
    { 8, 16, 128, 0, 14, 32, 1088 }, // U+21B0
    { 8, 16, 128, 0, 14, 32, 1120 }, // U+21B1
    { 8, 16, 128, 0, 14, 32, 1152 }, // U+21B2
    { 8, 16, 128, 0, 14, 32, 1184 }, // U+21B3
    { 8, 16, 128, 0, 14, 32, 1216 }, // U+21B4
    { 8, 16, 128, 0, 14, 32, 1248 }, // U+21B5
    { 8, 16, 128, 0, 14, 32, 1280 }, // U+21B6
    { 8, 16, 128, 0, 14, 32, 1312 }, // U+21B7
    { 8, 16, 128, 0, 14, 32, 1344 }, // U+21B8
    { 8, 16, 128, 0, 14, 32, 1376 }, // U+21B9
    { 8, 16, 128, 0, 14, 32, 1408 }, // U+21BA
    { 8, 16, 128, 0, 14, 32, 1440 }, // U+21BB
    { 8, 16, 128, 0, 14, 32, 1472 }, // U+21BC
    { 8, 16, 128, 0, 14, 32, 1504 }, // U+21BD
    { 8, 16, 128, 0, 14, 32, 1536 }, // U+21BE
    { 8, 16, 128, 0, 14, 32, 1568 }, // U+21BF
    { 8, 16, 128, 0, 14, 32, 1600 }, // U+21C0
    { 8, 16, 128, 0, 14, 32, 1632 }, // U+21C1
    { 8, 16, 128, 0, 14, 32, 1664 }, // U+21C2
    { 8, 16, 128, 0, 14, 32, 1696 }, // U+21C3
    { 8, 16, 128, 0, 14, 32, 1728 }, // U+21C4
    { 8, 16, 128, 0, 14, 32, 1760 }, // U+21C5
    { 8, 16, 128, 0, 14, 32, 1792 }, // U+21C6
    { 8, 16, 128, 0, 14, 32, 1824 }, // U+21C7
    { 8, 16, 128, 0, 14, 32, 1856 }, // U+21C8
    { 8, 16, 128, 0, 14, 32, 1888 }, // U+21C9
    { 8, 16, 128, 0, 14, 32, 1920 }, // U+21CA
    { 8, 16, 128, 0, 14, 32, 1952 }, // U+21CB
    { 8, 16, 128, 0, 14, 32, 1984 }, // U+21CC
    { 8, 16, 128, 0, 14, 32, 2016 }, // U+21CD
    { 8, 16, 128, 0, 14, 32, 2048 }, // U+21CE
    { 8, 16, 128, 0, 14, 32, 2080 }, // U+21CF
    { 8, 16, 128, 0, 14, 32, 2112 }, // U+21D0
    { 8, 16, 128, 0, 14, 32, 2144 }, // U+21D1
    { 8, 16, 128, 0, 14, 32, 2176 }, // U+21D2
    { 8, 16, 128, 0, 14, 32, 2208 }, // U+21D3
    { 8, 16, 128, 0, 14, 32, 2240 }, // U+21D4
    { 8, 16, 128, 0, 14, 32, 2272 }, // U+21D5
    { 8, 16, 128, 0, 14, 32, 2304 }, // U+21D6
    { 8, 16, 128, 0, 14, 32, 2336 }, // U+21D7
    { 8, 16, 128, 0, 14, 32, 2368 }, // U+21D8
    { 8, 16, 128, 0, 14, 32, 2400 }, // U+21D9
    { 8, 16, 128, 0, 14, 32, 2432 }, // U+21DA
    { 8, 16, 128, 0, 14, 32, 2464 }, // U+21DB
    { 8, 16, 128, 0, 14, 32, 2496 }, // U+21DC
    { 8, 16, 128, 0, 14, 32, 2528 }, // U+21DD
    { 8, 16, 128, 0, 14, 32, 2560 }, // U+21DE
    { 8, 16, 128, 0, 14, 32, 2592 }, // U+21DF
    { 8, 16, 128, 0, 14, 32, 2624 }, // U+21E0
    { 8, 16, 128, 0, 14, 32, 2656 }, // U+21E1
    { 8, 16, 128, 0, 14, 32, 2688 }, // U+21E2
    { 8, 16, 128, 0, 14, 32, 2720 }, // U+21E3
    { 8, 16, 128, 0, 14, 32, 2752 }, // U+21E4
    { 8, 16, 128, 0, 14, 32, 2784 }, // U+21E5
    { 8, 16, 128, 0, 14, 32, 2816 }, // U+21E6
    { 8, 16, 128, 0, 14, 32, 2848 }, // U+21E7
    { 8, 16, 128, 0, 14, 32, 2880 }, // U+21E8
    { 8, 16, 128, 0, 14, 32, 2912 }, // U+21E9
    { 8, 16, 128, 0, 14, 32, 2944 }, // U+21EA
    { 8, 16, 128, 0, 14, 32, 2976 }, // U+21EB
    { 8, 16, 128, 0, 14, 32, 3008 }, // U+21EC
    { 8, 16, 128, 0, 14, 32, 3040 }, // U+21ED
    { 8, 16, 128, 0, 14, 32, 3072 }, // U+21EE
    { 8, 16, 128, 0, 14, 32, 3104 }, // U+21EF
    { 8, 16, 128, 0, 14, 32, 3136 }, // U+21F0
    { 8, 16, 128, 0, 14, 32, 3168 }, // U+21F1
    { 8, 16, 128, 0, 14, 32, 3200 }, // U+21F2
    { 8, 16, 128, 0, 14, 32, 3232 }, // U+21F3
    { 16, 16, 256, 0, 14, 64, 3264 }, // U+21F4
    { 8, 16, 128, 0, 14, 32, 3328 }, // U+21F5
    { 8, 16, 128, 0, 14, 32, 3360 }, // U+21F6
    { 8, 16, 128, 0, 14, 32, 3392 }, // U+21F7
    { 8, 16, 128, 0, 14, 32, 3424 }, // U+21F8
    { 16, 16, 256, 0, 14, 64, 3456 }, // U+21F9
    { 16, 16, 256, 0, 14, 64, 3520 }, // U+21FA
    { 16, 16, 256, 0, 14, 64, 3584 }, // U+21FB
    { 16, 16, 256, 0, 14, 64, 3648 }, // U+21FC
    { 8, 16, 128, 0, 14, 32, 3712 }, // U+21FD
    { 8, 16, 128, 0, 14, 32, 3744 }, // U+21FE
    { 16, 16, 256, 0, 14, 64, 3776 }, // U+21FF
    { 11, 12, 192, 0, 12, 33, 0 }, // U+2200
    { 8, 16, 128, 0, 14, 32, 33 }, // U+2201
    { 8, 16, 128, 0, 14, 32, 65 }, // U+2202
    { 8, 12, 160, 1, 12, 24, 97 }, // U+2203
    { 8, 12, 160, 1, 12, 24, 121 }, // U+2204
    { 8, 16, 128, 0, 14, 32, 145 }, // U+2205
    { 8, 16, 128, 0, 14, 32, 177 }, // U+2206
    { 8, 16, 128, 0, 14, 32, 209 }, // U+2207
    { 8, 16, 128, 0, 14, 32, 241 }, // U+2208
    { 8, 16, 128, 0, 14, 32, 273 }, // U+2209
    { 8, 16, 128, 0, 14, 32, 305 }, // U+220A
    { 8, 16, 128, 0, 14, 32, 337 }, // U+220B
    { 8, 16, 128, 0, 14, 32, 369 }, // U+220C
    { 8, 16, 128, 0, 14, 32, 401 }, // U+220D
    { 8, 16, 128, 0, 14, 32, 433 }, // U+220E
    { 8, 16, 128, 0, 14, 32, 465 }, // U+220F
    { 8, 16, 128, 0, 14, 32, 497 }, // U+2210
    { 8, 16, 128, 0, 14, 32, 529 }, // U+2211
    { 8, 2, 160, 1, 5, 4, 561 }, // U+2212
    { 8, 16, 128, 0, 14, 32, 565 }, // U+2213
    { 8, 16, 128, 0, 14, 32, 597 }, // U+2214
    { 7, 12, 48, -2, 12, 21, 629 }, // U+2215
    { 8, 16, 128, 0, 14, 32, 650 }, // U+2216
    { 8, 16, 128, 0, 14, 32, 682 }, // U+2217
    { 8, 16, 128, 0, 14, 32, 714 }, // U+2218
    { 2, 2, 80, 1, 6, 1, 746 }, // U+2219
    { 8, 16, 128, 0, 14, 32, 747 }, // U+221A
    { 8, 16, 128, 0, 14, 32, 779 }, // U+221B
    { 8, 16, 128, 0, 14, 32, 811 }, // U+221C
    { 8, 16, 128, 0, 14, 32, 843 }, // U+221D
    { 8, 16, 128, 0, 14, 32, 875 }, // U+221E
    { 8, 16, 128, 0, 14, 32, 907 }, // U+221F
    { 8, 16, 128, 0, 14, 32, 939 }, // U+2220
    { 8, 16, 128, 0, 14, 32, 971 }, // U+2221
    { 8, 16, 128, 0, 14, 32, 1003 }, // U+2222
    { 8, 16, 128, 0, 14, 32, 1035 }, // U+2223
    { 8, 16, 128, 0, 14, 32, 1067 }, // U+2224
    { 8, 16, 128, 0, 14, 32, 1099 }, // U+2225
    { 8, 16, 128, 0, 14, 32, 1131 }, // U+2226
    { 8, 16, 128, 0, 14, 32, 1163 }, // U+2227
    { 8, 16, 128, 0, 14, 32, 1195 }, // U+2228
    { 8, 16, 128, 0, 14, 32, 1227 }, // U+2229
    { 8, 16, 128, 0, 14, 32, 1259 }, // U+222A
    { 8, 16, 128, 0, 14, 32, 1291 }, // U+222B
    { 8, 16, 128, 0, 14, 32, 1323 }, // U+222C
    { 8, 16, 128, 0, 14, 32, 1355 }, // U+222D
    { 8, 16, 128, 0, 14, 32, 1387 }, // U+222E
    { 8, 16, 128, 0, 14, 32, 1419 }, // U+222F
    { 8, 16, 128, 0, 14, 32, 1451 }, // U+2230
    { 8, 16, 128, 0, 14, 32, 1483 }, // U+2231
    { 8, 16, 128, 0, 14, 32, 1515 }, // U+2232
    { 8, 16, 128, 0, 14, 32, 1547 }, // U+2233
    { 8, 16, 128, 0, 14, 32, 1579 }, // U+2234
    { 8, 16, 128, 0, 14, 32, 1611 }, // U+2235
    { 2, 8, 80, 2, 8, 4, 1643 }, // U+2236
    { 8, 16, 128, 0, 14, 32, 1647 }, // U+2237
    { 8, 16, 128, 0, 14, 32, 1679 }, // U+2238
    { 8, 16, 128, 0, 14, 32, 1711 }, // U+2239
    { 8, 16, 128, 0, 14, 32, 1743 }, // U+223A
    { 8, 16, 128, 0, 14, 32, 1775 }, // U+223B
    { 8, 16, 128, 0, 14, 32, 1807 }, // U+223C
    { 8, 16, 128, 0, 14, 32, 1839 }, // U+223D
    { 8, 16, 128, 0, 14, 32, 1871 }, // U+223E
    { 8, 16, 128, 0, 14, 32, 1903 }, // U+223F
    { 8, 16, 128, 0, 14, 32, 1935 }, // U+2240
    { 8, 16, 128, 0, 14, 32, 1967 }, // U+2241
    { 8, 16, 128, 0, 14, 32, 1999 }, // U+2242
    { 8, 16, 128, 0, 14, 32, 2031 }, // U+2243
    { 8, 16, 128, 0, 14, 32, 2063 }, // U+2244
    { 8, 16, 128, 0, 14, 32, 2095 }, // U+2245
    { 8, 16, 128, 0, 14, 32, 2127 }, // U+2246
    { 8, 16, 128, 0, 14, 32, 2159 }, // U+2247
    { 8, 16, 128, 0, 14, 32, 2191 }, // U+2248
    { 8, 16, 128, 0, 14, 32, 2223 }, // U+2249
    { 8, 16, 128, 0, 14, 32, 2255 }, // U+224A
    { 8, 16, 128, 0, 14, 32, 2287 }, // U+224B
    { 8, 16, 128, 0, 14, 32, 2319 }, // U+224C
    { 8, 16, 128, 0, 14, 32, 2351 }, // U+224D
    { 8, 16, 128, 0, 14, 32, 2383 }, // U+224E
    { 8, 16, 128, 0, 14, 32, 2415 }, // U+224F
    { 8, 16, 128, 0, 14, 32, 2447 }, // U+2250
    { 8, 16, 128, 0, 14, 32, 2479 }, // U+2251
    { 8, 16, 128, 0, 14, 32, 2511 }, // U+2252
    { 8, 16, 128, 0, 14, 32, 2543 }, // U+2253
    { 8, 16, 128, 0, 14, 32, 2575 }, // U+2254
    { 8, 16, 128, 0, 14, 32, 2607 }, // U+2255
    { 8, 16, 128, 0, 14, 32, 2639 }, // U+2256
    { 8, 16, 128, 0, 14, 32, 2671 }, // U+2257
    { 8, 16, 128, 0, 14, 32, 2703 }, // U+2258
    { 8, 10, 160, 1, 11, 20, 2735 }, // U+2259
    { 8, 10, 160, 1, 11, 20, 2755 }, // U+225A
    { 8, 16, 128, 0, 14, 32, 2775 }, // U+225B
    { 8, 16, 128, 0, 14, 32, 2807 }, // U+225C
    { 8, 16, 128, 0, 14, 32, 2839 }, // U+225D
    { 8, 16, 128, 0, 14, 32, 2871 }, // U+225E
    { 8, 16, 128, 0, 14, 32, 2903 }, // U+225F
    { 8, 12, 160, 1, 10, 24, 2935 }, // U+2260
    { 8, 5, 160, 0, 6, 10, 2959 }, // U+2261
    { 8, 12, 160, 0, 10, 24, 2969 }, // U+2262
    { 8, 16, 128, 0, 14, 32, 2993 }, // U+2263
    { 8, 10, 160, 1, 8, 20, 3025 }, // U+2264
    { 8, 10, 160, 1, 8, 20, 3045 }, // U+2265
    { 8, 16, 128, 0, 14, 32, 3065 }, // U+2266
    { 8, 16, 128, 0, 14, 32, 3097 }, // U+2267
    { 8, 16, 128, 0, 14, 32, 3129 }, // U+2268
    { 8, 16, 128, 0, 14, 32, 3161 }, // U+2269
    { 8, 16, 128, 0, 14, 32, 3193 }, // U+226A
    { 8, 16, 128, 0, 14, 32, 3225 }, // U+226B
    { 8, 16, 128, 0, 14, 32, 3257 }, // U+226C
    { 8, 16, 128, 0, 14, 32, 3289 }, // U+226D
    { 8, 12, 160, 1, 10, 24, 3321 }, // U+226E
    { 8, 12, 160, 1, 10, 24, 3345 }, // U+226F
    { 8, 12, 160, 1, 9, 24, 3369 }, // U+2270
    { 8, 12, 160, 1, 9, 24, 3393 }, // U+2271
    { 8, 16, 128, 0, 14, 32, 3417 }, // U+2272
    { 8, 16, 128, 0, 14, 32, 3449 }, // U+2273
    { 8, 16, 128, 0, 14, 32, 3481 }, // U+2274
    { 8, 16, 128, 0, 14, 32, 3513 }, // U+2275
    { 8, 16, 128, 0, 14, 32, 3545 }, // U+2276
    { 8, 16, 128, 0, 14, 32, 3577 }, // U+2277
    { 8, 16, 128, 0, 14, 32, 3609 }, // U+2278
    { 8, 16, 128, 0, 14, 32, 3641 }, // U+2279
    { 8, 16, 128, 0, 14, 32, 3673 }, // U+227A
    { 8, 16, 128, 0, 14, 32, 3705 }, // U+227B
    { 8, 16, 128, 0, 14, 32, 3737 }, // U+227C
    { 8, 16, 128, 0, 14, 32, 3769 }, // U+227D
    { 8, 16, 128, 0, 14, 32, 3801 }, // U+227E
    { 8, 16, 128, 0, 14, 32, 3833 }, // U+227F
    { 8, 16, 128, 0, 14, 32, 3865 }, // U+2280
    { 8, 16, 128, 0, 14, 32, 3897 }, // U+2281
    { 8, 16, 128, 0, 14, 32, 3929 }, // U+2282
    { 8, 16, 128, 0, 14, 32, 3961 }, // U+2283
    { 8, 16, 128, 0, 14, 32, 3993 }, // U+2284
    { 8, 16, 128, 0, 14, 32, 4025 }, // U+2285
    { 8, 16, 128, 0, 14, 32, 4057 }, // U+2286
    { 8, 16, 128, 0, 14, 32, 4089 }, // U+2287
    { 8, 16, 128, 0, 14, 32, 4121 }, // U+2288
    { 8, 16, 128, 0, 14, 32, 4153 }, // U+2289
    { 8, 16, 128, 0, 14, 32, 4185 }, // U+228A
    { 8, 16, 128, 0, 14, 32, 4217 }, // U+228B
    { 8, 16, 128, 0, 14, 32, 4249 }, // U+228C
    { 8, 16, 128, 0, 14, 32, 4281 }, // U+228D
    { 8, 16, 128, 0, 14, 32, 4313 }, // U+228E
    { 8, 16, 128, 0, 14, 32, 4345 }, // U+228F
    { 8, 16, 128, 0, 14, 32, 4377 }, // U+2290
    { 8, 16, 128, 0, 14, 32, 4409 }, // U+2291
    { 8, 16, 128, 0, 14, 32, 4441 }, // U+2292
    { 8, 16, 128, 0, 14, 32, 4473 }, // U+2293
    { 8, 16, 128, 0, 14, 32, 4505 }, // U+2294
    { 8, 16, 128, 0, 14, 32, 4537 }, // U+2295
    { 8, 16, 128, 0, 14, 32, 4569 }, // U+2296
    { 8, 16, 128, 0, 14, 32, 4601 }, // U+2297
    { 8, 16, 128, 0, 14, 32, 4633 }, // U+2298
    { 8, 16, 128, 0, 14, 32, 4665 }, // U+2299
    { 8, 16, 128, 0, 14, 32, 4697 }, // U+229A
    { 8, 16, 128, 0, 14, 32, 4729 }, // U+229B
    { 8, 16, 128, 0, 14, 32, 4761 }, // U+229C
    { 8, 16, 128, 0, 14, 32, 4793 }, // U+229D
    { 8, 16, 128, 0, 14, 32, 4825 }, // U+229E
    { 8, 16, 128, 0, 14, 32, 4857 }, // U+229F
    { 8, 16, 128, 0, 14, 32, 4889 }, // U+22A0
    { 8, 16, 128, 0, 14, 32, 4921 }, // U+22A1
    { 8, 16, 128, 0, 14, 32, 4953 }, // U+22A2
    { 8, 16, 128, 0, 14, 32, 4985 }, // U+22A3
    { 8, 16, 128, 0, 14, 32, 5017 }, // U+22A4
    { 8, 16, 128, 0, 14, 32, 5049 }, // U+22A5
    { 8, 16, 128, 0, 14, 32, 5081 }, // U+22A6
    { 8, 16, 128, 0, 14, 32, 5113 }, // U+22A7
    { 8, 16, 128, 0, 14, 32, 5145 }, // U+22A8
    { 8, 16, 128, 0, 14, 32, 5177 }, // U+22A9
    { 8, 16, 128, 0, 14, 32, 5209 }, // U+22AA
    { 8, 16, 128, 0, 14, 32, 5241 }, // U+22AB
    { 8, 16, 128, 0, 14, 32, 5273 }, // U+22AC
    { 8, 16, 128, 0, 14, 32, 5305 }, // U+22AD
    { 8, 16, 128, 0, 14, 32, 5337 }, // U+22AE
    { 8, 16, 128, 0, 14, 32, 5369 }, // U+22AF
    { 8, 16, 128, 0, 14, 32, 5401 }, // U+22B0
    { 8, 16, 128, 0, 14, 32, 5433 }, // U+22B1
    { 8, 16, 128, 0, 14, 32, 5465 }, // U+22B2
    { 8, 16, 128, 0, 14, 32, 5497 }, // U+22B3
    { 8, 16, 128, 0, 14, 32, 5529 }, // U+22B4
    { 8, 16, 128, 0, 14, 32, 5561 }, // U+22B5
    { 16, 16, 256, 0, 14, 64, 5593 }, // U+22B6
    { 16, 16, 256, 0, 14, 64, 5657 }, // U+22B7
    { 16, 16, 256, 0, 14, 64, 5721 }, // U+22B8
    { 8, 16, 128, 0, 14, 32, 5785 }, // U+22B9
    { 8, 16, 128, 0, 14, 32, 5817 }, // U+22BA
    { 8, 16, 128, 0, 14, 32, 5849 }, // U+22BB
    { 8, 16, 128, 0, 14, 32, 5881 }, // U+22BC
    { 8, 16, 128, 0, 14, 32, 5913 }, // U+22BD
    { 8, 16, 128, 0, 14, 32, 5945 }, // U+22BE
    { 8, 16, 128, 0, 14, 32, 5977 }, // U+22BF
    { 8, 16, 128, 0, 14, 32, 6009 }, // U+22C0
    { 8, 16, 128, 0, 14, 32, 6041 }, // U+22C1
    { 8, 16, 128, 0, 14, 32, 6073 }, // U+22C2
    { 8, 16, 128, 0, 14, 32, 6105 }, // U+22C3
    { 8, 16, 128, 0, 14, 32, 6137 }, // U+22C4
    { 8, 16, 128, 0, 14, 32, 6169 }, // U+22C5
    { 8, 16, 128, 0, 14, 32, 6201 }, // U+22C6
    { 8, 16, 128, 0, 14, 32, 6233 }, // U+22C7
    { 8, 16, 128, 0, 14, 32, 6265 }, // U+22C8
    { 8, 16, 128, 0, 14, 32, 6297 }, // U+22C9
    { 8, 16, 128, 0, 14, 32, 6329 }, // U+22CA
    { 8, 16, 128, 0, 14, 32, 6361 }, // U+22CB
    { 8, 16, 128, 0, 14, 32, 6393 }, // U+22CC
    { 8, 16, 128, 0, 14, 32, 6425 }, // U+22CD
    { 8, 16, 128, 0, 14, 32, 6457 }, // U+22CE
    { 8, 16, 128, 0, 14, 32, 6489 }, // U+22CF
    { 8, 16, 128, 0, 14, 32, 6521 }, // U+22D0
    { 8, 16, 128, 0, 14, 32, 6553 }, // U+22D1
    { 8, 16, 128, 0, 14, 32, 6585 }, // U+22D2
    { 8, 16, 128, 0, 14, 32, 6617 }, // U+22D3
    { 8, 16, 128, 0, 14, 32, 6649 }, // U+22D4
    { 8, 16, 128, 0, 14, 32, 6681 }, // U+22D5
    { 8, 16, 128, 0, 14, 32, 6713 }, // U+22D6
    { 8, 16, 128, 0, 14, 32, 6745 }, // U+22D7
    { 16, 16, 256, 0, 14, 64, 6777 }, // U+22D8
    { 16, 16, 256, 0, 14, 64, 6841 }, // U+22D9
    { 8, 16, 128, 0, 14, 32, 6905 }, // U+22DA
    { 8, 16, 128, 0, 14, 32, 6937 }, // U+22DB
    { 8, 16, 128, 0, 14, 32, 6969 }, // U+22DC
    { 8, 16, 128, 0, 14, 32, 7001 }, // U+22DD
    { 8, 16, 128, 0, 14, 32, 7033 }, // U+22DE
    { 8, 16, 128, 0, 14, 32, 7065 }, // U+22DF
    { 8, 16, 128, 0, 14, 32, 7097 }, // U+22E0
    { 8, 16, 128, 0, 14, 32, 7129 }, // U+22E1
    { 8, 16, 128, 0, 14, 32, 7161 }, // U+22E2
    { 8, 16, 128, 0, 14, 32, 7193 }, // U+22E3
    { 8, 16, 128, 0, 14, 32, 7225 }, // U+22E4
    { 8, 16, 128, 0, 14, 32, 7257 }, // U+22E5
    { 8, 16, 128, 0, 14, 32, 7289 }, // U+22E6
    { 8, 16, 128, 0, 14, 32, 7321 }, // U+22E7
    { 8, 16, 128, 0, 14, 32, 7353 }, // U+22E8
    { 8, 16, 128, 0, 14, 32, 7385 }, // U+22E9
    { 8, 16, 128, 0, 14, 32, 7417 }, // U+22EA
    { 8, 16, 128, 0, 14, 32, 7449 }, // U+22EB
    { 8, 16, 128, 0, 14, 32, 7481 }, // U+22EC
    { 8, 16, 128, 0, 14, 32, 7513 }, // U+22ED
    { 8, 16, 128, 0, 14, 32, 7545 }, // U+22EE
    { 8, 16, 128, 0, 14, 32, 7577 }, // U+22EF
    { 8, 16, 128, 0, 14, 32, 7609 }, // U+22F0
    { 8, 16, 128, 0, 14, 32, 7641 }, // U+22F1
    { 16, 16, 256, 0, 14, 64, 7673 }, // U+22F2
    { 16, 16, 256, 0, 14, 64, 7737 }, // U+22F3
    { 8, 16, 128, 0, 14, 32, 7801 }, // U+22F4
    { 16, 16, 256, 0, 14, 64, 7833 }, // U+22F5
    { 16, 16, 256, 0, 14, 64, 7897 }, // U+22F6
    { 8, 16, 128, 0, 14, 32, 7961 }, // U+22F7
    { 8, 16, 128, 0, 14, 32, 7993 }, // U+22F8
    { 16, 16, 256, 0, 14, 64, 8025 }, // U+22F9
    { 16, 16, 256, 0, 14, 64, 8089 }, // U+22FA
    { 16, 16, 256, 0, 14, 64, 8153 }, // U+22FB
    { 8, 16, 128, 0, 14, 32, 8217 }, // U+22FC
    { 16, 16, 256, 0, 14, 64, 8249 }, // U+22FD
    { 8, 16, 128, 0, 14, 32, 8313 }, // U+22FE
    { 16, 16, 256, 0, 14, 64, 8345 }, // U+22FF
    { 8, 16, 128, 0, 14, 32, 0 }, // U+FB00
    { 8, 16, 128, 0, 14, 32, 32 }, // U+FB01
    { 8, 16, 128, 0, 14, 32, 64 }, // U+FB02
    { 8, 16, 128, 0, 14, 32, 96 }, // U+FB03
    { 8, 16, 128, 0, 14, 32, 128 }, // U+FB04
    { 8, 16, 128, 0, 14, 32, 160 }, // U+FB05
    { 8, 16, 128, 0, 14, 32, 192 }, // U+FB06
    { 8, 16, 128, 0, 14, 32, 0 }, // U+FFFD
};

static const EpdUnicodeInterval helvetica_8_boldIntervals[] = {
    { 0x0, 0x17F, 0x0 },
    { 0x1A0, 0x1A1, 0x180 },
    { 0x1AF, 0x1B0, 0x182 },
    { 0x1C4, 0x21F, 0x184 },
    { 0x300, 0x36F, 0x1E0 },
    { 0x400, 0x4FF, 0x250 },
    { 0x1EA0, 0x1EF9, 0x350 },
    { 0x2000, 0x20CF, 0x3AA },
    { 0x2190, 0x22FF, 0x47A },
    { 0xFB00, 0xFB06, 0x5EA },
    { 0xFFFD, 0xFFFD, 0x5F1 },
};

static const EpdFontGroup helvetica_8_boldGroups[] = {
    { 0, 1061, 4210, 128, 0 },
    { 1061, 1102, 4691, 128, 128 },
    { 2163, 944, 4339, 128, 256 },
    { 3107, 808, 3481, 96, 384 },
    { 3915, 461, 3840, 112, 480 },
    { 4376, 1369, 8256, 256, 592 },
    { 5745, 612, 3387, 90, 848 },
    { 6357, 792, 3638, 112, 938 },
    { 7149, 274, 1539, 48, 1050 },
    { 7423, 509, 1952, 48, 1098 },
    { 7932, 743, 3840, 112, 1146 },
    { 8675, 1615, 8420, 256, 1258 },
    { 10290, 80, 224, 7, 1514 },
    { 10370, 23, 32, 1, 1521 },
};

static const EpdFontData helvetica_8_bold = {
    helvetica_8_boldBitmaps,
    helvetica_8_boldGlyphs,
    helvetica_8_boldIntervals,
    11,
    18,
    14,
    -4,
    true,
    helvetica_8_boldGroups,
    14,
    nullptr,
    nullptr,
    nullptr,
    nullptr,
    nullptr,
    nullptr,
    nullptr,
    nullptr,
    nullptr,
    nullptr,
    nullptr,
    0,
    0,
    0,
    0,
    nullptr,
    0,
};
