/**
 * generated by fontconvert.py
 * name: helvetica_14_bold
 * size: 14
 * mode: 2-bit  compressed: true
 * Command used: fontconvert.py helvetica_14_bold 14 ../../../x11/font-crosspoint-100dpi/helvB21.bdf ../../../x11/unifont-18.0.01.bdf --2bit --compress --zopfli
 */
#pragma once
#include "EpdFontData.h"

static const uint8_t helvetica_14_boldBitmaps[13864] = {
    0xB4, 0xD5, 0x81, 0xA6, 0x23, 0x51, 0x0C, 0xC6, 0xF1, 0xF0, 0x01, 0x84, 0xBC, 0x4A, 0x08, 0x40,
    0x39, 0xAF, 0x1E, 0x02, 0x10, 0xE6, 0x55, 0xC2, 0x01, 0x18, 0x66, 0x33, 0xED, 0xDC, 0xAB, 0x58,
    0xC8, 0xB2, 0xA7, 0xF8, 0xCF, 0x51, 0x3F, 0x1F, 0xAA, 0x6D, 0xF6, 0x71, 0x27, 0x22, 0xA5, 0xFB,
    0xFC, 0xBF, 0xA7, 0xEC, 0x53, 0xD9, 0xA7, 0x9F, 0xE1, 0xD4, 0xE7, 0xA9, 0x44, 0x48, 0xB1, 0xB1,
    0xB0, 0x5D, 0x9E, 0xC6, 0x0B, 0x21, 0xDF, 0xEF, 0xFF, 0xD4, 0xFA, 0xFC, 0xD5, 0x1F, 0x69, 0x05,
    0x56, 0x01, 0xC2, 0x83, 0x75, 0x81, 0x6D, 0xE2, 0xD7, 0xE3, 0x57, 0x20, 0x3E, 0x1D, 0xFA, 0x38,
    0xAE, 0x62, 0xF5, 0x95, 0x1A, 0xEF, 0x86, 0xC7, 0xC8, 0xA7, 0xEE, 0x62, 0xE3, 0x75, 0x98, 0x14,
    0xEF, 0x57, 0xDF, 0xAF, 0x89, 0x17, 0xA4, 0x55, 0x72, 0xEF, 0x0B, 0xEE, 0x6A, 0xA4, 0x8D, 0xF6,
    0x65, 0xB7, 0xC3, 0x77, 0x47, 0xFB, 0x38, 0x25, 0x02, 0x7A, 0x17, 0x01, 0x72, 0x9C, 0x0B, 0x13,
    0xCF, 0x7C, 0x45, 0x32, 0x93, 0x9C, 0x8C, 0xBB, 0xCC, 0x3C, 0xF3, 0xD4, 0x9E, 0xFC, 0xB7, 0x72,
    0xFA, 0x7C, 0xFF, 0xD9, 0x0D, 0x65, 0x22, 0x9F, 0xED, 0xCB, 0xF9, 0xEC, 0x3E, 0x65, 0x9A, 0xED,
    0xE3, 0xBC, 0xD0, 0xCE, 0x99, 0xEE, 0x46, 0xDF, 0x3D, 0x66, 0x7E, 0xBD, 0x3D, 0xAA, 0x1D, 0xBB,
    0x4B, 0xAD, 0xE9, 0x7E, 0x24, 0x31, 0xA1, 0x18, 0xCE, 0x4C, 0x52, 0xD7, 0x68, 0x5F, 0x02, 0x3B,
    0x0D, 0xC4, 0xF6, 0xA9, 0xC4, 0xDE, 0x13, 0xBF, 0xE0, 0x51, 0x09, 0xD7, 0xA4, 0x2E, 0xF9, 0x42,
    0x0C, 0x7D, 0xDC, 0x4E, 0x3F, 0x1E, 0xF4, 0xEF, 0x1E, 0xEF, 0xDE, 0xF7, 0x99, 0x77, 0x6B, 0x57,
    0xED, 0xBB, 0xA8, 0xFB, 0x3E, 0xF1, 0x1A, 0x21, 0x67, 0x9A, 0xBE, 0xD2, 0x62, 0x1F, 0x5B, 0x35,
    0x4D, 0x26, 0x5E, 0xD4, 0xA4, 0x38, 0x52, 0x80, 0xE5, 0x01, 0x5E, 0xC0, 0xC8, 0xAF, 0xE3, 0x78,
    0x7E, 0xF7, 0xE4, 0xB7, 0xA3, 0x7D, 0x61, 0x2B, 0x3D, 0x54, 0x57, 0xEE, 0xD2, 0x54, 0xD1, 0xB4,
    0x91, 0x3F, 0x3D, 0x92, 0xB6, 0xCB, 0x99, 0x5D, 0xEF, 0xFA, 0x6C, 0x3F, 0x6D, 0x3F, 0xFF, 0x1F,
    0xDB, 0xD3, 0x78, 0xFC, 0xF9, 0x47, 0x5D, 0xC5, 0xE8, 0x06, 0x8A, 0x8C, 0xD6, 0xE1, 0xD7, 0xF4,
    0xFB, 0x17, 0xE4, 0xDD, 0x57, 0x17, 0xFD, 0x3A, 0x31, 0xF1, 0xF4, 0xE3, 0x5F, 0xED, 0x19, 0x7D,
    0x9F, 0x79, 0x54, 0x7B, 0xF6, 0x6E, 0x7B, 0x05, 0x81, 0x87, 0x9E, 0x1F, 0xCF, 0xCF, 0xFE, 0x9F,
    0x5A, 0xCD, 0x28, 0x37, 0x72, 0x1D, 0x87, 0xA2, 0x17, 0xE0, 0x02, 0xB8, 0x95, 0x59, 0x40, 0x00,
    0x6E, 0x9D, 0x40, 0x2F, 0x20, 0x5B, 0x21, 0x90, 0x5F, 0x02, 0x67, 0x22, 0xD9, 0x82, 0x55, 0x55,
    0x7E, 0xDD, 0x95, 0x37, 0x3D, 0xA2, 0xEF, 0x51, 0x5B, 0xA2, 0x14, 0xCA, 0xA2, 0xED, 0x76, 0x90,
    0xFA, 0xE7, 0xF1, 0xE2, 0x2A, 0x1F, 0xA3, 0x48, 0x00, 0x78, 0xED, 0xC7, 0x87, 0xE5, 0xF7, 0xA1,
    0xB0, 0x7A, 0x51, 0x7B, 0x06, 0xB0, 0x34, 0xCE, 0xAD, 0x42, 0xBB, 0x80, 0x5E, 0xF2, 0x6C, 0x2D,
    0xAD, 0x29, 0xE4, 0x92, 0xD1, 0x72, 0x50, 0x40, 0xF2, 0x19, 0x89, 0x7B, 0xE1, 0x12, 0x9F, 0x12,
    0x48, 0x41, 0xCA, 0x69, 0x59, 0xAC, 0x13, 0x4A, 0x1E, 0xA5, 0xE1, 0xB7, 0xF4, 0x19, 0x15, 0x90,
    0x01, 0x73, 0x3E, 0xB9, 0x1E, 0x64, 0x2D, 0x95, 0x9C, 0xC1, 0x20, 0x2D, 0x15, 0x5E, 0x96, 0x6A,
    0x2B, 0xD7, 0xC5, 0x0F, 0x09, 0x1F, 0x0C, 0xB2, 0x24, 0xC7, 0x4A, 0xB2, 0xF3, 0x12, 0xBA, 0x48,
    0xC9, 0x8D, 0x92, 0x3E, 0x9C, 0xFE, 0x66, 0x24, 0x52, 0x85, 0xE2, 0xA4, 0xE5, 0xC9, 0x44, 0x2E,
    0xA7, 0xE5, 0x1A, 0xFE, 0x63, 0xDE, 0x54, 0x94, 0x64, 0xF4, 0x00, 0x92, 0xF7, 0x40, 0x6D, 0x38,
    0x7B, 0x45, 0x49, 0x8A, 0x94, 0x9C, 0x0A, 0xC5, 0xC4, 0x67, 0x87, 0xB0, 0x46, 0x88, 0x81, 0x98,
    0x68, 0x21, 0x6B, 0x91, 0xD1, 0x0A, 0x40, 0x0E, 0xA4, 0x28, 0xF2, 0xDC, 0x56, 0xB5, 0xDA, 0xCA,
    0xCA, 0xD3, 0x33, 0x34, 0x8C, 0x1B, 0x8B, 0x69, 0xC3, 0x67, 0xF8, 0xAA, 0xD5, 0xAD, 0xDE, 0xDB,
    0x86, 0xF5, 0x8D, 0xD5, 0x3E, 0x77, 0xAB, 0x65, 0x35, 0x8E, 0xAF, 0xAF, 0x84, 0x0C, 0xE4, 0x2D,
    0xFF, 0x50, 0x84, 0x3E, 0x5C, 0xF2, 0xBC, 0xD5, 0x9E, 0x23, 0xBF, 0xF1, 0xC1, 0x3D, 0xBA, 0xD8,
    0x8A, 0x7C, 0xDA, 0xC7, 0xB4, 0x1A, 0x66, 0x79, 0xD8, 0x4B, 0x87, 0x44, 0x69, 0x25, 0x59, 0x14,
    0x39, 0x29, 0x7F, 0x5F, 0x19, 0x15, 0x83, 0x90, 0x0E, 0x12, 0x25, 0x79, 0x8E, 0x23, 0xD2, 0x48,
    0xE6, 0xA1, 0xF8, 0xC9, 0xB1, 0x85, 0xB4, 0x87, 0xA3, 0x25, 0x45, 0x4A, 0xA4, 0x0C, 0xC9, 0x5B,
    0x8A, 0xBA, 0x3B, 0x15, 0x50, 0x4B, 0x76, 0xCD, 0x29, 0x92, 0x44, 0x31, 0xA5, 0x29, 0xA4, 0xE8,
    0x53, 0x48, 0xE2, 0x6C, 0xF7, 0x1A, 0x62, 0x6A, 0x2E, 0xF2, 0x71, 0x99, 0x86, 0xE4, 0xA7, 0x02,
    0x09, 0xA4, 0x0E, 0x59, 0x31, 0xE5, 0x79, 0x28, 0x74, 0xA8, 0x07, 0x89, 0x02, 0xA6, 0x24, 0xF4,
    0x2C, 0x87, 0x5C, 0xF2, 0x94, 0x62, 0x48, 0x52, 0x44, 0x29, 0xF6, 0x6D, 0xDA, 0xE2, 0x7B, 0x89,
    0xF3, 0x17, 0x19, 0x20, 0xA7, 0x25, 0x6A, 0xCA, 0x40, 0x3E, 0xC7, 0x46, 0x46, 0x7A, 0x21, 0x09,
    0x2F, 0x11, 0x08, 0xA6, 0x92, 0x8C, 0xBC, 0xDB, 0xE2, 0x38, 0x47, 0xED, 0x6B, 0xDF, 0xAF, 0xAD,
    0xF6, 0xEB, 0x38, 0x64, 0x3D, 0xB5, 0x42, 0xDB, 0xBB, 0x77, 0x97, 0x67, 0xED, 0xFB, 0xBE, 0xF6,
    0x68, 0x69, 0xD0, 0x41, 0x46, 0xEF, 0x79, 0x71, 0x9B, 0x8E, 0x7B, 0x9C, 0x43, 0x4E, 0x3F, 0xED,
    0xFB, 0x3E, 0x26, 0x8A, 0xA4, 0x82, 0xA1, 0xCF, 0xF2, 0x6F, 0x89, 0x2B, 0x70, 0x86, 0xF2, 0xF1,
    0x7A, 0x02, 0xE8, 0x2C, 0x00, 0xDB, 0xF9, 0x75, 0x3F, 0x1E, 0x9F, 0x84, 0x76, 0x44, 0x10, 0xA4,
    0x51, 0x82, 0x33, 0x31, 0x75, 0xD6, 0x48, 0xA3, 0x5D, 0x41, 0x9E, 0x19, 0x35, 0xC7, 0x01, 0xBD,
    0xA4, 0x9B, 0xB2, 0xF7, 0xA7, 0xA4, 0x96, 0x74, 0x4D, 0xD3, 0x92, 0xCF, 0xB3, 0xB5, 0x88, 0x9A,
    0xE7, 0xF4, 0xEC, 0xA7, 0x0E, 0xFF, 0xD4, 0xE3, 0x05, 0x8F, 0x8C, 0xD7, 0x9B, 0xED, 0xF9, 0xCE,
    0x5A, 0x9B, 0xB9, 0xB4, 0x4A, 0xE4, 0x83, 0xCE, 0x00, 0x64, 0x40, 0x4A, 0x0E, 0x94, 0x8E, 0x00,
    0x64, 0x48, 0x22, 0xAD, 0xE7, 0x30, 0x2F, 0x87, 0x99, 0x61, 0x60, 0x1D, 0x02, 0xD4, 0xA1, 0x16,
    0xEA, 0xB6, 0x51, 0x45, 0x5B, 0xBD, 0x56, 0xAB, 0x4F, 0xB3, 0x0A, 0x01, 0xDE, 0xA1, 0x00, 0x14,
    0xE9, 0x70, 0x2C, 0x41, 0x92, 0xF5, 0x51, 0x31, 0x78, 0x04, 0x21, 0xC9, 0x81, 0x33, 0x40, 0x6D,
    0xE1, 0x2E, 0x38, 0xB9, 0xF0, 0x99, 0x52, 0x7C, 0xD6, 0x0E, 0xAC, 0x37, 0x58, 0x8B, 0x0D, 0x0E,
    0xE4, 0x85, 0x48, 0x79, 0x5D, 0x40, 0xB2, 0x3E, 0x00, 0xEB, 0x26, 0x6A, 0x64, 0x20, 0x3D, 0xC9,
    0xFA, 0xEC, 0xCF, 0xD3, 0xA7, 0x91, 0xEE, 0xFC, 0x00, 0x96, 0x6F, 0x1E, 0x61, 0x73, 0xB6, 0xA7,
    0xB7, 0xC8, 0x28, 0xC5, 0x63, 0x10, 0xD2, 0x9F, 0xB0, 0x85, 0x1D, 0x35, 0x27, 0x98, 0x53, 0x19,
    0x20, 0x41, 0x4B, 0x4E, 0x0A, 0x0E, 0xF4, 0x00, 0x42, 0x36, 0x20, 0x12, 0x29, 0x16, 0xE4, 0xF5,
    0x1E, 0x62, 0x22, 0xCF, 0x09, 0x8C, 0x04, 0x10, 0xD0, 0xD7, 0x0F, 0x62, 0x49, 0xD2, 0xAD, 0xDE,
    0xF1, 0x19, 0xDA, 0xCB, 0x7B, 0xF3, 0x16, 0x4B, 0x92, 0xDE, 0x91, 0x8C, 0xDA, 0xF7, 0x82, 0xE3,
    0x52, 0x7A, 0x47, 0xCA, 0x06, 0x24, 0xF4, 0x04, 0xA3, 0x77, 0x48, 0xCD, 0x74, 0x1E, 0x98, 0x63,
    0xBD, 0x07, 0x10, 0x6D, 0x40, 0x0B, 0xBA, 0x65, 0x64, 0x23, 0x45, 0xBE, 0x03, 0x60, 0x87, 0x14,
    0xFF, 0x06, 0xB7, 0x45, 0x8A, 0xFC, 0x37, 0x62, 0xD7, 0xF6, 0xC8, 0x1D, 0x32, 0x4A, 0xAC, 0x94,
    0x10, 0xF2, 0x16, 0x8A, 0x12, 0x22, 0x4F, 0x18, 0x12, 0xDE, 0x12, 0x51, 0x0B, 0xF4, 0xC2, 0x17,
    0x3A, 0xFC, 0x7A, 0x0E, 0x1B, 0x38, 0x67, 0xB1, 0xE7, 0x94, 0xAD, 0x05, 0xFD, 0x35, 0xED, 0x79,
    0x53, 0x72, 0x9E, 0x21, 0xE9, 0xFC, 0x57, 0x2B, 0x20, 0xD4, 0x3B, 0xFC, 0x57, 0xBD, 0xC0, 0xC8,
    0x17, 0x08, 0xBD, 0x42, 0x91, 0xE4, 0xC2, 0x76, 0x5A, 0x03, 0x3D, 0x10, 0xB9, 0xE0, 0xB5, 0x60,
    0x3D, 0x40, 0x24, 0x9A, 0x70, 0x1F, 0x20, 0x91, 0x2D, 0xEC, 0xA9, 0x70, 0x9E, 0xCA, 0x9F, 0x73,
    0x9D, 0x3D, 0xD7, 0x07, 0x90, 0xC4, 0x1B, 0x88, 0xA7, 0x84, 0x47, 0xD4, 0x9C, 0x54, 0x80, 0xE4,
    0x94, 0x80, 0xBC, 0x9E, 0x9E, 0xCE, 0xFD, 0x13, 0xD4, 0x1F, 0x9E, 0x8C, 0xEF, 0xEC, 0xD6, 0x5F,
    0x5B, 0x45, 0x11, 0x69, 0xDD, 0xDF, 0xA0, 0xA3, 0x44, 0x7B, 0x9F, 0xAB, 0x28, 0x41, 0xB7, 0x9C,
    0x46, 0x92, 0x3E, 0xCE, 0x26, 0x98, 0xD8, 0xAE, 0xE8, 0x2B, 0x9E, 0x1E, 0x88, 0x7D, 0x25, 0xAF,
    0xDE, 0xBC, 0x6D, 0x4B, 0x20, 0x39, 0x94, 0x02, 0x5A, 0xA4, 0x23, 0xA4, 0x0B, 0x12, 0x39, 0x40,
    0x49, 0xC1, 0x4A, 0x4C, 0x05, 0x68, 0x30, 0x0F, 0x87, 0xA7, 0x99, 0x53, 0x24, 0x65, 0x28, 0x80,
    0x73, 0x04, 0x0C, 0x41, 0x5D, 0x90, 0xB5, 0xF4, 0xFF, 0x03, 0x52, 0xE4, 0x5F, 0x47, 0x8A, 0x8C,
    0x97, 0xB5, 0xA5, 0x9E, 0xFC, 0x22, 0x85, 0x2E, 0x78, 0x59, 0x6F, 0xB0, 0xF6, 0xDA, 0x20, 0x22,
    0x77, 0x44, 0x68, 0x81, 0x05, 0xEF, 0x1D, 0x0C, 0x46, 0x5E, 0x55, 0x5D, 0x55, 0x64, 0xB4, 0xD0,
    0x55, 0x71, 0x54, 0x21, 0xE4, 0x15, 0x31, 0x83, 0x68, 0xFF, 0xF5, 0x5C, 0x59, 0xB7, 0x7F, 0xD6,
    0x55, 0xA5, 0x46, 0x45, 0x8A, 0x92, 0x46, 0x95, 0xCF, 0x55, 0xA4, 0xD0, 0x53, 0xB5, 0x5D, 0xA0,
    0x01, 0x6F, 0xEF, 0x03, 0x46, 0x94, 0x04, 0x79, 0x22, 0xB8, 0x36, 0x6B, 0x5B, 0xE9, 0x72, 0x89,
    0x9C, 0x23, 0xB6, 0x09, 0xAE, 0x49, 0x49, 0x91, 0x0B, 0x51, 0x51, 0x22, 0x27, 0xBC, 0x0D, 0x4D,
    0x18, 0xDE, 0x07, 0x84, 0xAF, 0x97, 0x40, 0x44, 0x9E, 0x49, 0xEB, 0x68, 0xE0, 0xA7, 0x19, 0xB5,
    0x15, 0xC9, 0x90, 0xBC, 0x9F, 0x3F, 0x39, 0x5F, 0x3F, 0x3B, 0x73, 0x6B, 0xDA, 0x9A, 0x5F, 0x8B,
    0x7E, 0x60, 0xB3, 0x94, 0x86, 0x7D, 0x4C, 0xF3, 0x69, 0x96, 0x87, 0xE9, 0xA5, 0x8B, 0x1E, 0x66,
    0x3F, 0x30, 0xA6, 0x29, 0xB4, 0xAD, 0xA3, 0x0E, 0x7D, 0x95, 0x3C, 0x5B, 0x4B, 0xB1, 0xD9, 0x6A,
    0xBD, 0x6E, 0xF3, 0xA3, 0xDF, 0xD3, 0x9E, 0x3F, 0x2F, 0x14, 0xA9, 0xA1, 0x20, 0x1D, 0x32, 0x88,
    0x24, 0x1F, 0x5F, 0xFA, 0xCC, 0xF6, 0xD1, 0xFF, 0x9B, 0xD7, 0x70, 0xB4, 0x08, 0x12, 0x28, 0x2A,
    0x8A, 0xF4, 0x42, 0xD6, 0xCF, 0xEA, 0x51, 0xA7, 0x1F, 0x3E, 0x90, 0xC0, 0x1C, 0x2B, 0x7A, 0x8F,
    0xAB, 0x90, 0xDF, 0xFF, 0x2C, 0x79, 0x45, 0x7E, 0xEB, 0xDB, 0x1C, 0xD2, 0x40, 0xA2, 0x24, 0x59,
    0xDF, 0x8A, 0xAF, 0xB6, 0x6F, 0x39, 0x74, 0x54, 0x74, 0xA4, 0x37, 0xB2, 0x5B, 0x8D, 0xBE, 0xE9,
    0x03, 0xED, 0xE7, 0xB8, 0x87, 0xEF, 0xF4, 0x61, 0xF2, 0x62, 0xE8, 0xE6, 0xBF, 0x9E, 0xA3, 0x6F,
    0xF8, 0xF8, 0xC3, 0xB7, 0x6E, 0x1A, 0xE9, 0xA4, 0xB7, 0xBC, 0xC6, 0x01, 0x39, 0xFA, 0x4B, 0x6F,
    0x1E, 0xE2, 0xD7, 0x8C, 0x26, 0xDE, 0x58, 0x01, 0x69, 0xDB, 0x0A, 0xE8, 0x31, 0x56, 0xAB, 0x3D,
    0xA3, 0x02, 0xCA, 0x21, 0x45, 0x0B, 0xE9, 0x5E, 0xCE, 0xF5, 0x2A, 0x5F, 0x3B, 0xF1, 0x13, 0x01,
    0x12, 0x4F, 0xC5, 0xEB, 0x30, 0x49, 0xF2, 0x7A, 0xC7, 0x18, 0x96, 0x48, 0xBA, 0x57, 0x24, 0x42,
    0x18, 0xC2, 0x5B, 0x44, 0x89, 0x48, 0xC1, 0x52, 0x09, 0x2F, 0xB5, 0xF7, 0xF4, 0x39, 0x6D, 0xE5,
    0x75, 0x71, 0x5F, 0xA2, 0x1D, 0xC1, 0x99, 0xC9, 0x50, 0x24, 0x15, 0x85, 0x22, 0xFD, 0x6F, 0xF0,
    0x7F, 0xBC, 0xB6, 0x8A, 0x96, 0x41, 0x3A, 0x54, 0x94, 0x77, 0xA4, 0x35, 0x12, 0x77, 0x1A, 0x7D,
    0xC3, 0xC7, 0xA1, 0x0C, 0x52, 0xD1, 0xC2, 0x5B, 0xF0, 0x78, 0x97, 0xB6, 0xAC, 0xB9, 0xD5, 0xD3,
    0x5D, 0xEA, 0xFF, 0x9C, 0x33, 0x23, 0xCF, 0x0C, 0xB6, 0xBB, 0xCC, 0x1A, 0xDD, 0x2B, 0xEE, 0x73,
    0xF4, 0x56, 0x78, 0x12, 0x09, 0xF3, 0x48, 0xA1, 0x3F, 0x1C, 0x46, 0x2B, 0x40, 0x91, 0xE7, 0x2E,
    0xA7, 0x44, 0x4B, 0x41, 0xC9, 0x41, 0x82, 0x94, 0x53, 0x52, 0xEC, 0xF9, 0x5A, 0x01, 0x69, 0xB0,
    0x65, 0x26, 0x80, 0xD7, 0xAD, 0xB5, 0x73, 0xF8, 0xFE, 0x48, 0x19, 0xEB, 0x27, 0x95, 0xF3, 0xD8,
    0x17, 0x79, 0xD9, 0xDE, 0x63, 0xDD, 0x87, 0x68, 0x89, 0xBA, 0x14, 0xA9, 0xC7, 0xDC, 0xA2, 0xC6,
    0x2C, 0x7C, 0x6B, 0xA7, 0x7F, 0x55, 0xA3, 0x57, 0xDA, 0x57, 0x46, 0xCB, 0xB8, 0x28, 0x32, 0x6A,
    0xD0, 0x27, 0xA3, 0x26, 0x66, 0x44, 0xEB, 0x49, 0xCE, 0x16, 0x47, 0xE4, 0x8A, 0x65, 0xB6, 0xF9,
    0xD7, 0xF6, 0x5B, 0xBB, 0x1C, 0x8C, 0xB7, 0xD7, 0x27, 0x4E, 0x45, 0x0D, 0xDD, 0xFE, 0x6E, 0xD2,
    0x91, 0x62, 0xB9, 0x40, 0x2E, 0xC9, 0x90, 0xF4, 0xFB, 0x37, 0xFD, 0x6C, 0x82, 0x5C, 0x12, 0x86,
    0xE3, 0xF9, 0x6C, 0x91, 0x1C, 0xD7, 0xF4, 0xD5, 0x30, 0x44, 0xFD, 0xA6, 0x20, 0x92, 0xB2, 0x57,
    0x6B, 0x21, 0xAC, 0x5F, 0x7B, 0x28, 0x12, 0x79, 0x4A, 0xD1, 0x96, 0x1D, 0x9E, 0xE5, 0x48, 0x6A,
    0xFD, 0xEE, 0xEF, 0x24, 0xFE, 0xF3, 0xF9, 0xE7, 0xBF, 0x93, 0xF8, 0x2F, 0x9C, 0x94, 0x81, 0x06,
    0x2C, 0x51, 0x08, 0x86, 0x23, 0x80, 0x9F, 0x5E, 0x25, 0x0E, 0xC0, 0x72, 0x5E, 0x3D, 0x02, 0x88,
    0x79, 0x95, 0x08, 0x60, 0x99, 0xDB, 0xB1, 0x3B, 0xDC, 0xCB, 0x85, 0x76, 0xE0, 0x93, 0xF1, 0x69,
    0xAA, 0x9A, 0xE8, 0x87, 0x88, 0xD8, 0x88, 0xE8, 0xE1, 0x66, 0xAF, 0x8C, 0x85, 0x2D, 0x25, 0x89,
    0x05, 0xC5, 0xAA, 0xBF, 0xDF, 0x3F, 0x5C, 0xFD, 0xFC, 0xCF, 0x57, 0xFF, 0xFA, 0xB1, 0x0E, 0x4F,
    0xCC, 0x13, 0x7F, 0x8B, 0xCB, 0xF1, 0x9B, 0x77, 0x06, 0x63, 0x83, 0x65, 0x94, 0xFF, 0x72, 0x79,
    0xB7, 0xBF, 0xAE, 0xF6, 0x9B, 0x27, 0x1E, 0xE5, 0x6F, 0x21, 0x5E, 0xA1, 0x58, 0xB1, 0x42, 0x43,
    0x4F, 0x3C, 0xCB, 0x5F, 0xFC, 0x0E, 0xA6, 0xD5, 0xCC, 0x66, 0xC7, 0xF7, 0xC4, 0x17, 0xCF, 0x4A,
    0x30, 0x84, 0xFD, 0x36, 0x3B, 0x7D, 0x18, 0x7E, 0xFF, 0xD7, 0xDF, 0xDE, 0xF5, 0x53, 0xFB, 0x97,
    0x4F, 0xFB, 0x57, 0xE9, 0xA0, 0xED, 0xEC, 0xE9, 0xA4, 0xEA, 0xE2, 0x13, 0x1F, 0xAB, 0x2A, 0xD4,
    0x54, 0xD2, 0xD6, 0x21, 0xD4, 0x47, 0xBE, 0xAE, 0xAC, 0xD4, 0x93, 0xD8, 0x3C, 0xCC, 0x94, 0x69,
    0xE6, 0x6F, 0x70, 0x3D, 0x7B, 0x73, 0xFA, 0xA0, 0x52, 0x35, 0xF4, 0xE5, 0x5F, 0x3F, 0x47, 0x3E,
    0xBD, 0xC1, 0xE6, 0xF8, 0x30, 0x9A, 0xDE, 0x1C, 0xCD, 0xBF, 0x2A, 0x41, 0x10, 0xB6, 0x32, 0x5B,
    0x74, 0xEE, 0xE0, 0x77, 0x5F, 0xD1, 0xFE, 0xAC, 0x7E, 0xCE, 0x73, 0x77, 0xA4, 0x41, 0x95, 0x41,
    0xD8, 0x3C, 0xED, 0x9F, 0xAE, 0x0C, 0xCD, 0xC3, 0x84, 0xAA, 0xB2, 0xDD, 0x33, 0x7F, 0x55, 0xFB,
    0x68, 0xBF, 0x12, 0x8B, 0x94, 0x87, 0xF5, 0x9F, 0xFD, 0x65, 0x90, 0x30, 0xBB, 0x39, 0xE9, 0x66,
    0xF1, 0x61, 0xFF, 0x3E, 0x73, 0x07, 0xDF, 0x87, 0x27, 0x9E, 0xF8, 0x80, 0xF9, 0xF5, 0x32, 0x43,
    0x84, 0x07, 0xCA, 0x4E, 0x3C, 0xFB, 0x7E, 0x3B, 0x75, 0x43, 0xCE, 0xDC, 0x7F, 0xF8, 0xFF, 0xED,
    0xAF, 0xBF, 0xCF, 0xFF, 0x0F, 0xED, 0xC7, 0xCC, 0x17, 0xB7, 0xF6, 0x16, 0x09, 0xB4, 0xEC, 0xCC,
    0x81, 0xBD, 0x46, 0xBE, 0xF8, 0x95, 0x0A, 0x60, 0x85, 0xB8, 0x06, 0x5E, 0x1D, 0xFF, 0xB0, 0xBF,
    0x26, 0x20, 0xB7, 0x20, 0x7B, 0xF6, 0x6F, 0xEA, 0x2B, 0x9B, 0x27, 0xA9, 0xC9, 0xE5, 0xC3, 0xFB,
    0xBD, 0xDD, 0x09, 0x44, 0x09, 0x36, 0x80, 0xB8, 0x39, 0xCA, 0xFF, 0xDC, 0x8F, 0x3B, 0xA7, 0x2D,
    0x12, 0x99, 0xED, 0x7F, 0x4B, 0xEE, 0x28, 0xE3, 0x0C, 0x77, 0x32, 0x63, 0x1A, 0xEE, 0xCF, 0x9F,
    0xE2, 0xCC, 0x30, 0xC7, 0x6D, 0x18, 0x07, 0xA3, 0x0F, 0xE0, 0xDF, 0x05, 0x78, 0x95, 0x1E, 0xC0,
    0x00, 0xAF, 0x4E, 0xA0, 0x07, 0x98, 0xAB, 0x10, 0xE8, 0x5F, 0x02, 0xDF, 0x5A, 0x96, 0x12, 0x7B,
    0xB6, 0x2E, 0xDA, 0xD9, 0xA6, 0x88, 0xE4, 0xF7, 0xD4, 0x74, 0x6C, 0x8A, 0x9A, 0x28, 0x96, 0x9C,
    0xF1, 0x1C, 0xEB, 0x1E, 0xFB, 0xFB, 0x6F, 0xEB, 0x73, 0xFC, 0xCB, 0xFE, 0x91, 0x24, 0x60, 0xDB,
    0x8B, 0xCE, 0x82, 0xC1, 0x03, 0x93, 0x70, 0x29, 0x43, 0xAA, 0xF8, 0xEE, 0xA5, 0x81, 0xC1, 0xCF,
    0xF8, 0xF1, 0xF3, 0xF8, 0x11, 0xE5, 0x52, 0xEE, 0x80, 0x1A, 0x8C, 0x13, 0x15, 0x2E, 0x11, 0x83,
    0x8A, 0x54, 0xEE, 0xE0, 0x35, 0x81, 0xC8, 0x89, 0x54, 0x07, 0x5E, 0x60, 0x7D, 0xE2, 0xB5, 0x93,
    0x10, 0x80, 0xA4, 0xDE, 0xA9, 0xD8, 0xF9, 0x06, 0xD9, 0x58, 0xC5, 0xEA, 0xD7, 0x33, 0x88, 0xC3,
    0x9F, 0x19, 0x5E, 0xFD, 0x67, 0x63, 0xC7, 0x75, 0x02, 0x45, 0x5A, 0x0F, 0xBC, 0x66, 0x1D, 0xAF,
    0x06, 0x48, 0x10, 0x3D, 0xF1, 0xC2, 0xA5, 0x1A, 0xE0, 0x75, 0xFB, 0xFA, 0x4A, 0x9D, 0x05, 0x80,
    0xBA, 0x14, 0x54, 0x98, 0x7A, 0xE6, 0x52, 0x3B, 0x19, 0x83, 0x8C, 0x82, 0x10, 0xB8, 0x72, 0xA7,
    0x67, 0x9E, 0xBE, 0x83, 0xAA, 0xF1, 0x52, 0x5A, 0xA9, 0xAD, 0x42, 0x9E, 0x2E, 0xAD, 0xFC, 0x04,
    0xA6, 0x04, 0x65, 0x3C, 0x6A, 0x29, 0x5D, 0x62, 0x80, 0x8A, 0xF6, 0x9C, 0x07, 0xA8, 0xE0, 0x88,
    0x0B, 0xC2, 0x0B, 0x2B, 0x68, 0x3C, 0x21, 0x46, 0x4D, 0xCF, 0xCD, 0xD4, 0x96, 0x9B, 0x4B, 0x96,
    0xE5, 0x05, 0x55, 0x9E, 0xC3, 0x71, 0xB1, 0x4F, 0x17, 0xD4, 0x3C, 0x73, 0x5E, 0x35, 0x23, 0xCC,
    0x68, 0x33, 0xF2, 0xEC, 0x65, 0xF5, 0x88, 0x0A, 0xBC, 0x43, 0xED, 0xE5, 0x28, 0x54, 0x5E, 0x21,
    0x05, 0x00, 0x92, 0x44, 0x9A, 0xA5, 0x7B, 0x86, 0xAC, 0xDB, 0xAA, 0x2C, 0x77, 0xCB, 0xDA, 0x33,
    0x2C, 0x9D, 0x34, 0x49, 0x3D, 0x00, 0xB6, 0x5F, 0xA1, 0x55, 0x7E, 0x33, 0x58, 0xD7, 0x18, 0xAC,
    0xAB, 0x6C, 0xB8, 0x2D, 0xCB, 0xB3, 0xA9, 0x87, 0x55, 0x87, 0x73, 0xF8, 0x7B, 0x3D, 0xBC, 0x79,
    0xB6, 0xE5, 0x74, 0x78, 0xC6, 0xEF, 0x06, 0x2B, 0xA5, 0x94, 0x56, 0x84, 0xD8, 0x9C, 0xB2, 0x9C,
    0xC7, 0xE6, 0x84, 0xB0, 0x82, 0xE0, 0x27, 0x24, 0xE5, 0x03, 0x02, 0x6E, 0xE1, 0xF3, 0x79, 0xDE,
    0x84, 0x50, 0xE4, 0xF9, 0x5E, 0x47, 0x72, 0x74, 0xE1, 0x39, 0x83, 0xE6, 0x3C, 0x4D, 0xA2, 0x8F,
    0xD3, 0xEA, 0x38, 0xAC, 0x31, 0x25, 0x9E, 0x75, 0x5C, 0x25, 0xE1, 0xBD, 0x3E, 0x40, 0x8D, 0xF0,
    0xFA, 0x1A, 0x51, 0x92, 0x16, 0x5E, 0x02, 0xEE, 0x40, 0x6A, 0xDF, 0x09, 0x7D, 0xAF, 0x81, 0x74,
    0x4F, 0x2C, 0x7C, 0x87, 0x81, 0xFF, 0x7F, 0x48, 0x72, 0xBC, 0x68, 0x3A, 0x5B, 0x45, 0x59, 0x79,
    0xA9, 0x54, 0xF6, 0x3F, 0xD5, 0x2B, 0xBA, 0xA3, 0x7C, 0xD6, 0x8E, 0x68, 0xAF, 0xC7, 0xE4, 0x4C,
    0x63, 0x4E, 0xC8, 0x48, 0xCD, 0x09, 0xB9, 0x3B, 0x52, 0x73, 0xA2, 0xA6, 0x41, 0x61, 0xF3, 0x48,
    0xBC, 0xF0, 0x44, 0xBB, 0x19, 0x0E, 0xB0, 0x62, 0x3B, 0xDC, 0xC3, 0x56, 0x87, 0x73, 0xD8, 0x33,
    0x72, 0x37, 0xC3, 0x81, 0x76, 0x6F, 0x28, 0xA1, 0xED, 0x23, 0xA1, 0xDC, 0x13, 0x9B, 0xCE, 0x6D,
    0xB7, 0x67, 0x1C, 0x71, 0x87, 0x03, 0x3C, 0xD9, 0x0E, 0xF7, 0xE1, 0xAF, 0xE7, 0x50, 0x1A, 0xBD,
    0x7F, 0x57, 0xED, 0xF6, 0x1F, 0x6D, 0x15, 0x9E, 0xBB, 0xB7, 0xDD, 0x30, 0x8F, 0xC2, 0x1A, 0x2B,
    0xFC, 0x88, 0x1B, 0x79, 0xC4, 0x85, 0xC0, 0xFA, 0x9C, 0xFD, 0xAE, 0x9E, 0xF6, 0x82, 0x42, 0xC7,
    0x15, 0x1D, 0x58, 0x52, 0x81, 0x4F, 0x33, 0x1C, 0x60, 0x7D, 0x64, 0x22, 0x1A, 0xF0, 0x2C, 0xD8,
    0x53, 0xA8, 0xC8, 0x8E, 0x8F, 0x8C, 0x94, 0x3C, 0x95, 0xD1, 0xC1, 0x47, 0xC2, 0x66, 0xC3, 0xED,
    0x7E, 0xFE, 0x36, 0xB6, 0xE1, 0x0C, 0x35, 0x7E, 0x38, 0xC0, 0x73, 0xB9, 0x0F, 0x47, 0x72, 0xE5,
    0x59, 0x22, 0x4F, 0x04, 0x26, 0xF0, 0x86, 0x28, 0x50, 0x82, 0xE0, 0x9C, 0xF5, 0x19, 0x15, 0xB9,
    0xD7, 0xE7, 0x72, 0xB6, 0xD6, 0x1F, 0xAC, 0x1E, 0xA2, 0x59, 0xC5, 0xF4, 0x90, 0x2B, 0x1F, 0x1A,
    0x89, 0xC7, 0x47, 0x5D, 0x25, 0xEB, 0x8B, 0xAC, 0xD1, 0x45, 0x2E, 0x29, 0x4F, 0x45, 0xE2, 0x75,
    0x4A, 0x60, 0x7D, 0x68, 0xE5, 0x11, 0x0C, 0xBD, 0x33, 0x8D, 0x06, 0xEC, 0x03, 0x70, 0x4B, 0xD8,
    0xA8, 0xB7, 0xA4, 0x61, 0xB5, 0x81, 0xAB, 0x21, 0x54, 0xB0, 0x79, 0xBE, 0x25, 0x8D, 0xB0, 0xE2,
    0x22, 0x78, 0xF7, 0x9B, 0x62, 0x36, 0xFF, 0xF5, 0xBE, 0x09, 0x62, 0x92, 0xF4, 0x6C, 0x7C, 0x35,
    0x25, 0xE0, 0xD1, 0x44, 0xDE, 0x34, 0xE2, 0xD1, 0x48, 0x65, 0xAB, 0x69, 0x62, 0x36, 0x02, 0x7C,
    0x35, 0xD2, 0xA5, 0x89, 0x8F, 0xD9, 0x24, 0x97, 0x46, 0x89, 0xA4, 0x16, 0xD7, 0x66, 0x0E, 0x5C,
    0x12, 0xB6, 0xD6, 0x4F, 0x65, 0x14, 0xF1, 0x79, 0x18, 0xF0, 0x5B, 0x9D, 0x03, 0x8F, 0x3A, 0x02,
    0x1C, 0xA1, 0x4C, 0x12, 0x48, 0xCD, 0xEC, 0x88, 0x7A, 0x5E, 0xE3, 0xB9, 0xF4, 0x9F, 0x21, 0x17,
    0xD0, 0x40, 0x2C, 0x3C, 0x81, 0x95, 0xEA, 0x03, 0xE0, 0x86, 0xBB, 0x73, 0xEE, 0xB9, 0x14, 0x68,
    0xB0, 0x1A, 0xFC, 0xFB, 0xBE, 0x3C, 0x61, 0x2B, 0xA8, 0x0D, 0x4B, 0xFF, 0xA7, 0x7D, 0x59, 0x05,
    0x0F, 0x80, 0x7F, 0xDA, 0x57, 0x13, 0x04, 0x9E, 0x10, 0xF9, 0xE7, 0xD5, 0xCA, 0xD3, 0x33, 0x00,
    0x7D, 0xA1, 0x5A, 0xE1, 0xDB, 0xDA, 0x3B, 0x02, 0x5E, 0x7F, 0x79, 0x5C, 0x1F, 0x06, 0x78, 0x49,
    0x40, 0x97, 0xFA, 0xBC, 0x21, 0x94, 0x17, 0x31, 0xE4, 0xBD, 0xCB, 0x9E, 0x42, 0x87, 0xA4, 0x5E,
    0xF2, 0xE2, 0x4E, 0xE7, 0x15, 0x3E, 0x14, 0x35, 0x83, 0xAE, 0xF0, 0x0D, 0x9E, 0x05, 0xA1, 0x02,
    0x29, 0xA1, 0x82, 0x59, 0x04, 0x91, 0xCA, 0xA7, 0xCE, 0x97, 0x35, 0xD4, 0x43, 0x91, 0x0F, 0x79,
    0x3D, 0x64, 0x3D, 0xA4, 0x5D, 0x1C, 0x72, 0x1F, 0x52, 0x0A, 0x7B, 0x8A, 0x78, 0x6A, 0xBD, 0x3C,
    0x57, 0xFF, 0xA5, 0x60, 0x15, 0x57, 0x5D, 0xEF, 0x2B, 0x42, 0x15, 0x85, 0x77, 0x24, 0x36, 0x25,
    0x40, 0x7F, 0xA0, 0xF3, 0x8A, 0x23, 0xC0, 0x11, 0xEA, 0x08, 0x8A, 0xA4, 0xD5, 0x11, 0x36, 0xE4,
    0x39, 0xF5, 0xBE, 0x34, 0x02, 0xE0, 0x47, 0x82, 0x65, 0x81, 0xB3, 0xBD, 0x23, 0x8D, 0xDB, 0x7D,
    0xC0, 0x1B, 0xD2, 0xF0, 0xEC, 0xAB, 0x80, 0x77, 0xA4, 0xB1, 0xE1, 0x88, 0xC8, 0x48, 0xE1, 0x3F,
    0x1A, 0x53, 0x81, 0xF2, 0x68, 0xC7, 0xEB, 0x48, 0xA1, 0xDD, 0x1B, 0x0E, 0xAE, 0x72, 0x24, 0x6D,
    0x26, 0xA9, 0xAE, 0x99, 0x4D, 0x45, 0x0B, 0x4A, 0xC2, 0x52, 0xC2, 0x79, 0x68, 0x1B, 0x2A, 0x24,
    0x4B, 0x24, 0x07, 0x45, 0xCF, 0xA4, 0xAE, 0x99, 0xB9, 0xA4, 0xDC, 0x24, 0x51, 0xAE, 0x82, 0xE0,
    0xD3, 0xA4, 0xB5, 0xBA, 0x7E, 0x86, 0x5F, 0xAE, 0x44, 0x19, 0x65, 0x22, 0x24, 0xE1, 0x52, 0x83,
    0x94, 0x9F, 0xB6, 0xCE, 0xFD, 0xC6, 0x34, 0xAC, 0x00, 0xDF, 0x80, 0xCD, 0x81, 0xB2, 0x7C, 0x4B,
    0x1A, 0xED, 0x9F, 0x04, 0xBC, 0x25, 0x8D, 0x5F, 0x3D, 0xD9, 0x68, 0x6D, 0xB0, 0x94, 0x87, 0xBC,
    0x4D, 0x1C, 0x32, 0x79, 0x4F, 0x21, 0x2F, 0x50, 0x14, 0x44, 0x24, 0x84, 0x12, 0x5C, 0x2C, 0x59,
    0xFF, 0xA9, 0x6E, 0x97, 0xFF, 0xDC, 0xA9, 0x9D, 0x16, 0x2E, 0xC1, 0x67, 0xD6, 0xDE, 0x76, 0x9D,
    0x93, 0x02, 0xEE, 0xB0, 0xF3, 0x2B, 0xD0, 0x54, 0x46, 0x09, 0xBF, 0x10, 0x29, 0x17, 0x3B, 0xA3,
    0x2D, 0x11, 0x3B, 0xDE, 0xC2, 0x3E, 0x83, 0xEF, 0x44, 0xC9, 0x35, 0x48, 0x79, 0xDF, 0x6E, 0x21,
    0xAF, 0x7D, 0xC5, 0x5E, 0x45, 0x24, 0x83, 0x50, 0xBA, 0x94, 0xA1, 0x48, 0xE5, 0x0E, 0x8B, 0x51,
    0xA5, 0xF5, 0xBC, 0x1B, 0x75, 0xDD, 0x2A, 0xBE, 0x2A, 0xE6, 0xDD, 0x96, 0xF0, 0xAF, 0x63, 0xB6,
    0x63, 0x12, 0xAE, 0xC6, 0xAD, 0x5E, 0x12, 0xF3, 0x6E, 0x3B, 0xF9, 0xB2, 0xB1, 0x7F, 0xFB, 0x36,
    0x5B, 0xCF, 0xD7, 0xE4, 0xAA, 0x0E, 0xE1, 0x5A, 0xFF, 0x27, 0x55, 0x64, 0xD4, 0x9C, 0x23, 0x6B,
    0x2E, 0xCB, 0x34, 0x8A, 0x1F, 0x0E, 0xC5, 0x3C, 0x37, 0x41, 0x2C, 0x97, 0x49, 0xA9, 0xF6, 0x96,
    0x7E, 0x48, 0x15, 0xFA, 0x7E, 0x44, 0x27, 0x1A, 0xD4, 0xD7, 0xFC, 0xD6, 0x5C, 0x85, 0x9F, 0xF1,
    0x8A, 0xDC, 0xD9, 0xAB, 0x4B, 0x69, 0x12, 0xA8, 0xC0, 0xD9, 0x29, 0xA0, 0x27, 0xB9, 0xA3, 0xBA,
    0x9D, 0xB3, 0xA8, 0xCE, 0x3F, 0x39, 0x8C, 0x8A, 0x97, 0x06, 0xD2, 0x09, 0x30, 0x88, 0xA3, 0xBF,
    0x48, 0xBF, 0x7E, 0x3F, 0x73, 0xCE, 0xD9, 0xD7, 0xC5, 0xBC, 0x99, 0xB3, 0x7F, 0x1B, 0xF3, 0x6E,
    0x7E, 0xFD, 0x6D, 0xCC, 0xF3, 0xB1, 0xE4, 0x05, 0x8F, 0x22, 0xB7, 0x8F, 0x1F, 0x6F, 0x78, 0xD8,
    0xC0, 0x3A, 0x40, 0x05, 0x91, 0x98, 0x8A, 0xB0, 0x86, 0x10, 0x36, 0x47, 0x5E, 0xB1, 0xFE, 0x5C,
    0x23, 0xD0, 0x1D, 0xE3, 0x67, 0x51, 0xDE, 0x2E, 0x95, 0x49, 0x49, 0x34, 0x77, 0x77, 0x0C, 0xB9,
    0xCE, 0xBB, 0xFC, 0x9C, 0xE5, 0x5F, 0x62, 0xCD, 0xE2, 0xC9, 0x8A, 0x49, 0xF4, 0x25, 0x4F, 0xFF,
    0x7A, 0x9E, 0x04, 0xD0, 0x83, 0xD7, 0xC5, 0xB4, 0x02, 0xDF, 0x60, 0x73, 0x28, 0xCB, 0x97, 0xC4,
    0x0C, 0x4B, 0xD6, 0x27, 0xDE, 0xB2, 0x5F, 0x93, 0x67, 0x7B, 0x3E, 0x01, 0x5E, 0x93, 0x67, 0x9E,
    0xC0, 0xED, 0x17, 0x05, 0x5C, 0x4B, 0xE4, 0x85, 0x76, 0x93, 0xFA, 0xEC, 0xDB, 0x5B, 0x6C, 0x12,
    0x25, 0x59, 0x4A, 0x8E, 0xB4, 0x4D, 0xA2, 0xCE, 0xBE, 0x43, 0xCA, 0x8A, 0xFB, 0x15, 0x5A, 0x78,
    0x7D, 0x89, 0x8C, 0xD2, 0x8C, 0x59, 0x2E, 0xBF, 0xAE, 0xD0, 0xAF, 0x8A, 0x79, 0xBB, 0x42, 0xFF,
    0x65, 0xCC, 0xDB, 0xD5, 0xF4, 0x5F, 0x8F, 0x3D, 0xF2, 0xAC, 0xD7, 0x48, 0xD6, 0x0D, 0x5A, 0x44,
    0x4D, 0x7C, 0xB4, 0x39, 0x11, 0x07, 0x2E, 0x88, 0x75, 0x8A, 0xE0, 0x1E, 0xEF, 0xF3, 0x9E, 0x51,
    0xF1, 0xEC, 0xE1, 0x96, 0xF4, 0x79, 0x8E, 0x94, 0x0A, 0xCD, 0x6B, 0xE1, 0x8E, 0xDB, 0xD5, 0xE1,
    0x5F, 0x8D, 0xED, 0xBF, 0xC5, 0x9A, 0x6D, 0x8A, 0xE3, 0x3A, 0x13, 0x85, 0x1F, 0xA8, 0xBF, 0x17,
    0x6A, 0x2B, 0xB3, 0x80, 0x40, 0x6D, 0xBD, 0x60, 0x16, 0x30, 0x5B, 0x29, 0x98, 0xBF, 0x82, 0xF3,
    0xBA, 0x50, 0x1C, 0x99, 0xB4, 0x6F, 0xBF, 0x9D, 0x9B, 0x74, 0xC7, 0xD2, 0x79, 0xD4, 0xED, 0xE8,
    0xEB, 0x58, 0x89, 0x65, 0x29, 0x21, 0x54, 0xD0, 0x98, 0x87, 0x69, 0x87, 0x2B, 0x77, 0xFC, 0xD9,
    0x10, 0x7F, 0xEA, 0x08, 0xD9, 0x38, 0x60, 0x8B, 0x3A, 0xC0, 0x25, 0xE5, 0x42, 0x24, 0x5E, 0x0B,
    0x02, 0x1B, 0x6A, 0x98, 0x44, 0x6B, 0x36, 0x5C, 0xB8, 0x44, 0x74, 0x81, 0x2D, 0x88, 0x48, 0x5A,
    0xA1, 0xF4, 0x3E, 0xA7, 0x48, 0xCD, 0xF3, 0x53, 0x1D, 0xFA, 0xBC, 0xFA, 0xF5, 0x28, 0xDC, 0xF6,
    0xFE, 0x9A, 0x00, 0x06, 0xEF, 0xB0, 0x44, 0x5D, 0x40, 0x03, 0xA2, 0xC0, 0xF3, 0x35, 0xD6, 0x7E,
    0xD6, 0xC1, 0xB5, 0xDF, 0x71, 0xBB, 0x88, 0x0B, 0x51, 0x4F, 0x7B, 0x21, 0x66, 0x65, 0x56, 0x4B,
    0x28, 0xE7, 0x1F, 0xB3, 0xE5, 0xD5, 0x3C, 0xBB, 0x65, 0x49, 0x98, 0xBA, 0x8E, 0x81, 0x32, 0x8A,
    0x38, 0xF6, 0x1D, 0xE0, 0xFF, 0x62, 0xB9, 0x8D, 0x8A, 0xDA, 0xE0, 0x5D, 0x95, 0x49, 0x02, 0x69,
    0xCC, 0x86, 0x56, 0xD7, 0xD6, 0xF0, 0xA1, 0x71, 0xB4, 0x5C, 0xBA, 0x36, 0xF9, 0x51, 0x5D, 0xFB,
    0xA6, 0x2D, 0xB8, 0xBA, 0x6A, 0x81, 0x6A, 0xF7, 0xF2, 0xB7, 0x3D, 0x66, 0x57, 0xCB, 0xE5, 0x2D,
    0xD6, 0xDA, 0xCE, 0xA5, 0xA0, 0x2E, 0x58, 0xFA, 0x2B, 0xAD, 0x2D, 0xBC, 0xC7, 0xD5, 0xD4, 0x6B,
    0x1C, 0x79, 0x0E, 0xB0, 0xBF, 0x05, 0x28, 0xDF, 0x66, 0xCB, 0x2A, 0x60, 0x0C, 0x88, 0x7A, 0x9D,
    0xB5, 0xD1, 0x15, 0x45, 0x00, 0x3E, 0x00, 0x2B, 0xE6, 0x21, 0x29, 0x1B, 0xA3, 0x21, 0x84, 0x35,
    0x50, 0x0A, 0xE2, 0x06, 0xAF, 0xAF, 0x21, 0x6A, 0x2F, 0xA1, 0x0D, 0xB6, 0x41, 0xD2, 0xAD, 0xFA,
    0x04, 0x6C, 0x44, 0x9E, 0xD3, 0xB2, 0xE9, 0xA0, 0xBF, 0xE3, 0x82, 0x6D, 0x04, 0xD7, 0xBC, 0x9D,
    0x46, 0x33, 0x7D, 0xA3, 0xB0, 0xCF, 0x39, 0x73, 0xAE, 0x52, 0xF3, 0xB2, 0x76, 0x6D, 0x87, 0x3A,
    0xD7, 0x0D, 0xB1, 0xBC, 0x88, 0x86, 0x8F, 0x0D, 0x76, 0x03, 0x6A, 0x48, 0x1A, 0x57, 0x78, 0x71,
    0x86, 0x55, 0xC2, 0x1B, 0x51, 0xB3, 0xD2, 0x6B, 0xF5, 0x03, 0xB0, 0x1D, 0x26, 0xE5, 0xC4, 0x3A,
    0xD7, 0x3D, 0xB2, 0x46, 0x67, 0xA6, 0xBB, 0x3C, 0x7B, 0x2F, 0xEC, 0x13, 0x44, 0xFA, 0xCC, 0x3C,
    0x8B, 0x4D, 0x5F, 0x8D, 0xE3, 0xA4, 0x2A, 0x69, 0xDC, 0x04, 0x9C, 0xEA, 0x2B, 0x79, 0x5A, 0x87,
    0xE3, 0xD8, 0x06, 0x2A, 0x4C, 0xC2, 0xA5, 0x8C, 0x0E, 0x78, 0xA9, 0x25, 0x2D, 0x01, 0xAD, 0x7E,
    0xAD, 0xF3, 0xB8, 0xD4, 0x02, 0x15, 0x77, 0x33, 0xE6, 0xB7, 0xF6, 0xFB, 0xAC, 0xAD, 0xA7, 0xFB,
    0xEF, 0xD9, 0xFA, 0xFE, 0xBE, 0xCF, 0x36, 0x5E, 0xD5, 0xEF, 0x6F, 0xEB, 0xE7, 0x9A, 0x3B, 0x83,
    0x25, 0x1F, 0x4F, 0x5F, 0xE7, 0xF3, 0x6A, 0x4F, 0x6F, 0x95, 0xDF, 0xE5, 0xED, 0xAC, 0xAD, 0x67,
    0x7C, 0x7D, 0xFE, 0x78, 0x60, 0xAA, 0xE3, 0x8C, 0xA3, 0x39, 0x61, 0xF8, 0x88, 0xC4, 0x1A, 0x20,
    0xEE, 0x60, 0x1A, 0x47, 0xC0, 0xD0, 0xCC, 0xDC, 0xE8, 0xB2, 0x3E, 0x1A, 0x42, 0xC3, 0x24, 0x0D,
    0x36, 0x0D, 0x4C, 0x39, 0xCE, 0x1F, 0x0F, 0x7E, 0x8F, 0xBE, 0x6D, 0x86, 0x34, 0xA2, 0x62, 0x44,
    0x7A, 0xD7, 0x7C, 0xAE, 0xB4, 0x99, 0x47, 0x1A, 0xBE, 0xA9, 0xCB, 0xB2, 0x9F, 0xCF, 0xA8, 0x90,
    0xAA, 0x6D, 0xA3, 0x71, 0x35, 0x6A, 0x3A, 0x4C, 0xB2, 0x6F, 0xB1, 0x7C, 0x7F, 0x37, 0xF8, 0x4E,
    0xCB, 0x04, 0x0B, 0x6F, 0x1B, 0xE0, 0xD6, 0xF7, 0x3A, 0xFD, 0x69, 0x57, 0xF3, 0x88, 0xFC, 0x08,
    0xBB, 0x61, 0x2D, 0x28, 0x2E, 0x8D, 0x9A, 0xA7, 0x9D, 0x4D, 0x75, 0xD4, 0x37, 0x5F, 0x97, 0x02,
    0xBC, 0x7B, 0x70, 0x71, 0xA0, 0x6C, 0x1F, 0x07, 0x88, 0xFC, 0x0A, 0x24, 0x2D, 0xCC, 0x73, 0x8F,
    0xC3, 0x6A, 0x76, 0xE2, 0xE2, 0xAB, 0x0B, 0x91, 0x9C, 0xEB, 0xB7, 0xB2, 0x2D, 0xCC, 0x4B, 0xD1,
    0x23, 0x68, 0x0F, 0x0A, 0xAF, 0x3B, 0x48, 0xD2, 0x68, 0x1C, 0x5F, 0x95, 0x74, 0xC3, 0x9F, 0x0A,
    0xE6, 0x0B, 0x8F, 0x83, 0x96, 0x54, 0xB4, 0xCE, 0x5D, 0xC4, 0xC3, 0x2E, 0x3C, 0x2B, 0x54, 0xD2,
    0x96, 0x00, 0xD8, 0x78, 0x36, 0x3E, 0x59, 0xA1, 0x94, 0x52, 0x02, 0x5E, 0x4F, 0xC6, 0xFF, 0x5E,
    0x55, 0x5D, 0x34, 0xA2, 0x3C, 0x21, 0xF2, 0xEB, 0xE1, 0xEB, 0xA5, 0x6C, 0x7C, 0x3D, 0x78, 0x06,
    0x83, 0x0E, 0x51, 0xFB, 0x39, 0x80, 0x47, 0xCA, 0x45, 0x04, 0xFA, 0xDA, 0x01, 0xBC, 0x00, 0x36,
    0x4E, 0x20, 0x93, 0x90, 0xC6, 0x15, 0xAE, 0x14, 0xBA, 0x45, 0xE8, 0x43, 0xE8, 0xA1, 0xC8, 0x2D,
    0xFA, 0x8C, 0x03, 0x06, 0xD8, 0x1F, 0x70, 0x4B, 0x2E, 0xD4, 0xBA, 0x83, 0x3E, 0x2E, 0xDD, 0x6B,
    0x0B, 0x21, 0xD1, 0x32, 0x15, 0x56, 0xF8, 0x85, 0x8B, 0x53, 0xF6, 0xD4, 0x3B, 0x56, 0x33, 0x26,
    0xB7, 0x65, 0x25, 0x6D, 0x05, 0x11, 0x85, 0x50, 0x5E, 0x61, 0x02, 0xB5, 0x45, 0x45, 0xED, 0xD0,
    0xD8, 0xF1, 0x57, 0xCC, 0x7C, 0x63, 0x16, 0x6B, 0xCC, 0x5A, 0xEC, 0x7E, 0xD9, 0x5B, 0x6A, 0x40,
    0x1F, 0x36, 0x3E, 0x82, 0xCB, 0x0D, 0xB7, 0xB5, 0x74, 0x5B, 0x14, 0xFF, 0xA6, 0x48, 0x21, 0x64,
    0x42, 0x3E, 0x50, 0xD4, 0xA6, 0x44, 0xDA, 0x55, 0xC8, 0x8B, 0xE1, 0x63, 0xE6, 0x99, 0x61, 0xBF,
    0xB0, 0x75, 0x3A, 0x46, 0x36, 0x75, 0x7B, 0x2A, 0xBE, 0x3C, 0xDF, 0xCE, 0xE9, 0xFE, 0xD7, 0x2B,
    0x25, 0xD5, 0x2E, 0x2B, 0x4F, 0xCF, 0x00, 0xF4, 0x50, 0xF8, 0x9E, 0xDE, 0x7C, 0xF9, 0x0A, 0x9F,
    0x1E, 0x34, 0xDC, 0x63, 0x94, 0xBC, 0x38, 0x4A, 0x6C, 0xB2, 0x44, 0xFE, 0x5C, 0xFF, 0xE4, 0x87,
    0x48, 0xC9, 0x52, 0x8E, 0x78, 0x2C, 0x3E, 0x06, 0x2D, 0x7C, 0xA5, 0x84, 0x54, 0x47, 0xF0, 0x95,
    0xA8, 0x19, 0x4F, 0x5F, 0xB5, 0xC1, 0xA7, 0xB0, 0x86, 0x37, 0xB4, 0x41, 0xA3, 0x51, 0x8D, 0x7D,
    0x87, 0x4B, 0x37, 0xFC, 0x3D, 0xAB, 0x40, 0x52, 0x2D, 0xF8, 0x7D, 0x18, 0x5B, 0xA8, 0x28, 0xD5,
    0x9F, 0x0F, 0xAF, 0xDD, 0xEF, 0x8E, 0x5B, 0x71, 0x7C, 0x96, 0xCB, 0x1B, 0xD6, 0xBF, 0xD5, 0x18,
    0x8D, 0xC8, 0x1D, 0x5E, 0x3B, 0x6C, 0x34, 0xB4, 0x81, 0x06, 0xEE, 0x0D, 0x6D, 0xB0, 0x1B, 0x88,
    0x1B, 0xAE, 0xFF, 0x9E, 0xED, 0x56, 0xCB, 0x85, 0xA4, 0x94, 0x54, 0x9A, 0xBB, 0x84, 0x0F, 0xE9,
    0x87, 0x1D, 0x3C, 0x7E, 0x83, 0x7D, 0xCE, 0xDF, 0x97, 0x3F, 0xE6, 0xC7, 0xDD, 0xD2, 0x37, 0x0E,
    0xF1, 0xDA, 0x71, 0x78, 0xE9, 0x10, 0xC3, 0x1D, 0x7C, 0xAD, 0x8E, 0xBC, 0x54, 0x6B, 0x87, 0x14,
    0x1F, 0xB6, 0xA1, 0xF8, 0xAF, 0x90, 0x69, 0x63, 0xEC, 0xBB, 0xCB, 0x8D, 0x54, 0x99, 0x96, 0xC9,
    0x57, 0x82, 0x53, 0x84, 0x16, 0xD8, 0x30, 0x5E, 0xF0, 0x36, 0x3A, 0x4A, 0xBB, 0x12, 0xD7, 0x60,
    0x82, 0x3E, 0xFC, 0x7E, 0x31, 0xAC, 0xB5, 0x18, 0x9E, 0xF8, 0xEA, 0x23, 0x63, 0xDC, 0xAD, 0x88,
    0x85, 0xCA, 0xF6, 0xAD, 0xFB, 0x5B, 0x43, 0x49, 0x8B, 0x69, 0xD2, 0xA4, 0x74, 0xA9, 0xF6, 0xB5,
    0x9B, 0x40, 0x67, 0xEA, 0xD7, 0x3A, 0x4F, 0xE7, 0xED, 0x32, 0xC4, 0xE9, 0x1E, 0xCD, 0x5B, 0x2C,
    0x5D, 0x7C, 0x0E, 0x9A, 0xCF, 0x5B, 0xDD, 0x4B, 0xAC, 0x31, 0xA2, 0x2B, 0x1B, 0xE0, 0xBF, 0x6B,
    0x83, 0xE5, 0x5B, 0xAC, 0x75, 0xE3, 0xE1, 0xC9, 0x08, 0xA8, 0xCB, 0x6B, 0xAC, 0xB9, 0x42, 0x1A,
    0xA8, 0x8F, 0x61, 0x33, 0xF1, 0x61, 0x4A, 0x88, 0x7D, 0x49, 0x7C, 0x4C, 0x74, 0x4D, 0xB8, 0x25,
    0x52, 0x7D, 0x4C, 0x12, 0xEE, 0x92, 0x55, 0xCB, 0xAA, 0xDA, 0x07, 0xEA, 0x44, 0xD2, 0xEA, 0x04,
    0xA1, 0x98, 0x09, 0x1B, 0x67, 0x97, 0xAE, 0x59, 0x32, 0xCA, 0x1B, 0x91, 0x28, 0xBD, 0x04, 0xE2,
    0xEA, 0x57, 0x1F, 0x93, 0x01, 0x28, 0x4D, 0xC0, 0x2C, 0xD0, 0xEE, 0x55, 0x5E, 0xD7, 0xCA, 0xAE,
    0x55, 0x13, 0x42, 0xC5, 0xBF, 0x4F, 0xD1, 0x52, 0x35, 0xD4, 0xF8, 0xFC, 0x2E, 0x74, 0xF7, 0xDD,
    0xD5, 0x58, 0x6B, 0x84, 0xAF, 0x6E, 0xDA, 0x14, 0x01, 0xA3, 0xE3, 0x6C, 0x5F, 0x9E, 0x8A, 0x94,
    0x3A, 0x2A, 0x11, 0x9F, 0xC7, 0x9F, 0xEE, 0xEC, 0xE3, 0xB3, 0xF1, 0x83, 0x7E, 0x80, 0xC8, 0x15,
    0xAD, 0x23, 0x9E, 0xC4, 0xC9, 0x9C, 0xFB, 0xB6, 0x31, 0x1B, 0x9E, 0x11, 0xF8, 0x7F, 0x1D, 0xB3,
    0x7F, 0x7D, 0xE7, 0x21, 0x81, 0x4B, 0x45, 0x48, 0x03, 0xA5, 0x0B, 0xC1, 0x02, 0x28, 0x1B, 0x2A,
    0x08, 0xED, 0xB3, 0x30, 0x21, 0xD1, 0xCC, 0x99, 0xE1, 0xAE, 0xC7, 0xC9, 0x9C, 0x4F, 0x09, 0x49,
    0xD7, 0x12, 0x12, 0x9C, 0x3D, 0x1C, 0x9A, 0x06, 0x21, 0x11, 0x39, 0x57, 0x7B, 0x4A, 0x98, 0x2D,
    0x14, 0x2E, 0x81, 0x94, 0xB8, 0x0A, 0x0E, 0x33, 0xA2, 0x54, 0x21, 0xA5, 0x49, 0x67, 0x7B, 0x98,
    0x6F, 0xB1, 0x76, 0xFF, 0x5D, 0xC5, 0xF3, 0xD6, 0x7E, 0xDA, 0x81, 0xE5, 0xED, 0xA3, 0x15, 0x3B,
    0x7E, 0x35, 0x62, 0x3C, 0xED, 0x65, 0x6D, 0x6D, 0x33, 0xA6, 0x72, 0x7C, 0xFE, 0x0B, 0x80, 0x9F,
    0x35, 0x7F, 0xF6, 0x4C, 0xFB, 0xAC, 0x65, 0x49, 0xAA, 0x05, 0x6C, 0xC0, 0x37, 0x82, 0x6A, 0xA8,
    0xE1, 0x79, 0xC5, 0x3F, 0x0D, 0xD7, 0xA6, 0xDA, 0x83, 0x24, 0x79, 0x9D, 0x86, 0xE1, 0x32, 0x59,
    0xDA, 0x20, 0x88, 0x5F, 0x11, 0x83, 0xB0, 0x02, 0xFF, 0x73, 0xFF, 0x03, 0xB6, 0x1F, 0xB7, 0x16,
    0xE9, 0x75, 0x94, 0x6D, 0x72, 0xA4, 0x7F, 0x90, 0xDA, 0xDC, 0x03, 0x1A, 0x9B, 0x04, 0xA6, 0xAF,
    0xBB, 0x30, 0x49, 0x13, 0x4F, 0xB8, 0x38, 0x1D, 0x02, 0x49, 0xFA, 0x38, 0x04, 0x78, 0x16, 0xC4,
    0xFE, 0xF4, 0x4C, 0xC5, 0x71, 0x9D, 0xF7, 0x72, 0x24, 0xCA, 0xF8, 0xF0, 0x99, 0x48, 0x18, 0x8E,
    0x49, 0xB8, 0x06, 0x6E, 0x45, 0x1F, 0x0F, 0xAF, 0xEB, 0x32, 0xF6, 0xCF, 0x44, 0xB9, 0xBC, 0x66,
    0xC5, 0x8D, 0x37, 0x18, 0x32, 0xA9, 0xF5, 0x1A, 0x23, 0x17, 0x07, 0x42, 0x87, 0xFB, 0xD6, 0x3B,
    0x2C, 0x9D, 0x7D, 0x5F, 0xFC, 0xB4, 0xB5, 0x35, 0xA3, 0xFE, 0xF3, 0xCF, 0xFC, 0xEB, 0x5D, 0xFE,
    0xD6, 0xB4, 0xFA, 0xEB, 0x57, 0xA7, 0xAF, 0xF3, 0xB8, 0x96, 0x5A, 0xE1, 0xDD, 0x84, 0xBF, 0xC5,
    0xDE, 0xBE, 0xD6, 0xEA, 0xDE, 0x58, 0xD6, 0x4B, 0xAC, 0xFD, 0xB0, 0x83, 0xCF, 0x7E, 0x99, 0xFB,
    0xB4, 0x97, 0xCF, 0x7F, 0x9A, 0xBB, 0xBF, 0x37, 0x6F, 0xC3, 0xB7, 0x9E, 0xFD, 0x40, 0xF8, 0x20,
    0x72, 0x25, 0xB5, 0x92, 0x2D, 0x0C, 0xC4, 0x4A, 0x34, 0x93, 0xA0, 0x33, 0x44, 0xD8, 0xC0, 0x6B,
    0xF8, 0xEF, 0xFB, 0xC4, 0xC6, 0xF0, 0x3F, 0xB5, 0x92, 0xA4, 0x13, 0x25, 0x2A, 0xE8, 0x24, 0xEF,
    0x93, 0x48, 0xC4, 0x7D, 0x82, 0x67, 0xF3, 0x52, 0xCD, 0x6A, 0x07, 0x96, 0xBE, 0xFA, 0x1D, 0xE9,
    0xB5, 0x53, 0xE5, 0x15, 0xA9, 0x4D, 0x47, 0xFA, 0xDF, 0x1A, 0xE2, 0x23, 0xED, 0x6F, 0x3B, 0x32,
    0x2D, 0xB2, 0xB1, 0x9A, 0x5E, 0xFB, 0xDF, 0x0C, 0xE6, 0x77, 0x6D, 0xB8, 0x25, 0xEB, 0xDB, 0x36,
    0x25, 0x51, 0x51, 0x9D, 0xAB, 0xE1, 0xC3, 0x44, 0x03, 0x93, 0x8F, 0x09, 0xE4, 0xFB, 0x57, 0x58,
    0x71, 0xDB, 0xC3, 0x72, 0xD1, 0x78, 0x74, 0x4A, 0xBC, 0x7F, 0x5E, 0xBE, 0x7B, 0xE7, 0x47, 0xAE,
    0xB0, 0xCE, 0x0A, 0x1B, 0x03, 0x74, 0x55, 0xD4, 0x94, 0x77, 0x9A, 0x53, 0x82, 0x96, 0x0B, 0xE2,
    0x9A, 0x85, 0xB0, 0x3A, 0x02, 0x78, 0x8B, 0x65, 0x02, 0x18, 0xEB, 0x0D, 0xFD, 0xF1, 0x57, 0x6A,
    0x02, 0x1F, 0x53, 0x73, 0xD8, 0xB0, 0xFD, 0xF4, 0x3A, 0xD5, 0x3A, 0x9C, 0x5A, 0xA7, 0x0F, 0xC7,
    0xD9, 0x4A, 0x2B, 0xA4, 0xDC, 0x85, 0x09, 0xF8, 0xA4, 0xDE, 0x55, 0x67, 0xEE, 0xDA, 0xEB, 0xFB,
    0xF6, 0xBE, 0x7B, 0xD2, 0x7A, 0x59, 0xBF, 0x87, 0x27, 0x11, 0xE0, 0xDF, 0x7F, 0xDD, 0x4F, 0xD6,
    0x11, 0xCF, 0xF7, 0x7F, 0x1E, 0x65, 0x74, 0x88, 0xE6, 0x2D, 0xF4, 0xF1, 0x3F, 0xD5, 0x99, 0xD1,
    0x6A, 0xE4, 0x3A, 0x0F, 0xC7, 0x7F, 0xE0, 0xDB, 0x01, 0xBD, 0xCA, 0x40, 0x6F, 0x03, 0x7A, 0x75,
    0xC1, 0xDC, 0x1E, 0xE8, 0xAB, 0x08, 0xF6, 0x56, 0xF0, 0xFF, 0x1A, 0x2B, 0x21, 0xD9, 0xEE, 0x6C,
    0xD9, 0x9E, 0x4E, 0xCF, 0xEC, 0x67, 0x45, 0x3F, 0x77, 0x26, 0x8A, 0x6D, 0x29, 0x5E, 0x5B, 0xE3,
    0x05, 0xB0, 0xC0, 0x94, 0x16, 0x48, 0x72, 0x86, 0xA4, 0xC4, 0x84, 0x12, 0x4F, 0xAC, 0xF0, 0x60,
    0xEC, 0x14, 0xA0, 0x4F, 0xF0, 0xFC, 0x6C, 0xB7, 0xD6, 0x2D, 0x0F, 0x49, 0x01, 0x92, 0x00, 0x53,
    0xD2, 0x03, 0x69, 0x78, 0x39, 0xA3, 0x47, 0x31, 0x07, 0x31, 0xC7, 0xD0, 0x9D, 0xEB, 0xB7, 0x68,
    0x93, 0x69, 0x6C, 0xEA, 0x1E, 0x02, 0xBC, 0xD8, 0x9A, 0x16, 0xF8, 0xEB, 0xA4, 0x58, 0x19, 0xDF,
    0xC3, 0x79, 0x79, 0x0E, 0x81, 0x4B, 0x02, 0x93, 0x0A, 0x90, 0x02, 0x80, 0x91, 0x13, 0xC2, 0x14,
    0xC2, 0x92, 0x7F, 0x81, 0xF0, 0x44, 0x52, 0xE2, 0x2B, 0x4C, 0x96, 0xF0, 0xC2, 0x05, 0x60, 0xF1,
    0x97, 0x31, 0xE5, 0xF2, 0x26, 0xD7, 0x55, 0x16, 0xA7, 0xCB, 0xB4, 0x59, 0xDE, 0xF0, 0xE2, 0xBB,
    0xC5, 0xFB, 0xFB, 0xE3, 0x32, 0x18, 0xD8, 0x4F, 0xF7, 0xCD, 0x39, 0x95, 0xAB, 0x5F, 0xC7, 0x49,
    0x6E, 0xD7, 0x9B, 0x2F, 0x1C, 0x65, 0xFD, 0x8E, 0xAB, 0x9D, 0x6D, 0xFC, 0xC6, 0x85, 0x64, 0x96,
    0x65, 0x5C, 0xC6, 0x85, 0x8B, 0x5D, 0xC6, 0x21, 0x3A, 0xDD, 0x87, 0xEB, 0xEB, 0xDA, 0xE6, 0xF2,
    0x26, 0x2F, 0x6F, 0x72, 0xFD, 0xF1, 0x26, 0xFF, 0x70, 0x94, 0xB5, 0xC7, 0x58, 0x5E, 0xE7, 0xFD,
    0x29, 0xAB, 0xF5, 0x38, 0x9E, 0x1F, 0x0C, 0x78, 0xB1, 0xE5, 0x76, 0x6D, 0x39, 0xEE, 0xFB, 0x48,
    0xB0, 0xD7, 0x80, 0x21, 0x80, 0x62, 0x7F, 0x44, 0x3B, 0x4C, 0xD1, 0x68, 0x3B, 0x7F, 0xCD, 0x33,
    0x34, 0xEA, 0x84, 0x51, 0xE8, 0x04, 0x93, 0x14, 0x07, 0x3C, 0xB0, 0x3C, 0x20, 0x18, 0x35, 0x31,
    0xD2, 0xA1, 0x0A, 0x3C, 0xC1, 0xB6, 0x19, 0xD1, 0x13, 0x1D, 0x9F, 0x0F, 0x7A, 0x08, 0x0F, 0x56,
    0xF5, 0xD9, 0x5A, 0xB8, 0x3C, 0xD4, 0xDF, 0xB7, 0xAE, 0x22, 0x85, 0xCF, 0xDE, 0x3C, 0xCB, 0xC2,
    0x1D, 0xAB, 0x9E, 0x5A, 0x58, 0x7E, 0xF5, 0xFA, 0x62, 0x83, 0x58, 0x14, 0x8C, 0x1F, 0x09, 0x28,
    0x00, 0x67, 0x2B, 0xA6, 0x04, 0x49, 0x8C, 0x8E, 0x14, 0xCA, 0xB9, 0x26, 0x78, 0x30, 0x1A, 0x02,
    0xF4, 0x07, 0x38, 0x9E, 0x98, 0x0D, 0xCC, 0xA6, 0x66, 0xA3, 0x48, 0xDA, 0x3A, 0x2A, 0x0B, 0xDC,
    0xC1, 0x8A, 0xCD, 0x13, 0xF0, 0x62, 0xCC, 0xAE, 0xD7, 0x9E, 0xD7, 0x8E, 0x67, 0x97, 0xBA, 0xA7,
    0xEB, 0xBD, 0xD5, 0xC6, 0x34, 0x9B, 0x0E, 0xBC, 0xBA, 0x4D, 0xDC, 0x99, 0xAD, 0x1E, 0xCD, 0x22,
    0xF0, 0x78, 0x38, 0x02, 0x85, 0xE7, 0x10, 0x2E, 0x69, 0x5B, 0x48, 0xA4, 0xE0, 0xDE, 0x2C, 0x12,
    0x96, 0x9F, 0xD2, 0xF0, 0x94, 0x94, 0x2E, 0xA5, 0xC9, 0x12, 0x29, 0x68, 0x00, 0xED, 0xE9, 0x09,
    0xF0, 0x1C, 0x4F, 0xA5, 0xA9, 0xC0, 0xF4, 0x7A, 0x57, 0xE0, 0x31, 0x5E, 0xE3, 0x00, 0xB5, 0x63,
    0x24, 0x7F, 0x95, 0xFF, 0xD0, 0x93, 0x77, 0xAA, 0xC5, 0xB7, 0xC5, 0xE1, 0x3C, 0xB1, 0xFF, 0xC6,
    0x38, 0x1C, 0x33, 0xFE, 0x9B, 0xE3, 0xE0, 0xA7, 0x3C, 0xE4, 0x6F, 0x9C, 0x0F, 0x05, 0x78, 0xEB,
    0xB7, 0xC6, 0xE1, 0xD8, 0x93, 0xE8, 0x3D, 0xC9, 0x02, 0x2C, 0x57, 0x95, 0x74, 0x68, 0x3F, 0x1F,
    0xBE, 0x8A, 0x84, 0xA9, 0x40, 0x09, 0xBE, 0xA3, 0x8B, 0x8F, 0x3C, 0x03, 0x9E, 0xB3, 0xFB, 0x7E,
    0xBC, 0x9A, 0x7C, 0x79, 0x27, 0x7E, 0xEF, 0x35, 0x75, 0xE0, 0xE9, 0x0E, 0x63, 0xB1, 0xEB, 0x63,
    0x9C, 0xED, 0x97, 0xBD, 0x55, 0x87, 0x7B, 0x92, 0x6A, 0xAF, 0x6C, 0xAB, 0x52, 0xC0, 0x5E, 0x79,
    0xDC, 0xA9, 0xC4, 0x5E, 0x49, 0x39, 0xB6, 0xAA, 0xF0, 0xAE, 0x04, 0xD8, 0x56, 0x49, 0xA7, 0xCA,
    0x5F, 0xBB, 0x0A, 0x4E, 0x95, 0x02, 0x49, 0x25, 0xCE, 0x55, 0xC7, 0xA1, 0xD9, 0x65, 0xA8, 0x5C,
    0x98, 0x36, 0xA7, 0xA4, 0xF4, 0xF0, 0xB4, 0x12, 0xBE, 0xF6, 0x89, 0x40, 0xD3, 0x0F, 0xD9, 0xA4,
    0xCB, 0xDB, 0x36, 0x40, 0x6C, 0xCC, 0x21, 0x85, 0xCA, 0x4A, 0xFA, 0x21, 0xA5, 0xEB, 0x36, 0xC3,
    0x83, 0x57, 0x47, 0x18, 0x24, 0x75, 0x58, 0x02, 0x13, 0xFE, 0xCB, 0x8F, 0x2A, 0x40, 0xFC, 0xCA,
    0xA1, 0x7A, 0x47, 0xC8, 0x76, 0x2D, 0xBC, 0x99, 0x8C, 0xC2, 0xFA, 0x12, 0xED, 0xA2, 0x0A, 0xA4,
    0x9A, 0xBD, 0x47, 0x81, 0x6E, 0x85, 0xE9, 0x47, 0xE1, 0x52, 0xE1, 0xE9, 0x85, 0x87, 0xCD, 0x46,
    0x3F, 0x42, 0x8C, 0xDD, 0x78, 0x7B, 0x8D, 0x5B, 0x53, 0xF4, 0x5D, 0x29, 0x7C, 0x42, 0xEA, 0xC9,
    0x02, 0x2A, 0x3E, 0xC8, 0xFC, 0xC6, 0xFB, 0xCC, 0xCF, 0x7F, 0xCE, 0xFC, 0x40, 0xBC, 0xC3, 0x50,
    0x9D, 0x01, 0xA5, 0x77, 0x49, 0x5F, 0xAD, 0x10, 0xAA, 0xF6, 0x7B, 0xBA, 0x3D, 0x14, 0xF7, 0x92,
    0xEC, 0x39, 0xFA, 0x35, 0x0E, 0x2E, 0xD5, 0xEA, 0x98, 0x87, 0x95, 0x18, 0xF7, 0x35, 0x46, 0xDB,
    0x48, 0x65, 0x52, 0x4D, 0xCF, 0xF7, 0xEF, 0xC3, 0xB7, 0x45, 0x52, 0x81, 0x3E, 0xCE, 0x08, 0x15,
    0x62, 0x08, 0xF5, 0xD4, 0xF5, 0x44, 0x28, 0x36, 0x0C, 0x81, 0xAC, 0x40, 0x9E, 0x3B, 0x54, 0x3B,
    0x7E, 0x88, 0xB6, 0xAB, 0x7E, 0x6C, 0xA2, 0xDF, 0x9A, 0x76, 0xA0, 0x10, 0x78, 0x4E, 0xDC, 0xCD,
    0x75, 0xE3, 0x77, 0x6A, 0xE9, 0xB1, 0x8A, 0xC2, 0x6F, 0xC2, 0x5F, 0xEB, 0x4D, 0x13, 0xD7, 0xAE,
    0x85, 0xDF, 0x0A, 0x1F, 0x62, 0xDA, 0xB4, 0x64, 0x3F, 0x67, 0xF5, 0x1F, 0xA7, 0xF1, 0xED, 0x8F,
    0xED, 0xD3, 0xE9, 0x04, 0xAB, 0xAF, 0x27, 0xF4, 0xD4, 0x91, 0x5B, 0xED, 0x3A, 0x04, 0xA6, 0x6A,
    0x74, 0xF9, 0x9B, 0x5C, 0x96, 0x62, 0x2A, 0x7C, 0x9B, 0xFB, 0x97, 0xEB, 0x88, 0xAD, 0xF9, 0x2B,
    0x31, 0x18, 0xC9, 0x65, 0x95, 0xEB, 0x62, 0xC9, 0x56, 0x76, 0x1B, 0x7B, 0x6F, 0x73, 0xB1, 0x87,
    0xFD, 0x24, 0x55, 0x5F, 0xED, 0xEB, 0xC7, 0xC7, 0x1B, 0x5D, 0x3E, 0x3C, 0xDE, 0x60, 0xF0, 0xFB,
    0xE3, 0x8D, 0x77, 0xD1, 0xAE, 0xA7, 0xAC, 0x5C, 0x47, 0xBA, 0xFF, 0xFD, 0x2B, 0xD7, 0x5E, 0xAE,
    0x31, 0xE5, 0x1F, 0xFF, 0xE7, 0xBA, 0xCB, 0x95, 0x53, 0x79, 0xC9, 0xE5, 0x72, 0x5D, 0xE5, 0x7A,
    0x8D, 0x17, 0x16, 0xAE, 0x53, 0xE0, 0xB7, 0xA9, 0xF2, 0x9E, 0xC1, 0xEE, 0x38, 0x3E, 0xE6, 0x8A,
    0x5A, 0xE1, 0xB1, 0xC3, 0x72, 0xC7, 0xA8, 0x15, 0xF2, 0x10, 0x13, 0x66, 0x2B, 0x7A, 0x11, 0xDD,
    0x81, 0xEF, 0x60, 0xFB, 0x78, 0x2F, 0x23, 0x96, 0x09, 0x49, 0x21, 0xA9, 0x33, 0x5B, 0xEC, 0x53,
    0xFA, 0xFB, 0xD9, 0x40, 0x01, 0xE3, 0x75, 0xC5, 0xE8, 0xBF, 0x9E, 0x95, 0xDB, 0xDD, 0x9B, 0x2B,
    0x5D, 0x2F, 0x09, 0xD7, 0x6B, 0xD7, 0x0F, 0xCB, 0xF5, 0x18, 0xB9, 0x77, 0x70, 0xAA, 0x9C, 0xFF,
    0x87, 0xCC, 0x0F, 0x56, 0x65, 0xE4, 0x41, 0x8B, 0xFF, 0x2C, 0x0B, 0x3C, 0x2D, 0xE6, 0xF6, 0xFE,
    0x34, 0xCC, 0x90, 0xB4, 0x0C, 0x49, 0x79, 0xDE, 0x53, 0x1A, 0x5E, 0x82, 0x94, 0x18, 0x21, 0x61,
    0xEC, 0x58, 0x56, 0x24, 0xD2, 0x08, 0x24, 0x03, 0x79, 0xF5, 0xCA, 0x72, 0xDE, 0x53, 0x4C, 0x52,
    0x2C, 0x92, 0x48, 0x53, 0x6E, 0xFD, 0x56, 0xEB, 0x71, 0x1A, 0x66, 0x43, 0xAA, 0x63, 0xF7, 0xB0,
    0x12, 0x8B, 0x44, 0x4A, 0x23, 0x24, 0x43, 0x5A, 0x5A, 0x3D, 0x8F, 0xDD, 0xC3, 0xA5, 0x48, 0x2F,
    0x28, 0x07, 0xDC, 0x02, 0xEC, 0x96, 0x30, 0x22, 0x9F, 0xF1, 0x0F, 0xC1, 0x2D, 0x66, 0xFF, 0x23,
    0x0B, 0x72, 0x79, 0xD0, 0x84, 0xAF, 0x9F, 0x3D, 0x18, 0xF1, 0x0C, 0xD7, 0xB0, 0x00, 0x4F, 0xD0,
    0xE3, 0x5C, 0xBB, 0x17, 0x2E, 0x49, 0xB5, 0xAB, 0x80, 0xBB, 0xFA, 0xB1, 0xCD, 0xA1, 0xA7, 0xB2,
    0xF7, 0x43, 0x39, 0x2C, 0xC6, 0x2C, 0x4A, 0x86, 0xC4, 0x1C, 0xEB, 0x2A, 0xFB, 0xC2, 0x2B, 0x1D,
    0xBA, 0xB5, 0xE5, 0x74, 0xAA, 0x6A, 0xD2, 0xAA, 0xA0, 0xE4, 0x88, 0xC9, 0xF7, 0x8F, 0xFF, 0x5E,
    0x5F, 0x5F, 0x1D, 0x7F, 0x39, 0x6E, 0x61, 0xB7, 0x1C, 0x91, 0xC0, 0xA8, 0x2F, 0x5E, 0x5F, 0x6D,
    0xD0, 0xC2, 0x53, 0xB5, 0x3A, 0xE7, 0xF1, 0xE7, 0xF2, 0xE7, 0x4F, 0xDD, 0x5B, 0x25, 0x9E, 0x90,
    0x54, 0xDF, 0x9D, 0x8A, 0x5F, 0x4E, 0x9F, 0x1D, 0x40, 0x01, 0x43, 0xCF, 0x73, 0xAD, 0x33, 0x80,
    0x02, 0xD7, 0xA3, 0x5C, 0xEB, 0x50, 0x1D, 0xAF, 0xEE, 0x58, 0x00, 0x25, 0xE5, 0x0A, 0x4D, 0x1C,
    0x89, 0xD8, 0x1D, 0x28, 0x76, 0xBB, 0x9A, 0x38, 0x7E, 0xB9, 0xFE, 0xE9, 0xA9, 0x69, 0xBE, 0x9B,
    0xDB, 0x7E, 0x4B, 0x7F, 0x4D, 0xD7, 0xBC, 0x12, 0x8F, 0x8F, 0xAF, 0x7D, 0xEF, 0x2D, 0xC0, 0x45,
    0x07, 0xE7, 0x09, 0x5E, 0x8C, 0x3E, 0xF1, 0xD1, 0xD6, 0xBF, 0x2C, 0xE4, 0x21, 0xCD, 0x2B, 0x10,
    0x1F, 0x5F, 0x77, 0xDF, 0xC5, 0x13, 0xCE, 0x9E, 0xEF, 0x6E, 0x1C, 0x5F, 0x3C, 0x67, 0xBE, 0xF7,
    0x82, 0x9E, 0xE0, 0xDA, 0xB1, 0xCE, 0x3F, 0xD0, 0x35, 0x09, 0x4C, 0x4A, 0x5C, 0x2A, 0x7A, 0x15,
    0x80, 0x03, 0xA0, 0x58, 0xA1, 0x04, 0x5F, 0xD9, 0xE3, 0x71, 0x89, 0x95, 0xD1, 0x06, 0x77, 0x3C,
    0xD0, 0x2F, 0x1E, 0xB0, 0x95, 0x51, 0xBF, 0x82, 0x65, 0x07, 0x7B, 0x36, 0xCA, 0x08, 0x18, 0xAA,
    0xD3, 0xF1, 0xBE, 0xA7, 0xA2, 0xDD, 0xF7, 0x1E, 0x49, 0x07, 0xC6, 0x94, 0xE0, 0x87, 0x8F, 0xED,
    0x5F, 0x0C, 0xE9, 0xFE, 0x19, 0xD3, 0x68, 0xED, 0x78, 0x76, 0xB7, 0x92, 0x94, 0x07, 0x18, 0x05,
    0xDF, 0x87, 0xCF, 0xC7, 0xC1, 0x72, 0x17, 0x49, 0xB2, 0xBC, 0x2B, 0x65, 0x1A, 0x82, 0x51, 0x2D,
    0x2C, 0x2C, 0xD4, 0xC8, 0x11, 0x6C, 0xC5, 0x72, 0xFD, 0x8D, 0xCC, 0x85, 0xB4, 0xEB, 0x1B, 0xFB,
    0x2F, 0xBA, 0x9C, 0x6C, 0xF6, 0x3B, 0x7B, 0xFD, 0x80, 0xFF, 0x51, 0x96, 0x74, 0x06, 0xF8, 0xBF,
    0xC0, 0xA7, 0xCE, 0x0F, 0x6F, 0x0A, 0xEF, 0x89, 0x50, 0xFB, 0xD6, 0xF2, 0x19, 0xFD, 0x1F, 0xB5,
    0x96, 0x01, 0xC6, 0x2C, 0x49, 0x10, 0x84, 0x3F, 0x12, 0x20, 0xC8, 0xAB, 0x04, 0x03, 0x30, 0xCC,
    0xD5, 0x93, 0x06, 0x18, 0xDE, 0x55, 0xEA, 0x00, 0x4D, 0xEF, 0x3C, 0x76, 0xD7, 0xDA, 0x55, 0x61,
    0xFF, 0x66, 0x3E, 0xA0, 0x84, 0x9A, 0x9C, 0x4A, 0x11, 0x99, 0xDD, 0xB0, 0x48, 0xAC, 0x26, 0x51,
    0x23, 0x13, 0x69, 0x79, 0x11, 0x79, 0x9D, 0x44, 0xAE, 0x8B, 0x80, 0x65, 0x75, 0xA8, 0x50, 0x53,
    0x43, 0xE0, 0xF9, 0x21, 0xBF, 0x0F, 0x33, 0xCC, 0x5E, 0x97, 0xF7, 0x15, 0xBA, 0x6D, 0x22, 0x56,
    0xBA, 0x0F, 0x0C, 0x43, 0xD0, 0x65, 0x59, 0x66, 0xC3, 0x5A, 0x12, 0x81, 0x9A, 0xC7, 0x3B, 0xF7,
    0xAF, 0x97, 0x65, 0xB1, 0x67, 0x8A, 0x9A, 0x54, 0x81, 0x29, 0x92, 0x5E, 0x30, 0xEC, 0x69, 0x0A,
    0xF1, 0x63, 0x0A, 0x06, 0xE7, 0xFF, 0x2D, 0x02, 0xD3, 0xB1, 0xEF, 0x45, 0xAD, 0x02, 0xEA, 0x44,
    0x88, 0x84, 0x79, 0x23, 0xCC, 0xF0, 0x03, 0x6A, 0x44, 0xE5, 0xFA, 0x74, 0xD0, 0x7B, 0x8A, 0xD8,
    0x77, 0x7A, 0x8A, 0x4C, 0xF0, 0x85, 0x50, 0x89, 0x15, 0x5D, 0x7B, 0xF0, 0x84, 0x6F, 0x26, 0xF3,
    0xBE, 0xEF, 0x8A, 0x1A, 0xDC, 0x93, 0x73, 0x47, 0xAA, 0x4F, 0x51, 0xE4, 0xB9, 0x96, 0x72, 0x73,
    0xE8, 0xD0, 0x73, 0xDD, 0x9F, 0x0B, 0x35, 0xB2, 0x95, 0xEE, 0xDF, 0xC8, 0xF5, 0x17, 0x26, 0x77,
    0xD2, 0xAE, 0xEB, 0xA7, 0x35, 0x7B, 0xDD, 0xAF, 0x88, 0x99, 0x42, 0x98, 0x7F, 0x21, 0x84, 0x31,
    0xC3, 0x14, 0xF5, 0xF7, 0x31, 0x51, 0x83, 0x71, 0x0D, 0x01, 0x2B, 0xF5, 0xA7, 0x97, 0x9C, 0x5E,
    0xF3, 0x5C, 0x87, 0x8A, 0xE7, 0xB3, 0x26, 0xA5, 0x80, 0x29, 0x0A, 0xA6, 0x72, 0x97, 0x03, 0x46,
    0x14, 0x81, 0x3C, 0xB9, 0x68, 0x7B, 0x80, 0xFB, 0x39, 0xE4, 0x61, 0x9B, 0x40, 0x48, 0xDF, 0x82,
    0x9C, 0xB2, 0xEC, 0xDD, 0xEC, 0x5F, 0x59, 0x86, 0xFC, 0x32, 0xA6, 0xDF, 0x8F, 0x55, 0x6C, 0xF1,
    0xAB, 0xE6, 0x54, 0xCC, 0x58, 0xF0, 0x7C, 0x40, 0x7A, 0x5D, 0xCA, 0x7B, 0x79, 0x31, 0xEF, 0x0F,
    0x40, 0x0D, 0x00, 0xD4, 0xAF, 0x63, 0xC9, 0xA2, 0x97, 0x4E, 0x59, 0xFA, 0xF5, 0x39, 0xFB, 0x1F,
    0x9F, 0x71, 0x35, 0x16, 0x7F, 0x9D, 0x1F, 0x1F, 0x18, 0x9C, 0x1C, 0x50, 0x23, 0x44, 0x4D, 0x9A,
    0x32, 0x8F, 0xF7, 0x46, 0x8F, 0xC8, 0x35, 0x72, 0xDA, 0xDD, 0x05, 0x13, 0x77, 0xFF, 0xD6, 0x77,
    0x83, 0x91, 0xFD, 0x3E, 0xEA, 0x7F, 0xE4, 0xB8, 0x69, 0x7E, 0xCC, 0xC3, 0x3D, 0xAF, 0xD5, 0x93,
    0xF3, 0xFD, 0x5C, 0x4C, 0xD1, 0x67, 0x48, 0xD8, 0x0D, 0x0C, 0x6A, 0x58, 0x5C, 0xD7, 0x7F, 0xCF,
    0x37, 0xA9, 0xEB, 0x1A, 0xBE, 0x49, 0xA8, 0x59, 0x27, 0x52, 0x8D, 0xCD, 0x6B, 0xB8, 0xC3, 0x75,
    0xD1, 0xB0, 0x0C, 0xE2, 0xBB, 0x0C, 0xB0, 0x5E, 0xD7, 0x75, 0x02, 0x0B, 0x98, 0x5E, 0xFE, 0xCD,
    0x6A, 0x6F, 0xCC, 0x35, 0xF6, 0x6B, 0xBC, 0xDD, 0x6B, 0x05, 0x34, 0x45, 0xCF, 0xFE, 0xFE, 0x6F,
    0x76, 0xBA, 0xFF, 0x64, 0xFB, 0xFB, 0x4B, 0x08, 0x51, 0x1B, 0x1D, 0xE3, 0x5A, 0xF2, 0x4E, 0x17,
    0xA2, 0x27, 0x4F, 0xCA, 0x73, 0x1D, 0x3A, 0xC4, 0x86, 0x1E, 0x59, 0xEC, 0x64, 0xF1, 0xCA, 0x13,
    0x06, 0x7F, 0xD0, 0xD4, 0x56, 0xD5, 0x14, 0x9A, 0xDD, 0x86, 0xF9, 0x03, 0xA5, 0x59, 0xC1, 0xAA,
    0xF5, 0x2C, 0x0C, 0x1C, 0xC8, 0x36, 0xE0, 0xAB, 0x04, 0xDC, 0x16, 0x7C, 0x75, 0xE1, 0x6C, 0xFB,
    0x30, 0xC2, 0xBF, 0x15, 0xFA, 0x37, 0x48, 0xB8, 0x9E, 0xA1, 0x39, 0x5D, 0x7C, 0x33, 0x8B, 0x7B,
    0x2E, 0x33, 0xB1, 0xAD, 0x9A, 0xD4, 0x2A, 0x50, 0x80, 0x01, 0xB4, 0x69, 0x70, 0xB6, 0x61, 0x58,
    0x6C, 0x13, 0x37, 0xD4, 0xD4, 0x80, 0x4C, 0x0F, 0xB8, 0x2E, 0x10, 0xE7, 0x94, 0xC0, 0x01, 0xC7,
    0x28, 0x88, 0x78, 0xE6, 0x0E, 0x19, 0xAA, 0x7B, 0xFB, 0xAA, 0x32, 0x76, 0xBD, 0x0C, 0xD3, 0x9B,
    0xEB, 0x6E, 0xD5, 0x6E, 0x96, 0x6F, 0x7D, 0xA2, 0x7F, 0xB3, 0xEC, 0xF7, 0x9F, 0xE8, 0x1B, 0xE6,
    0x7E, 0x6B, 0x8E, 0xD2, 0x77, 0xB9, 0x75, 0x5B, 0x9C, 0xF6, 0x59, 0xEC, 0x5F, 0xF1, 0xD6, 0x17,
    0x9B, 0xEB, 0x8B, 0x6F, 0xFD, 0x23, 0x7B, 0xFF, 0xD8, 0xE1, 0xD1, 0x15, 0x15, 0x07, 0xAA, 0xB7,
    0x66, 0xA6, 0xB8, 0x11, 0xE3, 0x63, 0x6A, 0xC7, 0xCD, 0xD3, 0xCE, 0xAA, 0x55, 0x8F, 0x9B, 0x4B,
    0x8F, 0x9E, 0x30, 0x31, 0xD1, 0x1B, 0x62, 0x62, 0xFE, 0x74, 0x82, 0x82, 0x1D, 0x26, 0xCC, 0x76,
    0xB9, 0x2F, 0x74, 0xE9, 0x6A, 0x6A, 0xDE, 0x5A, 0x9B, 0xA6, 0x8B, 0xD8, 0xD0, 0x46, 0x8C, 0x7F,
    0xA8, 0x6D, 0x90, 0xAE, 0xCE, 0x44, 0x7F, 0x1D, 0x7F, 0x4C, 0x51, 0xE7, 0x82, 0xC7, 0x5F, 0x57,
    0x97, 0x2E, 0x21, 0xBF, 0xCD, 0x3F, 0xEF, 0x71, 0x3D, 0xF5, 0x94, 0x21, 0xC3, 0xFF, 0xFA, 0xFF,
    0x3C, 0x7F, 0x70, 0xB3, 0x0C, 0x18, 0x14, 0x34, 0x7F, 0xF2, 0xFE, 0x05, 0xD4, 0xA4, 0xE7, 0x7A,
    0x20, 0x1B, 0xBF, 0x80, 0x4C, 0xD1, 0x3F, 0x3A, 0x28, 0x5E, 0x4D, 0x8F, 0x1B, 0xF5, 0xAC, 0x27,
    0xF7, 0x7F, 0xE8, 0x31, 0x3A, 0x41, 0x7E, 0xBE, 0x6F, 0x16, 0xEE, 0x7F, 0x65, 0x26, 0xE3, 0x87,
    0xE0, 0x43, 0xFB, 0xA1, 0x71, 0xFB, 0x58, 0xB3, 0x89, 0xB8, 0xE1, 0x65, 0x7E, 0xF6, 0x32, 0xED,
    0x13, 0x8C, 0x5C, 0xE5, 0xE7, 0x57, 0xF3, 0xB1, 0xF8, 0x9B, 0xA9, 0xA4, 0x13, 0xDB, 0x05, 0x81,
    0x3C, 0xE8, 0x47, 0x39, 0xA1, 0x4E, 0x9A, 0x3F, 0xC4, 0x76, 0xED, 0xFA, 0x47, 0x99, 0xD7, 0x57,
    0xFB, 0x0D, 0x9C, 0xDF, 0x32, 0x1F, 0xC7, 0x4F, 0xED, 0x5C, 0x6C, 0xFA, 0xA5, 0xE3, 0x77, 0x7E,
    0x95, 0x6E, 0x06, 0x85, 0x96, 0x09, 0x75, 0x72, 0x7D, 0xB2, 0x51, 0xD5, 0xD9, 0xB4, 0xEA, 0xA2,
    0x51, 0x7D, 0x5C, 0xAD, 0x96, 0x19, 0xB3, 0x2F, 0xFA, 0x8F, 0x73, 0xE4, 0x76, 0x46, 0x2F, 0x05,
    0x54, 0x86, 0x6E, 0xF7, 0x46, 0xF3, 0x8B, 0xE6, 0x50, 0xB8, 0x5A, 0xE8, 0x69, 0x0D, 0x60, 0xC8,
    0x76, 0x6F, 0x3E, 0x7E, 0x26, 0x78, 0x98, 0x83, 0xAB, 0x15, 0xBE, 0x7E, 0x8C, 0x61, 0x54, 0x80,
    0xC8, 0x7F, 0x8E, 0x8F, 0x0A, 0xF0, 0x18, 0x4F, 0x19, 0x0E, 0x6C, 0x15, 0x20, 0xD1, 0xB9, 0x06,
    0x50, 0xFE, 0xD3, 0xF3, 0x51, 0xFE, 0x13, 0xB8, 0x02, 0xB0, 0xCE, 0x15, 0x80, 0xF5, 0xF2, 0x36,
    0x3E, 0x11, 0x99, 0xC4, 0xD7, 0x71, 0x68, 0x68, 0x87, 0xD6, 0xF1, 0x58, 0x03, 0x60, 0xE0, 0xFE,
    0x4F, 0x6B, 0xC0, 0x0E, 0xCA, 0x61, 0x81, 0x40, 0x71, 0x84, 0xE4, 0xEE, 0x55, 0x03, 0xB8, 0x0A,
    0x50, 0x7C, 0x54, 0x80, 0xBC, 0x7F, 0x38, 0xFF, 0x37, 0x9D, 0x2B, 0x00, 0x21, 0xCB, 0xFF, 0x40,
    0x96, 0xFF, 0x54, 0x03, 0x26, 0xE5, 0x3F, 0x8F, 0x9F, 0x52, 0xFE, 0x53, 0x0D, 0xE0, 0xFC, 0xE1,
    0x1A, 0x50, 0x26, 0xE5, 0x3F, 0xD5, 0x80, 0xC6, 0xF9, 0x9F, 0xD4, 0x80, 0xE8, 0xBF, 0x58, 0x61,
    0xE4, 0xF9, 0xE5, 0x41, 0xB9, 0xEE, 0x30, 0x5C, 0xB0, 0x6D, 0xFE, 0x2C, 0x42, 0x31, 0x7E, 0xAD,
    0x01, 0x19, 0x6B, 0x0D, 0xD8, 0x06, 0xAD, 0xFF, 0x68, 0xFE, 0xF9, 0xDD, 0x72, 0xFE, 0xAE, 0x99,
    0x22, 0xC9, 0xFA, 0x2E, 0x9E, 0x80, 0x75, 0xEA, 0x7A, 0x6F, 0xD7, 0x76, 0x5A, 0x2F, 0x78, 0x58,
    0x03, 0x4E, 0x5E, 0xFF, 0x05, 0x68, 0x05, 0x38, 0x5F, 0xFB, 0x27, 0x30, 0x4A, 0x5E, 0x3F, 0x62,
    0x7C, 0xD2, 0xFA, 0x13, 0xB9, 0x9E, 0xE7, 0x57, 0x40, 0xBF, 0xB0, 0xF2, 0x2B, 0x7B, 0xFF, 0xD5,
    0x53, 0x0D, 0x0C, 0xE4, 0xBA, 0xA0, 0x8D, 0x5F, 0xEF, 0x3F, 0xBD, 0xD9, 0xBA, 0x42, 0x51, 0x86,
    0x3A, 0x78, 0xFD, 0x75, 0xD8, 0xA7, 0xA2, 0xA2, 0xCD, 0x0A, 0xA7, 0x7D, 0x2C, 0x6E, 0x9E, 0x3C,
    0x6D, 0xB2, 0x1E, 0x33, 0x40, 0x4C, 0x4C, 0xB5, 0x1C, 0x5E, 0xFD, 0x9D, 0x20, 0xFC, 0x39, 0x58,
    0x5F, 0x63, 0x57, 0xED, 0xA6, 0xB6, 0xE3, 0x48, 0xE2, 0x2D, 0x1C, 0x0F, 0xF1, 0x65, 0xAE, 0xD5,
    0x0D, 0xBA, 0x0C, 0xBE, 0xFE, 0xEE, 0x11, 0x5B, 0x75, 0x8E, 0xF5, 0x7A, 0x55, 0xA9, 0x62, 0x67,
    0x33, 0x9B, 0x75, 0xA1, 0xEE, 0x7A, 0x78, 0x76, 0xC7, 0xFE, 0x7E, 0xE2, 0xF5, 0xAD, 0xFF, 0x32,
    0xD8, 0xE6, 0xD8, 0xDF, 0x7F, 0xAC, 0x03, 0x54, 0x77, 0xB9, 0x7E, 0xE7, 0x3E, 0x7A, 0xF7, 0xB4,
    0x99, 0xBF, 0x7F, 0xA2, 0x7E, 0x3C, 0xE9, 0x56, 0xCC, 0x1C, 0xDA, 0x9D, 0xC2, 0xA5, 0x75, 0x5B,
    0x63, 0x87, 0x63, 0xE9, 0xC7, 0x21, 0xF2, 0x16, 0x1F, 0x1E, 0x8E, 0xDF, 0xA1, 0x3E, 0xEB, 0x3E,
    0xCE, 0x5A, 0xEB, 0xE1, 0xE3, 0xAC, 0xC6, 0x7D, 0xA0, 0xB9, 0xBE, 0xC6, 0x54, 0x36, 0xAE, 0xFE,
    0x09, 0xB0, 0x27, 0x74, 0xEF, 0x93, 0x22, 0x1D, 0x06, 0xFF, 0x7D, 0x2C, 0x65, 0xB1, 0x6C, 0xF3,
    0x9B, 0x5D, 0xA1, 0xC7, 0x5B, 0xF7, 0x3D, 0x7F, 0xD9, 0x45, 0x3A, 0xAF, 0xEF, 0x51, 0xA2, 0x16,
    0x82, 0x3D, 0xB9, 0x2E, 0x8A, 0x61, 0xA6, 0xA7, 0x88, 0xF4, 0xAD, 0xF5, 0xDE, 0x3A, 0x95, 0x12,
    0xEE, 0xF8, 0x8F, 0x20, 0x47, 0xE9, 0x86, 0xF2, 0x53, 0x87, 0x49, 0x47, 0xAE, 0xC3, 0x46, 0x2F,
    0x78, 0x83, 0x00, 0xD0, 0x0E, 0xB9, 0xA9, 0x5D, 0xFF, 0xEA, 0x22, 0xD0, 0x4F, 0x88, 0x6D, 0xCE,
    0xE5, 0xF9, 0x68, 0x77, 0xFF, 0x1F, 0x3C, 0xB6, 0x1B, 0x3E, 0xBD, 0x47, 0x3D, 0x0F, 0xA1, 0x01,
    0x53, 0xB0, 0x61, 0xFC, 0xD7, 0xD1, 0x7B, 0x77, 0x3F, 0xF2, 0xEF, 0xCB, 0x02, 0x85, 0x21, 0x5F,
    0x7F, 0x86, 0xEE, 0x80, 0xA2, 0x41, 0xB1, 0xD5, 0xD7, 0x83, 0xF3, 0x2F, 0x5C, 0xE1, 0x70, 0x9D,
    0xD6, 0xEE, 0xA7, 0x59, 0x3B, 0x0D, 0x41, 0xE4, 0xEB, 0xC3, 0xF3, 0xB0, 0xEA, 0xCE, 0x68, 0x56,
    0x5F, 0xBF, 0xEF, 0xD9, 0x43, 0xBA, 0x5C, 0x82, 0xC5, 0x36, 0xE2, 0x17, 0x23, 0x3C, 0xE1, 0xE0,
    0x6F, 0x0B, 0xFE, 0x82, 0xC2, 0x00, 0x79, 0xC2, 0x41, 0x7A, 0xB6, 0x7F, 0x20, 0x90, 0xE4, 0xFB,
    0x82, 0xF4, 0x64, 0x7F, 0xA1, 0x97, 0xE4, 0xFB, 0x83, 0xF4, 0x6C, 0xFF, 0xC0, 0x49, 0xF5, 0x8F,
    0xF5, 0xBD, 0x7E, 0xD6, 0x9B, 0xAD, 0x57, 0x73, 0x9A, 0x9A, 0x80, 0x60, 0xE5, 0xCF, 0xC1, 0xBA,
    0x96, 0x66, 0x6A, 0x3E, 0xF3, 0x0B, 0xB4, 0xAB, 0xA9, 0xEA, 0xD2, 0xC9, 0x93, 0xE9, 0xB3, 0x68,
    0x12, 0x4F, 0x1E, 0xD6, 0xF3, 0xFD, 0x8D, 0xC2, 0xFD, 0xBF, 0x3B, 0x58, 0xB7, 0x66, 0xE6, 0x68,
    0xC3, 0x2C, 0x10, 0xDA, 0xEE, 0xD9, 0x1D, 0xBC, 0xB6, 0xE3, 0x1D, 0x3E, 0x08, 0x8E, 0x47, 0xCF,
    0x64, 0x5D, 0xD7, 0xDA, 0x7B, 0xA3, 0x0E, 0xE9, 0x7B, 0x34, 0xBB, 0x48, 0xE7, 0xFA, 0x9B, 0xCE,
    0x1F, 0x53, 0xD2, 0xF3, 0xFD, 0x97, 0xC1, 0x49, 0x46, 0x9E, 0xD0, 0x69, 0x7F, 0x66, 0x73, 0x10,
    0x54, 0x97, 0xE3, 0xC1, 0x43, 0xF1, 0x65, 0xBE, 0xC4, 0x87, 0xA3, 0x67, 0xFB, 0x3B, 0xD9, 0xF8,
    0x87, 0x83, 0xF5, 0xEB, 0x54, 0x42, 0xB9, 0x42, 0x27, 0x0F, 0xE9, 0xE9, 0xFE, 0x50, 0xE1, 0x78,
    0x72, 0x2C, 0x9D, 0xB4, 0xAA, 0xF5, 0x56, 0x45, 0xC5, 0x5B, 0x20, 0xEC, 0x0E, 0xD6, 0xCD, 0x49,
    0x5F, 0x08, 0x20, 0xB0, 0xE3, 0x69, 0xFF, 0xA7, 0xAC, 0x7D, 0x66, 0x95, 0xA8, 0x6E, 0xEC, 0x09,
    0x07, 0xE9, 0x8F, 0xF1, 0x1D, 0x3D, 0x8F, 0x0F, 0x3D, 0xDF, 0x7F, 0x8F, 0x79, 0x51, 0x66, 0xB6,
    0x3F, 0x1B, 0xB3, 0x42, 0x46, 0xBA, 0x7F, 0x43, 0xF5, 0xF1, 0xD8, 0xEB, 0xBB, 0x62, 0xB0, 0x27,
    0x1C, 0xA1, 0xA7, 0xFB, 0xAF, 0xDB, 0xFB, 0x95, 0x3D, 0xAC, 0x73, 0x7D, 0xCA, 0xAE, 0x4F, 0x8E,
    0xD0, 0x93, 0x78, 0xBE, 0x3E, 0xC5, 0x87, 0x9E, 0xCF, 0xCF, 0x83, 0xF3, 0x9B, 0x1C, 0xBB, 0xCE,
    0xFB, 0xCB, 0xC9, 0xF5, 0x37, 0x07, 0xE9, 0x32, 0x78, 0x7C, 0x65, 0x6C, 0x5F, 0x9F, 0xE9, 0xF9,
    0x41, 0x38, 0x92, 0xFD, 0xC5, 0xD8, 0x5B, 0x48, 0xE3, 0xC3, 0x93, 0xC5, 0x07, 0xE4, 0xD2, 0xF5,
    0xF5, 0x7D, 0x45, 0x1D, 0xB7, 0x0B, 0x04, 0x5F, 0x7F, 0xE3, 0x53, 0x96, 0xE3, 0x53, 0xE6, 0x7E,
    0x77, 0xF9, 0xF9, 0x42, 0x78, 0x7E, 0xEF, 0x3F, 0xAE, 0x9A, 0xB4, 0x56, 0x39, 0x51, 0xA7, 0x40,
    0x28, 0x63, 0x77, 0x94, 0x41, 0xCF, 0x9F, 0xC6, 0x87, 0x27, 0x8F, 0xCF, 0xF3, 0x8B, 0x3C, 0x94,
    0x5F, 0xA1, 0xE5, 0xE7, 0x23, 0xE4, 0x49, 0xF7, 0x4F, 0xDB, 0x84, 0xA1, 0x0B, 0x64, 0x40, 0x9D,
    0xF6, 0xB0, 0xFE, 0x2C, 0xE4, 0x89, 0x5E, 0x4D, 0xCF, 0x5F, 0x02, 0xE1, 0x21, 0x47, 0xDC, 0xDB,
    0x5B, 0x7C, 0x78, 0xF2, 0xF8, 0xFC, 0xFC, 0x84, 0x3D, 0xAC, 0xFF, 0xEB, 0xF7, 0x2F, 0xB7, 0xCD,
    0xF1, 0xE4, 0x09, 0x07, 0xE9, 0x4B, 0xDB, 0xCE, 0x07, 0x36, 0x9D, 0x3D, 0x32, 0xBF, 0xF5, 0x32,
    0xDF, 0xCF, 0x67, 0xF2, 0xFD, 0x25, 0xFF, 0xFF, 0x2D, 0xDE, 0x3D, 0x59, 0x7C, 0x29, 0xF6, 0x1A,
    0x1F, 0x9E, 0xEC, 0xFA, 0x6F, 0xE7, 0x3B, 0xEC, 0x09, 0xC7, 0xEF, 0xF3, 0xC9, 0x83, 0x2D, 0xEE,
    0x61, 0x9D, 0xDB, 0x7E, 0x3A, 0xDF, 0x21, 0x4F, 0x53, 0xD6, 0x93, 0xEF, 0x1F, 0xEF, 0x85, 0x4E,
    0x9E, 0x44, 0x4F, 0xCE, 0xC7, 0x14, 0x96, 0xAF, 0x9F, 0x42, 0xE7, 0xF8, 0x36, 0xD5, 0xF2, 0xFD,
    0xF5, 0x70, 0x84, 0xFE, 0x3F, 0xCD, 0x59, 0xC1, 0xAA, 0x23, 0x39, 0x0C, 0x2C, 0xD0, 0xD5, 0xA0,
    0x5F, 0x31, 0xCC, 0xB5, 0x41, 0xBF, 0x2E, 0xD8, 0x6B, 0x20, 0xBF, 0x22, 0xD8, 0xAB, 0x41, 0xEB,
    0xC8, 0xF6, 0xEB, 0xF6, 0xA3, 0x9B, 0xC9, 0xEE, 0x5B, 0x67, 0x5A, 0x1E, 0x15, 0x43, 0xEC, 0x96,
    0x55, 0x85, 0x5F, 0xC5, 0x49, 0x40, 0x0E, 0x34, 0x60, 0xD7, 0x01, 0xCF, 0x0A, 0xF2, 0xB4, 0x23,
    0x38, 0x95, 0x03, 0x50, 0x81, 0x1F, 0x80, 0xDD, 0x5D, 0x77, 0x10, 0x05, 0xDB, 0x0E, 0x0E, 0x50,
    0x09, 0x40, 0x8B, 0x72, 0x04, 0x72, 0x03, 0xBB, 0x43, 0xE2, 0x41, 0x51, 0x87, 0x28, 0x5E, 0x29,
    0x51, 0x4D, 0xC5, 0x45, 0x3D, 0x5E, 0xEF, 0x59, 0x47, 0x6C, 0x12, 0xBB, 0x89, 0x45, 0x45, 0xD6,
    0xAF, 0xCC, 0x48, 0x48, 0x15, 0x49, 0x53, 0x4E, 0x39, 0x57, 0x90, 0x52, 0x31, 0x06, 0x5A, 0x28,
    0x32, 0x72, 0x45, 0xB0, 0xE5, 0x84, 0xC4, 0x6D, 0x7E, 0xE3, 0x07, 0xBE, 0x8A, 0x41, 0x30, 0xA0,
    0x00, 0x87, 0xBE, 0xE9, 0x09, 0x80, 0x49, 0x81, 0x0D, 0x86, 0x88, 0x0F, 0x6B, 0x18, 0xA2, 0x59,
    0x4B, 0xD6, 0xBD, 0xE5, 0xCD, 0x00, 0xDB, 0x40, 0xCA, 0x00, 0x7E, 0xAE, 0x6B, 0xAB, 0x4D, 0x16,
    0x70, 0x47, 0x1D, 0x0A, 0x00, 0x89, 0x5C, 0xAB, 0x43, 0x46, 0xA2, 0x9C, 0xF4, 0x57, 0xCD, 0xA4,
    0xB9, 0x86, 0x58, 0xEE, 0x01, 0x00, 0x48, 0x20, 0x3C, 0x28, 0xA7, 0x74, 0x71, 0x9E, 0xC8, 0x36,
    0x80, 0xBD, 0x00, 0xE2, 0x06, 0x6C, 0xAC, 0xF7, 0xD2, 0x51, 0x48, 0xE1, 0xAE, 0xE4, 0x0E, 0xD2,
    0xB2, 0x4E, 0xC7, 0x9B, 0xD0, 0x3D, 0xB1, 0xA0, 0x35, 0x74, 0x67, 0x5B, 0xBA, 0xB6, 0x15, 0xA6,
    0x41, 0x9A, 0xBC, 0x4D, 0xDC, 0xC6, 0x56, 0x6C, 0x03, 0xE2, 0xE0, 0xC6, 0x6B, 0x8B, 0x6D, 0xE5,
    0x26, 0x3A, 0xCC, 0xB6, 0xB2, 0x4C, 0x07, 0x02, 0xF4, 0x99, 0xC4, 0x08, 0x17, 0xB6, 0xA2, 0x50,
    0x42, 0xCE, 0xAC, 0xEF, 0xDB, 0xCA, 0xAD, 0x74, 0x9C, 0x6D, 0x65, 0x99, 0x8E, 0x77, 0xA1, 0x7B,
    0x66, 0x2B, 0x33, 0xDD, 0x25, 0xB6, 0xE2, 0xEE, 0xE5, 0x2B, 0x01, 0x9C, 0xE6, 0x1B, 0x6B, 0x22,
    0x0F, 0xF1, 0x7D, 0x1F, 0xB8, 0x81, 0xDC, 0xC1, 0xBD, 0x6F, 0x09, 0xF6, 0x35, 0xDD, 0xF7, 0xEC,
    0x75, 0x24, 0xE4, 0x91, 0xE0, 0x53, 0x33, 0x9E, 0xFD, 0x5E, 0x8F, 0xFA, 0x01, 0x97, 0x92, 0xF1,
    0x1A, 0x62, 0x19, 0x6D, 0x48, 0xC8, 0x37, 0xE6, 0x81, 0x76, 0xFC, 0x73, 0xEA, 0x2B, 0x13, 0x47,
    0xB1, 0xB3, 0xE3, 0xB5, 0x4A, 0x8B, 0xB3, 0xBD, 0x7E, 0xAA, 0xC7, 0x1B, 0xB7, 0xB8, 0xA5, 0x9C,
    0xDE, 0xDC, 0xFF, 0xE7, 0x3C, 0x27, 0x3B, 0xFD, 0x3C, 0xCF, 0x69, 0xFF, 0x95, 0x3C, 0x33, 0xA5,
    0xF4, 0xC8, 0xF9, 0xEA, 0x3C, 0xC7, 0x2D, 0x32, 0x25, 0xCB, 0xF9, 0xFD, 0xF3, 0xFC, 0x51, 0x9D,
    0xE6, 0xFD, 0x57, 0xE9, 0xF4, 0x59, 0x4E, 0xB3, 0xE7, 0xAC, 0xE1, 0x33, 0xEF, 0xF1, 0xF5, 0xD9,
    0x92, 0x0B, 0x74, 0x1E, 0x5C, 0x80, 0xD9, 0xD9, 0xE8, 0x64, 0xDE, 0x4F, 0x03, 0x22, 0xD2, 0x18,
    0x9D, 0xCD, 0x80, 0xDD, 0x62, 0x06, 0xE4, 0xD1, 0x1A, 0xDC, 0xC4, 0xC0, 0x45, 0x14, 0xD4, 0x20,
    0x28, 0xBC, 0x01, 0xFB, 0x13, 0x51, 0x20, 0x4A, 0x45, 0xD1, 0x28, 0x1F, 0x1B, 0xF5, 0x90, 0x09,
    0xA4, 0x80, 0x9A, 0x2A, 0x26, 0xF6, 0xDA, 0x38, 0xB6, 0xF4, 0xB3, 0x7C, 0xCD, 0x89, 0xBD, 0x6A,
    0x47, 0x69, 0x85, 0x0C, 0x61, 0x6C, 0xE4, 0xD0, 0x28, 0xFE, 0x52, 0xE6, 0xC1, 0xF6, 0x5D, 0x45,
    0xB6, 0xD3, 0x79, 0xC3, 0x7C, 0xED, 0x9E, 0xFA, 0xFE, 0x5B, 0x01, 0x52, 0x03, 0x18, 0x1B, 0x22,
    0x3E, 0xAD, 0xA1, 0x00, 0x28, 0x2D, 0xE9, 0xD0, 0x32, 0x6F, 0xC0, 0xC6, 0x80, 0x91, 0x02, 0x3F,
    0xD7, 0xB5, 0xD7, 0x2E, 0x0D, 0x6E, 0xA8, 0x43, 0x73, 0xE5, 0xC8, 0xA5, 0x3A, 0x74, 0x77, 0xBE,
    0x3C, 0x4F, 0x93, 0x3B, 0x9F, 0xCC, 0xA3, 0x30, 0x40, 0xAD, 0xED, 0x52, 0x81, 0xEC, 0x5E, 0x3A,
    0xB2, 0x1A, 0xC4, 0x0D, 0xEE, 0x0A, 0x93, 0x75, 0x3A, 0xDE, 0x82, 0xEE, 0xB9, 0x05, 0x2D, 0xA1,
    0x3B, 0xDB, 0x52, 0x07, 0xB0, 0xEE, 0x28, 0x43, 0x00, 0x05, 0xBB, 0x71, 0x74, 0x29, 0xA1, 0x82,
    0x21, 0x7A, 0x47, 0xD0, 0x40, 0x30, 0xEA, 0x18, 0x3C, 0xDF, 0xC7, 0xE9, 0xD9, 0xA8, 0xD6, 0x2B,
    0x37, 0x59, 0x9A, 0x2E, 0x43, 0x18, 0x99, 0xFE, 0xE0, 0xC9, 0x86, 0x07, 0x4A, 0x11, 0x50, 0x6B,
    0x2A, 0x7A, 0x8A, 0x96, 0x5A, 0x2F, 0x7E, 0x0D, 0xB1, 0x24, 0x16, 0xC7, 0x63, 0x21, 0x4C, 0x28,
    0xD3, 0x95, 0x40, 0xE9, 0x78, 0x43, 0x29, 0xA4, 0xF5, 0x12, 0xB0, 0x52, 0x0A, 0x02, 0x14, 0x0F,
    0x22, 0xFE, 0x2B, 0x6F, 0x79, 0x0A, 0xD6, 0xE9, 0xCD, 0x2A, 0x61, 0x5E, 0x33, 0xE6, 0xC9, 0x36,
    0x74, 0x63, 0x81, 0x44, 0xEB, 0x1B, 0xEB, 0xBD, 0xA4, 0xA4, 0x78, 0x41, 0x9B, 0x05, 0x92, 0x96,
    0x45, 0x52, 0xDE, 0x87, 0xF2, 0xE4, 0x31, 0x13, 0x62, 0x21, 0x77, 0x80, 0xEC, 0x08, 0x0E, 0x88,
    0xFE, 0xEF, 0xA0, 0x70, 0x15, 0x23, 0x87, 0x78, 0xBB, 0xF9, 0x16, 0xC0, 0x5D, 0x2F, 0x3A, 0x60,
    0xFB, 0x57, 0xA9, 0x12, 0x77, 0x66, 0xA9, 0xC9, 0xCE, 0x76, 0xF5, 0xB9, 0x3F, 0xA7, 0xDF, 0xDF,
    0xEC, 0xC6, 0xCC, 0xFC, 0xEB, 0x8C, 0xCC, 0xBE, 0x13, 0x6D, 0xB6, 0xE0, 0xE0, 0xF7, 0x0C, 0xF4,
    0xA6, 0xDD, 0x1A, 0x8C, 0x7F, 0xA1, 0x60, 0x93, 0xB0, 0x6B, 0x38, 0x44, 0x2C, 0x93, 0x8A, 0xAC,
    0xFD, 0xFF, 0x0E, 0x76, 0xAD, 0x60, 0xF8, 0x0F, 0xA0, 0x52, 0x21, 0xCE, 0xD9, 0x0B, 0x9A, 0xB2,
    0x32, 0xC4, 0x0D, 0xBC, 0xA3, 0x14, 0x65, 0x7E, 0x9B, 0x5E, 0x26, 0xC5, 0xB0, 0xE0, 0xFC, 0xEB,
    0xB7, 0x16, 0x3C, 0xAF, 0x31, 0xCE, 0x5D, 0x2F, 0xEB, 0xE6, 0x3B, 0x5A, 0x37, 0xB9, 0x93, 0x94,
    0x27, 0x17, 0xD0, 0x45, 0x52, 0xDE, 0x86, 0xF2, 0xE4, 0x88, 0x13, 0x02, 0xEB, 0xB8, 0x07, 0xFB,
    0x09, 0xAE, 0x7E, 0xAF, 0x88, 0xCE, 0x65, 0x14, 0x52, 0x2E, 0xE4, 0x08, 0x20, 0xE7, 0xD2, 0x00,
    0x51, 0xD4, 0xA5, 0x82, 0x88, 0x02, 0xE2, 0x15, 0xD8, 0xD1, 0x81, 0xCA, 0xDB, 0x70, 0xF6, 0x3D,
    0xDA, 0xE4, 0xCD, 0xA2, 0xFB, 0x38, 0x3A, 0x32, 0x95, 0x02, 0x78, 0x4F, 0xB1, 0x96, 0x61, 0x1E,
    0xDA, 0xD2, 0x11, 0xC9, 0x35, 0x25, 0x96, 0x7C, 0x9C, 0x59, 0x8B, 0xB2, 0xC3, 0x3A, 0x66, 0x11,
    0x65, 0xCF, 0xF1, 0x6D, 0x4D, 0xA6, 0x4C, 0xA9, 0x06, 0x65, 0xE8, 0x18, 0xD7, 0xEF, 0x46, 0x69,
    0xA3, 0x07, 0x12, 0x12, 0x5B, 0xF3, 0x0D, 0x71, 0xEB, 0x47, 0xD6, 0xE4, 0x0F, 0x1D, 0x0E, 0xEE,
    0x5F, 0x62, 0x15, 0x30, 0xD9, 0xD2, 0xC3, 0xF1, 0x0F, 0xB5, 0x97, 0xD1, 0xAA, 0xEC, 0xA0, 0x0E,
    0x86, 0x7F, 0xC8, 0x6D, 0x20, 0xAF, 0x12, 0xF0, 0x56, 0xF0, 0xD5, 0x03, 0xDE, 0x0A, 0xF3, 0x2A,
    0x81, 0xB9, 0x15, 0x3C, 0xB1, 0xE3, 0xDE, 0xED, 0x3E, 0xD3, 0x76, 0xAD, 0x1E, 0x38, 0x5F, 0x96,
    0xFE, 0xC6, 0xF4, 0x57, 0x57, 0x99, 0xA1, 0x1D, 0x1C, 0x68, 0x41, 0x08, 0xD5, 0xAE, 0x0A, 0xD6,
    0x64, 0x9A, 0x14, 0x96, 0x52, 0x45, 0x76, 0xEA, 0x91, 0xCF, 0x22, 0xA3, 0xD6, 0x06, 0xA3, 0xAC,
    0xB5, 0xB2, 0x1A, 0xB1, 0xD0, 0x9C, 0x4F, 0xC1, 0xCF, 0xFE, 0x89, 0x92, 0x41, 0x01, 0x0E, 0xE5,
    0x50, 0xB2, 0x2F, 0xFF, 0xCC, 0xA7, 0x7A, 0x61, 0x56, 0x7D, 0x95, 0xD0, 0xA6, 0x89, 0x65, 0x68,
    0xE3, 0xBD, 0xBE, 0xEB, 0x95, 0x7F, 0x30, 0xB3, 0x36, 0x29, 0xA1, 0x2D, 0x31, 0x8B, 0xBF, 0xEE,
    0xFD, 0xE3, 0x19, 0xF6, 0x5B, 0x5D, 0xDB, 0xE8, 0x79, 0xE0, 0x86, 0x31, 0x66, 0x93, 0xEC, 0x63,
    0x31, 0x87, 0xBB, 0x78, 0x16, 0x41, 0xCE, 0x70, 0x27, 0x1B, 0xD4, 0x4F, 0xFF, 0x8E, 0x17, 0xDC,
    0x4F, 0x46, 0x9A, 0xE1, 0x51, 0x42, 0x31, 0x9C, 0x36, 0x31, 0x8C, 0xD7, 0xF0, 0x31, 0x3E, 0x6D,
    0xCE, 0xFD, 0xBF, 0xDB, 0x9F, 0xBD, 0x46, 0x99, 0xFB, 0xE1, 0xE6, 0x5A, 0x60, 0x94, 0xDF, 0x9D,
    0x4D, 0xBC, 0xF4, 0xB1, 0x28, 0x5D, 0x1C, 0x07, 0x18, 0x02, 0x31, 0xF1, 0x68, 0x60, 0xDC, 0x43,
    0x46, 0x86, 0x1B, 0x24, 0x4B, 0x9E, 0x3A, 0x50, 0x4C, 0xFC, 0xBB, 0xFF, 0x69, 0xC5, 0x7F, 0x3E,
    0xCF, 0x1C, 0xCA, 0x07, 0x15, 0x27, 0x9B, 0xF2, 0x7A, 0xBF, 0x9D, 0x89, 0x45, 0xDE, 0x6F, 0x6B,
    0x84, 0x22, 0xEF, 0xF3, 0xEF, 0x83, 0x58, 0xF8, 0x74, 0xEA, 0xBE, 0xCE, 0x13, 0x7F, 0xA8, 0x4B,
    0xED, 0xCA, 0x69, 0x69, 0xA5, 0xD1, 0x52, 0x7F, 0xF6, 0x7D, 0xA4, 0xAE, 0x8D, 0x36, 0x4D, 0x4C,
    0xE4, 0xAF, 0xF7, 0x33, 0xFF, 0xDC, 0xB7, 0xA5, 0xF0, 0xA7, 0x3F, 0xE7, 0xC0, 0x13, 0xBF, 0x8B,
    0x79, 0xF8, 0x24, 0x7C, 0xAC, 0x5C, 0x65, 0x34, 0xF5, 0x67, 0xE7, 0x87, 0x6B, 0x23, 0x19, 0x4C,
    0x9C, 0x98, 0xC4, 0x5F, 0x7E, 0xEB, 0xC7, 0x0F, 0x48, 0x47, 0x9E, 0x5A, 0x06, 0x7C, 0x6A, 0x17,
    0xDB, 0xD4, 0xA9, 0xDA, 0x51, 0xBB, 0xBC, 0xF0, 0xB9, 0x4E, 0x96, 0x2F, 0xE3, 0xC3, 0x1F, 0xF5,
    0xA3, 0x7E, 0x9F, 0x48, 0xB0, 0x94, 0x46, 0x98, 0x81, 0x2C, 0xC3, 0xCA, 0x08, 0x2D, 0xE4, 0x5D,
    0x0C, 0x9E, 0xE1, 0x4E, 0x7F, 0x95, 0x6C, 0x9B, 0x0F, 0xFD, 0x5C, 0x27, 0x58, 0xBE, 0x85, 0xA2,
    0x45, 0xA8, 0x0B, 0x1C, 0xDC, 0x52, 0xC0, 0x0D, 0x47, 0xE6, 0x1A, 0x60, 0x5C, 0x21, 0x92, 0xB3,
    0xAA, 0xD9, 0x65, 0x7D, 0x94, 0x9E, 0xB4, 0x5D, 0xD7, 0x41, 0x06, 0x83, 0xE2, 0x02, 0xF7, 0x9C,
    0x99, 0x89, 0x70, 0xC1, 0xF0, 0xD2, 0xB9, 0x51, 0xC2, 0xAF, 0x21, 0xB0, 0xA9, 0xC2, 0xC8, 0xC4,
    0x06, 0x3A, 0x3C, 0xDA, 0x80, 0x44, 0x0E, 0xB3, 0x2D, 0x2B, 0x26, 0x5B, 0xB5, 0xD8, 0xAC, 0x1A,
    0x76, 0xB4, 0x32, 0x93, 0x6A, 0x25, 0x65, 0xD6, 0x8A, 0xFF, 0x82, 0xF5, 0x18, 0x9F, 0x1C, 0x07,
    0xC4, 0xB5, 0x69, 0x43, 0x83, 0xC3, 0x22, 0xB0, 0x7A, 0x94, 0x8E, 0xFF, 0x19, 0x65, 0x71, 0x71,
    0x65, 0x3C, 0x85, 0xA1, 0xB0, 0x75, 0x2F, 0x8E, 0x18, 0x39, 0x0C, 0x60, 0x2E, 0x85, 0x19, 0xA7,
    0xCC, 0x1D, 0xF1, 0x2F, 0x1D, 0x20, 0x8F, 0x66, 0x80, 0xCC, 0x06, 0xA0, 0x44, 0xCB, 0x9F, 0x12,
    0x66, 0xC9, 0x6F, 0x4B, 0xF4, 0x5D, 0xDA, 0xD7, 0xB6, 0x15, 0xFB, 0x68, 0x8E, 0x17, 0x05, 0xB4,
    0x22, 0x46, 0xFB, 0x78, 0xB7, 0x77, 0x0A, 0x98, 0xDD, 0x6D, 0x03, 0xC1, 0xD6, 0x2F, 0x0A, 0xA3,
    0xA1, 0x11, 0x67, 0xD6, 0x2D, 0x10, 0x1C, 0xEF, 0x67, 0xF2, 0x6D, 0x5E, 0x93, 0x25, 0xCC, 0x08,
    0x56, 0x7F, 0xA4, 0x74, 0xF0, 0x0A, 0xFD, 0x1B, 0x8B, 0xE1, 0xA9, 0x6F, 0xE1, 0x09, 0x7B, 0xEC,
    0x50, 0x97, 0x36, 0x83, 0x3A, 0x4E, 0x29, 0x96, 0x7C, 0x46, 0x31, 0xDC, 0x61, 0x5A, 0xB9, 0x91,
    0x73, 0xD3, 0x0A, 0xBB, 0x7E, 0x1A, 0xC5, 0x08, 0x84, 0xFD, 0x0A, 0xF1, 0xF5, 0x5F, 0x07, 0x73,
    0x24, 0x7E, 0xB9, 0xE6, 0xC5, 0x1E, 0x99, 0x33, 0x43, 0x61, 0xD8, 0x56, 0x66, 0x68, 0xD6, 0x8C,
    0x53, 0x0A, 0x59, 0xC7, 0xAF, 0x38, 0x7E, 0xA6, 0x2B, 0x27, 0x15, 0x1B, 0x5D, 0x2C, 0x69, 0x65,
    0x9C, 0x93, 0x91, 0x57, 0xB7, 0xE4, 0x1B, 0x09, 0x72, 0xA0, 0x81, 0x05, 0x78, 0xC0, 0xE7, 0xFE,
    0x4D, 0xF7, 0xF9, 0xBB, 0xC2, 0x5E, 0x59, 0xE3, 0x2F, 0xEF, 0x55, 0xBE, 0x67, 0xBB, 0xEF, 0x7B,
    0x87, 0xA4, 0x84, 0xE2, 0x14, 0x7A, 0x71, 0xB6, 0x2F, 0xDD, 0xA1, 0x8B, 0xFE, 0x27, 0x8E, 0xCF,
    0xCC, 0xA3, 0x36, 0x86, 0x31, 0xA3, 0x46, 0xD5, 0x24, 0x5B, 0x6D, 0x5C, 0xEE, 0x9F, 0xB9, 0xBE,
    0xED, 0x48, 0x15, 0x66, 0x04, 0xAB, 0x95, 0xA0, 0x44, 0x48, 0x53, 0xCB, 0x7B, 0xEA, 0xCA, 0x61,
    0x96, 0xA3, 0x7E, 0xF6, 0xCC, 0xFE, 0x52, 0xE5, 0xFD, 0x37, 0xC7, 0x54, 0xE5, 0xFB, 0x67, 0xFE,
    0xBD, 0xCE, 0x8E, 0x6C, 0x0E, 0x42, 0xEB, 0x9D, 0x9F, 0x42, 0x69, 0xE9, 0xE8, 0xFF, 0xE6, 0xF4,
    0xFD, 0xCE, 0x50, 0xC6, 0xE8, 0x99, 0xBC, 0x97, 0xF7, 0x2B, 0x67, 0x8A, 0x36, 0xA6, 0x46, 0x3E,
    0xC6, 0xA7, 0x89, 0xCD, 0xB9, 0x9E, 0xA7, 0xBE, 0x47, 0x9E, 0xF9, 0x9C, 0x3F, 0xBB, 0xFF, 0x4D,
    0xAA, 0x33, 0x6B, 0x6D, 0x62, 0xC6, 0x6C, 0xF5, 0xD5, 0xD2, 0xA3, 0x77, 0x9E, 0x57, 0x25, 0xE7,
    0x84, 0xFA, 0xAA, 0x30, 0xAE, 0xA8, 0x2D, 0xBD, 0x1F, 0xFA, 0xDF, 0xCE, 0x3C, 0xFD, 0x66, 0x0C,
    0xAD, 0xF3, 0x3C, 0x0F, 0xDF, 0xF9, 0x5C, 0x9B, 0xD6, 0xC1, 0x6A, 0xCA, 0x5A, 0xFD, 0x89, 0xBF,
    0xF8, 0xE1, 0x3E, 0xAF, 0x7C, 0xA6, 0xBD, 0xD4, 0x06, 0x03, 0x79, 0x21, 0x63, 0x98, 0xF8, 0xB8,
    0x7E, 0x67, 0x56, 0x9D, 0xBE, 0x8F, 0xAA, 0x3E, 0xF4, 0xF7, 0xD0, 0x39, 0xB2, 0xA9, 0x2B, 0x0F,
    0xA9, 0x23, 0x7B, 0x82, 0x95, 0x77, 0x2F, 0xA1, 0xA4, 0x09, 0xE3, 0xD4, 0x4F, 0x4E, 0xC6, 0x3C,
    0x7D, 0x1F, 0x65, 0x7E, 0xE4, 0x67, 0x2E, 0xF4, 0x62, 0x33, 0x6E, 0xA3, 0xB6, 0x1C, 0xCA, 0x56,
    0x37, 0xBF, 0x97, 0xDA, 0xD8, 0xB6, 0x7A, 0x5B, 0xE7, 0xBF, 0xF7, 0xDB, 0xF2, 0x17, 0xFA, 0xC9,
    0xFF, 0x1F, 0xDD, 0x93, 0x81, 0xA6, 0xAC, 0x31, 0x0C, 0x84, 0x87, 0x00, 0x94, 0xBC, 0xCA, 0xB0,
    0x00, 0x25, 0xAF, 0x3E, 0x9C, 0x07, 0xD8, 0x57, 0x09, 0x07, 0xA0, 0xF4, 0x36, 0xBA, 0x0E, 0xF6,
    0xEF, 0xBF, 0xDC, 0xC3, 0x85, 0xFB, 0x4D, 0x9B, 0x3F, 0x32, 0x0D, 0x2B, 0xB2, 0x28, 0x60, 0x6A,
    0x64, 0x2B, 0x35, 0x9A, 0x70, 0xC1, 0x00, 0xF8, 0x8A, 0xA5, 0x48, 0xBC, 0x11, 0x73, 0x8E, 0x6E,
    0x39, 0xE2, 0xFB, 0xD9, 0xBB, 0xAD, 0x3B, 0xEB, 0x9B, 0xA3, 0xEA, 0xDB, 0x53, 0x8F, 0xEF, 0xD9,
    0xE3, 0xB9, 0xBE, 0xF1, 0x1C, 0x11, 0xEA, 0x55, 0xFF, 0x8B, 0xFE, 0xB1, 0xFB, 0x73, 0xF5, 0xCF,
    0x75, 0x35, 0x7E, 0xFA, 0x37, 0x69, 0x6C, 0x24, 0x63, 0x80, 0x4B, 0x17, 0x22, 0xAB, 0x1C, 0x2A,
    0x77, 0xC5, 0x0B, 0xA6, 0x86, 0xF2, 0xB9, 0x70, 0x9D, 0xFA, 0x41, 0x08, 0x32, 0x94, 0xAE, 0xF8,
    0xEE, 0x7C, 0xC5, 0x5B, 0x3F, 0x41, 0xC8, 0x71, 0x62, 0x4F, 0xB6, 0xE2, 0x3D, 0x91, 0xF8, 0xE8,
    0xDE, 0xBE, 0xE1, 0xFE, 0xE5, 0x5B, 0xD0, 0xFB, 0x84, 0xDA, 0xAE, 0xBE, 0x64, 0x68, 0x38, 0xF1,
    0x50, 0xE7, 0x06, 0x67, 0xCE, 0x9B, 0x94, 0x96, 0x9E, 0x73, 0xC9, 0xDE, 0xE4, 0x03, 0x31, 0x31,
    0x43, 0xC3, 0x5F, 0x07, 0x21, 0x4C, 0x58, 0xA2, 0x52, 0x60, 0x4E, 0xAD, 0xE3, 0x63, 0x25, 0x18,
    0xF5, 0x4C, 0x59, 0x47, 0x36, 0x60, 0x53, 0xA8, 0xBC, 0x8A, 0xCB, 0xF5, 0x81, 0xCD, 0xFF, 0xB4,
    0x11, 0xFF, 0x74, 0x27, 0x7E, 0xBF, 0x11, 0xDA, 0xBA, 0xE4, 0x07, 0x5C, 0xA0, 0x27, 0xD7, 0xBD,
    0xF3, 0xC9, 0x48, 0xE2, 0x93, 0x7F, 0x37, 0xBF, 0x82, 0x6C, 0x32, 0x34, 0x91, 0x38, 0x12, 0x02,
    0x23, 0xCF, 0xFD, 0x04, 0x3F, 0x6E, 0x74, 0x2B, 0xB1, 0xC9, 0xD1, 0xD4, 0x0E, 0xBE, 0xC3, 0x7E,
    0x14, 0x89, 0x23, 0xD1, 0xF9, 0xB5, 0x85, 0x5F, 0xFD, 0xA3, 0xCA, 0xEF, 0x7C, 0x88, 0x20, 0x4E,
    0x78, 0x12, 0x2E, 0x30, 0x74, 0xBF, 0x3B, 0x25, 0x24, 0x6E, 0x51, 0xFB, 0x6A, 0x0F, 0x36, 0x01,
    0x1F, 0x67, 0x8C, 0x3B, 0x3C, 0x21, 0x5B, 0xF1, 0x0F, 0xA5, 0x53, 0x4B, 0x8A, 0xC5, 0x38, 0x0C,
    0x2C, 0xF0, 0x56, 0xE0, 0xAB, 0x08, 0xBC, 0x35, 0xF8, 0xEA, 0x82, 0xDE, 0x06, 0xFA, 0x2A, 0x82,
    0xB7, 0x15, 0xD4, 0xC8, 0x71, 0x3C, 0x2F, 0xA4, 0xE7, 0xF7, 0x7A, 0xAA, 0xA8, 0x92, 0x25, 0x7F,
    0x51, 0x08, 0x2E, 0x54, 0x57, 0x28, 0x5A, 0x34, 0xB4, 0x1C, 0x17, 0x24, 0x03, 0x77, 0x1C, 0x35,
    0xF4, 0x68, 0xDA, 0xB4, 0x5B, 0xB7, 0x21, 0xCD, 0x0B, 0xEE, 0x28, 0x2E, 0xA2, 0xA2, 0x68, 0xBD,
    0xD9, 0x79, 0x86, 0x14, 0xC7, 0x0D, 0x95, 0x82, 0xC9, 0x1A, 0xD3, 0xE9, 0xD3, 0xEF, 0x40, 0xCC,
    0x3B, 0x47, 0x2C, 0x15, 0xD4, 0xE8, 0xFB, 0x82, 0x7E, 0x73, 0x07, 0x38, 0x82, 0x04, 0x27, 0xEC,
    0x74, 0xCF, 0xE8, 0xC3, 0x89, 0x61, 0xF5, 0x23, 0xE7, 0xD3, 0xCB, 0x74, 0x14, 0x03, 0x70, 0x79,
    0x9D, 0x46, 0x60, 0x18, 0x6D, 0xDB, 0x2D, 0xF5, 0x69, 0x31, 0x6D, 0x90, 0x69, 0x96, 0xA3, 0xEA,
    0xDB, 0x4A, 0xA4, 0x25, 0x8C, 0x60, 0x4D, 0x2B, 0xDC, 0x86, 0xB7, 0x8D, 0x6D, 0x3B, 0xC5, 0x85,
    0x6E, 0xCD, 0x1A, 0x9B, 0x77, 0xD7, 0x43, 0xBF, 0x4E, 0x06, 0x6E, 0x18, 0x50, 0xD3, 0x6F, 0xF5,
    0xA1, 0x4D, 0x9B, 0xBC, 0xE7, 0x89, 0x1A, 0x18, 0xF6, 0x0E, 0xFE, 0x0E, 0xC3, 0xB2, 0x48, 0xBC,
    0x03, 0x91, 0x3C, 0x61, 0xD5, 0xC7, 0x28, 0x81, 0xEA, 0x51, 0xBF, 0x1E, 0x61, 0x2F, 0x29, 0x11,
    0xF5, 0xDB, 0x51, 0x08, 0x8C, 0x1D, 0xAE, 0xF6, 0x3C, 0x43, 0x8A, 0x78, 0x86, 0x1B, 0x28, 0x76,
    0xFC, 0x09, 0xC9, 0x43, 0xDF, 0x10, 0x10, 0x52, 0x0F, 0xED, 0x2A, 0x17, 0x7B, 0x3D, 0x80, 0x11,
    0x00, 0x1D, 0x95, 0xC4, 0x48, 0xD1, 0x58, 0x08, 0x29, 0x71, 0x0A, 0x35, 0x35, 0x48, 0xE7, 0x8B,
    0x5E, 0x1D, 0x28, 0x7E, 0xE6, 0x46, 0xF2, 0x9C, 0x2B, 0x5B, 0x84, 0x80, 0xD6, 0x41, 0x06, 0x46,
    0xAA, 0x30, 0xAE, 0xDE, 0x17, 0x82, 0x58, 0x8D, 0xF1, 0x34, 0xDA, 0x65, 0x85, 0x00, 0xB3, 0x8E,
    0xC8, 0x3A, 0x78, 0x5A, 0xC2, 0xC9, 0x00, 0xF2, 0x3E, 0xEC, 0xC5, 0xC3, 0x2F, 0x5B, 0xA7, 0x14,
    0x6E, 0xBB, 0x3E, 0xAD, 0x9F, 0x86, 0x0B, 0x83, 0xB0, 0x64, 0xD4, 0xA5, 0xC5, 0xE7, 0xF7, 0x5D,
    0x0C, 0x7D, 0x25, 0x63, 0x28, 0x26, 0x2F, 0x54, 0xD3, 0x13, 0x62, 0xC5, 0x9A, 0x76, 0xED, 0xA2,
    0x02, 0x5D, 0x67, 0x0C, 0x57, 0x21, 0x97, 0x72, 0x8C, 0xCD, 0x8D, 0x92, 0xAC, 0xDE, 0x24, 0x89,
    0x64, 0x3F, 0x47, 0xD9, 0xE5, 0x59, 0xDF, 0x28, 0x36, 0x5B, 0xBF, 0x4F, 0x59, 0xC4, 0x0D, 0xD5,
    0x33, 0x4F, 0x92, 0x15, 0xA4, 0x42, 0xA5, 0xFA, 0xDF, 0x9C, 0x9F, 0x9C, 0xE3, 0xEA, 0xF7, 0xF3,
    0xC5, 0x26, 0x47, 0xA4, 0x2F, 0x7E, 0x49, 0x7F, 0x9E, 0xAF, 0x22, 0x28, 0x06, 0x6D, 0x72, 0x24,
    0xE8, 0x87, 0x1D, 0x86, 0x1B, 0x18, 0x53, 0x05, 0x9B, 0x3F, 0x40, 0x5E, 0x7F, 0xB2, 0xAE, 0xF1,
    0x8C, 0x30, 0x60, 0x0F, 0x05, 0x58, 0xDB, 0xD6, 0x9A, 0x37, 0x64, 0xD2, 0x2A, 0x3A, 0x8E, 0xE9,
    0x72, 0x88, 0x68, 0x35, 0xDC, 0xA0, 0x38, 0x40, 0xCF, 0xB2, 0x34, 0x0D, 0x53, 0xE8, 0x63, 0xFE,
    0xD6, 0x09, 0x6B, 0xBA, 0x88, 0x1B, 0xAA, 0xCB, 0x89, 0xE1, 0x82, 0xA9, 0xC9, 0x0D, 0xB1, 0xE1,
    0xC7, 0x09, 0xC3, 0xA2, 0x42, 0xC0, 0xB8, 0xF7, 0x8E, 0xAE, 0x32, 0x39, 0x56, 0x4C, 0xD2, 0x67,
    0xFD, 0xDE, 0xBF, 0x24, 0x92, 0xB2, 0xBE, 0xCD, 0x88, 0xC7, 0xCB, 0xF4, 0xE4, 0x28, 0x3E, 0x46,
    0x41, 0x54, 0x38, 0x1E, 0x28, 0x0A, 0x6B, 0x2A, 0x78, 0xE1, 0x27, 0x08, 0x35, 0x55, 0x86, 0xEA,
    0xE5, 0x46, 0xFC, 0xF8, 0x7E, 0x98, 0x64, 0x28, 0x2A, 0xE0, 0xEF, 0xF7, 0x0F, 0x32, 0x7A, 0xF1,
    0x18, 0xAF, 0xEF, 0xDE, 0x4B, 0x8A, 0xA9, 0x99, 0x93, 0x4B, 0xC5, 0x66, 0x2D, 0x3A, 0x67, 0x64,
    0x9F, 0xF9, 0xE0, 0x27, 0xFB, 0x3D, 0xAE, 0xFD, 0x33, 0xF6, 0xB1, 0xE6, 0x3E, 0xBC, 0x9F, 0xA9,
    0xC8, 0xFD, 0xAF, 0xCC, 0x53, 0x9F, 0xDF, 0x9F, 0x75, 0xFF, 0xF8, 0xFE, 0xC7, 0xFE, 0x14, 0x7F,
    0xF9, 0xFE, 0x59, 0x5F, 0x71, 0x94, 0xD4, 0x67, 0xFB, 0xAF, 0xFB, 0x57, 0xCC, 0xFC, 0xD3, 0xF7,
    0xCF, 0x5A, 0x6C, 0x65, 0xFE, 0xCB, 0xFB, 0x97, 0x3E, 0xBF, 0xDF, 0xFA, 0xED, 0xFB, 0x9F, 0xF9,
    0xFF, 0xDB, 0x9F, 0xBA, 0xF6, 0xFF, 0x01, 0x95, 0x96, 0x41, 0x8A, 0x63, 0x3D, 0x0C, 0x84, 0x0B,
    0xB4, 0x2D, 0x78, 0x57, 0x29, 0xF0, 0xD6, 0xE0, 0xAB, 0x0B, 0xB2, 0x35, 0xCC, 0x55, 0x0C, 0xB3,
    0x35, 0xE8, 0x8F, 0xE9, 0xA6, 0xFF, 0x88, 0x28, 0xE9, 0xC9, 0x57, 0x18, 0xC7, 0x11, 0x92, 0x5F,
    0x64, 0x59, 0x79, 0x48, 0x18, 0x88, 0x11, 0x84, 0x21, 0xE1, 0xB6, 0x38, 0xE1, 0xA5, 0x32, 0x0E,
    0xC5, 0x86, 0x1E, 0xBE, 0xF7, 0x4A, 0x9C, 0xB6, 0xE0, 0x78, 0x82, 0x12, 0x23, 0x44, 0xAA, 0xDE,
    0xFF, 0x9D, 0xFF, 0xF0, 0x8E, 0x06, 0x39, 0x04, 0xA2, 0xC0, 0x36, 0x3A, 0xA6, 0x91, 0x10, 0x2A,
    0x04, 0xC2, 0x88, 0x89, 0x6E, 0x1B, 0x35, 0x84, 0xE4, 0x0D, 0x1D, 0xC3, 0xCB, 0x00, 0x32, 0x51,
    0x23, 0x28, 0x13, 0x8E, 0x12, 0x3C, 0x72, 0x2A, 0x36, 0x45, 0x3F, 0xAB, 0x77, 0x5C, 0x7E, 0x1F,
    0xB0, 0x45, 0x27, 0x21, 0xD9, 0xF9, 0xE2, 0x33, 0x6C, 0x5D, 0x8E, 0x25, 0x99, 0x9C, 0x3C, 0x4B,
    0xFC, 0x0E, 0x25, 0x8F, 0x90, 0xD7, 0xF9, 0x2F, 0xAB, 0x20, 0x41, 0x19, 0x23, 0x8C, 0x0F, 0xFE,
    0x2F, 0xCE, 0xBE, 0xAE, 0x00, 0x33, 0x72, 0x2C, 0xD2, 0x0C, 0x25, 0xEE, 0xD2, 0xB5, 0x25, 0x77,
    0x94, 0x18, 0xC9, 0xB1, 0x49, 0xE3, 0xEF, 0xF5, 0x7B, 0x6D, 0x3C, 0x21, 0x97, 0xC6, 0x96, 0x94,
    0xE2, 0x5F, 0xBB, 0xFE, 0x0D, 0x39, 0x7E, 0xB6, 0x96, 0xF1, 0x69, 0x46, 0x1B, 0x9B, 0xB0, 0x97,
    0xE5, 0x25, 0x5E, 0x81, 0x57, 0x25, 0x4A, 0x6B, 0x6C, 0x63, 0x53, 0xA6, 0xDA, 0xBF, 0xA9, 0xF1,
    0x0A, 0xA3, 0x09, 0x25, 0x54, 0x9B, 0x7B, 0x88, 0xAC, 0xEC, 0x0E, 0xE7, 0xD2, 0x8C, 0xD0, 0xE4,
    0x7A, 0x3C, 0x5B, 0x7D, 0xC9, 0x9B, 0x77, 0x57, 0xF5, 0xFB, 0x73, 0xFF, 0xF0, 0x9F, 0xFA, 0x3F,
    0xCA, 0x38, 0x64, 0x3F, 0xF5, 0x7F, 0x04, 0x3D, 0xCA, 0x44, 0x0D, 0x7F, 0xCC, 0x0F, 0xB3, 0x4E,
    0xEC, 0xD4, 0x5F, 0x9E, 0x89, 0x05, 0x59, 0xC3, 0x86, 0x00, 0x54, 0xF1, 0xD7, 0xAB, 0xFC, 0xDB,
    0xA6, 0xCD, 0xDB, 0x30, 0xA2, 0x66, 0xB8, 0xEB, 0xD6, 0x7C, 0x43, 0x4F, 0x96, 0xFD, 0xBE, 0xFF,
    0x34, 0x74, 0x8C, 0x7D, 0xEC, 0x77, 0x26, 0xFA, 0xD8, 0xE8, 0x98, 0x78, 0x82, 0x5B, 0x4B, 0x53,
    0x14, 0xAF, 0x85, 0x82, 0xA1, 0x8B, 0x8D, 0xC9, 0x5E, 0xF4, 0x6F, 0xBC, 0xA3, 0xEC, 0xEF, 0x58,
    0x78, 0xD7, 0xDF, 0xDD, 0x9C, 0xFE, 0x41, 0xFF, 0x7F, 0xCB, 0xBF, 0xFC, 0x3F, 0x60, 0x62, 0xC1,
    0x5F, 0xDB, 0xE9, 0x96, 0xF7, 0x76, 0x68, 0x7C, 0xC7, 0x35, 0x10, 0xF9, 0x8E, 0x51, 0x43, 0x73,
    0x51, 0xFF, 0xEB, 0x6A, 0xDC, 0x14, 0xBE, 0x49, 0x3E, 0x29, 0x56, 0x65, 0x2F, 0xE3, 0xEF, 0xD9,
    0xA8, 0x2C, 0xAA, 0x7C, 0xBE, 0x22, 0xFE, 0xB3, 0xE7, 0x6C, 0x63, 0x53, 0xE5, 0xE9, 0x6E, 0x20,
    0x7B, 0x3F, 0xED, 0x92, 0x9F, 0x2E, 0xDF, 0x6F, 0x1F, 0xDB, 0xEF, 0x83, 0xF5, 0xD9, 0x39, 0xD7,
    0xDD, 0x7E, 0x1B, 0x9B, 0xEB, 0xD9, 0x6E, 0x47, 0x1A, 0xDB, 0xEC, 0x3E, 0x74, 0x56, 0xCF, 0x18,
    0xAE, 0xAD, 0xFB, 0x30, 0x24, 0xDC, 0x74, 0x75, 0x53, 0x52, 0xDD, 0xC3, 0x7C, 0x2C, 0x70, 0xAC,
    0xBC, 0xF7, 0xB3, 0xE7, 0x89, 0x56, 0xBF, 0x3F, 0x8C, 0xED, 0x96, 0x73, 0x57, 0xED, 0x5F, 0xF9,
    0x0F, 0x6F, 0xE8, 0xDE, 0x84, 0x09, 0xD5, 0xDD, 0x01, 0xD3, 0x3A, 0x67, 0x03, 0x51, 0x41, 0x34,
    0x70, 0x5A, 0xC7, 0xB4, 0x8D, 0x0A, 0x61, 0x36, 0x75, 0x6F, 0x18, 0x8E, 0x4C, 0xCA, 0x5E, 0x14,
    0x19, 0x4C, 0xD9, 0x89, 0x94, 0xA1, 0x04, 0x21, 0x46, 0x93, 0x13, 0x2F, 0x90, 0x38, 0xC3, 0x88,
    0x97, 0xEF, 0x57, 0xD7, 0xFE, 0x1A, 0x59, 0xD9, 0xF2, 0x4B, 0xFF, 0x1F, 0x6F, 0xDE, 0x1F, 0x01,
    0x87, 0xA7, 0x4F, 0x19, 0x81, 0x3B, 0xFF, 0xFF, 0xF9, 0x93, 0x5F, 0xDA, 0xBF, 0xE8, 0xB3, 0xD1,
    0xD1, 0xF0, 0x82, 0x89, 0x1E, 0xB9, 0xF7, 0xE6, 0xFC, 0xA3, 0x85, 0x5B, 0x8B, 0x0B, 0x96, 0x9F,
    0x5F, 0xE4, 0x18, 0xA6, 0xA4, 0x55, 0xDC, 0xB0, 0x15, 0xD3, 0x2D, 0x26, 0xD2, 0xD3, 0xD9, 0xCA,
    0x9E, 0x63, 0x90, 0xA9, 0xFE, 0x72, 0xFC, 0xF5, 0xED, 0xB1, 0xB2, 0xBD, 0x5F, 0xFC, 0xA1, 0x5F,
    0xB2, 0x11, 0xA9, 0xBE, 0xF7, 0x5B, 0xFB, 0xE2, 0xEC, 0x7F, 0x38, 0xBF, 0x74, 0x3E, 0xEB, 0x36,
    0xE2, 0x21, 0xFA, 0x1C, 0x23, 0xEF, 0x40, 0x5E, 0xBB, 0xB6, 0xE7, 0xF8, 0x09, 0xEF, 0x6B, 0x4C,
    0xD9, 0x98, 0xBD, 0x38, 0x9D, 0x11, 0x42, 0x5B, 0xCD, 0x9B, 0x44, 0x99, 0x50, 0xB4, 0x37, 0x93,
    0xD1, 0xAC, 0xE1, 0xAF, 0xFD, 0x85, 0x8D, 0xF8, 0xE0, 0xFE, 0xD6, 0x0C, 0x38, 0xDC, 0x15, 0x11,
    0xFB, 0xCC, 0x18, 0xB5, 0x0F, 0xC5, 0x7D, 0xA5, 0xFE, 0x3D, 0xD7, 0x10, 0x95, 0xEB, 0x32, 0x02,
    0x2C, 0xE6, 0x04, 0x25, 0x45, 0x28, 0xFB, 0xE6, 0x9D, 0x18, 0x41, 0x16, 0xF6, 0x8A, 0x1B, 0x61,
    0x66, 0xB8, 0x22, 0xFC, 0xCC, 0x67, 0xFD, 0x09, 0x66, 0x02, 0x4D, 0x18, 0x11, 0x71, 0xE6, 0xB3,
    0xFE, 0x08, 0xBA, 0x83, 0xDF, 0xF9, 0xA3, 0xEB, 0xAC, 0xF1, 0x01, 0xC6, 0x1B, 0x48, 0xF7, 0x11,
    0xB1, 0xCE, 0x7C, 0xD6, 0xEF, 0x21, 0x3A, 0xFE, 0x44, 0x07, 0xF1, 0x02, 0xA1, 0xC7, 0x5F, 0x74,
    0x08, 0xFF, 0x82, 0x1B, 0xCC, 0xCD, 0x19, 0xA1, 0x33, 0x9F, 0x75, 0x06, 0xF8, 0x0F, 0x9D, 0x9A,
    0xC1, 0xAA, 0x03, 0x2B, 0x0F, 0x80, 0x03, 0xD9, 0x06, 0x7C, 0x95, 0x80, 0x5B, 0xC1, 0x57, 0x0F,
    0xCC, 0x56, 0x38, 0xAF, 0x22, 0x74, 0x2B, 0xCC, 0x9F, 0xD4, 0x8A, 0xB5, 0xD1, 0xF9, 0xEF, 0xBD,
    0x09, 0xD1, 0xD1, 0xCF, 0x44, 0xAD, 0x9E, 0x99, 0x8E, 0x3D, 0x37, 0x00, 0xB6, 0x77, 0x92, 0x05,
    0x42, 0x9D, 0x49, 0xB8, 0xEF, 0x5B, 0x66, 0x82, 0x0D, 0x6E, 0x98, 0x09, 0xDC, 0xD8, 0xBE, 0x93,
    0xFC, 0x57, 0xBF, 0x93, 0xF0, 0x27, 0x9A, 0xDC, 0x23, 0xC1, 0x1B, 0x7A, 0x32, 0x04, 0x85, 0x58,
    0x15, 0xBA, 0xDA, 0x35, 0x0A, 0x7C, 0x09, 0x56, 0x7A, 0x03, 0x6C, 0x64, 0x50, 0x25, 0xBC, 0x79,
    0xD6, 0xA1, 0x0C, 0xD3, 0xE2, 0xD6, 0x7C, 0x9B, 0xBD, 0x7D, 0x0B, 0x80, 0xF5, 0x1F, 0x7E, 0xE2,
    0xA7, 0x8F, 0xD5, 0x69, 0x28, 0x4B, 0x7C, 0x73, 0x51, 0xBB, 0xDF, 0x96, 0xBE, 0xAC, 0xAE, 0xF1,
    0x2D, 0xBA, 0xD9, 0x2A, 0xF8, 0x22, 0xE2, 0xC8, 0x57, 0x44, 0xA2, 0x58, 0x17, 0x24, 0x20, 0xC8,
    0xA6, 0xF4, 0x16, 0xC6, 0x7C, 0x7F, 0xE3, 0x7C, 0x33, 0x76, 0xD2, 0x5B, 0x59, 0x7B, 0x70, 0x12,
    0x1A, 0x03, 0x43, 0xB6, 0x54, 0xAF, 0x7F, 0x20, 0x03, 0x2B, 0x17, 0x96, 0xDC, 0x22, 0x44, 0xE5,
    0x04, 0x04, 0xFB, 0x18, 0xB9, 0x79, 0x7F, 0x93, 0x5C, 0x41, 0x9D, 0x72, 0x7B, 0xA7, 0xD5, 0xC7,
    0xD7, 0xBA, 0x02, 0x25, 0x37, 0x24, 0x54, 0xBE, 0x8F, 0x9F, 0x6B, 0x8F, 0xB0, 0xFA, 0xE7, 0xE6,
    0x75, 0xE1, 0x37, 0x39, 0xC9, 0xF9, 0x8B, 0xE7, 0x0D, 0xBF, 0xBF, 0xE3, 0x33, 0x11, 0x20, 0x80,
    0x00, 0x83, 0x20, 0x10, 0xB0, 0x8D, 0xC2, 0x16, 0xAD, 0x0D, 0x9B, 0x7D, 0x69, 0x22, 0xA6, 0xF9,
    0xEE, 0x39, 0x4C, 0x11, 0xAC, 0x20, 0x47, 0xDE, 0x00, 0x94, 0xF7, 0xBD, 0x65, 0x66, 0xD1, 0xD4,
    0x52, 0x47, 0x50, 0x0D, 0x3F, 0x22, 0x74, 0x68, 0x0A, 0x03, 0xA9, 0x22, 0x60, 0xEF, 0x9D, 0xDF,
    0x15, 0xBF, 0x22, 0x54, 0xB0, 0xDA, 0x28, 0xA9, 0x80, 0xC0, 0x56, 0x50, 0xD6, 0xBF, 0x3F, 0xDB,
    0xD6, 0x26, 0x19, 0x78, 0x68, 0xEE, 0x9B, 0xAC, 0xAA, 0x5A, 0xF9, 0x2D, 0x29, 0x23, 0x27, 0x36,
    0xDB, 0xF3, 0x98, 0xE3, 0xA8, 0x77, 0x7C, 0x95, 0x90, 0x58, 0x58, 0x42, 0x02, 0x2F, 0x83, 0x5F,
    0x7C, 0x9D, 0x39, 0x7F, 0x69, 0x6E, 0xB0, 0x13, 0x1A, 0xCB, 0x7C, 0xE2, 0x68, 0x9C, 0x89, 0x95,
    0xB3, 0xA3, 0x05, 0x2A, 0x72, 0xEA, 0x33, 0x28, 0xEB, 0x47, 0xE7, 0xD5, 0xF1, 0x82, 0xD5, 0xF2,
    0x20, 0xD1, 0x71, 0x62, 0xAF, 0x8E, 0x27, 0xB5, 0x1A, 0xF4, 0x2A, 0x4D, 0xBE, 0xB9, 0x55, 0x90,
    0x8A, 0x66, 0xF8, 0x8B, 0xAD, 0xCE, 0xD8, 0xE9, 0x36, 0x11, 0xEA, 0x3A, 0x00, 0xE7, 0xBF, 0xD0,
    0x50, 0xA1, 0x4B, 0x82, 0x02, 0xE2, 0x95, 0x24, 0x74, 0x5E, 0x30, 0x22, 0x7B, 0x8D, 0x9C, 0xC4,
    0x30, 0x46, 0x2A, 0x3B, 0x2D, 0xE5, 0xC5, 0x6B, 0x7C, 0xAC, 0x56, 0x8F, 0xF5, 0x14, 0x3F, 0xB4,
    0xA8, 0x12, 0xDA, 0x3E, 0x7E, 0x6E, 0xE5, 0xCF, 0x34, 0xB7, 0x63, 0xFC, 0x17, 0xFD, 0xD1, 0xBD,
    0x8E, 0xDF, 0xF3, 0x31, 0x02, 0xCF, 0x63, 0x4D, 0x25, 0x97, 0x85, 0x2F, 0x32, 0xD7, 0x3C, 0xA9,
    0xAC, 0x6C, 0xD6, 0xAE, 0x2D, 0xFB, 0x23, 0x69, 0x5E, 0xFB, 0xF6, 0xEB, 0x95, 0xEF, 0x2F, 0x37,
    0x38, 0x49, 0x52, 0x85, 0x2C, 0xE3, 0x6A, 0x3F, 0x9E, 0xDC, 0x66, 0x7C, 0x1F, 0x3D, 0x10, 0xD7,
    0x71, 0xED, 0x65, 0xF0, 0xB3, 0x70, 0x0D, 0xB4, 0x05, 0xD3, 0xFF, 0xA2, 0x74, 0xA4, 0xC0, 0xC2,
    0x17, 0x5C, 0x9B, 0xD1, 0x8F, 0x9B, 0xA1, 0xE0, 0xB8, 0x31, 0x7A, 0x61, 0x55, 0x09, 0x25, 0x32,
    0x02, 0xA9, 0xEE, 0x24, 0xB7, 0xF3, 0x2C, 0x66, 0x7D, 0x6E, 0xBB, 0xC8, 0x23, 0x36, 0x2A, 0xB7,
    0xF8, 0x56, 0xE9, 0x3D, 0xBD, 0xFF, 0xE0, 0xE6, 0xA2, 0x44, 0xBA, 0x3F, 0x2F, 0xD1, 0x43, 0xE1,
    0xDA, 0x89, 0x8D, 0xBD, 0x73, 0xDE, 0x8F, 0xCF, 0x8F, 0x7E, 0x89, 0x82, 0x60, 0xA3, 0x24, 0xA0,
    0xA3, 0xAF, 0x1B, 0x9F, 0xE3, 0x96, 0xFA, 0x75, 0x5D, 0xE7, 0xE7, 0x85, 0x29, 0xD4, 0x71, 0xDF,
    0xD9, 0x71, 0x94, 0x94, 0xFA, 0x3E, 0x5C, 0x77, 0x97, 0x6F, 0x91, 0x9B, 0x27, 0x28, 0x6B, 0xFF,
    0x9E, 0x4E, 0x66, 0x65, 0xF7, 0x87, 0x31, 0x79, 0xAF, 0x70, 0x0D, 0x06, 0x1F, 0xD8, 0x4B, 0x6C,
    0x23, 0xDD, 0x4B, 0x2E, 0x33, 0xDD, 0xF2, 0x46, 0xFD, 0x49, 0x74, 0x7C, 0x50, 0xEF, 0xE7, 0x37,
    0x3F, 0x53, 0xC7, 0x83, 0x3A, 0xA5, 0x0A, 0x50, 0x13, 0x60, 0xBF, 0x43, 0xF9, 0xAF, 0x3A, 0x53,
    0x1C, 0xC7, 0x9A, 0x01, 0x5A, 0x03, 0xC8, 0xB5, 0xC7, 0x7A, 0xF6, 0xDF, 0x73, 0x09, 0x1A, 0x07,
    0xF9, 0xB8, 0x3E, 0x82, 0x4C, 0x14, 0xDA, 0x89, 0x23, 0x21, 0xE7, 0x14, 0x39, 0x1F, 0x23, 0x24,
    0x89, 0x6C, 0xBA, 0xA3, 0x01, 0xB8, 0xDF, 0x15, 0x2C, 0xD2, 0xC6, 0x3F, 0x98, 0xFF, 0xB0, 0x75,
    0xEC, 0x28, 0xB0, 0x58, 0x80, 0x95, 0x0F, 0xB7, 0xDA, 0x6D, 0x61, 0x4E, 0xFE, 0x2D, 0x9F, 0x9D,
    0x9A, 0x2D, 0x6C, 0x74, 0x3A, 0x0C, 0x65, 0xE1, 0xDD, 0x65, 0x99, 0xDA, 0xCA, 0xBB, 0xCB, 0xB0,
    0x45, 0x72, 0x5B, 0x6C, 0x08, 0xF7, 0x2F, 0xA5, 0x77, 0x85, 0x7C, 0x0B, 0x6A, 0x76, 0xDF, 0x5A,
    0x12, 0x35, 0xE8, 0xB9, 0x95, 0xAD, 0xDE, 0xB8, 0xB5, 0xEB, 0xED, 0xCD, 0xCF, 0xD8, 0x5D, 0x87,
    0x59, 0x77, 0x16, 0x76, 0x36, 0xD5, 0x52, 0x78, 0x97, 0xD4, 0x42, 0xCF, 0xB5, 0x6C, 0xF5, 0xC6,
    0x8D, 0x58, 0x7B, 0xF3, 0xFB, 0x8D, 0x35, 0x16, 0x1F, 0x25, 0xD9, 0x3C, 0xD2, 0x7E, 0x6F, 0x74,
    0x66, 0x6D, 0x3C, 0x5F, 0xFD, 0x97, 0xBB, 0xAF, 0xF7, 0x27, 0xC7, 0xA7, 0x5C, 0x48, 0xC4, 0x2C,
    0x17, 0xB0, 0x10, 0x23, 0xC1, 0xB5, 0xE2, 0x51, 0x3F, 0xDA, 0xAD, 0x58, 0x89, 0xA0, 0x72, 0xD3,
    0x71, 0xFD, 0x8D, 0x55, 0x59, 0xE2, 0xE8, 0xBB, 0xE0, 0xBC, 0xF7, 0xA7, 0x2F, 0xAB, 0x66, 0x0C,
    0xF0, 0xAA, 0x80, 0x3F, 0xEB, 0xF4, 0xA7, 0x16, 0x7A, 0xBE, 0xAC, 0x53, 0xD5, 0x8B, 0x8A, 0x6A,
    0xC0, 0xEB, 0x36, 0xF7, 0xB1, 0x45, 0xAD, 0xA9, 0xDD, 0x2F, 0x59, 0xD7, 0x2D, 0x64, 0xB5, 0xD0,
    0xF3, 0xFC, 0xB3, 0x6E, 0x6A, 0xA2, 0xE6, 0x62, 0xAF, 0x9B, 0xD3, 0xCC, 0xC6, 0xBD, 0xEE, 0x2F,
    0x8B, 0x71, 0xC9, 0x7E, 0xDC, 0x49, 0x2F, 0x52, 0x1F, 0xB7, 0xDA, 0xB2, 0x27, 0xE6, 0x5F, 0xCC,
    0xBE, 0x2F, 0x75, 0xEE, 0xF3, 0xA8, 0xEF, 0xE1, 0xCE, 0x79, 0xE0, 0x3D, 0xE6, 0xB1, 0xEC, 0x3F,
    0xC3, 0x2D, 0xF5, 0x79, 0xFC, 0xBF, 0xBE, 0xF6, 0xBB, 0xCA, 0x3D, 0x2D, 0xDD, 0xAE, 0x74, 0x9C,
    0x55, 0x9B, 0x32, 0x41, 0xC1, 0x86, 0x10, 0x4A, 0x5A, 0x9F, 0xD7, 0x02, 0x92, 0x8D, 0xA9, 0x7F,
    0x06, 0xE5, 0x94, 0xAA, 0x71, 0xDF, 0xF7, 0xEC, 0x65, 0xDF, 0xF7, 0x6C, 0xB9, 0xEC, 0xB6, 0x86,
    0xDC, 0xFB, 0xCE, 0x40, 0x42, 0x2D, 0x2A, 0x16, 0xD5, 0x31, 0xB6, 0x34, 0xFB, 0x4E, 0x41, 0xFD,
    0x83, 0x50, 0x62, 0x05, 0xBF, 0x7B, 0xF6, 0x13, 0x9B, 0xDF, 0x25, 0x37, 0x41, 0xFA, 0x8C, 0x62,
    0xEE, 0xE6, 0xBD, 0x7F, 0x62, 0x2C, 0xD6, 0xFC, 0xE8, 0x9F, 0xA2, 0xC5, 0x38, 0xFA, 0x03, 0xA7,
    0x74, 0x95, 0xA7, 0xFE, 0xE3, 0x95, 0xD2, 0x0F, 0x4E, 0x50, 0xA0, 0x82, 0xCD, 0x50, 0x90, 0x49,
    0x65, 0xE5, 0x2A, 0x42, 0x82, 0x62, 0xAB, 0x14, 0xC0, 0x3E, 0x1F, 0xDA, 0x1E, 0xC0, 0xAC, 0xC7,
    0x2F, 0xFE, 0x00, 0x65, 0x39, 0x3E, 0x71, 0x07, 0x34, 0xD1, 0x22, 0xF7, 0x48, 0x6E, 0x76, 0xFD,
    0x80, 0x65, 0x7F, 0xBC, 0xE2, 0xFB, 0xCF, 0xED, 0xB1, 0xFF, 0xC1, 0xDD, 0x01, 0xD1, 0x38, 0x1E,
    0xCA, 0x8D, 0x1F, 0xFB, 0x5F, 0xB8, 0xEF, 0x9F, 0x73, 0xC3, 0xA7, 0xFE, 0x25, 0x37, 0xF2, 0xEF,
    0x9D, 0x25, 0x52, 0x6E, 0x51, 0xF3, 0xF9, 0xEE, 0x39, 0xF8, 0xD0, 0x58, 0xA2, 0xD2, 0x3D, 0x8F,
    0xAA, 0xB9, 0x68, 0xEA, 0xB8, 0x49, 0x6E, 0xEB, 0xB9, 0x81, 0xE7, 0x63, 0x7C, 0x9E, 0x7B, 0x7F,
    0xB3, 0xB3, 0xFF, 0x9E, 0xFB, 0xF7, 0xEE, 0xFD, 0x1C, 0xF7, 0xFD, 0x63, 0xA5, 0xC2, 0x57, 0xBE,
    0xF9, 0xA2, 0x82, 0x75, 0xCB, 0x89, 0xB1, 0x1F, 0x16, 0x9E, 0x78, 0xB4, 0x03, 0xC8, 0x78, 0xE6,
    0x6C, 0x1C, 0x1F, 0x38, 0xF2, 0xC5, 0x4F, 0xFC, 0xB2, 0x1E, 0x1E, 0xF9, 0xEB, 0x89, 0x2B, 0xC5,
    0xF8, 0x3A, 0x73, 0xA3, 0xA7, 0xFE, 0xED, 0x93, 0xE1, 0x6B, 0xA4, 0x5B, 0x8E, 0x8C, 0x23, 0xDD,
    0xF1, 0x14, 0xFA, 0xE7, 0x93, 0xC2, 0xD9, 0x9F, 0xAF, 0x93, 0xFF, 0xD8, 0x1B, 0x3D, 0xF7, 0x32,
    0xF6, 0x46, 0xCF, 0x77, 0xF1, 0x41, 0xA6, 0x7A, 0xFE, 0x4D, 0x7D, 0xFF, 0xF4, 0xD1, 0x50, 0x69,
    0xDB, 0xC1, 0xA0, 0xB3, 0xC5, 0x7E, 0xF4, 0xA7, 0x19, 0xC4, 0xA1, 0x6D, 0x5C, 0xFD, 0x70, 0xFE,
    0x68, 0x1E, 0x57, 0x5B, 0xFF, 0x36, 0x23, 0xF8, 0xFE, 0xFB, 0x01, 0xB5, 0xA5, 0xBE, 0xFF, 0x41,
    0x67, 0x8B, 0x4D, 0x7C, 0x56, 0x6D, 0x96, 0xFA, 0xF8, 0x83, 0xCE, 0x16, 0x3F, 0x52, 0x7F, 0x9E,
    0x5F, 0x75, 0xC5, 0xE1, 0xE7, 0xF9, 0x15, 0xC0, 0x8B, 0xB2, 0x92, 0x08, 0x0B, 0xA4, 0xD3, 0x61,
    0x4C, 0x14, 0x4E, 0x51, 0x3C, 0xF6, 0xFE, 0xB9, 0x3D, 0xF9, 0x7B, 0xEE, 0x25, 0x00, 0x54, 0x16,
    0x6C, 0x7C, 0xDF, 0xCD, 0x72, 0x2B, 0x83, 0x93, 0x67, 0xFF, 0x2C, 0x48, 0xF9, 0xBE, 0xC9, 0xF2,
    0x7F, 0xE7, 0x3F, 0x5E, 0x44, 0x99, 0xC3, 0x5D, 0xD9, 0xF2, 0x5E, 0x3E, 0x4B, 0xDF, 0xF5, 0x29,
    0x8C, 0xAB, 0x25, 0x52, 0x03, 0x71, 0xEA, 0x64, 0x9E, 0x7C, 0x9A, 0xC7, 0xCA, 0x7A, 0xCD, 0x3C,
    0x3D, 0x05, 0xF0, 0x7C, 0x8D, 0x70, 0xFC, 0x0B, 0x17, 0x56, 0x3D, 0x9E, 0x3D, 0x27, 0x28, 0x48,
    0x44, 0x2B, 0xFF, 0xFD, 0x81, 0xC7, 0xF4, 0xF7, 0xDC, 0xD6, 0xFD, 0xC8, 0xE3, 0xCE, 0x6D, 0x57,
    0xF5, 0xCF, 0x8E, 0xDD, 0xD9, 0xAD, 0x7F, 0xEB, 0x5E, 0x63, 0xEF, 0xCF, 0x54, 0xBC, 0xAC, 0x6F,
    0xF5, 0x7B, 0x5F, 0x26, 0xE2, 0xDC, 0x88, 0x99, 0x76, 0x51, 0x18, 0xE7, 0xFD, 0x95, 0x71, 0xCB,
    0x29, 0x32, 0x4B, 0xE4, 0x44, 0x7B, 0x4E, 0x01, 0x23, 0x5C, 0x18, 0xC9, 0xF9, 0x77, 0x21, 0xC0,
    0xCF, 0x1C, 0x61, 0x2F, 0x04, 0xEC, 0xF9, 0xE1, 0x4C, 0xCB, 0x33, 0x3C, 0xAD, 0x8E, 0x5F, 0x63,
    0xC6, 0xC3, 0x0F, 0x74, 0x76, 0xEF, 0xD3, 0x94, 0xB5, 0xB4, 0xFD, 0x71, 0x8C, 0xA0, 0x40, 0xD1,
    0x94, 0x72, 0xDD, 0xF8, 0xA3, 0x7D, 0x7A, 0x43, 0x7E, 0xF9, 0x24, 0x7C, 0x31, 0xAE, 0xF1, 0xE7,
    0xE9, 0xFA, 0xD4, 0xDD, 0x6F, 0x13, 0xB9, 0xCD, 0xF4, 0xF0, 0xAB, 0x0A, 0xA1, 0x45, 0x63, 0xFF,
    0xFD, 0x9E, 0xC0, 0x08, 0xF7, 0x56, 0x5A, 0x3E, 0x0A, 0x91, 0x62, 0x6B, 0x27, 0x82, 0x88, 0xEF,
    0xA2, 0xE5, 0x56, 0xB6, 0xFA, 0x77, 0xC5, 0x59, 0xAC, 0x89, 0xF3, 0x19, 0xB1, 0x46, 0xE8, 0x21,
    0xFE, 0xB4, 0x60, 0x7D, 0x0F, 0xF3, 0xA7, 0x05, 0x4B, 0xFB, 0x29, 0x9E, 0x39, 0x59, 0x63, 0xFB,
    0x4F, 0x0F, 0x4B, 0x3A, 0xBE, 0x1F, 0x59, 0x45, 0x14, 0x4A, 0x87, 0xF7, 0x23, 0x46, 0xC6, 0x44,
    0xA5, 0xD6, 0xCF, 0x1B, 0x62, 0xDF, 0x8A, 0x33, 0x04, 0x41, 0xE1, 0xC2, 0x4C, 0x7F, 0xFD, 0x2D,
    0x2D, 0x40, 0x52, 0x5D, 0x38, 0x01, 0xE7, 0xF1, 0xFD, 0x1E, 0xF2, 0xF2, 0xFD, 0x7E, 0xF2, 0xF1,
    0xFD, 0xDE, 0x71, 0xFF, 0xFD, 0x57, 0xAC, 0xCD, 0xE9, 0xFB, 0xAF, 0xE7, 0xEB, 0x99, 0x4B, 0x28,
    0xB1, 0xCE, 0x1D, 0xE2, 0xCE, 0x5C, 0x3C, 0x5F, 0xDF, 0x2D, 0xD3, 0xE0, 0xDB, 0x37, 0x4B, 0x62,
    0xEF, 0x3F, 0xDF, 0x72, 0x53, 0x2A, 0x58, 0xB0, 0xE1, 0xF6, 0x05, 0x35, 0x49, 0xAC, 0x31, 0x25,
    0xC9, 0x60, 0xDE, 0xCF, 0xFE, 0xB9, 0x3D, 0xFB, 0xE7, 0xC6, 0xEE, 0xBE, 0xEA, 0x72, 0x27, 0xAF,
    0xBF, 0xD7, 0xDF, 0xE1, 0x61, 0x1C, 0xBE, 0xFD, 0xAA, 0xEA, 0x94, 0x51, 0x1E, 0x7C, 0xB6, 0xDF,
    0x4A, 0xBE, 0x01, 0x04, 0xE6, 0xE9, 0xE8, 0x7D, 0x8F, 0x6B, 0xAB, 0xEF, 0xDC, 0xCB, 0xDE, 0xDF,
    0xD4, 0xFC, 0x4D, 0xBD, 0xBF, 0xBF, 0xFF, 0x51, 0x6E, 0x4C, 0x9B, 0xBB, 0x1F, 0x8A, 0xD9, 0x76,
    0x7C, 0xF8, 0x0F, 0xC7, 0x67, 0xED, 0xFE, 0xAB, 0x7F, 0x6E, 0xFE, 0x1F, 0x28, 0x56, 0xF1, 0xDC,
    0x7C, 0xF6, 0xE3, 0xA8, 0x40, 0x9A, 0xF3, 0xBB, 0xAB, 0xBA, 0xE4, 0xF4, 0xE1, 0x4F, 0x12, 0x6E,
    0xF9, 0x78, 0x93, 0x99, 0x96, 0x6F, 0xB1, 0xBC, 0x1B, 0x1B, 0xFF, 0xC7, 0xFE, 0xF4, 0xF6, 0x6F,
    0x40, 0x5B, 0x7F, 0xFF, 0xFC, 0xE9, 0xEB, 0xB3, 0x3D, 0xA1, 0xB0, 0x38, 0x87, 0xF1, 0x59, 0xFD,
    0x73, 0xFC, 0xDC, 0x9E, 0xFE, 0x81, 0xC4, 0xAD, 0xA3, 0x8C, 0xF5, 0xC2, 0x43, 0x79, 0xB4, 0xFD,
    0x1F, 0x75, 0x8E, 0x01, 0x06, 0x05, 0x31, 0x0C, 0x44, 0x43, 0x01, 0x86, 0x5E, 0x65, 0xF8, 0x00,
    0xA1, 0x57, 0xCF, 0x01, 0xCA, 0xBF, 0xCA, 0x1E, 0xA0, 0xD8, 0xA4, 0xAA, 0xCD, 0xA2, 0xEF, 0x01,
    0xF3, 0x84, 0xC8, 0xA4, 0xFC, 0xC1, 0xB0, 0x0D, 0xF0, 0x28, 0x9B, 0xF2, 0x00, 0x10, 0x88, 0xF7,
    0x44, 0xEA, 0x6B, 0x6F, 0xFD, 0xD2, 0x15, 0x1D, 0x06, 0xF3, 0xFB, 0x7E, 0x4C, 0x7D, 0xED, 0xB7,
    0x5E, 0x8D, 0xD3, 0xDF, 0xA0, 0x6D, 0xF5, 0xF3, 0x1F, 0xC3, 0xAA, 0x74, 0xC0, 0xE2, 0x2A, 0xA2,
    0xBC, 0x63, 0x00, 0x03, 0xFB, 0x3F, 0x36, 0x36, 0xC6, 0x67, 0x8C, 0xCF, 0xD8, 0x9F, 0xB1, 0xB7,
    0x01, 0xC2, 0x3F, 0x10, 0x12, 0x24, 0x03, 0x00,
};

static const EpdGlyph helvetica_14_boldGlyphs[] = {
    { 18, 22, 336, 1, 22, 99, 0 }, // U+0000
    { 16, 16, 256, 0, 14, 64, 99 }, // U+0001
    { 16, 16, 256, 0, 14, 64, 163 }, // U+0002
    { 16, 16, 256, 0, 14, 64, 227 }, // U+0003
    { 16, 16, 256, 0, 14, 64, 291 }, // U+0004
    { 16, 16, 256, 0, 14, 64, 355 }, // U+0005
    { 16, 16, 256, 0, 14, 64, 419 }, // U+0006
    { 16, 16, 256, 0, 14, 64, 483 }, // U+0007
    { 16, 16, 256, 0, 14, 64, 547 }, // U+0008
    { 16, 16, 256, 0, 14, 64, 611 }, // U+0009
    { 16, 16, 256, 0, 14, 64, 675 }, // U+000A
    { 16, 16, 256, 0, 14, 64, 739 }, // U+000B
    { 16, 16, 256, 0, 14, 64, 803 }, // U+000C
    { 16, 16, 256, 0, 14, 64, 867 }, // U+000D
    { 16, 16, 256, 0, 14, 64, 931 }, // U+000E
    { 16, 16, 256, 0, 14, 64, 995 }, // U+000F
    { 16, 16, 256, 0, 14, 64, 1059 }, // U+0010
    { 16, 16, 256, 0, 14, 64, 1123 }, // U+0011
    { 16, 16, 256, 0, 14, 64, 1187 }, // U+0012
    { 16, 16, 256, 0, 14, 64, 1251 }, // U+0013
    { 16, 16, 256, 0, 14, 64, 1315 }, // U+0014
    { 16, 16, 256, 0, 14, 64, 1379 }, // U+0015
    { 16, 16, 256, 0, 14, 64, 1443 }, // U+0016
    { 16, 16, 256, 0, 14, 64, 1507 }, // U+0017
    { 16, 16, 256, 0, 14, 64, 1571 }, // U+0018
    { 16, 16, 256, 0, 14, 64, 1635 }, // U+0019
    { 16, 16, 256, 0, 14, 64, 1699 }, // U+001A
    { 16, 16, 256, 0, 14, 64, 1763 }, // U+001B
    { 16, 16, 256, 0, 14, 64, 1827 }, // U+001C
    { 16, 16, 256, 0, 14, 64, 1891 }, // U+001D
    { 16, 16, 256, 0, 14, 64, 1955 }, // U+001E
    { 16, 16, 256, 0, 14, 64, 2019 }, // U+001F
    { 1, 1, 128, 0, 1, 1, 2083 }, // U+0020
    { 4, 22, 144, 3, 22, 22, 2084 }, // !
    { 10, 7, 224, 2, 22, 18, 2106 }, // "
    { 16, 22, 256, 0, 22, 88, 2124 }, // #
    { 14, 26, 256, 1, 22, 91, 2212 }, // $
    { 24, 22, 416, 1, 22, 132, 2303 }, // %
    { 17, 22, 336, 2, 22, 94, 2435 }, // &
    { 4, 7, 112, 1, 22, 7, 2529 }, // '
    { 7, 28, 144, 1, 22, 49, 2536 }, // (
    { 7, 28, 144, 1, 22, 49, 2585 }, // )
    { 9, 9, 176, 1, 22, 21, 2634 }, // *
    { 15, 15, 272, 1, 15, 57, 2655 }, // +
    { 4, 9, 128, 2, 4, 9, 2712 }, // ,
    { 8, 4, 144, 0, 11, 8, 2721 }, // -
    { 4, 4, 128, 2, 4, 4, 2729 }, // .
    { 8, 22, 128, 0, 22, 44, 2733 }, // /
    { 14, 21, 256, 1, 21, 74, 2777 }, // 0
    { 9, 21, 256, 2, 21, 48, 2851 }, // 1
    { 14, 21, 256, 1, 21, 74, 2899 }, // 2
    { 14, 21, 256, 1, 21, 74, 2973 }, // 3
    { 14, 21, 256, 1, 21, 74, 3047 }, // 4
    { 14, 21, 256, 1, 21, 74, 3121 }, // 5
    { 14, 21, 256, 1, 21, 74, 3195 }, // 6
    { 14, 21, 256, 1, 21, 74, 3269 }, // 7
    { 14, 21, 256, 1, 21, 74, 3343 }, // 8
    { 14, 21, 256, 1, 21, 74, 3417 }, // 9
    { 4, 16, 144, 3, 16, 16, 3491 }, // :
    { 4, 21, 144, 3, 16, 21, 3507 }, // ;
    { 14, 15, 272, 1, 15, 53, 3528 }, // <
    { 15, 11, 272, 1, 13, 42, 3581 }, // =
    { 14, 15, 272, 1, 15, 53, 3623 }, // >
    { 14, 22, 288, 2, 22, 77, 3676 }, // ?
    { 28, 26, 448, 0, 22, 182, 3753 }, // @
    { 19, 22, 336, 1, 22, 105, 3935 }, // A
    { 16, 22, 336, 3, 22, 88, 4040 }, // B
    { 18, 22, 336, 1, 22, 99, 4128 }, // C
    { 18, 22, 336, 2, 22, 99, 4227 }, // D
    { 16, 22, 304, 2, 22, 88, 4326 }, // E
    { 15, 22, 288, 2, 22, 83, 4414 }, // F
    { 19, 22, 352, 1, 22, 105, 4497 }, // G
    { 17, 22, 336, 2, 22, 94, 4602 }, // H
    { 4, 22, 128, 2, 22, 22, 4696 }, // I
    { 13, 22, 256, 1, 22, 72, 4718 }, // J
    { 18, 22, 336, 2, 22, 99, 4790 }, // K
    { 14, 22, 288, 3, 22, 77, 4889 }, // L
    { 20, 22, 384, 2, 22, 110, 4966 }, // M
    { 17, 22, 336, 2, 22, 94, 5076 }, // N
    { 20, 22, 352, 1, 22, 110, 5170 }, // O
    { 16, 22, 304, 2, 22, 88, 5280 }, // P
    { 20, 23, 352, 1, 22, 115, 5368 }, // Q
    { 18, 22, 336, 2, 22, 99, 5483 }, // R
    { 17, 22, 304, 1, 22, 94, 5582 }, // S
    { 18, 22, 288, 0, 22, 99, 5676 }, // T
    { 17, 22, 336, 2, 22, 94, 5775 }, // U
    { 17, 22, 304, 1, 22, 94, 5869 }, // V
    { 25, 22, 432, 1, 22, 138, 5963 }, // W
    { 17, 22, 304, 1, 22, 94, 6101 }, // X
    { 18, 22, 304, 1, 22, 99, 6195 }, // Y
    { 16, 22, 288, 1, 22, 88, 6294 }, // Z
    { 8, 28, 144, 1, 22, 56, 6382 }, // [
    { 8, 22, 128, 0, 22, 44, 6438 }, // <backslash>
    { 7, 28, 144, 0, 22, 49, 6482 }, // ]
    { 13, 14, 272, 2, 22, 46, 6531 }, // ^
    { 18, 2, 256, -1, -4, 9, 6577 }, // _
    { 5, 4, 144, 1, 22, 5, 6586 }, // `
    { 14, 16, 256, 1, 16, 56, 6591 }, // a
    { 15, 22, 288, 2, 22, 83, 6647 }, // b
    { 14, 16, 256, 1, 16, 56, 6730 }, // c
    { 15, 22, 288, 1, 22, 83, 6786 }, // d
    { 14, 16, 256, 1, 16, 56, 6869 }, // e
    { 9, 22, 144, 0, 22, 50, 6925 }, // f
    { 15, 22, 288, 1, 16, 83, 6975 }, // g
    { 14, 22, 288, 2, 22, 77, 7058 }, // h
    { 4, 22, 128, 2, 22, 22, 7135 }, // i
    { 6, 28, 128, 0, 22, 42, 7157 }, // j
    { 14, 22, 256, 2, 22, 77, 7199 }, // k
    { 4, 22, 128, 2, 22, 22, 7276 }, // l
    { 22, 16, 416, 2, 16, 88, 7298 }, // m
    { 14, 16, 288, 2, 16, 56, 7386 }, // n
    { 16, 16, 288, 1, 16, 64, 7442 }, // o
    { 15, 22, 288, 2, 16, 83, 7506 }, // p
    { 15, 22, 288, 1, 16, 83, 7589 }, // q
    { 9, 16, 176, 2, 16, 36, 7672 }, // r
    { 14, 16, 256, 1, 16, 56, 7708 }, // s
    { 8, 21, 144, 0, 21, 42, 7764 }, // t
    { 14, 16, 288, 2, 16, 56, 7806 }, // u
    { 14, 16, 256, 1, 16, 56, 7862 }, // v
    { 22, 16, 352, 0, 16, 88, 7918 }, // w
    { 14, 16, 256, 1, 16, 56, 8006 }, // x
    { 14, 22, 256, 1, 16, 77, 8062 }, // y
    { 13, 16, 224, 0, 16, 52, 8139 }, // z
    { 8, 28, 176, 1, 22, 56, 8191 }, // {
    { 2, 28, 128, 3, 22, 14, 8247 }, // |
    { 8, 28, 176, 2, 22, 56, 8261 }, // }
    { 13, 5, 272, 2, 14, 17, 8317 }, // ~
    { 16, 16, 256, 0, 14, 64, 8334 }, // U+007F
    { 16, 16, 256, 0, 14, 64, 0 }, // U+0080
    { 16, 16, 256, 0, 14, 64, 64 }, // U+0081
    { 16, 16, 256, 0, 14, 64, 128 }, // U+0082
    { 16, 16, 256, 0, 14, 64, 192 }, // U+0083
    { 16, 16, 256, 0, 14, 64, 256 }, // U+0084
    { 16, 16, 256, 0, 14, 64, 320 }, // U+0085
    { 16, 16, 256, 0, 14, 64, 384 }, // U+0086
    { 16, 16, 256, 0, 14, 64, 448 }, // U+0087
    { 16, 16, 256, 0, 14, 64, 512 }, // U+0088
    { 16, 16, 256, 0, 14, 64, 576 }, // U+0089
    { 16, 16, 256, 0, 14, 64, 640 }, // U+008A
    { 16, 16, 256, 0, 14, 64, 704 }, // U+008B
    { 16, 16, 256, 0, 14, 64, 768 }, // U+008C
    { 16, 16, 256, 0, 14, 64, 832 }, // U+008D
    { 16, 16, 256, 0, 14, 64, 896 }, // U+008E
    { 16, 16, 256, 0, 14, 64, 960 }, // U+008F
    { 16, 16, 256, 0, 14, 64, 1024 }, // U+0090
    { 16, 16, 256, 0, 14, 64, 1088 }, // U+0091
    { 16, 16, 256, 0, 14, 64, 1152 }, // U+0092
    { 16, 16, 256, 0, 14, 64, 1216 }, // U+0093
    { 16, 16, 256, 0, 14, 64, 1280 }, // U+0094
    { 16, 16, 256, 0, 14, 64, 1344 }, // U+0095
    { 16, 16, 256, 0, 14, 64, 1408 }, // U+0096
    { 16, 16, 256, 0, 14, 64, 1472 }, // U+0097
    { 16, 16, 256, 0, 14, 64, 1536 }, // U+0098
    { 16, 16, 256, 0, 14, 64, 1600 }, // U+0099
    { 16, 16, 256, 0, 14, 64, 1664 }, // U+009A
    { 16, 16, 256, 0, 14, 64, 1728 }, // U+009B
    { 16, 16, 256, 0, 14, 64, 1792 }, // U+009C
    { 16, 16, 256, 0, 14, 64, 1856 }, // U+009D
    { 16, 16, 256, 0, 14, 64, 1920 }, // U+009E
    { 16, 16, 256, 0, 14, 64, 1984 }, // U+009F
    { 1, 1, 128, 0, 1, 1, 2048 }, // U+00A0
    { 4, 22, 144, 2, 16, 22, 2049 }, // U+00A1
    { 14, 22, 256, 1, 19, 77, 2071 }, // U+00A2
    { 15, 22, 256, 1, 22, 83, 2148 }, // U+00A3
    { 14, 15, 256, 1, 18, 53, 2231 }, // U+00A4
    { 16, 22, 256, 0, 22, 88, 2284 }, // U+00A5
    { 2, 28, 128, 3, 22, 14, 2372 }, // U+00A6
    { 14, 28, 256, 1, 22, 98, 2386 }, // U+00A7
    { 9, 3, 144, 0, 22, 7, 2484 }, // U+00A8
    { 22, 22, 352, 0, 22, 121, 2491 }, // U+00A9
    { 8, 14, 176, 1, 22, 28, 2612 }, // U+00AA
    { 12, 11, 256, 2, 14, 33, 2640 }, // U+00AB
    { 15, 9, 272, 1, 12, 34, 2673 }, // U+00AC
    { 8, 4, 144, 0, 11, 8, 2707 }, // U+00AD
    { 22, 22, 352, 0, 22, 121, 2715 }, // U+00AE
    { 9, 2, 144, 0, 22, 5, 2836 }, // U+00AF
    { 9, 9, 176, 1, 21, 21, 2841 }, // U+00B0
    { 13, 18, 272, 2, 18, 59, 2862 }, // U+00B1
    { 9, 13, 144, 0, 22, 30, 2921 }, // U+00B2
    { 9, 13, 144, 0, 22, 30, 2951 }, // U+00B3
    { 5, 4, 144, 3, 22, 5, 2981 }, // U+00B4
    { 14, 22, 288, 2, 16, 77, 2986 }, // U+00B5
    { 15, 28, 256, 0, 22, 105, 3063 }, // U+00B6
    { 4, 3, 128, 2, 10, 3, 3168 }, // U+00B7
    { 7, 6, 144, 1, 0, 11, 3171 }, // U+00B8
    { 6, 13, 144, 1, 22, 20, 3182 }, // U+00B9
    { 8, 14, 160, 1, 22, 28, 3202 }, // U+00BA
    { 12, 11, 256, 2, 14, 33, 3230 }, // U+00BB
    { 22, 22, 384, 1, 22, 121, 3263 }, // U+00BC
    { 23, 22, 384, 1, 22, 127, 3384 }, // U+00BD
    { 23, 22, 384, 1, 22, 127, 3511 }, // U+00BE
    { 14, 22, 288, 2, 16, 77, 3638 }, // U+00BF
    { 19, 27, 336, 1, 27, 129, 3715 }, // U+00C0
    { 19, 27, 336, 1, 27, 129, 3844 }, // U+00C1
    { 19, 27, 336, 1, 27, 129, 3973 }, // U+00C2
    { 19, 27, 336, 1, 27, 129, 4102 }, // U+00C3
    { 19, 27, 336, 1, 27, 129, 4231 }, // U+00C4
    { 19, 28, 336, 1, 28, 133, 4360 }, // U+00C5
    { 27, 22, 464, 1, 22, 149, 4493 }, // U+00C6
    { 18, 28, 336, 1, 22, 126, 4642 }, // U+00C7
    { 16, 27, 304, 2, 27, 108, 4768 }, // U+00C8
    { 16, 27, 304, 2, 27, 108, 4876 }, // U+00C9
    { 16, 27, 304, 2, 27, 108, 4984 }, // U+00CA
    { 16, 27, 304, 2, 27, 108, 5092 }, // U+00CB
    { 5, 27, 128, 1, 27, 34, 5200 }, // U+00CC
    { 6, 27, 128, 2, 27, 41, 5234 }, // U+00CD
    { 9, 27, 128, 0, 27, 61, 5275 }, // U+00CE
    { 9, 27, 128, 0, 27, 61, 5336 }, // U+00CF
    { 20, 22, 336, 0, 22, 110, 5397 }, // U+00D0
    { 17, 27, 336, 2, 27, 115, 5507 }, // U+00D1
    { 20, 27, 352, 1, 27, 135, 5622 }, // U+00D2
    { 20, 27, 352, 1, 27, 135, 5757 }, // U+00D3
    { 20, 27, 352, 1, 27, 135, 5892 }, // U+00D4
    { 20, 27, 352, 1, 27, 135, 6027 }, // U+00D5
    { 20, 27, 352, 1, 27, 135, 6162 }, // U+00D6
    { 13, 11, 272, 2, 13, 36, 6297 }, // U+00D7
    { 20, 22, 352, 1, 22, 110, 6333 }, // U+00D8
    { 17, 27, 336, 2, 27, 115, 6443 }, // U+00D9
    { 17, 27, 336, 2, 27, 115, 6558 }, // U+00DA
    { 17, 27, 336, 2, 27, 115, 6673 }, // U+00DB
    { 17, 27, 336, 2, 27, 115, 6788 }, // U+00DC
    { 18, 27, 304, 1, 27, 122, 6903 }, // U+00DD
    { 16, 22, 304, 2, 22, 88, 7025 }, // U+00DE
    { 15, 22, 288, 2, 22, 83, 7113 }, // U+00DF
    { 14, 21, 256, 1, 21, 74, 7196 }, // U+00E0
    { 14, 21, 256, 1, 21, 74, 7270 }, // U+00E1
    { 14, 21, 256, 1, 21, 74, 7344 }, // U+00E2
    { 14, 21, 256, 1, 21, 74, 7418 }, // U+00E3
    { 14, 21, 256, 1, 21, 74, 7492 }, // U+00E4
    { 14, 22, 256, 1, 22, 77, 7566 }, // U+00E5
    { 24, 16, 416, 1, 16, 96, 7643 }, // U+00E6
    { 14, 22, 256, 1, 16, 77, 7739 }, // U+00E7
    { 14, 21, 256, 1, 21, 74, 7816 }, // U+00E8
    { 14, 21, 256, 1, 21, 74, 7890 }, // U+00E9
    { 14, 21, 256, 1, 21, 74, 7964 }, // U+00EA
    { 14, 21, 256, 1, 21, 74, 8038 }, // U+00EB
    { 5, 21, 128, 1, 21, 27, 8112 }, // U+00EC
    { 6, 21, 128, 2, 21, 32, 8139 }, // U+00ED
    { 9, 21, 128, 0, 21, 48, 8171 }, // U+00EE
    { 9, 21, 128, 0, 21, 48, 8219 }, // U+00EF
    { 16, 22, 288, 1, 22, 88, 8267 }, // U+00F0
    { 14, 21, 288, 2, 21, 74, 8355 }, // U+00F1
    { 16, 21, 288, 1, 21, 84, 8429 }, // U+00F2
    { 16, 21, 288, 1, 21, 84, 8513 }, // U+00F3
    { 16, 21, 288, 1, 21, 84, 8597 }, // U+00F4
    { 16, 21, 288, 1, 21, 84, 8681 }, // U+00F5
    { 16, 21, 288, 1, 21, 84, 8765 }, // U+00F6
    { 15, 15, 272, 1, 15, 57, 8849 }, // U+00F7
    { 16, 16, 288, 1, 16, 64, 8906 }, // U+00F8
    { 14, 21, 288, 2, 21, 74, 8970 }, // U+00F9
    { 14, 21, 288, 2, 21, 74, 9044 }, // U+00FA
    { 14, 21, 288, 2, 21, 74, 9118 }, // U+00FB
    { 14, 21, 288, 2, 21, 74, 9192 }, // U+00FC
    { 14, 27, 256, 1, 21, 95, 9266 }, // U+00FD
    { 15, 28, 288, 2, 22, 105, 9361 }, // U+00FE
    { 14, 27, 256, 1, 21, 95, 9466 }, // U+00FF
    { 19, 25, 336, 1, 25, 119, 0 }, // U+0100
    { 14, 19, 256, 1, 19, 67, 119 }, // U+0101
    { 19, 27, 336, 1, 27, 129, 186 }, // U+0102
    { 14, 21, 256, 1, 21, 74, 315 }, // U+0103
    { 19, 28, 336, 1, 22, 133, 389 }, // U+0104
    { 14, 22, 256, 1, 16, 77, 522 }, // U+0105
    { 18, 27, 336, 1, 27, 122, 599 }, // U+0106
    { 14, 21, 256, 1, 21, 74, 721 }, // U+0107
    { 18, 27, 336, 1, 27, 122, 795 }, // U+0108
    { 14, 21, 256, 1, 21, 74, 917 }, // U+0109
    { 18, 26, 336, 1, 26, 117, 991 }, // U+010A
    { 14, 20, 256, 1, 20, 70, 1108 }, // U+010B
    { 18, 27, 336, 1, 27, 122, 1178 }, // U+010C
    { 14, 21, 256, 1, 21, 74, 1300 }, // U+010D
    { 18, 27, 336, 2, 27, 122, 1374 }, // U+010E
    { 21, 22, 368, 1, 22, 116, 1496 }, // U+010F
    { 20, 22, 336, 0, 22, 110, 1612 }, // U+0110
    { 17, 22, 288, 1, 22, 94, 1722 }, // U+0111
    { 16, 25, 304, 2, 25, 100, 1816 }, // U+0112
    { 14, 19, 256, 1, 19, 67, 1916 }, // U+0113
    { 16, 27, 304, 2, 27, 108, 1983 }, // U+0114
    { 14, 21, 256, 1, 21, 74, 2091 }, // U+0115
    { 16, 26, 304, 2, 26, 104, 2165 }, // U+0116
    { 14, 20, 256, 1, 20, 70, 2269 }, // U+0117
    { 16, 28, 304, 2, 22, 112, 2339 }, // U+0118
    { 14, 22, 256, 1, 16, 77, 2451 }, // U+0119
    { 16, 27, 304, 2, 27, 108, 2528 }, // U+011A
    { 14, 21, 256, 1, 21, 74, 2636 }, // U+011B
    { 19, 27, 352, 1, 27, 129, 2710 }, // U+011C
    { 15, 27, 288, 1, 21, 102, 2839 }, // U+011D
    { 19, 27, 352, 1, 27, 129, 2941 }, // U+011E
    { 15, 27, 288, 1, 21, 102, 3070 }, // U+011F
    { 19, 26, 352, 1, 26, 124, 3172 }, // U+0120
    { 15, 26, 288, 1, 20, 98, 3296 }, // U+0121
    { 19, 32, 352, 1, 22, 152, 3394 }, // U+0122
    { 15, 30, 288, 1, 24, 113, 3546 }, // U+0123
    { 17, 27, 336, 2, 27, 115, 3659 }, // U+0124
    { 15, 27, 288, 1, 27, 102, 3774 }, // U+0125
    { 19, 22, 336, 1, 22, 105, 3876 }, // U+0126
    { 15, 22, 288, 1, 22, 83, 3981 }, // U+0127
    { 10, 27, 128, -1, 27, 68, 4064 }, // U+0128
    { 10, 21, 128, -1, 21, 53, 4132 }, // U+0129
    { 9, 25, 128, 0, 25, 57, 4185 }, // U+012A
    { 9, 19, 128, 0, 19, 43, 4242 }, // U+012B
    { 7, 27, 128, 1, 27, 48, 4285 }, // U+012C
    { 7, 21, 128, 1, 21, 37, 4333 }, // U+012D
    { 7, 28, 128, -1, 22, 49, 4370 }, // U+012E
    { 7, 28, 128, -1, 22, 49, 4419 }, // U+012F
    { 4, 26, 128, 2, 26, 26, 4468 }, // U+0130
    { 4, 16, 128, 2, 16, 16, 4494 }, // U+0131
    { 20, 22, 384, 2, 22, 110, 4510 }, // U+0132
    { 12, 28, 256, 2, 22, 84, 4620 }, // U+0133
    { 14, 27, 256, 1, 27, 95, 4704 }, // U+0134
    { 9, 27, 128, 0, 21, 61, 4799 }, // U+0135
    { 18, 32, 336, 2, 22, 144, 4860 }, // U+0136
    { 14, 32, 256, 2, 22, 112, 5004 }, // U+0137
    { 14, 16, 256, 2, 16, 56, 5116 }, // U+0138
    { 14, 27, 288, 3, 27, 95, 5172 }, // U+0139
    { 6, 27, 128, 2, 27, 41, 5267 }, // U+013A
    { 14, 32, 288, 3, 22, 112, 5308 }, // U+013B
    { 4, 32, 128, 2, 22, 32, 5420 }, // U+013C
    { 14, 22, 288, 3, 22, 77, 5452 }, // U+013D
    { 10, 22, 208, 2, 22, 55, 5529 }, // U+013E
    { 20, 22, 400, 3, 22, 110, 5584 }, // U+013F
    { 12, 22, 256, 2, 22, 66, 5694 }, // U+0140
    { 18, 22, 288, 0, 22, 99, 5760 }, // U+0141
    { 7, 22, 128, 0, 22, 39, 5859 }, // U+0142
    { 17, 27, 336, 2, 27, 115, 5898 }, // U+0143
    { 14, 21, 288, 2, 21, 74, 6013 }, // U+0144
    { 17, 32, 336, 2, 22, 136, 6087 }, // U+0145
    { 14, 26, 288, 2, 16, 91, 6223 }, // U+0146
    { 17, 27, 336, 2, 27, 115, 6314 }, // U+0147
    { 14, 21, 288, 2, 21, 74, 6429 }, // U+0148
    { 20, 22, 400, 0, 22, 110, 6503 }, // U+0149
    { 17, 30, 336, 2, 22, 128, 6613 }, // U+014A
    { 14, 22, 288, 2, 16, 77, 6741 }, // U+014B
    { 20, 25, 352, 1, 25, 125, 6818 }, // U+014C
    { 16, 19, 288, 1, 19, 76, 6943 }, // U+014D
    { 20, 27, 352, 1, 27, 135, 7019 }, // U+014E
    { 16, 21, 288, 1, 21, 84, 7154 }, // U+014F
    { 20, 27, 352, 1, 27, 135, 7238 }, // U+0150
    { 16, 21, 288, 1, 21, 84, 7373 }, // U+0151
    { 27, 22, 464, 1, 22, 149, 7457 }, // U+0152
    { 27, 16, 432, 0, 16, 108, 7606 }, // U+0153
    { 18, 27, 336, 2, 27, 122, 7714 }, // U+0154
    { 9, 21, 176, 2, 21, 48, 7836 }, // U+0155
    { 18, 32, 336, 2, 22, 144, 7884 }, // U+0156
    { 9, 26, 176, 2, 16, 59, 8028 }, // U+0157
    { 18, 27, 336, 2, 27, 122, 8087 }, // U+0158
    { 9, 21, 176, 2, 21, 48, 8209 }, // U+0159
    { 17, 27, 304, 1, 27, 115, 8257 }, // U+015A
    { 14, 21, 256, 1, 21, 74, 8372 }, // U+015B
    { 17, 27, 304, 1, 27, 115, 8446 }, // U+015C
    { 14, 21, 256, 1, 21, 74, 8561 }, // U+015D
    { 17, 28, 304, 1, 22, 119, 8635 }, // U+015E
    { 14, 22, 256, 1, 16, 77, 8754 }, // U+015F
    { 17, 27, 304, 1, 27, 115, 8831 }, // U+0160
    { 14, 21, 256, 1, 21, 74, 8946 }, // U+0161
    { 18, 28, 288, 0, 22, 126, 9020 }, // U+0162
    { 8, 27, 144, 0, 21, 54, 9146 }, // U+0163
    { 18, 27, 288, 0, 27, 122, 9200 }, // U+0164
    { 13, 22, 224, 0, 22, 72, 9322 }, // U+0165
    { 18, 22, 288, 0, 22, 99, 9394 }, // U+0166
    { 8, 21, 144, 0, 21, 42, 9493 }, // U+0167
    { 17, 27, 336, 2, 27, 115, 9535 }, // U+0168
    { 14, 21, 288, 2, 21, 74, 9650 }, // U+0169
    { 17, 25, 336, 2, 25, 107, 9724 }, // U+016A
    { 14, 19, 288, 2, 19, 67, 9831 }, // U+016B
    { 17, 27, 336, 2, 27, 115, 9898 }, // U+016C
    { 14, 21, 288, 2, 21, 74, 10013 }, // U+016D
    { 17, 28, 336, 2, 28, 119, 10087 }, // U+016E
    { 14, 22, 288, 2, 22, 77, 10206 }, // U+016F
    { 17, 27, 336, 2, 27, 115, 10283 }, // U+0170
    { 14, 21, 288, 2, 21, 74, 10398 }, // U+0171
    { 17, 28, 336, 2, 22, 119, 10472 }, // U+0172
    { 14, 22, 288, 2, 16, 77, 10591 }, // U+0173
    { 25, 27, 432, 1, 27, 169, 10668 }, // U+0174
    { 22, 21, 352, 0, 21, 116, 10837 }, // U+0175
    { 18, 27, 304, 1, 27, 122, 10953 }, // U+0176
    { 14, 27, 256, 1, 21, 95, 11075 }, // U+0177
    { 18, 27, 304, 1, 27, 122, 11170 }, // U+0178
    { 16, 27, 288, 1, 27, 108, 11292 }, // U+0179
    { 13, 21, 224, 0, 21, 69, 11400 }, // U+017A
    { 16, 26, 288, 1, 26, 104, 11469 }, // U+017B
    { 13, 20, 224, 0, 20, 65, 11573 }, // U+017C
    { 16, 27, 288, 1, 27, 108, 11638 }, // U+017D
    { 13, 21, 224, 0, 21, 69, 11746 }, // U+017E
    { 8, 16, 128, 0, 14, 32, 11815 }, // U+017F
    { 21, 23, 352, 1, 23, 121, 0 }, // U+01A0
    { 17, 18, 288, 1, 18, 77, 121 }, // U+01A1
    { 21, 23, 368, 2, 23, 121, 198 }, // U+01AF
    { 18, 18, 320, 2, 18, 81, 319 }, // U+01B0
    { 8, 16, 128, 0, 14, 32, 400 }, // U+01C4
    { 8, 16, 128, 0, 14, 32, 432 }, // U+01C5
    { 8, 16, 128, 0, 14, 32, 464 }, // U+01C6
    { 8, 16, 128, 0, 14, 32, 496 }, // U+01C7
    { 8, 16, 128, 0, 14, 32, 528 }, // U+01C8
    { 8, 16, 128, 0, 14, 32, 560 }, // U+01C9
    { 8, 16, 128, 0, 14, 32, 592 }, // U+01CA
    { 8, 16, 128, 0, 14, 32, 624 }, // U+01CB
    { 8, 16, 128, 0, 14, 32, 656 }, // U+01CC
    { 19, 27, 336, 1, 27, 129, 688 }, // U+01CD
    { 14, 21, 256, 1, 21, 74, 817 }, // U+01CE
    { 9, 27, 128, 0, 27, 61, 891 }, // U+01CF
    { 9, 21, 128, 0, 21, 48, 952 }, // U+01D0
    { 20, 27, 352, 1, 27, 135, 1000 }, // U+01D1
    { 16, 21, 288, 1, 21, 84, 1135 }, // U+01D2
    { 17, 27, 336, 2, 27, 115, 1219 }, // U+01D3
    { 14, 21, 288, 2, 21, 74, 1334 }, // U+01D4
    { 17, 30, 336, 2, 30, 128, 1408 }, // U+01D5
    { 14, 24, 288, 2, 24, 84, 1536 }, // U+01D6
    { 17, 32, 336, 2, 32, 136, 1620 }, // U+01D7
    { 14, 26, 288, 2, 26, 91, 1756 }, // U+01D8
    { 17, 32, 336, 2, 32, 136, 1847 }, // U+01D9
    { 14, 26, 288, 2, 26, 91, 1983 }, // U+01DA
    { 17, 32, 336, 2, 32, 136, 2074 }, // U+01DB
    { 14, 26, 288, 2, 26, 91, 2210 }, // U+01DC
    { 14, 16, 256, 1, 16, 56, 2301 }, // U+01DD
    { 19, 30, 336, 1, 30, 143, 2357 }, // U+01DE
    { 14, 24, 256, 1, 24, 84, 2500 }, // U+01DF
    { 19, 29, 336, 1, 29, 138, 2584 }, // U+01E0
    { 14, 23, 256, 1, 23, 81, 2722 }, // U+01E1
    { 27, 25, 464, 1, 25, 169, 2803 }, // U+01E2
    { 24, 19, 416, 1, 19, 114, 2972 }, // U+01E3
    { 21, 22, 352, 1, 22, 116, 3086 }, // U+01E4
    { 17, 22, 288, 1, 16, 94, 3202 }, // U+01E5
    { 19, 27, 352, 1, 27, 129, 3296 }, // U+01E6
    { 15, 27, 288, 1, 21, 102, 3425 }, // U+01E7
    { 18, 27, 336, 2, 27, 122, 3527 }, // U+01E8
    { 15, 27, 256, 1, 27, 102, 3649 }, // U+01E9
    { 20, 28, 352, 1, 22, 140, 3751 }, // U+01EA
    { 16, 22, 288, 1, 16, 88, 3891 }, // U+01EB
    { 20, 31, 352, 1, 25, 155, 3979 }, // U+01EC
    { 16, 25, 288, 1, 19, 100, 4134 }, // U+01ED
    { 8, 16, 128, 0, 14, 32, 4234 }, // U+01EE
    { 8, 16, 128, 0, 14, 32, 4266 }, // U+01EF
    { 9, 27, 128, 0, 21, 61, 4298 }, // U+01F0
    { 8, 16, 128, 0, 14, 32, 4359 }, // U+01F1
    { 8, 16, 128, 0, 14, 32, 4391 }, // U+01F2
    { 8, 16, 128, 0, 14, 32, 4423 }, // U+01F3
    { 19, 27, 352, 1, 27, 129, 4455 }, // U+01F4
    { 15, 27, 288, 1, 21, 102, 4584 }, // U+01F5
    { 8, 16, 128, 0, 14, 32, 4686 }, // U+01F6
    { 8, 16, 128, 0, 14, 32, 4718 }, // U+01F7
    { 17, 27, 336, 2, 27, 115, 4750 }, // U+01F8
    { 14, 21, 288, 2, 21, 74, 4865 }, // U+01F9
    { 19, 33, 336, 1, 33, 157, 4939 }, // U+01FA
    { 14, 27, 256, 1, 27, 95, 5096 }, // U+01FB
    { 27, 27, 464, 1, 27, 183, 5191 }, // U+01FC
    { 24, 21, 416, 1, 21, 126, 5374 }, // U+01FD
    { 20, 27, 352, 1, 27, 135, 5500 }, // U+01FE
    { 16, 21, 288, 1, 21, 84, 5635 }, // U+01FF
    { 19, 27, 336, 1, 27, 129, 5719 }, // U+0200
    { 14, 21, 256, 1, 21, 74, 5848 }, // U+0201
    { 19, 27, 336, 1, 27, 129, 5922 }, // U+0202
    { 14, 21, 256, 1, 21, 74, 6051 }, // U+0203
    { 16, 27, 304, 2, 27, 108, 6125 }, // U+0204
    { 14, 21, 256, 1, 21, 74, 6233 }, // U+0205
    { 16, 27, 304, 2, 27, 108, 6307 }, // U+0206
    { 14, 21, 256, 1, 21, 74, 6415 }, // U+0207
    { 10, 27, 128, -1, 27, 68, 6489 }, // U+0208
    { 10, 21, 128, -1, 21, 53, 6557 }, // U+0209
    { 7, 27, 128, 1, 27, 48, 6610 }, // U+020A
    { 7, 21, 128, 1, 21, 37, 6658 }, // U+020B
    { 20, 27, 352, 1, 27, 135, 6695 }, // U+020C
    { 16, 21, 288, 1, 21, 84, 6830 }, // U+020D
    { 20, 27, 352, 1, 27, 135, 6914 }, // U+020E
    { 16, 21, 288, 1, 21, 84, 7049 }, // U+020F
    { 18, 27, 336, 2, 27, 122, 7133 }, // U+0210
    { 10, 21, 176, 1, 21, 53, 7255 }, // U+0211
    { 18, 27, 336, 2, 27, 122, 7308 }, // U+0212
    { 9, 21, 176, 2, 21, 48, 7430 }, // U+0213
    { 17, 27, 336, 2, 27, 115, 7478 }, // U+0214
    { 14, 21, 288, 2, 21, 74, 7593 }, // U+0215
    { 17, 27, 336, 2, 27, 115, 7667 }, // U+0216
    { 14, 21, 288, 2, 21, 74, 7782 }, // U+0217
    { 17, 32, 304, 1, 22, 136, 7856 }, // U+0218
    { 14, 26, 256, 1, 16, 91, 7992 }, // U+0219
    { 18, 32, 288, 0, 22, 144, 8083 }, // U+021A
    { 8, 31, 144, 0, 21, 62, 8227 }, // U+021B
    { 8, 16, 128, 0, 14, 32, 8289 }, // U+021C
    { 8, 16, 128, 0, 14, 32, 8321 }, // U+021D
    { 17, 27, 336, 2, 27, 115, 8353 }, // U+021E
    { 15, 27, 288, 1, 27, 102, 8468 }, // U+021F
    { 8, 16, 128, 0, 14, 32, 0 }, // U+0300
    { 8, 16, 128, 0, 14, 32, 32 }, // U+0301
    { 8, 16, 128, 0, 14, 32, 64 }, // U+0302
    { 8, 16, 128, 0, 14, 32, 96 }, // U+0303
    { 8, 16, 128, 0, 14, 32, 128 }, // U+0304
    { 8, 16, 128, 0, 14, 32, 160 }, // U+0305
    { 8, 16, 128, 0, 14, 32, 192 }, // U+0306
    { 8, 16, 128, 0, 14, 32, 224 }, // U+0307
    { 8, 16, 128, 0, 14, 32, 256 }, // U+0308
    { 8, 16, 128, 0, 14, 32, 288 }, // U+0309
    { 8, 16, 128, 0, 14, 32, 320 }, // U+030A
    { 8, 16, 128, 0, 14, 32, 352 }, // U+030B
    { 8, 16, 128, 0, 14, 32, 384 }, // U+030C
    { 8, 16, 128, 0, 14, 32, 416 }, // U+030D
    { 8, 16, 128, 0, 14, 32, 448 }, // U+030E
    { 8, 16, 128, 0, 14, 32, 480 }, // U+030F
    { 8, 16, 128, 0, 14, 32, 512 }, // U+0310
    { 8, 16, 128, 0, 14, 32, 544 }, // U+0311
    { 8, 16, 128, 0, 14, 32, 576 }, // U+0312
    { 8, 16, 128, 0, 14, 32, 608 }, // U+0313
    { 8, 16, 128, 0, 14, 32, 640 }, // U+0314
    { 8, 16, 128, 0, 14, 32, 672 }, // U+0315
    { 8, 16, 128, 0, 14, 32, 704 }, // U+0316
    { 8, 16, 128, 0, 14, 32, 736 }, // U+0317
    { 8, 16, 128, 0, 14, 32, 768 }, // U+0318
    { 8, 16, 128, 0, 14, 32, 800 }, // U+0319
    { 8, 16, 128, 0, 14, 32, 832 }, // U+031A
    { 8, 16, 128, 0, 14, 32, 864 }, // U+031B
    { 8, 16, 128, 0, 14, 32, 896 }, // U+031C
    { 8, 16, 128, 0, 14, 32, 928 }, // U+031D
    { 8, 16, 128, 0, 14, 32, 960 }, // U+031E
    { 8, 16, 128, 0, 14, 32, 992 }, // U+031F
    { 8, 16, 128, 0, 14, 32, 1024 }, // U+0320
    { 8, 16, 128, 0, 14, 32, 1056 }, // U+0321
    { 8, 16, 128, 0, 14, 32, 1088 }, // U+0322
    { 8, 16, 128, 0, 14, 32, 1120 }, // U+0323
    { 8, 16, 128, 0, 14, 32, 1152 }, // U+0324
    { 8, 16, 128, 0, 14, 32, 1184 }, // U+0325
    { 8, 16, 128, 0, 14, 32, 1216 }, // U+0326
    { 8, 16, 128, 0, 14, 32, 1248 }, // U+0327
    { 8, 16, 128, 0, 14, 32, 1280 }, // U+0328
    { 8, 16, 128, 0, 14, 32, 1312 }, // U+0329
    { 8, 16, 128, 0, 14, 32, 1344 }, // U+032A
    { 8, 16, 128, 0, 14, 32, 1376 }, // U+032B
    { 8, 16, 128, 0, 14, 32, 1408 }, // U+032C
    { 8, 16, 128, 0, 14, 32, 1440 }, // U+032D
    { 8, 16, 128, 0, 14, 32, 1472 }, // U+032E
    { 8, 16, 128, 0, 14, 32, 1504 }, // U+032F
    { 8, 16, 128, 0, 14, 32, 1536 }, // U+0330
    { 8, 16, 128, 0, 14, 32, 1568 }, // U+0331
    { 8, 16, 128, 0, 14, 32, 1600 }, // U+0332
    { 8, 16, 128, 0, 14, 32, 1632 }, // U+0333
    { 8, 16, 128, 0, 14, 32, 1664 }, // U+0334
    { 8, 16, 128, 0, 14, 32, 1696 }, // U+0335
    { 8, 16, 128, 0, 14, 32, 1728 }, // U+0336
    { 8, 16, 128, 0, 14, 32, 1760 }, // U+0337
    { 8, 16, 128, 0, 14, 32, 1792 }, // U+0338
    { 8, 16, 128, 0, 14, 32, 1824 }, // U+0339
    { 8, 16, 128, 0, 14, 32, 1856 }, // U+033A
    { 8, 16, 128, 0, 14, 32, 1888 }, // U+033B
    { 8, 16, 128, 0, 14, 32, 1920 }, // U+033C
    { 8, 16, 128, 0, 14, 32, 1952 }, // U+033D
    { 8, 16, 128, 0, 14, 32, 1984 }, // U+033E
    { 8, 16, 128, 0, 14, 32, 2016 }, // U+033F
    { 8, 16, 128, 0, 14, 32, 2048 }, // U+0340
    { 8, 16, 128, 0, 14, 32, 2080 }, // U+0341
    { 8, 16, 128, 0, 14, 32, 2112 }, // U+0342
    { 8, 16, 128, 0, 14, 32, 2144 }, // U+0343
    { 8, 16, 128, 0, 14, 32, 2176 }, // U+0344
    { 8, 16, 128, 0, 14, 32, 2208 }, // U+0345
    { 8, 16, 128, 0, 14, 32, 2240 }, // U+0346
    { 8, 16, 128, 0, 14, 32, 2272 }, // U+0347
    { 8, 16, 128, 0, 14, 32, 2304 }, // U+0348
    { 8, 16, 128, 0, 14, 32, 2336 }, // U+0349
    { 8, 16, 128, 0, 14, 32, 2368 }, // U+034A
    { 8, 16, 128, 0, 14, 32, 2400 }, // U+034B
    { 8, 16, 128, 0, 14, 32, 2432 }, // U+034C
    { 8, 16, 128, 0, 14, 32, 2464 }, // U+034D
    { 8, 16, 128, 0, 14, 32, 2496 }, // U+034E
    { 16, 16, 256, 0, 14, 64, 2528 }, // U+034F
    { 8, 16, 128, 0, 14, 32, 2592 }, // U+0350
    { 8, 16, 128, 0, 14, 32, 2624 }, // U+0351
    { 8, 16, 128, 0, 14, 32, 2656 }, // U+0352
    { 8, 16, 128, 0, 14, 32, 2688 }, // U+0353
    { 8, 16, 128, 0, 14, 32, 2720 }, // U+0354
    { 8, 16, 128, 0, 14, 32, 2752 }, // U+0355
    { 8, 16, 128, 0, 14, 32, 2784 }, // U+0356
    { 8, 16, 128, 0, 14, 32, 2816 }, // U+0357
    { 8, 16, 128, 0, 14, 32, 2848 }, // U+0358
    { 8, 16, 128, 0, 14, 32, 2880 }, // U+0359
    { 8, 16, 128, 0, 14, 32, 2912 }, // U+035A
    { 8, 16, 128, 0, 14, 32, 2944 }, // U+035B
    { 16, 16, 256, 0, 14, 64, 2976 }, // U+035C
    { 16, 16, 256, 0, 14, 64, 3040 }, // U+035D
    { 16, 16, 256, 0, 14, 64, 3104 }, // U+035E
    { 16, 16, 256, 0, 14, 64, 3168 }, // U+035F
    { 16, 16, 256, 0, 14, 64, 3232 }, // U+0360
    { 16, 16, 256, 0, 14, 64, 3296 }, // U+0361
    { 16, 16, 256, 0, 14, 64, 3360 }, // U+0362
    { 8, 16, 128, 0, 14, 32, 3424 }, // U+0363
    { 8, 16, 128, 0, 14, 32, 3456 }, // U+0364
    { 8, 16, 128, 0, 14, 32, 3488 }, // U+0365
    { 8, 16, 128, 0, 14, 32, 3520 }, // U+0366
    { 8, 16, 128, 0, 14, 32, 3552 }, // U+0367
    { 8, 16, 128, 0, 14, 32, 3584 }, // U+0368
    { 8, 16, 128, 0, 14, 32, 3616 }, // U+0369
    { 8, 16, 128, 0, 14, 32, 3648 }, // U+036A
    { 8, 16, 128, 0, 14, 32, 3680 }, // U+036B
    { 8, 16, 128, 0, 14, 32, 3712 }, // U+036C
    { 8, 16, 128, 0, 14, 32, 3744 }, // U+036D
    { 8, 16, 128, 0, 14, 32, 3776 }, // U+036E
    { 8, 16, 128, 0, 14, 32, 3808 }, // U+036F
    { 8, 16, 128, 0, 14, 32, 0 }, // U+0400
    { 8, 16, 128, 0, 14, 32, 32 }, // U+0401
    { 8, 16, 128, 0, 14, 32, 64 }, // U+0402
    { 8, 16, 128, 0, 14, 32, 96 }, // U+0403
    { 8, 16, 128, 0, 14, 32, 128 }, // U+0404
    { 8, 16, 128, 0, 14, 32, 160 }, // U+0405
    { 8, 16, 128, 0, 14, 32, 192 }, // U+0406
    { 8, 16, 128, 0, 14, 32, 224 }, // U+0407
    { 8, 16, 128, 0, 14, 32, 256 }, // U+0408
    { 8, 16, 128, 0, 14, 32, 288 }, // U+0409
    { 8, 16, 128, 0, 14, 32, 320 }, // U+040A
    { 8, 16, 128, 0, 14, 32, 352 }, // U+040B
    { 8, 16, 128, 0, 14, 32, 384 }, // U+040C
    { 8, 16, 128, 0, 14, 32, 416 }, // U+040D
    { 8, 16, 128, 0, 14, 32, 448 }, // U+040E
    { 8, 16, 128, 0, 14, 32, 480 }, // U+040F
    { 8, 16, 128, 0, 14, 32, 512 }, // U+0410
    { 8, 16, 128, 0, 14, 32, 544 }, // U+0411
    { 8, 16, 128, 0, 14, 32, 576 }, // U+0412
    { 8, 16, 128, 0, 14, 32, 608 }, // U+0413
    { 8, 16, 128, 0, 14, 32, 640 }, // U+0414
    { 8, 16, 128, 0, 14, 32, 672 }, // U+0415
    { 8, 16, 128, 0, 14, 32, 704 }, // U+0416
    { 8, 16, 128, 0, 14, 32, 736 }, // U+0417
    { 8, 16, 128, 0, 14, 32, 768 }, // U+0418
    { 8, 16, 128, 0, 14, 32, 800 }, // U+0419
    { 8, 16, 128, 0, 14, 32, 832 }, // U+041A
    { 8, 16, 128, 0, 14, 32, 864 }, // U+041B
    { 8, 16, 128, 0, 14, 32, 896 }, // U+041C
    { 8, 16, 128, 0, 14, 32, 928 }, // U+041D
    { 8, 16, 128, 0, 14, 32, 960 }, // U+041E
    { 8, 16, 128, 0, 14, 32, 992 }, // U+041F
    { 8, 16, 128, 0, 14, 32, 1024 }, // U+0420
    { 8, 16, 128, 0, 14, 32, 1056 }, // U+0421
    { 8, 16, 128, 0, 14, 32, 1088 }, // U+0422
    { 8, 16, 128, 0, 14, 32, 1120 }, // U+0423
    { 8, 16, 128, 0, 14, 32, 1152 }, // U+0424
    { 8, 16, 128, 0, 14, 32, 1184 }, // U+0425
    { 8, 16, 128, 0, 14, 32, 1216 }, // U+0426
    { 8, 16, 128, 0, 14, 32, 1248 }, // U+0427
    { 8, 16, 128, 0, 14, 32, 1280 }, // U+0428
    { 8, 16, 128, 0, 14, 32, 1312 }, // U+0429
    { 8, 16, 128, 0, 14, 32, 1344 }, // U+042A
    { 8, 16, 128, 0, 14, 32, 1376 }, // U+042B
    { 8, 16, 128, 0, 14, 32, 1408 }, // U+042C
    { 8, 16, 128, 0, 14, 32, 1440 }, // U+042D
    { 8, 16, 128, 0, 14, 32, 1472 }, // U+042E
    { 8, 16, 128, 0, 14, 32, 1504 }, // U+042F
    { 8, 16, 128, 0, 14, 32, 1536 }, // U+0430
    { 8, 16, 128, 0, 14, 32, 1568 }, // U+0431
    { 8, 16, 128, 0, 14, 32, 1600 }, // U+0432
    { 8, 16, 128, 0, 14, 32, 1632 }, // U+0433
    { 8, 16, 128, 0, 14, 32, 1664 }, // U+0434
    { 8, 16, 128, 0, 14, 32, 1696 }, // U+0435
    { 8, 16, 128, 0, 14, 32, 1728 }, // U+0436
    { 8, 16, 128, 0, 14, 32, 1760 }, // U+0437
    { 8, 16, 128, 0, 14, 32, 1792 }, // U+0438
    { 8, 16, 128, 0, 14, 32, 1824 }, // U+0439
    { 8, 16, 128, 0, 14, 32, 1856 }, // U+043A
    { 8, 16, 128, 0, 14, 32, 1888 }, // U+043B
    { 8, 16, 128, 0, 14, 32, 1920 }, // U+043C
    { 8, 16, 128, 0, 14, 32, 1952 }, // U+043D
    { 8, 16, 128, 0, 14, 32, 1984 }, // U+043E
    { 8, 16, 128, 0, 14, 32, 2016 }, // U+043F
    { 8, 16, 128, 0, 14, 32, 2048 }, // U+0440
    { 8, 16, 128, 0, 14, 32, 2080 }, // U+0441
    { 8, 16, 128, 0, 14, 32, 2112 }, // U+0442
    { 8, 16, 128, 0, 14, 32, 2144 }, // U+0443
    { 8, 16, 128, 0, 14, 32, 2176 }, // U+0444
    { 8, 16, 128, 0, 14, 32, 2208 }, // U+0445
    { 8, 16, 128, 0, 14, 32, 2240 }, // U+0446
    { 8, 16, 128, 0, 14, 32, 2272 }, // U+0447
    { 8, 16, 128, 0, 14, 32, 2304 }, // U+0448
    { 8, 16, 128, 0, 14, 32, 2336 }, // U+0449
    { 8, 16, 128, 0, 14, 32, 2368 }, // U+044A
    { 8, 16, 128, 0, 14, 32, 2400 }, // U+044B
    { 8, 16, 128, 0, 14, 32, 2432 }, // U+044C
    { 8, 16, 128, 0, 14, 32, 2464 }, // U+044D
    { 8, 16, 128, 0, 14, 32, 2496 }, // U+044E
    { 8, 16, 128, 0, 14, 32, 2528 }, // U+044F
    { 8, 16, 128, 0, 14, 32, 2560 }, // U+0450
    { 8, 16, 128, 0, 14, 32, 2592 }, // U+0451
    { 8, 16, 128, 0, 14, 32, 2624 }, // U+0452
    { 8, 16, 128, 0, 14, 32, 2656 }, // U+0453
    { 8, 16, 128, 0, 14, 32, 2688 }, // U+0454
    { 8, 16, 128, 0, 14, 32, 2720 }, // U+0455
    { 8, 16, 128, 0, 14, 32, 2752 }, // U+0456
    { 8, 16, 128, 0, 14, 32, 2784 }, // U+0457
    { 8, 16, 128, 0, 14, 32, 2816 }, // U+0458
    { 8, 16, 128, 0, 14, 32, 2848 }, // U+0459
    { 8, 16, 128, 0, 14, 32, 2880 }, // U+045A
    { 8, 16, 128, 0, 14, 32, 2912 }, // U+045B
    { 8, 16, 128, 0, 14, 32, 2944 }, // U+045C
    { 8, 16, 128, 0, 14, 32, 2976 }, // U+045D
    { 8, 16, 128, 0, 14, 32, 3008 }, // U+045E
    { 8, 16, 128, 0, 14, 32, 3040 }, // U+045F
    { 8, 16, 128, 0, 14, 32, 3072 }, // U+0460
    { 8, 16, 128, 0, 14, 32, 3104 }, // U+0461
    { 8, 16, 128, 0, 14, 32, 3136 }, // U+0462
    { 8, 16, 128, 0, 14, 32, 3168 }, // U+0463
    { 8, 16, 128, 0, 14, 32, 3200 }, // U+0464
    { 8, 16, 128, 0, 14, 32, 3232 }, // U+0465
    { 8, 16, 128, 0, 14, 32, 3264 }, // U+0466
    { 8, 16, 128, 0, 14, 32, 3296 }, // U+0467
    { 8, 16, 128, 0, 14, 32, 3328 }, // U+0468
    { 8, 16, 128, 0, 14, 32, 3360 }, // U+0469
    { 8, 16, 128, 0, 14, 32, 3392 }, // U+046A
    { 8, 16, 128, 0, 14, 32, 3424 }, // U+046B
    { 8, 16, 128, 0, 14, 32, 3456 }, // U+046C
    { 8, 16, 128, 0, 14, 32, 3488 }, // U+046D
    { 8, 16, 128, 0, 14, 32, 3520 }, // U+046E
    { 8, 16, 128, 0, 14, 32, 3552 }, // U+046F
    { 8, 16, 128, 0, 14, 32, 3584 }, // U+0470
    { 8, 16, 128, 0, 14, 32, 3616 }, // U+0471
    { 8, 16, 128, 0, 14, 32, 3648 }, // U+0472
    { 8, 16, 128, 0, 14, 32, 3680 }, // U+0473
    { 8, 16, 128, 0, 14, 32, 3712 }, // U+0474
    { 8, 16, 128, 0, 14, 32, 3744 }, // U+0475
    { 8, 16, 128, 0, 14, 32, 3776 }, // U+0476
    { 8, 16, 128, 0, 14, 32, 3808 }, // U+0477
    { 8, 16, 128, 0, 14, 32, 3840 }, // U+0478
    { 8, 16, 128, 0, 14, 32, 3872 }, // U+0479
    { 8, 16, 128, 0, 14, 32, 3904 }, // U+047A
    { 8, 16, 128, 0, 14, 32, 3936 }, // U+047B
    { 8, 16, 128, 0, 14, 32, 3968 }, // U+047C
    { 8, 16, 128, 0, 14, 32, 4000 }, // U+047D
    { 8, 16, 128, 0, 14, 32, 4032 }, // U+047E
    { 8, 16, 128, 0, 14, 32, 4064 }, // U+047F
    { 8, 16, 128, 0, 14, 32, 4096 }, // U+0480
    { 8, 16, 128, 0, 14, 32, 4128 }, // U+0481
    { 8, 16, 128, 0, 14, 32, 4160 }, // U+0482
    { 8, 16, 128, 0, 14, 32, 4192 }, // U+0483
    { 8, 16, 128, 0, 14, 32, 4224 }, // U+0484
    { 8, 16, 128, 0, 14, 32, 4256 }, // U+0485
    { 8, 16, 128, 0, 14, 32, 4288 }, // U+0486
    { 8, 16, 128, 0, 14, 32, 4320 }, // U+0487
    { 16, 16, 256, 0, 14, 64, 4352 }, // U+0488
    { 16, 16, 256, 0, 14, 64, 4416 }, // U+0489
    { 8, 16, 128, 0, 14, 32, 4480 }, // U+048A
    { 8, 16, 128, 0, 14, 32, 4512 }, // U+048B
    { 8, 16, 128, 0, 14, 32, 4544 }, // U+048C
    { 8, 16, 128, 0, 14, 32, 4576 }, // U+048D
    { 8, 16, 128, 0, 14, 32, 4608 }, // U+048E
    { 8, 16, 128, 0, 14, 32, 4640 }, // U+048F
    { 8, 16, 128, 0, 14, 32, 4672 }, // U+0490
    { 8, 16, 128, 0, 14, 32, 4704 }, // U+0491
    { 8, 16, 128, 0, 14, 32, 4736 }, // U+0492
    { 8, 16, 128, 0, 14, 32, 4768 }, // U+0493
    { 8, 16, 128, 0, 14, 32, 4800 }, // U+0494
    { 8, 16, 128, 0, 14, 32, 4832 }, // U+0495
    { 8, 16, 128, 0, 14, 32, 4864 }, // U+0496
    { 8, 16, 128, 0, 14, 32, 4896 }, // U+0497
    { 8, 16, 128, 0, 14, 32, 4928 }, // U+0498
    { 8, 16, 128, 0, 14, 32, 4960 }, // U+0499
    { 8, 16, 128, 0, 14, 32, 4992 }, // U+049A
    { 8, 16, 128, 0, 14, 32, 5024 }, // U+049B
    { 8, 16, 128, 0, 14, 32, 5056 }, // U+049C
    { 8, 16, 128, 0, 14, 32, 5088 }, // U+049D
    { 8, 16, 128, 0, 14, 32, 5120 }, // U+049E
    { 8, 16, 128, 0, 14, 32, 5152 }, // U+049F
    { 8, 16, 128, 0, 14, 32, 5184 }, // U+04A0
    { 8, 16, 128, 0, 14, 32, 5216 }, // U+04A1
    { 8, 16, 128, 0, 14, 32, 5248 }, // U+04A2
    { 8, 16, 128, 0, 14, 32, 5280 }, // U+04A3
    { 8, 16, 128, 0, 14, 32, 5312 }, // U+04A4
    { 8, 16, 128, 0, 14, 32, 5344 }, // U+04A5
    { 8, 16, 128, 0, 14, 32, 5376 }, // U+04A6
    { 8, 16, 128, 0, 14, 32, 5408 }, // U+04A7
    { 8, 16, 128, 0, 14, 32, 5440 }, // U+04A8
    { 8, 16, 128, 0, 14, 32, 5472 }, // U+04A9
    { 8, 16, 128, 0, 14, 32, 5504 }, // U+04AA
    { 8, 16, 128, 0, 14, 32, 5536 }, // U+04AB
    { 8, 16, 128, 0, 14, 32, 5568 }, // U+04AC
    { 8, 16, 128, 0, 14, 32, 5600 }, // U+04AD
    { 8, 16, 128, 0, 14, 32, 5632 }, // U+04AE
    { 8, 16, 128, 0, 14, 32, 5664 }, // U+04AF
    { 8, 16, 128, 0, 14, 32, 5696 }, // U+04B0
    { 8, 16, 128, 0, 14, 32, 5728 }, // U+04B1
    { 8, 16, 128, 0, 14, 32, 5760 }, // U+04B2
    { 8, 16, 128, 0, 14, 32, 5792 }, // U+04B3
    { 8, 16, 128, 0, 14, 32, 5824 }, // U+04B4
    { 8, 16, 128, 0, 14, 32, 5856 }, // U+04B5
    { 8, 16, 128, 0, 14, 32, 5888 }, // U+04B6
    { 8, 16, 128, 0, 14, 32, 5920 }, // U+04B7
    { 8, 16, 128, 0, 14, 32, 5952 }, // U+04B8
    { 8, 16, 128, 0, 14, 32, 5984 }, // U+04B9
    { 8, 16, 128, 0, 14, 32, 6016 }, // U+04BA
    { 8, 16, 128, 0, 14, 32, 6048 }, // U+04BB
    { 8, 16, 128, 0, 14, 32, 6080 }, // U+04BC
    { 8, 16, 128, 0, 14, 32, 6112 }, // U+04BD
    { 8, 16, 128, 0, 14, 32, 6144 }, // U+04BE
    { 8, 16, 128, 0, 14, 32, 6176 }, // U+04BF
    { 8, 16, 128, 0, 14, 32, 6208 }, // U+04C0
    { 8, 16, 128, 0, 14, 32, 6240 }, // U+04C1
    { 8, 16, 128, 0, 14, 32, 6272 }, // U+04C2
    { 8, 16, 128, 0, 14, 32, 6304 }, // U+04C3
    { 8, 16, 128, 0, 14, 32, 6336 }, // U+04C4
    { 8, 16, 128, 0, 14, 32, 6368 }, // U+04C5
    { 8, 16, 128, 0, 14, 32, 6400 }, // U+04C6
    { 8, 16, 128, 0, 14, 32, 6432 }, // U+04C7
    { 8, 16, 128, 0, 14, 32, 6464 }, // U+04C8
    { 8, 16, 128, 0, 14, 32, 6496 }, // U+04C9
    { 8, 16, 128, 0, 14, 32, 6528 }, // U+04CA
    { 8, 16, 128, 0, 14, 32, 6560 }, // U+04CB
    { 8, 16, 128, 0, 14, 32, 6592 }, // U+04CC
    { 8, 16, 128, 0, 14, 32, 6624 }, // U+04CD
    { 8, 16, 128, 0, 14, 32, 6656 }, // U+04CE
    { 8, 16, 128, 0, 14, 32, 6688 }, // U+04CF
    { 8, 16, 128, 0, 14, 32, 6720 }, // U+04D0
    { 8, 16, 128, 0, 14, 32, 6752 }, // U+04D1
    { 8, 16, 128, 0, 14, 32, 6784 }, // U+04D2
    { 8, 16, 128, 0, 14, 32, 6816 }, // U+04D3
    { 8, 16, 128, 0, 14, 32, 6848 }, // U+04D4
    { 8, 16, 128, 0, 14, 32, 6880 }, // U+04D5
    { 8, 16, 128, 0, 14, 32, 6912 }, // U+04D6
    { 8, 16, 128, 0, 14, 32, 6944 }, // U+04D7
    { 8, 16, 128, 0, 14, 32, 6976 }, // U+04D8
    { 8, 16, 128, 0, 14, 32, 7008 }, // U+04D9
    { 8, 16, 128, 0, 14, 32, 7040 }, // U+04DA
    { 8, 16, 128, 0, 14, 32, 7072 }, // U+04DB
    { 8, 16, 128, 0, 14, 32, 7104 }, // U+04DC
    { 8, 16, 128, 0, 14, 32, 7136 }, // U+04DD
    { 8, 16, 128, 0, 14, 32, 7168 }, // U+04DE
    { 8, 16, 128, 0, 14, 32, 7200 }, // U+04DF
    { 8, 16, 128, 0, 14, 32, 7232 }, // U+04E0
    { 8, 16, 128, 0, 14, 32, 7264 }, // U+04E1
    { 8, 16, 128, 0, 14, 32, 7296 }, // U+04E2
    { 8, 16, 128, 0, 14, 32, 7328 }, // U+04E3
    { 8, 16, 128, 0, 14, 32, 7360 }, // U+04E4
    { 8, 16, 128, 0, 14, 32, 7392 }, // U+04E5
    { 8, 16, 128, 0, 14, 32, 7424 }, // U+04E6
    { 8, 16, 128, 0, 14, 32, 7456 }, // U+04E7
    { 8, 16, 128, 0, 14, 32, 7488 }, // U+04E8
    { 8, 16, 128, 0, 14, 32, 7520 }, // U+04E9
    { 8, 16, 128, 0, 14, 32, 7552 }, // U+04EA
    { 8, 16, 128, 0, 14, 32, 7584 }, // U+04EB
    { 8, 16, 128, 0, 14, 32, 7616 }, // U+04EC
    { 8, 16, 128, 0, 14, 32, 7648 }, // U+04ED
    { 8, 16, 128, 0, 14, 32, 7680 }, // U+04EE
    { 8, 16, 128, 0, 14, 32, 7712 }, // U+04EF
    { 8, 16, 128, 0, 14, 32, 7744 }, // U+04F0
    { 8, 16, 128, 0, 14, 32, 7776 }, // U+04F1
    { 8, 16, 128, 0, 14, 32, 7808 }, // U+04F2
    { 8, 16, 128, 0, 14, 32, 7840 }, // U+04F3
    { 8, 16, 128, 0, 14, 32, 7872 }, // U+04F4
    { 8, 16, 128, 0, 14, 32, 7904 }, // U+04F5
    { 8, 16, 128, 0, 14, 32, 7936 }, // U+04F6
    { 8, 16, 128, 0, 14, 32, 7968 }, // U+04F7
    { 8, 16, 128, 0, 14, 32, 8000 }, // U+04F8
    { 8, 16, 128, 0, 14, 32, 8032 }, // U+04F9
    { 8, 16, 128, 0, 14, 32, 8064 }, // U+04FA
    { 8, 16, 128, 0, 14, 32, 8096 }, // U+04FB
    { 8, 16, 128, 0, 14, 32, 8128 }, // U+04FC
    { 8, 16, 128, 0, 14, 32, 8160 }, // U+04FD
    { 8, 16, 128, 0, 14, 32, 8192 }, // U+04FE
    { 8, 16, 128, 0, 14, 32, 8224 }, // U+04FF
    { 19, 26, 336, 1, 22, 124, 0 }, // U+1EA0
    { 14, 20, 256, 1, 16, 70, 124 }, // U+1EA1
    { 8, 16, 128, 0, 14, 32, 194 }, // U+1EA2
    { 8, 16, 128, 0, 14, 32, 226 }, // U+1EA3
    { 19, 32, 336, 1, 32, 152, 258 }, // U+1EA4
    { 14, 26, 256, 1, 26, 91, 410 }, // U+1EA5
    { 19, 32, 336, 1, 32, 152, 501 }, // U+1EA6
    { 14, 26, 256, 1, 26, 91, 653 }, // U+1EA7
    { 8, 16, 128, 0, 14, 32, 744 }, // U+1EA8
    { 8, 16, 128, 0, 14, 32, 776 }, // U+1EA9
    { 19, 32, 336, 1, 32, 152, 808 }, // U+1EAA
    { 14, 26, 256, 1, 26, 91, 960 }, // U+1EAB
    { 19, 31, 336, 1, 27, 148, 1051 }, // U+1EAC
    { 14, 25, 256, 1, 21, 88, 1199 }, // U+1EAD
    { 19, 32, 336, 1, 32, 152, 1287 }, // U+1EAE
    { 14, 26, 256, 1, 26, 91, 1439 }, // U+1EAF
    { 19, 32, 336, 1, 32, 152, 1530 }, // U+1EB0
    { 14, 26, 256, 1, 26, 91, 1682 }, // U+1EB1
    { 8, 16, 128, 0, 14, 32, 1773 }, // U+1EB2
    { 8, 16, 128, 0, 14, 32, 1805 }, // U+1EB3
    { 19, 32, 336, 1, 32, 152, 1837 }, // U+1EB4
    { 14, 26, 256, 1, 26, 91, 1989 }, // U+1EB5
    { 19, 31, 336, 1, 27, 148, 2080 }, // U+1EB6
    { 14, 25, 256, 1, 21, 88, 2228 }, // U+1EB7
    { 16, 26, 304, 2, 22, 104, 2316 }, // U+1EB8
    { 14, 20, 256, 1, 16, 70, 2420 }, // U+1EB9
    { 8, 16, 128, 0, 14, 32, 2490 }, // U+1EBA
    { 8, 16, 128, 0, 14, 32, 2522 }, // U+1EBB
    { 16, 27, 304, 2, 27, 108, 2554 }, // U+1EBC
    { 14, 21, 256, 1, 21, 74, 2662 }, // U+1EBD
    { 16, 32, 304, 2, 32, 128, 2736 }, // U+1EBE
    { 14, 26, 256, 1, 26, 91, 2864 }, // U+1EBF
    { 16, 32, 304, 2, 32, 128, 2955 }, // U+1EC0
    { 14, 26, 256, 1, 26, 91, 3083 }, // U+1EC1
    { 8, 16, 128, 0, 14, 32, 3174 }, // U+1EC2
    { 8, 16, 128, 0, 14, 32, 3206 }, // U+1EC3
    { 16, 32, 304, 2, 32, 128, 3238 }, // U+1EC4
    { 14, 26, 256, 1, 26, 91, 3366 }, // U+1EC5
    { 16, 31, 304, 2, 27, 124, 3457 }, // U+1EC6
    { 14, 25, 256, 1, 21, 88, 3581 }, // U+1EC7
    { 8, 16, 128, 0, 14, 32, 3669 }, // U+1EC8
    { 8, 16, 128, 0, 14, 32, 3701 }, // U+1EC9
    { 4, 26, 128, 2, 22, 26, 3733 }, // U+1ECA
    { 4, 26, 128, 2, 22, 26, 3759 }, // U+1ECB
    { 20, 26, 352, 1, 22, 130, 3785 }, // U+1ECC
    { 16, 20, 288, 1, 16, 80, 3915 }, // U+1ECD
    { 8, 16, 128, 0, 14, 32, 3995 }, // U+1ECE
    { 8, 16, 128, 0, 14, 32, 4027 }, // U+1ECF
    { 20, 32, 352, 1, 32, 160, 4059 }, // U+1ED0
    { 16, 26, 288, 1, 26, 104, 4219 }, // U+1ED1
    { 20, 32, 352, 1, 32, 160, 4323 }, // U+1ED2
    { 16, 26, 288, 1, 26, 104, 4483 }, // U+1ED3
    { 8, 16, 128, 0, 14, 32, 4587 }, // U+1ED4
    { 8, 16, 128, 0, 14, 32, 4619 }, // U+1ED5
    { 20, 32, 352, 1, 32, 160, 4651 }, // U+1ED6
    { 16, 26, 288, 1, 26, 104, 4811 }, // U+1ED7
    { 20, 31, 352, 1, 27, 155, 4915 }, // U+1ED8
    { 16, 25, 288, 1, 21, 100, 5070 }, // U+1ED9
    { 21, 27, 352, 1, 27, 142, 5170 }, // U+1EDA
    { 17, 21, 288, 1, 21, 90, 5312 }, // U+1EDB
    { 21, 27, 352, 1, 27, 142, 5402 }, // U+1EDC
    { 17, 21, 288, 1, 21, 90, 5544 }, // U+1EDD
    { 8, 16, 128, 0, 14, 32, 5634 }, // U+1EDE
    { 8, 16, 128, 0, 14, 32, 5666 }, // U+1EDF
    { 21, 27, 352, 1, 27, 142, 5698 }, // U+1EE0
    { 17, 21, 288, 1, 21, 90, 5840 }, // U+1EE1
    { 21, 27, 352, 1, 23, 142, 5930 }, // U+1EE2
    { 17, 22, 288, 1, 18, 94, 6072 }, // U+1EE3
    { 17, 26, 336, 2, 22, 111, 6166 }, // U+1EE4
    { 14, 20, 288, 2, 16, 70, 6277 }, // U+1EE5
    { 8, 16, 128, 0, 14, 32, 6347 }, // U+1EE6
    { 8, 16, 128, 0, 14, 32, 6379 }, // U+1EE7
    { 21, 27, 368, 2, 27, 142, 6411 }, // U+1EE8
    { 18, 21, 320, 2, 21, 95, 6553 }, // U+1EE9
    { 21, 27, 368, 2, 27, 142, 6648 }, // U+1EEA
    { 18, 21, 320, 2, 21, 95, 6790 }, // U+1EEB
    { 8, 16, 128, 0, 14, 32, 6885 }, // U+1EEC
    { 8, 16, 128, 0, 14, 32, 6917 }, // U+1EED
    { 21, 27, 368, 2, 27, 142, 6949 }, // U+1EEE
    { 18, 21, 320, 2, 21, 95, 7091 }, // U+1EEF
    { 21, 27, 368, 2, 23, 142, 7186 }, // U+1EF0
    { 18, 22, 320, 2, 18, 99, 7328 }, // U+1EF1
    { 18, 27, 304, 1, 27, 122, 7427 }, // U+1EF2
    { 14, 27, 256, 1, 21, 95, 7549 }, // U+1EF3
    { 18, 26, 304, 1, 22, 117, 7644 }, // U+1EF4
    { 14, 26, 256, 1, 16, 91, 7761 }, // U+1EF5
    { 8, 16, 128, 0, 14, 32, 7852 }, // U+1EF6
    { 8, 16, 128, 0, 14, 32, 7884 }, // U+1EF7
    { 18, 27, 304, 1, 27, 122, 7916 }, // U+1EF8
    { 14, 27, 256, 1, 21, 95, 8038 }, // U+1EF9
    { 1, 1, 224, 0, 1, 1, 0 }, // U+2000
    { 1, 1, 464, 0, 1, 1, 1 }, // U+2001
    { 1, 1, 224, 0, 1, 1, 2 }, // U+2002
    { 1, 1, 464, 0, 1, 1, 3 }, // U+2003
    { 1, 1, 144, 0, 1, 1, 4 }, // U+2004
    { 1, 1, 112, 0, 1, 1, 5 }, // U+2005
    { 1, 1, 80, 0, 1, 1, 6 }, // U+2006
    { 1, 1, 256, 0, 1, 1, 7 }, // U+2007
    { 1, 1, 128, 0, 1, 1, 8 }, // U+2008
    { 1, 1, 96, 0, 1, 1, 9 }, // U+2009
    { 1, 1, 48, 0, 1, 1, 10 }, // U+200A
    { 1, 1, 0, 0, 1, 1, 11 }, // U+200B
    { 16, 16, 256, 0, 14, 64, 12 }, // U+200C
    { 16, 16, 256, 0, 14, 64, 76 }, // U+200D
    { 16, 16, 256, 0, 14, 64, 140 }, // U+200E
    { 16, 16, 256, 0, 14, 64, 204 }, // U+200F
    { 8, 4, 144, 0, 11, 8, 268 }, // U+2010
    { 8, 4, 144, 0, 11, 8, 276 }, // U+2011
    { 16, 3, 256, 0, 10, 12, 284 }, // U+2012
    { 16, 3, 256, 0, 10, 12, 296 }, // U+2013
    { 29, 3, 464, 0, 10, 22, 308 }, // U+2014
    { 29, 3, 464, 0, 10, 22, 330 }, // U+2015
    { 8, 16, 128, 0, 14, 32, 352 }, // U+2016
    { 8, 16, 128, 0, 14, 32, 384 }, // U+2017
    { 4, 7, 128, 2, 22, 7, 416 }, // U+2018
    { 4, 7, 128, 2, 22, 7, 423 }, // U+2019
    { 4, 7, 128, 2, 4, 7, 430 }, // U+201A
    { 4, 7, 128, 2, 22, 7, 437 }, // U+201B
    { 11, 7, 224, 2, 22, 20, 444 }, // U+201C
    { 11, 7, 224, 2, 22, 20, 464 }, // U+201D
    { 11, 7, 224, 2, 4, 20, 484 }, // U+201E
    { 11, 7, 224, 2, 22, 20, 504 }, // U+201F
    { 14, 28, 256, 1, 22, 98, 524 }, // U+2020
    { 14, 28, 256, 1, 22, 98, 622 }, // U+2021
    { 8, 8, 160, 1, 13, 16, 720 }, // U+2022
    { 8, 16, 128, 0, 14, 32, 736 }, // U+2023
    { 8, 16, 128, 0, 14, 32, 768 }, // U+2024
    { 8, 16, 128, 0, 14, 32, 800 }, // U+2025
    { 22, 4, 464, 3, 4, 22, 832 }, // U+2026
    { 8, 16, 128, 0, 14, 32, 854 }, // U+2027
    { 16, 16, 256, 0, 14, 64, 886 }, // U+2028
    { 16, 16, 256, 0, 14, 64, 950 }, // U+2029
    { 16, 16, 256, 0, 14, 64, 1014 }, // U+202A
    { 16, 16, 256, 0, 14, 64, 1078 }, // U+202B
    { 16, 16, 256, 0, 14, 64, 1142 }, // U+202C
    { 16, 16, 256, 0, 14, 64, 1206 }, // U+202D
    { 16, 16, 256, 0, 14, 64, 1270 }, // U+202E
    { 8, 16, 128, 0, 14, 32, 1334 }, // U+202F
    { 29, 22, 464, 0, 22, 160, 1366 }, // U+2030
    { 8, 16, 128, 0, 14, 32, 1526 }, // U+2031
    { 8, 16, 128, 0, 14, 32, 1558 }, // U+2032
    { 8, 16, 128, 0, 14, 32, 1590 }, // U+2033
    { 8, 16, 128, 0, 14, 32, 1622 }, // U+2034
    { 8, 16, 128, 0, 14, 32, 1654 }, // U+2035
    { 8, 16, 128, 0, 14, 32, 1686 }, // U+2036
    { 8, 16, 128, 0, 14, 32, 1718 }, // U+2037
    { 8, 16, 128, 0, 14, 32, 1750 }, // U+2038
    { 5, 11, 144, 2, 14, 14, 1782 }, // U+2039
    { 5, 11, 144, 2, 14, 14, 1796 }, // U+203A
    { 8, 16, 128, 0, 14, 32, 1810 }, // U+203B
    { 8, 16, 128, 0, 14, 32, 1842 }, // U+203C
    { 8, 16, 128, 0, 14, 32, 1874 }, // U+203D
    { 8, 16, 128, 0, 14, 32, 1906 }, // U+203E
    { 8, 16, 128, 0, 14, 32, 1938 }, // U+203F
    { 8, 16, 128, 0, 14, 32, 1970 }, // U+2040
    { 8, 16, 128, 0, 14, 32, 2002 }, // U+2041
    { 8, 16, 128, 0, 14, 32, 2034 }, // U+2042
    { 8, 16, 128, 0, 14, 32, 2066 }, // U+2043
    { 15, 22, 80, -5, 22, 83, 2098 }, // U+2044
    { 8, 16, 128, 0, 14, 32, 2181 }, // U+2045
    { 8, 16, 128, 0, 14, 32, 2213 }, // U+2046
    { 8, 16, 128, 0, 14, 32, 2245 }, // U+2047
    { 8, 16, 128, 0, 14, 32, 2277 }, // U+2048
    { 8, 16, 128, 0, 14, 32, 2309 }, // U+2049
    { 8, 16, 128, 0, 14, 32, 2341 }, // U+204A
    { 8, 16, 128, 0, 14, 32, 2373 }, // U+204B
    { 8, 16, 128, 0, 14, 32, 2405 }, // U+204C
    { 8, 16, 128, 0, 14, 32, 2437 }, // U+204D
    { 8, 16, 128, 0, 14, 32, 2469 }, // U+204E
    { 8, 16, 128, 0, 14, 32, 2501 }, // U+204F
    { 8, 16, 128, 0, 14, 32, 2533 }, // U+2050
    { 8, 16, 128, 0, 14, 32, 2565 }, // U+2051
    { 8, 16, 128, 0, 14, 32, 2597 }, // U+2052
    { 8, 16, 128, 0, 14, 32, 2629 }, // U+2053
    { 8, 16, 128, 0, 14, 32, 2661 }, // U+2054
    { 8, 16, 128, 0, 14, 32, 2693 }, // U+2055
    { 8, 16, 128, 0, 14, 32, 2725 }, // U+2056
    { 16, 16, 256, 0, 14, 64, 2757 }, // U+2057
    { 8, 16, 128, 0, 14, 32, 2821 }, // U+2058
    { 8, 16, 128, 0, 14, 32, 2853 }, // U+2059
    { 8, 16, 128, 0, 14, 32, 2885 }, // U+205A
    { 8, 16, 128, 0, 14, 32, 2917 }, // U+205B
    { 8, 16, 128, 0, 14, 32, 2949 }, // U+205C
    { 8, 16, 128, 0, 14, 32, 2981 }, // U+205D
    { 8, 16, 128, 0, 14, 32, 3013 }, // U+205E
    { 8, 16, 128, 0, 14, 32, 3045 }, // U+205F
    { 16, 16, 256, 0, 14, 64, 3077 }, // U+2060
    { 16, 16, 256, 0, 14, 64, 3141 }, // U+2061
    { 16, 16, 256, 0, 14, 64, 3205 }, // U+2062
    { 16, 16, 256, 0, 14, 64, 3269 }, // U+2063
    { 16, 16, 256, 0, 14, 64, 3333 }, // U+2064
    { 16, 16, 256, 0, 14, 64, 3397 }, // U+2065
    { 16, 16, 256, 0, 14, 64, 3461 }, // U+2066
    { 16, 16, 256, 0, 14, 64, 3525 }, // U+2067
    { 16, 16, 256, 0, 14, 64, 3589 }, // U+2068
    { 16, 16, 256, 0, 14, 64, 3653 }, // U+2069
    { 16, 16, 256, 0, 14, 64, 3717 }, // U+206A
    { 16, 16, 256, 0, 14, 64, 3781 }, // U+206B
    { 16, 16, 256, 0, 14, 64, 3845 }, // U+206C
    { 16, 16, 256, 0, 14, 64, 3909 }, // U+206D
    { 16, 16, 256, 0, 14, 64, 3973 }, // U+206E
    { 16, 16, 256, 0, 14, 64, 4037 }, // U+206F
    { 8, 16, 128, 0, 14, 32, 0 }, // U+2070
    { 8, 16, 128, 0, 14, 32, 32 }, // U+2071
    { 16, 16, 256, 0, 14, 64, 64 }, // U+2072
    { 16, 16, 256, 0, 14, 64, 128 }, // U+2073
    { 8, 16, 128, 0, 14, 32, 192 }, // U+2074
    { 8, 16, 128, 0, 14, 32, 224 }, // U+2075
    { 8, 16, 128, 0, 14, 32, 256 }, // U+2076
    { 8, 16, 128, 0, 14, 32, 288 }, // U+2077
    { 8, 16, 128, 0, 14, 32, 320 }, // U+2078
    { 8, 16, 128, 0, 14, 32, 352 }, // U+2079
    { 8, 16, 128, 0, 14, 32, 384 }, // U+207A
    { 8, 16, 128, 0, 14, 32, 416 }, // U+207B
    { 8, 16, 128, 0, 14, 32, 448 }, // U+207C
    { 8, 16, 128, 0, 14, 32, 480 }, // U+207D
    { 8, 16, 128, 0, 14, 32, 512 }, // U+207E
    { 8, 16, 128, 0, 14, 32, 544 }, // U+207F
    { 8, 16, 128, 0, 14, 32, 576 }, // U+2080
    { 6, 13, 144, 1, 7, 20, 608 }, // U+2081
    { 9, 13, 144, 0, 7, 30, 628 }, // U+2082
    { 9, 13, 144, 0, 7, 30, 658 }, // U+2083
    { 8, 16, 128, 0, 14, 32, 688 }, // U+2084
    { 8, 16, 128, 0, 14, 32, 720 }, // U+2085
    { 8, 16, 128, 0, 14, 32, 752 }, // U+2086
    { 8, 16, 128, 0, 14, 32, 784 }, // U+2087
    { 8, 16, 128, 0, 14, 32, 816 }, // U+2088
    { 8, 16, 128, 0, 14, 32, 848 }, // U+2089
    { 8, 16, 128, 0, 14, 32, 880 }, // U+208A
    { 8, 16, 128, 0, 14, 32, 912 }, // U+208B
    { 8, 16, 128, 0, 14, 32, 944 }, // U+208C
    { 8, 16, 128, 0, 14, 32, 976 }, // U+208D
    { 8, 16, 128, 0, 14, 32, 1008 }, // U+208E
    { 8, 16, 128, 0, 14, 32, 1040 }, // U+208F
    { 8, 16, 128, 0, 14, 32, 1072 }, // U+2090
    { 8, 16, 128, 0, 14, 32, 1104 }, // U+2091
    { 8, 16, 128, 0, 14, 32, 1136 }, // U+2092
    { 8, 16, 128, 0, 14, 32, 1168 }, // U+2093
    { 8, 16, 128, 0, 14, 32, 1200 }, // U+2094
    { 8, 16, 128, 0, 14, 32, 1232 }, // U+2095
    { 8, 16, 128, 0, 14, 32, 1264 }, // U+2096
    { 8, 16, 128, 0, 14, 32, 1296 }, // U+2097
    { 8, 16, 128, 0, 14, 32, 1328 }, // U+2098
    { 8, 16, 128, 0, 14, 32, 1360 }, // U+2099
    { 8, 16, 128, 0, 14, 32, 1392 }, // U+209A
    { 8, 16, 128, 0, 14, 32, 1424 }, // U+209B
    { 8, 16, 128, 0, 14, 32, 1456 }, // U+209C
    { 8, 16, 128, 0, 14, 32, 1488 }, // U+209D
    { 8, 16, 128, 0, 14, 32, 1520 }, // U+209E
    { 8, 16, 128, 0, 14, 32, 1552 }, // U+209F
    { 8, 16, 128, 0, 14, 32, 0 }, // U+20A0
    { 8, 16, 128, 0, 14, 32, 32 }, // U+20A1
    { 8, 16, 128, 0, 14, 32, 64 }, // U+20A2
    { 8, 16, 128, 0, 14, 32, 96 }, // U+20A3
    { 8, 16, 128, 0, 14, 32, 128 }, // U+20A4
    { 22, 22, 416, 2, 19, 121, 160 }, // U+20A5
    { 17, 22, 336, 2, 22, 94, 281 }, // U+20A6
    { 8, 16, 128, 0, 14, 32, 375 }, // U+20A7
    { 8, 16, 128, 0, 14, 32, 407 }, // U+20A8
    { 25, 22, 432, 1, 22, 138, 439 }, // U+20A9
    { 8, 16, 128, 0, 14, 32, 577 }, // U+20AA
    { 8, 16, 128, 0, 14, 32, 609 }, // U+20AB
    { 16, 22, 336, 2, 22, 88, 641 }, // U+20AC
    { 18, 22, 336, 2, 22, 99, 729 }, // U+20AD
    { 8, 16, 128, 0, 14, 32, 828 }, // U+20AE
    { 8, 16, 128, 0, 14, 32, 860 }, // U+20AF
    { 8, 16, 128, 0, 14, 32, 892 }, // U+20B0
    { 8, 16, 128, 0, 14, 32, 924 }, // U+20B1
    { 8, 16, 128, 0, 14, 32, 956 }, // U+20B2
    { 8, 16, 128, 0, 14, 32, 988 }, // U+20B3
    { 8, 16, 128, 0, 14, 32, 1020 }, // U+20B4
    { 8, 16, 128, 0, 14, 32, 1052 }, // U+20B5
    { 8, 16, 128, 0, 14, 32, 1084 }, // U+20B6
    { 8, 16, 128, 0, 14, 32, 1116 }, // U+20B7
    { 8, 16, 128, 0, 14, 32, 1148 }, // U+20B8
    { 16, 16, 256, 0, 14, 64, 1180 }, // U+20B9
    { 8, 16, 128, 0, 14, 32, 1244 }, // U+20BA
    { 8, 16, 128, 0, 14, 32, 1276 }, // U+20BB
    { 8, 16, 128, 0, 14, 32, 1308 }, // U+20BC
    { 8, 16, 128, 0, 14, 32, 1340 }, // U+20BD
    { 8, 16, 128, 0, 14, 32, 1372 }, // U+20BE
    { 8, 16, 128, 0, 14, 32, 1404 }, // U+20BF
    { 8, 16, 128, 0, 14, 32, 1436 }, // U+20C0
    { 8, 16, 128, 0, 14, 32, 1468 }, // U+20C1
    { 8, 16, 128, 0, 14, 32, 1500 }, // U+20C2
    { 8, 16, 128, 0, 14, 32, 1532 }, // U+20C3
    { 8, 16, 128, 0, 14, 32, 1564 }, // U+20C4
    { 16, 16, 256, 0, 14, 64, 1596 }, // U+20C5
    { 16, 16, 256, 0, 14, 64, 1660 }, // U+20C6
    { 16, 16, 256, 0, 14, 64, 1724 }, // U+20C7
    { 16, 16, 256, 0, 14, 64, 1788 }, // U+20C8
    { 16, 16, 256, 0, 14, 64, 1852 }, // U+20C9
    { 16, 16, 256, 0, 14, 64, 1916 }, // U+20CA
    { 16, 16, 256, 0, 14, 64, 1980 }, // U+20CB
    { 16, 16, 256, 0, 14, 64, 2044 }, // U+20CC
    { 16, 16, 256, 0, 14, 64, 2108 }, // U+20CD
    { 16, 16, 256, 0, 14, 64, 2172 }, // U+20CE
    { 16, 16, 256, 0, 14, 64, 2236 }, // U+20CF
    { 8, 16, 128, 0, 14, 32, 0 }, // U+2190
    { 8, 16, 128, 0, 14, 32, 32 }, // U+2191
    { 8, 16, 128, 0, 14, 32, 64 }, // U+2192
    { 8, 16, 128, 0, 14, 32, 96 }, // U+2193
    { 8, 16, 128, 0, 14, 32, 128 }, // U+2194
    { 8, 16, 128, 0, 14, 32, 160 }, // U+2195
    { 8, 16, 128, 0, 14, 32, 192 }, // U+2196
    { 8, 16, 128, 0, 14, 32, 224 }, // U+2197
    { 8, 16, 128, 0, 14, 32, 256 }, // U+2198
    { 8, 16, 128, 0, 14, 32, 288 }, // U+2199
    { 8, 16, 128, 0, 14, 32, 320 }, // U+219A
    { 8, 16, 128, 0, 14, 32, 352 }, // U+219B
    { 16, 16, 256, 0, 14, 64, 384 }, // U+219C
    { 16, 16, 256, 0, 14, 64, 448 }, // U+219D
    { 8, 16, 128, 0, 14, 32, 512 }, // U+219E
    { 8, 16, 128, 0, 14, 32, 544 }, // U+219F
    { 8, 16, 128, 0, 14, 32, 576 }, // U+21A0
    { 8, 16, 128, 0, 14, 32, 608 }, // U+21A1
    { 8, 16, 128, 0, 14, 32, 640 }, // U+21A2
    { 8, 16, 128, 0, 14, 32, 672 }, // U+21A3
    { 8, 16, 128, 0, 14, 32, 704 }, // U+21A4
    { 8, 16, 128, 0, 14, 32, 736 }, // U+21A5
    { 8, 16, 128, 0, 14, 32, 768 }, // U+21A6
    { 8, 16, 128, 0, 14, 32, 800 }, // U+21A7
    { 8, 16, 128, 0, 14, 32, 832 }, // U+21A8
    { 8, 16, 128, 0, 14, 32, 864 }, // U+21A9
    { 8, 16, 128, 0, 14, 32, 896 }, // U+21AA
    { 8, 16, 128, 0, 14, 32, 928 }, // U+21AB
    { 8, 16, 128, 0, 14, 32, 960 }, // U+21AC
    { 8, 16, 128, 0, 14, 32, 992 }, // U+21AD
    { 8, 16, 128, 0, 14, 32, 1024 }, // U+21AE
    { 8, 16, 128, 0, 14, 32, 1056 }, // U+21AF
    { 8, 16, 128, 0, 14, 32, 1088 }, // U+21B0
    { 8, 16, 128, 0, 14, 32, 1120 }, // U+21B1
    { 8, 16, 128, 0, 14, 32, 1152 }, // U+21B2
    { 8, 16, 128, 0, 14, 32, 1184 }, // U+21B3
    { 8, 16, 128, 0, 14, 32, 1216 }, // U+21B4
    { 8, 16, 128, 0, 14, 32, 1248 }, // U+21B5
    { 8, 16, 128, 0, 14, 32, 1280 }, // U+21B6
    { 8, 16, 128, 0, 14, 32, 1312 }, // U+21B7
    { 8, 16, 128, 0, 14, 32, 1344 }, // U+21B8
    { 8, 16, 128, 0, 14, 32, 1376 }, // U+21B9
    { 8, 16, 128, 0, 14, 32, 1408 }, // U+21BA
    { 8, 16, 128, 0, 14, 32, 1440 }, // U+21BB
    { 8, 16, 128, 0, 14, 32, 1472 }, // U+21BC
    { 8, 16, 128, 0, 14, 32, 1504 }, // U+21BD
    { 8, 16, 128, 0, 14, 32, 1536 }, // U+21BE
    { 8, 16, 128, 0, 14, 32, 1568 }, // U+21BF
    { 8, 16, 128, 0, 14, 32, 1600 }, // U+21C0
    { 8, 16, 128, 0, 14, 32, 1632 }, // U+21C1
    { 8, 16, 128, 0, 14, 32, 1664 }, // U+21C2
    { 8, 16, 128, 0, 14, 32, 1696 }, // U+21C3
    { 8, 16, 128, 0, 14, 32, 1728 }, // U+21C4
    { 8, 16, 128, 0, 14, 32, 1760 }, // U+21C5
    { 8, 16, 128, 0, 14, 32, 1792 }, // U+21C6
    { 8, 16, 128, 0, 14, 32, 1824 }, // U+21C7
    { 8, 16, 128, 0, 14, 32, 1856 }, // U+21C8
    { 8, 16, 128, 0, 14, 32, 1888 }, // U+21C9
    { 8, 16, 128, 0, 14, 32, 1920 }, // U+21CA
    { 8, 16, 128, 0, 14, 32, 1952 }, // U+21CB
    { 8, 16, 128, 0, 14, 32, 1984 }, // U+21CC
    { 8, 16, 128, 0, 14, 32, 2016 }, // U+21CD
    { 8, 16, 128, 0, 14, 32, 2048 }, // U+21CE
    { 8, 16, 128, 0, 14, 32, 2080 }, // U+21CF
    { 8, 16, 128, 0, 14, 32, 2112 }, // U+21D0
    { 8, 16, 128, 0, 14, 32, 2144 }, // U+21D1
    { 8, 16, 128, 0, 14, 32, 2176 }, // U+21D2
    { 8, 16, 128, 0, 14, 32, 2208 }, // U+21D3
    { 8, 16, 128, 0, 14, 32, 2240 }, // U+21D4
    { 8, 16, 128, 0, 14, 32, 2272 }, // U+21D5
    { 8, 16, 128, 0, 14, 32, 2304 }, // U+21D6
    { 8, 16, 128, 0, 14, 32, 2336 }, // U+21D7
    { 8, 16, 128, 0, 14, 32, 2368 }, // U+21D8
    { 8, 16, 128, 0, 14, 32, 2400 }, // U+21D9
    { 8, 16, 128, 0, 14, 32, 2432 }, // U+21DA
    { 8, 16, 128, 0, 14, 32, 2464 }, // U+21DB
    { 8, 16, 128, 0, 14, 32, 2496 }, // U+21DC
    { 8, 16, 128, 0, 14, 32, 2528 }, // U+21DD
    { 8, 16, 128, 0, 14, 32, 2560 }, // U+21DE
    { 8, 16, 128, 0, 14, 32, 2592 }, // U+21DF
    { 8, 16, 128, 0, 14, 32, 2624 }, // U+21E0
    { 8, 16, 128, 0, 14, 32, 2656 }, // U+21E1
    { 8, 16, 128, 0, 14, 32, 2688 }, // U+21E2
    { 8, 16, 128, 0, 14, 32, 2720 }, // U+21E3
    { 8, 16, 128, 0, 14, 32, 2752 }, // U+21E4
    { 8, 16, 128, 0, 14, 32, 2784 }, // U+21E5
    { 8, 16, 128, 0, 14, 32, 2816 }, // U+21E6
    { 8, 16, 128, 0, 14, 32, 2848 }, // U+21E7
    { 8, 16, 128, 0, 14, 32, 2880 }, // U+21E8
    { 8, 16, 128, 0, 14, 32, 2912 }, // U+21E9
    { 8, 16, 128, 0, 14, 32, 2944 }, // U+21EA
    { 8, 16, 128, 0, 14, 32, 2976 }, // U+21EB
    { 8, 16, 128, 0, 14, 32, 3008 }, // U+21EC
    { 8, 16, 128, 0, 14, 32, 3040 }, // U+21ED
    { 8, 16, 128, 0, 14, 32, 3072 }, // U+21EE
    { 8, 16, 128, 0, 14, 32, 3104 }, // U+21EF
    { 8, 16, 128, 0, 14, 32, 3136 }, // U+21F0
    { 8, 16, 128, 0, 14, 32, 3168 }, // U+21F1
    { 8, 16, 128, 0, 14, 32, 3200 }, // U+21F2
    { 8, 16, 128, 0, 14, 32, 3232 }, // U+21F3
    { 16, 16, 256, 0, 14, 64, 3264 }, // U+21F4
    { 8, 16, 128, 0, 14, 32, 3328 }, // U+21F5
    { 8, 16, 128, 0, 14, 32, 3360 }, // U+21F6
    { 8, 16, 128, 0, 14, 32, 3392 }, // U+21F7
    { 8, 16, 128, 0, 14, 32, 3424 }, // U+21F8
    { 16, 16, 256, 0, 14, 64, 3456 }, // U+21F9
    { 16, 16, 256, 0, 14, 64, 3520 }, // U+21FA
    { 16, 16, 256, 0, 14, 64, 3584 }, // U+21FB
    { 16, 16, 256, 0, 14, 64, 3648 }, // U+21FC
    { 8, 16, 128, 0, 14, 32, 3712 }, // U+21FD
    { 8, 16, 128, 0, 14, 32, 3744 }, // U+21FE
    { 16, 16, 256, 0, 14, 64, 3776 }, // U+21FF
    { 19, 22, 336, 1, 22, 105, 0 }, // U+2200
    { 8, 16, 128, 0, 14, 32, 105 }, // U+2201
    { 8, 16, 128, 0, 14, 32, 137 }, // U+2202
    { 16, 22, 304, 2, 22, 88, 169 }, // U+2203
    { 16, 26, 304, 2, 24, 104, 257 }, // U+2204
    { 8, 16, 128, 0, 14, 32, 361 }, // U+2205
    { 8, 16, 128, 0, 14, 32, 393 }, // U+2206
    { 8, 16, 128, 0, 14, 32, 425 }, // U+2207
    { 8, 16, 128, 0, 14, 32, 457 }, // U+2208
    { 8, 16, 128, 0, 14, 32, 489 }, // U+2209
    { 8, 16, 128, 0, 14, 32, 521 }, // U+220A
    { 8, 16, 128, 0, 14, 32, 553 }, // U+220B
    { 8, 16, 128, 0, 14, 32, 585 }, // U+220C
    { 8, 16, 128, 0, 14, 32, 617 }, // U+220D
    { 8, 16, 128, 0, 14, 32, 649 }, // U+220E
    { 8, 16, 128, 0, 14, 32, 681 }, // U+220F
    { 8, 16, 128, 0, 14, 32, 713 }, // U+2210
    { 8, 16, 128, 0, 14, 32, 745 }, // U+2211
    { 15, 3, 272, 1, 9, 12, 777 }, // U+2212
    { 8, 16, 128, 0, 14, 32, 789 }, // U+2213
    { 8, 16, 128, 0, 14, 32, 821 }, // U+2214
    { 15, 22, 80, -5, 22, 83, 853 }, // U+2215
    { 8, 16, 128, 0, 14, 32, 936 }, // U+2216
    { 8, 16, 128, 0, 14, 32, 968 }, // U+2217
    { 8, 16, 128, 0, 14, 32, 1000 }, // U+2218
    { 4, 3, 128, 2, 10, 3, 1032 }, // U+2219
    { 8, 16, 128, 0, 14, 32, 1035 }, // U+221A
    { 8, 16, 128, 0, 14, 32, 1067 }, // U+221B
    { 8, 16, 128, 0, 14, 32, 1099 }, // U+221C
    { 8, 16, 128, 0, 14, 32, 1131 }, // U+221D
    { 8, 16, 128, 0, 14, 32, 1163 }, // U+221E
    { 8, 16, 128, 0, 14, 32, 1195 }, // U+221F
    { 8, 16, 128, 0, 14, 32, 1227 }, // U+2220
    { 8, 16, 128, 0, 14, 32, 1259 }, // U+2221
    { 8, 16, 128, 0, 14, 32, 1291 }, // U+2222
    { 8, 16, 128, 0, 14, 32, 1323 }, // U+2223
    { 8, 16, 128, 0, 14, 32, 1355 }, // U+2224
    { 8, 16, 128, 0, 14, 32, 1387 }, // U+2225
    { 8, 16, 128, 0, 14, 32, 1419 }, // U+2226
    { 8, 16, 128, 0, 14, 32, 1451 }, // U+2227
    { 8, 16, 128, 0, 14, 32, 1483 }, // U+2228
    { 8, 16, 128, 0, 14, 32, 1515 }, // U+2229
    { 8, 16, 128, 0, 14, 32, 1547 }, // U+222A
    { 8, 16, 128, 0, 14, 32, 1579 }, // U+222B
    { 8, 16, 128, 0, 14, 32, 1611 }, // U+222C
    { 8, 16, 128, 0, 14, 32, 1643 }, // U+222D
    { 8, 16, 128, 0, 14, 32, 1675 }, // U+222E
    { 8, 16, 128, 0, 14, 32, 1707 }, // U+222F
    { 8, 16, 128, 0, 14, 32, 1739 }, // U+2230
    { 8, 16, 128, 0, 14, 32, 1771 }, // U+2231
    { 8, 16, 128, 0, 14, 32, 1803 }, // U+2232
    { 8, 16, 128, 0, 14, 32, 1835 }, // U+2233
    { 8, 16, 128, 0, 14, 32, 1867 }, // U+2234
    { 8, 16, 128, 0, 14, 32, 1899 }, // U+2235
    { 4, 16, 144, 3, 16, 16, 1931 }, // U+2236
    { 8, 16, 128, 0, 14, 32, 1947 }, // U+2237
    { 8, 16, 128, 0, 14, 32, 1979 }, // U+2238
    { 8, 16, 128, 0, 14, 32, 2011 }, // U+2239
    { 8, 16, 128, 0, 14, 32, 2043 }, // U+223A
    { 8, 16, 128, 0, 14, 32, 2075 }, // U+223B
    { 8, 16, 128, 0, 14, 32, 2107 }, // U+223C
    { 8, 16, 128, 0, 14, 32, 2139 }, // U+223D
    { 8, 16, 128, 0, 14, 32, 2171 }, // U+223E
    { 8, 16, 128, 0, 14, 32, 2203 }, // U+223F
    { 8, 16, 128, 0, 14, 32, 2235 }, // U+2240
    { 8, 16, 128, 0, 14, 32, 2267 }, // U+2241
    { 8, 16, 128, 0, 14, 32, 2299 }, // U+2242
    { 8, 16, 128, 0, 14, 32, 2331 }, // U+2243
    { 8, 16, 128, 0, 14, 32, 2363 }, // U+2244
    { 8, 16, 128, 0, 14, 32, 2395 }, // U+2245
    { 8, 16, 128, 0, 14, 32, 2427 }, // U+2246
    { 8, 16, 128, 0, 14, 32, 2459 }, // U+2247
    { 8, 16, 128, 0, 14, 32, 2491 }, // U+2248
    { 8, 16, 128, 0, 14, 32, 2523 }, // U+2249
    { 8, 16, 128, 0, 14, 32, 2555 }, // U+224A
    { 8, 16, 128, 0, 14, 32, 2587 }, // U+224B
    { 8, 16, 128, 0, 14, 32, 2619 }, // U+224C
    { 8, 16, 128, 0, 14, 32, 2651 }, // U+224D
    { 8, 16, 128, 0, 14, 32, 2683 }, // U+224E
    { 8, 16, 128, 0, 14, 32, 2715 }, // U+224F
    { 8, 16, 128, 0, 14, 32, 2747 }, // U+2250
    { 8, 16, 128, 0, 14, 32, 2779 }, // U+2251
    { 8, 16, 128, 0, 14, 32, 2811 }, // U+2252
    { 8, 16, 128, 0, 14, 32, 2843 }, // U+2253
    { 8, 16, 128, 0, 14, 32, 2875 }, // U+2254
    { 8, 16, 128, 0, 14, 32, 2907 }, // U+2255
    { 8, 16, 128, 0, 14, 32, 2939 }, // U+2256
    { 8, 16, 128, 0, 14, 32, 2971 }, // U+2257
    { 8, 16, 128, 0, 14, 32, 3003 }, // U+2258
    { 15, 16, 272, 1, 18, 60, 3035 }, // U+2259
    { 15, 16, 272, 1, 18, 60, 3095 }, // U+225A
    { 8, 16, 128, 0, 14, 32, 3155 }, // U+225B
    { 8, 16, 128, 0, 14, 32, 3187 }, // U+225C
    { 8, 16, 128, 0, 14, 32, 3219 }, // U+225D
    { 8, 16, 128, 0, 14, 32, 3251 }, // U+225E
    { 8, 16, 128, 0, 14, 32, 3283 }, // U+225F
    { 15, 19, 272, 1, 17, 72, 3315 }, // U+2260
    { 15, 19, 272, 1, 21, 72, 3387 }, // U+2261
    { 15, 27, 272, 1, 25, 102, 3459 }, // U+2262
    { 8, 16, 128, 0, 14, 32, 3561 }, // U+2263
    { 14, 19, 272, 1, 19, 67, 3593 }, // U+2264
    { 14, 19, 272, 1, 19, 67, 3660 }, // U+2265
    { 8, 16, 128, 0, 14, 32, 3727 }, // U+2266
    { 8, 16, 128, 0, 14, 32, 3759 }, // U+2267
    { 8, 16, 128, 0, 14, 32, 3791 }, // U+2268
    { 8, 16, 128, 0, 14, 32, 3823 }, // U+2269
    { 8, 16, 128, 0, 14, 32, 3855 }, // U+226A
    { 8, 16, 128, 0, 14, 32, 3887 }, // U+226B
    { 8, 16, 128, 0, 14, 32, 3919 }, // U+226C
    { 8, 16, 128, 0, 14, 32, 3951 }, // U+226D
    { 14, 23, 272, 1, 19, 81, 3983 }, // U+226E
    { 14, 23, 272, 1, 19, 81, 4064 }, // U+226F
    { 14, 27, 272, 1, 23, 95, 4145 }, // U+2270
    { 14, 27, 272, 1, 23, 95, 4240 }, // U+2271
    { 8, 16, 128, 0, 14, 32, 4335 }, // U+2272
    { 8, 16, 128, 0, 14, 32, 4367 }, // U+2273
    { 8, 16, 128, 0, 14, 32, 4399 }, // U+2274
    { 8, 16, 128, 0, 14, 32, 4431 }, // U+2275
    { 8, 16, 128, 0, 14, 32, 4463 }, // U+2276
    { 8, 16, 128, 0, 14, 32, 4495 }, // U+2277
    { 8, 16, 128, 0, 14, 32, 4527 }, // U+2278
    { 8, 16, 128, 0, 14, 32, 4559 }, // U+2279
    { 8, 16, 128, 0, 14, 32, 4591 }, // U+227A
    { 8, 16, 128, 0, 14, 32, 4623 }, // U+227B
    { 8, 16, 128, 0, 14, 32, 4655 }, // U+227C
    { 8, 16, 128, 0, 14, 32, 4687 }, // U+227D
    { 8, 16, 128, 0, 14, 32, 4719 }, // U+227E
    { 8, 16, 128, 0, 14, 32, 4751 }, // U+227F
    { 8, 16, 128, 0, 14, 32, 4783 }, // U+2280
    { 8, 16, 128, 0, 14, 32, 4815 }, // U+2281
    { 8, 16, 128, 0, 14, 32, 4847 }, // U+2282
    { 8, 16, 128, 0, 14, 32, 4879 }, // U+2283
    { 8, 16, 128, 0, 14, 32, 4911 }, // U+2284
    { 8, 16, 128, 0, 14, 32, 4943 }, // U+2285
    { 8, 16, 128, 0, 14, 32, 4975 }, // U+2286
    { 8, 16, 128, 0, 14, 32, 5007 }, // U+2287
    { 8, 16, 128, 0, 14, 32, 5039 }, // U+2288
    { 8, 16, 128, 0, 14, 32, 5071 }, // U+2289
    { 8, 16, 128, 0, 14, 32, 5103 }, // U+228A
    { 8, 16, 128, 0, 14, 32, 5135 }, // U+228B
    { 8, 16, 128, 0, 14, 32, 5167 }, // U+228C
    { 8, 16, 128, 0, 14, 32, 5199 }, // U+228D
    { 8, 16, 128, 0, 14, 32, 5231 }, // U+228E
    { 8, 16, 128, 0, 14, 32, 5263 }, // U+228F
    { 8, 16, 128, 0, 14, 32, 5295 }, // U+2290
    { 8, 16, 128, 0, 14, 32, 5327 }, // U+2291
    { 8, 16, 128, 0, 14, 32, 5359 }, // U+2292
    { 8, 16, 128, 0, 14, 32, 5391 }, // U+2293
    { 8, 16, 128, 0, 14, 32, 5423 }, // U+2294
    { 8, 16, 128, 0, 14, 32, 5455 }, // U+2295
    { 8, 16, 128, 0, 14, 32, 5487 }, // U+2296
    { 8, 16, 128, 0, 14, 32, 5519 }, // U+2297
    { 8, 16, 128, 0, 14, 32, 5551 }, // U+2298
    { 8, 16, 128, 0, 14, 32, 5583 }, // U+2299
    { 8, 16, 128, 0, 14, 32, 5615 }, // U+229A
    { 8, 16, 128, 0, 14, 32, 5647 }, // U+229B
    { 8, 16, 128, 0, 14, 32, 5679 }, // U+229C
    { 8, 16, 128, 0, 14, 32, 5711 }, // U+229D
    { 8, 16, 128, 0, 14, 32, 5743 }, // U+229E
    { 8, 16, 128, 0, 14, 32, 5775 }, // U+229F
    { 8, 16, 128, 0, 14, 32, 5807 }, // U+22A0
    { 8, 16, 128, 0, 14, 32, 5839 }, // U+22A1
    { 8, 16, 128, 0, 14, 32, 5871 }, // U+22A2
    { 8, 16, 128, 0, 14, 32, 5903 }, // U+22A3
    { 8, 16, 128, 0, 14, 32, 5935 }, // U+22A4
    { 8, 16, 128, 0, 14, 32, 5967 }, // U+22A5
    { 8, 16, 128, 0, 14, 32, 5999 }, // U+22A6
    { 8, 16, 128, 0, 14, 32, 6031 }, // U+22A7
    { 8, 16, 128, 0, 14, 32, 6063 }, // U+22A8
    { 8, 16, 128, 0, 14, 32, 6095 }, // U+22A9
    { 8, 16, 128, 0, 14, 32, 6127 }, // U+22AA
    { 8, 16, 128, 0, 14, 32, 6159 }, // U+22AB
    { 8, 16, 128, 0, 14, 32, 6191 }, // U+22AC
    { 8, 16, 128, 0, 14, 32, 6223 }, // U+22AD
    { 8, 16, 128, 0, 14, 32, 6255 }, // U+22AE
    { 8, 16, 128, 0, 14, 32, 6287 }, // U+22AF
    { 8, 16, 128, 0, 14, 32, 6319 }, // U+22B0
    { 8, 16, 128, 0, 14, 32, 6351 }, // U+22B1
    { 8, 16, 128, 0, 14, 32, 6383 }, // U+22B2
    { 8, 16, 128, 0, 14, 32, 6415 }, // U+22B3
    { 8, 16, 128, 0, 14, 32, 6447 }, // U+22B4
    { 8, 16, 128, 0, 14, 32, 6479 }, // U+22B5
    { 16, 16, 256, 0, 14, 64, 6511 }, // U+22B6
    { 16, 16, 256, 0, 14, 64, 6575 }, // U+22B7
    { 16, 16, 256, 0, 14, 64, 6639 }, // U+22B8
    { 8, 16, 128, 0, 14, 32, 6703 }, // U+22B9
    { 8, 16, 128, 0, 14, 32, 6735 }, // U+22BA
    { 8, 16, 128, 0, 14, 32, 6767 }, // U+22BB
    { 8, 16, 128, 0, 14, 32, 6799 }, // U+22BC
    { 8, 16, 128, 0, 14, 32, 6831 }, // U+22BD
    { 8, 16, 128, 0, 14, 32, 6863 }, // U+22BE
    { 8, 16, 128, 0, 14, 32, 6895 }, // U+22BF
    { 8, 16, 128, 0, 14, 32, 6927 }, // U+22C0
    { 8, 16, 128, 0, 14, 32, 6959 }, // U+22C1
    { 8, 16, 128, 0, 14, 32, 6991 }, // U+22C2
    { 8, 16, 128, 0, 14, 32, 7023 }, // U+22C3
    { 8, 16, 128, 0, 14, 32, 7055 }, // U+22C4
    { 8, 16, 128, 0, 14, 32, 7087 }, // U+22C5
    { 8, 16, 128, 0, 14, 32, 7119 }, // U+22C6
    { 8, 16, 128, 0, 14, 32, 7151 }, // U+22C7
    { 8, 16, 128, 0, 14, 32, 7183 }, // U+22C8
    { 8, 16, 128, 0, 14, 32, 7215 }, // U+22C9
    { 8, 16, 128, 0, 14, 32, 7247 }, // U+22CA
    { 8, 16, 128, 0, 14, 32, 7279 }, // U+22CB
    { 8, 16, 128, 0, 14, 32, 7311 }, // U+22CC
    { 8, 16, 128, 0, 14, 32, 7343 }, // U+22CD
    { 8, 16, 128, 0, 14, 32, 7375 }, // U+22CE
    { 8, 16, 128, 0, 14, 32, 7407 }, // U+22CF
    { 8, 16, 128, 0, 14, 32, 7439 }, // U+22D0
    { 8, 16, 128, 0, 14, 32, 7471 }, // U+22D1
    { 8, 16, 128, 0, 14, 32, 7503 }, // U+22D2
    { 8, 16, 128, 0, 14, 32, 7535 }, // U+22D3
    { 8, 16, 128, 0, 14, 32, 7567 }, // U+22D4
    { 8, 16, 128, 0, 14, 32, 7599 }, // U+22D5
    { 8, 16, 128, 0, 14, 32, 7631 }, // U+22D6
    { 8, 16, 128, 0, 14, 32, 7663 }, // U+22D7
    { 16, 16, 256, 0, 14, 64, 7695 }, // U+22D8
    { 16, 16, 256, 0, 14, 64, 7759 }, // U+22D9
    { 8, 16, 128, 0, 14, 32, 7823 }, // U+22DA
    { 8, 16, 128, 0, 14, 32, 7855 }, // U+22DB
    { 8, 16, 128, 0, 14, 32, 7887 }, // U+22DC
    { 8, 16, 128, 0, 14, 32, 7919 }, // U+22DD
    { 8, 16, 128, 0, 14, 32, 7951 }, // U+22DE
    { 8, 16, 128, 0, 14, 32, 7983 }, // U+22DF
    { 8, 16, 128, 0, 14, 32, 8015 }, // U+22E0
    { 8, 16, 128, 0, 14, 32, 8047 }, // U+22E1
    { 8, 16, 128, 0, 14, 32, 8079 }, // U+22E2
    { 8, 16, 128, 0, 14, 32, 8111 }, // U+22E3
    { 8, 16, 128, 0, 14, 32, 8143 }, // U+22E4
    { 8, 16, 128, 0, 14, 32, 8175 }, // U+22E5
    { 8, 16, 128, 0, 14, 32, 8207 }, // U+22E6
    { 8, 16, 128, 0, 14, 32, 8239 }, // U+22E7
    { 8, 16, 128, 0, 14, 32, 8271 }, // U+22E8
    { 8, 16, 128, 0, 14, 32, 8303 }, // U+22E9
    { 8, 16, 128, 0, 14, 32, 8335 }, // U+22EA
    { 8, 16, 128, 0, 14, 32, 8367 }, // U+22EB
    { 8, 16, 128, 0, 14, 32, 8399 }, // U+22EC
    { 8, 16, 128, 0, 14, 32, 8431 }, // U+22ED
    { 8, 16, 128, 0, 14, 32, 8463 }, // U+22EE
    { 8, 16, 128, 0, 14, 32, 8495 }, // U+22EF
    { 8, 16, 128, 0, 14, 32, 8527 }, // U+22F0
    { 8, 16, 128, 0, 14, 32, 8559 }, // U+22F1
    { 16, 16, 256, 0, 14, 64, 8591 }, // U+22F2
    { 16, 16, 256, 0, 14, 64, 8655 }, // U+22F3
    { 8, 16, 128, 0, 14, 32, 8719 }, // U+22F4
    { 16, 16, 256, 0, 14, 64, 8751 }, // U+22F5
    { 16, 16, 256, 0, 14, 64, 8815 }, // U+22F6
    { 8, 16, 128, 0, 14, 32, 8879 }, // U+22F7
    { 8, 16, 128, 0, 14, 32, 8911 }, // U+22F8
    { 16, 16, 256, 0, 14, 64, 8943 }, // U+22F9
    { 16, 16, 256, 0, 14, 64, 9007 }, // U+22FA
    { 16, 16, 256, 0, 14, 64, 9071 }, // U+22FB
    { 8, 16, 128, 0, 14, 32, 9135 }, // U+22FC
    { 16, 16, 256, 0, 14, 64, 9167 }, // U+22FD
    { 8, 16, 128, 0, 14, 32, 9231 }, // U+22FE
    { 16, 16, 256, 0, 14, 64, 9263 }, // U+22FF
    { 8, 16, 128, 0, 14, 32, 0 }, // U+FB00
    { 8, 16, 128, 0, 14, 32, 32 }, // U+FB01
    { 8, 16, 128, 0, 14, 32, 64 }, // U+FB02
    { 8, 16, 128, 0, 14, 32, 96 }, // U+FB03
    { 8, 16, 128, 0, 14, 32, 128 }, // U+FB04
    { 8, 16, 128, 0, 14, 32, 160 }, // U+FB05
    { 8, 16, 128, 0, 14, 32, 192 }, // U+FB06
    { 8, 16, 128, 0, 14, 32, 0 }, // U+FFFD
};

static const EpdUnicodeInterval helvetica_14_boldIntervals[] = {
    { 0x0, 0x17F, 0x0 },
    { 0x1A0, 0x1A1, 0x180 },
    { 0x1AF, 0x1B0, 0x182 },
    { 0x1C4, 0x21F, 0x184 },
    { 0x300, 0x36F, 0x1E0 },
    { 0x400, 0x4FF, 0x250 },
    { 0x1EA0, 0x1EF9, 0x350 },
    { 0x2000, 0x20CF, 0x3AA },
    { 0x2190, 0x22FF, 0x47A },
    { 0xFB00, 0xFB06, 0x5EA },
    { 0xFFFD, 0xFFFD, 0x5F1 },
};

static const EpdFontGroup helvetica_14_boldGroups[] = {
    { 0, 1852, 9046, 128, 0 },
    { 1852, 1768, 10244, 128, 128 },
    { 3620, 1673, 13104, 128, 256 },
    { 5293, 1394, 9331, 96, 384 },
    { 6687, 461, 3840, 112, 480 },
    { 7148, 1369, 8256, 256, 592 },
    { 8517, 932, 8753, 90, 848 },
    { 9449, 889, 4176, 112, 938 },
    { 10338, 295, 1608, 48, 1050 },
    { 10633, 606, 2354, 48, 1098 },
    { 11239, 743, 3840, 112, 1146 },
    { 11982, 1779, 9425, 256, 1258 },
    { 13761, 80, 224, 7, 1514 },
    { 13841, 23, 32, 1, 1521 },
};

static const EpdFontData helvetica_14_bold = {
    helvetica_14_boldBitmaps,
    helvetica_14_boldGlyphs,
    helvetica_14_boldIntervals,
    11,
    31,
    25,
    -6,
    true,
    helvetica_14_boldGroups,
    14,
    nullptr,
    nullptr,
    nullptr,
    nullptr,
    nullptr,
    nullptr,
    nullptr,
    nullptr,
    nullptr,
    nullptr,
    nullptr,
    0,
    0,
    0,
    0,
    nullptr,
    0,
};
