/**
 * generated by fontconvert.py
 * name: helvetica_12_bolditalic
 * size: 12
 * mode: 2-bit  compressed: true
 * Command used: fontconvert.py helvetica_12_bolditalic 12 ../../../x11/font-adobe-100dpi-1.0.4/helvBO18.bdf ../../../x11/unifont-18.0.01.bdf --2bit --compress --zopfli
 */
#pragma once
#include "EpdFontData.h"

static const uint8_t helvetica_12_bolditalicBitmaps[13692] = {
    0xAC, 0x95, 0x81, 0xC6, 0x2C, 0x3B, 0x10, 0x84, 0x9B, 0x02, 0x68, 0xFA, 0x55, 0x42, 0x00, 0x86,
    0xBC, 0x7A, 0xD3, 0x00, 0x61, 0x5E, 0xA5, 0x09, 0x40, 0xC8, 0xAD, 0xCC, 0xEE, 0xFC, 0xF7, 0xC7,
    0xBD, 0xC8, 0x71, 0x12, 0x95, 0x9A, 0x98, 0xFA, 0x54, 0xB3, 0x76, 0xB7, 0xEF, 0x25, 0x7B, 0x39,
    0xA5, 0x7F, 0xF1, 0xA9, 0xBF, 0x8B, 0xCF, 0x70, 0x1E, 0xAF, 0x5B, 0x84, 0xA5, 0x56, 0x35, 0xAD,
    0xCB, 0x7B, 0xD5, 0x86, 0xB0, 0xF7, 0xFD, 0x6F, 0xAF, 0x5C, 0xFF, 0xC9, 0xDF, 0xBD, 0x26, 0xB4,
    0x18, 0x10, 0x1E, 0x5A, 0x1A, 0xB4, 0x9E, 0xF0, 0xED, 0xCB, 0xB7, 0x40, 0x7C, 0xFC, 0x90, 0x8F,
    0x7B, 0xA5, 0x16, 0x6F, 0xBD, 0xC4, 0xE3, 0xE1, 0x71, 0xC2, 0x93, 0x1B, 0xA9, 0x55, 0xDB, 0x5D,
    0x2D, 0x75, 0x5C, 0xBC, 0xAF, 0x13, 0xDE, 0xC0, 0xF9, 0xBB, 0xB2, 0xDF, 0xB0, 0xBD, 0x44, 0x3F,
    0x9B, 0xDF, 0x06, 0x39, 0xFC, 0xF6, 0xA3, 0x7E, 0x4C, 0x8B, 0x40, 0xD9, 0x8E, 0x80, 0x38, 0x66,
    0xC3, 0x09, 0xAF, 0xBA, 0xA2, 0xAB, 0x8A, 0x4D, 0xC5, 0x76, 0x55, 0x3D, 0xE3, 0x85, 0xBC, 0xF8,
    0x8F, 0xDB, 0xF4, 0xE3, 0xFE, 0xB7, 0x37, 0x8A, 0x8A, 0xF8, 0x59, 0xBF, 0xCD, 0xB7, 0xF7, 0x9D,
    0xE3, 0xAC, 0x1F, 0x73, 0x81, 0x9C, 0xAB, 0x6C, 0x0F, 0xDE, 0x3D, 0xCE, 0xF8, 0xF6, 0xF0, 0x48,
    0x72, 0xEA, 0x6E, 0xD9, 0x4E, 0xFB, 0xA3, 0x8B, 0x0A, 0x52, 0xE1, 0xAA, 0x62, 0xB9, 0x8E, 0xFA,
    0x2D, 0x30, 0x7A, 0x85, 0x68, 0xFD, 0xB8, 0xC5, 0x18, 0x27, 0x7C, 0x83, 0x47, 0x76, 0x78, 0xE9,
    0x42, 0x17, 0x6F, 0x88, 0x43, 0x3E, 0x36, 0x57, 0x3E, 0x3C, 0xE4, 0xCF, 0x79, 0x3C, 0xBE, 0xEF,
    0x87, 0xF3, 0x57, 0x72, 0x49, 0x9E, 0x8E, 0xDC, 0xF7, 0x13, 0xBE, 0x44, 0xD8, 0xEC, 0xB5, 0x5C,
    0xBD, 0xC6, 0xB8, 0x07, 0xE7, 0xA8, 0x76, 0xC2, 0x5B, 0xA9, 0x96, 0x1A, 0xDD, 0x80, 0xE6, 0x01,
    0x6D, 0xC0, 0x11, 0xDF, 0xEE, 0xFB, 0xFB, 0xBB, 0x67, 0x3F, 0x7E, 0xD4, 0x6F, 0x5A, 0xB3, 0xDC,
    0xA5, 0xB4, 0x3E, 0xB2, 0xF4, 0x62, 0xA5, 0xD7, 0x23, 0x7E, 0x7A, 0x74, 0x19, 0x6E, 0xB3, 0xD3,
    0x9D, 0xEE, 0x67, 0xFD, 0xBD, 0x8E, 0xEF, 0xFF, 0xC7, 0xF0, 0x5E, 0xF5, 0xF8, 0xF3, 0x8F, 0x5C,
    0xA9, 0xA0, 0x07, 0x52, 0xAA, 0xB4, 0xDB, 0xD7, 0xE9, 0xF7, 0x2F, 0xC4, 0xE9, 0x17, 0x1D, 0xDC,
    0x13, 0x27, 0xBC, 0xBC, 0xFC, 0x45, 0x5E, 0xC1, 0xFB, 0x19, 0x8F, 0x24, 0xAF, 0x4E, 0x27, 0x5F,
    0x20, 0xD0, 0x43, 0x5E, 0xBF, 0xBC, 0x7E, 0xFB, 0xF3, 0xFF, 0x79, 0x91, 0xF6, 0xEC, 0xB9, 0x37,
    0xF2, 0xD9, 0x0E, 0x37, 0x37, 0xB1, 0x27, 0x39, 0x9F, 0x7D, 0x5D, 0x93, 0x2B, 0xD3, 0x5D, 0x10,
    0xFF, 0xCA, 0x4C, 0xB6, 0xB0, 0x56, 0x6E, 0x31, 0xC6, 0xB2, 0xDC, 0x7A, 0x5E, 0xAF, 0x35, 0xB7,
    0xDE, 0x18, 0x5F, 0xBF, 0xFA, 0xCE, 0x60, 0xEB, 0x13, 0x9A, 0xDA, 0x90, 0xD7, 0x57, 0x45, 0x30,
    0x53, 0x64, 0x51, 0x36, 0x19, 0x63, 0x06, 0x96, 0x02, 0xA4, 0x18, 0x72, 0x2A, 0x75, 0x99, 0xAF,
    0xD2, 0xBC, 0xAD, 0x25, 0xB6, 0x73, 0xCE, 0xD8, 0x96, 0x3C, 0x8B, 0xC1, 0x25, 0xE6, 0x04, 0x1B,
    0x09, 0xE7, 0xF4, 0x88, 0xE4, 0x71, 0xBB, 0x5C, 0x7B, 0x8C, 0x36, 0x9B, 0x88, 0xE5, 0xFC, 0x44,
    0x85, 0xD1, 0xC5, 0x23, 0xD8, 0xD3, 0x18, 0x97, 0x79, 0xC1, 0x91, 0x3C, 0xCC, 0x2F, 0x93, 0xC6,
    0xB8, 0x4C, 0xC6, 0x19, 0x26, 0xD1, 0x16, 0x65, 0x0C, 0xBD, 0x6A, 0xBC, 0x4F, 0x6A, 0x4F, 0xEC,
    0x82, 0x15, 0x69, 0x31, 0xB2, 0xF1, 0x32, 0xC9, 0x7E, 0xB4, 0x64, 0xED, 0x61, 0xD6, 0x48, 0xFB,
    0xA7, 0x35, 0x2B, 0x4C, 0x91, 0x24, 0x56, 0xC1, 0x42, 0x0E, 0xE0, 0x55, 0xDE, 0x01, 0x1A, 0xBC,
    0xBA, 0xD0, 0x07, 0x98, 0xAB, 0x08, 0xFD, 0x57, 0xF8, 0x1E, 0x5F, 0xF4, 0x49, 0xA6, 0xB6, 0xA8,
    0x99, 0xB7, 0x6C, 0x47, 0xBF, 0xD9, 0x4E, 0x27, 0xC6, 0x7C, 0x51, 0x2B, 0xC5, 0x42, 0xF2, 0xF5,
    0xCA, 0x70, 0xAE, 0xAC, 0x2E, 0x46, 0x82, 0x57, 0x6C, 0x2E, 0x9C, 0x8C, 0xDB, 0x96, 0x7C, 0x14,
    0xA3, 0x70, 0x3C, 0xBD, 0xCF, 0xFE, 0x52, 0xDF, 0x9F, 0x44, 0x8F, 0x35, 0x5E, 0xBD, 0x6E, 0xBB,
    0x40, 0xFA, 0x3E, 0x5F, 0x80, 0x86, 0x79, 0x46, 0x9C, 0x63, 0x29, 0xD8, 0x9F, 0x5E, 0x3D, 0xDA,
    0x9C, 0x99, 0xE9, 0x2B, 0xB0, 0x5B, 0x66, 0xD2, 0x26, 0x25, 0x28, 0xCB, 0x29, 0x7A, 0xDB, 0x77,
    0xE9, 0x16, 0x51, 0x52, 0xCA, 0x40, 0xD0, 0x58, 0xDD, 0xD4, 0x4B, 0x4D, 0xD4, 0xAD, 0x35, 0xA9,
    0x43, 0x69, 0x35, 0xD3, 0xE0, 0xD4, 0x6D, 0x82, 0x1D, 0x2B, 0x11, 0x68, 0x0B, 0xD5, 0xEC, 0x8C,
    0xEF, 0x0A, 0x26, 0x43, 0x08, 0x56, 0x2E, 0x8E, 0x0F, 0x76, 0x52, 0x49, 0xA5, 0xD6, 0x19, 0x2A,
    0x29, 0x75, 0x11, 0x74, 0xAF, 0x8B, 0x58, 0x0D, 0x22, 0x11, 0xD4, 0x3A, 0x72, 0x80, 0x99, 0xEA,
    0x3A, 0xED, 0x18, 0xA9, 0x1D, 0xBC, 0x42, 0xB5, 0xD1, 0x0A, 0x85, 0xA4, 0x0B, 0xE5, 0x73, 0x59,
    0xF7, 0x8E, 0x9D, 0xE6, 0x82, 0x27, 0x62, 0xCC, 0xFE, 0xDA, 0x75, 0xEF, 0x98, 0xCE, 0xCE, 0xFA,
    0xED, 0xD8, 0x28, 0x10, 0xD4, 0xDE, 0xC9, 0xA8, 0xEE, 0x75, 0xC8, 0x1C, 0xCA, 0x87, 0x8B, 0x2F,
    0x49, 0x3C, 0x39, 0x5C, 0xDF, 0xCF, 0xA2, 0xCD, 0xD7, 0x0C, 0xE3, 0xB8, 0x14, 0x73, 0x08, 0x38,
    0x7F, 0x94, 0xBE, 0x1D, 0x67, 0x91, 0x5C, 0x17, 0x41, 0x9D, 0xD9, 0xE3, 0xD8, 0x74, 0x3D, 0x77,
    0xB7, 0xD6, 0x59, 0x80, 0x7C, 0x74, 0x44, 0xB4, 0x32, 0xED, 0x90, 0x22, 0xDC, 0x5F, 0xFB, 0x64,
    0x17, 0x9F, 0xAC, 0x79, 0x5E, 0xF0, 0x87, 0x18, 0xD3, 0x8E, 0x14, 0x73, 0x0D, 0xF8, 0x02, 0xC7,
    0x60, 0xBC, 0xB8, 0xF2, 0x53, 0x33, 0xE5, 0xF2, 0xA9, 0x71, 0xFD, 0xE7, 0xF2, 0xB1, 0xDD, 0x54,
    0x5E, 0x12, 0x5D, 0x6E, 0x8C, 0x0F, 0x96, 0xE3, 0x0F, 0x27, 0xD6, 0xDF, 0x35, 0xFF, 0xD8, 0x4C,
    0x1B, 0x2A, 0xE4, 0x02, 0x88, 0xEB, 0x98, 0x27, 0x53, 0x42, 0xEE, 0xD3, 0x1C, 0x2C, 0x5D, 0x14,
    0xF0, 0x67, 0x0B, 0xC1, 0x64, 0x7C, 0x49, 0x7D, 0xCE, 0xAF, 0x8A, 0xE8, 0x28, 0x27, 0xF3, 0xE6,
    0x94, 0xC5, 0x89, 0x22, 0xB1, 0x72, 0x45, 0xE4, 0x0A, 0x43, 0xA4, 0x7A, 0x9A, 0xA7, 0x91, 0xC0,
    0x34, 0x3E, 0x2B, 0x32, 0x99, 0x6A, 0x99, 0x26, 0xAF, 0x15, 0x69, 0x92, 0x1B, 0xF9, 0x73, 0x0D,
    0xD2, 0x37, 0x3B, 0x15, 0xD8, 0xE7, 0xA2, 0xD1, 0xAB, 0x9B, 0x13, 0x35, 0x57, 0x2D, 0x4B, 0xAC,
    0xB4, 0x98, 0x7C, 0xB4, 0xD6, 0x64, 0xB9, 0xA2, 0xDE, 0x95, 0x81, 0x5C, 0x00, 0x8D, 0x83, 0x9B,
    0x33, 0x29, 0xCD, 0x56, 0x01, 0xB2, 0xF7, 0xB4, 0xB7, 0x44, 0x03, 0x2B, 0x0E, 0x30, 0x02, 0x84,
    0xCE, 0x15, 0xD0, 0x4A, 0x81, 0xC9, 0x01, 0x90, 0x24, 0x91, 0x45, 0x65, 0x05, 0x4A, 0xD2, 0x53,
    0x54, 0x5E, 0xC0, 0x41, 0x9A, 0xB7, 0x0B, 0x1D, 0xCA, 0x55, 0x95, 0x6E, 0x35, 0x21, 0x0C, 0x62,
    0x16, 0x5C, 0xB8, 0x02, 0x34, 0xD3, 0x14, 0xB4, 0xAB, 0x18, 0x57, 0x57, 0x5C, 0x40, 0xFD, 0x0A,
    0x64, 0xBF, 0xC0, 0x08, 0x10, 0xBB, 0x73, 0x15, 0x00, 0xF5, 0xAC, 0x79, 0xA7, 0x2A, 0xE0, 0xD4,
    0x33, 0xEB, 0x4F, 0x6D, 0x13, 0x4E, 0xFD, 0x07, 0xB6, 0x46, 0x6B, 0xEF, 0xC6, 0x6D, 0xC3, 0xB7,
    0xE3, 0xEA, 0xB5, 0x27, 0xEF, 0xD1, 0x02, 0x42, 0x16, 0x28, 0x7C, 0x80, 0x7D, 0x46, 0x00, 0x87,
    0x64, 0x6D, 0xDB, 0xDC, 0xF8, 0x5B, 0x06, 0x0D, 0x47, 0xD1, 0x7D, 0x81, 0x5B, 0x56, 0xB9, 0xAF,
    0x02, 0x1F, 0x0F, 0x68, 0xFE, 0x02, 0x17, 0x73, 0x13, 0x83, 0xB1, 0x1E, 0x9E, 0x3C, 0x37, 0x0C,
    0xF9, 0xE8, 0x3D, 0x43, 0xD3, 0xE8, 0x2D, 0x8E, 0xEA, 0x5A, 0xD7, 0x91, 0x0E, 0x66, 0x70, 0x37,
    0x49, 0xF7, 0xB9, 0x87, 0x9D, 0xAF, 0x2C, 0x54, 0x9F, 0xAC, 0x6C, 0x3E, 0x21, 0x48, 0xD6, 0x6C,
    0xA9, 0x43, 0x7C, 0xD1, 0x12, 0xA1, 0x56, 0xBC, 0xC8, 0xCD, 0xFD, 0x81, 0xC2, 0xF9, 0x23, 0x95,
    0x5D, 0x98, 0x58, 0xE0, 0xF2, 0x1B, 0xB5, 0x71, 0x3F, 0x74, 0x83, 0x88, 0x58, 0x1F, 0x5F, 0x9F,
    0x58, 0x6F, 0xA2, 0xBE, 0x5D, 0xBF, 0x5C, 0xDF, 0x61, 0x3A, 0xC8, 0xDA, 0x62, 0x8B, 0x17, 0xA8,
    0x46, 0x86, 0x04, 0x71, 0x9E, 0x58, 0x67, 0x3B, 0xBC, 0x46, 0x03, 0x57, 0x5B, 0x5C, 0x86, 0xC0,
    0x03, 0x79, 0xF3, 0x4C, 0xDE, 0xFB, 0x58, 0x72, 0xE0, 0xA5, 0xB4, 0xAA, 0x64, 0x82, 0xD6, 0x75,
    0x43, 0x27, 0x78, 0x03, 0xA5, 0x03, 0x93, 0x3B, 0x74, 0xB0, 0xBB, 0x48, 0x73, 0x9B, 0x8C, 0x03,
    0x21, 0xFF, 0x00, 0xF3, 0x33, 0x30, 0x6B, 0x22, 0x2B, 0x0D, 0x4F, 0x10, 0x68, 0xC3, 0x3F, 0x57,
    0x26, 0xF9, 0x56, 0x99, 0x36, 0xF3, 0x52, 0x60, 0xF2, 0x27, 0xE4, 0x77, 0xF8, 0x47, 0xDE, 0xAF,
    0xE4, 0x44, 0x44, 0x4F, 0x04, 0x98, 0x56, 0x9F, 0xFC, 0xBF, 0xBD, 0xDF, 0xBD, 0x1C, 0xC4, 0xE1,
    0xF2, 0x27, 0x54, 0x14, 0x0E, 0x88, 0x82, 0xD6, 0xF9, 0xD8, 0x49, 0xF6, 0xA9, 0x6F, 0x15, 0xEA,
    0x8A, 0xD9, 0x1C, 0x59, 0x64, 0x6F, 0xB0, 0x37, 0x47, 0xF7, 0xF1, 0xBA, 0x75, 0x5D, 0x05, 0x90,
    0xD4, 0x87, 0x5C, 0x3B, 0xF5, 0x31, 0x55, 0xEF, 0xEB, 0x71, 0xD7, 0x8B, 0xC7, 0xCA, 0x01, 0x9A,
    0x9E, 0xF0, 0x22, 0x37, 0x13, 0x13, 0x36, 0x31, 0x41, 0xE2, 0x5B, 0xB3, 0x74, 0x85, 0x51, 0x6B,
    0x4B, 0xDD, 0xB2, 0x94, 0x24, 0xF3, 0x4E, 0xCD, 0x05, 0xAD, 0x18, 0xD3, 0x24, 0x19, 0xA5, 0x75,
    0xE0, 0x83, 0x9C, 0x73, 0xE6, 0x51, 0xE1, 0x6A, 0xDC, 0x1C, 0x17, 0x1A, 0xB9, 0xB6, 0x8D, 0xAF,
    0x8D, 0x69, 0xDC, 0x43, 0x68, 0xE1, 0x0E, 0x90, 0xC6, 0xE8, 0x3A, 0xD2, 0x58, 0xE5, 0x18, 0xF3,
    0x00, 0xDA, 0x23, 0xD4, 0xAB, 0x2A, 0x4D, 0xD4, 0x3B, 0x41, 0x1A, 0xEA, 0x7A, 0xF6, 0x45, 0x13,
    0x1A, 0x5D, 0x99, 0x73, 0x4D, 0x85, 0xAB, 0xC2, 0x6E, 0x65, 0xB8, 0x09, 0x49, 0xFE, 0xBA, 0xCF,
    0xB7, 0x37, 0xA5, 0xEF, 0x28, 0xFD, 0xEA, 0x6B, 0x1A, 0x35, 0x9F, 0xCB, 0x2D, 0x83, 0x22, 0x0A,
    0xB8, 0x93, 0xF6, 0x86, 0xB3, 0x44, 0x2F, 0x5D, 0xF3, 0x9E, 0xF8, 0xD3, 0xD0, 0xD3, 0xA6, 0x05,
    0x85, 0x8C, 0xFD, 0x45, 0x41, 0xA5, 0xC0, 0x29, 0x31, 0x9F, 0xD7, 0xFF, 0x3E, 0x65, 0xFA, 0xD9,
    0xC6, 0xF3, 0x92, 0xD8, 0x22, 0xAB, 0x66, 0x85, 0x64, 0xAC, 0xC8, 0xB5, 0x8B, 0xA2, 0x31, 0x82,
    0x94, 0x5B, 0xA0, 0xA6, 0x58, 0xE7, 0x72, 0x2E, 0x40, 0xC3, 0x76, 0x5C, 0x63, 0x7F, 0x4D, 0x8D,
    0x34, 0x9E, 0x47, 0xEE, 0xCB, 0x5E, 0x00, 0x61, 0x9F, 0xB8, 0x4D, 0xA5, 0x0F, 0xD3, 0x10, 0xBE,
    0xA0, 0xAE, 0x73, 0xF3, 0xBE, 0xBE, 0xE1, 0x55, 0xC3, 0x3B, 0xEB, 0x45, 0xA6, 0xB3, 0x1A, 0xB9,
    0xF6, 0x0D, 0xF3, 0xEE, 0xBD, 0x38, 0x4D, 0xC3, 0xC0, 0xA2, 0x72, 0x9B, 0xC2, 0xFA, 0x89, 0x2A,
    0x20, 0x16, 0xEA, 0x97, 0xF7, 0x48, 0xEA, 0xF1, 0x7A, 0x6E, 0x9A, 0x62, 0xA8, 0xD0, 0xDA, 0x29,
    0x84, 0xBA, 0x9E, 0x9D, 0xF3, 0x00, 0x50, 0x8F, 0x45, 0xE6, 0x9D, 0x67, 0x6E, 0xE5, 0xF0, 0xE1,
    0xDB, 0x40, 0xF9, 0xCD, 0x09, 0x89, 0xC0, 0x48, 0xB9, 0xD8, 0x1B, 0xFD, 0xB4, 0x9F, 0x8A, 0x77,
    0x52, 0x55, 0xE4, 0xF5, 0x4B, 0x8A, 0x31, 0x63, 0x6A, 0x13, 0x90, 0x76, 0x1E, 0x2E, 0xF7, 0xF4,
    0xF3, 0x37, 0x6E, 0x68, 0x5E, 0x77, 0xA6, 0x99, 0x7C, 0x6F, 0x59, 0xED, 0xF2, 0x42, 0xF3, 0x78,
    0xB1, 0x99, 0xD8, 0xAA, 0xCF, 0xAF, 0xA3, 0x71, 0x06, 0x42, 0x28, 0xB7, 0x9E, 0x77, 0x88, 0xAC,
    0xE8, 0x1C, 0x47, 0xE5, 0x37, 0xFF, 0x1A, 0x97, 0x58, 0x51, 0x3A, 0x3E, 0x1B, 0xF5, 0x77, 0x57,
    0x32, 0xF2, 0x62, 0xB1, 0x80, 0x1D, 0x62, 0x91, 0x1A, 0xE6, 0xC9, 0x31, 0x07, 0x18, 0x6D, 0x5C,
    0x20, 0x69, 0x2F, 0x07, 0xFE, 0x9A, 0x5D, 0x8D, 0x09, 0xB3, 0xC7, 0xF0, 0xBC, 0x86, 0x59, 0xA2,
    0x5F, 0xF7, 0xDF, 0xB1, 0xAE, 0xD1, 0x72, 0x46, 0x0C, 0x6D, 0x06, 0xEA, 0x95, 0xDD, 0xFC, 0xEE,
    0x31, 0x27, 0x7F, 0x97, 0x22, 0xF7, 0x0F, 0x49, 0x5E, 0xB6, 0x40, 0xD1, 0xF8, 0x29, 0xDE, 0x2D,
    0xA6, 0x7A, 0x18, 0xBF, 0xD5, 0xA3, 0x3E, 0xB6, 0x69, 0x0A, 0x56, 0x1A, 0x82, 0x9D, 0x7D, 0x8A,
    0x06, 0xC3, 0xF5, 0x14, 0xF9, 0x13, 0xDC, 0x7E, 0xC7, 0x37, 0x89, 0x52, 0x16, 0x0C, 0xF2, 0x58,
    0x95, 0xA1, 0xDE, 0x8C, 0xAB, 0x7A, 0x51, 0xD4, 0x29, 0x26, 0x94, 0xA4, 0x53, 0x14, 0x9F, 0x60,
    0xCA, 0x55, 0xC0, 0x91, 0x7B, 0xEC, 0x8B, 0xA3, 0x5F, 0x26, 0xF9, 0x22, 0xE4, 0x2B, 0x25, 0xE3,
    0xC5, 0x59, 0x7B, 0x9E, 0x79, 0xC1, 0x3C, 0xFD, 0x27, 0x87, 0xF6, 0x9E, 0x33, 0xFB, 0xCD, 0xB6,
    0x1F, 0x46, 0xE6, 0x45, 0x40, 0xC4, 0xB0, 0x4E, 0x0C, 0x4E, 0x3D, 0x2E, 0x00, 0x37, 0x91, 0x42,
    0xDE, 0x4B, 0x41, 0x1B, 0x52, 0x3A, 0x47, 0x54, 0xE6, 0xFB, 0xA7, 0x2E, 0xC2, 0xFC, 0x66, 0xE7,
    0x80, 0xFB, 0xAF, 0x7D, 0x3F, 0xA5, 0x8A, 0x72, 0x63, 0xEC, 0x9A, 0x47, 0x89, 0x53, 0x26, 0x7F,
    0x39, 0x64, 0x64, 0xCF, 0x7F, 0x51, 0x6A, 0x06, 0x05, 0xE4, 0x83, 0x5D, 0xD5, 0xA2, 0xDA, 0xF2,
    0x6A, 0x2A, 0xBB, 0x5D, 0x7E, 0x2E, 0x7E, 0xAC, 0x0C, 0x5C, 0x57, 0xDD, 0x2B, 0xB1, 0x73, 0x96,
    0x3C, 0x57, 0x1D, 0x57, 0xB1, 0xDD, 0xD3, 0x50, 0x4B, 0xB6, 0xD0, 0x78, 0xFA, 0x0F, 0xD3, 0xFF,
    0x7C, 0xFD, 0xFC, 0x1F, 0xA6, 0xFF, 0x05, 0x9C, 0x94, 0x81, 0x06, 0x2C, 0x51, 0x08, 0x86, 0x23,
    0x80, 0x9F, 0x5E, 0x25, 0x0E, 0xC0, 0x72, 0x5E, 0x3D, 0x02, 0x88, 0x79, 0x95, 0x08, 0x60, 0x99,
    0xDB, 0xB1, 0x3B, 0xDC, 0xCB, 0x85, 0x76, 0xE0, 0x93, 0xF1, 0x69, 0xAA, 0x9A, 0xE8, 0x87, 0x88,
    0xD8, 0x88, 0xE8, 0xE1, 0x66, 0xAF, 0x8C, 0x85, 0x2D, 0x25, 0x89, 0x05, 0xC5, 0xAA, 0xBF, 0xDF,
    0x3F, 0x5C, 0xFD, 0xFC, 0xCF, 0x57, 0xFF, 0xFA, 0xB1, 0x0E, 0x4F, 0xCC, 0x13, 0x7F, 0x8B, 0xCB,
    0xF1, 0x9B, 0x77, 0x06, 0x63, 0x83, 0x65, 0x94, 0xFF, 0x72, 0x79, 0xB7, 0xBF, 0xAE, 0xF6, 0x9B,
    0x27, 0x1E, 0xE5, 0x6F, 0x21, 0x5E, 0xA1, 0x58, 0xB1, 0x42, 0x43, 0x4F, 0x3C, 0xCB, 0x5F, 0xFC,
    0x0E, 0xA6, 0xD5, 0xCC, 0x66, 0xC7, 0xF7, 0xC4, 0x17, 0xCF, 0x4A, 0x30, 0x84, 0xFD, 0x36, 0x3B,
    0x7D, 0x18, 0x7E, 0xFF, 0xD7, 0xDF, 0xDE, 0xF5, 0x53, 0xFB, 0x97, 0x4F, 0xFB, 0x57, 0xE9, 0xA0,
    0xED, 0xEC, 0xE9, 0xA4, 0xEA, 0xE2, 0x13, 0x1F, 0xAB, 0x2A, 0xD4, 0x54, 0xD2, 0xD6, 0x21, 0xD4,
    0x47, 0xBE, 0xAE, 0xAC, 0xD4, 0x93, 0xD8, 0x3C, 0xCC, 0x94, 0x69, 0xE6, 0x6F, 0x70, 0x3D, 0x7B,
    0x73, 0xFA, 0xA0, 0x52, 0x35, 0xF4, 0xE5, 0x5F, 0x3F, 0x47, 0x3E, 0xBD, 0xC1, 0xE6, 0xF8, 0x30,
    0x9A, 0xDE, 0x1C, 0xCD, 0xBF, 0x2A, 0x41, 0x10, 0xB6, 0x32, 0x5B, 0x74, 0xEE, 0xE0, 0x77, 0x5F,
    0xD1, 0xFE, 0xAC, 0x7E, 0xCE, 0x73, 0x77, 0xA4, 0x41, 0x95, 0x41, 0xD8, 0x3C, 0xED, 0x9F, 0xAE,
    0x0C, 0xCD, 0xC3, 0x84, 0xAA, 0xB2, 0xDD, 0x33, 0x7F, 0x55, 0xFB, 0x68, 0xBF, 0x12, 0x8B, 0x94,
    0x87, 0xF5, 0x9F, 0xFD, 0x65, 0x90, 0x30, 0xBB, 0x39, 0xE9, 0x66, 0xF1, 0x61, 0xFF, 0x3E, 0x73,
    0x07, 0xDF, 0x87, 0x27, 0x9E, 0xF8, 0x80, 0xF9, 0xF5, 0x32, 0x43, 0x84, 0x07, 0xCA, 0x4E, 0x3C,
    0xFB, 0x7E, 0x3B, 0x75, 0x43, 0xCE, 0xDC, 0x7F, 0xF8, 0xFF, 0xED, 0xAF, 0xBF, 0xCF, 0xFF, 0x0F,
    0xED, 0xC7, 0xCC, 0x17, 0xB7, 0xF6, 0x16, 0x09, 0xB4, 0xEC, 0xCC, 0x81, 0xBD, 0x46, 0xBE, 0xF8,
    0x95, 0x0A, 0x60, 0x85, 0xB8, 0x06, 0x5E, 0x1D, 0xFF, 0xB0, 0xBF, 0x26, 0x20, 0xB7, 0x20, 0x7B,
    0xF6, 0x6F, 0xEA, 0x2B, 0x9B, 0x27, 0xA9, 0xC9, 0xE5, 0xC3, 0xFB, 0xBD, 0xDD, 0x09, 0x44, 0x09,
    0x36, 0x80, 0xB8, 0x39, 0xCA, 0xFF, 0xDC, 0x8F, 0x3B, 0xA7, 0x2D, 0x12, 0x99, 0xED, 0x7F, 0x4B,
    0xEE, 0x28, 0xE3, 0x0C, 0x77, 0x32, 0x63, 0x1A, 0xEE, 0xCF, 0x9F, 0x5E, 0xCC, 0x28, 0xC7, 0x71,
    0x1E, 0x07, 0xC2, 0x05, 0xF0, 0x75, 0x00, 0x5E, 0x65, 0x0F, 0x20, 0x80, 0x57, 0x27, 0xE0, 0x03,
    0xF4, 0x55, 0x08, 0xE4, 0x95, 0x40, 0xAD, 0x28, 0x5A, 0x46, 0x7B, 0xFE, 0xCC, 0xFE, 0x13, 0xA4,
    0x37, 0x11, 0xBF, 0xF2, 0xD8, 0x1D, 0x92, 0x8A, 0x28, 0x59, 0xF6, 0xA8, 0xD7, 0xBE, 0x87, 0x59,
    0x7F, 0x39, 0xD7, 0xF1, 0x1F, 0xF3, 0x03, 0xB6, 0x5A, 0x7D, 0x02, 0x21, 0x21, 0x2E, 0xAE, 0xAB,
    0xF5, 0x1F, 0x72, 0x35, 0x40, 0x27, 0x36, 0x2D, 0x01, 0x12, 0x92, 0x74, 0x3D, 0x0E, 0x37, 0x71,
    0x98, 0x02, 0x59, 0x8C, 0x93, 0x28, 0x12, 0x76, 0x04, 0x8C, 0x0E, 0xE5, 0xF2, 0xC4, 0x58, 0x89,
    0x09, 0x28, 0x1D, 0x26, 0x81, 0x44, 0x81, 0x85, 0x35, 0x4A, 0x16, 0x7D, 0x9E, 0x8D, 0x04, 0xA0,
    0x0E, 0x18, 0xD5, 0x49, 0x7A, 0x08, 0xA1, 0x40, 0xE8, 0xD7, 0x23, 0x84, 0x74, 0xA4, 0x41, 0xC2,
    0xA0, 0xBE, 0x49, 0xE8, 0xCA, 0x9D, 0x48, 0x1A, 0x02, 0x5A, 0xFE, 0x63, 0x92, 0xEA, 0x12, 0xE2,
    0xA5, 0xE5, 0x93, 0xC0, 0x23, 0x00, 0x3A, 0x8C, 0x5C, 0xC0, 0x00, 0x32, 0x8B, 0x5B, 0xFE, 0x0D,
    0xF4, 0x6C, 0x63, 0xB5, 0x58, 0xAD, 0x3F, 0x4F, 0xFE, 0x50, 0x4E, 0x6B, 0x00, 0xA2, 0x07, 0x03,
    0x79, 0xD2, 0x3F, 0x88, 0x01, 0x61, 0x42, 0x83, 0x67, 0xBF, 0xBB, 0x49, 0x4C, 0xD2, 0x1C, 0x64,
    0x8F, 0xB7, 0x76, 0xF2, 0x3C, 0x31, 0xF5, 0x6B, 0x5C, 0xD3, 0xD2, 0x56, 0x0E, 0x58, 0x45, 0x4B,
    0x64, 0x45, 0x56, 0x28, 0x20, 0x3E, 0x84, 0x88, 0xA1, 0xF4, 0x88, 0x21, 0x53, 0x02, 0xF8, 0x2E,
    0x59, 0xD7, 0x8C, 0x53, 0x35, 0xC5, 0x07, 0xA0, 0x30, 0x60, 0x40, 0x43, 0x02, 0x42, 0x7A, 0x67,
    0x17, 0x42, 0xE9, 0x2A, 0x8E, 0xA9, 0x84, 0x29, 0x86, 0xC1, 0x08, 0xFD, 0x02, 0x00, 0xB2, 0x4C,
    0x1E, 0xA1, 0x5F, 0x6E, 0x86, 0x4C, 0x44, 0x94, 0x9A, 0x61, 0x5E, 0xE1, 0xFA, 0x00, 0xBA, 0x6C,
    0xB4, 0x31, 0xAA, 0xE1, 0xEA, 0x35, 0xFE, 0xD1, 0x6B, 0x89, 0xA1, 0xEA, 0x91, 0x5A, 0x3D, 0x6C,
    0x51, 0x44, 0x58, 0x05, 0x1F, 0xA3, 0xA4, 0x2E, 0x0E, 0x39, 0xFE, 0xDC, 0x6B, 0x26, 0x53, 0x63,
    0x8C, 0xD0, 0x6A, 0x63, 0x68, 0x40, 0x96, 0xA9, 0x4F, 0x53, 0x72, 0x1A, 0x0C, 0x65, 0xB9, 0x0C,
    0x20, 0x63, 0x9A, 0x84, 0xE6, 0xA8, 0x12, 0xA6, 0x86, 0x21, 0xC1, 0x60, 0x48, 0x2A, 0x87, 0x62,
    0x48, 0x48, 0x62, 0xC4, 0x60, 0xD8, 0xAA, 0x92, 0xB5, 0xEF, 0xD5, 0x24, 0xEE, 0x4D, 0x7D, 0x37,
    0x5B, 0x58, 0xB0, 0x67, 0x9A, 0x59, 0x4F, 0xF0, 0x3B, 0xBD, 0x32, 0x48, 0xD7, 0x1C, 0xB0, 0x22,
    0x02, 0xFC, 0xCE, 0xE1, 0x0B, 0x3B, 0x51, 0xC5, 0x8D, 0x31, 0xEE, 0x44, 0xDC, 0xC9, 0x4C, 0x83,
    0xBA, 0x44, 0x04, 0xDD, 0xA0, 0x4A, 0x8E, 0x31, 0xA2, 0x22, 0x43, 0x6A, 0x41, 0x57, 0x99, 0xC7,
    0xB4, 0xAE, 0x71, 0x42, 0xE3, 0xAA, 0xF1, 0x59, 0x51, 0x79, 0x04, 0x22, 0xBE, 0xD7, 0x5B, 0x21,
    0xAE, 0x50, 0x27, 0x0C, 0xC4, 0x1A, 0x39, 0x0C, 0x89, 0x89, 0x23, 0x74, 0x62, 0x88, 0xA8, 0x0B,
    0xA9, 0x21, 0x35, 0x70, 0xFE, 0xE8, 0x5B, 0x87, 0x32, 0xC6, 0xA4, 0x22, 0xC4, 0xE4, 0xDF, 0xE3,
    0x48, 0x15, 0x3E, 0x91, 0x63, 0x5F, 0x4E, 0x75, 0x0D, 0x83, 0xAD, 0xEF, 0x66, 0x0F, 0xD1, 0x2A,
    0x91, 0x12, 0x39, 0x74, 0x7D, 0x6B, 0x2F, 0xA7, 0x35, 0x22, 0x31, 0x12, 0x7C, 0x84, 0xDA, 0x4C,
    0xDF, 0xA9, 0xD6, 0xB7, 0x47, 0xC7, 0x24, 0xC5, 0xC9, 0x4A, 0xA5, 0x40, 0x00, 0xB9, 0xAD, 0x3F,
    0xFB, 0xB4, 0x27, 0x11, 0xA1, 0x09, 0xAB, 0xA3, 0x65, 0x59, 0x52, 0xD2, 0x18, 0xCA, 0xFE, 0xE6,
    0xB5, 0xC8, 0x25, 0x00, 0xA0, 0x8F, 0x3A, 0xB1, 0x93, 0xAC, 0x40, 0x8D, 0x7A, 0xC2, 0xB0, 0xD8,
    0x4D, 0xC8, 0x54, 0xAE, 0xCE, 0x98, 0xA1, 0xC9, 0x66, 0x07, 0x86, 0x75, 0xA7, 0xAE, 0x14, 0xFB,
    0x5F, 0x5A, 0x62, 0x97, 0x64, 0xD6, 0xF5, 0x2D, 0xEA, 0x2B, 0xC4, 0x96, 0xDC, 0x52, 0x09, 0x51,
    0x19, 0x51, 0x29, 0x67, 0xDB, 0x92, 0x97, 0xA0, 0x45, 0xD8, 0x8F, 0x28, 0x80, 0xA9, 0x7F, 0x26,
    0x6F, 0xCD, 0x75, 0x90, 0x53, 0x82, 0xF8, 0x4C, 0xCA, 0xA1, 0x9B, 0x1F, 0x2F, 0x5F, 0xC7, 0xFA,
    0x05, 0xFC, 0x1A, 0x80, 0xC4, 0x0F, 0xC7, 0x26, 0x59, 0xE1, 0xFA, 0x60, 0xFD, 0xDC, 0x65, 0xB6,
    0x0E, 0x69, 0xA5, 0x12, 0xDF, 0x0F, 0xEA, 0x67, 0x61, 0xC9, 0xDC, 0x87, 0x1E, 0xAA, 0x7D, 0x90,
    0x15, 0x09, 0x7A, 0x1E, 0x5C, 0xEA, 0x60, 0xE8, 0x43, 0xCF, 0xC4, 0x35, 0x9C, 0xB9, 0x0F, 0x10,
    0xF6, 0xE6, 0x4B, 0xA7, 0x64, 0x6F, 0x57, 0xE6, 0x3D, 0xAC, 0x9C, 0xE4, 0x73, 0x92, 0x90, 0x34,
    0x68, 0x98, 0xD3, 0x95, 0xAC, 0x30, 0xD7, 0x6C, 0x97, 0x63, 0xB2, 0x9D, 0xF7, 0xB2, 0xBA, 0xD6,
    0x19, 0x00, 0x92, 0xC5, 0xB3, 0x3D, 0xBB, 0x50, 0xD2, 0x17, 0xDE, 0xEE, 0x86, 0x3B, 0xD9, 0x21,
    0xBC, 0xB8, 0x3F, 0x75, 0xFC, 0x3F, 0xE2, 0xCB, 0xBD, 0xD0, 0x3F, 0x1D, 0x5F, 0x3C, 0x36, 0x3F,
    0x1D, 0x7B, 0x95, 0x3F, 0xFB, 0x72, 0xB7, 0xDF, 0xF7, 0x3A, 0xC3, 0xED, 0xB9, 0xB1, 0x6F, 0x96,
    0xD6, 0x51, 0x4A, 0x2F, 0x93, 0xC0, 0x65, 0xEA, 0xB8, 0xCC, 0x80, 0xCB, 0x72, 0x1B, 0xCC, 0xC1,
    0xDA, 0x7C, 0xF4, 0x88, 0x77, 0xE2, 0x88, 0x47, 0xDB, 0x5B, 0x9D, 0x21, 0xA3, 0x84, 0x75, 0x46,
    0x9F, 0xA2, 0xBE, 0x5C, 0x7F, 0x13, 0xD2, 0x4F, 0x51, 0xC7, 0x12, 0x75, 0x43, 0x8B, 0x95, 0x10,
    0xD6, 0xCF, 0x6C, 0x16, 0x6B, 0x84, 0x7B, 0xF5, 0x01, 0x54, 0x40, 0xC8, 0x29, 0x47, 0x7E, 0xDB,
    0x7C, 0x5A, 0xB8, 0x45, 0x2A, 0xB2, 0x3C, 0x96, 0xC4, 0x94, 0x63, 0x8A, 0x1E, 0xAB, 0x10, 0x79,
    0xC9, 0x58, 0x15, 0x51, 0x4C, 0x99, 0x06, 0x5D, 0x42, 0x24, 0x24, 0xB7, 0x94, 0x2D, 0x60, 0x25,
    0xEA, 0xDF, 0xB7, 0x94, 0x5E, 0x84, 0x4C, 0x80, 0x4E, 0x48, 0xF6, 0x92, 0x37, 0xB7, 0xEB, 0xC7,
    0xB0, 0x24, 0xFF, 0x21, 0xB6, 0x04, 0xE5, 0x88, 0xED, 0x18, 0x30, 0xA7, 0x43, 0xC9, 0x0E, 0x7C,
    0xDB, 0xC0, 0xF6, 0x9E, 0xF6, 0x99, 0xBC, 0xFA, 0xFB, 0xA6, 0xF1, 0x99, 0xBC, 0x12, 0x03, 0x50,
    0x96, 0x93, 0xC6, 0x87, 0x52, 0xFA, 0xF8, 0x2E, 0x1F, 0x48, 0x39, 0x20, 0xE7, 0xEB, 0x8C, 0xF5,
    0xC8, 0xAE, 0x6C, 0x0E, 0xF0, 0x7C, 0x1F, 0x3A, 0xDF, 0x85, 0xCA, 0x3B, 0xA0, 0x00, 0x8C, 0x7A,
    0x6E, 0xCB, 0xB9, 0xC2, 0xF5, 0x8B, 0x4C, 0x4A, 0x62, 0xA4, 0x04, 0x22, 0x35, 0x64, 0xCD, 0x67,
    0x4C, 0x19, 0x25, 0x31, 0xE5, 0x70, 0x49, 0xFD, 0x82, 0x84, 0x26, 0x34, 0x96, 0x63, 0x3F, 0x98,
    0xD5, 0x85, 0x41, 0x06, 0xC2, 0x78, 0x4D, 0xE6, 0xFB, 0x0C, 0xAF, 0xCF, 0xB3, 0x35, 0xDB, 0xAF,
    0x07, 0x77, 0xB1, 0xF2, 0xBB, 0x09, 0xAF, 0x67, 0x89, 0x25, 0x01, 0x5E, 0xC3, 0x60, 0xFF, 0x32,
    0xB9, 0x3F, 0x90, 0xF7, 0xE9, 0xE4, 0xFE, 0x40, 0xDE, 0xFB, 0x4C, 0xFB, 0x48, 0x4A, 0xD8, 0x7D,
    0xB7, 0xEE, 0xB3, 0x4C, 0xC8, 0x44, 0xC3, 0x60, 0xBE, 0xB7, 0x23, 0x3D, 0xA2, 0xF9, 0x72, 0x68,
    0x05, 0x28, 0xDA, 0xF5, 0x42, 0xFD, 0x0E, 0xF2, 0x8E, 0x90, 0x31, 0x49, 0x09, 0x70, 0x62, 0xBA,
    0xE9, 0xFF, 0x5A, 0x48, 0x23, 0x63, 0x72, 0xDB, 0x3A, 0x37, 0x2B, 0x99, 0x71, 0x62, 0xA8, 0x6F,
    0x23, 0xD4, 0x65, 0x61, 0x90, 0xE0, 0xD9, 0xBF, 0x84, 0x7A, 0x61, 0xB8, 0xB7, 0x44, 0xCA, 0xC4,
    0x62, 0xD2, 0x01, 0x6D, 0x75, 0x51, 0x7A, 0x14, 0x52, 0x48, 0x0D, 0x2B, 0x3F, 0x70, 0x9D, 0xA6,
    0x46, 0x1A, 0x32, 0xA7, 0x49, 0xA4, 0x05, 0x19, 0xF6, 0x08, 0xC0, 0xAE, 0x57, 0x98, 0xD7, 0x1C,
    0x25, 0xA1, 0x09, 0x33, 0xA4, 0xBD, 0xE6, 0x48, 0x15, 0x52, 0x8E, 0x7C, 0xCD, 0x6B, 0x68, 0xDB,
    0x6B, 0x5E, 0x1A, 0x18, 0x03, 0xFF, 0xF9, 0x55, 0xAA, 0xF1, 0x82, 0xA3, 0xA5, 0x26, 0x84, 0x24,
    0xA1, 0x61, 0x69, 0xE8, 0x57, 0xF6, 0xF2, 0x9A, 0x6A, 0xA5, 0xEB, 0xAF, 0xAE, 0x31, 0x15, 0xD6,
    0x55, 0x6D, 0x95, 0xAC, 0x73, 0xA3, 0x24, 0x48, 0x65, 0xC0, 0x42, 0xD8, 0xAB, 0x90, 0x29, 0x69,
    0xEA, 0x6A, 0x3D, 0xEE, 0x37, 0x4B, 0xD3, 0x30, 0xBA, 0x72, 0xD5, 0x30, 0xAB, 0xCB, 0x16, 0x50,
    0x7F, 0xFE, 0xFA, 0xA8, 0xFB, 0xFF, 0xDD, 0xF6, 0x8D, 0xB5, 0x21, 0x59, 0x2C, 0x97, 0x26, 0x7B,
    0x46, 0xD2, 0x21, 0xF9, 0x6C, 0x81, 0xBC, 0x11, 0xAB, 0x44, 0xF3, 0x9C, 0xC0, 0xF6, 0x5E, 0xAC,
    0xA1, 0x9B, 0xB7, 0xE2, 0xF4, 0xCE, 0x25, 0x01, 0xFC, 0xCF, 0xA7, 0x50, 0xF5, 0x6B, 0xDE, 0x03,
    0x2F, 0x3D, 0xE9, 0x41, 0x08, 0x5D, 0x8F, 0x51, 0xC0, 0x5F, 0x7A, 0x95, 0xA9, 0x78, 0xDB, 0x2B,
    0xE9, 0xBA, 0x7B, 0xB4, 0xBE, 0x81, 0x33, 0x20, 0x9E, 0x7F, 0x1C, 0x99, 0xBC, 0x30, 0x34, 0xBF,
    0x8D, 0xB0, 0x1E, 0xBE, 0x4E, 0x46, 0x57, 0x4A, 0x1E, 0x09, 0x59, 0x71, 0xD4, 0x35, 0x26, 0x57,
    0x7B, 0x7A, 0xB3, 0xD9, 0xED, 0xFE, 0xA2, 0x75, 0xCD, 0xA0, 0x78, 0xBD, 0x4F, 0xF7, 0xD9, 0xF8,
    0x7E, 0x2C, 0x89, 0xFB, 0x6C, 0x7C, 0x27, 0x96, 0x1D, 0x0E, 0xD2, 0x11, 0x7C, 0x2F, 0xCE, 0xD0,
    0xCD, 0x9B, 0xFD, 0x01, 0x08, 0x24, 0xFA, 0x43, 0xC6, 0xB4, 0x6B, 0x43, 0xD5, 0xE8, 0x3B, 0x43,
    0x0E, 0x18, 0x03, 0x14, 0x97, 0xA8, 0x8A, 0xDA, 0xE4, 0x11, 0x26, 0x47, 0x98, 0x4A, 0xD8, 0xE8,
    0x2B, 0x56, 0x19, 0x91, 0xEB, 0xAB, 0x41, 0x3C, 0xAD, 0xE7, 0x5F, 0xCD, 0x05, 0x99, 0xE8, 0xC4,
    0x62, 0xC5, 0xD2, 0x47, 0xDC, 0xEB, 0xF9, 0x6E, 0xAC, 0xFB, 0xDD, 0xE5, 0xBD, 0x58, 0x43, 0x37,
    0x3F, 0xFE, 0xFB, 0x0C, 0x12, 0x8D, 0xFA, 0xB3, 0xAA, 0xCA, 0x23, 0x1A, 0x3A, 0x40, 0x34, 0x79,
    0x0F, 0xC3, 0xA2, 0x83, 0xDD, 0xC9, 0x82, 0xAB, 0xE2, 0xE0, 0x11, 0xD5, 0x25, 0x89, 0x46, 0x7D,
    0x23, 0xD1, 0x54, 0x7D, 0x09, 0x63, 0xC2, 0xCC, 0xB7, 0xFB, 0x0D, 0xA4, 0x35, 0xC0, 0x8F, 0xF7,
    0xFD, 0xBF, 0xBD, 0x5A, 0x51, 0x6E, 0xC3, 0xB8, 0x0E, 0x24, 0xC0, 0xDF, 0x07, 0xF0, 0x2A, 0x7B,
    0x80, 0x00, 0xBC, 0x3A, 0x81, 0x1E, 0x60, 0xAF, 0x42, 0xA0, 0xBF, 0x04, 0xE6, 0x79, 0x44, 0xD7,
    0x4A, 0xBC, 0x42, 0x9A, 0xA6, 0x49, 0x65, 0xCF, 0xA0, 0xA9, 0x25, 0x72, 0x28, 0x45, 0x32, 0xA5,
    0x56, 0x14, 0x39, 0x30, 0x8A, 0xA6, 0x88, 0x6D, 0xF0, 0x1D, 0x55, 0xA2, 0xD9, 0xB0, 0x28, 0x71,
    0x69, 0xEC, 0x97, 0x02, 0x65, 0x00, 0x2C, 0xC4, 0x5D, 0x1A, 0xB5, 0x43, 0x91, 0xBB, 0x55, 0x67,
    0x3D, 0x4B, 0xB7, 0x70, 0x11, 0x8C, 0x8F, 0x65, 0x59, 0x4E, 0xE3, 0x55, 0x9A, 0xE5, 0x09, 0xA4,
    0x7F, 0xA6, 0x98, 0x5C, 0xE8, 0xA6, 0xE5, 0x20, 0x5E, 0x2D, 0xC9, 0xE4, 0x62, 0x51, 0x34, 0x8E,
    0xF8, 0x91, 0xB0, 0x97, 0x89, 0xD0, 0x72, 0xB1, 0x10, 0x71, 0x11, 0xB9, 0xFC, 0xAF, 0x7F, 0x6B,
    0xF9, 0xB0, 0x12, 0xA4, 0x26, 0xDB, 0x9B, 0x8A, 0x41, 0xB4, 0x44, 0x0E, 0x6B, 0xD5, 0x1A, 0x59,
    0x18, 0xA0, 0xA3, 0x04, 0x01, 0x2D, 0xF1, 0x21, 0x62, 0xAF, 0x05, 0xD6, 0x5C, 0xA3, 0x20, 0x43,
    0x5D, 0x7A, 0x20, 0x0C, 0xA0, 0x99, 0xF1, 0xA4, 0x5D, 0xB2, 0xF5, 0xD0, 0x0A, 0x06, 0x61, 0x61,
    0x3E, 0x2C, 0xD6, 0xCD, 0x5D, 0x6E, 0xE9, 0x08, 0xAD, 0x5D, 0x10, 0x44, 0xEC, 0xDF, 0x10, 0xD7,
    0x7C, 0xB9, 0x30, 0x17, 0x41, 0xE8, 0x67, 0x5A, 0xD4, 0xCF, 0x85, 0x11, 0x6F, 0x10, 0xF4, 0xD3,
    0x3E, 0x72, 0xCD, 0xD1, 0x3F, 0x8A, 0xB7, 0x48, 0xB2, 0x28, 0xFD, 0x4C, 0x41, 0x3C, 0x25, 0x6C,
    0x28, 0x6B, 0x69, 0xAD, 0x8D, 0x05, 0x48, 0x12, 0x44, 0xA8, 0x70, 0x23, 0x0B, 0x4D, 0xD1, 0x3C,
    0x91, 0xC5, 0x99, 0x2C, 0x5C, 0x9A, 0x9C, 0x04, 0x71, 0xD1, 0x92, 0x12, 0x4F, 0x9A, 0x8B, 0x8D,
    0xDA, 0x47, 0x59, 0x9C, 0x59, 0x29, 0x23, 0xD9, 0xFC, 0x33, 0xB3, 0x25, 0x30, 0x58, 0x2A, 0x8C,
    0xFE, 0xF6, 0x4F, 0xAE, 0x1B, 0x76, 0x99, 0xCC, 0x38, 0xDC, 0x8A, 0x0C, 0xB2, 0x56, 0xFD, 0x20,
    0x20, 0x20, 0x9A, 0x7E, 0x1E, 0xD0, 0x04, 0x1A, 0xC6, 0x31, 0x41, 0x32, 0x04, 0x0B, 0x5A, 0x68,
    0xD4, 0x01, 0x97, 0x06, 0x28, 0x98, 0x72, 0x5B, 0xAC, 0xA3, 0xD1, 0xB2, 0x31, 0x50, 0x73, 0xE6,
    0x5F, 0xC3, 0x80, 0x18, 0x88, 0xB9, 0x40, 0x5C, 0xA3, 0xDA, 0x44, 0x10, 0x5F, 0xB2, 0x46, 0x31,
    0xFE, 0xDC, 0xDF, 0xA5, 0x6B, 0x6D, 0x7B, 0xDD, 0x19, 0x0C, 0x15, 0x5A, 0x8A, 0x23, 0x7A, 0x15,
    0x4A, 0x8D, 0x31, 0x5C, 0x0E, 0xDA, 0x78, 0xB9, 0x46, 0x0D, 0x13, 0x4D, 0x6F, 0x9D, 0x9E, 0xBF,
    0xD3, 0xDA, 0x02, 0x5E, 0xDF, 0x8F, 0x5D, 0xE9, 0x17, 0xDA, 0x5E, 0xAB, 0xE7, 0x68, 0x1F, 0x21,
    0x8A, 0x10, 0xC1, 0x93, 0xBA, 0xD0, 0x76, 0x86, 0x4F, 0xA5, 0x06, 0x69, 0xAD, 0xB5, 0xBF, 0xDD,
    0xAC, 0xDE, 0xD2, 0x9F, 0x63, 0xBC, 0xAB, 0xC7, 0xFB, 0xD7, 0xFD, 0x2A, 0x24, 0x46, 0xD2, 0xAB,
    0x9A, 0x7F, 0xE9, 0xDD, 0x97, 0x6E, 0x40, 0x04, 0xE1, 0xAC, 0x4B, 0xB3, 0xB4, 0x1A, 0xBB, 0x24,
    0x01, 0xA9, 0x9A, 0x0C, 0x71, 0x90, 0x50, 0x1A, 0x09, 0xAC, 0x52, 0x3D, 0xFF, 0x3D, 0x9C, 0xCF,
    0x2A, 0x69, 0x38, 0xD7, 0x6F, 0x41, 0x81, 0x8B, 0x01, 0xE2, 0x1F, 0xA0, 0x50, 0xCD, 0x86, 0x05,
    0xA1, 0x39, 0x61, 0xA9, 0x89, 0x50, 0x20, 0xC4, 0xA9, 0xBA, 0xD7, 0x06, 0xD0, 0x17, 0xAA, 0xC7,
    0xF4, 0x22, 0xD9, 0xD1, 0x50, 0x55, 0xBB, 0xFA, 0x93, 0xB8, 0xE8, 0x97, 0x6E, 0xAD, 0xBF, 0x20,
    0x2F, 0x8E, 0x6B, 0x0A, 0xFB, 0xAB, 0x51, 0x22, 0x5E, 0x1D, 0xC5, 0xFB, 0x65, 0xB3, 0x68, 0xDE,
    0x90, 0x90, 0x94, 0xF6, 0xAD, 0x1F, 0x47, 0x7B, 0xEA, 0x28, 0xDF, 0x13, 0xE9, 0x8C, 0x86, 0x31,
    0x7F, 0x66, 0xD7, 0xE8, 0x52, 0xBC, 0x6F, 0x69, 0x99, 0x30, 0x00, 0x88, 0xA6, 0x38, 0x7A, 0x89,
    0x56, 0x4F, 0x74, 0x32, 0xB7, 0x9C, 0x5E, 0x75, 0x0B, 0x4D, 0x8A, 0xA2, 0x4E, 0x88, 0x16, 0xA3,
    0xB1, 0xB8, 0xBE, 0x5C, 0x6E, 0xAF, 0x9A, 0xD7, 0x52, 0x3E, 0x00, 0x34, 0xBD, 0x42, 0xFE, 0x01,
    0x34, 0x9E, 0x96, 0xEA, 0x1F, 0x01, 0x44, 0xA2, 0xBB, 0x60, 0xDE, 0x9A, 0xF3, 0xB6, 0x98, 0xB7,
    0xCB, 0x71, 0xCF, 0xEA, 0x67, 0x23, 0x0F, 0x5A, 0x80, 0x83, 0xF5, 0xFB, 0xD2, 0xEC, 0xEB, 0x2C,
    0xBA, 0x1F, 0xA3, 0x18, 0xE4, 0xBD, 0x1A, 0xA9, 0x51, 0x16, 0x0E, 0xB1, 0xFA, 0x55, 0x2C, 0x67,
    0x3B, 0x8F, 0x1A, 0x21, 0xFA, 0xBA, 0x17, 0x50, 0x3A, 0xA5, 0xFE, 0x83, 0xF4, 0xD8, 0x6B, 0xB3,
    0x3C, 0x54, 0x9F, 0xCF, 0x1E, 0xED, 0xAE, 0x7B, 0xCF, 0x78, 0x5B, 0xFC, 0x97, 0x69, 0xDD, 0xE5,
    0xC4, 0xCB, 0xFC, 0xB8, 0xD9, 0x85, 0x15, 0x5C, 0xF3, 0x9A, 0x69, 0x4C, 0xCB, 0x69, 0x12, 0x18,
    0xB5, 0x86, 0x66, 0xCD, 0x03, 0x7B, 0x61, 0xD5, 0x46, 0x2B, 0x9C, 0x68, 0xA5, 0x57, 0xB8, 0x6D,
    0x6E, 0x31, 0x01, 0x69, 0xF4, 0x36, 0x27, 0xB8, 0x88, 0xCC, 0x35, 0x44, 0x73, 0xE2, 0xDC, 0x70,
    0x9D, 0x44, 0xF4, 0xD5, 0xFE, 0xB0, 0xA7, 0x01, 0x56, 0x72, 0xDE, 0x34, 0x7E, 0xF3, 0x05, 0xAA,
    0xC5, 0xF7, 0x04, 0xAD, 0xB3, 0xC4, 0x72, 0xA3, 0xEE, 0x1E, 0x76, 0x0B, 0xEB, 0x1A, 0xAB, 0x7A,
    0x6C, 0x84, 0x9E, 0xC6, 0x62, 0xC8, 0x1B, 0xCA, 0x12, 0xF1, 0xB9, 0x30, 0xB4, 0x67, 0xF6, 0x47,
    0x93, 0x54, 0xD3, 0x23, 0x0B, 0xFB, 0x62, 0x91, 0xEB, 0x51, 0xF0, 0x3E, 0x93, 0xF8, 0xE8, 0x77,
    0xB3, 0xA1, 0x33, 0x03, 0xA7, 0x2B, 0xCD, 0xC6, 0x5C, 0x33, 0x06, 0x46, 0xF1, 0x03, 0xED, 0xE0,
    0xB2, 0xE1, 0x17, 0x36, 0x3B, 0xB4, 0x0E, 0xEC, 0xB9, 0x49, 0x8C, 0x51, 0x68, 0x8E, 0x1A, 0x1E,
    0x9D, 0x2F, 0x4F, 0x3B, 0xBA, 0x11, 0x79, 0x61, 0xEC, 0x1A, 0x8F, 0xFA, 0xDC, 0x3F, 0x59, 0x67,
    0x63, 0xCB, 0x59, 0xA9, 0x57, 0xB3, 0x32, 0x07, 0xCB, 0xCE, 0x16, 0x6B, 0x76, 0x59, 0x73, 0x0D,
    0x6E, 0xC5, 0xCD, 0xD4, 0x37, 0x21, 0xD9, 0x63, 0x76, 0x79, 0x7C, 0xBE, 0x4C, 0x2C, 0x49, 0xF3,
    0x44, 0xAD, 0x71, 0x92, 0xE6, 0x20, 0x97, 0x26, 0x91, 0x49, 0xB5, 0x8B, 0x6D, 0xFA, 0x76, 0x78,
    0xCA, 0xA2, 0x5C, 0xEA, 0x3C, 0x17, 0xD7, 0x0D, 0x53, 0x11, 0xDA, 0x1B, 0xEE, 0x3B, 0xE3, 0x7A,
    0x3D, 0x84, 0xD0, 0xEA, 0x13, 0x92, 0xF3, 0x10, 0xCE, 0xA8, 0xA6, 0xEE, 0x73, 0xFE, 0x82, 0x2F,
    0xA2, 0xDB, 0xD4, 0xCF, 0x41, 0xB4, 0xFA, 0xB1, 0x91, 0x7D, 0x8C, 0x2F, 0x47, 0x1D, 0x74, 0x19,
    0x2E, 0x8C, 0x3E, 0xE8, 0xC6, 0x06, 0x81, 0xEA, 0xEB, 0x8B, 0xE6, 0xDC, 0x9D, 0xE3, 0x22, 0x4F,
    0x27, 0x00, 0x6F, 0x97, 0xDA, 0xA5, 0x6E, 0xE9, 0x32, 0x57, 0xA6, 0xA7, 0x95, 0xDF, 0x5B, 0x80,
    0x3A, 0x95, 0xEC, 0xA4, 0x52, 0x3A, 0xD1, 0xFC, 0x9B, 0x91, 0x59, 0xED, 0x3E, 0x9F, 0x8C, 0xAF,
    0x9B, 0x4F, 0xD2, 0x23, 0x8C, 0x94, 0xEA, 0x69, 0x1C, 0x1B, 0x69, 0x8A, 0x2E, 0x72, 0x63, 0x1A,
    0x3F, 0x13, 0x1D, 0x4C, 0x7A, 0xFB, 0xC0, 0x6B, 0xDE, 0x90, 0x47, 0xD3, 0xD3, 0xC3, 0xAD, 0x39,
    0xE1, 0xD1, 0x30, 0x34, 0xDD, 0x6E, 0xF8, 0x4A, 0x04, 0x41, 0x0F, 0xFB, 0xCB, 0x32, 0xFC, 0x38,
    0x78, 0x03, 0xA9, 0xCE, 0x24, 0x1E, 0xD7, 0x3B, 0xA7, 0x6E, 0x98, 0xE2, 0x81, 0x10, 0x03, 0x76,
    0xC3, 0xB7, 0x47, 0x5E, 0x79, 0x3E, 0x52, 0x58, 0x1F, 0xC7, 0x9D, 0x8F, 0x14, 0x96, 0x5B, 0xEF,
    0xF7, 0x6B, 0x5F, 0x1F, 0x85, 0x3D, 0x19, 0x83, 0x26, 0x7D, 0x7F, 0x50, 0xAF, 0xFD, 0x51, 0xD7,
    0xD3, 0x51, 0x39, 0x3D, 0xFF, 0x52, 0x3A, 0xFE, 0x05, 0xC4, 0x01, 0x60, 0x08, 0x6D, 0x87, 0x94,
    0x4A, 0x15, 0xCD, 0x42, 0xC6, 0x7C, 0x6D, 0x90, 0x81, 0x3C, 0x38, 0x6F, 0x53, 0x61, 0x0C, 0xF6,
    0x66, 0x9A, 0xA4, 0x6E, 0x20, 0x87, 0xAB, 0x14, 0x4B, 0x05, 0xB5, 0x3A, 0x42, 0xCB, 0x61, 0xD1,
    0x3B, 0x63, 0xD6, 0xFF, 0xE2, 0x62, 0x8B, 0xE6, 0x38, 0x1F, 0x3F, 0x5B, 0xB8, 0x51, 0xA8, 0x6F,
    0xD6, 0x8A, 0x6A, 0x11, 0xE7, 0x57, 0xCE, 0x50, 0xD4, 0x05, 0x28, 0x12, 0xC5, 0x77, 0x34, 0x34,
    0x3F, 0xA9, 0x53, 0x09, 0xD0, 0x51, 0xFB, 0xE4, 0x6F, 0x59, 0xA9, 0x1D, 0x9E, 0xA9, 0xC3, 0x9F,
    0x74, 0x4A, 0xCF, 0xB8, 0x46, 0x80, 0xB7, 0xE5, 0xDD, 0x9C, 0xF8, 0xFD, 0xBA, 0x58, 0x96, 0xEB,
    0xA5, 0xF5, 0xDB, 0xE6, 0x47, 0x5A, 0x65, 0x56, 0xD0, 0x8D, 0xBB, 0xFD, 0xFA, 0x4F, 0x1B, 0x6F,
    0x8F, 0xCC, 0x35, 0x37, 0xA7, 0x3A, 0xAC, 0xFF, 0x30, 0x0A, 0xBF, 0x4D, 0x13, 0x58, 0x0C, 0x94,
    0x9A, 0x5A, 0x7A, 0x75, 0x64, 0xD3, 0x8F, 0x35, 0x8F, 0x29, 0xBC, 0xBF, 0x32, 0x2D, 0x7B, 0xA2,
    0xEF, 0xE8, 0x9D, 0x59, 0x38, 0xD0, 0xF5, 0x46, 0x7C, 0xED, 0x92, 0xC5, 0xF3, 0xF8, 0xD3, 0x23,
    0x95, 0x64, 0xFB, 0x4A, 0xD1, 0x2A, 0xE1, 0x0D, 0x2D, 0x47, 0x1A, 0x76, 0x41, 0x25, 0xE2, 0x2E,
    0x74, 0xFF, 0x6A, 0x61, 0xE7, 0xCD, 0xDA, 0xA3, 0xC2, 0x5E, 0x29, 0x62, 0x36, 0xCA, 0xEC, 0xEA,
    0xFE, 0x23, 0x25, 0xC5, 0x06, 0x66, 0x62, 0xD5, 0x9E, 0x57, 0x47, 0xDA, 0x60, 0xFB, 0x12, 0x0F,
    0xC8, 0xC6, 0x44, 0x3B, 0x2A, 0x2A, 0x8D, 0x12, 0x1F, 0xC2, 0xC0, 0xC6, 0x69, 0x69, 0x40, 0x08,
    0x30, 0x4C, 0x15, 0x1F, 0xD2, 0xCE, 0x23, 0x9A, 0x6C, 0xD7, 0x04, 0xA0, 0x88, 0x87, 0xB6, 0x03,
    0x75, 0x67, 0xF7, 0x9D, 0x7C, 0xDE, 0x6D, 0xCC, 0x36, 0x74, 0xDD, 0xE3, 0x0C, 0xC4, 0xE1, 0x38,
    0xEF, 0x98, 0xF8, 0x08, 0xE1, 0x61, 0xA1, 0x99, 0x89, 0xF0, 0x55, 0x8F, 0xBC, 0x4E, 0x61, 0x9B,
    0xAB, 0xAB, 0xEB, 0xA2, 0x49, 0x65, 0x26, 0x8E, 0xEF, 0xF7, 0x46, 0xD5, 0xE8, 0xD1, 0x88, 0x07,
    0x74, 0xA1, 0x88, 0x07, 0x74, 0xAD, 0x7B, 0x89, 0x3F, 0x5F, 0xF7, 0x92, 0x58, 0xA6, 0x88, 0x63,
    0xA3, 0x0B, 0xFD, 0xB3, 0x2C, 0xCF, 0x4E, 0xCF, 0xF9, 0xE1, 0xF2, 0xF0, 0x11, 0x52, 0xED, 0x55,
    0x07, 0xA5, 0xE0, 0x78, 0x3B, 0xFB, 0x55, 0x62, 0x64, 0x9D, 0xD2, 0x7D, 0x94, 0xB0, 0x3C, 0x94,
    0xD2, 0xD1, 0xA0, 0x6D, 0xF0, 0x1C, 0x62, 0xED, 0x33, 0x67, 0x3A, 0xF7, 0x47, 0xAA, 0xAB, 0xF1,
    0xBC, 0xE2, 0x55, 0x3A, 0xF7, 0x7E, 0xED, 0xEB, 0x74, 0xEE, 0xF9, 0x18, 0x04, 0x14, 0x3C, 0xE4,
    0x7F, 0xC4, 0xFE, 0x93, 0xFC, 0x51, 0x20, 0x3D, 0x45, 0xBE, 0x56, 0xCA, 0xE4, 0xE7, 0x5F, 0x06,
    0x53, 0x3E, 0x13, 0xD4, 0xF7, 0x87, 0x70, 0xCE, 0x4D, 0x9F, 0x97, 0xFE, 0x7E, 0x99, 0x47, 0xDE,
    0x92, 0xFF, 0x6C, 0xB4, 0xF7, 0xFE, 0x93, 0x7A, 0x37, 0x2C, 0xFF, 0x52, 0xDC, 0x5E, 0x3A, 0x49,
    0xD5, 0xCF, 0x63, 0x27, 0xDE, 0xA5, 0x37, 0x05, 0x93, 0x69, 0x1F, 0x3B, 0xD7, 0x17, 0xEB, 0xCE,
    0x9A, 0x52, 0xD6, 0xDC, 0x1D, 0x3C, 0xF8, 0x32, 0xB8, 0x9C, 0xA1, 0xA7, 0x35, 0x17, 0xE3, 0xD8,
    0x39, 0x65, 0x58, 0x6F, 0xBE, 0xF3, 0x17, 0xDC, 0xE2, 0x55, 0xDA, 0xA4, 0x59, 0x56, 0x16, 0x65,
    0x97, 0x8D, 0xFC, 0xE2, 0x52, 0x17, 0x52, 0x5D, 0x4A, 0x2A, 0x2F, 0x29, 0x9E, 0x0C, 0x3B, 0x3C,
    0x9A, 0x66, 0xC7, 0xD3, 0xC7, 0xFC, 0xBF, 0x2E, 0x6F, 0xCB, 0xFD, 0x69, 0x83, 0xA5, 0xB3, 0x81,
    0xF0, 0xEA, 0x73, 0x50, 0x82, 0x3A, 0x0C, 0x2D, 0x4A, 0xEB, 0xDE, 0x19, 0xF5, 0xDA, 0xBE, 0x8B,
    0x66, 0xC3, 0x62, 0xB1, 0xF9, 0x61, 0xAF, 0x37, 0x7A, 0x48, 0x1A, 0xA7, 0x33, 0xA3, 0x63, 0xB4,
    0xCA, 0x1B, 0x7B, 0x99, 0xB9, 0xCC, 0xD4, 0x4C, 0xBD, 0xAD, 0xF5, 0x8E, 0x4E, 0x59, 0x9D, 0x86,
    0xB1, 0x00, 0xC8, 0xA6, 0x7D, 0x6A, 0x43, 0xDA, 0x94, 0xD8, 0xED, 0xAF, 0x66, 0xFB, 0xEF, 0xAA,
    0x4E, 0x9B, 0xEB, 0x83, 0x30, 0x20, 0x88, 0x73, 0x06, 0xBC, 0xFE, 0x48, 0x6B, 0x45, 0xB4, 0xE8,
    0xBF, 0x53, 0x6E, 0x41, 0xFC, 0x4E, 0x71, 0x7F, 0x25, 0x6A, 0x68, 0xEF, 0xAE, 0x9F, 0xDA, 0xA3,
    0x69, 0x0F, 0xA8, 0xB5, 0x4C, 0x65, 0x53, 0xD4, 0x79, 0xD0, 0xA6, 0xC4, 0xD5, 0x7F, 0x6A, 0x3C,
    0x2D, 0xB5, 0x4B, 0xAA, 0xF0, 0x72, 0xF2, 0x71, 0xB1, 0xFC, 0x1F, 0xCD, 0x58, 0xC1, 0x6A, 0xEB,
    0x4A, 0x0C, 0x3D, 0xA0, 0xAD, 0x41, 0xBF, 0x62, 0xC8, 0xD6, 0xA0, 0x5F, 0x17, 0x64, 0x5B, 0xE8,
    0xAF, 0x08, 0xBA, 0x15, 0xE8, 0xCD, 0x41, 0x71, 0xA6, 0xCE, 0x75, 0xC3, 0xEB, 0x7D, 0xB9, 0xB7,
    0x4F, 0xB2, 0xCE, 0xD4, 0x1E, 0xE9, 0x8C, 0x54, 0xDB, 0x33, 0xE3, 0x40, 0x2A, 0x0C, 0x56, 0x69,
    0x28, 0x2F, 0x93, 0x84, 0xA9, 0x3A, 0x2C, 0xCD, 0xA1, 0x6E, 0x18, 0x50, 0x84, 0xFC, 0x05, 0x8C,
    0x60, 0x18, 0x50, 0x43, 0x19, 0x08, 0x0D, 0x98, 0x97, 0x43, 0xAB, 0x40, 0x62, 0x00, 0x1A, 0xEA,
    0xA8, 0x52, 0x97, 0x34, 0xF5, 0xA1, 0x57, 0x37, 0x68, 0xB5, 0x73, 0x42, 0x7D, 0x07, 0xC3, 0x0E,
    0xA4, 0xD5, 0x18, 0x50, 0x0E, 0xF2, 0x0E, 0x08, 0x48, 0xF9, 0x23, 0x7E, 0xB8, 0x72, 0x28, 0x10,
    0x63, 0xE0, 0x3C, 0x0C, 0x27, 0x47, 0x91, 0xBB, 0x0F, 0x69, 0x0C, 0xA0, 0x18, 0xDA, 0x49, 0xC3,
    0xAA, 0x70, 0x4F, 0xDB, 0xF5, 0xDD, 0x27, 0x18, 0x4C, 0x08, 0x86, 0xA1, 0x01, 0xBB, 0x27, 0xDA,
    0x20, 0x04, 0x25, 0x18, 0xD9, 0xC8, 0xA0, 0x1F, 0xA4, 0xB9, 0x60, 0x19, 0x88, 0xCD, 0x2E, 0x72,
    0xA1, 0x2E, 0x43, 0x57, 0xEA, 0x66, 0xB8, 0x09, 0x7D, 0xB6, 0x01, 0x17, 0x9B, 0x1E, 0xC7, 0x7E,
    0x59, 0x04, 0x02, 0x3D, 0xF4, 0xAB, 0x01, 0x53, 0x56, 0x5B, 0xE5, 0x93, 0x5E, 0xD7, 0xAB, 0x6D,
    0x98, 0xC2, 0x6B, 0x58, 0xF5, 0xB3, 0x8F, 0x5D, 0xB1, 0x20, 0xBA, 0x7B, 0x1B, 0x03, 0x2C, 0x58,
    0x74, 0xE0, 0x5D, 0x6B, 0xF6, 0x93, 0xFF, 0x9D, 0x9C, 0xDB, 0xD0, 0xCB, 0xD0, 0xF5, 0x63, 0xE8,
    0x1B, 0xA6, 0x70, 0x44, 0xDF, 0xDE, 0xBB, 0x9F, 0x4A, 0x6F, 0x99, 0xF1, 0x32, 0x14, 0x17, 0xDD,
    0x78, 0x9D, 0x3A, 0xFB, 0xD5, 0x13, 0xC2, 0xFF, 0x54, 0x39, 0x60, 0xBB, 0x7B, 0xA0, 0xEF, 0xCA,
    0xCD, 0x92, 0xB7, 0xAA, 0x8D, 0xFE, 0x86, 0xB6, 0x9B, 0x4A, 0x55, 0x6A, 0x55, 0xA9, 0xC3, 0x0C,
    0x6D, 0x79, 0xB3, 0xE1, 0x4E, 0xF6, 0xF2, 0x1B, 0xB7, 0xD1, 0x5B, 0xC3, 0xD4, 0x0D, 0x28, 0xF0,
    0x34, 0x35, 0xD2, 0x38, 0x44, 0xA6, 0x44, 0x5A, 0x54, 0x85, 0x7D, 0x44, 0xAA, 0x9B, 0x41, 0x39,
    0x28, 0x28, 0x39, 0x0F, 0x89, 0x79, 0x7C, 0xF1, 0xCC, 0x4D, 0xF7, 0x23, 0xCF, 0x37, 0x48, 0x60,
    0x8C, 0xD0, 0x77, 0x07, 0xA4, 0x3A, 0xB2, 0xA5, 0x9F, 0x4F, 0xAB, 0x04, 0xCA, 0xF7, 0xD7, 0xCE,
    0x61, 0xFE, 0x9A, 0xF7, 0x55, 0x82, 0xE9, 0xD3, 0x31, 0x18, 0x06, 0x0A, 0xDD, 0x50, 0x0C, 0xE1,
    0x50, 0x1C, 0xA4, 0x2D, 0xDB, 0x0E, 0xB7, 0xC4, 0x48, 0x59, 0x4E, 0xFA, 0x2F, 0x6B, 0xE8, 0xBA,
    0x1F, 0x80, 0xF5, 0xFB, 0x03, 0x18, 0x60, 0x38, 0x40, 0xED, 0xEF, 0x9C, 0x24, 0x21, 0x50, 0xF7,
    0x1A, 0xEC, 0x69, 0x0D, 0xEA, 0x53, 0x0D, 0x47, 0xCD, 0x5D, 0x49, 0xAA, 0xC3, 0x8C, 0x35, 0x44,
    0xBF, 0xC2, 0x52, 0x37, 0x68, 0x11, 0xDF, 0x26, 0xFC, 0x95, 0x6A, 0x50, 0xD9, 0x46, 0xD9, 0x74,
    0xDA, 0x7F, 0xA9, 0x0A, 0x42, 0x50, 0x1F, 0x60, 0x7D, 0x67, 0x7E, 0xAE, 0x3E, 0x3A, 0x49, 0x74,
    0x36, 0x86, 0xD7, 0xD6, 0xA9, 0x4E, 0x72, 0xFE, 0x85, 0xEA, 0x62, 0x7F, 0xAC, 0xCE, 0xD3, 0x37,
    0xEB, 0x55, 0x75, 0x4A, 0xDC, 0xEF, 0xA2, 0x35, 0xD1, 0x8F, 0xD5, 0x49, 0x1F, 0x58, 0xE7, 0x40,
    0x9F, 0x97, 0xD6, 0xF9, 0x30, 0x13, 0x01, 0x6D, 0x56, 0xE5, 0x55, 0x75, 0x3A, 0x13, 0x69, 0xA2,
    0x33, 0xA3, 0x9D, 0x24, 0xF3, 0xCA, 0xF5, 0x06, 0x95, 0x3C, 0x7A, 0x8C, 0x3E, 0xBE, 0xB3, 0xEA,
    0x1C, 0xD3, 0xB4, 0xB6, 0x17, 0xA7, 0x28, 0x15, 0xE3, 0x68, 0xFE, 0x6F, 0xAE, 0x8A, 0xFB, 0x64,
    0xD4, 0xCD, 0x14, 0xA9, 0x22, 0xA3, 0x76, 0x63, 0x9C, 0xEF, 0x39, 0x28, 0x1B, 0xA4, 0x75, 0xFA,
    0x9F, 0x1B, 0x8E, 0x43, 0x0F, 0x54, 0xE5, 0xBD, 0x49, 0x0C, 0xD8, 0x1B, 0x21, 0x13, 0x19, 0xBB,
    0x71, 0x61, 0x63, 0xB8, 0x35, 0xEA, 0x74, 0x64, 0x6F, 0xEE, 0x0D, 0x40, 0x38, 0xE4, 0x65, 0xA9,
    0x49, 0xA2, 0x2A, 0x68, 0x58, 0x32, 0xCC, 0x9C, 0xA1, 0x45, 0x02, 0x23, 0xB2, 0xB7, 0x5C, 0x83,
    0x3E, 0x06, 0x86, 0x66, 0xA3, 0x24, 0xCF, 0xAD, 0x46, 0x5B, 0xA5, 0x15, 0xB0, 0x90, 0x9A, 0x6B,
    0x6F, 0x01, 0xE5, 0x06, 0xC9, 0xFB, 0xAB, 0x72, 0x9F, 0x5B, 0x8A, 0x90, 0x0D, 0x5A, 0x7E, 0x07,
    0xF4, 0xDA, 0x4B, 0x86, 0x22, 0x30, 0x1A, 0xE6, 0xC6, 0xBE, 0x0C, 0x5E, 0x09, 0x46, 0x1B, 0xCB,
    0x81, 0x5D, 0xE9, 0x9F, 0x12, 0x6D, 0xEA, 0x34, 0x89, 0x69, 0x1A, 0x12, 0xC5, 0xF4, 0xBD, 0x6E,
    0xC2, 0x84, 0x19, 0x64, 0xC5, 0x31, 0xFC, 0xEB, 0xB5, 0xF7, 0x05, 0x35, 0xA0, 0x50, 0xEC, 0x3B,
    0xAD, 0x81, 0xE3, 0x72, 0x58, 0xA9, 0x9D, 0xE4, 0xB7, 0xEA, 0xEA, 0xC7, 0x48, 0xFD, 0xDF, 0xD7,
    0x95, 0xD0, 0xA0, 0xA3, 0x0F, 0xA8, 0xBE, 0x87, 0x12, 0x1A, 0x03, 0xCC, 0x07, 0x14, 0xD7, 0x81,
    0x04, 0xB4, 0xE2, 0x00, 0xC1, 0xA2, 0xE6, 0x5C, 0xD7, 0x9B, 0x30, 0x66, 0xD7, 0x80, 0x6C, 0x38,
    0x2D, 0x2B, 0x8F, 0xC6, 0xCC, 0xBA, 0x12, 0xEB, 0x37, 0xF3, 0x1A, 0xD0, 0xF2, 0x61, 0x60, 0x0B,
    0x23, 0xB7, 0x44, 0x1B, 0xF2, 0xA6, 0x46, 0xFB, 0xB3, 0xDB, 0xBA, 0xC3, 0x2A, 0x1F, 0xEB, 0x80,
    0xBE, 0xE6, 0xBF, 0xB9, 0xB7, 0xAB, 0xB9, 0x60, 0xAB, 0x0C, 0xE3, 0x79, 0xA2, 0x8B, 0x6C, 0xA0,
    0xFC, 0x58, 0x49, 0x95, 0x6D, 0x78, 0x6D, 0x79, 0xCB, 0x2A, 0x64, 0x87, 0x25, 0x56, 0xB8, 0xD0,
    0x67, 0xA1, 0xAE, 0x1B, 0x07, 0xA1, 0x4C, 0x1F, 0x7D, 0xF4, 0x59, 0x34, 0x1E, 0x3F, 0x46, 0xF4,
    0xF9, 0x97, 0xC3, 0xC9, 0x07, 0x42, 0x81, 0x47, 0xCB, 0xF3, 0x8F, 0x4A, 0xCA, 0xD3, 0x8F, 0x4A,
    0x08, 0xBE, 0xFE, 0xA8, 0x3C, 0xEE, 0x0B, 0x25, 0xFE, 0xCE, 0xD4, 0xD1, 0xE3, 0xDA, 0x7C, 0x97,
    0x5E, 0x3C, 0x75, 0xEC, 0xB2, 0xFA, 0x4A, 0x7D, 0xB3, 0xB7, 0x75, 0xD7, 0x15, 0x53, 0x70, 0x89,
    0x6D, 0x59, 0xA9, 0xEB, 0xEA, 0x17, 0x6C, 0x58, 0xA9, 0xC0, 0x93, 0x4D, 0xD6, 0x9C, 0x26, 0x6A,
    0x07, 0x29, 0x97, 0x90, 0x0F, 0x27, 0xC4, 0x80, 0xEB, 0x00, 0xBD, 0x32, 0x4F, 0xCF, 0x3B, 0x6C,
    0xEA, 0x06, 0x53, 0x0C, 0xB0, 0x01, 0x6A, 0x04, 0xA6, 0x2C, 0xB9, 0x03, 0xDB, 0xC7, 0x4D, 0x15,
    0x7A, 0x2A, 0x93, 0x2A, 0x08, 0x79, 0xC8, 0xFA, 0x6C, 0x43, 0x35, 0xF5, 0x7C, 0xB7, 0xDD, 0xE7,
    0x0B, 0xB0, 0x6C, 0xFC, 0xFB, 0xA5, 0x1B, 0xA2, 0xCE, 0x9F, 0x5D, 0xFB, 0xEB, 0xB8, 0x6D, 0x58,
    0x17, 0xA2, 0xC6, 0xB7, 0x76, 0x1E, 0xC8, 0x7B, 0xAE, 0xF3, 0xFF, 0x60, 0xF8, 0xBF, 0xED, 0x43,
    0x3A, 0x5C, 0x62, 0x26, 0x69, 0xF8, 0xA3, 0x7B, 0x12, 0x3A, 0x3C, 0x7E, 0xCF, 0xB5, 0x58, 0x29,
    0x07, 0x4B, 0x68, 0x6A, 0xC0, 0x5C, 0xC8, 0xA4, 0x24, 0xDA, 0x52, 0x02, 0x91, 0x1A, 0xC2, 0x07,
    0x51, 0x31, 0x60, 0x23, 0xC4, 0x80, 0xEB, 0xF0, 0xD3, 0x77, 0x48, 0x68, 0x42, 0x83, 0x81, 0xCC,
    0xB0, 0xA0, 0xBC, 0xB0, 0x55, 0x05, 0xC2, 0xAA, 0xEB, 0x3A, 0x3C, 0x4C, 0x14, 0xC9, 0x0D, 0x56,
    0x81, 0x12, 0xBE, 0x93, 0xA1, 0x6E, 0xC3, 0x3E, 0xC2, 0xE4, 0x1A, 0xA6, 0x12, 0xB6, 0xF5, 0x15,
    0x73, 0x83, 0x22, 0xE9, 0x8A, 0x28, 0x20, 0x62, 0x59, 0xC0, 0x70, 0xE7, 0x6B, 0xB7, 0x0E, 0xB0,
    0x24, 0x52, 0x9B, 0x78, 0xFA, 0x68, 0x8C, 0x6B, 0x8B, 0x76, 0xFF, 0xA6, 0x6F, 0x7D, 0x8D, 0x67,
    0xCF, 0xE3, 0xDB, 0xE7, 0x2C, 0x7E, 0x72, 0x8F, 0x28, 0x50, 0x2D, 0x88, 0x54, 0xCB, 0x93, 0xF1,
    0xC9, 0xDF, 0x9E, 0x8B, 0xC6, 0xBC, 0xF6, 0x3C, 0xBE, 0x7D, 0x4E, 0xE3, 0x27, 0x77, 0xC2, 0x8F,
    0xAA, 0xBF, 0x8C, 0x2F, 0x27, 0xFD, 0xCD, 0xF9, 0x3C, 0xBE, 0x7D, 0xCE, 0xE3, 0x8F, 0xB5, 0x4D,
    0xDD, 0xF3, 0xFB, 0xCA, 0xE7, 0x58, 0xFF, 0xF3, 0xF8, 0x73, 0x9F, 0x63, 0xFD, 0x76, 0xEB, 0x1B,
    0xAD, 0xAF, 0x94, 0xC7, 0xFB, 0x3F, 0x67, 0x67, 0xEC, 0x3A, 0xB9, 0x9F, 0xC7, 0xB7, 0xCF, 0x59,
    0xFC, 0xE4, 0xA6, 0xC7, 0xF3, 0xFA, 0xA7, 0xCF, 0xD9, 0xF3, 0x47, 0x7C, 0x5E, 0xFF, 0x79, 0x3C,
    0xB4, 0x80, 0xAA, 0x90, 0x94, 0x9C, 0xAB, 0xDB, 0xFC, 0x82, 0xBE, 0xAD, 0xBB, 0x00, 0x8A, 0x57,
    0x83, 0x57, 0x3F, 0x4F, 0xC9, 0x06, 0x73, 0xAB, 0x6A, 0x3F, 0x8A, 0xFA, 0x34, 0x61, 0x0B, 0x60,
    0x1B, 0x66, 0x71, 0x9F, 0x60, 0x8D, 0x67, 0x3D, 0x70, 0x40, 0x32, 0xC1, 0xA3, 0x24, 0xAD, 0x42,
    0xEB, 0xF0, 0x5B, 0x25, 0x23, 0x83, 0x34, 0x55, 0x95, 0xB4, 0x3B, 0xB5, 0xE1, 0x60, 0xE7, 0xFB,
    0xE1, 0x69, 0x33, 0xAB, 0x93, 0xFD, 0x33, 0xD3, 0xA3, 0x1F, 0xFB, 0x92, 0x2A, 0x61, 0x65, 0x25,
    0x71, 0x5C, 0xD6, 0xD8, 0x55, 0x6E, 0x4E, 0x16, 0xAA, 0xB8, 0x32, 0xF4, 0xF8, 0x4F, 0x5E, 0x10,
    0xBA, 0x0E, 0xEC, 0xBF, 0x70, 0x10, 0xFA, 0xEC, 0x3D, 0x7B, 0xFB, 0xE4, 0x77, 0xA2, 0xE4, 0x71,
    0x84, 0xD3, 0xDF, 0x4F, 0xAA, 0xCA, 0x09, 0x4F, 0x7F, 0x3F, 0xB1, 0x26, 0xF9, 0xFE, 0x57, 0xC5,
    0xEF, 0x2E, 0xF7, 0xFF, 0x00, 0xB5, 0x96, 0x01, 0xC6, 0x2C, 0x49, 0x10, 0x84, 0x3F, 0x12, 0x20,
    0xC8, 0xAB, 0x04, 0x03, 0x30, 0xCC, 0xD5, 0x93, 0x06, 0x18, 0xDE, 0x55, 0xEA, 0x00, 0x4D, 0xEF,
    0x3C, 0x76, 0xD7, 0xDA, 0x55, 0x61, 0xFF, 0x66, 0x3E, 0xA0, 0x84, 0x9A, 0x9C, 0x4A, 0x11, 0x99,
    0xDD, 0xB0, 0x48, 0xAC, 0x26, 0x51, 0x23, 0x13, 0x69, 0x79, 0x11, 0x79, 0x9D, 0x44, 0xAE, 0x8B,
    0x80, 0x65, 0x75, 0xA8, 0x50, 0x53, 0x43, 0xE0, 0xF9, 0x21, 0xBF, 0x0F, 0x33, 0xCC, 0x5E, 0x97,
    0xF7, 0x15, 0xBA, 0x6D, 0x22, 0x56, 0xBA, 0x0F, 0x0C, 0x43, 0xD0, 0x65, 0x59, 0x66, 0xC3, 0x5A,
    0x12, 0x81, 0x9A, 0xC7, 0x3B, 0xF7, 0xAF, 0x97, 0x65, 0xB1, 0x67, 0x8A, 0x9A, 0x54, 0x81, 0x29,
    0x92, 0x5E, 0x30, 0xEC, 0x69, 0x0A, 0xF1, 0x63, 0x0A, 0x06, 0xE7, 0xFF, 0x2D, 0x02, 0xD3, 0xB1,
    0xEF, 0x45, 0xAD, 0x02, 0xEA, 0x44, 0x88, 0x84, 0x79, 0x23, 0xCC, 0xF0, 0x03, 0x6A, 0x44, 0xE5,
    0xFA, 0x74, 0xD0, 0x7B, 0x8A, 0xD8, 0x77, 0x7A, 0x8A, 0x4C, 0xF0, 0x85, 0x50, 0x89, 0x15, 0x5D,
    0x7B, 0xF0, 0x84, 0x6F, 0x26, 0xF3, 0xBE, 0xEF, 0x8A, 0x1A, 0xDC, 0x93, 0x73, 0x47, 0xAA, 0x4F,
    0x51, 0xE4, 0xB9, 0x96, 0x72, 0x73, 0xE8, 0xD0, 0x73, 0xDD, 0x9F, 0x0B, 0x35, 0xB2, 0x95, 0xEE,
    0xDF, 0xC8, 0xF5, 0x17, 0x26, 0x77, 0xD2, 0xAE, 0xEB, 0xA7, 0x35, 0x7B, 0xDD, 0xAF, 0x88, 0x99,
    0x42, 0x98, 0x7F, 0x21, 0x84, 0x31, 0xC3, 0x14, 0xF5, 0xF7, 0x31, 0x51, 0x83, 0x71, 0x0D, 0x01,
    0x2B, 0xF5, 0xA7, 0x97, 0x9C, 0x5E, 0xF3, 0x5C, 0x87, 0x8A, 0xE7, 0xB3, 0x26, 0xA5, 0x80, 0x29,
    0x0A, 0xA6, 0x72, 0x97, 0x03, 0x46, 0x14, 0x81, 0x3C, 0xB9, 0x68, 0x7B, 0x80, 0xFB, 0x39, 0xE4,
    0x61, 0x9B, 0x40, 0x48, 0xDF, 0x82, 0x9C, 0xB2, 0xEC, 0xDD, 0xEC, 0x5F, 0x59, 0x86, 0xFC, 0x32,
    0xA6, 0xDF, 0x8F, 0x55, 0x6C, 0xF1, 0xAB, 0xE6, 0x54, 0xCC, 0x58, 0xF0, 0x7C, 0x40, 0x7A, 0x5D,
    0xCA, 0x7B, 0x79, 0x31, 0xEF, 0x0F, 0x40, 0x0D, 0x00, 0xD4, 0xAF, 0x63, 0xC9, 0xA2, 0x97, 0x4E,
    0x59, 0xFA, 0xF5, 0x39, 0xFB, 0x1F, 0x9F, 0x71, 0x35, 0x16, 0x7F, 0x9D, 0x1F, 0x1F, 0x18, 0x9C,
    0x1C, 0x50, 0x23, 0x44, 0x4D, 0x9A, 0x32, 0x8F, 0xF7, 0x46, 0x8F, 0xC8, 0x35, 0x72, 0xDA, 0xDD,
    0x05, 0x13, 0x77, 0xFF, 0xD6, 0x77, 0x83, 0x91, 0xFD, 0x3E, 0xEA, 0x7F, 0xE4, 0xB8, 0x69, 0x7E,
    0xCC, 0xC3, 0x3D, 0xAF, 0xD5, 0x93, 0xF3, 0xFD, 0x5C, 0x4C, 0xD1, 0x67, 0x48, 0xD8, 0x0D, 0x0C,
    0x6A, 0x58, 0x5C, 0xD7, 0x7F, 0xCF, 0x37, 0xA9, 0xEB, 0x1A, 0xBE, 0x49, 0xA8, 0x59, 0x27, 0x52,
    0x8D, 0xCD, 0x6B, 0xB8, 0xC3, 0x75, 0xD1, 0xB0, 0x0C, 0xE2, 0xBB, 0x0C, 0xB0, 0x5E, 0xD7, 0x75,
    0x02, 0x0B, 0x98, 0x5E, 0xFE, 0xCD, 0x6A, 0x6F, 0xCC, 0x35, 0xF6, 0x6B, 0xBC, 0xDD, 0x6B, 0x05,
    0x34, 0x45, 0xCF, 0xFE, 0xFE, 0x6F, 0x76, 0xBA, 0xFF, 0x64, 0xFB, 0xFB, 0x4B, 0x08, 0x51, 0x1B,
    0x1D, 0xE3, 0x5A, 0xF2, 0x4E, 0x17, 0xA2, 0x27, 0x4F, 0xCA, 0x73, 0x1D, 0x3A, 0xC4, 0x86, 0x1E,
    0x59, 0xEC, 0x64, 0xF1, 0xCA, 0x13, 0x06, 0x7F, 0xD0, 0xD4, 0x56, 0xD5, 0x14, 0x9A, 0xDD, 0x86,
    0xF9, 0x03, 0xA5, 0x59, 0xC1, 0xAA, 0xF5, 0x2C, 0x0C, 0x1C, 0xC8, 0x36, 0xE0, 0xAB, 0x04, 0xDC,
    0x16, 0x7C, 0x75, 0xE1, 0x6C, 0xFB, 0x30, 0xC2, 0xBF, 0x15, 0xFA, 0x37, 0x48, 0xB8, 0x9E, 0xA1,
    0x39, 0x5D, 0x7C, 0x33, 0x8B, 0x7B, 0x2E, 0x33, 0xB1, 0xAD, 0x9A, 0xD4, 0x2A, 0x50, 0x80, 0x01,
    0xB4, 0x69, 0x70, 0xB6, 0x61, 0x58, 0x6C, 0x13, 0x37, 0xD4, 0xD4, 0x80, 0x4C, 0x0F, 0xB8, 0x2E,
    0x10, 0xE7, 0x94, 0xC0, 0x01, 0xC7, 0x28, 0x88, 0x78, 0xE6, 0x0E, 0x19, 0xAA, 0x7B, 0xFB, 0xAA,
    0x32, 0x76, 0xBD, 0x0C, 0xD3, 0x9B, 0xEB, 0x6E, 0xD5, 0x6E, 0x96, 0x6F, 0x7D, 0xA2, 0x7F, 0xB3,
    0xEC, 0xF7, 0x9F, 0xE8, 0x1B, 0xE6, 0x7E, 0x6B, 0x8E, 0xD2, 0x77, 0xB9, 0x75, 0x5B, 0x9C, 0xF6,
    0x59, 0xEC, 0x5F, 0xF1, 0xD6, 0x17, 0x9B, 0xEB, 0x8B, 0x6F, 0xFD, 0x23, 0x7B, 0xFF, 0xD8, 0xE1,
    0xD1, 0x15, 0x15, 0x07, 0xAA, 0xB7, 0x66, 0xA6, 0xB8, 0x11, 0xE3, 0x63, 0x6A, 0xC7, 0xCD, 0xD3,
    0xCE, 0xAA, 0x55, 0x8F, 0x9B, 0x4B, 0x8F, 0x9E, 0x30, 0x31, 0xD1, 0x1B, 0x62, 0x62, 0xFE, 0x74,
    0x82, 0x82, 0x1D, 0x26, 0xCC, 0x76, 0xB9, 0x2F, 0x74, 0xE9, 0x6A, 0x6A, 0xDE, 0x5A, 0x9B, 0xA6,
    0x8B, 0xD8, 0xD0, 0x46, 0x8C, 0x7F, 0xA8, 0x6D, 0x90, 0xAE, 0xCE, 0x44, 0x7F, 0x1D, 0x7F, 0x4C,
    0x51, 0xE7, 0x82, 0xC7, 0x5F, 0x57, 0x97, 0x2E, 0x21, 0xBF, 0xCD, 0x3F, 0xEF, 0x71, 0x3D, 0xF5,
    0x94, 0x21, 0xC3, 0xFF, 0xFA, 0xFF, 0x3C, 0x7F, 0x70, 0xB3, 0x0C, 0x18, 0x14, 0x34, 0x7F, 0xF2,
    0xFE, 0x05, 0xD4, 0xA4, 0xE7, 0x7A, 0x20, 0x1B, 0xBF, 0x80, 0x4C, 0xD1, 0x3F, 0x3A, 0x28, 0x5E,
    0x4D, 0x8F, 0x1B, 0xF5, 0xAC, 0x27, 0xF7, 0x7F, 0xE8, 0x31, 0x3A, 0x41, 0x7E, 0xBE, 0x6F, 0x16,
    0xEE, 0x7F, 0x65, 0x26, 0xE3, 0x87, 0xE0, 0x43, 0xFB, 0xA1, 0x71, 0xFB, 0x58, 0xB3, 0x89, 0xB8,
    0xE1, 0x65, 0x7E, 0xF6, 0x32, 0xED, 0x13, 0x8C, 0x5C, 0xE5, 0xE7, 0x57, 0xF3, 0xB1, 0xF8, 0x9B,
    0xA9, 0xA4, 0x13, 0xDB, 0x05, 0x81, 0x3C, 0xE8, 0x47, 0x39, 0xA1, 0x4E, 0x9A, 0x3F, 0xC4, 0x76,
    0xED, 0xFA, 0x47, 0x99, 0xD7, 0x57, 0xFB, 0x0D, 0x9C, 0xDF, 0x32, 0x1F, 0xC7, 0x4F, 0xED, 0x5C,
    0x6C, 0xFA, 0xA5, 0xE3, 0x77, 0x7E, 0x95, 0x6E, 0x06, 0x85, 0x96, 0x09, 0x75, 0x72, 0x7D, 0xB2,
    0x51, 0xD5, 0xD9, 0xB4, 0xEA, 0xA2, 0x51, 0x7D, 0x5C, 0xAD, 0x96, 0x19, 0xB3, 0x2F, 0xFA, 0x8F,
    0x73, 0xE4, 0x76, 0x46, 0x2F, 0x05, 0x54, 0x86, 0x6E, 0xF7, 0x46, 0xF3, 0x8B, 0xE6, 0x50, 0xB8,
    0x5A, 0xE8, 0x69, 0x0D, 0x60, 0xC8, 0x76, 0x6F, 0x3E, 0x7E, 0x26, 0x78, 0x98, 0x83, 0xAB, 0x15,
    0xBE, 0x7E, 0x8C, 0x61, 0x54, 0x80, 0xC8, 0x7F, 0x8E, 0x8F, 0x0A, 0xF0, 0x18, 0x4F, 0x19, 0x0E,
    0x6C, 0x15, 0x20, 0xD1, 0xB9, 0x06, 0x50, 0xFE, 0xD3, 0xF3, 0x51, 0xFE, 0x13, 0xB8, 0x02, 0xB0,
    0xCE, 0x15, 0x80, 0xF5, 0xF2, 0x36, 0x3E, 0x11, 0x99, 0xC4, 0xD7, 0x71, 0x68, 0x68, 0x87, 0xD6,
    0xF1, 0x58, 0x03, 0x60, 0xE0, 0xFE, 0x4F, 0x6B, 0xC0, 0x0E, 0xCA, 0x61, 0x81, 0x40, 0x71, 0x84,
    0xE4, 0xEE, 0x55, 0x03, 0xB8, 0x0A, 0x50, 0x7C, 0x54, 0x80, 0xBC, 0x7F, 0x38, 0xFF, 0x37, 0x9D,
    0x2B, 0x00, 0x21, 0xCB, 0xFF, 0x40, 0x96, 0xFF, 0x54, 0x03, 0x26, 0xE5, 0x3F, 0x8F, 0x9F, 0x52,
    0xFE, 0x53, 0x0D, 0xE0, 0xFC, 0xE1, 0x1A, 0x50, 0x26, 0xE5, 0x3F, 0xD5, 0x80, 0xC6, 0xF9, 0x9F,
    0xD4, 0x80, 0xE8, 0xBF, 0x58, 0x61, 0xE4, 0xF9, 0xE5, 0x41, 0xB9, 0xEE, 0x30, 0x5C, 0xB0, 0x6D,
    0xFE, 0x2C, 0x42, 0x31, 0x7E, 0xAD, 0x01, 0x19, 0x6B, 0x0D, 0xD8, 0x06, 0xAD, 0xFF, 0x68, 0xFE,
    0xF9, 0xDD, 0x72, 0xFE, 0xAE, 0x99, 0x22, 0xC9, 0xFA, 0x2E, 0x9E, 0x80, 0x75, 0xEA, 0x7A, 0x6F,
    0xD7, 0x76, 0x5A, 0x2F, 0x78, 0x58, 0x03, 0x4E, 0x5E, 0xFF, 0x05, 0x68, 0x05, 0x38, 0x5F, 0xFB,
    0x27, 0x30, 0x4A, 0x5E, 0x3F, 0x62, 0x7C, 0xD2, 0xFA, 0x13, 0xB9, 0x9E, 0xE7, 0x57, 0x40, 0xBF,
    0xB0, 0xF2, 0x2B, 0x7B, 0xFF, 0xD5, 0x53, 0x0D, 0x0C, 0xE4, 0xBA, 0xA0, 0x8D, 0x5F, 0xEF, 0x3F,
    0xBD, 0xD9, 0xBA, 0x42, 0x51, 0x86, 0x3A, 0x78, 0xFD, 0x75, 0xD8, 0xA7, 0xA2, 0xA2, 0xCD, 0x0A,
    0xA7, 0x7D, 0x2C, 0x6E, 0x9E, 0x3C, 0x6D, 0xB2, 0x1E, 0x33, 0x40, 0x4C, 0x4C, 0xB5, 0x1C, 0x5E,
    0xFD, 0x9D, 0x20, 0xFC, 0x39, 0x58, 0x5F, 0x63, 0x57, 0xED, 0xA6, 0xB6, 0xE3, 0x48, 0xE2, 0x2D,
    0x1C, 0x0F, 0xF1, 0x65, 0xAE, 0xD5, 0x0D, 0xBA, 0x0C, 0xBE, 0xFE, 0xEE, 0x11, 0x5B, 0x75, 0x8E,
    0xF5, 0x7A, 0x55, 0xA9, 0x62, 0x67, 0x33, 0x9B, 0x75, 0xA1, 0xEE, 0x7A, 0x78, 0x76, 0xC7, 0xFE,
    0x7E, 0xE2, 0xF5, 0xAD, 0xFF, 0x32, 0xD8, 0xE6, 0xD8, 0xDF, 0x7F, 0xAC, 0x03, 0x54, 0x77, 0xB9,
    0x7E, 0xE7, 0x3E, 0x7A, 0xF7, 0xB4, 0x99, 0xBF, 0x7F, 0xA2, 0x7E, 0x3C, 0xE9, 0x56, 0xCC, 0x1C,
    0xDA, 0x9D, 0xC2, 0xA5, 0x75, 0x5B, 0x63, 0x87, 0x63, 0xE9, 0xC7, 0x21, 0xF2, 0x16, 0x1F, 0x1E,
    0x8E, 0xDF, 0xA1, 0x3E, 0xEB, 0x3E, 0xCE, 0x5A, 0xEB, 0xE1, 0xE3, 0xAC, 0xC6, 0x7D, 0xA0, 0xB9,
    0xBE, 0xC6, 0x54, 0x36, 0xAE, 0xFE, 0x09, 0xB0, 0x27, 0x74, 0xEF, 0x93, 0x22, 0x1D, 0x06, 0xFF,
    0x7D, 0x2C, 0x65, 0xB1, 0x6C, 0xF3, 0x9B, 0x5D, 0xA1, 0xC7, 0x5B, 0xF7, 0x3D, 0x7F, 0xD9, 0x45,
    0x3A, 0xAF, 0xEF, 0x51, 0xA2, 0x16, 0x82, 0x3D, 0xB9, 0x2E, 0x8A, 0x61, 0xA6, 0xA7, 0x88, 0xF4,
    0xAD, 0xF5, 0xDE, 0x3A, 0x95, 0x12, 0xEE, 0xF8, 0x8F, 0x20, 0x47, 0xE9, 0x86, 0xF2, 0x53, 0x87,
    0x49, 0x47, 0xAE, 0xC3, 0x46, 0x2F, 0x78, 0x83, 0x00, 0xD0, 0x0E, 0xB9, 0xA9, 0x5D, 0xFF, 0xEA,
    0x22, 0xD0, 0x4F, 0x88, 0x6D, 0xCE, 0xE5, 0xF9, 0x68, 0x77, 0xFF, 0x1F, 0x3C, 0xB6, 0x1B, 0x3E,
    0xBD, 0x47, 0x3D, 0x0F, 0xA1, 0x01, 0x53, 0xB0, 0x61, 0xFC, 0xD7, 0xD1, 0x7B, 0x77, 0x3F, 0xF2,
    0xEF, 0xCB, 0x02, 0x85, 0x21, 0x5F, 0x7F, 0x86, 0xEE, 0x80, 0xA2, 0x41, 0xB1, 0xD5, 0xD7, 0x83,
    0xF3, 0x2F, 0x5C, 0xE1, 0x70, 0x9D, 0xD6, 0xEE, 0xA7, 0x59, 0x3B, 0x0D, 0x41, 0xE4, 0xEB, 0xC3,
    0xF3, 0xB0, 0xEA, 0xCE, 0x68, 0x56, 0x5F, 0xBF, 0xEF, 0xD9, 0x43, 0xBA, 0x5C, 0x82, 0xC5, 0x36,
    0xE2, 0x17, 0x23, 0x3C, 0xE1, 0xE0, 0x6F, 0x0B, 0xFE, 0x82, 0xC2, 0x00, 0x79, 0xC2, 0x41, 0x7A,
    0xB6, 0x7F, 0x20, 0x90, 0xE4, 0xFB, 0x82, 0xF4, 0x64, 0x7F, 0xA1, 0x97, 0xE4, 0xFB, 0x83, 0xF4,
    0x6C, 0xFF, 0xC0, 0x49, 0xF5, 0x8F, 0xF5, 0xBD, 0x7E, 0xD6, 0x9B, 0xAD, 0x57, 0x73, 0x9A, 0x9A,
    0x80, 0x60, 0xE5, 0xCF, 0xC1, 0xBA, 0x96, 0x66, 0x6A, 0x3E, 0xF3, 0x0B, 0xB4, 0xAB, 0xA9, 0xEA,
    0xD2, 0xC9, 0x93, 0xE9, 0xB3, 0x68, 0x12, 0x4F, 0x1E, 0xD6, 0xF3, 0xFD, 0x8D, 0xC2, 0xFD, 0xBF,
    0x3B, 0x58, 0xB7, 0x66, 0xE6, 0x68, 0xC3, 0x2C, 0x10, 0xDA, 0xEE, 0xD9, 0x1D, 0xBC, 0xB6, 0xE3,
    0x1D, 0x3E, 0x08, 0x8E, 0x47, 0xCF, 0x64, 0x5D, 0xD7, 0xDA, 0x7B, 0xA3, 0x0E, 0xE9, 0x7B, 0x34,
    0xBB, 0x48, 0xE7, 0xFA, 0x9B, 0xCE, 0x1F, 0x53, 0xD2, 0xF3, 0xFD, 0x97, 0xC1, 0x49, 0x46, 0x9E,
    0xD0, 0x69, 0x7F, 0x66, 0x73, 0x10, 0x54, 0x97, 0xE3, 0xC1, 0x43, 0xF1, 0x65, 0xBE, 0xC4, 0x87,
    0xA3, 0x67, 0xFB, 0x3B, 0xD9, 0xF8, 0x87, 0x83, 0xF5, 0xEB, 0x54, 0x42, 0xB9, 0x42, 0x27, 0x0F,
    0xE9, 0xE9, 0xFE, 0x50, 0xE1, 0x78, 0x72, 0x2C, 0x9D, 0xB4, 0xAA, 0xF5, 0x56, 0x45, 0xC5, 0x5B,
    0x20, 0xEC, 0x0E, 0xD6, 0xCD, 0x49, 0x5F, 0x08, 0x20, 0xB0, 0xE3, 0x69, 0xFF, 0xA7, 0xAC, 0x7D,
    0x66, 0x95, 0xA8, 0x6E, 0xEC, 0x09, 0x07, 0xE9, 0x8F, 0xF1, 0x1D, 0x3D, 0x8F, 0x0F, 0x3D, 0xDF,
    0x7F, 0x8F, 0x79, 0x51, 0x66, 0xB6, 0x3F, 0x1B, 0xB3, 0x42, 0x46, 0xBA, 0x7F, 0x43, 0xF5, 0xF1,
    0xD8, 0xEB, 0xBB, 0x62, 0xB0, 0x27, 0x1C, 0xA1, 0xA7, 0xFB, 0xAF, 0xDB, 0xFB, 0x95, 0x3D, 0xAC,
    0x73, 0x7D, 0xCA, 0xAE, 0x4F, 0x8E, 0xD0, 0x93, 0x78, 0xBE, 0x3E, 0xC5, 0x87, 0x9E, 0xCF, 0xCF,
    0x83, 0xF3, 0x9B, 0x1C, 0xBB, 0xCE, 0xFB, 0xCB, 0xC9, 0xF5, 0x37, 0x07, 0xE9, 0x32, 0x78, 0x7C,
    0x65, 0x6C, 0x5F, 0x9F, 0xE9, 0xF9, 0x41, 0x38, 0x92, 0xFD, 0xC5, 0xD8, 0x5B, 0x48, 0xE3, 0xC3,
    0x93, 0xC5, 0x07, 0xE4, 0xD2, 0xF5, 0xF5, 0x7D, 0x45, 0x1D, 0xB7, 0x0B, 0x04, 0x5F, 0x7F, 0xE3,
    0x53, 0x96, 0xE3, 0x53, 0xE6, 0x7E, 0x77, 0xF9, 0xF9, 0x42, 0x78, 0x7E, 0xEF, 0x3F, 0xAE, 0x9A,
    0xB4, 0x56, 0x39, 0x51, 0xA7, 0x40, 0x28, 0x63, 0x77, 0x94, 0x41, 0xCF, 0x9F, 0xC6, 0x87, 0x27,
    0x8F, 0xCF, 0xF3, 0x8B, 0x3C, 0x94, 0x5F, 0xA1, 0xE5, 0xE7, 0x23, 0xE4, 0x49, 0xF7, 0x4F, 0xDB,
    0x84, 0xA1, 0x0B, 0x64, 0x40, 0x9D, 0xF6, 0xB0, 0xFE, 0x2C, 0xE4, 0x89, 0x5E, 0x4D, 0xCF, 0x5F,
    0x02, 0xE1, 0x21, 0x47, 0xDC, 0xDB, 0x5B, 0x7C, 0x78, 0xF2, 0xF8, 0xFC, 0xFC, 0x84, 0x3D, 0xAC,
    0xFF, 0xEB, 0xF7, 0x2F, 0xB7, 0xCD, 0xF1, 0xE4, 0x09, 0x07, 0xE9, 0x4B, 0xDB, 0xCE, 0x07, 0x36,
    0x9D, 0x3D, 0x32, 0xBF, 0xF5, 0x32, 0xDF, 0xCF, 0x67, 0xF2, 0xFD, 0x25, 0xFF, 0xFF, 0x2D, 0xDE,
    0x3D, 0x59, 0x7C, 0x29, 0xF6, 0x1A, 0x1F, 0x9E, 0xEC, 0xFA, 0x6F, 0xE7, 0x3B, 0xEC, 0x09, 0xC7,
    0xEF, 0xF3, 0xC9, 0x83, 0x2D, 0xEE, 0x61, 0x9D, 0xDB, 0x7E, 0x3A, 0xDF, 0x21, 0x4F, 0x53, 0xD6,
    0x93, 0xEF, 0x1F, 0xEF, 0x85, 0x4E, 0x9E, 0x44, 0x4F, 0xCE, 0xC7, 0x14, 0x96, 0xAF, 0x9F, 0x42,
    0xE7, 0xF8, 0x36, 0xD5, 0xF2, 0xFD, 0xF5, 0x70, 0x84, 0xFE, 0x3F, 0xC5, 0x58, 0x41, 0x8A, 0x2B,
    0x3B, 0x0C, 0x2C, 0xD0, 0xD6, 0xA0, 0xAB, 0x18, 0xFE, 0x36, 0xA0, 0xAB, 0x0B, 0x66, 0x3B, 0x30,
    0x57, 0x11, 0x64, 0x2B, 0xF0, 0x4F, 0xE1, 0xA8, 0x83, 0xF3, 0xD2, 0x0C, 0xEF, 0xA5, 0x93, 0xC8,
    0xAD, 0x82, 0x41, 0x8E, 0xAC, 0xD2, 0xD8, 0x85, 0xBB, 0x01, 0x09, 0x40, 0x03, 0xB0, 0xAB, 0x67,
    0x42, 0x62, 0xBA, 0x7A, 0xC2, 0x30, 0xFD, 0x3A, 0x64, 0x8C, 0xD4, 0x31, 0x86, 0x3A, 0xCC, 0x30,
    0x3D, 0xAF, 0x0E, 0x9A, 0xC4, 0x74, 0xE3, 0x54, 0x0D, 0x53, 0x37, 0x60, 0x80, 0x7F, 0xA6, 0x46,
    0x1A, 0xF3, 0x67, 0x4A, 0xA4, 0xC5, 0x18, 0x61, 0xE7, 0x00, 0x80, 0xE4, 0xD3, 0xD1, 0xD0, 0xD0,
    0x21, 0xDE, 0x7A, 0xEB, 0xFD, 0x02, 0x96, 0x44, 0x0E, 0x4C, 0x73, 0x74, 0x74, 0x38, 0xA0, 0xD1,
    0x1B, 0x9A, 0xCE, 0xF8, 0x49, 0xBF, 0x31, 0x2D, 0xAF, 0x05, 0x40, 0x1D, 0x80, 0x61, 0x33, 0x63,
    0x60, 0x30, 0xF0, 0xE3, 0x80, 0x31, 0x0C, 0x6C, 0x93, 0x09, 0xB6, 0x41, 0x26, 0x20, 0x51, 0xC0,
    0x1E, 0xC0, 0x50, 0x90, 0x05, 0x6C, 0x04, 0xD8, 0x09, 0xB0, 0x15, 0x30, 0x14, 0xE4, 0x06, 0xE0,
    0xB4, 0x98, 0x71, 0x9A, 0x24, 0x34, 0x61, 0x86, 0x34, 0xE0, 0xAF, 0x3A, 0x94, 0xC5, 0x61, 0x12,
    0x93, 0xF8, 0x2C, 0xB1, 0x89, 0x8C, 0x4B, 0x3C, 0x45, 0xAC, 0xA3, 0x49, 0x6F, 0xFE, 0xDF, 0xC5,
    0x9B, 0xF7, 0x8B, 0x59, 0x10, 0x69, 0xA0, 0x35, 0x08, 0xBE, 0x2F, 0x33, 0xDA, 0xDE, 0x7F, 0x7C,
    0x28, 0x58, 0x30, 0x20, 0x5F, 0xF9, 0xE1, 0x9E, 0x0C, 0x95, 0x31, 0x58, 0xC6, 0x33, 0x0D, 0x81,
    0x91, 0x94, 0x43, 0xCE, 0x31, 0x8B, 0x01, 0x5E, 0x76, 0x42, 0x39, 0x21, 0xC0, 0xF5, 0x0D, 0xF8,
    0x97, 0x03, 0x5B, 0x69, 0x6A, 0xAF, 0xD3, 0xA0, 0x38, 0x41, 0x9D, 0x2D, 0x0B, 0x32, 0x39, 0x9C,
    0xC1, 0x76, 0xA0, 0xF2, 0xBA, 0x9A, 0x7A, 0x72, 0xAD, 0xE1, 0x7F, 0x47, 0x42, 0x1D, 0xCC, 0x35,
    0xF3, 0xD8, 0x5B, 0x6A, 0x97, 0xB8, 0x9D, 0x9C, 0x67, 0x6A, 0x17, 0xC0, 0x7F, 0x9A, 0x85, 0x60,
    0xE7, 0xD8, 0x38, 0x5C, 0xD0, 0xBB, 0xEE, 0x09, 0xA5, 0xE4, 0x09, 0x3A, 0x12, 0xAA, 0xF1, 0x16,
    0xDE, 0x79, 0xD2, 0x91, 0xAA, 0xF1, 0x0C, 0xE9, 0x17, 0x17, 0xB9, 0x1C, 0x0D, 0x71, 0x95, 0x30,
    0x8C, 0x84, 0xC5, 0x3F, 0x1E, 0x0D, 0x6A, 0x05, 0x3D, 0x01, 0xBA, 0xC4, 0xEA, 0x3A, 0x86, 0x2B,
    0xDD, 0xEB, 0x00, 0xAD, 0x9E, 0x00, 0x7F, 0xEE, 0x74, 0xD0, 0x2A, 0xA0, 0xC9, 0x00, 0x24, 0x0D,
    0xEA, 0xAC, 0x67, 0x3A, 0xE7, 0xD5, 0x72, 0xD3, 0x13, 0xA6, 0x01, 0xA3, 0x96, 0x24, 0xA6, 0x55,
    0x2D, 0xD7, 0x0D, 0x62, 0xD9, 0xC1, 0x61, 0x41, 0xE4, 0xB0, 0x04, 0x6E, 0x71, 0x9A, 0x06, 0x37,
    0xCE, 0x75, 0x66, 0xD3, 0x00, 0xCD, 0xBE, 0x1C, 0xAC, 0x2B, 0x06, 0x68, 0x87, 0x72, 0x1D, 0x4A,
    0xB1, 0x2D, 0x39, 0x7F, 0x82, 0xEF, 0x5C, 0xA9, 0x0A, 0x9A, 0x26, 0xCB, 0x2E, 0x39, 0xBC, 0x76,
    0xE4, 0xAA, 0x88, 0x34, 0xC9, 0xC9, 0xC1, 0x0C, 0x48, 0x7B, 0x8E, 0xD3, 0x2A, 0x59, 0x6F, 0xE1,
    0x54, 0x4B, 0xD5, 0xDA, 0x87, 0x73, 0xEA, 0xD2, 0xDA, 0x77, 0xEF, 0x7B, 0x7B, 0x11, 0x1D, 0xED,
    0x32, 0x23, 0x7A, 0xDF, 0xD9, 0x8B, 0x1A, 0x4C, 0x16, 0x38, 0x99, 0xBF, 0xBC, 0x1F, 0xEB, 0xFE,
    0x3C, 0xBE, 0x17, 0x12, 0xB8, 0xE5, 0x62, 0x25, 0x78, 0xA1, 0x8E, 0x38, 0x6E, 0x6D, 0x32, 0x00,
    0xC7, 0x68, 0x4B, 0xDD, 0xD0, 0x35, 0xE1, 0xEB, 0x60, 0xF2, 0x55, 0x5D, 0xE4, 0x51, 0xBC, 0x94,
    0x3A, 0xE6, 0x50, 0x9F, 0xC3, 0x30, 0xC7, 0x0C, 0x03, 0x06, 0xAB, 0xB9, 0x00, 0x7E, 0x9F, 0x0B,
    0x19, 0x01, 0xD8, 0x20, 0x43, 0x27, 0x45, 0x90, 0x19, 0xCC, 0xCD, 0xC9, 0x12, 0xA4, 0x49, 0xC8,
    0x3F, 0xC0, 0xB6, 0x2B, 0xE1, 0x40, 0xFD, 0x30, 0x60, 0x3E, 0x9C, 0xCD, 0x9F, 0x89, 0xA7, 0x31,
    0x61, 0x41, 0x3C, 0xEC, 0x64, 0x6E, 0x6E, 0x98, 0xFE, 0xBB, 0x4A, 0x73, 0xD7, 0xAF, 0x43, 0xE3,
    0xBE, 0x93, 0x1A, 0x0F, 0xE3, 0xEB, 0x8B, 0x50, 0xA2, 0x4C, 0xFF, 0xBC, 0xFD, 0xD2, 0x5E, 0xDC,
    0xA3, 0xC7, 0xF2, 0x18, 0x77, 0xC7, 0xE7, 0x89, 0xE6, 0xD5, 0xAB, 0x51, 0x71, 0xB5, 0x4F, 0x13,
    0x5E, 0xB5, 0xF3, 0x70, 0xC2, 0xA5, 0x9D, 0xBB, 0x3B, 0x64, 0xD5, 0xCE, 0x35, 0x5E, 0xD7, 0x40,
    0x28, 0xE9, 0xAB, 0xC6, 0x67, 0x7B, 0xB5, 0xE8, 0xEA, 0xD1, 0x7D, 0x42, 0xAE, 0x2F, 0x84, 0x52,
    0x64, 0xDF, 0x2C, 0x0A, 0xF7, 0x92, 0x7B, 0x84, 0x50, 0xEC, 0x7C, 0xF6, 0x28, 0x7A, 0x46, 0x7A,
    0x46, 0x7A, 0x26, 0x4C, 0x41, 0x7A, 0x79, 0x14, 0xBD, 0x55, 0x5B, 0xE4, 0x46, 0x39, 0xD4, 0xC1,
    0x5B, 0xB6, 0xA4, 0x91, 0x95, 0x7E, 0x91, 0xD4, 0x98, 0x59, 0x48, 0xAB, 0xC0, 0x50, 0x90, 0x20,
    0x3F, 0x90, 0x20, 0x8A, 0xE1, 0xCE, 0x47, 0x8F, 0x97, 0xD2, 0xDA, 0x91, 0x91, 0x83, 0x68, 0x95,
    0x68, 0x7F, 0x8B, 0xE8, 0x57, 0x3F, 0xF5, 0xC5, 0xD4, 0x17, 0x59, 0x6F, 0xA8, 0x39, 0x6B, 0x7C,
    0xFD, 0xE4, 0xF1, 0x9E, 0x8E, 0x44, 0x90, 0x42, 0x00, 0x27, 0xF3, 0x23, 0x9B, 0xF1, 0xEA, 0xC2,
    0x4B, 0x49, 0x08, 0xC7, 0xD4, 0x5C, 0x66, 0x05, 0x12, 0x90, 0xB8, 0x03, 0x65, 0xF5, 0x77, 0x60,
    0x80, 0x61, 0x81, 0xB1, 0x7D, 0x5C, 0x4A, 0x42, 0x60, 0x6C, 0x14, 0xEC, 0xB1, 0x86, 0xD0, 0x6F,
    0xC3, 0xB0, 0x8E, 0xAC, 0xC1, 0x7C, 0x7A, 0x71, 0x9B, 0x37, 0x63, 0x3D, 0xC7, 0xC3, 0x8B, 0x45,
    0x6F, 0xBF, 0x5F, 0x2C, 0x2A, 0x72, 0xF7, 0x99, 0xD5, 0xB6, 0x7C, 0x90, 0x52, 0x82, 0x5B, 0xB7,
    0x65, 0xF8, 0x3D, 0x9E, 0xD9, 0x04, 0x1D, 0x20, 0x06, 0x71, 0x7B, 0x0C, 0x0F, 0x9E, 0x01, 0xE4,
    0xF5, 0x91, 0x89, 0x81, 0xD9, 0x9E, 0xD9, 0x9F, 0xD9, 0xA0, 0xEA, 0xD0, 0x9E, 0x0E, 0xA9, 0xEB,
    0x8F, 0xDF, 0xC0, 0x60, 0x42, 0x30, 0x18, 0x2C, 0xB6, 0x1B, 0x64, 0x81, 0x10, 0x94, 0x60, 0xB5,
    0xDB, 0xAF, 0x9D, 0xB3, 0xDB, 0x22, 0x95, 0x3C, 0x3F, 0x45, 0x77, 0x47, 0x9F, 0x8E, 0xA3, 0x5B,
    0xFA, 0xD4, 0xFF, 0xFB, 0x5D, 0x9F, 0x96, 0x39, 0xA1, 0x1D, 0xDB, 0xD7, 0x01, 0x60, 0x0C, 0x62,
    0x8C, 0xCF, 0x35, 0x6A, 0x95, 0xAD, 0xE3, 0x7A, 0xF4, 0x11, 0x2E, 0xD5, 0xC4, 0xC2, 0x63, 0x98,
    0xAC, 0x62, 0xF6, 0xF8, 0xC6, 0x9A, 0xF3, 0xC2, 0x72, 0x71, 0x0D, 0x83, 0x79, 0x89, 0x8D, 0x7E,
    0xC5, 0xF4, 0x1F, 0xB2, 0x06, 0x84, 0x9E, 0x77, 0x6F, 0xA7, 0xBE, 0xBA, 0xC4, 0xBA, 0x06, 0xCD,
    0x20, 0x31, 0x5D, 0xFD, 0xD1, 0x25, 0x48, 0xCE, 0x31, 0x9D, 0x3D, 0x19, 0x98, 0x9E, 0xEB, 0xDB,
    0x44, 0x85, 0x8E, 0xAC, 0x15, 0xA8, 0xD8, 0xA1, 0x35, 0x2E, 0x79, 0xEB, 0x6D, 0xB9, 0x4B, 0x97,
    0x76, 0x31, 0xE9, 0xF0, 0x1A, 0xFB, 0x52, 0xDC, 0x4E, 0xF2, 0x8D, 0x86, 0xA6, 0xB1, 0xDC, 0x9A,
    0x8F, 0xE6, 0xBF, 0xE4, 0x3E, 0xB6, 0x07, 0xFF, 0x03, 0x9D, 0x56, 0xC1, 0xAA, 0xF4, 0x2C, 0x0C,
    0x3D, 0x90, 0x6D, 0x20, 0xAF, 0x12, 0x70, 0x2B, 0xF8, 0xEA, 0x01, 0xB7, 0xC2, 0xBC, 0x4A, 0xA0,
    0x5B, 0xC1, 0x3F, 0x61, 0x7A, 0x69, 0xCB, 0xDC, 0xCE, 0xFD, 0xFA, 0x9F, 0x34, 0x9E, 0x44, 0x7B,
    0xAC, 0x5A, 0x67, 0x2C, 0x4E, 0x18, 0x81, 0x20, 0xEA, 0x53, 0x15, 0xAC, 0xC5, 0xB4, 0x28, 0xAC,
    0x94, 0x8E, 0xEA, 0x34, 0x23, 0xCF, 0x46, 0x46, 0xEF, 0x03, 0x46, 0x55, 0x7B, 0x67, 0x35, 0x62,
    0xA1, 0xAC, 0x2F, 0x81, 0xBF, 0xF5, 0x09, 0x25, 0x83, 0x02, 0x1C, 0xCC, 0xC1, 0x64, 0x1F, 0xFA,
    0xCC, 0x93, 0xBD, 0x31, 0xAB, 0xBE, 0x5A, 0xF0, 0xD0, 0xC2, 0xB2, 0x74, 0xF0, 0xD1, 0x7E, 0xF0,
    0x9D, 0x7E, 0x71, 0xE8, 0x87, 0xB4, 0xE0, 0x51, 0x98, 0xC5, 0x5F, 0xDF, 0xF5, 0xCB, 0x4F, 0xB6,
    0x3E, 0x3C, 0x60, 0xBF, 0xD2, 0xDE, 0x8D, 0xFE, 0x6E, 0xF8, 0x82, 0xB5, 0xD2, 0xC9, 0x1A, 0x1C,
    0x33, 0x0D, 0x62, 0x69, 0xEF, 0x1A, 0x71, 0x71, 0xB8, 0xD8, 0xDC, 0xDB, 0x1C, 0x2D, 0x97, 0xCB,
    0x67, 0x13, 0xF3, 0x8A, 0xD5, 0x2C, 0x2E, 0xD9, 0x66, 0x5C, 0xF0, 0x2A, 0x3D, 0x1A, 0x70, 0x4D,
    0xF7, 0x7B, 0xBC, 0xA2, 0x49, 0x0A, 0x21, 0x86, 0x8B, 0x37, 0x60, 0x9F, 0x88, 0x65, 0x8C, 0x79,
    0x75, 0xF2, 0xAB, 0x7F, 0xCA, 0xAF, 0xFE, 0x59, 0x33, 0x41, 0xD1, 0x79, 0xFA, 0x6D, 0x87, 0x0F,
    0xC6, 0x23, 0xD6, 0xF2, 0xDD, 0x58, 0xC3, 0x19, 0x0C, 0xC9, 0x75, 0xF3, 0xF0, 0x88, 0xBF, 0x63,
    0xDF, 0x6E, 0xB7, 0x90, 0x2A, 0x35, 0x79, 0xA6, 0x1D, 0xC5, 0x5F, 0x1D, 0x5D, 0xB6, 0x1E, 0x07,
    0xF3, 0x89, 0xC5, 0xC9, 0x92, 0x5E, 0xDB, 0xE6, 0x4C, 0x2C, 0xB2, 0x6D, 0x36, 0x08, 0x4D, 0xB6,
    0xDF, 0xB7, 0xAE, 0x58, 0xE8, 0x34, 0xF9, 0xE8, 0xE7, 0x81, 0x3E, 0xD9, 0xA5, 0x4F, 0xE5, 0xB2,
    0x73, 0xA7, 0x35, 0xCA, 0x7C, 0xF6, 0xD3, 0xA1, 0xA9, 0x83, 0x92, 0x67, 0x61, 0x22, 0x7F, 0x6D,
    0xCF, 0xF4, 0xF9, 0xDC, 0x51, 0x42, 0x5F, 0x7E, 0xC6, 0x81, 0x27, 0x7A, 0x17, 0xF3, 0xD0, 0x49,
    0xE8, 0x58, 0xB9, 0xCB, 0x1A, 0xEA, 0xCF, 0xC6, 0x0F, 0xD7, 0x41, 0xB2, 0x98, 0xB8, 0x30, 0x89,
    0xBF, 0xFC, 0xAB, 0x1E, 0x7F, 0x83, 0x1C, 0x68, 0x10, 0x03, 0x96, 0xB5, 0x48, 0x37, 0x9B, 0x80,
    0xF4, 0xEE, 0x51, 0x4A, 0xB7, 0x28, 0x9B, 0x64, 0x39, 0x1B, 0xF2, 0xE6, 0xF9, 0xA3, 0xC9, 0x9B,
    0x3C, 0x82, 0x26, 0x53, 0x26, 0x6A, 0x0B, 0xC3, 0x9C, 0x75, 0x56, 0x72, 0x9F, 0x3E, 0xC5, 0x36,
    0xDF, 0xBC, 0x61, 0xD9, 0xB2, 0x89, 0x16, 0xF6, 0x03, 0xC5, 0x08, 0x53, 0x17, 0x38, 0x78, 0x94,
    0x00, 0x0F, 0x9C, 0xE1, 0x64, 0xF4, 0x65, 0xC3, 0x8B, 0xD4, 0xAA, 0x6A, 0x76, 0xDB, 0xBE, 0xDA,
    0x2C, 0x3A, 0xEE, 0xDB, 0x41, 0x06, 0x83, 0xE2, 0x06, 0xEE, 0xB5, 0x32, 0x13, 0xE1, 0x06, 0xCB,
    0xDB, 0xE4, 0x41, 0x05, 0xFF, 0x0C, 0x02, 0x9B, 0x6A, 0xBE, 0xFC, 0x86, 0x09, 0x0F, 0xCF, 0x05,
    0x4F, 0x27, 0x87, 0xFF, 0xD4, 0x1F, 0xD0, 0xCE, 0x4C, 0xAA, 0x9D, 0x94, 0x59, 0x3B, 0x70, 0x05,
    0xEB, 0xD9, 0xDE, 0xF9, 0x65, 0x7E, 0xAE, 0x43, 0x73, 0x89, 0x1D, 0x16, 0x86, 0xBD, 0x44, 0x9B,
    0xF8, 0xDF, 0x50, 0x16, 0x17, 0x57, 0xC6, 0x53, 0x30, 0x14, 0xF6, 0x9E, 0x3F, 0xCE, 0xC8, 0x99,
    0x1B, 0xC0, 0xDC, 0x1A, 0xDF, 0xF4, 0x9A, 0x4F, 0xC4, 0x05, 0x74, 0xFA, 0x7B, 0xAE, 0x3F, 0xFF,
    0xE4, 0x4F, 0xAA, 0x71, 0xEA, 0x70, 0xC2, 0x76, 0xCB, 0xE8, 0x88, 0x77, 0x34, 0xD0, 0x6E, 0x11,
    0x1D, 0xF1, 0x21, 0x9F, 0x14, 0x60, 0x76, 0xB7, 0x84, 0x21, 0x70, 0xDE, 0x93, 0x8D, 0x73, 0x9B,
    0x13, 0xD7, 0xFD, 0x45, 0x21, 0x70, 0x5E, 0xBF, 0xE2, 0x9A, 0xF5, 0x5A, 0xAC, 0x20, 0x2D, 0x91,
    0xE5, 0x15, 0x6D, 0x82, 0x77, 0xD3, 0x1F, 0x3B, 0xF6, 0x61, 0x99, 0x25, 0xCD, 0x0B, 0x0E, 0x3B,
    0x40, 0x53, 0x46, 0x1A, 0xDD, 0xBC, 0xF7, 0x66, 0xC5, 0xD3, 0x9A, 0xE1, 0x1B, 0x4C, 0x3B, 0x0F,
    0x72, 0x1E, 0xDA, 0x61, 0xB7, 0xA7, 0x45, 0x46, 0x20, 0x1C, 0x77, 0x88, 0xEF, 0xB3, 0x0E, 0x64,
    0x24, 0x7E, 0xDB, 0xE7, 0xCD, 0x33, 0x2A, 0x57, 0x86, 0x46, 0x9E, 0x3D, 0x23, 0xC2, 0xAA, 0xF5,
    0x66, 0x26, 0x64, 0x13, 0xFF, 0x84, 0xF3, 0x1E, 0xEE, 0x5C, 0x54, 0x6C, 0x4D, 0xB1, 0xA2, 0x9D,
    0x6F, 0x04, 0x15, 0x75, 0x2F, 0x76, 0xFA, 0x84, 0x04, 0x6A, 0x40, 0x03, 0x16, 0xC0, 0x03, 0xBC,
    0xD7, 0x2F, 0xD5, 0x7B, 0x7C, 0xC5, 0xA5, 0x25, 0xE3, 0x4F, 0xED, 0x5D, 0x7E, 0x64, 0x87, 0xEE,
    0xF3, 0x09, 0x45, 0x09, 0xCD, 0x29, 0xF8, 0x6E, 0x6C, 0x1F, 0x7C, 0xB4, 0xDF, 0x94, 0x7F, 0xE1,
    0x7A, 0xA6, 0x1D, 0x3C, 0x18, 0xC6, 0x8C, 0x1E, 0xAD, 0x26, 0xD5, 0xFA, 0xE0, 0xF6, 0xFD, 0x4C,
    0xF4, 0x28, 0xE2, 0xEA, 0x30, 0x23, 0x58, 0xEF, 0x04, 0x25, 0x42, 0x49, 0x6E, 0x5B, 0xF2, 0x9E,
    0xC3, 0xAC, 0x46, 0xFB, 0xDD, 0x99, 0x7A, 0x61, 0xE5, 0xE3, 0xF3, 0x3D, 0x59, 0xF9, 0xFB, 0x99,
    0xFC, 0x9D, 0xB3, 0x20, 0xCB, 0x20, 0xB8, 0x7F, 0xD3, 0x53, 0x30, 0xED, 0xBC, 0xE6, 0x35, 0xA7,
    0xCF, 0x33, 0xBD, 0xAD, 0x95, 0x07, 0xED, 0x6C, 0xDB, 0xAB, 0x56, 0x0A, 0x5F, 0xC9, 0x3E, 0xA3,
    0xFE, 0xED, 0x62, 0x59, 0x37, 0x6B, 0xF2, 0xB6, 0x6A, 0xE6, 0x59, 0xFF, 0xDB, 0xFA, 0x0F, 0xE9,
    0xCE, 0xAC, 0x7D, 0x88, 0x19, 0xB3, 0xF5, 0xD7, 0x28, 0x8F, 0xBE, 0x49, 0x5E, 0x9D, 0x9C, 0x0B,
    0xFA, 0xAB, 0xC3, 0xB8, 0xA3, 0x8F, 0xB2, 0x3D, 0xD4, 0x6F, 0xCE, 0x9C, 0x7A, 0x33, 0x46, 0x8E,
    0xA3, 0xFB, 0xC3, 0x6F, 0x32, 0xD7, 0xA1, 0x7D, 0xB1, 0x9A, 0xB2, 0x76, 0x7F, 0xA2, 0x6F, 0x7E,
    0x5D, 0xE7, 0xCC, 0x33, 0x9D, 0xAD, 0x0F, 0x18, 0xC8, 0x1B, 0x19, 0xC3, 0xC4, 0xD7, 0xFD, 0x37,
    0xAD, 0xEA, 0x5B, 0x97, 0xAC, 0xFA, 0x50, 0x3F, 0x83, 0x33, 0xB2, 0xE4, 0x3D, 0x0F, 0xEA, 0xAB,
    0x7A, 0x81, 0xB5, 0x6D, 0xB6, 0x60, 0xD2, 0x82, 0xF5, 0xAB, 0x9E, 0x9C, 0x8C, 0xF9, 0xAD, 0x4B,
    0x66, 0x7E, 0xA4, 0x67, 0x6E, 0xF4, 0x62, 0x33, 0x1E, 0xAB, 0x8F, 0xFA, 0x7E, 0xFF, 0x96, 0x7A,
    0x6F, 0x7D, 0xB0, 0x21, 0xDB, 0xC7, 0x3E, 0xFE, 0xEF, 0x7A, 0xDB, 0xF5, 0x8D, 0xFE, 0xD2, 0xFF,
    0x07, 0xDD, 0x93, 0x81, 0xC6, 0x2C, 0x31, 0x0C, 0x85, 0x0F, 0x05, 0x08, 0x79, 0x95, 0xC3, 0x02,
    0x84, 0xBC, 0x7A, 0xF8, 0x1F, 0x60, 0x5F, 0x25, 0xFC, 0x00, 0xA5, 0xB7, 0x95, 0xB5, 0xD8, 0x69,
    0x87, 0xBB, 0x5C, 0xB8, 0xDF, 0xD1, 0xB4, 0x72, 0x26, 0xCC, 0x24, 0x1D, 0x60, 0xD1, 0x42, 0x48,
    0x59, 0x12, 0xB6, 0xC0, 0x85, 0x06, 0x40, 0x67, 0x5C, 0xF2, 0xC4, 0x07, 0x3E, 0x46, 0xB7, 0x96,
    0xDD, 0x7F, 0x9F, 0x66, 0x6D, 0xAE, 0xB1, 0xF6, 0xEC, 0x2B, 0x5F, 0x5E, 0x98, 0xFF, 0x0E, 0xF3,
    0xE7, 0xDC, 0xFD, 0xD9, 0xDD, 0xC3, 0x56, 0xFE, 0x2F, 0xEA, 0x7B, 0xD5, 0xA7, 0xB9, 0x8F, 0xB9,
    0xA2, 0xBF, 0xEB, 0x8B, 0x6C, 0x14, 0x92, 0xDE, 0xC1, 0xA9, 0x0B, 0x9E, 0x2B, 0xED, 0xB1, 0x5C,
    0xDF, 0x7D, 0x5F, 0x08, 0x96, 0xCF, 0x89, 0xC6, 0xAE, 0x1E, 0x44, 0x20, 0xAA, 0x03, 0x57, 0xF4,
    0x55, 0x59, 0xF1, 0xE8, 0x27, 0x88, 0x50, 0xEC, 0xA8, 0xCE, 0xAE, 0x78, 0xC6, 0x13, 0xB7, 0xEE,
    0xF1, 0x19, 0xD6, 0x9B, 0x97, 0x10, 0x9F, 0x1D, 0x92, 0xCA, 0xBE, 0xD4, 0x20, 0xD8, 0xF1, 0x08,
    0x63, 0x81, 0x3D, 0xDB, 0x9B, 0xA4, 0x3A, 0x86, 0x99, 0x65, 0x66, 0x4B, 0xED, 0x66, 0x30, 0x74,
    0x4D, 0x47, 0xC7, 0xC8, 0x91, 0xAD, 0xEB, 0x30, 0x85, 0xB5, 0x79, 0x82, 0xA5, 0x8D, 0xF4, 0x40,
    0xF1, 0x1F, 0xCD, 0xF6, 0x9F, 0x4E, 0xF7, 0xFB, 0xD9, 0x46, 0xE9, 0x72, 0xDE, 0xA0, 0x01, 0x6A,
    0x72, 0xAE, 0x93, 0x4F, 0x7A, 0x12, 0x77, 0xFE, 0xBE, 0x7F, 0x05, 0x29, 0xD1, 0x20, 0x41, 0x62,
    0x8B, 0x07, 0xE8, 0xB9, 0xAF, 0x27, 0x78, 0x7B, 0x37, 0x65, 0x89, 0x12, 0x0A, 0x09, 0xD9, 0xF8,
    0x8A, 0xF6, 0xD6, 0x69, 0x06, 0x6E, 0xFC, 0x29, 0xE1, 0x8B, 0x7F, 0xA3, 0x7C, 0xE3, 0x23, 0x08,
    0x62, 0x87, 0x26, 0xA1, 0x01, 0x7A, 0x9C, 0xEF, 0xCE, 0x12, 0x12, 0x47, 0x42, 0x7E, 0xE4, 0x41,
    0x09, 0xE0, 0xB6, 0xC7, 0x38, 0xA1, 0x89, 0x68, 0x33, 0xFE, 0x01, 0xA5, 0x91, 0x81, 0x86, 0x3D,
    0x3D, 0x0C, 0xC5, 0x0F, 0x05, 0x08, 0x79, 0x95, 0x50, 0x80, 0x92, 0x57, 0x0F, 0x0B, 0x30, 0xEC,
    0xAB, 0x84, 0x0B, 0x10, 0xF2, 0xA5, 0xD3, 0xE9, 0x98, 0xBD, 0xEB, 0xC3, 0xDD, 0xFF, 0x39, 0xF2,
    0x6B, 0xDB, 0x91, 0x64, 0x34, 0xB8, 0xC4, 0x2E, 0x10, 0xF4, 0xE8, 0xE8, 0xB5, 0x6F, 0x28, 0x07,
    0x9E, 0x3A, 0x38, 0xE4, 0xE8, 0xD2, 0x65, 0xD8, 0x30, 0xA5, 0xEE, 0x0D, 0x4F, 0x35, 0x27, 0x12,
    0x12, 0xF4, 0xD1, 0xED, 0xAC, 0x41, 0xCD, 0xF1, 0x10, 0x27, 0x61, 0x9A, 0x63, 0x32, 0x7D, 0xF2,
    0x87, 0x62, 0xF6, 0xD4, 0x58, 0xD1, 0xC0, 0x31, 0x76, 0x83, 0x71, 0xC3, 0xD1, 0x5E, 0x91, 0xDE,
    0x32, 0x33, 0x5A, 0xA8, 0x07, 0xBB, 0x5A, 0xB0, 0x29, 0x36, 0x12, 0x51, 0x6B, 0x73, 0x6D, 0x37,
    0xB8, 0x10, 0xEC, 0x6C, 0xA1, 0x1B, 0x70, 0x00, 0x0B, 0x01, 0xC4, 0x42, 0x6E, 0xB4, 0xB4, 0xE6,
    0xED, 0x75, 0xC2, 0x0B, 0x99, 0xE9, 0x5C, 0x30, 0x9E, 0xBD, 0xD6, 0x6E, 0x42, 0xA1, 0x8C, 0x82,
    0x16, 0xF8, 0x44, 0x22, 0xD0, 0x62, 0x03, 0x81, 0xAD, 0x61, 0xDD, 0x7A, 0x76, 0x1F, 0x2E, 0x87,
    0x7C, 0x9D, 0x0E, 0x3C, 0xA4, 0x10, 0x93, 0x6F, 0x71, 0x95, 0x2E, 0x9D, 0xEE, 0xEF, 0x88, 0x59,
    0xD5, 0x6E, 0x96, 0x03, 0x79, 0x31, 0x36, 0xDB, 0x49, 0xCE, 0xF4, 0x9B, 0xCA, 0x86, 0xD0, 0xCC,
    0x9B, 0xA1, 0x0A, 0xA8, 0xF3, 0x62, 0x14, 0xED, 0xA2, 0xE3, 0xAC, 0xBE, 0xF9, 0x54, 0x92, 0x1D,
    0xB7, 0xE8, 0xFB, 0x39, 0x4F, 0x42, 0x82, 0xF8, 0x90, 0x21, 0x74, 0x79, 0xF0, 0x01, 0x68, 0x54,
    0x24, 0xD0, 0x66, 0x53, 0x0E, 0x76, 0xA8, 0x35, 0x47, 0xA0, 0x79, 0x0B, 0xA0, 0x96, 0x82, 0x66,
    0x2C, 0xAC, 0x86, 0x99, 0xBE, 0xB0, 0x8E, 0x05, 0xB6, 0x9D, 0x98, 0x68, 0xC1, 0xB1, 0x3E, 0x9F,
    0x85, 0x11, 0x60, 0x2F, 0xA8, 0xED, 0x61, 0xCD, 0xDA, 0xEC, 0x05, 0xB5, 0xC2, 0xEC, 0xFD, 0x9A,
    0x09, 0x25, 0x3F, 0xC1, 0x67, 0x65, 0x9F, 0x2D, 0x4D, 0x0B, 0x38, 0xC1, 0x56, 0x68, 0x8E, 0x58,
    0xC0, 0xDB, 0xBC, 0x34, 0x61, 0xE5, 0xE0, 0x15, 0xCB, 0xEF, 0xF3, 0x5A, 0x0E, 0x79, 0x95, 0x43,
    0x05, 0xD3, 0x97, 0xD8, 0xE4, 0x14, 0x59, 0xB3, 0x2E, 0x43, 0x06, 0x09, 0x41, 0x56, 0x0D, 0x75,
    0xA1, 0xCC, 0x15, 0xB5, 0xC7, 0xF6, 0x56, 0x2B, 0xB3, 0x77, 0x2A, 0xA3, 0x3C, 0xCE, 0xDD, 0xE0,
    0x63, 0xDE, 0x6F, 0x35, 0x9B, 0x4F, 0xBE, 0xAB, 0x2C, 0xE3, 0x21, 0xF6, 0x3A, 0x97, 0x33, 0x19,
    0x99, 0x02, 0x21, 0xF6, 0xFF, 0xA9, 0x3F, 0x5D, 0x7B, 0xF6, 0x67, 0x7D, 0xB2, 0x69, 0x8D, 0xE2,
    0xF2, 0x17, 0x8D, 0xF7, 0xFA, 0x42, 0x84, 0x66, 0x90, 0x4E, 0x47, 0x29, 0xFD, 0xB0, 0xC3, 0xF0,
    0x50, 0xC6, 0x8C, 0x86, 0xED, 0x5F, 0xCA, 0xC4, 0x2C, 0x00, 0xC8, 0xDA, 0xCF, 0x15, 0x06, 0xEC,
    0x2D, 0x01, 0x2B, 0xCD, 0xD6, 0xC5, 0x2D, 0x9A, 0x36, 0xC6, 0xC0, 0x31, 0x49, 0x07, 0x91, 0xB0,
    0xE1, 0x21, 0xC1, 0x81, 0xF4, 0xBA, 0xA6, 0x2E, 0x61, 0x02, 0x79, 0xFB, 0xFE, 0x78, 0x09, 0xEB,
    0xB2, 0x8C, 0x87, 0xD8, 0xE9, 0x94, 0x3A, 0x61, 0xC6, 0xF4, 0x16, 0x99, 0xFA, 0x71, 0xCA, 0xB0,
    0x2C, 0x20, 0x64, 0x3C, 0xDF, 0x2E, 0x7D, 0xCD, 0x44, 0x6B, 0x5D, 0x4E, 0x9F, 0xF7, 0x3F, 0xDF,
    0x4F, 0x50, 0xA6, 0x35, 0x1B, 0x8D, 0xB7, 0x3F, 0x93, 0xD3, 0xDA, 0x5C, 0xB5, 0x21, 0x18, 0x8E,
    0x37, 0x35, 0x81, 0x75, 0x21, 0xBC, 0xF0, 0x5B, 0x09, 0x31, 0x91, 0x0C, 0x91, 0x8B, 0x96, 0xF8,
    0x35, 0x3F, 0x4C, 0x67, 0x08, 0x18, 0xF0, 0xBC, 0xFB, 0x6B, 0x66, 0x8C, 0xE6, 0xA1, 0xAF, 0xEF,
    0x31, 0x5A, 0x45, 0x56, 0xCC, 0x73, 0xE6, 0x8A, 0x66, 0xF3, 0x2E, 0x46, 0xCE, 0x35, 0xC7, 0x3C,
    0x6B, 0x7E, 0x92, 0xEF, 0x71, 0xE5, 0xCF, 0x75, 0xE8, 0xFA, 0xF6, 0x61, 0xFF, 0xAC, 0x88, 0xCA,
    0x7F, 0xD5, 0xB9, 0xE2, 0xF3, 0xFE, 0x75, 0xEF, 0xBB, 0xFF, 0x5F, 0xF3, 0x2B, 0xF2, 0x8F, 0xFF,
    0x3F, 0xEF, 0xD7, 0xAA, 0xAD, 0xE2, 0xB3, 0xFC, 0xD5, 0xFF, 0x7E, 0x3F, 0xFB, 0xF4, 0xFF, 0xD7,
    0xFC, 0x56, 0xCC, 0xF3, 0x1F, 0xFB, 0xAF, 0xF8, 0xBC, 0xBF, 0x8D, 0xC7, 0xFC, 0xCF, 0xF3, 0xBF,
    0xE5, 0x57, 0x5C, 0xF9, 0xFF, 0x01, 0x95, 0x96, 0x41, 0x8A, 0x63, 0x3D, 0x0C, 0x84, 0x0B, 0xB4,
    0x2D, 0x78, 0x57, 0x29, 0xF0, 0xD6, 0xE0, 0xAB, 0x0B, 0xB2, 0x35, 0xCC, 0x55, 0x0C, 0xB3, 0x35,
    0xE8, 0x8F, 0xE9, 0xA6, 0xFF, 0x88, 0x28, 0xE9, 0xC9, 0x57, 0x18, 0xC7, 0x11, 0x92, 0x5F, 0x64,
    0x59, 0x79, 0x48, 0x18, 0x88, 0x11, 0x84, 0x21, 0xE1, 0xB6, 0x38, 0xE1, 0xA5, 0x32, 0x0E, 0xC5,
    0x86, 0x1E, 0xBE, 0xF7, 0x4A, 0x9C, 0xB6, 0xE0, 0x78, 0x82, 0x12, 0x23, 0x44, 0xAA, 0xDE, 0xFF,
    0x9D, 0xFF, 0xF0, 0x8E, 0x06, 0x39, 0x04, 0xA2, 0xC0, 0x36, 0x3A, 0xA6, 0x91, 0x10, 0x2A, 0x04,
    0xC2, 0x88, 0x89, 0x6E, 0x1B, 0x35, 0x84, 0xE4, 0x0D, 0x1D, 0xC3, 0xCB, 0x00, 0x32, 0x51, 0x23,
    0x28, 0x13, 0x8E, 0x12, 0x3C, 0x72, 0x2A, 0x36, 0x45, 0x3F, 0xAB, 0x77, 0x5C, 0x7E, 0x1F, 0xB0,
    0x45, 0x27, 0x21, 0xD9, 0xF9, 0xE2, 0x33, 0x6C, 0x5D, 0x8E, 0x25, 0x99, 0x9C, 0x3C, 0x4B, 0xFC,
    0x0E, 0x25, 0x8F, 0x90, 0xD7, 0xF9, 0x2F, 0xAB, 0x20, 0x41, 0x19, 0x23, 0x8C, 0x0F, 0xFE, 0x2F,
    0xCE, 0xBE, 0xAE, 0x00, 0x33, 0x72, 0x2C, 0xD2, 0x0C, 0x25, 0xEE, 0xD2, 0xB5, 0x25, 0x77, 0x94,
    0x18, 0xC9, 0xB1, 0x49, 0xE3, 0xEF, 0xF5, 0x7B, 0x6D, 0x3C, 0x21, 0x97, 0xC6, 0x96, 0x94, 0xE2,
    0x5F, 0xBB, 0xFE, 0x0D, 0x39, 0x7E, 0xB6, 0x96, 0xF1, 0x69, 0x46, 0x1B, 0x9B, 0xB0, 0x97, 0xE5,
    0x25, 0x5E, 0x81, 0x57, 0x25, 0x4A, 0x6B, 0x6C, 0x63, 0x53, 0xA6, 0xDA, 0xBF, 0xA9, 0xF1, 0x0A,
    0xA3, 0x09, 0x25, 0x54, 0x9B, 0x7B, 0x88, 0xAC, 0xEC, 0x0E, 0xE7, 0xD2, 0x8C, 0xD0, 0xE4, 0x7A,
    0x3C, 0x5B, 0x7D, 0xC9, 0x9B, 0x77, 0x57, 0xF5, 0xFB, 0x73, 0xFF, 0xF0, 0x9F, 0xFA, 0x3F, 0xCA,
    0x38, 0x64, 0x3F, 0xF5, 0x7F, 0x04, 0x3D, 0xCA, 0x44, 0x0D, 0x7F, 0xCC, 0x0F, 0xB3, 0x4E, 0xEC,
    0xD4, 0x5F, 0x9E, 0x89, 0x05, 0x59, 0xC3, 0x86, 0x00, 0x54, 0xF1, 0xD7, 0xAB, 0xFC, 0xDB, 0xA6,
    0xCD, 0xDB, 0x30, 0xA2, 0x66, 0xB8, 0xEB, 0xD6, 0x7C, 0x43, 0x4F, 0x96, 0xFD, 0xBE, 0xFF, 0x34,
    0x74, 0x8C, 0x7D, 0xEC, 0x77, 0x26, 0xFA, 0xD8, 0xE8, 0x98, 0x78, 0x82, 0x5B, 0x4B, 0x53, 0x14,
    0xAF, 0x85, 0x82, 0xA1, 0x8B, 0x8D, 0xC9, 0x5E, 0xF4, 0x6F, 0xBC, 0xA3, 0xEC, 0xEF, 0x58, 0x78,
    0xD7, 0xDF, 0xDD, 0x9C, 0xFE, 0x41, 0xFF, 0x7F, 0xCB, 0xBF, 0xFC, 0x3F, 0x60, 0x62, 0xC1, 0x5F,
    0xDB, 0xE9, 0x96, 0xF7, 0x76, 0x68, 0x7C, 0xC7, 0x35, 0x10, 0xF9, 0x8E, 0x51, 0x43, 0x73, 0x51,
    0xFF, 0xEB, 0x6A, 0xDC, 0x14, 0xBE, 0x49, 0x3E, 0x29, 0x56, 0x65, 0x2F, 0xE3, 0xEF, 0xD9, 0xA8,
    0x2C, 0xAA, 0x7C, 0xBE, 0x22, 0xFE, 0xB3, 0xE7, 0x6C, 0x63, 0x53, 0xE5, 0xE9, 0x6E, 0x20, 0x7B,
    0x3F, 0xED, 0x92, 0x9F, 0x2E, 0xDF, 0x6F, 0x1F, 0xDB, 0xEF, 0x83, 0xF5, 0xD9, 0x39, 0xD7, 0xDD,
    0x7E, 0x1B, 0x9B, 0xEB, 0xD9, 0x6E, 0x47, 0x1A, 0xDB, 0xEC, 0x3E, 0x74, 0x56, 0xCF, 0x18, 0xAE,
    0xAD, 0xFB, 0x30, 0x24, 0xDC, 0x74, 0x75, 0x53, 0x52, 0xDD, 0xC3, 0x7C, 0x2C, 0x70, 0xAC, 0xBC,
    0xF7, 0xB3, 0xE7, 0x89, 0x56, 0xBF, 0x3F, 0x8C, 0xED, 0x96, 0x73, 0x57, 0xED, 0x5F, 0xF9, 0x0F,
    0x6F, 0xE8, 0xDE, 0x84, 0x09, 0xD5, 0xDD, 0x01, 0xD3, 0x3A, 0x67, 0x03, 0x51, 0x41, 0x34, 0x70,
    0x5A, 0xC7, 0xB4, 0x8D, 0x0A, 0x61, 0x36, 0x75, 0x6F, 0x18, 0x8E, 0x4C, 0xCA, 0x5E, 0x14, 0x19,
    0x4C, 0xD9, 0x89, 0x94, 0xA1, 0x04, 0x21, 0x46, 0x93, 0x13, 0x2F, 0x90, 0x38, 0xC3, 0x88, 0x97,
    0xEF, 0x57, 0xD7, 0xFE, 0x1A, 0x59, 0xD9, 0xF2, 0x4B, 0xFF, 0x1F, 0x6F, 0xDE, 0x1F, 0x01, 0x87,
    0xA7, 0x4F, 0x19, 0x81, 0x3B, 0xFF, 0xFF, 0xF9, 0x93, 0x5F, 0xDA, 0xBF, 0xE8, 0xB3, 0xD1, 0xD1,
    0xF0, 0x82, 0x89, 0x1E, 0xB9, 0xF7, 0xE6, 0xFC, 0xA3, 0x85, 0x5B, 0x8B, 0x0B, 0x96, 0x9F, 0x5F,
    0xE4, 0x18, 0xA6, 0xA4, 0x55, 0xDC, 0xB0, 0x15, 0xD3, 0x2D, 0x26, 0xD2, 0xD3, 0xD9, 0xCA, 0x9E,
    0x63, 0x90, 0xA9, 0xFE, 0x72, 0xFC, 0xF5, 0xED, 0xB1, 0xB2, 0xBD, 0x5F, 0xFC, 0xA1, 0x5F, 0xB2,
    0x11, 0xA9, 0xBE, 0xF7, 0x5B, 0xFB, 0xE2, 0xEC, 0x7F, 0x38, 0xBF, 0x74, 0x3E, 0xEB, 0x36, 0xE2,
    0x21, 0xFA, 0x1C, 0x23, 0xEF, 0x40, 0x5E, 0xBB, 0xB6, 0xE7, 0xF8, 0x09, 0xEF, 0x6B, 0x4C, 0xD9,
    0x98, 0xBD, 0x38, 0x9D, 0x11, 0x42, 0x5B, 0xCD, 0x9B, 0x44, 0x99, 0x50, 0xB4, 0x37, 0x93, 0xD1,
    0xAC, 0xE1, 0xAF, 0xFD, 0x85, 0x8D, 0xF8, 0xE0, 0xFE, 0xD6, 0x0C, 0x38, 0xDC, 0x15, 0x11, 0xFB,
    0xCC, 0x18, 0xB5, 0x0F, 0xC5, 0x7D, 0xA5, 0xFE, 0x3D, 0xD7, 0x10, 0x95, 0xEB, 0x32, 0x02, 0x2C,
    0xE6, 0x04, 0x25, 0x45, 0x28, 0xFB, 0xE6, 0x9D, 0x18, 0x41, 0x16, 0xF6, 0x8A, 0x1B, 0x61, 0x66,
    0xB8, 0x22, 0xFC, 0xCC, 0x67, 0xFD, 0x09, 0x66, 0x02, 0x4D, 0x18, 0x11, 0x71, 0xE6, 0xB3, 0xFE,
    0x08, 0xBA, 0x83, 0xDF, 0xF9, 0xA3, 0xEB, 0xAC, 0xF1, 0x01, 0xC6, 0x1B, 0x48, 0xF7, 0x11, 0xB1,
    0xCE, 0x7C, 0xD6, 0xEF, 0x21, 0x3A, 0xFE, 0x44, 0x07, 0xF1, 0x02, 0xA1, 0xC7, 0x5F, 0x74, 0x08,
    0xFF, 0x82, 0x1B, 0xCC, 0xCD, 0x19, 0xA1, 0x33, 0x9F, 0x75, 0x06, 0xF8, 0x0F, 0x9D, 0x9A, 0xD1,
    0xAA, 0xE4, 0x2C, 0x0C, 0x80, 0x03, 0xB9, 0x0D, 0xF8, 0x2A, 0x01, 0x6F, 0x05, 0x5F, 0x3D, 0xD0,
    0x5B, 0xE1, 0xBC, 0x8A, 0x70, 0x6E, 0x85, 0xFE, 0x66, 0x9C, 0xE0, 0xD8, 0xE8, 0xFC, 0xBB, 0x9B,
    0x9C, 0xB6, 0xD6, 0xCF, 0x24, 0xAA, 0x5D, 0x5B, 0x9D, 0x85, 0xB7, 0x30, 0x32, 0x86, 0x46, 0x5D,
    0x90, 0x55, 0x41, 0xBA, 0x7E, 0x08, 0x0A, 0x71, 0x57, 0x18, 0xAA, 0x69, 0x5C, 0x79, 0xA5, 0x17,
    0xC0, 0x46, 0x0A, 0xBB, 0x84, 0x85, 0xE7, 0x36, 0x0C, 0x5F, 0x57, 0x4B, 0x99, 0x30, 0x70, 0xBF,
    0x2B, 0x50, 0xB0, 0xE7, 0x22, 0x0D, 0xC9, 0x8D, 0x3B, 0x58, 0x05, 0x7F, 0x89, 0x38, 0xF2, 0x15,
    0x91, 0x28, 0xD6, 0x05, 0x09, 0xC8, 0xA8, 0xF9, 0xB0, 0x66, 0xCC, 0xF7, 0x12, 0xFF, 0x66, 0x24,
    0x3A, 0xB5, 0xCF, 0x24, 0xBC, 0x62, 0x8E, 0xC8, 0xA1, 0x3D, 0x20, 0x03, 0x77, 0x2E, 0x2C, 0xB9,
    0x45, 0x88, 0x9D, 0x6B, 0x33, 0xF6, 0x3E, 0x72, 0xF3, 0xF6, 0x2A, 0xB9, 0xCE, 0x3E, 0xC8, 0xD5,
    0xFB, 0xCF, 0x55, 0x7B, 0x41, 0xFB, 0x00, 0x3B, 0xF7, 0xFE, 0xCD, 0x47, 0x6E, 0x4F, 0xFB, 0xDC,
    0xBC, 0xAE, 0xED, 0x27, 0x27, 0x39, 0x7F, 0xF0, 0xBC, 0xE1, 0xF7, 0xA7, 0x7F, 0x26, 0x02, 0xD4,
    0x7E, 0x66, 0x10, 0x04, 0x02, 0x26, 0x8D, 0x70, 0xBF, 0x64, 0x46, 0xE9, 0x27, 0x51, 0xED, 0x29,
    0x79, 0xF4, 0xB1, 0x60, 0x05, 0x39, 0x71, 0xEC, 0xA9, 0xD0, 0x0F, 0xAD, 0x52, 0xEA, 0x47, 0x03,
    0xC0, 0xFA, 0x37, 0xD9, 0x50, 0x97, 0xAE, 0xA4, 0xAE, 0x08, 0x38, 0xA2, 0xF1, 0x2B, 0xE3, 0x29,
    0x42, 0x05, 0xAB, 0xD6, 0x8A, 0x0A, 0x08, 0x6C, 0x05, 0x65, 0x7D, 0xD2, 0x5B, 0x6B, 0xA3, 0x9D,
    0xC0, 0xA6, 0x79, 0x3C, 0x4E, 0xB5, 0x2B, 0xDB, 0xF3, 0x9A, 0x32, 0x72, 0x62, 0x3D, 0xF6, 0x3C,
    0xE6, 0x68, 0xF9, 0x9E, 0x2F, 0x12, 0x12, 0x0B, 0x4B, 0x48, 0xE0, 0xC5, 0xF8, 0xC5, 0xD7, 0x99,
    0xF3, 0x87, 0xE6, 0x06, 0x3B, 0x21, 0x1B, 0xD0, 0x13, 0x47, 0xE5, 0x4C, 0xDC, 0x39, 0x3B, 0x5A,
    0xA0, 0x22, 0xA7, 0xD1, 0x82, 0xB2, 0x76, 0x9D, 0x57, 0xC7, 0x0B, 0x56, 0xBD, 0x06, 0x89, 0x8E,
    0x13, 0x7B, 0x75, 0x3C, 0xF5, 0xA3, 0x06, 0x26, 0x4E, 0x93, 0x6F, 0x26, 0x85, 0x31, 0x21, 0x30,
    0x3E, 0xB1, 0xE6, 0x29, 0x3B, 0x4D, 0x08, 0xA1, 0xAE, 0x15, 0x78, 0xF2, 0x95, 0x86, 0x0A, 0x43,
    0x12, 0x14, 0x10, 0xAF, 0x24, 0x61, 0xF0, 0x82, 0x11, 0xD9, 0x6B, 0xE4, 0x24, 0x8A, 0x31, 0x52,
    0xD9, 0x69, 0x29, 0xBF, 0xBC, 0xFA, 0xC7, 0xAA, 0xF9, 0x58, 0x4F, 0xFE, 0x43, 0x8B, 0x5D, 0x42,
    0xDB, 0xFB, 0xCF, 0xAD, 0xFC, 0xA8, 0xE6, 0x76, 0xF4, 0xFF, 0x4B, 0x3F, 0x74, 0xAF, 0xF5, 0xF7,
    0xDC, 0x6A, 0xE0, 0x79, 0xAC, 0xA9, 0xE4, 0xF2, 0xE4, 0x53, 0xE6, 0x98, 0xA7, 0x2E, 0x2B, 0xB3,
    0xDC, 0x67, 0x49, 0xAC, 0xAA, 0xF0, 0x90, 0xA6, 0xEA, 0x6C, 0xCF, 0xBE, 0xCD, 0x63, 0x6E, 0x70,
    0x92, 0xD4, 0x15, 0xB2, 0x58, 0x6A, 0x5F, 0xB7, 0xDC, 0x2C, 0xB5, 0xF3, 0x1E, 0x88, 0xAB, 0xA5,
    0xBD, 0x18, 0x3F, 0x0B, 0xD7, 0x40, 0x07, 0x64, 0xF6, 0x17, 0xA5, 0x23, 0x05, 0x16, 0xBE, 0xE0,
    0xDA, 0xD4, 0xDE, 0x26, 0x46, 0x41, 0x9B, 0x24, 0xF7, 0x53, 0x87, 0x84, 0x12, 0x19, 0x81, 0xBA,
    0xEE, 0x24, 0xB7, 0x73, 0x2B, 0x66, 0x7E, 0x6E, 0x3B, 0xCF, 0xE6, 0x1B, 0x3B, 0x57, 0xFF, 0x9A,
    0xE9, 0x2D, 0xBD, 0xBD, 0x71, 0x35, 0xE9, 0x44, 0x86, 0x3D, 0x2F, 0xDE, 0x43, 0xE1, 0x3A, 0x08,
    0x02, 0xBD, 0x39, 0x1F, 0xEA, 0xB7, 0xAF, 0xBD, 0x79, 0x41, 0xD0, 0x5A, 0x12, 0xD0, 0xD1, 0xD6,
    0xD5, 0xCF, 0x71, 0x3D, 0xFB, 0x71, 0x3D, 0xB5, 0xCF, 0x84, 0x29, 0x54, 0x9B, 0x83, 0x76, 0x1C,
    0x65, 0x3C, 0x75, 0x29, 0xD9, 0xD3, 0x75, 0x2A, 0x91, 0x9B, 0x27, 0x28, 0xA7, 0xF8, 0x46, 0x8D,
    0xF9, 0xE7, 0x37, 0x75, 0x9D, 0xDC, 0x32, 0x9E, 0x05, 0x8C, 0x1B, 0xF6, 0x12, 0x9B, 0x9D, 0xF7,
    0x92, 0x8B, 0x9D, 0x0F, 0xBC, 0xD1, 0x78, 0x2B, 0x1D, 0x5F, 0xDA, 0x87, 0xFE, 0xB5, 0x3E, 0xF5,
    0xBC, 0x01, 0xDE, 0x10, 0x7E, 0x24, 0x63, 0x55, 0x70, 0xB7, 0x7C, 0x2B, 0xBC, 0xEF, 0xDA, 0xFF,
    0x7A, 0x66, 0x47, 0x78, 0x6B, 0x31, 0x4F, 0x41, 0x45, 0x42, 0xC3, 0x8A, 0x7C, 0xEC, 0x5B, 0x41,
    0x26, 0x0A, 0xED, 0xC4, 0x91, 0x90, 0x73, 0x8A, 0x9C, 0x8F, 0x1E, 0x92, 0x44, 0x56, 0xDD, 0xD1,
    0x00, 0x3C, 0xFE, 0x45, 0xAB, 0xA7, 0x8D, 0x7D, 0x7A, 0xFD, 0x55, 0xFD, 0x43, 0xD1, 0xBF, 0x60,
    0x6D, 0xA8, 0xEF, 0x36, 0xBC, 0xF2, 0x20, 0x2C, 0x45, 0x3B, 0x6A, 0xFD, 0x0F, 0x5C, 0xC2, 0x3B,
    0x7C, 0xE7, 0xA7, 0x77, 0x01, 0x94, 0x77, 0xE2, 0xE1, 0x70, 0x1D, 0xC3, 0xF5, 0x18, 0xA2, 0xBD,
    0x9F, 0x05, 0xB0, 0x7D, 0x5E, 0x40, 0xB1, 0x5E, 0xD1, 0x12, 0x38, 0x9C, 0xDD, 0xBD, 0xE6, 0x7A,
    0xB8, 0x02, 0x67, 0x3F, 0xAB, 0xDD, 0x90, 0x84, 0x92, 0xB4, 0x1D, 0x69, 0xDF, 0xF3, 0xCA, 0x46,
    0x19, 0xCF, 0x57, 0xFB, 0x65, 0x5E, 0xF2, 0xF6, 0xE4, 0xF8, 0x94, 0x0B, 0x89, 0x98, 0xE5, 0x02,
    0x16, 0x62, 0x24, 0xB8, 0x56, 0x6C, 0xF9, 0x56, 0x6E, 0xC5, 0x9D, 0x08, 0x76, 0xAE, 0x6A, 0xE9,
    0x4F, 0xDC, 0x95, 0x25, 0x5A, 0xEC, 0x82, 0x73, 0x56, 0x44, 0x19, 0x47, 0x80, 0x71, 0xE4, 0xB5,
    0xDF, 0x6E, 0x81, 0xFC, 0x03, 0xD0, 0xC2, 0x68, 0xB3, 0x66, 0x43, 0xCF, 0x83, 0xDF, 0xEA, 0x2C,
    0x9D, 0xAF, 0x96, 0xA6, 0x91, 0x3A, 0xC2, 0xAB, 0x42, 0xC8, 0x02, 0xC1, 0xC6, 0x64, 0x44, 0x6B,
    0x15, 0xFE, 0xCF, 0x57, 0xFD, 0x30, 0x18, 0x75, 0xBA, 0x64, 0xD4, 0xE9, 0xC7, 0x86, 0x7C, 0xD4,
    0x09, 0xEA, 0x1C, 0xDB, 0x8D, 0x2F, 0xDF, 0x10, 0xBC, 0xD4, 0xE1, 0x5A, 0xA7, 0x36, 0xEA, 0xB4,
    0xF3, 0xB5, 0x1F, 0x75, 0x37, 0xCF, 0xBB, 0xA7, 0xC6, 0x71, 0xEE, 0xDA, 0x3A, 0x13, 0x14, 0x6C,
    0x08, 0xA1, 0xA4, 0xF5, 0x4D, 0x23, 0x20, 0x59, 0x59, 0xB7, 0xCF, 0xD0, 0x39, 0xA5, 0xAA, 0xDC,
    0xC7, 0x9E, 0x51, 0xF6, 0xB1, 0x67, 0xC9, 0xE5, 0x69, 0x68, 0xC8, 0x23, 0x76, 0x06, 0x12, 0x6A,
    0xB1, 0x63, 0xE9, 0x6A, 0x75, 0x4B, 0x33, 0x76, 0x0A, 0xDD, 0x3E, 0x08, 0x25, 0xEE, 0xE0, 0xF9,
    0x4C, 0xBD, 0x7D, 0xF3, 0xEB, 0xCE, 0x35, 0x90, 0xDE, 0xB5, 0x98, 0x4F, 0xDB, 0xDE, 0x3E, 0x31,
    0x16, 0x2D, 0x7E, 0xB4, 0x4F, 0x51, 0x7D, 0x1C, 0xED, 0x81, 0x53, 0xBA, 0xCA, 0xB7, 0xF8, 0xF1,
    0x4A, 0xE9, 0x81, 0x13, 0x14, 0xA8, 0xA0, 0x2D, 0x94, 0xB1, 0x4A, 0x58, 0x79, 0x17, 0x21, 0x41,
    0xD1, 0x51, 0x0A, 0xA0, 0xFD, 0x43, 0xDB, 0x0D, 0x03, 0xDB, 0x2E, 0x38, 0x2D, 0xF8, 0x6D, 0xB9,
    0xBF, 0xDF, 0x50, 0x88, 0xEA, 0x79, 0x78, 0x72, 0xAD, 0x1B, 0x1B, 0x02, 0x87, 0xED, 0x00, 0x17,
    0x3F, 0xB7, 0xAF, 0xF1, 0x8D, 0xBB, 0x0D, 0x0D, 0xDB, 0xCE, 0xC8, 0x8D, 0xBF, 0xC4, 0x37, 0x7E,
    0x8C, 0xCF, 0xB9, 0xE1, 0xB7, 0xF8, 0x92, 0x1B, 0xF9, 0xD5, 0x53, 0x89, 0x94, 0x5B, 0xEC, 0xD7,
    0xB9, 0x82, 0x32, 0x6E, 0x1A, 0x4B, 0xEC, 0x74, 0xCF, 0x63, 0xD7, 0x5C, 0xFA, 0xD9, 0x71, 0x95,
    0xDC, 0xBE, 0xAF, 0x7E, 0x77, 0xDB, 0x51, 0x67, 0xFB, 0xDC, 0xCE, 0xF6, 0x27, 0xEE, 0x57, 0x8F,
    0xDB, 0x36, 0x1E, 0xE2, 0x63, 0xA5, 0xC2, 0x57, 0xBE, 0xF9, 0xA2, 0x82, 0x75, 0xCB, 0x89, 0x71,
    0x6C, 0x6E, 0x9D, 0x78, 0xD4, 0x0D, 0xB3, 0x78, 0xE6, 0xAC, 0x1C, 0xBF, 0x70, 0xE4, 0x8B, 0xBF,
    0xF1, 0x4B, 0x23, 0x7C, 0xE5, 0xBF, 0xDF, 0x78, 0xA7, 0x18, 0x7F, 0xCF, 0x5C, 0xE9, 0x29, 0xBE,
    0xF6, 0x0C, 0x5F, 0x76, 0xDE, 0x72, 0x64, 0xB4, 0xF3, 0x8E, 0xA7, 0x30, 0xFA, 0x27, 0x85, 0xB3,
    0x3D, 0x5F, 0x27, 0x7B, 0x7B, 0x36, 0xC6, 0xD5, 0xCB, 0xBA, 0xE9, 0xB9, 0xF3, 0x0F, 0x32, 0xD5,
    0xF3, 0x4F, 0xEA, 0xE3, 0xD3, 0x5B, 0x43, 0xA5, 0x5D, 0x80, 0x49, 0xAD, 0xC4, 0xA1, 0xF6, 0xA7,
    0x16, 0x44, 0xD3, 0x66, 0xA9, 0x07, 0xE7, 0xB7, 0x66, 0x4B, 0x6D, 0xED, 0xDB, 0xF4, 0xE0, 0xE3,
    0x8F, 0x0D, 0x55, 0x3D, 0xFB, 0xF8, 0x93, 0x5A, 0x89, 0x8D, 0x7F, 0xEE, 0xDA, 0xF4, 0xEC, 0xFD,
    0x4F, 0x6A, 0x25, 0x1E, 0x52, 0x1F, 0xEF, 0xAF, 0xBA, 0xE2, 0xF0, 0x78, 0x7F, 0x05, 0xF0, 0xD2,
    0x59, 0x49, 0x84, 0x05, 0xD2, 0x69, 0x1B, 0x21, 0x0A, 0xA7, 0x28, 0x1E, 0x7B, 0xFB, 0xDC, 0xBE,
    0xDA, 0x7B, 0xEE, 0x24, 0x00, 0x54, 0x16, 0x6C, 0x7C, 0xDF, 0x4D, 0xAF, 0x7A, 0x0F, 0x5B, 0x39,
    0xDB, 0x67, 0x41, 0xCA, 0xF7, 0x4D, 0x7A, 0xFD, 0x5B, 0xFB, 0xB1, 0x2D, 0xCB, 0x1C, 0xEE, 0xCA,
    0x7A, 0x1D, 0xF7, 0x67, 0x19, 0x4F, 0x7D, 0x0A, 0x96, 0x5A, 0x3C, 0x35, 0x10, 0xA7, 0x4E, 0x3E,
    0xF6, 0xEF, 0xDC, 0x3B, 0x78, 0xE4, 0xCC, 0x3D, 0x40, 0x00, 0xCF, 0x57, 0x0F, 0xC7, 0x7F, 0xE1,
    0xC2, 0x5D, 0x8F, 0x3B, 0xA8, 0x09, 0x0A, 0x12, 0xD1, 0xCA, 0x9F, 0x3F, 0x48, 0xA8, 0x3E, 0x77,
    0x1F, 0xDD, 0x8F, 0x12, 0xE7, 0xDD, 0x47, 0xF7, 0x0E, 0xF1, 0xD4, 0xBF, 0xFF, 0x6C, 0xCD, 0xF9,
    0xF0, 0xED, 0xD7, 0xFB, 0x47, 0xB1, 0x35, 0xED, 0xC9, 0x96, 0x89, 0x38, 0x37, 0x62, 0xA6, 0x9D,
    0x17, 0xC6, 0x39, 0xBF, 0x32, 0x6E, 0x39, 0x45, 0x66, 0x89, 0x9C, 0x68, 0xCF, 0x29, 0x60, 0x84,
    0x0B, 0x23, 0x39, 0x7B, 0xEB, 0x7C, 0x7C, 0xB7, 0x11, 0xF6, 0x42, 0xC0, 0x8E, 0x9F, 0x76, 0x63,
    0x3C, 0xC3, 0xD3, 0xE8, 0xF8, 0x31, 0x66, 0x3C, 0xFC, 0xA0, 0xF4, 0x9A, 0xFB, 0xB8, 0xA7, 0xC2,
    0xF6, 0xFB, 0x2C, 0x13, 0x14, 0x28, 0x79, 0x7C, 0x23, 0x79, 0x7B, 0xD4, 0xDE, 0x33, 0x79, 0xF2,
    0x49, 0xF8, 0x62, 0x5C, 0xFD, 0xCF, 0x3D, 0xE2, 0xA9, 0xBB, 0x1D, 0xF6, 0xDC, 0xE6, 0xF9, 0xF0,
    0xDB, 0x00, 0xA1, 0x7A, 0x63, 0xFF, 0x7D, 0x3F, 0x7A, 0x9F, 0x47, 0x29, 0x60, 0x38, 0x0A, 0x51,
    0xC7, 0x5A, 0x4E, 0x04, 0x11, 0x5F, 0xB7, 0x7A, 0xD5, 0xFB, 0x57, 0xBE, 0x66, 0x9C, 0x45, 0x8B,
    0x38, 0x1B, 0xF3, 0x65, 0xAE, 0x4D, 0xFC, 0x6A, 0x7E, 0x5D, 0x87, 0xF9, 0xD5, 0xFC, 0x5A, 0x7E,
    0xCA, 0x89, 0x99, 0x38, 0xDF, 0xAE, 0xF7, 0xB0, 0xA4, 0xE3, 0xFA, 0x48, 0x33, 0xA2, 0x50, 0x3A,
    0xAC, 0x8F, 0x18, 0x19, 0x13, 0x95, 0x5A, 0xDF, 0x2B, 0xC4, 0xF1, 0x28, 0x02, 0x4D, 0xEF, 0x85,
    0x0B, 0x33, 0xFD, 0x8C, 0x55, 0x5A, 0x80, 0xD4, 0x75, 0xE1, 0x04, 0x9C, 0xED, 0xFB, 0x1E, 0xF2,
    0xE3, 0xFB, 0xDE, 0xB8, 0x7D, 0xDF, 0x3B, 0xEE, 0xBF, 0x7F, 0x45, 0xCB, 0x9C, 0xBE, 0x7F, 0x8D,
    0x9F, 0xF6, 0x44, 0x42, 0x89, 0x95, 0x80, 0xF7, 0x2B, 0x54, 0xF2, 0xFC, 0xB1, 0xB6, 0x4C, 0xC6,
    0xB7, 0x2B, 0x4B, 0x62, 0x6F, 0x3F, 0x57, 0xB9, 0x29, 0x15, 0x2C, 0xD8, 0x70, 0xBB, 0x40, 0x4D,
    0x12, 0x6B, 0x4C, 0x49, 0x32, 0xA8, 0xF5, 0x77, 0xFB, 0xDC, 0xBE, 0xDB, 0xE7, 0xC6, 0x6E, 0x5E,
    0x75, 0x57, 0x27, 0xBF, 0x3F, 0xBF, 0x3F, 0x87, 0x97, 0x71, 0xF8, 0xB4, 0xAB, 0x5D, 0x4D, 0xEC,
    0x7E, 0x72, 0x2B, 0x7F, 0x90, 0x7C, 0x03, 0x08, 0xCC, 0xBD, 0xC1, 0xFB, 0xB6, 0xB4, 0xE6, 0x0F,
    0xBE, 0x17, 0x6F, 0xAF, 0xFA, 0xB2, 0xC7, 0xAD, 0xBD, 0x9B, 0xFF, 0x28, 0x37, 0x26, 0x37, 0xFB,
    0xD9, 0x96, 0xCC, 0xB6, 0x7E, 0xF8, 0x87, 0xF5, 0xD3, 0x72, 0xFF, 0x6A, 0x9F, 0xDB, 0xE9, 0x07,
    0x7F, 0x13, 0xC7, 0xD5, 0xE6, 0x50, 0x8F, 0x0A, 0xD4, 0xAF, 0xFC, 0x0A, 0x55, 0x97, 0x2B, 0xBD,
    0xF9, 0x37, 0x09, 0xB7, 0x56, 0xD2, 0x4A, 0x53, 0xBF, 0xBF, 0xC5, 0xD2, 0x00, 0xAC, 0xFC, 0x8F,
    0xED, 0xE9, 0x65, 0xDF, 0x80, 0xF6, 0xF6, 0xEE, 0xFD, 0x33, 0xC6, 0x67, 0xBB, 0x43, 0xA1, 0x7E,
    0x0E, 0xF5, 0xD3, 0xFC, 0xEF, 0xFE, 0x73, 0x3B, 0xFF, 0x87, 0x87, 0xCD, 0x38, 0x8A, 0x8D, 0x17,
    0x1E, 0xEE, 0xAD, 0xEC, 0x7F, 0x75, 0x8E, 0x01, 0x06, 0x05, 0x31, 0x0C, 0x44, 0x43, 0x01, 0x86,
    0x5E, 0x65, 0xF8, 0x00, 0xA1, 0x57, 0xCF, 0x01, 0xCA, 0xBF, 0xCA, 0x1E, 0xA0, 0xD8, 0xA4, 0xAA,
    0xCD, 0xA2, 0xEF, 0x01, 0xF3, 0x84, 0xC8, 0xA4, 0xFC, 0xC1, 0xB0, 0x0D, 0xF0, 0x28, 0x9B, 0xF2,
    0x00, 0x10, 0x88, 0xF7, 0x44, 0xEA, 0x6B, 0x6F, 0xFD, 0xD2, 0x15, 0x1D, 0x06, 0xF3, 0xFB, 0x7E,
    0x4C, 0x7D, 0xED, 0xB7, 0x5E, 0x8D, 0xD3, 0xDF, 0xA0, 0x6D, 0xF5, 0xF3, 0x1F, 0xC3, 0xAA, 0x74,
    0xC0, 0xE2, 0x2A, 0xA2, 0xBC, 0x63, 0x00, 0x03, 0xFB, 0x3F, 0x36, 0x36, 0xC6, 0x67, 0x8C, 0xCF,
    0xD8, 0x9F, 0xB1, 0xB7, 0x01, 0xC2, 0x3F, 0x10, 0x12, 0x24, 0x03, 0x00,
};

static const EpdGlyph helvetica_12_bolditalicGlyphs[] = {
    { 19, 19, 304, 2, 19, 91, 0 }, // U+0000
    { 16, 16, 256, 0, 14, 64, 91 }, // U+0001
    { 16, 16, 256, 0, 14, 64, 155 }, // U+0002
    { 16, 16, 256, 0, 14, 64, 219 }, // U+0003
    { 16, 16, 256, 0, 14, 64, 283 }, // U+0004
    { 16, 16, 256, 0, 14, 64, 347 }, // U+0005
    { 16, 16, 256, 0, 14, 64, 411 }, // U+0006
    { 16, 16, 256, 0, 14, 64, 475 }, // U+0007
    { 16, 16, 256, 0, 14, 64, 539 }, // U+0008
    { 16, 16, 256, 0, 14, 64, 603 }, // U+0009
    { 16, 16, 256, 0, 14, 64, 667 }, // U+000A
    { 16, 16, 256, 0, 14, 64, 731 }, // U+000B
    { 16, 16, 256, 0, 14, 64, 795 }, // U+000C
    { 16, 16, 256, 0, 14, 64, 859 }, // U+000D
    { 16, 16, 256, 0, 14, 64, 923 }, // U+000E
    { 16, 16, 256, 0, 14, 64, 987 }, // U+000F
    { 16, 16, 256, 0, 14, 64, 1051 }, // U+0010
    { 16, 16, 256, 0, 14, 64, 1115 }, // U+0011
    { 16, 16, 256, 0, 14, 64, 1179 }, // U+0012
    { 16, 16, 256, 0, 14, 64, 1243 }, // U+0013
    { 16, 16, 256, 0, 14, 64, 1307 }, // U+0014
    { 16, 16, 256, 0, 14, 64, 1371 }, // U+0015
    { 16, 16, 256, 0, 14, 64, 1435 }, // U+0016
    { 16, 16, 256, 0, 14, 64, 1499 }, // U+0017
    { 16, 16, 256, 0, 14, 64, 1563 }, // U+0018
    { 16, 16, 256, 0, 14, 64, 1627 }, // U+0019
    { 16, 16, 256, 0, 14, 64, 1691 }, // U+001A
    { 16, 16, 256, 0, 14, 64, 1755 }, // U+001B
    { 16, 16, 256, 0, 14, 64, 1819 }, // U+001C
    { 16, 16, 256, 0, 14, 64, 1883 }, // U+001D
    { 16, 16, 256, 0, 14, 64, 1947 }, // U+001E
    { 16, 16, 256, 0, 14, 64, 2011 }, // U+001F
    { 1, 1, 96, 0, 1, 1, 2075 }, // U+0020
    { 8, 19, 128, 2, 19, 38, 2076 }, // !
    { 7, 5, 144, 5, 19, 9, 2114 }, // "
    { 14, 18, 224, 1, 18, 63, 2123 }, // #
    { 16, 22, 208, 0, 19, 88, 2186 }, // $
    { 18, 18, 352, 3, 18, 81, 2274 }, // %
    { 15, 18, 288, 2, 18, 68, 2355 }, // &
    { 3, 5, 96, 5, 19, 4, 2423 }, // '
    { 10, 24, 128, 2, 19, 60, 2427 }, // (
    { 10, 24, 128, 0, 19, 60, 2487 }, // )
    { 8, 7, 160, 5, 19, 14, 2547 }, // *
    { 12, 12, 240, 3, 13, 36, 2561 }, // +
    { 4, 6, 112, 1, 3, 6, 2597 }, // ,
    { 6, 3, 128, 2, 8, 5, 2603 }, // -
    { 3, 3, 112, 2, 3, 3, 2608 }, // .
    { 11, 19, 128, 1, 19, 53, 2611 }, // /
    { 14, 18, 208, 1, 18, 63, 2664 }, // 0
    { 7, 18, 208, 6, 18, 32, 2727 }, // 1
    { 15, 18, 208, 0, 18, 68, 2759 }, // 2
    { 13, 18, 208, 1, 18, 59, 2827 }, // 3
    { 13, 18, 208, 1, 18, 59, 2886 }, // 4
    { 14, 18, 208, 1, 18, 63, 2945 }, // 5
    { 14, 18, 208, 1, 18, 63, 3008 }, // 6
    { 14, 18, 208, 2, 18, 63, 3071 }, // 7
    { 13, 18, 208, 1, 18, 59, 3134 }, // 8
    { 14, 18, 208, 1, 18, 63, 3193 }, // 9
    { 6, 14, 128, 3, 14, 21, 3256 }, // :
    { 7, 17, 128, 2, 14, 30, 3277 }, // ;
    { 14, 11, 240, 3, 13, 39, 3307 }, // <
    { 11, 5, 224, 3, 10, 14, 3346 }, // =
    { 14, 11, 240, 1, 13, 39, 3360 }, // >
    { 12, 19, 240, 5, 19, 57, 3399 }, // ?
    { 23, 23, 384, 2, 19, 133, 3456 }, // @
    { 16, 19, 288, 1, 19, 76, 3589 }, // A
    { 17, 19, 288, 2, 19, 81, 3665 }, // B
    { 16, 19, 288, 3, 19, 76, 3746 }, // C
    { 18, 19, 304, 2, 19, 86, 3822 }, // D
    { 16, 19, 256, 2, 19, 76, 3908 }, // E
    { 16, 19, 240, 2, 19, 76, 3984 }, // F
    { 17, 19, 304, 3, 19, 81, 4060 }, // G
    { 19, 19, 304, 2, 19, 91, 4141 }, // H
    { 7, 19, 112, 2, 19, 34, 4232 }, // I
    { 14, 19, 224, 2, 19, 67, 4266 }, // J
    { 18, 19, 288, 2, 19, 86, 4333 }, // K
    { 12, 19, 240, 2, 19, 57, 4419 }, // L
    { 23, 19, 368, 2, 19, 110, 4476 }, // M
    { 19, 19, 304, 2, 19, 91, 4586 }, // N
    { 17, 19, 304, 3, 19, 81, 4677 }, // O
    { 17, 19, 272, 2, 19, 81, 4758 }, // P
    { 17, 19, 304, 3, 19, 81, 4839 }, // Q
    { 17, 19, 272, 2, 19, 81, 4920 }, // R
    { 15, 19, 272, 3, 19, 72, 5001 }, // S
    { 15, 19, 240, 4, 19, 72, 5073 }, // T
    { 18, 19, 304, 3, 19, 86, 5145 }, // U
    { 16, 19, 288, 5, 19, 76, 5231 }, // V
    { 21, 19, 368, 5, 19, 100, 5307 }, // W
    { 20, 19, 288, 1, 19, 95, 5407 }, // X
    { 15, 19, 272, 5, 19, 72, 5502 }, // Y
    { 18, 19, 256, 1, 19, 86, 5574 }, // Z
    { 10, 24, 128, 0, 19, 60, 5660 }, // [
    { 3, 19, 128, 5, 19, 15, 5720 }, // <backslash>
    { 10, 24, 128, 1, 19, 60, 5735 }, // ]
    { 12, 9, 224, 3, 19, 27, 5795 }, // ^
    { 14, 2, 224, -1, -3, 7, 5822 }, // _
    { 6, 4, 128, 5, 19, 6, 5829 }, // `
    { 12, 14, 224, 2, 14, 42, 5835 }, // a
    { 14, 19, 240, 2, 19, 67, 5877 }, // b
    { 12, 14, 208, 2, 14, 42, 5944 }, // c
    { 15, 19, 240, 2, 19, 72, 5986 }, // d
    { 13, 14, 224, 2, 14, 46, 6058 }, // e
    { 9, 19, 144, 3, 19, 43, 6104 }, // f
    { 16, 19, 240, 0, 14, 76, 6147 }, // g
    { 13, 19, 240, 2, 19, 62, 6223 }, // h
    { 7, 19, 112, 2, 19, 34, 6285 }, // i
    { 10, 24, 112, -1, 19, 60, 6319 }, // j
    { 13, 19, 224, 2, 19, 62, 6379 }, // k
    { 7, 19, 112, 2, 19, 34, 6441 }, // l
    { 19, 14, 336, 2, 14, 67, 6475 }, // m
    { 13, 14, 240, 2, 14, 46, 6542 }, // n
    { 13, 14, 224, 2, 14, 46, 6588 }, // o
    { 15, 19, 240, 1, 14, 72, 6634 }, // p
    { 14, 19, 240, 2, 14, 67, 6706 }, // q
    { 10, 14, 160, 2, 14, 35, 6773 }, // r
    { 11, 14, 208, 2, 14, 39, 6808 }, // s
    { 8, 18, 144, 3, 18, 36, 6847 }, // t
    { 13, 14, 240, 3, 14, 46, 6883 }, // u
    { 12, 14, 224, 4, 14, 42, 6929 }, // v
    { 19, 14, 304, 3, 14, 67, 6971 }, // w
    { 14, 14, 208, 1, 14, 49, 7038 }, // x
    { 14, 19, 224, 2, 14, 67, 7087 }, // y
    { 13, 14, 208, 1, 14, 46, 7154 }, // z
    { 10, 24, 160, 3, 19, 60, 7200 }, // {
    { 7, 24, 112, 2, 19, 42, 7260 }, // |
    { 10, 24, 160, 1, 19, 60, 7302 }, // }
    { 12, 4, 224, 2, 9, 12, 7362 }, // ~
    { 16, 16, 256, 0, 14, 64, 7374 }, // U+007F
    { 16, 16, 256, 0, 14, 64, 0 }, // U+0080
    { 16, 16, 256, 0, 14, 64, 64 }, // U+0081
    { 16, 16, 256, 0, 14, 64, 128 }, // U+0082
    { 16, 16, 256, 0, 14, 64, 192 }, // U+0083
    { 16, 16, 256, 0, 14, 64, 256 }, // U+0084
    { 16, 16, 256, 0, 14, 64, 320 }, // U+0085
    { 16, 16, 256, 0, 14, 64, 384 }, // U+0086
    { 16, 16, 256, 0, 14, 64, 448 }, // U+0087
    { 16, 16, 256, 0, 14, 64, 512 }, // U+0088
    { 16, 16, 256, 0, 14, 64, 576 }, // U+0089
    { 16, 16, 256, 0, 14, 64, 640 }, // U+008A
    { 16, 16, 256, 0, 14, 64, 704 }, // U+008B
    { 16, 16, 256, 0, 14, 64, 768 }, // U+008C
    { 16, 16, 256, 0, 14, 64, 832 }, // U+008D
    { 16, 16, 256, 0, 14, 64, 896 }, // U+008E
    { 16, 16, 256, 0, 14, 64, 960 }, // U+008F
    { 16, 16, 256, 0, 14, 64, 1024 }, // U+0090
    { 16, 16, 256, 0, 14, 64, 1088 }, // U+0091
    { 16, 16, 256, 0, 14, 64, 1152 }, // U+0092
    { 16, 16, 256, 0, 14, 64, 1216 }, // U+0093
    { 16, 16, 256, 0, 14, 64, 1280 }, // U+0094
    { 16, 16, 256, 0, 14, 64, 1344 }, // U+0095
    { 16, 16, 256, 0, 14, 64, 1408 }, // U+0096
    { 16, 16, 256, 0, 14, 64, 1472 }, // U+0097
    { 16, 16, 256, 0, 14, 64, 1536 }, // U+0098
    { 16, 16, 256, 0, 14, 64, 1600 }, // U+0099
    { 16, 16, 256, 0, 14, 64, 1664 }, // U+009A
    { 16, 16, 256, 0, 14, 64, 1728 }, // U+009B
    { 16, 16, 256, 0, 14, 64, 1792 }, // U+009C
    { 16, 16, 256, 0, 14, 64, 1856 }, // U+009D
    { 16, 16, 256, 0, 14, 64, 1920 }, // U+009E
    { 16, 16, 256, 0, 14, 64, 1984 }, // U+009F
    { 1, 1, 96, 0, 1, 1, 2048 }, // U+00A0
    { 8, 19, 128, 1, 14, 38, 2049 }, // U+00A1
    { 13, 18, 224, 2, 16, 59, 2087 }, // U+00A2
    { 14, 18, 224, 1, 18, 63, 2146 }, // U+00A3
    { 14, 12, 224, 2, 15, 42, 2209 }, // U+00A4
    { 15, 18, 224, 2, 18, 68, 2251 }, // U+00A5
    { 8, 24, 112, 1, 19, 48, 2319 }, // U+00A6
    { 15, 24, 224, 1, 19, 90, 2367 }, // U+00A7
    { 8, 2, 160, 5, 18, 4, 2457 }, // U+00A8
    { 18, 19, 304, 3, 19, 86, 2461 }, // U+00A9
    { 9, 12, 160, 3, 19, 27, 2547 }, // U+00AA
    { 10, 8, 208, 3, 11, 20, 2574 }, // U+00AB
    { 12, 7, 240, 3, 10, 21, 2594 }, // U+00AC
    { 6, 3, 128, 2, 8, 5, 2615 }, // U+00AD
    { 18, 19, 304, 3, 19, 86, 2620 }, // U+00AE
    { 7, 2, 144, 5, 19, 4, 2706 }, // U+00AF
    { 8, 7, 144, 3, 18, 14, 2710 }, // U+00B0
    { 12, 13, 240, 2, 13, 39, 2724 }, // U+00B1
    { 7, 10, 112, 2, 18, 18, 2763 }, // U+00B2
    { 8, 10, 112, 2, 18, 20, 2781 }, // U+00B3
    { 6, 4, 128, 5, 19, 6, 2801 }, // U+00B4
    { 15, 19, 240, 1, 14, 72, 2807 }, // U+00B5
    { 13, 24, 208, 4, 19, 78, 2879 }, // U+00B6
    { 3, 3, 112, 3, 9, 3, 2957 }, // U+00B7
    { 6, 6, 144, 3, 1, 9, 2960 }, // U+00B8
    { 4, 10, 112, 4, 18, 10, 2969 }, // U+00B9
    { 9, 12, 160, 3, 19, 27, 2979 }, // U+00BA
    { 10, 8, 208, 3, 11, 20, 3006 }, // U+00BB
    { 14, 18, 304, 4, 18, 63, 3026 }, // U+00BC
    { 15, 18, 304, 4, 18, 68, 3089 }, // U+00BD
    { 16, 18, 304, 3, 18, 72, 3157 }, // U+00BE
    { 12, 19, 240, 1, 14, 57, 3229 }, // U+00BF
    { 16, 24, 288, 1, 24, 96, 3286 }, // U+00C0
    { 17, 24, 288, 1, 24, 102, 3382 }, // U+00C1
    { 17, 24, 288, 1, 24, 102, 3484 }, // U+00C2
    { 17, 23, 288, 1, 23, 98, 3586 }, // U+00C3
    { 16, 23, 288, 1, 23, 92, 3684 }, // U+00C4
    { 16, 23, 288, 1, 23, 92, 3776 }, // U+00C5
    { 26, 19, 384, 0, 19, 124, 3868 }, // U+00C6
    { 16, 24, 288, 3, 19, 96, 3992 }, // U+00C7
    { 16, 24, 256, 2, 24, 96, 4088 }, // U+00C8
    { 16, 24, 256, 2, 24, 96, 4184 }, // U+00C9
    { 16, 24, 256, 2, 24, 96, 4280 }, // U+00CA
    { 16, 23, 256, 2, 23, 92, 4376 }, // U+00CB
    { 8, 24, 112, 2, 24, 48, 4468 }, // U+00CC
    { 10, 24, 112, 2, 24, 60, 4516 }, // U+00CD
    { 10, 24, 112, 2, 24, 60, 4576 }, // U+00CE
    { 10, 23, 112, 2, 23, 58, 4636 }, // U+00CF
    { 18, 19, 304, 2, 19, 86, 4694 }, // U+00D0
    { 19, 23, 304, 2, 23, 110, 4780 }, // U+00D1
    { 17, 24, 304, 3, 24, 102, 4890 }, // U+00D2
    { 17, 24, 304, 3, 24, 102, 4992 }, // U+00D3
    { 17, 24, 304, 3, 24, 102, 5094 }, // U+00D4
    { 17, 23, 304, 3, 23, 98, 5196 }, // U+00D5
    { 17, 23, 304, 3, 23, 98, 5294 }, // U+00D6
    { 13, 12, 240, 2, 13, 39, 5392 }, // U+00D7
    { 20, 19, 304, 1, 19, 95, 5431 }, // U+00D8
    { 18, 24, 304, 3, 24, 108, 5526 }, // U+00D9
    { 18, 24, 304, 3, 24, 108, 5634 }, // U+00DA
    { 18, 24, 304, 3, 24, 108, 5742 }, // U+00DB
    { 18, 23, 304, 3, 23, 104, 5850 }, // U+00DC
    { 15, 24, 272, 5, 24, 90, 5954 }, // U+00DD
    { 16, 19, 272, 2, 19, 76, 6044 }, // U+00DE
    { 13, 19, 224, 2, 19, 62, 6120 }, // U+00DF
    { 12, 19, 224, 2, 19, 57, 6182 }, // U+00E0
    { 12, 19, 224, 2, 19, 57, 6239 }, // U+00E1
    { 12, 19, 224, 2, 19, 57, 6296 }, // U+00E2
    { 12, 18, 224, 2, 18, 54, 6353 }, // U+00E3
    { 12, 18, 224, 2, 18, 54, 6407 }, // U+00E4
    { 12, 19, 224, 2, 19, 57, 6461 }, // U+00E5
    { 21, 14, 352, 2, 14, 74, 6518 }, // U+00E6
    { 12, 19, 208, 2, 14, 57, 6592 }, // U+00E7
    { 13, 19, 224, 2, 19, 62, 6649 }, // U+00E8
    { 13, 19, 224, 2, 19, 62, 6711 }, // U+00E9
    { 13, 19, 224, 2, 19, 62, 6773 }, // U+00EA
    { 13, 18, 224, 2, 18, 59, 6835 }, // U+00EB
    { 6, 19, 112, 2, 19, 29, 6894 }, // U+00EC
    { 9, 19, 112, 2, 19, 43, 6923 }, // U+00ED
    { 9, 19, 112, 2, 19, 43, 6966 }, // U+00EE
    { 9, 18, 112, 2, 18, 41, 7009 }, // U+00EF
    { 13, 19, 224, 2, 19, 62, 7050 }, // U+00F0
    { 13, 18, 240, 2, 18, 59, 7112 }, // U+00F1
    { 13, 19, 224, 2, 19, 62, 7171 }, // U+00F2
    { 13, 19, 224, 2, 19, 62, 7233 }, // U+00F3
    { 13, 19, 224, 2, 19, 62, 7295 }, // U+00F4
    { 13, 18, 224, 2, 18, 59, 7357 }, // U+00F5
    { 13, 18, 224, 2, 18, 59, 7416 }, // U+00F6
    { 10, 12, 240, 4, 13, 30, 7475 }, // U+00F7
    { 15, 14, 224, 1, 14, 53, 7505 }, // U+00F8
    { 13, 19, 240, 3, 19, 62, 7558 }, // U+00F9
    { 13, 19, 240, 3, 19, 62, 7620 }, // U+00FA
    { 13, 19, 240, 3, 19, 62, 7682 }, // U+00FB
    { 13, 18, 240, 3, 18, 59, 7744 }, // U+00FC
    { 14, 24, 224, 2, 19, 84, 7803 }, // U+00FD
    { 15, 24, 240, 1, 19, 90, 7887 }, // U+00FE
    { 14, 23, 240, 3, 18, 81, 7977 }, // U+00FF
    { 16, 22, 288, 1, 22, 88, 0 }, // U+0100
    { 12, 17, 224, 2, 17, 51, 88 }, // U+0101
    { 16, 24, 288, 1, 24, 96, 139 }, // U+0102
    { 12, 19, 224, 2, 19, 57, 235 }, // U+0103
    { 16, 24, 288, 1, 19, 96, 292 }, // U+0104
    { 12, 19, 224, 2, 14, 57, 388 }, // U+0105
    { 16, 24, 288, 3, 24, 96, 445 }, // U+0106
    { 12, 19, 208, 2, 19, 57, 541 }, // U+0107
    { 16, 24, 288, 3, 24, 96, 598 }, // U+0108
    { 12, 19, 208, 2, 19, 57, 694 }, // U+0109
    { 16, 22, 288, 3, 22, 88, 751 }, // U+010A
    { 12, 17, 208, 2, 17, 51, 839 }, // U+010B
    { 16, 24, 288, 3, 24, 96, 890 }, // U+010C
    { 12, 19, 208, 2, 19, 57, 986 }, // U+010D
    { 18, 24, 304, 2, 24, 108, 1043 }, // U+010E
    { 21, 19, 336, 2, 19, 100, 1151 }, // U+010F
    { 18, 19, 304, 2, 19, 86, 1251 }, // U+0110
    { 15, 19, 240, 2, 19, 72, 1337 }, // U+0111
    { 16, 22, 256, 2, 22, 88, 1409 }, // U+0112
    { 13, 17, 224, 2, 17, 56, 1497 }, // U+0113
    { 16, 24, 256, 2, 24, 96, 1553 }, // U+0114
    { 13, 19, 224, 2, 19, 62, 1649 }, // U+0115
    { 16, 22, 256, 2, 22, 88, 1711 }, // U+0116
    { 13, 17, 224, 2, 17, 56, 1799 }, // U+0117
    { 16, 24, 256, 2, 19, 96, 1855 }, // U+0118
    { 13, 19, 224, 2, 14, 62, 1951 }, // U+0119
    { 16, 24, 256, 2, 24, 96, 2013 }, // U+011A
    { 13, 19, 224, 2, 19, 62, 2109 }, // U+011B
    { 17, 24, 304, 3, 24, 102, 2171 }, // U+011C
    { 16, 24, 240, 0, 19, 96, 2273 }, // U+011D
    { 17, 24, 304, 3, 24, 102, 2369 }, // U+011E
    { 16, 24, 240, 0, 19, 96, 2471 }, // U+011F
    { 17, 22, 304, 3, 22, 94, 2567 }, // U+0120
    { 16, 22, 240, 0, 17, 88, 2661 }, // U+0121
    { 17, 26, 304, 3, 19, 111, 2749 }, // U+0122
    { 16, 26, 240, 0, 21, 104, 2860 }, // U+0123
    { 19, 24, 304, 2, 24, 114, 2964 }, // U+0124
    { 13, 24, 240, 2, 24, 78, 3078 }, // U+0125
    { 19, 19, 304, 2, 19, 91, 3156 }, // U+0126
    { 13, 19, 240, 2, 19, 62, 3247 }, // U+0127
    { 9, 23, 112, 2, 23, 52, 3309 }, // U+0128
    { 9, 18, 112, 1, 18, 41, 3361 }, // U+0129
    { 8, 22, 112, 2, 22, 44, 3402 }, // U+012A
    { 7, 17, 112, 2, 17, 30, 3446 }, // U+012B
    { 9, 24, 112, 2, 24, 54, 3476 }, // U+012C
    { 9, 19, 112, 1, 19, 43, 3530 }, // U+012D
    { 8, 24, 112, 1, 19, 48, 3573 }, // U+012E
    { 8, 24, 112, 1, 19, 48, 3621 }, // U+012F
    { 7, 22, 112, 2, 22, 39, 3669 }, // U+0130
    { 6, 14, 112, 2, 14, 21, 3708 }, // U+0131
    { 21, 19, 336, 2, 19, 100, 3729 }, // U+0132
    { 14, 24, 224, 2, 19, 84, 3829 }, // U+0133
    { 15, 24, 224, 2, 24, 90, 3913 }, // U+0134
    { 11, 24, 112, -1, 19, 66, 4003 }, // U+0135
    { 18, 26, 288, 2, 19, 117, 4069 }, // U+0136
    { 13, 26, 224, 2, 19, 85, 4186 }, // U+0137
    { 13, 14, 224, 2, 14, 46, 4271 }, // U+0138
    { 12, 24, 240, 2, 24, 72, 4317 }, // U+0139
    { 8, 24, 112, 2, 24, 48, 4389 }, // U+013A
    { 12, 26, 240, 2, 19, 78, 4437 }, // U+013B
    { 7, 26, 112, 2, 19, 46, 4515 }, // U+013C
    { 21, 19, 336, 2, 19, 100, 4561 }, // U+013D
    { 14, 19, 224, 2, 19, 67, 4661 }, // U+013E
    { 18, 19, 336, 2, 19, 86, 4728 }, // U+013F
    { 11, 19, 224, 2, 19, 53, 4814 }, // U+0140
    { 12, 19, 240, 2, 19, 57, 4867 }, // U+0141
    { 8, 19, 112, 2, 19, 38, 4924 }, // U+0142
    { 19, 24, 304, 2, 24, 114, 4962 }, // U+0143
    { 13, 19, 240, 2, 19, 62, 5076 }, // U+0144
    { 19, 26, 304, 2, 19, 124, 5138 }, // U+0145
    { 13, 21, 240, 2, 14, 69, 5262 }, // U+0146
    { 19, 24, 304, 2, 24, 114, 5331 }, // U+0147
    { 13, 19, 240, 2, 19, 62, 5445 }, // U+0148
    { 18, 19, 352, 4, 19, 86, 5507 }, // U+0149
    { 19, 24, 304, 2, 19, 114, 5593 }, // U+014A
    { 13, 19, 240, 2, 14, 62, 5707 }, // U+014B
    { 17, 22, 304, 3, 22, 94, 5769 }, // U+014C
    { 13, 17, 224, 2, 17, 56, 5863 }, // U+014D
    { 17, 24, 304, 3, 24, 102, 5919 }, // U+014E
    { 13, 19, 224, 2, 19, 62, 6021 }, // U+014F
    { 17, 23, 304, 3, 23, 98, 6083 }, // U+0150
    { 13, 18, 224, 2, 18, 59, 6181 }, // U+0151
    { 24, 19, 416, 3, 19, 114, 6240 }, // U+0152
    { 22, 14, 368, 2, 14, 77, 6354 }, // U+0153
    { 17, 24, 272, 2, 24, 102, 6431 }, // U+0154
    { 10, 19, 160, 2, 19, 48, 6533 }, // U+0155
    { 17, 26, 272, 2, 19, 111, 6581 }, // U+0156
    { 10, 21, 160, 2, 14, 53, 6692 }, // U+0157
    { 17, 24, 272, 2, 24, 102, 6745 }, // U+0158
    { 10, 19, 160, 2, 19, 48, 6847 }, // U+0159
    { 15, 24, 272, 3, 24, 90, 6895 }, // U+015A
    { 11, 19, 208, 2, 19, 53, 6985 }, // U+015B
    { 15, 24, 272, 3, 24, 90, 7038 }, // U+015C
    { 11, 19, 208, 2, 19, 53, 7128 }, // U+015D
    { 15, 24, 272, 3, 19, 90, 7181 }, // U+015E
    { 11, 19, 208, 2, 14, 53, 7271 }, // U+015F
    { 16, 19, 272, 2, 19, 76, 7324 }, // U+0160
    { 12, 19, 208, 2, 19, 57, 7400 }, // U+0161
    { 15, 24, 240, 4, 19, 90, 7457 }, // U+0162
    { 8, 23, 144, 3, 18, 46, 7547 }, // U+0163
    { 15, 24, 240, 4, 24, 90, 7593 }, // U+0164
    { 15, 19, 256, 3, 19, 72, 7683 }, // U+0165
    { 15, 19, 240, 4, 19, 72, 7755 }, // U+0166
    { 8, 18, 144, 3, 18, 36, 7827 }, // U+0167
    { 18, 23, 304, 3, 23, 104, 7863 }, // U+0168
    { 13, 18, 240, 3, 18, 59, 7967 }, // U+0169
    { 18, 22, 304, 3, 22, 99, 8026 }, // U+016A
    { 13, 17, 240, 3, 17, 56, 8125 }, // U+016B
    { 18, 24, 304, 3, 24, 108, 8181 }, // U+016C
    { 13, 19, 240, 3, 19, 62, 8289 }, // U+016D
    { 18, 25, 304, 3, 25, 113, 8351 }, // U+016E
    { 13, 20, 240, 3, 20, 65, 8464 }, // U+016F
    { 18, 23, 304, 3, 23, 104, 8529 }, // U+0170
    { 13, 18, 240, 3, 18, 59, 8633 }, // U+0171
    { 18, 24, 304, 3, 19, 108, 8692 }, // U+0172
    { 13, 19, 240, 3, 14, 62, 8800 }, // U+0173
    { 21, 24, 368, 5, 24, 126, 8862 }, // U+0174
    { 19, 19, 304, 3, 19, 91, 8988 }, // U+0175
    { 15, 24, 272, 5, 24, 90, 9079 }, // U+0176
    { 14, 24, 224, 2, 19, 84, 9169 }, // U+0177
    { 14, 18, 272, 5, 18, 63, 9253 }, // U+0178
    { 18, 24, 256, 1, 24, 108, 9316 }, // U+0179
    { 13, 19, 208, 1, 19, 62, 9424 }, // U+017A
    { 18, 22, 256, 1, 22, 99, 9486 }, // U+017B
    { 13, 17, 208, 1, 17, 56, 9585 }, // U+017C
    { 17, 19, 256, 1, 19, 81, 9641 }, // U+017D
    { 13, 19, 208, 1, 19, 62, 9722 }, // U+017E
    { 8, 16, 128, 0, 14, 32, 9784 }, // U+017F
    { 20, 19, 304, 3, 19, 95, 0 }, // U+01A0
    { 17, 14, 224, 2, 14, 60, 95 }, // U+01A1
    { 21, 19, 304, 3, 19, 100, 155 }, // U+01AF
    { 17, 14, 240, 3, 14, 60, 255 }, // U+01B0
    { 8, 16, 128, 0, 14, 32, 315 }, // U+01C4
    { 8, 16, 128, 0, 14, 32, 347 }, // U+01C5
    { 8, 16, 128, 0, 14, 32, 379 }, // U+01C6
    { 8, 16, 128, 0, 14, 32, 411 }, // U+01C7
    { 8, 16, 128, 0, 14, 32, 443 }, // U+01C8
    { 8, 16, 128, 0, 14, 32, 475 }, // U+01C9
    { 8, 16, 128, 0, 14, 32, 507 }, // U+01CA
    { 8, 16, 128, 0, 14, 32, 539 }, // U+01CB
    { 8, 16, 128, 0, 14, 32, 571 }, // U+01CC
    { 16, 24, 288, 1, 24, 96, 603 }, // U+01CD
    { 12, 19, 224, 2, 19, 57, 699 }, // U+01CE
    { 9, 24, 112, 2, 24, 54, 756 }, // U+01CF
    { 9, 19, 112, 1, 19, 43, 810 }, // U+01D0
    { 17, 24, 304, 3, 24, 102, 853 }, // U+01D1
    { 13, 19, 224, 2, 19, 62, 955 }, // U+01D2
    { 18, 24, 304, 3, 24, 108, 1017 }, // U+01D3
    { 13, 19, 240, 3, 19, 62, 1125 }, // U+01D4
    { 18, 26, 304, 3, 26, 117, 1187 }, // U+01D5
    { 13, 21, 240, 3, 21, 69, 1304 }, // U+01D6
    { 18, 28, 304, 3, 28, 126, 1373 }, // U+01D7
    { 13, 23, 240, 3, 23, 75, 1499 }, // U+01D8
    { 18, 28, 304, 3, 28, 126, 1574 }, // U+01D9
    { 13, 23, 240, 3, 23, 75, 1700 }, // U+01DA
    { 18, 28, 304, 3, 28, 126, 1775 }, // U+01DB
    { 13, 23, 240, 3, 23, 75, 1901 }, // U+01DC
    { 13, 14, 224, 2, 14, 46, 1976 }, // U+01DD
    { 16, 26, 288, 1, 26, 104, 2022 }, // U+01DE
    { 12, 21, 224, 2, 21, 63, 2126 }, // U+01DF
    { 16, 25, 288, 1, 25, 100, 2189 }, // U+01E0
    { 12, 20, 224, 2, 20, 60, 2289 }, // U+01E1
    { 26, 22, 384, 0, 22, 143, 2349 }, // U+01E2
    { 21, 17, 352, 2, 17, 90, 2492 }, // U+01E3
    { 18, 19, 304, 3, 19, 86, 2582 }, // U+01E4
    { 16, 19, 240, 0, 14, 76, 2668 }, // U+01E5
    { 17, 24, 304, 3, 24, 102, 2744 }, // U+01E6
    { 16, 24, 240, 0, 19, 96, 2846 }, // U+01E7
    { 18, 24, 288, 2, 24, 108, 2942 }, // U+01E8
    { 13, 24, 224, 2, 24, 78, 3050 }, // U+01E9
    { 17, 24, 304, 3, 19, 102, 3128 }, // U+01EA
    { 13, 19, 224, 2, 14, 62, 3230 }, // U+01EB
    { 17, 27, 304, 3, 22, 115, 3292 }, // U+01EC
    { 13, 22, 224, 2, 17, 72, 3407 }, // U+01ED
    { 8, 16, 128, 0, 14, 32, 3479 }, // U+01EE
    { 8, 16, 128, 0, 14, 32, 3511 }, // U+01EF
    { 11, 24, 112, -1, 19, 66, 3543 }, // U+01F0
    { 8, 16, 128, 0, 14, 32, 3609 }, // U+01F1
    { 8, 16, 128, 0, 14, 32, 3641 }, // U+01F2
    { 8, 16, 128, 0, 14, 32, 3673 }, // U+01F3
    { 17, 24, 304, 3, 24, 102, 3705 }, // U+01F4
    { 16, 24, 240, 0, 19, 96, 3807 }, // U+01F5
    { 8, 16, 128, 0, 14, 32, 3903 }, // U+01F6
    { 8, 16, 128, 0, 14, 32, 3935 }, // U+01F7
    { 19, 24, 304, 2, 24, 114, 3967 }, // U+01F8
    { 13, 19, 240, 2, 19, 62, 4081 }, // U+01F9
    { 16, 28, 288, 1, 28, 112, 4143 }, // U+01FA
    { 12, 24, 224, 2, 24, 72, 4255 }, // U+01FB
    { 26, 24, 384, 0, 24, 156, 4327 }, // U+01FC
    { 21, 19, 352, 2, 19, 100, 4483 }, // U+01FD
    { 20, 24, 304, 1, 24, 120, 4583 }, // U+01FE
    { 15, 19, 224, 1, 19, 72, 4703 }, // U+01FF
    { 8, 16, 128, 0, 14, 32, 4775 }, // U+0200
    { 8, 16, 128, 0, 14, 32, 4807 }, // U+0201
    { 8, 16, 128, 0, 14, 32, 4839 }, // U+0202
    { 8, 16, 128, 0, 14, 32, 4871 }, // U+0203
    { 8, 16, 128, 0, 14, 32, 4903 }, // U+0204
    { 8, 16, 128, 0, 14, 32, 4935 }, // U+0205
    { 8, 16, 128, 0, 14, 32, 4967 }, // U+0206
    { 8, 16, 128, 0, 14, 32, 4999 }, // U+0207
    { 8, 16, 128, 0, 14, 32, 5031 }, // U+0208
    { 8, 16, 128, 0, 14, 32, 5063 }, // U+0209
    { 8, 16, 128, 0, 14, 32, 5095 }, // U+020A
    { 8, 16, 128, 0, 14, 32, 5127 }, // U+020B
    { 8, 16, 128, 0, 14, 32, 5159 }, // U+020C
    { 8, 16, 128, 0, 14, 32, 5191 }, // U+020D
    { 8, 16, 128, 0, 14, 32, 5223 }, // U+020E
    { 8, 16, 128, 0, 14, 32, 5255 }, // U+020F
    { 8, 16, 128, 0, 14, 32, 5287 }, // U+0210
    { 8, 16, 128, 0, 14, 32, 5319 }, // U+0211
    { 8, 16, 128, 0, 14, 32, 5351 }, // U+0212
    { 8, 16, 128, 0, 14, 32, 5383 }, // U+0213
    { 8, 16, 128, 0, 14, 32, 5415 }, // U+0214
    { 8, 16, 128, 0, 14, 32, 5447 }, // U+0215
    { 8, 16, 128, 0, 14, 32, 5479 }, // U+0216
    { 8, 16, 128, 0, 14, 32, 5511 }, // U+0217
    { 15, 26, 272, 3, 19, 98, 5543 }, // U+0218
    { 11, 21, 208, 2, 14, 58, 5641 }, // U+0219
    { 15, 26, 240, 4, 19, 98, 5699 }, // U+021A
    { 8, 25, 144, 3, 18, 50, 5797 }, // U+021B
    { 8, 16, 128, 0, 14, 32, 5847 }, // U+021C
    { 8, 16, 128, 0, 14, 32, 5879 }, // U+021D
    { 19, 24, 304, 2, 24, 114, 5911 }, // U+021E
    { 13, 24, 240, 2, 24, 78, 6025 }, // U+021F
    { 8, 16, 128, 0, 14, 32, 0 }, // U+0300
    { 8, 16, 128, 0, 14, 32, 32 }, // U+0301
    { 8, 16, 128, 0, 14, 32, 64 }, // U+0302
    { 8, 16, 128, 0, 14, 32, 96 }, // U+0303
    { 8, 16, 128, 0, 14, 32, 128 }, // U+0304
    { 8, 16, 128, 0, 14, 32, 160 }, // U+0305
    { 8, 16, 128, 0, 14, 32, 192 }, // U+0306
    { 8, 16, 128, 0, 14, 32, 224 }, // U+0307
    { 8, 16, 128, 0, 14, 32, 256 }, // U+0308
    { 8, 16, 128, 0, 14, 32, 288 }, // U+0309
    { 8, 16, 128, 0, 14, 32, 320 }, // U+030A
    { 8, 16, 128, 0, 14, 32, 352 }, // U+030B
    { 8, 16, 128, 0, 14, 32, 384 }, // U+030C
    { 8, 16, 128, 0, 14, 32, 416 }, // U+030D
    { 8, 16, 128, 0, 14, 32, 448 }, // U+030E
    { 8, 16, 128, 0, 14, 32, 480 }, // U+030F
    { 8, 16, 128, 0, 14, 32, 512 }, // U+0310
    { 8, 16, 128, 0, 14, 32, 544 }, // U+0311
    { 8, 16, 128, 0, 14, 32, 576 }, // U+0312
    { 8, 16, 128, 0, 14, 32, 608 }, // U+0313
    { 8, 16, 128, 0, 14, 32, 640 }, // U+0314
    { 8, 16, 128, 0, 14, 32, 672 }, // U+0315
    { 8, 16, 128, 0, 14, 32, 704 }, // U+0316
    { 8, 16, 128, 0, 14, 32, 736 }, // U+0317
    { 8, 16, 128, 0, 14, 32, 768 }, // U+0318
    { 8, 16, 128, 0, 14, 32, 800 }, // U+0319
    { 8, 16, 128, 0, 14, 32, 832 }, // U+031A
    { 8, 16, 128, 0, 14, 32, 864 }, // U+031B
    { 8, 16, 128, 0, 14, 32, 896 }, // U+031C
    { 8, 16, 128, 0, 14, 32, 928 }, // U+031D
    { 8, 16, 128, 0, 14, 32, 960 }, // U+031E
    { 8, 16, 128, 0, 14, 32, 992 }, // U+031F
    { 8, 16, 128, 0, 14, 32, 1024 }, // U+0320
    { 8, 16, 128, 0, 14, 32, 1056 }, // U+0321
    { 8, 16, 128, 0, 14, 32, 1088 }, // U+0322
    { 8, 16, 128, 0, 14, 32, 1120 }, // U+0323
    { 8, 16, 128, 0, 14, 32, 1152 }, // U+0324
    { 8, 16, 128, 0, 14, 32, 1184 }, // U+0325
    { 8, 16, 128, 0, 14, 32, 1216 }, // U+0326
    { 8, 16, 128, 0, 14, 32, 1248 }, // U+0327
    { 8, 16, 128, 0, 14, 32, 1280 }, // U+0328
    { 8, 16, 128, 0, 14, 32, 1312 }, // U+0329
    { 8, 16, 128, 0, 14, 32, 1344 }, // U+032A
    { 8, 16, 128, 0, 14, 32, 1376 }, // U+032B
    { 8, 16, 128, 0, 14, 32, 1408 }, // U+032C
    { 8, 16, 128, 0, 14, 32, 1440 }, // U+032D
    { 8, 16, 128, 0, 14, 32, 1472 }, // U+032E
    { 8, 16, 128, 0, 14, 32, 1504 }, // U+032F
    { 8, 16, 128, 0, 14, 32, 1536 }, // U+0330
    { 8, 16, 128, 0, 14, 32, 1568 }, // U+0331
    { 8, 16, 128, 0, 14, 32, 1600 }, // U+0332
    { 8, 16, 128, 0, 14, 32, 1632 }, // U+0333
    { 8, 16, 128, 0, 14, 32, 1664 }, // U+0334
    { 8, 16, 128, 0, 14, 32, 1696 }, // U+0335
    { 8, 16, 128, 0, 14, 32, 1728 }, // U+0336
    { 8, 16, 128, 0, 14, 32, 1760 }, // U+0337
    { 8, 16, 128, 0, 14, 32, 1792 }, // U+0338
    { 8, 16, 128, 0, 14, 32, 1824 }, // U+0339
    { 8, 16, 128, 0, 14, 32, 1856 }, // U+033A
    { 8, 16, 128, 0, 14, 32, 1888 }, // U+033B
    { 8, 16, 128, 0, 14, 32, 1920 }, // U+033C
    { 8, 16, 128, 0, 14, 32, 1952 }, // U+033D
    { 8, 16, 128, 0, 14, 32, 1984 }, // U+033E
    { 8, 16, 128, 0, 14, 32, 2016 }, // U+033F
    { 8, 16, 128, 0, 14, 32, 2048 }, // U+0340
    { 8, 16, 128, 0, 14, 32, 2080 }, // U+0341
    { 8, 16, 128, 0, 14, 32, 2112 }, // U+0342
    { 8, 16, 128, 0, 14, 32, 2144 }, // U+0343
    { 8, 16, 128, 0, 14, 32, 2176 }, // U+0344
    { 8, 16, 128, 0, 14, 32, 2208 }, // U+0345
    { 8, 16, 128, 0, 14, 32, 2240 }, // U+0346
    { 8, 16, 128, 0, 14, 32, 2272 }, // U+0347
    { 8, 16, 128, 0, 14, 32, 2304 }, // U+0348
    { 8, 16, 128, 0, 14, 32, 2336 }, // U+0349
    { 8, 16, 128, 0, 14, 32, 2368 }, // U+034A
    { 8, 16, 128, 0, 14, 32, 2400 }, // U+034B
    { 8, 16, 128, 0, 14, 32, 2432 }, // U+034C
    { 8, 16, 128, 0, 14, 32, 2464 }, // U+034D
    { 8, 16, 128, 0, 14, 32, 2496 }, // U+034E
    { 16, 16, 256, 0, 14, 64, 2528 }, // U+034F
    { 8, 16, 128, 0, 14, 32, 2592 }, // U+0350
    { 8, 16, 128, 0, 14, 32, 2624 }, // U+0351
    { 8, 16, 128, 0, 14, 32, 2656 }, // U+0352
    { 8, 16, 128, 0, 14, 32, 2688 }, // U+0353
    { 8, 16, 128, 0, 14, 32, 2720 }, // U+0354
    { 8, 16, 128, 0, 14, 32, 2752 }, // U+0355
    { 8, 16, 128, 0, 14, 32, 2784 }, // U+0356
    { 8, 16, 128, 0, 14, 32, 2816 }, // U+0357
    { 8, 16, 128, 0, 14, 32, 2848 }, // U+0358
    { 8, 16, 128, 0, 14, 32, 2880 }, // U+0359
    { 8, 16, 128, 0, 14, 32, 2912 }, // U+035A
    { 8, 16, 128, 0, 14, 32, 2944 }, // U+035B
    { 16, 16, 256, 0, 14, 64, 2976 }, // U+035C
    { 16, 16, 256, 0, 14, 64, 3040 }, // U+035D
    { 16, 16, 256, 0, 14, 64, 3104 }, // U+035E
    { 16, 16, 256, 0, 14, 64, 3168 }, // U+035F
    { 16, 16, 256, 0, 14, 64, 3232 }, // U+0360
    { 16, 16, 256, 0, 14, 64, 3296 }, // U+0361
    { 16, 16, 256, 0, 14, 64, 3360 }, // U+0362
    { 8, 16, 128, 0, 14, 32, 3424 }, // U+0363
    { 8, 16, 128, 0, 14, 32, 3456 }, // U+0364
    { 8, 16, 128, 0, 14, 32, 3488 }, // U+0365
    { 8, 16, 128, 0, 14, 32, 3520 }, // U+0366
    { 8, 16, 128, 0, 14, 32, 3552 }, // U+0367
    { 8, 16, 128, 0, 14, 32, 3584 }, // U+0368
    { 8, 16, 128, 0, 14, 32, 3616 }, // U+0369
    { 8, 16, 128, 0, 14, 32, 3648 }, // U+036A
    { 8, 16, 128, 0, 14, 32, 3680 }, // U+036B
    { 8, 16, 128, 0, 14, 32, 3712 }, // U+036C
    { 8, 16, 128, 0, 14, 32, 3744 }, // U+036D
    { 8, 16, 128, 0, 14, 32, 3776 }, // U+036E
    { 8, 16, 128, 0, 14, 32, 3808 }, // U+036F
    { 8, 16, 128, 0, 14, 32, 0 }, // U+0400
    { 8, 16, 128, 0, 14, 32, 32 }, // U+0401
    { 8, 16, 128, 0, 14, 32, 64 }, // U+0402
    { 8, 16, 128, 0, 14, 32, 96 }, // U+0403
    { 8, 16, 128, 0, 14, 32, 128 }, // U+0404
    { 8, 16, 128, 0, 14, 32, 160 }, // U+0405
    { 8, 16, 128, 0, 14, 32, 192 }, // U+0406
    { 8, 16, 128, 0, 14, 32, 224 }, // U+0407
    { 8, 16, 128, 0, 14, 32, 256 }, // U+0408
    { 8, 16, 128, 0, 14, 32, 288 }, // U+0409
    { 8, 16, 128, 0, 14, 32, 320 }, // U+040A
    { 8, 16, 128, 0, 14, 32, 352 }, // U+040B
    { 8, 16, 128, 0, 14, 32, 384 }, // U+040C
    { 8, 16, 128, 0, 14, 32, 416 }, // U+040D
    { 8, 16, 128, 0, 14, 32, 448 }, // U+040E
    { 8, 16, 128, 0, 14, 32, 480 }, // U+040F
    { 8, 16, 128, 0, 14, 32, 512 }, // U+0410
    { 8, 16, 128, 0, 14, 32, 544 }, // U+0411
    { 8, 16, 128, 0, 14, 32, 576 }, // U+0412
    { 8, 16, 128, 0, 14, 32, 608 }, // U+0413
    { 8, 16, 128, 0, 14, 32, 640 }, // U+0414
    { 8, 16, 128, 0, 14, 32, 672 }, // U+0415
    { 8, 16, 128, 0, 14, 32, 704 }, // U+0416
    { 8, 16, 128, 0, 14, 32, 736 }, // U+0417
    { 8, 16, 128, 0, 14, 32, 768 }, // U+0418
    { 8, 16, 128, 0, 14, 32, 800 }, // U+0419
    { 8, 16, 128, 0, 14, 32, 832 }, // U+041A
    { 8, 16, 128, 0, 14, 32, 864 }, // U+041B
    { 8, 16, 128, 0, 14, 32, 896 }, // U+041C
    { 8, 16, 128, 0, 14, 32, 928 }, // U+041D
    { 8, 16, 128, 0, 14, 32, 960 }, // U+041E
    { 8, 16, 128, 0, 14, 32, 992 }, // U+041F
    { 8, 16, 128, 0, 14, 32, 1024 }, // U+0420
    { 8, 16, 128, 0, 14, 32, 1056 }, // U+0421
    { 8, 16, 128, 0, 14, 32, 1088 }, // U+0422
    { 8, 16, 128, 0, 14, 32, 1120 }, // U+0423
    { 8, 16, 128, 0, 14, 32, 1152 }, // U+0424
    { 8, 16, 128, 0, 14, 32, 1184 }, // U+0425
    { 8, 16, 128, 0, 14, 32, 1216 }, // U+0426
    { 8, 16, 128, 0, 14, 32, 1248 }, // U+0427
    { 8, 16, 128, 0, 14, 32, 1280 }, // U+0428
    { 8, 16, 128, 0, 14, 32, 1312 }, // U+0429
    { 8, 16, 128, 0, 14, 32, 1344 }, // U+042A
    { 8, 16, 128, 0, 14, 32, 1376 }, // U+042B
    { 8, 16, 128, 0, 14, 32, 1408 }, // U+042C
    { 8, 16, 128, 0, 14, 32, 1440 }, // U+042D
    { 8, 16, 128, 0, 14, 32, 1472 }, // U+042E
    { 8, 16, 128, 0, 14, 32, 1504 }, // U+042F
    { 8, 16, 128, 0, 14, 32, 1536 }, // U+0430
    { 8, 16, 128, 0, 14, 32, 1568 }, // U+0431
    { 8, 16, 128, 0, 14, 32, 1600 }, // U+0432
    { 8, 16, 128, 0, 14, 32, 1632 }, // U+0433
    { 8, 16, 128, 0, 14, 32, 1664 }, // U+0434
    { 8, 16, 128, 0, 14, 32, 1696 }, // U+0435
    { 8, 16, 128, 0, 14, 32, 1728 }, // U+0436
    { 8, 16, 128, 0, 14, 32, 1760 }, // U+0437
    { 8, 16, 128, 0, 14, 32, 1792 }, // U+0438
    { 8, 16, 128, 0, 14, 32, 1824 }, // U+0439
    { 8, 16, 128, 0, 14, 32, 1856 }, // U+043A
    { 8, 16, 128, 0, 14, 32, 1888 }, // U+043B
    { 8, 16, 128, 0, 14, 32, 1920 }, // U+043C
    { 8, 16, 128, 0, 14, 32, 1952 }, // U+043D
    { 8, 16, 128, 0, 14, 32, 1984 }, // U+043E
    { 8, 16, 128, 0, 14, 32, 2016 }, // U+043F
    { 8, 16, 128, 0, 14, 32, 2048 }, // U+0440
    { 8, 16, 128, 0, 14, 32, 2080 }, // U+0441
    { 8, 16, 128, 0, 14, 32, 2112 }, // U+0442
    { 8, 16, 128, 0, 14, 32, 2144 }, // U+0443
    { 8, 16, 128, 0, 14, 32, 2176 }, // U+0444
    { 8, 16, 128, 0, 14, 32, 2208 }, // U+0445
    { 8, 16, 128, 0, 14, 32, 2240 }, // U+0446
    { 8, 16, 128, 0, 14, 32, 2272 }, // U+0447
    { 8, 16, 128, 0, 14, 32, 2304 }, // U+0448
    { 8, 16, 128, 0, 14, 32, 2336 }, // U+0449
    { 8, 16, 128, 0, 14, 32, 2368 }, // U+044A
    { 8, 16, 128, 0, 14, 32, 2400 }, // U+044B
    { 8, 16, 128, 0, 14, 32, 2432 }, // U+044C
    { 8, 16, 128, 0, 14, 32, 2464 }, // U+044D
    { 8, 16, 128, 0, 14, 32, 2496 }, // U+044E
    { 8, 16, 128, 0, 14, 32, 2528 }, // U+044F
    { 8, 16, 128, 0, 14, 32, 2560 }, // U+0450
    { 8, 16, 128, 0, 14, 32, 2592 }, // U+0451
    { 8, 16, 128, 0, 14, 32, 2624 }, // U+0452
    { 8, 16, 128, 0, 14, 32, 2656 }, // U+0453
    { 8, 16, 128, 0, 14, 32, 2688 }, // U+0454
    { 8, 16, 128, 0, 14, 32, 2720 }, // U+0455
    { 8, 16, 128, 0, 14, 32, 2752 }, // U+0456
    { 8, 16, 128, 0, 14, 32, 2784 }, // U+0457
    { 8, 16, 128, 0, 14, 32, 2816 }, // U+0458
    { 8, 16, 128, 0, 14, 32, 2848 }, // U+0459
    { 8, 16, 128, 0, 14, 32, 2880 }, // U+045A
    { 8, 16, 128, 0, 14, 32, 2912 }, // U+045B
    { 8, 16, 128, 0, 14, 32, 2944 }, // U+045C
    { 8, 16, 128, 0, 14, 32, 2976 }, // U+045D
    { 8, 16, 128, 0, 14, 32, 3008 }, // U+045E
    { 8, 16, 128, 0, 14, 32, 3040 }, // U+045F
    { 8, 16, 128, 0, 14, 32, 3072 }, // U+0460
    { 8, 16, 128, 0, 14, 32, 3104 }, // U+0461
    { 8, 16, 128, 0, 14, 32, 3136 }, // U+0462
    { 8, 16, 128, 0, 14, 32, 3168 }, // U+0463
    { 8, 16, 128, 0, 14, 32, 3200 }, // U+0464
    { 8, 16, 128, 0, 14, 32, 3232 }, // U+0465
    { 8, 16, 128, 0, 14, 32, 3264 }, // U+0466
    { 8, 16, 128, 0, 14, 32, 3296 }, // U+0467
    { 8, 16, 128, 0, 14, 32, 3328 }, // U+0468
    { 8, 16, 128, 0, 14, 32, 3360 }, // U+0469
    { 8, 16, 128, 0, 14, 32, 3392 }, // U+046A
    { 8, 16, 128, 0, 14, 32, 3424 }, // U+046B
    { 8, 16, 128, 0, 14, 32, 3456 }, // U+046C
    { 8, 16, 128, 0, 14, 32, 3488 }, // U+046D
    { 8, 16, 128, 0, 14, 32, 3520 }, // U+046E
    { 8, 16, 128, 0, 14, 32, 3552 }, // U+046F
    { 8, 16, 128, 0, 14, 32, 3584 }, // U+0470
    { 8, 16, 128, 0, 14, 32, 3616 }, // U+0471
    { 8, 16, 128, 0, 14, 32, 3648 }, // U+0472
    { 8, 16, 128, 0, 14, 32, 3680 }, // U+0473
    { 8, 16, 128, 0, 14, 32, 3712 }, // U+0474
    { 8, 16, 128, 0, 14, 32, 3744 }, // U+0475
    { 8, 16, 128, 0, 14, 32, 3776 }, // U+0476
    { 8, 16, 128, 0, 14, 32, 3808 }, // U+0477
    { 8, 16, 128, 0, 14, 32, 3840 }, // U+0478
    { 8, 16, 128, 0, 14, 32, 3872 }, // U+0479
    { 8, 16, 128, 0, 14, 32, 3904 }, // U+047A
    { 8, 16, 128, 0, 14, 32, 3936 }, // U+047B
    { 8, 16, 128, 0, 14, 32, 3968 }, // U+047C
    { 8, 16, 128, 0, 14, 32, 4000 }, // U+047D
    { 8, 16, 128, 0, 14, 32, 4032 }, // U+047E
    { 8, 16, 128, 0, 14, 32, 4064 }, // U+047F
    { 8, 16, 128, 0, 14, 32, 4096 }, // U+0480
    { 8, 16, 128, 0, 14, 32, 4128 }, // U+0481
    { 8, 16, 128, 0, 14, 32, 4160 }, // U+0482
    { 8, 16, 128, 0, 14, 32, 4192 }, // U+0483
    { 8, 16, 128, 0, 14, 32, 4224 }, // U+0484
    { 8, 16, 128, 0, 14, 32, 4256 }, // U+0485
    { 8, 16, 128, 0, 14, 32, 4288 }, // U+0486
    { 8, 16, 128, 0, 14, 32, 4320 }, // U+0487
    { 16, 16, 256, 0, 14, 64, 4352 }, // U+0488
    { 16, 16, 256, 0, 14, 64, 4416 }, // U+0489
    { 8, 16, 128, 0, 14, 32, 4480 }, // U+048A
    { 8, 16, 128, 0, 14, 32, 4512 }, // U+048B
    { 8, 16, 128, 0, 14, 32, 4544 }, // U+048C
    { 8, 16, 128, 0, 14, 32, 4576 }, // U+048D
    { 8, 16, 128, 0, 14, 32, 4608 }, // U+048E
    { 8, 16, 128, 0, 14, 32, 4640 }, // U+048F
    { 8, 16, 128, 0, 14, 32, 4672 }, // U+0490
    { 8, 16, 128, 0, 14, 32, 4704 }, // U+0491
    { 8, 16, 128, 0, 14, 32, 4736 }, // U+0492
    { 8, 16, 128, 0, 14, 32, 4768 }, // U+0493
    { 8, 16, 128, 0, 14, 32, 4800 }, // U+0494
    { 8, 16, 128, 0, 14, 32, 4832 }, // U+0495
    { 8, 16, 128, 0, 14, 32, 4864 }, // U+0496
    { 8, 16, 128, 0, 14, 32, 4896 }, // U+0497
    { 8, 16, 128, 0, 14, 32, 4928 }, // U+0498
    { 8, 16, 128, 0, 14, 32, 4960 }, // U+0499
    { 8, 16, 128, 0, 14, 32, 4992 }, // U+049A
    { 8, 16, 128, 0, 14, 32, 5024 }, // U+049B
    { 8, 16, 128, 0, 14, 32, 5056 }, // U+049C
    { 8, 16, 128, 0, 14, 32, 5088 }, // U+049D
    { 8, 16, 128, 0, 14, 32, 5120 }, // U+049E
    { 8, 16, 128, 0, 14, 32, 5152 }, // U+049F
    { 8, 16, 128, 0, 14, 32, 5184 }, // U+04A0
    { 8, 16, 128, 0, 14, 32, 5216 }, // U+04A1
    { 8, 16, 128, 0, 14, 32, 5248 }, // U+04A2
    { 8, 16, 128, 0, 14, 32, 5280 }, // U+04A3
    { 8, 16, 128, 0, 14, 32, 5312 }, // U+04A4
    { 8, 16, 128, 0, 14, 32, 5344 }, // U+04A5
    { 8, 16, 128, 0, 14, 32, 5376 }, // U+04A6
    { 8, 16, 128, 0, 14, 32, 5408 }, // U+04A7
    { 8, 16, 128, 0, 14, 32, 5440 }, // U+04A8
    { 8, 16, 128, 0, 14, 32, 5472 }, // U+04A9
    { 8, 16, 128, 0, 14, 32, 5504 }, // U+04AA
    { 8, 16, 128, 0, 14, 32, 5536 }, // U+04AB
    { 8, 16, 128, 0, 14, 32, 5568 }, // U+04AC
    { 8, 16, 128, 0, 14, 32, 5600 }, // U+04AD
    { 8, 16, 128, 0, 14, 32, 5632 }, // U+04AE
    { 8, 16, 128, 0, 14, 32, 5664 }, // U+04AF
    { 8, 16, 128, 0, 14, 32, 5696 }, // U+04B0
    { 8, 16, 128, 0, 14, 32, 5728 }, // U+04B1
    { 8, 16, 128, 0, 14, 32, 5760 }, // U+04B2
    { 8, 16, 128, 0, 14, 32, 5792 }, // U+04B3
    { 8, 16, 128, 0, 14, 32, 5824 }, // U+04B4
    { 8, 16, 128, 0, 14, 32, 5856 }, // U+04B5
    { 8, 16, 128, 0, 14, 32, 5888 }, // U+04B6
    { 8, 16, 128, 0, 14, 32, 5920 }, // U+04B7
    { 8, 16, 128, 0, 14, 32, 5952 }, // U+04B8
    { 8, 16, 128, 0, 14, 32, 5984 }, // U+04B9
    { 8, 16, 128, 0, 14, 32, 6016 }, // U+04BA
    { 8, 16, 128, 0, 14, 32, 6048 }, // U+04BB
    { 8, 16, 128, 0, 14, 32, 6080 }, // U+04BC
    { 8, 16, 128, 0, 14, 32, 6112 }, // U+04BD
    { 8, 16, 128, 0, 14, 32, 6144 }, // U+04BE
    { 8, 16, 128, 0, 14, 32, 6176 }, // U+04BF
    { 8, 16, 128, 0, 14, 32, 6208 }, // U+04C0
    { 8, 16, 128, 0, 14, 32, 6240 }, // U+04C1
    { 8, 16, 128, 0, 14, 32, 6272 }, // U+04C2
    { 8, 16, 128, 0, 14, 32, 6304 }, // U+04C3
    { 8, 16, 128, 0, 14, 32, 6336 }, // U+04C4
    { 8, 16, 128, 0, 14, 32, 6368 }, // U+04C5
    { 8, 16, 128, 0, 14, 32, 6400 }, // U+04C6
    { 8, 16, 128, 0, 14, 32, 6432 }, // U+04C7
    { 8, 16, 128, 0, 14, 32, 6464 }, // U+04C8
    { 8, 16, 128, 0, 14, 32, 6496 }, // U+04C9
    { 8, 16, 128, 0, 14, 32, 6528 }, // U+04CA
    { 8, 16, 128, 0, 14, 32, 6560 }, // U+04CB
    { 8, 16, 128, 0, 14, 32, 6592 }, // U+04CC
    { 8, 16, 128, 0, 14, 32, 6624 }, // U+04CD
    { 8, 16, 128, 0, 14, 32, 6656 }, // U+04CE
    { 8, 16, 128, 0, 14, 32, 6688 }, // U+04CF
    { 8, 16, 128, 0, 14, 32, 6720 }, // U+04D0
    { 8, 16, 128, 0, 14, 32, 6752 }, // U+04D1
    { 8, 16, 128, 0, 14, 32, 6784 }, // U+04D2
    { 8, 16, 128, 0, 14, 32, 6816 }, // U+04D3
    { 8, 16, 128, 0, 14, 32, 6848 }, // U+04D4
    { 8, 16, 128, 0, 14, 32, 6880 }, // U+04D5
    { 8, 16, 128, 0, 14, 32, 6912 }, // U+04D6
    { 8, 16, 128, 0, 14, 32, 6944 }, // U+04D7
    { 8, 16, 128, 0, 14, 32, 6976 }, // U+04D8
    { 8, 16, 128, 0, 14, 32, 7008 }, // U+04D9
    { 8, 16, 128, 0, 14, 32, 7040 }, // U+04DA
    { 8, 16, 128, 0, 14, 32, 7072 }, // U+04DB
    { 8, 16, 128, 0, 14, 32, 7104 }, // U+04DC
    { 8, 16, 128, 0, 14, 32, 7136 }, // U+04DD
    { 8, 16, 128, 0, 14, 32, 7168 }, // U+04DE
    { 8, 16, 128, 0, 14, 32, 7200 }, // U+04DF
    { 8, 16, 128, 0, 14, 32, 7232 }, // U+04E0
    { 8, 16, 128, 0, 14, 32, 7264 }, // U+04E1
    { 8, 16, 128, 0, 14, 32, 7296 }, // U+04E2
    { 8, 16, 128, 0, 14, 32, 7328 }, // U+04E3
    { 8, 16, 128, 0, 14, 32, 7360 }, // U+04E4
    { 8, 16, 128, 0, 14, 32, 7392 }, // U+04E5
    { 8, 16, 128, 0, 14, 32, 7424 }, // U+04E6
    { 8, 16, 128, 0, 14, 32, 7456 }, // U+04E7
    { 8, 16, 128, 0, 14, 32, 7488 }, // U+04E8
    { 8, 16, 128, 0, 14, 32, 7520 }, // U+04E9
    { 8, 16, 128, 0, 14, 32, 7552 }, // U+04EA
    { 8, 16, 128, 0, 14, 32, 7584 }, // U+04EB
    { 8, 16, 128, 0, 14, 32, 7616 }, // U+04EC
    { 8, 16, 128, 0, 14, 32, 7648 }, // U+04ED
    { 8, 16, 128, 0, 14, 32, 7680 }, // U+04EE
    { 8, 16, 128, 0, 14, 32, 7712 }, // U+04EF
    { 8, 16, 128, 0, 14, 32, 7744 }, // U+04F0
    { 8, 16, 128, 0, 14, 32, 7776 }, // U+04F1
    { 8, 16, 128, 0, 14, 32, 7808 }, // U+04F2
    { 8, 16, 128, 0, 14, 32, 7840 }, // U+04F3
    { 8, 16, 128, 0, 14, 32, 7872 }, // U+04F4
    { 8, 16, 128, 0, 14, 32, 7904 }, // U+04F5
    { 8, 16, 128, 0, 14, 32, 7936 }, // U+04F6
    { 8, 16, 128, 0, 14, 32, 7968 }, // U+04F7
    { 8, 16, 128, 0, 14, 32, 8000 }, // U+04F8
    { 8, 16, 128, 0, 14, 32, 8032 }, // U+04F9
    { 8, 16, 128, 0, 14, 32, 8064 }, // U+04FA
    { 8, 16, 128, 0, 14, 32, 8096 }, // U+04FB
    { 8, 16, 128, 0, 14, 32, 8128 }, // U+04FC
    { 8, 16, 128, 0, 14, 32, 8160 }, // U+04FD
    { 8, 16, 128, 0, 14, 32, 8192 }, // U+04FE
    { 8, 16, 128, 0, 14, 32, 8224 }, // U+04FF
    { 16, 22, 288, 1, 19, 88, 0 }, // U+1EA0
    { 12, 17, 224, 2, 14, 51, 88 }, // U+1EA1
    { 8, 16, 128, 0, 14, 32, 139 }, // U+1EA2
    { 8, 16, 128, 0, 14, 32, 171 }, // U+1EA3
    { 17, 29, 288, 1, 29, 124, 203 }, // U+1EA4
    { 12, 24, 224, 2, 24, 72, 327 }, // U+1EA5
    { 17, 29, 288, 1, 29, 124, 399 }, // U+1EA6
    { 12, 24, 224, 2, 24, 72, 523 }, // U+1EA7
    { 8, 16, 128, 0, 14, 32, 595 }, // U+1EA8
    { 8, 16, 128, 0, 14, 32, 627 }, // U+1EA9
    { 17, 28, 288, 1, 28, 119, 659 }, // U+1EAA
    { 12, 23, 224, 2, 23, 69, 778 }, // U+1EAB
    { 16, 27, 288, 1, 24, 108, 847 }, // U+1EAC
    { 12, 22, 224, 2, 19, 66, 955 }, // U+1EAD
    { 16, 29, 288, 1, 29, 116, 1021 }, // U+1EAE
    { 12, 24, 224, 2, 24, 72, 1137 }, // U+1EAF
    { 16, 29, 288, 1, 29, 116, 1209 }, // U+1EB0
    { 12, 24, 224, 2, 24, 72, 1325 }, // U+1EB1
    { 8, 16, 128, 0, 14, 32, 1397 }, // U+1EB2
    { 8, 16, 128, 0, 14, 32, 1429 }, // U+1EB3
    { 16, 28, 288, 1, 28, 112, 1461 }, // U+1EB4
    { 12, 23, 224, 2, 23, 69, 1573 }, // U+1EB5
    { 16, 27, 288, 1, 24, 108, 1642 }, // U+1EB6
    { 12, 22, 224, 2, 19, 66, 1750 }, // U+1EB7
    { 16, 22, 256, 2, 19, 88, 1816 }, // U+1EB8
    { 13, 17, 224, 2, 14, 56, 1904 }, // U+1EB9
    { 8, 16, 128, 0, 14, 32, 1960 }, // U+1EBA
    { 8, 16, 128, 0, 14, 32, 1992 }, // U+1EBB
    { 16, 23, 256, 2, 23, 92, 2024 }, // U+1EBC
    { 13, 18, 224, 2, 18, 59, 2116 }, // U+1EBD
    { 16, 29, 256, 2, 29, 116, 2175 }, // U+1EBE
    { 13, 24, 224, 2, 24, 78, 2291 }, // U+1EBF
    { 16, 29, 256, 2, 29, 116, 2369 }, // U+1EC0
    { 13, 24, 224, 2, 24, 78, 2485 }, // U+1EC1
    { 8, 16, 128, 0, 14, 32, 2563 }, // U+1EC2
    { 8, 16, 128, 0, 14, 32, 2595 }, // U+1EC3
    { 16, 28, 256, 2, 28, 112, 2627 }, // U+1EC4
    { 13, 23, 224, 2, 23, 75, 2739 }, // U+1EC5
    { 16, 27, 256, 2, 24, 108, 2814 }, // U+1EC6
    { 13, 22, 224, 2, 19, 72, 2922 }, // U+1EC7
    { 8, 16, 128, 0, 14, 32, 2994 }, // U+1EC8
    { 8, 16, 128, 0, 14, 32, 3026 }, // U+1EC9
    { 7, 22, 112, 2, 19, 39, 3058 }, // U+1ECA
    { 7, 22, 112, 2, 19, 39, 3097 }, // U+1ECB
    { 17, 22, 304, 3, 19, 94, 3136 }, // U+1ECC
    { 13, 17, 224, 2, 14, 56, 3230 }, // U+1ECD
    { 8, 16, 128, 0, 14, 32, 3286 }, // U+1ECE
    { 8, 16, 128, 0, 14, 32, 3318 }, // U+1ECF
    { 17, 29, 304, 3, 29, 124, 3350 }, // U+1ED0
    { 13, 24, 224, 2, 24, 78, 3474 }, // U+1ED1
    { 17, 29, 304, 3, 29, 124, 3552 }, // U+1ED2
    { 13, 24, 224, 2, 24, 78, 3676 }, // U+1ED3
    { 8, 16, 128, 0, 14, 32, 3754 }, // U+1ED4
    { 8, 16, 128, 0, 14, 32, 3786 }, // U+1ED5
    { 17, 28, 304, 3, 28, 119, 3818 }, // U+1ED6
    { 13, 23, 224, 2, 23, 75, 3937 }, // U+1ED7
    { 17, 27, 304, 3, 24, 115, 4012 }, // U+1ED8
    { 13, 22, 224, 2, 19, 72, 4127 }, // U+1ED9
    { 20, 24, 304, 3, 24, 120, 4199 }, // U+1EDA
    { 17, 19, 224, 2, 19, 81, 4319 }, // U+1EDB
    { 20, 24, 304, 3, 24, 120, 4400 }, // U+1EDC
    { 17, 19, 224, 2, 19, 81, 4520 }, // U+1EDD
    { 8, 16, 128, 0, 14, 32, 4601 }, // U+1EDE
    { 8, 16, 128, 0, 14, 32, 4633 }, // U+1EDF
    { 20, 23, 304, 3, 23, 115, 4665 }, // U+1EE0
    { 17, 18, 224, 2, 18, 77, 4780 }, // U+1EE1
    { 20, 22, 304, 3, 19, 110, 4857 }, // U+1EE2
    { 17, 17, 224, 2, 14, 73, 4967 }, // U+1EE3
    { 18, 22, 304, 3, 19, 99, 5040 }, // U+1EE4
    { 13, 17, 240, 3, 14, 56, 5139 }, // U+1EE5
    { 8, 16, 128, 0, 14, 32, 5195 }, // U+1EE6
    { 8, 16, 128, 0, 14, 32, 5227 }, // U+1EE7
    { 21, 24, 304, 3, 24, 126, 5259 }, // U+1EE8
    { 17, 19, 240, 3, 19, 81, 5385 }, // U+1EE9
    { 21, 24, 304, 3, 24, 126, 5466 }, // U+1EEA
    { 17, 19, 240, 3, 19, 81, 5592 }, // U+1EEB
    { 8, 16, 128, 0, 14, 32, 5673 }, // U+1EEC
    { 8, 16, 128, 0, 14, 32, 5705 }, // U+1EED
    { 21, 23, 304, 3, 23, 121, 5737 }, // U+1EEE
    { 17, 18, 240, 3, 18, 77, 5858 }, // U+1EEF
    { 21, 22, 304, 3, 19, 116, 5935 }, // U+1EF0
    { 17, 17, 240, 3, 14, 73, 6051 }, // U+1EF1
    { 15, 24, 272, 5, 24, 90, 6124 }, // U+1EF2
    { 14, 24, 224, 2, 19, 84, 6214 }, // U+1EF3
    { 15, 22, 272, 5, 19, 83, 6298 }, // U+1EF4
    { 14, 22, 224, 2, 14, 77, 6381 }, // U+1EF5
    { 8, 16, 128, 0, 14, 32, 6458 }, // U+1EF6
    { 8, 16, 128, 0, 14, 32, 6490 }, // U+1EF7
    { 15, 23, 272, 5, 23, 87, 6522 }, // U+1EF8
    { 14, 23, 224, 2, 18, 81, 6609 }, // U+1EF9
    { 1, 1, 208, 0, 1, 1, 0 }, // U+2000
    { 1, 1, 400, 0, 1, 1, 1 }, // U+2001
    { 1, 1, 208, 0, 1, 1, 2 }, // U+2002
    { 1, 1, 400, 0, 1, 1, 3 }, // U+2003
    { 1, 1, 128, 0, 1, 1, 4 }, // U+2004
    { 1, 1, 96, 0, 1, 1, 5 }, // U+2005
    { 1, 1, 64, 0, 1, 1, 6 }, // U+2006
    { 1, 1, 208, 0, 1, 1, 7 }, // U+2007
    { 1, 1, 112, 0, 1, 1, 8 }, // U+2008
    { 1, 1, 80, 0, 1, 1, 9 }, // U+2009
    { 1, 1, 48, 0, 1, 1, 10 }, // U+200A
    { 1, 1, 0, 0, 1, 1, 11 }, // U+200B
    { 16, 16, 256, 0, 14, 64, 12 }, // U+200C
    { 16, 16, 256, 0, 14, 64, 76 }, // U+200D
    { 16, 16, 256, 0, 14, 64, 140 }, // U+200E
    { 16, 16, 256, 0, 14, 64, 204 }, // U+200F
    { 6, 3, 128, 2, 8, 5, 268 }, // U+2010
    { 6, 3, 128, 2, 8, 5, 273 }, // U+2011
    { 14, 2, 224, 1, 8, 7, 278 }, // U+2012
    { 14, 2, 224, 1, 8, 7, 285 }, // U+2013
    { 25, 2, 400, 1, 8, 13, 292 }, // U+2014
    { 25, 2, 400, 1, 8, 13, 305 }, // U+2015
    { 8, 16, 128, 0, 14, 32, 318 }, // U+2016
    { 8, 16, 128, 0, 14, 32, 350 }, // U+2017
    { 5, 6, 112, 5, 19, 8, 382 }, // U+2018
    { 5, 6, 112, 4, 19, 8, 390 }, // U+2019
    { 6, 5, 112, 0, 2, 8, 398 }, // U+201A
    { 5, 6, 112, 4, 19, 8, 406 }, // U+201B
    { 11, 5, 192, 4, 19, 14, 414 }, // U+201C
    { 11, 5, 192, 4, 19, 14, 428 }, // U+201D
    { 11, 5, 192, 0, 2, 14, 442 }, // U+201E
    { 11, 5, 192, 4, 19, 14, 456 }, // U+201F
    { 13, 24, 224, 3, 19, 78, 470 }, // U+2020
    { 16, 24, 224, 0, 19, 96, 548 }, // U+2021
    { 6, 5, 144, 3, 10, 8, 644 }, // U+2022
    { 8, 16, 128, 0, 14, 32, 652 }, // U+2023
    { 8, 16, 128, 0, 14, 32, 684 }, // U+2024
    { 8, 16, 128, 0, 14, 32, 716 }, // U+2025
    { 19, 3, 384, 3, 3, 15, 748 }, // U+2026
    { 8, 16, 128, 0, 14, 32, 763 }, // U+2027
    { 16, 16, 256, 0, 14, 64, 795 }, // U+2028
    { 16, 16, 256, 0, 14, 64, 859 }, // U+2029
    { 16, 16, 256, 0, 14, 64, 923 }, // U+202A
    { 16, 16, 256, 0, 14, 64, 987 }, // U+202B
    { 16, 16, 256, 0, 14, 64, 1051 }, // U+202C
    { 16, 16, 256, 0, 14, 64, 1115 }, // U+202D
    { 16, 16, 256, 0, 14, 64, 1179 }, // U+202E
    { 8, 16, 128, 0, 14, 32, 1243 }, // U+202F
    { 23, 18, 384, 1, 18, 104, 1275 }, // U+2030
    { 8, 16, 128, 0, 14, 32, 1379 }, // U+2031
    { 8, 16, 128, 0, 14, 32, 1411 }, // U+2032
    { 8, 16, 128, 0, 14, 32, 1443 }, // U+2033
    { 8, 16, 128, 0, 14, 32, 1475 }, // U+2034
    { 8, 16, 128, 0, 14, 32, 1507 }, // U+2035
    { 8, 16, 128, 0, 14, 32, 1539 }, // U+2036
    { 8, 16, 128, 0, 14, 32, 1571 }, // U+2037
    { 8, 16, 128, 0, 14, 32, 1603 }, // U+2038
    { 6, 8, 128, 3, 11, 12, 1635 }, // U+2039
    { 6, 8, 128, 2, 11, 12, 1647 }, // U+203A
    { 8, 16, 128, 0, 14, 32, 1659 }, // U+203B
    { 8, 16, 128, 0, 14, 32, 1691 }, // U+203C
    { 8, 16, 128, 0, 14, 32, 1723 }, // U+203D
    { 8, 16, 128, 0, 14, 32, 1755 }, // U+203E
    { 8, 16, 128, 0, 14, 32, 1787 }, // U+203F
    { 8, 16, 128, 0, 14, 32, 1819 }, // U+2040
    { 8, 16, 128, 0, 14, 32, 1851 }, // U+2041
    { 8, 16, 128, 0, 14, 32, 1883 }, // U+2042
    { 8, 16, 128, 0, 14, 32, 1915 }, // U+2043
    { 13, 18, 128, -1, 18, 59, 1947 }, // U+2044
    { 8, 16, 128, 0, 14, 32, 2006 }, // U+2045
    { 8, 16, 128, 0, 14, 32, 2038 }, // U+2046
    { 8, 16, 128, 0, 14, 32, 2070 }, // U+2047
    { 8, 16, 128, 0, 14, 32, 2102 }, // U+2048
    { 8, 16, 128, 0, 14, 32, 2134 }, // U+2049
    { 8, 16, 128, 0, 14, 32, 2166 }, // U+204A
    { 8, 16, 128, 0, 14, 32, 2198 }, // U+204B
    { 8, 16, 128, 0, 14, 32, 2230 }, // U+204C
    { 8, 16, 128, 0, 14, 32, 2262 }, // U+204D
    { 8, 16, 128, 0, 14, 32, 2294 }, // U+204E
    { 8, 16, 128, 0, 14, 32, 2326 }, // U+204F
    { 8, 16, 128, 0, 14, 32, 2358 }, // U+2050
    { 8, 16, 128, 0, 14, 32, 2390 }, // U+2051
    { 8, 16, 128, 0, 14, 32, 2422 }, // U+2052
    { 8, 16, 128, 0, 14, 32, 2454 }, // U+2053
    { 8, 16, 128, 0, 14, 32, 2486 }, // U+2054
    { 8, 16, 128, 0, 14, 32, 2518 }, // U+2055
    { 8, 16, 128, 0, 14, 32, 2550 }, // U+2056
    { 16, 16, 256, 0, 14, 64, 2582 }, // U+2057
    { 8, 16, 128, 0, 14, 32, 2646 }, // U+2058
    { 8, 16, 128, 0, 14, 32, 2678 }, // U+2059
    { 8, 16, 128, 0, 14, 32, 2710 }, // U+205A
    { 8, 16, 128, 0, 14, 32, 2742 }, // U+205B
    { 8, 16, 128, 0, 14, 32, 2774 }, // U+205C
    { 8, 16, 128, 0, 14, 32, 2806 }, // U+205D
    { 8, 16, 128, 0, 14, 32, 2838 }, // U+205E
    { 8, 16, 128, 0, 14, 32, 2870 }, // U+205F
    { 16, 16, 256, 0, 14, 64, 2902 }, // U+2060
    { 16, 16, 256, 0, 14, 64, 2966 }, // U+2061
    { 16, 16, 256, 0, 14, 64, 3030 }, // U+2062
    { 16, 16, 256, 0, 14, 64, 3094 }, // U+2063
    { 16, 16, 256, 0, 14, 64, 3158 }, // U+2064
    { 16, 16, 256, 0, 14, 64, 3222 }, // U+2065
    { 16, 16, 256, 0, 14, 64, 3286 }, // U+2066
    { 16, 16, 256, 0, 14, 64, 3350 }, // U+2067
    { 16, 16, 256, 0, 14, 64, 3414 }, // U+2068
    { 16, 16, 256, 0, 14, 64, 3478 }, // U+2069
    { 16, 16, 256, 0, 14, 64, 3542 }, // U+206A
    { 16, 16, 256, 0, 14, 64, 3606 }, // U+206B
    { 16, 16, 256, 0, 14, 64, 3670 }, // U+206C
    { 16, 16, 256, 0, 14, 64, 3734 }, // U+206D
    { 16, 16, 256, 0, 14, 64, 3798 }, // U+206E
    { 16, 16, 256, 0, 14, 64, 3862 }, // U+206F
    { 8, 16, 128, 0, 14, 32, 0 }, // U+2070
    { 8, 16, 128, 0, 14, 32, 32 }, // U+2071
    { 16, 16, 256, 0, 14, 64, 64 }, // U+2072
    { 16, 16, 256, 0, 14, 64, 128 }, // U+2073
    { 8, 16, 128, 0, 14, 32, 192 }, // U+2074
    { 8, 16, 128, 0, 14, 32, 224 }, // U+2075
    { 8, 16, 128, 0, 14, 32, 256 }, // U+2076
    { 8, 16, 128, 0, 14, 32, 288 }, // U+2077
    { 8, 16, 128, 0, 14, 32, 320 }, // U+2078
    { 8, 16, 128, 0, 14, 32, 352 }, // U+2079
    { 8, 16, 128, 0, 14, 32, 384 }, // U+207A
    { 8, 16, 128, 0, 14, 32, 416 }, // U+207B
    { 8, 16, 128, 0, 14, 32, 448 }, // U+207C
    { 8, 16, 128, 0, 14, 32, 480 }, // U+207D
    { 8, 16, 128, 0, 14, 32, 512 }, // U+207E
    { 8, 16, 128, 0, 14, 32, 544 }, // U+207F
    { 8, 16, 128, 0, 14, 32, 576 }, // U+2080
    { 4, 10, 112, 4, 5, 10, 608 }, // U+2081
    { 7, 10, 112, 2, 5, 18, 618 }, // U+2082
    { 8, 10, 112, 2, 5, 20, 636 }, // U+2083
    { 8, 16, 128, 0, 14, 32, 656 }, // U+2084
    { 8, 16, 128, 0, 14, 32, 688 }, // U+2085
    { 8, 16, 128, 0, 14, 32, 720 }, // U+2086
    { 8, 16, 128, 0, 14, 32, 752 }, // U+2087
    { 8, 16, 128, 0, 14, 32, 784 }, // U+2088
    { 8, 16, 128, 0, 14, 32, 816 }, // U+2089
    { 8, 16, 128, 0, 14, 32, 848 }, // U+208A
    { 8, 16, 128, 0, 14, 32, 880 }, // U+208B
    { 8, 16, 128, 0, 14, 32, 912 }, // U+208C
    { 8, 16, 128, 0, 14, 32, 944 }, // U+208D
    { 8, 16, 128, 0, 14, 32, 976 }, // U+208E
    { 8, 16, 128, 0, 14, 32, 1008 }, // U+208F
    { 8, 16, 128, 0, 14, 32, 1040 }, // U+2090
    { 8, 16, 128, 0, 14, 32, 1072 }, // U+2091
    { 8, 16, 128, 0, 14, 32, 1104 }, // U+2092
    { 8, 16, 128, 0, 14, 32, 1136 }, // U+2093
    { 8, 16, 128, 0, 14, 32, 1168 }, // U+2094
    { 8, 16, 128, 0, 14, 32, 1200 }, // U+2095
    { 8, 16, 128, 0, 14, 32, 1232 }, // U+2096
    { 8, 16, 128, 0, 14, 32, 1264 }, // U+2097
    { 8, 16, 128, 0, 14, 32, 1296 }, // U+2098
    { 8, 16, 128, 0, 14, 32, 1328 }, // U+2099
    { 8, 16, 128, 0, 14, 32, 1360 }, // U+209A
    { 8, 16, 128, 0, 14, 32, 1392 }, // U+209B
    { 8, 16, 128, 0, 14, 32, 1424 }, // U+209C
    { 8, 16, 128, 0, 14, 32, 1456 }, // U+209D
    { 8, 16, 128, 0, 14, 32, 1488 }, // U+209E
    { 8, 16, 128, 0, 14, 32, 1520 }, // U+209F
    { 8, 16, 128, 0, 14, 32, 0 }, // U+20A0
    { 8, 16, 128, 0, 14, 32, 32 }, // U+20A1
    { 8, 16, 128, 0, 14, 32, 64 }, // U+20A2
    { 8, 16, 128, 0, 14, 32, 96 }, // U+20A3
    { 8, 16, 128, 0, 14, 32, 128 }, // U+20A4
    { 19, 19, 336, 2, 17, 91, 160 }, // U+20A5
    { 19, 19, 304, 2, 19, 91, 251 }, // U+20A6
    { 8, 16, 128, 0, 14, 32, 342 }, // U+20A7
    { 8, 16, 128, 0, 14, 32, 374 }, // U+20A8
    { 21, 19, 368, 5, 19, 100, 406 }, // U+20A9
    { 8, 16, 128, 0, 14, 32, 506 }, // U+20AA
    { 8, 16, 128, 0, 14, 32, 538 }, // U+20AB
    { 18, 19, 288, 1, 19, 86, 570 }, // U+20AC
    { 18, 19, 288, 2, 19, 86, 656 }, // U+20AD
    { 8, 16, 128, 0, 14, 32, 742 }, // U+20AE
    { 8, 16, 128, 0, 14, 32, 774 }, // U+20AF
    { 8, 16, 128, 0, 14, 32, 806 }, // U+20B0
    { 8, 16, 128, 0, 14, 32, 838 }, // U+20B1
    { 8, 16, 128, 0, 14, 32, 870 }, // U+20B2
    { 8, 16, 128, 0, 14, 32, 902 }, // U+20B3
    { 8, 16, 128, 0, 14, 32, 934 }, // U+20B4
    { 8, 16, 128, 0, 14, 32, 966 }, // U+20B5
    { 8, 16, 128, 0, 14, 32, 998 }, // U+20B6
    { 8, 16, 128, 0, 14, 32, 1030 }, // U+20B7
    { 8, 16, 128, 0, 14, 32, 1062 }, // U+20B8
    { 16, 16, 256, 0, 14, 64, 1094 }, // U+20B9
    { 8, 16, 128, 0, 14, 32, 1158 }, // U+20BA
    { 8, 16, 128, 0, 14, 32, 1190 }, // U+20BB
    { 8, 16, 128, 0, 14, 32, 1222 }, // U+20BC
    { 8, 16, 128, 0, 14, 32, 1254 }, // U+20BD
    { 8, 16, 128, 0, 14, 32, 1286 }, // U+20BE
    { 8, 16, 128, 0, 14, 32, 1318 }, // U+20BF
    { 8, 16, 128, 0, 14, 32, 1350 }, // U+20C0
    { 8, 16, 128, 0, 14, 32, 1382 }, // U+20C1
    { 8, 16, 128, 0, 14, 32, 1414 }, // U+20C2
    { 8, 16, 128, 0, 14, 32, 1446 }, // U+20C3
    { 8, 16, 128, 0, 14, 32, 1478 }, // U+20C4
    { 16, 16, 256, 0, 14, 64, 1510 }, // U+20C5
    { 16, 16, 256, 0, 14, 64, 1574 }, // U+20C6
    { 16, 16, 256, 0, 14, 64, 1638 }, // U+20C7
    { 16, 16, 256, 0, 14, 64, 1702 }, // U+20C8
    { 16, 16, 256, 0, 14, 64, 1766 }, // U+20C9
    { 16, 16, 256, 0, 14, 64, 1830 }, // U+20CA
    { 16, 16, 256, 0, 14, 64, 1894 }, // U+20CB
    { 16, 16, 256, 0, 14, 64, 1958 }, // U+20CC
    { 16, 16, 256, 0, 14, 64, 2022 }, // U+20CD
    { 16, 16, 256, 0, 14, 64, 2086 }, // U+20CE
    { 16, 16, 256, 0, 14, 64, 2150 }, // U+20CF
    { 8, 16, 128, 0, 14, 32, 0 }, // U+2190
    { 8, 16, 128, 0, 14, 32, 32 }, // U+2191
    { 8, 16, 128, 0, 14, 32, 64 }, // U+2192
    { 8, 16, 128, 0, 14, 32, 96 }, // U+2193
    { 8, 16, 128, 0, 14, 32, 128 }, // U+2194
    { 8, 16, 128, 0, 14, 32, 160 }, // U+2195
    { 8, 16, 128, 0, 14, 32, 192 }, // U+2196
    { 8, 16, 128, 0, 14, 32, 224 }, // U+2197
    { 8, 16, 128, 0, 14, 32, 256 }, // U+2198
    { 8, 16, 128, 0, 14, 32, 288 }, // U+2199
    { 8, 16, 128, 0, 14, 32, 320 }, // U+219A
    { 8, 16, 128, 0, 14, 32, 352 }, // U+219B
    { 16, 16, 256, 0, 14, 64, 384 }, // U+219C
    { 16, 16, 256, 0, 14, 64, 448 }, // U+219D
    { 8, 16, 128, 0, 14, 32, 512 }, // U+219E
    { 8, 16, 128, 0, 14, 32, 544 }, // U+219F
    { 8, 16, 128, 0, 14, 32, 576 }, // U+21A0
    { 8, 16, 128, 0, 14, 32, 608 }, // U+21A1
    { 8, 16, 128, 0, 14, 32, 640 }, // U+21A2
    { 8, 16, 128, 0, 14, 32, 672 }, // U+21A3
    { 8, 16, 128, 0, 14, 32, 704 }, // U+21A4
    { 8, 16, 128, 0, 14, 32, 736 }, // U+21A5
    { 8, 16, 128, 0, 14, 32, 768 }, // U+21A6
    { 8, 16, 128, 0, 14, 32, 800 }, // U+21A7
    { 8, 16, 128, 0, 14, 32, 832 }, // U+21A8
    { 8, 16, 128, 0, 14, 32, 864 }, // U+21A9
    { 8, 16, 128, 0, 14, 32, 896 }, // U+21AA
    { 8, 16, 128, 0, 14, 32, 928 }, // U+21AB
    { 8, 16, 128, 0, 14, 32, 960 }, // U+21AC
    { 8, 16, 128, 0, 14, 32, 992 }, // U+21AD
    { 8, 16, 128, 0, 14, 32, 1024 }, // U+21AE
    { 8, 16, 128, 0, 14, 32, 1056 }, // U+21AF
    { 8, 16, 128, 0, 14, 32, 1088 }, // U+21B0
    { 8, 16, 128, 0, 14, 32, 1120 }, // U+21B1
    { 8, 16, 128, 0, 14, 32, 1152 }, // U+21B2
    { 8, 16, 128, 0, 14, 32, 1184 }, // U+21B3
    { 8, 16, 128, 0, 14, 32, 1216 }, // U+21B4
    { 8, 16, 128, 0, 14, 32, 1248 }, // U+21B5
    { 8, 16, 128, 0, 14, 32, 1280 }, // U+21B6
    { 8, 16, 128, 0, 14, 32, 1312 }, // U+21B7
    { 8, 16, 128, 0, 14, 32, 1344 }, // U+21B8
    { 8, 16, 128, 0, 14, 32, 1376 }, // U+21B9
    { 8, 16, 128, 0, 14, 32, 1408 }, // U+21BA
    { 8, 16, 128, 0, 14, 32, 1440 }, // U+21BB
    { 8, 16, 128, 0, 14, 32, 1472 }, // U+21BC
    { 8, 16, 128, 0, 14, 32, 1504 }, // U+21BD
    { 8, 16, 128, 0, 14, 32, 1536 }, // U+21BE
    { 8, 16, 128, 0, 14, 32, 1568 }, // U+21BF
    { 8, 16, 128, 0, 14, 32, 1600 }, // U+21C0
    { 8, 16, 128, 0, 14, 32, 1632 }, // U+21C1
    { 8, 16, 128, 0, 14, 32, 1664 }, // U+21C2
    { 8, 16, 128, 0, 14, 32, 1696 }, // U+21C3
    { 8, 16, 128, 0, 14, 32, 1728 }, // U+21C4
    { 8, 16, 128, 0, 14, 32, 1760 }, // U+21C5
    { 8, 16, 128, 0, 14, 32, 1792 }, // U+21C6
    { 8, 16, 128, 0, 14, 32, 1824 }, // U+21C7
    { 8, 16, 128, 0, 14, 32, 1856 }, // U+21C8
    { 8, 16, 128, 0, 14, 32, 1888 }, // U+21C9
    { 8, 16, 128, 0, 14, 32, 1920 }, // U+21CA
    { 8, 16, 128, 0, 14, 32, 1952 }, // U+21CB
    { 8, 16, 128, 0, 14, 32, 1984 }, // U+21CC
    { 8, 16, 128, 0, 14, 32, 2016 }, // U+21CD
    { 8, 16, 128, 0, 14, 32, 2048 }, // U+21CE
    { 8, 16, 128, 0, 14, 32, 2080 }, // U+21CF
    { 8, 16, 128, 0, 14, 32, 2112 }, // U+21D0
    { 8, 16, 128, 0, 14, 32, 2144 }, // U+21D1
    { 8, 16, 128, 0, 14, 32, 2176 }, // U+21D2
    { 8, 16, 128, 0, 14, 32, 2208 }, // U+21D3
    { 8, 16, 128, 0, 14, 32, 2240 }, // U+21D4
    { 8, 16, 128, 0, 14, 32, 2272 }, // U+21D5
    { 8, 16, 128, 0, 14, 32, 2304 }, // U+21D6
    { 8, 16, 128, 0, 14, 32, 2336 }, // U+21D7
    { 8, 16, 128, 0, 14, 32, 2368 }, // U+21D8
    { 8, 16, 128, 0, 14, 32, 2400 }, // U+21D9
    { 8, 16, 128, 0, 14, 32, 2432 }, // U+21DA
    { 8, 16, 128, 0, 14, 32, 2464 }, // U+21DB
    { 8, 16, 128, 0, 14, 32, 2496 }, // U+21DC
    { 8, 16, 128, 0, 14, 32, 2528 }, // U+21DD
    { 8, 16, 128, 0, 14, 32, 2560 }, // U+21DE
    { 8, 16, 128, 0, 14, 32, 2592 }, // U+21DF
    { 8, 16, 128, 0, 14, 32, 2624 }, // U+21E0
    { 8, 16, 128, 0, 14, 32, 2656 }, // U+21E1
    { 8, 16, 128, 0, 14, 32, 2688 }, // U+21E2
    { 8, 16, 128, 0, 14, 32, 2720 }, // U+21E3
    { 8, 16, 128, 0, 14, 32, 2752 }, // U+21E4
    { 8, 16, 128, 0, 14, 32, 2784 }, // U+21E5
    { 8, 16, 128, 0, 14, 32, 2816 }, // U+21E6
    { 8, 16, 128, 0, 14, 32, 2848 }, // U+21E7
    { 8, 16, 128, 0, 14, 32, 2880 }, // U+21E8
    { 8, 16, 128, 0, 14, 32, 2912 }, // U+21E9
    { 8, 16, 128, 0, 14, 32, 2944 }, // U+21EA
    { 8, 16, 128, 0, 14, 32, 2976 }, // U+21EB
    { 8, 16, 128, 0, 14, 32, 3008 }, // U+21EC
    { 8, 16, 128, 0, 14, 32, 3040 }, // U+21ED
    { 8, 16, 128, 0, 14, 32, 3072 }, // U+21EE
    { 8, 16, 128, 0, 14, 32, 3104 }, // U+21EF
    { 8, 16, 128, 0, 14, 32, 3136 }, // U+21F0
    { 8, 16, 128, 0, 14, 32, 3168 }, // U+21F1
    { 8, 16, 128, 0, 14, 32, 3200 }, // U+21F2
    { 8, 16, 128, 0, 14, 32, 3232 }, // U+21F3
    { 16, 16, 256, 0, 14, 64, 3264 }, // U+21F4
    { 8, 16, 128, 0, 14, 32, 3328 }, // U+21F5
    { 8, 16, 128, 0, 14, 32, 3360 }, // U+21F6
    { 8, 16, 128, 0, 14, 32, 3392 }, // U+21F7
    { 8, 16, 128, 0, 14, 32, 3424 }, // U+21F8
    { 16, 16, 256, 0, 14, 64, 3456 }, // U+21F9
    { 16, 16, 256, 0, 14, 64, 3520 }, // U+21FA
    { 16, 16, 256, 0, 14, 64, 3584 }, // U+21FB
    { 16, 16, 256, 0, 14, 64, 3648 }, // U+21FC
    { 8, 16, 128, 0, 14, 32, 3712 }, // U+21FD
    { 8, 16, 128, 0, 14, 32, 3744 }, // U+21FE
    { 16, 16, 256, 0, 14, 64, 3776 }, // U+21FF
    { 8, 16, 128, 0, 14, 32, 0 }, // U+2200
    { 8, 16, 128, 0, 14, 32, 32 }, // U+2201
    { 8, 16, 128, 0, 14, 32, 64 }, // U+2202
    { 8, 16, 128, 0, 14, 32, 96 }, // U+2203
    { 8, 16, 128, 0, 14, 32, 128 }, // U+2204
    { 8, 16, 128, 0, 14, 32, 160 }, // U+2205
    { 8, 16, 128, 0, 14, 32, 192 }, // U+2206
    { 8, 16, 128, 0, 14, 32, 224 }, // U+2207
    { 8, 16, 128, 0, 14, 32, 256 }, // U+2208
    { 8, 16, 128, 0, 14, 32, 288 }, // U+2209
    { 8, 16, 128, 0, 14, 32, 320 }, // U+220A
    { 8, 16, 128, 0, 14, 32, 352 }, // U+220B
    { 8, 16, 128, 0, 14, 32, 384 }, // U+220C
    { 8, 16, 128, 0, 14, 32, 416 }, // U+220D
    { 8, 16, 128, 0, 14, 32, 448 }, // U+220E
    { 8, 16, 128, 0, 14, 32, 480 }, // U+220F
    { 8, 16, 128, 0, 14, 32, 512 }, // U+2210
    { 8, 16, 128, 0, 14, 32, 544 }, // U+2211
    { 12, 2, 240, 3, 8, 6, 576 }, // U+2212
    { 8, 16, 128, 0, 14, 32, 582 }, // U+2213
    { 8, 16, 128, 0, 14, 32, 614 }, // U+2214
    { 13, 18, 128, -1, 18, 59, 646 }, // U+2215
    { 8, 16, 128, 0, 14, 32, 705 }, // U+2216
    { 8, 16, 128, 0, 14, 32, 737 }, // U+2217
    { 8, 16, 128, 0, 14, 32, 769 }, // U+2218
    { 3, 3, 112, 3, 9, 3, 801 }, // U+2219
    { 8, 16, 128, 0, 14, 32, 804 }, // U+221A
    { 8, 16, 128, 0, 14, 32, 836 }, // U+221B
    { 8, 16, 128, 0, 14, 32, 868 }, // U+221C
    { 8, 16, 128, 0, 14, 32, 900 }, // U+221D
    { 8, 16, 128, 0, 14, 32, 932 }, // U+221E
    { 8, 16, 128, 0, 14, 32, 964 }, // U+221F
    { 8, 16, 128, 0, 14, 32, 996 }, // U+2220
    { 8, 16, 128, 0, 14, 32, 1028 }, // U+2221
    { 8, 16, 128, 0, 14, 32, 1060 }, // U+2222
    { 8, 16, 128, 0, 14, 32, 1092 }, // U+2223
    { 8, 16, 128, 0, 14, 32, 1124 }, // U+2224
    { 8, 16, 128, 0, 14, 32, 1156 }, // U+2225
    { 8, 16, 128, 0, 14, 32, 1188 }, // U+2226
    { 8, 16, 128, 0, 14, 32, 1220 }, // U+2227
    { 8, 16, 128, 0, 14, 32, 1252 }, // U+2228
    { 8, 16, 128, 0, 14, 32, 1284 }, // U+2229
    { 8, 16, 128, 0, 14, 32, 1316 }, // U+222A
    { 8, 16, 128, 0, 14, 32, 1348 }, // U+222B
    { 8, 16, 128, 0, 14, 32, 1380 }, // U+222C
    { 8, 16, 128, 0, 14, 32, 1412 }, // U+222D
    { 8, 16, 128, 0, 14, 32, 1444 }, // U+222E
    { 8, 16, 128, 0, 14, 32, 1476 }, // U+222F
    { 8, 16, 128, 0, 14, 32, 1508 }, // U+2230
    { 8, 16, 128, 0, 14, 32, 1540 }, // U+2231
    { 8, 16, 128, 0, 14, 32, 1572 }, // U+2232
    { 8, 16, 128, 0, 14, 32, 1604 }, // U+2233
    { 8, 16, 128, 0, 14, 32, 1636 }, // U+2234
    { 8, 16, 128, 0, 14, 32, 1668 }, // U+2235
    { 6, 14, 128, 3, 14, 21, 1700 }, // U+2236
    { 8, 16, 128, 0, 14, 32, 1721 }, // U+2237
    { 8, 16, 128, 0, 14, 32, 1753 }, // U+2238
    { 8, 16, 128, 0, 14, 32, 1785 }, // U+2239
    { 8, 16, 128, 0, 14, 32, 1817 }, // U+223A
    { 8, 16, 128, 0, 14, 32, 1849 }, // U+223B
    { 8, 16, 128, 0, 14, 32, 1881 }, // U+223C
    { 8, 16, 128, 0, 14, 32, 1913 }, // U+223D
    { 8, 16, 128, 0, 14, 32, 1945 }, // U+223E
    { 8, 16, 128, 0, 14, 32, 1977 }, // U+223F
    { 8, 16, 128, 0, 14, 32, 2009 }, // U+2240
    { 8, 16, 128, 0, 14, 32, 2041 }, // U+2241
    { 8, 16, 128, 0, 14, 32, 2073 }, // U+2242
    { 8, 16, 128, 0, 14, 32, 2105 }, // U+2243
    { 8, 16, 128, 0, 14, 32, 2137 }, // U+2244
    { 8, 16, 128, 0, 14, 32, 2169 }, // U+2245
    { 8, 16, 128, 0, 14, 32, 2201 }, // U+2246
    { 8, 16, 128, 0, 14, 32, 2233 }, // U+2247
    { 8, 16, 128, 0, 14, 32, 2265 }, // U+2248
    { 8, 16, 128, 0, 14, 32, 2297 }, // U+2249
    { 8, 16, 128, 0, 14, 32, 2329 }, // U+224A
    { 8, 16, 128, 0, 14, 32, 2361 }, // U+224B
    { 8, 16, 128, 0, 14, 32, 2393 }, // U+224C
    { 8, 16, 128, 0, 14, 32, 2425 }, // U+224D
    { 8, 16, 128, 0, 14, 32, 2457 }, // U+224E
    { 8, 16, 128, 0, 14, 32, 2489 }, // U+224F
    { 8, 16, 128, 0, 14, 32, 2521 }, // U+2250
    { 8, 16, 128, 0, 14, 32, 2553 }, // U+2251
    { 8, 16, 128, 0, 14, 32, 2585 }, // U+2252
    { 8, 16, 128, 0, 14, 32, 2617 }, // U+2253
    { 8, 16, 128, 0, 14, 32, 2649 }, // U+2254
    { 8, 16, 128, 0, 14, 32, 2681 }, // U+2255
    { 8, 16, 128, 0, 14, 32, 2713 }, // U+2256
    { 8, 16, 128, 0, 14, 32, 2745 }, // U+2257
    { 8, 16, 128, 0, 14, 32, 2777 }, // U+2258
    { 11, 10, 224, 3, 15, 28, 2809 }, // U+2259
    { 11, 10, 224, 3, 15, 28, 2837 }, // U+225A
    { 8, 16, 128, 0, 14, 32, 2865 }, // U+225B
    { 8, 16, 128, 0, 14, 32, 2897 }, // U+225C
    { 8, 16, 128, 0, 14, 32, 2929 }, // U+225D
    { 8, 16, 128, 0, 14, 32, 2961 }, // U+225E
    { 8, 16, 128, 0, 14, 32, 2993 }, // U+225F
    { 11, 19, 224, 3, 17, 53, 3025 }, // U+2260
    { 11, 8, 224, 0, 11, 22, 3078 }, // U+2261
    { 11, 19, 224, 0, 17, 53, 3100 }, // U+2262
    { 8, 16, 128, 0, 14, 32, 3153 }, // U+2263
    { 14, 14, 240, 3, 13, 49, 3185 }, // U+2264
    { 14, 14, 240, 1, 13, 49, 3234 }, // U+2265
    { 8, 16, 128, 0, 14, 32, 3283 }, // U+2266
    { 8, 16, 128, 0, 14, 32, 3315 }, // U+2267
    { 8, 16, 128, 0, 14, 32, 3347 }, // U+2268
    { 8, 16, 128, 0, 14, 32, 3379 }, // U+2269
    { 8, 16, 128, 0, 14, 32, 3411 }, // U+226A
    { 8, 16, 128, 0, 14, 32, 3443 }, // U+226B
    { 8, 16, 128, 0, 14, 32, 3475 }, // U+226C
    { 8, 16, 128, 0, 14, 32, 3507 }, // U+226D
    { 14, 19, 240, 3, 17, 67, 3539 }, // U+226E
    { 14, 19, 240, 1, 17, 67, 3606 }, // U+226F
    { 14, 19, 240, 3, 16, 67, 3673 }, // U+2270
    { 14, 19, 240, 1, 16, 67, 3740 }, // U+2271
    { 8, 16, 128, 0, 14, 32, 3807 }, // U+2272
    { 8, 16, 128, 0, 14, 32, 3839 }, // U+2273
    { 8, 16, 128, 0, 14, 32, 3871 }, // U+2274
    { 8, 16, 128, 0, 14, 32, 3903 }, // U+2275
    { 8, 16, 128, 0, 14, 32, 3935 }, // U+2276
    { 8, 16, 128, 0, 14, 32, 3967 }, // U+2277
    { 8, 16, 128, 0, 14, 32, 3999 }, // U+2278
    { 8, 16, 128, 0, 14, 32, 4031 }, // U+2279
    { 8, 16, 128, 0, 14, 32, 4063 }, // U+227A
    { 8, 16, 128, 0, 14, 32, 4095 }, // U+227B
    { 8, 16, 128, 0, 14, 32, 4127 }, // U+227C
    { 8, 16, 128, 0, 14, 32, 4159 }, // U+227D
    { 8, 16, 128, 0, 14, 32, 4191 }, // U+227E
    { 8, 16, 128, 0, 14, 32, 4223 }, // U+227F
    { 8, 16, 128, 0, 14, 32, 4255 }, // U+2280
    { 8, 16, 128, 0, 14, 32, 4287 }, // U+2281
    { 8, 16, 128, 0, 14, 32, 4319 }, // U+2282
    { 8, 16, 128, 0, 14, 32, 4351 }, // U+2283
    { 8, 16, 128, 0, 14, 32, 4383 }, // U+2284
    { 8, 16, 128, 0, 14, 32, 4415 }, // U+2285
    { 8, 16, 128, 0, 14, 32, 4447 }, // U+2286
    { 8, 16, 128, 0, 14, 32, 4479 }, // U+2287
    { 8, 16, 128, 0, 14, 32, 4511 }, // U+2288
    { 8, 16, 128, 0, 14, 32, 4543 }, // U+2289
    { 8, 16, 128, 0, 14, 32, 4575 }, // U+228A
    { 8, 16, 128, 0, 14, 32, 4607 }, // U+228B
    { 8, 16, 128, 0, 14, 32, 4639 }, // U+228C
    { 8, 16, 128, 0, 14, 32, 4671 }, // U+228D
    { 8, 16, 128, 0, 14, 32, 4703 }, // U+228E
    { 8, 16, 128, 0, 14, 32, 4735 }, // U+228F
    { 8, 16, 128, 0, 14, 32, 4767 }, // U+2290
    { 8, 16, 128, 0, 14, 32, 4799 }, // U+2291
    { 8, 16, 128, 0, 14, 32, 4831 }, // U+2292
    { 8, 16, 128, 0, 14, 32, 4863 }, // U+2293
    { 8, 16, 128, 0, 14, 32, 4895 }, // U+2294
    { 8, 16, 128, 0, 14, 32, 4927 }, // U+2295
    { 8, 16, 128, 0, 14, 32, 4959 }, // U+2296
    { 8, 16, 128, 0, 14, 32, 4991 }, // U+2297
    { 8, 16, 128, 0, 14, 32, 5023 }, // U+2298
    { 8, 16, 128, 0, 14, 32, 5055 }, // U+2299
    { 8, 16, 128, 0, 14, 32, 5087 }, // U+229A
    { 8, 16, 128, 0, 14, 32, 5119 }, // U+229B
    { 8, 16, 128, 0, 14, 32, 5151 }, // U+229C
    { 8, 16, 128, 0, 14, 32, 5183 }, // U+229D
    { 8, 16, 128, 0, 14, 32, 5215 }, // U+229E
    { 8, 16, 128, 0, 14, 32, 5247 }, // U+229F
    { 8, 16, 128, 0, 14, 32, 5279 }, // U+22A0
    { 8, 16, 128, 0, 14, 32, 5311 }, // U+22A1
    { 8, 16, 128, 0, 14, 32, 5343 }, // U+22A2
    { 8, 16, 128, 0, 14, 32, 5375 }, // U+22A3
    { 8, 16, 128, 0, 14, 32, 5407 }, // U+22A4
    { 8, 16, 128, 0, 14, 32, 5439 }, // U+22A5
    { 8, 16, 128, 0, 14, 32, 5471 }, // U+22A6
    { 8, 16, 128, 0, 14, 32, 5503 }, // U+22A7
    { 8, 16, 128, 0, 14, 32, 5535 }, // U+22A8
    { 8, 16, 128, 0, 14, 32, 5567 }, // U+22A9
    { 8, 16, 128, 0, 14, 32, 5599 }, // U+22AA
    { 8, 16, 128, 0, 14, 32, 5631 }, // U+22AB
    { 8, 16, 128, 0, 14, 32, 5663 }, // U+22AC
    { 8, 16, 128, 0, 14, 32, 5695 }, // U+22AD
    { 8, 16, 128, 0, 14, 32, 5727 }, // U+22AE
    { 8, 16, 128, 0, 14, 32, 5759 }, // U+22AF
    { 8, 16, 128, 0, 14, 32, 5791 }, // U+22B0
    { 8, 16, 128, 0, 14, 32, 5823 }, // U+22B1
    { 8, 16, 128, 0, 14, 32, 5855 }, // U+22B2
    { 8, 16, 128, 0, 14, 32, 5887 }, // U+22B3
    { 8, 16, 128, 0, 14, 32, 5919 }, // U+22B4
    { 8, 16, 128, 0, 14, 32, 5951 }, // U+22B5
    { 16, 16, 256, 0, 14, 64, 5983 }, // U+22B6
    { 16, 16, 256, 0, 14, 64, 6047 }, // U+22B7
    { 16, 16, 256, 0, 14, 64, 6111 }, // U+22B8
    { 8, 16, 128, 0, 14, 32, 6175 }, // U+22B9
    { 8, 16, 128, 0, 14, 32, 6207 }, // U+22BA
    { 8, 16, 128, 0, 14, 32, 6239 }, // U+22BB
    { 8, 16, 128, 0, 14, 32, 6271 }, // U+22BC
    { 8, 16, 128, 0, 14, 32, 6303 }, // U+22BD
    { 8, 16, 128, 0, 14, 32, 6335 }, // U+22BE
    { 8, 16, 128, 0, 14, 32, 6367 }, // U+22BF
    { 8, 16, 128, 0, 14, 32, 6399 }, // U+22C0
    { 8, 16, 128, 0, 14, 32, 6431 }, // U+22C1
    { 8, 16, 128, 0, 14, 32, 6463 }, // U+22C2
    { 8, 16, 128, 0, 14, 32, 6495 }, // U+22C3
    { 8, 16, 128, 0, 14, 32, 6527 }, // U+22C4
    { 8, 16, 128, 0, 14, 32, 6559 }, // U+22C5
    { 8, 16, 128, 0, 14, 32, 6591 }, // U+22C6
    { 8, 16, 128, 0, 14, 32, 6623 }, // U+22C7
    { 8, 16, 128, 0, 14, 32, 6655 }, // U+22C8
    { 8, 16, 128, 0, 14, 32, 6687 }, // U+22C9
    { 8, 16, 128, 0, 14, 32, 6719 }, // U+22CA
    { 8, 16, 128, 0, 14, 32, 6751 }, // U+22CB
    { 8, 16, 128, 0, 14, 32, 6783 }, // U+22CC
    { 8, 16, 128, 0, 14, 32, 6815 }, // U+22CD
    { 8, 16, 128, 0, 14, 32, 6847 }, // U+22CE
    { 8, 16, 128, 0, 14, 32, 6879 }, // U+22CF
    { 8, 16, 128, 0, 14, 32, 6911 }, // U+22D0
    { 8, 16, 128, 0, 14, 32, 6943 }, // U+22D1
    { 8, 16, 128, 0, 14, 32, 6975 }, // U+22D2
    { 8, 16, 128, 0, 14, 32, 7007 }, // U+22D3
    { 8, 16, 128, 0, 14, 32, 7039 }, // U+22D4
    { 8, 16, 128, 0, 14, 32, 7071 }, // U+22D5
    { 8, 16, 128, 0, 14, 32, 7103 }, // U+22D6
    { 8, 16, 128, 0, 14, 32, 7135 }, // U+22D7
    { 16, 16, 256, 0, 14, 64, 7167 }, // U+22D8
    { 16, 16, 256, 0, 14, 64, 7231 }, // U+22D9
    { 8, 16, 128, 0, 14, 32, 7295 }, // U+22DA
    { 8, 16, 128, 0, 14, 32, 7327 }, // U+22DB
    { 8, 16, 128, 0, 14, 32, 7359 }, // U+22DC
    { 8, 16, 128, 0, 14, 32, 7391 }, // U+22DD
    { 8, 16, 128, 0, 14, 32, 7423 }, // U+22DE
    { 8, 16, 128, 0, 14, 32, 7455 }, // U+22DF
    { 8, 16, 128, 0, 14, 32, 7487 }, // U+22E0
    { 8, 16, 128, 0, 14, 32, 7519 }, // U+22E1
    { 8, 16, 128, 0, 14, 32, 7551 }, // U+22E2
    { 8, 16, 128, 0, 14, 32, 7583 }, // U+22E3
    { 8, 16, 128, 0, 14, 32, 7615 }, // U+22E4
    { 8, 16, 128, 0, 14, 32, 7647 }, // U+22E5
    { 8, 16, 128, 0, 14, 32, 7679 }, // U+22E6
    { 8, 16, 128, 0, 14, 32, 7711 }, // U+22E7
    { 8, 16, 128, 0, 14, 32, 7743 }, // U+22E8
    { 8, 16, 128, 0, 14, 32, 7775 }, // U+22E9
    { 8, 16, 128, 0, 14, 32, 7807 }, // U+22EA
    { 8, 16, 128, 0, 14, 32, 7839 }, // U+22EB
    { 8, 16, 128, 0, 14, 32, 7871 }, // U+22EC
    { 8, 16, 128, 0, 14, 32, 7903 }, // U+22ED
    { 8, 16, 128, 0, 14, 32, 7935 }, // U+22EE
    { 8, 16, 128, 0, 14, 32, 7967 }, // U+22EF
    { 8, 16, 128, 0, 14, 32, 7999 }, // U+22F0
    { 8, 16, 128, 0, 14, 32, 8031 }, // U+22F1
    { 16, 16, 256, 0, 14, 64, 8063 }, // U+22F2
    { 16, 16, 256, 0, 14, 64, 8127 }, // U+22F3
    { 8, 16, 128, 0, 14, 32, 8191 }, // U+22F4
    { 16, 16, 256, 0, 14, 64, 8223 }, // U+22F5
    { 16, 16, 256, 0, 14, 64, 8287 }, // U+22F6
    { 8, 16, 128, 0, 14, 32, 8351 }, // U+22F7
    { 8, 16, 128, 0, 14, 32, 8383 }, // U+22F8
    { 16, 16, 256, 0, 14, 64, 8415 }, // U+22F9
    { 16, 16, 256, 0, 14, 64, 8479 }, // U+22FA
    { 16, 16, 256, 0, 14, 64, 8543 }, // U+22FB
    { 8, 16, 128, 0, 14, 32, 8607 }, // U+22FC
    { 16, 16, 256, 0, 14, 64, 8639 }, // U+22FD
    { 8, 16, 128, 0, 14, 32, 8703 }, // U+22FE
    { 16, 16, 256, 0, 14, 64, 8735 }, // U+22FF
    { 8, 16, 128, 0, 14, 32, 0 }, // U+FB00
    { 8, 16, 128, 0, 14, 32, 32 }, // U+FB01
    { 8, 16, 128, 0, 14, 32, 64 }, // U+FB02
    { 8, 16, 128, 0, 14, 32, 96 }, // U+FB03
    { 8, 16, 128, 0, 14, 32, 128 }, // U+FB04
    { 8, 16, 128, 0, 14, 32, 160 }, // U+FB05
    { 8, 16, 128, 0, 14, 32, 192 }, // U+FB06
    { 8, 16, 128, 0, 14, 32, 0 }, // U+FFFD
};

static const EpdUnicodeInterval helvetica_12_bolditalicIntervals[] = {
    { 0x0, 0x17F, 0x0 },
    { 0x1A0, 0x1A1, 0x180 },
    { 0x1AF, 0x1B0, 0x182 },
    { 0x1C4, 0x21F, 0x184 },
    { 0x300, 0x36F, 0x1E0 },
    { 0x400, 0x4FF, 0x250 },
    { 0x1EA0, 0x1EF9, 0x350 },
    { 0x2000, 0x20CF, 0x3AA },
    { 0x2190, 0x22FF, 0x47A },
    { 0xFB00, 0xFB06, 0x5EA },
    { 0xFFFD, 0xFFFD, 0x5F1 },
};

static const EpdFontGroup helvetica_12_bolditalicGroups[] = {
    { 0, 1879, 8016, 128, 0 },
    { 1879, 1755, 8761, 128, 128 },
    { 3634, 1689, 10830, 128, 256 },
    { 5323, 1274, 6621, 96, 384 },
    { 6597, 461, 3840, 112, 480 },
    { 7058, 1369, 8256, 256, 592 },
    { 8427, 974, 7285, 90, 848 },
    { 9401, 888, 3995, 112, 938 },
    { 10289, 282, 1554, 48, 1050 },
    { 10571, 603, 2254, 48, 1098 },
    { 11174, 743, 3840, 112, 1146 },
    { 11917, 1672, 8883, 256, 1258 },
    { 13589, 80, 224, 7, 1514 },
    { 13669, 23, 32, 1, 1521 },
};

static const EpdFontData helvetica_12_bolditalic = {
    helvetica_12_bolditalicBitmaps,
    helvetica_12_bolditalicGlyphs,
    helvetica_12_bolditalicIntervals,
    11,
    27,
    22,
    -5,
    true,
    helvetica_12_bolditalicGroups,
    14,
    nullptr,
    nullptr,
    nullptr,
    nullptr,
    nullptr,
    nullptr,
    nullptr,
    nullptr,
    nullptr,
    nullptr,
    nullptr,
    0,
    0,
    0,
    0,
    nullptr,
    0,
};
