/**
 * generated by fontconvert.py
 * name: helveticaui_9_regular
 * size: 9
 * mode: 1-bit
 * Command used: fontconvert.py helveticaui_9_regular 9 ../../../x11/font-adobe-100dpi-1.0.4/helvR14.bdf ../../../x11/unifont-18.0.01.bdf --additional-intervals 0x05D0,0x05EA --additional-intervals 0x060C,0x060C --additional-intervals 0x061B,0x061B --additional-intervals 0x061F,0x061F --additional-intervals 0x0621,0x0621 --additional-intervals 0x0640,0x0640 --additional-intervals 0x0654,0x0654 --additional-intervals 0x0660,0x0669 --additional-intervals 0x06BA,0x06BA --additional-intervals 0x06D4,0x06D4 --additional-intervals 0x06D5,0x06D5 --additional-intervals 0x06F0,0x06F9 --additional-intervals 0xFB56,0xFB59 --additional-intervals 0xFB66,0xFB69 --additional-intervals 0xFB7A,0xFB7D --additional-intervals 0xFB88,0xFB95 --additional-intervals 0xFB9E,0xFB9F --additional-intervals 0xFBA6,0xFBB1 --additional-intervals 0xFBFC,0xFBFF --additional-intervals 0xFE80,0xFEFC
 */
#pragma once
#include "EpdFontData.h"

static const uint8_t helveticaui_9_regularBitmaps[31172] = {
    0xAA, 0xA0, 0x02, 0x00, 0x80, 0x08, 0x02, 0x00, 0x20, 0x08, 0x00, 0x80, 0x20, 0x02, 0x00, 0x80,
    0x0A, 0xAA, 0xAA, 0xAA, 0x00, 0x01, 0x80, 0x00, 0x00, 0x01, 0x80, 0x00, 0x39, 0x93, 0xC2, 0x52,
    0x32, 0x5F, 0x8A, 0x52, 0x71, 0x93, 0x80, 0x00, 0x00, 0x01, 0x80, 0x00, 0x00, 0x01, 0x80, 0x00,
    0x55, 0x55, 0xAA, 0xAA, 0x00, 0x01, 0x80, 0x00, 0x00, 0x01, 0x80, 0x00, 0x3B, 0xA5, 0xC1, 0x24,
    0x31, 0x19, 0x89, 0x24, 0x71, 0x25, 0x80, 0x00, 0x00, 0x01, 0x80, 0x00, 0x00, 0x01, 0x80, 0x00,
    0x55, 0x55, 0xAA, 0xAA, 0x00, 0x01, 0x80, 0x00, 0x00, 0x01, 0x80, 0x00, 0x7B, 0xA5, 0xC1, 0x24,
    0x79, 0x19, 0xC1, 0x24, 0x79, 0x25, 0x80, 0x00, 0x00, 0x01, 0x80, 0x00, 0x00, 0x01, 0x80, 0x00,
    0x55, 0x55, 0xAA, 0xAA, 0x00, 0x01, 0x80, 0x00, 0x00, 0x01, 0x80, 0x00, 0x79, 0xBF, 0xC2, 0x48,
    0x7A, 0x49, 0xC2, 0x48, 0x79, 0x89, 0x80, 0x00, 0x00, 0x01, 0x80, 0x00, 0x00, 0x01, 0x80, 0x00,
    0x55, 0x55, 0xAA, 0xAA, 0x00, 0x01, 0x80, 0x00, 0x00, 0x01, 0x80, 0x00, 0x7A, 0x4D, 0xC2, 0x52,
    0x7B, 0x53, 0xC2, 0xD6, 0x7A, 0x4F, 0x80, 0x00, 0x00, 0x01, 0x80, 0x00, 0x00, 0x01, 0x80, 0x00,
    0x55, 0x55, 0xAA, 0xAA, 0x00, 0x01, 0x80, 0x00, 0x00, 0x01, 0x80, 0x00, 0x31, 0xA5, 0xCA, 0x28,
    0x7A, 0x31, 0xCA, 0x28, 0x49, 0xA5, 0x80, 0x00, 0x00, 0x01, 0x80, 0x00, 0x00, 0x01, 0x80, 0x00,
    0x55, 0x55, 0xAA, 0xAA, 0x00, 0x01, 0x80, 0x00, 0x00, 0x01, 0x80, 0x00, 0x73, 0xD1, 0xCA, 0x10,
    0x73, 0xD1, 0xCA, 0x10, 0x73, 0xDF, 0x80, 0x00, 0x00, 0x01, 0x80, 0x00, 0x00, 0x01, 0x80, 0x00,
    0x55, 0x55, 0xAA, 0xAA, 0x00, 0x01, 0x80, 0x00, 0x00, 0x01, 0x80, 0x00, 0x1E, 0x39, 0x91, 0x40,
    0x1E, 0x31, 0x91, 0x08, 0x1E, 0x71, 0x80, 0x00, 0x00, 0x01, 0x80, 0x00, 0x00, 0x01, 0x80, 0x00,
    0x55, 0x55, 0xAA, 0xAA, 0x00, 0x01, 0x80, 0x00, 0x00, 0x01, 0x80, 0x00, 0x22, 0xF9, 0xA2, 0x20,
    0x3E, 0x21, 0xA2, 0x20, 0x22, 0x21, 0x80, 0x00, 0x00, 0x01, 0x80, 0x00, 0x00, 0x01, 0x80, 0x00,
    0x55, 0x55, 0xAA, 0xAA, 0x00, 0x01, 0x80, 0x00, 0x00, 0x01, 0x80, 0x00, 0x20, 0xF9, 0xA0, 0x80,
    0x20, 0xF9, 0xA0, 0x80, 0x3E, 0x81, 0x80, 0x00, 0x00, 0x01, 0x80, 0x00, 0x00, 0x01, 0x80, 0x00,
    0x55, 0x55, 0xAA, 0xAA, 0x00, 0x01, 0x80, 0x00, 0x00, 0x01, 0x80, 0x00, 0x22, 0xF9, 0xA2, 0x20,
    0x22, 0x21, 0x94, 0x20, 0x08, 0x21, 0x80, 0x00, 0x00, 0x01, 0x80, 0x00, 0x00, 0x01, 0x80, 0x00,
    0x55, 0x55, 0xAA, 0xAA, 0x00, 0x01, 0x80, 0x00, 0x00, 0x01, 0x80, 0x00, 0x3E, 0xF9, 0xA0, 0x80,
    0x3E, 0xF9, 0xA0, 0x80, 0x20, 0x81, 0x80, 0x00, 0x00, 0x01, 0x80, 0x00, 0x00, 0x01, 0x80, 0x00,
    0x55, 0x55, 0xAA, 0xAA, 0x00, 0x01, 0x80, 0x00, 0x00, 0x01, 0x80, 0x00, 0x1E, 0xF1, 0xA0, 0x88,
    0x20, 0xF1, 0xA0, 0x90, 0x1E, 0x89, 0x80, 0x00, 0x00, 0x01, 0x80, 0x00, 0x00, 0x01, 0x80, 0x00,
    0x55, 0x55, 0xAA, 0xAA, 0x00, 0x01, 0x80, 0x00, 0x00, 0x01, 0x80, 0x00, 0x1E, 0x71, 0xA0, 0x88,
    0x1C, 0x89, 0x82, 0x88, 0x3C, 0x71, 0x80, 0x00, 0x00, 0x01, 0x80, 0x00, 0x00, 0x01, 0x80, 0x00,
    0x55, 0x55, 0xAA, 0xAA, 0x00, 0x01, 0x80, 0x00, 0x00, 0x01, 0x80, 0x00, 0x1E, 0xF9, 0xA0, 0x20,
    0x1C, 0x21, 0x82, 0x20, 0x3C, 0xF9, 0x80, 0x00, 0x00, 0x01, 0x80, 0x00, 0x00, 0x01, 0x80, 0x00,
    0x55, 0x55, 0xAA, 0xAA, 0x00, 0x01, 0x80, 0x00, 0x00, 0x01, 0x80, 0x00, 0x39, 0x1D, 0xA5, 0x10,
    0x25, 0x1D, 0xA5, 0x10, 0x39, 0xDD, 0x80, 0x00, 0x00, 0x01, 0x80, 0x00, 0x00, 0x01, 0x80, 0x00,
    0x55, 0x55, 0xAA, 0xAA, 0x00, 0x01, 0x80, 0x00, 0x00, 0x01, 0x80, 0x00, 0x71, 0x89, 0xCA, 0x18,
    0x4A, 0x09, 0xCA, 0x08, 0x71, 0x9D, 0x80, 0x00, 0x00, 0x01, 0x80, 0x00, 0x00, 0x01, 0x80, 0x00,
    0x55, 0x55, 0xAA, 0xAA, 0x00, 0x01, 0x80, 0x00, 0x00, 0x01, 0x80, 0x00, 0x71, 0x99, 0xCA, 0x04,
    0x4A, 0x09, 0xCA, 0x10, 0x71, 0x9D, 0x80, 0x00, 0x00, 0x01, 0x80, 0x00, 0x00, 0x01, 0x80, 0x00,
    0x55, 0x55, 0xAA, 0xAA, 0x00, 0x01, 0x80, 0x00, 0x00, 0x01, 0x80, 0x00, 0x71, 0x99, 0xCA, 0x04,
    0x4A, 0x19, 0xCA, 0x04, 0x71, 0x99, 0x80, 0x00, 0x00, 0x01, 0x80, 0x00, 0x00, 0x01, 0x80, 0x00,
    0x55, 0x55, 0xAA, 0xAA, 0x00, 0x01, 0x80, 0x00, 0x00, 0x01, 0x80, 0x00, 0x71, 0x85, 0xCA, 0x0C,
    0x4A, 0x15, 0xCA, 0x1C, 0x71, 0x85, 0x80, 0x00, 0x00, 0x01, 0x80, 0x00, 0x00, 0x01, 0x80, 0x00,
    0x55, 0x55, 0xAA, 0xAA, 0x00, 0x01, 0x80, 0x00, 0x00, 0x01, 0x80, 0x00, 0x49, 0x93, 0xEA, 0x54,
    0x6A, 0x59, 0xDB, 0xD4, 0x4A, 0x53, 0x80, 0x00, 0x00, 0x01, 0x80, 0x00, 0x00, 0x01, 0x80, 0x00,
    0x55, 0x55, 0xAA, 0xAA, 0x00, 0x01, 0x80, 0x00, 0x00, 0x01, 0x80, 0x00, 0x34, 0x53, 0xC2, 0x9A,
    0x31, 0x17, 0x89, 0x12, 0x71, 0x13, 0x80, 0x00, 0x00, 0x01, 0x80, 0x00, 0x00, 0x01, 0x80, 0x00,
    0x55, 0x55, 0xAA, 0xAA, 0x00, 0x01, 0x80, 0x00, 0x00, 0x01, 0x80, 0x00, 0x7B, 0xB9, 0xC1, 0x24,
    0x79, 0x39, 0xC1, 0x24, 0x79, 0x39, 0x80, 0x00, 0x00, 0x01, 0x80, 0x00, 0x00, 0x01, 0x80, 0x00,
    0x55, 0x55, 0xAA, 0xAA, 0x00, 0x01, 0x80, 0x00, 0x00, 0x01, 0x80, 0x00, 0x33, 0x25, 0xC4, 0xB4,
    0x47, 0xAD, 0xC4, 0xA4, 0x34, 0xA5, 0x80, 0x00, 0x00, 0x01, 0x80, 0x00, 0x00, 0x01, 0x80, 0x00,
    0x55, 0x55, 0xAA, 0xAA, 0x00, 0x01, 0x80, 0x00, 0x00, 0x01, 0x80, 0x00, 0x3E, 0x89, 0xA0, 0xD8,
    0x3E, 0xA9, 0xA0, 0x88, 0x3E, 0x89, 0x80, 0x00, 0x00, 0x01, 0x80, 0x00, 0x00, 0x01, 0x80, 0x00,
    0x55, 0x55, 0xAA, 0xAA, 0x00, 0x01, 0x80, 0x00, 0x00, 0x01, 0x80, 0x00, 0x3A, 0x5D, 0xC2, 0x52,
    0x32, 0x5D, 0x8A, 0x52, 0x71, 0x9D, 0x80, 0x00, 0x00, 0x01, 0x80, 0x00, 0x00, 0x01, 0x80, 0x00,
    0x55, 0x55, 0xAA, 0xAA, 0x00, 0x01, 0x80, 0x00, 0x00, 0x01, 0x80, 0x00, 0x79, 0xCF, 0xC2, 0x10,
    0x79, 0x91, 0xC0, 0x50, 0x7B, 0x8F, 0x80, 0x00, 0x00, 0x01, 0x80, 0x00, 0x00, 0x01, 0x80, 0x00,
    0x55, 0x55, 0xAA, 0xAA, 0x00, 0x01, 0x80, 0x00, 0x00, 0x01, 0x80, 0x00, 0x1E, 0x71, 0x90, 0x80,
    0x1E, 0x61, 0x90, 0x10, 0x10, 0xE1, 0x80, 0x00, 0x00, 0x01, 0x80, 0x00, 0x00, 0x01, 0x80, 0x00,
    0x55, 0x55, 0xAA, 0xAA, 0x00, 0x01, 0x80, 0x00, 0x00, 0x01, 0x80, 0x00, 0x0E, 0x71, 0x90, 0x80,
    0x16, 0x61, 0x92, 0x10, 0x0E, 0xE1, 0x80, 0x00, 0x00, 0x01, 0x80, 0x00, 0x00, 0x01, 0x80, 0x00,
    0x55, 0x55, 0xAA, 0xAA, 0x00, 0x01, 0x80, 0x00, 0x00, 0x01, 0x80, 0x00, 0x1C, 0x71, 0x92, 0x80,
    0x1C, 0x61, 0x94, 0x10, 0x12, 0xE1, 0x80, 0x00, 0x00, 0x01, 0x80, 0x00, 0x00, 0x01, 0x80, 0x00,
    0x55, 0x55, 0xAA, 0xAA, 0x00, 0x01, 0x80, 0x00, 0x00, 0x01, 0x80, 0x00, 0x12, 0x71, 0x92, 0x80,
    0x12, 0x61, 0x92, 0x10, 0x0C, 0xE1, 0x80, 0x00, 0x00, 0x01, 0x80, 0x00, 0x00, 0x01, 0x80, 0x00,
    0x55, 0x55, 0x00, 0xFF, 0xFF, 0xA0, 0xF0, 0xDE, 0xF7, 0xBD, 0x80, 0x09, 0x02, 0x40, 0x91, 0xFF,
    0x7F, 0xC4, 0x81, 0x20, 0x48, 0xFF, 0xBF, 0xE2, 0x40, 0x90, 0x24, 0x00, 0x08, 0x1F, 0x1F, 0xD9,
    0x6C, 0x87, 0x41, 0xE0, 0x7C, 0x0F, 0x04, 0xF2, 0x7D, 0x77, 0xF1, 0xF0, 0x20, 0x10, 0x78, 0x63,
    0x33, 0x0C, 0xCC, 0x33, 0x60, 0xCD, 0x81, 0xEC, 0x00, 0x30, 0x01, 0x9E, 0x06, 0xCC, 0x33, 0x30,
    0xCC, 0xC6, 0x33, 0x18, 0x78, 0x3C, 0x07, 0xE0, 0x66, 0x06, 0x60, 0x3C, 0x07, 0xC0, 0xEE, 0xCC,
    0x6C, 0xC3, 0xCC, 0x38, 0xE7, 0xC7, 0xEE, 0x3C, 0x70, 0xF8, 0x13, 0x66, 0xCC, 0xCC, 0xCC, 0xCC,
    0xCC, 0x66, 0x31, 0x8C, 0x66, 0x33, 0x33, 0x33, 0x33, 0x33, 0x66, 0xC8, 0x25, 0x7E, 0x4F, 0xD4,
    0x80, 0x18, 0x18, 0x18, 0x18, 0xFF, 0xFF, 0x18, 0x18, 0x18, 0x18, 0xF5, 0x80, 0xF8, 0xF0, 0x18,
    0xC6, 0x33, 0x18, 0xCC, 0x63, 0x31, 0x8C, 0x60, 0x3C, 0x7E, 0x66, 0xC3, 0xC3, 0xC3, 0xC3, 0xC3,
    0xC3, 0xC3, 0x66, 0x7E, 0x3C, 0x1F, 0xFE, 0x31, 0x8C, 0x63, 0x18, 0xC6, 0x31, 0x80, 0x3C, 0xFE,
    0xC3, 0x03, 0x07, 0x0E, 0x1C, 0x38, 0x70, 0xE0, 0xC0, 0xFF, 0xFF, 0x3E, 0x7F, 0xC3, 0xC3, 0x06,
    0x1C, 0x1E, 0x07, 0x03, 0xC3, 0xC7, 0x7E, 0x3C, 0x03, 0x03, 0x83, 0xC3, 0x63, 0x31, 0x99, 0x8D,
    0x86, 0xFF, 0xFF, 0xC0, 0xC0, 0x60, 0x30, 0xFE, 0xFE, 0xC0, 0xC0, 0xFC, 0xFE, 0xC7, 0x03, 0x03,
    0xC3, 0xC7, 0xFE, 0x7C, 0x3C, 0x7F, 0x63, 0xC0, 0xC0, 0xDC, 0xFE, 0xC3, 0xC3, 0xC3, 0xE3, 0x7E,
    0x3C, 0xFF, 0xFF, 0x03, 0x06, 0x0C, 0x0C, 0x18, 0x18, 0x30, 0x30, 0x60, 0x60, 0x60, 0x3C, 0x7E,
    0xE7, 0xC3, 0xC3, 0x66, 0x7E, 0xE7, 0xC3, 0xC3, 0xE7, 0x7E, 0x3C, 0x3C, 0x7E, 0xC7, 0xC3, 0xC3,
    0xC3, 0x7F, 0x3B, 0x03, 0x03, 0xC6, 0xFE, 0x7C, 0xF0, 0x00, 0xF0, 0xF0, 0x00, 0xF5, 0x80, 0x03,
    0x0F, 0x3C, 0x70, 0xC0, 0x70, 0x3C, 0x0F, 0x03, 0xFF, 0xFC, 0x07, 0xFF, 0xE0, 0xC0, 0xF0, 0x3C,
    0x0E, 0x03, 0x0E, 0x3C, 0xF0, 0xC0, 0x7D, 0xFF, 0x1E, 0x30, 0xE3, 0x8E, 0x18, 0x30, 0x60, 0x00,
    0x03, 0x06, 0x00, 0x03, 0xF0, 0x0F, 0xFC, 0x1C, 0x0E, 0x30, 0x06, 0x63, 0xD3, 0x67, 0x73, 0xC6,
    0x33, 0xCC, 0x63, 0xCC, 0x66, 0xCC, 0x66, 0xCC, 0xCC, 0xCF, 0xF8, 0x67, 0x70, 0x70, 0x00, 0x38,
    0x00, 0x1F, 0xF0, 0x07, 0xE0, 0x06, 0x00, 0x60, 0x0F, 0x00, 0xF0, 0x19, 0x81, 0x98, 0x30, 0xC3,
    0x0C, 0x3F, 0xC7, 0xFE, 0x60, 0x66, 0x06, 0xC0, 0x3C, 0x03, 0xFF, 0x1F, 0xF3, 0x07, 0x60, 0x6C,
    0x0D, 0x83, 0x3F, 0xE7, 0xFE, 0xC0, 0xF8, 0x0F, 0x01, 0xE0, 0x7F, 0xFD, 0xFF, 0x00, 0x0F, 0x83,
    0xFE, 0x70, 0x76, 0x03, 0xE0, 0x0C, 0x00, 0xC0, 0x0C, 0x00, 0xC0, 0x0E, 0x00, 0x60, 0x37, 0x07,
    0x3F, 0xE0, 0xF8, 0xFF, 0x8F, 0xFC, 0xC0, 0xEC, 0x06, 0xC0, 0x3C, 0x03, 0xC0, 0x3C, 0x03, 0xC0,
    0x3C, 0x03, 0xC0, 0x6C, 0x0E, 0xFF, 0xCF, 0xF8, 0xFF, 0xFF, 0xFC, 0x03, 0x00, 0xC0, 0x30, 0x0F,
    0xFB, 0xFE, 0xC0, 0x30, 0x0C, 0x03, 0x00, 0xFF, 0xFF, 0xF0, 0xFF, 0xFF, 0xF0, 0x18, 0x0C, 0x06,
    0x03, 0xFD, 0xFE, 0xC0, 0x60, 0x30, 0x18, 0x0C, 0x06, 0x00, 0x0F, 0xC1, 0xFF, 0x9C, 0x0E, 0xC0,
    0x3E, 0x01, 0xE0, 0x03, 0x00, 0x18, 0x1F, 0xC0, 0xFF, 0x00, 0xD8, 0x06, 0xE0, 0x73, 0xFF, 0x87,
    0xEC, 0xC0, 0x78, 0x0F, 0x01, 0xE0, 0x3C, 0x07, 0x80, 0xFF, 0xFF, 0xFF, 0xC0, 0x78, 0x0F, 0x01,
    0xE0, 0x3C, 0x07, 0x80, 0xC0, 0xFF, 0xFF, 0xFF, 0xF0, 0x03, 0x03, 0x03, 0x03, 0x03, 0x03, 0x03,
    0x03, 0x03, 0xC3, 0xC3, 0xE7, 0x7E, 0x3C, 0xC0, 0xEC, 0x1C, 0xC3, 0x8C, 0x70, 0xCE, 0x0D, 0xC0,
    0xF8, 0x0F, 0xC0, 0xCE, 0x0C, 0x70, 0xC3, 0x8C, 0x1C, 0xC0, 0xEC, 0x07, 0xC0, 0x60, 0x30, 0x18,
    0x0C, 0x06, 0x03, 0x01, 0x80, 0xC0, 0x60, 0x30, 0x18, 0x0F, 0xFF, 0xFC, 0xC0, 0x0F, 0x00, 0x3E,
    0x01, 0xF8, 0x07, 0xF0, 0x3F, 0xC0, 0xFD, 0x86, 0xF6, 0x1B, 0xCC, 0xCF, 0x33, 0x3C, 0x48, 0xF1,
    0xE3, 0xC3, 0x0F, 0x0C, 0x30, 0xC0, 0x7C, 0x0F, 0xC1, 0xF8, 0x3D, 0x87, 0x98, 0xF3, 0x1E, 0x33,
    0xC6, 0x78, 0x6F, 0x07, 0xE0, 0xFC, 0x0F, 0x80, 0xC0, 0x0F, 0x81, 0xFF, 0x1C, 0x1C, 0xC0, 0x6E,
    0x03, 0xE0, 0x0F, 0x00, 0x78, 0x03, 0xC0, 0x1F, 0x01, 0xD8, 0x0C, 0xE0, 0xE3, 0xFE, 0x07, 0xC0,
    0xFF, 0x3F, 0xEC, 0x1F, 0x03, 0xC0, 0xF0, 0x7F, 0xFB, 0xFC, 0xC0, 0x30, 0x0C, 0x03, 0x00, 0xC0,
    0x30, 0x00, 0x0F, 0x81, 0xFF, 0x1C, 0x1C, 0xC0, 0x6E, 0x03, 0xE0, 0x0F, 0x00, 0x78, 0x03, 0xC0,
    0x1F, 0x0D, 0xD8, 0x6C, 0xE1, 0xE3, 0xFE, 0x07, 0xD8, 0x00, 0xC0, 0xFF, 0x9F, 0xFB, 0x03, 0xE0,
    0x3C, 0x07, 0x81, 0xFF, 0xF7, 0xFC, 0xC0, 0xD8, 0x1B, 0x01, 0xE0, 0x3C, 0x07, 0x80, 0xC0, 0x1E,
    0x1F, 0xEE, 0x1F, 0x03, 0xE0, 0x1F, 0x01, 0xF0, 0x0E, 0x01, 0xC0, 0x3C, 0x0F, 0x87, 0x7F, 0x8F,
    0xC0, 0xFF, 0xFF, 0xF0, 0xC0, 0x30, 0x0C, 0x03, 0x00, 0xC0, 0x30, 0x0C, 0x03, 0x00, 0xC0, 0x30,
    0x0C, 0x03, 0x00, 0xC0, 0x78, 0x0F, 0x01, 0xE0, 0x3C, 0x07, 0x80, 0xF0, 0x1E, 0x03, 0xC0, 0x78,
    0x0F, 0x01, 0xB0, 0x67, 0xFC, 0x3E, 0x00, 0xC0, 0x3C, 0x03, 0x60, 0x66, 0x06, 0x60, 0x63, 0x0C,
    0x30, 0xC3, 0x0C, 0x19, 0x81, 0x98, 0x19, 0x80, 0xF0, 0x0F, 0x00, 0x60, 0xC1, 0x83, 0xC1, 0x83,
    0xC1, 0x83, 0xC3, 0xC3, 0x63, 0xC6, 0x62, 0x46, 0x66, 0x66, 0x66, 0x66, 0x36, 0x6C, 0x36, 0x6C,
    0x34, 0x2C, 0x1C, 0x38, 0x18, 0x18, 0x18, 0x18, 0xC0, 0x78, 0x0D, 0x83, 0x38, 0xE3, 0x18, 0x36,
    0x03, 0x80, 0x70, 0x1B, 0x06, 0x31, 0xC7, 0x30, 0x6C, 0x07, 0x80, 0xC0, 0xC0, 0x3C, 0x03, 0x60,
    0x66, 0x06, 0x30, 0xC3, 0x9C, 0x19, 0x80, 0xF0, 0x06, 0x00, 0x60, 0x06, 0x00, 0x60, 0x06, 0x00,
    0x60, 0xFF, 0xFF, 0xF0, 0x0C, 0x06, 0x03, 0x01, 0x80, 0xC0, 0x70, 0x18, 0x0C, 0x06, 0x03, 0x00,
    0xFF, 0xFF, 0xF0, 0xFF, 0xCC, 0xCC, 0xCC, 0xCC, 0xCC, 0xCC, 0xCC, 0xFF, 0xC6, 0x30, 0xC6, 0x30,
    0xC6, 0x31, 0x86, 0x31, 0x8C, 0xFF, 0x33, 0x33, 0x33, 0x33, 0x33, 0x33, 0x33, 0xFF, 0x10, 0x71,
    0xB3, 0x6C, 0x78, 0xC0, 0xFF, 0xFF, 0xFC, 0xC6, 0x30, 0x7E, 0x73, 0xB0, 0xC0, 0xE7, 0xF7, 0x1B,
    0x0D, 0x86, 0xE7, 0xBC, 0xC0, 0xC0, 0x60, 0x30, 0x18, 0x0D, 0xE7, 0xFB, 0x8D, 0x83, 0xC1, 0xE0,
    0xF0, 0x7C, 0x6F, 0xF6, 0xF0, 0x3E, 0x7F, 0x63, 0xC0, 0xC0, 0xC0, 0xC0, 0x63, 0x7F, 0x3E, 0x01,
    0x80, 0xC0, 0x60, 0x33, 0xDB, 0xFD, 0x8F, 0x83, 0xC1, 0xE0, 0xF0, 0x6C, 0x77, 0xF9, 0xEC, 0x3C,
    0x7E, 0xC3, 0xC3, 0xFF, 0xC0, 0xC0, 0xE3, 0x7F, 0x3C, 0x1C, 0xF3, 0x0C, 0xFF, 0xF3, 0x0C, 0x30,
    0xC3, 0x0C, 0x30, 0xC0, 0x3D, 0xBF, 0xD8, 0x78, 0x3C, 0x1E, 0x0F, 0x06, 0xC7, 0x7F, 0x9E, 0xC0,
    0x6C, 0x67, 0xF0, 0xE0, 0xC0, 0xC0, 0xC0, 0xC0, 0xDE, 0xFF, 0xE3, 0xC3, 0xC3, 0xC3, 0xC3, 0xC3,
    0xC3, 0xC3, 0xF0, 0xFF, 0xFF, 0xF0, 0x33, 0x00, 0x33, 0x33, 0x33, 0x33, 0x33, 0x33, 0xFE, 0xC0,
    0xC0, 0xC0, 0xC0, 0xC6, 0xCC, 0xD8, 0xF0, 0xF8, 0xD8, 0xCC, 0xCE, 0xC6, 0xC7, 0xFF, 0xFF, 0xFF,
    0xF0, 0xDE, 0x7B, 0xFF, 0xFE, 0x38, 0xF0, 0xC3, 0xC3, 0x0F, 0x0C, 0x3C, 0x30, 0xF0, 0xC3, 0xC3,
    0x0F, 0x0C, 0x30, 0xDE, 0xFF, 0xE3, 0xC3, 0xC3, 0xC3, 0xC3, 0xC3, 0xC3, 0xC3, 0x3E, 0x3F, 0x98,
    0xD8, 0x3C, 0x1E, 0x0F, 0x06, 0xC6, 0x7F, 0x1F, 0x00, 0xDE, 0x7F, 0xB8, 0xD8, 0x3C, 0x1E, 0x0F,
    0x07, 0xC6, 0xFF, 0x6F, 0x30, 0x18, 0x0C, 0x06, 0x00, 0x3D, 0xBF, 0xD8, 0xF8, 0x3C, 0x1E, 0x0F,
    0x06, 0xC7, 0x7F, 0x9E, 0xC0, 0x60, 0x30, 0x18, 0x0C, 0xDE, 0xF9, 0x8C, 0x63, 0x18, 0xC6, 0x00,
    0x3C, 0xFF, 0x1E, 0x0F, 0xC7, 0xC1, 0xE3, 0xFC, 0xF0, 0x30, 0xC3, 0x3F, 0xFC, 0xC3, 0x0C, 0x30,
    0xC3, 0x0F, 0x1C, 0xC3, 0xC3, 0xC3, 0xC3, 0xC3, 0xC3, 0xC3, 0xC7, 0xFF, 0x7B, 0xC3, 0xC3, 0xC3,
    0x66, 0x66, 0x66, 0x24, 0x3C, 0x18, 0x18, 0xC6, 0x3C, 0x63, 0xC6, 0x36, 0x66, 0x66, 0x66, 0x96,
    0x29, 0x43, 0x9C, 0x19, 0x81, 0x98, 0xC3, 0xE7, 0x66, 0x3C, 0x18, 0x18, 0x3C, 0x66, 0xE7, 0xC3,
    0xC3, 0xC3, 0xC3, 0x66, 0x66, 0x66, 0x24, 0x3C, 0x18, 0x18, 0x18, 0x18, 0x70, 0x70, 0xFF, 0xFC,
    0x18, 0x61, 0x86, 0x18, 0x60, 0xFF, 0xFC, 0x0C, 0x63, 0x0C, 0x30, 0xC3, 0x18, 0xC1, 0x83, 0x0C,
    0x30, 0xC3, 0x0C, 0x18, 0x30, 0xFF, 0xFF, 0xFF, 0xFF, 0xF0, 0xC1, 0x83, 0x0C, 0x30, 0xC3, 0x06,
    0x0C, 0x63, 0x0C, 0x30, 0xC3, 0x0C, 0x63, 0x00, 0x73, 0xFF, 0xCE, 0xAA, 0xAA, 0x00, 0x01, 0x80,
    0x00, 0x00, 0x01, 0x80, 0x00, 0x73, 0xD1, 0xCA, 0x10, 0x4B, 0xD1, 0xCA, 0x10, 0x73, 0xDF, 0x80,
    0x00, 0x00, 0x01, 0x80, 0x00, 0x00, 0x01, 0x80, 0x00, 0x55, 0x55, 0xAA, 0xAA, 0x00, 0x01, 0x80,
    0x00, 0x00, 0x01, 0x80, 0x00, 0x71, 0x9D, 0xCA, 0x52, 0x73, 0xD3, 0xC2, 0x52, 0x42, 0x5D, 0x80,
    0x00, 0x00, 0x01, 0x80, 0x00, 0x00, 0x01, 0x80, 0x00, 0x55, 0x55, 0xAA, 0xAA, 0x00, 0x01, 0x80,
    0x00, 0x00, 0x01, 0x80, 0x00, 0x49, 0x9D, 0xCA, 0x52, 0x7A, 0x5D, 0xCA, 0x50, 0x49, 0x91, 0x80,
    0x00, 0x00, 0x01, 0x80, 0x00, 0x00, 0x01, 0x80, 0x00, 0x55, 0x55, 0xAA, 0xAA, 0x00, 0x01, 0x80,
    0x00, 0x00, 0x01, 0x80, 0x00, 0x73, 0x93, 0xCA, 0x52, 0x73, 0x9F, 0xCA, 0x12, 0x72, 0x13, 0x80,
    0x00, 0x00, 0x01, 0x80, 0x00, 0x00, 0x01, 0x80, 0x00, 0x55, 0x55, 0xAA, 0xAA, 0x00, 0x01, 0x80,
    0x00, 0x00, 0x01, 0x80, 0x00, 0x4B, 0x93, 0xEA, 0x52, 0x5B, 0x9F, 0xCA, 0x52, 0x4B, 0x93, 0x80,
    0x00, 0x00, 0x01, 0x80, 0x00, 0x00, 0x01, 0x80, 0x00, 0x55, 0x55, 0xAA, 0xAA, 0x00, 0x01, 0x80,
    0x00, 0x00, 0x01, 0x80, 0x00, 0x74, 0xB9, 0xA6, 0xA4, 0x25, 0xA5, 0xA4, 0xA4, 0x74, 0xB9, 0x80,
    0x00, 0x00, 0x01, 0x80, 0x00, 0x00, 0x01, 0x80, 0x00, 0x55, 0x55, 0xAA, 0xAA, 0x00, 0x01, 0x80,
    0x00, 0x00, 0x01, 0x80, 0x00, 0x4B, 0xD1, 0xEA, 0x10, 0x5B, 0xD1, 0xCA, 0x10, 0x4B, 0xDF, 0x80,
    0x00, 0x00, 0x01, 0x80, 0x00, 0x00, 0x01, 0x80, 0x00, 0x55, 0x55, 0xAA, 0xAA, 0x00, 0x01, 0x80,
    0x00, 0x00, 0x01, 0x80, 0x00, 0x39, 0xCD, 0xC2, 0x12, 0x31, 0x9F, 0x88, 0x52, 0x73, 0x93, 0x80,
    0x00, 0x00, 0x01, 0x80, 0x00, 0x00, 0x01, 0x80, 0x00, 0x55, 0x55, 0xAA, 0xAA, 0x00, 0x01, 0x80,
    0x00, 0x00, 0x01, 0x80, 0x00, 0x79, 0xCD, 0xC2, 0x12, 0x79, 0x9F, 0xC0, 0x52, 0x7B, 0x93, 0x80,
    0x00, 0x00, 0x01, 0x80, 0x00, 0x00, 0x01, 0x80, 0x00, 0x55, 0x55, 0xAA, 0xAA, 0x00, 0x01, 0x80,
    0x00, 0x00, 0x01, 0x80, 0x00, 0x4B, 0x9D, 0xC9, 0x20, 0x79, 0x19, 0xC9, 0x04, 0x49, 0x39, 0x80,
    0x00, 0x00, 0x01, 0x80, 0x00, 0x00, 0x01, 0x80, 0x00, 0x55, 0x55, 0xAA, 0xAA, 0x00, 0x01, 0x80,
    0x00, 0x00, 0x01, 0x80, 0x00, 0x25, 0xDD, 0xA4, 0x84, 0x3C, 0x85, 0xA4, 0x84, 0x24, 0x99, 0x80,
    0x00, 0x00, 0x01, 0x80, 0x00, 0x00, 0x01, 0x80, 0x00, 0x55, 0x55, 0xAA, 0xAA, 0x00, 0x01, 0x80,
    0x00, 0x00, 0x01, 0x80, 0x00, 0x45, 0xCD, 0xC4, 0x90, 0x44, 0x89, 0xA8, 0x84, 0x10, 0x99, 0x80,
    0x00, 0x00, 0x01, 0x80, 0x00, 0x00, 0x01, 0x80, 0x00, 0x55, 0x55, 0xAA, 0xAA, 0x00, 0x01, 0x80,
    0x00, 0x00, 0x01, 0x80, 0x00, 0x72, 0x1D, 0xCA, 0x12, 0x72, 0x13, 0xC2, 0x12, 0x43, 0xDD, 0x80,
    0x00, 0x00, 0x01, 0x80, 0x00, 0x00, 0x01, 0x80, 0x00, 0x55, 0x55, 0xAA, 0xAA, 0x00, 0x01, 0x80,
    0x00, 0x00, 0x01, 0x80, 0x00, 0x72, 0x13, 0xCA, 0x12, 0x72, 0x13, 0xC2, 0x12, 0x43, 0xCD, 0x80,
    0x00, 0x00, 0x01, 0x80, 0x00, 0x00, 0x01, 0x80, 0x00, 0x55, 0x55, 0xAA, 0xAA, 0x00, 0x01, 0x80,
    0x00, 0x00, 0x01, 0x80, 0x00, 0x0E, 0x21, 0x89, 0x20, 0x0E, 0x21, 0x8A, 0x20, 0x09, 0x21, 0x80,
    0x00, 0x00, 0x01, 0x80, 0x00, 0x00, 0x01, 0x80, 0x00, 0x55, 0x55, 0xAA, 0xAA, 0x00, 0x01, 0x80,
    0x00, 0x00, 0x01, 0x80, 0x00, 0x39, 0xDD, 0xC2, 0x02, 0x31, 0x8D, 0x88, 0x50, 0x73, 0x9F, 0x80,
    0x00, 0x00, 0x01, 0x80, 0x00, 0x00, 0x01, 0x80, 0x00, 0x55, 0x55, 0xAA, 0xAA, 0x00, 0x01, 0x80,
    0x00, 0x00, 0x01, 0x80, 0x00, 0x39, 0xDD, 0xC2, 0x02, 0x31, 0x8D, 0x88, 0x42, 0x73, 0x9D, 0x80,
    0x00, 0x00, 0x01, 0x80, 0x00, 0x00, 0x01, 0x80, 0x00, 0x55, 0x55, 0xAA, 0xAA, 0x00, 0x01, 0x80,
    0x00, 0x00, 0x01, 0x80, 0x00, 0x71, 0xCF, 0xCA, 0x10, 0x4A, 0x0D, 0xCA, 0x02, 0x71, 0xDD, 0x80,
    0x00, 0x00, 0x01, 0x80, 0x00, 0x00, 0x01, 0x80, 0x00, 0x55, 0x55, 0xAA, 0xAA, 0x00, 0x01, 0x80,
    0x00, 0x00, 0x01, 0x80, 0x00, 0x72, 0x45, 0xCA, 0x4C, 0x72, 0x45, 0xC2, 0x44, 0x41, 0x8F, 0x80,
    0x00, 0x00, 0x01, 0x80, 0x00, 0x00, 0x01, 0x80, 0x00, 0x55, 0x55, 0xAA, 0xAA, 0x00, 0x01, 0x80,
    0x00, 0x00, 0x01, 0x80, 0x00, 0x72, 0x5D, 0xCA, 0x42, 0x72, 0x4D, 0xC2, 0x50, 0x41, 0x9F, 0x80,
    0x00, 0x00, 0x01, 0x80, 0x00, 0x00, 0x01, 0x80, 0x00, 0x55, 0x55, 0xAA, 0xAA, 0x00, 0x01, 0x80,
    0x00, 0x00, 0x01, 0x80, 0x00, 0x3B, 0x9D, 0xC1, 0x20, 0x31, 0x19, 0x89, 0x04, 0x71, 0x39, 0x80,
    0x00, 0x00, 0x01, 0x80, 0x00, 0x00, 0x01, 0x80, 0x00, 0x55, 0x55, 0xAA, 0xAA, 0x00, 0x01, 0x80,
    0x00, 0x00, 0x01, 0x80, 0x00, 0x39, 0xD3, 0xC2, 0x12, 0x42, 0x1F, 0xC2, 0x12, 0x39, 0xD3, 0x80,
    0x00, 0x00, 0x01, 0x80, 0x00, 0x00, 0x01, 0x80, 0x00, 0x55, 0x55, 0xAA, 0xAA, 0x00, 0x01, 0x80,
    0x00, 0x00, 0x01, 0x80, 0x00, 0x22, 0x89, 0xB6, 0x88, 0x2A, 0xA9, 0xA2, 0xD8, 0x22, 0x89, 0x80,
    0x00, 0x00, 0x01, 0x80, 0x00, 0x00, 0x01, 0x80, 0x00, 0x55, 0x55, 0xAA, 0xAA, 0x00, 0x01, 0x80,
    0x00, 0x00, 0x01, 0x80, 0x00, 0x3B, 0x8D, 0xC2, 0x52, 0x33, 0x9F, 0x8A, 0x12, 0x72, 0x13, 0x80,
    0x00, 0x00, 0x01, 0x80, 0x00, 0x00, 0x01, 0x80, 0x00, 0x55, 0x55, 0xAA, 0xAA, 0x00, 0x01, 0x80,
    0x00, 0x00, 0x01, 0x80, 0x00, 0x7B, 0x8D, 0xC2, 0x52, 0x7B, 0x9F, 0xC2, 0x12, 0x7A, 0x13, 0x80,
    0x00, 0x00, 0x01, 0x80, 0x00, 0x00, 0x01, 0x80, 0x00, 0x55, 0x55, 0xAA, 0xAA, 0x00, 0x01, 0x80,
    0x00, 0x00, 0x01, 0x80, 0x00, 0x39, 0x8F, 0xC2, 0x50, 0x32, 0x4D, 0x8A, 0x42, 0x71, 0x9D, 0x80,
    0x00, 0x00, 0x01, 0x80, 0x00, 0x00, 0x01, 0x80, 0x00, 0x55, 0x55, 0xAA, 0xAA, 0x00, 0x01, 0x80,
    0x00, 0x00, 0x01, 0x80, 0x00, 0x33, 0x9B, 0xC4, 0x22, 0x25, 0xA3, 0x94, 0xA2, 0x63, 0x9B, 0x80,
    0x00, 0x00, 0x01, 0x80, 0x00, 0x00, 0x01, 0x80, 0x00, 0x55, 0x55, 0xAA, 0xAA, 0x00, 0x01, 0x80,
    0x00, 0x00, 0x01, 0x80, 0x00, 0x39, 0xDD, 0xC2, 0x08, 0x32, 0x09, 0x8A, 0x08, 0x71, 0xDD, 0x80,
    0x00, 0x00, 0x01, 0x80, 0x00, 0x00, 0x01, 0x80, 0x00, 0x55, 0x55, 0xAA, 0xAA, 0x00, 0x01, 0x80,
    0x00, 0x00, 0x01, 0x80, 0x00, 0x39, 0xDD, 0xC2, 0x08, 0x41, 0x89, 0xC0, 0x48, 0x3B, 0x9D, 0x80,
    0x00, 0x00, 0x01, 0x80, 0x00, 0x00, 0x01, 0x80, 0x00, 0x55, 0x55, 0xAA, 0xAA, 0x00, 0x01, 0x80,
    0x00, 0x00, 0x01, 0x80, 0x00, 0x0E, 0xF9, 0x90, 0x20, 0x0C, 0x21, 0x82, 0x20, 0x1C, 0x21, 0x80,
    0x00, 0x00, 0x01, 0x80, 0x00, 0x00, 0x01, 0x80, 0x00, 0x55, 0x55, 0xAA, 0xAA, 0x00, 0x01, 0x80,
    0x00, 0x00, 0x01, 0x80, 0x00, 0x31, 0xCF, 0xCA, 0x10, 0x49, 0x91, 0xC8, 0x50, 0x33, 0x8F, 0x80,
    0x00, 0x00, 0x01, 0x80, 0x00, 0x00, 0x01, 0x80, 0x00, 0x55, 0x55, 0xAA, 0xAA, 0x00, 0x01, 0x80,
    0x00, 0x00, 0x01, 0x80, 0x00, 0x1C, 0x89, 0x92, 0xD8, 0x1C, 0xA9, 0x90, 0x88, 0x10, 0x89, 0x80,
    0x00, 0x00, 0x01, 0x80, 0x00, 0x00, 0x01, 0x80, 0x00, 0x55, 0x55, 0xAA, 0xAA, 0x00, 0x01, 0x80,
    0x00, 0x00, 0x01, 0x80, 0x00, 0x33, 0x8F, 0xCA, 0x50, 0x7B, 0x91, 0xCA, 0x10, 0x4A, 0x0F, 0x80,
    0x00, 0x00, 0x01, 0x80, 0x00, 0x00, 0x01, 0x80, 0x00, 0x55, 0x55, 0x00, 0xF0, 0x5F, 0xFF, 0xF0,
    0x04, 0x04, 0x3E, 0x7F, 0x6B, 0xC8, 0xC8, 0xC8, 0xC8, 0x6B, 0x7F, 0x3E, 0x10, 0x10, 0x1E, 0x1F,
    0x98, 0x6C, 0x36, 0x01, 0x81, 0xF8, 0x30, 0x18, 0x18, 0x18, 0x3F, 0xFD, 0xF0, 0xC3, 0xFF, 0x66,
    0x66, 0x66, 0xFF, 0xC3, 0xC3, 0xC3, 0x66, 0x66, 0x66, 0x3C, 0xFF, 0x18, 0xFF, 0x18, 0x18, 0x18,
    0x18, 0xFF, 0xFC, 0x03, 0xFF, 0xF0, 0x3C, 0x7E, 0xC3, 0xC3, 0xF0, 0x7C, 0x6E, 0xC7, 0xC3, 0xE3,
    0x73, 0x3E, 0x0E, 0x07, 0xC3, 0xC3, 0x7E, 0x3C, 0xDE, 0xC0, 0x0F, 0x81, 0x83, 0x10, 0x04, 0x8E,
    0x28, 0x88, 0xC8, 0x46, 0x40, 0x32, 0x01, 0x90, 0x0C, 0x44, 0x51, 0xC4, 0x80, 0x23, 0x06, 0x07,
    0xC0, 0x74, 0xCE, 0x9D, 0xB4, 0x1F, 0x36, 0xDB, 0x66, 0xC6, 0xC6, 0xC0, 0xFF, 0xFF, 0xC0, 0x60,
    0x30, 0x18, 0xF8, 0x0F, 0x81, 0x83, 0x10, 0x04, 0x9F, 0x28, 0x84, 0xC4, 0x26, 0x21, 0x31, 0xF1,
    0x89, 0x0C, 0x44, 0x52, 0x14, 0x80, 0x23, 0x06, 0x07, 0xC0, 0xF8, 0x76, 0xE3, 0xB7, 0x00, 0x18,
    0x18, 0x18, 0xFF, 0xFF, 0x18, 0x18, 0x18, 0x00, 0xFF, 0xFF, 0x77, 0xE6, 0x33, 0x33, 0xFF, 0x77,
    0xE6, 0x63, 0x4F, 0xEE, 0x36, 0xC0, 0xC3, 0xC3, 0xC3, 0xC3, 0xC3, 0xC3, 0xC3, 0xE7, 0xFF, 0xDB,
    0xC0, 0xC0, 0xC0, 0xC0, 0x3F, 0x72, 0xF2, 0xF2, 0xF2, 0xF2, 0xF2, 0x72, 0x32, 0x12, 0x12, 0x12,
    0x12, 0x12, 0x12, 0x12, 0x12, 0x12, 0xF0, 0x63, 0x87, 0xBF, 0x00, 0x3F, 0xF3, 0x33, 0x33, 0x76,
    0xE3, 0x1D, 0xB8, 0x1F, 0xD8, 0xD8, 0xD9, 0xB6, 0xDB, 0x00, 0x30, 0x33, 0xC0, 0xCF, 0x06, 0x0C,
    0x30, 0x30, 0xC0, 0xC6, 0x23, 0x11, 0x8C, 0xCE, 0x06, 0x78, 0x1B, 0x60, 0xCF, 0xC6, 0x06, 0x18,
    0x18, 0x30, 0x33, 0xC0, 0xCF, 0x06, 0x0C, 0x30, 0x30, 0xC0, 0xC6, 0xE3, 0x17, 0xCC, 0xD3, 0x06,
    0x0C, 0x18, 0x60, 0xC3, 0x06, 0x1F, 0x18, 0x7C, 0x70, 0x33, 0xE0, 0xC9, 0x86, 0x0C, 0x30, 0x30,
    0xC2, 0x66, 0x2F, 0x91, 0x9C, 0xCE, 0x06, 0x78, 0x1B, 0x60, 0xCF, 0xC6, 0x06, 0x18, 0x18, 0x18,
    0x30, 0x00, 0x01, 0x83, 0x06, 0x1C, 0x71, 0xC3, 0x1E, 0x3F, 0xEF, 0x80, 0x18, 0x00, 0xC0, 0x06,
    0x00, 0x00, 0x06, 0x00, 0x60, 0x0F, 0x00, 0xF0, 0x19, 0x81, 0x98, 0x30, 0xC3, 0x0C, 0x3F, 0xC7,
    0xFE, 0x60, 0x66, 0x06, 0xC0, 0x3C, 0x03, 0x01, 0x80, 0x30, 0x06, 0x00, 0x00, 0x06, 0x00, 0x60,
    0x0F, 0x00, 0xF0, 0x19, 0x81, 0x98, 0x30, 0xC3, 0x0C, 0x3F, 0xC7, 0xFE, 0x60, 0x66, 0x06, 0xC0,
    0x3C, 0x03, 0x06, 0x00, 0xF0, 0x19, 0x80, 0x00, 0x06, 0x00, 0x60, 0x0F, 0x00, 0xF0, 0x19, 0x81,
    0x98, 0x30, 0xC3, 0x0C, 0x3F, 0xC7, 0xFE, 0x60, 0x66, 0x06, 0xC0, 0x3C, 0x03, 0x0C, 0x81, 0x68,
    0x13, 0x00, 0x00, 0x06, 0x00, 0x60, 0x0F, 0x00, 0xF0, 0x19, 0x81, 0x98, 0x30, 0xC3, 0x0C, 0x3F,
    0xC7, 0xFE, 0x60, 0x66, 0x06, 0xC0, 0x3C, 0x03, 0x19, 0x81, 0x98, 0x00, 0x00, 0x60, 0x06, 0x00,
    0xF0, 0x0F, 0x01, 0x98, 0x19, 0x83, 0x0C, 0x30, 0xC3, 0xFC, 0x7F, 0xE6, 0x06, 0x60, 0x6C, 0x03,
    0xC0, 0x30, 0x06, 0x00, 0x90, 0x09, 0x00, 0x60, 0x06, 0x00, 0xF0, 0x0F, 0x01, 0x98, 0x19, 0x83,
    0x0C, 0x30, 0xC3, 0xFC, 0x7F, 0xE6, 0x06, 0x60, 0x6C, 0x03, 0xC0, 0x30, 0x07, 0xFF, 0x07, 0xFF,
    0x0D, 0x80, 0x0D, 0x80, 0x19, 0x80, 0x19, 0x80, 0x31, 0xFE, 0x31, 0xFE, 0x3F, 0x80, 0x7F, 0x80,
    0x61, 0x80, 0x61, 0x80, 0xC1, 0xFF, 0xC1, 0xFF, 0x0F, 0x83, 0xFE, 0x70, 0x76, 0x03, 0xE0, 0x0C,
    0x00, 0xC0, 0x0C, 0x00, 0xC0, 0x0E, 0x00, 0x60, 0x37, 0x07, 0x3F, 0xE0, 0xF8, 0x06, 0x00, 0x30,
    0x1B, 0x01, 0xE0, 0x30, 0x06, 0x00, 0xC0, 0x00, 0xFF, 0xFF, 0xFC, 0x03, 0x00, 0xC0, 0x30, 0x0F,
    0xFB, 0xFE, 0xC0, 0x30, 0x0C, 0x03, 0x00, 0xFF, 0xFF, 0xF0, 0x03, 0x01, 0x80, 0xC0, 0x00, 0xFF,
    0xFF, 0xFC, 0x03, 0x00, 0xC0, 0x30, 0x0F, 0xFB, 0xFE, 0xC0, 0x30, 0x0C, 0x03, 0x00, 0xFF, 0xFF,
    0xF0, 0x0C, 0x07, 0x83, 0x30, 0x00, 0xFF, 0xFF, 0xFC, 0x03, 0x00, 0xC0, 0x30, 0x0F, 0xFB, 0xFE,
    0xC0, 0x30, 0x0C, 0x03, 0x00, 0xFF, 0xFF, 0xF0, 0x33, 0x0C, 0xC0, 0x03, 0xFF, 0xFF, 0xF0, 0x0C,
    0x03, 0x00, 0xC0, 0x3F, 0xEF, 0xFB, 0x00, 0xC0, 0x30, 0x0C, 0x03, 0xFF, 0xFF, 0xC0, 0xC6, 0x30,
    0x33, 0x33, 0x33, 0x33, 0x33, 0x33, 0x33, 0x36, 0xC0, 0xCC, 0xCC, 0xCC, 0xCC, 0xCC, 0xCC, 0xCC,
    0x31, 0xE8, 0x40, 0x30, 0xC3, 0x0C, 0x30, 0xC3, 0x0C, 0x30, 0xC3, 0x0C, 0x30, 0xC0, 0xCF, 0x30,
    0x0C, 0x30, 0xC3, 0x0C, 0x30, 0xC3, 0x0C, 0x30, 0xC3, 0x0C, 0x30, 0x3F, 0xE0, 0xFF, 0xC3, 0x03,
    0x8C, 0x06, 0x30, 0x0C, 0xC0, 0x3F, 0xE0, 0xFF, 0x83, 0x30, 0x0C, 0xC0, 0x33, 0x01, 0x8C, 0x0E,
    0x3F, 0xF0, 0xFF, 0x80, 0x0C, 0x82, 0xD0, 0x4C, 0x00, 0x0C, 0x07, 0xC0, 0xFC, 0x1F, 0x83, 0xD8,
    0x79, 0x8F, 0x31, 0xE3, 0x3C, 0x67, 0x86, 0xF0, 0x7E, 0x0F, 0xC0, 0xF8, 0x0C, 0x18, 0x00, 0x60,
    0x01, 0x80, 0x00, 0x00, 0xF8, 0x1F, 0xF1, 0xC1, 0xCC, 0x06, 0xE0, 0x3E, 0x00, 0xF0, 0x07, 0x80,
    0x3C, 0x01, 0xF0, 0x1D, 0x80, 0xCE, 0x0E, 0x3F, 0xE0, 0x7C, 0x00, 0x01, 0x80, 0x18, 0x01, 0x80,
    0x00, 0x00, 0xF8, 0x1F, 0xF1, 0xC1, 0xCC, 0x06, 0xE0, 0x3E, 0x00, 0xF0, 0x07, 0x80, 0x3C, 0x01,
    0xF0, 0x1D, 0x80, 0xCE, 0x0E, 0x3F, 0xE0, 0x7C, 0x00, 0x03, 0x00, 0x3C, 0x03, 0x30, 0x00, 0x00,
    0xF8, 0x1F, 0xF1, 0xC1, 0xCC, 0x06, 0xE0, 0x3E, 0x00, 0xF0, 0x07, 0x80, 0x3C, 0x01, 0xF0, 0x1D,
    0x80, 0xCE, 0x0E, 0x3F, 0xE0, 0x7C, 0x00, 0x06, 0x40, 0x5A, 0x02, 0x60, 0x00, 0x00, 0xF8, 0x1F,
    0xF1, 0xC1, 0xCC, 0x06, 0xE0, 0x3E, 0x00, 0xF0, 0x07, 0x80, 0x3C, 0x01, 0xF0, 0x1D, 0x80, 0xCE,
    0x0E, 0x3F, 0xE0, 0x7C, 0x00, 0x0C, 0xC0, 0x66, 0x00, 0x00, 0x1F, 0x03, 0xFE, 0x38, 0x39, 0x80,
    0xDC, 0x07, 0xC0, 0x1E, 0x00, 0xF0, 0x07, 0x80, 0x3E, 0x03, 0xB0, 0x19, 0xC1, 0xC7, 0xFC, 0x0F,
    0x80, 0xC0, 0xD8, 0x63, 0x30, 0x78, 0x0C, 0x07, 0x83, 0x31, 0x86, 0xC0, 0xC0, 0x07, 0xCC, 0x7F,
    0xE3, 0x83, 0x0C, 0x1E, 0x70, 0xDD, 0x86, 0x36, 0x30, 0xD8, 0x83, 0x66, 0x0D, 0xB0, 0x73, 0x81,
    0x8E, 0x0E, 0x6F, 0xF3, 0x1F, 0x00, 0x18, 0x01, 0x80, 0x18, 0x00, 0x0C, 0x07, 0x80, 0xF0, 0x1E,
    0x03, 0xC0, 0x78, 0x0F, 0x01, 0xE0, 0x3C, 0x07, 0x80, 0xF0, 0x1B, 0x06, 0x7F, 0xC3, 0xE0, 0x03,
    0x00, 0xC0, 0x30, 0x00, 0x0C, 0x07, 0x80, 0xF0, 0x1E, 0x03, 0xC0, 0x78, 0x0F, 0x01, 0xE0, 0x3C,
    0x07, 0x80, 0xF0, 0x1B, 0x06, 0x7F, 0xC3, 0xE0, 0x06, 0x01, 0xE0, 0x66, 0x00, 0x0C, 0x07, 0x80,
    0xF0, 0x1E, 0x03, 0xC0, 0x78, 0x0F, 0x01, 0xE0, 0x3C, 0x07, 0x80, 0xF0, 0x1B, 0x06, 0x7F, 0xC3,
    0xE0, 0x31, 0x86, 0x30, 0x00, 0x60, 0x3C, 0x07, 0x80, 0xF0, 0x1E, 0x03, 0xC0, 0x78, 0x0F, 0x01,
    0xE0, 0x3C, 0x07, 0x80, 0xD8, 0x33, 0xFE, 0x1F, 0x00, 0x01, 0x80, 0x30, 0x06, 0x00, 0x00, 0xC0,
    0x3C, 0x03, 0x60, 0x66, 0x06, 0x30, 0xC3, 0x9C, 0x19, 0x80, 0xF0, 0x06, 0x00, 0x60, 0x06, 0x00,
    0x60, 0x06, 0x00, 0x60, 0xC0, 0x30, 0x0C, 0x03, 0xFC, 0xFF, 0xB0, 0x7C, 0x0F, 0x03, 0xC1, 0xFF,
    0xEF, 0xF3, 0x00, 0xC0, 0x30, 0x00, 0x38, 0xFB, 0x1E, 0x3C, 0x78, 0xF7, 0x6E, 0xC7, 0x8F, 0x1E,
    0x3D, 0xFB, 0x80, 0x30, 0x0C, 0x03, 0x00, 0x07, 0xE7, 0x3B, 0x0C, 0x0E, 0x7F, 0x71, 0xB0, 0xD8,
    0x6E, 0x7B, 0xCC, 0x0C, 0x0C, 0x0C, 0x00, 0x07, 0xE7, 0x3B, 0x0C, 0x0E, 0x7F, 0x71, 0xB0, 0xD8,
    0x6E, 0x7B, 0xCC, 0x18, 0x1E, 0x19, 0x80, 0x07, 0xE7, 0x3B, 0x0C, 0x0E, 0x7F, 0x71, 0xB0, 0xD8,
    0x6E, 0x7B, 0xCC, 0x32, 0x2D, 0x13, 0x00, 0x07, 0xE7, 0x3B, 0x0C, 0x0E, 0x7F, 0x71, 0xB0, 0xD8,
    0x6E, 0x7B, 0xCC, 0x66, 0x33, 0x00, 0x00, 0x07, 0xE7, 0x3B, 0x0C, 0x0E, 0x7F, 0x71, 0xB0, 0xD8,
    0x6E, 0x7B, 0xCC, 0x18, 0x12, 0x09, 0x03, 0x07, 0xE7, 0x3B, 0x0C, 0x0E, 0x7F, 0x71, 0xB0, 0xD8,
    0x6E, 0x7B, 0xCC, 0x7E, 0xF3, 0x9F, 0xEC, 0x30, 0xC1, 0xC3, 0x7F, 0xFF, 0x8C, 0x0C, 0x30, 0x30,
    0xE3, 0xE7, 0xFD, 0xEB, 0xC0, 0x3E, 0x7F, 0x63, 0xC0, 0xC0, 0xC0, 0xC0, 0x63, 0x7F, 0x3E, 0x18,
    0x0C, 0x6C, 0x78, 0x30, 0x18, 0x0C, 0x00, 0x3C, 0x7E, 0xC3, 0xC3, 0xFF, 0xC0, 0xC0, 0xE3, 0x7F,
    0x3C, 0x0C, 0x18, 0x30, 0x00, 0x3C, 0x7E, 0xC3, 0xC3, 0xFF, 0xC0, 0xC0, 0xE3, 0x7F, 0x3C, 0x18,
    0x3C, 0x66, 0x00, 0x3C, 0x7E, 0xC3, 0xC3, 0xFF, 0xC0, 0xC0, 0xE3, 0x7F, 0x3C, 0x66, 0x66, 0x00,
    0x00, 0x3C, 0x7E, 0xC3, 0xC3, 0xFF, 0xC0, 0xC0, 0xE3, 0x7F, 0x3C, 0xC6, 0x30, 0x66, 0x66, 0x66,
    0x66, 0x66, 0x36, 0xC0, 0x66, 0x66, 0x66, 0x66, 0x66, 0x31, 0xEC, 0xC0, 0x30, 0xC3, 0x0C, 0x30,
    0xC3, 0x0C, 0x30, 0xC0, 0xDE, 0xC0, 0x06, 0x31, 0x8C, 0x63, 0x18, 0xC6, 0x30, 0x60, 0x1B, 0x0E,
    0x09, 0x83, 0xE3, 0xF9, 0x8D, 0x83, 0xC1, 0xE0, 0xF0, 0x6C, 0x67, 0xF1, 0xF0, 0x32, 0x5A, 0x4C,
    0x00, 0xDE, 0xFF, 0xE3, 0xC3, 0xC3, 0xC3, 0xC3, 0xC3, 0xC3, 0xC3, 0x30, 0x0C, 0x03, 0x00, 0x03,
    0xE3, 0xF9, 0x8D, 0x83, 0xC1, 0xE0, 0xF0, 0x6C, 0x67, 0xF1, 0xF0, 0x06, 0x06, 0x06, 0x00, 0x03,
    0xE3, 0xF9, 0x8D, 0x83, 0xC1, 0xE0, 0xF0, 0x6C, 0x67, 0xF1, 0xF0, 0x18, 0x1E, 0x19, 0x80, 0x03,
    0xE3, 0xF9, 0x8D, 0x83, 0xC1, 0xE0, 0xF0, 0x6C, 0x67, 0xF1, 0xF0, 0x32, 0x2D, 0x13, 0x00, 0x03,
    0xE3, 0xF9, 0x8D, 0x83, 0xC1, 0xE0, 0xF0, 0x6C, 0x67, 0xF1, 0xF0, 0x33, 0x19, 0x80, 0x00, 0x03,
    0xE3, 0xF9, 0x8D, 0x83, 0xC1, 0xE0, 0xF0, 0x6C, 0x67, 0xF1, 0xF0, 0x18, 0x18, 0x00, 0xFF, 0xFF,
    0x00, 0x18, 0x18, 0x0E, 0x67, 0xF8, 0xC6, 0x31, 0xE6, 0x6C, 0xD9, 0x9E, 0x31, 0x8C, 0x7F, 0x99,
    0xC0, 0x30, 0x18, 0x0C, 0x00, 0xC3, 0xC3, 0xC3, 0xC3, 0xC3, 0xC3, 0xC3, 0xC7, 0xFF, 0x7B, 0x06,
    0x0C, 0x18, 0x00, 0xC3, 0xC3, 0xC3, 0xC3, 0xC3, 0xC3, 0xC3, 0xC7, 0xFF, 0x7B, 0x18, 0x3C, 0x66,
    0x00, 0xC3, 0xC3, 0xC3, 0xC3, 0xC3, 0xC3, 0xC3, 0xC7, 0xFF, 0x7B, 0x66, 0x66, 0x00, 0x00, 0xC3,
    0xC3, 0xC3, 0xC3, 0xC3, 0xC3, 0xC3, 0xC7, 0xFF, 0x7B, 0x06, 0x0C, 0x18, 0x00, 0xC3, 0xC3, 0xC3,
    0x66, 0x66, 0x66, 0x24, 0x3C, 0x18, 0x18, 0x18, 0x18, 0x70, 0x70, 0xC0, 0x60, 0x30, 0x18, 0x0D,
    0xE7, 0xFB, 0x8D, 0x83, 0xC1, 0xE0, 0xF0, 0x7C, 0x6F, 0xF6, 0xF3, 0x01, 0x80, 0xC0, 0x60, 0x00,
    0x66, 0x66, 0x00, 0x00, 0xC3, 0xC3, 0xC3, 0x66, 0x66, 0x66, 0x24, 0x3C, 0x18, 0x18, 0x18, 0x18,
    0x70, 0x70, 0x0F, 0x80, 0x00, 0x06, 0x00, 0x60, 0x0F, 0x00, 0xF0, 0x19, 0x81, 0x98, 0x30, 0xC3,
    0x0C, 0x3F, 0xC7, 0xFE, 0x60, 0x66, 0x06, 0xC0, 0x3C, 0x03, 0x3E, 0x00, 0x1F, 0x9C, 0xEC, 0x30,
    0x39, 0xFD, 0xC6, 0xC3, 0x61, 0xB9, 0xEF, 0x30, 0x10, 0x81, 0x98, 0x0F, 0x00, 0x00, 0x06, 0x00,
    0x60, 0x0F, 0x00, 0xF0, 0x19, 0x81, 0x98, 0x30, 0xC3, 0x0C, 0x3F, 0xC7, 0xFE, 0x60, 0x66, 0x06,
    0xC0, 0x3C, 0x03, 0x42, 0x33, 0x0F, 0x00, 0x07, 0xE7, 0x3B, 0x0C, 0x0E, 0x7F, 0x71, 0xB0, 0xD8,
    0x6E, 0x7B, 0xCC, 0x06, 0x00, 0x60, 0x0F, 0x00, 0xF0, 0x19, 0x81, 0x98, 0x30, 0xC3, 0x0C, 0x3F,
    0xC7, 0xFE, 0x60, 0x66, 0x06, 0xC0, 0x3C, 0x33, 0x06, 0x00, 0xC0, 0x0C, 0x00, 0x70, 0x7E, 0x73,
    0xB0, 0xC0, 0xE7, 0xF7, 0x1B, 0x0D, 0x86, 0xE7, 0xBE, 0xC6, 0x06, 0x03, 0x00, 0xE0, 0x01, 0x80,
    0x30, 0x06, 0x00, 0x00, 0x0F, 0x83, 0xFE, 0x70, 0x76, 0x03, 0xE0, 0x0C, 0x00, 0xC0, 0x0C, 0x00,
    0xC0, 0x0E, 0x00, 0x60, 0x37, 0x07, 0x3F, 0xE0, 0xF8, 0x06, 0x0C, 0x18, 0x00, 0x3E, 0x7F, 0x63,
    0xC0, 0xC0, 0xC0, 0xC0, 0x63, 0x7F, 0x3E, 0x06, 0x00, 0xF0, 0x19, 0x80, 0x00, 0x0F, 0x83, 0xFE,
    0x70, 0x76, 0x03, 0xE0, 0x0C, 0x00, 0xC0, 0x0C, 0x00, 0xC0, 0x0E, 0x00, 0x60, 0x37, 0x07, 0x3F,
    0xE0, 0xF8, 0x18, 0x3C, 0x66, 0x00, 0x3E, 0x7F, 0x63, 0xC0, 0xC0, 0xC0, 0xC0, 0x63, 0x7F, 0x3E,
    0x06, 0x00, 0x60, 0x00, 0x00, 0xF8, 0x3F, 0xE7, 0x07, 0x60, 0x3E, 0x00, 0xC0, 0x0C, 0x00, 0xC0,
    0x0C, 0x00, 0xE0, 0x06, 0x03, 0x70, 0x73, 0xFE, 0x0F, 0x80, 0x18, 0x18, 0x00, 0x3E, 0x7F, 0x63,
    0xC0, 0xC0, 0xC0, 0xC0, 0x63, 0x7F, 0x3E, 0x19, 0x80, 0xF0, 0x06, 0x00, 0x00, 0x0F, 0x83, 0xFE,
    0x70, 0x76, 0x03, 0xE0, 0x0C, 0x00, 0xC0, 0x0C, 0x00, 0xC0, 0x0E, 0x00, 0x60, 0x37, 0x07, 0x3F,
    0xE0, 0xF8, 0x66, 0x3C, 0x18, 0x00, 0x3E, 0x7F, 0x63, 0xC0, 0xC0, 0xC0, 0xC0, 0x63, 0x7F, 0x3E,
    0x33, 0x01, 0xE0, 0x0C, 0x00, 0x00, 0xFF, 0x8F, 0xFC, 0xC0, 0xEC, 0x06, 0xC0, 0x3C, 0x03, 0xC0,
    0x3C, 0x03, 0xC0, 0x3C, 0x03, 0xC0, 0x6C, 0x0E, 0xFF, 0xCF, 0xF8, 0x01, 0xB0, 0x1B, 0x01, 0x90,
    0x19, 0x3D, 0xA7, 0xF8, 0x63, 0x8C, 0x18, 0xC1, 0x8C, 0x18, 0xC1, 0x86, 0x38, 0x7F, 0x83, 0xD8,
    0x3F, 0xE0, 0xFF, 0xC3, 0x03, 0x8C, 0x06, 0x30, 0x0C, 0xC0, 0x3F, 0xE0, 0xFF, 0x83, 0x30, 0x0C,
    0xC0, 0x33, 0x01, 0x8C, 0x0E, 0x3F, 0xF0, 0xFF, 0x80, 0x01, 0x80, 0xC7, 0xE3, 0xF3, 0xDB, 0xFD,
    0x8F, 0x83, 0xC1, 0xE0, 0xF0, 0x6C, 0x77, 0xF9, 0xEC, 0x3E, 0x00, 0x0F, 0xFF, 0xFF, 0xC0, 0x30,
    0x0C, 0x03, 0x00, 0xFF, 0xBF, 0xEC, 0x03, 0x00, 0xC0, 0x30, 0x0F, 0xFF, 0xFF, 0x3E, 0x00, 0x3C,
    0x7E, 0xC3, 0xC3, 0xFF, 0xC0, 0xC0, 0xE3, 0x7F, 0x3C, 0x21, 0x0C, 0xC1, 0xE0, 0x00, 0xFF, 0xFF,
    0xFC, 0x03, 0x00, 0xC0, 0x30, 0x0F, 0xFB, 0xFE, 0xC0, 0x30, 0x0C, 0x03, 0x00, 0xFF, 0xFF, 0xF0,
    0x42, 0x66, 0x3C, 0x00, 0x3C, 0x7E, 0xC3, 0xC3, 0xFF, 0xC0, 0xC0, 0xE3, 0x7F, 0x3C, 0x0C, 0x03,
    0x00, 0x03, 0xFF, 0xFF, 0xF0, 0x0C, 0x03, 0x00, 0xC0, 0x3F, 0xEF, 0xFB, 0x00, 0xC0, 0x30, 0x0C,
    0x03, 0xFF, 0xFF, 0xC0, 0x18, 0x18, 0x00, 0x3C, 0x7E, 0xC3, 0xC3, 0xFF, 0xC0, 0xC0, 0xE3, 0x7F,
    0x3C, 0xFF, 0xFF, 0xFC, 0x03, 0x00, 0xC0, 0x30, 0x0F, 0xFB, 0xFE, 0xC0, 0x30, 0x0C, 0x03, 0x00,
    0xFF, 0xFF, 0xF1, 0x80, 0xC0, 0x30, 0x07, 0x00, 0x3C, 0x7E, 0xC3, 0xC3, 0xFF, 0xC0, 0xC0, 0xE3,
    0x7F, 0x3C, 0x18, 0x30, 0x30, 0x1C, 0x33, 0x07, 0x80, 0xC0, 0x00, 0xFF, 0xFF, 0xFC, 0x03, 0x00,
    0xC0, 0x30, 0x0F, 0xFB, 0xFE, 0xC0, 0x30, 0x0C, 0x03, 0x00, 0xFF, 0xFF, 0xF0, 0x66, 0x3C, 0x18,
    0x00, 0x3C, 0x7E, 0xC3, 0xC3, 0xFF, 0xC0, 0xC0, 0xE3, 0x7F, 0x3C, 0x03, 0x00, 0x3C, 0x03, 0x30,
    0x00, 0x00, 0xFC, 0x1F, 0xF9, 0xC0, 0xEC, 0x03, 0xE0, 0x1E, 0x00, 0x30, 0x01, 0x81, 0xFC, 0x0F,
    0xF0, 0x0D, 0x80, 0x6E, 0x07, 0x3F, 0xF8, 0x7E, 0xC0, 0x0C, 0x0F, 0x0C, 0xC0, 0x03, 0xDB, 0xFD,
    0x87, 0x83, 0xC1, 0xE0, 0xF0, 0x6C, 0x77, 0xF9, 0xEC, 0x06, 0xC6, 0x7F, 0x0E, 0x00, 0x08, 0x40,
    0x66, 0x01, 0xE0, 0x00, 0x00, 0xFC, 0x1F, 0xF9, 0xC0, 0xEC, 0x03, 0xE0, 0x1E, 0x00, 0x30, 0x01,
    0x81, 0xFC, 0x0F, 0xF0, 0x0D, 0x80, 0x6E, 0x07, 0x3F, 0xF8, 0x7E, 0xC0, 0x21, 0x19, 0x87, 0x80,
    0x03, 0xDB, 0xFD, 0x87, 0x83, 0xC1, 0xE0, 0xF0, 0x6C, 0x77, 0xF9, 0xEC, 0x06, 0xC6, 0x7F, 0x0E,
    0x00, 0x03, 0x00, 0x18, 0x00, 0x00, 0x1F, 0x83, 0xFF, 0x38, 0x1D, 0x80, 0x7C, 0x03, 0xC0, 0x06,
    0x00, 0x30, 0x3F, 0x81, 0xFE, 0x01, 0xB0, 0x0D, 0xC0, 0xE7, 0xFF, 0x0F, 0xD8, 0x0C, 0x06, 0x00,
    0x07, 0xB7, 0xFB, 0x0F, 0x07, 0x83, 0xC1, 0xE0, 0xD8, 0xEF, 0xF3, 0xD8, 0x0D, 0x8C, 0xFE, 0x1C,
    0x00, 0x0F, 0xC1, 0xFF, 0x9C, 0x0E, 0xC0, 0x3E, 0x01, 0xE0, 0x03, 0x00, 0x18, 0x1F, 0xC0, 0xFF,
    0x00, 0xD8, 0x06, 0xE0, 0x73, 0xFF, 0x87, 0xEC, 0x00, 0x00, 0x60, 0x03, 0x00, 0x08, 0x00, 0x40,
    0x04, 0x00, 0x04, 0x04, 0x02, 0x01, 0x80, 0xC0, 0x00, 0xF6, 0xFF, 0x61, 0xE0, 0xF0, 0x78, 0x3C,
    0x1B, 0x1D, 0xFE, 0x7B, 0x01, 0xB1, 0x9F, 0xC3, 0x80, 0x06, 0x01, 0xE0, 0x66, 0x00, 0x0C, 0x07,
    0x80, 0xF0, 0x1E, 0x03, 0xC0, 0x78, 0x0F, 0xFF, 0xFF, 0xFC, 0x07, 0x80, 0xF0, 0x1E, 0x03, 0xC0,
    0x78, 0x0C, 0x30, 0x3C, 0x33, 0x00, 0x06, 0x03, 0x01, 0x80, 0xC0, 0x6F, 0x3F, 0xDC, 0x6C, 0x36,
    0x1B, 0x0D, 0x86, 0xC3, 0x61, 0xB0, 0xC0, 0xC0, 0x78, 0x0F, 0x01, 0xFF, 0xFF, 0xFF, 0x80, 0xFF,
    0xFF, 0xFF, 0xC0, 0x78, 0x0F, 0x01, 0xE0, 0x3C, 0x07, 0x80, 0xC0, 0x60, 0x30, 0x3F, 0x1F, 0x86,
    0xF3, 0xFD, 0xC6, 0xC3, 0x61, 0xB0, 0xD8, 0x6C, 0x36, 0x1B, 0x0C, 0x66, 0xD9, 0x80, 0x30, 0xC3,
    0x0C, 0x30, 0xC3, 0x0C, 0x30, 0xC3, 0x0C, 0x30, 0xC0, 0x66, 0xD9, 0x80, 0x30, 0xC3, 0x0C, 0x30,
    0xC3, 0x0C, 0x30, 0xC0, 0xF8, 0x18, 0xC6, 0x31, 0x8C, 0x63, 0x18, 0xC6, 0x31, 0x8C, 0xF8, 0x18,
    0xC6, 0x31, 0x8C, 0x63, 0x18, 0xC0, 0x87, 0x37, 0x80, 0x30, 0xC3, 0x0C, 0x30, 0xC3, 0x0C, 0x30,
    0xC3, 0x0C, 0x30, 0xC0, 0x87, 0x37, 0x80, 0x30, 0xC3, 0x0C, 0x30, 0xC3, 0x0C, 0x30, 0xC0, 0x66,
    0x66, 0x66, 0x66, 0x66, 0x66, 0x67, 0x6C, 0xC7, 0x66, 0x00, 0x66, 0x66, 0x66, 0x66, 0x67, 0x6C,
    0xC7, 0xF3, 0xFF, 0xFF, 0xFF, 0xC0, 0xFF, 0xFF, 0xF0, 0xC0, 0x3C, 0x03, 0xC0, 0x3C, 0x03, 0xC0,
    0x3C, 0x03, 0xC0, 0x3C, 0x03, 0xC0, 0x3C, 0xC3, 0xCC, 0x3C, 0xE7, 0xC7, 0xEC, 0x3C, 0xCF, 0x30,
    0x00, 0xCF, 0x3C, 0xF3, 0xCF, 0x3C, 0xF3, 0xCF, 0x30, 0xC3, 0x3C, 0xE0, 0x06, 0x07, 0x86, 0x60,
    0x00, 0x30, 0x18, 0x0C, 0x06, 0x03, 0x01, 0x80, 0xC0, 0x60, 0x36, 0x1B, 0x0D, 0xCE, 0x7E, 0x1E,
    0x00, 0x31, 0xEC, 0xC0, 0x30, 0xC3, 0x0C, 0x30, 0xC3, 0x0C, 0x30, 0xC3, 0x0C, 0xF3, 0x80, 0xC0,
    0xEC, 0x1C, 0xC3, 0x8C, 0x70, 0xCE, 0x0D, 0xC0, 0xF8, 0x0F, 0xC0, 0xCE, 0x0C, 0x70, 0xC3, 0x8C,
    0x1C, 0xC0, 0xEC, 0x07, 0x00, 0x00, 0x60, 0x06, 0x00, 0x20, 0x02, 0x00, 0x40, 0xC0, 0xC0, 0xC0,
    0xC0, 0xC6, 0xCC, 0xD8, 0xF0, 0xF8, 0xD8, 0xCC, 0xCE, 0xC6, 0xC7, 0x00, 0x18, 0x18, 0x08, 0x08,
    0x10, 0xC6, 0xCC, 0xD8, 0xF0, 0xF8, 0xD8, 0xCC, 0xCE, 0xC6, 0xC7, 0x18, 0x18, 0x18, 0x00, 0x0C,
    0x06, 0x03, 0x01, 0x80, 0xC0, 0x60, 0x30, 0x18, 0x0C, 0x06, 0x03, 0x01, 0x80, 0xFF, 0xFF, 0xC0,
    0x36, 0xC0, 0xCC, 0xCC, 0xCC, 0xCC, 0xCC, 0xCC, 0xCC, 0xC0, 0x60, 0x30, 0x18, 0x0C, 0x06, 0x03,
    0x01, 0x80, 0xC0, 0x60, 0x30, 0x18, 0x0F, 0xFF, 0xFC, 0x00, 0x30, 0x18, 0x04, 0x02, 0x02, 0x00,
    0xFF, 0xFF, 0xFF, 0xF3, 0xD6, 0xC0, 0x3C, 0x03, 0xC0, 0x1C, 0x01, 0xC0, 0x2C, 0x00, 0xC0, 0x0C,
    0x00, 0xC0, 0x0C, 0x00, 0xC0, 0x0C, 0x00, 0xFF, 0x8F, 0xF8, 0xCF, 0x3C, 0x71, 0xCB, 0x0C, 0x30,
    0xC3, 0x0C, 0x30, 0xC3, 0x00, 0xC0, 0x0C, 0x00, 0xC0, 0x0C, 0x00, 0xC0, 0x0C, 0x00, 0xC0, 0x0C,
    0x00, 0xC0, 0x3C, 0x03, 0xC0, 0x0C, 0x00, 0xFF, 0x8F, 0xF8, 0xC3, 0x0C, 0x30, 0xC3, 0x0C, 0x30,
    0xCF, 0x3C, 0x30, 0xC3, 0x00, 0x60, 0x18, 0x06, 0x01, 0x80, 0x6C, 0x1F, 0x0F, 0x03, 0x80, 0x60,
    0x18, 0x06, 0x01, 0x80, 0x7F, 0xDF, 0xF0, 0x66, 0x66, 0x67, 0xFE, 0x66, 0x66, 0x66, 0x03, 0x00,
    0xC0, 0x30, 0x00, 0x0C, 0x07, 0xC0, 0xFC, 0x1F, 0x83, 0xD8, 0x79, 0x8F, 0x31, 0xE3, 0x3C, 0x67,
    0x86, 0xF0, 0x7E, 0x0F, 0xC0, 0xF8, 0x0C, 0x06, 0x0C, 0x18, 0x00, 0xDE, 0xFF, 0xE3, 0xC3, 0xC3,
    0xC3, 0xC3, 0xC3, 0xC3, 0xC3, 0xC0, 0x7C, 0x0F, 0xC1, 0xF8, 0x3D, 0x87, 0x98, 0xF3, 0x1E, 0x33,
    0xC6, 0x78, 0x6F, 0x07, 0xE0, 0xFC, 0x0F, 0x80, 0xC0, 0x00, 0x30, 0x06, 0x00, 0x40, 0x08, 0x02,
    0x00, 0xDE, 0xFF, 0xE3, 0xC3, 0xC3, 0xC3, 0xC3, 0xC3, 0xC3, 0xC3, 0x00, 0x18, 0x18, 0x08, 0x08,
    0x10, 0x33, 0x03, 0xC0, 0x30, 0x00, 0x0C, 0x07, 0xC0, 0xFC, 0x1F, 0x83, 0xD8, 0x79, 0x8F, 0x31,
    0xE3, 0x3C, 0x67, 0x86, 0xF0, 0x7E, 0x0F, 0xC0, 0xF8, 0x0C, 0x66, 0x3C, 0x18, 0x00, 0xDE, 0xFF,
    0xE3, 0xC3, 0xC3, 0xC3, 0xC3, 0xC3, 0xC3, 0xC3, 0xC0, 0x0C, 0x00, 0x40, 0x04, 0x00, 0x8D, 0xE0,
    0xFF, 0x0E, 0x30, 0xC3, 0x0C, 0x30, 0xC3, 0x0C, 0x30, 0xC3, 0x0C, 0x30, 0xC3, 0xC0, 0x7C, 0x0F,
    0xC1, 0xF8, 0x3D, 0x87, 0x98, 0xF3, 0x1E, 0x33, 0xC6, 0x78, 0x6F, 0x07, 0xE0, 0xFC, 0x0F, 0x80,
    0xC0, 0x18, 0x03, 0x01, 0xE0, 0x38, 0xDE, 0xFF, 0xE3, 0xC3, 0xC3, 0xC3, 0xC3, 0xC3, 0xC3, 0xC3,
    0x03, 0x03, 0x0F, 0x0E, 0x0F, 0x80, 0x00, 0x03, 0xE0, 0x7F, 0xC7, 0x07, 0x30, 0x1B, 0x80, 0xF8,
    0x03, 0xC0, 0x1E, 0x00, 0xF0, 0x07, 0xC0, 0x76, 0x03, 0x38, 0x38, 0xFF, 0x81, 0xF0, 0x3E, 0x00,
    0x0F, 0x8F, 0xE6, 0x36, 0x0F, 0x07, 0x83, 0xC1, 0xB1, 0x9F, 0xC7, 0xC0, 0x08, 0x40, 0x66, 0x01,
    0xE0, 0x00, 0x00, 0xF8, 0x1F, 0xF1, 0xC1, 0xCC, 0x06, 0xE0, 0x3E, 0x00, 0xF0, 0x07, 0x80, 0x3C,
    0x01, 0xF0, 0x1D, 0x80, 0xCE, 0x0E, 0x3F, 0xE0, 0x7C, 0x00, 0x21, 0x19, 0x87, 0x80, 0x03, 0xE3,
    0xF9, 0x8D, 0x83, 0xC1, 0xE0, 0xF0, 0x6C, 0x67, 0xF1, 0xF0, 0x03, 0x60, 0x36, 0x03, 0x60, 0x00,
    0x00, 0xF8, 0x1F, 0xF1, 0xC1, 0xCC, 0x06, 0xE0, 0x3E, 0x00, 0xF0, 0x07, 0x80, 0x3C, 0x01, 0xF0,
    0x1D, 0x80, 0xCE, 0x0E, 0x3F, 0xE0, 0x7C, 0x00, 0x0D, 0x8D, 0x8D, 0x80, 0x03, 0xE3, 0xF9, 0x8D,
    0x83, 0xC1, 0xE0, 0xF0, 0x6C, 0x67, 0xF1, 0xF0, 0x0E, 0xFF, 0x9F, 0xFF, 0xDC, 0x70, 0x0C, 0x18,
    0x0E, 0x0C, 0x06, 0x06, 0x03, 0x03, 0xFD, 0x81, 0xFE, 0xC0, 0xC0, 0x70, 0x60, 0x18, 0x30, 0x0E,
    0x38, 0x03, 0xFF, 0xF8, 0x77, 0xFC, 0x3E, 0x78, 0xFF, 0xF9, 0x8E, 0x1E, 0x0C, 0x3C, 0x1F, 0xF8,
    0x30, 0x30, 0x60, 0x31, 0xE3, 0x7F, 0xFE, 0x7C, 0xF0, 0x03, 0x00, 0xC0, 0x30, 0x00, 0x0F, 0xF9,
    0xFF, 0xB0, 0x3E, 0x03, 0xC0, 0x78, 0x1F, 0xFF, 0x7F, 0xCC, 0x0D, 0x81, 0xB0, 0x1E, 0x03, 0xC0,
    0x78, 0x0C, 0x19, 0x98, 0x0D, 0xEF, 0x98, 0xC6, 0x31, 0x8C, 0x60, 0xFF, 0x9F, 0xFB, 0x03, 0xE0,
    0x3C, 0x07, 0x81, 0xFF, 0xF7, 0xFC, 0xC0, 0xD8, 0x1B, 0x01, 0xE0, 0x3C, 0x07, 0x80, 0xC0, 0x00,
    0x30, 0x06, 0x00, 0x40, 0x08, 0x02, 0x00, 0xDE, 0xF9, 0x8C, 0x63, 0x18, 0xC6, 0x00, 0xC6, 0x10,
    0x88, 0x33, 0x03, 0xC0, 0x30, 0x00, 0x0F, 0xF9, 0xFF, 0xB0, 0x3E, 0x03, 0xC0, 0x78, 0x1F, 0xFF,
    0x7F, 0xCC, 0x0D, 0x81, 0xB0, 0x1E, 0x03, 0xC0, 0x78, 0x0C, 0xCD, 0xE3, 0x00, 0x6D, 0xB7, 0x18,
    0x61, 0x86, 0x18, 0x61, 0x80, 0x03, 0x01, 0x80, 0xC0, 0x00, 0x1E, 0x1F, 0xEE, 0x1F, 0x03, 0xE0,
    0x1F, 0x01, 0xF0, 0x0E, 0x01, 0xC0, 0x3C, 0x0F, 0x87, 0x7F, 0x8F, 0xC0, 0x0C, 0x30, 0xC0, 0x03,
    0xCF, 0xF1, 0xE0, 0xFC, 0x7C, 0x1E, 0x3F, 0xCF, 0x00, 0x0C, 0x07, 0x83, 0x30, 0x00, 0x1E, 0x1F,
    0xEE, 0x1F, 0x03, 0xE0, 0x1F, 0x01, 0xF0, 0x0E, 0x01, 0xC0, 0x3C, 0x0F, 0x87, 0x7F, 0x8F, 0xC0,
    0x18, 0x79, 0x98, 0x03, 0xCF, 0xF1, 0xE0, 0xFC, 0x7C, 0x1E, 0x3F, 0xCF, 0x00, 0x1E, 0x1F, 0xEE,
    0x1F, 0x03, 0xE0, 0x1F, 0x01, 0xF0, 0x0E, 0x01, 0xC0, 0x3C, 0x0F, 0x87, 0x7F, 0x8F, 0xC0, 0xE0,
    0x0C, 0x1B, 0x07, 0x80, 0x3C, 0xFF, 0x1E, 0x0F, 0xC7, 0xC1, 0xE3, 0xFC, 0xF0, 0xE0, 0x66, 0xCF,
    0x00, 0x33, 0x03, 0xC0, 0x30, 0x00, 0x01, 0xF0, 0xFF, 0xB8, 0x3F, 0x00, 0x7F, 0xC7, 0xFC, 0x03,
    0xF0, 0x77, 0xFC, 0x7E, 0x00, 0xCC, 0xF0, 0xC0, 0x03, 0xCF, 0xF1, 0xE0, 0xFC, 0x7C, 0x1E, 0x3F,
    0xCF, 0x00, 0xFF, 0xFF, 0xF0, 0xC0, 0x30, 0x0C, 0x03, 0x00, 0xC0, 0x30, 0x0C, 0x03, 0x00, 0xC0,
    0x30, 0x0C, 0x03, 0x00, 0xE0, 0x0C, 0x1B, 0x07, 0x80, 0x30, 0xC3, 0x3F, 0xFC, 0xC3, 0x0C, 0x30,
    0xC3, 0x0F, 0x3C, 0xE0, 0xDB, 0x78, 0x33, 0x07, 0x80, 0xC0, 0x00, 0xFF, 0xFF, 0xF0, 0xC0, 0x30,
    0x0C, 0x03, 0x00, 0xC0, 0x30, 0x0C, 0x03, 0x00, 0xC0, 0x30, 0x0C, 0x03, 0x00, 0x01, 0x98, 0xCC,
    0x26, 0x1F, 0xD7, 0xE0, 0xC0, 0x60, 0x30, 0x18, 0x0C, 0x06, 0x03, 0xC0, 0xE0, 0xFF, 0xFF, 0xF0,
    0xC0, 0x30, 0x0C, 0x03, 0x03, 0xF0, 0xFC, 0x0C, 0x03, 0x00, 0xC0, 0x30, 0x0C, 0x03, 0x00, 0x30,
    0xC3, 0x3F, 0xFC, 0xC3, 0x3F, 0xFC, 0xC3, 0x0F, 0x1C, 0x0C, 0x82, 0xD0, 0x4C, 0x00, 0x0C, 0x07,
    0x80, 0xF0, 0x1E, 0x03, 0xC0, 0x78, 0x0F, 0x01, 0xE0, 0x3C, 0x07, 0x80, 0xF0, 0x1B, 0x06, 0x7F,
    0xC3, 0xE0, 0x32, 0x5A, 0x4C, 0x00, 0xC3, 0xC3, 0xC3, 0xC3, 0xC3, 0xC3, 0xC3, 0xC7, 0xFF, 0x7B,
    0x1F, 0x00, 0x03, 0x01, 0xE0, 0x3C, 0x07, 0x80, 0xF0, 0x1E, 0x03, 0xC0, 0x78, 0x0F, 0x01, 0xE0,
    0x3C, 0x06, 0xC1, 0x9F, 0xF0, 0xF8, 0x3E, 0x00, 0xC3, 0xC3, 0xC3, 0xC3, 0xC3, 0xC3, 0xC3, 0xC7,
    0xFF, 0x7B, 0x10, 0x83, 0x30, 0x3C, 0x00, 0x0C, 0x07, 0x80, 0xF0, 0x1E, 0x03, 0xC0, 0x78, 0x0F,
    0x01, 0xE0, 0x3C, 0x07, 0x80, 0xF0, 0x1B, 0x06, 0x7F, 0xC3, 0xE0, 0x42, 0x66, 0x3C, 0x00, 0xC3,
    0xC3, 0xC3, 0xC3, 0xC3, 0xC3, 0xC3, 0xC7, 0xFF, 0x7B, 0x0E, 0x03, 0x60, 0x6C, 0x07, 0x00, 0x01,
    0x80, 0xF0, 0x1E, 0x03, 0xC0, 0x78, 0x0F, 0x01, 0xE0, 0x3C, 0x07, 0x80, 0xF0, 0x1E, 0x03, 0x60,
    0xCF, 0xF8, 0x7C, 0x00, 0x1C, 0x36, 0x36, 0x1C, 0x00, 0xC3, 0xC3, 0xC3, 0xC3, 0xC3, 0xC3, 0xC3,
    0xC7, 0xFF, 0x7B, 0x06, 0xC1, 0xB0, 0x6C, 0x00, 0x0C, 0x07, 0x80, 0xF0, 0x1E, 0x03, 0xC0, 0x78,
    0x0F, 0x01, 0xE0, 0x3C, 0x07, 0x80, 0xF0, 0x1B, 0x06, 0x7F, 0xC3, 0xE0, 0x1B, 0x36, 0x6C, 0x00,
    0xC3, 0xC3, 0xC3, 0xC3, 0xC3, 0xC3, 0xC3, 0xC7, 0xFF, 0x7B, 0xC0, 0x78, 0x0F, 0x01, 0xE0, 0x3C,
    0x07, 0x80, 0xF0, 0x1E, 0x03, 0xC0, 0x78, 0x0F, 0x01, 0xB0, 0x67, 0xFC, 0x3E, 0x03, 0x00, 0xC0,
    0x18, 0x01, 0xC0, 0xC3, 0xC3, 0xC3, 0xC3, 0xC3, 0xC3, 0xC3, 0xC7, 0xFF, 0x7F, 0x18, 0x30, 0x30,
    0x1C, 0x01, 0x80, 0x03, 0xC0, 0x06, 0x60, 0x00, 0x00, 0xC1, 0x83, 0xC1, 0x83, 0xC1, 0x83, 0xC3,
    0xC3, 0x63, 0xC6, 0x62, 0x46, 0x66, 0x66, 0x66, 0x66, 0x36, 0x6C, 0x36, 0x6C, 0x34, 0x2C, 0x1C,
    0x38, 0x18, 0x18, 0x18, 0x18, 0x06, 0x00, 0xF0, 0x19, 0x80, 0x00, 0xC6, 0x3C, 0x63, 0xC6, 0x36,
    0x66, 0x66, 0x66, 0x96, 0x29, 0x43, 0x9C, 0x19, 0x81, 0x98, 0x06, 0x00, 0xF0, 0x19, 0x80, 0x00,
    0xC0, 0x3C, 0x03, 0x60, 0x66, 0x06, 0x30, 0xC3, 0x9C, 0x19, 0x80, 0xF0, 0x06, 0x00, 0x60, 0x06,
    0x00, 0x60, 0x06, 0x00, 0x60, 0x18, 0x3C, 0x66, 0x00, 0xC3, 0xC3, 0xC3, 0x66, 0x66, 0x66, 0x24,
    0x3C, 0x18, 0x18, 0x18, 0x18, 0x70, 0x70, 0x1B, 0x01, 0xB0, 0x00, 0x00, 0x00, 0xC0, 0x36, 0x06,
    0x30, 0xC1, 0x98, 0x0F, 0x00, 0x60, 0x06, 0x00, 0x60, 0x06, 0x00, 0x60, 0x03, 0x01, 0x80, 0xC0,
    0x00, 0xFF, 0xFF, 0xF0, 0x0C, 0x06, 0x03, 0x01, 0x80, 0xC0, 0x70, 0x18, 0x0C, 0x06, 0x03, 0x00,
    0xFF, 0xFF, 0xF0, 0x0C, 0x30, 0xC0, 0x0F, 0xFF, 0xC1, 0x86, 0x18, 0x61, 0x86, 0x0F, 0xFF, 0xC0,
    0x0C, 0x03, 0x00, 0x03, 0xFF, 0xFF, 0xC0, 0x30, 0x18, 0x0C, 0x06, 0x03, 0x01, 0xC0, 0x60, 0x30,
    0x18, 0x0C, 0x03, 0xFF, 0xFF, 0xC0, 0x18, 0x30, 0x07, 0xFF, 0xE0, 0xC3, 0x0C, 0x30, 0xC3, 0x07,
    0xFF, 0xE0, 0x33, 0x07, 0x80, 0xC0, 0x00, 0xFF, 0xFF, 0xE0, 0x70, 0x30, 0x18, 0x0C, 0x06, 0x03,
    0x00, 0xFF, 0xFF, 0xF0, 0xCC, 0xF0, 0xC0, 0x0F, 0xFF, 0xC1, 0x86, 0x18, 0x61, 0x86, 0x0F, 0xFF,
    0xC0, 0x00, 0x00, 0x00, 0x0C, 0x10, 0x10, 0x10, 0x70, 0x10, 0x10, 0x10, 0x10, 0x10, 0x10, 0x00,
    0x00, 0x0F, 0x8C, 0xFF, 0xB7, 0x07, 0x58, 0x0D, 0xE0, 0x3B, 0x00, 0x6C, 0x01, 0xB0, 0x06, 0xC0,
    0x1B, 0x80, 0xE6, 0x03, 0x1C, 0x1C, 0x3F, 0xE0, 0x3E, 0x00, 0x3E, 0xDF, 0xF6, 0x37, 0x07, 0xC1,
    0xB0, 0x6C, 0x19, 0x8C, 0x7F, 0x0F, 0x80, 0xC0, 0x7C, 0x07, 0xC0, 0x7C, 0x07, 0xC0, 0x6C, 0x06,
    0xC0, 0x6C, 0x06, 0xC0, 0x6C, 0x06, 0xC0, 0x66, 0x0C, 0x7F, 0xC1, 0xF0, 0xC3, 0xF0, 0xFC, 0x37,
    0x0D, 0xC3, 0xB0, 0xCC, 0x33, 0x1C, 0xFF, 0x1E, 0xC0, 0x05, 0x02, 0x00, 0x00, 0x67, 0x51, 0x51,
    0x51, 0x52, 0x52, 0x54, 0x54, 0x54, 0x67, 0x00, 0x00, 0x00, 0x00, 0x05, 0x02, 0x60, 0x50, 0x57,
    0x51, 0x51, 0x52, 0x52, 0x54, 0x54, 0x67, 0x00, 0x00, 0x00, 0x00, 0x05, 0x12, 0x10, 0x10, 0x37,
    0x51, 0x51, 0x52, 0x52, 0x54, 0x54, 0x37, 0x00, 0x00, 0x00, 0x00, 0x00, 0x00, 0x47, 0x41, 0x41,
    0x41, 0x41, 0x41, 0x41, 0x49, 0x49, 0x76, 0x00, 0x00, 0x00, 0x00, 0x00, 0x01, 0x41, 0x40, 0x43,
    0x41, 0x41, 0x41, 0x41, 0x41, 0x41, 0x79, 0x02, 0x0C, 0x00, 0x00, 0x00, 0x61, 0x21, 0x20, 0x23,
    0x21, 0x21, 0x21, 0x21, 0x21, 0x21, 0xF9, 0x02, 0x0C, 0x00, 0x00, 0x00, 0x00, 0x4B, 0x49, 0x49,
    0x69, 0x69, 0x59, 0x59, 0x4D, 0x4D, 0x4A, 0x00, 0x00, 0x00, 0x00, 0x00, 0x01, 0x49, 0x48, 0x6B,
    0x69, 0x69, 0x59, 0x59, 0x59, 0x49, 0x49, 0x12, 0x0C, 0x00, 0x00, 0x00, 0x01, 0x01, 0x00, 0x53,
    0x69, 0x49, 0x49, 0x49, 0x49, 0x49, 0x49, 0x12, 0x0C, 0x19, 0x80, 0xF0, 0x06, 0x00, 0x00, 0x06,
    0x00, 0x60, 0x0F, 0x00, 0xF0, 0x19, 0x81, 0x98, 0x30, 0xC3, 0x0C, 0x3F, 0xC7, 0xFE, 0x60, 0x66,
    0x06, 0xC0, 0x3C, 0x03, 0x66, 0x1E, 0x06, 0x00, 0x07, 0xE7, 0x3B, 0x0C, 0x0E, 0x7F, 0x71, 0xB0,
    0xD8, 0x6E, 0x7B, 0xCC, 0xCD, 0xE3, 0x00, 0x30, 0xC3, 0x0C, 0x30, 0xC3, 0x0C, 0x30, 0xC3, 0x0C,
    0x30, 0xC0, 0xCD, 0xE3, 0x00, 0x30, 0xC3, 0x0C, 0x30, 0xC3, 0x0C, 0x30, 0xC0, 0x0C, 0xC0, 0x3C,
    0x00, 0xC0, 0x00, 0x00, 0xF8, 0x1F, 0xF1, 0xC1, 0xCC, 0x06, 0xE0, 0x3E, 0x00, 0xF0, 0x07, 0x80,
    0x3C, 0x01, 0xF0, 0x1D, 0x80, 0xCE, 0x0E, 0x3F, 0xE0, 0x7C, 0x00, 0x33, 0x0F, 0x03, 0x00, 0x03,
    0xE3, 0xF9, 0x8D, 0x83, 0xC1, 0xE0, 0xF0, 0x6C, 0x67, 0xF1, 0xF0, 0x19, 0x81, 0xE0, 0x18, 0x00,
    0x0C, 0x07, 0x80, 0xF0, 0x1E, 0x03, 0xC0, 0x78, 0x0F, 0x01, 0xE0, 0x3C, 0x07, 0x80, 0xF0, 0x1B,
    0x06, 0x7F, 0xC3, 0xE0, 0x66, 0x3C, 0x18, 0x00, 0xC3, 0xC3, 0xC3, 0xC3, 0xC3, 0xC3, 0xC3, 0xC7,
    0xFF, 0x7B, 0x1F, 0x00, 0x00, 0xC6, 0x18, 0xC0, 0x01, 0x80, 0xF0, 0x1E, 0x03, 0xC0, 0x78, 0x0F,
    0x01, 0xE0, 0x3C, 0x07, 0x80, 0xF0, 0x1E, 0x03, 0x60, 0xCF, 0xF8, 0x7C, 0x00, 0x3E, 0x00, 0x66,
    0x66, 0x00, 0x00, 0xC3, 0xC3, 0xC3, 0xC3, 0xC3, 0xC3, 0xC3, 0xC7, 0xFF, 0x7B, 0x03, 0x00, 0xC0,
    0x30, 0x00, 0x03, 0x18, 0x63, 0x00, 0x06, 0x03, 0xC0, 0x78, 0x0F, 0x01, 0xE0, 0x3C, 0x07, 0x80,
    0xF0, 0x1E, 0x03, 0xC0, 0x78, 0x0D, 0x83, 0x3F, 0xE1, 0xF0, 0x06, 0x0C, 0x18, 0x00, 0x66, 0x66,
    0x00, 0x00, 0xC3, 0xC3, 0xC3, 0xC3, 0xC3, 0xC3, 0xC3, 0xC7, 0xFF, 0x7B, 0x19, 0x81, 0xE0, 0x18,
    0x00, 0x03, 0x18, 0x63, 0x00, 0x06, 0x03, 0xC0, 0x78, 0x0F, 0x01, 0xE0, 0x3C, 0x07, 0x80, 0xF0,
    0x1E, 0x03, 0xC0, 0x78, 0x0D, 0x83, 0x3F, 0xE1, 0xF0, 0x66, 0x3C, 0x18, 0x00, 0x66, 0x66, 0x00,
    0x00, 0xC3, 0xC3, 0xC3, 0xC3, 0xC3, 0xC3, 0xC3, 0xC7, 0xFF, 0x7B, 0x18, 0x01, 0x80, 0x18, 0x00,
    0x03, 0x18, 0x63, 0x00, 0x06, 0x03, 0xC0, 0x78, 0x0F, 0x01, 0xE0, 0x3C, 0x07, 0x80, 0xF0, 0x1E,
    0x03, 0xC0, 0x78, 0x0D, 0x83, 0x3F, 0xE1, 0xF0, 0x60, 0x30, 0x18, 0x00, 0x66, 0x66, 0x00, 0x00,
    0xC3, 0xC3, 0xC3, 0xC3, 0xC3, 0xC3, 0xC3, 0xC7, 0xFF, 0x7B, 0x3C, 0xFE, 0xC7, 0x03, 0x03, 0xFF,
    0xC3, 0xC3, 0x7E, 0x3C, 0x0F, 0x80, 0x00, 0x19, 0x81, 0x98, 0x00, 0x00, 0x60, 0x06, 0x00, 0xF0,
    0x0F, 0x01, 0x98, 0x19, 0x83, 0x0C, 0x30, 0xC3, 0xFC, 0x7F, 0xE6, 0x06, 0x60, 0x6C, 0x03, 0xC0,
    0x30, 0x3E, 0x00, 0x19, 0x8C, 0xC0, 0x00, 0x01, 0xF9, 0xCE, 0xC3, 0x03, 0x9F, 0xDC, 0x6C, 0x36,
    0x1B, 0x9E, 0xF3, 0x0F, 0x80, 0x00, 0x06, 0x00, 0x60, 0x00, 0x00, 0x60, 0x06, 0x00, 0xF0, 0x0F,
    0x01, 0x98, 0x19, 0x83, 0x0C, 0x30, 0xC3, 0xFC, 0x7F, 0xE6, 0x06, 0x60, 0x6C, 0x03, 0xC0, 0x30,
    0x3E, 0x00, 0x06, 0x03, 0x00, 0x03, 0xF3, 0x9D, 0x86, 0x07, 0x3F, 0xB8, 0xD8, 0x6C, 0x37, 0x3D,
    0xE6, 0x03, 0xE0, 0x00, 0x00, 0x07, 0xFF, 0x07, 0xFF, 0x0D, 0x80, 0x0D, 0x80, 0x19, 0x80, 0x19,
    0x80, 0x31, 0xFE, 0x31, 0xFE, 0x3F, 0x80, 0x7F, 0x80, 0x61, 0x80, 0x61, 0x80, 0xC1, 0xFF, 0xC1,
    0xFF, 0x0F, 0x80, 0x00, 0x07, 0xEF, 0x39, 0xFE, 0xC3, 0x0C, 0x1C, 0x37, 0xFF, 0xF8, 0xC0, 0xC3,
    0x03, 0x0E, 0x3E, 0x7F, 0xDE, 0xBC, 0x0F, 0xC0, 0xFF, 0xC7, 0x03, 0x98, 0x06, 0xE0, 0x1B, 0x00,
    0x0C, 0x00, 0x30, 0x3E, 0xC0, 0xFB, 0x80, 0x66, 0x0F, 0xDC, 0x3F, 0x3F, 0xF8, 0x3F, 0x60, 0x3D,
    0xBF, 0xD8, 0x78, 0x3C, 0x1E, 0x0F, 0x06, 0xC7, 0x7F, 0xFF, 0xFF, 0xEC, 0x67, 0xF0, 0xE0, 0x0C,
    0xC0, 0x3C, 0x00, 0xC0, 0x00, 0x00, 0xFC, 0x1F, 0xF9, 0xC0, 0xEC, 0x03, 0xE0, 0x1E, 0x00, 0x30,
    0x01, 0x81, 0xFC, 0x0F, 0xF0, 0x0D, 0x80, 0x6E, 0x07, 0x3F, 0xF8, 0x7E, 0xC0, 0x33, 0x0F, 0x03,
    0x00, 0x03, 0xDB, 0xFD, 0x87, 0x83, 0xC1, 0xE0, 0xF0, 0x6C, 0x77, 0xF9, 0xEC, 0x06, 0xC6, 0x7F,
    0x0E, 0x00, 0x33, 0x01, 0xE0, 0x0C, 0x00, 0x00, 0xC0, 0xEC, 0x1C, 0xC3, 0x8C, 0x70, 0xCE, 0x0D,
    0xC0, 0xF8, 0x0F, 0xC0, 0xCE, 0x0C, 0x70, 0xC3, 0x8C, 0x1C, 0xC0, 0xEC, 0x07, 0xCC, 0x3C, 0x0C,
    0x00, 0x06, 0x03, 0x01, 0x80, 0xC0, 0x63, 0x33, 0x1B, 0x0F, 0x07, 0xC3, 0x61, 0x98, 0xCE, 0x63,
    0x31, 0xC0, 0x0F, 0x81, 0xFF, 0x1C, 0x1C, 0xC0, 0x6E, 0x03, 0xE0, 0x0F, 0x00, 0x78, 0x03, 0xC0,
    0x1F, 0x01, 0xD8, 0x0C, 0xE0, 0xE3, 0xFE, 0x07, 0xC0, 0x18, 0x01, 0x80, 0x0C, 0x00, 0x38, 0x00,
    0x3E, 0x3F, 0x98, 0xD8, 0x3C, 0x1E, 0x0F, 0x06, 0xC6, 0x7F, 0x1F, 0x06, 0x06, 0x03, 0x00, 0xE0,
    0x0F, 0x80, 0x00, 0x03, 0xE0, 0x7F, 0xC7, 0x07, 0x30, 0x1B, 0x80, 0xF8, 0x03, 0xC0, 0x1E, 0x00,
    0xF0, 0x07, 0xC0, 0x76, 0x03, 0x38, 0x38, 0xFF, 0x81, 0xF0, 0x06, 0x00, 0x60, 0x03, 0x00, 0x0E,
    0x00, 0x3E, 0x00, 0x0F, 0x8F, 0xE6, 0x36, 0x0F, 0x07, 0x83, 0xC1, 0xB1, 0x9F, 0xC7, 0xC1, 0x81,
    0x80, 0xC0, 0x38, 0x24, 0x18, 0x00, 0x00, 0x7E, 0x04, 0x08, 0x10, 0x1C, 0x02, 0x02, 0x02, 0x46,
    0x3C, 0x00, 0x00, 0x00, 0x00, 0x24, 0x18, 0x00, 0x00, 0x3E, 0x04, 0x08, 0x10, 0x1C, 0x02, 0x02,
    0x02, 0x42, 0x3C, 0xCD, 0xE3, 0x00, 0x30, 0xC3, 0x0C, 0x30, 0xC3, 0x0C, 0x30, 0xC3, 0x0C, 0xF3,
    0x80, 0x00, 0x00, 0x00, 0x00, 0x67, 0x51, 0x51, 0x51, 0x52, 0x52, 0x54, 0x54, 0x54, 0x67, 0x00,
    0x00, 0x00, 0x00, 0x00, 0x00, 0x60, 0x50, 0x57, 0x51, 0x51, 0x52, 0x52, 0x54, 0x54, 0x67, 0x00,
    0x00, 0x00, 0x00, 0x00, 0x10, 0x10, 0x10, 0x37, 0x51, 0x51, 0x52, 0x52, 0x54, 0x54, 0x37, 0x00,
    0x00, 0x00, 0xC0, 0x0C, 0x00, 0xC0, 0x00, 0x00, 0xFC, 0x1F, 0xF9, 0xC0, 0xEC, 0x03, 0xE0, 0x1E,
    0x00, 0x30, 0x01, 0x81, 0xFC, 0x0F, 0xF0, 0x0D, 0x80, 0x6E, 0x07, 0x3F, 0xF8, 0x7E, 0xC0, 0x03,
    0x03, 0x03, 0x00, 0x03, 0xDB, 0xFD, 0x87, 0x83, 0xC1, 0xE0, 0xF0, 0x6C, 0x77, 0xF9, 0xEC, 0x06,
    0xC6, 0x7F, 0x0E, 0x00, 0x00, 0x00, 0x00, 0x00, 0x48, 0x48, 0x48, 0x4A, 0x7A, 0x4A, 0x4A, 0x4A,
    0x4A, 0x44, 0x00, 0x00, 0x00, 0x00, 0x00, 0x00, 0x5C, 0x62, 0x42, 0x42, 0x44, 0x48, 0x50, 0x60,
    0x40, 0x40, 0x40, 0x00, 0x30, 0x03, 0x00, 0x30, 0x00, 0x0C, 0x07, 0xC0, 0xFC, 0x1F, 0x83, 0xD8,
    0x79, 0x8F, 0x31, 0xE3, 0x3C, 0x67, 0x86, 0xF0, 0x7E, 0x0F, 0xC0, 0xF8, 0x0C, 0x60, 0x30, 0x18,
    0x00, 0xDE, 0xFF, 0xE3, 0xC3, 0xC3, 0xC3, 0xC3, 0xC3, 0xC3, 0xC3, 0x01, 0x80, 0x30, 0x06, 0x00,
    0x00, 0x06, 0x00, 0x90, 0x09, 0x00, 0x60, 0x06, 0x00, 0xF0, 0x0F, 0x01, 0x98, 0x19, 0x83, 0x0C,
    0x30, 0xC3, 0xFC, 0x7F, 0xE6, 0x06, 0x60, 0x6C, 0x03, 0xC0, 0x30, 0x06, 0x06, 0x06, 0x00, 0x01,
    0x81, 0x20, 0x90, 0x30, 0x7E, 0x73, 0xB0, 0xC0, 0xE7, 0xF7, 0x1B, 0x0D, 0x86, 0xE7, 0xBC, 0xC0,
    0x00, 0x30, 0x00, 0x60, 0x00, 0xC0, 0x00, 0x00, 0x07, 0xFF, 0x07, 0xFF, 0x0D, 0x80, 0x0D, 0x80,
    0x19, 0x80, 0x19, 0x80, 0x31, 0xFE, 0x31, 0xFE, 0x3F, 0x80, 0x7F, 0x80, 0x61, 0x80, 0x61, 0x80,
    0xC1, 0xFF, 0xC1, 0xFF, 0x00, 0xC0, 0x06, 0x00, 0x30, 0x00, 0x00, 0x7E, 0xF3, 0x9F, 0xEC, 0x30,
    0xC1, 0xC3, 0x7F, 0xFF, 0x8C, 0x0C, 0x30, 0x30, 0xE3, 0xE7, 0xFD, 0xEB, 0xC0, 0x00, 0xC0, 0x06,
    0x00, 0x30, 0x00, 0x00, 0x07, 0xCC, 0x7F, 0xE3, 0x83, 0x0C, 0x1E, 0x70, 0xDD, 0x86, 0x36, 0x30,
    0xD8, 0x83, 0x66, 0x0D, 0xB0, 0x73, 0x81, 0x8E, 0x0E, 0x6F, 0xF3, 0x1F, 0x00, 0x01, 0x80, 0x60,
    0x18, 0x00, 0x00, 0xE6, 0x7F, 0x8C, 0x63, 0x1E, 0x66, 0xCD, 0x99, 0xE3, 0x18, 0xC7, 0xF9, 0x9C,
    0x00, 0x36, 0x01, 0xB0, 0x0D, 0x80, 0x00, 0x06, 0x00, 0x60, 0x0F, 0x00, 0xF0, 0x19, 0x81, 0x98,
    0x30, 0xC3, 0x0C, 0x3F, 0xC7, 0xFE, 0x60, 0x66, 0x06, 0xC0, 0x3C, 0x03, 0xD8, 0x36, 0x0D, 0x80,
    0x07, 0xE7, 0x3B, 0x0C, 0x0E, 0x7F, 0x71, 0xB0, 0xD8, 0x6E, 0x7B, 0xCC, 0x0F, 0x01, 0x98, 0x10,
    0x80, 0x00, 0x06, 0x00, 0x60, 0x0F, 0x00, 0xF0, 0x19, 0x81, 0x98, 0x30, 0xC3, 0x0C, 0x3F, 0xC7,
    0xFE, 0x60, 0x66, 0x06, 0xC0, 0x3C, 0x03, 0x3C, 0x33, 0x10, 0x80, 0x07, 0xE7, 0x3B, 0x0C, 0x0E,
    0x7F, 0x71, 0xB0, 0xD8, 0x6E, 0x7B, 0xCC, 0xD8, 0x1B, 0x03, 0x60, 0x00, 0xFF, 0xFF, 0xFC, 0x03,
    0x00, 0xC0, 0x30, 0x0F, 0xFB, 0xFE, 0xC0, 0x30, 0x0C, 0x03, 0x00, 0xFF, 0xFF, 0xF0, 0xD8, 0x6C,
    0x36, 0x00, 0x3C, 0x7E, 0xC3, 0xC3, 0xFF, 0xC0, 0xC0, 0xE3, 0x7F, 0x3C, 0x1E, 0x0C, 0xC2, 0x10,
    0x00, 0xFF, 0xFF, 0xFC, 0x03, 0x00, 0xC0, 0x30, 0x0F, 0xFB, 0xFE, 0xC0, 0x30, 0x0C, 0x03, 0x00,
    0xFF, 0xFF, 0xF0, 0x3C, 0x66, 0x42, 0x00, 0x3C, 0x7E, 0xC3, 0xC3, 0xFF, 0xC0, 0xC0, 0xE3, 0x7F,
    0x3C, 0xD8, 0xD8, 0xD8, 0x01, 0x83, 0x06, 0x0C, 0x18, 0x30, 0x60, 0xC1, 0x83, 0x06, 0x0C, 0x18,
    0x30, 0xD8, 0xD8, 0xD8, 0x01, 0x83, 0x06, 0x0C, 0x18, 0x30, 0x60, 0xC1, 0x83, 0x00, 0x7B, 0x38,
    0x40, 0x30, 0xC3, 0x0C, 0x30, 0xC3, 0x0C, 0x30, 0xC3, 0x0C, 0x30, 0xC0, 0x7B, 0x38, 0x40, 0x30,
    0xC3, 0x0C, 0x30, 0xC3, 0x0C, 0x30, 0xC0, 0x36, 0x00, 0xD8, 0x03, 0x60, 0x00, 0x00, 0xF8, 0x1F,
    0xF1, 0xC1, 0xCC, 0x06, 0xE0, 0x3E, 0x00, 0xF0, 0x07, 0x80, 0x3C, 0x01, 0xF0, 0x1D, 0x80, 0xCE,
    0x0E, 0x3F, 0xE0, 0x7C, 0x00, 0xD8, 0x36, 0x0D, 0x80, 0x03, 0xE3, 0xF9, 0x8D, 0x83, 0xC1, 0xE0,
    0xF0, 0x6C, 0x67, 0xF1, 0xF0, 0x07, 0x80, 0x66, 0x02, 0x10, 0x00, 0x00, 0xF8, 0x1F, 0xF1, 0xC1,
    0xCC, 0x06, 0xE0, 0x3E, 0x00, 0xF0, 0x07, 0x80, 0x3C, 0x01, 0xF0, 0x1D, 0x80, 0xCE, 0x0E, 0x3F,
    0xE0, 0x7C, 0x00, 0x1E, 0x19, 0x88, 0x40, 0x03, 0xE3, 0xF9, 0x8D, 0x83, 0xC1, 0xE0, 0xF0, 0x6C,
    0x67, 0xF1, 0xF0, 0x6C, 0x06, 0xC0, 0x6C, 0x00, 0x0F, 0xF9, 0xFF, 0xB0, 0x3E, 0x03, 0xC0, 0x78,
    0x1F, 0xFF, 0x7F, 0xCC, 0x0D, 0x81, 0xB0, 0x1E, 0x03, 0xC0, 0x78, 0x0C, 0xD8, 0xD8, 0xD8, 0x03,
    0x66, 0xCE, 0x18, 0x30, 0x60, 0xC1, 0x83, 0x06, 0x00, 0x1E, 0x06, 0x60, 0x84, 0x00, 0x0F, 0xF9,
    0xFF, 0xB0, 0x3E, 0x03, 0xC0, 0x78, 0x1F, 0xFF, 0x7F, 0xCC, 0x0D, 0x81, 0xB0, 0x1E, 0x03, 0xC0,
    0x78, 0x0C, 0x7B, 0x38, 0x40, 0x6D, 0xB7, 0x18, 0x61, 0x86, 0x18, 0x61, 0x80, 0x6C, 0x06, 0xC0,
    0x6C, 0x00, 0x0C, 0x07, 0x80, 0xF0, 0x1E, 0x03, 0xC0, 0x78, 0x0F, 0x01, 0xE0, 0x3C, 0x07, 0x80,
    0xF0, 0x1B, 0x06, 0x7F, 0xC3, 0xE0, 0xD8, 0x6C, 0x36, 0x00, 0xC3, 0xC3, 0xC3, 0xC3, 0xC3, 0xC3,
    0xC3, 0xC7, 0xFF, 0x7B, 0x0F, 0x03, 0x30, 0x42, 0x00, 0x0C, 0x07, 0x80, 0xF0, 0x1E, 0x03, 0xC0,
    0x78, 0x0F, 0x01, 0xE0, 0x3C, 0x07, 0x80, 0xF0, 0x1B, 0x06, 0x7F, 0xC3, 0xE0, 0x3C, 0x66, 0x42,
    0x00, 0xC3, 0xC3, 0xC3, 0xC3, 0xC3, 0xC3, 0xC3, 0xC7, 0xFF, 0x7B, 0x1E, 0x1F, 0xEE, 0x1F, 0x03,
    0xE0, 0x1F, 0x01, 0xF0, 0x0E, 0x01, 0xC0, 0x3C, 0x0F, 0x87, 0x7F, 0x8F, 0xC0, 0x00, 0x30, 0x0C,
    0x01, 0x00, 0x40, 0x20, 0x3C, 0xFF, 0x1E, 0x0F, 0xC7, 0xC1, 0xE3, 0xFC, 0xF0, 0x01, 0x83, 0x02,
    0x04, 0x10, 0xFF, 0xFF, 0xF0, 0xC0, 0x30, 0x0C, 0x03, 0x00, 0xC0, 0x30, 0x0C, 0x03, 0x00, 0xC0,
    0x30, 0x0C, 0x03, 0x00, 0x00, 0x30, 0x0C, 0x01, 0x00, 0x40, 0x20, 0x30, 0xC3, 0x3F, 0xFC, 0xC3,
    0x0C, 0x30, 0xC3, 0x0F, 0x1C, 0x01, 0x86, 0x08, 0x21, 0x00, 0x00, 0x00, 0x00, 0x00, 0x3C, 0x42,
    0x42, 0x02, 0x0C, 0x34, 0x02, 0x02, 0x02, 0x0C, 0x30, 0x00, 0x00, 0x00, 0x00, 0x00, 0x00, 0x00,
    0x3C, 0x42, 0x02, 0x02, 0x0C, 0x32, 0x02, 0x02, 0x0C, 0x30, 0x19, 0x81, 0xE0, 0x18, 0x00, 0x0C,
    0x07, 0x80, 0xF0, 0x1E, 0x03, 0xC0, 0x78, 0x0F, 0xFF, 0xFF, 0xFC, 0x07, 0x80, 0xF0, 0x1E, 0x03,
    0xC0, 0x78, 0x0C, 0xCC, 0x3C, 0x0C, 0x00, 0x06, 0x03, 0x01, 0x80, 0xC0, 0x6F, 0x3F, 0xDC, 0x6C,
    0x36, 0x1B, 0x0D, 0x86, 0xC3, 0x61, 0xB0, 0xC0, 0x30, 0x0C, 0x00, 0x00, 0x00, 0x00, 0x00, 0x00,
    0x00, 0x00, 0x00, 0x00, 0x00, 0x00, 0x00, 0x00, 0x0C, 0x30, 0x00, 0x00, 0x00, 0x00, 0x00, 0x00,
    0x00, 0x00, 0x00, 0x00, 0x00, 0x00, 0x00, 0x00, 0x18, 0x24, 0x00, 0x00, 0x00, 0x00, 0x00, 0x00,
    0x00, 0x00, 0x00, 0x00, 0x00, 0x00, 0x00, 0x00, 0x00, 0x32, 0x4C, 0x00, 0x00, 0x00, 0x00, 0x00,
    0x00, 0x00, 0x00, 0x00, 0x00, 0x00, 0x00, 0x00, 0x00, 0x00, 0x7E, 0x00, 0x00, 0x00, 0x00, 0x00,
    0x00, 0x00, 0x00, 0x00, 0x00, 0x00, 0x00, 0x00, 0x00, 0x00, 0xFF, 0x00, 0x00, 0x00, 0x00, 0x00,
    0x00, 0x00, 0x00, 0x00, 0x00, 0x00, 0x00, 0x00, 0x00, 0x42, 0x42, 0x3C, 0x00, 0x00, 0x00, 0x00,
    0x00, 0x00, 0x00, 0x00, 0x00, 0x00, 0x00, 0x00, 0x00, 0x18, 0x18, 0x00, 0x00, 0x00, 0x00, 0x00,
    0x00, 0x00, 0x00, 0x00, 0x00, 0x00, 0x00, 0x00, 0x00, 0x66, 0x66, 0x00, 0x00, 0x00, 0x00, 0x00,
    0x00, 0x00, 0x00, 0x00, 0x00, 0x00, 0x00, 0x00, 0x18, 0x24, 0x04, 0x08, 0x08, 0x00, 0x00, 0x00,
    0x00, 0x00, 0x00, 0x00, 0x00, 0x00, 0x00, 0x00, 0x18, 0x24, 0x24, 0x18, 0x00, 0x00, 0x00, 0x00,
    0x00, 0x00, 0x00, 0x00, 0x00, 0x00, 0x00, 0x00, 0x33, 0x44, 0x00, 0x00, 0x00, 0x00, 0x00, 0x00,
    0x00, 0x00, 0x00, 0x00, 0x00, 0x00, 0x00, 0x00, 0x00, 0x42, 0x24, 0x18, 0x00, 0x00, 0x00, 0x00,
    0x00, 0x00, 0x00, 0x00, 0x00, 0x00, 0x00, 0x00, 0x00, 0x08, 0x08, 0x08, 0x00, 0x00, 0x00, 0x00,
    0x00, 0x00, 0x00, 0x00, 0x00, 0x00, 0x00, 0x00, 0x00, 0x24, 0x24, 0x24, 0x00, 0x00, 0x00, 0x00,
    0x00, 0x00, 0x00, 0x00, 0x00, 0x00, 0x00, 0x00, 0xCC, 0x22, 0x00, 0x00, 0x00, 0x00, 0x00, 0x00,
    0x00, 0x00, 0x00, 0x00, 0x00, 0x00, 0x00, 0x00, 0x18, 0x5A, 0x42, 0x3C, 0x00, 0x00, 0x00, 0x00,
    0x00, 0x00, 0x00, 0x00, 0x00, 0x00, 0x00, 0x00, 0x00, 0x3C, 0x42, 0x42, 0x00, 0x00, 0x00, 0x00,
    0x00, 0x00, 0x00, 0x00, 0x00, 0x00, 0x00, 0x00, 0x00, 0x08, 0x10, 0x18, 0x00, 0x00, 0x00, 0x00,
    0x00, 0x00, 0x00, 0x00, 0x00, 0x00, 0x00, 0x00, 0x00, 0x18, 0x08, 0x10, 0x00, 0x00, 0x00, 0x00,
    0x00, 0x00, 0x00, 0x00, 0x00, 0x00, 0x00, 0x00, 0x00, 0x18, 0x10, 0x08, 0x00, 0x00, 0x00, 0x00,
    0x00, 0x00, 0x00, 0x00, 0x00, 0x00, 0x00, 0x00, 0x00, 0x03, 0x01, 0x02, 0x00, 0x00, 0x00, 0x00,
    0x00, 0x00, 0x00, 0x00, 0x00, 0x00, 0x00, 0x00, 0x00, 0x00, 0x00, 0x00, 0x00, 0x00, 0x00, 0x00,
    0x00, 0x00, 0x00, 0x00, 0x00, 0x10, 0x08, 0x04, 0x00, 0x00, 0x00, 0x00, 0x00, 0x00, 0x00, 0x00,
    0x00, 0x00, 0x00, 0x00, 0x00, 0x08, 0x10, 0x20, 0x00, 0x00, 0x00, 0x00, 0x00, 0x00, 0x00, 0x00,
    0x00, 0x00, 0x00, 0x00, 0x00, 0x08, 0x38, 0x08, 0x00, 0x00, 0x00, 0x00, 0x00, 0x00, 0x00, 0x00,
    0x00, 0x00, 0x00, 0x00, 0x00, 0x10, 0x1C, 0x10, 0x00, 0x1E, 0x02, 0x02, 0x00, 0x00, 0x00, 0x00,
    0x00, 0x00, 0x00, 0x00, 0x00, 0x00, 0x00, 0x00, 0x00, 0x00, 0x04, 0x0A, 0x02, 0x04, 0x08, 0x00,
    0x00, 0x00, 0x00, 0x00, 0x00, 0x00, 0x00, 0x00, 0x00, 0x00, 0x00, 0x00, 0x00, 0x00, 0x00, 0x00,
    0x00, 0x00, 0x00, 0x00, 0x00, 0x18, 0x20, 0x18, 0x00, 0x00, 0x00, 0x00, 0x00, 0x00, 0x00, 0x00,
    0x00, 0x00, 0x00, 0x00, 0x00, 0x10, 0x10, 0x38, 0x00, 0x00, 0x00, 0x00, 0x00, 0x00, 0x00, 0x00,
    0x00, 0x00, 0x00, 0x00, 0x00, 0x38, 0x10, 0x10, 0x00, 0x00, 0x00, 0x00, 0x00, 0x00, 0x00, 0x00,
    0x00, 0x00, 0x00, 0x00, 0x00, 0x10, 0x38, 0x10, 0x00, 0x00, 0x00, 0x00, 0x00, 0x00, 0x00, 0x00,
    0x00, 0x00, 0x00, 0x00, 0x00, 0x00, 0x00, 0x3C, 0x00, 0x00, 0x00, 0x00, 0x00, 0x00, 0x00, 0x00,
    0x00, 0x00, 0x00, 0x00, 0x02, 0x02, 0x12, 0x0C, 0x00, 0x00, 0x00, 0x00, 0x00, 0x00, 0x00, 0x00,
    0x00, 0x00, 0x00, 0x00, 0x08, 0x08, 0x09, 0x06, 0x00, 0x00, 0x00, 0x00, 0x00, 0x00, 0x00, 0x00,
    0x00, 0x00, 0x00, 0x00, 0x00, 0x00, 0x18, 0x18, 0x00, 0x00, 0x00, 0x00, 0x00, 0x00, 0x00, 0x00,
    0x00, 0x00, 0x00, 0x00, 0x00, 0x00, 0x66, 0x66, 0x00, 0x00, 0x00, 0x00, 0x00, 0x00, 0x00, 0x00,
    0x00, 0x00, 0x00, 0x00, 0x00, 0x18, 0x24, 0x18, 0x00, 0x00, 0x00, 0x00, 0x00, 0x00, 0x00, 0x00,
    0x00, 0x00, 0x00, 0x00, 0x00, 0x18, 0x08, 0x10, 0x00, 0x00, 0x00, 0x00, 0x00, 0x00, 0x00, 0x00,
    0x00, 0x00, 0x00, 0x00, 0x10, 0x18, 0x04, 0x38, 0x00, 0x00, 0x00, 0x00, 0x00, 0x00, 0x00, 0x00,
    0x00, 0x00, 0x00, 0x00, 0x00, 0x08, 0x08, 0x06, 0x00, 0x00, 0x00, 0x00, 0x00, 0x00, 0x00, 0x00,
    0x00, 0x00, 0x00, 0x00, 0x00, 0x10, 0x10, 0x10, 0x00, 0x00, 0x00, 0x00, 0x00, 0x00, 0x00, 0x00,
    0x00, 0x00, 0x00, 0x00, 0x00, 0x00, 0x7E, 0x42, 0x00, 0x00, 0x00, 0x00, 0x00, 0x00, 0x00, 0x00,
    0x00, 0x00, 0x00, 0x00, 0x00, 0x92, 0x92, 0x6C, 0x00, 0x00, 0x00, 0x00, 0x00, 0x00, 0x00, 0x00,
    0x00, 0x00, 0x00, 0x00, 0x00, 0x42, 0x24, 0x18, 0x00, 0x00, 0x00, 0x00, 0x00, 0x00, 0x00, 0x00,
    0x00, 0x00, 0x00, 0x00, 0x00, 0x18, 0x24, 0x42, 0x00, 0x00, 0x00, 0x00, 0x00, 0x00, 0x00, 0x00,
    0x00, 0x00, 0x00, 0x00, 0x00, 0x42, 0x42, 0x3C, 0x00, 0x00, 0x00, 0x00, 0x00, 0x00, 0x00, 0x00,
    0x00, 0x00, 0x00, 0x00, 0x00, 0x3C, 0x42, 0x42, 0x00, 0x00, 0x00, 0x00, 0x00, 0x00, 0x00, 0x00,
    0x00, 0x00, 0x00, 0x00, 0x00, 0x00, 0x32, 0x4C, 0x00, 0x00, 0x00, 0x00, 0x00, 0x00, 0x00, 0x00,
    0x00, 0x00, 0x00, 0x00, 0x00, 0x00, 0x00, 0x7E, 0x00, 0x00, 0x00, 0x00, 0x00, 0x00, 0x00, 0x00,
    0x00, 0x00, 0x00, 0x00, 0x00, 0x00, 0x00, 0xFF, 0x00, 0x00, 0x00, 0x00, 0x00, 0x00, 0x00, 0x00,
    0x00, 0x00, 0x00, 0x00, 0x00, 0xFF, 0x00, 0xFF, 0x00, 0x00, 0x00, 0x00, 0x00, 0x00, 0x00, 0x00,
    0x32, 0x4C, 0x00, 0x00, 0x00, 0x00, 0x00, 0x00, 0x00, 0x00, 0x00, 0x00, 0x00, 0x00, 0x00, 0x00,
    0x3C, 0x00, 0x00, 0x00, 0x00, 0x00, 0x00, 0x00, 0x00, 0x00, 0x00, 0x00, 0x00, 0x00, 0x00, 0x00,
    0xFF, 0x00, 0x00, 0x00, 0x00, 0x00, 0x00, 0x00, 0x00, 0x00, 0x00, 0x00, 0x00, 0x00, 0x04, 0x08,
    0x10, 0x20, 0x40, 0x00, 0x00, 0x00, 0x00, 0x00, 0x00, 0x00, 0x02, 0x02, 0x04, 0x04, 0x08, 0x08,
    0x10, 0x10, 0x20, 0x20, 0x40, 0x40, 0x00, 0x00, 0x00, 0x00, 0x00, 0x00, 0x00, 0x00, 0x00, 0x00,
    0x00, 0x00, 0x00, 0x00, 0x18, 0x04, 0x04, 0x18, 0x00, 0x00, 0x00, 0x00, 0x00, 0x00, 0x00, 0x00,
    0x00, 0x00, 0x00, 0x00, 0x00, 0x00, 0x42, 0x7E, 0x00, 0x00, 0x00, 0x00, 0x00, 0x00, 0x00, 0x00,
    0x00, 0x00, 0x00, 0x00, 0x00, 0x3C, 0x24, 0x3C, 0x00, 0x00, 0x00, 0x00, 0x00, 0x00, 0x00, 0x00,
    0x00, 0x00, 0x00, 0x00, 0x00, 0x6C, 0x92, 0x10, 0x66, 0x18, 0x66, 0x00, 0x00, 0x00, 0x00, 0x00,
    0x00, 0x00, 0x00, 0x00, 0x00, 0x00, 0x00, 0x00, 0x08, 0x10, 0x10, 0x08, 0x10, 0x00, 0x00, 0x00,
    0x00, 0x00, 0x00, 0x00, 0x00, 0x00, 0x00, 0x00, 0xFF, 0x00, 0xFF, 0x00, 0x00, 0x00, 0x00, 0x00,
    0x00, 0x00, 0x00, 0x00, 0x00, 0x00, 0x00, 0x00, 0x00, 0x40, 0x20, 0x10, 0x00, 0x00, 0x00, 0x00,
    0x00, 0x00, 0x00, 0x00, 0x00, 0x00, 0x00, 0x00, 0x00, 0x02, 0x04, 0x08, 0x00, 0x00, 0x00, 0x00,
    0x00, 0x00, 0x00, 0x00, 0x00, 0x00, 0x00, 0x00, 0x00, 0x34, 0x48, 0x00, 0x00, 0x00, 0x00, 0x00,
    0x00, 0x00, 0x00, 0x00, 0x00, 0x00, 0x00, 0x00, 0x00, 0x18, 0x08, 0x10, 0x00, 0x00, 0x00, 0x00,
    0x00, 0x00, 0x00, 0x00, 0x00, 0x00, 0x00, 0x00, 0x10, 0x10, 0x54, 0x44, 0x00, 0x00, 0x00, 0x00,
    0x00, 0x00, 0x00, 0x00, 0x00, 0x00, 0x00, 0x00, 0x00, 0x00, 0x00, 0x00, 0x00, 0x00, 0x00, 0x00,
    0x00, 0x00, 0x00, 0x00, 0x10, 0x10, 0x10, 0x0C, 0x00, 0x7E, 0x42, 0x00, 0x00, 0x00, 0x00, 0x00,
    0x00, 0x00, 0x00, 0x00, 0x00, 0x00, 0x00, 0x00, 0x00, 0x00, 0x00, 0x00, 0x00, 0x00, 0x00, 0x00,
    0x00, 0x00, 0x00, 0x00, 0x00, 0x7E, 0x00, 0x7E, 0x00, 0x00, 0x00, 0x00, 0x00, 0x00, 0x00, 0x00,
    0x00, 0x00, 0x00, 0x00, 0x00, 0x00, 0x24, 0x24, 0x00, 0x00, 0x00, 0x00, 0x00, 0x00, 0x00, 0x00,
    0x00, 0x00, 0x00, 0x00, 0x00, 0x00, 0x18, 0x08, 0x08, 0x3A, 0x5C, 0x10, 0x00, 0x00, 0x00, 0x00,
    0x00, 0x00, 0x00, 0x00, 0x00, 0x00, 0x00, 0x00, 0x04, 0x71, 0x8E, 0x20, 0x00, 0x00, 0x00, 0x00,
    0x00, 0x00, 0x00, 0x00, 0x00, 0x00, 0x00, 0x00, 0x32, 0x4C, 0x32, 0x4C, 0x00, 0x00, 0x00, 0x00,
    0x00, 0x00, 0x00, 0x00, 0x00, 0x00, 0x00, 0x00, 0x00, 0x00, 0x00, 0x00, 0x00, 0x00, 0x00, 0x00,
    0x00, 0x00, 0x00, 0x00, 0x00, 0x22, 0x7F, 0x22, 0x00, 0x00, 0x00, 0x00, 0x00, 0x00, 0x00, 0x00,
    0x00, 0x00, 0x00, 0x00, 0x00, 0x08, 0x1C, 0x08, 0xAA, 0xAA, 0x00, 0x01, 0x80, 0x00, 0x00, 0x01,
    0xB9, 0xC2, 0x42, 0x03, 0xC2, 0xE2, 0x42, 0x2B, 0xB9, 0xC4, 0x00, 0x01, 0x82, 0x40, 0x00, 0x01,
    0x84, 0x20, 0x00, 0x01, 0x82, 0x40, 0x55, 0x55, 0x08, 0x04, 0x02, 0x04, 0x08, 0x00, 0x00, 0x00,
    0x00, 0x00, 0x00, 0x00, 0x00, 0x00, 0x00, 0x00, 0x18, 0x20, 0x20, 0x18, 0x00, 0x00, 0x00, 0x00,
    0x00, 0x00, 0x00, 0x00, 0x00, 0x00, 0x00, 0x00, 0x3C, 0x42, 0x5A, 0x18, 0x00, 0x00, 0x00, 0x00,
    0x00, 0x00, 0x00, 0x00, 0x00, 0x00, 0x00, 0x00, 0x00, 0x00, 0x00, 0x00, 0x00, 0x00, 0x00, 0x00,
    0x00, 0x00, 0x00, 0x00, 0x00, 0x24, 0x18, 0x24, 0x00, 0x00, 0x00, 0x00, 0x00, 0x00, 0x00, 0x00,
    0x00, 0x00, 0x00, 0x08, 0x10, 0x20, 0x10, 0x08, 0x00, 0x00, 0x00, 0x00, 0x00, 0x00, 0x00, 0x00,
    0x00, 0x00, 0x00, 0x10, 0x08, 0x04, 0x08, 0x10, 0x00, 0x00, 0x00, 0x00, 0x00, 0x00, 0x00, 0x00,
    0x00, 0x00, 0x00, 0x80, 0x40, 0x24, 0x4A, 0x91, 0x18, 0x04, 0x04, 0x18, 0x00, 0x00, 0x00, 0x00,
    0x00, 0x00, 0x00, 0x00, 0x00, 0x00, 0x00, 0x00, 0x00, 0x03, 0x03, 0x00, 0x00, 0x00, 0x00, 0x00,
    0x00, 0x00, 0x00, 0x00, 0x00, 0x00, 0x00, 0x00, 0x00, 0x00, 0x00, 0x00, 0x00, 0x00, 0x00, 0x00,
    0x00, 0x00, 0x00, 0x00, 0x54, 0x38, 0x7C, 0x38, 0x00, 0x00, 0x00, 0x00, 0x00, 0x00, 0x00, 0x00,
    0x00, 0x00, 0x00, 0x00, 0x00, 0x6C, 0x92, 0x6C, 0x08, 0x10, 0x3E, 0x04, 0x08, 0x00, 0x00, 0x00,
    0x00, 0x00, 0x00, 0x00, 0x00, 0x00, 0x00, 0x00, 0x00, 0x00, 0x00, 0x00, 0x00, 0x00, 0x00, 0x00,
    0x00, 0x00, 0x00, 0x00, 0x00, 0x00, 0x00, 0x00, 0x00, 0x00, 0x00, 0x00, 0x00, 0x00, 0x00, 0x00,
    0x00, 0x00, 0x40, 0x02, 0x30, 0x0C, 0x0F, 0xF0, 0x00, 0x00, 0x40, 0x02, 0x30, 0x0C, 0x0F, 0xF0,
    0x00, 0x00, 0x00, 0x00, 0x00, 0x00, 0x00, 0x00, 0x00, 0x00, 0x00, 0x00, 0x00, 0x00, 0x00, 0x00,
    0x00, 0x00, 0x00, 0x00, 0x00, 0x00, 0x00, 0x00, 0x00, 0x00, 0x00, 0x00, 0x1F, 0xF8, 0x00, 0x00,
    0x00, 0x00, 0x00, 0x00, 0x00, 0x00, 0x00, 0x00, 0x00, 0x00, 0x00, 0x00, 0x00, 0x00, 0x00, 0x00,
    0x00, 0x00, 0x00, 0x00, 0x00, 0x00, 0x00, 0x00, 0x00, 0x00, 0x00, 0x00, 0x00, 0x00, 0x00, 0x00,
    0x00, 0x00, 0x00, 0x00, 0x00, 0x00, 0x00, 0x00, 0x00, 0x00, 0x00, 0x00, 0x00, 0x00, 0x00, 0x00,
    0x00, 0x00, 0x00, 0x00, 0x00, 0x00, 0x1F, 0xF8, 0x00, 0x00, 0x1E, 0x02, 0x21, 0x84, 0x40, 0x78,
    0x00, 0x00, 0x00, 0x00, 0x00, 0x00, 0x00, 0x00, 0x00, 0x00, 0x00, 0x00, 0x00, 0x00, 0x00, 0x00,
    0x00, 0x00, 0x00, 0x00, 0x00, 0x00, 0x00, 0x00, 0x00, 0x00, 0x0F, 0xF0, 0x30, 0x0C, 0x40, 0x02,
    0x00, 0x00, 0x00, 0x00, 0x00, 0x00, 0x00, 0x00, 0x00, 0x00, 0x00, 0x00, 0x00, 0x00, 0x00, 0x00,
    0x00, 0x00, 0x00, 0x00, 0x00, 0x00, 0x00, 0x00, 0x00, 0x00, 0x00, 0x00, 0x00, 0x00, 0x00, 0x00,
    0x00, 0x00, 0x00, 0x00, 0x00, 0x00, 0x00, 0x00, 0x00, 0x00, 0x00, 0x00, 0x00, 0x00, 0x00, 0x08,
    0x00, 0x0C, 0x7F, 0xFE, 0x00, 0x0C, 0x00, 0x08, 0x3C, 0x44, 0x44, 0x4C, 0x34, 0x00, 0x00, 0x00,
    0x00, 0x00, 0x00, 0x00, 0x00, 0x00, 0x00, 0x00, 0x38, 0x44, 0x78, 0x40, 0x3C, 0x00, 0x00, 0x00,
    0x00, 0x00, 0x00, 0x00, 0x00, 0x00, 0x00, 0x00, 0x10, 0x00, 0x30, 0x10, 0x38, 0x00, 0x00, 0x00,
    0x00, 0x00, 0x00, 0x00, 0x00, 0x00, 0x00, 0x00, 0x38, 0x44, 0x44, 0x44, 0x38, 0x00, 0x00, 0x00,
    0x00, 0x00, 0x00, 0x00, 0x00, 0x00, 0x00, 0x00, 0x44, 0x44, 0x44, 0x44, 0x3C, 0x00, 0x00, 0x00,
    0x00, 0x00, 0x00, 0x00, 0x00, 0x00, 0x00, 0x00, 0x1C, 0x20, 0x20, 0x20, 0x1C, 0x00, 0x00, 0x00,
    0x00, 0x00, 0x00, 0x00, 0x00, 0x00, 0x00, 0x00, 0x04, 0x04, 0x1C, 0x24, 0x1C, 0x00, 0x00, 0x00,
    0x00, 0x00, 0x00, 0x00, 0x00, 0x00, 0x00, 0x00, 0x20, 0x20, 0x38, 0x24, 0x24, 0x00, 0x00, 0x00,
    0x00, 0x00, 0x00, 0x00, 0x00, 0x00, 0x00, 0x00, 0x00, 0x00, 0xEC, 0x92, 0x92, 0x00, 0x00, 0x00,
    0x00, 0x00, 0x00, 0x00, 0x00, 0x00, 0x00, 0x00, 0x00, 0x38, 0x24, 0x20, 0x20, 0x00, 0x00, 0x00,
    0x00, 0x00, 0x00, 0x00, 0x00, 0x00, 0x00, 0x00, 0x20, 0x78, 0x20, 0x20, 0x18, 0x00, 0x00, 0x00,
    0x00, 0x00, 0x00, 0x00, 0x00, 0x00, 0x00, 0x00, 0x00, 0x44, 0x44, 0x28, 0x10, 0x00, 0x00, 0x00,
    0x00, 0x00, 0x00, 0x00, 0x00, 0x00, 0x00, 0x00, 0x44, 0x28, 0x10, 0x28, 0x44, 0x00, 0x00, 0x00,
    0x00, 0x00, 0x00, 0x00, 0x00, 0x00, 0x00, 0x00, 0x00, 0x30, 0x0C, 0x00, 0x7E, 0x40, 0x40, 0x40,
    0x7C, 0x40, 0x40, 0x40, 0x40, 0x7E, 0x00, 0x00, 0x24, 0x24, 0x00, 0x00, 0x7E, 0x40, 0x40, 0x40,
    0x7C, 0x40, 0x40, 0x40, 0x40, 0x7E, 0x00, 0x00, 0x00, 0x00, 0x00, 0x00, 0x7E, 0x10, 0x10, 0x10,
    0x1E, 0x11, 0x11, 0x11, 0x11, 0x16, 0x00, 0x00, 0x0C, 0x30, 0x00, 0x00, 0x7E, 0x40, 0x40, 0x40,
    0x40, 0x40, 0x40, 0x40, 0x40, 0x40, 0x00, 0x00, 0x00, 0x00, 0x00, 0x00, 0x1C, 0x22, 0x40, 0x40,
    0x7C, 0x40, 0x40, 0x40, 0x22, 0x1C, 0x00, 0x00, 0x00, 0x00, 0x00, 0x00, 0x3C, 0x42, 0x42, 0x40,
    0x30, 0x0C, 0x02, 0x42, 0x42, 0x3C, 0x00, 0x00, 0x00, 0x00, 0x00, 0x00, 0x3E, 0x08, 0x08, 0x08,
    0x08, 0x08, 0x08, 0x08, 0x08, 0x3E, 0x00, 0x00, 0x24, 0x24, 0x00, 0x00, 0x3E, 0x08, 0x08, 0x08,
    0x08, 0x08, 0x08, 0x08, 0x08, 0x3E, 0x00, 0x00, 0x00, 0x00, 0x00, 0x00, 0x0E, 0x04, 0x04, 0x04,
    0x04, 0x04, 0x04, 0x44, 0x44, 0x38, 0x00, 0x00, 0x00, 0x00, 0x00, 0x00, 0x78, 0x48, 0x48, 0x48,
    0x4E, 0x49, 0x49, 0x49, 0x49, 0x8E, 0x00, 0x00, 0x00, 0x00, 0x00, 0x00, 0x48, 0x48, 0x48, 0x48,
    0x7E, 0x49, 0x49, 0x49, 0x49, 0x4E, 0x00, 0x00, 0x00, 0x00, 0x00, 0x00, 0x7E, 0x10, 0x10, 0x10,
    0x1E, 0x11, 0x11, 0x11, 0x11, 0x11, 0x00, 0x00, 0x0C, 0x30, 0x00, 0x00, 0x46, 0x48, 0x48, 0x50,
    0x50, 0x60, 0x50, 0x48, 0x44, 0x42, 0x00, 0x00, 0x00, 0x30, 0x0C, 0x00, 0x42, 0x46, 0x46, 0x4A,
    0x4A, 0x52, 0x52, 0x62, 0x62, 0x42, 0x00, 0x00, 0x42, 0x42, 0x3C, 0x00, 0x41, 0x41, 0x22, 0x22,
    0x14, 0x14, 0x08, 0x08, 0x10, 0x30, 0x00, 0x00, 0x00, 0x00, 0x00, 0x00, 0x41, 0x41, 0x41, 0x41,
    0x41, 0x41, 0x41, 0x41, 0x41, 0x7F, 0x08, 0x08, 0x00, 0x00, 0x00, 0x00, 0x18, 0x24, 0x24, 0x42,
    0x42, 0x7E, 0x42, 0x42, 0x42, 0x42, 0x00, 0x00, 0x00, 0x00, 0x00, 0x00, 0x7C, 0x40, 0x40, 0x40,
    0x7C, 0x42, 0x42, 0x42, 0x42, 0x7C, 0x00, 0x00, 0x00, 0x00, 0x00, 0x00, 0x7C, 0x42, 0x42, 0x42,
    0x7C, 0x42, 0x42, 0x42, 0x42, 0x7C, 0x00, 0x00, 0x00, 0x00, 0x00, 0x00, 0x7E, 0x40, 0x40, 0x40,
    0x40, 0x40, 0x40, 0x40, 0x40, 0x40, 0x00, 0x00, 0x00, 0x00, 0x00, 0x00, 0x0E, 0x12, 0x12, 0x12,
    0x22, 0x22, 0x22, 0x42, 0x42, 0xFF, 0x81, 0x81, 0x00, 0x00, 0x00, 0x00, 0x7E, 0x40, 0x40, 0x40,
    0x7C, 0x40, 0x40, 0x40, 0x40, 0x7E, 0x00, 0x00, 0x00, 0x00, 0x00, 0x00, 0x49, 0x49, 0x2A, 0x2A,
    0x1C, 0x1C, 0x2A, 0x2A, 0x49, 0x49, 0x00, 0x00, 0x00, 0x00, 0x00, 0x00, 0x3C, 0x42, 0x02, 0x02,
    0x3C, 0x04, 0x02, 0x02, 0x42, 0x3C, 0x00, 0x00, 0x00, 0x00, 0x00, 0x00, 0x42, 0x46, 0x46, 0x4A,
    0x4A, 0x52, 0x52, 0x62, 0x62, 0x42, 0x00, 0x00, 0x00, 0x24, 0x18, 0x00, 0x42, 0x46, 0x46, 0x4A,
    0x4A, 0x52, 0x52, 0x62, 0x62, 0x42, 0x00, 0x00, 0x00, 0x00, 0x00, 0x00, 0x46, 0x48, 0x48, 0x50,
    0x50, 0x60, 0x50, 0x48, 0x44, 0x42, 0x00, 0x00, 0x00, 0x00, 0x00, 0x00, 0x1E, 0x12, 0x12, 0x12,
    0x12, 0x12, 0x12, 0x22, 0x22, 0x42, 0x00, 0x00, 0x00, 0x00, 0x00, 0x00, 0x42, 0x42, 0x66, 0x66,
    0x5A, 0x5A, 0x42, 0x42, 0x42, 0x42, 0x00, 0x00, 0x00, 0x00, 0x00, 0x00, 0x42, 0x42, 0x42, 0x42,
    0x7E, 0x42, 0x42, 0x42, 0x42, 0x42, 0x00, 0x00, 0x00, 0x00, 0x00, 0x00, 0x3C, 0x42, 0x42, 0x42,
    0x42, 0x42, 0x42, 0x42, 0x42, 0x3C, 0x00, 0x00, 0x00, 0x00, 0x00, 0x00, 0x7E, 0x42, 0x42, 0x42,
    0x42, 0x42, 0x42, 0x42, 0x42, 0x42, 0x00, 0x00, 0x00, 0x00, 0x00, 0x00, 0x7C, 0x42, 0x42, 0x42,
    0x7C, 0x40, 0x40, 0x40, 0x40, 0x40, 0x00, 0x00, 0x00, 0x00, 0x00, 0x00, 0x3C, 0x42, 0x42, 0x40,
    0x40, 0x40, 0x40, 0x42, 0x42, 0x3C, 0x00, 0x00, 0x00, 0x00, 0x00, 0x00, 0x7F, 0x08, 0x08, 0x08,
    0x08, 0x08, 0x08, 0x08, 0x08, 0x08, 0x00, 0x00, 0x00, 0x00, 0x00, 0x00, 0x41, 0x41, 0x22, 0x22,
    0x14, 0x14, 0x08, 0x08, 0x10, 0x30, 0x00, 0x00, 0x00, 0x00, 0x00, 0x08, 0x3E, 0x49, 0x49, 0x49,
    0x49, 0x49, 0x3E, 0x08, 0x08, 0x08, 0x00, 0x00, 0x00, 0x00, 0x00, 0x00, 0x42, 0x42, 0x24, 0x24,
    0x18, 0x18, 0x24, 0x24, 0x42, 0x42, 0x00, 0x00, 0x00, 0x00, 0x00, 0x00, 0x42, 0x42, 0x42, 0x42,
    0x42, 0x42, 0x42, 0x42, 0x42, 0x7F, 0x01, 0x01, 0x00, 0x00, 0x00, 0x00, 0x42, 0x42, 0x42, 0x42,
    0x42, 0x46, 0x3A, 0x02, 0x02, 0x02, 0x00, 0x00, 0x00, 0x00, 0x00, 0x00, 0x49, 0x49, 0x49, 0x49,
    0x49, 0x49, 0x49, 0x49, 0x49, 0x7F, 0x00, 0x00, 0x00, 0x00, 0x00, 0x00, 0x92, 0x92, 0x92, 0x92,
    0x92, 0x92, 0x92, 0x92, 0x92, 0xFF, 0x01, 0x01, 0x00, 0x00, 0x00, 0x00, 0x70, 0x10, 0x10, 0x10,
    0x1E, 0x11, 0x11, 0x11, 0x11, 0x1E, 0x00, 0x00, 0x00, 0x00, 0x00, 0x00, 0x42, 0x42, 0x42, 0x42,
    0x72, 0x4A, 0x4A, 0x4A, 0x4A, 0x72, 0x00, 0x00, 0x00, 0x00, 0x00, 0x00, 0x40, 0x40, 0x40, 0x40,
    0x7C, 0x42, 0x42, 0x42, 0x42, 0x7C, 0x00, 0x00, 0x00, 0x00, 0x00, 0x00, 0x38, 0x44, 0x02, 0x02,
    0x3E, 0x02, 0x02, 0x02, 0x44, 0x38, 0x00, 0x00, 0x00, 0x00, 0x00, 0x00, 0x4C, 0x52, 0x52, 0x52,
    0x72, 0x52, 0x52, 0x52, 0x52, 0x4C, 0x00, 0x00, 0x00, 0x00, 0x00, 0x00, 0x3E, 0x42, 0x42, 0x42,
    0x3E, 0x12, 0x22, 0x22, 0x42, 0x42, 0x00, 0x00, 0x00, 0x00, 0x00, 0x00, 0x00, 0x00, 0x3C, 0x42,
    0x02, 0x3E, 0x42, 0x42, 0x46, 0x3A, 0x00, 0x00, 0x00, 0x00, 0x02, 0x1C, 0x20, 0x40, 0x7C, 0x42,
    0x42, 0x42, 0x42, 0x42, 0x42, 0x3C, 0x00, 0x00, 0x00, 0x00, 0x00, 0x00, 0x00, 0x00, 0x7C, 0x42,
    0x42, 0x7C, 0x42, 0x42, 0x42, 0x7C, 0x00, 0x00, 0x00, 0x00, 0x00, 0x00, 0x00, 0x00, 0x7E, 0x40,
    0x40, 0x40, 0x40, 0x40, 0x40, 0x40, 0x00, 0x00, 0x00, 0x00, 0x00, 0x00, 0x00, 0x00, 0x1E, 0x12,
    0x22, 0x22, 0x42, 0x42, 0x42, 0x7F, 0x41, 0x00, 0x00, 0x00, 0x00, 0x00, 0x00, 0x00, 0x3C, 0x42,
    0x42, 0x7E, 0x40, 0x40, 0x42, 0x3C, 0x00, 0x00, 0x00, 0x00, 0x00, 0x00, 0x00, 0x00, 0x49, 0x49,
    0x2A, 0x1C, 0x1C, 0x2A, 0x49, 0x49, 0x00, 0x00, 0x00, 0x00, 0x00, 0x00, 0x00, 0x00, 0x3C, 0x42,
    0x02, 0x3C, 0x04, 0x02, 0x42, 0x3C, 0x00, 0x00, 0x00, 0x00, 0x00, 0x00, 0x00, 0x00, 0x46, 0x46,
    0x4A, 0x4A, 0x52, 0x52, 0x62, 0x62, 0x00, 0x00, 0x00, 0x00, 0x24, 0x18, 0x00, 0x00, 0x46, 0x46,
    0x4A, 0x4A, 0x52, 0x52, 0x62, 0x62, 0x00, 0x00, 0x00, 0x00, 0x00, 0x00, 0x00, 0x00, 0x46, 0x48,
    0x50, 0x60, 0x50, 0x48, 0x44, 0x42, 0x00, 0x00, 0x00, 0x00, 0x00, 0x00, 0x00, 0x00, 0x1E, 0x12,
    0x12, 0x12, 0x12, 0x22, 0x22, 0x42, 0x00, 0x00, 0x00, 0x00, 0x00, 0x00, 0x00, 0x00, 0x42, 0x66,
    0x66, 0x5A, 0x5A, 0x42, 0x42, 0x42, 0x00, 0x00, 0x00, 0x00, 0x00, 0x00, 0x00, 0x00, 0x42, 0x42,
    0x42, 0x7E, 0x42, 0x42, 0x42, 0x42, 0x00, 0x00, 0x00, 0x00, 0x00, 0x00, 0x00, 0x00, 0x3C, 0x42,
    0x42, 0x42, 0x42, 0x42, 0x42, 0x3C, 0x00, 0x00, 0x00, 0x00, 0x00, 0x00, 0x00, 0x00, 0x7E, 0x42,
    0x42, 0x42, 0x42, 0x42, 0x42, 0x42, 0x00, 0x00, 0x00, 0x00, 0x00, 0x00, 0x00, 0x00, 0x5C, 0x62,
    0x42, 0x42, 0x42, 0x42, 0x62, 0x5C, 0x40, 0x40, 0x00, 0x00, 0x00, 0x00, 0x00, 0x00, 0x3C, 0x42,
    0x40, 0x40, 0x40, 0x40, 0x42, 0x3C, 0x00, 0x00, 0x00, 0x00, 0x00, 0x00, 0x00, 0x00, 0x7F, 0x08,
    0x08, 0x08, 0x08, 0x08, 0x08, 0x08, 0x00, 0x00, 0x00, 0x00, 0x00, 0x00, 0x00, 0x00, 0x42, 0x42,
    0x24, 0x24, 0x18, 0x18, 0x10, 0x10, 0x20, 0x60, 0x00, 0x00, 0x00, 0x08, 0x08, 0x08, 0x3E, 0x49,
    0x49, 0x49, 0x49, 0x49, 0x49, 0x3E, 0x08, 0x08, 0x00, 0x00, 0x00, 0x00, 0x00, 0x00, 0x42, 0x42,
    0x24, 0x18, 0x18, 0x24, 0x42, 0x42, 0x00, 0x00, 0x00, 0x00, 0x00, 0x00, 0x00, 0x00, 0x42, 0x42,
    0x42, 0x42, 0x42, 0x42, 0x42, 0x7F, 0x01, 0x01, 0x00, 0x00, 0x00, 0x00, 0x00, 0x00, 0x42, 0x42,
    0x42, 0x42, 0x46, 0x3A, 0x02, 0x02, 0x00, 0x00, 0x00, 0x00, 0x00, 0x00, 0x00, 0x00, 0x49, 0x49,
    0x49, 0x49, 0x49, 0x49, 0x49, 0x7F, 0x00, 0x00, 0x00, 0x00, 0x00, 0x00, 0x00, 0x00, 0x92, 0x92,
    0x92, 0x92, 0x92, 0x92, 0x92, 0xFF, 0x01, 0x01, 0x00, 0x00, 0x00, 0x00, 0x00, 0x00, 0x70, 0x10,
    0x10, 0x1E, 0x11, 0x11, 0x11, 0x1E, 0x00, 0x00, 0x00, 0x00, 0x00, 0x00, 0x00, 0x00, 0x42, 0x42,
    0x42, 0x72, 0x4A, 0x4A, 0x4A, 0x72, 0x00, 0x00, 0x00, 0x00, 0x00, 0x00, 0x00, 0x00, 0x40, 0x40,
    0x40, 0x7C, 0x42, 0x42, 0x42, 0x7C, 0x00, 0x00, 0x00, 0x00, 0x00, 0x00, 0x00, 0x00, 0x38, 0x44,
    0x02, 0x3E, 0x02, 0x02, 0x44, 0x38, 0x00, 0x00, 0x00, 0x00, 0x00, 0x00, 0x00, 0x00, 0x4C, 0x52,
    0x52, 0x72, 0x52, 0x52, 0x52, 0x4C, 0x00, 0x00, 0x00, 0x00, 0x00, 0x00, 0x00, 0x00, 0x3E, 0x42,
    0x42, 0x42, 0x3E, 0x12, 0x22, 0x42, 0x00, 0x00, 0x00, 0x00, 0x30, 0x0C, 0x00, 0x00, 0x3C, 0x42,
    0x42, 0x7E, 0x40, 0x40, 0x42, 0x3C, 0x00, 0x00, 0x00, 0x00, 0x24, 0x24, 0x00, 0x00, 0x3C, 0x42,
    0x42, 0x7E, 0x40, 0x40, 0x42, 0x3C, 0x00, 0x00, 0x00, 0x00, 0x00, 0x40, 0xF0, 0x40, 0x5C, 0x62,
    0x42, 0x42, 0x42, 0x42, 0x42, 0x42, 0x02, 0x0C, 0x00, 0x00, 0x0C, 0x30, 0x00, 0x00, 0x7E, 0x40,
    0x40, 0x40, 0x40, 0x40, 0x40, 0x40, 0x00, 0x00, 0x00, 0x00, 0x00, 0x00, 0x00, 0x00, 0x1C, 0x22,
    0x40, 0x7C, 0x40, 0x40, 0x22, 0x1C, 0x00, 0x00, 0x00, 0x00, 0x00, 0x00, 0x00, 0x00, 0x3C, 0x42,
    0x40, 0x30, 0x0C, 0x02, 0x42, 0x3C, 0x00, 0x00, 0x00, 0x00, 0x00, 0x08, 0x08, 0x00, 0x18, 0x08,
    0x08, 0x08, 0x08, 0x08, 0x08, 0x3E, 0x00, 0x00, 0x00, 0x00, 0x00, 0x24, 0x24, 0x00, 0x18, 0x08,
    0x08, 0x08, 0x08, 0x08, 0x08, 0x3E, 0x00, 0x00, 0x00, 0x00, 0x00, 0x04, 0x04, 0x00, 0x0C, 0x04,
    0x04, 0x04, 0x04, 0x04, 0x04, 0x04, 0x48, 0x30, 0x00, 0x00, 0x00, 0x00, 0x00, 0x00, 0x78, 0x48,
    0x48, 0x4E, 0x49, 0x49, 0x49, 0x8E, 0x00, 0x00, 0x00, 0x00, 0x00, 0x00, 0x00, 0x00, 0x48, 0x48,
    0x48, 0x7E, 0x49, 0x49, 0x49, 0x4E, 0x00, 0x00, 0x00, 0x00, 0x00, 0x40, 0xF0, 0x40, 0x5C, 0x62,
    0x42, 0x42, 0x42, 0x42, 0x42, 0x42, 0x00, 0x00, 0x00, 0x00, 0x0C, 0x30, 0x00, 0x00, 0x46, 0x48,
    0x50, 0x60, 0x50, 0x48, 0x44, 0x42, 0x00, 0x00, 0x00, 0x00, 0x30, 0x0C, 0x00, 0x00, 0x46, 0x46,
    0x4A, 0x4A, 0x52, 0x52, 0x62, 0x62, 0x00, 0x00, 0x00, 0x42, 0x42, 0x3C, 0x00, 0x00, 0x42, 0x42,
    0x24, 0x24, 0x18, 0x18, 0x10, 0x10, 0x20, 0x60, 0x00, 0x00, 0x00, 0x00, 0x00, 0x00, 0x22, 0x22,
    0x22, 0x22, 0x22, 0x22, 0x22, 0x3E, 0x08, 0x08, 0x00, 0x00, 0x00, 0x00, 0x49, 0x49, 0x49, 0x49,
    0x49, 0x49, 0x49, 0x49, 0x5A, 0x24, 0x00, 0x00, 0x00, 0x00, 0x00, 0x00, 0x00, 0x00, 0x00, 0x49,
    0x49, 0x49, 0x49, 0x49, 0x5A, 0x24, 0x00, 0x00, 0x00, 0x00, 0x00, 0x00, 0x10, 0x7C, 0x10, 0x10,
    0x1E, 0x11, 0x11, 0x11, 0x11, 0x1E, 0x00, 0x00, 0x00, 0x00, 0x00, 0x00, 0x20, 0x20, 0x78, 0x20,
    0x20, 0x3C, 0x22, 0x22, 0x22, 0x3C, 0x00, 0x00, 0x00, 0x00, 0x00, 0x00, 0x46, 0x49, 0x50, 0x50,
    0x7E, 0x50, 0x50, 0x50, 0x49, 0x46, 0x00, 0x00, 0x00, 0x00, 0x00, 0x00, 0x00, 0x00, 0x46, 0x49,
    0x50, 0x7E, 0x50, 0x50, 0x49, 0x46, 0x00, 0x00, 0x00, 0x00, 0x00, 0x00, 0x08, 0x08, 0x14, 0x14,
    0x22, 0x36, 0x2A, 0x49, 0x49, 0x49, 0x00, 0x00, 0x00, 0x00, 0x00, 0x00, 0x00, 0x00, 0x08, 0x14,
    0x14, 0x22, 0x36, 0x49, 0x49, 0x49, 0x00, 0x00, 0x00, 0x00, 0x00, 0x00, 0x48, 0x48, 0x54, 0x54,
    0x52, 0x76, 0x6A, 0x49, 0x49, 0x49, 0x00, 0x00, 0x00, 0x00, 0x00, 0x00, 0x00, 0x00, 0x48, 0x54,
    0x54, 0x52, 0x76, 0x49, 0x49, 0x49, 0x00, 0x00, 0x00, 0x00, 0x00, 0x00, 0x3E, 0x22, 0x22, 0x14,
    0x08, 0x1C, 0x2A, 0x49, 0x49, 0x49, 0x00, 0x00, 0x00, 0x00, 0x00, 0x00, 0x00, 0x00, 0x3E, 0x22,
    0x14, 0x08, 0x3E, 0x49, 0x49, 0x49, 0x00, 0x00, 0x00, 0x00, 0x00, 0x00, 0x5F, 0x51, 0x51, 0x4A,
    0x74, 0x4E, 0x55, 0x55, 0x55, 0x55, 0x00, 0x00, 0x00, 0x00, 0x00, 0x00, 0x00, 0x00, 0x5F, 0x51,
    0x4A, 0x74, 0x4E, 0x55, 0x55, 0x55, 0x00, 0x00, 0x00, 0x00, 0x24, 0x18, 0x3C, 0x42, 0x02, 0x02,
    0x3C, 0x04, 0x02, 0x02, 0x02, 0x3C, 0x40, 0x40, 0x00, 0x00, 0x00, 0x24, 0x18, 0x00, 0x3C, 0x42,
    0x02, 0x3C, 0x04, 0x02, 0x02, 0x3C, 0x40, 0x40, 0x00, 0x00, 0x00, 0x00, 0x49, 0x49, 0x49, 0x49,
    0x49, 0x3E, 0x08, 0x08, 0x08, 0x08, 0x00, 0x00, 0x00, 0x00, 0x00, 0x00, 0x00, 0x00, 0x00, 0x00,
    0x49, 0x49, 0x49, 0x49, 0x49, 0x3E, 0x08, 0x08, 0x00, 0x00, 0x00, 0x00, 0x3C, 0x42, 0x42, 0x42,
    0x7E, 0x42, 0x42, 0x42, 0x42, 0x3C, 0x00, 0x00, 0x00, 0x00, 0x00, 0x00, 0x00, 0x00, 0x3C, 0x42,
    0x42, 0x7E, 0x42, 0x42, 0x42, 0x3C, 0x00, 0x00, 0x00, 0x00, 0x00, 0x00, 0x43, 0x44, 0x44, 0x44,
    0x28, 0x28, 0x28, 0x10, 0x10, 0x10, 0x00, 0x00, 0x00, 0x00, 0x00, 0x00, 0x00, 0x00, 0x46, 0x48,
    0x48, 0x28, 0x28, 0x28, 0x10, 0x10, 0x00, 0x00, 0x66, 0x11, 0x00, 0x00, 0x43, 0x44, 0x44, 0x44,
    0x28, 0x28, 0x28, 0x10, 0x10, 0x10, 0x00, 0x00, 0x00, 0x00, 0x66, 0x11, 0x00, 0x00, 0x46, 0x48,
    0x48, 0x28, 0x28, 0x28, 0x10, 0x10, 0x00, 0x00, 0x00, 0x00, 0x00, 0x00, 0x20, 0x50, 0x59, 0x59,
    0x59, 0x55, 0x56, 0x54, 0x54, 0x24, 0x08, 0x08, 0x00, 0x00, 0x00, 0x00, 0x00, 0x00, 0x29, 0x59,
    0x59, 0x55, 0x56, 0x54, 0x54, 0x24, 0x08, 0x08, 0x00, 0x00, 0x00, 0x08, 0x3E, 0x49, 0x41, 0x41,
    0x41, 0x41, 0x41, 0x41, 0x49, 0x3E, 0x08, 0x00, 0x00, 0x00, 0x00, 0x00, 0x00, 0x08, 0x3E, 0x49,
    0x41, 0x41, 0x41, 0x41, 0x49, 0x3E, 0x08, 0x00, 0x3C, 0x43, 0x18, 0x04, 0x08, 0x00, 0x36, 0x41,
    0x41, 0x49, 0x49, 0x49, 0x49, 0x36, 0x00, 0x00, 0x00, 0x00, 0x00, 0x3C, 0x43, 0x18, 0x04, 0x08,
    0x00, 0x36, 0x41, 0x49, 0x49, 0x36, 0x00, 0x00, 0x00, 0x7F, 0x08, 0x00, 0x49, 0x49, 0x49, 0x49,
    0x49, 0x49, 0x49, 0x49, 0x5A, 0x24, 0x00, 0x00, 0x00, 0x00, 0x00, 0x00, 0x7F, 0x08, 0x00, 0x49,
    0x49, 0x49, 0x49, 0x49, 0x5A, 0x24, 0x00, 0x00, 0x00, 0x00, 0x00, 0x00, 0x3C, 0x42, 0x42, 0x40,
    0x40, 0x40, 0x40, 0x40, 0x3C, 0x04, 0x04, 0x04, 0x00, 0x00, 0x00, 0x00, 0x00, 0x00, 0x3C, 0x42,
    0x42, 0x40, 0x40, 0x40, 0x3C, 0x04, 0x04, 0x04, 0x00, 0x00, 0x00, 0x00, 0x00, 0x00, 0x12, 0x0C,
    0x44, 0x2A, 0x11, 0x18, 0x24, 0x00, 0x00, 0x00, 0x00, 0x08, 0x78, 0x40, 0x00, 0x00, 0x00, 0x00,
    0x00, 0x00, 0x00, 0x00, 0x00, 0x00, 0x00, 0x00, 0x02, 0x05, 0x09, 0x10, 0x00, 0x00, 0x00, 0x00,
    0x00, 0x00, 0x00, 0x00, 0x00, 0x00, 0x00, 0x00, 0x00, 0x38, 0x40, 0x30, 0x00, 0x00, 0x00, 0x00,
    0x00, 0x00, 0x00, 0x00, 0x00, 0x00, 0x00, 0x00, 0x00, 0x38, 0x04, 0x18, 0x00, 0x00, 0x00, 0x00,
    0x00, 0x00, 0x00, 0x00, 0x00, 0x00, 0x00, 0x00, 0x00, 0x30, 0x4C, 0x83, 0x00, 0x00, 0x00, 0x00,
    0x00, 0x00, 0x00, 0x00, 0x00, 0x00, 0x00, 0x00, 0x00, 0x00, 0x00, 0x00, 0x01, 0x00, 0x02, 0x80,
    0x10, 0x10, 0x28, 0x28, 0x00, 0x00, 0x00, 0x00, 0x40, 0x08, 0xA0, 0x14, 0x00, 0x00, 0x00, 0x00,
    0x00, 0x00, 0x10, 0x10, 0x29, 0x28, 0x02, 0x80, 0x00, 0x00, 0x00, 0x00, 0x00, 0x80, 0x10, 0x84,
    0x09, 0x88, 0x0C, 0x30, 0x00, 0x00, 0x00, 0x00, 0x00, 0x08, 0x70, 0x0E, 0x10, 0x00, 0x00, 0x00,
    0x00, 0x00, 0x0C, 0xD8, 0x08, 0x88, 0x10, 0x84, 0x00, 0x24, 0x18, 0x00, 0x42, 0x46, 0x46, 0x4A,
    0x4A, 0x52, 0x52, 0x62, 0x62, 0x43, 0x02, 0x04, 0x00, 0x00, 0x24, 0x18, 0x00, 0x00, 0x46, 0x46,
    0x4A, 0x4A, 0x52, 0x52, 0x62, 0x63, 0x02, 0x04, 0x00, 0x00, 0x00, 0x00, 0x20, 0x70, 0x20, 0x20,
    0x20, 0x3C, 0x22, 0x22, 0x26, 0x3C, 0x00, 0x00, 0x00, 0x00, 0x00, 0x00, 0x00, 0x00, 0x00, 0x20,
    0x70, 0x20, 0x3C, 0x22, 0x22, 0x3C, 0x00, 0x00, 0x00, 0x00, 0x00, 0x00, 0x7C, 0x42, 0x4A, 0x44,
    0x7A, 0x40, 0x40, 0x40, 0x40, 0x40, 0x00, 0x00, 0x00, 0x00, 0x00, 0x00, 0x00, 0x00, 0x5C, 0x62,
    0x42, 0x42, 0x42, 0x4A, 0x64, 0x5A, 0x40, 0x40, 0x00, 0x00, 0x02, 0x02, 0x7E, 0x40, 0x40, 0x40,
    0x40, 0x40, 0x40, 0x40, 0x40, 0x40, 0x00, 0x00, 0x00, 0x00, 0x00, 0x00, 0x02, 0x02, 0x7E, 0x40,
    0x40, 0x40, 0x40, 0x40, 0x40, 0x40, 0x00, 0x00, 0x00, 0x00, 0x00, 0x00, 0x1F, 0x10, 0x10, 0x10,
    0x10, 0x7C, 0x10, 0x10, 0x10, 0x10, 0x00, 0x00, 0x00, 0x00, 0x00, 0x00, 0x00, 0x00, 0x1F, 0x10,
    0x10, 0x10, 0x7C, 0x10, 0x10, 0x10, 0x00, 0x00, 0x00, 0x00, 0x00, 0x00, 0x7E, 0x40, 0x40, 0x40,
    0x40, 0x7C, 0x42, 0x42, 0x42, 0x42, 0x0C, 0x00, 0x00, 0x00, 0x00, 0x00, 0x00, 0x00, 0x7E, 0x40,
    0x40, 0x40, 0x7C, 0x42, 0x42, 0x42, 0x0C, 0x00, 0x00, 0x00, 0x00, 0x00, 0x49, 0x49, 0x2A, 0x2A,
    0x1C, 0x1C, 0x2A, 0x2A, 0x49, 0x49, 0x01, 0x01, 0x00, 0x00, 0x00, 0x00, 0x00, 0x00, 0x49, 0x49,
    0x2A, 0x1C, 0x1C, 0x2A, 0x49, 0x49, 0x01, 0x01, 0x00, 0x00, 0x00, 0x00, 0x3C, 0x42, 0x02, 0x02,
    0x3C, 0x04, 0x02, 0x02, 0x42, 0x3C, 0x08, 0x30, 0x00, 0x00, 0x00, 0x00, 0x00, 0x00, 0x3C, 0x42,
    0x02, 0x3C, 0x04, 0x02, 0x42, 0x3C, 0x08, 0x30, 0x00, 0x00, 0x00, 0x00, 0x46, 0x48, 0x48, 0x50,
    0x50, 0x60, 0x50, 0x48, 0x44, 0x42, 0x02, 0x02, 0x00, 0x00, 0x00, 0x00, 0x00, 0x00, 0x46, 0x48,
    0x50, 0x60, 0x50, 0x48, 0x44, 0x42, 0x02, 0x02, 0x00, 0x00, 0x00, 0x00, 0x43, 0x44, 0x54, 0x54,
    0x78, 0x54, 0x54, 0x54, 0x42, 0x41, 0x00, 0x00, 0x00, 0x00, 0x00, 0x00, 0x00, 0x00, 0x43, 0x54,
    0x54, 0x78, 0x54, 0x54, 0x42, 0x41, 0x00, 0x00, 0x00, 0x00, 0x00, 0x00, 0x23, 0x74, 0x24, 0x28,
    0x28, 0x30, 0x28, 0x24, 0x22, 0x21, 0x00, 0x00, 0x00, 0x00, 0x00, 0x00, 0x00, 0x00, 0x23, 0x74,
    0x28, 0x30, 0x28, 0x24, 0x22, 0x21, 0x00, 0x00, 0x00, 0x00, 0x00, 0x00, 0xE3, 0x24, 0x24, 0x28,
    0x28, 0x30, 0x28, 0x24, 0x22, 0x21, 0x00, 0x00, 0x00, 0x00, 0x00, 0x00, 0x00, 0x00, 0xE3, 0x24,
    0x28, 0x30, 0x28, 0x24, 0x22, 0x21, 0x00, 0x00, 0x00, 0x00, 0x00, 0x00, 0x42, 0x42, 0x42, 0x42,
    0x7E, 0x42, 0x42, 0x42, 0x42, 0x43, 0x01, 0x01, 0x00, 0x00, 0x00, 0x00, 0x00, 0x00, 0x42, 0x42,
    0x42, 0x7E, 0x42, 0x42, 0x42, 0x43, 0x01, 0x01, 0x00, 0x00, 0x00, 0x00, 0x47, 0x44, 0x44, 0x44,
    0x7C, 0x44, 0x44, 0x44, 0x44, 0x44, 0x00, 0x00, 0x00, 0x00, 0x00, 0x00, 0x00, 0x00, 0x47, 0x44,
    0x44, 0x7C, 0x44, 0x44, 0x44, 0x44, 0x00, 0x00, 0x00, 0x00, 0x00, 0x00, 0x78, 0x48, 0x48, 0x48,
    0x48, 0x4E, 0x49, 0x49, 0x49, 0x49, 0x01, 0x06, 0x00, 0x00, 0x00, 0x00, 0x00, 0x00, 0x78, 0x48,
    0x48, 0x48, 0x4E, 0x49, 0x49, 0x49, 0x01, 0x06, 0x00, 0x00, 0x00, 0x20, 0x4C, 0x52, 0x52, 0x52,
    0x52, 0x52, 0x52, 0x52, 0x2C, 0x18, 0x06, 0x00, 0x00, 0x00, 0x00, 0x00, 0x00, 0x00, 0x20, 0x4C,
    0x52, 0x52, 0x52, 0x52, 0x2C, 0x18, 0x06, 0x00, 0x00, 0x00, 0x00, 0x00, 0x3C, 0x42, 0x42, 0x40,
    0x40, 0x40, 0x40, 0x42, 0x42, 0x3C, 0x08, 0x30, 0x00, 0x00, 0x00, 0x00, 0x00, 0x00, 0x3C, 0x42,
    0x42, 0x40, 0x40, 0x42, 0x42, 0x3C, 0x08, 0x30, 0x00, 0x00, 0x00, 0x00, 0x7F, 0x08, 0x08, 0x08,
    0x08, 0x08, 0x08, 0x08, 0x08, 0x0C, 0x04, 0x04, 0x00, 0x00, 0x00, 0x00, 0x00, 0x00, 0x7F, 0x08,
    0x08, 0x08, 0x08, 0x08, 0x08, 0x0C, 0x04, 0x04, 0x00, 0x00, 0x00, 0x00, 0x41, 0x41, 0x22, 0x22,
    0x14, 0x08, 0x08, 0x08, 0x08, 0x08, 0x00, 0x00, 0x00, 0x00, 0x00, 0x00, 0x00, 0x00, 0x22, 0x22,
    0x22, 0x14, 0x14, 0x08, 0x08, 0x08, 0x08, 0x08, 0x00, 0x00, 0x00, 0x00, 0x41, 0x41, 0x22, 0x22,
    0x14, 0x08, 0x08, 0x3E, 0x08, 0x08, 0x00, 0x00, 0x00, 0x00, 0x00, 0x00, 0x00, 0x00, 0x22, 0x22,
    0x22, 0x14, 0x14, 0x08, 0x3E, 0x08, 0x08, 0x08, 0x00, 0x00, 0x00, 0x00, 0x42, 0x42, 0x24, 0x24,
    0x18, 0x18, 0x24, 0x24, 0x42, 0x43, 0x01, 0x01, 0x00, 0x00, 0x00, 0x00, 0x00, 0x00, 0x42, 0x42,
    0x24, 0x18, 0x18, 0x24, 0x42, 0x43, 0x01, 0x01, 0x00, 0x00, 0x00, 0x00, 0xFA, 0x22, 0x22, 0x22,
    0x22, 0x22, 0x22, 0x22, 0x22, 0x3F, 0x01, 0x01, 0x00, 0x00, 0x00, 0x00, 0x00, 0x00, 0xFA, 0x22,
    0x22, 0x22, 0x22, 0x22, 0x22, 0x3F, 0x01, 0x01, 0x00, 0x00, 0x00, 0x00, 0x42, 0x42, 0x42, 0x42,
    0x42, 0x46, 0x3A, 0x02, 0x02, 0x03, 0x01, 0x01, 0x00, 0x00, 0x00, 0x00, 0x00, 0x00, 0x42, 0x42,
    0x42, 0x42, 0x46, 0x3A, 0x02, 0x03, 0x01, 0x01, 0x00, 0x00, 0x00, 0x00, 0x42, 0x42, 0x42, 0x42,
    0x52, 0x56, 0x3A, 0x12, 0x12, 0x02, 0x00, 0x00, 0x00, 0x00, 0x00, 0x00, 0x00, 0x00, 0x42, 0x42,
    0x42, 0x52, 0x56, 0x3A, 0x12, 0x02, 0x00, 0x00, 0x00, 0x00, 0x00, 0x00, 0x40, 0x40, 0x40, 0x5C,
    0x62, 0x42, 0x42, 0x42, 0x42, 0x42, 0x00, 0x00, 0x00, 0x00, 0x00, 0x00, 0x00, 0x00, 0x40, 0x40,
    0x5C, 0x62, 0x42, 0x42, 0x42, 0x42, 0x00, 0x00, 0x00, 0x00, 0x00, 0x00, 0x4C, 0x52, 0x52, 0x52,
    0x3E, 0x10, 0x10, 0x12, 0x12, 0x0C, 0x00, 0x00, 0x00, 0x00, 0x00, 0x00, 0x00, 0x00, 0x4C, 0x52,
    0x52, 0x3E, 0x10, 0x10, 0x12, 0x0C, 0x00, 0x00, 0x00, 0x00, 0x00, 0x00, 0x4C, 0x52, 0x52, 0x52,
    0x3E, 0x10, 0x10, 0x12, 0x12, 0x0C, 0x08, 0x08, 0x00, 0x00, 0x00, 0x00, 0x00, 0x00, 0x4C, 0x52,
    0x52, 0x3E, 0x10, 0x10, 0x12, 0x0C, 0x08, 0x08, 0x00, 0x00, 0x00, 0x00, 0x3E, 0x08, 0x08, 0x08,
    0x08, 0x08, 0x08, 0x08, 0x08, 0x3E, 0x00, 0x00, 0x41, 0x41, 0x3E, 0x00, 0x49, 0x49, 0x2A, 0x2A,
    0x1C, 0x1C, 0x2A, 0x2A, 0x49, 0x49, 0x00, 0x00, 0x00, 0x22, 0x22, 0x1C, 0x00, 0x00, 0x49, 0x49,
    0x2A, 0x1C, 0x1C, 0x2A, 0x49, 0x49, 0x00, 0x00, 0x00, 0x00, 0x00, 0x00, 0x46, 0x48, 0x48, 0x50,
    0x60, 0x7C, 0x42, 0x42, 0x42, 0x42, 0x02, 0x0C, 0x00, 0x00, 0x00, 0x00, 0x00, 0x00, 0x46, 0x48,
    0x50, 0x60, 0x7C, 0x42, 0x42, 0x42, 0x02, 0x0C, 0x00, 0x00, 0x00, 0x00, 0x1E, 0x12, 0x12, 0x12,
    0x12, 0x12, 0x12, 0x22, 0x22, 0x43, 0x02, 0x04, 0x00, 0x00, 0x00, 0x00, 0x00, 0x00, 0x1E, 0x12,
    0x12, 0x12, 0x12, 0x22, 0x22, 0x43, 0x02, 0x04, 0x00, 0x00, 0x00, 0x00, 0x42, 0x42, 0x42, 0x42,
    0x7E, 0x42, 0x42, 0x42, 0x42, 0x42, 0x02, 0x0C, 0x00, 0x00, 0x00, 0x00, 0x00, 0x00, 0x42, 0x42,
    0x42, 0x7E, 0x42, 0x42, 0x42, 0x42, 0x02, 0x0C, 0x00, 0x00, 0x00, 0x00, 0x42, 0x42, 0x42, 0x42,
    0x7E, 0x42, 0x42, 0x42, 0x42, 0x43, 0x02, 0x04, 0x00, 0x00, 0x00, 0x00, 0x00, 0x00, 0x42, 0x42,
    0x42, 0x7E, 0x42, 0x42, 0x42, 0x43, 0x02, 0x04, 0x00, 0x00, 0x00, 0x00, 0x42, 0x42, 0x42, 0x42,
    0x42, 0x46, 0x3A, 0x02, 0x02, 0x06, 0x04, 0x04, 0x00, 0x00, 0x00, 0x00, 0x00, 0x00, 0x42, 0x42,
    0x42, 0x42, 0x46, 0x3A, 0x02, 0x06, 0x04, 0x04, 0x00, 0x00, 0x00, 0x00, 0x42, 0x42, 0x66, 0x66,
    0x5A, 0x5A, 0x42, 0x42, 0x42, 0x43, 0x02, 0x04, 0x00, 0x00, 0x00, 0x00, 0x00, 0x00, 0x42, 0x66,
    0x66, 0x5A, 0x5A, 0x42, 0x42, 0x43, 0x02, 0x04, 0x00, 0x00, 0x00, 0x00, 0x1C, 0x08, 0x08, 0x08,
    0x08, 0x08, 0x08, 0x08, 0x08, 0x1C, 0x00, 0x00, 0x42, 0x42, 0x3C, 0x00, 0x18, 0x24, 0x24, 0x42,
    0x42, 0x7E, 0x42, 0x42, 0x42, 0x42, 0x00, 0x00, 0x00, 0x42, 0x42, 0x3C, 0x00, 0x00, 0x3C, 0x42,
    0x02, 0x3E, 0x42, 0x42, 0x46, 0x3A, 0x00, 0x00, 0x24, 0x24, 0x00, 0x00, 0x18, 0x24, 0x24, 0x42,
    0x42, 0x7E, 0x42, 0x42, 0x42, 0x42, 0x00, 0x00, 0x00, 0x00, 0x24, 0x24, 0x00, 0x00, 0x3C, 0x42,
    0x02, 0x3E, 0x42, 0x42, 0x46, 0x3A, 0x00, 0x00, 0x00, 0x00, 0x00, 0x00, 0x1F, 0x28, 0x48, 0x48,
    0x7F, 0x48, 0x48, 0x48, 0x48, 0x4F, 0x00, 0x00, 0x00, 0x00, 0x00, 0x00, 0x00, 0x00, 0x3E, 0x49,
    0x09, 0x3F, 0x48, 0x48, 0x49, 0x3E, 0x00, 0x00, 0x42, 0x42, 0x3C, 0x00, 0x7E, 0x40, 0x40, 0x40,
    0x7C, 0x40, 0x40, 0x40, 0x40, 0x7E, 0x00, 0x00, 0x00, 0x00, 0x42, 0x42, 0x3C, 0x00, 0x3C, 0x42,
    0x42, 0x7E, 0x40, 0x40, 0x42, 0x3C, 0x00, 0x00, 0x00, 0x00, 0x00, 0x00, 0x18, 0x24, 0x42, 0x02,
    0x02, 0x7E, 0x42, 0x42, 0x24, 0x18, 0x00, 0x00, 0x00, 0x00, 0x00, 0x00, 0x00, 0x00, 0x3C, 0x42,
    0x02, 0x02, 0x7E, 0x42, 0x42, 0x3C, 0x00, 0x00, 0x24, 0x24, 0x00, 0x00, 0x18, 0x24, 0x42, 0x02,
    0x02, 0x7E, 0x42, 0x42, 0x24, 0x18, 0x00, 0x00, 0x00, 0x00, 0x24, 0x24, 0x00, 0x00, 0x3C, 0x42,
    0x02, 0x02, 0x7E, 0x42, 0x42, 0x3C, 0x00, 0x00, 0x24, 0x24, 0x00, 0x00, 0x49, 0x49, 0x2A, 0x2A,
    0x1C, 0x1C, 0x2A, 0x2A, 0x49, 0x49, 0x00, 0x00, 0x00, 0x00, 0x24, 0x24, 0x00, 0x00, 0x49, 0x49,
    0x2A, 0x1C, 0x1C, 0x2A, 0x49, 0x49, 0x00, 0x00, 0x24, 0x24, 0x00, 0x00, 0x3C, 0x42, 0x02, 0x02,
    0x3C, 0x04, 0x02, 0x02, 0x42, 0x3C, 0x00, 0x00, 0x00, 0x00, 0x24, 0x24, 0x00, 0x00, 0x3C, 0x42,
    0x02, 0x3C, 0x04, 0x02, 0x42, 0x3C, 0x00, 0x00, 0x00, 0x00, 0x00, 0x00, 0x7E, 0x04, 0x08, 0x10,
    0x1C, 0x02, 0x02, 0x02, 0x46, 0x3C, 0x00, 0x00, 0x00, 0x00, 0x00, 0x00, 0x00, 0x00, 0x3E, 0x04,
    0x08, 0x10, 0x1C, 0x02, 0x02, 0x02, 0x42, 0x3C, 0x00, 0x3C, 0x00, 0x00, 0x42, 0x46, 0x46, 0x4A,
    0x4A, 0x52, 0x52, 0x62, 0x62, 0x42, 0x00, 0x00, 0x00, 0x00, 0x00, 0x3C, 0x00, 0x00, 0x46, 0x46,
    0x4A, 0x4A, 0x52, 0x52, 0x62, 0x62, 0x00, 0x00, 0x24, 0x24, 0x00, 0x00, 0x42, 0x46, 0x46, 0x4A,
    0x4A, 0x52, 0x52, 0x62, 0x62, 0x42, 0x00, 0x00, 0x00, 0x00, 0x24, 0x24, 0x00, 0x00, 0x46, 0x46,
    0x4A, 0x4A, 0x52, 0x52, 0x62, 0x62, 0x00, 0x00, 0x24, 0x24, 0x00, 0x00, 0x3C, 0x42, 0x42, 0x42,
    0x42, 0x42, 0x42, 0x42, 0x42, 0x3C, 0x00, 0x00, 0x00, 0x00, 0x24, 0x24, 0x00, 0x00, 0x3C, 0x42,
    0x42, 0x42, 0x42, 0x42, 0x42, 0x3C, 0x00, 0x00, 0x00, 0x00, 0x00, 0x00, 0x3C, 0x42, 0x42, 0x42,
    0x7E, 0x42, 0x42, 0x42, 0x42, 0x3C, 0x00, 0x00, 0x00, 0x00, 0x00, 0x00, 0x00, 0x00, 0x3C, 0x42,
    0x42, 0x7E, 0x42, 0x42, 0x42, 0x3C, 0x00, 0x00, 0x24, 0x24, 0x00, 0x00, 0x3C, 0x42, 0x42, 0x42,
    0x7E, 0x42, 0x42, 0x42, 0x42, 0x3C, 0x00, 0x00, 0x00, 0x00, 0x24, 0x24, 0x00, 0x00, 0x3C, 0x42,
    0x42, 0x7E, 0x42, 0x42, 0x42, 0x3C, 0x00, 0x00, 0x00, 0x00, 0x24, 0x00, 0x3C, 0x42, 0x02, 0x02,
    0x3E, 0x02, 0x02, 0x02, 0x42, 0x3C, 0x00, 0x00, 0x00, 0x00, 0x00, 0x00, 0x24, 0x00, 0x3C, 0x42,
    0x02, 0x1E, 0x02, 0x02, 0x42, 0x3C, 0x00, 0x00, 0x00, 0x3E, 0x00, 0x00, 0x41, 0x41, 0x22, 0x22,
    0x14, 0x14, 0x08, 0x08, 0x10, 0x30, 0x00, 0x00, 0x00, 0x00, 0x00, 0x3C, 0x00, 0x00, 0x42, 0x42,
    0x24, 0x24, 0x18, 0x18, 0x10, 0x10, 0x20, 0x60, 0x24, 0x24, 0x00, 0x00, 0x41, 0x41, 0x22, 0x22,
    0x14, 0x14, 0x08, 0x08, 0x10, 0x30, 0x00, 0x00, 0x00, 0x00, 0x24, 0x24, 0x00, 0x00, 0x42, 0x42,
    0x24, 0x24, 0x18, 0x18, 0x10, 0x10, 0x20, 0x60, 0x33, 0x44, 0x00, 0x00, 0x41, 0x41, 0x22, 0x22,
    0x14, 0x14, 0x08, 0x08, 0x10, 0x30, 0x00, 0x00, 0x00, 0x00, 0x33, 0x44, 0x00, 0x00, 0x42, 0x42,
    0x24, 0x24, 0x18, 0x18, 0x10, 0x10, 0x20, 0x60, 0x24, 0x24, 0x00, 0x00, 0x42, 0x42, 0x42, 0x42,
    0x42, 0x46, 0x3A, 0x02, 0x02, 0x02, 0x00, 0x00, 0x00, 0x00, 0x24, 0x24, 0x00, 0x00, 0x42, 0x42,
    0x42, 0x42, 0x46, 0x3A, 0x02, 0x02, 0x00, 0x00, 0x00, 0x00, 0x00, 0x00, 0x7E, 0x40, 0x40, 0x40,
    0x40, 0x40, 0x40, 0x40, 0x40, 0x60, 0x20, 0x20, 0x00, 0x00, 0x00, 0x00, 0x00, 0x00, 0x7E, 0x40,
    0x40, 0x40, 0x40, 0x40, 0x40, 0x60, 0x20, 0x20, 0x24, 0x24, 0x00, 0x00, 0x42, 0x42, 0x42, 0x42,
    0x72, 0x4A, 0x4A, 0x4A, 0x4A, 0x72, 0x00, 0x00, 0x00, 0x00, 0x24, 0x24, 0x00, 0x00, 0x42, 0x42,
    0x42, 0x72, 0x4A, 0x4A, 0x4A, 0x72, 0x00, 0x00, 0x00, 0x00, 0x00, 0x00, 0x1F, 0x10, 0x10, 0x10,
    0x10, 0x7C, 0x10, 0x10, 0x10, 0x18, 0x08, 0x18, 0x00, 0x00, 0x00, 0x00, 0x00, 0x00, 0x1F, 0x10,
    0x10, 0x7C, 0x10, 0x10, 0x10, 0x18, 0x08, 0x18, 0x00, 0x00, 0x00, 0x00, 0x42, 0x42, 0x24, 0x24,
    0x18, 0x18, 0x24, 0x24, 0x42, 0x42, 0x02, 0x04, 0x00, 0x00, 0x00, 0x00, 0x00, 0x00, 0x42, 0x42,
    0x24, 0x18, 0x18, 0x24, 0x42, 0x42, 0x02, 0x04, 0x00, 0x00, 0x00, 0x00, 0x42, 0x42, 0x24, 0x24,
    0x18, 0x7E, 0x24, 0x24, 0x42, 0x42, 0x00, 0x00, 0x00, 0x00, 0x00, 0x00, 0x00, 0x00, 0x42, 0x42,
    0x24, 0x18, 0x7E, 0x24, 0x42, 0x42, 0x00, 0x00, 0x00, 0x00, 0x00, 0x00, 0x00, 0x42, 0x42, 0x22,
    0x12, 0x2C, 0x48, 0x44, 0x42, 0x42, 0x00, 0x00, 0x00, 0x00, 0x00, 0x00, 0x00, 0x7C, 0x04, 0x04,
    0x04, 0x04, 0x04, 0x04, 0x04, 0x7F, 0x00, 0x00, 0x00, 0x00, 0x00, 0x00, 0x00, 0x30, 0x08, 0x08,
    0x08, 0x04, 0x0C, 0x14, 0x22, 0x42, 0x00, 0x00, 0x00, 0x00, 0x00, 0x00, 0x00, 0x7E, 0x04, 0x04,
    0x04, 0x04, 0x04, 0x04, 0x04, 0x04, 0x00, 0x00, 0x00, 0x00, 0x00, 0x00, 0x00, 0x7E, 0x02, 0x02,
    0x22, 0x22, 0x22, 0x22, 0x22, 0x22, 0x00, 0x00, 0x00, 0x00, 0x00, 0x00, 0x00, 0x38, 0x08, 0x08,
    0x08, 0x08, 0x08, 0x08, 0x08, 0x08, 0x00, 0x00, 0x00, 0x00, 0x00, 0x00, 0x00, 0x30, 0x0C, 0x0A,
    0x08, 0x08, 0x08, 0x08, 0x08, 0x08, 0x00, 0x00, 0x00, 0x00, 0x00, 0x00, 0x00, 0x7E, 0x22, 0x22,
    0x22, 0x22, 0x22, 0x22, 0x22, 0x22, 0x00, 0x00, 0x00, 0x00, 0x00, 0x00, 0x00, 0x46, 0x4A, 0x42,
    0x42, 0x42, 0x42, 0x42, 0x42, 0x7E, 0x00, 0x00, 0x00, 0x00, 0x00, 0x00, 0x00, 0x38, 0x08, 0x08,
    0x08, 0x00, 0x00, 0x00, 0x00, 0x00, 0x00, 0x00, 0x00, 0x00, 0x00, 0x00, 0x00, 0x7E, 0x02, 0x02,
    0x02, 0x02, 0x02, 0x02, 0x02, 0x02, 0x02, 0x02, 0x00, 0x00, 0x00, 0x00, 0x00, 0x7E, 0x02, 0x02,
    0x02, 0x02, 0x02, 0x02, 0x02, 0x7C, 0x00, 0x00, 0x00, 0x00, 0x00, 0x20, 0x20, 0x3E, 0x02, 0x02,
    0x02, 0x02, 0x04, 0x04, 0x08, 0x30, 0x00, 0x00, 0x00, 0x00, 0x00, 0x00, 0x00, 0xFE, 0x22, 0x22,
    0x22, 0x22, 0x22, 0x22, 0x22, 0x3E, 0x00, 0x00, 0x00, 0x00, 0x00, 0x00, 0x00, 0x4E, 0x31, 0x21,
    0x41, 0x41, 0x41, 0x41, 0x41, 0x47, 0x00, 0x00, 0x00, 0x00, 0x00, 0x00, 0x00, 0x38, 0x08, 0x08,
    0x08, 0x08, 0x08, 0x08, 0x08, 0x08, 0x08, 0x08, 0x00, 0x00, 0x00, 0x00, 0x00, 0x1C, 0x04, 0x04,
    0x04, 0x04, 0x04, 0x04, 0x04, 0x3C, 0x00, 0x00, 0x00, 0x00, 0x00, 0x00, 0x00, 0x7E, 0x42, 0x42,
    0x42, 0x42, 0x42, 0x42, 0x44, 0x78, 0x00, 0x00, 0x00, 0x00, 0x00, 0x00, 0x00, 0x12, 0x12, 0x12,
    0x12, 0x12, 0x12, 0x12, 0x12, 0xFE, 0x00, 0x00, 0x00, 0x00, 0x00, 0x00, 0x00, 0x7E, 0x42, 0x42,
    0x42, 0x72, 0x02, 0x02, 0x02, 0x02, 0x02, 0x02, 0x00, 0x00, 0x00, 0x00, 0x00, 0x7E, 0x42, 0x42,
    0x42, 0x72, 0x02, 0x02, 0x02, 0x7E, 0x00, 0x00, 0x00, 0x00, 0x00, 0x00, 0x00, 0x22, 0x22, 0x24,
    0x28, 0x30, 0x20, 0x20, 0x20, 0x20, 0x20, 0x20, 0x00, 0x00, 0x00, 0x00, 0x00, 0x42, 0x42, 0x24,
    0x18, 0x08, 0x04, 0x02, 0x02, 0x7E, 0x00, 0x00, 0x00, 0x00, 0x00, 0x00, 0x00, 0x7E, 0x22, 0x22,
    0x24, 0x24, 0x28, 0x20, 0x20, 0x20, 0x20, 0x20, 0x00, 0x00, 0x00, 0x00, 0x00, 0x7E, 0x02, 0x02,
    0x02, 0x02, 0x02, 0x02, 0x02, 0x02, 0x00, 0x00, 0x00, 0x00, 0x00, 0x00, 0x00, 0x49, 0x49, 0x49,
    0x49, 0x49, 0x49, 0x49, 0x49, 0x7F, 0x00, 0x00, 0x00, 0x00, 0x00, 0x00, 0x00, 0x3E, 0x22, 0x22,
    0x22, 0x22, 0x22, 0x22, 0x22, 0x62, 0x00, 0x00, 0x00, 0x00, 0x00, 0x00, 0x00, 0x00, 0x00, 0x08,
    0x10, 0x18, 0x18, 0x00, 0x00, 0x00, 0x00, 0x00, 0x00, 0x00, 0x00, 0x00, 0x00, 0x00, 0x00, 0x08,
    0x10, 0x18, 0x00, 0x18, 0x00, 0x00, 0x00, 0x00, 0x00, 0x00, 0x00, 0x3E, 0x41, 0x40, 0x20, 0x10,
    0x08, 0x08, 0x00, 0x08, 0x00, 0x00, 0x00, 0x00, 0x00, 0x00, 0x00, 0x00, 0x00, 0x00, 0x00, 0x1C,
    0x20, 0x3C, 0x10, 0x20, 0x00, 0x00, 0x00, 0x00, 0x00, 0x00, 0x00, 0x00, 0x00, 0x00, 0x00, 0x00,
    0x00, 0x00, 0xFF, 0x00, 0x00, 0x00, 0x00, 0x00, 0x18, 0x20, 0x18, 0x20, 0x00, 0x00, 0x00, 0x00,
    0x00, 0x00, 0x00, 0x00, 0x00, 0x00, 0x00, 0x00, 0x00, 0x00, 0x00, 0x00, 0x00, 0x00, 0x10, 0x38,
    0x10, 0x00, 0x00, 0x00, 0x00, 0x00, 0x00, 0x00, 0x00, 0x00, 0x00, 0x20, 0x20, 0x10, 0x10, 0x08,
    0x08, 0x04, 0x04, 0x04, 0x00, 0x00, 0x00, 0x00, 0x00, 0x00, 0x00, 0x22, 0x24, 0x18, 0x10, 0x08,
    0x08, 0x04, 0x04, 0x04, 0x00, 0x00, 0x00, 0x00, 0x00, 0x00, 0x00, 0x49, 0x52, 0x3C, 0x20, 0x10,
    0x10, 0x08, 0x08, 0x08, 0x00, 0x00, 0x00, 0x00, 0x00, 0x00, 0x00, 0x04, 0x08, 0x10, 0x20, 0x18,
    0x20, 0x40, 0x42, 0x3C, 0x00, 0x00, 0x00, 0x00, 0x00, 0x00, 0x00, 0x18, 0x24, 0x24, 0x42, 0x42,
    0x42, 0x42, 0x24, 0x18, 0x00, 0x00, 0x00, 0x00, 0x00, 0x00, 0x00, 0x40, 0x3C, 0x04, 0x04, 0x02,
    0x02, 0x02, 0x01, 0x01, 0x00, 0x00, 0x00, 0x00, 0x00, 0x00, 0x00, 0x41, 0x41, 0x22, 0x22, 0x14,
    0x14, 0x08, 0x08, 0x08, 0x00, 0x00, 0x00, 0x00, 0x00, 0x00, 0x00, 0x08, 0x08, 0x08, 0x14, 0x14,
    0x22, 0x22, 0x41, 0x41, 0x00, 0x00, 0x00, 0x00, 0x00, 0x00, 0x00, 0x18, 0x24, 0x44, 0x4C, 0x34,
    0x02, 0x02, 0x01, 0x01, 0x00, 0x00, 0x00, 0x00, 0x00, 0x00, 0x00, 0x00, 0x00, 0x00, 0x00, 0x00,
    0x04, 0x22, 0x42, 0x42, 0x44, 0x38, 0x00, 0x00, 0x00, 0x00, 0x00, 0x00, 0x00, 0x00, 0x00, 0x00,
    0x00, 0x00, 0x3C, 0x00, 0x00, 0x00, 0x00, 0x00, 0x00, 0x00, 0x00, 0x00, 0x00, 0x00, 0x10, 0x18,
    0x24, 0x24, 0x3C, 0x00, 0x00, 0x00, 0x00, 0x00, 0x00, 0x00, 0x00, 0x00, 0x00, 0x00, 0x10, 0x38,
    0x10, 0x00, 0x00, 0x00, 0x00, 0x00, 0x00, 0x00, 0x00, 0x00, 0x00, 0x20, 0x20, 0x10, 0x10, 0x08,
    0x08, 0x04, 0x04, 0x04, 0x00, 0x00, 0x00, 0x00, 0x00, 0x00, 0x00, 0x22, 0x24, 0x18, 0x10, 0x08,
    0x08, 0x04, 0x04, 0x04, 0x00, 0x00, 0x00, 0x00, 0x00, 0x00, 0x00, 0x49, 0x52, 0x3C, 0x20, 0x10,
    0x10, 0x08, 0x08, 0x08, 0x00, 0x00, 0x00, 0x00, 0x00, 0x00, 0x00, 0x18, 0x24, 0x60, 0x72, 0x2C,
    0x20, 0x10, 0x10, 0x10, 0x00, 0x00, 0x00, 0x00, 0x00, 0x00, 0x00, 0x00, 0x08, 0x08, 0x14, 0x14,
    0x22, 0x22, 0x49, 0x55, 0x63, 0x00, 0x00, 0x00, 0x00, 0x00, 0x00, 0x00, 0x1C, 0x22, 0x20, 0x20,
    0x18, 0x06, 0x18, 0x60, 0x00, 0x00, 0x00, 0x00, 0x00, 0x00, 0x00, 0x41, 0x41, 0x22, 0x22, 0x14,
    0x14, 0x08, 0x08, 0x08, 0x00, 0x00, 0x00, 0x00, 0x00, 0x00, 0x00, 0x08, 0x08, 0x08, 0x14, 0x14,
    0x22, 0x22, 0x41, 0x41, 0x00, 0x00, 0x00, 0x00, 0x00, 0x00, 0x00, 0x18, 0x24, 0x44, 0x4C, 0x34,
    0x02, 0x02, 0x01, 0x01, 0x00, 0x00, 0x00, 0x00, 0xFF, 0x8F, 0xFC, 0xC0, 0xEC, 0x06, 0xC0, 0x3C,
    0x03, 0xC0, 0x3C, 0x03, 0xC0, 0x3C, 0x03, 0xC0, 0x6C, 0x0E, 0xFF, 0xCF, 0xF8, 0x00, 0x00, 0xC0,
    0x0C, 0x00, 0x01, 0x80, 0xC0, 0x60, 0x33, 0xDB, 0xFD, 0x8F, 0x83, 0xC1, 0xE0, 0xF0, 0x6C, 0x77,
    0xF9, 0xEC, 0x00, 0x18, 0x0C, 0x00, 0xC0, 0x78, 0x0F, 0x01, 0xE0, 0x3C, 0x07, 0x80, 0xFF, 0xFF,
    0xFF, 0xC0, 0x78, 0x0F, 0x01, 0xE0, 0x3C, 0x07, 0x80, 0xC0, 0x00, 0x30, 0x06, 0x00, 0xC0, 0xC0,
    0xC0, 0xC0, 0xDE, 0xFF, 0xE3, 0xC3, 0xC3, 0xC3, 0xC3, 0xC3, 0xC3, 0xC3, 0x00, 0x18, 0x18, 0xC0,
    0x60, 0x30, 0x18, 0x0C, 0x06, 0x03, 0x01, 0x80, 0xC0, 0x60, 0x30, 0x18, 0x0F, 0xFF, 0xFC, 0x00,
    0x30, 0x18, 0x00, 0xFF, 0xFF, 0xFF, 0xF3, 0xC0, 0xF8, 0x00, 0x30, 0x18, 0x0C, 0x06, 0x03, 0x01,
    0x80, 0xC0, 0x60, 0x30, 0x18, 0x0C, 0x06, 0x03, 0xFF, 0xFF, 0x00, 0x0C, 0x06, 0x00, 0xF8, 0x18,
    0xC6, 0x31, 0x8C, 0x63, 0x18, 0xC6, 0x31, 0x8C, 0x03, 0x18, 0xC0, 0x60, 0x30, 0x18, 0x0C, 0x06,
    0x03, 0x01, 0x80, 0xC0, 0x60, 0x30, 0x18, 0x0F, 0xFF, 0xFC, 0x00, 0x7C, 0x63, 0x18, 0xC6, 0x31,
    0x8C, 0x63, 0x18, 0xC6, 0x30, 0x1F, 0x03, 0x00, 0x0C, 0x00, 0x00, 0x30, 0x03, 0xC0, 0x0F, 0x80,
    0x7E, 0x01, 0xFC, 0x0F, 0xF0, 0x3F, 0x61, 0xBD, 0x86, 0xF3, 0x33, 0xCC, 0xCF, 0x12, 0x3C, 0x78,
    0xF0, 0xC3, 0xC3, 0x0C, 0x03, 0x00, 0x0C, 0x00, 0x00, 0x37, 0x9E, 0xFF, 0xFF, 0x8E, 0x3C, 0x30,
    0xF0, 0xC3, 0xC3, 0x0F, 0x0C, 0x3C, 0x30, 0xF0, 0xC3, 0xC3, 0x0C, 0xC0, 0x0F, 0x00, 0x3E, 0x01,
    0xF8, 0x07, 0xF0, 0x3F, 0xC0, 0xFD, 0x86, 0xF6, 0x1B, 0xCC, 0xCF, 0x33, 0x3C, 0x48, 0xF1, 0xE3,
    0xC3, 0x0F, 0x0C, 0x30, 0x00, 0x00, 0xC0, 0x03, 0x00, 0xDE, 0x7B, 0xFF, 0xFE, 0x38, 0xF0, 0xC3,
    0xC3, 0x0F, 0x0C, 0x3C, 0x30, 0xF0, 0xC3, 0xC3, 0x0F, 0x0C, 0x30, 0x00, 0x00, 0xC0, 0x03, 0x00,
    0x0C, 0x01, 0x80, 0x00, 0x60, 0x3E, 0x07, 0xE0, 0xFC, 0x1E, 0xC3, 0xCC, 0x79, 0x8F, 0x19, 0xE3,
    0x3C, 0x37, 0x83, 0xF0, 0x7E, 0x07, 0xC0, 0x60, 0x18, 0x18, 0x00, 0xDE, 0xFF, 0xE3, 0xC3, 0xC3,
    0xC3, 0xC3, 0xC3, 0xC3, 0xC3, 0xC0, 0x7C, 0x0F, 0xC1, 0xF8, 0x3D, 0x87, 0x98, 0xF3, 0x1E, 0x33,
    0xC6, 0x78, 0x6F, 0x07, 0xE0, 0xFC, 0x0F, 0x80, 0xC0, 0x00, 0x30, 0x06, 0x00, 0xDE, 0xFF, 0xE3,
    0xC3, 0xC3, 0xC3, 0xC3, 0xC3, 0xC3, 0xC3, 0x00, 0x18, 0x18, 0xC0, 0x7C, 0x0F, 0xC1, 0xF8, 0x3D,
    0x87, 0x98, 0xF3, 0x1E, 0x33, 0xC6, 0x78, 0x6F, 0x07, 0xE0, 0xFC, 0x0F, 0x80, 0xC0, 0x00, 0xF8,
    0xDE, 0xFF, 0xE3, 0xC3, 0xC3, 0xC3, 0xC3, 0xC3, 0xC3, 0xC3, 0x00, 0x3E, 0xFF, 0x9F, 0xFB, 0x03,
    0xE0, 0x3C, 0x07, 0x81, 0xFF, 0xF7, 0xFC, 0xC0, 0xD8, 0x1B, 0x01, 0xE0, 0x3C, 0x07, 0x80, 0xC0,
    0x00, 0x30, 0x06, 0x00, 0xDE, 0xF9, 0x8C, 0x63, 0x18, 0xC6, 0x00, 0xC6, 0x00, 0x1F, 0x00, 0x03,
    0xFE, 0x7F, 0xEC, 0x0F, 0x80, 0xF0, 0x1E, 0x07, 0xFF, 0xDF, 0xF3, 0x03, 0x60, 0x6C, 0x07, 0x80,
    0xF0, 0x1E, 0x03, 0x00, 0x00, 0xC0, 0x18, 0x00, 0xF8, 0x37, 0xBE, 0x63, 0x18, 0xC6, 0x31, 0x80,
    0x31, 0x80, 0xFF, 0x9F, 0xFB, 0x03, 0xE0, 0x3C, 0x07, 0x81, 0xFF, 0xF7, 0xFC, 0xC0, 0xD8, 0x1B,
    0x01, 0xE0, 0x3C, 0x07, 0x80, 0xC0, 0x00, 0xF8, 0x6D, 0xB7, 0x18, 0x61, 0x86, 0x18, 0x61, 0x80,
    0x3E, 0x1E, 0x1F, 0xEE, 0x1F, 0x03, 0xE0, 0x1F, 0x01, 0xF0, 0x0E, 0x01, 0xC0, 0x3C, 0x0F, 0x87,
    0x7F, 0x8F, 0xC0, 0x00, 0x30, 0x0C, 0x00, 0x3C, 0xFF, 0x1E, 0x0F, 0xC7, 0xC1, 0xE3, 0xFC, 0xF0,
    0x01, 0x83, 0x00, 0xFF, 0xFF, 0xF0, 0xC0, 0x30, 0x0C, 0x03, 0x00, 0xC0, 0x30, 0x0C, 0x03, 0x00,
    0xC0, 0x30, 0x0C, 0x03, 0x00, 0x00, 0x30, 0x0C, 0x00, 0x30, 0xC3, 0x3F, 0xFC, 0xC3, 0x0C, 0x30,
    0xC3, 0x0F, 0x1C, 0x01, 0x86, 0x06, 0x00, 0x60, 0x0F, 0x00, 0xF0, 0x19, 0x81, 0x98, 0x30, 0xC3,
    0x0C, 0x3F, 0xC7, 0xFE, 0x60, 0x66, 0x06, 0xC0, 0x3C, 0x03, 0x00, 0x00, 0x60, 0x06, 0x00, 0x7E,
    0x73, 0xB0, 0xC0, 0xE7, 0xF7, 0x1B, 0x0D, 0x86, 0xE7, 0xBC, 0xC0, 0x01, 0x80, 0xC0, 0x40, 0x20,
    0x20, 0x40, 0x18, 0x24, 0x24, 0x42, 0x42, 0x7E, 0x42, 0x42, 0x42, 0x42, 0x00, 0x00, 0x00, 0x08,
    0x04, 0x04, 0x08, 0x00, 0x3C, 0x42, 0x02, 0x3E, 0x42, 0x42, 0x46, 0x3A, 0x00, 0x00, 0x01, 0x80,
    0x30, 0x06, 0x00, 0x00, 0x06, 0x00, 0xF0, 0x19, 0x80, 0x00, 0x06, 0x00, 0x60, 0x0F, 0x00, 0xF0,
    0x19, 0x81, 0x98, 0x30, 0xC3, 0x0C, 0x3F, 0xC7, 0xFE, 0x60, 0x66, 0x06, 0xC0, 0x3C, 0x03, 0x06,
    0x06, 0x06, 0x00, 0x01, 0x81, 0xE1, 0x98, 0x00, 0x7E, 0x73, 0xB0, 0xC0, 0xE7, 0xF7, 0x1B, 0x0D,
    0x86, 0xE7, 0xBC, 0xC0, 0x18, 0x00, 0xC0, 0x06, 0x00, 0x00, 0x06, 0x00, 0xF0, 0x19, 0x80, 0x00,
    0x06, 0x00, 0x60, 0x0F, 0x00, 0xF0, 0x19, 0x81, 0x98, 0x30, 0xC3, 0x0C, 0x3F, 0xC7, 0xFE, 0x60,
    0x66, 0x06, 0xC0, 0x3C, 0x03, 0x30, 0x0C, 0x03, 0x00, 0x01, 0x81, 0xE1, 0x98, 0x00, 0x7E, 0x73,
    0xB0, 0xC0, 0xE7, 0xF7, 0x1B, 0x0D, 0x86, 0xE7, 0xBC, 0xC0, 0x04, 0x02, 0x14, 0x28, 0x54, 0x28,
    0x28, 0x44, 0x44, 0x7C, 0x44, 0x44, 0x44, 0x44, 0x00, 0x00, 0x02, 0x01, 0x0A, 0x14, 0x22, 0x00,
    0x3C, 0x42, 0x02, 0x3E, 0x42, 0x42, 0x46, 0x3A, 0x00, 0x00, 0x0C, 0x81, 0x68, 0x13, 0x00, 0x00,
    0x06, 0x00, 0xF0, 0x19, 0x80, 0x00, 0x06, 0x00, 0x60, 0x0F, 0x00, 0xF0, 0x19, 0x81, 0x98, 0x30,
    0xC3, 0x0C, 0x3F, 0xC7, 0xFE, 0x60, 0x66, 0x06, 0xC0, 0x3C, 0x03, 0x32, 0x2D, 0x13, 0x00, 0x01,
    0x81, 0xE1, 0x98, 0x00, 0x7E, 0x73, 0xB0, 0xC0, 0xE7, 0xF7, 0x1B, 0x0D, 0x86, 0xE7, 0xBC, 0xC0,
    0x06, 0x00, 0xF0, 0x19, 0x80, 0x00, 0x06, 0x00, 0x60, 0x0F, 0x00, 0xF0, 0x19, 0x81, 0x98, 0x30,
    0xC3, 0x0C, 0x3F, 0xC7, 0xFE, 0x60, 0x66, 0x06, 0xC0, 0x3C, 0x03, 0x00, 0x00, 0x60, 0x06, 0x00,
    0x18, 0x1E, 0x19, 0x80, 0x07, 0xE7, 0x3B, 0x0C, 0x0E, 0x7F, 0x71, 0xB0, 0xD8, 0x6E, 0x7B, 0xCC,
    0x00, 0x18, 0x0C, 0x00, 0x01, 0x80, 0x30, 0x06, 0x00, 0x00, 0x10, 0x81, 0x98, 0x0F, 0x00, 0x00,
    0x06, 0x00, 0x60, 0x0F, 0x00, 0xF0, 0x19, 0x81, 0x98, 0x30, 0xC3, 0x0C, 0x3F, 0xC7, 0xFE, 0x60,
    0x66, 0x06, 0xC0, 0x3C, 0x03, 0x06, 0x06, 0x06, 0x00, 0x04, 0x23, 0x30, 0xF0, 0x00, 0x7E, 0x73,
    0xB0, 0xC0, 0xE7, 0xF7, 0x1B, 0x0D, 0x86, 0xE7, 0xBC, 0xC0, 0x18, 0x00, 0xC0, 0x06, 0x00, 0x00,
    0x10, 0x81, 0x98, 0x0F, 0x00, 0x00, 0x06, 0x00, 0x60, 0x0F, 0x00, 0xF0, 0x19, 0x81, 0x98, 0x30,
    0xC3, 0x0C, 0x3F, 0xC7, 0xFE, 0x60, 0x66, 0x06, 0xC0, 0x3C, 0x03, 0x30, 0x0C, 0x03, 0x00, 0x04,
    0x23, 0x30, 0xF0, 0x00, 0x7E, 0x73, 0xB0, 0xC0, 0xE7, 0xF7, 0x1B, 0x0D, 0x86, 0xE7, 0xBC, 0xC0,
    0x10, 0x08, 0xB2, 0x7C, 0x10, 0x28, 0x28, 0x44, 0x44, 0x7C, 0x44, 0x44, 0x44, 0x44, 0x00, 0x00,
    0x08, 0x08, 0x10, 0x44, 0x38, 0x00, 0x3C, 0x42, 0x02, 0x3E, 0x42, 0x42, 0x46, 0x3A, 0x00, 0x00,
    0x0C, 0x81, 0x68, 0x13, 0x00, 0x00, 0x10, 0x81, 0x98, 0x0F, 0x00, 0x00, 0x06, 0x00, 0x60, 0x0F,
    0x00, 0xF0, 0x19, 0x81, 0x98, 0x30, 0xC3, 0x0C, 0x3F, 0xC7, 0xFE, 0x60, 0x66, 0x06, 0xC0, 0x3C,
    0x03, 0x32, 0x2D, 0x13, 0x00, 0x04, 0x23, 0x30, 0xF0, 0x00, 0x7E, 0x73, 0xB0, 0xC0, 0xE7, 0xF7,
    0x1B, 0x0D, 0x86, 0xE7, 0xBC, 0xC0, 0x10, 0x81, 0x98, 0x0F, 0x00, 0x00, 0x06, 0x00, 0x60, 0x0F,
    0x00, 0xF0, 0x19, 0x81, 0x98, 0x30, 0xC3, 0x0C, 0x3F, 0xC7, 0xFE, 0x60, 0x66, 0x06, 0xC0, 0x3C,
    0x03, 0x00, 0x00, 0x60, 0x06, 0x00, 0x42, 0x33, 0x0F, 0x00, 0x07, 0xE7, 0x3B, 0x0C, 0x0E, 0x7F,
    0x71, 0xB0, 0xD8, 0x6E, 0x7B, 0xCC, 0x00, 0x18, 0x0C, 0x00, 0xFF, 0xFF, 0xFC, 0x03, 0x00, 0xC0,
    0x30, 0x0F, 0xFB, 0xFE, 0xC0, 0x30, 0x0C, 0x03, 0x00, 0xFF, 0xFF, 0xF0, 0x00, 0x30, 0x0C, 0x00,
    0x3C, 0x7E, 0xC3, 0xC3, 0xFF, 0xC0, 0xC0, 0xE3, 0x7F, 0x3C, 0x00, 0x18, 0x18, 0x10, 0x08, 0x08,
    0x10, 0x7E, 0x40, 0x40, 0x40, 0x7C, 0x40, 0x40, 0x40, 0x40, 0x7E, 0x00, 0x00, 0x10, 0x08, 0x08,
    0x10, 0x00, 0x00, 0x3C, 0x42, 0x42, 0x7E, 0x40, 0x40, 0x42, 0x3C, 0x00, 0x00, 0x19, 0x0B, 0x42,
    0x60, 0x00, 0xFF, 0xFF, 0xFC, 0x03, 0x00, 0xC0, 0x30, 0x0F, 0xFB, 0xFE, 0xC0, 0x30, 0x0C, 0x03,
    0x00, 0xFF, 0xFF, 0xF0, 0x32, 0x5A, 0x4C, 0x00, 0x3C, 0x7E, 0xC3, 0xC3, 0xFF, 0xC0, 0xC0, 0xE3,
    0x7F, 0x3C, 0x03, 0x01, 0x80, 0xC0, 0x00, 0x0C, 0x07, 0x83, 0x30, 0x00, 0xFF, 0xFF, 0xFC, 0x03,
    0x00, 0xC0, 0x30, 0x0F, 0xFB, 0xFE, 0xC0, 0x30, 0x0C, 0x03, 0x00, 0xFF, 0xFF, 0xF0, 0x06, 0x0C,
    0x18, 0x00, 0x18, 0x3C, 0x66, 0x00, 0x3C, 0x7E, 0xC3, 0xC3, 0xFF, 0xC0, 0xC0, 0xE3, 0x7F, 0x3C,
    0x30, 0x06, 0x00, 0xC0, 0x00, 0x0C, 0x07, 0x83, 0x30, 0x00, 0xFF, 0xFF, 0xFC, 0x03, 0x00, 0xC0,
    0x30, 0x0F, 0xFB, 0xFE, 0xC0, 0x30, 0x0C, 0x03, 0x00, 0xFF, 0xFF, 0xF0, 0x60, 0x30, 0x18, 0x00,
    0x18, 0x3C, 0x66, 0x00, 0x3C, 0x7E, 0xC3, 0xC3, 0xFF, 0xC0, 0xC0, 0xE3, 0x7F, 0x3C, 0x04, 0x12,
    0x2A, 0x44, 0x7E, 0x40, 0x40, 0x40, 0x7C, 0x40, 0x40, 0x40, 0x40, 0x7E, 0x00, 0x00, 0x04, 0x02,
    0x12, 0x2C, 0x44, 0x00, 0x3C, 0x42, 0x42, 0x7E, 0x40, 0x40, 0x42, 0x3C, 0x00, 0x00, 0x19, 0x0B,
    0x42, 0x60, 0x00, 0x0C, 0x07, 0x83, 0x30, 0x00, 0xFF, 0xFF, 0xFC, 0x03, 0x00, 0xC0, 0x30, 0x0F,
    0xFB, 0xFE, 0xC0, 0x30, 0x0C, 0x03, 0x00, 0xFF, 0xFF, 0xF0, 0x32, 0x5A, 0x4C, 0x00, 0x18, 0x3C,
    0x66, 0x00, 0x3C, 0x7E, 0xC3, 0xC3, 0xFF, 0xC0, 0xC0, 0xE3, 0x7F, 0x3C, 0x18, 0x0F, 0x06, 0x60,
    0x00, 0xFF, 0xFF, 0xFC, 0x03, 0x00, 0xC0, 0x30, 0x0F, 0xFB, 0xFE, 0xC0, 0x30, 0x0C, 0x03, 0x00,
    0xFF, 0xFF, 0xF0, 0x00, 0x30, 0x0C, 0x00, 0x18, 0x3C, 0x66, 0x00, 0x3C, 0x7E, 0xC3, 0xC3, 0xFF,
    0xC0, 0xC0, 0xE3, 0x7F, 0x3C, 0x00, 0x18, 0x18, 0x08, 0x04, 0x04, 0x08, 0x3E, 0x08, 0x08, 0x08,
    0x08, 0x08, 0x08, 0x08, 0x08, 0x3E, 0x00, 0x00, 0x00, 0x10, 0x08, 0x08, 0x10, 0x00, 0x18, 0x08,
    0x08, 0x08, 0x08, 0x08, 0x08, 0x3E, 0x00, 0x00, 0xFF, 0xFF, 0xFF, 0xF3, 0xC0, 0xF0, 0xFF, 0xFF,
    0xF3, 0xC0, 0x0F, 0x81, 0xFF, 0x1C, 0x1C, 0xC0, 0x6E, 0x03, 0xE0, 0x0F, 0x00, 0x78, 0x03, 0xC0,
    0x1F, 0x01, 0xD8, 0x0C, 0xE0, 0xE3, 0xFE, 0x07, 0xC0, 0x00, 0x00, 0x60, 0x03, 0x00, 0x3E, 0x3F,
    0x98, 0xD8, 0x3C, 0x1E, 0x0F, 0x06, 0xC6, 0x7F, 0x1F, 0x00, 0x01, 0x80, 0xC0, 0x10, 0x08, 0x08,
    0x10, 0x3C, 0x42, 0x42, 0x42, 0x42, 0x42, 0x42, 0x42, 0x42, 0x3C, 0x00, 0x00, 0x00, 0x10, 0x08,
    0x08, 0x10, 0x00, 0x3C, 0x42, 0x42, 0x42, 0x42, 0x42, 0x42, 0x3C, 0x00, 0x00, 0x01, 0x80, 0x18,
    0x01, 0x80, 0x00, 0x00, 0x30, 0x03, 0xC0, 0x33, 0x00, 0x00, 0x0F, 0x81, 0xFF, 0x1C, 0x1C, 0xC0,
    0x6E, 0x03, 0xE0, 0x0F, 0x00, 0x78, 0x03, 0xC0, 0x1F, 0x01, 0xD8, 0x0C, 0xE0, 0xE3, 0xFE, 0x07,
    0xC0, 0x06, 0x06, 0x06, 0x00, 0x01, 0x81, 0xE1, 0x98, 0x00, 0x3E, 0x3F, 0x98, 0xD8, 0x3C, 0x1E,
    0x0F, 0x06, 0xC6, 0x7F, 0x1F, 0x00, 0x0C, 0x00, 0x30, 0x00, 0xC0, 0x00, 0x00, 0x30, 0x03, 0xC0,
    0x33, 0x00, 0x00, 0x0F, 0x81, 0xFF, 0x1C, 0x1C, 0xC0, 0x6E, 0x03, 0xE0, 0x0F, 0x00, 0x78, 0x03,
    0xC0, 0x1F, 0x01, 0xD8, 0x0C, 0xE0, 0xE3, 0xFE, 0x07, 0xC0, 0x30, 0x0C, 0x03, 0x00, 0x01, 0x81,
    0xE1, 0x98, 0x00, 0x3E, 0x3F, 0x98, 0xD8, 0x3C, 0x1E, 0x0F, 0x06, 0xC6, 0x7F, 0x1F, 0x00, 0x04,
    0x12, 0x2A, 0x44, 0x3C, 0x42, 0x42, 0x42, 0x42, 0x42, 0x42, 0x42, 0x42, 0x3C, 0x00, 0x00, 0x04,
    0x02, 0x12, 0x2C, 0x44, 0x00, 0x3C, 0x42, 0x42, 0x42, 0x42, 0x42, 0x42, 0x3C, 0x00, 0x00, 0x06,
    0x40, 0x5A, 0x02, 0x60, 0x00, 0x00, 0x30, 0x03, 0xC0, 0x33, 0x00, 0x00, 0x0F, 0x81, 0xFF, 0x1C,
    0x1C, 0xC0, 0x6E, 0x03, 0xE0, 0x0F, 0x00, 0x78, 0x03, 0xC0, 0x1F, 0x01, 0xD8, 0x0C, 0xE0, 0xE3,
    0xFE, 0x07, 0xC0, 0x32, 0x2D, 0x13, 0x00, 0x01, 0x81, 0xE1, 0x98, 0x00, 0x3E, 0x3F, 0x98, 0xD8,
    0x3C, 0x1E, 0x0F, 0x06, 0xC6, 0x7F, 0x1F, 0x00, 0x03, 0x00, 0x3C, 0x03, 0x30, 0x00, 0x00, 0xF8,
    0x1F, 0xF1, 0xC1, 0xCC, 0x06, 0xE0, 0x3E, 0x00, 0xF0, 0x07, 0x80, 0x3C, 0x01, 0xF0, 0x1D, 0x80,
    0xCE, 0x0E, 0x3F, 0xE0, 0x7C, 0x00, 0x00, 0x06, 0x00, 0x30, 0x00, 0x0C, 0x0F, 0x0C, 0xC0, 0x03,
    0xE3, 0xF9, 0x8D, 0x83, 0xC1, 0xE0, 0xF0, 0x6C, 0x67, 0xF1, 0xF0, 0x00, 0x18, 0x0C, 0x00, 0x00,
    0xC0, 0x06, 0x00, 0x30, 0x00, 0x00, 0x0F, 0x8C, 0xFF, 0xB7, 0x07, 0x58, 0x0D, 0xE0, 0x3B, 0x00,
    0x6C, 0x01, 0xB0, 0x06, 0xC0, 0x1B, 0x80, 0xE6, 0x03, 0x1C, 0x1C, 0x3F, 0xE0, 0x3E, 0x00, 0x03,
    0x01, 0x80, 0xC0, 0x00, 0x3E, 0xDF, 0xF6, 0x37, 0x07, 0xC1, 0xB0, 0x6C, 0x19, 0x8C, 0x7F, 0x0F,
    0x80, 0x06, 0x00, 0x0C, 0x00, 0x18, 0x00, 0x00, 0x0F, 0x8C, 0xFF, 0xB7, 0x07, 0x58, 0x0D, 0xE0,
    0x3B, 0x00, 0x6C, 0x01, 0xB0, 0x06, 0xC0, 0x1B, 0x80, 0xE6, 0x03, 0x1C, 0x1C, 0x3F, 0xE0, 0x3E,
    0x00, 0x18, 0x03, 0x00, 0x60, 0x00, 0x3E, 0xDF, 0xF6, 0x37, 0x07, 0xC1, 0xB0, 0x6C, 0x19, 0x8C,
    0x7F, 0x0F, 0x80, 0x10, 0x08, 0x0A, 0x11, 0x39, 0x46, 0x44, 0x44, 0x44, 0x44, 0x44, 0x44, 0x44,
    0x38, 0x00, 0x00, 0x00, 0x10, 0x08, 0x08, 0x12, 0x01, 0x39, 0x46, 0x44, 0x44, 0x44, 0x44, 0x44,
    0x38, 0x00, 0x00, 0x03, 0x20, 0x16, 0x80, 0x4C, 0x00, 0x00, 0x0F, 0x8C, 0xFF, 0xB7, 0x07, 0x58,
    0x0D, 0xE0, 0x3B, 0x00, 0x6C, 0x01, 0xB0, 0x06, 0xC0, 0x1B, 0x80, 0xE6, 0x03, 0x1C, 0x1C, 0x3F,
    0xE0, 0x3E, 0x00, 0x0C, 0x85, 0xA1, 0x30, 0x00, 0x3E, 0xDF, 0xF6, 0x37, 0x07, 0xC1, 0xB0, 0x6C,
    0x19, 0x8C, 0x7F, 0x0F, 0x80, 0x0F, 0x8C, 0xFF, 0xB7, 0x07, 0x58, 0x0D, 0xE0, 0x3B, 0x00, 0x6C,
    0x01, 0xB0, 0x06, 0xC0, 0x1B, 0x80, 0xE6, 0x03, 0x1C, 0x1C, 0x3F, 0xE0, 0x3E, 0x00, 0x00, 0x00,
    0xC0, 0x03, 0x00, 0x3E, 0xDF, 0xF6, 0x37, 0x07, 0xC1, 0xB0, 0x6C, 0x19, 0x8C, 0x7F, 0x0F, 0x80,
    0x00, 0x30, 0x0C, 0x00, 0xC0, 0x78, 0x0F, 0x01, 0xE0, 0x3C, 0x07, 0x80, 0xF0, 0x1E, 0x03, 0xC0,
    0x78, 0x0F, 0x01, 0xB0, 0x67, 0xFC, 0x3E, 0x00, 0x00, 0x30, 0x06, 0x00, 0xC3, 0xC3, 0xC3, 0xC3,
    0xC3, 0xC3, 0xC3, 0xC7, 0xFF, 0x7B, 0x00, 0x18, 0x18, 0x10, 0x08, 0x08, 0x10, 0x42, 0x42, 0x42,
    0x42, 0x42, 0x42, 0x42, 0x42, 0x42, 0x3C, 0x00, 0x00, 0x00, 0x10, 0x08, 0x08, 0x10, 0x00, 0x42,
    0x42, 0x42, 0x42, 0x42, 0x42, 0x46, 0x3A, 0x00, 0x00, 0x01, 0x80, 0x30, 0x06, 0x00, 0x00, 0xC0,
    0x7C, 0x07, 0xC0, 0x7C, 0x07, 0xC0, 0x6C, 0x06, 0xC0, 0x6C, 0x06, 0xC0, 0x6C, 0x06, 0xC0, 0x66,
    0x0C, 0x7F, 0xC1, 0xF0, 0x03, 0x01, 0x80, 0xC0, 0x00, 0xC3, 0xF0, 0xFC, 0x37, 0x0D, 0xC3, 0xB0,
    0xCC, 0x33, 0x1C, 0xFF, 0x1E, 0xC0, 0x0C, 0x00, 0x60, 0x03, 0x00, 0x00, 0xC0, 0x7C, 0x07, 0xC0,
    0x7C, 0x07, 0xC0, 0x6C, 0x06, 0xC0, 0x6C, 0x06, 0xC0, 0x6C, 0x06, 0xC0, 0x66, 0x0C, 0x7F, 0xC1,
    0xF0, 0x18, 0x03, 0x00, 0x60, 0x00, 0xC3, 0xF0, 0xFC, 0x37, 0x0D, 0xC3, 0xB0, 0xCC, 0x33, 0x1C,
    0xFF, 0x1E, 0xC0, 0x10, 0x08, 0x0A, 0x11, 0x45, 0x46, 0x44, 0x44, 0x44, 0x44, 0x44, 0x44, 0x44,
    0x38, 0x00, 0x00, 0x00, 0x10, 0x08, 0x08, 0x12, 0x01, 0x45, 0x46, 0x44, 0x44, 0x44, 0x44, 0x4C,
    0x34, 0x00, 0x00, 0x06, 0x40, 0xB4, 0x09, 0x80, 0x00, 0xC0, 0x7C, 0x07, 0xC0, 0x7C, 0x07, 0xC0,
    0x6C, 0x06, 0xC0, 0x6C, 0x06, 0xC0, 0x6C, 0x06, 0xC0, 0x66, 0x0C, 0x7F, 0xC1, 0xF0, 0x19, 0x0B,
    0x42, 0x60, 0x00, 0xC3, 0xF0, 0xFC, 0x37, 0x0D, 0xC3, 0xB0, 0xCC, 0x33, 0x1C, 0xFF, 0x1E, 0xC0,
    0xC0, 0x7C, 0x07, 0xC0, 0x7C, 0x07, 0xC0, 0x6C, 0x06, 0xC0, 0x6C, 0x06, 0xC0, 0x6C, 0x06, 0xC0,
    0x66, 0x0C, 0x7F, 0xC1, 0xF0, 0x00, 0x00, 0x60, 0x06, 0x00, 0xC3, 0xF0, 0xFC, 0x37, 0x0D, 0xC3,
    0xB0, 0xCC, 0x33, 0x1C, 0xFF, 0x1E, 0xC0, 0x00, 0x60, 0x18, 0x00, 0x18, 0x00, 0xC0, 0x06, 0x00,
    0x00, 0xC0, 0x3C, 0x03, 0x60, 0x66, 0x06, 0x30, 0xC3, 0x9C, 0x19, 0x80, 0xF0, 0x06, 0x00, 0x60,
    0x06, 0x00, 0x60, 0x06, 0x00, 0x60, 0x60, 0x30, 0x18, 0x00, 0xC3, 0xC3, 0xC3, 0x66, 0x66, 0x66,
    0x24, 0x3C, 0x18, 0x18, 0x18, 0x18, 0x70, 0x70, 0xC0, 0x3C, 0x03, 0x60, 0x66, 0x06, 0x30, 0xC3,
    0x9C, 0x19, 0x80, 0xF0, 0x06, 0x00, 0x60, 0x06, 0x00, 0x60, 0x06, 0x00, 0x60, 0x00, 0x00, 0x60,
    0x06, 0x00, 0xC3, 0xC3, 0xC3, 0x66, 0x66, 0x66, 0x24, 0x3C, 0x18, 0x18, 0x18, 0x18, 0x70, 0x70,
    0x00, 0x30, 0x30, 0x08, 0x04, 0x04, 0x08, 0x41, 0x41, 0x22, 0x22, 0x14, 0x08, 0x08, 0x08, 0x08,
    0x08, 0x00, 0x00, 0x00, 0x10, 0x08, 0x08, 0x10, 0x00, 0x42, 0x42, 0x42, 0x42, 0x42, 0x26, 0x1A,
    0x02, 0x02, 0x3C, 0x0C, 0x81, 0x68, 0x13, 0x00, 0x00, 0xC0, 0x3C, 0x03, 0x60, 0x66, 0x06, 0x30,
    0xC3, 0x9C, 0x19, 0x80, 0xF0, 0x06, 0x00, 0x60, 0x06, 0x00, 0x60, 0x06, 0x00, 0x60, 0x32, 0x5A,
    0x4C, 0x00, 0xC3, 0xC3, 0xC3, 0x66, 0x66, 0x66, 0x24, 0x3C, 0x18, 0x18, 0x18, 0x18, 0x70, 0x70,
    0x00, 0x00, 0x00, 0x00, 0x00, 0x00, 0x00, 0x00, 0x00, 0x00, 0x00, 0x00, 0xAA, 0xAA, 0x00, 0x01,
    0x9E, 0x44, 0x02, 0x45, 0x84, 0x54, 0x08, 0x55, 0x90, 0x6C, 0x1E, 0x45, 0x80, 0x00, 0x12, 0x09,
    0x9A, 0x08, 0x16, 0x49, 0x92, 0x48, 0x12, 0x31, 0x80, 0x00, 0x55, 0x55, 0xAA, 0xAA, 0x00, 0x01,
    0x9E, 0x44, 0x02, 0x45, 0x84, 0x54, 0x08, 0x55, 0x90, 0x6C, 0x1E, 0x45, 0x80, 0x00, 0x00, 0x41,
    0x80, 0x40, 0x02, 0x41, 0x82, 0x40, 0x01, 0x81, 0x80, 0x00, 0x55, 0x55, 0xAA, 0xAA, 0x00, 0x01,
    0x80, 0x00, 0x00, 0x01, 0xC7, 0x22, 0x44, 0xB7, 0xC7, 0x2A, 0x45, 0x23, 0xF4, 0xA2, 0x00, 0x01,
    0x80, 0x00, 0x00, 0x01, 0x80, 0x00, 0x00, 0x01, 0x80, 0x00, 0x55, 0x55, 0xAA, 0xAA, 0x00, 0x01,
    0x80, 0x00, 0x00, 0x01, 0xF2, 0x22, 0x4A, 0x37, 0xF2, 0x2A, 0x52, 0x23, 0xCB, 0xA2, 0x00, 0x01,
    0x80, 0x00, 0x00, 0x01, 0x80, 0x00, 0x00, 0x01, 0x80, 0x00, 0x55, 0x55, 0xF8, 0xF8, 0xFF, 0xE0,
    0xFF, 0xE0, 0xFF, 0xFF, 0xE0, 0xFF, 0xFF, 0xE0, 0x00, 0x00, 0x00, 0x14, 0x14, 0x14, 0x14, 0x14,
    0x14, 0x14, 0x14, 0x14, 0x14, 0x14, 0x14, 0x00, 0x00, 0x00, 0x00, 0x00, 0x00, 0x00, 0x00, 0x00,
    0x00, 0x00, 0x00, 0x00, 0x00, 0xFF, 0x00, 0xFF, 0x6B, 0xC0, 0xF5, 0x80, 0xF5, 0x80, 0xFA, 0x40,
    0x4C, 0xA5, 0xBD, 0x80, 0xDE, 0xD2, 0x99, 0x00, 0xDE, 0xD2, 0x99, 0x00, 0xDE, 0xE5, 0x24, 0x80,
    0x18, 0x18, 0x18, 0x18, 0xFF, 0xFF, 0x18, 0x18, 0x18, 0x18, 0x18, 0x18, 0x18, 0x18, 0x18, 0x18,
    0x18, 0x18, 0x18, 0x18, 0x18, 0x18, 0xFF, 0xFF, 0x18, 0x18, 0x18, 0x18, 0x18, 0x18, 0xFF, 0xFF,
    0x18, 0x18, 0x18, 0x18, 0x6F, 0xFF, 0x60, 0x00, 0x00, 0x00, 0x00, 0x00, 0x00, 0x20, 0x30, 0x38,
    0x3C, 0x38, 0x30, 0x20, 0x00, 0x00, 0x00, 0x00, 0x00, 0x00, 0x00, 0x00, 0x00, 0x00, 0x00, 0x00,
    0x00, 0x00, 0x00, 0x18, 0x18, 0x00, 0x00, 0x00, 0x00, 0x00, 0x00, 0x00, 0x00, 0x00, 0x00, 0x00,
    0x00, 0x00, 0x00, 0x36, 0x36, 0x00, 0x00, 0xC3, 0x0F, 0x0C, 0x30, 0x00, 0x00, 0x00, 0x00, 0x00,
    0x00, 0x00, 0x00, 0x00, 0x18, 0x18, 0x00, 0x00, 0x00, 0x00, 0x00, 0xAA, 0xAA, 0x00, 0x01, 0x80,
    0x00, 0x02, 0x01, 0x82, 0x00, 0x02, 0x01, 0x82, 0x00, 0x03, 0xC1, 0x80, 0x00, 0x3B, 0xDD, 0xC2,
    0x12, 0x33, 0xDD, 0x8A, 0x10, 0x73, 0xD1, 0x80, 0x00, 0x55, 0x55, 0xAA, 0xAA, 0x00, 0x01, 0x80,
    0x00, 0x03, 0x81, 0x82, 0x40, 0x03, 0x81, 0x82, 0x00, 0x02, 0x01, 0x80, 0x00, 0x3B, 0xDD, 0xC2,
    0x12, 0x33, 0xDD, 0x8A, 0x10, 0x73, 0xD1, 0x80, 0x00, 0x55, 0x55, 0xAA, 0xAA, 0x00, 0x01, 0x80,
    0x00, 0x00, 0x01, 0xC3, 0x9E, 0x42, 0x51, 0xC3, 0x9E, 0x42, 0x91, 0xFA, 0x5E, 0x00, 0x01, 0x80,
    0x00, 0x00, 0x01, 0x80, 0x00, 0x00, 0x01, 0x80, 0x00, 0x55, 0x55, 0xAA, 0xAA, 0x00, 0x01, 0x80,
    0x00, 0x00, 0x01, 0xF2, 0x1E, 0x4A, 0x11, 0xF2, 0x1E, 0x52, 0x11, 0xCB, 0xDE, 0x00, 0x01, 0x80,
    0x00, 0x00, 0x01, 0x80, 0x00, 0x00, 0x01, 0x80, 0x00, 0x55, 0x55, 0xAA, 0xAA, 0x00, 0x01, 0x80,
    0x00, 0x00, 0x01, 0xF3, 0x9E, 0x4A, 0x51, 0xF2, 0x5E, 0x42, 0x51, 0xC3, 0x90, 0x00, 0x01, 0x80,
    0x00, 0x00, 0x01, 0x80, 0x00, 0x00, 0x01, 0x80, 0x00, 0x55, 0x55, 0xAA, 0xAA, 0x00, 0x01, 0x80,
    0x00, 0x00, 0x01, 0xC3, 0x8C, 0x42, 0x53, 0xC3, 0x92, 0x42, 0x93, 0xFA, 0x4C, 0x00, 0x01, 0x80,
    0x00, 0x00, 0x01, 0x80, 0x00, 0x00, 0x01, 0x80, 0x00, 0x55, 0x55, 0xAA, 0xAA, 0x00, 0x01, 0x80,
    0x00, 0x00, 0x01, 0xF2, 0x0C, 0x4A, 0x13, 0xF2, 0x12, 0x52, 0x13, 0xCB, 0xCC, 0x00, 0x01, 0x80,
    0x00, 0x00, 0x01, 0x80, 0x00, 0x00, 0x01, 0x80, 0x00, 0x55, 0x55, 0x00, 0x00, 0x00, 0x00, 0x00,
    0x00, 0x00, 0x00, 0x00, 0x00, 0x00, 0x00, 0x00, 0x00, 0x00, 0x00, 0x30, 0x60, 0x0F, 0x18, 0x03,
    0x33, 0x00, 0x66, 0xC0, 0x07, 0x98, 0x00, 0x66, 0x00, 0x00, 0xC0, 0x00, 0x33, 0x0C, 0x06, 0xF3,
    0xC1, 0xB3, 0xCC, 0x36, 0x79, 0x8C, 0x79, 0xE1, 0x86, 0x18, 0x00, 0x00, 0x00, 0x00, 0x40, 0xA0,
    0xA0, 0x4C, 0x30, 0xC0, 0x2A, 0x55, 0x55, 0x2A, 0x00, 0x00, 0x00, 0x00, 0x00, 0x00, 0x0C, 0x18,
    0x10, 0x20, 0x00, 0x00, 0x00, 0x00, 0x00, 0x00, 0x00, 0x00, 0x00, 0x00, 0x00, 0x00, 0x33, 0x66,
    0x44, 0x88, 0x00, 0x00, 0x00, 0x00, 0x00, 0x00, 0x00, 0x00, 0x00, 0x00, 0x00, 0x00, 0x3F, 0x7E,
    0x54, 0xA8, 0x00, 0x00, 0x00, 0x00, 0x00, 0x00, 0x00, 0x00, 0x00, 0x00, 0x00, 0x00, 0x30, 0x18,
    0x08, 0x04, 0x00, 0x00, 0x00, 0x00, 0x00, 0x00, 0x00, 0x00, 0x00, 0x00, 0x00, 0x00, 0xCC, 0x66,
    0x22, 0x11, 0x00, 0x00, 0x00, 0x00, 0x00, 0x00, 0x00, 0x00, 0x00, 0x00, 0x00, 0x00, 0xFC, 0x7E,
    0x2A, 0x15, 0x00, 0x00, 0x00, 0x00, 0x00, 0x00, 0x00, 0x00, 0x00, 0x00, 0x00, 0x00, 0x00, 0x00,
    0x00, 0x00, 0x00, 0x00, 0x00, 0x00, 0x00, 0x10, 0x28, 0x44, 0x13, 0x6C, 0xC6, 0x31, 0x8C, 0x63,
    0x36, 0xC8, 0x00, 0x00, 0x00, 0x00, 0x00, 0x49, 0x22, 0x14, 0x49, 0x14, 0x22, 0x49, 0x00, 0x00,
    0x00, 0x00, 0x00, 0x00, 0x00, 0x00, 0x24, 0x24, 0x24, 0x24, 0x24, 0x24, 0x24, 0x00, 0x24, 0x24,
    0x00, 0x00, 0x00, 0x00, 0x00, 0x00, 0x3C, 0x4A, 0x4A, 0x0A, 0x0C, 0x08, 0x08, 0x00, 0x08, 0x08,
    0x00, 0x00, 0x7E, 0x00, 0x00, 0x00, 0x00, 0x00, 0x00, 0x00, 0x00, 0x00, 0x00, 0x00, 0x00, 0x00,
    0x00, 0x00, 0x00, 0x00, 0x00, 0x00, 0x00, 0x00, 0x00, 0x00, 0x00, 0x00, 0x00, 0x00, 0x00, 0x00,
    0x42, 0x3C, 0x3C, 0x42, 0x00, 0x00, 0x00, 0x00, 0x00, 0x00, 0x00, 0x00, 0x00, 0x00, 0x00, 0x00,
    0x00, 0x00, 0x00, 0x00, 0x00, 0x00, 0x00, 0x00, 0x00, 0x00, 0x00, 0x00, 0x02, 0x04, 0x08, 0x10,
    0x28, 0x44, 0x00, 0x00, 0x00, 0x00, 0x00, 0x00, 0x08, 0x1C, 0x08, 0x00, 0x22, 0x77, 0x22, 0x00,
    0x00, 0x00, 0x00, 0x00, 0x00, 0x00, 0x00, 0x00, 0x00, 0x00, 0x3C, 0x3C, 0x00, 0x00, 0x00, 0x00,
    0x00, 0x00, 0x01, 0x80, 0xC0, 0xC0, 0xC0, 0x60, 0x60, 0x20, 0x30, 0x30, 0x18, 0x18, 0x18, 0x0C,
    0x00, 0x00, 0x00, 0x00, 0x0E, 0x08, 0x08, 0x08, 0x08, 0x0E, 0x08, 0x08, 0x08, 0x08, 0x08, 0x0E,
    0x00, 0x00, 0x00, 0x00, 0x70, 0x10, 0x10, 0x10, 0x10, 0x70, 0x10, 0x10, 0x10, 0x10, 0x10, 0x70,
    0x00, 0x00, 0x00, 0x00, 0xEE, 0x11, 0x11, 0x22, 0xCC, 0x88, 0x88, 0x88, 0x00, 0x00, 0x88, 0x00,
    0x00, 0x00, 0x00, 0x00, 0x72, 0x0A, 0x0A, 0x12, 0x62, 0x42, 0x42, 0x42, 0x00, 0x00, 0x42, 0x00,
    0x00, 0x00, 0x00, 0x00, 0x5C, 0x42, 0x42, 0x44, 0x58, 0x50, 0x50, 0x50, 0x00, 0x00, 0x50, 0x00,
    0x00, 0x00, 0x00, 0x00, 0x00, 0x00, 0x00, 0x7E, 0x02, 0x02, 0x02, 0x02, 0x04, 0x04, 0x04, 0x04,
    0x04, 0x00, 0x00, 0x00, 0x00, 0xFC, 0x5E, 0x5E, 0x5E, 0x5C, 0x50, 0x50, 0x50, 0x50, 0x50, 0x50,
    0x00, 0x00, 0x00, 0x00, 0x00, 0x1E, 0x3A, 0x3A, 0x3A, 0x1E, 0x00, 0x00, 0x00, 0x00, 0x00, 0x00,
    0x00, 0x00, 0x00, 0x00, 0x00, 0x78, 0x5C, 0x5C, 0x5C, 0x78, 0x00, 0x00, 0x00, 0x00, 0x00, 0x00,
    0x00, 0x00, 0x00, 0x00, 0x00, 0x00, 0x00, 0x00, 0x08, 0x49, 0x2A, 0x1C, 0x2A, 0x49, 0x08, 0x00,
    0x00, 0x00, 0x00, 0x00, 0x00, 0x00, 0x00, 0x18, 0x18, 0x00, 0x00, 0x00, 0x18, 0x10, 0x10, 0x08,
    0x00, 0x00, 0x00, 0x00, 0x3C, 0x42, 0x42, 0x00, 0x00, 0x00, 0x42, 0x42, 0x3C, 0x00, 0x00, 0x00,
    0x00, 0x00, 0x08, 0x49, 0x2A, 0x1C, 0x2A, 0x49, 0x08, 0x00, 0x08, 0x49, 0x2A, 0x1C, 0x2A, 0x49,
    0x08, 0x00, 0x00, 0x00, 0x00, 0x62, 0x62, 0x04, 0x08, 0x08, 0x10, 0x10, 0x20, 0x46, 0x46, 0x00,
    0x00, 0x00, 0x00, 0x00, 0x00, 0x00, 0x00, 0x00, 0x00, 0x00, 0x71, 0x8E, 0x00, 0x00, 0x00, 0x00,
    0x00, 0x00, 0x00, 0x00, 0x00, 0x00, 0x00, 0x00, 0x00, 0x00, 0x00, 0x00, 0x00, 0x00, 0x00, 0x3C,
    0x42, 0x00, 0x00, 0x00, 0x00, 0x92, 0x54, 0x38, 0xFE, 0x38, 0x54, 0x92, 0x00, 0x00, 0x00, 0x00,
    0x00, 0x00, 0x00, 0x00, 0x00, 0x00, 0x00, 0x06, 0x06, 0x00, 0x60, 0x60, 0x00, 0x06, 0x06, 0x00,
    0x00, 0x00, 0x00, 0x00, 0x00, 0x00, 0x00, 0x00, 0x00, 0x33, 0x33, 0x66, 0x66, 0x44, 0x44, 0x88,
    0x88, 0x00, 0x00, 0x00, 0x00, 0x00, 0x00, 0x00, 0x00, 0x00, 0x00, 0x00, 0x00, 0x00, 0x00, 0x00,
    0x00, 0x00, 0x00, 0x00, 0x00, 0x00, 0x00, 0x18, 0x18, 0x00, 0x66, 0x66, 0x00, 0x18, 0x18, 0x00,
    0x00, 0x00, 0x00, 0x00, 0x00, 0x00, 0x00, 0x66, 0x66, 0x00, 0x18, 0x18, 0x00, 0x66, 0x66, 0x00,
    0x00, 0x00, 0x00, 0x00, 0x00, 0x18, 0x18, 0x00, 0x00, 0x00, 0x00, 0x00, 0x00, 0x18, 0x18, 0x00,
    0x00, 0x00, 0x00, 0x00, 0x18, 0x18, 0x00, 0x00, 0x00, 0x66, 0x66, 0x00, 0x00, 0x00, 0x18, 0x18,
    0x00, 0x00, 0x00, 0x00, 0x00, 0x00, 0x00, 0x54, 0x10, 0x7C, 0x10, 0x54, 0x00, 0x00, 0x00, 0x00,
    0x00, 0x00, 0x00, 0x00, 0x00, 0x18, 0x18, 0x00, 0x00, 0x18, 0x18, 0x00, 0x00, 0x18, 0x18, 0x00,
    0x00, 0x00, 0x00, 0x00, 0x00, 0x10, 0x00, 0x00, 0x10, 0x00, 0x00, 0x10, 0x00, 0x00, 0x10, 0x00,
    0x00, 0x00, 0x00, 0x00, 0x00, 0x00, 0x00, 0x00, 0x00, 0x00, 0x00, 0x00, 0x00, 0x00, 0x00, 0x00,
    0x00, 0xAA, 0xAA, 0x00, 0x01, 0x80, 0x00, 0x00, 0x01, 0x80, 0x00, 0x00, 0x01, 0xA2, 0x08, 0x22,
    0x09, 0xAA, 0x08, 0x36, 0x89, 0xA2, 0x70, 0x00, 0x01, 0x80, 0x00, 0x00, 0x01, 0x80, 0x00, 0x55,
    0x55, 0xAA, 0xAA, 0x00, 0x01, 0x8C, 0x00, 0x10, 0x01, 0x90, 0x88, 0x10, 0x89, 0x91, 0x04, 0x11,
    0x05, 0x91, 0x04, 0x7D, 0x05, 0x91, 0x04, 0x11, 0x05, 0x90, 0x88, 0x60, 0x89, 0x80, 0x00, 0x55,
    0x55, 0xAA, 0xAA, 0x00, 0x01, 0x80, 0x00, 0x00, 0x01, 0x80, 0x00, 0x00, 0x01, 0x80, 0x00, 0x04,
    0x21, 0x82, 0x40, 0x01, 0x81, 0x82, 0x40, 0x04, 0x21, 0x80, 0x00, 0x00, 0x01, 0x80, 0x00, 0x55,
    0x55, 0xAA, 0xAA, 0x00, 0x01, 0x80, 0x00, 0x00, 0x01, 0x80, 0x00, 0x00, 0x01, 0x80, 0x00, 0x00,
    0x01, 0x80, 0x00, 0x00, 0x01, 0x80, 0x00, 0x18, 0x01, 0x88, 0x00, 0x08, 0x01, 0x90, 0x00, 0x55,
    0x55, 0xAA, 0xAA, 0x00, 0x01, 0x80, 0x00, 0x00, 0x01, 0x80, 0x00, 0x01, 0x01, 0x81, 0x00, 0x01,
    0x01, 0x8F, 0xE0, 0x01, 0x01, 0x81, 0x00, 0x01, 0x01, 0x81, 0x00, 0x00, 0x01, 0x80, 0x00, 0x55,
    0x55, 0x00, 0x00, 0x7F, 0xFE, 0x61, 0xCE, 0x7D, 0xB6, 0x61, 0xB6, 0x6F, 0xB6, 0x61, 0xCE, 0x7F,
    0xFE, 0x7F, 0xFE, 0x73, 0x86, 0x6F, 0xBE, 0x63, 0x86, 0x6D, 0xF6, 0x73, 0x86, 0x7F, 0xFE, 0x00,
    0x00, 0xAA, 0xAA, 0x00, 0x01, 0x80, 0x00, 0x00, 0x01, 0xA3, 0x9C, 0x22, 0x49, 0xA3, 0x88, 0x22,
    0x89, 0xBA, 0x5C, 0x00, 0x01, 0x80, 0x00, 0x00, 0x01, 0x80, 0x00, 0x00, 0x01, 0x80, 0x00, 0x55,
    0x55, 0xAA, 0xAA, 0x00, 0x01, 0x80, 0x00, 0x00, 0x01, 0xB9, 0x1C, 0x25, 0x09, 0xB9, 0x08, 0x29,
    0x09, 0xA5, 0xDC, 0x00, 0x01, 0x80, 0x00, 0x00, 0x01, 0x80, 0x00, 0x00, 0x01, 0x80, 0x00, 0x55,
    0x55, 0xAA, 0xAA, 0x00, 0x01, 0x80, 0x00, 0x00, 0x01, 0xB9, 0xDC, 0x22, 0x09, 0xB9, 0x88, 0x20,
    0x49, 0xA3, 0x9C, 0x00, 0x01, 0x80, 0x00, 0x00, 0x01, 0x80, 0x00, 0x00, 0x01, 0x80, 0x00, 0x55,
    0x55, 0xAA, 0xAA, 0x00, 0x01, 0x80, 0x00, 0x00, 0x01, 0xF3, 0x9C, 0x4A, 0x49, 0xF2, 0x48, 0x42,
    0x49, 0xC3, 0x9C, 0x00, 0x01, 0x80, 0x00, 0x00, 0x01, 0x80, 0x00, 0x00, 0x01, 0x80, 0x00, 0x55,
    0x55, 0xAA, 0xAA, 0x00, 0x01, 0x80, 0x00, 0x07, 0xC1, 0x81, 0x00, 0x01, 0x01, 0x81, 0x00, 0x07,
    0xC1, 0x80, 0x00, 0x1E, 0x79, 0xA0, 0x80, 0x1C, 0x71, 0x82, 0x08, 0x3C, 0xF1, 0x80, 0x00, 0x55,
    0x55, 0xAA, 0xAA, 0x00, 0x01, 0x80, 0x00, 0x03, 0x81, 0x84, 0x40, 0x07, 0xC1, 0x84, 0x40, 0x04,
    0x41, 0x80, 0x00, 0x1E, 0x79, 0xA0, 0x80, 0x1C, 0x71, 0x82, 0x08, 0x3C, 0xF1, 0x80, 0x00, 0x55,
    0x55, 0xAA, 0xAA, 0x00, 0x01, 0x80, 0x00, 0x03, 0xE1, 0x80, 0x80, 0x00, 0x81, 0x80, 0x80, 0x03,
    0xE1, 0x80, 0x00, 0x39, 0xF6, 0xC5, 0x08, 0x7D, 0xE7, 0xC5, 0x01, 0x45, 0x0F, 0x80, 0x00, 0x55,
    0x55, 0xAA, 0xAA, 0x00, 0x01, 0x80, 0x00, 0x01, 0xC1, 0x82, 0x20, 0x03, 0xE1, 0x82, 0x20, 0x02,
    0x21, 0x80, 0x00, 0x39, 0xF6, 0xC5, 0x08, 0x7D, 0xE7, 0xC5, 0x01, 0x45, 0x0F, 0x80, 0x00, 0x55,
    0x55, 0xAA, 0xAA, 0x00, 0x01, 0x80, 0x00, 0x22, 0x71, 0xB2, 0x88, 0x2A, 0xF9, 0xA6, 0x88, 0x22,
    0x89, 0x80, 0x00, 0x3C, 0x79, 0xA2, 0x80, 0x22, 0x71, 0xA2, 0x08, 0x3C, 0xF1, 0x80, 0x00, 0x55,
    0x55, 0xAA, 0xAA, 0x00, 0x01, 0x80, 0x00, 0x22, 0x71, 0xB2, 0x88, 0x2A, 0x89, 0xA6, 0x88, 0x22,
    0x71, 0x80, 0x00, 0x3C, 0x79, 0xA2, 0x80, 0x22, 0x71, 0xA2, 0x08, 0x3C, 0xF1, 0x80, 0x00, 0x55,
    0x55, 0x00, 0x00, 0x00, 0x18, 0x24, 0x42, 0x42, 0x42, 0x24, 0x18, 0x00, 0x00, 0x00, 0x00, 0x00,
    0x00, 0x00, 0x00, 0x00, 0x10, 0x00, 0x30, 0x10, 0x10, 0x10, 0x7C, 0x00, 0x00, 0x00, 0x00, 0x00,
    0x00, 0x00, 0x00, 0x7F, 0xFE, 0x61, 0xCE, 0x7D, 0xB6, 0x61, 0xB6, 0x6F, 0xB6, 0x61, 0xCE, 0x7F,
    0xFE, 0x7F, 0xFE, 0x61, 0x86, 0x7D, 0xF6, 0x7B, 0x86, 0x77, 0xBE, 0x77, 0x86, 0x7F, 0xFE, 0x00,
    0x00, 0x00, 0x00, 0x7F, 0xFE, 0x61, 0xCE, 0x7D, 0xB6, 0x61, 0xB6, 0x6F, 0xB6, 0x61, 0xCE, 0x7F,
    0xFE, 0x7F, 0xFE, 0x61, 0x8E, 0x7D, 0xF6, 0x7B, 0xC6, 0x77, 0xF6, 0x77, 0x8E, 0x7F, 0xFE, 0x00,
    0x00, 0x00, 0x00, 0x00, 0x0C, 0x14, 0x24, 0x44, 0x7E, 0x04, 0x04, 0x00, 0x00, 0x00, 0x00, 0x00,
    0x00, 0x00, 0x00, 0x00, 0x7C, 0x40, 0x40, 0x78, 0x04, 0x04, 0x78, 0x00, 0x00, 0x00, 0x00, 0x00,
    0x00, 0x00, 0x00, 0x00, 0x18, 0x20, 0x40, 0x78, 0x44, 0x44, 0x38, 0x00, 0x00, 0x00, 0x00, 0x00,
    0x00, 0x00, 0x00, 0x00, 0x7C, 0x04, 0x08, 0x08, 0x10, 0x10, 0x10, 0x00, 0x00, 0x00, 0x00, 0x00,
    0x00, 0x00, 0x00, 0x00, 0x38, 0x44, 0x44, 0x38, 0x44, 0x44, 0x38, 0x00, 0x00, 0x00, 0x00, 0x00,
    0x00, 0x00, 0x00, 0x00, 0x38, 0x44, 0x44, 0x3C, 0x04, 0x08, 0x30, 0x00, 0x00, 0x00, 0x00, 0x00,
    0x00, 0x00, 0x00, 0x00, 0x00, 0x10, 0x10, 0x7C, 0x10, 0x10, 0x00, 0x00, 0x00, 0x00, 0x00, 0x00,
    0x00, 0x00, 0x00, 0x00, 0x00, 0x00, 0x00, 0x7C, 0x00, 0x00, 0x00, 0x00, 0x00, 0x00, 0x00, 0x00,
    0x00, 0x00, 0x00, 0x00, 0x00, 0x00, 0x7C, 0x00, 0x00, 0x7C, 0x00, 0x00, 0x00, 0x00, 0x00, 0x00,
    0x00, 0x00, 0x00, 0x04, 0x08, 0x10, 0x10, 0x10, 0x10, 0x10, 0x08, 0x04, 0x00, 0x00, 0x00, 0x00,
    0x00, 0x00, 0x00, 0x20, 0x10, 0x08, 0x08, 0x08, 0x08, 0x08, 0x10, 0x20, 0x00, 0x00, 0x00, 0x00,
    0x00, 0x00, 0x00, 0x00, 0x00, 0x00, 0x58, 0x64, 0x44, 0x44, 0x44, 0x00, 0x00, 0x00, 0x00, 0x00,
    0x00, 0x00, 0x00, 0x00, 0x00, 0x00, 0x00, 0x00, 0x00, 0x18, 0x24, 0x42, 0x42, 0x42, 0x24, 0x18,
    0x00, 0x3F, 0xF3, 0x33, 0x33, 0x77, 0xE6, 0x33, 0x33, 0xFF, 0x77, 0xE6, 0x63, 0x4F, 0xEE, 0x00,
    0x00, 0x00, 0x00, 0x00, 0x00, 0x00, 0x00, 0x0C, 0x14, 0x24, 0x44, 0x7E, 0x04, 0x04, 0x00, 0x00,
    0x00, 0x00, 0x00, 0x00, 0x00, 0x00, 0x00, 0x7C, 0x40, 0x40, 0x78, 0x04, 0x04, 0x78, 0x00, 0x00,
    0x00, 0x00, 0x00, 0x00, 0x00, 0x00, 0x00, 0x18, 0x20, 0x40, 0x78, 0x44, 0x44, 0x38, 0x00, 0x00,
    0x00, 0x00, 0x00, 0x00, 0x00, 0x00, 0x00, 0x7C, 0x04, 0x08, 0x08, 0x10, 0x10, 0x10, 0x00, 0x00,
    0x00, 0x00, 0x00, 0x00, 0x00, 0x00, 0x00, 0x38, 0x44, 0x44, 0x38, 0x44, 0x44, 0x38, 0x00, 0x00,
    0x00, 0x00, 0x00, 0x00, 0x00, 0x00, 0x00, 0x38, 0x44, 0x44, 0x3C, 0x04, 0x08, 0x30, 0x00, 0x00,
    0x00, 0x00, 0x00, 0x00, 0x00, 0x00, 0x00, 0x00, 0x00, 0x10, 0x10, 0x7C, 0x10, 0x10, 0x00, 0x00,
    0x00, 0x00, 0x00, 0x00, 0x00, 0x00, 0x00, 0x00, 0x00, 0x00, 0x00, 0x7C, 0x00, 0x00, 0x00, 0x00,
    0x00, 0x00, 0x00, 0x00, 0x00, 0x00, 0x00, 0x00, 0x00, 0x00, 0x7C, 0x00, 0x00, 0x7C, 0x00, 0x00,
    0x00, 0x00, 0x00, 0x00, 0x00, 0x00, 0x04, 0x08, 0x10, 0x10, 0x10, 0x10, 0x10, 0x08, 0x04, 0x00,
    0x00, 0x00, 0x00, 0x00, 0x00, 0x00, 0x20, 0x10, 0x08, 0x08, 0x08, 0x08, 0x08, 0x10, 0x20, 0x00,
    0x00, 0x00, 0x00, 0x08, 0x08, 0x08, 0x08, 0x00, 0x00, 0x08, 0x08, 0x08, 0x08, 0x00, 0x00, 0x00,
    0x00, 0x00, 0x00, 0x00, 0x00, 0x00, 0x00, 0x00, 0x00, 0x38, 0x04, 0x3C, 0x44, 0x3C, 0x00, 0x00,
    0x00, 0x00, 0x00, 0x00, 0x00, 0x00, 0x00, 0x00, 0x00, 0x38, 0x44, 0x7C, 0x40, 0x3C, 0x00, 0x00,
    0x00, 0x00, 0x00, 0x00, 0x00, 0x00, 0x00, 0x00, 0x00, 0x38, 0x44, 0x44, 0x44, 0x38, 0x00, 0x00,
    0x00, 0x00, 0x00, 0x00, 0x00, 0x00, 0x00, 0x00, 0x00, 0x44, 0x28, 0x10, 0x28, 0x44, 0x00, 0x00,
    0x00, 0x00, 0x00, 0x00, 0x00, 0x00, 0x00, 0x00, 0x00, 0x78, 0x04, 0x7C, 0x44, 0x38, 0x00, 0x00,
    0x00, 0x00, 0x00, 0x00, 0x00, 0x00, 0x00, 0x40, 0x40, 0x58, 0x64, 0x44, 0x44, 0x44, 0x00, 0x00,
    0x00, 0x00, 0x00, 0x00, 0x00, 0x00, 0x00, 0x20, 0x20, 0x24, 0x28, 0x30, 0x28, 0x24, 0x00, 0x00,
    0x00, 0x00, 0x00, 0x00, 0x00, 0x00, 0x00, 0x30, 0x10, 0x10, 0x10, 0x10, 0x10, 0x7C, 0x00, 0x00,
    0x00, 0x00, 0x00, 0x00, 0x00, 0x00, 0x00, 0x00, 0x00, 0x76, 0x49, 0x49, 0x49, 0x49, 0x00, 0x00,
    0x00, 0x00, 0x00, 0x00, 0x00, 0x00, 0x00, 0x00, 0x00, 0x58, 0x64, 0x44, 0x44, 0x44, 0x00, 0x00,
    0x00, 0x00, 0x00, 0x00, 0x00, 0x00, 0x00, 0x00, 0x00, 0x58, 0x64, 0x64, 0x58, 0x40, 0x40, 0x00,
    0x00, 0x00, 0x00, 0x00, 0x00, 0x00, 0x00, 0x00, 0x00, 0x3C, 0x40, 0x38, 0x04, 0x78, 0x00, 0x00,
    0x00, 0x00, 0x00, 0x00, 0x00, 0x00, 0x00, 0x10, 0x10, 0x7C, 0x10, 0x10, 0x10, 0x0C, 0x00, 0x00,
    0x00, 0x00, 0x00, 0x00, 0x00, 0x00, 0x00, 0x00, 0x00, 0x00, 0x00, 0x82, 0x92, 0x54, 0x28, 0x00,
    0x00, 0x00, 0x00, 0x00, 0x00, 0x00, 0x00, 0x00, 0x00, 0x00, 0x00, 0x44, 0x28, 0x10, 0x20, 0x00,
    0x00, 0x00, 0x00, 0x00, 0x00, 0x00, 0x00, 0x00, 0x00, 0x00, 0x00, 0x3C, 0x08, 0x10, 0x3C, 0x00,
    0x00, 0x00, 0x00, 0x3C, 0x40, 0x40, 0x5E, 0x50, 0x50, 0x3C, 0x10, 0x10, 0x1E, 0x00, 0x00, 0x00,
    0x00, 0x00, 0x00, 0x0A, 0x3E, 0x4A, 0x54, 0x54, 0x68, 0x68, 0x72, 0x5C, 0x10, 0x00, 0x00, 0x00,
    0x00, 0x00, 0x00, 0x1C, 0x22, 0x42, 0x40, 0x56, 0x58, 0x50, 0x50, 0x32, 0x1C, 0x00, 0x00, 0x00,
    0x00, 0x00, 0x00, 0x3F, 0x20, 0x20, 0x20, 0x3E, 0x20, 0x20, 0xFC, 0x20, 0x20, 0x00, 0x00, 0x00,
    0x00, 0x00, 0x00, 0x0E, 0x10, 0x10, 0x7E, 0x10, 0x7E, 0x10, 0x10, 0x3E, 0x61, 0x00, 0x00, 0x00,
    0xC0, 0x03, 0x0D, 0xEF, 0xBF, 0xFF, 0xE3, 0x8F, 0x0E, 0x3C, 0x38, 0xF0, 0xC3, 0xC3, 0x0F, 0x0C,
    0x3C, 0x70, 0xF1, 0xC3, 0x06, 0x00, 0x18, 0x00, 0xC0, 0x7C, 0x0F, 0xC1, 0xF8, 0x3F, 0xFF, 0xFF,
    0xF3, 0x1F, 0xFF, 0xFF, 0xF8, 0x6F, 0x07, 0xE0, 0xFC, 0x0F, 0x80, 0xC0, 0x00, 0x00, 0x00, 0x00,
    0x68, 0x58, 0x5F, 0x5C, 0x6C, 0x4A, 0x49, 0x49, 0x49, 0x4E, 0x00, 0x00, 0x00, 0x00, 0x00, 0x00,
    0x70, 0x48, 0x4B, 0x4C, 0x74, 0x54, 0x52, 0x49, 0x49, 0x4E, 0x00, 0x00, 0xC1, 0x83, 0xC1, 0x83,
    0xC1, 0x83, 0xC3, 0xC3, 0x67, 0xF6, 0x67, 0xF6, 0x66, 0x66, 0x67, 0xF6, 0x37, 0xFC, 0x36, 0x6C,
    0x34, 0x2C, 0x1C, 0x38, 0x18, 0x18, 0x18, 0x18, 0x00, 0x00, 0x00, 0x00, 0x00, 0x00, 0xF2, 0x8A,
    0xAA, 0xAA, 0xAA, 0xAA, 0xA2, 0xBC, 0x00, 0x00, 0x00, 0x00, 0x00, 0x02, 0x0F, 0x02, 0x3A, 0x46,
    0x42, 0x42, 0x42, 0x42, 0x46, 0x3A, 0x00, 0x7E, 0x07, 0xC0, 0xFF, 0x8E, 0x0E, 0x60, 0x3F, 0xE0,
    0x7F, 0x01, 0x80, 0x1F, 0xC0, 0xFE, 0x03, 0x80, 0x0C, 0x06, 0x70, 0x71, 0xFF, 0x03, 0xE0, 0xC0,
    0xEC, 0x1C, 0xC3, 0x8C, 0x70, 0xCE, 0x0D, 0xC0, 0xFF, 0xFF, 0xFF, 0xCE, 0x0C, 0x70, 0xC3, 0x8C,
    0x1C, 0xC0, 0xEC, 0x07, 0x00, 0x00, 0x00, 0x00, 0x7F, 0x08, 0x08, 0x0E, 0x38, 0x0E, 0x38, 0x08,
    0x08, 0x08, 0x00, 0x00, 0x00, 0x00, 0x00, 0x00, 0x70, 0x48, 0x48, 0x48, 0x48, 0x4E, 0x4D, 0x4D,
    0x4E, 0x74, 0x04, 0x04, 0x00, 0x00, 0x00, 0x00, 0x38, 0x44, 0x44, 0x44, 0x28, 0x18, 0x54, 0x64,
    0x62, 0x42, 0x04, 0x08, 0x00, 0x00, 0x7C, 0x42, 0xFF, 0x42, 0xFF, 0x42, 0x7C, 0x40, 0x40, 0x40,
    0x40, 0x40, 0x00, 0x00, 0x00, 0x00, 0x10, 0x10, 0x3C, 0x52, 0x52, 0x50, 0x50, 0x56, 0x52, 0x52,
    0x56, 0x3A, 0x10, 0x10, 0x00, 0x00, 0x00, 0x00, 0x18, 0x24, 0x24, 0xFF, 0x42, 0xFF, 0x42, 0x42,
    0x42, 0x42, 0x00, 0x00, 0x00, 0x00, 0x00, 0x00, 0x3C, 0x42, 0x02, 0x02, 0xFF, 0x30, 0xFF, 0x40,
    0x42, 0x3C, 0x00, 0x00, 0x00, 0x00, 0x10, 0x10, 0x3C, 0x52, 0x52, 0x50, 0x50, 0x50, 0x50, 0x52,
    0x52, 0x3C, 0x10, 0x10, 0x00, 0x00, 0x00, 0x00, 0x28, 0x28, 0x28, 0x7E, 0x28, 0x28, 0x28, 0x28,
    0x29, 0x26, 0x00, 0x00, 0x00, 0x00, 0x00, 0x00, 0x3C, 0x42, 0x42, 0x20, 0x18, 0x04, 0x52, 0xAA,
    0xAA, 0xFC, 0xA8, 0xA8, 0x00, 0x00, 0x00, 0x00, 0x00, 0x00, 0xFE, 0x00, 0xFE, 0x10, 0x10, 0x10,
    0x10, 0x10, 0x00, 0x00, 0x00, 0x00, 0x00, 0x00, 0x00, 0x00, 0x0F, 0xF0, 0x01, 0x80, 0x00, 0x40,
    0x0F, 0xF0, 0x00, 0x40, 0x00, 0x80, 0x0F, 0x00, 0x04, 0x00, 0x02, 0x00, 0x01, 0x00, 0x00, 0x80,
    0x00, 0x40, 0x00, 0x00, 0x00, 0x00, 0x00, 0x20, 0x20, 0x28, 0x30, 0x60, 0xA8, 0x30, 0x62, 0xA2,
    0x24, 0x38, 0x00, 0x00, 0x00, 0x00, 0x00, 0x00, 0x40, 0xA0, 0xFC, 0x22, 0x42, 0x54, 0xE8, 0x40,
    0x44, 0x38, 0x00, 0x00, 0x00, 0x00, 0x00, 0x00, 0x00, 0x00, 0x00, 0x10, 0x10, 0x38, 0x54, 0x54,
    0x54, 0x54, 0x00, 0x00, 0x00, 0x00, 0x00, 0x00, 0x3C, 0x22, 0x22, 0x22, 0x7C, 0x20, 0x7C, 0x20,
    0x20, 0x20, 0x00, 0x00, 0x00, 0x00, 0x28, 0x7C, 0xAA, 0xAA, 0xAA, 0x80, 0x80, 0x80, 0x80, 0x40,
    0x20, 0xFE, 0x00, 0x00, 0x00, 0x00, 0x28, 0x28, 0xFC, 0x42, 0x42, 0x42, 0x7C, 0x42, 0x42, 0x42,
    0x42, 0xFC, 0x28, 0x28, 0x00, 0x00, 0x00, 0x00, 0x3C, 0x42, 0x42, 0x40, 0x40, 0x42, 0x42, 0x3C,
    0x00, 0x7E, 0x00, 0x00, 0x00, 0x00, 0x00, 0x00, 0x10, 0x14, 0x14, 0x14, 0x17, 0x1C, 0x77, 0x10,
    0xE3, 0x0C, 0x00, 0x00, 0x00, 0x00, 0x00, 0x00, 0x00, 0x00, 0x14, 0x08, 0x54, 0x20, 0xD0, 0x00,
    0x00, 0x00, 0x00, 0x00, 0x00, 0x00, 0x00, 0x00, 0xF0, 0x48, 0x44, 0xFE, 0x44, 0x44, 0xFE, 0x44,
    0x48, 0xF0, 0x00, 0x00, 0x00, 0x00, 0x00, 0x00, 0x3C, 0x42, 0x40, 0x40, 0x40, 0xFE, 0x40, 0x30,
    0x0C, 0xFE, 0x00, 0x00, 0x00, 0x00, 0x7F, 0xFE, 0x61, 0xCE, 0x7D, 0xB6, 0x61, 0xB6, 0x6F, 0xB6,
    0x61, 0xCE, 0x7F, 0xFE, 0x7F, 0xFE, 0x71, 0x86, 0x6F, 0xBE, 0x6F, 0x86, 0x6F, 0xF6, 0x71, 0x86,
    0x7F, 0xFE, 0x00, 0x00, 0x00, 0x00, 0x7F, 0xFE, 0x61, 0xCE, 0x7D, 0xB6, 0x61, 0xB6, 0x6F, 0xB6,
    0x61, 0xCE, 0x7F, 0xFE, 0x7F, 0xFE, 0x71, 0xCE, 0x6F, 0xBE, 0x6F, 0x8E, 0x6F, 0xB6, 0x71, 0xCE,
    0x7F, 0xFE, 0x00, 0x00, 0x00, 0x00, 0x7F, 0xFE, 0x61, 0xCE, 0x7D, 0xB6, 0x61, 0xB6, 0x6F, 0xB6,
    0x61, 0xCE, 0x7F, 0xFE, 0x7F, 0xFE, 0x71, 0x86, 0x6F, 0xF6, 0x6F, 0xEE, 0x6F, 0xDE, 0x71, 0xDE,
    0x7F, 0xFE, 0x00, 0x00, 0x00, 0x00, 0x7F, 0xFE, 0x61, 0xCE, 0x7D, 0xB6, 0x61, 0xB6, 0x6F, 0xB6,
    0x61, 0xCE, 0x7F, 0xFE, 0x7F, 0xFE, 0x71, 0xCE, 0x6F, 0xB6, 0x6F, 0xCE, 0x6F, 0xB6, 0x71, 0xCE,
    0x7F, 0xFE, 0x00, 0x00, 0x00, 0x00, 0x7F, 0xFE, 0x61, 0xCE, 0x7D, 0xB6, 0x61, 0xB6, 0x6F, 0xB6,
    0x61, 0xCE, 0x7F, 0xFE, 0x7F, 0xFE, 0x71, 0xCE, 0x6F, 0xB6, 0x6F, 0xC6, 0x6F, 0xF6, 0x71, 0xCE,
    0x7F, 0xFE, 0x00, 0x00, 0x00, 0x00, 0x7F, 0xFE, 0x61, 0xCE, 0x7D, 0xB6, 0x61, 0xB6, 0x6F, 0xB6,
    0x61, 0xCE, 0x7F, 0xFE, 0x7F, 0xFE, 0x71, 0x86, 0x6F, 0xB6, 0x6F, 0x86, 0x6F, 0xB6, 0x71, 0xB6,
    0x7F, 0xFE, 0x00, 0x00, 0x00, 0x00, 0x7F, 0xFE, 0x61, 0xCE, 0x7D, 0xB6, 0x61, 0xB6, 0x6F, 0xB6,
    0x61, 0xCE, 0x7F, 0xFE, 0x7F, 0xFE, 0x71, 0x8E, 0x6F, 0xB6, 0x6F, 0x8E, 0x6F, 0xB6, 0x71, 0x8E,
    0x7F, 0xFE, 0x00, 0x00, 0x00, 0x00, 0x7F, 0xFE, 0x61, 0xCE, 0x7D, 0xB6, 0x61, 0xB6, 0x6F, 0xB6,
    0x61, 0xCE, 0x7F, 0xFE, 0x7F, 0xFE, 0x71, 0xC6, 0x6F, 0xBE, 0x6F, 0xBE, 0x6F, 0xBE, 0x71, 0xC6,
    0x7F, 0xFE, 0x00, 0x00, 0x00, 0x00, 0x7F, 0xFE, 0x61, 0xCE, 0x7D, 0xB6, 0x61, 0xB6, 0x6F, 0xB6,
    0x61, 0xCE, 0x7F, 0xFE, 0x7F, 0xFE, 0x71, 0x8E, 0x6F, 0xB6, 0x6F, 0xB6, 0x6F, 0xB6, 0x71, 0x8E,
    0x7F, 0xFE, 0x00, 0x00, 0x00, 0x00, 0x7F, 0xFE, 0x61, 0xCE, 0x7D, 0xB6, 0x61, 0xB6, 0x6F, 0xB6,
    0x61, 0xCE, 0x7F, 0xFE, 0x7F, 0xFE, 0x71, 0x86, 0x6F, 0xBE, 0x6F, 0x8E, 0x6F, 0xBE, 0x71, 0x86,
    0x7F, 0xFE, 0x00, 0x00, 0x00, 0x00, 0x7F, 0xFE, 0x61, 0xCE, 0x7D, 0xB6, 0x61, 0xB6, 0x6F, 0xB6,
    0x61, 0xCE, 0x7F, 0xFE, 0x7F, 0xFE, 0x71, 0x86, 0x6F, 0xBE, 0x6F, 0x8E, 0x6F, 0xBE, 0x71, 0xBE,
    0x7F, 0xFE, 0x00, 0x00, 0x00, 0x00, 0x00, 0x00, 0x00, 0x00, 0x00, 0x10, 0x20, 0x7F, 0x20, 0x10,
    0x00, 0x00, 0x00, 0x00, 0x00, 0x00, 0x08, 0x1C, 0x2A, 0x08, 0x08, 0x08, 0x08, 0x08, 0x08, 0x08,
    0x08, 0x08, 0x08, 0x08, 0x00, 0x00, 0x00, 0x00, 0x00, 0x00, 0x00, 0x08, 0x04, 0xFE, 0x04, 0x08,
    0x00, 0x00, 0x00, 0x00, 0x08, 0x08, 0x08, 0x08, 0x08, 0x08, 0x08, 0x08, 0x08, 0x08, 0x08, 0x2A,
    0x1C, 0x08, 0x00, 0x00, 0x00, 0x00, 0x00, 0x00, 0x00, 0x00, 0x00, 0x24, 0x42, 0xFF, 0x42, 0x24,
    0x00, 0x00, 0x00, 0x00, 0x00, 0x00, 0x08, 0x1C, 0x2A, 0x08, 0x08, 0x08, 0x08, 0x08, 0x08, 0x2A,
    0x1C, 0x08, 0x00, 0x00, 0x00, 0x00, 0x00, 0x00, 0x00, 0x78, 0x60, 0x50, 0x48, 0x04, 0x02, 0x00,
    0x00, 0x00, 0x00, 0x00, 0x00, 0x00, 0x00, 0x00, 0x00, 0x1E, 0x06, 0x0A, 0x12, 0x20, 0x40, 0x00,
    0x00, 0x00, 0x00, 0x00, 0x00, 0x00, 0x00, 0x00, 0x00, 0x40, 0x20, 0x12, 0x0A, 0x06, 0x1E, 0x00,
    0x00, 0x00, 0x00, 0x00, 0x00, 0x00, 0x00, 0x00, 0x00, 0x00, 0x02, 0x04, 0x48, 0x50, 0x60, 0x78,
    0x00, 0x00, 0x00, 0x00, 0x00, 0x00, 0x00, 0x00, 0x00, 0x04, 0x04, 0x14, 0x24, 0x7F, 0x24, 0x14,
    0x04, 0x04, 0x00, 0x00, 0x00, 0x00, 0x00, 0x00, 0x00, 0x20, 0x20, 0x28, 0x24, 0xFE, 0x24, 0x28,
    0x20, 0x20, 0x00, 0x00, 0x00, 0x00, 0x00, 0x00, 0x00, 0x00, 0x00, 0x00, 0x00, 0x00, 0x00, 0x00,
    0x38, 0x00, 0x30, 0x1C, 0x28, 0x22, 0x04, 0x41, 0x03, 0x80, 0x00, 0x00, 0x00, 0x00, 0x00, 0x00,
    0x00, 0x00, 0x00, 0x00, 0x00, 0x00, 0x00, 0x00, 0x00, 0x00, 0x00, 0x00, 0x00, 0x00, 0x00, 0x00,
    0x00, 0x1C, 0x38, 0x0C, 0x44, 0x14, 0x82, 0x20, 0x01, 0xC0, 0x00, 0x00, 0x00, 0x00, 0x00, 0x00,
    0x00, 0x00, 0x00, 0x00, 0x00, 0x00, 0x00, 0x00, 0x00, 0x00, 0x00, 0x24, 0x48, 0xFF, 0x48, 0x24,
    0x00, 0x00, 0x00, 0x00, 0x00, 0x00, 0x08, 0x1C, 0x2A, 0x08, 0x1C, 0x2A, 0x08, 0x08, 0x08, 0x08,
    0x08, 0x08, 0x08, 0x08, 0x00, 0x00, 0x00, 0x00, 0x00, 0x00, 0x00, 0x24, 0x12, 0xFF, 0x12, 0x24,
    0x00, 0x00, 0x00, 0x00, 0x08, 0x08, 0x08, 0x08, 0x08, 0x08, 0x08, 0x08, 0x08, 0x2A, 0x1C, 0x08,
    0x2A, 0x1C, 0x08, 0x00, 0x00, 0x00, 0x00, 0x00, 0x00, 0x00, 0x00, 0x11, 0x22, 0x7C, 0x22, 0x11,
    0x00, 0x00, 0x00, 0x00, 0x00, 0x00, 0x00, 0x00, 0x00, 0x00, 0x00, 0x88, 0x44, 0x3E, 0x44, 0x88,
    0x00, 0x00, 0x00, 0x00, 0x00, 0x00, 0x00, 0x00, 0x00, 0x00, 0x00, 0x12, 0x22, 0x7E, 0x22, 0x12,
    0x00, 0x00, 0x00, 0x00, 0x00, 0x00, 0x08, 0x1C, 0x2A, 0x08, 0x08, 0x08, 0x08, 0x08, 0x08, 0x08,
    0x08, 0x3E, 0x00, 0x00, 0x00, 0x00, 0x00, 0x00, 0x00, 0x00, 0x00, 0x48, 0x44, 0x7E, 0x44, 0x48,
    0x00, 0x00, 0x00, 0x00, 0x00, 0x00, 0x3E, 0x08, 0x08, 0x08, 0x08, 0x08, 0x08, 0x08, 0x08, 0x2A,
    0x1C, 0x08, 0x00, 0x00, 0x00, 0x00, 0x08, 0x1C, 0x2A, 0x08, 0x08, 0x08, 0x08, 0x08, 0x2A, 0x1C,
    0x08, 0x3E, 0x00, 0x00, 0x00, 0x00, 0x00, 0x00, 0x00, 0x00, 0x02, 0x11, 0x21, 0x7E, 0x20, 0x10,
    0x00, 0x00, 0x00, 0x00, 0x00, 0x00, 0x00, 0x00, 0x00, 0x00, 0x20, 0x44, 0x42, 0x3F, 0x02, 0x04,
    0x00, 0x00, 0x00, 0x00, 0x00, 0x00, 0x00, 0x00, 0x00, 0x00, 0x02, 0x15, 0x25, 0x7E, 0x24, 0x14,
    0x00, 0x00, 0x00, 0x00, 0x00, 0x00, 0x00, 0x00, 0x00, 0x00, 0x20, 0x54, 0x52, 0x3F, 0x12, 0x14,
    0x00, 0x00, 0x00, 0x00, 0x00, 0x00, 0x00, 0x00, 0x00, 0x00, 0x00, 0x24, 0x5A, 0xE7, 0x42, 0x24,
    0x00, 0x00, 0x00, 0x00, 0x00, 0x00, 0x00, 0x00, 0x00, 0x08, 0x08, 0x2C, 0x4A, 0xFF, 0x4A, 0x2C,
    0x08, 0x08, 0x00, 0x00, 0x00, 0x00, 0x40, 0x40, 0x40, 0x48, 0x58, 0x68, 0x48, 0x08, 0x08, 0x2A,
    0x1C, 0x08, 0x00, 0x00, 0x00, 0x00, 0x00, 0x00, 0x00, 0x00, 0x00, 0x10, 0x20, 0x78, 0x24, 0x14,
    0x04, 0x04, 0x04, 0x04, 0x00, 0x00, 0x00, 0x00, 0x00, 0x00, 0x00, 0x08, 0x04, 0x1E, 0x24, 0x28,
    0x20, 0x20, 0x20, 0x20, 0x04, 0x04, 0x04, 0x04, 0x04, 0x04, 0x04, 0x14, 0x24, 0x78, 0x20, 0x10,
    0x00, 0x00, 0x00, 0x00, 0x20, 0x20, 0x20, 0x20, 0x20, 0x20, 0x20, 0x28, 0x24, 0x1E, 0x04, 0x08,
    0x00, 0x00, 0x00, 0x00, 0x00, 0x00, 0x00, 0x00, 0x00, 0x00, 0x00, 0x00, 0x00, 0xFC, 0x04, 0x15,
    0x0E, 0x04, 0x00, 0x00, 0x04, 0x04, 0x04, 0x04, 0x04, 0x04, 0x04, 0x14, 0x24, 0x7C, 0x20, 0x10,
    0x00, 0x00, 0x00, 0x00, 0x00, 0x00, 0x00, 0x00, 0x00, 0x00, 0x1E, 0x21, 0xA9, 0x71, 0x20, 0x00,
    0x00, 0x00, 0x00, 0x00, 0x00, 0x00, 0x00, 0x00, 0x00, 0x00, 0x78, 0x84, 0x95, 0x8E, 0x04, 0x00,
    0x00, 0x00, 0x00, 0x00, 0x00, 0x00, 0x00, 0x7E, 0x00, 0x78, 0x60, 0x50, 0x48, 0x04, 0x02, 0x00,
    0x00, 0x00, 0x00, 0x00, 0x00, 0x00, 0x00, 0x50, 0x60, 0x7E, 0x60, 0x50, 0x00, 0x0A, 0x06, 0x7E,
    0x06, 0x0A, 0x00, 0x00, 0x00, 0x00, 0x00, 0x00, 0x00, 0x00, 0x00, 0x2E, 0x4C, 0x4A, 0x42, 0x42,
    0x3C, 0x00, 0x00, 0x00, 0x00, 0x00, 0x00, 0x00, 0x00, 0x00, 0x00, 0x74, 0x32, 0x52, 0x42, 0x42,
    0x3C, 0x00, 0x00, 0x00, 0x00, 0x00, 0x00, 0x00, 0x00, 0x00, 0x00, 0x10, 0x20, 0x7F, 0x00, 0x00,
    0x00, 0x00, 0x00, 0x00, 0x00, 0x00, 0x00, 0x00, 0x00, 0x00, 0x00, 0x00, 0x00, 0x7F, 0x20, 0x10,
    0x00, 0x00, 0x00, 0x00, 0x00, 0x00, 0x08, 0x0C, 0x0A, 0x08, 0x08, 0x08, 0x08, 0x08, 0x08, 0x08,
    0x08, 0x08, 0x08, 0x08, 0x00, 0x00, 0x08, 0x18, 0x28, 0x08, 0x08, 0x08, 0x08, 0x08, 0x08, 0x08,
    0x08, 0x08, 0x08, 0x08, 0x00, 0x00, 0x00, 0x00, 0x00, 0x00, 0x00, 0x08, 0x04, 0xFE, 0x00, 0x00,
    0x00, 0x00, 0x00, 0x00, 0x00, 0x00, 0x00, 0x00, 0x00, 0x00, 0x00, 0x00, 0x00, 0xFE, 0x04, 0x08,
    0x00, 0x00, 0x00, 0x00, 0x08, 0x08, 0x08, 0x08, 0x08, 0x08, 0x08, 0x08, 0x08, 0x08, 0x08, 0x0A,
    0x0C, 0x08, 0x00, 0x00, 0x08, 0x08, 0x08, 0x08, 0x08, 0x08, 0x08, 0x08, 0x08, 0x08, 0x08, 0x28,
    0x18, 0x08, 0x00, 0x00, 0x00, 0x00, 0x00, 0x08, 0x04, 0x7E, 0x04, 0x08, 0x00, 0x10, 0x20, 0x7E,
    0x20, 0x10, 0x00, 0x00, 0x00, 0x00, 0x24, 0x74, 0xAC, 0x24, 0x24, 0x24, 0x24, 0x24, 0x24, 0x35,
    0x2E, 0x24, 0x00, 0x00, 0x00, 0x00, 0x00, 0x10, 0x20, 0x7E, 0x20, 0x10, 0x00, 0x08, 0x04, 0x7E,
    0x04, 0x08, 0x00, 0x00, 0x00, 0x00, 0x00, 0x10, 0x20, 0x7E, 0x20, 0x10, 0x00, 0x10, 0x20, 0x7E,
    0x20, 0x10, 0x00, 0x00, 0x00, 0x00, 0x24, 0x7E, 0xA5, 0x24, 0x24, 0x24, 0x24, 0x24, 0x24, 0x24,
    0x24, 0x24, 0x00, 0x00, 0x00, 0x00, 0x00, 0x08, 0x04, 0x7E, 0x04, 0x08, 0x00, 0x08, 0x04, 0x7E,
    0x04, 0x08, 0x00, 0x00, 0x00, 0x00, 0x24, 0x24, 0x24, 0x24, 0x24, 0x24, 0x24, 0x24, 0x24, 0xA5,
    0x7E, 0x24, 0x00, 0x00, 0x00, 0x00, 0x00, 0x00, 0x00, 0x00, 0x10, 0x20, 0x7E, 0x00, 0x7E, 0x04,
    0x08, 0x00, 0x00, 0x00, 0x00, 0x00, 0x00, 0x00, 0x00, 0x00, 0x08, 0x04, 0x7E, 0x00, 0x7E, 0x20,
    0x10, 0x00, 0x00, 0x00, 0x00, 0x00, 0x00, 0x00, 0x00, 0x08, 0x08, 0x28, 0x7E, 0x88, 0x7E, 0x28,
    0x08, 0x08, 0x00, 0x00, 0x00, 0x00, 0x00, 0x00, 0x00, 0x08, 0x08, 0x2C, 0x7E, 0x89, 0x7E, 0x2C,
    0x08, 0x08, 0x00, 0x00, 0x00, 0x00, 0x00, 0x00, 0x00, 0x10, 0x10, 0x14, 0x7E, 0x11, 0x7E, 0x14,
    0x10, 0x10, 0x00, 0x00, 0x00, 0x00, 0x00, 0x00, 0x00, 0x00, 0x00, 0x10, 0x3E, 0x40, 0x3E, 0x10,
    0x00, 0x00, 0x00, 0x00, 0x00, 0x00, 0x08, 0x14, 0x36, 0x14, 0x14, 0x14, 0x14, 0x14, 0x14, 0x14,
    0x14, 0x14, 0x00, 0x00, 0x00, 0x00, 0x00, 0x00, 0x00, 0x00, 0x00, 0x08, 0x7C, 0x02, 0x7C, 0x08,
    0x00, 0x00, 0x00, 0x00, 0x00, 0x00, 0x14, 0x14, 0x14, 0x14, 0x14, 0x14, 0x14, 0x14, 0x14, 0x36,
    0x14, 0x08, 0x00, 0x00, 0x00, 0x00, 0x00, 0x00, 0x00, 0x00, 0x00, 0x24, 0x7E, 0x81, 0x7E, 0x24,
    0x00, 0x00, 0x00, 0x00, 0x00, 0x00, 0x08, 0x14, 0x36, 0x14, 0x14, 0x14, 0x14, 0x14, 0x14, 0x36,
    0x14, 0x08, 0x00, 0x00, 0x00, 0x00, 0x00, 0x00, 0x00, 0x78, 0x50, 0x68, 0x54, 0x0A, 0x04, 0x00,
    0x00, 0x00, 0x00, 0x00, 0x00, 0x00, 0x00, 0x00, 0x00, 0x1E, 0x0A, 0x16, 0x2A, 0x50, 0x20, 0x00,
    0x00, 0x00, 0x00, 0x00, 0x00, 0x00, 0x00, 0x00, 0x00, 0x20, 0x50, 0x2A, 0x16, 0x0A, 0x1E, 0x00,
    0x00, 0x00, 0x00, 0x00, 0x00, 0x00, 0x00, 0x00, 0x00, 0x04, 0x0A, 0x54, 0x68, 0x50, 0x78, 0x00,
    0x00, 0x00, 0x00, 0x00, 0x00, 0x00, 0x00, 0x00, 0x00, 0x00, 0x10, 0x3E, 0x40, 0xFE, 0x40, 0x3E,
    0x10, 0x00, 0x00, 0x00, 0x00, 0x00, 0x00, 0x00, 0x00, 0x00, 0x08, 0x7C, 0x02, 0x7F, 0x02, 0x7C,
    0x08, 0x00, 0x00, 0x00, 0x00, 0x00, 0x00, 0x00, 0x00, 0x00, 0x00, 0x20, 0x42, 0xF5, 0x48, 0x20,
    0x00, 0x00, 0x00, 0x00, 0x00, 0x00, 0x00, 0x00, 0x00, 0x00, 0x00, 0x04, 0x42, 0xAF, 0x12, 0x04,
    0x00, 0x00, 0x00, 0x00, 0x00, 0x00, 0x08, 0x1C, 0x2A, 0x08, 0x08, 0x08, 0x3E, 0x08, 0x3E, 0x08,
    0x08, 0x08, 0x08, 0x08, 0x08, 0x08, 0x08, 0x08, 0x08, 0x3E, 0x08, 0x3E, 0x08, 0x08, 0x08, 0x2A,
    0x1C, 0x08, 0x00, 0x00, 0x00, 0x00, 0x00, 0x00, 0x00, 0x00, 0x00, 0x10, 0x20, 0x77, 0x20, 0x10,
    0x00, 0x00, 0x00, 0x00, 0x00, 0x00, 0x08, 0x1C, 0x2A, 0x08, 0x08, 0x00, 0x08, 0x08, 0x08, 0x08,
    0x00, 0x08, 0x08, 0x08, 0x00, 0x00, 0x00, 0x00, 0x00, 0x00, 0x00, 0x04, 0x02, 0xEF, 0x02, 0x04,
    0x00, 0x00, 0x00, 0x00, 0x08, 0x08, 0x08, 0x00, 0x08, 0x08, 0x08, 0x08, 0x00, 0x08, 0x08, 0x2A,
    0x1C, 0x08, 0x00, 0x00, 0x00, 0x00, 0x00, 0x00, 0x00, 0x00, 0x00, 0x50, 0x60, 0x7F, 0x60, 0x50,
    0x00, 0x00, 0x00, 0x00, 0x00, 0x00, 0x00, 0x00, 0x00, 0x00, 0x00, 0x0A, 0x06, 0xFE, 0x06, 0x0A,
    0x00, 0x00, 0x00, 0x00, 0x00, 0x00, 0x00, 0x00, 0x00, 0x00, 0x10, 0x30, 0x5F, 0x81, 0x5F, 0x30,
    0x10, 0x00, 0x00, 0x00, 0x00, 0x00, 0x08, 0x14, 0x22, 0x77, 0x14, 0x14, 0x14, 0x14, 0x14, 0x14,
    0x14, 0x1C, 0x00, 0x00, 0x00, 0x00, 0x00, 0x00, 0x00, 0x00, 0x08, 0x0C, 0xFA, 0x81, 0xFA, 0x0C,
    0x08, 0x00, 0x00, 0x00, 0x00, 0x00, 0x1C, 0x14, 0x14, 0x14, 0x14, 0x14, 0x14, 0x14, 0x77, 0x22,
    0x14, 0x08, 0x00, 0x00, 0x00, 0x00, 0x08, 0x14, 0x22, 0x77, 0x14, 0x14, 0x14, 0x1C, 0x00, 0x1C,
    0x14, 0x1C, 0x00, 0x00, 0x00, 0x00, 0x08, 0x14, 0x22, 0x63, 0x22, 0x22, 0x22, 0x22, 0x22, 0x63,
    0x41, 0x7F, 0x00, 0x00, 0x00, 0x00, 0x08, 0x14, 0x3E, 0x63, 0x22, 0x22, 0x22, 0x22, 0x22, 0x63,
    0x41, 0x7F, 0x00, 0x00, 0x00, 0x00, 0x08, 0x1C, 0x2A, 0x6B, 0x2A, 0x2A, 0x2A, 0x2A, 0x2A, 0x6B,
    0x49, 0x7F, 0x00, 0x00, 0x00, 0x08, 0x14, 0x2A, 0x77, 0x22, 0x63, 0x22, 0x22, 0x22, 0x22, 0x22,
    0x22, 0x3E, 0x00, 0x00, 0x00, 0x08, 0x14, 0x2A, 0x77, 0x22, 0x63, 0x22, 0x22, 0x22, 0x22, 0x63,
    0x41, 0x7F, 0x00, 0x00, 0x00, 0x00, 0x00, 0x00, 0x00, 0x00, 0x08, 0x6C, 0x7A, 0x41, 0x7A, 0x6C,
    0x08, 0x00, 0x00, 0x00, 0x00, 0x00, 0x00, 0x00, 0x00, 0x7F, 0x40, 0x5C, 0x58, 0x54, 0x42, 0x41,
    0x40, 0x40, 0x00, 0x00, 0x00, 0x00, 0x00, 0x00, 0x00, 0x01, 0x01, 0x41, 0x21, 0x15, 0x0D, 0x1D,
    0x01, 0x7F, 0x00, 0x00, 0x00, 0x00, 0x08, 0x14, 0x36, 0x14, 0x14, 0x14, 0x14, 0x14, 0x14, 0x36,
    0x14, 0x08, 0x00, 0x00, 0x00, 0x00, 0x00, 0x00, 0x00, 0x00, 0x00, 0x00, 0x00, 0x00, 0x00, 0x00,
    0x00, 0x00, 0x07, 0x08, 0x08, 0x84, 0xFF, 0xFE, 0x08, 0x84, 0x07, 0x08, 0x00, 0x00, 0x00, 0x00,
    0x00, 0x00, 0x00, 0x00, 0x00, 0x00, 0x24, 0x2E, 0x35, 0x24, 0x24, 0x24, 0x24, 0x24, 0x24, 0xAC,
    0x74, 0x24, 0x00, 0x00, 0x00, 0x00, 0x00, 0x04, 0x02, 0xFF, 0x02, 0x04, 0x02, 0xFF, 0x02, 0x04,
    0x02, 0xFF, 0x02, 0x04, 0x00, 0x00, 0x00, 0x00, 0x00, 0x00, 0x00, 0x24, 0x44, 0xFF, 0x44, 0x24,
    0x00, 0x00, 0x00, 0x00, 0x00, 0x00, 0x00, 0x00, 0x00, 0x00, 0x00, 0x24, 0x22, 0xFF, 0x22, 0x24,
    0x00, 0x00, 0x00, 0x00, 0x00, 0x00, 0x00, 0x00, 0x00, 0x00, 0x00, 0x00, 0x00, 0x00, 0x00, 0x00,
    0x00, 0x00, 0x09, 0x20, 0x11, 0x10, 0x3F, 0xF8, 0x11, 0x10, 0x09, 0x20, 0x00, 0x00, 0x00, 0x00,
    0x00, 0x00, 0x00, 0x00, 0x00, 0x00, 0x00, 0x00, 0x00, 0x00, 0x00, 0x00, 0x00, 0x00, 0x00, 0x00,
    0x00, 0x00, 0x11, 0x40, 0x21, 0x40, 0x7F, 0xFF, 0x21, 0x40, 0x11, 0x40, 0x00, 0x00, 0x00, 0x00,
    0x00, 0x00, 0x00, 0x00, 0x00, 0x00, 0x00, 0x00, 0x00, 0x00, 0x00, 0x00, 0x00, 0x00, 0x00, 0x00,
    0x00, 0x00, 0x02, 0x88, 0x02, 0x84, 0xFF, 0xFE, 0x02, 0x84, 0x02, 0x88, 0x00, 0x00, 0x00, 0x00,
    0x00, 0x00, 0x00, 0x00, 0x00, 0x00, 0x00, 0x00, 0x00, 0x00, 0x00, 0x00, 0x00, 0x00, 0x00, 0x00,
    0x00, 0x00, 0x12, 0x90, 0x22, 0x88, 0x7F, 0xFC, 0x22, 0x88, 0x12, 0x90, 0x00, 0x00, 0x00, 0x00,
    0x00, 0x00, 0x00, 0x00, 0x00, 0x00, 0x00, 0x00, 0x00, 0x00, 0x00, 0x20, 0x60, 0xBF, 0x60, 0x20,
    0x00, 0x00, 0x00, 0x00, 0x00, 0x00, 0x00, 0x00, 0x00, 0x00, 0x00, 0x04, 0x06, 0xFD, 0x06, 0x04,
    0x00, 0x00, 0x00, 0x00, 0x00, 0x00, 0x00, 0x00, 0x00, 0x00, 0x00, 0x00, 0x00, 0x00, 0x00, 0x00,
    0x00, 0x00, 0x08, 0x10, 0x18, 0x18, 0x2F, 0xF4, 0x18, 0x18, 0x08, 0x10, 0x00, 0x00, 0x00, 0x00,
    0x00, 0x00, 0x00, 0x00, 0xC0, 0x3C, 0x03, 0x60, 0x66, 0x06, 0x7F, 0xE3, 0xFC, 0x30, 0xC3, 0x0C,
    0x19, 0x81, 0x98, 0x0F, 0x00, 0xF0, 0x06, 0x00, 0x60, 0x00, 0x00, 0x00, 0x00, 0x18, 0x24, 0x24,
    0x20, 0x20, 0x20, 0x20, 0x24, 0x24, 0x18, 0x00, 0x00, 0x00, 0x00, 0x00, 0x00, 0x1C, 0x22, 0x02,
    0x02, 0x1E, 0x22, 0x42, 0x44, 0x44, 0x38, 0x00, 0x00, 0xFF, 0xFF, 0xF0, 0x0C, 0x03, 0x00, 0xC0,
    0x37, 0xFD, 0xFF, 0x00, 0xC0, 0x30, 0x0C, 0x03, 0xFF, 0xFF, 0xF0, 0xFF, 0xFF, 0xF0, 0x3C, 0x0F,
    0x06, 0xC1, 0xB7, 0xFD, 0xFF, 0x0C, 0xC3, 0x31, 0x8C, 0x63, 0xFF, 0xFF, 0xF0, 0x00, 0x00, 0x00,
    0x00, 0x00, 0x00, 0x00, 0x1D, 0x22, 0x45, 0x49, 0x51, 0x22, 0x5C, 0x00, 0x00, 0x00, 0x00, 0x00,
    0x00, 0x08, 0x08, 0x14, 0x14, 0x14, 0x22, 0x22, 0x22, 0x41, 0x7F, 0x00, 0x00, 0x00, 0x00, 0x00,
    0x00, 0x7F, 0x41, 0x22, 0x22, 0x22, 0x14, 0x14, 0x14, 0x08, 0x08, 0x00, 0x00, 0x00, 0x00, 0x00,
    0x00, 0x00, 0x00, 0x00, 0x3E, 0x40, 0x40, 0x7E, 0x40, 0x40, 0x3E, 0x00, 0x00, 0x00, 0x00, 0x00,
    0x00, 0x00, 0x04, 0x04, 0x3E, 0x48, 0x48, 0x7E, 0x50, 0x50, 0x3E, 0x20, 0x20, 0x00, 0x00, 0x00,
    0x00, 0x00, 0x00, 0x00, 0x00, 0x00, 0x3E, 0x40, 0x7E, 0x40, 0x3E, 0x00, 0x00, 0x00, 0x00, 0x00,
    0x00, 0x00, 0x00, 0x00, 0x7C, 0x02, 0x02, 0x7E, 0x02, 0x02, 0x7C, 0x00, 0x00, 0x00, 0x00, 0x00,
    0x00, 0x00, 0x04, 0x04, 0x7C, 0x0A, 0x0A, 0x7E, 0x12, 0x12, 0x7C, 0x20, 0x20, 0x00, 0x00, 0x00,
    0x00, 0x00, 0x00, 0x00, 0x00, 0x00, 0x7C, 0x02, 0x7E, 0x02, 0x7C, 0x00, 0x00, 0x00, 0x00, 0x00,
    0x00, 0x7E, 0x7E, 0x7E, 0x7E, 0x7E, 0x7E, 0x7E, 0x7E, 0x7E, 0x7E, 0x00, 0x00, 0x00, 0x00, 0x00,
    0x00, 0x7F, 0x22, 0x22, 0x22, 0x22, 0x22, 0x22, 0x22, 0x22, 0x22, 0x77, 0x00, 0x00, 0x00, 0x00,
    0x00, 0x77, 0x22, 0x22, 0x22, 0x22, 0x22, 0x22, 0x22, 0x22, 0x22, 0x7F, 0x00, 0x00, 0x00, 0x00,
    0x00, 0x7E, 0x42, 0x20, 0x10, 0x08, 0x04, 0x08, 0x10, 0x20, 0x42, 0x7E, 0x00, 0xFF, 0xFF, 0xC0,
    0x00, 0x00, 0x00, 0x00, 0x7F, 0x00, 0x08, 0x08, 0x08, 0x7F, 0x08, 0x08, 0x08, 0x00, 0x00, 0x00,
    0x00, 0x00, 0x08, 0x1C, 0x08, 0x00, 0x08, 0x08, 0x08, 0x7F, 0x08, 0x08, 0x08, 0x00, 0x00, 0x00,
    0x01, 0x80, 0xC0, 0xC0, 0xC0, 0x60, 0x60, 0x20, 0x30, 0x30, 0x18, 0x18, 0x18, 0x0C, 0x00, 0x00,
    0x00, 0x00, 0x00, 0x40, 0x20, 0x20, 0x10, 0x10, 0x08, 0x08, 0x04, 0x04, 0x02, 0x00, 0x00, 0x00,
    0x00, 0x00, 0x00, 0x00, 0x00, 0x08, 0x2A, 0x1C, 0x08, 0x1C, 0x2A, 0x08, 0x00, 0x00, 0x00, 0x00,
    0x00, 0x00, 0x00, 0x00, 0x00, 0x00, 0x00, 0x18, 0x24, 0x24, 0x18, 0x00, 0x00, 0x00, 0x00, 0xF0,
    0x00, 0x00, 0x07, 0x04, 0x04, 0x04, 0x04, 0x04, 0x74, 0x14, 0x14, 0x0C, 0x0C, 0x04, 0x04, 0x00,
    0x00, 0x00, 0x67, 0x14, 0x64, 0x14, 0x64, 0x04, 0x74, 0x14, 0x14, 0x0C, 0x0C, 0x04, 0x04, 0x00,
    0x00, 0x00, 0x57, 0x54, 0x74, 0x14, 0x14, 0x04, 0x74, 0x14, 0x14, 0x0C, 0x0C, 0x04, 0x04, 0x00,
    0x00, 0x00, 0x00, 0x00, 0x00, 0x00, 0x00, 0x36, 0x48, 0x48, 0x36, 0x00, 0x00, 0x00, 0x00, 0x00,
    0x00, 0x00, 0x00, 0x00, 0x00, 0x00, 0x00, 0x36, 0x49, 0x49, 0x36, 0x00, 0x00, 0x00, 0x00, 0x00,
    0x00, 0x00, 0x00, 0x00, 0x00, 0x00, 0x00, 0x40, 0x40, 0x40, 0x40, 0x40, 0x40, 0x7E, 0x00, 0x00,
    0x00, 0x00, 0x00, 0x00, 0x00, 0x00, 0x00, 0x00, 0x02, 0x04, 0x08, 0x10, 0x20, 0x7E, 0x00, 0x00,
    0x00, 0x00, 0x00, 0x00, 0x00, 0x00, 0x00, 0x00, 0x02, 0x14, 0x08, 0x14, 0x24, 0x7E, 0x04, 0x00,
    0x00, 0x00, 0x00, 0x00, 0x00, 0x00, 0x00, 0x0A, 0x0C, 0x14, 0x64, 0x14, 0x0C, 0x0A, 0x00, 0x00,
    0x00, 0x00, 0x00, 0x00, 0x18, 0x18, 0x18, 0x18, 0x18, 0x18, 0x18, 0x18, 0x18, 0x18, 0x00, 0x00,
    0x00, 0x00, 0x00, 0x00, 0x18, 0x18, 0x1A, 0x1C, 0x18, 0x18, 0x38, 0x58, 0x18, 0x18, 0x00, 0x00,
    0x00, 0x00, 0x00, 0x00, 0x24, 0x24, 0x24, 0x24, 0x24, 0x24, 0x24, 0x24, 0x24, 0x24, 0x00, 0x00,
    0x00, 0x00, 0x00, 0x00, 0x24, 0x24, 0x26, 0x24, 0x2C, 0x34, 0x24, 0x64, 0x24, 0x24, 0x00, 0x00,
    0x00, 0x00, 0x00, 0x00, 0x00, 0x00, 0x08, 0x08, 0x14, 0x14, 0x22, 0x22, 0x41, 0x41, 0x00, 0x00,
    0x00, 0x00, 0x00, 0x00, 0x00, 0x00, 0x41, 0x41, 0x22, 0x22, 0x14, 0x14, 0x08, 0x08, 0x00, 0x00,
    0x00, 0x00, 0x00, 0x00, 0x00, 0x00, 0x3C, 0x42, 0x42, 0x42, 0x42, 0x42, 0x42, 0x42, 0x00, 0x00,
    0x00, 0x00, 0x00, 0x00, 0x00, 0x00, 0x42, 0x42, 0x42, 0x42, 0x42, 0x42, 0x42, 0x3C, 0x00, 0x00,
    0x00, 0x06, 0x0A, 0x08, 0x08, 0x08, 0x08, 0x08, 0x08, 0x08, 0x08, 0x08, 0x08, 0x28, 0x30, 0x00,
    0x00, 0x0A, 0x15, 0x14, 0x14, 0x14, 0x14, 0x14, 0x14, 0x14, 0x14, 0x14, 0x14, 0x54, 0x68, 0x00,
    0x00, 0x15, 0x2A, 0x2A, 0x2A, 0x2A, 0x2A, 0x2A, 0x2A, 0x2A, 0x2A, 0x2A, 0x2A, 0xAA, 0xD4, 0x00,
    0x00, 0x06, 0x0A, 0x08, 0x08, 0x08, 0x1C, 0x2A, 0x2A, 0x1C, 0x08, 0x08, 0x08, 0x28, 0x30, 0x00,
    0x00, 0x0A, 0x15, 0x14, 0x14, 0x14, 0x3E, 0x55, 0x55, 0x3E, 0x14, 0x14, 0x14, 0x54, 0x68, 0x00,
    0x00, 0x15, 0x2A, 0x2A, 0x2A, 0x7E, 0xAB, 0xAB, 0xAB, 0x7E, 0x2A, 0x2A, 0x2A, 0xAA, 0xD4, 0x00,
    0x00, 0x06, 0x0A, 0x08, 0x08, 0x08, 0x1D, 0x2B, 0x2F, 0x08, 0x08, 0x08, 0x08, 0x28, 0x30, 0x00,
    0x00, 0x06, 0x0A, 0x08, 0x08, 0x08, 0x1D, 0x2B, 0x2F, 0x2A, 0x1C, 0x08, 0x08, 0x28, 0x30, 0x00,
    0x00, 0x06, 0x0A, 0x08, 0x08, 0x08, 0x5C, 0x6A, 0x7A, 0x2A, 0x1C, 0x08, 0x08, 0x28, 0x30, 0x00,
    0x00, 0x00, 0x00, 0x00, 0x00, 0x00, 0x18, 0x18, 0x00, 0x00, 0x00, 0x66, 0x66, 0x00, 0x00, 0x00,
    0x00, 0x00, 0x00, 0x00, 0x00, 0x00, 0x66, 0x66, 0x00, 0x00, 0x00, 0x18, 0x18, 0x00, 0x00, 0x00,
    0xF0, 0x00, 0xF0, 0x00, 0x00, 0x00, 0x00, 0x00, 0x00, 0x66, 0x66, 0x00, 0x00, 0x00, 0x66, 0x66,
    0x00, 0x00, 0x00, 0x00, 0x00, 0x00, 0x00, 0x00, 0x00, 0x18, 0x18, 0x00, 0x7E, 0x00, 0x00, 0x00,
    0x00, 0x00, 0x00, 0x00, 0x00, 0x00, 0x00, 0x00, 0x00, 0x06, 0x06, 0x00, 0x78, 0x00, 0x06, 0x06,
    0x00, 0x00, 0x00, 0x00, 0x00, 0x00, 0x00, 0x00, 0x00, 0x66, 0x66, 0x00, 0x7E, 0x00, 0x66, 0x66,
    0x00, 0x00, 0x00, 0x00, 0x00, 0x00, 0x00, 0x00, 0x18, 0x18, 0x00, 0x32, 0x4C, 0x00, 0x18, 0x18,
    0x00, 0x00, 0x00, 0x00, 0x00, 0x00, 0x00, 0x00, 0x00, 0x00, 0x00, 0x32, 0x4C, 0x00, 0x00, 0x00,
    0x00, 0x00, 0x00, 0x00, 0x00, 0x00, 0x00, 0x00, 0x00, 0x00, 0x00, 0x4C, 0x32, 0x00, 0x00, 0x00,
    0x00, 0x00, 0x00, 0x00, 0x00, 0x00, 0x00, 0x00, 0x00, 0x00, 0x00, 0x32, 0x49, 0x26, 0x00, 0x00,
    0x00, 0x00, 0x00, 0x00, 0x00, 0x00, 0x00, 0x00, 0x00, 0x00, 0x30, 0x48, 0x49, 0x09, 0x06, 0x00,
    0x00, 0x00, 0x00, 0x00, 0x00, 0x00, 0x00, 0x00, 0x10, 0x08, 0x08, 0x08, 0x10, 0x10, 0x10, 0x08,
    0x00, 0x00, 0x00, 0x00, 0x00, 0x00, 0x00, 0x00, 0x00, 0x04, 0x04, 0x08, 0x3A, 0x54, 0x10, 0x20,
    0x20, 0x00, 0x00, 0x00, 0x00, 0x00, 0x00, 0x00, 0x00, 0x00, 0x00, 0x7E, 0x00, 0x00, 0x32, 0x4C,
    0x00, 0x00, 0x00, 0x00, 0x00, 0x00, 0x00, 0x00, 0x00, 0x00, 0x32, 0x4C, 0x00, 0x00, 0x7E, 0x00,
    0x00, 0x00, 0x00, 0x00, 0x00, 0x00, 0x04, 0x04, 0x08, 0x08, 0x3A, 0x54, 0x10, 0x10, 0x7E, 0x20,
    0x20, 0x40, 0x40, 0x00, 0x00, 0x00, 0x00, 0x32, 0x4C, 0x00, 0x00, 0x7E, 0x00, 0x00, 0x7E, 0x00,
    0x00, 0x00, 0x00, 0x00, 0x00, 0x00, 0x00, 0x32, 0x4C, 0x02, 0x04, 0x7E, 0x08, 0x10, 0x7E, 0x20,
    0x40, 0x00, 0x00, 0x00, 0x00, 0x04, 0x04, 0x3A, 0x4C, 0x08, 0x10, 0x7E, 0x10, 0x20, 0x7E, 0x20,
    0x40, 0x40, 0x00, 0x00, 0x00, 0x00, 0x00, 0x00, 0x00, 0x00, 0x32, 0x4C, 0x00, 0x32, 0x4C, 0x00,
    0x00, 0x00, 0x00, 0x00, 0x00, 0x00, 0x00, 0x00, 0x04, 0x04, 0x3A, 0x4C, 0x10, 0x3A, 0x54, 0x20,
    0x20, 0x00, 0x00, 0x00, 0x00, 0x00, 0x00, 0x00, 0x32, 0x4C, 0x00, 0x32, 0x4C, 0x00, 0x7E, 0x00,
    0x00, 0x00, 0x00, 0x00, 0x00, 0x00, 0x00, 0x00, 0x32, 0x4C, 0x00, 0x32, 0x4C, 0x00, 0x32, 0x4C,
    0x00, 0x00, 0x00, 0x00, 0x00, 0x00, 0x00, 0x4C, 0x32, 0x00, 0x00, 0x7E, 0x00, 0x00, 0x7E, 0x00,
    0x00, 0x00, 0x00, 0x00, 0x00, 0x00, 0x00, 0x00, 0x00, 0x42, 0x3C, 0x00, 0x00, 0x3C, 0x42, 0x00,
    0x00, 0x00, 0x00, 0x00, 0x00, 0x00, 0x00, 0x00, 0x00, 0x18, 0x66, 0x00, 0x00, 0x66, 0x18, 0x00,
    0x00, 0x00, 0x00, 0x00, 0x00, 0x00, 0x00, 0x00, 0x00, 0x00, 0x18, 0x66, 0x00, 0x00, 0x7E, 0x00,
    0x00, 0x00, 0x00, 0x00, 0x00, 0x00, 0x00, 0x18, 0x18, 0x00, 0x00, 0x7E, 0x00, 0x00, 0x7E, 0x00,
    0x00, 0x00, 0x00, 0x00, 0x00, 0x00, 0x18, 0x18, 0x00, 0x7E, 0x00, 0x00, 0x7E, 0x00, 0x18, 0x18,
    0x00, 0x00, 0x00, 0x00, 0x00, 0x00, 0x60, 0x60, 0x00, 0x7E, 0x00, 0x00, 0x7E, 0x00, 0x06, 0x06,
    0x00, 0x00, 0x00, 0x00, 0x00, 0x00, 0x06, 0x06, 0x00, 0x7E, 0x00, 0x00, 0x7E, 0x00, 0x60, 0x60,
    0x00, 0x00, 0x00, 0x00, 0x00, 0x00, 0x00, 0x00, 0x00, 0x00, 0x5E, 0x00, 0x00, 0x5E, 0x00, 0x00,
    0x00, 0x00, 0x00, 0x00, 0x00, 0x00, 0x00, 0x00, 0x00, 0x00, 0x7A, 0x00, 0x00, 0x7A, 0x00, 0x00,
    0x00, 0x00, 0x00, 0x00, 0x00, 0x00, 0x00, 0x00, 0x00, 0x00, 0x7E, 0x24, 0x24, 0x7E, 0x00, 0x00,
    0x00, 0x00, 0x00, 0x00, 0x00, 0x00, 0x18, 0x24, 0x24, 0x18, 0x00, 0x7E, 0x00, 0x00, 0x7E, 0x00,
    0x00, 0x00, 0x00, 0x00, 0x00, 0x00, 0x00, 0x3C, 0x42, 0x00, 0x00, 0x7E, 0x00, 0x00, 0x7E, 0x00,
    0x00, 0x00, 0x00, 0x18, 0x79, 0x98, 0x0F, 0xFF, 0xC0, 0x7F, 0xFE, 0x66, 0x78, 0x60, 0x0F, 0xFF,
    0xC0, 0x7F, 0xFE, 0x00, 0x00, 0x08, 0x3E, 0x1C, 0x14, 0x00, 0x00, 0x7E, 0x00, 0x00, 0x7E, 0x00,
    0x00, 0x00, 0x00, 0x00, 0x00, 0x08, 0x14, 0x22, 0x3E, 0x00, 0x00, 0x7E, 0x00, 0x00, 0x7E, 0x00,
    0x00, 0x00, 0x00, 0x00, 0x00, 0x12, 0x14, 0x76, 0x54, 0x74, 0x00, 0x00, 0x7E, 0x00, 0x00, 0x7E,
    0x00, 0x00, 0x00, 0x00, 0x00, 0x00, 0x68, 0x54, 0x54, 0x54, 0x00, 0x7E, 0x00, 0x00, 0x7E, 0x00,
    0x00, 0x00, 0x00, 0x00, 0x30, 0x48, 0x08, 0x10, 0x10, 0x00, 0x10, 0x00, 0x7E, 0x00, 0x00, 0x7E,
    0x00, 0x00, 0x00, 0x0C, 0x18, 0x30, 0x61, 0x9F, 0xFF, 0x98, 0xFF, 0xFD, 0x83, 0x06, 0x0C, 0x00,
    0xFF, 0xFC, 0x07, 0xFF, 0xE0, 0x3F, 0xFF, 0x0C, 0x18, 0x37, 0xFF, 0xE3, 0x3F, 0xFF, 0x31, 0xFF,
    0xFB, 0x06, 0x0C, 0x00, 0x00, 0x00, 0x00, 0x00, 0x00, 0x00, 0x7E, 0x00, 0x7E, 0x00, 0x7E, 0x00,
    0x7E, 0x00, 0x00, 0x00, 0x03, 0x0F, 0x3C, 0x70, 0xC0, 0x70, 0x3C, 0x0F, 0x03, 0x00, 0xFF, 0xFF,
    0xC0, 0xF0, 0x3C, 0x0E, 0x03, 0x0E, 0x3C, 0xF0, 0xC0, 0x00, 0xFF, 0xFF, 0x00, 0x00, 0x00, 0x06,
    0x18, 0x60, 0x18, 0x06, 0x00, 0x7E, 0x00, 0x00, 0x7E, 0x00, 0x00, 0x00, 0x00, 0x00, 0x00, 0x60,
    0x18, 0x06, 0x18, 0x60, 0x00, 0x7E, 0x00, 0x00, 0x7E, 0x00, 0x00, 0x00, 0x00, 0x00, 0x00, 0x06,
    0x18, 0x60, 0x18, 0x06, 0x04, 0x7E, 0x08, 0x10, 0x7E, 0x20, 0x40, 0x00, 0x00, 0x00, 0x00, 0x60,
    0x18, 0x06, 0x18, 0x62, 0x04, 0x7E, 0x08, 0x10, 0x7E, 0x20, 0x40, 0x00, 0x00, 0x00, 0x00, 0x00,
    0x00, 0x09, 0x12, 0x24, 0x48, 0x90, 0x48, 0x24, 0x12, 0x09, 0x00, 0x00, 0x00, 0x00, 0x00, 0x00,
    0x00, 0x90, 0x48, 0x24, 0x12, 0x09, 0x12, 0x24, 0x48, 0x90, 0x00, 0x00, 0x00, 0x00, 0x00, 0x00,
    0x24, 0x18, 0x18, 0x24, 0x24, 0x24, 0x24, 0x18, 0x18, 0x24, 0x00, 0x00, 0x00, 0x00, 0x00, 0x02,
    0x02, 0x04, 0x85, 0x7E, 0x08, 0x10, 0x7E, 0xA1, 0x20, 0x40, 0x40, 0x00, 0x06, 0x06, 0x06, 0x07,
    0x0F, 0x3C, 0x7C, 0xD8, 0x78, 0x3C, 0x3F, 0x33, 0x30, 0x30, 0x06, 0x06, 0x06, 0xC6, 0xFC, 0x3C,
    0x0E, 0x1B, 0x1E, 0x3C, 0xF0, 0xF0, 0x30, 0x30, 0x06, 0x07, 0x0F, 0x3E, 0x7C, 0xCC, 0x7C, 0x3C,
    0x1F, 0x1B, 0x30, 0xFF, 0xFF, 0x30, 0x06, 0xC6, 0xF6, 0x3E, 0x0E, 0x0F, 0x0E, 0x3C, 0xF8, 0xD8,
    0x30, 0xFF, 0xFF, 0x30, 0x00, 0x00, 0x00, 0x00, 0x00, 0x00, 0x06, 0x18, 0x60, 0x18, 0x06, 0x00,
    0x32, 0x4C, 0x00, 0x00, 0x00, 0x00, 0x00, 0x00, 0x00, 0x00, 0x60, 0x18, 0x06, 0x18, 0x60, 0x00,
    0x32, 0x4C, 0x00, 0x00, 0x00, 0x00, 0x00, 0x00, 0x04, 0x04, 0x0E, 0x18, 0x68, 0x18, 0x1E, 0x10,
    0x3A, 0x64, 0x20, 0x20, 0x00, 0x00, 0x00, 0x00, 0x08, 0x08, 0x78, 0x18, 0x16, 0x18, 0x70, 0x10,
    0x32, 0x6C, 0x20, 0x20, 0x00, 0x00, 0x00, 0x00, 0x06, 0x18, 0x60, 0x18, 0x06, 0x60, 0x18, 0x06,
    0x18, 0x60, 0x00, 0x00, 0x00, 0x00, 0x00, 0x00, 0x60, 0x18, 0x06, 0x18, 0x60, 0x06, 0x18, 0x60,
    0x18, 0x06, 0x00, 0x00, 0x00, 0x00, 0x02, 0x02, 0x0E, 0x14, 0x68, 0x18, 0x1E, 0x70, 0x28, 0x2E,
    0x50, 0x60, 0x80, 0x80, 0x00, 0x00, 0x04, 0x04, 0x68, 0x18, 0x16, 0x18, 0x70, 0x16, 0x38, 0x60,
    0x38, 0x26, 0x40, 0x40, 0x00, 0x00, 0x00, 0x00, 0x00, 0x02, 0x02, 0x04, 0x18, 0x60, 0x18, 0x04,
    0x02, 0x02, 0x00, 0x00, 0x00, 0x00, 0x00, 0x00, 0x00, 0x40, 0x40, 0x20, 0x18, 0x06, 0x18, 0x20,
    0x40, 0x40, 0x00, 0x00, 0x00, 0x00, 0x00, 0x00, 0x00, 0x02, 0x02, 0x04, 0x18, 0x60, 0x18, 0x64,
    0x1A, 0x04, 0x02, 0x00, 0x00, 0x00, 0x00, 0x00, 0x00, 0x40, 0x40, 0x20, 0x18, 0x06, 0x18, 0x26,
    0x58, 0x20, 0x40, 0x00, 0x00, 0x00, 0x00, 0x00, 0x00, 0x02, 0x02, 0x04, 0x18, 0x60, 0x18, 0x04,
    0x66, 0x9A, 0x00, 0x00, 0x00, 0x00, 0x00, 0x00, 0x00, 0x40, 0x40, 0x20, 0x18, 0x06, 0x18, 0x20,
    0x59, 0x66, 0x00, 0x00, 0x00, 0x00, 0x00, 0x00, 0x04, 0x06, 0x0A, 0x0C, 0x08, 0x70, 0x18, 0x14,
    0x22, 0x22, 0x00, 0x00, 0x00, 0x00, 0x00, 0x00, 0x04, 0x44, 0x48, 0x28, 0x18, 0x0E, 0x18, 0x30,
    0x50, 0x60, 0x20, 0x00, 0x00, 0x00, 0x00, 0x00, 0x00, 0x00, 0x3E, 0x40, 0x40, 0x40, 0x40, 0x3E,
    0x00, 0x00, 0x00, 0x00, 0x00, 0x00, 0x00, 0x00, 0x00, 0x00, 0x7C, 0x02, 0x02, 0x02, 0x02, 0x7C,
    0x00, 0x00, 0x00, 0x00, 0x00, 0x00, 0x00, 0x00, 0x04, 0x04, 0x3E, 0x48, 0x50, 0x50, 0x60, 0x3E,
    0x40, 0x40, 0x00, 0x00, 0x00, 0x00, 0x00, 0x00, 0x02, 0x02, 0x7C, 0x0A, 0x0A, 0x12, 0x12, 0x7C,
    0x20, 0x20, 0x00, 0x00, 0x00, 0x00, 0x00, 0x00, 0x00, 0x00, 0x3E, 0x40, 0x40, 0x40, 0x40, 0x3E,
    0x00, 0x7E, 0x00, 0x00, 0x00, 0x00, 0x00, 0x00, 0x00, 0x00, 0x7C, 0x02, 0x02, 0x02, 0x02, 0x7C,
    0x00, 0x7E, 0x00, 0x00, 0x00, 0x00, 0x00, 0x00, 0x04, 0x04, 0x3E, 0x48, 0x48, 0x50, 0x50, 0x3E,
    0x20, 0x7E, 0x40, 0x00, 0x00, 0x00, 0x00, 0x00, 0x02, 0x02, 0x7C, 0x0A, 0x0A, 0x12, 0x12, 0x7C,
    0x20, 0x7E, 0x40, 0x00, 0x00, 0x00, 0x00, 0x00, 0x00, 0x00, 0x3E, 0x40, 0x40, 0x40, 0x40, 0x3E,
    0x04, 0x7E, 0x10, 0x00, 0x00, 0x00, 0x00, 0x00, 0x00, 0x00, 0x7C, 0x02, 0x02, 0x02, 0x02, 0x7C,
    0x08, 0x7E, 0x20, 0x00, 0x00, 0x00, 0x00, 0x00, 0x42, 0x42, 0x42, 0x4A, 0x52, 0x7E, 0x52, 0x4A,
    0x42, 0x3C, 0x00, 0x00, 0x00, 0x00, 0x00, 0x00, 0x42, 0x42, 0x42, 0x42, 0x42, 0x5A, 0x5A, 0x42,
    0x42, 0x3C, 0x00, 0x00, 0x00, 0x00, 0x00, 0x00, 0x42, 0x42, 0x42, 0x52, 0x52, 0x7A, 0x52, 0x52,
    0x42, 0x3C, 0x00, 0x00, 0x00, 0x00, 0x00, 0x00, 0x00, 0x00, 0x7E, 0x40, 0x40, 0x40, 0x40, 0x7E,
    0x00, 0x00, 0x00, 0x00, 0x00, 0x00, 0x00, 0x00, 0x00, 0x00, 0x7E, 0x02, 0x02, 0x02, 0x02, 0x7E,
    0x00, 0x00, 0x00, 0x00, 0x00, 0x00, 0x00, 0x00, 0x00, 0x00, 0x7E, 0x40, 0x40, 0x40, 0x40, 0x7E,
    0x00, 0x7E, 0x00, 0x00, 0x00, 0x00, 0x00, 0x00, 0x00, 0x00, 0x7E, 0x02, 0x02, 0x02, 0x02, 0x7E,
    0x00, 0x7E, 0x00, 0x00, 0x00, 0x00, 0x00, 0x00, 0x00, 0x00, 0x7E, 0x42, 0x42, 0x42, 0x42, 0x42,
    0x00, 0x00, 0x00, 0x00, 0x00, 0x00, 0x00, 0x00, 0x00, 0x00, 0x42, 0x42, 0x42, 0x42, 0x42, 0x7E,
    0x00, 0x00, 0x00, 0x00, 0x00, 0x00, 0x00, 0x00, 0x00, 0x00, 0x1C, 0x2A, 0x49, 0x7F, 0x49, 0x2A,
    0x1C, 0x00, 0x00, 0x00, 0x00, 0x00, 0x00, 0x00, 0x00, 0x00, 0x1C, 0x22, 0x41, 0x7F, 0x41, 0x22,
    0x1C, 0x00, 0x00, 0x00, 0x00, 0x00, 0x00, 0x00, 0x00, 0x00, 0x1C, 0x22, 0x55, 0x49, 0x55, 0x22,
    0x1C, 0x00, 0x00, 0x00, 0x00, 0x00, 0x00, 0x00, 0x00, 0x00, 0x1C, 0x22, 0x45, 0x49, 0x51, 0x22,
    0x1C, 0x00, 0x00, 0x00, 0x00, 0x00, 0x00, 0x00, 0x00, 0x00, 0x1C, 0x22, 0x41, 0x49, 0x41, 0x22,
    0x1C, 0x00, 0x00, 0x00, 0x00, 0x00, 0x00, 0x00, 0x00, 0x00, 0x1C, 0x22, 0x49, 0x55, 0x49, 0x22,
    0x1C, 0x00, 0x00, 0x00, 0x00, 0x00, 0x00, 0x00, 0x00, 0x00, 0x1C, 0x22, 0x49, 0x5D, 0x49, 0x22,
    0x1C, 0x00, 0x00, 0x00, 0x00, 0x00, 0x00, 0x00, 0x00, 0x00, 0x1C, 0x22, 0x5D, 0x41, 0x5D, 0x22,
    0x1C, 0x00, 0x00, 0x00, 0x00, 0x00, 0x00, 0x00, 0x00, 0x00, 0x1C, 0x22, 0x41, 0x5D, 0x41, 0x22,
    0x1C, 0x00, 0x00, 0x00, 0x00, 0x00, 0x00, 0x00, 0x00, 0x00, 0x7F, 0x49, 0x49, 0x7F, 0x49, 0x49,
    0x7F, 0x00, 0x00, 0x00, 0x00, 0x00, 0x00, 0x00, 0x00, 0x00, 0x7F, 0x41, 0x41, 0x7F, 0x41, 0x41,
    0x7F, 0x00, 0x00, 0x00, 0x00, 0x00, 0x00, 0x00, 0x00, 0x00, 0x7F, 0x63, 0x55, 0x49, 0x55, 0x63,
    0x7F, 0x00, 0x00, 0x00, 0x00, 0x00, 0x00, 0x00, 0x00, 0x00, 0x7F, 0x41, 0x41, 0x49, 0x41, 0x41,
    0x7F, 0x00, 0x00, 0x00, 0x00, 0x00, 0x00, 0x00, 0x00, 0x00, 0x40, 0x40, 0x40, 0x7E, 0x40, 0x40,
    0x40, 0x00, 0x00, 0x00, 0x00, 0x00, 0x00, 0x00, 0x00, 0x00, 0x02, 0x02, 0x02, 0x7E, 0x02, 0x02,
    0x02, 0x00, 0x00, 0x00, 0x00, 0x00, 0x00, 0x00, 0x00, 0x00, 0x7F, 0x08, 0x08, 0x08, 0x08, 0x08,
    0x08, 0x00, 0x00, 0x00, 0x00, 0x00, 0x00, 0x00, 0x00, 0x00, 0x08, 0x08, 0x08, 0x08, 0x08, 0x08,
    0x7F, 0x00, 0x00, 0x00, 0x00, 0x00, 0x00, 0x00, 0x00, 0x20, 0x20, 0x20, 0x20, 0x3C, 0x20, 0x20,
    0x20, 0x20, 0x00, 0x00, 0x00, 0x00, 0x00, 0x00, 0x00, 0x20, 0x20, 0x20, 0x3C, 0x20, 0x3C, 0x20,
    0x20, 0x20, 0x00, 0x00, 0x00, 0x00, 0x00, 0x00, 0x00, 0x40, 0x40, 0x40, 0x7E, 0x40, 0x7E, 0x40,
    0x40, 0x40, 0x00, 0x00, 0x00, 0x00, 0x00, 0x00, 0x00, 0x50, 0x50, 0x50, 0x50, 0x5E, 0x50, 0x50,
    0x50, 0x50, 0x00, 0x00, 0x00, 0x00, 0x00, 0x00, 0x00, 0x54, 0x54, 0x54, 0x54, 0x57, 0x54, 0x54,
    0x54, 0x54, 0x00, 0x00, 0x00, 0x00, 0x00, 0x00, 0x00, 0x50, 0x50, 0x50, 0x5E, 0x50, 0x5E, 0x50,
    0x50, 0x50, 0x00, 0x00, 0x00, 0x00, 0x00, 0x00, 0x00, 0x40, 0x40, 0x48, 0x48, 0x7E, 0x48, 0x48,
    0x40, 0x40, 0x00, 0x00, 0x00, 0x00, 0x00, 0x00, 0x00, 0x40, 0x48, 0x48, 0x7E, 0x48, 0x7E, 0x48,
    0x48, 0x40, 0x00, 0x00, 0x00, 0x00, 0x00, 0x00, 0x00, 0x50, 0x50, 0x54, 0x54, 0x5E, 0x54, 0x54,
    0x50, 0x50, 0x00, 0x00, 0x00, 0x00, 0x00, 0x00, 0x00, 0x50, 0x54, 0x54, 0x5E, 0x54, 0x5E, 0x54,
    0x54, 0x50, 0x00, 0x00, 0x00, 0x00, 0x00, 0x00, 0x00, 0x0C, 0x02, 0x04, 0x18, 0x60, 0x18, 0x04,
    0x02, 0x0C, 0x00, 0x00, 0x00, 0x00, 0x00, 0x00, 0x00, 0x30, 0x40, 0x20, 0x18, 0x06, 0x18, 0x20,
    0x40, 0x30, 0x00, 0x00, 0x00, 0x00, 0x00, 0x00, 0x00, 0x00, 0x00, 0x06, 0x1A, 0x62, 0x1A, 0x06,
    0x00, 0x00, 0x00, 0x00, 0x00, 0x00, 0x00, 0x00, 0x00, 0x00, 0x00, 0x60, 0x58, 0x46, 0x58, 0x60,
    0x00, 0x00, 0x00, 0x00, 0x00, 0x00, 0x00, 0x00, 0x00, 0x00, 0x00, 0x06, 0x1A, 0x62, 0x1A, 0x06,
    0x00, 0x7E, 0x00, 0x00, 0x00, 0x00, 0x00, 0x00, 0x00, 0x00, 0x00, 0x60, 0x58, 0x46, 0x58, 0x60,
    0x00, 0x7E, 0x00, 0x00, 0x00, 0x00, 0x00, 0x00, 0x00, 0x00, 0x00, 0x00, 0x00, 0x00, 0x00, 0x00,
    0x00, 0x00, 0x30, 0x0C, 0x48, 0x1E, 0x4F, 0xFE, 0x48, 0x1E, 0x30, 0x0C, 0x00, 0x00, 0x00, 0x00,
    0x00, 0x00, 0x00, 0x00, 0x00, 0x00, 0x00, 0x00, 0x00, 0x00, 0x00, 0x00, 0x00, 0x00, 0x00, 0x00,
    0x00, 0x00, 0x30, 0x0C, 0x78, 0x12, 0x7F, 0xF2, 0x78, 0x12, 0x30, 0x0C, 0x00, 0x00, 0x00, 0x00,
    0x00, 0x00, 0x00, 0x00, 0x00, 0x00, 0x00, 0x00, 0x00, 0x00, 0x00, 0x00, 0x00, 0x00, 0x00, 0x00,
    0x00, 0x00, 0x00, 0x38, 0x00, 0x44, 0x3F, 0xC4, 0x00, 0x44, 0x00, 0x38, 0x00, 0x00, 0x00, 0x00,
    0x00, 0x00, 0x00, 0x00, 0x00, 0x00, 0x00, 0x00, 0x00, 0x00, 0x08, 0x08, 0x00, 0x63, 0x00, 0x08,
    0x08, 0x00, 0x00, 0x00, 0x00, 0x00, 0x00, 0x00, 0x3E, 0x08, 0x08, 0x08, 0x08, 0x08, 0x08, 0x08,
    0x08, 0x08, 0x00, 0x00, 0x00, 0x00, 0x00, 0x00, 0x00, 0x00, 0x00, 0x22, 0x22, 0x14, 0x14, 0x08,
    0x00, 0x3E, 0x00, 0x00, 0x00, 0x00, 0x00, 0x00, 0x00, 0x00, 0x3E, 0x00, 0x08, 0x14, 0x14, 0x22,
    0x22, 0x00, 0x00, 0x00, 0x00, 0x00, 0x00, 0x00, 0x00, 0x00, 0x3E, 0x00, 0x22, 0x22, 0x14, 0x14,
    0x08, 0x00, 0x00, 0x00, 0x00, 0x00, 0x00, 0x00, 0x00, 0x00, 0x00, 0x40, 0x40, 0x40, 0x78, 0x48,
    0x48, 0x7E, 0x00, 0x00, 0x00, 0x00, 0x00, 0x00, 0x00, 0x00, 0x00, 0x00, 0x02, 0x06, 0x0A, 0x12,
    0x22, 0x7E, 0x00, 0x00, 0x00, 0x00, 0x00, 0x00, 0x08, 0x14, 0x14, 0x14, 0x22, 0x22, 0x22, 0x41,
    0x41, 0x41, 0x00, 0x00, 0x00, 0x00, 0x00, 0x00, 0x41, 0x41, 0x41, 0x22, 0x22, 0x22, 0x14, 0x14,
    0x14, 0x08, 0x00, 0x00, 0x00, 0x00, 0x00, 0x00, 0x3C, 0x42, 0x42, 0x42, 0x42, 0x42, 0x42, 0x42,
    0x42, 0x42, 0x00, 0x00, 0x00, 0x00, 0x00, 0x00, 0x42, 0x42, 0x42, 0x42, 0x42, 0x42, 0x42, 0x42,
    0x42, 0x3C, 0x00, 0x00, 0x00, 0x00, 0x00, 0x00, 0x00, 0x00, 0x00, 0x08, 0x14, 0x22, 0x14, 0x08,
    0x00, 0x00, 0x00, 0x00, 0x00, 0x00, 0x00, 0x00, 0x00, 0x00, 0x00, 0x00, 0x18, 0x18, 0x00, 0x00,
    0x00, 0x00, 0x00, 0x00, 0x00, 0x00, 0x00, 0x00, 0x00, 0x00, 0x00, 0x08, 0x3E, 0x1C, 0x14, 0x00,
    0x00, 0x00, 0x00, 0x00, 0x00, 0x00, 0x00, 0x00, 0x00, 0x00, 0x18, 0x42, 0x24, 0x7E, 0x24, 0x42,
    0x18, 0x00, 0x00, 0x00, 0x00, 0x00, 0x00, 0x00, 0x00, 0x00, 0x41, 0x63, 0x55, 0x49, 0x55, 0x63,
    0x41, 0x00, 0x00, 0x00, 0x00, 0x00, 0x00, 0x00, 0x00, 0x00, 0x41, 0x62, 0x54, 0x48, 0x54, 0x62,
    0x41, 0x00, 0x00, 0x00, 0x00, 0x00, 0x00, 0x00, 0x00, 0x00, 0x41, 0x23, 0x15, 0x09, 0x15, 0x23,
    0x41, 0x00, 0x00, 0x00, 0x00, 0x00, 0x00, 0x00, 0x00, 0x00, 0x00, 0x20, 0x10, 0x08, 0x14, 0x22,
    0x00, 0x00, 0x00, 0x00, 0x00, 0x00, 0x00, 0x00, 0x00, 0x00, 0x00, 0x02, 0x04, 0x08, 0x14, 0x22,
    0x00, 0x00, 0x00, 0x00, 0x00, 0x00, 0x00, 0x00, 0x00, 0x00, 0x00, 0x00, 0x4C, 0x32, 0x00, 0x00,
    0x7E, 0x00, 0x00, 0x00, 0x00, 0x00, 0x00, 0x00, 0x00, 0x00, 0x41, 0x22, 0x22, 0x14, 0x14, 0x14,
    0x08, 0x00, 0x00, 0x00, 0x00, 0x00, 0x00, 0x00, 0x00, 0x00, 0x08, 0x14, 0x14, 0x14, 0x22, 0x22,
    0x41, 0x00, 0x00, 0x00, 0x00, 0x00, 0x00, 0x00, 0x00, 0x00, 0x3E, 0x40, 0x4E, 0x50, 0x50, 0x4E,
    0x40, 0x3E, 0x00, 0x00, 0x00, 0x00, 0x00, 0x00, 0x00, 0x00, 0x7C, 0x02, 0x72, 0x0A, 0x0A, 0x72,
    0x02, 0x7C, 0x00, 0x00, 0x00, 0x00, 0x00, 0x00, 0x00, 0x00, 0x3E, 0x41, 0x49, 0x55, 0x55, 0x55,
    0x55, 0x55, 0x00, 0x00, 0x00, 0x00, 0x00, 0x00, 0x00, 0x00, 0x55, 0x55, 0x55, 0x55, 0x55, 0x49,
    0x41, 0x3E, 0x00, 0x00, 0x00, 0x00, 0x00, 0x00, 0x08, 0x08, 0x08, 0x1C, 0x2A, 0x2A, 0x2A, 0x2A,
    0x2A, 0x2A, 0x00, 0x00, 0x00, 0x00, 0x00, 0x00, 0x24, 0x24, 0x24, 0x24, 0x7E, 0x24, 0x24, 0x7E,
    0x24, 0x24, 0x00, 0x00, 0x00, 0x00, 0x00, 0x00, 0x00, 0x02, 0x04, 0x08, 0x10, 0x22, 0x10, 0x08,
    0x04, 0x02, 0x00, 0x00, 0x00, 0x00, 0x00, 0x00, 0x00, 0x40, 0x20, 0x10, 0x08, 0x44, 0x08, 0x10,
    0x20, 0x40, 0x00, 0x00, 0x00, 0x00, 0x00, 0x00, 0x00, 0x00, 0x00, 0x00, 0x00, 0x00, 0x02, 0x22,
    0x04, 0x44, 0x08, 0x88, 0x11, 0x10, 0x22, 0x20, 0x11, 0x10, 0x08, 0x88, 0x04, 0x44, 0x02, 0x22,
    0x00, 0x00, 0x00, 0x00, 0x00, 0x00, 0x00, 0x00, 0x00, 0x00, 0x00, 0x00, 0x00, 0x00, 0x44, 0x40,
    0x22, 0x20, 0x11, 0x10, 0x08, 0x88, 0x04, 0x44, 0x08, 0x88, 0x11, 0x10, 0x22, 0x20, 0x44, 0x40,
    0x00, 0x00, 0x00, 0x00, 0x00, 0x00, 0x06, 0x18, 0x60, 0x18, 0x06, 0x00, 0x7E, 0x00, 0x60, 0x18,
    0x06, 0x18, 0x60, 0x00, 0x00, 0x00, 0x60, 0x18, 0x06, 0x18, 0x60, 0x00, 0x7E, 0x00, 0x06, 0x18,
    0x60, 0x18, 0x06, 0x00, 0x00, 0x00, 0x00, 0x00, 0x00, 0x00, 0x7E, 0x00, 0x06, 0x18, 0x60, 0x18,
    0x06, 0x00, 0x00, 0x00, 0x00, 0x00, 0x00, 0x00, 0x00, 0x00, 0x7E, 0x00, 0x60, 0x18, 0x06, 0x18,
    0x60, 0x00, 0x00, 0x00, 0x00, 0x00, 0x00, 0x00, 0x02, 0x04, 0x1A, 0x64, 0x18, 0x60, 0x18, 0x04,
    0x02, 0x02, 0x00, 0x00, 0x00, 0x00, 0x00, 0x00, 0x40, 0x20, 0x58, 0x26, 0x18, 0x06, 0x18, 0x20,
    0x40, 0x40, 0x00, 0x00, 0x00, 0x00, 0x00, 0x04, 0x14, 0x16, 0x2A, 0xCC, 0x18, 0x68, 0x18, 0x14,
    0x12, 0x22, 0x20, 0x20, 0x00, 0x00, 0x00, 0x02, 0x0A, 0x4A, 0x44, 0x2B, 0x18, 0x16, 0x18, 0x30,
    0x60, 0x60, 0x20, 0x20, 0x00, 0x00, 0x00, 0x02, 0x02, 0x04, 0x7E, 0x48, 0x48, 0x50, 0x50, 0x7E,
    0x20, 0x7E, 0x40, 0x00, 0x00, 0x00, 0x00, 0x02, 0x02, 0x04, 0x7E, 0x0A, 0x0A, 0x12, 0x12, 0x7E,
    0x20, 0x7E, 0x40, 0x00, 0x00, 0x00, 0x00, 0x00, 0x00, 0x00, 0x7E, 0x40, 0x40, 0x40, 0x40, 0x7E,
    0x08, 0x7E, 0x20, 0x00, 0x00, 0x00, 0x00, 0x00, 0x00, 0x00, 0x7E, 0x02, 0x02, 0x02, 0x02, 0x7E,
    0x08, 0x7E, 0x20, 0x00, 0x00, 0x00, 0x00, 0x00, 0x00, 0x06, 0x18, 0x60, 0x18, 0x06, 0x04, 0x3A,
    0x5C, 0x20, 0x40, 0x00, 0x00, 0x00, 0x00, 0x00, 0x00, 0x60, 0x18, 0x06, 0x18, 0x62, 0x04, 0x3A,
    0x5C, 0x20, 0x40, 0x00, 0x00, 0x00, 0x00, 0x02, 0x02, 0x04, 0x18, 0x60, 0x18, 0x04, 0x06, 0x3A,
    0x5C, 0x20, 0x40, 0x00, 0x00, 0x00, 0x40, 0x40, 0x20, 0x18, 0x06, 0x18, 0x20, 0x42, 0x44, 0x3A,
    0x5C, 0x20, 0x40, 0x00, 0x00, 0x00, 0x00, 0x00, 0x00, 0x02, 0x02, 0x0E, 0x16, 0x6A, 0x1A, 0x1E,
    0x10, 0x20, 0x20, 0x00, 0x00, 0x00, 0x00, 0x00, 0x00, 0x04, 0x04, 0x68, 0x5C, 0x56, 0x68, 0x70,
    0x20, 0x40, 0x40, 0x00, 0x00, 0x00, 0x00, 0x00, 0x00, 0x02, 0x02, 0x0E, 0x16, 0x6A, 0x1A, 0x1E,
    0x10, 0x7E, 0x20, 0x00, 0x00, 0x00, 0x00, 0x00, 0x00, 0x04, 0x04, 0x68, 0x5C, 0x56, 0x68, 0x70,
    0x20, 0x7E, 0x40, 0x00, 0x00, 0x00, 0x00, 0x00, 0x18, 0x18, 0x00, 0x00, 0x18, 0x18, 0x00, 0x00,
    0x18, 0x18, 0x00, 0x00, 0x00, 0x00, 0x00, 0x00, 0x00, 0x00, 0x00, 0x00, 0xDB, 0xDB, 0x00, 0x00,
    0x00, 0x00, 0x00, 0x00, 0x00, 0x00, 0x00, 0x00, 0x03, 0x03, 0x00, 0x00, 0x18, 0x18, 0x00, 0x00,
    0xC0, 0xC0, 0x00, 0x00, 0x00, 0x00, 0x00, 0x00, 0xC0, 0xC0, 0x00, 0x00, 0x18, 0x18, 0x00, 0x00,
    0x03, 0x03, 0x00, 0x00, 0x00, 0x00, 0x00, 0x00, 0x00, 0x00, 0x00, 0x00, 0x00, 0x00, 0x07, 0xF0,
    0x08, 0x00, 0x10, 0x00, 0x10, 0x00, 0x7F, 0xF0, 0x10, 0x00, 0x10, 0x00, 0x08, 0x00, 0x07, 0xF0,
    0x00, 0x00, 0x00, 0x00, 0x00, 0x00, 0x00, 0x00, 0x00, 0x00, 0x00, 0x00, 0x00, 0x00, 0x07, 0xF0,
    0x08, 0x00, 0x10, 0x00, 0x10, 0x10, 0x1F, 0xF0, 0x10, 0x10, 0x10, 0x00, 0x08, 0x00, 0x07, 0xF0,
    0x00, 0x00, 0x00, 0x00, 0x00, 0x00, 0x00, 0x00, 0x00, 0x00, 0x3E, 0x40, 0x42, 0x7E, 0x42, 0x40,
    0x3E, 0x00, 0x00, 0x00, 0x00, 0x00, 0x00, 0x00, 0x01, 0x80, 0x01, 0x80, 0x00, 0x00, 0x07, 0xF0,
    0x08, 0x00, 0x10, 0x00, 0x10, 0x00, 0x1F, 0xF0, 0x10, 0x00, 0x10, 0x00, 0x08, 0x00, 0x07, 0xF0,
    0x00, 0x00, 0x00, 0x00, 0x00, 0x00, 0x00, 0x00, 0x00, 0x00, 0x1F, 0xF0, 0x00, 0x00, 0x07, 0xF0,
    0x08, 0x00, 0x10, 0x00, 0x10, 0x00, 0x1F, 0xF0, 0x10, 0x00, 0x10, 0x00, 0x08, 0x00, 0x07, 0xF0,
    0x00, 0x00, 0x00, 0x00, 0x00, 0x00, 0x00, 0x00, 0x7E, 0x00, 0x3E, 0x40, 0x40, 0x7E, 0x40, 0x40,
    0x3E, 0x00, 0x00, 0x00, 0x00, 0x00, 0x00, 0x00, 0x00, 0x00, 0x3E, 0x40, 0x40, 0x7E, 0x40, 0x40,
    0x3E, 0x00, 0x7E, 0x00, 0x00, 0x00, 0x00, 0x00, 0x00, 0x00, 0x00, 0x00, 0x00, 0x00, 0x1F, 0xC0,
    0x20, 0x00, 0x40, 0x00, 0x7F, 0xC0, 0x40, 0x00, 0x7F, 0xC0, 0x40, 0x00, 0x20, 0x00, 0x1F, 0xC0,
    0x00, 0x00, 0x00, 0x00, 0x00, 0x00, 0x00, 0x00, 0x00, 0x00, 0x00, 0x00, 0x00, 0x00, 0x3F, 0x80,
    0x00, 0x40, 0x00, 0x20, 0x00, 0x20, 0x3F, 0xF8, 0x00, 0x20, 0x00, 0x20, 0x00, 0x40, 0x3F, 0x80,
    0x00, 0x00, 0x00, 0x00, 0x00, 0x00, 0x00, 0x00, 0x00, 0x00, 0x00, 0x00, 0x00, 0x00, 0x3F, 0x80,
    0x00, 0x40, 0x00, 0x20, 0x20, 0x20, 0x3F, 0xE0, 0x20, 0x20, 0x00, 0x20, 0x00, 0x40, 0x3F, 0x80,
    0x00, 0x00, 0x00, 0x00, 0x00, 0x00, 0x00, 0x00, 0x00, 0x00, 0x7C, 0x02, 0x42, 0x7E, 0x42, 0x02,
    0x7C, 0x00, 0x00, 0x00, 0x00, 0x00, 0x00, 0x00, 0x00, 0x00, 0x3F, 0xE0, 0x00, 0x00, 0x3F, 0x80,
    0x00, 0x40, 0x00, 0x20, 0x00, 0x20, 0x3F, 0xE0, 0x00, 0x20, 0x00, 0x20, 0x00, 0x40, 0x3F, 0x80,
    0x00, 0x00, 0x00, 0x00, 0x00, 0x00, 0x00, 0x00, 0x7E, 0x00, 0x7C, 0x02, 0x02, 0x7E, 0x02, 0x02,
    0x7C, 0x00, 0x00, 0x00, 0x00, 0x00, 0x00, 0x00, 0x00, 0x00, 0x00, 0x00, 0x00, 0x00, 0x1F, 0xF8,
    0x10, 0x00, 0x10, 0x00, 0x10, 0x00, 0x1F, 0xF8, 0x10, 0x00, 0x10, 0x00, 0x10, 0x00, 0x1F, 0xF8,
    0x00, 0x00, 0x00, 0x00, 0x00, 0x00, 0x00, 0x1B, 0x24, 0x24, 0x24, 0x7E, 0x24, 0x24, 0x24, 0x24,
    0x24, 0x24, 0x00, 0x00, 0x1D, 0x9E, 0xCC, 0x06, 0x0F, 0xD9, 0x8C, 0xC6, 0x63, 0x31, 0x98, 0xCC,
    0x66, 0x33, 0x19, 0x8C, 0x1D, 0x9E, 0xCC, 0x66, 0x3F, 0xD9, 0x8C, 0xC6, 0x63, 0x31, 0x98, 0xCC,
    0x66, 0x33, 0x19, 0x8C, 0x00, 0x00, 0x00, 0x16, 0x2A, 0x28, 0x28, 0x7E, 0x2A, 0x2A, 0x2A, 0x2A,
    0x2A, 0x2A, 0x00, 0x00, 0x00, 0x00, 0x00, 0x1E, 0x2A, 0x2A, 0x2A, 0x7E, 0x2A, 0x2A, 0x2A, 0x2A,
    0x2A, 0x2A, 0x00, 0x00, 0x00, 0x00, 0x00, 0x38, 0x48, 0x48, 0x48, 0x5E, 0x48, 0x48, 0x48, 0x48,
    0x48, 0x46, 0x00, 0x00, 0x00, 0x00, 0x00, 0x1C, 0x24, 0x24, 0x24, 0x36, 0x44, 0x44, 0x24, 0x14,
    0x14, 0x62, 0x00, 0x00, 0x00, 0x00, 0x00, 0x00, 0x00, 0x00, 0x00, 0x04, 0x22, 0x42, 0x3C, 0x00,
    0x14, 0x00, 0x08, 0x00, 0x00, 0x00, 0x00, 0x00, 0x00, 0x00, 0x00, 0x04, 0x22, 0x42, 0x3F, 0x00,
    0x14, 0x00, 0x08, 0x00, 0x00, 0x00, 0x00, 0x00, 0x00, 0x00, 0x00, 0x08, 0x04, 0x04, 0xF8, 0x00,
    0x14, 0x00, 0x08, 0x00, 0x00, 0x00, 0x00, 0x00, 0x00, 0x00, 0x00, 0x08, 0x04, 0x04, 0xFF, 0x00,
    0x14, 0x00, 0x08, 0x00, 0x00, 0x00, 0x20, 0x20, 0x38, 0x38, 0x00, 0x04, 0x22, 0x42, 0x3C, 0x00,
    0x00, 0x00, 0x00, 0x00, 0x00, 0x00, 0x20, 0x20, 0x38, 0x38, 0x00, 0x04, 0x22, 0x42, 0x3F, 0x00,
    0x00, 0x00, 0x00, 0x00, 0x00, 0x00, 0x10, 0x10, 0x1C, 0x1C, 0x00, 0x08, 0x04, 0x04, 0xF8, 0x00,
    0x00, 0x00, 0x00, 0x00, 0x00, 0x00, 0x10, 0x10, 0x1C, 0x1C, 0x00, 0x08, 0x04, 0x04, 0xFF, 0x00,
    0x00, 0x00, 0x00, 0x00, 0x00, 0x00, 0x00, 0x00, 0x00, 0x00, 0x00, 0x00, 0x7E, 0x20, 0x40, 0x54,
    0x40, 0x48, 0x22, 0x1C, 0x00, 0x00, 0x00, 0x00, 0x00, 0x00, 0x00, 0x00, 0x7E, 0x22, 0x41, 0x54,
    0x40, 0x48, 0x21, 0x1E, 0x00, 0x00, 0x00, 0x00, 0x00, 0x00, 0x00, 0x00, 0x70, 0x0C, 0xFC, 0x00,
    0x28, 0x00, 0x10, 0x00, 0x00, 0x00, 0x00, 0x00, 0x00, 0x00, 0x00, 0x00, 0x70, 0x0C, 0xFF, 0x00,
    0x28, 0x00, 0x10, 0x00, 0x00, 0x20, 0x20, 0x38, 0x38, 0x00, 0x08, 0x04, 0x02, 0x42, 0x7C, 0x00,
    0x00, 0x00, 0x00, 0x00, 0x00, 0x20, 0x20, 0x38, 0x38, 0x00, 0x08, 0x04, 0x02, 0x42, 0x7F, 0x00,
    0x00, 0x00, 0x00, 0x00, 0x00, 0x00, 0x00, 0x08, 0x00, 0x14, 0x00, 0x00, 0x04, 0x02, 0x02, 0x02,
    0x04, 0x48, 0x30, 0x00, 0x00, 0x00, 0x00, 0x08, 0x00, 0x14, 0x00, 0x00, 0x04, 0x02, 0x03, 0x02,
    0x04, 0x48, 0x30, 0x00, 0x00, 0x00, 0x00, 0x08, 0x08, 0x0E, 0x0E, 0x00, 0x04, 0x02, 0x02, 0x02,
    0x04, 0x48, 0x30, 0x00, 0x00, 0x00, 0x00, 0x08, 0x08, 0x0E, 0x0E, 0x00, 0x04, 0x02, 0x03, 0x02,
    0x04, 0x48, 0x30, 0x00, 0x00, 0x00, 0x00, 0x04, 0x08, 0x10, 0x20, 0x40, 0x3C, 0x82, 0x7E, 0x00,
    0x00, 0x00, 0x00, 0x00, 0x00, 0x00, 0x00, 0x04, 0x08, 0x10, 0x20, 0x40, 0x3C, 0x82, 0x7F, 0x00,
    0x00, 0x00, 0x00, 0x00, 0x00, 0x00, 0x00, 0x04, 0x08, 0x10, 0x20, 0x40, 0x3C, 0x02, 0xFE, 0x00,
    0x00, 0x00, 0x00, 0x00, 0x00, 0x00, 0x00, 0x04, 0x08, 0x10, 0x20, 0x40, 0x3C, 0x02, 0xFF, 0x00,
    0x00, 0x00, 0x00, 0x00, 0x00, 0x08, 0x10, 0x24, 0x48, 0x10, 0x20, 0x40, 0x3C, 0x82, 0x7E, 0x00,
    0x00, 0x00, 0x00, 0x00, 0x00, 0x08, 0x10, 0x24, 0x48, 0x10, 0x20, 0x40, 0x3C, 0x82, 0x7F, 0x00,
    0x00, 0x00, 0x00, 0x00, 0x00, 0x08, 0x10, 0x24, 0x48, 0x10, 0x20, 0x40, 0x3C, 0x02, 0xFE, 0x00,
    0x00, 0x00, 0x00, 0x00, 0x00, 0x08, 0x10, 0x24, 0x48, 0x10, 0x20, 0x40, 0x3C, 0x02, 0xFF, 0x00,
    0x00, 0x00, 0x00, 0x00, 0x00, 0x00, 0x00, 0x00, 0x00, 0x00, 0x00, 0x00, 0x04, 0x22, 0x42, 0x42,
    0x44, 0x38, 0x00, 0x00, 0x00, 0x00, 0x00, 0x00, 0x00, 0x00, 0x00, 0x00, 0x04, 0x22, 0x43, 0x42,
    0x44, 0x38, 0x00, 0x00, 0x00, 0x00, 0x00, 0x00, 0x00, 0x00, 0x10, 0x18, 0x24, 0x24, 0x3C, 0x00,
    0x00, 0x00, 0x00, 0x00, 0x00, 0x00, 0x00, 0x00, 0x00, 0x00, 0x00, 0x00, 0x00, 0x10, 0x2F, 0x40,
    0x00, 0x00, 0x00, 0x00, 0x00, 0x00, 0x00, 0x00, 0x00, 0x00, 0x00, 0x00, 0x00, 0x10, 0xF0, 0x10,
    0x10, 0x14, 0x08, 0x00, 0x00, 0x00, 0x00, 0x00, 0x00, 0x00, 0x00, 0x00, 0x00, 0x10, 0xF3, 0x14,
    0x14, 0x14, 0x08, 0x08, 0x00, 0x00, 0x00, 0x00, 0x00, 0x00, 0x10, 0x2C, 0x2A, 0x1A, 0x24, 0x40,
    0x00, 0x00, 0x00, 0x00, 0x00, 0x00, 0x00, 0x00, 0x00, 0x00, 0x10, 0x2C, 0x2A, 0x1A, 0x27, 0x40,
    0x00, 0x00, 0x00, 0x00, 0x00, 0x00, 0x00, 0x00, 0x00, 0x00, 0x10, 0x2C, 0x2A, 0x1A, 0xE4, 0x00,
    0x00, 0x00, 0x00, 0x00, 0x00, 0x00, 0x00, 0x00, 0x00, 0x00, 0x10, 0x2C, 0x2A, 0x1A, 0xE7, 0x00,
    0x00, 0x00, 0x00, 0x00, 0x00, 0x00, 0x00, 0x00, 0x00, 0x00, 0x00, 0x00, 0x00, 0x08, 0x14, 0x10,
    0x20, 0x40, 0x7F, 0x00, 0x00, 0x00, 0x00, 0x00, 0x00, 0x00, 0x00, 0x00, 0x00, 0x00, 0x0F, 0x10,
    0x20, 0x40, 0x7F, 0x00, 0x00, 0x00, 0x00, 0x00, 0x00, 0x30, 0x40, 0x30, 0x40, 0x08, 0x14, 0x10,
    0x20, 0x40, 0x7F, 0x00, 0x00, 0x00, 0x00, 0x00, 0x00, 0x30, 0x40, 0x30, 0x40, 0x00, 0x0F, 0x10,
    0x20, 0x40, 0x7F, 0x00, 0x00, 0x00, 0x00, 0x00, 0x00, 0x00, 0x00, 0x00, 0x04, 0x4A, 0x48, 0x44,
    0x42, 0x42, 0x3C, 0x00, 0x00, 0x00, 0x00, 0x00, 0x00, 0x00, 0x00, 0x00, 0x00, 0x00, 0x43, 0x44,
    0x42, 0x42, 0x3C, 0x00, 0x00, 0x00, 0x00, 0x00, 0x00, 0x00, 0x00, 0x08, 0x08, 0x04, 0xF8, 0x00,
    0x28, 0x00, 0x00, 0x00, 0x00, 0x00, 0x00, 0x00, 0x00, 0x00, 0x00, 0x08, 0x08, 0x04, 0xFB, 0x00,
    0x28, 0x00, 0x00, 0x00, 0x00, 0x00, 0x00, 0x00, 0x00, 0x00, 0x00, 0x1C, 0x20, 0x3C, 0x10, 0x20,
    0x00, 0x00, 0x00, 0x00, 0x00, 0x01, 0x3E, 0x40, 0x08, 0x08, 0x08, 0x08, 0x08, 0x08, 0x08, 0x00,
    0x00, 0x00, 0x00, 0x00, 0x00, 0x08, 0x70, 0x80, 0x20, 0x20, 0x20, 0x20, 0x20, 0x20, 0x1F, 0x00,
    0x00, 0x00, 0x00, 0x00, 0x18, 0x20, 0x18, 0x20, 0x08, 0x08, 0x08, 0x08, 0x08, 0x08, 0x08, 0x00,
    0x00, 0x00, 0x00, 0x00, 0x30, 0x40, 0x30, 0x40, 0x20, 0x20, 0x20, 0x20, 0x20, 0x20, 0x1F, 0x00,
    0x00, 0x00, 0x00, 0x00, 0x00, 0x00, 0x0C, 0x10, 0x0C, 0x10, 0x00, 0x0C, 0x12, 0x12, 0x1E, 0x02,
    0x04, 0x48, 0x30, 0x00, 0x00, 0x00, 0x0C, 0x10, 0x0C, 0x10, 0x00, 0x0C, 0x12, 0x12, 0x1F, 0x02,
    0x04, 0x48, 0x30, 0x00, 0x00, 0x00, 0x00, 0x08, 0x08, 0x08, 0x08, 0x08, 0x08, 0x08, 0x08, 0x00,
    0x0C, 0x10, 0x0C, 0x10, 0x00, 0x00, 0x00, 0x20, 0x20, 0x20, 0x20, 0x20, 0x20, 0x20, 0x1F, 0x00,
    0x30, 0x40, 0x30, 0x40, 0x00, 0x00, 0x00, 0x00, 0x30, 0x40, 0x30, 0x40, 0x04, 0x4A, 0x48, 0x44,
    0x42, 0x42, 0x3C, 0x00, 0x00, 0x00, 0x00, 0x00, 0x00, 0x30, 0x40, 0x30, 0x40, 0x00, 0x43, 0x44,
    0x42, 0x42, 0x3C, 0x00, 0x00, 0x00, 0x00, 0x18, 0x20, 0x18, 0x20, 0x08, 0x08, 0x04, 0xF8, 0x00,
    0x00, 0x00, 0x00, 0x00, 0x00, 0x00, 0x00, 0x18, 0x20, 0x18, 0x20, 0x08, 0x08, 0x04, 0xFB, 0x00,
    0x00, 0x00, 0x00, 0x00, 0x00, 0x00, 0x00, 0x08, 0x08, 0x08, 0x08, 0x08, 0x08, 0x08, 0x08, 0x00,
    0x00, 0x00, 0x00, 0x00, 0x00, 0x00, 0x00, 0x20, 0x20, 0x20, 0x20, 0x20, 0x20, 0x20, 0x1F, 0x00,
    0x00, 0x00, 0x00, 0x00, 0x00, 0x00, 0x00, 0x00, 0x00, 0x00, 0x00, 0x04, 0x22, 0x42, 0x3C, 0x00,
    0x00, 0x08, 0x00, 0x00, 0x00, 0x00, 0x00, 0x00, 0x00, 0x00, 0x00, 0x04, 0x22, 0x42, 0x3F, 0x00,
    0x00, 0x08, 0x00, 0x00, 0x00, 0x00, 0x00, 0x00, 0x00, 0x00, 0x00, 0x08, 0x04, 0x04, 0xFC, 0x00,
    0x00, 0x10, 0x00, 0x00, 0x00, 0x00, 0x00, 0x00, 0x00, 0x00, 0x00, 0x08, 0x04, 0x04, 0xFF, 0x00,
    0x00, 0x10, 0x00, 0x00, 0x00, 0x00, 0x00, 0x00, 0x24, 0x00, 0x10, 0x18, 0x24, 0x24, 0x3C, 0x00,
    0x00, 0x00, 0x00, 0x00, 0x00, 0x00, 0x00, 0x12, 0x00, 0x04, 0x0C, 0x14, 0x24, 0x3C, 0x07, 0x00,
    0x00, 0x00, 0x00, 0x00, 0x00, 0x00, 0x00, 0x00, 0x14, 0x00, 0x00, 0x04, 0x22, 0x42, 0x3C, 0x00,
    0x00, 0x00, 0x00, 0x00, 0x00, 0x00, 0x00, 0x00, 0x14, 0x00, 0x00, 0x04, 0x22, 0x42, 0x3F, 0x00,
    0x00, 0x00, 0x00, 0x00, 0x00, 0x00, 0x00, 0x00, 0x28, 0x00, 0x00, 0x08, 0x04, 0x04, 0xF8, 0x00,
    0x00, 0x00, 0x00, 0x00, 0x00, 0x00, 0x00, 0x00, 0x28, 0x00, 0x00, 0x08, 0x04, 0x04, 0xFF, 0x00,
    0x00, 0x00, 0x00, 0x00, 0x00, 0x00, 0x10, 0x00, 0x24, 0x00, 0x00, 0x04, 0x22, 0x42, 0x3C, 0x00,
    0x00, 0x00, 0x00, 0x00, 0x00, 0x00, 0x10, 0x00, 0x24, 0x00, 0x00, 0x04, 0x22, 0x42, 0x3F, 0x00,
    0x00, 0x00, 0x00, 0x00, 0x00, 0x00, 0x20, 0x00, 0x48, 0x00, 0x00, 0x08, 0x04, 0x04, 0xF8, 0x00,
    0x00, 0x00, 0x00, 0x00, 0x00, 0x00, 0x20, 0x00, 0x48, 0x00, 0x00, 0x08, 0x04, 0x04, 0xFF, 0x00,
    0x00, 0x00, 0x00, 0x00, 0x00, 0x00, 0x00, 0x00, 0x00, 0x00, 0x00, 0x00, 0x7E, 0x10, 0x20, 0x40,
    0x48, 0x40, 0x22, 0x1C, 0x00, 0x00, 0x00, 0x00, 0x00, 0x00, 0x00, 0x00, 0x7E, 0x14, 0x23, 0x40,
    0x48, 0x40, 0x21, 0x1E, 0x00, 0x00, 0x00, 0x00, 0x00, 0x00, 0x00, 0x00, 0x38, 0x06, 0xFE, 0x00,
    0x10, 0x00, 0x00, 0x00, 0x00, 0x00, 0x00, 0x00, 0x00, 0x00, 0x00, 0x00, 0x38, 0x06, 0xFF, 0x00,
    0x10, 0x00, 0x00, 0x00, 0x00, 0x00, 0x00, 0x00, 0x00, 0x00, 0x00, 0x00, 0x7E, 0x10, 0x20, 0x40,
    0x40, 0x40, 0x22, 0x1C, 0x00, 0x00, 0x00, 0x00, 0x00, 0x00, 0x00, 0x00, 0x7E, 0x14, 0x23, 0x40,
    0x40, 0x40, 0x21, 0x1E, 0x00, 0x00, 0x00, 0x00, 0x00, 0x00, 0x00, 0x00, 0x70, 0x0C, 0xFC, 0x00,
    0x00, 0x00, 0x00, 0x00, 0x00, 0x00, 0x00, 0x00, 0x00, 0x00, 0x00, 0x00, 0x70, 0x0C, 0xFF, 0x00,
    0x00, 0x00, 0x00, 0x00, 0x00, 0x00, 0x00, 0x00, 0x00, 0x10, 0x00, 0x00, 0x7E, 0x10, 0x20, 0x40,
    0x40, 0x40, 0x22, 0x1C, 0x00, 0x00, 0x00, 0x00, 0x00, 0x10, 0x00, 0x00, 0x7E, 0x14, 0x23, 0x40,
    0x40, 0x40, 0x21, 0x1E, 0x00, 0x00, 0x00, 0x00, 0x00, 0x20, 0x00, 0x00, 0x70, 0x0C, 0xFC, 0x00,
    0x00, 0x00, 0x00, 0x00, 0x00, 0x00, 0x00, 0x00, 0x00, 0x20, 0x00, 0x00, 0x70, 0x0C, 0xFF, 0x00,
    0x00, 0x00, 0x00, 0x00, 0x00, 0x00, 0x00, 0x00, 0x00, 0x00, 0x08, 0x04, 0x02, 0x42, 0x7C, 0x00,
    0x00, 0x00, 0x00, 0x00, 0x00, 0x00, 0x00, 0x00, 0x00, 0x00, 0x08, 0x04, 0x02, 0x42, 0x7F, 0x00,
    0x00, 0x00, 0x00, 0x00, 0x00, 0x00, 0x00, 0x00, 0x20, 0x00, 0x08, 0x04, 0x02, 0x42, 0x7C, 0x00,
    0x00, 0x00, 0x00, 0x00, 0x00, 0x00, 0x00, 0x00, 0x20, 0x00, 0x08, 0x04, 0x02, 0x42, 0x7F, 0x00,
    0x00, 0x00, 0x00, 0x00, 0x00, 0x00, 0x00, 0x00, 0x00, 0x00, 0x00, 0x00, 0x04, 0x02, 0x02, 0x02,
    0x04, 0x48, 0x30, 0x00, 0x00, 0x00, 0x00, 0x00, 0x00, 0x00, 0x00, 0x00, 0x04, 0x02, 0x03, 0x02,
    0x04, 0x48, 0x30, 0x00, 0x00, 0x00, 0x00, 0x00, 0x00, 0x10, 0x00, 0x00, 0x04, 0x02, 0x02, 0x02,
    0x04, 0x48, 0x30, 0x00, 0x00, 0x00, 0x00, 0x00, 0x00, 0x10, 0x00, 0x00, 0x04, 0x02, 0x03, 0x02,
    0x04, 0x48, 0x30, 0x00, 0x00, 0x00, 0x00, 0x00, 0x00, 0x00, 0x00, 0x01, 0x15, 0x15, 0x5E, 0x48,
    0x48, 0x30, 0x00, 0x00, 0x00, 0x00, 0x00, 0x00, 0x00, 0x00, 0x00, 0x01, 0x15, 0x15, 0x5F, 0x48,
    0x48, 0x30, 0x00, 0x00, 0x00, 0x00, 0x00, 0x00, 0x00, 0x00, 0x00, 0x02, 0x2A, 0x2A, 0xFC, 0x00,
    0x00, 0x00, 0x00, 0x00, 0x00, 0x00, 0x00, 0x00, 0x00, 0x00, 0x00, 0x02, 0x2A, 0x2A, 0xFF, 0x00,
    0x00, 0x00, 0x00, 0x00, 0x00, 0x00, 0x08, 0x00, 0x12, 0x00, 0x00, 0x01, 0x15, 0x15, 0x5E, 0x48,
    0x48, 0x30, 0x00, 0x00, 0x00, 0x00, 0x00, 0x08, 0x00, 0x12, 0x00, 0x01, 0x15, 0x15, 0x5E, 0x48,
    0x48, 0x30, 0x00, 0x00, 0x00, 0x00, 0x00, 0x10, 0x00, 0x24, 0x00, 0x02, 0x2A, 0x2A, 0xFC, 0x00,
    0x00, 0x00, 0x00, 0x00, 0x00, 0x00, 0x00, 0x10, 0x00, 0x24, 0x00, 0x02, 0x2A, 0x2A, 0xFF, 0x00,
    0x00, 0x00, 0x00, 0x00, 0x00, 0x00, 0x00, 0x00, 0x00, 0x00, 0x00, 0x00, 0x06, 0x19, 0x4E, 0x48,
    0x48, 0x30, 0x00, 0x00, 0x00, 0x00, 0x00, 0x00, 0x00, 0x00, 0x00, 0x00, 0x06, 0x19, 0x4F, 0x48,
    0x48, 0x30, 0x00, 0x00, 0x00, 0x00, 0x00, 0x00, 0x00, 0x00, 0x00, 0x00, 0x0C, 0x52, 0xFC, 0x00,
    0x00, 0x00, 0x00, 0x00, 0x00, 0x00, 0x00, 0x00, 0x00, 0x00, 0x00, 0x00, 0x0C, 0x52, 0xFF, 0x00,
    0x00, 0x00, 0x00, 0x00, 0x00, 0x00, 0x00, 0x00, 0x00, 0x04, 0x00, 0x00, 0x06, 0x19, 0x4E, 0x48,
    0x48, 0x30, 0x00, 0x00, 0x00, 0x00, 0x00, 0x00, 0x00, 0x04, 0x00, 0x00, 0x06, 0x19, 0x4F, 0x48,
    0x48, 0x30, 0x00, 0x00, 0x00, 0x00, 0x00, 0x00, 0x00, 0x08, 0x00, 0x00, 0x0C, 0x52, 0xFC, 0x00,
    0x00, 0x00, 0x00, 0x00, 0x00, 0x00, 0x00, 0x00, 0x00, 0x08, 0x00, 0x00, 0x0C, 0x52, 0xFF, 0x00,
    0x00, 0x00, 0x00, 0x00, 0x00, 0x00, 0x00, 0x20, 0x20, 0x20, 0x20, 0x2C, 0x32, 0x22, 0x7C, 0x00,
    0x00, 0x00, 0x00, 0x00, 0x00, 0x00, 0x00, 0x20, 0x20, 0x20, 0x20, 0x2C, 0x32, 0x22, 0x7F, 0x00,
    0x00, 0x00, 0x00, 0x00, 0x00, 0x00, 0x00, 0x20, 0x20, 0x20, 0x20, 0x2C, 0x32, 0x22, 0xFC, 0x00,
    0x00, 0x00, 0x00, 0x00, 0x00, 0x00, 0x00, 0x20, 0x20, 0x20, 0x20, 0x2C, 0x32, 0x22, 0xFF, 0x00,
    0x00, 0x00, 0x00, 0x00, 0x00, 0x00, 0x00, 0x20, 0x24, 0x20, 0x20, 0x2C, 0x32, 0x22, 0x7C, 0x00,
    0x00, 0x00, 0x00, 0x00, 0x00, 0x00, 0x00, 0x20, 0x24, 0x20, 0x20, 0x2C, 0x32, 0x22, 0x7F, 0x00,
    0x00, 0x00, 0x00, 0x00, 0x00, 0x00, 0x00, 0x20, 0x24, 0x20, 0x20, 0x2C, 0x32, 0x22, 0xFC, 0x00,
    0x00, 0x00, 0x00, 0x00, 0x00, 0x00, 0x00, 0x20, 0x24, 0x20, 0x20, 0x2C, 0x32, 0x22, 0xFF, 0x00,
    0x00, 0x00, 0x00, 0x00, 0x00, 0x00, 0x00, 0x00, 0x00, 0x00, 0x00, 0x18, 0x24, 0x20, 0x1C, 0x20,
    0x40, 0x40, 0x42, 0x3C, 0x00, 0x00, 0x00, 0x00, 0x00, 0x00, 0x00, 0x00, 0x30, 0x30, 0x1F, 0x20,
    0x40, 0x40, 0x42, 0x3C, 0x00, 0x00, 0x00, 0x00, 0x00, 0x00, 0x00, 0x18, 0x24, 0x20, 0xFE, 0x00,
    0x00, 0x00, 0x00, 0x00, 0x00, 0x00, 0x00, 0x00, 0x00, 0x00, 0x00, 0x18, 0x18, 0x08, 0xF7, 0x00,
    0x00, 0x00, 0x00, 0x00, 0x00, 0x00, 0x00, 0x00, 0x08, 0x00, 0x00, 0x18, 0x24, 0x20, 0x1C, 0x20,
    0x40, 0x40, 0x42, 0x3C, 0x00, 0x00, 0x00, 0x00, 0x00, 0x10, 0x00, 0x00, 0x30, 0x30, 0x1F, 0x20,
    0x40, 0x40, 0x42, 0x3C, 0x00, 0x00, 0x00, 0x00, 0x08, 0x00, 0x00, 0x18, 0x24, 0x20, 0xFE, 0x00,
    0x00, 0x00, 0x00, 0x00, 0x00, 0x00, 0x00, 0x00, 0x08, 0x00, 0x00, 0x18, 0x18, 0x08, 0xF7, 0x00,
    0x00, 0x00, 0x00, 0x00, 0x00, 0x00, 0x00, 0x08, 0x00, 0x06, 0x0A, 0x06, 0x42, 0x42, 0x3C, 0x00,
    0x00, 0x00, 0x00, 0x00, 0x00, 0x00, 0x00, 0x08, 0x00, 0x06, 0x0A, 0x06, 0x42, 0x42, 0x3F, 0x00,
    0x00, 0x00, 0x00, 0x00, 0x00, 0x00, 0x00, 0x10, 0x00, 0x00, 0x38, 0x24, 0x14, 0x0C, 0xF8, 0x00,
    0x00, 0x00, 0x00, 0x00, 0x00, 0x00, 0x00, 0x10, 0x00, 0x00, 0x38, 0x24, 0x14, 0x0C, 0xFB, 0x00,
    0x00, 0x00, 0x00, 0x00, 0x00, 0x00, 0x00, 0x00, 0x24, 0x00, 0x00, 0x1C, 0x12, 0x0A, 0x26, 0x42,
    0x44, 0x38, 0x00, 0x00, 0x00, 0x00, 0x00, 0x00, 0x24, 0x00, 0x00, 0x1C, 0x12, 0x0A, 0x27, 0x42,
    0x44, 0x38, 0x00, 0x00, 0x00, 0x00, 0x00, 0x48, 0x00, 0x00, 0x38, 0x24, 0x14, 0x0C, 0xF8, 0x00,
    0x00, 0x00, 0x00, 0x00, 0x00, 0x00, 0x00, 0x48, 0x00, 0x00, 0x38, 0x24, 0x14, 0x0C, 0xFB, 0x00,
    0x00, 0x00, 0x00, 0x00, 0x00, 0x00, 0x00, 0x02, 0x0A, 0x12, 0x0A, 0x22, 0x42, 0x42, 0x3C, 0x00,
    0x00, 0x00, 0x00, 0x00, 0x00, 0x00, 0x00, 0x02, 0x0A, 0x12, 0x0A, 0x22, 0x42, 0x42, 0x3F, 0x00,
    0x00, 0x00, 0x00, 0x00, 0x00, 0x00, 0x00, 0x04, 0x08, 0x10, 0x20, 0x40, 0x3C, 0x02, 0xFE, 0x00,
    0x00, 0x00, 0x00, 0x00, 0x00, 0x00, 0x00, 0x04, 0x08, 0x10, 0x20, 0x40, 0x3C, 0x02, 0xFF, 0x00,
    0x00, 0x00, 0x00, 0x00, 0x00, 0x00, 0x00, 0x02, 0x02, 0x02, 0x02, 0x02, 0x02, 0x22, 0x42, 0x42,
    0x44, 0x3C, 0x00, 0x00, 0x00, 0x00, 0x00, 0x02, 0x02, 0x02, 0x02, 0x02, 0x02, 0x23, 0x42, 0x42,
    0x44, 0x3C, 0x00, 0x00, 0x00, 0x00, 0x00, 0x04, 0x04, 0x04, 0x04, 0x04, 0x04, 0x04, 0xF8, 0x00,
    0x00, 0x00, 0x00, 0x00, 0x00, 0x00, 0x00, 0x04, 0x04, 0x04, 0x04, 0x04, 0x04, 0x04, 0xFB, 0x00,
    0x00, 0x00, 0x00, 0x00, 0x00, 0x00, 0x00, 0x00, 0x00, 0x00, 0x00, 0x00, 0x1C, 0x06, 0x1E, 0x20,
    0x20, 0x20, 0x20, 0x20, 0x00, 0x00, 0x00, 0x00, 0x00, 0x00, 0x00, 0x00, 0x1C, 0x06, 0x1F, 0x20,
    0x20, 0x20, 0x20, 0x20, 0x00, 0x00, 0x00, 0x00, 0x00, 0x00, 0x00, 0x08, 0x14, 0x32, 0xEE, 0x00,
    0x00, 0x00, 0x00, 0x00, 0x00, 0x00, 0x00, 0x00, 0x00, 0x00, 0x00, 0x08, 0x14, 0x32, 0xEF, 0x00,
    0x00, 0x00, 0x00, 0x00, 0x00, 0x00, 0x00, 0x00, 0x00, 0x10, 0x00, 0x00, 0x04, 0x22, 0x42, 0x42,
    0x44, 0x38, 0x00, 0x00, 0x00, 0x00, 0x00, 0x00, 0x00, 0x10, 0x00, 0x00, 0x04, 0x22, 0x43, 0x42,
    0x44, 0x38, 0x00, 0x00, 0x00, 0x00, 0x00, 0x00, 0x10, 0x00, 0x00, 0x08, 0x04, 0x04, 0xF8, 0x00,
    0x00, 0x00, 0x00, 0x00, 0x00, 0x00, 0x00, 0x00, 0x10, 0x00, 0x00, 0x08, 0x04, 0x04, 0xFB, 0x00,
    0x00, 0x00, 0x00, 0x00, 0x00, 0x00, 0x00, 0x00, 0x00, 0x00, 0x10, 0x18, 0x24, 0x24, 0x3C, 0x00,
    0x00, 0x00, 0x00, 0x00, 0x00, 0x00, 0x00, 0x00, 0x04, 0x04, 0x0C, 0x14, 0x24, 0x3C, 0x07, 0x00,
    0x00, 0x00, 0x00, 0x00, 0x00, 0x00, 0x00, 0x00, 0x00, 0x10, 0x08, 0x3C, 0x2A, 0x3A, 0xF6, 0x00,
    0x00, 0x00, 0x00, 0x00, 0x00, 0x00, 0x00, 0x00, 0x00, 0x00, 0x00, 0x0C, 0x14, 0x14, 0xFF, 0x14,
    0x0C, 0x00, 0x00, 0x00, 0x00, 0x00, 0x00, 0x00, 0x00, 0x00, 0x00, 0x0C, 0x12, 0x12, 0x1E, 0x02,
    0x04, 0x48, 0x30, 0x00, 0x00, 0x00, 0x00, 0x00, 0x00, 0x00, 0x00, 0x0C, 0x12, 0x12, 0x1F, 0x02,
    0x04, 0x48, 0x30, 0x00, 0x00, 0x00, 0x00, 0x00, 0x00, 0x00, 0x00, 0x00, 0x04, 0x4A, 0x48, 0x44,
    0x42, 0x42, 0x3C, 0x00, 0x00, 0x00, 0x00, 0x00, 0x00, 0x00, 0x00, 0x00, 0x00, 0x00, 0x43, 0x44,
    0x42, 0x42, 0x3C, 0x00, 0x00, 0x00, 0x00, 0x00, 0x00, 0x00, 0x00, 0x00, 0x04, 0x4A, 0x48, 0x44,
    0x42, 0x3C, 0x00, 0x28, 0x00, 0x00, 0x00, 0x00, 0x00, 0x00, 0x00, 0x00, 0x00, 0x00, 0x43, 0x44,
    0x42, 0x3C, 0x00, 0x28, 0x00, 0x00, 0x00, 0x00, 0x00, 0x00, 0x00, 0x08, 0x08, 0x04, 0xF8, 0x00,
    0x28, 0x00, 0x00, 0x00, 0x00, 0x00, 0x00, 0x00, 0x00, 0x00, 0x00, 0x08, 0x08, 0x04, 0xFB, 0x00,
    0x28, 0x00, 0x00, 0x00, 0x00, 0x00, 0x08, 0x72, 0x82, 0x22, 0x12, 0x0A, 0x04, 0x0C, 0x14, 0x1C,
    0x00, 0x00, 0x00, 0x00, 0x00, 0x00, 0x08, 0x72, 0x82, 0x22, 0x12, 0x0A, 0x0E, 0x0A, 0x13, 0x60,
    0x00, 0x00, 0x00, 0x00, 0x00, 0x00, 0x30, 0x42, 0x32, 0x42, 0x12, 0x0A, 0x04, 0x0C, 0x14, 0x1C,
    0x00, 0x00, 0x00, 0x00, 0x00, 0x00, 0x30, 0x42, 0x32, 0x42, 0x12, 0x0A, 0x0E, 0x0A, 0x13, 0x60,
    0x00, 0x00, 0x00, 0x00, 0x00, 0x00, 0x02, 0x02, 0x22, 0x12, 0x0A, 0x04, 0x0C, 0x14, 0x1C, 0x00,
    0x0C, 0x10, 0x0C, 0x10, 0x00, 0x00, 0x00, 0x02, 0x02, 0x22, 0x12, 0x0A, 0x0E, 0x0A, 0x13, 0x60,
    0x0C, 0x10, 0x0C, 0x10, 0x00, 0x00, 0x00, 0x02, 0x02, 0x22, 0x12, 0x0A, 0x04, 0x0C, 0x14, 0x1C,
    0x00, 0x00, 0x00, 0x00, 0x00, 0x00, 0x00, 0x02, 0x02, 0x22, 0x12, 0x0A, 0x0E, 0x0A, 0x13, 0x60,
    0x00, 0x00, 0x00, 0x00, 0x00, 0x00, 0x00, 0x7E, 0x66, 0x5A, 0x5A, 0x7A, 0x76, 0x76, 0x7E, 0x76,
    0x76, 0x7E, 0x00, 0x00,
};

static const EpdGlyph helveticaui_9_regularGlyphs[] = {
    { 11, 13, 224, 1, 13, 18, 0 }, // U+0000
    { 16, 16, 256, 0, 14, 32, 18 }, // U+0001
    { 16, 16, 256, 0, 14, 32, 50 }, // U+0002
    { 16, 16, 256, 0, 14, 32, 82 }, // U+0003
    { 16, 16, 256, 0, 14, 32, 114 }, // U+0004
    { 16, 16, 256, 0, 14, 32, 146 }, // U+0005
    { 16, 16, 256, 0, 14, 32, 178 }, // U+0006
    { 16, 16, 256, 0, 14, 32, 210 }, // U+0007
    { 16, 16, 256, 0, 14, 32, 242 }, // U+0008
    { 16, 16, 256, 0, 14, 32, 274 }, // U+0009
    { 16, 16, 256, 0, 14, 32, 306 }, // U+000A
    { 16, 16, 256, 0, 14, 32, 338 }, // U+000B
    { 16, 16, 256, 0, 14, 32, 370 }, // U+000C
    { 16, 16, 256, 0, 14, 32, 402 }, // U+000D
    { 16, 16, 256, 0, 14, 32, 434 }, // U+000E
    { 16, 16, 256, 0, 14, 32, 466 }, // U+000F
    { 16, 16, 256, 0, 14, 32, 498 }, // U+0010
    { 16, 16, 256, 0, 14, 32, 530 }, // U+0011
    { 16, 16, 256, 0, 14, 32, 562 }, // U+0012
    { 16, 16, 256, 0, 14, 32, 594 }, // U+0013
    { 16, 16, 256, 0, 14, 32, 626 }, // U+0014
    { 16, 16, 256, 0, 14, 32, 658 }, // U+0015
    { 16, 16, 256, 0, 14, 32, 690 }, // U+0016
    { 16, 16, 256, 0, 14, 32, 722 }, // U+0017
    { 16, 16, 256, 0, 14, 32, 754 }, // U+0018
    { 16, 16, 256, 0, 14, 32, 786 }, // U+0019
    { 16, 16, 256, 0, 14, 32, 818 }, // U+001A
    { 16, 16, 256, 0, 14, 32, 850 }, // U+001B
    { 16, 16, 256, 0, 14, 32, 882 }, // U+001C
    { 16, 16, 256, 0, 14, 32, 914 }, // U+001D
    { 16, 16, 256, 0, 14, 32, 946 }, // U+001E
    { 16, 16, 256, 0, 14, 32, 978 }, // U+001F
    { 1, 1, 80, 0, 1, 1, 1010 }, // U+0020
    { 2, 14, 96, 2, 14, 4, 1011 }, // !
    { 5, 5, 80, 0, 14, 4, 1015 }, // "
    { 10, 13, 160, 0, 13, 17, 1019 }, // #
    { 9, 16, 160, 1, 14, 18, 1036 }, // $
    { 14, 13, 256, 1, 13, 23, 1054 }, // %
    { 12, 13, 208, 1, 13, 20, 1077 }, // &
    { 1, 5, 48, 1, 14, 1, 1097 }, // '
    { 4, 18, 96, 0, 14, 9, 1098 }, // (
    { 4, 18, 96, 1, 14, 9, 1107 }, // )
    { 5, 7, 112, 1, 14, 5, 1116 }, // *
    { 8, 10, 160, 1, 10, 10, 1121 }, // +
    { 2, 5, 80, 1, 2, 2, 1131 }, // ,
    { 5, 1, 96, 0, 6, 1, 1133 }, // -
    { 2, 2, 80, 1, 2, 1, 1134 }, // .
    { 5, 14, 80, 0, 14, 9, 1135 }, // /
    { 8, 13, 160, 1, 13, 13, 1144 }, // 0
    { 5, 13, 160, 2, 13, 9, 1157 }, // 1
    { 8, 13, 160, 1, 13, 13, 1166 }, // 2
    { 8, 13, 160, 1, 13, 13, 1179 }, // 3
    { 9, 13, 160, 0, 13, 15, 1192 }, // 4
    { 8, 13, 160, 1, 13, 13, 1207 }, // 5
    { 8, 13, 160, 1, 13, 13, 1220 }, // 6
    { 8, 13, 160, 1, 13, 13, 1233 }, // 7
    { 8, 13, 160, 1, 13, 13, 1246 }, // 8
    { 8, 13, 160, 1, 13, 13, 1259 }, // 9
    { 2, 10, 80, 1, 10, 3, 1272 }, // :
    { 2, 13, 80, 1, 10, 4, 1275 }, // ;
    { 8, 9, 160, 1, 9, 9, 1279 }, // <
    { 7, 5, 176, 2, 7, 5, 1288 }, // =
    { 8, 9, 160, 1, 9, 9, 1293 }, // >
    { 7, 14, 160, 1, 14, 13, 1302 }, // ?
    { 16, 17, 288, 1, 14, 34, 1315 }, // @
    { 12, 14, 208, 0, 14, 21, 1349 }, // A
    { 11, 14, 208, 1, 14, 20, 1370 }, // B
    { 12, 14, 224, 1, 14, 21, 1390 }, // C
    { 12, 14, 224, 1, 14, 21, 1411 }, // D
    { 10, 14, 208, 2, 14, 18, 1432 }, // E
    { 9, 14, 192, 2, 14, 16, 1450 }, // F
    { 13, 14, 240, 1, 14, 23, 1466 }, // G
    { 11, 14, 224, 1, 14, 20, 1489 }, // H
    { 2, 14, 96, 2, 14, 4, 1509 }, // I
    { 8, 14, 160, 0, 14, 14, 1513 }, // J
    { 12, 14, 208, 2, 14, 21, 1527 }, // K
    { 9, 14, 176, 1, 14, 16, 1548 }, // L
    { 14, 14, 256, 1, 14, 25, 1564 }, // M
    { 11, 14, 224, 1, 14, 20, 1589 }, // N
    { 13, 14, 240, 1, 14, 23, 1609 }, // O
    { 10, 14, 208, 2, 14, 18, 1632 }, // P
    { 13, 15, 240, 1, 14, 25, 1650 }, // Q
    { 11, 14, 224, 1, 14, 20, 1675 }, // R
    { 10, 14, 208, 1, 14, 18, 1695 }, // S
    { 10, 14, 192, 1, 14, 18, 1713 }, // T
    { 11, 14, 224, 1, 14, 20, 1731 }, // U
    { 12, 14, 208, 0, 14, 21, 1751 }, // V
    { 16, 14, 288, 1, 14, 28, 1772 }, // W
    { 11, 14, 208, 1, 14, 20, 1800 }, // X
    { 12, 14, 208, 0, 14, 21, 1820 }, // Y
    { 10, 14, 192, 1, 14, 18, 1841 }, // Z
    { 4, 18, 80, 0, 14, 9, 1859 }, // [
    { 5, 14, 80, 0, 14, 9, 1868 }, // <backslash>
    { 4, 18, 80, 0, 14, 9, 1877 }, // ]
    { 7, 6, 144, 1, 13, 6, 1886 }, // ^
    { 11, 2, 176, 0, -2, 3, 1892 }, // _
    { 4, 3, 64, 0, 14, 2, 1895 }, // `
    { 9, 10, 176, 1, 10, 12, 1897 }, // a
    { 9, 14, 176, 1, 14, 16, 1909 }, // b
    { 8, 10, 160, 1, 10, 10, 1925 }, // c
    { 9, 14, 176, 1, 14, 16, 1935 }, // d
    { 8, 10, 160, 1, 10, 10, 1951 }, // e
    { 6, 14, 96, 0, 14, 11, 1961 }, // f
    { 9, 14, 176, 1, 10, 16, 1972 }, // g
    { 8, 14, 160, 1, 14, 14, 1988 }, // h
    { 2, 14, 64, 1, 14, 4, 2002 }, // i
    { 4, 18, 64, -1, 14, 9, 2006 }, // j
    { 8, 14, 144, 1, 14, 14, 2015 }, // k
    { 2, 14, 64, 1, 14, 4, 2029 }, // l
    { 14, 10, 256, 1, 10, 18, 2033 }, // m
    { 8, 10, 160, 1, 10, 10, 2051 }, // n
    { 9, 10, 176, 1, 10, 12, 2061 }, // o
    { 9, 14, 176, 1, 10, 16, 2073 }, // p
    { 9, 14, 176, 1, 10, 16, 2089 }, // q
    { 5, 10, 96, 1, 10, 7, 2105 }, // r
    { 7, 10, 144, 1, 10, 9, 2112 }, // s
    { 6, 13, 96, 0, 13, 10, 2121 }, // t
    { 8, 10, 160, 1, 10, 10, 2131 }, // u
    { 8, 10, 160, 1, 10, 10, 2141 }, // v
    { 12, 10, 224, 1, 10, 15, 2151 }, // w
    { 8, 10, 160, 1, 10, 10, 2166 }, // x
    { 8, 14, 160, 1, 10, 14, 2176 }, // y
    { 7, 10, 144, 1, 10, 9, 2190 }, // z
    { 6, 18, 96, -1, 14, 14, 2199 }, // {
    { 2, 18, 80, 1, 14, 5, 2213 }, // |
    { 6, 18, 96, 0, 14, 14, 2218 }, // }
    { 8, 3, 160, 1, 7, 3, 2232 }, // ~
    { 16, 16, 256, 0, 14, 32, 2235 }, // U+007F
    { 16, 16, 256, 0, 14, 32, 2267 }, // U+0080
    { 16, 16, 256, 0, 14, 32, 2299 }, // U+0081
    { 16, 16, 256, 0, 14, 32, 2331 }, // U+0082
    { 16, 16, 256, 0, 14, 32, 2363 }, // U+0083
    { 16, 16, 256, 0, 14, 32, 2395 }, // U+0084
    { 16, 16, 256, 0, 14, 32, 2427 }, // U+0085
    { 16, 16, 256, 0, 14, 32, 2459 }, // U+0086
    { 16, 16, 256, 0, 14, 32, 2491 }, // U+0087
    { 16, 16, 256, 0, 14, 32, 2523 }, // U+0088
    { 16, 16, 256, 0, 14, 32, 2555 }, // U+0089
    { 16, 16, 256, 0, 14, 32, 2587 }, // U+008A
    { 16, 16, 256, 0, 14, 32, 2619 }, // U+008B
    { 16, 16, 256, 0, 14, 32, 2651 }, // U+008C
    { 16, 16, 256, 0, 14, 32, 2683 }, // U+008D
    { 16, 16, 256, 0, 14, 32, 2715 }, // U+008E
    { 16, 16, 256, 0, 14, 32, 2747 }, // U+008F
    { 16, 16, 256, 0, 14, 32, 2779 }, // U+0090
    { 16, 16, 256, 0, 14, 32, 2811 }, // U+0091
    { 16, 16, 256, 0, 14, 32, 2843 }, // U+0092
    { 16, 16, 256, 0, 14, 32, 2875 }, // U+0093
    { 16, 16, 256, 0, 14, 32, 2907 }, // U+0094
    { 16, 16, 256, 0, 14, 32, 2939 }, // U+0095
    { 16, 16, 256, 0, 14, 32, 2971 }, // U+0096
    { 16, 16, 256, 0, 14, 32, 3003 }, // U+0097
    { 16, 16, 256, 0, 14, 32, 3035 }, // U+0098
    { 16, 16, 256, 0, 14, 32, 3067 }, // U+0099
    { 16, 16, 256, 0, 14, 32, 3099 }, // U+009A
    { 16, 16, 256, 0, 14, 32, 3131 }, // U+009B
    { 16, 16, 256, 0, 14, 32, 3163 }, // U+009C
    { 16, 16, 256, 0, 14, 32, 3195 }, // U+009D
    { 16, 16, 256, 0, 14, 32, 3227 }, // U+009E
    { 16, 16, 256, 0, 14, 32, 3259 }, // U+009F
    { 1, 1, 80, 0, 1, 1, 3291 }, // U+00A0
    { 2, 14, 96, 2, 10, 4, 3292 }, // U+00A1
    { 8, 14, 160, 1, 12, 14, 3296 }, // U+00A2
    { 9, 13, 160, 0, 13, 15, 3310 }, // U+00A3
    { 8, 7, 160, 1, 10, 7, 3325 }, // U+00A4
    { 8, 13, 160, 1, 13, 13, 3332 }, // U+00A5
    { 2, 18, 80, 1, 14, 5, 3345 }, // U+00A6
    { 8, 18, 160, 1, 14, 18, 3350 }, // U+00A7
    { 5, 2, 96, 0, 14, 2, 3368 }, // U+00A8
    { 13, 14, 240, 1, 14, 23, 3370 }, // U+00A9
    { 5, 8, 112, 1, 14, 5, 3393 }, // U+00AA
    { 7, 6, 144, 1, 8, 6, 3398 }, // U+00AB
    { 9, 5, 176, 1, 8, 6, 3404 }, // U+00AC
    { 5, 1, 96, 0, 6, 1, 3410 }, // U+00AD
    { 13, 14, 224, 0, 14, 23, 3411 }, // U+00AE
    { 5, 1, 80, 0, 13, 1, 3434 }, // U+00AF
    { 5, 5, 112, 1, 13, 4, 3435 }, // U+00B0
    { 8, 11, 160, 1, 11, 11, 3439 }, // U+00B1
    { 5, 8, 96, 0, 13, 5, 3450 }, // U+00B2
    { 5, 8, 96, 0, 13, 5, 3455 }, // U+00B3
    { 4, 3, 64, 0, 14, 2, 3460 }, // U+00B4
    { 8, 14, 160, 1, 10, 14, 3462 }, // U+00B5
    { 8, 18, 160, 1, 14, 18, 3476 }, // U+00B6
    { 2, 2, 64, 1, 6, 1, 3494 }, // U+00B7
    { 5, 5, 80, 0, 1, 4, 3495 }, // U+00B8
    { 4, 8, 96, 0, 13, 4, 3499 }, // U+00B9
    { 5, 8, 112, 1, 14, 5, 3503 }, // U+00BA
    { 7, 6, 144, 1, 8, 6, 3508 }, // U+00BB
    { 14, 13, 240, 0, 13, 23, 3514 }, // U+00BC
    { 14, 13, 240, 0, 13, 23, 3537 }, // U+00BD
    { 14, 13, 240, 0, 13, 23, 3560 }, // U+00BE
    { 7, 14, 160, 1, 10, 13, 3583 }, // U+00BF
    { 12, 18, 208, 0, 18, 27, 3596 }, // U+00C0
    { 12, 18, 208, 0, 18, 27, 3623 }, // U+00C1
    { 12, 18, 208, 0, 18, 27, 3650 }, // U+00C2
    { 12, 18, 208, 0, 18, 27, 3677 }, // U+00C3
    { 12, 17, 208, 0, 17, 26, 3704 }, // U+00C4
    { 12, 17, 208, 0, 17, 26, 3730 }, // U+00C5
    { 16, 14, 288, 1, 14, 28, 3756 }, // U+00C6
    { 12, 18, 224, 1, 14, 27, 3784 }, // U+00C7
    { 10, 18, 208, 2, 18, 23, 3811 }, // U+00C8
    { 10, 18, 208, 2, 18, 23, 3834 }, // U+00C9
    { 10, 18, 208, 2, 18, 23, 3857 }, // U+00CA
    { 10, 17, 208, 2, 17, 22, 3880 }, // U+00CB
    { 4, 18, 96, 0, 18, 9, 3902 }, // U+00CC
    { 4, 18, 96, 2, 18, 9, 3911 }, // U+00CD
    { 6, 18, 96, 0, 18, 14, 3920 }, // U+00CE
    { 6, 17, 96, 0, 17, 13, 3934 }, // U+00CF
    { 14, 14, 224, -1, 14, 25, 3947 }, // U+00D0
    { 11, 18, 224, 1, 18, 25, 3972 }, // U+00D1
    { 13, 18, 240, 1, 18, 30, 3997 }, // U+00D2
    { 13, 18, 240, 1, 18, 30, 4027 }, // U+00D3
    { 13, 18, 240, 1, 18, 30, 4057 }, // U+00D4
    { 13, 18, 240, 1, 18, 30, 4087 }, // U+00D5
    { 13, 17, 240, 1, 17, 28, 4117 }, // U+00D6
    { 10, 9, 160, 0, 9, 12, 4145 }, // U+00D7
    { 14, 14, 240, 0, 14, 25, 4157 }, // U+00D8
    { 11, 18, 224, 1, 18, 25, 4182 }, // U+00D9
    { 11, 18, 224, 1, 18, 25, 4207 }, // U+00DA
    { 11, 18, 224, 1, 18, 25, 4232 }, // U+00DB
    { 11, 17, 224, 1, 17, 24, 4257 }, // U+00DC
    { 12, 18, 208, 0, 18, 27, 4281 }, // U+00DD
    { 10, 14, 192, 1, 14, 18, 4308 }, // U+00DE
    { 7, 14, 144, 1, 14, 13, 4326 }, // U+00DF
    { 9, 14, 176, 1, 14, 16, 4339 }, // U+00E0
    { 9, 14, 176, 1, 14, 16, 4355 }, // U+00E1
    { 9, 14, 176, 1, 14, 16, 4371 }, // U+00E2
    { 9, 14, 176, 1, 14, 16, 4387 }, // U+00E3
    { 9, 14, 176, 1, 14, 16, 4403 }, // U+00E4
    { 9, 14, 176, 1, 14, 16, 4419 }, // U+00E5
    { 14, 10, 272, 2, 10, 18, 4435 }, // U+00E6
    { 8, 14, 160, 1, 10, 14, 4453 }, // U+00E7
    { 8, 14, 160, 1, 14, 14, 4467 }, // U+00E8
    { 8, 14, 160, 1, 14, 14, 4481 }, // U+00E9
    { 8, 14, 160, 1, 14, 14, 4495 }, // U+00EA
    { 8, 14, 160, 1, 14, 14, 4509 }, // U+00EB
    { 4, 14, 64, 0, 14, 7, 4523 }, // U+00EC
    { 4, 14, 64, 0, 14, 7, 4530 }, // U+00ED
    { 6, 14, 64, -1, 14, 11, 4537 }, // U+00EE
    { 5, 14, 64, 0, 14, 9, 4548 }, // U+00EF
    { 9, 14, 176, 1, 14, 16, 4557 }, // U+00F0
    { 8, 14, 160, 1, 14, 14, 4573 }, // U+00F1
    { 9, 14, 176, 1, 14, 16, 4587 }, // U+00F2
    { 9, 14, 176, 1, 14, 16, 4603 }, // U+00F3
    { 9, 14, 176, 1, 14, 16, 4619 }, // U+00F4
    { 9, 14, 176, 1, 14, 16, 4635 }, // U+00F5
    { 9, 14, 176, 1, 14, 16, 4651 }, // U+00F6
    { 8, 8, 160, 1, 9, 8, 4667 }, // U+00F7
    { 11, 10, 176, 0, 10, 14, 4675 }, // U+00F8
    { 8, 14, 160, 1, 14, 14, 4689 }, // U+00F9
    { 8, 14, 160, 1, 14, 14, 4703 }, // U+00FA
    { 8, 14, 160, 1, 14, 14, 4717 }, // U+00FB
    { 8, 14, 160, 1, 14, 14, 4731 }, // U+00FC
    { 8, 18, 160, 1, 14, 18, 4745 }, // U+00FD
    { 9, 18, 176, 1, 14, 21, 4763 }, // U+00FE
    { 8, 18, 160, 1, 14, 18, 4784 }, // U+00FF
    { 12, 16, 208, 0, 16, 24, 4802 }, // U+0100
    { 9, 12, 176, 1, 12, 14, 4826 }, // U+0101
    { 12, 18, 208, 0, 18, 27, 4840 }, // U+0102
    { 9, 14, 176, 1, 14, 16, 4867 }, // U+0103
    { 12, 18, 208, 0, 14, 27, 4883 }, // U+0104
    { 9, 14, 176, 1, 10, 16, 4910 }, // U+0105
    { 12, 18, 224, 1, 18, 27, 4926 }, // U+0106
    { 8, 14, 160, 1, 14, 14, 4953 }, // U+0107
    { 12, 18, 224, 1, 18, 27, 4967 }, // U+0108
    { 8, 14, 160, 1, 14, 14, 4994 }, // U+0109
    { 12, 17, 224, 1, 17, 26, 5008 }, // U+010A
    { 8, 13, 160, 1, 13, 13, 5034 }, // U+010B
    { 12, 18, 224, 1, 18, 27, 5047 }, // U+010C
    { 8, 14, 160, 1, 14, 14, 5074 }, // U+010D
    { 12, 18, 224, 1, 18, 27, 5088 }, // U+010E
    { 12, 14, 224, 1, 14, 21, 5115 }, // U+010F
    { 14, 14, 224, -1, 14, 25, 5136 }, // U+0110
    { 9, 14, 176, 1, 14, 16, 5161 }, // U+0111
    { 10, 16, 208, 2, 16, 20, 5177 }, // U+0112
    { 8, 12, 160, 1, 12, 12, 5197 }, // U+0113
    { 10, 18, 208, 2, 18, 23, 5209 }, // U+0114
    { 8, 14, 160, 1, 14, 14, 5232 }, // U+0115
    { 10, 17, 208, 2, 17, 22, 5246 }, // U+0116
    { 8, 13, 160, 1, 13, 13, 5268 }, // U+0117
    { 10, 18, 208, 2, 14, 23, 5281 }, // U+0118
    { 8, 14, 160, 1, 10, 14, 5304 }, // U+0119
    { 10, 18, 208, 2, 18, 23, 5318 }, // U+011A
    { 8, 14, 160, 1, 14, 14, 5341 }, // U+011B
    { 13, 18, 240, 1, 18, 30, 5355 }, // U+011C
    { 9, 18, 176, 1, 14, 21, 5385 }, // U+011D
    { 13, 18, 240, 1, 18, 30, 5406 }, // U+011E
    { 9, 18, 176, 1, 14, 21, 5436 }, // U+011F
    { 13, 17, 240, 1, 17, 28, 5457 }, // U+0120
    { 9, 17, 176, 1, 13, 20, 5485 }, // U+0121
    { 13, 20, 240, 1, 14, 33, 5505 }, // U+0122
    { 9, 20, 176, 1, 16, 23, 5538 }, // U+0123
    { 11, 18, 224, 1, 18, 25, 5561 }, // U+0124
    { 9, 18, 160, 0, 18, 21, 5586 }, // U+0125
    { 11, 14, 224, 1, 14, 20, 5607 }, // U+0126
    { 9, 14, 160, 0, 14, 16, 5627 }, // U+0127
    { 6, 18, 96, 0, 18, 14, 5643 }, // U+0128
    { 6, 14, 64, -1, 14, 11, 5657 }, // U+0129
    { 5, 16, 96, 1, 16, 10, 5668 }, // U+012A
    { 5, 12, 64, 0, 12, 8, 5678 }, // U+012B
    { 6, 18, 96, 0, 18, 14, 5686 }, // U+012C
    { 6, 14, 64, -1, 14, 11, 5700 }, // U+012D
    { 4, 18, 96, 1, 14, 9, 5711 }, // U+012E
    { 4, 18, 64, 0, 14, 9, 5720 }, // U+012F
    { 2, 17, 96, 2, 17, 5, 5729 }, // U+0130
    { 2, 10, 64, 1, 10, 3, 5734 }, // U+0131
    { 12, 14, 256, 2, 14, 21, 5737 }, // U+0132
    { 6, 18, 128, 1, 14, 14, 5758 }, // U+0133
    { 9, 18, 160, 0, 18, 21, 5772 }, // U+0134
    { 6, 18, 64, -1, 14, 14, 5793 }, // U+0135
    { 12, 20, 208, 2, 14, 30, 5807 }, // U+0136
    { 8, 20, 144, 1, 14, 20, 5837 }, // U+0137
    { 8, 10, 144, 1, 10, 10, 5857 }, // U+0138
    { 9, 18, 176, 1, 18, 21, 5867 }, // U+0139
    { 4, 18, 64, 1, 18, 9, 5888 }, // U+013A
    { 9, 20, 176, 1, 14, 23, 5897 }, // U+013B
    { 2, 20, 64, 1, 14, 5, 5920 }, // U+013C
    { 12, 14, 224, 1, 14, 21, 5925 }, // U+013D
    { 6, 14, 128, 1, 14, 11, 5946 }, // U+013E
    { 12, 14, 224, 1, 14, 21, 5957 }, // U+013F
    { 6, 14, 128, 1, 14, 11, 5978 }, // U+0140
    { 10, 14, 176, 0, 14, 18, 5989 }, // U+0141
    { 4, 14, 64, 0, 14, 7, 6007 }, // U+0142
    { 11, 18, 224, 1, 18, 25, 6014 }, // U+0143
    { 8, 14, 160, 1, 14, 14, 6039 }, // U+0144
    { 11, 20, 224, 1, 14, 28, 6053 }, // U+0145
    { 8, 16, 160, 1, 10, 16, 6081 }, // U+0146
    { 11, 18, 224, 1, 18, 25, 6097 }, // U+0147
    { 8, 14, 160, 1, 14, 14, 6122 }, // U+0148
    { 12, 14, 224, 1, 14, 21, 6136 }, // U+0149
    { 11, 18, 224, 1, 14, 25, 6157 }, // U+014A
    { 8, 14, 160, 1, 10, 14, 6182 }, // U+014B
    { 13, 16, 240, 1, 16, 26, 6196 }, // U+014C
    { 9, 12, 176, 1, 12, 14, 6222 }, // U+014D
    { 13, 18, 240, 1, 18, 30, 6236 }, // U+014E
    { 9, 14, 176, 1, 14, 16, 6266 }, // U+014F
    { 13, 18, 240, 1, 18, 30, 6282 }, // U+0150
    { 9, 14, 176, 1, 14, 16, 6312 }, // U+0151
    { 17, 14, 304, 1, 14, 30, 6328 }, // U+0152
    { 15, 10, 288, 2, 10, 19, 6358 }, // U+0153
    { 11, 18, 224, 1, 18, 25, 6377 }, // U+0154
    { 5, 14, 96, 1, 14, 9, 6402 }, // U+0155
    { 11, 20, 224, 1, 14, 28, 6411 }, // U+0156
    { 5, 16, 96, 1, 10, 10, 6439 }, // U+0157
    { 11, 18, 224, 1, 18, 25, 6449 }, // U+0158
    { 6, 14, 96, 0, 14, 11, 6474 }, // U+0159
    { 10, 18, 208, 1, 18, 23, 6485 }, // U+015A
    { 7, 14, 144, 1, 14, 13, 6508 }, // U+015B
    { 10, 18, 208, 1, 18, 23, 6521 }, // U+015C
    { 7, 14, 144, 1, 14, 13, 6544 }, // U+015D
    { 10, 18, 208, 1, 14, 23, 6557 }, // U+015E
    { 7, 14, 144, 1, 10, 13, 6580 }, // U+015F
    { 11, 14, 208, 1, 14, 20, 6593 }, // U+0160
    { 7, 14, 144, 1, 14, 13, 6613 }, // U+0161
    { 10, 18, 192, 1, 14, 23, 6626 }, // U+0162
    { 6, 17, 96, 0, 13, 13, 6649 }, // U+0163
    { 10, 18, 192, 1, 18, 23, 6662 }, // U+0164
    { 9, 14, 160, 0, 14, 16, 6685 }, // U+0165
    { 10, 14, 192, 1, 14, 18, 6701 }, // U+0166
    { 6, 13, 96, 0, 13, 10, 6719 }, // U+0167
    { 11, 18, 224, 1, 18, 25, 6729 }, // U+0168
    { 8, 14, 160, 1, 14, 14, 6754 }, // U+0169
    { 11, 16, 224, 1, 16, 22, 6768 }, // U+016A
    { 8, 12, 160, 1, 12, 12, 6790 }, // U+016B
    { 11, 18, 224, 1, 18, 25, 6802 }, // U+016C
    { 8, 14, 160, 1, 14, 14, 6827 }, // U+016D
    { 11, 19, 224, 1, 19, 27, 6841 }, // U+016E
    { 8, 15, 160, 1, 15, 15, 6868 }, // U+016F
    { 11, 18, 224, 1, 18, 25, 6883 }, // U+0170
    { 8, 14, 160, 1, 14, 14, 6908 }, // U+0171
    { 11, 18, 224, 1, 14, 25, 6922 }, // U+0172
    { 8, 14, 160, 1, 10, 14, 6947 }, // U+0173
    { 16, 18, 288, 1, 18, 36, 6961 }, // U+0174
    { 12, 14, 224, 1, 14, 21, 6997 }, // U+0175
    { 12, 18, 208, 0, 18, 27, 7018 }, // U+0176
    { 8, 18, 160, 1, 14, 18, 7045 }, // U+0177
    { 12, 14, 224, 1, 14, 21, 7063 }, // U+0178
    { 10, 18, 192, 1, 18, 23, 7084 }, // U+0179
    { 7, 14, 144, 1, 14, 13, 7107 }, // U+017A
    { 10, 17, 192, 1, 17, 22, 7120 }, // U+017B
    { 7, 13, 144, 1, 13, 12, 7142 }, // U+017C
    { 10, 14, 192, 1, 14, 18, 7154 }, // U+017D
    { 7, 14, 144, 1, 14, 13, 7172 }, // U+017E
    { 8, 16, 128, 0, 14, 16, 7185 }, // U+017F
    { 14, 14, 240, 1, 14, 25, 7201 }, // U+01A0
    { 10, 10, 176, 1, 10, 13, 7226 }, // U+01A1
    { 12, 14, 224, 1, 14, 21, 7239 }, // U+01AF
    { 10, 10, 160, 1, 10, 13, 7260 }, // U+01B0
    { 8, 16, 128, 0, 14, 16, 7273 }, // U+01C4
    { 8, 16, 128, 0, 14, 16, 7289 }, // U+01C5
    { 8, 16, 128, 0, 14, 16, 7305 }, // U+01C6
    { 8, 16, 128, 0, 14, 16, 7321 }, // U+01C7
    { 8, 16, 128, 0, 14, 16, 7337 }, // U+01C8
    { 8, 16, 128, 0, 14, 16, 7353 }, // U+01C9
    { 8, 16, 128, 0, 14, 16, 7369 }, // U+01CA
    { 8, 16, 128, 0, 14, 16, 7385 }, // U+01CB
    { 8, 16, 128, 0, 14, 16, 7401 }, // U+01CC
    { 12, 18, 208, 0, 18, 27, 7417 }, // U+01CD
    { 9, 14, 176, 1, 14, 16, 7444 }, // U+01CE
    { 6, 18, 96, 0, 18, 14, 7460 }, // U+01CF
    { 6, 14, 64, -1, 14, 11, 7474 }, // U+01D0
    { 13, 18, 240, 1, 18, 30, 7485 }, // U+01D1
    { 9, 14, 176, 1, 14, 16, 7515 }, // U+01D2
    { 11, 18, 224, 1, 18, 25, 7531 }, // U+01D3
    { 8, 14, 160, 1, 14, 14, 7556 }, // U+01D4
    { 11, 19, 224, 1, 19, 27, 7570 }, // U+01D5
    { 8, 16, 160, 1, 16, 16, 7597 }, // U+01D6
    { 11, 21, 224, 1, 21, 29, 7613 }, // U+01D7
    { 8, 18, 160, 1, 18, 18, 7642 }, // U+01D8
    { 11, 21, 224, 1, 21, 29, 7660 }, // U+01D9
    { 8, 18, 160, 1, 18, 18, 7689 }, // U+01DA
    { 11, 21, 224, 1, 21, 29, 7707 }, // U+01DB
    { 8, 18, 160, 1, 18, 18, 7736 }, // U+01DC
    { 8, 10, 160, 1, 10, 10, 7754 }, // U+01DD
    { 12, 19, 208, 0, 19, 29, 7764 }, // U+01DE
    { 9, 16, 176, 1, 16, 18, 7793 }, // U+01DF
    { 12, 19, 208, 0, 19, 29, 7811 }, // U+01E0
    { 9, 15, 176, 1, 15, 17, 7840 }, // U+01E1
    { 16, 16, 288, 1, 16, 32, 7857 }, // U+01E2
    { 14, 12, 272, 2, 12, 21, 7889 }, // U+01E3
    { 14, 14, 240, 1, 14, 25, 7910 }, // U+01E4
    { 9, 14, 176, 1, 10, 16, 7935 }, // U+01E5
    { 13, 18, 240, 1, 18, 30, 7951 }, // U+01E6
    { 9, 18, 176, 1, 14, 21, 7981 }, // U+01E7
    { 12, 18, 208, 2, 18, 27, 8002 }, // U+01E8
    { 9, 18, 144, 0, 18, 21, 8029 }, // U+01E9
    { 13, 18, 240, 1, 14, 30, 8050 }, // U+01EA
    { 9, 14, 176, 1, 10, 16, 8080 }, // U+01EB
    { 13, 20, 240, 1, 16, 33, 8096 }, // U+01EC
    { 9, 16, 176, 1, 12, 18, 8129 }, // U+01ED
    { 8, 16, 128, 0, 14, 16, 8147 }, // U+01EE
    { 8, 16, 128, 0, 14, 16, 8163 }, // U+01EF
    { 6, 18, 64, -1, 14, 14, 8179 }, // U+01F0
    { 8, 16, 128, 0, 14, 16, 8193 }, // U+01F1
    { 8, 16, 128, 0, 14, 16, 8209 }, // U+01F2
    { 8, 16, 128, 0, 14, 16, 8225 }, // U+01F3
    { 13, 18, 240, 1, 18, 30, 8241 }, // U+01F4
    { 9, 18, 176, 1, 14, 21, 8271 }, // U+01F5
    { 8, 16, 128, 0, 14, 16, 8292 }, // U+01F6
    { 8, 16, 128, 0, 14, 16, 8308 }, // U+01F7
    { 11, 18, 224, 1, 18, 25, 8324 }, // U+01F8
    { 8, 14, 160, 1, 14, 14, 8349 }, // U+01F9
    { 12, 21, 208, 0, 21, 32, 8363 }, // U+01FA
    { 9, 18, 176, 1, 18, 21, 8395 }, // U+01FB
    { 16, 18, 288, 1, 18, 36, 8416 }, // U+01FC
    { 14, 14, 272, 2, 14, 25, 8452 }, // U+01FD
    { 14, 18, 240, 0, 18, 32, 8477 }, // U+01FE
    { 11, 14, 176, 0, 14, 20, 8509 }, // U+01FF
    { 12, 18, 208, 0, 18, 27, 8529 }, // U+0200
    { 9, 14, 176, 1, 14, 16, 8556 }, // U+0201
    { 12, 18, 208, 0, 18, 27, 8572 }, // U+0202
    { 9, 14, 176, 1, 14, 16, 8599 }, // U+0203
    { 10, 18, 208, 2, 18, 23, 8615 }, // U+0204
    { 8, 14, 160, 1, 14, 14, 8638 }, // U+0205
    { 10, 18, 208, 2, 18, 23, 8652 }, // U+0206
    { 8, 14, 160, 1, 14, 14, 8675 }, // U+0207
    { 7, 18, 96, -1, 18, 16, 8689 }, // U+0208
    { 7, 14, 64, -2, 14, 13, 8705 }, // U+0209
    { 6, 18, 96, 0, 18, 14, 8718 }, // U+020A
    { 6, 14, 64, -1, 14, 11, 8732 }, // U+020B
    { 13, 18, 240, 1, 18, 30, 8743 }, // U+020C
    { 9, 14, 176, 1, 14, 16, 8773 }, // U+020D
    { 13, 18, 240, 1, 18, 30, 8789 }, // U+020E
    { 9, 14, 176, 1, 14, 16, 8819 }, // U+020F
    { 11, 18, 224, 1, 18, 25, 8835 }, // U+0210
    { 7, 14, 96, -1, 14, 13, 8860 }, // U+0211
    { 11, 18, 224, 1, 18, 25, 8873 }, // U+0212
    { 6, 14, 96, 0, 14, 11, 8898 }, // U+0213
    { 11, 18, 224, 1, 18, 25, 8909 }, // U+0214
    { 8, 14, 160, 1, 14, 14, 8934 }, // U+0215
    { 11, 18, 224, 1, 18, 25, 8948 }, // U+0216
    { 8, 14, 160, 1, 14, 14, 8973 }, // U+0217
    { 10, 20, 208, 1, 14, 25, 8987 }, // U+0218
    { 7, 16, 144, 1, 10, 14, 9012 }, // U+0219
    { 10, 20, 192, 1, 14, 25, 9026 }, // U+021A
    { 6, 19, 96, 0, 13, 15, 9051 }, // U+021B
    { 8, 16, 128, 0, 14, 16, 9066 }, // U+021C
    { 8, 16, 128, 0, 14, 16, 9082 }, // U+021D
    { 11, 18, 224, 1, 18, 25, 9098 }, // U+021E
    { 9, 18, 160, 0, 18, 21, 9123 }, // U+021F
    { 8, 16, 128, 0, 14, 16, 9144 }, // U+0300
    { 8, 16, 128, 0, 14, 16, 9160 }, // U+0301
    { 8, 16, 128, 0, 14, 16, 9176 }, // U+0302
    { 8, 16, 128, 0, 14, 16, 9192 }, // U+0303
    { 8, 16, 128, 0, 14, 16, 9208 }, // U+0304
    { 8, 16, 128, 0, 14, 16, 9224 }, // U+0305
    { 8, 16, 128, 0, 14, 16, 9240 }, // U+0306
    { 8, 16, 128, 0, 14, 16, 9256 }, // U+0307
    { 8, 16, 128, 0, 14, 16, 9272 }, // U+0308
    { 8, 16, 128, 0, 14, 16, 9288 }, // U+0309
    { 8, 16, 128, 0, 14, 16, 9304 }, // U+030A
    { 8, 16, 128, 0, 14, 16, 9320 }, // U+030B
    { 8, 16, 128, 0, 14, 16, 9336 }, // U+030C
    { 8, 16, 128, 0, 14, 16, 9352 }, // U+030D
    { 8, 16, 128, 0, 14, 16, 9368 }, // U+030E
    { 8, 16, 128, 0, 14, 16, 9384 }, // U+030F
    { 8, 16, 128, 0, 14, 16, 9400 }, // U+0310
    { 8, 16, 128, 0, 14, 16, 9416 }, // U+0311
    { 8, 16, 128, 0, 14, 16, 9432 }, // U+0312
    { 8, 16, 128, 0, 14, 16, 9448 }, // U+0313
    { 8, 16, 128, 0, 14, 16, 9464 }, // U+0314
    { 8, 16, 128, 0, 14, 16, 9480 }, // U+0315
    { 8, 16, 128, 0, 14, 16, 9496 }, // U+0316
    { 8, 16, 128, 0, 14, 16, 9512 }, // U+0317
    { 8, 16, 128, 0, 14, 16, 9528 }, // U+0318
    { 8, 16, 128, 0, 14, 16, 9544 }, // U+0319
    { 8, 16, 128, 0, 14, 16, 9560 }, // U+031A
    { 8, 16, 128, 0, 14, 16, 9576 }, // U+031B
    { 8, 16, 128, 0, 14, 16, 9592 }, // U+031C
    { 8, 16, 128, 0, 14, 16, 9608 }, // U+031D
    { 8, 16, 128, 0, 14, 16, 9624 }, // U+031E
    { 8, 16, 128, 0, 14, 16, 9640 }, // U+031F
    { 8, 16, 128, 0, 14, 16, 9656 }, // U+0320
    { 8, 16, 128, 0, 14, 16, 9672 }, // U+0321
    { 8, 16, 128, 0, 14, 16, 9688 }, // U+0322
    { 8, 16, 128, 0, 14, 16, 9704 }, // U+0323
    { 8, 16, 128, 0, 14, 16, 9720 }, // U+0324
    { 8, 16, 128, 0, 14, 16, 9736 }, // U+0325
    { 8, 16, 128, 0, 14, 16, 9752 }, // U+0326
    { 8, 16, 128, 0, 14, 16, 9768 }, // U+0327
    { 8, 16, 128, 0, 14, 16, 9784 }, // U+0328
    { 8, 16, 128, 0, 14, 16, 9800 }, // U+0329
    { 8, 16, 128, 0, 14, 16, 9816 }, // U+032A
    { 8, 16, 128, 0, 14, 16, 9832 }, // U+032B
    { 8, 16, 128, 0, 14, 16, 9848 }, // U+032C
    { 8, 16, 128, 0, 14, 16, 9864 }, // U+032D
    { 8, 16, 128, 0, 14, 16, 9880 }, // U+032E
    { 8, 16, 128, 0, 14, 16, 9896 }, // U+032F
    { 8, 16, 128, 0, 14, 16, 9912 }, // U+0330
    { 8, 16, 128, 0, 14, 16, 9928 }, // U+0331
    { 8, 16, 128, 0, 14, 16, 9944 }, // U+0332
    { 8, 16, 128, 0, 14, 16, 9960 }, // U+0333
    { 8, 16, 128, 0, 14, 16, 9976 }, // U+0334
    { 8, 16, 128, 0, 14, 16, 9992 }, // U+0335
    { 8, 16, 128, 0, 14, 16, 10008 }, // U+0336
    { 8, 16, 128, 0, 14, 16, 10024 }, // U+0337
    { 8, 16, 128, 0, 14, 16, 10040 }, // U+0338
    { 8, 16, 128, 0, 14, 16, 10056 }, // U+0339
    { 8, 16, 128, 0, 14, 16, 10072 }, // U+033A
    { 8, 16, 128, 0, 14, 16, 10088 }, // U+033B
    { 8, 16, 128, 0, 14, 16, 10104 }, // U+033C
    { 8, 16, 128, 0, 14, 16, 10120 }, // U+033D
    { 8, 16, 128, 0, 14, 16, 10136 }, // U+033E
    { 8, 16, 128, 0, 14, 16, 10152 }, // U+033F
    { 8, 16, 128, 0, 14, 16, 10168 }, // U+0340
    { 8, 16, 128, 0, 14, 16, 10184 }, // U+0341
    { 8, 16, 128, 0, 14, 16, 10200 }, // U+0342
    { 8, 16, 128, 0, 14, 16, 10216 }, // U+0343
    { 8, 16, 128, 0, 14, 16, 10232 }, // U+0344
    { 8, 16, 128, 0, 14, 16, 10248 }, // U+0345
    { 8, 16, 128, 0, 14, 16, 10264 }, // U+0346
    { 8, 16, 128, 0, 14, 16, 10280 }, // U+0347
    { 8, 16, 128, 0, 14, 16, 10296 }, // U+0348
    { 8, 16, 128, 0, 14, 16, 10312 }, // U+0349
    { 8, 16, 128, 0, 14, 16, 10328 }, // U+034A
    { 8, 16, 128, 0, 14, 16, 10344 }, // U+034B
    { 8, 16, 128, 0, 14, 16, 10360 }, // U+034C
    { 8, 16, 128, 0, 14, 16, 10376 }, // U+034D
    { 8, 16, 128, 0, 14, 16, 10392 }, // U+034E
    { 16, 16, 256, 0, 14, 32, 10408 }, // U+034F
    { 8, 16, 128, 0, 14, 16, 10440 }, // U+0350
    { 8, 16, 128, 0, 14, 16, 10456 }, // U+0351
    { 8, 16, 128, 0, 14, 16, 10472 }, // U+0352
    { 8, 16, 128, 0, 14, 16, 10488 }, // U+0353
    { 8, 16, 128, 0, 14, 16, 10504 }, // U+0354
    { 8, 16, 128, 0, 14, 16, 10520 }, // U+0355
    { 8, 16, 128, 0, 14, 16, 10536 }, // U+0356
    { 8, 16, 128, 0, 14, 16, 10552 }, // U+0357
    { 8, 16, 128, 0, 14, 16, 10568 }, // U+0358
    { 8, 16, 128, 0, 14, 16, 10584 }, // U+0359
    { 8, 16, 128, 0, 14, 16, 10600 }, // U+035A
    { 8, 16, 128, 0, 14, 16, 10616 }, // U+035B
    { 16, 16, 256, 0, 14, 32, 10632 }, // U+035C
    { 16, 16, 256, 0, 14, 32, 10664 }, // U+035D
    { 16, 16, 256, 0, 14, 32, 10696 }, // U+035E
    { 16, 16, 256, 0, 14, 32, 10728 }, // U+035F
    { 16, 16, 256, 0, 14, 32, 10760 }, // U+0360
    { 16, 16, 256, 0, 14, 32, 10792 }, // U+0361
    { 16, 16, 256, 0, 14, 32, 10824 }, // U+0362
    { 8, 16, 128, 0, 14, 16, 10856 }, // U+0363
    { 8, 16, 128, 0, 14, 16, 10872 }, // U+0364
    { 8, 16, 128, 0, 14, 16, 10888 }, // U+0365
    { 8, 16, 128, 0, 14, 16, 10904 }, // U+0366
    { 8, 16, 128, 0, 14, 16, 10920 }, // U+0367
    { 8, 16, 128, 0, 14, 16, 10936 }, // U+0368
    { 8, 16, 128, 0, 14, 16, 10952 }, // U+0369
    { 8, 16, 128, 0, 14, 16, 10968 }, // U+036A
    { 8, 16, 128, 0, 14, 16, 10984 }, // U+036B
    { 8, 16, 128, 0, 14, 16, 11000 }, // U+036C
    { 8, 16, 128, 0, 14, 16, 11016 }, // U+036D
    { 8, 16, 128, 0, 14, 16, 11032 }, // U+036E
    { 8, 16, 128, 0, 14, 16, 11048 }, // U+036F
    { 8, 16, 128, 0, 14, 16, 11064 }, // U+0400
    { 8, 16, 128, 0, 14, 16, 11080 }, // U+0401
    { 8, 16, 128, 0, 14, 16, 11096 }, // U+0402
    { 8, 16, 128, 0, 14, 16, 11112 }, // U+0403
    { 8, 16, 128, 0, 14, 16, 11128 }, // U+0404
    { 8, 16, 128, 0, 14, 16, 11144 }, // U+0405
    { 8, 16, 128, 0, 14, 16, 11160 }, // U+0406
    { 8, 16, 128, 0, 14, 16, 11176 }, // U+0407
    { 8, 16, 128, 0, 14, 16, 11192 }, // U+0408
    { 8, 16, 128, 0, 14, 16, 11208 }, // U+0409
    { 8, 16, 128, 0, 14, 16, 11224 }, // U+040A
    { 8, 16, 128, 0, 14, 16, 11240 }, // U+040B
    { 8, 16, 128, 0, 14, 16, 11256 }, // U+040C
    { 8, 16, 128, 0, 14, 16, 11272 }, // U+040D
    { 8, 16, 128, 0, 14, 16, 11288 }, // U+040E
    { 8, 16, 128, 0, 14, 16, 11304 }, // U+040F
    { 8, 16, 128, 0, 14, 16, 11320 }, // U+0410
    { 8, 16, 128, 0, 14, 16, 11336 }, // U+0411
    { 8, 16, 128, 0, 14, 16, 11352 }, // U+0412
    { 8, 16, 128, 0, 14, 16, 11368 }, // U+0413
    { 8, 16, 128, 0, 14, 16, 11384 }, // U+0414
    { 8, 16, 128, 0, 14, 16, 11400 }, // U+0415
    { 8, 16, 128, 0, 14, 16, 11416 }, // U+0416
    { 8, 16, 128, 0, 14, 16, 11432 }, // U+0417
    { 8, 16, 128, 0, 14, 16, 11448 }, // U+0418
    { 8, 16, 128, 0, 14, 16, 11464 }, // U+0419
    { 8, 16, 128, 0, 14, 16, 11480 }, // U+041A
    { 8, 16, 128, 0, 14, 16, 11496 }, // U+041B
    { 8, 16, 128, 0, 14, 16, 11512 }, // U+041C
    { 8, 16, 128, 0, 14, 16, 11528 }, // U+041D
    { 8, 16, 128, 0, 14, 16, 11544 }, // U+041E
    { 8, 16, 128, 0, 14, 16, 11560 }, // U+041F
    { 8, 16, 128, 0, 14, 16, 11576 }, // U+0420
    { 8, 16, 128, 0, 14, 16, 11592 }, // U+0421
    { 8, 16, 128, 0, 14, 16, 11608 }, // U+0422
    { 8, 16, 128, 0, 14, 16, 11624 }, // U+0423
    { 8, 16, 128, 0, 14, 16, 11640 }, // U+0424
    { 8, 16, 128, 0, 14, 16, 11656 }, // U+0425
    { 8, 16, 128, 0, 14, 16, 11672 }, // U+0426
    { 8, 16, 128, 0, 14, 16, 11688 }, // U+0427
    { 8, 16, 128, 0, 14, 16, 11704 }, // U+0428
    { 8, 16, 128, 0, 14, 16, 11720 }, // U+0429
    { 8, 16, 128, 0, 14, 16, 11736 }, // U+042A
    { 8, 16, 128, 0, 14, 16, 11752 }, // U+042B
    { 8, 16, 128, 0, 14, 16, 11768 }, // U+042C
    { 8, 16, 128, 0, 14, 16, 11784 }, // U+042D
    { 8, 16, 128, 0, 14, 16, 11800 }, // U+042E
    { 8, 16, 128, 0, 14, 16, 11816 }, // U+042F
    { 8, 16, 128, 0, 14, 16, 11832 }, // U+0430
    { 8, 16, 128, 0, 14, 16, 11848 }, // U+0431
    { 8, 16, 128, 0, 14, 16, 11864 }, // U+0432
    { 8, 16, 128, 0, 14, 16, 11880 }, // U+0433
    { 8, 16, 128, 0, 14, 16, 11896 }, // U+0434
    { 8, 16, 128, 0, 14, 16, 11912 }, // U+0435
    { 8, 16, 128, 0, 14, 16, 11928 }, // U+0436
    { 8, 16, 128, 0, 14, 16, 11944 }, // U+0437
    { 8, 16, 128, 0, 14, 16, 11960 }, // U+0438
    { 8, 16, 128, 0, 14, 16, 11976 }, // U+0439
    { 8, 16, 128, 0, 14, 16, 11992 }, // U+043A
    { 8, 16, 128, 0, 14, 16, 12008 }, // U+043B
    { 8, 16, 128, 0, 14, 16, 12024 }, // U+043C
    { 8, 16, 128, 0, 14, 16, 12040 }, // U+043D
    { 8, 16, 128, 0, 14, 16, 12056 }, // U+043E
    { 8, 16, 128, 0, 14, 16, 12072 }, // U+043F
    { 8, 16, 128, 0, 14, 16, 12088 }, // U+0440
    { 8, 16, 128, 0, 14, 16, 12104 }, // U+0441
    { 8, 16, 128, 0, 14, 16, 12120 }, // U+0442
    { 8, 16, 128, 0, 14, 16, 12136 }, // U+0443
    { 8, 16, 128, 0, 14, 16, 12152 }, // U+0444
    { 8, 16, 128, 0, 14, 16, 12168 }, // U+0445
    { 8, 16, 128, 0, 14, 16, 12184 }, // U+0446
    { 8, 16, 128, 0, 14, 16, 12200 }, // U+0447
    { 8, 16, 128, 0, 14, 16, 12216 }, // U+0448
    { 8, 16, 128, 0, 14, 16, 12232 }, // U+0449
    { 8, 16, 128, 0, 14, 16, 12248 }, // U+044A
    { 8, 16, 128, 0, 14, 16, 12264 }, // U+044B
    { 8, 16, 128, 0, 14, 16, 12280 }, // U+044C
    { 8, 16, 128, 0, 14, 16, 12296 }, // U+044D
    { 8, 16, 128, 0, 14, 16, 12312 }, // U+044E
    { 8, 16, 128, 0, 14, 16, 12328 }, // U+044F
    { 8, 16, 128, 0, 14, 16, 12344 }, // U+0450
    { 8, 16, 128, 0, 14, 16, 12360 }, // U+0451
    { 8, 16, 128, 0, 14, 16, 12376 }, // U+0452
    { 8, 16, 128, 0, 14, 16, 12392 }, // U+0453
    { 8, 16, 128, 0, 14, 16, 12408 }, // U+0454
    { 8, 16, 128, 0, 14, 16, 12424 }, // U+0455
    { 8, 16, 128, 0, 14, 16, 12440 }, // U+0456
    { 8, 16, 128, 0, 14, 16, 12456 }, // U+0457
    { 8, 16, 128, 0, 14, 16, 12472 }, // U+0458
    { 8, 16, 128, 0, 14, 16, 12488 }, // U+0459
    { 8, 16, 128, 0, 14, 16, 12504 }, // U+045A
    { 8, 16, 128, 0, 14, 16, 12520 }, // U+045B
    { 8, 16, 128, 0, 14, 16, 12536 }, // U+045C
    { 8, 16, 128, 0, 14, 16, 12552 }, // U+045D
    { 8, 16, 128, 0, 14, 16, 12568 }, // U+045E
    { 8, 16, 128, 0, 14, 16, 12584 }, // U+045F
    { 8, 16, 128, 0, 14, 16, 12600 }, // U+0460
    { 8, 16, 128, 0, 14, 16, 12616 }, // U+0461
    { 8, 16, 128, 0, 14, 16, 12632 }, // U+0462
    { 8, 16, 128, 0, 14, 16, 12648 }, // U+0463
    { 8, 16, 128, 0, 14, 16, 12664 }, // U+0464
    { 8, 16, 128, 0, 14, 16, 12680 }, // U+0465
    { 8, 16, 128, 0, 14, 16, 12696 }, // U+0466
    { 8, 16, 128, 0, 14, 16, 12712 }, // U+0467
    { 8, 16, 128, 0, 14, 16, 12728 }, // U+0468
    { 8, 16, 128, 0, 14, 16, 12744 }, // U+0469
    { 8, 16, 128, 0, 14, 16, 12760 }, // U+046A
    { 8, 16, 128, 0, 14, 16, 12776 }, // U+046B
    { 8, 16, 128, 0, 14, 16, 12792 }, // U+046C
    { 8, 16, 128, 0, 14, 16, 12808 }, // U+046D
    { 8, 16, 128, 0, 14, 16, 12824 }, // U+046E
    { 8, 16, 128, 0, 14, 16, 12840 }, // U+046F
    { 8, 16, 128, 0, 14, 16, 12856 }, // U+0470
    { 8, 16, 128, 0, 14, 16, 12872 }, // U+0471
    { 8, 16, 128, 0, 14, 16, 12888 }, // U+0472
    { 8, 16, 128, 0, 14, 16, 12904 }, // U+0473
    { 8, 16, 128, 0, 14, 16, 12920 }, // U+0474
    { 8, 16, 128, 0, 14, 16, 12936 }, // U+0475
    { 8, 16, 128, 0, 14, 16, 12952 }, // U+0476
    { 8, 16, 128, 0, 14, 16, 12968 }, // U+0477
    { 8, 16, 128, 0, 14, 16, 12984 }, // U+0478
    { 8, 16, 128, 0, 14, 16, 13000 }, // U+0479
    { 8, 16, 128, 0, 14, 16, 13016 }, // U+047A
    { 8, 16, 128, 0, 14, 16, 13032 }, // U+047B
    { 8, 16, 128, 0, 14, 16, 13048 }, // U+047C
    { 8, 16, 128, 0, 14, 16, 13064 }, // U+047D
    { 8, 16, 128, 0, 14, 16, 13080 }, // U+047E
    { 8, 16, 128, 0, 14, 16, 13096 }, // U+047F
    { 8, 16, 128, 0, 14, 16, 13112 }, // U+0480
    { 8, 16, 128, 0, 14, 16, 13128 }, // U+0481
    { 8, 16, 128, 0, 14, 16, 13144 }, // U+0482
    { 8, 16, 128, 0, 14, 16, 13160 }, // U+0483
    { 8, 16, 128, 0, 14, 16, 13176 }, // U+0484
    { 8, 16, 128, 0, 14, 16, 13192 }, // U+0485
    { 8, 16, 128, 0, 14, 16, 13208 }, // U+0486
    { 8, 16, 128, 0, 14, 16, 13224 }, // U+0487
    { 16, 16, 256, 0, 14, 32, 13240 }, // U+0488
    { 16, 16, 256, 0, 14, 32, 13272 }, // U+0489
    { 8, 16, 128, 0, 14, 16, 13304 }, // U+048A
    { 8, 16, 128, 0, 14, 16, 13320 }, // U+048B
    { 8, 16, 128, 0, 14, 16, 13336 }, // U+048C
    { 8, 16, 128, 0, 14, 16, 13352 }, // U+048D
    { 8, 16, 128, 0, 14, 16, 13368 }, // U+048E
    { 8, 16, 128, 0, 14, 16, 13384 }, // U+048F
    { 8, 16, 128, 0, 14, 16, 13400 }, // U+0490
    { 8, 16, 128, 0, 14, 16, 13416 }, // U+0491
    { 8, 16, 128, 0, 14, 16, 13432 }, // U+0492
    { 8, 16, 128, 0, 14, 16, 13448 }, // U+0493
    { 8, 16, 128, 0, 14, 16, 13464 }, // U+0494
    { 8, 16, 128, 0, 14, 16, 13480 }, // U+0495
    { 8, 16, 128, 0, 14, 16, 13496 }, // U+0496
    { 8, 16, 128, 0, 14, 16, 13512 }, // U+0497
    { 8, 16, 128, 0, 14, 16, 13528 }, // U+0498
    { 8, 16, 128, 0, 14, 16, 13544 }, // U+0499
    { 8, 16, 128, 0, 14, 16, 13560 }, // U+049A
    { 8, 16, 128, 0, 14, 16, 13576 }, // U+049B
    { 8, 16, 128, 0, 14, 16, 13592 }, // U+049C
    { 8, 16, 128, 0, 14, 16, 13608 }, // U+049D
    { 8, 16, 128, 0, 14, 16, 13624 }, // U+049E
    { 8, 16, 128, 0, 14, 16, 13640 }, // U+049F
    { 8, 16, 128, 0, 14, 16, 13656 }, // U+04A0
    { 8, 16, 128, 0, 14, 16, 13672 }, // U+04A1
    { 8, 16, 128, 0, 14, 16, 13688 }, // U+04A2
    { 8, 16, 128, 0, 14, 16, 13704 }, // U+04A3
    { 8, 16, 128, 0, 14, 16, 13720 }, // U+04A4
    { 8, 16, 128, 0, 14, 16, 13736 }, // U+04A5
    { 8, 16, 128, 0, 14, 16, 13752 }, // U+04A6
    { 8, 16, 128, 0, 14, 16, 13768 }, // U+04A7
    { 8, 16, 128, 0, 14, 16, 13784 }, // U+04A8
    { 8, 16, 128, 0, 14, 16, 13800 }, // U+04A9
    { 8, 16, 128, 0, 14, 16, 13816 }, // U+04AA
    { 8, 16, 128, 0, 14, 16, 13832 }, // U+04AB
    { 8, 16, 128, 0, 14, 16, 13848 }, // U+04AC
    { 8, 16, 128, 0, 14, 16, 13864 }, // U+04AD
    { 8, 16, 128, 0, 14, 16, 13880 }, // U+04AE
    { 8, 16, 128, 0, 14, 16, 13896 }, // U+04AF
    { 8, 16, 128, 0, 14, 16, 13912 }, // U+04B0
    { 8, 16, 128, 0, 14, 16, 13928 }, // U+04B1
    { 8, 16, 128, 0, 14, 16, 13944 }, // U+04B2
    { 8, 16, 128, 0, 14, 16, 13960 }, // U+04B3
    { 8, 16, 128, 0, 14, 16, 13976 }, // U+04B4
    { 8, 16, 128, 0, 14, 16, 13992 }, // U+04B5
    { 8, 16, 128, 0, 14, 16, 14008 }, // U+04B6
    { 8, 16, 128, 0, 14, 16, 14024 }, // U+04B7
    { 8, 16, 128, 0, 14, 16, 14040 }, // U+04B8
    { 8, 16, 128, 0, 14, 16, 14056 }, // U+04B9
    { 8, 16, 128, 0, 14, 16, 14072 }, // U+04BA
    { 8, 16, 128, 0, 14, 16, 14088 }, // U+04BB
    { 8, 16, 128, 0, 14, 16, 14104 }, // U+04BC
    { 8, 16, 128, 0, 14, 16, 14120 }, // U+04BD
    { 8, 16, 128, 0, 14, 16, 14136 }, // U+04BE
    { 8, 16, 128, 0, 14, 16, 14152 }, // U+04BF
    { 8, 16, 128, 0, 14, 16, 14168 }, // U+04C0
    { 8, 16, 128, 0, 14, 16, 14184 }, // U+04C1
    { 8, 16, 128, 0, 14, 16, 14200 }, // U+04C2
    { 8, 16, 128, 0, 14, 16, 14216 }, // U+04C3
    { 8, 16, 128, 0, 14, 16, 14232 }, // U+04C4
    { 8, 16, 128, 0, 14, 16, 14248 }, // U+04C5
    { 8, 16, 128, 0, 14, 16, 14264 }, // U+04C6
    { 8, 16, 128, 0, 14, 16, 14280 }, // U+04C7
    { 8, 16, 128, 0, 14, 16, 14296 }, // U+04C8
    { 8, 16, 128, 0, 14, 16, 14312 }, // U+04C9
    { 8, 16, 128, 0, 14, 16, 14328 }, // U+04CA
    { 8, 16, 128, 0, 14, 16, 14344 }, // U+04CB
    { 8, 16, 128, 0, 14, 16, 14360 }, // U+04CC
    { 8, 16, 128, 0, 14, 16, 14376 }, // U+04CD
    { 8, 16, 128, 0, 14, 16, 14392 }, // U+04CE
    { 8, 16, 128, 0, 14, 16, 14408 }, // U+04CF
    { 8, 16, 128, 0, 14, 16, 14424 }, // U+04D0
    { 8, 16, 128, 0, 14, 16, 14440 }, // U+04D1
    { 8, 16, 128, 0, 14, 16, 14456 }, // U+04D2
    { 8, 16, 128, 0, 14, 16, 14472 }, // U+04D3
    { 8, 16, 128, 0, 14, 16, 14488 }, // U+04D4
    { 8, 16, 128, 0, 14, 16, 14504 }, // U+04D5
    { 8, 16, 128, 0, 14, 16, 14520 }, // U+04D6
    { 8, 16, 128, 0, 14, 16, 14536 }, // U+04D7
    { 8, 16, 128, 0, 14, 16, 14552 }, // U+04D8
    { 8, 16, 128, 0, 14, 16, 14568 }, // U+04D9
    { 8, 16, 128, 0, 14, 16, 14584 }, // U+04DA
    { 8, 16, 128, 0, 14, 16, 14600 }, // U+04DB
    { 8, 16, 128, 0, 14, 16, 14616 }, // U+04DC
    { 8, 16, 128, 0, 14, 16, 14632 }, // U+04DD
    { 8, 16, 128, 0, 14, 16, 14648 }, // U+04DE
    { 8, 16, 128, 0, 14, 16, 14664 }, // U+04DF
    { 8, 16, 128, 0, 14, 16, 14680 }, // U+04E0
    { 8, 16, 128, 0, 14, 16, 14696 }, // U+04E1
    { 8, 16, 128, 0, 14, 16, 14712 }, // U+04E2
    { 8, 16, 128, 0, 14, 16, 14728 }, // U+04E3
    { 8, 16, 128, 0, 14, 16, 14744 }, // U+04E4
    { 8, 16, 128, 0, 14, 16, 14760 }, // U+04E5
    { 8, 16, 128, 0, 14, 16, 14776 }, // U+04E6
    { 8, 16, 128, 0, 14, 16, 14792 }, // U+04E7
    { 8, 16, 128, 0, 14, 16, 14808 }, // U+04E8
    { 8, 16, 128, 0, 14, 16, 14824 }, // U+04E9
    { 8, 16, 128, 0, 14, 16, 14840 }, // U+04EA
    { 8, 16, 128, 0, 14, 16, 14856 }, // U+04EB
    { 8, 16, 128, 0, 14, 16, 14872 }, // U+04EC
    { 8, 16, 128, 0, 14, 16, 14888 }, // U+04ED
    { 8, 16, 128, 0, 14, 16, 14904 }, // U+04EE
    { 8, 16, 128, 0, 14, 16, 14920 }, // U+04EF
    { 8, 16, 128, 0, 14, 16, 14936 }, // U+04F0
    { 8, 16, 128, 0, 14, 16, 14952 }, // U+04F1
    { 8, 16, 128, 0, 14, 16, 14968 }, // U+04F2
    { 8, 16, 128, 0, 14, 16, 14984 }, // U+04F3
    { 8, 16, 128, 0, 14, 16, 15000 }, // U+04F4
    { 8, 16, 128, 0, 14, 16, 15016 }, // U+04F5
    { 8, 16, 128, 0, 14, 16, 15032 }, // U+04F6
    { 8, 16, 128, 0, 14, 16, 15048 }, // U+04F7
    { 8, 16, 128, 0, 14, 16, 15064 }, // U+04F8
    { 8, 16, 128, 0, 14, 16, 15080 }, // U+04F9
    { 8, 16, 128, 0, 14, 16, 15096 }, // U+04FA
    { 8, 16, 128, 0, 14, 16, 15112 }, // U+04FB
    { 8, 16, 128, 0, 14, 16, 15128 }, // U+04FC
    { 8, 16, 128, 0, 14, 16, 15144 }, // U+04FD
    { 8, 16, 128, 0, 14, 16, 15160 }, // U+04FE
    { 8, 16, 128, 0, 14, 16, 15176 }, // U+04FF
    { 8, 16, 128, 0, 14, 16, 15192 }, // U+05D0
    { 8, 16, 128, 0, 14, 16, 15208 }, // U+05D1
    { 8, 16, 128, 0, 14, 16, 15224 }, // U+05D2
    { 8, 16, 128, 0, 14, 16, 15240 }, // U+05D3
    { 8, 16, 128, 0, 14, 16, 15256 }, // U+05D4
    { 8, 16, 128, 0, 14, 16, 15272 }, // U+05D5
    { 8, 16, 128, 0, 14, 16, 15288 }, // U+05D6
    { 8, 16, 128, 0, 14, 16, 15304 }, // U+05D7
    { 8, 16, 128, 0, 14, 16, 15320 }, // U+05D8
    { 8, 16, 128, 0, 14, 16, 15336 }, // U+05D9
    { 8, 16, 128, 0, 14, 16, 15352 }, // U+05DA
    { 8, 16, 128, 0, 14, 16, 15368 }, // U+05DB
    { 8, 16, 128, 0, 14, 16, 15384 }, // U+05DC
    { 8, 16, 128, 0, 14, 16, 15400 }, // U+05DD
    { 8, 16, 128, 0, 14, 16, 15416 }, // U+05DE
    { 8, 16, 128, 0, 14, 16, 15432 }, // U+05DF
    { 8, 16, 128, 0, 14, 16, 15448 }, // U+05E0
    { 8, 16, 128, 0, 14, 16, 15464 }, // U+05E1
    { 8, 16, 128, 0, 14, 16, 15480 }, // U+05E2
    { 8, 16, 128, 0, 14, 16, 15496 }, // U+05E3
    { 8, 16, 128, 0, 14, 16, 15512 }, // U+05E4
    { 8, 16, 128, 0, 14, 16, 15528 }, // U+05E5
    { 8, 16, 128, 0, 14, 16, 15544 }, // U+05E6
    { 8, 16, 128, 0, 14, 16, 15560 }, // U+05E7
    { 8, 16, 128, 0, 14, 16, 15576 }, // U+05E8
    { 8, 16, 128, 0, 14, 16, 15592 }, // U+05E9
    { 8, 16, 128, 0, 14, 16, 15608 }, // U+05EA
    { 8, 16, 128, 0, 14, 16, 15624 }, // U+060C
    { 8, 16, 128, 0, 14, 16, 15640 }, // U+061B
    { 8, 16, 128, 0, 14, 16, 15656 }, // U+061F
    { 8, 16, 128, 0, 14, 16, 15672 }, // U+0621
    { 8, 16, 128, 0, 14, 16, 15688 }, // U+0640
    { 8, 16, 128, 0, 14, 16, 15704 }, // U+0654
    { 8, 16, 128, 0, 14, 16, 15720 }, // U+0660
    { 8, 16, 128, 0, 14, 16, 15736 }, // U+0661
    { 8, 16, 128, 0, 14, 16, 15752 }, // U+0662
    { 8, 16, 128, 0, 14, 16, 15768 }, // U+0663
    { 8, 16, 128, 0, 14, 16, 15784 }, // U+0664
    { 8, 16, 128, 0, 14, 16, 15800 }, // U+0665
    { 8, 16, 128, 0, 14, 16, 15816 }, // U+0666
    { 8, 16, 128, 0, 14, 16, 15832 }, // U+0667
    { 8, 16, 128, 0, 14, 16, 15848 }, // U+0668
    { 8, 16, 128, 0, 14, 16, 15864 }, // U+0669
    { 8, 16, 128, 0, 14, 16, 15880 }, // U+06BA
    { 8, 16, 128, 0, 14, 16, 15896 }, // U+06D4
    { 8, 16, 128, 0, 14, 16, 15912 }, // U+06D5
    { 8, 16, 128, 0, 14, 16, 15928 }, // U+06F0
    { 8, 16, 128, 0, 14, 16, 15944 }, // U+06F1
    { 8, 16, 128, 0, 14, 16, 15960 }, // U+06F2
    { 8, 16, 128, 0, 14, 16, 15976 }, // U+06F3
    { 8, 16, 128, 0, 14, 16, 15992 }, // U+06F4
    { 8, 16, 128, 0, 14, 16, 16008 }, // U+06F5
    { 8, 16, 128, 0, 14, 16, 16024 }, // U+06F6
    { 8, 16, 128, 0, 14, 16, 16040 }, // U+06F7
    { 8, 16, 128, 0, 14, 16, 16056 }, // U+06F8
    { 8, 16, 128, 0, 14, 16, 16072 }, // U+06F9
    { 12, 17, 224, 1, 14, 26, 16088 }, // U+1E0C
    { 9, 17, 176, 1, 14, 20, 16114 }, // U+1E0D
    { 11, 17, 224, 1, 14, 24, 16134 }, // U+1E24
    { 8, 17, 160, 1, 14, 17, 16158 }, // U+1E25
    { 9, 17, 176, 1, 14, 20, 16175 }, // U+1E36
    { 2, 17, 64, 1, 14, 5, 16195 }, // U+1E37
    { 9, 19, 176, 1, 16, 22, 16200 }, // U+1E38
    { 5, 19, 64, 0, 16, 12, 16222 }, // U+1E39
    { 9, 16, 176, 1, 14, 18, 16234 }, // U+1E3A
    { 5, 16, 64, 0, 14, 10, 16252 }, // U+1E3B
    { 14, 17, 256, 1, 17, 30, 16262 }, // U+1E40
    { 14, 13, 256, 1, 13, 23, 16292 }, // U+1E41
    { 14, 17, 256, 1, 14, 30, 16315 }, // U+1E42
    { 14, 13, 256, 1, 10, 23, 16345 }, // U+1E43
    { 11, 17, 224, 1, 17, 24, 16368 }, // U+1E44
    { 8, 13, 160, 1, 13, 13, 16392 }, // U+1E45
    { 11, 17, 224, 1, 14, 24, 16405 }, // U+1E46
    { 8, 13, 160, 1, 10, 13, 16429 }, // U+1E47
    { 11, 16, 224, 1, 14, 22, 16442 }, // U+1E48
    { 8, 12, 160, 1, 10, 12, 16464 }, // U+1E49
    { 11, 17, 224, 1, 14, 24, 16476 }, // U+1E5A
    { 5, 13, 96, 1, 10, 9, 16500 }, // U+1E5B
    { 11, 19, 224, 1, 16, 27, 16509 }, // U+1E5C
    { 5, 15, 96, 1, 12, 10, 16536 }, // U+1E5D
    { 11, 16, 224, 1, 14, 22, 16546 }, // U+1E5E
    { 6, 12, 96, 0, 10, 9, 16568 }, // U+1E5F
    { 10, 17, 208, 1, 14, 22, 16577 }, // U+1E62
    { 7, 13, 144, 1, 10, 12, 16599 }, // U+1E63
    { 10, 17, 192, 1, 14, 22, 16611 }, // U+1E6C
    { 6, 16, 96, 0, 13, 12, 16633 }, // U+1E6D
    { 12, 17, 208, 0, 14, 26, 16645 }, // U+1EA0
    { 9, 13, 176, 1, 10, 15, 16671 }, // U+1EA1
    { 8, 16, 128, 0, 14, 16, 16686 }, // U+1EA2
    { 8, 16, 128, 0, 14, 16, 16702 }, // U+1EA3
    { 12, 22, 208, 0, 22, 33, 16718 }, // U+1EA4
    { 9, 18, 176, 1, 18, 21, 16751 }, // U+1EA5
    { 12, 22, 208, 0, 22, 33, 16772 }, // U+1EA6
    { 9, 18, 176, 1, 18, 21, 16805 }, // U+1EA7
    { 8, 16, 128, 0, 14, 16, 16826 }, // U+1EA8
    { 8, 16, 128, 0, 14, 16, 16842 }, // U+1EA9
    { 12, 22, 208, 0, 22, 33, 16858 }, // U+1EAA
    { 9, 18, 176, 1, 18, 21, 16891 }, // U+1EAB
    { 12, 21, 208, 0, 18, 32, 16912 }, // U+1EAC
    { 9, 17, 176, 1, 14, 20, 16944 }, // U+1EAD
    { 12, 22, 208, 0, 22, 33, 16964 }, // U+1EAE
    { 9, 18, 176, 1, 18, 21, 16997 }, // U+1EAF
    { 12, 22, 208, 0, 22, 33, 17018 }, // U+1EB0
    { 9, 18, 176, 1, 18, 21, 17051 }, // U+1EB1
    { 8, 16, 128, 0, 14, 16, 17072 }, // U+1EB2
    { 8, 16, 128, 0, 14, 16, 17088 }, // U+1EB3
    { 12, 22, 208, 0, 22, 33, 17104 }, // U+1EB4
    { 9, 18, 176, 1, 18, 21, 17137 }, // U+1EB5
    { 12, 21, 208, 0, 18, 32, 17158 }, // U+1EB6
    { 9, 17, 176, 1, 14, 20, 17190 }, // U+1EB7
    { 10, 17, 208, 2, 14, 22, 17210 }, // U+1EB8
    { 8, 13, 160, 1, 10, 13, 17232 }, // U+1EB9
    { 8, 16, 128, 0, 14, 16, 17245 }, // U+1EBA
    { 8, 16, 128, 0, 14, 16, 17261 }, // U+1EBB
    { 10, 18, 208, 2, 18, 23, 17277 }, // U+1EBC
    { 8, 14, 160, 1, 14, 14, 17300 }, // U+1EBD
    { 10, 22, 208, 2, 22, 28, 17314 }, // U+1EBE
    { 8, 18, 160, 1, 18, 18, 17342 }, // U+1EBF
    { 10, 22, 208, 2, 22, 28, 17360 }, // U+1EC0
    { 8, 18, 160, 1, 18, 18, 17388 }, // U+1EC1
    { 8, 16, 128, 0, 14, 16, 17406 }, // U+1EC2
    { 8, 16, 128, 0, 14, 16, 17422 }, // U+1EC3
    { 10, 22, 208, 2, 22, 28, 17438 }, // U+1EC4
    { 8, 18, 160, 1, 18, 18, 17466 }, // U+1EC5
    { 10, 21, 208, 2, 18, 27, 17484 }, // U+1EC6
    { 8, 17, 160, 1, 14, 17, 17511 }, // U+1EC7
    { 8, 16, 128, 0, 14, 16, 17528 }, // U+1EC8
    { 8, 16, 128, 0, 14, 16, 17544 }, // U+1EC9
    { 2, 17, 96, 2, 14, 5, 17560 }, // U+1ECA
    { 2, 17, 64, 1, 14, 5, 17565 }, // U+1ECB
    { 13, 17, 240, 1, 14, 28, 17570 }, // U+1ECC
    { 9, 13, 176, 1, 10, 15, 17598 }, // U+1ECD
    { 8, 16, 128, 0, 14, 16, 17613 }, // U+1ECE
    { 8, 16, 128, 0, 14, 16, 17629 }, // U+1ECF
    { 13, 22, 240, 1, 22, 36, 17645 }, // U+1ED0
    { 9, 18, 176, 1, 18, 21, 17681 }, // U+1ED1
    { 13, 22, 240, 1, 22, 36, 17702 }, // U+1ED2
    { 9, 18, 176, 1, 18, 21, 17738 }, // U+1ED3
    { 8, 16, 128, 0, 14, 16, 17759 }, // U+1ED4
    { 8, 16, 128, 0, 14, 16, 17775 }, // U+1ED5
    { 13, 22, 240, 1, 22, 36, 17791 }, // U+1ED6
    { 9, 18, 176, 1, 18, 21, 17827 }, // U+1ED7
    { 13, 21, 240, 1, 18, 35, 17848 }, // U+1ED8
    { 9, 17, 176, 1, 14, 20, 17883 }, // U+1ED9
    { 14, 18, 240, 1, 18, 32, 17903 }, // U+1EDA
    { 10, 14, 176, 1, 14, 18, 17935 }, // U+1EDB
    { 14, 18, 240, 1, 18, 32, 17953 }, // U+1EDC
    { 10, 14, 176, 1, 14, 18, 17985 }, // U+1EDD
    { 8, 16, 128, 0, 14, 16, 18003 }, // U+1EDE
    { 8, 16, 128, 0, 14, 16, 18019 }, // U+1EDF
    { 14, 18, 240, 1, 18, 32, 18035 }, // U+1EE0
    { 10, 14, 176, 1, 14, 18, 18067 }, // U+1EE1
    { 14, 17, 240, 1, 14, 30, 18085 }, // U+1EE2
    { 10, 13, 176, 1, 10, 17, 18115 }, // U+1EE3
    { 11, 17, 224, 1, 14, 24, 18132 }, // U+1EE4
    { 8, 13, 160, 1, 10, 13, 18156 }, // U+1EE5
    { 8, 16, 128, 0, 14, 16, 18169 }, // U+1EE6
    { 8, 16, 128, 0, 14, 16, 18185 }, // U+1EE7
    { 12, 18, 224, 1, 18, 27, 18201 }, // U+1EE8
    { 10, 14, 160, 1, 14, 18, 18228 }, // U+1EE9
    { 12, 18, 224, 1, 18, 27, 18246 }, // U+1EEA
    { 10, 14, 160, 1, 14, 18, 18273 }, // U+1EEB
    { 8, 16, 128, 0, 14, 16, 18291 }, // U+1EEC
    { 8, 16, 128, 0, 14, 16, 18307 }, // U+1EED
    { 12, 18, 224, 1, 18, 27, 18323 }, // U+1EEE
    { 10, 14, 160, 1, 14, 18, 18350 }, // U+1EEF
    { 12, 17, 224, 1, 14, 26, 18368 }, // U+1EF0
    { 10, 13, 160, 1, 10, 17, 18394 }, // U+1EF1
    { 12, 18, 208, 0, 18, 27, 18411 }, // U+1EF2
    { 8, 18, 160, 1, 14, 18, 18438 }, // U+1EF3
    { 12, 17, 208, 0, 14, 26, 18456 }, // U+1EF4
    { 8, 17, 160, 1, 10, 17, 18482 }, // U+1EF5
    { 8, 16, 128, 0, 14, 16, 18499 }, // U+1EF6
    { 8, 16, 128, 0, 14, 16, 18515 }, // U+1EF7
    { 12, 18, 208, 0, 18, 27, 18531 }, // U+1EF8
    { 8, 18, 160, 1, 14, 18, 18558 }, // U+1EF9
    { 1, 1, 160, 0, 1, 1, 18576 }, // U+2000
    { 1, 1, 304, 0, 1, 1, 18577 }, // U+2001
    { 1, 1, 160, 0, 1, 1, 18578 }, // U+2002
    { 1, 1, 304, 0, 1, 1, 18579 }, // U+2003
    { 1, 1, 96, 0, 1, 1, 18580 }, // U+2004
    { 1, 1, 80, 0, 1, 1, 18581 }, // U+2005
    { 1, 1, 48, 0, 1, 1, 18582 }, // U+2006
    { 1, 1, 160, 0, 1, 1, 18583 }, // U+2007
    { 1, 1, 80, 0, 1, 1, 18584 }, // U+2008
    { 1, 1, 64, 0, 1, 1, 18585 }, // U+2009
    { 1, 1, 32, 0, 1, 1, 18586 }, // U+200A
    { 1, 1, 0, 0, 1, 1, 18587 }, // U+200B
    { 16, 16, 256, 0, 14, 32, 18588 }, // U+200C
    { 16, 16, 256, 0, 14, 32, 18620 }, // U+200D
    { 16, 16, 256, 0, 14, 32, 18652 }, // U+200E
    { 16, 16, 256, 0, 14, 32, 18684 }, // U+200F
    { 5, 1, 96, 0, 6, 1, 18716 }, // U+2010
    { 5, 1, 96, 0, 6, 1, 18717 }, // U+2011
    { 11, 1, 176, 0, 6, 2, 18718 }, // U+2012
    { 11, 1, 176, 0, 6, 2, 18720 }, // U+2013
    { 19, 1, 304, 0, 6, 3, 18722 }, // U+2014
    { 19, 1, 304, 0, 6, 3, 18725 }, // U+2015
    { 8, 16, 128, 0, 14, 16, 18728 }, // U+2016
    { 8, 16, 128, 0, 14, 16, 18744 }, // U+2017
    { 2, 5, 64, 1, 14, 2, 18760 }, // U+2018
    { 2, 5, 64, 1, 14, 2, 18762 }, // U+2019
    { 2, 5, 64, 1, 2, 2, 18764 }, // U+201A
    { 2, 5, 64, 1, 14, 2, 18766 }, // U+201B
    { 5, 5, 112, 1, 14, 4, 18768 }, // U+201C
    { 5, 5, 112, 1, 14, 4, 18772 }, // U+201D
    { 5, 5, 112, 1, 2, 4, 18776 }, // U+201E
    { 5, 5, 112, 1, 14, 4, 18780 }, // U+201F
    { 8, 18, 160, 1, 14, 18, 18784 }, // U+2020
    { 8, 18, 160, 1, 14, 18, 18802 }, // U+2021
    { 4, 5, 96, 1, 9, 3, 18820 }, // U+2022
    { 8, 16, 128, 0, 14, 16, 18823 }, // U+2023
    { 8, 16, 128, 0, 14, 16, 18839 }, // U+2024
    { 8, 16, 128, 0, 14, 16, 18855 }, // U+2025
    { 14, 2, 304, 2, 2, 4, 18871 }, // U+2026
    { 8, 16, 128, 0, 14, 16, 18875 }, // U+2027
    { 16, 16, 256, 0, 14, 32, 18891 }, // U+2028
    { 16, 16, 256, 0, 14, 32, 18923 }, // U+2029
    { 16, 16, 256, 0, 14, 32, 18955 }, // U+202A
    { 16, 16, 256, 0, 14, 32, 18987 }, // U+202B
    { 16, 16, 256, 0, 14, 32, 19019 }, // U+202C
    { 16, 16, 256, 0, 14, 32, 19051 }, // U+202D
    { 16, 16, 256, 0, 14, 32, 19083 }, // U+202E
    { 8, 16, 128, 0, 14, 16, 19115 }, // U+202F
    { 19, 13, 320, 1, 13, 31, 19131 }, // U+2030
    { 8, 16, 128, 0, 14, 16, 19162 }, // U+2031
    { 8, 16, 128, 0, 14, 16, 19178 }, // U+2032
    { 8, 16, 128, 0, 14, 16, 19194 }, // U+2033
    { 8, 16, 128, 0, 14, 16, 19210 }, // U+2034
    { 8, 16, 128, 0, 14, 16, 19226 }, // U+2035
    { 8, 16, 128, 0, 14, 16, 19242 }, // U+2036
    { 8, 16, 128, 0, 14, 16, 19258 }, // U+2037
    { 8, 16, 128, 0, 14, 16, 19274 }, // U+2038
    { 4, 8, 96, 1, 9, 4, 19290 }, // U+2039
    { 4, 8, 96, 1, 9, 4, 19294 }, // U+203A
    { 8, 16, 128, 0, 14, 16, 19298 }, // U+203B
    { 8, 16, 128, 0, 14, 16, 19314 }, // U+203C
    { 8, 16, 128, 0, 14, 16, 19330 }, // U+203D
    { 8, 16, 128, 0, 14, 16, 19346 }, // U+203E
    { 8, 16, 128, 0, 14, 16, 19362 }, // U+203F
    { 8, 16, 128, 0, 14, 16, 19378 }, // U+2040
    { 8, 16, 128, 0, 14, 16, 19394 }, // U+2041
    { 8, 16, 128, 0, 14, 16, 19410 }, // U+2042
    { 8, 16, 128, 0, 14, 16, 19426 }, // U+2043
    { 9, 13, 96, -2, 13, 15, 19442 }, // U+2044
    { 8, 16, 128, 0, 14, 16, 19457 }, // U+2045
    { 8, 16, 128, 0, 14, 16, 19473 }, // U+2046
    { 8, 16, 128, 0, 14, 16, 19489 }, // U+2047
    { 8, 16, 128, 0, 14, 16, 19505 }, // U+2048
    { 8, 16, 128, 0, 14, 16, 19521 }, // U+2049
    { 8, 16, 128, 0, 14, 16, 19537 }, // U+204A
    { 8, 16, 128, 0, 14, 16, 19553 }, // U+204B
    { 8, 16, 128, 0, 14, 16, 19569 }, // U+204C
    { 8, 16, 128, 0, 14, 16, 19585 }, // U+204D
    { 8, 16, 128, 0, 14, 16, 19601 }, // U+204E
    { 8, 16, 128, 0, 14, 16, 19617 }, // U+204F
    { 8, 16, 128, 0, 14, 16, 19633 }, // U+2050
    { 8, 16, 128, 0, 14, 16, 19649 }, // U+2051
    { 8, 16, 128, 0, 14, 16, 19665 }, // U+2052
    { 8, 16, 128, 0, 14, 16, 19681 }, // U+2053
    { 8, 16, 128, 0, 14, 16, 19697 }, // U+2054
    { 8, 16, 128, 0, 14, 16, 19713 }, // U+2055
    { 8, 16, 128, 0, 14, 16, 19729 }, // U+2056
    { 16, 16, 256, 0, 14, 32, 19745 }, // U+2057
    { 8, 16, 128, 0, 14, 16, 19777 }, // U+2058
    { 8, 16, 128, 0, 14, 16, 19793 }, // U+2059
    { 8, 16, 128, 0, 14, 16, 19809 }, // U+205A
    { 8, 16, 128, 0, 14, 16, 19825 }, // U+205B
    { 8, 16, 128, 0, 14, 16, 19841 }, // U+205C
    { 8, 16, 128, 0, 14, 16, 19857 }, // U+205D
    { 8, 16, 128, 0, 14, 16, 19873 }, // U+205E
    { 8, 16, 128, 0, 14, 16, 19889 }, // U+205F
    { 16, 16, 256, 0, 14, 32, 19905 }, // U+2060
    { 16, 16, 256, 0, 14, 32, 19937 }, // U+2061
    { 16, 16, 256, 0, 14, 32, 19969 }, // U+2062
    { 16, 16, 256, 0, 14, 32, 20001 }, // U+2063
    { 16, 16, 256, 0, 14, 32, 20033 }, // U+2064
    { 16, 16, 256, 0, 14, 32, 20065 }, // U+2065
    { 16, 16, 256, 0, 14, 32, 20097 }, // U+2066
    { 16, 16, 256, 0, 14, 32, 20129 }, // U+2067
    { 16, 16, 256, 0, 14, 32, 20161 }, // U+2068
    { 16, 16, 256, 0, 14, 32, 20193 }, // U+2069
    { 16, 16, 256, 0, 14, 32, 20225 }, // U+206A
    { 16, 16, 256, 0, 14, 32, 20257 }, // U+206B
    { 16, 16, 256, 0, 14, 32, 20289 }, // U+206C
    { 16, 16, 256, 0, 14, 32, 20321 }, // U+206D
    { 16, 16, 256, 0, 14, 32, 20353 }, // U+206E
    { 16, 16, 256, 0, 14, 32, 20385 }, // U+206F
    { 8, 16, 128, 0, 14, 16, 20417 }, // U+2070
    { 8, 16, 128, 0, 14, 16, 20433 }, // U+2071
    { 16, 16, 256, 0, 14, 32, 20449 }, // U+2072
    { 16, 16, 256, 0, 14, 32, 20481 }, // U+2073
    { 8, 16, 128, 0, 14, 16, 20513 }, // U+2074
    { 8, 16, 128, 0, 14, 16, 20529 }, // U+2075
    { 8, 16, 128, 0, 14, 16, 20545 }, // U+2076
    { 8, 16, 128, 0, 14, 16, 20561 }, // U+2077
    { 8, 16, 128, 0, 14, 16, 20577 }, // U+2078
    { 8, 16, 128, 0, 14, 16, 20593 }, // U+2079
    { 8, 16, 128, 0, 14, 16, 20609 }, // U+207A
    { 8, 16, 128, 0, 14, 16, 20625 }, // U+207B
    { 8, 16, 128, 0, 14, 16, 20641 }, // U+207C
    { 8, 16, 128, 0, 14, 16, 20657 }, // U+207D
    { 8, 16, 128, 0, 14, 16, 20673 }, // U+207E
    { 8, 16, 128, 0, 14, 16, 20689 }, // U+207F
    { 8, 16, 128, 0, 14, 16, 20705 }, // U+2080
    { 4, 8, 96, 0, 4, 4, 20721 }, // U+2081
    { 5, 8, 96, 0, 4, 5, 20725 }, // U+2082
    { 5, 8, 96, 0, 4, 5, 20730 }, // U+2083
    { 8, 16, 128, 0, 14, 16, 20735 }, // U+2084
    { 8, 16, 128, 0, 14, 16, 20751 }, // U+2085
    { 8, 16, 128, 0, 14, 16, 20767 }, // U+2086
    { 8, 16, 128, 0, 14, 16, 20783 }, // U+2087
    { 8, 16, 128, 0, 14, 16, 20799 }, // U+2088
    { 8, 16, 128, 0, 14, 16, 20815 }, // U+2089
    { 8, 16, 128, 0, 14, 16, 20831 }, // U+208A
    { 8, 16, 128, 0, 14, 16, 20847 }, // U+208B
    { 8, 16, 128, 0, 14, 16, 20863 }, // U+208C
    { 8, 16, 128, 0, 14, 16, 20879 }, // U+208D
    { 8, 16, 128, 0, 14, 16, 20895 }, // U+208E
    { 8, 16, 128, 0, 14, 16, 20911 }, // U+208F
    { 8, 16, 128, 0, 14, 16, 20927 }, // U+2090
    { 8, 16, 128, 0, 14, 16, 20943 }, // U+2091
    { 8, 16, 128, 0, 14, 16, 20959 }, // U+2092
    { 8, 16, 128, 0, 14, 16, 20975 }, // U+2093
    { 8, 16, 128, 0, 14, 16, 20991 }, // U+2094
    { 8, 16, 128, 0, 14, 16, 21007 }, // U+2095
    { 8, 16, 128, 0, 14, 16, 21023 }, // U+2096
    { 8, 16, 128, 0, 14, 16, 21039 }, // U+2097
    { 8, 16, 128, 0, 14, 16, 21055 }, // U+2098
    { 8, 16, 128, 0, 14, 16, 21071 }, // U+2099
    { 8, 16, 128, 0, 14, 16, 21087 }, // U+209A
    { 8, 16, 128, 0, 14, 16, 21103 }, // U+209B
    { 8, 16, 128, 0, 14, 16, 21119 }, // U+209C
    { 8, 16, 128, 0, 14, 16, 21135 }, // U+209D
    { 8, 16, 128, 0, 14, 16, 21151 }, // U+209E
    { 8, 16, 128, 0, 14, 16, 21167 }, // U+209F
    { 8, 16, 128, 0, 14, 16, 21183 }, // U+20A0
    { 8, 16, 128, 0, 14, 16, 21199 }, // U+20A1
    { 8, 16, 128, 0, 14, 16, 21215 }, // U+20A2
    { 8, 16, 128, 0, 14, 16, 21231 }, // U+20A3
    { 8, 16, 128, 0, 14, 16, 21247 }, // U+20A4
    { 14, 14, 256, 1, 12, 25, 21263 }, // U+20A5
    { 11, 14, 224, 1, 14, 20, 21288 }, // U+20A6
    { 8, 16, 128, 0, 14, 16, 21308 }, // U+20A7
    { 8, 16, 128, 0, 14, 16, 21324 }, // U+20A8
    { 16, 14, 288, 1, 14, 28, 21340 }, // U+20A9
    { 8, 16, 128, 0, 14, 16, 21368 }, // U+20AA
    { 8, 16, 128, 0, 14, 16, 21384 }, // U+20AB
    { 13, 14, 224, 0, 14, 23, 21400 }, // U+20AC
    { 12, 14, 208, 2, 14, 21, 21423 }, // U+20AD
    { 8, 16, 128, 0, 14, 16, 21444 }, // U+20AE
    { 8, 16, 128, 0, 14, 16, 21460 }, // U+20AF
    { 8, 16, 128, 0, 14, 16, 21476 }, // U+20B0
    { 8, 16, 128, 0, 14, 16, 21492 }, // U+20B1
    { 8, 16, 128, 0, 14, 16, 21508 }, // U+20B2
    { 8, 16, 128, 0, 14, 16, 21524 }, // U+20B3
    { 8, 16, 128, 0, 14, 16, 21540 }, // U+20B4
    { 8, 16, 128, 0, 14, 16, 21556 }, // U+20B5
    { 8, 16, 128, 0, 14, 16, 21572 }, // U+20B6
    { 8, 16, 128, 0, 14, 16, 21588 }, // U+20B7
    { 8, 16, 128, 0, 14, 16, 21604 }, // U+20B8
    { 16, 16, 256, 0, 14, 32, 21620 }, // U+20B9
    { 8, 16, 128, 0, 14, 16, 21652 }, // U+20BA
    { 8, 16, 128, 0, 14, 16, 21668 }, // U+20BB
    { 8, 16, 128, 0, 14, 16, 21684 }, // U+20BC
    { 8, 16, 128, 0, 14, 16, 21700 }, // U+20BD
    { 8, 16, 128, 0, 14, 16, 21716 }, // U+20BE
    { 8, 16, 128, 0, 14, 16, 21732 }, // U+20BF
    { 8, 16, 128, 0, 14, 16, 21748 }, // U+20C0
    { 8, 16, 128, 0, 14, 16, 21764 }, // U+20C1
    { 8, 16, 128, 0, 14, 16, 21780 }, // U+20C2
    { 8, 16, 128, 0, 14, 16, 21796 }, // U+20C3
    { 8, 16, 128, 0, 14, 16, 21812 }, // U+20C4
    { 16, 16, 256, 0, 14, 32, 21828 }, // U+20C5
    { 16, 16, 256, 0, 14, 32, 21860 }, // U+20C6
    { 16, 16, 256, 0, 14, 32, 21892 }, // U+20C7
    { 16, 16, 256, 0, 14, 32, 21924 }, // U+20C8
    { 16, 16, 256, 0, 14, 32, 21956 }, // U+20C9
    { 16, 16, 256, 0, 14, 32, 21988 }, // U+20CA
    { 16, 16, 256, 0, 14, 32, 22020 }, // U+20CB
    { 16, 16, 256, 0, 14, 32, 22052 }, // U+20CC
    { 16, 16, 256, 0, 14, 32, 22084 }, // U+20CD
    { 16, 16, 256, 0, 14, 32, 22116 }, // U+20CE
    { 16, 16, 256, 0, 14, 32, 22148 }, // U+20CF
    { 8, 16, 128, 0, 14, 16, 22180 }, // U+2190
    { 8, 16, 128, 0, 14, 16, 22196 }, // U+2191
    { 8, 16, 128, 0, 14, 16, 22212 }, // U+2192
    { 8, 16, 128, 0, 14, 16, 22228 }, // U+2193
    { 8, 16, 128, 0, 14, 16, 22244 }, // U+2194
    { 8, 16, 128, 0, 14, 16, 22260 }, // U+2195
    { 8, 16, 128, 0, 14, 16, 22276 }, // U+2196
    { 8, 16, 128, 0, 14, 16, 22292 }, // U+2197
    { 8, 16, 128, 0, 14, 16, 22308 }, // U+2198
    { 8, 16, 128, 0, 14, 16, 22324 }, // U+2199
    { 8, 16, 128, 0, 14, 16, 22340 }, // U+219A
    { 8, 16, 128, 0, 14, 16, 22356 }, // U+219B
    { 16, 16, 256, 0, 14, 32, 22372 }, // U+219C
    { 16, 16, 256, 0, 14, 32, 22404 }, // U+219D
    { 8, 16, 128, 0, 14, 16, 22436 }, // U+219E
    { 8, 16, 128, 0, 14, 16, 22452 }, // U+219F
    { 8, 16, 128, 0, 14, 16, 22468 }, // U+21A0
    { 8, 16, 128, 0, 14, 16, 22484 }, // U+21A1
    { 8, 16, 128, 0, 14, 16, 22500 }, // U+21A2
    { 8, 16, 128, 0, 14, 16, 22516 }, // U+21A3
    { 8, 16, 128, 0, 14, 16, 22532 }, // U+21A4
    { 8, 16, 128, 0, 14, 16, 22548 }, // U+21A5
    { 8, 16, 128, 0, 14, 16, 22564 }, // U+21A6
    { 8, 16, 128, 0, 14, 16, 22580 }, // U+21A7
    { 8, 16, 128, 0, 14, 16, 22596 }, // U+21A8
    { 8, 16, 128, 0, 14, 16, 22612 }, // U+21A9
    { 8, 16, 128, 0, 14, 16, 22628 }, // U+21AA
    { 8, 16, 128, 0, 14, 16, 22644 }, // U+21AB
    { 8, 16, 128, 0, 14, 16, 22660 }, // U+21AC
    { 8, 16, 128, 0, 14, 16, 22676 }, // U+21AD
    { 8, 16, 128, 0, 14, 16, 22692 }, // U+21AE
    { 8, 16, 128, 0, 14, 16, 22708 }, // U+21AF
    { 8, 16, 128, 0, 14, 16, 22724 }, // U+21B0
    { 8, 16, 128, 0, 14, 16, 22740 }, // U+21B1
    { 8, 16, 128, 0, 14, 16, 22756 }, // U+21B2
    { 8, 16, 128, 0, 14, 16, 22772 }, // U+21B3
    { 8, 16, 128, 0, 14, 16, 22788 }, // U+21B4
    { 8, 16, 128, 0, 14, 16, 22804 }, // U+21B5
    { 8, 16, 128, 0, 14, 16, 22820 }, // U+21B6
    { 8, 16, 128, 0, 14, 16, 22836 }, // U+21B7
    { 8, 16, 128, 0, 14, 16, 22852 }, // U+21B8
    { 8, 16, 128, 0, 14, 16, 22868 }, // U+21B9
    { 8, 16, 128, 0, 14, 16, 22884 }, // U+21BA
    { 8, 16, 128, 0, 14, 16, 22900 }, // U+21BB
    { 8, 16, 128, 0, 14, 16, 22916 }, // U+21BC
    { 8, 16, 128, 0, 14, 16, 22932 }, // U+21BD
    { 8, 16, 128, 0, 14, 16, 22948 }, // U+21BE
    { 8, 16, 128, 0, 14, 16, 22964 }, // U+21BF
    { 8, 16, 128, 0, 14, 16, 22980 }, // U+21C0
    { 8, 16, 128, 0, 14, 16, 22996 }, // U+21C1
    { 8, 16, 128, 0, 14, 16, 23012 }, // U+21C2
    { 8, 16, 128, 0, 14, 16, 23028 }, // U+21C3
    { 8, 16, 128, 0, 14, 16, 23044 }, // U+21C4
    { 8, 16, 128, 0, 14, 16, 23060 }, // U+21C5
    { 8, 16, 128, 0, 14, 16, 23076 }, // U+21C6
    { 8, 16, 128, 0, 14, 16, 23092 }, // U+21C7
    { 8, 16, 128, 0, 14, 16, 23108 }, // U+21C8
    { 8, 16, 128, 0, 14, 16, 23124 }, // U+21C9
    { 8, 16, 128, 0, 14, 16, 23140 }, // U+21CA
    { 8, 16, 128, 0, 14, 16, 23156 }, // U+21CB
    { 8, 16, 128, 0, 14, 16, 23172 }, // U+21CC
    { 8, 16, 128, 0, 14, 16, 23188 }, // U+21CD
    { 8, 16, 128, 0, 14, 16, 23204 }, // U+21CE
    { 8, 16, 128, 0, 14, 16, 23220 }, // U+21CF
    { 8, 16, 128, 0, 14, 16, 23236 }, // U+21D0
    { 8, 16, 128, 0, 14, 16, 23252 }, // U+21D1
    { 8, 16, 128, 0, 14, 16, 23268 }, // U+21D2
    { 8, 16, 128, 0, 14, 16, 23284 }, // U+21D3
    { 8, 16, 128, 0, 14, 16, 23300 }, // U+21D4
    { 8, 16, 128, 0, 14, 16, 23316 }, // U+21D5
    { 8, 16, 128, 0, 14, 16, 23332 }, // U+21D6
    { 8, 16, 128, 0, 14, 16, 23348 }, // U+21D7
    { 8, 16, 128, 0, 14, 16, 23364 }, // U+21D8
    { 8, 16, 128, 0, 14, 16, 23380 }, // U+21D9
    { 8, 16, 128, 0, 14, 16, 23396 }, // U+21DA
    { 8, 16, 128, 0, 14, 16, 23412 }, // U+21DB
    { 8, 16, 128, 0, 14, 16, 23428 }, // U+21DC
    { 8, 16, 128, 0, 14, 16, 23444 }, // U+21DD
    { 8, 16, 128, 0, 14, 16, 23460 }, // U+21DE
    { 8, 16, 128, 0, 14, 16, 23476 }, // U+21DF
    { 8, 16, 128, 0, 14, 16, 23492 }, // U+21E0
    { 8, 16, 128, 0, 14, 16, 23508 }, // U+21E1
    { 8, 16, 128, 0, 14, 16, 23524 }, // U+21E2
    { 8, 16, 128, 0, 14, 16, 23540 }, // U+21E3
    { 8, 16, 128, 0, 14, 16, 23556 }, // U+21E4
    { 8, 16, 128, 0, 14, 16, 23572 }, // U+21E5
    { 8, 16, 128, 0, 14, 16, 23588 }, // U+21E6
    { 8, 16, 128, 0, 14, 16, 23604 }, // U+21E7
    { 8, 16, 128, 0, 14, 16, 23620 }, // U+21E8
    { 8, 16, 128, 0, 14, 16, 23636 }, // U+21E9
    { 8, 16, 128, 0, 14, 16, 23652 }, // U+21EA
    { 8, 16, 128, 0, 14, 16, 23668 }, // U+21EB
    { 8, 16, 128, 0, 14, 16, 23684 }, // U+21EC
    { 8, 16, 128, 0, 14, 16, 23700 }, // U+21ED
    { 8, 16, 128, 0, 14, 16, 23716 }, // U+21EE
    { 8, 16, 128, 0, 14, 16, 23732 }, // U+21EF
    { 8, 16, 128, 0, 14, 16, 23748 }, // U+21F0
    { 8, 16, 128, 0, 14, 16, 23764 }, // U+21F1
    { 8, 16, 128, 0, 14, 16, 23780 }, // U+21F2
    { 8, 16, 128, 0, 14, 16, 23796 }, // U+21F3
    { 16, 16, 256, 0, 14, 32, 23812 }, // U+21F4
    { 8, 16, 128, 0, 14, 16, 23844 }, // U+21F5
    { 8, 16, 128, 0, 14, 16, 23860 }, // U+21F6
    { 8, 16, 128, 0, 14, 16, 23876 }, // U+21F7
    { 8, 16, 128, 0, 14, 16, 23892 }, // U+21F8
    { 16, 16, 256, 0, 14, 32, 23908 }, // U+21F9
    { 16, 16, 256, 0, 14, 32, 23940 }, // U+21FA
    { 16, 16, 256, 0, 14, 32, 23972 }, // U+21FB
    { 16, 16, 256, 0, 14, 32, 24004 }, // U+21FC
    { 8, 16, 128, 0, 14, 16, 24036 }, // U+21FD
    { 8, 16, 128, 0, 14, 16, 24052 }, // U+21FE
    { 16, 16, 256, 0, 14, 32, 24068 }, // U+21FF
    { 12, 14, 208, 0, 14, 21, 24100 }, // U+2200
    { 8, 16, 128, 0, 14, 16, 24121 }, // U+2201
    { 8, 16, 128, 0, 14, 16, 24137 }, // U+2202
    { 10, 14, 208, 2, 14, 18, 24153 }, // U+2203
    { 10, 14, 208, 2, 14, 18, 24171 }, // U+2204
    { 8, 16, 128, 0, 14, 16, 24189 }, // U+2205
    { 8, 16, 128, 0, 14, 16, 24205 }, // U+2206
    { 8, 16, 128, 0, 14, 16, 24221 }, // U+2207
    { 8, 16, 128, 0, 14, 16, 24237 }, // U+2208
    { 8, 16, 128, 0, 14, 16, 24253 }, // U+2209
    { 8, 16, 128, 0, 14, 16, 24269 }, // U+220A
    { 8, 16, 128, 0, 14, 16, 24285 }, // U+220B
    { 8, 16, 128, 0, 14, 16, 24301 }, // U+220C
    { 8, 16, 128, 0, 14, 16, 24317 }, // U+220D
    { 8, 16, 128, 0, 14, 16, 24333 }, // U+220E
    { 8, 16, 128, 0, 14, 16, 24349 }, // U+220F
    { 8, 16, 128, 0, 14, 16, 24365 }, // U+2210
    { 8, 16, 128, 0, 14, 16, 24381 }, // U+2211
    { 9, 2, 176, 1, 6, 3, 24397 }, // U+2212
    { 8, 16, 128, 0, 14, 16, 24400 }, // U+2213
    { 8, 16, 128, 0, 14, 16, 24416 }, // U+2214
    { 9, 13, 96, -2, 13, 15, 24432 }, // U+2215
    { 8, 16, 128, 0, 14, 16, 24447 }, // U+2216
    { 8, 16, 128, 0, 14, 16, 24463 }, // U+2217
    { 8, 16, 128, 0, 14, 16, 24479 }, // U+2218
    { 2, 2, 64, 1, 6, 1, 24495 }, // U+2219
    { 8, 16, 128, 0, 14, 16, 24496 }, // U+221A
    { 8, 16, 128, 0, 14, 16, 24512 }, // U+221B
    { 8, 16, 128, 0, 14, 16, 24528 }, // U+221C
    { 8, 16, 128, 0, 14, 16, 24544 }, // U+221D
    { 8, 16, 128, 0, 14, 16, 24560 }, // U+221E
    { 8, 16, 128, 0, 14, 16, 24576 }, // U+221F
    { 8, 16, 128, 0, 14, 16, 24592 }, // U+2220
    { 8, 16, 128, 0, 14, 16, 24608 }, // U+2221
    { 8, 16, 128, 0, 14, 16, 24624 }, // U+2222
    { 8, 16, 128, 0, 14, 16, 24640 }, // U+2223
    { 8, 16, 128, 0, 14, 16, 24656 }, // U+2224
    { 8, 16, 128, 0, 14, 16, 24672 }, // U+2225
    { 8, 16, 128, 0, 14, 16, 24688 }, // U+2226
    { 8, 16, 128, 0, 14, 16, 24704 }, // U+2227
    { 8, 16, 128, 0, 14, 16, 24720 }, // U+2228
    { 8, 16, 128, 0, 14, 16, 24736 }, // U+2229
    { 8, 16, 128, 0, 14, 16, 24752 }, // U+222A
    { 8, 16, 128, 0, 14, 16, 24768 }, // U+222B
    { 8, 16, 128, 0, 14, 16, 24784 }, // U+222C
    { 8, 16, 128, 0, 14, 16, 24800 }, // U+222D
    { 8, 16, 128, 0, 14, 16, 24816 }, // U+222E
    { 8, 16, 128, 0, 14, 16, 24832 }, // U+222F
    { 8, 16, 128, 0, 14, 16, 24848 }, // U+2230
    { 8, 16, 128, 0, 14, 16, 24864 }, // U+2231
    { 8, 16, 128, 0, 14, 16, 24880 }, // U+2232
    { 8, 16, 128, 0, 14, 16, 24896 }, // U+2233
    { 8, 16, 128, 0, 14, 16, 24912 }, // U+2234
    { 8, 16, 128, 0, 14, 16, 24928 }, // U+2235
    { 2, 10, 80, 1, 10, 3, 24944 }, // U+2236
    { 8, 16, 128, 0, 14, 16, 24947 }, // U+2237
    { 8, 16, 128, 0, 14, 16, 24963 }, // U+2238
    { 8, 16, 128, 0, 14, 16, 24979 }, // U+2239
    { 8, 16, 128, 0, 14, 16, 24995 }, // U+223A
    { 8, 16, 128, 0, 14, 16, 25011 }, // U+223B
    { 8, 16, 128, 0, 14, 16, 25027 }, // U+223C
    { 8, 16, 128, 0, 14, 16, 25043 }, // U+223D
    { 8, 16, 128, 0, 14, 16, 25059 }, // U+223E
    { 8, 16, 128, 0, 14, 16, 25075 }, // U+223F
    { 8, 16, 128, 0, 14, 16, 25091 }, // U+2240
    { 8, 16, 128, 0, 14, 16, 25107 }, // U+2241
    { 8, 16, 128, 0, 14, 16, 25123 }, // U+2242
    { 8, 16, 128, 0, 14, 16, 25139 }, // U+2243
    { 8, 16, 128, 0, 14, 16, 25155 }, // U+2244
    { 8, 16, 128, 0, 14, 16, 25171 }, // U+2245
    { 8, 16, 128, 0, 14, 16, 25187 }, // U+2246
    { 8, 16, 128, 0, 14, 16, 25203 }, // U+2247
    { 8, 16, 128, 0, 14, 16, 25219 }, // U+2248
    { 8, 16, 128, 0, 14, 16, 25235 }, // U+2249
    { 8, 16, 128, 0, 14, 16, 25251 }, // U+224A
    { 8, 16, 128, 0, 14, 16, 25267 }, // U+224B
    { 8, 16, 128, 0, 14, 16, 25283 }, // U+224C
    { 8, 16, 128, 0, 14, 16, 25299 }, // U+224D
    { 8, 16, 128, 0, 14, 16, 25315 }, // U+224E
    { 8, 16, 128, 0, 14, 16, 25331 }, // U+224F
    { 8, 16, 128, 0, 14, 16, 25347 }, // U+2250
    { 8, 16, 128, 0, 14, 16, 25363 }, // U+2251
    { 8, 16, 128, 0, 14, 16, 25379 }, // U+2252
    { 8, 16, 128, 0, 14, 16, 25395 }, // U+2253
    { 8, 16, 128, 0, 14, 16, 25411 }, // U+2254
    { 8, 16, 128, 0, 14, 16, 25427 }, // U+2255
    { 8, 16, 128, 0, 14, 16, 25443 }, // U+2256
    { 8, 16, 128, 0, 14, 16, 25459 }, // U+2257
    { 8, 16, 128, 0, 14, 16, 25475 }, // U+2258
    { 7, 9, 176, 2, 11, 8, 25491 }, // U+2259
    { 7, 9, 176, 2, 11, 8, 25499 }, // U+225A
    { 8, 16, 128, 0, 14, 16, 25507 }, // U+225B
    { 8, 16, 128, 0, 14, 16, 25523 }, // U+225C
    { 8, 16, 128, 0, 14, 16, 25539 }, // U+225D
    { 8, 16, 128, 0, 14, 16, 25555 }, // U+225E
    { 8, 16, 128, 0, 14, 16, 25571 }, // U+225F
    { 7, 14, 176, 2, 12, 13, 25587 }, // U+2260
    { 7, 8, 176, 0, 9, 7, 25600 }, // U+2261
    { 7, 14, 176, 0, 12, 13, 25607 }, // U+2262
    { 8, 16, 128, 0, 14, 16, 25620 }, // U+2263
    { 8, 12, 160, 1, 9, 12, 25636 }, // U+2264
    { 8, 12, 160, 1, 9, 12, 25648 }, // U+2265
    { 8, 16, 128, 0, 14, 16, 25660 }, // U+2266
    { 8, 16, 128, 0, 14, 16, 25676 }, // U+2267
    { 8, 16, 128, 0, 14, 16, 25692 }, // U+2268
    { 8, 16, 128, 0, 14, 16, 25708 }, // U+2269
    { 8, 16, 128, 0, 14, 16, 25724 }, // U+226A
    { 8, 16, 128, 0, 14, 16, 25740 }, // U+226B
    { 8, 16, 128, 0, 14, 16, 25756 }, // U+226C
    { 8, 16, 128, 0, 14, 16, 25772 }, // U+226D
    { 8, 14, 160, 1, 12, 14, 25788 }, // U+226E
    { 8, 14, 160, 1, 12, 14, 25802 }, // U+226F
    { 8, 14, 160, 1, 10, 14, 25816 }, // U+2270
    { 8, 14, 160, 1, 10, 14, 25830 }, // U+2271
    { 8, 16, 128, 0, 14, 16, 25844 }, // U+2272
    { 8, 16, 128, 0, 14, 16, 25860 }, // U+2273
    { 8, 16, 128, 0, 14, 16, 25876 }, // U+2274
    { 8, 16, 128, 0, 14, 16, 25892 }, // U+2275
    { 8, 16, 128, 0, 14, 16, 25908 }, // U+2276
    { 8, 16, 128, 0, 14, 16, 25924 }, // U+2277
    { 8, 16, 128, 0, 14, 16, 25940 }, // U+2278
    { 8, 16, 128, 0, 14, 16, 25956 }, // U+2279
    { 8, 16, 128, 0, 14, 16, 25972 }, // U+227A
    { 8, 16, 128, 0, 14, 16, 25988 }, // U+227B
    { 8, 16, 128, 0, 14, 16, 26004 }, // U+227C
    { 8, 16, 128, 0, 14, 16, 26020 }, // U+227D
    { 8, 16, 128, 0, 14, 16, 26036 }, // U+227E
    { 8, 16, 128, 0, 14, 16, 26052 }, // U+227F
    { 8, 16, 128, 0, 14, 16, 26068 }, // U+2280
    { 8, 16, 128, 0, 14, 16, 26084 }, // U+2281
    { 8, 16, 128, 0, 14, 16, 26100 }, // U+2282
    { 8, 16, 128, 0, 14, 16, 26116 }, // U+2283
    { 8, 16, 128, 0, 14, 16, 26132 }, // U+2284
    { 8, 16, 128, 0, 14, 16, 26148 }, // U+2285
    { 8, 16, 128, 0, 14, 16, 26164 }, // U+2286
    { 8, 16, 128, 0, 14, 16, 26180 }, // U+2287
    { 8, 16, 128, 0, 14, 16, 26196 }, // U+2288
    { 8, 16, 128, 0, 14, 16, 26212 }, // U+2289
    { 8, 16, 128, 0, 14, 16, 26228 }, // U+228A
    { 8, 16, 128, 0, 14, 16, 26244 }, // U+228B
    { 8, 16, 128, 0, 14, 16, 26260 }, // U+228C
    { 8, 16, 128, 0, 14, 16, 26276 }, // U+228D
    { 8, 16, 128, 0, 14, 16, 26292 }, // U+228E
    { 8, 16, 128, 0, 14, 16, 26308 }, // U+228F
    { 8, 16, 128, 0, 14, 16, 26324 }, // U+2290
    { 8, 16, 128, 0, 14, 16, 26340 }, // U+2291
    { 8, 16, 128, 0, 14, 16, 26356 }, // U+2292
    { 8, 16, 128, 0, 14, 16, 26372 }, // U+2293
    { 8, 16, 128, 0, 14, 16, 26388 }, // U+2294
    { 8, 16, 128, 0, 14, 16, 26404 }, // U+2295
    { 8, 16, 128, 0, 14, 16, 26420 }, // U+2296
    { 8, 16, 128, 0, 14, 16, 26436 }, // U+2297
    { 8, 16, 128, 0, 14, 16, 26452 }, // U+2298
    { 8, 16, 128, 0, 14, 16, 26468 }, // U+2299
    { 8, 16, 128, 0, 14, 16, 26484 }, // U+229A
    { 8, 16, 128, 0, 14, 16, 26500 }, // U+229B
    { 8, 16, 128, 0, 14, 16, 26516 }, // U+229C
    { 8, 16, 128, 0, 14, 16, 26532 }, // U+229D
    { 8, 16, 128, 0, 14, 16, 26548 }, // U+229E
    { 8, 16, 128, 0, 14, 16, 26564 }, // U+229F
    { 8, 16, 128, 0, 14, 16, 26580 }, // U+22A0
    { 8, 16, 128, 0, 14, 16, 26596 }, // U+22A1
    { 8, 16, 128, 0, 14, 16, 26612 }, // U+22A2
    { 8, 16, 128, 0, 14, 16, 26628 }, // U+22A3
    { 8, 16, 128, 0, 14, 16, 26644 }, // U+22A4
    { 8, 16, 128, 0, 14, 16, 26660 }, // U+22A5
    { 8, 16, 128, 0, 14, 16, 26676 }, // U+22A6
    { 8, 16, 128, 0, 14, 16, 26692 }, // U+22A7
    { 8, 16, 128, 0, 14, 16, 26708 }, // U+22A8
    { 8, 16, 128, 0, 14, 16, 26724 }, // U+22A9
    { 8, 16, 128, 0, 14, 16, 26740 }, // U+22AA
    { 8, 16, 128, 0, 14, 16, 26756 }, // U+22AB
    { 8, 16, 128, 0, 14, 16, 26772 }, // U+22AC
    { 8, 16, 128, 0, 14, 16, 26788 }, // U+22AD
    { 8, 16, 128, 0, 14, 16, 26804 }, // U+22AE
    { 8, 16, 128, 0, 14, 16, 26820 }, // U+22AF
    { 8, 16, 128, 0, 14, 16, 26836 }, // U+22B0
    { 8, 16, 128, 0, 14, 16, 26852 }, // U+22B1
    { 8, 16, 128, 0, 14, 16, 26868 }, // U+22B2
    { 8, 16, 128, 0, 14, 16, 26884 }, // U+22B3
    { 8, 16, 128, 0, 14, 16, 26900 }, // U+22B4
    { 8, 16, 128, 0, 14, 16, 26916 }, // U+22B5
    { 16, 16, 256, 0, 14, 32, 26932 }, // U+22B6
    { 16, 16, 256, 0, 14, 32, 26964 }, // U+22B7
    { 16, 16, 256, 0, 14, 32, 26996 }, // U+22B8
    { 8, 16, 128, 0, 14, 16, 27028 }, // U+22B9
    { 8, 16, 128, 0, 14, 16, 27044 }, // U+22BA
    { 8, 16, 128, 0, 14, 16, 27060 }, // U+22BB
    { 8, 16, 128, 0, 14, 16, 27076 }, // U+22BC
    { 8, 16, 128, 0, 14, 16, 27092 }, // U+22BD
    { 8, 16, 128, 0, 14, 16, 27108 }, // U+22BE
    { 8, 16, 128, 0, 14, 16, 27124 }, // U+22BF
    { 8, 16, 128, 0, 14, 16, 27140 }, // U+22C0
    { 8, 16, 128, 0, 14, 16, 27156 }, // U+22C1
    { 8, 16, 128, 0, 14, 16, 27172 }, // U+22C2
    { 8, 16, 128, 0, 14, 16, 27188 }, // U+22C3
    { 8, 16, 128, 0, 14, 16, 27204 }, // U+22C4
    { 8, 16, 128, 0, 14, 16, 27220 }, // U+22C5
    { 8, 16, 128, 0, 14, 16, 27236 }, // U+22C6
    { 8, 16, 128, 0, 14, 16, 27252 }, // U+22C7
    { 8, 16, 128, 0, 14, 16, 27268 }, // U+22C8
    { 8, 16, 128, 0, 14, 16, 27284 }, // U+22C9
    { 8, 16, 128, 0, 14, 16, 27300 }, // U+22CA
    { 8, 16, 128, 0, 14, 16, 27316 }, // U+22CB
    { 8, 16, 128, 0, 14, 16, 27332 }, // U+22CC
    { 8, 16, 128, 0, 14, 16, 27348 }, // U+22CD
    { 8, 16, 128, 0, 14, 16, 27364 }, // U+22CE
    { 8, 16, 128, 0, 14, 16, 27380 }, // U+22CF
    { 8, 16, 128, 0, 14, 16, 27396 }, // U+22D0
    { 8, 16, 128, 0, 14, 16, 27412 }, // U+22D1
    { 8, 16, 128, 0, 14, 16, 27428 }, // U+22D2
    { 8, 16, 128, 0, 14, 16, 27444 }, // U+22D3
    { 8, 16, 128, 0, 14, 16, 27460 }, // U+22D4
    { 8, 16, 128, 0, 14, 16, 27476 }, // U+22D5
    { 8, 16, 128, 0, 14, 16, 27492 }, // U+22D6
    { 8, 16, 128, 0, 14, 16, 27508 }, // U+22D7
    { 16, 16, 256, 0, 14, 32, 27524 }, // U+22D8
    { 16, 16, 256, 0, 14, 32, 27556 }, // U+22D9
    { 8, 16, 128, 0, 14, 16, 27588 }, // U+22DA
    { 8, 16, 128, 0, 14, 16, 27604 }, // U+22DB
    { 8, 16, 128, 0, 14, 16, 27620 }, // U+22DC
    { 8, 16, 128, 0, 14, 16, 27636 }, // U+22DD
    { 8, 16, 128, 0, 14, 16, 27652 }, // U+22DE
    { 8, 16, 128, 0, 14, 16, 27668 }, // U+22DF
    { 8, 16, 128, 0, 14, 16, 27684 }, // U+22E0
    { 8, 16, 128, 0, 14, 16, 27700 }, // U+22E1
    { 8, 16, 128, 0, 14, 16, 27716 }, // U+22E2
    { 8, 16, 128, 0, 14, 16, 27732 }, // U+22E3
    { 8, 16, 128, 0, 14, 16, 27748 }, // U+22E4
    { 8, 16, 128, 0, 14, 16, 27764 }, // U+22E5
    { 8, 16, 128, 0, 14, 16, 27780 }, // U+22E6
    { 8, 16, 128, 0, 14, 16, 27796 }, // U+22E7
    { 8, 16, 128, 0, 14, 16, 27812 }, // U+22E8
    { 8, 16, 128, 0, 14, 16, 27828 }, // U+22E9
    { 8, 16, 128, 0, 14, 16, 27844 }, // U+22EA
    { 8, 16, 128, 0, 14, 16, 27860 }, // U+22EB
    { 8, 16, 128, 0, 14, 16, 27876 }, // U+22EC
    { 8, 16, 128, 0, 14, 16, 27892 }, // U+22ED
    { 8, 16, 128, 0, 14, 16, 27908 }, // U+22EE
    { 8, 16, 128, 0, 14, 16, 27924 }, // U+22EF
    { 8, 16, 128, 0, 14, 16, 27940 }, // U+22F0
    { 8, 16, 128, 0, 14, 16, 27956 }, // U+22F1
    { 16, 16, 256, 0, 14, 32, 27972 }, // U+22F2
    { 16, 16, 256, 0, 14, 32, 28004 }, // U+22F3
    { 8, 16, 128, 0, 14, 16, 28036 }, // U+22F4
    { 16, 16, 256, 0, 14, 32, 28052 }, // U+22F5
    { 16, 16, 256, 0, 14, 32, 28084 }, // U+22F6
    { 8, 16, 128, 0, 14, 16, 28116 }, // U+22F7
    { 8, 16, 128, 0, 14, 16, 28132 }, // U+22F8
    { 16, 16, 256, 0, 14, 32, 28148 }, // U+22F9
    { 16, 16, 256, 0, 14, 32, 28180 }, // U+22FA
    { 16, 16, 256, 0, 14, 32, 28212 }, // U+22FB
    { 8, 16, 128, 0, 14, 16, 28244 }, // U+22FC
    { 16, 16, 256, 0, 14, 32, 28260 }, // U+22FD
    { 8, 16, 128, 0, 14, 16, 28292 }, // U+22FE
    { 16, 16, 256, 0, 14, 32, 28308 }, // U+22FF
    { 8, 16, 128, 0, 14, 16, 28340 }, // U+FB00
    { 9, 14, 160, 0, 14, 16, 28356 }, // U+FB01
    { 9, 14, 160, 0, 14, 16, 28372 }, // U+FB02
    { 8, 16, 128, 0, 14, 16, 28388 }, // U+FB03
    { 8, 16, 128, 0, 14, 16, 28404 }, // U+FB04
    { 8, 16, 128, 0, 14, 16, 28420 }, // U+FB05
    { 8, 16, 128, 0, 14, 16, 28436 }, // U+FB06
    { 8, 16, 128, 0, 14, 16, 28452 }, // U+FB56
    { 8, 16, 128, 0, 14, 16, 28468 }, // U+FB57
    { 8, 16, 128, 0, 14, 16, 28484 }, // U+FB58
    { 8, 16, 128, 0, 14, 16, 28500 }, // U+FB59
    { 8, 16, 128, 0, 14, 16, 28516 }, // U+FB66
    { 8, 16, 128, 0, 14, 16, 28532 }, // U+FB67
    { 8, 16, 128, 0, 14, 16, 28548 }, // U+FB68
    { 8, 16, 128, 0, 14, 16, 28564 }, // U+FB69
    { 8, 16, 128, 0, 14, 16, 28580 }, // U+FB7A
    { 8, 16, 128, 0, 14, 16, 28596 }, // U+FB7B
    { 8, 16, 128, 0, 14, 16, 28612 }, // U+FB7C
    { 8, 16, 128, 0, 14, 16, 28628 }, // U+FB7D
    { 8, 16, 128, 0, 14, 16, 28644 }, // U+FB88
    { 8, 16, 128, 0, 14, 16, 28660 }, // U+FB89
    { 8, 16, 128, 0, 14, 16, 28676 }, // U+FB8A
    { 8, 16, 128, 0, 14, 16, 28692 }, // U+FB8B
    { 8, 16, 128, 0, 14, 16, 28708 }, // U+FB8C
    { 8, 16, 128, 0, 14, 16, 28724 }, // U+FB8D
    { 8, 16, 128, 0, 14, 16, 28740 }, // U+FB8E
    { 8, 16, 128, 0, 14, 16, 28756 }, // U+FB8F
    { 8, 16, 128, 0, 14, 16, 28772 }, // U+FB90
    { 8, 16, 128, 0, 14, 16, 28788 }, // U+FB91
    { 8, 16, 128, 0, 14, 16, 28804 }, // U+FB92
    { 8, 16, 128, 0, 14, 16, 28820 }, // U+FB93
    { 8, 16, 128, 0, 14, 16, 28836 }, // U+FB94
    { 8, 16, 128, 0, 14, 16, 28852 }, // U+FB95
    { 8, 16, 128, 0, 14, 16, 28868 }, // U+FB9E
    { 8, 16, 128, 0, 14, 16, 28884 }, // U+FB9F
    { 8, 16, 128, 0, 14, 16, 28900 }, // U+FBA6
    { 8, 16, 128, 0, 14, 16, 28916 }, // U+FBA7
    { 8, 16, 128, 0, 14, 16, 28932 }, // U+FBA8
    { 8, 16, 128, 0, 14, 16, 28948 }, // U+FBA9
    { 8, 16, 128, 0, 14, 16, 28964 }, // U+FBAA
    { 8, 16, 128, 0, 14, 16, 28980 }, // U+FBAB
    { 8, 16, 128, 0, 14, 16, 28996 }, // U+FBAC
    { 8, 16, 128, 0, 14, 16, 29012 }, // U+FBAD
    { 8, 16, 128, 0, 14, 16, 29028 }, // U+FBAE
    { 8, 16, 128, 0, 14, 16, 29044 }, // U+FBAF
    { 8, 16, 128, 0, 14, 16, 29060 }, // U+FBB0
    { 8, 16, 128, 0, 14, 16, 29076 }, // U+FBB1
    { 8, 16, 128, 0, 14, 16, 29092 }, // U+FBFC
    { 8, 16, 128, 0, 14, 16, 29108 }, // U+FBFD
    { 8, 16, 128, 0, 14, 16, 29124 }, // U+FBFE
    { 8, 16, 128, 0, 14, 16, 29140 }, // U+FBFF
    { 8, 16, 128, 0, 14, 16, 29156 }, // U+FE80
    { 8, 16, 128, 0, 14, 16, 29172 }, // U+FE81
    { 8, 16, 128, 0, 14, 16, 29188 }, // U+FE82
    { 8, 16, 128, 0, 14, 16, 29204 }, // U+FE83
    { 8, 16, 128, 0, 14, 16, 29220 }, // U+FE84
    { 8, 16, 128, 0, 14, 16, 29236 }, // U+FE85
    { 8, 16, 128, 0, 14, 16, 29252 }, // U+FE86
    { 8, 16, 128, 0, 14, 16, 29268 }, // U+FE87
    { 8, 16, 128, 0, 14, 16, 29284 }, // U+FE88
    { 8, 16, 128, 0, 14, 16, 29300 }, // U+FE89
    { 8, 16, 128, 0, 14, 16, 29316 }, // U+FE8A
    { 8, 16, 128, 0, 14, 16, 29332 }, // U+FE8B
    { 8, 16, 128, 0, 14, 16, 29348 }, // U+FE8C
    { 8, 16, 128, 0, 14, 16, 29364 }, // U+FE8D
    { 8, 16, 128, 0, 14, 16, 29380 }, // U+FE8E
    { 8, 16, 128, 0, 14, 16, 29396 }, // U+FE8F
    { 8, 16, 128, 0, 14, 16, 29412 }, // U+FE90
    { 8, 16, 128, 0, 14, 16, 29428 }, // U+FE91
    { 8, 16, 128, 0, 14, 16, 29444 }, // U+FE92
    { 8, 16, 128, 0, 14, 16, 29460 }, // U+FE93
    { 8, 16, 128, 0, 14, 16, 29476 }, // U+FE94
    { 8, 16, 128, 0, 14, 16, 29492 }, // U+FE95
    { 8, 16, 128, 0, 14, 16, 29508 }, // U+FE96
    { 8, 16, 128, 0, 14, 16, 29524 }, // U+FE97
    { 8, 16, 128, 0, 14, 16, 29540 }, // U+FE98
    { 8, 16, 128, 0, 14, 16, 29556 }, // U+FE99
    { 8, 16, 128, 0, 14, 16, 29572 }, // U+FE9A
    { 8, 16, 128, 0, 14, 16, 29588 }, // U+FE9B
    { 8, 16, 128, 0, 14, 16, 29604 }, // U+FE9C
    { 8, 16, 128, 0, 14, 16, 29620 }, // U+FE9D
    { 8, 16, 128, 0, 14, 16, 29636 }, // U+FE9E
    { 8, 16, 128, 0, 14, 16, 29652 }, // U+FE9F
    { 8, 16, 128, 0, 14, 16, 29668 }, // U+FEA0
    { 8, 16, 128, 0, 14, 16, 29684 }, // U+FEA1
    { 8, 16, 128, 0, 14, 16, 29700 }, // U+FEA2
    { 8, 16, 128, 0, 14, 16, 29716 }, // U+FEA3
    { 8, 16, 128, 0, 14, 16, 29732 }, // U+FEA4
    { 8, 16, 128, 0, 14, 16, 29748 }, // U+FEA5
    { 8, 16, 128, 0, 14, 16, 29764 }, // U+FEA6
    { 8, 16, 128, 0, 14, 16, 29780 }, // U+FEA7
    { 8, 16, 128, 0, 14, 16, 29796 }, // U+FEA8
    { 8, 16, 128, 0, 14, 16, 29812 }, // U+FEA9
    { 8, 16, 128, 0, 14, 16, 29828 }, // U+FEAA
    { 8, 16, 128, 0, 14, 16, 29844 }, // U+FEAB
    { 8, 16, 128, 0, 14, 16, 29860 }, // U+FEAC
    { 8, 16, 128, 0, 14, 16, 29876 }, // U+FEAD
    { 8, 16, 128, 0, 14, 16, 29892 }, // U+FEAE
    { 8, 16, 128, 0, 14, 16, 29908 }, // U+FEAF
    { 8, 16, 128, 0, 14, 16, 29924 }, // U+FEB0
    { 8, 16, 128, 0, 14, 16, 29940 }, // U+FEB1
    { 8, 16, 128, 0, 14, 16, 29956 }, // U+FEB2
    { 8, 16, 128, 0, 14, 16, 29972 }, // U+FEB3
    { 8, 16, 128, 0, 14, 16, 29988 }, // U+FEB4
    { 8, 16, 128, 0, 14, 16, 30004 }, // U+FEB5
    { 8, 16, 128, 0, 14, 16, 30020 }, // U+FEB6
    { 8, 16, 128, 0, 14, 16, 30036 }, // U+FEB7
    { 8, 16, 128, 0, 14, 16, 30052 }, // U+FEB8
    { 8, 16, 128, 0, 14, 16, 30068 }, // U+FEB9
    { 8, 16, 128, 0, 14, 16, 30084 }, // U+FEBA
    { 8, 16, 128, 0, 14, 16, 30100 }, // U+FEBB
    { 8, 16, 128, 0, 14, 16, 30116 }, // U+FEBC
    { 8, 16, 128, 0, 14, 16, 30132 }, // U+FEBD
    { 8, 16, 128, 0, 14, 16, 30148 }, // U+FEBE
    { 8, 16, 128, 0, 14, 16, 30164 }, // U+FEBF
    { 8, 16, 128, 0, 14, 16, 30180 }, // U+FEC0
    { 8, 16, 128, 0, 14, 16, 30196 }, // U+FEC1
    { 8, 16, 128, 0, 14, 16, 30212 }, // U+FEC2
    { 8, 16, 128, 0, 14, 16, 30228 }, // U+FEC3
    { 8, 16, 128, 0, 14, 16, 30244 }, // U+FEC4
    { 8, 16, 128, 0, 14, 16, 30260 }, // U+FEC5
    { 8, 16, 128, 0, 14, 16, 30276 }, // U+FEC6
    { 8, 16, 128, 0, 14, 16, 30292 }, // U+FEC7
    { 8, 16, 128, 0, 14, 16, 30308 }, // U+FEC8
    { 8, 16, 128, 0, 14, 16, 30324 }, // U+FEC9
    { 8, 16, 128, 0, 14, 16, 30340 }, // U+FECA
    { 8, 16, 128, 0, 14, 16, 30356 }, // U+FECB
    { 8, 16, 128, 0, 14, 16, 30372 }, // U+FECC
    { 8, 16, 128, 0, 14, 16, 30388 }, // U+FECD
    { 8, 16, 128, 0, 14, 16, 30404 }, // U+FECE
    { 8, 16, 128, 0, 14, 16, 30420 }, // U+FECF
    { 8, 16, 128, 0, 14, 16, 30436 }, // U+FED0
    { 8, 16, 128, 0, 14, 16, 30452 }, // U+FED1
    { 8, 16, 128, 0, 14, 16, 30468 }, // U+FED2
    { 8, 16, 128, 0, 14, 16, 30484 }, // U+FED3
    { 8, 16, 128, 0, 14, 16, 30500 }, // U+FED4
    { 8, 16, 128, 0, 14, 16, 30516 }, // U+FED5
    { 8, 16, 128, 0, 14, 16, 30532 }, // U+FED6
    { 8, 16, 128, 0, 14, 16, 30548 }, // U+FED7
    { 8, 16, 128, 0, 14, 16, 30564 }, // U+FED8
    { 8, 16, 128, 0, 14, 16, 30580 }, // U+FED9
    { 8, 16, 128, 0, 14, 16, 30596 }, // U+FEDA
    { 8, 16, 128, 0, 14, 16, 30612 }, // U+FEDB
    { 8, 16, 128, 0, 14, 16, 30628 }, // U+FEDC
    { 8, 16, 128, 0, 14, 16, 30644 }, // U+FEDD
    { 8, 16, 128, 0, 14, 16, 30660 }, // U+FEDE
    { 8, 16, 128, 0, 14, 16, 30676 }, // U+FEDF
    { 8, 16, 128, 0, 14, 16, 30692 }, // U+FEE0
    { 8, 16, 128, 0, 14, 16, 30708 }, // U+FEE1
    { 8, 16, 128, 0, 14, 16, 30724 }, // U+FEE2
    { 8, 16, 128, 0, 14, 16, 30740 }, // U+FEE3
    { 8, 16, 128, 0, 14, 16, 30756 }, // U+FEE4
    { 8, 16, 128, 0, 14, 16, 30772 }, // U+FEE5
    { 8, 16, 128, 0, 14, 16, 30788 }, // U+FEE6
    { 8, 16, 128, 0, 14, 16, 30804 }, // U+FEE7
    { 8, 16, 128, 0, 14, 16, 30820 }, // U+FEE8
    { 8, 16, 128, 0, 14, 16, 30836 }, // U+FEE9
    { 8, 16, 128, 0, 14, 16, 30852 }, // U+FEEA
    { 8, 16, 128, 0, 14, 16, 30868 }, // U+FEEB
    { 8, 16, 128, 0, 14, 16, 30884 }, // U+FEEC
    { 8, 16, 128, 0, 14, 16, 30900 }, // U+FEED
    { 8, 16, 128, 0, 14, 16, 30916 }, // U+FEEE
    { 8, 16, 128, 0, 14, 16, 30932 }, // U+FEEF
    { 8, 16, 128, 0, 14, 16, 30948 }, // U+FEF0
    { 8, 16, 128, 0, 14, 16, 30964 }, // U+FEF1
    { 8, 16, 128, 0, 14, 16, 30980 }, // U+FEF2
    { 8, 16, 128, 0, 14, 16, 30996 }, // U+FEF3
    { 8, 16, 128, 0, 14, 16, 31012 }, // U+FEF4
    { 8, 16, 128, 0, 14, 16, 31028 }, // U+FEF5
    { 8, 16, 128, 0, 14, 16, 31044 }, // U+FEF6
    { 8, 16, 128, 0, 14, 16, 31060 }, // U+FEF7
    { 8, 16, 128, 0, 14, 16, 31076 }, // U+FEF8
    { 8, 16, 128, 0, 14, 16, 31092 }, // U+FEF9
    { 8, 16, 128, 0, 14, 16, 31108 }, // U+FEFA
    { 8, 16, 128, 0, 14, 16, 31124 }, // U+FEFB
    { 8, 16, 128, 0, 14, 16, 31140 }, // U+FEFC
    { 8, 16, 128, 0, 14, 16, 31156 }, // U+FFFD
};

static const EpdUnicodeInterval helveticaui_9_regularIntervals[] = {
    { 0x0, 0x17F, 0x0 },
    { 0x1A0, 0x1A1, 0x180 },
    { 0x1AF, 0x1B0, 0x182 },
    { 0x1C4, 0x21F, 0x184 },
    { 0x300, 0x36F, 0x1E0 },
    { 0x400, 0x4FF, 0x250 },
    { 0x5D0, 0x5EA, 0x350 },
    { 0x60C, 0x60C, 0x36B },
    { 0x61B, 0x61B, 0x36C },
    { 0x61F, 0x61F, 0x36D },
    { 0x621, 0x621, 0x36E },
    { 0x640, 0x640, 0x36F },
    { 0x654, 0x654, 0x370 },
    { 0x660, 0x669, 0x371 },
    { 0x6BA, 0x6BA, 0x37B },
    { 0x6D4, 0x6D5, 0x37C },
    { 0x6F0, 0x6F9, 0x37E },
    { 0x1E0C, 0x1E0D, 0x388 },
    { 0x1E24, 0x1E25, 0x38A },
    { 0x1E36, 0x1E3B, 0x38C },
    { 0x1E40, 0x1E49, 0x392 },
    { 0x1E5A, 0x1E5F, 0x39C },
    { 0x1E62, 0x1E63, 0x3A2 },
    { 0x1E6C, 0x1E6D, 0x3A4 },
    { 0x1EA0, 0x1EF9, 0x3A6 },
    { 0x2000, 0x20CF, 0x400 },
    { 0x2190, 0x22FF, 0x4D0 },
    { 0xFB00, 0xFB06, 0x640 },
    { 0xFB56, 0xFB59, 0x647 },
    { 0xFB66, 0xFB69, 0x64B },
    { 0xFB7A, 0xFB7D, 0x64F },
    { 0xFB88, 0xFB95, 0x653 },
    { 0xFB9E, 0xFB9F, 0x661 },
    { 0xFBA6, 0xFBB1, 0x663 },
    { 0xFBFC, 0xFBFF, 0x66F },
    { 0xFE80, 0xFEFC, 0x673 },
    { 0xFFFD, 0xFFFD, 0x6F0 },
};

static const EpdLigaturePair helveticaui_9_regularLigaturePairs[] = {
    { 0x00660069, 0xFB01 }, // f i -> U+FB01
    { 0x0066006C, 0xFB02 }, // f l -> U+FB02
};

static const EpdFontData helveticaui_9_regular = {
    helveticaui_9_regularBitmaps,
    helveticaui_9_regularGlyphs,
    helveticaui_9_regularIntervals,
    37,
    20,
    16,
    -4,
    false,
    nullptr,
    0,
    nullptr,
    nullptr,
    nullptr,
    nullptr,
    nullptr,
    nullptr,
    nullptr,
    nullptr,
    nullptr,
    nullptr,
    nullptr,
    0,
    0,
    0,
    0,
    helveticaui_9_regularLigaturePairs,
    2,
};
