/**
 * generated by fontconvert.py
 * name: helveticaui_12_bold
 * size: 12
 * mode: 1-bit
 * Command used: fontconvert.py helveticaui_12_bold 12 ../../../x11/font-adobe-100dpi-1.0.4/helvB18.bdf ../../../x11/unifont-18.0.01.bdf --additional-intervals 0x05D0,0x05EA --additional-intervals 0x060C,0x060C --additional-intervals 0x061B,0x061B --additional-intervals 0x061F,0x061F --additional-intervals 0x0621,0x0621 --additional-intervals 0x0640,0x0640 --additional-intervals 0x0654,0x0654 --additional-intervals 0x0660,0x0669 --additional-intervals 0x06BA,0x06BA --additional-intervals 0x06D4,0x06D4 --additional-intervals 0x06D5,0x06D5 --additional-intervals 0x06F0,0x06F9 --additional-intervals 0xFB56,0xFB59 --additional-intervals 0xFB66,0xFB69 --additional-intervals 0xFB7A,0xFB7D --additional-intervals 0xFB88,0xFB95 --additional-intervals 0xFB9E,0xFB9F --additional-intervals 0xFBA6,0xFBB1 --additional-intervals 0xFBFC,0xFBFF --additional-intervals 0xFE80,0xFEFC
 */
#pragma once
#include "EpdFontData.h"

static const uint8_t helveticaui_12_boldBitmaps[38744] = {
    0xAA, 0xAA, 0x00, 0x02, 0x00, 0x08, 0x00, 0x08, 0x00, 0x20, 0x00, 0x20, 0x00, 0x80, 0x00, 0x80,
    0x02, 0x00, 0x02, 0x00, 0x08, 0x00, 0x08, 0x00, 0x20, 0x00, 0x20, 0x00, 0x80, 0x00, 0x80, 0x02,
    0x00, 0x02, 0xAA, 0xA8, 0xAA, 0xAA, 0x00, 0x01, 0x80, 0x00, 0x00, 0x01, 0x80, 0x00, 0x39, 0x93,
    0xC2, 0x52, 0x32, 0x5F, 0x8A, 0x52, 0x71, 0x93, 0x80, 0x00, 0x00, 0x01, 0x80, 0x00, 0x00, 0x01,
    0x80, 0x00, 0x55, 0x55, 0xAA, 0xAA, 0x00, 0x01, 0x80, 0x00, 0x00, 0x01, 0x80, 0x00, 0x3B, 0xA5,
    0xC1, 0x24, 0x31, 0x19, 0x89, 0x24, 0x71, 0x25, 0x80, 0x00, 0x00, 0x01, 0x80, 0x00, 0x00, 0x01,
    0x80, 0x00, 0x55, 0x55, 0xAA, 0xAA, 0x00, 0x01, 0x80, 0x00, 0x00, 0x01, 0x80, 0x00, 0x7B, 0xA5,
    0xC1, 0x24, 0x79, 0x19, 0xC1, 0x24, 0x79, 0x25, 0x80, 0x00, 0x00, 0x01, 0x80, 0x00, 0x00, 0x01,
    0x80, 0x00, 0x55, 0x55, 0xAA, 0xAA, 0x00, 0x01, 0x80, 0x00, 0x00, 0x01, 0x80, 0x00, 0x79, 0xBF,
    0xC2, 0x48, 0x7A, 0x49, 0xC2, 0x48, 0x79, 0x89, 0x80, 0x00, 0x00, 0x01, 0x80, 0x00, 0x00, 0x01,
    0x80, 0x00, 0x55, 0x55, 0xAA, 0xAA, 0x00, 0x01, 0x80, 0x00, 0x00, 0x01, 0x80, 0x00, 0x7A, 0x4D,
    0xC2, 0x52, 0x7B, 0x53, 0xC2, 0xD6, 0x7A, 0x4F, 0x80, 0x00, 0x00, 0x01, 0x80, 0x00, 0x00, 0x01,
    0x80, 0x00, 0x55, 0x55, 0xAA, 0xAA, 0x00, 0x01, 0x80, 0x00, 0x00, 0x01, 0x80, 0x00, 0x31, 0xA5,
    0xCA, 0x28, 0x7A, 0x31, 0xCA, 0x28, 0x49, 0xA5, 0x80, 0x00, 0x00, 0x01, 0x80, 0x00, 0x00, 0x01,
    0x80, 0x00, 0x55, 0x55, 0xAA, 0xAA, 0x00, 0x01, 0x80, 0x00, 0x00, 0x01, 0x80, 0x00, 0x73, 0xD1,
    0xCA, 0x10, 0x73, 0xD1, 0xCA, 0x10, 0x73, 0xDF, 0x80, 0x00, 0x00, 0x01, 0x80, 0x00, 0x00, 0x01,
    0x80, 0x00, 0x55, 0x55, 0xAA, 0xAA, 0x00, 0x01, 0x80, 0x00, 0x00, 0x01, 0x80, 0x00, 0x1E, 0x39,
    0x91, 0x40, 0x1E, 0x31, 0x91, 0x08, 0x1E, 0x71, 0x80, 0x00, 0x00, 0x01, 0x80, 0x00, 0x00, 0x01,
    0x80, 0x00, 0x55, 0x55, 0xAA, 0xAA, 0x00, 0x01, 0x80, 0x00, 0x00, 0x01, 0x80, 0x00, 0x22, 0xF9,
    0xA2, 0x20, 0x3E, 0x21, 0xA2, 0x20, 0x22, 0x21, 0x80, 0x00, 0x00, 0x01, 0x80, 0x00, 0x00, 0x01,
    0x80, 0x00, 0x55, 0x55, 0xAA, 0xAA, 0x00, 0x01, 0x80, 0x00, 0x00, 0x01, 0x80, 0x00, 0x20, 0xF9,
    0xA0, 0x80, 0x20, 0xF9, 0xA0, 0x80, 0x3E, 0x81, 0x80, 0x00, 0x00, 0x01, 0x80, 0x00, 0x00, 0x01,
    0x80, 0x00, 0x55, 0x55, 0xAA, 0xAA, 0x00, 0x01, 0x80, 0x00, 0x00, 0x01, 0x80, 0x00, 0x22, 0xF9,
    0xA2, 0x20, 0x22, 0x21, 0x94, 0x20, 0x08, 0x21, 0x80, 0x00, 0x00, 0x01, 0x80, 0x00, 0x00, 0x01,
    0x80, 0x00, 0x55, 0x55, 0xAA, 0xAA, 0x00, 0x01, 0x80, 0x00, 0x00, 0x01, 0x80, 0x00, 0x3E, 0xF9,
    0xA0, 0x80, 0x3E, 0xF9, 0xA0, 0x80, 0x20, 0x81, 0x80, 0x00, 0x00, 0x01, 0x80, 0x00, 0x00, 0x01,
    0x80, 0x00, 0x55, 0x55, 0xAA, 0xAA, 0x00, 0x01, 0x80, 0x00, 0x00, 0x01, 0x80, 0x00, 0x1E, 0xF1,
    0xA0, 0x88, 0x20, 0xF1, 0xA0, 0x90, 0x1E, 0x89, 0x80, 0x00, 0x00, 0x01, 0x80, 0x00, 0x00, 0x01,
    0x80, 0x00, 0x55, 0x55, 0xAA, 0xAA, 0x00, 0x01, 0x80, 0x00, 0x00, 0x01, 0x80, 0x00, 0x1E, 0x71,
    0xA0, 0x88, 0x1C, 0x89, 0x82, 0x88, 0x3C, 0x71, 0x80, 0x00, 0x00, 0x01, 0x80, 0x00, 0x00, 0x01,
    0x80, 0x00, 0x55, 0x55, 0xAA, 0xAA, 0x00, 0x01, 0x80, 0x00, 0x00, 0x01, 0x80, 0x00, 0x1E, 0xF9,
    0xA0, 0x20, 0x1C, 0x21, 0x82, 0x20, 0x3C, 0xF9, 0x80, 0x00, 0x00, 0x01, 0x80, 0x00, 0x00, 0x01,
    0x80, 0x00, 0x55, 0x55, 0xAA, 0xAA, 0x00, 0x01, 0x80, 0x00, 0x00, 0x01, 0x80, 0x00, 0x39, 0x1D,
    0xA5, 0x10, 0x25, 0x1D, 0xA5, 0x10, 0x39, 0xDD, 0x80, 0x00, 0x00, 0x01, 0x80, 0x00, 0x00, 0x01,
    0x80, 0x00, 0x55, 0x55, 0xAA, 0xAA, 0x00, 0x01, 0x80, 0x00, 0x00, 0x01, 0x80, 0x00, 0x71, 0x89,
    0xCA, 0x18, 0x4A, 0x09, 0xCA, 0x08, 0x71, 0x9D, 0x80, 0x00, 0x00, 0x01, 0x80, 0x00, 0x00, 0x01,
    0x80, 0x00, 0x55, 0x55, 0xAA, 0xAA, 0x00, 0x01, 0x80, 0x00, 0x00, 0x01, 0x80, 0x00, 0x71, 0x99,
    0xCA, 0x04, 0x4A, 0x09, 0xCA, 0x10, 0x71, 0x9D, 0x80, 0x00, 0x00, 0x01, 0x80, 0x00, 0x00, 0x01,
    0x80, 0x00, 0x55, 0x55, 0xAA, 0xAA, 0x00, 0x01, 0x80, 0x00, 0x00, 0x01, 0x80, 0x00, 0x71, 0x99,
    0xCA, 0x04, 0x4A, 0x19, 0xCA, 0x04, 0x71, 0x99, 0x80, 0x00, 0x00, 0x01, 0x80, 0x00, 0x00, 0x01,
    0x80, 0x00, 0x55, 0x55, 0xAA, 0xAA, 0x00, 0x01, 0x80, 0x00, 0x00, 0x01, 0x80, 0x00, 0x71, 0x85,
    0xCA, 0x0C, 0x4A, 0x15, 0xCA, 0x1C, 0x71, 0x85, 0x80, 0x00, 0x00, 0x01, 0x80, 0x00, 0x00, 0x01,
    0x80, 0x00, 0x55, 0x55, 0xAA, 0xAA, 0x00, 0x01, 0x80, 0x00, 0x00, 0x01, 0x80, 0x00, 0x49, 0x93,
    0xEA, 0x54, 0x6A, 0x59, 0xDB, 0xD4, 0x4A, 0x53, 0x80, 0x00, 0x00, 0x01, 0x80, 0x00, 0x00, 0x01,
    0x80, 0x00, 0x55, 0x55, 0xAA, 0xAA, 0x00, 0x01, 0x80, 0x00, 0x00, 0x01, 0x80, 0x00, 0x34, 0x53,
    0xC2, 0x9A, 0x31, 0x17, 0x89, 0x12, 0x71, 0x13, 0x80, 0x00, 0x00, 0x01, 0x80, 0x00, 0x00, 0x01,
    0x80, 0x00, 0x55, 0x55, 0xAA, 0xAA, 0x00, 0x01, 0x80, 0x00, 0x00, 0x01, 0x80, 0x00, 0x7B, 0xB9,
    0xC1, 0x24, 0x79, 0x39, 0xC1, 0x24, 0x79, 0x39, 0x80, 0x00, 0x00, 0x01, 0x80, 0x00, 0x00, 0x01,
    0x80, 0x00, 0x55, 0x55, 0xAA, 0xAA, 0x00, 0x01, 0x80, 0x00, 0x00, 0x01, 0x80, 0x00, 0x33, 0x25,
    0xC4, 0xB4, 0x47, 0xAD, 0xC4, 0xA4, 0x34, 0xA5, 0x80, 0x00, 0x00, 0x01, 0x80, 0x00, 0x00, 0x01,
    0x80, 0x00, 0x55, 0x55, 0xAA, 0xAA, 0x00, 0x01, 0x80, 0x00, 0x00, 0x01, 0x80, 0x00, 0x3E, 0x89,
    0xA0, 0xD8, 0x3E, 0xA9, 0xA0, 0x88, 0x3E, 0x89, 0x80, 0x00, 0x00, 0x01, 0x80, 0x00, 0x00, 0x01,
    0x80, 0x00, 0x55, 0x55, 0xAA, 0xAA, 0x00, 0x01, 0x80, 0x00, 0x00, 0x01, 0x80, 0x00, 0x3A, 0x5D,
    0xC2, 0x52, 0x32, 0x5D, 0x8A, 0x52, 0x71, 0x9D, 0x80, 0x00, 0x00, 0x01, 0x80, 0x00, 0x00, 0x01,
    0x80, 0x00, 0x55, 0x55, 0xAA, 0xAA, 0x00, 0x01, 0x80, 0x00, 0x00, 0x01, 0x80, 0x00, 0x79, 0xCF,
    0xC2, 0x10, 0x79, 0x91, 0xC0, 0x50, 0x7B, 0x8F, 0x80, 0x00, 0x00, 0x01, 0x80, 0x00, 0x00, 0x01,
    0x80, 0x00, 0x55, 0x55, 0xAA, 0xAA, 0x00, 0x01, 0x80, 0x00, 0x00, 0x01, 0x80, 0x00, 0x1E, 0x71,
    0x90, 0x80, 0x1E, 0x61, 0x90, 0x10, 0x10, 0xE1, 0x80, 0x00, 0x00, 0x01, 0x80, 0x00, 0x00, 0x01,
    0x80, 0x00, 0x55, 0x55, 0xAA, 0xAA, 0x00, 0x01, 0x80, 0x00, 0x00, 0x01, 0x80, 0x00, 0x0E, 0x71,
    0x90, 0x80, 0x16, 0x61, 0x92, 0x10, 0x0E, 0xE1, 0x80, 0x00, 0x00, 0x01, 0x80, 0x00, 0x00, 0x01,
    0x80, 0x00, 0x55, 0x55, 0xAA, 0xAA, 0x00, 0x01, 0x80, 0x00, 0x00, 0x01, 0x80, 0x00, 0x1C, 0x71,
    0x92, 0x80, 0x1C, 0x61, 0x94, 0x10, 0x12, 0xE1, 0x80, 0x00, 0x00, 0x01, 0x80, 0x00, 0x00, 0x01,
    0x80, 0x00, 0x55, 0x55, 0xAA, 0xAA, 0x00, 0x01, 0x80, 0x00, 0x00, 0x01, 0x80, 0x00, 0x12, 0x71,
    0x92, 0x80, 0x12, 0x61, 0x92, 0x10, 0x0C, 0xE1, 0x80, 0x00, 0x00, 0x01, 0x80, 0x00, 0x00, 0x01,
    0x80, 0x00, 0x55, 0x55, 0x00, 0xFF, 0xFF, 0xFF, 0xFF, 0xED, 0x80, 0xFF, 0x80, 0xDE, 0xF7, 0xBD,
    0xC8, 0x0C, 0xC0, 0xCC, 0x0C, 0xC0, 0xCC, 0x0C, 0xC7, 0xFF, 0x7F, 0xF1, 0x98, 0x19, 0x81, 0x98,
    0x19, 0x8F, 0xFE, 0xFF, 0xE3, 0x30, 0x33, 0x03, 0x30, 0x33, 0x03, 0x30, 0x06, 0x03, 0xF8, 0x7F,
    0xEF, 0x6E, 0xE6, 0x7E, 0x67, 0xF6, 0x07, 0xE0, 0x3E, 0x00, 0xF0, 0x07, 0xC0, 0x7E, 0x06, 0xFE,
    0x67, 0xE6, 0x7E, 0x67, 0xF6, 0xF7, 0xFE, 0x1F, 0xC0, 0x60, 0x06, 0x00, 0x00, 0x07, 0x01, 0xF0,
    0x38, 0x1F, 0xC3, 0x81, 0xC7, 0x1C, 0x0C, 0x19, 0xC0, 0x60, 0xCE, 0x03, 0x8E, 0xE0, 0x0F, 0xE7,
    0x00, 0x3E, 0x70, 0x00, 0x03, 0x80, 0x00, 0x38, 0xF8, 0x01, 0xCF, 0xE0, 0x1C, 0xE3, 0x80, 0xE6,
    0x0C, 0x0E, 0x30, 0x60, 0x71, 0xC7, 0x07, 0x07, 0xF0, 0x38, 0x1F, 0x00, 0x0F, 0x80, 0x1F, 0xC0,
    0x3D, 0xE0, 0x38, 0xE0, 0x38, 0xE0, 0x38, 0xE0, 0x1D, 0xC0, 0x0F, 0x80, 0x1F, 0x00, 0x3F, 0x9C,
    0x7B, 0xDC, 0x71, 0xFC, 0xE0, 0xF8, 0xE0, 0x70, 0xE0, 0xF8, 0xF1, 0xFC, 0x7F, 0xCE, 0x1F, 0x87,
    0xFF, 0xE0, 0x0C, 0x73, 0x8E, 0x71, 0xC6, 0x38, 0xE3, 0x8E, 0x38, 0xE3, 0x8E, 0x38, 0xE1, 0x87,
    0x1C, 0x38, 0xE1, 0xC3, 0xC3, 0x87, 0x1C, 0x38, 0xE1, 0x87, 0x1C, 0x71, 0xC7, 0x1C, 0x71, 0xC7,
    0x1C, 0x63, 0x8E, 0x71, 0xCE, 0x30, 0x18, 0x18, 0xDB, 0xFF, 0x3C, 0x66, 0x66, 0x06, 0x00, 0x60,
    0x06, 0x00, 0x60, 0x06, 0x0F, 0xFF, 0xFF, 0xF0, 0x60, 0x06, 0x00, 0x60, 0x06, 0x00, 0x60, 0xFF,
    0xB7, 0x80, 0xFF, 0xFF, 0xF8, 0xFF, 0x80, 0x06, 0x0C, 0x18, 0x60, 0xC1, 0x86, 0x0C, 0x18, 0x30,
    0xC1, 0x83, 0x0C, 0x18, 0x30, 0xC1, 0x83, 0x00, 0x1F, 0x83, 0xFC, 0x79, 0xE7, 0x0E, 0x70, 0xEE,
    0x07, 0xE0, 0x7E, 0x07, 0xE0, 0x7E, 0x07, 0xE0, 0x7E, 0x07, 0xE0, 0x77, 0x0E, 0x70, 0xE7, 0x9E,
    0x3F, 0xC1, 0xF8, 0x0E, 0x1C, 0x7F, 0xFF, 0xE1, 0xC3, 0x87, 0x0E, 0x1C, 0x38, 0x70, 0xE1, 0xC3,
    0x87, 0x0E, 0x1C, 0x1F, 0x07, 0xFC, 0x71, 0xEE, 0x0E, 0xE0, 0x7E, 0x07, 0x00, 0x70, 0x0E, 0x01,
    0xE0, 0x3C, 0x07, 0x81, 0xF0, 0x3C, 0x07, 0x80, 0xF0, 0x0E, 0x00, 0xFF, 0xFF, 0xFF, 0x1F, 0x07,
    0xFC, 0x71, 0xCE, 0x0E, 0xE0, 0xEE, 0x0E, 0x00, 0xE0, 0x1C, 0x0F, 0x80, 0xFE, 0x00, 0xE0, 0x07,
    0x00, 0x7E, 0x07, 0xE0, 0xF7, 0x1E, 0x7F, 0xE1, 0xF8, 0x01, 0xC0, 0x3C, 0x03, 0xC0, 0x7C, 0x07,
    0xC0, 0xDC, 0x1D, 0xC1, 0x9C, 0x31, 0xC7, 0x1C, 0x61, 0xCE, 0x1C, 0xFF, 0xFF, 0xFF, 0x01, 0xC0,
    0x1C, 0x01, 0xC0, 0x1C, 0x7F, 0xE7, 0xFE, 0x70, 0x07, 0x00, 0x70, 0x07, 0x00, 0x7F, 0x87, 0xFC,
    0x71, 0xE0, 0x0E, 0x00, 0x70, 0x07, 0x00, 0x7E, 0x07, 0xE0, 0xFF, 0x1E, 0x7F, 0xC1, 0xF8, 0x0F,
    0x83, 0xFE, 0x78, 0xE7, 0x07, 0xE0, 0x7E, 0x00, 0xE0, 0x0E, 0xF0, 0xFF, 0xCF, 0x9E, 0xF0, 0xEE,
    0x07, 0xE0, 0x7E, 0x07, 0x70, 0xE7, 0x9E, 0x3F, 0xC1, 0xF8, 0xFF, 0xFF, 0xFF, 0x00, 0xF0, 0x0E,
    0x01, 0xC0, 0x1C, 0x03, 0x80, 0x38, 0x07, 0x00, 0x70, 0x0E, 0x00, 0xE0, 0x1E, 0x01, 0xC0, 0x1C,
    0x03, 0xC0, 0x38, 0x03, 0x80, 0x0F, 0x03, 0xFC, 0x39, 0xC7, 0x0E, 0x70, 0xE7, 0x0E, 0x70, 0xE3,
    0x9C, 0x1F, 0x83, 0xFC, 0x70, 0xEE, 0x07, 0xE0, 0x7E, 0x07, 0xE0, 0x77, 0x0E, 0x7F, 0xE1, 0xF8,
    0x1F, 0x87, 0xFC, 0x79, 0xEF, 0x0E, 0xE0, 0x7E, 0x07, 0xE0, 0x7E, 0x07, 0xF0, 0xF7, 0x9F, 0x7F,
    0xF1, 0xF7, 0x00, 0x70, 0x07, 0xE0, 0xEF, 0x3E, 0x7F, 0xC1, 0xF0, 0xFF, 0x80, 0x00, 0x00, 0x7F,
    0xC0, 0xFF, 0x80, 0x00, 0x00, 0x7F, 0xDB, 0xC0, 0x00, 0x38, 0x07, 0xC0, 0xF8, 0x1F, 0x03, 0xE0,
    0x78, 0x03, 0xC0, 0x07, 0xC0, 0x0F, 0x80, 0x1F, 0x00, 0x3E, 0x00, 0x70, 0xFF, 0xFF, 0xF0, 0x03,
    0xFF, 0xFF, 0xC0, 0xE0, 0x07, 0xC0, 0x0F, 0x80, 0x1F, 0x00, 0x3E, 0x00, 0x3C, 0x01, 0xE0, 0x7C,
    0x0F, 0x81, 0xF0, 0x3E, 0x01, 0xC0, 0x00, 0x1F, 0x8F, 0xF9, 0xE7, 0xF8, 0x7E, 0x0F, 0xC3, 0xC0,
    0x70, 0x1E, 0x07, 0x80, 0xE0, 0x38, 0x07, 0x00, 0xE0, 0x1C, 0x00, 0x00, 0x00, 0x0E, 0x01, 0xC0,
    0x38, 0x00, 0x01, 0xFF, 0x00, 0x1F, 0xFF, 0x00, 0xF8, 0x1F, 0x07, 0x80, 0x1E, 0x3C, 0x00, 0x39,
    0xE1, 0xF6, 0x77, 0x0F, 0xF9, 0xFC, 0x71, 0xC7, 0xE3, 0x87, 0x1F, 0x8C, 0x38, 0x7E, 0x70, 0xE3,
    0xB9, 0xC3, 0x0E, 0xE7, 0x1C, 0x73, 0x9C, 0x71, 0xCE, 0x39, 0xDE, 0x3C, 0xFF, 0xF0, 0x71, 0xF7,
    0x01, 0xE0, 0x00, 0x03, 0xC0, 0x00, 0x07, 0xC1, 0xC0, 0x0F, 0xFF, 0x00, 0x0F, 0xF0, 0x00, 0x03,
    0xC0, 0x03, 0xC0, 0x07, 0xE0, 0x07, 0xE0, 0x0E, 0x60, 0x0E, 0x70, 0x0E, 0x70, 0x1C, 0x38, 0x1C,
    0x38, 0x1C, 0x38, 0x38, 0x1C, 0x38, 0x1C, 0x3F, 0xFC, 0x7F, 0xFE, 0x70, 0x0E, 0x70, 0x0E, 0xE0,
    0x07, 0xE0, 0x07, 0xE0, 0x07, 0xFF, 0xE1, 0xFF, 0xF3, 0x81, 0xE7, 0x00, 0xEE, 0x01, 0xDC, 0x03,
    0xB8, 0x07, 0x70, 0x1C, 0xFF, 0xF1, 0xFF, 0xF3, 0x80, 0x77, 0x00, 0x7E, 0x00, 0xFC, 0x01, 0xF8,
    0x03, 0xF0, 0x0F, 0xE0, 0x7D, 0xFF, 0xF3, 0xFF, 0x80, 0x07, 0xF0, 0x1F, 0xFC, 0x3E, 0x3E, 0x78,
    0x0F, 0x70, 0x07, 0xF0, 0x00, 0xE0, 0x00, 0xE0, 0x00, 0xE0, 0x00, 0xE0, 0x00, 0xE0, 0x00, 0xE0,
    0x00, 0xE0, 0x00, 0xF0, 0x07, 0x70, 0x07, 0x78, 0x0F, 0x3E, 0x3E, 0x1F, 0xFC, 0x07, 0xF0, 0xFF,
    0xE0, 0xFF, 0xF8, 0xE0, 0x7C, 0xE0, 0x1E, 0xE0, 0x0E, 0xE0, 0x0F, 0xE0, 0x07, 0xE0, 0x07, 0xE0,
    0x07, 0xE0, 0x07, 0xE0, 0x07, 0xE0, 0x07, 0xE0, 0x07, 0xE0, 0x0F, 0xE0, 0x0E, 0xE0, 0x1E, 0xE0,
    0x7C, 0xFF, 0xF8, 0xFF, 0xE0, 0xFF, 0xF7, 0xFF, 0xB8, 0x01, 0xC0, 0x0E, 0x00, 0x70, 0x03, 0x80,
    0x1C, 0x00, 0xFF, 0xE7, 0xFF, 0x38, 0x01, 0xC0, 0x0E, 0x00, 0x70, 0x03, 0x80, 0x1C, 0x00, 0xE0,
    0x07, 0xFF, 0xFF, 0xFE, 0xFF, 0xFF, 0xFF, 0xE0, 0x0E, 0x00, 0xE0, 0x0E, 0x00, 0xE0, 0x0E, 0x00,
    0xFF, 0xEF, 0xFE, 0xE0, 0x0E, 0x00, 0xE0, 0x0E, 0x00, 0xE0, 0x0E, 0x00, 0xE0, 0x0E, 0x00, 0xE0,
    0x00, 0x07, 0xF0, 0x0F, 0xFE, 0x0F, 0x8F, 0x8F, 0x01, 0xE7, 0x00, 0x77, 0x80, 0x03, 0x80, 0x01,
    0xC0, 0x00, 0xE0, 0x00, 0x70, 0x3F, 0xF8, 0x1F, 0xFC, 0x00, 0x7E, 0x00, 0x3F, 0x80, 0x1D, 0xC0,
    0x1E, 0xF0, 0x1F, 0x3E, 0x3F, 0x8F, 0xFD, 0xC1, 0xFC, 0xE0, 0xE0, 0x0F, 0xC0, 0x1F, 0x80, 0x3F,
    0x00, 0x7E, 0x00, 0xFC, 0x01, 0xF8, 0x03, 0xF0, 0x07, 0xFF, 0xFF, 0xFF, 0xFF, 0x80, 0x3F, 0x00,
    0x7E, 0x00, 0xFC, 0x01, 0xF8, 0x03, 0xF0, 0x07, 0xE0, 0x0F, 0xC0, 0x1F, 0x80, 0x38, 0xFF, 0xFF,
    0xFF, 0xFF, 0xFF, 0xFF, 0xFF, 0x80, 0x00, 0xE0, 0x1C, 0x03, 0x80, 0x70, 0x0E, 0x01, 0xC0, 0x38,
    0x07, 0x00, 0xE0, 0x1C, 0x03, 0x80, 0x7E, 0x0F, 0xC1, 0xF8, 0x3F, 0x07, 0x71, 0xEF, 0xF8, 0xFE,
    0x00, 0xE0, 0x3F, 0x81, 0xEE, 0x0F, 0x38, 0x78, 0xE3, 0xC3, 0x9E, 0x0E, 0xF0, 0x3F, 0x80, 0xFE,
    0x03, 0xFC, 0x0F, 0x78, 0x38, 0xE0, 0xE1, 0xC3, 0x87, 0x8E, 0x0E, 0x38, 0x1C, 0xE0, 0x7B, 0x80,
    0xEE, 0x03, 0xC0, 0xE0, 0x0E, 0x00, 0xE0, 0x0E, 0x00, 0xE0, 0x0E, 0x00, 0xE0, 0x0E, 0x00, 0xE0,
    0x0E, 0x00, 0xE0, 0x0E, 0x00, 0xE0, 0x0E, 0x00, 0xE0, 0x0E, 0x00, 0xE0, 0x0F, 0xFF, 0xFF, 0xF0,
    0xE0, 0x00, 0xFE, 0x00, 0x3F, 0xC0, 0x07, 0xFC, 0x01, 0xFF, 0x80, 0x3F, 0xF8, 0x0F, 0xFB, 0x01,
    0xBF, 0x70, 0x77, 0xE6, 0x0C, 0xFC, 0xE3, 0x9F, 0x9C, 0x73, 0xF1, 0x8C, 0x7E, 0x3B, 0x8F, 0xC7,
    0x71, 0xF8, 0x7C, 0x3F, 0x0F, 0x87, 0xE0, 0xE0, 0xFC, 0x1C, 0x1F, 0x83, 0x83, 0x80, 0xE0, 0x0F,
    0xE0, 0x1F, 0xC0, 0x3F, 0xC0, 0x7F, 0x80, 0xFF, 0x81, 0xFB, 0x83, 0xF7, 0x07, 0xE7, 0x0F, 0xC7,
    0x1F, 0x8E, 0x3F, 0x0E, 0x7E, 0x0C, 0xFC, 0x1D, 0xF8, 0x1F, 0xF0, 0x1F, 0xE0, 0x3F, 0xC0, 0x3F,
    0x80, 0x38, 0x07, 0xF0, 0x0F, 0xFE, 0x0F, 0x8F, 0x8F, 0x01, 0xE7, 0x00, 0x77, 0x80, 0x3F, 0x80,
    0x0F, 0xC0, 0x07, 0xE0, 0x03, 0xF0, 0x01, 0xF8, 0x00, 0xFC, 0x00, 0x7E, 0x00, 0x3F, 0x80, 0x3D,
    0xC0, 0x1C, 0xF0, 0x1E, 0x3E, 0x3E, 0x0F, 0xFE, 0x01, 0xFC, 0x00, 0xFF, 0xE3, 0xFF, 0xEE, 0x03,
    0xB8, 0x07, 0xE0, 0x1F, 0x80, 0x7E, 0x01, 0xF8, 0x0E, 0xFF, 0xFB, 0xFF, 0xCE, 0x00, 0x38, 0x00,
    0xE0, 0x03, 0x80, 0x0E, 0x00, 0x38, 0x00, 0xE0, 0x03, 0x80, 0x0E, 0x00, 0x00, 0x07, 0xF0, 0x0F,
    0xFE, 0x0F, 0x8F, 0x8F, 0x01, 0xE7, 0x00, 0x77, 0x80, 0x3F, 0x80, 0x0F, 0xC0, 0x07, 0xE0, 0x03,
    0xF0, 0x01, 0xF8, 0x00, 0xFC, 0x00, 0x7E, 0x00, 0x3F, 0x81, 0x3D, 0xC1, 0xDC, 0xF0, 0x7E, 0x3E,
    0x1E, 0x0F, 0xFF, 0x01, 0xFD, 0xC0, 0x00, 0x40, 0xFF, 0xE3, 0xFF, 0xEE, 0x03, 0xB8, 0x07, 0xE0,
    0x1F, 0x80, 0x7E, 0x01, 0xF8, 0x0E, 0xFF, 0xFB, 0xFF, 0xCE, 0x07, 0xB8, 0x0E, 0xE0, 0x1F, 0x80,
    0x7E, 0x01, 0xF8, 0x07, 0xE0, 0x1F, 0x80, 0x7E, 0x01, 0xC0, 0x0F, 0xC0, 0xFF, 0xC7, 0x8F, 0xBC,
    0x0E, 0xE0, 0x3B, 0x80, 0x0F, 0x00, 0x1F, 0x00, 0x3F, 0xC0, 0x1F, 0xC0, 0x0F, 0x80, 0x0F, 0x00,
    0x1F, 0x80, 0x7E, 0x01, 0xF8, 0x0F, 0xF8, 0xF9, 0xFF, 0xC1, 0xFC, 0x00, 0xFF, 0xFF, 0xFF, 0xFC,
    0x0E, 0x00, 0x1C, 0x00, 0x38, 0x00, 0x70, 0x00, 0xE0, 0x01, 0xC0, 0x03, 0x80, 0x07, 0x00, 0x0E,
    0x00, 0x1C, 0x00, 0x38, 0x00, 0x70, 0x00, 0xE0, 0x01, 0xC0, 0x03, 0x80, 0x07, 0x00, 0x0E, 0x00,
    0xE0, 0x0F, 0xC0, 0x1F, 0x80, 0x3F, 0x00, 0x7E, 0x00, 0xFC, 0x01, 0xF8, 0x03, 0xF0, 0x07, 0xE0,
    0x0F, 0xC0, 0x1F, 0x80, 0x3F, 0x00, 0x7E, 0x00, 0xFC, 0x01, 0xFC, 0x07, 0xB8, 0x0E, 0x7C, 0x7C,
    0x7F, 0xF0, 0x3F, 0x80, 0xE0, 0x07, 0xE0, 0x07, 0xF0, 0x0F, 0x70, 0x0E, 0x78, 0x1E, 0x38, 0x1C,
    0x38, 0x1C, 0x3C, 0x3C, 0x1C, 0x38, 0x1C, 0x38, 0x1E, 0x78, 0x0E, 0x70, 0x0E, 0x70, 0x0E, 0x70,
    0x07, 0xE0, 0x07, 0xE0, 0x03, 0xC0, 0x03, 0xC0, 0x03, 0xC0, 0xE0, 0x70, 0x3F, 0x03, 0x81, 0xF8,
    0x1C, 0x0F, 0xC0, 0xE0, 0x77, 0x0F, 0x87, 0x38, 0x7C, 0x39, 0xC3, 0x61, 0xCE, 0x3B, 0x8E, 0x31,
    0xDC, 0x61, 0xCE, 0xE7, 0x0E, 0x63, 0x38, 0x77, 0x1D, 0xC1, 0xB8, 0xEC, 0x0D, 0xC7, 0x60, 0x7C,
    0x1F, 0x03, 0xE0, 0xF8, 0x0E, 0x03, 0x80, 0x70, 0x1C, 0x03, 0x80, 0xE0, 0xE0, 0x07, 0xF0, 0x0F,
    0x78, 0x1E, 0x38, 0x1C, 0x1C, 0x38, 0x0E, 0x70, 0x0F, 0xF0, 0x07, 0xE0, 0x03, 0xC0, 0x03, 0xC0,
    0x07, 0xE0, 0x0F, 0xF0, 0x0E, 0x70, 0x1C, 0x38, 0x3C, 0x3C, 0x38, 0x1C, 0x70, 0x0E, 0xF0, 0x0F,
    0xE0, 0x07, 0xE0, 0x0F, 0xE0, 0x1D, 0xC0, 0x73, 0xC0, 0xE3, 0x83, 0x87, 0x87, 0x07, 0x1C, 0x0E,
    0x38, 0x0E, 0xE0, 0x1D, 0xC0, 0x1F, 0x00, 0x3E, 0x00, 0x38, 0x00, 0x70, 0x00, 0xE0, 0x01, 0xC0,
    0x03, 0x80, 0x07, 0x00, 0x0E, 0x00, 0xFF, 0xFF, 0xFF, 0xF0, 0x03, 0xC0, 0x1E, 0x00, 0xF0, 0x07,
    0x80, 0x1E, 0x00, 0xF0, 0x07, 0x80, 0x1E, 0x00, 0xF0, 0x07, 0x80, 0x1E, 0x00, 0xF0, 0x03, 0x80,
    0x1E, 0x00, 0xF0, 0x03, 0xFF, 0xFF, 0xFF, 0xC0, 0xFF, 0xF9, 0xCE, 0x73, 0x9C, 0xE7, 0x39, 0xCE,
    0x73, 0x9C, 0xE7, 0x39, 0xCE, 0x73, 0xFF, 0xC1, 0x83, 0x03, 0x06, 0x0C, 0x0C, 0x18, 0x30, 0x60,
    0x60, 0xC1, 0x81, 0x83, 0x06, 0x06, 0x0C, 0x18, 0xFF, 0xCE, 0x73, 0x9C, 0xE7, 0x39, 0xCE, 0x73,
    0x9C, 0xE7, 0x39, 0xCE, 0x73, 0x9F, 0xFF, 0x0E, 0x01, 0xC0, 0x7C, 0x0D, 0x83, 0xB8, 0xE3, 0x9C,
    0x77, 0x07, 0xE0, 0xE0, 0xFF, 0xFF, 0xFF, 0xF0, 0xE1, 0xC3, 0x87, 0x1F, 0x83, 0xFC, 0x71, 0xE7,
    0x0E, 0x00, 0xE0, 0x7E, 0x3F, 0xE7, 0xCE, 0xF0, 0xEE, 0x0E, 0xE1, 0xEF, 0x3E, 0x7F, 0xF3, 0xE7,
    0xE0, 0x0E, 0x00, 0xE0, 0x0E, 0x00, 0xE0, 0x0E, 0xF8, 0xFF, 0xCF, 0x9E, 0xF0, 0xEE, 0x07, 0xE0,
    0x7E, 0x07, 0xE0, 0x7E, 0x07, 0xE0, 0x7F, 0x0E, 0xF9, 0xEF, 0xFC, 0xEF, 0x80, 0x1F, 0x87, 0xF9,
    0xE7, 0xB8, 0x7E, 0x01, 0xC0, 0x38, 0x07, 0x00, 0xE0, 0x1C, 0x01, 0xC3, 0xBC, 0xF3, 0xFC, 0x3F,
    0x00, 0x00, 0x70, 0x07, 0x00, 0x70, 0x07, 0x00, 0x71, 0xF7, 0x3F, 0xF7, 0x9F, 0x70, 0xFE, 0x07,
    0xE0, 0x7E, 0x07, 0xE0, 0x7E, 0x07, 0xE0, 0x77, 0x0F, 0x79, 0xF3, 0xFF, 0x1F, 0x70, 0x0F, 0x03,
    0xFC, 0x79, 0xE7, 0x0E, 0xE0, 0x7E, 0x07, 0xFF, 0xFF, 0xFF, 0xE0, 0x0E, 0x00, 0x70, 0x77, 0x8F,
    0x3F, 0xE0, 0xF8, 0x1E, 0x7C, 0xE1, 0xC3, 0x9F, 0xFF, 0x9C, 0x38, 0x70, 0xE1, 0xC3, 0x87, 0x0E,
    0x1C, 0x38, 0x70, 0xE0, 0x1F, 0x73, 0xFF, 0x79, 0xF7, 0x0F, 0xE0, 0x7E, 0x07, 0xE0, 0x7E, 0x07,
    0xE0, 0x7E, 0x07, 0x70, 0xF7, 0x9F, 0x3F, 0xF1, 0xF7, 0x00, 0x7E, 0x07, 0xF0, 0xE7, 0xFE, 0x1F,
    0x80, 0xE0, 0x1C, 0x03, 0x80, 0x70, 0x0E, 0x01, 0xDE, 0x3F, 0xF7, 0x8E, 0xE0, 0xFC, 0x1F, 0x83,
    0xF0, 0x7E, 0x0F, 0xC1, 0xF8, 0x3F, 0x07, 0xE0, 0xFC, 0x1F, 0x83, 0x80, 0xFF, 0x81, 0xFF, 0xFF,
    0xFF, 0xFF, 0xFF, 0x80, 0x39, 0xCE, 0x00, 0x1C, 0xE7, 0x39, 0xCE, 0x73, 0x9C, 0xE7, 0x39, 0xCE,
    0x73, 0x9F, 0xFE, 0xE0, 0x1C, 0x03, 0x80, 0x70, 0x0E, 0x01, 0xC3, 0xB8, 0xF7, 0x3C, 0xEF, 0x1F,
    0xC3, 0xF0, 0x7F, 0x0E, 0xF1, 0xCE, 0x39, 0xE7, 0x1E, 0xE1, 0xDC, 0x3F, 0x83, 0x80, 0xFF, 0xFF,
    0xFF, 0xFF, 0xFF, 0xFF, 0xFF, 0x80, 0xEF, 0x3E, 0x7F, 0xFF, 0xBC, 0xF9, 0xFC, 0x38, 0x7E, 0x1C,
    0x3F, 0x0E, 0x1F, 0x87, 0x0F, 0xC3, 0x87, 0xE1, 0xC3, 0xF0, 0xE1, 0xF8, 0x70, 0xFC, 0x38, 0x7E,
    0x1C, 0x3F, 0x0E, 0x1C, 0xEF, 0x9F, 0xFB, 0xC7, 0x70, 0x7E, 0x0F, 0xC1, 0xF8, 0x3F, 0x07, 0xE0,
    0xFC, 0x1F, 0x83, 0xF0, 0x7E, 0x0F, 0xC1, 0xC0, 0x0F, 0x03, 0xFC, 0x79, 0xE7, 0x0E, 0xE0, 0x7E,
    0x07, 0xE0, 0x7E, 0x07, 0xE0, 0x7E, 0x07, 0x70, 0xE7, 0x9E, 0x3F, 0xC0, 0xF0, 0xEF, 0x8F, 0xFC,
    0xF9, 0xEF, 0x0E, 0xE0, 0x7E, 0x07, 0xE0, 0x7E, 0x07, 0xE0, 0x7E, 0x07, 0xF0, 0xEF, 0x9E, 0xFF,
    0xCE, 0xF8, 0xE0, 0x0E, 0x00, 0xE0, 0x0E, 0x00, 0xE0, 0x00, 0x1F, 0x73, 0xFF, 0x79, 0xF7, 0x0F,
    0xE0, 0x7E, 0x07, 0xE0, 0x7E, 0x07, 0xE0, 0x7E, 0x07, 0x70, 0xF7, 0x9F, 0x3F, 0xF1, 0xF7, 0x00,
    0x70, 0x07, 0x00, 0x70, 0x07, 0x00, 0x70, 0xEF, 0xFF, 0xFF, 0x8E, 0x1C, 0x38, 0x70, 0xE1, 0xC3,
    0x87, 0x0E, 0x1C, 0x00, 0x3F, 0x0F, 0xF3, 0xCF, 0x70, 0xEE, 0x01, 0xF8, 0x1F, 0xE0, 0x7E, 0x01,
    0xFC, 0x1F, 0x83, 0xF8, 0xF7, 0xFC, 0x7F, 0x00, 0x38, 0x70, 0xE1, 0xCF, 0xFF, 0xCE, 0x1C, 0x38,
    0x70, 0xE1, 0xC3, 0x87, 0x0E, 0x1C, 0x3E, 0x3C, 0xE0, 0xFC, 0x1F, 0x83, 0xF0, 0x7E, 0x0F, 0xC1,
    0xF8, 0x3F, 0x07, 0xE0, 0xFC, 0x1F, 0x87, 0xB9, 0xF7, 0xEE, 0x39, 0xC0, 0xE0, 0x7E, 0x07, 0xE0,
    0x77, 0x0E, 0x70, 0xE7, 0x0E, 0x39, 0xC3, 0x9C, 0x39, 0xC1, 0xF8, 0x1F, 0x80, 0xF0, 0x0F, 0x00,
    0xF0, 0xE0, 0xE0, 0xFC, 0x1C, 0x1D, 0x83, 0x83, 0x38, 0xF8, 0xE7, 0x1F, 0x1C, 0x63, 0x63, 0x0C,
    0xEE, 0x61, 0xDD, 0xDC, 0x1B, 0x1B, 0x03, 0xE3, 0xE0, 0x7C, 0x7C, 0x07, 0x07, 0x00, 0xE0, 0xE0,
    0x1C, 0x1C, 0x00, 0xE0, 0xFE, 0x3D, 0xC7, 0x1D, 0xC3, 0xF8, 0x3E, 0x03, 0x80, 0xF8, 0x1F, 0x07,
    0x71, 0xEF, 0x38, 0xEF, 0x1F, 0xC1, 0xC0, 0xE0, 0x3F, 0x01, 0xDC, 0x0E, 0xF0, 0xE3, 0x87, 0x1E,
    0x78, 0x73, 0x83, 0x9C, 0x0F, 0xC0, 0x7E, 0x01, 0xF0, 0x0F, 0x00, 0x38, 0x01, 0xC0, 0x1C, 0x00,
    0xE0, 0x0E, 0x01, 0xF0, 0x0F, 0x00, 0xFF, 0xFF, 0xFC, 0x07, 0x01, 0xC0, 0x78, 0x1E, 0x03, 0x80,
    0xF0, 0x3C, 0x07, 0x01, 0xC0, 0x78, 0x0F, 0xFF, 0xFF, 0xC0, 0x0E, 0x38, 0xE1, 0xC3, 0x87, 0x0E,
    0x1C, 0x38, 0x71, 0xC7, 0x0E, 0x0E, 0x0E, 0x1C, 0x38, 0x70, 0xE1, 0xC3, 0x87, 0x07, 0x07, 0xFF,
    0xFF, 0xFF, 0xFF, 0xFF, 0xFF, 0xE0, 0xE0, 0xE1, 0xC3, 0x87, 0x0E, 0x1C, 0x38, 0x70, 0x70, 0x70,
    0xE3, 0x8E, 0x1C, 0x38, 0x70, 0xE1, 0xC3, 0x87, 0x1C, 0x70, 0x78, 0xFF, 0xDF, 0xBF, 0xF1, 0xE0,
    0xAA, 0xAA, 0x00, 0x01, 0x80, 0x00, 0x00, 0x01, 0x80, 0x00, 0x73, 0xD1, 0xCA, 0x10, 0x4B, 0xD1,
    0xCA, 0x10, 0x73, 0xDF, 0x80, 0x00, 0x00, 0x01, 0x80, 0x00, 0x00, 0x01, 0x80, 0x00, 0x55, 0x55,
    0xAA, 0xAA, 0x00, 0x01, 0x80, 0x00, 0x00, 0x01, 0x80, 0x00, 0x71, 0x9D, 0xCA, 0x52, 0x73, 0xD3,
    0xC2, 0x52, 0x42, 0x5D, 0x80, 0x00, 0x00, 0x01, 0x80, 0x00, 0x00, 0x01, 0x80, 0x00, 0x55, 0x55,
    0xAA, 0xAA, 0x00, 0x01, 0x80, 0x00, 0x00, 0x01, 0x80, 0x00, 0x49, 0x9D, 0xCA, 0x52, 0x7A, 0x5D,
    0xCA, 0x50, 0x49, 0x91, 0x80, 0x00, 0x00, 0x01, 0x80, 0x00, 0x00, 0x01, 0x80, 0x00, 0x55, 0x55,
    0xAA, 0xAA, 0x00, 0x01, 0x80, 0x00, 0x00, 0x01, 0x80, 0x00, 0x73, 0x93, 0xCA, 0x52, 0x73, 0x9F,
    0xCA, 0x12, 0x72, 0x13, 0x80, 0x00, 0x00, 0x01, 0x80, 0x00, 0x00, 0x01, 0x80, 0x00, 0x55, 0x55,
    0xAA, 0xAA, 0x00, 0x01, 0x80, 0x00, 0x00, 0x01, 0x80, 0x00, 0x4B, 0x93, 0xEA, 0x52, 0x5B, 0x9F,
    0xCA, 0x52, 0x4B, 0x93, 0x80, 0x00, 0x00, 0x01, 0x80, 0x00, 0x00, 0x01, 0x80, 0x00, 0x55, 0x55,
    0xAA, 0xAA, 0x00, 0x01, 0x80, 0x00, 0x00, 0x01, 0x80, 0x00, 0x74, 0xB9, 0xA6, 0xA4, 0x25, 0xA5,
    0xA4, 0xA4, 0x74, 0xB9, 0x80, 0x00, 0x00, 0x01, 0x80, 0x00, 0x00, 0x01, 0x80, 0x00, 0x55, 0x55,
    0xAA, 0xAA, 0x00, 0x01, 0x80, 0x00, 0x00, 0x01, 0x80, 0x00, 0x4B, 0xD1, 0xEA, 0x10, 0x5B, 0xD1,
    0xCA, 0x10, 0x4B, 0xDF, 0x80, 0x00, 0x00, 0x01, 0x80, 0x00, 0x00, 0x01, 0x80, 0x00, 0x55, 0x55,
    0xAA, 0xAA, 0x00, 0x01, 0x80, 0x00, 0x00, 0x01, 0x80, 0x00, 0x39, 0xCD, 0xC2, 0x12, 0x31, 0x9F,
    0x88, 0x52, 0x73, 0x93, 0x80, 0x00, 0x00, 0x01, 0x80, 0x00, 0x00, 0x01, 0x80, 0x00, 0x55, 0x55,
    0xAA, 0xAA, 0x00, 0x01, 0x80, 0x00, 0x00, 0x01, 0x80, 0x00, 0x79, 0xCD, 0xC2, 0x12, 0x79, 0x9F,
    0xC0, 0x52, 0x7B, 0x93, 0x80, 0x00, 0x00, 0x01, 0x80, 0x00, 0x00, 0x01, 0x80, 0x00, 0x55, 0x55,
    0xAA, 0xAA, 0x00, 0x01, 0x80, 0x00, 0x00, 0x01, 0x80, 0x00, 0x4B, 0x9D, 0xC9, 0x20, 0x79, 0x19,
    0xC9, 0x04, 0x49, 0x39, 0x80, 0x00, 0x00, 0x01, 0x80, 0x00, 0x00, 0x01, 0x80, 0x00, 0x55, 0x55,
    0xAA, 0xAA, 0x00, 0x01, 0x80, 0x00, 0x00, 0x01, 0x80, 0x00, 0x25, 0xDD, 0xA4, 0x84, 0x3C, 0x85,
    0xA4, 0x84, 0x24, 0x99, 0x80, 0x00, 0x00, 0x01, 0x80, 0x00, 0x00, 0x01, 0x80, 0x00, 0x55, 0x55,
    0xAA, 0xAA, 0x00, 0x01, 0x80, 0x00, 0x00, 0x01, 0x80, 0x00, 0x45, 0xCD, 0xC4, 0x90, 0x44, 0x89,
    0xA8, 0x84, 0x10, 0x99, 0x80, 0x00, 0x00, 0x01, 0x80, 0x00, 0x00, 0x01, 0x80, 0x00, 0x55, 0x55,
    0xAA, 0xAA, 0x00, 0x01, 0x80, 0x00, 0x00, 0x01, 0x80, 0x00, 0x72, 0x1D, 0xCA, 0x12, 0x72, 0x13,
    0xC2, 0x12, 0x43, 0xDD, 0x80, 0x00, 0x00, 0x01, 0x80, 0x00, 0x00, 0x01, 0x80, 0x00, 0x55, 0x55,
    0xAA, 0xAA, 0x00, 0x01, 0x80, 0x00, 0x00, 0x01, 0x80, 0x00, 0x72, 0x13, 0xCA, 0x12, 0x72, 0x13,
    0xC2, 0x12, 0x43, 0xCD, 0x80, 0x00, 0x00, 0x01, 0x80, 0x00, 0x00, 0x01, 0x80, 0x00, 0x55, 0x55,
    0xAA, 0xAA, 0x00, 0x01, 0x80, 0x00, 0x00, 0x01, 0x80, 0x00, 0x0E, 0x21, 0x89, 0x20, 0x0E, 0x21,
    0x8A, 0x20, 0x09, 0x21, 0x80, 0x00, 0x00, 0x01, 0x80, 0x00, 0x00, 0x01, 0x80, 0x00, 0x55, 0x55,
    0xAA, 0xAA, 0x00, 0x01, 0x80, 0x00, 0x00, 0x01, 0x80, 0x00, 0x39, 0xDD, 0xC2, 0x02, 0x31, 0x8D,
    0x88, 0x50, 0x73, 0x9F, 0x80, 0x00, 0x00, 0x01, 0x80, 0x00, 0x00, 0x01, 0x80, 0x00, 0x55, 0x55,
    0xAA, 0xAA, 0x00, 0x01, 0x80, 0x00, 0x00, 0x01, 0x80, 0x00, 0x39, 0xDD, 0xC2, 0x02, 0x31, 0x8D,
    0x88, 0x42, 0x73, 0x9D, 0x80, 0x00, 0x00, 0x01, 0x80, 0x00, 0x00, 0x01, 0x80, 0x00, 0x55, 0x55,
    0xAA, 0xAA, 0x00, 0x01, 0x80, 0x00, 0x00, 0x01, 0x80, 0x00, 0x71, 0xCF, 0xCA, 0x10, 0x4A, 0x0D,
    0xCA, 0x02, 0x71, 0xDD, 0x80, 0x00, 0x00, 0x01, 0x80, 0x00, 0x00, 0x01, 0x80, 0x00, 0x55, 0x55,
    0xAA, 0xAA, 0x00, 0x01, 0x80, 0x00, 0x00, 0x01, 0x80, 0x00, 0x72, 0x45, 0xCA, 0x4C, 0x72, 0x45,
    0xC2, 0x44, 0x41, 0x8F, 0x80, 0x00, 0x00, 0x01, 0x80, 0x00, 0x00, 0x01, 0x80, 0x00, 0x55, 0x55,
    0xAA, 0xAA, 0x00, 0x01, 0x80, 0x00, 0x00, 0x01, 0x80, 0x00, 0x72, 0x5D, 0xCA, 0x42, 0x72, 0x4D,
    0xC2, 0x50, 0x41, 0x9F, 0x80, 0x00, 0x00, 0x01, 0x80, 0x00, 0x00, 0x01, 0x80, 0x00, 0x55, 0x55,
    0xAA, 0xAA, 0x00, 0x01, 0x80, 0x00, 0x00, 0x01, 0x80, 0x00, 0x3B, 0x9D, 0xC1, 0x20, 0x31, 0x19,
    0x89, 0x04, 0x71, 0x39, 0x80, 0x00, 0x00, 0x01, 0x80, 0x00, 0x00, 0x01, 0x80, 0x00, 0x55, 0x55,
    0xAA, 0xAA, 0x00, 0x01, 0x80, 0x00, 0x00, 0x01, 0x80, 0x00, 0x39, 0xD3, 0xC2, 0x12, 0x42, 0x1F,
    0xC2, 0x12, 0x39, 0xD3, 0x80, 0x00, 0x00, 0x01, 0x80, 0x00, 0x00, 0x01, 0x80, 0x00, 0x55, 0x55,
    0xAA, 0xAA, 0x00, 0x01, 0x80, 0x00, 0x00, 0x01, 0x80, 0x00, 0x22, 0x89, 0xB6, 0x88, 0x2A, 0xA9,
    0xA2, 0xD8, 0x22, 0x89, 0x80, 0x00, 0x00, 0x01, 0x80, 0x00, 0x00, 0x01, 0x80, 0x00, 0x55, 0x55,
    0xAA, 0xAA, 0x00, 0x01, 0x80, 0x00, 0x00, 0x01, 0x80, 0x00, 0x3B, 0x8D, 0xC2, 0x52, 0x33, 0x9F,
    0x8A, 0x12, 0x72, 0x13, 0x80, 0x00, 0x00, 0x01, 0x80, 0x00, 0x00, 0x01, 0x80, 0x00, 0x55, 0x55,
    0xAA, 0xAA, 0x00, 0x01, 0x80, 0x00, 0x00, 0x01, 0x80, 0x00, 0x7B, 0x8D, 0xC2, 0x52, 0x7B, 0x9F,
    0xC2, 0x12, 0x7A, 0x13, 0x80, 0x00, 0x00, 0x01, 0x80, 0x00, 0x00, 0x01, 0x80, 0x00, 0x55, 0x55,
    0xAA, 0xAA, 0x00, 0x01, 0x80, 0x00, 0x00, 0x01, 0x80, 0x00, 0x39, 0x8F, 0xC2, 0x50, 0x32, 0x4D,
    0x8A, 0x42, 0x71, 0x9D, 0x80, 0x00, 0x00, 0x01, 0x80, 0x00, 0x00, 0x01, 0x80, 0x00, 0x55, 0x55,
    0xAA, 0xAA, 0x00, 0x01, 0x80, 0x00, 0x00, 0x01, 0x80, 0x00, 0x33, 0x9B, 0xC4, 0x22, 0x25, 0xA3,
    0x94, 0xA2, 0x63, 0x9B, 0x80, 0x00, 0x00, 0x01, 0x80, 0x00, 0x00, 0x01, 0x80, 0x00, 0x55, 0x55,
    0xAA, 0xAA, 0x00, 0x01, 0x80, 0x00, 0x00, 0x01, 0x80, 0x00, 0x39, 0xDD, 0xC2, 0x08, 0x32, 0x09,
    0x8A, 0x08, 0x71, 0xDD, 0x80, 0x00, 0x00, 0x01, 0x80, 0x00, 0x00, 0x01, 0x80, 0x00, 0x55, 0x55,
    0xAA, 0xAA, 0x00, 0x01, 0x80, 0x00, 0x00, 0x01, 0x80, 0x00, 0x39, 0xDD, 0xC2, 0x08, 0x41, 0x89,
    0xC0, 0x48, 0x3B, 0x9D, 0x80, 0x00, 0x00, 0x01, 0x80, 0x00, 0x00, 0x01, 0x80, 0x00, 0x55, 0x55,
    0xAA, 0xAA, 0x00, 0x01, 0x80, 0x00, 0x00, 0x01, 0x80, 0x00, 0x0E, 0xF9, 0x90, 0x20, 0x0C, 0x21,
    0x82, 0x20, 0x1C, 0x21, 0x80, 0x00, 0x00, 0x01, 0x80, 0x00, 0x00, 0x01, 0x80, 0x00, 0x55, 0x55,
    0xAA, 0xAA, 0x00, 0x01, 0x80, 0x00, 0x00, 0x01, 0x80, 0x00, 0x31, 0xCF, 0xCA, 0x10, 0x49, 0x91,
    0xC8, 0x50, 0x33, 0x8F, 0x80, 0x00, 0x00, 0x01, 0x80, 0x00, 0x00, 0x01, 0x80, 0x00, 0x55, 0x55,
    0xAA, 0xAA, 0x00, 0x01, 0x80, 0x00, 0x00, 0x01, 0x80, 0x00, 0x1C, 0x89, 0x92, 0xD8, 0x1C, 0xA9,
    0x90, 0x88, 0x10, 0x89, 0x80, 0x00, 0x00, 0x01, 0x80, 0x00, 0x00, 0x01, 0x80, 0x00, 0x55, 0x55,
    0xAA, 0xAA, 0x00, 0x01, 0x80, 0x00, 0x00, 0x01, 0x80, 0x00, 0x33, 0x8F, 0xCA, 0x50, 0x7B, 0x91,
    0xCA, 0x10, 0x4A, 0x0F, 0x80, 0x00, 0x00, 0x01, 0x80, 0x00, 0x00, 0x01, 0x80, 0x00, 0x55, 0x55,
    0x00, 0xFF, 0x80, 0xDB, 0xFF, 0xFF, 0xFF, 0xFF, 0x80, 0x01, 0x80, 0x30, 0x7E, 0x1F, 0xE7, 0xBE,
    0xE6, 0xF8, 0xC7, 0x30, 0xE6, 0x1C, 0xC3, 0x98, 0x76, 0x0E, 0xCE, 0xFB, 0xDF, 0xF1, 0xFC, 0x18,
    0x03, 0x00, 0x1F, 0x81, 0xFE, 0x1C, 0x38, 0xE1, 0xC7, 0x00, 0x3C, 0x00, 0xE0, 0x03, 0x80, 0xFF,
    0xC7, 0xFE, 0x07, 0x00, 0x38, 0x01, 0xC0, 0x1C, 0x00, 0xE0, 0x0F, 0xE7, 0xFF, 0xFF, 0x8F, 0x80,
    0xC0, 0x3E, 0xF7, 0x7F, 0xE3, 0x9C, 0x70, 0xE7, 0x0E, 0x70, 0xE7, 0x0E, 0x39, 0xC7, 0xFE, 0xEF,
    0x7C, 0x03, 0xE0, 0x3F, 0x01, 0xDC, 0x1C, 0xE0, 0xE3, 0x8E, 0x1C, 0x70, 0x77, 0x03, 0xB8, 0x7F,
    0xF3, 0xFF, 0x81, 0xC0, 0xFF, 0xE7, 0xFF, 0x03, 0x80, 0x1C, 0x00, 0xE0, 0x07, 0x00, 0x38, 0x00,
    0xFF, 0xFF, 0xF0, 0x0F, 0xFF, 0xFF, 0x1F, 0x83, 0xFC, 0x79, 0xE7, 0x0E, 0x78, 0xE3, 0xC0, 0x1E,
    0x07, 0xF0, 0xF7, 0x8E, 0x3C, 0xE1, 0xEE, 0x0E, 0x70, 0x77, 0x87, 0x3C, 0x71, 0xEE, 0x0F, 0xC0,
    0x78, 0x03, 0xC7, 0x1E, 0x70, 0xE7, 0x9E, 0x3F, 0xC1, 0xF8, 0xEF, 0xDC, 0x01, 0xF0, 0x01, 0xFF,
    0xC0, 0x78, 0x3C, 0x1C, 0x01, 0xC7, 0x00, 0x1C, 0xC3, 0xE1, 0xB8, 0xEE, 0x3E, 0x30, 0x63, 0xC6,
    0x00, 0x78, 0xC0, 0x0F, 0x18, 0x01, 0xE3, 0x06, 0x3E, 0x3B, 0x8E, 0xC3, 0xE1, 0x9C, 0x00, 0x71,
    0xC0, 0x1C, 0x1E, 0x0F, 0x01, 0xFF, 0xC0, 0x07, 0xC0, 0x00, 0x7C, 0xFE, 0xC6, 0x1E, 0x7E, 0xE6,
    0xC6, 0xFF, 0x7B, 0x00, 0xFF, 0xFF, 0x1D, 0xCE, 0xE7, 0x73, 0xB8, 0xEE, 0x1D, 0xC3, 0xB8, 0x77,
    0xFF, 0xFF, 0xFF, 0x00, 0x30, 0x03, 0x00, 0x30, 0x03, 0x00, 0x30, 0xFF, 0xFF, 0xF8, 0x03, 0xF8,
    0x01, 0xFF, 0xC0, 0x70, 0x3C, 0x1C, 0x01, 0xC7, 0x3F, 0x9C, 0xC6, 0x39, 0xB8, 0xC3, 0x3E, 0x18,
    0x63, 0xC3, 0x18, 0x78, 0x7E, 0x0F, 0x0C, 0xC1, 0xE1, 0x8C, 0x3E, 0x31, 0x86, 0xC6, 0x19, 0xDC,
    0x00, 0x31, 0xC0, 0x0E, 0x1E, 0x03, 0x81, 0xFF, 0xC0, 0x0F, 0xE0, 0x00, 0xFF, 0xFC, 0x3C, 0x66,
    0xC3, 0xC3, 0xC3, 0x66, 0x3C, 0x0E, 0x01, 0xC0, 0x38, 0x07, 0x0F, 0xFF, 0xFF, 0xC3, 0x80, 0x70,
    0x0E, 0x01, 0xC0, 0x00, 0x7F, 0xFF, 0xFE, 0x7B, 0xFC, 0xC3, 0x1D, 0xEE, 0x30, 0xFF, 0xF0, 0x7B,
    0xFC, 0xC3, 0x38, 0xE0, 0xF3, 0xFD, 0xE0, 0x1C, 0xE7, 0x38, 0xE0, 0xFC, 0x1F, 0x83, 0xF0, 0x7E,
    0x0F, 0xC1, 0xF8, 0x3F, 0x07, 0xE0, 0xFC, 0x1F, 0x87, 0xF9, 0xFF, 0xEF, 0xD9, 0xF8, 0x07, 0x00,
    0xE0, 0x1C, 0x03, 0x80, 0x00, 0x0F, 0xE7, 0xFD, 0xF3, 0x3E, 0x6F, 0xCD, 0xF9, 0xBF, 0x37, 0xE6,
    0xFC, 0xCF, 0x99, 0xF3, 0x1E, 0x61, 0xCC, 0x19, 0x83, 0x30, 0x66, 0x0C, 0xC1, 0x98, 0x33, 0x06,
    0x60, 0xCC, 0x19, 0x83, 0x30, 0x66, 0xFF, 0x80, 0x71, 0xE1, 0xC7, 0xFD, 0xE0, 0x33, 0xFF, 0x33,
    0x33, 0x33, 0x3C, 0x7E, 0xE7, 0xC3, 0xC3, 0xC3, 0xE7, 0x7E, 0x3C, 0x00, 0xFF, 0xFF, 0xEE, 0x1D,
    0xC3, 0xB8, 0x77, 0x1D, 0xCE, 0xE7, 0x73, 0xB8, 0x30, 0x18, 0x18, 0x0C, 0x3C, 0x0C, 0x1E, 0x06,
    0x03, 0x06, 0x01, 0x83, 0x00, 0xC3, 0x00, 0x61, 0x80, 0x31, 0x86, 0x18, 0xC7, 0x00, 0xC7, 0x80,
    0x63, 0xC0, 0x63, 0x60, 0x33, 0x30, 0x31, 0xFE, 0x18, 0xFF, 0x18, 0x06, 0x0C, 0x03, 0x00, 0x30,
    0x18, 0x30, 0x18, 0xF0, 0x30, 0xF0, 0x30, 0x30, 0x60, 0x30, 0x60, 0x30, 0xC0, 0x30, 0xC0, 0x31,
    0x9E, 0x31, 0xBF, 0x03, 0x33, 0x03, 0x03, 0x06, 0x07, 0x06, 0x1E, 0x0C, 0x38, 0x0C, 0x30, 0x18,
    0x3F, 0x18, 0x3F, 0x78, 0x18, 0x7E, 0x0C, 0x33, 0x0C, 0x01, 0x86, 0x03, 0x86, 0x01, 0xC3, 0x00,
    0x33, 0x01, 0x99, 0x80, 0xFD, 0x86, 0x3C, 0xC7, 0x00, 0xC7, 0x80, 0x63, 0xC0, 0x63, 0x60, 0x33,
    0x30, 0x31, 0xFE, 0x18, 0xFF, 0x18, 0x06, 0x0C, 0x03, 0x00, 0x0E, 0x01, 0xC0, 0x38, 0x00, 0x00,
    0x00, 0x1C, 0x03, 0x80, 0x70, 0x0E, 0x03, 0x80, 0xF0, 0x3C, 0x07, 0x01, 0xE1, 0xF8, 0x3F, 0x0F,
    0xF3, 0xCF, 0xF8, 0xFC, 0x00, 0x0E, 0x00, 0x07, 0x00, 0x03, 0x80, 0x01, 0xC0, 0x00, 0x00, 0x03,
    0xC0, 0x03, 0xC0, 0x07, 0xE0, 0x07, 0xE0, 0x0E, 0x60, 0x0E, 0x70, 0x0E, 0x70, 0x1C, 0x38, 0x1C,
    0x38, 0x1C, 0x38, 0x38, 0x1C, 0x38, 0x1C, 0x3F, 0xFC, 0x7F, 0xFE, 0x70, 0x0E, 0x70, 0x0E, 0xE0,
    0x07, 0xE0, 0x07, 0xE0, 0x07, 0x00, 0x70, 0x00, 0xE0, 0x01, 0xC0, 0x03, 0x80, 0x00, 0x00, 0x03,
    0xC0, 0x03, 0xC0, 0x07, 0xE0, 0x07, 0xE0, 0x0E, 0x60, 0x0E, 0x70, 0x0E, 0x70, 0x1C, 0x38, 0x1C,
    0x38, 0x1C, 0x38, 0x38, 0x1C, 0x38, 0x1C, 0x3F, 0xFC, 0x7F, 0xFE, 0x70, 0x0E, 0x70, 0x0E, 0xE0,
    0x07, 0xE0, 0x07, 0xE0, 0x07, 0x01, 0xC0, 0x03, 0xE0, 0x07, 0x70, 0x0E, 0x38, 0x00, 0x00, 0x03,
    0xC0, 0x03, 0xC0, 0x07, 0xE0, 0x07, 0xE0, 0x0E, 0x60, 0x0E, 0x70, 0x0E, 0x70, 0x1C, 0x38, 0x1C,
    0x38, 0x1C, 0x38, 0x38, 0x1C, 0x38, 0x1C, 0x3F, 0xFC, 0x7F, 0xFE, 0x70, 0x0E, 0x70, 0x0E, 0xE0,
    0x07, 0xE0, 0x07, 0xE0, 0x07, 0x07, 0x98, 0x0F, 0xF8, 0x0C, 0xF0, 0x00, 0x00, 0x03, 0xC0, 0x03,
    0xC0, 0x07, 0xE0, 0x07, 0xE0, 0x0E, 0x60, 0x0E, 0x70, 0x0E, 0x70, 0x1C, 0x38, 0x1C, 0x38, 0x1C,
    0x38, 0x38, 0x1C, 0x38, 0x1C, 0x3F, 0xFC, 0x7F, 0xFE, 0x70, 0x0E, 0x70, 0x0E, 0xE0, 0x07, 0xE0,
    0x07, 0xE0, 0x07, 0x0E, 0x70, 0x0E, 0x70, 0x00, 0x00, 0x00, 0x00, 0x03, 0xC0, 0x03, 0xC0, 0x07,
    0xE0, 0x07, 0xE0, 0x0E, 0x60, 0x0E, 0x70, 0x0E, 0x70, 0x1C, 0x38, 0x1C, 0x38, 0x1C, 0x38, 0x38,
    0x1C, 0x38, 0x1C, 0x3F, 0xFC, 0x7F, 0xFE, 0x70, 0x0E, 0x70, 0x0E, 0xE0, 0x07, 0xE0, 0x07, 0xE0,
    0x07, 0x03, 0xC0, 0x06, 0x60, 0x04, 0x20, 0x06, 0x60, 0x03, 0xC0, 0x03, 0xC0, 0x03, 0xC0, 0x07,
    0xE0, 0x07, 0xE0, 0x0E, 0x60, 0x0E, 0x70, 0x0E, 0x70, 0x1C, 0x38, 0x1C, 0x38, 0x1C, 0x38, 0x38,
    0x1C, 0x38, 0x1C, 0x3F, 0xFC, 0x7F, 0xFE, 0x70, 0x0E, 0x70, 0x0E, 0xE0, 0x07, 0xE0, 0x07, 0xE0,
    0x07, 0x03, 0xFF, 0xF8, 0x0F, 0xFF, 0xE0, 0x77, 0x00, 0x01, 0xDC, 0x00, 0x0E, 0x70, 0x00, 0x39,
    0xC0, 0x00, 0xE7, 0x00, 0x07, 0x1C, 0x00, 0x1C, 0x7F, 0xF0, 0x71, 0xFF, 0xC3, 0x87, 0x00, 0x0E,
    0x1C, 0x00, 0x3F, 0xF0, 0x01, 0xFF, 0xC0, 0x07, 0x07, 0x00, 0x1C, 0x1C, 0x00, 0xE0, 0x70, 0x03,
    0x81, 0xFF, 0xFE, 0x07, 0xFF, 0xC0, 0x07, 0xF0, 0x1F, 0xFC, 0x3E, 0x3E, 0x78, 0x0F, 0x70, 0x07,
    0xF0, 0x00, 0xE0, 0x00, 0xE0, 0x00, 0xE0, 0x00, 0xE0, 0x00, 0xE0, 0x00, 0xE0, 0x00, 0xE0, 0x00,
    0xF0, 0x07, 0x70, 0x07, 0x78, 0x0F, 0x3E, 0x3E, 0x1F, 0xFC, 0x07, 0xF0, 0x03, 0xC0, 0x00, 0xE0,
    0x00, 0xE0, 0x07, 0xE0, 0x03, 0xC0, 0x38, 0x00, 0xE0, 0x03, 0x80, 0x0E, 0x00, 0x00, 0x7F, 0xFB,
    0xFF, 0xDC, 0x00, 0xE0, 0x07, 0x00, 0x38, 0x01, 0xC0, 0x0E, 0x00, 0x7F, 0xF3, 0xFF, 0x9C, 0x00,
    0xE0, 0x07, 0x00, 0x38, 0x01, 0xC0, 0x0E, 0x00, 0x70, 0x03, 0xFF, 0xFF, 0xFF, 0x01, 0xC0, 0x1C,
    0x01, 0xC0, 0x1C, 0x00, 0x00, 0x7F, 0xFB, 0xFF, 0xDC, 0x00, 0xE0, 0x07, 0x00, 0x38, 0x01, 0xC0,
    0x0E, 0x00, 0x7F, 0xF3, 0xFF, 0x9C, 0x00, 0xE0, 0x07, 0x00, 0x38, 0x01, 0xC0, 0x0E, 0x00, 0x70,
    0x03, 0xFF, 0xFF, 0xFF, 0x07, 0x00, 0x7C, 0x07, 0x70, 0x71, 0xC0, 0x00, 0x7F, 0xFB, 0xFF, 0xDC,
    0x00, 0xE0, 0x07, 0x00, 0x38, 0x01, 0xC0, 0x0E, 0x00, 0x7F, 0xF3, 0xFF, 0x9C, 0x00, 0xE0, 0x07,
    0x00, 0x38, 0x01, 0xC0, 0x0E, 0x00, 0x70, 0x03, 0xFF, 0xFF, 0xFF, 0x38, 0xE1, 0xC7, 0x00, 0x00,
    0x00, 0x0F, 0xFF, 0x7F, 0xFB, 0x80, 0x1C, 0x00, 0xE0, 0x07, 0x00, 0x38, 0x01, 0xC0, 0x0F, 0xFE,
    0x7F, 0xF3, 0x80, 0x1C, 0x00, 0xE0, 0x07, 0x00, 0x38, 0x01, 0xC0, 0x0E, 0x00, 0x7F, 0xFF, 0xFF,
    0xE0, 0xE1, 0xC3, 0x87, 0x00, 0xE3, 0x8E, 0x38, 0xE3, 0x8E, 0x38, 0xE3, 0x8E, 0x38, 0xE3, 0x8E,
    0x38, 0xE3, 0x8E, 0x1C, 0xE7, 0x38, 0x01, 0xC7, 0x1C, 0x71, 0xC7, 0x1C, 0x71, 0xC7, 0x1C, 0x71,
    0xC7, 0x1C, 0x71, 0xC7, 0x1C, 0x1C, 0x1F, 0x1D, 0xDC, 0x70, 0x00, 0xE0, 0x70, 0x38, 0x1C, 0x0E,
    0x07, 0x03, 0x81, 0xC0, 0xE0, 0x70, 0x38, 0x1C, 0x0E, 0x07, 0x03, 0x81, 0xC0, 0xE0, 0x70, 0x38,
    0xEF, 0xDC, 0x00, 0x03, 0x87, 0x0E, 0x1C, 0x38, 0x70, 0xE1, 0xC3, 0x87, 0x0E, 0x1C, 0x38, 0x70,
    0xE1, 0xC3, 0x87, 0x0E, 0x00, 0x1F, 0xFC, 0x03, 0xFF, 0xE0, 0x70, 0x3E, 0x0E, 0x01, 0xE1, 0xC0,
    0x1C, 0x38, 0x03, 0xC7, 0x00, 0x38, 0xE0, 0x07, 0xFF, 0xC0, 0xFF, 0xF8, 0x1C, 0x70, 0x03, 0x8E,
    0x00, 0x71, 0xC0, 0x0E, 0x38, 0x03, 0xC7, 0x00, 0x70, 0xE0, 0x1E, 0x1C, 0x0F, 0x83, 0xFF, 0xE0,
    0x7F, 0xF0, 0x00, 0x0F, 0x30, 0x3F, 0xE0, 0x67, 0x80, 0x00, 0x0E, 0x00, 0xFE, 0x01, 0xFC, 0x03,
    0xFC, 0x07, 0xF8, 0x0F, 0xF8, 0x1F, 0xB8, 0x3F, 0x70, 0x7E, 0x70, 0xFC, 0x71, 0xF8, 0xE3, 0xF0,
    0xE7, 0xE0, 0xCF, 0xC1, 0xDF, 0x81, 0xFF, 0x01, 0xFE, 0x03, 0xFC, 0x03, 0xF8, 0x03, 0x80, 0x0E,
    0x00, 0x03, 0x80, 0x00, 0xE0, 0x00, 0x38, 0x00, 0x00, 0x00, 0x3F, 0x80, 0x7F, 0xF0, 0x7C, 0x7C,
    0x78, 0x0F, 0x38, 0x03, 0xBC, 0x01, 0xFC, 0x00, 0x7E, 0x00, 0x3F, 0x00, 0x1F, 0x80, 0x0F, 0xC0,
    0x07, 0xE0, 0x03, 0xF0, 0x01, 0xFC, 0x01, 0xEE, 0x00, 0xE7, 0x80, 0xF1, 0xF1, 0xF0, 0x7F, 0xF0,
    0x0F, 0xE0, 0x00, 0x38, 0x00, 0x38, 0x00, 0x38, 0x00, 0x38, 0x00, 0x00, 0x00, 0x3F, 0x80, 0x7F,
    0xF0, 0x7C, 0x7C, 0x78, 0x0F, 0x38, 0x03, 0xBC, 0x01, 0xFC, 0x00, 0x7E, 0x00, 0x3F, 0x00, 0x1F,
    0x80, 0x0F, 0xC0, 0x07, 0xE0, 0x03, 0xF0, 0x01, 0xFC, 0x01, 0xEE, 0x00, 0xE7, 0x80, 0xF1, 0xF1,
    0xF0, 0x7F, 0xF0, 0x0F, 0xE0, 0x01, 0xC0, 0x01, 0xF0, 0x01, 0xDC, 0x01, 0xC7, 0x00, 0x00, 0x00,
    0x3F, 0x80, 0x7F, 0xF0, 0x7C, 0x7C, 0x78, 0x0F, 0x38, 0x03, 0xBC, 0x01, 0xFC, 0x00, 0x7E, 0x00,
    0x3F, 0x00, 0x1F, 0x80, 0x0F, 0xC0, 0x07, 0xE0, 0x03, 0xF0, 0x01, 0xFC, 0x01, 0xEE, 0x00, 0xE7,
    0x80, 0xF1, 0xF1, 0xF0, 0x7F, 0xF0, 0x0F, 0xE0, 0x07, 0x98, 0x07, 0xFC, 0x03, 0x3C, 0x00, 0x00,
    0x00, 0x7F, 0x00, 0xFF, 0xE0, 0xF8, 0xF8, 0xF0, 0x1E, 0x70, 0x07, 0x78, 0x03, 0xF8, 0x00, 0xFC,
    0x00, 0x7E, 0x00, 0x3F, 0x00, 0x1F, 0x80, 0x0F, 0xC0, 0x07, 0xE0, 0x03, 0xF8, 0x03, 0xDC, 0x01,
    0xCF, 0x01, 0xE3, 0xE3, 0xE0, 0xFF, 0xE0, 0x1F, 0xC0, 0x0E, 0x38, 0x07, 0x1C, 0x00, 0x00, 0x00,
    0x00, 0x00, 0x7F, 0x00, 0xFF, 0xE0, 0xF8, 0xF8, 0xF0, 0x1E, 0x70, 0x07, 0x78, 0x03, 0xF8, 0x00,
    0xFC, 0x00, 0x7E, 0x00, 0x3F, 0x00, 0x1F, 0x80, 0x0F, 0xC0, 0x07, 0xE0, 0x03, 0xF8, 0x03, 0xDC,
    0x01, 0xCF, 0x01, 0xE3, 0xE3, 0xE0, 0xFF, 0xE0, 0x1F, 0xC0, 0x40, 0x2E, 0x07, 0x70, 0xE3, 0x9C,
    0x1F, 0x80, 0xF0, 0x0F, 0x01, 0xF8, 0x39, 0xC7, 0x0E, 0xE0, 0x74, 0x02, 0x03, 0xF8, 0x61, 0xFF,
    0xDC, 0x7C, 0x7F, 0x1E, 0x01, 0xC3, 0x80, 0x78, 0xF0, 0x1F, 0x9C, 0x07, 0x73, 0x81, 0xCE, 0x70,
    0x71, 0xCE, 0x1C, 0x39, 0xC7, 0x07, 0x39, 0xC0, 0xE7, 0x70, 0x1C, 0xFC, 0x07, 0x8F, 0x00, 0xE1,
    0xE0, 0x3C, 0x7F, 0x1F, 0x1D, 0xFF, 0xC3, 0x0F, 0xE0, 0x00, 0x0E, 0x00, 0x0E, 0x00, 0x0E, 0x00,
    0x0E, 0x00, 0x00, 0x1C, 0x01, 0xF8, 0x03, 0xF0, 0x07, 0xE0, 0x0F, 0xC0, 0x1F, 0x80, 0x3F, 0x00,
    0x7E, 0x00, 0xFC, 0x01, 0xF8, 0x03, 0xF0, 0x07, 0xE0, 0x0F, 0xC0, 0x1F, 0x80, 0x3F, 0x80, 0xF7,
    0x01, 0xCF, 0x8F, 0x8F, 0xFE, 0x07, 0xF0, 0x00, 0x70, 0x01, 0xC0, 0x07, 0x00, 0x1C, 0x00, 0x00,
    0x1C, 0x01, 0xF8, 0x03, 0xF0, 0x07, 0xE0, 0x0F, 0xC0, 0x1F, 0x80, 0x3F, 0x00, 0x7E, 0x00, 0xFC,
    0x01, 0xF8, 0x03, 0xF0, 0x07, 0xE0, 0x0F, 0xC0, 0x1F, 0x80, 0x3F, 0x80, 0xF7, 0x01, 0xCF, 0x8F,
    0x8F, 0xFE, 0x07, 0xF0, 0x03, 0x80, 0x0F, 0x80, 0x3B, 0x80, 0xE3, 0x80, 0x00, 0x1C, 0x01, 0xF8,
    0x03, 0xF0, 0x07, 0xE0, 0x0F, 0xC0, 0x1F, 0x80, 0x3F, 0x00, 0x7E, 0x00, 0xFC, 0x01, 0xF8, 0x03,
    0xF0, 0x07, 0xE0, 0x0F, 0xC0, 0x1F, 0x80, 0x3F, 0x80, 0xF7, 0x01, 0xCF, 0x8F, 0x8F, 0xFE, 0x07,
    0xF0, 0x1C, 0x70, 0x38, 0xE0, 0x00, 0x00, 0x00, 0x0E, 0x00, 0xFC, 0x01, 0xF8, 0x03, 0xF0, 0x07,
    0xE0, 0x0F, 0xC0, 0x1F, 0x80, 0x3F, 0x00, 0x7E, 0x00, 0xFC, 0x01, 0xF8, 0x03, 0xF0, 0x07, 0xE0,
    0x0F, 0xC0, 0x1F, 0xC0, 0x7B, 0x80, 0xE7, 0xC7, 0xC7, 0xFF, 0x03, 0xF8, 0x00, 0x00, 0x70, 0x01,
    0xC0, 0x07, 0x00, 0x1C, 0x00, 0x00, 0x1C, 0x01, 0xFC, 0x07, 0xB8, 0x0E, 0x78, 0x3C, 0x70, 0x70,
    0xF1, 0xE0, 0xE3, 0x81, 0xEF, 0x01, 0xDC, 0x03, 0xF8, 0x03, 0xE0, 0x07, 0xC0, 0x07, 0x00, 0x0E,
    0x00, 0x1C, 0x00, 0x38, 0x00, 0x70, 0x00, 0xE0, 0x01, 0xC0, 0xE0, 0x03, 0x80, 0x0E, 0x00, 0x38,
    0x00, 0xFF, 0xE3, 0xFF, 0xEE, 0x03, 0xB8, 0x07, 0xE0, 0x1F, 0x80, 0x7E, 0x01, 0xF8, 0x0E, 0xFF,
    0xFB, 0xFF, 0xCE, 0x00, 0x38, 0x00, 0xE0, 0x03, 0x80, 0x0E, 0x00, 0x00, 0x1E, 0x0F, 0xF3, 0xCE,
    0x70, 0xEE, 0x1D, 0xC3, 0xB8, 0x77, 0x1C, 0xEF, 0x1D, 0xF3, 0x8F, 0x70, 0xEE, 0x0F, 0xC1, 0xF8,
    0x3F, 0x07, 0xE1, 0xDD, 0xFB, 0xBE, 0x00, 0x1C, 0x00, 0xE0, 0x07, 0x00, 0x38, 0x00, 0x01, 0xF8,
    0x3F, 0xC7, 0x1E, 0x70, 0xE0, 0x0E, 0x07, 0xE3, 0xFE, 0x7C, 0xEF, 0x0E, 0xE0, 0xEE, 0x1E, 0xF3,
    0xE7, 0xFF, 0x3E, 0x70, 0x01, 0xC0, 0x38, 0x07, 0x00, 0xE0, 0x00, 0x01, 0xF8, 0x3F, 0xC7, 0x1E,
    0x70, 0xE0, 0x0E, 0x07, 0xE3, 0xFE, 0x7C, 0xEF, 0x0E, 0xE0, 0xEE, 0x1E, 0xF3, 0xE7, 0xFF, 0x3E,
    0x70, 0x07, 0x00, 0xF8, 0x1D, 0xC3, 0x8E, 0x00, 0x01, 0xF8, 0x3F, 0xC7, 0x1E, 0x70, 0xE0, 0x0E,
    0x07, 0xE3, 0xFE, 0x7C, 0xEF, 0x0E, 0xE0, 0xEE, 0x1E, 0xF3, 0xE7, 0xFF, 0x3E, 0x70, 0x3C, 0xC7,
    0xFC, 0x67, 0x80, 0x00, 0x00, 0x01, 0xF8, 0x3F, 0xC7, 0x1E, 0x70, 0xE0, 0x0E, 0x07, 0xE3, 0xFE,
    0x7C, 0xEF, 0x0E, 0xE0, 0xEE, 0x1E, 0xF3, 0xE7, 0xFF, 0x3E, 0x70, 0x39, 0xC3, 0x9C, 0x00, 0x00,
    0x00, 0x1F, 0x83, 0xFC, 0x71, 0xE7, 0x0E, 0x00, 0xE0, 0x7E, 0x3F, 0xE7, 0xCE, 0xF0, 0xEE, 0x0E,
    0xE1, 0xEF, 0x3E, 0x7F, 0xF3, 0xE7, 0x07, 0x00, 0xD8, 0x08, 0x80, 0xD8, 0x07, 0x01, 0xF8, 0x3F,
    0xC7, 0x1E, 0x70, 0xE0, 0x0E, 0x07, 0xE3, 0xFE, 0x7C, 0xEF, 0x0E, 0xE0, 0xEE, 0x1E, 0xF3, 0xE7,
    0xFF, 0x3E, 0x70, 0x1F, 0x8F, 0x03, 0xFF, 0xFC, 0x71, 0xF9, 0xE7, 0x0F, 0x0E, 0x00, 0xE0, 0x70,
    0x7E, 0x07, 0x3F, 0xFF, 0xF7, 0xCF, 0xFF, 0xF0, 0xE0, 0x0E, 0x0E, 0x00, 0xE1, 0xF0, 0x7F, 0x3F,
    0x8F, 0x7F, 0x3F, 0xE3, 0xE0, 0xF8, 0x1F, 0x87, 0xF9, 0xE7, 0xB8, 0x7E, 0x01, 0xC0, 0x38, 0x07,
    0x00, 0xE0, 0x1C, 0x01, 0xC3, 0xBC, 0xF3, 0xFC, 0x3F, 0x07, 0x80, 0x38, 0x07, 0x07, 0xE0, 0x78,
    0x00, 0x1C, 0x00, 0xE0, 0x07, 0x00, 0x38, 0x00, 0x00, 0xF0, 0x3F, 0xC7, 0x9E, 0x70, 0xEE, 0x07,
    0xE0, 0x7F, 0xFF, 0xFF, 0xFE, 0x00, 0xE0, 0x07, 0x07, 0x78, 0xF3, 0xFE, 0x0F, 0x80, 0x03, 0x80,
    0x70, 0x0E, 0x01, 0xC0, 0x00, 0x00, 0xF0, 0x3F, 0xC7, 0x9E, 0x70, 0xEE, 0x07, 0xE0, 0x7F, 0xFF,
    0xFF, 0xFE, 0x00, 0xE0, 0x07, 0x07, 0x78, 0xF3, 0xFE, 0x0F, 0x80, 0x07, 0x00, 0xF8, 0x1D, 0xC3,
    0x8E, 0x00, 0x00, 0xF0, 0x3F, 0xC7, 0x9E, 0x70, 0xEE, 0x07, 0xE0, 0x7F, 0xFF, 0xFF, 0xFE, 0x00,
    0xE0, 0x07, 0x07, 0x78, 0xF3, 0xFE, 0x0F, 0x80, 0x39, 0xC3, 0x9C, 0x00, 0x00, 0x00, 0x0F, 0x03,
    0xFC, 0x79, 0xE7, 0x0E, 0xE0, 0x7E, 0x07, 0xFF, 0xFF, 0xFF, 0xE0, 0x0E, 0x00, 0x70, 0x77, 0x8F,
    0x3F, 0xE0, 0xF8, 0xE1, 0xC3, 0x87, 0x00, 0xE3, 0x8E, 0x38, 0xE3, 0x8E, 0x38, 0xE3, 0x8E, 0x38,
    0xE3, 0x80, 0x1C, 0xE7, 0x38, 0x01, 0xC7, 0x1C, 0x71, 0xC7, 0x1C, 0x71, 0xC7, 0x1C, 0x71, 0xC7,
    0x00, 0x1C, 0x1F, 0x1D, 0xDC, 0x70, 0x00, 0xE0, 0x70, 0x38, 0x1C, 0x0E, 0x07, 0x03, 0x81, 0xC0,
    0xE0, 0x70, 0x38, 0x1C, 0x0E, 0x07, 0x00, 0xEF, 0xDC, 0x00, 0x03, 0x87, 0x0E, 0x1C, 0x38, 0x70,
    0xE1, 0xC3, 0x87, 0x0E, 0x1C, 0x38, 0x70, 0x70, 0x01, 0xDC, 0x07, 0x01, 0xF0, 0x61, 0x80, 0xFC,
    0x3F, 0xC7, 0x9E, 0x70, 0xEE, 0x07, 0xE0, 0x7E, 0x07, 0xE0, 0x7E, 0x07, 0xE0, 0x77, 0x0E, 0x79,
    0xE3, 0xFC, 0x0F, 0x00, 0x3C, 0xCF, 0xF9, 0x9E, 0x00, 0x00, 0x01, 0xDF, 0x3F, 0xF7, 0x8E, 0xE0,
    0xFC, 0x1F, 0x83, 0xF0, 0x7E, 0x0F, 0xC1, 0xF8, 0x3F, 0x07, 0xE0, 0xFC, 0x1F, 0x83, 0x80, 0x1C,
    0x00, 0xE0, 0x07, 0x00, 0x38, 0x00, 0x00, 0xF0, 0x3F, 0xC7, 0x9E, 0x70, 0xEE, 0x07, 0xE0, 0x7E,
    0x07, 0xE0, 0x7E, 0x07, 0xE0, 0x77, 0x0E, 0x79, 0xE3, 0xFC, 0x0F, 0x00, 0x03, 0x80, 0x70, 0x0E,
    0x01, 0xC0, 0x00, 0x00, 0xF0, 0x3F, 0xC7, 0x9E, 0x70, 0xEE, 0x07, 0xE0, 0x7E, 0x07, 0xE0, 0x7E,
    0x07, 0xE0, 0x77, 0x0E, 0x79, 0xE3, 0xFC, 0x0F, 0x00, 0x0E, 0x01, 0xF0, 0x3B, 0x87, 0x1C, 0x00,
    0x00, 0xF0, 0x3F, 0xC7, 0x9E, 0x70, 0xEE, 0x07, 0xE0, 0x7E, 0x07, 0xE0, 0x7E, 0x07, 0xE0, 0x77,
    0x0E, 0x79, 0xE3, 0xFC, 0x0F, 0x00, 0x3C, 0xC7, 0xFC, 0x67, 0x80, 0x00, 0x00, 0x00, 0xF0, 0x3F,
    0xC7, 0x9E, 0x70, 0xEE, 0x07, 0xE0, 0x7E, 0x07, 0xE0, 0x7E, 0x07, 0xE0, 0x77, 0x0E, 0x79, 0xE3,
    0xFC, 0x0F, 0x00, 0x39, 0xC3, 0x9C, 0x00, 0x00, 0x00, 0x0F, 0x03, 0xFC, 0x79, 0xE7, 0x0E, 0xE0,
    0x7E, 0x07, 0xE0, 0x7E, 0x07, 0xE0, 0x7E, 0x07, 0x70, 0xE7, 0x9E, 0x3F, 0xC0, 0xF0, 0x0E, 0x01,
    0xC0, 0x38, 0x00, 0x00, 0x01, 0xFF, 0xFF, 0xF8, 0x00, 0x00, 0x01, 0xC0, 0x38, 0x07, 0x00, 0x07,
    0x8C, 0x7F, 0xF3, 0xCF, 0x8E, 0x1C, 0x70, 0xF9, 0xC7, 0xE7, 0x3B, 0x9D, 0xCE, 0x7E, 0x39, 0xF0,
    0xE3, 0x87, 0x1F, 0x3C, 0xFF, 0xE3, 0x1E, 0x00, 0x38, 0x03, 0x80, 0x38, 0x03, 0x80, 0x01, 0xC1,
    0xF8, 0x3F, 0x07, 0xE0, 0xFC, 0x1F, 0x83, 0xF0, 0x7E, 0x0F, 0xC1, 0xF8, 0x3F, 0x0F, 0x73, 0xEF,
    0xDC, 0x73, 0x80, 0x03, 0x80, 0xE0, 0x38, 0x0E, 0x00, 0x01, 0xC1, 0xF8, 0x3F, 0x07, 0xE0, 0xFC,
    0x1F, 0x83, 0xF0, 0x7E, 0x0F, 0xC1, 0xF8, 0x3F, 0x0F, 0x73, 0xEF, 0xDC, 0x73, 0x80, 0x0E, 0x03,
    0xE0, 0xEE, 0x38, 0xE0, 0x01, 0xC1, 0xF8, 0x3F, 0x07, 0xE0, 0xFC, 0x1F, 0x83, 0xF0, 0x7E, 0x0F,
    0xC1, 0xF8, 0x3F, 0x0F, 0x73, 0xEF, 0xDC, 0x73, 0x80, 0x39, 0xC7, 0x38, 0x00, 0x00, 0x0E, 0x0F,
    0xC1, 0xF8, 0x3F, 0x07, 0xE0, 0xFC, 0x1F, 0x83, 0xF0, 0x7E, 0x0F, 0xC1, 0xF8, 0x7B, 0x9F, 0x7E,
    0xE3, 0x9C, 0x00, 0xE0, 0x0E, 0x00, 0xE0, 0x0E, 0x00, 0x00, 0x70, 0x1F, 0x80, 0xEE, 0x07, 0x78,
    0x71, 0xC3, 0x8F, 0x3C, 0x39, 0xC1, 0xCE, 0x07, 0xE0, 0x3F, 0x00, 0xF8, 0x07, 0x80, 0x1C, 0x00,
    0xE0, 0x0E, 0x00, 0x70, 0x07, 0x00, 0xF8, 0x07, 0x80, 0xE0, 0x0E, 0x00, 0xE0, 0x0E, 0x00, 0xE0,
    0x0E, 0xF8, 0xFF, 0xCF, 0x9E, 0xF0, 0xEE, 0x07, 0xE0, 0x7E, 0x07, 0xE0, 0x7E, 0x07, 0xE0, 0x7F,
    0x0E, 0xF9, 0xEF, 0xFC, 0xEF, 0x8E, 0x00, 0xE0, 0x0E, 0x00, 0xE0, 0x0E, 0x00, 0x1C, 0xE0, 0xE7,
    0x00, 0x00, 0x00, 0x0E, 0x03, 0xF0, 0x1D, 0xC0, 0xEF, 0x0E, 0x38, 0x71, 0xE7, 0x87, 0x38, 0x39,
    0xC0, 0xFC, 0x07, 0xE0, 0x1F, 0x00, 0xF0, 0x03, 0x80, 0x1C, 0x01, 0xC0, 0x0E, 0x00, 0xE0, 0x1F,
    0x00, 0xF0, 0x00, 0x0F, 0xE0, 0x0F, 0xE0, 0x00, 0x00, 0x03, 0xC0, 0x03, 0xC0, 0x07, 0xE0, 0x07,
    0xE0, 0x0E, 0x60, 0x0E, 0x70, 0x0E, 0x70, 0x1C, 0x38, 0x1C, 0x38, 0x1C, 0x38, 0x38, 0x1C, 0x38,
    0x1C, 0x3F, 0xFC, 0x7F, 0xFE, 0x70, 0x0E, 0x70, 0x0E, 0xE0, 0x07, 0xE0, 0x07, 0xE0, 0x07, 0x1F,
    0xC1, 0xFC, 0x00, 0x01, 0xF8, 0x3F, 0xC7, 0x1E, 0x70, 0xE0, 0x0E, 0x07, 0xE3, 0xFE, 0x7C, 0xEF,
    0x0E, 0xE0, 0xEE, 0x1E, 0xF3, 0xE7, 0xFF, 0x3E, 0x70, 0x18, 0x30, 0x1C, 0x70, 0x0F, 0xE0, 0x07,
    0xC0, 0x00, 0x00, 0x03, 0xC0, 0x03, 0xC0, 0x07, 0xE0, 0x07, 0xE0, 0x0E, 0x60, 0x0E, 0x70, 0x0E,
    0x70, 0x1C, 0x38, 0x1C, 0x38, 0x1C, 0x38, 0x38, 0x1C, 0x38, 0x1C, 0x3F, 0xFC, 0x7F, 0xFE, 0x70,
    0x0E, 0x70, 0x0E, 0xE0, 0x07, 0xE0, 0x07, 0xE0, 0x07, 0x30, 0x63, 0x8E, 0x1F, 0xC0, 0xF8, 0x00,
    0x01, 0xF8, 0x3F, 0xC7, 0x1E, 0x70, 0xE0, 0x0E, 0x07, 0xE3, 0xFE, 0x7C, 0xEF, 0x0E, 0xE0, 0xEE,
    0x1E, 0xF3, 0xE7, 0xFF, 0x3E, 0x70, 0x03, 0xC0, 0x03, 0xC0, 0x07, 0xE0, 0x07, 0xE0, 0x0E, 0x60,
    0x0E, 0x70, 0x0E, 0x70, 0x1C, 0x38, 0x1C, 0x38, 0x1C, 0x38, 0x38, 0x1C, 0x38, 0x1C, 0x3F, 0xFC,
    0x7F, 0xFE, 0x70, 0x0E, 0x70, 0x0E, 0xE0, 0x07, 0xE0, 0x07, 0xE1, 0xE7, 0x03, 0x80, 0x07, 0x00,
    0x07, 0x00, 0x07, 0xE0, 0x03, 0xC0, 0x1F, 0x83, 0xFC, 0x71, 0xE7, 0x0E, 0x00, 0xE0, 0x7E, 0x3F,
    0xE7, 0xCE, 0xF0, 0xEE, 0x0E, 0xE1, 0xEF, 0x3E, 0x7F, 0xF3, 0xFF, 0x0E, 0x01, 0xC0, 0x1C, 0x01,
    0xF8, 0x0F, 0x00, 0x00, 0x70, 0x00, 0xE0, 0x01, 0xC0, 0x03, 0x80, 0x00, 0x00, 0x07, 0xF0, 0x1F,
    0xFC, 0x3E, 0x3E, 0x78, 0x0F, 0x70, 0x07, 0xF0, 0x00, 0xE0, 0x00, 0xE0, 0x00, 0xE0, 0x00, 0xE0,
    0x00, 0xE0, 0x00, 0xE0, 0x00, 0xE0, 0x00, 0xF0, 0x07, 0x70, 0x07, 0x78, 0x0F, 0x3E, 0x3E, 0x1F,
    0xFC, 0x07, 0xF0, 0x01, 0xC0, 0x70, 0x1C, 0x07, 0x00, 0x00, 0x3F, 0x0F, 0xF3, 0xCF, 0x70, 0xFC,
    0x03, 0x80, 0x70, 0x0E, 0x01, 0xC0, 0x38, 0x03, 0x87, 0x79, 0xE7, 0xF8, 0x7E, 0x00, 0x01, 0xC0,
    0x03, 0xE0, 0x07, 0x70, 0x0E, 0x38, 0x00, 0x00, 0x07, 0xF0, 0x1F, 0xFC, 0x3E, 0x3E, 0x78, 0x0F,
    0x70, 0x07, 0xF0, 0x00, 0xE0, 0x00, 0xE0, 0x00, 0xE0, 0x00, 0xE0, 0x00, 0xE0, 0x00, 0xE0, 0x00,
    0xE0, 0x00, 0xF0, 0x07, 0x70, 0x07, 0x78, 0x0F, 0x3E, 0x3E, 0x1F, 0xFC, 0x07, 0xF0, 0x0E, 0x03,
    0xE0, 0xEE, 0x38, 0xE0, 0x00, 0x3F, 0x0F, 0xF3, 0xCF, 0x70, 0xFC, 0x03, 0x80, 0x70, 0x0E, 0x01,
    0xC0, 0x38, 0x03, 0x87, 0x79, 0xE7, 0xF8, 0x7E, 0x00, 0x01, 0xC0, 0x01, 0xC0, 0x00, 0x00, 0x07,
    0xF0, 0x1F, 0xFC, 0x3E, 0x3E, 0x78, 0x0F, 0x70, 0x07, 0xF0, 0x00, 0xE0, 0x00, 0xE0, 0x00, 0xE0,
    0x00, 0xE0, 0x00, 0xE0, 0x00, 0xE0, 0x00, 0xE0, 0x00, 0xF0, 0x07, 0x70, 0x07, 0x78, 0x0F, 0x3E,
    0x3E, 0x1F, 0xFC, 0x07, 0xF0, 0x0E, 0x01, 0xC0, 0x00, 0x0F, 0xC3, 0xFC, 0xF3, 0xDC, 0x3F, 0x00,
    0xE0, 0x1C, 0x03, 0x80, 0x70, 0x0E, 0x00, 0xE1, 0xDE, 0x79, 0xFE, 0x1F, 0x80, 0x0E, 0x38, 0x07,
    0x70, 0x03, 0xE0, 0x01, 0xC0, 0x00, 0x00, 0x07, 0xF0, 0x1F, 0xFC, 0x3E, 0x3E, 0x78, 0x0F, 0x70,
    0x07, 0xF0, 0x00, 0xE0, 0x00, 0xE0, 0x00, 0xE0, 0x00, 0xE0, 0x00, 0xE0, 0x00, 0xE0, 0x00, 0xE0,
    0x00, 0xF0, 0x07, 0x70, 0x07, 0x78, 0x0F, 0x3E, 0x3E, 0x1F, 0xFC, 0x07, 0xF0, 0x71, 0xC7, 0x70,
    0x7C, 0x07, 0x00, 0x00, 0x3F, 0x0F, 0xF3, 0xCF, 0x70, 0xFC, 0x03, 0x80, 0x70, 0x0E, 0x01, 0xC0,
    0x38, 0x03, 0x87, 0x79, 0xE7, 0xF8, 0x7E, 0x00, 0x1C, 0x70, 0x0E, 0xE0, 0x07, 0xC0, 0x03, 0x80,
    0x00, 0x00, 0xFF, 0xE0, 0xFF, 0xF8, 0xE0, 0x7C, 0xE0, 0x1E, 0xE0, 0x0E, 0xE0, 0x0F, 0xE0, 0x07,
    0xE0, 0x07, 0xE0, 0x07, 0xE0, 0x07, 0xE0, 0x07, 0xE0, 0x07, 0xE0, 0x07, 0xE0, 0x0F, 0xE0, 0x0E,
    0xE0, 0x1E, 0xE0, 0x7C, 0xFF, 0xF8, 0xFF, 0xE0, 0x00, 0x71, 0xC0, 0x1C, 0x70, 0x07, 0x1C, 0x01,
    0xC3, 0x00, 0x70, 0xC7, 0xDC, 0x63, 0xFF, 0x01, 0xE7, 0xC0, 0x70, 0xF0, 0x38, 0x1C, 0x0E, 0x07,
    0x03, 0x81, 0xC0, 0xE0, 0x70, 0x38, 0x1C, 0x0E, 0x07, 0x01, 0xC3, 0xC0, 0x79, 0xF0, 0x0F, 0xFC,
    0x01, 0xF7, 0x00, 0x1F, 0xFC, 0x03, 0xFF, 0xE0, 0x70, 0x3E, 0x0E, 0x01, 0xE1, 0xC0, 0x1C, 0x38,
    0x03, 0xC7, 0x00, 0x38, 0xE0, 0x07, 0xFF, 0xC0, 0xFF, 0xF8, 0x1C, 0x70, 0x03, 0x8E, 0x00, 0x71,
    0xC0, 0x0E, 0x38, 0x03, 0xC7, 0x00, 0x70, 0xE0, 0x1E, 0x1C, 0x0F, 0x83, 0xFF, 0xE0, 0x7F, 0xF0,
    0x00, 0x00, 0x70, 0x07, 0x00, 0x70, 0x0F, 0x00, 0xF1, 0xF7, 0x3F, 0xF7, 0x9F, 0x70, 0xFE, 0x07,
    0xE0, 0x7E, 0x07, 0xE0, 0x7E, 0x07, 0xE0, 0x77, 0x0F, 0x79, 0xF3, 0xFF, 0x1F, 0x70, 0x3F, 0x81,
    0xFC, 0x00, 0x01, 0xFF, 0xEF, 0xFF, 0x70, 0x03, 0x80, 0x1C, 0x00, 0xE0, 0x07, 0x00, 0x38, 0x01,
    0xFF, 0xCF, 0xFE, 0x70, 0x03, 0x80, 0x1C, 0x00, 0xE0, 0x07, 0x00, 0x38, 0x01, 0xC0, 0x0F, 0xFF,
    0xFF, 0xFC, 0x1F, 0xC1, 0xFC, 0x00, 0x00, 0xF0, 0x3F, 0xC7, 0x9E, 0x70, 0xEE, 0x07, 0xE0, 0x7F,
    0xFF, 0xFF, 0xFE, 0x00, 0xE0, 0x07, 0x07, 0x78, 0xF3, 0xFE, 0x0F, 0x80, 0x60, 0xC3, 0x8E, 0x0F,
    0xE0, 0x3E, 0x00, 0x00, 0x7F, 0xFB, 0xFF, 0xDC, 0x00, 0xE0, 0x07, 0x00, 0x38, 0x01, 0xC0, 0x0E,
    0x00, 0x7F, 0xF3, 0xFF, 0x9C, 0x00, 0xE0, 0x07, 0x00, 0x38, 0x01, 0xC0, 0x0E, 0x00, 0x70, 0x03,
    0xFF, 0xFF, 0xFF, 0x30, 0x63, 0x8E, 0x1F, 0xC0, 0xF8, 0x00, 0x00, 0xF0, 0x3F, 0xC7, 0x9E, 0x70,
    0xEE, 0x07, 0xE0, 0x7F, 0xFF, 0xFF, 0xFE, 0x00, 0xE0, 0x07, 0x07, 0x78, 0xF3, 0xFE, 0x0F, 0x80,
    0x0E, 0x00, 0x70, 0x00, 0x01, 0xFF, 0xEF, 0xFF, 0x70, 0x03, 0x80, 0x1C, 0x00, 0xE0, 0x07, 0x00,
    0x38, 0x01, 0xFF, 0xCF, 0xFE, 0x70, 0x03, 0x80, 0x1C, 0x00, 0xE0, 0x07, 0x00, 0x38, 0x01, 0xC0,
    0x0F, 0xFF, 0xFF, 0xFC, 0x07, 0x00, 0x70, 0x00, 0x00, 0xF0, 0x3F, 0xC7, 0x9E, 0x70, 0xEE, 0x07,
    0xE0, 0x7F, 0xFF, 0xFF, 0xFE, 0x00, 0xE0, 0x07, 0x07, 0x78, 0xF3, 0xFE, 0x0F, 0x80, 0xFF, 0xF7,
    0xFF, 0xB8, 0x01, 0xC0, 0x0E, 0x00, 0x70, 0x03, 0x80, 0x1C, 0x00, 0xFF, 0xE7, 0xFF, 0x38, 0x01,
    0xC0, 0x0E, 0x00, 0x70, 0x03, 0x80, 0x1C, 0x00, 0xE0, 0x07, 0xFF, 0xFF, 0xFE, 0x38, 0x03, 0x80,
    0x1C, 0x00, 0xFC, 0x03, 0xC0, 0x0F, 0x03, 0xFC, 0x79, 0xE7, 0x0E, 0xE0, 0x7E, 0x07, 0xFF, 0xFF,
    0xFF, 0xE0, 0x0E, 0x00, 0x70, 0x77, 0x8F, 0x3F, 0xE0, 0xF8, 0x0E, 0x01, 0xC0, 0x1C, 0x01, 0xF8,
    0x0F, 0x00, 0x71, 0xC1, 0xDC, 0x07, 0xC0, 0x1C, 0x00, 0x00, 0x7F, 0xFB, 0xFF, 0xDC, 0x00, 0xE0,
    0x07, 0x00, 0x38, 0x01, 0xC0, 0x0E, 0x00, 0x7F, 0xF3, 0xFF, 0x9C, 0x00, 0xE0, 0x07, 0x00, 0x38,
    0x01, 0xC0, 0x0E, 0x00, 0x70, 0x03, 0xFF, 0xFF, 0xFF, 0x38, 0xE1, 0xDC, 0x0F, 0x80, 0x70, 0x00,
    0x00, 0xF0, 0x3F, 0xC7, 0x9E, 0x70, 0xEE, 0x07, 0xE0, 0x7F, 0xFF, 0xFF, 0xFE, 0x00, 0xE0, 0x07,
    0x07, 0x78, 0xF3, 0xFE, 0x0F, 0x80, 0x01, 0xC0, 0x01, 0xF0, 0x01, 0xDC, 0x01, 0xC7, 0x00, 0x00,
    0x00, 0x3F, 0x80, 0x7F, 0xF0, 0x7C, 0x7C, 0x78, 0x0F, 0x38, 0x03, 0xBC, 0x00, 0x1C, 0x00, 0x0E,
    0x00, 0x07, 0x00, 0x03, 0x81, 0xFF, 0xC0, 0xFF, 0xE0, 0x03, 0xF0, 0x01, 0xFC, 0x00, 0xEE, 0x00,
    0xF7, 0x80, 0xF9, 0xF1, 0xFC, 0x7F, 0xEE, 0x0F, 0xE7, 0x07, 0x00, 0xF8, 0x1D, 0xC3, 0x8E, 0x00,
    0x01, 0xF7, 0x3F, 0xF7, 0x9F, 0x70, 0xFE, 0x07, 0xE0, 0x7E, 0x07, 0xE0, 0x7E, 0x07, 0xE0, 0x77,
    0x0F, 0x79, 0xF3, 0xFF, 0x1F, 0x70, 0x07, 0xE0, 0x7F, 0x0E, 0x7F, 0xE1, 0xF8, 0x0C, 0x18, 0x07,
    0x1C, 0x01, 0xFC, 0x00, 0x7C, 0x00, 0x00, 0x00, 0x3F, 0x80, 0x7F, 0xF0, 0x7C, 0x7C, 0x78, 0x0F,
    0x38, 0x03, 0xBC, 0x00, 0x1C, 0x00, 0x0E, 0x00, 0x07, 0x00, 0x03, 0x81, 0xFF, 0xC0, 0xFF, 0xE0,
    0x03, 0xF0, 0x01, 0xFC, 0x00, 0xEE, 0x00, 0xF7, 0x80, 0xF9, 0xF1, 0xFC, 0x7F, 0xEE, 0x0F, 0xE7,
    0x30, 0x63, 0x8E, 0x1F, 0xC0, 0xF8, 0x00, 0x01, 0xF7, 0x3F, 0xF7, 0x9F, 0x70, 0xFE, 0x07, 0xE0,
    0x7E, 0x07, 0xE0, 0x7E, 0x07, 0xE0, 0x77, 0x0F, 0x79, 0xF3, 0xFF, 0x1F, 0x70, 0x07, 0xE0, 0x7F,
    0x0E, 0x7F, 0xE1, 0xF8, 0x01, 0xC0, 0x00, 0xE0, 0x00, 0x00, 0x00, 0xFE, 0x01, 0xFF, 0xC1, 0xF1,
    0xF1, 0xE0, 0x3C, 0xE0, 0x0E, 0xF0, 0x00, 0x70, 0x00, 0x38, 0x00, 0x1C, 0x00, 0x0E, 0x07, 0xFF,
    0x03, 0xFF, 0x80, 0x0F, 0xC0, 0x07, 0xF0, 0x03, 0xB8, 0x03, 0xDE, 0x03, 0xE7, 0xC7, 0xF1, 0xFF,
    0xB8, 0x3F, 0x9C, 0x07, 0x00, 0x70, 0x00, 0x01, 0xF7, 0x3F, 0xF7, 0x9F, 0x70, 0xFE, 0x07, 0xE0,
    0x7E, 0x07, 0xE0, 0x7E, 0x07, 0xE0, 0x77, 0x0F, 0x79, 0xF3, 0xFF, 0x1F, 0x70, 0x07, 0xE0, 0x7F,
    0x0E, 0x7F, 0xE1, 0xF8, 0x07, 0xF0, 0x0F, 0xFE, 0x0F, 0x8F, 0x8F, 0x01, 0xE7, 0x00, 0x77, 0x80,
    0x03, 0x80, 0x01, 0xC0, 0x00, 0xE0, 0x00, 0x70, 0x3F, 0xF8, 0x1F, 0xFC, 0x00, 0x7E, 0x00, 0x3F,
    0x80, 0x1D, 0xC0, 0x1E, 0xF0, 0x1F, 0x3E, 0x3F, 0x8F, 0xFD, 0xC1, 0xFC, 0xE0, 0x00, 0x00, 0x0E,
    0x00, 0x07, 0x00, 0x03, 0x80, 0x00, 0xC0, 0x00, 0x60, 0x00, 0x60, 0x00, 0x03, 0x00, 0x60, 0x06,
    0x00, 0x70, 0x07, 0x00, 0x70, 0x00, 0x01, 0xF7, 0x3F, 0xF7, 0x9F, 0x70, 0xFE, 0x07, 0xE0, 0x7E,
    0x07, 0xE0, 0x7E, 0x07, 0xE0, 0x77, 0x0F, 0x79, 0xF3, 0xFF, 0x1F, 0x70, 0x07, 0xE0, 0x7F, 0x0E,
    0x7F, 0xE1, 0xF8, 0x03, 0x80, 0x0F, 0x80, 0x3B, 0x80, 0xE3, 0x80, 0x00, 0x1C, 0x01, 0xF8, 0x03,
    0xF0, 0x07, 0xE0, 0x0F, 0xC0, 0x1F, 0x80, 0x3F, 0x00, 0x7E, 0x00, 0xFF, 0xFF, 0xFF, 0xFF, 0xF0,
    0x07, 0xE0, 0x0F, 0xC0, 0x1F, 0x80, 0x3F, 0x00, 0x7E, 0x00, 0xFC, 0x01, 0xF8, 0x03, 0xF0, 0x07,
    0x1C, 0x01, 0xF0, 0x1D, 0xC1, 0xC7, 0x00, 0x00, 0x1C, 0x00, 0xE0, 0x07, 0x00, 0x38, 0x01, 0xC0,
    0x0E, 0xF0, 0x7F, 0xE3, 0xC7, 0x1C, 0x1C, 0xE0, 0xE7, 0x07, 0x38, 0x39, 0xC1, 0xCE, 0x0E, 0x70,
    0x73, 0x83, 0x9C, 0x1C, 0xE0, 0xE7, 0x07, 0xE0, 0x0F, 0xC0, 0x1F, 0x80, 0x3F, 0x00, 0x7F, 0xFF,
    0xFF, 0xFF, 0xF8, 0x03, 0xF0, 0x07, 0xFF, 0xFF, 0xFF, 0xFF, 0x80, 0x3F, 0x00, 0x7E, 0x00, 0xFC,
    0x01, 0xF8, 0x03, 0xF0, 0x07, 0xE0, 0x0F, 0xC0, 0x1F, 0x80, 0x38, 0xE0, 0x1C, 0x03, 0x80, 0x7C,
    0x0F, 0x81, 0xDE, 0x3F, 0xF7, 0x8E, 0xE0, 0xFC, 0x1F, 0x83, 0xF0, 0x7E, 0x0F, 0xC1, 0xF8, 0x3F,
    0x07, 0xE0, 0xFC, 0x1F, 0x83, 0x80, 0x79, 0xFF, 0xF3, 0xC0, 0x01, 0xC0, 0xE0, 0x70, 0x38, 0x1C,
    0x0E, 0x07, 0x03, 0x81, 0xC0, 0xE0, 0x70, 0x38, 0x1C, 0x0E, 0x07, 0x03, 0x81, 0xC0, 0xE0, 0x70,
    0x79, 0xFF, 0xF3, 0xC0, 0x01, 0xC0, 0xE0, 0x70, 0x38, 0x1C, 0x0E, 0x07, 0x03, 0x81, 0xC0, 0xE0,
    0x70, 0x38, 0x1C, 0x0E, 0x00, 0xFF, 0xFC, 0x01, 0xC3, 0x87, 0x0E, 0x1C, 0x38, 0x70, 0xE1, 0xC3,
    0x87, 0x0E, 0x1C, 0x38, 0x70, 0xE1, 0xC3, 0x87, 0x00, 0xFF, 0xFC, 0x01, 0xC3, 0x87, 0x0E, 0x1C,
    0x38, 0x70, 0xE1, 0xC3, 0x87, 0x0E, 0x1C, 0x38, 0xC1, 0xF1, 0xDF, 0xC7, 0xC0, 0x00, 0xE0, 0x70,
    0x38, 0x1C, 0x0E, 0x07, 0x03, 0x81, 0xC0, 0xE0, 0x70, 0x38, 0x1C, 0x0E, 0x07, 0x03, 0x81, 0xC0,
    0xE0, 0x70, 0x38, 0xC1, 0xF1, 0xDF, 0xC7, 0xC0, 0x00, 0xE0, 0x70, 0x38, 0x1C, 0x0E, 0x07, 0x03,
    0x81, 0xC0, 0xE0, 0x70, 0x38, 0x1C, 0x0E, 0x07, 0x00, 0x38, 0xE3, 0x8E, 0x38, 0xE3, 0x8E, 0x38,
    0xE3, 0x8E, 0x38, 0xE3, 0x8E, 0x38, 0xE3, 0xDC, 0xE3, 0x8F, 0xDE, 0x38, 0xE3, 0x80, 0x00, 0xE3,
    0x8E, 0x38, 0xE3, 0x8E, 0x38, 0xE3, 0x8E, 0x38, 0xE3, 0xDC, 0xE3, 0x8F, 0xDE, 0xFC, 0x7F, 0xFF,
    0xFF, 0xFF, 0xFF, 0xFF, 0xFF, 0xC0, 0xFF, 0xFF, 0xFF, 0xFF, 0xFF, 0xC0, 0xE0, 0x03, 0xF0, 0x01,
    0xF8, 0x00, 0xFC, 0x00, 0x7E, 0x00, 0x3F, 0x00, 0x1F, 0x80, 0x0F, 0xC0, 0x07, 0xE0, 0x03, 0xF0,
    0x01, 0xF8, 0x00, 0xFC, 0x00, 0x7E, 0x38, 0x3F, 0x1C, 0x1F, 0x8E, 0x0F, 0xC7, 0x07, 0xE1, 0xC7,
    0xF0, 0xFF, 0xB8, 0x3F, 0x80, 0xE1, 0xF8, 0x7E, 0x1C, 0x00, 0x00, 0x38, 0x7E, 0x1F, 0x87, 0xE1,
    0xF8, 0x7E, 0x1F, 0x87, 0xE1, 0xF8, 0x7E, 0x1F, 0x87, 0xE1, 0xF8, 0x7E, 0x1C, 0x07, 0x01, 0xC0,
    0x70, 0x7C, 0x1E, 0x01, 0xC0, 0x1F, 0x01, 0xDC, 0x1C, 0x70, 0x00, 0x00, 0x70, 0x03, 0x80, 0x1C,
    0x00, 0xE0, 0x07, 0x00, 0x38, 0x01, 0xC0, 0x0E, 0x00, 0x70, 0x03, 0x80, 0x1C, 0x00, 0xE7, 0x07,
    0x38, 0x39, 0xC1, 0xCE, 0x0E, 0x38, 0xF1, 0xFF, 0x07, 0xF0, 0x1C, 0x1F, 0x1D, 0xDC, 0x70, 0x00,
    0xE0, 0x70, 0x38, 0x1C, 0x0E, 0x07, 0x03, 0x81, 0xC0, 0xE0, 0x70, 0x38, 0x1C, 0x0E, 0x07, 0x03,
    0x81, 0xC0, 0xE1, 0xF0, 0xF0, 0xE0, 0x3F, 0x81, 0xEE, 0x0F, 0x38, 0x78, 0xE3, 0xC3, 0x9E, 0x0E,
    0xF0, 0x3F, 0x80, 0xFE, 0x03, 0xFC, 0x0F, 0x78, 0x38, 0xE0, 0xE1, 0xC3, 0x87, 0x8E, 0x0E, 0x38,
    0x1C, 0xE0, 0x7B, 0x80, 0xEE, 0x03, 0xC0, 0x00, 0x07, 0x00, 0x1C, 0x00, 0x70, 0x00, 0xC0, 0x03,
    0x00, 0x18, 0x00, 0xE0, 0x1C, 0x03, 0x80, 0x70, 0x0E, 0x01, 0xC3, 0xB8, 0xF7, 0x3C, 0xEF, 0x1F,
    0xC3, 0xF0, 0x7F, 0x0E, 0xF1, 0xCE, 0x39, 0xE7, 0x1E, 0xE1, 0xDC, 0x3F, 0x83, 0x80, 0x00, 0xE0,
    0x1C, 0x03, 0x80, 0x30, 0x06, 0x01, 0x80, 0xE1, 0xDC, 0x7B, 0x9E, 0x77, 0x8F, 0xE1, 0xF8, 0x3F,
    0x87, 0x78, 0xE7, 0x1C, 0xF3, 0x8F, 0x70, 0xEE, 0x1F, 0xC1, 0xC0, 0x0E, 0x01, 0xC0, 0x38, 0x07,
    0x00, 0x00, 0x0E, 0x00, 0xE0, 0x0E, 0x00, 0xE0, 0x0E, 0x00, 0xE0, 0x0E, 0x00, 0xE0, 0x0E, 0x00,
    0xE0, 0x0E, 0x00, 0xE0, 0x0E, 0x00, 0xE0, 0x0E, 0x00, 0xE0, 0x0E, 0x00, 0xFF, 0xFF, 0xFF, 0x1C,
    0xE7, 0x38, 0x01, 0xC7, 0x1C, 0x71, 0xC7, 0x1C, 0x71, 0xC7, 0x1C, 0x71, 0xC7, 0x1C, 0x71, 0xC7,
    0x1C, 0xE0, 0x0E, 0x00, 0xE0, 0x0E, 0x00, 0xE0, 0x0E, 0x00, 0xE0, 0x0E, 0x00, 0xE0, 0x0E, 0x00,
    0xE0, 0x0E, 0x00, 0xE0, 0x0E, 0x00, 0xE0, 0x0E, 0x00, 0xE0, 0x0F, 0xFF, 0xFF, 0xF0, 0x00, 0x0E,
    0x00, 0xE0, 0x0E, 0x00, 0x60, 0x06, 0x00, 0xC0, 0xFF, 0xFF, 0xFF, 0xFF, 0xFF, 0xFF, 0xFF, 0x8F,
    0xFB, 0x78, 0xE0, 0x03, 0xF0, 0x01, 0xF8, 0x00, 0xFC, 0x00, 0x3E, 0x00, 0x1F, 0x00, 0x1B, 0x80,
    0x01, 0xC0, 0x00, 0xE0, 0x00, 0x70, 0x00, 0x38, 0x00, 0x1C, 0x00, 0x0E, 0x00, 0x07, 0x00, 0x03,
    0x80, 0x01, 0xC0, 0x00, 0xE0, 0x00, 0x7F, 0xF8, 0x3F, 0xFC, 0x00, 0xE1, 0xF8, 0x7E, 0x1F, 0x83,
    0xE0, 0xF8, 0x6E, 0x03, 0x80, 0xE0, 0x38, 0x0E, 0x03, 0x80, 0xE0, 0x38, 0x0E, 0x03, 0x80, 0xE0,
    0x38, 0x0E, 0x00, 0xE0, 0x00, 0x70, 0x00, 0x38, 0x00, 0x1C, 0x00, 0x0E, 0x00, 0x07, 0x00, 0x03,
    0x80, 0x01, 0xC0, 0x00, 0xE0, 0x00, 0x70, 0x00, 0x38, 0x00, 0xFC, 0x00, 0x7E, 0x00, 0x3F, 0x00,
    0x03, 0x80, 0x01, 0xC0, 0x00, 0xE0, 0x00, 0x7F, 0xF8, 0x3F, 0xFC, 0x00, 0xE0, 0x38, 0x0E, 0x03,
    0x80, 0xE0, 0x38, 0x0E, 0x03, 0x80, 0xE0, 0x38, 0x0E, 0x1F, 0x87, 0xE1, 0xF8, 0x0E, 0x03, 0x80,
    0xE0, 0x38, 0x0E, 0x00, 0x38, 0x00, 0xE0, 0x03, 0x80, 0x0E, 0x00, 0x38, 0x00, 0xE0, 0x03, 0xB0,
    0x0F, 0x80, 0x3C, 0x01, 0xE0, 0x0F, 0x80, 0x0E, 0x00, 0x38, 0x00, 0xE0, 0x03, 0x80, 0x0E, 0x00,
    0x38, 0x00, 0xFF, 0xF3, 0xFF, 0xC0, 0x38, 0x70, 0xE1, 0xC3, 0x87, 0x0E, 0x1F, 0x3C, 0xF3, 0xE1,
    0xC3, 0x87, 0x0E, 0x1C, 0x38, 0x70, 0xE0, 0x00, 0xE0, 0x03, 0x80, 0x0E, 0x00, 0x38, 0x00, 0x00,
    0x1C, 0x01, 0xFC, 0x03, 0xF8, 0x07, 0xF8, 0x0F, 0xF0, 0x1F, 0xF0, 0x3F, 0x70, 0x7E, 0xE0, 0xFC,
    0xE1, 0xF8, 0xE3, 0xF1, 0xC7, 0xE1, 0xCF, 0xC1, 0x9F, 0x83, 0xBF, 0x03, 0xFE, 0x03, 0xFC, 0x07,
    0xF8, 0x07, 0xF0, 0x07, 0x03, 0x80, 0xE0, 0x38, 0x0E, 0x00, 0x01, 0xDF, 0x3F, 0xF7, 0x8E, 0xE0,
    0xFC, 0x1F, 0x83, 0xF0, 0x7E, 0x0F, 0xC1, 0xF8, 0x3F, 0x07, 0xE0, 0xFC, 0x1F, 0x83, 0x80, 0xE0,
    0x0F, 0xE0, 0x1F, 0xC0, 0x3F, 0xC0, 0x7F, 0x80, 0xFF, 0x81, 0xFB, 0x83, 0xF7, 0x07, 0xE7, 0x0F,
    0xC7, 0x1F, 0x8E, 0x3F, 0x0E, 0x7E, 0x0C, 0xFC, 0x1D, 0xF8, 0x1F, 0xF0, 0x1F, 0xE0, 0x3F, 0xC0,
    0x3F, 0x80, 0x38, 0x00, 0x00, 0x38, 0x00, 0x70, 0x00, 0xE0, 0x00, 0xC0, 0x01, 0x80, 0x06, 0x00,
    0xEF, 0x9F, 0xFB, 0xC7, 0x70, 0x7E, 0x0F, 0xC1, 0xF8, 0x3F, 0x07, 0xE0, 0xFC, 0x1F, 0x83, 0xF0,
    0x7E, 0x0F, 0xC1, 0xC0, 0x00, 0x70, 0x0E, 0x01, 0xC0, 0x18, 0x03, 0x00, 0xC0, 0x1C, 0x70, 0x1D,
    0xC0, 0x1F, 0x00, 0x1C, 0x00, 0x00, 0x1C, 0x01, 0xFC, 0x03, 0xF8, 0x07, 0xF8, 0x0F, 0xF0, 0x1F,
    0xF0, 0x3F, 0x70, 0x7E, 0xE0, 0xFC, 0xE1, 0xF8, 0xE3, 0xF1, 0xC7, 0xE1, 0xCF, 0xC1, 0x9F, 0x83,
    0xBF, 0x03, 0xFE, 0x03, 0xFC, 0x07, 0xF8, 0x07, 0xF0, 0x07, 0x71, 0xC7, 0x70, 0x7C, 0x07, 0x00,
    0x01, 0xDF, 0x3F, 0xF7, 0x8E, 0xE0, 0xFC, 0x1F, 0x83, 0xF0, 0x7E, 0x0F, 0xC1, 0xF8, 0x3F, 0x07,
    0xE0, 0xFC, 0x1F, 0x83, 0x80, 0xE0, 0x00, 0x38, 0x00, 0x0E, 0x00, 0x01, 0x80, 0x00, 0x60, 0x00,
    0x30, 0x77, 0xC0, 0x1F, 0xF8, 0x07, 0x8E, 0x01, 0xC1, 0xC0, 0x70, 0x70, 0x1C, 0x1C, 0x07, 0x07,
    0x01, 0xC1, 0xC0, 0x70, 0x70, 0x1C, 0x1C, 0x07, 0x07, 0x01, 0xC1, 0xC0, 0x70, 0x70, 0x1C, 0x1C,
    0xE0, 0x0F, 0xE0, 0x1F, 0xC0, 0x3F, 0xC0, 0x7F, 0x80, 0xFF, 0x81, 0xFB, 0x83, 0xF7, 0x07, 0xE7,
    0x0F, 0xC7, 0x1F, 0x8E, 0x3F, 0x0E, 0x7E, 0x0C, 0xFC, 0x1D, 0xF8, 0x1F, 0xF0, 0x1F, 0xE0, 0x3F,
    0xC0, 0x3F, 0x80, 0x38, 0x00, 0x70, 0x00, 0xE0, 0x01, 0xC0, 0x0F, 0x80, 0x1E, 0xEF, 0x9F, 0xFB,
    0xC7, 0x70, 0x7E, 0x0F, 0xC1, 0xF8, 0x3F, 0x07, 0xE0, 0xFC, 0x1F, 0x83, 0xF0, 0x7E, 0x0F, 0xC1,
    0xC0, 0x38, 0x07, 0x00, 0xE0, 0x7C, 0x0F, 0x00, 0x07, 0xF0, 0x03, 0xF8, 0x00, 0x00, 0x00, 0xFE,
    0x01, 0xFF, 0xC1, 0xF1, 0xF1, 0xE0, 0x3C, 0xE0, 0x0E, 0xF0, 0x07, 0xF0, 0x01, 0xF8, 0x00, 0xFC,
    0x00, 0x7E, 0x00, 0x3F, 0x00, 0x1F, 0x80, 0x0F, 0xC0, 0x07, 0xF0, 0x07, 0xB8, 0x03, 0x9E, 0x03,
    0xC7, 0xC7, 0xC1, 0xFF, 0xC0, 0x3F, 0x80, 0x1F, 0xC1, 0xFC, 0x00, 0x00, 0xF0, 0x3F, 0xC7, 0x9E,
    0x70, 0xEE, 0x07, 0xE0, 0x7E, 0x07, 0xE0, 0x7E, 0x07, 0xE0, 0x77, 0x0E, 0x79, 0xE3, 0xFC, 0x0F,
    0x00, 0x0C, 0x18, 0x07, 0x1C, 0x01, 0xFC, 0x00, 0x7C, 0x00, 0x00, 0x00, 0x3F, 0x80, 0x7F, 0xF0,
    0x7C, 0x7C, 0x78, 0x0F, 0x38, 0x03, 0xBC, 0x01, 0xFC, 0x00, 0x7E, 0x00, 0x3F, 0x00, 0x1F, 0x80,
    0x0F, 0xC0, 0x07, 0xE0, 0x03, 0xF0, 0x01, 0xFC, 0x01, 0xEE, 0x00, 0xE7, 0x80, 0xF1, 0xF1, 0xF0,
    0x7F, 0xF0, 0x0F, 0xE0, 0x30, 0x63, 0x8E, 0x1F, 0xC0, 0xF8, 0x00, 0x00, 0xF0, 0x3F, 0xC7, 0x9E,
    0x70, 0xEE, 0x07, 0xE0, 0x7E, 0x07, 0xE0, 0x7E, 0x07, 0xE0, 0x77, 0x0E, 0x79, 0xE3, 0xFC, 0x0F,
    0x00, 0x01, 0xDC, 0x01, 0xDC, 0x01, 0xDC, 0x00, 0x00, 0x00, 0x7F, 0x00, 0xFF, 0xE0, 0xF8, 0xF8,
    0xF0, 0x1E, 0x70, 0x07, 0x78, 0x03, 0xF8, 0x00, 0xFC, 0x00, 0x7E, 0x00, 0x3F, 0x00, 0x1F, 0x80,
    0x0F, 0xC0, 0x07, 0xE0, 0x03, 0xF8, 0x03, 0xDC, 0x01, 0xCF, 0x01, 0xE3, 0xE3, 0xE0, 0xFF, 0xE0,
    0x1F, 0xC0, 0x0E, 0xE1, 0xDC, 0x3B, 0x80, 0x00, 0x0F, 0x03, 0xFC, 0x79, 0xE7, 0x0E, 0xE0, 0x7E,
    0x07, 0xE0, 0x7E, 0x07, 0xE0, 0x7E, 0x07, 0x70, 0xE7, 0x9E, 0x3F, 0xC0, 0xF0, 0x0F, 0xDF, 0xFE,
    0x1F, 0xFF, 0xFE, 0x3C, 0x7C, 0x00, 0x70, 0x3C, 0x00, 0x70, 0x1C, 0x00, 0xE0, 0x1C, 0x00, 0xE0,
    0x1C, 0x00, 0xE0, 0x1C, 0x00, 0xE0, 0x1F, 0xFC, 0xE0, 0x1F, 0xFC, 0xE0, 0x1C, 0x00, 0xE0, 0x1C,
    0x00, 0xE0, 0x1C, 0x00, 0xE0, 0x1C, 0x00, 0x70, 0x1C, 0x00, 0x70, 0x3C, 0x00, 0x3C, 0x7C, 0x00,
    0x1F, 0xFF, 0xFF, 0x07, 0xDF, 0xFF, 0x0F, 0x07, 0x81, 0xFE, 0xFF, 0x1E, 0x7F, 0x3C, 0xE1, 0xF0,
    0xEE, 0x07, 0x03, 0xF0, 0x38, 0x1F, 0x81, 0xFF, 0xFC, 0x0F, 0xFF, 0xE0, 0x70, 0x07, 0x03, 0x80,
    0x1C, 0x3E, 0x0E, 0xF3, 0xF8, 0xF3, 0xFD, 0xFF, 0x07, 0x83, 0xE0, 0x01, 0xC0, 0x0E, 0x00, 0x70,
    0x03, 0x80, 0x00, 0x03, 0xFF, 0x8F, 0xFF, 0xB8, 0x0E, 0xE0, 0x1F, 0x80, 0x7E, 0x01, 0xF8, 0x07,
    0xE0, 0x3B, 0xFF, 0xEF, 0xFF, 0x38, 0x1E, 0xE0, 0x3B, 0x80, 0x7E, 0x01, 0xF8, 0x07, 0xE0, 0x1F,
    0x80, 0x7E, 0x01, 0xF8, 0x07, 0x0E, 0x38, 0xE3, 0x80, 0x1D, 0xFF, 0xFF, 0xF1, 0xC3, 0x87, 0x0E,
    0x1C, 0x38, 0x70, 0xE1, 0xC3, 0x80, 0xFF, 0xE3, 0xFF, 0xEE, 0x03, 0xB8, 0x07, 0xE0, 0x1F, 0x80,
    0x7E, 0x01, 0xF8, 0x0E, 0xFF, 0xFB, 0xFF, 0xCE, 0x07, 0xB8, 0x0E, 0xE0, 0x1F, 0x80, 0x7E, 0x01,
    0xF8, 0x07, 0xE0, 0x1F, 0x80, 0x7E, 0x01, 0xC0, 0x00, 0x03, 0x80, 0x0E, 0x00, 0x38, 0x00, 0x60,
    0x01, 0x80, 0x0C, 0x00, 0xEF, 0xFF, 0xFF, 0x8E, 0x1C, 0x38, 0x70, 0xE1, 0xC3, 0x87, 0x0E, 0x1C,
    0x00, 0x38, 0x70, 0xE0, 0xC1, 0x86, 0x00, 0x38, 0xE0, 0x77, 0x00, 0xF8, 0x01, 0xC0, 0x00, 0x03,
    0xFF, 0x8F, 0xFF, 0xB8, 0x0E, 0xE0, 0x1F, 0x80, 0x7E, 0x01, 0xF8, 0x07, 0xE0, 0x3B, 0xFF, 0xEF,
    0xFF, 0x38, 0x1E, 0xE0, 0x3B, 0x80, 0x7E, 0x01, 0xF8, 0x07, 0xE0, 0x1F, 0x80, 0x7E, 0x01, 0xF8,
    0x07, 0xE3, 0xBB, 0x8F, 0x83, 0x80, 0x03, 0xB9, 0xFC, 0xFE, 0x78, 0x38, 0x1C, 0x0E, 0x07, 0x03,
    0x81, 0xC0, 0xE0, 0x70, 0x38, 0x1C, 0x00, 0x00, 0xE0, 0x07, 0x00, 0x38, 0x01, 0xC0, 0x00, 0x00,
    0x3F, 0x03, 0xFF, 0x1E, 0x3E, 0xF0, 0x3B, 0x80, 0xEE, 0x00, 0x3C, 0x00, 0x7C, 0x00, 0xFF, 0x00,
    0x7F, 0x00, 0x3E, 0x00, 0x3C, 0x00, 0x7E, 0x01, 0xF8, 0x07, 0xE0, 0x3F, 0xE3, 0xE7, 0xFF, 0x07,
    0xF0, 0x03, 0x80, 0xE0, 0x38, 0x0E, 0x00, 0x00, 0x7E, 0x1F, 0xE7, 0x9E, 0xE1, 0xDC, 0x03, 0xF0,
    0x3F, 0xC0, 0xFC, 0x03, 0xF8, 0x3F, 0x07, 0xF1, 0xEF, 0xF8, 0xFE, 0x00, 0x07, 0x00, 0x3E, 0x01,
    0xDC, 0x0E, 0x38, 0x00, 0x00, 0x3F, 0x03, 0xFF, 0x1E, 0x3E, 0xF0, 0x3B, 0x80, 0xEE, 0x00, 0x3C,
    0x00, 0x7C, 0x00, 0xFF, 0x00, 0x7F, 0x00, 0x3E, 0x00, 0x3C, 0x00, 0x7E, 0x01, 0xF8, 0x07, 0xE0,
    0x3F, 0xE3, 0xE7, 0xFF, 0x07, 0xF0, 0x0E, 0x03, 0xE0, 0xEE, 0x38, 0xE0, 0x00, 0x7E, 0x1F, 0xE7,
    0x9E, 0xE1, 0xDC, 0x03, 0xF0, 0x3F, 0xC0, 0xFC, 0x03, 0xF8, 0x3F, 0x07, 0xF1, 0xEF, 0xF8, 0xFE,
    0x00, 0x0F, 0xC0, 0xFF, 0xC7, 0x8F, 0xBC, 0x0E, 0xE0, 0x3B, 0x80, 0x0F, 0x00, 0x1F, 0x00, 0x3F,
    0xC0, 0x1F, 0xC0, 0x0F, 0x80, 0x0F, 0x00, 0x1F, 0x80, 0x7E, 0x01, 0xF8, 0x0F, 0xF8, 0xF9, 0xFF,
    0xC1, 0xFC, 0x01, 0xE0, 0x01, 0xC0, 0x07, 0x00, 0xFC, 0x01, 0xE0, 0x3F, 0x0F, 0xF3, 0xCF, 0x70,
    0xEE, 0x01, 0xF8, 0x1F, 0xE0, 0x7E, 0x01, 0xFC, 0x1F, 0x83, 0xF8, 0xF7, 0xFC, 0x7F, 0x03, 0xC0,
    0x1C, 0x03, 0x83, 0xF0, 0x3C, 0x00, 0x1C, 0x70, 0x3B, 0x80, 0x7C, 0x00, 0xE0, 0x00, 0x00, 0x3F,
    0x03, 0xFF, 0x1E, 0x1E, 0x70, 0x39, 0xE0, 0x07, 0xFC, 0x0F, 0xFC, 0x0F, 0xFC, 0x00, 0xFE, 0x01,
    0xF8, 0x07, 0x78, 0x7C, 0xFF, 0xE1, 0xFE, 0x00, 0x71, 0xC7, 0x70, 0x7C, 0x07, 0x00, 0x00, 0x7E,
    0x1F, 0xE7, 0x9E, 0xE1, 0xDC, 0x03, 0xF0, 0x3F, 0xC0, 0xFC, 0x03, 0xF8, 0x3F, 0x07, 0xF1, 0xEF,
    0xF8, 0xFE, 0x00, 0xFF, 0xFF, 0xFF, 0xFC, 0x0E, 0x00, 0x1C, 0x00, 0x38, 0x00, 0x70, 0x00, 0xE0,
    0x01, 0xC0, 0x03, 0x80, 0x07, 0x00, 0x0E, 0x00, 0x1C, 0x00, 0x38, 0x00, 0x70, 0x00, 0xE0, 0x01,
    0xC0, 0x03, 0x80, 0x07, 0x00, 0x0E, 0x00, 0x1E, 0x00, 0x0E, 0x00, 0x1C, 0x01, 0xF8, 0x01, 0xE0,
    0x38, 0x70, 0xE1, 0xCF, 0xFF, 0xCE, 0x1C, 0x38, 0x70, 0xE1, 0xC3, 0x87, 0x0E, 0x1C, 0x3E, 0x7C,
    0xF0, 0x70, 0xEF, 0xCF, 0x00, 0x1C, 0x70, 0x1D, 0xC0, 0x1F, 0x00, 0x1C, 0x00, 0x00, 0x1F, 0xFF,
    0xFF, 0xFF, 0x81, 0xC0, 0x03, 0x80, 0x07, 0x00, 0x0E, 0x00, 0x1C, 0x00, 0x38, 0x00, 0x70, 0x00,
    0xE0, 0x01, 0xC0, 0x03, 0x80, 0x07, 0x00, 0x0E, 0x00, 0x1C, 0x00, 0x38, 0x00, 0x70, 0x00, 0xE0,
    0x01, 0xC0, 0x00, 0x39, 0xC1, 0xCE, 0x0E, 0x70, 0x33, 0x81, 0xFF, 0x1B, 0xF8, 0x07, 0x00, 0x38,
    0x01, 0xC0, 0x0E, 0x00, 0x70, 0x03, 0x80, 0x1C, 0x00, 0xE0, 0x07, 0x00, 0x38, 0x01, 0xF0, 0x07,
    0x80, 0xFF, 0xFF, 0xFF, 0xFC, 0x0E, 0x00, 0x1C, 0x00, 0x38, 0x00, 0x70, 0x00, 0xE0, 0x01, 0xC0,
    0x03, 0x80, 0x07, 0x00, 0x0E, 0x00, 0x1C, 0x00, 0x38, 0x00, 0x70, 0x00, 0xE0, 0x01, 0xC0, 0x03,
    0x80, 0x07, 0x00, 0x0E, 0x00, 0x38, 0x70, 0xE1, 0xCF, 0xFF, 0xCE, 0x1C, 0x38, 0x70, 0xE1, 0xC3,
    0x87, 0x0E, 0x1C, 0x3E, 0x3C, 0x0F, 0x30, 0x3F, 0xE0, 0x67, 0x80, 0x00, 0x0E, 0x00, 0xFC, 0x01,
    0xF8, 0x03, 0xF0, 0x07, 0xE0, 0x0F, 0xC0, 0x1F, 0x80, 0x3F, 0x00, 0x7E, 0x00, 0xFC, 0x01, 0xF8,
    0x03, 0xF0, 0x07, 0xE0, 0x0F, 0xC0, 0x1F, 0xC0, 0x7B, 0x80, 0xE7, 0xC7, 0xC7, 0xFF, 0x03, 0xF8,
    0x00, 0x3C, 0xCF, 0xF9, 0x9E, 0x00, 0x0E, 0x0F, 0xC1, 0xF8, 0x3F, 0x07, 0xE0, 0xFC, 0x1F, 0x83,
    0xF0, 0x7E, 0x0F, 0xC1, 0xF8, 0x7B, 0x9F, 0x7E, 0xE3, 0x9C, 0x0F, 0xE0, 0x1F, 0xC0, 0x00, 0x07,
    0x00, 0x7E, 0x00, 0xFC, 0x01, 0xF8, 0x03, 0xF0, 0x07, 0xE0, 0x0F, 0xC0, 0x1F, 0x80, 0x3F, 0x00,
    0x7E, 0x00, 0xFC, 0x01, 0xF8, 0x03, 0xF0, 0x07, 0xE0, 0x0F, 0xE0, 0x3D, 0xC0, 0x73, 0xE3, 0xE3,
    0xFF, 0x81, 0xFC, 0x00, 0x3F, 0x87, 0xF0, 0x00, 0x70, 0x7E, 0x0F, 0xC1, 0xF8, 0x3F, 0x07, 0xE0,
    0xFC, 0x1F, 0x83, 0xF0, 0x7E, 0x0F, 0xC3, 0xDC, 0xFB, 0xF7, 0x1C, 0xE0, 0x18, 0x30, 0x38, 0xE0,
    0x3F, 0x80, 0x3E, 0x00, 0x00, 0x1C, 0x01, 0xF8, 0x03, 0xF0, 0x07, 0xE0, 0x0F, 0xC0, 0x1F, 0x80,
    0x3F, 0x00, 0x7E, 0x00, 0xFC, 0x01, 0xF8, 0x03, 0xF0, 0x07, 0xE0, 0x0F, 0xC0, 0x1F, 0x80, 0x3F,
    0x80, 0xF7, 0x01, 0xCF, 0x8F, 0x8F, 0xFE, 0x07, 0xF0, 0x60, 0xCE, 0x38, 0xFE, 0x0F, 0x80, 0x01,
    0xC1, 0xF8, 0x3F, 0x07, 0xE0, 0xFC, 0x1F, 0x83, 0xF0, 0x7E, 0x0F, 0xC1, 0xF8, 0x3F, 0x0F, 0x73,
    0xEF, 0xDC, 0x73, 0x80, 0x03, 0x80, 0x0F, 0x80, 0x1B, 0x00, 0x3E, 0x00, 0x38, 0x00, 0x00, 0x38,
    0x03, 0xF0, 0x07, 0xE0, 0x0F, 0xC0, 0x1F, 0x80, 0x3F, 0x00, 0x7E, 0x00, 0xFC, 0x01, 0xF8, 0x03,
    0xF0, 0x07, 0xE0, 0x0F, 0xC0, 0x1F, 0x80, 0x3F, 0x00, 0x7F, 0x01, 0xEE, 0x03, 0x9F, 0x1F, 0x1F,
    0xFC, 0x0F, 0xE0, 0x0E, 0x03, 0xE0, 0x6C, 0x0F, 0x80, 0xE0, 0x00, 0x38, 0x3F, 0x07, 0xE0, 0xFC,
    0x1F, 0x83, 0xF0, 0x7E, 0x0F, 0xC1, 0xF8, 0x3F, 0x07, 0xE1, 0xEE, 0x7D, 0xFB, 0x8E, 0x70, 0x03,
    0xB8, 0x0E, 0xE0, 0x3B, 0x80, 0x00, 0x0E, 0x00, 0xFC, 0x01, 0xF8, 0x03, 0xF0, 0x07, 0xE0, 0x0F,
    0xC0, 0x1F, 0x80, 0x3F, 0x00, 0x7E, 0x00, 0xFC, 0x01, 0xF8, 0x03, 0xF0, 0x07, 0xE0, 0x0F, 0xC0,
    0x1F, 0xC0, 0x7B, 0x80, 0xE7, 0xC7, 0xC7, 0xFF, 0x03, 0xF8, 0x00, 0x0E, 0xE3, 0xB8, 0xEE, 0x00,
    0x0E, 0x0F, 0xC1, 0xF8, 0x3F, 0x07, 0xE0, 0xFC, 0x1F, 0x83, 0xF0, 0x7E, 0x0F, 0xC1, 0xF8, 0x7B,
    0x9F, 0x7E, 0xE3, 0x9C, 0xE0, 0x0F, 0xC0, 0x1F, 0x80, 0x3F, 0x00, 0x7E, 0x00, 0xFC, 0x01, 0xF8,
    0x03, 0xF0, 0x07, 0xE0, 0x0F, 0xC0, 0x1F, 0x80, 0x3F, 0x00, 0x7E, 0x00, 0xFC, 0x01, 0xFC, 0x07,
    0xB8, 0x0E, 0x7C, 0x7C, 0x7F, 0xF0, 0x3F, 0x80, 0x38, 0x00, 0xE0, 0x01, 0xC0, 0x03, 0xF0, 0x03,
    0xC0, 0xE0, 0xFC, 0x1F, 0x83, 0xF0, 0x7E, 0x0F, 0xC1, 0xF8, 0x3F, 0x07, 0xE0, 0xFC, 0x1F, 0x87,
    0xB9, 0xF7, 0xEE, 0x3F, 0xC3, 0x80, 0xE0, 0x1C, 0x03, 0xF0, 0x3C, 0x00, 0x00, 0x70, 0x00, 0x07,
    0xC0, 0x00, 0x77, 0x00, 0x07, 0x1C, 0x00, 0x00, 0x00, 0x70, 0x38, 0x1F, 0x81, 0xC0, 0xFC, 0x0E,
    0x07, 0xE0, 0x70, 0x3B, 0x87, 0xC3, 0x9C, 0x3E, 0x1C, 0xE1, 0xB0, 0xE7, 0x1D, 0xC7, 0x18, 0xEE,
    0x30, 0xE7, 0x73, 0x87, 0x31, 0x9C, 0x3B, 0x8E, 0xE0, 0xDC, 0x76, 0x06, 0xE3, 0xB0, 0x3E, 0x0F,
    0x81, 0xF0, 0x7C, 0x07, 0x01, 0xC0, 0x38, 0x0E, 0x01, 0xC0, 0x70, 0x00, 0xE0, 0x00, 0x3E, 0x00,
    0x0E, 0xE0, 0x03, 0x8E, 0x00, 0x00, 0x01, 0xC1, 0xC1, 0xF8, 0x38, 0x3B, 0x07, 0x06, 0x71, 0xF1,
    0xCE, 0x3E, 0x38, 0xC6, 0xC6, 0x19, 0xDC, 0xC3, 0xBB, 0xB8, 0x36, 0x36, 0x07, 0xC7, 0xC0, 0xF8,
    0xF8, 0x0E, 0x0E, 0x01, 0xC1, 0xC0, 0x38, 0x38, 0x00, 0x03, 0x80, 0x0F, 0x80, 0x3B, 0x80, 0xE3,
    0x80, 0x00, 0x1C, 0x01, 0xFC, 0x03, 0xB8, 0x0E, 0x78, 0x1C, 0x70, 0x70, 0xF0, 0xE0, 0xE3, 0x81,
    0xC7, 0x01, 0xDC, 0x03, 0xB8, 0x03, 0xE0, 0x07, 0xC0, 0x07, 0x00, 0x0E, 0x00, 0x1C, 0x00, 0x38,
    0x00, 0x70, 0x00, 0xE0, 0x01, 0xC0, 0x07, 0x00, 0x7C, 0x07, 0x70, 0x71, 0xC0, 0x00, 0x70, 0x1F,
    0x80, 0xEE, 0x07, 0x78, 0x71, 0xC3, 0x8F, 0x3C, 0x39, 0xC1, 0xCE, 0x07, 0xE0, 0x3F, 0x00, 0xF8,
    0x07, 0x80, 0x1C, 0x00, 0xE0, 0x0E, 0x00, 0x70, 0x07, 0x00, 0xF8, 0x07, 0x80, 0x0E, 0xE0, 0x1D,
    0xC0, 0x00, 0x00, 0x00, 0x0E, 0x00, 0xFC, 0x01, 0xDC, 0x07, 0x1C, 0x1C, 0x18, 0x30, 0x38, 0xE0,
    0x3B, 0x80, 0x3E, 0x00, 0x38, 0x00, 0x70, 0x00, 0xE0, 0x01, 0xC0, 0x03, 0x80, 0x07, 0x00, 0x00,
    0xE0, 0x07, 0x00, 0x38, 0x01, 0xC0, 0x00, 0x03, 0xFF, 0xFF, 0xFF, 0xC0, 0x0F, 0x00, 0x78, 0x03,
    0xC0, 0x1E, 0x00, 0x78, 0x03, 0xC0, 0x1E, 0x00, 0x78, 0x03, 0xC0, 0x1E, 0x00, 0x78, 0x03, 0xC0,
    0x0E, 0x00, 0x78, 0x03, 0xC0, 0x0F, 0xFF, 0xFF, 0xFF, 0x01, 0xC0, 0x70, 0x1C, 0x07, 0x00, 0x01,
    0xFF, 0xFF, 0xF8, 0x0E, 0x03, 0x80, 0xF0, 0x3C, 0x07, 0x01, 0xE0, 0x78, 0x0E, 0x03, 0x80, 0xF0,
    0x1F, 0xFF, 0xFF, 0x80, 0x03, 0x80, 0x0E, 0x00, 0x00, 0x3F, 0xFF, 0xFF, 0xFC, 0x00, 0xF0, 0x07,
    0x80, 0x3C, 0x01, 0xE0, 0x07, 0x80, 0x3C, 0x01, 0xE0, 0x07, 0x80, 0x3C, 0x01, 0xE0, 0x07, 0x80,
    0x3C, 0x00, 0xE0, 0x07, 0x80, 0x3C, 0x00, 0xFF, 0xFF, 0xFF, 0xF0, 0x0E, 0x01, 0xC0, 0x00, 0x7F,
    0xFF, 0xFE, 0x03, 0x80, 0xE0, 0x3C, 0x0F, 0x01, 0xC0, 0x78, 0x1E, 0x03, 0x80, 0xE0, 0x3C, 0x07,
    0xFF, 0xFF, 0xE0, 0x38, 0xE0, 0x77, 0x00, 0xF8, 0x01, 0xC0, 0x00, 0x03, 0xFF, 0xEF, 0xFF, 0x80,
    0x1E, 0x00, 0xF0, 0x07, 0x80, 0x3C, 0x01, 0xE0, 0x0F, 0x00, 0x78, 0x03, 0xC0, 0x1E, 0x00, 0xF0,
    0x03, 0xFF, 0xFF, 0xFF, 0xC0, 0x71, 0xC7, 0x70, 0x7C, 0x07, 0x00, 0x01, 0xFF, 0xFF, 0xF8, 0x0E,
    0x03, 0x80, 0xF0, 0x3C, 0x07, 0x01, 0xE0, 0x78, 0x0E, 0x03, 0x80, 0xF0, 0x1F, 0xFF, 0xFF, 0x80,
    0x00, 0x00, 0x00, 0x0C, 0x10, 0x10, 0x10, 0x70, 0x10, 0x10, 0x10, 0x10, 0x10, 0x10, 0x00, 0x00,
    0x07, 0xF1, 0xC7, 0xFF, 0x73, 0xE3, 0xFD, 0xE0, 0x3F, 0x70, 0x07, 0xFC, 0x01, 0xEE, 0x00, 0x3B,
    0x80, 0x0E, 0xE0, 0x03, 0xB8, 0x00, 0xEE, 0x00, 0x3B, 0x80, 0x0E, 0xE0, 0x03, 0xBC, 0x01, 0xE7,
    0x00, 0x71, 0xE0, 0x3C, 0x3E, 0x3E, 0x07, 0xFF, 0x00, 0x7F, 0x00, 0x0F, 0x1C, 0xFF, 0x77, 0x9F,
    0xDC, 0x3B, 0xE0, 0x7F, 0x81, 0xEE, 0x07, 0x38, 0x1C, 0xE0, 0x73, 0x81, 0xC7, 0x0E, 0x1E, 0x78,
    0x3F, 0xC0, 0x3C, 0x00, 0xE0, 0x0F, 0xF0, 0x07, 0xF8, 0x03, 0xFC, 0x01, 0xFE, 0x00, 0xFF, 0x00,
    0x7B, 0x80, 0x39, 0xC0, 0x1C, 0xE0, 0x0E, 0x70, 0x07, 0x38, 0x03, 0x9C, 0x01, 0xCE, 0x00, 0xE7,
    0x00, 0x73, 0xC0, 0x78, 0xE0, 0x38, 0x7C, 0x7C, 0x1F, 0xFC, 0x03, 0xF8, 0x00, 0xE0, 0xFF, 0x07,
    0xF8, 0x3F, 0xC1, 0xFE, 0x0F, 0xF0, 0x7B, 0x83, 0x9C, 0x1C, 0xE0, 0xE7, 0x07, 0x38, 0x78, 0xE7,
    0xC7, 0xEE, 0x0E, 0x70, 0x05, 0x02, 0x00, 0x00, 0x67, 0x51, 0x51, 0x51, 0x52, 0x52, 0x54, 0x54,
    0x54, 0x67, 0x00, 0x00, 0x00, 0x00, 0x05, 0x02, 0x60, 0x50, 0x57, 0x51, 0x51, 0x52, 0x52, 0x54,
    0x54, 0x67, 0x00, 0x00, 0x00, 0x00, 0x05, 0x12, 0x10, 0x10, 0x37, 0x51, 0x51, 0x52, 0x52, 0x54,
    0x54, 0x37, 0x00, 0x00, 0x00, 0x00, 0x00, 0x00, 0x47, 0x41, 0x41, 0x41, 0x41, 0x41, 0x41, 0x49,
    0x49, 0x76, 0x00, 0x00, 0x00, 0x00, 0x00, 0x01, 0x41, 0x40, 0x43, 0x41, 0x41, 0x41, 0x41, 0x41,
    0x41, 0x79, 0x02, 0x0C, 0x00, 0x00, 0x00, 0x61, 0x21, 0x20, 0x23, 0x21, 0x21, 0x21, 0x21, 0x21,
    0x21, 0xF9, 0x02, 0x0C, 0x00, 0x00, 0x00, 0x00, 0x4B, 0x49, 0x49, 0x69, 0x69, 0x59, 0x59, 0x4D,
    0x4D, 0x4A, 0x00, 0x00, 0x00, 0x00, 0x00, 0x01, 0x49, 0x48, 0x6B, 0x69, 0x69, 0x59, 0x59, 0x59,
    0x49, 0x49, 0x12, 0x0C, 0x00, 0x00, 0x00, 0x01, 0x01, 0x00, 0x53, 0x69, 0x49, 0x49, 0x49, 0x49,
    0x49, 0x49, 0x12, 0x0C, 0x1C, 0x70, 0x0E, 0xE0, 0x07, 0xC0, 0x03, 0x80, 0x00, 0x00, 0x03, 0xC0,
    0x03, 0xC0, 0x07, 0xE0, 0x07, 0xE0, 0x0E, 0x60, 0x0E, 0x70, 0x0E, 0x70, 0x1C, 0x38, 0x1C, 0x38,
    0x1C, 0x38, 0x38, 0x1C, 0x38, 0x1C, 0x3F, 0xFC, 0x7F, 0xFE, 0x70, 0x0E, 0x70, 0x0E, 0xE0, 0x07,
    0xE0, 0x07, 0xE0, 0x07, 0x38, 0xE1, 0xDC, 0x0F, 0x80, 0x70, 0x00, 0x01, 0xF8, 0x3F, 0xC7, 0x1E,
    0x70, 0xE0, 0x0E, 0x07, 0xE3, 0xFE, 0x7C, 0xEF, 0x0E, 0xE0, 0xEE, 0x1E, 0xF3, 0xE7, 0xFF, 0x3E,
    0x70, 0xE3, 0xBB, 0x8F, 0x83, 0x80, 0x00, 0xE0, 0x70, 0x38, 0x1C, 0x0E, 0x07, 0x03, 0x81, 0xC0,
    0xE0, 0x70, 0x38, 0x1C, 0x0E, 0x07, 0x03, 0x81, 0xC0, 0xE0, 0x70, 0x38, 0xE3, 0xBB, 0x8F, 0x83,
    0x80, 0x00, 0xE0, 0x70, 0x38, 0x1C, 0x0E, 0x07, 0x03, 0x81, 0xC0, 0xE0, 0x70, 0x38, 0x1C, 0x0E,
    0x07, 0x00, 0x0E, 0x38, 0x03, 0xB8, 0x00, 0xF8, 0x00, 0x38, 0x00, 0x00, 0x00, 0x3F, 0x80, 0x7F,
    0xF0, 0x7C, 0x7C, 0x78, 0x0F, 0x38, 0x03, 0xBC, 0x01, 0xFC, 0x00, 0x7E, 0x00, 0x3F, 0x00, 0x1F,
    0x80, 0x0F, 0xC0, 0x07, 0xE0, 0x03, 0xF0, 0x01, 0xFC, 0x01, 0xEE, 0x00, 0xE7, 0x80, 0xF1, 0xF1,
    0xF0, 0x7F, 0xF0, 0x0F, 0xE0, 0x38, 0xE1, 0xDC, 0x0F, 0x80, 0x70, 0x00, 0x00, 0xF0, 0x3F, 0xC7,
    0x9E, 0x70, 0xEE, 0x07, 0xE0, 0x7E, 0x07, 0xE0, 0x7E, 0x07, 0xE0, 0x77, 0x0E, 0x79, 0xE3, 0xFC,
    0x0F, 0x00, 0x1C, 0x70, 0x1D, 0xC0, 0x1F, 0x00, 0x1C, 0x00, 0x00, 0x1C, 0x01, 0xF8, 0x03, 0xF0,
    0x07, 0xE0, 0x0F, 0xC0, 0x1F, 0x80, 0x3F, 0x00, 0x7E, 0x00, 0xFC, 0x01, 0xF8, 0x03, 0xF0, 0x07,
    0xE0, 0x0F, 0xC0, 0x1F, 0x80, 0x3F, 0x80, 0xF7, 0x01, 0xCF, 0x8F, 0x8F, 0xFE, 0x07, 0xF0, 0x71,
    0xC7, 0x70, 0x7C, 0x07, 0x00, 0x01, 0xC1, 0xF8, 0x3F, 0x07, 0xE0, 0xFC, 0x1F, 0x83, 0xF0, 0x7E,
    0x0F, 0xC1, 0xF8, 0x3F, 0x0F, 0x73, 0xEF, 0xDC, 0x73, 0x80, 0x0F, 0xE0, 0x1F, 0xC0, 0x00, 0x00,
    0xE3, 0x81, 0xC7, 0x00, 0x00, 0x00, 0x00, 0x70, 0x07, 0xE0, 0x0F, 0xC0, 0x1F, 0x80, 0x3F, 0x00,
    0x7E, 0x00, 0xFC, 0x01, 0xF8, 0x03, 0xF0, 0x07, 0xE0, 0x0F, 0xC0, 0x1F, 0x80, 0x3F, 0x00, 0x7E,
    0x00, 0xFE, 0x03, 0xDC, 0x07, 0x3E, 0x3E, 0x3F, 0xF8, 0x1F, 0xC0, 0x3F, 0x87, 0xF0, 0x00, 0x1C,
    0xE3, 0x9C, 0x00, 0x00, 0x07, 0x07, 0xE0, 0xFC, 0x1F, 0x83, 0xF0, 0x7E, 0x0F, 0xC1, 0xF8, 0x3F,
    0x07, 0xE0, 0xFC, 0x3D, 0xCF, 0xBF, 0x71, 0xCE, 0x00, 0xE0, 0x03, 0x80, 0x0E, 0x00, 0x38, 0x00,
    0x00, 0x03, 0x8E, 0x07, 0x1C, 0x00, 0x00, 0x00, 0x01, 0xC0, 0x1F, 0x80, 0x3F, 0x00, 0x7E, 0x00,
    0xFC, 0x01, 0xF8, 0x03, 0xF0, 0x07, 0xE0, 0x0F, 0xC0, 0x1F, 0x80, 0x3F, 0x00, 0x7E, 0x00, 0xFC,
    0x01, 0xF8, 0x03, 0xF8, 0x0F, 0x70, 0x1C, 0xF8, 0xF8, 0xFF, 0xE0, 0x7F, 0x00, 0x03, 0x80, 0xE0,
    0x38, 0x0E, 0x00, 0x00, 0x73, 0x8E, 0x70, 0x00, 0x00, 0x1C, 0x1F, 0x83, 0xF0, 0x7E, 0x0F, 0xC1,
    0xF8, 0x3F, 0x07, 0xE0, 0xFC, 0x1F, 0x83, 0xF0, 0xF7, 0x3E, 0xFD, 0xC7, 0x38, 0x1C, 0x70, 0x1D,
    0xC0, 0x1F, 0x00, 0x1C, 0x00, 0x00, 0x03, 0x8E, 0x07, 0x1C, 0x00, 0x00, 0x00, 0x01, 0xC0, 0x1F,
    0x80, 0x3F, 0x00, 0x7E, 0x00, 0xFC, 0x01, 0xF8, 0x03, 0xF0, 0x07, 0xE0, 0x0F, 0xC0, 0x1F, 0x80,
    0x3F, 0x00, 0x7E, 0x00, 0xFC, 0x01, 0xF8, 0x03, 0xF8, 0x0F, 0x70, 0x1C, 0xF8, 0xF8, 0xFF, 0xE0,
    0x7F, 0x00, 0x71, 0xC7, 0x70, 0x7C, 0x07, 0x00, 0x00, 0x73, 0x8E, 0x70, 0x00, 0x00, 0x1C, 0x1F,
    0x83, 0xF0, 0x7E, 0x0F, 0xC1, 0xF8, 0x3F, 0x07, 0xE0, 0xFC, 0x1F, 0x83, 0xF0, 0xF7, 0x3E, 0xFD,
    0xC7, 0x38, 0x0E, 0x00, 0x0E, 0x00, 0x0E, 0x00, 0x0E, 0x00, 0x00, 0x03, 0x8E, 0x07, 0x1C, 0x00,
    0x00, 0x00, 0x01, 0xC0, 0x1F, 0x80, 0x3F, 0x00, 0x7E, 0x00, 0xFC, 0x01, 0xF8, 0x03, 0xF0, 0x07,
    0xE0, 0x0F, 0xC0, 0x1F, 0x80, 0x3F, 0x00, 0x7E, 0x00, 0xFC, 0x01, 0xF8, 0x03, 0xF8, 0x0F, 0x70,
    0x1C, 0xF8, 0xF8, 0xFF, 0xE0, 0x7F, 0x00, 0x38, 0x03, 0x80, 0x38, 0x03, 0x80, 0x00, 0x73, 0x8E,
    0x70, 0x00, 0x00, 0x1C, 0x1F, 0x83, 0xF0, 0x7E, 0x0F, 0xC1, 0xF8, 0x3F, 0x07, 0xE0, 0xFC, 0x1F,
    0x83, 0xF0, 0xF7, 0x3E, 0xFD, 0xC7, 0x38, 0x1F, 0x07, 0xFC, 0xF1, 0xEE, 0x0E, 0x00, 0x70, 0x07,
    0xFF, 0xFF, 0xFF, 0xE0, 0x7E, 0x07, 0x70, 0xE7, 0x9E, 0x3F, 0xC0, 0xF0, 0x07, 0xF0, 0x07, 0xF0,
    0x00, 0x00, 0x0E, 0x70, 0x0E, 0x70, 0x00, 0x00, 0x00, 0x00, 0x03, 0xC0, 0x03, 0xC0, 0x07, 0xE0,
    0x07, 0xE0, 0x0E, 0x60, 0x0E, 0x70, 0x0E, 0x70, 0x1C, 0x38, 0x1C, 0x38, 0x1C, 0x38, 0x38, 0x1C,
    0x38, 0x1C, 0x3F, 0xFC, 0x7F, 0xFE, 0x70, 0x0E, 0x70, 0x0E, 0xE0, 0x07, 0xE0, 0x07, 0xE0, 0x07,
    0x1F, 0xC1, 0xFC, 0x00, 0x03, 0x9C, 0x39, 0xC0, 0x00, 0x00, 0x01, 0xF8, 0x3F, 0xC7, 0x1E, 0x70,
    0xE0, 0x0E, 0x07, 0xE3, 0xFE, 0x7C, 0xEF, 0x0E, 0xE0, 0xEE, 0x1E, 0xF3, 0xE7, 0xFF, 0x3E, 0x70,
    0x0F, 0xE0, 0x0F, 0xE0, 0x00, 0x00, 0x03, 0x80, 0x03, 0x80, 0x00, 0x00, 0x03, 0xC0, 0x03, 0xC0,
    0x07, 0xE0, 0x07, 0xE0, 0x0E, 0x60, 0x0E, 0x70, 0x0E, 0x70, 0x1C, 0x38, 0x1C, 0x38, 0x1C, 0x38,
    0x38, 0x1C, 0x38, 0x1C, 0x3F, 0xFC, 0x7F, 0xFE, 0x70, 0x0E, 0x70, 0x0E, 0xE0, 0x07, 0xE0, 0x07,
    0xE0, 0x07, 0x1F, 0xC1, 0xFC, 0x00, 0x00, 0x70, 0x07, 0x00, 0x00, 0x1F, 0x83, 0xFC, 0x71, 0xE7,
    0x0E, 0x00, 0xE0, 0x7E, 0x3F, 0xE7, 0xCE, 0xF0, 0xEE, 0x0E, 0xE1, 0xEF, 0x3E, 0x7F, 0xF3, 0xE7,
    0x00, 0xFE, 0x00, 0x03, 0xF8, 0x00, 0x00, 0x00, 0x00, 0xFF, 0xFE, 0x03, 0xFF, 0xF8, 0x1D, 0xC0,
    0x00, 0x77, 0x00, 0x03, 0x9C, 0x00, 0x0E, 0x70, 0x00, 0x39, 0xC0, 0x01, 0xC7, 0x00, 0x07, 0x1F,
    0xFC, 0x1C, 0x7F, 0xF0, 0xE1, 0xC0, 0x03, 0x87, 0x00, 0x0F, 0xFC, 0x00, 0x7F, 0xF0, 0x01, 0xC1,
    0xC0, 0x07, 0x07, 0x00, 0x38, 0x1C, 0x00, 0xE0, 0x7F, 0xFF, 0x81, 0xFF, 0xF0, 0x03, 0xF8, 0x00,
    0x3F, 0x80, 0x00, 0x00, 0x01, 0xF8, 0xF0, 0x3F, 0xFF, 0xC7, 0x1F, 0x9E, 0x70, 0xF0, 0xE0, 0x0E,
    0x07, 0x07, 0xE0, 0x73, 0xFF, 0xFF, 0x7C, 0xFF, 0xFF, 0x0E, 0x00, 0xE0, 0xE0, 0x0E, 0x1F, 0x07,
    0xF3, 0xF8, 0xF7, 0xF3, 0xFE, 0x3E, 0x0F, 0x80, 0x07, 0xF0, 0x0F, 0xFE, 0x0F, 0x8F, 0x8F, 0x01,
    0xE7, 0x00, 0x77, 0x80, 0x03, 0x80, 0x01, 0xC0, 0x00, 0xE0, 0x00, 0x70, 0x3F, 0xF8, 0x1F, 0xFC,
    0x00, 0x7E, 0x00, 0x3F, 0x80, 0x3D, 0xC0, 0x1E, 0xF0, 0x1F, 0x3E, 0x3F, 0x8F, 0xFD, 0xC1, 0xFC,
    0xE0, 0x1F, 0x73, 0xFF, 0x79, 0xF7, 0x0F, 0xE0, 0x7E, 0x07, 0xE0, 0x7E, 0x07, 0xE0, 0x7E, 0x07,
    0x70, 0xF7, 0x9F, 0x3F, 0xFF, 0xFF, 0xFF, 0xFE, 0x07, 0xF0, 0xE7, 0xFE, 0x1F, 0x80, 0x0E, 0x38,
    0x03, 0xB8, 0x00, 0xF8, 0x00, 0x38, 0x00, 0x00, 0x00, 0x3F, 0x80, 0x7F, 0xF0, 0x7C, 0x7C, 0x78,
    0x0F, 0x38, 0x03, 0xBC, 0x00, 0x1C, 0x00, 0x0E, 0x00, 0x07, 0x00, 0x03, 0x81, 0xFF, 0xC0, 0xFF,
    0xE0, 0x03, 0xF0, 0x01, 0xFC, 0x00, 0xEE, 0x00, 0xF7, 0x80, 0xF9, 0xF1, 0xFC, 0x7F, 0xEE, 0x0F,
    0xE7, 0x38, 0xE1, 0xDC, 0x0F, 0x80, 0x70, 0x00, 0x01, 0xF7, 0x3F, 0xF7, 0x9F, 0x70, 0xFE, 0x07,
    0xE0, 0x7E, 0x07, 0xE0, 0x7E, 0x07, 0xE0, 0x77, 0x0F, 0x79, 0xF3, 0xFF, 0x1F, 0x70, 0x07, 0xE0,
    0x7F, 0x0E, 0x7F, 0xE1, 0xF8, 0x38, 0xE0, 0x77, 0x00, 0xF8, 0x01, 0xC0, 0x00, 0x03, 0x80, 0xFE,
    0x07, 0xB8, 0x3C, 0xE1, 0xE3, 0x8F, 0x0E, 0x78, 0x3B, 0xC0, 0xFE, 0x03, 0xF8, 0x0F, 0xF0, 0x3D,
    0xE0, 0xE3, 0x83, 0x87, 0x0E, 0x1E, 0x38, 0x38, 0xE0, 0x73, 0x81, 0xEE, 0x03, 0xB8, 0x0F, 0xE3,
    0x83, 0xB8, 0x0F, 0x80, 0x38, 0x00, 0x00, 0x1C, 0x00, 0xE0, 0x07, 0x00, 0x38, 0x01, 0xC0, 0x0E,
    0x1C, 0x71, 0xE3, 0x9E, 0x1D, 0xE0, 0xFE, 0x07, 0xE0, 0x3F, 0x81, 0xDE, 0x0E, 0x70, 0x73, 0xC3,
    0x8F, 0x1C, 0x38, 0xE1, 0xE7, 0x07, 0x07, 0xF0, 0x0F, 0xFE, 0x0F, 0x8F, 0x8F, 0x01, 0xE7, 0x00,
    0x77, 0x80, 0x3F, 0x80, 0x0F, 0xC0, 0x07, 0xE0, 0x03, 0xF0, 0x01, 0xF8, 0x00, 0xFC, 0x00, 0x7E,
    0x00, 0x3F, 0x80, 0x3D, 0xC0, 0x1C, 0xF0, 0x1E, 0x3E, 0x3E, 0x0F, 0xFE, 0x01, 0xFC, 0x00, 0x70,
    0x00, 0x70, 0x00, 0x38, 0x00, 0x1F, 0x80, 0x07, 0x80, 0x0F, 0x03, 0xFC, 0x79, 0xE7, 0x0E, 0xE0,
    0x7E, 0x07, 0xE0, 0x7E, 0x07, 0xE0, 0x7E, 0x07, 0x70, 0xE7, 0x9E, 0x3F, 0xC0, 0xF8, 0x0E, 0x01,
    0xC0, 0x1C, 0x01, 0xF8, 0x0F, 0x00, 0x07, 0xF0, 0x03, 0xF8, 0x00, 0x00, 0x00, 0xFE, 0x01, 0xFF,
    0xC1, 0xF1, 0xF1, 0xE0, 0x3C, 0xE0, 0x0E, 0xF0, 0x07, 0xF0, 0x01, 0xF8, 0x00, 0xFC, 0x00, 0x7E,
    0x00, 0x3F, 0x00, 0x1F, 0x80, 0x0F, 0xC0, 0x07, 0xF0, 0x07, 0xB8, 0x03, 0x9E, 0x03, 0xC7, 0xC7,
    0xC1, 0xFF, 0xC0, 0x3F, 0x80, 0x0E, 0x00, 0x0E, 0x00, 0x07, 0x00, 0x03, 0xF0, 0x00, 0xF0, 0x00,
    0x1F, 0xC1, 0xFC, 0x00, 0x00, 0xF0, 0x3F, 0xC7, 0x9E, 0x70, 0xEE, 0x07, 0xE0, 0x7E, 0x07, 0xE0,
    0x7E, 0x07, 0xE0, 0x77, 0x0E, 0x79, 0xE3, 0xFC, 0x0F, 0x80, 0xE0, 0x1C, 0x01, 0xC0, 0x1F, 0x80,
    0xF0, 0x24, 0x18, 0x00, 0x00, 0x7E, 0x04, 0x08, 0x10, 0x1C, 0x02, 0x02, 0x02, 0x46, 0x3C, 0x00,
    0x00, 0x00, 0x00, 0x24, 0x18, 0x00, 0x00, 0x3E, 0x04, 0x08, 0x10, 0x1C, 0x02, 0x02, 0x02, 0x42,
    0x3C, 0xE3, 0xBB, 0x8F, 0x83, 0x80, 0x00, 0xE0, 0x70, 0x38, 0x1C, 0x0E, 0x07, 0x03, 0x81, 0xC0,
    0xE0, 0x70, 0x38, 0x1C, 0x0E, 0x07, 0x03, 0x81, 0xC0, 0xE1, 0xF0, 0xF0, 0x00, 0x00, 0x00, 0x00,
    0x67, 0x51, 0x51, 0x51, 0x52, 0x52, 0x54, 0x54, 0x54, 0x67, 0x00, 0x00, 0x00, 0x00, 0x00, 0x00,
    0x60, 0x50, 0x57, 0x51, 0x51, 0x52, 0x52, 0x54, 0x54, 0x67, 0x00, 0x00, 0x00, 0x00, 0x00, 0x10,
    0x10, 0x10, 0x37, 0x51, 0x51, 0x52, 0x52, 0x54, 0x54, 0x37, 0x00, 0x00, 0x00, 0x70, 0x00, 0x70,
    0x00, 0x70, 0x00, 0x70, 0x00, 0x00, 0x00, 0x3F, 0x80, 0x7F, 0xF0, 0x7C, 0x7C, 0x78, 0x0F, 0x38,
    0x03, 0xBC, 0x00, 0x1C, 0x00, 0x0E, 0x00, 0x07, 0x00, 0x03, 0x81, 0xFF, 0xC0, 0xFF, 0xE0, 0x03,
    0xF0, 0x01, 0xFC, 0x00, 0xEE, 0x00, 0xF7, 0x80, 0xF9, 0xF1, 0xFC, 0x7F, 0xEE, 0x0F, 0xE7, 0x01,
    0xC0, 0x38, 0x07, 0x00, 0xE0, 0x00, 0x01, 0xF7, 0x3F, 0xF7, 0x9F, 0x70, 0xFE, 0x07, 0xE0, 0x7E,
    0x07, 0xE0, 0x7E, 0x07, 0xE0, 0x77, 0x0F, 0x79, 0xF3, 0xFF, 0x1F, 0x70, 0x07, 0xE0, 0x7F, 0x0E,
    0x7F, 0xE1, 0xF8, 0x00, 0x00, 0x00, 0x00, 0x48, 0x48, 0x48, 0x4A, 0x7A, 0x4A, 0x4A, 0x4A, 0x4A,
    0x44, 0x00, 0x00, 0x00, 0x00, 0x00, 0x00, 0x5C, 0x62, 0x42, 0x42, 0x44, 0x48, 0x50, 0x60, 0x40,
    0x40, 0x40, 0x00, 0x1C, 0x00, 0x1C, 0x00, 0x1C, 0x00, 0x1C, 0x00, 0x00, 0x1C, 0x01, 0xFC, 0x03,
    0xF8, 0x07, 0xF8, 0x0F, 0xF0, 0x1F, 0xF0, 0x3F, 0x70, 0x7E, 0xE0, 0xFC, 0xE1, 0xF8, 0xE3, 0xF1,
    0xC7, 0xE1, 0xCF, 0xC1, 0x9F, 0x83, 0xBF, 0x03, 0xFE, 0x03, 0xFC, 0x07, 0xF8, 0x07, 0xF0, 0x07,
    0x70, 0x07, 0x00, 0x70, 0x07, 0x00, 0x01, 0xDF, 0x3F, 0xF7, 0x8E, 0xE0, 0xFC, 0x1F, 0x83, 0xF0,
    0x7E, 0x0F, 0xC1, 0xF8, 0x3F, 0x07, 0xE0, 0xFC, 0x1F, 0x83, 0x80, 0x00, 0x70, 0x00, 0xE0, 0x01,
    0xC0, 0x03, 0x80, 0x00, 0x00, 0x03, 0xC0, 0x06, 0x60, 0x04, 0x20, 0x06, 0x60, 0x03, 0xC0, 0x03,
    0xC0, 0x03, 0xC0, 0x07, 0xE0, 0x07, 0xE0, 0x0E, 0x60, 0x0E, 0x70, 0x0E, 0x70, 0x1C, 0x38, 0x1C,
    0x38, 0x1C, 0x38, 0x38, 0x1C, 0x38, 0x1C, 0x3F, 0xFC, 0x7F, 0xFE, 0x70, 0x0E, 0x70, 0x0E, 0xE0,
    0x07, 0xE0, 0x07, 0xE0, 0x07, 0x01, 0xC0, 0x38, 0x07, 0x00, 0xE0, 0x00, 0x00, 0x70, 0x0D, 0x80,
    0x88, 0x0D, 0x80, 0x70, 0x1F, 0x83, 0xFC, 0x71, 0xE7, 0x0E, 0x00, 0xE0, 0x7E, 0x3F, 0xE7, 0xCE,
    0xF0, 0xEE, 0x0E, 0xE1, 0xEF, 0x3E, 0x7F, 0xF3, 0xE7, 0x00, 0x0E, 0x00, 0x00, 0x70, 0x00, 0x03,
    0x80, 0x00, 0x1C, 0x00, 0x00, 0x00, 0x00, 0x0F, 0xFF, 0xE0, 0x3F, 0xFF, 0x81, 0xDC, 0x00, 0x07,
    0x70, 0x00, 0x39, 0xC0, 0x00, 0xE7, 0x00, 0x03, 0x9C, 0x00, 0x1C, 0x70, 0x00, 0x71, 0xFF, 0xC1,
    0xC7, 0xFF, 0x0E, 0x1C, 0x00, 0x38, 0x70, 0x00, 0xFF, 0xC0, 0x07, 0xFF, 0x00, 0x1C, 0x1C, 0x00,
    0x70, 0x70, 0x03, 0x81, 0xC0, 0x0E, 0x07, 0xFF, 0xF8, 0x1F, 0xFF, 0x00, 0x1C, 0x00, 0x03, 0x80,
    0x00, 0x70, 0x00, 0x0E, 0x00, 0x00, 0x00, 0x01, 0xF8, 0xF0, 0x3F, 0xFF, 0xC7, 0x1F, 0x9E, 0x70,
    0xF0, 0xE0, 0x0E, 0x07, 0x07, 0xE0, 0x73, 0xFF, 0xFF, 0x7C, 0xFF, 0xFF, 0x0E, 0x00, 0xE0, 0xE0,
    0x0E, 0x1F, 0x07, 0xF3, 0xF8, 0xF7, 0xF3, 0xFE, 0x3E, 0x0F, 0x80, 0x00, 0x1C, 0x00, 0x07, 0x00,
    0x01, 0xC0, 0x00, 0x70, 0x00, 0x00, 0x00, 0x07, 0xF0, 0xC3, 0xFF, 0xB8, 0xF8, 0xFE, 0x3C, 0x03,
    0x87, 0x00, 0xF1, 0xE0, 0x3F, 0x38, 0x0E, 0xE7, 0x03, 0x9C, 0xE0, 0xE3, 0x9C, 0x38, 0x73, 0x8E,
    0x0E, 0x73, 0x81, 0xCE, 0xE0, 0x39, 0xF8, 0x0F, 0x1E, 0x01, 0xC3, 0xC0, 0x78, 0xFE, 0x3E, 0x3B,
    0xFF, 0x86, 0x1F, 0xC0, 0x00, 0xE0, 0x07, 0x00, 0x38, 0x01, 0xC0, 0x00, 0x00, 0x1E, 0x31, 0xFF,
    0xCF, 0x3E, 0x38, 0x71, 0xC3, 0xE7, 0x1F, 0x9C, 0xEE, 0x77, 0x39, 0xF8, 0xE7, 0xC3, 0x8E, 0x1C,
    0x7C, 0xF3, 0xFF, 0x8C, 0x78, 0x00, 0x1D, 0xC0, 0x0E, 0xE0, 0x07, 0x70, 0x00, 0x00, 0x03, 0xC0,
    0x03, 0xC0, 0x07, 0xE0, 0x07, 0xE0, 0x0E, 0x60, 0x0E, 0x70, 0x0E, 0x70, 0x1C, 0x38, 0x1C, 0x38,
    0x1C, 0x38, 0x38, 0x1C, 0x38, 0x1C, 0x3F, 0xFC, 0x7F, 0xFE, 0x70, 0x0E, 0x70, 0x0E, 0xE0, 0x07,
    0xE0, 0x07, 0xE0, 0x07, 0x77, 0x03, 0xB8, 0x1D, 0xC0, 0x00, 0x1F, 0x83, 0xFC, 0x71, 0xE7, 0x0E,
    0x00, 0xE0, 0x7E, 0x3F, 0xE7, 0xCE, 0xF0, 0xEE, 0x0E, 0xE1, 0xEF, 0x3E, 0x7F, 0xF3, 0xE7, 0x07,
    0xC0, 0x0F, 0xE0, 0x1C, 0x70, 0x18, 0x30, 0x00, 0x00, 0x03, 0xC0, 0x03, 0xC0, 0x07, 0xE0, 0x07,
    0xE0, 0x0E, 0x60, 0x0E, 0x70, 0x0E, 0x70, 0x1C, 0x38, 0x1C, 0x38, 0x1C, 0x38, 0x38, 0x1C, 0x38,
    0x1C, 0x3F, 0xFC, 0x7F, 0xFE, 0x70, 0x0E, 0x70, 0x0E, 0xE0, 0x07, 0xE0, 0x07, 0xE0, 0x07, 0x0F,
    0x81, 0xFC, 0x38, 0xE3, 0x06, 0x00, 0x01, 0xF8, 0x3F, 0xC7, 0x1E, 0x70, 0xE0, 0x0E, 0x07, 0xE3,
    0xFE, 0x7C, 0xEF, 0x0E, 0xE0, 0xEE, 0x1E, 0xF3, 0xE7, 0xFF, 0x3E, 0x70, 0xEE, 0x03, 0xB8, 0x0E,
    0xE0, 0x00, 0x0F, 0xFF, 0x7F, 0xFB, 0x80, 0x1C, 0x00, 0xE0, 0x07, 0x00, 0x38, 0x01, 0xC0, 0x0F,
    0xFE, 0x7F, 0xF3, 0x80, 0x1C, 0x00, 0xE0, 0x07, 0x00, 0x38, 0x01, 0xC0, 0x0E, 0x00, 0x7F, 0xFF,
    0xFF, 0xE0, 0x77, 0x03, 0xB8, 0x1D, 0xC0, 0x00, 0x0F, 0x03, 0xFC, 0x79, 0xE7, 0x0E, 0xE0, 0x7E,
    0x07, 0xFF, 0xFF, 0xFF, 0xE0, 0x0E, 0x00, 0x70, 0x77, 0x8F, 0x3F, 0xE0, 0xF8, 0x1F, 0x01, 0xFC,
    0x1C, 0x70, 0xC1, 0x80, 0x00, 0x7F, 0xFB, 0xFF, 0xDC, 0x00, 0xE0, 0x07, 0x00, 0x38, 0x01, 0xC0,
    0x0E, 0x00, 0x7F, 0xF3, 0xFF, 0x9C, 0x00, 0xE0, 0x07, 0x00, 0x38, 0x01, 0xC0, 0x0E, 0x00, 0x70,
    0x03, 0xFF, 0xFF, 0xFF, 0x0F, 0x81, 0xFC, 0x38, 0xE3, 0x06, 0x00, 0x00, 0xF0, 0x3F, 0xC7, 0x9E,
    0x70, 0xEE, 0x07, 0xE0, 0x7F, 0xFF, 0xFF, 0xFE, 0x00, 0xE0, 0x07, 0x07, 0x78, 0xF3, 0xFE, 0x0F,
    0x80, 0xEE, 0x3B, 0x8E, 0xE0, 0x00, 0xE0, 0x70, 0x38, 0x1C, 0x0E, 0x07, 0x03, 0x81, 0xC0, 0xE0,
    0x70, 0x38, 0x1C, 0x0E, 0x07, 0x03, 0x81, 0xC0, 0xE0, 0x70, 0x38, 0xEE, 0x3B, 0x8E, 0xE0, 0x00,
    0xE0, 0x70, 0x38, 0x1C, 0x0E, 0x07, 0x03, 0x81, 0xC0, 0xE0, 0x70, 0x38, 0x1C, 0x0E, 0x07, 0x00,
    0x3E, 0x3F, 0xB8, 0xF8, 0x30, 0x00, 0xE0, 0x70, 0x38, 0x1C, 0x0E, 0x07, 0x03, 0x81, 0xC0, 0xE0,
    0x70, 0x38, 0x1C, 0x0E, 0x07, 0x03, 0x81, 0xC0, 0xE0, 0x70, 0x38, 0x3E, 0x3F, 0xB8, 0xF8, 0x30,
    0x00, 0xE0, 0x70, 0x38, 0x1C, 0x0E, 0x07, 0x03, 0x81, 0xC0, 0xE0, 0x70, 0x38, 0x1C, 0x0E, 0x07,
    0x00, 0x1D, 0xC0, 0x07, 0x70, 0x01, 0xDC, 0x00, 0x00, 0x00, 0x7F, 0x00, 0xFF, 0xE0, 0xF8, 0xF8,
    0xF0, 0x1E, 0x70, 0x07, 0x78, 0x03, 0xF8, 0x00, 0xFC, 0x00, 0x7E, 0x00, 0x3F, 0x00, 0x1F, 0x80,
    0x0F, 0xC0, 0x07, 0xE0, 0x03, 0xF8, 0x03, 0xDC, 0x01, 0xCF, 0x01, 0xE3, 0xE3, 0xE0, 0xFF, 0xE0,
    0x1F, 0xC0, 0x77, 0x03, 0xB8, 0x1D, 0xC0, 0x00, 0x0F, 0x03, 0xFC, 0x79, 0xE7, 0x0E, 0xE0, 0x7E,
    0x07, 0xE0, 0x7E, 0x07, 0xE0, 0x7E, 0x07, 0x70, 0xE7, 0x9E, 0x3F, 0xC0, 0xF0, 0x03, 0xE0, 0x03,
    0xF8, 0x03, 0x8E, 0x01, 0x83, 0x00, 0x00, 0x00, 0x3F, 0x80, 0x7F, 0xF0, 0x7C, 0x7C, 0x78, 0x0F,
    0x38, 0x03, 0xBC, 0x01, 0xFC, 0x00, 0x7E, 0x00, 0x3F, 0x00, 0x1F, 0x80, 0x0F, 0xC0, 0x07, 0xE0,
    0x03, 0xF0, 0x01, 0xFC, 0x01, 0xEE, 0x00, 0xE7, 0x80, 0xF1, 0xF1, 0xF0, 0x7F, 0xF0, 0x0F, 0xE0,
    0x0F, 0x81, 0xFC, 0x38, 0xE3, 0x06, 0x00, 0x00, 0xF0, 0x3F, 0xC7, 0x9E, 0x70, 0xEE, 0x07, 0xE0,
    0x7E, 0x07, 0xE0, 0x7E, 0x07, 0xE0, 0x77, 0x0E, 0x79, 0xE3, 0xFC, 0x0F, 0x00, 0x77, 0x00, 0xEE,
    0x01, 0xDC, 0x00, 0x00, 0xFF, 0xE3, 0xFF, 0xEE, 0x03, 0xB8, 0x07, 0xE0, 0x1F, 0x80, 0x7E, 0x01,
    0xF8, 0x0E, 0xFF, 0xFB, 0xFF, 0xCE, 0x07, 0xB8, 0x0E, 0xE0, 0x1F, 0x80, 0x7E, 0x01, 0xF8, 0x07,
    0xE0, 0x1F, 0x80, 0x7E, 0x01, 0xC0, 0xEE, 0x3B, 0x8E, 0xE0, 0x03, 0xB9, 0xFC, 0xFE, 0x78, 0x38,
    0x1C, 0x0E, 0x07, 0x03, 0x81, 0xC0, 0xE0, 0x70, 0x38, 0x1C, 0x00, 0x0F, 0x80, 0x7F, 0x03, 0x8E,
    0x0C, 0x18, 0x00, 0x03, 0xFF, 0x8F, 0xFF, 0xB8, 0x0E, 0xE0, 0x1F, 0x80, 0x7E, 0x01, 0xF8, 0x07,
    0xE0, 0x3B, 0xFF, 0xEF, 0xFF, 0x38, 0x1E, 0xE0, 0x3B, 0x80, 0x7E, 0x01, 0xF8, 0x07, 0xE0, 0x1F,
    0x80, 0x7E, 0x01, 0xF8, 0x07, 0x3E, 0x3F, 0xB8, 0xF8, 0x30, 0x03, 0xB9, 0xFC, 0xFE, 0x78, 0x38,
    0x1C, 0x0E, 0x07, 0x03, 0x81, 0xC0, 0xE0, 0x70, 0x38, 0x1C, 0x00, 0x3B, 0x80, 0x3B, 0x80, 0x3B,
    0x80, 0x00, 0x0E, 0x00, 0xFC, 0x01, 0xF8, 0x03, 0xF0, 0x07, 0xE0, 0x0F, 0xC0, 0x1F, 0x80, 0x3F,
    0x00, 0x7E, 0x00, 0xFC, 0x01, 0xF8, 0x03, 0xF0, 0x07, 0xE0, 0x0F, 0xC0, 0x1F, 0xC0, 0x7B, 0x80,
    0xE7, 0xC7, 0xC7, 0xFF, 0x03, 0xF8, 0x00, 0xEE, 0x0E, 0xE0, 0xEE, 0x00, 0x0E, 0x0F, 0xC1, 0xF8,
    0x3F, 0x07, 0xE0, 0xFC, 0x1F, 0x83, 0xF0, 0x7E, 0x0F, 0xC1, 0xF8, 0x7B, 0x9F, 0x7E, 0xE3, 0x9C,
    0x07, 0xC0, 0x1F, 0xC0, 0x71, 0xC0, 0xC1, 0x80, 0x00, 0x1C, 0x01, 0xF8, 0x03, 0xF0, 0x07, 0xE0,
    0x0F, 0xC0, 0x1F, 0x80, 0x3F, 0x00, 0x7E, 0x00, 0xFC, 0x01, 0xF8, 0x03, 0xF0, 0x07, 0xE0, 0x0F,
    0xC0, 0x1F, 0x80, 0x3F, 0x80, 0xF7, 0x01, 0xCF, 0x8F, 0x8F, 0xFE, 0x07, 0xF0, 0x1F, 0x07, 0xF1,
    0xC7, 0x30, 0x60, 0x01, 0xC1, 0xF8, 0x3F, 0x07, 0xE0, 0xFC, 0x1F, 0x83, 0xF0, 0x7E, 0x0F, 0xC1,
    0xF8, 0x3F, 0x0F, 0x73, 0xEF, 0xDC, 0x73, 0x80, 0x0F, 0xC0, 0xFF, 0xC7, 0x8F, 0xBC, 0x0E, 0xE0,
    0x3B, 0x80, 0x0F, 0x00, 0x1F, 0x00, 0x3F, 0xC0, 0x1F, 0xC0, 0x0F, 0x80, 0x0F, 0x00, 0x1F, 0x80,
    0x7E, 0x01, 0xF8, 0x0F, 0xF8, 0xF9, 0xFF, 0xC1, 0xFC, 0x00, 0x00, 0x07, 0x00, 0x1C, 0x00, 0x70,
    0x00, 0xC0, 0x03, 0x00, 0x18, 0x00, 0x3F, 0x0F, 0xF3, 0xCF, 0x70, 0xEE, 0x01, 0xF8, 0x1F, 0xE0,
    0x7E, 0x01, 0xFC, 0x1F, 0x83, 0xF8, 0xF7, 0xFC, 0x7F, 0x00, 0x00, 0x70, 0x0E, 0x01, 0xC0, 0x18,
    0x03, 0x00, 0xC0, 0xFF, 0xFF, 0xFF, 0xFC, 0x0E, 0x00, 0x1C, 0x00, 0x38, 0x00, 0x70, 0x00, 0xE0,
    0x01, 0xC0, 0x03, 0x80, 0x07, 0x00, 0x0E, 0x00, 0x1C, 0x00, 0x38, 0x00, 0x70, 0x00, 0xE0, 0x01,
    0xC0, 0x03, 0x80, 0x07, 0x00, 0x0E, 0x00, 0x00, 0x00, 0x38, 0x00, 0x70, 0x00, 0xE0, 0x00, 0xC0,
    0x01, 0x80, 0x06, 0x00, 0x38, 0x70, 0xE1, 0xCF, 0xFF, 0xCE, 0x1C, 0x38, 0x70, 0xE1, 0xC3, 0x87,
    0x0E, 0x1C, 0x3E, 0x3C, 0x01, 0xC3, 0x87, 0x06, 0x0C, 0x30, 0x00, 0x00, 0x00, 0x00, 0x3C, 0x42,
    0x42, 0x02, 0x0C, 0x34, 0x02, 0x02, 0x02, 0x0C, 0x30, 0x00, 0x00, 0x00, 0x00, 0x00, 0x00, 0x00,
    0x3C, 0x42, 0x02, 0x02, 0x0C, 0x32, 0x02, 0x02, 0x0C, 0x30, 0x1C, 0x70, 0x1D, 0xC0, 0x1F, 0x00,
    0x1C, 0x00, 0x00, 0x1C, 0x01, 0xF8, 0x03, 0xF0, 0x07, 0xE0, 0x0F, 0xC0, 0x1F, 0x80, 0x3F, 0x00,
    0x7E, 0x00, 0xFF, 0xFF, 0xFF, 0xFF, 0xF0, 0x07, 0xE0, 0x0F, 0xC0, 0x1F, 0x80, 0x3F, 0x00, 0x7E,
    0x00, 0xFC, 0x01, 0xF8, 0x03, 0xF0, 0x07, 0xE3, 0x83, 0xB8, 0x0F, 0x80, 0x38, 0x00, 0x00, 0x1C,
    0x00, 0xE0, 0x07, 0x00, 0x38, 0x01, 0xC0, 0x0E, 0xF0, 0x7F, 0xE3, 0xC7, 0x1C, 0x1C, 0xE0, 0xE7,
    0x07, 0x38, 0x39, 0xC1, 0xCE, 0x0E, 0x70, 0x73, 0x83, 0x9C, 0x1C, 0xE0, 0xE7, 0x07, 0x30, 0x0C,
    0x00, 0x00, 0x00, 0x00, 0x00, 0x00, 0x00, 0x00, 0x00, 0x00, 0x00, 0x00, 0x00, 0x00, 0x0C, 0x30,
    0x00, 0x00, 0x00, 0x00, 0x00, 0x00, 0x00, 0x00, 0x00, 0x00, 0x00, 0x00, 0x00, 0x00, 0x18, 0x24,
    0x00, 0x00, 0x00, 0x00, 0x00, 0x00, 0x00, 0x00, 0x00, 0x00, 0x00, 0x00, 0x00, 0x00, 0x00, 0x32,
    0x4C, 0x00, 0x00, 0x00, 0x00, 0x00, 0x00, 0x00, 0x00, 0x00, 0x00, 0x00, 0x00, 0x00, 0x00, 0x00,
    0x7E, 0x00, 0x00, 0x00, 0x00, 0x00, 0x00, 0x00, 0x00, 0x00, 0x00, 0x00, 0x00, 0x00, 0x00, 0x00,
    0xFF, 0x00, 0x00, 0x00, 0x00, 0x00, 0x00, 0x00, 0x00, 0x00, 0x00, 0x00, 0x00, 0x00, 0x00, 0x42,
    0x42, 0x3C, 0x00, 0x00, 0x00, 0x00, 0x00, 0x00, 0x00, 0x00, 0x00, 0x00, 0x00, 0x00, 0x00, 0x18,
    0x18, 0x00, 0x00, 0x00, 0x00, 0x00, 0x00, 0x00, 0x00, 0x00, 0x00, 0x00, 0x00, 0x00, 0x00, 0x66,
    0x66, 0x00, 0x00, 0x00, 0x00, 0x00, 0x00, 0x00, 0x00, 0x00, 0x00, 0x00, 0x00, 0x00, 0x18, 0x24,
    0x04, 0x08, 0x08, 0x00, 0x00, 0x00, 0x00, 0x00, 0x00, 0x00, 0x00, 0x00, 0x00, 0x00, 0x18, 0x24,
    0x24, 0x18, 0x00, 0x00, 0x00, 0x00, 0x00, 0x00, 0x00, 0x00, 0x00, 0x00, 0x00, 0x00, 0x33, 0x44,
    0x00, 0x00, 0x00, 0x00, 0x00, 0x00, 0x00, 0x00, 0x00, 0x00, 0x00, 0x00, 0x00, 0x00, 0x00, 0x42,
    0x24, 0x18, 0x00, 0x00, 0x00, 0x00, 0x00, 0x00, 0x00, 0x00, 0x00, 0x00, 0x00, 0x00, 0x00, 0x08,
    0x08, 0x08, 0x00, 0x00, 0x00, 0x00, 0x00, 0x00, 0x00, 0x00, 0x00, 0x00, 0x00, 0x00, 0x00, 0x24,
    0x24, 0x24, 0x00, 0x00, 0x00, 0x00, 0x00, 0x00, 0x00, 0x00, 0x00, 0x00, 0x00, 0x00, 0xCC, 0x22,
    0x00, 0x00, 0x00, 0x00, 0x00, 0x00, 0x00, 0x00, 0x00, 0x00, 0x00, 0x00, 0x00, 0x00, 0x18, 0x5A,
    0x42, 0x3C, 0x00, 0x00, 0x00, 0x00, 0x00, 0x00, 0x00, 0x00, 0x00, 0x00, 0x00, 0x00, 0x00, 0x3C,
    0x42, 0x42, 0x00, 0x00, 0x00, 0x00, 0x00, 0x00, 0x00, 0x00, 0x00, 0x00, 0x00, 0x00, 0x00, 0x08,
    0x10, 0x18, 0x00, 0x00, 0x00, 0x00, 0x00, 0x00, 0x00, 0x00, 0x00, 0x00, 0x00, 0x00, 0x00, 0x18,
    0x08, 0x10, 0x00, 0x00, 0x00, 0x00, 0x00, 0x00, 0x00, 0x00, 0x00, 0x00, 0x00, 0x00, 0x00, 0x18,
    0x10, 0x08, 0x00, 0x00, 0x00, 0x00, 0x00, 0x00, 0x00, 0x00, 0x00, 0x00, 0x00, 0x00, 0x00, 0x03,
    0x01, 0x02, 0x00, 0x00, 0x00, 0x00, 0x00, 0x00, 0x00, 0x00, 0x00, 0x00, 0x00, 0x00, 0x00, 0x00,
    0x00, 0x00, 0x00, 0x00, 0x00, 0x00, 0x00, 0x00, 0x00, 0x00, 0x00, 0x10, 0x08, 0x04, 0x00, 0x00,
    0x00, 0x00, 0x00, 0x00, 0x00, 0x00, 0x00, 0x00, 0x00, 0x00, 0x00, 0x08, 0x10, 0x20, 0x00, 0x00,
    0x00, 0x00, 0x00, 0x00, 0x00, 0x00, 0x00, 0x00, 0x00, 0x00, 0x00, 0x08, 0x38, 0x08, 0x00, 0x00,
    0x00, 0x00, 0x00, 0x00, 0x00, 0x00, 0x00, 0x00, 0x00, 0x00, 0x00, 0x10, 0x1C, 0x10, 0x00, 0x1E,
    0x02, 0x02, 0x00, 0x00, 0x00, 0x00, 0x00, 0x00, 0x00, 0x00, 0x00, 0x00, 0x00, 0x00, 0x00, 0x00,
    0x04, 0x0A, 0x02, 0x04, 0x08, 0x00, 0x00, 0x00, 0x00, 0x00, 0x00, 0x00, 0x00, 0x00, 0x00, 0x00,
    0x00, 0x00, 0x00, 0x00, 0x00, 0x00, 0x00, 0x00, 0x00, 0x00, 0x00, 0x18, 0x20, 0x18, 0x00, 0x00,
    0x00, 0x00, 0x00, 0x00, 0x00, 0x00, 0x00, 0x00, 0x00, 0x00, 0x00, 0x10, 0x10, 0x38, 0x00, 0x00,
    0x00, 0x00, 0x00, 0x00, 0x00, 0x00, 0x00, 0x00, 0x00, 0x00, 0x00, 0x38, 0x10, 0x10, 0x00, 0x00,
    0x00, 0x00, 0x00, 0x00, 0x00, 0x00, 0x00, 0x00, 0x00, 0x00, 0x00, 0x10, 0x38, 0x10, 0x00, 0x00,
    0x00, 0x00, 0x00, 0x00, 0x00, 0x00, 0x00, 0x00, 0x00, 0x00, 0x00, 0x00, 0x00, 0x3C, 0x00, 0x00,
    0x00, 0x00, 0x00, 0x00, 0x00, 0x00, 0x00, 0x00, 0x00, 0x00, 0x02, 0x02, 0x12, 0x0C, 0x00, 0x00,
    0x00, 0x00, 0x00, 0x00, 0x00, 0x00, 0x00, 0x00, 0x00, 0x00, 0x08, 0x08, 0x09, 0x06, 0x00, 0x00,
    0x00, 0x00, 0x00, 0x00, 0x00, 0x00, 0x00, 0x00, 0x00, 0x00, 0x00, 0x00, 0x18, 0x18, 0x00, 0x00,
    0x00, 0x00, 0x00, 0x00, 0x00, 0x00, 0x00, 0x00, 0x00, 0x00, 0x00, 0x00, 0x66, 0x66, 0x00, 0x00,
    0x00, 0x00, 0x00, 0x00, 0x00, 0x00, 0x00, 0x00, 0x00, 0x00, 0x00, 0x18, 0x24, 0x18, 0x00, 0x00,
    0x00, 0x00, 0x00, 0x00, 0x00, 0x00, 0x00, 0x00, 0x00, 0x00, 0x00, 0x18, 0x08, 0x10, 0x00, 0x00,
    0x00, 0x00, 0x00, 0x00, 0x00, 0x00, 0x00, 0x00, 0x00, 0x00, 0x10, 0x18, 0x04, 0x38, 0x00, 0x00,
    0x00, 0x00, 0x00, 0x00, 0x00, 0x00, 0x00, 0x00, 0x00, 0x00, 0x00, 0x08, 0x08, 0x06, 0x00, 0x00,
    0x00, 0x00, 0x00, 0x00, 0x00, 0x00, 0x00, 0x00, 0x00, 0x00, 0x00, 0x10, 0x10, 0x10, 0x00, 0x00,
    0x00, 0x00, 0x00, 0x00, 0x00, 0x00, 0x00, 0x00, 0x00, 0x00, 0x00, 0x00, 0x7E, 0x42, 0x00, 0x00,
    0x00, 0x00, 0x00, 0x00, 0x00, 0x00, 0x00, 0x00, 0x00, 0x00, 0x00, 0x92, 0x92, 0x6C, 0x00, 0x00,
    0x00, 0x00, 0x00, 0x00, 0x00, 0x00, 0x00, 0x00, 0x00, 0x00, 0x00, 0x42, 0x24, 0x18, 0x00, 0x00,
    0x00, 0x00, 0x00, 0x00, 0x00, 0x00, 0x00, 0x00, 0x00, 0x00, 0x00, 0x18, 0x24, 0x42, 0x00, 0x00,
    0x00, 0x00, 0x00, 0x00, 0x00, 0x00, 0x00, 0x00, 0x00, 0x00, 0x00, 0x42, 0x42, 0x3C, 0x00, 0x00,
    0x00, 0x00, 0x00, 0x00, 0x00, 0x00, 0x00, 0x00, 0x00, 0x00, 0x00, 0x3C, 0x42, 0x42, 0x00, 0x00,
    0x00, 0x00, 0x00, 0x00, 0x00, 0x00, 0x00, 0x00, 0x00, 0x00, 0x00, 0x00, 0x32, 0x4C, 0x00, 0x00,
    0x00, 0x00, 0x00, 0x00, 0x00, 0x00, 0x00, 0x00, 0x00, 0x00, 0x00, 0x00, 0x00, 0x7E, 0x00, 0x00,
    0x00, 0x00, 0x00, 0x00, 0x00, 0x00, 0x00, 0x00, 0x00, 0x00, 0x00, 0x00, 0x00, 0xFF, 0x00, 0x00,
    0x00, 0x00, 0x00, 0x00, 0x00, 0x00, 0x00, 0x00, 0x00, 0x00, 0x00, 0xFF, 0x00, 0xFF, 0x00, 0x00,
    0x00, 0x00, 0x00, 0x00, 0x00, 0x00, 0x32, 0x4C, 0x00, 0x00, 0x00, 0x00, 0x00, 0x00, 0x00, 0x00,
    0x00, 0x00, 0x00, 0x00, 0x00, 0x00, 0x3C, 0x00, 0x00, 0x00, 0x00, 0x00, 0x00, 0x00, 0x00, 0x00,
    0x00, 0x00, 0x00, 0x00, 0x00, 0x00, 0xFF, 0x00, 0x00, 0x00, 0x00, 0x00, 0x00, 0x00, 0x00, 0x00,
    0x00, 0x00, 0x00, 0x00, 0x04, 0x08, 0x10, 0x20, 0x40, 0x00, 0x00, 0x00, 0x00, 0x00, 0x00, 0x00,
    0x02, 0x02, 0x04, 0x04, 0x08, 0x08, 0x10, 0x10, 0x20, 0x20, 0x40, 0x40, 0x00, 0x00, 0x00, 0x00,
    0x00, 0x00, 0x00, 0x00, 0x00, 0x00, 0x00, 0x00, 0x00, 0x00, 0x18, 0x04, 0x04, 0x18, 0x00, 0x00,
    0x00, 0x00, 0x00, 0x00, 0x00, 0x00, 0x00, 0x00, 0x00, 0x00, 0x00, 0x00, 0x42, 0x7E, 0x00, 0x00,
    0x00, 0x00, 0x00, 0x00, 0x00, 0x00, 0x00, 0x00, 0x00, 0x00, 0x00, 0x3C, 0x24, 0x3C, 0x00, 0x00,
    0x00, 0x00, 0x00, 0x00, 0x00, 0x00, 0x00, 0x00, 0x00, 0x00, 0x00, 0x6C, 0x92, 0x10, 0x66, 0x18,
    0x66, 0x00, 0x00, 0x00, 0x00, 0x00, 0x00, 0x00, 0x00, 0x00, 0x00, 0x00, 0x00, 0x00, 0x08, 0x10,
    0x10, 0x08, 0x10, 0x00, 0x00, 0x00, 0x00, 0x00, 0x00, 0x00, 0x00, 0x00, 0x00, 0x00, 0xFF, 0x00,
    0xFF, 0x00, 0x00, 0x00, 0x00, 0x00, 0x00, 0x00, 0x00, 0x00, 0x00, 0x00, 0x00, 0x00, 0x00, 0x40,
    0x20, 0x10, 0x00, 0x00, 0x00, 0x00, 0x00, 0x00, 0x00, 0x00, 0x00, 0x00, 0x00, 0x00, 0x00, 0x02,
    0x04, 0x08, 0x00, 0x00, 0x00, 0x00, 0x00, 0x00, 0x00, 0x00, 0x00, 0x00, 0x00, 0x00, 0x00, 0x34,
    0x48, 0x00, 0x00, 0x00, 0x00, 0x00, 0x00, 0x00, 0x00, 0x00, 0x00, 0x00, 0x00, 0x00, 0x00, 0x18,
    0x08, 0x10, 0x00, 0x00, 0x00, 0x00, 0x00, 0x00, 0x00, 0x00, 0x00, 0x00, 0x00, 0x00, 0x10, 0x10,
    0x54, 0x44, 0x00, 0x00, 0x00, 0x00, 0x00, 0x00, 0x00, 0x00, 0x00, 0x00, 0x00, 0x00, 0x00, 0x00,
    0x00, 0x00, 0x00, 0x00, 0x00, 0x00, 0x00, 0x00, 0x00, 0x00, 0x10, 0x10, 0x10, 0x0C, 0x00, 0x7E,
    0x42, 0x00, 0x00, 0x00, 0x00, 0x00, 0x00, 0x00, 0x00, 0x00, 0x00, 0x00, 0x00, 0x00, 0x00, 0x00,
    0x00, 0x00, 0x00, 0x00, 0x00, 0x00, 0x00, 0x00, 0x00, 0x00, 0x00, 0x7E, 0x00, 0x7E, 0x00, 0x00,
    0x00, 0x00, 0x00, 0x00, 0x00, 0x00, 0x00, 0x00, 0x00, 0x00, 0x00, 0x00, 0x24, 0x24, 0x00, 0x00,
    0x00, 0x00, 0x00, 0x00, 0x00, 0x00, 0x00, 0x00, 0x00, 0x00, 0x00, 0x00, 0x18, 0x08, 0x08, 0x3A,
    0x5C, 0x10, 0x00, 0x00, 0x00, 0x00, 0x00, 0x00, 0x00, 0x00, 0x00, 0x00, 0x00, 0x00, 0x04, 0x71,
    0x8E, 0x20, 0x00, 0x00, 0x00, 0x00, 0x00, 0x00, 0x00, 0x00, 0x00, 0x00, 0x00, 0x00, 0x32, 0x4C,
    0x32, 0x4C, 0x00, 0x00, 0x00, 0x00, 0x00, 0x00, 0x00, 0x00, 0x00, 0x00, 0x00, 0x00, 0x00, 0x00,
    0x00, 0x00, 0x00, 0x00, 0x00, 0x00, 0x00, 0x00, 0x00, 0x00, 0x00, 0x22, 0x7F, 0x22, 0x00, 0x00,
    0x00, 0x00, 0x00, 0x00, 0x00, 0x00, 0x00, 0x00, 0x00, 0x00, 0x00, 0x08, 0x1C, 0x08, 0xAA, 0xAA,
    0x00, 0x01, 0x80, 0x00, 0x00, 0x01, 0xB9, 0xC2, 0x42, 0x03, 0xC2, 0xE2, 0x42, 0x2B, 0xB9, 0xC4,
    0x00, 0x01, 0x82, 0x40, 0x00, 0x01, 0x84, 0x20, 0x00, 0x01, 0x82, 0x40, 0x55, 0x55, 0x08, 0x04,
    0x02, 0x04, 0x08, 0x00, 0x00, 0x00, 0x00, 0x00, 0x00, 0x00, 0x00, 0x00, 0x00, 0x00, 0x18, 0x20,
    0x20, 0x18, 0x00, 0x00, 0x00, 0x00, 0x00, 0x00, 0x00, 0x00, 0x00, 0x00, 0x00, 0x00, 0x3C, 0x42,
    0x5A, 0x18, 0x00, 0x00, 0x00, 0x00, 0x00, 0x00, 0x00, 0x00, 0x00, 0x00, 0x00, 0x00, 0x00, 0x00,
    0x00, 0x00, 0x00, 0x00, 0x00, 0x00, 0x00, 0x00, 0x00, 0x00, 0x00, 0x24, 0x18, 0x24, 0x00, 0x00,
    0x00, 0x00, 0x00, 0x00, 0x00, 0x00, 0x00, 0x00, 0x00, 0x08, 0x10, 0x20, 0x10, 0x08, 0x00, 0x00,
    0x00, 0x00, 0x00, 0x00, 0x00, 0x00, 0x00, 0x00, 0x00, 0x10, 0x08, 0x04, 0x08, 0x10, 0x00, 0x00,
    0x00, 0x00, 0x00, 0x00, 0x00, 0x00, 0x00, 0x00, 0x00, 0x80, 0x40, 0x24, 0x4A, 0x91, 0x18, 0x04,
    0x04, 0x18, 0x00, 0x00, 0x00, 0x00, 0x00, 0x00, 0x00, 0x00, 0x00, 0x00, 0x00, 0x00, 0x00, 0x03,
    0x03, 0x00, 0x00, 0x00, 0x00, 0x00, 0x00, 0x00, 0x00, 0x00, 0x00, 0x00, 0x00, 0x00, 0x00, 0x00,
    0x00, 0x00, 0x00, 0x00, 0x00, 0x00, 0x00, 0x00, 0x00, 0x00, 0x54, 0x38, 0x7C, 0x38, 0x00, 0x00,
    0x00, 0x00, 0x00, 0x00, 0x00, 0x00, 0x00, 0x00, 0x00, 0x00, 0x00, 0x6C, 0x92, 0x6C, 0x08, 0x10,
    0x3E, 0x04, 0x08, 0x00, 0x00, 0x00, 0x00, 0x00, 0x00, 0x00, 0x00, 0x00, 0x00, 0x00, 0x00, 0x00,
    0x00, 0x00, 0x00, 0x00, 0x00, 0x00, 0x00, 0x00, 0x00, 0x00, 0x00, 0x00, 0x00, 0x00, 0x00, 0x00,
    0x00, 0x00, 0x00, 0x00, 0x00, 0x00, 0x00, 0x00, 0x40, 0x02, 0x30, 0x0C, 0x0F, 0xF0, 0x00, 0x00,
    0x40, 0x02, 0x30, 0x0C, 0x0F, 0xF0, 0x00, 0x00, 0x00, 0x00, 0x00, 0x00, 0x00, 0x00, 0x00, 0x00,
    0x00, 0x00, 0x00, 0x00, 0x00, 0x00, 0x00, 0x00, 0x00, 0x00, 0x00, 0x00, 0x00, 0x00, 0x00, 0x00,
    0x00, 0x00, 0x1F, 0xF8, 0x00, 0x00, 0x00, 0x00, 0x00, 0x00, 0x00, 0x00, 0x00, 0x00, 0x00, 0x00,
    0x00, 0x00, 0x00, 0x00, 0x00, 0x00, 0x00, 0x00, 0x00, 0x00, 0x00, 0x00, 0x00, 0x00, 0x00, 0x00,
    0x00, 0x00, 0x00, 0x00, 0x00, 0x00, 0x00, 0x00, 0x00, 0x00, 0x00, 0x00, 0x00, 0x00, 0x00, 0x00,
    0x00, 0x00, 0x00, 0x00, 0x00, 0x00, 0x00, 0x00, 0x00, 0x00, 0x00, 0x00, 0x1F, 0xF8, 0x00, 0x00,
    0x1E, 0x02, 0x21, 0x84, 0x40, 0x78, 0x00, 0x00, 0x00, 0x00, 0x00, 0x00, 0x00, 0x00, 0x00, 0x00,
    0x00, 0x00, 0x00, 0x00, 0x00, 0x00, 0x00, 0x00, 0x00, 0x00, 0x00, 0x00, 0x00, 0x00, 0x00, 0x00,
    0x0F, 0xF0, 0x30, 0x0C, 0x40, 0x02, 0x00, 0x00, 0x00, 0x00, 0x00, 0x00, 0x00, 0x00, 0x00, 0x00,
    0x00, 0x00, 0x00, 0x00, 0x00, 0x00, 0x00, 0x00, 0x00, 0x00, 0x00, 0x00, 0x00, 0x00, 0x00, 0x00,
    0x00, 0x00, 0x00, 0x00, 0x00, 0x00, 0x00, 0x00, 0x00, 0x00, 0x00, 0x00, 0x00, 0x00, 0x00, 0x00,
    0x00, 0x00, 0x00, 0x00, 0x00, 0x08, 0x00, 0x0C, 0x7F, 0xFE, 0x00, 0x0C, 0x00, 0x08, 0x3C, 0x44,
    0x44, 0x4C, 0x34, 0x00, 0x00, 0x00, 0x00, 0x00, 0x00, 0x00, 0x00, 0x00, 0x00, 0x00, 0x38, 0x44,
    0x78, 0x40, 0x3C, 0x00, 0x00, 0x00, 0x00, 0x00, 0x00, 0x00, 0x00, 0x00, 0x00, 0x00, 0x10, 0x00,
    0x30, 0x10, 0x38, 0x00, 0x00, 0x00, 0x00, 0x00, 0x00, 0x00, 0x00, 0x00, 0x00, 0x00, 0x38, 0x44,
    0x44, 0x44, 0x38, 0x00, 0x00, 0x00, 0x00, 0x00, 0x00, 0x00, 0x00, 0x00, 0x00, 0x00, 0x44, 0x44,
    0x44, 0x44, 0x3C, 0x00, 0x00, 0x00, 0x00, 0x00, 0x00, 0x00, 0x00, 0x00, 0x00, 0x00, 0x1C, 0x20,
    0x20, 0x20, 0x1C, 0x00, 0x00, 0x00, 0x00, 0x00, 0x00, 0x00, 0x00, 0x00, 0x00, 0x00, 0x04, 0x04,
    0x1C, 0x24, 0x1C, 0x00, 0x00, 0x00, 0x00, 0x00, 0x00, 0x00, 0x00, 0x00, 0x00, 0x00, 0x20, 0x20,
    0x38, 0x24, 0x24, 0x00, 0x00, 0x00, 0x00, 0x00, 0x00, 0x00, 0x00, 0x00, 0x00, 0x00, 0x00, 0x00,
    0xEC, 0x92, 0x92, 0x00, 0x00, 0x00, 0x00, 0x00, 0x00, 0x00, 0x00, 0x00, 0x00, 0x00, 0x00, 0x38,
    0x24, 0x20, 0x20, 0x00, 0x00, 0x00, 0x00, 0x00, 0x00, 0x00, 0x00, 0x00, 0x00, 0x00, 0x20, 0x78,
    0x20, 0x20, 0x18, 0x00, 0x00, 0x00, 0x00, 0x00, 0x00, 0x00, 0x00, 0x00, 0x00, 0x00, 0x00, 0x44,
    0x44, 0x28, 0x10, 0x00, 0x00, 0x00, 0x00, 0x00, 0x00, 0x00, 0x00, 0x00, 0x00, 0x00, 0x44, 0x28,
    0x10, 0x28, 0x44, 0x00, 0x00, 0x00, 0x00, 0x00, 0x00, 0x00, 0x00, 0x00, 0x00, 0x00, 0x00, 0x30,
    0x0C, 0x00, 0x7E, 0x40, 0x40, 0x40, 0x7C, 0x40, 0x40, 0x40, 0x40, 0x7E, 0x00, 0x00, 0x24, 0x24,
    0x00, 0x00, 0x7E, 0x40, 0x40, 0x40, 0x7C, 0x40, 0x40, 0x40, 0x40, 0x7E, 0x00, 0x00, 0x00, 0x00,
    0x00, 0x00, 0x7E, 0x10, 0x10, 0x10, 0x1E, 0x11, 0x11, 0x11, 0x11, 0x16, 0x00, 0x00, 0x0C, 0x30,
    0x00, 0x00, 0x7E, 0x40, 0x40, 0x40, 0x40, 0x40, 0x40, 0x40, 0x40, 0x40, 0x00, 0x00, 0x00, 0x00,
    0x00, 0x00, 0x1C, 0x22, 0x40, 0x40, 0x7C, 0x40, 0x40, 0x40, 0x22, 0x1C, 0x00, 0x00, 0x00, 0x00,
    0x00, 0x00, 0x3C, 0x42, 0x42, 0x40, 0x30, 0x0C, 0x02, 0x42, 0x42, 0x3C, 0x00, 0x00, 0x00, 0x00,
    0x00, 0x00, 0x3E, 0x08, 0x08, 0x08, 0x08, 0x08, 0x08, 0x08, 0x08, 0x3E, 0x00, 0x00, 0x24, 0x24,
    0x00, 0x00, 0x3E, 0x08, 0x08, 0x08, 0x08, 0x08, 0x08, 0x08, 0x08, 0x3E, 0x00, 0x00, 0x00, 0x00,
    0x00, 0x00, 0x0E, 0x04, 0x04, 0x04, 0x04, 0x04, 0x04, 0x44, 0x44, 0x38, 0x00, 0x00, 0x00, 0x00,
    0x00, 0x00, 0x78, 0x48, 0x48, 0x48, 0x4E, 0x49, 0x49, 0x49, 0x49, 0x8E, 0x00, 0x00, 0x00, 0x00,
    0x00, 0x00, 0x48, 0x48, 0x48, 0x48, 0x7E, 0x49, 0x49, 0x49, 0x49, 0x4E, 0x00, 0x00, 0x00, 0x00,
    0x00, 0x00, 0x7E, 0x10, 0x10, 0x10, 0x1E, 0x11, 0x11, 0x11, 0x11, 0x11, 0x00, 0x00, 0x0C, 0x30,
    0x00, 0x00, 0x46, 0x48, 0x48, 0x50, 0x50, 0x60, 0x50, 0x48, 0x44, 0x42, 0x00, 0x00, 0x00, 0x30,
    0x0C, 0x00, 0x42, 0x46, 0x46, 0x4A, 0x4A, 0x52, 0x52, 0x62, 0x62, 0x42, 0x00, 0x00, 0x42, 0x42,
    0x3C, 0x00, 0x41, 0x41, 0x22, 0x22, 0x14, 0x14, 0x08, 0x08, 0x10, 0x30, 0x00, 0x00, 0x00, 0x00,
    0x00, 0x00, 0x41, 0x41, 0x41, 0x41, 0x41, 0x41, 0x41, 0x41, 0x41, 0x7F, 0x08, 0x08, 0x00, 0x00,
    0x00, 0x00, 0x18, 0x24, 0x24, 0x42, 0x42, 0x7E, 0x42, 0x42, 0x42, 0x42, 0x00, 0x00, 0x00, 0x00,
    0x00, 0x00, 0x7C, 0x40, 0x40, 0x40, 0x7C, 0x42, 0x42, 0x42, 0x42, 0x7C, 0x00, 0x00, 0x00, 0x00,
    0x00, 0x00, 0x7C, 0x42, 0x42, 0x42, 0x7C, 0x42, 0x42, 0x42, 0x42, 0x7C, 0x00, 0x00, 0x00, 0x00,
    0x00, 0x00, 0x7E, 0x40, 0x40, 0x40, 0x40, 0x40, 0x40, 0x40, 0x40, 0x40, 0x00, 0x00, 0x00, 0x00,
    0x00, 0x00, 0x0E, 0x12, 0x12, 0x12, 0x22, 0x22, 0x22, 0x42, 0x42, 0xFF, 0x81, 0x81, 0x00, 0x00,
    0x00, 0x00, 0x7E, 0x40, 0x40, 0x40, 0x7C, 0x40, 0x40, 0x40, 0x40, 0x7E, 0x00, 0x00, 0x00, 0x00,
    0x00, 0x00, 0x49, 0x49, 0x2A, 0x2A, 0x1C, 0x1C, 0x2A, 0x2A, 0x49, 0x49, 0x00, 0x00, 0x00, 0x00,
    0x00, 0x00, 0x3C, 0x42, 0x02, 0x02, 0x3C, 0x04, 0x02, 0x02, 0x42, 0x3C, 0x00, 0x00, 0x00, 0x00,
    0x00, 0x00, 0x42, 0x46, 0x46, 0x4A, 0x4A, 0x52, 0x52, 0x62, 0x62, 0x42, 0x00, 0x00, 0x00, 0x24,
    0x18, 0x00, 0x42, 0x46, 0x46, 0x4A, 0x4A, 0x52, 0x52, 0x62, 0x62, 0x42, 0x00, 0x00, 0x00, 0x00,
    0x00, 0x00, 0x46, 0x48, 0x48, 0x50, 0x50, 0x60, 0x50, 0x48, 0x44, 0x42, 0x00, 0x00, 0x00, 0x00,
    0x00, 0x00, 0x1E, 0x12, 0x12, 0x12, 0x12, 0x12, 0x12, 0x22, 0x22, 0x42, 0x00, 0x00, 0x00, 0x00,
    0x00, 0x00, 0x42, 0x42, 0x66, 0x66, 0x5A, 0x5A, 0x42, 0x42, 0x42, 0x42, 0x00, 0x00, 0x00, 0x00,
    0x00, 0x00, 0x42, 0x42, 0x42, 0x42, 0x7E, 0x42, 0x42, 0x42, 0x42, 0x42, 0x00, 0x00, 0x00, 0x00,
    0x00, 0x00, 0x3C, 0x42, 0x42, 0x42, 0x42, 0x42, 0x42, 0x42, 0x42, 0x3C, 0x00, 0x00, 0x00, 0x00,
    0x00, 0x00, 0x7E, 0x42, 0x42, 0x42, 0x42, 0x42, 0x42, 0x42, 0x42, 0x42, 0x00, 0x00, 0x00, 0x00,
    0x00, 0x00, 0x7C, 0x42, 0x42, 0x42, 0x7C, 0x40, 0x40, 0x40, 0x40, 0x40, 0x00, 0x00, 0x00, 0x00,
    0x00, 0x00, 0x3C, 0x42, 0x42, 0x40, 0x40, 0x40, 0x40, 0x42, 0x42, 0x3C, 0x00, 0x00, 0x00, 0x00,
    0x00, 0x00, 0x7F, 0x08, 0x08, 0x08, 0x08, 0x08, 0x08, 0x08, 0x08, 0x08, 0x00, 0x00, 0x00, 0x00,
    0x00, 0x00, 0x41, 0x41, 0x22, 0x22, 0x14, 0x14, 0x08, 0x08, 0x10, 0x30, 0x00, 0x00, 0x00, 0x00,
    0x00, 0x08, 0x3E, 0x49, 0x49, 0x49, 0x49, 0x49, 0x3E, 0x08, 0x08, 0x08, 0x00, 0x00, 0x00, 0x00,
    0x00, 0x00, 0x42, 0x42, 0x24, 0x24, 0x18, 0x18, 0x24, 0x24, 0x42, 0x42, 0x00, 0x00, 0x00, 0x00,
    0x00, 0x00, 0x42, 0x42, 0x42, 0x42, 0x42, 0x42, 0x42, 0x42, 0x42, 0x7F, 0x01, 0x01, 0x00, 0x00,
    0x00, 0x00, 0x42, 0x42, 0x42, 0x42, 0x42, 0x46, 0x3A, 0x02, 0x02, 0x02, 0x00, 0x00, 0x00, 0x00,
    0x00, 0x00, 0x49, 0x49, 0x49, 0x49, 0x49, 0x49, 0x49, 0x49, 0x49, 0x7F, 0x00, 0x00, 0x00, 0x00,
    0x00, 0x00, 0x92, 0x92, 0x92, 0x92, 0x92, 0x92, 0x92, 0x92, 0x92, 0xFF, 0x01, 0x01, 0x00, 0x00,
    0x00, 0x00, 0x70, 0x10, 0x10, 0x10, 0x1E, 0x11, 0x11, 0x11, 0x11, 0x1E, 0x00, 0x00, 0x00, 0x00,
    0x00, 0x00, 0x42, 0x42, 0x42, 0x42, 0x72, 0x4A, 0x4A, 0x4A, 0x4A, 0x72, 0x00, 0x00, 0x00, 0x00,
    0x00, 0x00, 0x40, 0x40, 0x40, 0x40, 0x7C, 0x42, 0x42, 0x42, 0x42, 0x7C, 0x00, 0x00, 0x00, 0x00,
    0x00, 0x00, 0x38, 0x44, 0x02, 0x02, 0x3E, 0x02, 0x02, 0x02, 0x44, 0x38, 0x00, 0x00, 0x00, 0x00,
    0x00, 0x00, 0x4C, 0x52, 0x52, 0x52, 0x72, 0x52, 0x52, 0x52, 0x52, 0x4C, 0x00, 0x00, 0x00, 0x00,
    0x00, 0x00, 0x3E, 0x42, 0x42, 0x42, 0x3E, 0x12, 0x22, 0x22, 0x42, 0x42, 0x00, 0x00, 0x00, 0x00,
    0x00, 0x00, 0x00, 0x00, 0x3C, 0x42, 0x02, 0x3E, 0x42, 0x42, 0x46, 0x3A, 0x00, 0x00, 0x00, 0x00,
    0x02, 0x1C, 0x20, 0x40, 0x7C, 0x42, 0x42, 0x42, 0x42, 0x42, 0x42, 0x3C, 0x00, 0x00, 0x00, 0x00,
    0x00, 0x00, 0x00, 0x00, 0x7C, 0x42, 0x42, 0x7C, 0x42, 0x42, 0x42, 0x7C, 0x00, 0x00, 0x00, 0x00,
    0x00, 0x00, 0x00, 0x00, 0x7E, 0x40, 0x40, 0x40, 0x40, 0x40, 0x40, 0x40, 0x00, 0x00, 0x00, 0x00,
    0x00, 0x00, 0x00, 0x00, 0x1E, 0x12, 0x22, 0x22, 0x42, 0x42, 0x42, 0x7F, 0x41, 0x00, 0x00, 0x00,
    0x00, 0x00, 0x00, 0x00, 0x3C, 0x42, 0x42, 0x7E, 0x40, 0x40, 0x42, 0x3C, 0x00, 0x00, 0x00, 0x00,
    0x00, 0x00, 0x00, 0x00, 0x49, 0x49, 0x2A, 0x1C, 0x1C, 0x2A, 0x49, 0x49, 0x00, 0x00, 0x00, 0x00,
    0x00, 0x00, 0x00, 0x00, 0x3C, 0x42, 0x02, 0x3C, 0x04, 0x02, 0x42, 0x3C, 0x00, 0x00, 0x00, 0x00,
    0x00, 0x00, 0x00, 0x00, 0x46, 0x46, 0x4A, 0x4A, 0x52, 0x52, 0x62, 0x62, 0x00, 0x00, 0x00, 0x00,
    0x24, 0x18, 0x00, 0x00, 0x46, 0x46, 0x4A, 0x4A, 0x52, 0x52, 0x62, 0x62, 0x00, 0x00, 0x00, 0x00,
    0x00, 0x00, 0x00, 0x00, 0x46, 0x48, 0x50, 0x60, 0x50, 0x48, 0x44, 0x42, 0x00, 0x00, 0x00, 0x00,
    0x00, 0x00, 0x00, 0x00, 0x1E, 0x12, 0x12, 0x12, 0x12, 0x22, 0x22, 0x42, 0x00, 0x00, 0x00, 0x00,
    0x00, 0x00, 0x00, 0x00, 0x42, 0x66, 0x66, 0x5A, 0x5A, 0x42, 0x42, 0x42, 0x00, 0x00, 0x00, 0x00,
    0x00, 0x00, 0x00, 0x00, 0x42, 0x42, 0x42, 0x7E, 0x42, 0x42, 0x42, 0x42, 0x00, 0x00, 0x00, 0x00,
    0x00, 0x00, 0x00, 0x00, 0x3C, 0x42, 0x42, 0x42, 0x42, 0x42, 0x42, 0x3C, 0x00, 0x00, 0x00, 0x00,
    0x00, 0x00, 0x00, 0x00, 0x7E, 0x42, 0x42, 0x42, 0x42, 0x42, 0x42, 0x42, 0x00, 0x00, 0x00, 0x00,
    0x00, 0x00, 0x00, 0x00, 0x5C, 0x62, 0x42, 0x42, 0x42, 0x42, 0x62, 0x5C, 0x40, 0x40, 0x00, 0x00,
    0x00, 0x00, 0x00, 0x00, 0x3C, 0x42, 0x40, 0x40, 0x40, 0x40, 0x42, 0x3C, 0x00, 0x00, 0x00, 0x00,
    0x00, 0x00, 0x00, 0x00, 0x7F, 0x08, 0x08, 0x08, 0x08, 0x08, 0x08, 0x08, 0x00, 0x00, 0x00, 0x00,
    0x00, 0x00, 0x00, 0x00, 0x42, 0x42, 0x24, 0x24, 0x18, 0x18, 0x10, 0x10, 0x20, 0x60, 0x00, 0x00,
    0x00, 0x08, 0x08, 0x08, 0x3E, 0x49, 0x49, 0x49, 0x49, 0x49, 0x49, 0x3E, 0x08, 0x08, 0x00, 0x00,
    0x00, 0x00, 0x00, 0x00, 0x42, 0x42, 0x24, 0x18, 0x18, 0x24, 0x42, 0x42, 0x00, 0x00, 0x00, 0x00,
    0x00, 0x00, 0x00, 0x00, 0x42, 0x42, 0x42, 0x42, 0x42, 0x42, 0x42, 0x7F, 0x01, 0x01, 0x00, 0x00,
    0x00, 0x00, 0x00, 0x00, 0x42, 0x42, 0x42, 0x42, 0x46, 0x3A, 0x02, 0x02, 0x00, 0x00, 0x00, 0x00,
    0x00, 0x00, 0x00, 0x00, 0x49, 0x49, 0x49, 0x49, 0x49, 0x49, 0x49, 0x7F, 0x00, 0x00, 0x00, 0x00,
    0x00, 0x00, 0x00, 0x00, 0x92, 0x92, 0x92, 0x92, 0x92, 0x92, 0x92, 0xFF, 0x01, 0x01, 0x00, 0x00,
    0x00, 0x00, 0x00, 0x00, 0x70, 0x10, 0x10, 0x1E, 0x11, 0x11, 0x11, 0x1E, 0x00, 0x00, 0x00, 0x00,
    0x00, 0x00, 0x00, 0x00, 0x42, 0x42, 0x42, 0x72, 0x4A, 0x4A, 0x4A, 0x72, 0x00, 0x00, 0x00, 0x00,
    0x00, 0x00, 0x00, 0x00, 0x40, 0x40, 0x40, 0x7C, 0x42, 0x42, 0x42, 0x7C, 0x00, 0x00, 0x00, 0x00,
    0x00, 0x00, 0x00, 0x00, 0x38, 0x44, 0x02, 0x3E, 0x02, 0x02, 0x44, 0x38, 0x00, 0x00, 0x00, 0x00,
    0x00, 0x00, 0x00, 0x00, 0x4C, 0x52, 0x52, 0x72, 0x52, 0x52, 0x52, 0x4C, 0x00, 0x00, 0x00, 0x00,
    0x00, 0x00, 0x00, 0x00, 0x3E, 0x42, 0x42, 0x42, 0x3E, 0x12, 0x22, 0x42, 0x00, 0x00, 0x00, 0x00,
    0x30, 0x0C, 0x00, 0x00, 0x3C, 0x42, 0x42, 0x7E, 0x40, 0x40, 0x42, 0x3C, 0x00, 0x00, 0x00, 0x00,
    0x24, 0x24, 0x00, 0x00, 0x3C, 0x42, 0x42, 0x7E, 0x40, 0x40, 0x42, 0x3C, 0x00, 0x00, 0x00, 0x00,
    0x00, 0x40, 0xF0, 0x40, 0x5C, 0x62, 0x42, 0x42, 0x42, 0x42, 0x42, 0x42, 0x02, 0x0C, 0x00, 0x00,
    0x0C, 0x30, 0x00, 0x00, 0x7E, 0x40, 0x40, 0x40, 0x40, 0x40, 0x40, 0x40, 0x00, 0x00, 0x00, 0x00,
    0x00, 0x00, 0x00, 0x00, 0x1C, 0x22, 0x40, 0x7C, 0x40, 0x40, 0x22, 0x1C, 0x00, 0x00, 0x00, 0x00,
    0x00, 0x00, 0x00, 0x00, 0x3C, 0x42, 0x40, 0x30, 0x0C, 0x02, 0x42, 0x3C, 0x00, 0x00, 0x00, 0x00,
    0x00, 0x08, 0x08, 0x00, 0x18, 0x08, 0x08, 0x08, 0x08, 0x08, 0x08, 0x3E, 0x00, 0x00, 0x00, 0x00,
    0x00, 0x24, 0x24, 0x00, 0x18, 0x08, 0x08, 0x08, 0x08, 0x08, 0x08, 0x3E, 0x00, 0x00, 0x00, 0x00,
    0x00, 0x04, 0x04, 0x00, 0x0C, 0x04, 0x04, 0x04, 0x04, 0x04, 0x04, 0x04, 0x48, 0x30, 0x00, 0x00,
    0x00, 0x00, 0x00, 0x00, 0x78, 0x48, 0x48, 0x4E, 0x49, 0x49, 0x49, 0x8E, 0x00, 0x00, 0x00, 0x00,
    0x00, 0x00, 0x00, 0x00, 0x48, 0x48, 0x48, 0x7E, 0x49, 0x49, 0x49, 0x4E, 0x00, 0x00, 0x00, 0x00,
    0x00, 0x40, 0xF0, 0x40, 0x5C, 0x62, 0x42, 0x42, 0x42, 0x42, 0x42, 0x42, 0x00, 0x00, 0x00, 0x00,
    0x0C, 0x30, 0x00, 0x00, 0x46, 0x48, 0x50, 0x60, 0x50, 0x48, 0x44, 0x42, 0x00, 0x00, 0x00, 0x00,
    0x30, 0x0C, 0x00, 0x00, 0x46, 0x46, 0x4A, 0x4A, 0x52, 0x52, 0x62, 0x62, 0x00, 0x00, 0x00, 0x42,
    0x42, 0x3C, 0x00, 0x00, 0x42, 0x42, 0x24, 0x24, 0x18, 0x18, 0x10, 0x10, 0x20, 0x60, 0x00, 0x00,
    0x00, 0x00, 0x00, 0x00, 0x22, 0x22, 0x22, 0x22, 0x22, 0x22, 0x22, 0x3E, 0x08, 0x08, 0x00, 0x00,
    0x00, 0x00, 0x49, 0x49, 0x49, 0x49, 0x49, 0x49, 0x49, 0x49, 0x5A, 0x24, 0x00, 0x00, 0x00, 0x00,
    0x00, 0x00, 0x00, 0x00, 0x00, 0x49, 0x49, 0x49, 0x49, 0x49, 0x5A, 0x24, 0x00, 0x00, 0x00, 0x00,
    0x00, 0x00, 0x10, 0x7C, 0x10, 0x10, 0x1E, 0x11, 0x11, 0x11, 0x11, 0x1E, 0x00, 0x00, 0x00, 0x00,
    0x00, 0x00, 0x20, 0x20, 0x78, 0x20, 0x20, 0x3C, 0x22, 0x22, 0x22, 0x3C, 0x00, 0x00, 0x00, 0x00,
    0x00, 0x00, 0x46, 0x49, 0x50, 0x50, 0x7E, 0x50, 0x50, 0x50, 0x49, 0x46, 0x00, 0x00, 0x00, 0x00,
    0x00, 0x00, 0x00, 0x00, 0x46, 0x49, 0x50, 0x7E, 0x50, 0x50, 0x49, 0x46, 0x00, 0x00, 0x00, 0x00,
    0x00, 0x00, 0x08, 0x08, 0x14, 0x14, 0x22, 0x36, 0x2A, 0x49, 0x49, 0x49, 0x00, 0x00, 0x00, 0x00,
    0x00, 0x00, 0x00, 0x00, 0x08, 0x14, 0x14, 0x22, 0x36, 0x49, 0x49, 0x49, 0x00, 0x00, 0x00, 0x00,
    0x00, 0x00, 0x48, 0x48, 0x54, 0x54, 0x52, 0x76, 0x6A, 0x49, 0x49, 0x49, 0x00, 0x00, 0x00, 0x00,
    0x00, 0x00, 0x00, 0x00, 0x48, 0x54, 0x54, 0x52, 0x76, 0x49, 0x49, 0x49, 0x00, 0x00, 0x00, 0x00,
    0x00, 0x00, 0x3E, 0x22, 0x22, 0x14, 0x08, 0x1C, 0x2A, 0x49, 0x49, 0x49, 0x00, 0x00, 0x00, 0x00,
    0x00, 0x00, 0x00, 0x00, 0x3E, 0x22, 0x14, 0x08, 0x3E, 0x49, 0x49, 0x49, 0x00, 0x00, 0x00, 0x00,
    0x00, 0x00, 0x5F, 0x51, 0x51, 0x4A, 0x74, 0x4E, 0x55, 0x55, 0x55, 0x55, 0x00, 0x00, 0x00, 0x00,
    0x00, 0x00, 0x00, 0x00, 0x5F, 0x51, 0x4A, 0x74, 0x4E, 0x55, 0x55, 0x55, 0x00, 0x00, 0x00, 0x00,
    0x24, 0x18, 0x3C, 0x42, 0x02, 0x02, 0x3C, 0x04, 0x02, 0x02, 0x02, 0x3C, 0x40, 0x40, 0x00, 0x00,
    0x00, 0x24, 0x18, 0x00, 0x3C, 0x42, 0x02, 0x3C, 0x04, 0x02, 0x02, 0x3C, 0x40, 0x40, 0x00, 0x00,
    0x00, 0x00, 0x49, 0x49, 0x49, 0x49, 0x49, 0x3E, 0x08, 0x08, 0x08, 0x08, 0x00, 0x00, 0x00, 0x00,
    0x00, 0x00, 0x00, 0x00, 0x00, 0x00, 0x49, 0x49, 0x49, 0x49, 0x49, 0x3E, 0x08, 0x08, 0x00, 0x00,
    0x00, 0x00, 0x3C, 0x42, 0x42, 0x42, 0x7E, 0x42, 0x42, 0x42, 0x42, 0x3C, 0x00, 0x00, 0x00, 0x00,
    0x00, 0x00, 0x00, 0x00, 0x3C, 0x42, 0x42, 0x7E, 0x42, 0x42, 0x42, 0x3C, 0x00, 0x00, 0x00, 0x00,
    0x00, 0x00, 0x43, 0x44, 0x44, 0x44, 0x28, 0x28, 0x28, 0x10, 0x10, 0x10, 0x00, 0x00, 0x00, 0x00,
    0x00, 0x00, 0x00, 0x00, 0x46, 0x48, 0x48, 0x28, 0x28, 0x28, 0x10, 0x10, 0x00, 0x00, 0x66, 0x11,
    0x00, 0x00, 0x43, 0x44, 0x44, 0x44, 0x28, 0x28, 0x28, 0x10, 0x10, 0x10, 0x00, 0x00, 0x00, 0x00,
    0x66, 0x11, 0x00, 0x00, 0x46, 0x48, 0x48, 0x28, 0x28, 0x28, 0x10, 0x10, 0x00, 0x00, 0x00, 0x00,
    0x00, 0x00, 0x20, 0x50, 0x59, 0x59, 0x59, 0x55, 0x56, 0x54, 0x54, 0x24, 0x08, 0x08, 0x00, 0x00,
    0x00, 0x00, 0x00, 0x00, 0x29, 0x59, 0x59, 0x55, 0x56, 0x54, 0x54, 0x24, 0x08, 0x08, 0x00, 0x00,
    0x00, 0x08, 0x3E, 0x49, 0x41, 0x41, 0x41, 0x41, 0x41, 0x41, 0x49, 0x3E, 0x08, 0x00, 0x00, 0x00,
    0x00, 0x00, 0x00, 0x08, 0x3E, 0x49, 0x41, 0x41, 0x41, 0x41, 0x49, 0x3E, 0x08, 0x00, 0x3C, 0x43,
    0x18, 0x04, 0x08, 0x00, 0x36, 0x41, 0x41, 0x49, 0x49, 0x49, 0x49, 0x36, 0x00, 0x00, 0x00, 0x00,
    0x00, 0x3C, 0x43, 0x18, 0x04, 0x08, 0x00, 0x36, 0x41, 0x49, 0x49, 0x36, 0x00, 0x00, 0x00, 0x7F,
    0x08, 0x00, 0x49, 0x49, 0x49, 0x49, 0x49, 0x49, 0x49, 0x49, 0x5A, 0x24, 0x00, 0x00, 0x00, 0x00,
    0x00, 0x00, 0x7F, 0x08, 0x00, 0x49, 0x49, 0x49, 0x49, 0x49, 0x5A, 0x24, 0x00, 0x00, 0x00, 0x00,
    0x00, 0x00, 0x3C, 0x42, 0x42, 0x40, 0x40, 0x40, 0x40, 0x40, 0x3C, 0x04, 0x04, 0x04, 0x00, 0x00,
    0x00, 0x00, 0x00, 0x00, 0x3C, 0x42, 0x42, 0x40, 0x40, 0x40, 0x3C, 0x04, 0x04, 0x04, 0x00, 0x00,
    0x00, 0x00, 0x00, 0x00, 0x12, 0x0C, 0x44, 0x2A, 0x11, 0x18, 0x24, 0x00, 0x00, 0x00, 0x00, 0x08,
    0x78, 0x40, 0x00, 0x00, 0x00, 0x00, 0x00, 0x00, 0x00, 0x00, 0x00, 0x00, 0x00, 0x00, 0x02, 0x05,
    0x09, 0x10, 0x00, 0x00, 0x00, 0x00, 0x00, 0x00, 0x00, 0x00, 0x00, 0x00, 0x00, 0x00, 0x00, 0x38,
    0x40, 0x30, 0x00, 0x00, 0x00, 0x00, 0x00, 0x00, 0x00, 0x00, 0x00, 0x00, 0x00, 0x00, 0x00, 0x38,
    0x04, 0x18, 0x00, 0x00, 0x00, 0x00, 0x00, 0x00, 0x00, 0x00, 0x00, 0x00, 0x00, 0x00, 0x00, 0x30,
    0x4C, 0x83, 0x00, 0x00, 0x00, 0x00, 0x00, 0x00, 0x00, 0x00, 0x00, 0x00, 0x00, 0x00, 0x00, 0x00,
    0x00, 0x00, 0x01, 0x00, 0x02, 0x80, 0x10, 0x10, 0x28, 0x28, 0x00, 0x00, 0x00, 0x00, 0x40, 0x08,
    0xA0, 0x14, 0x00, 0x00, 0x00, 0x00, 0x00, 0x00, 0x10, 0x10, 0x29, 0x28, 0x02, 0x80, 0x00, 0x00,
    0x00, 0x00, 0x00, 0x80, 0x10, 0x84, 0x09, 0x88, 0x0C, 0x30, 0x00, 0x00, 0x00, 0x00, 0x00, 0x08,
    0x70, 0x0E, 0x10, 0x00, 0x00, 0x00, 0x00, 0x00, 0x0C, 0xD8, 0x08, 0x88, 0x10, 0x84, 0x00, 0x24,
    0x18, 0x00, 0x42, 0x46, 0x46, 0x4A, 0x4A, 0x52, 0x52, 0x62, 0x62, 0x43, 0x02, 0x04, 0x00, 0x00,
    0x24, 0x18, 0x00, 0x00, 0x46, 0x46, 0x4A, 0x4A, 0x52, 0x52, 0x62, 0x63, 0x02, 0x04, 0x00, 0x00,
    0x00, 0x00, 0x20, 0x70, 0x20, 0x20, 0x20, 0x3C, 0x22, 0x22, 0x26, 0x3C, 0x00, 0x00, 0x00, 0x00,
    0x00, 0x00, 0x00, 0x00, 0x00, 0x20, 0x70, 0x20, 0x3C, 0x22, 0x22, 0x3C, 0x00, 0x00, 0x00, 0x00,
    0x00, 0x00, 0x7C, 0x42, 0x4A, 0x44, 0x7A, 0x40, 0x40, 0x40, 0x40, 0x40, 0x00, 0x00, 0x00, 0x00,
    0x00, 0x00, 0x00, 0x00, 0x5C, 0x62, 0x42, 0x42, 0x42, 0x4A, 0x64, 0x5A, 0x40, 0x40, 0x00, 0x00,
    0x02, 0x02, 0x7E, 0x40, 0x40, 0x40, 0x40, 0x40, 0x40, 0x40, 0x40, 0x40, 0x00, 0x00, 0x00, 0x00,
    0x00, 0x00, 0x02, 0x02, 0x7E, 0x40, 0x40, 0x40, 0x40, 0x40, 0x40, 0x40, 0x00, 0x00, 0x00, 0x00,
    0x00, 0x00, 0x1F, 0x10, 0x10, 0x10, 0x10, 0x7C, 0x10, 0x10, 0x10, 0x10, 0x00, 0x00, 0x00, 0x00,
    0x00, 0x00, 0x00, 0x00, 0x1F, 0x10, 0x10, 0x10, 0x7C, 0x10, 0x10, 0x10, 0x00, 0x00, 0x00, 0x00,
    0x00, 0x00, 0x7E, 0x40, 0x40, 0x40, 0x40, 0x7C, 0x42, 0x42, 0x42, 0x42, 0x0C, 0x00, 0x00, 0x00,
    0x00, 0x00, 0x00, 0x00, 0x7E, 0x40, 0x40, 0x40, 0x7C, 0x42, 0x42, 0x42, 0x0C, 0x00, 0x00, 0x00,
    0x00, 0x00, 0x49, 0x49, 0x2A, 0x2A, 0x1C, 0x1C, 0x2A, 0x2A, 0x49, 0x49, 0x01, 0x01, 0x00, 0x00,
    0x00, 0x00, 0x00, 0x00, 0x49, 0x49, 0x2A, 0x1C, 0x1C, 0x2A, 0x49, 0x49, 0x01, 0x01, 0x00, 0x00,
    0x00, 0x00, 0x3C, 0x42, 0x02, 0x02, 0x3C, 0x04, 0x02, 0x02, 0x42, 0x3C, 0x08, 0x30, 0x00, 0x00,
    0x00, 0x00, 0x00, 0x00, 0x3C, 0x42, 0x02, 0x3C, 0x04, 0x02, 0x42, 0x3C, 0x08, 0x30, 0x00, 0x00,
    0x00, 0x00, 0x46, 0x48, 0x48, 0x50, 0x50, 0x60, 0x50, 0x48, 0x44, 0x42, 0x02, 0x02, 0x00, 0x00,
    0x00, 0x00, 0x00, 0x00, 0x46, 0x48, 0x50, 0x60, 0x50, 0x48, 0x44, 0x42, 0x02, 0x02, 0x00, 0x00,
    0x00, 0x00, 0x43, 0x44, 0x54, 0x54, 0x78, 0x54, 0x54, 0x54, 0x42, 0x41, 0x00, 0x00, 0x00, 0x00,
    0x00, 0x00, 0x00, 0x00, 0x43, 0x54, 0x54, 0x78, 0x54, 0x54, 0x42, 0x41, 0x00, 0x00, 0x00, 0x00,
    0x00, 0x00, 0x23, 0x74, 0x24, 0x28, 0x28, 0x30, 0x28, 0x24, 0x22, 0x21, 0x00, 0x00, 0x00, 0x00,
    0x00, 0x00, 0x00, 0x00, 0x23, 0x74, 0x28, 0x30, 0x28, 0x24, 0x22, 0x21, 0x00, 0x00, 0x00, 0x00,
    0x00, 0x00, 0xE3, 0x24, 0x24, 0x28, 0x28, 0x30, 0x28, 0x24, 0x22, 0x21, 0x00, 0x00, 0x00, 0x00,
    0x00, 0x00, 0x00, 0x00, 0xE3, 0x24, 0x28, 0x30, 0x28, 0x24, 0x22, 0x21, 0x00, 0x00, 0x00, 0x00,
    0x00, 0x00, 0x42, 0x42, 0x42, 0x42, 0x7E, 0x42, 0x42, 0x42, 0x42, 0x43, 0x01, 0x01, 0x00, 0x00,
    0x00, 0x00, 0x00, 0x00, 0x42, 0x42, 0x42, 0x7E, 0x42, 0x42, 0x42, 0x43, 0x01, 0x01, 0x00, 0x00,
    0x00, 0x00, 0x47, 0x44, 0x44, 0x44, 0x7C, 0x44, 0x44, 0x44, 0x44, 0x44, 0x00, 0x00, 0x00, 0x00,
    0x00, 0x00, 0x00, 0x00, 0x47, 0x44, 0x44, 0x7C, 0x44, 0x44, 0x44, 0x44, 0x00, 0x00, 0x00, 0x00,
    0x00, 0x00, 0x78, 0x48, 0x48, 0x48, 0x48, 0x4E, 0x49, 0x49, 0x49, 0x49, 0x01, 0x06, 0x00, 0x00,
    0x00, 0x00, 0x00, 0x00, 0x78, 0x48, 0x48, 0x48, 0x4E, 0x49, 0x49, 0x49, 0x01, 0x06, 0x00, 0x00,
    0x00, 0x20, 0x4C, 0x52, 0x52, 0x52, 0x52, 0x52, 0x52, 0x52, 0x2C, 0x18, 0x06, 0x00, 0x00, 0x00,
    0x00, 0x00, 0x00, 0x00, 0x20, 0x4C, 0x52, 0x52, 0x52, 0x52, 0x2C, 0x18, 0x06, 0x00, 0x00, 0x00,
    0x00, 0x00, 0x3C, 0x42, 0x42, 0x40, 0x40, 0x40, 0x40, 0x42, 0x42, 0x3C, 0x08, 0x30, 0x00, 0x00,
    0x00, 0x00, 0x00, 0x00, 0x3C, 0x42, 0x42, 0x40, 0x40, 0x42, 0x42, 0x3C, 0x08, 0x30, 0x00, 0x00,
    0x00, 0x00, 0x7F, 0x08, 0x08, 0x08, 0x08, 0x08, 0x08, 0x08, 0x08, 0x0C, 0x04, 0x04, 0x00, 0x00,
    0x00, 0x00, 0x00, 0x00, 0x7F, 0x08, 0x08, 0x08, 0x08, 0x08, 0x08, 0x0C, 0x04, 0x04, 0x00, 0x00,
    0x00, 0x00, 0x41, 0x41, 0x22, 0x22, 0x14, 0x08, 0x08, 0x08, 0x08, 0x08, 0x00, 0x00, 0x00, 0x00,
    0x00, 0x00, 0x00, 0x00, 0x22, 0x22, 0x22, 0x14, 0x14, 0x08, 0x08, 0x08, 0x08, 0x08, 0x00, 0x00,
    0x00, 0x00, 0x41, 0x41, 0x22, 0x22, 0x14, 0x08, 0x08, 0x3E, 0x08, 0x08, 0x00, 0x00, 0x00, 0x00,
    0x00, 0x00, 0x00, 0x00, 0x22, 0x22, 0x22, 0x14, 0x14, 0x08, 0x3E, 0x08, 0x08, 0x08, 0x00, 0x00,
    0x00, 0x00, 0x42, 0x42, 0x24, 0x24, 0x18, 0x18, 0x24, 0x24, 0x42, 0x43, 0x01, 0x01, 0x00, 0x00,
    0x00, 0x00, 0x00, 0x00, 0x42, 0x42, 0x24, 0x18, 0x18, 0x24, 0x42, 0x43, 0x01, 0x01, 0x00, 0x00,
    0x00, 0x00, 0xFA, 0x22, 0x22, 0x22, 0x22, 0x22, 0x22, 0x22, 0x22, 0x3F, 0x01, 0x01, 0x00, 0x00,
    0x00, 0x00, 0x00, 0x00, 0xFA, 0x22, 0x22, 0x22, 0x22, 0x22, 0x22, 0x3F, 0x01, 0x01, 0x00, 0x00,
    0x00, 0x00, 0x42, 0x42, 0x42, 0x42, 0x42, 0x46, 0x3A, 0x02, 0x02, 0x03, 0x01, 0x01, 0x00, 0x00,
    0x00, 0x00, 0x00, 0x00, 0x42, 0x42, 0x42, 0x42, 0x46, 0x3A, 0x02, 0x03, 0x01, 0x01, 0x00, 0x00,
    0x00, 0x00, 0x42, 0x42, 0x42, 0x42, 0x52, 0x56, 0x3A, 0x12, 0x12, 0x02, 0x00, 0x00, 0x00, 0x00,
    0x00, 0x00, 0x00, 0x00, 0x42, 0x42, 0x42, 0x52, 0x56, 0x3A, 0x12, 0x02, 0x00, 0x00, 0x00, 0x00,
    0x00, 0x00, 0x40, 0x40, 0x40, 0x5C, 0x62, 0x42, 0x42, 0x42, 0x42, 0x42, 0x00, 0x00, 0x00, 0x00,
    0x00, 0x00, 0x00, 0x00, 0x40, 0x40, 0x5C, 0x62, 0x42, 0x42, 0x42, 0x42, 0x00, 0x00, 0x00, 0x00,
    0x00, 0x00, 0x4C, 0x52, 0x52, 0x52, 0x3E, 0x10, 0x10, 0x12, 0x12, 0x0C, 0x00, 0x00, 0x00, 0x00,
    0x00, 0x00, 0x00, 0x00, 0x4C, 0x52, 0x52, 0x3E, 0x10, 0x10, 0x12, 0x0C, 0x00, 0x00, 0x00, 0x00,
    0x00, 0x00, 0x4C, 0x52, 0x52, 0x52, 0x3E, 0x10, 0x10, 0x12, 0x12, 0x0C, 0x08, 0x08, 0x00, 0x00,
    0x00, 0x00, 0x00, 0x00, 0x4C, 0x52, 0x52, 0x3E, 0x10, 0x10, 0x12, 0x0C, 0x08, 0x08, 0x00, 0x00,
    0x00, 0x00, 0x3E, 0x08, 0x08, 0x08, 0x08, 0x08, 0x08, 0x08, 0x08, 0x3E, 0x00, 0x00, 0x41, 0x41,
    0x3E, 0x00, 0x49, 0x49, 0x2A, 0x2A, 0x1C, 0x1C, 0x2A, 0x2A, 0x49, 0x49, 0x00, 0x00, 0x00, 0x22,
    0x22, 0x1C, 0x00, 0x00, 0x49, 0x49, 0x2A, 0x1C, 0x1C, 0x2A, 0x49, 0x49, 0x00, 0x00, 0x00, 0x00,
    0x00, 0x00, 0x46, 0x48, 0x48, 0x50, 0x60, 0x7C, 0x42, 0x42, 0x42, 0x42, 0x02, 0x0C, 0x00, 0x00,
    0x00, 0x00, 0x00, 0x00, 0x46, 0x48, 0x50, 0x60, 0x7C, 0x42, 0x42, 0x42, 0x02, 0x0C, 0x00, 0x00,
    0x00, 0x00, 0x1E, 0x12, 0x12, 0x12, 0x12, 0x12, 0x12, 0x22, 0x22, 0x43, 0x02, 0x04, 0x00, 0x00,
    0x00, 0x00, 0x00, 0x00, 0x1E, 0x12, 0x12, 0x12, 0x12, 0x22, 0x22, 0x43, 0x02, 0x04, 0x00, 0x00,
    0x00, 0x00, 0x42, 0x42, 0x42, 0x42, 0x7E, 0x42, 0x42, 0x42, 0x42, 0x42, 0x02, 0x0C, 0x00, 0x00,
    0x00, 0x00, 0x00, 0x00, 0x42, 0x42, 0x42, 0x7E, 0x42, 0x42, 0x42, 0x42, 0x02, 0x0C, 0x00, 0x00,
    0x00, 0x00, 0x42, 0x42, 0x42, 0x42, 0x7E, 0x42, 0x42, 0x42, 0x42, 0x43, 0x02, 0x04, 0x00, 0x00,
    0x00, 0x00, 0x00, 0x00, 0x42, 0x42, 0x42, 0x7E, 0x42, 0x42, 0x42, 0x43, 0x02, 0x04, 0x00, 0x00,
    0x00, 0x00, 0x42, 0x42, 0x42, 0x42, 0x42, 0x46, 0x3A, 0x02, 0x02, 0x06, 0x04, 0x04, 0x00, 0x00,
    0x00, 0x00, 0x00, 0x00, 0x42, 0x42, 0x42, 0x42, 0x46, 0x3A, 0x02, 0x06, 0x04, 0x04, 0x00, 0x00,
    0x00, 0x00, 0x42, 0x42, 0x66, 0x66, 0x5A, 0x5A, 0x42, 0x42, 0x42, 0x43, 0x02, 0x04, 0x00, 0x00,
    0x00, 0x00, 0x00, 0x00, 0x42, 0x66, 0x66, 0x5A, 0x5A, 0x42, 0x42, 0x43, 0x02, 0x04, 0x00, 0x00,
    0x00, 0x00, 0x1C, 0x08, 0x08, 0x08, 0x08, 0x08, 0x08, 0x08, 0x08, 0x1C, 0x00, 0x00, 0x42, 0x42,
    0x3C, 0x00, 0x18, 0x24, 0x24, 0x42, 0x42, 0x7E, 0x42, 0x42, 0x42, 0x42, 0x00, 0x00, 0x00, 0x42,
    0x42, 0x3C, 0x00, 0x00, 0x3C, 0x42, 0x02, 0x3E, 0x42, 0x42, 0x46, 0x3A, 0x00, 0x00, 0x24, 0x24,
    0x00, 0x00, 0x18, 0x24, 0x24, 0x42, 0x42, 0x7E, 0x42, 0x42, 0x42, 0x42, 0x00, 0x00, 0x00, 0x00,
    0x24, 0x24, 0x00, 0x00, 0x3C, 0x42, 0x02, 0x3E, 0x42, 0x42, 0x46, 0x3A, 0x00, 0x00, 0x00, 0x00,
    0x00, 0x00, 0x1F, 0x28, 0x48, 0x48, 0x7F, 0x48, 0x48, 0x48, 0x48, 0x4F, 0x00, 0x00, 0x00, 0x00,
    0x00, 0x00, 0x00, 0x00, 0x3E, 0x49, 0x09, 0x3F, 0x48, 0x48, 0x49, 0x3E, 0x00, 0x00, 0x42, 0x42,
    0x3C, 0x00, 0x7E, 0x40, 0x40, 0x40, 0x7C, 0x40, 0x40, 0x40, 0x40, 0x7E, 0x00, 0x00, 0x00, 0x00,
    0x42, 0x42, 0x3C, 0x00, 0x3C, 0x42, 0x42, 0x7E, 0x40, 0x40, 0x42, 0x3C, 0x00, 0x00, 0x00, 0x00,
    0x00, 0x00, 0x18, 0x24, 0x42, 0x02, 0x02, 0x7E, 0x42, 0x42, 0x24, 0x18, 0x00, 0x00, 0x00, 0x00,
    0x00, 0x00, 0x00, 0x00, 0x3C, 0x42, 0x02, 0x02, 0x7E, 0x42, 0x42, 0x3C, 0x00, 0x00, 0x24, 0x24,
    0x00, 0x00, 0x18, 0x24, 0x42, 0x02, 0x02, 0x7E, 0x42, 0x42, 0x24, 0x18, 0x00, 0x00, 0x00, 0x00,
    0x24, 0x24, 0x00, 0x00, 0x3C, 0x42, 0x02, 0x02, 0x7E, 0x42, 0x42, 0x3C, 0x00, 0x00, 0x24, 0x24,
    0x00, 0x00, 0x49, 0x49, 0x2A, 0x2A, 0x1C, 0x1C, 0x2A, 0x2A, 0x49, 0x49, 0x00, 0x00, 0x00, 0x00,
    0x24, 0x24, 0x00, 0x00, 0x49, 0x49, 0x2A, 0x1C, 0x1C, 0x2A, 0x49, 0x49, 0x00, 0x00, 0x24, 0x24,
    0x00, 0x00, 0x3C, 0x42, 0x02, 0x02, 0x3C, 0x04, 0x02, 0x02, 0x42, 0x3C, 0x00, 0x00, 0x00, 0x00,
    0x24, 0x24, 0x00, 0x00, 0x3C, 0x42, 0x02, 0x3C, 0x04, 0x02, 0x42, 0x3C, 0x00, 0x00, 0x00, 0x00,
    0x00, 0x00, 0x7E, 0x04, 0x08, 0x10, 0x1C, 0x02, 0x02, 0x02, 0x46, 0x3C, 0x00, 0x00, 0x00, 0x00,
    0x00, 0x00, 0x00, 0x00, 0x3E, 0x04, 0x08, 0x10, 0x1C, 0x02, 0x02, 0x02, 0x42, 0x3C, 0x00, 0x3C,
    0x00, 0x00, 0x42, 0x46, 0x46, 0x4A, 0x4A, 0x52, 0x52, 0x62, 0x62, 0x42, 0x00, 0x00, 0x00, 0x00,
    0x00, 0x3C, 0x00, 0x00, 0x46, 0x46, 0x4A, 0x4A, 0x52, 0x52, 0x62, 0x62, 0x00, 0x00, 0x24, 0x24,
    0x00, 0x00, 0x42, 0x46, 0x46, 0x4A, 0x4A, 0x52, 0x52, 0x62, 0x62, 0x42, 0x00, 0x00, 0x00, 0x00,
    0x24, 0x24, 0x00, 0x00, 0x46, 0x46, 0x4A, 0x4A, 0x52, 0x52, 0x62, 0x62, 0x00, 0x00, 0x24, 0x24,
    0x00, 0x00, 0x3C, 0x42, 0x42, 0x42, 0x42, 0x42, 0x42, 0x42, 0x42, 0x3C, 0x00, 0x00, 0x00, 0x00,
    0x24, 0x24, 0x00, 0x00, 0x3C, 0x42, 0x42, 0x42, 0x42, 0x42, 0x42, 0x3C, 0x00, 0x00, 0x00, 0x00,
    0x00, 0x00, 0x3C, 0x42, 0x42, 0x42, 0x7E, 0x42, 0x42, 0x42, 0x42, 0x3C, 0x00, 0x00, 0x00, 0x00,
    0x00, 0x00, 0x00, 0x00, 0x3C, 0x42, 0x42, 0x7E, 0x42, 0x42, 0x42, 0x3C, 0x00, 0x00, 0x24, 0x24,
    0x00, 0x00, 0x3C, 0x42, 0x42, 0x42, 0x7E, 0x42, 0x42, 0x42, 0x42, 0x3C, 0x00, 0x00, 0x00, 0x00,
    0x24, 0x24, 0x00, 0x00, 0x3C, 0x42, 0x42, 0x7E, 0x42, 0x42, 0x42, 0x3C, 0x00, 0x00, 0x00, 0x00,
    0x24, 0x00, 0x3C, 0x42, 0x02, 0x02, 0x3E, 0x02, 0x02, 0x02, 0x42, 0x3C, 0x00, 0x00, 0x00, 0x00,
    0x00, 0x00, 0x24, 0x00, 0x3C, 0x42, 0x02, 0x1E, 0x02, 0x02, 0x42, 0x3C, 0x00, 0x00, 0x00, 0x3E,
    0x00, 0x00, 0x41, 0x41, 0x22, 0x22, 0x14, 0x14, 0x08, 0x08, 0x10, 0x30, 0x00, 0x00, 0x00, 0x00,
    0x00, 0x3C, 0x00, 0x00, 0x42, 0x42, 0x24, 0x24, 0x18, 0x18, 0x10, 0x10, 0x20, 0x60, 0x24, 0x24,
    0x00, 0x00, 0x41, 0x41, 0x22, 0x22, 0x14, 0x14, 0x08, 0x08, 0x10, 0x30, 0x00, 0x00, 0x00, 0x00,
    0x24, 0x24, 0x00, 0x00, 0x42, 0x42, 0x24, 0x24, 0x18, 0x18, 0x10, 0x10, 0x20, 0x60, 0x33, 0x44,
    0x00, 0x00, 0x41, 0x41, 0x22, 0x22, 0x14, 0x14, 0x08, 0x08, 0x10, 0x30, 0x00, 0x00, 0x00, 0x00,
    0x33, 0x44, 0x00, 0x00, 0x42, 0x42, 0x24, 0x24, 0x18, 0x18, 0x10, 0x10, 0x20, 0x60, 0x24, 0x24,
    0x00, 0x00, 0x42, 0x42, 0x42, 0x42, 0x42, 0x46, 0x3A, 0x02, 0x02, 0x02, 0x00, 0x00, 0x00, 0x00,
    0x24, 0x24, 0x00, 0x00, 0x42, 0x42, 0x42, 0x42, 0x46, 0x3A, 0x02, 0x02, 0x00, 0x00, 0x00, 0x00,
    0x00, 0x00, 0x7E, 0x40, 0x40, 0x40, 0x40, 0x40, 0x40, 0x40, 0x40, 0x60, 0x20, 0x20, 0x00, 0x00,
    0x00, 0x00, 0x00, 0x00, 0x7E, 0x40, 0x40, 0x40, 0x40, 0x40, 0x40, 0x60, 0x20, 0x20, 0x24, 0x24,
    0x00, 0x00, 0x42, 0x42, 0x42, 0x42, 0x72, 0x4A, 0x4A, 0x4A, 0x4A, 0x72, 0x00, 0x00, 0x00, 0x00,
    0x24, 0x24, 0x00, 0x00, 0x42, 0x42, 0x42, 0x72, 0x4A, 0x4A, 0x4A, 0x72, 0x00, 0x00, 0x00, 0x00,
    0x00, 0x00, 0x1F, 0x10, 0x10, 0x10, 0x10, 0x7C, 0x10, 0x10, 0x10, 0x18, 0x08, 0x18, 0x00, 0x00,
    0x00, 0x00, 0x00, 0x00, 0x1F, 0x10, 0x10, 0x7C, 0x10, 0x10, 0x10, 0x18, 0x08, 0x18, 0x00, 0x00,
    0x00, 0x00, 0x42, 0x42, 0x24, 0x24, 0x18, 0x18, 0x24, 0x24, 0x42, 0x42, 0x02, 0x04, 0x00, 0x00,
    0x00, 0x00, 0x00, 0x00, 0x42, 0x42, 0x24, 0x18, 0x18, 0x24, 0x42, 0x42, 0x02, 0x04, 0x00, 0x00,
    0x00, 0x00, 0x42, 0x42, 0x24, 0x24, 0x18, 0x7E, 0x24, 0x24, 0x42, 0x42, 0x00, 0x00, 0x00, 0x00,
    0x00, 0x00, 0x00, 0x00, 0x42, 0x42, 0x24, 0x18, 0x7E, 0x24, 0x42, 0x42, 0x00, 0x00, 0x00, 0x00,
    0x00, 0x00, 0x00, 0x42, 0x42, 0x22, 0x12, 0x2C, 0x48, 0x44, 0x42, 0x42, 0x00, 0x00, 0x00, 0x00,
    0x00, 0x00, 0x00, 0x7C, 0x04, 0x04, 0x04, 0x04, 0x04, 0x04, 0x04, 0x7F, 0x00, 0x00, 0x00, 0x00,
    0x00, 0x00, 0x00, 0x30, 0x08, 0x08, 0x08, 0x04, 0x0C, 0x14, 0x22, 0x42, 0x00, 0x00, 0x00, 0x00,
    0x00, 0x00, 0x00, 0x7E, 0x04, 0x04, 0x04, 0x04, 0x04, 0x04, 0x04, 0x04, 0x00, 0x00, 0x00, 0x00,
    0x00, 0x00, 0x00, 0x7E, 0x02, 0x02, 0x22, 0x22, 0x22, 0x22, 0x22, 0x22, 0x00, 0x00, 0x00, 0x00,
    0x00, 0x00, 0x00, 0x38, 0x08, 0x08, 0x08, 0x08, 0x08, 0x08, 0x08, 0x08, 0x00, 0x00, 0x00, 0x00,
    0x00, 0x00, 0x00, 0x30, 0x0C, 0x0A, 0x08, 0x08, 0x08, 0x08, 0x08, 0x08, 0x00, 0x00, 0x00, 0x00,
    0x00, 0x00, 0x00, 0x7E, 0x22, 0x22, 0x22, 0x22, 0x22, 0x22, 0x22, 0x22, 0x00, 0x00, 0x00, 0x00,
    0x00, 0x00, 0x00, 0x46, 0x4A, 0x42, 0x42, 0x42, 0x42, 0x42, 0x42, 0x7E, 0x00, 0x00, 0x00, 0x00,
    0x00, 0x00, 0x00, 0x38, 0x08, 0x08, 0x08, 0x00, 0x00, 0x00, 0x00, 0x00, 0x00, 0x00, 0x00, 0x00,
    0x00, 0x00, 0x00, 0x7E, 0x02, 0x02, 0x02, 0x02, 0x02, 0x02, 0x02, 0x02, 0x02, 0x02, 0x00, 0x00,
    0x00, 0x00, 0x00, 0x7E, 0x02, 0x02, 0x02, 0x02, 0x02, 0x02, 0x02, 0x7C, 0x00, 0x00, 0x00, 0x00,
    0x00, 0x20, 0x20, 0x3E, 0x02, 0x02, 0x02, 0x02, 0x04, 0x04, 0x08, 0x30, 0x00, 0x00, 0x00, 0x00,
    0x00, 0x00, 0x00, 0xFE, 0x22, 0x22, 0x22, 0x22, 0x22, 0x22, 0x22, 0x3E, 0x00, 0x00, 0x00, 0x00,
    0x00, 0x00, 0x00, 0x4E, 0x31, 0x21, 0x41, 0x41, 0x41, 0x41, 0x41, 0x47, 0x00, 0x00, 0x00, 0x00,
    0x00, 0x00, 0x00, 0x38, 0x08, 0x08, 0x08, 0x08, 0x08, 0x08, 0x08, 0x08, 0x08, 0x08, 0x00, 0x00,
    0x00, 0x00, 0x00, 0x1C, 0x04, 0x04, 0x04, 0x04, 0x04, 0x04, 0x04, 0x3C, 0x00, 0x00, 0x00, 0x00,
    0x00, 0x00, 0x00, 0x7E, 0x42, 0x42, 0x42, 0x42, 0x42, 0x42, 0x44, 0x78, 0x00, 0x00, 0x00, 0x00,
    0x00, 0x00, 0x00, 0x12, 0x12, 0x12, 0x12, 0x12, 0x12, 0x12, 0x12, 0xFE, 0x00, 0x00, 0x00, 0x00,
    0x00, 0x00, 0x00, 0x7E, 0x42, 0x42, 0x42, 0x72, 0x02, 0x02, 0x02, 0x02, 0x02, 0x02, 0x00, 0x00,
    0x00, 0x00, 0x00, 0x7E, 0x42, 0x42, 0x42, 0x72, 0x02, 0x02, 0x02, 0x7E, 0x00, 0x00, 0x00, 0x00,
    0x00, 0x00, 0x00, 0x22, 0x22, 0x24, 0x28, 0x30, 0x20, 0x20, 0x20, 0x20, 0x20, 0x20, 0x00, 0x00,
    0x00, 0x00, 0x00, 0x42, 0x42, 0x24, 0x18, 0x08, 0x04, 0x02, 0x02, 0x7E, 0x00, 0x00, 0x00, 0x00,
    0x00, 0x00, 0x00, 0x7E, 0x22, 0x22, 0x24, 0x24, 0x28, 0x20, 0x20, 0x20, 0x20, 0x20, 0x00, 0x00,
    0x00, 0x00, 0x00, 0x7E, 0x02, 0x02, 0x02, 0x02, 0x02, 0x02, 0x02, 0x02, 0x00, 0x00, 0x00, 0x00,
    0x00, 0x00, 0x00, 0x49, 0x49, 0x49, 0x49, 0x49, 0x49, 0x49, 0x49, 0x7F, 0x00, 0x00, 0x00, 0x00,
    0x00, 0x00, 0x00, 0x3E, 0x22, 0x22, 0x22, 0x22, 0x22, 0x22, 0x22, 0x62, 0x00, 0x00, 0x00, 0x00,
    0x00, 0x00, 0x00, 0x00, 0x00, 0x08, 0x10, 0x18, 0x18, 0x00, 0x00, 0x00, 0x00, 0x00, 0x00, 0x00,
    0x00, 0x00, 0x00, 0x00, 0x00, 0x08, 0x10, 0x18, 0x00, 0x18, 0x00, 0x00, 0x00, 0x00, 0x00, 0x00,
    0x00, 0x3E, 0x41, 0x40, 0x20, 0x10, 0x08, 0x08, 0x00, 0x08, 0x00, 0x00, 0x00, 0x00, 0x00, 0x00,
    0x00, 0x00, 0x00, 0x00, 0x00, 0x1C, 0x20, 0x3C, 0x10, 0x20, 0x00, 0x00, 0x00, 0x00, 0x00, 0x00,
    0x00, 0x00, 0x00, 0x00, 0x00, 0x00, 0x00, 0x00, 0xFF, 0x00, 0x00, 0x00, 0x00, 0x00, 0x18, 0x20,
    0x18, 0x20, 0x00, 0x00, 0x00, 0x00, 0x00, 0x00, 0x00, 0x00, 0x00, 0x00, 0x00, 0x00, 0x00, 0x00,
    0x00, 0x00, 0x00, 0x00, 0x10, 0x38, 0x10, 0x00, 0x00, 0x00, 0x00, 0x00, 0x00, 0x00, 0x00, 0x00,
    0x00, 0x20, 0x20, 0x10, 0x10, 0x08, 0x08, 0x04, 0x04, 0x04, 0x00, 0x00, 0x00, 0x00, 0x00, 0x00,
    0x00, 0x22, 0x24, 0x18, 0x10, 0x08, 0x08, 0x04, 0x04, 0x04, 0x00, 0x00, 0x00, 0x00, 0x00, 0x00,
    0x00, 0x49, 0x52, 0x3C, 0x20, 0x10, 0x10, 0x08, 0x08, 0x08, 0x00, 0x00, 0x00, 0x00, 0x00, 0x00,
    0x00, 0x04, 0x08, 0x10, 0x20, 0x18, 0x20, 0x40, 0x42, 0x3C, 0x00, 0x00, 0x00, 0x00, 0x00, 0x00,
    0x00, 0x18, 0x24, 0x24, 0x42, 0x42, 0x42, 0x42, 0x24, 0x18, 0x00, 0x00, 0x00, 0x00, 0x00, 0x00,
    0x00, 0x40, 0x3C, 0x04, 0x04, 0x02, 0x02, 0x02, 0x01, 0x01, 0x00, 0x00, 0x00, 0x00, 0x00, 0x00,
    0x00, 0x41, 0x41, 0x22, 0x22, 0x14, 0x14, 0x08, 0x08, 0x08, 0x00, 0x00, 0x00, 0x00, 0x00, 0x00,
    0x00, 0x08, 0x08, 0x08, 0x14, 0x14, 0x22, 0x22, 0x41, 0x41, 0x00, 0x00, 0x00, 0x00, 0x00, 0x00,
    0x00, 0x18, 0x24, 0x44, 0x4C, 0x34, 0x02, 0x02, 0x01, 0x01, 0x00, 0x00, 0x00, 0x00, 0x00, 0x00,
    0x00, 0x00, 0x00, 0x00, 0x00, 0x00, 0x04, 0x22, 0x42, 0x42, 0x44, 0x38, 0x00, 0x00, 0x00, 0x00,
    0x00, 0x00, 0x00, 0x00, 0x00, 0x00, 0x00, 0x00, 0x3C, 0x00, 0x00, 0x00, 0x00, 0x00, 0x00, 0x00,
    0x00, 0x00, 0x00, 0x00, 0x10, 0x18, 0x24, 0x24, 0x3C, 0x00, 0x00, 0x00, 0x00, 0x00, 0x00, 0x00,
    0x00, 0x00, 0x00, 0x00, 0x10, 0x38, 0x10, 0x00, 0x00, 0x00, 0x00, 0x00, 0x00, 0x00, 0x00, 0x00,
    0x00, 0x20, 0x20, 0x10, 0x10, 0x08, 0x08, 0x04, 0x04, 0x04, 0x00, 0x00, 0x00, 0x00, 0x00, 0x00,
    0x00, 0x22, 0x24, 0x18, 0x10, 0x08, 0x08, 0x04, 0x04, 0x04, 0x00, 0x00, 0x00, 0x00, 0x00, 0x00,
    0x00, 0x49, 0x52, 0x3C, 0x20, 0x10, 0x10, 0x08, 0x08, 0x08, 0x00, 0x00, 0x00, 0x00, 0x00, 0x00,
    0x00, 0x18, 0x24, 0x60, 0x72, 0x2C, 0x20, 0x10, 0x10, 0x10, 0x00, 0x00, 0x00, 0x00, 0x00, 0x00,
    0x00, 0x00, 0x08, 0x08, 0x14, 0x14, 0x22, 0x22, 0x49, 0x55, 0x63, 0x00, 0x00, 0x00, 0x00, 0x00,
    0x00, 0x00, 0x1C, 0x22, 0x20, 0x20, 0x18, 0x06, 0x18, 0x60, 0x00, 0x00, 0x00, 0x00, 0x00, 0x00,
    0x00, 0x41, 0x41, 0x22, 0x22, 0x14, 0x14, 0x08, 0x08, 0x08, 0x00, 0x00, 0x00, 0x00, 0x00, 0x00,
    0x00, 0x08, 0x08, 0x08, 0x14, 0x14, 0x22, 0x22, 0x41, 0x41, 0x00, 0x00, 0x00, 0x00, 0x00, 0x00,
    0x00, 0x18, 0x24, 0x44, 0x4C, 0x34, 0x02, 0x02, 0x01, 0x01, 0x00, 0x00, 0x00, 0x00, 0xFF, 0xE0,
    0xFF, 0xF8, 0xE0, 0x7C, 0xE0, 0x1E, 0xE0, 0x0E, 0xE0, 0x0F, 0xE0, 0x07, 0xE0, 0x07, 0xE0, 0x07,
    0xE0, 0x07, 0xE0, 0x07, 0xE0, 0x07, 0xE0, 0x07, 0xE0, 0x0F, 0xE0, 0x0E, 0xE0, 0x1E, 0xE0, 0x7C,
    0xFF, 0xF8, 0xFF, 0xE0, 0x00, 0x00, 0x03, 0x80, 0x03, 0x80, 0x00, 0x70, 0x07, 0x00, 0x70, 0x07,
    0x00, 0x71, 0xF7, 0x3F, 0xF7, 0x9F, 0x70, 0xFE, 0x07, 0xE0, 0x7E, 0x07, 0xE0, 0x7E, 0x07, 0xE0,
    0x77, 0x0F, 0x79, 0xF3, 0xFF, 0x1F, 0x70, 0x00, 0x07, 0x00, 0x70, 0xE0, 0x0F, 0xC0, 0x1F, 0x80,
    0x3F, 0x00, 0x7E, 0x00, 0xFC, 0x01, 0xF8, 0x03, 0xF0, 0x07, 0xFF, 0xFF, 0xFF, 0xFF, 0x80, 0x3F,
    0x00, 0x7E, 0x00, 0xFC, 0x01, 0xF8, 0x03, 0xF0, 0x07, 0xE0, 0x0F, 0xC0, 0x1F, 0x80, 0x38, 0x00,
    0x00, 0x38, 0x00, 0x70, 0x00, 0xE0, 0x1C, 0x03, 0x80, 0x70, 0x0E, 0x01, 0xDE, 0x3F, 0xF7, 0x8E,
    0xE0, 0xFC, 0x1F, 0x83, 0xF0, 0x7E, 0x0F, 0xC1, 0xF8, 0x3F, 0x07, 0xE0, 0xFC, 0x1F, 0x83, 0x80,
    0x00, 0xE0, 0x1C, 0x00, 0xE0, 0x0E, 0x00, 0xE0, 0x0E, 0x00, 0xE0, 0x0E, 0x00, 0xE0, 0x0E, 0x00,
    0xE0, 0x0E, 0x00, 0xE0, 0x0E, 0x00, 0xE0, 0x0E, 0x00, 0xE0, 0x0E, 0x00, 0xE0, 0x0F, 0xFF, 0xFF,
    0xF0, 0x00, 0x0E, 0x00, 0xE0, 0xFF, 0xFF, 0xFF, 0xFF, 0xFF, 0xFF, 0xFF, 0x8F, 0xC0, 0xFE, 0x0F,
    0xE0, 0x00, 0x0E, 0x00, 0xE0, 0x0E, 0x00, 0xE0, 0x0E, 0x00, 0xE0, 0x0E, 0x00, 0xE0, 0x0E, 0x00,
    0xE0, 0x0E, 0x00, 0xE0, 0x0E, 0x00, 0xE0, 0x0E, 0x00, 0xE0, 0x0E, 0x00, 0xFF, 0xFF, 0xFF, 0x00,
    0x00, 0xE0, 0x0E, 0x00, 0xFF, 0xFC, 0x01, 0xC3, 0x87, 0x0E, 0x1C, 0x38, 0x70, 0xE1, 0xC3, 0x87,
    0x0E, 0x1C, 0x38, 0x70, 0xE1, 0xC3, 0x87, 0x00, 0x1C, 0x38, 0xE0, 0x0E, 0x00, 0xE0, 0x0E, 0x00,
    0xE0, 0x0E, 0x00, 0xE0, 0x0E, 0x00, 0xE0, 0x0E, 0x00, 0xE0, 0x0E, 0x00, 0xE0, 0x0E, 0x00, 0xE0,
    0x0E, 0x00, 0xE0, 0x0F, 0xFF, 0xFF, 0xF0, 0x00, 0x3F, 0x83, 0xF8, 0x38, 0x70, 0xE1, 0xC3, 0x87,
    0x0E, 0x1C, 0x38, 0x70, 0xE1, 0xC3, 0x87, 0x0E, 0x1C, 0x38, 0x70, 0xE0, 0x0F, 0xFF, 0xC0, 0x00,
    0xE0, 0x00, 0x1C, 0x00, 0x00, 0x00, 0x70, 0x00, 0x7F, 0x00, 0x1F, 0xE0, 0x03, 0xFE, 0x00, 0xFF,
    0xC0, 0x1F, 0xFC, 0x07, 0xFD, 0x80, 0xDF, 0xB8, 0x3B, 0xF3, 0x06, 0x7E, 0x71, 0xCF, 0xCE, 0x39,
    0xF8, 0xC6, 0x3F, 0x1D, 0xC7, 0xE3, 0xB8, 0xFC, 0x3E, 0x1F, 0x87, 0xC3, 0xF0, 0x70, 0x7E, 0x0E,
    0x0F, 0xC1, 0xC1, 0xC0, 0x01, 0xC0, 0x00, 0xE0, 0x00, 0x00, 0x1D, 0xE7, 0xCF, 0xFF, 0xF7, 0x9F,
    0x3F, 0x87, 0x0F, 0xC3, 0x87, 0xE1, 0xC3, 0xF0, 0xE1, 0xF8, 0x70, 0xFC, 0x38, 0x7E, 0x1C, 0x3F,
    0x0E, 0x1F, 0x87, 0x0F, 0xC3, 0x87, 0xE1, 0xC3, 0x80, 0xE0, 0x00, 0xFE, 0x00, 0x3F, 0xC0, 0x07,
    0xFC, 0x01, 0xFF, 0x80, 0x3F, 0xF8, 0x0F, 0xFB, 0x01, 0xBF, 0x70, 0x77, 0xE6, 0x0C, 0xFC, 0xE3,
    0x9F, 0x9C, 0x73, 0xF1, 0x8C, 0x7E, 0x3B, 0x8F, 0xC7, 0x71, 0xF8, 0x7C, 0x3F, 0x0F, 0x87, 0xE0,
    0xE0, 0xFC, 0x1C, 0x1F, 0x83, 0x83, 0x80, 0x00, 0x00, 0x0E, 0x00, 0x01, 0xC0, 0x00, 0xEF, 0x3E,
    0x7F, 0xFF, 0xBC, 0xF9, 0xFC, 0x38, 0x7E, 0x1C, 0x3F, 0x0E, 0x1F, 0x87, 0x0F, 0xC3, 0x87, 0xE1,
    0xC3, 0xF0, 0xE1, 0xF8, 0x70, 0xFC, 0x38, 0x7E, 0x1C, 0x3F, 0x0E, 0x1C, 0x00, 0x00, 0x03, 0x80,
    0x01, 0xC0, 0x00, 0x03, 0x80, 0x07, 0x00, 0x00, 0x07, 0x00, 0x7F, 0x00, 0xFE, 0x01, 0xFE, 0x03,
    0xFC, 0x07, 0xFC, 0x0F, 0xDC, 0x1F, 0xB8, 0x3F, 0x38, 0x7E, 0x38, 0xFC, 0x71, 0xF8, 0x73, 0xF0,
    0x67, 0xE0, 0xEF, 0xC0, 0xFF, 0x80, 0xFF, 0x01, 0xFE, 0x01, 0xFC, 0x01, 0xC0, 0x0E, 0x01, 0xC0,
    0x00, 0x77, 0xCF, 0xFD, 0xE3, 0xB8, 0x3F, 0x07, 0xE0, 0xFC, 0x1F, 0x83, 0xF0, 0x7E, 0x0F, 0xC1,
    0xF8, 0x3F, 0x07, 0xE0, 0xE0, 0xE0, 0x0F, 0xE0, 0x1F, 0xC0, 0x3F, 0xC0, 0x7F, 0x80, 0xFF, 0x81,
    0xFB, 0x83, 0xF7, 0x07, 0xE7, 0x0F, 0xC7, 0x1F, 0x8E, 0x3F, 0x0E, 0x7E, 0x0C, 0xFC, 0x1D, 0xF8,
    0x1F, 0xF0, 0x1F, 0xE0, 0x3F, 0xC0, 0x3F, 0x80, 0x38, 0x00, 0x00, 0x38, 0x00, 0x70, 0x00, 0xEF,
    0x9F, 0xFB, 0xC7, 0x70, 0x7E, 0x0F, 0xC1, 0xF8, 0x3F, 0x07, 0xE0, 0xFC, 0x1F, 0x83, 0xF0, 0x7E,
    0x0F, 0xC1, 0xC0, 0x00, 0x70, 0x0E, 0x00, 0xE0, 0x0F, 0xE0, 0x1F, 0xC0, 0x3F, 0xC0, 0x7F, 0x80,
    0xFF, 0x81, 0xFB, 0x83, 0xF7, 0x07, 0xE7, 0x0F, 0xC7, 0x1F, 0x8E, 0x3F, 0x0E, 0x7E, 0x0C, 0xFC,
    0x1D, 0xF8, 0x1F, 0xF0, 0x1F, 0xE0, 0x3F, 0xC0, 0x3F, 0x80, 0x38, 0x00, 0x00, 0xFE, 0x01, 0xFC,
    0x00, 0xEF, 0x9F, 0xFB, 0xC7, 0x70, 0x7E, 0x0F, 0xC1, 0xF8, 0x3F, 0x07, 0xE0, 0xFC, 0x1F, 0x83,
    0xF0, 0x7E, 0x0F, 0xC1, 0xC0, 0x01, 0xFC, 0x3F, 0x80, 0xFF, 0xE3, 0xFF, 0xEE, 0x03, 0xB8, 0x07,
    0xE0, 0x1F, 0x80, 0x7E, 0x01, 0xF8, 0x0E, 0xFF, 0xFB, 0xFF, 0xCE, 0x07, 0xB8, 0x0E, 0xE0, 0x1F,
    0x80, 0x7E, 0x01, 0xF8, 0x07, 0xE0, 0x1F, 0x80, 0x7E, 0x01, 0xC0, 0x00, 0x03, 0x80, 0x0E, 0x00,
    0xEF, 0xFF, 0xFF, 0x8E, 0x1C, 0x38, 0x70, 0xE1, 0xC3, 0x87, 0x0E, 0x1C, 0x00, 0x38, 0x70, 0x1F,
    0xC0, 0x7F, 0x00, 0x00, 0x3F, 0xF8, 0xFF, 0xFB, 0x80, 0xEE, 0x01, 0xF8, 0x07, 0xE0, 0x1F, 0x80,
    0x7E, 0x03, 0xBF, 0xFE, 0xFF, 0xF3, 0x81, 0xEE, 0x03, 0xB8, 0x07, 0xE0, 0x1F, 0x80, 0x7E, 0x01,
    0xF8, 0x07, 0xE0, 0x1F, 0x80, 0x70, 0x00, 0x00, 0xE0, 0x03, 0x80, 0xFF, 0xFC, 0x07, 0x7F, 0xFF,
    0xFC, 0x70, 0xE1, 0xC3, 0x87, 0x0E, 0x1C, 0x38, 0x70, 0xE0, 0x01, 0xC3, 0x80, 0xFF, 0xE3, 0xFF,
    0xEE, 0x03, 0xB8, 0x07, 0xE0, 0x1F, 0x80, 0x7E, 0x01, 0xF8, 0x0E, 0xFF, 0xFB, 0xFF, 0xCE, 0x07,
    0xB8, 0x0E, 0xE0, 0x1F, 0x80, 0x7E, 0x01, 0xF8, 0x07, 0xE0, 0x1F, 0x80, 0x7E, 0x01, 0xC0, 0x00,
    0x0F, 0xE0, 0x3F, 0x80, 0x77, 0x7F, 0x7F, 0x78, 0x70, 0x70, 0x70, 0x70, 0x70, 0x70, 0x70, 0x70,
    0x70, 0x70, 0x00, 0xFE, 0xFE, 0x0F, 0xC0, 0xFF, 0xC7, 0x8F, 0xBC, 0x0E, 0xE0, 0x3B, 0x80, 0x0F,
    0x00, 0x1F, 0x00, 0x3F, 0xC0, 0x1F, 0xC0, 0x0F, 0x80, 0x0F, 0x00, 0x1F, 0x80, 0x7E, 0x01, 0xF8,
    0x0F, 0xF8, 0xF9, 0xFF, 0xC1, 0xFC, 0x00, 0x00, 0x07, 0x00, 0x1C, 0x00, 0x3F, 0x0F, 0xF3, 0xCF,
    0x70, 0xEE, 0x01, 0xF8, 0x1F, 0xE0, 0x7E, 0x01, 0xFC, 0x1F, 0x83, 0xF8, 0xF7, 0xFC, 0x7F, 0x00,
    0x00, 0x70, 0x0E, 0x00, 0xFF, 0xFF, 0xFF, 0xFC, 0x0E, 0x00, 0x1C, 0x00, 0x38, 0x00, 0x70, 0x00,
    0xE0, 0x01, 0xC0, 0x03, 0x80, 0x07, 0x00, 0x0E, 0x00, 0x1C, 0x00, 0x38, 0x00, 0x70, 0x00, 0xE0,
    0x01, 0xC0, 0x03, 0x80, 0x07, 0x00, 0x0E, 0x00, 0x00, 0x00, 0x38, 0x00, 0x70, 0x00, 0x38, 0x70,
    0xE1, 0xCF, 0xFF, 0xCE, 0x1C, 0x38, 0x70, 0xE1, 0xC3, 0x87, 0x0E, 0x1C, 0x3E, 0x3C, 0x01, 0xC3,
    0x80, 0x03, 0xC0, 0x03, 0xC0, 0x07, 0xE0, 0x07, 0xE0, 0x0E, 0x60, 0x0E, 0x70, 0x0E, 0x70, 0x1C,
    0x38, 0x1C, 0x38, 0x1C, 0x38, 0x38, 0x1C, 0x38, 0x1C, 0x3F, 0xFC, 0x7F, 0xFE, 0x70, 0x0E, 0x70,
    0x0E, 0xE0, 0x07, 0xE0, 0x07, 0xE0, 0x07, 0x00, 0x00, 0x01, 0xC0, 0x01, 0xC0, 0x1F, 0x83, 0xFC,
    0x71, 0xE7, 0x0E, 0x00, 0xE0, 0x7E, 0x3F, 0xE7, 0xCE, 0xF0, 0xEE, 0x0E, 0xE1, 0xEF, 0x3E, 0x7F,
    0xF3, 0xE7, 0x00, 0x00, 0x70, 0x07, 0x00, 0x40, 0x20, 0x20, 0x40, 0x18, 0x24, 0x24, 0x42, 0x42,
    0x7E, 0x42, 0x42, 0x42, 0x42, 0x00, 0x00, 0x00, 0x08, 0x04, 0x04, 0x08, 0x00, 0x3C, 0x42, 0x02,
    0x3E, 0x42, 0x42, 0x46, 0x3A, 0x00, 0x00, 0x00, 0x70, 0x00, 0xE0, 0x01, 0xC0, 0x03, 0x80, 0x00,
    0x00, 0x01, 0xC0, 0x03, 0xE0, 0x07, 0x70, 0x0E, 0x38, 0x00, 0x00, 0x03, 0xC0, 0x03, 0xC0, 0x07,
    0xE0, 0x07, 0xE0, 0x0E, 0x60, 0x0E, 0x70, 0x0E, 0x70, 0x1C, 0x38, 0x1C, 0x38, 0x1C, 0x38, 0x38,
    0x1C, 0x38, 0x1C, 0x3F, 0xFC, 0x7F, 0xFE, 0x70, 0x0E, 0x70, 0x0E, 0xE0, 0x07, 0xE0, 0x07, 0xE0,
    0x07, 0x01, 0xC0, 0x38, 0x07, 0x00, 0xE0, 0x00, 0x00, 0x70, 0x0F, 0x81, 0xDC, 0x38, 0xE0, 0x00,
    0x1F, 0x83, 0xFC, 0x71, 0xE7, 0x0E, 0x00, 0xE0, 0x7E, 0x3F, 0xE7, 0xCE, 0xF0, 0xEE, 0x0E, 0xE1,
    0xEF, 0x3E, 0x7F, 0xF3, 0xE7, 0x07, 0x00, 0x03, 0x80, 0x01, 0xC0, 0x00, 0xE0, 0x00, 0x00, 0x01,
    0xC0, 0x03, 0xE0, 0x07, 0x70, 0x0E, 0x38, 0x00, 0x00, 0x03, 0xC0, 0x03, 0xC0, 0x07, 0xE0, 0x07,
    0xE0, 0x0E, 0x60, 0x0E, 0x70, 0x0E, 0x70, 0x1C, 0x38, 0x1C, 0x38, 0x1C, 0x38, 0x38, 0x1C, 0x38,
    0x1C, 0x3F, 0xFC, 0x7F, 0xFE, 0x70, 0x0E, 0x70, 0x0E, 0xE0, 0x07, 0xE0, 0x07, 0xE0, 0x07, 0x1C,
    0x00, 0xE0, 0x07, 0x00, 0x38, 0x00, 0x00, 0x70, 0x0F, 0x81, 0xDC, 0x38, 0xE0, 0x00, 0x1F, 0x83,
    0xFC, 0x71, 0xE7, 0x0E, 0x00, 0xE0, 0x7E, 0x3F, 0xE7, 0xCE, 0xF0, 0xEE, 0x0E, 0xE1, 0xEF, 0x3E,
    0x7F, 0xF3, 0xE7, 0x04, 0x02, 0x14, 0x28, 0x54, 0x28, 0x28, 0x44, 0x44, 0x7C, 0x44, 0x44, 0x44,
    0x44, 0x00, 0x00, 0x02, 0x01, 0x0A, 0x14, 0x22, 0x00, 0x3C, 0x42, 0x02, 0x3E, 0x42, 0x42, 0x46,
    0x3A, 0x00, 0x00, 0x07, 0x98, 0x0F, 0xF8, 0x0C, 0xF0, 0x00, 0x00, 0x01, 0xC0, 0x03, 0xE0, 0x07,
    0x70, 0x0E, 0x38, 0x00, 0x00, 0x03, 0xC0, 0x03, 0xC0, 0x07, 0xE0, 0x07, 0xE0, 0x0E, 0x60, 0x0E,
    0x70, 0x0E, 0x70, 0x1C, 0x38, 0x1C, 0x38, 0x1C, 0x38, 0x38, 0x1C, 0x38, 0x1C, 0x3F, 0xFC, 0x7F,
    0xFE, 0x70, 0x0E, 0x70, 0x0E, 0xE0, 0x07, 0xE0, 0x07, 0xE0, 0x07, 0x1E, 0x63, 0xFE, 0x33, 0xC0,
    0x00, 0x07, 0x00, 0xF8, 0x1D, 0xC3, 0x8E, 0x00, 0x01, 0xF8, 0x3F, 0xC7, 0x1E, 0x70, 0xE0, 0x0E,
    0x07, 0xE3, 0xFE, 0x7C, 0xEF, 0x0E, 0xE0, 0xEE, 0x1E, 0xF3, 0xE7, 0xFF, 0x3E, 0x70, 0x03, 0x80,
    0x07, 0xC0, 0x0E, 0xE0, 0x1C, 0x70, 0x00, 0x00, 0x03, 0xC0, 0x03, 0xC0, 0x07, 0xE0, 0x07, 0xE0,
    0x0E, 0x60, 0x0E, 0x70, 0x0E, 0x70, 0x1C, 0x38, 0x1C, 0x38, 0x1C, 0x38, 0x38, 0x1C, 0x38, 0x1C,
    0x3F, 0xFC, 0x7F, 0xFE, 0x70, 0x0E, 0x70, 0x0E, 0xE0, 0x07, 0xE0, 0x07, 0xE0, 0x07, 0x00, 0x00,
    0x01, 0xC0, 0x01, 0xC0, 0x07, 0x00, 0xF8, 0x1D, 0xC3, 0x8E, 0x00, 0x01, 0xF8, 0x3F, 0xC7, 0x1E,
    0x70, 0xE0, 0x0E, 0x07, 0xE3, 0xFE, 0x7C, 0xEF, 0x0E, 0xE0, 0xEE, 0x1E, 0xF3, 0xE7, 0xFF, 0x3E,
    0x70, 0x00, 0x07, 0x00, 0x70, 0x00, 0xE0, 0x01, 0xC0, 0x03, 0x80, 0x07, 0x00, 0x00, 0x00, 0x18,
    0x30, 0x1C, 0x70, 0x0F, 0xE0, 0x07, 0xC0, 0x00, 0x00, 0x03, 0xC0, 0x03, 0xC0, 0x07, 0xE0, 0x07,
    0xE0, 0x0E, 0x60, 0x0E, 0x70, 0x0E, 0x70, 0x1C, 0x38, 0x1C, 0x38, 0x1C, 0x38, 0x38, 0x1C, 0x38,
    0x1C, 0x3F, 0xFC, 0x7F, 0xFE, 0x70, 0x0E, 0x70, 0x0E, 0xE0, 0x07, 0xE0, 0x07, 0xE0, 0x07, 0x01,
    0xC0, 0x38, 0x07, 0x00, 0xE0, 0x00, 0x03, 0x06, 0x38, 0xE1, 0xFC, 0x0F, 0x80, 0x00, 0x1F, 0x83,
    0xFC, 0x71, 0xE7, 0x0E, 0x00, 0xE0, 0x7E, 0x3F, 0xE7, 0xCE, 0xF0, 0xEE, 0x0E, 0xE1, 0xEF, 0x3E,
    0x7F, 0xF3, 0xE7, 0x0E, 0x00, 0x07, 0x00, 0x03, 0x80, 0x01, 0xC0, 0x00, 0x00, 0x18, 0x30, 0x1C,
    0x70, 0x0F, 0xE0, 0x07, 0xC0, 0x00, 0x00, 0x03, 0xC0, 0x03, 0xC0, 0x07, 0xE0, 0x07, 0xE0, 0x0E,
    0x60, 0x0E, 0x70, 0x0E, 0x70, 0x1C, 0x38, 0x1C, 0x38, 0x1C, 0x38, 0x38, 0x1C, 0x38, 0x1C, 0x3F,
    0xFC, 0x7F, 0xFE, 0x70, 0x0E, 0x70, 0x0E, 0xE0, 0x07, 0xE0, 0x07, 0xE0, 0x07, 0x1C, 0x00, 0xE0,
    0x07, 0x00, 0x38, 0x00, 0x03, 0x06, 0x38, 0xE1, 0xFC, 0x0F, 0x80, 0x00, 0x1F, 0x83, 0xFC, 0x71,
    0xE7, 0x0E, 0x00, 0xE0, 0x7E, 0x3F, 0xE7, 0xCE, 0xF0, 0xEE, 0x0E, 0xE1, 0xEF, 0x3E, 0x7F, 0xF3,
    0xE7, 0x10, 0x08, 0xB2, 0x7C, 0x10, 0x28, 0x28, 0x44, 0x44, 0x7C, 0x44, 0x44, 0x44, 0x44, 0x00,
    0x00, 0x08, 0x08, 0x10, 0x44, 0x38, 0x00, 0x3C, 0x42, 0x02, 0x3E, 0x42, 0x42, 0x46, 0x3A, 0x00,
    0x00, 0x0F, 0x30, 0x1F, 0xF0, 0x19, 0xE0, 0x00, 0x00, 0x18, 0x30, 0x1C, 0x70, 0x0F, 0xE0, 0x07,
    0xC0, 0x00, 0x00, 0x03, 0xC0, 0x03, 0xC0, 0x07, 0xE0, 0x07, 0xE0, 0x0E, 0x60, 0x0E, 0x70, 0x0E,
    0x70, 0x1C, 0x38, 0x1C, 0x38, 0x1C, 0x38, 0x38, 0x1C, 0x38, 0x1C, 0x3F, 0xFC, 0x7F, 0xFE, 0x70,
    0x0E, 0x70, 0x0E, 0xE0, 0x07, 0xE0, 0x07, 0xE0, 0x07, 0x1E, 0x63, 0xFE, 0x33, 0xC0, 0x00, 0x30,
    0x63, 0x8E, 0x1F, 0xC0, 0xF8, 0x00, 0x01, 0xF8, 0x3F, 0xC7, 0x1E, 0x70, 0xE0, 0x0E, 0x07, 0xE3,
    0xFE, 0x7C, 0xEF, 0x0E, 0xE0, 0xEE, 0x1E, 0xF3, 0xE7, 0xFF, 0x3E, 0x70, 0x18, 0x30, 0x1C, 0x70,
    0x0F, 0xE0, 0x07, 0xC0, 0x00, 0x00, 0x03, 0xC0, 0x03, 0xC0, 0x07, 0xE0, 0x07, 0xE0, 0x0E, 0x60,
    0x0E, 0x70, 0x0E, 0x70, 0x1C, 0x38, 0x1C, 0x38, 0x1C, 0x38, 0x38, 0x1C, 0x38, 0x1C, 0x3F, 0xFC,
    0x7F, 0xFE, 0x70, 0x0E, 0x70, 0x0E, 0xE0, 0x07, 0xE0, 0x07, 0xE0, 0x07, 0x00, 0x00, 0x01, 0xC0,
    0x01, 0xC0, 0x30, 0x63, 0x8E, 0x1F, 0xC0, 0xF8, 0x00, 0x01, 0xF8, 0x3F, 0xC7, 0x1E, 0x70, 0xE0,
    0x0E, 0x07, 0xE3, 0xFE, 0x7C, 0xEF, 0x0E, 0xE0, 0xEE, 0x1E, 0xF3, 0xE7, 0xFF, 0x3E, 0x70, 0x00,
    0x07, 0x00, 0x70, 0xFF, 0xF7, 0xFF, 0xB8, 0x01, 0xC0, 0x0E, 0x00, 0x70, 0x03, 0x80, 0x1C, 0x00,
    0xFF, 0xE7, 0xFF, 0x38, 0x01, 0xC0, 0x0E, 0x00, 0x70, 0x03, 0x80, 0x1C, 0x00, 0xE0, 0x07, 0xFF,
    0xFF, 0xFE, 0x00, 0x00, 0xE0, 0x07, 0x00, 0x0F, 0x03, 0xFC, 0x79, 0xE7, 0x0E, 0xE0, 0x7E, 0x07,
    0xFF, 0xFF, 0xFF, 0xE0, 0x0E, 0x00, 0x70, 0x77, 0x8F, 0x3F, 0xE0, 0xF8, 0x00, 0x00, 0x70, 0x07,
    0x00, 0x10, 0x08, 0x08, 0x10, 0x7E, 0x40, 0x40, 0x40, 0x7C, 0x40, 0x40, 0x40, 0x40, 0x7E, 0x00,
    0x00, 0x10, 0x08, 0x08, 0x10, 0x00, 0x00, 0x3C, 0x42, 0x42, 0x7E, 0x40, 0x40, 0x42, 0x3C, 0x00,
    0x00, 0x3C, 0xC3, 0xFE, 0x19, 0xE0, 0x00, 0x0F, 0xFF, 0x7F, 0xFB, 0x80, 0x1C, 0x00, 0xE0, 0x07,
    0x00, 0x38, 0x01, 0xC0, 0x0F, 0xFE, 0x7F, 0xF3, 0x80, 0x1C, 0x00, 0xE0, 0x07, 0x00, 0x38, 0x01,
    0xC0, 0x0E, 0x00, 0x7F, 0xFF, 0xFF, 0xE0, 0x1E, 0x63, 0xFE, 0x33, 0xC0, 0x00, 0x0F, 0x03, 0xFC,
    0x79, 0xE7, 0x0E, 0xE0, 0x7E, 0x07, 0xFF, 0xFF, 0xFF, 0xE0, 0x0E, 0x00, 0x70, 0x77, 0x8F, 0x3F,
    0xE0, 0xF8, 0x01, 0xC0, 0x1C, 0x01, 0xC0, 0x1C, 0x00, 0x00, 0x03, 0x80, 0x3E, 0x03, 0xB8, 0x38,
    0xE0, 0x00, 0x3F, 0xFD, 0xFF, 0xEE, 0x00, 0x70, 0x03, 0x80, 0x1C, 0x00, 0xE0, 0x07, 0x00, 0x3F,
    0xF9, 0xFF, 0xCE, 0x00, 0x70, 0x03, 0x80, 0x1C, 0x00, 0xE0, 0x07, 0x00, 0x38, 0x01, 0xFF, 0xFF,
    0xFF, 0x80, 0x01, 0xC0, 0x38, 0x07, 0x00, 0xE0, 0x00, 0x00, 0x70, 0x0F, 0x81, 0xDC, 0x38, 0xE0,
    0x00, 0x0F, 0x03, 0xFC, 0x79, 0xE7, 0x0E, 0xE0, 0x7E, 0x07, 0xFF, 0xFF, 0xFF, 0xE0, 0x0E, 0x00,
    0x70, 0x77, 0x8F, 0x3F, 0xE0, 0xF8, 0x1C, 0x00, 0x70, 0x01, 0xC0, 0x07, 0x00, 0x00, 0x03, 0x80,
    0x3E, 0x03, 0xB8, 0x38, 0xE0, 0x00, 0x3F, 0xFD, 0xFF, 0xEE, 0x00, 0x70, 0x03, 0x80, 0x1C, 0x00,
    0xE0, 0x07, 0x00, 0x3F, 0xF9, 0xFF, 0xCE, 0x00, 0x70, 0x03, 0x80, 0x1C, 0x00, 0xE0, 0x07, 0x00,
    0x38, 0x01, 0xFF, 0xFF, 0xFF, 0x80, 0x1C, 0x00, 0xE0, 0x07, 0x00, 0x38, 0x00, 0x00, 0x70, 0x0F,
    0x81, 0xDC, 0x38, 0xE0, 0x00, 0x0F, 0x03, 0xFC, 0x79, 0xE7, 0x0E, 0xE0, 0x7E, 0x07, 0xFF, 0xFF,
    0xFF, 0xE0, 0x0E, 0x00, 0x70, 0x77, 0x8F, 0x3F, 0xE0, 0xF8, 0x04, 0x12, 0x2A, 0x44, 0x7E, 0x40,
    0x40, 0x40, 0x7C, 0x40, 0x40, 0x40, 0x40, 0x7E, 0x00, 0x00, 0x04, 0x02, 0x12, 0x2C, 0x44, 0x00,
    0x3C, 0x42, 0x42, 0x7E, 0x40, 0x40, 0x42, 0x3C, 0x00, 0x00, 0x1E, 0x61, 0xFF, 0x0C, 0xF0, 0x00,
    0x00, 0x70, 0x07, 0xC0, 0x77, 0x07, 0x1C, 0x00, 0x07, 0xFF, 0xBF, 0xFD, 0xC0, 0x0E, 0x00, 0x70,
    0x03, 0x80, 0x1C, 0x00, 0xE0, 0x07, 0xFF, 0x3F, 0xF9, 0xC0, 0x0E, 0x00, 0x70, 0x03, 0x80, 0x1C,
    0x00, 0xE0, 0x07, 0x00, 0x3F, 0xFF, 0xFF, 0xF0, 0x1E, 0x63, 0xFE, 0x33, 0xC0, 0x00, 0x07, 0x00,
    0xF8, 0x1D, 0xC3, 0x8E, 0x00, 0x00, 0xF0, 0x3F, 0xC7, 0x9E, 0x70, 0xEE, 0x07, 0xE0, 0x7F, 0xFF,
    0xFF, 0xFE, 0x00, 0xE0, 0x07, 0x07, 0x78, 0xF3, 0xFE, 0x0F, 0x80, 0x0E, 0x00, 0xF8, 0x0E, 0xE0,
    0xE3, 0x80, 0x00, 0x7F, 0xFB, 0xFF, 0xDC, 0x00, 0xE0, 0x07, 0x00, 0x38, 0x01, 0xC0, 0x0E, 0x00,
    0x7F, 0xF3, 0xFF, 0x9C, 0x00, 0xE0, 0x07, 0x00, 0x38, 0x01, 0xC0, 0x0E, 0x00, 0x70, 0x03, 0xFF,
    0xFF, 0xFF, 0x00, 0x00, 0x70, 0x03, 0x80, 0x07, 0x00, 0xF8, 0x1D, 0xC3, 0x8E, 0x00, 0x00, 0xF0,
    0x3F, 0xC7, 0x9E, 0x70, 0xEE, 0x07, 0xE0, 0x7F, 0xFF, 0xFF, 0xFE, 0x00, 0xE0, 0x07, 0x07, 0x78,
    0xF3, 0xFE, 0x0F, 0x80, 0x00, 0x07, 0x00, 0x70, 0x08, 0x04, 0x04, 0x08, 0x3E, 0x08, 0x08, 0x08,
    0x08, 0x08, 0x08, 0x08, 0x08, 0x3E, 0x00, 0x00, 0x00, 0x10, 0x08, 0x08, 0x10, 0x00, 0x18, 0x08,
    0x08, 0x08, 0x08, 0x08, 0x08, 0x3E, 0x00, 0x00, 0xFF, 0xFF, 0xFF, 0xFF, 0xFF, 0xFF, 0xFF, 0x8F,
    0xC0, 0xFF, 0x81, 0xFF, 0xFF, 0xFF, 0xFF, 0xFF, 0x8F, 0xC0, 0x07, 0xF0, 0x0F, 0xFE, 0x0F, 0x8F,
    0x8F, 0x01, 0xE7, 0x00, 0x77, 0x80, 0x3F, 0x80, 0x0F, 0xC0, 0x07, 0xE0, 0x03, 0xF0, 0x01, 0xF8,
    0x00, 0xFC, 0x00, 0x7E, 0x00, 0x3F, 0x80, 0x3D, 0xC0, 0x1C, 0xF0, 0x1E, 0x3E, 0x3E, 0x0F, 0xFE,
    0x01, 0xFC, 0x00, 0x00, 0x00, 0x1C, 0x00, 0x0E, 0x00, 0x0F, 0x03, 0xFC, 0x79, 0xE7, 0x0E, 0xE0,
    0x7E, 0x07, 0xE0, 0x7E, 0x07, 0xE0, 0x7E, 0x07, 0x70, 0xE7, 0x9E, 0x3F, 0xC0, 0xF0, 0x00, 0x00,
    0x70, 0x07, 0x00, 0x10, 0x08, 0x08, 0x10, 0x3C, 0x42, 0x42, 0x42, 0x42, 0x42, 0x42, 0x42, 0x42,
    0x3C, 0x00, 0x00, 0x00, 0x10, 0x08, 0x08, 0x10, 0x00, 0x3C, 0x42, 0x42, 0x42, 0x42, 0x42, 0x42,
    0x3C, 0x00, 0x00, 0x00, 0x70, 0x00, 0x70, 0x00, 0x70, 0x00, 0x70, 0x00, 0x00, 0x00, 0x0E, 0x00,
    0x0F, 0x80, 0x0E, 0xE0, 0x0E, 0x38, 0x00, 0x00, 0x01, 0xFC, 0x03, 0xFF, 0x83, 0xE3, 0xE3, 0xC0,
    0x79, 0xC0, 0x1D, 0xE0, 0x0F, 0xE0, 0x03, 0xF0, 0x01, 0xF8, 0x00, 0xFC, 0x00, 0x7E, 0x00, 0x3F,
    0x00, 0x1F, 0x80, 0x0F, 0xE0, 0x0F, 0x70, 0x07, 0x3C, 0x07, 0x8F, 0x8F, 0x83, 0xFF, 0x80, 0x7F,
    0x00, 0x03, 0x80, 0x70, 0x0E, 0x01, 0xC0, 0x00, 0x00, 0xE0, 0x1F, 0x03, 0xB8, 0x71, 0xC0, 0x00,
    0x0F, 0x03, 0xFC, 0x79, 0xE7, 0x0E, 0xE0, 0x7E, 0x07, 0xE0, 0x7E, 0x07, 0xE0, 0x7E, 0x07, 0x70,
    0xE7, 0x9E, 0x3F, 0xC0, 0xF0, 0x07, 0x00, 0x01, 0xC0, 0x00, 0x70, 0x00, 0x1C, 0x00, 0x00, 0x00,
    0x0E, 0x00, 0x0F, 0x80, 0x0E, 0xE0, 0x0E, 0x38, 0x00, 0x00, 0x01, 0xFC, 0x03, 0xFF, 0x83, 0xE3,
    0xE3, 0xC0, 0x79, 0xC0, 0x1D, 0xE0, 0x0F, 0xE0, 0x03, 0xF0, 0x01, 0xF8, 0x00, 0xFC, 0x00, 0x7E,
    0x00, 0x3F, 0x00, 0x1F, 0x80, 0x0F, 0xE0, 0x0F, 0x70, 0x07, 0x3C, 0x07, 0x8F, 0x8F, 0x83, 0xFF,
    0x80, 0x7F, 0x00, 0x38, 0x01, 0xC0, 0x0E, 0x00, 0x70, 0x00, 0x00, 0xE0, 0x1F, 0x03, 0xB8, 0x71,
    0xC0, 0x00, 0x0F, 0x03, 0xFC, 0x79, 0xE7, 0x0E, 0xE0, 0x7E, 0x07, 0xE0, 0x7E, 0x07, 0xE0, 0x7E,
    0x07, 0x70, 0xE7, 0x9E, 0x3F, 0xC0, 0xF0, 0x04, 0x12, 0x2A, 0x44, 0x3C, 0x42, 0x42, 0x42, 0x42,
    0x42, 0x42, 0x42, 0x42, 0x3C, 0x00, 0x00, 0x04, 0x02, 0x12, 0x2C, 0x44, 0x00, 0x3C, 0x42, 0x42,
    0x42, 0x42, 0x42, 0x42, 0x3C, 0x00, 0x00, 0x07, 0x98, 0x07, 0xFC, 0x03, 0x3C, 0x00, 0x00, 0x00,
    0x1C, 0x00, 0x1F, 0x00, 0x1D, 0xC0, 0x1C, 0x70, 0x00, 0x00, 0x03, 0xF8, 0x07, 0xFF, 0x07, 0xC7,
    0xC7, 0x80, 0xF3, 0x80, 0x3B, 0xC0, 0x1F, 0xC0, 0x07, 0xE0, 0x03, 0xF0, 0x01, 0xF8, 0x00, 0xFC,
    0x00, 0x7E, 0x00, 0x3F, 0x00, 0x1F, 0xC0, 0x1E, 0xE0, 0x0E, 0x78, 0x0F, 0x1F, 0x1F, 0x07, 0xFF,
    0x00, 0xFE, 0x00, 0x3C, 0xC7, 0xFC, 0x67, 0x80, 0x00, 0x0E, 0x01, 0xF0, 0x3B, 0x87, 0x1C, 0x00,
    0x00, 0xF0, 0x3F, 0xC7, 0x9E, 0x70, 0xEE, 0x07, 0xE0, 0x7E, 0x07, 0xE0, 0x7E, 0x07, 0xE0, 0x77,
    0x0E, 0x79, 0xE3, 0xFC, 0x0F, 0x00, 0x01, 0xC0, 0x01, 0xF0, 0x01, 0xDC, 0x01, 0xC7, 0x00, 0x00,
    0x00, 0x3F, 0x80, 0x7F, 0xF0, 0x7C, 0x7C, 0x78, 0x0F, 0x38, 0x03, 0xBC, 0x01, 0xFC, 0x00, 0x7E,
    0x00, 0x3F, 0x00, 0x1F, 0x80, 0x0F, 0xC0, 0x07, 0xE0, 0x03, 0xF0, 0x01, 0xFC, 0x01, 0xEE, 0x00,
    0xE7, 0x80, 0xF1, 0xF1, 0xF0, 0x7F, 0xF0, 0x0F, 0xE0, 0x00, 0x00, 0x00, 0xE0, 0x00, 0x70, 0x00,
    0x07, 0x00, 0xF8, 0x1D, 0xC3, 0x8E, 0x00, 0x00, 0xF0, 0x3F, 0xC7, 0x9E, 0x70, 0xEE, 0x07, 0xE0,
    0x7E, 0x07, 0xE0, 0x7E, 0x07, 0xE0, 0x77, 0x0E, 0x79, 0xE3, 0xFC, 0x0F, 0x00, 0x00, 0x07, 0x00,
    0x70, 0x00, 0x1C, 0x00, 0x0E, 0x00, 0x07, 0x00, 0x03, 0x80, 0x00, 0x00, 0x01, 0xFC, 0x71, 0xFF,
    0xDC, 0xF8, 0xFF, 0x78, 0x0F, 0xDC, 0x01, 0xFF, 0x00, 0x7B, 0x80, 0x0E, 0xE0, 0x03, 0xB8, 0x00,
    0xEE, 0x00, 0x3B, 0x80, 0x0E, 0xE0, 0x03, 0xB8, 0x00, 0xEF, 0x00, 0x79, 0xC0, 0x1C, 0x78, 0x0F,
    0x0F, 0x8F, 0x81, 0xFF, 0xC0, 0x1F, 0xC0, 0x00, 0xE0, 0x07, 0x00, 0x38, 0x01, 0xC0, 0x00, 0x00,
    0x3C, 0x73, 0xFD, 0xDE, 0x7F, 0x70, 0xEF, 0x81, 0xFE, 0x07, 0xB8, 0x1C, 0xE0, 0x73, 0x81, 0xCE,
    0x07, 0x1C, 0x38, 0x79, 0xE0, 0xFF, 0x00, 0xF0, 0x00, 0x03, 0x80, 0x00, 0x70, 0x00, 0x0E, 0x00,
    0x01, 0xC0, 0x00, 0x00, 0x01, 0xFC, 0x71, 0xFF, 0xDC, 0xF8, 0xFF, 0x78, 0x0F, 0xDC, 0x01, 0xFF,
    0x00, 0x7B, 0x80, 0x0E, 0xE0, 0x03, 0xB8, 0x00, 0xEE, 0x00, 0x3B, 0x80, 0x0E, 0xE0, 0x03, 0xB8,
    0x00, 0xEF, 0x00, 0x79, 0xC0, 0x1C, 0x78, 0x0F, 0x0F, 0x8F, 0x81, 0xFF, 0xC0, 0x1F, 0xC0, 0x0E,
    0x00, 0x1C, 0x00, 0x38, 0x00, 0x70, 0x00, 0x00, 0x3C, 0x73, 0xFD, 0xDE, 0x7F, 0x70, 0xEF, 0x81,
    0xFE, 0x07, 0xB8, 0x1C, 0xE0, 0x73, 0x81, 0xCE, 0x07, 0x1C, 0x38, 0x79, 0xE0, 0xFF, 0x00, 0xF0,
    0x00, 0x10, 0x08, 0x0A, 0x11, 0x39, 0x46, 0x44, 0x44, 0x44, 0x44, 0x44, 0x44, 0x44, 0x38, 0x00,
    0x00, 0x00, 0x10, 0x08, 0x08, 0x12, 0x01, 0x39, 0x46, 0x44, 0x44, 0x44, 0x44, 0x44, 0x38, 0x00,
    0x00, 0x01, 0xE6, 0x00, 0xFF, 0x80, 0x33, 0xC0, 0x00, 0x00, 0x07, 0xF1, 0xC7, 0xFF, 0x73, 0xE3,
    0xFD, 0xE0, 0x3F, 0x70, 0x07, 0xFC, 0x01, 0xEE, 0x00, 0x3B, 0x80, 0x0E, 0xE0, 0x03, 0xB8, 0x00,
    0xEE, 0x00, 0x3B, 0x80, 0x0E, 0xE0, 0x03, 0xBC, 0x01, 0xE7, 0x00, 0x71, 0xE0, 0x3C, 0x3E, 0x3E,
    0x07, 0xFF, 0x00, 0x7F, 0x00, 0x0F, 0x30, 0x7F, 0xC1, 0x9E, 0x00, 0x00, 0x0F, 0x1C, 0xFF, 0x77,
    0x9F, 0xDC, 0x3B, 0xE0, 0x7F, 0x81, 0xEE, 0x07, 0x38, 0x1C, 0xE0, 0x73, 0x81, 0xC7, 0x0E, 0x1E,
    0x78, 0x3F, 0xC0, 0x3C, 0x00, 0x07, 0xF1, 0xC7, 0xFF, 0x73, 0xE3, 0xFD, 0xE0, 0x3F, 0x70, 0x07,
    0xFC, 0x01, 0xEE, 0x00, 0x3B, 0x80, 0x0E, 0xE0, 0x03, 0xB8, 0x00, 0xEE, 0x00, 0x3B, 0x80, 0x0E,
    0xE0, 0x03, 0xBC, 0x01, 0xE7, 0x00, 0x71, 0xE0, 0x3C, 0x3E, 0x3E, 0x07, 0xFF, 0x00, 0x7F, 0x00,
    0x00, 0x00, 0x01, 0xC0, 0x00, 0x70, 0x00, 0x0F, 0x1C, 0xFF, 0x77, 0x9F, 0xDC, 0x3B, 0xE0, 0x7F,
    0x81, 0xEE, 0x07, 0x38, 0x1C, 0xE0, 0x73, 0x81, 0xC7, 0x0E, 0x1E, 0x78, 0x3F, 0xC0, 0x3C, 0x00,
    0x00, 0x01, 0xC0, 0x07, 0x00, 0xE0, 0x0F, 0xC0, 0x1F, 0x80, 0x3F, 0x00, 0x7E, 0x00, 0xFC, 0x01,
    0xF8, 0x03, 0xF0, 0x07, 0xE0, 0x0F, 0xC0, 0x1F, 0x80, 0x3F, 0x00, 0x7E, 0x00, 0xFC, 0x01, 0xFC,
    0x07, 0xB8, 0x0E, 0x7C, 0x7C, 0x7F, 0xF0, 0x3F, 0x80, 0x00, 0x00, 0x38, 0x00, 0x70, 0x00, 0xE0,
    0xFC, 0x1F, 0x83, 0xF0, 0x7E, 0x0F, 0xC1, 0xF8, 0x3F, 0x07, 0xE0, 0xFC, 0x1F, 0x87, 0xB9, 0xF7,
    0xEE, 0x39, 0xC0, 0x00, 0x70, 0x0E, 0x00, 0x10, 0x08, 0x08, 0x10, 0x42, 0x42, 0x42, 0x42, 0x42,
    0x42, 0x42, 0x42, 0x42, 0x3C, 0x00, 0x00, 0x00, 0x10, 0x08, 0x08, 0x10, 0x00, 0x42, 0x42, 0x42,
    0x42, 0x42, 0x42, 0x46, 0x3A, 0x00, 0x00, 0x00, 0x38, 0x00, 0x38, 0x00, 0x38, 0x00, 0x38, 0x00,
    0x00, 0x07, 0x00, 0x7F, 0x80, 0x3F, 0xC0, 0x1F, 0xE0, 0x0F, 0xF0, 0x07, 0xF8, 0x03, 0xDC, 0x01,
    0xCE, 0x00, 0xE7, 0x00, 0x73, 0x80, 0x39, 0xC0, 0x1C, 0xE0, 0x0E, 0x70, 0x07, 0x38, 0x03, 0x9E,
    0x03, 0xC7, 0x01, 0xC3, 0xE3, 0xE0, 0xFF, 0xE0, 0x1F, 0xC0, 0x00, 0xE0, 0x0E, 0x00, 0xE0, 0x0E,
    0x00, 0x00, 0x70, 0x7F, 0x83, 0xFC, 0x1F, 0xE0, 0xFF, 0x07, 0xF8, 0x3D, 0xC1, 0xCE, 0x0E, 0x70,
    0x73, 0x83, 0x9C, 0x3C, 0x73, 0xE3, 0xF7, 0x07, 0x38, 0x03, 0x80, 0x00, 0xE0, 0x00, 0x38, 0x00,
    0x0E, 0x00, 0x00, 0x07, 0x00, 0x7F, 0x80, 0x3F, 0xC0, 0x1F, 0xE0, 0x0F, 0xF0, 0x07, 0xF8, 0x03,
    0xDC, 0x01, 0xCE, 0x00, 0xE7, 0x00, 0x73, 0x80, 0x39, 0xC0, 0x1C, 0xE0, 0x0E, 0x70, 0x07, 0x38,
    0x03, 0x9E, 0x03, 0xC7, 0x01, 0xC3, 0xE3, 0xE0, 0xFF, 0xE0, 0x1F, 0xC0, 0x1C, 0x00, 0x70, 0x01,
    0xC0, 0x07, 0x00, 0x00, 0x70, 0x7F, 0x83, 0xFC, 0x1F, 0xE0, 0xFF, 0x07, 0xF8, 0x3D, 0xC1, 0xCE,
    0x0E, 0x70, 0x73, 0x83, 0x9C, 0x3C, 0x73, 0xE3, 0xF7, 0x07, 0x38, 0x10, 0x08, 0x0A, 0x11, 0x45,
    0x46, 0x44, 0x44, 0x44, 0x44, 0x44, 0x44, 0x44, 0x38, 0x00, 0x00, 0x00, 0x10, 0x08, 0x08, 0x12,
    0x01, 0x45, 0x46, 0x44, 0x44, 0x44, 0x44, 0x4C, 0x34, 0x00, 0x00, 0x03, 0xCC, 0x03, 0xFE, 0x01,
    0x9E, 0x00, 0x00, 0x0E, 0x00, 0xFF, 0x00, 0x7F, 0x80, 0x3F, 0xC0, 0x1F, 0xE0, 0x0F, 0xF0, 0x07,
    0xB8, 0x03, 0x9C, 0x01, 0xCE, 0x00, 0xE7, 0x00, 0x73, 0x80, 0x39, 0xC0, 0x1C, 0xE0, 0x0E, 0x70,
    0x07, 0x3C, 0x07, 0x8E, 0x03, 0x87, 0xC7, 0xC1, 0xFF, 0xC0, 0x3F, 0x80, 0x0F, 0x30, 0xFF, 0x86,
    0x78, 0x00, 0x0E, 0x0F, 0xF0, 0x7F, 0x83, 0xFC, 0x1F, 0xE0, 0xFF, 0x07, 0xB8, 0x39, 0xC1, 0xCE,
    0x0E, 0x70, 0x73, 0x87, 0x8E, 0x7C, 0x7E, 0xE0, 0xE7, 0x00, 0xE0, 0x0F, 0xF0, 0x07, 0xF8, 0x03,
    0xFC, 0x01, 0xFE, 0x00, 0xFF, 0x00, 0x7B, 0x80, 0x39, 0xC0, 0x1C, 0xE0, 0x0E, 0x70, 0x07, 0x38,
    0x03, 0x9C, 0x01, 0xCE, 0x00, 0xE7, 0x00, 0x73, 0xC0, 0x78, 0xE0, 0x38, 0x7C, 0x7C, 0x1F, 0xFC,
    0x03, 0xF8, 0x00, 0x00, 0x00, 0x38, 0x00, 0x1C, 0x00, 0xE0, 0xFF, 0x07, 0xF8, 0x3F, 0xC1, 0xFE,
    0x0F, 0xF0, 0x7B, 0x83, 0x9C, 0x1C, 0xE0, 0xE7, 0x07, 0x38, 0x78, 0xE7, 0xC7, 0xEE, 0x0E, 0x70,
    0x00, 0x00, 0xE0, 0x07, 0x00, 0x0E, 0x00, 0x0E, 0x00, 0x0E, 0x00, 0x0E, 0x00, 0x00, 0x1C, 0x01,
    0xFC, 0x03, 0xB8, 0x0E, 0x78, 0x1C, 0x70, 0x70, 0xF0, 0xE0, 0xE3, 0x81, 0xC7, 0x01, 0xDC, 0x03,
    0xB8, 0x03, 0xE0, 0x07, 0xC0, 0x07, 0x00, 0x0E, 0x00, 0x1C, 0x00, 0x38, 0x00, 0x70, 0x00, 0xE0,
    0x01, 0xC0, 0x1C, 0x00, 0x70, 0x01, 0xC0, 0x07, 0x00, 0x00, 0x70, 0x1F, 0x80, 0xEE, 0x07, 0x78,
    0x71, 0xC3, 0x8F, 0x3C, 0x39, 0xC1, 0xCE, 0x07, 0xE0, 0x3F, 0x00, 0xF8, 0x07, 0x80, 0x1C, 0x00,
    0xE0, 0x0E, 0x00, 0x70, 0x07, 0x00, 0xF8, 0x07, 0x80, 0xE0, 0x0F, 0xE0, 0x1D, 0xC0, 0x73, 0xC0,
    0xE3, 0x83, 0x87, 0x87, 0x07, 0x1C, 0x0E, 0x38, 0x0E, 0xE0, 0x1D, 0xC0, 0x1F, 0x00, 0x3E, 0x00,
    0x38, 0x00, 0x70, 0x00, 0xE0, 0x01, 0xC0, 0x03, 0x80, 0x07, 0x00, 0x0E, 0x00, 0x00, 0x00, 0x38,
    0x00, 0x70, 0x00, 0xE0, 0x3F, 0x01, 0xDC, 0x0E, 0xF0, 0xE3, 0x87, 0x1E, 0x78, 0x73, 0x83, 0x9C,
    0x0F, 0xC0, 0x7E, 0x01, 0xF0, 0x0F, 0x00, 0x38, 0x01, 0xC0, 0x1C, 0x00, 0xE0, 0x0E, 0x01, 0xF0,
    0x0F, 0x00, 0x00, 0x00, 0xE0, 0x07, 0x00, 0x08, 0x04, 0x04, 0x08, 0x41, 0x41, 0x22, 0x22, 0x14,
    0x08, 0x08, 0x08, 0x08, 0x08, 0x00, 0x00, 0x00, 0x10, 0x08, 0x08, 0x10, 0x00, 0x42, 0x42, 0x42,
    0x42, 0x42, 0x26, 0x1A, 0x02, 0x02, 0x3C, 0x0F, 0x30, 0x3F, 0xE0, 0x67, 0x80, 0x00, 0x0E, 0x00,
    0xFE, 0x01, 0xDC, 0x07, 0x3C, 0x0E, 0x38, 0x38, 0x78, 0x70, 0x71, 0xC0, 0xE3, 0x80, 0xEE, 0x01,
    0xDC, 0x01, 0xF0, 0x03, 0xE0, 0x03, 0x80, 0x07, 0x00, 0x0E, 0x00, 0x1C, 0x00, 0x38, 0x00, 0x70,
    0x00, 0xE0, 0x00, 0x1E, 0x61, 0xFF, 0x0C, 0xF0, 0x00, 0x0E, 0x03, 0xF0, 0x1D, 0xC0, 0xEF, 0x0E,
    0x38, 0x71, 0xE7, 0x87, 0x38, 0x39, 0xC0, 0xFC, 0x07, 0xE0, 0x1F, 0x00, 0xF0, 0x03, 0x80, 0x1C,
    0x01, 0xC0, 0x0E, 0x00, 0xE0, 0x1F, 0x00, 0xF0, 0x00, 0x00, 0x00, 0x00, 0x00, 0x00, 0x00, 0x00,
    0x00, 0x00, 0x00, 0x00, 0x00, 0xAA, 0xAA, 0x00, 0x01, 0x9E, 0x44, 0x02, 0x45, 0x84, 0x54, 0x08,
    0x55, 0x90, 0x6C, 0x1E, 0x45, 0x80, 0x00, 0x12, 0x09, 0x9A, 0x08, 0x16, 0x49, 0x92, 0x48, 0x12,
    0x31, 0x80, 0x00, 0x55, 0x55, 0xAA, 0xAA, 0x00, 0x01, 0x9E, 0x44, 0x02, 0x45, 0x84, 0x54, 0x08,
    0x55, 0x90, 0x6C, 0x1E, 0x45, 0x80, 0x00, 0x00, 0x41, 0x80, 0x40, 0x02, 0x41, 0x82, 0x40, 0x01,
    0x81, 0x80, 0x00, 0x55, 0x55, 0xAA, 0xAA, 0x00, 0x01, 0x80, 0x00, 0x00, 0x01, 0xC7, 0x22, 0x44,
    0xB7, 0xC7, 0x2A, 0x45, 0x23, 0xF4, 0xA2, 0x00, 0x01, 0x80, 0x00, 0x00, 0x01, 0x80, 0x00, 0x00,
    0x01, 0x80, 0x00, 0x55, 0x55, 0xAA, 0xAA, 0x00, 0x01, 0x80, 0x00, 0x00, 0x01, 0xF2, 0x22, 0x4A,
    0x37, 0xF2, 0x2A, 0x52, 0x23, 0xCB, 0xA2, 0x00, 0x01, 0x80, 0x00, 0x00, 0x01, 0x80, 0x00, 0x00,
    0x01, 0x80, 0x00, 0x55, 0x55, 0xFF, 0xFF, 0xF8, 0xFF, 0xFF, 0xF8, 0xFF, 0xFF, 0xFF, 0xF0, 0xFF,
    0xFF, 0xFF, 0xF0, 0xFF, 0xFF, 0xFF, 0xFF, 0xFF, 0xFF, 0xC0, 0xFF, 0xFF, 0xFF, 0xFF, 0xFF, 0xFF,
    0xC0, 0x00, 0x00, 0x00, 0x14, 0x14, 0x14, 0x14, 0x14, 0x14, 0x14, 0x14, 0x14, 0x14, 0x14, 0x14,
    0x00, 0x00, 0x00, 0x00, 0x00, 0x00, 0x00, 0x00, 0x00, 0x00, 0x00, 0x00, 0x00, 0x00, 0xFF, 0x00,
    0xFF, 0x7B, 0x7F, 0xC0, 0xFF, 0xB7, 0x80, 0x77, 0x73, 0x3E, 0xFF, 0xEC, 0xC0, 0x63, 0xC6, 0xC6,
    0xE7, 0xE7, 0xE7, 0xE7, 0xE7, 0xE7, 0x63, 0x63, 0xC6, 0x73, 0xB9, 0xDC, 0xE6, 0x33, 0x1F, 0x18,
    0xE7, 0xE7, 0xE7, 0xC6, 0xC6, 0x63, 0x07, 0x00, 0x38, 0x01, 0xC0, 0x0E, 0x00, 0x70, 0x7F, 0xFF,
    0xFF, 0xE0, 0xE0, 0x07, 0x00, 0x38, 0x01, 0xC0, 0x0E, 0x00, 0x70, 0x03, 0x80, 0x1C, 0x00, 0xE0,
    0x07, 0x00, 0x38, 0x01, 0xC0, 0x0E, 0x00, 0x70, 0x03, 0x80, 0x1C, 0x00, 0xE0, 0x07, 0x00, 0x38,
    0x01, 0xC0, 0x0E, 0x00, 0x70, 0x7F, 0xFF, 0xFF, 0xE0, 0xE0, 0x07, 0x00, 0x38, 0x01, 0xC0, 0x0E,
    0x00, 0x70, 0x03, 0x80, 0x1C, 0x00, 0xE0, 0x07, 0x07, 0xFF, 0xFF, 0xFE, 0x0E, 0x00, 0x70, 0x03,
    0x80, 0x1C, 0x00, 0xE0, 0x77, 0xFF, 0xF7, 0x00, 0x00, 0x00, 0x00, 0x00, 0x00, 0x00, 0x20, 0x30,
    0x38, 0x3C, 0x38, 0x30, 0x20, 0x00, 0x00, 0x00, 0x00, 0x00, 0x00, 0x00, 0x00, 0x00, 0x00, 0x00,
    0x00, 0x00, 0x00, 0x00, 0x18, 0x18, 0x00, 0x00, 0x00, 0x00, 0x00, 0x00, 0x00, 0x00, 0x00, 0x00,
    0x00, 0x00, 0x00, 0x00, 0x36, 0x36, 0x00, 0x00, 0xE0, 0xE0, 0xFC, 0x1C, 0x1F, 0x83, 0x83, 0x80,
    0x00, 0x00, 0x00, 0x00, 0x00, 0x00, 0x00, 0x00, 0x00, 0x18, 0x18, 0x00, 0x00, 0x00, 0x00, 0x00,
    0xAA, 0xAA, 0x00, 0x01, 0x80, 0x00, 0x02, 0x01, 0x82, 0x00, 0x02, 0x01, 0x82, 0x00, 0x03, 0xC1,
    0x80, 0x00, 0x3B, 0xDD, 0xC2, 0x12, 0x33, 0xDD, 0x8A, 0x10, 0x73, 0xD1, 0x80, 0x00, 0x55, 0x55,
    0xAA, 0xAA, 0x00, 0x01, 0x80, 0x00, 0x03, 0x81, 0x82, 0x40, 0x03, 0x81, 0x82, 0x00, 0x02, 0x01,
    0x80, 0x00, 0x3B, 0xDD, 0xC2, 0x12, 0x33, 0xDD, 0x8A, 0x10, 0x73, 0xD1, 0x80, 0x00, 0x55, 0x55,
    0xAA, 0xAA, 0x00, 0x01, 0x80, 0x00, 0x00, 0x01, 0xC3, 0x9E, 0x42, 0x51, 0xC3, 0x9E, 0x42, 0x91,
    0xFA, 0x5E, 0x00, 0x01, 0x80, 0x00, 0x00, 0x01, 0x80, 0x00, 0x00, 0x01, 0x80, 0x00, 0x55, 0x55,
    0xAA, 0xAA, 0x00, 0x01, 0x80, 0x00, 0x00, 0x01, 0xF2, 0x1E, 0x4A, 0x11, 0xF2, 0x1E, 0x52, 0x11,
    0xCB, 0xDE, 0x00, 0x01, 0x80, 0x00, 0x00, 0x01, 0x80, 0x00, 0x00, 0x01, 0x80, 0x00, 0x55, 0x55,
    0xAA, 0xAA, 0x00, 0x01, 0x80, 0x00, 0x00, 0x01, 0xF3, 0x9E, 0x4A, 0x51, 0xF2, 0x5E, 0x42, 0x51,
    0xC3, 0x90, 0x00, 0x01, 0x80, 0x00, 0x00, 0x01, 0x80, 0x00, 0x00, 0x01, 0x80, 0x00, 0x55, 0x55,
    0xAA, 0xAA, 0x00, 0x01, 0x80, 0x00, 0x00, 0x01, 0xC3, 0x8C, 0x42, 0x53, 0xC3, 0x92, 0x42, 0x93,
    0xFA, 0x4C, 0x00, 0x01, 0x80, 0x00, 0x00, 0x01, 0x80, 0x00, 0x00, 0x01, 0x80, 0x00, 0x55, 0x55,
    0xAA, 0xAA, 0x00, 0x01, 0x80, 0x00, 0x00, 0x01, 0xF2, 0x0C, 0x4A, 0x13, 0xF2, 0x12, 0x52, 0x13,
    0xCB, 0xCC, 0x00, 0x01, 0x80, 0x00, 0x00, 0x01, 0x80, 0x00, 0x00, 0x01, 0x80, 0x00, 0x55, 0x55,
    0x00, 0x00, 0x00, 0x00, 0x00, 0x00, 0x00, 0x00, 0x00, 0x00, 0x00, 0x00, 0x00, 0x00, 0x00, 0x00,
    0x00, 0x1C, 0x00, 0x38, 0x1C, 0x00, 0x7C, 0x38, 0x00, 0xEE, 0x38, 0x00, 0xC6, 0x70, 0x00, 0xC6,
    0x70, 0x00, 0xEE, 0xE0, 0x00, 0x7C, 0xE0, 0x00, 0x39, 0xC0, 0x00, 0x01, 0xC0, 0x00, 0x03, 0x9C,
    0x1C, 0x03, 0xBE, 0x3E, 0x07, 0x77, 0x77, 0x07, 0x63, 0x63, 0x0E, 0x63, 0x63, 0x0E, 0x77, 0x77,
    0x1C, 0x3E, 0x3E, 0x1C, 0x1C, 0x1C, 0x00, 0x00, 0x00, 0x00, 0x40, 0xA0, 0xA0, 0x4C, 0x30, 0xC0,
    0x2A, 0x55, 0x55, 0x2A, 0x00, 0x00, 0x00, 0x00, 0x00, 0x00, 0x0C, 0x18, 0x10, 0x20, 0x00, 0x00,
    0x00, 0x00, 0x00, 0x00, 0x00, 0x00, 0x00, 0x00, 0x00, 0x00, 0x33, 0x66, 0x44, 0x88, 0x00, 0x00,
    0x00, 0x00, 0x00, 0x00, 0x00, 0x00, 0x00, 0x00, 0x00, 0x00, 0x3F, 0x7E, 0x54, 0xA8, 0x00, 0x00,
    0x00, 0x00, 0x00, 0x00, 0x00, 0x00, 0x00, 0x00, 0x00, 0x00, 0x30, 0x18, 0x08, 0x04, 0x00, 0x00,
    0x00, 0x00, 0x00, 0x00, 0x00, 0x00, 0x00, 0x00, 0x00, 0x00, 0xCC, 0x66, 0x22, 0x11, 0x00, 0x00,
    0x00, 0x00, 0x00, 0x00, 0x00, 0x00, 0x00, 0x00, 0x00, 0x00, 0xFC, 0x7E, 0x2A, 0x15, 0x00, 0x00,
    0x00, 0x00, 0x00, 0x00, 0x00, 0x00, 0x00, 0x00, 0x00, 0x00, 0x00, 0x00, 0x00, 0x00, 0x00, 0x00,
    0x00, 0x00, 0x00, 0x10, 0x28, 0x44, 0x1C, 0xE7, 0x38, 0xE1, 0xC3, 0x87, 0xE1, 0xC3, 0x87, 0x1C,
    0xE7, 0x38, 0x00, 0x00, 0x00, 0x00, 0x00, 0x49, 0x22, 0x14, 0x49, 0x14, 0x22, 0x49, 0x00, 0x00,
    0x00, 0x00, 0x00, 0x00, 0x00, 0x00, 0x24, 0x24, 0x24, 0x24, 0x24, 0x24, 0x24, 0x00, 0x24, 0x24,
    0x00, 0x00, 0x00, 0x00, 0x00, 0x00, 0x3C, 0x4A, 0x4A, 0x0A, 0x0C, 0x08, 0x08, 0x00, 0x08, 0x08,
    0x00, 0x00, 0x7E, 0x00, 0x00, 0x00, 0x00, 0x00, 0x00, 0x00, 0x00, 0x00, 0x00, 0x00, 0x00, 0x00,
    0x00, 0x00, 0x00, 0x00, 0x00, 0x00, 0x00, 0x00, 0x00, 0x00, 0x00, 0x00, 0x00, 0x00, 0x00, 0x00,
    0x42, 0x3C, 0x3C, 0x42, 0x00, 0x00, 0x00, 0x00, 0x00, 0x00, 0x00, 0x00, 0x00, 0x00, 0x00, 0x00,
    0x00, 0x00, 0x00, 0x00, 0x00, 0x00, 0x00, 0x00, 0x00, 0x00, 0x00, 0x00, 0x02, 0x04, 0x08, 0x10,
    0x28, 0x44, 0x00, 0x00, 0x00, 0x00, 0x00, 0x00, 0x08, 0x1C, 0x08, 0x00, 0x22, 0x77, 0x22, 0x00,
    0x00, 0x00, 0x00, 0x00, 0x00, 0x00, 0x00, 0x00, 0x00, 0x00, 0x3C, 0x3C, 0x00, 0x00, 0x00, 0x00,
    0x00, 0x00, 0x00, 0xC0, 0x30, 0x18, 0x06, 0x03, 0x00, 0xC0, 0x60, 0x18, 0x0C, 0x03, 0x01, 0x80,
    0x60, 0x30, 0x0C, 0x06, 0x01, 0x80, 0xC0, 0x30, 0x00, 0x00, 0x00, 0x00, 0x0E, 0x08, 0x08, 0x08,
    0x08, 0x0E, 0x08, 0x08, 0x08, 0x08, 0x08, 0x0E, 0x00, 0x00, 0x00, 0x00, 0x70, 0x10, 0x10, 0x10,
    0x10, 0x70, 0x10, 0x10, 0x10, 0x10, 0x10, 0x70, 0x00, 0x00, 0x00, 0x00, 0xEE, 0x11, 0x11, 0x22,
    0xCC, 0x88, 0x88, 0x88, 0x00, 0x00, 0x88, 0x00, 0x00, 0x00, 0x00, 0x00, 0x72, 0x0A, 0x0A, 0x12,
    0x62, 0x42, 0x42, 0x42, 0x00, 0x00, 0x42, 0x00, 0x00, 0x00, 0x00, 0x00, 0x5C, 0x42, 0x42, 0x44,
    0x58, 0x50, 0x50, 0x50, 0x00, 0x00, 0x50, 0x00, 0x00, 0x00, 0x00, 0x00, 0x00, 0x00, 0x00, 0x7E,
    0x02, 0x02, 0x02, 0x02, 0x04, 0x04, 0x04, 0x04, 0x04, 0x00, 0x00, 0x00, 0x00, 0xFC, 0x5E, 0x5E,
    0x5E, 0x5C, 0x50, 0x50, 0x50, 0x50, 0x50, 0x50, 0x00, 0x00, 0x00, 0x00, 0x00, 0x1E, 0x3A, 0x3A,
    0x3A, 0x1E, 0x00, 0x00, 0x00, 0x00, 0x00, 0x00, 0x00, 0x00, 0x00, 0x00, 0x00, 0x78, 0x5C, 0x5C,
    0x5C, 0x78, 0x00, 0x00, 0x00, 0x00, 0x00, 0x00, 0x00, 0x00, 0x00, 0x00, 0x00, 0x00, 0x00, 0x00,
    0x08, 0x49, 0x2A, 0x1C, 0x2A, 0x49, 0x08, 0x00, 0x00, 0x00, 0x00, 0x00, 0x00, 0x00, 0x00, 0x18,
    0x18, 0x00, 0x00, 0x00, 0x18, 0x10, 0x10, 0x08, 0x00, 0x00, 0x00, 0x00, 0x3C, 0x42, 0x42, 0x00,
    0x00, 0x00, 0x42, 0x42, 0x3C, 0x00, 0x00, 0x00, 0x00, 0x00, 0x08, 0x49, 0x2A, 0x1C, 0x2A, 0x49,
    0x08, 0x00, 0x08, 0x49, 0x2A, 0x1C, 0x2A, 0x49, 0x08, 0x00, 0x00, 0x00, 0x00, 0x62, 0x62, 0x04,
    0x08, 0x08, 0x10, 0x10, 0x20, 0x46, 0x46, 0x00, 0x00, 0x00, 0x00, 0x00, 0x00, 0x00, 0x00, 0x00,
    0x00, 0x00, 0x71, 0x8E, 0x00, 0x00, 0x00, 0x00, 0x00, 0x00, 0x00, 0x00, 0x00, 0x00, 0x00, 0x00,
    0x00, 0x00, 0x00, 0x00, 0x00, 0x00, 0x00, 0x3C, 0x42, 0x00, 0x00, 0x00, 0x00, 0x92, 0x54, 0x38,
    0xFE, 0x38, 0x54, 0x92, 0x00, 0x00, 0x00, 0x00, 0x00, 0x00, 0x00, 0x00, 0x00, 0x00, 0x00, 0x06,
    0x06, 0x00, 0x60, 0x60, 0x00, 0x06, 0x06, 0x00, 0x00, 0x00, 0x00, 0x00, 0x00, 0x00, 0x00, 0x00,
    0x00, 0x33, 0x33, 0x66, 0x66, 0x44, 0x44, 0x88, 0x88, 0x00, 0x00, 0x00, 0x00, 0x00, 0x00, 0x00,
    0x00, 0x00, 0x00, 0x00, 0x00, 0x00, 0x00, 0x00, 0x00, 0x00, 0x00, 0x00, 0x00, 0x00, 0x00, 0x18,
    0x18, 0x00, 0x66, 0x66, 0x00, 0x18, 0x18, 0x00, 0x00, 0x00, 0x00, 0x00, 0x00, 0x00, 0x00, 0x66,
    0x66, 0x00, 0x18, 0x18, 0x00, 0x66, 0x66, 0x00, 0x00, 0x00, 0x00, 0x00, 0x00, 0x18, 0x18, 0x00,
    0x00, 0x00, 0x00, 0x00, 0x00, 0x18, 0x18, 0x00, 0x00, 0x00, 0x00, 0x00, 0x18, 0x18, 0x00, 0x00,
    0x00, 0x66, 0x66, 0x00, 0x00, 0x00, 0x18, 0x18, 0x00, 0x00, 0x00, 0x00, 0x00, 0x00, 0x00, 0x54,
    0x10, 0x7C, 0x10, 0x54, 0x00, 0x00, 0x00, 0x00, 0x00, 0x00, 0x00, 0x00, 0x00, 0x18, 0x18, 0x00,
    0x00, 0x18, 0x18, 0x00, 0x00, 0x18, 0x18, 0x00, 0x00, 0x00, 0x00, 0x00, 0x00, 0x10, 0x00, 0x00,
    0x10, 0x00, 0x00, 0x10, 0x00, 0x00, 0x10, 0x00, 0x00, 0x00, 0x00, 0x00, 0x00, 0x00, 0x00, 0x00,
    0x00, 0x00, 0x00, 0x00, 0x00, 0x00, 0x00, 0x00, 0x00, 0xAA, 0xAA, 0x00, 0x01, 0x80, 0x00, 0x00,
    0x01, 0x80, 0x00, 0x00, 0x01, 0xA2, 0x08, 0x22, 0x09, 0xAA, 0x08, 0x36, 0x89, 0xA2, 0x70, 0x00,
    0x01, 0x80, 0x00, 0x00, 0x01, 0x80, 0x00, 0x55, 0x55, 0xAA, 0xAA, 0x00, 0x01, 0x8C, 0x00, 0x10,
    0x01, 0x90, 0x88, 0x10, 0x89, 0x91, 0x04, 0x11, 0x05, 0x91, 0x04, 0x7D, 0x05, 0x91, 0x04, 0x11,
    0x05, 0x90, 0x88, 0x60, 0x89, 0x80, 0x00, 0x55, 0x55, 0xAA, 0xAA, 0x00, 0x01, 0x80, 0x00, 0x00,
    0x01, 0x80, 0x00, 0x00, 0x01, 0x80, 0x00, 0x04, 0x21, 0x82, 0x40, 0x01, 0x81, 0x82, 0x40, 0x04,
    0x21, 0x80, 0x00, 0x00, 0x01, 0x80, 0x00, 0x55, 0x55, 0xAA, 0xAA, 0x00, 0x01, 0x80, 0x00, 0x00,
    0x01, 0x80, 0x00, 0x00, 0x01, 0x80, 0x00, 0x00, 0x01, 0x80, 0x00, 0x00, 0x01, 0x80, 0x00, 0x18,
    0x01, 0x88, 0x00, 0x08, 0x01, 0x90, 0x00, 0x55, 0x55, 0xAA, 0xAA, 0x00, 0x01, 0x80, 0x00, 0x00,
    0x01, 0x80, 0x00, 0x01, 0x01, 0x81, 0x00, 0x01, 0x01, 0x8F, 0xE0, 0x01, 0x01, 0x81, 0x00, 0x01,
    0x01, 0x81, 0x00, 0x00, 0x01, 0x80, 0x00, 0x55, 0x55, 0x00, 0x00, 0x7F, 0xFE, 0x61, 0xCE, 0x7D,
    0xB6, 0x61, 0xB6, 0x6F, 0xB6, 0x61, 0xCE, 0x7F, 0xFE, 0x7F, 0xFE, 0x73, 0x86, 0x6F, 0xBE, 0x63,
    0x86, 0x6D, 0xF6, 0x73, 0x86, 0x7F, 0xFE, 0x00, 0x00, 0xAA, 0xAA, 0x00, 0x01, 0x80, 0x00, 0x00,
    0x01, 0xA3, 0x9C, 0x22, 0x49, 0xA3, 0x88, 0x22, 0x89, 0xBA, 0x5C, 0x00, 0x01, 0x80, 0x00, 0x00,
    0x01, 0x80, 0x00, 0x00, 0x01, 0x80, 0x00, 0x55, 0x55, 0xAA, 0xAA, 0x00, 0x01, 0x80, 0x00, 0x00,
    0x01, 0xB9, 0x1C, 0x25, 0x09, 0xB9, 0x08, 0x29, 0x09, 0xA5, 0xDC, 0x00, 0x01, 0x80, 0x00, 0x00,
    0x01, 0x80, 0x00, 0x00, 0x01, 0x80, 0x00, 0x55, 0x55, 0xAA, 0xAA, 0x00, 0x01, 0x80, 0x00, 0x00,
    0x01, 0xB9, 0xDC, 0x22, 0x09, 0xB9, 0x88, 0x20, 0x49, 0xA3, 0x9C, 0x00, 0x01, 0x80, 0x00, 0x00,
    0x01, 0x80, 0x00, 0x00, 0x01, 0x80, 0x00, 0x55, 0x55, 0xAA, 0xAA, 0x00, 0x01, 0x80, 0x00, 0x00,
    0x01, 0xF3, 0x9C, 0x4A, 0x49, 0xF2, 0x48, 0x42, 0x49, 0xC3, 0x9C, 0x00, 0x01, 0x80, 0x00, 0x00,
    0x01, 0x80, 0x00, 0x00, 0x01, 0x80, 0x00, 0x55, 0x55, 0xAA, 0xAA, 0x00, 0x01, 0x80, 0x00, 0x07,
    0xC1, 0x81, 0x00, 0x01, 0x01, 0x81, 0x00, 0x07, 0xC1, 0x80, 0x00, 0x1E, 0x79, 0xA0, 0x80, 0x1C,
    0x71, 0x82, 0x08, 0x3C, 0xF1, 0x80, 0x00, 0x55, 0x55, 0xAA, 0xAA, 0x00, 0x01, 0x80, 0x00, 0x03,
    0x81, 0x84, 0x40, 0x07, 0xC1, 0x84, 0x40, 0x04, 0x41, 0x80, 0x00, 0x1E, 0x79, 0xA0, 0x80, 0x1C,
    0x71, 0x82, 0x08, 0x3C, 0xF1, 0x80, 0x00, 0x55, 0x55, 0xAA, 0xAA, 0x00, 0x01, 0x80, 0x00, 0x03,
    0xE1, 0x80, 0x80, 0x00, 0x81, 0x80, 0x80, 0x03, 0xE1, 0x80, 0x00, 0x39, 0xF6, 0xC5, 0x08, 0x7D,
    0xE7, 0xC5, 0x01, 0x45, 0x0F, 0x80, 0x00, 0x55, 0x55, 0xAA, 0xAA, 0x00, 0x01, 0x80, 0x00, 0x01,
    0xC1, 0x82, 0x20, 0x03, 0xE1, 0x82, 0x20, 0x02, 0x21, 0x80, 0x00, 0x39, 0xF6, 0xC5, 0x08, 0x7D,
    0xE7, 0xC5, 0x01, 0x45, 0x0F, 0x80, 0x00, 0x55, 0x55, 0xAA, 0xAA, 0x00, 0x01, 0x80, 0x00, 0x22,
    0x71, 0xB2, 0x88, 0x2A, 0xF9, 0xA6, 0x88, 0x22, 0x89, 0x80, 0x00, 0x3C, 0x79, 0xA2, 0x80, 0x22,
    0x71, 0xA2, 0x08, 0x3C, 0xF1, 0x80, 0x00, 0x55, 0x55, 0xAA, 0xAA, 0x00, 0x01, 0x80, 0x00, 0x22,
    0x71, 0xB2, 0x88, 0x2A, 0x89, 0xA6, 0x88, 0x22, 0x71, 0x80, 0x00, 0x3C, 0x79, 0xA2, 0x80, 0x22,
    0x71, 0xA2, 0x08, 0x3C, 0xF1, 0x80, 0x00, 0x55, 0x55, 0x00, 0x00, 0x00, 0x18, 0x24, 0x42, 0x42,
    0x42, 0x24, 0x18, 0x00, 0x00, 0x00, 0x00, 0x00, 0x00, 0x00, 0x00, 0x00, 0x10, 0x00, 0x30, 0x10,
    0x10, 0x10, 0x7C, 0x00, 0x00, 0x00, 0x00, 0x00, 0x00, 0x00, 0x00, 0x7F, 0xFE, 0x61, 0xCE, 0x7D,
    0xB6, 0x61, 0xB6, 0x6F, 0xB6, 0x61, 0xCE, 0x7F, 0xFE, 0x7F, 0xFE, 0x61, 0x86, 0x7D, 0xF6, 0x7B,
    0x86, 0x77, 0xBE, 0x77, 0x86, 0x7F, 0xFE, 0x00, 0x00, 0x00, 0x00, 0x7F, 0xFE, 0x61, 0xCE, 0x7D,
    0xB6, 0x61, 0xB6, 0x6F, 0xB6, 0x61, 0xCE, 0x7F, 0xFE, 0x7F, 0xFE, 0x61, 0x8E, 0x7D, 0xF6, 0x7B,
    0xC6, 0x77, 0xF6, 0x77, 0x8E, 0x7F, 0xFE, 0x00, 0x00, 0x00, 0x00, 0x00, 0x0C, 0x14, 0x24, 0x44,
    0x7E, 0x04, 0x04, 0x00, 0x00, 0x00, 0x00, 0x00, 0x00, 0x00, 0x00, 0x00, 0x7C, 0x40, 0x40, 0x78,
    0x04, 0x04, 0x78, 0x00, 0x00, 0x00, 0x00, 0x00, 0x00, 0x00, 0x00, 0x00, 0x18, 0x20, 0x40, 0x78,
    0x44, 0x44, 0x38, 0x00, 0x00, 0x00, 0x00, 0x00, 0x00, 0x00, 0x00, 0x00, 0x7C, 0x04, 0x08, 0x08,
    0x10, 0x10, 0x10, 0x00, 0x00, 0x00, 0x00, 0x00, 0x00, 0x00, 0x00, 0x00, 0x38, 0x44, 0x44, 0x38,
    0x44, 0x44, 0x38, 0x00, 0x00, 0x00, 0x00, 0x00, 0x00, 0x00, 0x00, 0x00, 0x38, 0x44, 0x44, 0x3C,
    0x04, 0x08, 0x30, 0x00, 0x00, 0x00, 0x00, 0x00, 0x00, 0x00, 0x00, 0x00, 0x00, 0x10, 0x10, 0x7C,
    0x10, 0x10, 0x00, 0x00, 0x00, 0x00, 0x00, 0x00, 0x00, 0x00, 0x00, 0x00, 0x00, 0x00, 0x00, 0x7C,
    0x00, 0x00, 0x00, 0x00, 0x00, 0x00, 0x00, 0x00, 0x00, 0x00, 0x00, 0x00, 0x00, 0x00, 0x7C, 0x00,
    0x00, 0x7C, 0x00, 0x00, 0x00, 0x00, 0x00, 0x00, 0x00, 0x00, 0x00, 0x04, 0x08, 0x10, 0x10, 0x10,
    0x10, 0x10, 0x08, 0x04, 0x00, 0x00, 0x00, 0x00, 0x00, 0x00, 0x00, 0x20, 0x10, 0x08, 0x08, 0x08,
    0x08, 0x08, 0x10, 0x20, 0x00, 0x00, 0x00, 0x00, 0x00, 0x00, 0x00, 0x00, 0x00, 0x00, 0x58, 0x64,
    0x44, 0x44, 0x44, 0x00, 0x00, 0x00, 0x00, 0x00, 0x00, 0x00, 0x00, 0x00, 0x00, 0x00, 0x00, 0x00,
    0x00, 0x18, 0x24, 0x42, 0x42, 0x42, 0x24, 0x18, 0x00, 0x33, 0xFF, 0x33, 0x33, 0x33, 0x7B, 0xFC,
    0xC3, 0x1D, 0xEE, 0x30, 0xFF, 0xF0, 0x7B, 0xFC, 0xC3, 0x38, 0xE0, 0xF3, 0xFD, 0xE0, 0x00, 0x00,
    0x00, 0x00, 0x00, 0x00, 0x00, 0x00, 0x0C, 0x14, 0x24, 0x44, 0x7E, 0x04, 0x04, 0x00, 0x00, 0x00,
    0x00, 0x00, 0x00, 0x00, 0x00, 0x00, 0x7C, 0x40, 0x40, 0x78, 0x04, 0x04, 0x78, 0x00, 0x00, 0x00,
    0x00, 0x00, 0x00, 0x00, 0x00, 0x00, 0x18, 0x20, 0x40, 0x78, 0x44, 0x44, 0x38, 0x00, 0x00, 0x00,
    0x00, 0x00, 0x00, 0x00, 0x00, 0x00, 0x7C, 0x04, 0x08, 0x08, 0x10, 0x10, 0x10, 0x00, 0x00, 0x00,
    0x00, 0x00, 0x00, 0x00, 0x00, 0x00, 0x38, 0x44, 0x44, 0x38, 0x44, 0x44, 0x38, 0x00, 0x00, 0x00,
    0x00, 0x00, 0x00, 0x00, 0x00, 0x00, 0x38, 0x44, 0x44, 0x3C, 0x04, 0x08, 0x30, 0x00, 0x00, 0x00,
    0x00, 0x00, 0x00, 0x00, 0x00, 0x00, 0x00, 0x00, 0x10, 0x10, 0x7C, 0x10, 0x10, 0x00, 0x00, 0x00,
    0x00, 0x00, 0x00, 0x00, 0x00, 0x00, 0x00, 0x00, 0x00, 0x00, 0x7C, 0x00, 0x00, 0x00, 0x00, 0x00,
    0x00, 0x00, 0x00, 0x00, 0x00, 0x00, 0x00, 0x00, 0x00, 0x7C, 0x00, 0x00, 0x7C, 0x00, 0x00, 0x00,
    0x00, 0x00, 0x00, 0x00, 0x00, 0x04, 0x08, 0x10, 0x10, 0x10, 0x10, 0x10, 0x08, 0x04, 0x00, 0x00,
    0x00, 0x00, 0x00, 0x00, 0x00, 0x20, 0x10, 0x08, 0x08, 0x08, 0x08, 0x08, 0x10, 0x20, 0x00, 0x00,
    0x00, 0x00, 0x08, 0x08, 0x08, 0x08, 0x00, 0x00, 0x08, 0x08, 0x08, 0x08, 0x00, 0x00, 0x00, 0x00,
    0x00, 0x00, 0x00, 0x00, 0x00, 0x00, 0x00, 0x00, 0x38, 0x04, 0x3C, 0x44, 0x3C, 0x00, 0x00, 0x00,
    0x00, 0x00, 0x00, 0x00, 0x00, 0x00, 0x00, 0x00, 0x38, 0x44, 0x7C, 0x40, 0x3C, 0x00, 0x00, 0x00,
    0x00, 0x00, 0x00, 0x00, 0x00, 0x00, 0x00, 0x00, 0x38, 0x44, 0x44, 0x44, 0x38, 0x00, 0x00, 0x00,
    0x00, 0x00, 0x00, 0x00, 0x00, 0x00, 0x00, 0x00, 0x44, 0x28, 0x10, 0x28, 0x44, 0x00, 0x00, 0x00,
    0x00, 0x00, 0x00, 0x00, 0x00, 0x00, 0x00, 0x00, 0x78, 0x04, 0x7C, 0x44, 0x38, 0x00, 0x00, 0x00,
    0x00, 0x00, 0x00, 0x00, 0x00, 0x00, 0x40, 0x40, 0x58, 0x64, 0x44, 0x44, 0x44, 0x00, 0x00, 0x00,
    0x00, 0x00, 0x00, 0x00, 0x00, 0x00, 0x20, 0x20, 0x24, 0x28, 0x30, 0x28, 0x24, 0x00, 0x00, 0x00,
    0x00, 0x00, 0x00, 0x00, 0x00, 0x00, 0x30, 0x10, 0x10, 0x10, 0x10, 0x10, 0x7C, 0x00, 0x00, 0x00,
    0x00, 0x00, 0x00, 0x00, 0x00, 0x00, 0x00, 0x00, 0x76, 0x49, 0x49, 0x49, 0x49, 0x00, 0x00, 0x00,
    0x00, 0x00, 0x00, 0x00, 0x00, 0x00, 0x00, 0x00, 0x58, 0x64, 0x44, 0x44, 0x44, 0x00, 0x00, 0x00,
    0x00, 0x00, 0x00, 0x00, 0x00, 0x00, 0x00, 0x00, 0x58, 0x64, 0x64, 0x58, 0x40, 0x40, 0x00, 0x00,
    0x00, 0x00, 0x00, 0x00, 0x00, 0x00, 0x00, 0x00, 0x3C, 0x40, 0x38, 0x04, 0x78, 0x00, 0x00, 0x00,
    0x00, 0x00, 0x00, 0x00, 0x00, 0x00, 0x10, 0x10, 0x7C, 0x10, 0x10, 0x10, 0x0C, 0x00, 0x00, 0x00,
    0x00, 0x00, 0x00, 0x00, 0x00, 0x00, 0x00, 0x00, 0x00, 0x00, 0x82, 0x92, 0x54, 0x28, 0x00, 0x00,
    0x00, 0x00, 0x00, 0x00, 0x00, 0x00, 0x00, 0x00, 0x00, 0x00, 0x44, 0x28, 0x10, 0x20, 0x00, 0x00,
    0x00, 0x00, 0x00, 0x00, 0x00, 0x00, 0x00, 0x00, 0x00, 0x00, 0x3C, 0x08, 0x10, 0x3C, 0x00, 0x00,
    0x00, 0x00, 0x3C, 0x40, 0x40, 0x5E, 0x50, 0x50, 0x3C, 0x10, 0x10, 0x1E, 0x00, 0x00, 0x00, 0x00,
    0x00, 0x00, 0x0A, 0x3E, 0x4A, 0x54, 0x54, 0x68, 0x68, 0x72, 0x5C, 0x10, 0x00, 0x00, 0x00, 0x00,
    0x00, 0x00, 0x1C, 0x22, 0x42, 0x40, 0x56, 0x58, 0x50, 0x50, 0x32, 0x1C, 0x00, 0x00, 0x00, 0x00,
    0x00, 0x00, 0x3F, 0x20, 0x20, 0x20, 0x3E, 0x20, 0x20, 0xFC, 0x20, 0x20, 0x00, 0x00, 0x00, 0x00,
    0x00, 0x00, 0x0E, 0x10, 0x10, 0x7E, 0x10, 0x7E, 0x10, 0x10, 0x3E, 0x61, 0x00, 0x00, 0x00, 0x30,
    0x00, 0x18, 0x00, 0x0C, 0x1D, 0xEF, 0xCF, 0xFF, 0xF7, 0x9F, 0x3F, 0x87, 0x0F, 0xC3, 0x87, 0xE1,
    0xC3, 0xF0, 0xE1, 0xF8, 0x70, 0xFC, 0x38, 0x7E, 0x1C, 0x3F, 0x1E, 0x1F, 0x8F, 0x0F, 0xC7, 0x87,
    0xE7, 0xC3, 0x83, 0x00, 0x01, 0x80, 0x00, 0xE0, 0x0F, 0xE0, 0x1F, 0xC0, 0x3F, 0xC0, 0x7F, 0x80,
    0xFF, 0x81, 0xFB, 0x83, 0xFF, 0xFF, 0xFF, 0xFF, 0xC7, 0x1F, 0xFF, 0xFF, 0xFF, 0xFE, 0x0C, 0xFC,
    0x1D, 0xF8, 0x1F, 0xF0, 0x1F, 0xE0, 0x3F, 0xC0, 0x3F, 0x80, 0x38, 0x00, 0x00, 0x00, 0x00, 0x68,
    0x58, 0x5F, 0x5C, 0x6C, 0x4A, 0x49, 0x49, 0x49, 0x4E, 0x00, 0x00, 0x00, 0x00, 0x00, 0x00, 0x70,
    0x48, 0x4B, 0x4C, 0x74, 0x54, 0x52, 0x49, 0x49, 0x4E, 0x00, 0x00, 0xE0, 0x70, 0x3F, 0x03, 0x81,
    0xF8, 0x1C, 0x0F, 0xC0, 0xE0, 0x77, 0x0F, 0x87, 0x38, 0x7C, 0x39, 0xC3, 0x61, 0xCE, 0x7F, 0xEE,
    0x33, 0xFF, 0x61, 0xCE, 0xE7, 0x0E, 0xFF, 0xF8, 0x77, 0xFF, 0xC1, 0xB8, 0xEC, 0x0D, 0xC7, 0x60,
    0x7C, 0x1F, 0x03, 0xE0, 0xF8, 0x0E, 0x03, 0x80, 0x70, 0x1C, 0x03, 0x80, 0xE0, 0x00, 0x00, 0x00,
    0x00, 0x00, 0x00, 0xF2, 0x8A, 0xAA, 0xAA, 0xAA, 0xAA, 0xA2, 0xBC, 0x00, 0x00, 0x00, 0x00, 0x00,
    0x02, 0x0F, 0x02, 0x3A, 0x46, 0x42, 0x42, 0x42, 0x42, 0x46, 0x3A, 0x00, 0x7E, 0x01, 0xFC, 0x01,
    0xFF, 0xC0, 0xF8, 0xF8, 0x78, 0x0F, 0x1C, 0x01, 0xCF, 0x00, 0x03, 0x80, 0x03, 0xFF, 0x00, 0xFF,
    0xC0, 0x0E, 0x00, 0x0F, 0xFC, 0x03, 0xFF, 0x00, 0x38, 0x00, 0x0F, 0x00, 0x71, 0xC0, 0x1C, 0x78,
    0x0F, 0x0F, 0x8F, 0x81, 0xFF, 0xC0, 0x1F, 0xC0, 0xE0, 0x3F, 0x81, 0xEE, 0x0F, 0x38, 0x78, 0xE3,
    0xC3, 0x9E, 0x0E, 0xF0, 0x3F, 0x80, 0xFF, 0xFF, 0xFF, 0xFF, 0x78, 0x38, 0xE0, 0xE1, 0xC3, 0x87,
    0x8E, 0x0E, 0x38, 0x1C, 0xE0, 0x7B, 0x80, 0xEE, 0x03, 0xC0, 0x00, 0x00, 0x00, 0x00, 0x7F, 0x08,
    0x08, 0x0E, 0x38, 0x0E, 0x38, 0x08, 0x08, 0x08, 0x00, 0x00, 0x00, 0x00, 0x00, 0x00, 0x70, 0x48,
    0x48, 0x48, 0x48, 0x4E, 0x4D, 0x4D, 0x4E, 0x74, 0x04, 0x04, 0x00, 0x00, 0x00, 0x00, 0x38, 0x44,
    0x44, 0x44, 0x28, 0x18, 0x54, 0x64, 0x62, 0x42, 0x04, 0x08, 0x00, 0x00, 0x7C, 0x42, 0xFF, 0x42,
    0xFF, 0x42, 0x7C, 0x40, 0x40, 0x40, 0x40, 0x40, 0x00, 0x00, 0x00, 0x00, 0x10, 0x10, 0x3C, 0x52,
    0x52, 0x50, 0x50, 0x56, 0x52, 0x52, 0x56, 0x3A, 0x10, 0x10, 0x00, 0x00, 0x00, 0x00, 0x18, 0x24,
    0x24, 0xFF, 0x42, 0xFF, 0x42, 0x42, 0x42, 0x42, 0x00, 0x00, 0x00, 0x00, 0x00, 0x00, 0x3C, 0x42,
    0x02, 0x02, 0xFF, 0x30, 0xFF, 0x40, 0x42, 0x3C, 0x00, 0x00, 0x00, 0x00, 0x10, 0x10, 0x3C, 0x52,
    0x52, 0x50, 0x50, 0x50, 0x50, 0x52, 0x52, 0x3C, 0x10, 0x10, 0x00, 0x00, 0x00, 0x00, 0x28, 0x28,
    0x28, 0x7E, 0x28, 0x28, 0x28, 0x28, 0x29, 0x26, 0x00, 0x00, 0x00, 0x00, 0x00, 0x00, 0x3C, 0x42,
    0x42, 0x20, 0x18, 0x04, 0x52, 0xAA, 0xAA, 0xFC, 0xA8, 0xA8, 0x00, 0x00, 0x00, 0x00, 0x00, 0x00,
    0xFE, 0x00, 0xFE, 0x10, 0x10, 0x10, 0x10, 0x10, 0x00, 0x00, 0x00, 0x00, 0x00, 0x00, 0x00, 0x00,
    0x0F, 0xF0, 0x01, 0x80, 0x00, 0x40, 0x0F, 0xF0, 0x00, 0x40, 0x00, 0x80, 0x0F, 0x00, 0x04, 0x00,
    0x02, 0x00, 0x01, 0x00, 0x00, 0x80, 0x00, 0x40, 0x00, 0x00, 0x00, 0x00, 0x00, 0x20, 0x20, 0x28,
    0x30, 0x60, 0xA8, 0x30, 0x62, 0xA2, 0x24, 0x38, 0x00, 0x00, 0x00, 0x00, 0x00, 0x00, 0x40, 0xA0,
    0xFC, 0x22, 0x42, 0x54, 0xE8, 0x40, 0x44, 0x38, 0x00, 0x00, 0x00, 0x00, 0x00, 0x00, 0x00, 0x00,
    0x00, 0x10, 0x10, 0x38, 0x54, 0x54, 0x54, 0x54, 0x00, 0x00, 0x00, 0x00, 0x00, 0x00, 0x3C, 0x22,
    0x22, 0x22, 0x7C, 0x20, 0x7C, 0x20, 0x20, 0x20, 0x00, 0x00, 0x00, 0x00, 0x28, 0x7C, 0xAA, 0xAA,
    0xAA, 0x80, 0x80, 0x80, 0x80, 0x40, 0x20, 0xFE, 0x00, 0x00, 0x00, 0x00, 0x28, 0x28, 0xFC, 0x42,
    0x42, 0x42, 0x7C, 0x42, 0x42, 0x42, 0x42, 0xFC, 0x28, 0x28, 0x00, 0x00, 0x00, 0x00, 0x3C, 0x42,
    0x42, 0x40, 0x40, 0x42, 0x42, 0x3C, 0x00, 0x7E, 0x00, 0x00, 0x00, 0x00, 0x00, 0x00, 0x10, 0x14,
    0x14, 0x14, 0x17, 0x1C, 0x77, 0x10, 0xE3, 0x0C, 0x00, 0x00, 0x00, 0x00, 0x00, 0x00, 0x00, 0x00,
    0x14, 0x08, 0x54, 0x20, 0xD0, 0x00, 0x00, 0x00, 0x00, 0x00, 0x00, 0x00, 0x00, 0x00, 0xF0, 0x48,
    0x44, 0xFE, 0x44, 0x44, 0xFE, 0x44, 0x48, 0xF0, 0x00, 0x00, 0x00, 0x00, 0x00, 0x00, 0x3C, 0x42,
    0x40, 0x40, 0x40, 0xFE, 0x40, 0x30, 0x0C, 0xFE, 0x00, 0x00, 0x00, 0x00, 0x7F, 0xFE, 0x61, 0xCE,
    0x7D, 0xB6, 0x61, 0xB6, 0x6F, 0xB6, 0x61, 0xCE, 0x7F, 0xFE, 0x7F, 0xFE, 0x71, 0x86, 0x6F, 0xBE,
    0x6F, 0x86, 0x6F, 0xF6, 0x71, 0x86, 0x7F, 0xFE, 0x00, 0x00, 0x00, 0x00, 0x7F, 0xFE, 0x61, 0xCE,
    0x7D, 0xB6, 0x61, 0xB6, 0x6F, 0xB6, 0x61, 0xCE, 0x7F, 0xFE, 0x7F, 0xFE, 0x71, 0xCE, 0x6F, 0xBE,
    0x6F, 0x8E, 0x6F, 0xB6, 0x71, 0xCE, 0x7F, 0xFE, 0x00, 0x00, 0x00, 0x00, 0x7F, 0xFE, 0x61, 0xCE,
    0x7D, 0xB6, 0x61, 0xB6, 0x6F, 0xB6, 0x61, 0xCE, 0x7F, 0xFE, 0x7F, 0xFE, 0x71, 0x86, 0x6F, 0xF6,
    0x6F, 0xEE, 0x6F, 0xDE, 0x71, 0xDE, 0x7F, 0xFE, 0x00, 0x00, 0x00, 0x00, 0x7F, 0xFE, 0x61, 0xCE,
    0x7D, 0xB6, 0x61, 0xB6, 0x6F, 0xB6, 0x61, 0xCE, 0x7F, 0xFE, 0x7F, 0xFE, 0x71, 0xCE, 0x6F, 0xB6,
    0x6F, 0xCE, 0x6F, 0xB6, 0x71, 0xCE, 0x7F, 0xFE, 0x00, 0x00, 0x00, 0x00, 0x7F, 0xFE, 0x61, 0xCE,
    0x7D, 0xB6, 0x61, 0xB6, 0x6F, 0xB6, 0x61, 0xCE, 0x7F, 0xFE, 0x7F, 0xFE, 0x71, 0xCE, 0x6F, 0xB6,
    0x6F, 0xC6, 0x6F, 0xF6, 0x71, 0xCE, 0x7F, 0xFE, 0x00, 0x00, 0x00, 0x00, 0x7F, 0xFE, 0x61, 0xCE,
    0x7D, 0xB6, 0x61, 0xB6, 0x6F, 0xB6, 0x61, 0xCE, 0x7F, 0xFE, 0x7F, 0xFE, 0x71, 0x86, 0x6F, 0xB6,
    0x6F, 0x86, 0x6F, 0xB6, 0x71, 0xB6, 0x7F, 0xFE, 0x00, 0x00, 0x00, 0x00, 0x7F, 0xFE, 0x61, 0xCE,
    0x7D, 0xB6, 0x61, 0xB6, 0x6F, 0xB6, 0x61, 0xCE, 0x7F, 0xFE, 0x7F, 0xFE, 0x71, 0x8E, 0x6F, 0xB6,
    0x6F, 0x8E, 0x6F, 0xB6, 0x71, 0x8E, 0x7F, 0xFE, 0x00, 0x00, 0x00, 0x00, 0x7F, 0xFE, 0x61, 0xCE,
    0x7D, 0xB6, 0x61, 0xB6, 0x6F, 0xB6, 0x61, 0xCE, 0x7F, 0xFE, 0x7F, 0xFE, 0x71, 0xC6, 0x6F, 0xBE,
    0x6F, 0xBE, 0x6F, 0xBE, 0x71, 0xC6, 0x7F, 0xFE, 0x00, 0x00, 0x00, 0x00, 0x7F, 0xFE, 0x61, 0xCE,
    0x7D, 0xB6, 0x61, 0xB6, 0x6F, 0xB6, 0x61, 0xCE, 0x7F, 0xFE, 0x7F, 0xFE, 0x71, 0x8E, 0x6F, 0xB6,
    0x6F, 0xB6, 0x6F, 0xB6, 0x71, 0x8E, 0x7F, 0xFE, 0x00, 0x00, 0x00, 0x00, 0x7F, 0xFE, 0x61, 0xCE,
    0x7D, 0xB6, 0x61, 0xB6, 0x6F, 0xB6, 0x61, 0xCE, 0x7F, 0xFE, 0x7F, 0xFE, 0x71, 0x86, 0x6F, 0xBE,
    0x6F, 0x8E, 0x6F, 0xBE, 0x71, 0x86, 0x7F, 0xFE, 0x00, 0x00, 0x00, 0x00, 0x7F, 0xFE, 0x61, 0xCE,
    0x7D, 0xB6, 0x61, 0xB6, 0x6F, 0xB6, 0x61, 0xCE, 0x7F, 0xFE, 0x7F, 0xFE, 0x71, 0x86, 0x6F, 0xBE,
    0x6F, 0x8E, 0x6F, 0xBE, 0x71, 0xBE, 0x7F, 0xFE, 0x00, 0x00, 0x00, 0x00, 0x00, 0x00, 0x00, 0x00,
    0x00, 0x10, 0x20, 0x7F, 0x20, 0x10, 0x00, 0x00, 0x00, 0x00, 0x00, 0x00, 0x08, 0x1C, 0x2A, 0x08,
    0x08, 0x08, 0x08, 0x08, 0x08, 0x08, 0x08, 0x08, 0x08, 0x08, 0x00, 0x00, 0x00, 0x00, 0x00, 0x00,
    0x00, 0x08, 0x04, 0xFE, 0x04, 0x08, 0x00, 0x00, 0x00, 0x00, 0x08, 0x08, 0x08, 0x08, 0x08, 0x08,
    0x08, 0x08, 0x08, 0x08, 0x08, 0x2A, 0x1C, 0x08, 0x00, 0x00, 0x00, 0x00, 0x00, 0x00, 0x00, 0x00,
    0x00, 0x24, 0x42, 0xFF, 0x42, 0x24, 0x00, 0x00, 0x00, 0x00, 0x00, 0x00, 0x08, 0x1C, 0x2A, 0x08,
    0x08, 0x08, 0x08, 0x08, 0x08, 0x2A, 0x1C, 0x08, 0x00, 0x00, 0x00, 0x00, 0x00, 0x00, 0x00, 0x78,
    0x60, 0x50, 0x48, 0x04, 0x02, 0x00, 0x00, 0x00, 0x00, 0x00, 0x00, 0x00, 0x00, 0x00, 0x00, 0x1E,
    0x06, 0x0A, 0x12, 0x20, 0x40, 0x00, 0x00, 0x00, 0x00, 0x00, 0x00, 0x00, 0x00, 0x00, 0x00, 0x40,
    0x20, 0x12, 0x0A, 0x06, 0x1E, 0x00, 0x00, 0x00, 0x00, 0x00, 0x00, 0x00, 0x00, 0x00, 0x00, 0x00,
    0x02, 0x04, 0x48, 0x50, 0x60, 0x78, 0x00, 0x00, 0x00, 0x00, 0x00, 0x00, 0x00, 0x00, 0x00, 0x04,
    0x04, 0x14, 0x24, 0x7F, 0x24, 0x14, 0x04, 0x04, 0x00, 0x00, 0x00, 0x00, 0x00, 0x00, 0x00, 0x20,
    0x20, 0x28, 0x24, 0xFE, 0x24, 0x28, 0x20, 0x20, 0x00, 0x00, 0x00, 0x00, 0x00, 0x00, 0x00, 0x00,
    0x00, 0x00, 0x00, 0x00, 0x00, 0x00, 0x38, 0x00, 0x30, 0x1C, 0x28, 0x22, 0x04, 0x41, 0x03, 0x80,
    0x00, 0x00, 0x00, 0x00, 0x00, 0x00, 0x00, 0x00, 0x00, 0x00, 0x00, 0x00, 0x00, 0x00, 0x00, 0x00,
    0x00, 0x00, 0x00, 0x00, 0x00, 0x00, 0x00, 0x1C, 0x38, 0x0C, 0x44, 0x14, 0x82, 0x20, 0x01, 0xC0,
    0x00, 0x00, 0x00, 0x00, 0x00, 0x00, 0x00, 0x00, 0x00, 0x00, 0x00, 0x00, 0x00, 0x00, 0x00, 0x00,
    0x00, 0x24, 0x48, 0xFF, 0x48, 0x24, 0x00, 0x00, 0x00, 0x00, 0x00, 0x00, 0x08, 0x1C, 0x2A, 0x08,
    0x1C, 0x2A, 0x08, 0x08, 0x08, 0x08, 0x08, 0x08, 0x08, 0x08, 0x00, 0x00, 0x00, 0x00, 0x00, 0x00,
    0x00, 0x24, 0x12, 0xFF, 0x12, 0x24, 0x00, 0x00, 0x00, 0x00, 0x08, 0x08, 0x08, 0x08, 0x08, 0x08,
    0x08, 0x08, 0x08, 0x2A, 0x1C, 0x08, 0x2A, 0x1C, 0x08, 0x00, 0x00, 0x00, 0x00, 0x00, 0x00, 0x00,
    0x00, 0x11, 0x22, 0x7C, 0x22, 0x11, 0x00, 0x00, 0x00, 0x00, 0x00, 0x00, 0x00, 0x00, 0x00, 0x00,
    0x00, 0x88, 0x44, 0x3E, 0x44, 0x88, 0x00, 0x00, 0x00, 0x00, 0x00, 0x00, 0x00, 0x00, 0x00, 0x00,
    0x00, 0x12, 0x22, 0x7E, 0x22, 0x12, 0x00, 0x00, 0x00, 0x00, 0x00, 0x00, 0x08, 0x1C, 0x2A, 0x08,
    0x08, 0x08, 0x08, 0x08, 0x08, 0x08, 0x08, 0x3E, 0x00, 0x00, 0x00, 0x00, 0x00, 0x00, 0x00, 0x00,
    0x00, 0x48, 0x44, 0x7E, 0x44, 0x48, 0x00, 0x00, 0x00, 0x00, 0x00, 0x00, 0x3E, 0x08, 0x08, 0x08,
    0x08, 0x08, 0x08, 0x08, 0x08, 0x2A, 0x1C, 0x08, 0x00, 0x00, 0x00, 0x00, 0x08, 0x1C, 0x2A, 0x08,
    0x08, 0x08, 0x08, 0x08, 0x2A, 0x1C, 0x08, 0x3E, 0x00, 0x00, 0x00, 0x00, 0x00, 0x00, 0x00, 0x00,
    0x02, 0x11, 0x21, 0x7E, 0x20, 0x10, 0x00, 0x00, 0x00, 0x00, 0x00, 0x00, 0x00, 0x00, 0x00, 0x00,
    0x20, 0x44, 0x42, 0x3F, 0x02, 0x04, 0x00, 0x00, 0x00, 0x00, 0x00, 0x00, 0x00, 0x00, 0x00, 0x00,
    0x02, 0x15, 0x25, 0x7E, 0x24, 0x14, 0x00, 0x00, 0x00, 0x00, 0x00, 0x00, 0x00, 0x00, 0x00, 0x00,
    0x20, 0x54, 0x52, 0x3F, 0x12, 0x14, 0x00, 0x00, 0x00, 0x00, 0x00, 0x00, 0x00, 0x00, 0x00, 0x00,
    0x00, 0x24, 0x5A, 0xE7, 0x42, 0x24, 0x00, 0x00, 0x00, 0x00, 0x00, 0x00, 0x00, 0x00, 0x00, 0x08,
    0x08, 0x2C, 0x4A, 0xFF, 0x4A, 0x2C, 0x08, 0x08, 0x00, 0x00, 0x00, 0x00, 0x40, 0x40, 0x40, 0x48,
    0x58, 0x68, 0x48, 0x08, 0x08, 0x2A, 0x1C, 0x08, 0x00, 0x00, 0x00, 0x00, 0x00, 0x00, 0x00, 0x00,
    0x00, 0x10, 0x20, 0x78, 0x24, 0x14, 0x04, 0x04, 0x04, 0x04, 0x00, 0x00, 0x00, 0x00, 0x00, 0x00,
    0x00, 0x08, 0x04, 0x1E, 0x24, 0x28, 0x20, 0x20, 0x20, 0x20, 0x04, 0x04, 0x04, 0x04, 0x04, 0x04,
    0x04, 0x14, 0x24, 0x78, 0x20, 0x10, 0x00, 0x00, 0x00, 0x00, 0x20, 0x20, 0x20, 0x20, 0x20, 0x20,
    0x20, 0x28, 0x24, 0x1E, 0x04, 0x08, 0x00, 0x00, 0x00, 0x00, 0x00, 0x00, 0x00, 0x00, 0x00, 0x00,
    0x00, 0x00, 0x00, 0xFC, 0x04, 0x15, 0x0E, 0x04, 0x00, 0x00, 0x04, 0x04, 0x04, 0x04, 0x04, 0x04,
    0x04, 0x14, 0x24, 0x7C, 0x20, 0x10, 0x00, 0x00, 0x00, 0x00, 0x00, 0x00, 0x00, 0x00, 0x00, 0x00,
    0x1E, 0x21, 0xA9, 0x71, 0x20, 0x00, 0x00, 0x00, 0x00, 0x00, 0x00, 0x00, 0x00, 0x00, 0x00, 0x00,
    0x78, 0x84, 0x95, 0x8E, 0x04, 0x00, 0x00, 0x00, 0x00, 0x00, 0x00, 0x00, 0x00, 0x7E, 0x00, 0x78,
    0x60, 0x50, 0x48, 0x04, 0x02, 0x00, 0x00, 0x00, 0x00, 0x00, 0x00, 0x00, 0x00, 0x50, 0x60, 0x7E,
    0x60, 0x50, 0x00, 0x0A, 0x06, 0x7E, 0x06, 0x0A, 0x00, 0x00, 0x00, 0x00, 0x00, 0x00, 0x00, 0x00,
    0x00, 0x2E, 0x4C, 0x4A, 0x42, 0x42, 0x3C, 0x00, 0x00, 0x00, 0x00, 0x00, 0x00, 0x00, 0x00, 0x00,
    0x00, 0x74, 0x32, 0x52, 0x42, 0x42, 0x3C, 0x00, 0x00, 0x00, 0x00, 0x00, 0x00, 0x00, 0x00, 0x00,
    0x00, 0x10, 0x20, 0x7F, 0x00, 0x00, 0x00, 0x00, 0x00, 0x00, 0x00, 0x00, 0x00, 0x00, 0x00, 0x00,
    0x00, 0x00, 0x00, 0x7F, 0x20, 0x10, 0x00, 0x00, 0x00, 0x00, 0x00, 0x00, 0x08, 0x0C, 0x0A, 0x08,
    0x08, 0x08, 0x08, 0x08, 0x08, 0x08, 0x08, 0x08, 0x08, 0x08, 0x00, 0x00, 0x08, 0x18, 0x28, 0x08,
    0x08, 0x08, 0x08, 0x08, 0x08, 0x08, 0x08, 0x08, 0x08, 0x08, 0x00, 0x00, 0x00, 0x00, 0x00, 0x00,
    0x00, 0x08, 0x04, 0xFE, 0x00, 0x00, 0x00, 0x00, 0x00, 0x00, 0x00, 0x00, 0x00, 0x00, 0x00, 0x00,
    0x00, 0x00, 0x00, 0xFE, 0x04, 0x08, 0x00, 0x00, 0x00, 0x00, 0x08, 0x08, 0x08, 0x08, 0x08, 0x08,
    0x08, 0x08, 0x08, 0x08, 0x08, 0x0A, 0x0C, 0x08, 0x00, 0x00, 0x08, 0x08, 0x08, 0x08, 0x08, 0x08,
    0x08, 0x08, 0x08, 0x08, 0x08, 0x28, 0x18, 0x08, 0x00, 0x00, 0x00, 0x00, 0x00, 0x08, 0x04, 0x7E,
    0x04, 0x08, 0x00, 0x10, 0x20, 0x7E, 0x20, 0x10, 0x00, 0x00, 0x00, 0x00, 0x24, 0x74, 0xAC, 0x24,
    0x24, 0x24, 0x24, 0x24, 0x24, 0x35, 0x2E, 0x24, 0x00, 0x00, 0x00, 0x00, 0x00, 0x10, 0x20, 0x7E,
    0x20, 0x10, 0x00, 0x08, 0x04, 0x7E, 0x04, 0x08, 0x00, 0x00, 0x00, 0x00, 0x00, 0x10, 0x20, 0x7E,
    0x20, 0x10, 0x00, 0x10, 0x20, 0x7E, 0x20, 0x10, 0x00, 0x00, 0x00, 0x00, 0x24, 0x7E, 0xA5, 0x24,
    0x24, 0x24, 0x24, 0x24, 0x24, 0x24, 0x24, 0x24, 0x00, 0x00, 0x00, 0x00, 0x00, 0x08, 0x04, 0x7E,
    0x04, 0x08, 0x00, 0x08, 0x04, 0x7E, 0x04, 0x08, 0x00, 0x00, 0x00, 0x00, 0x24, 0x24, 0x24, 0x24,
    0x24, 0x24, 0x24, 0x24, 0x24, 0xA5, 0x7E, 0x24, 0x00, 0x00, 0x00, 0x00, 0x00, 0x00, 0x00, 0x00,
    0x10, 0x20, 0x7E, 0x00, 0x7E, 0x04, 0x08, 0x00, 0x00, 0x00, 0x00, 0x00, 0x00, 0x00, 0x00, 0x00,
    0x08, 0x04, 0x7E, 0x00, 0x7E, 0x20, 0x10, 0x00, 0x00, 0x00, 0x00, 0x00, 0x00, 0x00, 0x00, 0x08,
    0x08, 0x28, 0x7E, 0x88, 0x7E, 0x28, 0x08, 0x08, 0x00, 0x00, 0x00, 0x00, 0x00, 0x00, 0x00, 0x08,
    0x08, 0x2C, 0x7E, 0x89, 0x7E, 0x2C, 0x08, 0x08, 0x00, 0x00, 0x00, 0x00, 0x00, 0x00, 0x00, 0x10,
    0x10, 0x14, 0x7E, 0x11, 0x7E, 0x14, 0x10, 0x10, 0x00, 0x00, 0x00, 0x00, 0x00, 0x00, 0x00, 0x00,
    0x00, 0x10, 0x3E, 0x40, 0x3E, 0x10, 0x00, 0x00, 0x00, 0x00, 0x00, 0x00, 0x08, 0x14, 0x36, 0x14,
    0x14, 0x14, 0x14, 0x14, 0x14, 0x14, 0x14, 0x14, 0x00, 0x00, 0x00, 0x00, 0x00, 0x00, 0x00, 0x00,
    0x00, 0x08, 0x7C, 0x02, 0x7C, 0x08, 0x00, 0x00, 0x00, 0x00, 0x00, 0x00, 0x14, 0x14, 0x14, 0x14,
    0x14, 0x14, 0x14, 0x14, 0x14, 0x36, 0x14, 0x08, 0x00, 0x00, 0x00, 0x00, 0x00, 0x00, 0x00, 0x00,
    0x00, 0x24, 0x7E, 0x81, 0x7E, 0x24, 0x00, 0x00, 0x00, 0x00, 0x00, 0x00, 0x08, 0x14, 0x36, 0x14,
    0x14, 0x14, 0x14, 0x14, 0x14, 0x36, 0x14, 0x08, 0x00, 0x00, 0x00, 0x00, 0x00, 0x00, 0x00, 0x78,
    0x50, 0x68, 0x54, 0x0A, 0x04, 0x00, 0x00, 0x00, 0x00, 0x00, 0x00, 0x00, 0x00, 0x00, 0x00, 0x1E,
    0x0A, 0x16, 0x2A, 0x50, 0x20, 0x00, 0x00, 0x00, 0x00, 0x00, 0x00, 0x00, 0x00, 0x00, 0x00, 0x20,
    0x50, 0x2A, 0x16, 0x0A, 0x1E, 0x00, 0x00, 0x00, 0x00, 0x00, 0x00, 0x00, 0x00, 0x00, 0x00, 0x04,
    0x0A, 0x54, 0x68, 0x50, 0x78, 0x00, 0x00, 0x00, 0x00, 0x00, 0x00, 0x00, 0x00, 0x00, 0x00, 0x00,
    0x10, 0x3E, 0x40, 0xFE, 0x40, 0x3E, 0x10, 0x00, 0x00, 0x00, 0x00, 0x00, 0x00, 0x00, 0x00, 0x00,
    0x08, 0x7C, 0x02, 0x7F, 0x02, 0x7C, 0x08, 0x00, 0x00, 0x00, 0x00, 0x00, 0x00, 0x00, 0x00, 0x00,
    0x00, 0x20, 0x42, 0xF5, 0x48, 0x20, 0x00, 0x00, 0x00, 0x00, 0x00, 0x00, 0x00, 0x00, 0x00, 0x00,
    0x00, 0x04, 0x42, 0xAF, 0x12, 0x04, 0x00, 0x00, 0x00, 0x00, 0x00, 0x00, 0x08, 0x1C, 0x2A, 0x08,
    0x08, 0x08, 0x3E, 0x08, 0x3E, 0x08, 0x08, 0x08, 0x08, 0x08, 0x08, 0x08, 0x08, 0x08, 0x08, 0x3E,
    0x08, 0x3E, 0x08, 0x08, 0x08, 0x2A, 0x1C, 0x08, 0x00, 0x00, 0x00, 0x00, 0x00, 0x00, 0x00, 0x00,
    0x00, 0x10, 0x20, 0x77, 0x20, 0x10, 0x00, 0x00, 0x00, 0x00, 0x00, 0x00, 0x08, 0x1C, 0x2A, 0x08,
    0x08, 0x00, 0x08, 0x08, 0x08, 0x08, 0x00, 0x08, 0x08, 0x08, 0x00, 0x00, 0x00, 0x00, 0x00, 0x00,
    0x00, 0x04, 0x02, 0xEF, 0x02, 0x04, 0x00, 0x00, 0x00, 0x00, 0x08, 0x08, 0x08, 0x00, 0x08, 0x08,
    0x08, 0x08, 0x00, 0x08, 0x08, 0x2A, 0x1C, 0x08, 0x00, 0x00, 0x00, 0x00, 0x00, 0x00, 0x00, 0x00,
    0x00, 0x50, 0x60, 0x7F, 0x60, 0x50, 0x00, 0x00, 0x00, 0x00, 0x00, 0x00, 0x00, 0x00, 0x00, 0x00,
    0x00, 0x0A, 0x06, 0xFE, 0x06, 0x0A, 0x00, 0x00, 0x00, 0x00, 0x00, 0x00, 0x00, 0x00, 0x00, 0x00,
    0x10, 0x30, 0x5F, 0x81, 0x5F, 0x30, 0x10, 0x00, 0x00, 0x00, 0x00, 0x00, 0x08, 0x14, 0x22, 0x77,
    0x14, 0x14, 0x14, 0x14, 0x14, 0x14, 0x14, 0x1C, 0x00, 0x00, 0x00, 0x00, 0x00, 0x00, 0x00, 0x00,
    0x08, 0x0C, 0xFA, 0x81, 0xFA, 0x0C, 0x08, 0x00, 0x00, 0x00, 0x00, 0x00, 0x1C, 0x14, 0x14, 0x14,
    0x14, 0x14, 0x14, 0x14, 0x77, 0x22, 0x14, 0x08, 0x00, 0x00, 0x00, 0x00, 0x08, 0x14, 0x22, 0x77,
    0x14, 0x14, 0x14, 0x1C, 0x00, 0x1C, 0x14, 0x1C, 0x00, 0x00, 0x00, 0x00, 0x08, 0x14, 0x22, 0x63,
    0x22, 0x22, 0x22, 0x22, 0x22, 0x63, 0x41, 0x7F, 0x00, 0x00, 0x00, 0x00, 0x08, 0x14, 0x3E, 0x63,
    0x22, 0x22, 0x22, 0x22, 0x22, 0x63, 0x41, 0x7F, 0x00, 0x00, 0x00, 0x00, 0x08, 0x1C, 0x2A, 0x6B,
    0x2A, 0x2A, 0x2A, 0x2A, 0x2A, 0x6B, 0x49, 0x7F, 0x00, 0x00, 0x00, 0x08, 0x14, 0x2A, 0x77, 0x22,
    0x63, 0x22, 0x22, 0x22, 0x22, 0x22, 0x22, 0x3E, 0x00, 0x00, 0x00, 0x08, 0x14, 0x2A, 0x77, 0x22,
    0x63, 0x22, 0x22, 0x22, 0x22, 0x63, 0x41, 0x7F, 0x00, 0x00, 0x00, 0x00, 0x00, 0x00, 0x00, 0x00,
    0x08, 0x6C, 0x7A, 0x41, 0x7A, 0x6C, 0x08, 0x00, 0x00, 0x00, 0x00, 0x00, 0x00, 0x00, 0x00, 0x7F,
    0x40, 0x5C, 0x58, 0x54, 0x42, 0x41, 0x40, 0x40, 0x00, 0x00, 0x00, 0x00, 0x00, 0x00, 0x00, 0x01,
    0x01, 0x41, 0x21, 0x15, 0x0D, 0x1D, 0x01, 0x7F, 0x00, 0x00, 0x00, 0x00, 0x08, 0x14, 0x36, 0x14,
    0x14, 0x14, 0x14, 0x14, 0x14, 0x36, 0x14, 0x08, 0x00, 0x00, 0x00, 0x00, 0x00, 0x00, 0x00, 0x00,
    0x00, 0x00, 0x00, 0x00, 0x00, 0x00, 0x00, 0x00, 0x07, 0x08, 0x08, 0x84, 0xFF, 0xFE, 0x08, 0x84,
    0x07, 0x08, 0x00, 0x00, 0x00, 0x00, 0x00, 0x00, 0x00, 0x00, 0x00, 0x00, 0x24, 0x2E, 0x35, 0x24,
    0x24, 0x24, 0x24, 0x24, 0x24, 0xAC, 0x74, 0x24, 0x00, 0x00, 0x00, 0x00, 0x00, 0x04, 0x02, 0xFF,
    0x02, 0x04, 0x02, 0xFF, 0x02, 0x04, 0x02, 0xFF, 0x02, 0x04, 0x00, 0x00, 0x00, 0x00, 0x00, 0x00,
    0x00, 0x24, 0x44, 0xFF, 0x44, 0x24, 0x00, 0x00, 0x00, 0x00, 0x00, 0x00, 0x00, 0x00, 0x00, 0x00,
    0x00, 0x24, 0x22, 0xFF, 0x22, 0x24, 0x00, 0x00, 0x00, 0x00, 0x00, 0x00, 0x00, 0x00, 0x00, 0x00,
    0x00, 0x00, 0x00, 0x00, 0x00, 0x00, 0x00, 0x00, 0x09, 0x20, 0x11, 0x10, 0x3F, 0xF8, 0x11, 0x10,
    0x09, 0x20, 0x00, 0x00, 0x00, 0x00, 0x00, 0x00, 0x00, 0x00, 0x00, 0x00, 0x00, 0x00, 0x00, 0x00,
    0x00, 0x00, 0x00, 0x00, 0x00, 0x00, 0x00, 0x00, 0x11, 0x40, 0x21, 0x40, 0x7F, 0xFF, 0x21, 0x40,
    0x11, 0x40, 0x00, 0x00, 0x00, 0x00, 0x00, 0x00, 0x00, 0x00, 0x00, 0x00, 0x00, 0x00, 0x00, 0x00,
    0x00, 0x00, 0x00, 0x00, 0x00, 0x00, 0x00, 0x00, 0x02, 0x88, 0x02, 0x84, 0xFF, 0xFE, 0x02, 0x84,
    0x02, 0x88, 0x00, 0x00, 0x00, 0x00, 0x00, 0x00, 0x00, 0x00, 0x00, 0x00, 0x00, 0x00, 0x00, 0x00,
    0x00, 0x00, 0x00, 0x00, 0x00, 0x00, 0x00, 0x00, 0x12, 0x90, 0x22, 0x88, 0x7F, 0xFC, 0x22, 0x88,
    0x12, 0x90, 0x00, 0x00, 0x00, 0x00, 0x00, 0x00, 0x00, 0x00, 0x00, 0x00, 0x00, 0x00, 0x00, 0x00,
    0x00, 0x20, 0x60, 0xBF, 0x60, 0x20, 0x00, 0x00, 0x00, 0x00, 0x00, 0x00, 0x00, 0x00, 0x00, 0x00,
    0x00, 0x04, 0x06, 0xFD, 0x06, 0x04, 0x00, 0x00, 0x00, 0x00, 0x00, 0x00, 0x00, 0x00, 0x00, 0x00,
    0x00, 0x00, 0x00, 0x00, 0x00, 0x00, 0x00, 0x00, 0x08, 0x10, 0x18, 0x18, 0x2F, 0xF4, 0x18, 0x18,
    0x08, 0x10, 0x00, 0x00, 0x00, 0x00, 0x00, 0x00, 0x00, 0x00, 0xE0, 0x07, 0xE0, 0x07, 0xE0, 0x07,
    0x70, 0x0E, 0x70, 0x0E, 0x7F, 0xFE, 0x3F, 0xFC, 0x38, 0x1C, 0x38, 0x1C, 0x1C, 0x38, 0x1C, 0x38,
    0x1C, 0x38, 0x0E, 0x70, 0x0E, 0x70, 0x0E, 0x60, 0x07, 0xE0, 0x07, 0xE0, 0x03, 0xC0, 0x03, 0xC0,
    0x00, 0x00, 0x00, 0x00, 0x18, 0x24, 0x24, 0x20, 0x20, 0x20, 0x20, 0x24, 0x24, 0x18, 0x00, 0x00,
    0x00, 0x00, 0x00, 0x00, 0x1C, 0x22, 0x02, 0x02, 0x1E, 0x22, 0x42, 0x44, 0x44, 0x38, 0x00, 0x00,
    0x7F, 0xFB, 0xFF, 0xC0, 0x0E, 0x00, 0x70, 0x03, 0x80, 0x1C, 0x00, 0xE0, 0x07, 0x3F, 0xF9, 0xFF,
    0xC0, 0x0E, 0x00, 0x70, 0x03, 0x80, 0x1C, 0x00, 0xE0, 0x07, 0x00, 0x3F, 0xFF, 0xFF, 0xFE, 0x7F,
    0xFB, 0xFF, 0xC0, 0x3E, 0x03, 0x70, 0x1B, 0x80, 0xDC, 0x0C, 0xE0, 0x67, 0x3F, 0xF9, 0xFF, 0xC1,
    0x8E, 0x0C, 0x70, 0x63, 0x86, 0x1C, 0x30, 0xE1, 0x87, 0x18, 0x3F, 0xFF, 0xFF, 0xFE, 0x00, 0x00,
    0x00, 0x00, 0x00, 0x00, 0x00, 0x1D, 0x22, 0x45, 0x49, 0x51, 0x22, 0x5C, 0x00, 0x00, 0x00, 0x00,
    0x00, 0x00, 0x08, 0x08, 0x14, 0x14, 0x14, 0x22, 0x22, 0x22, 0x41, 0x7F, 0x00, 0x00, 0x00, 0x00,
    0x00, 0x00, 0x7F, 0x41, 0x22, 0x22, 0x22, 0x14, 0x14, 0x14, 0x08, 0x08, 0x00, 0x00, 0x00, 0x00,
    0x00, 0x00, 0x00, 0x00, 0x00, 0x3E, 0x40, 0x40, 0x7E, 0x40, 0x40, 0x3E, 0x00, 0x00, 0x00, 0x00,
    0x00, 0x00, 0x00, 0x04, 0x04, 0x3E, 0x48, 0x48, 0x7E, 0x50, 0x50, 0x3E, 0x20, 0x20, 0x00, 0x00,
    0x00, 0x00, 0x00, 0x00, 0x00, 0x00, 0x00, 0x3E, 0x40, 0x7E, 0x40, 0x3E, 0x00, 0x00, 0x00, 0x00,
    0x00, 0x00, 0x00, 0x00, 0x00, 0x7C, 0x02, 0x02, 0x7E, 0x02, 0x02, 0x7C, 0x00, 0x00, 0x00, 0x00,
    0x00, 0x00, 0x00, 0x04, 0x04, 0x7C, 0x0A, 0x0A, 0x7E, 0x12, 0x12, 0x7C, 0x20, 0x20, 0x00, 0x00,
    0x00, 0x00, 0x00, 0x00, 0x00, 0x00, 0x00, 0x7C, 0x02, 0x7E, 0x02, 0x7C, 0x00, 0x00, 0x00, 0x00,
    0x00, 0x00, 0x7E, 0x7E, 0x7E, 0x7E, 0x7E, 0x7E, 0x7E, 0x7E, 0x7E, 0x7E, 0x00, 0x00, 0x00, 0x00,
    0x00, 0x00, 0x7F, 0x22, 0x22, 0x22, 0x22, 0x22, 0x22, 0x22, 0x22, 0x22, 0x77, 0x00, 0x00, 0x00,
    0x00, 0x00, 0x77, 0x22, 0x22, 0x22, 0x22, 0x22, 0x22, 0x22, 0x22, 0x22, 0x7F, 0x00, 0x00, 0x00,
    0x00, 0x00, 0x7E, 0x42, 0x20, 0x10, 0x08, 0x04, 0x08, 0x10, 0x20, 0x42, 0x7E, 0x00, 0xFF, 0xFF,
    0xFF, 0x00, 0x00, 0x00, 0x00, 0x7F, 0x00, 0x08, 0x08, 0x08, 0x7F, 0x08, 0x08, 0x08, 0x00, 0x00,
    0x00, 0x00, 0x00, 0x08, 0x1C, 0x08, 0x00, 0x08, 0x08, 0x08, 0x7F, 0x08, 0x08, 0x08, 0x00, 0x00,
    0x00, 0x00, 0xC0, 0x30, 0x18, 0x06, 0x03, 0x00, 0xC0, 0x60, 0x18, 0x0C, 0x03, 0x01, 0x80, 0x60,
    0x30, 0x0C, 0x06, 0x01, 0x80, 0xC0, 0x30, 0x00, 0x00, 0x00, 0x00, 0x00, 0x40, 0x20, 0x20, 0x10,
    0x10, 0x08, 0x08, 0x04, 0x04, 0x02, 0x00, 0x00, 0x00, 0x00, 0x00, 0x00, 0x00, 0x00, 0x08, 0x2A,
    0x1C, 0x08, 0x1C, 0x2A, 0x08, 0x00, 0x00, 0x00, 0x00, 0x00, 0x00, 0x00, 0x00, 0x00, 0x00, 0x00,
    0x18, 0x24, 0x24, 0x18, 0x00, 0x00, 0x00, 0x00, 0xFF, 0x80, 0x00, 0x00, 0x07, 0x04, 0x04, 0x04,
    0x04, 0x04, 0x74, 0x14, 0x14, 0x0C, 0x0C, 0x04, 0x04, 0x00, 0x00, 0x00, 0x67, 0x14, 0x64, 0x14,
    0x64, 0x04, 0x74, 0x14, 0x14, 0x0C, 0x0C, 0x04, 0x04, 0x00, 0x00, 0x00, 0x57, 0x54, 0x74, 0x14,
    0x14, 0x04, 0x74, 0x14, 0x14, 0x0C, 0x0C, 0x04, 0x04, 0x00, 0x00, 0x00, 0x00, 0x00, 0x00, 0x00,
    0x00, 0x36, 0x48, 0x48, 0x36, 0x00, 0x00, 0x00, 0x00, 0x00, 0x00, 0x00, 0x00, 0x00, 0x00, 0x00,
    0x00, 0x36, 0x49, 0x49, 0x36, 0x00, 0x00, 0x00, 0x00, 0x00, 0x00, 0x00, 0x00, 0x00, 0x00, 0x00,
    0x00, 0x40, 0x40, 0x40, 0x40, 0x40, 0x40, 0x7E, 0x00, 0x00, 0x00, 0x00, 0x00, 0x00, 0x00, 0x00,
    0x00, 0x00, 0x02, 0x04, 0x08, 0x10, 0x20, 0x7E, 0x00, 0x00, 0x00, 0x00, 0x00, 0x00, 0x00, 0x00,
    0x00, 0x00, 0x02, 0x14, 0x08, 0x14, 0x24, 0x7E, 0x04, 0x00, 0x00, 0x00, 0x00, 0x00, 0x00, 0x00,
    0x00, 0x0A, 0x0C, 0x14, 0x64, 0x14, 0x0C, 0x0A, 0x00, 0x00, 0x00, 0x00, 0x00, 0x00, 0x18, 0x18,
    0x18, 0x18, 0x18, 0x18, 0x18, 0x18, 0x18, 0x18, 0x00, 0x00, 0x00, 0x00, 0x00, 0x00, 0x18, 0x18,
    0x1A, 0x1C, 0x18, 0x18, 0x38, 0x58, 0x18, 0x18, 0x00, 0x00, 0x00, 0x00, 0x00, 0x00, 0x24, 0x24,
    0x24, 0x24, 0x24, 0x24, 0x24, 0x24, 0x24, 0x24, 0x00, 0x00, 0x00, 0x00, 0x00, 0x00, 0x24, 0x24,
    0x26, 0x24, 0x2C, 0x34, 0x24, 0x64, 0x24, 0x24, 0x00, 0x00, 0x00, 0x00, 0x00, 0x00, 0x00, 0x00,
    0x08, 0x08, 0x14, 0x14, 0x22, 0x22, 0x41, 0x41, 0x00, 0x00, 0x00, 0x00, 0x00, 0x00, 0x00, 0x00,
    0x41, 0x41, 0x22, 0x22, 0x14, 0x14, 0x08, 0x08, 0x00, 0x00, 0x00, 0x00, 0x00, 0x00, 0x00, 0x00,
    0x3C, 0x42, 0x42, 0x42, 0x42, 0x42, 0x42, 0x42, 0x00, 0x00, 0x00, 0x00, 0x00, 0x00, 0x00, 0x00,
    0x42, 0x42, 0x42, 0x42, 0x42, 0x42, 0x42, 0x3C, 0x00, 0x00, 0x00, 0x06, 0x0A, 0x08, 0x08, 0x08,
    0x08, 0x08, 0x08, 0x08, 0x08, 0x08, 0x08, 0x28, 0x30, 0x00, 0x00, 0x0A, 0x15, 0x14, 0x14, 0x14,
    0x14, 0x14, 0x14, 0x14, 0x14, 0x14, 0x14, 0x54, 0x68, 0x00, 0x00, 0x15, 0x2A, 0x2A, 0x2A, 0x2A,
    0x2A, 0x2A, 0x2A, 0x2A, 0x2A, 0x2A, 0x2A, 0xAA, 0xD4, 0x00, 0x00, 0x06, 0x0A, 0x08, 0x08, 0x08,
    0x1C, 0x2A, 0x2A, 0x1C, 0x08, 0x08, 0x08, 0x28, 0x30, 0x00, 0x00, 0x0A, 0x15, 0x14, 0x14, 0x14,
    0x3E, 0x55, 0x55, 0x3E, 0x14, 0x14, 0x14, 0x54, 0x68, 0x00, 0x00, 0x15, 0x2A, 0x2A, 0x2A, 0x7E,
    0xAB, 0xAB, 0xAB, 0x7E, 0x2A, 0x2A, 0x2A, 0xAA, 0xD4, 0x00, 0x00, 0x06, 0x0A, 0x08, 0x08, 0x08,
    0x1D, 0x2B, 0x2F, 0x08, 0x08, 0x08, 0x08, 0x28, 0x30, 0x00, 0x00, 0x06, 0x0A, 0x08, 0x08, 0x08,
    0x1D, 0x2B, 0x2F, 0x2A, 0x1C, 0x08, 0x08, 0x28, 0x30, 0x00, 0x00, 0x06, 0x0A, 0x08, 0x08, 0x08,
    0x5C, 0x6A, 0x7A, 0x2A, 0x1C, 0x08, 0x08, 0x28, 0x30, 0x00, 0x00, 0x00, 0x00, 0x00, 0x00, 0x00,
    0x18, 0x18, 0x00, 0x00, 0x00, 0x66, 0x66, 0x00, 0x00, 0x00, 0x00, 0x00, 0x00, 0x00, 0x00, 0x00,
    0x66, 0x66, 0x00, 0x00, 0x00, 0x18, 0x18, 0x00, 0x00, 0x00, 0xFF, 0x80, 0x00, 0x00, 0x7F, 0xC0,
    0x00, 0x00, 0x00, 0x00, 0x00, 0x00, 0x66, 0x66, 0x00, 0x00, 0x00, 0x66, 0x66, 0x00, 0x00, 0x00,
    0x00, 0x00, 0x00, 0x00, 0x00, 0x00, 0x18, 0x18, 0x00, 0x7E, 0x00, 0x00, 0x00, 0x00, 0x00, 0x00,
    0x00, 0x00, 0x00, 0x00, 0x00, 0x00, 0x06, 0x06, 0x00, 0x78, 0x00, 0x06, 0x06, 0x00, 0x00, 0x00,
    0x00, 0x00, 0x00, 0x00, 0x00, 0x00, 0x66, 0x66, 0x00, 0x7E, 0x00, 0x66, 0x66, 0x00, 0x00, 0x00,
    0x00, 0x00, 0x00, 0x00, 0x00, 0x18, 0x18, 0x00, 0x32, 0x4C, 0x00, 0x18, 0x18, 0x00, 0x00, 0x00,
    0x00, 0x00, 0x00, 0x00, 0x00, 0x00, 0x00, 0x00, 0x32, 0x4C, 0x00, 0x00, 0x00, 0x00, 0x00, 0x00,
    0x00, 0x00, 0x00, 0x00, 0x00, 0x00, 0x00, 0x00, 0x4C, 0x32, 0x00, 0x00, 0x00, 0x00, 0x00, 0x00,
    0x00, 0x00, 0x00, 0x00, 0x00, 0x00, 0x00, 0x00, 0x32, 0x49, 0x26, 0x00, 0x00, 0x00, 0x00, 0x00,
    0x00, 0x00, 0x00, 0x00, 0x00, 0x00, 0x00, 0x30, 0x48, 0x49, 0x09, 0x06, 0x00, 0x00, 0x00, 0x00,
    0x00, 0x00, 0x00, 0x00, 0x00, 0x10, 0x08, 0x08, 0x08, 0x10, 0x10, 0x10, 0x08, 0x00, 0x00, 0x00,
    0x00, 0x00, 0x00, 0x00, 0x00, 0x00, 0x04, 0x04, 0x08, 0x3A, 0x54, 0x10, 0x20, 0x20, 0x00, 0x00,
    0x00, 0x00, 0x00, 0x00, 0x00, 0x00, 0x00, 0x00, 0x7E, 0x00, 0x00, 0x32, 0x4C, 0x00, 0x00, 0x00,
    0x00, 0x00, 0x00, 0x00, 0x00, 0x00, 0x00, 0x32, 0x4C, 0x00, 0x00, 0x7E, 0x00, 0x00, 0x00, 0x00,
    0x00, 0x00, 0x00, 0x04, 0x04, 0x08, 0x08, 0x3A, 0x54, 0x10, 0x10, 0x7E, 0x20, 0x20, 0x40, 0x40,
    0x00, 0x00, 0x00, 0x00, 0x32, 0x4C, 0x00, 0x00, 0x7E, 0x00, 0x00, 0x7E, 0x00, 0x00, 0x00, 0x00,
    0x00, 0x00, 0x00, 0x00, 0x32, 0x4C, 0x02, 0x04, 0x7E, 0x08, 0x10, 0x7E, 0x20, 0x40, 0x00, 0x00,
    0x00, 0x00, 0x04, 0x04, 0x3A, 0x4C, 0x08, 0x10, 0x7E, 0x10, 0x20, 0x7E, 0x20, 0x40, 0x40, 0x00,
    0x00, 0x00, 0x00, 0x00, 0x00, 0x00, 0x00, 0x32, 0x4C, 0x00, 0x32, 0x4C, 0x00, 0x00, 0x00, 0x00,
    0x00, 0x00, 0x00, 0x00, 0x00, 0x04, 0x04, 0x3A, 0x4C, 0x10, 0x3A, 0x54, 0x20, 0x20, 0x00, 0x00,
    0x00, 0x00, 0x00, 0x00, 0x00, 0x32, 0x4C, 0x00, 0x32, 0x4C, 0x00, 0x7E, 0x00, 0x00, 0x00, 0x00,
    0x00, 0x00, 0x00, 0x00, 0x00, 0x32, 0x4C, 0x00, 0x32, 0x4C, 0x00, 0x32, 0x4C, 0x00, 0x00, 0x00,
    0x00, 0x00, 0x00, 0x00, 0x4C, 0x32, 0x00, 0x00, 0x7E, 0x00, 0x00, 0x7E, 0x00, 0x00, 0x00, 0x00,
    0x00, 0x00, 0x00, 0x00, 0x00, 0x00, 0x42, 0x3C, 0x00, 0x00, 0x3C, 0x42, 0x00, 0x00, 0x00, 0x00,
    0x00, 0x00, 0x00, 0x00, 0x00, 0x00, 0x18, 0x66, 0x00, 0x00, 0x66, 0x18, 0x00, 0x00, 0x00, 0x00,
    0x00, 0x00, 0x00, 0x00, 0x00, 0x00, 0x00, 0x18, 0x66, 0x00, 0x00, 0x7E, 0x00, 0x00, 0x00, 0x00,
    0x00, 0x00, 0x00, 0x00, 0x18, 0x18, 0x00, 0x00, 0x7E, 0x00, 0x00, 0x7E, 0x00, 0x00, 0x00, 0x00,
    0x00, 0x00, 0x00, 0x18, 0x18, 0x00, 0x7E, 0x00, 0x00, 0x7E, 0x00, 0x18, 0x18, 0x00, 0x00, 0x00,
    0x00, 0x00, 0x00, 0x60, 0x60, 0x00, 0x7E, 0x00, 0x00, 0x7E, 0x00, 0x06, 0x06, 0x00, 0x00, 0x00,
    0x00, 0x00, 0x00, 0x06, 0x06, 0x00, 0x7E, 0x00, 0x00, 0x7E, 0x00, 0x60, 0x60, 0x00, 0x00, 0x00,
    0x00, 0x00, 0x00, 0x00, 0x00, 0x00, 0x00, 0x5E, 0x00, 0x00, 0x5E, 0x00, 0x00, 0x00, 0x00, 0x00,
    0x00, 0x00, 0x00, 0x00, 0x00, 0x00, 0x00, 0x7A, 0x00, 0x00, 0x7A, 0x00, 0x00, 0x00, 0x00, 0x00,
    0x00, 0x00, 0x00, 0x00, 0x00, 0x00, 0x00, 0x7E, 0x24, 0x24, 0x7E, 0x00, 0x00, 0x00, 0x00, 0x00,
    0x00, 0x00, 0x00, 0x18, 0x24, 0x24, 0x18, 0x00, 0x7E, 0x00, 0x00, 0x7E, 0x00, 0x00, 0x00, 0x00,
    0x00, 0x00, 0x00, 0x00, 0x3C, 0x42, 0x00, 0x00, 0x7E, 0x00, 0x00, 0x7E, 0x00, 0x00, 0x00, 0x00,
    0x0E, 0x07, 0xC3, 0xB9, 0xC7, 0x00, 0x3F, 0xFF, 0xFC, 0x00, 0xFF, 0xFF, 0xF0, 0x71, 0xCE, 0xE1,
    0xF0, 0x38, 0x00, 0x3F, 0xFF, 0xFC, 0x00, 0xFF, 0xFF, 0xF0, 0x00, 0x00, 0x08, 0x3E, 0x1C, 0x14,
    0x00, 0x00, 0x7E, 0x00, 0x00, 0x7E, 0x00, 0x00, 0x00, 0x00, 0x00, 0x00, 0x08, 0x14, 0x22, 0x3E,
    0x00, 0x00, 0x7E, 0x00, 0x00, 0x7E, 0x00, 0x00, 0x00, 0x00, 0x00, 0x00, 0x12, 0x14, 0x76, 0x54,
    0x74, 0x00, 0x00, 0x7E, 0x00, 0x00, 0x7E, 0x00, 0x00, 0x00, 0x00, 0x00, 0x00, 0x68, 0x54, 0x54,
    0x54, 0x00, 0x7E, 0x00, 0x00, 0x7E, 0x00, 0x00, 0x00, 0x00, 0x00, 0x30, 0x48, 0x08, 0x10, 0x10,
    0x00, 0x10, 0x00, 0x7E, 0x00, 0x00, 0x7E, 0x00, 0x00, 0x00, 0x01, 0x80, 0x60, 0x18, 0x0C, 0x03,
    0x00, 0xC0, 0x63, 0xFF, 0xFF, 0xC1, 0x8F, 0xFF, 0xFF, 0x0C, 0x06, 0x01, 0x80, 0x60, 0x30, 0x0C,
    0x03, 0x00, 0xFF, 0xFF, 0xF0, 0x03, 0xFF, 0xFF, 0xC0, 0x0F, 0xFF, 0xFF, 0x01, 0x80, 0x60, 0x18,
    0x0C, 0x03, 0x00, 0xCF, 0xFF, 0xFF, 0x06, 0x3F, 0xFF, 0xFC, 0x30, 0xFF, 0xFF, 0xF1, 0x80, 0x60,
    0x30, 0x0C, 0x03, 0x00, 0x00, 0x00, 0x00, 0x00, 0x00, 0x00, 0x7E, 0x00, 0x7E, 0x00, 0x7E, 0x00,
    0x7E, 0x00, 0x00, 0x00, 0x00, 0x38, 0x07, 0xC0, 0xF8, 0x1F, 0x03, 0xE0, 0x78, 0x03, 0xC0, 0x07,
    0xC0, 0x0F, 0x80, 0x1F, 0x00, 0x3E, 0x00, 0x70, 0x00, 0x7F, 0xFF, 0xFF, 0xE0, 0xE0, 0x07, 0xC0,
    0x0F, 0x80, 0x1F, 0x00, 0x3E, 0x00, 0x3C, 0x01, 0xE0, 0x7C, 0x0F, 0x81, 0xF0, 0x3E, 0x01, 0xC0,
    0x00, 0x00, 0x7F, 0xFF, 0xFF, 0xE0, 0x00, 0x00, 0x00, 0x06, 0x18, 0x60, 0x18, 0x06, 0x00, 0x7E,
    0x00, 0x00, 0x7E, 0x00, 0x00, 0x00, 0x00, 0x00, 0x00, 0x60, 0x18, 0x06, 0x18, 0x60, 0x00, 0x7E,
    0x00, 0x00, 0x7E, 0x00, 0x00, 0x00, 0x00, 0x00, 0x00, 0x06, 0x18, 0x60, 0x18, 0x06, 0x04, 0x7E,
    0x08, 0x10, 0x7E, 0x20, 0x40, 0x00, 0x00, 0x00, 0x00, 0x60, 0x18, 0x06, 0x18, 0x62, 0x04, 0x7E,
    0x08, 0x10, 0x7E, 0x20, 0x40, 0x00, 0x00, 0x00, 0x00, 0x00, 0x00, 0x09, 0x12, 0x24, 0x48, 0x90,
    0x48, 0x24, 0x12, 0x09, 0x00, 0x00, 0x00, 0x00, 0x00, 0x00, 0x00, 0x90, 0x48, 0x24, 0x12, 0x09,
    0x12, 0x24, 0x48, 0x90, 0x00, 0x00, 0x00, 0x00, 0x00, 0x00, 0x24, 0x18, 0x18, 0x24, 0x24, 0x24,
    0x24, 0x18, 0x18, 0x24, 0x00, 0x00, 0x00, 0x00, 0x00, 0x02, 0x02, 0x04, 0x85, 0x7E, 0x08, 0x10,
    0x7E, 0xA1, 0x20, 0x40, 0x40, 0x00, 0x00, 0xC0, 0x06, 0x00, 0x30, 0x03, 0x00, 0x1B, 0x80, 0xFC,
    0x0F, 0x81, 0xF0, 0x3F, 0x07, 0x98, 0x3D, 0x80, 0x7C, 0x00, 0xF8, 0x07, 0xF0, 0x33, 0xE1, 0x87,
    0x18, 0x00, 0xC0, 0x06, 0x00, 0x00, 0xC0, 0x06, 0x00, 0x30, 0x03, 0x0E, 0x18, 0x7C, 0xC0, 0xFC,
    0x01, 0xF0, 0x03, 0xE0, 0x1B, 0xC1, 0x9E, 0x0F, 0xC0, 0xF8, 0x1F, 0x03, 0xF0, 0x1D, 0x80, 0x18,
    0x00, 0xC0, 0x06, 0x00, 0x00, 0xC0, 0x06, 0x00, 0x3E, 0x03, 0xF0, 0x3E, 0x07, 0xC0, 0xFC, 0x1E,
    0x60, 0xF3, 0x01, 0xF8, 0x03, 0xE0, 0x0F, 0xC0, 0x6F, 0x86, 0x1C, 0x30, 0x1F, 0xFF, 0xFF, 0xF8,
    0xC0, 0x06, 0x00, 0x00, 0xC0, 0x06, 0x38, 0x31, 0xF3, 0x03, 0xF8, 0x07, 0xC0, 0x0F, 0x80, 0x6F,
    0x03, 0x78, 0x1F, 0x03, 0xE0, 0x7C, 0x0F, 0xE0, 0x76, 0x00, 0x30, 0x1F, 0xFF, 0xFF, 0xF8, 0xC0,
    0x06, 0x00, 0x00, 0x00, 0x00, 0x00, 0x00, 0x00, 0x06, 0x18, 0x60, 0x18, 0x06, 0x00, 0x32, 0x4C,
    0x00, 0x00, 0x00, 0x00, 0x00, 0x00, 0x00, 0x00, 0x60, 0x18, 0x06, 0x18, 0x60, 0x00, 0x32, 0x4C,
    0x00, 0x00, 0x00, 0x00, 0x00, 0x00, 0x04, 0x04, 0x0E, 0x18, 0x68, 0x18, 0x1E, 0x10, 0x3A, 0x64,
    0x20, 0x20, 0x00, 0x00, 0x00, 0x00, 0x08, 0x08, 0x78, 0x18, 0x16, 0x18, 0x70, 0x10, 0x32, 0x6C,
    0x20, 0x20, 0x00, 0x00, 0x00, 0x00, 0x06, 0x18, 0x60, 0x18, 0x06, 0x60, 0x18, 0x06, 0x18, 0x60,
    0x00, 0x00, 0x00, 0x00, 0x00, 0x00, 0x60, 0x18, 0x06, 0x18, 0x60, 0x06, 0x18, 0x60, 0x18, 0x06,
    0x00, 0x00, 0x00, 0x00, 0x02, 0x02, 0x0E, 0x14, 0x68, 0x18, 0x1E, 0x70, 0x28, 0x2E, 0x50, 0x60,
    0x80, 0x80, 0x00, 0x00, 0x04, 0x04, 0x68, 0x18, 0x16, 0x18, 0x70, 0x16, 0x38, 0x60, 0x38, 0x26,
    0x40, 0x40, 0x00, 0x00, 0x00, 0x00, 0x00, 0x02, 0x02, 0x04, 0x18, 0x60, 0x18, 0x04, 0x02, 0x02,
    0x00, 0x00, 0x00, 0x00, 0x00, 0x00, 0x00, 0x40, 0x40, 0x20, 0x18, 0x06, 0x18, 0x20, 0x40, 0x40,
    0x00, 0x00, 0x00, 0x00, 0x00, 0x00, 0x00, 0x02, 0x02, 0x04, 0x18, 0x60, 0x18, 0x64, 0x1A, 0x04,
    0x02, 0x00, 0x00, 0x00, 0x00, 0x00, 0x00, 0x40, 0x40, 0x20, 0x18, 0x06, 0x18, 0x26, 0x58, 0x20,
    0x40, 0x00, 0x00, 0x00, 0x00, 0x00, 0x00, 0x02, 0x02, 0x04, 0x18, 0x60, 0x18, 0x04, 0x66, 0x9A,
    0x00, 0x00, 0x00, 0x00, 0x00, 0x00, 0x00, 0x40, 0x40, 0x20, 0x18, 0x06, 0x18, 0x20, 0x59, 0x66,
    0x00, 0x00, 0x00, 0x00, 0x00, 0x00, 0x04, 0x06, 0x0A, 0x0C, 0x08, 0x70, 0x18, 0x14, 0x22, 0x22,
    0x00, 0x00, 0x00, 0x00, 0x00, 0x00, 0x04, 0x44, 0x48, 0x28, 0x18, 0x0E, 0x18, 0x30, 0x50, 0x60,
    0x20, 0x00, 0x00, 0x00, 0x00, 0x00, 0x00, 0x00, 0x3E, 0x40, 0x40, 0x40, 0x40, 0x3E, 0x00, 0x00,
    0x00, 0x00, 0x00, 0x00, 0x00, 0x00, 0x00, 0x00, 0x7C, 0x02, 0x02, 0x02, 0x02, 0x7C, 0x00, 0x00,
    0x00, 0x00, 0x00, 0x00, 0x00, 0x00, 0x04, 0x04, 0x3E, 0x48, 0x50, 0x50, 0x60, 0x3E, 0x40, 0x40,
    0x00, 0x00, 0x00, 0x00, 0x00, 0x00, 0x02, 0x02, 0x7C, 0x0A, 0x0A, 0x12, 0x12, 0x7C, 0x20, 0x20,
    0x00, 0x00, 0x00, 0x00, 0x00, 0x00, 0x00, 0x00, 0x3E, 0x40, 0x40, 0x40, 0x40, 0x3E, 0x00, 0x7E,
    0x00, 0x00, 0x00, 0x00, 0x00, 0x00, 0x00, 0x00, 0x7C, 0x02, 0x02, 0x02, 0x02, 0x7C, 0x00, 0x7E,
    0x00, 0x00, 0x00, 0x00, 0x00, 0x00, 0x04, 0x04, 0x3E, 0x48, 0x48, 0x50, 0x50, 0x3E, 0x20, 0x7E,
    0x40, 0x00, 0x00, 0x00, 0x00, 0x00, 0x02, 0x02, 0x7C, 0x0A, 0x0A, 0x12, 0x12, 0x7C, 0x20, 0x7E,
    0x40, 0x00, 0x00, 0x00, 0x00, 0x00, 0x00, 0x00, 0x3E, 0x40, 0x40, 0x40, 0x40, 0x3E, 0x04, 0x7E,
    0x10, 0x00, 0x00, 0x00, 0x00, 0x00, 0x00, 0x00, 0x7C, 0x02, 0x02, 0x02, 0x02, 0x7C, 0x08, 0x7E,
    0x20, 0x00, 0x00, 0x00, 0x00, 0x00, 0x42, 0x42, 0x42, 0x4A, 0x52, 0x7E, 0x52, 0x4A, 0x42, 0x3C,
    0x00, 0x00, 0x00, 0x00, 0x00, 0x00, 0x42, 0x42, 0x42, 0x42, 0x42, 0x5A, 0x5A, 0x42, 0x42, 0x3C,
    0x00, 0x00, 0x00, 0x00, 0x00, 0x00, 0x42, 0x42, 0x42, 0x52, 0x52, 0x7A, 0x52, 0x52, 0x42, 0x3C,
    0x00, 0x00, 0x00, 0x00, 0x00, 0x00, 0x00, 0x00, 0x7E, 0x40, 0x40, 0x40, 0x40, 0x7E, 0x00, 0x00,
    0x00, 0x00, 0x00, 0x00, 0x00, 0x00, 0x00, 0x00, 0x7E, 0x02, 0x02, 0x02, 0x02, 0x7E, 0x00, 0x00,
    0x00, 0x00, 0x00, 0x00, 0x00, 0x00, 0x00, 0x00, 0x7E, 0x40, 0x40, 0x40, 0x40, 0x7E, 0x00, 0x7E,
    0x00, 0x00, 0x00, 0x00, 0x00, 0x00, 0x00, 0x00, 0x7E, 0x02, 0x02, 0x02, 0x02, 0x7E, 0x00, 0x7E,
    0x00, 0x00, 0x00, 0x00, 0x00, 0x00, 0x00, 0x00, 0x7E, 0x42, 0x42, 0x42, 0x42, 0x42, 0x00, 0x00,
    0x00, 0x00, 0x00, 0x00, 0x00, 0x00, 0x00, 0x00, 0x42, 0x42, 0x42, 0x42, 0x42, 0x7E, 0x00, 0x00,
    0x00, 0x00, 0x00, 0x00, 0x00, 0x00, 0x00, 0x00, 0x1C, 0x2A, 0x49, 0x7F, 0x49, 0x2A, 0x1C, 0x00,
    0x00, 0x00, 0x00, 0x00, 0x00, 0x00, 0x00, 0x00, 0x1C, 0x22, 0x41, 0x7F, 0x41, 0x22, 0x1C, 0x00,
    0x00, 0x00, 0x00, 0x00, 0x00, 0x00, 0x00, 0x00, 0x1C, 0x22, 0x55, 0x49, 0x55, 0x22, 0x1C, 0x00,
    0x00, 0x00, 0x00, 0x00, 0x00, 0x00, 0x00, 0x00, 0x1C, 0x22, 0x45, 0x49, 0x51, 0x22, 0x1C, 0x00,
    0x00, 0x00, 0x00, 0x00, 0x00, 0x00, 0x00, 0x00, 0x1C, 0x22, 0x41, 0x49, 0x41, 0x22, 0x1C, 0x00,
    0x00, 0x00, 0x00, 0x00, 0x00, 0x00, 0x00, 0x00, 0x1C, 0x22, 0x49, 0x55, 0x49, 0x22, 0x1C, 0x00,
    0x00, 0x00, 0x00, 0x00, 0x00, 0x00, 0x00, 0x00, 0x1C, 0x22, 0x49, 0x5D, 0x49, 0x22, 0x1C, 0x00,
    0x00, 0x00, 0x00, 0x00, 0x00, 0x00, 0x00, 0x00, 0x1C, 0x22, 0x5D, 0x41, 0x5D, 0x22, 0x1C, 0x00,
    0x00, 0x00, 0x00, 0x00, 0x00, 0x00, 0x00, 0x00, 0x1C, 0x22, 0x41, 0x5D, 0x41, 0x22, 0x1C, 0x00,
    0x00, 0x00, 0x00, 0x00, 0x00, 0x00, 0x00, 0x00, 0x7F, 0x49, 0x49, 0x7F, 0x49, 0x49, 0x7F, 0x00,
    0x00, 0x00, 0x00, 0x00, 0x00, 0x00, 0x00, 0x00, 0x7F, 0x41, 0x41, 0x7F, 0x41, 0x41, 0x7F, 0x00,
    0x00, 0x00, 0x00, 0x00, 0x00, 0x00, 0x00, 0x00, 0x7F, 0x63, 0x55, 0x49, 0x55, 0x63, 0x7F, 0x00,
    0x00, 0x00, 0x00, 0x00, 0x00, 0x00, 0x00, 0x00, 0x7F, 0x41, 0x41, 0x49, 0x41, 0x41, 0x7F, 0x00,
    0x00, 0x00, 0x00, 0x00, 0x00, 0x00, 0x00, 0x00, 0x40, 0x40, 0x40, 0x7E, 0x40, 0x40, 0x40, 0x00,
    0x00, 0x00, 0x00, 0x00, 0x00, 0x00, 0x00, 0x00, 0x02, 0x02, 0x02, 0x7E, 0x02, 0x02, 0x02, 0x00,
    0x00, 0x00, 0x00, 0x00, 0x00, 0x00, 0x00, 0x00, 0x7F, 0x08, 0x08, 0x08, 0x08, 0x08, 0x08, 0x00,
    0x00, 0x00, 0x00, 0x00, 0x00, 0x00, 0x00, 0x00, 0x08, 0x08, 0x08, 0x08, 0x08, 0x08, 0x7F, 0x00,
    0x00, 0x00, 0x00, 0x00, 0x00, 0x00, 0x00, 0x20, 0x20, 0x20, 0x20, 0x3C, 0x20, 0x20, 0x20, 0x20,
    0x00, 0x00, 0x00, 0x00, 0x00, 0x00, 0x00, 0x20, 0x20, 0x20, 0x3C, 0x20, 0x3C, 0x20, 0x20, 0x20,
    0x00, 0x00, 0x00, 0x00, 0x00, 0x00, 0x00, 0x40, 0x40, 0x40, 0x7E, 0x40, 0x7E, 0x40, 0x40, 0x40,
    0x00, 0x00, 0x00, 0x00, 0x00, 0x00, 0x00, 0x50, 0x50, 0x50, 0x50, 0x5E, 0x50, 0x50, 0x50, 0x50,
    0x00, 0x00, 0x00, 0x00, 0x00, 0x00, 0x00, 0x54, 0x54, 0x54, 0x54, 0x57, 0x54, 0x54, 0x54, 0x54,
    0x00, 0x00, 0x00, 0x00, 0x00, 0x00, 0x00, 0x50, 0x50, 0x50, 0x5E, 0x50, 0x5E, 0x50, 0x50, 0x50,
    0x00, 0x00, 0x00, 0x00, 0x00, 0x00, 0x00, 0x40, 0x40, 0x48, 0x48, 0x7E, 0x48, 0x48, 0x40, 0x40,
    0x00, 0x00, 0x00, 0x00, 0x00, 0x00, 0x00, 0x40, 0x48, 0x48, 0x7E, 0x48, 0x7E, 0x48, 0x48, 0x40,
    0x00, 0x00, 0x00, 0x00, 0x00, 0x00, 0x00, 0x50, 0x50, 0x54, 0x54, 0x5E, 0x54, 0x54, 0x50, 0x50,
    0x00, 0x00, 0x00, 0x00, 0x00, 0x00, 0x00, 0x50, 0x54, 0x54, 0x5E, 0x54, 0x5E, 0x54, 0x54, 0x50,
    0x00, 0x00, 0x00, 0x00, 0x00, 0x00, 0x00, 0x0C, 0x02, 0x04, 0x18, 0x60, 0x18, 0x04, 0x02, 0x0C,
    0x00, 0x00, 0x00, 0x00, 0x00, 0x00, 0x00, 0x30, 0x40, 0x20, 0x18, 0x06, 0x18, 0x20, 0x40, 0x30,
    0x00, 0x00, 0x00, 0x00, 0x00, 0x00, 0x00, 0x00, 0x00, 0x06, 0x1A, 0x62, 0x1A, 0x06, 0x00, 0x00,
    0x00, 0x00, 0x00, 0x00, 0x00, 0x00, 0x00, 0x00, 0x00, 0x60, 0x58, 0x46, 0x58, 0x60, 0x00, 0x00,
    0x00, 0x00, 0x00, 0x00, 0x00, 0x00, 0x00, 0x00, 0x00, 0x06, 0x1A, 0x62, 0x1A, 0x06, 0x00, 0x7E,
    0x00, 0x00, 0x00, 0x00, 0x00, 0x00, 0x00, 0x00, 0x00, 0x60, 0x58, 0x46, 0x58, 0x60, 0x00, 0x7E,
    0x00, 0x00, 0x00, 0x00, 0x00, 0x00, 0x00, 0x00, 0x00, 0x00, 0x00, 0x00, 0x00, 0x00, 0x00, 0x00,
    0x30, 0x0C, 0x48, 0x1E, 0x4F, 0xFE, 0x48, 0x1E, 0x30, 0x0C, 0x00, 0x00, 0x00, 0x00, 0x00, 0x00,
    0x00, 0x00, 0x00, 0x00, 0x00, 0x00, 0x00, 0x00, 0x00, 0x00, 0x00, 0x00, 0x00, 0x00, 0x00, 0x00,
    0x30, 0x0C, 0x78, 0x12, 0x7F, 0xF2, 0x78, 0x12, 0x30, 0x0C, 0x00, 0x00, 0x00, 0x00, 0x00, 0x00,
    0x00, 0x00, 0x00, 0x00, 0x00, 0x00, 0x00, 0x00, 0x00, 0x00, 0x00, 0x00, 0x00, 0x00, 0x00, 0x00,
    0x00, 0x38, 0x00, 0x44, 0x3F, 0xC4, 0x00, 0x44, 0x00, 0x38, 0x00, 0x00, 0x00, 0x00, 0x00, 0x00,
    0x00, 0x00, 0x00, 0x00, 0x00, 0x00, 0x00, 0x00, 0x08, 0x08, 0x00, 0x63, 0x00, 0x08, 0x08, 0x00,
    0x00, 0x00, 0x00, 0x00, 0x00, 0x00, 0x3E, 0x08, 0x08, 0x08, 0x08, 0x08, 0x08, 0x08, 0x08, 0x08,
    0x00, 0x00, 0x00, 0x00, 0x00, 0x00, 0x00, 0x00, 0x00, 0x22, 0x22, 0x14, 0x14, 0x08, 0x00, 0x3E,
    0x00, 0x00, 0x00, 0x00, 0x00, 0x00, 0x00, 0x00, 0x3E, 0x00, 0x08, 0x14, 0x14, 0x22, 0x22, 0x00,
    0x00, 0x00, 0x00, 0x00, 0x00, 0x00, 0x00, 0x00, 0x3E, 0x00, 0x22, 0x22, 0x14, 0x14, 0x08, 0x00,
    0x00, 0x00, 0x00, 0x00, 0x00, 0x00, 0x00, 0x00, 0x00, 0x40, 0x40, 0x40, 0x78, 0x48, 0x48, 0x7E,
    0x00, 0x00, 0x00, 0x00, 0x00, 0x00, 0x00, 0x00, 0x00, 0x00, 0x02, 0x06, 0x0A, 0x12, 0x22, 0x7E,
    0x00, 0x00, 0x00, 0x00, 0x00, 0x00, 0x08, 0x14, 0x14, 0x14, 0x22, 0x22, 0x22, 0x41, 0x41, 0x41,
    0x00, 0x00, 0x00, 0x00, 0x00, 0x00, 0x41, 0x41, 0x41, 0x22, 0x22, 0x22, 0x14, 0x14, 0x14, 0x08,
    0x00, 0x00, 0x00, 0x00, 0x00, 0x00, 0x3C, 0x42, 0x42, 0x42, 0x42, 0x42, 0x42, 0x42, 0x42, 0x42,
    0x00, 0x00, 0x00, 0x00, 0x00, 0x00, 0x42, 0x42, 0x42, 0x42, 0x42, 0x42, 0x42, 0x42, 0x42, 0x3C,
    0x00, 0x00, 0x00, 0x00, 0x00, 0x00, 0x00, 0x00, 0x00, 0x08, 0x14, 0x22, 0x14, 0x08, 0x00, 0x00,
    0x00, 0x00, 0x00, 0x00, 0x00, 0x00, 0x00, 0x00, 0x00, 0x00, 0x18, 0x18, 0x00, 0x00, 0x00, 0x00,
    0x00, 0x00, 0x00, 0x00, 0x00, 0x00, 0x00, 0x00, 0x00, 0x08, 0x3E, 0x1C, 0x14, 0x00, 0x00, 0x00,
    0x00, 0x00, 0x00, 0x00, 0x00, 0x00, 0x00, 0x00, 0x18, 0x42, 0x24, 0x7E, 0x24, 0x42, 0x18, 0x00,
    0x00, 0x00, 0x00, 0x00, 0x00, 0x00, 0x00, 0x00, 0x41, 0x63, 0x55, 0x49, 0x55, 0x63, 0x41, 0x00,
    0x00, 0x00, 0x00, 0x00, 0x00, 0x00, 0x00, 0x00, 0x41, 0x62, 0x54, 0x48, 0x54, 0x62, 0x41, 0x00,
    0x00, 0x00, 0x00, 0x00, 0x00, 0x00, 0x00, 0x00, 0x41, 0x23, 0x15, 0x09, 0x15, 0x23, 0x41, 0x00,
    0x00, 0x00, 0x00, 0x00, 0x00, 0x00, 0x00, 0x00, 0x00, 0x20, 0x10, 0x08, 0x14, 0x22, 0x00, 0x00,
    0x00, 0x00, 0x00, 0x00, 0x00, 0x00, 0x00, 0x00, 0x00, 0x02, 0x04, 0x08, 0x14, 0x22, 0x00, 0x00,
    0x00, 0x00, 0x00, 0x00, 0x00, 0x00, 0x00, 0x00, 0x00, 0x00, 0x4C, 0x32, 0x00, 0x00, 0x7E, 0x00,
    0x00, 0x00, 0x00, 0x00, 0x00, 0x00, 0x00, 0x00, 0x41, 0x22, 0x22, 0x14, 0x14, 0x14, 0x08, 0x00,
    0x00, 0x00, 0x00, 0x00, 0x00, 0x00, 0x00, 0x00, 0x08, 0x14, 0x14, 0x14, 0x22, 0x22, 0x41, 0x00,
    0x00, 0x00, 0x00, 0x00, 0x00, 0x00, 0x00, 0x00, 0x3E, 0x40, 0x4E, 0x50, 0x50, 0x4E, 0x40, 0x3E,
    0x00, 0x00, 0x00, 0x00, 0x00, 0x00, 0x00, 0x00, 0x7C, 0x02, 0x72, 0x0A, 0x0A, 0x72, 0x02, 0x7C,
    0x00, 0x00, 0x00, 0x00, 0x00, 0x00, 0x00, 0x00, 0x3E, 0x41, 0x49, 0x55, 0x55, 0x55, 0x55, 0x55,
    0x00, 0x00, 0x00, 0x00, 0x00, 0x00, 0x00, 0x00, 0x55, 0x55, 0x55, 0x55, 0x55, 0x49, 0x41, 0x3E,
    0x00, 0x00, 0x00, 0x00, 0x00, 0x00, 0x08, 0x08, 0x08, 0x1C, 0x2A, 0x2A, 0x2A, 0x2A, 0x2A, 0x2A,
    0x00, 0x00, 0x00, 0x00, 0x00, 0x00, 0x24, 0x24, 0x24, 0x24, 0x7E, 0x24, 0x24, 0x7E, 0x24, 0x24,
    0x00, 0x00, 0x00, 0x00, 0x00, 0x00, 0x00, 0x02, 0x04, 0x08, 0x10, 0x22, 0x10, 0x08, 0x04, 0x02,
    0x00, 0x00, 0x00, 0x00, 0x00, 0x00, 0x00, 0x40, 0x20, 0x10, 0x08, 0x44, 0x08, 0x10, 0x20, 0x40,
    0x00, 0x00, 0x00, 0x00, 0x00, 0x00, 0x00, 0x00, 0x00, 0x00, 0x00, 0x00, 0x02, 0x22, 0x04, 0x44,
    0x08, 0x88, 0x11, 0x10, 0x22, 0x20, 0x11, 0x10, 0x08, 0x88, 0x04, 0x44, 0x02, 0x22, 0x00, 0x00,
    0x00, 0x00, 0x00, 0x00, 0x00, 0x00, 0x00, 0x00, 0x00, 0x00, 0x00, 0x00, 0x44, 0x40, 0x22, 0x20,
    0x11, 0x10, 0x08, 0x88, 0x04, 0x44, 0x08, 0x88, 0x11, 0x10, 0x22, 0x20, 0x44, 0x40, 0x00, 0x00,
    0x00, 0x00, 0x00, 0x00, 0x06, 0x18, 0x60, 0x18, 0x06, 0x00, 0x7E, 0x00, 0x60, 0x18, 0x06, 0x18,
    0x60, 0x00, 0x00, 0x00, 0x60, 0x18, 0x06, 0x18, 0x60, 0x00, 0x7E, 0x00, 0x06, 0x18, 0x60, 0x18,
    0x06, 0x00, 0x00, 0x00, 0x00, 0x00, 0x00, 0x00, 0x7E, 0x00, 0x06, 0x18, 0x60, 0x18, 0x06, 0x00,
    0x00, 0x00, 0x00, 0x00, 0x00, 0x00, 0x00, 0x00, 0x7E, 0x00, 0x60, 0x18, 0x06, 0x18, 0x60, 0x00,
    0x00, 0x00, 0x00, 0x00, 0x00, 0x00, 0x02, 0x04, 0x1A, 0x64, 0x18, 0x60, 0x18, 0x04, 0x02, 0x02,
    0x00, 0x00, 0x00, 0x00, 0x00, 0x00, 0x40, 0x20, 0x58, 0x26, 0x18, 0x06, 0x18, 0x20, 0x40, 0x40,
    0x00, 0x00, 0x00, 0x00, 0x00, 0x04, 0x14, 0x16, 0x2A, 0xCC, 0x18, 0x68, 0x18, 0x14, 0x12, 0x22,
    0x20, 0x20, 0x00, 0x00, 0x00, 0x02, 0x0A, 0x4A, 0x44, 0x2B, 0x18, 0x16, 0x18, 0x30, 0x60, 0x60,
    0x20, 0x20, 0x00, 0x00, 0x00, 0x02, 0x02, 0x04, 0x7E, 0x48, 0x48, 0x50, 0x50, 0x7E, 0x20, 0x7E,
    0x40, 0x00, 0x00, 0x00, 0x00, 0x02, 0x02, 0x04, 0x7E, 0x0A, 0x0A, 0x12, 0x12, 0x7E, 0x20, 0x7E,
    0x40, 0x00, 0x00, 0x00, 0x00, 0x00, 0x00, 0x00, 0x7E, 0x40, 0x40, 0x40, 0x40, 0x7E, 0x08, 0x7E,
    0x20, 0x00, 0x00, 0x00, 0x00, 0x00, 0x00, 0x00, 0x7E, 0x02, 0x02, 0x02, 0x02, 0x7E, 0x08, 0x7E,
    0x20, 0x00, 0x00, 0x00, 0x00, 0x00, 0x00, 0x06, 0x18, 0x60, 0x18, 0x06, 0x04, 0x3A, 0x5C, 0x20,
    0x40, 0x00, 0x00, 0x00, 0x00, 0x00, 0x00, 0x60, 0x18, 0x06, 0x18, 0x62, 0x04, 0x3A, 0x5C, 0x20,
    0x40, 0x00, 0x00, 0x00, 0x00, 0x02, 0x02, 0x04, 0x18, 0x60, 0x18, 0x04, 0x06, 0x3A, 0x5C, 0x20,
    0x40, 0x00, 0x00, 0x00, 0x40, 0x40, 0x20, 0x18, 0x06, 0x18, 0x20, 0x42, 0x44, 0x3A, 0x5C, 0x20,
    0x40, 0x00, 0x00, 0x00, 0x00, 0x00, 0x00, 0x02, 0x02, 0x0E, 0x16, 0x6A, 0x1A, 0x1E, 0x10, 0x20,
    0x20, 0x00, 0x00, 0x00, 0x00, 0x00, 0x00, 0x04, 0x04, 0x68, 0x5C, 0x56, 0x68, 0x70, 0x20, 0x40,
    0x40, 0x00, 0x00, 0x00, 0x00, 0x00, 0x00, 0x02, 0x02, 0x0E, 0x16, 0x6A, 0x1A, 0x1E, 0x10, 0x7E,
    0x20, 0x00, 0x00, 0x00, 0x00, 0x00, 0x00, 0x04, 0x04, 0x68, 0x5C, 0x56, 0x68, 0x70, 0x20, 0x7E,
    0x40, 0x00, 0x00, 0x00, 0x00, 0x00, 0x18, 0x18, 0x00, 0x00, 0x18, 0x18, 0x00, 0x00, 0x18, 0x18,
    0x00, 0x00, 0x00, 0x00, 0x00, 0x00, 0x00, 0x00, 0x00, 0x00, 0xDB, 0xDB, 0x00, 0x00, 0x00, 0x00,
    0x00, 0x00, 0x00, 0x00, 0x00, 0x00, 0x03, 0x03, 0x00, 0x00, 0x18, 0x18, 0x00, 0x00, 0xC0, 0xC0,
    0x00, 0x00, 0x00, 0x00, 0x00, 0x00, 0xC0, 0xC0, 0x00, 0x00, 0x18, 0x18, 0x00, 0x00, 0x03, 0x03,
    0x00, 0x00, 0x00, 0x00, 0x00, 0x00, 0x00, 0x00, 0x00, 0x00, 0x00, 0x00, 0x07, 0xF0, 0x08, 0x00,
    0x10, 0x00, 0x10, 0x00, 0x7F, 0xF0, 0x10, 0x00, 0x10, 0x00, 0x08, 0x00, 0x07, 0xF0, 0x00, 0x00,
    0x00, 0x00, 0x00, 0x00, 0x00, 0x00, 0x00, 0x00, 0x00, 0x00, 0x00, 0x00, 0x07, 0xF0, 0x08, 0x00,
    0x10, 0x00, 0x10, 0x10, 0x1F, 0xF0, 0x10, 0x10, 0x10, 0x00, 0x08, 0x00, 0x07, 0xF0, 0x00, 0x00,
    0x00, 0x00, 0x00, 0x00, 0x00, 0x00, 0x00, 0x00, 0x3E, 0x40, 0x42, 0x7E, 0x42, 0x40, 0x3E, 0x00,
    0x00, 0x00, 0x00, 0x00, 0x00, 0x00, 0x01, 0x80, 0x01, 0x80, 0x00, 0x00, 0x07, 0xF0, 0x08, 0x00,
    0x10, 0x00, 0x10, 0x00, 0x1F, 0xF0, 0x10, 0x00, 0x10, 0x00, 0x08, 0x00, 0x07, 0xF0, 0x00, 0x00,
    0x00, 0x00, 0x00, 0x00, 0x00, 0x00, 0x00, 0x00, 0x1F, 0xF0, 0x00, 0x00, 0x07, 0xF0, 0x08, 0x00,
    0x10, 0x00, 0x10, 0x00, 0x1F, 0xF0, 0x10, 0x00, 0x10, 0x00, 0x08, 0x00, 0x07, 0xF0, 0x00, 0x00,
    0x00, 0x00, 0x00, 0x00, 0x00, 0x00, 0x7E, 0x00, 0x3E, 0x40, 0x40, 0x7E, 0x40, 0x40, 0x3E, 0x00,
    0x00, 0x00, 0x00, 0x00, 0x00, 0x00, 0x00, 0x00, 0x3E, 0x40, 0x40, 0x7E, 0x40, 0x40, 0x3E, 0x00,
    0x7E, 0x00, 0x00, 0x00, 0x00, 0x00, 0x00, 0x00, 0x00, 0x00, 0x00, 0x00, 0x1F, 0xC0, 0x20, 0x00,
    0x40, 0x00, 0x7F, 0xC0, 0x40, 0x00, 0x7F, 0xC0, 0x40, 0x00, 0x20, 0x00, 0x1F, 0xC0, 0x00, 0x00,
    0x00, 0x00, 0x00, 0x00, 0x00, 0x00, 0x00, 0x00, 0x00, 0x00, 0x00, 0x00, 0x3F, 0x80, 0x00, 0x40,
    0x00, 0x20, 0x00, 0x20, 0x3F, 0xF8, 0x00, 0x20, 0x00, 0x20, 0x00, 0x40, 0x3F, 0x80, 0x00, 0x00,
    0x00, 0x00, 0x00, 0x00, 0x00, 0x00, 0x00, 0x00, 0x00, 0x00, 0x00, 0x00, 0x3F, 0x80, 0x00, 0x40,
    0x00, 0x20, 0x20, 0x20, 0x3F, 0xE0, 0x20, 0x20, 0x00, 0x20, 0x00, 0x40, 0x3F, 0x80, 0x00, 0x00,
    0x00, 0x00, 0x00, 0x00, 0x00, 0x00, 0x00, 0x00, 0x7C, 0x02, 0x42, 0x7E, 0x42, 0x02, 0x7C, 0x00,
    0x00, 0x00, 0x00, 0x00, 0x00, 0x00, 0x00, 0x00, 0x3F, 0xE0, 0x00, 0x00, 0x3F, 0x80, 0x00, 0x40,
    0x00, 0x20, 0x00, 0x20, 0x3F, 0xE0, 0x00, 0x20, 0x00, 0x20, 0x00, 0x40, 0x3F, 0x80, 0x00, 0x00,
    0x00, 0x00, 0x00, 0x00, 0x00, 0x00, 0x7E, 0x00, 0x7C, 0x02, 0x02, 0x7E, 0x02, 0x02, 0x7C, 0x00,
    0x00, 0x00, 0x00, 0x00, 0x00, 0x00, 0x00, 0x00, 0x00, 0x00, 0x00, 0x00, 0x1F, 0xF8, 0x10, 0x00,
    0x10, 0x00, 0x10, 0x00, 0x1F, 0xF8, 0x10, 0x00, 0x10, 0x00, 0x10, 0x00, 0x1F, 0xF8, 0x00, 0x00,
    0x00, 0x00, 0x00, 0x00, 0x00, 0x1B, 0x24, 0x24, 0x24, 0x7E, 0x24, 0x24, 0x24, 0x24, 0x24, 0x24,
    0x00, 0x00, 0x1E, 0xE7, 0xDC, 0xE3, 0x9C, 0x03, 0x81, 0xFD, 0xFF, 0xB9, 0xC7, 0x38, 0xE7, 0x1C,
    0xE3, 0x9C, 0x73, 0x8E, 0x71, 0xCE, 0x39, 0xC7, 0x38, 0xE7, 0x1C, 0xE3, 0x80, 0x1E, 0xE7, 0xDC,
    0xE3, 0x9C, 0x73, 0x8F, 0xFD, 0xFF, 0xB9, 0xC7, 0x38, 0xE7, 0x1C, 0xE3, 0x9C, 0x73, 0x8E, 0x71,
    0xCE, 0x39, 0xC7, 0x38, 0xE7, 0x1C, 0xE3, 0x80, 0x00, 0x00, 0x00, 0x16, 0x2A, 0x28, 0x28, 0x7E,
    0x2A, 0x2A, 0x2A, 0x2A, 0x2A, 0x2A, 0x00, 0x00, 0x00, 0x00, 0x00, 0x1E, 0x2A, 0x2A, 0x2A, 0x7E,
    0x2A, 0x2A, 0x2A, 0x2A, 0x2A, 0x2A, 0x00, 0x00, 0x00, 0x00, 0x00, 0x38, 0x48, 0x48, 0x48, 0x5E,
    0x48, 0x48, 0x48, 0x48, 0x48, 0x46, 0x00, 0x00, 0x00, 0x00, 0x00, 0x1C, 0x24, 0x24, 0x24, 0x36,
    0x44, 0x44, 0x24, 0x14, 0x14, 0x62, 0x00, 0x00, 0x00, 0x00, 0x00, 0x00, 0x00, 0x00, 0x00, 0x04,
    0x22, 0x42, 0x3C, 0x00, 0x14, 0x00, 0x08, 0x00, 0x00, 0x00, 0x00, 0x00, 0x00, 0x00, 0x00, 0x04,
    0x22, 0x42, 0x3F, 0x00, 0x14, 0x00, 0x08, 0x00, 0x00, 0x00, 0x00, 0x00, 0x00, 0x00, 0x00, 0x08,
    0x04, 0x04, 0xF8, 0x00, 0x14, 0x00, 0x08, 0x00, 0x00, 0x00, 0x00, 0x00, 0x00, 0x00, 0x00, 0x08,
    0x04, 0x04, 0xFF, 0x00, 0x14, 0x00, 0x08, 0x00, 0x00, 0x00, 0x20, 0x20, 0x38, 0x38, 0x00, 0x04,
    0x22, 0x42, 0x3C, 0x00, 0x00, 0x00, 0x00, 0x00, 0x00, 0x00, 0x20, 0x20, 0x38, 0x38, 0x00, 0x04,
    0x22, 0x42, 0x3F, 0x00, 0x00, 0x00, 0x00, 0x00, 0x00, 0x00, 0x10, 0x10, 0x1C, 0x1C, 0x00, 0x08,
    0x04, 0x04, 0xF8, 0x00, 0x00, 0x00, 0x00, 0x00, 0x00, 0x00, 0x10, 0x10, 0x1C, 0x1C, 0x00, 0x08,
    0x04, 0x04, 0xFF, 0x00, 0x00, 0x00, 0x00, 0x00, 0x00, 0x00, 0x00, 0x00, 0x00, 0x00, 0x00, 0x00,
    0x7E, 0x20, 0x40, 0x54, 0x40, 0x48, 0x22, 0x1C, 0x00, 0x00, 0x00, 0x00, 0x00, 0x00, 0x00, 0x00,
    0x7E, 0x22, 0x41, 0x54, 0x40, 0x48, 0x21, 0x1E, 0x00, 0x00, 0x00, 0x00, 0x00, 0x00, 0x00, 0x00,
    0x70, 0x0C, 0xFC, 0x00, 0x28, 0x00, 0x10, 0x00, 0x00, 0x00, 0x00, 0x00, 0x00, 0x00, 0x00, 0x00,
    0x70, 0x0C, 0xFF, 0x00, 0x28, 0x00, 0x10, 0x00, 0x00, 0x20, 0x20, 0x38, 0x38, 0x00, 0x08, 0x04,
    0x02, 0x42, 0x7C, 0x00, 0x00, 0x00, 0x00, 0x00, 0x00, 0x20, 0x20, 0x38, 0x38, 0x00, 0x08, 0x04,
    0x02, 0x42, 0x7F, 0x00, 0x00, 0x00, 0x00, 0x00, 0x00, 0x00, 0x00, 0x08, 0x00, 0x14, 0x00, 0x00,
    0x04, 0x02, 0x02, 0x02, 0x04, 0x48, 0x30, 0x00, 0x00, 0x00, 0x00, 0x08, 0x00, 0x14, 0x00, 0x00,
    0x04, 0x02, 0x03, 0x02, 0x04, 0x48, 0x30, 0x00, 0x00, 0x00, 0x00, 0x08, 0x08, 0x0E, 0x0E, 0x00,
    0x04, 0x02, 0x02, 0x02, 0x04, 0x48, 0x30, 0x00, 0x00, 0x00, 0x00, 0x08, 0x08, 0x0E, 0x0E, 0x00,
    0x04, 0x02, 0x03, 0x02, 0x04, 0x48, 0x30, 0x00, 0x00, 0x00, 0x00, 0x04, 0x08, 0x10, 0x20, 0x40,
    0x3C, 0x82, 0x7E, 0x00, 0x00, 0x00, 0x00, 0x00, 0x00, 0x00, 0x00, 0x04, 0x08, 0x10, 0x20, 0x40,
    0x3C, 0x82, 0x7F, 0x00, 0x00, 0x00, 0x00, 0x00, 0x00, 0x00, 0x00, 0x04, 0x08, 0x10, 0x20, 0x40,
    0x3C, 0x02, 0xFE, 0x00, 0x00, 0x00, 0x00, 0x00, 0x00, 0x00, 0x00, 0x04, 0x08, 0x10, 0x20, 0x40,
    0x3C, 0x02, 0xFF, 0x00, 0x00, 0x00, 0x00, 0x00, 0x00, 0x08, 0x10, 0x24, 0x48, 0x10, 0x20, 0x40,
    0x3C, 0x82, 0x7E, 0x00, 0x00, 0x00, 0x00, 0x00, 0x00, 0x08, 0x10, 0x24, 0x48, 0x10, 0x20, 0x40,
    0x3C, 0x82, 0x7F, 0x00, 0x00, 0x00, 0x00, 0x00, 0x00, 0x08, 0x10, 0x24, 0x48, 0x10, 0x20, 0x40,
    0x3C, 0x02, 0xFE, 0x00, 0x00, 0x00, 0x00, 0x00, 0x00, 0x08, 0x10, 0x24, 0x48, 0x10, 0x20, 0x40,
    0x3C, 0x02, 0xFF, 0x00, 0x00, 0x00, 0x00, 0x00, 0x00, 0x00, 0x00, 0x00, 0x00, 0x00, 0x00, 0x00,
    0x04, 0x22, 0x42, 0x42, 0x44, 0x38, 0x00, 0x00, 0x00, 0x00, 0x00, 0x00, 0x00, 0x00, 0x00, 0x00,
    0x04, 0x22, 0x43, 0x42, 0x44, 0x38, 0x00, 0x00, 0x00, 0x00, 0x00, 0x00, 0x00, 0x00, 0x10, 0x18,
    0x24, 0x24, 0x3C, 0x00, 0x00, 0x00, 0x00, 0x00, 0x00, 0x00, 0x00, 0x00, 0x00, 0x00, 0x00, 0x00,
    0x00, 0x10, 0x2F, 0x40, 0x00, 0x00, 0x00, 0x00, 0x00, 0x00, 0x00, 0x00, 0x00, 0x00, 0x00, 0x00,
    0x00, 0x10, 0xF0, 0x10, 0x10, 0x14, 0x08, 0x00, 0x00, 0x00, 0x00, 0x00, 0x00, 0x00, 0x00, 0x00,
    0x00, 0x10, 0xF3, 0x14, 0x14, 0x14, 0x08, 0x08, 0x00, 0x00, 0x00, 0x00, 0x00, 0x00, 0x10, 0x2C,
    0x2A, 0x1A, 0x24, 0x40, 0x00, 0x00, 0x00, 0x00, 0x00, 0x00, 0x00, 0x00, 0x00, 0x00, 0x10, 0x2C,
    0x2A, 0x1A, 0x27, 0x40, 0x00, 0x00, 0x00, 0x00, 0x00, 0x00, 0x00, 0x00, 0x00, 0x00, 0x10, 0x2C,
    0x2A, 0x1A, 0xE4, 0x00, 0x00, 0x00, 0x00, 0x00, 0x00, 0x00, 0x00, 0x00, 0x00, 0x00, 0x10, 0x2C,
    0x2A, 0x1A, 0xE7, 0x00, 0x00, 0x00, 0x00, 0x00, 0x00, 0x00, 0x00, 0x00, 0x00, 0x00, 0x00, 0x00,
    0x00, 0x08, 0x14, 0x10, 0x20, 0x40, 0x7F, 0x00, 0x00, 0x00, 0x00, 0x00, 0x00, 0x00, 0x00, 0x00,
    0x00, 0x00, 0x0F, 0x10, 0x20, 0x40, 0x7F, 0x00, 0x00, 0x00, 0x00, 0x00, 0x00, 0x30, 0x40, 0x30,
    0x40, 0x08, 0x14, 0x10, 0x20, 0x40, 0x7F, 0x00, 0x00, 0x00, 0x00, 0x00, 0x00, 0x30, 0x40, 0x30,
    0x40, 0x00, 0x0F, 0x10, 0x20, 0x40, 0x7F, 0x00, 0x00, 0x00, 0x00, 0x00, 0x00, 0x00, 0x00, 0x00,
    0x04, 0x4A, 0x48, 0x44, 0x42, 0x42, 0x3C, 0x00, 0x00, 0x00, 0x00, 0x00, 0x00, 0x00, 0x00, 0x00,
    0x00, 0x00, 0x43, 0x44, 0x42, 0x42, 0x3C, 0x00, 0x00, 0x00, 0x00, 0x00, 0x00, 0x00, 0x00, 0x08,
    0x08, 0x04, 0xF8, 0x00, 0x28, 0x00, 0x00, 0x00, 0x00, 0x00, 0x00, 0x00, 0x00, 0x00, 0x00, 0x08,
    0x08, 0x04, 0xFB, 0x00, 0x28, 0x00, 0x00, 0x00, 0x00, 0x00, 0x00, 0x00, 0x00, 0x00, 0x00, 0x1C,
    0x20, 0x3C, 0x10, 0x20, 0x00, 0x00, 0x00, 0x00, 0x00, 0x01, 0x3E, 0x40, 0x08, 0x08, 0x08, 0x08,
    0x08, 0x08, 0x08, 0x00, 0x00, 0x00, 0x00, 0x00, 0x00, 0x08, 0x70, 0x80, 0x20, 0x20, 0x20, 0x20,
    0x20, 0x20, 0x1F, 0x00, 0x00, 0x00, 0x00, 0x00, 0x18, 0x20, 0x18, 0x20, 0x08, 0x08, 0x08, 0x08,
    0x08, 0x08, 0x08, 0x00, 0x00, 0x00, 0x00, 0x00, 0x30, 0x40, 0x30, 0x40, 0x20, 0x20, 0x20, 0x20,
    0x20, 0x20, 0x1F, 0x00, 0x00, 0x00, 0x00, 0x00, 0x00, 0x00, 0x0C, 0x10, 0x0C, 0x10, 0x00, 0x0C,
    0x12, 0x12, 0x1E, 0x02, 0x04, 0x48, 0x30, 0x00, 0x00, 0x00, 0x0C, 0x10, 0x0C, 0x10, 0x00, 0x0C,
    0x12, 0x12, 0x1F, 0x02, 0x04, 0x48, 0x30, 0x00, 0x00, 0x00, 0x00, 0x08, 0x08, 0x08, 0x08, 0x08,
    0x08, 0x08, 0x08, 0x00, 0x0C, 0x10, 0x0C, 0x10, 0x00, 0x00, 0x00, 0x20, 0x20, 0x20, 0x20, 0x20,
    0x20, 0x20, 0x1F, 0x00, 0x30, 0x40, 0x30, 0x40, 0x00, 0x00, 0x00, 0x00, 0x30, 0x40, 0x30, 0x40,
    0x04, 0x4A, 0x48, 0x44, 0x42, 0x42, 0x3C, 0x00, 0x00, 0x00, 0x00, 0x00, 0x00, 0x30, 0x40, 0x30,
    0x40, 0x00, 0x43, 0x44, 0x42, 0x42, 0x3C, 0x00, 0x00, 0x00, 0x00, 0x18, 0x20, 0x18, 0x20, 0x08,
    0x08, 0x04, 0xF8, 0x00, 0x00, 0x00, 0x00, 0x00, 0x00, 0x00, 0x00, 0x18, 0x20, 0x18, 0x20, 0x08,
    0x08, 0x04, 0xFB, 0x00, 0x00, 0x00, 0x00, 0x00, 0x00, 0x00, 0x00, 0x08, 0x08, 0x08, 0x08, 0x08,
    0x08, 0x08, 0x08, 0x00, 0x00, 0x00, 0x00, 0x00, 0x00, 0x00, 0x00, 0x20, 0x20, 0x20, 0x20, 0x20,
    0x20, 0x20, 0x1F, 0x00, 0x00, 0x00, 0x00, 0x00, 0x00, 0x00, 0x00, 0x00, 0x00, 0x00, 0x00, 0x04,
    0x22, 0x42, 0x3C, 0x00, 0x00, 0x08, 0x00, 0x00, 0x00, 0x00, 0x00, 0x00, 0x00, 0x00, 0x00, 0x04,
    0x22, 0x42, 0x3F, 0x00, 0x00, 0x08, 0x00, 0x00, 0x00, 0x00, 0x00, 0x00, 0x00, 0x00, 0x00, 0x08,
    0x04, 0x04, 0xFC, 0x00, 0x00, 0x10, 0x00, 0x00, 0x00, 0x00, 0x00, 0x00, 0x00, 0x00, 0x00, 0x08,
    0x04, 0x04, 0xFF, 0x00, 0x00, 0x10, 0x00, 0x00, 0x00, 0x00, 0x00, 0x00, 0x24, 0x00, 0x10, 0x18,
    0x24, 0x24, 0x3C, 0x00, 0x00, 0x00, 0x00, 0x00, 0x00, 0x00, 0x00, 0x12, 0x00, 0x04, 0x0C, 0x14,
    0x24, 0x3C, 0x07, 0x00, 0x00, 0x00, 0x00, 0x00, 0x00, 0x00, 0x00, 0x00, 0x14, 0x00, 0x00, 0x04,
    0x22, 0x42, 0x3C, 0x00, 0x00, 0x00, 0x00, 0x00, 0x00, 0x00, 0x00, 0x00, 0x14, 0x00, 0x00, 0x04,
    0x22, 0x42, 0x3F, 0x00, 0x00, 0x00, 0x00, 0x00, 0x00, 0x00, 0x00, 0x00, 0x28, 0x00, 0x00, 0x08,
    0x04, 0x04, 0xF8, 0x00, 0x00, 0x00, 0x00, 0x00, 0x00, 0x00, 0x00, 0x00, 0x28, 0x00, 0x00, 0x08,
    0x04, 0x04, 0xFF, 0x00, 0x00, 0x00, 0x00, 0x00, 0x00, 0x00, 0x10, 0x00, 0x24, 0x00, 0x00, 0x04,
    0x22, 0x42, 0x3C, 0x00, 0x00, 0x00, 0x00, 0x00, 0x00, 0x00, 0x10, 0x00, 0x24, 0x00, 0x00, 0x04,
    0x22, 0x42, 0x3F, 0x00, 0x00, 0x00, 0x00, 0x00, 0x00, 0x00, 0x20, 0x00, 0x48, 0x00, 0x00, 0x08,
    0x04, 0x04, 0xF8, 0x00, 0x00, 0x00, 0x00, 0x00, 0x00, 0x00, 0x20, 0x00, 0x48, 0x00, 0x00, 0x08,
    0x04, 0x04, 0xFF, 0x00, 0x00, 0x00, 0x00, 0x00, 0x00, 0x00, 0x00, 0x00, 0x00, 0x00, 0x00, 0x00,
    0x7E, 0x10, 0x20, 0x40, 0x48, 0x40, 0x22, 0x1C, 0x00, 0x00, 0x00, 0x00, 0x00, 0x00, 0x00, 0x00,
    0x7E, 0x14, 0x23, 0x40, 0x48, 0x40, 0x21, 0x1E, 0x00, 0x00, 0x00, 0x00, 0x00, 0x00, 0x00, 0x00,
    0x38, 0x06, 0xFE, 0x00, 0x10, 0x00, 0x00, 0x00, 0x00, 0x00, 0x00, 0x00, 0x00, 0x00, 0x00, 0x00,
    0x38, 0x06, 0xFF, 0x00, 0x10, 0x00, 0x00, 0x00, 0x00, 0x00, 0x00, 0x00, 0x00, 0x00, 0x00, 0x00,
    0x7E, 0x10, 0x20, 0x40, 0x40, 0x40, 0x22, 0x1C, 0x00, 0x00, 0x00, 0x00, 0x00, 0x00, 0x00, 0x00,
    0x7E, 0x14, 0x23, 0x40, 0x40, 0x40, 0x21, 0x1E, 0x00, 0x00, 0x00, 0x00, 0x00, 0x00, 0x00, 0x00,
    0x70, 0x0C, 0xFC, 0x00, 0x00, 0x00, 0x00, 0x00, 0x00, 0x00, 0x00, 0x00, 0x00, 0x00, 0x00, 0x00,
    0x70, 0x0C, 0xFF, 0x00, 0x00, 0x00, 0x00, 0x00, 0x00, 0x00, 0x00, 0x00, 0x00, 0x10, 0x00, 0x00,
    0x7E, 0x10, 0x20, 0x40, 0x40, 0x40, 0x22, 0x1C, 0x00, 0x00, 0x00, 0x00, 0x00, 0x10, 0x00, 0x00,
    0x7E, 0x14, 0x23, 0x40, 0x40, 0x40, 0x21, 0x1E, 0x00, 0x00, 0x00, 0x00, 0x00, 0x20, 0x00, 0x00,
    0x70, 0x0C, 0xFC, 0x00, 0x00, 0x00, 0x00, 0x00, 0x00, 0x00, 0x00, 0x00, 0x00, 0x20, 0x00, 0x00,
    0x70, 0x0C, 0xFF, 0x00, 0x00, 0x00, 0x00, 0x00, 0x00, 0x00, 0x00, 0x00, 0x00, 0x00, 0x08, 0x04,
    0x02, 0x42, 0x7C, 0x00, 0x00, 0x00, 0x00, 0x00, 0x00, 0x00, 0x00, 0x00, 0x00, 0x00, 0x08, 0x04,
    0x02, 0x42, 0x7F, 0x00, 0x00, 0x00, 0x00, 0x00, 0x00, 0x00, 0x00, 0x00, 0x20, 0x00, 0x08, 0x04,
    0x02, 0x42, 0x7C, 0x00, 0x00, 0x00, 0x00, 0x00, 0x00, 0x00, 0x00, 0x00, 0x20, 0x00, 0x08, 0x04,
    0x02, 0x42, 0x7F, 0x00, 0x00, 0x00, 0x00, 0x00, 0x00, 0x00, 0x00, 0x00, 0x00, 0x00, 0x00, 0x00,
    0x04, 0x02, 0x02, 0x02, 0x04, 0x48, 0x30, 0x00, 0x00, 0x00, 0x00, 0x00, 0x00, 0x00, 0x00, 0x00,
    0x04, 0x02, 0x03, 0x02, 0x04, 0x48, 0x30, 0x00, 0x00, 0x00, 0x00, 0x00, 0x00, 0x10, 0x00, 0x00,
    0x04, 0x02, 0x02, 0x02, 0x04, 0x48, 0x30, 0x00, 0x00, 0x00, 0x00, 0x00, 0x00, 0x10, 0x00, 0x00,
    0x04, 0x02, 0x03, 0x02, 0x04, 0x48, 0x30, 0x00, 0x00, 0x00, 0x00, 0x00, 0x00, 0x00, 0x00, 0x01,
    0x15, 0x15, 0x5E, 0x48, 0x48, 0x30, 0x00, 0x00, 0x00, 0x00, 0x00, 0x00, 0x00, 0x00, 0x00, 0x01,
    0x15, 0x15, 0x5F, 0x48, 0x48, 0x30, 0x00, 0x00, 0x00, 0x00, 0x00, 0x00, 0x00, 0x00, 0x00, 0x02,
    0x2A, 0x2A, 0xFC, 0x00, 0x00, 0x00, 0x00, 0x00, 0x00, 0x00, 0x00, 0x00, 0x00, 0x00, 0x00, 0x02,
    0x2A, 0x2A, 0xFF, 0x00, 0x00, 0x00, 0x00, 0x00, 0x00, 0x00, 0x08, 0x00, 0x12, 0x00, 0x00, 0x01,
    0x15, 0x15, 0x5E, 0x48, 0x48, 0x30, 0x00, 0x00, 0x00, 0x00, 0x00, 0x08, 0x00, 0x12, 0x00, 0x01,
    0x15, 0x15, 0x5E, 0x48, 0x48, 0x30, 0x00, 0x00, 0x00, 0x00, 0x00, 0x10, 0x00, 0x24, 0x00, 0x02,
    0x2A, 0x2A, 0xFC, 0x00, 0x00, 0x00, 0x00, 0x00, 0x00, 0x00, 0x00, 0x10, 0x00, 0x24, 0x00, 0x02,
    0x2A, 0x2A, 0xFF, 0x00, 0x00, 0x00, 0x00, 0x00, 0x00, 0x00, 0x00, 0x00, 0x00, 0x00, 0x00, 0x00,
    0x06, 0x19, 0x4E, 0x48, 0x48, 0x30, 0x00, 0x00, 0x00, 0x00, 0x00, 0x00, 0x00, 0x00, 0x00, 0x00,
    0x06, 0x19, 0x4F, 0x48, 0x48, 0x30, 0x00, 0x00, 0x00, 0x00, 0x00, 0x00, 0x00, 0x00, 0x00, 0x00,
    0x0C, 0x52, 0xFC, 0x00, 0x00, 0x00, 0x00, 0x00, 0x00, 0x00, 0x00, 0x00, 0x00, 0x00, 0x00, 0x00,
    0x0C, 0x52, 0xFF, 0x00, 0x00, 0x00, 0x00, 0x00, 0x00, 0x00, 0x00, 0x00, 0x00, 0x04, 0x00, 0x00,
    0x06, 0x19, 0x4E, 0x48, 0x48, 0x30, 0x00, 0x00, 0x00, 0x00, 0x00, 0x00, 0x00, 0x04, 0x00, 0x00,
    0x06, 0x19, 0x4F, 0x48, 0x48, 0x30, 0x00, 0x00, 0x00, 0x00, 0x00, 0x00, 0x00, 0x08, 0x00, 0x00,
    0x0C, 0x52, 0xFC, 0x00, 0x00, 0x00, 0x00, 0x00, 0x00, 0x00, 0x00, 0x00, 0x00, 0x08, 0x00, 0x00,
    0x0C, 0x52, 0xFF, 0x00, 0x00, 0x00, 0x00, 0x00, 0x00, 0x00, 0x00, 0x20, 0x20, 0x20, 0x20, 0x2C,
    0x32, 0x22, 0x7C, 0x00, 0x00, 0x00, 0x00, 0x00, 0x00, 0x00, 0x00, 0x20, 0x20, 0x20, 0x20, 0x2C,
    0x32, 0x22, 0x7F, 0x00, 0x00, 0x00, 0x00, 0x00, 0x00, 0x00, 0x00, 0x20, 0x20, 0x20, 0x20, 0x2C,
    0x32, 0x22, 0xFC, 0x00, 0x00, 0x00, 0x00, 0x00, 0x00, 0x00, 0x00, 0x20, 0x20, 0x20, 0x20, 0x2C,
    0x32, 0x22, 0xFF, 0x00, 0x00, 0x00, 0x00, 0x00, 0x00, 0x00, 0x00, 0x20, 0x24, 0x20, 0x20, 0x2C,
    0x32, 0x22, 0x7C, 0x00, 0x00, 0x00, 0x00, 0x00, 0x00, 0x00, 0x00, 0x20, 0x24, 0x20, 0x20, 0x2C,
    0x32, 0x22, 0x7F, 0x00, 0x00, 0x00, 0x00, 0x00, 0x00, 0x00, 0x00, 0x20, 0x24, 0x20, 0x20, 0x2C,
    0x32, 0x22, 0xFC, 0x00, 0x00, 0x00, 0x00, 0x00, 0x00, 0x00, 0x00, 0x20, 0x24, 0x20, 0x20, 0x2C,
    0x32, 0x22, 0xFF, 0x00, 0x00, 0x00, 0x00, 0x00, 0x00, 0x00, 0x00, 0x00, 0x00, 0x00, 0x00, 0x18,
    0x24, 0x20, 0x1C, 0x20, 0x40, 0x40, 0x42, 0x3C, 0x00, 0x00, 0x00, 0x00, 0x00, 0x00, 0x00, 0x00,
    0x30, 0x30, 0x1F, 0x20, 0x40, 0x40, 0x42, 0x3C, 0x00, 0x00, 0x00, 0x00, 0x00, 0x00, 0x00, 0x18,
    0x24, 0x20, 0xFE, 0x00, 0x00, 0x00, 0x00, 0x00, 0x00, 0x00, 0x00, 0x00, 0x00, 0x00, 0x00, 0x18,
    0x18, 0x08, 0xF7, 0x00, 0x00, 0x00, 0x00, 0x00, 0x00, 0x00, 0x00, 0x00, 0x08, 0x00, 0x00, 0x18,
    0x24, 0x20, 0x1C, 0x20, 0x40, 0x40, 0x42, 0x3C, 0x00, 0x00, 0x00, 0x00, 0x00, 0x10, 0x00, 0x00,
    0x30, 0x30, 0x1F, 0x20, 0x40, 0x40, 0x42, 0x3C, 0x00, 0x00, 0x00, 0x00, 0x08, 0x00, 0x00, 0x18,
    0x24, 0x20, 0xFE, 0x00, 0x00, 0x00, 0x00, 0x00, 0x00, 0x00, 0x00, 0x00, 0x08, 0x00, 0x00, 0x18,
    0x18, 0x08, 0xF7, 0x00, 0x00, 0x00, 0x00, 0x00, 0x00, 0x00, 0x00, 0x08, 0x00, 0x06, 0x0A, 0x06,
    0x42, 0x42, 0x3C, 0x00, 0x00, 0x00, 0x00, 0x00, 0x00, 0x00, 0x00, 0x08, 0x00, 0x06, 0x0A, 0x06,
    0x42, 0x42, 0x3F, 0x00, 0x00, 0x00, 0x00, 0x00, 0x00, 0x00, 0x00, 0x10, 0x00, 0x00, 0x38, 0x24,
    0x14, 0x0C, 0xF8, 0x00, 0x00, 0x00, 0x00, 0x00, 0x00, 0x00, 0x00, 0x10, 0x00, 0x00, 0x38, 0x24,
    0x14, 0x0C, 0xFB, 0x00, 0x00, 0x00, 0x00, 0x00, 0x00, 0x00, 0x00, 0x00, 0x24, 0x00, 0x00, 0x1C,
    0x12, 0x0A, 0x26, 0x42, 0x44, 0x38, 0x00, 0x00, 0x00, 0x00, 0x00, 0x00, 0x24, 0x00, 0x00, 0x1C,
    0x12, 0x0A, 0x27, 0x42, 0x44, 0x38, 0x00, 0x00, 0x00, 0x00, 0x00, 0x48, 0x00, 0x00, 0x38, 0x24,
    0x14, 0x0C, 0xF8, 0x00, 0x00, 0x00, 0x00, 0x00, 0x00, 0x00, 0x00, 0x48, 0x00, 0x00, 0x38, 0x24,
    0x14, 0x0C, 0xFB, 0x00, 0x00, 0x00, 0x00, 0x00, 0x00, 0x00, 0x00, 0x02, 0x0A, 0x12, 0x0A, 0x22,
    0x42, 0x42, 0x3C, 0x00, 0x00, 0x00, 0x00, 0x00, 0x00, 0x00, 0x00, 0x02, 0x0A, 0x12, 0x0A, 0x22,
    0x42, 0x42, 0x3F, 0x00, 0x00, 0x00, 0x00, 0x00, 0x00, 0x00, 0x00, 0x04, 0x08, 0x10, 0x20, 0x40,
    0x3C, 0x02, 0xFE, 0x00, 0x00, 0x00, 0x00, 0x00, 0x00, 0x00, 0x00, 0x04, 0x08, 0x10, 0x20, 0x40,
    0x3C, 0x02, 0xFF, 0x00, 0x00, 0x00, 0x00, 0x00, 0x00, 0x00, 0x00, 0x02, 0x02, 0x02, 0x02, 0x02,
    0x02, 0x22, 0x42, 0x42, 0x44, 0x3C, 0x00, 0x00, 0x00, 0x00, 0x00, 0x02, 0x02, 0x02, 0x02, 0x02,
    0x02, 0x23, 0x42, 0x42, 0x44, 0x3C, 0x00, 0x00, 0x00, 0x00, 0x00, 0x04, 0x04, 0x04, 0x04, 0x04,
    0x04, 0x04, 0xF8, 0x00, 0x00, 0x00, 0x00, 0x00, 0x00, 0x00, 0x00, 0x04, 0x04, 0x04, 0x04, 0x04,
    0x04, 0x04, 0xFB, 0x00, 0x00, 0x00, 0x00, 0x00, 0x00, 0x00, 0x00, 0x00, 0x00, 0x00, 0x00, 0x00,
    0x1C, 0x06, 0x1E, 0x20, 0x20, 0x20, 0x20, 0x20, 0x00, 0x00, 0x00, 0x00, 0x00, 0x00, 0x00, 0x00,
    0x1C, 0x06, 0x1F, 0x20, 0x20, 0x20, 0x20, 0x20, 0x00, 0x00, 0x00, 0x00, 0x00, 0x00, 0x00, 0x08,
    0x14, 0x32, 0xEE, 0x00, 0x00, 0x00, 0x00, 0x00, 0x00, 0x00, 0x00, 0x00, 0x00, 0x00, 0x00, 0x08,
    0x14, 0x32, 0xEF, 0x00, 0x00, 0x00, 0x00, 0x00, 0x00, 0x00, 0x00, 0x00, 0x00, 0x10, 0x00, 0x00,
    0x04, 0x22, 0x42, 0x42, 0x44, 0x38, 0x00, 0x00, 0x00, 0x00, 0x00, 0x00, 0x00, 0x10, 0x00, 0x00,
    0x04, 0x22, 0x43, 0x42, 0x44, 0x38, 0x00, 0x00, 0x00, 0x00, 0x00, 0x00, 0x10, 0x00, 0x00, 0x08,
    0x04, 0x04, 0xF8, 0x00, 0x00, 0x00, 0x00, 0x00, 0x00, 0x00, 0x00, 0x00, 0x10, 0x00, 0x00, 0x08,
    0x04, 0x04, 0xFB, 0x00, 0x00, 0x00, 0x00, 0x00, 0x00, 0x00, 0x00, 0x00, 0x00, 0x00, 0x10, 0x18,
    0x24, 0x24, 0x3C, 0x00, 0x00, 0x00, 0x00, 0x00, 0x00, 0x00, 0x00, 0x00, 0x04, 0x04, 0x0C, 0x14,
    0x24, 0x3C, 0x07, 0x00, 0x00, 0x00, 0x00, 0x00, 0x00, 0x00, 0x00, 0x00, 0x00, 0x10, 0x08, 0x3C,
    0x2A, 0x3A, 0xF6, 0x00, 0x00, 0x00, 0x00, 0x00, 0x00, 0x00, 0x00, 0x00, 0x00, 0x00, 0x00, 0x0C,
    0x14, 0x14, 0xFF, 0x14, 0x0C, 0x00, 0x00, 0x00, 0x00, 0x00, 0x00, 0x00, 0x00, 0x00, 0x00, 0x0C,
    0x12, 0x12, 0x1E, 0x02, 0x04, 0x48, 0x30, 0x00, 0x00, 0x00, 0x00, 0x00, 0x00, 0x00, 0x00, 0x0C,
    0x12, 0x12, 0x1F, 0x02, 0x04, 0x48, 0x30, 0x00, 0x00, 0x00, 0x00, 0x00, 0x00, 0x00, 0x00, 0x00,
    0x04, 0x4A, 0x48, 0x44, 0x42, 0x42, 0x3C, 0x00, 0x00, 0x00, 0x00, 0x00, 0x00, 0x00, 0x00, 0x00,
    0x00, 0x00, 0x43, 0x44, 0x42, 0x42, 0x3C, 0x00, 0x00, 0x00, 0x00, 0x00, 0x00, 0x00, 0x00, 0x00,
    0x04, 0x4A, 0x48, 0x44, 0x42, 0x3C, 0x00, 0x28, 0x00, 0x00, 0x00, 0x00, 0x00, 0x00, 0x00, 0x00,
    0x00, 0x00, 0x43, 0x44, 0x42, 0x3C, 0x00, 0x28, 0x00, 0x00, 0x00, 0x00, 0x00, 0x00, 0x00, 0x08,
    0x08, 0x04, 0xF8, 0x00, 0x28, 0x00, 0x00, 0x00, 0x00, 0x00, 0x00, 0x00, 0x00, 0x00, 0x00, 0x08,
    0x08, 0x04, 0xFB, 0x00, 0x28, 0x00, 0x00, 0x00, 0x00, 0x00, 0x08, 0x72, 0x82, 0x22, 0x12, 0x0A,
    0x04, 0x0C, 0x14, 0x1C, 0x00, 0x00, 0x00, 0x00, 0x00, 0x00, 0x08, 0x72, 0x82, 0x22, 0x12, 0x0A,
    0x0E, 0x0A, 0x13, 0x60, 0x00, 0x00, 0x00, 0x00, 0x00, 0x00, 0x30, 0x42, 0x32, 0x42, 0x12, 0x0A,
    0x04, 0x0C, 0x14, 0x1C, 0x00, 0x00, 0x00, 0x00, 0x00, 0x00, 0x30, 0x42, 0x32, 0x42, 0x12, 0x0A,
    0x0E, 0x0A, 0x13, 0x60, 0x00, 0x00, 0x00, 0x00, 0x00, 0x00, 0x02, 0x02, 0x22, 0x12, 0x0A, 0x04,
    0x0C, 0x14, 0x1C, 0x00, 0x0C, 0x10, 0x0C, 0x10, 0x00, 0x00, 0x00, 0x02, 0x02, 0x22, 0x12, 0x0A,
    0x0E, 0x0A, 0x13, 0x60, 0x0C, 0x10, 0x0C, 0x10, 0x00, 0x00, 0x00, 0x02, 0x02, 0x22, 0x12, 0x0A,
    0x04, 0x0C, 0x14, 0x1C, 0x00, 0x00, 0x00, 0x00, 0x00, 0x00, 0x00, 0x02, 0x02, 0x22, 0x12, 0x0A,
    0x0E, 0x0A, 0x13, 0x60, 0x00, 0x00, 0x00, 0x00, 0x00, 0x00, 0x00, 0x7E, 0x66, 0x5A, 0x5A, 0x7A,
    0x76, 0x76, 0x7E, 0x76, 0x76, 0x7E, 0x00, 0x00,
};

static const EpdGlyph helveticaui_12_boldGlyphs[] = {
    { 15, 19, 304, 2, 19, 36, 0 }, // U+0000
    { 16, 16, 256, 0, 14, 32, 36 }, // U+0001
    { 16, 16, 256, 0, 14, 32, 68 }, // U+0002
    { 16, 16, 256, 0, 14, 32, 100 }, // U+0003
    { 16, 16, 256, 0, 14, 32, 132 }, // U+0004
    { 16, 16, 256, 0, 14, 32, 164 }, // U+0005
    { 16, 16, 256, 0, 14, 32, 196 }, // U+0006
    { 16, 16, 256, 0, 14, 32, 228 }, // U+0007
    { 16, 16, 256, 0, 14, 32, 260 }, // U+0008
    { 16, 16, 256, 0, 14, 32, 292 }, // U+0009
    { 16, 16, 256, 0, 14, 32, 324 }, // U+000A
    { 16, 16, 256, 0, 14, 32, 356 }, // U+000B
    { 16, 16, 256, 0, 14, 32, 388 }, // U+000C
    { 16, 16, 256, 0, 14, 32, 420 }, // U+000D
    { 16, 16, 256, 0, 14, 32, 452 }, // U+000E
    { 16, 16, 256, 0, 14, 32, 484 }, // U+000F
    { 16, 16, 256, 0, 14, 32, 516 }, // U+0010
    { 16, 16, 256, 0, 14, 32, 548 }, // U+0011
    { 16, 16, 256, 0, 14, 32, 580 }, // U+0012
    { 16, 16, 256, 0, 14, 32, 612 }, // U+0013
    { 16, 16, 256, 0, 14, 32, 644 }, // U+0014
    { 16, 16, 256, 0, 14, 32, 676 }, // U+0015
    { 16, 16, 256, 0, 14, 32, 708 }, // U+0016
    { 16, 16, 256, 0, 14, 32, 740 }, // U+0017
    { 16, 16, 256, 0, 14, 32, 772 }, // U+0018
    { 16, 16, 256, 0, 14, 32, 804 }, // U+0019
    { 16, 16, 256, 0, 14, 32, 836 }, // U+001A
    { 16, 16, 256, 0, 14, 32, 868 }, // U+001B
    { 16, 16, 256, 0, 14, 32, 900 }, // U+001C
    { 16, 16, 256, 0, 14, 32, 932 }, // U+001D
    { 16, 16, 256, 0, 14, 32, 964 }, // U+001E
    { 16, 16, 256, 0, 14, 32, 996 }, // U+001F
    { 1, 1, 96, 0, 1, 1, 1028 }, // U+0020
    { 3, 19, 112, 2, 19, 8, 1029 }, // !
    { 5, 6, 144, 2, 19, 4, 1037 }, // "
    { 12, 18, 224, 1, 18, 27, 1041 }, // #
    { 12, 21, 208, 0, 19, 32, 1068 }, // $
    { 21, 18, 352, 0, 18, 48, 1100 }, // %
    { 16, 18, 288, 1, 18, 36, 1148 }, // &
    { 2, 6, 96, 2, 19, 2, 1184 }, // '
    { 6, 24, 128, 1, 19, 18, 1186 }, // (
    { 6, 24, 128, 1, 19, 18, 1204 }, // )
    { 8, 7, 160, 1, 19, 7, 1222 }, // *
    { 12, 12, 240, 1, 13, 18, 1229 }, // +
    { 3, 6, 112, 2, 3, 3, 1247 }, // ,
    { 7, 3, 128, 0, 9, 3, 1250 }, // -
    { 3, 3, 112, 2, 3, 2, 1253 }, // .
    { 7, 19, 128, 1, 19, 17, 1255 }, // /
    { 12, 18, 208, 0, 18, 27, 1272 }, // 0
    { 7, 18, 208, 2, 18, 16, 1299 }, // 1
    { 12, 18, 208, 0, 18, 27, 1315 }, // 2
    { 12, 18, 208, 0, 18, 27, 1342 }, // 3
    { 12, 18, 208, 0, 18, 27, 1369 }, // 4
    { 12, 18, 208, 0, 18, 27, 1396 }, // 5
    { 12, 18, 208, 0, 18, 27, 1423 }, // 6
    { 12, 18, 208, 0, 18, 27, 1450 }, // 7
    { 12, 18, 208, 0, 18, 27, 1477 }, // 8
    { 12, 18, 208, 0, 18, 27, 1504 }, // 9
    { 3, 14, 112, 2, 14, 6, 1531 }, // :
    { 3, 17, 112, 2, 14, 7, 1537 }, // ;
    { 13, 12, 240, 0, 13, 20, 1544 }, // <
    { 10, 5, 224, 2, 10, 7, 1564 }, // =
    { 13, 12, 224, 1, 13, 20, 1571 }, // >
    { 11, 19, 240, 2, 19, 27, 1591 }, // ?
    { 22, 22, 384, 1, 18, 61, 1618 }, // @
    { 16, 19, 288, 1, 19, 38, 1679 }, // A
    { 15, 19, 288, 2, 19, 36, 1717 }, // B
    { 16, 19, 288, 1, 19, 38, 1753 }, // C
    { 16, 19, 304, 2, 19, 38, 1791 }, // D
    { 13, 19, 256, 2, 19, 31, 1829 }, // E
    { 12, 19, 240, 2, 19, 29, 1860 }, // F
    { 17, 19, 304, 1, 19, 41, 1889 }, // G
    { 15, 19, 304, 2, 19, 36, 1930 }, // H
    { 3, 19, 112, 2, 19, 8, 1966 }, // I
    { 11, 19, 224, 1, 19, 27, 1974 }, // J
    { 14, 19, 288, 2, 19, 34, 2001 }, // K
    { 12, 19, 240, 2, 19, 29, 2035 }, // L
    { 19, 19, 368, 2, 19, 46, 2064 }, // M
    { 15, 19, 304, 2, 19, 36, 2110 }, // N
    { 17, 19, 304, 1, 19, 41, 2146 }, // O
    { 14, 19, 272, 2, 19, 34, 2187 }, // P
    { 17, 20, 304, 1, 19, 43, 2221 }, // Q
    { 14, 19, 272, 2, 19, 34, 2264 }, // R
    { 14, 19, 272, 2, 19, 34, 2298 }, // S
    { 15, 19, 240, 0, 19, 36, 2332 }, // T
    { 15, 19, 304, 2, 19, 36, 2368 }, // U
    { 16, 19, 288, 1, 19, 38, 2404 }, // V
    { 21, 19, 368, 1, 19, 50, 2442 }, // W
    { 16, 19, 288, 1, 19, 38, 2492 }, // X
    { 15, 19, 272, 1, 19, 36, 2530 }, // Y
    { 14, 19, 256, 1, 19, 34, 2566 }, // Z
    { 5, 24, 128, 1, 19, 15, 2600 }, // [
    { 7, 19, 128, 0, 19, 17, 2615 }, // <backslash>
    { 5, 24, 128, 2, 19, 15, 2632 }, // ]
    { 11, 9, 224, 1, 19, 13, 2647 }, // ^
    { 14, 2, 224, 0, -3, 4, 2660 }, // _
    { 6, 4, 128, 1, 19, 3, 2664 }, // `
    { 12, 14, 224, 1, 14, 21, 2667 }, // a
    { 12, 19, 240, 2, 19, 29, 2688 }, // b
    { 11, 14, 208, 1, 14, 20, 2717 }, // c
    { 12, 19, 240, 1, 19, 29, 2737 }, // d
    { 12, 14, 224, 1, 14, 21, 2766 }, // e
    { 7, 19, 144, 1, 19, 17, 2787 }, // f
    { 12, 19, 240, 1, 14, 29, 2804 }, // g
    { 11, 19, 240, 2, 19, 27, 2833 }, // h
    { 3, 19, 112, 2, 19, 8, 2860 }, // i
    { 5, 24, 112, 0, 19, 15, 2868 }, // j
    { 11, 19, 224, 2, 19, 27, 2883 }, // k
    { 3, 19, 112, 2, 19, 8, 2910 }, // l
    { 17, 14, 336, 2, 14, 30, 2918 }, // m
    { 11, 14, 240, 2, 14, 20, 2948 }, // n
    { 12, 14, 224, 1, 14, 21, 2968 }, // o
    { 12, 19, 240, 2, 14, 29, 2989 }, // p
    { 12, 19, 240, 1, 14, 29, 3018 }, // q
    { 7, 14, 160, 2, 14, 13, 3047 }, // r
    { 11, 14, 208, 1, 14, 20, 3060 }, // s
    { 7, 18, 144, 1, 18, 16, 3080 }, // t
    { 11, 14, 240, 2, 14, 20, 3096 }, // u
    { 12, 14, 224, 1, 14, 21, 3116 }, // v
    { 19, 14, 304, 0, 14, 34, 3137 }, // w
    { 11, 14, 208, 1, 14, 20, 3171 }, // x
    { 13, 19, 240, 1, 14, 31, 3191 }, // y
    { 11, 14, 208, 1, 14, 20, 3222 }, // z
    { 7, 24, 160, 1, 19, 21, 3242 }, // {
    { 2, 24, 112, 3, 19, 6, 3263 }, // |
    { 7, 24, 160, 2, 19, 21, 3269 }, // }
    { 11, 4, 224, 1, 9, 6, 3290 }, // ~
    { 16, 16, 256, 0, 14, 32, 3296 }, // U+007F
    { 16, 16, 256, 0, 14, 32, 3328 }, // U+0080
    { 16, 16, 256, 0, 14, 32, 3360 }, // U+0081
    { 16, 16, 256, 0, 14, 32, 3392 }, // U+0082
    { 16, 16, 256, 0, 14, 32, 3424 }, // U+0083
    { 16, 16, 256, 0, 14, 32, 3456 }, // U+0084
    { 16, 16, 256, 0, 14, 32, 3488 }, // U+0085
    { 16, 16, 256, 0, 14, 32, 3520 }, // U+0086
    { 16, 16, 256, 0, 14, 32, 3552 }, // U+0087
    { 16, 16, 256, 0, 14, 32, 3584 }, // U+0088
    { 16, 16, 256, 0, 14, 32, 3616 }, // U+0089
    { 16, 16, 256, 0, 14, 32, 3648 }, // U+008A
    { 16, 16, 256, 0, 14, 32, 3680 }, // U+008B
    { 16, 16, 256, 0, 14, 32, 3712 }, // U+008C
    { 16, 16, 256, 0, 14, 32, 3744 }, // U+008D
    { 16, 16, 256, 0, 14, 32, 3776 }, // U+008E
    { 16, 16, 256, 0, 14, 32, 3808 }, // U+008F
    { 16, 16, 256, 0, 14, 32, 3840 }, // U+0090
    { 16, 16, 256, 0, 14, 32, 3872 }, // U+0091
    { 16, 16, 256, 0, 14, 32, 3904 }, // U+0092
    { 16, 16, 256, 0, 14, 32, 3936 }, // U+0093
    { 16, 16, 256, 0, 14, 32, 3968 }, // U+0094
    { 16, 16, 256, 0, 14, 32, 4000 }, // U+0095
    { 16, 16, 256, 0, 14, 32, 4032 }, // U+0096
    { 16, 16, 256, 0, 14, 32, 4064 }, // U+0097
    { 16, 16, 256, 0, 14, 32, 4096 }, // U+0098
    { 16, 16, 256, 0, 14, 32, 4128 }, // U+0099
    { 16, 16, 256, 0, 14, 32, 4160 }, // U+009A
    { 16, 16, 256, 0, 14, 32, 4192 }, // U+009B
    { 16, 16, 256, 0, 14, 32, 4224 }, // U+009C
    { 16, 16, 256, 0, 14, 32, 4256 }, // U+009D
    { 16, 16, 256, 0, 14, 32, 4288 }, // U+009E
    { 16, 16, 256, 0, 14, 32, 4320 }, // U+009F
    { 1, 1, 96, 0, 1, 1, 4352 }, // U+00A0
    { 3, 19, 112, 2, 14, 8, 4353 }, // U+00A1
    { 11, 18, 224, 1, 16, 25, 4361 }, // U+00A2
    { 13, 18, 224, 1, 18, 30, 4386 }, // U+00A3
    { 12, 12, 224, 1, 15, 18, 4416 }, // U+00A4
    { 13, 18, 224, 0, 18, 30, 4434 }, // U+00A5
    { 2, 24, 112, 3, 19, 6, 4464 }, // U+00A6
    { 12, 24, 224, 1, 19, 36, 4470 }, // U+00A7
    { 7, 2, 144, 1, 18, 2, 4506 }, // U+00A8
    { 19, 19, 304, 0, 19, 46, 4508 }, // U+00A9
    { 8, 12, 160, 1, 19, 12, 4554 }, // U+00AA
    { 10, 8, 208, 1, 11, 10, 4566 }, // U+00AB
    { 12, 7, 240, 1, 11, 11, 4576 }, // U+00AC
    { 7, 3, 128, 0, 9, 3, 4587 }, // U+00AD
    { 19, 19, 304, 0, 19, 46, 4590 }, // U+00AE
    { 7, 2, 144, 1, 19, 2, 4636 }, // U+00AF
    { 8, 7, 144, 0, 18, 7, 4638 }, // U+00B0
    { 11, 13, 240, 2, 13, 18, 4645 }, // U+00B1
    { 6, 10, 112, 0, 18, 8, 4663 }, // U+00B2
    { 6, 10, 112, 0, 18, 8, 4671 }, // U+00B3
    { 6, 4, 128, 1, 19, 3, 4679 }, // U+00B4
    { 11, 19, 240, 2, 14, 27, 4682 }, // U+00B5
    { 11, 24, 208, 1, 19, 33, 4709 }, // U+00B6
    { 3, 3, 112, 2, 9, 2, 4742 }, // U+00B7
    { 6, 6, 128, 1, 1, 5, 4744 }, // U+00B8
    { 4, 10, 112, 1, 18, 5, 4749 }, // U+00B9
    { 8, 12, 160, 1, 19, 12, 4754 }, // U+00BA
    { 10, 8, 208, 1, 11, 10, 4766 }, // U+00BB
    { 17, 18, 304, 1, 18, 39, 4776 }, // U+00BC
    { 16, 18, 304, 1, 18, 36, 4815 }, // U+00BD
    { 17, 18, 304, 1, 18, 39, 4851 }, // U+00BE
    { 11, 19, 240, 2, 14, 27, 4890 }, // U+00BF
    { 16, 24, 288, 1, 24, 48, 4917 }, // U+00C0
    { 16, 24, 288, 1, 24, 48, 4965 }, // U+00C1
    { 16, 24, 288, 1, 24, 48, 5013 }, // U+00C2
    { 16, 23, 288, 1, 23, 46, 5061 }, // U+00C3
    { 16, 23, 288, 1, 23, 46, 5107 }, // U+00C4
    { 16, 24, 288, 1, 24, 48, 5153 }, // U+00C5
    { 22, 19, 384, 1, 19, 53, 5201 }, // U+00C6
    { 16, 24, 288, 1, 19, 48, 5254 }, // U+00C7
    { 13, 24, 256, 2, 24, 39, 5302 }, // U+00C8
    { 13, 24, 256, 2, 24, 39, 5341 }, // U+00C9
    { 13, 24, 256, 2, 24, 39, 5380 }, // U+00CA
    { 13, 23, 256, 2, 23, 38, 5419 }, // U+00CB
    { 6, 24, 112, 0, 24, 18, 5457 }, // U+00CC
    { 6, 24, 112, 1, 24, 18, 5475 }, // U+00CD
    { 9, 24, 112, -1, 24, 27, 5493 }, // U+00CE
    { 7, 23, 112, 0, 23, 21, 5520 }, // U+00CF
    { 19, 19, 304, -1, 19, 46, 5541 }, // U+00D0
    { 15, 23, 304, 2, 23, 44, 5587 }, // U+00D1
    { 17, 24, 304, 1, 24, 51, 5631 }, // U+00D2
    { 17, 24, 304, 1, 24, 51, 5682 }, // U+00D3
    { 17, 24, 304, 1, 24, 51, 5733 }, // U+00D4
    { 17, 23, 304, 1, 23, 49, 5784 }, // U+00D5
    { 17, 23, 304, 1, 23, 49, 5833 }, // U+00D6
    { 12, 12, 240, 1, 13, 18, 5882 }, // U+00D7
    { 19, 19, 304, 0, 19, 46, 5900 }, // U+00D8
    { 15, 24, 304, 2, 24, 45, 5946 }, // U+00D9
    { 15, 24, 304, 2, 24, 45, 5991 }, // U+00DA
    { 15, 24, 304, 2, 24, 45, 6036 }, // U+00DB
    { 15, 23, 304, 2, 23, 44, 6081 }, // U+00DC
    { 15, 24, 272, 1, 24, 45, 6125 }, // U+00DD
    { 14, 19, 272, 2, 19, 34, 6170 }, // U+00DE
    { 11, 19, 224, 2, 19, 27, 6204 }, // U+00DF
    { 12, 19, 224, 1, 19, 29, 6231 }, // U+00E0
    { 12, 19, 224, 1, 19, 29, 6260 }, // U+00E1
    { 12, 19, 224, 1, 19, 29, 6289 }, // U+00E2
    { 12, 19, 224, 1, 19, 29, 6318 }, // U+00E3
    { 12, 18, 224, 1, 18, 27, 6347 }, // U+00E4
    { 12, 19, 224, 1, 19, 29, 6374 }, // U+00E5
    { 20, 14, 352, 1, 14, 35, 6403 }, // U+00E6
    { 11, 19, 208, 1, 14, 27, 6438 }, // U+00E7
    { 12, 19, 224, 1, 19, 29, 6465 }, // U+00E8
    { 12, 19, 224, 1, 19, 29, 6494 }, // U+00E9
    { 12, 19, 224, 1, 19, 29, 6523 }, // U+00EA
    { 12, 18, 224, 1, 18, 27, 6552 }, // U+00EB
    { 6, 19, 112, 0, 19, 15, 6579 }, // U+00EC
    { 6, 19, 112, 1, 19, 15, 6594 }, // U+00ED
    { 9, 19, 112, -1, 19, 22, 6609 }, // U+00EE
    { 7, 18, 112, 0, 18, 16, 6631 }, // U+00EF
    { 12, 19, 224, 1, 19, 29, 6647 }, // U+00F0
    { 11, 19, 240, 2, 19, 27, 6676 }, // U+00F1
    { 12, 19, 224, 1, 19, 29, 6703 }, // U+00F2
    { 12, 19, 224, 1, 19, 29, 6732 }, // U+00F3
    { 12, 19, 224, 1, 19, 29, 6761 }, // U+00F4
    { 12, 19, 224, 1, 19, 29, 6790 }, // U+00F5
    { 12, 18, 224, 1, 18, 27, 6819 }, // U+00F6
    { 11, 12, 240, 2, 13, 17, 6846 }, // U+00F7
    { 14, 14, 224, 0, 14, 25, 6863 }, // U+00F8
    { 11, 19, 240, 2, 19, 27, 6888 }, // U+00F9
    { 11, 19, 240, 2, 19, 27, 6915 }, // U+00FA
    { 11, 19, 240, 2, 19, 27, 6942 }, // U+00FB
    { 11, 18, 240, 2, 18, 25, 6969 }, // U+00FC
    { 13, 24, 240, 1, 19, 39, 6994 }, // U+00FD
    { 12, 24, 240, 2, 19, 36, 7033 }, // U+00FE
    { 13, 23, 240, 1, 18, 38, 7069 }, // U+00FF
    { 16, 22, 288, 1, 22, 44, 7107 }, // U+0100
    { 12, 17, 224, 1, 17, 26, 7151 }, // U+0101
    { 16, 24, 288, 1, 24, 48, 7177 }, // U+0102
    { 12, 19, 224, 1, 19, 29, 7225 }, // U+0103
    { 16, 24, 288, 1, 19, 48, 7254 }, // U+0104
    { 12, 19, 224, 1, 14, 29, 7302 }, // U+0105
    { 16, 24, 288, 1, 24, 48, 7331 }, // U+0106
    { 11, 19, 208, 1, 19, 27, 7379 }, // U+0107
    { 16, 24, 288, 1, 24, 48, 7406 }, // U+0108
    { 11, 19, 208, 1, 19, 27, 7454 }, // U+0109
    { 16, 22, 288, 1, 22, 44, 7481 }, // U+010A
    { 11, 17, 208, 1, 17, 24, 7525 }, // U+010B
    { 16, 24, 288, 1, 24, 48, 7549 }, // U+010C
    { 11, 19, 208, 1, 19, 27, 7597 }, // U+010D
    { 16, 24, 304, 2, 24, 48, 7624 }, // U+010E
    { 18, 19, 336, 1, 19, 43, 7672 }, // U+010F
    { 19, 19, 304, -1, 19, 46, 7715 }, // U+0110
    { 12, 19, 240, 1, 19, 29, 7761 }, // U+0111
    { 13, 22, 256, 2, 22, 36, 7790 }, // U+0112
    { 12, 17, 224, 1, 17, 26, 7826 }, // U+0113
    { 13, 24, 256, 2, 24, 39, 7852 }, // U+0114
    { 12, 19, 224, 1, 19, 29, 7891 }, // U+0115
    { 13, 22, 256, 2, 22, 36, 7920 }, // U+0116
    { 12, 17, 224, 1, 17, 26, 7956 }, // U+0117
    { 13, 24, 256, 2, 19, 39, 7982 }, // U+0118
    { 12, 19, 224, 1, 14, 29, 8021 }, // U+0119
    { 13, 24, 256, 2, 24, 39, 8050 }, // U+011A
    { 12, 19, 224, 1, 19, 29, 8089 }, // U+011B
    { 17, 24, 304, 1, 24, 51, 8118 }, // U+011C
    { 12, 24, 240, 1, 19, 36, 8169 }, // U+011D
    { 17, 24, 304, 1, 24, 51, 8205 }, // U+011E
    { 12, 24, 240, 1, 19, 36, 8256 }, // U+011F
    { 17, 22, 304, 1, 22, 47, 8292 }, // U+0120
    { 12, 22, 240, 1, 17, 33, 8339 }, // U+0121
    { 17, 26, 304, 1, 19, 56, 8372 }, // U+0122
    { 12, 26, 240, 1, 21, 39, 8428 }, // U+0123
    { 15, 24, 304, 2, 24, 45, 8467 }, // U+0124
    { 13, 24, 240, 0, 24, 39, 8512 }, // U+0125
    { 15, 19, 304, 2, 19, 36, 8551 }, // U+0126
    { 11, 19, 240, 2, 19, 27, 8587 }, // U+0127
    { 9, 23, 112, -1, 23, 26, 8614 }, // U+0128
    { 9, 18, 112, -1, 18, 21, 8640 }, // U+0129
    { 7, 22, 112, 0, 22, 20, 8661 }, // U+012A
    { 7, 17, 112, 0, 17, 15, 8681 }, // U+012B
    { 9, 24, 112, -1, 24, 27, 8696 }, // U+012C
    { 9, 19, 112, -1, 19, 22, 8723 }, // U+012D
    { 6, 24, 112, 0, 19, 18, 8745 }, // U+012E
    { 6, 24, 112, 0, 19, 18, 8763 }, // U+012F
    { 3, 22, 112, 2, 22, 9, 8781 }, // U+0130
    { 3, 14, 112, 2, 14, 6, 8790 }, // U+0131
    { 17, 19, 336, 2, 19, 41, 8796 }, // U+0132
    { 10, 24, 224, 2, 19, 30, 8837 }, // U+0133
    { 13, 24, 224, 1, 24, 39, 8867 }, // U+0134
    { 9, 24, 112, -1, 19, 27, 8906 }, // U+0135
    { 14, 26, 288, 2, 19, 46, 8933 }, // U+0136
    { 11, 26, 224, 2, 19, 36, 8979 }, // U+0137
    { 11, 14, 224, 2, 14, 20, 9015 }, // U+0138
    { 12, 24, 240, 2, 24, 36, 9035 }, // U+0139
    { 6, 24, 112, 1, 24, 18, 9071 }, // U+013A
    { 12, 26, 240, 2, 19, 39, 9089 }, // U+013B
    { 3, 26, 112, 2, 19, 10, 9128 }, // U+013C
    { 17, 19, 336, 2, 19, 41, 9138 }, // U+013D
    { 10, 19, 224, 2, 19, 24, 9179 }, // U+013E
    { 17, 19, 336, 2, 19, 41, 9203 }, // U+013F
    { 10, 19, 224, 2, 19, 24, 9244 }, // U+0140
    { 14, 19, 240, 0, 19, 34, 9268 }, // U+0141
    { 7, 19, 112, 0, 19, 17, 9302 }, // U+0142
    { 15, 24, 304, 2, 24, 45, 9319 }, // U+0143
    { 11, 19, 240, 2, 19, 27, 9364 }, // U+0144
    { 15, 26, 304, 2, 19, 49, 9391 }, // U+0145
    { 11, 21, 240, 2, 14, 29, 9440 }, // U+0146
    { 15, 24, 304, 2, 24, 45, 9469 }, // U+0147
    { 11, 19, 240, 2, 19, 27, 9514 }, // U+0148
    { 18, 19, 352, 2, 19, 43, 9541 }, // U+0149
    { 15, 24, 304, 2, 19, 45, 9584 }, // U+014A
    { 11, 19, 240, 2, 14, 27, 9629 }, // U+014B
    { 17, 22, 304, 1, 22, 47, 9656 }, // U+014C
    { 12, 17, 224, 1, 17, 26, 9703 }, // U+014D
    { 17, 24, 304, 1, 24, 51, 9729 }, // U+014E
    { 12, 19, 224, 1, 19, 29, 9780 }, // U+014F
    { 17, 23, 304, 1, 23, 49, 9809 }, // U+0150
    { 12, 18, 224, 1, 18, 27, 9858 }, // U+0151
    { 24, 19, 416, 1, 19, 57, 9885 }, // U+0152
    { 21, 14, 368, 1, 14, 37, 9942 }, // U+0153
    { 14, 24, 272, 2, 24, 42, 9979 }, // U+0154
    { 7, 19, 160, 2, 19, 17, 10021 }, // U+0155
    { 14, 26, 272, 2, 19, 46, 10038 }, // U+0156
    { 7, 21, 160, 2, 14, 19, 10084 }, // U+0157
    { 14, 24, 272, 2, 24, 42, 10103 }, // U+0158
    { 9, 19, 160, 1, 19, 22, 10145 }, // U+0159
    { 14, 24, 272, 2, 24, 42, 10167 }, // U+015A
    { 11, 19, 208, 1, 19, 27, 10209 }, // U+015B
    { 14, 24, 272, 2, 24, 42, 10236 }, // U+015C
    { 11, 19, 208, 1, 19, 27, 10278 }, // U+015D
    { 14, 24, 272, 2, 19, 42, 10305 }, // U+015E
    { 11, 19, 208, 1, 14, 27, 10347 }, // U+015F
    { 14, 19, 272, 1, 19, 34, 10374 }, // U+0160
    { 11, 19, 208, 1, 19, 27, 10408 }, // U+0161
    { 15, 24, 240, 0, 19, 45, 10435 }, // U+0162
    { 7, 23, 144, 1, 18, 21, 10480 }, // U+0163
    { 15, 24, 240, 0, 24, 45, 10501 }, // U+0164
    { 13, 19, 256, 1, 19, 31, 10546 }, // U+0165
    { 15, 19, 240, 0, 19, 36, 10577 }, // U+0166
    { 7, 18, 144, 1, 18, 16, 10613 }, // U+0167
    { 15, 23, 304, 2, 23, 44, 10629 }, // U+0168
    { 11, 18, 240, 2, 18, 25, 10673 }, // U+0169
    { 15, 22, 304, 2, 22, 42, 10698 }, // U+016A
    { 11, 17, 240, 2, 17, 24, 10740 }, // U+016B
    { 15, 24, 304, 2, 24, 45, 10764 }, // U+016C
    { 11, 19, 240, 2, 19, 27, 10809 }, // U+016D
    { 15, 25, 304, 2, 25, 47, 10836 }, // U+016E
    { 11, 20, 240, 2, 20, 28, 10883 }, // U+016F
    { 15, 23, 304, 2, 23, 44, 10911 }, // U+0170
    { 11, 18, 240, 2, 18, 25, 10955 }, // U+0171
    { 15, 24, 304, 2, 19, 45, 10980 }, // U+0172
    { 11, 19, 240, 2, 14, 27, 11025 }, // U+0173
    { 21, 24, 368, 1, 24, 63, 11052 }, // U+0174
    { 19, 19, 304, 0, 19, 46, 11115 }, // U+0175
    { 15, 24, 272, 1, 24, 45, 11161 }, // U+0176
    { 13, 24, 240, 1, 19, 39, 11206 }, // U+0177
    { 15, 18, 272, 1, 18, 34, 11245 }, // U+0178
    { 14, 24, 256, 1, 24, 42, 11279 }, // U+0179
    { 11, 19, 208, 1, 19, 27, 11321 }, // U+017A
    { 14, 22, 256, 1, 22, 39, 11348 }, // U+017B
    { 11, 17, 208, 1, 17, 24, 11387 }, // U+017C
    { 14, 19, 256, 1, 19, 34, 11411 }, // U+017D
    { 11, 19, 208, 1, 19, 27, 11445 }, // U+017E
    { 8, 16, 128, 0, 14, 16, 11472 }, // U+017F
    { 18, 19, 304, 1, 19, 43, 11488 }, // U+01A0
    { 14, 14, 224, 1, 14, 25, 11531 }, // U+01A1
    { 17, 19, 304, 2, 19, 41, 11556 }, // U+01AF
    { 13, 14, 240, 2, 14, 23, 11597 }, // U+01B0
    { 8, 16, 128, 0, 14, 16, 11620 }, // U+01C4
    { 8, 16, 128, 0, 14, 16, 11636 }, // U+01C5
    { 8, 16, 128, 0, 14, 16, 11652 }, // U+01C6
    { 8, 16, 128, 0, 14, 16, 11668 }, // U+01C7
    { 8, 16, 128, 0, 14, 16, 11684 }, // U+01C8
    { 8, 16, 128, 0, 14, 16, 11700 }, // U+01C9
    { 8, 16, 128, 0, 14, 16, 11716 }, // U+01CA
    { 8, 16, 128, 0, 14, 16, 11732 }, // U+01CB
    { 8, 16, 128, 0, 14, 16, 11748 }, // U+01CC
    { 16, 24, 288, 1, 24, 48, 11764 }, // U+01CD
    { 12, 19, 224, 1, 19, 29, 11812 }, // U+01CE
    { 9, 24, 112, -1, 24, 27, 11841 }, // U+01CF
    { 9, 19, 112, -1, 19, 22, 11868 }, // U+01D0
    { 17, 24, 304, 1, 24, 51, 11890 }, // U+01D1
    { 12, 19, 224, 1, 19, 29, 11941 }, // U+01D2
    { 15, 24, 304, 2, 24, 45, 11970 }, // U+01D3
    { 11, 19, 240, 2, 19, 27, 12015 }, // U+01D4
    { 15, 26, 304, 2, 26, 49, 12042 }, // U+01D5
    { 11, 21, 240, 2, 21, 29, 12091 }, // U+01D6
    { 15, 28, 304, 2, 28, 53, 12120 }, // U+01D7
    { 11, 23, 240, 2, 23, 32, 12173 }, // U+01D8
    { 15, 28, 304, 2, 28, 53, 12205 }, // U+01D9
    { 11, 23, 240, 2, 23, 32, 12258 }, // U+01DA
    { 15, 28, 304, 2, 28, 53, 12290 }, // U+01DB
    { 11, 23, 240, 2, 23, 32, 12343 }, // U+01DC
    { 12, 14, 224, 1, 14, 21, 12375 }, // U+01DD
    { 16, 26, 288, 1, 26, 52, 12396 }, // U+01DE
    { 12, 21, 224, 1, 21, 32, 12448 }, // U+01DF
    { 16, 25, 288, 1, 25, 50, 12480 }, // U+01E0
    { 12, 20, 224, 1, 20, 30, 12530 }, // U+01E1
    { 22, 22, 384, 1, 22, 61, 12560 }, // U+01E2
    { 20, 17, 352, 1, 17, 43, 12621 }, // U+01E3
    { 17, 19, 304, 1, 19, 41, 12664 }, // U+01E4
    { 12, 19, 240, 1, 14, 29, 12705 }, // U+01E5
    { 17, 24, 304, 1, 24, 51, 12734 }, // U+01E6
    { 12, 24, 240, 1, 19, 36, 12785 }, // U+01E7
    { 14, 24, 288, 2, 24, 42, 12821 }, // U+01E8
    { 13, 24, 224, 0, 24, 39, 12863 }, // U+01E9
    { 17, 24, 304, 1, 19, 51, 12902 }, // U+01EA
    { 12, 19, 224, 1, 14, 29, 12953 }, // U+01EB
    { 17, 27, 304, 1, 22, 58, 12982 }, // U+01EC
    { 12, 22, 224, 1, 17, 33, 13040 }, // U+01ED
    { 8, 16, 128, 0, 14, 16, 13073 }, // U+01EE
    { 8, 16, 128, 0, 14, 16, 13089 }, // U+01EF
    { 9, 24, 112, -1, 19, 27, 13105 }, // U+01F0
    { 8, 16, 128, 0, 14, 16, 13132 }, // U+01F1
    { 8, 16, 128, 0, 14, 16, 13148 }, // U+01F2
    { 8, 16, 128, 0, 14, 16, 13164 }, // U+01F3
    { 17, 24, 304, 1, 24, 51, 13180 }, // U+01F4
    { 12, 24, 240, 1, 19, 36, 13231 }, // U+01F5
    { 8, 16, 128, 0, 14, 16, 13267 }, // U+01F6
    { 8, 16, 128, 0, 14, 16, 13283 }, // U+01F7
    { 15, 24, 304, 2, 24, 45, 13299 }, // U+01F8
    { 11, 19, 240, 2, 19, 27, 13344 }, // U+01F9
    { 16, 29, 288, 1, 29, 58, 13371 }, // U+01FA
    { 12, 24, 224, 1, 24, 36, 13429 }, // U+01FB
    { 22, 24, 384, 1, 24, 66, 13465 }, // U+01FC
    { 20, 19, 352, 1, 19, 48, 13531 }, // U+01FD
    { 19, 24, 304, 0, 24, 57, 13579 }, // U+01FE
    { 14, 19, 224, 0, 19, 34, 13636 }, // U+01FF
    { 16, 23, 288, 1, 23, 46, 13670 }, // U+0200
    { 12, 18, 224, 1, 18, 27, 13716 }, // U+0201
    { 16, 24, 288, 1, 24, 48, 13743 }, // U+0202
    { 12, 19, 224, 1, 19, 29, 13791 }, // U+0203
    { 13, 23, 256, 2, 23, 38, 13820 }, // U+0204
    { 12, 18, 224, 1, 18, 27, 13858 }, // U+0205
    { 13, 24, 256, 2, 24, 39, 13885 }, // U+0206
    { 12, 19, 224, 1, 19, 29, 13924 }, // U+0207
    { 9, 23, 112, -2, 23, 26, 13953 }, // U+0208
    { 9, 18, 112, -2, 18, 21, 13979 }, // U+0209
    { 9, 24, 112, -1, 24, 27, 14000 }, // U+020A
    { 9, 19, 112, -1, 19, 22, 14027 }, // U+020B
    { 17, 23, 304, 1, 23, 49, 14049 }, // U+020C
    { 12, 18, 224, 1, 18, 27, 14098 }, // U+020D
    { 17, 24, 304, 1, 24, 51, 14125 }, // U+020E
    { 12, 19, 224, 1, 19, 29, 14176 }, // U+020F
    { 14, 23, 272, 2, 23, 41, 14205 }, // U+0210
    { 9, 18, 160, 0, 18, 21, 14246 }, // U+0211
    { 14, 24, 272, 2, 24, 42, 14267 }, // U+0212
    { 9, 19, 160, 1, 19, 22, 14309 }, // U+0213
    { 15, 23, 304, 2, 23, 44, 14331 }, // U+0214
    { 11, 18, 240, 2, 18, 25, 14375 }, // U+0215
    { 15, 24, 304, 2, 24, 45, 14400 }, // U+0216
    { 11, 19, 240, 2, 19, 27, 14445 }, // U+0217
    { 14, 26, 272, 2, 19, 46, 14472 }, // U+0218
    { 11, 21, 208, 1, 14, 29, 14518 }, // U+0219
    { 15, 26, 240, 0, 19, 49, 14547 }, // U+021A
    { 7, 25, 144, 1, 18, 22, 14596 }, // U+021B
    { 8, 16, 128, 0, 14, 16, 14618 }, // U+021C
    { 8, 16, 128, 0, 14, 16, 14634 }, // U+021D
    { 15, 24, 304, 2, 24, 45, 14650 }, // U+021E
    { 13, 24, 240, 0, 24, 39, 14695 }, // U+021F
    { 8, 16, 128, 0, 14, 16, 14734 }, // U+0300
    { 8, 16, 128, 0, 14, 16, 14750 }, // U+0301
    { 8, 16, 128, 0, 14, 16, 14766 }, // U+0302
    { 8, 16, 128, 0, 14, 16, 14782 }, // U+0303
    { 8, 16, 128, 0, 14, 16, 14798 }, // U+0304
    { 8, 16, 128, 0, 14, 16, 14814 }, // U+0305
    { 8, 16, 128, 0, 14, 16, 14830 }, // U+0306
    { 8, 16, 128, 0, 14, 16, 14846 }, // U+0307
    { 8, 16, 128, 0, 14, 16, 14862 }, // U+0308
    { 8, 16, 128, 0, 14, 16, 14878 }, // U+0309
    { 8, 16, 128, 0, 14, 16, 14894 }, // U+030A
    { 8, 16, 128, 0, 14, 16, 14910 }, // U+030B
    { 8, 16, 128, 0, 14, 16, 14926 }, // U+030C
    { 8, 16, 128, 0, 14, 16, 14942 }, // U+030D
    { 8, 16, 128, 0, 14, 16, 14958 }, // U+030E
    { 8, 16, 128, 0, 14, 16, 14974 }, // U+030F
    { 8, 16, 128, 0, 14, 16, 14990 }, // U+0310
    { 8, 16, 128, 0, 14, 16, 15006 }, // U+0311
    { 8, 16, 128, 0, 14, 16, 15022 }, // U+0312
    { 8, 16, 128, 0, 14, 16, 15038 }, // U+0313
    { 8, 16, 128, 0, 14, 16, 15054 }, // U+0314
    { 8, 16, 128, 0, 14, 16, 15070 }, // U+0315
    { 8, 16, 128, 0, 14, 16, 15086 }, // U+0316
    { 8, 16, 128, 0, 14, 16, 15102 }, // U+0317
    { 8, 16, 128, 0, 14, 16, 15118 }, // U+0318
    { 8, 16, 128, 0, 14, 16, 15134 }, // U+0319
    { 8, 16, 128, 0, 14, 16, 15150 }, // U+031A
    { 8, 16, 128, 0, 14, 16, 15166 }, // U+031B
    { 8, 16, 128, 0, 14, 16, 15182 }, // U+031C
    { 8, 16, 128, 0, 14, 16, 15198 }, // U+031D
    { 8, 16, 128, 0, 14, 16, 15214 }, // U+031E
    { 8, 16, 128, 0, 14, 16, 15230 }, // U+031F
    { 8, 16, 128, 0, 14, 16, 15246 }, // U+0320
    { 8, 16, 128, 0, 14, 16, 15262 }, // U+0321
    { 8, 16, 128, 0, 14, 16, 15278 }, // U+0322
    { 8, 16, 128, 0, 14, 16, 15294 }, // U+0323
    { 8, 16, 128, 0, 14, 16, 15310 }, // U+0324
    { 8, 16, 128, 0, 14, 16, 15326 }, // U+0325
    { 8, 16, 128, 0, 14, 16, 15342 }, // U+0326
    { 8, 16, 128, 0, 14, 16, 15358 }, // U+0327
    { 8, 16, 128, 0, 14, 16, 15374 }, // U+0328
    { 8, 16, 128, 0, 14, 16, 15390 }, // U+0329
    { 8, 16, 128, 0, 14, 16, 15406 }, // U+032A
    { 8, 16, 128, 0, 14, 16, 15422 }, // U+032B
    { 8, 16, 128, 0, 14, 16, 15438 }, // U+032C
    { 8, 16, 128, 0, 14, 16, 15454 }, // U+032D
    { 8, 16, 128, 0, 14, 16, 15470 }, // U+032E
    { 8, 16, 128, 0, 14, 16, 15486 }, // U+032F
    { 8, 16, 128, 0, 14, 16, 15502 }, // U+0330
    { 8, 16, 128, 0, 14, 16, 15518 }, // U+0331
    { 8, 16, 128, 0, 14, 16, 15534 }, // U+0332
    { 8, 16, 128, 0, 14, 16, 15550 }, // U+0333
    { 8, 16, 128, 0, 14, 16, 15566 }, // U+0334
    { 8, 16, 128, 0, 14, 16, 15582 }, // U+0335
    { 8, 16, 128, 0, 14, 16, 15598 }, // U+0336
    { 8, 16, 128, 0, 14, 16, 15614 }, // U+0337
    { 8, 16, 128, 0, 14, 16, 15630 }, // U+0338
    { 8, 16, 128, 0, 14, 16, 15646 }, // U+0339
    { 8, 16, 128, 0, 14, 16, 15662 }, // U+033A
    { 8, 16, 128, 0, 14, 16, 15678 }, // U+033B
    { 8, 16, 128, 0, 14, 16, 15694 }, // U+033C
    { 8, 16, 128, 0, 14, 16, 15710 }, // U+033D
    { 8, 16, 128, 0, 14, 16, 15726 }, // U+033E
    { 8, 16, 128, 0, 14, 16, 15742 }, // U+033F
    { 8, 16, 128, 0, 14, 16, 15758 }, // U+0340
    { 8, 16, 128, 0, 14, 16, 15774 }, // U+0341
    { 8, 16, 128, 0, 14, 16, 15790 }, // U+0342
    { 8, 16, 128, 0, 14, 16, 15806 }, // U+0343
    { 8, 16, 128, 0, 14, 16, 15822 }, // U+0344
    { 8, 16, 128, 0, 14, 16, 15838 }, // U+0345
    { 8, 16, 128, 0, 14, 16, 15854 }, // U+0346
    { 8, 16, 128, 0, 14, 16, 15870 }, // U+0347
    { 8, 16, 128, 0, 14, 16, 15886 }, // U+0348
    { 8, 16, 128, 0, 14, 16, 15902 }, // U+0349
    { 8, 16, 128, 0, 14, 16, 15918 }, // U+034A
    { 8, 16, 128, 0, 14, 16, 15934 }, // U+034B
    { 8, 16, 128, 0, 14, 16, 15950 }, // U+034C
    { 8, 16, 128, 0, 14, 16, 15966 }, // U+034D
    { 8, 16, 128, 0, 14, 16, 15982 }, // U+034E
    { 16, 16, 256, 0, 14, 32, 15998 }, // U+034F
    { 8, 16, 128, 0, 14, 16, 16030 }, // U+0350
    { 8, 16, 128, 0, 14, 16, 16046 }, // U+0351
    { 8, 16, 128, 0, 14, 16, 16062 }, // U+0352
    { 8, 16, 128, 0, 14, 16, 16078 }, // U+0353
    { 8, 16, 128, 0, 14, 16, 16094 }, // U+0354
    { 8, 16, 128, 0, 14, 16, 16110 }, // U+0355
    { 8, 16, 128, 0, 14, 16, 16126 }, // U+0356
    { 8, 16, 128, 0, 14, 16, 16142 }, // U+0357
    { 8, 16, 128, 0, 14, 16, 16158 }, // U+0358
    { 8, 16, 128, 0, 14, 16, 16174 }, // U+0359
    { 8, 16, 128, 0, 14, 16, 16190 }, // U+035A
    { 8, 16, 128, 0, 14, 16, 16206 }, // U+035B
    { 16, 16, 256, 0, 14, 32, 16222 }, // U+035C
    { 16, 16, 256, 0, 14, 32, 16254 }, // U+035D
    { 16, 16, 256, 0, 14, 32, 16286 }, // U+035E
    { 16, 16, 256, 0, 14, 32, 16318 }, // U+035F
    { 16, 16, 256, 0, 14, 32, 16350 }, // U+0360
    { 16, 16, 256, 0, 14, 32, 16382 }, // U+0361
    { 16, 16, 256, 0, 14, 32, 16414 }, // U+0362
    { 8, 16, 128, 0, 14, 16, 16446 }, // U+0363
    { 8, 16, 128, 0, 14, 16, 16462 }, // U+0364
    { 8, 16, 128, 0, 14, 16, 16478 }, // U+0365
    { 8, 16, 128, 0, 14, 16, 16494 }, // U+0366
    { 8, 16, 128, 0, 14, 16, 16510 }, // U+0367
    { 8, 16, 128, 0, 14, 16, 16526 }, // U+0368
    { 8, 16, 128, 0, 14, 16, 16542 }, // U+0369
    { 8, 16, 128, 0, 14, 16, 16558 }, // U+036A
    { 8, 16, 128, 0, 14, 16, 16574 }, // U+036B
    { 8, 16, 128, 0, 14, 16, 16590 }, // U+036C
    { 8, 16, 128, 0, 14, 16, 16606 }, // U+036D
    { 8, 16, 128, 0, 14, 16, 16622 }, // U+036E
    { 8, 16, 128, 0, 14, 16, 16638 }, // U+036F
    { 8, 16, 128, 0, 14, 16, 16654 }, // U+0400
    { 8, 16, 128, 0, 14, 16, 16670 }, // U+0401
    { 8, 16, 128, 0, 14, 16, 16686 }, // U+0402
    { 8, 16, 128, 0, 14, 16, 16702 }, // U+0403
    { 8, 16, 128, 0, 14, 16, 16718 }, // U+0404
    { 8, 16, 128, 0, 14, 16, 16734 }, // U+0405
    { 8, 16, 128, 0, 14, 16, 16750 }, // U+0406
    { 8, 16, 128, 0, 14, 16, 16766 }, // U+0407
    { 8, 16, 128, 0, 14, 16, 16782 }, // U+0408
    { 8, 16, 128, 0, 14, 16, 16798 }, // U+0409
    { 8, 16, 128, 0, 14, 16, 16814 }, // U+040A
    { 8, 16, 128, 0, 14, 16, 16830 }, // U+040B
    { 8, 16, 128, 0, 14, 16, 16846 }, // U+040C
    { 8, 16, 128, 0, 14, 16, 16862 }, // U+040D
    { 8, 16, 128, 0, 14, 16, 16878 }, // U+040E
    { 8, 16, 128, 0, 14, 16, 16894 }, // U+040F
    { 8, 16, 128, 0, 14, 16, 16910 }, // U+0410
    { 8, 16, 128, 0, 14, 16, 16926 }, // U+0411
    { 8, 16, 128, 0, 14, 16, 16942 }, // U+0412
    { 8, 16, 128, 0, 14, 16, 16958 }, // U+0413
    { 8, 16, 128, 0, 14, 16, 16974 }, // U+0414
    { 8, 16, 128, 0, 14, 16, 16990 }, // U+0415
    { 8, 16, 128, 0, 14, 16, 17006 }, // U+0416
    { 8, 16, 128, 0, 14, 16, 17022 }, // U+0417
    { 8, 16, 128, 0, 14, 16, 17038 }, // U+0418
    { 8, 16, 128, 0, 14, 16, 17054 }, // U+0419
    { 8, 16, 128, 0, 14, 16, 17070 }, // U+041A
    { 8, 16, 128, 0, 14, 16, 17086 }, // U+041B
    { 8, 16, 128, 0, 14, 16, 17102 }, // U+041C
    { 8, 16, 128, 0, 14, 16, 17118 }, // U+041D
    { 8, 16, 128, 0, 14, 16, 17134 }, // U+041E
    { 8, 16, 128, 0, 14, 16, 17150 }, // U+041F
    { 8, 16, 128, 0, 14, 16, 17166 }, // U+0420
    { 8, 16, 128, 0, 14, 16, 17182 }, // U+0421
    { 8, 16, 128, 0, 14, 16, 17198 }, // U+0422
    { 8, 16, 128, 0, 14, 16, 17214 }, // U+0423
    { 8, 16, 128, 0, 14, 16, 17230 }, // U+0424
    { 8, 16, 128, 0, 14, 16, 17246 }, // U+0425
    { 8, 16, 128, 0, 14, 16, 17262 }, // U+0426
    { 8, 16, 128, 0, 14, 16, 17278 }, // U+0427
    { 8, 16, 128, 0, 14, 16, 17294 }, // U+0428
    { 8, 16, 128, 0, 14, 16, 17310 }, // U+0429
    { 8, 16, 128, 0, 14, 16, 17326 }, // U+042A
    { 8, 16, 128, 0, 14, 16, 17342 }, // U+042B
    { 8, 16, 128, 0, 14, 16, 17358 }, // U+042C
    { 8, 16, 128, 0, 14, 16, 17374 }, // U+042D
    { 8, 16, 128, 0, 14, 16, 17390 }, // U+042E
    { 8, 16, 128, 0, 14, 16, 17406 }, // U+042F
    { 8, 16, 128, 0, 14, 16, 17422 }, // U+0430
    { 8, 16, 128, 0, 14, 16, 17438 }, // U+0431
    { 8, 16, 128, 0, 14, 16, 17454 }, // U+0432
    { 8, 16, 128, 0, 14, 16, 17470 }, // U+0433
    { 8, 16, 128, 0, 14, 16, 17486 }, // U+0434
    { 8, 16, 128, 0, 14, 16, 17502 }, // U+0435
    { 8, 16, 128, 0, 14, 16, 17518 }, // U+0436
    { 8, 16, 128, 0, 14, 16, 17534 }, // U+0437
    { 8, 16, 128, 0, 14, 16, 17550 }, // U+0438
    { 8, 16, 128, 0, 14, 16, 17566 }, // U+0439
    { 8, 16, 128, 0, 14, 16, 17582 }, // U+043A
    { 8, 16, 128, 0, 14, 16, 17598 }, // U+043B
    { 8, 16, 128, 0, 14, 16, 17614 }, // U+043C
    { 8, 16, 128, 0, 14, 16, 17630 }, // U+043D
    { 8, 16, 128, 0, 14, 16, 17646 }, // U+043E
    { 8, 16, 128, 0, 14, 16, 17662 }, // U+043F
    { 8, 16, 128, 0, 14, 16, 17678 }, // U+0440
    { 8, 16, 128, 0, 14, 16, 17694 }, // U+0441
    { 8, 16, 128, 0, 14, 16, 17710 }, // U+0442
    { 8, 16, 128, 0, 14, 16, 17726 }, // U+0443
    { 8, 16, 128, 0, 14, 16, 17742 }, // U+0444
    { 8, 16, 128, 0, 14, 16, 17758 }, // U+0445
    { 8, 16, 128, 0, 14, 16, 17774 }, // U+0446
    { 8, 16, 128, 0, 14, 16, 17790 }, // U+0447
    { 8, 16, 128, 0, 14, 16, 17806 }, // U+0448
    { 8, 16, 128, 0, 14, 16, 17822 }, // U+0449
    { 8, 16, 128, 0, 14, 16, 17838 }, // U+044A
    { 8, 16, 128, 0, 14, 16, 17854 }, // U+044B
    { 8, 16, 128, 0, 14, 16, 17870 }, // U+044C
    { 8, 16, 128, 0, 14, 16, 17886 }, // U+044D
    { 8, 16, 128, 0, 14, 16, 17902 }, // U+044E
    { 8, 16, 128, 0, 14, 16, 17918 }, // U+044F
    { 8, 16, 128, 0, 14, 16, 17934 }, // U+0450
    { 8, 16, 128, 0, 14, 16, 17950 }, // U+0451
    { 8, 16, 128, 0, 14, 16, 17966 }, // U+0452
    { 8, 16, 128, 0, 14, 16, 17982 }, // U+0453
    { 8, 16, 128, 0, 14, 16, 17998 }, // U+0454
    { 8, 16, 128, 0, 14, 16, 18014 }, // U+0455
    { 8, 16, 128, 0, 14, 16, 18030 }, // U+0456
    { 8, 16, 128, 0, 14, 16, 18046 }, // U+0457
    { 8, 16, 128, 0, 14, 16, 18062 }, // U+0458
    { 8, 16, 128, 0, 14, 16, 18078 }, // U+0459
    { 8, 16, 128, 0, 14, 16, 18094 }, // U+045A
    { 8, 16, 128, 0, 14, 16, 18110 }, // U+045B
    { 8, 16, 128, 0, 14, 16, 18126 }, // U+045C
    { 8, 16, 128, 0, 14, 16, 18142 }, // U+045D
    { 8, 16, 128, 0, 14, 16, 18158 }, // U+045E
    { 8, 16, 128, 0, 14, 16, 18174 }, // U+045F
    { 8, 16, 128, 0, 14, 16, 18190 }, // U+0460
    { 8, 16, 128, 0, 14, 16, 18206 }, // U+0461
    { 8, 16, 128, 0, 14, 16, 18222 }, // U+0462
    { 8, 16, 128, 0, 14, 16, 18238 }, // U+0463
    { 8, 16, 128, 0, 14, 16, 18254 }, // U+0464
    { 8, 16, 128, 0, 14, 16, 18270 }, // U+0465
    { 8, 16, 128, 0, 14, 16, 18286 }, // U+0466
    { 8, 16, 128, 0, 14, 16, 18302 }, // U+0467
    { 8, 16, 128, 0, 14, 16, 18318 }, // U+0468
    { 8, 16, 128, 0, 14, 16, 18334 }, // U+0469
    { 8, 16, 128, 0, 14, 16, 18350 }, // U+046A
    { 8, 16, 128, 0, 14, 16, 18366 }, // U+046B
    { 8, 16, 128, 0, 14, 16, 18382 }, // U+046C
    { 8, 16, 128, 0, 14, 16, 18398 }, // U+046D
    { 8, 16, 128, 0, 14, 16, 18414 }, // U+046E
    { 8, 16, 128, 0, 14, 16, 18430 }, // U+046F
    { 8, 16, 128, 0, 14, 16, 18446 }, // U+0470
    { 8, 16, 128, 0, 14, 16, 18462 }, // U+0471
    { 8, 16, 128, 0, 14, 16, 18478 }, // U+0472
    { 8, 16, 128, 0, 14, 16, 18494 }, // U+0473
    { 8, 16, 128, 0, 14, 16, 18510 }, // U+0474
    { 8, 16, 128, 0, 14, 16, 18526 }, // U+0475
    { 8, 16, 128, 0, 14, 16, 18542 }, // U+0476
    { 8, 16, 128, 0, 14, 16, 18558 }, // U+0477
    { 8, 16, 128, 0, 14, 16, 18574 }, // U+0478
    { 8, 16, 128, 0, 14, 16, 18590 }, // U+0479
    { 8, 16, 128, 0, 14, 16, 18606 }, // U+047A
    { 8, 16, 128, 0, 14, 16, 18622 }, // U+047B
    { 8, 16, 128, 0, 14, 16, 18638 }, // U+047C
    { 8, 16, 128, 0, 14, 16, 18654 }, // U+047D
    { 8, 16, 128, 0, 14, 16, 18670 }, // U+047E
    { 8, 16, 128, 0, 14, 16, 18686 }, // U+047F
    { 8, 16, 128, 0, 14, 16, 18702 }, // U+0480
    { 8, 16, 128, 0, 14, 16, 18718 }, // U+0481
    { 8, 16, 128, 0, 14, 16, 18734 }, // U+0482
    { 8, 16, 128, 0, 14, 16, 18750 }, // U+0483
    { 8, 16, 128, 0, 14, 16, 18766 }, // U+0484
    { 8, 16, 128, 0, 14, 16, 18782 }, // U+0485
    { 8, 16, 128, 0, 14, 16, 18798 }, // U+0486
    { 8, 16, 128, 0, 14, 16, 18814 }, // U+0487
    { 16, 16, 256, 0, 14, 32, 18830 }, // U+0488
    { 16, 16, 256, 0, 14, 32, 18862 }, // U+0489
    { 8, 16, 128, 0, 14, 16, 18894 }, // U+048A
    { 8, 16, 128, 0, 14, 16, 18910 }, // U+048B
    { 8, 16, 128, 0, 14, 16, 18926 }, // U+048C
    { 8, 16, 128, 0, 14, 16, 18942 }, // U+048D
    { 8, 16, 128, 0, 14, 16, 18958 }, // U+048E
    { 8, 16, 128, 0, 14, 16, 18974 }, // U+048F
    { 8, 16, 128, 0, 14, 16, 18990 }, // U+0490
    { 8, 16, 128, 0, 14, 16, 19006 }, // U+0491
    { 8, 16, 128, 0, 14, 16, 19022 }, // U+0492
    { 8, 16, 128, 0, 14, 16, 19038 }, // U+0493
    { 8, 16, 128, 0, 14, 16, 19054 }, // U+0494
    { 8, 16, 128, 0, 14, 16, 19070 }, // U+0495
    { 8, 16, 128, 0, 14, 16, 19086 }, // U+0496
    { 8, 16, 128, 0, 14, 16, 19102 }, // U+0497
    { 8, 16, 128, 0, 14, 16, 19118 }, // U+0498
    { 8, 16, 128, 0, 14, 16, 19134 }, // U+0499
    { 8, 16, 128, 0, 14, 16, 19150 }, // U+049A
    { 8, 16, 128, 0, 14, 16, 19166 }, // U+049B
    { 8, 16, 128, 0, 14, 16, 19182 }, // U+049C
    { 8, 16, 128, 0, 14, 16, 19198 }, // U+049D
    { 8, 16, 128, 0, 14, 16, 19214 }, // U+049E
    { 8, 16, 128, 0, 14, 16, 19230 }, // U+049F
    { 8, 16, 128, 0, 14, 16, 19246 }, // U+04A0
    { 8, 16, 128, 0, 14, 16, 19262 }, // U+04A1
    { 8, 16, 128, 0, 14, 16, 19278 }, // U+04A2
    { 8, 16, 128, 0, 14, 16, 19294 }, // U+04A3
    { 8, 16, 128, 0, 14, 16, 19310 }, // U+04A4
    { 8, 16, 128, 0, 14, 16, 19326 }, // U+04A5
    { 8, 16, 128, 0, 14, 16, 19342 }, // U+04A6
    { 8, 16, 128, 0, 14, 16, 19358 }, // U+04A7
    { 8, 16, 128, 0, 14, 16, 19374 }, // U+04A8
    { 8, 16, 128, 0, 14, 16, 19390 }, // U+04A9
    { 8, 16, 128, 0, 14, 16, 19406 }, // U+04AA
    { 8, 16, 128, 0, 14, 16, 19422 }, // U+04AB
    { 8, 16, 128, 0, 14, 16, 19438 }, // U+04AC
    { 8, 16, 128, 0, 14, 16, 19454 }, // U+04AD
    { 8, 16, 128, 0, 14, 16, 19470 }, // U+04AE
    { 8, 16, 128, 0, 14, 16, 19486 }, // U+04AF
    { 8, 16, 128, 0, 14, 16, 19502 }, // U+04B0
    { 8, 16, 128, 0, 14, 16, 19518 }, // U+04B1
    { 8, 16, 128, 0, 14, 16, 19534 }, // U+04B2
    { 8, 16, 128, 0, 14, 16, 19550 }, // U+04B3
    { 8, 16, 128, 0, 14, 16, 19566 }, // U+04B4
    { 8, 16, 128, 0, 14, 16, 19582 }, // U+04B5
    { 8, 16, 128, 0, 14, 16, 19598 }, // U+04B6
    { 8, 16, 128, 0, 14, 16, 19614 }, // U+04B7
    { 8, 16, 128, 0, 14, 16, 19630 }, // U+04B8
    { 8, 16, 128, 0, 14, 16, 19646 }, // U+04B9
    { 8, 16, 128, 0, 14, 16, 19662 }, // U+04BA
    { 8, 16, 128, 0, 14, 16, 19678 }, // U+04BB
    { 8, 16, 128, 0, 14, 16, 19694 }, // U+04BC
    { 8, 16, 128, 0, 14, 16, 19710 }, // U+04BD
    { 8, 16, 128, 0, 14, 16, 19726 }, // U+04BE
    { 8, 16, 128, 0, 14, 16, 19742 }, // U+04BF
    { 8, 16, 128, 0, 14, 16, 19758 }, // U+04C0
    { 8, 16, 128, 0, 14, 16, 19774 }, // U+04C1
    { 8, 16, 128, 0, 14, 16, 19790 }, // U+04C2
    { 8, 16, 128, 0, 14, 16, 19806 }, // U+04C3
    { 8, 16, 128, 0, 14, 16, 19822 }, // U+04C4
    { 8, 16, 128, 0, 14, 16, 19838 }, // U+04C5
    { 8, 16, 128, 0, 14, 16, 19854 }, // U+04C6
    { 8, 16, 128, 0, 14, 16, 19870 }, // U+04C7
    { 8, 16, 128, 0, 14, 16, 19886 }, // U+04C8
    { 8, 16, 128, 0, 14, 16, 19902 }, // U+04C9
    { 8, 16, 128, 0, 14, 16, 19918 }, // U+04CA
    { 8, 16, 128, 0, 14, 16, 19934 }, // U+04CB
    { 8, 16, 128, 0, 14, 16, 19950 }, // U+04CC
    { 8, 16, 128, 0, 14, 16, 19966 }, // U+04CD
    { 8, 16, 128, 0, 14, 16, 19982 }, // U+04CE
    { 8, 16, 128, 0, 14, 16, 19998 }, // U+04CF
    { 8, 16, 128, 0, 14, 16, 20014 }, // U+04D0
    { 8, 16, 128, 0, 14, 16, 20030 }, // U+04D1
    { 8, 16, 128, 0, 14, 16, 20046 }, // U+04D2
    { 8, 16, 128, 0, 14, 16, 20062 }, // U+04D3
    { 8, 16, 128, 0, 14, 16, 20078 }, // U+04D4
    { 8, 16, 128, 0, 14, 16, 20094 }, // U+04D5
    { 8, 16, 128, 0, 14, 16, 20110 }, // U+04D6
    { 8, 16, 128, 0, 14, 16, 20126 }, // U+04D7
    { 8, 16, 128, 0, 14, 16, 20142 }, // U+04D8
    { 8, 16, 128, 0, 14, 16, 20158 }, // U+04D9
    { 8, 16, 128, 0, 14, 16, 20174 }, // U+04DA
    { 8, 16, 128, 0, 14, 16, 20190 }, // U+04DB
    { 8, 16, 128, 0, 14, 16, 20206 }, // U+04DC
    { 8, 16, 128, 0, 14, 16, 20222 }, // U+04DD
    { 8, 16, 128, 0, 14, 16, 20238 }, // U+04DE
    { 8, 16, 128, 0, 14, 16, 20254 }, // U+04DF
    { 8, 16, 128, 0, 14, 16, 20270 }, // U+04E0
    { 8, 16, 128, 0, 14, 16, 20286 }, // U+04E1
    { 8, 16, 128, 0, 14, 16, 20302 }, // U+04E2
    { 8, 16, 128, 0, 14, 16, 20318 }, // U+04E3
    { 8, 16, 128, 0, 14, 16, 20334 }, // U+04E4
    { 8, 16, 128, 0, 14, 16, 20350 }, // U+04E5
    { 8, 16, 128, 0, 14, 16, 20366 }, // U+04E6
    { 8, 16, 128, 0, 14, 16, 20382 }, // U+04E7
    { 8, 16, 128, 0, 14, 16, 20398 }, // U+04E8
    { 8, 16, 128, 0, 14, 16, 20414 }, // U+04E9
    { 8, 16, 128, 0, 14, 16, 20430 }, // U+04EA
    { 8, 16, 128, 0, 14, 16, 20446 }, // U+04EB
    { 8, 16, 128, 0, 14, 16, 20462 }, // U+04EC
    { 8, 16, 128, 0, 14, 16, 20478 }, // U+04ED
    { 8, 16, 128, 0, 14, 16, 20494 }, // U+04EE
    { 8, 16, 128, 0, 14, 16, 20510 }, // U+04EF
    { 8, 16, 128, 0, 14, 16, 20526 }, // U+04F0
    { 8, 16, 128, 0, 14, 16, 20542 }, // U+04F1
    { 8, 16, 128, 0, 14, 16, 20558 }, // U+04F2
    { 8, 16, 128, 0, 14, 16, 20574 }, // U+04F3
    { 8, 16, 128, 0, 14, 16, 20590 }, // U+04F4
    { 8, 16, 128, 0, 14, 16, 20606 }, // U+04F5
    { 8, 16, 128, 0, 14, 16, 20622 }, // U+04F6
    { 8, 16, 128, 0, 14, 16, 20638 }, // U+04F7
    { 8, 16, 128, 0, 14, 16, 20654 }, // U+04F8
    { 8, 16, 128, 0, 14, 16, 20670 }, // U+04F9
    { 8, 16, 128, 0, 14, 16, 20686 }, // U+04FA
    { 8, 16, 128, 0, 14, 16, 20702 }, // U+04FB
    { 8, 16, 128, 0, 14, 16, 20718 }, // U+04FC
    { 8, 16, 128, 0, 14, 16, 20734 }, // U+04FD
    { 8, 16, 128, 0, 14, 16, 20750 }, // U+04FE
    { 8, 16, 128, 0, 14, 16, 20766 }, // U+04FF
    { 8, 16, 128, 0, 14, 16, 20782 }, // U+05D0
    { 8, 16, 128, 0, 14, 16, 20798 }, // U+05D1
    { 8, 16, 128, 0, 14, 16, 20814 }, // U+05D2
    { 8, 16, 128, 0, 14, 16, 20830 }, // U+05D3
    { 8, 16, 128, 0, 14, 16, 20846 }, // U+05D4
    { 8, 16, 128, 0, 14, 16, 20862 }, // U+05D5
    { 8, 16, 128, 0, 14, 16, 20878 }, // U+05D6
    { 8, 16, 128, 0, 14, 16, 20894 }, // U+05D7
    { 8, 16, 128, 0, 14, 16, 20910 }, // U+05D8
    { 8, 16, 128, 0, 14, 16, 20926 }, // U+05D9
    { 8, 16, 128, 0, 14, 16, 20942 }, // U+05DA
    { 8, 16, 128, 0, 14, 16, 20958 }, // U+05DB
    { 8, 16, 128, 0, 14, 16, 20974 }, // U+05DC
    { 8, 16, 128, 0, 14, 16, 20990 }, // U+05DD
    { 8, 16, 128, 0, 14, 16, 21006 }, // U+05DE
    { 8, 16, 128, 0, 14, 16, 21022 }, // U+05DF
    { 8, 16, 128, 0, 14, 16, 21038 }, // U+05E0
    { 8, 16, 128, 0, 14, 16, 21054 }, // U+05E1
    { 8, 16, 128, 0, 14, 16, 21070 }, // U+05E2
    { 8, 16, 128, 0, 14, 16, 21086 }, // U+05E3
    { 8, 16, 128, 0, 14, 16, 21102 }, // U+05E4
    { 8, 16, 128, 0, 14, 16, 21118 }, // U+05E5
    { 8, 16, 128, 0, 14, 16, 21134 }, // U+05E6
    { 8, 16, 128, 0, 14, 16, 21150 }, // U+05E7
    { 8, 16, 128, 0, 14, 16, 21166 }, // U+05E8
    { 8, 16, 128, 0, 14, 16, 21182 }, // U+05E9
    { 8, 16, 128, 0, 14, 16, 21198 }, // U+05EA
    { 8, 16, 128, 0, 14, 16, 21214 }, // U+060C
    { 8, 16, 128, 0, 14, 16, 21230 }, // U+061B
    { 8, 16, 128, 0, 14, 16, 21246 }, // U+061F
    { 8, 16, 128, 0, 14, 16, 21262 }, // U+0621
    { 8, 16, 128, 0, 14, 16, 21278 }, // U+0640
    { 8, 16, 128, 0, 14, 16, 21294 }, // U+0654
    { 8, 16, 128, 0, 14, 16, 21310 }, // U+0660
    { 8, 16, 128, 0, 14, 16, 21326 }, // U+0661
    { 8, 16, 128, 0, 14, 16, 21342 }, // U+0662
    { 8, 16, 128, 0, 14, 16, 21358 }, // U+0663
    { 8, 16, 128, 0, 14, 16, 21374 }, // U+0664
    { 8, 16, 128, 0, 14, 16, 21390 }, // U+0665
    { 8, 16, 128, 0, 14, 16, 21406 }, // U+0666
    { 8, 16, 128, 0, 14, 16, 21422 }, // U+0667
    { 8, 16, 128, 0, 14, 16, 21438 }, // U+0668
    { 8, 16, 128, 0, 14, 16, 21454 }, // U+0669
    { 8, 16, 128, 0, 14, 16, 21470 }, // U+06BA
    { 8, 16, 128, 0, 14, 16, 21486 }, // U+06D4
    { 8, 16, 128, 0, 14, 16, 21502 }, // U+06D5
    { 8, 16, 128, 0, 14, 16, 21518 }, // U+06F0
    { 8, 16, 128, 0, 14, 16, 21534 }, // U+06F1
    { 8, 16, 128, 0, 14, 16, 21550 }, // U+06F2
    { 8, 16, 128, 0, 14, 16, 21566 }, // U+06F3
    { 8, 16, 128, 0, 14, 16, 21582 }, // U+06F4
    { 8, 16, 128, 0, 14, 16, 21598 }, // U+06F5
    { 8, 16, 128, 0, 14, 16, 21614 }, // U+06F6
    { 8, 16, 128, 0, 14, 16, 21630 }, // U+06F7
    { 8, 16, 128, 0, 14, 16, 21646 }, // U+06F8
    { 8, 16, 128, 0, 14, 16, 21662 }, // U+06F9
    { 16, 22, 304, 2, 19, 44, 21678 }, // U+1E0C
    { 12, 22, 240, 1, 19, 33, 21722 }, // U+1E0D
    { 15, 22, 304, 2, 19, 42, 21755 }, // U+1E24
    { 11, 22, 240, 2, 19, 31, 21797 }, // U+1E25
    { 12, 22, 240, 2, 19, 33, 21828 }, // U+1E36
    { 3, 22, 112, 2, 19, 9, 21861 }, // U+1E37
    { 12, 25, 240, 2, 22, 38, 21870 }, // U+1E38
    { 7, 25, 112, 0, 22, 22, 21908 }, // U+1E39
    { 12, 22, 240, 2, 19, 33, 21930 }, // U+1E3A
    { 7, 22, 112, 0, 19, 20, 21963 }, // U+1E3B
    { 19, 22, 368, 2, 22, 53, 21983 }, // U+1E40
    { 17, 17, 336, 2, 17, 37, 22036 }, // U+1E41
    { 19, 22, 368, 2, 19, 53, 22073 }, // U+1E42
    { 17, 17, 336, 2, 14, 37, 22126 }, // U+1E43
    { 15, 22, 304, 2, 22, 42, 22163 }, // U+1E44
    { 11, 17, 240, 2, 17, 24, 22205 }, // U+1E45
    { 15, 22, 304, 2, 19, 42, 22229 }, // U+1E46
    { 11, 17, 240, 2, 14, 24, 22271 }, // U+1E47
    { 15, 22, 304, 2, 19, 42, 22295 }, // U+1E48
    { 11, 17, 240, 2, 14, 24, 22337 }, // U+1E49
    { 14, 22, 272, 2, 19, 39, 22361 }, // U+1E5A
    { 7, 17, 160, 2, 14, 15, 22400 }, // U+1E5B
    { 14, 25, 272, 2, 22, 44, 22415 }, // U+1E5C
    { 7, 20, 160, 2, 17, 18, 22459 }, // U+1E5D
    { 14, 22, 272, 2, 19, 39, 22477 }, // U+1E5E
    { 8, 17, 160, 1, 14, 17, 22516 }, // U+1E5F
    { 14, 22, 272, 2, 19, 39, 22533 }, // U+1E62
    { 11, 17, 208, 1, 14, 24, 22572 }, // U+1E63
    { 15, 22, 240, 0, 19, 42, 22596 }, // U+1E6C
    { 7, 21, 144, 1, 18, 19, 22638 }, // U+1E6D
    { 16, 22, 288, 1, 19, 44, 22657 }, // U+1EA0
    { 12, 17, 224, 1, 14, 26, 22701 }, // U+1EA1
    { 8, 16, 128, 0, 14, 16, 22727 }, // U+1EA2
    { 8, 16, 128, 0, 14, 16, 22743 }, // U+1EA3
    { 16, 29, 288, 1, 29, 58, 22759 }, // U+1EA4
    { 12, 24, 224, 1, 24, 36, 22817 }, // U+1EA5
    { 16, 29, 288, 1, 29, 58, 22853 }, // U+1EA6
    { 12, 24, 224, 1, 24, 36, 22911 }, // U+1EA7
    { 8, 16, 128, 0, 14, 16, 22947 }, // U+1EA8
    { 8, 16, 128, 0, 14, 16, 22963 }, // U+1EA9
    { 16, 28, 288, 1, 28, 56, 22979 }, // U+1EAA
    { 12, 23, 224, 1, 23, 35, 23035 }, // U+1EAB
    { 16, 27, 288, 1, 24, 54, 23070 }, // U+1EAC
    { 12, 22, 224, 1, 19, 33, 23124 }, // U+1EAD
    { 16, 29, 288, 1, 29, 58, 23157 }, // U+1EAE
    { 12, 24, 224, 1, 24, 36, 23215 }, // U+1EAF
    { 16, 29, 288, 1, 29, 58, 23251 }, // U+1EB0
    { 12, 24, 224, 1, 24, 36, 23309 }, // U+1EB1
    { 8, 16, 128, 0, 14, 16, 23345 }, // U+1EB2
    { 8, 16, 128, 0, 14, 16, 23361 }, // U+1EB3
    { 16, 28, 288, 1, 28, 56, 23377 }, // U+1EB4
    { 12, 23, 224, 1, 23, 35, 23433 }, // U+1EB5
    { 16, 27, 288, 1, 24, 54, 23468 }, // U+1EB6
    { 12, 22, 224, 1, 19, 33, 23522 }, // U+1EB7
    { 13, 22, 256, 2, 19, 36, 23555 }, // U+1EB8
    { 12, 17, 224, 1, 14, 26, 23591 }, // U+1EB9
    { 8, 16, 128, 0, 14, 16, 23617 }, // U+1EBA
    { 8, 16, 128, 0, 14, 16, 23633 }, // U+1EBB
    { 13, 23, 256, 2, 23, 38, 23649 }, // U+1EBC
    { 12, 18, 224, 1, 18, 27, 23687 }, // U+1EBD
    { 13, 29, 256, 2, 29, 48, 23714 }, // U+1EBE
    { 12, 24, 224, 1, 24, 36, 23762 }, // U+1EBF
    { 13, 29, 256, 2, 29, 48, 23798 }, // U+1EC0
    { 12, 24, 224, 1, 24, 36, 23846 }, // U+1EC1
    { 8, 16, 128, 0, 14, 16, 23882 }, // U+1EC2
    { 8, 16, 128, 0, 14, 16, 23898 }, // U+1EC3
    { 13, 28, 256, 2, 28, 46, 23914 }, // U+1EC4
    { 12, 23, 224, 1, 23, 35, 23960 }, // U+1EC5
    { 13, 27, 256, 2, 24, 44, 23995 }, // U+1EC6
    { 12, 22, 224, 1, 19, 33, 24039 }, // U+1EC7
    { 8, 16, 128, 0, 14, 16, 24072 }, // U+1EC8
    { 8, 16, 128, 0, 14, 16, 24088 }, // U+1EC9
    { 3, 22, 112, 2, 19, 9, 24104 }, // U+1ECA
    { 3, 22, 112, 2, 19, 9, 24113 }, // U+1ECB
    { 17, 22, 304, 1, 19, 47, 24122 }, // U+1ECC
    { 12, 17, 224, 1, 14, 26, 24169 }, // U+1ECD
    { 8, 16, 128, 0, 14, 16, 24195 }, // U+1ECE
    { 8, 16, 128, 0, 14, 16, 24211 }, // U+1ECF
    { 17, 29, 304, 1, 29, 62, 24227 }, // U+1ED0
    { 12, 24, 224, 1, 24, 36, 24289 }, // U+1ED1
    { 17, 29, 304, 1, 29, 62, 24325 }, // U+1ED2
    { 12, 24, 224, 1, 24, 36, 24387 }, // U+1ED3
    { 8, 16, 128, 0, 14, 16, 24423 }, // U+1ED4
    { 8, 16, 128, 0, 14, 16, 24439 }, // U+1ED5
    { 17, 28, 304, 1, 28, 60, 24455 }, // U+1ED6
    { 12, 23, 224, 1, 23, 35, 24515 }, // U+1ED7
    { 17, 27, 304, 1, 24, 58, 24550 }, // U+1ED8
    { 12, 22, 224, 1, 19, 33, 24608 }, // U+1ED9
    { 18, 24, 304, 1, 24, 54, 24641 }, // U+1EDA
    { 14, 19, 224, 1, 19, 34, 24695 }, // U+1EDB
    { 18, 24, 304, 1, 24, 54, 24729 }, // U+1EDC
    { 14, 19, 224, 1, 19, 34, 24783 }, // U+1EDD
    { 8, 16, 128, 0, 14, 16, 24817 }, // U+1EDE
    { 8, 16, 128, 0, 14, 16, 24833 }, // U+1EDF
    { 18, 23, 304, 1, 23, 52, 24849 }, // U+1EE0
    { 14, 18, 224, 1, 18, 32, 24901 }, // U+1EE1
    { 18, 22, 304, 1, 19, 50, 24933 }, // U+1EE2
    { 14, 17, 224, 1, 14, 30, 24983 }, // U+1EE3
    { 15, 22, 304, 2, 19, 42, 25013 }, // U+1EE4
    { 11, 17, 240, 2, 14, 24, 25055 }, // U+1EE5
    { 8, 16, 128, 0, 14, 16, 25079 }, // U+1EE6
    { 8, 16, 128, 0, 14, 16, 25095 }, // U+1EE7
    { 17, 24, 304, 2, 24, 51, 25111 }, // U+1EE8
    { 13, 19, 240, 2, 19, 31, 25162 }, // U+1EE9
    { 17, 24, 304, 2, 24, 51, 25193 }, // U+1EEA
    { 13, 19, 240, 2, 19, 31, 25244 }, // U+1EEB
    { 8, 16, 128, 0, 14, 16, 25275 }, // U+1EEC
    { 8, 16, 128, 0, 14, 16, 25291 }, // U+1EED
    { 17, 23, 304, 2, 23, 49, 25307 }, // U+1EEE
    { 13, 18, 240, 2, 18, 30, 25356 }, // U+1EEF
    { 17, 22, 304, 2, 19, 47, 25386 }, // U+1EF0
    { 13, 17, 240, 2, 14, 28, 25433 }, // U+1EF1
    { 15, 24, 272, 1, 24, 45, 25461 }, // U+1EF2
    { 13, 24, 240, 1, 19, 39, 25506 }, // U+1EF3
    { 15, 22, 272, 1, 19, 42, 25545 }, // U+1EF4
    { 13, 22, 240, 1, 14, 36, 25587 }, // U+1EF5
    { 8, 16, 128, 0, 14, 16, 25623 }, // U+1EF6
    { 8, 16, 128, 0, 14, 16, 25639 }, // U+1EF7
    { 15, 23, 272, 1, 23, 44, 25655 }, // U+1EF8
    { 13, 23, 240, 1, 18, 38, 25699 }, // U+1EF9
    { 1, 1, 208, 0, 1, 1, 25737 }, // U+2000
    { 1, 1, 400, 0, 1, 1, 25738 }, // U+2001
    { 1, 1, 208, 0, 1, 1, 25739 }, // U+2002
    { 1, 1, 400, 0, 1, 1, 25740 }, // U+2003
    { 1, 1, 128, 0, 1, 1, 25741 }, // U+2004
    { 1, 1, 96, 0, 1, 1, 25742 }, // U+2005
    { 1, 1, 64, 0, 1, 1, 25743 }, // U+2006
    { 1, 1, 208, 0, 1, 1, 25744 }, // U+2007
    { 1, 1, 112, 0, 1, 1, 25745 }, // U+2008
    { 1, 1, 80, 0, 1, 1, 25746 }, // U+2009
    { 1, 1, 48, 0, 1, 1, 25747 }, // U+200A
    { 1, 1, 0, 0, 1, 1, 25748 }, // U+200B
    { 16, 16, 256, 0, 14, 32, 25749 }, // U+200C
    { 16, 16, 256, 0, 14, 32, 25781 }, // U+200D
    { 16, 16, 256, 0, 14, 32, 25813 }, // U+200E
    { 16, 16, 256, 0, 14, 32, 25845 }, // U+200F
    { 7, 3, 128, 0, 9, 3, 25877 }, // U+2010
    { 7, 3, 128, 0, 9, 3, 25880 }, // U+2011
    { 14, 2, 224, 0, 8, 4, 25883 }, // U+2012
    { 14, 2, 224, 0, 8, 4, 25887 }, // U+2013
    { 25, 2, 400, 0, 8, 7, 25891 }, // U+2014
    { 25, 2, 400, 0, 8, 7, 25898 }, // U+2015
    { 8, 16, 128, 0, 14, 16, 25905 }, // U+2016
    { 8, 16, 128, 0, 14, 16, 25921 }, // U+2017
    { 3, 6, 112, 2, 19, 3, 25937 }, // U+2018
    { 3, 6, 112, 2, 19, 3, 25940 }, // U+2019
    { 4, 6, 112, 1, 3, 3, 25943 }, // U+201A
    { 3, 6, 112, 2, 19, 3, 25946 }, // U+201B
    { 8, 6, 192, 2, 19, 6, 25949 }, // U+201C
    { 8, 6, 192, 2, 19, 6, 25955 }, // U+201D
    { 9, 6, 192, 1, 3, 7, 25961 }, // U+201E
    { 8, 6, 192, 2, 19, 6, 25968 }, // U+201F
    { 13, 24, 224, 0, 19, 39, 25974 }, // U+2020
    { 13, 24, 224, 0, 19, 39, 26013 }, // U+2021
    { 5, 5, 144, 2, 10, 4, 26052 }, // U+2022
    { 8, 16, 128, 0, 14, 16, 26056 }, // U+2023
    { 8, 16, 128, 0, 14, 16, 26072 }, // U+2024
    { 8, 16, 128, 0, 14, 16, 26088 }, // U+2025
    { 19, 3, 400, 3, 3, 8, 26104 }, // U+2026
    { 8, 16, 128, 0, 14, 16, 26112 }, // U+2027
    { 16, 16, 256, 0, 14, 32, 26128 }, // U+2028
    { 16, 16, 256, 0, 14, 32, 26160 }, // U+2029
    { 16, 16, 256, 0, 14, 32, 26192 }, // U+202A
    { 16, 16, 256, 0, 14, 32, 26224 }, // U+202B
    { 16, 16, 256, 0, 14, 32, 26256 }, // U+202C
    { 16, 16, 256, 0, 14, 32, 26288 }, // U+202D
    { 16, 16, 256, 0, 14, 32, 26320 }, // U+202E
    { 8, 16, 128, 0, 14, 16, 26352 }, // U+202F
    { 24, 18, 400, 0, 18, 54, 26368 }, // U+2030
    { 8, 16, 128, 0, 14, 16, 26422 }, // U+2031
    { 8, 16, 128, 0, 14, 16, 26438 }, // U+2032
    { 8, 16, 128, 0, 14, 16, 26454 }, // U+2033
    { 8, 16, 128, 0, 14, 16, 26470 }, // U+2034
    { 8, 16, 128, 0, 14, 16, 26486 }, // U+2035
    { 8, 16, 128, 0, 14, 16, 26502 }, // U+2036
    { 8, 16, 128, 0, 14, 16, 26518 }, // U+2037
    { 8, 16, 128, 0, 14, 16, 26534 }, // U+2038
    { 6, 8, 128, 1, 11, 6, 26550 }, // U+2039
    { 6, 8, 128, 1, 11, 6, 26556 }, // U+203A
    { 8, 16, 128, 0, 14, 16, 26562 }, // U+203B
    { 8, 16, 128, 0, 14, 16, 26578 }, // U+203C
    { 8, 16, 128, 0, 14, 16, 26594 }, // U+203D
    { 8, 16, 128, 0, 14, 16, 26610 }, // U+203E
    { 8, 16, 128, 0, 14, 16, 26626 }, // U+203F
    { 8, 16, 128, 0, 14, 16, 26642 }, // U+2040
    { 8, 16, 128, 0, 14, 16, 26658 }, // U+2041
    { 8, 16, 128, 0, 14, 16, 26674 }, // U+2042
    { 8, 16, 128, 0, 14, 16, 26690 }, // U+2043
    { 10, 18, 128, -1, 18, 23, 26706 }, // U+2044
    { 8, 16, 128, 0, 14, 16, 26729 }, // U+2045
    { 8, 16, 128, 0, 14, 16, 26745 }, // U+2046
    { 8, 16, 128, 0, 14, 16, 26761 }, // U+2047
    { 8, 16, 128, 0, 14, 16, 26777 }, // U+2048
    { 8, 16, 128, 0, 14, 16, 26793 }, // U+2049
    { 8, 16, 128, 0, 14, 16, 26809 }, // U+204A
    { 8, 16, 128, 0, 14, 16, 26825 }, // U+204B
    { 8, 16, 128, 0, 14, 16, 26841 }, // U+204C
    { 8, 16, 128, 0, 14, 16, 26857 }, // U+204D
    { 8, 16, 128, 0, 14, 16, 26873 }, // U+204E
    { 8, 16, 128, 0, 14, 16, 26889 }, // U+204F
    { 8, 16, 128, 0, 14, 16, 26905 }, // U+2050
    { 8, 16, 128, 0, 14, 16, 26921 }, // U+2051
    { 8, 16, 128, 0, 14, 16, 26937 }, // U+2052
    { 8, 16, 128, 0, 14, 16, 26953 }, // U+2053
    { 8, 16, 128, 0, 14, 16, 26969 }, // U+2054
    { 8, 16, 128, 0, 14, 16, 26985 }, // U+2055
    { 8, 16, 128, 0, 14, 16, 27001 }, // U+2056
    { 16, 16, 256, 0, 14, 32, 27017 }, // U+2057
    { 8, 16, 128, 0, 14, 16, 27049 }, // U+2058
    { 8, 16, 128, 0, 14, 16, 27065 }, // U+2059
    { 8, 16, 128, 0, 14, 16, 27081 }, // U+205A
    { 8, 16, 128, 0, 14, 16, 27097 }, // U+205B
    { 8, 16, 128, 0, 14, 16, 27113 }, // U+205C
    { 8, 16, 128, 0, 14, 16, 27129 }, // U+205D
    { 8, 16, 128, 0, 14, 16, 27145 }, // U+205E
    { 8, 16, 128, 0, 14, 16, 27161 }, // U+205F
    { 16, 16, 256, 0, 14, 32, 27177 }, // U+2060
    { 16, 16, 256, 0, 14, 32, 27209 }, // U+2061
    { 16, 16, 256, 0, 14, 32, 27241 }, // U+2062
    { 16, 16, 256, 0, 14, 32, 27273 }, // U+2063
    { 16, 16, 256, 0, 14, 32, 27305 }, // U+2064
    { 16, 16, 256, 0, 14, 32, 27337 }, // U+2065
    { 16, 16, 256, 0, 14, 32, 27369 }, // U+2066
    { 16, 16, 256, 0, 14, 32, 27401 }, // U+2067
    { 16, 16, 256, 0, 14, 32, 27433 }, // U+2068
    { 16, 16, 256, 0, 14, 32, 27465 }, // U+2069
    { 16, 16, 256, 0, 14, 32, 27497 }, // U+206A
    { 16, 16, 256, 0, 14, 32, 27529 }, // U+206B
    { 16, 16, 256, 0, 14, 32, 27561 }, // U+206C
    { 16, 16, 256, 0, 14, 32, 27593 }, // U+206D
    { 16, 16, 256, 0, 14, 32, 27625 }, // U+206E
    { 16, 16, 256, 0, 14, 32, 27657 }, // U+206F
    { 8, 16, 128, 0, 14, 16, 27689 }, // U+2070
    { 8, 16, 128, 0, 14, 16, 27705 }, // U+2071
    { 16, 16, 256, 0, 14, 32, 27721 }, // U+2072
    { 16, 16, 256, 0, 14, 32, 27753 }, // U+2073
    { 8, 16, 128, 0, 14, 16, 27785 }, // U+2074
    { 8, 16, 128, 0, 14, 16, 27801 }, // U+2075
    { 8, 16, 128, 0, 14, 16, 27817 }, // U+2076
    { 8, 16, 128, 0, 14, 16, 27833 }, // U+2077
    { 8, 16, 128, 0, 14, 16, 27849 }, // U+2078
    { 8, 16, 128, 0, 14, 16, 27865 }, // U+2079
    { 8, 16, 128, 0, 14, 16, 27881 }, // U+207A
    { 8, 16, 128, 0, 14, 16, 27897 }, // U+207B
    { 8, 16, 128, 0, 14, 16, 27913 }, // U+207C
    { 8, 16, 128, 0, 14, 16, 27929 }, // U+207D
    { 8, 16, 128, 0, 14, 16, 27945 }, // U+207E
    { 8, 16, 128, 0, 14, 16, 27961 }, // U+207F
    { 8, 16, 128, 0, 14, 16, 27977 }, // U+2080
    { 4, 10, 112, 1, 5, 5, 27993 }, // U+2081
    { 6, 10, 112, 0, 5, 8, 27998 }, // U+2082
    { 6, 10, 112, 0, 5, 8, 28006 }, // U+2083
    { 8, 16, 128, 0, 14, 16, 28014 }, // U+2084
    { 8, 16, 128, 0, 14, 16, 28030 }, // U+2085
    { 8, 16, 128, 0, 14, 16, 28046 }, // U+2086
    { 8, 16, 128, 0, 14, 16, 28062 }, // U+2087
    { 8, 16, 128, 0, 14, 16, 28078 }, // U+2088
    { 8, 16, 128, 0, 14, 16, 28094 }, // U+2089
    { 8, 16, 128, 0, 14, 16, 28110 }, // U+208A
    { 8, 16, 128, 0, 14, 16, 28126 }, // U+208B
    { 8, 16, 128, 0, 14, 16, 28142 }, // U+208C
    { 8, 16, 128, 0, 14, 16, 28158 }, // U+208D
    { 8, 16, 128, 0, 14, 16, 28174 }, // U+208E
    { 8, 16, 128, 0, 14, 16, 28190 }, // U+208F
    { 8, 16, 128, 0, 14, 16, 28206 }, // U+2090
    { 8, 16, 128, 0, 14, 16, 28222 }, // U+2091
    { 8, 16, 128, 0, 14, 16, 28238 }, // U+2092
    { 8, 16, 128, 0, 14, 16, 28254 }, // U+2093
    { 8, 16, 128, 0, 14, 16, 28270 }, // U+2094
    { 8, 16, 128, 0, 14, 16, 28286 }, // U+2095
    { 8, 16, 128, 0, 14, 16, 28302 }, // U+2096
    { 8, 16, 128, 0, 14, 16, 28318 }, // U+2097
    { 8, 16, 128, 0, 14, 16, 28334 }, // U+2098
    { 8, 16, 128, 0, 14, 16, 28350 }, // U+2099
    { 8, 16, 128, 0, 14, 16, 28366 }, // U+209A
    { 8, 16, 128, 0, 14, 16, 28382 }, // U+209B
    { 8, 16, 128, 0, 14, 16, 28398 }, // U+209C
    { 8, 16, 128, 0, 14, 16, 28414 }, // U+209D
    { 8, 16, 128, 0, 14, 16, 28430 }, // U+209E
    { 8, 16, 128, 0, 14, 16, 28446 }, // U+209F
    { 8, 16, 128, 0, 14, 16, 28462 }, // U+20A0
    { 8, 16, 128, 0, 14, 16, 28478 }, // U+20A1
    { 8, 16, 128, 0, 14, 16, 28494 }, // U+20A2
    { 8, 16, 128, 0, 14, 16, 28510 }, // U+20A3
    { 8, 16, 128, 0, 14, 16, 28526 }, // U+20A4
    { 17, 19, 336, 2, 17, 41, 28542 }, // U+20A5
    { 15, 19, 304, 2, 19, 36, 28583 }, // U+20A6
    { 8, 16, 128, 0, 14, 16, 28619 }, // U+20A7
    { 8, 16, 128, 0, 14, 16, 28635 }, // U+20A8
    { 21, 19, 368, 1, 19, 50, 28651 }, // U+20A9
    { 8, 16, 128, 0, 14, 16, 28701 }, // U+20AA
    { 8, 16, 128, 0, 14, 16, 28717 }, // U+20AB
    { 18, 19, 288, -1, 19, 43, 28733 }, // U+20AC
    { 14, 19, 288, 2, 19, 34, 28776 }, // U+20AD
    { 8, 16, 128, 0, 14, 16, 28810 }, // U+20AE
    { 8, 16, 128, 0, 14, 16, 28826 }, // U+20AF
    { 8, 16, 128, 0, 14, 16, 28842 }, // U+20B0
    { 8, 16, 128, 0, 14, 16, 28858 }, // U+20B1
    { 8, 16, 128, 0, 14, 16, 28874 }, // U+20B2
    { 8, 16, 128, 0, 14, 16, 28890 }, // U+20B3
    { 8, 16, 128, 0, 14, 16, 28906 }, // U+20B4
    { 8, 16, 128, 0, 14, 16, 28922 }, // U+20B5
    { 8, 16, 128, 0, 14, 16, 28938 }, // U+20B6
    { 8, 16, 128, 0, 14, 16, 28954 }, // U+20B7
    { 8, 16, 128, 0, 14, 16, 28970 }, // U+20B8
    { 16, 16, 256, 0, 14, 32, 28986 }, // U+20B9
    { 8, 16, 128, 0, 14, 16, 29018 }, // U+20BA
    { 8, 16, 128, 0, 14, 16, 29034 }, // U+20BB
    { 8, 16, 128, 0, 14, 16, 29050 }, // U+20BC
    { 8, 16, 128, 0, 14, 16, 29066 }, // U+20BD
    { 8, 16, 128, 0, 14, 16, 29082 }, // U+20BE
    { 8, 16, 128, 0, 14, 16, 29098 }, // U+20BF
    { 8, 16, 128, 0, 14, 16, 29114 }, // U+20C0
    { 8, 16, 128, 0, 14, 16, 29130 }, // U+20C1
    { 8, 16, 128, 0, 14, 16, 29146 }, // U+20C2
    { 8, 16, 128, 0, 14, 16, 29162 }, // U+20C3
    { 8, 16, 128, 0, 14, 16, 29178 }, // U+20C4
    { 16, 16, 256, 0, 14, 32, 29194 }, // U+20C5
    { 16, 16, 256, 0, 14, 32, 29226 }, // U+20C6
    { 16, 16, 256, 0, 14, 32, 29258 }, // U+20C7
    { 16, 16, 256, 0, 14, 32, 29290 }, // U+20C8
    { 16, 16, 256, 0, 14, 32, 29322 }, // U+20C9
    { 16, 16, 256, 0, 14, 32, 29354 }, // U+20CA
    { 16, 16, 256, 0, 14, 32, 29386 }, // U+20CB
    { 16, 16, 256, 0, 14, 32, 29418 }, // U+20CC
    { 16, 16, 256, 0, 14, 32, 29450 }, // U+20CD
    { 16, 16, 256, 0, 14, 32, 29482 }, // U+20CE
    { 16, 16, 256, 0, 14, 32, 29514 }, // U+20CF
    { 8, 16, 128, 0, 14, 16, 29546 }, // U+2190
    { 8, 16, 128, 0, 14, 16, 29562 }, // U+2191
    { 8, 16, 128, 0, 14, 16, 29578 }, // U+2192
    { 8, 16, 128, 0, 14, 16, 29594 }, // U+2193
    { 8, 16, 128, 0, 14, 16, 29610 }, // U+2194
    { 8, 16, 128, 0, 14, 16, 29626 }, // U+2195
    { 8, 16, 128, 0, 14, 16, 29642 }, // U+2196
    { 8, 16, 128, 0, 14, 16, 29658 }, // U+2197
    { 8, 16, 128, 0, 14, 16, 29674 }, // U+2198
    { 8, 16, 128, 0, 14, 16, 29690 }, // U+2199
    { 8, 16, 128, 0, 14, 16, 29706 }, // U+219A
    { 8, 16, 128, 0, 14, 16, 29722 }, // U+219B
    { 16, 16, 256, 0, 14, 32, 29738 }, // U+219C
    { 16, 16, 256, 0, 14, 32, 29770 }, // U+219D
    { 8, 16, 128, 0, 14, 16, 29802 }, // U+219E
    { 8, 16, 128, 0, 14, 16, 29818 }, // U+219F
    { 8, 16, 128, 0, 14, 16, 29834 }, // U+21A0
    { 8, 16, 128, 0, 14, 16, 29850 }, // U+21A1
    { 8, 16, 128, 0, 14, 16, 29866 }, // U+21A2
    { 8, 16, 128, 0, 14, 16, 29882 }, // U+21A3
    { 8, 16, 128, 0, 14, 16, 29898 }, // U+21A4
    { 8, 16, 128, 0, 14, 16, 29914 }, // U+21A5
    { 8, 16, 128, 0, 14, 16, 29930 }, // U+21A6
    { 8, 16, 128, 0, 14, 16, 29946 }, // U+21A7
    { 8, 16, 128, 0, 14, 16, 29962 }, // U+21A8
    { 8, 16, 128, 0, 14, 16, 29978 }, // U+21A9
    { 8, 16, 128, 0, 14, 16, 29994 }, // U+21AA
    { 8, 16, 128, 0, 14, 16, 30010 }, // U+21AB
    { 8, 16, 128, 0, 14, 16, 30026 }, // U+21AC
    { 8, 16, 128, 0, 14, 16, 30042 }, // U+21AD
    { 8, 16, 128, 0, 14, 16, 30058 }, // U+21AE
    { 8, 16, 128, 0, 14, 16, 30074 }, // U+21AF
    { 8, 16, 128, 0, 14, 16, 30090 }, // U+21B0
    { 8, 16, 128, 0, 14, 16, 30106 }, // U+21B1
    { 8, 16, 128, 0, 14, 16, 30122 }, // U+21B2
    { 8, 16, 128, 0, 14, 16, 30138 }, // U+21B3
    { 8, 16, 128, 0, 14, 16, 30154 }, // U+21B4
    { 8, 16, 128, 0, 14, 16, 30170 }, // U+21B5
    { 8, 16, 128, 0, 14, 16, 30186 }, // U+21B6
    { 8, 16, 128, 0, 14, 16, 30202 }, // U+21B7
    { 8, 16, 128, 0, 14, 16, 30218 }, // U+21B8
    { 8, 16, 128, 0, 14, 16, 30234 }, // U+21B9
    { 8, 16, 128, 0, 14, 16, 30250 }, // U+21BA
    { 8, 16, 128, 0, 14, 16, 30266 }, // U+21BB
    { 8, 16, 128, 0, 14, 16, 30282 }, // U+21BC
    { 8, 16, 128, 0, 14, 16, 30298 }, // U+21BD
    { 8, 16, 128, 0, 14, 16, 30314 }, // U+21BE
    { 8, 16, 128, 0, 14, 16, 30330 }, // U+21BF
    { 8, 16, 128, 0, 14, 16, 30346 }, // U+21C0
    { 8, 16, 128, 0, 14, 16, 30362 }, // U+21C1
    { 8, 16, 128, 0, 14, 16, 30378 }, // U+21C2
    { 8, 16, 128, 0, 14, 16, 30394 }, // U+21C3
    { 8, 16, 128, 0, 14, 16, 30410 }, // U+21C4
    { 8, 16, 128, 0, 14, 16, 30426 }, // U+21C5
    { 8, 16, 128, 0, 14, 16, 30442 }, // U+21C6
    { 8, 16, 128, 0, 14, 16, 30458 }, // U+21C7
    { 8, 16, 128, 0, 14, 16, 30474 }, // U+21C8
    { 8, 16, 128, 0, 14, 16, 30490 }, // U+21C9
    { 8, 16, 128, 0, 14, 16, 30506 }, // U+21CA
    { 8, 16, 128, 0, 14, 16, 30522 }, // U+21CB
    { 8, 16, 128, 0, 14, 16, 30538 }, // U+21CC
    { 8, 16, 128, 0, 14, 16, 30554 }, // U+21CD
    { 8, 16, 128, 0, 14, 16, 30570 }, // U+21CE
    { 8, 16, 128, 0, 14, 16, 30586 }, // U+21CF
    { 8, 16, 128, 0, 14, 16, 30602 }, // U+21D0
    { 8, 16, 128, 0, 14, 16, 30618 }, // U+21D1
    { 8, 16, 128, 0, 14, 16, 30634 }, // U+21D2
    { 8, 16, 128, 0, 14, 16, 30650 }, // U+21D3
    { 8, 16, 128, 0, 14, 16, 30666 }, // U+21D4
    { 8, 16, 128, 0, 14, 16, 30682 }, // U+21D5
    { 8, 16, 128, 0, 14, 16, 30698 }, // U+21D6
    { 8, 16, 128, 0, 14, 16, 30714 }, // U+21D7
    { 8, 16, 128, 0, 14, 16, 30730 }, // U+21D8
    { 8, 16, 128, 0, 14, 16, 30746 }, // U+21D9
    { 8, 16, 128, 0, 14, 16, 30762 }, // U+21DA
    { 8, 16, 128, 0, 14, 16, 30778 }, // U+21DB
    { 8, 16, 128, 0, 14, 16, 30794 }, // U+21DC
    { 8, 16, 128, 0, 14, 16, 30810 }, // U+21DD
    { 8, 16, 128, 0, 14, 16, 30826 }, // U+21DE
    { 8, 16, 128, 0, 14, 16, 30842 }, // U+21DF
    { 8, 16, 128, 0, 14, 16, 30858 }, // U+21E0
    { 8, 16, 128, 0, 14, 16, 30874 }, // U+21E1
    { 8, 16, 128, 0, 14, 16, 30890 }, // U+21E2
    { 8, 16, 128, 0, 14, 16, 30906 }, // U+21E3
    { 8, 16, 128, 0, 14, 16, 30922 }, // U+21E4
    { 8, 16, 128, 0, 14, 16, 30938 }, // U+21E5
    { 8, 16, 128, 0, 14, 16, 30954 }, // U+21E6
    { 8, 16, 128, 0, 14, 16, 30970 }, // U+21E7
    { 8, 16, 128, 0, 14, 16, 30986 }, // U+21E8
    { 8, 16, 128, 0, 14, 16, 31002 }, // U+21E9
    { 8, 16, 128, 0, 14, 16, 31018 }, // U+21EA
    { 8, 16, 128, 0, 14, 16, 31034 }, // U+21EB
    { 8, 16, 128, 0, 14, 16, 31050 }, // U+21EC
    { 8, 16, 128, 0, 14, 16, 31066 }, // U+21ED
    { 8, 16, 128, 0, 14, 16, 31082 }, // U+21EE
    { 8, 16, 128, 0, 14, 16, 31098 }, // U+21EF
    { 8, 16, 128, 0, 14, 16, 31114 }, // U+21F0
    { 8, 16, 128, 0, 14, 16, 31130 }, // U+21F1
    { 8, 16, 128, 0, 14, 16, 31146 }, // U+21F2
    { 8, 16, 128, 0, 14, 16, 31162 }, // U+21F3
    { 16, 16, 256, 0, 14, 32, 31178 }, // U+21F4
    { 8, 16, 128, 0, 14, 16, 31210 }, // U+21F5
    { 8, 16, 128, 0, 14, 16, 31226 }, // U+21F6
    { 8, 16, 128, 0, 14, 16, 31242 }, // U+21F7
    { 8, 16, 128, 0, 14, 16, 31258 }, // U+21F8
    { 16, 16, 256, 0, 14, 32, 31274 }, // U+21F9
    { 16, 16, 256, 0, 14, 32, 31306 }, // U+21FA
    { 16, 16, 256, 0, 14, 32, 31338 }, // U+21FB
    { 16, 16, 256, 0, 14, 32, 31370 }, // U+21FC
    { 8, 16, 128, 0, 14, 16, 31402 }, // U+21FD
    { 8, 16, 128, 0, 14, 16, 31418 }, // U+21FE
    { 16, 16, 256, 0, 14, 32, 31434 }, // U+21FF
    { 16, 19, 288, 1, 19, 38, 31466 }, // U+2200
    { 8, 16, 128, 0, 14, 16, 31504 }, // U+2201
    { 8, 16, 128, 0, 14, 16, 31520 }, // U+2202
    { 13, 19, 256, 2, 19, 31, 31536 }, // U+2203
    { 13, 19, 256, 2, 19, 31, 31567 }, // U+2204
    { 8, 16, 128, 0, 14, 16, 31598 }, // U+2205
    { 8, 16, 128, 0, 14, 16, 31614 }, // U+2206
    { 8, 16, 128, 0, 14, 16, 31630 }, // U+2207
    { 8, 16, 128, 0, 14, 16, 31646 }, // U+2208
    { 8, 16, 128, 0, 14, 16, 31662 }, // U+2209
    { 8, 16, 128, 0, 14, 16, 31678 }, // U+220A
    { 8, 16, 128, 0, 14, 16, 31694 }, // U+220B
    { 8, 16, 128, 0, 14, 16, 31710 }, // U+220C
    { 8, 16, 128, 0, 14, 16, 31726 }, // U+220D
    { 8, 16, 128, 0, 14, 16, 31742 }, // U+220E
    { 8, 16, 128, 0, 14, 16, 31758 }, // U+220F
    { 8, 16, 128, 0, 14, 16, 31774 }, // U+2210
    { 8, 16, 128, 0, 14, 16, 31790 }, // U+2211
    { 12, 2, 240, 1, 8, 3, 31806 }, // U+2212
    { 8, 16, 128, 0, 14, 16, 31809 }, // U+2213
    { 8, 16, 128, 0, 14, 16, 31825 }, // U+2214
    { 10, 18, 128, -1, 18, 23, 31841 }, // U+2215
    { 8, 16, 128, 0, 14, 16, 31864 }, // U+2216
    { 8, 16, 128, 0, 14, 16, 31880 }, // U+2217
    { 8, 16, 128, 0, 14, 16, 31896 }, // U+2218
    { 3, 3, 112, 2, 9, 2, 31912 }, // U+2219
    { 8, 16, 128, 0, 14, 16, 31914 }, // U+221A
    { 8, 16, 128, 0, 14, 16, 31930 }, // U+221B
    { 8, 16, 128, 0, 14, 16, 31946 }, // U+221C
    { 8, 16, 128, 0, 14, 16, 31962 }, // U+221D
    { 8, 16, 128, 0, 14, 16, 31978 }, // U+221E
    { 8, 16, 128, 0, 14, 16, 31994 }, // U+221F
    { 8, 16, 128, 0, 14, 16, 32010 }, // U+2220
    { 8, 16, 128, 0, 14, 16, 32026 }, // U+2221
    { 8, 16, 128, 0, 14, 16, 32042 }, // U+2222
    { 8, 16, 128, 0, 14, 16, 32058 }, // U+2223
    { 8, 16, 128, 0, 14, 16, 32074 }, // U+2224
    { 8, 16, 128, 0, 14, 16, 32090 }, // U+2225
    { 8, 16, 128, 0, 14, 16, 32106 }, // U+2226
    { 8, 16, 128, 0, 14, 16, 32122 }, // U+2227
    { 8, 16, 128, 0, 14, 16, 32138 }, // U+2228
    { 8, 16, 128, 0, 14, 16, 32154 }, // U+2229
    { 8, 16, 128, 0, 14, 16, 32170 }, // U+222A
    { 8, 16, 128, 0, 14, 16, 32186 }, // U+222B
    { 8, 16, 128, 0, 14, 16, 32202 }, // U+222C
    { 8, 16, 128, 0, 14, 16, 32218 }, // U+222D
    { 8, 16, 128, 0, 14, 16, 32234 }, // U+222E
    { 8, 16, 128, 0, 14, 16, 32250 }, // U+222F
    { 8, 16, 128, 0, 14, 16, 32266 }, // U+2230
    { 8, 16, 128, 0, 14, 16, 32282 }, // U+2231
    { 8, 16, 128, 0, 14, 16, 32298 }, // U+2232
    { 8, 16, 128, 0, 14, 16, 32314 }, // U+2233
    { 8, 16, 128, 0, 14, 16, 32330 }, // U+2234
    { 8, 16, 128, 0, 14, 16, 32346 }, // U+2235
    { 3, 14, 112, 2, 14, 6, 32362 }, // U+2236
    { 8, 16, 128, 0, 14, 16, 32368 }, // U+2237
    { 8, 16, 128, 0, 14, 16, 32384 }, // U+2238
    { 8, 16, 128, 0, 14, 16, 32400 }, // U+2239
    { 8, 16, 128, 0, 14, 16, 32416 }, // U+223A
    { 8, 16, 128, 0, 14, 16, 32432 }, // U+223B
    { 8, 16, 128, 0, 14, 16, 32448 }, // U+223C
    { 8, 16, 128, 0, 14, 16, 32464 }, // U+223D
    { 8, 16, 128, 0, 14, 16, 32480 }, // U+223E
    { 8, 16, 128, 0, 14, 16, 32496 }, // U+223F
    { 8, 16, 128, 0, 14, 16, 32512 }, // U+2240
    { 8, 16, 128, 0, 14, 16, 32528 }, // U+2241
    { 8, 16, 128, 0, 14, 16, 32544 }, // U+2242
    { 8, 16, 128, 0, 14, 16, 32560 }, // U+2243
    { 8, 16, 128, 0, 14, 16, 32576 }, // U+2244
    { 8, 16, 128, 0, 14, 16, 32592 }, // U+2245
    { 8, 16, 128, 0, 14, 16, 32608 }, // U+2246
    { 8, 16, 128, 0, 14, 16, 32624 }, // U+2247
    { 8, 16, 128, 0, 14, 16, 32640 }, // U+2248
    { 8, 16, 128, 0, 14, 16, 32656 }, // U+2249
    { 8, 16, 128, 0, 14, 16, 32672 }, // U+224A
    { 8, 16, 128, 0, 14, 16, 32688 }, // U+224B
    { 8, 16, 128, 0, 14, 16, 32704 }, // U+224C
    { 8, 16, 128, 0, 14, 16, 32720 }, // U+224D
    { 8, 16, 128, 0, 14, 16, 32736 }, // U+224E
    { 8, 16, 128, 0, 14, 16, 32752 }, // U+224F
    { 8, 16, 128, 0, 14, 16, 32768 }, // U+2250
    { 8, 16, 128, 0, 14, 16, 32784 }, // U+2251
    { 8, 16, 128, 0, 14, 16, 32800 }, // U+2252
    { 8, 16, 128, 0, 14, 16, 32816 }, // U+2253
    { 8, 16, 128, 0, 14, 16, 32832 }, // U+2254
    { 8, 16, 128, 0, 14, 16, 32848 }, // U+2255
    { 8, 16, 128, 0, 14, 16, 32864 }, // U+2256
    { 8, 16, 128, 0, 14, 16, 32880 }, // U+2257
    { 8, 16, 128, 0, 14, 16, 32896 }, // U+2258
    { 10, 10, 224, 2, 15, 13, 32912 }, // U+2259
    { 10, 10, 224, 2, 15, 13, 32925 }, // U+225A
    { 8, 16, 128, 0, 14, 16, 32938 }, // U+225B
    { 8, 16, 128, 0, 14, 16, 32954 }, // U+225C
    { 8, 16, 128, 0, 14, 16, 32970 }, // U+225D
    { 8, 16, 128, 0, 14, 16, 32986 }, // U+225E
    { 8, 16, 128, 0, 14, 16, 33002 }, // U+225F
    { 10, 19, 224, 2, 17, 24, 33018 }, // U+2260
    { 10, 8, 224, 0, 11, 10, 33042 }, // U+2261
    { 10, 19, 224, 0, 17, 24, 33052 }, // U+2262
    { 8, 16, 128, 0, 14, 16, 33076 }, // U+2263
    { 13, 15, 240, 0, 13, 25, 33092 }, // U+2264
    { 13, 15, 224, 1, 13, 25, 33117 }, // U+2265
    { 8, 16, 128, 0, 14, 16, 33142 }, // U+2266
    { 8, 16, 128, 0, 14, 16, 33158 }, // U+2267
    { 8, 16, 128, 0, 14, 16, 33174 }, // U+2268
    { 8, 16, 128, 0, 14, 16, 33190 }, // U+2269
    { 8, 16, 128, 0, 14, 16, 33206 }, // U+226A
    { 8, 16, 128, 0, 14, 16, 33222 }, // U+226B
    { 8, 16, 128, 0, 14, 16, 33238 }, // U+226C
    { 8, 16, 128, 0, 14, 16, 33254 }, // U+226D
    { 13, 19, 240, 0, 17, 31, 33270 }, // U+226E
    { 13, 19, 224, 1, 17, 31, 33301 }, // U+226F
    { 13, 19, 240, 0, 15, 31, 33332 }, // U+2270
    { 13, 19, 224, 1, 15, 31, 33363 }, // U+2271
    { 8, 16, 128, 0, 14, 16, 33394 }, // U+2272
    { 8, 16, 128, 0, 14, 16, 33410 }, // U+2273
    { 8, 16, 128, 0, 14, 16, 33426 }, // U+2274
    { 8, 16, 128, 0, 14, 16, 33442 }, // U+2275
    { 8, 16, 128, 0, 14, 16, 33458 }, // U+2276
    { 8, 16, 128, 0, 14, 16, 33474 }, // U+2277
    { 8, 16, 128, 0, 14, 16, 33490 }, // U+2278
    { 8, 16, 128, 0, 14, 16, 33506 }, // U+2279
    { 8, 16, 128, 0, 14, 16, 33522 }, // U+227A
    { 8, 16, 128, 0, 14, 16, 33538 }, // U+227B
    { 8, 16, 128, 0, 14, 16, 33554 }, // U+227C
    { 8, 16, 128, 0, 14, 16, 33570 }, // U+227D
    { 8, 16, 128, 0, 14, 16, 33586 }, // U+227E
    { 8, 16, 128, 0, 14, 16, 33602 }, // U+227F
    { 8, 16, 128, 0, 14, 16, 33618 }, // U+2280
    { 8, 16, 128, 0, 14, 16, 33634 }, // U+2281
    { 8, 16, 128, 0, 14, 16, 33650 }, // U+2282
    { 8, 16, 128, 0, 14, 16, 33666 }, // U+2283
    { 8, 16, 128, 0, 14, 16, 33682 }, // U+2284
    { 8, 16, 128, 0, 14, 16, 33698 }, // U+2285
    { 8, 16, 128, 0, 14, 16, 33714 }, // U+2286
    { 8, 16, 128, 0, 14, 16, 33730 }, // U+2287
    { 8, 16, 128, 0, 14, 16, 33746 }, // U+2288
    { 8, 16, 128, 0, 14, 16, 33762 }, // U+2289
    { 8, 16, 128, 0, 14, 16, 33778 }, // U+228A
    { 8, 16, 128, 0, 14, 16, 33794 }, // U+228B
    { 8, 16, 128, 0, 14, 16, 33810 }, // U+228C
    { 8, 16, 128, 0, 14, 16, 33826 }, // U+228D
    { 8, 16, 128, 0, 14, 16, 33842 }, // U+228E
    { 8, 16, 128, 0, 14, 16, 33858 }, // U+228F
    { 8, 16, 128, 0, 14, 16, 33874 }, // U+2290
    { 8, 16, 128, 0, 14, 16, 33890 }, // U+2291
    { 8, 16, 128, 0, 14, 16, 33906 }, // U+2292
    { 8, 16, 128, 0, 14, 16, 33922 }, // U+2293
    { 8, 16, 128, 0, 14, 16, 33938 }, // U+2294
    { 8, 16, 128, 0, 14, 16, 33954 }, // U+2295
    { 8, 16, 128, 0, 14, 16, 33970 }, // U+2296
    { 8, 16, 128, 0, 14, 16, 33986 }, // U+2297
    { 8, 16, 128, 0, 14, 16, 34002 }, // U+2298
    { 8, 16, 128, 0, 14, 16, 34018 }, // U+2299
    { 8, 16, 128, 0, 14, 16, 34034 }, // U+229A
    { 8, 16, 128, 0, 14, 16, 34050 }, // U+229B
    { 8, 16, 128, 0, 14, 16, 34066 }, // U+229C
    { 8, 16, 128, 0, 14, 16, 34082 }, // U+229D
    { 8, 16, 128, 0, 14, 16, 34098 }, // U+229E
    { 8, 16, 128, 0, 14, 16, 34114 }, // U+229F
    { 8, 16, 128, 0, 14, 16, 34130 }, // U+22A0
    { 8, 16, 128, 0, 14, 16, 34146 }, // U+22A1
    { 8, 16, 128, 0, 14, 16, 34162 }, // U+22A2
    { 8, 16, 128, 0, 14, 16, 34178 }, // U+22A3
    { 8, 16, 128, 0, 14, 16, 34194 }, // U+22A4
    { 8, 16, 128, 0, 14, 16, 34210 }, // U+22A5
    { 8, 16, 128, 0, 14, 16, 34226 }, // U+22A6
    { 8, 16, 128, 0, 14, 16, 34242 }, // U+22A7
    { 8, 16, 128, 0, 14, 16, 34258 }, // U+22A8
    { 8, 16, 128, 0, 14, 16, 34274 }, // U+22A9
    { 8, 16, 128, 0, 14, 16, 34290 }, // U+22AA
    { 8, 16, 128, 0, 14, 16, 34306 }, // U+22AB
    { 8, 16, 128, 0, 14, 16, 34322 }, // U+22AC
    { 8, 16, 128, 0, 14, 16, 34338 }, // U+22AD
    { 8, 16, 128, 0, 14, 16, 34354 }, // U+22AE
    { 8, 16, 128, 0, 14, 16, 34370 }, // U+22AF
    { 8, 16, 128, 0, 14, 16, 34386 }, // U+22B0
    { 8, 16, 128, 0, 14, 16, 34402 }, // U+22B1
    { 8, 16, 128, 0, 14, 16, 34418 }, // U+22B2
    { 8, 16, 128, 0, 14, 16, 34434 }, // U+22B3
    { 8, 16, 128, 0, 14, 16, 34450 }, // U+22B4
    { 8, 16, 128, 0, 14, 16, 34466 }, // U+22B5
    { 16, 16, 256, 0, 14, 32, 34482 }, // U+22B6
    { 16, 16, 256, 0, 14, 32, 34514 }, // U+22B7
    { 16, 16, 256, 0, 14, 32, 34546 }, // U+22B8
    { 8, 16, 128, 0, 14, 16, 34578 }, // U+22B9
    { 8, 16, 128, 0, 14, 16, 34594 }, // U+22BA
    { 8, 16, 128, 0, 14, 16, 34610 }, // U+22BB
    { 8, 16, 128, 0, 14, 16, 34626 }, // U+22BC
    { 8, 16, 128, 0, 14, 16, 34642 }, // U+22BD
    { 8, 16, 128, 0, 14, 16, 34658 }, // U+22BE
    { 8, 16, 128, 0, 14, 16, 34674 }, // U+22BF
    { 8, 16, 128, 0, 14, 16, 34690 }, // U+22C0
    { 8, 16, 128, 0, 14, 16, 34706 }, // U+22C1
    { 8, 16, 128, 0, 14, 16, 34722 }, // U+22C2
    { 8, 16, 128, 0, 14, 16, 34738 }, // U+22C3
    { 8, 16, 128, 0, 14, 16, 34754 }, // U+22C4
    { 8, 16, 128, 0, 14, 16, 34770 }, // U+22C5
    { 8, 16, 128, 0, 14, 16, 34786 }, // U+22C6
    { 8, 16, 128, 0, 14, 16, 34802 }, // U+22C7
    { 8, 16, 128, 0, 14, 16, 34818 }, // U+22C8
    { 8, 16, 128, 0, 14, 16, 34834 }, // U+22C9
    { 8, 16, 128, 0, 14, 16, 34850 }, // U+22CA
    { 8, 16, 128, 0, 14, 16, 34866 }, // U+22CB
    { 8, 16, 128, 0, 14, 16, 34882 }, // U+22CC
    { 8, 16, 128, 0, 14, 16, 34898 }, // U+22CD
    { 8, 16, 128, 0, 14, 16, 34914 }, // U+22CE
    { 8, 16, 128, 0, 14, 16, 34930 }, // U+22CF
    { 8, 16, 128, 0, 14, 16, 34946 }, // U+22D0
    { 8, 16, 128, 0, 14, 16, 34962 }, // U+22D1
    { 8, 16, 128, 0, 14, 16, 34978 }, // U+22D2
    { 8, 16, 128, 0, 14, 16, 34994 }, // U+22D3
    { 8, 16, 128, 0, 14, 16, 35010 }, // U+22D4
    { 8, 16, 128, 0, 14, 16, 35026 }, // U+22D5
    { 8, 16, 128, 0, 14, 16, 35042 }, // U+22D6
    { 8, 16, 128, 0, 14, 16, 35058 }, // U+22D7
    { 16, 16, 256, 0, 14, 32, 35074 }, // U+22D8
    { 16, 16, 256, 0, 14, 32, 35106 }, // U+22D9
    { 8, 16, 128, 0, 14, 16, 35138 }, // U+22DA
    { 8, 16, 128, 0, 14, 16, 35154 }, // U+22DB
    { 8, 16, 128, 0, 14, 16, 35170 }, // U+22DC
    { 8, 16, 128, 0, 14, 16, 35186 }, // U+22DD
    { 8, 16, 128, 0, 14, 16, 35202 }, // U+22DE
    { 8, 16, 128, 0, 14, 16, 35218 }, // U+22DF
    { 8, 16, 128, 0, 14, 16, 35234 }, // U+22E0
    { 8, 16, 128, 0, 14, 16, 35250 }, // U+22E1
    { 8, 16, 128, 0, 14, 16, 35266 }, // U+22E2
    { 8, 16, 128, 0, 14, 16, 35282 }, // U+22E3
    { 8, 16, 128, 0, 14, 16, 35298 }, // U+22E4
    { 8, 16, 128, 0, 14, 16, 35314 }, // U+22E5
    { 8, 16, 128, 0, 14, 16, 35330 }, // U+22E6
    { 8, 16, 128, 0, 14, 16, 35346 }, // U+22E7
    { 8, 16, 128, 0, 14, 16, 35362 }, // U+22E8
    { 8, 16, 128, 0, 14, 16, 35378 }, // U+22E9
    { 8, 16, 128, 0, 14, 16, 35394 }, // U+22EA
    { 8, 16, 128, 0, 14, 16, 35410 }, // U+22EB
    { 8, 16, 128, 0, 14, 16, 35426 }, // U+22EC
    { 8, 16, 128, 0, 14, 16, 35442 }, // U+22ED
    { 8, 16, 128, 0, 14, 16, 35458 }, // U+22EE
    { 8, 16, 128, 0, 14, 16, 35474 }, // U+22EF
    { 8, 16, 128, 0, 14, 16, 35490 }, // U+22F0
    { 8, 16, 128, 0, 14, 16, 35506 }, // U+22F1
    { 16, 16, 256, 0, 14, 32, 35522 }, // U+22F2
    { 16, 16, 256, 0, 14, 32, 35554 }, // U+22F3
    { 8, 16, 128, 0, 14, 16, 35586 }, // U+22F4
    { 16, 16, 256, 0, 14, 32, 35602 }, // U+22F5
    { 16, 16, 256, 0, 14, 32, 35634 }, // U+22F6
    { 8, 16, 128, 0, 14, 16, 35666 }, // U+22F7
    { 8, 16, 128, 0, 14, 16, 35682 }, // U+22F8
    { 16, 16, 256, 0, 14, 32, 35698 }, // U+22F9
    { 16, 16, 256, 0, 14, 32, 35730 }, // U+22FA
    { 16, 16, 256, 0, 14, 32, 35762 }, // U+22FB
    { 8, 16, 128, 0, 14, 16, 35794 }, // U+22FC
    { 16, 16, 256, 0, 14, 32, 35810 }, // U+22FD
    { 8, 16, 128, 0, 14, 16, 35842 }, // U+22FE
    { 16, 16, 256, 0, 14, 32, 35858 }, // U+22FF
    { 8, 16, 128, 0, 14, 16, 35890 }, // U+FB00
    { 11, 19, 224, 1, 19, 27, 35906 }, // U+FB01
    { 11, 19, 224, 1, 19, 27, 35933 }, // U+FB02
    { 8, 16, 128, 0, 14, 16, 35960 }, // U+FB03
    { 8, 16, 128, 0, 14, 16, 35976 }, // U+FB04
    { 8, 16, 128, 0, 14, 16, 35992 }, // U+FB05
    { 8, 16, 128, 0, 14, 16, 36008 }, // U+FB06
    { 8, 16, 128, 0, 14, 16, 36024 }, // U+FB56
    { 8, 16, 128, 0, 14, 16, 36040 }, // U+FB57
    { 8, 16, 128, 0, 14, 16, 36056 }, // U+FB58
    { 8, 16, 128, 0, 14, 16, 36072 }, // U+FB59
    { 8, 16, 128, 0, 14, 16, 36088 }, // U+FB66
    { 8, 16, 128, 0, 14, 16, 36104 }, // U+FB67
    { 8, 16, 128, 0, 14, 16, 36120 }, // U+FB68
    { 8, 16, 128, 0, 14, 16, 36136 }, // U+FB69
    { 8, 16, 128, 0, 14, 16, 36152 }, // U+FB7A
    { 8, 16, 128, 0, 14, 16, 36168 }, // U+FB7B
    { 8, 16, 128, 0, 14, 16, 36184 }, // U+FB7C
    { 8, 16, 128, 0, 14, 16, 36200 }, // U+FB7D
    { 8, 16, 128, 0, 14, 16, 36216 }, // U+FB88
    { 8, 16, 128, 0, 14, 16, 36232 }, // U+FB89
    { 8, 16, 128, 0, 14, 16, 36248 }, // U+FB8A
    { 8, 16, 128, 0, 14, 16, 36264 }, // U+FB8B
    { 8, 16, 128, 0, 14, 16, 36280 }, // U+FB8C
    { 8, 16, 128, 0, 14, 16, 36296 }, // U+FB8D
    { 8, 16, 128, 0, 14, 16, 36312 }, // U+FB8E
    { 8, 16, 128, 0, 14, 16, 36328 }, // U+FB8F
    { 8, 16, 128, 0, 14, 16, 36344 }, // U+FB90
    { 8, 16, 128, 0, 14, 16, 36360 }, // U+FB91
    { 8, 16, 128, 0, 14, 16, 36376 }, // U+FB92
    { 8, 16, 128, 0, 14, 16, 36392 }, // U+FB93
    { 8, 16, 128, 0, 14, 16, 36408 }, // U+FB94
    { 8, 16, 128, 0, 14, 16, 36424 }, // U+FB95
    { 8, 16, 128, 0, 14, 16, 36440 }, // U+FB9E
    { 8, 16, 128, 0, 14, 16, 36456 }, // U+FB9F
    { 8, 16, 128, 0, 14, 16, 36472 }, // U+FBA6
    { 8, 16, 128, 0, 14, 16, 36488 }, // U+FBA7
    { 8, 16, 128, 0, 14, 16, 36504 }, // U+FBA8
    { 8, 16, 128, 0, 14, 16, 36520 }, // U+FBA9
    { 8, 16, 128, 0, 14, 16, 36536 }, // U+FBAA
    { 8, 16, 128, 0, 14, 16, 36552 }, // U+FBAB
    { 8, 16, 128, 0, 14, 16, 36568 }, // U+FBAC
    { 8, 16, 128, 0, 14, 16, 36584 }, // U+FBAD
    { 8, 16, 128, 0, 14, 16, 36600 }, // U+FBAE
    { 8, 16, 128, 0, 14, 16, 36616 }, // U+FBAF
    { 8, 16, 128, 0, 14, 16, 36632 }, // U+FBB0
    { 8, 16, 128, 0, 14, 16, 36648 }, // U+FBB1
    { 8, 16, 128, 0, 14, 16, 36664 }, // U+FBFC
    { 8, 16, 128, 0, 14, 16, 36680 }, // U+FBFD
    { 8, 16, 128, 0, 14, 16, 36696 }, // U+FBFE
    { 8, 16, 128, 0, 14, 16, 36712 }, // U+FBFF
    { 8, 16, 128, 0, 14, 16, 36728 }, // U+FE80
    { 8, 16, 128, 0, 14, 16, 36744 }, // U+FE81
    { 8, 16, 128, 0, 14, 16, 36760 }, // U+FE82
    { 8, 16, 128, 0, 14, 16, 36776 }, // U+FE83
    { 8, 16, 128, 0, 14, 16, 36792 }, // U+FE84
    { 8, 16, 128, 0, 14, 16, 36808 }, // U+FE85
    { 8, 16, 128, 0, 14, 16, 36824 }, // U+FE86
    { 8, 16, 128, 0, 14, 16, 36840 }, // U+FE87
    { 8, 16, 128, 0, 14, 16, 36856 }, // U+FE88
    { 8, 16, 128, 0, 14, 16, 36872 }, // U+FE89
    { 8, 16, 128, 0, 14, 16, 36888 }, // U+FE8A
    { 8, 16, 128, 0, 14, 16, 36904 }, // U+FE8B
    { 8, 16, 128, 0, 14, 16, 36920 }, // U+FE8C
    { 8, 16, 128, 0, 14, 16, 36936 }, // U+FE8D
    { 8, 16, 128, 0, 14, 16, 36952 }, // U+FE8E
    { 8, 16, 128, 0, 14, 16, 36968 }, // U+FE8F
    { 8, 16, 128, 0, 14, 16, 36984 }, // U+FE90
    { 8, 16, 128, 0, 14, 16, 37000 }, // U+FE91
    { 8, 16, 128, 0, 14, 16, 37016 }, // U+FE92
    { 8, 16, 128, 0, 14, 16, 37032 }, // U+FE93
    { 8, 16, 128, 0, 14, 16, 37048 }, // U+FE94
    { 8, 16, 128, 0, 14, 16, 37064 }, // U+FE95
    { 8, 16, 128, 0, 14, 16, 37080 }, // U+FE96
    { 8, 16, 128, 0, 14, 16, 37096 }, // U+FE97
    { 8, 16, 128, 0, 14, 16, 37112 }, // U+FE98
    { 8, 16, 128, 0, 14, 16, 37128 }, // U+FE99
    { 8, 16, 128, 0, 14, 16, 37144 }, // U+FE9A
    { 8, 16, 128, 0, 14, 16, 37160 }, // U+FE9B
    { 8, 16, 128, 0, 14, 16, 37176 }, // U+FE9C
    { 8, 16, 128, 0, 14, 16, 37192 }, // U+FE9D
    { 8, 16, 128, 0, 14, 16, 37208 }, // U+FE9E
    { 8, 16, 128, 0, 14, 16, 37224 }, // U+FE9F
    { 8, 16, 128, 0, 14, 16, 37240 }, // U+FEA0
    { 8, 16, 128, 0, 14, 16, 37256 }, // U+FEA1
    { 8, 16, 128, 0, 14, 16, 37272 }, // U+FEA2
    { 8, 16, 128, 0, 14, 16, 37288 }, // U+FEA3
    { 8, 16, 128, 0, 14, 16, 37304 }, // U+FEA4
    { 8, 16, 128, 0, 14, 16, 37320 }, // U+FEA5
    { 8, 16, 128, 0, 14, 16, 37336 }, // U+FEA6
    { 8, 16, 128, 0, 14, 16, 37352 }, // U+FEA7
    { 8, 16, 128, 0, 14, 16, 37368 }, // U+FEA8
    { 8, 16, 128, 0, 14, 16, 37384 }, // U+FEA9
    { 8, 16, 128, 0, 14, 16, 37400 }, // U+FEAA
    { 8, 16, 128, 0, 14, 16, 37416 }, // U+FEAB
    { 8, 16, 128, 0, 14, 16, 37432 }, // U+FEAC
    { 8, 16, 128, 0, 14, 16, 37448 }, // U+FEAD
    { 8, 16, 128, 0, 14, 16, 37464 }, // U+FEAE
    { 8, 16, 128, 0, 14, 16, 37480 }, // U+FEAF
    { 8, 16, 128, 0, 14, 16, 37496 }, // U+FEB0
    { 8, 16, 128, 0, 14, 16, 37512 }, // U+FEB1
    { 8, 16, 128, 0, 14, 16, 37528 }, // U+FEB2
    { 8, 16, 128, 0, 14, 16, 37544 }, // U+FEB3
    { 8, 16, 128, 0, 14, 16, 37560 }, // U+FEB4
    { 8, 16, 128, 0, 14, 16, 37576 }, // U+FEB5
    { 8, 16, 128, 0, 14, 16, 37592 }, // U+FEB6
    { 8, 16, 128, 0, 14, 16, 37608 }, // U+FEB7
    { 8, 16, 128, 0, 14, 16, 37624 }, // U+FEB8
    { 8, 16, 128, 0, 14, 16, 37640 }, // U+FEB9
    { 8, 16, 128, 0, 14, 16, 37656 }, // U+FEBA
    { 8, 16, 128, 0, 14, 16, 37672 }, // U+FEBB
    { 8, 16, 128, 0, 14, 16, 37688 }, // U+FEBC
    { 8, 16, 128, 0, 14, 16, 37704 }, // U+FEBD
    { 8, 16, 128, 0, 14, 16, 37720 }, // U+FEBE
    { 8, 16, 128, 0, 14, 16, 37736 }, // U+FEBF
    { 8, 16, 128, 0, 14, 16, 37752 }, // U+FEC0
    { 8, 16, 128, 0, 14, 16, 37768 }, // U+FEC1
    { 8, 16, 128, 0, 14, 16, 37784 }, // U+FEC2
    { 8, 16, 128, 0, 14, 16, 37800 }, // U+FEC3
    { 8, 16, 128, 0, 14, 16, 37816 }, // U+FEC4
    { 8, 16, 128, 0, 14, 16, 37832 }, // U+FEC5
    { 8, 16, 128, 0, 14, 16, 37848 }, // U+FEC6
    { 8, 16, 128, 0, 14, 16, 37864 }, // U+FEC7
    { 8, 16, 128, 0, 14, 16, 37880 }, // U+FEC8
    { 8, 16, 128, 0, 14, 16, 37896 }, // U+FEC9
    { 8, 16, 128, 0, 14, 16, 37912 }, // U+FECA
    { 8, 16, 128, 0, 14, 16, 37928 }, // U+FECB
    { 8, 16, 128, 0, 14, 16, 37944 }, // U+FECC
    { 8, 16, 128, 0, 14, 16, 37960 }, // U+FECD
    { 8, 16, 128, 0, 14, 16, 37976 }, // U+FECE
    { 8, 16, 128, 0, 14, 16, 37992 }, // U+FECF
    { 8, 16, 128, 0, 14, 16, 38008 }, // U+FED0
    { 8, 16, 128, 0, 14, 16, 38024 }, // U+FED1
    { 8, 16, 128, 0, 14, 16, 38040 }, // U+FED2
    { 8, 16, 128, 0, 14, 16, 38056 }, // U+FED3
    { 8, 16, 128, 0, 14, 16, 38072 }, // U+FED4
    { 8, 16, 128, 0, 14, 16, 38088 }, // U+FED5
    { 8, 16, 128, 0, 14, 16, 38104 }, // U+FED6
    { 8, 16, 128, 0, 14, 16, 38120 }, // U+FED7
    { 8, 16, 128, 0, 14, 16, 38136 }, // U+FED8
    { 8, 16, 128, 0, 14, 16, 38152 }, // U+FED9
    { 8, 16, 128, 0, 14, 16, 38168 }, // U+FEDA
    { 8, 16, 128, 0, 14, 16, 38184 }, // U+FEDB
    { 8, 16, 128, 0, 14, 16, 38200 }, // U+FEDC
    { 8, 16, 128, 0, 14, 16, 38216 }, // U+FEDD
    { 8, 16, 128, 0, 14, 16, 38232 }, // U+FEDE
    { 8, 16, 128, 0, 14, 16, 38248 }, // U+FEDF
    { 8, 16, 128, 0, 14, 16, 38264 }, // U+FEE0
    { 8, 16, 128, 0, 14, 16, 38280 }, // U+FEE1
    { 8, 16, 128, 0, 14, 16, 38296 }, // U+FEE2
    { 8, 16, 128, 0, 14, 16, 38312 }, // U+FEE3
    { 8, 16, 128, 0, 14, 16, 38328 }, // U+FEE4
    { 8, 16, 128, 0, 14, 16, 38344 }, // U+FEE5
    { 8, 16, 128, 0, 14, 16, 38360 }, // U+FEE6
    { 8, 16, 128, 0, 14, 16, 38376 }, // U+FEE7
    { 8, 16, 128, 0, 14, 16, 38392 }, // U+FEE8
    { 8, 16, 128, 0, 14, 16, 38408 }, // U+FEE9
    { 8, 16, 128, 0, 14, 16, 38424 }, // U+FEEA
    { 8, 16, 128, 0, 14, 16, 38440 }, // U+FEEB
    { 8, 16, 128, 0, 14, 16, 38456 }, // U+FEEC
    { 8, 16, 128, 0, 14, 16, 38472 }, // U+FEED
    { 8, 16, 128, 0, 14, 16, 38488 }, // U+FEEE
    { 8, 16, 128, 0, 14, 16, 38504 }, // U+FEEF
    { 8, 16, 128, 0, 14, 16, 38520 }, // U+FEF0
    { 8, 16, 128, 0, 14, 16, 38536 }, // U+FEF1
    { 8, 16, 128, 0, 14, 16, 38552 }, // U+FEF2
    { 8, 16, 128, 0, 14, 16, 38568 }, // U+FEF3
    { 8, 16, 128, 0, 14, 16, 38584 }, // U+FEF4
    { 8, 16, 128, 0, 14, 16, 38600 }, // U+FEF5
    { 8, 16, 128, 0, 14, 16, 38616 }, // U+FEF6
    { 8, 16, 128, 0, 14, 16, 38632 }, // U+FEF7
    { 8, 16, 128, 0, 14, 16, 38648 }, // U+FEF8
    { 8, 16, 128, 0, 14, 16, 38664 }, // U+FEF9
    { 8, 16, 128, 0, 14, 16, 38680 }, // U+FEFA
    { 8, 16, 128, 0, 14, 16, 38696 }, // U+FEFB
    { 8, 16, 128, 0, 14, 16, 38712 }, // U+FEFC
    { 8, 16, 128, 0, 14, 16, 38728 }, // U+FFFD
};

static const EpdUnicodeInterval helveticaui_12_boldIntervals[] = {
    { 0x0, 0x17F, 0x0 },
    { 0x1A0, 0x1A1, 0x180 },
    { 0x1AF, 0x1B0, 0x182 },
    { 0x1C4, 0x21F, 0x184 },
    { 0x300, 0x36F, 0x1E0 },
    { 0x400, 0x4FF, 0x250 },
    { 0x5D0, 0x5EA, 0x350 },
    { 0x60C, 0x60C, 0x36B },
    { 0x61B, 0x61B, 0x36C },
    { 0x61F, 0x61F, 0x36D },
    { 0x621, 0x621, 0x36E },
    { 0x640, 0x640, 0x36F },
    { 0x654, 0x654, 0x370 },
    { 0x660, 0x669, 0x371 },
    { 0x6BA, 0x6BA, 0x37B },
    { 0x6D4, 0x6D5, 0x37C },
    { 0x6F0, 0x6F9, 0x37E },
    { 0x1E0C, 0x1E0D, 0x388 },
    { 0x1E24, 0x1E25, 0x38A },
    { 0x1E36, 0x1E3B, 0x38C },
    { 0x1E40, 0x1E49, 0x392 },
    { 0x1E5A, 0x1E5F, 0x39C },
    { 0x1E62, 0x1E63, 0x3A2 },
    { 0x1E6C, 0x1E6D, 0x3A4 },
    { 0x1EA0, 0x1EF9, 0x3A6 },
    { 0x2000, 0x20CF, 0x400 },
    { 0x2190, 0x22FF, 0x4D0 },
    { 0xFB00, 0xFB06, 0x640 },
    { 0xFB56, 0xFB59, 0x647 },
    { 0xFB66, 0xFB69, 0x64B },
    { 0xFB7A, 0xFB7D, 0x64F },
    { 0xFB88, 0xFB95, 0x653 },
    { 0xFB9E, 0xFB9F, 0x661 },
    { 0xFBA6, 0xFBB1, 0x663 },
    { 0xFBFC, 0xFBFF, 0x66F },
    { 0xFE80, 0xFEFC, 0x673 },
    { 0xFFFD, 0xFFFD, 0x6F0 },
};

static const EpdLigaturePair helveticaui_12_boldLigaturePairs[] = {
    { 0x00660069, 0xFB01 }, // f i -> U+FB01
    { 0x0066006C, 0xFB02 }, // f l -> U+FB02
};

static const EpdFontData helveticaui_12_bold = {
    helveticaui_12_boldBitmaps,
    helveticaui_12_boldGlyphs,
    helveticaui_12_boldIntervals,
    37,
    27,
    22,
    -5,
    false,
    nullptr,
    0,
    nullptr,
    nullptr,
    nullptr,
    nullptr,
    nullptr,
    nullptr,
    nullptr,
    nullptr,
    nullptr,
    nullptr,
    nullptr,
    0,
    0,
    0,
    0,
    helveticaui_12_boldLigaturePairs,
    2,
};
