/**
 * generated by fontconvert.py
 * name: helvetica_9_italic
 * size: 9
 * mode: 2-bit  compressed: true
 * Command used: fontconvert.py helvetica_9_italic 9 ../../../x11/font-adobe-100dpi-1.0.4/helvO14.bdf ../../../x11/unifont-18.0.01.bdf --2bit --compress --zopfli
 */
#pragma once
#include "EpdFontData.h"

static const uint8_t helvetica_9_italicBitmaps[11482] = {
    0x9C, 0x95, 0x49, 0xAA, 0x2C, 0x3B, 0x0C, 0x44, 0x03, 0x62, 0x2A, 0xD0, 0x56, 0x0C, 0x9E, 0x26,
    0x78, 0xEB, 0x02, 0x4D, 0x0D, 0xB9, 0x15, 0x81, 0xA7, 0x06, 0x7F, 0xB9, 0xAA, 0xF2, 0xBF, 0xBE,
    0xF1, 0xB3, 0xC4, 0x3D, 0xEE, 0x0E, 0x71, 0xAB, 0xEF, 0xBD, 0x1B, 0x72, 0x18, 0xF0, 0x57, 0xDC,
    0xF7, 0x7B, 0x0E, 0x00, 0xDC, 0x1B, 0x0F, 0xD5, 0x5D, 0x43, 0xAA, 0xA8, 0xD4, 0x65, 0xBD, 0x4A,
    0xA3, 0xEB, 0x73, 0xFE, 0x35, 0x6B, 0x8E, 0x9F, 0xFA, 0x77, 0xAF, 0x41, 0x29, 0x4A, 0xBA, 0xB9,
    0x94, 0x46, 0xA9, 0x27, 0x7E, 0xFB, 0xF8, 0xCD, 0xE9, 0x6F, 0x1E, 0xFA, 0x7E, 0xAF, 0x90, 0x62,
    0xAD, 0x17, 0x7F, 0xD1, 0xCD, 0x8F, 0xFC, 0x5E, 0xC6, 0x7E, 0xFC, 0xED, 0xAE, 0x1A, 0x32, 0xAE,
    0x5C, 0xAF, 0x13, 0x5F, 0xD9, 0x6B, 0x74, 0xC9, 0x7C, 0xE5, 0x66, 0xF1, 0x5E, 0x8F, 0xF2, 0x75,
    0xA4, 0xC7, 0xAF, 0x79, 0x94, 0xCF, 0xA9, 0xEE, 0x2C, 0x9B, 0x74, 0xC2, 0x38, 0x1B, 0x4F, 0x7C,
    0x91, 0xE5, 0x5D, 0x04, 0x3A, 0x85, 0x9B, 0x22, 0x72, 0xE6, 0x23, 0x7D, 0xD8, 0xFF, 0xD4, 0x69,
    0xC7, 0xF9, 0x4F, 0xAE, 0x17, 0x01, 0xEC, 0x2C, 0x5F, 0xE7, 0x3B, 0xF7, 0xA1, 0xE0, 0x2C, 0x9F,
    0x73, 0x31, 0x3D, 0x13, 0x6C, 0x7A, 0xAE, 0xCD, 0xCF, 0xFC, 0xF6, 0xF2, 0x19, 0xE9, 0x89, 0x99,
    0x46, 0x3B, 0xCD, 0xF7, 0x0E, 0x01, 0x43, 0x68, 0x22, 0xD0, 0x58, 0x47, 0xF9, 0xEA, 0x1C, 0xBD,
    0x12, 0x52, 0xDF, 0x54, 0x1F, 0xE3, 0xC4, 0x6F, 0x34, 0x8F, 0x4E, 0x2B, 0x1D, 0x49, 0x58, 0xA3,
    0x1F, 0xFA, 0xBE, 0xBD, 0xF2, 0xF6, 0x89, 0x7F, 0xF7, 0xF9, 0xE2, 0x5E, 0x9F, 0xF9, 0x56, 0xD3,
    0x8B, 0xF4, 0x93, 0x8C, 0xBD, 0x3E, 0xF1, 0x8B, 0xBB, 0xCE, 0x5E, 0xCB, 0xD5, 0xAB, 0x8F, 0x7B,
    0x94, 0xD2, 0xAB, 0x9E, 0xF8, 0x5A, 0xAA, 0x86, 0x78, 0x57, 0xB2, 0x99, 0x53, 0x1A, 0x79, 0xE4,
    0xB7, 0xFB, 0xFE, 0x7C, 0xEF, 0xE9, 0xFF, 0x3C, 0xCA, 0x57, 0xA9, 0x51, 0xEE, 0x52, 0x5A, 0x1F,
    0x51, 0x7A, 0xD1, 0xD2, 0xEB, 0x91, 0x3F, 0xCD, 0x3B, 0x86, 0xE9, 0xEC, 0x49, 0x4B, 0xDA, 0x59,
    0x7E, 0xAF, 0xE3, 0xF3, 0xFB, 0x31, 0xAC, 0x57, 0x39, 0x7E, 0xFD, 0x3D, 0x56, 0x08, 0x93, 0xCE,
    0x40, 0x45, 0xBB, 0x6D, 0x9D, 0x7E, 0xFE, 0x1C, 0x96, 0xBC, 0x92, 0xCC, 0x9A, 0x3C, 0xF1, 0xF1,
    0xF8, 0x57, 0xFA, 0xC2, 0x5C, 0x9F, 0xF9, 0x8C, 0xF4, 0xC5, 0x92, 0xE9, 0x17, 0x82, 0x72, 0xE8,
    0xCB, 0xC7, 0x97, 0x4F, 0x7E, 0xFC, 0xDA, 0x07, 0x6D, 0x97, 0xE2, 0x5D, 0xD7, 0xAB, 0xF6, 0x88,
    0xAC, 0x2B, 0xAE, 0x18, 0xE6, 0x80, 0x94, 0x9C, 0xA3, 0x98, 0xAE, 0x99, 0x0D, 0x07, 0x6F, 0x50,
    0xB0, 0x96, 0x65, 0x3F, 0x87, 0x00, 0x81, 0x05, 0x2E, 0xD3, 0x12, 0xAF, 0x06, 0x63, 0xEF, 0xE0,
    0x36, 0xB8, 0x45, 0xF6, 0x9D, 0xF7, 0xD1, 0x26, 0x04, 0xBB, 0xD5, 0x74, 0x27, 0x94, 0xB0, 0xB0,
    0xE1, 0xD6, 0x14, 0x3B, 0x3B, 0x26, 0xFC, 0xE6, 0x4D, 0x15, 0xBD, 0xF2, 0x9C, 0x81, 0x95, 0x71,
    0xA6, 0xDC, 0xBD, 0x73, 0x27, 0x34, 0xE2, 0xBA, 0x22, 0xD4, 0x42, 0x11, 0xCD, 0x56, 0xE4, 0x9F,
    0xBD, 0x63, 0xAF, 0x47, 0x10, 0xB4, 0xE7, 0xA1, 0xC4, 0x37, 0xB5, 0x77, 0x14, 0xCF, 0xE4, 0xEB,
    0x7A, 0x2E, 0x6F, 0x73, 0x4F, 0x04, 0xDD, 0x1A, 0x1A, 0x06, 0x1C, 0x6F, 0x99, 0xB6, 0x72, 0xD0,
    0x3E, 0xD7, 0x2F, 0x29, 0xB6, 0xB2, 0x22, 0xBE, 0xD5, 0xBF, 0x8D, 0xC6, 0x82, 0x2E, 0x53, 0xDA,
    0xF5, 0x74, 0x64, 0x2B, 0x3E, 0xFD, 0x5F, 0x21, 0xD6, 0x96, 0x2B, 0x49, 0xAE, 0x02, 0x43, 0xE2,
    0xF3, 0xDE, 0x19, 0xB6, 0xD2, 0x0B, 0x40, 0x62, 0xEB, 0x96, 0x7A, 0x01, 0xB5, 0x95, 0x90, 0xEA,
    0x17, 0x89, 0xC9, 0xB0, 0xF3, 0x79, 0x9E, 0x26, 0xC8, 0xAE, 0x76, 0x62, 0x0C, 0x0E, 0x5C, 0x1C,
    0x55, 0xA0, 0x0B, 0x39, 0x60, 0x72, 0xF5, 0x20, 0xE0, 0x88, 0x1C, 0x3D, 0xAC, 0xF7, 0x3C, 0x61,
    0x84, 0x0F, 0xF4, 0xFE, 0x6F, 0x60, 0xBE, 0x6F, 0x61, 0x37, 0xC3, 0x61, 0x96, 0x03, 0x39, 0x39,
    0x9E, 0x1B, 0x96, 0x8F, 0x6C, 0x78, 0xCD, 0x19, 0x9F, 0xAF, 0x5A, 0x04, 0xBA, 0xF2, 0x00, 0xE3,
    0x70, 0xC2, 0x03, 0x4D, 0x6B, 0xCA, 0x16, 0x5A, 0x95, 0x8D, 0x70, 0xB9, 0x5A, 0xA0, 0xCB, 0x38,
    0x09, 0xE4, 0x1E, 0x5B, 0x00, 0x51, 0x9A, 0x2C, 0x6D, 0x77, 0xC0, 0xB5, 0xD0, 0x09, 0x6F, 0x6E,
    0xC0, 0x72, 0x17, 0xC0, 0xFE, 0x51, 0x88, 0x09, 0x0A, 0x47, 0xE1, 0xD8, 0x84, 0x8B, 0xE4, 0x0C,
    0x84, 0x83, 0x0B, 0x39, 0x8F, 0xEA, 0x3C, 0x51, 0x30, 0x4E, 0x98, 0xFC, 0xDB, 0x5B, 0xB1, 0xED,
    0x66, 0x03, 0xEE, 0x98, 0x83, 0x93, 0x12, 0xDC, 0x46, 0x6C, 0xF2, 0x7F, 0xFC, 0xC1, 0x00, 0xD2,
    0x2A, 0x87, 0xCC, 0xAD, 0x10, 0xD9, 0xD9, 0x40, 0x57, 0x57, 0xCC, 0x99, 0xE3, 0xAD, 0x57, 0x76,
    0x39, 0x13, 0x65, 0xF4, 0x91, 0x8F, 0xEB, 0x01, 0x6B, 0xB9, 0xE9, 0x02, 0x0A, 0xB9, 0xF2, 0x72,
    0xD4, 0xDF, 0x11, 0xFE, 0xDA, 0x1E, 0xE9, 0x36, 0x18, 0x7A, 0xD0, 0x1D, 0x64, 0xE8, 0x51, 0x01,
    0xBE, 0x8B, 0x60, 0xE6, 0x58, 0xAE, 0x52, 0x0F, 0x97, 0x13, 0xCC, 0xC7, 0xCE, 0xF4, 0x86, 0x40,
    0x08, 0x33, 0x47, 0x95, 0x8F, 0xB7, 0x82, 0x09, 0x04, 0x27, 0x44, 0x52, 0x97, 0xE6, 0xB1, 0x40,
    0xEF, 0x91, 0xCD, 0x80, 0x6C, 0xA6, 0x59, 0x75, 0xB3, 0x1B, 0xF2, 0x36, 0xB3, 0x70, 0x39, 0x45,
    0x01, 0xBC, 0x10, 0x85, 0x0A, 0x63, 0xB6, 0xB2, 0xB6, 0xE6, 0xA6, 0x8D, 0xBD, 0xD0, 0x87, 0xC3,
    0x4E, 0x0D, 0xB8, 0x14, 0x81, 0xDC, 0xB4, 0x40, 0x79, 0xED, 0xA1, 0xA8, 0xB5, 0x46, 0x38, 0x98,
    0x15, 0x9A, 0x8A, 0xE5, 0x62, 0x59, 0xB6, 0x1B, 0xBE, 0xB2, 0x1C, 0xD9, 0xE3, 0xB2, 0x3C, 0x00,
    0x2F, 0x74, 0x1B, 0xDD, 0xE1, 0x79, 0xBE, 0xF5, 0x16, 0x10, 0xA5, 0x14, 0xB5, 0x85, 0x15, 0x6D,
    0x5C, 0xE2, 0xB8, 0x49, 0xF7, 0xA4, 0x27, 0x6E, 0xC2, 0x9B, 0x3C, 0x57, 0x3C, 0x2D, 0xAE, 0x40,
    0x6C, 0x5C, 0x70, 0x08, 0xF7, 0xEB, 0x7B, 0x79, 0x99, 0x27, 0x24, 0xEA, 0x7C, 0xC0, 0x03, 0x70,
    0x02, 0x59, 0x9B, 0x3A, 0x10, 0x36, 0xA6, 0x72, 0x4A, 0x48, 0xBF, 0xDD, 0x5D, 0x45, 0xA8, 0xAD,
    0x36, 0x4D, 0x23, 0xDA, 0x89, 0xF2, 0xB0, 0x4D, 0x97, 0x6C, 0x83, 0x11, 0xB5, 0x29, 0x19, 0x3E,
    0x48, 0xFF, 0x3B, 0xE8, 0x36, 0xF5, 0x14, 0xDA, 0x70, 0x8A, 0xEE, 0x4B, 0x43, 0x35, 0xE1, 0x97,
    0xD2, 0x38, 0x55, 0x02, 0x2F, 0xA0, 0x7B, 0xAD, 0x83, 0x31, 0x01, 0xC6, 0xAE, 0xCA, 0x70, 0xA9,
    0x8F, 0x82, 0x4F, 0xEE, 0x73, 0xD6, 0x09, 0xB0, 0x6A, 0xD0, 0xAF, 0x1A, 0xAC, 0x14, 0xEF, 0xF8,
    0x9A, 0xCD, 0x5F, 0x77, 0xB0, 0xD7, 0x28, 0xEB, 0x7D, 0x07, 0x55, 0x63, 0x6A, 0x21, 0xAC, 0x6B,
    0xD6, 0x8C, 0x3B, 0x16, 0xD2, 0xBB, 0x9E, 0x95, 0xCE, 0x05, 0x34, 0xF5, 0x0A, 0x11, 0x02, 0x92,
    0xF0, 0x06, 0x72, 0xC0, 0x88, 0x65, 0x63, 0x2A, 0xC2, 0x2C, 0x74, 0x73, 0xC3, 0x37, 0xF4, 0x0A,
    0x71, 0xE0, 0xD8, 0xF4, 0xB8, 0x8F, 0xCF, 0x1D, 0xAF, 0x2F, 0x58, 0xE2, 0x9C, 0x11, 0x8E, 0x22,
    0x11, 0x28, 0xBC, 0x07, 0x72, 0xC3, 0xF4, 0x39, 0xE9, 0x91, 0xFA, 0x88, 0xA9, 0x41, 0x4A, 0xD7,
    0x78, 0x0F, 0x49, 0x4A, 0xB0, 0x24, 0x76, 0xD9, 0xB3, 0x9F, 0xAD, 0x44, 0x0E, 0x7B, 0x3A, 0x2C,
    0xD8, 0xFA, 0x46, 0x57, 0x8F, 0x61, 0x81, 0xF7, 0xE8, 0xE8, 0x1B, 0x66, 0xCC, 0x85, 0xA0, 0x42,
    0xF0, 0xF1, 0xC8, 0x4F, 0xAC, 0x4C, 0x85, 0x63, 0x4D, 0x10, 0xB0, 0xEF, 0xFF, 0xDB, 0xCD, 0xA9,
    0x68, 0xF4, 0x4F, 0x37, 0xA8, 0xD1, 0xA0, 0xD2, 0xD2, 0x70, 0x0D, 0x4D, 0x7D, 0x69, 0xCA, 0xE5,
    0x47, 0xAF, 0x41, 0xE3, 0x5E, 0xE5, 0xCE, 0x4D, 0xBA, 0x6B, 0x03, 0xC3, 0xCF, 0x66, 0x8A, 0x1C,
    0xDE, 0x48, 0x47, 0x9D, 0x97, 0x30, 0x9E, 0x14, 0xCA, 0x40, 0x69, 0xE7, 0xD5, 0x24, 0x44, 0x52,
    0x37, 0xDE, 0x85, 0xE5, 0x27, 0x6D, 0xDC, 0xAA, 0xF3, 0xEA, 0xC5, 0x40, 0x1C, 0xA0, 0x15, 0xBD,
    0x99, 0xA6, 0xE5, 0x5C, 0x98, 0x4E, 0xBB, 0x91, 0xAF, 0x9B, 0x1F, 0x95, 0xD4, 0x27, 0x3F, 0x65,
    0xA5, 0x83, 0x69, 0x36, 0x3F, 0x66, 0x8B, 0x8C, 0xE3, 0xD2, 0x5C, 0x4D, 0x2C, 0x54, 0x44, 0xC3,
    0xDF, 0x03, 0x47, 0xBB, 0xF3, 0xF1, 0xCC, 0xCA, 0x6F, 0x59, 0xD9, 0x58, 0xA0, 0x63, 0xE1, 0xE8,
    0x73, 0x5F, 0x9D, 0xEE, 0x9C, 0xD2, 0xF8, 0xE2, 0xC8, 0x67, 0x8C, 0xA8, 0xE7, 0x4E, 0xEB, 0xA6,
    0x05, 0x9C, 0x48, 0x9E, 0x4D, 0xE8, 0xD8, 0xE9, 0x07, 0xCA, 0x5D, 0x4B, 0xF3, 0x45, 0xFF, 0xCB,
    0xD9, 0xF9, 0xEE, 0x2A, 0x0A, 0x0F, 0xF5, 0xFC, 0x21, 0x97, 0xC7, 0xC9, 0x5E, 0x97, 0xE9, 0xE8,
    0xED, 0xF6, 0x9A, 0x6D, 0x8F, 0xE1, 0xB7, 0xCE, 0x97, 0xB3, 0x81, 0x45, 0xE3, 0x4E, 0xEA, 0x8F,
    0xFC, 0x3D, 0xEE, 0xB8, 0xA7, 0xB7, 0x8F, 0x47, 0x2E, 0x8F, 0x3A, 0x71, 0xC2, 0x5A, 0x2B, 0xE8,
    0xD7, 0x97, 0xFE, 0x93, 0xDD, 0xB9, 0xA6, 0xE4, 0x0B, 0x14, 0xAE, 0xC4, 0x1E, 0xBB, 0xD2, 0x37,
    0x49, 0x06, 0x4B, 0xD7, 0xBC, 0x47, 0x6A, 0x65, 0xF8, 0x44, 0xB0, 0x84, 0x77, 0xF1, 0x1D, 0xCC,
    0x23, 0x3D, 0x57, 0x0C, 0x65, 0x6F, 0xDE, 0x2F, 0xBB, 0xBF, 0xD6, 0x2C, 0x1D, 0x13, 0x36, 0x04,
    0x87, 0x10, 0x30, 0x0A, 0x3B, 0x99, 0x47, 0xBF, 0xF7, 0x1E, 0x1B, 0x9E, 0x7F, 0x85, 0xE9, 0x63,
    0x97, 0x80, 0xBC, 0x57, 0x44, 0x80, 0x9F, 0xDA, 0x65, 0xE2, 0xA8, 0x9B, 0x9F, 0x2A, 0xC0, 0xF8,
    0x98, 0x88, 0x69, 0xC0, 0x7B, 0x7B, 0x2E, 0xA4, 0x77, 0xB3, 0x7E, 0xFA, 0xE5, 0xEA, 0xCF, 0xEB,
    0xF7, 0x5F, 0xAE, 0xFE, 0x03, 0xA5, 0x56, 0xD1, 0xCA, 0xEC, 0xAC, 0x0E, 0x5D, 0x90, 0x5B, 0x21,
    0xAF, 0x22, 0xF4, 0x36, 0xE0, 0xAB, 0x07, 0xBC, 0x2D, 0xCC, 0xAB, 0x2C, 0xF0, 0x56, 0xC8, 0x69,
    0x6A, 0xE7, 0xDB, 0x7B, 0x38, 0xFB, 0x3F, 0x73, 0xFC, 0x77, 0xBB, 0xA2, 0xA3, 0x5D, 0xCB, 0x68,
    0x8C, 0xED, 0x9C, 0xD7, 0x05, 0x40, 0x1C, 0xC0, 0xBB, 0x6E, 0xD2, 0x07, 0xCF, 0xA3, 0x34, 0x1D,
    0xCA, 0x72, 0x94, 0x5A, 0x8E, 0xB1, 0x9E, 0x7F, 0xF2, 0x8E, 0xEB, 0xFA, 0x93, 0xBE, 0xF6, 0x47,
    0x7F, 0x1E, 0x59, 0x67, 0x5B, 0x76, 0xF4, 0x4D, 0xBB, 0x2E, 0xFF, 0x3D, 0x78, 0x4A, 0x69, 0x45,
    0x74, 0xCB, 0xFF, 0xAB, 0xEB, 0xBC, 0xF4, 0xC7, 0x2B, 0xF5, 0x47, 0xC9, 0xF6, 0x96, 0xFF, 0x4B,
    0x70, 0xDA, 0x79, 0x2D, 0xFB, 0x3C, 0xCE, 0x7A, 0xD6, 0x6C, 0xEF, 0xF9, 0x1F, 0x32, 0x4F, 0xC1,
    0x71, 0xD5, 0x3C, 0x25, 0xDB, 0xB1, 0xA3, 0xD7, 0xCE, 0xC1, 0x22, 0x45, 0xA5, 0x87, 0x7B, 0xC6,
    0x61, 0x73, 0xFE, 0x8F, 0xBE, 0xF5, 0x1E, 0xC4, 0xA5, 0x7F, 0xF5, 0xDD, 0xF8, 0x0D, 0xF6, 0x82,
    0xD6, 0xA5, 0xB3, 0xA3, 0xD6, 0xAE, 0x5B, 0xEB, 0x2F, 0xC7, 0x18, 0x67, 0xF5, 0xAA, 0xF4, 0x23,
    0xEB, 0x52, 0xFB, 0x5E, 0xFC, 0x0E, 0x0E, 0xD6, 0x74, 0xEC, 0xFD, 0x74, 0xAF, 0x82, 0x3D, 0x7D,
    0x2B, 0x32, 0xDE, 0x79, 0x93, 0x71, 0xA8, 0x3A, 0xC6, 0xA6, 0x5E, 0x3F, 0xF5, 0xDC, 0xD2, 0x63,
    0x16, 0xF1, 0x5E, 0x56, 0x7D, 0x16, 0xA0, 0x17, 0xD9, 0xDB, 0xFF, 0x31, 0x58, 0x50, 0x54, 0x7C,
    0xB8, 0x1F, 0xC8, 0x73, 0xF0, 0xEF, 0xF5, 0x35, 0xF3, 0x67, 0x6F, 0xFD, 0xC2, 0xB8, 0xF3, 0xF6,
    0xC4, 0xE0, 0x89, 0xD2, 0x64, 0x37, 0x7E, 0xF5, 0xE0, 0x59, 0x79, 0xD7, 0xA5, 0xD6, 0x2A, 0x1E,
    0x7B, 0xFA, 0x63, 0x5C, 0xFA, 0x72, 0xE9, 0x07, 0xCB, 0x81, 0x2A, 0x9B, 0xEB, 0xCF, 0xFC, 0x95,
    0x02, 0x15, 0xE9, 0xDE, 0x51, 0x9B, 0x68, 0xDF, 0x8C, 0xDF, 0xDA, 0xF7, 0x22, 0x91, 0x75, 0xB6,
    0x77, 0xF4, 0xA5, 0x78, 0x7F, 0x99, 0x7B, 0x39, 0xCF, 0x7E, 0x96, 0xE1, 0xD9, 0xDE, 0x9B, 0xBF,
    0xE7, 0xBA, 0x8B, 0xE6, 0xBE, 0xEF, 0xBF, 0xFF, 0xD0, 0x96, 0x3E, 0xCF, 0xFD, 0x3D, 0xFF, 0x76,
    0xEE, 0xE9, 0xB5, 0x7B, 0x64, 0xDC, 0xB5, 0xD4, 0xE1, 0xB9, 0x0F, 0xB2, 0x97, 0x3F, 0xAA, 0xFD,
    0xC5, 0x5A, 0x4A, 0x39, 0x4E, 0xED, 0xF5, 0x2C, 0x76, 0xB5, 0xF7, 0xF3, 0x17, 0xAE, 0x05, 0xDD,
    0x4F, 0xF8, 0xCA, 0xBF, 0x7D, 0x7D, 0x15, 0xEF, 0x44, 0x75, 0x7D, 0xF5, 0xCD, 0xF3, 0x1B, 0xBD,
    0xA3, 0x00, 0x2C, 0xE2, 0xA5, 0x40, 0xB8, 0x79, 0x7E, 0xDF, 0xE7, 0xA7, 0x77, 0xA1, 0x1F, 0x50,
    0xDD, 0xCB, 0x7F, 0xA1, 0xF7, 0x5E, 0x86, 0x0B, 0xCF, 0xDE, 0xE1, 0x2E, 0xD8, 0xCC, 0x1F, 0xF5,
    0xFC, 0xEE, 0xA1, 0xBD, 0xBA, 0x3C, 0xE7, 0xF8, 0x1F, 0xFD, 0x43, 0x7C, 0xF5, 0xE9, 0x7D, 0xDB,
    0x73, 0xF3, 0xBE, 0x21, 0x37, 0x02, 0x1A, 0xDE, 0x0E, 0xB7, 0x0A, 0x7A, 0x62, 0x00, 0x43, 0x11,
    0x13, 0x8D, 0xA8, 0x48, 0xE4, 0xAF, 0x98, 0x42, 0x13, 0xC7, 0x05, 0x10, 0x1A, 0x59, 0x0A, 0xA1,
    0x8E, 0x06, 0x8F, 0xF0, 0x11, 0x30, 0xF1, 0x16, 0xAE, 0x0A, 0x2B, 0x30, 0x43, 0x04, 0x78, 0xFB,
    0x34, 0x50, 0x25, 0xFB, 0x65, 0xA6, 0xAA, 0x05, 0xC4, 0x11, 0x33, 0x4B, 0xC5, 0x83, 0xDF, 0x67,
    0xF6, 0xFB, 0xA4, 0x7F, 0xEB, 0xFE, 0x7D, 0x1A, 0x96, 0x43, 0x05, 0xE4, 0xE5, 0x2A, 0x54, 0xDC,
    0x70, 0xCA, 0x70, 0x04, 0xD8, 0xB2, 0x3D, 0x1B, 0xDA, 0x84, 0x12, 0xC3, 0x87, 0x43, 0xD3, 0xB3,
    0xB8, 0x02, 0xBC, 0xA4, 0x56, 0x4D, 0x8C, 0x94, 0xE2, 0x8E, 0xC7, 0x8A, 0x91, 0xAC, 0xB5, 0x39,
    0x0D, 0xC9, 0x33, 0x20, 0x1C, 0xC2, 0x62, 0x32, 0xB5, 0x1A, 0x5B, 0xCD, 0x8E, 0x70, 0x79, 0xA9,
    0x19, 0x87, 0x1B, 0xD5, 0x22, 0xFC, 0xC2, 0xCF, 0x32, 0xC2, 0x63, 0x39, 0x32, 0x75, 0x71, 0x50,
    0xF5, 0x3E, 0x26, 0x66, 0x57, 0x51, 0xAF, 0xD2, 0x1B, 0x8B, 0x57, 0x5F, 0x8E, 0xF2, 0x07, 0xD4,
    0xD5, 0x73, 0x1D, 0x7E, 0xA1, 0x39, 0xEF, 0xAB, 0x39, 0x0C, 0x89, 0x0C, 0x94, 0x5F, 0x00, 0xF1,
    0x84, 0x1D, 0x88, 0x48, 0x24, 0x15, 0x5C, 0xB3, 0x4C, 0xA7, 0x4A, 0x33, 0x98, 0x24, 0x93, 0x83,
    0xCD, 0xD5, 0x08, 0xEA, 0x82, 0xB8, 0x2D, 0x28, 0xA6, 0x0A, 0x75, 0xD2, 0xC8, 0xB7, 0x83, 0x84,
    0x84, 0x6B, 0x47, 0xEB, 0x08, 0x45, 0x94, 0x07, 0xD3, 0x60, 0x15, 0xA5, 0xC2, 0x88, 0xEA, 0x0F,
    0x86, 0xA3, 0xE3, 0x01, 0x29, 0x50, 0x88, 0x8B, 0x0F, 0x6F, 0xD0, 0x68, 0x66, 0x24, 0x85, 0x6A,
    0x19, 0x1E, 0xA3, 0xFA, 0x0A, 0x57, 0x86, 0xE9, 0x1D, 0x32, 0x05, 0x43, 0x5C, 0x05, 0xA6, 0x30,
    0x03, 0xAD, 0x90, 0x36, 0x7C, 0x4A, 0x37, 0xD5, 0x6A, 0x1A, 0x06, 0x12, 0x7C, 0xD3, 0xFC, 0x4D,
    0x9B, 0x1C, 0x3A, 0x9E, 0x0E, 0x5A, 0x56, 0x93, 0x3A, 0x95, 0xE2, 0x66, 0x0A, 0x5C, 0x26, 0x6E,
    0x00, 0x99, 0xE6, 0xA3, 0x77, 0x6F, 0xAA, 0x0E, 0x3D, 0x1C, 0xD6, 0x01, 0x06, 0xC1, 0xE4, 0xE8,
    0xCA, 0x28, 0x3C, 0xC9, 0x36, 0x85, 0xEA, 0x0D, 0x53, 0xD9, 0x62, 0x36, 0x42, 0xF1, 0xE4, 0x36,
    0xF0, 0xCE, 0xED, 0x0B, 0x06, 0x4B, 0xA4, 0xE3, 0xE5, 0xFB, 0xE2, 0x46, 0x86, 0x87, 0x37, 0x90,
    0x32, 0xDB, 0x56, 0x25, 0x5E, 0x10, 0xDD, 0x54, 0xD1, 0x21, 0x01, 0x14, 0x03, 0x1E, 0x65, 0x4A,
    0xA1, 0x69, 0x06, 0xD8, 0x63, 0x34, 0x48, 0x9A, 0x1B, 0x34, 0x8F, 0xF1, 0x65, 0x06, 0x03, 0x1F,
    0x83, 0x2A, 0x74, 0xDB, 0x35, 0xA4, 0x24, 0x36, 0x24, 0x11, 0x13, 0x92, 0x85, 0x36, 0xAC, 0x09,
    0xC2, 0x7E, 0x0A, 0x46, 0xB8, 0xDC, 0x85, 0x13, 0xD0, 0x20, 0xD0, 0xB2, 0x30, 0x71, 0x80, 0x12,
    0xB1, 0x0A, 0x28, 0x11, 0xB9, 0x45, 0x0A, 0x35, 0x60, 0x02, 0xFC, 0x05, 0x9B, 0x98, 0x26, 0x6C,
    0xE1, 0x3A, 0x21, 0x78, 0x76, 0x70, 0x38, 0x1A, 0x00, 0xE2, 0xD9, 0x1D, 0xE4, 0x24, 0x12, 0x0E,
    0xC5, 0x1B, 0xC1, 0x16, 0x34, 0x60, 0x81, 0xC0, 0x73, 0x96, 0x41, 0x88, 0x6F, 0xAB, 0xC4, 0x51,
    0x88, 0xCA, 0x3D, 0x95, 0x59, 0x62, 0x47, 0xA2, 0x10, 0xCF, 0x96, 0x78, 0xDE, 0xFA, 0xE7, 0xB7,
    0xBA, 0x81, 0xE2, 0x5F, 0x38, 0x14, 0x2B, 0xF6, 0xBF, 0x39, 0x6A, 0xFA, 0x85, 0x21, 0x6B, 0x7F,
    0xB1, 0x9E, 0x8B, 0xBF, 0x2D, 0x98, 0xA6, 0x6E, 0xB7, 0xA2, 0xC1, 0x30, 0x41, 0x21, 0x22, 0xFC,
    0x32, 0x00, 0xD2, 0x01, 0x9D, 0x58, 0x01, 0x03, 0xC4, 0x9F, 0x9B, 0xE2, 0x4A, 0x85, 0xDA, 0x2F,
    0x33, 0x33, 0x98, 0xFE, 0x32, 0x0A, 0x97, 0x81, 0x80, 0xDE, 0x62, 0x3C, 0xA7, 0x6F, 0x8D, 0x19,
    0xB1, 0xC6, 0x81, 0xB0, 0x01, 0xB4, 0xC7, 0x08, 0xF1, 0x65, 0xEA, 0x13, 0x7A, 0xCF, 0xA9, 0x05,
    0x21, 0x01, 0xAC, 0x81, 0xEC, 0xEF, 0xC7, 0x49, 0xBD, 0x18, 0x50, 0xEC, 0x6F, 0xC7, 0x71, 0x48,
    0xFC, 0xFD, 0x38, 0xA6, 0x69, 0x7F, 0x35, 0x46, 0x45, 0x5D, 0x5F, 0x6F, 0x79, 0x01, 0x13, 0xB2,
    0xCE, 0xBD, 0x82, 0xE2, 0x0E, 0x87, 0x4E, 0x43, 0x04, 0xD7, 0xA8, 0xCA, 0x06, 0xA3, 0x81, 0x34,
    0x71, 0xA6, 0xE8, 0xF9, 0xE1, 0xC3, 0x15, 0xF1, 0x8C, 0x3A, 0xE2, 0xF3, 0x70, 0x2A, 0x74, 0xC1,
    0x60, 0x3F, 0x20, 0xF8, 0x40, 0x7C, 0xAA, 0xB7, 0x80, 0x12, 0xEB, 0x70, 0x6E, 0xAB, 0xDE, 0x87,
    0x73, 0x4F, 0x95, 0x1D, 0x5B, 0x92, 0x8F, 0x2F, 0xC1, 0xCF, 0x53, 0xEA, 0x85, 0x5B, 0x33, 0x53,
    0xD6, 0x1C, 0xEA, 0x0F, 0x71, 0x41, 0xFC, 0x81, 0x86, 0x6B, 0x50, 0x91, 0x30, 0x70, 0xBD, 0xD7,
    0xDA, 0x04, 0xF1, 0x00, 0x0D, 0x08, 0x97, 0xEE, 0x2A, 0x89, 0x67, 0x4E, 0x0D, 0x26, 0xBE, 0x90,
    0xCA, 0x00, 0x27, 0xC4, 0xDF, 0x11, 0x06, 0x10, 0xD0, 0x48, 0x3E, 0x9A, 0x6B, 0xA0, 0x29, 0xE6,
    0xED, 0x20, 0x26, 0xDA, 0x72, 0xAF, 0xFF, 0x1F, 0x53, 0x81, 0xC3, 0xD1, 0xFD, 0x3B, 0xD3, 0x2A,
    0xC2, 0x45, 0xF1, 0x9D, 0x39, 0x3C, 0xF1, 0x7D, 0x40, 0xA0, 0xDF, 0xB0, 0x6F, 0xCC, 0xC8, 0xDE,
    0xA0, 0x8A, 0x13, 0xCD, 0xA9, 0x11, 0xDE, 0x14, 0xC9, 0x01, 0x9B, 0x78, 0x64, 0x5B, 0x26, 0xD0,
    0x5C, 0x62, 0x6D, 0x0D, 0xEC, 0x07, 0x8A, 0x16, 0xF8, 0xAF, 0x2F, 0xC9, 0x1F, 0xA2, 0xD9, 0xC4,
    0x2D, 0x07, 0x03, 0x91, 0x78, 0xDC, 0xFB, 0x47, 0x34, 0xBF, 0x30, 0xDF, 0xD1, 0xFC, 0xCE, 0xCC,
    0x18, 0x7D, 0xA7, 0xD1, 0x14, 0xAA, 0x6A, 0xD7, 0xC5, 0xF7, 0x9F, 0x43, 0xFC, 0xF9, 0xAD, 0xED,
    0x85, 0x95, 0x7F, 0x7E, 0x66, 0x34, 0xFE, 0x83, 0x6A, 0xCD, 0x64, 0x42, 0xF4, 0x63, 0x26, 0x5C,
    0x50, 0xB0, 0xFD, 0x2C, 0xAD, 0xA0, 0x71, 0x2D, 0x4D, 0x9B, 0xEB, 0x1D, 0xE7, 0x06, 0x7E, 0xA4,
    0x69, 0xE2, 0x23, 0xB0, 0x5F, 0xC6, 0x14, 0x87, 0x7E, 0x65, 0x7E, 0x04, 0xF6, 0x3B, 0xF3, 0x9D,
    0xA6, 0xDF, 0x99, 0xC3, 0x13, 0x5F, 0x69, 0x04, 0x81, 0xB8, 0xAE, 0x15, 0x42, 0xE8, 0x70, 0x44,
    0x40, 0x68, 0x90, 0x3E, 0xA1, 0x6A, 0x50, 0xBB, 0x8C, 0x84, 0x0A, 0xD1, 0xC2, 0x31, 0xE6, 0x67,
    0x7E, 0x3D, 0xA1, 0xF9, 0x88, 0x96, 0xA7, 0x87, 0x40, 0x7B, 0x7D, 0x84, 0xE1, 0x0B, 0xF3, 0x1D,
    0x86, 0xEF, 0xCC, 0x67, 0x71, 0xFB, 0xAE, 0xC5, 0x13, 0x8A, 0x0B, 0x32, 0x13, 0x20, 0xC4, 0x1F,
    0xE2, 0xDD, 0x4A, 0xFB, 0x81, 0xBC, 0x28, 0x31, 0x85, 0xA6, 0x6E, 0x8A, 0x05, 0x36, 0x61, 0x0B,
    0xB7, 0x80, 0xFD, 0xC6, 0x5D, 0x53, 0xDA, 0x72, 0xF4, 0x1F, 0xA5, 0x98, 0x5D, 0x8A, 0x1C, 0xB1,
    0x0E, 0x85, 0x3F, 0xD0, 0x6B, 0x40, 0x5B, 0x69, 0xB8, 0xAF, 0x02, 0x6D, 0x5D, 0x70, 0x17, 0x90,
    0xAD, 0x1C, 0x98, 0x57, 0x83, 0x6E, 0x1B, 0x77, 0x8D, 0xA9, 0xCE, 0x64, 0x6A, 0xEA, 0x66, 0xFC,
    0x29, 0x90, 0x2E, 0xD7, 0x39, 0x96, 0xDB, 0xBF, 0x4D, 0x0A, 0x00, 0x61, 0xC2, 0x9F, 0x04, 0x31,
    0x41, 0x61, 0x4F, 0x2A, 0xBC, 0x47, 0xF6, 0x08, 0x42, 0x4C, 0xAC, 0x01, 0x68, 0xBC, 0xCB, 0xAD,
    0xC8, 0xF2, 0x26, 0x9D, 0xE1, 0x28, 0xE8, 0x41, 0x06, 0x3C, 0x1E, 0x84, 0xF0, 0xBA, 0xA7, 0x6C,
    0xD8, 0x6F, 0x18, 0x97, 0xFA, 0x37, 0x34, 0x71, 0x18, 0x58, 0x4D, 0x18, 0x57, 0xB2, 0xC2, 0x8B,
    0x60, 0xE2, 0xB5, 0x5C, 0x0A, 0x07, 0xC0, 0x45, 0x0F, 0x57, 0x3A, 0x1E, 0x30, 0x40, 0x9B, 0x18,
    0x8C, 0x30, 0x65, 0x97, 0x0D, 0x70, 0x08, 0xD0, 0xCE, 0x22, 0xAD, 0x62, 0x57, 0x3E, 0xEC, 0x0A,
    0x1C, 0xB2, 0x90, 0xEE, 0xE9, 0x0B, 0x1B, 0xB8, 0xFF, 0x4C, 0xDF, 0xB9, 0x2B, 0xFE, 0xA3, 0x96,
    0x4B, 0x64, 0xDD, 0x15, 0x77, 0xC7, 0xC6, 0x8F, 0xF5, 0x8F, 0x0C, 0x00, 0xAC, 0xF5, 0x8C, 0xC6,
    0xCA, 0x71, 0xBC, 0x1C, 0xFB, 0x8C, 0xC0, 0x67, 0x10, 0x24, 0xC1, 0x40, 0x2E, 0xBA, 0x6B, 0x2A,
    0x01, 0x11, 0xAF, 0xF8, 0x05, 0x92, 0x0D, 0xE1, 0x2D, 0xD2, 0x44, 0x58, 0xA1, 0x23, 0xBC, 0x50,
    0x42, 0x37, 0xE4, 0xEF, 0xE9, 0x37, 0xB6, 0x1F, 0xDB, 0xAB, 0x35, 0xE3, 0xCD, 0xCF, 0x5E, 0x7E,
    0x0D, 0x10, 0x13, 0x1F, 0x4F, 0x6C, 0xC8, 0x5B, 0x69, 0x0A, 0x2B, 0x2D, 0xBC, 0x94, 0x74, 0x4F,
    0x0B, 0xBA, 0x60, 0x7A, 0x4C, 0x0A, 0xE7, 0xA0, 0x95, 0xAD, 0x80, 0x85, 0x98, 0xDA, 0x4F, 0xAC,
    0xCF, 0xBD, 0x66, 0xD5, 0xFD, 0x47, 0xAF, 0x55, 0xF1, 0x51, 0x24, 0xB7, 0x94, 0xF7, 0xAC, 0xBB,
    0xD4, 0xF7, 0xC9, 0x2D, 0x71, 0x04, 0xBA, 0x54, 0xBE, 0x23, 0x18, 0x98, 0x70, 0x26, 0xA6, 0x0B,
    0xD9, 0xF7, 0xF9, 0xBC, 0x47, 0xED, 0x0D, 0xC7, 0x3D, 0x6A, 0xAF, 0xB2, 0x38, 0xCF, 0xE7, 0x41,
    0xB7, 0xC9, 0x1D, 0xCF, 0x4F, 0x4D, 0xEF, 0x09, 0x31, 0x88, 0x60, 0xDA, 0xD9, 0x10, 0x01, 0x8D,
    0xFD, 0xB7, 0x00, 0x32, 0xAC, 0x87, 0x57, 0x38, 0x8A, 0x85, 0x29, 0xBC, 0xB2, 0xCB, 0x3F, 0x0A,
    0x47, 0x39, 0xBD, 0xBC, 0xF6, 0x0A, 0x7B, 0xCB, 0x6B, 0x8F, 0x90, 0x5B, 0x5E, 0x3E, 0xB9, 0x9D,
    0x54, 0xDC, 0x72, 0xB9, 0x23, 0xCE, 0xF1, 0xF8, 0x17, 0x3C, 0x60, 0xB5, 0xF0, 0xC1, 0xFF, 0x65,
    0x0A, 0x9F, 0x0B, 0x0E, 0x60, 0xB5, 0x8B, 0xB3, 0x8B, 0x77, 0x93, 0x3D, 0x08, 0x76, 0x11, 0xBB,
    0x58, 0xE1, 0x22, 0x62, 0x69, 0xBC, 0x70, 0x70, 0x2F, 0xEF, 0x35, 0xEF, 0x15, 0x56, 0x0B, 0x39,
    0x9A, 0x9C, 0xDC, 0xBA, 0xBB, 0x66, 0xFC, 0xCC, 0x6D, 0x92, 0x7A, 0x72, 0xE1, 0xE0, 0xBF, 0x52,
    0x73, 0x64, 0x9D, 0x33, 0x3A, 0x69, 0x1E, 0x75, 0xBE, 0x7C, 0x96, 0xFA, 0xFE, 0xDD, 0xFE, 0xCB,
    0x7B, 0x8F, 0x47, 0xC8, 0x2F, 0x7C, 0xAB, 0x3E, 0x2A, 0xF9, 0xFA, 0x7D, 0x34, 0x8B, 0xD5, 0x57,
    0xEF, 0x5B, 0xE5, 0x6A, 0x1B, 0xAB, 0x2A, 0x7C, 0x5F, 0xCB, 0x71, 0x2E, 0x7A, 0xC0, 0x3D, 0x22,
    0x42, 0xD2, 0x69, 0x4F, 0xC0, 0xDE, 0x37, 0x1A, 0x3E, 0x43, 0x8E, 0x14, 0xA8, 0x07, 0x4A, 0xCD,
    0xE9, 0xFB, 0x04, 0x00, 0xDC, 0x5F, 0x44, 0x6C, 0xA4, 0x17, 0x08, 0x2B, 0xF2, 0x09, 0x9C, 0x86,
    0x0D, 0x7A, 0x61, 0xB5, 0x71, 0x16, 0xFA, 0x3C, 0xA5, 0x08, 0x64, 0xC3, 0x1D, 0x76, 0x0A, 0xE7,
    0xBE, 0x6A, 0xC6, 0x91, 0xED, 0x6A, 0xB5, 0x09, 0xF7, 0xC2, 0x03, 0x5C, 0x90, 0x03, 0xD2, 0x21,
    0xAC, 0x66, 0xBC, 0x04, 0x82, 0x19, 0x00, 0xC4, 0x2B, 0x7E, 0x01, 0x0F, 0xA0, 0x38, 0x37, 0xC8,
    0xCA, 0x1D, 0x0F, 0x5C, 0xA4, 0x8E, 0xFC, 0x9E, 0xF8, 0x84, 0xA3, 0x32, 0x85, 0x4D, 0x8D, 0xAB,
    0xFA, 0xB2, 0xFA, 0xEE, 0xFB, 0xE9, 0xD1, 0xE3, 0xAA, 0x8E, 0xD0, 0xF7, 0xEF, 0xE3, 0x38, 0xC6,
    0x2F, 0x1E, 0xDF, 0x6A, 0x40, 0x10, 0xB3, 0x16, 0xC5, 0x1E, 0x09, 0x3C, 0x9C, 0xE5, 0x7F, 0x44,
    0xBC, 0x85, 0x80, 0x1E, 0x2B, 0xD6, 0x48, 0xB0, 0x2A, 0x77, 0x9C, 0x17, 0xB1, 0x41, 0x8B, 0x73,
    0x9F, 0x9E, 0x6B, 0xFA, 0x04, 0x34, 0x15, 0x27, 0x7F, 0xB4, 0x79, 0xFE, 0xBD, 0xE7, 0x2D, 0x2F,
    0x27, 0x18, 0xEC, 0xBC, 0xF7, 0x7B, 0x5E, 0xC9, 0x38, 0xE5, 0x7A, 0x34, 0x01, 0xE7, 0xBC, 0xF2,
    0xC9, 0xCA, 0xE5, 0x78, 0xEC, 0x98, 0x6E, 0xE1, 0x3B, 0x64, 0x5A, 0x81, 0x4E, 0xC7, 0x5D, 0xCF,
    0xEB, 0xD5, 0xEE, 0xBE, 0xC3, 0xD7, 0x63, 0xF2, 0xCA, 0x6D, 0xCF, 0xA8, 0x07, 0x14, 0x06, 0x48,
    0x90, 0xFF, 0x9E, 0xF1, 0x9C, 0xE8, 0x0D, 0x71, 0x99, 0xF1, 0xDE, 0xA4, 0x04, 0x7C, 0x0C, 0xBA,
    0x19, 0x6E, 0xF2, 0xA3, 0x62, 0x38, 0x5A, 0xDC, 0x6F, 0xCB, 0xDB, 0xB7, 0x98, 0x33, 0x2E, 0xFB,
    0xC4, 0x21, 0xB0, 0x81, 0x09, 0x52, 0x1C, 0x7B, 0x3A, 0xDD, 0xCB, 0x19, 0x53, 0x82, 0xE2, 0x15,
    0xC2, 0x6A, 0x85, 0xD7, 0x60, 0x8D, 0xAE, 0x6C, 0x61, 0x0D, 0x7F, 0x1E, 0x48, 0xB5, 0x38, 0x76,
    0xD7, 0x5C, 0x87, 0x14, 0x42, 0xE0, 0xF5, 0x4F, 0x5E, 0xFB, 0x88, 0x7A, 0xE9, 0x38, 0xEB, 0x79,
    0x40, 0xFC, 0x5B, 0x76, 0x7C, 0xD4, 0x53, 0xC9, 0xE3, 0xDA, 0x11, 0xFF, 0xDD, 0x83, 0xEE, 0x1E,
    0x53, 0x1D, 0x27, 0x20, 0x09, 0x88, 0xF5, 0x4F, 0x76, 0x89, 0xEE, 0xFA, 0xDC, 0xD5, 0x18, 0x08,
    0xC2, 0x0B, 0xB2, 0xBB, 0xB1, 0xD1, 0x0D, 0xED, 0xF2, 0xEE, 0x91, 0xA6, 0x08, 0xAB, 0x90, 0xB5,
    0xF6, 0xC5, 0xA4, 0xD4, 0xDD, 0xCA, 0xEA, 0xD3, 0x95, 0xD4, 0x7A, 0x58, 0xB7, 0x95, 0x3B, 0x8B,
    0xF4, 0x1E, 0xD9, 0x0A, 0x46, 0x10, 0x4F, 0x84, 0x16, 0x04, 0x53, 0x0C, 0x4F, 0x6F, 0xAF, 0xD3,
    0x9A, 0x77, 0x47, 0xE5, 0xFD, 0xD8, 0xB5, 0xF5, 0xFE, 0xB2, 0x86, 0x22, 0x91, 0xB7, 0x5B, 0x1B,
    0xE1, 0x7F, 0x6D, 0xED, 0x2B, 0xF9, 0x00, 0xA0, 0x35, 0x25, 0x88, 0x98, 0x90, 0xC2, 0x9B, 0xE9,
    0x67, 0x62, 0x69, 0x59, 0x75, 0x57, 0xFE, 0xFD, 0x4A, 0xEE, 0xC2, 0x1A, 0x1C, 0xF9, 0xB1, 0xB7,
    0xEE, 0xC3, 0xF8, 0x0D, 0xFD, 0x7D, 0x25, 0xBF, 0xD0, 0xBF, 0xA5, 0xB9, 0x37, 0x03, 0xD3, 0x85,
    0xAC, 0x15, 0x68, 0x12, 0x7A, 0xBF, 0xE8, 0xD0, 0xE5, 0xAD, 0x64, 0xE2, 0x82, 0x46, 0x5E, 0x4F,
    0xBA, 0xC9, 0xD3, 0x5A, 0x76, 0x61, 0xD1, 0xAD, 0x27, 0x4C, 0xAF, 0x6F, 0x76, 0x2E, 0x12, 0x9C,
    0xF5, 0xF4, 0xB8, 0x69, 0x08, 0x59, 0xE5, 0xC8, 0x61, 0xB5, 0x37, 0xDD, 0xC4, 0x59, 0x5B, 0xC2,
    0x47, 0xE5, 0xE9, 0x97, 0x81, 0x6B, 0xA3, 0x03, 0x58, 0xD3, 0xF1, 0xE1, 0x56, 0x2D, 0x5A, 0xA7,
    0xA7, 0x9A, 0x30, 0x20, 0xBE, 0xD4, 0x6C, 0xBC, 0xBF, 0xD0, 0x7C, 0x1D, 0xA1, 0xD4, 0x72, 0x82,
    0x54, 0x4A, 0x88, 0x41, 0x40, 0x3C, 0xE8, 0x32, 0x07, 0x70, 0x7C, 0x11, 0xC4, 0x27, 0x42, 0x2F,
    0xAC, 0x86, 0x57, 0x36, 0xAE, 0xB7, 0xB7, 0xB4, 0xD8, 0x2B, 0xF3, 0xF9, 0x17, 0x81, 0x5B, 0xCA,
    0xD6, 0xD7, 0x9A, 0xFB, 0xBE, 0x77, 0x43, 0x79, 0x2F, 0xB7, 0xD7, 0xFA, 0x5E, 0x44, 0xF1, 0x9F,
    0xDB, 0x16, 0x24, 0x7C, 0xC0, 0x4F, 0x5D, 0xA6, 0x0C, 0x1F, 0x75, 0xCF, 0x22, 0xB4, 0x56, 0xF1,
    0x2B, 0xFD, 0x1B, 0x9A, 0xE7, 0x5F, 0x1F, 0x2E, 0x64, 0xDF, 0x2A, 0x63, 0xC5, 0xD2, 0x08, 0x5E,
    0x63, 0xD7, 0x67, 0xC8, 0x2B, 0x66, 0x28, 0xA4, 0x19, 0xEB, 0xEF, 0xA3, 0x66, 0xC9, 0x59, 0x58,
    0x25, 0x56, 0x39, 0x2D, 0x51, 0x0A, 0xD7, 0x24, 0x34, 0x26, 0x1F, 0x43, 0x1F, 0xA1, 0xF4, 0x0A,
    0x27, 0xFC, 0xB4, 0x2C, 0x7D, 0xE6, 0x22, 0x7F, 0x42, 0x04, 0x31, 0x88, 0xB5, 0x4C, 0xD4, 0x79,
    0x56, 0x6D, 0xFD, 0x23, 0x41, 0xAB, 0xC9, 0xD1, 0x47, 0xA6, 0x27, 0x7B, 0x52, 0x0E, 0x10, 0xD8,
    0xEF, 0x09, 0xAF, 0xCC, 0x34, 0x13, 0xCA, 0x69, 0x91, 0xFA, 0x73, 0xD6, 0xC6, 0x3E, 0xB6, 0x00,
    0x74, 0xD7, 0x0C, 0xF0, 0xD3, 0xB3, 0xBF, 0xFD, 0xB7, 0x5B, 0x33, 0xCE, 0x07, 0xCF, 0xAE, 0x27,
    0xC7, 0x27, 0x7B, 0x93, 0xE8, 0x31, 0xC1, 0xEA, 0xDF, 0xDD, 0xF4, 0x33, 0x2B, 0x77, 0xB0, 0x01,
    0xE8, 0xCD, 0x2E, 0xD7, 0xE7, 0x59, 0x30, 0xC0, 0x0B, 0x72, 0xCB, 0xEF, 0x75, 0xF8, 0xDA, 0xE1,
    0xE8, 0x63, 0x66, 0x49, 0x6C, 0x17, 0x00, 0xFE, 0x07, 0xAD, 0x96, 0xCF, 0x8A, 0xEB, 0x3A, 0x0C,
    0xC6, 0x7F, 0xA0, 0x6D, 0x40, 0xAF, 0x62, 0xE8, 0x56, 0xA0, 0x57, 0x17, 0x74, 0x3B, 0x30, 0xAF,
    0x22, 0xE8, 0xD6, 0xA0, 0xDB, 0xD8, 0x0D, 0x49, 0xEE, 0xF4, 0xB4, 0xA7, 0xC3, 0xD1, 0xF7, 0x29,
    0xCC, 0x44, 0xFF, 0x9A, 0x44, 0x96, 0x8D, 0x76, 0xA5, 0xEA, 0x5B, 0x52, 0xAE, 0x8A, 0x74, 0x87,
    0xB4, 0x87, 0x26, 0x12, 0x53, 0x35, 0x3A, 0x8A, 0xD1, 0xF1, 0x4A, 0xA4, 0x80, 0x32, 0xAD, 0xEE,
    0xF2, 0x65, 0x92, 0x29, 0xB1, 0x52, 0x49, 0xA7, 0x3A, 0x1E, 0x28, 0x9A, 0x0F, 0x6D, 0x86, 0x87,
    0xB1, 0x23, 0x8F, 0x90, 0xA0, 0x6B, 0xE0, 0x05, 0x9A, 0xA0, 0xD4, 0xE0, 0xCD, 0xA4, 0x9B, 0xC4,
    0x9D, 0xA9, 0x91, 0x4E, 0x15, 0xFE, 0x0D, 0x17, 0x16, 0x00, 0xF3, 0x8B, 0x0C, 0x2C, 0x77, 0xB4,
    0x15, 0xE6, 0x4C, 0x19, 0x3E, 0xC6, 0x85, 0x8B, 0xEF, 0x1E, 0x67, 0xBB, 0x2C, 0x82, 0xA0, 0x27,
    0xBB, 0x3A, 0x07, 0x69, 0xDE, 0xE4, 0x80, 0x6B, 0xBB, 0xBA, 0xB1, 0xCB, 0x7A, 0x8F, 0xA6, 0x47,
    0x1F, 0xBF, 0xB2, 0x90, 0x0C, 0x31, 0x59, 0x64, 0x61, 0xD1, 0x45, 0x76, 0xD4, 0xC1, 0x0E, 0xED,
    0x7B, 0xCD, 0x69, 0x77, 0x5C, 0xEE, 0x68, 0xB7, 0x3B, 0xBE, 0xD8, 0x65, 0xAD, 0x18, 0xF6, 0x3D,
    0xEC, 0x03, 0xAB, 0xB7, 0xEC, 0xF1, 0x82, 0xC0, 0x45, 0x6D, 0xDC, 0x1F, 0xD8, 0xEC, 0x99, 0xF3,
    0xE5, 0x0F, 0x49, 0x24, 0xD1, 0x44, 0x0D, 0x1B, 0x4C, 0x93, 0x3B, 0x63, 0x7C, 0xB7, 0xEA, 0x86,
    0xE5, 0xA0, 0x2A, 0xD2, 0x21, 0x01, 0x28, 0xB4, 0x42, 0x25, 0xF0, 0xD0, 0xC2, 0x95, 0xAE, 0xA4,
    0x8D, 0xAF, 0x6A, 0x64, 0x7A, 0x28, 0x20, 0xB1, 0x42, 0x19, 0x38, 0x7F, 0xD7, 0xCD, 0xE7, 0xA9,
    0x0D, 0x33, 0xD0, 0x04, 0x09, 0x86, 0x68, 0x87, 0xAA, 0x90, 0x94, 0x50, 0x24, 0xFF, 0xB6, 0xF7,
    0x7E, 0xFE, 0x62, 0x1F, 0xBD, 0xF2, 0xB3, 0x0F, 0x8F, 0x6F, 0x44, 0xD1, 0x49, 0xC3, 0x36, 0x5A,
    0x92, 0x0F, 0x4A, 0x74, 0x0D, 0x2F, 0x34, 0x91, 0x6B, 0x50, 0x60, 0x33, 0x2A, 0x27, 0x4D, 0xE2,
    0x49, 0x47, 0x56, 0x00, 0x33, 0xC1, 0x67, 0x25, 0x0A, 0x80, 0x5B, 0xAC, 0x7C, 0x5B, 0x45, 0x02,
    0x05, 0xE3, 0x77, 0xB5, 0xB6, 0xF0, 0x4F, 0x2A, 0x1E, 0x3B, 0xE9, 0xF3, 0x8A, 0xE3, 0x05, 0x7E,
    0x5A, 0x11, 0x8C, 0xDF, 0x57, 0x0C, 0xC8, 0xCF, 0x2A, 0xEE, 0xBD, 0x3E, 0xE8, 0x75, 0xEE, 0x1C,
    0x4F, 0x60, 0xD6, 0xFF, 0x68, 0x39, 0x1D, 0xBF, 0xEC, 0xDB, 0x15, 0xB5, 0x55, 0x19, 0xFC, 0x45,
    0x95, 0xFC, 0xAB, 0x75, 0xBB, 0x95, 0x01, 0xA8, 0xEA, 0xC8, 0x7A, 0x51, 0x07, 0xD4, 0x00, 0xDB,
    0x2E, 0x64, 0x55, 0xC8, 0xB8, 0x44, 0x82, 0x56, 0x82, 0x57, 0x82, 0x49, 0x40, 0x4A, 0xD5, 0xB8,
    0xEC, 0xE9, 0x6A, 0xAD, 0x56, 0xA9, 0xAB, 0xBB, 0x47, 0x6A, 0x55, 0xB8, 0x42, 0x57, 0x48, 0x97,
    0xA8, 0xF5, 0x7F, 0xE9, 0xDB, 0x3A, 0x47, 0x52, 0x59, 0xE1, 0x80, 0x3D, 0x34, 0xB5, 0xA6, 0x62,
    0x74, 0x2A, 0x8C, 0x8A, 0xB1, 0xCE, 0x7B, 0x82, 0x9B, 0x54, 0xD7, 0x30, 0x25, 0x6D, 0x52, 0xD2,
    0x34, 0xBC, 0xA2, 0xAA, 0xDF, 0x39, 0xBF, 0x96, 0x9E, 0xD7, 0x39, 0xDA, 0xA9, 0x92, 0x54, 0x45,
    0x1D, 0x6C, 0x30, 0xB5, 0x56, 0x62, 0x1D, 0x33, 0xD2, 0x2B, 0xA5, 0xE7, 0xA1, 0x4D, 0x5F, 0xD5,
    0xD2, 0x5B, 0xA0, 0x9C, 0x6A, 0xE1, 0x01, 0x0A, 0x1C, 0xA6, 0xA1, 0x84, 0xA1, 0x92, 0xA8, 0x06,
    0x6A, 0xA0, 0x09, 0xDE, 0xC1, 0x15, 0x4C, 0x62, 0x68, 0x0E, 0xD8, 0x50, 0xB3, 0xAD, 0x71, 0x41,
    0xE2, 0x41, 0x05, 0x95, 0x50, 0x45, 0x87, 0xD5, 0x93, 0xAD, 0x0D, 0x66, 0x2F, 0xFF, 0x7A, 0x66,
    0xA2, 0x40, 0x07, 0x89, 0xA9, 0xF4, 0xF7, 0xB3, 0x13, 0x0D, 0x8C, 0x95, 0xBA, 0x2D, 0x08, 0xFE,
    0xE9, 0x0F, 0x90, 0x82, 0x0F, 0x7F, 0xC6, 0xD2, 0x46, 0x30, 0xDE, 0x69, 0x84, 0x20, 0xC9, 0xB2,
    0xA2, 0x99, 0x26, 0x0F, 0xD9, 0x7C, 0xF4, 0xFF, 0x3E, 0x8B, 0xA6, 0xAA, 0x74, 0x12, 0xCE, 0x9B,
    0x96, 0xC4, 0x84, 0x52, 0x74, 0x00, 0xDE, 0x9E, 0x33, 0x80, 0x97, 0xE7, 0x0C, 0x84, 0x3F, 0x9F,
    0x33, 0x12, 0xF9, 0xB8, 0x5B, 0x47, 0xC8, 0xC7, 0xDD, 0xBA, 0x49, 0x8B, 0x81, 0x2F, 0xFF, 0x6A,
    0x1B, 0x1A, 0x07, 0xB9, 0xA4, 0x2D, 0x6D, 0x45, 0x6B, 0x71, 0xC1, 0x68, 0x03, 0x40, 0x02, 0xC6,
    0xA9, 0xDB, 0x07, 0x52, 0x42, 0x53, 0x51, 0xDB, 0xD5, 0xCC, 0x30, 0xDD, 0x35, 0x25, 0xA7, 0x72,
    0x1E, 0xD0, 0xEA, 0xA1, 0x35, 0x46, 0xF1, 0x69, 0x34, 0x33, 0x78, 0x7E, 0x3B, 0x24, 0xB2, 0xAC,
    0xFC, 0xEB, 0xC9, 0x88, 0x82, 0x41, 0x02, 0x60, 0x70, 0x1D, 0xB4, 0xB7, 0x23, 0x92, 0x04, 0x24,
    0x00, 0xE5, 0x9F, 0x0E, 0x4B, 0x72, 0xE6, 0x55, 0x3E, 0x1B, 0x9A, 0x18, 0x70, 0x3A, 0x2C, 0x19,
    0x55, 0x39, 0xD7, 0x9D, 0xA6, 0x63, 0x69, 0x64, 0x9A, 0x44, 0x8E, 0x64, 0xF3, 0x8F, 0xB8, 0x3D,
    0x9A, 0xD8, 0x2B, 0xB9, 0x15, 0x3F, 0xEB, 0xEB, 0x2D, 0xE6, 0x30, 0x36, 0xE4, 0xDA, 0x51, 0x35,
    0xD4, 0x0C, 0xCD, 0x44, 0x25, 0xF1, 0x0A, 0x6E, 0x1D, 0x32, 0x97, 0x05, 0x40, 0x62, 0x74, 0xC5,
    0xFD, 0xE2, 0xBD, 0x2D, 0x13, 0x0C, 0xD9, 0x7D, 0x34, 0xDB, 0xC2, 0xA2, 0xD3, 0x6E, 0xFA, 0xB5,
    0xDD, 0x6B, 0xCB, 0xEB, 0xF8, 0xE9, 0xF3, 0x3C, 0x7E, 0xCB, 0x7D, 0x8F, 0x62, 0x85, 0x67, 0x63,
    0xC2, 0xFB, 0xB3, 0xFA, 0x23, 0x3F, 0x77, 0x2C, 0x9A, 0xFB, 0xBD, 0xD7, 0xF1, 0xD3, 0xE7, 0x69,
    0xFC, 0x9E, 0xBB, 0x13, 0x67, 0xE8, 0x8F, 0xFA, 0xF2, 0xC4, 0x3E, 0x73, 0xBE, 0x8E, 0x9F, 0x3E,
    0xCF, 0xE3, 0xCF, 0xCF, 0x76, 0x84, 0x26, 0xC0, 0x9F, 0x7D, 0x8E, 0xCF, 0xFF, 0x3A, 0xFE, 0xB9,
    0xCF, 0xF9, 0xF9, 0xFD, 0x61, 0xF3, 0x6C, 0xD1, 0x56, 0xF9, 0xF9, 0xFD, 0xB7, 0xE1, 0xC1, 0x86,
    0x3D, 0xF7, 0xEB, 0xF8, 0xE9, 0xF3, 0x3C, 0x7E, 0xCB, 0xDD, 0x96, 0xF7, 0xCF, 0xBF, 0x59, 0x9E,
    0xF4, 0xDF, 0xCB, 0xF8, 0xE9, 0xF3, 0x3C, 0x9E, 0x4A, 0xAD, 0xEE, 0x98, 0xAD, 0xC4, 0x13, 0x2D,
    0xF0, 0x40, 0x92, 0xED, 0xF8, 0x59, 0x15, 0x8F, 0x66, 0xCA, 0xC1, 0x06, 0x81, 0x1C, 0x77, 0x34,
    0xB6, 0xC3, 0xBE, 0x92, 0x4A, 0x75, 0x3C, 0xF7, 0xFD, 0x7E, 0x3A, 0x2F, 0x50, 0x95, 0x77, 0x92,
    0x48, 0xEC, 0x54, 0x76, 0xDA, 0x46, 0xB6, 0x3B, 0x33, 0xB0, 0xC1, 0x63, 0xDB, 0xCA, 0x4A, 0x3D,
    0xEC, 0x69, 0x1D, 0x03, 0x0C, 0x63, 0xA1, 0x11, 0x9C, 0x9F, 0x98, 0x85, 0xD4, 0xC6, 0x32, 0x90,
    0xCA, 0x90, 0xA3, 0xCF, 0x66, 0xD9, 0x3D, 0x9E, 0x1E, 0x7A, 0x26, 0x94, 0x03, 0xAA, 0xF0, 0xEA,
    0xD8, 0x01, 0xB9, 0xE3, 0xCF, 0x87, 0x1E, 0x7D, 0xB5, 0x25, 0xFC, 0x07, 0xB5, 0x96, 0x01, 0xC6,
    0x2C, 0x49, 0x10, 0x84, 0x3F, 0x12, 0x20, 0xC8, 0xAB, 0x04, 0x03, 0x30, 0xCC, 0xD5, 0x93, 0x06,
    0x18, 0xDE, 0x55, 0xEA, 0x00, 0x4D, 0xEF, 0x3C, 0x76, 0xD7, 0xDA, 0x55, 0x61, 0xFF, 0x66, 0x3E,
    0xA0, 0x84, 0x9A, 0x9C, 0x4A, 0x11, 0x99, 0xDD, 0xB0, 0x48, 0xAC, 0x26, 0x51, 0x23, 0x13, 0x69,
    0x79, 0x11, 0x79, 0x9D, 0x44, 0xAE, 0x8B, 0x80, 0x65, 0x75, 0xA8, 0x50, 0x53, 0x43, 0xE0, 0xF9,
    0x21, 0xBF, 0x0F, 0x33, 0xCC, 0x5E, 0x97, 0xF7, 0x15, 0xBA, 0x6D, 0x22, 0x56, 0xBA, 0x0F, 0x0C,
    0x43, 0xD0, 0x65, 0x59, 0x66, 0xC3, 0x5A, 0x12, 0x81, 0x9A, 0xC7, 0x3B, 0xF7, 0xAF, 0x97, 0x65,
    0xB1, 0x67, 0x8A, 0x9A, 0x54, 0x81, 0x29, 0x92, 0x5E, 0x30, 0xEC, 0x69, 0x0A, 0xF1, 0x63, 0x0A,
    0x06, 0xE7, 0xFF, 0x2D, 0x02, 0xD3, 0xB1, 0xEF, 0x45, 0xAD, 0x02, 0xEA, 0x44, 0x88, 0x84, 0x79,
    0x23, 0xCC, 0xF0, 0x03, 0x6A, 0x44, 0xE5, 0xFA, 0x74, 0xD0, 0x7B, 0x8A, 0xD8, 0x77, 0x7A, 0x8A,
    0x4C, 0xF0, 0x85, 0x50, 0x89, 0x15, 0x5D, 0x7B, 0xF0, 0x84, 0x6F, 0x26, 0xF3, 0xBE, 0xEF, 0x8A,
    0x1A, 0xDC, 0x93, 0x73, 0x47, 0xAA, 0x4F, 0x51, 0xE4, 0xB9, 0x96, 0x72, 0x73, 0xE8, 0xD0, 0x73,
    0xDD, 0x9F, 0x0B, 0x35, 0xB2, 0x95, 0xEE, 0xDF, 0xC8, 0xF5, 0x17, 0x26, 0x77, 0xD2, 0xAE, 0xEB,
    0xA7, 0x35, 0x7B, 0xDD, 0xAF, 0x88, 0x99, 0x42, 0x98, 0x7F, 0x21, 0x84, 0x31, 0xC3, 0x14, 0xF5,
    0xF7, 0x31, 0x51, 0x83, 0x71, 0x0D, 0x01, 0x2B, 0xF5, 0xA7, 0x97, 0x9C, 0x5E, 0xF3, 0x5C, 0x87,
    0x8A, 0xE7, 0xB3, 0x26, 0xA5, 0x80, 0x29, 0x0A, 0xA6, 0x72, 0x97, 0x03, 0x46, 0x14, 0x81, 0x3C,
    0xB9, 0x68, 0x7B, 0x80, 0xFB, 0x39, 0xE4, 0x61, 0x9B, 0x40, 0x48, 0xDF, 0x82, 0x9C, 0xB2, 0xEC,
    0xDD, 0xEC, 0x5F, 0x59, 0x86, 0xFC, 0x32, 0xA6, 0xDF, 0x8F, 0x55, 0x6C, 0xF1, 0xAB, 0xE6, 0x54,
    0xCC, 0x58, 0xF0, 0x7C, 0x40, 0x7A, 0x5D, 0xCA, 0x7B, 0x79, 0x31, 0xEF, 0x0F, 0x40, 0x0D, 0x00,
    0xD4, 0xAF, 0x63, 0xC9, 0xA2, 0x97, 0x4E, 0x59, 0xFA, 0xF5, 0x39, 0xFB, 0x1F, 0x9F, 0x71, 0x35,
    0x16, 0x7F, 0x9D, 0x1F, 0x1F, 0x18, 0x9C, 0x1C, 0x50, 0x23, 0x44, 0x4D, 0x9A, 0x32, 0x8F, 0xF7,
    0x46, 0x8F, 0xC8, 0x35, 0x72, 0xDA, 0xDD, 0x05, 0x13, 0x77, 0xFF, 0xD6, 0x77, 0x83, 0x91, 0xFD,
    0x3E, 0xEA, 0x7F, 0xE4, 0xB8, 0x69, 0x7E, 0xCC, 0xC3, 0x3D, 0xAF, 0xD5, 0x93, 0xF3, 0xFD, 0x5C,
    0x4C, 0xD1, 0x67, 0x48, 0xD8, 0x0D, 0x0C, 0x6A, 0x58, 0x5C, 0xD7, 0x7F, 0xCF, 0x37, 0xA9, 0xEB,
    0x1A, 0xBE, 0x49, 0xA8, 0x59, 0x27, 0x52, 0x8D, 0xCD, 0x6B, 0xB8, 0xC3, 0x75, 0xD1, 0xB0, 0x0C,
    0xE2, 0xBB, 0x0C, 0xB0, 0x5E, 0xD7, 0x75, 0x02, 0x0B, 0x98, 0x5E, 0xFE, 0xCD, 0x6A, 0x6F, 0xCC,
    0x35, 0xF6, 0x6B, 0xBC, 0xDD, 0x6B, 0x05, 0x34, 0x45, 0xCF, 0xFE, 0xFE, 0x6F, 0x76, 0xBA, 0xFF,
    0x64, 0xFB, 0xFB, 0x4B, 0x08, 0x51, 0x1B, 0x1D, 0xE3, 0x5A, 0xF2, 0x4E, 0x17, 0xA2, 0x27, 0x4F,
    0xCA, 0x73, 0x1D, 0x3A, 0xC4, 0x86, 0x1E, 0x59, 0xEC, 0x64, 0xF1, 0xCA, 0x13, 0x06, 0x7F, 0xD0,
    0xD4, 0x56, 0xD5, 0x14, 0x9A, 0xDD, 0x86, 0xF9, 0x03, 0xA5, 0x59, 0xC1, 0xAA, 0xF5, 0x2C, 0x0C,
    0x1C, 0xC8, 0x36, 0xE0, 0xAB, 0x04, 0xDC, 0x16, 0x7C, 0x75, 0xE1, 0x6C, 0xFB, 0x30, 0xC2, 0xBF,
    0x15, 0xFA, 0x37, 0x48, 0xB8, 0x9E, 0xA1, 0x39, 0x5D, 0x7C, 0x33, 0x8B, 0x7B, 0x2E, 0x33, 0xB1,
    0xAD, 0x9A, 0xD4, 0x2A, 0x50, 0x80, 0x01, 0xB4, 0x69, 0x70, 0xB6, 0x61, 0x58, 0x6C, 0x13, 0x37,
    0xD4, 0xD4, 0x80, 0x4C, 0x0F, 0xB8, 0x2E, 0x10, 0xE7, 0x94, 0xC0, 0x01, 0xC7, 0x28, 0x88, 0x78,
    0xE6, 0x0E, 0x19, 0xAA, 0x7B, 0xFB, 0xAA, 0x32, 0x76, 0xBD, 0x0C, 0xD3, 0x9B, 0xEB, 0x6E, 0xD5,
    0x6E, 0x96, 0x6F, 0x7D, 0xA2, 0x7F, 0xB3, 0xEC, 0xF7, 0x9F, 0xE8, 0x1B, 0xE6, 0x7E, 0x6B, 0x8E,
    0xD2, 0x77, 0xB9, 0x75, 0x5B, 0x9C, 0xF6, 0x59, 0xEC, 0x5F, 0xF1, 0xD6, 0x17, 0x9B, 0xEB, 0x8B,
    0x6F, 0xFD, 0x23, 0x7B, 0xFF, 0xD8, 0xE1, 0xD1, 0x15, 0x15, 0x07, 0xAA, 0xB7, 0x66, 0xA6, 0xB8,
    0x11, 0xE3, 0x63, 0x6A, 0xC7, 0xCD, 0xD3, 0xCE, 0xAA, 0x55, 0x8F, 0x9B, 0x4B, 0x8F, 0x9E, 0x30,
    0x31, 0xD1, 0x1B, 0x62, 0x62, 0xFE, 0x74, 0x82, 0x82, 0x1D, 0x26, 0xCC, 0x76, 0xB9, 0x2F, 0x74,
    0xE9, 0x6A, 0x6A, 0xDE, 0x5A, 0x9B, 0xA6, 0x8B, 0xD8, 0xD0, 0x46, 0x8C, 0x7F, 0xA8, 0x6D, 0x90,
    0xAE, 0xCE, 0x44, 0x7F, 0x1D, 0x7F, 0x4C, 0x51, 0xE7, 0x82, 0xC7, 0x5F, 0x57, 0x97, 0x2E, 0x21,
    0xBF, 0xCD, 0x3F, 0xEF, 0x71, 0x3D, 0xF5, 0x94, 0x21, 0xC3, 0xFF, 0xFA, 0xFF, 0x3C, 0x7F, 0x70,
    0xB3, 0x0C, 0x18, 0x14, 0x34, 0x7F, 0xF2, 0xFE, 0x05, 0xD4, 0xA4, 0xE7, 0x7A, 0x20, 0x1B, 0xBF,
    0x80, 0x4C, 0xD1, 0x3F, 0x3A, 0x28, 0x5E, 0x4D, 0x8F, 0x1B, 0xF5, 0xAC, 0x27, 0xF7, 0x7F, 0xE8,
    0x31, 0x3A, 0x41, 0x7E, 0xBE, 0x6F, 0x16, 0xEE, 0x7F, 0x65, 0x26, 0xE3, 0x87, 0xE0, 0x43, 0xFB,
    0xA1, 0x71, 0xFB, 0x58, 0xB3, 0x89, 0xB8, 0xE1, 0x65, 0x7E, 0xF6, 0x32, 0xED, 0x13, 0x8C, 0x5C,
    0xE5, 0xE7, 0x57, 0xF3, 0xB1, 0xF8, 0x9B, 0xA9, 0xA4, 0x13, 0xDB, 0x05, 0x81, 0x3C, 0xE8, 0x47,
    0x39, 0xA1, 0x4E, 0x9A, 0x3F, 0xC4, 0x76, 0xED, 0xFA, 0x47, 0x99, 0xD7, 0x57, 0xFB, 0x0D, 0x9C,
    0xDF, 0x32, 0x1F, 0xC7, 0x4F, 0xED, 0x5C, 0x6C, 0xFA, 0xA5, 0xE3, 0x77, 0x7E, 0x95, 0x6E, 0x06,
    0x85, 0x96, 0x09, 0x75, 0x72, 0x7D, 0xB2, 0x51, 0xD5, 0xD9, 0xB4, 0xEA, 0xA2, 0x51, 0x7D, 0x5C,
    0xAD, 0x96, 0x19, 0xB3, 0x2F, 0xFA, 0x8F, 0x73, 0xE4, 0x76, 0x46, 0x2F, 0x05, 0x54, 0x86, 0x6E,
    0xF7, 0x46, 0xF3, 0x8B, 0xE6, 0x50, 0xB8, 0x5A, 0xE8, 0x69, 0x0D, 0x60, 0xC8, 0x76, 0x6F, 0x3E,
    0x7E, 0x26, 0x78, 0x98, 0x83, 0xAB, 0x15, 0xBE, 0x7E, 0x8C, 0x61, 0x54, 0x80, 0xC8, 0x7F, 0x8E,
    0x8F, 0x0A, 0xF0, 0x18, 0x4F, 0x19, 0x0E, 0x6C, 0x15, 0x20, 0xD1, 0xB9, 0x06, 0x50, 0xFE, 0xD3,
    0xF3, 0x51, 0xFE, 0x13, 0xB8, 0x02, 0xB0, 0xCE, 0x15, 0x80, 0xF5, 0xF2, 0x36, 0x3E, 0x11, 0x99,
    0xC4, 0xD7, 0x71, 0x68, 0x68, 0x87, 0xD6, 0xF1, 0x58, 0x03, 0x60, 0xE0, 0xFE, 0x4F, 0x6B, 0xC0,
    0x0E, 0xCA, 0x61, 0x81, 0x40, 0x71, 0x84, 0xE4, 0xEE, 0x55, 0x03, 0xB8, 0x0A, 0x50, 0x7C, 0x54,
    0x80, 0xBC, 0x7F, 0x38, 0xFF, 0x37, 0x9D, 0x2B, 0x00, 0x21, 0xCB, 0xFF, 0x40, 0x96, 0xFF, 0x54,
    0x03, 0x26, 0xE5, 0x3F, 0x8F, 0x9F, 0x52, 0xFE, 0x53, 0x0D, 0xE0, 0xFC, 0xE1, 0x1A, 0x50, 0x26,
    0xE5, 0x3F, 0xD5, 0x80, 0xC6, 0xF9, 0x9F, 0xD4, 0x80, 0xE8, 0xBF, 0x58, 0x61, 0xE4, 0xF9, 0xE5,
    0x41, 0xB9, 0xEE, 0x30, 0x5C, 0xB0, 0x6D, 0xFE, 0x2C, 0x42, 0x31, 0x7E, 0xAD, 0x01, 0x19, 0x6B,
    0x0D, 0xD8, 0x06, 0xAD, 0xFF, 0x68, 0xFE, 0xF9, 0xDD, 0x72, 0xFE, 0xAE, 0x99, 0x22, 0xC9, 0xFA,
    0x2E, 0x9E, 0x80, 0x75, 0xEA, 0x7A, 0x6F, 0xD7, 0x76, 0x5A, 0x2F, 0x78, 0x58, 0x03, 0x4E, 0x5E,
    0xFF, 0x05, 0x68, 0x05, 0x38, 0x5F, 0xFB, 0x27, 0x30, 0x4A, 0x5E, 0x3F, 0x62, 0x7C, 0xD2, 0xFA,
    0x13, 0xB9, 0x9E, 0xE7, 0x57, 0x40, 0xBF, 0xB0, 0xF2, 0x2B, 0x7B, 0xFF, 0xD5, 0x53, 0x0D, 0x0C,
    0xE4, 0xBA, 0xA0, 0x8D, 0x5F, 0xEF, 0x3F, 0xBD, 0xD9, 0xBA, 0x42, 0x51, 0x86, 0x3A, 0x78, 0xFD,
    0x75, 0xD8, 0xA7, 0xA2, 0xA2, 0xCD, 0x0A, 0xA7, 0x7D, 0x2C, 0x6E, 0x9E, 0x3C, 0x6D, 0xB2, 0x1E,
    0x33, 0x40, 0x4C, 0x4C, 0xB5, 0x1C, 0x5E, 0xFD, 0x9D, 0x20, 0xFC, 0x39, 0x58, 0x5F, 0x63, 0x57,
    0xED, 0xA6, 0xB6, 0xE3, 0x48, 0xE2, 0x2D, 0x1C, 0x0F, 0xF1, 0x65, 0xAE, 0xD5, 0x0D, 0xBA, 0x0C,
    0xBE, 0xFE, 0xEE, 0x11, 0x5B, 0x75, 0x8E, 0xF5, 0x7A, 0x55, 0xA9, 0x62, 0x67, 0x33, 0x9B, 0x75,
    0xA1, 0xEE, 0x7A, 0x78, 0x76, 0xC7, 0xFE, 0x7E, 0xE2, 0xF5, 0xAD, 0xFF, 0x32, 0xD8, 0xE6, 0xD8,
    0xDF, 0x7F, 0xAC, 0x03, 0x54, 0x77, 0xB9, 0x7E, 0xE7, 0x3E, 0x7A, 0xF7, 0xB4, 0x99, 0xBF, 0x7F,
    0xA2, 0x7E, 0x3C, 0xE9, 0x56, 0xCC, 0x1C, 0xDA, 0x9D, 0xC2, 0xA5, 0x75, 0x5B, 0x63, 0x87, 0x63,
    0xE9, 0xC7, 0x21, 0xF2, 0x16, 0x1F, 0x1E, 0x8E, 0xDF, 0xA1, 0x3E, 0xEB, 0x3E, 0xCE, 0x5A, 0xEB,
    0xE1, 0xE3, 0xAC, 0xC6, 0x7D, 0xA0, 0xB9, 0xBE, 0xC6, 0x54, 0x36, 0xAE, 0xFE, 0x09, 0xB0, 0x27,
    0x74, 0xEF, 0x93, 0x22, 0x1D, 0x06, 0xFF, 0x7D, 0x2C, 0x65, 0xB1, 0x6C, 0xF3, 0x9B, 0x5D, 0xA1,
    0xC7, 0x5B, 0xF7, 0x3D, 0x7F, 0xD9, 0x45, 0x3A, 0xAF, 0xEF, 0x51, 0xA2, 0x16, 0x82, 0x3D, 0xB9,
    0x2E, 0x8A, 0x61, 0xA6, 0xA7, 0x88, 0xF4, 0xAD, 0xF5, 0xDE, 0x3A, 0x95, 0x12, 0xEE, 0xF8, 0x8F,
    0x20, 0x47, 0xE9, 0x86, 0xF2, 0x53, 0x87, 0x49, 0x47, 0xAE, 0xC3, 0x46, 0x2F, 0x78, 0x83, 0x00,
    0xD0, 0x0E, 0xB9, 0xA9, 0x5D, 0xFF, 0xEA, 0x22, 0xD0, 0x4F, 0x88, 0x6D, 0xCE, 0xE5, 0xF9, 0x68,
    0x77, 0xFF, 0x1F, 0x3C, 0xB6, 0x1B, 0x3E, 0xBD, 0x47, 0x3D, 0x0F, 0xA1, 0x01, 0x53, 0xB0, 0x61,
    0xFC, 0xD7, 0xD1, 0x7B, 0x77, 0x3F, 0xF2, 0xEF, 0xCB, 0x02, 0x85, 0x21, 0x5F, 0x7F, 0x86, 0xEE,
    0x80, 0xA2, 0x41, 0xB1, 0xD5, 0xD7, 0x83, 0xF3, 0x2F, 0x5C, 0xE1, 0x70, 0x9D, 0xD6, 0xEE, 0xA7,
    0x59, 0x3B, 0x0D, 0x41, 0xE4, 0xEB, 0xC3, 0xF3, 0xB0, 0xEA, 0xCE, 0x68, 0x56, 0x5F, 0xBF, 0xEF,
    0xD9, 0x43, 0xBA, 0x5C, 0x82, 0xC5, 0x36, 0xE2, 0x17, 0x23, 0x3C, 0xE1, 0xE0, 0x6F, 0x0B, 0xFE,
    0x82, 0xC2, 0x00, 0x79, 0xC2, 0x41, 0x7A, 0xB6, 0x7F, 0x20, 0x90, 0xE4, 0xFB, 0x82, 0xF4, 0x64,
    0x7F, 0xA1, 0x97, 0xE4, 0xFB, 0x83, 0xF4, 0x6C, 0xFF, 0xC0, 0x49, 0xF5, 0x8F, 0xF5, 0xBD, 0x7E,
    0xD6, 0x9B, 0xAD, 0x57, 0x73, 0x9A, 0x9A, 0x80, 0x60, 0xE5, 0xCF, 0xC1, 0xBA, 0x96, 0x66, 0x6A,
    0x3E, 0xF3, 0x0B, 0xB4, 0xAB, 0xA9, 0xEA, 0xD2, 0xC9, 0x93, 0xE9, 0xB3, 0x68, 0x12, 0x4F, 0x1E,
    0xD6, 0xF3, 0xFD, 0x8D, 0xC2, 0xFD, 0xBF, 0x3B, 0x58, 0xB7, 0x66, 0xE6, 0x68, 0xC3, 0x2C, 0x10,
    0xDA, 0xEE, 0xD9, 0x1D, 0xBC, 0xB6, 0xE3, 0x1D, 0x3E, 0x08, 0x8E, 0x47, 0xCF, 0x64, 0x5D, 0xD7,
    0xDA, 0x7B, 0xA3, 0x0E, 0xE9, 0x7B, 0x34, 0xBB, 0x48, 0xE7, 0xFA, 0x9B, 0xCE, 0x1F, 0x53, 0xD2,
    0xF3, 0xFD, 0x97, 0xC1, 0x49, 0x46, 0x9E, 0xD0, 0x69, 0x7F, 0x66, 0x73, 0x10, 0x54, 0x97, 0xE3,
    0xC1, 0x43, 0xF1, 0x65, 0xBE, 0xC4, 0x87, 0xA3, 0x67, 0xFB, 0x3B, 0xD9, 0xF8, 0x87, 0x83, 0xF5,
    0xEB, 0x54, 0x42, 0xB9, 0x42, 0x27, 0x0F, 0xE9, 0xE9, 0xFE, 0x50, 0xE1, 0x78, 0x72, 0x2C, 0x9D,
    0xB4, 0xAA, 0xF5, 0x56, 0x45, 0xC5, 0x5B, 0x20, 0xEC, 0x0E, 0xD6, 0xCD, 0x49, 0x5F, 0x08, 0x20,
    0xB0, 0xE3, 0x69, 0xFF, 0xA7, 0xAC, 0x7D, 0x66, 0x95, 0xA8, 0x6E, 0xEC, 0x09, 0x07, 0xE9, 0x8F,
    0xF1, 0x1D, 0x3D, 0x8F, 0x0F, 0x3D, 0xDF, 0x7F, 0x8F, 0x79, 0x51, 0x66, 0xB6, 0x3F, 0x1B, 0xB3,
    0x42, 0x46, 0xBA, 0x7F, 0x43, 0xF5, 0xF1, 0xD8, 0xEB, 0xBB, 0x62, 0xB0, 0x27, 0x1C, 0xA1, 0xA7,
    0xFB, 0xAF, 0xDB, 0xFB, 0x95, 0x3D, 0xAC, 0x73, 0x7D, 0xCA, 0xAE, 0x4F, 0x8E, 0xD0, 0x93, 0x78,
    0xBE, 0x3E, 0xC5, 0x87, 0x9E, 0xCF, 0xCF, 0x83, 0xF3, 0x9B, 0x1C, 0xBB, 0xCE, 0xFB, 0xCB, 0xC9,
    0xF5, 0x37, 0x07, 0xE9, 0x32, 0x78, 0x7C, 0x65, 0x6C, 0x5F, 0x9F, 0xE9, 0xF9, 0x41, 0x38, 0x92,
    0xFD, 0xC5, 0xD8, 0x5B, 0x48, 0xE3, 0xC3, 0x93, 0xC5, 0x07, 0xE4, 0xD2, 0xF5, 0xF5, 0x7D, 0x45,
    0x1D, 0xB7, 0x0B, 0x04, 0x5F, 0x7F, 0xE3, 0x53, 0x96, 0xE3, 0x53, 0xE6, 0x7E, 0x77, 0xF9, 0xF9,
    0x42, 0x78, 0x7E, 0xEF, 0x3F, 0xAE, 0x9A, 0xB4, 0x56, 0x39, 0x51, 0xA7, 0x40, 0x28, 0x63, 0x77,
    0x94, 0x41, 0xCF, 0x9F, 0xC6, 0x87, 0x27, 0x8F, 0xCF, 0xF3, 0x8B, 0x3C, 0x94, 0x5F, 0xA1, 0xE5,
    0xE7, 0x23, 0xE4, 0x49, 0xF7, 0x4F, 0xDB, 0x84, 0xA1, 0x0B, 0x64, 0x40, 0x9D, 0xF6, 0xB0, 0xFE,
    0x2C, 0xE4, 0x89, 0x5E, 0x4D, 0xCF, 0x5F, 0x02, 0xE1, 0x21, 0x47, 0xDC, 0xDB, 0x5B, 0x7C, 0x78,
    0xF2, 0xF8, 0xFC, 0xFC, 0x84, 0x3D, 0xAC, 0xFF, 0xEB, 0xF7, 0x2F, 0xB7, 0xCD, 0xF1, 0xE4, 0x09,
    0x07, 0xE9, 0x4B, 0xDB, 0xCE, 0x07, 0x36, 0x9D, 0x3D, 0x32, 0xBF, 0xF5, 0x32, 0xDF, 0xCF, 0x67,
    0xF2, 0xFD, 0x25, 0xFF, 0xFF, 0x2D, 0xDE, 0x3D, 0x59, 0x7C, 0x29, 0xF6, 0x1A, 0x1F, 0x9E, 0xEC,
    0xFA, 0x6F, 0xE7, 0x3B, 0xEC, 0x09, 0xC7, 0xEF, 0xF3, 0xC9, 0x83, 0x2D, 0xEE, 0x61, 0x9D, 0xDB,
    0x7E, 0x3A, 0xDF, 0x21, 0x4F, 0x53, 0xD6, 0x93, 0xEF, 0x1F, 0xEF, 0x85, 0x4E, 0x9E, 0x44, 0x4F,
    0xCE, 0xC7, 0x14, 0x96, 0xAF, 0x9F, 0x42, 0xE7, 0xF8, 0x36, 0xD5, 0xF2, 0xFD, 0xF5, 0x70, 0x84,
    0xFE, 0x3F, 0xAD, 0x97, 0xD1, 0xCA, 0xFB, 0x28, 0x10, 0xC5, 0x7F, 0x30, 0xB7, 0xC2, 0xBC, 0xCA,
    0xC0, 0x77, 0x3B, 0xE0, 0xAB, 0x0F, 0xF4, 0xB6, 0xD0, 0x57, 0x19, 0xD8, 0x5B, 0xC1, 0x6D, 0x13,
    0xB3, 0x9B, 0xEE, 0x36, 0xE4, 0x6F, 0xFA, 0x39, 0x47, 0x08, 0xD5, 0x78, 0x8E, 0x7A, 0xC6, 0x1A,
    0x48, 0x24, 0xD1, 0x44, 0x1D, 0x5F, 0x90, 0x2E, 0x4F, 0x84, 0x6B, 0x6F, 0xB5, 0x37, 0xC7, 0x73,
    0x01, 0x80, 0x2F, 0xE8, 0x68, 0x0F, 0x95, 0xA0, 0x86, 0x76, 0xAA, 0xD2, 0x94, 0x74, 0x7A, 0xA3,
    0x3A, 0x80, 0xC4, 0x0B, 0x46, 0xA1, 0x60, 0x48, 0x14, 0x2B, 0xF6, 0x44, 0xA9, 0xCD, 0xCA, 0x1A,
    0xAC, 0x25, 0x30, 0x8C, 0x00, 0x4D, 0x2B, 0x14, 0x5D, 0xDB, 0x5D, 0xEF, 0x30, 0xD8, 0x12, 0x89,
    0xED, 0xF9, 0x81, 0x28, 0x30, 0xA1, 0x58, 0x02, 0x05, 0x07, 0x40, 0xE1, 0x27, 0xB8, 0x05, 0x9C,
    0x4D, 0x40, 0x59, 0x48, 0xF3, 0x3A, 0x6F, 0x82, 0x83, 0x4E, 0xF2, 0x1A, 0x45, 0xAC, 0xC4, 0xCF,
    0xB3, 0x96, 0xB0, 0x67, 0xA9, 0x69, 0xA3, 0x00, 0x50, 0x10, 0xEE, 0x62, 0xA5, 0x1C, 0xAC, 0x97,
    0xDC, 0xD0, 0x86, 0x7D, 0xA1, 0xDB, 0x8D, 0x1E, 0xA2, 0xF3, 0xEB, 0x55, 0x83, 0x4C, 0xE0, 0x8A,
    0x9B, 0x12, 0x69, 0xA8, 0x02, 0x7F, 0xEA, 0xAC, 0x61, 0x0B, 0x05, 0xC0, 0x0C, 0x4F, 0x34, 0xE6,
    0xD8, 0x75, 0x50, 0x03, 0x22, 0xC8, 0x03, 0xDA, 0xB9, 0x00, 0x12, 0x9C, 0x6F, 0x78, 0x87, 0xAF,
    0x7C, 0x8E, 0x57, 0x20, 0x1E, 0xA5, 0xA6, 0x70, 0xE0, 0x8C, 0x20, 0x04, 0x33, 0x3D, 0xCA, 0x24,
    0x2D, 0xD4, 0xE4, 0x16, 0x97, 0x75, 0x93, 0x21, 0x9D, 0x32, 0xA9, 0xFB, 0x22, 0xD7, 0x70, 0xC6,
    0x0C, 0xD1, 0xE6, 0x0C, 0xE9, 0xFD, 0x85, 0x40, 0xD9, 0xD0, 0xB3, 0xF6, 0x74, 0x58, 0x91, 0xD0,
    0x7B, 0x3C, 0x01, 0x90, 0x90, 0x63, 0xE4, 0x2A, 0xE1, 0x12, 0xBD, 0x8F, 0xDF, 0xC6, 0xC8, 0xB1,
    0x1B, 0x79, 0xAC, 0x72, 0x6D, 0xC6, 0x2B, 0x6A, 0x1A, 0xE3, 0xA9, 0x01, 0x5B, 0x3B, 0xB0, 0xEE,
    0x81, 0x95, 0xD1, 0xB3, 0x68, 0x02, 0xEC, 0x72, 0x6B, 0x42, 0xE5, 0x6E, 0xDD, 0xCF, 0x84, 0xEE,
    0x73, 0x42, 0x82, 0x92, 0x58, 0x4E, 0x71, 0x1D, 0x9C, 0x96, 0x67, 0xBC, 0x09, 0xCE, 0x57, 0xBC,
    0x63, 0x84, 0x49, 0x5E, 0x93, 0x52, 0xEE, 0x66, 0x47, 0xFB, 0x81, 0x51, 0xA4, 0x94, 0x34, 0x3B,
    0xD8, 0x8F, 0x2D, 0x27, 0xAE, 0xEB, 0x1E, 0x3B, 0x3A, 0xA9, 0xDB, 0xA1, 0x23, 0x4B, 0xCF, 0x79,
    0xB7, 0x7E, 0x38, 0x2D, 0x4F, 0x9D, 0xBB, 0xFD, 0xCB, 0x6A, 0x23, 0xDE, 0x43, 0x1B, 0xBC, 0x7B,
    0x57, 0x3E, 0xB4, 0x4B, 0xBC, 0x42, 0x59, 0xC3, 0x47, 0xE4, 0x12, 0xE0, 0xF8, 0xD2, 0x03, 0x38,
    0xEE, 0x01, 0xDA, 0x96, 0xA9, 0x48, 0x4A, 0x28, 0x92, 0x15, 0xD2, 0x47, 0x4D, 0x24, 0xD6, 0xAA,
    0xD1, 0x50, 0x9C, 0x46, 0xED, 0x89, 0x74, 0xD6, 0xE2, 0xA3, 0xEE, 0xA6, 0x9B, 0x2B, 0x94, 0xAC,
    0x07, 0x89, 0x3A, 0x36, 0x7D, 0x1F, 0x9A, 0xFF, 0x9D, 0xAE, 0xE6, 0xA7, 0x76, 0x07, 0x12, 0xD6,
    0x39, 0x8D, 0x67, 0x67, 0x64, 0xE1, 0xE5, 0xA9, 0x9C, 0xA4, 0xD7, 0xD1, 0xB4, 0x94, 0xA1, 0x24,
    0x7F, 0x57, 0xCD, 0x48, 0xBA, 0x49, 0x35, 0x23, 0xE9, 0x8E, 0xD6, 0xF6, 0x3D, 0xE9, 0x3E, 0xB4,
    0xCB, 0x6D, 0x55, 0x6C, 0xBF, 0x3C, 0x9B, 0x91, 0x8A, 0x93, 0xB3, 0x91, 0x00, 0x4D, 0xF0, 0xC1,
    0xFE, 0xBD, 0x49, 0x3F, 0xE4, 0xE7, 0xA9, 0x61, 0x41, 0xB7, 0x77, 0x37, 0x19, 0x4A, 0xEF, 0x0F,
    0x49, 0xB9, 0x29, 0xD2, 0x2E, 0x19, 0xAC, 0x2F, 0xFF, 0xAA, 0x72, 0x77, 0xC9, 0x73, 0x53, 0x5D,
    0x66, 0x1C, 0x26, 0x3A, 0x67, 0x14, 0x08, 0xEE, 0x22, 0x7A, 0x33, 0xB7, 0xB7, 0xA2, 0xF1, 0x96,
    0x94, 0x85, 0x7D, 0x9F, 0x5D, 0x7B, 0xC6, 0x42, 0x59, 0xFC, 0x3B, 0xC5, 0xC3, 0x28, 0xE7, 0x8A,
    0x2F, 0x32, 0xEC, 0xCC, 0x70, 0xCA, 0xB0, 0x19, 0x40, 0xD1, 0x15, 0x8E, 0xFF, 0x83, 0x24, 0x07,
    0x24, 0x9A, 0x46, 0xED, 0x8C, 0x14, 0x4A, 0x48, 0x94, 0x5C, 0xE1, 0x12, 0x2B, 0x52, 0x23, 0x2B,
    0xBD, 0x53, 0x1F, 0xFF, 0x3F, 0x0B, 0xAD, 0x9C, 0x9F, 0x85, 0x6F, 0xED, 0xAE, 0xF7, 0x4F, 0x67,
    0xA1, 0xA2, 0x39, 0xAA, 0x39, 0x35, 0x9C, 0x7F, 0x23, 0xF7, 0x21, 0x41, 0xD3, 0xA0, 0x76, 0xD0,
    0xE4, 0xED, 0x72, 0xA2, 0xF4, 0x05, 0x7F, 0xB9, 0xB4, 0x0F, 0xD2, 0x1D, 0x50, 0xBE, 0x67, 0x1C,
    0xD6, 0x3C, 0x67, 0xDC, 0xAC, 0x69, 0x3F, 0xA7, 0xD6, 0x7C, 0xEF, 0x93, 0x6A, 0x9F, 0xCE, 0xB4,
    0xCB, 0x8A, 0xB7, 0x0B, 0xC9, 0x99, 0xE2, 0xEB, 0x0C, 0xC3, 0x3E, 0xE4, 0x09, 0xC3, 0xCE, 0x67,
    0xBB, 0x4F, 0xE1, 0x61, 0xC7, 0xB5, 0xA7, 0x2E, 0x26, 0x6D, 0x78, 0x52, 0x03, 0x1D, 0x27, 0xCF,
    0xC0, 0xFE, 0x2B, 0x67, 0x38, 0x55, 0xE2, 0x85, 0xCD, 0xE6, 0x92, 0x0B, 0xB6, 0x8B, 0x4F, 0x83,
    0x9C, 0x19, 0x1F, 0x50, 0xD0, 0x99, 0xC1, 0xB7, 0x57, 0xD8, 0x6E, 0x43, 0x26, 0x26, 0xE5, 0x59,
    0xC4, 0x88, 0x2D, 0x8E, 0x53, 0xA2, 0xB8, 0xDC, 0x29, 0x14, 0xCD, 0xDD, 0x8D, 0x7C, 0x42, 0xF1,
    0xEE, 0xAD, 0x09, 0xD1, 0x7F, 0x03, 0x9D, 0x56, 0xD1, 0xEA, 0xFC, 0xAC, 0x0E, 0x1C, 0xC8, 0x6D,
    0x20, 0xAF, 0x12, 0xF0, 0x56, 0xF0, 0xD5, 0x03, 0xDE, 0x0A, 0xFB, 0x2A, 0x81, 0xDE, 0x0A, 0x9E,
    0x84, 0xED, 0xD2, 0x72, 0x76, 0xDB, 0xDF, 0xBF, 0xDF, 0x8C, 0x3A, 0x49, 0x65, 0x6C, 0xAB, 0x52,
    0x8B, 0x13, 0x46, 0x20, 0x84, 0xFA, 0x54, 0x05, 0x6B, 0x31, 0x2D, 0x0A, 0x2B, 0xA5, 0xA3, 0x3A,
    0xCD, 0xC8, 0xB3, 0x93, 0xD1, 0xFB, 0x80, 0x51, 0xD5, 0xDE, 0x59, 0x8D, 0x58, 0x28, 0xAF, 0x97,
    0xC0, 0xDF, 0xFE, 0x84, 0x92, 0x41, 0x01, 0x0E, 0xE5, 0x50, 0xB2, 0x2F, 0x7F, 0xE6, 0xA9, 0xDE,
    0x98, 0x55, 0x5F, 0x2D, 0x74, 0x68, 0x61, 0x59, 0x3A, 0xF8, 0xE8, 0x3F, 0xF4, 0xCA, 0xBF, 0x38,
    0xFC, 0x43, 0x5A, 0xE8, 0x28, 0xCC, 0xE2, 0xAF, 0x7B, 0xFF, 0xB2, 0x9D, 0xCB, 0x4F, 0xE5, 0xBB,
    0xD9, 0x6D, 0xFA, 0x9B, 0xB8, 0xC1, 0x5A, 0x59, 0xAB, 0xB9, 0xD7, 0xCA, 0x59, 0xDD, 0xDD, 0x6A,
    0xF5, 0x8E, 0xCD, 0x36, 0xAB, 0x5E, 0x9D, 0xF5, 0xD0, 0x64, 0xCE, 0x1D, 0x92, 0x4E, 0xB6, 0x02,
    0x64, 0x64, 0x82, 0x37, 0x2B, 0x92, 0x8E, 0x64, 0xA4, 0x59, 0x6A, 0x16, 0x59, 0x1E, 0x25, 0x63,
    0xDF, 0x0B, 0x59, 0x96, 0xB5, 0xA2, 0x64, 0x20, 0xF8, 0x14, 0x6B, 0xF9, 0xBE, 0x98, 0x38, 0x83,
    0x73, 0x74, 0x13, 0x8F, 0x0A, 0xC6, 0x2D, 0xF6, 0xE5, 0xBB, 0x86, 0x54, 0xA9, 0xA9, 0x2E, 0xF0,
    0xAC, 0x7F, 0x8D, 0x70, 0x5E, 0x43, 0x70, 0x28, 0x9F, 0x54, 0x9C, 0x2C, 0xE5, 0xB5, 0x6D, 0xCE,
    0xC4, 0x22, 0xDB, 0x66, 0x83, 0xD0, 0x64, 0xFB, 0xBD, 0x07, 0xC4, 0xC2, 0xA7, 0xA9, 0xC7, 0x38,
    0x0F, 0xFC, 0xA9, 0x2E, 0x7D, 0x2A, 0x97, 0x5D, 0x3B, 0xAD, 0x51, 0xE6, 0xB3, 0x3D, 0x48, 0x53,
    0x07, 0x51, 0x6A, 0x61, 0x22, 0x7F, 0x6D, 0xCF, 0xFC, 0x79, 0xDF, 0x51, 0xC2, 0x5F, 0x3E, 0xCF,
    0x81, 0x27, 0x7E, 0x17, 0xF3, 0xF0, 0x49, 0xF8, 0x58, 0xB9, 0xCB, 0x1A, 0xEA, 0xCF, 0x9E, 0x1F,
    0xAE, 0x83, 0x64, 0x31, 0x71, 0x61, 0x12, 0x7F, 0xF9, 0xAD, 0x1F, 0x7F, 0x80, 0x5C, 0x00, 0xF1,
    0x0A, 0x54, 0x75, 0x40, 0xDD, 0x80, 0xD6, 0xB3, 0x11, 0x04, 0x6A, 0x36, 0x3E, 0xC5, 0xD0, 0x67,
    0x33, 0x7A, 0xB1, 0x9B, 0x70, 0xED, 0x56, 0xC5, 0x17, 0x5C, 0xEC, 0xD8, 0xA8, 0x8A, 0x11, 0x54,
    0x17, 0x38, 0x78, 0x94, 0x00, 0x0F, 0x9C, 0xE1, 0x64, 0x74, 0xB3, 0x7D, 0x45, 0x6A, 0x55, 0x35,
    0xBB, 0xEC, 0x5F, 0x6D, 0x16, 0x1D, 0xD7, 0xFD, 0x20, 0x83, 0x41, 0x71, 0x01, 0xF7, 0x5A, 0x99,
    0x89, 0x70, 0x81, 0xE5, 0x6D, 0xF2, 0xA0, 0x82, 0x7F, 0x06, 0x81, 0x4D, 0x95, 0x4C, 0x50, 0xE1,
    0x51, 0x53, 0x05, 0x9F, 0xFC, 0x80, 0x76, 0x66, 0x52, 0xED, 0xA4, 0xCC, 0xDA, 0xF1, 0x7F, 0x60,
    0x3D, 0xF3, 0x9D, 0xE3, 0x04, 0x71, 0x1D, 0x3A, 0x30, 0xE0, 0xB0, 0x20, 0xF6, 0x16, 0x6D, 0xE2,
    0x3F, 0x43, 0x59, 0x5C, 0x5C, 0x19, 0x4F, 0xC1, 0x50, 0xD8, 0xFB, 0xBD, 0x71, 0x86, 0x91, 0xC3,
    0x00, 0xE6, 0xD6, 0xF8, 0x62, 0xD4, 0xBC, 0xE3, 0x39, 0x3F, 0x3E, 0x83, 0xFB, 0x67, 0xF2, 0xE7,
    0x85, 0x0F, 0x26, 0x6C, 0x67, 0x46, 0x47, 0xBC, 0xA3, 0x81, 0x76, 0x1E, 0x51, 0xC4, 0x87, 0x7D,
    0x52, 0x80, 0xD9, 0xDD, 0x12, 0x86, 0xC0, 0x79, 0xAB, 0x35, 0xC6, 0xC0, 0x20, 0xAE, 0xFB, 0x3A,
    0x20, 0x70, 0x9E, 0x9E, 0xE2, 0xCA, 0x41, 0x2D, 0x56, 0x90, 0x4C, 0x7C, 0xEF, 0x94, 0x36, 0xC1,
    0x3B, 0xF5, 0xC3, 0x63, 0x7B, 0x95, 0x99, 0x2C, 0x5E, 0x70, 0xF0, 0x00, 0x4D, 0x19, 0x49, 0xBA,
    0x58, 0xD6, 0x66, 0xC5, 0x93, 0xCD, 0x70, 0x07, 0xD3, 0xCE, 0x83, 0x9C, 0x87, 0x76, 0xD8, 0xE5,
    0x97, 0x3D, 0x23, 0x10, 0x60, 0xC7, 0xE2, 0xEC, 0x6F, 0x1D, 0xC8, 0x48, 0xFC, 0x6A, 0xCC, 0xAB,
    0x7B, 0x54, 0xAE, 0x0C, 0x8D, 0x3C, 0x47, 0x46, 0x84, 0x55, 0xEB, 0xC5, 0x9B, 0x90, 0x4D, 0xFC,
    0x13, 0xCE, 0x5B, 0xB4, 0x73, 0x51, 0xB1, 0x35, 0xC5, 0x8A, 0x76, 0xBE, 0x30, 0x54, 0xD4, 0xBD,
    0xD9, 0xE5, 0x1B, 0x12, 0xA8, 0x01, 0x0D, 0x58, 0x00, 0x0F, 0xF0, 0x9E, 0xBF, 0x74, 0xFF, 0x3E,
    0x67, 0xCF, 0x3D, 0x19, 0x7F, 0x79, 0x2F, 0xF3, 0x23, 0x3B, 0x7C, 0xDF, 0x77, 0x28, 0x4A, 0x68,
    0x4E, 0xA1, 0x17, 0xCF, 0xF6, 0xA5, 0x07, 0xE8, 0xA2, 0xBD, 0xC6, 0xF7, 0xF9, 0x7F, 0xD6, 0xC1,
    0x30, 0x66, 0xF4, 0xE8, 0x35, 0xA9, 0xD6, 0x07, 0xB7, 0xFB, 0xF3, 0xCB, 0xA3, 0x89, 0xD2, 0x61,
    0x46, 0xB0, 0xDE, 0x09, 0x4A, 0x84, 0x92, 0xDA, 0xB6, 0xD4, 0x3D, 0x87, 0x59, 0x85, 0xF5, 0x5F,
    0xE7, 0xDF, 0x97, 0x2A, 0x1F, 0xFF, 0xAC, 0xA9, 0xCA, 0xF7, 0xE7, 0xE7, 0xBD, 0x66, 0x43, 0x96,
    0x41, 0x68, 0xBF, 0xF3, 0x53, 0x28, 0xED, 0xBA, 0xE6, 0x39, 0x4F, 0xFD, 0x3A, 0x7F, 0xDB, 0x5A,
    0xB3, 0x92, 0xCF, 0xB6, 0xBD, 0x6A, 0xA5, 0xA8, 0x2B, 0x35, 0xF2, 0xB5, 0xDE, 0x55, 0x2C, 0xAF,
    0xCD, 0x9A, 0xBA, 0xAD, 0x9A, 0x79, 0x5E, 0xFF, 0x35, 0xFF, 0x43, 0xBA, 0x33, 0x6B, 0x1F, 0x62,
    0xC6, 0x6C, 0xFD, 0x35, 0xCA, 0xA3, 0xFF, 0x87, 0x57, 0x27, 0xE7, 0x82, 0xFE, 0xEA, 0x30, 0xEE,
    0xE8, 0xA3, 0x6C, 0x0F, 0xFD, 0x9B, 0x33, 0xA7, 0xDF, 0x8C, 0x91, 0xCF, 0xD1, 0xFD, 0xE1, 0xFF,
    0x93, 0xEB, 0xD0, 0xBE, 0x58, 0x4D, 0x59, 0xBB, 0x3F, 0xF1, 0x37, 0x3F, 0xCD, 0xF3, 0x9E, 0x67,
    0x3A, 0x5B, 0x1F, 0x30, 0x90, 0x37, 0x32, 0x86, 0x89, 0xAF, 0xEB, 0xFF, 0x4F, 0xD5, 0xB7, 0x2F,
    0x55, 0xF5, 0xA1, 0x7F, 0x86, 0x66, 0x64, 0xA9, 0x7B, 0x1E, 0xD2, 0x57, 0xF5, 0x02, 0x6B, 0xDB,
    0x6C, 0xA1, 0xA4, 0x05, 0xEB, 0xA7, 0x9F, 0x9C, 0x8C, 0xF9, 0xED, 0x4B, 0x65, 0x7E, 0xE4, 0x67,
    0x6E, 0xF4, 0x62, 0x33, 0x1E, 0xAB, 0x8F, 0xFA, 0x5E, 0x7F, 0x4B, 0xBF, 0xB7, 0x3E, 0xD8, 0x90,
    0xFD, 0x63, 0x7F, 0xFE, 0x7B, 0xBF, 0xED, 0xFE, 0x46, 0x7F, 0xF9, 0xFF, 0x07, 0xDD, 0x93, 0x81,
    0x86, 0xC4, 0x40, 0x10, 0x44, 0x8B, 0x01, 0x68, 0xE6, 0x57, 0x8A, 0x05, 0x68, 0xFA, 0xD7, 0x8B,
    0xFD, 0x80, 0xFD, 0x95, 0x66, 0x01, 0xC2, 0x5C, 0x26, 0xB3, 0xEE, 0xD8, 0xCC, 0x84, 0x5B, 0x0E,
    0xEE, 0x95, 0x99, 0x44, 0x57, 0x9A, 0xA4, 0x7A, 0x82, 0x83, 0x22, 0x23, 0xAD, 0xCB, 0x58, 0x84,
    0x13, 0x05, 0x40, 0x45, 0x39, 0x14, 0x89, 0x37, 0xA2, 0xB5, 0xCD, 0x4B, 0x6E, 0xF1, 0x7C, 0xB8,
    0x97, 0x7D, 0xB5, 0x7E, 0xCD, 0xAD, 0xD7, 0x87, 0x27, 0x8F, 0x67, 0xF3, 0x78, 0xC8, 0x23, 0x1E,
    0x5B, 0x84, 0xBC, 0xD7, 0x7F, 0xD1, 0xBF, 0x8D, 0xFE, 0xF4, 0x88, 0xB6, 0x2F, 0x1D, 0x75, 0xFC,
    0x90, 0x85, 0x46, 0x32, 0x36, 0x70, 0xD7, 0x89, 0xC8, 0x5E, 0x0E, 0x75, 0x37, 0x66, 0xDF, 0x27,
    0x3B, 0x7C, 0xEE, 0x54, 0xCD, 0xFA, 0x41, 0x08, 0x1A, 0x09, 0x9C, 0xA9, 0xAF, 0xCE, 0xB1, 0x2F,
    0xFD, 0x04, 0xA1, 0x8A, 0x19, 0x23, 0xD9, 0xBE, 0xAF, 0x89, 0xC4, 0xB5, 0xBB, 0x7A, 0x86, 0xE3,
    0xCD, 0x87, 0xA0, 0xF7, 0x84, 0x6C, 0x54, 0x5F, 0x2A, 0x30, 0xCC, 0xB8, 0xC9, 0x39, 0xC0, 0x9C,
    0xE9, 0x49, 0xAA, 0x2D, 0xDC, 0x33, 0x33, 0x94, 0x89, 0x2C, 0xAA, 0x70, 0x34, 0x35, 0xD5, 0x74,
    0x87, 0x17, 0x21, 0x91, 0xCF, 0x0C, 0x61, 0xF0, 0x8F, 0x26, 0xFA, 0xA7, 0x33, 0xFD, 0x7C, 0xA2,
    0x1A, 0x3A, 0xDD, 0x4F, 0xA8, 0x02, 0x6B, 0x72, 0x5F, 0x2B, 0x9F, 0x8C, 0x24, 0xAE, 0xFC, 0x79,
    0x7E, 0x03, 0xD2, 0x54, 0x60, 0x22, 0x31, 0x25, 0x04, 0x46, 0xCE, 0xFB, 0x09, 0x5E, 0x9E, 0x48,
    0xEB, 0xA2, 0xA9, 0xC2, 0x64, 0x13, 0xBF, 0xA2, 0x7C, 0x6B, 0x35, 0x83, 0x70, 0xDE, 0x87, 0xF0,
    0xC1, 0x1F, 0x31, 0x7C, 0xE7, 0x4D, 0x04, 0x31, 0xA3, 0x26, 0x8F, 0x8C, 0x43, 0xEB, 0xB3, 0xD3,
    0x85, 0xC4, 0x12, 0xD9, 0xDD, 0x6E, 0x34, 0x01, 0x97, 0x19, 0x63, 0x45, 0x4D, 0xA8, 0xA0, 0xE6,
    0x17, 0xA5, 0x91, 0xC1, 0xAA, 0x04, 0x29, 0x0C, 0x45, 0x2F, 0xB8, 0x0D, 0xE4, 0x57, 0x02, 0x6E,
    0x03, 0xFE, 0x7A, 0xA0, 0xB7, 0x05, 0xEF, 0x57, 0x02, 0xBD, 0x0D, 0x64, 0x8C, 0x56, 0xCD, 0xAB,
    0x7E, 0x3D, 0x9B, 0xEE, 0xB9, 0x87, 0xAB, 0x1A, 0x31, 0xB1, 0x52, 0x38, 0xC5, 0x2E, 0x10, 0xF4,
    0xE8, 0xE8, 0x60, 0x6F, 0x98, 0x04, 0xEE, 0x3A, 0x38, 0xE4, 0xE8, 0xD2, 0x45, 0x4D, 0x6D, 0x50,
    0xF7, 0x86, 0xBB, 0x9A, 0x13, 0x09, 0x09, 0xBA, 0x76, 0x5B, 0x39, 0xA8, 0x39, 0x6E, 0xE2, 0x24,
    0x14, 0x1C, 0x35, 0xA6, 0xD7, 0xF8, 0xA2, 0xA8, 0x9A, 0x23, 0xB6, 0x1B, 0x38, 0xF4, 0x2C, 0xA0,
    0xCB, 0xCC, 0x4F, 0xE3, 0x91, 0xCE, 0x0F, 0x77, 0xE5, 0x87, 0x29, 0xB7, 0xED, 0xD1, 0x6C, 0x06,
    0xE0, 0xB1, 0xDD, 0x0C, 0xA7, 0x4F, 0xBC, 0x19, 0x3B, 0x83, 0x33, 0xB7, 0x95, 0x31, 0x32, 0x96,
    0x95, 0x75, 0xD9, 0x9B, 0x2F, 0x17, 0x97, 0xD4, 0xBA, 0xF5, 0xEC, 0xAE, 0x2E, 0x87, 0x3C, 0x16,
    0x81, 0x9B, 0x06, 0xC4, 0xE4, 0x47, 0x7C, 0x48, 0x97, 0x4E, 0xBF, 0xE7, 0xAB, 0x5C, 0x99, 0x4D,
    0x97, 0x47, 0x7A, 0x79, 0x29, 0xD3, 0x9E, 0xD3, 0xA3, 0xC0, 0x46, 0x4F, 0xEE, 0x4A, 0xB2, 0xE3,
    0x5F, 0xD1, 0xCF, 0xBD, 0x8F, 0x84, 0x04, 0xF1, 0x21, 0x2A, 0x74, 0xA2, 0x7C, 0x00, 0x23, 0x80,
    0x04, 0x38, 0x0D, 0xB9, 0x3F, 0x64, 0x24, 0x50, 0x66, 0x00, 0x19, 0xDB, 0xD5, 0x1D, 0x9E, 0x34,
    0x1B, 0x68, 0x15, 0x18, 0x76, 0xF6, 0xA9, 0x4E, 0x14, 0xDC, 0x1C, 0xCC, 0x06, 0x56, 0x20, 0x33,
    0xAD, 0x3C, 0x18, 0xD0, 0x66, 0xCB, 0xBE, 0xD0, 0xE5, 0x4B, 0x23, 0x61, 0x93, 0xE0, 0xED, 0xC5,
    0x5B, 0x9F, 0x36, 0x21, 0xCF, 0x49, 0x0C, 0x41, 0x71, 0x8A, 0x4D, 0x96, 0xC8, 0x9A, 0x75, 0x51,
    0x51, 0x12, 0x82, 0xEC, 0x1C, 0xC3, 0x85, 0x32, 0xB7, 0xE7, 0x1A, 0x17, 0x97, 0xDA, 0x84, 0xBD,
    0xD3, 0x04, 0x13, 0x5D, 0x2B, 0xE5, 0xA3, 0xE2, 0x97, 0x9A, 0x55, 0x93, 0xAE, 0x2C, 0x1B, 0xDC,
    0xC4, 0x2E, 0x84, 0x49, 0x26, 0x23, 0x53, 0x20, 0xC4, 0xFE, 0xDF, 0xF9, 0x8B, 0x5A, 0xB3, 0xDF,
    0xF3, 0x93, 0x15, 0x23, 0xC8, 0x4E, 0x1E, 0xA4, 0x7F, 0xF3, 0x0B, 0x11, 0x9A, 0x41, 0x3A, 0x1D,
    0x53, 0xE9, 0x87, 0x1D, 0x86, 0x9B, 0x32, 0xCA, 0x0D, 0x17, 0x6F, 0xCA, 0x44, 0x25, 0x00, 0xA4,
    0xD6, 0x7B, 0x86, 0x01, 0xD7, 0x92, 0x80, 0x7D, 0xCD, 0xCE, 0xC0, 0x25, 0x2A, 0x8C, 0xA1, 0x38,
    0x6A, 0xA4, 0x83, 0x48, 0xD8, 0x70, 0x93, 0xE0, 0x40, 0xFA, 0x0C, 0x53, 0x97, 0x30, 0x81, 0xDC,
    0xCF, 0x5F, 0x3B, 0x6D, 0x5D, 0x36, 0xAF, 0xDF, 0x47, 0x4B, 0xC3, 0x09, 0xE5, 0xE2, 0x12, 0xD9,
    0xF0, 0x63, 0xC9, 0xB0, 0x11, 0x10, 0x32, 0xEE, 0xBD, 0x4B, 0x17, 0x2A, 0xC6, 0x9A, 0x8B, 0xF4,
    0x8A, 0xBF, 0xF6, 0x4F, 0x30, 0xA1, 0xFD, 0x6F, 0x46, 0xFC, 0x79, 0x99, 0x2C, 0x46, 0xF3, 0x31,
    0x1A, 0x82, 0xE1, 0x6F, 0xAF, 0x17, 0x58, 0x17, 0xC2, 0x13, 0xEF, 0x4A, 0x88, 0x89, 0x64, 0x88,
    0x9C, 0xA3, 0x25, 0xDE, 0xFE, 0x1F, 0x8A, 0x0C, 0x01, 0x03, 0xFE, 0xFB, 0xFE, 0x91, 0x19, 0xDA,
    0x3C, 0xC6, 0xF3, 0x47, 0xB5, 0x4D, 0xE7, 0x74, 0xED, 0x33, 0xB7, 0x9B, 0x55, 0x2C, 0x34, 0x6B,
    0x4E, 0xAD, 0xFD, 0xC8, 0x4F, 0xEE, 0x7B, 0x9C, 0xF7, 0x6B, 0xD6, 0xB1, 0xCF, 0x3E, 0xAC, 0x9F,
    0xD3, 0x11, 0x9A, 0xCF, 0xB9, 0x9F, 0xFE, 0xB8, 0x7E, 0xC5, 0xFD, 0xAA, 0xFF, 0xED, 0xFD, 0xE9,
    0xFC, 0xF2, 0xFD, 0x15, 0xDF, 0xF3, 0x68, 0xD3, 0x9F, 0xDD, 0x3F, 0xEB, 0x5F, 0xFD, 0xB3, 0x4F,
    0xDF, 0x5F, 0xB1, 0x38, 0x5D, 0xFB, 0xAF, 0xEA, 0x97, 0xBF, 0xAB, 0x6F, 0x7A, 0xFB, 0xFF, 0x6B,
    0xFF, 0xFF, 0xEE, 0x4F, 0x9F, 0xF7, 0xFF, 0x01, 0x95, 0x96, 0x41, 0x8A, 0x63, 0x3D, 0x0C, 0x84,
    0x0B, 0xB4, 0x2D, 0x78, 0x57, 0x29, 0xF0, 0xD6, 0xE0, 0xAB, 0x0B, 0xB2, 0x35, 0xCC, 0x55, 0x0C,
    0xB3, 0x35, 0xE8, 0x8F, 0xE9, 0xA6, 0xFF, 0x88, 0x28, 0xE9, 0xC9, 0x57, 0x18, 0xC7, 0x11, 0x92,
    0x5F, 0x64, 0x59, 0x79, 0x48, 0x18, 0x88, 0x11, 0x84, 0x21, 0xE1, 0xB6, 0x38, 0xE1, 0xA5, 0x32,
    0x0E, 0xC5, 0x86, 0x1E, 0xBE, 0xF7, 0x4A, 0x9C, 0xB6, 0xE0, 0x78, 0x82, 0x12, 0x23, 0x44, 0xAA,
    0xDE, 0xFF, 0x9D, 0xFF, 0xF0, 0x8E, 0x06, 0x39, 0x04, 0xA2, 0xC0, 0x36, 0x3A, 0xA6, 0x91, 0x10,
    0x2A, 0x04, 0xC2, 0x88, 0x89, 0x6E, 0x1B, 0x35, 0x84, 0xE4, 0x0D, 0x1D, 0xC3, 0xCB, 0x00, 0x32,
    0x51, 0x23, 0x28, 0x13, 0x8E, 0x12, 0x3C, 0x72, 0x2A, 0x36, 0x45, 0x3F, 0xAB, 0x77, 0x5C, 0x7E,
    0x1F, 0xB0, 0x45, 0x27, 0x21, 0xD9, 0xF9, 0xE2, 0x33, 0x6C, 0x5D, 0x8E, 0x25, 0x99, 0x9C, 0x3C,
    0x4B, 0xFC, 0x0E, 0x25, 0x8F, 0x90, 0xD7, 0xF9, 0x2F, 0xAB, 0x20, 0x41, 0x19, 0x23, 0x8C, 0x0F,
    0xFE, 0x2F, 0xCE, 0xBE, 0xAE, 0x00, 0x33, 0x72, 0x2C, 0xD2, 0x0C, 0x25, 0xEE, 0xD2, 0xB5, 0x25,
    0x77, 0x94, 0x18, 0xC9, 0xB1, 0x49, 0xE3, 0xEF, 0xF5, 0x7B, 0x6D, 0x3C, 0x21, 0x97, 0xC6, 0x96,
    0x94, 0xE2, 0x5F, 0xBB, 0xFE, 0x0D, 0x39, 0x7E, 0xB6, 0x96, 0xF1, 0x69, 0x46, 0x1B, 0x9B, 0xB0,
    0x97, 0xE5, 0x25, 0x5E, 0x81, 0x57, 0x25, 0x4A, 0x6B, 0x6C, 0x63, 0x53, 0xA6, 0xDA, 0xBF, 0xA9,
    0xF1, 0x0A, 0xA3, 0x09, 0x25, 0x54, 0x9B, 0x7B, 0x88, 0xAC, 0xEC, 0x0E, 0xE7, 0xD2, 0x8C, 0xD0,
    0xE4, 0x7A, 0x3C, 0x5B, 0x7D, 0xC9, 0x9B, 0x77, 0x57, 0xF5, 0xFB, 0x73, 0xFF, 0xF0, 0x9F, 0xFA,
    0x3F, 0xCA, 0x38, 0x64, 0x3F, 0xF5, 0x7F, 0x04, 0x3D, 0xCA, 0x44, 0x0D, 0x7F, 0xCC, 0x0F, 0xB3,
    0x4E, 0xEC, 0xD4, 0x5F, 0x9E, 0x89, 0x05, 0x59, 0xC3, 0x86, 0x00, 0x54, 0xF1, 0xD7, 0xAB, 0xFC,
    0xDB, 0xA6, 0xCD, 0xDB, 0x30, 0xA2, 0x66, 0xB8, 0xEB, 0xD6, 0x7C, 0x43, 0x4F, 0x96, 0xFD, 0xBE,
    0xFF, 0x34, 0x74, 0x8C, 0x7D, 0xEC, 0x77, 0x26, 0xFA, 0xD8, 0xE8, 0x98, 0x78, 0x82, 0x5B, 0x4B,
    0x53, 0x14, 0xAF, 0x85, 0x82, 0xA1, 0x8B, 0x8D, 0xC9, 0x5E, 0xF4, 0x6F, 0xBC, 0xA3, 0xEC, 0xEF,
    0x58, 0x78, 0xD7, 0xDF, 0xDD, 0x9C, 0xFE, 0x41, 0xFF, 0x7F, 0xCB, 0xBF, 0xFC, 0x3F, 0x60, 0x62,
    0xC1, 0x5F, 0xDB, 0xE9, 0x96, 0xF7, 0x76, 0x68, 0x7C, 0xC7, 0x35, 0x10, 0xF9, 0x8E, 0x51, 0x43,
    0x73, 0x51, 0xFF, 0xEB, 0x6A, 0xDC, 0x14, 0xBE, 0x49, 0x3E, 0x29, 0x56, 0x65, 0x2F, 0xE3, 0xEF,
    0xD9, 0xA8, 0x2C, 0xAA, 0x7C, 0xBE, 0x22, 0xFE, 0xB3, 0xE7, 0x6C, 0x63, 0x53, 0xE5, 0xE9, 0x6E,
    0x20, 0x7B, 0x3F, 0xED, 0x92, 0x9F, 0x2E, 0xDF, 0x6F, 0x1F, 0xDB, 0xEF, 0x83, 0xF5, 0xD9, 0x39,
    0xD7, 0xDD, 0x7E, 0x1B, 0x9B, 0xEB, 0xD9, 0x6E, 0x47, 0x1A, 0xDB, 0xEC, 0x3E, 0x74, 0x56, 0xCF,
    0x18, 0xAE, 0xAD, 0xFB, 0x30, 0x24, 0xDC, 0x74, 0x75, 0x53, 0x52, 0xDD, 0xC3, 0x7C, 0x2C, 0x70,
    0xAC, 0xBC, 0xF7, 0xB3, 0xE7, 0x89, 0x56, 0xBF, 0x3F, 0x8C, 0xED, 0x96, 0x73, 0x57, 0xED, 0x5F,
    0xF9, 0x0F, 0x6F, 0xE8, 0xDE, 0x84, 0x09, 0xD5, 0xDD, 0x01, 0xD3, 0x3A, 0x67, 0x03, 0x51, 0x41,
    0x34, 0x70, 0x5A, 0xC7, 0xB4, 0x8D, 0x0A, 0x61, 0x36, 0x75, 0x6F, 0x18, 0x8E, 0x4C, 0xCA, 0x5E,
    0x14, 0x19, 0x4C, 0xD9, 0x89, 0x94, 0xA1, 0x04, 0x21, 0x46, 0x93, 0x13, 0x2F, 0x90, 0x38, 0xC3,
    0x88, 0x97, 0xEF, 0x57, 0xD7, 0xFE, 0x1A, 0x59, 0xD9, 0xF2, 0x4B, 0xFF, 0x1F, 0x6F, 0xDE, 0x1F,
    0x01, 0x87, 0xA7, 0x4F, 0x19, 0x81, 0x3B, 0xFF, 0xFF, 0xF9, 0x93, 0x5F, 0xDA, 0xBF, 0xE8, 0xB3,
    0xD1, 0xD1, 0xF0, 0x82, 0x89, 0x1E, 0xB9, 0xF7, 0xE6, 0xFC, 0xA3, 0x85, 0x5B, 0x8B, 0x0B, 0x96,
    0x9F, 0x5F, 0xE4, 0x18, 0xA6, 0xA4, 0x55, 0xDC, 0xB0, 0x15, 0xD3, 0x2D, 0x26, 0xD2, 0xD3, 0xD9,
    0xCA, 0x9E, 0x63, 0x90, 0xA9, 0xFE, 0x72, 0xFC, 0xF5, 0xED, 0xB1, 0xB2, 0xBD, 0x5F, 0xFC, 0xA1,
    0x5F, 0xB2, 0x11, 0xA9, 0xBE, 0xF7, 0x5B, 0xFB, 0xE2, 0xEC, 0x7F, 0x38, 0xBF, 0x74, 0x3E, 0xEB,
    0x36, 0xE2, 0x21, 0xFA, 0x1C, 0x23, 0xEF, 0x40, 0x5E, 0xBB, 0xB6, 0xE7, 0xF8, 0x09, 0xEF, 0x6B,
    0x4C, 0xD9, 0x98, 0xBD, 0x38, 0x9D, 0x11, 0x42, 0x5B, 0xCD, 0x9B, 0x44, 0x99, 0x50, 0xB4, 0x37,
    0x93, 0xD1, 0xAC, 0xE1, 0xAF, 0xFD, 0x85, 0x8D, 0xF8, 0xE0, 0xFE, 0xD6, 0x0C, 0x38, 0xDC, 0x15,
    0x11, 0xFB, 0xCC, 0x18, 0xB5, 0x0F, 0xC5, 0x7D, 0xA5, 0xFE, 0x3D, 0xD7, 0x10, 0x95, 0xEB, 0x32,
    0x02, 0x2C, 0xE6, 0x04, 0x25, 0x45, 0x28, 0xFB, 0xE6, 0x9D, 0x18, 0x41, 0x16, 0xF6, 0x8A, 0x1B,
    0x61, 0x66, 0xB8, 0x22, 0xFC, 0xCC, 0x67, 0xFD, 0x09, 0x66, 0x02, 0x4D, 0x18, 0x11, 0x71, 0xE6,
    0xB3, 0xFE, 0x08, 0xBA, 0x83, 0xDF, 0xF9, 0xA3, 0xEB, 0xAC, 0xF1, 0x01, 0xC6, 0x1B, 0x48, 0xF7,
    0x11, 0xB1, 0xCE, 0x7C, 0xD6, 0xEF, 0x21, 0x3A, 0xFE, 0x44, 0x07, 0xF1, 0x02, 0xA1, 0xC7, 0x5F,
    0x74, 0x08, 0xFF, 0x82, 0x1B, 0xCC, 0xCD, 0x19, 0xA1, 0x33, 0x9F, 0x75, 0x06, 0xF8, 0x0F, 0x9D,
    0x99, 0xC1, 0x8A, 0xF5, 0x2A, 0x0C, 0xC7, 0x03, 0xD9, 0x06, 0x7C, 0x95, 0x80, 0x5B, 0xC1, 0x57,
    0x0F, 0x74, 0x2B, 0xCC, 0xAB, 0x08, 0x67, 0x2B, 0xF4, 0x9A, 0x7A, 0xC2, 0xA9, 0x8D, 0x96, 0x8F,
    0xFB, 0xCF, 0x4C, 0x6B, 0xFD, 0x99, 0xC4, 0xDA, 0x69, 0x5B, 0x1D, 0xF8, 0x8A, 0x91, 0x31, 0x34,
    0xEA, 0x42, 0x56, 0x03, 0xE9, 0x76, 0x13, 0x0A, 0x71, 0x37, 0x18, 0xA6, 0x65, 0x9C, 0x79, 0xA5,
    0x0B, 0x60, 0x23, 0x85, 0x5D, 0x61, 0xE2, 0xB9, 0x0D, 0xC7, 0x6B, 0x6F, 0x25, 0x13, 0x03, 0xF7,
    0xA3, 0x02, 0x05, 0x7B, 0x2D, 0xD2, 0x50, 0x6E, 0xDC, 0xC1, 0x2C, 0xFC, 0x10, 0x71, 0xE4, 0x23,
    0x22, 0x51, 0xAC, 0x13, 0x12, 0x10, 0x64, 0xB5, 0xE1, 0xCD, 0x98, 0xCF, 0x29, 0xFF, 0xC9, 0x48,
    0xB4, 0x3B, 0x3F, 0x53, 0xB8, 0x72, 0x8E, 0xCC, 0xA1, 0x3D, 0x20, 0x03, 0x77, 0x2E, 0x2C, 0xB9,
    0x45, 0x88, 0x9D, 0xEB, 0x69, 0xAC, 0x63, 0xE4, 0xE6, 0xFD, 0x55, 0xB9, 0xFE, 0xC6, 0x20, 0x57,
    0x1F, 0x3F, 0x57, 0x1D, 0x05, 0x1D, 0x03, 0xEC, 0xDC, 0xC7, 0xB7, 0x18, 0xB9, 0x3D, 0xFD, 0x73,
    0xF3, 0x36, 0xF1, 0x93, 0x9C, 0x72, 0xBE, 0xF1, 0xBC, 0xE0, 0xE7, 0x3D, 0x3E, 0x13, 0x01, 0xEA,
    0x38, 0x33, 0x08, 0x02, 0x01, 0x93, 0x66, 0x38, 0x4F, 0xE9, 0x3F, 0xD6, 0xEA, 0xF2, 0x10, 0xB5,
    0x5E, 0x92, 0xC7, 0x18, 0x0B, 0x56, 0x90, 0x1D, 0xAF, 0x80, 0xA2, 0x3F, 0x01, 0x20, 0x5D, 0x3F,
    0xBE, 0xE2, 0x3E, 0x52, 0xD4, 0x0D, 0x01, 0x47, 0x30, 0xBE, 0x2A, 0x9E, 0x12, 0x2A, 0x58, 0x35,
    0x29, 0x95, 0x91, 0xC6, 0x0B, 0x65, 0xFE, 0x43, 0xAE, 0x23, 0x47, 0x06, 0x36, 0xCB, 0x8C, 0xDD,
    0xA0, 0x76, 0xD3, 0xE3, 0x4B, 0x29, 0x23, 0x27, 0x46, 0x4E, 0x1B, 0x1E, 0x73, 0xB4, 0x7A, 0xC7,
    0x67, 0x85, 0xC4, 0xC2, 0x12, 0x12, 0x78, 0x19, 0x3F, 0xF8, 0xD8, 0x73, 0xBE, 0x59, 0x6E, 0xB0,
    0x12, 0xD9, 0xE5, 0xDA, 0x71, 0x54, 0xCE, 0xC4, 0x9D, 0xB3, 0xA3, 0x05, 0x2A, 0x72, 0x1A, 0x67,
    0x50, 0xE6, 0x91, 0xF3, 0xE6, 0x78, 0xC1, 0xAA, 0xFB, 0x20, 0xD1, 0x71, 0x62, 0x6F, 0x8E, 0x27,
    0x62, 0xAA, 0x81, 0x89, 0xD3, 0x8D, 0xFB, 0x5B, 0x7E, 0xDC, 0xEE, 0x8C, 0x4F, 0xAC, 0x75, 0xCA,
    0x76, 0xB7, 0x7B, 0xA8, 0x73, 0x07, 0x9E, 0x7C, 0xA6, 0xA1, 0xC2, 0x50, 0x82, 0x02, 0xE2, 0x8D,
    0x24, 0x0C, 0x5E, 0x30, 0x22, 0x7B, 0x8B, 0x9C, 0x44, 0x31, 0x46, 0x2A, 0x2B, 0x2B, 0xE5, 0xC3,
    0x73, 0x7C, 0xAC, 0x5A, 0x8F, 0x75, 0x17, 0x3F, 0xB4, 0xD8, 0x15, 0xDA, 0x3A, 0x7E, 0x6E, 0xE5,
    0x4F, 0x2D, 0xB7, 0x6D, 0xFC, 0x0F, 0xFD, 0xD1, 0x39, 0xF7, 0xDF, 0x73, 0xEB, 0x81, 0xE7, 0xB1,
    0xA6, 0x92, 0xCB, 0xC4, 0x27, 0xFD, 0xAE, 0x79, 0xEA, 0x9A, 0x99, 0xD5, 0x3E, 0x5B, 0x86, 0x60,
    0x77, 0xA2, 0x6B, 0xB9, 0x8D, 0x64, 0xFE, 0xB9, 0xC1, 0x4E, 0xA9, 0x1B, 0x64, 0xB1, 0xD2, 0xBA,
    0x27, 0xB9, 0x59, 0x69, 0x15, 0x3D, 0x10, 0x57, 0x2B, 0x7B, 0x19, 0xDF, 0x8B, 0x6B, 0xA0, 0x0D,
    0x32, 0xFF, 0x83, 0xD2, 0x96, 0x02, 0x0B, 0x1F, 0x70, 0x80, 0x6F, 0x61, 0x4F, 0x41, 0x41, 0x7B,
    0x22, 0x7A, 0x71, 0x37, 0x09, 0x25, 0x32, 0x02, 0x75, 0x5B, 0x29, 0xB7, 0xED, 0x59, 0x58, 0xBD,
    0xB5, 0x72, 0x91, 0x2D, 0x36, 0x76, 0xAE, 0xF1, 0xB5, 0xD2, 0x7B, 0x7A, 0x7F, 0xE3, 0xEA, 0xD2,
    0x89, 0x0C, 0x7F, 0x9E, 0xA2, 0x87, 0xC2, 0x75, 0x10, 0x04, 0xFA, 0x72, 0xDE, 0xF4, 0xCF, 0xF5,
    0x7E, 0x8A, 0x82, 0xA0, 0xBD, 0x24, 0xA0, 0xAD, 0xAF, 0xEB, 0x9F, 0xE3, 0xBA, 0xF5, 0xD7, 0x75,
    0x77, 0x7E, 0x26, 0x7B, 0x7A, 0x84, 0xCA, 0xB4, 0xE2, 0x28, 0x29, 0xE9, 0x3E, 0x25, 0x14, 0x07,
    0xA7, 0x16, 0xB9, 0x79, 0x82, 0xB2, 0xCB, 0x6F, 0xD4, 0xD8, 0x38, 0x76, 0x37, 0xC6, 0x8F, 0x8F,
    0x0A, 0xD7, 0xC0, 0xB8, 0x61, 0xAF, 0xD8, 0x6C, 0xBB, 0x56, 0x2E, 0xB6, 0xDD, 0xF0, 0x46, 0xE3,
    0x1D, 0xB4, 0x7D, 0x43, 0x6F, 0xC6, 0xD7, 0xC6, 0xD4, 0x71, 0x94, 0x50, 0x93, 0xF6, 0xFD, 0xCC,
    0x27, 0xC0, 0xD9, 0xCE, 0x96, 0x52, 0xA8, 0x28, 0xF7, 0x1A, 0x50, 0x49, 0x68, 0x58, 0x91, 0xB7,
    0x63, 0x28, 0xC8, 0x44, 0xA1, 0xED, 0x38, 0x12, 0x72, 0x4E, 0x91, 0xF3, 0x36, 0x42, 0x92, 0xC8,
    0x6A, 0x2B, 0x1A, 0x80, 0xC7, 0x9D, 0xAB, 0x91, 0xBC, 0x7F, 0xE8, 0x96, 0xBA, 0x55, 0xED, 0x33,
    0x8A, 0xF6, 0xF9, 0x3A, 0xEC, 0x76, 0x76, 0xC1, 0x6D, 0x3B, 0xDA, 0x5E, 0xA5, 0xAA, 0xDB, 0x70,
    0xD5, 0x8E, 0xB6, 0xF3, 0x48, 0xCF, 0xBF, 0xA3, 0x12, 0x5B, 0x96, 0x06, 0x59, 0xB0, 0x41, 0x82,
    0xE1, 0x79, 0x1D, 0x19, 0xB1, 0x4C, 0x97, 0x12, 0x4A, 0x02, 0x14, 0x48, 0x9B, 0xF3, 0xED, 0x6C,
    0xB4, 0xF1, 0x7C, 0xF6, 0xF7, 0x77, 0xFD, 0xE4, 0x4F, 0x0B, 0x6E, 0x3A, 0x90, 0x88, 0x59, 0x0E,
    0x60, 0x21, 0x46, 0x82, 0x63, 0xC6, 0x56, 0x6F, 0xED, 0x66, 0xDC, 0x89, 0x60, 0xE7, 0x6A, 0x56,
    0xBE, 0xE3, 0x6E, 0x2C, 0xD1, 0x72, 0x17, 0xD4, 0xEC, 0x7C, 0xBF, 0x1E, 0xA7, 0x8E, 0xCA, 0x29,
    0x59, 0x42, 0x4B, 0x69, 0x8C, 0xB1, 0xB1, 0x54, 0x73, 0xC5, 0x86, 0x67, 0xB8, 0xC6, 0xED, 0xC6,
    0x74, 0x24, 0x6B, 0xAB, 0x3A, 0xAA, 0x21, 0x8D, 0xAB, 0x63, 0x2C, 0xA5, 0xDC, 0xB0, 0x7D, 0xA3,
    0xC2, 0x8F, 0xAD, 0x47, 0xCD, 0x3D, 0x85, 0xDC, 0xA8, 0x3B, 0xCE, 0xDD, 0x5A, 0x67, 0x82, 0x82,
    0x0D, 0x21, 0x94, 0x34, 0x3F, 0x07, 0x05, 0x24, 0x2B, 0xEB, 0xFE, 0x19, 0x3A, 0xA7, 0x54, 0x95,
    0xFB, 0xDC, 0xBF, 0x2C, 0xEB, 0xDC, 0xBF, 0x96, 0xD3, 0x68, 0x36, 0xE4, 0x91, 0x3B, 0x03, 0x09,
    0xB5, 0xD8, 0xB1, 0x74, 0xB3, 0xBE, 0xA5, 0x5F, 0xEE, 0x14, 0xBA, 0x7F, 0x10, 0x4A, 0xDC, 0xC1,
    0xF3, 0x9A, 0x7C, 0x63, 0xF3, 0x75, 0xE4, 0x4E, 0x90, 0xBE, 0xBD, 0xF0, 0x6F, 0x88, 0xD9, 0x3F,
    0x31, 0x16, 0x6D, 0xBE, 0xF5, 0x4F, 0xF1, 0x8A, 0x01, 0xDB, 0xFC, 0x29, 0x1D, 0xE5, 0x2D, 0x7F,
    0x3C, 0x52, 0x7A, 0xE0, 0x04, 0x05, 0x2A, 0xE8, 0x19, 0x0A, 0x32, 0x75, 0xCD, 0xBC, 0x4B, 0x48,
    0x50, 0xF4, 0x2A, 0x05, 0xD0, 0xF1, 0xA1, 0xE5, 0xD4, 0xD4, 0x26, 0xA6, 0xBB, 0xA9, 0xA5, 0x9B,
    0x58, 0x4E, 0x53, 0xD7, 0xA8, 0x91, 0x47, 0x24, 0x77, 0x76, 0x63, 0xEA, 0xB9, 0x99, 0x78, 0xBA,
    0xFC, 0xB9, 0xBD, 0xE6, 0x37, 0xEE, 0xA6, 0xCE, 0x36, 0x71, 0xCE, 0x8D, 0x5F, 0xF3, 0x1B, 0xDF,
    0xE4, 0xE7, 0xDC, 0xF0, 0x2D, 0xBF, 0xE4, 0x46, 0xFE, 0x4B, 0xBE, 0x44, 0xCA, 0x2D, 0xF6, 0xBD,
    0xBD, 0x8F, 0x67, 0xAE, 0x16, 0x4B, 0xEC, 0x74, 0xCD, 0x63, 0xB7, 0x5C, 0xFA, 0xD6, 0x71, 0x55,
    0x6E, 0xEF, 0x33, 0x31, 0xB7, 0xF0, 0xF1, 0xEA, 0x9F, 0xDB, 0xDE, 0x7F, 0xC7, 0x37, 0x33, 0x19,
    0x77, 0x8E, 0xEB, 0xFC, 0x58, 0xA9, 0xF0, 0x91, 0x4F, 0x3E, 0xA8, 0x60, 0x5D, 0x72, 0x62, 0x1C,
    0xCB, 0x28, 0x3B, 0x1E, 0x75, 0x69, 0x26, 0xEE, 0x39, 0x2B, 0xC7, 0x17, 0x8E, 0x7C, 0xF0, 0x1B,
    0x3F, 0x34, 0xC3, 0x2B, 0xFF, 0xBC, 0xF1, 0x4E, 0x31, 0x7E, 0xF6, 0x5C, 0xE9, 0x2E, 0xBF, 0x8E,
    0x0C, 0x1F, 0xB6, 0x5D, 0x72, 0x64, 0xB4, 0xED, 0x8A, 0xA7, 0x30, 0xC6, 0x27, 0x85, 0xBD, 0x3F,
    0x1F, 0x3B, 0x7F, 0xFB, 0xDB, 0x18, 0x7B, 0xAF, 0x79, 0x79, 0x6D, 0x15, 0x1F, 0xE4, 0x66, 0x5E,
    0x37, 0xEA, 0xF3, 0xD3, 0xD7, 0x42, 0xB5, 0x92, 0xE3, 0x83, 0x5A, 0x8B, 0x5D, 0xEF, 0x37, 0x67,
    0x10, 0xCD, 0x9A, 0x95, 0x1E, 0x9C, 0xBF, 0x96, 0xAD, 0xB4, 0xF4, 0x6F, 0xBF, 0x08, 0x3E, 0xFF,
    0x58, 0xBA, 0xD3, 0xAD, 0xCF, 0x6F, 0xD4, 0x5A, 0x2C, 0xFB, 0xC7, 0xDD, 0x9A, 0x6E, 0x7D, 0x7C,
    0xA3, 0xBF, 0x16, 0x0F, 0xD5, 0xC7, 0xFB, 0xAB, 0xCE, 0x38, 0x3C, 0xDE, 0x5F, 0x01, 0xBC, 0x3A,
    0x2B, 0x89, 0xB0, 0x40, 0xDA, 0x4D, 0x72, 0xA3, 0x70, 0x8A, 0xE2, 0xB1, 0xF7, 0xCF, 0xED, 0xDD,
    0xDF, 0x71, 0xA7, 0x00, 0x50, 0x59, 0xB0, 0xF1, 0x79, 0x36, 0xDD, 0xEB, 0x31, 0x6C, 0xB4, 0xF3,
    0xCF, 0x82, 0x94, 0xCF, 0x93, 0x74, 0xBF, 0xF7, 0xDF, 0x29, 0x08, 0x00, 0x73, 0x38, 0x2B, 0xEB,
    0x7E, 0x1C, 0xBF, 0x48, 0xBA, 0x41, 0x0A, 0x56, 0x9A, 0x22, 0x35, 0x10, 0x67, 0x4E, 0xB7, 0xB5,
    0x24, 0xFF, 0x0E, 0x1E, 0x35, 0x82, 0x6C, 0x6F, 0x77, 0xCF, 0xE7, 0x08, 0xDB, 0x3B, 0x5C, 0xB8,
    0xDB, 0x76, 0x35, 0x2F, 0x41, 0x41, 0x22, 0x9A, 0xF9, 0x73, 0xE9, 0x5B, 0xED, 0xB9, 0x12, 0xE6,
    0x96, 0xBF, 0xF7, 0x2B, 0x61, 0xEE, 0x1D, 0xE2, 0xA9, 0xBD, 0xFF, 0xFC, 0x4C, 0xE9, 0x19, 0xDB,
    0xCF, 0x46, 0x77, 0xB2, 0x99, 0xD8, 0xCE, 0x97, 0x89, 0x38, 0x37, 0x62, 0xA6, 0x55, 0x14, 0xC6,
    0xDF, 0xF3, 0x95, 0x71, 0xC9, 0x29, 0x32, 0x4B, 0xE4, 0x44, 0x6B, 0x4E, 0x01, 0x23, 0x1C, 0x18,
    0xC9, 0xF9, 0xDB, 0xE0, 0xE3, 0xF7, 0x1C, 0x1D, 0xB2, 0x06, 0xBC, 0xE5, 0x6E, 0xAD, 0xC0, 0x31,
    0xDC, 0x5D, 0x1D, 0x7F, 0x8D, 0x19, 0x37, 0xFF, 0xBA, 0xB8, 0x9E, 0x7D, 0xDC, 0x4B, 0x61, 0xF9,
    0x7D, 0x96, 0x09, 0x0A, 0x94, 0x3C, 0xBE, 0x91, 0xBC, 0x3F, 0xEA, 0xE8, 0x99, 0x9E, 0xFC, 0x47,
    0xF8, 0x60, 0x9C, 0xE3, 0xDF, 0xD7, 0x2B, 0xCD, 0x56, 0xAB, 0xBD, 0xB9, 0xFD, 0xB6, 0x9B, 0x75,
    0x6A, 0xD2, 0x31, 0xF6, 0xEB, 0xF9, 0x5A, 0xA1, 0x84, 0x47, 0xAB, 0x7E, 0xBC, 0x15, 0x51, 0xC7,
    0xDA, 0x4E, 0x04, 0x11, 0xAF, 0x43, 0xDD, 0xEB, 0xF1, 0x55, 0xAF, 0x15, 0x7B, 0x69, 0x13, 0xE7,
    0x63, 0xB1, 0x2C, 0xB4, 0xC9, 0xCF, 0x86, 0xE7, 0x79, 0x98, 0x9F, 0x0D, 0x4F, 0xED, 0x27, 0xED,
    0x99, 0xCA, 0xC5, 0x76, 0xA3, 0x87, 0x25, 0x6D, 0xE7, 0x47, 0x5A, 0x11, 0x85, 0xD2, 0x66, 0x7E,
    0xC4, 0xC8, 0x98, 0xA8, 0xD4, 0x3A, 0x66, 0x88, 0xE3, 0x51, 0x71, 0x0B, 0x41, 0x50, 0xB8, 0x30,
    0xD3, 0xDF, 0x98, 0xA5, 0x8D, 0x29, 0xF0, 0xC4, 0xAF, 0x99, 0xBA, 0x7D, 0xDF, 0xE7, 0xC7, 0xF7,
    0xBD, 0x71, 0xFB, 0xBE, 0x77, 0xDC, 0x7F, 0xFF, 0x8A, 0xB6, 0xD9, 0x7E, 0xFF, 0x3A, 0x3E, 0x8D,
    0x1C, 0x87, 0x12, 0x2B, 0x01, 0xAF, 0x67, 0xA8, 0xE4, 0xF9, 0x63, 0x6E, 0x99, 0x8C, 0x2F, 0x67,
    0x96, 0xC4, 0xDE, 0xFF, 0x37, 0xCB, 0x4D, 0xA9, 0x60, 0xC1, 0x86, 0xCB, 0x09, 0x6A, 0x92, 0x58,
    0x63, 0x4A, 0x92, 0x41, 0xBD, 0xDF, 0xFD, 0x73, 0x7B, 0xF7, 0xCF, 0x8D, 0xDD, 0x73, 0xD5, 0xED,
    0x9D, 0x3E, 0x7F, 0x9F, 0xBF, 0xCD, 0xCB, 0x38, 0xDC, 0xFC, 0xDC, 0x9A, 0x91, 0x1D, 0x1B, 0xB7,
    0xF6, 0x4B, 0xE5, 0x13, 0x40, 0xE0, 0xB7, 0xA2, 0x75, 0x9E, 0x56, 0xD6, 0xFA, 0xC1, 0x9D, 0x36,
    0xFE, 0x6A, 0x97, 0x3F, 0x3A, 0xFF, 0xE5, 0xF3, 0x8F, 0x72, 0x63, 0x5A, 0x3C, 0xFD, 0x50, 0xF4,
    0x77, 0xD9, 0x3F, 0xFC, 0xC7, 0xFE, 0x69, 0xBB, 0xFF, 0xEB, 0x9F, 0xDB, 0xEE, 0x5F, 0xCB, 0x26,
    0xC7, 0xD5, 0x67, 0xD3, 0x8F, 0x0A, 0xD4, 0xF7, 0x7C, 0xA5, 0xAA, 0xD3, 0x9E, 0xBE, 0xFC, 0x4D,
    0xE1, 0xD4, 0x4E, 0x5A, 0x6B, 0xEA, 0xC7, 0xA7, 0x58, 0x59, 0xEB, 0x95, 0xFF, 0xAB, 0x3F, 0x5D,
    0xFE, 0x0D, 0x68, 0xED, 0xEF, 0xDE, 0x3F, 0xE3, 0xFA, 0x2C, 0x57, 0x28, 0x34, 0xCE, 0xA6, 0x7F,
    0x5A, 0xFF, 0x1E, 0x3F, 0xB7, 0xB7, 0x7F, 0xAD, 0xBB, 0xEB, 0x28, 0x68, 0xD7, 0x6E, 0x73, 0x6C,
    0x6D, 0xFF, 0x03, 0x75, 0x8E, 0x01, 0x06, 0x05, 0x31, 0x0C, 0x44, 0x43, 0x01, 0x86, 0x5E, 0x65,
    0xF8, 0x00, 0xA1, 0x57, 0xCF, 0x01, 0xCA, 0xBF, 0xCA, 0x1E, 0xA0, 0xD8, 0xA4, 0xAA, 0xCD, 0xA2,
    0xEF, 0x01, 0xF3, 0x84, 0xC8, 0xA4, 0xFC, 0xC1, 0xB0, 0x0D, 0xF0, 0x28, 0x9B, 0xF2, 0x00, 0x10,
    0x88, 0xF7, 0x44, 0xEA, 0x6B, 0x6F, 0xFD, 0xD2, 0x15, 0x1D, 0x06, 0xF3, 0xFB, 0x7E, 0x4C, 0x7D,
    0xED, 0xB7, 0x5E, 0x8D, 0xD3, 0xDF, 0xA0, 0x6D, 0xF5, 0xF3, 0x1F, 0xC3, 0xAA, 0x74, 0xC0, 0xE2,
    0x2A, 0xA2, 0xBC, 0x63, 0x00, 0x03, 0xFB, 0x3F, 0x36, 0x36, 0xC6, 0x67, 0x8C, 0xCF, 0xD8, 0x9F,
    0xB1, 0xB7, 0x01, 0xC2, 0x3F, 0x10, 0x12, 0x24, 0x03, 0x00,
};

static const EpdGlyph helvetica_9_italicGlyphs[] = {
    { 13, 13, 224, 2, 13, 43, 0 }, // U+0000
    { 16, 16, 256, 0, 14, 64, 43 }, // U+0001
    { 16, 16, 256, 0, 14, 64, 107 }, // U+0002
    { 16, 16, 256, 0, 14, 64, 171 }, // U+0003
    { 16, 16, 256, 0, 14, 64, 235 }, // U+0004
    { 16, 16, 256, 0, 14, 64, 299 }, // U+0005
    { 16, 16, 256, 0, 14, 64, 363 }, // U+0006
    { 16, 16, 256, 0, 14, 64, 427 }, // U+0007
    { 16, 16, 256, 0, 14, 64, 491 }, // U+0008
    { 16, 16, 256, 0, 14, 64, 555 }, // U+0009
    { 16, 16, 256, 0, 14, 64, 619 }, // U+000A
    { 16, 16, 256, 0, 14, 64, 683 }, // U+000B
    { 16, 16, 256, 0, 14, 64, 747 }, // U+000C
    { 16, 16, 256, 0, 14, 64, 811 }, // U+000D
    { 16, 16, 256, 0, 14, 64, 875 }, // U+000E
    { 16, 16, 256, 0, 14, 64, 939 }, // U+000F
    { 16, 16, 256, 0, 14, 64, 1003 }, // U+0010
    { 16, 16, 256, 0, 14, 64, 1067 }, // U+0011
    { 16, 16, 256, 0, 14, 64, 1131 }, // U+0012
    { 16, 16, 256, 0, 14, 64, 1195 }, // U+0013
    { 16, 16, 256, 0, 14, 64, 1259 }, // U+0014
    { 16, 16, 256, 0, 14, 64, 1323 }, // U+0015
    { 16, 16, 256, 0, 14, 64, 1387 }, // U+0016
    { 16, 16, 256, 0, 14, 64, 1451 }, // U+0017
    { 16, 16, 256, 0, 14, 64, 1515 }, // U+0018
    { 16, 16, 256, 0, 14, 64, 1579 }, // U+0019
    { 16, 16, 256, 0, 14, 64, 1643 }, // U+001A
    { 16, 16, 256, 0, 14, 64, 1707 }, // U+001B
    { 16, 16, 256, 0, 14, 64, 1771 }, // U+001C
    { 16, 16, 256, 0, 14, 64, 1835 }, // U+001D
    { 16, 16, 256, 0, 14, 64, 1899 }, // U+001E
    { 16, 16, 256, 0, 14, 64, 1963 }, // U+001F
    { 1, 1, 80, 0, 1, 1, 2027 }, // U+0020
    { 5, 14, 80, 2, 14, 18, 2028 }, // !
    { 6, 4, 112, 3, 14, 6, 2046 }, // "
    { 11, 13, 176, 1, 13, 36, 2052 }, // #
    { 10, 16, 160, 1, 14, 40, 2088 }, // $
    { 12, 13, 256, 3, 13, 39, 2128 }, // %
    { 10, 13, 192, 2, 13, 33, 2167 }, // &
    { 3, 4, 64, 3, 14, 3, 2200 }, // '
    { 8, 18, 96, 1, 14, 36, 2203 }, // (
    { 8, 18, 96, -1, 14, 36, 2239 }, // )
    { 5, 6, 128, 4, 14, 8, 2275 }, // *
    { 8, 10, 160, 2, 10, 20, 2283 }, // +
    { 3, 5, 80, 1, 2, 4, 2303 }, // ,
    { 5, 2, 96, 1, 6, 3, 2307 }, // -
    { 2, 2, 80, 2, 2, 1, 2310 }, // .
    { 8, 14, 80, 0, 14, 28, 2311 }, // /
    { 9, 13, 160, 2, 13, 30, 2339 }, // 0
    { 5, 13, 160, 5, 13, 17, 2369 }, // 1
    { 10, 13, 160, 1, 13, 33, 2386 }, // 2
    { 10, 13, 160, 1, 13, 33, 2419 }, // 3
    { 9, 13, 160, 2, 13, 30, 2452 }, // 4
    { 10, 13, 160, 1, 13, 33, 2482 }, // 5
    { 10, 13, 160, 2, 13, 33, 2515 }, // 6
    { 10, 13, 160, 2, 13, 33, 2548 }, // 7
    { 9, 13, 160, 2, 13, 30, 2581 }, // 8
    { 10, 13, 160, 1, 13, 33, 2611 }, // 9
    { 4, 10, 80, 1, 10, 10, 2644 }, // :
    { 5, 13, 80, 0, 10, 17, 2654 }, // ;
    { 8, 7, 176, 2, 8, 14, 2671 }, // <
    { 8, 5, 176, 2, 7, 10, 2685 }, // =
    { 8, 7, 176, 2, 8, 14, 2695 }, // >
    { 8, 14, 160, 3, 14, 28, 2709 }, // ?
    { 17, 17, 288, 2, 14, 73, 2737 }, // @
    { 11, 14, 192, 0, 14, 39, 2810 }, // A
    { 11, 14, 208, 2, 14, 39, 2849 }, // B
    { 12, 14, 208, 2, 14, 42, 2888 }, // C
    { 13, 14, 208, 1, 14, 46, 2930 }, // D
    { 12, 14, 192, 2, 14, 42, 2976 }, // E
    { 12, 14, 176, 1, 14, 42, 3018 }, // F
    { 12, 14, 224, 2, 14, 42, 3060 }, // G
    { 13, 14, 224, 2, 14, 46, 3102 }, // H
    { 5, 14, 96, 2, 14, 18, 3148 }, // I
    { 10, 14, 144, 0, 14, 35, 3166 }, // J
    { 13, 14, 208, 1, 14, 46, 3201 }, // K
    { 7, 14, 160, 2, 14, 25, 3247 }, // L
    { 16, 14, 240, 1, 14, 56, 3272 }, // M
    { 13, 14, 224, 2, 14, 46, 3328 }, // N
    { 14, 14, 240, 2, 14, 49, 3374 }, // O
    { 11, 14, 192, 2, 14, 39, 3423 }, // P
    { 14, 15, 240, 2, 14, 53, 3462 }, // Q
    { 12, 14, 224, 2, 14, 42, 3515 }, // R
    { 11, 14, 192, 2, 14, 39, 3557 }, // S
    { 10, 14, 176, 3, 14, 35, 3596 }, // T
    { 12, 14, 224, 3, 14, 42, 3631 }, // U
    { 10, 14, 192, 4, 14, 35, 3673 }, // V
    { 16, 14, 272, 3, 14, 56, 3708 }, // W
    { 12, 14, 192, 1, 14, 42, 3764 }, // X
    { 10, 14, 192, 4, 14, 35, 3806 }, // Y
    { 13, 14, 176, 0, 14, 46, 3841 }, // Z
    { 8, 18, 80, 0, 14, 36, 3887 }, // [
    { 4, 14, 80, 2, 14, 14, 3923 }, // <backslash>
    { 8, 18, 80, -1, 14, 36, 3937 }, // ]
    { 8, 8, 160, 2, 13, 16, 3973 }, // ^
    { 11, 2, 160, -1, -2, 6, 3989 }, // _
    { 4, 3, 64, 3, 14, 3, 3995 }, // `
    { 9, 10, 160, 1, 10, 23, 3998 }, // a
    { 10, 14, 176, 1, 14, 35, 4021 }, // b
    { 9, 10, 144, 1, 10, 23, 4056 }, // c
    { 11, 14, 176, 1, 14, 39, 4079 }, // d
    { 9, 10, 144, 1, 10, 23, 4118 }, // e
    { 7, 14, 80, 1, 14, 25, 4141 }, // f
    { 11, 14, 160, 0, 10, 39, 4166 }, // g
    { 10, 14, 176, 1, 14, 35, 4205 }, // h
    { 5, 14, 64, 1, 14, 18, 4240 }, // i
    { 8, 18, 64, -2, 14, 36, 4258 }, // j
    { 9, 14, 144, 1, 14, 32, 4294 }, // k
    { 5, 14, 64, 1, 14, 18, 4326 }, // l
    { 14, 10, 224, 1, 10, 35, 4344 }, // m
    { 10, 10, 176, 1, 10, 25, 4379 }, // n
    { 9, 10, 160, 1, 10, 23, 4404 }, // o
    { 11, 14, 176, 0, 10, 39, 4427 }, // p
    { 10, 14, 160, 1, 10, 35, 4466 }, // q
    { 8, 10, 112, 1, 10, 20, 4501 }, // r
    { 9, 10, 144, 1, 10, 23, 4521 }, // s
    { 6, 13, 80, 1, 13, 20, 4544 }, // t
    { 10, 10, 160, 1, 10, 25, 4564 }, // u
    { 8, 10, 144, 2, 10, 20, 4589 }, // v
    { 12, 10, 208, 2, 10, 30, 4609 }, // w
    { 12, 10, 160, 0, 10, 30, 4639 }, // x
    { 10, 14, 160, 1, 10, 35, 4669 }, // y
    { 9, 10, 144, 1, 10, 23, 4704 }, // z
    { 8, 18, 96, 1, 14, 36, 4727 }, // {
    { 6, 18, 80, 0, 14, 27, 4763 }, // |
    { 8, 18, 112, 0, 14, 36, 4790 }, // }
    { 8, 3, 160, 2, 7, 6, 4826 }, // ~
    { 16, 16, 256, 0, 14, 64, 4832 }, // U+007F
    { 16, 16, 256, 0, 14, 64, 0 }, // U+0080
    { 16, 16, 256, 0, 14, 64, 64 }, // U+0081
    { 16, 16, 256, 0, 14, 64, 128 }, // U+0082
    { 16, 16, 256, 0, 14, 64, 192 }, // U+0083
    { 16, 16, 256, 0, 14, 64, 256 }, // U+0084
    { 16, 16, 256, 0, 14, 64, 320 }, // U+0085
    { 16, 16, 256, 0, 14, 64, 384 }, // U+0086
    { 16, 16, 256, 0, 14, 64, 448 }, // U+0087
    { 16, 16, 256, 0, 14, 64, 512 }, // U+0088
    { 16, 16, 256, 0, 14, 64, 576 }, // U+0089
    { 16, 16, 256, 0, 14, 64, 640 }, // U+008A
    { 16, 16, 256, 0, 14, 64, 704 }, // U+008B
    { 16, 16, 256, 0, 14, 64, 768 }, // U+008C
    { 16, 16, 256, 0, 14, 64, 832 }, // U+008D
    { 16, 16, 256, 0, 14, 64, 896 }, // U+008E
    { 16, 16, 256, 0, 14, 64, 960 }, // U+008F
    { 16, 16, 256, 0, 14, 64, 1024 }, // U+0090
    { 16, 16, 256, 0, 14, 64, 1088 }, // U+0091
    { 16, 16, 256, 0, 14, 64, 1152 }, // U+0092
    { 16, 16, 256, 0, 14, 64, 1216 }, // U+0093
    { 16, 16, 256, 0, 14, 64, 1280 }, // U+0094
    { 16, 16, 256, 0, 14, 64, 1344 }, // U+0095
    { 16, 16, 256, 0, 14, 64, 1408 }, // U+0096
    { 16, 16, 256, 0, 14, 64, 1472 }, // U+0097
    { 16, 16, 256, 0, 14, 64, 1536 }, // U+0098
    { 16, 16, 256, 0, 14, 64, 1600 }, // U+0099
    { 16, 16, 256, 0, 14, 64, 1664 }, // U+009A
    { 16, 16, 256, 0, 14, 64, 1728 }, // U+009B
    { 16, 16, 256, 0, 14, 64, 1792 }, // U+009C
    { 16, 16, 256, 0, 14, 64, 1856 }, // U+009D
    { 16, 16, 256, 0, 14, 64, 1920 }, // U+009E
    { 16, 16, 256, 0, 14, 64, 1984 }, // U+009F
    { 1, 1, 80, 0, 1, 1, 2048 }, // U+00A0
    { 5, 14, 96, 1, 10, 18, 2049 }, // U+00A1
    { 9, 14, 160, 2, 12, 32, 2067 }, // U+00A2
    { 11, 13, 160, 1, 13, 36, 2099 }, // U+00A3
    { 9, 7, 176, 2, 10, 16, 2135 }, // U+00A4
    { 11, 13, 160, 2, 13, 36, 2151 }, // U+00A5
    { 7, 18, 80, 0, 14, 32, 2187 }, // U+00A6
    { 11, 18, 160, 0, 14, 50, 2219 }, // U+00A7
    { 5, 2, 96, 3, 13, 3, 2269 }, // U+00A8
    { 15, 14, 240, 1, 14, 53, 2272 }, // U+00A9
    { 7, 9, 112, 2, 14, 16, 2325 }, // U+00AA
    { 8, 6, 160, 2, 9, 12, 2341 }, // U+00AB
    { 9, 5, 176, 2, 7, 12, 2353 }, // U+00AC
    { 5, 2, 96, 1, 6, 3, 2365 }, // U+00AD
    { 15, 14, 240, 1, 14, 53, 2368 }, // U+00AE
    { 5, 1, 80, 3, 12, 2, 2421 }, // U+00AF
    { 6, 5, 112, 2, 13, 8, 2423 }, // U+00B0
    { 9, 11, 160, 1, 11, 25, 2431 }, // U+00B1
    { 6, 8, 96, 2, 13, 12, 2456 }, // U+00B2
    { 7, 8, 96, 1, 13, 14, 2468 }, // U+00B3
    { 4, 3, 64, 3, 14, 3, 2482 }, // U+00B4
    { 12, 14, 160, -1, 10, 42, 2485 }, // U+00B5
    { 9, 18, 160, 3, 14, 41, 2527 }, // U+00B6
    { 2, 2, 64, 2, 6, 1, 2568 }, // U+00B7
    { 5, 6, 80, -1, 1, 8, 2569 }, // U+00B8
    { 4, 8, 96, 3, 13, 8, 2577 }, // U+00B9
    { 7, 9, 112, 2, 14, 16, 2585 }, // U+00BA
    { 8, 6, 160, 2, 9, 12, 2601 }, // U+00BB
    { 12, 13, 240, 4, 13, 39, 2613 }, // U+00BC
    { 12, 13, 240, 3, 13, 39, 2652 }, // U+00BD
    { 14, 13, 240, 2, 13, 46, 2691 }, // U+00BE
    { 8, 14, 144, 0, 10, 28, 2737 }, // U+00BF
    { 11, 18, 192, 0, 18, 50, 2765 }, // U+00C0
    { 12, 18, 192, 0, 18, 54, 2815 }, // U+00C1
    { 12, 18, 192, 0, 18, 54, 2869 }, // U+00C2
    { 13, 18, 192, 0, 18, 59, 2923 }, // U+00C3
    { 12, 17, 192, 0, 17, 51, 2982 }, // U+00C4
    { 11, 17, 192, 0, 17, 47, 3033 }, // U+00C5
    { 19, 14, 272, 0, 14, 67, 3080 }, // U+00C6
    { 12, 19, 208, 2, 14, 57, 3147 }, // U+00C7
    { 12, 18, 192, 2, 18, 54, 3204 }, // U+00C8
    { 12, 18, 192, 2, 18, 54, 3258 }, // U+00C9
    { 12, 18, 192, 2, 18, 54, 3312 }, // U+00CA
    { 12, 17, 192, 2, 17, 51, 3366 }, // U+00CB
    { 6, 18, 96, 2, 18, 27, 3417 }, // U+00CC
    { 7, 18, 96, 2, 18, 32, 3444 }, // U+00CD
    { 7, 18, 96, 2, 18, 32, 3476 }, // U+00CE
    { 7, 17, 96, 2, 17, 30, 3508 }, // U+00CF
    { 13, 14, 208, 1, 14, 46, 3538 }, // U+00D0
    { 13, 18, 224, 2, 18, 59, 3584 }, // U+00D1
    { 14, 18, 240, 2, 18, 63, 3643 }, // U+00D2
    { 14, 18, 240, 2, 18, 63, 3706 }, // U+00D3
    { 14, 18, 240, 2, 18, 63, 3769 }, // U+00D4
    { 14, 18, 240, 2, 18, 63, 3832 }, // U+00D5
    { 14, 17, 240, 2, 17, 60, 3895 }, // U+00D6
    { 10, 10, 160, 1, 10, 25, 3955 }, // U+00D7
    { 15, 14, 240, 2, 14, 53, 3980 }, // U+00D8
    { 12, 18, 224, 3, 18, 54, 4033 }, // U+00D9
    { 12, 18, 224, 3, 18, 54, 4087 }, // U+00DA
    { 12, 18, 224, 3, 18, 54, 4141 }, // U+00DB
    { 12, 17, 224, 3, 17, 51, 4195 }, // U+00DC
    { 10, 18, 192, 4, 18, 45, 4246 }, // U+00DD
    { 10, 14, 192, 2, 14, 35, 4291 }, // U+00DE
    { 9, 14, 160, 1, 14, 32, 4326 }, // U+00DF
    { 9, 14, 160, 1, 14, 32, 4358 }, // U+00E0
    { 9, 14, 160, 1, 14, 32, 4390 }, // U+00E1
    { 9, 14, 160, 1, 14, 32, 4422 }, // U+00E2
    { 10, 14, 160, 1, 14, 35, 4454 }, // U+00E3
    { 9, 13, 160, 1, 13, 30, 4489 }, // U+00E4
    { 9, 14, 160, 1, 14, 32, 4519 }, // U+00E5
    { 14, 10, 240, 1, 10, 35, 4551 }, // U+00E6
    { 10, 15, 144, 0, 10, 38, 4586 }, // U+00E7
    { 9, 14, 144, 1, 14, 32, 4624 }, // U+00E8
    { 9, 14, 144, 1, 14, 32, 4656 }, // U+00E9
    { 9, 14, 144, 1, 14, 32, 4688 }, // U+00EA
    { 9, 13, 144, 1, 13, 30, 4720 }, // U+00EB
    { 4, 14, 64, 1, 14, 14, 4750 }, // U+00EC
    { 6, 14, 64, 1, 14, 21, 4764 }, // U+00ED
    { 6, 14, 64, 1, 14, 21, 4785 }, // U+00EE
    { 6, 13, 64, 1, 13, 20, 4806 }, // U+00EF
    { 9, 14, 160, 1, 14, 32, 4826 }, // U+00F0
    { 11, 14, 176, 1, 14, 39, 4858 }, // U+00F1
    { 9, 14, 160, 1, 14, 32, 4897 }, // U+00F2
    { 9, 14, 160, 1, 14, 32, 4929 }, // U+00F3
    { 9, 14, 160, 1, 14, 32, 4961 }, // U+00F4
    { 10, 14, 160, 1, 14, 35, 4993 }, // U+00F5
    { 9, 13, 160, 1, 13, 30, 5028 }, // U+00F6
    { 8, 8, 160, 2, 9, 16, 5058 }, // U+00F7
    { 13, 10, 160, -1, 10, 33, 5074 }, // U+00F8
    { 10, 14, 160, 1, 14, 35, 5107 }, // U+00F9
    { 10, 14, 160, 1, 14, 35, 5142 }, // U+00FA
    { 10, 14, 160, 1, 14, 35, 5177 }, // U+00FB
    { 10, 13, 160, 1, 13, 33, 5212 }, // U+00FC
    { 10, 18, 160, 1, 14, 45, 5245 }, // U+00FD
    { 11, 18, 176, 0, 14, 50, 5290 }, // U+00FE
    { 10, 17, 160, 1, 13, 43, 5340 }, // U+00FF
    { 11, 16, 192, 0, 16, 44, 0 }, // U+0100
    { 9, 12, 160, 1, 12, 27, 44 }, // U+0101
    { 11, 18, 192, 0, 18, 50, 71 }, // U+0102
    { 9, 14, 160, 1, 14, 32, 121 }, // U+0103
    { 11, 19, 192, 0, 14, 53, 153 }, // U+0104
    { 9, 15, 160, 1, 10, 34, 206 }, // U+0105
    { 12, 18, 208, 2, 18, 54, 240 }, // U+0106
    { 9, 14, 144, 1, 14, 32, 294 }, // U+0107
    { 12, 18, 208, 2, 18, 54, 326 }, // U+0108
    { 9, 14, 144, 1, 14, 32, 380 }, // U+0109
    { 12, 17, 208, 2, 17, 51, 412 }, // U+010A
    { 9, 13, 144, 1, 13, 30, 463 }, // U+010B
    { 12, 18, 208, 2, 18, 54, 493 }, // U+010C
    { 9, 14, 144, 1, 14, 32, 547 }, // U+010D
    { 13, 18, 208, 1, 18, 59, 579 }, // U+010E
    { 15, 14, 224, 1, 14, 53, 638 }, // U+010F
    { 13, 14, 208, 1, 14, 46, 691 }, // U+0110
    { 11, 14, 176, 1, 14, 39, 737 }, // U+0111
    { 12, 16, 192, 2, 16, 48, 776 }, // U+0112
    { 9, 12, 144, 1, 12, 27, 824 }, // U+0113
    { 12, 18, 192, 2, 18, 54, 851 }, // U+0114
    { 9, 14, 144, 1, 14, 32, 905 }, // U+0115
    { 12, 17, 192, 2, 17, 51, 937 }, // U+0116
    { 9, 13, 144, 1, 13, 30, 988 }, // U+0117
    { 12, 19, 192, 2, 14, 57, 1018 }, // U+0118
    { 9, 15, 144, 1, 10, 34, 1075 }, // U+0119
    { 12, 18, 192, 2, 18, 54, 1109 }, // U+011A
    { 9, 14, 144, 1, 14, 32, 1163 }, // U+011B
    { 12, 18, 224, 2, 18, 54, 1195 }, // U+011C
    { 11, 18, 160, 0, 14, 50, 1249 }, // U+011D
    { 12, 18, 224, 2, 18, 54, 1299 }, // U+011E
    { 11, 18, 160, 0, 14, 50, 1353 }, // U+011F
    { 12, 17, 224, 2, 17, 51, 1403 }, // U+0120
    { 11, 17, 160, 0, 13, 47, 1454 }, // U+0121
    { 12, 20, 224, 2, 14, 60, 1501 }, // U+0122
    { 11, 19, 160, 0, 15, 53, 1561 }, // U+0123
    { 13, 18, 224, 2, 18, 59, 1614 }, // U+0124
    { 10, 18, 176, 1, 18, 45, 1673 }, // U+0125
    { 13, 14, 224, 2, 14, 46, 1718 }, // U+0126
    { 10, 14, 176, 1, 14, 35, 1764 }, // U+0127
    { 7, 18, 96, 2, 18, 32, 1799 }, // U+0128
    { 7, 14, 64, 1, 14, 25, 1831 }, // U+0129
    { 6, 16, 96, 2, 16, 24, 1856 }, // U+012A
    { 5, 12, 64, 1, 12, 15, 1880 }, // U+012B
    { 6, 18, 96, 2, 18, 27, 1895 }, // U+012C
    { 5, 14, 64, 1, 14, 18, 1922 }, // U+012D
    { 6, 19, 96, 1, 14, 29, 1940 }, // U+012E
    { 6, 19, 64, 0, 14, 29, 1969 }, // U+012F
    { 5, 17, 96, 2, 17, 22, 1998 }, // U+0130
    { 4, 10, 64, 1, 10, 10, 2020 }, // U+0131
    { 14, 14, 240, 2, 14, 49, 2030 }, // U+0132
    { 9, 18, 128, 1, 14, 41, 2079 }, // U+0133
    { 11, 18, 144, 0, 18, 50, 2120 }, // U+0134
    { 8, 18, 64, -2, 14, 36, 2170 }, // U+0135
    { 13, 20, 208, 1, 14, 65, 2206 }, // U+0136
    { 9, 20, 144, 1, 14, 45, 2271 }, // U+0137
    { 9, 10, 144, 1, 10, 23, 2316 }, // U+0138
    { 7, 18, 160, 2, 18, 32, 2339 }, // U+0139
    { 6, 18, 64, 1, 18, 27, 2371 }, // U+013A
    { 7, 20, 160, 2, 14, 35, 2398 }, // U+013B
    { 5, 20, 64, 1, 14, 25, 2433 }, // U+013C
    { 14, 14, 224, 2, 14, 49, 2458 }, // U+013D
    { 9, 14, 128, 1, 14, 32, 2507 }, // U+013E
    { 12, 14, 224, 2, 14, 42, 2539 }, // U+013F
    { 7, 14, 128, 1, 14, 25, 2581 }, // U+0140
    { 7, 14, 160, 2, 14, 25, 2606 }, // U+0141
    { 5, 14, 64, 1, 14, 18, 2631 }, // U+0142
    { 13, 18, 224, 2, 18, 59, 2649 }, // U+0143
    { 10, 14, 176, 1, 14, 35, 2708 }, // U+0144
    { 13, 20, 224, 2, 14, 65, 2743 }, // U+0145
    { 10, 16, 176, 1, 10, 40, 2808 }, // U+0146
    { 13, 18, 224, 2, 18, 59, 2848 }, // U+0147
    { 10, 14, 176, 1, 14, 35, 2907 }, // U+0148
    { 12, 14, 240, 3, 14, 42, 2942 }, // U+0149
    { 13, 18, 224, 2, 14, 59, 2984 }, // U+014A
    { 10, 14, 176, 1, 10, 35, 3043 }, // U+014B
    { 14, 16, 240, 2, 16, 56, 3078 }, // U+014C
    { 9, 12, 160, 1, 12, 27, 3134 }, // U+014D
    { 14, 18, 240, 2, 18, 63, 3161 }, // U+014E
    { 9, 14, 160, 1, 14, 32, 3224 }, // U+014F
    { 14, 18, 240, 2, 18, 63, 3256 }, // U+0150
    { 9, 14, 160, 1, 14, 32, 3319 }, // U+0151
    { 19, 14, 304, 2, 14, 67, 3351 }, // U+0152
    { 15, 10, 256, 1, 10, 38, 3418 }, // U+0153
    { 12, 18, 224, 2, 18, 54, 3456 }, // U+0154
    { 8, 14, 112, 1, 14, 28, 3510 }, // U+0155
    { 12, 20, 224, 2, 14, 60, 3538 }, // U+0156
    { 8, 16, 112, 1, 10, 32, 3598 }, // U+0157
    { 12, 18, 224, 2, 18, 54, 3630 }, // U+0158
    { 8, 14, 112, 1, 14, 28, 3684 }, // U+0159
    { 11, 18, 192, 2, 18, 50, 3712 }, // U+015A
    { 9, 14, 144, 1, 14, 32, 3762 }, // U+015B
    { 11, 18, 192, 2, 18, 50, 3794 }, // U+015C
    { 9, 14, 144, 1, 14, 32, 3844 }, // U+015D
    { 11, 19, 192, 2, 14, 53, 3876 }, // U+015E
    { 9, 15, 144, 1, 10, 34, 3929 }, // U+015F
    { 10, 14, 192, 2, 14, 35, 3963 }, // U+0160
    { 9, 14, 144, 1, 14, 32, 3998 }, // U+0161
    { 10, 19, 176, 3, 14, 48, 4030 }, // U+0162
    { 7, 18, 80, 0, 13, 32, 4078 }, // U+0163
    { 10, 18, 176, 3, 18, 45, 4110 }, // U+0164
    { 10, 14, 144, 1, 14, 35, 4155 }, // U+0165
    { 10, 14, 176, 3, 14, 35, 4190 }, // U+0166
    { 6, 13, 80, 1, 13, 20, 4225 }, // U+0167
    { 12, 18, 224, 3, 18, 54, 4245 }, // U+0168
    { 10, 14, 160, 1, 14, 35, 4299 }, // U+0169
    { 12, 16, 224, 3, 16, 48, 4334 }, // U+016A
    { 10, 12, 160, 1, 12, 30, 4382 }, // U+016B
    { 12, 18, 224, 3, 18, 54, 4412 }, // U+016C
    { 10, 14, 160, 1, 14, 35, 4466 }, // U+016D
    { 12, 19, 224, 3, 19, 57, 4501 }, // U+016E
    { 10, 15, 160, 1, 15, 38, 4558 }, // U+016F
    { 12, 18, 224, 3, 18, 54, 4596 }, // U+0170
    { 10, 14, 160, 1, 14, 35, 4650 }, // U+0171
    { 12, 19, 224, 3, 14, 57, 4685 }, // U+0172
    { 10, 15, 160, 1, 10, 38, 4742 }, // U+0173
    { 16, 18, 272, 3, 18, 72, 4780 }, // U+0174
    { 12, 14, 208, 2, 14, 42, 4852 }, // U+0175
    { 10, 18, 192, 4, 18, 45, 4894 }, // U+0176
    { 10, 18, 160, 1, 14, 45, 4939 }, // U+0177
    { 10, 14, 192, 4, 14, 35, 4984 }, // U+0178
    { 13, 18, 176, 0, 18, 59, 5019 }, // U+0179
    { 9, 14, 144, 1, 14, 32, 5078 }, // U+017A
    { 13, 17, 176, 0, 17, 56, 5110 }, // U+017B
    { 9, 13, 144, 1, 13, 30, 5166 }, // U+017C
    { 13, 14, 176, 0, 14, 46, 5196 }, // U+017D
    { 9, 14, 144, 1, 14, 32, 5242 }, // U+017E
    { 8, 16, 128, 0, 14, 32, 5274 }, // U+017F
    { 16, 14, 240, 2, 14, 56, 0 }, // U+01A0
    { 11, 10, 160, 1, 10, 28, 56 }, // U+01A1
    { 14, 14, 224, 3, 14, 49, 84 }, // U+01AF
    { 12, 10, 160, 1, 10, 30, 133 }, // U+01B0
    { 8, 16, 128, 0, 14, 32, 163 }, // U+01C4
    { 8, 16, 128, 0, 14, 32, 195 }, // U+01C5
    { 8, 16, 128, 0, 14, 32, 227 }, // U+01C6
    { 8, 16, 128, 0, 14, 32, 259 }, // U+01C7
    { 8, 16, 128, 0, 14, 32, 291 }, // U+01C8
    { 8, 16, 128, 0, 14, 32, 323 }, // U+01C9
    { 8, 16, 128, 0, 14, 32, 355 }, // U+01CA
    { 8, 16, 128, 0, 14, 32, 387 }, // U+01CB
    { 8, 16, 128, 0, 14, 32, 419 }, // U+01CC
    { 11, 18, 192, 0, 18, 50, 451 }, // U+01CD
    { 9, 14, 160, 1, 14, 32, 501 }, // U+01CE
    { 6, 18, 96, 2, 18, 27, 533 }, // U+01CF
    { 6, 14, 64, 1, 14, 21, 560 }, // U+01D0
    { 14, 18, 240, 2, 18, 63, 581 }, // U+01D1
    { 9, 14, 160, 1, 14, 32, 644 }, // U+01D2
    { 12, 18, 224, 3, 18, 54, 676 }, // U+01D3
    { 10, 14, 160, 1, 14, 35, 730 }, // U+01D4
    { 12, 19, 224, 3, 19, 57, 765 }, // U+01D5
    { 10, 15, 160, 1, 15, 38, 822 }, // U+01D6
    { 12, 21, 224, 3, 21, 63, 860 }, // U+01D7
    { 10, 17, 160, 1, 17, 43, 923 }, // U+01D8
    { 12, 21, 224, 3, 21, 63, 966 }, // U+01D9
    { 10, 17, 160, 1, 17, 43, 1029 }, // U+01DA
    { 12, 21, 224, 3, 21, 63, 1072 }, // U+01DB
    { 10, 17, 160, 1, 17, 43, 1135 }, // U+01DC
    { 9, 10, 144, 1, 10, 23, 1178 }, // U+01DD
    { 12, 19, 192, 0, 19, 57, 1201 }, // U+01DE
    { 9, 15, 160, 1, 15, 34, 1258 }, // U+01DF
    { 11, 19, 192, 0, 19, 53, 1292 }, // U+01E0
    { 9, 15, 160, 1, 15, 34, 1345 }, // U+01E1
    { 19, 16, 272, 0, 16, 76, 1379 }, // U+01E2
    { 14, 12, 240, 1, 12, 42, 1455 }, // U+01E3
    { 13, 14, 224, 2, 14, 46, 1497 }, // U+01E4
    { 11, 14, 160, 0, 10, 39, 1543 }, // U+01E5
    { 12, 18, 224, 2, 18, 54, 1582 }, // U+01E6
    { 11, 18, 160, 0, 14, 50, 1636 }, // U+01E7
    { 13, 18, 208, 1, 18, 59, 1686 }, // U+01E8
    { 9, 18, 144, 1, 18, 41, 1745 }, // U+01E9
    { 14, 19, 240, 2, 14, 67, 1786 }, // U+01EA
    { 9, 15, 160, 1, 10, 34, 1853 }, // U+01EB
    { 14, 21, 240, 2, 16, 74, 1887 }, // U+01EC
    { 9, 17, 160, 1, 12, 39, 1961 }, // U+01ED
    { 8, 16, 128, 0, 14, 32, 2000 }, // U+01EE
    { 8, 16, 128, 0, 14, 32, 2032 }, // U+01EF
    { 8, 18, 64, -2, 14, 36, 2064 }, // U+01F0
    { 8, 16, 128, 0, 14, 32, 2100 }, // U+01F1
    { 8, 16, 128, 0, 14, 32, 2132 }, // U+01F2
    { 8, 16, 128, 0, 14, 32, 2164 }, // U+01F3
    { 12, 18, 224, 2, 18, 54, 2196 }, // U+01F4
    { 11, 18, 160, 0, 14, 50, 2250 }, // U+01F5
    { 8, 16, 128, 0, 14, 32, 2300 }, // U+01F6
    { 8, 16, 128, 0, 14, 32, 2332 }, // U+01F7
    { 13, 18, 224, 2, 18, 59, 2364 }, // U+01F8
    { 10, 14, 176, 1, 14, 35, 2423 }, // U+01F9
    { 11, 21, 192, 0, 21, 58, 2458 }, // U+01FA
    { 9, 18, 160, 1, 18, 41, 2516 }, // U+01FB
    { 19, 18, 272, 0, 18, 86, 2557 }, // U+01FC
    { 14, 14, 240, 1, 14, 49, 2643 }, // U+01FD
    { 15, 18, 240, 2, 18, 68, 2692 }, // U+01FE
    { 13, 14, 160, -1, 14, 46, 2760 }, // U+01FF
    { 8, 16, 128, 0, 14, 32, 2806 }, // U+0200
    { 8, 16, 128, 0, 14, 32, 2838 }, // U+0201
    { 8, 16, 128, 0, 14, 32, 2870 }, // U+0202
    { 8, 16, 128, 0, 14, 32, 2902 }, // U+0203
    { 8, 16, 128, 0, 14, 32, 2934 }, // U+0204
    { 8, 16, 128, 0, 14, 32, 2966 }, // U+0205
    { 8, 16, 128, 0, 14, 32, 2998 }, // U+0206
    { 8, 16, 128, 0, 14, 32, 3030 }, // U+0207
    { 8, 16, 128, 0, 14, 32, 3062 }, // U+0208
    { 8, 16, 128, 0, 14, 32, 3094 }, // U+0209
    { 8, 16, 128, 0, 14, 32, 3126 }, // U+020A
    { 8, 16, 128, 0, 14, 32, 3158 }, // U+020B
    { 8, 16, 128, 0, 14, 32, 3190 }, // U+020C
    { 8, 16, 128, 0, 14, 32, 3222 }, // U+020D
    { 8, 16, 128, 0, 14, 32, 3254 }, // U+020E
    { 8, 16, 128, 0, 14, 32, 3286 }, // U+020F
    { 8, 16, 128, 0, 14, 32, 3318 }, // U+0210
    { 8, 16, 128, 0, 14, 32, 3350 }, // U+0211
    { 8, 16, 128, 0, 14, 32, 3382 }, // U+0212
    { 8, 16, 128, 0, 14, 32, 3414 }, // U+0213
    { 8, 16, 128, 0, 14, 32, 3446 }, // U+0214
    { 8, 16, 128, 0, 14, 32, 3478 }, // U+0215
    { 8, 16, 128, 0, 14, 32, 3510 }, // U+0216
    { 8, 16, 128, 0, 14, 32, 3542 }, // U+0217
    { 11, 20, 192, 2, 14, 55, 3574 }, // U+0218
    { 9, 16, 144, 1, 10, 36, 3629 }, // U+0219
    { 10, 20, 176, 3, 14, 50, 3665 }, // U+021A
    { 6, 19, 80, 1, 13, 29, 3715 }, // U+021B
    { 8, 16, 128, 0, 14, 32, 3744 }, // U+021C
    { 8, 16, 128, 0, 14, 32, 3776 }, // U+021D
    { 13, 18, 224, 2, 18, 59, 3808 }, // U+021E
    { 10, 18, 176, 1, 18, 45, 3867 }, // U+021F
    { 8, 16, 128, 0, 14, 32, 0 }, // U+0300
    { 8, 16, 128, 0, 14, 32, 32 }, // U+0301
    { 8, 16, 128, 0, 14, 32, 64 }, // U+0302
    { 8, 16, 128, 0, 14, 32, 96 }, // U+0303
    { 8, 16, 128, 0, 14, 32, 128 }, // U+0304
    { 8, 16, 128, 0, 14, 32, 160 }, // U+0305
    { 8, 16, 128, 0, 14, 32, 192 }, // U+0306
    { 8, 16, 128, 0, 14, 32, 224 }, // U+0307
    { 8, 16, 128, 0, 14, 32, 256 }, // U+0308
    { 8, 16, 128, 0, 14, 32, 288 }, // U+0309
    { 8, 16, 128, 0, 14, 32, 320 }, // U+030A
    { 8, 16, 128, 0, 14, 32, 352 }, // U+030B
    { 8, 16, 128, 0, 14, 32, 384 }, // U+030C
    { 8, 16, 128, 0, 14, 32, 416 }, // U+030D
    { 8, 16, 128, 0, 14, 32, 448 }, // U+030E
    { 8, 16, 128, 0, 14, 32, 480 }, // U+030F
    { 8, 16, 128, 0, 14, 32, 512 }, // U+0310
    { 8, 16, 128, 0, 14, 32, 544 }, // U+0311
    { 8, 16, 128, 0, 14, 32, 576 }, // U+0312
    { 8, 16, 128, 0, 14, 32, 608 }, // U+0313
    { 8, 16, 128, 0, 14, 32, 640 }, // U+0314
    { 8, 16, 128, 0, 14, 32, 672 }, // U+0315
    { 8, 16, 128, 0, 14, 32, 704 }, // U+0316
    { 8, 16, 128, 0, 14, 32, 736 }, // U+0317
    { 8, 16, 128, 0, 14, 32, 768 }, // U+0318
    { 8, 16, 128, 0, 14, 32, 800 }, // U+0319
    { 8, 16, 128, 0, 14, 32, 832 }, // U+031A
    { 8, 16, 128, 0, 14, 32, 864 }, // U+031B
    { 8, 16, 128, 0, 14, 32, 896 }, // U+031C
    { 8, 16, 128, 0, 14, 32, 928 }, // U+031D
    { 8, 16, 128, 0, 14, 32, 960 }, // U+031E
    { 8, 16, 128, 0, 14, 32, 992 }, // U+031F
    { 8, 16, 128, 0, 14, 32, 1024 }, // U+0320
    { 8, 16, 128, 0, 14, 32, 1056 }, // U+0321
    { 8, 16, 128, 0, 14, 32, 1088 }, // U+0322
    { 8, 16, 128, 0, 14, 32, 1120 }, // U+0323
    { 8, 16, 128, 0, 14, 32, 1152 }, // U+0324
    { 8, 16, 128, 0, 14, 32, 1184 }, // U+0325
    { 8, 16, 128, 0, 14, 32, 1216 }, // U+0326
    { 8, 16, 128, 0, 14, 32, 1248 }, // U+0327
    { 8, 16, 128, 0, 14, 32, 1280 }, // U+0328
    { 8, 16, 128, 0, 14, 32, 1312 }, // U+0329
    { 8, 16, 128, 0, 14, 32, 1344 }, // U+032A
    { 8, 16, 128, 0, 14, 32, 1376 }, // U+032B
    { 8, 16, 128, 0, 14, 32, 1408 }, // U+032C
    { 8, 16, 128, 0, 14, 32, 1440 }, // U+032D
    { 8, 16, 128, 0, 14, 32, 1472 }, // U+032E
    { 8, 16, 128, 0, 14, 32, 1504 }, // U+032F
    { 8, 16, 128, 0, 14, 32, 1536 }, // U+0330
    { 8, 16, 128, 0, 14, 32, 1568 }, // U+0331
    { 8, 16, 128, 0, 14, 32, 1600 }, // U+0332
    { 8, 16, 128, 0, 14, 32, 1632 }, // U+0333
    { 8, 16, 128, 0, 14, 32, 1664 }, // U+0334
    { 8, 16, 128, 0, 14, 32, 1696 }, // U+0335
    { 8, 16, 128, 0, 14, 32, 1728 }, // U+0336
    { 8, 16, 128, 0, 14, 32, 1760 }, // U+0337
    { 8, 16, 128, 0, 14, 32, 1792 }, // U+0338
    { 8, 16, 128, 0, 14, 32, 1824 }, // U+0339
    { 8, 16, 128, 0, 14, 32, 1856 }, // U+033A
    { 8, 16, 128, 0, 14, 32, 1888 }, // U+033B
    { 8, 16, 128, 0, 14, 32, 1920 }, // U+033C
    { 8, 16, 128, 0, 14, 32, 1952 }, // U+033D
    { 8, 16, 128, 0, 14, 32, 1984 }, // U+033E
    { 8, 16, 128, 0, 14, 32, 2016 }, // U+033F
    { 8, 16, 128, 0, 14, 32, 2048 }, // U+0340
    { 8, 16, 128, 0, 14, 32, 2080 }, // U+0341
    { 8, 16, 128, 0, 14, 32, 2112 }, // U+0342
    { 8, 16, 128, 0, 14, 32, 2144 }, // U+0343
    { 8, 16, 128, 0, 14, 32, 2176 }, // U+0344
    { 8, 16, 128, 0, 14, 32, 2208 }, // U+0345
    { 8, 16, 128, 0, 14, 32, 2240 }, // U+0346
    { 8, 16, 128, 0, 14, 32, 2272 }, // U+0347
    { 8, 16, 128, 0, 14, 32, 2304 }, // U+0348
    { 8, 16, 128, 0, 14, 32, 2336 }, // U+0349
    { 8, 16, 128, 0, 14, 32, 2368 }, // U+034A
    { 8, 16, 128, 0, 14, 32, 2400 }, // U+034B
    { 8, 16, 128, 0, 14, 32, 2432 }, // U+034C
    { 8, 16, 128, 0, 14, 32, 2464 }, // U+034D
    { 8, 16, 128, 0, 14, 32, 2496 }, // U+034E
    { 16, 16, 256, 0, 14, 64, 2528 }, // U+034F
    { 8, 16, 128, 0, 14, 32, 2592 }, // U+0350
    { 8, 16, 128, 0, 14, 32, 2624 }, // U+0351
    { 8, 16, 128, 0, 14, 32, 2656 }, // U+0352
    { 8, 16, 128, 0, 14, 32, 2688 }, // U+0353
    { 8, 16, 128, 0, 14, 32, 2720 }, // U+0354
    { 8, 16, 128, 0, 14, 32, 2752 }, // U+0355
    { 8, 16, 128, 0, 14, 32, 2784 }, // U+0356
    { 8, 16, 128, 0, 14, 32, 2816 }, // U+0357
    { 8, 16, 128, 0, 14, 32, 2848 }, // U+0358
    { 8, 16, 128, 0, 14, 32, 2880 }, // U+0359
    { 8, 16, 128, 0, 14, 32, 2912 }, // U+035A
    { 8, 16, 128, 0, 14, 32, 2944 }, // U+035B
    { 16, 16, 256, 0, 14, 64, 2976 }, // U+035C
    { 16, 16, 256, 0, 14, 64, 3040 }, // U+035D
    { 16, 16, 256, 0, 14, 64, 3104 }, // U+035E
    { 16, 16, 256, 0, 14, 64, 3168 }, // U+035F
    { 16, 16, 256, 0, 14, 64, 3232 }, // U+0360
    { 16, 16, 256, 0, 14, 64, 3296 }, // U+0361
    { 16, 16, 256, 0, 14, 64, 3360 }, // U+0362
    { 8, 16, 128, 0, 14, 32, 3424 }, // U+0363
    { 8, 16, 128, 0, 14, 32, 3456 }, // U+0364
    { 8, 16, 128, 0, 14, 32, 3488 }, // U+0365
    { 8, 16, 128, 0, 14, 32, 3520 }, // U+0366
    { 8, 16, 128, 0, 14, 32, 3552 }, // U+0367
    { 8, 16, 128, 0, 14, 32, 3584 }, // U+0368
    { 8, 16, 128, 0, 14, 32, 3616 }, // U+0369
    { 8, 16, 128, 0, 14, 32, 3648 }, // U+036A
    { 8, 16, 128, 0, 14, 32, 3680 }, // U+036B
    { 8, 16, 128, 0, 14, 32, 3712 }, // U+036C
    { 8, 16, 128, 0, 14, 32, 3744 }, // U+036D
    { 8, 16, 128, 0, 14, 32, 3776 }, // U+036E
    { 8, 16, 128, 0, 14, 32, 3808 }, // U+036F
    { 8, 16, 128, 0, 14, 32, 0 }, // U+0400
    { 8, 16, 128, 0, 14, 32, 32 }, // U+0401
    { 8, 16, 128, 0, 14, 32, 64 }, // U+0402
    { 8, 16, 128, 0, 14, 32, 96 }, // U+0403
    { 8, 16, 128, 0, 14, 32, 128 }, // U+0404
    { 8, 16, 128, 0, 14, 32, 160 }, // U+0405
    { 8, 16, 128, 0, 14, 32, 192 }, // U+0406
    { 8, 16, 128, 0, 14, 32, 224 }, // U+0407
    { 8, 16, 128, 0, 14, 32, 256 }, // U+0408
    { 8, 16, 128, 0, 14, 32, 288 }, // U+0409
    { 8, 16, 128, 0, 14, 32, 320 }, // U+040A
    { 8, 16, 128, 0, 14, 32, 352 }, // U+040B
    { 8, 16, 128, 0, 14, 32, 384 }, // U+040C
    { 8, 16, 128, 0, 14, 32, 416 }, // U+040D
    { 8, 16, 128, 0, 14, 32, 448 }, // U+040E
    { 8, 16, 128, 0, 14, 32, 480 }, // U+040F
    { 8, 16, 128, 0, 14, 32, 512 }, // U+0410
    { 8, 16, 128, 0, 14, 32, 544 }, // U+0411
    { 8, 16, 128, 0, 14, 32, 576 }, // U+0412
    { 8, 16, 128, 0, 14, 32, 608 }, // U+0413
    { 8, 16, 128, 0, 14, 32, 640 }, // U+0414
    { 8, 16, 128, 0, 14, 32, 672 }, // U+0415
    { 8, 16, 128, 0, 14, 32, 704 }, // U+0416
    { 8, 16, 128, 0, 14, 32, 736 }, // U+0417
    { 8, 16, 128, 0, 14, 32, 768 }, // U+0418
    { 8, 16, 128, 0, 14, 32, 800 }, // U+0419
    { 8, 16, 128, 0, 14, 32, 832 }, // U+041A
    { 8, 16, 128, 0, 14, 32, 864 }, // U+041B
    { 8, 16, 128, 0, 14, 32, 896 }, // U+041C
    { 8, 16, 128, 0, 14, 32, 928 }, // U+041D
    { 8, 16, 128, 0, 14, 32, 960 }, // U+041E
    { 8, 16, 128, 0, 14, 32, 992 }, // U+041F
    { 8, 16, 128, 0, 14, 32, 1024 }, // U+0420
    { 8, 16, 128, 0, 14, 32, 1056 }, // U+0421
    { 8, 16, 128, 0, 14, 32, 1088 }, // U+0422
    { 8, 16, 128, 0, 14, 32, 1120 }, // U+0423
    { 8, 16, 128, 0, 14, 32, 1152 }, // U+0424
    { 8, 16, 128, 0, 14, 32, 1184 }, // U+0425
    { 8, 16, 128, 0, 14, 32, 1216 }, // U+0426
    { 8, 16, 128, 0, 14, 32, 1248 }, // U+0427
    { 8, 16, 128, 0, 14, 32, 1280 }, // U+0428
    { 8, 16, 128, 0, 14, 32, 1312 }, // U+0429
    { 8, 16, 128, 0, 14, 32, 1344 }, // U+042A
    { 8, 16, 128, 0, 14, 32, 1376 }, // U+042B
    { 8, 16, 128, 0, 14, 32, 1408 }, // U+042C
    { 8, 16, 128, 0, 14, 32, 1440 }, // U+042D
    { 8, 16, 128, 0, 14, 32, 1472 }, // U+042E
    { 8, 16, 128, 0, 14, 32, 1504 }, // U+042F
    { 8, 16, 128, 0, 14, 32, 1536 }, // U+0430
    { 8, 16, 128, 0, 14, 32, 1568 }, // U+0431
    { 8, 16, 128, 0, 14, 32, 1600 }, // U+0432
    { 8, 16, 128, 0, 14, 32, 1632 }, // U+0433
    { 8, 16, 128, 0, 14, 32, 1664 }, // U+0434
    { 8, 16, 128, 0, 14, 32, 1696 }, // U+0435
    { 8, 16, 128, 0, 14, 32, 1728 }, // U+0436
    { 8, 16, 128, 0, 14, 32, 1760 }, // U+0437
    { 8, 16, 128, 0, 14, 32, 1792 }, // U+0438
    { 8, 16, 128, 0, 14, 32, 1824 }, // U+0439
    { 8, 16, 128, 0, 14, 32, 1856 }, // U+043A
    { 8, 16, 128, 0, 14, 32, 1888 }, // U+043B
    { 8, 16, 128, 0, 14, 32, 1920 }, // U+043C
    { 8, 16, 128, 0, 14, 32, 1952 }, // U+043D
    { 8, 16, 128, 0, 14, 32, 1984 }, // U+043E
    { 8, 16, 128, 0, 14, 32, 2016 }, // U+043F
    { 8, 16, 128, 0, 14, 32, 2048 }, // U+0440
    { 8, 16, 128, 0, 14, 32, 2080 }, // U+0441
    { 8, 16, 128, 0, 14, 32, 2112 }, // U+0442
    { 8, 16, 128, 0, 14, 32, 2144 }, // U+0443
    { 8, 16, 128, 0, 14, 32, 2176 }, // U+0444
    { 8, 16, 128, 0, 14, 32, 2208 }, // U+0445
    { 8, 16, 128, 0, 14, 32, 2240 }, // U+0446
    { 8, 16, 128, 0, 14, 32, 2272 }, // U+0447
    { 8, 16, 128, 0, 14, 32, 2304 }, // U+0448
    { 8, 16, 128, 0, 14, 32, 2336 }, // U+0449
    { 8, 16, 128, 0, 14, 32, 2368 }, // U+044A
    { 8, 16, 128, 0, 14, 32, 2400 }, // U+044B
    { 8, 16, 128, 0, 14, 32, 2432 }, // U+044C
    { 8, 16, 128, 0, 14, 32, 2464 }, // U+044D
    { 8, 16, 128, 0, 14, 32, 2496 }, // U+044E
    { 8, 16, 128, 0, 14, 32, 2528 }, // U+044F
    { 8, 16, 128, 0, 14, 32, 2560 }, // U+0450
    { 8, 16, 128, 0, 14, 32, 2592 }, // U+0451
    { 8, 16, 128, 0, 14, 32, 2624 }, // U+0452
    { 8, 16, 128, 0, 14, 32, 2656 }, // U+0453
    { 8, 16, 128, 0, 14, 32, 2688 }, // U+0454
    { 8, 16, 128, 0, 14, 32, 2720 }, // U+0455
    { 8, 16, 128, 0, 14, 32, 2752 }, // U+0456
    { 8, 16, 128, 0, 14, 32, 2784 }, // U+0457
    { 8, 16, 128, 0, 14, 32, 2816 }, // U+0458
    { 8, 16, 128, 0, 14, 32, 2848 }, // U+0459
    { 8, 16, 128, 0, 14, 32, 2880 }, // U+045A
    { 8, 16, 128, 0, 14, 32, 2912 }, // U+045B
    { 8, 16, 128, 0, 14, 32, 2944 }, // U+045C
    { 8, 16, 128, 0, 14, 32, 2976 }, // U+045D
    { 8, 16, 128, 0, 14, 32, 3008 }, // U+045E
    { 8, 16, 128, 0, 14, 32, 3040 }, // U+045F
    { 8, 16, 128, 0, 14, 32, 3072 }, // U+0460
    { 8, 16, 128, 0, 14, 32, 3104 }, // U+0461
    { 8, 16, 128, 0, 14, 32, 3136 }, // U+0462
    { 8, 16, 128, 0, 14, 32, 3168 }, // U+0463
    { 8, 16, 128, 0, 14, 32, 3200 }, // U+0464
    { 8, 16, 128, 0, 14, 32, 3232 }, // U+0465
    { 8, 16, 128, 0, 14, 32, 3264 }, // U+0466
    { 8, 16, 128, 0, 14, 32, 3296 }, // U+0467
    { 8, 16, 128, 0, 14, 32, 3328 }, // U+0468
    { 8, 16, 128, 0, 14, 32, 3360 }, // U+0469
    { 8, 16, 128, 0, 14, 32, 3392 }, // U+046A
    { 8, 16, 128, 0, 14, 32, 3424 }, // U+046B
    { 8, 16, 128, 0, 14, 32, 3456 }, // U+046C
    { 8, 16, 128, 0, 14, 32, 3488 }, // U+046D
    { 8, 16, 128, 0, 14, 32, 3520 }, // U+046E
    { 8, 16, 128, 0, 14, 32, 3552 }, // U+046F
    { 8, 16, 128, 0, 14, 32, 3584 }, // U+0470
    { 8, 16, 128, 0, 14, 32, 3616 }, // U+0471
    { 8, 16, 128, 0, 14, 32, 3648 }, // U+0472
    { 8, 16, 128, 0, 14, 32, 3680 }, // U+0473
    { 8, 16, 128, 0, 14, 32, 3712 }, // U+0474
    { 8, 16, 128, 0, 14, 32, 3744 }, // U+0475
    { 8, 16, 128, 0, 14, 32, 3776 }, // U+0476
    { 8, 16, 128, 0, 14, 32, 3808 }, // U+0477
    { 8, 16, 128, 0, 14, 32, 3840 }, // U+0478
    { 8, 16, 128, 0, 14, 32, 3872 }, // U+0479
    { 8, 16, 128, 0, 14, 32, 3904 }, // U+047A
    { 8, 16, 128, 0, 14, 32, 3936 }, // U+047B
    { 8, 16, 128, 0, 14, 32, 3968 }, // U+047C
    { 8, 16, 128, 0, 14, 32, 4000 }, // U+047D
    { 8, 16, 128, 0, 14, 32, 4032 }, // U+047E
    { 8, 16, 128, 0, 14, 32, 4064 }, // U+047F
    { 8, 16, 128, 0, 14, 32, 4096 }, // U+0480
    { 8, 16, 128, 0, 14, 32, 4128 }, // U+0481
    { 8, 16, 128, 0, 14, 32, 4160 }, // U+0482
    { 8, 16, 128, 0, 14, 32, 4192 }, // U+0483
    { 8, 16, 128, 0, 14, 32, 4224 }, // U+0484
    { 8, 16, 128, 0, 14, 32, 4256 }, // U+0485
    { 8, 16, 128, 0, 14, 32, 4288 }, // U+0486
    { 8, 16, 128, 0, 14, 32, 4320 }, // U+0487
    { 16, 16, 256, 0, 14, 64, 4352 }, // U+0488
    { 16, 16, 256, 0, 14, 64, 4416 }, // U+0489
    { 8, 16, 128, 0, 14, 32, 4480 }, // U+048A
    { 8, 16, 128, 0, 14, 32, 4512 }, // U+048B
    { 8, 16, 128, 0, 14, 32, 4544 }, // U+048C
    { 8, 16, 128, 0, 14, 32, 4576 }, // U+048D
    { 8, 16, 128, 0, 14, 32, 4608 }, // U+048E
    { 8, 16, 128, 0, 14, 32, 4640 }, // U+048F
    { 8, 16, 128, 0, 14, 32, 4672 }, // U+0490
    { 8, 16, 128, 0, 14, 32, 4704 }, // U+0491
    { 8, 16, 128, 0, 14, 32, 4736 }, // U+0492
    { 8, 16, 128, 0, 14, 32, 4768 }, // U+0493
    { 8, 16, 128, 0, 14, 32, 4800 }, // U+0494
    { 8, 16, 128, 0, 14, 32, 4832 }, // U+0495
    { 8, 16, 128, 0, 14, 32, 4864 }, // U+0496
    { 8, 16, 128, 0, 14, 32, 4896 }, // U+0497
    { 8, 16, 128, 0, 14, 32, 4928 }, // U+0498
    { 8, 16, 128, 0, 14, 32, 4960 }, // U+0499
    { 8, 16, 128, 0, 14, 32, 4992 }, // U+049A
    { 8, 16, 128, 0, 14, 32, 5024 }, // U+049B
    { 8, 16, 128, 0, 14, 32, 5056 }, // U+049C
    { 8, 16, 128, 0, 14, 32, 5088 }, // U+049D
    { 8, 16, 128, 0, 14, 32, 5120 }, // U+049E
    { 8, 16, 128, 0, 14, 32, 5152 }, // U+049F
    { 8, 16, 128, 0, 14, 32, 5184 }, // U+04A0
    { 8, 16, 128, 0, 14, 32, 5216 }, // U+04A1
    { 8, 16, 128, 0, 14, 32, 5248 }, // U+04A2
    { 8, 16, 128, 0, 14, 32, 5280 }, // U+04A3
    { 8, 16, 128, 0, 14, 32, 5312 }, // U+04A4
    { 8, 16, 128, 0, 14, 32, 5344 }, // U+04A5
    { 8, 16, 128, 0, 14, 32, 5376 }, // U+04A6
    { 8, 16, 128, 0, 14, 32, 5408 }, // U+04A7
    { 8, 16, 128, 0, 14, 32, 5440 }, // U+04A8
    { 8, 16, 128, 0, 14, 32, 5472 }, // U+04A9
    { 8, 16, 128, 0, 14, 32, 5504 }, // U+04AA
    { 8, 16, 128, 0, 14, 32, 5536 }, // U+04AB
    { 8, 16, 128, 0, 14, 32, 5568 }, // U+04AC
    { 8, 16, 128, 0, 14, 32, 5600 }, // U+04AD
    { 8, 16, 128, 0, 14, 32, 5632 }, // U+04AE
    { 8, 16, 128, 0, 14, 32, 5664 }, // U+04AF
    { 8, 16, 128, 0, 14, 32, 5696 }, // U+04B0
    { 8, 16, 128, 0, 14, 32, 5728 }, // U+04B1
    { 8, 16, 128, 0, 14, 32, 5760 }, // U+04B2
    { 8, 16, 128, 0, 14, 32, 5792 }, // U+04B3
    { 8, 16, 128, 0, 14, 32, 5824 }, // U+04B4
    { 8, 16, 128, 0, 14, 32, 5856 }, // U+04B5
    { 8, 16, 128, 0, 14, 32, 5888 }, // U+04B6
    { 8, 16, 128, 0, 14, 32, 5920 }, // U+04B7
    { 8, 16, 128, 0, 14, 32, 5952 }, // U+04B8
    { 8, 16, 128, 0, 14, 32, 5984 }, // U+04B9
    { 8, 16, 128, 0, 14, 32, 6016 }, // U+04BA
    { 8, 16, 128, 0, 14, 32, 6048 }, // U+04BB
    { 8, 16, 128, 0, 14, 32, 6080 }, // U+04BC
    { 8, 16, 128, 0, 14, 32, 6112 }, // U+04BD
    { 8, 16, 128, 0, 14, 32, 6144 }, // U+04BE
    { 8, 16, 128, 0, 14, 32, 6176 }, // U+04BF
    { 8, 16, 128, 0, 14, 32, 6208 }, // U+04C0
    { 8, 16, 128, 0, 14, 32, 6240 }, // U+04C1
    { 8, 16, 128, 0, 14, 32, 6272 }, // U+04C2
    { 8, 16, 128, 0, 14, 32, 6304 }, // U+04C3
    { 8, 16, 128, 0, 14, 32, 6336 }, // U+04C4
    { 8, 16, 128, 0, 14, 32, 6368 }, // U+04C5
    { 8, 16, 128, 0, 14, 32, 6400 }, // U+04C6
    { 8, 16, 128, 0, 14, 32, 6432 }, // U+04C7
    { 8, 16, 128, 0, 14, 32, 6464 }, // U+04C8
    { 8, 16, 128, 0, 14, 32, 6496 }, // U+04C9
    { 8, 16, 128, 0, 14, 32, 6528 }, // U+04CA
    { 8, 16, 128, 0, 14, 32, 6560 }, // U+04CB
    { 8, 16, 128, 0, 14, 32, 6592 }, // U+04CC
    { 8, 16, 128, 0, 14, 32, 6624 }, // U+04CD
    { 8, 16, 128, 0, 14, 32, 6656 }, // U+04CE
    { 8, 16, 128, 0, 14, 32, 6688 }, // U+04CF
    { 8, 16, 128, 0, 14, 32, 6720 }, // U+04D0
    { 8, 16, 128, 0, 14, 32, 6752 }, // U+04D1
    { 8, 16, 128, 0, 14, 32, 6784 }, // U+04D2
    { 8, 16, 128, 0, 14, 32, 6816 }, // U+04D3
    { 8, 16, 128, 0, 14, 32, 6848 }, // U+04D4
    { 8, 16, 128, 0, 14, 32, 6880 }, // U+04D5
    { 8, 16, 128, 0, 14, 32, 6912 }, // U+04D6
    { 8, 16, 128, 0, 14, 32, 6944 }, // U+04D7
    { 8, 16, 128, 0, 14, 32, 6976 }, // U+04D8
    { 8, 16, 128, 0, 14, 32, 7008 }, // U+04D9
    { 8, 16, 128, 0, 14, 32, 7040 }, // U+04DA
    { 8, 16, 128, 0, 14, 32, 7072 }, // U+04DB
    { 8, 16, 128, 0, 14, 32, 7104 }, // U+04DC
    { 8, 16, 128, 0, 14, 32, 7136 }, // U+04DD
    { 8, 16, 128, 0, 14, 32, 7168 }, // U+04DE
    { 8, 16, 128, 0, 14, 32, 7200 }, // U+04DF
    { 8, 16, 128, 0, 14, 32, 7232 }, // U+04E0
    { 8, 16, 128, 0, 14, 32, 7264 }, // U+04E1
    { 8, 16, 128, 0, 14, 32, 7296 }, // U+04E2
    { 8, 16, 128, 0, 14, 32, 7328 }, // U+04E3
    { 8, 16, 128, 0, 14, 32, 7360 }, // U+04E4
    { 8, 16, 128, 0, 14, 32, 7392 }, // U+04E5
    { 8, 16, 128, 0, 14, 32, 7424 }, // U+04E6
    { 8, 16, 128, 0, 14, 32, 7456 }, // U+04E7
    { 8, 16, 128, 0, 14, 32, 7488 }, // U+04E8
    { 8, 16, 128, 0, 14, 32, 7520 }, // U+04E9
    { 8, 16, 128, 0, 14, 32, 7552 }, // U+04EA
    { 8, 16, 128, 0, 14, 32, 7584 }, // U+04EB
    { 8, 16, 128, 0, 14, 32, 7616 }, // U+04EC
    { 8, 16, 128, 0, 14, 32, 7648 }, // U+04ED
    { 8, 16, 128, 0, 14, 32, 7680 }, // U+04EE
    { 8, 16, 128, 0, 14, 32, 7712 }, // U+04EF
    { 8, 16, 128, 0, 14, 32, 7744 }, // U+04F0
    { 8, 16, 128, 0, 14, 32, 7776 }, // U+04F1
    { 8, 16, 128, 0, 14, 32, 7808 }, // U+04F2
    { 8, 16, 128, 0, 14, 32, 7840 }, // U+04F3
    { 8, 16, 128, 0, 14, 32, 7872 }, // U+04F4
    { 8, 16, 128, 0, 14, 32, 7904 }, // U+04F5
    { 8, 16, 128, 0, 14, 32, 7936 }, // U+04F6
    { 8, 16, 128, 0, 14, 32, 7968 }, // U+04F7
    { 8, 16, 128, 0, 14, 32, 8000 }, // U+04F8
    { 8, 16, 128, 0, 14, 32, 8032 }, // U+04F9
    { 8, 16, 128, 0, 14, 32, 8064 }, // U+04FA
    { 8, 16, 128, 0, 14, 32, 8096 }, // U+04FB
    { 8, 16, 128, 0, 14, 32, 8128 }, // U+04FC
    { 8, 16, 128, 0, 14, 32, 8160 }, // U+04FD
    { 8, 16, 128, 0, 14, 32, 8192 }, // U+04FE
    { 8, 16, 128, 0, 14, 32, 8224 }, // U+04FF
    { 11, 17, 192, 0, 14, 47, 0 }, // U+1EA0
    { 9, 13, 160, 1, 10, 30, 47 }, // U+1EA1
    { 8, 16, 128, 0, 14, 32, 77 }, // U+1EA2
    { 8, 16, 128, 0, 14, 32, 109 }, // U+1EA3
    { 12, 22, 192, 0, 22, 66, 141 }, // U+1EA4
    { 9, 18, 160, 1, 18, 41, 207 }, // U+1EA5
    { 12, 22, 192, 0, 22, 66, 248 }, // U+1EA6
    { 9, 18, 160, 1, 18, 41, 314 }, // U+1EA7
    { 8, 16, 128, 0, 14, 32, 355 }, // U+1EA8
    { 8, 16, 128, 0, 14, 32, 387 }, // U+1EA9
    { 12, 22, 192, 0, 22, 66, 419 }, // U+1EAA
    { 10, 18, 160, 1, 18, 45, 485 }, // U+1EAB
    { 11, 21, 192, 0, 18, 58, 530 }, // U+1EAC
    { 9, 17, 160, 1, 14, 39, 588 }, // U+1EAD
    { 11, 22, 192, 0, 22, 61, 627 }, // U+1EAE
    { 9, 18, 160, 1, 18, 41, 688 }, // U+1EAF
    { 11, 22, 192, 0, 22, 61, 729 }, // U+1EB0
    { 9, 18, 160, 1, 18, 41, 790 }, // U+1EB1
    { 8, 16, 128, 0, 14, 32, 831 }, // U+1EB2
    { 8, 16, 128, 0, 14, 32, 863 }, // U+1EB3
    { 11, 22, 192, 0, 22, 61, 895 }, // U+1EB4
    { 9, 18, 160, 1, 18, 41, 956 }, // U+1EB5
    { 11, 21, 192, 0, 18, 58, 997 }, // U+1EB6
    { 9, 17, 160, 1, 14, 39, 1055 }, // U+1EB7
    { 12, 17, 192, 2, 14, 51, 1094 }, // U+1EB8
    { 9, 13, 144, 1, 10, 30, 1145 }, // U+1EB9
    { 8, 16, 128, 0, 14, 32, 1175 }, // U+1EBA
    { 8, 16, 128, 0, 14, 32, 1207 }, // U+1EBB
    { 12, 18, 192, 2, 18, 54, 1239 }, // U+1EBC
    { 9, 14, 144, 1, 14, 32, 1293 }, // U+1EBD
    { 12, 22, 192, 2, 22, 66, 1325 }, // U+1EBE
    { 9, 18, 144, 1, 18, 41, 1391 }, // U+1EBF
    { 12, 22, 192, 2, 22, 66, 1432 }, // U+1EC0
    { 9, 18, 144, 1, 18, 41, 1498 }, // U+1EC1
    { 8, 16, 128, 0, 14, 32, 1539 }, // U+1EC2
    { 8, 16, 128, 0, 14, 32, 1571 }, // U+1EC3
    { 12, 22, 192, 2, 22, 66, 1603 }, // U+1EC4
    { 10, 18, 144, 1, 18, 45, 1669 }, // U+1EC5
    { 12, 21, 192, 2, 18, 63, 1714 }, // U+1EC6
    { 9, 17, 144, 1, 14, 39, 1777 }, // U+1EC7
    { 8, 16, 128, 0, 14, 32, 1816 }, // U+1EC8
    { 8, 16, 128, 0, 14, 32, 1848 }, // U+1EC9
    { 5, 17, 96, 2, 14, 22, 1880 }, // U+1ECA
    { 5, 17, 64, 1, 14, 22, 1902 }, // U+1ECB
    { 14, 17, 240, 2, 14, 60, 1924 }, // U+1ECC
    { 9, 13, 160, 1, 10, 30, 1984 }, // U+1ECD
    { 8, 16, 128, 0, 14, 32, 2014 }, // U+1ECE
    { 8, 16, 128, 0, 14, 32, 2046 }, // U+1ECF
    { 14, 22, 240, 2, 22, 77, 2078 }, // U+1ED0
    { 9, 18, 160, 1, 18, 41, 2155 }, // U+1ED1
    { 14, 22, 240, 2, 22, 77, 2196 }, // U+1ED2
    { 9, 18, 160, 1, 18, 41, 2273 }, // U+1ED3
    { 8, 16, 128, 0, 14, 32, 2314 }, // U+1ED4
    { 8, 16, 128, 0, 14, 32, 2346 }, // U+1ED5
    { 14, 22, 240, 2, 22, 77, 2378 }, // U+1ED6
    { 10, 18, 160, 1, 18, 45, 2455 }, // U+1ED7
    { 14, 21, 240, 2, 18, 74, 2500 }, // U+1ED8
    { 9, 17, 160, 1, 14, 39, 2574 }, // U+1ED9
    { 16, 18, 240, 2, 18, 72, 2613 }, // U+1EDA
    { 11, 14, 160, 1, 14, 39, 2685 }, // U+1EDB
    { 16, 18, 240, 2, 18, 72, 2724 }, // U+1EDC
    { 11, 14, 160, 1, 14, 39, 2796 }, // U+1EDD
    { 8, 16, 128, 0, 14, 32, 2835 }, // U+1EDE
    { 8, 16, 128, 0, 14, 32, 2867 }, // U+1EDF
    { 16, 18, 240, 2, 18, 72, 2899 }, // U+1EE0
    { 11, 14, 160, 1, 14, 39, 2971 }, // U+1EE1
    { 16, 17, 240, 2, 14, 68, 3010 }, // U+1EE2
    { 11, 13, 160, 1, 10, 36, 3078 }, // U+1EE3
    { 12, 17, 224, 3, 14, 51, 3114 }, // U+1EE4
    { 10, 13, 160, 1, 10, 33, 3165 }, // U+1EE5
    { 8, 16, 128, 0, 14, 32, 3198 }, // U+1EE6
    { 8, 16, 128, 0, 14, 32, 3230 }, // U+1EE7
    { 14, 18, 224, 3, 18, 63, 3262 }, // U+1EE8
    { 12, 14, 160, 1, 14, 42, 3325 }, // U+1EE9
    { 14, 18, 224, 3, 18, 63, 3367 }, // U+1EEA
    { 12, 14, 160, 1, 14, 42, 3430 }, // U+1EEB
    { 8, 16, 128, 0, 14, 32, 3472 }, // U+1EEC
    { 8, 16, 128, 0, 14, 32, 3504 }, // U+1EED
    { 14, 18, 224, 3, 18, 63, 3536 }, // U+1EEE
    { 12, 14, 160, 1, 14, 42, 3599 }, // U+1EEF
    { 14, 17, 224, 3, 14, 60, 3641 }, // U+1EF0
    { 12, 13, 160, 1, 10, 39, 3701 }, // U+1EF1
    { 10, 18, 192, 4, 18, 45, 3740 }, // U+1EF2
    { 10, 18, 160, 1, 14, 45, 3785 }, // U+1EF3
    { 10, 17, 192, 4, 14, 43, 3830 }, // U+1EF4
    { 10, 17, 160, 1, 10, 43, 3873 }, // U+1EF5
    { 8, 16, 128, 0, 14, 32, 3916 }, // U+1EF6
    { 8, 16, 128, 0, 14, 32, 3948 }, // U+1EF7
    { 10, 18, 192, 4, 18, 45, 3980 }, // U+1EF8
    { 10, 18, 160, 1, 14, 45, 4025 }, // U+1EF9
    { 1, 1, 160, 0, 1, 1, 0 }, // U+2000
    { 1, 1, 304, 0, 1, 1, 1 }, // U+2001
    { 1, 1, 160, 0, 1, 1, 2 }, // U+2002
    { 1, 1, 304, 0, 1, 1, 3 }, // U+2003
    { 1, 1, 96, 0, 1, 1, 4 }, // U+2004
    { 1, 1, 80, 0, 1, 1, 5 }, // U+2005
    { 1, 1, 48, 0, 1, 1, 6 }, // U+2006
    { 1, 1, 160, 0, 1, 1, 7 }, // U+2007
    { 1, 1, 80, 0, 1, 1, 8 }, // U+2008
    { 1, 1, 64, 0, 1, 1, 9 }, // U+2009
    { 1, 1, 32, 0, 1, 1, 10 }, // U+200A
    { 1, 1, 0, 0, 1, 1, 11 }, // U+200B
    { 16, 16, 256, 0, 14, 64, 12 }, // U+200C
    { 16, 16, 256, 0, 14, 64, 76 }, // U+200D
    { 16, 16, 256, 0, 14, 64, 140 }, // U+200E
    { 16, 16, 256, 0, 14, 64, 204 }, // U+200F
    { 5, 2, 96, 1, 6, 3, 268 }, // U+2010
    { 5, 2, 96, 1, 6, 3, 271 }, // U+2011
    { 10, 2, 160, 1, 6, 5, 274 }, // U+2012
    { 10, 2, 160, 1, 6, 5, 279 }, // U+2013
    { 18, 2, 288, 1, 6, 9, 284 }, // U+2014
    { 18, 2, 288, 1, 6, 9, 293 }, // U+2015
    { 8, 16, 128, 0, 14, 32, 302 }, // U+2016
    { 8, 16, 128, 0, 14, 32, 334 }, // U+2017
    { 3, 4, 64, 3, 14, 3, 366 }, // U+2018
    { 3, 4, 64, 3, 14, 3, 369 }, // U+2019
    { 3, 4, 64, 0, 2, 3, 372 }, // U+201A
    { 3, 4, 64, 3, 14, 3, 375 }, // U+201B
    { 6, 4, 112, 3, 14, 6, 378 }, // U+201C
    { 6, 4, 112, 3, 14, 6, 384 }, // U+201D
    { 6, 4, 112, 0, 2, 6, 390 }, // U+201E
    { 6, 4, 112, 3, 14, 6, 396 }, // U+201F
    { 8, 18, 160, 3, 14, 36, 402 }, // U+2020
    { 10, 18, 160, 1, 14, 45, 438 }, // U+2021
    { 5, 5, 96, 2, 9, 7, 483 }, // U+2022
    { 8, 16, 128, 0, 14, 32, 490 }, // U+2023
    { 8, 16, 128, 0, 14, 32, 522 }, // U+2024
    { 8, 16, 128, 0, 14, 32, 554 }, // U+2025
    { 14, 2, 304, 2, 2, 7, 586 }, // U+2026
    { 8, 16, 128, 0, 14, 32, 593 }, // U+2027
    { 16, 16, 256, 0, 14, 64, 625 }, // U+2028
    { 16, 16, 256, 0, 14, 64, 689 }, // U+2029
    { 16, 16, 256, 0, 14, 64, 753 }, // U+202A
    { 16, 16, 256, 0, 14, 64, 817 }, // U+202B
    { 16, 16, 256, 0, 14, 64, 881 }, // U+202C
    { 16, 16, 256, 0, 14, 64, 945 }, // U+202D
    { 16, 16, 256, 0, 14, 64, 1009 }, // U+202E
    { 8, 16, 128, 0, 14, 32, 1073 }, // U+202F
    { 17, 13, 304, 1, 13, 56, 1105 }, // U+2030
    { 8, 16, 128, 0, 14, 32, 1161 }, // U+2031
    { 8, 16, 128, 0, 14, 32, 1193 }, // U+2032
    { 8, 16, 128, 0, 14, 32, 1225 }, // U+2033
    { 8, 16, 128, 0, 14, 32, 1257 }, // U+2034
    { 8, 16, 128, 0, 14, 32, 1289 }, // U+2035
    { 8, 16, 128, 0, 14, 32, 1321 }, // U+2036
    { 8, 16, 128, 0, 14, 32, 1353 }, // U+2037
    { 8, 16, 128, 0, 14, 32, 1385 }, // U+2038
    { 5, 6, 112, 2, 9, 8, 1417 }, // U+2039
    { 5, 6, 112, 2, 9, 8, 1425 }, // U+203A
    { 8, 16, 128, 0, 14, 32, 1433 }, // U+203B
    { 8, 16, 128, 0, 14, 32, 1465 }, // U+203C
    { 8, 16, 128, 0, 14, 32, 1497 }, // U+203D
    { 8, 16, 128, 0, 14, 32, 1529 }, // U+203E
    { 8, 16, 128, 0, 14, 32, 1561 }, // U+203F
    { 8, 16, 128, 0, 14, 32, 1593 }, // U+2040
    { 8, 16, 128, 0, 14, 32, 1625 }, // U+2041
    { 8, 16, 128, 0, 14, 32, 1657 }, // U+2042
    { 8, 16, 128, 0, 14, 32, 1689 }, // U+2043
    { 10, 13, 96, -1, 13, 33, 1721 }, // U+2044
    { 8, 16, 128, 0, 14, 32, 1754 }, // U+2045
    { 8, 16, 128, 0, 14, 32, 1786 }, // U+2046
    { 8, 16, 128, 0, 14, 32, 1818 }, // U+2047
    { 8, 16, 128, 0, 14, 32, 1850 }, // U+2048
    { 8, 16, 128, 0, 14, 32, 1882 }, // U+2049
    { 8, 16, 128, 0, 14, 32, 1914 }, // U+204A
    { 8, 16, 128, 0, 14, 32, 1946 }, // U+204B
    { 8, 16, 128, 0, 14, 32, 1978 }, // U+204C
    { 8, 16, 128, 0, 14, 32, 2010 }, // U+204D
    { 8, 16, 128, 0, 14, 32, 2042 }, // U+204E
    { 8, 16, 128, 0, 14, 32, 2074 }, // U+204F
    { 8, 16, 128, 0, 14, 32, 2106 }, // U+2050
    { 8, 16, 128, 0, 14, 32, 2138 }, // U+2051
    { 8, 16, 128, 0, 14, 32, 2170 }, // U+2052
    { 8, 16, 128, 0, 14, 32, 2202 }, // U+2053
    { 8, 16, 128, 0, 14, 32, 2234 }, // U+2054
    { 8, 16, 128, 0, 14, 32, 2266 }, // U+2055
    { 8, 16, 128, 0, 14, 32, 2298 }, // U+2056
    { 16, 16, 256, 0, 14, 64, 2330 }, // U+2057
    { 8, 16, 128, 0, 14, 32, 2394 }, // U+2058
    { 8, 16, 128, 0, 14, 32, 2426 }, // U+2059
    { 8, 16, 128, 0, 14, 32, 2458 }, // U+205A
    { 8, 16, 128, 0, 14, 32, 2490 }, // U+205B
    { 8, 16, 128, 0, 14, 32, 2522 }, // U+205C
    { 8, 16, 128, 0, 14, 32, 2554 }, // U+205D
    { 8, 16, 128, 0, 14, 32, 2586 }, // U+205E
    { 8, 16, 128, 0, 14, 32, 2618 }, // U+205F
    { 16, 16, 256, 0, 14, 64, 2650 }, // U+2060
    { 16, 16, 256, 0, 14, 64, 2714 }, // U+2061
    { 16, 16, 256, 0, 14, 64, 2778 }, // U+2062
    { 16, 16, 256, 0, 14, 64, 2842 }, // U+2063
    { 16, 16, 256, 0, 14, 64, 2906 }, // U+2064
    { 16, 16, 256, 0, 14, 64, 2970 }, // U+2065
    { 16, 16, 256, 0, 14, 64, 3034 }, // U+2066
    { 16, 16, 256, 0, 14, 64, 3098 }, // U+2067
    { 16, 16, 256, 0, 14, 64, 3162 }, // U+2068
    { 16, 16, 256, 0, 14, 64, 3226 }, // U+2069
    { 16, 16, 256, 0, 14, 64, 3290 }, // U+206A
    { 16, 16, 256, 0, 14, 64, 3354 }, // U+206B
    { 16, 16, 256, 0, 14, 64, 3418 }, // U+206C
    { 16, 16, 256, 0, 14, 64, 3482 }, // U+206D
    { 16, 16, 256, 0, 14, 64, 3546 }, // U+206E
    { 16, 16, 256, 0, 14, 64, 3610 }, // U+206F
    { 8, 16, 128, 0, 14, 32, 0 }, // U+2070
    { 8, 16, 128, 0, 14, 32, 32 }, // U+2071
    { 16, 16, 256, 0, 14, 64, 64 }, // U+2072
    { 16, 16, 256, 0, 14, 64, 128 }, // U+2073
    { 8, 16, 128, 0, 14, 32, 192 }, // U+2074
    { 8, 16, 128, 0, 14, 32, 224 }, // U+2075
    { 8, 16, 128, 0, 14, 32, 256 }, // U+2076
    { 8, 16, 128, 0, 14, 32, 288 }, // U+2077
    { 8, 16, 128, 0, 14, 32, 320 }, // U+2078
    { 8, 16, 128, 0, 14, 32, 352 }, // U+2079
    { 8, 16, 128, 0, 14, 32, 384 }, // U+207A
    { 8, 16, 128, 0, 14, 32, 416 }, // U+207B
    { 8, 16, 128, 0, 14, 32, 448 }, // U+207C
    { 8, 16, 128, 0, 14, 32, 480 }, // U+207D
    { 8, 16, 128, 0, 14, 32, 512 }, // U+207E
    { 8, 16, 128, 0, 14, 32, 544 }, // U+207F
    { 8, 16, 128, 0, 14, 32, 576 }, // U+2080
    { 4, 8, 96, 3, 3, 8, 608 }, // U+2081
    { 6, 8, 96, 2, 3, 12, 616 }, // U+2082
    { 7, 8, 96, 1, 3, 14, 628 }, // U+2083
    { 8, 16, 128, 0, 14, 32, 642 }, // U+2084
    { 8, 16, 128, 0, 14, 32, 674 }, // U+2085
    { 8, 16, 128, 0, 14, 32, 706 }, // U+2086
    { 8, 16, 128, 0, 14, 32, 738 }, // U+2087
    { 8, 16, 128, 0, 14, 32, 770 }, // U+2088
    { 8, 16, 128, 0, 14, 32, 802 }, // U+2089
    { 8, 16, 128, 0, 14, 32, 834 }, // U+208A
    { 8, 16, 128, 0, 14, 32, 866 }, // U+208B
    { 8, 16, 128, 0, 14, 32, 898 }, // U+208C
    { 8, 16, 128, 0, 14, 32, 930 }, // U+208D
    { 8, 16, 128, 0, 14, 32, 962 }, // U+208E
    { 8, 16, 128, 0, 14, 32, 994 }, // U+208F
    { 8, 16, 128, 0, 14, 32, 1026 }, // U+2090
    { 8, 16, 128, 0, 14, 32, 1058 }, // U+2091
    { 8, 16, 128, 0, 14, 32, 1090 }, // U+2092
    { 8, 16, 128, 0, 14, 32, 1122 }, // U+2093
    { 8, 16, 128, 0, 14, 32, 1154 }, // U+2094
    { 8, 16, 128, 0, 14, 32, 1186 }, // U+2095
    { 8, 16, 128, 0, 14, 32, 1218 }, // U+2096
    { 8, 16, 128, 0, 14, 32, 1250 }, // U+2097
    { 8, 16, 128, 0, 14, 32, 1282 }, // U+2098
    { 8, 16, 128, 0, 14, 32, 1314 }, // U+2099
    { 8, 16, 128, 0, 14, 32, 1346 }, // U+209A
    { 8, 16, 128, 0, 14, 32, 1378 }, // U+209B
    { 8, 16, 128, 0, 14, 32, 1410 }, // U+209C
    { 8, 16, 128, 0, 14, 32, 1442 }, // U+209D
    { 8, 16, 128, 0, 14, 32, 1474 }, // U+209E
    { 8, 16, 128, 0, 14, 32, 1506 }, // U+209F
    { 8, 16, 128, 0, 14, 32, 0 }, // U+20A0
    { 8, 16, 128, 0, 14, 32, 32 }, // U+20A1
    { 8, 16, 128, 0, 14, 32, 64 }, // U+20A2
    { 8, 16, 128, 0, 14, 32, 96 }, // U+20A3
    { 8, 16, 128, 0, 14, 32, 128 }, // U+20A4
    { 14, 14, 224, 1, 12, 49, 160 }, // U+20A5
    { 13, 14, 224, 2, 14, 46, 209 }, // U+20A6
    { 8, 16, 128, 0, 14, 32, 255 }, // U+20A7
    { 8, 16, 128, 0, 14, 32, 287 }, // U+20A8
    { 16, 14, 272, 3, 14, 56, 319 }, // U+20A9
    { 8, 16, 128, 0, 14, 32, 375 }, // U+20AA
    { 8, 16, 128, 0, 14, 32, 407 }, // U+20AB
    { 14, 14, 208, 0, 14, 49, 439 }, // U+20AC
    { 13, 14, 208, 1, 14, 46, 488 }, // U+20AD
    { 8, 16, 128, 0, 14, 32, 534 }, // U+20AE
    { 8, 16, 128, 0, 14, 32, 566 }, // U+20AF
    { 8, 16, 128, 0, 14, 32, 598 }, // U+20B0
    { 8, 16, 128, 0, 14, 32, 630 }, // U+20B1
    { 8, 16, 128, 0, 14, 32, 662 }, // U+20B2
    { 8, 16, 128, 0, 14, 32, 694 }, // U+20B3
    { 8, 16, 128, 0, 14, 32, 726 }, // U+20B4
    { 8, 16, 128, 0, 14, 32, 758 }, // U+20B5
    { 8, 16, 128, 0, 14, 32, 790 }, // U+20B6
    { 8, 16, 128, 0, 14, 32, 822 }, // U+20B7
    { 8, 16, 128, 0, 14, 32, 854 }, // U+20B8
    { 16, 16, 256, 0, 14, 64, 886 }, // U+20B9
    { 8, 16, 128, 0, 14, 32, 950 }, // U+20BA
    { 8, 16, 128, 0, 14, 32, 982 }, // U+20BB
    { 8, 16, 128, 0, 14, 32, 1014 }, // U+20BC
    { 8, 16, 128, 0, 14, 32, 1046 }, // U+20BD
    { 8, 16, 128, 0, 14, 32, 1078 }, // U+20BE
    { 8, 16, 128, 0, 14, 32, 1110 }, // U+20BF
    { 8, 16, 128, 0, 14, 32, 1142 }, // U+20C0
    { 8, 16, 128, 0, 14, 32, 1174 }, // U+20C1
    { 8, 16, 128, 0, 14, 32, 1206 }, // U+20C2
    { 8, 16, 128, 0, 14, 32, 1238 }, // U+20C3
    { 8, 16, 128, 0, 14, 32, 1270 }, // U+20C4
    { 16, 16, 256, 0, 14, 64, 1302 }, // U+20C5
    { 16, 16, 256, 0, 14, 64, 1366 }, // U+20C6
    { 16, 16, 256, 0, 14, 64, 1430 }, // U+20C7
    { 16, 16, 256, 0, 14, 64, 1494 }, // U+20C8
    { 16, 16, 256, 0, 14, 64, 1558 }, // U+20C9
    { 16, 16, 256, 0, 14, 64, 1622 }, // U+20CA
    { 16, 16, 256, 0, 14, 64, 1686 }, // U+20CB
    { 16, 16, 256, 0, 14, 64, 1750 }, // U+20CC
    { 16, 16, 256, 0, 14, 64, 1814 }, // U+20CD
    { 16, 16, 256, 0, 14, 64, 1878 }, // U+20CE
    { 16, 16, 256, 0, 14, 64, 1942 }, // U+20CF
    { 8, 16, 128, 0, 14, 32, 0 }, // U+2190
    { 8, 16, 128, 0, 14, 32, 32 }, // U+2191
    { 8, 16, 128, 0, 14, 32, 64 }, // U+2192
    { 8, 16, 128, 0, 14, 32, 96 }, // U+2193
    { 8, 16, 128, 0, 14, 32, 128 }, // U+2194
    { 8, 16, 128, 0, 14, 32, 160 }, // U+2195
    { 8, 16, 128, 0, 14, 32, 192 }, // U+2196
    { 8, 16, 128, 0, 14, 32, 224 }, // U+2197
    { 8, 16, 128, 0, 14, 32, 256 }, // U+2198
    { 8, 16, 128, 0, 14, 32, 288 }, // U+2199
    { 8, 16, 128, 0, 14, 32, 320 }, // U+219A
    { 8, 16, 128, 0, 14, 32, 352 }, // U+219B
    { 16, 16, 256, 0, 14, 64, 384 }, // U+219C
    { 16, 16, 256, 0, 14, 64, 448 }, // U+219D
    { 8, 16, 128, 0, 14, 32, 512 }, // U+219E
    { 8, 16, 128, 0, 14, 32, 544 }, // U+219F
    { 8, 16, 128, 0, 14, 32, 576 }, // U+21A0
    { 8, 16, 128, 0, 14, 32, 608 }, // U+21A1
    { 8, 16, 128, 0, 14, 32, 640 }, // U+21A2
    { 8, 16, 128, 0, 14, 32, 672 }, // U+21A3
    { 8, 16, 128, 0, 14, 32, 704 }, // U+21A4
    { 8, 16, 128, 0, 14, 32, 736 }, // U+21A5
    { 8, 16, 128, 0, 14, 32, 768 }, // U+21A6
    { 8, 16, 128, 0, 14, 32, 800 }, // U+21A7
    { 8, 16, 128, 0, 14, 32, 832 }, // U+21A8
    { 8, 16, 128, 0, 14, 32, 864 }, // U+21A9
    { 8, 16, 128, 0, 14, 32, 896 }, // U+21AA
    { 8, 16, 128, 0, 14, 32, 928 }, // U+21AB
    { 8, 16, 128, 0, 14, 32, 960 }, // U+21AC
    { 8, 16, 128, 0, 14, 32, 992 }, // U+21AD
    { 8, 16, 128, 0, 14, 32, 1024 }, // U+21AE
    { 8, 16, 128, 0, 14, 32, 1056 }, // U+21AF
    { 8, 16, 128, 0, 14, 32, 1088 }, // U+21B0
    { 8, 16, 128, 0, 14, 32, 1120 }, // U+21B1
    { 8, 16, 128, 0, 14, 32, 1152 }, // U+21B2
    { 8, 16, 128, 0, 14, 32, 1184 }, // U+21B3
    { 8, 16, 128, 0, 14, 32, 1216 }, // U+21B4
    { 8, 16, 128, 0, 14, 32, 1248 }, // U+21B5
    { 8, 16, 128, 0, 14, 32, 1280 }, // U+21B6
    { 8, 16, 128, 0, 14, 32, 1312 }, // U+21B7
    { 8, 16, 128, 0, 14, 32, 1344 }, // U+21B8
    { 8, 16, 128, 0, 14, 32, 1376 }, // U+21B9
    { 8, 16, 128, 0, 14, 32, 1408 }, // U+21BA
    { 8, 16, 128, 0, 14, 32, 1440 }, // U+21BB
    { 8, 16, 128, 0, 14, 32, 1472 }, // U+21BC
    { 8, 16, 128, 0, 14, 32, 1504 }, // U+21BD
    { 8, 16, 128, 0, 14, 32, 1536 }, // U+21BE
    { 8, 16, 128, 0, 14, 32, 1568 }, // U+21BF
    { 8, 16, 128, 0, 14, 32, 1600 }, // U+21C0
    { 8, 16, 128, 0, 14, 32, 1632 }, // U+21C1
    { 8, 16, 128, 0, 14, 32, 1664 }, // U+21C2
    { 8, 16, 128, 0, 14, 32, 1696 }, // U+21C3
    { 8, 16, 128, 0, 14, 32, 1728 }, // U+21C4
    { 8, 16, 128, 0, 14, 32, 1760 }, // U+21C5
    { 8, 16, 128, 0, 14, 32, 1792 }, // U+21C6
    { 8, 16, 128, 0, 14, 32, 1824 }, // U+21C7
    { 8, 16, 128, 0, 14, 32, 1856 }, // U+21C8
    { 8, 16, 128, 0, 14, 32, 1888 }, // U+21C9
    { 8, 16, 128, 0, 14, 32, 1920 }, // U+21CA
    { 8, 16, 128, 0, 14, 32, 1952 }, // U+21CB
    { 8, 16, 128, 0, 14, 32, 1984 }, // U+21CC
    { 8, 16, 128, 0, 14, 32, 2016 }, // U+21CD
    { 8, 16, 128, 0, 14, 32, 2048 }, // U+21CE
    { 8, 16, 128, 0, 14, 32, 2080 }, // U+21CF
    { 8, 16, 128, 0, 14, 32, 2112 }, // U+21D0
    { 8, 16, 128, 0, 14, 32, 2144 }, // U+21D1
    { 8, 16, 128, 0, 14, 32, 2176 }, // U+21D2
    { 8, 16, 128, 0, 14, 32, 2208 }, // U+21D3
    { 8, 16, 128, 0, 14, 32, 2240 }, // U+21D4
    { 8, 16, 128, 0, 14, 32, 2272 }, // U+21D5
    { 8, 16, 128, 0, 14, 32, 2304 }, // U+21D6
    { 8, 16, 128, 0, 14, 32, 2336 }, // U+21D7
    { 8, 16, 128, 0, 14, 32, 2368 }, // U+21D8
    { 8, 16, 128, 0, 14, 32, 2400 }, // U+21D9
    { 8, 16, 128, 0, 14, 32, 2432 }, // U+21DA
    { 8, 16, 128, 0, 14, 32, 2464 }, // U+21DB
    { 8, 16, 128, 0, 14, 32, 2496 }, // U+21DC
    { 8, 16, 128, 0, 14, 32, 2528 }, // U+21DD
    { 8, 16, 128, 0, 14, 32, 2560 }, // U+21DE
    { 8, 16, 128, 0, 14, 32, 2592 }, // U+21DF
    { 8, 16, 128, 0, 14, 32, 2624 }, // U+21E0
    { 8, 16, 128, 0, 14, 32, 2656 }, // U+21E1
    { 8, 16, 128, 0, 14, 32, 2688 }, // U+21E2
    { 8, 16, 128, 0, 14, 32, 2720 }, // U+21E3
    { 8, 16, 128, 0, 14, 32, 2752 }, // U+21E4
    { 8, 16, 128, 0, 14, 32, 2784 }, // U+21E5
    { 8, 16, 128, 0, 14, 32, 2816 }, // U+21E6
    { 8, 16, 128, 0, 14, 32, 2848 }, // U+21E7
    { 8, 16, 128, 0, 14, 32, 2880 }, // U+21E8
    { 8, 16, 128, 0, 14, 32, 2912 }, // U+21E9
    { 8, 16, 128, 0, 14, 32, 2944 }, // U+21EA
    { 8, 16, 128, 0, 14, 32, 2976 }, // U+21EB
    { 8, 16, 128, 0, 14, 32, 3008 }, // U+21EC
    { 8, 16, 128, 0, 14, 32, 3040 }, // U+21ED
    { 8, 16, 128, 0, 14, 32, 3072 }, // U+21EE
    { 8, 16, 128, 0, 14, 32, 3104 }, // U+21EF
    { 8, 16, 128, 0, 14, 32, 3136 }, // U+21F0
    { 8, 16, 128, 0, 14, 32, 3168 }, // U+21F1
    { 8, 16, 128, 0, 14, 32, 3200 }, // U+21F2
    { 8, 16, 128, 0, 14, 32, 3232 }, // U+21F3
    { 16, 16, 256, 0, 14, 64, 3264 }, // U+21F4
    { 8, 16, 128, 0, 14, 32, 3328 }, // U+21F5
    { 8, 16, 128, 0, 14, 32, 3360 }, // U+21F6
    { 8, 16, 128, 0, 14, 32, 3392 }, // U+21F7
    { 8, 16, 128, 0, 14, 32, 3424 }, // U+21F8
    { 16, 16, 256, 0, 14, 64, 3456 }, // U+21F9
    { 16, 16, 256, 0, 14, 64, 3520 }, // U+21FA
    { 16, 16, 256, 0, 14, 64, 3584 }, // U+21FB
    { 16, 16, 256, 0, 14, 64, 3648 }, // U+21FC
    { 8, 16, 128, 0, 14, 32, 3712 }, // U+21FD
    { 8, 16, 128, 0, 14, 32, 3744 }, // U+21FE
    { 16, 16, 256, 0, 14, 64, 3776 }, // U+21FF
    { 8, 16, 128, 0, 14, 32, 0 }, // U+2200
    { 8, 16, 128, 0, 14, 32, 32 }, // U+2201
    { 8, 16, 128, 0, 14, 32, 64 }, // U+2202
    { 8, 16, 128, 0, 14, 32, 96 }, // U+2203
    { 8, 16, 128, 0, 14, 32, 128 }, // U+2204
    { 8, 16, 128, 0, 14, 32, 160 }, // U+2205
    { 8, 16, 128, 0, 14, 32, 192 }, // U+2206
    { 8, 16, 128, 0, 14, 32, 224 }, // U+2207
    { 8, 16, 128, 0, 14, 32, 256 }, // U+2208
    { 8, 16, 128, 0, 14, 32, 288 }, // U+2209
    { 8, 16, 128, 0, 14, 32, 320 }, // U+220A
    { 8, 16, 128, 0, 14, 32, 352 }, // U+220B
    { 8, 16, 128, 0, 14, 32, 384 }, // U+220C
    { 8, 16, 128, 0, 14, 32, 416 }, // U+220D
    { 8, 16, 128, 0, 14, 32, 448 }, // U+220E
    { 8, 16, 128, 0, 14, 32, 480 }, // U+220F
    { 8, 16, 128, 0, 14, 32, 512 }, // U+2210
    { 8, 16, 128, 0, 14, 32, 544 }, // U+2211
    { 9, 2, 176, 2, 6, 5, 576 }, // U+2212
    { 8, 16, 128, 0, 14, 32, 581 }, // U+2213
    { 8, 16, 128, 0, 14, 32, 613 }, // U+2214
    { 10, 13, 96, -1, 13, 33, 645 }, // U+2215
    { 8, 16, 128, 0, 14, 32, 678 }, // U+2216
    { 8, 16, 128, 0, 14, 32, 710 }, // U+2217
    { 8, 16, 128, 0, 14, 32, 742 }, // U+2218
    { 2, 2, 64, 2, 6, 1, 774 }, // U+2219
    { 8, 16, 128, 0, 14, 32, 775 }, // U+221A
    { 8, 16, 128, 0, 14, 32, 807 }, // U+221B
    { 8, 16, 128, 0, 14, 32, 839 }, // U+221C
    { 8, 16, 128, 0, 14, 32, 871 }, // U+221D
    { 8, 16, 128, 0, 14, 32, 903 }, // U+221E
    { 8, 16, 128, 0, 14, 32, 935 }, // U+221F
    { 8, 16, 128, 0, 14, 32, 967 }, // U+2220
    { 8, 16, 128, 0, 14, 32, 999 }, // U+2221
    { 8, 16, 128, 0, 14, 32, 1031 }, // U+2222
    { 8, 16, 128, 0, 14, 32, 1063 }, // U+2223
    { 8, 16, 128, 0, 14, 32, 1095 }, // U+2224
    { 8, 16, 128, 0, 14, 32, 1127 }, // U+2225
    { 8, 16, 128, 0, 14, 32, 1159 }, // U+2226
    { 8, 16, 128, 0, 14, 32, 1191 }, // U+2227
    { 8, 16, 128, 0, 14, 32, 1223 }, // U+2228
    { 8, 16, 128, 0, 14, 32, 1255 }, // U+2229
    { 8, 16, 128, 0, 14, 32, 1287 }, // U+222A
    { 8, 16, 128, 0, 14, 32, 1319 }, // U+222B
    { 8, 16, 128, 0, 14, 32, 1351 }, // U+222C
    { 8, 16, 128, 0, 14, 32, 1383 }, // U+222D
    { 8, 16, 128, 0, 14, 32, 1415 }, // U+222E
    { 8, 16, 128, 0, 14, 32, 1447 }, // U+222F
    { 8, 16, 128, 0, 14, 32, 1479 }, // U+2230
    { 8, 16, 128, 0, 14, 32, 1511 }, // U+2231
    { 8, 16, 128, 0, 14, 32, 1543 }, // U+2232
    { 8, 16, 128, 0, 14, 32, 1575 }, // U+2233
    { 8, 16, 128, 0, 14, 32, 1607 }, // U+2234
    { 8, 16, 128, 0, 14, 32, 1639 }, // U+2235
    { 4, 10, 80, 1, 10, 10, 1671 }, // U+2236
    { 8, 16, 128, 0, 14, 32, 1681 }, // U+2237
    { 8, 16, 128, 0, 14, 32, 1713 }, // U+2238
    { 8, 16, 128, 0, 14, 32, 1745 }, // U+2239
    { 8, 16, 128, 0, 14, 32, 1777 }, // U+223A
    { 8, 16, 128, 0, 14, 32, 1809 }, // U+223B
    { 8, 16, 128, 0, 14, 32, 1841 }, // U+223C
    { 8, 16, 128, 0, 14, 32, 1873 }, // U+223D
    { 8, 16, 128, 0, 14, 32, 1905 }, // U+223E
    { 8, 16, 128, 0, 14, 32, 1937 }, // U+223F
    { 8, 16, 128, 0, 14, 32, 1969 }, // U+2240
    { 8, 16, 128, 0, 14, 32, 2001 }, // U+2241
    { 8, 16, 128, 0, 14, 32, 2033 }, // U+2242
    { 8, 16, 128, 0, 14, 32, 2065 }, // U+2243
    { 8, 16, 128, 0, 14, 32, 2097 }, // U+2244
    { 8, 16, 128, 0, 14, 32, 2129 }, // U+2245
    { 8, 16, 128, 0, 14, 32, 2161 }, // U+2246
    { 8, 16, 128, 0, 14, 32, 2193 }, // U+2247
    { 8, 16, 128, 0, 14, 32, 2225 }, // U+2248
    { 8, 16, 128, 0, 14, 32, 2257 }, // U+2249
    { 8, 16, 128, 0, 14, 32, 2289 }, // U+224A
    { 8, 16, 128, 0, 14, 32, 2321 }, // U+224B
    { 8, 16, 128, 0, 14, 32, 2353 }, // U+224C
    { 8, 16, 128, 0, 14, 32, 2385 }, // U+224D
    { 8, 16, 128, 0, 14, 32, 2417 }, // U+224E
    { 8, 16, 128, 0, 14, 32, 2449 }, // U+224F
    { 8, 16, 128, 0, 14, 32, 2481 }, // U+2250
    { 8, 16, 128, 0, 14, 32, 2513 }, // U+2251
    { 8, 16, 128, 0, 14, 32, 2545 }, // U+2252
    { 8, 16, 128, 0, 14, 32, 2577 }, // U+2253
    { 8, 16, 128, 0, 14, 32, 2609 }, // U+2254
    { 8, 16, 128, 0, 14, 32, 2641 }, // U+2255
    { 8, 16, 128, 0, 14, 32, 2673 }, // U+2256
    { 8, 16, 128, 0, 14, 32, 2705 }, // U+2257
    { 8, 16, 128, 0, 14, 32, 2737 }, // U+2258
    { 8, 9, 176, 2, 11, 18, 2769 }, // U+2259
    { 8, 9, 176, 2, 11, 18, 2787 }, // U+225A
    { 8, 16, 128, 0, 14, 32, 2805 }, // U+225B
    { 8, 16, 128, 0, 14, 32, 2837 }, // U+225C
    { 8, 16, 128, 0, 14, 32, 2869 }, // U+225D
    { 8, 16, 128, 0, 14, 32, 2901 }, // U+225E
    { 8, 16, 128, 0, 14, 32, 2933 }, // U+225F
    { 8, 14, 176, 2, 12, 28, 2965 }, // U+2260
    { 8, 8, 176, 0, 9, 16, 2993 }, // U+2261
    { 8, 14, 176, 0, 12, 28, 3009 }, // U+2262
    { 8, 16, 128, 0, 14, 32, 3037 }, // U+2263
    { 8, 10, 176, 2, 8, 20, 3069 }, // U+2264
    { 8, 10, 176, 2, 8, 20, 3089 }, // U+2265
    { 8, 16, 128, 0, 14, 32, 3109 }, // U+2266
    { 8, 16, 128, 0, 14, 32, 3141 }, // U+2267
    { 8, 16, 128, 0, 14, 32, 3173 }, // U+2268
    { 8, 16, 128, 0, 14, 32, 3205 }, // U+2269
    { 8, 16, 128, 0, 14, 32, 3237 }, // U+226A
    { 8, 16, 128, 0, 14, 32, 3269 }, // U+226B
    { 8, 16, 128, 0, 14, 32, 3301 }, // U+226C
    { 8, 16, 128, 0, 14, 32, 3333 }, // U+226D
    { 8, 14, 176, 2, 12, 28, 3365 }, // U+226E
    { 8, 14, 176, 2, 12, 28, 3393 }, // U+226F
    { 8, 14, 176, 2, 10, 28, 3421 }, // U+2270
    { 8, 14, 176, 2, 10, 28, 3449 }, // U+2271
    { 8, 16, 128, 0, 14, 32, 3477 }, // U+2272
    { 8, 16, 128, 0, 14, 32, 3509 }, // U+2273
    { 8, 16, 128, 0, 14, 32, 3541 }, // U+2274
    { 8, 16, 128, 0, 14, 32, 3573 }, // U+2275
    { 8, 16, 128, 0, 14, 32, 3605 }, // U+2276
    { 8, 16, 128, 0, 14, 32, 3637 }, // U+2277
    { 8, 16, 128, 0, 14, 32, 3669 }, // U+2278
    { 8, 16, 128, 0, 14, 32, 3701 }, // U+2279
    { 8, 16, 128, 0, 14, 32, 3733 }, // U+227A
    { 8, 16, 128, 0, 14, 32, 3765 }, // U+227B
    { 8, 16, 128, 0, 14, 32, 3797 }, // U+227C
    { 8, 16, 128, 0, 14, 32, 3829 }, // U+227D
    { 8, 16, 128, 0, 14, 32, 3861 }, // U+227E
    { 8, 16, 128, 0, 14, 32, 3893 }, // U+227F
    { 8, 16, 128, 0, 14, 32, 3925 }, // U+2280
    { 8, 16, 128, 0, 14, 32, 3957 }, // U+2281
    { 8, 16, 128, 0, 14, 32, 3989 }, // U+2282
    { 8, 16, 128, 0, 14, 32, 4021 }, // U+2283
    { 8, 16, 128, 0, 14, 32, 4053 }, // U+2284
    { 8, 16, 128, 0, 14, 32, 4085 }, // U+2285
    { 8, 16, 128, 0, 14, 32, 4117 }, // U+2286
    { 8, 16, 128, 0, 14, 32, 4149 }, // U+2287
    { 8, 16, 128, 0, 14, 32, 4181 }, // U+2288
    { 8, 16, 128, 0, 14, 32, 4213 }, // U+2289
    { 8, 16, 128, 0, 14, 32, 4245 }, // U+228A
    { 8, 16, 128, 0, 14, 32, 4277 }, // U+228B
    { 8, 16, 128, 0, 14, 32, 4309 }, // U+228C
    { 8, 16, 128, 0, 14, 32, 4341 }, // U+228D
    { 8, 16, 128, 0, 14, 32, 4373 }, // U+228E
    { 8, 16, 128, 0, 14, 32, 4405 }, // U+228F
    { 8, 16, 128, 0, 14, 32, 4437 }, // U+2290
    { 8, 16, 128, 0, 14, 32, 4469 }, // U+2291
    { 8, 16, 128, 0, 14, 32, 4501 }, // U+2292
    { 8, 16, 128, 0, 14, 32, 4533 }, // U+2293
    { 8, 16, 128, 0, 14, 32, 4565 }, // U+2294
    { 8, 16, 128, 0, 14, 32, 4597 }, // U+2295
    { 8, 16, 128, 0, 14, 32, 4629 }, // U+2296
    { 8, 16, 128, 0, 14, 32, 4661 }, // U+2297
    { 8, 16, 128, 0, 14, 32, 4693 }, // U+2298
    { 8, 16, 128, 0, 14, 32, 4725 }, // U+2299
    { 8, 16, 128, 0, 14, 32, 4757 }, // U+229A
    { 8, 16, 128, 0, 14, 32, 4789 }, // U+229B
    { 8, 16, 128, 0, 14, 32, 4821 }, // U+229C
    { 8, 16, 128, 0, 14, 32, 4853 }, // U+229D
    { 8, 16, 128, 0, 14, 32, 4885 }, // U+229E
    { 8, 16, 128, 0, 14, 32, 4917 }, // U+229F
    { 8, 16, 128, 0, 14, 32, 4949 }, // U+22A0
    { 8, 16, 128, 0, 14, 32, 4981 }, // U+22A1
    { 8, 16, 128, 0, 14, 32, 5013 }, // U+22A2
    { 8, 16, 128, 0, 14, 32, 5045 }, // U+22A3
    { 8, 16, 128, 0, 14, 32, 5077 }, // U+22A4
    { 8, 16, 128, 0, 14, 32, 5109 }, // U+22A5
    { 8, 16, 128, 0, 14, 32, 5141 }, // U+22A6
    { 8, 16, 128, 0, 14, 32, 5173 }, // U+22A7
    { 8, 16, 128, 0, 14, 32, 5205 }, // U+22A8
    { 8, 16, 128, 0, 14, 32, 5237 }, // U+22A9
    { 8, 16, 128, 0, 14, 32, 5269 }, // U+22AA
    { 8, 16, 128, 0, 14, 32, 5301 }, // U+22AB
    { 8, 16, 128, 0, 14, 32, 5333 }, // U+22AC
    { 8, 16, 128, 0, 14, 32, 5365 }, // U+22AD
    { 8, 16, 128, 0, 14, 32, 5397 }, // U+22AE
    { 8, 16, 128, 0, 14, 32, 5429 }, // U+22AF
    { 8, 16, 128, 0, 14, 32, 5461 }, // U+22B0
    { 8, 16, 128, 0, 14, 32, 5493 }, // U+22B1
    { 8, 16, 128, 0, 14, 32, 5525 }, // U+22B2
    { 8, 16, 128, 0, 14, 32, 5557 }, // U+22B3
    { 8, 16, 128, 0, 14, 32, 5589 }, // U+22B4
    { 8, 16, 128, 0, 14, 32, 5621 }, // U+22B5
    { 16, 16, 256, 0, 14, 64, 5653 }, // U+22B6
    { 16, 16, 256, 0, 14, 64, 5717 }, // U+22B7
    { 16, 16, 256, 0, 14, 64, 5781 }, // U+22B8
    { 8, 16, 128, 0, 14, 32, 5845 }, // U+22B9
    { 8, 16, 128, 0, 14, 32, 5877 }, // U+22BA
    { 8, 16, 128, 0, 14, 32, 5909 }, // U+22BB
    { 8, 16, 128, 0, 14, 32, 5941 }, // U+22BC
    { 8, 16, 128, 0, 14, 32, 5973 }, // U+22BD
    { 8, 16, 128, 0, 14, 32, 6005 }, // U+22BE
    { 8, 16, 128, 0, 14, 32, 6037 }, // U+22BF
    { 8, 16, 128, 0, 14, 32, 6069 }, // U+22C0
    { 8, 16, 128, 0, 14, 32, 6101 }, // U+22C1
    { 8, 16, 128, 0, 14, 32, 6133 }, // U+22C2
    { 8, 16, 128, 0, 14, 32, 6165 }, // U+22C3
    { 8, 16, 128, 0, 14, 32, 6197 }, // U+22C4
    { 8, 16, 128, 0, 14, 32, 6229 }, // U+22C5
    { 8, 16, 128, 0, 14, 32, 6261 }, // U+22C6
    { 8, 16, 128, 0, 14, 32, 6293 }, // U+22C7
    { 8, 16, 128, 0, 14, 32, 6325 }, // U+22C8
    { 8, 16, 128, 0, 14, 32, 6357 }, // U+22C9
    { 8, 16, 128, 0, 14, 32, 6389 }, // U+22CA
    { 8, 16, 128, 0, 14, 32, 6421 }, // U+22CB
    { 8, 16, 128, 0, 14, 32, 6453 }, // U+22CC
    { 8, 16, 128, 0, 14, 32, 6485 }, // U+22CD
    { 8, 16, 128, 0, 14, 32, 6517 }, // U+22CE
    { 8, 16, 128, 0, 14, 32, 6549 }, // U+22CF
    { 8, 16, 128, 0, 14, 32, 6581 }, // U+22D0
    { 8, 16, 128, 0, 14, 32, 6613 }, // U+22D1
    { 8, 16, 128, 0, 14, 32, 6645 }, // U+22D2
    { 8, 16, 128, 0, 14, 32, 6677 }, // U+22D3
    { 8, 16, 128, 0, 14, 32, 6709 }, // U+22D4
    { 8, 16, 128, 0, 14, 32, 6741 }, // U+22D5
    { 8, 16, 128, 0, 14, 32, 6773 }, // U+22D6
    { 8, 16, 128, 0, 14, 32, 6805 }, // U+22D7
    { 16, 16, 256, 0, 14, 64, 6837 }, // U+22D8
    { 16, 16, 256, 0, 14, 64, 6901 }, // U+22D9
    { 8, 16, 128, 0, 14, 32, 6965 }, // U+22DA
    { 8, 16, 128, 0, 14, 32, 6997 }, // U+22DB
    { 8, 16, 128, 0, 14, 32, 7029 }, // U+22DC
    { 8, 16, 128, 0, 14, 32, 7061 }, // U+22DD
    { 8, 16, 128, 0, 14, 32, 7093 }, // U+22DE
    { 8, 16, 128, 0, 14, 32, 7125 }, // U+22DF
    { 8, 16, 128, 0, 14, 32, 7157 }, // U+22E0
    { 8, 16, 128, 0, 14, 32, 7189 }, // U+22E1
    { 8, 16, 128, 0, 14, 32, 7221 }, // U+22E2
    { 8, 16, 128, 0, 14, 32, 7253 }, // U+22E3
    { 8, 16, 128, 0, 14, 32, 7285 }, // U+22E4
    { 8, 16, 128, 0, 14, 32, 7317 }, // U+22E5
    { 8, 16, 128, 0, 14, 32, 7349 }, // U+22E6
    { 8, 16, 128, 0, 14, 32, 7381 }, // U+22E7
    { 8, 16, 128, 0, 14, 32, 7413 }, // U+22E8
    { 8, 16, 128, 0, 14, 32, 7445 }, // U+22E9
    { 8, 16, 128, 0, 14, 32, 7477 }, // U+22EA
    { 8, 16, 128, 0, 14, 32, 7509 }, // U+22EB
    { 8, 16, 128, 0, 14, 32, 7541 }, // U+22EC
    { 8, 16, 128, 0, 14, 32, 7573 }, // U+22ED
    { 8, 16, 128, 0, 14, 32, 7605 }, // U+22EE
    { 8, 16, 128, 0, 14, 32, 7637 }, // U+22EF
    { 8, 16, 128, 0, 14, 32, 7669 }, // U+22F0
    { 8, 16, 128, 0, 14, 32, 7701 }, // U+22F1
    { 16, 16, 256, 0, 14, 64, 7733 }, // U+22F2
    { 16, 16, 256, 0, 14, 64, 7797 }, // U+22F3
    { 8, 16, 128, 0, 14, 32, 7861 }, // U+22F4
    { 16, 16, 256, 0, 14, 64, 7893 }, // U+22F5
    { 16, 16, 256, 0, 14, 64, 7957 }, // U+22F6
    { 8, 16, 128, 0, 14, 32, 8021 }, // U+22F7
    { 8, 16, 128, 0, 14, 32, 8053 }, // U+22F8
    { 16, 16, 256, 0, 14, 64, 8085 }, // U+22F9
    { 16, 16, 256, 0, 14, 64, 8149 }, // U+22FA
    { 16, 16, 256, 0, 14, 64, 8213 }, // U+22FB
    { 8, 16, 128, 0, 14, 32, 8277 }, // U+22FC
    { 16, 16, 256, 0, 14, 64, 8309 }, // U+22FD
    { 8, 16, 128, 0, 14, 32, 8373 }, // U+22FE
    { 16, 16, 256, 0, 14, 64, 8405 }, // U+22FF
    { 8, 16, 128, 0, 14, 32, 0 }, // U+FB00
    { 8, 16, 128, 0, 14, 32, 32 }, // U+FB01
    { 8, 16, 128, 0, 14, 32, 64 }, // U+FB02
    { 8, 16, 128, 0, 14, 32, 96 }, // U+FB03
    { 8, 16, 128, 0, 14, 32, 128 }, // U+FB04
    { 8, 16, 128, 0, 14, 32, 160 }, // U+FB05
    { 8, 16, 128, 0, 14, 32, 192 }, // U+FB06
    { 8, 16, 128, 0, 14, 32, 0 }, // U+FFFD
};

static const EpdUnicodeInterval helvetica_9_italicIntervals[] = {
    { 0x0, 0x17F, 0x0 },
    { 0x1A0, 0x1A1, 0x180 },
    { 0x1AF, 0x1B0, 0x182 },
    { 0x1C4, 0x21F, 0x184 },
    { 0x300, 0x36F, 0x1E0 },
    { 0x400, 0x4FF, 0x250 },
    { 0x1EA0, 0x1EF9, 0x350 },
    { 0x2000, 0x20CF, 0x3AA },
    { 0x2190, 0x22FF, 0x47A },
    { 0xFB00, 0xFB06, 0x5EA },
    { 0xFFFD, 0xFFFD, 0x5F1 },
};

static const EpdFontGroup helvetica_9_italicGroups[] = {
    { 0, 1365, 5294, 128, 0 },
    { 1365, 1333, 5864, 128, 128 },
    { 2698, 1183, 6095, 128, 256 },
    { 3881, 947, 4261, 96, 384 },
    { 4828, 461, 3840, 112, 480 },
    { 5289, 1369, 8256, 256, 592 },
    { 6658, 724, 4508, 90, 848 },
    { 7382, 839, 3728, 112, 938 },
    { 8221, 276, 1544, 48, 1050 },
    { 8497, 535, 2040, 48, 1098 },
    { 9032, 743, 3840, 112, 1146 },
    { 9775, 1604, 8477, 256, 1258 },
    { 11379, 80, 224, 7, 1514 },
    { 11459, 23, 32, 1, 1521 },
};

static const EpdFontData helvetica_9_italic = {
    helvetica_9_italicBitmaps,
    helvetica_9_italicGlyphs,
    helvetica_9_italicIntervals,
    11,
    21,
    16,
    -5,
    true,
    helvetica_9_italicGroups,
    14,
    nullptr,
    nullptr,
    nullptr,
    nullptr,
    nullptr,
    nullptr,
    nullptr,
    nullptr,
    nullptr,
    nullptr,
    nullptr,
    0,
    0,
    0,
    0,
    nullptr,
    0,
};
