/**
 * generated by fontconvert.py
 * name: helvetica_9_bold
 * size: 9
 * mode: 2-bit  compressed: true
 * Command used: fontconvert.py helvetica_9_bold 9 ../../../x11/font-adobe-100dpi-1.0.4/helvB14.bdf ../../../x11/unifont-18.0.01.bdf --2bit --compress --zopfli
 */
#pragma once
#include "EpdFontData.h"

static const uint8_t helvetica_9_boldBitmaps[11198] = {
    0x9C, 0x95, 0x81, 0xC6, 0x2C, 0x3D, 0x0C, 0x86, 0x5F, 0x02, 0x10, 0x72, 0x2B, 0xA5, 0x00, 0x43,
    0x6F, 0x3D, 0x04, 0x20, 0xCC, 0xAD, 0x84, 0x02, 0x94, 0xFE, 0xE9, 0xCE, 0xEC, 0xE7, 0xC3, 0x7F,
    0x0E, 0x39, 0x9D, 0xB7, 0x7D, 0xA4, 0xEB, 0xF1, 0x62, 0xED, 0x8E, 0xBB, 0x03, 0x50, 0xF0, 0x5F,
    0x4E, 0x7F, 0x16, 0x00, 0x52, 0x00, 0x5F, 0x8A, 0x99, 0x04, 0x77, 0x16, 0xEE, 0x5B, 0xBD, 0xF3,
    0x20, 0x93, 0xEF, 0xE7, 0xBF, 0xD9, 0x73, 0xFD, 0xAF, 0x7F, 0x7B, 0x0F, 0xE2, 0x26, 0x44, 0xA6,
    0xC6, 0x6D, 0x10, 0xF7, 0x8A, 0x3F, 0x5E, 0x7F, 0x18, 0xD9, 0xC3, 0xA2, 0x6F, 0xF7, 0x0E, 0x6E,
    0x3A, 0xBC, 0xD9, 0x87, 0xA6, 0x56, 0xF2, 0xBD, 0xCD, 0xE0, 0xCE, 0xE3, 0xEE, 0x12, 0x3C, 0xAF,
    0x9C, 0x77, 0xC5, 0x17, 0xF2, 0x1E, 0xCE, 0xD9, 0x2F, 0x74, 0xD8, 0xCC, 0x7B, 0xA9, 0x5F, 0x66,
    0x7A, 0xF4, 0x9B, 0xA5, 0x7E, 0x5A, 0x62, 0x46, 0xED, 0x90, 0x8C, 0xA0, 0xB4, 0x06, 0x55, 0x7C,
    0xE6, 0x6D, 0xCE, 0x0C, 0x59, 0x4C, 0x87, 0xCC, 0x5C, 0xF3, 0x91, 0x3E, 0xF4, 0x87, 0xB2, 0xB4,
    0xDE, 0xFF, 0xF6, 0x5A, 0x63, 0x40, 0x6B, 0xFD, 0xB2, 0xDE, 0xDE, 0x97, 0x8C, 0x5A, 0x3F, 0xAD,
    0x4D, 0xE9, 0x29, 0xE3, 0xD0, 0x72, 0x56, 0xAB, 0xF9, 0xE3, 0xE3, 0x53, 0xA4, 0xC7, 0xAA, 0x12,
    0xA3, 0xDA, 0x6F, 0x0E, 0x06, 0x05, 0x93, 0x32, 0x43, 0x62, 0x97, 0xFA, 0xC5, 0x68, 0x7A, 0x27,
    0x70, 0x7F, 0x28, 0x36, 0x67, 0xC5, 0x1F, 0xA4, 0x16, 0x4E, 0xDA, 0x1C, 0x49, 0xE8, 0x20, 0x2B,
    0xFA, 0x76, 0xBC, 0xF6, 0xF8, 0x84, 0x7F, 0xF7, 0xE9, 0xC3, 0x33, 0xD7, 0x7C, 0xED, 0xE9, 0x45,
    0xFA, 0x49, 0x8A, 0x33, 0x57, 0xFC, 0x66, 0x26, 0xCB, 0x7B, 0xBB, 0xBC, 0xDB, 0xBC, 0x67, 0x6B,
    0xDE, 0xA5, 0xE2, 0x4B, 0xEB, 0x12, 0x6C, 0x2E, 0x44, 0x43, 0x8D, 0x78, 0x10, 0x95, 0xFC, 0x71,
    0xDF, 0xEF, 0xFF, 0x9E, 0xFC, 0xB0, 0xD4, 0x2F, 0xDC, 0xA3, 0xDD, 0xAD, 0x0D, 0x9F, 0xD1, 0xBC,
    0x49, 0xF3, 0x5E, 0xF2, 0x97, 0x9A, 0x63, 0xAA, 0x2C, 0x4F, 0x6A, 0x52, 0x6B, 0xFD, 0xDE, 0xE7,
    0xFB, 0xFE, 0x98, 0xEA, 0x9D, 0xCB, 0xDF, 0xBF, 0xC5, 0x0E, 0xA6, 0xA4, 0x51, 0xA0, 0x63, 0xDC,
    0xBA, 0xAB, 0xBF, 0x3F, 0x83, 0x26, 0xAF, 0x24, 0xE5, 0xB3, 0xA8, 0xE2, 0xE3, 0xEB, 0x5F, 0xE9,
    0x33, 0xE5, 0x5C, 0xF3, 0x29, 0xD2, 0x67, 0x4D, 0xA6, 0xDF, 0x08, 0xC4, 0x45, 0x9F, 0x5F, 0x9F,
    0xDF, 0xFE, 0xF8, 0xB3, 0x8F, 0xF5, 0xAE, 0x08, 0xE4, 0x39, 0xF5, 0x79, 0x0C, 0x98, 0xFA, 0x64,
    0xEC, 0x95, 0xA1, 0x1B, 0x4F, 0xF6, 0x8E, 0x8C, 0x5C, 0x78, 0x82, 0x06, 0xD9, 0x18, 0x5B, 0x57,
    0xD7, 0xD5, 0x90, 0x19, 0x71, 0x6E, 0xB0, 0x15, 0x16, 0xEB, 0x93, 0xB1, 0xF5, 0xDC, 0xE8, 0xC9,
    0xD0, 0x0B, 0x3B, 0x2E, 0x44, 0x44, 0x6E, 0xC5, 0xCE, 0x8E, 0x71, 0x03, 0xE0, 0xDC, 0xD7, 0xCE,
    0xDA, 0x23, 0x9A, 0x52, 0x6E, 0xA1, 0x14, 0xF1, 0x5F, 0x23, 0xE6, 0x9B, 0xE2, 0xBA, 0x0E, 0x43,
    0xF1, 0x03, 0x5E, 0x80, 0xB6, 0x72, 0x17, 0x10, 0x38, 0x5B, 0x17, 0xCC, 0x02, 0xBA, 0x15, 0x41,
    0xBF, 0x1E, 0x38, 0x2F, 0xB2, 0x1B, 0x4F, 0x7B, 0x7B, 0xA7, 0xF3, 0xA2, 0x9F, 0x88, 0xEB, 0xE8,
    0xAF, 0x9B, 0xD1, 0x40, 0x8D, 0x21, 0xCC, 0x90, 0x8C, 0xC4, 0x31, 0x12, 0x0C, 0x20, 0x84, 0x3E,
    0x1F, 0x50, 0x07, 0x44, 0xA1, 0xA2, 0x50, 0xA3, 0xA0, 0x10, 0x68, 0x22, 0x14, 0x59, 0xE7, 0x95,
    0xA3, 0x22, 0x03, 0xC4, 0x01, 0xFD, 0x25, 0x07, 0x88, 0x40, 0xE4, 0x28, 0x5D, 0xAB, 0x73, 0xFD,
    0x97, 0xE4, 0xF2, 0x16, 0x06, 0xEE, 0x07, 0x2B, 0xF2, 0xA8, 0x3F, 0x7F, 0x46, 0xB6, 0xD8, 0xF6,
    0x5A, 0x49, 0x3A, 0x2A, 0xDD, 0xD2, 0xEB, 0xB5, 0xD9, 0x8E, 0x2D, 0xC4, 0x31, 0x93, 0xD7, 0x94,
    0x51, 0xA0, 0x41, 0x42, 0x91, 0xEF, 0x90, 0xA0, 0x31, 0xDA, 0x2C, 0xCA, 0xA7, 0x8C, 0x37, 0x99,
    0xFD, 0x3D, 0xBC, 0x71, 0x42, 0x0C, 0xA3, 0x37, 0x7B, 0x09, 0x01, 0x76, 0x9E, 0x3C, 0xCC, 0x3A,
    0x0F, 0xDA, 0x46, 0x6D, 0xD6, 0x46, 0x2B, 0x15, 0x93, 0xD3, 0x0B, 0x04, 0x3C, 0x23, 0x9C, 0x10,
    0x24, 0x0E, 0x42, 0x7C, 0x04, 0x01, 0xB1, 0xB0, 0x1B, 0xA1, 0xB1, 0xE6, 0x7A, 0x86, 0xDA, 0xD1,
    0x6C, 0x50, 0x8F, 0x37, 0x81, 0x23, 0x05, 0x48, 0xD3, 0x2B, 0x52, 0xE3, 0x81, 0x63, 0x25, 0xBD,
    0x82, 0xC7, 0xAA, 0xB8, 0x19, 0xD5, 0x5C, 0x0D, 0x3D, 0xD8, 0x9D, 0x36, 0x97, 0x2F, 0xF9, 0xF7,
    0xCE, 0xD5, 0x69, 0x56, 0x2C, 0x56, 0x77, 0x19, 0xB7, 0x0E, 0x57, 0xC4, 0xAA, 0x4D, 0x12, 0x80,
    0xBE, 0x7D, 0xAF, 0x8E, 0x9A, 0x19, 0xD7, 0x69, 0x25, 0xB4, 0x0E, 0x48, 0x80, 0x7B, 0xDF, 0x6E,
    0x00, 0xAC, 0xC5, 0x63, 0xBB, 0x6F, 0x98, 0x5E, 0xBD, 0xF6, 0xF2, 0x92, 0x2D, 0x8A, 0xD0, 0xD0,
    0xA8, 0xC8, 0x16, 0xE0, 0x71, 0xA7, 0x31, 0xEC, 0x8A, 0x1A, 0x22, 0x70, 0x1C, 0x71, 0xA3, 0xE8,
    0xA8, 0x73, 0x55, 0xD5, 0x5A, 0xAD, 0x47, 0xAB, 0xEC, 0x12, 0x6F, 0x49, 0x00, 0x51, 0x68, 0x3F,
    0xB4, 0x3F, 0x26, 0xC3, 0x39, 0xBE, 0x9A, 0xF8, 0xAA, 0x06, 0x45, 0x88, 0x6E, 0x04, 0x2E, 0x2C,
    0xD8, 0xA9, 0x28, 0x8D, 0xC9, 0xA3, 0x8B, 0xD2, 0x90, 0x30, 0x19, 0x9D, 0xC4, 0x46, 0x77, 0x6D,
    0x31, 0x45, 0xD0, 0xED, 0x8B, 0x8D, 0x41, 0x9E, 0xA4, 0xC2, 0x42, 0xBB, 0xE3, 0x29, 0x02, 0xDF,
    0xD8, 0x31, 0x1F, 0xB3, 0x41, 0xC0, 0x66, 0x1F, 0xDD, 0x66, 0xD9, 0xFC, 0x66, 0xB9, 0xF9, 0xA1,
    0xCE, 0xF0, 0xC9, 0x55, 0xA7, 0xC3, 0x1E, 0xBE, 0xBD, 0xD7, 0xE6, 0x79, 0xBD, 0xEF, 0xEB, 0xE5,
    0x42, 0xE4, 0x4F, 0x68, 0xE2, 0xEB, 0xAF, 0x45, 0x30, 0x34, 0x04, 0x45, 0x41, 0x4C, 0xC8, 0x80,
    0x05, 0xB8, 0xD6, 0x5D, 0x46, 0xEF, 0xAF, 0xE7, 0xE3, 0x61, 0x0F, 0xA6, 0x80, 0xDF, 0xD8, 0xFD,
    0x8F, 0x6A, 0x35, 0x62, 0x69, 0x72, 0xAB, 0xEA, 0xFE, 0xAD, 0xFC, 0x5A, 0x1A, 0x63, 0x29, 0xE8,
    0x45, 0xD2, 0x45, 0x9D, 0x88, 0x3A, 0x28, 0x52, 0x41, 0x0D, 0x37, 0x38, 0x21, 0x9C, 0x88, 0x5E,
    0xA4, 0x41, 0x10, 0x9E, 0xF5, 0xC5, 0x8B, 0xF6, 0x1E, 0xC1, 0xB6, 0x99, 0xB6, 0xED, 0xF3, 0xFA,
    0x16, 0xBC, 0xBC, 0x4A, 0xC2, 0x0B, 0xFF, 0x2B, 0x43, 0x30, 0x19, 0x06, 0xBF, 0xAE, 0x0C, 0x06,
    0x10, 0x6F, 0x59, 0x1E, 0x29, 0x52, 0xDD, 0xA2, 0x9E, 0x70, 0xCC, 0x4E, 0x3D, 0x2D, 0x8D, 0x35,
    0x7D, 0x12, 0x2E, 0x5C, 0xBE, 0x1E, 0xA2, 0x2B, 0x9C, 0xB6, 0x4E, 0x20, 0xFC, 0x8A, 0xC0, 0xCF,
    0x10, 0xA2, 0x35, 0xBC, 0xFB, 0x20, 0x96, 0x04, 0x8E, 0xDD, 0xDD, 0xB8, 0xD7, 0x54, 0xDC, 0x13,
    0xF0, 0x43, 0x89, 0xA9, 0x8A, 0xD4, 0xB3, 0x32, 0xBE, 0x6A, 0xEB, 0x71, 0xAF, 0x38, 0xEE, 0x39,
    0x55, 0xCE, 0x51, 0xC4, 0xA5, 0xDF, 0xE9, 0xBF, 0xD4, 0x43, 0xC0, 0xB9, 0x07, 0x42, 0x7B, 0x42,
    0x27, 0x57, 0x95, 0xBB, 0xB2, 0xF7, 0x8A, 0x76, 0x25, 0xEF, 0x6A, 0x97, 0x7D, 0x8D, 0x61, 0xA2,
    0xD1, 0xCB, 0x50, 0xD6, 0x65, 0xE3, 0x74, 0x0A, 0x3F, 0x4B, 0x3F, 0x2F, 0xB4, 0x08, 0xC7, 0x14,
    0x22, 0x5A, 0x72, 0x4C, 0xE9, 0xE7, 0xF1, 0x41, 0xFA, 0x39, 0x0A, 0x43, 0x4D, 0x04, 0x18, 0x79,
    0x8C, 0xD4, 0xD8, 0x43, 0xA3, 0x1B, 0x5B, 0x53, 0xFF, 0xE8, 0xD2, 0x32, 0x9C, 0xBC, 0x5D, 0xFF,
    0x88, 0x6E, 0xE7, 0xBA, 0x04, 0x7C, 0x63, 0xD8, 0xE9, 0xE8, 0x08, 0x1B, 0xCF, 0xC1, 0x28, 0x77,
    0x0A, 0x3A, 0x19, 0xF9, 0xEC, 0xC2, 0x48, 0x3A, 0x87, 0x80, 0x51, 0x9B, 0xB8, 0x17, 0x5D, 0x8C,
    0x76, 0xDF, 0x30, 0x8A, 0xEE, 0x47, 0x33, 0x0E, 0xD8, 0x59, 0xD2, 0x6E, 0x9E, 0xE3, 0x0C, 0x85,
    0x66, 0x6B, 0xB2, 0xDE, 0x1A, 0xFE, 0x18, 0x17, 0xA3, 0x76, 0x94, 0x7F, 0x77, 0xF5, 0x4F, 0x24,
    0x68, 0x5F, 0x2B, 0x0F, 0xF0, 0xE1, 0xC0, 0x5F, 0x63, 0x13, 0x12, 0x5C, 0x70, 0x4E, 0x0A, 0xD2,
    0xDC, 0xE4, 0x8C, 0xFD, 0x7A, 0x39, 0xCA, 0x76, 0xDF, 0x3A, 0xD1, 0x8F, 0xFA, 0xB9, 0xDE, 0xEF,
    0x6F, 0x61, 0xD4, 0x66, 0xF7, 0xFD, 0xF9, 0x1B, 0x14, 0xBE, 0xF9, 0xF5, 0x2C, 0x37, 0x2A, 0x9F,
    0x22, 0x3C, 0x4B, 0x18, 0xF4, 0xAC, 0x08, 0xB0, 0x11, 0x4E, 0xCC, 0xEA, 0x6C, 0x50, 0xE0, 0x94,
    0xF6, 0x22, 0x9E, 0xA4, 0xA2, 0xDA, 0xE3, 0x1D, 0xA6, 0xF7, 0x7B, 0x39, 0x21, 0xB1, 0x08, 0x35,
    0xA3, 0x9A, 0xB7, 0x61, 0xC0, 0xFB, 0x1A, 0x04, 0x72, 0x46, 0x71, 0x0F, 0x81, 0x1D, 0x62, 0x79,
    0x86, 0x66, 0xAC, 0x6B, 0xFF, 0x73, 0x8E, 0x26, 0xC1, 0x13, 0xC0, 0xB6, 0x41, 0x68, 0x54, 0x24,
    0xA1, 0xF5, 0x79, 0x7E, 0xBA, 0xA4, 0x77, 0xF9, 0xF2, 0xAE, 0x74, 0x99, 0xF5, 0x76, 0xBD, 0x5A,
    0x8D, 0x7A, 0x8E, 0xB2, 0xE3, 0x7C, 0xA5, 0x9D, 0x65, 0x7C, 0xFA, 0x99, 0xEA, 0xCF, 0xED, 0xF7,
    0x9F, 0xA9, 0xFE, 0x03, 0x9C, 0x94, 0x81, 0xC6, 0x64, 0x31, 0x0C, 0x85, 0x0F, 0x01, 0x08, 0x79,
    0x95, 0x50, 0x80, 0xA1, 0xAF, 0x1E, 0x02, 0x10, 0xEE, 0xAB, 0x84, 0x00, 0x94, 0x6E, 0xEB, 0xBF,
    0xC3, 0x2E, 0xBB, 0xC8, 0x56, 0x39, 0x73, 0x8C, 0x4F, 0x9A, 0x24, 0xB9, 0x71, 0x0E, 0x00, 0x32,
    0x00, 0x5F, 0x9D, 0xE4, 0x95, 0x31, 0x78, 0x4A, 0x49, 0xF2, 0x60, 0xE5, 0x51, 0xDF, 0xFF, 0x7F,
    0xD7, 0x71, 0xCE, 0xDF, 0x78, 0xF5, 0x97, 0x8F, 0x71, 0xF5, 0x7A, 0xEA, 0xF0, 0x53, 0x5C, 0x2E,
    0x7F, 0x74, 0x67, 0x10, 0x4F, 0x26, 0x69, 0xC5, 0x7F, 0x5C, 0xD6, 0xE1, 0xC7, 0x73, 0xF8, 0xA3,
    0xD7, 0xB7, 0xE2, 0x1F, 0x20, 0x3E, 0xA1, 0x3C, 0x62, 0x84, 0x86, 0x5E, 0xDF, 0x8B, 0x5F, 0xB4,
    0x82, 0x30, 0x8E, 0xE6, 0xD1, 0xE3, 0x77, 0x87, 0x17, 0xCF, 0x4A, 0x26, 0x16, 0xF2, 0x6D, 0x76,
    0xEB, 0xD0, 0x7C, 0xFF, 0xCB, 0x4F, 0xF7, 0x9D, 0x38, 0xFC, 0xE3, 0xDD, 0xFA, 0x55, 0x3A, 0x63,
    0x3A, 0x79, 0x3A, 0x54, 0x5D, 0xBC, 0xC3, 0xF3, 0xA8, 0x0A, 0x35, 0x95, 0xB4, 0x71, 0x95, 0xD5,
    0x5B, 0xBC, 0x8E, 0xAC, 0xD4, 0x1B, 0xD8, 0x3C, 0xCC, 0x94, 0xD0, 0xE3, 0x27, 0x53, 0x7D, 0xE7,
    0x26, 0x99, 0x58, 0xA5, 0xAA, 0xC9, 0xCB, 0x9F, 0x7C, 0xB6, 0x78, 0x2C, 0x26, 0x73, 0xFE, 0xD1,
    0x38, 0xEA, 0x4C, 0xBD, 0xFE, 0x57, 0x25, 0x83, 0x85, 0xAC, 0xCC, 0x06, 0xEE, 0x1E, 0xFC, 0x3F,
    0xAF, 0x7C, 0xF8, 0x5E, 0xFE, 0x94, 0x77, 0xEF, 0xA0, 0x81, 0xCA, 0x00, 0x4F, 0xEA, 0xD6, 0x4F,
    0x47, 0x86, 0xE6, 0xD5, 0x64, 0x55, 0x25, 0xDB, 0x3D, 0x7E, 0xD4, 0xE1, 0xF9, 0xF0, 0x95, 0x3C,
    0xA0, 0xD4, 0xCC, 0xFF, 0xCE, 0x2F, 0x31, 0x84, 0xC8, 0xCD, 0xA1, 0x93, 0xC4, 0x9B, 0xF5, 0xFB,
    0xE9, 0x3B, 0xD3, 0xBE, 0x7A, 0x7D, 0x87, 0x67, 0x36, 0x7F, 0x3E, 0x66, 0x1C, 0xE1, 0xC1, 0x65,
    0xD7, 0xF7, 0xDE, 0x6F, 0x37, 0x6F, 0x96, 0xDB, 0xF7, 0xFE, 0xF7, 0x0F, 0xF3, 0xE5, 0xE7, 0xE3,
    0x3B, 0xF9, 0xF0, 0xD1, 0xE3, 0xC5, 0x6D, 0x1F, 0x1E, 0xC2, 0x5A, 0x76, 0xFB, 0x40, 0x5E, 0x2D,
    0x5E, 0xFC, 0x49, 0x65, 0xE6, 0x11, 0xE2, 0x1A, 0xFC, 0x39, 0xBE, 0x3F, 0xBF, 0x30, 0x61, 0xB8,
    0x05, 0xEC, 0x9D, 0xBF, 0x36, 0xAF, 0x64, 0x9E, 0x50, 0x93, 0xC7, 0x9B, 0xFB, 0xBB, 0xDD, 0xC1,
    0x40, 0x32, 0x19, 0x33, 0x28, 0x9B, 0xFB, 0xFB, 0xDD, 0x1F, 0x77, 0x4A, 0x1B, 0x10, 0xE9, 0xCD,
    0xFF, 0x81, 0xDC, 0xB9, 0x8C, 0x32, 0xDC, 0x61, 0x46, 0x68, 0xCE, 0x8F, 0xD8, 0xCE, 0x18, 0x98,
    0x8F, 0xD3, 0xBB, 0xC7, 0xFF, 0x8C, 0x8F, 0xB5, 0x16, 0x3E, 0x9F, 0xF5, 0x1E, 0x30, 0x58, 0xD6,
    0xDC, 0x6B, 0xA6, 0xA5, 0x15, 0x0A, 0x4B, 0xE6, 0x9E, 0x4B, 0xA1, 0xA0, 0x0D, 0xD9, 0x39, 0x29,
    0x27, 0x70, 0xAE, 0x18, 0xE6, 0x06, 0xE5, 0xBD, 0xF7, 0x37, 0x72, 0xEF, 0x5C, 0xDB, 0x92, 0x6C,
    0x6F, 0x9B, 0x13, 0xBF, 0x4A, 0xAD, 0xC2, 0x54, 0x77, 0x9D, 0x18, 0x38, 0x90, 0x03, 0xE4, 0x2A,
    0x0F, 0x7E, 0x5F, 0x85, 0xB9, 0x7A, 0xC0, 0x03, 0x78, 0x95, 0x80, 0x5F, 0x03, 0xF3, 0x37, 0xAE,
    0x4A, 0xFB, 0xE8, 0xBF, 0x22, 0x6F, 0x33, 0x53, 0xEB, 0xEE, 0x4C, 0x6A, 0xE3, 0xBA, 0xEB, 0xE4,
    0x0D, 0x12, 0xDA, 0x3B, 0xCB, 0x0F, 0x90, 0xD8, 0xE0, 0xD5, 0xFD, 0x96, 0xC7, 0xE7, 0x85, 0x3C,
    0x1A, 0xAE, 0x6F, 0x5E, 0xA0, 0x30, 0xBC, 0x02, 0x98, 0x50, 0x21, 0x89, 0xF4, 0x28, 0x0B, 0x5A,
    0xB8, 0x02, 0x3D, 0x70, 0xE6, 0x57, 0x27, 0x5F, 0x63, 0x0D, 0x28, 0xE1, 0x41, 0x4C, 0xB0, 0x48,
    0x46, 0xA6, 0x32, 0xE7, 0xC8, 0x9F, 0x39, 0x70, 0xF0, 0xE7, 0xA7, 0xFB, 0x7A, 0xAC, 0x35, 0xAD,
    0x6D, 0x0F, 0x23, 0x92, 0xD9, 0x8D, 0x3F, 0xDD, 0xA1, 0xB4, 0x35, 0x7D, 0x09, 0x12, 0x55, 0x0D,
    0x12, 0xDB, 0xE9, 0xD6, 0x29, 0xC5, 0x06, 0xD8, 0x01, 0xED, 0x81, 0x0D, 0x8E, 0x69, 0x0B, 0xC3,
    0x3F, 0xCD, 0x98, 0xE7, 0x8C, 0x39, 0x36, 0xF6, 0x51, 0xD8, 0x8E, 0xB1, 0xF3, 0x5F, 0xAC, 0x98,
    0xE0, 0xF0, 0x28, 0xB4, 0xA7, 0xBD, 0x0C, 0x65, 0x37, 0x25, 0x8F, 0xB2, 0x48, 0x71, 0x95, 0x08,
    0xD8, 0x4F, 0x4F, 0x99, 0x25, 0xA3, 0xA0, 0x54, 0x8E, 0x73, 0x0F, 0x3F, 0xAC, 0x1E, 0x44, 0xA1,
    0x3C, 0x3E, 0x80, 0x9D, 0x40, 0x4B, 0x14, 0x70, 0xC1, 0x15, 0x5C, 0xA0, 0x77, 0x70, 0x81, 0x2F,
    0xB0, 0xFF, 0x47, 0xE6, 0x04, 0x8E, 0xBF, 0x0D, 0x97, 0xBC, 0x1B, 0x23, 0x8F, 0xC6, 0x18, 0xB5,
    0x7B, 0xA9, 0xD7, 0x5B, 0x1D, 0xBB, 0x44, 0xDA, 0x99, 0xF0, 0xA6, 0xC5, 0xC6, 0x39, 0xDC, 0x3D,
    0x7C, 0xF2, 0xC0, 0xC4, 0x40, 0xAE, 0x1B, 0x95, 0x16, 0x23, 0x3E, 0x7B, 0x96, 0x74, 0x67, 0xF9,
    0x34, 0x75, 0xCD, 0x0B, 0xE9, 0x89, 0x24, 0x2C, 0x58, 0x4D, 0x86, 0x43, 0xE9, 0xFB, 0xD5, 0x7A,
    0x6C, 0xCC, 0x44, 0xE6, 0x1A, 0x5A, 0x97, 0xE0, 0xE2, 0x01, 0x67, 0x60, 0x5A, 0x37, 0x2A, 0x91,
    0x16, 0x4D, 0xCB, 0x0E, 0x60, 0x1C, 0x3D, 0x18, 0x44, 0xB1, 0x28, 0xB1, 0x3C, 0xD0, 0x43, 0x13,
    0xBA, 0xA9, 0x61, 0x0A, 0x9B, 0x1B, 0x3E, 0x67, 0x03, 0xD9, 0x6A, 0x35, 0x0A, 0x1C, 0x68, 0x8F,
    0xC7, 0x63, 0x17, 0x01, 0x75, 0xE1, 0x9E, 0xB9, 0x6A, 0xDF, 0xB9, 0x3C, 0x1E, 0xB9, 0x5A, 0xD0,
    0x78, 0xE6, 0x82, 0x70, 0xB8, 0xF4, 0xC8, 0x25, 0x35, 0x4D, 0x01, 0x5B, 0x02, 0x7E, 0xD2, 0x55,
    0xDC, 0x19, 0xA0, 0x02, 0xDA, 0x58, 0xDE, 0x94, 0x9A, 0x50, 0xF4, 0x68, 0x14, 0x41, 0x75, 0x26,
    0x5C, 0x10, 0xC8, 0x0D, 0x51, 0xAE, 0x82, 0x02, 0xB9, 0xF7, 0x3A, 0x4C, 0xB0, 0xC2, 0xEB, 0x4D,
    0x93, 0x72, 0xC3, 0x9B, 0x57, 0xB1, 0xE1, 0xBD, 0xA7, 0x35, 0x6D, 0x23, 0x90, 0x0F, 0x5D, 0x05,
    0x53, 0xFF, 0x9D, 0x47, 0x2E, 0x77, 0x0C, 0x3C, 0x72, 0x15, 0x08, 0x0B, 0xC0, 0xE3, 0x5B, 0x10,
    0x09, 0xA0, 0xBE, 0x84, 0x07, 0xB3, 0xEA, 0x7B, 0x9E, 0x73, 0x61, 0xE6, 0x97, 0x70, 0xE5, 0x46,
    0x75, 0xBE, 0xC3, 0x65, 0xD9, 0x94, 0x06, 0x3D, 0x4E, 0x76, 0x30, 0x5A, 0xDB, 0x9E, 0xD7, 0x29,
    0x5B, 0xA0, 0x06, 0x82, 0x4A, 0xD6, 0x86, 0x62, 0x4D, 0x2C, 0xB2, 0x9C, 0x65, 0x6A, 0x60, 0x03,
    0x2D, 0x77, 0x39, 0xE0, 0x18, 0x4D, 0x01, 0xEF, 0x81, 0x10, 0x08, 0x42, 0x60, 0x14, 0xFC, 0x8D,
    0xDD, 0xD7, 0x63, 0xAD, 0x69, 0x6D, 0x7B, 0xD0, 0x89, 0x3C, 0x80, 0xE9, 0x8F, 0x79, 0x38, 0xBC,
    0xB6, 0xE6, 0x1F, 0xF3, 0x18, 0xA0, 0x82, 0xD9, 0x1F, 0xF3, 0x64, 0x9E, 0xFC, 0x53, 0x9E, 0xB2,
    0xA4, 0x87, 0x0B, 0x56, 0x0D, 0x17, 0xE8, 0x51, 0x96, 0x60, 0x4E, 0x26, 0xA5, 0xE7, 0xB8, 0x9B,
    0x8C, 0x35, 0x69, 0xF3, 0xC6, 0x36, 0x6C, 0x9C, 0x36, 0x1E, 0xA3, 0x9E, 0x0C, 0x4A, 0x48, 0x26,
    0xEC, 0x7C, 0x38, 0xD1, 0x47, 0x7E, 0xC7, 0x58, 0x3D, 0x4C, 0x71, 0x2E, 0xA1, 0x0F, 0x5D, 0xE7,
    0x12, 0xFA, 0xC8, 0x65, 0xF3, 0x81, 0x47, 0xAE, 0xDF, 0xF3, 0xE8, 0xAC, 0x29, 0xC1, 0xAB, 0xC2,
    0xB6, 0x66, 0xF3, 0x9C, 0x2F, 0x1F, 0x59, 0x27, 0xA4, 0x0D, 0x59, 0x56, 0x85, 0x1D, 0x56, 0x52,
    0x4A, 0x97, 0x00, 0x3E, 0x1E, 0x8E, 0x11, 0xDD, 0xCE, 0xEF, 0xAA, 0xE2, 0xB8, 0x96, 0x04, 0x00,
    0x1F, 0x0F, 0x95, 0x07, 0x18, 0xAE, 0xE0, 0x72, 0xBE, 0x0A, 0xF4, 0x1E, 0x78, 0xAD, 0x73, 0xF7,
    0x4A, 0xCB, 0x5D, 0xC0, 0x7B, 0xA5, 0x2F, 0x3D, 0x3A, 0x15, 0xEE, 0x95, 0x8E, 0x81, 0x7B, 0x65,
    0x62, 0x9A, 0x1A, 0x9E, 0x77, 0xCA, 0x55, 0xA0, 0x14, 0x13, 0x2D, 0x21, 0x4B, 0x97, 0x92, 0x04,
    0xAA, 0xA9, 0x39, 0xD5, 0xE7, 0xB3, 0x60, 0x9D, 0x25, 0xE8, 0x6F, 0x4B, 0x2B, 0x3D, 0xA8, 0xB0,
    0x82, 0x9D, 0xBB, 0x86, 0x17, 0x3C, 0xF1, 0x5A, 0x50, 0x3B, 0x7F, 0xBE, 0x2C, 0xA4, 0xC6, 0xAB,
    0xF1, 0x2C, 0xE8, 0xBD, 0xF2, 0x2C, 0xE8, 0xBD, 0xD2, 0x7D, 0xE0, 0x5E, 0xF9, 0x7D, 0x53, 0x20,
    0x12, 0x78, 0xBC, 0x09, 0xAC, 0x7B, 0x00, 0xFC, 0x10, 0x13, 0xE0, 0xC4, 0xB8, 0x39, 0xA6, 0xB3,
    0xA0, 0x96, 0x17, 0xAE, 0x2B, 0x7B, 0x9D, 0x14, 0x25, 0x48, 0x21, 0x8F, 0xFA, 0x84, 0xF7, 0x5A,
    0x7F, 0xCB, 0xD9, 0x3A, 0xDE, 0x29, 0x3F, 0xD7, 0xFA, 0xFE, 0x3A, 0xEF, 0x95, 0x3E, 0x70, 0xAF,
    0xFC, 0xF5, 0x0A, 0x0F, 0x9C, 0x3D, 0x72, 0x57, 0xF9, 0x9C, 0xF4, 0x22, 0x8B, 0x55, 0xCC, 0xFD,
    0x54, 0x99, 0x7A, 0x9B, 0x73, 0x5F, 0xDE, 0xE7, 0xB9, 0xC4, 0x59, 0x87, 0x7B, 0xE5, 0x59, 0x87,
    0x7B, 0xA5, 0x3B, 0x06, 0x6E, 0x95, 0x20, 0x50, 0xB0, 0x78, 0x53, 0x92, 0x18, 0xF0, 0x6A, 0x58,
    0x9E, 0x08, 0x70, 0x38, 0x2E, 0x5C, 0xF3, 0xE1, 0xBD, 0x7A, 0xF2, 0xCE, 0x5F, 0x7A, 0x53, 0xBA,
    0x0F, 0x3C, 0xFB, 0xAD, 0xFF, 0x00, 0xA5, 0x98, 0x61, 0x8E, 0xBB, 0x3A, 0x0C, 0xC4, 0x47, 0xCA,
    0x01, 0x7C, 0x95, 0x77, 0x00, 0xA4, 0xB9, 0xBA, 0xA5, 0x3D, 0x40, 0xAF, 0x62, 0xA9, 0x5F, 0x2D,
    0xCD, 0xC3, 0x16, 0x8B, 0x82, 0x5A, 0x16, 0xD0, 0x1F, 0xFF, 0xCC, 0x36, 0xC1, 0x19, 0x67, 0x81,
    0xA4, 0x49, 0x21, 0x2F, 0x00, 0xA8, 0x18, 0xF2, 0xF1, 0x53, 0xD8, 0x4F, 0x14, 0x08, 0x22, 0xA9,
    0x22, 0xC1, 0x86, 0x96, 0x58, 0x01, 0xEA, 0x4C, 0x61, 0x31, 0x07, 0xDD, 0xE4, 0x7C, 0x79, 0x9A,
    0x27, 0x5D, 0xAF, 0xF5, 0x73, 0x0C, 0x8F, 0xF1, 0x8E, 0xA7, 0xE2, 0x8B, 0x81, 0xBC, 0xA5, 0x7F,
    0x5F, 0x13, 0x04, 0x12, 0x23, 0x2A, 0x18, 0xBA, 0x92, 0xED, 0x48, 0x73, 0x98, 0x30, 0x12, 0xF5,
    0xA9, 0x9B, 0xD7, 0x21, 0x37, 0x25, 0x3D, 0x09, 0xAA, 0x94, 0xB1, 0x23, 0x90, 0x2B, 0x9E, 0xA6,
    0x84, 0x7C, 0xCF, 0x08, 0x94, 0x08, 0xE5, 0x34, 0x9F, 0xE3, 0x69, 0x4E, 0x79, 0xE9, 0xB3, 0x64,
    0xC7, 0x3B, 0x1E, 0xE9, 0x57, 0x0F, 0x13, 0xE4, 0x0D, 0xFD, 0xA5, 0x78, 0x24, 0x8E, 0x40, 0x71,
    0xA5, 0xBC, 0x3D, 0x5C, 0x3E, 0x13, 0x27, 0x61, 0xF7, 0xEE, 0x8C, 0xBD, 0x7C, 0x08, 0xC8, 0x96,
    0xD7, 0x4A, 0xE4, 0xC8, 0xC4, 0x0A, 0x3F, 0xC8, 0x1C, 0x29, 0x85, 0x84, 0xEE, 0x56, 0x7B, 0xB4,
    0xDB, 0xFB, 0xED, 0x54, 0x80, 0x16, 0xC8, 0x71, 0xF4, 0xAA, 0xAB, 0x6B, 0xF6, 0x5E, 0x5D, 0xE5,
    0x82, 0x39, 0xDD, 0xDA, 0x46, 0x94, 0x4B, 0xE5, 0xFD, 0x79, 0xF3, 0x32, 0x7A, 0xC7, 0x2A, 0x80,
    0x11, 0x85, 0x15, 0xAB, 0x0E, 0x15, 0xB4, 0xC8, 0xB1, 0x53, 0x45, 0xAA, 0x2E, 0xED, 0xC3, 0x46,
    0x8A, 0x95, 0xC3, 0x3D, 0x92, 0xAF, 0x1C, 0x6B, 0x62, 0x65, 0x6F, 0xD2, 0x77, 0x0A, 0x34, 0xCF,
    0xE1, 0x52, 0x31, 0xDF, 0xA9, 0x1E, 0x33, 0x8F, 0xC5, 0xBB, 0xD5, 0x2D, 0xFD, 0xE1, 0xC5, 0x23,
    0x71, 0x04, 0x8A, 0x2B, 0xE5, 0xFB, 0x82, 0x23, 0xB6, 0x91, 0xC8, 0x84, 0xC5, 0x85, 0xEC, 0x71,
    0x0C, 0x63, 0x7E, 0xE7, 0xEE, 0x67, 0x9C, 0x5B, 0x5D, 0xA4, 0xBB, 0x1C, 0xC3, 0xA6, 0x95, 0xDF,
    0x91, 0x20, 0x93, 0x86, 0x5E, 0x48, 0x0C, 0xD5, 0x5B, 0x0E, 0xE0, 0xEF, 0x37, 0x07, 0x23, 0xF6,
    0x5C, 0xF3, 0xAC, 0x7A, 0x3F, 0x97, 0x0D, 0xDF, 0x86, 0xD3, 0x93, 0x5C, 0x58, 0x8A, 0x47, 0x89,
    0x10, 0x28, 0x1E, 0x65, 0xB9, 0x2F, 0x0E, 0x80, 0xBF, 0x58, 0xF7, 0xED, 0xBF, 0x3E, 0x47, 0x93,
    0xC5, 0xA3, 0xD4, 0xF3, 0x83, 0xFB, 0x9C, 0x56, 0xD4, 0xC7, 0x67, 0xBD, 0x39, 0x18, 0xC8, 0xCE,
    0xC5, 0x19, 0x7A, 0xE5, 0xFD, 0x09, 0x8E, 0x2F, 0x7C, 0xC8, 0x9E, 0xEA, 0x27, 0xB0, 0xA2, 0x26,
    0x05, 0xC9, 0x65, 0x9E, 0xDF, 0xE0, 0xA2, 0xAC, 0xCE, 0x9B, 0x9F, 0xD9, 0xDF, 0x31, 0x5A, 0x0D,
    0xE0, 0x1F, 0x76, 0x1E, 0x11, 0x4B, 0x26, 0x2F, 0x72, 0xFF, 0x15, 0xF3, 0x57, 0xD6, 0xBA, 0x9A,
    0x50, 0x70, 0x8B, 0xC2, 0x45, 0xD4, 0xB2, 0x20, 0xCF, 0x0E, 0x98, 0x5F, 0x7A, 0x6E, 0x2E, 0x7A,
    0x52, 0x48, 0x4B, 0x24, 0xCB, 0x80, 0xE4, 0xA7, 0x81, 0xE0, 0xD0, 0xC8, 0xC3, 0xB8, 0x37, 0x3F,
    0x23, 0x1B, 0xD1, 0x29, 0x58, 0xE5, 0x63, 0x64, 0x9E, 0xDF, 0x38, 0xB9, 0x90, 0x58, 0x7D, 0x24,
    0xD2, 0x02, 0x49, 0x47, 0x0A, 0x50, 0x02, 0x8A, 0xFE, 0xDB, 0xE5, 0xAE, 0xB7, 0xE8, 0xB8, 0x8E,
    0x07, 0x1D, 0x75, 0x70, 0x72, 0x03, 0xB0, 0xA0, 0xC7, 0x49, 0xCE, 0x10, 0x99, 0xA5, 0x26, 0x6F,
    0x02, 0x99, 0x5D, 0xC9, 0xEA, 0x2A, 0x80, 0x11, 0x1B, 0x08, 0x0C, 0xC7, 0xB8, 0x6A, 0xB2, 0x4F,
    0xCF, 0x00, 0xF2, 0x06, 0x92, 0xAF, 0x98, 0xB3, 0x0A, 0xC8, 0x73, 0xBB, 0xAF, 0x76, 0xD2, 0xED,
    0xC3, 0x51, 0xC5, 0x25, 0xA6, 0x87, 0x3F, 0x36, 0x37, 0x24, 0x70, 0xEA, 0x92, 0xB7, 0x27, 0x57,
    0xB3, 0xD5, 0x96, 0x7B, 0xFD, 0xB4, 0xE2, 0xA3, 0x9F, 0x87, 0x56, 0xCB, 0x51, 0x8B, 0x98, 0x58,
    0xC0, 0x44, 0xA5, 0x06, 0x38, 0xA3, 0x28, 0xB0, 0x9B, 0xCB, 0x05, 0x4E, 0x36, 0x2F, 0x5A, 0x13,
    0x14, 0x1A, 0xAF, 0x56, 0xB9, 0x92, 0xCC, 0x85, 0x49, 0xA6, 0x31, 0x87, 0x0A, 0x68, 0x5E, 0x26,
    0xE3, 0x6A, 0xDE, 0xB9, 0xAF, 0xF9, 0x6D, 0xCA, 0xBE, 0x10, 0xFF, 0xFA, 0x18, 0xE7, 0xC5, 0xE0,
    0xFD, 0xEC, 0x24, 0xEC, 0xEE, 0x7F, 0x04, 0x94, 0x2F, 0x9B, 0x07, 0xE9, 0xA0, 0x02, 0xFC, 0x59,
    0x7D, 0x9C, 0xFA, 0x93, 0x3B, 0xD1, 0x0C, 0x61, 0xE4, 0xC5, 0x0D, 0x68, 0xA0, 0x15, 0xD4, 0xB9,
    0x1D, 0xE8, 0xBF, 0x56, 0x52, 0xDB, 0xD3, 0x16, 0xF8, 0x31, 0x95, 0x55, 0xDD, 0xF6, 0x4E, 0x74,
    0x2C, 0xE4, 0x9D, 0x52, 0xC7, 0xF5, 0xF6, 0x88, 0x9D, 0x79, 0x65, 0x81, 0xF1, 0x8E, 0x7F, 0x4E,
    0xB7, 0xAF, 0x35, 0x2E, 0x33, 0xC2, 0x16, 0x60, 0x09, 0xE0, 0xFD, 0x4F, 0x19, 0xAB, 0xFD, 0x78,
    0x95, 0xD8, 0x75, 0x46, 0x49, 0x6E, 0x75, 0xE2, 0x4F, 0x02, 0x44, 0x02, 0x42, 0x62, 0xA5, 0x4F,
    0xD2, 0x76, 0xDA, 0x2F, 0x74, 0x48, 0x07, 0x77, 0xB3, 0x4D, 0x80, 0x41, 0x29, 0x69, 0xC1, 0x1C,
    0xE5, 0x52, 0xEE, 0x7B, 0x8A, 0x24, 0x25, 0x55, 0xCC, 0x3C, 0x0C, 0xE7, 0x1D, 0xCC, 0xB4, 0x5F,
    0xE9, 0x6E, 0x22, 0x27, 0x7A, 0xAF, 0x41, 0x00, 0x19, 0x5A, 0x2D, 0x31, 0xDB, 0x7D, 0x95, 0xC3,
    0x44, 0xBC, 0x00, 0x01, 0xF8, 0x57, 0x49, 0x80, 0x6D, 0x86, 0x05, 0xFF, 0xCD, 0xE3, 0xEC, 0x41,
    0xB2, 0x4C, 0x86, 0x39, 0xC0, 0x85, 0xB9, 0xDA, 0xE9, 0x5C, 0x64, 0x3D, 0x4A, 0xD4, 0x8A, 0x02,
    0x98, 0x55, 0x03, 0x05, 0x7E, 0x73, 0x68, 0x24, 0x15, 0x76, 0xDC, 0x40, 0x9B, 0x40, 0x6D, 0x83,
    0x54, 0xEA, 0x26, 0x56, 0x45, 0xA9, 0x14, 0xA6, 0x65, 0xF4, 0x7D, 0xFD, 0x7D, 0x03, 0x7D, 0xAD,
    0x7F, 0x5F, 0x13, 0x01, 0x24, 0x60, 0xE8, 0x31, 0x7E, 0x21, 0x3B, 0x1C, 0x23, 0x80, 0x05, 0x96,
    0xB0, 0x38, 0x6C, 0x51, 0xF6, 0x86, 0xF2, 0x8E, 0xAC, 0xCF, 0x21, 0x0B, 0xCA, 0xEB, 0x12, 0x2D,
    0x2B, 0xAE, 0xB2, 0x26, 0x13, 0xCA, 0xAA, 0xEC, 0x82, 0x4B, 0xB9, 0x82, 0xC4, 0x35, 0xC7, 0xBE,
    0xB2, 0x4D, 0xA1, 0x20, 0x26, 0x0B, 0x0B, 0x83, 0x39, 0x82, 0x41, 0x9F, 0x5F, 0x8D, 0x07, 0x89,
    0x46, 0x70, 0x05, 0x85, 0xDE, 0xAE, 0x00, 0xF1, 0x41, 0xC0, 0xE2, 0xB6, 0xE6, 0x47, 0x6F, 0x9D,
    0xFE, 0xDB, 0x5B, 0x64, 0x0C, 0xC5, 0x78, 0x39, 0x3A, 0xEE, 0x6F, 0x88, 0xA4, 0x72, 0xC8, 0xED,
    0x05, 0x0A, 0x4B, 0x02, 0x40, 0x9A, 0x7F, 0x81, 0x2E, 0x39, 0x57, 0x59, 0x15, 0xCF, 0xC4, 0x13,
    0x76, 0x43, 0x79, 0xDE, 0xD7, 0xDD, 0x17, 0x9F, 0xF6, 0xF0, 0x97, 0x3D, 0xC7, 0xF8, 0xF1, 0x15,
    0x08, 0x8F, 0x52, 0x8C, 0x84, 0x59, 0x31, 0xEE, 0x64, 0x59, 0xA2, 0x27, 0xE3, 0x67, 0x29, 0xF6,
    0xF9, 0xFB, 0x52, 0xFF, 0xBE, 0xE6, 0xF1, 0x37, 0xBF, 0x0B, 0xD9, 0x2F, 0xBF, 0xF9, 0x81, 0x01,
    0x64, 0xE2, 0xB7, 0x4F, 0xB3, 0xD3, 0x7E, 0x62, 0xF7, 0xE5, 0x1D, 0xB6, 0xBC, 0xBD, 0x3D, 0xE5,
    0x23, 0x88, 0xCD, 0x4F, 0x75, 0x76, 0x0D, 0xBE, 0xBB, 0x7D, 0xB5, 0xB3, 0xE0, 0xDE, 0x16, 0x2B,
    0x90, 0x63, 0xDB, 0x59, 0x20, 0x61, 0x5E, 0x4E, 0x10, 0xFB, 0xC2, 0xF5, 0x3D, 0x7D, 0x5B, 0x13,
    0x5F, 0x7D, 0x9F, 0xE4, 0xE6, 0xFB, 0x4A, 0xA2, 0x81, 0x65, 0x31, 0xE2, 0x17, 0x07, 0xBD, 0x5B,
    0xBD, 0x8A, 0x4E, 0x9B, 0x0B, 0x82, 0x23, 0x6C, 0x78, 0x55, 0x0A, 0xC8, 0x89, 0xC3, 0x97, 0x5B,
    0x48, 0xAD, 0xD2, 0x95, 0x45, 0x6E, 0xA5, 0x2D, 0x6A, 0x8F, 0xC9, 0x11, 0xE6, 0x55, 0x92, 0x40,
    0x74, 0x89, 0xC8, 0x2E, 0x23, 0x50, 0x3C, 0x91, 0x1B, 0x3E, 0x4E, 0xC4, 0x8E, 0xBF, 0xF9, 0xF8,
    0xCA, 0x2C, 0x33, 0x6B, 0x64, 0xF2, 0xBC, 0x4B, 0xE8, 0x23, 0x06, 0xCA, 0x88, 0x31, 0x59, 0x1D,
    0xFF, 0x03, 0xAD, 0x57, 0xC1, 0x8A, 0x2B, 0x39, 0x0C, 0x2C, 0xD0, 0xB5, 0x41, 0xBF, 0xD2, 0x90,
    0xAB, 0x41, 0xBF, 0x2E, 0xC8, 0xF5, 0x41, 0x7E, 0x45, 0x90, 0xAB, 0xA0, 0xD6, 0x16, 0x71, 0x70,
    0xDE, 0x26, 0xE9, 0xED, 0x99, 0x55, 0x95, 0x26, 0xC4, 0x92, 0x25, 0xA3, 0xD8, 0xB2, 0x07, 0xF4,
    0x54, 0x66, 0x9A, 0xB3, 0x19, 0xAC, 0x11, 0x16, 0x09, 0xF5, 0x55, 0x09, 0x73, 0x43, 0x87, 0x13,
    0xCA, 0x04, 0xE8, 0x90, 0x34, 0x23, 0x4D, 0x6F, 0x29, 0x4C, 0xC9, 0x94, 0xE8, 0x34, 0x75, 0xA3,
    0x4B, 0x22, 0x61, 0xF1, 0x97, 0x7A, 0x57, 0xBC, 0xD3, 0xFA, 0xCB, 0x84, 0xD0, 0x91, 0x9A, 0x0B,
    0x23, 0xD5, 0x07, 0xCD, 0x49, 0xB7, 0x9B, 0xE3, 0x82, 0x0D, 0x00, 0x9A, 0x5D, 0xA4, 0xB0, 0x75,
    0xEC, 0x03, 0xCD, 0x30, 0xA5, 0xFB, 0x34, 0x5C, 0x70, 0xB1, 0xD5, 0x63, 0xB5, 0xCB, 0x26, 0x10,
    0xE8, 0x8B, 0x5D, 0x0D, 0x8B, 0xEC, 0xB6, 0xCB, 0x82, 0xEB, 0x7E, 0xB5, 0xB6, 0x98, 0xC7, 0x18,
    0x76, 0x5D, 0x7D, 0xEC, 0x8A, 0x0D, 0x81, 0x92, 0xD6, 0x13, 0x6C, 0xD8, 0xB4, 0xFF, 0x7D, 0x82,
    0x8B, 0x1D, 0xD8, 0x6F, 0x23, 0x66, 0xEB, 0xB8, 0x74, 0xEC, 0xF7, 0x8E, 0x3F, 0x6B, 0xFC, 0x6E,
    0xF5, 0x76, 0x2B, 0x7B, 0x61, 0x78, 0xCB, 0x73, 0x3E, 0xA4, 0x03, 0x17, 0x6D, 0x63, 0x7C, 0xA2,
    0xEC, 0x72, 0x0F, 0xD0, 0x61, 0x18, 0xC2, 0x41, 0xA1, 0xCB, 0x75, 0x50, 0xAF, 0x31, 0x88, 0x30,
    0xA4, 0x71, 0x30, 0x61, 0x45, 0x33, 0x83, 0x26, 0xA4, 0xA2, 0x6B, 0xC2, 0x88, 0xA6, 0x0E, 0x73,
    0x1D, 0x35, 0x9F, 0xF5, 0xBF, 0xB9, 0xDD, 0x22, 0xD3, 0x42, 0x1D, 0x50, 0xFF, 0x8C, 0x6F, 0x3E,
    0x63, 0x7D, 0xA0, 0x03, 0xB3, 0xDA, 0x74, 0x28, 0x13, 0xE6, 0x84, 0xC1, 0x40, 0x98, 0xFF, 0x97,
    0xBD, 0xA7, 0x37, 0x17, 0x02, 0x09, 0x00, 0x92, 0x30, 0xBA, 0xA9, 0xA7, 0x44, 0xF1, 0x65, 0x1F,
    0xAE, 0x15, 0x49, 0xD8, 0x77, 0x5A, 0x95, 0x46, 0xE8, 0x6B, 0x45, 0x52, 0xFD, 0x95, 0xAF, 0x3B,
    0x92, 0x45, 0x60, 0x54, 0xB9, 0x78, 0x2A, 0x91, 0x26, 0x3A, 0x01, 0xA8, 0x3E, 0x78, 0x9C, 0x51,
    0x1D, 0x06, 0x24, 0x7E, 0x9C, 0xB4, 0xA6, 0x43, 0xE2, 0x5C, 0xDE, 0x59, 0xC9, 0x9F, 0xE7, 0xAD,
    0xAA, 0x9E, 0xCF, 0x1B, 0x40, 0xE2, 0x37, 0x79, 0xD5, 0x2B, 0xE9, 0xC9, 0x3A, 0x6B, 0x80, 0x44,
    0x1A, 0xA0, 0x4E, 0x0E, 0xC6, 0xB0, 0xC2, 0x08, 0x0D, 0xBC, 0xFB, 0xDD, 0x4F, 0x1C, 0x39, 0x19,
    0x6E, 0xAF, 0xEB, 0x99, 0x67, 0xCF, 0x3E, 0x9C, 0xBD, 0x67, 0x46, 0xB4, 0xE2, 0x99, 0x74, 0xCF,
    0x6D, 0x86, 0x28, 0x1E, 0x9D, 0xF3, 0x61, 0x9E, 0x33, 0x40, 0x72, 0xA8, 0xD0, 0x21, 0x63, 0xFB,
    0x4D, 0x55, 0xA6, 0x95, 0x3A, 0x8C, 0x0E, 0x76, 0x4D, 0x1D, 0x4A, 0x0E, 0x85, 0x05, 0x4A, 0x01,
    0xE8, 0x9D, 0x30, 0xD2, 0x9B, 0x49, 0x80, 0x12, 0x4A, 0x86, 0x19, 0x90, 0x43, 0x79, 0x0D, 0x8E,
    0xEF, 0x57, 0x02, 0xF4, 0x11, 0xF1, 0x51, 0x66, 0x4B, 0x60, 0x50, 0x1F, 0xF1, 0xAC, 0xD3, 0xA9,
    0xA4, 0xF0, 0xA6, 0xF7, 0x30, 0x86, 0x69, 0xBC, 0x9E, 0xFA, 0x31, 0xC8, 0xE2, 0xBB, 0x0E, 0x70,
    0x26, 0xFE, 0xD2, 0x61, 0xBE, 0xE4, 0xEA, 0x26, 0x2C, 0xDD, 0x66, 0xD4, 0x45, 0x08, 0x20, 0x51,
    0x92, 0x20, 0x52, 0x12, 0xA9, 0x81, 0x34, 0x47, 0x12, 0x60, 0x02, 0x8C, 0xFA, 0xAC, 0xEF, 0x35,
    0xAE, 0x51, 0x7E, 0xE5, 0x0F, 0xF3, 0x4C, 0x58, 0x40, 0x1D, 0x00, 0x6C, 0xA5, 0xBA, 0x19, 0xAC,
    0xAC, 0x83, 0x09, 0xB3, 0x1A, 0xD4, 0x30, 0x89, 0x9F, 0x76, 0xD3, 0x4A, 0x64, 0x8F, 0x55, 0x33,
    0x00, 0xF3, 0x83, 0xAE, 0x8A, 0x84, 0xD4, 0xFA, 0x94, 0x90, 0x0A, 0x52, 0x5A, 0xF2, 0x7F, 0x2E,
    0x82, 0x83, 0xC0, 0xB9, 0xD5, 0x6C, 0xBB, 0x38, 0x00, 0x58, 0x62, 0x87, 0xCB, 0xB0, 0x6D, 0x03,
    0x7B, 0xD3, 0xC0, 0x43, 0xA6, 0x8F, 0xFE, 0xED, 0xB3, 0xE9, 0xE1, 0x25, 0x47, 0x27, 0x4A, 0x8E,
    0x1E, 0x22, 0x00, 0xBE, 0x3E, 0x44, 0x20, 0xF8, 0xF4, 0x10, 0x99, 0x4D, 0xFE, 0xDC, 0xA6, 0xAD,
    0x59, 0xA7, 0x37, 0xED, 0x94, 0xDD, 0x0B, 0x7F, 0xEC, 0xCF, 0x3E, 0xB1, 0x63, 0x91, 0x4B, 0xB4,
    0x6D, 0x1F, 0xD8, 0x77, 0xBF, 0xA0, 0x61, 0x2F, 0x00, 0x6B, 0x83, 0x4E, 0x18, 0x51, 0xF4, 0x91,
    0x3D, 0x3B, 0xD3, 0xB2, 0x59, 0x9A, 0xA5, 0x5A, 0x0A, 0x07, 0xD1, 0x69, 0x06, 0xA8, 0xCF, 0x2B,
    0x96, 0x20, 0x9D, 0xEA, 0xF9, 0x8E, 0xAF, 0xB5, 0x78, 0x34, 0x5C, 0xF0, 0x44, 0xFB, 0x7B, 0xB9,
    0xF0, 0x02, 0xAD, 0x0D, 0x6A, 0x1C, 0x35, 0xDC, 0xB9, 0x1D, 0x25, 0x7E, 0xD7, 0x08, 0x25, 0xE6,
    0xEE, 0x3E, 0xD7, 0x0C, 0x91, 0x98, 0x73, 0x4B, 0x2C, 0x9A, 0x90, 0xA1, 0xA1, 0xAE, 0x6E, 0x1D,
    0xF7, 0x30, 0xB9, 0x76, 0x95, 0x30, 0xED, 0xDA, 0xBA, 0x3E, 0xAC, 0x1A, 0xE6, 0x46, 0x22, 0x2C,
    0x2A, 0x86, 0x3E, 0x1B, 0xA0, 0x2A, 0x53, 0xFB, 0x24, 0x4D, 0xB3, 0xB4, 0x4C, 0x8B, 0xFA, 0xCA,
    0x08, 0x42, 0x1B, 0xE4, 0x06, 0xDC, 0xCF, 0xDD, 0x65, 0x2D, 0xE6, 0xC4, 0xC3, 0x6B, 0x85, 0x2E,
    0xF7, 0x10, 0x8F, 0xB3, 0x97, 0x97, 0x19, 0x9A, 0x1E, 0xC7, 0xBF, 0x3B, 0x6A, 0x31, 0x00, 0x40,
    0x46, 0x67, 0x02, 0x4F, 0x92, 0xDE, 0xF9, 0x3A, 0x12, 0x9D, 0xEB, 0xFA, 0x65, 0xEE, 0x88, 0x14,
    0x7F, 0xFA, 0x3F, 0x4F, 0xCA, 0x5C, 0xC9, 0xB9, 0xF8, 0x73, 0xD6, 0x71, 0xFC, 0xBB, 0xB7, 0xD0,
    0x06, 0x48, 0x7C, 0xC6, 0x37, 0x1F, 0x8B, 0xCC, 0x68, 0xDF, 0x9F, 0xE7, 0x5F, 0x7D, 0x1A, 0xAA,
    0x0E, 0xB8, 0xFF, 0xAE, 0x97, 0xAF, 0x15, 0x3D, 0x68, 0xDD, 0xF4, 0xBA, 0xA0, 0xC5, 0xE3, 0x57,
    0x19, 0x85, 0xE3, 0x28, 0xAA, 0xF8, 0x61, 0xC6, 0x75, 0x6D, 0x64, 0x67, 0xA4, 0x64, 0xA2, 0x28,
    0x49, 0x06, 0x59, 0x13, 0x91, 0x0B, 0x39, 0xAB, 0x6E, 0xCD, 0xB2, 0x03, 0x2B, 0x96, 0xDC, 0x27,
    0x22, 0xD6, 0xEF, 0xF0, 0x21, 0xE2, 0x3C, 0x87, 0xE7, 0x9E, 0xB9, 0x73, 0xF7, 0x1F, 0x3F, 0x6D,
    0x97, 0x73, 0x78, 0x22, 0xFE, 0xDC, 0xC7, 0xC7, 0xF1, 0xB5, 0xBA, 0x3F, 0xAB, 0x0A, 0x04, 0x2C,
    0xA1, 0x74, 0x30, 0x30, 0xEB, 0x42, 0x49, 0x63, 0x8C, 0x41, 0x00, 0x39, 0xD9, 0x80, 0x00, 0x1C,
    0x4A, 0x18, 0x2B, 0x20, 0x40, 0xD6, 0xDC, 0x8A, 0x4F, 0xC2, 0x12, 0x00, 0x24, 0x1E, 0x44, 0x40,
    0x1C, 0x02, 0x90, 0xD9, 0x89, 0xC4, 0x21, 0xDF, 0x66, 0xB4, 0x02, 0x83, 0x61, 0x58, 0x10, 0x1A,
    0xF3, 0xA0, 0x88, 0x2B, 0x36, 0x4C, 0xD1, 0x18, 0x17, 0x21, 0x36, 0x84, 0xEE, 0xD8, 0x0A, 0xA1,
    0x58, 0xA5, 0x7C, 0xA6, 0x65, 0x7E, 0x1E, 0xFC, 0x37, 0xCA, 0x92, 0x7F, 0x8F, 0x7F, 0x7C, 0x0D,
    0x5A, 0x5D, 0xB2, 0xE3, 0x06, 0x78, 0xC3, 0x7F, 0x00, 0xB5, 0x96, 0x01, 0xC6, 0x2C, 0x49, 0x10,
    0x84, 0x3F, 0x12, 0x20, 0xC8, 0xAB, 0x04, 0x03, 0x30, 0xCC, 0xD5, 0x93, 0x06, 0x18, 0xDE, 0x55,
    0xEA, 0x00, 0x4D, 0xEF, 0x3C, 0x76, 0xD7, 0xDA, 0x55, 0x61, 0xFF, 0x66, 0x3E, 0xA0, 0x84, 0x9A,
    0x9C, 0x4A, 0x11, 0x99, 0xDD, 0xB0, 0x48, 0xAC, 0x26, 0x51, 0x23, 0x13, 0x69, 0x79, 0x11, 0x79,
    0x9D, 0x44, 0xAE, 0x8B, 0x80, 0x65, 0x75, 0xA8, 0x50, 0x53, 0x43, 0xE0, 0xF9, 0x21, 0xBF, 0x0F,
    0x33, 0xCC, 0x5E, 0x97, 0xF7, 0x15, 0xBA, 0x6D, 0x22, 0x56, 0xBA, 0x0F, 0x0C, 0x43, 0xD0, 0x65,
    0x59, 0x66, 0xC3, 0x5A, 0x12, 0x81, 0x9A, 0xC7, 0x3B, 0xF7, 0xAF, 0x97, 0x65, 0xB1, 0x67, 0x8A,
    0x9A, 0x54, 0x81, 0x29, 0x92, 0x5E, 0x30, 0xEC, 0x69, 0x0A, 0xF1, 0x63, 0x0A, 0x06, 0xE7, 0xFF,
    0x2D, 0x02, 0xD3, 0xB1, 0xEF, 0x45, 0xAD, 0x02, 0xEA, 0x44, 0x88, 0x84, 0x79, 0x23, 0xCC, 0xF0,
    0x03, 0x6A, 0x44, 0xE5, 0xFA, 0x74, 0xD0, 0x7B, 0x8A, 0xD8, 0x77, 0x7A, 0x8A, 0x4C, 0xF0, 0x85,
    0x50, 0x89, 0x15, 0x5D, 0x7B, 0xF0, 0x84, 0x6F, 0x26, 0xF3, 0xBE, 0xEF, 0x8A, 0x1A, 0xDC, 0x93,
    0x73, 0x47, 0xAA, 0x4F, 0x51, 0xE4, 0xB9, 0x96, 0x72, 0x73, 0xE8, 0xD0, 0x73, 0xDD, 0x9F, 0x0B,
    0x35, 0xB2, 0x95, 0xEE, 0xDF, 0xC8, 0xF5, 0x17, 0x26, 0x77, 0xD2, 0xAE, 0xEB, 0xA7, 0x35, 0x7B,
    0xDD, 0xAF, 0x88, 0x99, 0x42, 0x98, 0x7F, 0x21, 0x84, 0x31, 0xC3, 0x14, 0xF5, 0xF7, 0x31, 0x51,
    0x83, 0x71, 0x0D, 0x01, 0x2B, 0xF5, 0xA7, 0x97, 0x9C, 0x5E, 0xF3, 0x5C, 0x87, 0x8A, 0xE7, 0xB3,
    0x26, 0xA5, 0x80, 0x29, 0x0A, 0xA6, 0x72, 0x97, 0x03, 0x46, 0x14, 0x81, 0x3C, 0xB9, 0x68, 0x7B,
    0x80, 0xFB, 0x39, 0xE4, 0x61, 0x9B, 0x40, 0x48, 0xDF, 0x82, 0x9C, 0xB2, 0xEC, 0xDD, 0xEC, 0x5F,
    0x59, 0x86, 0xFC, 0x32, 0xA6, 0xDF, 0x8F, 0x55, 0x6C, 0xF1, 0xAB, 0xE6, 0x54, 0xCC, 0x58, 0xF0,
    0x7C, 0x40, 0x7A, 0x5D, 0xCA, 0x7B, 0x79, 0x31, 0xEF, 0x0F, 0x40, 0x0D, 0x00, 0xD4, 0xAF, 0x63,
    0xC9, 0xA2, 0x97, 0x4E, 0x59, 0xFA, 0xF5, 0x39, 0xFB, 0x1F, 0x9F, 0x71, 0x35, 0x16, 0x7F, 0x9D,
    0x1F, 0x1F, 0x18, 0x9C, 0x1C, 0x50, 0x23, 0x44, 0x4D, 0x9A, 0x32, 0x8F, 0xF7, 0x46, 0x8F, 0xC8,
    0x35, 0x72, 0xDA, 0xDD, 0x05, 0x13, 0x77, 0xFF, 0xD6, 0x77, 0x83, 0x91, 0xFD, 0x3E, 0xEA, 0x7F,
    0xE4, 0xB8, 0x69, 0x7E, 0xCC, 0xC3, 0x3D, 0xAF, 0xD5, 0x93, 0xF3, 0xFD, 0x5C, 0x4C, 0xD1, 0x67,
    0x48, 0xD8, 0x0D, 0x0C, 0x6A, 0x58, 0x5C, 0xD7, 0x7F, 0xCF, 0x37, 0xA9, 0xEB, 0x1A, 0xBE, 0x49,
    0xA8, 0x59, 0x27, 0x52, 0x8D, 0xCD, 0x6B, 0xB8, 0xC3, 0x75, 0xD1, 0xB0, 0x0C, 0xE2, 0xBB, 0x0C,
    0xB0, 0x5E, 0xD7, 0x75, 0x02, 0x0B, 0x98, 0x5E, 0xFE, 0xCD, 0x6A, 0x6F, 0xCC, 0x35, 0xF6, 0x6B,
    0xBC, 0xDD, 0x6B, 0x05, 0x34, 0x45, 0xCF, 0xFE, 0xFE, 0x6F, 0x76, 0xBA, 0xFF, 0x64, 0xFB, 0xFB,
    0x4B, 0x08, 0x51, 0x1B, 0x1D, 0xE3, 0x5A, 0xF2, 0x4E, 0x17, 0xA2, 0x27, 0x4F, 0xCA, 0x73, 0x1D,
    0x3A, 0xC4, 0x86, 0x1E, 0x59, 0xEC, 0x64, 0xF1, 0xCA, 0x13, 0x06, 0x7F, 0xD0, 0xD4, 0x56, 0xD5,
    0x14, 0x9A, 0xDD, 0x86, 0xF9, 0x03, 0xA5, 0x59, 0xC1, 0xAA, 0xF5, 0x2C, 0x0C, 0x1C, 0xC8, 0x36,
    0xE0, 0xAB, 0x04, 0xDC, 0x16, 0x7C, 0x75, 0xE1, 0x6C, 0xFB, 0x30, 0xC2, 0xBF, 0x15, 0xFA, 0x37,
    0x48, 0xB8, 0x9E, 0xA1, 0x39, 0x5D, 0x7C, 0x33, 0x8B, 0x7B, 0x2E, 0x33, 0xB1, 0xAD, 0x9A, 0xD4,
    0x2A, 0x50, 0x80, 0x01, 0xB4, 0x69, 0x70, 0xB6, 0x61, 0x58, 0x6C, 0x13, 0x37, 0xD4, 0xD4, 0x80,
    0x4C, 0x0F, 0xB8, 0x2E, 0x10, 0xE7, 0x94, 0xC0, 0x01, 0xC7, 0x28, 0x88, 0x78, 0xE6, 0x0E, 0x19,
    0xAA, 0x7B, 0xFB, 0xAA, 0x32, 0x76, 0xBD, 0x0C, 0xD3, 0x9B, 0xEB, 0x6E, 0xD5, 0x6E, 0x96, 0x6F,
    0x7D, 0xA2, 0x7F, 0xB3, 0xEC, 0xF7, 0x9F, 0xE8, 0x1B, 0xE6, 0x7E, 0x6B, 0x8E, 0xD2, 0x77, 0xB9,
    0x75, 0x5B, 0x9C, 0xF6, 0x59, 0xEC, 0x5F, 0xF1, 0xD6, 0x17, 0x9B, 0xEB, 0x8B, 0x6F, 0xFD, 0x23,
    0x7B, 0xFF, 0xD8, 0xE1, 0xD1, 0x15, 0x15, 0x07, 0xAA, 0xB7, 0x66, 0xA6, 0xB8, 0x11, 0xE3, 0x63,
    0x6A, 0xC7, 0xCD, 0xD3, 0xCE, 0xAA, 0x55, 0x8F, 0x9B, 0x4B, 0x8F, 0x9E, 0x30, 0x31, 0xD1, 0x1B,
    0x62, 0x62, 0xFE, 0x74, 0x82, 0x82, 0x1D, 0x26, 0xCC, 0x76, 0xB9, 0x2F, 0x74, 0xE9, 0x6A, 0x6A,
    0xDE, 0x5A, 0x9B, 0xA6, 0x8B, 0xD8, 0xD0, 0x46, 0x8C, 0x7F, 0xA8, 0x6D, 0x90, 0xAE, 0xCE, 0x44,
    0x7F, 0x1D, 0x7F, 0x4C, 0x51, 0xE7, 0x82, 0xC7, 0x5F, 0x57, 0x97, 0x2E, 0x21, 0xBF, 0xCD, 0x3F,
    0xEF, 0x71, 0x3D, 0xF5, 0x94, 0x21, 0xC3, 0xFF, 0xFA, 0xFF, 0x3C, 0x7F, 0x70, 0xB3, 0x0C, 0x18,
    0x14, 0x34, 0x7F, 0xF2, 0xFE, 0x05, 0xD4, 0xA4, 0xE7, 0x7A, 0x20, 0x1B, 0xBF, 0x80, 0x4C, 0xD1,
    0x3F, 0x3A, 0x28, 0x5E, 0x4D, 0x8F, 0x1B, 0xF5, 0xAC, 0x27, 0xF7, 0x7F, 0xE8, 0x31, 0x3A, 0x41,
    0x7E, 0xBE, 0x6F, 0x16, 0xEE, 0x7F, 0x65, 0x26, 0xE3, 0x87, 0xE0, 0x43, 0xFB, 0xA1, 0x71, 0xFB,
    0x58, 0xB3, 0x89, 0xB8, 0xE1, 0x65, 0x7E, 0xF6, 0x32, 0xED, 0x13, 0x8C, 0x5C, 0xE5, 0xE7, 0x57,
    0xF3, 0xB1, 0xF8, 0x9B, 0xA9, 0xA4, 0x13, 0xDB, 0x05, 0x81, 0x3C, 0xE8, 0x47, 0x39, 0xA1, 0x4E,
    0x9A, 0x3F, 0xC4, 0x76, 0xED, 0xFA, 0x47, 0x99, 0xD7, 0x57, 0xFB, 0x0D, 0x9C, 0xDF, 0x32, 0x1F,
    0xC7, 0x4F, 0xED, 0x5C, 0x6C, 0xFA, 0xA5, 0xE3, 0x77, 0x7E, 0x95, 0x6E, 0x06, 0x85, 0x96, 0x09,
    0x75, 0x72, 0x7D, 0xB2, 0x51, 0xD5, 0xD9, 0xB4, 0xEA, 0xA2, 0x51, 0x7D, 0x5C, 0xAD, 0x96, 0x19,
    0xB3, 0x2F, 0xFA, 0x8F, 0x73, 0xE4, 0x76, 0x46, 0x2F, 0x05, 0x54, 0x86, 0x6E, 0xF7, 0x46, 0xF3,
    0x8B, 0xE6, 0x50, 0xB8, 0x5A, 0xE8, 0x69, 0x0D, 0x60, 0xC8, 0x76, 0x6F, 0x3E, 0x7E, 0x26, 0x78,
    0x98, 0x83, 0xAB, 0x15, 0xBE, 0x7E, 0x8C, 0x61, 0x54, 0x80, 0xC8, 0x7F, 0x8E, 0x8F, 0x0A, 0xF0,
    0x18, 0x4F, 0x19, 0x0E, 0x6C, 0x15, 0x20, 0xD1, 0xB9, 0x06, 0x50, 0xFE, 0xD3, 0xF3, 0x51, 0xFE,
    0x13, 0xB8, 0x02, 0xB0, 0xCE, 0x15, 0x80, 0xF5, 0xF2, 0x36, 0x3E, 0x11, 0x99, 0xC4, 0xD7, 0x71,
    0x68, 0x68, 0x87, 0xD6, 0xF1, 0x58, 0x03, 0x60, 0xE0, 0xFE, 0x4F, 0x6B, 0xC0, 0x0E, 0xCA, 0x61,
    0x81, 0x40, 0x71, 0x84, 0xE4, 0xEE, 0x55, 0x03, 0xB8, 0x0A, 0x50, 0x7C, 0x54, 0x80, 0xBC, 0x7F,
    0x38, 0xFF, 0x37, 0x9D, 0x2B, 0x00, 0x21, 0xCB, 0xFF, 0x40, 0x96, 0xFF, 0x54, 0x03, 0x26, 0xE5,
    0x3F, 0x8F, 0x9F, 0x52, 0xFE, 0x53, 0x0D, 0xE0, 0xFC, 0xE1, 0x1A, 0x50, 0x26, 0xE5, 0x3F, 0xD5,
    0x80, 0xC6, 0xF9, 0x9F, 0xD4, 0x80, 0xE8, 0xBF, 0x58, 0x61, 0xE4, 0xF9, 0xE5, 0x41, 0xB9, 0xEE,
    0x30, 0x5C, 0xB0, 0x6D, 0xFE, 0x2C, 0x42, 0x31, 0x7E, 0xAD, 0x01, 0x19, 0x6B, 0x0D, 0xD8, 0x06,
    0xAD, 0xFF, 0x68, 0xFE, 0xF9, 0xDD, 0x72, 0xFE, 0xAE, 0x99, 0x22, 0xC9, 0xFA, 0x2E, 0x9E, 0x80,
    0x75, 0xEA, 0x7A, 0x6F, 0xD7, 0x76, 0x5A, 0x2F, 0x78, 0x58, 0x03, 0x4E, 0x5E, 0xFF, 0x05, 0x68,
    0x05, 0x38, 0x5F, 0xFB, 0x27, 0x30, 0x4A, 0x5E, 0x3F, 0x62, 0x7C, 0xD2, 0xFA, 0x13, 0xB9, 0x9E,
    0xE7, 0x57, 0x40, 0xBF, 0xB0, 0xF2, 0x2B, 0x7B, 0xFF, 0xD5, 0x53, 0x0D, 0x0C, 0xE4, 0xBA, 0xA0,
    0x8D, 0x5F, 0xEF, 0x3F, 0xBD, 0xD9, 0xBA, 0x42, 0x51, 0x86, 0x3A, 0x78, 0xFD, 0x75, 0xD8, 0xA7,
    0xA2, 0xA2, 0xCD, 0x0A, 0xA7, 0x7D, 0x2C, 0x6E, 0x9E, 0x3C, 0x6D, 0xB2, 0x1E, 0x33, 0x40, 0x4C,
    0x4C, 0xB5, 0x1C, 0x5E, 0xFD, 0x9D, 0x20, 0xFC, 0x39, 0x58, 0x5F, 0x63, 0x57, 0xED, 0xA6, 0xB6,
    0xE3, 0x48, 0xE2, 0x2D, 0x1C, 0x0F, 0xF1, 0x65, 0xAE, 0xD5, 0x0D, 0xBA, 0x0C, 0xBE, 0xFE, 0xEE,
    0x11, 0x5B, 0x75, 0x8E, 0xF5, 0x7A, 0x55, 0xA9, 0x62, 0x67, 0x33, 0x9B, 0x75, 0xA1, 0xEE, 0x7A,
    0x78, 0x76, 0xC7, 0xFE, 0x7E, 0xE2, 0xF5, 0xAD, 0xFF, 0x32, 0xD8, 0xE6, 0xD8, 0xDF, 0x7F, 0xAC,
    0x03, 0x54, 0x77, 0xB9, 0x7E, 0xE7, 0x3E, 0x7A, 0xF7, 0xB4, 0x99, 0xBF, 0x7F, 0xA2, 0x7E, 0x3C,
    0xE9, 0x56, 0xCC, 0x1C, 0xDA, 0x9D, 0xC2, 0xA5, 0x75, 0x5B, 0x63, 0x87, 0x63, 0xE9, 0xC7, 0x21,
    0xF2, 0x16, 0x1F, 0x1E, 0x8E, 0xDF, 0xA1, 0x3E, 0xEB, 0x3E, 0xCE, 0x5A, 0xEB, 0xE1, 0xE3, 0xAC,
    0xC6, 0x7D, 0xA0, 0xB9, 0xBE, 0xC6, 0x54, 0x36, 0xAE, 0xFE, 0x09, 0xB0, 0x27, 0x74, 0xEF, 0x93,
    0x22, 0x1D, 0x06, 0xFF, 0x7D, 0x2C, 0x65, 0xB1, 0x6C, 0xF3, 0x9B, 0x5D, 0xA1, 0xC7, 0x5B, 0xF7,
    0x3D, 0x7F, 0xD9, 0x45, 0x3A, 0xAF, 0xEF, 0x51, 0xA2, 0x16, 0x82, 0x3D, 0xB9, 0x2E, 0x8A, 0x61,
    0xA6, 0xA7, 0x88, 0xF4, 0xAD, 0xF5, 0xDE, 0x3A, 0x95, 0x12, 0xEE, 0xF8, 0x8F, 0x20, 0x47, 0xE9,
    0x86, 0xF2, 0x53, 0x87, 0x49, 0x47, 0xAE, 0xC3, 0x46, 0x2F, 0x78, 0x83, 0x00, 0xD0, 0x0E, 0xB9,
    0xA9, 0x5D, 0xFF, 0xEA, 0x22, 0xD0, 0x4F, 0x88, 0x6D, 0xCE, 0xE5, 0xF9, 0x68, 0x77, 0xFF, 0x1F,
    0x3C, 0xB6, 0x1B, 0x3E, 0xBD, 0x47, 0x3D, 0x0F, 0xA1, 0x01, 0x53, 0xB0, 0x61, 0xFC, 0xD7, 0xD1,
    0x7B, 0x77, 0x3F, 0xF2, 0xEF, 0xCB, 0x02, 0x85, 0x21, 0x5F, 0x7F, 0x86, 0xEE, 0x80, 0xA2, 0x41,
    0xB1, 0xD5, 0xD7, 0x83, 0xF3, 0x2F, 0x5C, 0xE1, 0x70, 0x9D, 0xD6, 0xEE, 0xA7, 0x59, 0x3B, 0x0D,
    0x41, 0xE4, 0xEB, 0xC3, 0xF3, 0xB0, 0xEA, 0xCE, 0x68, 0x56, 0x5F, 0xBF, 0xEF, 0xD9, 0x43, 0xBA,
    0x5C, 0x82, 0xC5, 0x36, 0xE2, 0x17, 0x23, 0x3C, 0xE1, 0xE0, 0x6F, 0x0B, 0xFE, 0x82, 0xC2, 0x00,
    0x79, 0xC2, 0x41, 0x7A, 0xB6, 0x7F, 0x20, 0x90, 0xE4, 0xFB, 0x82, 0xF4, 0x64, 0x7F, 0xA1, 0x97,
    0xE4, 0xFB, 0x83, 0xF4, 0x6C, 0xFF, 0xC0, 0x49, 0xF5, 0x8F, 0xF5, 0xBD, 0x7E, 0xD6, 0x9B, 0xAD,
    0x57, 0x73, 0x9A, 0x9A, 0x80, 0x60, 0xE5, 0xCF, 0xC1, 0xBA, 0x96, 0x66, 0x6A, 0x3E, 0xF3, 0x0B,
    0xB4, 0xAB, 0xA9, 0xEA, 0xD2, 0xC9, 0x93, 0xE9, 0xB3, 0x68, 0x12, 0x4F, 0x1E, 0xD6, 0xF3, 0xFD,
    0x8D, 0xC2, 0xFD, 0xBF, 0x3B, 0x58, 0xB7, 0x66, 0xE6, 0x68, 0xC3, 0x2C, 0x10, 0xDA, 0xEE, 0xD9,
    0x1D, 0xBC, 0xB6, 0xE3, 0x1D, 0x3E, 0x08, 0x8E, 0x47, 0xCF, 0x64, 0x5D, 0xD7, 0xDA, 0x7B, 0xA3,
    0x0E, 0xE9, 0x7B, 0x34, 0xBB, 0x48, 0xE7, 0xFA, 0x9B, 0xCE, 0x1F, 0x53, 0xD2, 0xF3, 0xFD, 0x97,
    0xC1, 0x49, 0x46, 0x9E, 0xD0, 0x69, 0x7F, 0x66, 0x73, 0x10, 0x54, 0x97, 0xE3, 0xC1, 0x43, 0xF1,
    0x65, 0xBE, 0xC4, 0x87, 0xA3, 0x67, 0xFB, 0x3B, 0xD9, 0xF8, 0x87, 0x83, 0xF5, 0xEB, 0x54, 0x42,
    0xB9, 0x42, 0x27, 0x0F, 0xE9, 0xE9, 0xFE, 0x50, 0xE1, 0x78, 0x72, 0x2C, 0x9D, 0xB4, 0xAA, 0xF5,
    0x56, 0x45, 0xC5, 0x5B, 0x20, 0xEC, 0x0E, 0xD6, 0xCD, 0x49, 0x5F, 0x08, 0x20, 0xB0, 0xE3, 0x69,
    0xFF, 0xA7, 0xAC, 0x7D, 0x66, 0x95, 0xA8, 0x6E, 0xEC, 0x09, 0x07, 0xE9, 0x8F, 0xF1, 0x1D, 0x3D,
    0x8F, 0x0F, 0x3D, 0xDF, 0x7F, 0x8F, 0x79, 0x51, 0x66, 0xB6, 0x3F, 0x1B, 0xB3, 0x42, 0x46, 0xBA,
    0x7F, 0x43, 0xF5, 0xF1, 0xD8, 0xEB, 0xBB, 0x62, 0xB0, 0x27, 0x1C, 0xA1, 0xA7, 0xFB, 0xAF, 0xDB,
    0xFB, 0x95, 0x3D, 0xAC, 0x73, 0x7D, 0xCA, 0xAE, 0x4F, 0x8E, 0xD0, 0x93, 0x78, 0xBE, 0x3E, 0xC5,
    0x87, 0x9E, 0xCF, 0xCF, 0x83, 0xF3, 0x9B, 0x1C, 0xBB, 0xCE, 0xFB, 0xCB, 0xC9, 0xF5, 0x37, 0x07,
    0xE9, 0x32, 0x78, 0x7C, 0x65, 0x6C, 0x5F, 0x9F, 0xE9, 0xF9, 0x41, 0x38, 0x92, 0xFD, 0xC5, 0xD8,
    0x5B, 0x48, 0xE3, 0xC3, 0x93, 0xC5, 0x07, 0xE4, 0xD2, 0xF5, 0xF5, 0x7D, 0x45, 0x1D, 0xB7, 0x0B,
    0x04, 0x5F, 0x7F, 0xE3, 0x53, 0x96, 0xE3, 0x53, 0xE6, 0x7E, 0x77, 0xF9, 0xF9, 0x42, 0x78, 0x7E,
    0xEF, 0x3F, 0xAE, 0x9A, 0xB4, 0x56, 0x39, 0x51, 0xA7, 0x40, 0x28, 0x63, 0x77, 0x94, 0x41, 0xCF,
    0x9F, 0xC6, 0x87, 0x27, 0x8F, 0xCF, 0xF3, 0x8B, 0x3C, 0x94, 0x5F, 0xA1, 0xE5, 0xE7, 0x23, 0xE4,
    0x49, 0xF7, 0x4F, 0xDB, 0x84, 0xA1, 0x0B, 0x64, 0x40, 0x9D, 0xF6, 0xB0, 0xFE, 0x2C, 0xE4, 0x89,
    0x5E, 0x4D, 0xCF, 0x5F, 0x02, 0xE1, 0x21, 0x47, 0xDC, 0xDB, 0x5B, 0x7C, 0x78, 0xF2, 0xF8, 0xFC,
    0xFC, 0x84, 0x3D, 0xAC, 0xFF, 0xEB, 0xF7, 0x2F, 0xB7, 0xCD, 0xF1, 0xE4, 0x09, 0x07, 0xE9, 0x4B,
    0xDB, 0xCE, 0x07, 0x36, 0x9D, 0x3D, 0x32, 0xBF, 0xF5, 0x32, 0xDF, 0xCF, 0x67, 0xF2, 0xFD, 0x25,
    0xFF, 0xFF, 0x2D, 0xDE, 0x3D, 0x59, 0x7C, 0x29, 0xF6, 0x1A, 0x1F, 0x9E, 0xEC, 0xFA, 0x6F, 0xE7,
    0x3B, 0xEC, 0x09, 0xC7, 0xEF, 0xF3, 0xC9, 0x83, 0x2D, 0xEE, 0x61, 0x9D, 0xDB, 0x7E, 0x3A, 0xDF,
    0x21, 0x4F, 0x53, 0xD6, 0x93, 0xEF, 0x1F, 0xEF, 0x85, 0x4E, 0x9E, 0x44, 0x4F, 0xCE, 0xC7, 0x14,
    0x96, 0xAF, 0x9F, 0x42, 0xE7, 0xF8, 0x36, 0xD5, 0xF2, 0xFD, 0xF5, 0x70, 0x84, 0xFE, 0x3F, 0xAD,
    0x96, 0x41, 0xAB, 0xAC, 0x30, 0x0C, 0x85, 0x3F, 0xC8, 0xB6, 0x90, 0xBF, 0x52, 0x78, 0x5B, 0x21,
    0x7F, 0x3D, 0x70, 0xB7, 0x03, 0xFE, 0x95, 0xC2, 0xDD, 0x06, 0xFA, 0x0C, 0x8E, 0x43, 0x1D, 0x46,
    0xAF, 0xD7, 0xF7, 0xD2, 0x53, 0x17, 0x36, 0x7A, 0x4E, 0xF4, 0xB4, 0x2D, 0x9D, 0x05, 0xD2, 0x5D,
    0xBE, 0x12, 0xFA, 0xD5, 0x12, 0x34, 0x23, 0xAC, 0x27, 0x02, 0x5B, 0x01, 0x30, 0x25, 0x34, 0xB0,
    0xCE, 0xA4, 0x8E, 0xB9, 0x76, 0xB7, 0xD9, 0x43, 0x3D, 0xCC, 0xFB, 0xEC, 0x36, 0x37, 0x80, 0x96,
    0xA8, 0x14, 0x0A, 0x15, 0xF1, 0x52, 0x4B, 0x5D, 0x50, 0x2C, 0xF2, 0x9A, 0x8D, 0x35, 0x9C, 0x4A,
    0xC5, 0x41, 0x5B, 0x2D, 0x14, 0x5D, 0xC7, 0x27, 0x7D, 0x90, 0x91, 0x04, 0x10, 0x64, 0x18, 0x74,
    0x97, 0xEF, 0x06, 0x5C, 0x57, 0xBC, 0x3E, 0x2E, 0x0D, 0xC8, 0x6B, 0xEA, 0x36, 0xE0, 0x59, 0x80,
    0x1D, 0x14, 0x90, 0xF9, 0x01, 0x76, 0x9F, 0x57, 0x9D, 0xF5, 0x25, 0xBF, 0xE2, 0xA5, 0x52, 0xA4,
    0x16, 0xFF, 0xB3, 0xF4, 0xE2, 0x75, 0x09, 0x6B, 0xF5, 0x19, 0x64, 0x14, 0x84, 0xC7, 0x92, 0x51,
    0x0E, 0xBE, 0x57, 0x34, 0xE9, 0x4D, 0x66, 0xBF, 0xAF, 0x7B, 0xC6, 0x3A, 0xD3, 0x2F, 0x75, 0x8F,
    0x5C, 0x37, 0xDC, 0x44, 0x20, 0x1D, 0x4D, 0xD9, 0x57, 0x9D, 0x35, 0x3A, 0x43, 0xBC, 0x25, 0x75,
    0xF7, 0xDB, 0xCE, 0x98, 0x14, 0xB3, 0xA4, 0x1E, 0x04, 0x9C, 0x3B, 0xE3, 0x3E, 0xEF, 0xE6, 0x8C,
    0x5F, 0xF2, 0x82, 0xCF, 0xC5, 0x9A, 0x70, 0xE0, 0x0C, 0xC7, 0x85, 0x5A, 0xD5, 0x7F, 0x76, 0xC6,
    0xA8, 0xFB, 0x9E, 0x33, 0xAE, 0xEB, 0xBE, 0xC5, 0x35, 0xAC, 0x33, 0xE2, 0x3A, 0xBB, 0x74, 0xAE,
    0x3B, 0xA3, 0xF7, 0xB6, 0x20, 0xE0, 0x85, 0xDE, 0x7D, 0xC1, 0xFE, 0x4E, 0xE6, 0x00, 0xE2, 0x24,
    0x36, 0x73, 0x87, 0xF8, 0x2B, 0xD9, 0xD4, 0xAD, 0xBB, 0x04, 0xAF, 0x37, 0xCB, 0xF3, 0x2B, 0x5B,
    0x54, 0xB2, 0x59, 0xAB, 0xAC, 0xCD, 0x02, 0x78, 0x8D, 0xC3, 0xFA, 0x0F, 0x6A, 0x79, 0x66, 0x16,
    0x6D, 0x00, 0xE3, 0x17, 0xBC, 0xAE, 0x72, 0x7C, 0xEA, 0x5C, 0xE8, 0xE8, 0xE8, 0x71, 0x4A, 0x5D,
    0xE7, 0x3A, 0x5A, 0x2D, 0xCF, 0x79, 0x37, 0x47, 0xDF, 0xE7, 0x35, 0x50, 0xFF, 0x35, 0x2F, 0x55,
    0x4A, 0x79, 0xD4, 0x7A, 0xF4, 0x3F, 0xA8, 0x94, 0x25, 0xA3, 0xD5, 0xFA, 0xF9, 0x7F, 0xC8, 0x77,
    0xFA, 0x48, 0xED, 0xBE, 0xEE, 0xF1, 0xDF, 0x5C, 0xD6, 0x3D, 0x66, 0xDE, 0x72, 0xEB, 0x48, 0x74,
    0xCD, 0xB9, 0xDB, 0x2E, 0xAB, 0x81, 0xEF, 0x9B, 0x06, 0xEC, 0xBD, 0x2B, 0x1F, 0xC6, 0x63, 0x17,
    0x4C, 0x53, 0x5E, 0x77, 0x37, 0xE8, 0x8E, 0xF6, 0xC0, 0xBC, 0x63, 0x18, 0x1D, 0xF3, 0x40, 0x77,
    0x3D, 0xEF, 0x19, 0x96, 0x39, 0x99, 0x4B, 0x3E, 0x93, 0x81, 0x66, 0x7F, 0x16, 0xE3, 0x96, 0xC5,
    0xB4, 0x17, 0x8E, 0xA7, 0x61, 0xFE, 0xD2, 0x7D, 0xD3, 0xF6, 0x5E, 0x8C, 0xB6, 0x0F, 0xE3, 0xB2,
    0x6E, 0x1F, 0x18, 0x6B, 0x18, 0xD0, 0x9D, 0xE7, 0xF6, 0xC5, 0xED, 0x52, 0x8E, 0x27, 0xCF, 0x71,
    0x59, 0x6B, 0x7E, 0xF0, 0xDF, 0xD5, 0x8C, 0x93, 0xF2, 0xBA, 0x9A, 0x6D, 0x4A, 0x1D, 0x7E, 0xDB,
    0xF7, 0x29, 0xF5, 0x3E, 0x1E, 0x0D, 0xE9, 0x4B, 0x9F, 0xFD, 0xFF, 0x56, 0x33, 0x4E, 0xB4, 0xAB,
    0xD5, 0x5C, 0x66, 0xBF, 0x6E, 0xD2, 0x71, 0xA1, 0xB8, 0x6C, 0x58, 0x88, 0xCD, 0x74, 0x9B, 0x8C,
    0xD0, 0x1E, 0x61, 0xDE, 0x27, 0xC3, 0xA6, 0x8E, 0xB5, 0x4B, 0x32, 0xB2, 0x72, 0xE7, 0x59, 0xB8,
    0x59, 0xEF, 0xA6, 0x73, 0x48, 0x0F, 0x89, 0x4F, 0x85, 0xEB, 0xFA, 0xC4, 0x7D, 0xC6, 0xCD, 0x41,
    0x57, 0x18, 0x05, 0x9C, 0x87, 0x88, 0x7E, 0xD5, 0xA9, 0xEE, 0x42, 0x7D, 0x37, 0x29, 0x0B, 0x43,
    0xCE, 0x30, 0xAE, 0x33, 0x58, 0x87, 0x29, 0xFE, 0x49, 0xF1, 0x78, 0xCE, 0x39, 0x55, 0x7C, 0x9B,
    0x61, 0x34, 0xC3, 0x09, 0xC3, 0x68, 0x80, 0xC0, 0xCE, 0xB1, 0x9E, 0x80, 0x64, 0x7D, 0xFB, 0x94,
    0x08, 0xF5, 0x0F, 0x30, 0xEF, 0xDD, 0x6D, 0x76, 0xDE, 0xD7, 0xC2, 0x5A, 0x7E, 0x5C, 0x0B, 0x87,
    0x9C, 0xE1, 0x58, 0xF8, 0x66, 0xCD, 0xC0, 0xDA, 0x5B, 0xF7, 0xA5, 0xF3, 0xA1, 0xAF, 0xD7, 0x1E,
    0xA4, 0xEC, 0xF1, 0x38, 0x1E, 0x1A, 0x03, 0xDA, 0xBB, 0xF4, 0x00, 0x8C, 0x7F, 0x66, 0x1C, 0xAD,
    0x79, 0xCE, 0xB8, 0x59, 0xB3, 0xFE, 0xF9, 0xD9, 0x9A, 0xBB, 0x9C, 0xA6, 0x95, 0x0C, 0x9B, 0xA0,
    0x07, 0x7C, 0xB7, 0xFB, 0x8A, 0x47, 0x6B, 0xFE, 0xA8, 0xF8, 0x36, 0x43, 0xC6, 0x94, 0xFD, 0x9C,
    0x61, 0x30, 0xD0, 0xFB, 0xF6, 0xB3, 0x39, 0xDF, 0xB0, 0x6D, 0x1E, 0xE4, 0xF2, 0x99, 0x7D, 0xDB,
    0xE4, 0x3E, 0xF6, 0xF1, 0x04, 0xF7, 0xF2, 0xAB, 0x19, 0x2B, 0x34, 0x12, 0xD2, 0x36, 0x38, 0xB6,
    0xE0, 0x3E, 0xDB, 0x38, 0x07, 0xAF, 0xB3, 0xBD, 0x4E, 0x50, 0xDB, 0x71, 0xA8, 0x4A, 0x95, 0xB2,
    0x84, 0x54, 0x7C, 0x6B, 0xC7, 0xB3, 0xA6, 0x4C, 0xF2, 0xA0, 0x50, 0xB4, 0xED, 0x77, 0xB9, 0xFB,
    0x65, 0x8C, 0xBB, 0xDA, 0xF5, 0x32, 0xFE, 0x02, 0x9D, 0x96, 0x4D, 0xCA, 0xF3, 0x3A, 0x0C, 0x85,
    0x0F, 0x68, 0x2A, 0xF0, 0x56, 0x04, 0x9E, 0x1A, 0xBC, 0x75, 0x81, 0xA7, 0x86, 0x6C, 0x45, 0x90,
    0xA9, 0xC1, 0x57, 0xA2, 0x29, 0x49, 0x69, 0x9D, 0xF7, 0xCB, 0x7D, 0x94, 0xE8, 0x48, 0x36, 0xA7,
    0xF9, 0xA5, 0x0E, 0x2E, 0x74, 0xC7, 0x85, 0xDA, 0x10, 0x01, 0x4B, 0x56, 0xC9, 0x02, 0xCD, 0xB9,
    0xA1, 0x18, 0x0D, 0xEF, 0x63, 0x92, 0xD1, 0x5A, 0x87, 0x52, 0x91, 0xD6, 0x58, 0x94, 0x38, 0x51,
    0x8C, 0x67, 0xE7, 0x6F, 0x7F, 0x20, 0xA4, 0x10, 0x80, 0x5D, 0xD9, 0x95, 0xF4, 0xCB, 0x1F, 0x7D,
    0xA8, 0x55, 0x66, 0x91, 0xAD, 0xBA, 0x76, 0xC9, 0x9C, 0xA6, 0x74, 0x3E, 0xE7, 0x4F, 0x5D, 0xF9,
    0x27, 0xBB, 0xBF, 0xA7, 0xEA, 0xDA, 0x33, 0x73, 0xB2, 0xED, 0xDE, 0x3F, 0xF5, 0x12, 0xD3, 0x2E,
    0xDB, 0x77, 0x3A, 0xAC, 0xF2, 0x3B, 0x70, 0xC3, 0x9C, 0xB1, 0x17, 0xB3, 0xE1, 0x94, 0x62, 0x47,
    0x32, 0x2B, 0xAE, 0xCE, 0x38, 0x28, 0xD1, 0xDB, 0x67, 0x65, 0x4E, 0x29, 0x64, 0x78, 0x6F, 0x98,
    0x53, 0x7D, 0xF3, 0xE2, 0xD1, 0x76, 0x75, 0xDD, 0x8F, 0x57, 0x4C, 0x8D, 0xA8, 0xB8, 0xC2, 0x48,
    0x48, 0x9A, 0xCC, 0x77, 0xAF, 0x6F, 0x39, 0x1E, 0xF0, 0x9A, 0x54, 0x52, 0x09, 0xB5, 0x04, 0x8B,
    0xFD, 0xAF, 0x5F, 0xF8, 0x78, 0xCA, 0xEC, 0xCA, 0x17, 0x4D, 0x46, 0x1A, 0xB2, 0xED, 0xBB, 0x31,
    0x71, 0x4A, 0xFB, 0xAE, 0x9D, 0x50, 0xD3, 0xFE, 0xFB, 0x2D, 0x49, 0xEA, 0x3E, 0x09, 0x3D, 0x7F,
    0xE7, 0x89, 0xDF, 0xD5, 0x52, 0x1B, 0xC2, 0xF9, 0xD0, 0x46, 0xB3, 0xE7, 0xF1, 0xEC, 0x2D, 0xA5,
    0x21, 0x9D, 0x28, 0x34, 0x33, 0x91, 0x6D, 0xFB, 0x33, 0x7F, 0x1C, 0xB7, 0x67, 0xF7, 0xE7, 0xF7,
    0x79, 0xE0, 0x89, 0xDF, 0x92, 0x9A, 0xFB, 0x92, 0xFB, 0x58, 0xB8, 0xA5, 0xD9, 0xC5, 0x9E, 0x9D,
    0x3F, 0x4C, 0x3A, 0xA5, 0xC9, 0xC4, 0x99, 0x29, 0xD9, 0x66, 0xB7, 0x7E, 0xFC, 0x41, 0x45, 0x01,
    0xA6, 0x7A, 0xDA, 0xD5, 0x22, 0xA9, 0xB7, 0xCD, 0x53, 0x4D, 0x70, 0x38, 0x52, 0xA9, 0x64, 0xB0,
    0xB9, 0x0D, 0xE8, 0xBE, 0x15, 0x8A, 0x94, 0xE0, 0x6D, 0x42, 0x4C, 0x1C, 0x08, 0xBA, 0x87, 0x58,
    0x82, 0x81, 0x7B, 0x76, 0xB8, 0xE3, 0x8A, 0x91, 0x12, 0x18, 0x2B, 0x52, 0x2A, 0x45, 0x44, 0x75,
    0x39, 0x3F, 0xEB, 0xC8, 0xD2, 0xD7, 0xF3, 0x20, 0x85, 0x42, 0xB0, 0xC0, 0xAC, 0x14, 0x66, 0x22,
    0x2C, 0x98, 0x56, 0x07, 0x77, 0xCA, 0xF8, 0x67, 0x08, 0xAC, 0x22, 0xF1, 0x44, 0x2B, 0x86, 0x47,
    0x45, 0x52, 0xB2, 0xB7, 0xBE, 0xC7, 0x4F, 0xA4, 0x31, 0x93, 0x48, 0x23, 0x61, 0x96, 0x06, 0x7C,
    0xC2, 0x72, 0x8D, 0x57, 0x8F, 0x0B, 0xC9, 0xA4, 0x4B, 0x47, 0x87, 0x41, 0x3D, 0x70, 0x64, 0xD4,
    0x81, 0xFF, 0x8D, 0x70, 0xB2, 0x64, 0xC2, 0x78, 0x0A, 0x43, 0xA0, 0xAF, 0xEB, 0xC7, 0x15, 0x25,
    0x83, 0x02, 0xCC, 0xB5, 0xF2, 0xE2, 0x57, 0xE3, 0x88, 0x9F, 0x03, 0x1E, 0xC5, 0xC3, 0x60, 0xA4,
    0x97, 0x06, 0x07, 0x03, 0x7A, 0xC4, 0x59, 0x45, 0x7D, 0x50, 0x41, 0x47, 0x9C, 0x55, 0xD4, 0x6F,
    0xC6, 0x20, 0x87, 0xD9, 0x4C, 0x03, 0x85, 0x13, 0xF9, 0x4D, 0x65, 0x74, 0x74, 0xE2, 0x72, 0xDC,
    0x7A, 0x38, 0x91, 0xDF, 0x64, 0x13, 0xF6, 0x90, 0xAC, 0x19, 0x11, 0x41, 0xE4, 0x4F, 0xEA, 0x00,
    0x1F, 0x21, 0xEF, 0x38, 0xDF, 0xAC, 0x3C, 0x22, 0xB2, 0x65, 0x9C, 0x71, 0x42, 0x23, 0xF5, 0x08,
    0x5A, 0x3C, 0xC9, 0xAA, 0xD9, 0x22, 0xAA, 0xE2, 0x0E, 0x95, 0xC6, 0x9D, 0x8C, 0xBB, 0x34, 0xE8,
    0xFA, 0x4F, 0xDD, 0x2B, 0x10, 0xA0, 0xE7, 0xF3, 0x38, 0xAE, 0xDA, 0x89, 0x2A, 0xD9, 0xEA, 0x37,
    0x57, 0xC7, 0x28, 0x5C, 0x18, 0xE2, 0x7D, 0xFC, 0x32, 0xBC, 0x2C, 0x52, 0x16, 0x57, 0x42, 0x3A,
    0xF0, 0x4F, 0x5C, 0xDF, 0xCA, 0xC6, 0x59, 0x92, 0xCE, 0x91, 0x34, 0x4B, 0xE3, 0x85, 0xA1, 0xA0,
    0x1C, 0xE9, 0x90, 0x6F, 0x92, 0x53, 0x1C, 0x71, 0xD4, 0xC1, 0x82, 0xF5, 0xB2, 0x5A, 0x9C, 0xDF,
    0x4B, 0xEC, 0x75, 0x26, 0xEA, 0x6F, 0xEF, 0xAA, 0x3F, 0xBB, 0xD3, 0xF7, 0x7D, 0x84, 0x2C, 0x84,
    0x6A, 0xE4, 0xBA, 0x38, 0xB7, 0x2F, 0x3D, 0xA1, 0x45, 0x5E, 0xF3, 0xBD, 0xF4, 0x5F, 0xB5, 0x33,
    0x94, 0x19, 0xCD, 0x67, 0x35, 0x15, 0x6D, 0x9D, 0xEB, 0xFD, 0xD2, 0x65, 0x9E, 0x7C, 0x6B, 0x50,
    0x25, 0x68, 0x6B, 0x04, 0x21, 0x42, 0x0E, 0xAD, 0x7B, 0xE8, 0xD1, 0x43, 0xB5, 0xF8, 0xFC, 0x6A,
    0xE9, 0xFB, 0x50, 0xE1, 0xF3, 0x83, 0x36, 0x54, 0xF8, 0x7E, 0xE9, 0xBC, 0xD7, 0x48, 0xA4, 0x51,
    0xB8, 0xB6, 0x3B, 0x3F, 0xB9, 0xD2, 0xA1, 0x73, 0x7C, 0xF6, 0xF4, 0xBD, 0xF4, 0xD6, 0x39, 0x47,
    0x21, 0x1B, 0x75, 0xDF, 0x4A, 0x21, 0xDF, 0x67, 0xA8, 0xF7, 0x73, 0xBE, 0xF6, 0xA4, 0x31, 0x36,
    0x4A, 0xE8, 0x3E, 0x4B, 0xF4, 0x31, 0xFE, 0xEB, 0xFE, 0xF7, 0xD4, 0x8C, 0x59, 0x5A, 0x4F, 0xAA,
    0xCC, 0xDA, 0xB6, 0x9E, 0x1F, 0x7D, 0x3A, 0x6C, 0x8D, 0x8C, 0x33, 0xDA, 0xD6, 0xA0, 0xDC, 0xD0,
    0x7A, 0xDE, 0x1F, 0xFA, 0x77, 0x63, 0x0E, 0xBF, 0x2A, 0x43, 0x5A, 0x9C, 0xCF, 0xC3, 0x4F, 0x27,
    0x93, 0x2E, 0x6D, 0xB2, 0xA8, 0xB0, 0x34, 0x7B, 0xE2, 0xAF, 0xF6, 0x79, 0x9F, 0xA3, 0x8F, 0x76,
    0xD4, 0xD6, 0xA1, 0x20, 0xAB, 0xA4, 0x0C, 0x4D, 0x36, 0xD7, 0x9F, 0x9E, 0x22, 0x2F, 0x5F, 0xA8,
    0xC8, 0x43, 0xFF, 0x70, 0x8D, 0x4A, 0x43, 0x8F, 0xDE, 0xA5, 0xCD, 0x62, 0x19, 0x5A, 0xF7, 0x51,
    0x5D, 0x49, 0x32, 0xE6, 0x4F, 0x3F, 0x19, 0x29, 0xF3, 0xCB, 0x17, 0xCA, 0xFC, 0xC8, 0xCF, 0x5C,
    0x69, 0x63, 0x55, 0xEE, 0xB3, 0xF5, 0xF2, 0x7A, 0xFE, 0x1A, 0x7E, 0xAB, 0xAD, 0xB3, 0x22, 0xE6,
    0xFB, 0x71, 0xFE, 0xF7, 0x7E, 0x3D, 0xFC, 0x95, 0xFE, 0xF2, 0xFF, 0x07, 0xD5, 0x93, 0x81, 0xA6,
    0x83, 0x31, 0x0C, 0x85, 0x0F, 0x05, 0x28, 0x7D, 0x95, 0xC3, 0x00, 0x4A, 0x5E, 0xFD, 0xB0, 0x07,
    0xD8, 0xAB, 0x84, 0x01, 0xFC, 0xF4, 0x36, 0x32, 0xC3, 0xFE, 0xF6, 0xE7, 0x0E, 0x97, 0xFB, 0x1D,
    0x89, 0x35, 0x67, 0xA1, 0x4B, 0x3A, 0x20, 0x28, 0xAA, 0x64, 0x0D, 0x55, 0x16, 0xE1, 0x44, 0x99,
    0xD1, 0x66, 0x0E, 0x99, 0xE3, 0x03, 0x1B, 0xE3, 0xE8, 0xC5, 0x0F, 0x7B, 0x3E, 0x7A, 0x2F, 0x33,
    0xC6, 0x8C, 0x79, 0x8E, 0x7A, 0x7A, 0xEA, 0xF6, 0x1C, 0xDD, 0x1E, 0xEA, 0x66, 0x8F, 0xC3, 0x4C,
    0x3D, 0xEA, 0xBF, 0xE8, 0x3F, 0xB2, 0xDF, 0xBB, 0xD9, 0x98, 0xA1, 0xE3, 0xDD, 0x9F, 0x78, 0x61,
    0x25, 0x69, 0x07, 0x38, 0x75, 0xC2, 0x3C, 0xCA, 0xA6, 0x70, 0x6D, 0xF5, 0xFB, 0x54, 0x11, 0x3E,
    0x27, 0x4D, 0xAB, 0x7E, 0x10, 0x82, 0x72, 0x02, 0x67, 0x5A, 0x76, 0xBE, 0xF2, 0xD6, 0x77, 0x10,
    0x6A, 0x58, 0x91, 0x93, 0x8D, 0xBC, 0xC7, 0x1C, 0x97, 0xEE, 0xF6, 0x3B, 0xCC, 0x9B, 0xA7, 0xA0,
    0xCF, 0x09, 0xD5, 0xAC, 0xBE, 0x54, 0x50, 0xB1, 0xE2, 0xA6, 0xCE, 0x04, 0x4B, 0xD6, 0x2F, 0xA9,
    0x8D, 0xD1, 0x02, 0xD3, 0x70, 0xF7, 0xE2, 0xA6, 0x03, 0xC3, 0x87, 0xE7, 0xB9, 0xA9, 0xCD, 0x1C,
    0x27, 0x24, 0xFF, 0x75, 0xA3, 0x7F, 0xBD, 0xD3, 0xEF, 0x37, 0xAA, 0xD4, 0xE9, 0xF3, 0x82, 0x26,
    0xB0, 0x39, 0x67, 0xEC, 0x7C, 0xD2, 0x9C, 0xB8, 0xF2, 0xD7, 0xF3, 0x4B, 0xC8, 0x1A, 0x77, 0x13,
    0x89, 0x25, 0x26, 0xD0, 0x7C, 0xDD, 0x4F, 0xF0, 0xF2, 0x45, 0xD6, 0x10, 0xAB, 0x1A, 0xAA, 0xEA,
    0xC2, 0x6F, 0x28, 0x6F, 0xED, 0x76, 0x60, 0x9D, 0xF7, 0x14, 0xBE, 0xF8, 0x47, 0xA4, 0xDF, 0x79,
    0x13, 0x41, 0xAC, 0x68, 0x31, 0x3B, 0x81, 0xA6, 0xFD, 0xDB, 0x09, 0xC1, 0xB1, 0x45, 0xF5, 0x5E,
    0x6F, 0xAC, 0x02, 0x2E, 0x67, 0x8C, 0x1D, 0xCD, 0xA1, 0x32, 0xF3, 0x0F, 0xA5, 0x51, 0xC1, 0x8A,
    0x24, 0x31, 0x08, 0x7D, 0x90, 0xAB, 0xE0, 0xAF, 0x08, 0xB9, 0x06, 0xF2, 0xEB, 0x42, 0x5F, 0x0B,
    0xE6, 0x57, 0x84, 0xBE, 0x0A, 0xAE, 0x56, 0xAA, 0x76, 0x32, 0xD3, 0xEC, 0xA1, 0x7B, 0xDF, 0xEB,
    0x17, 0xA3, 0x69, 0x55, 0x2C, 0x5C, 0x60, 0x13, 0x08, 0xBA, 0x77, 0xF4, 0xBC, 0x37, 0x24, 0x1D,
    0x3B, 0x0E, 0x76, 0x39, 0xBA, 0x74, 0x19, 0x3A, 0x74, 0x52, 0xB7, 0x86, 0x1D, 0xCD, 0x88, 0x84,
    0x04, 0x7D, 0x74, 0x3D, 0x6B, 0x50, 0x33, 0x6C, 0xE0, 0x20, 0x14, 0xD9, 0xEB, 0x0C, 0xAB, 0xF3,
    0x07, 0xBC, 0x7A, 0x4E, 0x5F, 0x6A, 0x60, 0x1F, 0x57, 0x03, 0x3B, 0xE5, 0x11, 0x16, 0x11, 0x1E,
    0x6C, 0xEE, 0xAC, 0xAF, 0x9A, 0x4B, 0x18, 0x40, 0xC9, 0x31, 0x63, 0xFD, 0x74, 0xC6, 0x09, 0xF7,
    0xFB, 0xC2, 0xD9, 0x22, 0xEA, 0x87, 0xFC, 0x4D, 0x5C, 0x18, 0x9A, 0x93, 0x47, 0xB7, 0x61, 0x72,
    0xC8, 0xE3, 0xA4, 0x63, 0xC3, 0x84, 0xA8, 0x7C, 0x89, 0x4D, 0xE9, 0xD2, 0xE9, 0xFB, 0xFD, 0xF7,
    0x24, 0x33, 0xC2, 0x4E, 0xF1, 0xE3, 0xB4, 0x1C, 0xA1, 0x3C, 0x9E, 0xCA, 0x1E, 0xDA, 0x6C, 0xE2,
    0xD6, 0x8E, 0x20, 0x3D, 0xFE, 0x82, 0xBE, 0xF6, 0xCD, 0x11, 0x02, 0xC4, 0x87, 0x0C, 0xA1, 0x8B,
    0x83, 0x0F, 0x60, 0x3A, 0xD8, 0x81, 0x08, 0x6D, 0xCE, 0x59, 0xB7, 0x59, 0xC4, 0x23, 0xA5, 0x60,
    0x3D, 0xC3, 0xA7, 0xD8, 0xDA, 0xA2, 0xF3, 0x15, 0x70, 0x38, 0x02, 0xDE, 0xD2, 0xB2, 0xC1, 0xA7,
    0xC2, 0x03, 0x08, 0x4F, 0x45, 0x68, 0x29, 0xFD, 0x15, 0xAF, 0xF7, 0x76, 0xFD, 0x1F, 0x19, 0xB8,
    0x30, 0x03, 0x9A, 0x74, 0x5E, 0x3A, 0xF9, 0xB2, 0xA7, 0x45, 0x97, 0x67, 0xD2, 0xA7, 0xA0, 0x78,
    0x81, 0x55, 0x4E, 0x90, 0x36, 0xED, 0x32, 0x64, 0x90, 0x10, 0x64, 0xD5, 0x98, 0x26, 0x14, 0xB1,
    0x94, 0x77, 0xDC, 0xBC, 0xD1, 0x92, 0x6C, 0x9D, 0x92, 0x48, 0x8E, 0xF3, 0x36, 0xF8, 0xA8, 0xF8,
    0x8D, 0xA6, 0xB5, 0xA4, 0xBB, 0xCA, 0x22, 0x36, 0xB0, 0xA5, 0x9F, 0x8C, 0x60, 0x44, 0x08, 0x84,
    0xD8, 0xFE, 0x51, 0xBF, 0x98, 0x77, 0xB6, 0xBD, 0x3E, 0x69, 0x71, 0xFA, 0xB2, 0xC9, 0x07, 0x8D,
    0xDF, 0xF5, 0x85, 0x08, 0x4D, 0x21, 0x9D, 0x8E, 0x44, 0xD8, 0xA1, 0x87, 0x62, 0x43, 0x78, 0xA9,
    0xE1, 0xE6, 0x0B, 0x22, 0x50, 0x05, 0x00, 0x59, 0xF7, 0xB2, 0x48, 0xFF, 0xBE, 0x12, 0xB0, 0xD2,
    0xF4, 0x0A, 0xDC, 0xA0, 0xA2, 0x32, 0x06, 0x8E, 0x3A, 0xE9, 0x20, 0x12, 0x56, 0x6C, 0x10, 0x1C,
    0x08, 0xCB, 0x30, 0x75, 0x71, 0x15, 0xC8, 0xCF, 0xF7, 0x7D, 0x13, 0xDA, 0x65, 0x11, 0x1B, 0xD8,
    0xE8, 0xC4, 0x34, 0x42, 0x29, 0xB9, 0xED, 0x66, 0xDA, 0x71, 0x42, 0xB1, 0x28, 0x20, 0x84, 0xEF,
    0xBB, 0x0B, 0x13, 0x2A, 0xCE, 0x65, 0x93, 0x61, 0x15, 0xFF, 0xB9, 0x3F, 0x41, 0x92, 0xD6, 0xB7,
    0x99, 0xFE, 0x6B, 0x32, 0x39, 0x39, 0x9B, 0xCD, 0xD9, 0xE0, 0x0C, 0x7B, 0x99, 0x5E, 0xA0, 0x5D,
    0x08, 0x4F, 0xBC, 0x22, 0x20, 0x2A, 0x12, 0x2E, 0x72, 0x9D, 0x1A, 0x78, 0xF9, 0x7E, 0x28, 0x86,
    0x0B, 0x18, 0xB0, 0xEF, 0xF9, 0x67, 0x84, 0x8F, 0x66, 0x3E, 0x9F, 0x5F, 0x63, 0xB4, 0x54, 0xA4,
    0xCA, 0x8F, 0x58, 0x6A, 0x5A, 0x31, 0x1F, 0x51, 0x36, 0x46, 0xF9, 0x33, 0xDE, 0xC9, 0x37, 0xBF,
    0xF2, 0xCB, 0x8E, 0xB9, 0xDE, 0xDE, 0xEC, 0x1F, 0x29, 0xCF, 0xFC, 0x67, 0xFA, 0xA9, 0xF7, 0xFB,
    0x67, 0xDC, 0xEE, 0xFE, 0x9F, 0xE6, 0xA7, 0xE2, 0xC3, 0xF9, 0x2B, 0xBE, 0xEC, 0x6C, 0xA9, 0xF7,
    0xF2, 0xAF, 0xFE, 0xCB, 0xA6, 0xFF, 0xEE, 0xFC, 0x15, 0xF3, 0x5B, 0xE9, 0x7F, 0xD6, 0x3F, 0xF5,
    0x59, 0x7F, 0x1D, 0xDB, 0xF7, 0x3F, 0xFD, 0xFF, 0xCB, 0x4F, 0x5D, 0xF9, 0x7F, 0x00, 0x95, 0x96,
    0x41, 0x8A, 0x63, 0x3D, 0x0C, 0x84, 0x0B, 0xB4, 0x2D, 0x78, 0x57, 0x29, 0xF0, 0xD6, 0xE0, 0xAB,
    0x0B, 0xB2, 0x35, 0xCC, 0x55, 0x0C, 0xB3, 0x35, 0xE8, 0x8F, 0xE9, 0xA6, 0xFF, 0x88, 0x28, 0xE9,
    0xC9, 0x57, 0x18, 0xC7, 0x11, 0x92, 0x5F, 0x64, 0x59, 0x79, 0x48, 0x18, 0x88, 0x11, 0x84, 0x21,
    0xE1, 0xB6, 0x38, 0xE1, 0xA5, 0x32, 0x0E, 0xC5, 0x86, 0x1E, 0xBE, 0xF7, 0x4A, 0x9C, 0xB6, 0xE0,
    0x78, 0x82, 0x12, 0x23, 0x44, 0xAA, 0xDE, 0xFF, 0x9D, 0xFF, 0xF0, 0x8E, 0x06, 0x39, 0x04, 0xA2,
    0xC0, 0x36, 0x3A, 0xA6, 0x91, 0x10, 0x2A, 0x04, 0xC2, 0x88, 0x89, 0x6E, 0x1B, 0x35, 0x84, 0xE4,
    0x0D, 0x1D, 0xC3, 0xCB, 0x00, 0x32, 0x51, 0x23, 0x28, 0x13, 0x8E, 0x12, 0x3C, 0x72, 0x2A, 0x36,
    0x45, 0x3F, 0xAB, 0x77, 0x5C, 0x7E, 0x1F, 0xB0, 0x45, 0x27, 0x21, 0xD9, 0xF9, 0xE2, 0x33, 0x6C,
    0x5D, 0x8E, 0x25, 0x99, 0x9C, 0x3C, 0x4B, 0xFC, 0x0E, 0x25, 0x8F, 0x90, 0xD7, 0xF9, 0x2F, 0xAB,
    0x20, 0x41, 0x19, 0x23, 0x8C, 0x0F, 0xFE, 0x2F, 0xCE, 0xBE, 0xAE, 0x00, 0x33, 0x72, 0x2C, 0xD2,
    0x0C, 0x25, 0xEE, 0xD2, 0xB5, 0x25, 0x77, 0x94, 0x18, 0xC9, 0xB1, 0x49, 0xE3, 0xEF, 0xF5, 0x7B,
    0x6D, 0x3C, 0x21, 0x97, 0xC6, 0x96, 0x94, 0xE2, 0x5F, 0xBB, 0xFE, 0x0D, 0x39, 0x7E, 0xB6, 0x96,
    0xF1, 0x69, 0x46, 0x1B, 0x9B, 0xB0, 0x97, 0xE5, 0x25, 0x5E, 0x81, 0x57, 0x25, 0x4A, 0x6B, 0x6C,
    0x63, 0x53, 0xA6, 0xDA, 0xBF, 0xA9, 0xF1, 0x0A, 0xA3, 0x09, 0x25, 0x54, 0x9B, 0x7B, 0x88, 0xAC,
    0xEC, 0x0E, 0xE7, 0xD2, 0x8C, 0xD0, 0xE4, 0x7A, 0x3C, 0x5B, 0x7D, 0xC9, 0x9B, 0x77, 0x57, 0xF5,
    0xFB, 0x73, 0xFF, 0xF0, 0x9F, 0xFA, 0x3F, 0xCA, 0x38, 0x64, 0x3F, 0xF5, 0x7F, 0x04, 0x3D, 0xCA,
    0x44, 0x0D, 0x7F, 0xCC, 0x0F, 0xB3, 0x4E, 0xEC, 0xD4, 0x5F, 0x9E, 0x89, 0x05, 0x59, 0xC3, 0x86,
    0x00, 0x54, 0xF1, 0xD7, 0xAB, 0xFC, 0xDB, 0xA6, 0xCD, 0xDB, 0x30, 0xA2, 0x66, 0xB8, 0xEB, 0xD6,
    0x7C, 0x43, 0x4F, 0x96, 0xFD, 0xBE, 0xFF, 0x34, 0x74, 0x8C, 0x7D, 0xEC, 0x77, 0x26, 0xFA, 0xD8,
    0xE8, 0x98, 0x78, 0x82, 0x5B, 0x4B, 0x53, 0x14, 0xAF, 0x85, 0x82, 0xA1, 0x8B, 0x8D, 0xC9, 0x5E,
    0xF4, 0x6F, 0xBC, 0xA3, 0xEC, 0xEF, 0x58, 0x78, 0xD7, 0xDF, 0xDD, 0x9C, 0xFE, 0x41, 0xFF, 0x7F,
    0xCB, 0xBF, 0xFC, 0x3F, 0x60, 0x62, 0xC1, 0x5F, 0xDB, 0xE9, 0x96, 0xF7, 0x76, 0x68, 0x7C, 0xC7,
    0x35, 0x10, 0xF9, 0x8E, 0x51, 0x43, 0x73, 0x51, 0xFF, 0xEB, 0x6A, 0xDC, 0x14, 0xBE, 0x49, 0x3E,
    0x29, 0x56, 0x65, 0x2F, 0xE3, 0xEF, 0xD9, 0xA8, 0x2C, 0xAA, 0x7C, 0xBE, 0x22, 0xFE, 0xB3, 0xE7,
    0x6C, 0x63, 0x53, 0xE5, 0xE9, 0x6E, 0x20, 0x7B, 0x3F, 0xED, 0x92, 0x9F, 0x2E, 0xDF, 0x6F, 0x1F,
    0xDB, 0xEF, 0x83, 0xF5, 0xD9, 0x39, 0xD7, 0xDD, 0x7E, 0x1B, 0x9B, 0xEB, 0xD9, 0x6E, 0x47, 0x1A,
    0xDB, 0xEC, 0x3E, 0x74, 0x56, 0xCF, 0x18, 0xAE, 0xAD, 0xFB, 0x30, 0x24, 0xDC, 0x74, 0x75, 0x53,
    0x52, 0xDD, 0xC3, 0x7C, 0x2C, 0x70, 0xAC, 0xBC, 0xF7, 0xB3, 0xE7, 0x89, 0x56, 0xBF, 0x3F, 0x8C,
    0xED, 0x96, 0x73, 0x57, 0xED, 0x5F, 0xF9, 0x0F, 0x6F, 0xE8, 0xDE, 0x84, 0x09, 0xD5, 0xDD, 0x01,
    0xD3, 0x3A, 0x67, 0x03, 0x51, 0x41, 0x34, 0x70, 0x5A, 0xC7, 0xB4, 0x8D, 0x0A, 0x61, 0x36, 0x75,
    0x6F, 0x18, 0x8E, 0x4C, 0xCA, 0x5E, 0x14, 0x19, 0x4C, 0xD9, 0x89, 0x94, 0xA1, 0x04, 0x21, 0x46,
    0x93, 0x13, 0x2F, 0x90, 0x38, 0xC3, 0x88, 0x97, 0xEF, 0x57, 0xD7, 0xFE, 0x1A, 0x59, 0xD9, 0xF2,
    0x4B, 0xFF, 0x1F, 0x6F, 0xDE, 0x1F, 0x01, 0x87, 0xA7, 0x4F, 0x19, 0x81, 0x3B, 0xFF, 0xFF, 0xF9,
    0x93, 0x5F, 0xDA, 0xBF, 0xE8, 0xB3, 0xD1, 0xD1, 0xF0, 0x82, 0x89, 0x1E, 0xB9, 0xF7, 0xE6, 0xFC,
    0xA3, 0x85, 0x5B, 0x8B, 0x0B, 0x96, 0x9F, 0x5F, 0xE4, 0x18, 0xA6, 0xA4, 0x55, 0xDC, 0xB0, 0x15,
    0xD3, 0x2D, 0x26, 0xD2, 0xD3, 0xD9, 0xCA, 0x9E, 0x63, 0x90, 0xA9, 0xFE, 0x72, 0xFC, 0xF5, 0xED,
    0xB1, 0xB2, 0xBD, 0x5F, 0xFC, 0xA1, 0x5F, 0xB2, 0x11, 0xA9, 0xBE, 0xF7, 0x5B, 0xFB, 0xE2, 0xEC,
    0x7F, 0x38, 0xBF, 0x74, 0x3E, 0xEB, 0x36, 0xE2, 0x21, 0xFA, 0x1C, 0x23, 0xEF, 0x40, 0x5E, 0xBB,
    0xB6, 0xE7, 0xF8, 0x09, 0xEF, 0x6B, 0x4C, 0xD9, 0x98, 0xBD, 0x38, 0x9D, 0x11, 0x42, 0x5B, 0xCD,
    0x9B, 0x44, 0x99, 0x50, 0xB4, 0x37, 0x93, 0xD1, 0xAC, 0xE1, 0xAF, 0xFD, 0x85, 0x8D, 0xF8, 0xE0,
    0xFE, 0xD6, 0x0C, 0x38, 0xDC, 0x15, 0x11, 0xFB, 0xCC, 0x18, 0xB5, 0x0F, 0xC5, 0x7D, 0xA5, 0xFE,
    0x3D, 0xD7, 0x10, 0x95, 0xEB, 0x32, 0x02, 0x2C, 0xE6, 0x04, 0x25, 0x45, 0x28, 0xFB, 0xE6, 0x9D,
    0x18, 0x41, 0x16, 0xF6, 0x8A, 0x1B, 0x61, 0x66, 0xB8, 0x22, 0xFC, 0xCC, 0x67, 0xFD, 0x09, 0x66,
    0x02, 0x4D, 0x18, 0x11, 0x71, 0xE6, 0xB3, 0xFE, 0x08, 0xBA, 0x83, 0xDF, 0xF9, 0xA3, 0xEB, 0xAC,
    0xF1, 0x01, 0xC6, 0x1B, 0x48, 0xF7, 0x11, 0xB1, 0xCE, 0x7C, 0xD6, 0xEF, 0x21, 0x3A, 0xFE, 0x44,
    0x07, 0xF1, 0x02, 0xA1, 0xC7, 0x5F, 0x74, 0x08, 0xFF, 0x82, 0x1B, 0xCC, 0xCD, 0x19, 0xA1, 0x33,
    0x9F, 0x75, 0x06, 0xF8, 0x0F, 0x9D, 0x99, 0xD1, 0xEA, 0xF3, 0x2A, 0x0C, 0xC0, 0x03, 0xB9, 0x0D,
    0xF8, 0x2A, 0x01, 0x6F, 0x05, 0x5F, 0x3D, 0xD0, 0x5B, 0xE1, 0xFF, 0x2A, 0xC2, 0x6E, 0x85, 0x1E,
    0x33, 0x17, 0xBA, 0x36, 0x66, 0x7C, 0x9C, 0xA4, 0x6B, 0xAD, 0xBF, 0x24, 0x5A, 0xDD, 0xDA, 0xC6,
    0x0D, 0xA8, 0x6B, 0xAB, 0xE7, 0xD0, 0x0D, 0x46, 0x82, 0x9E, 0x0E, 0xDD, 0xF0, 0x10, 0xDD, 0x4E,
    0x81, 0x13, 0xE6, 0x66, 0x82, 0x42, 0x3C, 0x15, 0x96, 0x6A, 0x19, 0x05, 0xBE, 0x04, 0x3B, 0xBD,
    0x01, 0x0E, 0x52, 0x38, 0x25, 0xBD, 0xF9, 0x79, 0xF6, 0xB9, 0x01, 0x5E, 0x5B, 0x3D, 0x7B, 0xBD,
    0xD7, 0xA8, 0x8D, 0x6D, 0x90, 0x3A, 0xD4, 0xB5, 0x99, 0xE5, 0x4B, 0x37, 0x9C, 0xDB, 0x61, 0x36,
    0x37, 0xC1, 0x17, 0x11, 0x67, 0x3E, 0x32, 0x12, 0xE5, 0x3B, 0x13, 0x10, 0x64, 0x55, 0x7A, 0x0B,
    0x63, 0x3D, 0xBF, 0x71, 0x3D, 0x19, 0x17, 0x59, 0x56, 0x6A, 0x0F, 0x4E, 0xD2, 0x60, 0x60, 0xA8,
    0xBA, 0x9F, 0xE5, 0x07, 0x64, 0xE0, 0xC9, 0x85, 0xA5, 0x8E, 0x0C, 0x79, 0x72, 0x1D, 0x84, 0x7D,
    0x8C, 0x3A, 0xBC, 0xBF, 0x4A, 0xED, 0x3A, 0x6E, 0x75, 0xBC, 0xF7, 0xDD, 0xC7, 0x9F, 0x75, 0x0D,
    0x5A, 0x1D, 0x48, 0x38, 0xB9, 0xC5, 0xF7, 0x31, 0xEA, 0x78, 0xFA, 0xD7, 0xE1, 0xF5, 0xC6, 0x4F,
    0x72, 0x52, 0xEB, 0x17, 0xAF, 0x1B, 0x7E, 0x7E, 0xC7, 0x67, 0x22, 0x40, 0x1D, 0x67, 0x06, 0x41,
    0x20, 0x60, 0xD2, 0x16, 0xCE, 0x53, 0xE6, 0x76, 0xB5, 0x32, 0x77, 0xA2, 0x3A, 0x4B, 0xF2, 0x18,
    0x63, 0xC1, 0x0E, 0x12, 0xF0, 0x34, 0xB5, 0x4C, 0xED, 0xD0, 0x51, 0xBE, 0x4E, 0xBE, 0x06, 0x87,
    0xA6, 0x22, 0xE0, 0xF2, 0xE7, 0xA9, 0x7E, 0x70, 0x84, 0x1A, 0x76, 0x6D, 0x87, 0xDA, 0x8A, 0xEC,
    0x05, 0xE5, 0xFE, 0x7D, 0xEE, 0xAB, 0x89, 0x0A, 0x6C, 0x5A, 0x19, 0xA7, 0x6A, 0xE3, 0x7A, 0xB6,
    0xAC, 0x4A, 0x45, 0x2E, 0x3C, 0x3F, 0x01, 0xCF, 0x35, 0x5B, 0xBD, 0xE3, 0x77, 0x49, 0x85, 0x85,
    0x25, 0x15, 0xF0, 0x62, 0xFC, 0xE0, 0x23, 0xE6, 0xFC, 0xA5, 0x75, 0xC0, 0x4E, 0xC8, 0x66, 0x28,
    0xE2, 0xA8, 0x9C, 0x89, 0x27, 0x67, 0x47, 0x1B, 0x74, 0xE4, 0xB2, 0xAE, 0xA0, 0xDD, 0x47, 0xCE,
    0xAB, 0xE3, 0x0D, 0xBB, 0x1E, 0x93, 0x64, 0xC7, 0x89, 0xBD, 0x3A, 0x5E, 0xE6, 0xA7, 0xA7, 0x59,
    0x2A, 0x17, 0xDF, 0xFC, 0xCA, 0x69, 0xCA, 0x3C, 0xE0, 0x13, 0x6B, 0x9D, 0xB2, 0xE8, 0x17, 0x9E,
    0xFA, 0xBD, 0x03, 0x4F, 0x7E, 0xA7, 0xA9, 0xC3, 0x92, 0x02, 0x0D, 0xC4, 0x2B, 0x49, 0x5A, 0xBC,
    0x61, 0x46, 0xF6, 0x9A, 0xB9, 0x88, 0x62, 0xCC, 0xD4, 0x76, 0xDA, 0xDA, 0x8B, 0xEF, 0xF1, 0xB1,
    0x6B, 0x3D, 0xF6, 0x28, 0x7E, 0x1A, 0x79, 0x4A, 0x1A, 0xFB, 0xF8, 0x75, 0xB4, 0x3F, 0xD5, 0x3A,
    0xC2, 0xF8, 0x2F, 0xFA, 0xA3, 0xD3, 0xF5, 0xFF, 0xC1, 0xAD, 0x07, 0x9E, 0xE7, 0x5E, 0x5A, 0x6D,
    0x4F, 0x7E, 0xC9, 0x35, 0xE7, 0x65, 0xCA, 0x03, 0x5A, 0xED, 0xC3, 0x72, 0x8C, 0x61, 0x07, 0x67,
    0x19, 0x45, 0x32, 0xFF, 0x3A, 0x20, 0x92, 0x32, 0x15, 0xAA, 0x58, 0x69, 0xDF, 0x93, 0x3A, 0xAC,
    0xB4, 0x8B, 0x9E, 0x88, 0xBB, 0x95, 0xBD, 0x18, 0x8F, 0x85, 0x7B, 0xA2, 0x00, 0x99, 0xFF, 0x41,
    0x25, 0xA4, 0xC0, 0xC2, 0x07, 0x1C, 0xE0, 0x2D, 0xEC, 0x2E, 0x28, 0x68, 0x77, 0x44, 0x2F, 0x3C,
    0x55, 0x52, 0xCB, 0x8C, 0x40, 0x53, 0x77, 0x52, 0x47, 0x78, 0x15, 0x56, 0x6F, 0x56, 0x2E, 0xB2,
    0xC5, 0xC6, 0xC9, 0x35, 0xBE, 0x56, 0x7A, 0x4F, 0xEF, 0x6F, 0x5C, 0x5D, 0x26, 0x91, 0xE5, 0xCF,
    0xB7, 0xE8, 0xA9, 0x71, 0x5F, 0x64, 0xDD, 0xC5, 0x2C, 0xBA, 0x8F, 0x12, 0xF5, 0xDE, 0xA2, 0x20,
    0x68, 0x2F, 0x09, 0x28, 0xF4, 0x75, 0xFD, 0x73, 0x5C, 0xF7, 0x7E, 0x5E, 0xA3, 0xEB, 0x33, 0x61,
    0x4A, 0xDD, 0xEE, 0x38, 0x3B, 0x8E, 0xB2, 0xBE, 0x75, 0xA5, 0x44, 0xDF, 0x2E, 0xB3, 0xA8, 0xC3,
    0x13, 0x94, 0xA8, 0x7D, 0xA3, 0xC6, 0xD6, 0xB9, 0xFB, 0x61, 0x5C, 0x7C, 0x55, 0x38, 0x03, 0xE3,
    0x86, 0xBD, 0xE4, 0x61, 0xFB, 0xBD, 0xD4, 0x66, 0xFB, 0x80, 0x0F, 0x5A, 0xCF, 0xA0, 0xE0, 0x09,
    0x1D, 0x8E, 0xAF, 0x8D, 0xA9, 0xE3, 0xD8, 0x21, 0x0D, 0xA8, 0x75, 0x16, 0xED, 0xBD, 0xC4, 0x0A,
    0xB5, 0x2A, 0xC2, 0xBE, 0x41, 0xA0, 0x22, 0x69, 0x60, 0x47, 0x0E, 0x47, 0x55, 0x90, 0x89, 0xD2,
    0x88, 0x38, 0x12, 0x72, 0x2D, 0x99, 0x6B, 0x18, 0xA1, 0x48, 0x66, 0xD5, 0x1D, 0x4D, 0xC0, 0xEB,
    0xB7, 0xAC, 0x91, 0xBC, 0x7F, 0xB1, 0x6D, 0x56, 0xF4, 0x4F, 0xA7, 0xD1, 0x0A, 0x49, 0xA6, 0xFB,
    0xDA, 0xEC, 0x7A, 0x7C, 0xC1, 0x22, 0xAC, 0xD3, 0x2B, 0x88, 0x58, 0x10, 0x8B, 0x70, 0x9F, 0x9F,
    0xDB, 0x67, 0x49, 0x9A, 0x2E, 0xA2, 0x83, 0x2C, 0x30, 0x40, 0xF7, 0x3A, 0x26, 0xE7, 0x3C, 0x5C,
    0xAD, 0x7D, 0x2A, 0xF4, 0xB0, 0xEC, 0xB5, 0x7C, 0xAA, 0xFD, 0x6D, 0xF0, 0x55, 0x0A, 0x4A, 0x01,
    0x14, 0x28, 0xC1, 0x98, 0x4D, 0xB6, 0x6C, 0x9E, 0xDC, 0xF9, 0xDF, 0xEE, 0x25, 0xCE, 0x9F, 0x1C,
    0xBF, 0xE4, 0x40, 0x22, 0x66, 0x39, 0x80, 0x85, 0x18, 0x09, 0x8E, 0x07, 0xB6, 0x7A, 0xB3, 0xBB,
    0xD1, 0x49, 0x04, 0x27, 0x57, 0xB5, 0xF2, 0x37, 0x9E, 0xCA, 0x92, 0xAD, 0xED, 0x86, 0x76, 0x27,
    0xBB, 0xE6, 0xF4, 0xB4, 0x01, 0xED, 0x70, 0xF6, 0xCF, 0x80, 0xA6, 0x59, 0x93, 0xD6, 0xA4, 0x5C,
    0x96, 0x63, 0xA8, 0xC1, 0x1A, 0x56, 0x3C, 0x05, 0x6D, 0x58, 0x4F, 0x80, 0xCB, 0xB2, 0x5E, 0xD1,
    0x46, 0xD7, 0xFD, 0x2C, 0xAB, 0xF1, 0x9F, 0xA4, 0xAF, 0xB9, 0xD6, 0x68, 0x05, 0xCE, 0x61, 0x93,
    0x74, 0x5E, 0x93, 0x34, 0xB7, 0x9B, 0xE5, 0x76, 0xB4, 0xDD, 0x3D, 0xD1, 0xCD, 0x96, 0xE3, 0x3C,
    0x75, 0x4C, 0x26, 0x28, 0x38, 0xF4, 0xAE, 0x5C, 0xEE, 0x77, 0x65, 0x01, 0xA9, 0xCA, 0xA6, 0x7F,
    0x85, 0xC9, 0xA9, 0x74, 0xE5, 0xBE, 0xED, 0xAB, 0x95, 0x7D, 0xDB, 0x97, 0xE5, 0x6D, 0x16, 0x06,
    0xF2, 0x6A, 0xBB, 0x02, 0x09, 0x8D, 0x3C, 0xB1, 0x4C, 0xB5, 0xBE, 0x95, 0xAB, 0xED, 0x92, 0xA6,
    0x7F, 0x12, 0x2A, 0x3C, 0xC1, 0x73, 0x2E, 0x3F, 0xB1, 0xD9, 0x3F, 0x52, 0x59, 0x2B, 0x3F, 0xBD,
    0xB0, 0x59, 0x86, 0xC0, 0xBF, 0x30, 0x36, 0x35, 0x0F, 0xFD, 0x4B, 0xD6, 0x18, 0xA1, 0x3F, 0x70,
    0x29, 0x47, 0xFB, 0xD5, 0x7E, 0x3E, 0x4A, 0x79, 0xE0, 0x02, 0x0D, 0x3A, 0xE8, 0x15, 0x0A, 0x32,
    0x4D, 0xB9, 0xF3, 0x29, 0x42, 0x82, 0xA2, 0xB3, 0x94, 0x40, 0xC7, 0x87, 0xB6, 0xB9, 0xB1, 0x65,
    0xC6, 0x51, 0x6E, 0x6B, 0x99, 0xED, 0x3E, 0x77, 0xCE, 0x1A, 0x79, 0x45, 0x72, 0x57, 0xB7, 0x72,
    0xDF, 0x20, 0xF3, 0x75, 0xED, 0xD7, 0xF1, 0xAB, 0x7D, 0xE3, 0x3E, 0x77, 0xB7, 0xCC, 0xBD, 0x0E,
    0xFE, 0xD9, 0xBE, 0xF1, 0xA0, 0x7D, 0xAE, 0x03, 0x7F, 0xB5, 0x2F, 0x75, 0x90, 0xCF, 0x2B, 0x5A,
    0xA6, 0x3A, 0xF2, 0x3C, 0x5E, 0xB9, 0x85, 0x71, 0xD3, 0xDC, 0xF2, 0xA4, 0x7B, 0x9E, 0xA7, 0xD6,
    0x36, 0xF7, 0x8E, 0xAB, 0xD4, 0x11, 0xE5, 0x85, 0xC6, 0xAD, 0x7F, 0x9E, 0x7B, 0xFF, 0x3A, 0x62,
    0xFF, 0x88, 0x07, 0x79, 0x95, 0xBB, 0xC6, 0x7D, 0xFB, 0x9A, 0xFB, 0xF0, 0x51, 0x4F, 0x3E, 0x34,
    0xBF, 0xD8, 0x72, 0x62, 0x5C, 0xEB, 0x38, 0x11, 0xCF, 0x99, 0x8F, 0x9C, 0x63, 0xCE, 0xCA, 0xF1,
    0x07, 0x47, 0x3E, 0xF8, 0x17, 0x3F, 0xB4, 0x85, 0x9F, 0xFC, 0xF5, 0x8B, 0x4F, 0x8A, 0xF9, 0x15,
    0x73, 0xA5, 0x51, 0xFB, 0x3A, 0x32, 0x7C, 0xD8, 0x7E, 0xCB, 0x91, 0xD1, 0xF6, 0x3B, 0x5E, 0xD2,
    0x1A, 0x9F, 0x92, 0x62, 0x7F, 0x3E, 0x22, 0x7F, 0xFB, 0x6E, 0xAC, 0xA3, 0x17, 0xFB, 0x6E, 0xAC,
    0xE3, 0x2E, 0x3E, 0xC8, 0xA5, 0x9E, 0x7F, 0x53, 0xDF, 0x3E, 0x7D, 0x34, 0x75, 0x2B, 0x39, 0xBE,
    0xA8, 0x59, 0x04, 0xBD, 0x8F, 0xAE, 0x20, 0x9B, 0x0E, 0x2B, 0x3D, 0x38, 0x7F, 0xB4, 0x5A, 0x69,
    0xEB, 0x3F, 0xAE, 0x08, 0xBE, 0xFD, 0xB5, 0x76, 0xA8, 0x7B, 0xDF, 0xFE, 0x45, 0xCD, 0x62, 0x13,
    0x9F, 0xA7, 0x0E, 0xDD, 0xFB, 0xF8, 0x17, 0x35, 0x8B, 0x87, 0xF4, 0xC7, 0xF3, 0xAB, 0xDF, 0x71,
    0x7A, 0x3C, 0xBF, 0x12, 0x78, 0x99, 0xAC, 0x15, 0xC2, 0x06, 0x25, 0x4A, 0xB9, 0xB3, 0x70, 0xC9,
    0xE2, 0xB1, 0xF7, 0xAF, 0xE3, 0xB7, 0xBF, 0xE3, 0x4E, 0x12, 0x40, 0x67, 0xC1, 0xC1, 0xE7, 0x39,
    0xF4, 0xA8, 0xE7, 0x10, 0x49, 0xE0, 0x5F, 0x05, 0xA9, 0x9E, 0x27, 0xE9, 0x31, 0xF6, 0x8F, 0x24,
    0x09, 0x00, 0x73, 0x3A, 0x3B, 0xEB, 0x71, 0x9D, 0xFF, 0x10, 0x99, 0x0A, 0x25, 0x59, 0xE9, 0x16,
    0x69, 0x80, 0x38, 0x75, 0xF2, 0xB5, 0xB2, 0xE5, 0x9E, 0xC1, 0xAB, 0xE6, 0x5A, 0x1D, 0x03, 0xF0,
    0xFC, 0x1E, 0x21, 0xFC, 0x85, 0x0B, 0x4F, 0x0D, 0xD7, 0x16, 0x0B, 0x34, 0x24, 0xA2, 0x07, 0x7F,
    0xAC, 0xBD, 0xAB, 0x3E, 0xD7, 0xE5, 0xDC, 0xFA, 0x7B, 0xBC, 0x2E, 0xE7, 0x9E, 0x21, 0x9E, 0xDA,
    0xF3, 0xCF, 0x67, 0x69, 0xCF, 0xD8, 0x3E, 0x37, 0x0E, 0xC5, 0xB2, 0xC0, 0xC0, 0x97, 0x89, 0xB8,
    0x0E, 0x62, 0xA6, 0x5D, 0x14, 0xC6, 0xEB, 0xFE, 0xCA, 0xB8, 0xE5, 0x94, 0x99, 0x25, 0x73, 0xA1,
    0x3D, 0xA7, 0x84, 0x19, 0x0E, 0xCC, 0xE4, 0xFC, 0x6D, 0xF0, 0xF1, 0x73, 0x8D, 0x0E, 0x99, 0x01,
    0x87, 0xDC, 0xAD, 0x5C, 0x38, 0x86, 0x7E, 0x76, 0xA2, 0x39, 0x66, 0x0C, 0xFE, 0x3B, 0x79, 0xDF,
    0xFB, 0x78, 0x96, 0xD2, 0xF6, 0xFD, 0xAC, 0x12, 0x34, 0x68, 0xD5, 0xBF, 0x23, 0x2E, 0x7F, 0xD4,
    0xD1, 0x33, 0x79, 0xF2, 0x8B, 0xF0, 0xC1, 0x78, 0x8F, 0x7F, 0xAD, 0x9E, 0x5E, 0xBA, 0x5B, 0x7B,
    0xAE, 0xE3, 0xDA, 0x07, 0xAB, 0xE6, 0x84, 0x1A, 0x8D, 0xFD, 0xFB, 0xFD, 0x1A, 0x7D, 0x5E, 0x56,
    0xC0, 0x10, 0x0A, 0xD1, 0xC4, 0x6A, 0x27, 0x82, 0x88, 0xEF, 0x53, 0x3D, 0xEA, 0xF9, 0xBB, 0x5E,
    0x2B, 0x62, 0x51, 0x13, 0xE7, 0x63, 0xB1, 0x2C, 0xF4, 0x25, 0x3E, 0x8B, 0x7E, 0x64, 0x48, 0x3E,
    0x8B, 0xBE, 0xEC, 0x2F, 0x09, 0x99, 0x89, 0x8B, 0xED, 0x46, 0x0F, 0x5B, 0x09, 0xF3, 0x23, 0xAD,
    0xC8, 0x42, 0x25, 0xC8, 0x8F, 0x18, 0x19, 0x0B, 0xB5, 0xDE, 0x57, 0x86, 0xF8, 0xB9, 0x55, 0x5C,
    0x21, 0x08, 0x1A, 0x37, 0x66, 0xFA, 0x5B, 0x59, 0x5A, 0x82, 0x32, 0xF5, 0xC6, 0x09, 0xB8, 0xDA,
    0xFB, 0x3D, 0xD4, 0xC7, 0xFB, 0xBD, 0x71, 0x7B, 0xBF, 0x77, 0xDC, 0xBF, 0xFF, 0x8A, 0xDA, 0x44,
    0xEF, 0xBF, 0xC6, 0x83, 0x59, 0xE0, 0xD4, 0x72, 0x27, 0xE0, 0x7D, 0x86, 0x4A, 0x0F, 0xEE, 0x73,
    0xCB, 0x62, 0x7C, 0x9B, 0x59, 0x12, 0x7B, 0xFF, 0x2B, 0xCB, 0x2D, 0xA5, 0x61, 0xC3, 0x81, 0xDB,
    0x04, 0xB5, 0x48, 0xEE, 0xB9, 0x14, 0xA9, 0xA0, 0xDE, 0xBF, 0xFD, 0xEB, 0xF8, 0xED, 0x5F, 0x07,
    0xBB, 0xFB, 0xAA, 0x3B, 0x3A, 0x79, 0xFD, 0xBD, 0xFE, 0x82, 0x87, 0x71, 0xFA, 0xF6, 0xEB, 0x53,
    0x2F, 0xB1, 0x73, 0xE3, 0x66, 0x1F, 0x48, 0x3D, 0x01, 0x04, 0xAE, 0xD5, 0xB4, 0xF3, 0xB4, 0xB2,
    0xD6, 0x2F, 0x1E, 0x88, 0xF3, 0x57, 0x55, 0x7F, 0x55, 0xEF, 0xEF, 0xEF, 0x7F, 0x54, 0x07, 0xD3,
    0xE6, 0xEE, 0x87, 0xA2, 0x9F, 0x6D, 0xFF, 0xF0, 0xDF, 0xFA, 0xA7, 0x76, 0xFF, 0xDB, 0xBF, 0x8E,
    0xE8, 0xBF, 0x6D, 0x13, 0xC7, 0xD5, 0x27, 0xE8, 0x47, 0x07, 0x9A, 0x47, 0x7E, 0x37, 0xD5, 0x6F,
    0x47, 0xFA, 0xF0, 0x5F, 0x92, 0x4E, 0xED, 0xA4, 0x59, 0xD3, 0x3C, 0x3F, 0xC5, 0xCA, 0x5A, 0xAF,
    0xFC, 0x5F, 0xFD, 0x55, 0xD3, 0x39, 0x80, 0xF6, 0xFE, 0xEE, 0xF9, 0xB3, 0xE6, 0x67, 0xBB, 0x42,
    0xA1, 0x71, 0x82, 0xFE, 0x69, 0xFD, 0xEF, 0xF8, 0x75, 0xC4, 0xFF, 0xED, 0x6F, 0xE6, 0x51, 0x6C,
    0xBE, 0x30, 0x38, 0x37, 0xDB, 0xFF, 0x00, 0x75, 0x8E, 0x01, 0x06, 0x05, 0x31, 0x0C, 0x44, 0x43,
    0x01, 0x86, 0x5E, 0x65, 0xF8, 0x00, 0xA1, 0x57, 0xCF, 0x01, 0xCA, 0xBF, 0xCA, 0x1E, 0xA0, 0xD8,
    0xA4, 0xAA, 0xCD, 0xA2, 0xEF, 0x01, 0xF3, 0x84, 0xC8, 0xA4, 0xFC, 0xC1, 0xB0, 0x0D, 0xF0, 0x28,
    0x9B, 0xF2, 0x00, 0x10, 0x88, 0xF7, 0x44, 0xEA, 0x6B, 0x6F, 0xFD, 0xD2, 0x15, 0x1D, 0x06, 0xF3,
    0xFB, 0x7E, 0x4C, 0x7D, 0xED, 0xB7, 0x5E, 0x8D, 0xD3, 0xDF, 0xA0, 0x6D, 0xF5, 0xF3, 0x1F, 0xC3,
    0xAA, 0x74, 0xC0, 0xE2, 0x2A, 0xA2, 0xBC, 0x63, 0x00, 0x03, 0xFB, 0x3F, 0x36, 0x36, 0xC6, 0x67,
    0x8C, 0xCF, 0xD8, 0x9F, 0xB1, 0xB7, 0x01, 0xC2, 0x3F, 0x10, 0x12, 0x24, 0x03, 0x00,
};

static const EpdGlyph helvetica_9_boldGlyphs[] = {
    { 11, 13, 224, 1, 13, 36, 0 }, // U+0000
    { 16, 16, 256, 0, 14, 64, 36 }, // U+0001
    { 16, 16, 256, 0, 14, 64, 100 }, // U+0002
    { 16, 16, 256, 0, 14, 64, 164 }, // U+0003
    { 16, 16, 256, 0, 14, 64, 228 }, // U+0004
    { 16, 16, 256, 0, 14, 64, 292 }, // U+0005
    { 16, 16, 256, 0, 14, 64, 356 }, // U+0006
    { 16, 16, 256, 0, 14, 64, 420 }, // U+0007
    { 16, 16, 256, 0, 14, 64, 484 }, // U+0008
    { 16, 16, 256, 0, 14, 64, 548 }, // U+0009
    { 16, 16, 256, 0, 14, 64, 612 }, // U+000A
    { 16, 16, 256, 0, 14, 64, 676 }, // U+000B
    { 16, 16, 256, 0, 14, 64, 740 }, // U+000C
    { 16, 16, 256, 0, 14, 64, 804 }, // U+000D
    { 16, 16, 256, 0, 14, 64, 868 }, // U+000E
    { 16, 16, 256, 0, 14, 64, 932 }, // U+000F
    { 16, 16, 256, 0, 14, 64, 996 }, // U+0010
    { 16, 16, 256, 0, 14, 64, 1060 }, // U+0011
    { 16, 16, 256, 0, 14, 64, 1124 }, // U+0012
    { 16, 16, 256, 0, 14, 64, 1188 }, // U+0013
    { 16, 16, 256, 0, 14, 64, 1252 }, // U+0014
    { 16, 16, 256, 0, 14, 64, 1316 }, // U+0015
    { 16, 16, 256, 0, 14, 64, 1380 }, // U+0016
    { 16, 16, 256, 0, 14, 64, 1444 }, // U+0017
    { 16, 16, 256, 0, 14, 64, 1508 }, // U+0018
    { 16, 16, 256, 0, 14, 64, 1572 }, // U+0019
    { 16, 16, 256, 0, 14, 64, 1636 }, // U+001A
    { 16, 16, 256, 0, 14, 64, 1700 }, // U+001B
    { 16, 16, 256, 0, 14, 64, 1764 }, // U+001C
    { 16, 16, 256, 0, 14, 64, 1828 }, // U+001D
    { 16, 16, 256, 0, 14, 64, 1892 }, // U+001E
    { 16, 16, 256, 0, 14, 64, 1956 }, // U+001F
    { 1, 1, 80, 0, 1, 1, 2020 }, // U+0020
    { 3, 14, 80, 1, 14, 11, 2021 }, // !
    { 5, 5, 112, 1, 14, 7, 2032 }, // "
    { 11, 13, 176, 0, 13, 36, 2039 }, // #
    { 10, 16, 160, 0, 14, 40, 2075 }, // $
    { 13, 13, 256, 1, 13, 43, 2115 }, // %
    { 13, 14, 224, 1, 14, 46, 2158 }, // &
    { 2, 5, 64, 1, 14, 3, 2204 }, // '
    { 6, 18, 112, 1, 14, 27, 2207 }, // (
    { 6, 18, 112, 0, 14, 27, 2234 }, // )
    { 7, 6, 144, 1, 14, 11, 2261 }, // *
    { 8, 8, 176, 1, 9, 16, 2272 }, // +
    { 3, 6, 80, 1, 3, 5, 2288 }, // ,
    { 5, 3, 96, 0, 7, 4, 2293 }, // -
    { 3, 3, 80, 1, 3, 3, 2297 }, // .
    { 5, 14, 80, 0, 14, 18, 2300 }, // /
    { 9, 13, 160, 0, 13, 30, 2318 }, // 0
    { 6, 13, 160, 1, 13, 20, 2348 }, // 1
    { 9, 13, 160, 0, 13, 30, 2368 }, // 2
    { 9, 13, 160, 0, 13, 30, 2398 }, // 3
    { 9, 13, 160, 0, 13, 30, 2428 }, // 4
    { 9, 13, 160, 0, 13, 30, 2458 }, // 5
    { 9, 13, 160, 0, 13, 30, 2488 }, // 6
    { 9, 13, 160, 0, 13, 30, 2518 }, // 7
    { 9, 13, 160, 0, 13, 30, 2548 }, // 8
    { 9, 13, 160, 0, 13, 30, 2578 }, // 9
    { 3, 10, 96, 1, 10, 8, 2608 }, // :
    { 3, 13, 96, 1, 10, 10, 2616 }, // ;
    { 9, 9, 176, 1, 9, 21, 2626 }, // <
    { 9, 5, 176, 1, 8, 12, 2647 }, // =
    { 9, 9, 176, 1, 9, 21, 2659 }, // >
    { 8, 14, 160, 1, 14, 28, 2680 }, // ?
    { 16, 17, 288, 1, 14, 68, 2708 }, // @
    { 12, 14, 224, 1, 14, 42, 2776 }, // A
    { 11, 14, 224, 2, 14, 39, 2818 }, // B
    { 12, 14, 224, 1, 14, 42, 2857 }, // C
    { 12, 14, 224, 1, 14, 42, 2899 }, // D
    { 10, 14, 208, 2, 14, 35, 2941 }, // E
    { 10, 14, 192, 1, 14, 35, 2976 }, // F
    { 12, 14, 240, 1, 14, 42, 3011 }, // G
    { 12, 14, 224, 1, 14, 42, 3053 }, // H
    { 3, 14, 80, 1, 14, 11, 3095 }, // I
    { 9, 14, 160, 0, 14, 32, 3106 }, // J
    { 13, 14, 224, 1, 14, 46, 3138 }, // K
    { 9, 14, 176, 1, 14, 32, 3184 }, // L
    { 14, 14, 256, 1, 14, 49, 3216 }, // M
    { 12, 14, 224, 1, 14, 42, 3265 }, // N
    { 13, 14, 240, 1, 14, 46, 3307 }, // O
    { 11, 14, 208, 1, 14, 39, 3353 }, // P
    { 13, 15, 240, 1, 14, 49, 3392 }, // Q
    { 12, 14, 224, 1, 14, 42, 3441 }, // R
    { 11, 14, 208, 1, 14, 39, 3483 }, // S
    { 11, 14, 176, 0, 14, 39, 3522 }, // T
    { 12, 14, 224, 1, 14, 42, 3561 }, // U
    { 13, 14, 208, 0, 14, 46, 3603 }, // V
    { 15, 14, 272, 1, 14, 53, 3649 }, // W
    { 12, 14, 192, 0, 14, 42, 3702 }, // X
    { 13, 14, 208, 0, 14, 46, 3744 }, // Y
    { 10, 14, 192, 1, 14, 35, 3790 }, // Z
    { 5, 18, 96, 1, 14, 23, 3825 }, // [
    { 5, 14, 80, 0, 14, 18, 3848 }, // <backslash>
    { 5, 18, 96, 0, 14, 23, 3866 }, // ]
    { 10, 7, 160, 0, 13, 18, 3889 }, // ^
    { 10, 2, 160, 0, -2, 5, 3907 }, // _
    { 5, 3, 80, 0, 14, 4, 3912 }, // `
    { 10, 10, 176, 1, 10, 25, 3916 }, // a
    { 10, 14, 192, 1, 14, 35, 3941 }, // b
    { 9, 10, 176, 1, 10, 23, 3976 }, // c
    { 10, 14, 192, 1, 14, 35, 3999 }, // d
    { 9, 10, 176, 1, 10, 23, 4034 }, // e
    { 7, 14, 112, 0, 14, 25, 4057 }, // f
    { 10, 14, 192, 1, 10, 35, 4082 }, // g
    { 9, 14, 176, 1, 14, 32, 4117 }, // h
    { 3, 14, 80, 1, 14, 11, 4149 }, // i
    { 5, 18, 80, -1, 14, 23, 4160 }, // j
    { 9, 14, 160, 1, 14, 32, 4183 }, // k
    { 3, 14, 80, 1, 14, 11, 4215 }, // l
    { 15, 10, 272, 1, 10, 38, 4226 }, // m
    { 9, 10, 176, 1, 10, 23, 4264 }, // n
    { 10, 10, 192, 1, 10, 25, 4287 }, // o
    { 10, 14, 192, 1, 10, 35, 4312 }, // p
    { 10, 14, 192, 1, 10, 35, 4347 }, // q
    { 6, 10, 112, 1, 10, 15, 4382 }, // r
    { 9, 10, 176, 1, 10, 23, 4397 }, // s
    { 6, 13, 96, 0, 13, 20, 4420 }, // t
    { 9, 10, 176, 1, 10, 23, 4440 }, // u
    { 9, 10, 144, 0, 10, 23, 4463 }, // v
    { 15, 10, 240, 0, 10, 38, 4486 }, // w
    { 9, 10, 176, 1, 10, 23, 4524 }, // x
    { 9, 14, 176, 1, 10, 32, 4547 }, // y
    { 8, 10, 160, 1, 10, 20, 4579 }, // z
    { 7, 18, 128, 1, 14, 32, 4599 }, // {
    { 2, 18, 80, 1, 14, 9, 4631 }, // |
    { 7, 18, 128, 0, 14, 32, 4640 }, // }
    { 9, 3, 176, 1, 7, 7, 4672 }, // ~
    { 16, 16, 256, 0, 14, 64, 4679 }, // U+007F
    { 16, 16, 256, 0, 14, 64, 0 }, // U+0080
    { 16, 16, 256, 0, 14, 64, 64 }, // U+0081
    { 16, 16, 256, 0, 14, 64, 128 }, // U+0082
    { 16, 16, 256, 0, 14, 64, 192 }, // U+0083
    { 16, 16, 256, 0, 14, 64, 256 }, // U+0084
    { 16, 16, 256, 0, 14, 64, 320 }, // U+0085
    { 16, 16, 256, 0, 14, 64, 384 }, // U+0086
    { 16, 16, 256, 0, 14, 64, 448 }, // U+0087
    { 16, 16, 256, 0, 14, 64, 512 }, // U+0088
    { 16, 16, 256, 0, 14, 64, 576 }, // U+0089
    { 16, 16, 256, 0, 14, 64, 640 }, // U+008A
    { 16, 16, 256, 0, 14, 64, 704 }, // U+008B
    { 16, 16, 256, 0, 14, 64, 768 }, // U+008C
    { 16, 16, 256, 0, 14, 64, 832 }, // U+008D
    { 16, 16, 256, 0, 14, 64, 896 }, // U+008E
    { 16, 16, 256, 0, 14, 64, 960 }, // U+008F
    { 16, 16, 256, 0, 14, 64, 1024 }, // U+0090
    { 16, 16, 256, 0, 14, 64, 1088 }, // U+0091
    { 16, 16, 256, 0, 14, 64, 1152 }, // U+0092
    { 16, 16, 256, 0, 14, 64, 1216 }, // U+0093
    { 16, 16, 256, 0, 14, 64, 1280 }, // U+0094
    { 16, 16, 256, 0, 14, 64, 1344 }, // U+0095
    { 16, 16, 256, 0, 14, 64, 1408 }, // U+0096
    { 16, 16, 256, 0, 14, 64, 1472 }, // U+0097
    { 16, 16, 256, 0, 14, 64, 1536 }, // U+0098
    { 16, 16, 256, 0, 14, 64, 1600 }, // U+0099
    { 16, 16, 256, 0, 14, 64, 1664 }, // U+009A
    { 16, 16, 256, 0, 14, 64, 1728 }, // U+009B
    { 16, 16, 256, 0, 14, 64, 1792 }, // U+009C
    { 16, 16, 256, 0, 14, 64, 1856 }, // U+009D
    { 16, 16, 256, 0, 14, 64, 1920 }, // U+009E
    { 16, 16, 256, 0, 14, 64, 1984 }, // U+009F
    { 1, 1, 80, 0, 1, 1, 2048 }, // U+00A0
    { 3, 14, 96, 2, 10, 11, 2049 }, // U+00A1
    { 8, 14, 160, 1, 12, 28, 2060 }, // U+00A2
    { 10, 13, 176, 0, 13, 33, 2088 }, // U+00A3
    { 9, 8, 176, 1, 10, 18, 2121 }, // U+00A4
    { 9, 13, 160, 0, 13, 30, 2139 }, // U+00A5
    { 2, 18, 80, 1, 14, 9, 2169 }, // U+00A6
    { 9, 18, 160, 0, 14, 41, 2178 }, // U+00A7
    { 5, 2, 112, 1, 14, 3, 2219 }, // U+00A8
    { 14, 14, 240, 1, 14, 49, 2222 }, // U+00A9
    { 6, 9, 128, 1, 14, 14, 2271 }, // U+00AA
    { 10, 8, 176, 0, 9, 20, 2285 }, // U+00AB
    { 9, 5, 176, 1, 8, 12, 2305 }, // U+00AC
    { 5, 3, 96, 0, 7, 4, 2317 }, // U+00AD
    { 13, 14, 240, 1, 14, 46, 2321 }, // U+00AE
    { 5, 2, 112, 1, 14, 3, 2367 }, // U+00AF
    { 6, 6, 112, 0, 13, 9, 2370 }, // U+00B0
    { 9, 9, 176, 1, 9, 21, 2379 }, // U+00B1
    { 6, 8, 96, 0, 13, 12, 2400 }, // U+00B2
    { 6, 8, 96, 0, 13, 12, 2412 }, // U+00B3
    { 5, 3, 80, 0, 14, 4, 2424 }, // U+00B4
    { 9, 14, 176, 1, 10, 32, 2428 }, // U+00B5
    { 9, 18, 160, 0, 14, 41, 2460 }, // U+00B6
    { 2, 2, 80, 1, 8, 1, 2501 }, // U+00B7
    { 5, 5, 112, 1, 0, 7, 2502 }, // U+00B8
    { 4, 8, 96, 0, 13, 8, 2509 }, // U+00B9
    { 6, 9, 128, 1, 14, 14, 2517 }, // U+00BA
    { 10, 8, 176, 0, 9, 20, 2531 }, // U+00BB
    { 14, 13, 240, 0, 13, 46, 2551 }, // U+00BC
    { 15, 13, 240, 0, 13, 49, 2597 }, // U+00BD
    { 14, 13, 240, 0, 13, 46, 2646 }, // U+00BE
    { 8, 14, 160, 1, 10, 28, 2692 }, // U+00BF
    { 12, 18, 224, 1, 18, 54, 2720 }, // U+00C0
    { 12, 18, 224, 1, 18, 54, 2774 }, // U+00C1
    { 12, 18, 224, 1, 18, 54, 2828 }, // U+00C2
    { 12, 18, 224, 1, 18, 54, 2882 }, // U+00C3
    { 12, 18, 224, 1, 18, 54, 2936 }, // U+00C4
    { 12, 18, 224, 1, 18, 54, 2990 }, // U+00C5
    { 16, 14, 288, 1, 14, 56, 3044 }, // U+00C6
    { 12, 19, 224, 1, 14, 57, 3100 }, // U+00C7
    { 10, 18, 208, 2, 18, 45, 3157 }, // U+00C8
    { 10, 18, 208, 2, 18, 45, 3202 }, // U+00C9
    { 10, 18, 208, 2, 18, 45, 3247 }, // U+00CA
    { 10, 18, 208, 2, 18, 45, 3292 }, // U+00CB
    { 5, 18, 80, -1, 18, 23, 3337 }, // U+00CC
    { 5, 18, 80, 1, 18, 23, 3360 }, // U+00CD
    { 7, 18, 80, -1, 18, 32, 3383 }, // U+00CE
    { 6, 18, 80, 0, 18, 27, 3415 }, // U+00CF
    { 14, 14, 224, -1, 14, 49, 3442 }, // U+00D0
    { 12, 18, 224, 1, 18, 54, 3491 }, // U+00D1
    { 13, 18, 240, 1, 18, 59, 3545 }, // U+00D2
    { 13, 18, 240, 1, 18, 59, 3604 }, // U+00D3
    { 13, 18, 240, 1, 18, 59, 3663 }, // U+00D4
    { 13, 18, 240, 1, 18, 59, 3722 }, // U+00D5
    { 13, 18, 240, 1, 18, 59, 3781 }, // U+00D6
    { 10, 8, 176, 0, 9, 20, 3840 }, // U+00D7
    { 15, 14, 240, 0, 14, 53, 3860 }, // U+00D8
    { 12, 18, 224, 1, 18, 54, 3913 }, // U+00D9
    { 12, 18, 224, 1, 18, 54, 3967 }, // U+00DA
    { 12, 18, 224, 1, 18, 54, 4021 }, // U+00DB
    { 12, 18, 224, 1, 18, 54, 4075 }, // U+00DC
    { 13, 18, 208, 0, 18, 59, 4129 }, // U+00DD
    { 11, 14, 208, 1, 14, 39, 4188 }, // U+00DE
    { 8, 14, 160, 1, 14, 28, 4227 }, // U+00DF
    { 10, 14, 176, 1, 14, 35, 4255 }, // U+00E0
    { 10, 14, 176, 1, 14, 35, 4290 }, // U+00E1
    { 10, 14, 176, 1, 14, 35, 4325 }, // U+00E2
    { 10, 14, 176, 1, 14, 35, 4360 }, // U+00E3
    { 10, 14, 176, 1, 14, 35, 4395 }, // U+00E4
    { 10, 14, 176, 1, 14, 35, 4430 }, // U+00E5
    { 14, 10, 256, 1, 10, 35, 4465 }, // U+00E6
    { 9, 15, 160, 1, 10, 34, 4500 }, // U+00E7
    { 9, 14, 176, 1, 14, 32, 4534 }, // U+00E8
    { 9, 14, 176, 1, 14, 32, 4566 }, // U+00E9
    { 9, 14, 176, 1, 14, 32, 4598 }, // U+00EA
    { 9, 14, 176, 1, 14, 32, 4630 }, // U+00EB
    { 5, 14, 80, -1, 14, 18, 4662 }, // U+00EC
    { 5, 14, 80, 1, 14, 18, 4680 }, // U+00ED
    { 7, 14, 80, -1, 14, 25, 4698 }, // U+00EE
    { 5, 14, 80, 0, 14, 18, 4723 }, // U+00EF
    { 10, 14, 192, 1, 14, 35, 4741 }, // U+00F0
    { 9, 14, 176, 1, 14, 32, 4776 }, // U+00F1
    { 10, 14, 192, 1, 14, 35, 4808 }, // U+00F2
    { 10, 14, 192, 1, 14, 35, 4843 }, // U+00F3
    { 10, 14, 192, 1, 14, 35, 4878 }, // U+00F4
    { 10, 14, 192, 1, 14, 35, 4913 }, // U+00F5
    { 10, 14, 192, 1, 14, 35, 4948 }, // U+00F6
    { 9, 8, 176, 1, 9, 18, 4983 }, // U+00F7
    { 12, 10, 192, 0, 10, 30, 5001 }, // U+00F8
    { 9, 14, 176, 1, 14, 32, 5031 }, // U+00F9
    { 9, 14, 176, 1, 14, 32, 5063 }, // U+00FA
    { 9, 14, 176, 1, 14, 32, 5095 }, // U+00FB
    { 9, 14, 176, 1, 14, 32, 5127 }, // U+00FC
    { 9, 18, 176, 1, 14, 41, 5159 }, // U+00FD
    { 10, 18, 192, 1, 14, 45, 5200 }, // U+00FE
    { 9, 18, 176, 1, 14, 41, 5245 }, // U+00FF
    { 12, 17, 224, 1, 17, 51, 0 }, // U+0100
    { 10, 13, 176, 1, 13, 33, 51 }, // U+0101
    { 12, 18, 224, 1, 18, 54, 84 }, // U+0102
    { 10, 14, 176, 1, 14, 35, 138 }, // U+0103
    { 12, 19, 224, 1, 14, 57, 173 }, // U+0104
    { 10, 15, 176, 1, 10, 38, 230 }, // U+0105
    { 12, 18, 224, 1, 18, 54, 268 }, // U+0106
    { 9, 14, 176, 1, 14, 32, 322 }, // U+0107
    { 12, 18, 224, 1, 18, 54, 354 }, // U+0108
    { 9, 14, 176, 1, 14, 32, 408 }, // U+0109
    { 12, 17, 224, 1, 17, 51, 440 }, // U+010A
    { 9, 13, 176, 1, 13, 30, 491 }, // U+010B
    { 12, 18, 224, 1, 18, 54, 521 }, // U+010C
    { 9, 14, 176, 1, 14, 32, 575 }, // U+010D
    { 12, 18, 224, 1, 18, 54, 607 }, // U+010E
    { 14, 14, 256, 1, 14, 49, 661 }, // U+010F
    { 14, 14, 224, -1, 14, 49, 710 }, // U+0110
    { 10, 14, 192, 1, 14, 35, 759 }, // U+0111
    { 10, 17, 208, 2, 17, 43, 794 }, // U+0112
    { 9, 13, 176, 1, 13, 30, 837 }, // U+0113
    { 10, 18, 208, 2, 18, 45, 867 }, // U+0114
    { 9, 14, 176, 1, 14, 32, 912 }, // U+0115
    { 10, 17, 208, 2, 17, 43, 944 }, // U+0116
    { 9, 13, 176, 1, 13, 30, 987 }, // U+0117
    { 10, 19, 208, 2, 14, 48, 1017 }, // U+0118
    { 9, 15, 176, 1, 10, 34, 1065 }, // U+0119
    { 10, 18, 208, 2, 18, 45, 1099 }, // U+011A
    { 9, 14, 176, 1, 14, 32, 1144 }, // U+011B
    { 12, 18, 240, 1, 18, 54, 1176 }, // U+011C
    { 10, 18, 192, 1, 14, 45, 1230 }, // U+011D
    { 12, 18, 240, 1, 18, 54, 1275 }, // U+011E
    { 10, 18, 192, 1, 14, 45, 1329 }, // U+011F
    { 12, 17, 240, 1, 17, 51, 1374 }, // U+0120
    { 10, 17, 192, 1, 13, 43, 1425 }, // U+0121
    { 12, 21, 240, 1, 14, 63, 1468 }, // U+0122
    { 10, 20, 192, 1, 16, 50, 1531 }, // U+0123
    { 12, 18, 224, 1, 18, 54, 1581 }, // U+0124
    { 10, 18, 176, 0, 18, 45, 1635 }, // U+0125
    { 12, 14, 224, 1, 14, 42, 1680 }, // U+0126
    { 9, 14, 176, 1, 14, 32, 1722 }, // U+0127
    { 7, 18, 80, -1, 18, 32, 1754 }, // U+0128
    { 7, 14, 80, -1, 14, 25, 1786 }, // U+0129
    { 5, 17, 80, 0, 17, 22, 1811 }, // U+012A
    { 5, 13, 80, 0, 13, 17, 1833 }, // U+012B
    { 7, 18, 80, -1, 18, 32, 1850 }, // U+012C
    { 7, 14, 80, -1, 14, 25, 1882 }, // U+012D
    { 6, 19, 80, 0, 14, 29, 1907 }, // U+012E
    { 6, 19, 80, 0, 14, 29, 1936 }, // U+012F
    { 3, 17, 80, 1, 17, 13, 1965 }, // U+0130
    { 3, 10, 80, 1, 10, 8, 1978 }, // U+0131
    { 13, 14, 240, 1, 14, 46, 1986 }, // U+0132
    { 8, 18, 160, 1, 14, 36, 2032 }, // U+0133
    { 10, 18, 160, 0, 18, 45, 2068 }, // U+0134
    { 7, 18, 80, -1, 14, 32, 2113 }, // U+0135
    { 13, 21, 224, 1, 14, 69, 2145 }, // U+0136
    { 9, 21, 160, 1, 14, 48, 2214 }, // U+0137
    { 9, 10, 160, 1, 10, 23, 2262 }, // U+0138
    { 9, 18, 176, 1, 18, 41, 2285 }, // U+0139
    { 5, 18, 80, 1, 18, 23, 2326 }, // U+013A
    { 9, 21, 176, 1, 14, 48, 2349 }, // U+013B
    { 3, 21, 80, 1, 14, 16, 2397 }, // U+013C
    { 13, 14, 240, 1, 14, 46, 2413 }, // U+013D
    { 8, 14, 160, 1, 14, 28, 2459 }, // U+013E
    { 12, 14, 240, 1, 14, 42, 2487 }, // U+013F
    { 7, 14, 160, 1, 14, 25, 2529 }, // U+0140
    { 10, 14, 176, 0, 14, 35, 2554 }, // U+0141
    { 5, 14, 80, 0, 14, 18, 2589 }, // U+0142
    { 12, 18, 224, 1, 18, 54, 2607 }, // U+0143
    { 9, 14, 176, 1, 14, 32, 2661 }, // U+0144
    { 12, 21, 224, 1, 14, 63, 2693 }, // U+0145
    { 9, 17, 176, 1, 10, 39, 2756 }, // U+0146
    { 12, 18, 224, 1, 18, 54, 2795 }, // U+0147
    { 9, 14, 176, 1, 14, 32, 2849 }, // U+0148
    { 14, 14, 256, 1, 14, 49, 2881 }, // U+0149
    { 12, 18, 224, 1, 14, 54, 2930 }, // U+014A
    { 9, 14, 176, 1, 10, 32, 2984 }, // U+014B
    { 13, 17, 240, 1, 17, 56, 3016 }, // U+014C
    { 10, 13, 192, 1, 13, 33, 3072 }, // U+014D
    { 13, 18, 240, 1, 18, 59, 3105 }, // U+014E
    { 10, 14, 192, 1, 14, 35, 3164 }, // U+014F
    { 13, 18, 240, 1, 18, 59, 3199 }, // U+0150
    { 10, 14, 192, 1, 14, 35, 3258 }, // U+0151
    { 17, 14, 304, 1, 14, 60, 3293 }, // U+0152
    { 16, 10, 288, 1, 10, 40, 3353 }, // U+0153
    { 12, 18, 224, 1, 18, 54, 3393 }, // U+0154
    { 6, 14, 112, 1, 14, 21, 3447 }, // U+0155
    { 12, 21, 224, 1, 14, 63, 3468 }, // U+0156
    { 6, 17, 112, 1, 10, 26, 3531 }, // U+0157
    { 12, 18, 224, 1, 18, 54, 3557 }, // U+0158
    { 7, 14, 112, 0, 14, 25, 3611 }, // U+0159
    { 11, 18, 208, 1, 18, 50, 3636 }, // U+015A
    { 9, 14, 176, 1, 14, 32, 3686 }, // U+015B
    { 11, 18, 208, 1, 18, 50, 3718 }, // U+015C
    { 9, 14, 176, 1, 14, 32, 3768 }, // U+015D
    { 11, 19, 208, 1, 14, 53, 3800 }, // U+015E
    { 9, 15, 176, 1, 10, 34, 3853 }, // U+015F
    { 10, 14, 192, 1, 14, 35, 3887 }, // U+0160
    { 8, 14, 160, 1, 14, 28, 3922 }, // U+0161
    { 11, 19, 176, 0, 14, 53, 3950 }, // U+0162
    { 6, 18, 96, 0, 13, 27, 4003 }, // U+0163
    { 11, 18, 176, 0, 18, 50, 4030 }, // U+0164
    { 10, 14, 176, 0, 14, 35, 4080 }, // U+0165
    { 11, 14, 176, 0, 14, 39, 4115 }, // U+0166
    { 6, 13, 96, 0, 13, 20, 4154 }, // U+0167
    { 12, 18, 224, 1, 18, 54, 4174 }, // U+0168
    { 9, 14, 176, 1, 14, 32, 4228 }, // U+0169
    { 12, 17, 224, 1, 17, 51, 4260 }, // U+016A
    { 9, 13, 176, 1, 13, 30, 4311 }, // U+016B
    { 12, 18, 224, 1, 18, 54, 4341 }, // U+016C
    { 9, 14, 176, 1, 14, 32, 4395 }, // U+016D
    { 12, 19, 224, 1, 19, 57, 4427 }, // U+016E
    { 9, 15, 176, 1, 15, 34, 4484 }, // U+016F
    { 12, 18, 224, 1, 18, 54, 4518 }, // U+0170
    { 9, 14, 176, 1, 14, 32, 4572 }, // U+0171
    { 12, 19, 224, 1, 14, 57, 4604 }, // U+0172
    { 9, 15, 176, 1, 10, 34, 4661 }, // U+0173
    { 15, 18, 272, 1, 18, 68, 4695 }, // U+0174
    { 15, 14, 240, 0, 14, 53, 4763 }, // U+0175
    { 13, 18, 208, 0, 18, 59, 4816 }, // U+0176
    { 9, 18, 176, 1, 14, 41, 4875 }, // U+0177
    { 11, 13, 208, 1, 13, 36, 4916 }, // U+0178
    { 10, 18, 192, 1, 18, 45, 4952 }, // U+0179
    { 8, 14, 160, 1, 14, 28, 4997 }, // U+017A
    { 10, 17, 192, 1, 17, 43, 5025 }, // U+017B
    { 8, 13, 160, 1, 13, 26, 5068 }, // U+017C
    { 10, 14, 176, 0, 14, 35, 5094 }, // U+017D
    { 8, 14, 160, 1, 14, 28, 5129 }, // U+017E
    { 8, 16, 128, 0, 14, 32, 5157 }, // U+017F
    { 15, 14, 240, 1, 14, 53, 0 }, // U+01A0
    { 12, 10, 192, 1, 10, 30, 53 }, // U+01A1
    { 14, 14, 224, 1, 14, 49, 83 }, // U+01AF
    { 11, 10, 176, 1, 10, 28, 132 }, // U+01B0
    { 8, 16, 128, 0, 14, 32, 160 }, // U+01C4
    { 8, 16, 128, 0, 14, 32, 192 }, // U+01C5
    { 8, 16, 128, 0, 14, 32, 224 }, // U+01C6
    { 8, 16, 128, 0, 14, 32, 256 }, // U+01C7
    { 8, 16, 128, 0, 14, 32, 288 }, // U+01C8
    { 8, 16, 128, 0, 14, 32, 320 }, // U+01C9
    { 8, 16, 128, 0, 14, 32, 352 }, // U+01CA
    { 8, 16, 128, 0, 14, 32, 384 }, // U+01CB
    { 8, 16, 128, 0, 14, 32, 416 }, // U+01CC
    { 12, 18, 224, 1, 18, 54, 448 }, // U+01CD
    { 10, 14, 176, 1, 14, 35, 502 }, // U+01CE
    { 7, 18, 80, -1, 18, 32, 537 }, // U+01CF
    { 7, 14, 80, -1, 14, 25, 569 }, // U+01D0
    { 13, 18, 240, 1, 18, 59, 594 }, // U+01D1
    { 10, 14, 192, 1, 14, 35, 653 }, // U+01D2
    { 12, 18, 224, 1, 18, 54, 688 }, // U+01D3
    { 9, 14, 176, 1, 14, 32, 742 }, // U+01D4
    { 12, 21, 224, 1, 21, 63, 774 }, // U+01D5
    { 9, 17, 176, 1, 17, 39, 837 }, // U+01D6
    { 12, 22, 224, 1, 22, 66, 876 }, // U+01D7
    { 9, 18, 176, 1, 18, 41, 942 }, // U+01D8
    { 12, 22, 224, 1, 22, 66, 983 }, // U+01D9
    { 9, 18, 176, 1, 18, 41, 1049 }, // U+01DA
    { 12, 22, 224, 1, 22, 66, 1090 }, // U+01DB
    { 9, 18, 176, 1, 18, 41, 1156 }, // U+01DC
    { 9, 10, 176, 1, 10, 23, 1197 }, // U+01DD
    { 12, 21, 224, 1, 21, 63, 1220 }, // U+01DE
    { 10, 17, 176, 1, 17, 43, 1283 }, // U+01DF
    { 12, 20, 224, 1, 20, 60, 1326 }, // U+01E0
    { 10, 16, 176, 1, 16, 40, 1386 }, // U+01E1
    { 16, 17, 288, 1, 17, 68, 1426 }, // U+01E2
    { 14, 13, 256, 1, 13, 46, 1494 }, // U+01E3
    { 12, 14, 240, 1, 14, 42, 1540 }, // U+01E4
    { 10, 14, 192, 1, 10, 35, 1582 }, // U+01E5
    { 12, 18, 240, 1, 18, 54, 1617 }, // U+01E6
    { 10, 18, 192, 1, 14, 45, 1671 }, // U+01E7
    { 13, 18, 224, 1, 18, 59, 1716 }, // U+01E8
    { 10, 18, 160, 0, 18, 45, 1775 }, // U+01E9
    { 13, 19, 240, 1, 14, 62, 1820 }, // U+01EA
    { 10, 15, 192, 1, 10, 38, 1882 }, // U+01EB
    { 13, 22, 240, 1, 17, 72, 1920 }, // U+01EC
    { 10, 18, 192, 1, 13, 45, 1992 }, // U+01ED
    { 8, 16, 128, 0, 14, 32, 2037 }, // U+01EE
    { 8, 16, 128, 0, 14, 32, 2069 }, // U+01EF
    { 7, 18, 80, -1, 14, 32, 2101 }, // U+01F0
    { 8, 16, 128, 0, 14, 32, 2133 }, // U+01F1
    { 8, 16, 128, 0, 14, 32, 2165 }, // U+01F2
    { 8, 16, 128, 0, 14, 32, 2197 }, // U+01F3
    { 12, 18, 240, 1, 18, 54, 2229 }, // U+01F4
    { 10, 18, 192, 1, 14, 45, 2283 }, // U+01F5
    { 8, 16, 128, 0, 14, 32, 2328 }, // U+01F6
    { 8, 16, 128, 0, 14, 32, 2360 }, // U+01F7
    { 12, 18, 224, 1, 18, 54, 2392 }, // U+01F8
    { 9, 14, 176, 1, 14, 32, 2446 }, // U+01F9
    { 12, 22, 224, 1, 22, 66, 2478 }, // U+01FA
    { 10, 18, 176, 1, 18, 45, 2544 }, // U+01FB
    { 16, 18, 288, 1, 18, 72, 2589 }, // U+01FC
    { 14, 14, 256, 1, 14, 49, 2661 }, // U+01FD
    { 15, 18, 240, 0, 18, 68, 2710 }, // U+01FE
    { 12, 14, 192, 0, 14, 42, 2778 }, // U+01FF
    { 12, 18, 224, 1, 18, 54, 2820 }, // U+0200
    { 10, 14, 176, 1, 14, 35, 2874 }, // U+0201
    { 12, 18, 224, 1, 18, 54, 2909 }, // U+0202
    { 10, 14, 176, 1, 14, 35, 2963 }, // U+0203
    { 10, 18, 208, 2, 18, 45, 2998 }, // U+0204
    { 9, 14, 176, 1, 14, 32, 3043 }, // U+0205
    { 10, 18, 208, 2, 18, 45, 3075 }, // U+0206
    { 9, 14, 176, 1, 14, 32, 3120 }, // U+0207
    { 7, 18, 80, -2, 18, 32, 3152 }, // U+0208
    { 7, 14, 80, -2, 14, 25, 3184 }, // U+0209
    { 7, 18, 80, -1, 18, 32, 3209 }, // U+020A
    { 7, 14, 80, -1, 14, 25, 3241 }, // U+020B
    { 13, 18, 240, 1, 18, 59, 3266 }, // U+020C
    { 10, 14, 192, 1, 14, 35, 3325 }, // U+020D
    { 13, 18, 240, 1, 18, 59, 3360 }, // U+020E
    { 10, 14, 192, 1, 14, 35, 3419 }, // U+020F
    { 12, 18, 224, 1, 18, 54, 3454 }, // U+0210
    { 7, 14, 112, 0, 14, 25, 3508 }, // U+0211
    { 12, 18, 224, 1, 18, 54, 3533 }, // U+0212
    { 7, 14, 112, 0, 14, 25, 3587 }, // U+0213
    { 12, 18, 224, 1, 18, 54, 3612 }, // U+0214
    { 9, 14, 176, 1, 14, 32, 3666 }, // U+0215
    { 12, 18, 224, 1, 18, 54, 3698 }, // U+0216
    { 9, 14, 176, 1, 14, 32, 3752 }, // U+0217
    { 11, 21, 208, 1, 14, 58, 3784 }, // U+0218
    { 9, 17, 176, 1, 10, 39, 3842 }, // U+0219
    { 11, 21, 176, 0, 14, 58, 3881 }, // U+021A
    { 6, 20, 96, 0, 13, 30, 3939 }, // U+021B
    { 8, 16, 128, 0, 14, 32, 3969 }, // U+021C
    { 8, 16, 128, 0, 14, 32, 4001 }, // U+021D
    { 12, 18, 224, 1, 18, 54, 4033 }, // U+021E
    { 10, 18, 176, 0, 18, 45, 4087 }, // U+021F
    { 8, 16, 128, 0, 14, 32, 0 }, // U+0300
    { 8, 16, 128, 0, 14, 32, 32 }, // U+0301
    { 8, 16, 128, 0, 14, 32, 64 }, // U+0302
    { 8, 16, 128, 0, 14, 32, 96 }, // U+0303
    { 8, 16, 128, 0, 14, 32, 128 }, // U+0304
    { 8, 16, 128, 0, 14, 32, 160 }, // U+0305
    { 8, 16, 128, 0, 14, 32, 192 }, // U+0306
    { 8, 16, 128, 0, 14, 32, 224 }, // U+0307
    { 8, 16, 128, 0, 14, 32, 256 }, // U+0308
    { 8, 16, 128, 0, 14, 32, 288 }, // U+0309
    { 8, 16, 128, 0, 14, 32, 320 }, // U+030A
    { 8, 16, 128, 0, 14, 32, 352 }, // U+030B
    { 8, 16, 128, 0, 14, 32, 384 }, // U+030C
    { 8, 16, 128, 0, 14, 32, 416 }, // U+030D
    { 8, 16, 128, 0, 14, 32, 448 }, // U+030E
    { 8, 16, 128, 0, 14, 32, 480 }, // U+030F
    { 8, 16, 128, 0, 14, 32, 512 }, // U+0310
    { 8, 16, 128, 0, 14, 32, 544 }, // U+0311
    { 8, 16, 128, 0, 14, 32, 576 }, // U+0312
    { 8, 16, 128, 0, 14, 32, 608 }, // U+0313
    { 8, 16, 128, 0, 14, 32, 640 }, // U+0314
    { 8, 16, 128, 0, 14, 32, 672 }, // U+0315
    { 8, 16, 128, 0, 14, 32, 704 }, // U+0316
    { 8, 16, 128, 0, 14, 32, 736 }, // U+0317
    { 8, 16, 128, 0, 14, 32, 768 }, // U+0318
    { 8, 16, 128, 0, 14, 32, 800 }, // U+0319
    { 8, 16, 128, 0, 14, 32, 832 }, // U+031A
    { 8, 16, 128, 0, 14, 32, 864 }, // U+031B
    { 8, 16, 128, 0, 14, 32, 896 }, // U+031C
    { 8, 16, 128, 0, 14, 32, 928 }, // U+031D
    { 8, 16, 128, 0, 14, 32, 960 }, // U+031E
    { 8, 16, 128, 0, 14, 32, 992 }, // U+031F
    { 8, 16, 128, 0, 14, 32, 1024 }, // U+0320
    { 8, 16, 128, 0, 14, 32, 1056 }, // U+0321
    { 8, 16, 128, 0, 14, 32, 1088 }, // U+0322
    { 8, 16, 128, 0, 14, 32, 1120 }, // U+0323
    { 8, 16, 128, 0, 14, 32, 1152 }, // U+0324
    { 8, 16, 128, 0, 14, 32, 1184 }, // U+0325
    { 8, 16, 128, 0, 14, 32, 1216 }, // U+0326
    { 8, 16, 128, 0, 14, 32, 1248 }, // U+0327
    { 8, 16, 128, 0, 14, 32, 1280 }, // U+0328
    { 8, 16, 128, 0, 14, 32, 1312 }, // U+0329
    { 8, 16, 128, 0, 14, 32, 1344 }, // U+032A
    { 8, 16, 128, 0, 14, 32, 1376 }, // U+032B
    { 8, 16, 128, 0, 14, 32, 1408 }, // U+032C
    { 8, 16, 128, 0, 14, 32, 1440 }, // U+032D
    { 8, 16, 128, 0, 14, 32, 1472 }, // U+032E
    { 8, 16, 128, 0, 14, 32, 1504 }, // U+032F
    { 8, 16, 128, 0, 14, 32, 1536 }, // U+0330
    { 8, 16, 128, 0, 14, 32, 1568 }, // U+0331
    { 8, 16, 128, 0, 14, 32, 1600 }, // U+0332
    { 8, 16, 128, 0, 14, 32, 1632 }, // U+0333
    { 8, 16, 128, 0, 14, 32, 1664 }, // U+0334
    { 8, 16, 128, 0, 14, 32, 1696 }, // U+0335
    { 8, 16, 128, 0, 14, 32, 1728 }, // U+0336
    { 8, 16, 128, 0, 14, 32, 1760 }, // U+0337
    { 8, 16, 128, 0, 14, 32, 1792 }, // U+0338
    { 8, 16, 128, 0, 14, 32, 1824 }, // U+0339
    { 8, 16, 128, 0, 14, 32, 1856 }, // U+033A
    { 8, 16, 128, 0, 14, 32, 1888 }, // U+033B
    { 8, 16, 128, 0, 14, 32, 1920 }, // U+033C
    { 8, 16, 128, 0, 14, 32, 1952 }, // U+033D
    { 8, 16, 128, 0, 14, 32, 1984 }, // U+033E
    { 8, 16, 128, 0, 14, 32, 2016 }, // U+033F
    { 8, 16, 128, 0, 14, 32, 2048 }, // U+0340
    { 8, 16, 128, 0, 14, 32, 2080 }, // U+0341
    { 8, 16, 128, 0, 14, 32, 2112 }, // U+0342
    { 8, 16, 128, 0, 14, 32, 2144 }, // U+0343
    { 8, 16, 128, 0, 14, 32, 2176 }, // U+0344
    { 8, 16, 128, 0, 14, 32, 2208 }, // U+0345
    { 8, 16, 128, 0, 14, 32, 2240 }, // U+0346
    { 8, 16, 128, 0, 14, 32, 2272 }, // U+0347
    { 8, 16, 128, 0, 14, 32, 2304 }, // U+0348
    { 8, 16, 128, 0, 14, 32, 2336 }, // U+0349
    { 8, 16, 128, 0, 14, 32, 2368 }, // U+034A
    { 8, 16, 128, 0, 14, 32, 2400 }, // U+034B
    { 8, 16, 128, 0, 14, 32, 2432 }, // U+034C
    { 8, 16, 128, 0, 14, 32, 2464 }, // U+034D
    { 8, 16, 128, 0, 14, 32, 2496 }, // U+034E
    { 16, 16, 256, 0, 14, 64, 2528 }, // U+034F
    { 8, 16, 128, 0, 14, 32, 2592 }, // U+0350
    { 8, 16, 128, 0, 14, 32, 2624 }, // U+0351
    { 8, 16, 128, 0, 14, 32, 2656 }, // U+0352
    { 8, 16, 128, 0, 14, 32, 2688 }, // U+0353
    { 8, 16, 128, 0, 14, 32, 2720 }, // U+0354
    { 8, 16, 128, 0, 14, 32, 2752 }, // U+0355
    { 8, 16, 128, 0, 14, 32, 2784 }, // U+0356
    { 8, 16, 128, 0, 14, 32, 2816 }, // U+0357
    { 8, 16, 128, 0, 14, 32, 2848 }, // U+0358
    { 8, 16, 128, 0, 14, 32, 2880 }, // U+0359
    { 8, 16, 128, 0, 14, 32, 2912 }, // U+035A
    { 8, 16, 128, 0, 14, 32, 2944 }, // U+035B
    { 16, 16, 256, 0, 14, 64, 2976 }, // U+035C
    { 16, 16, 256, 0, 14, 64, 3040 }, // U+035D
    { 16, 16, 256, 0, 14, 64, 3104 }, // U+035E
    { 16, 16, 256, 0, 14, 64, 3168 }, // U+035F
    { 16, 16, 256, 0, 14, 64, 3232 }, // U+0360
    { 16, 16, 256, 0, 14, 64, 3296 }, // U+0361
    { 16, 16, 256, 0, 14, 64, 3360 }, // U+0362
    { 8, 16, 128, 0, 14, 32, 3424 }, // U+0363
    { 8, 16, 128, 0, 14, 32, 3456 }, // U+0364
    { 8, 16, 128, 0, 14, 32, 3488 }, // U+0365
    { 8, 16, 128, 0, 14, 32, 3520 }, // U+0366
    { 8, 16, 128, 0, 14, 32, 3552 }, // U+0367
    { 8, 16, 128, 0, 14, 32, 3584 }, // U+0368
    { 8, 16, 128, 0, 14, 32, 3616 }, // U+0369
    { 8, 16, 128, 0, 14, 32, 3648 }, // U+036A
    { 8, 16, 128, 0, 14, 32, 3680 }, // U+036B
    { 8, 16, 128, 0, 14, 32, 3712 }, // U+036C
    { 8, 16, 128, 0, 14, 32, 3744 }, // U+036D
    { 8, 16, 128, 0, 14, 32, 3776 }, // U+036E
    { 8, 16, 128, 0, 14, 32, 3808 }, // U+036F
    { 8, 16, 128, 0, 14, 32, 0 }, // U+0400
    { 8, 16, 128, 0, 14, 32, 32 }, // U+0401
    { 8, 16, 128, 0, 14, 32, 64 }, // U+0402
    { 8, 16, 128, 0, 14, 32, 96 }, // U+0403
    { 8, 16, 128, 0, 14, 32, 128 }, // U+0404
    { 8, 16, 128, 0, 14, 32, 160 }, // U+0405
    { 8, 16, 128, 0, 14, 32, 192 }, // U+0406
    { 8, 16, 128, 0, 14, 32, 224 }, // U+0407
    { 8, 16, 128, 0, 14, 32, 256 }, // U+0408
    { 8, 16, 128, 0, 14, 32, 288 }, // U+0409
    { 8, 16, 128, 0, 14, 32, 320 }, // U+040A
    { 8, 16, 128, 0, 14, 32, 352 }, // U+040B
    { 8, 16, 128, 0, 14, 32, 384 }, // U+040C
    { 8, 16, 128, 0, 14, 32, 416 }, // U+040D
    { 8, 16, 128, 0, 14, 32, 448 }, // U+040E
    { 8, 16, 128, 0, 14, 32, 480 }, // U+040F
    { 8, 16, 128, 0, 14, 32, 512 }, // U+0410
    { 8, 16, 128, 0, 14, 32, 544 }, // U+0411
    { 8, 16, 128, 0, 14, 32, 576 }, // U+0412
    { 8, 16, 128, 0, 14, 32, 608 }, // U+0413
    { 8, 16, 128, 0, 14, 32, 640 }, // U+0414
    { 8, 16, 128, 0, 14, 32, 672 }, // U+0415
    { 8, 16, 128, 0, 14, 32, 704 }, // U+0416
    { 8, 16, 128, 0, 14, 32, 736 }, // U+0417
    { 8, 16, 128, 0, 14, 32, 768 }, // U+0418
    { 8, 16, 128, 0, 14, 32, 800 }, // U+0419
    { 8, 16, 128, 0, 14, 32, 832 }, // U+041A
    { 8, 16, 128, 0, 14, 32, 864 }, // U+041B
    { 8, 16, 128, 0, 14, 32, 896 }, // U+041C
    { 8, 16, 128, 0, 14, 32, 928 }, // U+041D
    { 8, 16, 128, 0, 14, 32, 960 }, // U+041E
    { 8, 16, 128, 0, 14, 32, 992 }, // U+041F
    { 8, 16, 128, 0, 14, 32, 1024 }, // U+0420
    { 8, 16, 128, 0, 14, 32, 1056 }, // U+0421
    { 8, 16, 128, 0, 14, 32, 1088 }, // U+0422
    { 8, 16, 128, 0, 14, 32, 1120 }, // U+0423
    { 8, 16, 128, 0, 14, 32, 1152 }, // U+0424
    { 8, 16, 128, 0, 14, 32, 1184 }, // U+0425
    { 8, 16, 128, 0, 14, 32, 1216 }, // U+0426
    { 8, 16, 128, 0, 14, 32, 1248 }, // U+0427
    { 8, 16, 128, 0, 14, 32, 1280 }, // U+0428
    { 8, 16, 128, 0, 14, 32, 1312 }, // U+0429
    { 8, 16, 128, 0, 14, 32, 1344 }, // U+042A
    { 8, 16, 128, 0, 14, 32, 1376 }, // U+042B
    { 8, 16, 128, 0, 14, 32, 1408 }, // U+042C
    { 8, 16, 128, 0, 14, 32, 1440 }, // U+042D
    { 8, 16, 128, 0, 14, 32, 1472 }, // U+042E
    { 8, 16, 128, 0, 14, 32, 1504 }, // U+042F
    { 8, 16, 128, 0, 14, 32, 1536 }, // U+0430
    { 8, 16, 128, 0, 14, 32, 1568 }, // U+0431
    { 8, 16, 128, 0, 14, 32, 1600 }, // U+0432
    { 8, 16, 128, 0, 14, 32, 1632 }, // U+0433
    { 8, 16, 128, 0, 14, 32, 1664 }, // U+0434
    { 8, 16, 128, 0, 14, 32, 1696 }, // U+0435
    { 8, 16, 128, 0, 14, 32, 1728 }, // U+0436
    { 8, 16, 128, 0, 14, 32, 1760 }, // U+0437
    { 8, 16, 128, 0, 14, 32, 1792 }, // U+0438
    { 8, 16, 128, 0, 14, 32, 1824 }, // U+0439
    { 8, 16, 128, 0, 14, 32, 1856 }, // U+043A
    { 8, 16, 128, 0, 14, 32, 1888 }, // U+043B
    { 8, 16, 128, 0, 14, 32, 1920 }, // U+043C
    { 8, 16, 128, 0, 14, 32, 1952 }, // U+043D
    { 8, 16, 128, 0, 14, 32, 1984 }, // U+043E
    { 8, 16, 128, 0, 14, 32, 2016 }, // U+043F
    { 8, 16, 128, 0, 14, 32, 2048 }, // U+0440
    { 8, 16, 128, 0, 14, 32, 2080 }, // U+0441
    { 8, 16, 128, 0, 14, 32, 2112 }, // U+0442
    { 8, 16, 128, 0, 14, 32, 2144 }, // U+0443
    { 8, 16, 128, 0, 14, 32, 2176 }, // U+0444
    { 8, 16, 128, 0, 14, 32, 2208 }, // U+0445
    { 8, 16, 128, 0, 14, 32, 2240 }, // U+0446
    { 8, 16, 128, 0, 14, 32, 2272 }, // U+0447
    { 8, 16, 128, 0, 14, 32, 2304 }, // U+0448
    { 8, 16, 128, 0, 14, 32, 2336 }, // U+0449
    { 8, 16, 128, 0, 14, 32, 2368 }, // U+044A
    { 8, 16, 128, 0, 14, 32, 2400 }, // U+044B
    { 8, 16, 128, 0, 14, 32, 2432 }, // U+044C
    { 8, 16, 128, 0, 14, 32, 2464 }, // U+044D
    { 8, 16, 128, 0, 14, 32, 2496 }, // U+044E
    { 8, 16, 128, 0, 14, 32, 2528 }, // U+044F
    { 8, 16, 128, 0, 14, 32, 2560 }, // U+0450
    { 8, 16, 128, 0, 14, 32, 2592 }, // U+0451
    { 8, 16, 128, 0, 14, 32, 2624 }, // U+0452
    { 8, 16, 128, 0, 14, 32, 2656 }, // U+0453
    { 8, 16, 128, 0, 14, 32, 2688 }, // U+0454
    { 8, 16, 128, 0, 14, 32, 2720 }, // U+0455
    { 8, 16, 128, 0, 14, 32, 2752 }, // U+0456
    { 8, 16, 128, 0, 14, 32, 2784 }, // U+0457
    { 8, 16, 128, 0, 14, 32, 2816 }, // U+0458
    { 8, 16, 128, 0, 14, 32, 2848 }, // U+0459
    { 8, 16, 128, 0, 14, 32, 2880 }, // U+045A
    { 8, 16, 128, 0, 14, 32, 2912 }, // U+045B
    { 8, 16, 128, 0, 14, 32, 2944 }, // U+045C
    { 8, 16, 128, 0, 14, 32, 2976 }, // U+045D
    { 8, 16, 128, 0, 14, 32, 3008 }, // U+045E
    { 8, 16, 128, 0, 14, 32, 3040 }, // U+045F
    { 8, 16, 128, 0, 14, 32, 3072 }, // U+0460
    { 8, 16, 128, 0, 14, 32, 3104 }, // U+0461
    { 8, 16, 128, 0, 14, 32, 3136 }, // U+0462
    { 8, 16, 128, 0, 14, 32, 3168 }, // U+0463
    { 8, 16, 128, 0, 14, 32, 3200 }, // U+0464
    { 8, 16, 128, 0, 14, 32, 3232 }, // U+0465
    { 8, 16, 128, 0, 14, 32, 3264 }, // U+0466
    { 8, 16, 128, 0, 14, 32, 3296 }, // U+0467
    { 8, 16, 128, 0, 14, 32, 3328 }, // U+0468
    { 8, 16, 128, 0, 14, 32, 3360 }, // U+0469
    { 8, 16, 128, 0, 14, 32, 3392 }, // U+046A
    { 8, 16, 128, 0, 14, 32, 3424 }, // U+046B
    { 8, 16, 128, 0, 14, 32, 3456 }, // U+046C
    { 8, 16, 128, 0, 14, 32, 3488 }, // U+046D
    { 8, 16, 128, 0, 14, 32, 3520 }, // U+046E
    { 8, 16, 128, 0, 14, 32, 3552 }, // U+046F
    { 8, 16, 128, 0, 14, 32, 3584 }, // U+0470
    { 8, 16, 128, 0, 14, 32, 3616 }, // U+0471
    { 8, 16, 128, 0, 14, 32, 3648 }, // U+0472
    { 8, 16, 128, 0, 14, 32, 3680 }, // U+0473
    { 8, 16, 128, 0, 14, 32, 3712 }, // U+0474
    { 8, 16, 128, 0, 14, 32, 3744 }, // U+0475
    { 8, 16, 128, 0, 14, 32, 3776 }, // U+0476
    { 8, 16, 128, 0, 14, 32, 3808 }, // U+0477
    { 8, 16, 128, 0, 14, 32, 3840 }, // U+0478
    { 8, 16, 128, 0, 14, 32, 3872 }, // U+0479
    { 8, 16, 128, 0, 14, 32, 3904 }, // U+047A
    { 8, 16, 128, 0, 14, 32, 3936 }, // U+047B
    { 8, 16, 128, 0, 14, 32, 3968 }, // U+047C
    { 8, 16, 128, 0, 14, 32, 4000 }, // U+047D
    { 8, 16, 128, 0, 14, 32, 4032 }, // U+047E
    { 8, 16, 128, 0, 14, 32, 4064 }, // U+047F
    { 8, 16, 128, 0, 14, 32, 4096 }, // U+0480
    { 8, 16, 128, 0, 14, 32, 4128 }, // U+0481
    { 8, 16, 128, 0, 14, 32, 4160 }, // U+0482
    { 8, 16, 128, 0, 14, 32, 4192 }, // U+0483
    { 8, 16, 128, 0, 14, 32, 4224 }, // U+0484
    { 8, 16, 128, 0, 14, 32, 4256 }, // U+0485
    { 8, 16, 128, 0, 14, 32, 4288 }, // U+0486
    { 8, 16, 128, 0, 14, 32, 4320 }, // U+0487
    { 16, 16, 256, 0, 14, 64, 4352 }, // U+0488
    { 16, 16, 256, 0, 14, 64, 4416 }, // U+0489
    { 8, 16, 128, 0, 14, 32, 4480 }, // U+048A
    { 8, 16, 128, 0, 14, 32, 4512 }, // U+048B
    { 8, 16, 128, 0, 14, 32, 4544 }, // U+048C
    { 8, 16, 128, 0, 14, 32, 4576 }, // U+048D
    { 8, 16, 128, 0, 14, 32, 4608 }, // U+048E
    { 8, 16, 128, 0, 14, 32, 4640 }, // U+048F
    { 8, 16, 128, 0, 14, 32, 4672 }, // U+0490
    { 8, 16, 128, 0, 14, 32, 4704 }, // U+0491
    { 8, 16, 128, 0, 14, 32, 4736 }, // U+0492
    { 8, 16, 128, 0, 14, 32, 4768 }, // U+0493
    { 8, 16, 128, 0, 14, 32, 4800 }, // U+0494
    { 8, 16, 128, 0, 14, 32, 4832 }, // U+0495
    { 8, 16, 128, 0, 14, 32, 4864 }, // U+0496
    { 8, 16, 128, 0, 14, 32, 4896 }, // U+0497
    { 8, 16, 128, 0, 14, 32, 4928 }, // U+0498
    { 8, 16, 128, 0, 14, 32, 4960 }, // U+0499
    { 8, 16, 128, 0, 14, 32, 4992 }, // U+049A
    { 8, 16, 128, 0, 14, 32, 5024 }, // U+049B
    { 8, 16, 128, 0, 14, 32, 5056 }, // U+049C
    { 8, 16, 128, 0, 14, 32, 5088 }, // U+049D
    { 8, 16, 128, 0, 14, 32, 5120 }, // U+049E
    { 8, 16, 128, 0, 14, 32, 5152 }, // U+049F
    { 8, 16, 128, 0, 14, 32, 5184 }, // U+04A0
    { 8, 16, 128, 0, 14, 32, 5216 }, // U+04A1
    { 8, 16, 128, 0, 14, 32, 5248 }, // U+04A2
    { 8, 16, 128, 0, 14, 32, 5280 }, // U+04A3
    { 8, 16, 128, 0, 14, 32, 5312 }, // U+04A4
    { 8, 16, 128, 0, 14, 32, 5344 }, // U+04A5
    { 8, 16, 128, 0, 14, 32, 5376 }, // U+04A6
    { 8, 16, 128, 0, 14, 32, 5408 }, // U+04A7
    { 8, 16, 128, 0, 14, 32, 5440 }, // U+04A8
    { 8, 16, 128, 0, 14, 32, 5472 }, // U+04A9
    { 8, 16, 128, 0, 14, 32, 5504 }, // U+04AA
    { 8, 16, 128, 0, 14, 32, 5536 }, // U+04AB
    { 8, 16, 128, 0, 14, 32, 5568 }, // U+04AC
    { 8, 16, 128, 0, 14, 32, 5600 }, // U+04AD
    { 8, 16, 128, 0, 14, 32, 5632 }, // U+04AE
    { 8, 16, 128, 0, 14, 32, 5664 }, // U+04AF
    { 8, 16, 128, 0, 14, 32, 5696 }, // U+04B0
    { 8, 16, 128, 0, 14, 32, 5728 }, // U+04B1
    { 8, 16, 128, 0, 14, 32, 5760 }, // U+04B2
    { 8, 16, 128, 0, 14, 32, 5792 }, // U+04B3
    { 8, 16, 128, 0, 14, 32, 5824 }, // U+04B4
    { 8, 16, 128, 0, 14, 32, 5856 }, // U+04B5
    { 8, 16, 128, 0, 14, 32, 5888 }, // U+04B6
    { 8, 16, 128, 0, 14, 32, 5920 }, // U+04B7
    { 8, 16, 128, 0, 14, 32, 5952 }, // U+04B8
    { 8, 16, 128, 0, 14, 32, 5984 }, // U+04B9
    { 8, 16, 128, 0, 14, 32, 6016 }, // U+04BA
    { 8, 16, 128, 0, 14, 32, 6048 }, // U+04BB
    { 8, 16, 128, 0, 14, 32, 6080 }, // U+04BC
    { 8, 16, 128, 0, 14, 32, 6112 }, // U+04BD
    { 8, 16, 128, 0, 14, 32, 6144 }, // U+04BE
    { 8, 16, 128, 0, 14, 32, 6176 }, // U+04BF
    { 8, 16, 128, 0, 14, 32, 6208 }, // U+04C0
    { 8, 16, 128, 0, 14, 32, 6240 }, // U+04C1
    { 8, 16, 128, 0, 14, 32, 6272 }, // U+04C2
    { 8, 16, 128, 0, 14, 32, 6304 }, // U+04C3
    { 8, 16, 128, 0, 14, 32, 6336 }, // U+04C4
    { 8, 16, 128, 0, 14, 32, 6368 }, // U+04C5
    { 8, 16, 128, 0, 14, 32, 6400 }, // U+04C6
    { 8, 16, 128, 0, 14, 32, 6432 }, // U+04C7
    { 8, 16, 128, 0, 14, 32, 6464 }, // U+04C8
    { 8, 16, 128, 0, 14, 32, 6496 }, // U+04C9
    { 8, 16, 128, 0, 14, 32, 6528 }, // U+04CA
    { 8, 16, 128, 0, 14, 32, 6560 }, // U+04CB
    { 8, 16, 128, 0, 14, 32, 6592 }, // U+04CC
    { 8, 16, 128, 0, 14, 32, 6624 }, // U+04CD
    { 8, 16, 128, 0, 14, 32, 6656 }, // U+04CE
    { 8, 16, 128, 0, 14, 32, 6688 }, // U+04CF
    { 8, 16, 128, 0, 14, 32, 6720 }, // U+04D0
    { 8, 16, 128, 0, 14, 32, 6752 }, // U+04D1
    { 8, 16, 128, 0, 14, 32, 6784 }, // U+04D2
    { 8, 16, 128, 0, 14, 32, 6816 }, // U+04D3
    { 8, 16, 128, 0, 14, 32, 6848 }, // U+04D4
    { 8, 16, 128, 0, 14, 32, 6880 }, // U+04D5
    { 8, 16, 128, 0, 14, 32, 6912 }, // U+04D6
    { 8, 16, 128, 0, 14, 32, 6944 }, // U+04D7
    { 8, 16, 128, 0, 14, 32, 6976 }, // U+04D8
    { 8, 16, 128, 0, 14, 32, 7008 }, // U+04D9
    { 8, 16, 128, 0, 14, 32, 7040 }, // U+04DA
    { 8, 16, 128, 0, 14, 32, 7072 }, // U+04DB
    { 8, 16, 128, 0, 14, 32, 7104 }, // U+04DC
    { 8, 16, 128, 0, 14, 32, 7136 }, // U+04DD
    { 8, 16, 128, 0, 14, 32, 7168 }, // U+04DE
    { 8, 16, 128, 0, 14, 32, 7200 }, // U+04DF
    { 8, 16, 128, 0, 14, 32, 7232 }, // U+04E0
    { 8, 16, 128, 0, 14, 32, 7264 }, // U+04E1
    { 8, 16, 128, 0, 14, 32, 7296 }, // U+04E2
    { 8, 16, 128, 0, 14, 32, 7328 }, // U+04E3
    { 8, 16, 128, 0, 14, 32, 7360 }, // U+04E4
    { 8, 16, 128, 0, 14, 32, 7392 }, // U+04E5
    { 8, 16, 128, 0, 14, 32, 7424 }, // U+04E6
    { 8, 16, 128, 0, 14, 32, 7456 }, // U+04E7
    { 8, 16, 128, 0, 14, 32, 7488 }, // U+04E8
    { 8, 16, 128, 0, 14, 32, 7520 }, // U+04E9
    { 8, 16, 128, 0, 14, 32, 7552 }, // U+04EA
    { 8, 16, 128, 0, 14, 32, 7584 }, // U+04EB
    { 8, 16, 128, 0, 14, 32, 7616 }, // U+04EC
    { 8, 16, 128, 0, 14, 32, 7648 }, // U+04ED
    { 8, 16, 128, 0, 14, 32, 7680 }, // U+04EE
    { 8, 16, 128, 0, 14, 32, 7712 }, // U+04EF
    { 8, 16, 128, 0, 14, 32, 7744 }, // U+04F0
    { 8, 16, 128, 0, 14, 32, 7776 }, // U+04F1
    { 8, 16, 128, 0, 14, 32, 7808 }, // U+04F2
    { 8, 16, 128, 0, 14, 32, 7840 }, // U+04F3
    { 8, 16, 128, 0, 14, 32, 7872 }, // U+04F4
    { 8, 16, 128, 0, 14, 32, 7904 }, // U+04F5
    { 8, 16, 128, 0, 14, 32, 7936 }, // U+04F6
    { 8, 16, 128, 0, 14, 32, 7968 }, // U+04F7
    { 8, 16, 128, 0, 14, 32, 8000 }, // U+04F8
    { 8, 16, 128, 0, 14, 32, 8032 }, // U+04F9
    { 8, 16, 128, 0, 14, 32, 8064 }, // U+04FA
    { 8, 16, 128, 0, 14, 32, 8096 }, // U+04FB
    { 8, 16, 128, 0, 14, 32, 8128 }, // U+04FC
    { 8, 16, 128, 0, 14, 32, 8160 }, // U+04FD
    { 8, 16, 128, 0, 14, 32, 8192 }, // U+04FE
    { 8, 16, 128, 0, 14, 32, 8224 }, // U+04FF
    { 12, 17, 224, 1, 14, 51, 0 }, // U+1EA0
    { 10, 13, 176, 1, 10, 33, 51 }, // U+1EA1
    { 8, 16, 128, 0, 14, 32, 84 }, // U+1EA2
    { 8, 16, 128, 0, 14, 32, 116 }, // U+1EA3
    { 12, 22, 224, 1, 22, 66, 148 }, // U+1EA4
    { 10, 18, 176, 1, 18, 45, 214 }, // U+1EA5
    { 12, 22, 224, 1, 22, 66, 259 }, // U+1EA6
    { 10, 18, 176, 1, 18, 45, 325 }, // U+1EA7
    { 8, 16, 128, 0, 14, 32, 370 }, // U+1EA8
    { 8, 16, 128, 0, 14, 32, 402 }, // U+1EA9
    { 12, 22, 224, 1, 22, 66, 434 }, // U+1EAA
    { 10, 18, 176, 1, 18, 45, 500 }, // U+1EAB
    { 12, 21, 224, 1, 18, 63, 545 }, // U+1EAC
    { 10, 17, 176, 1, 14, 43, 608 }, // U+1EAD
    { 12, 22, 224, 1, 22, 66, 651 }, // U+1EAE
    { 10, 18, 176, 1, 18, 45, 717 }, // U+1EAF
    { 12, 22, 224, 1, 22, 66, 762 }, // U+1EB0
    { 10, 18, 176, 1, 18, 45, 828 }, // U+1EB1
    { 8, 16, 128, 0, 14, 32, 873 }, // U+1EB2
    { 8, 16, 128, 0, 14, 32, 905 }, // U+1EB3
    { 12, 22, 224, 1, 22, 66, 937 }, // U+1EB4
    { 10, 18, 176, 1, 18, 45, 1003 }, // U+1EB5
    { 12, 21, 224, 1, 18, 63, 1048 }, // U+1EB6
    { 10, 17, 176, 1, 14, 43, 1111 }, // U+1EB7
    { 10, 17, 208, 2, 14, 43, 1154 }, // U+1EB8
    { 9, 13, 176, 1, 10, 30, 1197 }, // U+1EB9
    { 8, 16, 128, 0, 14, 32, 1227 }, // U+1EBA
    { 8, 16, 128, 0, 14, 32, 1259 }, // U+1EBB
    { 10, 18, 208, 2, 18, 45, 1291 }, // U+1EBC
    { 9, 14, 176, 1, 14, 32, 1336 }, // U+1EBD
    { 10, 22, 208, 2, 22, 55, 1368 }, // U+1EBE
    { 9, 18, 176, 1, 18, 41, 1423 }, // U+1EBF
    { 10, 22, 208, 2, 22, 55, 1464 }, // U+1EC0
    { 9, 18, 176, 1, 18, 41, 1519 }, // U+1EC1
    { 8, 16, 128, 0, 14, 32, 1560 }, // U+1EC2
    { 8, 16, 128, 0, 14, 32, 1592 }, // U+1EC3
    { 10, 22, 208, 2, 22, 55, 1624 }, // U+1EC4
    { 9, 18, 176, 1, 18, 41, 1679 }, // U+1EC5
    { 10, 21, 208, 2, 18, 53, 1720 }, // U+1EC6
    { 9, 17, 176, 1, 14, 39, 1773 }, // U+1EC7
    { 8, 16, 128, 0, 14, 32, 1812 }, // U+1EC8
    { 8, 16, 128, 0, 14, 32, 1844 }, // U+1EC9
    { 3, 17, 80, 1, 14, 13, 1876 }, // U+1ECA
    { 3, 17, 80, 1, 14, 13, 1889 }, // U+1ECB
    { 13, 17, 240, 1, 14, 56, 1902 }, // U+1ECC
    { 10, 13, 192, 1, 10, 33, 1958 }, // U+1ECD
    { 8, 16, 128, 0, 14, 32, 1991 }, // U+1ECE
    { 8, 16, 128, 0, 14, 32, 2023 }, // U+1ECF
    { 13, 22, 240, 1, 22, 72, 2055 }, // U+1ED0
    { 10, 18, 192, 1, 18, 45, 2127 }, // U+1ED1
    { 13, 22, 240, 1, 22, 72, 2172 }, // U+1ED2
    { 10, 18, 192, 1, 18, 45, 2244 }, // U+1ED3
    { 8, 16, 128, 0, 14, 32, 2289 }, // U+1ED4
    { 8, 16, 128, 0, 14, 32, 2321 }, // U+1ED5
    { 13, 22, 240, 1, 22, 72, 2353 }, // U+1ED6
    { 10, 18, 192, 1, 18, 45, 2425 }, // U+1ED7
    { 13, 21, 240, 1, 18, 69, 2470 }, // U+1ED8
    { 10, 17, 192, 1, 14, 43, 2539 }, // U+1ED9
    { 15, 18, 240, 1, 18, 68, 2582 }, // U+1EDA
    { 12, 14, 192, 1, 14, 42, 2650 }, // U+1EDB
    { 15, 18, 240, 1, 18, 68, 2692 }, // U+1EDC
    { 12, 14, 192, 1, 14, 42, 2760 }, // U+1EDD
    { 8, 16, 128, 0, 14, 32, 2802 }, // U+1EDE
    { 8, 16, 128, 0, 14, 32, 2834 }, // U+1EDF
    { 15, 18, 240, 1, 18, 68, 2866 }, // U+1EE0
    { 12, 14, 192, 1, 14, 42, 2934 }, // U+1EE1
    { 15, 17, 240, 1, 14, 64, 2976 }, // U+1EE2
    { 12, 13, 192, 1, 10, 39, 3040 }, // U+1EE3
    { 12, 17, 224, 1, 14, 51, 3079 }, // U+1EE4
    { 9, 13, 176, 1, 10, 30, 3130 }, // U+1EE5
    { 8, 16, 128, 0, 14, 32, 3160 }, // U+1EE6
    { 8, 16, 128, 0, 14, 32, 3192 }, // U+1EE7
    { 14, 18, 224, 1, 18, 63, 3224 }, // U+1EE8
    { 11, 14, 176, 1, 14, 39, 3287 }, // U+1EE9
    { 14, 18, 224, 1, 18, 63, 3326 }, // U+1EEA
    { 11, 14, 176, 1, 14, 39, 3389 }, // U+1EEB
    { 8, 16, 128, 0, 14, 32, 3428 }, // U+1EEC
    { 8, 16, 128, 0, 14, 32, 3460 }, // U+1EED
    { 14, 18, 224, 1, 18, 63, 3492 }, // U+1EEE
    { 11, 14, 176, 1, 14, 39, 3555 }, // U+1EEF
    { 14, 17, 224, 1, 14, 60, 3594 }, // U+1EF0
    { 11, 13, 176, 1, 10, 36, 3654 }, // U+1EF1
    { 13, 18, 208, 0, 18, 59, 3690 }, // U+1EF2
    { 9, 18, 176, 1, 14, 41, 3749 }, // U+1EF3
    { 13, 17, 208, 0, 14, 56, 3790 }, // U+1EF4
    { 9, 17, 176, 1, 10, 39, 3846 }, // U+1EF5
    { 8, 16, 128, 0, 14, 32, 3885 }, // U+1EF6
    { 8, 16, 128, 0, 14, 32, 3917 }, // U+1EF7
    { 13, 18, 208, 0, 18, 59, 3949 }, // U+1EF8
    { 9, 18, 176, 1, 14, 41, 4008 }, // U+1EF9
    { 1, 1, 160, 0, 1, 1, 0 }, // U+2000
    { 1, 1, 304, 0, 1, 1, 1 }, // U+2001
    { 1, 1, 160, 0, 1, 1, 2 }, // U+2002
    { 1, 1, 304, 0, 1, 1, 3 }, // U+2003
    { 1, 1, 96, 0, 1, 1, 4 }, // U+2004
    { 1, 1, 80, 0, 1, 1, 5 }, // U+2005
    { 1, 1, 48, 0, 1, 1, 6 }, // U+2006
    { 1, 1, 160, 0, 1, 1, 7 }, // U+2007
    { 1, 1, 80, 0, 1, 1, 8 }, // U+2008
    { 1, 1, 64, 0, 1, 1, 9 }, // U+2009
    { 1, 1, 32, 0, 1, 1, 10 }, // U+200A
    { 1, 1, 0, 0, 1, 1, 11 }, // U+200B
    { 16, 16, 256, 0, 14, 64, 12 }, // U+200C
    { 16, 16, 256, 0, 14, 64, 76 }, // U+200D
    { 16, 16, 256, 0, 14, 64, 140 }, // U+200E
    { 16, 16, 256, 0, 14, 64, 204 }, // U+200F
    { 5, 3, 96, 0, 7, 4, 268 }, // U+2010
    { 5, 3, 96, 0, 7, 4, 272 }, // U+2011
    { 10, 2, 160, 0, 6, 5, 276 }, // U+2012
    { 10, 2, 160, 0, 6, 5, 281 }, // U+2013
    { 18, 2, 288, 0, 6, 9, 286 }, // U+2014
    { 18, 2, 288, 0, 6, 9, 295 }, // U+2015
    { 8, 16, 128, 0, 14, 32, 304 }, // U+2016
    { 8, 16, 128, 0, 14, 32, 336 }, // U+2017
    { 3, 5, 80, 1, 14, 4, 368 }, // U+2018
    { 3, 5, 80, 1, 14, 4, 372 }, // U+2019
    { 3, 5, 80, 1, 2, 4, 376 }, // U+201A
    { 3, 5, 80, 1, 14, 4, 380 }, // U+201B
    { 7, 5, 144, 1, 14, 9, 384 }, // U+201C
    { 7, 5, 144, 1, 14, 9, 393 }, // U+201D
    { 7, 5, 144, 1, 2, 9, 402 }, // U+201E
    { 7, 5, 144, 1, 14, 9, 411 }, // U+201F
    { 9, 18, 160, 0, 14, 41, 420 }, // U+2020
    { 9, 18, 160, 0, 14, 41, 461 }, // U+2021
    { 5, 5, 112, 1, 9, 7, 502 }, // U+2022
    { 8, 16, 128, 0, 14, 32, 509 }, // U+2023
    { 8, 16, 128, 0, 14, 32, 541 }, // U+2024
    { 8, 16, 128, 0, 14, 32, 573 }, // U+2025
    { 14, 2, 288, 2, 2, 7, 605 }, // U+2026
    { 8, 16, 128, 0, 14, 32, 612 }, // U+2027
    { 16, 16, 256, 0, 14, 64, 644 }, // U+2028
    { 16, 16, 256, 0, 14, 64, 708 }, // U+2029
    { 16, 16, 256, 0, 14, 64, 772 }, // U+202A
    { 16, 16, 256, 0, 14, 64, 836 }, // U+202B
    { 16, 16, 256, 0, 14, 64, 900 }, // U+202C
    { 16, 16, 256, 0, 14, 64, 964 }, // U+202D
    { 16, 16, 256, 0, 14, 64, 1028 }, // U+202E
    { 8, 16, 128, 0, 14, 32, 1092 }, // U+202F
    { 19, 13, 320, 0, 13, 62, 1124 }, // U+2030
    { 8, 16, 128, 0, 14, 32, 1186 }, // U+2031
    { 8, 16, 128, 0, 14, 32, 1218 }, // U+2032
    { 8, 16, 128, 0, 14, 32, 1250 }, // U+2033
    { 8, 16, 128, 0, 14, 32, 1282 }, // U+2034
    { 8, 16, 128, 0, 14, 32, 1314 }, // U+2035
    { 8, 16, 128, 0, 14, 32, 1346 }, // U+2036
    { 8, 16, 128, 0, 14, 32, 1378 }, // U+2037
    { 8, 16, 128, 0, 14, 32, 1410 }, // U+2038
    { 6, 8, 112, 0, 9, 12, 1442 }, // U+2039
    { 6, 8, 112, 0, 9, 12, 1454 }, // U+203A
    { 8, 16, 128, 0, 14, 32, 1466 }, // U+203B
    { 8, 16, 128, 0, 14, 32, 1498 }, // U+203C
    { 8, 16, 128, 0, 14, 32, 1530 }, // U+203D
    { 8, 16, 128, 0, 14, 32, 1562 }, // U+203E
    { 8, 16, 128, 0, 14, 32, 1594 }, // U+203F
    { 8, 16, 128, 0, 14, 32, 1626 }, // U+2040
    { 8, 16, 128, 0, 14, 32, 1658 }, // U+2041
    { 8, 16, 128, 0, 14, 32, 1690 }, // U+2042
    { 8, 16, 128, 0, 14, 32, 1722 }, // U+2043
    { 8, 13, 96, -1, 13, 26, 1754 }, // U+2044
    { 8, 16, 128, 0, 14, 32, 1780 }, // U+2045
    { 8, 16, 128, 0, 14, 32, 1812 }, // U+2046
    { 8, 16, 128, 0, 14, 32, 1844 }, // U+2047
    { 8, 16, 128, 0, 14, 32, 1876 }, // U+2048
    { 8, 16, 128, 0, 14, 32, 1908 }, // U+2049
    { 8, 16, 128, 0, 14, 32, 1940 }, // U+204A
    { 8, 16, 128, 0, 14, 32, 1972 }, // U+204B
    { 8, 16, 128, 0, 14, 32, 2004 }, // U+204C
    { 8, 16, 128, 0, 14, 32, 2036 }, // U+204D
    { 8, 16, 128, 0, 14, 32, 2068 }, // U+204E
    { 8, 16, 128, 0, 14, 32, 2100 }, // U+204F
    { 8, 16, 128, 0, 14, 32, 2132 }, // U+2050
    { 8, 16, 128, 0, 14, 32, 2164 }, // U+2051
    { 8, 16, 128, 0, 14, 32, 2196 }, // U+2052
    { 8, 16, 128, 0, 14, 32, 2228 }, // U+2053
    { 8, 16, 128, 0, 14, 32, 2260 }, // U+2054
    { 8, 16, 128, 0, 14, 32, 2292 }, // U+2055
    { 8, 16, 128, 0, 14, 32, 2324 }, // U+2056
    { 16, 16, 256, 0, 14, 64, 2356 }, // U+2057
    { 8, 16, 128, 0, 14, 32, 2420 }, // U+2058
    { 8, 16, 128, 0, 14, 32, 2452 }, // U+2059
    { 8, 16, 128, 0, 14, 32, 2484 }, // U+205A
    { 8, 16, 128, 0, 14, 32, 2516 }, // U+205B
    { 8, 16, 128, 0, 14, 32, 2548 }, // U+205C
    { 8, 16, 128, 0, 14, 32, 2580 }, // U+205D
    { 8, 16, 128, 0, 14, 32, 2612 }, // U+205E
    { 8, 16, 128, 0, 14, 32, 2644 }, // U+205F
    { 16, 16, 256, 0, 14, 64, 2676 }, // U+2060
    { 16, 16, 256, 0, 14, 64, 2740 }, // U+2061
    { 16, 16, 256, 0, 14, 64, 2804 }, // U+2062
    { 16, 16, 256, 0, 14, 64, 2868 }, // U+2063
    { 16, 16, 256, 0, 14, 64, 2932 }, // U+2064
    { 16, 16, 256, 0, 14, 64, 2996 }, // U+2065
    { 16, 16, 256, 0, 14, 64, 3060 }, // U+2066
    { 16, 16, 256, 0, 14, 64, 3124 }, // U+2067
    { 16, 16, 256, 0, 14, 64, 3188 }, // U+2068
    { 16, 16, 256, 0, 14, 64, 3252 }, // U+2069
    { 16, 16, 256, 0, 14, 64, 3316 }, // U+206A
    { 16, 16, 256, 0, 14, 64, 3380 }, // U+206B
    { 16, 16, 256, 0, 14, 64, 3444 }, // U+206C
    { 16, 16, 256, 0, 14, 64, 3508 }, // U+206D
    { 16, 16, 256, 0, 14, 64, 3572 }, // U+206E
    { 16, 16, 256, 0, 14, 64, 3636 }, // U+206F
    { 8, 16, 128, 0, 14, 32, 0 }, // U+2070
    { 8, 16, 128, 0, 14, 32, 32 }, // U+2071
    { 16, 16, 256, 0, 14, 64, 64 }, // U+2072
    { 16, 16, 256, 0, 14, 64, 128 }, // U+2073
    { 8, 16, 128, 0, 14, 32, 192 }, // U+2074
    { 8, 16, 128, 0, 14, 32, 224 }, // U+2075
    { 8, 16, 128, 0, 14, 32, 256 }, // U+2076
    { 8, 16, 128, 0, 14, 32, 288 }, // U+2077
    { 8, 16, 128, 0, 14, 32, 320 }, // U+2078
    { 8, 16, 128, 0, 14, 32, 352 }, // U+2079
    { 8, 16, 128, 0, 14, 32, 384 }, // U+207A
    { 8, 16, 128, 0, 14, 32, 416 }, // U+207B
    { 8, 16, 128, 0, 14, 32, 448 }, // U+207C
    { 8, 16, 128, 0, 14, 32, 480 }, // U+207D
    { 8, 16, 128, 0, 14, 32, 512 }, // U+207E
    { 8, 16, 128, 0, 14, 32, 544 }, // U+207F
    { 8, 16, 128, 0, 14, 32, 576 }, // U+2080
    { 4, 8, 96, 0, 3, 8, 608 }, // U+2081
    { 6, 8, 96, 0, 3, 12, 616 }, // U+2082
    { 6, 8, 96, 0, 3, 12, 628 }, // U+2083
    { 8, 16, 128, 0, 14, 32, 640 }, // U+2084
    { 8, 16, 128, 0, 14, 32, 672 }, // U+2085
    { 8, 16, 128, 0, 14, 32, 704 }, // U+2086
    { 8, 16, 128, 0, 14, 32, 736 }, // U+2087
    { 8, 16, 128, 0, 14, 32, 768 }, // U+2088
    { 8, 16, 128, 0, 14, 32, 800 }, // U+2089
    { 8, 16, 128, 0, 14, 32, 832 }, // U+208A
    { 8, 16, 128, 0, 14, 32, 864 }, // U+208B
    { 8, 16, 128, 0, 14, 32, 896 }, // U+208C
    { 8, 16, 128, 0, 14, 32, 928 }, // U+208D
    { 8, 16, 128, 0, 14, 32, 960 }, // U+208E
    { 8, 16, 128, 0, 14, 32, 992 }, // U+208F
    { 8, 16, 128, 0, 14, 32, 1024 }, // U+2090
    { 8, 16, 128, 0, 14, 32, 1056 }, // U+2091
    { 8, 16, 128, 0, 14, 32, 1088 }, // U+2092
    { 8, 16, 128, 0, 14, 32, 1120 }, // U+2093
    { 8, 16, 128, 0, 14, 32, 1152 }, // U+2094
    { 8, 16, 128, 0, 14, 32, 1184 }, // U+2095
    { 8, 16, 128, 0, 14, 32, 1216 }, // U+2096
    { 8, 16, 128, 0, 14, 32, 1248 }, // U+2097
    { 8, 16, 128, 0, 14, 32, 1280 }, // U+2098
    { 8, 16, 128, 0, 14, 32, 1312 }, // U+2099
    { 8, 16, 128, 0, 14, 32, 1344 }, // U+209A
    { 8, 16, 128, 0, 14, 32, 1376 }, // U+209B
    { 8, 16, 128, 0, 14, 32, 1408 }, // U+209C
    { 8, 16, 128, 0, 14, 32, 1440 }, // U+209D
    { 8, 16, 128, 0, 14, 32, 1472 }, // U+209E
    { 8, 16, 128, 0, 14, 32, 1504 }, // U+209F
    { 8, 16, 128, 0, 14, 32, 0 }, // U+20A0
    { 8, 16, 128, 0, 14, 32, 32 }, // U+20A1
    { 8, 16, 128, 0, 14, 32, 64 }, // U+20A2
    { 8, 16, 128, 0, 14, 32, 96 }, // U+20A3
    { 8, 16, 128, 0, 14, 32, 128 }, // U+20A4
    { 15, 14, 272, 1, 12, 53, 160 }, // U+20A5
    { 12, 14, 224, 1, 14, 42, 213 }, // U+20A6
    { 8, 16, 128, 0, 14, 32, 255 }, // U+20A7
    { 8, 16, 128, 0, 14, 32, 287 }, // U+20A8
    { 15, 14, 272, 1, 14, 53, 319 }, // U+20A9
    { 8, 16, 128, 0, 14, 32, 372 }, // U+20AA
    { 8, 16, 128, 0, 14, 32, 404 }, // U+20AB
    { 14, 14, 224, -1, 14, 49, 436 }, // U+20AC
    { 13, 14, 224, 1, 14, 46, 485 }, // U+20AD
    { 8, 16, 128, 0, 14, 32, 531 }, // U+20AE
    { 8, 16, 128, 0, 14, 32, 563 }, // U+20AF
    { 8, 16, 128, 0, 14, 32, 595 }, // U+20B0
    { 8, 16, 128, 0, 14, 32, 627 }, // U+20B1
    { 8, 16, 128, 0, 14, 32, 659 }, // U+20B2
    { 8, 16, 128, 0, 14, 32, 691 }, // U+20B3
    { 8, 16, 128, 0, 14, 32, 723 }, // U+20B4
    { 8, 16, 128, 0, 14, 32, 755 }, // U+20B5
    { 8, 16, 128, 0, 14, 32, 787 }, // U+20B6
    { 8, 16, 128, 0, 14, 32, 819 }, // U+20B7
    { 8, 16, 128, 0, 14, 32, 851 }, // U+20B8
    { 16, 16, 256, 0, 14, 64, 883 }, // U+20B9
    { 8, 16, 128, 0, 14, 32, 947 }, // U+20BA
    { 8, 16, 128, 0, 14, 32, 979 }, // U+20BB
    { 8, 16, 128, 0, 14, 32, 1011 }, // U+20BC
    { 8, 16, 128, 0, 14, 32, 1043 }, // U+20BD
    { 8, 16, 128, 0, 14, 32, 1075 }, // U+20BE
    { 8, 16, 128, 0, 14, 32, 1107 }, // U+20BF
    { 8, 16, 128, 0, 14, 32, 1139 }, // U+20C0
    { 8, 16, 128, 0, 14, 32, 1171 }, // U+20C1
    { 8, 16, 128, 0, 14, 32, 1203 }, // U+20C2
    { 8, 16, 128, 0, 14, 32, 1235 }, // U+20C3
    { 8, 16, 128, 0, 14, 32, 1267 }, // U+20C4
    { 16, 16, 256, 0, 14, 64, 1299 }, // U+20C5
    { 16, 16, 256, 0, 14, 64, 1363 }, // U+20C6
    { 16, 16, 256, 0, 14, 64, 1427 }, // U+20C7
    { 16, 16, 256, 0, 14, 64, 1491 }, // U+20C8
    { 16, 16, 256, 0, 14, 64, 1555 }, // U+20C9
    { 16, 16, 256, 0, 14, 64, 1619 }, // U+20CA
    { 16, 16, 256, 0, 14, 64, 1683 }, // U+20CB
    { 16, 16, 256, 0, 14, 64, 1747 }, // U+20CC
    { 16, 16, 256, 0, 14, 64, 1811 }, // U+20CD
    { 16, 16, 256, 0, 14, 64, 1875 }, // U+20CE
    { 16, 16, 256, 0, 14, 64, 1939 }, // U+20CF
    { 8, 16, 128, 0, 14, 32, 0 }, // U+2190
    { 8, 16, 128, 0, 14, 32, 32 }, // U+2191
    { 8, 16, 128, 0, 14, 32, 64 }, // U+2192
    { 8, 16, 128, 0, 14, 32, 96 }, // U+2193
    { 8, 16, 128, 0, 14, 32, 128 }, // U+2194
    { 8, 16, 128, 0, 14, 32, 160 }, // U+2195
    { 8, 16, 128, 0, 14, 32, 192 }, // U+2196
    { 8, 16, 128, 0, 14, 32, 224 }, // U+2197
    { 8, 16, 128, 0, 14, 32, 256 }, // U+2198
    { 8, 16, 128, 0, 14, 32, 288 }, // U+2199
    { 8, 16, 128, 0, 14, 32, 320 }, // U+219A
    { 8, 16, 128, 0, 14, 32, 352 }, // U+219B
    { 16, 16, 256, 0, 14, 64, 384 }, // U+219C
    { 16, 16, 256, 0, 14, 64, 448 }, // U+219D
    { 8, 16, 128, 0, 14, 32, 512 }, // U+219E
    { 8, 16, 128, 0, 14, 32, 544 }, // U+219F
    { 8, 16, 128, 0, 14, 32, 576 }, // U+21A0
    { 8, 16, 128, 0, 14, 32, 608 }, // U+21A1
    { 8, 16, 128, 0, 14, 32, 640 }, // U+21A2
    { 8, 16, 128, 0, 14, 32, 672 }, // U+21A3
    { 8, 16, 128, 0, 14, 32, 704 }, // U+21A4
    { 8, 16, 128, 0, 14, 32, 736 }, // U+21A5
    { 8, 16, 128, 0, 14, 32, 768 }, // U+21A6
    { 8, 16, 128, 0, 14, 32, 800 }, // U+21A7
    { 8, 16, 128, 0, 14, 32, 832 }, // U+21A8
    { 8, 16, 128, 0, 14, 32, 864 }, // U+21A9
    { 8, 16, 128, 0, 14, 32, 896 }, // U+21AA
    { 8, 16, 128, 0, 14, 32, 928 }, // U+21AB
    { 8, 16, 128, 0, 14, 32, 960 }, // U+21AC
    { 8, 16, 128, 0, 14, 32, 992 }, // U+21AD
    { 8, 16, 128, 0, 14, 32, 1024 }, // U+21AE
    { 8, 16, 128, 0, 14, 32, 1056 }, // U+21AF
    { 8, 16, 128, 0, 14, 32, 1088 }, // U+21B0
    { 8, 16, 128, 0, 14, 32, 1120 }, // U+21B1
    { 8, 16, 128, 0, 14, 32, 1152 }, // U+21B2
    { 8, 16, 128, 0, 14, 32, 1184 }, // U+21B3
    { 8, 16, 128, 0, 14, 32, 1216 }, // U+21B4
    { 8, 16, 128, 0, 14, 32, 1248 }, // U+21B5
    { 8, 16, 128, 0, 14, 32, 1280 }, // U+21B6
    { 8, 16, 128, 0, 14, 32, 1312 }, // U+21B7
    { 8, 16, 128, 0, 14, 32, 1344 }, // U+21B8
    { 8, 16, 128, 0, 14, 32, 1376 }, // U+21B9
    { 8, 16, 128, 0, 14, 32, 1408 }, // U+21BA
    { 8, 16, 128, 0, 14, 32, 1440 }, // U+21BB
    { 8, 16, 128, 0, 14, 32, 1472 }, // U+21BC
    { 8, 16, 128, 0, 14, 32, 1504 }, // U+21BD
    { 8, 16, 128, 0, 14, 32, 1536 }, // U+21BE
    { 8, 16, 128, 0, 14, 32, 1568 }, // U+21BF
    { 8, 16, 128, 0, 14, 32, 1600 }, // U+21C0
    { 8, 16, 128, 0, 14, 32, 1632 }, // U+21C1
    { 8, 16, 128, 0, 14, 32, 1664 }, // U+21C2
    { 8, 16, 128, 0, 14, 32, 1696 }, // U+21C3
    { 8, 16, 128, 0, 14, 32, 1728 }, // U+21C4
    { 8, 16, 128, 0, 14, 32, 1760 }, // U+21C5
    { 8, 16, 128, 0, 14, 32, 1792 }, // U+21C6
    { 8, 16, 128, 0, 14, 32, 1824 }, // U+21C7
    { 8, 16, 128, 0, 14, 32, 1856 }, // U+21C8
    { 8, 16, 128, 0, 14, 32, 1888 }, // U+21C9
    { 8, 16, 128, 0, 14, 32, 1920 }, // U+21CA
    { 8, 16, 128, 0, 14, 32, 1952 }, // U+21CB
    { 8, 16, 128, 0, 14, 32, 1984 }, // U+21CC
    { 8, 16, 128, 0, 14, 32, 2016 }, // U+21CD
    { 8, 16, 128, 0, 14, 32, 2048 }, // U+21CE
    { 8, 16, 128, 0, 14, 32, 2080 }, // U+21CF
    { 8, 16, 128, 0, 14, 32, 2112 }, // U+21D0
    { 8, 16, 128, 0, 14, 32, 2144 }, // U+21D1
    { 8, 16, 128, 0, 14, 32, 2176 }, // U+21D2
    { 8, 16, 128, 0, 14, 32, 2208 }, // U+21D3
    { 8, 16, 128, 0, 14, 32, 2240 }, // U+21D4
    { 8, 16, 128, 0, 14, 32, 2272 }, // U+21D5
    { 8, 16, 128, 0, 14, 32, 2304 }, // U+21D6
    { 8, 16, 128, 0, 14, 32, 2336 }, // U+21D7
    { 8, 16, 128, 0, 14, 32, 2368 }, // U+21D8
    { 8, 16, 128, 0, 14, 32, 2400 }, // U+21D9
    { 8, 16, 128, 0, 14, 32, 2432 }, // U+21DA
    { 8, 16, 128, 0, 14, 32, 2464 }, // U+21DB
    { 8, 16, 128, 0, 14, 32, 2496 }, // U+21DC
    { 8, 16, 128, 0, 14, 32, 2528 }, // U+21DD
    { 8, 16, 128, 0, 14, 32, 2560 }, // U+21DE
    { 8, 16, 128, 0, 14, 32, 2592 }, // U+21DF
    { 8, 16, 128, 0, 14, 32, 2624 }, // U+21E0
    { 8, 16, 128, 0, 14, 32, 2656 }, // U+21E1
    { 8, 16, 128, 0, 14, 32, 2688 }, // U+21E2
    { 8, 16, 128, 0, 14, 32, 2720 }, // U+21E3
    { 8, 16, 128, 0, 14, 32, 2752 }, // U+21E4
    { 8, 16, 128, 0, 14, 32, 2784 }, // U+21E5
    { 8, 16, 128, 0, 14, 32, 2816 }, // U+21E6
    { 8, 16, 128, 0, 14, 32, 2848 }, // U+21E7
    { 8, 16, 128, 0, 14, 32, 2880 }, // U+21E8
    { 8, 16, 128, 0, 14, 32, 2912 }, // U+21E9
    { 8, 16, 128, 0, 14, 32, 2944 }, // U+21EA
    { 8, 16, 128, 0, 14, 32, 2976 }, // U+21EB
    { 8, 16, 128, 0, 14, 32, 3008 }, // U+21EC
    { 8, 16, 128, 0, 14, 32, 3040 }, // U+21ED
    { 8, 16, 128, 0, 14, 32, 3072 }, // U+21EE
    { 8, 16, 128, 0, 14, 32, 3104 }, // U+21EF
    { 8, 16, 128, 0, 14, 32, 3136 }, // U+21F0
    { 8, 16, 128, 0, 14, 32, 3168 }, // U+21F1
    { 8, 16, 128, 0, 14, 32, 3200 }, // U+21F2
    { 8, 16, 128, 0, 14, 32, 3232 }, // U+21F3
    { 16, 16, 256, 0, 14, 64, 3264 }, // U+21F4
    { 8, 16, 128, 0, 14, 32, 3328 }, // U+21F5
    { 8, 16, 128, 0, 14, 32, 3360 }, // U+21F6
    { 8, 16, 128, 0, 14, 32, 3392 }, // U+21F7
    { 8, 16, 128, 0, 14, 32, 3424 }, // U+21F8
    { 16, 16, 256, 0, 14, 64, 3456 }, // U+21F9
    { 16, 16, 256, 0, 14, 64, 3520 }, // U+21FA
    { 16, 16, 256, 0, 14, 64, 3584 }, // U+21FB
    { 16, 16, 256, 0, 14, 64, 3648 }, // U+21FC
    { 8, 16, 128, 0, 14, 32, 3712 }, // U+21FD
    { 8, 16, 128, 0, 14, 32, 3744 }, // U+21FE
    { 16, 16, 256, 0, 14, 64, 3776 }, // U+21FF
    { 12, 14, 224, 1, 14, 42, 0 }, // U+2200
    { 8, 16, 128, 0, 14, 32, 42 }, // U+2201
    { 8, 16, 128, 0, 14, 32, 74 }, // U+2202
    { 10, 14, 208, 2, 14, 35, 106 }, // U+2203
    { 10, 14, 208, 2, 14, 35, 141 }, // U+2204
    { 8, 16, 128, 0, 14, 32, 176 }, // U+2205
    { 8, 16, 128, 0, 14, 32, 208 }, // U+2206
    { 8, 16, 128, 0, 14, 32, 240 }, // U+2207
    { 8, 16, 128, 0, 14, 32, 272 }, // U+2208
    { 8, 16, 128, 0, 14, 32, 304 }, // U+2209
    { 8, 16, 128, 0, 14, 32, 336 }, // U+220A
    { 8, 16, 128, 0, 14, 32, 368 }, // U+220B
    { 8, 16, 128, 0, 14, 32, 400 }, // U+220C
    { 8, 16, 128, 0, 14, 32, 432 }, // U+220D
    { 8, 16, 128, 0, 14, 32, 464 }, // U+220E
    { 8, 16, 128, 0, 14, 32, 496 }, // U+220F
    { 8, 16, 128, 0, 14, 32, 528 }, // U+2210
    { 8, 16, 128, 0, 14, 32, 560 }, // U+2211
    { 9, 2, 176, 1, 6, 5, 592 }, // U+2212
    { 8, 16, 128, 0, 14, 32, 597 }, // U+2213
    { 8, 16, 128, 0, 14, 32, 629 }, // U+2214
    { 8, 13, 96, -1, 13, 26, 661 }, // U+2215
    { 8, 16, 128, 0, 14, 32, 687 }, // U+2216
    { 8, 16, 128, 0, 14, 32, 719 }, // U+2217
    { 8, 16, 128, 0, 14, 32, 751 }, // U+2218
    { 2, 2, 80, 1, 8, 1, 783 }, // U+2219
    { 8, 16, 128, 0, 14, 32, 784 }, // U+221A
    { 8, 16, 128, 0, 14, 32, 816 }, // U+221B
    { 8, 16, 128, 0, 14, 32, 848 }, // U+221C
    { 8, 16, 128, 0, 14, 32, 880 }, // U+221D
    { 8, 16, 128, 0, 14, 32, 912 }, // U+221E
    { 8, 16, 128, 0, 14, 32, 944 }, // U+221F
    { 8, 16, 128, 0, 14, 32, 976 }, // U+2220
    { 8, 16, 128, 0, 14, 32, 1008 }, // U+2221
    { 8, 16, 128, 0, 14, 32, 1040 }, // U+2222
    { 8, 16, 128, 0, 14, 32, 1072 }, // U+2223
    { 8, 16, 128, 0, 14, 32, 1104 }, // U+2224
    { 8, 16, 128, 0, 14, 32, 1136 }, // U+2225
    { 8, 16, 128, 0, 14, 32, 1168 }, // U+2226
    { 8, 16, 128, 0, 14, 32, 1200 }, // U+2227
    { 8, 16, 128, 0, 14, 32, 1232 }, // U+2228
    { 8, 16, 128, 0, 14, 32, 1264 }, // U+2229
    { 8, 16, 128, 0, 14, 32, 1296 }, // U+222A
    { 8, 16, 128, 0, 14, 32, 1328 }, // U+222B
    { 8, 16, 128, 0, 14, 32, 1360 }, // U+222C
    { 8, 16, 128, 0, 14, 32, 1392 }, // U+222D
    { 8, 16, 128, 0, 14, 32, 1424 }, // U+222E
    { 8, 16, 128, 0, 14, 32, 1456 }, // U+222F
    { 8, 16, 128, 0, 14, 32, 1488 }, // U+2230
    { 8, 16, 128, 0, 14, 32, 1520 }, // U+2231
    { 8, 16, 128, 0, 14, 32, 1552 }, // U+2232
    { 8, 16, 128, 0, 14, 32, 1584 }, // U+2233
    { 8, 16, 128, 0, 14, 32, 1616 }, // U+2234
    { 8, 16, 128, 0, 14, 32, 1648 }, // U+2235
    { 3, 10, 96, 1, 10, 8, 1680 }, // U+2236
    { 8, 16, 128, 0, 14, 32, 1688 }, // U+2237
    { 8, 16, 128, 0, 14, 32, 1720 }, // U+2238
    { 8, 16, 128, 0, 14, 32, 1752 }, // U+2239
    { 8, 16, 128, 0, 14, 32, 1784 }, // U+223A
    { 8, 16, 128, 0, 14, 32, 1816 }, // U+223B
    { 8, 16, 128, 0, 14, 32, 1848 }, // U+223C
    { 8, 16, 128, 0, 14, 32, 1880 }, // U+223D
    { 8, 16, 128, 0, 14, 32, 1912 }, // U+223E
    { 8, 16, 128, 0, 14, 32, 1944 }, // U+223F
    { 8, 16, 128, 0, 14, 32, 1976 }, // U+2240
    { 8, 16, 128, 0, 14, 32, 2008 }, // U+2241
    { 8, 16, 128, 0, 14, 32, 2040 }, // U+2242
    { 8, 16, 128, 0, 14, 32, 2072 }, // U+2243
    { 8, 16, 128, 0, 14, 32, 2104 }, // U+2244
    { 8, 16, 128, 0, 14, 32, 2136 }, // U+2245
    { 8, 16, 128, 0, 14, 32, 2168 }, // U+2246
    { 8, 16, 128, 0, 14, 32, 2200 }, // U+2247
    { 8, 16, 128, 0, 14, 32, 2232 }, // U+2248
    { 8, 16, 128, 0, 14, 32, 2264 }, // U+2249
    { 8, 16, 128, 0, 14, 32, 2296 }, // U+224A
    { 8, 16, 128, 0, 14, 32, 2328 }, // U+224B
    { 8, 16, 128, 0, 14, 32, 2360 }, // U+224C
    { 8, 16, 128, 0, 14, 32, 2392 }, // U+224D
    { 8, 16, 128, 0, 14, 32, 2424 }, // U+224E
    { 8, 16, 128, 0, 14, 32, 2456 }, // U+224F
    { 8, 16, 128, 0, 14, 32, 2488 }, // U+2250
    { 8, 16, 128, 0, 14, 32, 2520 }, // U+2251
    { 8, 16, 128, 0, 14, 32, 2552 }, // U+2252
    { 8, 16, 128, 0, 14, 32, 2584 }, // U+2253
    { 8, 16, 128, 0, 14, 32, 2616 }, // U+2254
    { 8, 16, 128, 0, 14, 32, 2648 }, // U+2255
    { 8, 16, 128, 0, 14, 32, 2680 }, // U+2256
    { 8, 16, 128, 0, 14, 32, 2712 }, // U+2257
    { 8, 16, 128, 0, 14, 32, 2744 }, // U+2258
    { 9, 9, 176, 1, 12, 21, 2776 }, // U+2259
    { 9, 9, 176, 1, 12, 21, 2797 }, // U+225A
    { 8, 16, 128, 0, 14, 32, 2818 }, // U+225B
    { 8, 16, 128, 0, 14, 32, 2850 }, // U+225C
    { 8, 16, 128, 0, 14, 32, 2882 }, // U+225D
    { 8, 16, 128, 0, 14, 32, 2914 }, // U+225E
    { 8, 16, 128, 0, 14, 32, 2946 }, // U+225F
    { 9, 14, 176, 1, 13, 32, 2978 }, // U+2260
    { 9, 8, 176, 0, 9, 18, 3010 }, // U+2261
    { 9, 14, 176, 0, 12, 32, 3028 }, // U+2262
    { 8, 16, 128, 0, 14, 32, 3060 }, // U+2263
    { 9, 12, 176, 1, 9, 27, 3092 }, // U+2264
    { 9, 12, 176, 1, 9, 27, 3119 }, // U+2265
    { 8, 16, 128, 0, 14, 32, 3146 }, // U+2266
    { 8, 16, 128, 0, 14, 32, 3178 }, // U+2267
    { 8, 16, 128, 0, 14, 32, 3210 }, // U+2268
    { 8, 16, 128, 0, 14, 32, 3242 }, // U+2269
    { 8, 16, 128, 0, 14, 32, 3274 }, // U+226A
    { 8, 16, 128, 0, 14, 32, 3306 }, // U+226B
    { 8, 16, 128, 0, 14, 32, 3338 }, // U+226C
    { 8, 16, 128, 0, 14, 32, 3370 }, // U+226D
    { 9, 14, 176, 1, 12, 32, 3402 }, // U+226E
    { 9, 14, 176, 1, 12, 32, 3434 }, // U+226F
    { 9, 14, 176, 1, 10, 32, 3466 }, // U+2270
    { 9, 14, 176, 1, 10, 32, 3498 }, // U+2271
    { 8, 16, 128, 0, 14, 32, 3530 }, // U+2272
    { 8, 16, 128, 0, 14, 32, 3562 }, // U+2273
    { 8, 16, 128, 0, 14, 32, 3594 }, // U+2274
    { 8, 16, 128, 0, 14, 32, 3626 }, // U+2275
    { 8, 16, 128, 0, 14, 32, 3658 }, // U+2276
    { 8, 16, 128, 0, 14, 32, 3690 }, // U+2277
    { 8, 16, 128, 0, 14, 32, 3722 }, // U+2278
    { 8, 16, 128, 0, 14, 32, 3754 }, // U+2279
    { 8, 16, 128, 0, 14, 32, 3786 }, // U+227A
    { 8, 16, 128, 0, 14, 32, 3818 }, // U+227B
    { 8, 16, 128, 0, 14, 32, 3850 }, // U+227C
    { 8, 16, 128, 0, 14, 32, 3882 }, // U+227D
    { 8, 16, 128, 0, 14, 32, 3914 }, // U+227E
    { 8, 16, 128, 0, 14, 32, 3946 }, // U+227F
    { 8, 16, 128, 0, 14, 32, 3978 }, // U+2280
    { 8, 16, 128, 0, 14, 32, 4010 }, // U+2281
    { 8, 16, 128, 0, 14, 32, 4042 }, // U+2282
    { 8, 16, 128, 0, 14, 32, 4074 }, // U+2283
    { 8, 16, 128, 0, 14, 32, 4106 }, // U+2284
    { 8, 16, 128, 0, 14, 32, 4138 }, // U+2285
    { 8, 16, 128, 0, 14, 32, 4170 }, // U+2286
    { 8, 16, 128, 0, 14, 32, 4202 }, // U+2287
    { 8, 16, 128, 0, 14, 32, 4234 }, // U+2288
    { 8, 16, 128, 0, 14, 32, 4266 }, // U+2289
    { 8, 16, 128, 0, 14, 32, 4298 }, // U+228A
    { 8, 16, 128, 0, 14, 32, 4330 }, // U+228B
    { 8, 16, 128, 0, 14, 32, 4362 }, // U+228C
    { 8, 16, 128, 0, 14, 32, 4394 }, // U+228D
    { 8, 16, 128, 0, 14, 32, 4426 }, // U+228E
    { 8, 16, 128, 0, 14, 32, 4458 }, // U+228F
    { 8, 16, 128, 0, 14, 32, 4490 }, // U+2290
    { 8, 16, 128, 0, 14, 32, 4522 }, // U+2291
    { 8, 16, 128, 0, 14, 32, 4554 }, // U+2292
    { 8, 16, 128, 0, 14, 32, 4586 }, // U+2293
    { 8, 16, 128, 0, 14, 32, 4618 }, // U+2294
    { 8, 16, 128, 0, 14, 32, 4650 }, // U+2295
    { 8, 16, 128, 0, 14, 32, 4682 }, // U+2296
    { 8, 16, 128, 0, 14, 32, 4714 }, // U+2297
    { 8, 16, 128, 0, 14, 32, 4746 }, // U+2298
    { 8, 16, 128, 0, 14, 32, 4778 }, // U+2299
    { 8, 16, 128, 0, 14, 32, 4810 }, // U+229A
    { 8, 16, 128, 0, 14, 32, 4842 }, // U+229B
    { 8, 16, 128, 0, 14, 32, 4874 }, // U+229C
    { 8, 16, 128, 0, 14, 32, 4906 }, // U+229D
    { 8, 16, 128, 0, 14, 32, 4938 }, // U+229E
    { 8, 16, 128, 0, 14, 32, 4970 }, // U+229F
    { 8, 16, 128, 0, 14, 32, 5002 }, // U+22A0
    { 8, 16, 128, 0, 14, 32, 5034 }, // U+22A1
    { 8, 16, 128, 0, 14, 32, 5066 }, // U+22A2
    { 8, 16, 128, 0, 14, 32, 5098 }, // U+22A3
    { 8, 16, 128, 0, 14, 32, 5130 }, // U+22A4
    { 8, 16, 128, 0, 14, 32, 5162 }, // U+22A5
    { 8, 16, 128, 0, 14, 32, 5194 }, // U+22A6
    { 8, 16, 128, 0, 14, 32, 5226 }, // U+22A7
    { 8, 16, 128, 0, 14, 32, 5258 }, // U+22A8
    { 8, 16, 128, 0, 14, 32, 5290 }, // U+22A9
    { 8, 16, 128, 0, 14, 32, 5322 }, // U+22AA
    { 8, 16, 128, 0, 14, 32, 5354 }, // U+22AB
    { 8, 16, 128, 0, 14, 32, 5386 }, // U+22AC
    { 8, 16, 128, 0, 14, 32, 5418 }, // U+22AD
    { 8, 16, 128, 0, 14, 32, 5450 }, // U+22AE
    { 8, 16, 128, 0, 14, 32, 5482 }, // U+22AF
    { 8, 16, 128, 0, 14, 32, 5514 }, // U+22B0
    { 8, 16, 128, 0, 14, 32, 5546 }, // U+22B1
    { 8, 16, 128, 0, 14, 32, 5578 }, // U+22B2
    { 8, 16, 128, 0, 14, 32, 5610 }, // U+22B3
    { 8, 16, 128, 0, 14, 32, 5642 }, // U+22B4
    { 8, 16, 128, 0, 14, 32, 5674 }, // U+22B5
    { 16, 16, 256, 0, 14, 64, 5706 }, // U+22B6
    { 16, 16, 256, 0, 14, 64, 5770 }, // U+22B7
    { 16, 16, 256, 0, 14, 64, 5834 }, // U+22B8
    { 8, 16, 128, 0, 14, 32, 5898 }, // U+22B9
    { 8, 16, 128, 0, 14, 32, 5930 }, // U+22BA
    { 8, 16, 128, 0, 14, 32, 5962 }, // U+22BB
    { 8, 16, 128, 0, 14, 32, 5994 }, // U+22BC
    { 8, 16, 128, 0, 14, 32, 6026 }, // U+22BD
    { 8, 16, 128, 0, 14, 32, 6058 }, // U+22BE
    { 8, 16, 128, 0, 14, 32, 6090 }, // U+22BF
    { 8, 16, 128, 0, 14, 32, 6122 }, // U+22C0
    { 8, 16, 128, 0, 14, 32, 6154 }, // U+22C1
    { 8, 16, 128, 0, 14, 32, 6186 }, // U+22C2
    { 8, 16, 128, 0, 14, 32, 6218 }, // U+22C3
    { 8, 16, 128, 0, 14, 32, 6250 }, // U+22C4
    { 8, 16, 128, 0, 14, 32, 6282 }, // U+22C5
    { 8, 16, 128, 0, 14, 32, 6314 }, // U+22C6
    { 8, 16, 128, 0, 14, 32, 6346 }, // U+22C7
    { 8, 16, 128, 0, 14, 32, 6378 }, // U+22C8
    { 8, 16, 128, 0, 14, 32, 6410 }, // U+22C9
    { 8, 16, 128, 0, 14, 32, 6442 }, // U+22CA
    { 8, 16, 128, 0, 14, 32, 6474 }, // U+22CB
    { 8, 16, 128, 0, 14, 32, 6506 }, // U+22CC
    { 8, 16, 128, 0, 14, 32, 6538 }, // U+22CD
    { 8, 16, 128, 0, 14, 32, 6570 }, // U+22CE
    { 8, 16, 128, 0, 14, 32, 6602 }, // U+22CF
    { 8, 16, 128, 0, 14, 32, 6634 }, // U+22D0
    { 8, 16, 128, 0, 14, 32, 6666 }, // U+22D1
    { 8, 16, 128, 0, 14, 32, 6698 }, // U+22D2
    { 8, 16, 128, 0, 14, 32, 6730 }, // U+22D3
    { 8, 16, 128, 0, 14, 32, 6762 }, // U+22D4
    { 8, 16, 128, 0, 14, 32, 6794 }, // U+22D5
    { 8, 16, 128, 0, 14, 32, 6826 }, // U+22D6
    { 8, 16, 128, 0, 14, 32, 6858 }, // U+22D7
    { 16, 16, 256, 0, 14, 64, 6890 }, // U+22D8
    { 16, 16, 256, 0, 14, 64, 6954 }, // U+22D9
    { 8, 16, 128, 0, 14, 32, 7018 }, // U+22DA
    { 8, 16, 128, 0, 14, 32, 7050 }, // U+22DB
    { 8, 16, 128, 0, 14, 32, 7082 }, // U+22DC
    { 8, 16, 128, 0, 14, 32, 7114 }, // U+22DD
    { 8, 16, 128, 0, 14, 32, 7146 }, // U+22DE
    { 8, 16, 128, 0, 14, 32, 7178 }, // U+22DF
    { 8, 16, 128, 0, 14, 32, 7210 }, // U+22E0
    { 8, 16, 128, 0, 14, 32, 7242 }, // U+22E1
    { 8, 16, 128, 0, 14, 32, 7274 }, // U+22E2
    { 8, 16, 128, 0, 14, 32, 7306 }, // U+22E3
    { 8, 16, 128, 0, 14, 32, 7338 }, // U+22E4
    { 8, 16, 128, 0, 14, 32, 7370 }, // U+22E5
    { 8, 16, 128, 0, 14, 32, 7402 }, // U+22E6
    { 8, 16, 128, 0, 14, 32, 7434 }, // U+22E7
    { 8, 16, 128, 0, 14, 32, 7466 }, // U+22E8
    { 8, 16, 128, 0, 14, 32, 7498 }, // U+22E9
    { 8, 16, 128, 0, 14, 32, 7530 }, // U+22EA
    { 8, 16, 128, 0, 14, 32, 7562 }, // U+22EB
    { 8, 16, 128, 0, 14, 32, 7594 }, // U+22EC
    { 8, 16, 128, 0, 14, 32, 7626 }, // U+22ED
    { 8, 16, 128, 0, 14, 32, 7658 }, // U+22EE
    { 8, 16, 128, 0, 14, 32, 7690 }, // U+22EF
    { 8, 16, 128, 0, 14, 32, 7722 }, // U+22F0
    { 8, 16, 128, 0, 14, 32, 7754 }, // U+22F1
    { 16, 16, 256, 0, 14, 64, 7786 }, // U+22F2
    { 16, 16, 256, 0, 14, 64, 7850 }, // U+22F3
    { 8, 16, 128, 0, 14, 32, 7914 }, // U+22F4
    { 16, 16, 256, 0, 14, 64, 7946 }, // U+22F5
    { 16, 16, 256, 0, 14, 64, 8010 }, // U+22F6
    { 8, 16, 128, 0, 14, 32, 8074 }, // U+22F7
    { 8, 16, 128, 0, 14, 32, 8106 }, // U+22F8
    { 16, 16, 256, 0, 14, 64, 8138 }, // U+22F9
    { 16, 16, 256, 0, 14, 64, 8202 }, // U+22FA
    { 16, 16, 256, 0, 14, 64, 8266 }, // U+22FB
    { 8, 16, 128, 0, 14, 32, 8330 }, // U+22FC
    { 16, 16, 256, 0, 14, 64, 8362 }, // U+22FD
    { 8, 16, 128, 0, 14, 32, 8426 }, // U+22FE
    { 16, 16, 256, 0, 14, 64, 8458 }, // U+22FF
    { 8, 16, 128, 0, 14, 32, 0 }, // U+FB00
    { 8, 16, 128, 0, 14, 32, 32 }, // U+FB01
    { 8, 16, 128, 0, 14, 32, 64 }, // U+FB02
    { 8, 16, 128, 0, 14, 32, 96 }, // U+FB03
    { 8, 16, 128, 0, 14, 32, 128 }, // U+FB04
    { 8, 16, 128, 0, 14, 32, 160 }, // U+FB05
    { 8, 16, 128, 0, 14, 32, 192 }, // U+FB06
    { 8, 16, 128, 0, 14, 32, 0 }, // U+FFFD
};

static const EpdUnicodeInterval helvetica_9_boldIntervals[] = {
    { 0x0, 0x17F, 0x0 },
    { 0x1A0, 0x1A1, 0x180 },
    { 0x1AF, 0x1B0, 0x182 },
    { 0x1C4, 0x21F, 0x184 },
    { 0x300, 0x36F, 0x1E0 },
    { 0x400, 0x4FF, 0x250 },
    { 0x1EA0, 0x1EF9, 0x350 },
    { 0x2000, 0x20CF, 0x3AA },
    { 0x2190, 0x22FF, 0x47A },
    { 0xFB00, 0xFB06, 0x5EA },
    { 0xFFFD, 0xFFFD, 0x5F1 },
};

static const EpdFontGroup helvetica_9_boldGroups[] = {
    { 0, 1252, 5262, 128, 0 },
    { 1252, 1234, 5867, 128, 128 },
    { 2486, 1100, 5950, 128, 256 },
    { 3586, 951, 4568, 96, 384 },
    { 4537, 461, 3840, 112, 480 },
    { 4998, 1369, 8256, 256, 592 },
    { 6367, 713, 4527, 90, 848 },
    { 7080, 820, 3757, 112, 938 },
    { 7900, 272, 1544, 48, 1050 },
    { 8172, 530, 2026, 48, 1098 },
    { 8702, 743, 3840, 112, 1146 },
    { 9445, 1650, 8636, 256, 1258 },
    { 11095, 80, 224, 7, 1514 },
    { 11175, 23, 32, 1, 1521 },
};

static const EpdFontData helvetica_9_bold = {
    helvetica_9_boldBitmaps,
    helvetica_9_boldGlyphs,
    helvetica_9_boldIntervals,
    11,
    21,
    16,
    -5,
    true,
    helvetica_9_boldGroups,
    14,
    nullptr,
    nullptr,
    nullptr,
    nullptr,
    nullptr,
    nullptr,
    nullptr,
    nullptr,
    nullptr,
    nullptr,
    nullptr,
    0,
    0,
    0,
    0,
    nullptr,
    0,
};
