/**
 * generated by fontconvert.py
 * name: helvetica_16_bolditalic
 * size: 16
 * mode: 2-bit  compressed: true
 * Command used: fontconvert.py helvetica_16_bolditalic 16 ../../../x11/font-adobe-100dpi-1.0.4/helvBO24.bdf ../../../x11/unifont-18.0.01.bdf --2bit --compress --zopfli
 */
#pragma once
#include "EpdFontData.h"

static const uint8_t helvetica_16_bolditalicBitmaps[18245] = {
    0xCC, 0x95, 0x4D, 0x8A, 0xE5, 0x30, 0x0C, 0x84, 0x05, 0xDA, 0x0A, 0x74, 0x15, 0x83, 0xB7, 0x0F,
    0x74, 0x75, 0x81, 0xB6, 0x86, 0x5C, 0x45, 0x90, 0xAD, 0xC1, 0x53, 0x4E, 0x9C, 0x9E, 0x40, 0x77,
    0x2F, 0x3C, 0xAB, 0xB1, 0x4D, 0x55, 0x94, 0xF8, 0x4B, 0xC9, 0xFD, 0xF3, 0x5E, 0xBB, 0x86, 0xD3,
    0x3D, 0x6E, 0xFF, 0x1F, 0xAB, 0xD5, 0xE7, 0x14, 0x54, 0xEC, 0x90, 0xC7, 0x35, 0x42, 0x53, 0xAA,
    0xA8, 0xD4, 0xE1, 0xAD, 0x8A, 0x71, 0xE8, 0xFB, 0xF9, 0xE3, 0x15, 0xE3, 0x47, 0xFE, 0x68, 0x35,
    0x59, 0x8A, 0x32, 0x87, 0x87, 0x14, 0x63, 0xA9, 0x3B, 0xBC, 0x2D, 0xDE, 0x82, 0xE3, 0xF6, 0x4D,
    0x3E, 0x8E, 0x91, 0x52, 0xDC, 0x5A, 0x89, 0xCB, 0xC3, 0x63, 0x87, 0x07, 0x77, 0xCE, 0xF3, 0xDB,
    0x51, 0x35, 0xE5, 0xFC, 0xA0, 0x1E, 0x3B, 0xBC, 0x32, 0xFA, 0x6F, 0x82, 0x7C, 0xE5, 0xE9, 0x25,
    0xDA, 0x5E, 0xFF, 0x7A, 0x82, 0xE3, 0xB7, 0x6F, 0xE5, 0x73, 0xD7, 0x08, 0x2E, 0xD3, 0x39, 0x98,
    0x9C, 0xBB, 0xF1, 0x0E, 0x2F, 0x32, 0xA2, 0x89, 0x90, 0x76, 0x61, 0x38, 0x6A, 0xD9, 0xE3, 0x09,
    0x3C, 0xF9, 0x97, 0x6B, 0xF7, 0xFD, 0xFC, 0x95, 0x1B, 0x45, 0x88, 0x7C, 0x2F, 0x5F, 0xFB, 0x93,
    0xFB, 0xF4, 0xB1, 0x97, 0xCF, 0x7D, 0x30, 0x38, 0x17, 0x9A, 0x1E, 0xA8, 0x3D, 0xF6, 0x78, 0xBB,
    0x78, 0x4E, 0x70, 0xE2, 0xAE, 0x69, 0xBB, 0xF9, 0xE8, 0x5B, 0x88, 0x53, 0xD8, 0x45, 0x48, 0x73,
    0x6C, 0xE5, 0x6B, 0xF0, 0xD9, 0x2A, 0x93, 0xD4, 0xDB, 0x35, 0xCE, 0x73, 0x87, 0x37, 0xF6, 0xC8,
    0xC6, 0x5E, 0x1A, 0xC1, 0xC9, 0x8D, 0x63, 0x93, 0x8F, 0xC9, 0x95, 0x9B, 0x67, 0xFA, 0x77, 0x9E,
    0x2F, 0x9F, 0xF5, 0x1E, 0xEF, 0x15, 0x5C, 0x82, 0x87, 0x73, 0xCE, 0x7A, 0x87, 0x2F, 0x11, 0xDA,
    0x5B, 0x2D, 0x9F, 0x56, 0xE3, 0x3C, 0x4E, 0xF4, 0x51, 0x75, 0x87, 0xD7, 0x52, 0x35, 0x25, 0x9A,
    0x32, 0x9B, 0x07, 0x8B, 0x31, 0x6F, 0xF1, 0x76, 0x1C, 0xEB, 0x73, 0x4F, 0xBF, 0x7C, 0x2B, 0x5F,
    0xA5, 0x66, 0x39, 0x4A, 0xB1, 0x76, 0x66, 0x69, 0x45, 0x71, 0x80, 0x2D, 0xBE, 0x7B, 0x34, 0x3A,
    0x5D, 0x7B, 0x83, 0x3B, 0xDC, 0xF7, 0xF2, 0x5B, 0x3D, 0xD7, 0xF7, 0xC7, 0xE9, 0xAD, 0xCA, 0xF6,
    0xEF, 0x3F, 0x72, 0xA4, 0x30, 0x3C, 0x38, 0xA9, 0x92, 0x1D, 0x3E, 0x76, 0xFF, 0xFF, 0x82, 0x1C,
    0xFE, 0x81, 0x33, 0x66, 0xE7, 0x1D, 0x9E, 0x1E, 0xFE, 0x03, 0x5E, 0x18, 0xF5, 0x1E, 0xCF, 0x09,
    0x5E, 0x1C, 0x0E, 0xBE, 0x20, 0x5F, 0x36, 0x79, 0x59, 0xBC, 0xAC, 0xFC, 0xFC, 0x9D, 0x27, 0xB2,
    0x5C, 0x6B, 0x60, 0xF9, 0x6B, 0x11, 0x16, 0x63, 0xF5, 0x67, 0xE5, 0xB3, 0xD6, 0x4B, 0xBE, 0x73,
    0xAF, 0x49, 0x7F, 0x67, 0x5F, 0x33, 0x31, 0x11, 0x9D, 0x0A, 0x5E, 0xD3, 0xA6, 0xFA, 0x54, 0xC3,
    0xEE, 0x47, 0x07, 0xF7, 0xA5, 0x3C, 0x30, 0xFC, 0xBB, 0x2E, 0xD4, 0xDE, 0x28, 0x41, 0x07, 0x46,
    0xFE, 0xA0, 0xC8, 0xCB, 0x5F, 0xF3, 0x80, 0xF6, 0xD7, 0x0F, 0x0E, 0x82, 0x10, 0xDC, 0x9D, 0x39,
    0x93, 0xE6, 0x71, 0x18, 0x44, 0x35, 0xB5, 0xDB, 0x23, 0xE3, 0x43, 0xA4, 0xA3, 0xAF, 0xBD, 0xD8,
    0x97, 0xA8, 0xD7, 0x25, 0xE4, 0x04, 0x4B, 0x09, 0x61, 0xC8, 0xB8, 0x05, 0x59, 0x23, 0x02, 0x32,
    0xC0, 0x19, 0x08, 0x00, 0x73, 0x1B, 0x2A, 0xB0, 0x84, 0xF1, 0xF9, 0x12, 0xCB, 0x79, 0xC1, 0xF3,
    0x51, 0xBF, 0xDE, 0xCB, 0x89, 0x7B, 0xC3, 0xD5, 0xAF, 0x43, 0x2B, 0xA8, 0x79, 0x71, 0x5B, 0x9F,
    0x86, 0x10, 0x58, 0x0C, 0x75, 0xD0, 0xA3, 0xC3, 0xC0, 0x25, 0x76, 0xCC, 0x87, 0x9D, 0x07, 0x9C,
    0xD3, 0x86, 0xC3, 0xFC, 0xEE, 0x16, 0x7B, 0x41, 0x1A, 0x77, 0x86, 0x75, 0x4D, 0x18, 0xE7, 0x63,
    0x98, 0xA4, 0xAE, 0xDD, 0x90, 0x7B, 0xF7, 0xD9, 0xEF, 0xA3, 0xE6, 0xDD, 0x1C, 0xEE, 0x41, 0xE8,
    0x3A, 0x00, 0x3F, 0xA7, 0x87, 0x1A, 0x08, 0x68, 0x2E, 0xF5, 0xA9, 0x03, 0xAA, 0x60, 0xA7, 0x76,
    0x28, 0x0F, 0x7F, 0xBF, 0xC0, 0x9C, 0x81, 0x8E, 0x2B, 0x6C, 0x60, 0xFB, 0xDC, 0x64, 0x3E, 0x75,
    0x38, 0xBF, 0xFE, 0xB0, 0x78, 0x6A, 0xDA, 0x9F, 0x5E, 0xCD, 0x36, 0xC7, 0x6D, 0x5E, 0x87, 0xC2,
    0x02, 0xB4, 0x00, 0x6E, 0xE5, 0x5D, 0xC0, 0x00, 0xDC, 0xBA, 0x80, 0x59, 0x40, 0xB6, 0x42, 0xA0,
    0x7F, 0x09, 0xF0, 0x5A, 0xE7, 0xD0, 0x62, 0x54, 0xD5, 0x9D, 0x7E, 0xE1, 0x36, 0xD6, 0x73, 0x30,
    0x49, 0x6C, 0x51, 0x14, 0x49, 0xC9, 0x4E, 0xD7, 0xA4, 0x6A, 0xC4, 0x0B, 0xCE, 0x99, 0xF6, 0xCF,
    0xBE, 0x33, 0xF8, 0x2A, 0xE0, 0x0C, 0x53, 0x3C, 0x1D, 0xD0, 0xE6, 0x77, 0xC4, 0xD8, 0xF8, 0x56,
    0xBE, 0x5D, 0x1F, 0xD5, 0xC7, 0x7B, 0x8B, 0x1F, 0xB6, 0xF3, 0x7B, 0x0C, 0x69, 0xB6, 0xEE, 0xEC,
    0x5A, 0x98, 0x2C, 0x98, 0xC6, 0x16, 0x5F, 0x1E, 0x95, 0x6B, 0x72, 0x1D, 0x4C, 0xCA, 0x4C, 0xC4,
    0x7C, 0x1B, 0x6F, 0x28, 0x2E, 0x37, 0x45, 0xDB, 0xC7, 0xC7, 0x47, 0x7C, 0xB8, 0x86, 0xCB, 0xF4,
    0x50, 0xBB, 0xA8, 0x62, 0x31, 0xCB, 0x06, 0x47, 0xF9, 0x3D, 0xBA, 0x27, 0x34, 0x22, 0x46, 0x6C,
    0x80, 0xED, 0x05, 0x0E, 0xAB, 0x30, 0x23, 0x45, 0xE6, 0xCB, 0x9A, 0xCD, 0x0C, 0x9E, 0x79, 0x33,
    0x1A, 0xCE, 0xAD, 0x63, 0x4E, 0x7D, 0x58, 0xB0, 0xDA, 0x4E, 0x4F, 0x0C, 0x36, 0x69, 0x6C, 0x1F,
    0xD9, 0xEC, 0xAF, 0x3F, 0x6E, 0x6D, 0x25, 0x9D, 0x4E, 0xB0, 0x3C, 0x7C, 0xC6, 0x10, 0x6F, 0x37,
    0xEC, 0x82, 0x16, 0xC6, 0x8D, 0x98, 0x80, 0xBB, 0x37, 0xF8, 0x85, 0x75, 0xA2, 0xA9, 0xE1, 0x9A,
    0xBC, 0xBA, 0x32, 0xD9, 0x8D, 0x7E, 0x84, 0xA7, 0x5B, 0x78, 0xE4, 0x61, 0xAB, 0x84, 0xD6, 0x9C,
    0x55, 0xDC, 0xB6, 0x3A, 0xBC, 0x09, 0x0F, 0x4C, 0x20, 0xEB, 0xC7, 0x68, 0x92, 0xF1, 0x8C, 0x5E,
    0x69, 0x7D, 0x8F, 0x76, 0xC1, 0x09, 0x64, 0x1C, 0xC0, 0x7C, 0xC3, 0x02, 0x4B, 0x07, 0x30, 0x9B,
    0x34, 0xDE, 0xFF, 0x92, 0xE0, 0xC5, 0xE1, 0x18, 0x6F, 0xB1, 0x01, 0xA3, 0x28, 0x97, 0xB5, 0x4E,
    0xBF, 0x95, 0xCB, 0x12, 0xD5, 0x51, 0x9E, 0x91, 0x48, 0xC3, 0xB3, 0x97, 0x72, 0x9E, 0xC4, 0xED,
    0x3C, 0xBD, 0x90, 0x03, 0x1A, 0xE9, 0xB7, 0x5C, 0x7B, 0xD7, 0x65, 0x04, 0xA0, 0xE5, 0x83, 0x65,
    0xA4, 0x3B, 0xEA, 0x7A, 0xCC, 0xB5, 0xFB, 0x46, 0xC0, 0x65, 0x17, 0x50, 0x96, 0xB4, 0x66, 0xF6,
    0x8C, 0xDD, 0x91, 0x0E, 0x22, 0x06, 0x5D, 0x45, 0x48, 0xD6, 0x5A, 0x5A, 0x44, 0x54, 0x52, 0xF8,
    0x4A, 0x0A, 0xE3, 0x4C, 0xF8, 0x02, 0xAB, 0x11, 0x47, 0xB9, 0x83, 0x43, 0x25, 0x46, 0x9C, 0x71,
    0xC2, 0xF1, 0xAA, 0xE5, 0xFA, 0x20, 0xF9, 0x31, 0x23, 0xB1, 0x7B, 0x03, 0x56, 0xA6, 0xF1, 0x43,
    0x5F, 0x88, 0x16, 0x3E, 0xFB, 0xB0, 0x89, 0x81, 0x72, 0x06, 0x74, 0x60, 0x45, 0xB7, 0x5A, 0xF9,
    0x39, 0x17, 0xA3, 0x1C, 0x6E, 0x98, 0x6E, 0x18, 0xEF, 0xC9, 0x2F, 0x7E, 0x04, 0xD3, 0xF9, 0xFE,
    0xF9, 0x21, 0xCD, 0x7D, 0xF4, 0xF2, 0xC3, 0x78, 0x15, 0x56, 0x36, 0xD9, 0x80, 0x1C, 0xF9, 0xA4,
    0xB7, 0xE9, 0xB1, 0x4E, 0x8F, 0xF7, 0x68, 0x95, 0xAD, 0x31, 0x80, 0x1E, 0x8D, 0x30, 0x81, 0x73,
    0xD6, 0x78, 0x33, 0xE4, 0x19, 0x8E, 0xFB, 0x9A, 0x9D, 0x7E, 0xCE, 0xB8, 0x11, 0x13, 0xC0, 0x08,
    0x9D, 0x7F, 0x86, 0x49, 0xF4, 0x89, 0xDC, 0x53, 0x8C, 0x9C, 0x42, 0x5B, 0x81, 0xC1, 0x7E, 0xF1,
    0x4D, 0xFB, 0x61, 0xBF, 0x3D, 0x7A, 0x48, 0x88, 0x8B, 0xB7, 0xED, 0x5F, 0x55, 0x40, 0xD4, 0xEA,
    0xDA, 0x48, 0xFD, 0xF0, 0x1F, 0x6B, 0x81, 0x7A, 0x96, 0x8E, 0x86, 0xAD, 0x95, 0xDC, 0x35, 0x7E,
    0xF0, 0x4B, 0xFF, 0xD1, 0xF9, 0xCC, 0x9D, 0x3B, 0x86, 0x3B, 0x6D, 0xF2, 0x3B, 0xFB, 0x09, 0xA7,
    0xF7, 0x99, 0xDB, 0x69, 0xAD, 0xAE, 0x69, 0xC4, 0xA6, 0x22, 0xC2, 0x01, 0x04, 0x0A, 0x70, 0x9A,
    0x95, 0xEB, 0x83, 0xAE, 0xA5, 0x01, 0xE8, 0x63, 0xC5, 0x43, 0xD6, 0x5E, 0x00, 0x26, 0xD4, 0x36,
    0x28, 0xC1, 0x29, 0x89, 0xF0, 0x4C, 0x3B, 0xD8, 0xEE, 0xF4, 0x2E, 0x2B, 0x38, 0xBF, 0x56, 0x55,
    0x48, 0x08, 0x96, 0x5E, 0x25, 0x62, 0x10, 0x31, 0x8E, 0xE2, 0x56, 0xF5, 0xCE, 0xCF, 0x05, 0x2B,
    0xFF, 0x9D, 0xD1, 0x9C, 0xC8, 0xCF, 0x1C, 0xA2, 0x30, 0x9C, 0xAE, 0xE1, 0xD5, 0x65, 0xAD, 0xF4,
    0x96, 0x03, 0x36, 0xF6, 0xD0, 0x3D, 0xAF, 0xEF, 0x48, 0x48, 0x19, 0xD1, 0x39, 0xC0, 0x98, 0x91,
    0x2D, 0xD1, 0x54, 0x46, 0xB7, 0x7E, 0xA9, 0x0E, 0x41, 0xFC, 0x68, 0xD3, 0x79, 0x96, 0xC7, 0x54,
    0x6B, 0xEE, 0xCD, 0x11, 0x97, 0xD0, 0xD1, 0xCD, 0x59, 0xDA, 0xA0, 0xD8, 0xCE, 0xF5, 0x98, 0xAF,
    0xC6, 0x32, 0x77, 0xF1, 0xD2, 0x69, 0x0E, 0xA3, 0xB9, 0x86, 0xA7, 0x46, 0x95, 0xA0, 0xF6, 0xB0,
    0x2C, 0x6B, 0x11, 0x50, 0xA5, 0x72, 0x89, 0xC9, 0x60, 0x9B, 0x54, 0x30, 0x26, 0x7B, 0x92, 0x9B,
    0xB3, 0xA2, 0x7E, 0x2B, 0xC6, 0xE7, 0x22, 0xEB, 0x91, 0x90, 0x3E, 0xA9, 0xA4, 0x4D, 0x46, 0xC4,
    0xCD, 0x5E, 0xB4, 0xD9, 0x29, 0xB8, 0xB6, 0x85, 0x41, 0x8E, 0x49, 0x16, 0x3D, 0x46, 0x1B, 0x68,
    0x1C, 0x76, 0x5D, 0x5C, 0xDE, 0x69, 0x1D, 0xDD, 0x61, 0x35, 0xE5, 0xF5, 0x39, 0x6B, 0x60, 0x34,
    0x21, 0x7D, 0x7E, 0x8A, 0x7E, 0x37, 0xAA, 0x25, 0x7B, 0xB0, 0x67, 0x74, 0x48, 0x3F, 0x5B, 0x99,
    0xEF, 0x70, 0x15, 0x04, 0x6F, 0x75, 0x56, 0x59, 0x10, 0xB5, 0x79, 0x06, 0x85, 0x78, 0x87, 0x55,
    0x12, 0x6D, 0xD2, 0x27, 0xE9, 0x58, 0xB5, 0x62, 0x8C, 0x67, 0xD2, 0x0F, 0x61, 0xB4, 0x0A, 0x31,
    0x37, 0x4D, 0xCA, 0x51, 0x38, 0x38, 0x4D, 0xCD, 0x14, 0x1E, 0xE0, 0xE1, 0x2B, 0x72, 0xF4, 0x1F,
    0x79, 0xAC, 0x27, 0xDB, 0xC9, 0xB4, 0x5C, 0x9D, 0xF3, 0x52, 0x2C, 0x5F, 0xA5, 0x97, 0x04, 0x44,
    0x16, 0x6F, 0x5E, 0x8A, 0x36, 0x69, 0x19, 0x67, 0x9E, 0xDC, 0xAD, 0x3A, 0x87, 0x9D, 0xC9, 0x57,
    0x8C, 0x88, 0x62, 0x8E, 0xDA, 0x33, 0x50, 0x4F, 0xAA, 0x1D, 0x5C, 0x33, 0x48, 0x5A, 0x32, 0x2D,
    0x29, 0x66, 0x64, 0xFE, 0xAA, 0x55, 0xFE, 0x46, 0x6B, 0x42, 0xFE, 0xB2, 0x55, 0x64, 0x1C, 0x31,
    0x80, 0x6B, 0x57, 0xC5, 0x61, 0x17, 0x8C, 0x5A, 0xCC, 0xB1, 0x06, 0xCE, 0x42, 0x6C, 0x0F, 0x0A,
    0xCE, 0xCD, 0x35, 0x26, 0x45, 0x53, 0x8C, 0x02, 0xF3, 0x32, 0x95, 0x5A, 0x6E, 0xB9, 0x52, 0x50,
    0x8A, 0x97, 0x20, 0xFB, 0x1C, 0xA7, 0xC3, 0x29, 0x43, 0x72, 0x68, 0x19, 0x67, 0x2F, 0x16, 0x63,
    0xDE, 0x3B, 0x8E, 0xEC, 0x29, 0xF3, 0x7B, 0x97, 0x7E, 0x4B, 0x9A, 0x8B, 0xF7, 0x77, 0x91, 0x94,
    0x4C, 0xCD, 0x47, 0xE1, 0x00, 0xFC, 0x41, 0x62, 0xFC, 0xBA, 0x0D, 0x8F, 0xCF, 0x31, 0xE8, 0xC7,
    0x75, 0xC8, 0x75, 0x78, 0x1D, 0x6A, 0xE7, 0x79, 0x74, 0xF6, 0x09, 0xB5, 0x07, 0xC4, 0x38, 0xD0,
    0x89, 0xA6, 0xB6, 0xA1, 0xEE, 0x4F, 0xB8, 0xD7, 0xDF, 0x77, 0x16, 0xBC, 0xC3, 0xA8, 0xD1, 0x09,
    0xFD, 0xC3, 0x29, 0x9B, 0x07, 0x87, 0x33, 0x45, 0x18, 0x1A, 0xEA, 0x10, 0x86, 0xD3, 0x8B, 0x7D,
    0x6A, 0x56, 0x75, 0xA3, 0x8C, 0xFA, 0x4B, 0x22, 0x1C, 0xF2, 0x82, 0xB8, 0x04, 0xA4, 0xA7, 0x64,
    0x4D, 0xBE, 0xC5, 0x56, 0xE7, 0x65, 0x83, 0x6C, 0xD3, 0x7B, 0x9F, 0xF1, 0x8E, 0xF8, 0xC2, 0x21,
    0x07, 0x24, 0x7E, 0xD1, 0xDD, 0xFB, 0xDD, 0xEA, 0xCA, 0x9A, 0xAB, 0x41, 0x62, 0x49, 0xA4, 0xB0,
    0x30, 0x96, 0x48, 0xCA, 0xCB, 0x7B, 0xE8, 0xD0, 0x14, 0xB5, 0x29, 0xB1, 0x89, 0xAB, 0x89, 0xEB,
    0xA7, 0x07, 0x84, 0x8F, 0x27, 0x5E, 0x9B, 0xC4, 0xC0, 0xDD, 0xEE, 0x5C, 0x18, 0xA7, 0xF4, 0x77,
    0xE1, 0xF6, 0x9D, 0x32, 0xD4, 0x73, 0xBB, 0x2E, 0x5E, 0x19, 0xB5, 0x09, 0xAA, 0x5F, 0x4A, 0x2B,
    0x19, 0x25, 0x3D, 0xC2, 0x64, 0x0A, 0xAE, 0xD2, 0x43, 0x52, 0xBC, 0x44, 0xA2, 0xBB, 0x3A, 0x66,
    0x51, 0xAD, 0xA4, 0xA5, 0x20, 0xCE, 0x9C, 0xEE, 0xB2, 0x5D, 0x90, 0xED, 0x91, 0x52, 0x53, 0x9B,
    0xB5, 0xD0, 0xA7, 0xC4, 0x56, 0xAF, 0x28, 0x5C, 0xAC, 0x32, 0x26, 0xAA, 0x5E, 0x4D, 0xC1, 0xEC,
    0x2D, 0x51, 0xDB, 0x64, 0x40, 0x32, 0x18, 0xDE, 0x44, 0x52, 0x9C, 0x81, 0x47, 0xA1, 0xD5, 0xC8,
    0x86, 0x18, 0xCA, 0x34, 0x61, 0xA2, 0x44, 0xAD, 0xD0, 0xB9, 0x5C, 0x9F, 0x0B, 0xE4, 0xA8, 0xA5,
    0x88, 0xD4, 0x8D, 0x2C, 0x55, 0x8B, 0x1D, 0xC4, 0x60, 0x62, 0x5F, 0x86, 0xC1, 0x5F, 0x2C, 0xFA,
    0xE3, 0xA1, 0xE8, 0x3F, 0x39, 0x71, 0xFC, 0x81, 0x13, 0x4B, 0xE8, 0xBD, 0xEF, 0x45, 0xE9, 0x44,
    0xAC, 0xC8, 0xB6, 0x4D, 0x7D, 0x8C, 0xAC, 0x35, 0x53, 0x3A, 0xA5, 0x96, 0x4C, 0x53, 0x5A, 0x2C,
    0x6D, 0xDB, 0x66, 0x80, 0xFE, 0xB4, 0x31, 0x23, 0x59, 0xC9, 0xC9, 0x73, 0x7B, 0x26, 0x8B, 0x2C,
    0xBE, 0x60, 0xBF, 0x59, 0x9B, 0x0D, 0xDF, 0x78, 0x74, 0x72, 0xDF, 0x32, 0x74, 0x4E, 0x47, 0x59,
    0x88, 0x9B, 0xE5, 0x9A, 0xD5, 0x8D, 0x77, 0x55, 0xED, 0x2B, 0x62, 0x6C, 0x6D, 0x8E, 0xC9, 0x96,
    0x35, 0x12, 0xCC, 0xD8, 0x8C, 0xCC, 0x81, 0xA0, 0x6D, 0x8E, 0x03, 0xE7, 0x1E, 0x1B, 0x33, 0xBC,
    0x1F, 0x00, 0x5C, 0x04, 0xFC, 0x66, 0xA5, 0xF3, 0xDF, 0x5F, 0x58, 0xDE, 0xB0, 0x0F, 0x5A, 0xA2,
    0x76, 0x73, 0x27, 0x99, 0x4E, 0x74, 0xF9, 0xC9, 0x7D, 0x7F, 0xBF, 0x51, 0xC9, 0x95, 0x4D, 0x2E,
    0x6B, 0x27, 0xA8, 0xA0, 0xDC, 0xF1, 0xDD, 0xB2, 0x80, 0xDC, 0x10, 0xBF, 0xA1, 0xA6, 0x13, 0xB8,
    0x48, 0xA2, 0x56, 0x47, 0xF1, 0x1B, 0x6A, 0xFC, 0xA6, 0x58, 0x00, 0xAD, 0xC9, 0x37, 0x00, 0x89,
    0x03, 0xD8, 0xC2, 0x20, 0xCA, 0x1B, 0x69, 0xA0, 0x1A, 0x35, 0x2E, 0x65, 0x70, 0x94, 0x4A, 0xCC,
    0x2E, 0x37, 0x65, 0x91, 0x7E, 0x2D, 0x85, 0x79, 0x21, 0xA5, 0x83, 0x1A, 0x97, 0x7E, 0xFA, 0x34,
    0x0A, 0xFA, 0x79, 0xE9, 0x3C, 0xEB, 0xD3, 0xDF, 0x75, 0xC8, 0x6B, 0x6A, 0x5C, 0x6A, 0xD4, 0x80,
    0xC2, 0xD2, 0x52, 0x64, 0x42, 0x29, 0xA3, 0xBE, 0x34, 0x6B, 0x42, 0xC9, 0x3C, 0x30, 0x7B, 0x0E,
    0x09, 0x83, 0x30, 0x32, 0x3E, 0x29, 0xF7, 0xFE, 0xD2, 0x29, 0x46, 0x19, 0xBC, 0x5A, 0xCA, 0x64,
    0x53, 0x4A, 0xC4, 0x38, 0x77, 0x09, 0x0E, 0x51, 0xCF, 0xF5, 0x3C, 0xBB, 0xA3, 0xC0, 0x34, 0x9A,
    0x92, 0x86, 0x33, 0x47, 0x52, 0xB0, 0x9C, 0xA8, 0xF3, 0x76, 0x88, 0x4B, 0x9F, 0x49, 0x3D, 0xD3,
    0x0C, 0x8C, 0x45, 0x9C, 0xDF, 0x64, 0x7F, 0x59, 0x83, 0xDA, 0x0D, 0xFF, 0x93, 0xED, 0x44, 0x96,
    0x18, 0x52, 0x8B, 0xB5, 0x61, 0x0E, 0xDB, 0x7E, 0x7C, 0xF8, 0xA7, 0x6F, 0x3F, 0xDE, 0x86, 0x48,
    0xD8, 0x6A, 0xBC, 0xFB, 0x7D, 0xF8, 0x65, 0xA1, 0xA1, 0xF5, 0xBB, 0x79, 0x35, 0xB9, 0x9B, 0xB1,
    0x69, 0xB5, 0xF3, 0x52, 0x51, 0xCD, 0x9A, 0xBF, 0xBD, 0x3E, 0xF2, 0xA5, 0x6F, 0x2F, 0xB9, 0x5F,
    0x63, 0xBE, 0x36, 0x5B, 0xFF, 0x0F, 0xC6, 0x06, 0x1A, 0x6C, 0xAD, 0x6B, 0x49, 0x0C, 0x34, 0x6C,
    0xE4, 0x14, 0xAD, 0xBB, 0x0C, 0x31, 0xBE, 0x74, 0xB0, 0x45, 0xEB, 0xE6, 0xAD, 0x3B, 0xBC, 0x4C,
    0x34, 0x3C, 0x70, 0xB1, 0x36, 0xA3, 0xCA, 0xB7, 0xDF, 0x04, 0xC6, 0x05, 0x6F, 0x4A, 0x30, 0x7A,
    0x04, 0x1F, 0xE4, 0x22, 0xDF, 0xB0, 0x51, 0xD3, 0x51, 0xBB, 0x73, 0x6E, 0xCC, 0x13, 0x1A, 0x2F,
    0xCF, 0x7B, 0x7C, 0x7D, 0x7C, 0x02, 0x5A, 0x78, 0xC5, 0x05, 0x0D, 0xEB, 0x11, 0x84, 0x77, 0x6E,
    0x05, 0x33, 0x03, 0x5C, 0xFC, 0x80, 0x29, 0xAA, 0x1E, 0xBA, 0x8E, 0x3E, 0x11, 0x91, 0x0F, 0xEF,
    0x5F, 0x61, 0xF9, 0x08, 0x86, 0x7B, 0xED, 0xBC, 0x77, 0x22, 0xC4, 0xFB, 0xFE, 0xDB, 0x06, 0x27,
    0x66, 0x43, 0x3D, 0x3B, 0x1E, 0xB2, 0x46, 0x14, 0x36, 0x91, 0x2B, 0xE3, 0x76, 0x42, 0x07, 0xFC,
    0x86, 0x24, 0x24, 0x70, 0xF2, 0xAB, 0x86, 0x85, 0x27, 0xA8, 0xB0, 0x39, 0x4B, 0xE4, 0xF8, 0x0E,
    0x9D, 0x68, 0xF7, 0x33, 0xBD, 0x0B, 0x6B, 0x58, 0x12, 0xDF, 0xE6, 0x38, 0xBA, 0x1F, 0xC3, 0x9A,
    0x63, 0xCD, 0xFD, 0x32, 0x7F, 0xE0, 0xD5, 0xDA, 0xF2, 0x27, 0xB8, 0x48, 0x13, 0x5C, 0x3C, 0xF2,
    0xA2, 0xB9, 0x2E, 0x8F, 0xCC, 0xCA, 0xBE, 0x62, 0x89, 0xF3, 0x55, 0x21, 0x8C, 0x45, 0x44, 0xD1,
    0xE6, 0x19, 0x7B, 0x28, 0xCB, 0xD6, 0x78, 0xEA, 0xD6, 0xEA, 0x32, 0xAC, 0x8E, 0x63, 0x46, 0xDC,
    0x45, 0x8D, 0xD0, 0x5C, 0x11, 0x39, 0xDE, 0xDC, 0x4D, 0xAE, 0x9D, 0xCE, 0x9C, 0xE9, 0xA4, 0x1C,
    0xCC, 0x4D, 0x7B, 0xED, 0x2F, 0x92, 0xF5, 0x53, 0x6A, 0x0E, 0x98, 0xE4, 0xAE, 0x55, 0xA3, 0x36,
    0xBD, 0xAC, 0x87, 0xDE, 0x8E, 0x10, 0x25, 0xA2, 0xD0, 0x26, 0x24, 0xC6, 0x8A, 0x53, 0x7F, 0x8F,
    0xD3, 0x26, 0x40, 0x2E, 0xC7, 0x05, 0xDB, 0x17, 0xEE, 0xC2, 0xC0, 0x66, 0xA9, 0x27, 0x72, 0x2C,
    0x6A, 0xDB, 0x83, 0xD8, 0xF3, 0xA7, 0xB0, 0x9F, 0xDC, 0x85, 0x8F, 0x3C, 0x76, 0x5F, 0xEF, 0x4F,
    0xD0, 0xAB, 0x62, 0xFC, 0xC2, 0x94, 0xC5, 0x38, 0x1A, 0x4F, 0xAF, 0xB6, 0x6E, 0xCE, 0x66, 0xE3,
    0x29, 0xBF, 0x94, 0xEF, 0x2C, 0x16, 0xD8, 0x7F, 0x62, 0xCF, 0xCB, 0xBB, 0x34, 0x44, 0xB3, 0x4D,
    0xF0, 0xC6, 0x7E, 0x61, 0x10, 0xEA, 0x9A, 0xEE, 0x2C, 0x17, 0x33, 0x3F, 0xCB, 0x8F, 0xA7, 0x3F,
    0x4E, 0x0F, 0xD2, 0x89, 0x5F, 0xFA, 0x31, 0xB8, 0x91, 0x0D, 0x8D, 0x17, 0xE7, 0x3A, 0x6E, 0x99,
    0x46, 0x87, 0x4B, 0xE4, 0x2E, 0x2C, 0xEB, 0x64, 0x5A, 0xB3, 0x0B, 0x7F, 0xBF, 0x71, 0x85, 0x58,
    0xEE, 0xD9, 0x76, 0xC9, 0x1A, 0x9B, 0x23, 0x49, 0x41, 0xEF, 0x55, 0x12, 0x13, 0xE3, 0x0E, 0xB5,
    0xAC, 0x81, 0xEA, 0x67, 0xA8, 0xE9, 0x57, 0xA1, 0xB6, 0xFD, 0x94, 0x39, 0xB2, 0x2A, 0x71, 0xC3,
    0xA2, 0xC7, 0x8F, 0x08, 0xC4, 0x56, 0x9F, 0xF0, 0x75, 0x8D, 0xF3, 0x3F, 0x64, 0x60, 0x10, 0x4D,
    0x5F, 0x5C, 0xC8, 0x3D, 0xE1, 0xB8, 0x78, 0xF6, 0x7E, 0xC9, 0x01, 0xCC, 0x07, 0xC1, 0x8B, 0x07,
    0x31, 0xF4, 0x5B, 0x4C, 0x93, 0xC2, 0x9E, 0xB3, 0x92, 0xC8, 0xD0, 0x9E, 0x1E, 0x88, 0x97, 0xB5,
    0xA7, 0x62, 0xFB, 0x7D, 0xC5, 0x6D, 0x9D, 0xC8, 0x1F, 0x62, 0xC7, 0x56, 0x6C, 0xB1, 0x80, 0x75,
    0x67, 0x29, 0x2F, 0xC0, 0x90, 0x13, 0xD1, 0xAC, 0x85, 0x58, 0x0F, 0xB5, 0xCE, 0xDE, 0xF3, 0x61,
    0xE4, 0x6F, 0x55, 0xC6, 0x73, 0x6E, 0x7A, 0xAE, 0xC2, 0x02, 0xB0, 0x58, 0x05, 0x80, 0xEF, 0x79,
    0xFE, 0x4D, 0xFB, 0xFB, 0x0D, 0x17, 0xAF, 0x09, 0xBA, 0xCF, 0xA8, 0x43, 0xC3, 0x62, 0x1E, 0xE3,
    0x48, 0x80, 0x23, 0x77, 0x3C, 0x0F, 0x35, 0xD6, 0x9E, 0x3D, 0xFA, 0x8C, 0x30, 0xE2, 0x0C, 0xBC,
    0xE3, 0xC7, 0x48, 0x3A, 0x38, 0xD7, 0xD3, 0xB5, 0x9A, 0x45, 0x7D, 0x8F, 0x10, 0x27, 0xEA, 0x3A,
    0x8C, 0xAC, 0x51, 0x3F, 0x74, 0xE3, 0x86, 0x61, 0x22, 0x8C, 0xC8, 0x7B, 0x9A, 0xFD, 0x86, 0x71,
    0xCF, 0xA9, 0x4C, 0x9F, 0x25, 0xF0, 0xD3, 0x2D, 0x9F, 0xEE, 0x62, 0x10, 0xFC, 0xD0, 0x6A, 0x58,
    0x9B, 0x5E, 0xE6, 0x31, 0x65, 0x38, 0x1F, 0x9A, 0x45, 0x8A, 0x4F, 0x69, 0x29, 0xB0, 0xC0, 0x97,
    0xD4, 0xD3, 0xC0, 0x7B, 0x11, 0xAF, 0xBB, 0xB3, 0xED, 0xB1, 0xA5, 0x70, 0xFA, 0x6C, 0x62, 0x24,
    0x64, 0x0D, 0x87, 0x33, 0xF7, 0xE2, 0x93, 0x2A, 0x26, 0x08, 0xCD, 0x36, 0x4E, 0xE2, 0x56, 0xD7,
    0xDE, 0xEF, 0x57, 0x6D, 0x52, 0xC9, 0x31, 0x19, 0x24, 0x6E, 0x77, 0x90, 0xA5, 0xE4, 0xCB, 0x26,
    0x83, 0x1C, 0x6F, 0x6C, 0x93, 0x0F, 0x0F, 0x6D, 0x8E, 0x2F, 0x86, 0xE7, 0xDB, 0x90, 0x08, 0x03,
    0x7A, 0xE2, 0xE1, 0x07, 0x48, 0x89, 0x51, 0x7F, 0x1D, 0x5F, 0x88, 0xF0, 0x05, 0x23, 0xD6, 0x63,
    0x53, 0x99, 0x8D, 0x49, 0x73, 0xB4, 0x68, 0xD5, 0x6A, 0x57, 0xC2, 0x75, 0xE9, 0xEE, 0x98, 0xED,
    0xD7, 0xFE, 0xEB, 0x12, 0xD7, 0x36, 0xA6, 0xBC, 0x0C, 0x1C, 0xAD, 0xE9, 0xDB, 0xF1, 0xD1, 0x9A,
    0xBF, 0x1D, 0xD6, 0x7A, 0x1D, 0x3C, 0xE3, 0x97, 0xCE, 0xCB, 0x7B, 0x43, 0xB6, 0xF6, 0xD0, 0xBA,
    0x3F, 0xB4, 0xA0, 0xD9, 0x38, 0xDF, 0x7E, 0xC1, 0x29, 0x6C, 0xDB, 0x82, 0xCD, 0xEE, 0x55, 0xC3,
    0xF4, 0x43, 0xC2, 0x33, 0x94, 0xC7, 0xCF, 0xFE, 0x8B, 0xFC, 0x7F, 0xAF, 0xAF, 0xFF, 0x8B, 0xFC,
    0xFF, 0x00, 0x9C, 0x94, 0x81, 0xC6, 0x24, 0x41, 0x0C, 0x84, 0x43, 0x00, 0x8A, 0xBC, 0x4A, 0x08,
    0xC0, 0x4F, 0xBF, 0x7A, 0x08, 0x40, 0x98, 0x57, 0x09, 0x01, 0x58, 0xE6, 0xBA, 0xF7, 0xDF, 0xE1,
    0x8E, 0x83, 0x6C, 0x43, 0x29, 0xE3, 0x93, 0xEE, 0xA4, 0x32, 0xB9, 0x0F, 0x11, 0xB1, 0x13, 0xD1,
    0xA3, 0x8B, 0xA3, 0x2B, 0x0D, 0x4B, 0x5A, 0x0A, 0x06, 0x85, 0xF5, 0xF3, 0xFD, 0x6F, 0xB5, 0x7D,
    0xFE, 0xC7, 0x6B, 0x7C, 0xF8, 0xB4, 0xA3, 0xC7, 0xF3, 0x84, 0x5F, 0x12, 0x72, 0xF8, 0xAD, 0x77,
    0x25, 0x63, 0x81, 0x65, 0x54, 0xFF, 0x0A, 0x79, 0x6D, 0xDE, 0xAE, 0xC3, 0x1B, 0x8E, 0x1F, 0xD5,
    0xDF, 0x40, 0xFE, 0xA4, 0xC2, 0xD2, 0x52, 0x53, 0x8F, 0x9F, 0xD5, 0x6F, 0x7E, 0x25, 0x93, 0x6D,
    0xAD, 0xE4, 0xE3, 0xEF, 0x09, 0x2F, 0x51, 0x5D, 0x60, 0x08, 0xC7, 0xED, 0x7E, 0xFA, 0x30, 0xBC,
    0xFF, 0x87, 0x5F, 0x11, 0x77, 0xD1, 0xE6, 0xAF, 0x98, 0xF6, 0xAF, 0x2B, 0x40, 0x2B, 0x38, 0x2A,
    0x48, 0x35, 0x24, 0x26, 0x3C, 0xAC, 0x3B, 0xD5, 0x55, 0xCA, 0xED, 0x28, 0x34, 0x46, 0xBC, 0x5A,
    0x75, 0xE9, 0x29, 0xEC, 0x91, 0xEE, 0xCA, 0x34, 0xE3, 0x17, 0xB8, 0x9F, 0xDC, 0x14, 0x18, 0x2A,
    0xDD, 0x43, 0x5E, 0xFE, 0xE5, 0x6B, 0xC4, 0xD3, 0x0B, 0xEC, 0x81, 0x5F, 0xCD, 0xAD, 0x01, 0x9E,
    0xCD, 0xBF, 0xBB, 0x40, 0x10, 0xF6, 0x76, 0x37, 0x3A, 0x7B, 0xF0, 0x3D, 0xAF, 0xD8, 0xFC, 0xEC,
    0xFD, 0x5C, 0xF7, 0x3B, 0xB7, 0x49, 0x5D, 0x49, 0x58, 0x3C, 0xED, 0x9F, 0x5A, 0xA5, 0xD6, 0x5B,
    0xA1, 0xAA, 0xEC, 0xF7, 0x8C, 0xB7, 0xDE, 0x3C, 0x36, 0xDF, 0x05, 0x23, 0xE5, 0xE1, 0xFB, 0x4F,
    0x7E, 0x19, 0x24, 0xCC, 0xE1, 0x41, 0xBA, 0x58, 0x62, 0xD8, 0xBF, 0xDF, 0xB9, 0x83, 0xEF, 0xA3,
    0xC7, 0x4F, 0x78, 0xC0, 0xE3, 0xFA, 0x71, 0x47, 0x66, 0x24, 0xDA, 0x8F, 0x9F, 0xDD, 0xDF, 0xCF,
    0xBB, 0x21, 0x67, 0xEE, 0x5F, 0xFC, 0xFF, 0xD6, 0x87, 0x5F, 0x57, 0xBC, 0xEF, 0xBF, 0x72, 0xC6,
    0x4B, 0xF8, 0xE6, 0x8C, 0x04, 0xDA, 0x7E, 0xE6, 0xC0, 0xD1, 0x23, 0x5E, 0xE2, 0x2A, 0x05, 0x60,
    0x29, 0xA1, 0x89, 0x9F, 0xED, 0xBF, 0xC8, 0xAF, 0x0B, 0x28, 0x3C, 0xC9, 0xA7, 0xF9, 0x7B, 0x78,
    0x65, 0x8F, 0x22, 0x75, 0xB9, 0x62, 0xB8, 0xBF, 0x77, 0x04, 0x81, 0xA8, 0xC0, 0x0E, 0x10, 0xD7,
    0x70, 0x7F, 0x9F, 0xFD, 0x89, 0xE0, 0x72, 0x23, 0x91, 0x59, 0xFE, 0x37, 0x14, 0x81, 0x76, 0xAE,
    0x8C, 0x20, 0x77, 0xA6, 0x61, 0x7E, 0xC4, 0x77, 0x7D, 0xA3, 0x75, 0x05, 0xFF, 0x61, 0xAC, 0x8C,
    0x52, 0x1C, 0xE9, 0x61, 0x20, 0x2C, 0xD0, 0xEB, 0x82, 0xAE, 0xB2, 0x07, 0x08, 0xE8, 0xEA, 0x82,
    0x1C, 0x60, 0xAE, 0x22, 0x98, 0x57, 0x41, 0xFD, 0x5D, 0x65, 0x65, 0x92, 0x66, 0x58, 0xF8, 0x1D,
    0xE5, 0xB3, 0xD3, 0xB6, 0xDD, 0x52, 0x49, 0x26, 0x7B, 0x8F, 0xFF, 0xF9, 0x7E, 0xB3, 0x6C, 0x1A,
    0x6A, 0xED, 0xB4, 0x59, 0xF3, 0x97, 0x45, 0xAF, 0xE5, 0x87, 0xE1, 0xBE, 0x2F, 0x88, 0xC7, 0x82,
    0x93, 0x16, 0x80, 0x19, 0x80, 0xF2, 0x83, 0x40, 0xC7, 0x44, 0x76, 0xF6, 0x43, 0x30, 0xCB, 0xEA,
    0x05, 0x9E, 0x25, 0xA0, 0xF0, 0xE5, 0x17, 0x10, 0xB0, 0x04, 0x86, 0x68, 0x9E, 0x54, 0xE6, 0xE8,
    0x57, 0x88, 0x26, 0xA8, 0xE5, 0x98, 0x39, 0xA7, 0xB5, 0x10, 0xDC, 0x82, 0xCA, 0x71, 0x58, 0xDC,
    0x61, 0xF6, 0x46, 0x6A, 0x03, 0x21, 0xE7, 0x17, 0xB6, 0xF0, 0x21, 0xFA, 0xFC, 0x97, 0x06, 0xCF,
    0xC4, 0x07, 0x5A, 0x7E, 0xD4, 0x65, 0xDE, 0xE6, 0x1D, 0x83, 0xAF, 0xDE, 0x00, 0x15, 0xEF, 0x51,
    0x0C, 0x3C, 0x00, 0x16, 0x8B, 0xB9, 0xA0, 0x89, 0x50, 0x30, 0x7D, 0x62, 0x43, 0x7E, 0x83, 0x6A,
    0x8D, 0xFD, 0xB5, 0xCB, 0x92, 0x3A, 0x04, 0x57, 0xF9, 0xAE, 0xCF, 0x76, 0x48, 0x61, 0xDB, 0x93,
    0x2D, 0xBF, 0xFA, 0x02, 0x84, 0xA2, 0xC4, 0x76, 0x61, 0x14, 0x11, 0x0E, 0xF8, 0x3A, 0x61, 0xC5,
    0x20, 0x2C, 0xCB, 0x7E, 0x01, 0xF6, 0x42, 0xD4, 0xCB, 0xCC, 0xF2, 0x6D, 0x72, 0xED, 0x6D, 0xF7,
    0xF6, 0x7F, 0xF7, 0xD1, 0x8D, 0xCD, 0xD0, 0x06, 0x4E, 0xB4, 0x8A, 0x4E, 0xE0, 0x8A, 0x21, 0x60,
    0x1B, 0x19, 0x3D, 0x96, 0x98, 0xD1, 0x42, 0xA0, 0xB2, 0x7C, 0x97, 0xE7, 0x58, 0x56, 0x82, 0xB2,
    0xE2, 0x49, 0x9C, 0xC5, 0xB5, 0x7B, 0x83, 0x30, 0x81, 0xCB, 0xDF, 0x28, 0xCA, 0x88, 0x03, 0xAE,
    0x55, 0xD9, 0x94, 0x54, 0xFD, 0xB1, 0x75, 0x85, 0x4D, 0x6E, 0xB2, 0xA1, 0x42, 0x8F, 0x48, 0xD8,
    0x6A, 0x97, 0x9A, 0x39, 0x0A, 0x28, 0xDB, 0xAD, 0x41, 0x07, 0xC6, 0x9B, 0x4F, 0xB3, 0xA0, 0x81,
    0x8D, 0x25, 0x07, 0xE9, 0x3B, 0x10, 0xF8, 0x9D, 0xF8, 0x19, 0xD4, 0xC7, 0x80, 0x5F, 0x4E, 0xCD,
    0x7D, 0xC0, 0xC2, 0x49, 0xDD, 0x4C, 0xA0, 0xE8, 0x4F, 0x5A, 0x8E, 0x6B, 0x50, 0x9F, 0x19, 0xAF,
    0x53, 0xE1, 0xC7, 0xE5, 0x13, 0x2F, 0x5B, 0x28, 0xAC, 0xDF, 0xAD, 0x6C, 0x9B, 0x8B, 0x6C, 0x7F,
    0x0C, 0xED, 0x98, 0xE8, 0x89, 0x1A, 0xCB, 0x09, 0x4C, 0x96, 0xF4, 0x61, 0x36, 0x3A, 0xBF, 0xFB,
    0x25, 0xD0, 0x00, 0x7C, 0xA2, 0xBD, 0x51, 0x7F, 0x2D, 0x6B, 0x6C, 0x5C, 0xAE, 0x46, 0x27, 0x25,
    0x50, 0xC9, 0xB2, 0xE7, 0x6F, 0xD5, 0x3E, 0xE5, 0xF9, 0x6B, 0x95, 0x00, 0x5A, 0x00, 0x7D, 0x14,
    0xFE, 0x5D, 0xA0, 0x04, 0x50, 0x9F, 0xA6, 0x4C, 0x7D, 0xE4, 0x09, 0x15, 0x5B, 0xF9, 0xB9, 0x92,
    0x94, 0x8D, 0xB2, 0xC1, 0xA4, 0x40, 0x5D, 0xE5, 0x93, 0xB0, 0xA8, 0x09, 0x53, 0x97, 0xC6, 0x4F,
    0x5F, 0xE0, 0x92, 0x61, 0x05, 0xB1, 0x9B, 0xA8, 0xED, 0xA2, 0x7E, 0x3A, 0x9D, 0xA0, 0xF3, 0xD2,
    0xD4, 0x8D, 0xAA, 0xC0, 0x67, 0x33, 0xB0, 0xFA, 0xF3, 0x41, 0xCC, 0x5B, 0xFB, 0xD8, 0xDA, 0xEE,
    0x63, 0x2A, 0xDB, 0x4A, 0xEF, 0x87, 0x75, 0x1F, 0x73, 0x2A, 0x9D, 0xD0, 0xFE, 0x3B, 0xEE, 0x82,
    0xE8, 0x4A, 0x8C, 0x10, 0x17, 0x5A, 0xB8, 0x8B, 0x44, 0x77, 0x3E, 0xF1, 0x6E, 0x49, 0x77, 0x08,
    0x69, 0x6D, 0x82, 0xA9, 0x1E, 0x41, 0xEF, 0xCA, 0x27, 0x8B, 0x01, 0xF2, 0xB3, 0x25, 0x7E, 0x8E,
    0xC8, 0xF3, 0x8A, 0x98, 0x7D, 0x8A, 0x31, 0xEC, 0x77, 0x0B, 0xE5, 0x7B, 0x92, 0x4A, 0x8E, 0xA4,
    0x68, 0x1A, 0xF7, 0xCD, 0x5C, 0xB6, 0x45, 0xC3, 0xE8, 0x7C, 0x42, 0xE2, 0x9F, 0x73, 0x50, 0x22,
    0xCD, 0x61, 0x77, 0xDA, 0x72, 0xB6, 0x90, 0x6F, 0x1C, 0x92, 0xD6, 0x64, 0x5E, 0x84, 0x81, 0xC4,
    0xB2, 0x2C, 0x97, 0x4D, 0xAA, 0x58, 0x97, 0x45, 0xE2, 0x37, 0xDF, 0x17, 0xDE, 0x8F, 0xAE, 0xFD,
    0xE0, 0xF6, 0x39, 0x00, 0xAA, 0x5F, 0x78, 0xDE, 0xE1, 0xF5, 0x42, 0x94, 0x25, 0x11, 0x73, 0xC1,
    0x1E, 0x61, 0x8B, 0xC9, 0x17, 0xFA, 0xF1, 0x09, 0xEF, 0x79, 0xA1, 0xFA, 0x13, 0x21, 0xB8, 0x50,
    0x8B, 0x64, 0xDA, 0xCB, 0x8B, 0xFA, 0xEA, 0xDA, 0xB5, 0xA5, 0x03, 0x83, 0xB1, 0x73, 0xE1, 0xFA,
    0x7C, 0xE2, 0x95, 0xBF, 0x1C, 0x07, 0x85, 0x8F, 0xCA, 0xBC, 0xCC, 0x8E, 0x4D, 0x3E, 0x27, 0x18,
    0x63, 0x6D, 0xC0, 0x5B, 0x93, 0xF5, 0x87, 0x7F, 0x3D, 0x76, 0xBF, 0xA8, 0x86, 0xDF, 0x17, 0x79,
    0xEF, 0xAE, 0xA9, 0x8D, 0x0A, 0xA4, 0x1D, 0xF4, 0x19, 0xCC, 0xAA, 0x91, 0x32, 0x6F, 0x32, 0x5A,
    0xE9, 0x2A, 0xFE, 0x4C, 0x23, 0x87, 0xBC, 0x3E, 0x23, 0x5F, 0x75, 0xAF, 0xF2, 0x62, 0x1A, 0xB4,
    0xE1, 0xBB, 0x39, 0xFD, 0x6C, 0x8B, 0x0A, 0x27, 0x33, 0x8A, 0x8E, 0x5D, 0x54, 0xC1, 0x79, 0x93,
    0xA7, 0x3E, 0xD3, 0x8C, 0x53, 0x22, 0x5B, 0xE8, 0x1D, 0xA1, 0x0A, 0x5A, 0x4F, 0xC8, 0xF5, 0xA4,
    0xC8, 0x2C, 0xF3, 0xB9, 0x7B, 0x42, 0xD2, 0x07, 0xEF, 0x7C, 0x52, 0xB1, 0x94, 0x68, 0xC3, 0xE3,
    0xBD, 0xD3, 0x52, 0x3B, 0xA1, 0x3D, 0x43, 0x66, 0x9B, 0x2A, 0x91, 0xDE, 0x5D, 0xA6, 0x22, 0x4E,
    0xDD, 0xEE, 0x34, 0xBF, 0x38, 0xA2, 0xEA, 0x2D, 0xDA, 0xE9, 0x05, 0x63, 0x94, 0x38, 0xC9, 0x6E,
    0x2C, 0x57, 0x1E, 0x29, 0xA3, 0x03, 0xD3, 0xD4, 0xED, 0xFF, 0xF8, 0x48, 0x5B, 0xB9, 0xCD, 0xC0,
    0xC1, 0xFC, 0xA6, 0xC3, 0x10, 0x3D, 0x01, 0x4B, 0xD4, 0xB0, 0xFA, 0xE1, 0xFD, 0x18, 0x53, 0xB9,
    0xB0, 0x4B, 0x57, 0x37, 0xF1, 0x54, 0x48, 0xE9, 0xA7, 0x83, 0x92, 0x93, 0x90, 0x03, 0xAB, 0xC5,
    0x26, 0x84, 0x9D, 0xDE, 0xBB, 0x40, 0x2D, 0x3E, 0x1A, 0x5E, 0x70, 0x22, 0xE6, 0x73, 0xED, 0xFD,
    0xD1, 0x7F, 0xCD, 0x9A, 0x51, 0x8A, 0x34, 0x2B, 0x0C, 0x85, 0x05, 0x5F, 0x2F, 0x64, 0x2B, 0x77,
    0x01, 0x17, 0xB2, 0x75, 0x61, 0x16, 0x30, 0x5B, 0x09, 0xF4, 0x6B, 0xE0, 0xDC, 0x4E, 0x8E, 0x95,
    0x2A, 0xC7, 0x19, 0x7A, 0xFE, 0x9F, 0x99, 0xA6, 0x9B, 0xAA, 0x4F, 0xA1, 0xBA, 0xCD, 0xD1, 0xD2,
    0x18, 0xB5, 0xCF, 0x09, 0x76, 0xE4, 0x20, 0x26, 0x5C, 0xEF, 0xA8, 0x10, 0x4E, 0x19, 0xC2, 0x79,
    0x15, 0xCD, 0x11, 0x49, 0x25, 0x54, 0xD7, 0x96, 0x28, 0x43, 0x32, 0xAF, 0x49, 0x9C, 0xEC, 0x48,
    0xD3, 0x17, 0xEA, 0xED, 0x24, 0xDE, 0x8A, 0x8C, 0x9C, 0x84, 0xF4, 0xA0, 0x92, 0x16, 0x04, 0x70,
    0xB0, 0x9F, 0xB4, 0x30, 0x4A, 0xAA, 0xA9, 0x05, 0x41, 0x8E, 0x0F, 0x6E, 0xE4, 0x54, 0x4B, 0xE5,
    0x32, 0x5E, 0x5D, 0x39, 0x27, 0x04, 0x41, 0x50, 0x35, 0x38, 0x23, 0x8F, 0x6E, 0x2F, 0xAE, 0x5C,
    0xC6, 0x3F, 0x61, 0x2C, 0xBD, 0x27, 0xB8, 0x08, 0x40, 0x28, 0x6F, 0xFA, 0xE2, 0x6D, 0x2E, 0x26,
    0x9F, 0xB2, 0x3E, 0x2F, 0xDF, 0x5B, 0xB4, 0x71, 0x2A, 0x2B, 0xEA, 0x7F, 0xC1, 0xAA, 0xC4, 0x0B,
    0x2A, 0x07, 0xC0, 0x4E, 0xB2, 0x64, 0xE2, 0xB1, 0x54, 0xE6, 0x86, 0xA9, 0xBD, 0x32, 0x6F, 0x33,
    0x83, 0xCA, 0x88, 0x67, 0xDA, 0x2B, 0xE3, 0xC2, 0xB5, 0x94, 0x54, 0x86, 0x31, 0x58, 0x2A, 0x99,
    0x99, 0xA1, 0xC6, 0x5F, 0x57, 0x06, 0xC8, 0x4C, 0xBF, 0x66, 0xE8, 0xF7, 0x2A, 0x63, 0x8D, 0x19,
    0xB5, 0x46, 0xC9, 0x6A, 0x9D, 0x99, 0xA3, 0xEA, 0xCC, 0xAC, 0x11, 0x25, 0xC6, 0x2C, 0x54, 0x93,
    0x40, 0xB4, 0x3E, 0x2C, 0x67, 0xFF, 0x91, 0x22, 0x5B, 0xD0, 0x49, 0x96, 0xFF, 0x91, 0x20, 0xC7,
    0x4A, 0x36, 0x29, 0x4C, 0x83, 0x43, 0xBD, 0xE5, 0xCC, 0x13, 0x16, 0x58, 0x71, 0xD6, 0xBA, 0x83,
    0xEF, 0x96, 0xBF, 0xB3, 0x76, 0x12, 0x49, 0x19, 0x45, 0x45, 0x75, 0x14, 0xF6, 0x9D, 0x0A, 0x4F,
    0x49, 0xAD, 0x1F, 0x9C, 0xD1, 0xAA, 0x5F, 0x38, 0xDB, 0x85, 0x12, 0x77, 0x76, 0xB4, 0x0B, 0x01,
    0x14, 0x53, 0x2D, 0x99, 0x96, 0x76, 0xEE, 0x6D, 0x42, 0xB3, 0x28, 0x1A, 0x79, 0x8A, 0x16, 0x3B,
    0xD5, 0x6A, 0xD5, 0xE2, 0xB5, 0x95, 0xEB, 0xA8, 0xD7, 0xDD, 0x6F, 0x41, 0x39, 0x56, 0x91, 0x2F,
    0xAE, 0x5C, 0x07, 0x76, 0x52, 0xF1, 0x6B, 0x2B, 0x47, 0x28, 0x65, 0xB4, 0xC5, 0x0E, 0xB2, 0x6F,
    0x9C, 0xF1, 0xEA, 0x71, 0xB5, 0xBA, 0x04, 0x4D, 0xBC, 0xAE, 0xCF, 0x37, 0xDC, 0x8E, 0xF5, 0x11,
    0x63, 0xD0, 0xF6, 0xC3, 0x85, 0x77, 0x67, 0x98, 0xA0, 0x9A, 0x21, 0x42, 0x05, 0x08, 0x6A, 0xE7,
    0x8D, 0xB8, 0xC7, 0x72, 0xF7, 0xBC, 0xDB, 0x72, 0xD3, 0x07, 0xAD, 0xB7, 0xDA, 0xD7, 0x45, 0x75,
    0x17, 0xBB, 0xDC, 0xB4, 0xFB, 0x1C, 0xDB, 0x74, 0xC8, 0xA4, 0x25, 0xAB, 0x4F, 0x59, 0x07, 0xB8,
    0xD6, 0x2C, 0x86, 0x05, 0x90, 0xA3, 0xA8, 0xEB, 0x54, 0xC5, 0x6D, 0xC7, 0x85, 0x6A, 0xA4, 0xF8,
    0xDC, 0x58, 0xEA, 0x49, 0xC5, 0xC5, 0xA0, 0x25, 0x47, 0xF0, 0xF0, 0x91, 0xEC, 0xB6, 0x7D, 0x8A,
    0xE4, 0x64, 0x9C, 0xCF, 0xFE, 0xED, 0x1F, 0x26, 0x62, 0x8C, 0x0F, 0x09, 0xD0, 0xFA, 0x91, 0xB4,
    0x33, 0x19, 0x67, 0xD2, 0x01, 0x93, 0x48, 0xD4, 0x52, 0x90, 0xCC, 0xC4, 0xCF, 0x44, 0xD0, 0x5D,
    0x3D, 0xEB, 0xA0, 0x76, 0x26, 0xED, 0x48, 0x60, 0x61, 0x4E, 0x39, 0x75, 0xAF, 0x89, 0x84, 0x71,
    0x26, 0x9C, 0xEB, 0xD9, 0x54, 0xDF, 0x9C, 0x08, 0x52, 0x7B, 0x6B, 0xF5, 0x62, 0xC6, 0x31, 0xC0,
    0xBD, 0xC7, 0x15, 0xB5, 0x94, 0x7C, 0x24, 0x1E, 0xD4, 0x3B, 0x53, 0x5B, 0x11, 0xE4, 0x28, 0x7A,
    0x50, 0x2E, 0x54, 0x92, 0x53, 0x5E, 0xB0, 0x63, 0x28, 0x5A, 0x5E, 0xFB, 0x64, 0x47, 0x6F, 0xFA,
    0x78, 0x15, 0xF0, 0xB2, 0xCA, 0xC5, 0xCE, 0xA9, 0xD8, 0x83, 0xDD, 0x34, 0x85, 0xCB, 0xF8, 0x43,
    0xE5, 0xFE, 0x5D, 0xE5, 0x82, 0x1F, 0x51, 0xEE, 0x2D, 0x4B, 0xEC, 0x2C, 0xB1, 0xC6, 0x00, 0x87,
    0xC0, 0xEF, 0x28, 0xEF, 0x0F, 0x94, 0xEB, 0xA9, 0x9C, 0x03, 0xF8, 0x08, 0xF3, 0xA8, 0x5C, 0xA8,
    0x5C, 0x4C, 0xC7, 0x4E, 0x2A, 0xFE, 0x35, 0xE5, 0xFE, 0xA7, 0xCA, 0x65, 0x57, 0x6E, 0xAD, 0x73,
    0x7F, 0x53, 0xD0, 0x60, 0x82, 0x9C, 0x4C, 0xDE, 0xD1, 0x1A, 0xD6, 0xF3, 0x07, 0x0D, 0x9C, 0x1B,
    0xFC, 0xAE, 0xCE, 0x08, 0x9D, 0xBE, 0x8D, 0x43, 0x83, 0x7B, 0xAB, 0xAC, 0x9D, 0x84, 0x10, 0xD0,
    0x52, 0x24, 0x59, 0x1B, 0x17, 0x18, 0xCB, 0x8B, 0x54, 0x9D, 0x8B, 0x89, 0xD4, 0x49, 0x4F, 0x26,
    0xEF, 0x4C, 0x55, 0xB8, 0x07, 0xE3, 0x4C, 0xC5, 0x98, 0x6A, 0x18, 0x13, 0x34, 0x6F, 0x74, 0x51,
    0xC6, 0x54, 0xA6, 0xFB, 0x51, 0x96, 0x01, 0x9F, 0x73, 0x85, 0xA5, 0xA9, 0xC8, 0x2B, 0xCD, 0x77,
    0xCA, 0x00, 0x28, 0x83, 0xC1, 0xB6, 0x0A, 0x9D, 0xB0, 0xB3, 0x55, 0x6B, 0xE0, 0x8B, 0x6D, 0x7B,
    0x16, 0x15, 0x48, 0x95, 0x9F, 0x2F, 0x0A, 0x99, 0xF2, 0x77, 0x6A, 0x4A, 0xE2, 0x94, 0xB2, 0x72,
    0x5F, 0x20, 0x15, 0xB7, 0xC5, 0xD2, 0x9D, 0x2E, 0x91, 0xE1, 0xF1, 0x46, 0x52, 0x8E, 0x6E, 0xF1,
    0xD8, 0x67, 0xBD, 0xB4, 0xF2, 0xC7, 0x3B, 0x17, 0x2F, 0xAA, 0x9C, 0x21, 0xCC, 0x4E, 0x7E, 0x5E,
    0x56, 0xF9, 0xF7, 0x96, 0x3A, 0xD3, 0x6D, 0x33, 0x20, 0x62, 0x38, 0xE9, 0x33, 0x03, 0x2B, 0xD3,
    0x8C, 0xC4, 0x38, 0xD6, 0xC4, 0x57, 0x87, 0xD5, 0x80, 0x91, 0x6C, 0x27, 0xFD, 0x3B, 0x4B, 0xD4,
    0x62, 0x9F, 0x6C, 0xE4, 0xE7, 0x21, 0x7A, 0x39, 0x36, 0x5C, 0x79, 0x46, 0xC7, 0xED, 0x0B, 0x76,
    0x8C, 0x3A, 0x78, 0x58, 0xDD, 0xE4, 0xE9, 0xA3, 0x7D, 0x37, 0xB8, 0xCB, 0xAC, 0xDE, 0x3B, 0x7F,
    0xEA, 0x4D, 0x13, 0x26, 0x48, 0x4B, 0x05, 0x6F, 0x60, 0x93, 0xC1, 0x3A, 0x04, 0xA3, 0x60, 0xF1,
    0xC8, 0x43, 0x47, 0x40, 0x26, 0xEC, 0x0E, 0x3D, 0x0E, 0x53, 0xEF, 0xC8, 0xD7, 0x01, 0x34, 0x1D,
    0x77, 0xE0, 0x0D, 0x16, 0xC8, 0xB7, 0x58, 0x2F, 0x34, 0xA1, 0xF5, 0x52, 0xEB, 0xD3, 0xE9, 0xD1,
    0xEB, 0xBC, 0x7E, 0xA4, 0x1A, 0x0D, 0x60, 0xB0, 0x9D, 0x8F, 0xE8, 0xB6, 0x49, 0x40, 0x43, 0xE6,
    0x3C, 0x9E, 0x16, 0x67, 0xC7, 0x04, 0x30, 0xA1, 0x78, 0xA7, 0xCC, 0xED, 0x48, 0x9D, 0x76, 0xB5,
    0x3D, 0xC9, 0xB8, 0xD8, 0x11, 0xED, 0xB8, 0x33, 0xD6, 0xA9, 0x50, 0xA7, 0x8C, 0xFB, 0xDF, 0x18,
    0x1F, 0xDF, 0x30, 0xAE, 0x71, 0xAC, 0x8F, 0x61, 0xF3, 0xF4, 0xBB, 0x23, 0x4E, 0x57, 0xFD, 0x97,
    0xED, 0x32, 0xBA, 0x58, 0xF1, 0xA4, 0xFA, 0xF6, 0x80, 0x28, 0xF7, 0x0A, 0x09, 0xEE, 0x17, 0x8A,
    0x7D, 0x66, 0xBC, 0xFD, 0xA8, 0x71, 0x58, 0x9F, 0xC1, 0xA6, 0xD2, 0x48, 0x0D, 0x75, 0xA6, 0x2D,
    0x03, 0x29, 0x7A, 0x4A, 0xD0, 0x60, 0xD9, 0x64, 0xE8, 0xC2, 0xF6, 0x60, 0x2A, 0x33, 0x0D, 0xFB,
    0x9C, 0x3B, 0x99, 0xC6, 0x13, 0xAE, 0xFD, 0x34, 0xB2, 0x2C, 0x9E, 0x72, 0xE6, 0x29, 0x07, 0x8F,
    0x5D, 0x3A, 0xD8, 0xAB, 0x49, 0x9D, 0x91, 0x21, 0x21, 0x4E, 0xBF, 0x39, 0x91, 0x1E, 0x62, 0x43,
    0xF7, 0xB5, 0xC6, 0xF3, 0x00, 0x65, 0x16, 0x6E, 0xF5, 0x57, 0x1B, 0x8A, 0xE3, 0xE0, 0x22, 0x84,
    0xCD, 0x50, 0x0F, 0x84, 0x0F, 0xCE, 0xD1, 0xBF, 0x05, 0x9E, 0x9B, 0xBE, 0xB6, 0xE8, 0x03, 0x16,
    0x5C, 0x4E, 0xE6, 0xEB, 0xB5, 0x94, 0x3E, 0x01, 0x58, 0x87, 0xF5, 0x04, 0xFB, 0x30, 0xDE, 0xED,
    0x81, 0xF1, 0xF1, 0x53, 0xC6, 0x35, 0x08, 0x9B, 0xDB, 0x5D, 0xC7, 0x21, 0xDC, 0x73, 0x8C, 0xEB,
    0xC0, 0x86, 0x27, 0xB4, 0x78, 0x8E, 0xF5, 0xB9, 0xDD, 0x54, 0x55, 0xAD, 0x43, 0xF6, 0xF3, 0xF2,
    0x2F, 0xF7, 0x80, 0x74, 0x7C, 0xB9, 0xC1, 0xF4, 0xF7, 0x45, 0xC9, 0x0C, 0xE7, 0x3D, 0xCA, 0xD3,
    0xD5, 0xFD, 0xD6, 0xF6, 0x4D, 0x5B, 0x6F, 0x7F, 0xBC, 0x75, 0xA3, 0xFC, 0xE9, 0x34, 0xA1, 0xE3,
    0x72, 0xFF, 0x78, 0xF9, 0x4D, 0x62, 0xA0, 0xE9, 0xCD, 0xF9, 0xE2, 0x38, 0xC4, 0x70, 0x07, 0xE3,
    0x18, 0x53, 0x67, 0xE0, 0xC4, 0x37, 0x72, 0xF8, 0x91, 0x9C, 0xDE, 0xE3, 0x99, 0x9A, 0x5A, 0x60,
    0xDC, 0x81, 0x2B, 0x2E, 0x67, 0xA6, 0x83, 0x5F, 0x5F, 0xFE, 0xF1, 0xC6, 0x70, 0xE8, 0xC1, 0x3C,
    0x82, 0x8E, 0x3B, 0x14, 0xD6, 0x81, 0x42, 0xFD, 0x01, 0x6E, 0xBA, 0x47, 0x4D, 0x18, 0x61, 0x53,
    0x10, 0x3B, 0xDB, 0x05, 0xA3, 0x5D, 0xE2, 0x91, 0xBF, 0x08, 0x1B, 0x7E, 0xB2, 0xD2, 0x34, 0x2C,
    0x6B, 0xC4, 0xE0, 0xED, 0x49, 0xC6, 0x1F, 0x87, 0x0D, 0x65, 0xFC, 0xC9, 0xAF, 0xFB, 0xF7, 0xEC,
    0xEE, 0x61, 0xC3, 0xB3, 0xEA, 0x1B, 0x40, 0xE1, 0xF1, 0xFF, 0x96, 0xCE, 0x0F, 0xDF, 0x53, 0x81,
    0x8A, 0x15, 0x2D, 0x9D, 0xEB, 0xED, 0x8C, 0xD3, 0x53, 0x37, 0x77, 0x39, 0x47, 0xB2, 0xE9, 0x9D,
    0xDE, 0x6F, 0x88, 0xF1, 0xF1, 0x16, 0xD4, 0x1E, 0xE4, 0x6E, 0xE7, 0x48, 0x36, 0x4D, 0x62, 0x2D,
    0xC6, 0x11, 0xAA, 0x4D, 0x30, 0xBE, 0x15, 0x59, 0x67, 0xA9, 0xEB, 0x58, 0x34, 0xC2, 0x88, 0x7D,
    0x18, 0xAE, 0x7F, 0xA3, 0x38, 0x1A, 0xAE, 0x5A, 0xEF, 0x16, 0x95, 0xEB, 0x8F, 0x23, 0xEB, 0x5F,
    0x36, 0xFE, 0x70, 0x88, 0xFC, 0xA2, 0xF1, 0xBD, 0xAB, 0x3E, 0xC7, 0xEE, 0xF7, 0xF6, 0x50, 0x96,
    0x49, 0xD2, 0x5B, 0xAF, 0x05, 0xBC, 0x05, 0x95, 0x1C, 0x41, 0x90, 0x79, 0xEC, 0xEC, 0x77, 0x2A,
    0xF9, 0x6E, 0x41, 0x90, 0xE3, 0xC2, 0x16, 0xFC, 0xE2, 0x38, 0x6A, 0xFB, 0x22, 0x3C, 0x49, 0x65,
    0xE2, 0x27, 0xF6, 0x71, 0x43, 0xBC, 0x61, 0xDC, 0x6D, 0xE3, 0x0C, 0xB0, 0xD1, 0xE0, 0x39, 0x00,
    0x66, 0xCB, 0xDC, 0x93, 0x8F, 0x88, 0xE7, 0x12, 0x50, 0x13, 0x0E, 0xF2, 0x19, 0x3C, 0x37, 0xBD,
    0xC1, 0xA7, 0x2F, 0x58, 0xC7, 0x27, 0x3E, 0x80, 0xCD, 0xE6, 0xDD, 0x3F, 0xE3, 0xF6, 0xD9, 0xDB,
    0xB7, 0xBD, 0x40, 0xFB, 0xFE, 0x0F, 0xD5, 0x9C, 0x51, 0x8E, 0xE3, 0x38, 0x0F, 0x84, 0x09, 0xE8,
    0x75, 0x01, 0x5E, 0xA5, 0x0F, 0xD0, 0x00, 0xAF, 0x4E, 0xA0, 0x0F, 0xD0, 0x57, 0x21, 0x30, 0xAF,
    0x04, 0xEA, 0x8F, 0x4A, 0x8C, 0x64, 0x8F, 0xC6, 0xE8, 0xEC, 0xA0, 0xF3, 0x6F, 0xDA, 0xEB, 0x7C,
    0xE5, 0xF4, 0x26, 0x16, 0x59, 0x52, 0x2C, 0x59, 0xB6, 0x47, 0xC4, 0x90, 0x72, 0x66, 0x2D, 0xCA,
    0x6D, 0x23, 0xD1, 0xD9, 0x8A, 0xB8, 0x51, 0x0F, 0xB4, 0x5F, 0x8B, 0xF8, 0x98, 0x6C, 0x10, 0xB8,
    0xE8, 0x60, 0x76, 0xDA, 0x60, 0x74, 0x02, 0xB8, 0xB3, 0x2D, 0x46, 0x2F, 0x74, 0xD0, 0xC2, 0xA2,
    0x13, 0x83, 0xDE, 0xC9, 0x00, 0x17, 0xC6, 0xD2, 0xC6, 0x5B, 0x88, 0x8C, 0xDD, 0xF8, 0x0D, 0x29,
    0x36, 0x20, 0xC2, 0xE2, 0x6B, 0xFF, 0xA2, 0x1D, 0x96, 0xED, 0x06, 0x67, 0x7C, 0x0C, 0xCC, 0x6E,
    0x00, 0x0A, 0x86, 0xCF, 0x14, 0x4D, 0x66, 0xFF, 0x8F, 0xFC, 0x73, 0xA3, 0xCA, 0x7B, 0x27, 0x82,
    0x85, 0x39, 0xFD, 0x90, 0x97, 0xF6, 0x89, 0x81, 0x33, 0x6E, 0x86, 0x5D, 0x51, 0x43, 0x9E, 0xEC,
    0xD8, 0x0B, 0xBA, 0xA1, 0xCE, 0xF7, 0x22, 0x72, 0x26, 0x06, 0xB1, 0x82, 0xD5, 0x78, 0x96, 0x33,
    0x7D, 0x4B, 0xD4, 0xE5, 0x08, 0x23, 0x70, 0xA3, 0xA2, 0x97, 0x9B, 0x23, 0x36, 0x5F, 0xB1, 0x65,
    0x47, 0x0B, 0x19, 0xDF, 0x98, 0x8B, 0xD2, 0x4E, 0xDA, 0xD0, 0x00, 0x84, 0x18, 0x09, 0x74, 0xB7,
    0x11, 0xA2, 0xD9, 0xE8, 0x9C, 0x42, 0x3A, 0xB3, 0x73, 0x24, 0x68, 0xB1, 0x08, 0xBF, 0x64, 0x99,
    0x07, 0x1A, 0xC9, 0x7C, 0x14, 0x62, 0x90, 0xCA, 0x38, 0xC9, 0x60, 0xE1, 0x95, 0x42, 0x99, 0x57,
    0x39, 0x55, 0xEC, 0x15, 0x3A, 0x93, 0xE0, 0x5E, 0x91, 0xFC, 0xCE, 0x00, 0xA3, 0x64, 0x95, 0x9A,
    0x13, 0x95, 0xF6, 0x19, 0x10, 0x48, 0x39, 0x5B, 0x7E, 0x56, 0xC2, 0x22, 0x0D, 0x21, 0xD3, 0x37,
    0x45, 0xA7, 0x8D, 0xA2, 0x69, 0x56, 0x34, 0x7F, 0x71, 0xC7, 0x70, 0x37, 0x46, 0x3F, 0x6F, 0xB0,
    0xEE, 0xD6, 0xBB, 0xC4, 0xFF, 0xCB, 0xB1, 0x9D, 0x2F, 0xEC, 0x55, 0xCB, 0x0D, 0x4F, 0xB7, 0x29,
    0x5B, 0x17, 0x53, 0x9F, 0x0D, 0x4B, 0x93, 0x7C, 0x75, 0xB3, 0x4C, 0x7A, 0x39, 0x1F, 0x51, 0x0D,
    0xAB, 0x41, 0x88, 0x97, 0x70, 0xCC, 0x80, 0x24, 0xE1, 0xD3, 0x2B, 0xD2, 0x1B, 0x0E, 0x87, 0x7A,
    0x2D, 0xB6, 0xA2, 0xEC, 0x2C, 0x57, 0x8D, 0xAE, 0x5A, 0x2C, 0xC2, 0x07, 0xAD, 0xDB, 0x22, 0x37,
    0x2A, 0x89, 0x3C, 0x14, 0xE8, 0xA4, 0x74, 0x86, 0x70, 0x41, 0xC3, 0x92, 0x56, 0x92, 0x25, 0x62,
    0x23, 0x8B, 0xA4, 0xB4, 0x10, 0x85, 0xA6, 0xBA, 0x00, 0x9F, 0x21, 0xF4, 0x70, 0x89, 0x82, 0x6E,
    0x58, 0x0A, 0x25, 0x58, 0x8B, 0xF0, 0x3F, 0x4A, 0xBB, 0x8B, 0x30, 0x6C, 0x4A, 0x18, 0x05, 0xC0,
    0xB4, 0x4B, 0x14, 0xBF, 0x72, 0x84, 0x35, 0xFC, 0x04, 0x30, 0x18, 0x64, 0x8A, 0x0D, 0x46, 0xC3,
    0xCA, 0xB8, 0xD8, 0x20, 0x18, 0xF4, 0x49, 0x3B, 0x77, 0x9E, 0xBB, 0xB9, 0xDC, 0xD5, 0xC9, 0xD0,
    0x46, 0x1A, 0x0E, 0x05, 0x06, 0xE9, 0x15, 0xE4, 0xA9, 0xBD, 0x94, 0x6F, 0x05, 0x05, 0x08, 0xDA,
    0x46, 0xD3, 0xE8, 0x15, 0x41, 0xBB, 0x68, 0x16, 0xAD, 0x82, 0xFF, 0x86, 0x36, 0x40, 0x7B, 0x68,
    0x0E, 0xAD, 0x61, 0x99, 0xB4, 0xA5, 0x4C, 0x69, 0x80, 0x9F, 0xC9, 0xA5, 0x8C, 0x59, 0x5C, 0xED,
    0x4D, 0x44, 0x36, 0x32, 0xEE, 0x45, 0x00, 0x8B, 0x2C, 0x8F, 0x64, 0xB2, 0x3B, 0x2D, 0x36, 0xF2,
    0xF3, 0x98, 0x8C, 0xA2, 0x9C, 0x70, 0xF1, 0xBB, 0xFC, 0x80, 0x68, 0x8E, 0x66, 0x6C, 0x6E, 0x7E,
    0x03, 0x00, 0x1C, 0x51, 0x51, 0x13, 0x18, 0x35, 0x56, 0xB6, 0x20, 0xCA, 0x04, 0x63, 0x64, 0x2E,
    0xD5, 0x21, 0xEE, 0xE3, 0x9D, 0xD7, 0xF6, 0xE9, 0x4D, 0xDE, 0xD8, 0x27, 0x6E, 0xE3, 0xA4, 0x67,
    0x3B, 0xA6, 0xB1, 0xF3, 0xB5, 0xBD, 0xDA, 0xBB, 0xC8, 0xE7, 0xDB, 0xF4, 0xA2, 0x46, 0x84, 0xC8,
    0x99, 0x4A, 0x6E, 0x67, 0x6F, 0x4F, 0x74, 0xE6, 0x81, 0xA1, 0x7E, 0x0B, 0xFE, 0xAF, 0x34, 0xE9,
    0xDC, 0x92, 0x7C, 0xE1, 0x96, 0x76, 0x3D, 0xBE, 0x78, 0xAA, 0xA9, 0xF4, 0x91, 0x52, 0xC3, 0xD8,
    0x5F, 0x14, 0xF5, 0x94, 0x79, 0x86, 0xBE, 0x82, 0x40, 0xA5, 0x10, 0x52, 0xE9, 0x33, 0x7F, 0xB0,
    0x1A, 0x0C, 0xDC, 0x47, 0x63, 0xEF, 0x42, 0xA9, 0x0E, 0x78, 0x94, 0x52, 0x62, 0x25, 0x71, 0x17,
    0x05, 0xBA, 0x18, 0x20, 0xEC, 0xF5, 0x72, 0x4A, 0xB7, 0x62, 0x8A, 0x05, 0xBF, 0x6B, 0xC9, 0x42,
    0x0C, 0xAE, 0xE0, 0x77, 0x2B, 0x1B, 0x0E, 0x19, 0x00, 0x28, 0x5B, 0xC3, 0x48, 0x48, 0x63, 0x15,
    0x98, 0x9D, 0x2D, 0xAC, 0xD3, 0x55, 0xE6, 0x82, 0xB0, 0x1E, 0x6B, 0xDE, 0x68, 0x80, 0xCD, 0x11,
    0x4C, 0x18, 0xBA, 0xFB, 0x7A, 0x63, 0x72, 0x23, 0xFB, 0x86, 0x46, 0x51, 0x37, 0xDA, 0x18, 0x96,
    0xDE, 0x58, 0x21, 0x15, 0x19, 0x77, 0x2F, 0xA4, 0x6A, 0xA2, 0xD8, 0xB8, 0x61, 0x38, 0x8C, 0xDD,
    0xBC, 0xCE, 0x92, 0x6B, 0x7A, 0x64, 0xB9, 0xAF, 0x55, 0x33, 0x95, 0x16, 0xE4, 0xE7, 0x56, 0xC9,
    0x75, 0x9F, 0xF9, 0xEA, 0x55, 0x22, 0xB8, 0x90, 0x1F, 0xFD, 0xF3, 0x58, 0x7C, 0xF9, 0x5A, 0xF8,
    0x89, 0x16, 0xD7, 0xD2, 0xF2, 0x28, 0x7A, 0x96, 0xF2, 0x7C, 0x48, 0x1B, 0xA2, 0x4E, 0x31, 0x52,
    0x72, 0x88, 0x0F, 0xD9, 0xE7, 0xAF, 0xAC, 0x12, 0xD9, 0xF8, 0x53, 0x7E, 0x54, 0x75, 0x64, 0xD3,
    0x4F, 0x8A, 0x31, 0xB7, 0x35, 0x69, 0x53, 0x75, 0x56, 0x73, 0x95, 0x67, 0x69, 0x77, 0x11, 0x41,
    0x89, 0xFF, 0x26, 0x5A, 0x92, 0x8C, 0x15, 0x97, 0x22, 0x23, 0xB5, 0x0B, 0x81, 0x3F, 0x1E, 0x43,
    0x55, 0xAA, 0x65, 0xF5, 0x3B, 0x2D, 0xEC, 0xD4, 0xEB, 0x58, 0x4C, 0xF8, 0x1D, 0x58, 0x90, 0x0E,
    0x85, 0x0B, 0x0C, 0xC1, 0x36, 0x5E, 0x08, 0xBB, 0x41, 0x94, 0x08, 0x36, 0xC8, 0x05, 0xD6, 0x0C,
    0xCF, 0xF5, 0x7E, 0x87, 0x0B, 0x6E, 0xD2, 0x0A, 0x8F, 0x67, 0x01, 0x2E, 0x5E, 0xF2, 0xDF, 0x38,
    0x79, 0xED, 0x15, 0x10, 0xC4, 0x53, 0xBD, 0x4A, 0xB9, 0x49, 0x73, 0x05, 0xE4, 0x5D, 0x53, 0xDE,
    0x5A, 0xCC, 0x0A, 0x9C, 0x2F, 0x30, 0xFA, 0xD3, 0xAB, 0xF1, 0x25, 0xA7, 0x97, 0xF6, 0x57, 0x9E,
    0x5F, 0x16, 0xD7, 0xBB, 0x6A, 0xD1, 0x34, 0xD5, 0x90, 0x61, 0xE1, 0xBA, 0x7E, 0x55, 0xED, 0xB8,
    0xA6, 0xE8, 0x61, 0xB5, 0x38, 0xAC, 0x2E, 0xE0, 0x6A, 0xC8, 0xB1, 0x56, 0xDC, 0x63, 0xE5, 0x60,
    0x77, 0xAE, 0x8D, 0xD9, 0xCE, 0x55, 0xB1, 0xEF, 0x76, 0xFB, 0x1E, 0x62, 0xAC, 0x7F, 0x1B, 0x58,
    0x1F, 0xE2, 0xA8, 0xBC, 0x2B, 0xA2, 0xF1, 0xEB, 0xDF, 0x1B, 0xDE, 0x9B, 0xBC, 0xBD, 0x4B, 0x18,
    0x5C, 0x19, 0xCC, 0xDF, 0x06, 0xF9, 0x7D, 0x21, 0x85, 0xA8, 0xD7, 0x6A, 0x2E, 0x2B, 0x30, 0x3D,
    0x14, 0x39, 0x97, 0x2A, 0x42, 0xD6, 0x7A, 0xB9, 0xFF, 0x15, 0x94, 0x49, 0xAD, 0x10, 0x01, 0xC4,
    0x78, 0xB0, 0x16, 0xD4, 0xFA, 0xED, 0x0E, 0xFF, 0xBD, 0x9F, 0xD2, 0xF0, 0x9B, 0xA0, 0xC4, 0x45,
    0x34, 0xFF, 0x28, 0xED, 0x2E, 0xCC, 0xE1, 0x8F, 0x52, 0xD3, 0x7C, 0x9A, 0xD5, 0xE3, 0x6B, 0x6E,
    0x62, 0xC1, 0x4F, 0x2F, 0x49, 0xA5, 0x80, 0x5D, 0xBD, 0xDE, 0x27, 0x4C, 0xCB, 0x95, 0xE4, 0x71,
    0xBC, 0x9D, 0x0E, 0x1D, 0xAE, 0x21, 0xE7, 0x65, 0x1D, 0x3F, 0x98, 0xC1, 0x9F, 0xC0, 0xB8, 0xCF,
    0xA8, 0xDD, 0x9D, 0x01, 0xAF, 0x28, 0x07, 0x44, 0x26, 0xE8, 0xC2, 0xF0, 0x60, 0x40, 0xE8, 0xCD,
    0x97, 0x57, 0x3B, 0x44, 0x73, 0x87, 0xC5, 0x05, 0xE0, 0x1B, 0xDA, 0x00, 0x5D, 0x5E, 0xA8, 0x48,
    0x89, 0xB0, 0x1B, 0x6A, 0xD2, 0xD2, 0x45, 0xD7, 0xB4, 0x75, 0xCB, 0x11, 0xA8, 0x19, 0x2F, 0x1D,
    0xD5, 0x98, 0xFF, 0x70, 0x40, 0xCC, 0x07, 0x0E, 0x88, 0xBE, 0xBD, 0xB6, 0xE3, 0x6A, 0x56, 0x97,
    0x96, 0xEB, 0xF8, 0xB9, 0xBA, 0x92, 0x11, 0x41, 0xD4, 0x98, 0xAD, 0xAF, 0x6B, 0x7A, 0x58, 0x31,
    0x6A, 0x2F, 0x29, 0xA3, 0x0D, 0x7E, 0x8E, 0x7C, 0x2D, 0x19, 0x28, 0x62, 0x88, 0xAF, 0x77, 0x0A,
    0x24, 0xE5, 0x93, 0x92, 0x0A, 0x4A, 0x2B, 0xA9, 0x26, 0x7E, 0x97, 0x98, 0x85, 0xCF, 0x18, 0xAA,
    0x13, 0x2D, 0x61, 0x98, 0x73, 0xD1, 0x38, 0x8A, 0x9D, 0xA5, 0xDC, 0xF3, 0xCB, 0xF1, 0x61, 0x8B,
    0x21, 0xE4, 0x56, 0xC1, 0x5B, 0xDD, 0x56, 0xEE, 0x10, 0x44, 0x03, 0x0F, 0x00, 0x0A, 0xA6, 0xCE,
    0x54, 0x3B, 0x46, 0x75, 0x4E, 0xF8, 0x80, 0xA5, 0x55, 0xF7, 0xB9, 0xB5, 0xDC, 0x06, 0x62, 0x0D,
    0x7A, 0x0B, 0xBA, 0xC0, 0x18, 0xE3, 0x1E, 0xAD, 0x9E, 0xAE, 0x6B, 0x8A, 0xCB, 0x73, 0xA3, 0x02,
    0x03, 0xDA, 0x0A, 0xFF, 0xA3, 0x61, 0xF8, 0xE2, 0x17, 0xB1, 0x41, 0xF1, 0xE0, 0xEF, 0xED, 0x34,
    0x4D, 0x23, 0xC4, 0x7D, 0xB0, 0xED, 0x62, 0x65, 0xC5, 0x7E, 0x80, 0x1F, 0x49, 0x6C, 0x87, 0xE9,
    0x2F, 0x3B, 0x86, 0xFF, 0x38, 0x33, 0x2E, 0x1A, 0xC4, 0xDE, 0x22, 0x9B, 0x6F, 0xAD, 0xA0, 0xC5,
    0x6C, 0xC4, 0xD7, 0x79, 0x2D, 0x4B, 0x1E, 0xEB, 0x28, 0x59, 0xF1, 0xB3, 0x87, 0x62, 0x28, 0x21,
    0xED, 0xE0, 0xB8, 0xCB, 0xD7, 0x7D, 0x93, 0xD8, 0x90, 0xA4, 0xB4, 0xA0, 0xA8, 0xD3, 0xB7, 0xB2,
    0xEA, 0x42, 0xB4, 0x24, 0xAF, 0xC5, 0x62, 0x93, 0x72, 0x54, 0x04, 0x4B, 0x64, 0xCA, 0x45, 0xEF,
    0x21, 0x1D, 0x8C, 0xAD, 0x47, 0x26, 0xF6, 0x78, 0x8D, 0x16, 0x1E, 0xE9, 0x1B, 0x2E, 0xC2, 0x45,
    0x89, 0x5F, 0xCA, 0xEE, 0x95, 0xA8, 0x53, 0xEC, 0x2E, 0x4A, 0xF9, 0x76, 0xAF, 0xE6, 0xEB, 0x8B,
    0x0E, 0xC5, 0x1A, 0x04, 0xDA, 0x5F, 0x29, 0xF9, 0x2F, 0xFA, 0xA7, 0xDD, 0xC5, 0x3F, 0x5A, 0xC9,
    0xD0, 0x26, 0xB2, 0x8C, 0xD1, 0x0E, 0xEB, 0x60, 0xB8, 0xBF, 0x7E, 0xAB, 0xAD, 0x3C, 0x03, 0x40,
    0xDA, 0x1D, 0x41, 0x88, 0x79, 0xAD, 0x18, 0xAB, 0x08, 0xDE, 0x1A, 0x82, 0xAB, 0xCF, 0xA6, 0x3F,
    0xAE, 0x9E, 0x7E, 0xC6, 0x1A, 0x76, 0xCE, 0x2F, 0xD5, 0x7A, 0xEA, 0x80, 0x2E, 0x3A, 0x99, 0xED,
    0xA4, 0xFC, 0x24, 0x80, 0xB4, 0xBB, 0xC8, 0x12, 0x5F, 0xD2, 0x80, 0xD0, 0x2E, 0x6C, 0xB7, 0x0D,
    0x5A, 0x92, 0x4B, 0x14, 0x2D, 0x2D, 0xD9, 0xA3, 0x5A, 0x2C, 0x91, 0x12, 0x66, 0x9C, 0x74, 0xCC,
    0xE2, 0x2C, 0xF4, 0x12, 0x94, 0x53, 0x37, 0x2B, 0xB3, 0x33, 0xDA, 0x3B, 0x9E, 0x75, 0xA5, 0xBA,
    0xCE, 0x22, 0x27, 0xBC, 0xCE, 0x22, 0x69, 0x1F, 0x0D, 0xDC, 0xCF, 0x22, 0xED, 0x81, 0x33, 0xEE,
    0x9F, 0x63, 0xD3, 0x13, 0x46, 0x23, 0x4F, 0x30, 0xF7, 0x7B, 0x86, 0x1A, 0x62, 0xE3, 0x8D, 0x7E,
    0x04, 0xE5, 0x73, 0x3B, 0x38, 0xFD, 0xD0, 0x96, 0xAE, 0x6E, 0x3D, 0xED, 0xBC, 0x5F, 0xCD, 0x81,
    0x17, 0x9E, 0x5B, 0x19, 0x57, 0x33, 0x90, 0xFB, 0x5C, 0x65, 0x8A, 0x39, 0x8F, 0x79, 0x9F, 0xE8,
    0x5E, 0x62, 0x91, 0x86, 0x55, 0xDD, 0xAE, 0x81, 0x0E, 0x99, 0xE4, 0xB9, 0x1B, 0x67, 0x7C, 0x67,
    0x86, 0x18, 0xED, 0x41, 0xF1, 0xE7, 0xFD, 0xFE, 0x96, 0xEC, 0xB3, 0xD6, 0xC8, 0xAD, 0xAB, 0x7D,
    0xB0, 0x3E, 0x1F, 0x9C, 0xFF, 0xF2, 0xE3, 0x8F, 0x6B, 0x61, 0xF5, 0x69, 0x20, 0x66, 0xB3, 0x32,
    0xA4, 0x6C, 0x52, 0x4B, 0x1B, 0xEF, 0x70, 0x9E, 0xAD, 0xA7, 0x18, 0x04, 0x90, 0x61, 0x81, 0xAC,
    0xD9, 0xFA, 0x2E, 0x2C, 0x6A, 0x8A, 0xC5, 0x49, 0x9C, 0x52, 0x43, 0xD5, 0x83, 0x68, 0x49, 0x32,
    0x34, 0x1B, 0x42, 0xFF, 0xB9, 0x77, 0x83, 0x1B, 0x7D, 0x06, 0x30, 0x43, 0x11, 0x80, 0x29, 0x28,
    0xDF, 0x5C, 0xDC, 0x02, 0x1D, 0xA7, 0xDB, 0x56, 0x47, 0x9B, 0x40, 0x58, 0x0E, 0x0B, 0x0B, 0xF0,
    0x85, 0xD3, 0x4D, 0x36, 0xFC, 0xB8, 0xCD, 0xDB, 0xBA, 0xB4, 0xFA, 0xFD, 0x07, 0xAE, 0xF1, 0xFD,
    0x54, 0x1B, 0xAF, 0xEE, 0x90, 0x7E, 0xBE, 0xA1, 0x2D, 0x8D, 0x61, 0x04, 0xD6, 0x05, 0xEC, 0x79,
    0x31, 0xA1, 0xF9, 0x8F, 0x35, 0x94, 0x79, 0x69, 0x80, 0x39, 0x31, 0x23, 0xE6, 0xF3, 0x7C, 0x43,
    0x15, 0x9F, 0xC3, 0x22, 0x70, 0x09, 0xD1, 0xFB, 0x86, 0xDD, 0x37, 0x80, 0x06, 0x46, 0x5B, 0xB3,
    0x2B, 0x23, 0xA9, 0xB1, 0x21, 0x63, 0xA3, 0xFB, 0x85, 0xDA, 0xA8, 0x43, 0xC6, 0xDC, 0x18, 0xFB,
    0xCE, 0xB5, 0x81, 0x28, 0x13, 0xE0, 0xDC, 0x88, 0x79, 0x58, 0x3C, 0x6D, 0xE8, 0xD8, 0x08, 0xEE,
    0xF3, 0xEE, 0xA7, 0x54, 0xED, 0x31, 0xC0, 0x2D, 0xE4, 0x86, 0x7B, 0x36, 0x96, 0xCA, 0x0D, 0xC6,
    0x3A, 0xDC, 0x4B, 0x5A, 0x0D, 0x2E, 0xD2, 0x86, 0xBA, 0x42, 0x01, 0x19, 0x47, 0xD2, 0x32, 0x13,
    0x65, 0x65, 0xE9, 0x28, 0x0C, 0x42, 0xF5, 0xA5, 0xD5, 0xE6, 0xA7, 0x6A, 0x1D, 0x53, 0x8D, 0x66,
    0x83, 0x4B, 0x8A, 0xAD, 0x10, 0x15, 0x18, 0x89, 0x21, 0x1E, 0xBB, 0x5D, 0xFD, 0x74, 0xAF, 0xE7,
    0xBA, 0xA5, 0x64, 0xBF, 0xD7, 0xB3, 0x38, 0x6A, 0xA3, 0xC8, 0xC0, 0xB6, 0x7B, 0x58, 0x48, 0xB0,
    0x5F, 0x25, 0xDB, 0x9D, 0x16, 0x45, 0xCD, 0x13, 0xB7, 0x42, 0x46, 0xC8, 0x2D, 0x19, 0x2E, 0x83,
    0xB5, 0x8A, 0x16, 0x12, 0x02, 0x8D, 0x86, 0x5E, 0x3A, 0xFA, 0xAB, 0xAE, 0xD0, 0x7E, 0x3D, 0x07,
    0x68, 0xEB, 0x1C, 0xEB, 0x55, 0xB3, 0xAE, 0xC5, 0x7C, 0x11, 0x47, 0x76, 0x88, 0x92, 0xF6, 0xE7,
    0x2A, 0xFD, 0xE7, 0x5B, 0x5D, 0x92, 0xAA, 0x84, 0xE3, 0x77, 0x7A, 0x61, 0x71, 0xAA, 0x18, 0x46,
    0xE1, 0xF2, 0xF8, 0x1D, 0xC6, 0xAF, 0xE7, 0x3C, 0x6F, 0xF6, 0x4A, 0x13, 0xC9, 0x65, 0xC9, 0xF7,
    0x39, 0xF9, 0xF8, 0x83, 0x23, 0xD5, 0x8B, 0xF4, 0xCD, 0xE5, 0x12, 0xA2, 0x75, 0xFA, 0xF2, 0x61,
    0x72, 0xCE, 0x91, 0xCF, 0xC3, 0x7D, 0x0C, 0x87, 0xC7, 0x1B, 0xA1, 0xF8, 0x1A, 0x0E, 0xC0, 0xBB,
    0xCE, 0x7B, 0x8D, 0x87, 0x3F, 0xC9, 0x95, 0xDF, 0x7D, 0xFC, 0xC1, 0x91, 0x8B, 0x4E, 0xA3, 0xD5,
    0xD3, 0x38, 0x4A, 0xC0, 0x19, 0x1A, 0xC1, 0xCF, 0x65, 0xBD, 0x17, 0x3D, 0x5D, 0xD9, 0x48, 0x65,
    0x00, 0x04, 0x8B, 0x7F, 0xFC, 0xC1, 0x91, 0x17, 0x74, 0xEC, 0xE2, 0x52, 0xCA, 0xF3, 0x1D, 0x7B,
    0x4D, 0x37, 0xDE, 0x65, 0xD1, 0x7C, 0xB5, 0x7C, 0x52, 0xE1, 0xE4, 0x73, 0x9D, 0x69, 0x3E, 0x91,
    0x0C, 0x83, 0x38, 0x9D, 0x82, 0x88, 0xBA, 0x31, 0xA8, 0x5C, 0xB7, 0x2E, 0xC2, 0x17, 0xE5, 0xB1,
    0x9F, 0x69, 0x59, 0x4B, 0xB3, 0x87, 0x75, 0x65, 0xAA, 0xDE, 0x3D, 0xA9, 0x84, 0x69, 0x64, 0xF1,
    0x31, 0x23, 0x5B, 0xA8, 0xD7, 0xFD, 0xA8, 0x79, 0x9E, 0x12, 0xAC, 0x65, 0x77, 0xF0, 0x63, 0x73,
    0x50, 0x01, 0xAF, 0xDA, 0x06, 0xF0, 0xA8, 0x83, 0x0C, 0x0A, 0x86, 0x5A, 0x92, 0xF8, 0x97, 0x53,
    0xFC, 0xF9, 0xEF, 0x2F, 0x16, 0x16, 0x44, 0x17, 0xA2, 0x33, 0x89, 0x4A, 0xB7, 0x3E, 0xBC, 0x56,
    0x43, 0xA0, 0xAF, 0xBE, 0xCD, 0xDE, 0x6F, 0x13, 0xFF, 0x59, 0xAB, 0x85, 0x34, 0xE7, 0x9A, 0x75,
    0xF1, 0x1B, 0x29, 0x5F, 0xDC, 0x4A, 0xFB, 0x5F, 0x9B, 0x72, 0xFE, 0x4E, 0xC3, 0x40, 0xEB, 0xA8,
    0x09, 0x7B, 0x43, 0xA4, 0xD4, 0xB0, 0xDB, 0xFF, 0xFE, 0xEA, 0x6D, 0x9E, 0x60, 0xF1, 0xF7, 0x99,
    0xAF, 0x73, 0xE2, 0xBF, 0xCF, 0xFC, 0xB1, 0xBA, 0x06, 0xFF, 0x7E, 0x55, 0xD7, 0x22, 0x26, 0x6F,
    0xDC, 0x39, 0xDB, 0x0F, 0xCD, 0x69, 0xE0, 0xE8, 0x29, 0xA5, 0x96, 0xD3, 0x91, 0x92, 0xD4, 0xC3,
    0x03, 0x37, 0x3B, 0xC7, 0x69, 0x58, 0x8D, 0x38, 0xCE, 0xDC, 0x9F, 0x97, 0x2D, 0xEE, 0xCF, 0xCE,
    0xDE, 0x98, 0x3A, 0x9F, 0x7E, 0x32, 0x52, 0x81, 0x11, 0x26, 0xC3, 0x8A, 0xD6, 0xBD, 0xD4, 0xB2,
    0xB1, 0xA7, 0x28, 0xAE, 0x3E, 0x63, 0xD6, 0xDF, 0x26, 0x6B, 0x62, 0x20, 0x0A, 0x5F, 0xCC, 0xD3,
    0xCC, 0xB3, 0x8A, 0x3A, 0x99, 0xBA, 0x7E, 0x7E, 0xE7, 0xB5, 0x5D, 0x32, 0xE4, 0xC2, 0xF3, 0xBD,
    0x91, 0x56, 0x37, 0x83, 0xAF, 0x09, 0x81, 0xA8, 0xDE, 0xEE, 0xB5, 0x7D, 0xBA, 0x9E, 0x61, 0x79,
    0xA6, 0x63, 0x6B, 0xEC, 0xFB, 0xCE, 0x20, 0xC8, 0xF7, 0xC1, 0xF1, 0xF7, 0x17, 0xF7, 0xAD, 0x22,
    0x64, 0xB0, 0x6F, 0x1D, 0xD1, 0xF1, 0xAB, 0x86, 0xC8, 0x4F, 0x37, 0xCF, 0x3E, 0x3A, 0xA1, 0x51,
    0x43, 0xE2, 0xF9, 0x34, 0xC2, 0xFB, 0x8B, 0xDB, 0x76, 0x3D, 0xFF, 0xF4, 0x4C, 0xC7, 0x5E, 0xD6,
    0x8D, 0x47, 0x9F, 0x83, 0x7A, 0x8E, 0x33, 0x1D, 0x8F, 0xFF, 0x93, 0x07, 0xEB, 0xA0, 0x56, 0x83,
    0xE3, 0xAA, 0xC3, 0xED, 0xC9, 0x9E, 0x39, 0xA7, 0x45, 0xC5, 0x4D, 0x5B, 0x57, 0x5F, 0xAA, 0x1C,
    0x25, 0x9F, 0x94, 0xF6, 0xD9, 0xE7, 0x54, 0x26, 0x01, 0x5D, 0xEA, 0x54, 0xEE, 0xF4, 0x23, 0x6F,
    0x2A, 0xD4, 0x0F, 0x88, 0xF4, 0x6F, 0x7D, 0xE4, 0x51, 0x5D, 0x3F, 0xBB, 0xE2, 0xA6, 0x31, 0x14,
    0x54, 0x51, 0xF8, 0x41, 0x93, 0x39, 0x2E, 0x0D, 0xD1, 0x5C, 0xBA, 0xB2, 0x57, 0x50, 0xCC, 0x28,
    0x49, 0x9F, 0x4E, 0xE7, 0xA0, 0x70, 0x86, 0x5D, 0x52, 0xD7, 0x4B, 0xA6, 0x20, 0x35, 0xA7, 0x7C,
    0x64, 0x6A, 0x50, 0x2C, 0xC4, 0x3E, 0x22, 0xCD, 0x7B, 0xE0, 0x89, 0x2E, 0x9E, 0x60, 0xB8, 0x28,
    0x49, 0x06, 0x5B, 0xC2, 0x14, 0x72, 0x8A, 0x33, 0xD0, 0xAF, 0xCF, 0x36, 0x11, 0x32, 0x2E, 0x25,
    0xA1, 0xE7, 0x99, 0x56, 0x97, 0x6F, 0xCA, 0xF1, 0xD1, 0xAA, 0xA0, 0x90, 0x06, 0xCD, 0xF1, 0xC9,
    0xB6, 0x06, 0x8C, 0x80, 0xDC, 0x91, 0x7F, 0x71, 0xE3, 0xCF, 0x9A, 0xF3, 0x88, 0xD9, 0x6A, 0xD4,
    0xF3, 0xDC, 0x62, 0x1A, 0xE4, 0x74, 0x3F, 0xD2, 0xF1, 0xC7, 0x18, 0x9D, 0x36, 0xE8, 0x9D, 0x20,
    0x19, 0xD0, 0x07, 0x23, 0x1A, 0xFC, 0x8C, 0x4E, 0x0C, 0xFA, 0x81, 0xD2, 0x79, 0xF1, 0x0C, 0xDD,
    0xF6, 0x41, 0x24, 0xE9, 0x9D, 0xC2, 0x26, 0xF7, 0x1B, 0x4E, 0xCB, 0x74, 0xB6, 0x2D, 0x67, 0xCB,
    0xD4, 0xA3, 0xB3, 0xCB, 0x54, 0x3F, 0x5A, 0x89, 0x20, 0xBE, 0x36, 0x50, 0x34, 0xCA, 0xC7, 0x7D,
    0xCA, 0xAF, 0x16, 0x05, 0x90, 0x45, 0x5B, 0x5C, 0xB9, 0x1F, 0x0E, 0x27, 0x8A, 0x6F, 0xFE, 0xF3,
    0xC5, 0x33, 0x88, 0x5F, 0xDE, 0x22, 0x01, 0x04, 0xD1, 0x0A, 0x33, 0xF9, 0xFA, 0x4D, 0x56, 0x89,
    0x0A, 0x5F, 0xEF, 0xB6, 0x0F, 0x00, 0x39, 0x11, 0x04, 0xF7, 0x2D, 0x1B, 0x5F, 0xDD, 0x2B, 0xC8,
    0x8E, 0xE7, 0xDA, 0xF4, 0xF8, 0x6C, 0x07, 0xA3, 0xDE, 0xB8, 0xE7, 0xF9, 0x95, 0x1F, 0x8C, 0xF1,
    0xFC, 0x87, 0xCD, 0x94, 0xC9, 0x78, 0x68, 0xB6, 0xE3, 0x89, 0xF6, 0x70, 0x89, 0xC6, 0xA1, 0xBD,
    0x91, 0xF7, 0xFF, 0xFA, 0xF2, 0x3F, 0xE5, 0x5A, 0xDD, 0x8A, 0x23, 0x3D, 0x0E, 0x15, 0xE8, 0x36,
    0xA0, 0x57, 0x29, 0xE8, 0xDB, 0x80, 0x5E, 0xDD, 0x90, 0xDB, 0x81, 0xBC, 0x8A, 0x20, 0xB7, 0x02,
    0xAD, 0xA5, 0xE3, 0x72, 0x9C, 0x54, 0x3A, 0x3D, 0xBB, 0xEC, 0x6C, 0xF7, 0x7C, 0x6B, 0x57, 0xCE,
    0x31, 0xED, 0x3F, 0xFD, 0xB8, 0x54, 0xB6, 0x67, 0x88, 0x38, 0x9C, 0x83, 0x28, 0x22, 0x6E, 0x41,
    0x1C, 0x99, 0x48, 0x40, 0x1A, 0x14, 0xA1, 0x14, 0x46, 0x92, 0x8D, 0x1A, 0x71, 0x58, 0xB6, 0xED,
    0x45, 0x71, 0x22, 0x9A, 0xA4, 0xF6, 0x40, 0xAD, 0x28, 0x3A, 0x71, 0xD0, 0x42, 0x32, 0xC8, 0x73,
    0x48, 0x52, 0x50, 0x58, 0x96, 0x72, 0x74, 0x8D, 0xD6, 0x1F, 0x4C, 0x4E, 0x25, 0x4A, 0x8D, 0x1E,
    0xD9, 0x27, 0x25, 0xE8, 0x98, 0x12, 0xA8, 0x91, 0x46, 0x74, 0xCC, 0x76, 0xC6, 0x85, 0x39, 0xF2,
    0xCD, 0xD4, 0x73, 0x8C, 0xAA, 0xA7, 0x44, 0xCF, 0xE9, 0xD4, 0x26, 0xAE, 0x0F, 0x27, 0x66, 0xBF,
    0x1C, 0xCC, 0x0B, 0x8D, 0x48, 0x30, 0x59, 0xCD, 0xC5, 0x55, 0x67, 0x8F, 0x24, 0x83, 0x9C, 0x28,
    0x2E, 0xA0, 0x6B, 0x2B, 0x0A, 0x2A, 0xF2, 0xA9, 0x8D, 0x75, 0xA2, 0xD7, 0x54, 0x5A, 0x82, 0xFC,
    0x05, 0xE9, 0x20, 0x2B, 0x8A, 0x24, 0x97, 0x14, 0x0C, 0x96, 0x21, 0x05, 0x49, 0x89, 0x9C, 0x86,
    0xA2, 0xA2, 0xF2, 0x12, 0xD0, 0x13, 0xC5, 0x49, 0x81, 0xE6, 0x62, 0xA4, 0x37, 0x4B, 0xBC, 0xB6,
    0x32, 0xDD, 0x83, 0x5D, 0x74, 0x1A, 0x85, 0x76, 0x34, 0x49, 0x8C, 0x28, 0x84, 0x81, 0x6E, 0x1D,
    0x39, 0xB8, 0x23, 0x7D, 0xD0, 0xA9, 0x23, 0x9D, 0xF5, 0x83, 0x2B, 0x9F, 0x7A, 0xDE, 0x32, 0x9F,
    0x95, 0x90, 0xAA, 0xCD, 0xB9, 0xC3, 0x87, 0xAE, 0x2D, 0xD6, 0x7A, 0x3E, 0x31, 0x31, 0xC9, 0x43,
    0xBD, 0x28, 0x2D, 0x69, 0xD3, 0x8D, 0x97, 0x7C, 0xD9, 0x2E, 0x7A, 0x5E, 0xAA, 0xF3, 0x6F, 0xB4,
    0xC9, 0xDA, 0x46, 0x2F, 0x74, 0x22, 0x43, 0xF5, 0xB9, 0x4F, 0x70, 0xA2, 0x93, 0x74, 0x9C, 0x39,
    0x50, 0xBF, 0x8F, 0x7F, 0xCD, 0x31, 0xCF, 0x3D, 0x7F, 0xF4, 0xBC, 0xDD, 0x7A, 0xFE, 0x45, 0xF7,
    0x94, 0x33, 0xB6, 0xF3, 0x15, 0xF5, 0x99, 0xB3, 0x35, 0xDF, 0xFB, 0xA7, 0xF8, 0xF4, 0x21, 0xE7,
    0xFC, 0xFB, 0xCC, 0xA8, 0x57, 0x4A, 0x33, 0xC9, 0xC5, 0x12, 0xAF, 0x0D, 0xFE, 0x01, 0xDE, 0x93,
    0x78, 0xA2, 0x16, 0x46, 0x22, 0x03, 0xE1, 0xDD, 0x05, 0xF5, 0x76, 0xC7, 0xB8, 0x4C, 0xC4, 0x6B,
    0x25, 0x40, 0x4F, 0x5C, 0x97, 0x7C, 0x44, 0xEC, 0xC8, 0x13, 0xB1, 0x74, 0x81, 0x6A, 0x6A, 0x89,
    0x01, 0x6C, 0x89, 0x29, 0x38, 0xE4, 0x86, 0xD8, 0x1C, 0xAB, 0xD0, 0x10, 0x50, 0x53, 0x26, 0x0C,
    0xD8, 0x3A, 0x38, 0x29, 0x80, 0x08, 0xE2, 0x60, 0x26, 0x92, 0x04, 0x75, 0xEE, 0xD0, 0x4A, 0xD2,
    0x12, 0x51, 0x3B, 0x44, 0x0C, 0xD0, 0xB8, 0x3A, 0x89, 0x4B, 0x87, 0xA6, 0x6C, 0xCE, 0xB7, 0xFD,
    0x35, 0xA5, 0x12, 0x06, 0x4F, 0xD8, 0xD3, 0x8B, 0xCB, 0x41, 0xF3, 0x91, 0xFE, 0xF8, 0xFD, 0x51,
    0x7B, 0xD1, 0x4F, 0xC9, 0xBB, 0x46, 0x72, 0x1D, 0x1D, 0x09, 0x82, 0x66, 0x79, 0x79, 0xFC, 0xD3,
    0x71, 0x74, 0x9F, 0x1C, 0x6E, 0x9D, 0x7E, 0x85, 0x85, 0x60, 0x9E, 0x49, 0xAB, 0xA5, 0x10, 0xBD,
    0x6C, 0xC6, 0x32, 0x29, 0x42, 0x58, 0x25, 0x84, 0x55, 0x42, 0x58, 0x6D, 0xDF, 0x1B, 0x56, 0xBF,
    0xF4, 0xBA, 0xAD, 0x5E, 0xDF, 0x03, 0xAE, 0xA9, 0x63, 0x0D, 0x0D, 0x88, 0xB6, 0x40, 0xB4, 0x01,
    0x1C, 0xAD, 0x9A, 0x2B, 0x1C, 0x5E, 0x5A, 0x47, 0xDB, 0x17, 0xBC, 0x49, 0xEB, 0xE4, 0x4A, 0x89,
    0x10, 0xC5, 0x26, 0x4E, 0xB3, 0xAA, 0xAD, 0x28, 0x85, 0x88, 0x95, 0x47, 0x84, 0xD6, 0x08, 0xB4,
    0x47, 0x5C, 0xDF, 0x17, 0xE0, 0xEB, 0x77, 0xC7, 0x46, 0xC8, 0x85, 0xD1, 0xB4, 0x50, 0x76, 0x5F,
    0x96, 0xEF, 0x9B, 0xA6, 0xF8, 0xDE, 0xE1, 0x06, 0xFF, 0xEC, 0x00, 0x99, 0xC5, 0x01, 0x63, 0x7D,
    0xAB, 0x01, 0x6C, 0x40, 0x05, 0xE1, 0x15, 0x76, 0x63, 0x51, 0x01, 0x0C, 0x1C, 0x51, 0xE0, 0x88,
    0xBD, 0x08, 0xBD, 0x1C, 0xD1, 0x1E, 0x11, 0x89, 0x5D, 0xEC, 0x05, 0x22, 0xFD, 0x6C, 0x4B, 0x26,
    0x4D, 0x40, 0x12, 0xD3, 0xF6, 0x0C, 0x48, 0x7F, 0xD6, 0xBA, 0x44, 0x98, 0x08, 0x72, 0x78, 0x02,
    0x1B, 0xDC, 0x4D, 0x7F, 0xBF, 0xA5, 0xA9, 0x54, 0x14, 0xDB, 0xF5, 0x51, 0x28, 0xF9, 0xAD, 0x36,
    0x7F, 0x1B, 0x03, 0xFE, 0x7E, 0x9B, 0xBF, 0x8F, 0x13, 0xDF, 0xB7, 0xCE, 0x83, 0xEE, 0x8B, 0x5D,
    0x0A, 0x19, 0xE6, 0xFC, 0x27, 0xD8, 0x9C, 0x3D, 0xB1, 0x8A, 0x3A, 0x15, 0xE4, 0xEF, 0xB6, 0xB9,
    0xA4, 0x40, 0x29, 0x26, 0x67, 0x85, 0x44, 0x04, 0xAC, 0xA6, 0x6D, 0x59, 0x14, 0xDA, 0xB2, 0xEF,
    0x0A, 0xA9, 0x48, 0xC0, 0x3C, 0x25, 0x48, 0xD8, 0xFC, 0x8A, 0x66, 0x27, 0xBC, 0x29, 0xE1, 0x8F,
    0x38, 0x55, 0x15, 0x7B, 0x85, 0x44, 0xEF, 0x76, 0xA1, 0xF4, 0x03, 0x76, 0xA1, 0xE1, 0x34, 0xE1,
    0xBD, 0xDF, 0xBE, 0xDE, 0x99, 0xE2, 0x53, 0xD9, 0x48, 0xFF, 0x93, 0x9D, 0xE9, 0x1B, 0xEB, 0x52,
    0x1C, 0xF0, 0xFD, 0xEE, 0xFE, 0x67, 0xDA, 0x95, 0xE2, 0x00, 0x7F, 0x78, 0xB3, 0x3F, 0x35, 0x3F,
    0x16, 0xD6, 0x14, 0x31, 0x77, 0xCF, 0x6B, 0xA1, 0x11, 0xC9, 0x2C, 0xDC, 0x46, 0x27, 0x9D, 0x85,
    0xCB, 0x28, 0xC4, 0x2C, 0x88, 0x17, 0xF3, 0x2C, 0xF8, 0xD8, 0x88, 0xCB, 0x2C, 0x98, 0x60, 0x06,
    0x35, 0x1D, 0x85, 0xA6, 0x86, 0xDE, 0xB3, 0x10, 0x51, 0x05, 0x5E, 0x0B, 0x88, 0x9F, 0xB3, 0x60,
    0xF7, 0xA3, 0x0B, 0x44, 0x56, 0x63, 0x14, 0x76, 0x2F, 0xDD, 0x0B, 0x44, 0x0C, 0x3A, 0xF0, 0x9E,
    0xC2, 0x78, 0x28, 0x3B, 0x3C, 0x36, 0x8F, 0xE3, 0x60, 0x0A, 0xC7, 0xC9, 0x21, 0xA7, 0xC3, 0x42,
    0x9F, 0x6B, 0x1D, 0xBE, 0x81, 0xDF, 0xC0, 0x32, 0x38, 0x9D, 0x84, 0xD8, 0x0F, 0x8E, 0x26, 0x08,
    0x2F, 0xA6, 0x55, 0x44, 0x33, 0x4F, 0xD6, 0x52, 0x21, 0x2B, 0xB0, 0x1C, 0x79, 0x2A, 0x9E, 0xA4,
    0x4F, 0x47, 0x1B, 0x04, 0xE3, 0xA6, 0x38, 0xDA, 0x94, 0x64, 0x0D, 0x84, 0x59, 0x60, 0xFC, 0x41,
    0x3A, 0xC8, 0x76, 0x92, 0x88, 0x24, 0xED, 0x14, 0xAD, 0x93, 0x4F, 0xB2, 0xEA, 0x04, 0xAA, 0x0E,
    0x1A, 0x9E, 0xDD, 0x23, 0xBC, 0x24, 0xAE, 0xBE, 0x23, 0xAE, 0xC6, 0xD5, 0xCA, 0x40, 0x52, 0x76,
    0x6B, 0xC3, 0x8C, 0x9A, 0x72, 0x78, 0x47, 0x8D, 0xE8, 0x38, 0xCC, 0x67, 0xBA, 0x1F, 0x20, 0xD9,
    0xAB, 0xE0, 0x59, 0x10, 0x1B, 0x28, 0x07, 0xD4, 0x2C, 0x30, 0xE6, 0xC3, 0x74, 0x40, 0xBC, 0x67,
    0x63, 0xE0, 0x68, 0x03, 0xC7, 0x45, 0x8F, 0xAE, 0x37, 0x4C, 0x6D, 0x0F, 0x02, 0xBF, 0x7B, 0x92,
    0xFC, 0x11, 0xE6, 0xEE, 0xE4, 0x35, 0xC9, 0xD7, 0xE6, 0xFE, 0x7A, 0x37, 0xF7, 0xBF, 0x75, 0xC9,
    0x3C, 0xEA, 0x03, 0xDF, 0xBB, 0xC4, 0x19, 0x82, 0x4A, 0x2B, 0xD2, 0x61, 0xC0, 0x95, 0x90, 0xB4,
    0xEC, 0x0D, 0x33, 0x52, 0x12, 0xEC, 0x93, 0x0F, 0xC1, 0x0F, 0x78, 0xAB, 0x92, 0xD4, 0x8B, 0xE0,
    0xBB, 0x2B, 0xA6, 0x53, 0x87, 0x5B, 0x0D, 0xD4, 0x40, 0x86, 0x50, 0xE2, 0x45, 0xD7, 0x22, 0x97,
    0x28, 0xE2, 0x9D, 0x10, 0xC5, 0x77, 0xB2, 0x31, 0xF9, 0x2A, 0x83, 0x40, 0x57, 0x50, 0x89, 0x09,
    0x8F, 0xB8, 0xEE, 0xFE, 0x50, 0x03, 0x4C, 0x65, 0x56, 0x98, 0x91, 0x7D, 0x05, 0x04, 0xF2, 0x8A,
    0x47, 0xB5, 0xC0, 0x24, 0xA0, 0x04, 0xC3, 0xDA, 0x88, 0x35, 0x34, 0xA1, 0x01, 0xD4, 0xEF, 0x57,
    0x03, 0xE2, 0x80, 0x68, 0x05, 0x1C, 0x80, 0xBF, 0xED, 0x9A, 0x84, 0x94, 0x5E, 0x50, 0x0C, 0x02,
    0x2B, 0x5A, 0x8A, 0xFD, 0xD9, 0x9B, 0x13, 0x69, 0x0F, 0xA0, 0x05, 0x50, 0x73, 0xEE, 0x80, 0x35,
    0x8E, 0x84, 0xF4, 0x8F, 0x37, 0xFC, 0x71, 0xA3, 0xF3, 0xBD, 0xCE, 0x38, 0x6D, 0xDC, 0x86, 0x90,
    0x1B, 0x35, 0x26, 0x36, 0x3A, 0x65, 0xDE, 0xCE, 0x62, 0x84, 0x34, 0xDB, 0xC8, 0x73, 0x9B, 0x93,
    0x58, 0xBD, 0xC4, 0xAE, 0x78, 0x85, 0xD5, 0xF0, 0x83, 0x52, 0xF8, 0x89, 0x1F, 0x7F, 0x6A, 0x8F,
    0xBF, 0x68, 0x87, 0x1F, 0xBA, 0x3F, 0x0E, 0xA3, 0x0E, 0xB5, 0x02, 0x5D, 0x90, 0xDE, 0xDE, 0xF6,
    0x23, 0xBD, 0xBD, 0xED, 0x27, 0xA6, 0x37, 0xB7, 0xFD, 0xBC, 0xFB, 0x0E, 0xD4, 0x56, 0x2F, 0xFB,
    0xDF, 0xFB, 0x31, 0x1C, 0x4B, 0x94, 0x0F, 0x17, 0x49, 0x4A, 0x3F, 0xFD, 0x63, 0x88, 0xB4, 0xB5,
    0xCA, 0xBF, 0xF4, 0xD7, 0xB6, 0xE7, 0x8D, 0x96, 0xF4, 0x61, 0xE7, 0xD3, 0x96, 0x79, 0xDB, 0xDA,
    0x07, 0x9D, 0x69, 0xAB, 0x9C, 0x49, 0xDB, 0xEA, 0x51, 0x06, 0x91, 0x83, 0xCE, 0xA0, 0xE9, 0x8D,
    0x68, 0x4F, 0x14, 0x41, 0xBC, 0x13, 0xDD, 0xA9, 0xDD, 0x89, 0x23, 0x4C, 0x92, 0xD4, 0xC4, 0x3B,
    0xC9, 0x20, 0xBF, 0x93, 0x04, 0xBB, 0x76, 0xF2, 0x6C, 0x74, 0x27, 0xDA, 0x09, 0x21, 0x48, 0xF1,
    0x25, 0x7F, 0x24, 0xE9, 0x14, 0xA0, 0xF5, 0x63, 0x0A, 0x85, 0x76, 0x87, 0x16, 0x68, 0x82, 0x4C,
    0x5F, 0x96, 0x80, 0x1A, 0xC6, 0x11, 0x13, 0x9A, 0x3E, 0xDD, 0x28, 0x3C, 0x5F, 0x2B, 0xE8, 0x27,
    0xD7, 0x0A, 0xCB, 0x97, 0x72, 0x4E, 0x2A, 0x87, 0x55, 0xE4, 0x84, 0xB4, 0xB4, 0xD1, 0xC4, 0xB3,
    0xDC, 0x51, 0xCF, 0x8B, 0x33, 0xE8, 0xE7, 0x9D, 0xF7, 0x89, 0x10, 0x28, 0x13, 0xD6, 0xEB, 0xC9,
    0x55, 0x2D, 0x51, 0xA8, 0x03, 0x80, 0x4A, 0x62, 0xAF, 0xCE, 0xAA, 0xF4, 0xDF, 0x3C, 0xFE, 0x67,
    0x8A, 0x55, 0x8E, 0x75, 0x3D, 0x43, 0x50, 0xF8, 0xE2, 0xFF, 0xEC, 0xF4, 0x3A, 0xAD, 0xC2, 0x3E,
    0xD8, 0x1E, 0x4D, 0xA2, 0xA0, 0x9F, 0x7D, 0x9A, 0x45, 0xDF, 0x47, 0x2F, 0xBF, 0xD6, 0x67, 0x26,
    0x0D, 0xCB, 0x2A, 0x41, 0xA8, 0x87, 0x22, 0xC3, 0xDF, 0x5E, 0x0B, 0x51, 0xA2, 0xAA, 0x53, 0xE5,
    0xF9, 0x31, 0xC5, 0x99, 0x01, 0xC1, 0x4D, 0xAE, 0x60, 0x15, 0x2F, 0x39, 0x1C, 0x2C, 0x06, 0xD6,
    0xD6, 0x59, 0x82, 0x7C, 0x04, 0x74, 0x03, 0xCB, 0x88, 0x48, 0x8A, 0x31, 0x02, 0x9B, 0x27, 0x84,
    0x7B, 0x58, 0x49, 0x31, 0x3D, 0x47, 0x31, 0x1C, 0x2D, 0xC3, 0x5D, 0x3A, 0x4E, 0x16, 0x8E, 0xF3,
    0xC6, 0xEF, 0xFD, 0x4B, 0x07, 0x69, 0x50, 0x4E, 0x13, 0x37, 0x1B, 0xCB, 0x44, 0xE1, 0x2B, 0x44,
    0xDE, 0x61, 0x6A, 0xED, 0xE8, 0x7C, 0x8B, 0x94, 0xF1, 0x92, 0xA8, 0x9C, 0x88, 0x08, 0x3C, 0x74,
    0xD1, 0xC2, 0x78, 0x1C, 0xC6, 0x4B, 0x24, 0x93, 0x68, 0x1D, 0xED, 0x74, 0x2A, 0x19, 0x5A, 0x7D,
    0x4D, 0x3A, 0xA8, 0x27, 0x66, 0x26, 0xA4, 0xD9, 0x46, 0xAC, 0xFF, 0xED, 0x24, 0xA8, 0x3F, 0xCB,
    0x2F, 0xFC, 0x0D, 0x2D, 0xDF, 0xF5, 0x47, 0x9B, 0x63, 0xFF, 0x75, 0x6C, 0x75, 0x7C, 0xC2, 0xD4,
    0x3A, 0xA2, 0xE4, 0xC7, 0xF9, 0x31, 0x7E, 0xD5, 0x9F, 0xC4, 0x96, 0xB1, 0xDF, 0xF6, 0x47, 0x9B,
    0xD7, 0xFD, 0xE7, 0xD8, 0x4E, 0xED, 0x31, 0xCB, 0x61, 0x7E, 0x7E, 0x51, 0x8F, 0x31, 0xDF, 0xF7,
    0x47, 0x9B, 0x63, 0xFF, 0xA3, 0x6E, 0x6B, 0x86, 0x7C, 0x9F, 0xB7, 0x59, 0xF5, 0x7F, 0xDF, 0xFF,
    0x75, 0x9B, 0x47, 0xFD, 0x75, 0xD4, 0x75, 0x6E, 0x5B, 0xA6, 0x83, 0xFF, 0xE7, 0xA6, 0x83, 0x46,
    0x5E, 0xC6, 0x7E, 0xDF, 0x1F, 0x6D, 0x8E, 0xFD, 0xD7, 0xB1, 0xD1, 0xFB, 0xBD, 0xFE, 0x4B, 0xED,
    0x61, 0xFD, 0x25, 0x7E, 0xA1, 0xFF, 0xB1, 0x3F, 0x6A, 0xF7, 0x6F, 0x04, 0x2D, 0x2F, 0x89, 0x51,
    0x18, 0x27, 0xB6, 0x0A, 0xC6, 0xB4, 0x22, 0x4E, 0x34, 0x85, 0xE1, 0x33, 0xC4, 0xEB, 0x8C, 0x46,
    0x54, 0xD4, 0x08, 0xC1, 0x61, 0x9E, 0xCD, 0xA2, 0x33, 0x22, 0x64, 0xA2, 0x7A, 0x3D, 0x11, 0x0F,
    0xDB, 0xC6, 0x71, 0x7C, 0x99, 0x49, 0xDB, 0x1D, 0x63, 0x45, 0x48, 0x5E, 0xA8, 0xAF, 0x03, 0xC9,
    0xE9, 0xE5, 0xD1, 0x8B, 0xC7, 0xE7, 0x59, 0x0A, 0x10, 0xE6, 0x23, 0x01, 0xED, 0x7C, 0x6E, 0x47,
    0xD6, 0x3D, 0x50, 0xB8, 0x94, 0xA8, 0x09, 0x10, 0x74, 0xDD, 0x1F, 0x00, 0xE4, 0x0E, 0x58, 0x57,
    0xC7, 0x1D, 0x85, 0x27, 0x34, 0x82, 0xA9, 0xA2, 0x03, 0x92, 0x17, 0x60, 0x93, 0xF7, 0x04, 0x52,
    0xE0, 0x47, 0xD0, 0x02, 0x3B, 0x42, 0xB4, 0x03, 0x30, 0x80, 0x06, 0x20, 0x89, 0x01, 0x0E, 0x37,
    0x30, 0xDC, 0x0E, 0x32, 0xB3, 0x25, 0x10, 0xAC, 0x3F, 0x1F, 0x09, 0xD7, 0x7C, 0x8C, 0x83, 0xF0,
    0xC8, 0x67, 0xFF, 0x93, 0x25, 0xC6, 0x23, 0x3E, 0x6C, 0xC6, 0xB3, 0x99, 0x11, 0x59, 0x4E, 0x20,
    0x2D, 0xE7, 0x73, 0xD8, 0xE7, 0x71, 0xD9, 0x9E, 0xC8, 0x64, 0xEB, 0x88, 0x12, 0x21, 0xAD, 0x6D,
    0x46, 0xCD, 0xCE, 0x5F, 0xDF, 0x71, 0x1E, 0xCF, 0x00, 0xF6, 0x44, 0xBC, 0x13, 0x51, 0x0C, 0x6A,
    0x4F, 0x24, 0x83, 0x1C, 0x9F, 0xBC, 0x4F, 0x89, 0xF0, 0x15, 0xFD, 0x84, 0xA2, 0xFD, 0x1B, 0x32,
    0xFC, 0xFE, 0x85, 0x5A, 0xDB, 0x21, 0xEE, 0x40, 0x09, 0x12, 0x6D, 0x1E, 0x13, 0x7C, 0x80, 0xE1,
    0x98, 0x50, 0x80, 0xC3, 0xC1, 0xF1, 0x98, 0x10, 0x5F, 0x1C, 0x13, 0xFE, 0x05, 0xB5, 0x96, 0x01,
    0xC6, 0x2C, 0x49, 0x10, 0x84, 0x3F, 0x12, 0x20, 0xC8, 0xAB, 0x04, 0x03, 0x30, 0xCC, 0xD5, 0x93,
    0x06, 0x18, 0xDE, 0x55, 0xEA, 0x00, 0x4D, 0xEF, 0x3C, 0x76, 0xD7, 0xDA, 0x55, 0x61, 0xFF, 0x66,
    0x3E, 0xA0, 0x84, 0x9A, 0x9C, 0x4A, 0x11, 0x99, 0xDD, 0xB0, 0x48, 0xAC, 0x26, 0x51, 0x23, 0x13,
    0x69, 0x79, 0x11, 0x79, 0x9D, 0x44, 0xAE, 0x8B, 0x80, 0x65, 0x75, 0xA8, 0x50, 0x53, 0x43, 0xE0,
    0xF9, 0x21, 0xBF, 0x0F, 0x33, 0xCC, 0x5E, 0x97, 0xF7, 0x15, 0xBA, 0x6D, 0x22, 0x56, 0xBA, 0x0F,
    0x0C, 0x43, 0xD0, 0x65, 0x59, 0x66, 0xC3, 0x5A, 0x12, 0x81, 0x9A, 0xC7, 0x3B, 0xF7, 0xAF, 0x97,
    0x65, 0xB1, 0x67, 0x8A, 0x9A, 0x54, 0x81, 0x29, 0x92, 0x5E, 0x30, 0xEC, 0x69, 0x0A, 0xF1, 0x63,
    0x0A, 0x06, 0xE7, 0xFF, 0x2D, 0x02, 0xD3, 0xB1, 0xEF, 0x45, 0xAD, 0x02, 0xEA, 0x44, 0x88, 0x84,
    0x79, 0x23, 0xCC, 0xF0, 0x03, 0x6A, 0x44, 0xE5, 0xFA, 0x74, 0xD0, 0x7B, 0x8A, 0xD8, 0x77, 0x7A,
    0x8A, 0x4C, 0xF0, 0x85, 0x50, 0x89, 0x15, 0x5D, 0x7B, 0xF0, 0x84, 0x6F, 0x26, 0xF3, 0xBE, 0xEF,
    0x8A, 0x1A, 0xDC, 0x93, 0x73, 0x47, 0xAA, 0x4F, 0x51, 0xE4, 0xB9, 0x96, 0x72, 0x73, 0xE8, 0xD0,
    0x73, 0xDD, 0x9F, 0x0B, 0x35, 0xB2, 0x95, 0xEE, 0xDF, 0xC8, 0xF5, 0x17, 0x26, 0x77, 0xD2, 0xAE,
    0xEB, 0xA7, 0x35, 0x7B, 0xDD, 0xAF, 0x88, 0x99, 0x42, 0x98, 0x7F, 0x21, 0x84, 0x31, 0xC3, 0x14,
    0xF5, 0xF7, 0x31, 0x51, 0x83, 0x71, 0x0D, 0x01, 0x2B, 0xF5, 0xA7, 0x97, 0x9C, 0x5E, 0xF3, 0x5C,
    0x87, 0x8A, 0xE7, 0xB3, 0x26, 0xA5, 0x80, 0x29, 0x0A, 0xA6, 0x72, 0x97, 0x03, 0x46, 0x14, 0x81,
    0x3C, 0xB9, 0x68, 0x7B, 0x80, 0xFB, 0x39, 0xE4, 0x61, 0x9B, 0x40, 0x48, 0xDF, 0x82, 0x9C, 0xB2,
    0xEC, 0xDD, 0xEC, 0x5F, 0x59, 0x86, 0xFC, 0x32, 0xA6, 0xDF, 0x8F, 0x55, 0x6C, 0xF1, 0xAB, 0xE6,
    0x54, 0xCC, 0x58, 0xF0, 0x7C, 0x40, 0x7A, 0x5D, 0xCA, 0x7B, 0x79, 0x31, 0xEF, 0x0F, 0x40, 0x0D,
    0x00, 0xD4, 0xAF, 0x63, 0xC9, 0xA2, 0x97, 0x4E, 0x59, 0xFA, 0xF5, 0x39, 0xFB, 0x1F, 0x9F, 0x71,
    0x35, 0x16, 0x7F, 0x9D, 0x1F, 0x1F, 0x18, 0x9C, 0x1C, 0x50, 0x23, 0x44, 0x4D, 0x9A, 0x32, 0x8F,
    0xF7, 0x46, 0x8F, 0xC8, 0x35, 0x72, 0xDA, 0xDD, 0x05, 0x13, 0x77, 0xFF, 0xD6, 0x77, 0x83, 0x91,
    0xFD, 0x3E, 0xEA, 0x7F, 0xE4, 0xB8, 0x69, 0x7E, 0xCC, 0xC3, 0x3D, 0xAF, 0xD5, 0x93, 0xF3, 0xFD,
    0x5C, 0x4C, 0xD1, 0x67, 0x48, 0xD8, 0x0D, 0x0C, 0x6A, 0x58, 0x5C, 0xD7, 0x7F, 0xCF, 0x37, 0xA9,
    0xEB, 0x1A, 0xBE, 0x49, 0xA8, 0x59, 0x27, 0x52, 0x8D, 0xCD, 0x6B, 0xB8, 0xC3, 0x75, 0xD1, 0xB0,
    0x0C, 0xE2, 0xBB, 0x0C, 0xB0, 0x5E, 0xD7, 0x75, 0x02, 0x0B, 0x98, 0x5E, 0xFE, 0xCD, 0x6A, 0x6F,
    0xCC, 0x35, 0xF6, 0x6B, 0xBC, 0xDD, 0x6B, 0x05, 0x34, 0x45, 0xCF, 0xFE, 0xFE, 0x6F, 0x76, 0xBA,
    0xFF, 0x64, 0xFB, 0xFB, 0x4B, 0x08, 0x51, 0x1B, 0x1D, 0xE3, 0x5A, 0xF2, 0x4E, 0x17, 0xA2, 0x27,
    0x4F, 0xCA, 0x73, 0x1D, 0x3A, 0xC4, 0x86, 0x1E, 0x59, 0xEC, 0x64, 0xF1, 0xCA, 0x13, 0x06, 0x7F,
    0xD0, 0xD4, 0x56, 0xD5, 0x14, 0x9A, 0xDD, 0x86, 0xF9, 0x03, 0xA5, 0x59, 0xC1, 0xAA, 0xF5, 0x2C,
    0x0C, 0x1C, 0xC8, 0x36, 0xE0, 0xAB, 0x04, 0xDC, 0x16, 0x7C, 0x75, 0xE1, 0x6C, 0xFB, 0x30, 0xC2,
    0xBF, 0x15, 0xFA, 0x37, 0x48, 0xB8, 0x9E, 0xA1, 0x39, 0x5D, 0x7C, 0x33, 0x8B, 0x7B, 0x2E, 0x33,
    0xB1, 0xAD, 0x9A, 0xD4, 0x2A, 0x50, 0x80, 0x01, 0xB4, 0x69, 0x70, 0xB6, 0x61, 0x58, 0x6C, 0x13,
    0x37, 0xD4, 0xD4, 0x80, 0x4C, 0x0F, 0xB8, 0x2E, 0x10, 0xE7, 0x94, 0xC0, 0x01, 0xC7, 0x28, 0x88,
    0x78, 0xE6, 0x0E, 0x19, 0xAA, 0x7B, 0xFB, 0xAA, 0x32, 0x76, 0xBD, 0x0C, 0xD3, 0x9B, 0xEB, 0x6E,
    0xD5, 0x6E, 0x96, 0x6F, 0x7D, 0xA2, 0x7F, 0xB3, 0xEC, 0xF7, 0x9F, 0xE8, 0x1B, 0xE6, 0x7E, 0x6B,
    0x8E, 0xD2, 0x77, 0xB9, 0x75, 0x5B, 0x9C, 0xF6, 0x59, 0xEC, 0x5F, 0xF1, 0xD6, 0x17, 0x9B, 0xEB,
    0x8B, 0x6F, 0xFD, 0x23, 0x7B, 0xFF, 0xD8, 0xE1, 0xD1, 0x15, 0x15, 0x07, 0xAA, 0xB7, 0x66, 0xA6,
    0xB8, 0x11, 0xE3, 0x63, 0x6A, 0xC7, 0xCD, 0xD3, 0xCE, 0xAA, 0x55, 0x8F, 0x9B, 0x4B, 0x8F, 0x9E,
    0x30, 0x31, 0xD1, 0x1B, 0x62, 0x62, 0xFE, 0x74, 0x82, 0x82, 0x1D, 0x26, 0xCC, 0x76, 0xB9, 0x2F,
    0x74, 0xE9, 0x6A, 0x6A, 0xDE, 0x5A, 0x9B, 0xA6, 0x8B, 0xD8, 0xD0, 0x46, 0x8C, 0x7F, 0xA8, 0x6D,
    0x90, 0xAE, 0xCE, 0x44, 0x7F, 0x1D, 0x7F, 0x4C, 0x51, 0xE7, 0x82, 0xC7, 0x5F, 0x57, 0x97, 0x2E,
    0x21, 0xBF, 0xCD, 0x3F, 0xEF, 0x71, 0x3D, 0xF5, 0x94, 0x21, 0xC3, 0xFF, 0xFA, 0xFF, 0x3C, 0x7F,
    0x70, 0xB3, 0x0C, 0x18, 0x14, 0x34, 0x7F, 0xF2, 0xFE, 0x05, 0xD4, 0xA4, 0xE7, 0x7A, 0x20, 0x1B,
    0xBF, 0x80, 0x4C, 0xD1, 0x3F, 0x3A, 0x28, 0x5E, 0x4D, 0x8F, 0x1B, 0xF5, 0xAC, 0x27, 0xF7, 0x7F,
    0xE8, 0x31, 0x3A, 0x41, 0x7E, 0xBE, 0x6F, 0x16, 0xEE, 0x7F, 0x65, 0x26, 0xE3, 0x87, 0xE0, 0x43,
    0xFB, 0xA1, 0x71, 0xFB, 0x58, 0xB3, 0x89, 0xB8, 0xE1, 0x65, 0x7E, 0xF6, 0x32, 0xED, 0x13, 0x8C,
    0x5C, 0xE5, 0xE7, 0x57, 0xF3, 0xB1, 0xF8, 0x9B, 0xA9, 0xA4, 0x13, 0xDB, 0x05, 0x81, 0x3C, 0xE8,
    0x47, 0x39, 0xA1, 0x4E, 0x9A, 0x3F, 0xC4, 0x76, 0xED, 0xFA, 0x47, 0x99, 0xD7, 0x57, 0xFB, 0x0D,
    0x9C, 0xDF, 0x32, 0x1F, 0xC7, 0x4F, 0xED, 0x5C, 0x6C, 0xFA, 0xA5, 0xE3, 0x77, 0x7E, 0x95, 0x6E,
    0x06, 0x85, 0x96, 0x09, 0x75, 0x72, 0x7D, 0xB2, 0x51, 0xD5, 0xD9, 0xB4, 0xEA, 0xA2, 0x51, 0x7D,
    0x5C, 0xAD, 0x96, 0x19, 0xB3, 0x2F, 0xFA, 0x8F, 0x73, 0xE4, 0x76, 0x46, 0x2F, 0x05, 0x54, 0x86,
    0x6E, 0xF7, 0x46, 0xF3, 0x8B, 0xE6, 0x50, 0xB8, 0x5A, 0xE8, 0x69, 0x0D, 0x60, 0xC8, 0x76, 0x6F,
    0x3E, 0x7E, 0x26, 0x78, 0x98, 0x83, 0xAB, 0x15, 0xBE, 0x7E, 0x8C, 0x61, 0x54, 0x80, 0xC8, 0x7F,
    0x8E, 0x8F, 0x0A, 0xF0, 0x18, 0x4F, 0x19, 0x0E, 0x6C, 0x15, 0x20, 0xD1, 0xB9, 0x06, 0x50, 0xFE,
    0xD3, 0xF3, 0x51, 0xFE, 0x13, 0xB8, 0x02, 0xB0, 0xCE, 0x15, 0x80, 0xF5, 0xF2, 0x36, 0x3E, 0x11,
    0x99, 0xC4, 0xD7, 0x71, 0x68, 0x68, 0x87, 0xD6, 0xF1, 0x58, 0x03, 0x60, 0xE0, 0xFE, 0x4F, 0x6B,
    0xC0, 0x0E, 0xCA, 0x61, 0x81, 0x40, 0x71, 0x84, 0xE4, 0xEE, 0x55, 0x03, 0xB8, 0x0A, 0x50, 0x7C,
    0x54, 0x80, 0xBC, 0x7F, 0x38, 0xFF, 0x37, 0x9D, 0x2B, 0x00, 0x21, 0xCB, 0xFF, 0x40, 0x96, 0xFF,
    0x54, 0x03, 0x26, 0xE5, 0x3F, 0x8F, 0x9F, 0x52, 0xFE, 0x53, 0x0D, 0xE0, 0xFC, 0xE1, 0x1A, 0x50,
    0x26, 0xE5, 0x3F, 0xD5, 0x80, 0xC6, 0xF9, 0x9F, 0xD4, 0x80, 0xE8, 0xBF, 0x58, 0x61, 0xE4, 0xF9,
    0xE5, 0x41, 0xB9, 0xEE, 0x30, 0x5C, 0xB0, 0x6D, 0xFE, 0x2C, 0x42, 0x31, 0x7E, 0xAD, 0x01, 0x19,
    0x6B, 0x0D, 0xD8, 0x06, 0xAD, 0xFF, 0x68, 0xFE, 0xF9, 0xDD, 0x72, 0xFE, 0xAE, 0x99, 0x22, 0xC9,
    0xFA, 0x2E, 0x9E, 0x80, 0x75, 0xEA, 0x7A, 0x6F, 0xD7, 0x76, 0x5A, 0x2F, 0x78, 0x58, 0x03, 0x4E,
    0x5E, 0xFF, 0x05, 0x68, 0x05, 0x38, 0x5F, 0xFB, 0x27, 0x30, 0x4A, 0x5E, 0x3F, 0x62, 0x7C, 0xD2,
    0xFA, 0x13, 0xB9, 0x9E, 0xE7, 0x57, 0x40, 0xBF, 0xB0, 0xF2, 0x2B, 0x7B, 0xFF, 0xD5, 0x53, 0x0D,
    0x0C, 0xE4, 0xBA, 0xA0, 0x8D, 0x5F, 0xEF, 0x3F, 0xBD, 0xD9, 0xBA, 0x42, 0x51, 0x86, 0x3A, 0x78,
    0xFD, 0x75, 0xD8, 0xA7, 0xA2, 0xA2, 0xCD, 0x0A, 0xA7, 0x7D, 0x2C, 0x6E, 0x9E, 0x3C, 0x6D, 0xB2,
    0x1E, 0x33, 0x40, 0x4C, 0x4C, 0xB5, 0x1C, 0x5E, 0xFD, 0x9D, 0x20, 0xFC, 0x39, 0x58, 0x5F, 0x63,
    0x57, 0xED, 0xA6, 0xB6, 0xE3, 0x48, 0xE2, 0x2D, 0x1C, 0x0F, 0xF1, 0x65, 0xAE, 0xD5, 0x0D, 0xBA,
    0x0C, 0xBE, 0xFE, 0xEE, 0x11, 0x5B, 0x75, 0x8E, 0xF5, 0x7A, 0x55, 0xA9, 0x62, 0x67, 0x33, 0x9B,
    0x75, 0xA1, 0xEE, 0x7A, 0x78, 0x76, 0xC7, 0xFE, 0x7E, 0xE2, 0xF5, 0xAD, 0xFF, 0x32, 0xD8, 0xE6,
    0xD8, 0xDF, 0x7F, 0xAC, 0x03, 0x54, 0x77, 0xB9, 0x7E, 0xE7, 0x3E, 0x7A, 0xF7, 0xB4, 0x99, 0xBF,
    0x7F, 0xA2, 0x7E, 0x3C, 0xE9, 0x56, 0xCC, 0x1C, 0xDA, 0x9D, 0xC2, 0xA5, 0x75, 0x5B, 0x63, 0x87,
    0x63, 0xE9, 0xC7, 0x21, 0xF2, 0x16, 0x1F, 0x1E, 0x8E, 0xDF, 0xA1, 0x3E, 0xEB, 0x3E, 0xCE, 0x5A,
    0xEB, 0xE1, 0xE3, 0xAC, 0xC6, 0x7D, 0xA0, 0xB9, 0xBE, 0xC6, 0x54, 0x36, 0xAE, 0xFE, 0x09, 0xB0,
    0x27, 0x74, 0xEF, 0x93, 0x22, 0x1D, 0x06, 0xFF, 0x7D, 0x2C, 0x65, 0xB1, 0x6C, 0xF3, 0x9B, 0x5D,
    0xA1, 0xC7, 0x5B, 0xF7, 0x3D, 0x7F, 0xD9, 0x45, 0x3A, 0xAF, 0xEF, 0x51, 0xA2, 0x16, 0x82, 0x3D,
    0xB9, 0x2E, 0x8A, 0x61, 0xA6, 0xA7, 0x88, 0xF4, 0xAD, 0xF5, 0xDE, 0x3A, 0x95, 0x12, 0xEE, 0xF8,
    0x8F, 0x20, 0x47, 0xE9, 0x86, 0xF2, 0x53, 0x87, 0x49, 0x47, 0xAE, 0xC3, 0x46, 0x2F, 0x78, 0x83,
    0x00, 0xD0, 0x0E, 0xB9, 0xA9, 0x5D, 0xFF, 0xEA, 0x22, 0xD0, 0x4F, 0x88, 0x6D, 0xCE, 0xE5, 0xF9,
    0x68, 0x77, 0xFF, 0x1F, 0x3C, 0xB6, 0x1B, 0x3E, 0xBD, 0x47, 0x3D, 0x0F, 0xA1, 0x01, 0x53, 0xB0,
    0x61, 0xFC, 0xD7, 0xD1, 0x7B, 0x77, 0x3F, 0xF2, 0xEF, 0xCB, 0x02, 0x85, 0x21, 0x5F, 0x7F, 0x86,
    0xEE, 0x80, 0xA2, 0x41, 0xB1, 0xD5, 0xD7, 0x83, 0xF3, 0x2F, 0x5C, 0xE1, 0x70, 0x9D, 0xD6, 0xEE,
    0xA7, 0x59, 0x3B, 0x0D, 0x41, 0xE4, 0xEB, 0xC3, 0xF3, 0xB0, 0xEA, 0xCE, 0x68, 0x56, 0x5F, 0xBF,
    0xEF, 0xD9, 0x43, 0xBA, 0x5C, 0x82, 0xC5, 0x36, 0xE2, 0x17, 0x23, 0x3C, 0xE1, 0xE0, 0x6F, 0x0B,
    0xFE, 0x82, 0xC2, 0x00, 0x79, 0xC2, 0x41, 0x7A, 0xB6, 0x7F, 0x20, 0x90, 0xE4, 0xFB, 0x82, 0xF4,
    0x64, 0x7F, 0xA1, 0x97, 0xE4, 0xFB, 0x83, 0xF4, 0x6C, 0xFF, 0xC0, 0x49, 0xF5, 0x8F, 0xF5, 0xBD,
    0x7E, 0xD6, 0x9B, 0xAD, 0x57, 0x73, 0x9A, 0x9A, 0x80, 0x60, 0xE5, 0xCF, 0xC1, 0xBA, 0x96, 0x66,
    0x6A, 0x3E, 0xF3, 0x0B, 0xB4, 0xAB, 0xA9, 0xEA, 0xD2, 0xC9, 0x93, 0xE9, 0xB3, 0x68, 0x12, 0x4F,
    0x1E, 0xD6, 0xF3, 0xFD, 0x8D, 0xC2, 0xFD, 0xBF, 0x3B, 0x58, 0xB7, 0x66, 0xE6, 0x68, 0xC3, 0x2C,
    0x10, 0xDA, 0xEE, 0xD9, 0x1D, 0xBC, 0xB6, 0xE3, 0x1D, 0x3E, 0x08, 0x8E, 0x47, 0xCF, 0x64, 0x5D,
    0xD7, 0xDA, 0x7B, 0xA3, 0x0E, 0xE9, 0x7B, 0x34, 0xBB, 0x48, 0xE7, 0xFA, 0x9B, 0xCE, 0x1F, 0x53,
    0xD2, 0xF3, 0xFD, 0x97, 0xC1, 0x49, 0x46, 0x9E, 0xD0, 0x69, 0x7F, 0x66, 0x73, 0x10, 0x54, 0x97,
    0xE3, 0xC1, 0x43, 0xF1, 0x65, 0xBE, 0xC4, 0x87, 0xA3, 0x67, 0xFB, 0x3B, 0xD9, 0xF8, 0x87, 0x83,
    0xF5, 0xEB, 0x54, 0x42, 0xB9, 0x42, 0x27, 0x0F, 0xE9, 0xE9, 0xFE, 0x50, 0xE1, 0x78, 0x72, 0x2C,
    0x9D, 0xB4, 0xAA, 0xF5, 0x56, 0x45, 0xC5, 0x5B, 0x20, 0xEC, 0x0E, 0xD6, 0xCD, 0x49, 0x5F, 0x08,
    0x20, 0xB0, 0xE3, 0x69, 0xFF, 0xA7, 0xAC, 0x7D, 0x66, 0x95, 0xA8, 0x6E, 0xEC, 0x09, 0x07, 0xE9,
    0x8F, 0xF1, 0x1D, 0x3D, 0x8F, 0x0F, 0x3D, 0xDF, 0x7F, 0x8F, 0x79, 0x51, 0x66, 0xB6, 0x3F, 0x1B,
    0xB3, 0x42, 0x46, 0xBA, 0x7F, 0x43, 0xF5, 0xF1, 0xD8, 0xEB, 0xBB, 0x62, 0xB0, 0x27, 0x1C, 0xA1,
    0xA7, 0xFB, 0xAF, 0xDB, 0xFB, 0x95, 0x3D, 0xAC, 0x73, 0x7D, 0xCA, 0xAE, 0x4F, 0x8E, 0xD0, 0x93,
    0x78, 0xBE, 0x3E, 0xC5, 0x87, 0x9E, 0xCF, 0xCF, 0x83, 0xF3, 0x9B, 0x1C, 0xBB, 0xCE, 0xFB, 0xCB,
    0xC9, 0xF5, 0x37, 0x07, 0xE9, 0x32, 0x78, 0x7C, 0x65, 0x6C, 0x5F, 0x9F, 0xE9, 0xF9, 0x41, 0x38,
    0x92, 0xFD, 0xC5, 0xD8, 0x5B, 0x48, 0xE3, 0xC3, 0x93, 0xC5, 0x07, 0xE4, 0xD2, 0xF5, 0xF5, 0x7D,
    0x45, 0x1D, 0xB7, 0x0B, 0x04, 0x5F, 0x7F, 0xE3, 0x53, 0x96, 0xE3, 0x53, 0xE6, 0x7E, 0x77, 0xF9,
    0xF9, 0x42, 0x78, 0x7E, 0xEF, 0x3F, 0xAE, 0x9A, 0xB4, 0x56, 0x39, 0x51, 0xA7, 0x40, 0x28, 0x63,
    0x77, 0x94, 0x41, 0xCF, 0x9F, 0xC6, 0x87, 0x27, 0x8F, 0xCF, 0xF3, 0x8B, 0x3C, 0x94, 0x5F, 0xA1,
    0xE5, 0xE7, 0x23, 0xE4, 0x49, 0xF7, 0x4F, 0xDB, 0x84, 0xA1, 0x0B, 0x64, 0x40, 0x9D, 0xF6, 0xB0,
    0xFE, 0x2C, 0xE4, 0x89, 0x5E, 0x4D, 0xCF, 0x5F, 0x02, 0xE1, 0x21, 0x47, 0xDC, 0xDB, 0x5B, 0x7C,
    0x78, 0xF2, 0xF8, 0xFC, 0xFC, 0x84, 0x3D, 0xAC, 0xFF, 0xEB, 0xF7, 0x2F, 0xB7, 0xCD, 0xF1, 0xE4,
    0x09, 0x07, 0xE9, 0x4B, 0xDB, 0xCE, 0x07, 0x36, 0x9D, 0x3D, 0x32, 0xBF, 0xF5, 0x32, 0xDF, 0xCF,
    0x67, 0xF2, 0xFD, 0x25, 0xFF, 0xFF, 0x2D, 0xDE, 0x3D, 0x59, 0x7C, 0x29, 0xF6, 0x1A, 0x1F, 0x9E,
    0xEC, 0xFA, 0x6F, 0xE7, 0x3B, 0xEC, 0x09, 0xC7, 0xEF, 0xF3, 0xC9, 0x83, 0x2D, 0xEE, 0x61, 0x9D,
    0xDB, 0x7E, 0x3A, 0xDF, 0x21, 0x4F, 0x53, 0xD6, 0x93, 0xEF, 0x1F, 0xEF, 0x85, 0x4E, 0x9E, 0x44,
    0x4F, 0xCE, 0xC7, 0x14, 0x96, 0xAF, 0x9F, 0x42, 0xE7, 0xF8, 0x36, 0xD5, 0xF2, 0xFD, 0xF5, 0x70,
    0x84, 0xFE, 0x3F, 0xD5, 0x97, 0x0D, 0x8A, 0xE3, 0x30, 0x0C, 0x85, 0x1F, 0xE8, 0x00, 0xBA, 0xD0,
    0x82, 0xAE, 0x2E, 0x98, 0x03, 0xF4, 0x2A, 0x82, 0xE5, 0x1F, 0xC1, 0x5B, 0x5B, 0x76, 0x92, 0xC6,
    0xE9, 0x4C, 0x67, 0x81, 0x32, 0x53, 0x21, 0x7D, 0x1F, 0x05, 0x52, 0x3B, 0x0F, 0x8A, 0x6B, 0x18,
    0x99, 0xE8, 0xA4, 0x17, 0x03, 0x1C, 0x74, 0x61, 0x36, 0xC2, 0x8A, 0x3A, 0x29, 0x93, 0x78, 0x48,
    0x6D, 0xB4, 0xD4, 0x6C, 0x8C, 0x83, 0xF4, 0x41, 0x0B, 0x08, 0xD1, 0xA8, 0x45, 0xE6, 0xDD, 0x82,
    0x5E, 0x44, 0x67, 0x60, 0x2F, 0x3E, 0x66, 0x79, 0x42, 0x0A, 0xB9, 0x41, 0x27, 0x94, 0x0D, 0xE4,
    0x2D, 0x84, 0xE4, 0x80, 0x52, 0x18, 0x96, 0x68, 0x08, 0xD0, 0xE9, 0x0B, 0x64, 0x00, 0x74, 0x6D,
    0x08, 0x6B, 0x20, 0x39, 0x02, 0x52, 0xFE, 0x4D, 0x08, 0x25, 0x31, 0x4A, 0xF2, 0x0A, 0x6B, 0xA0,
    0xC3, 0x62, 0x91, 0x6C, 0x02, 0x38, 0xE5, 0x8B, 0x74, 0x2A, 0x21, 0x24, 0xF9, 0xA9, 0x50, 0xE9,
    0xE5, 0x27, 0xA2, 0x7F, 0x7F, 0x0F, 0x47, 0x99, 0x7F, 0x2A, 0x8B, 0x1D, 0xBE, 0x81, 0x07, 0xD0,
    0xA1, 0x74, 0xD0, 0x46, 0xC4, 0x39, 0x11, 0xD6, 0x00, 0x2D, 0x84, 0x26, 0xEC, 0x1E, 0xD1, 0x60,
    0x01, 0xFA, 0x0A, 0x07, 0x9B, 0x64, 0xE2, 0x8B, 0x9C, 0xE3, 0x04, 0x16, 0xFC, 0x02, 0x19, 0xC0,
    0x05, 0x5A, 0xC8, 0x2B, 0x2C, 0xCE, 0x20, 0xE9, 0xDC, 0x80, 0xC2, 0x28, 0x8D, 0x2B, 0x2C, 0x66,
    0xD3, 0xF7, 0x16, 0xE2, 0xBE, 0xB5, 0x75, 0x9E, 0xDA, 0xE2, 0xFA, 0xDC, 0x5C, 0xE0, 0x68, 0x12,
    0x07, 0xAA, 0x7E, 0x69, 0x06, 0xC6, 0x1C, 0x8D, 0x57, 0xE6, 0xF1, 0xF3, 0xEF, 0x2E, 0xA4, 0xDF,
    0xE1, 0xC9, 0xF6, 0xAB, 0x65, 0x7D, 0xF9, 0xC7, 0xAF, 0xDD, 0x8A, 0x8C, 0xD1, 0x5F, 0xFE, 0x34,
    0x67, 0x19, 0xBD, 0x4D, 0x89, 0xBB, 0xB8, 0x4B, 0x98, 0x77, 0xD2, 0xA9, 0x5B, 0x0A, 0xCD, 0x6D,
    0xCA, 0xA2, 0x8B, 0x27, 0xA5, 0x85, 0xA6, 0x7D, 0x24, 0x4B, 0x41, 0x6F, 0xBA, 0x9D, 0x44, 0xA7,
    0x5B, 0x18, 0x3F, 0x88, 0x2E, 0xB9, 0x57, 0x36, 0x71, 0xCA, 0x2D, 0x35, 0xBB, 0xA2, 0xE9, 0x3B,
    0x6F, 0xC4, 0x7A, 0x18, 0x34, 0xDE, 0x98, 0xC2, 0x5E, 0x53, 0x14, 0x3A, 0x53, 0xC7, 0x22, 0x42,
    0x49, 0x98, 0xCB, 0xF8, 0x76, 0x5D, 0x15, 0x20, 0x34, 0xAD, 0x14, 0x16, 0xF5, 0xC8, 0x22, 0xAF,
    0x2F, 0xA0, 0xD7, 0x23, 0x53, 0x6F, 0x97, 0xE7, 0x2C, 0xC9, 0x87, 0xFA, 0xF1, 0x3C, 0x9F, 0x6C,
    0xF0, 0xB9, 0xAA, 0xE6, 0xA1, 0xB6, 0x88, 0x84, 0x6C, 0xC2, 0x21, 0x3F, 0x24, 0x64, 0x68, 0x57,
    0x85, 0x25, 0xD4, 0xA9, 0x3C, 0xA4, 0x94, 0xB4, 0xA6, 0x14, 0x5A, 0x1C, 0xC2, 0x26, 0x06, 0x2C,
    0x61, 0x75, 0x78, 0x2E, 0xD2, 0x26, 0x96, 0x8E, 0x03, 0x7C, 0x1E, 0xAC, 0x17, 0xCC, 0xA2, 0x10,
    0xFB, 0x59, 0xB9, 0xC1, 0xB7, 0xB3, 0x32, 0x51, 0x5B, 0xB2, 0xBC, 0x9E, 0x95, 0xF6, 0xE4, 0xAC,
    0x7C, 0xBB, 0x84, 0x66, 0x69, 0x3C, 0xD4, 0x6B, 0xB3, 0xAA, 0x92, 0x5C, 0xF1, 0xAE, 0x21, 0x0A,
    0xE9, 0x8B, 0x5E, 0x9E, 0x1E, 0x19, 0x07, 0x4E, 0x97, 0x87, 0x62, 0xA2, 0x61, 0xBD, 0x3C, 0x1C,
    0x1C, 0x7F, 0x63, 0x77, 0x0A, 0x5D, 0x48, 0x12, 0x9D, 0x09, 0xDD, 0x39, 0xCE, 0xC8, 0xA2, 0x6C,
    0xB4, 0x98, 0xD4, 0x3C, 0x91, 0xBE, 0x72, 0x2B, 0x5E, 0x39, 0x10, 0xA0, 0x86, 0xD0, 0xDA, 0xB0,
    0x8F, 0xCB, 0x4C, 0x56, 0xF3, 0x3C, 0x16, 0xCB, 0x38, 0xC0, 0x31, 0x55, 0x1A, 0xE7, 0xA9, 0x54,
    0x16, 0x56, 0xBD, 0x61, 0x4E, 0x95, 0xCB, 0x1C, 0xBC, 0x34, 0xB7, 0x5F, 0x9E, 0x8F, 0x31, 0x57,
    0xFA, 0x1F, 0xD8, 0x47, 0x82, 0xB7, 0x36, 0xEC, 0x13, 0x60, 0x6C, 0xBF, 0xCF, 0xD3, 0x68, 0x2E,
    0x73, 0xA4, 0x52, 0x45, 0xC6, 0x3E, 0x80, 0x76, 0x0A, 0x49, 0x40, 0xEF, 0x12, 0x61, 0x48, 0xA7,
    0xEF, 0xEF, 0x7C, 0x10, 0x10, 0x46, 0x91, 0xD9, 0xC4, 0xFD, 0x57, 0x39, 0x3E, 0xA0, 0xE4, 0x8D,
    0x52, 0x04, 0xBD, 0x9B, 0x73, 0xAB, 0x8C, 0x4E, 0xCB, 0xEA, 0x7A, 0x56, 0x8B, 0x32, 0x1E, 0x35,
    0xFA, 0xD3, 0x0B, 0xB9, 0xCC, 0x05, 0x6B, 0x39, 0x17, 0x4A, 0x43, 0xC2, 0x5C, 0x0B, 0xF4, 0xDA,
    0x5A, 0x21, 0x2A, 0xBE, 0xF9, 0x19, 0x4A, 0xD0, 0x65, 0x43, 0x6A, 0x6D, 0xA0, 0x50, 0xCB, 0xE3,
    0xAB, 0xBB, 0x06, 0x49, 0xE3, 0xAC, 0x2C, 0xFC, 0xE7, 0xBF, 0xFD, 0x42, 0x5C, 0xF0, 0xFC, 0x2E,
    0x31, 0xCB, 0xFC, 0x02, 0xE1, 0xD1, 0xC6, 0x60, 0x6F, 0x5F, 0xFF, 0xE6, 0x5F, 0x6F, 0x08, 0x39,
    0xDB, 0x62, 0xBD, 0xEC, 0xFC, 0x03, 0xDD, 0x9A, 0xC1, 0x8A, 0xE4, 0x38, 0x0C, 0x86, 0x05, 0xBA,
    0x06, 0xF4, 0x2A, 0x86, 0xB9, 0x16, 0xE8, 0xD5, 0x0D, 0x7D, 0x6D, 0xE8, 0x57, 0x11, 0xF4, 0xD5,
    0xA0, 0xB5, 0x7F, 0xA9, 0xD2, 0xCE, 0xA4, 0x43, 0x9A, 0x65, 0x67, 0x52, 0x59, 0x57, 0xE6, 0xF3,
    0xC1, 0xAE, 0xB2, 0xF5, 0xFF, 0x3D, 0x91, 0xE2, 0x2A, 0x22, 0x92, 0xD6, 0x41, 0x0A, 0xFA, 0x20,
    0x27, 0xBD, 0x53, 0x26, 0xEA, 0xE7, 0x17, 0xFD, 0x6D, 0x25, 0x3B, 0x79, 0x25, 0x09, 0xB6, 0x41,
    0x0D, 0xDA, 0xA0, 0xF7, 0x96, 0xE4, 0x2F, 0xDA, 0x58, 0x34, 0xA8, 0xA6, 0x36, 0xE8, 0xC1, 0x3A,
    0x48, 0xD9, 0xC4, 0xBE, 0x25, 0x36, 0xA8, 0xEE, 0x44, 0xF1, 0x81, 0xB5, 0xA3, 0x91, 0x06, 0x88,
    0xB0, 0x91, 0x5C, 0x89, 0x64, 0x40, 0x1B, 0x77, 0x54, 0xEC, 0x14, 0x5B, 0xD4, 0x0E, 0xF7, 0x84,
    0xFA, 0x47, 0x23, 0x69, 0xD2, 0xE6, 0x55, 0xB7, 0x28, 0xB4, 0xD0, 0xD2, 0xC9, 0x75, 0x29, 0x4B,
    0x29, 0x1D, 0xDA, 0x3A, 0xF1, 0xA2, 0x68, 0x95, 0x0A, 0x95, 0x4E, 0x12, 0x2B, 0x7D, 0xB2, 0xC4,
    0xF8, 0x43, 0xDE, 0x73, 0x9C, 0xDB, 0x14, 0x45, 0x1D, 0xD4, 0x01, 0x6A, 0xE0, 0x66, 0x8E, 0x63,
    0x54, 0x31, 0x3A, 0xA6, 0xB2, 0x71, 0x4A, 0xB2, 0xB3, 0x0B, 0xBC, 0xDE, 0x2E, 0x6E, 0x11, 0x5B,
    0x86, 0xA6, 0x73, 0x60, 0x18, 0xC8, 0x1D, 0xB7, 0x0E, 0x36, 0x1D, 0xD3, 0x30, 0x31, 0xDB, 0xB1,
    0xA3, 0xD8, 0x1A, 0x71, 0x87, 0xFE, 0x3B, 0x47, 0x53, 0x53, 0x72, 0x50, 0xC1, 0x58, 0x9A, 0xEB,
    0xFD, 0x85, 0x17, 0x5B, 0x37, 0x0F, 0xE8, 0x80, 0xBC, 0x84, 0xF0, 0x85, 0x16, 0x2E, 0x4B, 0xFD,
    0xD5, 0xFF, 0x2D, 0xB5, 0xF4, 0xA6, 0x56, 0xB2, 0xD1, 0x68, 0x0B, 0x31, 0xBD, 0xF7, 0x19, 0xCB,
    0xE1, 0xFF, 0x98, 0x46, 0xD8, 0x01, 0xD7, 0xA7, 0xB0, 0x0F, 0x58, 0x50, 0xD8, 0xEE, 0x6F, 0x1C,
    0x82, 0x43, 0x6C, 0xE2, 0x8E, 0xC8, 0x32, 0xB0, 0xEB, 0x8D, 0x23, 0xF2, 0x58, 0xA0, 0x76, 0xCA,
    0xC7, 0xA0, 0x62, 0x67, 0x0F, 0x9A, 0x84, 0xBF, 0x5F, 0xD6, 0x20, 0x8F, 0xA8, 0x10, 0x54, 0xC6,
    0x94, 0x21, 0x5D, 0x92, 0x53, 0xD6, 0x4E, 0x7F, 0xCF, 0x06, 0x3C, 0xE9, 0xBC, 0xD0, 0xD2, 0x29,
    0xF4, 0x18, 0x74, 0xCB, 0x10, 0x10, 0xCD, 0x8B, 0x9B, 0x81, 0xE0, 0x74, 0x93, 0x0E, 0xD8, 0xE6,
    0xB0, 0x10, 0x15, 0x82, 0xCA, 0x98, 0x9C, 0xFE, 0xB8, 0x19, 0x29, 0xB6, 0xD8, 0xA4, 0x73, 0x03,
    0x1F, 0x37, 0xD5, 0xFC, 0x3C, 0x1D, 0x5C, 0xAC, 0x39, 0x13, 0xD5, 0x8F, 0x45, 0x8D, 0xE9, 0x20,
    0x13, 0x54, 0xAA, 0x4C, 0xA5, 0xC8, 0x61, 0xED, 0xC4, 0xC6, 0x10, 0x5C, 0x3A, 0x15, 0x2A, 0x23,
    0x78, 0xAA, 0x52, 0xEF, 0xEF, 0x19, 0x82, 0x43, 0x6C, 0x08, 0x0D, 0x53, 0x10, 0xD8, 0x95, 0x9E,
    0x9D, 0xEB, 0x79, 0xC7, 0x24, 0x70, 0x81, 0x9E, 0xA7, 0x49, 0x40, 0x63, 0xE6, 0x4A, 0x23, 0x07,
    0xB1, 0xB1, 0x3D, 0xD9, 0x69, 0x62, 0x6F, 0x13, 0x1B, 0x49, 0x10, 0xEB, 0xED, 0xA9, 0xB6, 0x63,
    0xEC, 0x75, 0xA5, 0x25, 0xB3, 0x71, 0x3B, 0x20, 0xA4, 0xF6, 0x46, 0x10, 0x82, 0x87, 0x95, 0x11,
    0xBC, 0x91, 0x56, 0xAD, 0x1D, 0xB0, 0x6B, 0x42, 0xEE, 0x1F, 0x70, 0x52, 0xE3, 0x8E, 0xDC, 0xB0,
    0x11, 0x3B, 0x3E, 0xAF, 0xD1, 0xB1, 0x4C, 0x9C, 0x77, 0x09, 0x6D, 0x85, 0xC6, 0x4B, 0x2D, 0xFA,
    0x92, 0x6F, 0xCB, 0xF1, 0x7C, 0x7B, 0x3C, 0x9F, 0x61, 0x7C, 0x91, 0x8C, 0x46, 0xA9, 0x60, 0x79,
    0xA3, 0x5C, 0x4F, 0x20, 0xE2, 0x42, 0xB9, 0xEC, 0xCB, 0x5A, 0x21, 0x75, 0x19, 0x73, 0x1E, 0x44,
    0xD0, 0xAA, 0x7A, 0x25, 0xCE, 0x62, 0xE1, 0xCF, 0x5A, 0x71, 0x5E, 0x9D, 0xAC, 0xA3, 0x71, 0x7F,
    0xF8, 0x1C, 0x94, 0xDA, 0x30, 0x5D, 0x5F, 0x5A, 0xD5, 0x93, 0xEA, 0x24, 0x06, 0xDC, 0x10, 0x14,
    0x62, 0x9A, 0x43, 0xDA, 0x0B, 0x0F, 0xD4, 0x14, 0x3E, 0xB1, 0x13, 0x1E, 0x1F, 0x49, 0xC0, 0xF3,
    0x7E, 0x81, 0xBD, 0xA8, 0xC7, 0x6D, 0x25, 0x15, 0x38, 0x2F, 0x51, 0xEE, 0x2C, 0xFC, 0x49, 0x89,
    0x72, 0xA9, 0xF0, 0x85, 0x97, 0xE5, 0xBD, 0x94, 0xA3, 0x7B, 0x0C, 0x9E, 0x68, 0x97, 0xC5, 0x4A,
    0xD9, 0xDF, 0x63, 0x4E, 0xEB, 0x94, 0xDB, 0x1B, 0x77, 0x52, 0xA7, 0x5C, 0x6A, 0x1C, 0xC1, 0x80,
    0xB4, 0xA9, 0x0D, 0xB2, 0xE9, 0x60, 0x15, 0x42, 0xBB, 0x63, 0x9E, 0x3D, 0x79, 0x62, 0xBD, 0x20,
    0x0B, 0xAF, 0x67, 0x9C, 0xD2, 0xA8, 0x6E, 0x5F, 0x08, 0x7C, 0x93, 0x87, 0xF9, 0xBB, 0x71, 0xB5,
    0xBC, 0x20, 0xFC, 0x7A, 0xF1, 0xB8, 0x68, 0xBD, 0x04, 0x81, 0xAC, 0x97, 0xDA, 0xFE, 0x7D, 0xB9,
    0xC1, 0xF5, 0x22, 0x59, 0x27, 0x55, 0x5A, 0x5B, 0x7E, 0x38, 0x4D, 0xD7, 0xF1, 0x27, 0xD7, 0x83,
    0x4F, 0xCE, 0x9A, 0x96, 0x60, 0x58, 0xFA, 0x4F, 0x12, 0x9D, 0x3A, 0xA1, 0x58, 0x34, 0x12, 0x87,
    0x1F, 0x11, 0xC9, 0xE8, 0x10, 0xF1, 0xDA, 0xA9, 0x6D, 0xBA, 0x8A, 0x2E, 0xCE, 0x69, 0x68, 0xEA,
    0x24, 0xBB, 0x46, 0x28, 0x69, 0xA3, 0x73, 0x23, 0x6D, 0x79, 0xA0, 0x53, 0xFB, 0x85, 0xC5, 0x7D,
    0xDD, 0x0A, 0x39, 0x8C, 0x23, 0xF1, 0x46, 0x53, 0xD3, 0x7A, 0xD8, 0xB1, 0xDB, 0x5C, 0xE5, 0x76,
    0xD8, 0x58, 0xD8, 0xB4, 0x45, 0x45, 0x9D, 0xF0, 0x3A, 0xC1, 0x6B, 0x82, 0x3B, 0x4C, 0xF2, 0x0F,
    0xA7, 0xC3, 0x48, 0xB0, 0xBE, 0xFF, 0xA0, 0x7C, 0xCB, 0xDB, 0xE6, 0xFC, 0x12, 0xFB, 0xFD, 0x0F,
    0x47, 0xEC, 0xBB, 0xF1, 0xF3, 0xE3, 0xF3, 0xE3, 0xDB, 0xC0, 0x7C, 0x72, 0x96, 0x05, 0xBF, 0x7B,
    0x78, 0x58, 0x9F, 0xF7, 0x82, 0xC6, 0xDE, 0x20, 0x71, 0x13, 0xA7, 0xAC, 0xD9, 0xC5, 0xB5, 0x93,
    0x5D, 0xED, 0x8B, 0x1E, 0xAC, 0x4F, 0x4A, 0xB0, 0x7D, 0x51, 0x83, 0x06, 0xEB, 0x06, 0x79, 0xB8,
    0x46, 0xB8, 0x9E, 0xF7, 0x0E, 0x83, 0x79, 0x44, 0xA4, 0x63, 0xD6, 0x7F, 0x70, 0x7C, 0x7E, 0xEE,
    0x68, 0x3D, 0x75, 0xD4, 0xBF, 0x75, 0x54, 0x72, 0x83, 0x93, 0xD8, 0x0A, 0xCA, 0xFD, 0x85, 0xCF,
    0xB0, 0x3C, 0x83, 0x4A, 0xF5, 0xB9, 0x5E, 0x2F, 0xFC, 0x5A, 0x8C, 0x1C, 0xFE, 0x8F, 0xD9, 0x16,
    0x23, 0xF3, 0xF8, 0x79, 0x31, 0x72, 0x7B, 0xE3, 0x4E, 0x8E, 0xCF, 0x2F, 0x35, 0xAE, 0x77, 0x93,
    0x6E, 0x91, 0xB9, 0x33, 0x77, 0xCF, 0xD9, 0x9B, 0xFE, 0x77, 0x99, 0xE5, 0xA4, 0x60, 0xB9, 0x20,
    0xEF, 0x6C, 0x77, 0x86, 0xD6, 0x40, 0x8E, 0x31, 0xA9, 0x5B, 0x33, 0x38, 0xB6, 0xF6, 0x99, 0xC5,
    0x9E, 0x93, 0x44, 0x07, 0x33, 0x34, 0xCC, 0x68, 0x61, 0x86, 0x5D, 0x6D, 0x46, 0xC6, 0xE5, 0xDB,
    0xE7, 0xF2, 0x4D, 0x4C, 0xEC, 0x10, 0xD4, 0x5D, 0xB3, 0xDE, 0x64, 0x7F, 0x6A, 0xFE, 0x09, 0xD1,
    0xBD, 0x62, 0x9C, 0x06, 0xA7, 0x73, 0x37, 0x70, 0xBE, 0xB8, 0x13, 0xEF, 0x83, 0xFA, 0xA0, 0x51,
    0xEA, 0xBF, 0x1A, 0xE0, 0x1B, 0xB9, 0xA5, 0xCE, 0x42, 0x93, 0xDD, 0x57, 0x68, 0x9F, 0xC2, 0x12,
    0x30, 0x83, 0xB2, 0x2B, 0x84, 0x46, 0x9D, 0xF4, 0xCE, 0x2C, 0x6F, 0xE5, 0x51, 0x36, 0x4D, 0xEA,
    0xA6, 0x92, 0x5A, 0x08, 0x73, 0x76, 0xE3, 0x79, 0x12, 0x96, 0x47, 0x61, 0xC4, 0x19, 0x2C, 0x23,
    0xCC, 0x85, 0xDA, 0x7D, 0x8D, 0x92, 0xBA, 0x50, 0x9E, 0x94, 0x11, 0x74, 0xE3, 0x58, 0x88, 0xF4,
    0x0A, 0xA3, 0x6E, 0x27, 0x5F, 0x36, 0xB1, 0xC3, 0xEE, 0xEF, 0xA9, 0x77, 0xF2, 0x60, 0xCC, 0x3E,
    0x7C, 0x9E, 0x29, 0xC1, 0x06, 0xE9, 0x76, 0x0C, 0x19, 0xD4, 0x3A, 0x69, 0xCF, 0xED, 0x37, 0x10,
    0x33, 0x37, 0x51, 0x78, 0x67, 0x13, 0xAF, 0x14, 0x2A, 0x2A, 0x28, 0xCF, 0xD4, 0xFD, 0x93, 0x3D,
    0x4B, 0x0B, 0xE4, 0x77, 0x02, 0x6A, 0x01, 0x4B, 0x54, 0xAC, 0x33, 0xE1, 0x99, 0xF8, 0x28, 0x90,
    0x15, 0xC7, 0x5A, 0x76, 0x7C, 0x8E, 0xA8, 0xB8, 0x9D, 0x3F, 0x75, 0x95, 0xE5, 0xFC, 0xA9, 0x6B,
    0x1E, 0xDD, 0xFD, 0x68, 0x89, 0x64, 0x93, 0x2F, 0x15, 0xA4, 0xD9, 0x27, 0x08, 0x62, 0xDB, 0x4E,
    0xD0, 0x85, 0x29, 0x6F, 0xD1, 0x7D, 0x54, 0x74, 0x4E, 0xE8, 0x1A, 0x85, 0x31, 0xE9, 0xC3, 0xB7,
    0x5D, 0xBA, 0x93, 0x96, 0xEC, 0x3B, 0xCD, 0xCE, 0x28, 0x3D, 0x4A, 0x93, 0xD2, 0xA5, 0xB4, 0x29,
    0x7D, 0x4A, 0xA3, 0xCE, 0xB3, 0x67, 0xFA, 0xE5, 0x2D, 0xD9, 0x3A, 0x61, 0x59, 0xD0, 0xDA, 0xF0,
    0xEB, 0xD3, 0x06, 0x3F, 0x60, 0x96, 0xD3, 0x60, 0x7D, 0x72, 0xFD, 0x3B, 0xA7, 0x24, 0xD4, 0xC8,
    0x3D, 0xC1, 0xBE, 0xF0, 0x6F, 0x35, 0x50, 0x6C, 0x96, 0x9B, 0xB2, 0x4B, 0xA1, 0xE5, 0xC6, 0x42,
    0x1F, 0x9F, 0x65, 0x5F, 0x20, 0xF4, 0x9A, 0x3D, 0xCB, 0xAF, 0xF3, 0xEC, 0xB9, 0x99, 0x63, 0x52,
    0xE6, 0x1F, 0x25, 0xC5, 0xA3, 0x07, 0xA2, 0x45, 0x2C, 0x82, 0x98, 0x0A, 0xDB, 0x2D, 0x8D, 0x3A,
    0xCD, 0x9E, 0x17, 0x18, 0x75, 0x37, 0xF9, 0xB2, 0xF9, 0x41, 0xF7, 0x37, 0xD5, 0x3B, 0xC9, 0x44,
    0x27, 0x5F, 0xC1, 0xB8, 0xC5, 0x93, 0x3B, 0x1E, 0xE5, 0xA5, 0x75, 0x68, 0x43, 0x5D, 0x31, 0x50,
    0x25, 0x22, 0xC0, 0x33, 0xA9, 0x34, 0xCC, 0xEC, 0x80, 0x4A, 0xA1, 0x11, 0x3D, 0xD1, 0x08, 0x8A,
    0x27, 0x1C, 0xA8, 0x3B, 0x70, 0x80, 0x80, 0x9F, 0xFD, 0x58, 0x73, 0x15, 0x21, 0xAF, 0x39, 0xDB,
    0xDB, 0xA0, 0x06, 0xEB, 0xA0, 0x07, 0xA9, 0xF3, 0x0D, 0x3B, 0x0A, 0x7E, 0xD8, 0xA0, 0x07, 0xEB,
    0x44, 0x1A, 0x3C, 0x38, 0xCA, 0xDF, 0x4D, 0xF4, 0x06, 0xD6, 0xEB, 0x65, 0x43, 0xD3, 0xBA, 0xC3,
    0x6B, 0x6A, 0x35, 0xEF, 0x77, 0xC7, 0xF5, 0x4B, 0x86, 0xC2, 0x85, 0x97, 0xDE, 0xB8, 0x50, 0x5D,
    0x5F, 0x87, 0x55, 0xCB, 0xF2, 0xE0, 0x77, 0x5A, 0x68, 0x91, 0x93, 0x1F, 0xD4, 0x5C, 0xEC, 0xD3,
    0xF9, 0x4F, 0x5A, 0x5F, 0xD3, 0xB2, 0x7F, 0x00, 0xA5, 0x57, 0xC1, 0xAA, 0xEB, 0x38, 0x0C, 0x3D,
    0xA0, 0xAD, 0x40, 0xBF, 0x22, 0xF0, 0x36, 0xE0, 0x5F, 0x17, 0x78, 0x6B, 0xE8, 0xAF, 0x08, 0xBA,
    0x35, 0x68, 0x2C, 0xE2, 0xFB, 0x72, 0x33, 0x6D, 0xDA, 0x97, 0x99, 0x23, 0x5B, 0xC7, 0xB2, 0x7C,
    0x64, 0x37, 0xBD, 0x4D, 0x72, 0xF1, 0x0B, 0x7D, 0x62, 0x12, 0xB5, 0xA1, 0x0A, 0xD6, 0x62, 0x5A,
    0x14, 0x56, 0x4A, 0xC3, 0xE6, 0x34, 0x66, 0x9C, 0x49, 0x46, 0x6B, 0x1D, 0x46, 0x9B, 0xB6, 0xC6,
    0x6A, 0xC4, 0x42, 0x39, 0x5F, 0x26, 0xBE, 0xEB, 0x13, 0x4A, 0x06, 0x05, 0x78, 0x32, 0x4F, 0x26,
    0x7B, 0xD1, 0x67, 0x9C, 0xEC, 0x95, 0x59, 0xF5, 0x51, 0x27, 0x77, 0x2D, 0x2C, 0xA1, 0x9D, 0x8F,
    0xFC, 0xC1, 0x57, 0xFA, 0xE0, 0xA9, 0xEF, 0x52, 0x27, 0xF7, 0xC2, 0x2C, 0xFE, 0xF8, 0xAC, 0x8F,
    0xB0, 0x0F, 0xAD, 0x46, 0x84, 0xC7, 0x72, 0x2F, 0x61, 0xDC, 0xC4, 0xDA, 0x5A, 0xDF, 0x1B, 0x3E,
    0x20, 0x22, 0x3B, 0xB9, 0x58, 0xC5, 0x40, 0xD8, 0x6E, 0xD5, 0x77, 0xFB, 0x99, 0x5F, 0xB1, 0x91,
    0xD1, 0x69, 0xDD, 0xCC, 0x40, 0x8C, 0x72, 0x9D, 0x09, 0xB6, 0x69, 0x8E, 0xEC, 0xD1, 0xE2, 0xD4,
    0x65, 0xAA, 0x65, 0xD5, 0xC8, 0x0E, 0xCF, 0x4A, 0x82, 0xBD, 0xFA, 0xC8, 0xBC, 0xED, 0xB9, 0xB0,
    0x6A, 0xD9, 0x03, 0x99, 0xCF, 0x9E, 0x75, 0x2B, 0x46, 0x4A, 0x72, 0x5F, 0x64, 0x5F, 0x6B, 0x2C,
    0xF7, 0xCA, 0x7C, 0xD6, 0xC9, 0x53, 0x00, 0x61, 0x98, 0x0E, 0xCB, 0xD1, 0xBF, 0xDC, 0x00, 0x62,
    0xC2, 0xCE, 0x0E, 0x10, 0x07, 0x50, 0x0F, 0x67, 0x27, 0x17, 0x86, 0xEF, 0x85, 0x97, 0x93, 0xC3,
    0xF9, 0x72, 0xAF, 0x13, 0xF5, 0x65, 0x3B, 0x89, 0x88, 0x71, 0x76, 0xFE, 0x17, 0x3B, 0x1D, 0x1F,
    0xE1, 0x70, 0x6F, 0xAA, 0x03, 0x71, 0x76, 0x7B, 0xA5, 0x1A, 0x7F, 0x30, 0x72, 0xE9, 0x01, 0x86,
    0x40, 0x4C, 0x7C, 0x76, 0x30, 0x3E, 0x83, 0x8C, 0x0C, 0x1F, 0x20, 0x9B, 0x6C, 0xC9, 0xD5, 0x11,
    0x46, 0xB1, 0x28, 0x9C, 0xC2, 0x24, 0x72, 0x08, 0x19, 0x8B, 0xBE, 0x15, 0x3F, 0xFD, 0x24, 0x79,
    0x32, 0xFF, 0x62, 0x71, 0xB2, 0xA4, 0xC7, 0xF3, 0xE9, 0x4C, 0x2C, 0xF2, 0x7C, 0x5A, 0x27, 0x54,
    0x79, 0xBE, 0xFF, 0x49, 0x8B, 0x4D, 0x9D, 0x26, 0x1F, 0x75, 0x6E, 0xE8, 0x93, 0x5D, 0xDA, 0x50,
    0x2E, 0x8B, 0x1B, 0x45, 0x2F, 0xE3, 0xDE, 0x2D, 0x85, 0x86, 0x76, 0xA2, 0xE4, 0xC2, 0x44, 0xFE,
    0x78, 0xDE, 0xD3, 0xE7, 0xBE, 0xBD, 0x4C, 0x7D, 0xF9, 0x39, 0x07, 0xEE, 0xE8, 0x5D, 0xCC, 0xA7,
    0x4E, 0xA6, 0x8E, 0x95, 0x9B, 0x44, 0x57, 0xBF, 0x77, 0x7E, 0xB8, 0x76, 0x92, 0x60, 0xE2, 0xC2,
    0x24, 0xFE, 0xF0, 0x8F, 0x7A, 0x7C, 0x43, 0xF5, 0x7D, 0x71, 0x0C, 0x48, 0x0A, 0x23, 0x50, 0x81,
    0xFD, 0x36, 0xB1, 0xD8, 0x27, 0x57, 0x54, 0xB2, 0x64, 0x0B, 0xC1, 0x84, 0xC4, 0xA8, 0x3B, 0xFB,
    0x48, 0xA6, 0x80, 0x9F, 0x8F, 0x20, 0xD8, 0x51, 0x17, 0x8F, 0x9D, 0x5E, 0x96, 0x59, 0x35, 0x64,
    0xA3, 0xF0, 0xD9, 0x30, 0x24, 0xB2, 0xC1, 0xAB, 0x8D, 0xD9, 0x28, 0xCF, 0x31, 0x9B, 0x58, 0x25,
    0xCF, 0x86, 0x1A, 0x3E, 0xDB, 0x80, 0x84, 0xCD, 0xE6, 0xA0, 0x91, 0xED, 0x07, 0x8A, 0x3E, 0x4D,
    0x5D, 0xE0, 0xE0, 0x5E, 0x26, 0xB8, 0xE3, 0x37, 0x9C, 0x8C, 0xC0, 0xB8, 0x82, 0xC8, 0xB6, 0xA9,
    0x9A, 0x5D, 0xE6, 0xA3, 0x8E, 0xA2, 0xFD, 0x3A, 0x0F, 0x32, 0x18, 0x14, 0x17, 0x70, 0xDF, 0x36,
    0x66, 0x22, 0x5C, 0x20, 0xBC, 0x0E, 0xEE, 0x54, 0xF0, 0xD7, 0x20, 0xB0, 0xA9, 0x42, 0x50, 0x31,
    0x68, 0x88, 0x57, 0x0B, 0x54, 0x13, 0xA7, 0x81, 0x01, 0x65, 0xD4, 0x9F, 0x28, 0xF6, 0x6C, 0xC5,
    0x80, 0xE3, 0x80, 0x36, 0x66, 0x52, 0x6D, 0xA4, 0xCC, 0xDA, 0x70, 0x06, 0x58, 0x7F, 0x1B, 0xB0,
    0xFB, 0x03, 0xE2, 0xDA, 0xB5, 0xA3, 0xC3, 0x61, 0xD3, 0xB0, 0x3C, 0xEA, 0xC0, 0x7F, 0x86, 0xB2,
    0xB8, 0xB8, 0x32, 0xEE, 0x82, 0xA1, 0xB0, 0x75, 0x3D, 0x7E, 0xC3, 0xC8, 0x61, 0x00, 0x73, 0xAD,
    0x7C, 0x51, 0x35, 0x77, 0x7C, 0x99, 0x4B, 0x57, 0xD3, 0x8D, 0xD9, 0xC9, 0xFF, 0x3C, 0x50, 0xEC,
    0x7F, 0xCF, 0xD3, 0xEB, 0x3C, 0x1C, 0x07, 0x06, 0x6C, 0xD9, 0x31, 0xCA, 0xF1, 0x42, 0x05, 0x2D,
    0x9B, 0xA3, 0x63, 0x7C, 0xC8, 0x07, 0x4D, 0x30, 0xBB, 0x5B, 0xC2, 0x30, 0xB1, 0xFB, 0xA5, 0x67,
    0x74, 0x74, 0xE2, 0x6D, 0x7D, 0xB1, 0x98, 0xD8, 0xFD, 0x8E, 0xE2, 0x39, 0xAB, 0x5A, 0xAC, 0x20,
    0x2D, 0x91, 0xFE, 0x8C, 0x3A, 0xC0, 0xCB, 0xF4, 0x8F, 0x2D, 0x84, 0x97, 0x51, 0xD2, 0xBC, 0xE0,
    0xB0, 0x03, 0x34, 0xA4, 0xA7, 0xD1, 0xC0, 0x5B, 0x54, 0x2B, 0x9E, 0x56, 0x0D, 0x9F, 0x60, 0xDA,
    0xB8, 0x93, 0x73, 0xD7, 0x06, 0xBB, 0x7C, 0x92, 0xE5, 0x08, 0x84, 0x63, 0x85, 0xF8, 0xFA, 0xD4,
    0x13, 0x39, 0x12, 0xBF, 0xAA, 0x79, 0xB5, 0xC7, 0xC6, 0x1B, 0x43, 0x61, 0xC8, 0xCA, 0x98, 0xC3,
    0x4D, 0x37, 0xBC, 0x45, 0x25, 0x1B, 0xF8, 0x2B, 0xFC, 0xFE, 0x9B, 0x6F, 0x5C, 0x54, 0x2C, 0x86,
    0x58, 0xD1, 0xC6, 0x17, 0x82, 0x0D, 0xDB, 0x72, 0x8B, 0x5E, 0x21, 0x13, 0xDB, 0x84, 0x4E, 0xD8,
    0x04, 0x6E, 0x60, 0xBF, 0x7E, 0xA9, 0x5E, 0xE3, 0x33, 0x4E, 0x99, 0x1C, 0xBF, 0x68, 0x2F, 0xE3,
    0x23, 0x3A, 0x74, 0xAF, 0x3B, 0x14, 0x25, 0x54, 0xA7, 0xC9, 0x17, 0x67, 0x7B, 0xE1, 0x03, 0x74,
    0xE1, 0xBF, 0xE1, 0xFC, 0xBC, 0x3D, 0xB8, 0x33, 0x8C, 0x19, 0x6D, 0x66, 0x4D, 0x36, 0x6B, 0x9D,
    0xEB, 0xE7, 0xE7, 0xB5, 0x4F, 0x37, 0x5B, 0x83, 0x19, 0xC1, 0x5A, 0x23, 0x28, 0x11, 0x4A, 0x72,
    0x7D, 0x26, 0xAF, 0x18, 0x66, 0xDB, 0xCC, 0x5F, 0x3D, 0xEF, 0x4F, 0xAC, 0x7C, 0xFC, 0xCB, 0x95,
    0xAC, 0xFC, 0xF9, 0x7D, 0xE1, 0x33, 0xA7, 0x23, 0xCB, 0xC1, 0xE4, 0xF6, 0x49, 0x4F, 0x93, 0x69,
    0x71, 0x8C, 0x73, 0x4C, 0xAF, 0xEF, 0x1B, 0x35, 0x62, 0x6C, 0xE4, 0xA3, 0x3E, 0x1F, 0xDB, 0x46,
    0xB3, 0x47, 0xF2, 0x8C, 0x23, 0xF6, 0x2E, 0x96, 0x73, 0x63, 0x4B, 0x7E, 0xC6, 0x96, 0x71, 0xCE,
    0xBF, 0xBB, 0xFE, 0x5D, 0x9A, 0x33, 0x6B, 0xEB, 0x62, 0xC6, 0x6C, 0xED, 0xD1, 0xCB, 0xAD, 0xF7,
    0xA5, 0x47, 0x23, 0xE7, 0x82, 0xF6, 0x68, 0x30, 0x6E, 0x68, 0xBD, 0x3C, 0x6F, 0xEA, 0x9F, 0xCE,
    0x9C, 0x7A, 0x33, 0x46, 0x9E, 0xA3, 0xF9, 0xCD, 0xF7, 0x45, 0xD7, 0xAE, 0x2D, 0x58, 0x4D, 0x59,
    0x9B, 0xDF, 0xD1, 0x57, 0x3F, 0x5F, 0xE7, 0x8C, 0x33, 0x1C, 0xB5, 0x75, 0x18, 0xC8, 0x2B, 0x19,
    0xC3, 0xC4, 0xE3, 0xFA, 0x7D, 0x5B, 0x75, 0xD7, 0x25, 0xAB, 0xDE, 0xD4, 0x8F, 0xC9, 0x39, 0xB2,
    0xE4, 0x15, 0x4F, 0x6A, 0xB1, 0x79, 0x81, 0xD5, 0xE7, 0xA8, 0x93, 0x49, 0x0B, 0xE2, 0xAD, 0x9E,
    0x9C, 0x8C, 0x79, 0xD7, 0x25, 0x33, 0xDF, 0xD2, 0x33, 0x57, 0x7A, 0xB0, 0x19, 0xF7, 0x68, 0x7D,
    0xDB, 0xBF, 0x7F, 0x4B, 0xBD, 0xD7, 0xD6, 0xD9, 0x90, 0xF9, 0xBE, 0xCE, 0xFF, 0x59, 0x6F, 0x4B,
    0x5F, 0xE9, 0x9B, 0xFE, 0x1F, 0xD5, 0x93, 0x81, 0xC6, 0x6B, 0x41, 0x0C, 0x84, 0x87, 0x00, 0x2C,
    0xFB, 0x2A, 0xA1, 0x00, 0x4B, 0x5E, 0x7D, 0xF8, 0x1F, 0xA0, 0xAF, 0x12, 0x0A, 0x10, 0x72, 0x37,
    0xF6, 0x14, 0xFE, 0xEE, 0x1E, 0x6E, 0x71, 0xB9, 0xDF, 0x9C, 0x6C, 0x2B, 0xD3, 0x60, 0xD3, 0x39,
    0x28, 0x20, 0x6C, 0xAA, 0xAD, 0xD4, 0x54, 0x88, 0x0F, 0x04, 0x40, 0x87, 0x94, 0x60, 0x8E, 0x5F,
    0x58, 0x66, 0x0C, 0xF1, 0xB0, 0xD7, 0x73, 0x0C, 0x99, 0x95, 0xF5, 0xE9, 0x51, 0xFD, 0xE5, 0x71,
    0xD8, 0x2B, 0x87, 0x3D, 0x39, 0xCC, 0x9E, 0x61, 0xC6, 0x51, 0xFD, 0xBF, 0x98, 0x8F, 0x35, 0xEF,
    0xC3, 0x2C, 0x67, 0x31, 0xDE, 0xF3, 0x17, 0x2E, 0xDA, 0x54, 0xD5, 0x02, 0x3A, 0xF5, 0x81, 0x79,
    0xB5, 0x8D, 0xE5, 0xDA, 0xEE, 0x7E, 0x6C, 0x28, 0x5F, 0x27, 0x9D, 0xBB, 0x79, 0x28, 0x08, 0x0A,
    0x4A, 0x9F, 0xF4, 0x6B, 0x72, 0x9D, 0x47, 0xDF, 0xA1, 0x60, 0xC7, 0x8E, 0xB5, 0xD9, 0x3A, 0xCF,
    0x98, 0xE3, 0xDE, 0x3D, 0xFD, 0x46, 0x41, 0xC1, 0x5B, 0xE0, 0xEF, 0x0D, 0xB5, 0xD5, 0xBD, 0x24,
    0x68, 0xD8, 0xF1, 0xE0, 0xD0, 0x05, 0xF6, 0xEC, 0x93, 0x64, 0x92, 0x19, 0x19, 0x98, 0x92, 0x10,
    0x5F, 0xEA, 0xDE, 0x59, 0x82, 0x38, 0x60, 0x09, 0x64, 0x52, 0xC2, 0x28, 0xEF, 0x3E, 0xAC, 0x0A,
    0x90, 0x58, 0x57, 0x4A, 0xA0, 0xC7, 0xD5, 0xCD, 0x40, 0x5E, 0x85, 0x74, 0xC9, 0xE8, 0xAF, 0x30,
    0x86, 0x21, 0x20, 0x01, 0xF3, 0x7A, 0x6A, 0x2E, 0x62, 0x3E, 0x12, 0xD9, 0x3D, 0x93, 0x96, 0x58,
    0xFC, 0xB7, 0xA1, 0xF9, 0xD7, 0xB1, 0xF9, 0x3E, 0x34, 0x5C, 0xFA, 0xF8, 0xBE, 0xA1, 0x13, 0xDA,
    0x5D, 0x67, 0x9D, 0x7C, 0x55, 0x73, 0xC5, 0x9D, 0x7F, 0xDA, 0x5F, 0xA1, 0xDA, 0x28, 0x68, 0x3C,
    0x85, 0xD6, 0x08, 0x35, 0xDF, 0xCF, 0x2B, 0xF4, 0x36, 0xF4, 0xAD, 0xA4, 0x8D, 0x1D, 0x8D, 0x6D,
    0xE3, 0x77, 0xC8, 0x5B, 0xC7, 0xFF, 0xC0, 0x86, 0xFE, 0x2C, 0xE1, 0xAB, 0x97, 0xAE, 0xFC, 0xA1,
    0x0F, 0x2A, 0x14, 0x3B, 0x7A, 0xED, 0x8E, 0x50, 0xE3, 0x39, 0x3B, 0x25, 0x38, 0x8E, 0xB0, 0xFD,
    0xB4, 0x87, 0x36, 0x02, 0xB7, 0x3B, 0xC6, 0x89, 0xEE, 0xA0, 0xCC, 0xF3, 0x0F, 0xA5, 0x92, 0xC1,
    0x8A, 0x3C, 0x2D, 0x0C, 0xC4, 0x0B, 0xBC, 0x0A, 0xBE, 0x4A, 0xA0, 0xAF, 0x82, 0xAF, 0x1E, 0xD8,
    0x6B, 0xC3, 0xBC, 0x4A, 0x60, 0xAF, 0x81, 0xFA, 0xA2, 0xE9, 0xDE, 0x96, 0xD9, 0xFF, 0x65, 0xF6,
    0xAB, 0x22, 0xFD, 0x53, 0xDD, 0x24, 0xAE, 0x0E, 0x2E, 0x35, 0x13, 0x08, 0x0E, 0x3F, 0x70, 0xC4,
    0xB8, 0x20, 0xEC, 0xD8, 0x75, 0x36, 0x97, 0xF3, 0x90, 0x43, 0xBA, 0x76, 0x1D, 0xF5, 0xB0, 0x82,
    0x5D, 0xC5, 0x6A, 0x95, 0x1A, 0x15, 0xFA, 0xA1, 0xAB, 0x46, 0x2D, 0x86, 0x4D, 0x8D, 0x15, 0xD3,
    0xCD, 0xE7, 0x97, 0x36, 0xBF, 0xBB, 0xE0, 0xB3, 0xE7, 0xF0, 0x8C, 0x82, 0xE6, 0xBD, 0xFC, 0xD4,
    0xD6, 0x85, 0x86, 0x1F, 0xB0, 0xB0, 0xD3, 0xC0, 0x41, 0xD2, 0x0B, 0xF9, 0x20, 0x76, 0x94, 0xDE,
    0x02, 0x18, 0x56, 0x58, 0x1C, 0x43, 0x8B, 0x37, 0x07, 0xB5, 0xBD, 0xC3, 0x40, 0x34, 0x1F, 0x0B,
    0x36, 0x6C, 0xA6, 0x3C, 0x68, 0x0B, 0xDA, 0x66, 0x01, 0xEA, 0x70, 0xF0, 0x06, 0x60, 0x58, 0xB2,
    0xFD, 0x74, 0xB1, 0x05, 0xEA, 0x1B, 0x48, 0x94, 0x1B, 0x78, 0x10, 0xBA, 0x51, 0x36, 0x78, 0xA0,
    0x59, 0x5B, 0xF0, 0x07, 0x8D, 0xC5, 0xC7, 0x44, 0xC8, 0xFE, 0x8D, 0xD8, 0x1E, 0xB3, 0xAB, 0xBD,
    0xA1, 0x05, 0x78, 0x41, 0x03, 0x98, 0x28, 0x81, 0x5B, 0x5D, 0xE3, 0xB9, 0x78, 0x58, 0x37, 0x39,
    0xE5, 0x6B, 0xD9, 0xB1, 0x69, 0x40, 0x54, 0x5E, 0x62, 0x43, 0xE2, 0xE9, 0xEB, 0xB3, 0x9F, 0x75,
    0x87, 0x25, 0x19, 0x2C, 0x93, 0xFA, 0xB0, 0xD1, 0x0A, 0xF1, 0x70, 0x3D, 0xD5, 0xC6, 0x00, 0x6D,
    0x67, 0xB3, 0xA1, 0x49, 0x06, 0xBF, 0x3C, 0x88, 0xC5, 0xAF, 0xE0, 0x78, 0xAD, 0xB4, 0xDF, 0xCC,
    0xF4, 0xA0, 0xB6, 0x24, 0x1A, 0x75, 0xA3, 0x07, 0xB1, 0xD1, 0xD0, 0x7C, 0xE3, 0x2E, 0x56, 0x3D,
    0x7F, 0x54, 0x5F, 0x86, 0x47, 0x15, 0x44, 0x6D, 0xA7, 0x74, 0xA9, 0x97, 0x7B, 0x3B, 0xF3, 0xCD,
    0xD1, 0x98, 0x37, 0xC2, 0xD9, 0xAF, 0x5C, 0xC7, 0x49, 0x90, 0xA0, 0x07, 0x66, 0xB3, 0xB9, 0xE3,
    0x3F, 0x68, 0x01, 0xBB, 0x90, 0xC7, 0xC1, 0x03, 0xEA, 0x86, 0x91, 0x85, 0x2F, 0x30, 0x84, 0x61,
    0x0B, 0xB4, 0x95, 0x40, 0xBD, 0xFF, 0xBB, 0x41, 0x30, 0x30, 0x8B, 0x7A, 0xC2, 0xF2, 0x44, 0x59,
    0x47, 0xB3, 0x43, 0xB9, 0x7F, 0x1A, 0x98, 0x18, 0x79, 0x3E, 0xAE, 0x42, 0xB1, 0x35, 0xD1, 0x88,
    0x89, 0xE1, 0x0B, 0x59, 0xE4, 0x45, 0x9D, 0x18, 0x8E, 0x09, 0x5A, 0x80, 0x4B, 0x7A, 0xA1, 0x91,
    0x79, 0x1B, 0xAF, 0x05, 0x6F, 0x5C, 0x28, 0x37, 0x74, 0xB5, 0xBB, 0x61, 0x77, 0xF3, 0x1B, 0xCC,
    0x13, 0x51, 0x6F, 0x94, 0x88, 0x5B, 0x83, 0xD0, 0xB0, 0xB7, 0x8C, 0xF4, 0xFB, 0xAF, 0x34, 0xED,
    0xF2, 0x1D, 0xF6, 0x21, 0x98, 0xBE, 0xD4, 0x54, 0x96, 0xAA, 0x16, 0x3D, 0xA4, 0x4B, 0xAF, 0x52,
    0x21, 0x59, 0x63, 0x98, 0x54, 0x32, 0x23, 0xC6, 0xB8, 0x7D, 0xAB, 0x84, 0x9B, 0x1D, 0x35, 0x8C,
    0x70, 0x5F, 0xA3, 0x78, 0xFD, 0xB9, 0x7E, 0xAB, 0x68, 0x14, 0x94, 0xBB, 0x4A, 0x1A, 0x9B, 0x9A,
    0xC5, 0x3C, 0x4C, 0x36, 0x90, 0x02, 0xA9, 0xCD, 0xFE, 0x59, 0x3F, 0x1D, 0xE3, 0x66, 0x7B, 0xFD,
    0xAA, 0xD3, 0xC3, 0x93, 0xE1, 0xAF, 0xDA, 0xDF, 0xEB, 0x4B, 0xAD, 0x28, 0x0A, 0x39, 0xEA, 0x19,
    0xA2, 0x9D, 0x7A, 0x2A, 0x36, 0xD1, 0x67, 0x14, 0xDC, 0xFE, 0x25, 0x12, 0xB3, 0x00, 0x20, 0x39,
    0x9E, 0x44, 0xCC, 0xEF, 0x61, 0x05, 0x32, 0x2D, 0xFF, 0xE6, 0x51, 0x9D, 0xD6, 0x86, 0x8E, 0x73,
    0x7E, 0xEB, 0x59, 0xAB, 0x34, 0xC5, 0x26, 0xC1, 0x09, 0x5A, 0x2C, 0xD7, 0x43, 0x5C, 0x05, 0xF2,
    0xB6, 0xBF, 0xDD, 0x84, 0x1E, 0x92, 0xC6, 0xA6, 0x66, 0x75, 0x69, 0x58, 0xC5, 0x8C, 0xE9, 0x5B,
    0x55, 0x87, 0x9D, 0x4B, 0x8A, 0xB4, 0xA0, 0x82, 0xBE, 0xDF, 0x1D, 0x2D, 0xDF, 0x64, 0x04, 0xD3,
    0xB4, 0xB9, 0xBE, 0xDF, 0x5F, 0x18, 0xE1, 0x9A, 0x6F, 0x33, 0xFC, 0xED, 0x64, 0xB2, 0x3C, 0x8A,
    0x8D, 0x51, 0xE0, 0x0D, 0x86, 0x37, 0x15, 0x81, 0x1E, 0x52, 0xF1, 0x8D, 0xDF, 0x22, 0x44, 0x45,
    0xE8, 0x22, 0xD7, 0x57, 0x89, 0x5F, 0xEF, 0x87, 0xE9, 0xD8, 0x45, 0x03, 0xEC, 0x39, 0xFF, 0x20,
    0xBD, 0x17, 0xF3, 0xF1, 0xFD, 0xEA, 0xBD, 0x44, 0x70, 0x32, 0xE6, 0x64, 0x46, 0xD1, 0xB9, 0xE6,
    0x9D, 0x93, 0xEC, 0x73, 0x3E, 0xF8, 0x49, 0xBE, 0xF9, 0x95, 0x3F, 0xD9, 0x47, 0xEE, 0x7D, 0xD8,
    0x9F, 0x11, 0x1E, 0xF9, 0xDF, 0x31, 0x8F, 0xF8, 0xBC, 0x7F, 0xAC, 0x27, 0x63, 0xFE, 0xD7, 0xFC,
    0x08, 0xFE, 0xE9, 0xFC, 0x99, 0x9F, 0x1C, 0x25, 0xE2, 0xB3, 0xFC, 0xAB, 0x7F, 0x32, 0xE6, 0x9F,
    0x9E, 0x3F, 0xDF, 0x2F, 0x63, 0xCE, 0xFF, 0xD8, 0x3F, 0xE3, 0xF3, 0xFE, 0xDA, 0xB7, 0xF7, 0x5F,
    0xF3, 0xFF, 0x97, 0x1F, 0x71, 0xE5, 0xFF, 0x07, 0x95, 0x96, 0x41, 0x8A, 0x63, 0x3D, 0x0C, 0x84,
    0x0B, 0xB4, 0x2D, 0x78, 0x57, 0x29, 0xF0, 0xD6, 0xE0, 0xAB, 0x0B, 0xB2, 0x35, 0xCC, 0x55, 0x0C,
    0xB3, 0x35, 0xE8, 0x8F, 0xE9, 0xA6, 0xFF, 0x88, 0x28, 0xE9, 0xC9, 0x57, 0x18, 0xC7, 0x11, 0x92,
    0x5F, 0x64, 0x59, 0x79, 0x48, 0x18, 0x88, 0x11, 0x84, 0x21, 0xE1, 0xB6, 0x38, 0xE1, 0xA5, 0x32,
    0x0E, 0xC5, 0x86, 0x1E, 0xBE, 0xF7, 0x4A, 0x9C, 0xB6, 0xE0, 0x78, 0x82, 0x12, 0x23, 0x44, 0xAA,
    0xDE, 0xFF, 0x9D, 0xFF, 0xF0, 0x8E, 0x06, 0x39, 0x04, 0xA2, 0xC0, 0x36, 0x3A, 0xA6, 0x91, 0x10,
    0x2A, 0x04, 0xC2, 0x88, 0x89, 0x6E, 0x1B, 0x35, 0x84, 0xE4, 0x0D, 0x1D, 0xC3, 0xCB, 0x00, 0x32,
    0x51, 0x23, 0x28, 0x13, 0x8E, 0x12, 0x3C, 0x72, 0x2A, 0x36, 0x45, 0x3F, 0xAB, 0x77, 0x5C, 0x7E,
    0x1F, 0xB0, 0x45, 0x27, 0x21, 0xD9, 0xF9, 0xE2, 0x33, 0x6C, 0x5D, 0x8E, 0x25, 0x99, 0x9C, 0x3C,
    0x4B, 0xFC, 0x0E, 0x25, 0x8F, 0x90, 0xD7, 0xF9, 0x2F, 0xAB, 0x20, 0x41, 0x19, 0x23, 0x8C, 0x0F,
    0xFE, 0x2F, 0xCE, 0xBE, 0xAE, 0x00, 0x33, 0x72, 0x2C, 0xD2, 0x0C, 0x25, 0xEE, 0xD2, 0xB5, 0x25,
    0x77, 0x94, 0x18, 0xC9, 0xB1, 0x49, 0xE3, 0xEF, 0xF5, 0x7B, 0x6D, 0x3C, 0x21, 0x97, 0xC6, 0x96,
    0x94, 0xE2, 0x5F, 0xBB, 0xFE, 0x0D, 0x39, 0x7E, 0xB6, 0x96, 0xF1, 0x69, 0x46, 0x1B, 0x9B, 0xB0,
    0x97, 0xE5, 0x25, 0x5E, 0x81, 0x57, 0x25, 0x4A, 0x6B, 0x6C, 0x63, 0x53, 0xA6, 0xDA, 0xBF, 0xA9,
    0xF1, 0x0A, 0xA3, 0x09, 0x25, 0x54, 0x9B, 0x7B, 0x88, 0xAC, 0xEC, 0x0E, 0xE7, 0xD2, 0x8C, 0xD0,
    0xE4, 0x7A, 0x3C, 0x5B, 0x7D, 0xC9, 0x9B, 0x77, 0x57, 0xF5, 0xFB, 0x73, 0xFF, 0xF0, 0x9F, 0xFA,
    0x3F, 0xCA, 0x38, 0x64, 0x3F, 0xF5, 0x7F, 0x04, 0x3D, 0xCA, 0x44, 0x0D, 0x7F, 0xCC, 0x0F, 0xB3,
    0x4E, 0xEC, 0xD4, 0x5F, 0x9E, 0x89, 0x05, 0x59, 0xC3, 0x86, 0x00, 0x54, 0xF1, 0xD7, 0xAB, 0xFC,
    0xDB, 0xA6, 0xCD, 0xDB, 0x30, 0xA2, 0x66, 0xB8, 0xEB, 0xD6, 0x7C, 0x43, 0x4F, 0x96, 0xFD, 0xBE,
    0xFF, 0x34, 0x74, 0x8C, 0x7D, 0xEC, 0x77, 0x26, 0xFA, 0xD8, 0xE8, 0x98, 0x78, 0x82, 0x5B, 0x4B,
    0x53, 0x14, 0xAF, 0x85, 0x82, 0xA1, 0x8B, 0x8D, 0xC9, 0x5E, 0xF4, 0x6F, 0xBC, 0xA3, 0xEC, 0xEF,
    0x58, 0x78, 0xD7, 0xDF, 0xDD, 0x9C, 0xFE, 0x41, 0xFF, 0x7F, 0xCB, 0xBF, 0xFC, 0x3F, 0x60, 0x62,
    0xC1, 0x5F, 0xDB, 0xE9, 0x96, 0xF7, 0x76, 0x68, 0x7C, 0xC7, 0x35, 0x10, 0xF9, 0x8E, 0x51, 0x43,
    0x73, 0x51, 0xFF, 0xEB, 0x6A, 0xDC, 0x14, 0xBE, 0x49, 0x3E, 0x29, 0x56, 0x65, 0x2F, 0xE3, 0xEF,
    0xD9, 0xA8, 0x2C, 0xAA, 0x7C, 0xBE, 0x22, 0xFE, 0xB3, 0xE7, 0x6C, 0x63, 0x53, 0xE5, 0xE9, 0x6E,
    0x20, 0x7B, 0x3F, 0xED, 0x92, 0x9F, 0x2E, 0xDF, 0x6F, 0x1F, 0xDB, 0xEF, 0x83, 0xF5, 0xD9, 0x39,
    0xD7, 0xDD, 0x7E, 0x1B, 0x9B, 0xEB, 0xD9, 0x6E, 0x47, 0x1A, 0xDB, 0xEC, 0x3E, 0x74, 0x56, 0xCF,
    0x18, 0xAE, 0xAD, 0xFB, 0x30, 0x24, 0xDC, 0x74, 0x75, 0x53, 0x52, 0xDD, 0xC3, 0x7C, 0x2C, 0x70,
    0xAC, 0xBC, 0xF7, 0xB3, 0xE7, 0x89, 0x56, 0xBF, 0x3F, 0x8C, 0xED, 0x96, 0x73, 0x57, 0xED, 0x5F,
    0xF9, 0x0F, 0x6F, 0xE8, 0xDE, 0x84, 0x09, 0xD5, 0xDD, 0x01, 0xD3, 0x3A, 0x67, 0x03, 0x51, 0x41,
    0x34, 0x70, 0x5A, 0xC7, 0xB4, 0x8D, 0x0A, 0x61, 0x36, 0x75, 0x6F, 0x18, 0x8E, 0x4C, 0xCA, 0x5E,
    0x14, 0x19, 0x4C, 0xD9, 0x89, 0x94, 0xA1, 0x04, 0x21, 0x46, 0x93, 0x13, 0x2F, 0x90, 0x38, 0xC3,
    0x88, 0x97, 0xEF, 0x57, 0xD7, 0xFE, 0x1A, 0x59, 0xD9, 0xF2, 0x4B, 0xFF, 0x1F, 0x6F, 0xDE, 0x1F,
    0x01, 0x87, 0xA7, 0x4F, 0x19, 0x81, 0x3B, 0xFF, 0xFF, 0xF9, 0x93, 0x5F, 0xDA, 0xBF, 0xE8, 0xB3,
    0xD1, 0xD1, 0xF0, 0x82, 0x89, 0x1E, 0xB9, 0xF7, 0xE6, 0xFC, 0xA3, 0x85, 0x5B, 0x8B, 0x0B, 0x96,
    0x9F, 0x5F, 0xE4, 0x18, 0xA6, 0xA4, 0x55, 0xDC, 0xB0, 0x15, 0xD3, 0x2D, 0x26, 0xD2, 0xD3, 0xD9,
    0xCA, 0x9E, 0x63, 0x90, 0xA9, 0xFE, 0x72, 0xFC, 0xF5, 0xED, 0xB1, 0xB2, 0xBD, 0x5F, 0xFC, 0xA1,
    0x5F, 0xB2, 0x11, 0xA9, 0xBE, 0xF7, 0x5B, 0xFB, 0xE2, 0xEC, 0x7F, 0x38, 0xBF, 0x74, 0x3E, 0xEB,
    0x36, 0xE2, 0x21, 0xFA, 0x1C, 0x23, 0xEF, 0x40, 0x5E, 0xBB, 0xB6, 0xE7, 0xF8, 0x09, 0xEF, 0x6B,
    0x4C, 0xD9, 0x98, 0xBD, 0x38, 0x9D, 0x11, 0x42, 0x5B, 0xCD, 0x9B, 0x44, 0x99, 0x50, 0xB4, 0x37,
    0x93, 0xD1, 0xAC, 0xE1, 0xAF, 0xFD, 0x85, 0x8D, 0xF8, 0xE0, 0xFE, 0xD6, 0x0C, 0x38, 0xDC, 0x15,
    0x11, 0xFB, 0xCC, 0x18, 0xB5, 0x0F, 0xC5, 0x7D, 0xA5, 0xFE, 0x3D, 0xD7, 0x10, 0x95, 0xEB, 0x32,
    0x02, 0x2C, 0xE6, 0x04, 0x25, 0x45, 0x28, 0xFB, 0xE6, 0x9D, 0x18, 0x41, 0x16, 0xF6, 0x8A, 0x1B,
    0x61, 0x66, 0xB8, 0x22, 0xFC, 0xCC, 0x67, 0xFD, 0x09, 0x66, 0x02, 0x4D, 0x18, 0x11, 0x71, 0xE6,
    0xB3, 0xFE, 0x08, 0xBA, 0x83, 0xDF, 0xF9, 0xA3, 0xEB, 0xAC, 0xF1, 0x01, 0xC6, 0x1B, 0x48, 0xF7,
    0x11, 0xB1, 0xCE, 0x7C, 0xD6, 0xEF, 0x21, 0x3A, 0xFE, 0x44, 0x07, 0xF1, 0x02, 0xA1, 0xC7, 0x5F,
    0x74, 0x08, 0xFF, 0x82, 0x1B, 0xCC, 0xCD, 0x19, 0xA1, 0x33, 0x9F, 0x75, 0x06, 0xF8, 0x0F, 0xA5,
    0x5A, 0xD1, 0x8A, 0xFC, 0xAC, 0x0E, 0x17, 0x72, 0x1B, 0xF0, 0x55, 0x02, 0xDE, 0x0A, 0xBE, 0x7A,
    0xA0, 0xB7, 0xC2, 0xBE, 0x8A, 0xB0, 0xB7, 0x82, 0xC7, 0xD4, 0x09, 0x33, 0x4E, 0x4C, 0xD9, 0xF3,
    0xFD, 0x13, 0x26, 0xB5, 0xFE, 0x4C, 0x62, 0xD4, 0xB5, 0x36, 0xDD, 0xF0, 0x22, 0x02, 0x82, 0xD8,
    0x71, 0x12, 0x90, 0x70, 0xE0, 0xC9, 0x1F, 0x04, 0x8C, 0x34, 0x39, 0x2C, 0x96, 0x32, 0xEC, 0x78,
    0xC3, 0x1B, 0x80, 0x8E, 0x02, 0x4E, 0x8A, 0x1B, 0x5E, 0xFA, 0x52, 0xBC, 0xAF, 0x5A, 0x52, 0xA2,
    0x40, 0xF3, 0xAE, 0x86, 0x0A, 0xB3, 0x16, 0x70, 0x51, 0xE9, 0x34, 0x81, 0x9D, 0xE0, 0x17, 0x91,
    0x12, 0x5D, 0x09, 0x10, 0x53, 0xDB, 0x20, 0x0E, 0x0C, 0x24, 0xBC, 0xB4, 0x09, 0xCA, 0xD8, 0xFC,
    0x0F, 0x02, 0x44, 0x2F, 0x3E, 0xA5, 0x78, 0xFB, 0x5C, 0x9E, 0x63, 0xFF, 0x02, 0x29, 0xD0, 0xC4,
    0x99, 0xB8, 0xF4, 0x14, 0xD2, 0xC4, 0x25, 0x8C, 0xB3, 0x8D, 0xD2, 0xAD, 0xBE, 0x50, 0x69, 0xEF,
    0x31, 0x28, 0xCD, 0xDA, 0x2F, 0x4D, 0x46, 0x41, 0xC6, 0x00, 0x26, 0x6E, 0xED, 0xAB, 0x8D, 0xD2,
    0xBF, 0xF5, 0x4B, 0xB7, 0xBC, 0xC7, 0x8F, 0x86, 0x4A, 0xF9, 0xC0, 0xCB, 0x01, 0x1F, 0x9F, 0xF6,
    0x09, 0x31, 0x80, 0x8C, 0x33, 0x05, 0x86, 0x80, 0x81, 0xB0, 0x74, 0xB1, 0x3B, 0x06, 0xDF, 0x62,
    0x4C, 0x0A, 0xB7, 0x50, 0xBA, 0xF5, 0x59, 0x78, 0x96, 0xF8, 0x6B, 0xC4, 0x19, 0x5A, 0x60, 0x1F,
    0x8F, 0x22, 0x8A, 0x08, 0x09, 0x03, 0x9A, 0x54, 0xDD, 0x82, 0xFF, 0xB9, 0x1E, 0x6C, 0x7D, 0x68,
    0xFB, 0x44, 0xE0, 0x64, 0x58, 0xD1, 0x4A, 0xBC, 0x52, 0xF1, 0x4D, 0x8C, 0x55, 0x22, 0x80, 0x86,
    0x75, 0x8B, 0xCB, 0xFC, 0xCD, 0x80, 0xA2, 0x32, 0x56, 0x7D, 0x15, 0x02, 0x29, 0x97, 0xB5, 0x1A,
    0xDB, 0x64, 0xD2, 0xE5, 0x9E, 0x0B, 0x50, 0x26, 0xF9, 0x9D, 0xF1, 0x54, 0x92, 0xD6, 0x1B, 0x7C,
    0xA7, 0x98, 0x89, 0x89, 0x63, 0x0E, 0x4A, 0x16, 0xBF, 0xE8, 0xF2, 0x71, 0xFA, 0xE0, 0xD2, 0xC3,
    0x89, 0x50, 0xD7, 0x83, 0x87, 0x83, 0xE0, 0x84, 0x34, 0x71, 0x32, 0x68, 0x0D, 0x0D, 0x28, 0xAF,
    0x08, 0xEA, 0x3E, 0x76, 0x96, 0x0D, 0x5E, 0xA1, 0xC9, 0x35, 0x72, 0x32, 0x38, 0x92, 0x65, 0x83,
    0x67, 0x24, 0x6C, 0x91, 0x90, 0xB2, 0xC1, 0x3F, 0xF7, 0x94, 0xB5, 0x9F, 0x10, 0x7C, 0xC3, 0x52,
    0x27, 0x98, 0xB7, 0x9F, 0xC4, 0xB6, 0x77, 0xC0, 0xE8, 0x6F, 0x68, 0xD4, 0x35, 0x98, 0x43, 0x0D,
    0x6C, 0x19, 0x39, 0x2E, 0xBC, 0x42, 0x02, 0xB2, 0x9C, 0x28, 0xB3, 0xC0, 0x90, 0xB0, 0x9E, 0xB8,
    0xD6, 0x5F, 0xDA, 0xED, 0x43, 0x93, 0x7A, 0x68, 0x9E, 0xFD, 0xD8, 0xD3, 0xA4, 0xD8, 0xCF, 0xF6,
    0x4B, 0xAF, 0x3F, 0xC2, 0xA5, 0xBB, 0xF6, 0x7F, 0xF1, 0x07, 0xC7, 0xDE, 0x7F, 0x8B, 0x6B, 0x0F,
    0x2C, 0x9E, 0x5A, 0xAE, 0xA5, 0x1A, 0x7C, 0x5B, 0x03, 0x2F, 0x95, 0x49, 0x3B, 0xA6, 0xB5, 0xDF,
    0x2D, 0x61, 0xC0, 0x88, 0x23, 0xF6, 0xEF, 0xDD, 0xB9, 0xB4, 0xD2, 0x46, 0x1B, 0x3C, 0xD8, 0x5A,
    0xF0, 0x3C, 0xA8, 0xDD, 0xD2, 0x83, 0x47, 0x79, 0x72, 0x28, 0xAC, 0xA5, 0x73, 0x0F, 0x4B, 0xD7,
    0xD2, 0xC9, 0x7A, 0x44, 0x6A, 0x5A, 0xB6, 0xA4, 0xB8, 0x4F, 0xD4, 0x22, 0x3A, 0x90, 0xEA, 0x5F,
    0x98, 0x5D, 0x34, 0x10, 0xD3, 0x15, 0xAE, 0x43, 0xEF, 0x75, 0x7F, 0x64, 0xD0, 0xBD, 0xF2, 0xBC,
    0x81, 0x70, 0xAC, 0x89, 0x20, 0xE0, 0xE4, 0x13, 0x95, 0xEE, 0x45, 0xA1, 0xF5, 0xDA, 0xCA, 0x5A,
    0x56, 0xDB, 0x30, 0x71, 0xB1, 0x2F, 0x95, 0x56, 0xD3, 0xEA, 0x2B, 0x2E, 0x2A, 0x13, 0xE1, 0xA5,
    0x4F, 0x9B, 0xF5, 0x58, 0xA9, 0x2D, 0x64, 0xED, 0x6E, 0x6A, 0xDD, 0x5A, 0xF1, 0x7A, 0xAF, 0x56,
    0x20, 0x48, 0x2F, 0x31, 0xA0, 0xAB, 0x6B, 0xFA, 0x67, 0x70, 0x91, 0x76, 0x5E, 0xBD, 0xF8, 0x94,
    0x74, 0x57, 0x89, 0x8D, 0xF0, 0x84, 0x03, 0xE7, 0xBC, 0xD6, 0xA1, 0xB7, 0xBA, 0xB4, 0x45, 0xE9,
    0x16, 0x01, 0xF6, 0xFC, 0x2B, 0xAA, 0x98, 0x5D, 0xBF, 0x79, 0xF2, 0xA6, 0x2B, 0x15, 0xA6, 0x81,
    0xE2, 0x16, 0x56, 0x4A, 0x5D, 0xE5, 0x99, 0x4A, 0x55, 0xE9, 0xE0, 0x1D, 0xD7, 0xB3, 0xC9, 0x7D,
    0x76, 0x7B, 0xE3, 0xAB, 0x63, 0x6A, 0xF1, 0x21, 0xFA, 0x63, 0xAA, 0xC6, 0x1F, 0xD1, 0x87, 0x26,
    0xDD, 0x6F, 0xBA, 0xFF, 0x8C, 0xD1, 0x6F, 0x11, 0xA7, 0x68, 0xB7, 0x08, 0x86, 0x9C, 0x73, 0x55,
    0x09, 0x7D, 0x1A, 0xBD, 0xDA, 0xCB, 0x32, 0x8C, 0xB0, 0xC4, 0xBF, 0x5B, 0x16, 0xE2, 0xD8, 0xA1,
    0x01, 0xB9, 0x73, 0xCA, 0x40, 0x88, 0xB1, 0x7B, 0x38, 0x20, 0x50, 0xC9, 0x89, 0x8A, 0x6B, 0x21,
    0x73, 0x22, 0xE1, 0x13, 0x1A, 0x03, 0xAD, 0x9D, 0x44, 0x2C, 0x9D, 0xF4, 0x81, 0xEF, 0x56, 0x2A,
    0xB2, 0x8A, 0xD0, 0xCE, 0x91, 0x9B, 0x66, 0x4E, 0xE4, 0xA6, 0x99, 0x08, 0xF5, 0x27, 0x4D, 0xFA,
    0x2D, 0x42, 0x78, 0xBA, 0x3D, 0xF6, 0xCF, 0x5A, 0xDC, 0x34, 0xE2, 0x6E, 0xA0, 0x6D, 0xB7, 0x7F,
    0xB1, 0x66, 0x56, 0xF2, 0xFE, 0x53, 0xA2, 0xD7, 0x51, 0x18, 0xC6, 0xED, 0x82, 0x43, 0x99, 0x02,
    0x64, 0x88, 0x8A, 0xF8, 0x2D, 0x43, 0x22, 0x11, 0xB1, 0x7A, 0x25, 0x2D, 0xC2, 0x1A, 0x19, 0x11,
    0x0B, 0x87, 0xAE, 0x1D, 0x78, 0x85, 0xDD, 0x6E, 0x01, 0xAC, 0x58, 0x14, 0xE3, 0x71, 0x69, 0x2D,
    0xAB, 0xCB, 0xA2, 0xD4, 0xAA, 0x00, 0xA9, 0x13, 0xB4, 0xAC, 0x5E, 0x48, 0x77, 0x44, 0x77, 0x68,
    0x48, 0x5F, 0xE6, 0xB5, 0x2A, 0x03, 0x67, 0x09, 0x37, 0x9F, 0x57, 0xD5, 0xC2, 0xA4, 0x8D, 0xC5,
    0x77, 0xFD, 0x6D, 0xAF, 0xB7, 0xFA, 0x78, 0xC0, 0x95, 0x2E, 0x40, 0x24, 0xE2, 0x2B, 0x10, 0x23,
    0x01, 0x86, 0x6B, 0x87, 0xB5, 0x5E, 0xDB, 0xED, 0xF0, 0x44, 0x18, 0x26, 0x2E, 0xAC, 0xE5, 0x4F,
    0x78, 0x32, 0x71, 0x52, 0xDF, 0x15, 0xF4, 0x49, 0xE3, 0xCD, 0xFE, 0xC4, 0xE0, 0xE7, 0x61, 0x46,
    0x57, 0x75, 0x73, 0x66, 0x34, 0x17, 0x11, 0xD0, 0xC5, 0x5A, 0xD6, 0xB5, 0xA4, 0x22, 0x06, 0xC7,
    0x2F, 0xB0, 0x88, 0x0E, 0x3C, 0x8D, 0xFC, 0xB2, 0x33, 0xD5, 0x2A, 0xFC, 0xA9, 0xCE, 0x62, 0x6C,
    0xDE, 0xFD, 0xD5, 0x2F, 0x89, 0xD2, 0x53, 0xA8, 0xF9, 0x29, 0xD4, 0xA8, 0xA1, 0x86, 0xAC, 0xA1,
    0x6E, 0x8B, 0xF7, 0xE8, 0x57, 0x43, 0x9D, 0x42, 0x43, 0x65, 0x1B, 0x6A, 0x79, 0x0A, 0x75, 0x04,
    0x0D, 0x55, 0x84, 0xEF, 0xF7, 0xB8, 0x4A, 0xCD, 0xB3, 0xDE, 0xAC, 0x72, 0x83, 0xD3, 0xE4, 0x3E,
    0x31, 0x06, 0x86, 0x0E, 0x21, 0xD6, 0xBC, 0x9F, 0x36, 0x38, 0x70, 0x11, 0x6C, 0xEA, 0x97, 0x30,
    0x71, 0xCC, 0x4D, 0x70, 0xEB, 0xFB, 0xED, 0xE5, 0xEC, 0xFB, 0xDD, 0x72, 0x5B, 0xBD, 0x1D, 0x68,
    0xF9, 0x2E, 0x01, 0x19, 0x7B, 0x9A, 0x30, 0x4F, 0xD6, 0xBE, 0xE5, 0xB7, 0xEF, 0x1C, 0xA7, 0x7E,
    0x64, 0xCC, 0x6B, 0x85, 0x6F, 0x56, 0xE8, 0x65, 0x9B, 0xEE, 0x3B, 0x13, 0x20, 0xBE, 0x7A, 0xB1,
    0x9F, 0xC3, 0xAC, 0x7E, 0x26, 0xA8, 0xD2, 0xDC, 0xD5, 0xCF, 0xE9, 0xB6, 0x11, 0x5C, 0xFF, 0x39,
    0x5F, 0xF5, 0xC9, 0x7F, 0xBA, 0x72, 0xFE, 0x82, 0x73, 0xA8, 0xA1, 0x05, 0x89, 0x90, 0x81, 0x70,
    0xD2, 0x8E, 0x4F, 0x62, 0x64, 0x60, 0x99, 0xA5, 0x18, 0x64, 0x7C, 0xF0, 0x98, 0x79, 0xD2, 0xBC,
    0x93, 0x97, 0x39, 0xD2, 0xBC, 0xD1, 0x39, 0x33, 0x95, 0xC4, 0xF2, 0xB2, 0x64, 0xA2, 0x5B, 0x99,
    0x25, 0x93, 0x57, 0x72, 0xFC, 0x97, 0xFE, 0xE4, 0x5F, 0x71, 0x9B, 0x19, 0xD3, 0xBC, 0x58, 0xE9,
    0xF4, 0xE8, 0x5F, 0x71, 0xC7, 0x3F, 0x95, 0x0E, 0x4F, 0xFE, 0xB9, 0x74, 0xB4, 0xEF, 0xD1, 0x35,
    0x61, 0xE9, 0x69, 0x5E, 0xF5, 0xD4, 0xBB, 0xE3, 0xC2, 0xA9, 0xA6, 0x89, 0x9E, 0xF1, 0x34, 0xB9,
    0xD4, 0x29, 0x0D, 0x2E, 0x54, 0xFA, 0x73, 0x1E, 0xC4, 0xE6, 0x35, 0x9F, 0xF4, 0x4B, 0xF7, 0xF5,
    0x3D, 0xFC, 0x9C, 0x47, 0x30, 0x31, 0x3A, 0xFE, 0xA1, 0x61, 0xA5, 0xAB, 0x0C, 0xBA, 0xB0, 0x42,
    0x3B, 0xE2, 0x48, 0xB0, 0xB2, 0xA4, 0x1E, 0x9E, 0x24, 0xF3, 0x9A, 0x7C, 0x5C, 0x33, 0xB3, 0xBE,
    0x7D, 0xBA, 0xE8, 0x09, 0xBF, 0xC4, 0xC3, 0x23, 0xFE, 0xFB, 0x84, 0x4F, 0x14, 0xD2, 0xAF, 0x8F,
    0x0B, 0xEA, 0xF9, 0x97, 0x91, 0xA1, 0x4B, 0xE5, 0x11, 0x07, 0x02, 0x95, 0x27, 0x3C, 0xC7, 0x35,
    0x3E, 0x39, 0xFA, 0xFA, 0x74, 0x79, 0xFA, 0xBA, 0x36, 0xD6, 0xD5, 0xD2, 0x9E, 0x3D, 0x3F, 0xD9,
    0x0F, 0xFC, 0xC1, 0x96, 0x3E, 0x50, 0xEB, 0x1F, 0x5F, 0x1C, 0x9B, 0x96, 0x0C, 0xBE, 0x50, 0x6D,
    0xE1, 0xF5, 0xDE, 0x89, 0x20, 0x29, 0x77, 0x2D, 0x7D, 0xE1, 0xF4, 0xE2, 0xA2, 0xA5, 0xA3, 0x7E,
    0x7F, 0x5B, 0xB0, 0xFE, 0x57, 0x66, 0x5E, 0xA4, 0xF5, 0xAF, 0xA8, 0xB6, 0x38, 0xF6, 0x8F, 0x26,
    0x77, 0x91, 0xD6, 0xBE, 0xA2, 0xEF, 0x16, 0x5F, 0xD4, 0xBE, 0x9E, 0x5F, 0x6D, 0x87, 0xE3, 0xD7,
    0xF3, 0x2B, 0x06, 0x4B, 0x13, 0xAB, 0x19, 0xA1, 0x86, 0xEC, 0xA5, 0x92, 0x12, 0x53, 0x4E, 0x6C,
    0x61, 0xAB, 0x5F, 0xFA, 0x93, 0xBE, 0xC5, 0x2D, 0xC5, 0x10, 0x1A, 0x31, 0x74, 0x1A, 0xA3, 0xCB,
    0x55, 0xEE, 0x9F, 0x35, 0xAC, 0x7E, 0x61, 0xC0, 0x32, 0x06, 0xCA, 0xF5, 0xFF, 0xD5, 0x5F, 0x19,
    0x7A, 0xA2, 0x38, 0x1A, 0xC9, 0x75, 0xDD, 0xFB, 0xB4, 0x56, 0x7D, 0x8E, 0x5A, 0xDA, 0x2C, 0xF5,
    0xC0, 0x86, 0x0D, 0x7D, 0x64, 0x72, 0xED, 0x33, 0x78, 0xD5, 0x30, 0x90, 0x7D, 0xBA, 0x2B, 0xBE,
    0x5B, 0x70, 0xFF, 0xC2, 0x99, 0x26, 0xBB, 0xB9, 0xF4, 0x1C, 0x2A, 0x20, 0xE2, 0x8E, 0x7F, 0x7F,
    0xD9, 0x12, 0xFE, 0xCE, 0x43, 0x9B, 0xAF, 0x5B, 0x6E, 0x1E, 0xDA, 0x3E, 0x43, 0x2C, 0x6A, 0x9F,
    0x7F, 0xFA, 0xFE, 0x6F, 0xA3, 0x33, 0x19, 0x21, 0x87, 0x34, 0xBF, 0xE0, 0xE9, 0x12, 0x22, 0x95,
    0x8E, 0x44, 0x78, 0xB2, 0x42, 0xF0, 0xDE, 0x5F, 0x09, 0x8E, 0x38, 0x26, 0x22, 0x4E, 0x94, 0xF1,
    0x8C, 0x63, 0x84, 0x14, 0x2E, 0x48, 0x68, 0xF4, 0x75, 0xF0, 0xE1, 0x15, 0xA3, 0x81, 0xB4, 0x01,
    0x19, 0xDC, 0xCF, 0xC8, 0x19, 0xFF, 0xDE, 0xEC, 0xD8, 0x39, 0x26, 0x70, 0xBE, 0x4C, 0xDE, 0x7B,
    0x1F, 0xD9, 0x6F, 0x8B, 0xFA, 0x55, 0x10, 0xEF, 0xAF, 0x87, 0xF6, 0x8C, 0xB8, 0xF4, 0x41, 0x46,
    0x4F, 0xE9, 0x1B, 0x7F, 0x23, 0x74, 0x11, 0xEC, 0xF6, 0x3F, 0xBF, 0x16, 0x28, 0x9F, 0xBE, 0xB5,
    0x94, 0xFE, 0x96, 0xCE, 0x57, 0x22, 0x04, 0xB1, 0x46, 0xF6, 0x7C, 0xBF, 0x46, 0x9F, 0xF4, 0xDB,
    0x62, 0x70, 0x09, 0x71, 0xC2, 0xD2, 0x8E, 0x19, 0x00, 0xEE, 0x5B, 0xB9, 0xCA, 0xFD, 0x5D, 0x2F,
    0x15, 0x3E, 0x49, 0x13, 0xA3, 0xA3, 0xB6, 0xD4, 0xB4, 0x92, 0xCD, 0x3E, 0xEC, 0xEF, 0x61, 0x36,
    0xFB, 0xB0, 0xB5, 0xDF, 0xC8, 0xC7, 0x84, 0x8C, 0x6D, 0x33, 0x7A, 0x50, 0xB3, 0xFB, 0x7E, 0x24,
    0x15, 0x89, 0x31, 0x3B, 0xEF, 0x47, 0x04, 0x04, 0x19, 0x6B, 0x6B, 0xAF, 0x37, 0xC4, 0xB5, 0x14,
    0x03, 0xBE, 0xAD, 0x57, 0xAA, 0x44, 0xF8, 0xB3, 0xDE, 0xD2, 0x62, 0xC8, 0x93, 0x37, 0xFC, 0xCE,
    0x8C, 0xE8, 0xF9, 0xBE, 0x7C, 0x9D, 0xEF, 0x15, 0xD7, 0xF3, 0xBD, 0xC1, 0xED, 0xF9, 0x97, 0xA5,
    0x8D, 0x77, 0xFE, 0x55, 0xDC, 0xCB, 0xE1, 0xC4, 0x9A, 0x1A, 0x6A, 0x84, 0x36, 0x87, 0xA3, 0xB8,
    0xF7, 0x6E, 0x99, 0x15, 0x3F, 0xBE, 0x59, 0x22, 0x59, 0x7D, 0xB5, 0xD1, 0x21, 0xE7, 0x0A, 0x15,
    0x3A, 0x1C, 0x5F, 0x50, 0x33, 0xA7, 0x96, 0x72, 0xE6, 0x12, 0x44, 0xFB, 0x59, 0xBF, 0xF4, 0x67,
    0xFD, 0xD2, 0xC9, 0xEC, 0xAB, 0xE6, 0x6A, 0xE8, 0xF7, 0xE7, 0xF7, 0xC7, 0x79, 0x18, 0xC7, 0x4F,
    0xBD, 0x36, 0x59, 0x49, 0xEF, 0x15, 0x7F, 0xB7, 0x77, 0xA8, 0x8C, 0x10, 0x38, 0xBC, 0xF3, 0xB4,
    0x63, 0x68, 0x59, 0xEA, 0x17, 0x6E, 0xC8, 0xD1, 0x17, 0x16, 0x7D, 0x61, 0xAB, 0x6F, 0xF7, 0x3F,
    0x2C, 0x9D, 0xF0, 0xB0, 0xFB, 0x01, 0xCB, 0xEF, 0xD8, 0x3F, 0xF8, 0x63, 0xFF, 0xA4, 0xDD, 0x7F,
    0xD5, 0x2F, 0xDD, 0xFB, 0xCF, 0x11, 0x25, 0x83, 0x8B, 0x8E, 0xD3, 0x8F, 0x76, 0xAF, 0x2D, 0xBA,
    0x5D, 0xB5, 0xED, 0x8A, 0x2F, 0xFC, 0x89, 0xE2, 0xE0, 0x29, 0xB5, 0x35, 0xDE, 0xD9, 0x2B, 0x2D,
    0x4B, 0xBD, 0xE0, 0x7F, 0xD5, 0xC7, 0x5B, 0xBF, 0x07, 0x3C, 0xEA, 0xDB, 0xE7, 0xCF, 0x9A, 0x9F,
    0x63, 0x86, 0x42, 0xEC, 0x38, 0xFD, 0x93, 0xFA, 0x67, 0xFB, 0xA5, 0x3F, 0xFD, 0xE7, 0x8C, 0x99,
    0x47, 0xD6, 0xF9, 0x02, 0xE7, 0x5E, 0xDB, 0xFE, 0x0F, 0xAD, 0x90, 0x01, 0x06, 0x44, 0x31, 0x0C,
    0x44, 0x4B, 0x00, 0x42, 0xAE, 0x52, 0x16, 0xA0, 0xE4, 0xEA, 0x39, 0xC0, 0xB2, 0x57, 0xC9, 0x01,
    0x42, 0x37, 0xCD, 0x54, 0x60, 0x7D, 0x60, 0x67, 0x78, 0xA1, 0x33, 0x0C, 0x1D, 0x25, 0xFA, 0xF0,
    0x3C, 0xD6, 0x48, 0xB6, 0x11, 0x6D, 0xDA, 0x43, 0x0E, 0xB4, 0xE0, 0x14, 0x63, 0x5B, 0x06, 0x17,
    0x12, 0xBA, 0x03, 0xF0, 0x02, 0x4A, 0xB7, 0x09, 0x64, 0xA9, 0x9A, 0x0D, 0x4F, 0x68, 0x02, 0x4D,
    0xC0, 0x80, 0xCC, 0x01, 0x89, 0x87, 0xF1, 0x8E, 0xFF, 0x38, 0xEE, 0xBF, 0xE3, 0x10, 0x2D, 0x7E,
    0xB3, 0xB1, 0x69, 0xE4, 0x6D, 0x8F, 0x16, 0xDD, 0xF7, 0xA7, 0x5C, 0x6C, 0x96, 0x5F, 0x81, 0x5B,
    0x5E, 0xA3, 0x45, 0x8E, 0xBF, 0x96, 0x35, 0x53, 0x3C, 0x29, 0xBD, 0xF8, 0x24, 0x5F, 0x63, 0x00,
    0x03, 0xFB, 0x3F, 0x36, 0x36, 0xC6, 0x67, 0x8C, 0xCF, 0xD8, 0x9F, 0xB1, 0xB7, 0x01, 0xC2, 0x3F,
    0x10, 0x12, 0x24, 0x03, 0x00,
};

static const EpdGlyph helvetica_16_bolditalicGlyphs[] = {
    { 25, 25, 384, 2, 25, 157, 0 }, // U+0000
    { 16, 16, 256, 0, 14, 64, 157 }, // U+0001
    { 16, 16, 256, 0, 14, 64, 221 }, // U+0002
    { 16, 16, 256, 0, 14, 64, 285 }, // U+0003
    { 16, 16, 256, 0, 14, 64, 349 }, // U+0004
    { 16, 16, 256, 0, 14, 64, 413 }, // U+0005
    { 16, 16, 256, 0, 14, 64, 477 }, // U+0006
    { 16, 16, 256, 0, 14, 64, 541 }, // U+0007
    { 16, 16, 256, 0, 14, 64, 605 }, // U+0008
    { 16, 16, 256, 0, 14, 64, 669 }, // U+0009
    { 16, 16, 256, 0, 14, 64, 733 }, // U+000A
    { 16, 16, 256, 0, 14, 64, 797 }, // U+000B
    { 16, 16, 256, 0, 14, 64, 861 }, // U+000C
    { 16, 16, 256, 0, 14, 64, 925 }, // U+000D
    { 16, 16, 256, 0, 14, 64, 989 }, // U+000E
    { 16, 16, 256, 0, 14, 64, 1053 }, // U+000F
    { 16, 16, 256, 0, 14, 64, 1117 }, // U+0010
    { 16, 16, 256, 0, 14, 64, 1181 }, // U+0011
    { 16, 16, 256, 0, 14, 64, 1245 }, // U+0012
    { 16, 16, 256, 0, 14, 64, 1309 }, // U+0013
    { 16, 16, 256, 0, 14, 64, 1373 }, // U+0014
    { 16, 16, 256, 0, 14, 64, 1437 }, // U+0015
    { 16, 16, 256, 0, 14, 64, 1501 }, // U+0016
    { 16, 16, 256, 0, 14, 64, 1565 }, // U+0017
    { 16, 16, 256, 0, 14, 64, 1629 }, // U+0018
    { 16, 16, 256, 0, 14, 64, 1693 }, // U+0019
    { 16, 16, 256, 0, 14, 64, 1757 }, // U+001A
    { 16, 16, 256, 0, 14, 64, 1821 }, // U+001B
    { 16, 16, 256, 0, 14, 64, 1885 }, // U+001C
    { 16, 16, 256, 0, 14, 64, 1949 }, // U+001D
    { 16, 16, 256, 0, 14, 64, 2013 }, // U+001E
    { 16, 16, 256, 0, 14, 64, 2077 }, // U+001F
    { 1, 1, 144, 0, 1, 1, 2141 }, // U+0020
    { 10, 25, 176, 4, 25, 63, 2142 }, // !
    { 13, 9, 256, 6, 25, 30, 2205 }, // "
    { 21, 25, 304, 1, 24, 132, 2235 }, // #
    { 18, 28, 288, 2, 25, 126, 2367 }, // $
    { 27, 23, 464, 4, 23, 156, 2493 }, // %
    { 21, 25, 384, 3, 25, 132, 2649 }, // &
    { 5, 9, 128, 6, 25, 12, 2781 }, // '
    { 13, 31, 176, 2, 25, 101, 2793 }, // (
    { 12, 32, 176, -1, 26, 96, 2894 }, // )
    { 11, 11, 208, 5, 24, 31, 2990 }, // *
    { 17, 16, 304, 3, 16, 68, 3021 }, // +
    { 7, 11, 144, 1, 5, 20, 3089 }, // ,
    { 9, 5, 176, 3, 12, 12, 3109 }, // -
    { 6, 5, 144, 2, 5, 8, 3121 }, // .
    { 14, 24, 144, 0, 24, 84, 3129 }, // /
    { 17, 24, 288, 3, 24, 102, 3213 }, // 0
    { 12, 24, 288, 6, 24, 72, 3315 }, // 1
    { 19, 24, 288, 2, 24, 114, 3387 }, // 2
    { 17, 24, 288, 3, 24, 102, 3501 }, // 3
    { 18, 24, 288, 2, 24, 108, 3603 }, // 4
    { 18, 24, 288, 3, 24, 108, 3711 }, // 5
    { 18, 24, 288, 3, 24, 108, 3819 }, // 6
    { 18, 24, 288, 5, 24, 108, 3927 }, // 7
    { 18, 24, 288, 2, 24, 108, 4035 }, // 8
    { 18, 24, 288, 2, 24, 108, 4143 }, // 9
    { 8, 17, 176, 4, 17, 34, 4251 }, // :
    { 9, 23, 176, 3, 17, 52, 4285 }, // ;
    { 18, 16, 304, 2, 16, 72, 4337 }, // <
    { 19, 12, 304, 2, 14, 57, 4409 }, // =
    { 18, 16, 304, 2, 16, 72, 4466 }, // >
    { 18, 25, 320, 5, 25, 113, 4538 }, // ?
    { 32, 30, 528, 3, 25, 240, 4651 }, // @
    { 22, 25, 384, 1, 25, 138, 4891 }, // A
    { 23, 25, 384, 3, 25, 144, 5029 }, // B
    { 23, 25, 384, 3, 25, 144, 5173 }, // C
    { 23, 25, 384, 3, 25, 144, 5317 }, // D
    { 23, 25, 352, 3, 25, 144, 5461 }, // E
    { 22, 25, 320, 2, 25, 138, 5605 }, // F
    { 25, 25, 400, 3, 25, 157, 5743 }, // G
    { 25, 25, 384, 2, 25, 157, 5900 }, // H
    { 10, 25, 144, 2, 25, 63, 6057 }, // I
    { 19, 25, 288, 2, 25, 119, 6120 }, // J
    { 25, 25, 384, 2, 25, 157, 6239 }, // K
    { 17, 25, 320, 3, 25, 107, 6396 }, // L
    { 28, 25, 432, 2, 25, 175, 6503 }, // M
    { 25, 25, 384, 2, 25, 157, 6678 }, // N
    { 25, 25, 400, 3, 25, 157, 6835 }, // O
    { 22, 25, 352, 3, 25, 138, 6992 }, // P
    { 25, 26, 416, 3, 25, 163, 7130 }, // Q
    { 23, 25, 384, 3, 25, 144, 7293 }, // R
    { 22, 25, 352, 2, 25, 138, 7437 }, // S
    { 20, 25, 320, 5, 25, 125, 7575 }, // T
    { 22, 25, 384, 5, 25, 138, 7700 }, // U
    { 20, 25, 352, 6, 25, 125, 7838 }, // V
    { 30, 25, 496, 6, 25, 188, 7963 }, // W
    { 25, 25, 352, 1, 25, 157, 8151 }, // X
    { 20, 25, 352, 6, 25, 125, 8308 }, // Y
    { 23, 25, 320, 1, 25, 144, 8433 }, // Z
    { 14, 31, 176, 1, 25, 109, 8577 }, // [
    { 5, 24, 144, 5, 24, 30, 8686 }, // <backslash>
    { 14, 31, 176, -1, 25, 109, 8716 }, // ]
    { 15, 14, 304, 5, 23, 53, 8825 }, // ^
    { 18, 2, 288, 0, -4, 9, 8878 }, // _
    { 6, 5, 176, 6, 25, 8, 8887 }, // `
    { 17, 18, 288, 2, 18, 77, 8895 }, // a
    { 19, 25, 320, 2, 25, 119, 8972 }, // b
    { 17, 18, 288, 3, 18, 77, 9091 }, // c
    { 20, 25, 320, 3, 25, 125, 9168 }, // d
    { 17, 18, 288, 3, 18, 77, 9293 }, // e
    { 13, 25, 176, 3, 25, 82, 9370 }, // f
    { 21, 25, 320, 1, 18, 132, 9452 }, // g
    { 19, 25, 320, 2, 25, 119, 9584 }, // h
    { 10, 25, 144, 2, 25, 63, 9703 }, // i
    { 13, 32, 144, -1, 25, 104, 9766 }, // j
    { 19, 25, 288, 2, 25, 119, 9870 }, // k
    { 10, 25, 144, 2, 25, 63, 9989 }, // l
    { 28, 18, 464, 2, 18, 126, 10052 }, // m
    { 19, 18, 320, 2, 18, 86, 10178 }, // n
    { 18, 18, 320, 3, 18, 81, 10264 }, // o
    { 20, 25, 320, 1, 18, 125, 10345 }, // p
    { 18, 25, 320, 3, 18, 113, 10470 }, // q
    { 14, 18, 208, 2, 18, 63, 10583 }, // r
    { 17, 18, 288, 2, 18, 77, 10646 }, // s
    { 10, 22, 176, 4, 22, 55, 10723 }, // t
    { 19, 18, 320, 3, 18, 86, 10778 }, // u
    { 17, 18, 288, 4, 18, 77, 10864 }, // v
    { 25, 18, 400, 3, 18, 113, 10941 }, // w
    { 20, 18, 288, 1, 18, 90, 11054 }, // x
    { 21, 25, 288, 1, 18, 132, 11144 }, // y
    { 18, 18, 256, 1, 18, 81, 11276 }, // z
    { 13, 32, 208, 3, 25, 104, 11357 }, // {
    { 9, 31, 144, 2, 24, 70, 11461 }, // |
    { 13, 32, 208, 1, 25, 104, 11531 }, // }
    { 16, 6, 304, 3, 11, 24, 11635 }, // ~
    { 16, 16, 256, 0, 14, 64, 11659 }, // U+007F
    { 16, 16, 256, 0, 14, 64, 0 }, // U+0080
    { 16, 16, 256, 0, 14, 64, 64 }, // U+0081
    { 16, 16, 256, 0, 14, 64, 128 }, // U+0082
    { 16, 16, 256, 0, 14, 64, 192 }, // U+0083
    { 16, 16, 256, 0, 14, 64, 256 }, // U+0084
    { 16, 16, 256, 0, 14, 64, 320 }, // U+0085
    { 16, 16, 256, 0, 14, 64, 384 }, // U+0086
    { 16, 16, 256, 0, 14, 64, 448 }, // U+0087
    { 16, 16, 256, 0, 14, 64, 512 }, // U+0088
    { 16, 16, 256, 0, 14, 64, 576 }, // U+0089
    { 16, 16, 256, 0, 14, 64, 640 }, // U+008A
    { 16, 16, 256, 0, 14, 64, 704 }, // U+008B
    { 16, 16, 256, 0, 14, 64, 768 }, // U+008C
    { 16, 16, 256, 0, 14, 64, 832 }, // U+008D
    { 16, 16, 256, 0, 14, 64, 896 }, // U+008E
    { 16, 16, 256, 0, 14, 64, 960 }, // U+008F
    { 16, 16, 256, 0, 14, 64, 1024 }, // U+0090
    { 16, 16, 256, 0, 14, 64, 1088 }, // U+0091
    { 16, 16, 256, 0, 14, 64, 1152 }, // U+0092
    { 16, 16, 256, 0, 14, 64, 1216 }, // U+0093
    { 16, 16, 256, 0, 14, 64, 1280 }, // U+0094
    { 16, 16, 256, 0, 14, 64, 1344 }, // U+0095
    { 16, 16, 256, 0, 14, 64, 1408 }, // U+0096
    { 16, 16, 256, 0, 14, 64, 1472 }, // U+0097
    { 16, 16, 256, 0, 14, 64, 1536 }, // U+0098
    { 16, 16, 256, 0, 14, 64, 1600 }, // U+0099
    { 16, 16, 256, 0, 14, 64, 1664 }, // U+009A
    { 16, 16, 256, 0, 14, 64, 1728 }, // U+009B
    { 16, 16, 256, 0, 14, 64, 1792 }, // U+009C
    { 16, 16, 256, 0, 14, 64, 1856 }, // U+009D
    { 16, 16, 256, 0, 14, 64, 1920 }, // U+009E
    { 16, 16, 256, 0, 14, 64, 1984 }, // U+009F
    { 1, 1, 144, 0, 1, 1, 2048 }, // U+00A0
    { 10, 24, 176, 1, 18, 60, 2049 }, // U+00A1
    { 18, 24, 288, 2, 21, 108, 2109 }, // U+00A2
    { 19, 24, 288, 2, 24, 114, 2217 }, // U+00A3
    { 18, 17, 288, 3, 20, 77, 2331 }, // U+00A4
    { 20, 24, 288, 3, 24, 120, 2408 }, // U+00A5
    { 9, 31, 144, 2, 25, 70, 2528 }, // U+00A6
    { 18, 32, 288, 2, 25, 144, 2598 }, // U+00A7
    { 11, 4, 176, 5, 25, 11, 2742 }, // U+00A8
    { 35, 29, 384, 2, 25, 254, 2753 }, // U+00A9
    { 11, 16, 192, 4, 25, 44, 3007 }, // U+00AA
    { 15, 13, 288, 3, 16, 49, 3051 }, // U+00AB
    { 18, 10, 304, 3, 14, 45, 3100 }, // U+00AC
    { 9, 5, 176, 3, 12, 12, 3145 }, // U+00AD
    { 27, 25, 384, 2, 25, 169, 3157 }, // U+00AE
    { 10, 3, 176, 5, 24, 8, 3326 }, // U+00AF
    { 10, 10, 208, 6, 24, 25, 3334 }, // U+00B0
    { 19, 22, 304, 2, 22, 105, 3359 }, // U+00B1
    { 13, 16, 176, 2, 25, 52, 3464 }, // U+00B2
    { 11, 15, 176, 3, 24, 42, 3516 }, // U+00B3
    { 7, 5, 176, 7, 26, 9, 3558 }, // U+00B4
    { 21, 25, 320, 1, 18, 132, 3567 }, // U+00B5
    { 18, 31, 288, 5, 25, 140, 3699 }, // U+00B6
    { 4, 4, 144, 5, 15, 4, 3839 }, // U+00B7
    { 8, 7, 176, 1, 0, 14, 3843 }, // U+00B8
    { 8, 15, 176, 5, 24, 30, 3857 }, // U+00B9
    { 12, 16, 192, 4, 25, 48, 3887 }, // U+00BA
    { 15, 12, 288, 2, 15, 45, 3935 }, // U+00BB
    { 23, 24, 432, 5, 24, 138, 3980 }, // U+00BC
    { 24, 24, 432, 4, 24, 144, 4118 }, // U+00BD
    { 26, 24, 432, 4, 24, 156, 4262 }, // U+00BE
    { 17, 24, 320, 2, 18, 102, 4418 }, // U+00BF
    { 22, 31, 384, 1, 31, 171, 4520 }, // U+00C0
    { 22, 31, 384, 1, 31, 171, 4691 }, // U+00C1
    { 22, 31, 384, 1, 31, 171, 4862 }, // U+00C2
    { 23, 31, 384, 1, 31, 179, 5033 }, // U+00C3
    { 22, 31, 384, 1, 31, 171, 5212 }, // U+00C4
    { 22, 31, 384, 1, 31, 171, 5383 }, // U+00C5
    { 34, 25, 512, 0, 25, 213, 5554 }, // U+00C6
    { 23, 32, 368, 2, 25, 184, 5767 }, // U+00C7
    { 23, 31, 352, 3, 31, 179, 5951 }, // U+00C8
    { 23, 31, 352, 3, 31, 179, 6130 }, // U+00C9
    { 23, 31, 352, 3, 31, 179, 6309 }, // U+00CA
    { 23, 31, 352, 3, 31, 179, 6488 }, // U+00CB
    { 11, 31, 144, 2, 31, 86, 6667 }, // U+00CC
    { 12, 31, 144, 2, 31, 93, 6753 }, // U+00CD
    { 14, 31, 144, 2, 31, 109, 6846 }, // U+00CE
    { 14, 31, 144, 2, 31, 109, 6955 }, // U+00CF
    { 24, 25, 368, 2, 25, 150, 7064 }, // U+00D0
    { 25, 31, 384, 2, 31, 194, 7214 }, // U+00D1
    { 24, 31, 400, 4, 31, 186, 7408 }, // U+00D2
    { 24, 31, 400, 4, 31, 186, 7594 }, // U+00D3
    { 24, 31, 400, 4, 31, 186, 7780 }, // U+00D4
    { 24, 31, 400, 4, 31, 186, 7966 }, // U+00D5
    { 24, 31, 400, 4, 31, 186, 8152 }, // U+00D6
    { 18, 15, 304, 3, 16, 68, 8338 }, // U+00D7
    { 30, 25, 400, 1, 25, 188, 8406 }, // U+00D8
    { 22, 31, 384, 5, 31, 171, 8594 }, // U+00D9
    { 22, 31, 384, 5, 31, 171, 8765 }, // U+00DA
    { 22, 31, 384, 5, 31, 171, 8936 }, // U+00DB
    { 22, 31, 384, 5, 31, 171, 9107 }, // U+00DC
    { 21, 31, 352, 6, 31, 163, 9278 }, // U+00DD
    { 21, 25, 352, 3, 25, 132, 9441 }, // U+00DE
    { 20, 25, 320, 2, 25, 125, 9573 }, // U+00DF
    { 17, 25, 288, 2, 25, 107, 9698 }, // U+00E0
    { 17, 25, 288, 2, 25, 107, 9805 }, // U+00E1
    { 17, 25, 288, 2, 25, 107, 9912 }, // U+00E2
    { 18, 24, 288, 2, 24, 108, 10019 }, // U+00E3
    { 17, 24, 288, 2, 24, 102, 10127 }, // U+00E4
    { 17, 25, 288, 2, 25, 107, 10229 }, // U+00E5
    { 29, 19, 464, 1, 19, 138, 10336 }, // U+00E6
    { 17, 25, 288, 3, 18, 107, 10474 }, // U+00E7
    { 17, 25, 288, 3, 25, 107, 10581 }, // U+00E8
    { 17, 25, 288, 3, 25, 107, 10688 }, // U+00E9
    { 17, 25, 288, 3, 25, 107, 10795 }, // U+00EA
    { 17, 24, 288, 3, 24, 102, 10902 }, // U+00EB
    { 9, 25, 144, 2, 25, 57, 11004 }, // U+00EC
    { 12, 25, 144, 2, 25, 75, 11061 }, // U+00ED
    { 13, 25, 144, 2, 25, 82, 11136 }, // U+00EE
    { 13, 24, 144, 2, 24, 78, 11218 }, // U+00EF
    { 18, 25, 320, 3, 25, 113, 11296 }, // U+00F0
    { 19, 24, 320, 2, 24, 114, 11409 }, // U+00F1
    { 18, 25, 320, 3, 25, 113, 11523 }, // U+00F2
    { 18, 25, 320, 3, 25, 113, 11636 }, // U+00F3
    { 18, 25, 320, 3, 25, 113, 11749 }, // U+00F4
    { 18, 24, 320, 3, 24, 108, 11862 }, // U+00F5
    { 18, 24, 320, 3, 24, 108, 11970 }, // U+00F6
    { 17, 16, 304, 3, 16, 68, 12078 }, // U+00F7
    { 23, 18, 320, 1, 18, 104, 12146 }, // U+00F8
    { 19, 25, 320, 3, 25, 119, 12250 }, // U+00F9
    { 19, 25, 320, 3, 25, 119, 12369 }, // U+00FA
    { 19, 25, 320, 3, 25, 119, 12488 }, // U+00FB
    { 19, 24, 320, 3, 24, 114, 12607 }, // U+00FC
    { 21, 31, 304, 1, 24, 163, 12721 }, // U+00FD
    { 20, 32, 320, 1, 25, 160, 12884 }, // U+00FE
    { 21, 32, 288, 1, 25, 168, 13044 }, // U+00FF
    { 22, 29, 384, 1, 29, 160, 0 }, // U+0100
    { 17, 22, 288, 2, 22, 94, 160 }, // U+0101
    { 22, 31, 384, 1, 31, 171, 254 }, // U+0102
    { 17, 24, 288, 2, 24, 102, 425 }, // U+0103
    { 22, 32, 384, 1, 25, 176, 527 }, // U+0104
    { 17, 25, 288, 2, 18, 107, 703 }, // U+0105
    { 23, 31, 384, 3, 31, 179, 810 }, // U+0106
    { 17, 24, 288, 3, 24, 102, 989 }, // U+0107
    { 23, 31, 384, 3, 31, 179, 1091 }, // U+0108
    { 17, 24, 288, 3, 24, 102, 1270 }, // U+0109
    { 23, 30, 384, 3, 30, 173, 1372 }, // U+010A
    { 17, 23, 288, 3, 23, 98, 1545 }, // U+010B
    { 23, 31, 384, 3, 31, 179, 1643 }, // U+010C
    { 17, 24, 288, 3, 24, 102, 1822 }, // U+010D
    { 23, 31, 384, 3, 31, 179, 1924 }, // U+010E
    { 28, 25, 448, 3, 25, 175, 2103 }, // U+010F
    { 24, 25, 368, 2, 25, 150, 2278 }, // U+0110
    { 20, 25, 320, 3, 25, 125, 2428 }, // U+0111
    { 23, 29, 352, 3, 29, 167, 2553 }, // U+0112
    { 17, 22, 288, 3, 22, 94, 2720 }, // U+0113
    { 23, 31, 352, 3, 31, 179, 2814 }, // U+0114
    { 17, 24, 288, 3, 24, 102, 2993 }, // U+0115
    { 23, 30, 352, 3, 30, 173, 3095 }, // U+0116
    { 17, 23, 288, 3, 23, 98, 3268 }, // U+0117
    { 23, 32, 352, 3, 25, 184, 3366 }, // U+0118
    { 17, 25, 288, 3, 18, 107, 3550 }, // U+0119
    { 23, 31, 352, 3, 31, 179, 3657 }, // U+011A
    { 17, 24, 288, 3, 24, 102, 3836 }, // U+011B
    { 25, 31, 400, 3, 31, 194, 3938 }, // U+011C
    { 21, 31, 320, 1, 24, 163, 4132 }, // U+011D
    { 25, 31, 400, 3, 31, 194, 4295 }, // U+011E
    { 21, 31, 320, 1, 24, 163, 4489 }, // U+011F
    { 25, 30, 400, 3, 30, 188, 4652 }, // U+0120
    { 21, 30, 320, 1, 23, 158, 4840 }, // U+0121
    { 25, 37, 400, 3, 25, 232, 4998 }, // U+0122
    { 21, 34, 320, 1, 27, 179, 5230 }, // U+0123
    { 25, 31, 384, 2, 31, 194, 5409 }, // U+0124
    { 19, 31, 320, 2, 31, 148, 5603 }, // U+0125
    { 25, 25, 384, 2, 25, 157, 5751 }, // U+0126
    { 19, 25, 320, 2, 25, 119, 5908 }, // U+0127
    { 13, 31, 144, 2, 31, 101, 6027 }, // U+0128
    { 12, 24, 144, 2, 24, 72, 6128 }, // U+0129
    { 11, 29, 144, 2, 29, 80, 6200 }, // U+012A
    { 10, 22, 144, 2, 22, 55, 6280 }, // U+012B
    { 11, 31, 144, 2, 31, 86, 6335 }, // U+012C
    { 10, 24, 144, 2, 24, 60, 6421 }, // U+012D
    { 10, 32, 144, 2, 25, 80, 6481 }, // U+012E
    { 10, 32, 144, 2, 25, 80, 6561 }, // U+012F
    { 10, 30, 144, 2, 30, 75, 6641 }, // U+0130
    { 9, 18, 144, 2, 18, 41, 6716 }, // U+0131
    { 28, 25, 432, 2, 25, 175, 6757 }, // U+0132
    { 19, 32, 288, 2, 25, 152, 6932 }, // U+0133
    { 19, 31, 288, 2, 31, 148, 7084 }, // U+0134
    { 13, 31, 144, -1, 24, 101, 7232 }, // U+0135
    { 25, 37, 384, 2, 25, 232, 7333 }, // U+0136
    { 19, 37, 288, 2, 25, 176, 7565 }, // U+0137
    { 19, 18, 288, 2, 18, 86, 7741 }, // U+0138
    { 17, 31, 320, 3, 31, 132, 7827 }, // U+0139
    { 11, 31, 144, 2, 31, 86, 7959 }, // U+013A
    { 17, 37, 320, 3, 25, 158, 8045 }, // U+013B
    { 11, 37, 144, 1, 25, 102, 8203 }, // U+013C
    { 28, 25, 448, 3, 25, 175, 8305 }, // U+013D
    { 19, 25, 288, 2, 25, 119, 8480 }, // U+013E
    { 25, 25, 448, 3, 25, 157, 8599 }, // U+013F
    { 16, 25, 288, 2, 25, 100, 8756 }, // U+0140
    { 19, 25, 320, 2, 25, 119, 8856 }, // U+0141
    { 10, 25, 144, 2, 25, 63, 8975 }, // U+0142
    { 25, 31, 384, 2, 31, 194, 9038 }, // U+0143
    { 19, 24, 320, 2, 24, 114, 9232 }, // U+0144
    { 25, 37, 384, 2, 25, 232, 9346 }, // U+0145
    { 19, 30, 320, 2, 18, 143, 9578 }, // U+0146
    { 25, 31, 384, 2, 31, 194, 9721 }, // U+0147
    { 19, 24, 320, 2, 24, 114, 9915 }, // U+0148
    { 24, 25, 464, 6, 25, 150, 10029 }, // U+0149
    { 25, 32, 384, 2, 25, 200, 10179 }, // U+014A
    { 19, 25, 320, 2, 18, 119, 10379 }, // U+014B
    { 25, 29, 400, 3, 29, 182, 10498 }, // U+014C
    { 18, 22, 320, 3, 22, 99, 10680 }, // U+014D
    { 25, 31, 400, 3, 31, 194, 10779 }, // U+014E
    { 18, 24, 320, 3, 24, 108, 10973 }, // U+014F
    { 25, 31, 400, 3, 31, 194, 11081 }, // U+0150
    { 18, 24, 320, 3, 24, 108, 11275 }, // U+0151
    { 34, 25, 512, 3, 25, 213, 11383 }, // U+0152
    { 30, 19, 496, 3, 19, 143, 11596 }, // U+0153
    { 23, 31, 384, 3, 31, 179, 11739 }, // U+0154
    { 14, 24, 208, 2, 24, 84, 11918 }, // U+0155
    { 23, 37, 384, 3, 25, 213, 12002 }, // U+0156
    { 14, 30, 208, 2, 18, 105, 12215 }, // U+0157
    { 23, 31, 384, 3, 31, 179, 12320 }, // U+0158
    { 14, 24, 208, 2, 24, 84, 12499 }, // U+0159
    { 22, 31, 352, 2, 31, 171, 12583 }, // U+015A
    { 17, 24, 288, 2, 24, 102, 12754 }, // U+015B
    { 22, 31, 352, 2, 31, 171, 12856 }, // U+015C
    { 17, 24, 288, 2, 24, 102, 13027 }, // U+015D
    { 22, 32, 352, 2, 25, 176, 13129 }, // U+015E
    { 17, 25, 288, 2, 18, 107, 13305 }, // U+015F
    { 22, 27, 352, 2, 27, 149, 13412 }, // U+0160
    { 17, 25, 288, 2, 25, 107, 13561 }, // U+0161
    { 20, 32, 320, 5, 25, 160, 13668 }, // U+0162
    { 10, 29, 176, 4, 22, 73, 13828 }, // U+0163
    { 20, 31, 320, 5, 31, 155, 13901 }, // U+0164
    { 18, 25, 304, 4, 25, 113, 14056 }, // U+0165
    { 20, 25, 320, 5, 25, 125, 14169 }, // U+0166
    { 10, 22, 176, 4, 22, 55, 14294 }, // U+0167
    { 22, 31, 384, 5, 31, 171, 14349 }, // U+0168
    { 19, 24, 320, 3, 24, 114, 14520 }, // U+0169
    { 22, 29, 384, 5, 29, 160, 14634 }, // U+016A
    { 19, 22, 320, 3, 22, 105, 14794 }, // U+016B
    { 22, 31, 384, 5, 31, 171, 14899 }, // U+016C
    { 19, 24, 320, 3, 24, 114, 15070 }, // U+016D
    { 22, 32, 384, 5, 32, 176, 15184 }, // U+016E
    { 19, 25, 320, 3, 25, 119, 15360 }, // U+016F
    { 22, 31, 384, 5, 31, 171, 15479 }, // U+0170
    { 19, 24, 320, 3, 24, 114, 15650 }, // U+0171
    { 22, 32, 384, 5, 25, 176, 15764 }, // U+0172
    { 19, 25, 320, 3, 18, 119, 15940 }, // U+0173
    { 30, 31, 496, 6, 31, 233, 16059 }, // U+0174
    { 25, 24, 400, 3, 24, 150, 16292 }, // U+0175
    { 20, 31, 352, 6, 31, 155, 16442 }, // U+0176
    { 21, 31, 288, 1, 24, 163, 16597 }, // U+0177
    { 20, 27, 352, 6, 27, 135, 16760 }, // U+0178
    { 23, 31, 320, 1, 31, 179, 16895 }, // U+0179
    { 18, 24, 256, 1, 24, 108, 17074 }, // U+017A
    { 23, 30, 320, 1, 30, 173, 17182 }, // U+017B
    { 18, 23, 256, 1, 23, 104, 17355 }, // U+017C
    { 23, 27, 320, 1, 27, 156, 17459 }, // U+017D
    { 18, 25, 256, 1, 25, 113, 17615 }, // U+017E
    { 8, 16, 128, 0, 14, 32, 17728 }, // U+017F
    { 28, 25, 400, 3, 25, 175, 0 }, // U+01A0
    { 22, 18, 320, 3, 18, 99, 175 }, // U+01A1
    { 26, 25, 384, 5, 25, 163, 274 }, // U+01AF
    { 23, 18, 320, 3, 18, 104, 437 }, // U+01B0
    { 8, 16, 128, 0, 14, 32, 541 }, // U+01C4
    { 8, 16, 128, 0, 14, 32, 573 }, // U+01C5
    { 8, 16, 128, 0, 14, 32, 605 }, // U+01C6
    { 8, 16, 128, 0, 14, 32, 637 }, // U+01C7
    { 8, 16, 128, 0, 14, 32, 669 }, // U+01C8
    { 8, 16, 128, 0, 14, 32, 701 }, // U+01C9
    { 8, 16, 128, 0, 14, 32, 733 }, // U+01CA
    { 8, 16, 128, 0, 14, 32, 765 }, // U+01CB
    { 8, 16, 128, 0, 14, 32, 797 }, // U+01CC
    { 22, 31, 384, 1, 31, 171, 829 }, // U+01CD
    { 17, 24, 288, 2, 24, 102, 1000 }, // U+01CE
    { 12, 31, 144, 2, 31, 93, 1102 }, // U+01CF
    { 11, 24, 144, 2, 24, 66, 1195 }, // U+01D0
    { 25, 31, 400, 3, 31, 194, 1261 }, // U+01D1
    { 18, 24, 320, 3, 24, 108, 1455 }, // U+01D2
    { 22, 31, 384, 5, 31, 171, 1563 }, // U+01D3
    { 19, 24, 320, 3, 24, 114, 1734 }, // U+01D4
    { 22, 35, 384, 5, 35, 193, 1848 }, // U+01D5
    { 19, 28, 320, 3, 28, 133, 2041 }, // U+01D6
    { 22, 37, 384, 5, 37, 204, 2174 }, // U+01D7
    { 19, 30, 320, 3, 30, 143, 2378 }, // U+01D8
    { 22, 37, 384, 5, 37, 204, 2521 }, // U+01D9
    { 19, 30, 320, 3, 30, 143, 2725 }, // U+01DA
    { 22, 37, 384, 5, 37, 204, 2868 }, // U+01DB
    { 19, 30, 320, 3, 30, 143, 3072 }, // U+01DC
    { 17, 18, 288, 3, 18, 77, 3215 }, // U+01DD
    { 22, 35, 384, 1, 35, 193, 3292 }, // U+01DE
    { 17, 28, 288, 2, 28, 119, 3485 }, // U+01DF
    { 22, 34, 384, 1, 34, 187, 3604 }, // U+01E0
    { 17, 27, 288, 2, 27, 115, 3791 }, // U+01E1
    { 34, 29, 512, 0, 29, 247, 3906 }, // U+01E2
    { 29, 23, 464, 1, 23, 167, 4153 }, // U+01E3
    { 27, 25, 400, 3, 25, 169, 4320 }, // U+01E4
    { 21, 25, 320, 1, 18, 132, 4489 }, // U+01E5
    { 25, 31, 400, 3, 31, 194, 4621 }, // U+01E6
    { 21, 31, 320, 1, 24, 163, 4815 }, // U+01E7
    { 25, 31, 384, 2, 31, 194, 4978 }, // U+01E8
    { 19, 31, 288, 2, 31, 148, 5172 }, // U+01E9
    { 25, 32, 400, 3, 25, 200, 5320 }, // U+01EA
    { 18, 25, 320, 3, 18, 113, 5520 }, // U+01EB
    { 25, 36, 400, 3, 29, 225, 5633 }, // U+01EC
    { 18, 29, 320, 3, 22, 131, 5858 }, // U+01ED
    { 8, 16, 128, 0, 14, 32, 5989 }, // U+01EE
    { 8, 16, 128, 0, 14, 32, 6021 }, // U+01EF
    { 13, 31, 144, -1, 24, 101, 6053 }, // U+01F0
    { 8, 16, 128, 0, 14, 32, 6154 }, // U+01F1
    { 8, 16, 128, 0, 14, 32, 6186 }, // U+01F2
    { 8, 16, 128, 0, 14, 32, 6218 }, // U+01F3
    { 25, 31, 400, 3, 31, 194, 6250 }, // U+01F4
    { 21, 31, 320, 1, 24, 163, 6444 }, // U+01F5
    { 8, 16, 128, 0, 14, 32, 6607 }, // U+01F6
    { 8, 16, 128, 0, 14, 32, 6639 }, // U+01F7
    { 25, 31, 384, 2, 31, 194, 6671 }, // U+01F8
    { 19, 24, 320, 2, 24, 114, 6865 }, // U+01F9
    { 22, 37, 384, 1, 37, 204, 6979 }, // U+01FA
    { 17, 31, 288, 2, 31, 132, 7183 }, // U+01FB
    { 34, 31, 512, 0, 31, 264, 7315 }, // U+01FC
    { 29, 25, 464, 1, 25, 182, 7579 }, // U+01FD
    { 30, 31, 400, 1, 31, 233, 7761 }, // U+01FE
    { 23, 24, 320, 1, 24, 138, 7994 }, // U+01FF
    { 8, 16, 128, 0, 14, 32, 8132 }, // U+0200
    { 8, 16, 128, 0, 14, 32, 8164 }, // U+0201
    { 8, 16, 128, 0, 14, 32, 8196 }, // U+0202
    { 8, 16, 128, 0, 14, 32, 8228 }, // U+0203
    { 8, 16, 128, 0, 14, 32, 8260 }, // U+0204
    { 8, 16, 128, 0, 14, 32, 8292 }, // U+0205
    { 8, 16, 128, 0, 14, 32, 8324 }, // U+0206
    { 8, 16, 128, 0, 14, 32, 8356 }, // U+0207
    { 8, 16, 128, 0, 14, 32, 8388 }, // U+0208
    { 8, 16, 128, 0, 14, 32, 8420 }, // U+0209
    { 8, 16, 128, 0, 14, 32, 8452 }, // U+020A
    { 8, 16, 128, 0, 14, 32, 8484 }, // U+020B
    { 8, 16, 128, 0, 14, 32, 8516 }, // U+020C
    { 8, 16, 128, 0, 14, 32, 8548 }, // U+020D
    { 8, 16, 128, 0, 14, 32, 8580 }, // U+020E
    { 8, 16, 128, 0, 14, 32, 8612 }, // U+020F
    { 8, 16, 128, 0, 14, 32, 8644 }, // U+0210
    { 8, 16, 128, 0, 14, 32, 8676 }, // U+0211
    { 8, 16, 128, 0, 14, 32, 8708 }, // U+0212
    { 8, 16, 128, 0, 14, 32, 8740 }, // U+0213
    { 8, 16, 128, 0, 14, 32, 8772 }, // U+0214
    { 8, 16, 128, 0, 14, 32, 8804 }, // U+0215
    { 8, 16, 128, 0, 14, 32, 8836 }, // U+0216
    { 8, 16, 128, 0, 14, 32, 8868 }, // U+0217
    { 22, 37, 352, 2, 25, 204, 8900 }, // U+0218
    { 17, 30, 288, 2, 18, 128, 9104 }, // U+0219
    { 20, 37, 320, 5, 25, 185, 9232 }, // U+021A
    { 11, 34, 176, 3, 22, 94, 9417 }, // U+021B
    { 8, 16, 128, 0, 14, 32, 9511 }, // U+021C
    { 8, 16, 128, 0, 14, 32, 9543 }, // U+021D
    { 25, 31, 384, 2, 31, 194, 9575 }, // U+021E
    { 19, 31, 320, 2, 31, 148, 9769 }, // U+021F
    { 8, 16, 128, 0, 14, 32, 0 }, // U+0300
    { 8, 16, 128, 0, 14, 32, 32 }, // U+0301
    { 8, 16, 128, 0, 14, 32, 64 }, // U+0302
    { 8, 16, 128, 0, 14, 32, 96 }, // U+0303
    { 8, 16, 128, 0, 14, 32, 128 }, // U+0304
    { 8, 16, 128, 0, 14, 32, 160 }, // U+0305
    { 8, 16, 128, 0, 14, 32, 192 }, // U+0306
    { 8, 16, 128, 0, 14, 32, 224 }, // U+0307
    { 8, 16, 128, 0, 14, 32, 256 }, // U+0308
    { 8, 16, 128, 0, 14, 32, 288 }, // U+0309
    { 8, 16, 128, 0, 14, 32, 320 }, // U+030A
    { 8, 16, 128, 0, 14, 32, 352 }, // U+030B
    { 8, 16, 128, 0, 14, 32, 384 }, // U+030C
    { 8, 16, 128, 0, 14, 32, 416 }, // U+030D
    { 8, 16, 128, 0, 14, 32, 448 }, // U+030E
    { 8, 16, 128, 0, 14, 32, 480 }, // U+030F
    { 8, 16, 128, 0, 14, 32, 512 }, // U+0310
    { 8, 16, 128, 0, 14, 32, 544 }, // U+0311
    { 8, 16, 128, 0, 14, 32, 576 }, // U+0312
    { 8, 16, 128, 0, 14, 32, 608 }, // U+0313
    { 8, 16, 128, 0, 14, 32, 640 }, // U+0314
    { 8, 16, 128, 0, 14, 32, 672 }, // U+0315
    { 8, 16, 128, 0, 14, 32, 704 }, // U+0316
    { 8, 16, 128, 0, 14, 32, 736 }, // U+0317
    { 8, 16, 128, 0, 14, 32, 768 }, // U+0318
    { 8, 16, 128, 0, 14, 32, 800 }, // U+0319
    { 8, 16, 128, 0, 14, 32, 832 }, // U+031A
    { 8, 16, 128, 0, 14, 32, 864 }, // U+031B
    { 8, 16, 128, 0, 14, 32, 896 }, // U+031C
    { 8, 16, 128, 0, 14, 32, 928 }, // U+031D
    { 8, 16, 128, 0, 14, 32, 960 }, // U+031E
    { 8, 16, 128, 0, 14, 32, 992 }, // U+031F
    { 8, 16, 128, 0, 14, 32, 1024 }, // U+0320
    { 8, 16, 128, 0, 14, 32, 1056 }, // U+0321
    { 8, 16, 128, 0, 14, 32, 1088 }, // U+0322
    { 8, 16, 128, 0, 14, 32, 1120 }, // U+0323
    { 8, 16, 128, 0, 14, 32, 1152 }, // U+0324
    { 8, 16, 128, 0, 14, 32, 1184 }, // U+0325
    { 8, 16, 128, 0, 14, 32, 1216 }, // U+0326
    { 8, 16, 128, 0, 14, 32, 1248 }, // U+0327
    { 8, 16, 128, 0, 14, 32, 1280 }, // U+0328
    { 8, 16, 128, 0, 14, 32, 1312 }, // U+0329
    { 8, 16, 128, 0, 14, 32, 1344 }, // U+032A
    { 8, 16, 128, 0, 14, 32, 1376 }, // U+032B
    { 8, 16, 128, 0, 14, 32, 1408 }, // U+032C
    { 8, 16, 128, 0, 14, 32, 1440 }, // U+032D
    { 8, 16, 128, 0, 14, 32, 1472 }, // U+032E
    { 8, 16, 128, 0, 14, 32, 1504 }, // U+032F
    { 8, 16, 128, 0, 14, 32, 1536 }, // U+0330
    { 8, 16, 128, 0, 14, 32, 1568 }, // U+0331
    { 8, 16, 128, 0, 14, 32, 1600 }, // U+0332
    { 8, 16, 128, 0, 14, 32, 1632 }, // U+0333
    { 8, 16, 128, 0, 14, 32, 1664 }, // U+0334
    { 8, 16, 128, 0, 14, 32, 1696 }, // U+0335
    { 8, 16, 128, 0, 14, 32, 1728 }, // U+0336
    { 8, 16, 128, 0, 14, 32, 1760 }, // U+0337
    { 8, 16, 128, 0, 14, 32, 1792 }, // U+0338
    { 8, 16, 128, 0, 14, 32, 1824 }, // U+0339
    { 8, 16, 128, 0, 14, 32, 1856 }, // U+033A
    { 8, 16, 128, 0, 14, 32, 1888 }, // U+033B
    { 8, 16, 128, 0, 14, 32, 1920 }, // U+033C
    { 8, 16, 128, 0, 14, 32, 1952 }, // U+033D
    { 8, 16, 128, 0, 14, 32, 1984 }, // U+033E
    { 8, 16, 128, 0, 14, 32, 2016 }, // U+033F
    { 8, 16, 128, 0, 14, 32, 2048 }, // U+0340
    { 8, 16, 128, 0, 14, 32, 2080 }, // U+0341
    { 8, 16, 128, 0, 14, 32, 2112 }, // U+0342
    { 8, 16, 128, 0, 14, 32, 2144 }, // U+0343
    { 8, 16, 128, 0, 14, 32, 2176 }, // U+0344
    { 8, 16, 128, 0, 14, 32, 2208 }, // U+0345
    { 8, 16, 128, 0, 14, 32, 2240 }, // U+0346
    { 8, 16, 128, 0, 14, 32, 2272 }, // U+0347
    { 8, 16, 128, 0, 14, 32, 2304 }, // U+0348
    { 8, 16, 128, 0, 14, 32, 2336 }, // U+0349
    { 8, 16, 128, 0, 14, 32, 2368 }, // U+034A
    { 8, 16, 128, 0, 14, 32, 2400 }, // U+034B
    { 8, 16, 128, 0, 14, 32, 2432 }, // U+034C
    { 8, 16, 128, 0, 14, 32, 2464 }, // U+034D
    { 8, 16, 128, 0, 14, 32, 2496 }, // U+034E
    { 16, 16, 256, 0, 14, 64, 2528 }, // U+034F
    { 8, 16, 128, 0, 14, 32, 2592 }, // U+0350
    { 8, 16, 128, 0, 14, 32, 2624 }, // U+0351
    { 8, 16, 128, 0, 14, 32, 2656 }, // U+0352
    { 8, 16, 128, 0, 14, 32, 2688 }, // U+0353
    { 8, 16, 128, 0, 14, 32, 2720 }, // U+0354
    { 8, 16, 128, 0, 14, 32, 2752 }, // U+0355
    { 8, 16, 128, 0, 14, 32, 2784 }, // U+0356
    { 8, 16, 128, 0, 14, 32, 2816 }, // U+0357
    { 8, 16, 128, 0, 14, 32, 2848 }, // U+0358
    { 8, 16, 128, 0, 14, 32, 2880 }, // U+0359
    { 8, 16, 128, 0, 14, 32, 2912 }, // U+035A
    { 8, 16, 128, 0, 14, 32, 2944 }, // U+035B
    { 16, 16, 256, 0, 14, 64, 2976 }, // U+035C
    { 16, 16, 256, 0, 14, 64, 3040 }, // U+035D
    { 16, 16, 256, 0, 14, 64, 3104 }, // U+035E
    { 16, 16, 256, 0, 14, 64, 3168 }, // U+035F
    { 16, 16, 256, 0, 14, 64, 3232 }, // U+0360
    { 16, 16, 256, 0, 14, 64, 3296 }, // U+0361
    { 16, 16, 256, 0, 14, 64, 3360 }, // U+0362
    { 8, 16, 128, 0, 14, 32, 3424 }, // U+0363
    { 8, 16, 128, 0, 14, 32, 3456 }, // U+0364
    { 8, 16, 128, 0, 14, 32, 3488 }, // U+0365
    { 8, 16, 128, 0, 14, 32, 3520 }, // U+0366
    { 8, 16, 128, 0, 14, 32, 3552 }, // U+0367
    { 8, 16, 128, 0, 14, 32, 3584 }, // U+0368
    { 8, 16, 128, 0, 14, 32, 3616 }, // U+0369
    { 8, 16, 128, 0, 14, 32, 3648 }, // U+036A
    { 8, 16, 128, 0, 14, 32, 3680 }, // U+036B
    { 8, 16, 128, 0, 14, 32, 3712 }, // U+036C
    { 8, 16, 128, 0, 14, 32, 3744 }, // U+036D
    { 8, 16, 128, 0, 14, 32, 3776 }, // U+036E
    { 8, 16, 128, 0, 14, 32, 3808 }, // U+036F
    { 8, 16, 128, 0, 14, 32, 0 }, // U+0400
    { 8, 16, 128, 0, 14, 32, 32 }, // U+0401
    { 8, 16, 128, 0, 14, 32, 64 }, // U+0402
    { 8, 16, 128, 0, 14, 32, 96 }, // U+0403
    { 8, 16, 128, 0, 14, 32, 128 }, // U+0404
    { 8, 16, 128, 0, 14, 32, 160 }, // U+0405
    { 8, 16, 128, 0, 14, 32, 192 }, // U+0406
    { 8, 16, 128, 0, 14, 32, 224 }, // U+0407
    { 8, 16, 128, 0, 14, 32, 256 }, // U+0408
    { 8, 16, 128, 0, 14, 32, 288 }, // U+0409
    { 8, 16, 128, 0, 14, 32, 320 }, // U+040A
    { 8, 16, 128, 0, 14, 32, 352 }, // U+040B
    { 8, 16, 128, 0, 14, 32, 384 }, // U+040C
    { 8, 16, 128, 0, 14, 32, 416 }, // U+040D
    { 8, 16, 128, 0, 14, 32, 448 }, // U+040E
    { 8, 16, 128, 0, 14, 32, 480 }, // U+040F
    { 8, 16, 128, 0, 14, 32, 512 }, // U+0410
    { 8, 16, 128, 0, 14, 32, 544 }, // U+0411
    { 8, 16, 128, 0, 14, 32, 576 }, // U+0412
    { 8, 16, 128, 0, 14, 32, 608 }, // U+0413
    { 8, 16, 128, 0, 14, 32, 640 }, // U+0414
    { 8, 16, 128, 0, 14, 32, 672 }, // U+0415
    { 8, 16, 128, 0, 14, 32, 704 }, // U+0416
    { 8, 16, 128, 0, 14, 32, 736 }, // U+0417
    { 8, 16, 128, 0, 14, 32, 768 }, // U+0418
    { 8, 16, 128, 0, 14, 32, 800 }, // U+0419
    { 8, 16, 128, 0, 14, 32, 832 }, // U+041A
    { 8, 16, 128, 0, 14, 32, 864 }, // U+041B
    { 8, 16, 128, 0, 14, 32, 896 }, // U+041C
    { 8, 16, 128, 0, 14, 32, 928 }, // U+041D
    { 8, 16, 128, 0, 14, 32, 960 }, // U+041E
    { 8, 16, 128, 0, 14, 32, 992 }, // U+041F
    { 8, 16, 128, 0, 14, 32, 1024 }, // U+0420
    { 8, 16, 128, 0, 14, 32, 1056 }, // U+0421
    { 8, 16, 128, 0, 14, 32, 1088 }, // U+0422
    { 8, 16, 128, 0, 14, 32, 1120 }, // U+0423
    { 8, 16, 128, 0, 14, 32, 1152 }, // U+0424
    { 8, 16, 128, 0, 14, 32, 1184 }, // U+0425
    { 8, 16, 128, 0, 14, 32, 1216 }, // U+0426
    { 8, 16, 128, 0, 14, 32, 1248 }, // U+0427
    { 8, 16, 128, 0, 14, 32, 1280 }, // U+0428
    { 8, 16, 128, 0, 14, 32, 1312 }, // U+0429
    { 8, 16, 128, 0, 14, 32, 1344 }, // U+042A
    { 8, 16, 128, 0, 14, 32, 1376 }, // U+042B
    { 8, 16, 128, 0, 14, 32, 1408 }, // U+042C
    { 8, 16, 128, 0, 14, 32, 1440 }, // U+042D
    { 8, 16, 128, 0, 14, 32, 1472 }, // U+042E
    { 8, 16, 128, 0, 14, 32, 1504 }, // U+042F
    { 8, 16, 128, 0, 14, 32, 1536 }, // U+0430
    { 8, 16, 128, 0, 14, 32, 1568 }, // U+0431
    { 8, 16, 128, 0, 14, 32, 1600 }, // U+0432
    { 8, 16, 128, 0, 14, 32, 1632 }, // U+0433
    { 8, 16, 128, 0, 14, 32, 1664 }, // U+0434
    { 8, 16, 128, 0, 14, 32, 1696 }, // U+0435
    { 8, 16, 128, 0, 14, 32, 1728 }, // U+0436
    { 8, 16, 128, 0, 14, 32, 1760 }, // U+0437
    { 8, 16, 128, 0, 14, 32, 1792 }, // U+0438
    { 8, 16, 128, 0, 14, 32, 1824 }, // U+0439
    { 8, 16, 128, 0, 14, 32, 1856 }, // U+043A
    { 8, 16, 128, 0, 14, 32, 1888 }, // U+043B
    { 8, 16, 128, 0, 14, 32, 1920 }, // U+043C
    { 8, 16, 128, 0, 14, 32, 1952 }, // U+043D
    { 8, 16, 128, 0, 14, 32, 1984 }, // U+043E
    { 8, 16, 128, 0, 14, 32, 2016 }, // U+043F
    { 8, 16, 128, 0, 14, 32, 2048 }, // U+0440
    { 8, 16, 128, 0, 14, 32, 2080 }, // U+0441
    { 8, 16, 128, 0, 14, 32, 2112 }, // U+0442
    { 8, 16, 128, 0, 14, 32, 2144 }, // U+0443
    { 8, 16, 128, 0, 14, 32, 2176 }, // U+0444
    { 8, 16, 128, 0, 14, 32, 2208 }, // U+0445
    { 8, 16, 128, 0, 14, 32, 2240 }, // U+0446
    { 8, 16, 128, 0, 14, 32, 2272 }, // U+0447
    { 8, 16, 128, 0, 14, 32, 2304 }, // U+0448
    { 8, 16, 128, 0, 14, 32, 2336 }, // U+0449
    { 8, 16, 128, 0, 14, 32, 2368 }, // U+044A
    { 8, 16, 128, 0, 14, 32, 2400 }, // U+044B
    { 8, 16, 128, 0, 14, 32, 2432 }, // U+044C
    { 8, 16, 128, 0, 14, 32, 2464 }, // U+044D
    { 8, 16, 128, 0, 14, 32, 2496 }, // U+044E
    { 8, 16, 128, 0, 14, 32, 2528 }, // U+044F
    { 8, 16, 128, 0, 14, 32, 2560 }, // U+0450
    { 8, 16, 128, 0, 14, 32, 2592 }, // U+0451
    { 8, 16, 128, 0, 14, 32, 2624 }, // U+0452
    { 8, 16, 128, 0, 14, 32, 2656 }, // U+0453
    { 8, 16, 128, 0, 14, 32, 2688 }, // U+0454
    { 8, 16, 128, 0, 14, 32, 2720 }, // U+0455
    { 8, 16, 128, 0, 14, 32, 2752 }, // U+0456
    { 8, 16, 128, 0, 14, 32, 2784 }, // U+0457
    { 8, 16, 128, 0, 14, 32, 2816 }, // U+0458
    { 8, 16, 128, 0, 14, 32, 2848 }, // U+0459
    { 8, 16, 128, 0, 14, 32, 2880 }, // U+045A
    { 8, 16, 128, 0, 14, 32, 2912 }, // U+045B
    { 8, 16, 128, 0, 14, 32, 2944 }, // U+045C
    { 8, 16, 128, 0, 14, 32, 2976 }, // U+045D
    { 8, 16, 128, 0, 14, 32, 3008 }, // U+045E
    { 8, 16, 128, 0, 14, 32, 3040 }, // U+045F
    { 8, 16, 128, 0, 14, 32, 3072 }, // U+0460
    { 8, 16, 128, 0, 14, 32, 3104 }, // U+0461
    { 8, 16, 128, 0, 14, 32, 3136 }, // U+0462
    { 8, 16, 128, 0, 14, 32, 3168 }, // U+0463
    { 8, 16, 128, 0, 14, 32, 3200 }, // U+0464
    { 8, 16, 128, 0, 14, 32, 3232 }, // U+0465
    { 8, 16, 128, 0, 14, 32, 3264 }, // U+0466
    { 8, 16, 128, 0, 14, 32, 3296 }, // U+0467
    { 8, 16, 128, 0, 14, 32, 3328 }, // U+0468
    { 8, 16, 128, 0, 14, 32, 3360 }, // U+0469
    { 8, 16, 128, 0, 14, 32, 3392 }, // U+046A
    { 8, 16, 128, 0, 14, 32, 3424 }, // U+046B
    { 8, 16, 128, 0, 14, 32, 3456 }, // U+046C
    { 8, 16, 128, 0, 14, 32, 3488 }, // U+046D
    { 8, 16, 128, 0, 14, 32, 3520 }, // U+046E
    { 8, 16, 128, 0, 14, 32, 3552 }, // U+046F
    { 8, 16, 128, 0, 14, 32, 3584 }, // U+0470
    { 8, 16, 128, 0, 14, 32, 3616 }, // U+0471
    { 8, 16, 128, 0, 14, 32, 3648 }, // U+0472
    { 8, 16, 128, 0, 14, 32, 3680 }, // U+0473
    { 8, 16, 128, 0, 14, 32, 3712 }, // U+0474
    { 8, 16, 128, 0, 14, 32, 3744 }, // U+0475
    { 8, 16, 128, 0, 14, 32, 3776 }, // U+0476
    { 8, 16, 128, 0, 14, 32, 3808 }, // U+0477
    { 8, 16, 128, 0, 14, 32, 3840 }, // U+0478
    { 8, 16, 128, 0, 14, 32, 3872 }, // U+0479
    { 8, 16, 128, 0, 14, 32, 3904 }, // U+047A
    { 8, 16, 128, 0, 14, 32, 3936 }, // U+047B
    { 8, 16, 128, 0, 14, 32, 3968 }, // U+047C
    { 8, 16, 128, 0, 14, 32, 4000 }, // U+047D
    { 8, 16, 128, 0, 14, 32, 4032 }, // U+047E
    { 8, 16, 128, 0, 14, 32, 4064 }, // U+047F
    { 8, 16, 128, 0, 14, 32, 4096 }, // U+0480
    { 8, 16, 128, 0, 14, 32, 4128 }, // U+0481
    { 8, 16, 128, 0, 14, 32, 4160 }, // U+0482
    { 8, 16, 128, 0, 14, 32, 4192 }, // U+0483
    { 8, 16, 128, 0, 14, 32, 4224 }, // U+0484
    { 8, 16, 128, 0, 14, 32, 4256 }, // U+0485
    { 8, 16, 128, 0, 14, 32, 4288 }, // U+0486
    { 8, 16, 128, 0, 14, 32, 4320 }, // U+0487
    { 16, 16, 256, 0, 14, 64, 4352 }, // U+0488
    { 16, 16, 256, 0, 14, 64, 4416 }, // U+0489
    { 8, 16, 128, 0, 14, 32, 4480 }, // U+048A
    { 8, 16, 128, 0, 14, 32, 4512 }, // U+048B
    { 8, 16, 128, 0, 14, 32, 4544 }, // U+048C
    { 8, 16, 128, 0, 14, 32, 4576 }, // U+048D
    { 8, 16, 128, 0, 14, 32, 4608 }, // U+048E
    { 8, 16, 128, 0, 14, 32, 4640 }, // U+048F
    { 8, 16, 128, 0, 14, 32, 4672 }, // U+0490
    { 8, 16, 128, 0, 14, 32, 4704 }, // U+0491
    { 8, 16, 128, 0, 14, 32, 4736 }, // U+0492
    { 8, 16, 128, 0, 14, 32, 4768 }, // U+0493
    { 8, 16, 128, 0, 14, 32, 4800 }, // U+0494
    { 8, 16, 128, 0, 14, 32, 4832 }, // U+0495
    { 8, 16, 128, 0, 14, 32, 4864 }, // U+0496
    { 8, 16, 128, 0, 14, 32, 4896 }, // U+0497
    { 8, 16, 128, 0, 14, 32, 4928 }, // U+0498
    { 8, 16, 128, 0, 14, 32, 4960 }, // U+0499
    { 8, 16, 128, 0, 14, 32, 4992 }, // U+049A
    { 8, 16, 128, 0, 14, 32, 5024 }, // U+049B
    { 8, 16, 128, 0, 14, 32, 5056 }, // U+049C
    { 8, 16, 128, 0, 14, 32, 5088 }, // U+049D
    { 8, 16, 128, 0, 14, 32, 5120 }, // U+049E
    { 8, 16, 128, 0, 14, 32, 5152 }, // U+049F
    { 8, 16, 128, 0, 14, 32, 5184 }, // U+04A0
    { 8, 16, 128, 0, 14, 32, 5216 }, // U+04A1
    { 8, 16, 128, 0, 14, 32, 5248 }, // U+04A2
    { 8, 16, 128, 0, 14, 32, 5280 }, // U+04A3
    { 8, 16, 128, 0, 14, 32, 5312 }, // U+04A4
    { 8, 16, 128, 0, 14, 32, 5344 }, // U+04A5
    { 8, 16, 128, 0, 14, 32, 5376 }, // U+04A6
    { 8, 16, 128, 0, 14, 32, 5408 }, // U+04A7
    { 8, 16, 128, 0, 14, 32, 5440 }, // U+04A8
    { 8, 16, 128, 0, 14, 32, 5472 }, // U+04A9
    { 8, 16, 128, 0, 14, 32, 5504 }, // U+04AA
    { 8, 16, 128, 0, 14, 32, 5536 }, // U+04AB
    { 8, 16, 128, 0, 14, 32, 5568 }, // U+04AC
    { 8, 16, 128, 0, 14, 32, 5600 }, // U+04AD
    { 8, 16, 128, 0, 14, 32, 5632 }, // U+04AE
    { 8, 16, 128, 0, 14, 32, 5664 }, // U+04AF
    { 8, 16, 128, 0, 14, 32, 5696 }, // U+04B0
    { 8, 16, 128, 0, 14, 32, 5728 }, // U+04B1
    { 8, 16, 128, 0, 14, 32, 5760 }, // U+04B2
    { 8, 16, 128, 0, 14, 32, 5792 }, // U+04B3
    { 8, 16, 128, 0, 14, 32, 5824 }, // U+04B4
    { 8, 16, 128, 0, 14, 32, 5856 }, // U+04B5
    { 8, 16, 128, 0, 14, 32, 5888 }, // U+04B6
    { 8, 16, 128, 0, 14, 32, 5920 }, // U+04B7
    { 8, 16, 128, 0, 14, 32, 5952 }, // U+04B8
    { 8, 16, 128, 0, 14, 32, 5984 }, // U+04B9
    { 8, 16, 128, 0, 14, 32, 6016 }, // U+04BA
    { 8, 16, 128, 0, 14, 32, 6048 }, // U+04BB
    { 8, 16, 128, 0, 14, 32, 6080 }, // U+04BC
    { 8, 16, 128, 0, 14, 32, 6112 }, // U+04BD
    { 8, 16, 128, 0, 14, 32, 6144 }, // U+04BE
    { 8, 16, 128, 0, 14, 32, 6176 }, // U+04BF
    { 8, 16, 128, 0, 14, 32, 6208 }, // U+04C0
    { 8, 16, 128, 0, 14, 32, 6240 }, // U+04C1
    { 8, 16, 128, 0, 14, 32, 6272 }, // U+04C2
    { 8, 16, 128, 0, 14, 32, 6304 }, // U+04C3
    { 8, 16, 128, 0, 14, 32, 6336 }, // U+04C4
    { 8, 16, 128, 0, 14, 32, 6368 }, // U+04C5
    { 8, 16, 128, 0, 14, 32, 6400 }, // U+04C6
    { 8, 16, 128, 0, 14, 32, 6432 }, // U+04C7
    { 8, 16, 128, 0, 14, 32, 6464 }, // U+04C8
    { 8, 16, 128, 0, 14, 32, 6496 }, // U+04C9
    { 8, 16, 128, 0, 14, 32, 6528 }, // U+04CA
    { 8, 16, 128, 0, 14, 32, 6560 }, // U+04CB
    { 8, 16, 128, 0, 14, 32, 6592 }, // U+04CC
    { 8, 16, 128, 0, 14, 32, 6624 }, // U+04CD
    { 8, 16, 128, 0, 14, 32, 6656 }, // U+04CE
    { 8, 16, 128, 0, 14, 32, 6688 }, // U+04CF
    { 8, 16, 128, 0, 14, 32, 6720 }, // U+04D0
    { 8, 16, 128, 0, 14, 32, 6752 }, // U+04D1
    { 8, 16, 128, 0, 14, 32, 6784 }, // U+04D2
    { 8, 16, 128, 0, 14, 32, 6816 }, // U+04D3
    { 8, 16, 128, 0, 14, 32, 6848 }, // U+04D4
    { 8, 16, 128, 0, 14, 32, 6880 }, // U+04D5
    { 8, 16, 128, 0, 14, 32, 6912 }, // U+04D6
    { 8, 16, 128, 0, 14, 32, 6944 }, // U+04D7
    { 8, 16, 128, 0, 14, 32, 6976 }, // U+04D8
    { 8, 16, 128, 0, 14, 32, 7008 }, // U+04D9
    { 8, 16, 128, 0, 14, 32, 7040 }, // U+04DA
    { 8, 16, 128, 0, 14, 32, 7072 }, // U+04DB
    { 8, 16, 128, 0, 14, 32, 7104 }, // U+04DC
    { 8, 16, 128, 0, 14, 32, 7136 }, // U+04DD
    { 8, 16, 128, 0, 14, 32, 7168 }, // U+04DE
    { 8, 16, 128, 0, 14, 32, 7200 }, // U+04DF
    { 8, 16, 128, 0, 14, 32, 7232 }, // U+04E0
    { 8, 16, 128, 0, 14, 32, 7264 }, // U+04E1
    { 8, 16, 128, 0, 14, 32, 7296 }, // U+04E2
    { 8, 16, 128, 0, 14, 32, 7328 }, // U+04E3
    { 8, 16, 128, 0, 14, 32, 7360 }, // U+04E4
    { 8, 16, 128, 0, 14, 32, 7392 }, // U+04E5
    { 8, 16, 128, 0, 14, 32, 7424 }, // U+04E6
    { 8, 16, 128, 0, 14, 32, 7456 }, // U+04E7
    { 8, 16, 128, 0, 14, 32, 7488 }, // U+04E8
    { 8, 16, 128, 0, 14, 32, 7520 }, // U+04E9
    { 8, 16, 128, 0, 14, 32, 7552 }, // U+04EA
    { 8, 16, 128, 0, 14, 32, 7584 }, // U+04EB
    { 8, 16, 128, 0, 14, 32, 7616 }, // U+04EC
    { 8, 16, 128, 0, 14, 32, 7648 }, // U+04ED
    { 8, 16, 128, 0, 14, 32, 7680 }, // U+04EE
    { 8, 16, 128, 0, 14, 32, 7712 }, // U+04EF
    { 8, 16, 128, 0, 14, 32, 7744 }, // U+04F0
    { 8, 16, 128, 0, 14, 32, 7776 }, // U+04F1
    { 8, 16, 128, 0, 14, 32, 7808 }, // U+04F2
    { 8, 16, 128, 0, 14, 32, 7840 }, // U+04F3
    { 8, 16, 128, 0, 14, 32, 7872 }, // U+04F4
    { 8, 16, 128, 0, 14, 32, 7904 }, // U+04F5
    { 8, 16, 128, 0, 14, 32, 7936 }, // U+04F6
    { 8, 16, 128, 0, 14, 32, 7968 }, // U+04F7
    { 8, 16, 128, 0, 14, 32, 8000 }, // U+04F8
    { 8, 16, 128, 0, 14, 32, 8032 }, // U+04F9
    { 8, 16, 128, 0, 14, 32, 8064 }, // U+04FA
    { 8, 16, 128, 0, 14, 32, 8096 }, // U+04FB
    { 8, 16, 128, 0, 14, 32, 8128 }, // U+04FC
    { 8, 16, 128, 0, 14, 32, 8160 }, // U+04FD
    { 8, 16, 128, 0, 14, 32, 8192 }, // U+04FE
    { 8, 16, 128, 0, 14, 32, 8224 }, // U+04FF
    { 23, 30, 384, 3, 25, 173, 0 }, // U+1E0C
    { 20, 30, 320, 3, 25, 150, 173 }, // U+1E0D
    { 25, 30, 384, 2, 25, 188, 323 }, // U+1E24
    { 19, 30, 320, 2, 25, 143, 511 }, // U+1E25
    { 17, 30, 320, 3, 25, 128, 654 }, // U+1E36
    { 10, 30, 144, 2, 25, 75, 782 }, // U+1E37
    { 17, 34, 320, 3, 29, 145, 857 }, // U+1E38
    { 11, 34, 144, 2, 29, 94, 1002 }, // U+1E39
    { 17, 29, 320, 3, 25, 124, 1096 }, // U+1E3A
    { 11, 29, 144, 1, 25, 80, 1220 }, // U+1E3B
    { 28, 30, 432, 2, 30, 210, 1300 }, // U+1E40
    { 28, 23, 464, 2, 23, 161, 1510 }, // U+1E41
    { 28, 30, 432, 2, 25, 210, 1671 }, // U+1E42
    { 28, 23, 464, 2, 18, 161, 1881 }, // U+1E43
    { 25, 30, 384, 2, 30, 188, 2042 }, // U+1E44
    { 19, 23, 320, 2, 23, 110, 2230 }, // U+1E45
    { 25, 30, 384, 2, 25, 188, 2340 }, // U+1E46
    { 19, 23, 320, 2, 18, 110, 2528 }, // U+1E47
    { 25, 29, 384, 2, 25, 182, 2638 }, // U+1E48
    { 19, 22, 320, 2, 18, 105, 2820 }, // U+1E49
    { 23, 30, 384, 3, 25, 173, 2925 }, // U+1E5A
    { 14, 23, 208, 2, 18, 81, 3098 }, // U+1E5B
    { 23, 34, 384, 3, 29, 196, 3179 }, // U+1E5C
    { 14, 27, 208, 2, 22, 95, 3375 }, // U+1E5D
    { 23, 29, 384, 3, 25, 167, 3470 }, // U+1E5E
    { 15, 22, 208, 1, 18, 83, 3637 }, // U+1E5F
    { 22, 30, 352, 2, 25, 165, 3720 }, // U+1E62
    { 17, 23, 288, 2, 18, 98, 3885 }, // U+1E63
    { 20, 30, 320, 5, 25, 150, 3983 }, // U+1E6C
    { 10, 27, 176, 4, 22, 68, 4133 }, // U+1E6D
    { 22, 30, 384, 1, 25, 165, 0 }, // U+1EA0
    { 17, 23, 288, 2, 18, 98, 165 }, // U+1EA1
    { 8, 16, 128, 0, 14, 32, 263 }, // U+1EA2
    { 8, 16, 128, 0, 14, 32, 295 }, // U+1EA3
    { 22, 37, 384, 1, 37, 204, 327 }, // U+1EA4
    { 17, 31, 288, 2, 31, 132, 531 }, // U+1EA5
    { 22, 37, 384, 1, 37, 204, 663 }, // U+1EA6
    { 17, 31, 288, 2, 31, 132, 867 }, // U+1EA7
    { 8, 16, 128, 0, 14, 32, 999 }, // U+1EA8
    { 8, 16, 128, 0, 14, 32, 1031 }, // U+1EA9
    { 22, 37, 384, 1, 37, 204, 1063 }, // U+1EAA
    { 17, 31, 288, 2, 31, 132, 1267 }, // U+1EAB
    { 22, 36, 384, 1, 31, 198, 1399 }, // U+1EAC
    { 17, 29, 288, 2, 24, 124, 1597 }, // U+1EAD
    { 22, 37, 384, 1, 37, 204, 1721 }, // U+1EAE
    { 17, 30, 288, 2, 30, 128, 1925 }, // U+1EAF
    { 22, 37, 384, 1, 37, 204, 2053 }, // U+1EB0
    { 17, 30, 288, 2, 30, 128, 2257 }, // U+1EB1
    { 8, 16, 128, 0, 14, 32, 2385 }, // U+1EB2
    { 8, 16, 128, 0, 14, 32, 2417 }, // U+1EB3
    { 22, 37, 384, 1, 37, 204, 2449 }, // U+1EB4
    { 17, 30, 288, 2, 30, 128, 2653 }, // U+1EB5
    { 22, 36, 384, 1, 31, 198, 2781 }, // U+1EB6
    { 17, 29, 288, 2, 24, 124, 2979 }, // U+1EB7
    { 23, 30, 352, 3, 25, 173, 3103 }, // U+1EB8
    { 17, 23, 288, 3, 18, 98, 3276 }, // U+1EB9
    { 8, 16, 128, 0, 14, 32, 3374 }, // U+1EBA
    { 8, 16, 128, 0, 14, 32, 3406 }, // U+1EBB
    { 23, 31, 352, 3, 31, 179, 3438 }, // U+1EBC
    { 17, 24, 288, 3, 24, 102, 3617 }, // U+1EBD
    { 23, 37, 352, 3, 37, 213, 3719 }, // U+1EBE
    { 17, 31, 288, 3, 31, 132, 3932 }, // U+1EBF
    { 23, 37, 352, 3, 37, 213, 4064 }, // U+1EC0
    { 17, 31, 288, 3, 31, 132, 4277 }, // U+1EC1
    { 8, 16, 128, 0, 14, 32, 4409 }, // U+1EC2
    { 8, 16, 128, 0, 14, 32, 4441 }, // U+1EC3
    { 23, 37, 352, 3, 37, 213, 4473 }, // U+1EC4
    { 17, 31, 288, 3, 31, 132, 4686 }, // U+1EC5
    { 23, 36, 352, 3, 31, 207, 4818 }, // U+1EC6
    { 17, 29, 288, 3, 24, 124, 5025 }, // U+1EC7
    { 8, 16, 128, 0, 14, 32, 5149 }, // U+1EC8
    { 8, 16, 128, 0, 14, 32, 5181 }, // U+1EC9
    { 10, 30, 144, 2, 25, 75, 5213 }, // U+1ECA
    { 10, 30, 144, 2, 25, 75, 5288 }, // U+1ECB
    { 25, 30, 400, 3, 25, 188, 5363 }, // U+1ECC
    { 18, 23, 320, 3, 18, 104, 5551 }, // U+1ECD
    { 8, 16, 128, 0, 14, 32, 5655 }, // U+1ECE
    { 8, 16, 128, 0, 14, 32, 5687 }, // U+1ECF
    { 24, 37, 400, 4, 37, 222, 5719 }, // U+1ED0
    { 18, 31, 320, 3, 31, 140, 5941 }, // U+1ED1
    { 24, 37, 400, 4, 37, 222, 6081 }, // U+1ED2
    { 18, 31, 320, 3, 31, 140, 6303 }, // U+1ED3
    { 8, 16, 128, 0, 14, 32, 6443 }, // U+1ED4
    { 8, 16, 128, 0, 14, 32, 6475 }, // U+1ED5
    { 24, 37, 400, 4, 37, 222, 6507 }, // U+1ED6
    { 18, 31, 320, 3, 31, 140, 6729 }, // U+1ED7
    { 25, 36, 400, 3, 31, 225, 6869 }, // U+1ED8
    { 18, 29, 320, 3, 24, 131, 7094 }, // U+1ED9
    { 28, 31, 400, 3, 31, 217, 7225 }, // U+1EDA
    { 22, 24, 320, 3, 24, 132, 7442 }, // U+1EDB
    { 28, 31, 400, 3, 31, 217, 7574 }, // U+1EDC
    { 22, 24, 320, 3, 24, 132, 7791 }, // U+1EDD
    { 8, 16, 128, 0, 14, 32, 7923 }, // U+1EDE
    { 8, 16, 128, 0, 14, 32, 7955 }, // U+1EDF
    { 28, 31, 400, 3, 31, 217, 7987 }, // U+1EE0
    { 22, 24, 320, 3, 24, 132, 8204 }, // U+1EE1
    { 28, 30, 400, 3, 25, 210, 8336 }, // U+1EE2
    { 22, 23, 320, 3, 18, 127, 8546 }, // U+1EE3
    { 22, 30, 384, 5, 25, 165, 8673 }, // U+1EE4
    { 19, 23, 320, 3, 18, 110, 8838 }, // U+1EE5
    { 8, 16, 128, 0, 14, 32, 8948 }, // U+1EE6
    { 8, 16, 128, 0, 14, 32, 8980 }, // U+1EE7
    { 26, 31, 384, 5, 31, 202, 9012 }, // U+1EE8
    { 23, 24, 320, 3, 24, 138, 9214 }, // U+1EE9
    { 26, 31, 384, 5, 31, 202, 9352 }, // U+1EEA
    { 23, 24, 320, 3, 24, 138, 9554 }, // U+1EEB
    { 8, 16, 128, 0, 14, 32, 9692 }, // U+1EEC
    { 8, 16, 128, 0, 14, 32, 9724 }, // U+1EED
    { 26, 31, 384, 5, 31, 202, 9756 }, // U+1EEE
    { 23, 24, 320, 3, 24, 138, 9958 }, // U+1EEF
    { 26, 30, 384, 5, 25, 195, 10096 }, // U+1EF0
    { 23, 23, 320, 3, 18, 133, 10291 }, // U+1EF1
    { 20, 31, 352, 6, 31, 155, 10424 }, // U+1EF2
    { 21, 31, 288, 1, 24, 163, 10579 }, // U+1EF3
    { 20, 30, 352, 6, 25, 150, 10742 }, // U+1EF4
    { 21, 30, 288, 1, 18, 158, 10892 }, // U+1EF5
    { 8, 16, 128, 0, 14, 32, 11050 }, // U+1EF6
    { 8, 16, 128, 0, 14, 32, 11082 }, // U+1EF7
    { 20, 31, 352, 6, 31, 155, 11114 }, // U+1EF8
    { 21, 31, 288, 1, 24, 163, 11269 }, // U+1EF9
    { 1, 1, 272, 0, 1, 1, 0 }, // U+2000
    { 1, 1, 528, 0, 1, 1, 1 }, // U+2001
    { 1, 1, 272, 0, 1, 1, 2 }, // U+2002
    { 1, 1, 528, 0, 1, 1, 3 }, // U+2003
    { 1, 1, 176, 0, 1, 1, 4 }, // U+2004
    { 1, 1, 128, 0, 1, 1, 5 }, // U+2005
    { 1, 1, 96, 0, 1, 1, 6 }, // U+2006
    { 1, 1, 288, 0, 1, 1, 7 }, // U+2007
    { 1, 1, 144, 0, 1, 1, 8 }, // U+2008
    { 1, 1, 112, 0, 1, 1, 9 }, // U+2009
    { 1, 1, 48, 0, 1, 1, 10 }, // U+200A
    { 1, 1, 0, 0, 1, 1, 11 }, // U+200B
    { 16, 16, 256, 0, 14, 64, 12 }, // U+200C
    { 16, 16, 256, 0, 14, 64, 76 }, // U+200D
    { 16, 16, 256, 0, 14, 64, 140 }, // U+200E
    { 16, 16, 256, 0, 14, 64, 204 }, // U+200F
    { 9, 5, 176, 3, 12, 12, 268 }, // U+2010
    { 9, 5, 176, 3, 12, 12, 280 }, // U+2011
    { 18, 3, 288, 0, 10, 14, 292 }, // U+2012
    { 18, 3, 288, 0, 10, 14, 306 }, // U+2013
    { 32, 3, 512, 0, 10, 24, 320 }, // U+2014
    { 32, 3, 512, 0, 10, 24, 344 }, // U+2015
    { 8, 16, 128, 0, 14, 32, 368 }, // U+2016
    { 8, 16, 128, 0, 14, 32, 400 }, // U+2017
    { 6, 8, 144, 5, 25, 12, 432 }, // U+2018
    { 6, 8, 144, 6, 25, 12, 444 }, // U+2019
    { 6, 8, 144, 1, 4, 12, 456 }, // U+201A
    { 6, 8, 144, 6, 25, 12, 468 }, // U+201B
    { 13, 8, 256, 6, 24, 26, 480 }, // U+201C
    { 14, 8, 256, 6, 25, 28, 506 }, // U+201D
    { 13, 10, 256, 2, 5, 33, 534 }, // U+201E
    { 14, 8, 256, 6, 25, 28, 567 }, // U+201F
    { 17, 30, 288, 4, 23, 128, 595 }, // U+2020
    { 19, 30, 288, 2, 23, 143, 723 }, // U+2021
    { 8, 8, 192, 4, 14, 16, 866 }, // U+2022
    { 8, 16, 128, 0, 14, 32, 882 }, // U+2023
    { 8, 16, 128, 0, 14, 32, 914 }, // U+2024
    { 8, 16, 128, 0, 14, 32, 946 }, // U+2025
    { 28, 5, 528, 3, 5, 35, 978 }, // U+2026
    { 8, 16, 128, 0, 14, 32, 1013 }, // U+2027
    { 16, 16, 256, 0, 14, 64, 1045 }, // U+2028
    { 16, 16, 256, 0, 14, 64, 1109 }, // U+2029
    { 16, 16, 256, 0, 14, 64, 1173 }, // U+202A
    { 16, 16, 256, 0, 14, 64, 1237 }, // U+202B
    { 16, 16, 256, 0, 14, 64, 1301 }, // U+202C
    { 16, 16, 256, 0, 14, 64, 1365 }, // U+202D
    { 16, 16, 256, 0, 14, 64, 1429 }, // U+202E
    { 8, 16, 128, 0, 14, 32, 1493 }, // U+202F
    { 31, 25, 512, 2, 25, 194, 1525 }, // U+2030
    { 8, 16, 128, 0, 14, 32, 1719 }, // U+2031
    { 8, 16, 128, 0, 14, 32, 1751 }, // U+2032
    { 8, 16, 128, 0, 14, 32, 1783 }, // U+2033
    { 8, 16, 128, 0, 14, 32, 1815 }, // U+2034
    { 8, 16, 128, 0, 14, 32, 1847 }, // U+2035
    { 8, 16, 128, 0, 14, 32, 1879 }, // U+2036
    { 8, 16, 128, 0, 14, 32, 1911 }, // U+2037
    { 8, 16, 128, 0, 14, 32, 1943 }, // U+2038
    { 8, 12, 176, 5, 15, 24, 1975 }, // U+2039
    { 8, 12, 176, 2, 15, 24, 1999 }, // U+203A
    { 8, 16, 128, 0, 14, 32, 2023 }, // U+203B
    { 8, 16, 128, 0, 14, 32, 2055 }, // U+203C
    { 8, 16, 128, 0, 14, 32, 2087 }, // U+203D
    { 8, 16, 128, 0, 14, 32, 2119 }, // U+203E
    { 8, 16, 128, 0, 14, 32, 2151 }, // U+203F
    { 8, 16, 128, 0, 14, 32, 2183 }, // U+2040
    { 8, 16, 128, 0, 14, 32, 2215 }, // U+2041
    { 8, 16, 128, 0, 14, 32, 2247 }, // U+2042
    { 8, 16, 128, 0, 14, 32, 2279 }, // U+2043
    { 20, 24, 96, -5, 24, 120, 2311 }, // U+2044
    { 8, 16, 128, 0, 14, 32, 2431 }, // U+2045
    { 8, 16, 128, 0, 14, 32, 2463 }, // U+2046
    { 8, 16, 128, 0, 14, 32, 2495 }, // U+2047
    { 8, 16, 128, 0, 14, 32, 2527 }, // U+2048
    { 8, 16, 128, 0, 14, 32, 2559 }, // U+2049
    { 8, 16, 128, 0, 14, 32, 2591 }, // U+204A
    { 8, 16, 128, 0, 14, 32, 2623 }, // U+204B
    { 8, 16, 128, 0, 14, 32, 2655 }, // U+204C
    { 8, 16, 128, 0, 14, 32, 2687 }, // U+204D
    { 8, 16, 128, 0, 14, 32, 2719 }, // U+204E
    { 8, 16, 128, 0, 14, 32, 2751 }, // U+204F
    { 8, 16, 128, 0, 14, 32, 2783 }, // U+2050
    { 8, 16, 128, 0, 14, 32, 2815 }, // U+2051
    { 8, 16, 128, 0, 14, 32, 2847 }, // U+2052
    { 8, 16, 128, 0, 14, 32, 2879 }, // U+2053
    { 8, 16, 128, 0, 14, 32, 2911 }, // U+2054
    { 8, 16, 128, 0, 14, 32, 2943 }, // U+2055
    { 8, 16, 128, 0, 14, 32, 2975 }, // U+2056
    { 16, 16, 256, 0, 14, 64, 3007 }, // U+2057
    { 8, 16, 128, 0, 14, 32, 3071 }, // U+2058
    { 8, 16, 128, 0, 14, 32, 3103 }, // U+2059
    { 8, 16, 128, 0, 14, 32, 3135 }, // U+205A
    { 8, 16, 128, 0, 14, 32, 3167 }, // U+205B
    { 8, 16, 128, 0, 14, 32, 3199 }, // U+205C
    { 8, 16, 128, 0, 14, 32, 3231 }, // U+205D
    { 8, 16, 128, 0, 14, 32, 3263 }, // U+205E
    { 8, 16, 128, 0, 14, 32, 3295 }, // U+205F
    { 16, 16, 256, 0, 14, 64, 3327 }, // U+2060
    { 16, 16, 256, 0, 14, 64, 3391 }, // U+2061
    { 16, 16, 256, 0, 14, 64, 3455 }, // U+2062
    { 16, 16, 256, 0, 14, 64, 3519 }, // U+2063
    { 16, 16, 256, 0, 14, 64, 3583 }, // U+2064
    { 16, 16, 256, 0, 14, 64, 3647 }, // U+2065
    { 16, 16, 256, 0, 14, 64, 3711 }, // U+2066
    { 16, 16, 256, 0, 14, 64, 3775 }, // U+2067
    { 16, 16, 256, 0, 14, 64, 3839 }, // U+2068
    { 16, 16, 256, 0, 14, 64, 3903 }, // U+2069
    { 16, 16, 256, 0, 14, 64, 3967 }, // U+206A
    { 16, 16, 256, 0, 14, 64, 4031 }, // U+206B
    { 16, 16, 256, 0, 14, 64, 4095 }, // U+206C
    { 16, 16, 256, 0, 14, 64, 4159 }, // U+206D
    { 16, 16, 256, 0, 14, 64, 4223 }, // U+206E
    { 16, 16, 256, 0, 14, 64, 4287 }, // U+206F
    { 8, 16, 128, 0, 14, 32, 0 }, // U+2070
    { 8, 16, 128, 0, 14, 32, 32 }, // U+2071
    { 16, 16, 256, 0, 14, 64, 64 }, // U+2072
    { 16, 16, 256, 0, 14, 64, 128 }, // U+2073
    { 8, 16, 128, 0, 14, 32, 192 }, // U+2074
    { 8, 16, 128, 0, 14, 32, 224 }, // U+2075
    { 8, 16, 128, 0, 14, 32, 256 }, // U+2076
    { 8, 16, 128, 0, 14, 32, 288 }, // U+2077
    { 8, 16, 128, 0, 14, 32, 320 }, // U+2078
    { 8, 16, 128, 0, 14, 32, 352 }, // U+2079
    { 8, 16, 128, 0, 14, 32, 384 }, // U+207A
    { 8, 16, 128, 0, 14, 32, 416 }, // U+207B
    { 8, 16, 128, 0, 14, 32, 448 }, // U+207C
    { 8, 16, 128, 0, 14, 32, 480 }, // U+207D
    { 8, 16, 128, 0, 14, 32, 512 }, // U+207E
    { 8, 16, 128, 0, 14, 32, 544 }, // U+207F
    { 8, 16, 128, 0, 14, 32, 576 }, // U+2080
    { 8, 15, 176, 5, 8, 30, 608 }, // U+2081
    { 13, 16, 176, 2, 9, 52, 638 }, // U+2082
    { 11, 15, 176, 3, 8, 42, 690 }, // U+2083
    { 8, 16, 128, 0, 14, 32, 732 }, // U+2084
    { 8, 16, 128, 0, 14, 32, 764 }, // U+2085
    { 8, 16, 128, 0, 14, 32, 796 }, // U+2086
    { 8, 16, 128, 0, 14, 32, 828 }, // U+2087
    { 8, 16, 128, 0, 14, 32, 860 }, // U+2088
    { 8, 16, 128, 0, 14, 32, 892 }, // U+2089
    { 8, 16, 128, 0, 14, 32, 924 }, // U+208A
    { 8, 16, 128, 0, 14, 32, 956 }, // U+208B
    { 8, 16, 128, 0, 14, 32, 988 }, // U+208C
    { 8, 16, 128, 0, 14, 32, 1020 }, // U+208D
    { 8, 16, 128, 0, 14, 32, 1052 }, // U+208E
    { 8, 16, 128, 0, 14, 32, 1084 }, // U+208F
    { 8, 16, 128, 0, 14, 32, 1116 }, // U+2090
    { 8, 16, 128, 0, 14, 32, 1148 }, // U+2091
    { 8, 16, 128, 0, 14, 32, 1180 }, // U+2092
    { 8, 16, 128, 0, 14, 32, 1212 }, // U+2093
    { 8, 16, 128, 0, 14, 32, 1244 }, // U+2094
    { 8, 16, 128, 0, 14, 32, 1276 }, // U+2095
    { 8, 16, 128, 0, 14, 32, 1308 }, // U+2096
    { 8, 16, 128, 0, 14, 32, 1340 }, // U+2097
    { 8, 16, 128, 0, 14, 32, 1372 }, // U+2098
    { 8, 16, 128, 0, 14, 32, 1404 }, // U+2099
    { 8, 16, 128, 0, 14, 32, 1436 }, // U+209A
    { 8, 16, 128, 0, 14, 32, 1468 }, // U+209B
    { 8, 16, 128, 0, 14, 32, 1500 }, // U+209C
    { 8, 16, 128, 0, 14, 32, 1532 }, // U+209D
    { 8, 16, 128, 0, 14, 32, 1564 }, // U+209E
    { 8, 16, 128, 0, 14, 32, 1596 }, // U+209F
    { 8, 16, 128, 0, 14, 32, 0 }, // U+20A0
    { 8, 16, 128, 0, 14, 32, 32 }, // U+20A1
    { 8, 16, 128, 0, 14, 32, 64 }, // U+20A2
    { 8, 16, 128, 0, 14, 32, 96 }, // U+20A3
    { 8, 16, 128, 0, 14, 32, 128 }, // U+20A4
    { 28, 24, 464, 2, 21, 168, 160 }, // U+20A5
    { 25, 25, 384, 2, 25, 157, 328 }, // U+20A6
    { 8, 16, 128, 0, 14, 32, 485 }, // U+20A7
    { 8, 16, 128, 0, 14, 32, 517 }, // U+20A8
    { 30, 25, 496, 6, 25, 188, 549 }, // U+20A9
    { 8, 16, 128, 0, 14, 32, 737 }, // U+20AA
    { 8, 16, 128, 0, 14, 32, 769 }, // U+20AB
    { 27, 25, 384, -1, 25, 169, 801 }, // U+20AC
    { 25, 25, 384, 2, 25, 157, 970 }, // U+20AD
    { 8, 16, 128, 0, 14, 32, 1127 }, // U+20AE
    { 8, 16, 128, 0, 14, 32, 1159 }, // U+20AF
    { 8, 16, 128, 0, 14, 32, 1191 }, // U+20B0
    { 8, 16, 128, 0, 14, 32, 1223 }, // U+20B1
    { 8, 16, 128, 0, 14, 32, 1255 }, // U+20B2
    { 8, 16, 128, 0, 14, 32, 1287 }, // U+20B3
    { 8, 16, 128, 0, 14, 32, 1319 }, // U+20B4
    { 8, 16, 128, 0, 14, 32, 1351 }, // U+20B5
    { 8, 16, 128, 0, 14, 32, 1383 }, // U+20B6
    { 8, 16, 128, 0, 14, 32, 1415 }, // U+20B7
    { 8, 16, 128, 0, 14, 32, 1447 }, // U+20B8
    { 16, 16, 256, 0, 14, 64, 1479 }, // U+20B9
    { 8, 16, 128, 0, 14, 32, 1543 }, // U+20BA
    { 8, 16, 128, 0, 14, 32, 1575 }, // U+20BB
    { 8, 16, 128, 0, 14, 32, 1607 }, // U+20BC
    { 8, 16, 128, 0, 14, 32, 1639 }, // U+20BD
    { 8, 16, 128, 0, 14, 32, 1671 }, // U+20BE
    { 8, 16, 128, 0, 14, 32, 1703 }, // U+20BF
    { 8, 16, 128, 0, 14, 32, 1735 }, // U+20C0
    { 8, 16, 128, 0, 14, 32, 1767 }, // U+20C1
    { 8, 16, 128, 0, 14, 32, 1799 }, // U+20C2
    { 8, 16, 128, 0, 14, 32, 1831 }, // U+20C3
    { 8, 16, 128, 0, 14, 32, 1863 }, // U+20C4
    { 16, 16, 256, 0, 14, 64, 1895 }, // U+20C5
    { 16, 16, 256, 0, 14, 64, 1959 }, // U+20C6
    { 16, 16, 256, 0, 14, 64, 2023 }, // U+20C7
    { 16, 16, 256, 0, 14, 64, 2087 }, // U+20C8
    { 16, 16, 256, 0, 14, 64, 2151 }, // U+20C9
    { 16, 16, 256, 0, 14, 64, 2215 }, // U+20CA
    { 16, 16, 256, 0, 14, 64, 2279 }, // U+20CB
    { 16, 16, 256, 0, 14, 64, 2343 }, // U+20CC
    { 16, 16, 256, 0, 14, 64, 2407 }, // U+20CD
    { 16, 16, 256, 0, 14, 64, 2471 }, // U+20CE
    { 16, 16, 256, 0, 14, 64, 2535 }, // U+20CF
    { 8, 16, 128, 0, 14, 32, 0 }, // U+2190
    { 8, 16, 128, 0, 14, 32, 32 }, // U+2191
    { 8, 16, 128, 0, 14, 32, 64 }, // U+2192
    { 8, 16, 128, 0, 14, 32, 96 }, // U+2193
    { 8, 16, 128, 0, 14, 32, 128 }, // U+2194
    { 8, 16, 128, 0, 14, 32, 160 }, // U+2195
    { 8, 16, 128, 0, 14, 32, 192 }, // U+2196
    { 8, 16, 128, 0, 14, 32, 224 }, // U+2197
    { 8, 16, 128, 0, 14, 32, 256 }, // U+2198
    { 8, 16, 128, 0, 14, 32, 288 }, // U+2199
    { 8, 16, 128, 0, 14, 32, 320 }, // U+219A
    { 8, 16, 128, 0, 14, 32, 352 }, // U+219B
    { 16, 16, 256, 0, 14, 64, 384 }, // U+219C
    { 16, 16, 256, 0, 14, 64, 448 }, // U+219D
    { 8, 16, 128, 0, 14, 32, 512 }, // U+219E
    { 8, 16, 128, 0, 14, 32, 544 }, // U+219F
    { 8, 16, 128, 0, 14, 32, 576 }, // U+21A0
    { 8, 16, 128, 0, 14, 32, 608 }, // U+21A1
    { 8, 16, 128, 0, 14, 32, 640 }, // U+21A2
    { 8, 16, 128, 0, 14, 32, 672 }, // U+21A3
    { 8, 16, 128, 0, 14, 32, 704 }, // U+21A4
    { 8, 16, 128, 0, 14, 32, 736 }, // U+21A5
    { 8, 16, 128, 0, 14, 32, 768 }, // U+21A6
    { 8, 16, 128, 0, 14, 32, 800 }, // U+21A7
    { 8, 16, 128, 0, 14, 32, 832 }, // U+21A8
    { 8, 16, 128, 0, 14, 32, 864 }, // U+21A9
    { 8, 16, 128, 0, 14, 32, 896 }, // U+21AA
    { 8, 16, 128, 0, 14, 32, 928 }, // U+21AB
    { 8, 16, 128, 0, 14, 32, 960 }, // U+21AC
    { 8, 16, 128, 0, 14, 32, 992 }, // U+21AD
    { 8, 16, 128, 0, 14, 32, 1024 }, // U+21AE
    { 8, 16, 128, 0, 14, 32, 1056 }, // U+21AF
    { 8, 16, 128, 0, 14, 32, 1088 }, // U+21B0
    { 8, 16, 128, 0, 14, 32, 1120 }, // U+21B1
    { 8, 16, 128, 0, 14, 32, 1152 }, // U+21B2
    { 8, 16, 128, 0, 14, 32, 1184 }, // U+21B3
    { 8, 16, 128, 0, 14, 32, 1216 }, // U+21B4
    { 8, 16, 128, 0, 14, 32, 1248 }, // U+21B5
    { 8, 16, 128, 0, 14, 32, 1280 }, // U+21B6
    { 8, 16, 128, 0, 14, 32, 1312 }, // U+21B7
    { 8, 16, 128, 0, 14, 32, 1344 }, // U+21B8
    { 8, 16, 128, 0, 14, 32, 1376 }, // U+21B9
    { 8, 16, 128, 0, 14, 32, 1408 }, // U+21BA
    { 8, 16, 128, 0, 14, 32, 1440 }, // U+21BB
    { 8, 16, 128, 0, 14, 32, 1472 }, // U+21BC
    { 8, 16, 128, 0, 14, 32, 1504 }, // U+21BD
    { 8, 16, 128, 0, 14, 32, 1536 }, // U+21BE
    { 8, 16, 128, 0, 14, 32, 1568 }, // U+21BF
    { 8, 16, 128, 0, 14, 32, 1600 }, // U+21C0
    { 8, 16, 128, 0, 14, 32, 1632 }, // U+21C1
    { 8, 16, 128, 0, 14, 32, 1664 }, // U+21C2
    { 8, 16, 128, 0, 14, 32, 1696 }, // U+21C3
    { 8, 16, 128, 0, 14, 32, 1728 }, // U+21C4
    { 8, 16, 128, 0, 14, 32, 1760 }, // U+21C5
    { 8, 16, 128, 0, 14, 32, 1792 }, // U+21C6
    { 8, 16, 128, 0, 14, 32, 1824 }, // U+21C7
    { 8, 16, 128, 0, 14, 32, 1856 }, // U+21C8
    { 8, 16, 128, 0, 14, 32, 1888 }, // U+21C9
    { 8, 16, 128, 0, 14, 32, 1920 }, // U+21CA
    { 8, 16, 128, 0, 14, 32, 1952 }, // U+21CB
    { 8, 16, 128, 0, 14, 32, 1984 }, // U+21CC
    { 8, 16, 128, 0, 14, 32, 2016 }, // U+21CD
    { 8, 16, 128, 0, 14, 32, 2048 }, // U+21CE
    { 8, 16, 128, 0, 14, 32, 2080 }, // U+21CF
    { 8, 16, 128, 0, 14, 32, 2112 }, // U+21D0
    { 8, 16, 128, 0, 14, 32, 2144 }, // U+21D1
    { 8, 16, 128, 0, 14, 32, 2176 }, // U+21D2
    { 8, 16, 128, 0, 14, 32, 2208 }, // U+21D3
    { 8, 16, 128, 0, 14, 32, 2240 }, // U+21D4
    { 8, 16, 128, 0, 14, 32, 2272 }, // U+21D5
    { 8, 16, 128, 0, 14, 32, 2304 }, // U+21D6
    { 8, 16, 128, 0, 14, 32, 2336 }, // U+21D7
    { 8, 16, 128, 0, 14, 32, 2368 }, // U+21D8
    { 8, 16, 128, 0, 14, 32, 2400 }, // U+21D9
    { 8, 16, 128, 0, 14, 32, 2432 }, // U+21DA
    { 8, 16, 128, 0, 14, 32, 2464 }, // U+21DB
    { 8, 16, 128, 0, 14, 32, 2496 }, // U+21DC
    { 8, 16, 128, 0, 14, 32, 2528 }, // U+21DD
    { 8, 16, 128, 0, 14, 32, 2560 }, // U+21DE
    { 8, 16, 128, 0, 14, 32, 2592 }, // U+21DF
    { 8, 16, 128, 0, 14, 32, 2624 }, // U+21E0
    { 8, 16, 128, 0, 14, 32, 2656 }, // U+21E1
    { 8, 16, 128, 0, 14, 32, 2688 }, // U+21E2
    { 8, 16, 128, 0, 14, 32, 2720 }, // U+21E3
    { 8, 16, 128, 0, 14, 32, 2752 }, // U+21E4
    { 8, 16, 128, 0, 14, 32, 2784 }, // U+21E5
    { 8, 16, 128, 0, 14, 32, 2816 }, // U+21E6
    { 8, 16, 128, 0, 14, 32, 2848 }, // U+21E7
    { 8, 16, 128, 0, 14, 32, 2880 }, // U+21E8
    { 8, 16, 128, 0, 14, 32, 2912 }, // U+21E9
    { 8, 16, 128, 0, 14, 32, 2944 }, // U+21EA
    { 8, 16, 128, 0, 14, 32, 2976 }, // U+21EB
    { 8, 16, 128, 0, 14, 32, 3008 }, // U+21EC
    { 8, 16, 128, 0, 14, 32, 3040 }, // U+21ED
    { 8, 16, 128, 0, 14, 32, 3072 }, // U+21EE
    { 8, 16, 128, 0, 14, 32, 3104 }, // U+21EF
    { 8, 16, 128, 0, 14, 32, 3136 }, // U+21F0
    { 8, 16, 128, 0, 14, 32, 3168 }, // U+21F1
    { 8, 16, 128, 0, 14, 32, 3200 }, // U+21F2
    { 8, 16, 128, 0, 14, 32, 3232 }, // U+21F3
    { 16, 16, 256, 0, 14, 64, 3264 }, // U+21F4
    { 8, 16, 128, 0, 14, 32, 3328 }, // U+21F5
    { 8, 16, 128, 0, 14, 32, 3360 }, // U+21F6
    { 8, 16, 128, 0, 14, 32, 3392 }, // U+21F7
    { 8, 16, 128, 0, 14, 32, 3424 }, // U+21F8
    { 16, 16, 256, 0, 14, 64, 3456 }, // U+21F9
    { 16, 16, 256, 0, 14, 64, 3520 }, // U+21FA
    { 16, 16, 256, 0, 14, 64, 3584 }, // U+21FB
    { 16, 16, 256, 0, 14, 64, 3648 }, // U+21FC
    { 8, 16, 128, 0, 14, 32, 3712 }, // U+21FD
    { 8, 16, 128, 0, 14, 32, 3744 }, // U+21FE
    { 16, 16, 256, 0, 14, 64, 3776 }, // U+21FF
    { 8, 16, 128, 0, 14, 32, 0 }, // U+2200
    { 8, 16, 128, 0, 14, 32, 32 }, // U+2201
    { 8, 16, 128, 0, 14, 32, 64 }, // U+2202
    { 8, 16, 128, 0, 14, 32, 96 }, // U+2203
    { 8, 16, 128, 0, 14, 32, 128 }, // U+2204
    { 8, 16, 128, 0, 14, 32, 160 }, // U+2205
    { 8, 16, 128, 0, 14, 32, 192 }, // U+2206
    { 8, 16, 128, 0, 14, 32, 224 }, // U+2207
    { 8, 16, 128, 0, 14, 32, 256 }, // U+2208
    { 8, 16, 128, 0, 14, 32, 288 }, // U+2209
    { 8, 16, 128, 0, 14, 32, 320 }, // U+220A
    { 8, 16, 128, 0, 14, 32, 352 }, // U+220B
    { 8, 16, 128, 0, 14, 32, 384 }, // U+220C
    { 8, 16, 128, 0, 14, 32, 416 }, // U+220D
    { 8, 16, 128, 0, 14, 32, 448 }, // U+220E
    { 8, 16, 128, 0, 14, 32, 480 }, // U+220F
    { 8, 16, 128, 0, 14, 32, 512 }, // U+2210
    { 8, 16, 128, 0, 14, 32, 544 }, // U+2211
    { 17, 4, 304, 3, 10, 17, 576 }, // U+2212
    { 8, 16, 128, 0, 14, 32, 593 }, // U+2213
    { 8, 16, 128, 0, 14, 32, 625 }, // U+2214
    { 20, 24, 96, -5, 24, 120, 657 }, // U+2215
    { 8, 16, 128, 0, 14, 32, 777 }, // U+2216
    { 8, 16, 128, 0, 14, 32, 809 }, // U+2217
    { 8, 16, 128, 0, 14, 32, 841 }, // U+2218
    { 4, 4, 144, 5, 15, 4, 873 }, // U+2219
    { 8, 16, 128, 0, 14, 32, 877 }, // U+221A
    { 8, 16, 128, 0, 14, 32, 909 }, // U+221B
    { 8, 16, 128, 0, 14, 32, 941 }, // U+221C
    { 8, 16, 128, 0, 14, 32, 973 }, // U+221D
    { 8, 16, 128, 0, 14, 32, 1005 }, // U+221E
    { 8, 16, 128, 0, 14, 32, 1037 }, // U+221F
    { 8, 16, 128, 0, 14, 32, 1069 }, // U+2220
    { 8, 16, 128, 0, 14, 32, 1101 }, // U+2221
    { 8, 16, 128, 0, 14, 32, 1133 }, // U+2222
    { 8, 16, 128, 0, 14, 32, 1165 }, // U+2223
    { 8, 16, 128, 0, 14, 32, 1197 }, // U+2224
    { 8, 16, 128, 0, 14, 32, 1229 }, // U+2225
    { 8, 16, 128, 0, 14, 32, 1261 }, // U+2226
    { 8, 16, 128, 0, 14, 32, 1293 }, // U+2227
    { 8, 16, 128, 0, 14, 32, 1325 }, // U+2228
    { 8, 16, 128, 0, 14, 32, 1357 }, // U+2229
    { 8, 16, 128, 0, 14, 32, 1389 }, // U+222A
    { 8, 16, 128, 0, 14, 32, 1421 }, // U+222B
    { 8, 16, 128, 0, 14, 32, 1453 }, // U+222C
    { 8, 16, 128, 0, 14, 32, 1485 }, // U+222D
    { 8, 16, 128, 0, 14, 32, 1517 }, // U+222E
    { 8, 16, 128, 0, 14, 32, 1549 }, // U+222F
    { 8, 16, 128, 0, 14, 32, 1581 }, // U+2230
    { 8, 16, 128, 0, 14, 32, 1613 }, // U+2231
    { 8, 16, 128, 0, 14, 32, 1645 }, // U+2232
    { 8, 16, 128, 0, 14, 32, 1677 }, // U+2233
    { 8, 16, 128, 0, 14, 32, 1709 }, // U+2234
    { 8, 16, 128, 0, 14, 32, 1741 }, // U+2235
    { 8, 17, 176, 4, 17, 34, 1773 }, // U+2236
    { 8, 16, 128, 0, 14, 32, 1807 }, // U+2237
    { 8, 16, 128, 0, 14, 32, 1839 }, // U+2238
    { 8, 16, 128, 0, 14, 32, 1871 }, // U+2239
    { 8, 16, 128, 0, 14, 32, 1903 }, // U+223A
    { 8, 16, 128, 0, 14, 32, 1935 }, // U+223B
    { 8, 16, 128, 0, 14, 32, 1967 }, // U+223C
    { 8, 16, 128, 0, 14, 32, 1999 }, // U+223D
    { 8, 16, 128, 0, 14, 32, 2031 }, // U+223E
    { 8, 16, 128, 0, 14, 32, 2063 }, // U+223F
    { 8, 16, 128, 0, 14, 32, 2095 }, // U+2240
    { 8, 16, 128, 0, 14, 32, 2127 }, // U+2241
    { 8, 16, 128, 0, 14, 32, 2159 }, // U+2242
    { 8, 16, 128, 0, 14, 32, 2191 }, // U+2243
    { 8, 16, 128, 0, 14, 32, 2223 }, // U+2244
    { 8, 16, 128, 0, 14, 32, 2255 }, // U+2245
    { 8, 16, 128, 0, 14, 32, 2287 }, // U+2246
    { 8, 16, 128, 0, 14, 32, 2319 }, // U+2247
    { 8, 16, 128, 0, 14, 32, 2351 }, // U+2248
    { 8, 16, 128, 0, 14, 32, 2383 }, // U+2249
    { 8, 16, 128, 0, 14, 32, 2415 }, // U+224A
    { 8, 16, 128, 0, 14, 32, 2447 }, // U+224B
    { 8, 16, 128, 0, 14, 32, 2479 }, // U+224C
    { 8, 16, 128, 0, 14, 32, 2511 }, // U+224D
    { 8, 16, 128, 0, 14, 32, 2543 }, // U+224E
    { 8, 16, 128, 0, 14, 32, 2575 }, // U+224F
    { 8, 16, 128, 0, 14, 32, 2607 }, // U+2250
    { 8, 16, 128, 0, 14, 32, 2639 }, // U+2251
    { 8, 16, 128, 0, 14, 32, 2671 }, // U+2252
    { 8, 16, 128, 0, 14, 32, 2703 }, // U+2253
    { 8, 16, 128, 0, 14, 32, 2735 }, // U+2254
    { 8, 16, 128, 0, 14, 32, 2767 }, // U+2255
    { 8, 16, 128, 0, 14, 32, 2799 }, // U+2256
    { 8, 16, 128, 0, 14, 32, 2831 }, // U+2257
    { 8, 16, 128, 0, 14, 32, 2863 }, // U+2258
    { 19, 18, 304, 2, 20, 86, 2895 }, // U+2259
    { 19, 18, 304, 2, 20, 86, 2981 }, // U+225A
    { 8, 16, 128, 0, 14, 32, 3067 }, // U+225B
    { 8, 16, 128, 0, 14, 32, 3099 }, // U+225C
    { 8, 16, 128, 0, 14, 32, 3131 }, // U+225D
    { 8, 16, 128, 0, 14, 32, 3163 }, // U+225E
    { 8, 16, 128, 0, 14, 32, 3195 }, // U+225F
    { 19, 24, 304, 2, 20, 114, 3227 }, // U+2260
    { 19, 8, 304, 0, 12, 38, 3341 }, // U+2261
    { 19, 24, 304, 0, 20, 114, 3379 }, // U+2262
    { 8, 16, 128, 0, 14, 32, 3493 }, // U+2263
    { 18, 19, 304, 2, 16, 86, 3525 }, // U+2264
    { 18, 19, 304, 2, 16, 86, 3611 }, // U+2265
    { 8, 16, 128, 0, 14, 32, 3697 }, // U+2266
    { 8, 16, 128, 0, 14, 32, 3729 }, // U+2267
    { 8, 16, 128, 0, 14, 32, 3761 }, // U+2268
    { 8, 16, 128, 0, 14, 32, 3793 }, // U+2269
    { 8, 16, 128, 0, 14, 32, 3825 }, // U+226A
    { 8, 16, 128, 0, 14, 32, 3857 }, // U+226B
    { 8, 16, 128, 0, 14, 32, 3889 }, // U+226C
    { 8, 16, 128, 0, 14, 32, 3921 }, // U+226D
    { 18, 24, 304, 2, 20, 108, 3953 }, // U+226E
    { 18, 24, 304, 2, 20, 108, 4061 }, // U+226F
    { 18, 24, 304, 2, 19, 108, 4169 }, // U+2270
    { 18, 24, 304, 2, 19, 108, 4277 }, // U+2271
    { 8, 16, 128, 0, 14, 32, 4385 }, // U+2272
    { 8, 16, 128, 0, 14, 32, 4417 }, // U+2273
    { 8, 16, 128, 0, 14, 32, 4449 }, // U+2274
    { 8, 16, 128, 0, 14, 32, 4481 }, // U+2275
    { 8, 16, 128, 0, 14, 32, 4513 }, // U+2276
    { 8, 16, 128, 0, 14, 32, 4545 }, // U+2277
    { 8, 16, 128, 0, 14, 32, 4577 }, // U+2278
    { 8, 16, 128, 0, 14, 32, 4609 }, // U+2279
    { 8, 16, 128, 0, 14, 32, 4641 }, // U+227A
    { 8, 16, 128, 0, 14, 32, 4673 }, // U+227B
    { 8, 16, 128, 0, 14, 32, 4705 }, // U+227C
    { 8, 16, 128, 0, 14, 32, 4737 }, // U+227D
    { 8, 16, 128, 0, 14, 32, 4769 }, // U+227E
    { 8, 16, 128, 0, 14, 32, 4801 }, // U+227F
    { 8, 16, 128, 0, 14, 32, 4833 }, // U+2280
    { 8, 16, 128, 0, 14, 32, 4865 }, // U+2281
    { 8, 16, 128, 0, 14, 32, 4897 }, // U+2282
    { 8, 16, 128, 0, 14, 32, 4929 }, // U+2283
    { 8, 16, 128, 0, 14, 32, 4961 }, // U+2284
    { 8, 16, 128, 0, 14, 32, 4993 }, // U+2285
    { 8, 16, 128, 0, 14, 32, 5025 }, // U+2286
    { 8, 16, 128, 0, 14, 32, 5057 }, // U+2287
    { 8, 16, 128, 0, 14, 32, 5089 }, // U+2288
    { 8, 16, 128, 0, 14, 32, 5121 }, // U+2289
    { 8, 16, 128, 0, 14, 32, 5153 }, // U+228A
    { 8, 16, 128, 0, 14, 32, 5185 }, // U+228B
    { 8, 16, 128, 0, 14, 32, 5217 }, // U+228C
    { 8, 16, 128, 0, 14, 32, 5249 }, // U+228D
    { 8, 16, 128, 0, 14, 32, 5281 }, // U+228E
    { 8, 16, 128, 0, 14, 32, 5313 }, // U+228F
    { 8, 16, 128, 0, 14, 32, 5345 }, // U+2290
    { 8, 16, 128, 0, 14, 32, 5377 }, // U+2291
    { 8, 16, 128, 0, 14, 32, 5409 }, // U+2292
    { 8, 16, 128, 0, 14, 32, 5441 }, // U+2293
    { 8, 16, 128, 0, 14, 32, 5473 }, // U+2294
    { 8, 16, 128, 0, 14, 32, 5505 }, // U+2295
    { 8, 16, 128, 0, 14, 32, 5537 }, // U+2296
    { 8, 16, 128, 0, 14, 32, 5569 }, // U+2297
    { 8, 16, 128, 0, 14, 32, 5601 }, // U+2298
    { 8, 16, 128, 0, 14, 32, 5633 }, // U+2299
    { 8, 16, 128, 0, 14, 32, 5665 }, // U+229A
    { 8, 16, 128, 0, 14, 32, 5697 }, // U+229B
    { 8, 16, 128, 0, 14, 32, 5729 }, // U+229C
    { 8, 16, 128, 0, 14, 32, 5761 }, // U+229D
    { 8, 16, 128, 0, 14, 32, 5793 }, // U+229E
    { 8, 16, 128, 0, 14, 32, 5825 }, // U+229F
    { 8, 16, 128, 0, 14, 32, 5857 }, // U+22A0
    { 8, 16, 128, 0, 14, 32, 5889 }, // U+22A1
    { 8, 16, 128, 0, 14, 32, 5921 }, // U+22A2
    { 8, 16, 128, 0, 14, 32, 5953 }, // U+22A3
    { 8, 16, 128, 0, 14, 32, 5985 }, // U+22A4
    { 8, 16, 128, 0, 14, 32, 6017 }, // U+22A5
    { 8, 16, 128, 0, 14, 32, 6049 }, // U+22A6
    { 8, 16, 128, 0, 14, 32, 6081 }, // U+22A7
    { 8, 16, 128, 0, 14, 32, 6113 }, // U+22A8
    { 8, 16, 128, 0, 14, 32, 6145 }, // U+22A9
    { 8, 16, 128, 0, 14, 32, 6177 }, // U+22AA
    { 8, 16, 128, 0, 14, 32, 6209 }, // U+22AB
    { 8, 16, 128, 0, 14, 32, 6241 }, // U+22AC
    { 8, 16, 128, 0, 14, 32, 6273 }, // U+22AD
    { 8, 16, 128, 0, 14, 32, 6305 }, // U+22AE
    { 8, 16, 128, 0, 14, 32, 6337 }, // U+22AF
    { 8, 16, 128, 0, 14, 32, 6369 }, // U+22B0
    { 8, 16, 128, 0, 14, 32, 6401 }, // U+22B1
    { 8, 16, 128, 0, 14, 32, 6433 }, // U+22B2
    { 8, 16, 128, 0, 14, 32, 6465 }, // U+22B3
    { 8, 16, 128, 0, 14, 32, 6497 }, // U+22B4
    { 8, 16, 128, 0, 14, 32, 6529 }, // U+22B5
    { 16, 16, 256, 0, 14, 64, 6561 }, // U+22B6
    { 16, 16, 256, 0, 14, 64, 6625 }, // U+22B7
    { 16, 16, 256, 0, 14, 64, 6689 }, // U+22B8
    { 8, 16, 128, 0, 14, 32, 6753 }, // U+22B9
    { 8, 16, 128, 0, 14, 32, 6785 }, // U+22BA
    { 8, 16, 128, 0, 14, 32, 6817 }, // U+22BB
    { 8, 16, 128, 0, 14, 32, 6849 }, // U+22BC
    { 8, 16, 128, 0, 14, 32, 6881 }, // U+22BD
    { 8, 16, 128, 0, 14, 32, 6913 }, // U+22BE
    { 8, 16, 128, 0, 14, 32, 6945 }, // U+22BF
    { 8, 16, 128, 0, 14, 32, 6977 }, // U+22C0
    { 8, 16, 128, 0, 14, 32, 7009 }, // U+22C1
    { 8, 16, 128, 0, 14, 32, 7041 }, // U+22C2
    { 8, 16, 128, 0, 14, 32, 7073 }, // U+22C3
    { 8, 16, 128, 0, 14, 32, 7105 }, // U+22C4
    { 8, 16, 128, 0, 14, 32, 7137 }, // U+22C5
    { 8, 16, 128, 0, 14, 32, 7169 }, // U+22C6
    { 8, 16, 128, 0, 14, 32, 7201 }, // U+22C7
    { 8, 16, 128, 0, 14, 32, 7233 }, // U+22C8
    { 8, 16, 128, 0, 14, 32, 7265 }, // U+22C9
    { 8, 16, 128, 0, 14, 32, 7297 }, // U+22CA
    { 8, 16, 128, 0, 14, 32, 7329 }, // U+22CB
    { 8, 16, 128, 0, 14, 32, 7361 }, // U+22CC
    { 8, 16, 128, 0, 14, 32, 7393 }, // U+22CD
    { 8, 16, 128, 0, 14, 32, 7425 }, // U+22CE
    { 8, 16, 128, 0, 14, 32, 7457 }, // U+22CF
    { 8, 16, 128, 0, 14, 32, 7489 }, // U+22D0
    { 8, 16, 128, 0, 14, 32, 7521 }, // U+22D1
    { 8, 16, 128, 0, 14, 32, 7553 }, // U+22D2
    { 8, 16, 128, 0, 14, 32, 7585 }, // U+22D3
    { 8, 16, 128, 0, 14, 32, 7617 }, // U+22D4
    { 8, 16, 128, 0, 14, 32, 7649 }, // U+22D5
    { 8, 16, 128, 0, 14, 32, 7681 }, // U+22D6
    { 8, 16, 128, 0, 14, 32, 7713 }, // U+22D7
    { 16, 16, 256, 0, 14, 64, 7745 }, // U+22D8
    { 16, 16, 256, 0, 14, 64, 7809 }, // U+22D9
    { 8, 16, 128, 0, 14, 32, 7873 }, // U+22DA
    { 8, 16, 128, 0, 14, 32, 7905 }, // U+22DB
    { 8, 16, 128, 0, 14, 32, 7937 }, // U+22DC
    { 8, 16, 128, 0, 14, 32, 7969 }, // U+22DD
    { 8, 16, 128, 0, 14, 32, 8001 }, // U+22DE
    { 8, 16, 128, 0, 14, 32, 8033 }, // U+22DF
    { 8, 16, 128, 0, 14, 32, 8065 }, // U+22E0
    { 8, 16, 128, 0, 14, 32, 8097 }, // U+22E1
    { 8, 16, 128, 0, 14, 32, 8129 }, // U+22E2
    { 8, 16, 128, 0, 14, 32, 8161 }, // U+22E3
    { 8, 16, 128, 0, 14, 32, 8193 }, // U+22E4
    { 8, 16, 128, 0, 14, 32, 8225 }, // U+22E5
    { 8, 16, 128, 0, 14, 32, 8257 }, // U+22E6
    { 8, 16, 128, 0, 14, 32, 8289 }, // U+22E7
    { 8, 16, 128, 0, 14, 32, 8321 }, // U+22E8
    { 8, 16, 128, 0, 14, 32, 8353 }, // U+22E9
    { 8, 16, 128, 0, 14, 32, 8385 }, // U+22EA
    { 8, 16, 128, 0, 14, 32, 8417 }, // U+22EB
    { 8, 16, 128, 0, 14, 32, 8449 }, // U+22EC
    { 8, 16, 128, 0, 14, 32, 8481 }, // U+22ED
    { 8, 16, 128, 0, 14, 32, 8513 }, // U+22EE
    { 8, 16, 128, 0, 14, 32, 8545 }, // U+22EF
    { 8, 16, 128, 0, 14, 32, 8577 }, // U+22F0
    { 8, 16, 128, 0, 14, 32, 8609 }, // U+22F1
    { 16, 16, 256, 0, 14, 64, 8641 }, // U+22F2
    { 16, 16, 256, 0, 14, 64, 8705 }, // U+22F3
    { 8, 16, 128, 0, 14, 32, 8769 }, // U+22F4
    { 16, 16, 256, 0, 14, 64, 8801 }, // U+22F5
    { 16, 16, 256, 0, 14, 64, 8865 }, // U+22F6
    { 8, 16, 128, 0, 14, 32, 8929 }, // U+22F7
    { 8, 16, 128, 0, 14, 32, 8961 }, // U+22F8
    { 16, 16, 256, 0, 14, 64, 8993 }, // U+22F9
    { 16, 16, 256, 0, 14, 64, 9057 }, // U+22FA
    { 16, 16, 256, 0, 14, 64, 9121 }, // U+22FB
    { 8, 16, 128, 0, 14, 32, 9185 }, // U+22FC
    { 16, 16, 256, 0, 14, 64, 9217 }, // U+22FD
    { 8, 16, 128, 0, 14, 32, 9281 }, // U+22FE
    { 16, 16, 256, 0, 14, 64, 9313 }, // U+22FF
    { 8, 16, 128, 0, 14, 32, 0 }, // U+FB00
    { 20, 25, 320, 3, 25, 125, 32 }, // U+FB01
    { 20, 25, 320, 3, 25, 125, 157 }, // U+FB02
    { 8, 16, 128, 0, 14, 32, 282 }, // U+FB03
    { 8, 16, 128, 0, 14, 32, 314 }, // U+FB04
    { 8, 16, 128, 0, 14, 32, 346 }, // U+FB05
    { 8, 16, 128, 0, 14, 32, 378 }, // U+FB06
    { 8, 16, 128, 0, 14, 32, 0 }, // U+FFFD
};

static const EpdUnicodeInterval helvetica_16_bolditalicIntervals[] = {
    { 0x0, 0x17F, 0x0 },
    { 0x1A0, 0x1A1, 0x180 },
    { 0x1AF, 0x1B0, 0x182 },
    { 0x1C4, 0x21F, 0x184 },
    { 0x300, 0x36F, 0x1E0 },
    { 0x400, 0x4FF, 0x250 },
    { 0x1E0C, 0x1E0D, 0x350 },
    { 0x1E24, 0x1E25, 0x352 },
    { 0x1E36, 0x1E3B, 0x354 },
    { 0x1E40, 0x1E49, 0x35A },
    { 0x1E5A, 0x1E5F, 0x364 },
    { 0x1E62, 0x1E63, 0x36A },
    { 0x1E6C, 0x1E6D, 0x36C },
    { 0x1EA0, 0x1EF9, 0x36E },
    { 0x2000, 0x20CF, 0x3C8 },
    { 0x2190, 0x22FF, 0x498 },
    { 0xFB00, 0xFB06, 0x608 },
    { 0xFFFD, 0xFFFD, 0x60F },
};

static const EpdFontGroup helvetica_16_bolditalicGroups[] = {
    { 0, 2834, 12690, 128, 0 },
    { 2834, 2564, 14152, 128, 128 },
    { 5398, 2576, 19346, 128, 256 },
    { 7974, 1815, 10703, 96, 384 },
    { 9789, 461, 3840, 112, 480 },
    { 10250, 1369, 8256, 256, 592 },
    { 11619, 643, 4511, 30, 848 },
    { 12262, 1362, 12327, 90, 878 },
    { 13624, 989, 4431, 112, 968 },
    { 14613, 312, 1643, 48, 1080 },
    { 14925, 683, 2653, 48, 1128 },
    { 15608, 743, 3840, 112, 1176 },
    { 16351, 1754, 9468, 256, 1288 },
    { 18105, 117, 410, 7, 1544 },
    { 18222, 23, 32, 1, 1551 },
};

static const EpdLigaturePair helvetica_16_bolditalicLigaturePairs[] = {
    { 0x00660069, 0xFB01 }, // f i -> U+FB01
    { 0x0066006C, 0xFB02 }, // f l -> U+FB02
};

static const EpdFontData helvetica_16_bolditalic = {
    helvetica_16_bolditalicBitmaps,
    helvetica_16_bolditalicGlyphs,
    helvetica_16_bolditalicIntervals,
    18,
    35,
    28,
    -7,
    true,
    helvetica_16_bolditalicGroups,
    15,
    nullptr,
    nullptr,
    nullptr,
    nullptr,
    nullptr,
    nullptr,
    nullptr,
    nullptr,
    nullptr,
    nullptr,
    nullptr,
    0,
    0,
    0,
    0,
    helvetica_16_bolditalicLigaturePairs,
    2,
};
