/**
 * generated by fontconvert.py
 * name: helveticaui_12_regular
 * size: 12
 * mode: 1-bit
 * Command used: fontconvert.py helveticaui_12_regular 12 ../../../x11/font-adobe-100dpi-1.0.4/helvR18.bdf ../../../x11/unifont-18.0.01.bdf --additional-intervals 0x05D0,0x05EA --additional-intervals 0x060C,0x060C --additional-intervals 0x061B,0x061B --additional-intervals 0x061F,0x061F --additional-intervals 0x0621,0x0621 --additional-intervals 0x0640,0x0640 --additional-intervals 0x0654,0x0654 --additional-intervals 0x0660,0x0669 --additional-intervals 0x06BA,0x06BA --additional-intervals 0x06D4,0x06D4 --additional-intervals 0x06D5,0x06D5 --additional-intervals 0x06F0,0x06F9 --additional-intervals 0xFB56,0xFB59 --additional-intervals 0xFB66,0xFB69 --additional-intervals 0xFB7A,0xFB7D --additional-intervals 0xFB88,0xFB95 --additional-intervals 0xFB9E,0xFB9F --additional-intervals 0xFBA6,0xFBB1 --additional-intervals 0xFBFC,0xFBFF --additional-intervals 0xFE80,0xFEFC
 */
#pragma once
#include "EpdFontData.h"

static const uint8_t helveticaui_12_regularBitmaps[36498] = {
    0xAA, 0xA8, 0x00, 0x20, 0x02, 0x00, 0x08, 0x00, 0x80, 0x02, 0x00, 0x20, 0x00, 0x80, 0x08, 0x00,
    0x20, 0x02, 0x00, 0x08, 0x00, 0x80, 0x02, 0x00, 0x20, 0x00, 0x80, 0x08, 0x00, 0x2A, 0xAA, 0xAA,
    0xAA, 0x00, 0x01, 0x80, 0x00, 0x00, 0x01, 0x80, 0x00, 0x39, 0x93, 0xC2, 0x52, 0x32, 0x5F, 0x8A,
    0x52, 0x71, 0x93, 0x80, 0x00, 0x00, 0x01, 0x80, 0x00, 0x00, 0x01, 0x80, 0x00, 0x55, 0x55, 0xAA,
    0xAA, 0x00, 0x01, 0x80, 0x00, 0x00, 0x01, 0x80, 0x00, 0x3B, 0xA5, 0xC1, 0x24, 0x31, 0x19, 0x89,
    0x24, 0x71, 0x25, 0x80, 0x00, 0x00, 0x01, 0x80, 0x00, 0x00, 0x01, 0x80, 0x00, 0x55, 0x55, 0xAA,
    0xAA, 0x00, 0x01, 0x80, 0x00, 0x00, 0x01, 0x80, 0x00, 0x7B, 0xA5, 0xC1, 0x24, 0x79, 0x19, 0xC1,
    0x24, 0x79, 0x25, 0x80, 0x00, 0x00, 0x01, 0x80, 0x00, 0x00, 0x01, 0x80, 0x00, 0x55, 0x55, 0xAA,
    0xAA, 0x00, 0x01, 0x80, 0x00, 0x00, 0x01, 0x80, 0x00, 0x79, 0xBF, 0xC2, 0x48, 0x7A, 0x49, 0xC2,
    0x48, 0x79, 0x89, 0x80, 0x00, 0x00, 0x01, 0x80, 0x00, 0x00, 0x01, 0x80, 0x00, 0x55, 0x55, 0xAA,
    0xAA, 0x00, 0x01, 0x80, 0x00, 0x00, 0x01, 0x80, 0x00, 0x7A, 0x4D, 0xC2, 0x52, 0x7B, 0x53, 0xC2,
    0xD6, 0x7A, 0x4F, 0x80, 0x00, 0x00, 0x01, 0x80, 0x00, 0x00, 0x01, 0x80, 0x00, 0x55, 0x55, 0xAA,
    0xAA, 0x00, 0x01, 0x80, 0x00, 0x00, 0x01, 0x80, 0x00, 0x31, 0xA5, 0xCA, 0x28, 0x7A, 0x31, 0xCA,
    0x28, 0x49, 0xA5, 0x80, 0x00, 0x00, 0x01, 0x80, 0x00, 0x00, 0x01, 0x80, 0x00, 0x55, 0x55, 0xAA,
    0xAA, 0x00, 0x01, 0x80, 0x00, 0x00, 0x01, 0x80, 0x00, 0x73, 0xD1, 0xCA, 0x10, 0x73, 0xD1, 0xCA,
    0x10, 0x73, 0xDF, 0x80, 0x00, 0x00, 0x01, 0x80, 0x00, 0x00, 0x01, 0x80, 0x00, 0x55, 0x55, 0xAA,
    0xAA, 0x00, 0x01, 0x80, 0x00, 0x00, 0x01, 0x80, 0x00, 0x1E, 0x39, 0x91, 0x40, 0x1E, 0x31, 0x91,
    0x08, 0x1E, 0x71, 0x80, 0x00, 0x00, 0x01, 0x80, 0x00, 0x00, 0x01, 0x80, 0x00, 0x55, 0x55, 0xAA,
    0xAA, 0x00, 0x01, 0x80, 0x00, 0x00, 0x01, 0x80, 0x00, 0x22, 0xF9, 0xA2, 0x20, 0x3E, 0x21, 0xA2,
    0x20, 0x22, 0x21, 0x80, 0x00, 0x00, 0x01, 0x80, 0x00, 0x00, 0x01, 0x80, 0x00, 0x55, 0x55, 0xAA,
    0xAA, 0x00, 0x01, 0x80, 0x00, 0x00, 0x01, 0x80, 0x00, 0x20, 0xF9, 0xA0, 0x80, 0x20, 0xF9, 0xA0,
    0x80, 0x3E, 0x81, 0x80, 0x00, 0x00, 0x01, 0x80, 0x00, 0x00, 0x01, 0x80, 0x00, 0x55, 0x55, 0xAA,
    0xAA, 0x00, 0x01, 0x80, 0x00, 0x00, 0x01, 0x80, 0x00, 0x22, 0xF9, 0xA2, 0x20, 0x22, 0x21, 0x94,
    0x20, 0x08, 0x21, 0x80, 0x00, 0x00, 0x01, 0x80, 0x00, 0x00, 0x01, 0x80, 0x00, 0x55, 0x55, 0xAA,
    0xAA, 0x00, 0x01, 0x80, 0x00, 0x00, 0x01, 0x80, 0x00, 0x3E, 0xF9, 0xA0, 0x80, 0x3E, 0xF9, 0xA0,
    0x80, 0x20, 0x81, 0x80, 0x00, 0x00, 0x01, 0x80, 0x00, 0x00, 0x01, 0x80, 0x00, 0x55, 0x55, 0xAA,
    0xAA, 0x00, 0x01, 0x80, 0x00, 0x00, 0x01, 0x80, 0x00, 0x1E, 0xF1, 0xA0, 0x88, 0x20, 0xF1, 0xA0,
    0x90, 0x1E, 0x89, 0x80, 0x00, 0x00, 0x01, 0x80, 0x00, 0x00, 0x01, 0x80, 0x00, 0x55, 0x55, 0xAA,
    0xAA, 0x00, 0x01, 0x80, 0x00, 0x00, 0x01, 0x80, 0x00, 0x1E, 0x71, 0xA0, 0x88, 0x1C, 0x89, 0x82,
    0x88, 0x3C, 0x71, 0x80, 0x00, 0x00, 0x01, 0x80, 0x00, 0x00, 0x01, 0x80, 0x00, 0x55, 0x55, 0xAA,
    0xAA, 0x00, 0x01, 0x80, 0x00, 0x00, 0x01, 0x80, 0x00, 0x1E, 0xF9, 0xA0, 0x20, 0x1C, 0x21, 0x82,
    0x20, 0x3C, 0xF9, 0x80, 0x00, 0x00, 0x01, 0x80, 0x00, 0x00, 0x01, 0x80, 0x00, 0x55, 0x55, 0xAA,
    0xAA, 0x00, 0x01, 0x80, 0x00, 0x00, 0x01, 0x80, 0x00, 0x39, 0x1D, 0xA5, 0x10, 0x25, 0x1D, 0xA5,
    0x10, 0x39, 0xDD, 0x80, 0x00, 0x00, 0x01, 0x80, 0x00, 0x00, 0x01, 0x80, 0x00, 0x55, 0x55, 0xAA,
    0xAA, 0x00, 0x01, 0x80, 0x00, 0x00, 0x01, 0x80, 0x00, 0x71, 0x89, 0xCA, 0x18, 0x4A, 0x09, 0xCA,
    0x08, 0x71, 0x9D, 0x80, 0x00, 0x00, 0x01, 0x80, 0x00, 0x00, 0x01, 0x80, 0x00, 0x55, 0x55, 0xAA,
    0xAA, 0x00, 0x01, 0x80, 0x00, 0x00, 0x01, 0x80, 0x00, 0x71, 0x99, 0xCA, 0x04, 0x4A, 0x09, 0xCA,
    0x10, 0x71, 0x9D, 0x80, 0x00, 0x00, 0x01, 0x80, 0x00, 0x00, 0x01, 0x80, 0x00, 0x55, 0x55, 0xAA,
    0xAA, 0x00, 0x01, 0x80, 0x00, 0x00, 0x01, 0x80, 0x00, 0x71, 0x99, 0xCA, 0x04, 0x4A, 0x19, 0xCA,
    0x04, 0x71, 0x99, 0x80, 0x00, 0x00, 0x01, 0x80, 0x00, 0x00, 0x01, 0x80, 0x00, 0x55, 0x55, 0xAA,
    0xAA, 0x00, 0x01, 0x80, 0x00, 0x00, 0x01, 0x80, 0x00, 0x71, 0x85, 0xCA, 0x0C, 0x4A, 0x15, 0xCA,
    0x1C, 0x71, 0x85, 0x80, 0x00, 0x00, 0x01, 0x80, 0x00, 0x00, 0x01, 0x80, 0x00, 0x55, 0x55, 0xAA,
    0xAA, 0x00, 0x01, 0x80, 0x00, 0x00, 0x01, 0x80, 0x00, 0x49, 0x93, 0xEA, 0x54, 0x6A, 0x59, 0xDB,
    0xD4, 0x4A, 0x53, 0x80, 0x00, 0x00, 0x01, 0x80, 0x00, 0x00, 0x01, 0x80, 0x00, 0x55, 0x55, 0xAA,
    0xAA, 0x00, 0x01, 0x80, 0x00, 0x00, 0x01, 0x80, 0x00, 0x34, 0x53, 0xC2, 0x9A, 0x31, 0x17, 0x89,
    0x12, 0x71, 0x13, 0x80, 0x00, 0x00, 0x01, 0x80, 0x00, 0x00, 0x01, 0x80, 0x00, 0x55, 0x55, 0xAA,
    0xAA, 0x00, 0x01, 0x80, 0x00, 0x00, 0x01, 0x80, 0x00, 0x7B, 0xB9, 0xC1, 0x24, 0x79, 0x39, 0xC1,
    0x24, 0x79, 0x39, 0x80, 0x00, 0x00, 0x01, 0x80, 0x00, 0x00, 0x01, 0x80, 0x00, 0x55, 0x55, 0xAA,
    0xAA, 0x00, 0x01, 0x80, 0x00, 0x00, 0x01, 0x80, 0x00, 0x33, 0x25, 0xC4, 0xB4, 0x47, 0xAD, 0xC4,
    0xA4, 0x34, 0xA5, 0x80, 0x00, 0x00, 0x01, 0x80, 0x00, 0x00, 0x01, 0x80, 0x00, 0x55, 0x55, 0xAA,
    0xAA, 0x00, 0x01, 0x80, 0x00, 0x00, 0x01, 0x80, 0x00, 0x3E, 0x89, 0xA0, 0xD8, 0x3E, 0xA9, 0xA0,
    0x88, 0x3E, 0x89, 0x80, 0x00, 0x00, 0x01, 0x80, 0x00, 0x00, 0x01, 0x80, 0x00, 0x55, 0x55, 0xAA,
    0xAA, 0x00, 0x01, 0x80, 0x00, 0x00, 0x01, 0x80, 0x00, 0x3A, 0x5D, 0xC2, 0x52, 0x32, 0x5D, 0x8A,
    0x52, 0x71, 0x9D, 0x80, 0x00, 0x00, 0x01, 0x80, 0x00, 0x00, 0x01, 0x80, 0x00, 0x55, 0x55, 0xAA,
    0xAA, 0x00, 0x01, 0x80, 0x00, 0x00, 0x01, 0x80, 0x00, 0x79, 0xCF, 0xC2, 0x10, 0x79, 0x91, 0xC0,
    0x50, 0x7B, 0x8F, 0x80, 0x00, 0x00, 0x01, 0x80, 0x00, 0x00, 0x01, 0x80, 0x00, 0x55, 0x55, 0xAA,
    0xAA, 0x00, 0x01, 0x80, 0x00, 0x00, 0x01, 0x80, 0x00, 0x1E, 0x71, 0x90, 0x80, 0x1E, 0x61, 0x90,
    0x10, 0x10, 0xE1, 0x80, 0x00, 0x00, 0x01, 0x80, 0x00, 0x00, 0x01, 0x80, 0x00, 0x55, 0x55, 0xAA,
    0xAA, 0x00, 0x01, 0x80, 0x00, 0x00, 0x01, 0x80, 0x00, 0x0E, 0x71, 0x90, 0x80, 0x16, 0x61, 0x92,
    0x10, 0x0E, 0xE1, 0x80, 0x00, 0x00, 0x01, 0x80, 0x00, 0x00, 0x01, 0x80, 0x00, 0x55, 0x55, 0xAA,
    0xAA, 0x00, 0x01, 0x80, 0x00, 0x00, 0x01, 0x80, 0x00, 0x1C, 0x71, 0x92, 0x80, 0x1C, 0x61, 0x94,
    0x10, 0x12, 0xE1, 0x80, 0x00, 0x00, 0x01, 0x80, 0x00, 0x00, 0x01, 0x80, 0x00, 0x55, 0x55, 0xAA,
    0xAA, 0x00, 0x01, 0x80, 0x00, 0x00, 0x01, 0x80, 0x00, 0x12, 0x71, 0x92, 0x80, 0x12, 0x61, 0x92,
    0x10, 0x0C, 0xE1, 0x80, 0x00, 0x00, 0x01, 0x80, 0x00, 0x00, 0x01, 0x80, 0x00, 0x55, 0x55, 0x00,
    0xFF, 0xFF, 0xFF, 0xA0, 0xFC, 0xCF, 0x3C, 0xF3, 0xCD, 0x10, 0x0C, 0xC1, 0x98, 0x33, 0x0C, 0xCF,
    0xFF, 0xFF, 0xC6, 0x60, 0xCC, 0x33, 0x06, 0x63, 0xFF, 0xFF, 0xF3, 0x30, 0x66, 0x19, 0x83, 0x30,
    0x66, 0x00, 0x06, 0x00, 0xC0, 0x7E, 0x1F, 0xE7, 0x6E, 0xCC, 0xD9, 0x9B, 0x30, 0x76, 0x07, 0xC0,
    0xF8, 0x07, 0xC0, 0x7C, 0x0D, 0xC1, 0x9E, 0x33, 0xC6, 0x7C, 0xDD, 0xFF, 0x1F, 0xC0, 0x60, 0x0C,
    0x00, 0x00, 0x06, 0x07, 0x81, 0x81, 0xF8, 0x30, 0x61, 0x8C, 0x0C, 0x31, 0x81, 0x86, 0x60, 0x30,
    0xCC, 0x03, 0xF3, 0x00, 0x3C, 0x60, 0x00, 0x18, 0x00, 0x03, 0x1E, 0x00, 0xC7, 0xE0, 0x19, 0x86,
    0x06, 0x30, 0xC0, 0xC6, 0x18, 0x30, 0xC3, 0x06, 0x0F, 0xC0, 0x80, 0xF0, 0x0F, 0x00, 0x7E, 0x03,
    0x9C, 0x0C, 0x30, 0x30, 0xC0, 0xC3, 0x01, 0x98, 0x03, 0xC0, 0x1E, 0x00, 0xFC, 0x67, 0x39, 0x98,
    0x76, 0xC0, 0xF3, 0x01, 0x8C, 0x0F, 0x38, 0x76, 0x7F, 0x9C, 0x78, 0x00, 0xFF, 0xD0, 0x18, 0xCC,
    0x66, 0x31, 0x98, 0xC6, 0x31, 0x8C, 0x63, 0x18, 0xC3, 0x18, 0xC3, 0x18, 0x63, 0xC6, 0x18, 0xC3,
    0x18, 0xC3, 0x18, 0xC6, 0x31, 0x8C, 0x63, 0x19, 0x8C, 0x66, 0x33, 0x18, 0x10, 0x23, 0x5B, 0xE3,
    0x8D, 0x91, 0x00, 0x06, 0x00, 0x60, 0x06, 0x00, 0x60, 0x06, 0x0F, 0xFF, 0xFF, 0xF0, 0x60, 0x06,
    0x00, 0x60, 0x06, 0x00, 0x60, 0xFD, 0x60, 0xFF, 0xF0, 0xFC, 0x06, 0x08, 0x30, 0x60, 0x83, 0x06,
    0x08, 0x10, 0x60, 0xC1, 0x06, 0x0C, 0x10, 0x60, 0xC1, 0x02, 0x00, 0x1F, 0x07, 0xF1, 0xC7, 0x30,
    0x66, 0x0D, 0xC1, 0xF0, 0x1E, 0x03, 0xC0, 0x78, 0x0F, 0x01, 0xE0, 0x3E, 0x0E, 0xC1, 0x98, 0x33,
    0x8E, 0x3F, 0x83, 0xE0, 0x0C, 0x31, 0xFF, 0xFC, 0x30, 0xC3, 0x0C, 0x30, 0xC3, 0x0C, 0x30, 0xC3,
    0x0C, 0x30, 0x1E, 0x0F, 0xF1, 0x87, 0x60, 0x6C, 0x07, 0x80, 0xC0, 0x38, 0x06, 0x01, 0xC0, 0x70,
    0x3C, 0x0E, 0x03, 0x80, 0xE0, 0x38, 0x06, 0x00, 0xFF, 0xFF, 0xFC, 0x1F, 0x0F, 0xF1, 0x86, 0x60,
    0x6C, 0x0D, 0x81, 0x80, 0x30, 0x0C, 0x0F, 0x01, 0xF8, 0x03, 0x00, 0x30, 0x07, 0x80, 0xF0, 0x33,
    0x0E, 0x7F, 0x83, 0xE0, 0x01, 0x80, 0x70, 0x0E, 0x03, 0xC0, 0xF8, 0x1B, 0x06, 0x61, 0xCC, 0x31,
    0x8C, 0x33, 0x86, 0x60, 0xCF, 0xFF, 0xFF, 0xC0, 0x60, 0x0C, 0x01, 0x80, 0x30, 0x7F, 0xCF, 0xF9,
    0x80, 0x30, 0x06, 0x00, 0xC0, 0x1F, 0x83, 0xFC, 0x71, 0xC0, 0x18, 0x03, 0x80, 0x30, 0x07, 0x81,
    0xF0, 0x37, 0x0E, 0x7F, 0x83, 0xC0, 0x0F, 0x07, 0xF9, 0xC3, 0x30, 0x3E, 0x07, 0x80, 0x30, 0x06,
    0x78, 0xDF, 0x9E, 0x3B, 0x83, 0x60, 0x3C, 0x07, 0x80, 0xF8, 0x3B, 0x8E, 0x7F, 0xC3, 0xE0, 0xFF,
    0xFF, 0xFC, 0x03, 0x80, 0x60, 0x18, 0x03, 0x00, 0xC0, 0x18, 0x06, 0x00, 0xC0, 0x30, 0x06, 0x01,
    0xC0, 0x30, 0x06, 0x01, 0xC0, 0x30, 0x06, 0x00, 0x0E, 0x07, 0xF0, 0xC6, 0x30, 0x66, 0x0C, 0xC1,
    0x8C, 0x60, 0xF8, 0x3F, 0x8E, 0x39, 0x83, 0x60, 0x3C, 0x07, 0x80, 0xF0, 0x1B, 0x06, 0x7F, 0xC3,
    0xE0, 0x1F, 0x0F, 0xF9, 0xC7, 0x70, 0x6C, 0x07, 0x80, 0xF0, 0x1E, 0x03, 0xE0, 0xEE, 0x3D, 0xFD,
    0x8F, 0x30, 0x06, 0x01, 0xF0, 0x37, 0x0E, 0x7F, 0x83, 0xC0, 0xFC, 0x00, 0x03, 0xF0, 0xFC, 0x00,
    0x03, 0xF5, 0x80, 0x00, 0x30, 0x0F, 0x03, 0xC0, 0xF0, 0x3C, 0x0E, 0x00, 0xE0, 0x03, 0xC0, 0x0F,
    0x00, 0x3C, 0x00, 0xF0, 0x03, 0xFF, 0xFF, 0xF0, 0x03, 0xFF, 0xFF, 0xC0, 0xC0, 0x0F, 0x00, 0x3C,
    0x00, 0xF0, 0x03, 0xC0, 0x07, 0x00, 0x70, 0x3C, 0x0F, 0x03, 0xC0, 0xF0, 0x0C, 0x00, 0x1F, 0x1F,
    0xE7, 0x1F, 0x83, 0xC0, 0xF0, 0x70, 0x18, 0x0E, 0x07, 0x01, 0x80, 0xC0, 0x30, 0x0C, 0x03, 0x00,
    0x00, 0x00, 0x0C, 0x03, 0x00, 0xC0, 0x00, 0xFF, 0x00, 0x0F, 0xFF, 0x00, 0xF0, 0x1E, 0x07, 0x00,
    0x1C, 0x38, 0x00, 0x18, 0xC0, 0x00, 0x66, 0x07, 0x30, 0xD8, 0x3E, 0xC3, 0xC1, 0xC7, 0x0F, 0x0E,
    0x18, 0x3C, 0x30, 0x60, 0xF1, 0x81, 0x83, 0xC6, 0x0C, 0x1F, 0x18, 0x30, 0x6C, 0x60, 0xC3, 0xB9,
    0xC7, 0x1C, 0x63, 0xF7, 0xE1, 0xC7, 0x8E, 0x03, 0x80, 0x00, 0x07, 0x00, 0x00, 0x0F, 0x03, 0x00,
    0x1F, 0xFC, 0x00, 0x0F, 0xC0, 0x00, 0x03, 0x80, 0x07, 0x00, 0x1B, 0x00, 0x36, 0x00, 0xC4, 0x01,
    0x8C, 0x03, 0x18, 0x0C, 0x18, 0x18, 0x30, 0x30, 0x60, 0xC0, 0x61, 0xFF, 0xC3, 0xFF, 0x8C, 0x01,
    0x98, 0x03, 0x30, 0x06, 0xC0, 0x07, 0x80, 0x0F, 0x00, 0x18, 0xFF, 0xC3, 0xFF, 0xCC, 0x07, 0x30,
    0x06, 0xC0, 0x1B, 0x00, 0x6C, 0x01, 0xB0, 0x0C, 0xFF, 0xE3, 0xFF, 0xCC, 0x01, 0xB0, 0x03, 0xC0,
    0x0F, 0x00, 0x3C, 0x00, 0xF0, 0x07, 0xC0, 0x7B, 0xFF, 0xCF, 0xFC, 0x00, 0x07, 0xE0, 0x3F, 0xF0,
    0xF0, 0xF3, 0x80, 0x76, 0x00, 0x7C, 0x00, 0xF0, 0x00, 0x60, 0x00, 0xC0, 0x01, 0x80, 0x03, 0x00,
    0x06, 0x00, 0x0C, 0x00, 0x1C, 0x00, 0xD8, 0x01, 0xB8, 0x07, 0x3C, 0x3C, 0x3F, 0xF0, 0x1F, 0x80,
    0xFF, 0xC1, 0xFF, 0xE3, 0x01, 0xE6, 0x00, 0xEC, 0x00, 0xD8, 0x01, 0xF0, 0x01, 0xE0, 0x03, 0xC0,
    0x07, 0x80, 0x0F, 0x00, 0x1E, 0x00, 0x3C, 0x00, 0x78, 0x01, 0xF0, 0x03, 0x60, 0x0E, 0xC0, 0x79,
    0xFF, 0xE3, 0xFF, 0x00, 0xFF, 0xFF, 0xFF, 0xC0, 0x0C, 0x00, 0xC0, 0x0C, 0x00, 0xC0, 0x0C, 0x00,
    0xFF, 0xEF, 0xFE, 0xC0, 0x0C, 0x00, 0xC0, 0x0C, 0x00, 0xC0, 0x0C, 0x00, 0xC0, 0x0F, 0xFF, 0xFF,
    0xF0, 0xFF, 0xFF, 0xFF, 0x00, 0x60, 0x0C, 0x01, 0x80, 0x30, 0x06, 0x00, 0xFF, 0xDF, 0xFB, 0x00,
    0x60, 0x0C, 0x01, 0x80, 0x30, 0x06, 0x00, 0xC0, 0x18, 0x03, 0x00, 0x00, 0x07, 0xE0, 0x1F, 0xF8,
    0x3C, 0x3C, 0x70, 0x0E, 0x60, 0x06, 0xE0, 0x06, 0xC0, 0x00, 0xC0, 0x00, 0xC0, 0x00, 0xC0, 0x7F,
    0xC0, 0x7F, 0xC0, 0x03, 0xC0, 0x03, 0xE0, 0x03, 0x60, 0x07, 0x70, 0x0F, 0x3C, 0x3F, 0x1F, 0xFB,
    0x07, 0xE3, 0xC0, 0x0F, 0x00, 0x3C, 0x00, 0xF0, 0x03, 0xC0, 0x0F, 0x00, 0x3C, 0x00, 0xF0, 0x03,
    0xFF, 0xFF, 0xFF, 0xFC, 0x00, 0xF0, 0x03, 0xC0, 0x0F, 0x00, 0x3C, 0x00, 0xF0, 0x03, 0xC0, 0x0F,
    0x00, 0x3C, 0x00, 0xC0, 0xFF, 0xFF, 0xFF, 0xFF, 0xFC, 0x00, 0xC0, 0x30, 0x0C, 0x03, 0x00, 0xC0,
    0x30, 0x0C, 0x03, 0x00, 0xC0, 0x30, 0x0C, 0x03, 0xC0, 0xF0, 0x3C, 0x0F, 0x03, 0x61, 0x9F, 0xE3,
    0xF0, 0xC0, 0x3E, 0x03, 0xB0, 0x39, 0x83, 0x8C, 0x38, 0x63, 0x83, 0x38, 0x1B, 0x80, 0xFC, 0x07,
    0xF0, 0x39, 0xC1, 0x87, 0x0C, 0x18, 0x60, 0xE3, 0x03, 0x98, 0x0C, 0xC0, 0x76, 0x01, 0xF0, 0x06,
    0xC0, 0x18, 0x03, 0x00, 0x60, 0x0C, 0x01, 0x80, 0x30, 0x06, 0x00, 0xC0, 0x18, 0x03, 0x00, 0x60,
    0x0C, 0x01, 0x80, 0x30, 0x06, 0x00, 0xC0, 0x1F, 0xFF, 0xFF, 0x80, 0xC0, 0x01, 0xF0, 0x01, 0xF8,
    0x00, 0xFE, 0x00, 0xFF, 0x00, 0x7E, 0xC0, 0x6F, 0x60, 0x37, 0xB0, 0x1B, 0xCC, 0x19, 0xE6, 0x0C,
    0xF3, 0x06, 0x78, 0xC6, 0x3C, 0x63, 0x1E, 0x31, 0x8F, 0x0D, 0x87, 0x86, 0xC3, 0xC3, 0x61, 0xE0,
    0xE0, 0xF0, 0x70, 0x60, 0xE0, 0x0F, 0xC0, 0x3F, 0x00, 0xF6, 0x03, 0xDC, 0x0F, 0x30, 0x3C, 0xE0,
    0xF1, 0x83, 0xC7, 0x0F, 0x0C, 0x3C, 0x38, 0xF0, 0x63, 0xC1, 0xCF, 0x03, 0x3C, 0x0E, 0xF0, 0x1B,
    0xC0, 0x3F, 0x00, 0xFC, 0x01, 0xC0, 0x07, 0xE0, 0x1F, 0xF8, 0x3C, 0x3C, 0x70, 0x0E, 0x60, 0x06,
    0xE0, 0x07, 0xC0, 0x03, 0xC0, 0x03, 0xC0, 0x03, 0xC0, 0x03, 0xC0, 0x03, 0xC0, 0x03, 0xC0, 0x03,
    0xE0, 0x07, 0x60, 0x06, 0x70, 0x0E, 0x3C, 0x3C, 0x1F, 0xF8, 0x07, 0xE0, 0xFF, 0xE7, 0xFF, 0xB0,
    0x0D, 0x80, 0x3C, 0x01, 0xE0, 0x0F, 0x00, 0x78, 0x06, 0xFF, 0xF7, 0xFF, 0x30, 0x01, 0x80, 0x0C,
    0x00, 0x60, 0x03, 0x00, 0x18, 0x00, 0xC0, 0x06, 0x00, 0x30, 0x00, 0x07, 0xE0, 0x1F, 0xF8, 0x3C,
    0x3C, 0x70, 0x0E, 0x60, 0x06, 0xE0, 0x07, 0xC0, 0x03, 0xC0, 0x03, 0xC0, 0x03, 0xC0, 0x03, 0xC0,
    0x03, 0xC0, 0x03, 0xC0, 0x03, 0xE0, 0x07, 0x60, 0xE6, 0x70, 0x7E, 0x3C, 0x1C, 0x1F, 0xFE, 0x07,
    0xE7, 0xFF, 0xE7, 0xFF, 0xB0, 0x0D, 0x80, 0x3C, 0x01, 0xE0, 0x0F, 0x00, 0x78, 0x06, 0xFF, 0xF7,
    0xFF, 0x30, 0x1D, 0x80, 0x6C, 0x01, 0xE0, 0x0F, 0x00, 0x78, 0x03, 0xC0, 0x1E, 0x00, 0xF0, 0x06,
    0x0F, 0x81, 0xFF, 0x18, 0x19, 0x80, 0x6C, 0x03, 0x60, 0x03, 0x80, 0x0F, 0x80, 0x3F, 0x80, 0x3F,
    0x00, 0x3C, 0x00, 0x70, 0x01, 0x80, 0x0F, 0x00, 0x78, 0x07, 0xF0, 0x73, 0xFF, 0x07, 0xE0, 0xFF,
    0xFF, 0xFF, 0xF0, 0x30, 0x00, 0xC0, 0x03, 0x00, 0x0C, 0x00, 0x30, 0x00, 0xC0, 0x03, 0x00, 0x0C,
    0x00, 0x30, 0x00, 0xC0, 0x03, 0x00, 0x0C, 0x00, 0x30, 0x00, 0xC0, 0x03, 0x00, 0x0C, 0x00, 0x30,
    0x00, 0xC0, 0x0F, 0x00, 0x3C, 0x00, 0xF0, 0x03, 0xC0, 0x0F, 0x00, 0x3C, 0x00, 0xF0, 0x03, 0xC0,
    0x0F, 0x00, 0x3C, 0x00, 0xF0, 0x03, 0xC0, 0x0F, 0x00, 0x3C, 0x00, 0xD8, 0x06, 0x70, 0x38, 0xFF,
    0xC0, 0xFC, 0x00, 0xC0, 0x07, 0x80, 0x0F, 0x80, 0x3B, 0x00, 0x67, 0x01, 0xC6, 0x03, 0x0C, 0x06,
    0x1C, 0x1C, 0x18, 0x30, 0x30, 0x60, 0x71, 0xC0, 0x63, 0x00, 0xC6, 0x01, 0xDC, 0x01, 0xB0, 0x03,
    0x60, 0x03, 0x80, 0x07, 0x00, 0x0E, 0x00, 0xC0, 0x60, 0x3C, 0x06, 0x03, 0xC0, 0x60, 0x3C, 0x0F,
    0x03, 0x60, 0xF0, 0x66, 0x19, 0x86, 0x61, 0x98, 0x66, 0x19, 0x86, 0x61, 0x98, 0x63, 0x19, 0x8C,
    0x33, 0x0C, 0xC3, 0x30, 0xCC, 0x33, 0x0C, 0xC1, 0xB0, 0xD8, 0x1B, 0x0D, 0x81, 0xE0, 0x78, 0x0E,
    0x07, 0x00, 0xC0, 0x30, 0x0C, 0x03, 0x00, 0xC0, 0x07, 0xC0, 0x1D, 0xC0, 0x71, 0x80, 0xC1, 0x83,
    0x03, 0x8E, 0x03, 0xB8, 0x03, 0xE0, 0x03, 0x80, 0x07, 0x00, 0x1F, 0x00, 0x77, 0x00, 0xC6, 0x03,
    0x8E, 0x0E, 0x0E, 0x18, 0x0C, 0x60, 0x0D, 0xC0, 0x1F, 0x00, 0x18, 0xC0, 0x0F, 0x80, 0x76, 0x01,
    0x9C, 0x0E, 0x30, 0x30, 0xE1, 0xC1, 0x86, 0x07, 0x38, 0x0C, 0xC0, 0x3F, 0x00, 0x78, 0x01, 0xE0,
    0x03, 0x00, 0x0C, 0x00, 0x30, 0x00, 0xC0, 0x03, 0x00, 0x0C, 0x00, 0x30, 0x00, 0xFF, 0xFF, 0xFF,
    0xC0, 0x0E, 0x00, 0xE0, 0x0E, 0x00, 0xE0, 0x07, 0x00, 0x70, 0x07, 0x00, 0x38, 0x03, 0x80, 0x38,
    0x01, 0xC0, 0x1C, 0x01, 0xC0, 0x0E, 0x00, 0xE0, 0x07, 0xFF, 0xFF, 0xFE, 0xFF, 0xCC, 0xCC, 0xCC,
    0xCC, 0xCC, 0xCC, 0xCC, 0xCC, 0xCC, 0xCC, 0xFF, 0xC0, 0x40, 0x40, 0x60, 0x20, 0x20, 0x30, 0x10,
    0x10, 0x10, 0x18, 0x08, 0x08, 0x0C, 0x04, 0x04, 0x06, 0x02, 0x03, 0xFF, 0x33, 0x33, 0x33, 0x33,
    0x33, 0x33, 0x33, 0x33, 0x33, 0x33, 0xFF, 0x0C, 0x03, 0x01, 0xE0, 0x48, 0x33, 0x18, 0x66, 0x1B,
    0x03, 0xC0, 0xC0, 0xFF, 0xFF, 0xFF, 0xF0, 0xC3, 0x0C, 0x30, 0x1F, 0x07, 0xF1, 0x87, 0x30, 0x60,
    0x0C, 0x0F, 0x8F, 0xF3, 0xC6, 0xE0, 0xD8, 0x1B, 0x07, 0x71, 0xE7, 0xEE, 0x78, 0xC0, 0xC0, 0x18,
    0x03, 0x00, 0x60, 0x0C, 0x01, 0x9E, 0x37, 0xE7, 0x8E, 0xE0, 0xD8, 0x1F, 0x01, 0xE0, 0x3C, 0x07,
    0x80, 0xF0, 0x3F, 0x06, 0xF1, 0xDB, 0xF3, 0x3C, 0x00, 0x1F, 0x0F, 0xE7, 0x1D, 0x83, 0xE0, 0x30,
    0x0C, 0x03, 0x00, 0xC0, 0x38, 0x06, 0x0D, 0xC7, 0x3F, 0x87, 0xC0, 0x00, 0x60, 0x0C, 0x01, 0x80,
    0x30, 0x06, 0x3C, 0xCF, 0xDB, 0x8F, 0x60, 0xFC, 0x0F, 0x01, 0xE0, 0x3C, 0x07, 0x80, 0xF8, 0x1B,
    0x07, 0x71, 0xE7, 0xEC, 0x79, 0x80, 0x0E, 0x07, 0xF1, 0xC7, 0x30, 0x6C, 0x07, 0x80, 0xFF, 0xFF,
    0xFF, 0xC0, 0x18, 0x01, 0x81, 0xB8, 0x73, 0xFC, 0x1E, 0x00, 0x1C, 0xF3, 0x0C, 0x33, 0xFF, 0xCC,
    0x30, 0xC3, 0x0C, 0x30, 0xC3, 0x0C, 0x30, 0xC3, 0x00, 0x1E, 0x67, 0xED, 0xC7, 0xB0, 0x7E, 0x07,
    0x80, 0xF0, 0x1E, 0x03, 0xC0, 0x7C, 0x0D, 0x83, 0xB8, 0xF3, 0xF6, 0x3C, 0xC0, 0x1E, 0x03, 0xE0,
    0xCF, 0xF8, 0x7C, 0x00, 0xC0, 0x30, 0x0C, 0x03, 0x00, 0xC0, 0x33, 0x8D, 0xFB, 0xC6, 0xE0, 0xF0,
    0x3C, 0x0F, 0x03, 0xC0, 0xF0, 0x3C, 0x0F, 0x03, 0xC0, 0xF0, 0x3C, 0x0C, 0xFC, 0x3F, 0xFF, 0xFF,
    0xFC, 0x33, 0x30, 0x03, 0x33, 0x33, 0x33, 0x33, 0x33, 0x33, 0x33, 0x33, 0xFE, 0xC0, 0x30, 0x0C,
    0x03, 0x00, 0xC0, 0x30, 0x6C, 0x3B, 0x1C, 0xCE, 0x37, 0x0F, 0x83, 0xF0, 0xCE, 0x31, 0x8C, 0x73,
    0x0E, 0xC1, 0xB0, 0x7C, 0x0C, 0xFF, 0xFF, 0xFF, 0xFF, 0xFC, 0xCE, 0x3C, 0xFF, 0x7E, 0xE3, 0xC7,
    0xC1, 0x83, 0xC1, 0x83, 0xC1, 0x83, 0xC1, 0x83, 0xC1, 0x83, 0xC1, 0x83, 0xC1, 0x83, 0xC1, 0x83,
    0xC1, 0x83, 0xC1, 0x83, 0xC1, 0x83, 0xCE, 0x37, 0xEF, 0x1B, 0x83, 0xC0, 0xF0, 0x3C, 0x0F, 0x03,
    0xC0, 0xF0, 0x3C, 0x0F, 0x03, 0xC0, 0xF0, 0x30, 0x1F, 0x07, 0xF1, 0xC7, 0x30, 0x6E, 0x0F, 0x80,
    0xF0, 0x1E, 0x03, 0xC0, 0x7C, 0x1D, 0x83, 0x38, 0xE3, 0xF8, 0x3E, 0x00, 0xCF, 0x1B, 0xF3, 0xC7,
    0x70, 0x6C, 0x0F, 0x80, 0xF0, 0x1E, 0x03, 0xC0, 0x78, 0x1F, 0x83, 0x78, 0xED, 0xF9, 0x9E, 0x30,
    0x06, 0x00, 0xC0, 0x18, 0x03, 0x00, 0x00, 0x1E, 0x67, 0xED, 0xC7, 0xB0, 0x7E, 0x07, 0x80, 0xF0,
    0x1E, 0x03, 0xC0, 0x7C, 0x0D, 0x83, 0xB8, 0xF3, 0xF6, 0x3C, 0xC0, 0x18, 0x03, 0x00, 0x60, 0x0C,
    0x01, 0x80, 0xCF, 0x7F, 0xBC, 0xE3, 0x0C, 0x30, 0xC3, 0x0C, 0x30, 0xC3, 0x00, 0x3F, 0x1F, 0xEE,
    0x1F, 0x03, 0xC0, 0x3E, 0x07, 0xF0, 0x3E, 0x01, 0xF0, 0x3C, 0x0F, 0x87, 0x7F, 0x8F, 0xC0, 0x30,
    0xC3, 0x0C, 0xFF, 0xF3, 0x0C, 0x30, 0xC3, 0x0C, 0x30, 0xC3, 0x0C, 0x3C, 0x70, 0xC0, 0xF0, 0x3C,
    0x0F, 0x03, 0xC0, 0xF0, 0x3C, 0x0F, 0x03, 0xC0, 0xF0, 0x3C, 0x1D, 0x8F, 0x7E, 0xC7, 0x30, 0xC0,
    0x78, 0x0F, 0x01, 0xB0, 0x66, 0x0C, 0xE3, 0x8C, 0x61, 0x8C, 0x1B, 0x03, 0x60, 0x6C, 0x07, 0x00,
    0xE0, 0x1C, 0x00, 0xC0, 0xC0, 0xF0, 0x30, 0x36, 0x1E, 0x19, 0x87, 0x86, 0x61, 0xE1, 0x8C, 0x48,
    0xC3, 0x33, 0x30, 0xCC, 0xCC, 0x1B, 0x36, 0x06, 0x85, 0x81, 0xE1, 0xE0, 0x38, 0x70, 0x0C, 0x0C,
    0x03, 0x03, 0x00, 0xC0, 0xF8, 0x76, 0x18, 0xCC, 0x1E, 0x07, 0x80, 0xC0, 0x78, 0x1E, 0x0C, 0xC7,
    0x39, 0x86, 0xC0, 0xF0, 0x30, 0xC0, 0x3C, 0x03, 0x60, 0x37, 0x06, 0x30, 0x63, 0x8E, 0x18, 0xC1,
    0x8C, 0x0D, 0x80, 0xD8, 0x07, 0x80, 0x70, 0x03, 0x00, 0x30, 0x06, 0x00, 0x60, 0x0C, 0x03, 0xC0,
    0x38, 0x00, 0xFF, 0xFF, 0xF0, 0x18, 0x0C, 0x07, 0x03, 0x80, 0xC0, 0x70, 0x38, 0x0C, 0x06, 0x03,
    0x80, 0xFF, 0xFF, 0xF0, 0x0C, 0x63, 0x0C, 0x30, 0xC3, 0x0C, 0x30, 0xC6, 0x30, 0xC1, 0x83, 0x0C,
    0x30, 0xC3, 0x0C, 0x30, 0xC1, 0x83, 0xFF, 0xFF, 0xFF, 0xC1, 0x83, 0x0C, 0x30, 0xC3, 0x0C, 0x30,
    0xC1, 0x83, 0x0C, 0x63, 0x0C, 0x30, 0xC3, 0x0C, 0x30, 0xC6, 0x30, 0x70, 0xFF, 0x3C, 0xFF, 0x0E,
    0xAA, 0xAA, 0x00, 0x01, 0x80, 0x00, 0x00, 0x01, 0x80, 0x00, 0x73, 0xD1, 0xCA, 0x10, 0x4B, 0xD1,
    0xCA, 0x10, 0x73, 0xDF, 0x80, 0x00, 0x00, 0x01, 0x80, 0x00, 0x00, 0x01, 0x80, 0x00, 0x55, 0x55,
    0xAA, 0xAA, 0x00, 0x01, 0x80, 0x00, 0x00, 0x01, 0x80, 0x00, 0x71, 0x9D, 0xCA, 0x52, 0x73, 0xD3,
    0xC2, 0x52, 0x42, 0x5D, 0x80, 0x00, 0x00, 0x01, 0x80, 0x00, 0x00, 0x01, 0x80, 0x00, 0x55, 0x55,
    0xAA, 0xAA, 0x00, 0x01, 0x80, 0x00, 0x00, 0x01, 0x80, 0x00, 0x49, 0x9D, 0xCA, 0x52, 0x7A, 0x5D,
    0xCA, 0x50, 0x49, 0x91, 0x80, 0x00, 0x00, 0x01, 0x80, 0x00, 0x00, 0x01, 0x80, 0x00, 0x55, 0x55,
    0xAA, 0xAA, 0x00, 0x01, 0x80, 0x00, 0x00, 0x01, 0x80, 0x00, 0x73, 0x93, 0xCA, 0x52, 0x73, 0x9F,
    0xCA, 0x12, 0x72, 0x13, 0x80, 0x00, 0x00, 0x01, 0x80, 0x00, 0x00, 0x01, 0x80, 0x00, 0x55, 0x55,
    0xAA, 0xAA, 0x00, 0x01, 0x80, 0x00, 0x00, 0x01, 0x80, 0x00, 0x4B, 0x93, 0xEA, 0x52, 0x5B, 0x9F,
    0xCA, 0x52, 0x4B, 0x93, 0x80, 0x00, 0x00, 0x01, 0x80, 0x00, 0x00, 0x01, 0x80, 0x00, 0x55, 0x55,
    0xAA, 0xAA, 0x00, 0x01, 0x80, 0x00, 0x00, 0x01, 0x80, 0x00, 0x74, 0xB9, 0xA6, 0xA4, 0x25, 0xA5,
    0xA4, 0xA4, 0x74, 0xB9, 0x80, 0x00, 0x00, 0x01, 0x80, 0x00, 0x00, 0x01, 0x80, 0x00, 0x55, 0x55,
    0xAA, 0xAA, 0x00, 0x01, 0x80, 0x00, 0x00, 0x01, 0x80, 0x00, 0x4B, 0xD1, 0xEA, 0x10, 0x5B, 0xD1,
    0xCA, 0x10, 0x4B, 0xDF, 0x80, 0x00, 0x00, 0x01, 0x80, 0x00, 0x00, 0x01, 0x80, 0x00, 0x55, 0x55,
    0xAA, 0xAA, 0x00, 0x01, 0x80, 0x00, 0x00, 0x01, 0x80, 0x00, 0x39, 0xCD, 0xC2, 0x12, 0x31, 0x9F,
    0x88, 0x52, 0x73, 0x93, 0x80, 0x00, 0x00, 0x01, 0x80, 0x00, 0x00, 0x01, 0x80, 0x00, 0x55, 0x55,
    0xAA, 0xAA, 0x00, 0x01, 0x80, 0x00, 0x00, 0x01, 0x80, 0x00, 0x79, 0xCD, 0xC2, 0x12, 0x79, 0x9F,
    0xC0, 0x52, 0x7B, 0x93, 0x80, 0x00, 0x00, 0x01, 0x80, 0x00, 0x00, 0x01, 0x80, 0x00, 0x55, 0x55,
    0xAA, 0xAA, 0x00, 0x01, 0x80, 0x00, 0x00, 0x01, 0x80, 0x00, 0x4B, 0x9D, 0xC9, 0x20, 0x79, 0x19,
    0xC9, 0x04, 0x49, 0x39, 0x80, 0x00, 0x00, 0x01, 0x80, 0x00, 0x00, 0x01, 0x80, 0x00, 0x55, 0x55,
    0xAA, 0xAA, 0x00, 0x01, 0x80, 0x00, 0x00, 0x01, 0x80, 0x00, 0x25, 0xDD, 0xA4, 0x84, 0x3C, 0x85,
    0xA4, 0x84, 0x24, 0x99, 0x80, 0x00, 0x00, 0x01, 0x80, 0x00, 0x00, 0x01, 0x80, 0x00, 0x55, 0x55,
    0xAA, 0xAA, 0x00, 0x01, 0x80, 0x00, 0x00, 0x01, 0x80, 0x00, 0x45, 0xCD, 0xC4, 0x90, 0x44, 0x89,
    0xA8, 0x84, 0x10, 0x99, 0x80, 0x00, 0x00, 0x01, 0x80, 0x00, 0x00, 0x01, 0x80, 0x00, 0x55, 0x55,
    0xAA, 0xAA, 0x00, 0x01, 0x80, 0x00, 0x00, 0x01, 0x80, 0x00, 0x72, 0x1D, 0xCA, 0x12, 0x72, 0x13,
    0xC2, 0x12, 0x43, 0xDD, 0x80, 0x00, 0x00, 0x01, 0x80, 0x00, 0x00, 0x01, 0x80, 0x00, 0x55, 0x55,
    0xAA, 0xAA, 0x00, 0x01, 0x80, 0x00, 0x00, 0x01, 0x80, 0x00, 0x72, 0x13, 0xCA, 0x12, 0x72, 0x13,
    0xC2, 0x12, 0x43, 0xCD, 0x80, 0x00, 0x00, 0x01, 0x80, 0x00, 0x00, 0x01, 0x80, 0x00, 0x55, 0x55,
    0xAA, 0xAA, 0x00, 0x01, 0x80, 0x00, 0x00, 0x01, 0x80, 0x00, 0x0E, 0x21, 0x89, 0x20, 0x0E, 0x21,
    0x8A, 0x20, 0x09, 0x21, 0x80, 0x00, 0x00, 0x01, 0x80, 0x00, 0x00, 0x01, 0x80, 0x00, 0x55, 0x55,
    0xAA, 0xAA, 0x00, 0x01, 0x80, 0x00, 0x00, 0x01, 0x80, 0x00, 0x39, 0xDD, 0xC2, 0x02, 0x31, 0x8D,
    0x88, 0x50, 0x73, 0x9F, 0x80, 0x00, 0x00, 0x01, 0x80, 0x00, 0x00, 0x01, 0x80, 0x00, 0x55, 0x55,
    0xAA, 0xAA, 0x00, 0x01, 0x80, 0x00, 0x00, 0x01, 0x80, 0x00, 0x39, 0xDD, 0xC2, 0x02, 0x31, 0x8D,
    0x88, 0x42, 0x73, 0x9D, 0x80, 0x00, 0x00, 0x01, 0x80, 0x00, 0x00, 0x01, 0x80, 0x00, 0x55, 0x55,
    0xAA, 0xAA, 0x00, 0x01, 0x80, 0x00, 0x00, 0x01, 0x80, 0x00, 0x71, 0xCF, 0xCA, 0x10, 0x4A, 0x0D,
    0xCA, 0x02, 0x71, 0xDD, 0x80, 0x00, 0x00, 0x01, 0x80, 0x00, 0x00, 0x01, 0x80, 0x00, 0x55, 0x55,
    0xAA, 0xAA, 0x00, 0x01, 0x80, 0x00, 0x00, 0x01, 0x80, 0x00, 0x72, 0x45, 0xCA, 0x4C, 0x72, 0x45,
    0xC2, 0x44, 0x41, 0x8F, 0x80, 0x00, 0x00, 0x01, 0x80, 0x00, 0x00, 0x01, 0x80, 0x00, 0x55, 0x55,
    0xAA, 0xAA, 0x00, 0x01, 0x80, 0x00, 0x00, 0x01, 0x80, 0x00, 0x72, 0x5D, 0xCA, 0x42, 0x72, 0x4D,
    0xC2, 0x50, 0x41, 0x9F, 0x80, 0x00, 0x00, 0x01, 0x80, 0x00, 0x00, 0x01, 0x80, 0x00, 0x55, 0x55,
    0xAA, 0xAA, 0x00, 0x01, 0x80, 0x00, 0x00, 0x01, 0x80, 0x00, 0x3B, 0x9D, 0xC1, 0x20, 0x31, 0x19,
    0x89, 0x04, 0x71, 0x39, 0x80, 0x00, 0x00, 0x01, 0x80, 0x00, 0x00, 0x01, 0x80, 0x00, 0x55, 0x55,
    0xAA, 0xAA, 0x00, 0x01, 0x80, 0x00, 0x00, 0x01, 0x80, 0x00, 0x39, 0xD3, 0xC2, 0x12, 0x42, 0x1F,
    0xC2, 0x12, 0x39, 0xD3, 0x80, 0x00, 0x00, 0x01, 0x80, 0x00, 0x00, 0x01, 0x80, 0x00, 0x55, 0x55,
    0xAA, 0xAA, 0x00, 0x01, 0x80, 0x00, 0x00, 0x01, 0x80, 0x00, 0x22, 0x89, 0xB6, 0x88, 0x2A, 0xA9,
    0xA2, 0xD8, 0x22, 0x89, 0x80, 0x00, 0x00, 0x01, 0x80, 0x00, 0x00, 0x01, 0x80, 0x00, 0x55, 0x55,
    0xAA, 0xAA, 0x00, 0x01, 0x80, 0x00, 0x00, 0x01, 0x80, 0x00, 0x3B, 0x8D, 0xC2, 0x52, 0x33, 0x9F,
    0x8A, 0x12, 0x72, 0x13, 0x80, 0x00, 0x00, 0x01, 0x80, 0x00, 0x00, 0x01, 0x80, 0x00, 0x55, 0x55,
    0xAA, 0xAA, 0x00, 0x01, 0x80, 0x00, 0x00, 0x01, 0x80, 0x00, 0x7B, 0x8D, 0xC2, 0x52, 0x7B, 0x9F,
    0xC2, 0x12, 0x7A, 0x13, 0x80, 0x00, 0x00, 0x01, 0x80, 0x00, 0x00, 0x01, 0x80, 0x00, 0x55, 0x55,
    0xAA, 0xAA, 0x00, 0x01, 0x80, 0x00, 0x00, 0x01, 0x80, 0x00, 0x39, 0x8F, 0xC2, 0x50, 0x32, 0x4D,
    0x8A, 0x42, 0x71, 0x9D, 0x80, 0x00, 0x00, 0x01, 0x80, 0x00, 0x00, 0x01, 0x80, 0x00, 0x55, 0x55,
    0xAA, 0xAA, 0x00, 0x01, 0x80, 0x00, 0x00, 0x01, 0x80, 0x00, 0x33, 0x9B, 0xC4, 0x22, 0x25, 0xA3,
    0x94, 0xA2, 0x63, 0x9B, 0x80, 0x00, 0x00, 0x01, 0x80, 0x00, 0x00, 0x01, 0x80, 0x00, 0x55, 0x55,
    0xAA, 0xAA, 0x00, 0x01, 0x80, 0x00, 0x00, 0x01, 0x80, 0x00, 0x39, 0xDD, 0xC2, 0x08, 0x32, 0x09,
    0x8A, 0x08, 0x71, 0xDD, 0x80, 0x00, 0x00, 0x01, 0x80, 0x00, 0x00, 0x01, 0x80, 0x00, 0x55, 0x55,
    0xAA, 0xAA, 0x00, 0x01, 0x80, 0x00, 0x00, 0x01, 0x80, 0x00, 0x39, 0xDD, 0xC2, 0x08, 0x41, 0x89,
    0xC0, 0x48, 0x3B, 0x9D, 0x80, 0x00, 0x00, 0x01, 0x80, 0x00, 0x00, 0x01, 0x80, 0x00, 0x55, 0x55,
    0xAA, 0xAA, 0x00, 0x01, 0x80, 0x00, 0x00, 0x01, 0x80, 0x00, 0x0E, 0xF9, 0x90, 0x20, 0x0C, 0x21,
    0x82, 0x20, 0x1C, 0x21, 0x80, 0x00, 0x00, 0x01, 0x80, 0x00, 0x00, 0x01, 0x80, 0x00, 0x55, 0x55,
    0xAA, 0xAA, 0x00, 0x01, 0x80, 0x00, 0x00, 0x01, 0x80, 0x00, 0x31, 0xCF, 0xCA, 0x10, 0x49, 0x91,
    0xC8, 0x50, 0x33, 0x8F, 0x80, 0x00, 0x00, 0x01, 0x80, 0x00, 0x00, 0x01, 0x80, 0x00, 0x55, 0x55,
    0xAA, 0xAA, 0x00, 0x01, 0x80, 0x00, 0x00, 0x01, 0x80, 0x00, 0x1C, 0x89, 0x92, 0xD8, 0x1C, 0xA9,
    0x90, 0x88, 0x10, 0x89, 0x80, 0x00, 0x00, 0x01, 0x80, 0x00, 0x00, 0x01, 0x80, 0x00, 0x55, 0x55,
    0xAA, 0xAA, 0x00, 0x01, 0x80, 0x00, 0x00, 0x01, 0x80, 0x00, 0x33, 0x8F, 0xCA, 0x50, 0x7B, 0x91,
    0xCA, 0x10, 0x4A, 0x0F, 0x80, 0x00, 0x00, 0x01, 0x80, 0x00, 0x00, 0x01, 0x80, 0x00, 0x55, 0x55,
    0x00, 0xFC, 0x17, 0xFF, 0xFF, 0xFC, 0x01, 0x80, 0x61, 0xF0, 0xFE, 0x73, 0xD9, 0xBC, 0x63, 0x30,
    0xCC, 0x33, 0x0D, 0x83, 0x60, 0xD8, 0xDC, 0x77, 0xF8, 0xFC, 0x60, 0x18, 0x00, 0x1F, 0x83, 0xFE,
    0x70, 0x76, 0x03, 0x60, 0x07, 0x00, 0x30, 0x01, 0x80, 0xFF, 0x8F, 0xF8, 0x18, 0x01, 0x80, 0x18,
    0x03, 0x00, 0x30, 0x06, 0x73, 0xFF, 0xFF, 0x0E, 0xC0, 0x7D, 0xDD, 0xFF, 0x18, 0xC6, 0x0C, 0xC1,
    0x98, 0x33, 0x06, 0x31, 0x8F, 0xFB, 0xBB, 0xE0, 0x30, 0xE0, 0x1D, 0x80, 0x67, 0x03, 0x8C, 0x0C,
    0x38, 0x70, 0x61, 0x81, 0xCE, 0x03, 0x30, 0x3F, 0xF0, 0xFF, 0xC0, 0x30, 0x0F, 0xFC, 0x3F, 0xF0,
    0x0C, 0x00, 0x30, 0x00, 0xC0, 0x03, 0x00, 0x0C, 0x00, 0xFF, 0xFF, 0xF0, 0x0F, 0xFF, 0xFF, 0x1F,
    0x07, 0xF1, 0xC7, 0x30, 0x67, 0x0C, 0x70, 0x07, 0x03, 0xF0, 0xE7, 0x18, 0x73, 0x07, 0x60, 0x66,
    0x06, 0xE0, 0xCE, 0x18, 0xE6, 0x0F, 0x80, 0xE0, 0x0E, 0x30, 0xE6, 0x0C, 0xE3, 0x8F, 0xE0, 0xF8,
    0xCF, 0x30, 0x03, 0xF8, 0x01, 0xC1, 0xC0, 0xC0, 0x06, 0x30, 0x00, 0x64, 0x1F, 0x05, 0x86, 0x30,
    0xE1, 0x83, 0x0C, 0x20, 0x01, 0x84, 0x00, 0x30, 0x80, 0x06, 0x10, 0x00, 0xC3, 0x06, 0x1C, 0x31,
    0x86, 0x83, 0xE0, 0x98, 0x00, 0x31, 0x80, 0x0C, 0x18, 0x03, 0x01, 0xC1, 0xC0, 0x0F, 0xE0, 0x00,
    0x79, 0x9B, 0x30, 0xE6, 0xD9, 0xB3, 0x6E, 0x76, 0x03, 0xFF, 0xF0, 0x19, 0x99, 0x99, 0x99, 0x8C,
    0xC3, 0x30, 0xCC, 0x33, 0xFF, 0xFF, 0xFF, 0xC0, 0x06, 0x00, 0x30, 0x01, 0x80, 0x0C, 0x00, 0x60,
    0x03, 0xFF, 0xF0, 0x07, 0xF8, 0x07, 0x03, 0x83, 0x00, 0x31, 0x80, 0x06, 0x43, 0xF0, 0xB0, 0x86,
    0x38, 0x20, 0x86, 0x08, 0x21, 0x82, 0x08, 0x60, 0x84, 0x18, 0x3F, 0x06, 0x08, 0x81, 0x82, 0x10,
    0x70, 0x84, 0x34, 0x20, 0x89, 0x80, 0x06, 0x30, 0x03, 0x07, 0x03, 0x80, 0x7F, 0x80, 0xFF, 0xF0,
    0x3C, 0x66, 0xC3, 0xC3, 0xC3, 0x66, 0x3C, 0x06, 0x00, 0x60, 0x06, 0x00, 0x60, 0xFF, 0xFF, 0xFF,
    0x06, 0x00, 0x60, 0x06, 0x00, 0x60, 0x00, 0x0F, 0xFF, 0xFF, 0xF0, 0x3C, 0xFF, 0x18, 0x30, 0xC3,
    0x0C, 0x30, 0xFF, 0xFC, 0x7D, 0xFF, 0x18, 0x33, 0xC7, 0x81, 0xE3, 0xFE, 0xF8, 0x19, 0x99, 0x80,
    0xC0, 0xF0, 0x3C, 0x0F, 0x03, 0xC0, 0xF0, 0x3C, 0x0F, 0x03, 0xC0, 0xF0, 0x3C, 0x1F, 0x8F, 0xFE,
    0xF7, 0x3C, 0x03, 0x00, 0xC0, 0x30, 0x0C, 0x00, 0x1F, 0xDF, 0xF7, 0xDB, 0xF6, 0xFD, 0xBF, 0x6F,
    0xDB, 0xF6, 0xFD, 0x9F, 0x67, 0xD8, 0xF6, 0x0D, 0x83, 0x60, 0xD8, 0x36, 0x0D, 0x83, 0x60, 0xD8,
    0x36, 0x0D, 0x83, 0x60, 0xD8, 0x36, 0xFC, 0x63, 0x86, 0x3F, 0xB8, 0x33, 0xFF, 0x33, 0x33, 0x33,
    0x38, 0xDB, 0x1E, 0x3C, 0x78, 0xF1, 0xB6, 0x38, 0x03, 0xFF, 0xF0, 0xCC, 0x33, 0x0C, 0xC3, 0x31,
    0x99, 0x99, 0x99, 0x98, 0x30, 0x18, 0x0C, 0x06, 0x0F, 0x03, 0x03, 0xC0, 0xC0, 0x30, 0x60, 0x0C,
    0x18, 0x03, 0x0C, 0x00, 0xC3, 0x00, 0x31, 0x83, 0x0C, 0x61, 0xC0, 0x30, 0xF0, 0x0C, 0x3C, 0x06,
    0x1B, 0x01, 0x8C, 0xC0, 0xC7, 0xFC, 0x31, 0xFF, 0x18, 0x03, 0x06, 0x00, 0xC0, 0x30, 0x18, 0x0C,
    0x06, 0x0F, 0x03, 0x03, 0xC0, 0xC0, 0x30, 0x60, 0x0C, 0x18, 0x03, 0x0C, 0x00, 0xC3, 0x00, 0x31,
    0x87, 0x8C, 0x63, 0xF0, 0x31, 0x8C, 0x0C, 0x03, 0x06, 0x01, 0x81, 0x80, 0xC0, 0xC0, 0x60, 0x30,
    0x30, 0x18, 0x1F, 0xC6, 0x07, 0xF0, 0x7C, 0x0C, 0x1F, 0xC1, 0x83, 0x18, 0x60, 0x03, 0x0C, 0x03,
    0xC3, 0x00, 0x78, 0x60, 0x01, 0x98, 0x06, 0x33, 0x00, 0xFE, 0xC1, 0x8F, 0x98, 0x70, 0x06, 0x1E,
    0x00, 0xC3, 0xC0, 0x30, 0xD8, 0x06, 0x33, 0x01, 0x8F, 0xF8, 0x31, 0xFF, 0x0C, 0x01, 0x81, 0x80,
    0x30, 0x0C, 0x03, 0x00, 0xC0, 0x00, 0x00, 0x03, 0x00, 0xC0, 0x30, 0x0C, 0x06, 0x03, 0x81, 0xC0,
    0x60, 0x38, 0x3C, 0x0F, 0x07, 0xE3, 0x9F, 0xE3, 0xE0, 0x0C, 0x00, 0x0C, 0x00, 0x0C, 0x00, 0x0C,
    0x00, 0x00, 0x00, 0x70, 0x00, 0xE0, 0x03, 0x60, 0x06, 0xC0, 0x18, 0x80, 0x31, 0x80, 0x63, 0x01,
    0x83, 0x03, 0x06, 0x06, 0x0C, 0x18, 0x0C, 0x3F, 0xF8, 0x7F, 0xF1, 0x80, 0x33, 0x00, 0x66, 0x00,
    0xD8, 0x00, 0xF0, 0x01, 0xE0, 0x03, 0x00, 0x60, 0x01, 0x80, 0x06, 0x00, 0x18, 0x00, 0x00, 0x00,
    0x70, 0x00, 0xE0, 0x03, 0x60, 0x06, 0xC0, 0x18, 0x80, 0x31, 0x80, 0x63, 0x01, 0x83, 0x03, 0x06,
    0x06, 0x0C, 0x18, 0x0C, 0x3F, 0xF8, 0x7F, 0xF1, 0x80, 0x33, 0x00, 0x66, 0x00, 0xD8, 0x00, 0xF0,
    0x01, 0xE0, 0x03, 0x01, 0x80, 0x07, 0x80, 0x19, 0x80, 0x61, 0x80, 0x00, 0x00, 0x70, 0x00, 0xE0,
    0x03, 0x60, 0x06, 0xC0, 0x18, 0x80, 0x31, 0x80, 0x63, 0x01, 0x83, 0x03, 0x06, 0x06, 0x0C, 0x18,
    0x0C, 0x3F, 0xF8, 0x7F, 0xF1, 0x80, 0x33, 0x00, 0x66, 0x00, 0xD8, 0x00, 0xF0, 0x01, 0xE0, 0x03,
    0x07, 0x10, 0x1B, 0x60, 0x23, 0x80, 0x00, 0x00, 0x38, 0x00, 0x70, 0x01, 0xB0, 0x03, 0x60, 0x0C,
    0x40, 0x18, 0xC0, 0x31, 0x80, 0xC1, 0x81, 0x83, 0x03, 0x06, 0x0C, 0x06, 0x1F, 0xFC, 0x3F, 0xF8,
    0xC0, 0x19, 0x80, 0x33, 0x00, 0x6C, 0x00, 0x78, 0x00, 0xF0, 0x01, 0x80, 0x0C, 0x60, 0x18, 0xC0,
    0x00, 0x00, 0x00, 0x00, 0x38, 0x00, 0x70, 0x01, 0xB0, 0x03, 0x60, 0x0C, 0x40, 0x18, 0xC0, 0x31,
    0x80, 0xC1, 0x81, 0x83, 0x03, 0x06, 0x0C, 0x06, 0x1F, 0xFC, 0x3F, 0xF8, 0xC0, 0x19, 0x80, 0x33,
    0x00, 0x6C, 0x00, 0x78, 0x00, 0xF0, 0x01, 0x80, 0x03, 0x80, 0x08, 0x80, 0x11, 0x00, 0x1C, 0x00,
    0x00, 0x00, 0x70, 0x00, 0xE0, 0x03, 0x60, 0x06, 0xC0, 0x18, 0x80, 0x31, 0x80, 0x63, 0x01, 0x83,
    0x03, 0x06, 0x06, 0x0C, 0x18, 0x0C, 0x3F, 0xF8, 0x7F, 0xF1, 0x80, 0x33, 0x00, 0x66, 0x00, 0xD8,
    0x00, 0xF0, 0x01, 0xE0, 0x03, 0x03, 0xFF, 0xF8, 0x1F, 0xFF, 0xC1, 0x98, 0x00, 0x0C, 0xC0, 0x00,
    0xC6, 0x00, 0x06, 0x30, 0x00, 0x31, 0x80, 0x03, 0x0C, 0x00, 0x18, 0x7F, 0xF8, 0xC3, 0xFF, 0xCC,
    0x18, 0x00, 0x7F, 0xC0, 0x03, 0xFE, 0x00, 0x30, 0x30, 0x01, 0x81, 0x80, 0x0C, 0x0C, 0x00, 0xC0,
    0x60, 0x06, 0x03, 0xFF, 0xF0, 0x1F, 0xFE, 0x07, 0xE0, 0x3F, 0xF0, 0xF0, 0xF3, 0x80, 0x76, 0x00,
    0x7C, 0x00, 0xF0, 0x00, 0x60, 0x00, 0xC0, 0x01, 0x80, 0x03, 0x00, 0x06, 0x00, 0x0C, 0x00, 0x1C,
    0x00, 0xD8, 0x01, 0xB8, 0x07, 0x3C, 0x3C, 0x3F, 0xF0, 0x1F, 0x80, 0x0C, 0x00, 0x0C, 0x00, 0x18,
    0x01, 0xF0, 0x01, 0xC0, 0x30, 0x01, 0x80, 0x0C, 0x00, 0x60, 0x00, 0x0F, 0xFF, 0xFF, 0xFC, 0x00,
    0xC0, 0x0C, 0x00, 0xC0, 0x0C, 0x00, 0xC0, 0x0F, 0xFE, 0xFF, 0xEC, 0x00, 0xC0, 0x0C, 0x00, 0xC0,
    0x0C, 0x00, 0xC0, 0x0C, 0x00, 0xFF, 0xFF, 0xFF, 0x01, 0x80, 0x30, 0x06, 0x00, 0xC0, 0x00, 0x0F,
    0xFF, 0xFF, 0xFC, 0x00, 0xC0, 0x0C, 0x00, 0xC0, 0x0C, 0x00, 0xC0, 0x0F, 0xFE, 0xFF, 0xEC, 0x00,
    0xC0, 0x0C, 0x00, 0xC0, 0x0C, 0x00, 0xC0, 0x0C, 0x00, 0xFF, 0xFF, 0xFF, 0x06, 0x00, 0xF0, 0x19,
    0x83, 0x0C, 0x00, 0x0F, 0xFF, 0xFF, 0xFC, 0x00, 0xC0, 0x0C, 0x00, 0xC0, 0x0C, 0x00, 0xC0, 0x0F,
    0xFE, 0xFF, 0xEC, 0x00, 0xC0, 0x0C, 0x00, 0xC0, 0x0C, 0x00, 0xC0, 0x0C, 0x00, 0xFF, 0xFF, 0xFF,
    0x18, 0xC1, 0x8C, 0x00, 0x00, 0x00, 0xFF, 0xFF, 0xFF, 0xC0, 0x0C, 0x00, 0xC0, 0x0C, 0x00, 0xC0,
    0x0C, 0x00, 0xFF, 0xEF, 0xFE, 0xC0, 0x0C, 0x00, 0xC0, 0x0C, 0x00, 0xC0, 0x0C, 0x00, 0xC0, 0x0F,
    0xFF, 0xFF, 0xF0, 0xC3, 0x0C, 0x30, 0x18, 0xC6, 0x31, 0x8C, 0x63, 0x18, 0xC6, 0x31, 0x8C, 0x63,
    0x18, 0xC6, 0x19, 0x99, 0x80, 0x31, 0x8C, 0x63, 0x18, 0xC6, 0x31, 0x8C, 0x63, 0x18, 0xC6, 0x31,
    0x8C, 0x18, 0x3C, 0x66, 0xC3, 0x00, 0x18, 0x18, 0x18, 0x18, 0x18, 0x18, 0x18, 0x18, 0x18, 0x18,
    0x18, 0x18, 0x18, 0x18, 0x18, 0x18, 0x18, 0x18, 0x18, 0xCF, 0x30, 0x00, 0x30, 0xC3, 0x0C, 0x30,
    0xC3, 0x0C, 0x30, 0xC3, 0x0C, 0x30, 0xC3, 0x0C, 0x30, 0xC3, 0x00, 0x1F, 0xF8, 0x07, 0xFF, 0x81,
    0x80, 0xF0, 0x60, 0x0E, 0x18, 0x01, 0x86, 0x00, 0x71, 0x80, 0x0C, 0x60, 0x03, 0xFF, 0x80, 0xFF,
    0xE0, 0x31, 0x80, 0x0C, 0x60, 0x03, 0x18, 0x00, 0xC6, 0x00, 0x71, 0x80, 0x18, 0x60, 0x0E, 0x18,
    0x0F, 0x07, 0xFF, 0x81, 0xFF, 0x80, 0x0E, 0x20, 0x6D, 0x81, 0x1C, 0x00, 0x00, 0xE0, 0x0F, 0xC0,
    0x3F, 0x00, 0xF6, 0x03, 0xDC, 0x0F, 0x30, 0x3C, 0xE0, 0xF1, 0x83, 0xC7, 0x0F, 0x0C, 0x3C, 0x38,
    0xF0, 0x63, 0xC1, 0xCF, 0x03, 0x3C, 0x0E, 0xF0, 0x1B, 0xC0, 0x3F, 0x00, 0xFC, 0x01, 0xC0, 0x0C,
    0x00, 0x06, 0x00, 0x03, 0x00, 0x01, 0x80, 0x00, 0x00, 0x07, 0xE0, 0x1F, 0xF8, 0x3C, 0x3C, 0x70,
    0x0E, 0x60, 0x06, 0xE0, 0x07, 0xC0, 0x03, 0xC0, 0x03, 0xC0, 0x03, 0xC0, 0x03, 0xC0, 0x03, 0xC0,
    0x03, 0xC0, 0x03, 0xE0, 0x07, 0x60, 0x06, 0x70, 0x0E, 0x3C, 0x3C, 0x1F, 0xF8, 0x07, 0xE0, 0x00,
    0x30, 0x00, 0x60, 0x00, 0xC0, 0x01, 0x80, 0x00, 0x00, 0x07, 0xE0, 0x1F, 0xF8, 0x3C, 0x3C, 0x70,
    0x0E, 0x60, 0x06, 0xE0, 0x07, 0xC0, 0x03, 0xC0, 0x03, 0xC0, 0x03, 0xC0, 0x03, 0xC0, 0x03, 0xC0,
    0x03, 0xC0, 0x03, 0xE0, 0x07, 0x60, 0x06, 0x70, 0x0E, 0x3C, 0x3C, 0x1F, 0xF8, 0x07, 0xE0, 0x00,
    0xC0, 0x01, 0xE0, 0x03, 0x30, 0x06, 0x18, 0x00, 0x00, 0x07, 0xE0, 0x1F, 0xF8, 0x3C, 0x3C, 0x70,
    0x0E, 0x60, 0x06, 0xE0, 0x07, 0xC0, 0x03, 0xC0, 0x03, 0xC0, 0x03, 0xC0, 0x03, 0xC0, 0x03, 0xC0,
    0x03, 0xC0, 0x03, 0xE0, 0x07, 0x60, 0x06, 0x70, 0x0E, 0x3C, 0x3C, 0x1F, 0xF8, 0x07, 0xE0, 0x03,
    0x88, 0x06, 0xD8, 0x04, 0x70, 0x00, 0x00, 0x07, 0xE0, 0x1F, 0xF8, 0x3C, 0x3C, 0x70, 0x0E, 0x60,
    0x06, 0xE0, 0x07, 0xC0, 0x03, 0xC0, 0x03, 0xC0, 0x03, 0xC0, 0x03, 0xC0, 0x03, 0xC0, 0x03, 0xC0,
    0x03, 0xE0, 0x07, 0x60, 0x06, 0x70, 0x0E, 0x3C, 0x3C, 0x1F, 0xF8, 0x07, 0xE0, 0x06, 0x30, 0x06,
    0x30, 0x00, 0x00, 0x00, 0x00, 0x07, 0xE0, 0x1F, 0xF8, 0x3C, 0x3C, 0x70, 0x0E, 0x60, 0x06, 0xE0,
    0x07, 0xC0, 0x03, 0xC0, 0x03, 0xC0, 0x03, 0xC0, 0x03, 0xC0, 0x03, 0xC0, 0x03, 0xC0, 0x03, 0xE0,
    0x07, 0x60, 0x06, 0x70, 0x0E, 0x3C, 0x3C, 0x1F, 0xF8, 0x07, 0xE0, 0xC0, 0x1B, 0x01, 0x8C, 0x18,
    0x31, 0x80, 0xD8, 0x03, 0x80, 0x1C, 0x01, 0xB0, 0x18, 0xC1, 0x83, 0x18, 0x0D, 0x80, 0x30, 0x03,
    0xF0, 0xC3, 0xFF, 0x71, 0xE1, 0xF8, 0xE0, 0x1C, 0x30, 0x0F, 0x1C, 0x07, 0x66, 0x03, 0x99, 0x81,
    0xC6, 0x60, 0xE1, 0x98, 0x70, 0x66, 0x38, 0x19, 0x9C, 0x06, 0x6E, 0x01, 0x9F, 0x00, 0xE3, 0x80,
    0x30, 0xE0, 0x1C, 0x7E, 0x1E, 0x3B, 0xFF, 0x0C, 0x3F, 0x00, 0x18, 0x00, 0x30, 0x00, 0x60, 0x00,
    0xC0, 0x00, 0x03, 0x00, 0x3C, 0x00, 0xF0, 0x03, 0xC0, 0x0F, 0x00, 0x3C, 0x00, 0xF0, 0x03, 0xC0,
    0x0F, 0x00, 0x3C, 0x00, 0xF0, 0x03, 0xC0, 0x0F, 0x00, 0x3C, 0x00, 0xF0, 0x03, 0x60, 0x19, 0xC0,
    0xE3, 0xFF, 0x03, 0xF0, 0x00, 0x60, 0x03, 0x00, 0x18, 0x00, 0xC0, 0x00, 0x03, 0x00, 0x3C, 0x00,
    0xF0, 0x03, 0xC0, 0x0F, 0x00, 0x3C, 0x00, 0xF0, 0x03, 0xC0, 0x0F, 0x00, 0x3C, 0x00, 0xF0, 0x03,
    0xC0, 0x0F, 0x00, 0x3C, 0x00, 0xF0, 0x03, 0x60, 0x19, 0xC0, 0xE3, 0xFF, 0x03, 0xF0, 0x03, 0x00,
    0x1E, 0x00, 0xCC, 0x06, 0x18, 0x00, 0x03, 0x00, 0x3C, 0x00, 0xF0, 0x03, 0xC0, 0x0F, 0x00, 0x3C,
    0x00, 0xF0, 0x03, 0xC0, 0x0F, 0x00, 0x3C, 0x00, 0xF0, 0x03, 0xC0, 0x0F, 0x00, 0x3C, 0x00, 0xF0,
    0x03, 0x60, 0x19, 0xC0, 0xE3, 0xFF, 0x03, 0xF0, 0x18, 0xC0, 0x63, 0x00, 0x00, 0x00, 0x00, 0xC0,
    0x0F, 0x00, 0x3C, 0x00, 0xF0, 0x03, 0xC0, 0x0F, 0x00, 0x3C, 0x00, 0xF0, 0x03, 0xC0, 0x0F, 0x00,
    0x3C, 0x00, 0xF0, 0x03, 0xC0, 0x0F, 0x00, 0x3C, 0x00, 0xD8, 0x06, 0x70, 0x38, 0xFF, 0xC0, 0xFC,
    0x00, 0x00, 0x60, 0x03, 0x00, 0x18, 0x00, 0xC0, 0x00, 0x03, 0x00, 0x3E, 0x01, 0xD8, 0x06, 0x70,
    0x38, 0xC0, 0xC3, 0x87, 0x06, 0x18, 0x1C, 0xE0, 0x33, 0x00, 0xFC, 0x01, 0xE0, 0x07, 0x80, 0x0C,
    0x00, 0x30, 0x00, 0xC0, 0x03, 0x00, 0x0C, 0x00, 0x30, 0x00, 0xC0, 0xC0, 0x06, 0x00, 0x30, 0x01,
    0x80, 0x0F, 0xFE, 0x7F, 0xFB, 0x00, 0xD8, 0x03, 0xC0, 0x1E, 0x00, 0xF0, 0x07, 0x80, 0x6F, 0xFF,
    0x7F, 0xF3, 0x00, 0x18, 0x00, 0xC0, 0x06, 0x00, 0x30, 0x00, 0x1C, 0x1F, 0xCE, 0x33, 0x06, 0xC1,
    0xB0, 0x6C, 0x33, 0x1C, 0xCE, 0x33, 0xCC, 0x3B, 0x06, 0xC0, 0xF0, 0x3C, 0x0F, 0x06, 0xC3, 0xB3,
    0xCC, 0xE0, 0x18, 0x01, 0x80, 0x18, 0x01, 0x80, 0x00, 0x3E, 0x0F, 0xE3, 0x0E, 0x60, 0xC0, 0x18,
    0x1F, 0x1F, 0xE7, 0x8D, 0xC1, 0xB0, 0x36, 0x0E, 0xE3, 0xCF, 0xDC, 0xF1, 0x80, 0x01, 0x80, 0x60,
    0x18, 0x06, 0x00, 0x00, 0x3E, 0x0F, 0xE3, 0x0E, 0x60, 0xC0, 0x18, 0x1F, 0x1F, 0xE7, 0x8D, 0xC1,
    0xB0, 0x36, 0x0E, 0xE3, 0xCF, 0xDC, 0xF1, 0x80, 0x0C, 0x03, 0xC0, 0xCC, 0x30, 0xC0, 0x00, 0x3E,
    0x0F, 0xE3, 0x0E, 0x60, 0xC0, 0x18, 0x1F, 0x1F, 0xE7, 0x8D, 0xC1, 0xB0, 0x36, 0x0E, 0xE3, 0xCF,
    0xDC, 0xF1, 0x80, 0x1C, 0x46, 0xD8, 0x8E, 0x00, 0x01, 0xF0, 0x7F, 0x18, 0x73, 0x06, 0x00, 0xC0,
    0xF8, 0xFF, 0x3C, 0x6E, 0x0D, 0x81, 0xB0, 0x77, 0x1E, 0x7E, 0xE7, 0x8C, 0x33, 0x06, 0x60, 0x00,
    0x00, 0x01, 0xF0, 0x7F, 0x18, 0x73, 0x06, 0x00, 0xC0, 0xF8, 0xFF, 0x3C, 0x6E, 0x0D, 0x81, 0xB0,
    0x77, 0x1E, 0x7E, 0xE7, 0x8C, 0x06, 0x01, 0x20, 0x24, 0x03, 0x00, 0x00, 0x3E, 0x0F, 0xE3, 0x0E,
    0x60, 0xC0, 0x18, 0x1F, 0x1F, 0xE7, 0x8D, 0xC1, 0xB0, 0x36, 0x0E, 0xE3, 0xCF, 0xDC, 0xF1, 0x80,
    0x1F, 0x0E, 0x07, 0xF7, 0xF1, 0x87, 0xC7, 0x30, 0x70, 0x60, 0x0C, 0x06, 0x0F, 0x80, 0xCF, 0xFF,
    0xFB, 0xC7, 0xFF, 0xE0, 0xC0, 0x18, 0x18, 0x03, 0x07, 0x81, 0xF1, 0xF8, 0x77, 0xE3, 0xFC, 0x78,
    0x1E, 0x00, 0x1F, 0x0F, 0xE7, 0x1D, 0x83, 0xE0, 0x30, 0x0C, 0x03, 0x00, 0xC0, 0x38, 0x06, 0x0D,
    0xC7, 0x3F, 0x87, 0xC0, 0xC0, 0x18, 0x06, 0x0F, 0x81, 0xC0, 0x18, 0x01, 0x80, 0x18, 0x01, 0x80,
    0x00, 0x1C, 0x0F, 0xE3, 0x8E, 0x60, 0xD8, 0x0F, 0x01, 0xFF, 0xFF, 0xFF, 0x80, 0x30, 0x03, 0x03,
    0x70, 0xE7, 0xF8, 0x3C, 0x00, 0x03, 0x00, 0xC0, 0x30, 0x0C, 0x00, 0x00, 0x1C, 0x0F, 0xE3, 0x8E,
    0x60, 0xD8, 0x0F, 0x01, 0xFF, 0xFF, 0xFF, 0x80, 0x30, 0x03, 0x03, 0x70, 0xE7, 0xF8, 0x3C, 0x00,
    0x0C, 0x03, 0xC0, 0xCC, 0x30, 0xC0, 0x00, 0x1C, 0x0F, 0xE3, 0x8E, 0x60, 0xD8, 0x0F, 0x01, 0xFF,
    0xFF, 0xFF, 0x80, 0x30, 0x03, 0x03, 0x70, 0xE7, 0xF8, 0x3C, 0x00, 0x33, 0x06, 0x60, 0x00, 0x00,
    0x00, 0xE0, 0x7F, 0x1C, 0x73, 0x06, 0xC0, 0x78, 0x0F, 0xFF, 0xFF, 0xFC, 0x01, 0x80, 0x18, 0x1B,
    0x87, 0x3F, 0xC1, 0xE0, 0xC3, 0x0C, 0x30, 0x18, 0xC6, 0x31, 0x8C, 0x63, 0x18, 0xC6, 0x31, 0x8C,
    0x19, 0x99, 0x80, 0x31, 0x8C, 0x63, 0x18, 0xC6, 0x31, 0x8C, 0x63, 0x18, 0x18, 0x3C, 0x66, 0xC3,
    0x00, 0x18, 0x18, 0x18, 0x18, 0x18, 0x18, 0x18, 0x18, 0x18, 0x18, 0x18, 0x18, 0x18, 0x18, 0xCF,
    0x30, 0x00, 0x30, 0xC3, 0x0C, 0x30, 0xC3, 0x0C, 0x30, 0xC3, 0x0C, 0x30, 0xC0, 0x60, 0x07, 0x30,
    0x38, 0x0F, 0x06, 0x30, 0x3F, 0x0F, 0xE3, 0x8E, 0x60, 0xDC, 0x1F, 0x01, 0xE0, 0x3C, 0x07, 0x80,
    0xF8, 0x3B, 0x06, 0x71, 0xC7, 0xF0, 0x7C, 0x00, 0x38, 0x9B, 0x64, 0x70, 0x00, 0xCE, 0x37, 0xEF,
    0x1B, 0x83, 0xC0, 0xF0, 0x3C, 0x0F, 0x03, 0xC0, 0xF0, 0x3C, 0x0F, 0x03, 0xC0, 0xF0, 0x30, 0x18,
    0x01, 0x80, 0x18, 0x01, 0x80, 0x00, 0x3E, 0x0F, 0xE3, 0x8E, 0x60, 0xDC, 0x1F, 0x01, 0xE0, 0x3C,
    0x07, 0x80, 0xF8, 0x3B, 0x06, 0x71, 0xC7, 0xF0, 0x7C, 0x00, 0x03, 0x00, 0xC0, 0x30, 0x0C, 0x00,
    0x00, 0x3E, 0x0F, 0xE3, 0x8E, 0x60, 0xDC, 0x1F, 0x01, 0xE0, 0x3C, 0x07, 0x80, 0xF8, 0x3B, 0x06,
    0x71, 0xC7, 0xF0, 0x7C, 0x00, 0x0C, 0x03, 0xC0, 0xCC, 0x30, 0xC0, 0x00, 0x3E, 0x0F, 0xE3, 0x8E,
    0x60, 0xDC, 0x1F, 0x01, 0xE0, 0x3C, 0x07, 0x80, 0xF8, 0x3B, 0x06, 0x71, 0xC7, 0xF0, 0x7C, 0x00,
    0x1C, 0x46, 0xD8, 0x8E, 0x00, 0x01, 0xF0, 0x7F, 0x1C, 0x73, 0x06, 0xE0, 0xF8, 0x0F, 0x01, 0xE0,
    0x3C, 0x07, 0xC1, 0xD8, 0x33, 0x8E, 0x3F, 0x83, 0xE0, 0x33, 0x06, 0x60, 0x00, 0x00, 0x01, 0xF0,
    0x7F, 0x1C, 0x73, 0x06, 0xE0, 0xF8, 0x0F, 0x01, 0xE0, 0x3C, 0x07, 0xC1, 0xD8, 0x33, 0x8E, 0x3F,
    0x83, 0xE0, 0x06, 0x00, 0x60, 0x06, 0x00, 0x00, 0x00, 0x0F, 0xFF, 0xFF, 0xF0, 0x00, 0x00, 0x00,
    0x60, 0x06, 0x00, 0x60, 0x0F, 0x98, 0xFF, 0xCE, 0x1C, 0x61, 0xC7, 0x1F, 0x31, 0xD9, 0x8C, 0xCC,
    0xC6, 0x6C, 0x33, 0xE3, 0x8E, 0x18, 0xE1, 0xCF, 0xFC, 0x67, 0xC0, 0x30, 0x06, 0x00, 0xC0, 0x18,
    0x00, 0x30, 0x3C, 0x0F, 0x03, 0xC0, 0xF0, 0x3C, 0x0F, 0x03, 0xC0, 0xF0, 0x3C, 0x0F, 0x07, 0x63,
    0xDF, 0xB1, 0xCC, 0x03, 0x01, 0x80, 0xC0, 0x60, 0x00, 0x30, 0x3C, 0x0F, 0x03, 0xC0, 0xF0, 0x3C,
    0x0F, 0x03, 0xC0, 0xF0, 0x3C, 0x0F, 0x07, 0x63, 0xDF, 0xB1, 0xCC, 0x0C, 0x07, 0x83, 0x31, 0x86,
    0x00, 0x30, 0x3C, 0x0F, 0x03, 0xC0, 0xF0, 0x3C, 0x0F, 0x03, 0xC0, 0xF0, 0x3C, 0x0F, 0x07, 0x63,
    0xDF, 0xB1, 0xCC, 0x33, 0x0C, 0xC0, 0x00, 0x00, 0xC0, 0xF0, 0x3C, 0x0F, 0x03, 0xC0, 0xF0, 0x3C,
    0x0F, 0x03, 0xC0, 0xF0, 0x3C, 0x1D, 0x8F, 0x7E, 0xC7, 0x30, 0x00, 0xC0, 0x18, 0x03, 0x00, 0x60,
    0x00, 0x0C, 0x03, 0xC0, 0x36, 0x03, 0x70, 0x63, 0x06, 0x38, 0xE1, 0x8C, 0x18, 0xC0, 0xD8, 0x0D,
    0x80, 0x78, 0x07, 0x00, 0x30, 0x03, 0x00, 0x60, 0x06, 0x00, 0xC0, 0x3C, 0x03, 0x80, 0xC0, 0x18,
    0x03, 0x00, 0x60, 0x0C, 0x01, 0x9E, 0x37, 0xE7, 0x8E, 0xE0, 0xD8, 0x1F, 0x01, 0xE0, 0x3C, 0x07,
    0x80, 0xF0, 0x3F, 0x06, 0xF1, 0xDB, 0xF3, 0x3C, 0x60, 0x0C, 0x01, 0x80, 0x30, 0x06, 0x00, 0x19,
    0x81, 0x98, 0x00, 0x00, 0x00, 0xC0, 0x3C, 0x03, 0x60, 0x37, 0x06, 0x30, 0x63, 0x8E, 0x18, 0xC1,
    0x8C, 0x0D, 0x80, 0xD8, 0x07, 0x80, 0x70, 0x03, 0x00, 0x30, 0x06, 0x00, 0x60, 0x0C, 0x03, 0xC0,
    0x38, 0x00, 0x0F, 0xC0, 0x1F, 0x80, 0x00, 0x00, 0x1C, 0x00, 0x38, 0x00, 0xD8, 0x01, 0xB0, 0x06,
    0x20, 0x0C, 0x60, 0x18, 0xC0, 0x60, 0xC0, 0xC1, 0x81, 0x83, 0x06, 0x03, 0x0F, 0xFE, 0x1F, 0xFC,
    0x60, 0x0C, 0xC0, 0x19, 0x80, 0x36, 0x00, 0x3C, 0x00, 0x78, 0x00, 0xC0, 0x1F, 0x83, 0xF0, 0x00,
    0x0F, 0x83, 0xF8, 0xC3, 0x98, 0x30, 0x06, 0x07, 0xC7, 0xF9, 0xE3, 0x70, 0x6C, 0x0D, 0x83, 0xB8,
    0xF3, 0xF7, 0x3C, 0x60, 0x10, 0x20, 0x30, 0xC0, 0x3F, 0x00, 0x3C, 0x00, 0x00, 0x00, 0x70, 0x00,
    0xE0, 0x03, 0x60, 0x06, 0xC0, 0x18, 0x80, 0x31, 0x80, 0x63, 0x01, 0x83, 0x03, 0x06, 0x06, 0x0C,
    0x18, 0x0C, 0x3F, 0xF8, 0x7F, 0xF1, 0x80, 0x33, 0x00, 0x66, 0x00, 0xD8, 0x00, 0xF0, 0x01, 0xE0,
    0x03, 0x20, 0x46, 0x18, 0x7E, 0x07, 0x80, 0x00, 0x3E, 0x0F, 0xE3, 0x0E, 0x60, 0xC0, 0x18, 0x1F,
    0x1F, 0xE7, 0x8D, 0xC1, 0xB0, 0x36, 0x0E, 0xE3, 0xCF, 0xDC, 0xF1, 0x80, 0x03, 0x80, 0x07, 0x00,
    0x1B, 0x00, 0x36, 0x00, 0xC4, 0x01, 0x8C, 0x03, 0x18, 0x0C, 0x18, 0x18, 0x30, 0x30, 0x60, 0xC0,
    0x61, 0xFF, 0xC3, 0xFF, 0x8C, 0x01, 0x98, 0x03, 0x30, 0x06, 0xC0, 0x07, 0x80, 0x0F, 0x06, 0x18,
    0x18, 0x00, 0x60, 0x00, 0xC0, 0x01, 0xF0, 0x01, 0xC0, 0x1F, 0x07, 0xF1, 0x87, 0x30, 0x60, 0x0C,
    0x0F, 0x8F, 0xF3, 0xC6, 0xE0, 0xD8, 0x1B, 0x07, 0x71, 0xE7, 0xEE, 0x7C, 0xC3, 0x00, 0xC0, 0x18,
    0x03, 0xE0, 0x38, 0x00, 0x00, 0x60, 0x01, 0x80, 0x06, 0x00, 0x18, 0x00, 0x00, 0x00, 0xFC, 0x07,
    0xFE, 0x1E, 0x1E, 0x70, 0x0E, 0xC0, 0x0F, 0x80, 0x1E, 0x00, 0x0C, 0x00, 0x18, 0x00, 0x30, 0x00,
    0x60, 0x00, 0xC0, 0x01, 0x80, 0x03, 0x80, 0x1B, 0x00, 0x37, 0x00, 0xE7, 0x87, 0x87, 0xFE, 0x03,
    0xF0, 0x01, 0x80, 0xC0, 0x60, 0x30, 0x00, 0x07, 0xC3, 0xF9, 0xC7, 0x60, 0xF8, 0x0C, 0x03, 0x00,
    0xC0, 0x30, 0x0E, 0x01, 0x83, 0x71, 0xCF, 0xE1, 0xF0, 0x01, 0x80, 0x07, 0x80, 0x19, 0x80, 0x61,
    0x80, 0x00, 0x00, 0xFC, 0x07, 0xFE, 0x1E, 0x1E, 0x70, 0x0E, 0xC0, 0x0F, 0x80, 0x1E, 0x00, 0x0C,
    0x00, 0x18, 0x00, 0x30, 0x00, 0x60, 0x00, 0xC0, 0x01, 0x80, 0x03, 0x80, 0x1B, 0x00, 0x37, 0x00,
    0xE7, 0x87, 0x87, 0xFE, 0x03, 0xF0, 0x0C, 0x07, 0x83, 0x31, 0x86, 0x00, 0x07, 0xC3, 0xF9, 0xC7,
    0x60, 0xF8, 0x0C, 0x03, 0x00, 0xC0, 0x30, 0x0E, 0x01, 0x83, 0x71, 0xCF, 0xE1, 0xF0, 0x01, 0x80,
    0x03, 0x00, 0x00, 0x00, 0x3F, 0x01, 0xFF, 0x87, 0x87, 0x9C, 0x03, 0xB0, 0x03, 0xE0, 0x07, 0x80,
    0x03, 0x00, 0x06, 0x00, 0x0C, 0x00, 0x18, 0x00, 0x30, 0x00, 0x60, 0x00, 0xE0, 0x06, 0xC0, 0x0D,
    0xC0, 0x39, 0xE1, 0xE1, 0xFF, 0x80, 0xFC, 0x00, 0x0C, 0x03, 0x00, 0x00, 0x7C, 0x3F, 0x9C, 0x76,
    0x0F, 0x80, 0xC0, 0x30, 0x0C, 0x03, 0x00, 0xE0, 0x18, 0x37, 0x1C, 0xFE, 0x1F, 0x00, 0x0C, 0x30,
    0x0C, 0xC0, 0x0F, 0x00, 0x0C, 0x00, 0x00, 0x00, 0xFC, 0x07, 0xFE, 0x1E, 0x1E, 0x70, 0x0E, 0xC0,
    0x0F, 0x80, 0x1E, 0x00, 0x0C, 0x00, 0x18, 0x00, 0x30, 0x00, 0x60, 0x00, 0xC0, 0x01, 0x80, 0x03,
    0x80, 0x1B, 0x00, 0x37, 0x00, 0xE7, 0x87, 0x87, 0xFE, 0x03, 0xF0, 0x61, 0x8C, 0xC1, 0xE0, 0x30,
    0x00, 0x07, 0xC3, 0xF9, 0xC7, 0x60, 0xF8, 0x0C, 0x03, 0x00, 0xC0, 0x30, 0x0E, 0x01, 0x83, 0x71,
    0xCF, 0xE1, 0xF0, 0x18, 0x60, 0x19, 0x80, 0x1E, 0x00, 0x18, 0x00, 0x00, 0x1F, 0xF8, 0x3F, 0xFC,
    0x60, 0x3C, 0xC0, 0x1D, 0x80, 0x1B, 0x00, 0x3E, 0x00, 0x3C, 0x00, 0x78, 0x00, 0xF0, 0x01, 0xE0,
    0x03, 0xC0, 0x07, 0x80, 0x0F, 0x00, 0x3E, 0x00, 0x6C, 0x01, 0xD8, 0x0F, 0x3F, 0xFC, 0x7F, 0xE0,
    0x00, 0x63, 0x00, 0x63, 0x00, 0x63, 0x00, 0x61, 0x00, 0x61, 0x1E, 0x62, 0x3F, 0x60, 0x71, 0xE0,
    0x60, 0xE0, 0xE0, 0x60, 0xC0, 0x60, 0xC0, 0x60, 0xC0, 0x60, 0xC0, 0x60, 0xE0, 0x60, 0x60, 0xE0,
    0x71, 0xE0, 0x3F, 0x60, 0x1E, 0x60, 0x1F, 0xF8, 0x07, 0xFF, 0x81, 0x80, 0xF0, 0x60, 0x0E, 0x18,
    0x01, 0x86, 0x00, 0x71, 0x80, 0x0C, 0x60, 0x03, 0xFF, 0x80, 0xFF, 0xE0, 0x31, 0x80, 0x0C, 0x60,
    0x03, 0x18, 0x00, 0xC6, 0x00, 0x71, 0x80, 0x18, 0x60, 0x0E, 0x18, 0x0F, 0x07, 0xFF, 0x81, 0xFF,
    0x80, 0x00, 0x60, 0x0C, 0x01, 0x83, 0xF0, 0x7E, 0x3C, 0xCF, 0xDB, 0x8F, 0x60, 0xFC, 0x0F, 0x01,
    0xE0, 0x3C, 0x07, 0x80, 0xF8, 0x1B, 0x07, 0x71, 0xE7, 0xEC, 0x79, 0x80, 0x3F, 0x03, 0xF0, 0x00,
    0x0F, 0xFF, 0xFF, 0xFC, 0x00, 0xC0, 0x0C, 0x00, 0xC0, 0x0C, 0x00, 0xC0, 0x0F, 0xFE, 0xFF, 0xEC,
    0x00, 0xC0, 0x0C, 0x00, 0xC0, 0x0C, 0x00, 0xC0, 0x0C, 0x00, 0xFF, 0xFF, 0xFF, 0x1F, 0x83, 0xF0,
    0x00, 0x07, 0x03, 0xF8, 0xE3, 0x98, 0x36, 0x03, 0xC0, 0x7F, 0xFF, 0xFF, 0xE0, 0x0C, 0x00, 0xC0,
    0xDC, 0x39, 0xFE, 0x0F, 0x00, 0x40, 0x86, 0x18, 0x3F, 0x01, 0xE0, 0x00, 0x0F, 0xFF, 0xFF, 0xFC,
    0x00, 0xC0, 0x0C, 0x00, 0xC0, 0x0C, 0x00, 0xC0, 0x0F, 0xFE, 0xFF, 0xEC, 0x00, 0xC0, 0x0C, 0x00,
    0xC0, 0x0C, 0x00, 0xC0, 0x0C, 0x00, 0xFF, 0xFF, 0xFF, 0x20, 0x46, 0x18, 0x7E, 0x07, 0x80, 0x00,
    0x1C, 0x0F, 0xE3, 0x8E, 0x60, 0xD8, 0x0F, 0x01, 0xFF, 0xFF, 0xFF, 0x80, 0x30, 0x03, 0x03, 0x70,
    0xE7, 0xF8, 0x3C, 0x00, 0x0C, 0x00, 0xC0, 0x00, 0x0F, 0xFF, 0xFF, 0xFC, 0x00, 0xC0, 0x0C, 0x00,
    0xC0, 0x0C, 0x00, 0xC0, 0x0F, 0xFE, 0xFF, 0xEC, 0x00, 0xC0, 0x0C, 0x00, 0xC0, 0x0C, 0x00, 0xC0,
    0x0C, 0x00, 0xFF, 0xFF, 0xFF, 0x06, 0x00, 0xC0, 0x00, 0x07, 0x03, 0xF8, 0xE3, 0x98, 0x36, 0x03,
    0xC0, 0x7F, 0xFF, 0xFF, 0xE0, 0x0C, 0x00, 0xC0, 0xDC, 0x39, 0xFE, 0x0F, 0x00, 0xFF, 0xFF, 0xFF,
    0xC0, 0x0C, 0x00, 0xC0, 0x0C, 0x00, 0xC0, 0x0C, 0x00, 0xFF, 0xEF, 0xFE, 0xC0, 0x0C, 0x00, 0xC0,
    0x0C, 0x00, 0xC0, 0x0C, 0x00, 0xC0, 0x0F, 0xFF, 0xFF, 0xF0, 0xC0, 0x18, 0x01, 0x80, 0x1F, 0x00,
    0xE0, 0x0E, 0x07, 0xF1, 0xC7, 0x30, 0x6C, 0x07, 0x80, 0xFF, 0xFF, 0xFF, 0xC0, 0x18, 0x01, 0x81,
    0xB8, 0x73, 0xFC, 0x1E, 0x03, 0x00, 0xC0, 0x18, 0x03, 0xE0, 0x38, 0x00, 0x61, 0x83, 0x30, 0x1E,
    0x00, 0xC0, 0x00, 0x0F, 0xFF, 0xFF, 0xFC, 0x00, 0xC0, 0x0C, 0x00, 0xC0, 0x0C, 0x00, 0xC0, 0x0F,
    0xFE, 0xFF, 0xEC, 0x00, 0xC0, 0x0C, 0x00, 0xC0, 0x0C, 0x00, 0xC0, 0x0C, 0x00, 0xFF, 0xFF, 0xFF,
    0x30, 0xC3, 0x30, 0x3C, 0x03, 0x00, 0x00, 0x1C, 0x0F, 0xE3, 0x8E, 0x60, 0xD8, 0x0F, 0x01, 0xFF,
    0xFF, 0xFF, 0x80, 0x30, 0x03, 0x03, 0x70, 0xE7, 0xF8, 0x3C, 0x00, 0x01, 0x80, 0x03, 0xC0, 0x06,
    0x60, 0x0C, 0x30, 0x00, 0x00, 0x07, 0xE0, 0x1F, 0xF8, 0x3C, 0x3C, 0x70, 0x0E, 0x60, 0x06, 0xE0,
    0x06, 0xC0, 0x00, 0xC0, 0x00, 0xC0, 0x00, 0xC0, 0x7F, 0xC0, 0x7F, 0xC0, 0x03, 0xC0, 0x03, 0xE0,
    0x03, 0x60, 0x07, 0x70, 0x0F, 0x3C, 0x3F, 0x1F, 0xFB, 0x07, 0xE3, 0x06, 0x01, 0xE0, 0x66, 0x18,
    0x60, 0x00, 0x3C, 0xCF, 0xDB, 0x8F, 0x60, 0xFC, 0x0F, 0x01, 0xE0, 0x3C, 0x07, 0x80, 0xF8, 0x1B,
    0x07, 0x71, 0xE7, 0xEC, 0x79, 0x80, 0x3C, 0x07, 0xC1, 0x9F, 0xF0, 0xF8, 0x08, 0x10, 0x0C, 0x30,
    0x07, 0xE0, 0x03, 0xC0, 0x00, 0x00, 0x07, 0xE0, 0x1F, 0xF8, 0x3C, 0x3C, 0x70, 0x0E, 0x60, 0x06,
    0xE0, 0x06, 0xC0, 0x00, 0xC0, 0x00, 0xC0, 0x00, 0xC0, 0x7F, 0xC0, 0x7F, 0xC0, 0x03, 0xC0, 0x03,
    0xE0, 0x03, 0x60, 0x07, 0x70, 0x0F, 0x3C, 0x3F, 0x1F, 0xFB, 0x07, 0xE3, 0x20, 0x46, 0x18, 0x7E,
    0x07, 0x80, 0x00, 0x3C, 0xCF, 0xDB, 0x8F, 0x60, 0xFC, 0x0F, 0x01, 0xE0, 0x3C, 0x07, 0x80, 0xF8,
    0x1B, 0x07, 0x71, 0xE7, 0xEC, 0x79, 0x80, 0x3C, 0x07, 0xC1, 0x9F, 0xF0, 0xF8, 0x01, 0x80, 0x01,
    0x80, 0x00, 0x00, 0x07, 0xE0, 0x1F, 0xF8, 0x3C, 0x3C, 0x70, 0x0E, 0x60, 0x06, 0xE0, 0x06, 0xC0,
    0x00, 0xC0, 0x00, 0xC0, 0x00, 0xC0, 0x7F, 0xC0, 0x7F, 0xC0, 0x03, 0xC0, 0x03, 0xE0, 0x03, 0x60,
    0x07, 0x70, 0x0F, 0x3C, 0x3F, 0x1F, 0xFB, 0x07, 0xE3, 0x06, 0x00, 0xC0, 0x00, 0x0F, 0x33, 0xF6,
    0xE3, 0xD8, 0x3F, 0x03, 0xC0, 0x78, 0x0F, 0x01, 0xE0, 0x3E, 0x06, 0xC1, 0xDC, 0x79, 0xFB, 0x1E,
    0x60, 0x0F, 0x01, 0xF0, 0x67, 0xFC, 0x3E, 0x00, 0x07, 0xE0, 0x1F, 0xF8, 0x3C, 0x3C, 0x70, 0x0E,
    0x60, 0x06, 0xE0, 0x06, 0xC0, 0x00, 0xC0, 0x00, 0xC0, 0x00, 0xC0, 0x7F, 0xC0, 0x7F, 0xC0, 0x03,
    0xC0, 0x03, 0xE0, 0x03, 0x60, 0x07, 0x70, 0x0F, 0x3C, 0x3F, 0x1F, 0xFB, 0x07, 0xE3, 0x00, 0x00,
    0x00, 0xC0, 0x00, 0xC0, 0x00, 0xC0, 0x00, 0x40, 0x00, 0x40, 0x00, 0x80, 0x02, 0x00, 0x80, 0x10,
    0x03, 0x00, 0x60, 0x0C, 0x00, 0x00, 0xF3, 0x3F, 0x6E, 0x3D, 0x83, 0xF0, 0x3C, 0x07, 0x80, 0xF0,
    0x1E, 0x03, 0xE0, 0x6C, 0x1D, 0xC7, 0x9F, 0xB1, 0xE6, 0x00, 0xF0, 0x1F, 0x06, 0x7F, 0xC3, 0xE0,
    0x03, 0x00, 0x1E, 0x00, 0xCC, 0x06, 0x18, 0x00, 0x03, 0x00, 0x3C, 0x00, 0xF0, 0x03, 0xC0, 0x0F,
    0x00, 0x3C, 0x00, 0xF0, 0x03, 0xC0, 0x0F, 0xFF, 0xFF, 0xFF, 0xF0, 0x03, 0xC0, 0x0F, 0x00, 0x3C,
    0x00, 0xF0, 0x03, 0xC0, 0x0F, 0x00, 0x3C, 0x00, 0xF0, 0x03, 0x18, 0x03, 0xC0, 0x66, 0x0C, 0x30,
    0x00, 0x03, 0x00, 0x30, 0x03, 0x00, 0x30, 0x03, 0x00, 0x33, 0x83, 0x7E, 0x3C, 0x63, 0x83, 0x30,
    0x33, 0x03, 0x30, 0x33, 0x03, 0x30, 0x33, 0x03, 0x30, 0x33, 0x03, 0x30, 0x33, 0x03, 0xC0, 0x0F,
    0x00, 0x3C, 0x00, 0xF0, 0x03, 0xFF, 0xFF, 0xFF, 0xFC, 0x00, 0xF0, 0x03, 0xFF, 0xFF, 0xFF, 0xFC,
    0x00, 0xF0, 0x03, 0xC0, 0x0F, 0x00, 0x3C, 0x00, 0xF0, 0x03, 0xC0, 0x0F, 0x00, 0x3C, 0x00, 0xC0,
    0xC0, 0x30, 0x0C, 0x03, 0xF0, 0xFC, 0x33, 0x8D, 0xFB, 0xC6, 0xE0, 0xF0, 0x3C, 0x0F, 0x03, 0xC0,
    0xF0, 0x3C, 0x0F, 0x03, 0xC0, 0xF0, 0x3C, 0x0C, 0x71, 0xDB, 0x8E, 0x00, 0x18, 0x18, 0x18, 0x18,
    0x18, 0x18, 0x18, 0x18, 0x18, 0x18, 0x18, 0x18, 0x18, 0x18, 0x18, 0x18, 0x18, 0x18, 0x18, 0x71,
    0xDB, 0x8E, 0x00, 0x18, 0x18, 0x18, 0x18, 0x18, 0x18, 0x18, 0x18, 0x18, 0x18, 0x18, 0x18, 0x18,
    0x18, 0xFF, 0xF0, 0x0C, 0x30, 0xC3, 0x0C, 0x30, 0xC3, 0x0C, 0x30, 0xC3, 0x0C, 0x30, 0xC3, 0x0C,
    0x30, 0xC0, 0xFF, 0xF0, 0x0C, 0x30, 0xC3, 0x0C, 0x30, 0xC3, 0x0C, 0x30, 0xC3, 0x0C, 0x30, 0x81,
    0xC3, 0x7E, 0x3C, 0x00, 0x18, 0x18, 0x18, 0x18, 0x18, 0x18, 0x18, 0x18, 0x18, 0x18, 0x18, 0x18,
    0x18, 0x18, 0x18, 0x18, 0x18, 0x18, 0x18, 0x81, 0xC3, 0x7E, 0x3C, 0x00, 0x18, 0x18, 0x18, 0x18,
    0x18, 0x18, 0x18, 0x18, 0x18, 0x18, 0x18, 0x18, 0x18, 0x18, 0x63, 0x18, 0xC6, 0x31, 0x8C, 0x63,
    0x18, 0xC6, 0x31, 0x8C, 0x63, 0x1C, 0xCC, 0x63, 0xEE, 0x63, 0x18, 0x00, 0x31, 0x8C, 0x63, 0x18,
    0xC6, 0x31, 0x8C, 0x63, 0x1C, 0xCC, 0x63, 0xEE, 0xF3, 0xFF, 0xFF, 0xFF, 0xFF, 0xF0, 0xFF, 0xFF,
    0xFF, 0xF0, 0xC0, 0x03, 0xC0, 0x03, 0xC0, 0x03, 0xC0, 0x03, 0xC0, 0x03, 0xC0, 0x03, 0xC0, 0x03,
    0xC0, 0x03, 0xC0, 0x03, 0xC0, 0x03, 0xC0, 0x03, 0xC0, 0x03, 0xC3, 0x03, 0xC3, 0x03, 0xC3, 0x03,
    0xC3, 0x03, 0xC1, 0x86, 0xC1, 0xFE, 0xC0, 0xFC, 0xC3, 0xC3, 0xC3, 0x00, 0x00, 0xC3, 0xC3, 0xC3,
    0xC3, 0xC3, 0xC3, 0xC3, 0xC3, 0xC3, 0xC3, 0xC3, 0xC3, 0xC3, 0xC3, 0x03, 0x03, 0x03, 0x0F, 0x0E,
    0x01, 0x80, 0x3C, 0x06, 0x60, 0xC3, 0x00, 0x00, 0x0C, 0x00, 0xC0, 0x0C, 0x00, 0xC0, 0x0C, 0x00,
    0xC0, 0x0C, 0x00, 0xC0, 0x0C, 0x00, 0xC0, 0x0C, 0x00, 0xCC, 0x0C, 0xC0, 0xCC, 0x0C, 0xC0, 0xC6,
    0x18, 0x7F, 0x83, 0xF0, 0x18, 0x3C, 0x66, 0xC3, 0x00, 0x18, 0x18, 0x18, 0x18, 0x18, 0x18, 0x18,
    0x18, 0x18, 0x18, 0x18, 0x18, 0x18, 0x18, 0x18, 0x18, 0x18, 0x78, 0x70, 0xC0, 0x3E, 0x03, 0xB0,
    0x39, 0x83, 0x8C, 0x38, 0x63, 0x83, 0x38, 0x1B, 0x80, 0xFC, 0x07, 0xF0, 0x39, 0xC1, 0x87, 0x0C,
    0x18, 0x60, 0xE3, 0x03, 0x98, 0x0C, 0xC0, 0x76, 0x01, 0xF0, 0x06, 0x00, 0x00, 0x60, 0x03, 0x00,
    0x18, 0x00, 0x40, 0x02, 0x00, 0x20, 0x00, 0xC0, 0x30, 0x0C, 0x03, 0x00, 0xC0, 0x30, 0x6C, 0x3B,
    0x1C, 0xCE, 0x37, 0x0F, 0x83, 0xF0, 0xCE, 0x31, 0x8C, 0x73, 0x0E, 0xC1, 0xB0, 0x7C, 0x0C, 0x00,
    0x0C, 0x03, 0x00, 0xC0, 0x10, 0x04, 0x02, 0x00, 0xC1, 0xB0, 0xEC, 0x73, 0x38, 0xDC, 0x3E, 0x0F,
    0xC3, 0x38, 0xC6, 0x31, 0xCC, 0x3B, 0x06, 0xC1, 0xF0, 0x30, 0x0C, 0x03, 0x00, 0xC0, 0x30, 0x00,
    0x01, 0x80, 0x30, 0x06, 0x00, 0xC0, 0x18, 0x03, 0x00, 0x60, 0x0C, 0x01, 0x80, 0x30, 0x06, 0x00,
    0xC0, 0x18, 0x03, 0x00, 0x60, 0x0C, 0x01, 0x80, 0x3F, 0xFF, 0xFF, 0x19, 0x99, 0x80, 0x31, 0x8C,
    0x63, 0x18, 0xC6, 0x31, 0x8C, 0x63, 0x18, 0xC6, 0x31, 0x8C, 0xC0, 0x18, 0x03, 0x00, 0x60, 0x0C,
    0x01, 0x80, 0x30, 0x06, 0x00, 0xC0, 0x18, 0x03, 0x00, 0x60, 0x0C, 0x01, 0x80, 0x30, 0x06, 0x00,
    0xC0, 0x1F, 0xFF, 0xFF, 0x80, 0x00, 0xC0, 0x18, 0x03, 0x00, 0x20, 0x04, 0x01, 0x00, 0xFF, 0xFF,
    0xFF, 0xFF, 0xFC, 0xFD, 0x60, 0xC0, 0x07, 0x80, 0x0F, 0x00, 0x1E, 0x00, 0x1C, 0x00, 0x38, 0x00,
    0xB0, 0x00, 0x60, 0x00, 0xC0, 0x01, 0x80, 0x03, 0x00, 0x06, 0x00, 0x0C, 0x00, 0x18, 0x00, 0x30,
    0x00, 0x60, 0x00, 0xC0, 0x01, 0xFF, 0xC3, 0xFF, 0x80, 0xC3, 0xC3, 0xC3, 0xC1, 0xC1, 0xC2, 0xC0,
    0xC0, 0xC0, 0xC0, 0xC0, 0xC0, 0xC0, 0xC0, 0xC0, 0xC0, 0xC0, 0xC0, 0xC0, 0xC0, 0x01, 0x80, 0x03,
    0x00, 0x06, 0x00, 0x0C, 0x00, 0x18, 0x00, 0x30, 0x00, 0x60, 0x00, 0xC0, 0x01, 0x80, 0x03, 0x00,
    0x1E, 0x00, 0x3C, 0x00, 0x78, 0x00, 0x30, 0x00, 0x60, 0x00, 0xC0, 0x01, 0xFF, 0xC3, 0xFF, 0x80,
    0xC0, 0xC0, 0xC0, 0xC0, 0xC0, 0xC0, 0xC0, 0xC0, 0xC0, 0xC0, 0xC3, 0xC3, 0xC3, 0xC0, 0xC0, 0xC0,
    0xC0, 0xC0, 0xC0, 0x18, 0x00, 0x60, 0x01, 0x80, 0x06, 0x00, 0x1B, 0x00, 0x78, 0x01, 0xC0, 0x06,
    0x00, 0x38, 0x01, 0xE0, 0x0D, 0x80, 0x06, 0x00, 0x18, 0x00, 0x60, 0x01, 0x80, 0x06, 0x00, 0x18,
    0x00, 0x7F, 0xF1, 0xFF, 0xC0, 0x30, 0xC3, 0x0C, 0x30, 0xC3, 0x0F, 0x39, 0xCF, 0x0C, 0x30, 0xC3,
    0x0C, 0x30, 0xC3, 0x00, 0x01, 0x80, 0x0C, 0x00, 0x60, 0x03, 0x00, 0x00, 0x03, 0x80, 0x3F, 0x00,
    0xFC, 0x03, 0xD8, 0x0F, 0x70, 0x3C, 0xC0, 0xF3, 0x83, 0xC6, 0x0F, 0x1C, 0x3C, 0x30, 0xF0, 0xE3,
    0xC1, 0x8F, 0x07, 0x3C, 0x0C, 0xF0, 0x3B, 0xC0, 0x6F, 0x00, 0xFC, 0x03, 0xF0, 0x07, 0x03, 0x01,
    0x80, 0xC0, 0x60, 0x00, 0x33, 0x8D, 0xFB, 0xC6, 0xE0, 0xF0, 0x3C, 0x0F, 0x03, 0xC0, 0xF0, 0x3C,
    0x0F, 0x03, 0xC0, 0xF0, 0x3C, 0x0C, 0xE0, 0x0F, 0xC0, 0x3F, 0x00, 0xF6, 0x03, 0xDC, 0x0F, 0x30,
    0x3C, 0xE0, 0xF1, 0x83, 0xC7, 0x0F, 0x0C, 0x3C, 0x38, 0xF0, 0x63, 0xC1, 0xCF, 0x03, 0x3C, 0x0E,
    0xF0, 0x1B, 0xC0, 0x3F, 0x00, 0xFC, 0x01, 0xC0, 0x00, 0x01, 0x80, 0x06, 0x00, 0x18, 0x00, 0x20,
    0x00, 0x80, 0x04, 0x00, 0xCE, 0x37, 0xEF, 0x1B, 0x83, 0xC0, 0xF0, 0x3C, 0x0F, 0x03, 0xC0, 0xF0,
    0x3C, 0x0F, 0x03, 0xC0, 0xF0, 0x30, 0x00, 0x30, 0x0C, 0x03, 0x00, 0x40, 0x10, 0x08, 0x00, 0x30,
    0xC0, 0x66, 0x00, 0xF0, 0x01, 0x80, 0x00, 0x03, 0x80, 0x3F, 0x00, 0xFC, 0x03, 0xD8, 0x0F, 0x70,
    0x3C, 0xC0, 0xF3, 0x83, 0xC6, 0x0F, 0x1C, 0x3C, 0x30, 0xF0, 0xE3, 0xC1, 0x8F, 0x07, 0x3C, 0x0C,
    0xF0, 0x3B, 0xC0, 0x6F, 0x00, 0xFC, 0x03, 0xF0, 0x07, 0x61, 0x8C, 0xC1, 0xE0, 0x30, 0x00, 0x33,
    0x8D, 0xFB, 0xC6, 0xE0, 0xF0, 0x3C, 0x0F, 0x03, 0xC0, 0xF0, 0x3C, 0x0F, 0x03, 0xC0, 0xF0, 0x3C,
    0x0C, 0xC0, 0x00, 0xC0, 0x00, 0xC0, 0x00, 0x40, 0x00, 0x40, 0x00, 0x83, 0x38, 0x03, 0x7E, 0x03,
    0xC6, 0x03, 0x83, 0x03, 0x03, 0x03, 0x03, 0x03, 0x03, 0x03, 0x03, 0x03, 0x03, 0x03, 0x03, 0x03,
    0x03, 0x03, 0x03, 0x03, 0x03, 0x03, 0x03, 0xE0, 0x0F, 0xC0, 0x3F, 0x00, 0xF6, 0x03, 0xDC, 0x0F,
    0x30, 0x3C, 0xE0, 0xF1, 0x83, 0xC7, 0x0F, 0x0C, 0x3C, 0x38, 0xF0, 0x63, 0xC1, 0xCF, 0x03, 0x3C,
    0x0E, 0xF0, 0x1B, 0xC0, 0x3F, 0x00, 0xFC, 0x01, 0xC0, 0x03, 0x00, 0x0C, 0x00, 0x30, 0x03, 0xC0,
    0x0E, 0xCE, 0x37, 0xEF, 0x1B, 0x83, 0xC0, 0xF0, 0x3C, 0x0F, 0x03, 0xC0, 0xF0, 0x3C, 0x0F, 0x03,
    0xC0, 0xF0, 0x30, 0x0C, 0x03, 0x00, 0xC0, 0xF0, 0x38, 0x07, 0xE0, 0x07, 0xE0, 0x00, 0x00, 0x07,
    0xE0, 0x1F, 0xF8, 0x3C, 0x3C, 0x70, 0x0E, 0x60, 0x06, 0xE0, 0x07, 0xC0, 0x03, 0xC0, 0x03, 0xC0,
    0x03, 0xC0, 0x03, 0xC0, 0x03, 0xC0, 0x03, 0xC0, 0x03, 0xE0, 0x07, 0x60, 0x06, 0x70, 0x0E, 0x3C,
    0x3C, 0x1F, 0xF8, 0x07, 0xE0, 0x1F, 0x83, 0xF0, 0x00, 0x0F, 0x83, 0xF8, 0xE3, 0x98, 0x37, 0x07,
    0xC0, 0x78, 0x0F, 0x01, 0xE0, 0x3E, 0x0E, 0xC1, 0x9C, 0x71, 0xFC, 0x1F, 0x00, 0x08, 0x10, 0x0C,
    0x30, 0x07, 0xE0, 0x03, 0xC0, 0x00, 0x00, 0x07, 0xE0, 0x1F, 0xF8, 0x3C, 0x3C, 0x70, 0x0E, 0x60,
    0x06, 0xE0, 0x07, 0xC0, 0x03, 0xC0, 0x03, 0xC0, 0x03, 0xC0, 0x03, 0xC0, 0x03, 0xC0, 0x03, 0xC0,
    0x03, 0xE0, 0x07, 0x60, 0x06, 0x70, 0x0E, 0x3C, 0x3C, 0x1F, 0xF8, 0x07, 0xE0, 0x20, 0x46, 0x18,
    0x7E, 0x07, 0x80, 0x00, 0x3E, 0x0F, 0xE3, 0x8E, 0x60, 0xDC, 0x1F, 0x01, 0xE0, 0x3C, 0x07, 0x80,
    0xF8, 0x3B, 0x06, 0x71, 0xC7, 0xF0, 0x7C, 0x00, 0x01, 0xB0, 0x03, 0x60, 0x06, 0xC0, 0x00, 0x00,
    0x07, 0xE0, 0x1F, 0xF8, 0x3C, 0x3C, 0x70, 0x0E, 0x60, 0x06, 0xE0, 0x07, 0xC0, 0x03, 0xC0, 0x03,
    0xC0, 0x03, 0xC0, 0x03, 0xC0, 0x03, 0xC0, 0x03, 0xC0, 0x03, 0xE0, 0x07, 0x60, 0x06, 0x70, 0x0E,
    0x3C, 0x3C, 0x1F, 0xF8, 0x07, 0xE0, 0x06, 0xC1, 0xB0, 0x6C, 0x00, 0x01, 0xF0, 0x7F, 0x1C, 0x73,
    0x06, 0xE0, 0xF8, 0x0F, 0x01, 0xE0, 0x3C, 0x07, 0xC1, 0xD8, 0x33, 0x8E, 0x3F, 0x83, 0xE0, 0x07,
    0xDF, 0xF8, 0xFF, 0xFF, 0xCF, 0x0E, 0x00, 0xE0, 0x30, 0x06, 0x01, 0x80, 0x70, 0x0C, 0x03, 0x00,
    0x60, 0x18, 0x03, 0x00, 0xC0, 0x18, 0x06, 0x00, 0xFF, 0xF0, 0x07, 0xFF, 0x80, 0x30, 0x0C, 0x01,
    0x80, 0x70, 0x0C, 0x01, 0x80, 0x60, 0x0E, 0x03, 0x00, 0x3C, 0x38, 0x00, 0xFF, 0xFF, 0xC1, 0xF7,
    0xFE, 0x1F, 0x07, 0x03, 0xF9, 0xFC, 0x71, 0xF8, 0xE6, 0x0F, 0x06, 0xC0, 0x60, 0x3C, 0x06, 0x03,
    0xC0, 0x7F, 0xFC, 0x07, 0xFF, 0xC0, 0x60, 0x0C, 0x06, 0x00, 0x60, 0xF0, 0x37, 0x1F, 0x87, 0x3F,
    0x9F, 0xE1, 0xF0, 0x78, 0x01, 0x80, 0x18, 0x01, 0x80, 0x18, 0x00, 0x00, 0x7F, 0xF3, 0xFF, 0xD8,
    0x06, 0xC0, 0x1E, 0x00, 0xF0, 0x07, 0x80, 0x3C, 0x03, 0x7F, 0xFB, 0xFF, 0x98, 0x0E, 0xC0, 0x36,
    0x00, 0xF0, 0x07, 0x80, 0x3C, 0x01, 0xE0, 0x0F, 0x00, 0x78, 0x03, 0x0C, 0x63, 0x18, 0x03, 0x3D,
    0xFE, 0xF3, 0x8C, 0x30, 0xC3, 0x0C, 0x30, 0xC3, 0x0C, 0x00, 0xFF, 0xE7, 0xFF, 0xB0, 0x0D, 0x80,
    0x3C, 0x01, 0xE0, 0x0F, 0x00, 0x78, 0x06, 0xFF, 0xF7, 0xFF, 0x30, 0x1D, 0x80, 0x6C, 0x01, 0xE0,
    0x0F, 0x00, 0x78, 0x03, 0xC0, 0x1E, 0x00, 0xF0, 0x06, 0x00, 0x00, 0x30, 0x01, 0x80, 0x0C, 0x00,
    0x20, 0x01, 0x00, 0x10, 0x00, 0xCF, 0x7F, 0xBC, 0xE3, 0x0C, 0x30, 0xC3, 0x0C, 0x30, 0xC3, 0x00,
    0x18, 0x61, 0x82, 0x08, 0x40, 0x30, 0xC0, 0xCC, 0x03, 0xC0, 0x0C, 0x00, 0x00, 0x7F, 0xF3, 0xFF,
    0xD8, 0x06, 0xC0, 0x1E, 0x00, 0xF0, 0x07, 0x80, 0x3C, 0x03, 0x7F, 0xFB, 0xFF, 0x98, 0x0E, 0xC0,
    0x36, 0x00, 0xF0, 0x07, 0x80, 0x3C, 0x01, 0xE0, 0x0F, 0x00, 0x78, 0x03, 0xC3, 0x66, 0x3C, 0x18,
    0x00, 0x66, 0x6E, 0x7C, 0x78, 0x70, 0x60, 0x60, 0x60, 0x60, 0x60, 0x60, 0x60, 0x60, 0x60, 0x00,
    0xC0, 0x0C, 0x00, 0xC0, 0x0C, 0x00, 0x00, 0x07, 0xC0, 0xFF, 0x8C, 0x0C, 0xC0, 0x36, 0x01, 0xB0,
    0x01, 0xC0, 0x07, 0xC0, 0x1F, 0xC0, 0x1F, 0x80, 0x1E, 0x00, 0x38, 0x00, 0xC0, 0x07, 0x80, 0x3C,
    0x03, 0xF8, 0x39, 0xFF, 0x83, 0xF0, 0x03, 0x01, 0x80, 0xC0, 0x60, 0x00, 0x0F, 0xC7, 0xFB, 0x87,
    0xC0, 0xF0, 0x0F, 0x81, 0xFC, 0x0F, 0x80, 0x7C, 0x0F, 0x03, 0xE1, 0xDF, 0xE3, 0xF0, 0x06, 0x00,
    0x78, 0x06, 0x60, 0x61, 0x80, 0x00, 0x07, 0xC0, 0xFF, 0x8C, 0x0C, 0xC0, 0x36, 0x01, 0xB0, 0x01,
    0xC0, 0x07, 0xC0, 0x1F, 0xC0, 0x1F, 0x80, 0x1E, 0x00, 0x38, 0x00, 0xC0, 0x07, 0x80, 0x3C, 0x03,
    0xF8, 0x39, 0xFF, 0x83, 0xF0, 0x0C, 0x07, 0x83, 0x31, 0x86, 0x00, 0x0F, 0xC7, 0xFB, 0x87, 0xC0,
    0xF0, 0x0F, 0x81, 0xFC, 0x0F, 0x80, 0x7C, 0x0F, 0x03, 0xE1, 0xDF, 0xE3, 0xF0, 0x0F, 0x81, 0xFF,
    0x18, 0x19, 0x80, 0x6C, 0x03, 0x60, 0x03, 0x80, 0x0F, 0x80, 0x3F, 0x80, 0x3F, 0x00, 0x3C, 0x00,
    0x70, 0x01, 0x80, 0x0F, 0x00, 0x78, 0x07, 0xF0, 0x73, 0xFF, 0x07, 0xE0, 0x0E, 0x00, 0x18, 0x00,
    0xC0, 0x3E, 0x00, 0xE0, 0x3F, 0x1F, 0xEE, 0x1F, 0x03, 0xC0, 0x3E, 0x07, 0xF0, 0x3E, 0x01, 0xF0,
    0x3C, 0x0F, 0x87, 0x7F, 0x8F, 0xC0, 0xE0, 0x0C, 0x03, 0x07, 0xC0, 0xE0, 0x30, 0xC0, 0xCC, 0x03,
    0xC0, 0x0C, 0x00, 0x00, 0x07, 0xC0, 0xFF, 0x8E, 0x0C, 0x60, 0x03, 0x00, 0x1C, 0x00, 0x7F, 0x80,
    0xFF, 0x00, 0x1C, 0x00, 0x78, 0x03, 0xE0, 0x33, 0xFF, 0x87, 0xF0, 0x61, 0x8C, 0xC1, 0xE0, 0x30,
    0x00, 0x0F, 0x87, 0xF3, 0x8E, 0xC1, 0xB0, 0x0F, 0x81, 0xFC, 0x0F, 0x80, 0x7C, 0x0F, 0x03, 0xE1,
    0xDF, 0xE3, 0xF0, 0xFF, 0xFF, 0xFF, 0xF0, 0x30, 0x00, 0xC0, 0x03, 0x00, 0x0C, 0x00, 0x30, 0x00,
    0xC0, 0x03, 0x00, 0x0C, 0x00, 0x30, 0x00, 0xC0, 0x03, 0x00, 0x0C, 0x00, 0x30, 0x00, 0xC0, 0x03,
    0x00, 0x0C, 0x00, 0x30, 0x00, 0xE0, 0x00, 0xC0, 0x03, 0x00, 0x7C, 0x00, 0xE0, 0x30, 0xC3, 0x0C,
    0xFF, 0xF3, 0x0C, 0x30, 0xC3, 0x0C, 0x30, 0xC3, 0x0C, 0x3C, 0xF3, 0x83, 0x0D, 0xF3, 0x80, 0x18,
    0x60, 0x33, 0x00, 0x78, 0x00, 0xC0, 0x00, 0x03, 0xFF, 0xFF, 0xFF, 0xC0, 0xC0, 0x03, 0x00, 0x0C,
    0x00, 0x30, 0x00, 0xC0, 0x03, 0x00, 0x0C, 0x00, 0x30, 0x00, 0xC0, 0x03, 0x00, 0x0C, 0x00, 0x30,
    0x00, 0xC0, 0x03, 0x00, 0x0C, 0x00, 0x30, 0x00, 0xC0, 0x00, 0x66, 0x0C, 0xC1, 0x98, 0x13, 0x03,
    0xF8, 0xBF, 0x01, 0x80, 0x30, 0x06, 0x00, 0xC0, 0x18, 0x03, 0x00, 0x60, 0x0C, 0x01, 0x80, 0x30,
    0x07, 0x80, 0x70, 0x00, 0xFF, 0xFF, 0xFF, 0xF0, 0x30, 0x00, 0xC0, 0x03, 0x00, 0x0C, 0x00, 0x30,
    0x00, 0xC0, 0x0F, 0xC0, 0x3F, 0x00, 0x30, 0x00, 0xC0, 0x03, 0x00, 0x0C, 0x00, 0x30, 0x00, 0xC0,
    0x03, 0x00, 0x0C, 0x00, 0x30, 0x00, 0x30, 0xC3, 0x0C, 0xFF, 0xF3, 0x0C, 0x30, 0xCF, 0xFF, 0x30,
    0xC3, 0x0C, 0x3C, 0x70, 0x0E, 0x20, 0x6D, 0x81, 0x1C, 0x00, 0x00, 0xC0, 0x0F, 0x00, 0x3C, 0x00,
    0xF0, 0x03, 0xC0, 0x0F, 0x00, 0x3C, 0x00, 0xF0, 0x03, 0xC0, 0x0F, 0x00, 0x3C, 0x00, 0xF0, 0x03,
    0xC0, 0x0F, 0x00, 0x3C, 0x00, 0xD8, 0x06, 0x70, 0x38, 0xFF, 0xC0, 0xFC, 0x00, 0x38, 0x9B, 0x64,
    0x70, 0x00, 0xC0, 0xF0, 0x3C, 0x0F, 0x03, 0xC0, 0xF0, 0x3C, 0x0F, 0x03, 0xC0, 0xF0, 0x3C, 0x1D,
    0x8F, 0x7E, 0xC7, 0x30, 0x0F, 0xC0, 0x3F, 0x00, 0x00, 0x30, 0x03, 0xC0, 0x0F, 0x00, 0x3C, 0x00,
    0xF0, 0x03, 0xC0, 0x0F, 0x00, 0x3C, 0x00, 0xF0, 0x03, 0xC0, 0x0F, 0x00, 0x3C, 0x00, 0xF0, 0x03,
    0xC0, 0x0F, 0x00, 0x36, 0x01, 0x9C, 0x0E, 0x3F, 0xF0, 0x3F, 0x00, 0x3F, 0x0F, 0xC0, 0x03, 0x03,
    0xC0, 0xF0, 0x3C, 0x0F, 0x03, 0xC0, 0xF0, 0x3C, 0x0F, 0x03, 0xC0, 0xF0, 0x76, 0x3D, 0xFB, 0x1C,
    0xC0, 0x10, 0x20, 0x61, 0x80, 0xFC, 0x01, 0xE0, 0x00, 0x03, 0x00, 0x3C, 0x00, 0xF0, 0x03, 0xC0,
    0x0F, 0x00, 0x3C, 0x00, 0xF0, 0x03, 0xC0, 0x0F, 0x00, 0x3C, 0x00, 0xF0, 0x03, 0xC0, 0x0F, 0x00,
    0x3C, 0x00, 0xF0, 0x03, 0x60, 0x19, 0xC0, 0xE3, 0xFF, 0x03, 0xF0, 0x40, 0x98, 0x63, 0xF0, 0x78,
    0x00, 0x30, 0x3C, 0x0F, 0x03, 0xC0, 0xF0, 0x3C, 0x0F, 0x03, 0xC0, 0xF0, 0x3C, 0x0F, 0x07, 0x63,
    0xDF, 0xB1, 0xCC, 0x03, 0x00, 0x1E, 0x00, 0x48, 0x01, 0xE0, 0x03, 0x00, 0x00, 0x0C, 0x00, 0xF0,
    0x03, 0xC0, 0x0F, 0x00, 0x3C, 0x00, 0xF0, 0x03, 0xC0, 0x0F, 0x00, 0x3C, 0x00, 0xF0, 0x03, 0xC0,
    0x0F, 0x00, 0x3C, 0x00, 0xF0, 0x03, 0xC0, 0x0D, 0x80, 0x67, 0x03, 0x8F, 0xFC, 0x0F, 0xC0, 0x0C,
    0x07, 0x81, 0x20, 0x78, 0x0C, 0x00, 0x0C, 0x0F, 0x03, 0xC0, 0xF0, 0x3C, 0x0F, 0x03, 0xC0, 0xF0,
    0x3C, 0x0F, 0x03, 0xC1, 0xD8, 0xF7, 0xEC, 0x73, 0x03, 0x60, 0x1B, 0x00, 0xD8, 0x00, 0x00, 0xC0,
    0x0F, 0x00, 0x3C, 0x00, 0xF0, 0x03, 0xC0, 0x0F, 0x00, 0x3C, 0x00, 0xF0, 0x03, 0xC0, 0x0F, 0x00,
    0x3C, 0x00, 0xF0, 0x03, 0xC0, 0x0F, 0x00, 0x3C, 0x00, 0xD8, 0x06, 0x70, 0x38, 0xFF, 0xC0, 0xFC,
    0x00, 0x0D, 0x86, 0xC3, 0x60, 0x00, 0xC0, 0xF0, 0x3C, 0x0F, 0x03, 0xC0, 0xF0, 0x3C, 0x0F, 0x03,
    0xC0, 0xF0, 0x3C, 0x1D, 0x8F, 0x7E, 0xC7, 0x30, 0xC0, 0x0F, 0x00, 0x3C, 0x00, 0xF0, 0x03, 0xC0,
    0x0F, 0x00, 0x3C, 0x00, 0xF0, 0x03, 0xC0, 0x0F, 0x00, 0x3C, 0x00, 0xF0, 0x03, 0xC0, 0x0F, 0x00,
    0x3C, 0x00, 0xD8, 0x06, 0x70, 0x38, 0xFF, 0xC0, 0xFC, 0x00, 0xC0, 0x06, 0x00, 0x18, 0x00, 0x7C,
    0x00, 0xE0, 0xC0, 0xF0, 0x3C, 0x0F, 0x03, 0xC0, 0xF0, 0x3C, 0x0F, 0x03, 0xC0, 0xF0, 0x3C, 0x1D,
    0x8F, 0x7E, 0xC7, 0xB0, 0xC0, 0x60, 0x18, 0x07, 0xC0, 0xE0, 0x00, 0x60, 0x00, 0x0F, 0x00, 0x01,
    0x98, 0x00, 0x30, 0xC0, 0x00, 0x00, 0x0C, 0x06, 0x03, 0xC0, 0x60, 0x3C, 0x06, 0x03, 0xC0, 0xF0,
    0x36, 0x0F, 0x06, 0x61, 0x98, 0x66, 0x19, 0x86, 0x61, 0x98, 0x66, 0x19, 0x86, 0x31, 0x98, 0xC3,
    0x30, 0xCC, 0x33, 0x0C, 0xC3, 0x30, 0xCC, 0x1B, 0x0D, 0x81, 0xB0, 0xD8, 0x1E, 0x07, 0x80, 0xE0,
    0x70, 0x0C, 0x03, 0x00, 0xC0, 0x30, 0x00, 0xC0, 0x00, 0x78, 0x00, 0x33, 0x00, 0x18, 0x60, 0x00,
    0x00, 0x30, 0x30, 0x3C, 0x0C, 0x0D, 0x87, 0x86, 0x61, 0xE1, 0x98, 0x78, 0x63, 0x12, 0x30, 0xCC,
    0xCC, 0x33, 0x33, 0x06, 0xCD, 0x81, 0xA1, 0x60, 0x78, 0x78, 0x0E, 0x1C, 0x03, 0x03, 0x00, 0xC0,
    0xC0, 0x03, 0x00, 0x1E, 0x00, 0xCC, 0x06, 0x18, 0x00, 0x03, 0x00, 0x3E, 0x01, 0xD8, 0x06, 0x70,
    0x38, 0xC0, 0xC3, 0x87, 0x06, 0x18, 0x1C, 0xE0, 0x33, 0x00, 0xFC, 0x01, 0xE0, 0x07, 0x80, 0x0C,
    0x00, 0x30, 0x00, 0xC0, 0x03, 0x00, 0x0C, 0x00, 0x30, 0x00, 0xC0, 0x06, 0x00, 0xF0, 0x19, 0x83,
    0x0C, 0x00, 0x0C, 0x03, 0xC0, 0x36, 0x03, 0x70, 0x63, 0x06, 0x38, 0xE1, 0x8C, 0x18, 0xC0, 0xD8,
    0x0D, 0x80, 0x78, 0x07, 0x00, 0x30, 0x03, 0x00, 0x60, 0x06, 0x00, 0xC0, 0x3C, 0x03, 0x80, 0x19,
    0x81, 0x98, 0x00, 0x00, 0x00, 0x00, 0x0C, 0x03, 0xE0, 0x77, 0x0E, 0x30, 0xC1, 0x98, 0x0F, 0x00,
    0xF0, 0x06, 0x00, 0x60, 0x06, 0x00, 0x60, 0x06, 0x00, 0x60, 0x06, 0x00, 0x00, 0xC0, 0x0C, 0x00,
    0xC0, 0x0C, 0x00, 0x00, 0x7F, 0xFF, 0xFF, 0xE0, 0x07, 0x00, 0x70, 0x07, 0x00, 0x70, 0x03, 0x80,
    0x38, 0x03, 0x80, 0x1C, 0x01, 0xC0, 0x1C, 0x00, 0xE0, 0x0E, 0x00, 0xE0, 0x07, 0x00, 0x70, 0x03,
    0xFF, 0xFF, 0xFF, 0x03, 0x01, 0x80, 0xC0, 0x60, 0x00, 0x3F, 0xFF, 0xFC, 0x06, 0x03, 0x01, 0xC0,
    0xE0, 0x30, 0x1C, 0x0E, 0x03, 0x01, 0x80, 0xE0, 0x3F, 0xFF, 0xFC, 0x03, 0x00, 0x18, 0x00, 0x01,
    0xFF, 0xFF, 0xFF, 0x80, 0x1C, 0x01, 0xC0, 0x1C, 0x01, 0xC0, 0x0E, 0x00, 0xE0, 0x0E, 0x00, 0x70,
    0x07, 0x00, 0x70, 0x03, 0x80, 0x38, 0x03, 0x80, 0x1C, 0x01, 0xC0, 0x0F, 0xFF, 0xFF, 0xFC, 0x0C,
    0x03, 0x00, 0x03, 0xFF, 0xFF, 0xC0, 0x60, 0x30, 0x1C, 0x0E, 0x03, 0x01, 0xC0, 0xE0, 0x30, 0x18,
    0x0E, 0x03, 0xFF, 0xFF, 0xC0, 0x30, 0xC0, 0xCC, 0x03, 0xC0, 0x0C, 0x00, 0x00, 0x7F, 0xFF, 0xFF,
    0xE0, 0x07, 0x00, 0x70, 0x07, 0x00, 0x70, 0x0F, 0x00, 0xE0, 0x0E, 0x00, 0xE0, 0x0E, 0x00, 0xE0,
    0x07, 0xFF, 0xFF, 0xFE, 0x61, 0x8C, 0xC1, 0xE0, 0x30, 0x00, 0x3F, 0xFF, 0xFC, 0x06, 0x03, 0x01,
    0xC0, 0xE0, 0x30, 0x1C, 0x0E, 0x03, 0x01, 0x80, 0xE0, 0x3F, 0xFF, 0xFC, 0x00, 0x00, 0x00, 0x0C,
    0x10, 0x10, 0x10, 0x70, 0x10, 0x10, 0x10, 0x10, 0x10, 0x10, 0x00, 0x00, 0x07, 0xE1, 0x8F, 0xFC,
    0xCF, 0x0F, 0x6E, 0x01, 0xD6, 0x00, 0x6F, 0x00, 0x3B, 0x00, 0x0D, 0x80, 0x06, 0xC0, 0x03, 0x60,
    0x01, 0xB0, 0x00, 0xD8, 0x00, 0x6C, 0x00, 0x37, 0x00, 0x39, 0x80, 0x18, 0xE0, 0x1C, 0x3C, 0x3C,
    0x0F, 0xFC, 0x01, 0xF8, 0x00, 0x1F, 0x33, 0xFB, 0x71, 0xF6, 0x0D, 0xE0, 0xFC, 0x06, 0xC0, 0x6C,
    0x06, 0xC0, 0x6E, 0x0E, 0x60, 0xC7, 0x1C, 0x3F, 0x81, 0xF0, 0xC0, 0x0F, 0x80, 0x1F, 0x00, 0x3E,
    0x00, 0x7C, 0x00, 0xF8, 0x01, 0xB0, 0x03, 0x60, 0x06, 0xC0, 0x0D, 0x80, 0x1B, 0x00, 0x36, 0x00,
    0x6C, 0x00, 0xD8, 0x01, 0xB0, 0x03, 0x30, 0x0C, 0x70, 0x38, 0x7F, 0xE0, 0x3F, 0x00, 0xC0, 0xF8,
    0x1F, 0x03, 0xE0, 0x7C, 0x0F, 0x81, 0xB0, 0x36, 0x06, 0xC0, 0xD8, 0x1B, 0x07, 0x31, 0xE7, 0xEC,
    0x39, 0x80, 0x05, 0x02, 0x00, 0x00, 0x67, 0x51, 0x51, 0x51, 0x52, 0x52, 0x54, 0x54, 0x54, 0x67,
    0x00, 0x00, 0x00, 0x00, 0x05, 0x02, 0x60, 0x50, 0x57, 0x51, 0x51, 0x52, 0x52, 0x54, 0x54, 0x67,
    0x00, 0x00, 0x00, 0x00, 0x05, 0x12, 0x10, 0x10, 0x37, 0x51, 0x51, 0x52, 0x52, 0x54, 0x54, 0x37,
    0x00, 0x00, 0x00, 0x00, 0x00, 0x00, 0x47, 0x41, 0x41, 0x41, 0x41, 0x41, 0x41, 0x49, 0x49, 0x76,
    0x00, 0x00, 0x00, 0x00, 0x00, 0x01, 0x41, 0x40, 0x43, 0x41, 0x41, 0x41, 0x41, 0x41, 0x41, 0x79,
    0x02, 0x0C, 0x00, 0x00, 0x00, 0x61, 0x21, 0x20, 0x23, 0x21, 0x21, 0x21, 0x21, 0x21, 0x21, 0xF9,
    0x02, 0x0C, 0x00, 0x00, 0x00, 0x00, 0x4B, 0x49, 0x49, 0x69, 0x69, 0x59, 0x59, 0x4D, 0x4D, 0x4A,
    0x00, 0x00, 0x00, 0x00, 0x00, 0x01, 0x49, 0x48, 0x6B, 0x69, 0x69, 0x59, 0x59, 0x59, 0x49, 0x49,
    0x12, 0x0C, 0x00, 0x00, 0x00, 0x01, 0x01, 0x00, 0x53, 0x69, 0x49, 0x49, 0x49, 0x49, 0x49, 0x49,
    0x12, 0x0C, 0x18, 0x60, 0x19, 0x80, 0x1E, 0x00, 0x18, 0x00, 0x00, 0x00, 0x70, 0x00, 0xE0, 0x03,
    0x60, 0x06, 0xC0, 0x18, 0x80, 0x31, 0x80, 0x63, 0x01, 0x83, 0x03, 0x06, 0x06, 0x0C, 0x18, 0x0C,
    0x3F, 0xF8, 0x7F, 0xF1, 0x80, 0x33, 0x00, 0x66, 0x00, 0xD8, 0x00, 0xF0, 0x01, 0xE0, 0x03, 0x30,
    0xC3, 0x30, 0x3C, 0x03, 0x00, 0x00, 0x3E, 0x0F, 0xE3, 0x0E, 0x60, 0xC0, 0x18, 0x1F, 0x1F, 0xE7,
    0x8D, 0xC1, 0xB0, 0x36, 0x0E, 0xE3, 0xCF, 0xDC, 0xF1, 0x80, 0xC3, 0x66, 0x3C, 0x18, 0x00, 0x18,
    0x18, 0x18, 0x18, 0x18, 0x18, 0x18, 0x18, 0x18, 0x18, 0x18, 0x18, 0x18, 0x18, 0x18, 0x18, 0x18,
    0x18, 0x18, 0xC3, 0x66, 0x3C, 0x18, 0x00, 0x18, 0x18, 0x18, 0x18, 0x18, 0x18, 0x18, 0x18, 0x18,
    0x18, 0x18, 0x18, 0x18, 0x18, 0x0C, 0x30, 0x06, 0x60, 0x03, 0xC0, 0x01, 0x80, 0x00, 0x00, 0x07,
    0xE0, 0x1F, 0xF8, 0x3C, 0x3C, 0x70, 0x0E, 0x60, 0x06, 0xE0, 0x07, 0xC0, 0x03, 0xC0, 0x03, 0xC0,
    0x03, 0xC0, 0x03, 0xC0, 0x03, 0xC0, 0x03, 0xC0, 0x03, 0xE0, 0x07, 0x60, 0x06, 0x70, 0x0E, 0x3C,
    0x3C, 0x1F, 0xF8, 0x07, 0xE0, 0x30, 0xC3, 0x30, 0x3C, 0x03, 0x00, 0x00, 0x3E, 0x0F, 0xE3, 0x8E,
    0x60, 0xDC, 0x1F, 0x01, 0xE0, 0x3C, 0x07, 0x80, 0xF8, 0x3B, 0x06, 0x71, 0xC7, 0xF0, 0x7C, 0x00,
    0x18, 0x60, 0x33, 0x00, 0x78, 0x00, 0xC0, 0x00, 0x03, 0x00, 0x3C, 0x00, 0xF0, 0x03, 0xC0, 0x0F,
    0x00, 0x3C, 0x00, 0xF0, 0x03, 0xC0, 0x0F, 0x00, 0x3C, 0x00, 0xF0, 0x03, 0xC0, 0x0F, 0x00, 0x3C,
    0x00, 0xF0, 0x03, 0x60, 0x19, 0xC0, 0xE3, 0xFF, 0x03, 0xF0, 0x61, 0x8C, 0xC1, 0xE0, 0x30, 0x00,
    0x30, 0x3C, 0x0F, 0x03, 0xC0, 0xF0, 0x3C, 0x0F, 0x03, 0xC0, 0xF0, 0x3C, 0x0F, 0x07, 0x63, 0xDF,
    0xB1, 0xCC, 0x0F, 0xC0, 0x3F, 0x00, 0x00, 0x06, 0x30, 0x18, 0xC0, 0x00, 0x00, 0x00, 0x30, 0x03,
    0xC0, 0x0F, 0x00, 0x3C, 0x00, 0xF0, 0x03, 0xC0, 0x0F, 0x00, 0x3C, 0x00, 0xF0, 0x03, 0xC0, 0x0F,
    0x00, 0x3C, 0x00, 0xF0, 0x03, 0xC0, 0x0F, 0x00, 0x36, 0x01, 0x9C, 0x0E, 0x3F, 0xF0, 0x3F, 0x00,
    0x3F, 0x0F, 0xC0, 0x00, 0xCC, 0x33, 0x00, 0x00, 0x03, 0x03, 0xC0, 0xF0, 0x3C, 0x0F, 0x03, 0xC0,
    0xF0, 0x3C, 0x0F, 0x03, 0xC0, 0xF0, 0x76, 0x3D, 0xFB, 0x1C, 0xC0, 0x00, 0xC0, 0x06, 0x00, 0x30,
    0x01, 0x80, 0x00, 0x00, 0x63, 0x01, 0x8C, 0x00, 0x00, 0x00, 0x03, 0x00, 0x3C, 0x00, 0xF0, 0x03,
    0xC0, 0x0F, 0x00, 0x3C, 0x00, 0xF0, 0x03, 0xC0, 0x0F, 0x00, 0x3C, 0x00, 0xF0, 0x03, 0xC0, 0x0F,
    0x00, 0x3C, 0x00, 0xF0, 0x03, 0x60, 0x19, 0xC0, 0xE3, 0xFF, 0x03, 0xF0, 0x03, 0x01, 0x80, 0xC0,
    0x60, 0x00, 0x0C, 0xC3, 0x30, 0x00, 0x00, 0x30, 0x3C, 0x0F, 0x03, 0xC0, 0xF0, 0x3C, 0x0F, 0x03,
    0xC0, 0xF0, 0x3C, 0x0F, 0x07, 0x63, 0xDF, 0xB1, 0xCC, 0x18, 0x60, 0x33, 0x00, 0x78, 0x00, 0xC0,
    0x00, 0x00, 0x63, 0x01, 0x8C, 0x00, 0x00, 0x00, 0x03, 0x00, 0x3C, 0x00, 0xF0, 0x03, 0xC0, 0x0F,
    0x00, 0x3C, 0x00, 0xF0, 0x03, 0xC0, 0x0F, 0x00, 0x3C, 0x00, 0xF0, 0x03, 0xC0, 0x0F, 0x00, 0x3C,
    0x00, 0xF0, 0x03, 0x60, 0x19, 0xC0, 0xE3, 0xFF, 0x03, 0xF0, 0x61, 0x8C, 0xC1, 0xE0, 0x30, 0x00,
    0x0C, 0xC3, 0x30, 0x00, 0x00, 0x30, 0x3C, 0x0F, 0x03, 0xC0, 0xF0, 0x3C, 0x0F, 0x03, 0xC0, 0xF0,
    0x3C, 0x0F, 0x07, 0x63, 0xDF, 0xB1, 0xCC, 0x0C, 0x00, 0x18, 0x00, 0x30, 0x00, 0x60, 0x00, 0x00,
    0x63, 0x01, 0x8C, 0x00, 0x00, 0x00, 0x03, 0x00, 0x3C, 0x00, 0xF0, 0x03, 0xC0, 0x0F, 0x00, 0x3C,
    0x00, 0xF0, 0x03, 0xC0, 0x0F, 0x00, 0x3C, 0x00, 0xF0, 0x03, 0xC0, 0x0F, 0x00, 0x3C, 0x00, 0xF0,
    0x03, 0x60, 0x19, 0xC0, 0xE3, 0xFF, 0x03, 0xF0, 0x30, 0x06, 0x00, 0xC0, 0x18, 0x00, 0x0C, 0xC3,
    0x30, 0x00, 0x00, 0x30, 0x3C, 0x0F, 0x03, 0xC0, 0xF0, 0x3C, 0x0F, 0x03, 0xC0, 0xF0, 0x3C, 0x0F,
    0x07, 0x63, 0xDF, 0xB1, 0xCC, 0x1E, 0x0F, 0xF3, 0x87, 0x60, 0x60, 0x06, 0x00, 0xFF, 0xFF, 0xFF,
    0xC0, 0x78, 0x0D, 0x83, 0x38, 0xE3, 0xF8, 0x1C, 0x00, 0x07, 0xE0, 0x0F, 0xC0, 0x00, 0x00, 0x63,
    0x00, 0xC6, 0x00, 0x00, 0x00, 0x00, 0x01, 0xC0, 0x03, 0x80, 0x0D, 0x80, 0x1B, 0x00, 0x62, 0x00,
    0xC6, 0x01, 0x8C, 0x06, 0x0C, 0x0C, 0x18, 0x18, 0x30, 0x60, 0x30, 0xFF, 0xE1, 0xFF, 0xC6, 0x00,
    0xCC, 0x01, 0x98, 0x03, 0x60, 0x03, 0xC0, 0x07, 0x80, 0x0C, 0x3F, 0x07, 0xE0, 0x00, 0x19, 0x83,
    0x30, 0x00, 0x00, 0x00, 0xF8, 0x3F, 0x8C, 0x39, 0x83, 0x00, 0x60, 0x7C, 0x7F, 0x9E, 0x37, 0x06,
    0xC0, 0xD8, 0x3B, 0x8F, 0x3F, 0x73, 0xC6, 0x0F, 0xC0, 0x1F, 0x80, 0x00, 0x00, 0x18, 0x00, 0x30,
    0x00, 0x00, 0x00, 0xE0, 0x01, 0xC0, 0x06, 0xC0, 0x0D, 0x80, 0x31, 0x00, 0x63, 0x00, 0xC6, 0x03,
    0x06, 0x06, 0x0C, 0x0C, 0x18, 0x30, 0x18, 0x7F, 0xF0, 0xFF, 0xE3, 0x00, 0x66, 0x00, 0xCC, 0x01,
    0xB0, 0x01, 0xE0, 0x03, 0xC0, 0x06, 0x1F, 0x83, 0xF0, 0x00, 0x03, 0x00, 0x60, 0x00, 0x07, 0xC1,
    0xFC, 0x61, 0xCC, 0x18, 0x03, 0x03, 0xE3, 0xFC, 0xF1, 0xB8, 0x36, 0x06, 0xC1, 0xDC, 0x79, 0xFB,
    0x9E, 0x30, 0x00, 0xFC, 0x00, 0x07, 0xE0, 0x00, 0x00, 0x00, 0x07, 0xFF, 0xF0, 0x3F, 0xFF, 0x83,
    0x30, 0x00, 0x19, 0x80, 0x01, 0x8C, 0x00, 0x0C, 0x60, 0x00, 0x63, 0x00, 0x06, 0x18, 0x00, 0x30,
    0xFF, 0xF1, 0x87, 0xFF, 0x98, 0x30, 0x00, 0xFF, 0x80, 0x07, 0xFC, 0x00, 0x60, 0x60, 0x03, 0x03,
    0x00, 0x18, 0x18, 0x01, 0x80, 0xC0, 0x0C, 0x07, 0xFF, 0xE0, 0x3F, 0xFC, 0x03, 0xF0, 0x00, 0x7E,
    0x00, 0x00, 0x00, 0x0F, 0x87, 0x03, 0xFB, 0xF8, 0xC3, 0xE3, 0x98, 0x38, 0x30, 0x06, 0x03, 0x07,
    0xC0, 0x67, 0xFF, 0xFD, 0xE3, 0xFF, 0xF0, 0x60, 0x0C, 0x0C, 0x01, 0x83, 0xC0, 0xF8, 0xFC, 0x3B,
    0xF1, 0xFE, 0x3C, 0x0F, 0x00, 0x07, 0xE0, 0x1F, 0xF8, 0x3C, 0x3C, 0x70, 0x0E, 0x60, 0x06, 0xE0,
    0x06, 0xC0, 0x00, 0xC0, 0x00, 0xC0, 0x00, 0xC0, 0x7F, 0xC0, 0x7F, 0xC0, 0x03, 0xC0, 0x03, 0xE0,
    0x3F, 0x60, 0x3F, 0x70, 0x0F, 0x3C, 0x3F, 0x1F, 0xFB, 0x07, 0xE3, 0x1E, 0x67, 0xED, 0xC7, 0xB0,
    0x7E, 0x07, 0x80, 0xF0, 0x1E, 0x03, 0xC0, 0x7C, 0x0D, 0x83, 0xB8, 0xF3, 0xF7, 0xFF, 0xFF, 0xFE,
    0x03, 0xE0, 0xCF, 0xF8, 0x7C, 0x00, 0x0C, 0x30, 0x06, 0x60, 0x03, 0xC0, 0x01, 0x80, 0x00, 0x00,
    0x07, 0xE0, 0x1F, 0xF8, 0x3C, 0x3C, 0x70, 0x0E, 0x60, 0x06, 0xE0, 0x06, 0xC0, 0x00, 0xC0, 0x00,
    0xC0, 0x00, 0xC0, 0x7F, 0xC0, 0x7F, 0xC0, 0x03, 0xC0, 0x03, 0xE0, 0x03, 0x60, 0x07, 0x70, 0x0F,
    0x3C, 0x3F, 0x1F, 0xFB, 0x07, 0xE3, 0x30, 0xC3, 0x30, 0x3C, 0x03, 0x00, 0x00, 0x3C, 0xCF, 0xDB,
    0x8F, 0x60, 0xFC, 0x0F, 0x01, 0xE0, 0x3C, 0x07, 0x80, 0xF8, 0x1B, 0x07, 0x71, 0xE7, 0xEC, 0x79,
    0x80, 0x3C, 0x07, 0xC1, 0x9F, 0xF0, 0xF8, 0x30, 0xC0, 0xCC, 0x03, 0xC0, 0x0C, 0x00, 0x00, 0x60,
    0x1F, 0x01, 0xD8, 0x1C, 0xC1, 0xC6, 0x1C, 0x31, 0xC1, 0x9C, 0x0D, 0xC0, 0x7E, 0x03, 0xF8, 0x1C,
    0xE0, 0xC3, 0x86, 0x0C, 0x30, 0x71, 0x81, 0xCC, 0x06, 0x60, 0x3B, 0x00, 0xF8, 0x03, 0xC3, 0x06,
    0x60, 0x3C, 0x01, 0x80, 0x00, 0x03, 0x00, 0x30, 0x03, 0x00, 0x30, 0x03, 0x00, 0x30, 0x63, 0x0E,
    0x31, 0xC3, 0x38, 0x37, 0x03, 0xE0, 0x3F, 0x03, 0x38, 0x31, 0x83, 0x1C, 0x30, 0xE3, 0x06, 0x30,
    0x73, 0x03, 0x07, 0xE0, 0x1F, 0xF8, 0x3C, 0x3C, 0x70, 0x0E, 0x60, 0x06, 0xE0, 0x07, 0xC0, 0x03,
    0xC0, 0x03, 0xC0, 0x03, 0xC0, 0x03, 0xC0, 0x03, 0xC0, 0x03, 0xC0, 0x03, 0xE0, 0x07, 0x60, 0x06,
    0x70, 0x0E, 0x3C, 0x3C, 0x1F, 0xF8, 0x07, 0xE0, 0x01, 0x80, 0x03, 0x00, 0x03, 0x00, 0x03, 0xE0,
    0x01, 0xC0, 0x1F, 0x07, 0xF1, 0xC7, 0x30, 0x6E, 0x0F, 0x80, 0xF0, 0x1E, 0x03, 0xC0, 0x7C, 0x1D,
    0x83, 0x38, 0xE3, 0xF8, 0x3E, 0x03, 0x00, 0xC0, 0x18, 0x03, 0xE0, 0x38, 0x00, 0x07, 0xE0, 0x07,
    0xE0, 0x00, 0x00, 0x07, 0xE0, 0x1F, 0xF8, 0x3C, 0x3C, 0x70, 0x0E, 0x60, 0x06, 0xE0, 0x07, 0xC0,
    0x03, 0xC0, 0x03, 0xC0, 0x03, 0xC0, 0x03, 0xC0, 0x03, 0xC0, 0x03, 0xC0, 0x03, 0xE0, 0x07, 0x60,
    0x06, 0x70, 0x0E, 0x3C, 0x3C, 0x1F, 0xF8, 0x07, 0xE0, 0x01, 0x80, 0x03, 0x00, 0x03, 0x00, 0x03,
    0xE0, 0x01, 0xC0, 0x1F, 0x83, 0xF0, 0x00, 0x0F, 0x83, 0xF8, 0xE3, 0x98, 0x37, 0x07, 0xC0, 0x78,
    0x0F, 0x01, 0xE0, 0x3E, 0x0E, 0xC1, 0x9C, 0x71, 0xFC, 0x1F, 0x01, 0x80, 0x60, 0x0C, 0x01, 0xF0,
    0x1C, 0x00, 0x24, 0x18, 0x00, 0x00, 0x7E, 0x04, 0x08, 0x10, 0x1C, 0x02, 0x02, 0x02, 0x46, 0x3C,
    0x00, 0x00, 0x00, 0x00, 0x24, 0x18, 0x00, 0x00, 0x3E, 0x04, 0x08, 0x10, 0x1C, 0x02, 0x02, 0x02,
    0x42, 0x3C, 0xC3, 0x66, 0x3C, 0x18, 0x00, 0x18, 0x18, 0x18, 0x18, 0x18, 0x18, 0x18, 0x18, 0x18,
    0x18, 0x18, 0x18, 0x18, 0x18, 0x18, 0x18, 0x18, 0x78, 0x70, 0x00, 0x00, 0x00, 0x00, 0x67, 0x51,
    0x51, 0x51, 0x52, 0x52, 0x54, 0x54, 0x54, 0x67, 0x00, 0x00, 0x00, 0x00, 0x00, 0x00, 0x60, 0x50,
    0x57, 0x51, 0x51, 0x52, 0x52, 0x54, 0x54, 0x67, 0x00, 0x00, 0x00, 0x00, 0x00, 0x10, 0x10, 0x10,
    0x37, 0x51, 0x51, 0x52, 0x52, 0x54, 0x54, 0x37, 0x00, 0x00, 0x00, 0x60, 0x00, 0xC0, 0x01, 0x80,
    0x03, 0x00, 0x00, 0x00, 0x07, 0xE0, 0x1F, 0xF8, 0x3C, 0x3C, 0x70, 0x0E, 0x60, 0x06, 0xE0, 0x06,
    0xC0, 0x00, 0xC0, 0x00, 0xC0, 0x00, 0xC0, 0x7F, 0xC0, 0x7F, 0xC0, 0x03, 0xC0, 0x03, 0xE0, 0x03,
    0x60, 0x07, 0x70, 0x0F, 0x3C, 0x3F, 0x1F, 0xFB, 0x07, 0xE3, 0x01, 0x80, 0x60, 0x18, 0x06, 0x00,
    0x00, 0x3C, 0xCF, 0xDB, 0x8F, 0x60, 0xFC, 0x0F, 0x01, 0xE0, 0x3C, 0x07, 0x80, 0xF8, 0x1B, 0x07,
    0x71, 0xE7, 0xEC, 0x79, 0x80, 0x3C, 0x07, 0xC1, 0x9F, 0xF0, 0xF8, 0x00, 0x00, 0x00, 0x00, 0x48,
    0x48, 0x48, 0x4A, 0x7A, 0x4A, 0x4A, 0x4A, 0x4A, 0x44, 0x00, 0x00, 0x00, 0x00, 0x00, 0x00, 0x5C,
    0x62, 0x42, 0x42, 0x44, 0x48, 0x50, 0x60, 0x40, 0x40, 0x40, 0x00, 0x18, 0x00, 0x30, 0x00, 0x60,
    0x00, 0xC0, 0x00, 0x03, 0x80, 0x3F, 0x00, 0xFC, 0x03, 0xD8, 0x0F, 0x70, 0x3C, 0xC0, 0xF3, 0x83,
    0xC6, 0x0F, 0x1C, 0x3C, 0x30, 0xF0, 0xE3, 0xC1, 0x8F, 0x07, 0x3C, 0x0C, 0xF0, 0x3B, 0xC0, 0x6F,
    0x00, 0xFC, 0x03, 0xF0, 0x07, 0x60, 0x0C, 0x01, 0x80, 0x30, 0x00, 0x33, 0x8D, 0xFB, 0xC6, 0xE0,
    0xF0, 0x3C, 0x0F, 0x03, 0xC0, 0xF0, 0x3C, 0x0F, 0x03, 0xC0, 0xF0, 0x3C, 0x0C, 0x00, 0x60, 0x01,
    0x80, 0x06, 0x00, 0x18, 0x00, 0x00, 0x00, 0x70, 0x01, 0x10, 0x02, 0x20, 0x03, 0x80, 0x00, 0x00,
    0x0E, 0x00, 0x1C, 0x00, 0x6C, 0x00, 0xD8, 0x03, 0x10, 0x06, 0x30, 0x0C, 0x60, 0x30, 0x60, 0x60,
    0xC0, 0xC1, 0x83, 0x01, 0x87, 0xFF, 0x0F, 0xFE, 0x30, 0x06, 0x60, 0x0C, 0xC0, 0x1B, 0x00, 0x1E,
    0x00, 0x3C, 0x00, 0x60, 0x01, 0x80, 0x60, 0x18, 0x06, 0x00, 0x00, 0x0C, 0x02, 0x40, 0x48, 0x06,
    0x00, 0x00, 0x7C, 0x1F, 0xC6, 0x1C, 0xC1, 0x80, 0x30, 0x3E, 0x3F, 0xCF, 0x1B, 0x83, 0x60, 0x6C,
    0x1D, 0xC7, 0x9F, 0xB9, 0xE3, 0x00, 0x06, 0x00, 0x00, 0x60, 0x00, 0x06, 0x00, 0x00, 0x60, 0x00,
    0x00, 0x00, 0x01, 0xFF, 0xFC, 0x0F, 0xFF, 0xE0, 0xCC, 0x00, 0x06, 0x60, 0x00, 0x63, 0x00, 0x03,
    0x18, 0x00, 0x18, 0xC0, 0x01, 0x86, 0x00, 0x0C, 0x3F, 0xFC, 0x61, 0xFF, 0xE6, 0x0C, 0x00, 0x3F,
    0xE0, 0x01, 0xFF, 0x00, 0x18, 0x18, 0x00, 0xC0, 0xC0, 0x06, 0x06, 0x00, 0x60, 0x30, 0x03, 0x01,
    0xFF, 0xF8, 0x0F, 0xFF, 0x00, 0x18, 0x00, 0x06, 0x00, 0x01, 0x80, 0x00, 0x60, 0x00, 0x00, 0x00,
    0x3E, 0x1C, 0x0F, 0xEF, 0xE3, 0x0F, 0x8E, 0x60, 0xE0, 0xC0, 0x18, 0x0C, 0x1F, 0x01, 0x9F, 0xFF,
    0xF7, 0x8F, 0xFF, 0xC1, 0x80, 0x30, 0x30, 0x06, 0x0F, 0x03, 0xE3, 0xF0, 0xEF, 0xC7, 0xF8, 0xF0,
    0x3C, 0x00, 0x00, 0x18, 0x00, 0x0C, 0x00, 0x06, 0x00, 0x03, 0x00, 0x00, 0x00, 0x00, 0xFC, 0x30,
    0xFF, 0xDC, 0x78, 0x7E, 0x38, 0x07, 0x0C, 0x03, 0xC7, 0x01, 0xD9, 0x80, 0xE6, 0x60, 0x71, 0x98,
    0x38, 0x66, 0x1C, 0x19, 0x8E, 0x06, 0x67, 0x01, 0x9B, 0x80, 0x67, 0xC0, 0x38, 0xE0, 0x0C, 0x38,
    0x07, 0x1F, 0x87, 0x8E, 0xFF, 0xC3, 0x0F, 0xC0, 0x00, 0xC0, 0x0C, 0x00, 0xC0, 0x0C, 0x00, 0x00,
    0x07, 0xCC, 0x7F, 0xE7, 0x0E, 0x30, 0xE3, 0x8F, 0x98, 0xEC, 0xC6, 0x66, 0x63, 0x36, 0x19, 0xF1,
    0xC7, 0x0C, 0x70, 0xE7, 0xFE, 0x33, 0xE0, 0x1B, 0x00, 0x1B, 0x00, 0x1B, 0x00, 0x00, 0x00, 0x38,
    0x00, 0x70, 0x01, 0xB0, 0x03, 0x60, 0x0C, 0x40, 0x18, 0xC0, 0x31, 0x80, 0xC1, 0x81, 0x83, 0x03,
    0x06, 0x0C, 0x06, 0x1F, 0xFC, 0x3F, 0xF8, 0xC0, 0x19, 0x80, 0x33, 0x00, 0x6C, 0x00, 0x78, 0x00,
    0xF0, 0x01, 0x80, 0x6C, 0x06, 0xC0, 0x6C, 0x00, 0x01, 0xF0, 0x7F, 0x18, 0x73, 0x06, 0x00, 0xC0,
    0xF8, 0xFF, 0x3C, 0x6E, 0x0D, 0x81, 0xB0, 0x77, 0x1E, 0x7E, 0xE7, 0x8C, 0x07, 0x80, 0x1F, 0x80,
    0x61, 0x80, 0x81, 0x00, 0x00, 0x00, 0x70, 0x00, 0xE0, 0x03, 0x60, 0x06, 0xC0, 0x18, 0x80, 0x31,
    0x80, 0x63, 0x01, 0x83, 0x03, 0x06, 0x06, 0x0C, 0x18, 0x0C, 0x3F, 0xF8, 0x7F, 0xF1, 0x80, 0x33,
    0x00, 0x66, 0x00, 0xD8, 0x00, 0xF0, 0x01, 0xE0, 0x03, 0x0F, 0x03, 0xF0, 0xC3, 0x10, 0x20, 0x00,
    0x3E, 0x0F, 0xE3, 0x0E, 0x60, 0xC0, 0x18, 0x1F, 0x1F, 0xE7, 0x8D, 0xC1, 0xB0, 0x36, 0x0E, 0xE3,
    0xCF, 0xDC, 0xF1, 0x80, 0x6C, 0x03, 0x60, 0x1B, 0x00, 0x00, 0xFF, 0xFF, 0xFF, 0xC0, 0x0C, 0x00,
    0xC0, 0x0C, 0x00, 0xC0, 0x0C, 0x00, 0xFF, 0xEF, 0xFE, 0xC0, 0x0C, 0x00, 0xC0, 0x0C, 0x00, 0xC0,
    0x0C, 0x00, 0xC0, 0x0F, 0xFF, 0xFF, 0xF0, 0x6C, 0x06, 0xC0, 0x6C, 0x00, 0x00, 0xE0, 0x7F, 0x1C,
    0x73, 0x06, 0xC0, 0x78, 0x0F, 0xFF, 0xFF, 0xFC, 0x01, 0x80, 0x18, 0x1B, 0x87, 0x3F, 0xC1, 0xE0,
    0x1E, 0x03, 0xF0, 0x61, 0x84, 0x08, 0x00, 0x0F, 0xFF, 0xFF, 0xFC, 0x00, 0xC0, 0x0C, 0x00, 0xC0,
    0x0C, 0x00, 0xC0, 0x0F, 0xFE, 0xFF, 0xEC, 0x00, 0xC0, 0x0C, 0x00, 0xC0, 0x0C, 0x00, 0xC0, 0x0C,
    0x00, 0xFF, 0xFF, 0xFF, 0x0F, 0x03, 0xF0, 0xC3, 0x10, 0x20, 0x00, 0x1C, 0x0F, 0xE3, 0x8E, 0x60,
    0xD8, 0x0F, 0x01, 0xFF, 0xFF, 0xFF, 0x80, 0x30, 0x03, 0x03, 0x70, 0xE7, 0xF8, 0x3C, 0x00, 0xD8,
    0xD8, 0xD8, 0x01, 0x83, 0x06, 0x0C, 0x18, 0x30, 0x60, 0xC1, 0x83, 0x06, 0x0C, 0x18, 0x30, 0x60,
    0xC1, 0x83, 0x06, 0x00, 0xD8, 0xD8, 0xD8, 0x01, 0x83, 0x06, 0x0C, 0x18, 0x30, 0x60, 0xC1, 0x83,
    0x06, 0x0C, 0x18, 0x30, 0x3C, 0x7E, 0xC3, 0x81, 0x00, 0x18, 0x18, 0x18, 0x18, 0x18, 0x18, 0x18,
    0x18, 0x18, 0x18, 0x18, 0x18, 0x18, 0x18, 0x18, 0x18, 0x18, 0x18, 0x18, 0x3C, 0x7E, 0xC3, 0x81,
    0x00, 0x18, 0x18, 0x18, 0x18, 0x18, 0x18, 0x18, 0x18, 0x18, 0x18, 0x18, 0x18, 0x18, 0x18, 0x0D,
    0x80, 0x06, 0xC0, 0x03, 0x60, 0x00, 0x00, 0x07, 0xE0, 0x1F, 0xF8, 0x3C, 0x3C, 0x70, 0x0E, 0x60,
    0x06, 0xE0, 0x07, 0xC0, 0x03, 0xC0, 0x03, 0xC0, 0x03, 0xC0, 0x03, 0xC0, 0x03, 0xC0, 0x03, 0xC0,
    0x03, 0xE0, 0x07, 0x60, 0x06, 0x70, 0x0E, 0x3C, 0x3C, 0x1F, 0xF8, 0x07, 0xE0, 0x6C, 0x06, 0xC0,
    0x6C, 0x00, 0x01, 0xF0, 0x7F, 0x1C, 0x73, 0x06, 0xE0, 0xF8, 0x0F, 0x01, 0xE0, 0x3C, 0x07, 0xC1,
    0xD8, 0x33, 0x8E, 0x3F, 0x83, 0xE0, 0x03, 0xC0, 0x07, 0xE0, 0x0C, 0x30, 0x08, 0x10, 0x00, 0x00,
    0x07, 0xE0, 0x1F, 0xF8, 0x3C, 0x3C, 0x70, 0x0E, 0x60, 0x06, 0xE0, 0x07, 0xC0, 0x03, 0xC0, 0x03,
    0xC0, 0x03, 0xC0, 0x03, 0xC0, 0x03, 0xC0, 0x03, 0xC0, 0x03, 0xE0, 0x07, 0x60, 0x06, 0x70, 0x0E,
    0x3C, 0x3C, 0x1F, 0xF8, 0x07, 0xE0, 0x0F, 0x03, 0xF0, 0xC3, 0x10, 0x20, 0x00, 0x3E, 0x0F, 0xE3,
    0x8E, 0x60, 0xDC, 0x1F, 0x01, 0xE0, 0x3C, 0x07, 0x80, 0xF8, 0x3B, 0x06, 0x71, 0xC7, 0xF0, 0x7C,
    0x00, 0x36, 0x00, 0xD8, 0x03, 0x60, 0x00, 0x0F, 0xFE, 0x7F, 0xFB, 0x00, 0xD8, 0x03, 0xC0, 0x1E,
    0x00, 0xF0, 0x07, 0x80, 0x6F, 0xFF, 0x7F, 0xF3, 0x01, 0xD8, 0x06, 0xC0, 0x1E, 0x00, 0xF0, 0x07,
    0x80, 0x3C, 0x01, 0xE0, 0x0F, 0x00, 0x60, 0xD8, 0xD8, 0xD8, 0x06, 0x6D, 0xDF, 0x3C, 0x70, 0xC1,
    0x83, 0x06, 0x0C, 0x18, 0x30, 0x60, 0xC0, 0x0F, 0x00, 0xFC, 0x0C, 0x30, 0x40, 0x80, 0x00, 0x7F,
    0xF3, 0xFF, 0xD8, 0x06, 0xC0, 0x1E, 0x00, 0xF0, 0x07, 0x80, 0x3C, 0x03, 0x7F, 0xFB, 0xFF, 0x98,
    0x0E, 0xC0, 0x36, 0x00, 0xF0, 0x07, 0x80, 0x3C, 0x01, 0xE0, 0x0F, 0x00, 0x78, 0x03, 0x3C, 0x7E,
    0xC3, 0x81, 0x00, 0x66, 0x6E, 0x7C, 0x78, 0x70, 0x60, 0x60, 0x60, 0x60, 0x60, 0x60, 0x60, 0x60,
    0x60, 0x1B, 0x00, 0x36, 0x00, 0x6C, 0x00, 0x00, 0xC0, 0x0F, 0x00, 0x3C, 0x00, 0xF0, 0x03, 0xC0,
    0x0F, 0x00, 0x3C, 0x00, 0xF0, 0x03, 0xC0, 0x0F, 0x00, 0x3C, 0x00, 0xF0, 0x03, 0xC0, 0x0F, 0x00,
    0x3C, 0x00, 0xD8, 0x06, 0x70, 0x38, 0xFF, 0xC0, 0xFC, 0x00, 0x6C, 0x0D, 0x81, 0xB0, 0x00, 0xC0,
    0xF0, 0x3C, 0x0F, 0x03, 0xC0, 0xF0, 0x3C, 0x0F, 0x03, 0xC0, 0xF0, 0x3C, 0x1D, 0x8F, 0x7E, 0xC7,
    0x30, 0x07, 0x80, 0x3F, 0x01, 0x86, 0x04, 0x08, 0x00, 0x03, 0x00, 0x3C, 0x00, 0xF0, 0x03, 0xC0,
    0x0F, 0x00, 0x3C, 0x00, 0xF0, 0x03, 0xC0, 0x0F, 0x00, 0x3C, 0x00, 0xF0, 0x03, 0xC0, 0x0F, 0x00,
    0x3C, 0x00, 0xF0, 0x03, 0x60, 0x19, 0xC0, 0xE3, 0xFF, 0x03, 0xF0, 0x1E, 0x0F, 0xC6, 0x19, 0x02,
    0x00, 0x30, 0x3C, 0x0F, 0x03, 0xC0, 0xF0, 0x3C, 0x0F, 0x03, 0xC0, 0xF0, 0x3C, 0x0F, 0x07, 0x63,
    0xDF, 0xB1, 0xCC, 0x0F, 0x81, 0xFF, 0x18, 0x19, 0x80, 0x6C, 0x03, 0x60, 0x03, 0x80, 0x0F, 0x80,
    0x3F, 0x80, 0x3F, 0x00, 0x3C, 0x00, 0x70, 0x01, 0x80, 0x0F, 0x00, 0x78, 0x07, 0xF0, 0x73, 0xFF,
    0x07, 0xE0, 0x00, 0x00, 0x60, 0x03, 0x00, 0x18, 0x00, 0x40, 0x02, 0x00, 0x20, 0x00, 0x3F, 0x1F,
    0xEE, 0x1F, 0x03, 0xC0, 0x3E, 0x07, 0xF0, 0x3E, 0x01, 0xF0, 0x3C, 0x0F, 0x87, 0x7F, 0x8F, 0xC0,
    0x00, 0x30, 0x0C, 0x03, 0x00, 0x40, 0x10, 0x08, 0x00, 0xFF, 0xFF, 0xFF, 0xF0, 0x30, 0x00, 0xC0,
    0x03, 0x00, 0x0C, 0x00, 0x30, 0x00, 0xC0, 0x03, 0x00, 0x0C, 0x00, 0x30, 0x00, 0xC0, 0x03, 0x00,
    0x0C, 0x00, 0x30, 0x00, 0xC0, 0x03, 0x00, 0x0C, 0x00, 0x30, 0x00, 0x00, 0x03, 0x00, 0x0C, 0x00,
    0x30, 0x00, 0x40, 0x01, 0x00, 0x08, 0x00, 0x30, 0xC3, 0x0C, 0xFF, 0xF3, 0x0C, 0x30, 0xC3, 0x0C,
    0x30, 0xC3, 0x0C, 0x3C, 0x70, 0x0C, 0x30, 0xC1, 0x04, 0x20, 0x00, 0x00, 0x00, 0x00, 0x3C, 0x42,
    0x42, 0x02, 0x0C, 0x34, 0x02, 0x02, 0x02, 0x0C, 0x30, 0x00, 0x00, 0x00, 0x00, 0x00, 0x00, 0x00,
    0x3C, 0x42, 0x02, 0x02, 0x0C, 0x32, 0x02, 0x02, 0x0C, 0x30, 0x18, 0x60, 0x33, 0x00, 0x78, 0x00,
    0xC0, 0x00, 0x03, 0x00, 0x3C, 0x00, 0xF0, 0x03, 0xC0, 0x0F, 0x00, 0x3C, 0x00, 0xF0, 0x03, 0xC0,
    0x0F, 0xFF, 0xFF, 0xFF, 0xF0, 0x03, 0xC0, 0x0F, 0x00, 0x3C, 0x00, 0xF0, 0x03, 0xC0, 0x0F, 0x00,
    0x3C, 0x00, 0xF0, 0x03, 0xC3, 0x06, 0x60, 0x3C, 0x01, 0x80, 0x00, 0x03, 0x00, 0x30, 0x03, 0x00,
    0x30, 0x03, 0x00, 0x33, 0x83, 0x7E, 0x3C, 0x63, 0x83, 0x30, 0x33, 0x03, 0x30, 0x33, 0x03, 0x30,
    0x33, 0x03, 0x30, 0x33, 0x03, 0x30, 0x33, 0x03, 0x30, 0x0C, 0x00, 0x00, 0x00, 0x00, 0x00, 0x00,
    0x00, 0x00, 0x00, 0x00, 0x00, 0x00, 0x00, 0x00, 0x0C, 0x30, 0x00, 0x00, 0x00, 0x00, 0x00, 0x00,
    0x00, 0x00, 0x00, 0x00, 0x00, 0x00, 0x00, 0x00, 0x18, 0x24, 0x00, 0x00, 0x00, 0x00, 0x00, 0x00,
    0x00, 0x00, 0x00, 0x00, 0x00, 0x00, 0x00, 0x00, 0x00, 0x32, 0x4C, 0x00, 0x00, 0x00, 0x00, 0x00,
    0x00, 0x00, 0x00, 0x00, 0x00, 0x00, 0x00, 0x00, 0x00, 0x00, 0x7E, 0x00, 0x00, 0x00, 0x00, 0x00,
    0x00, 0x00, 0x00, 0x00, 0x00, 0x00, 0x00, 0x00, 0x00, 0x00, 0xFF, 0x00, 0x00, 0x00, 0x00, 0x00,
    0x00, 0x00, 0x00, 0x00, 0x00, 0x00, 0x00, 0x00, 0x00, 0x42, 0x42, 0x3C, 0x00, 0x00, 0x00, 0x00,
    0x00, 0x00, 0x00, 0x00, 0x00, 0x00, 0x00, 0x00, 0x00, 0x18, 0x18, 0x00, 0x00, 0x00, 0x00, 0x00,
    0x00, 0x00, 0x00, 0x00, 0x00, 0x00, 0x00, 0x00, 0x00, 0x66, 0x66, 0x00, 0x00, 0x00, 0x00, 0x00,
    0x00, 0x00, 0x00, 0x00, 0x00, 0x00, 0x00, 0x00, 0x18, 0x24, 0x04, 0x08, 0x08, 0x00, 0x00, 0x00,
    0x00, 0x00, 0x00, 0x00, 0x00, 0x00, 0x00, 0x00, 0x18, 0x24, 0x24, 0x18, 0x00, 0x00, 0x00, 0x00,
    0x00, 0x00, 0x00, 0x00, 0x00, 0x00, 0x00, 0x00, 0x33, 0x44, 0x00, 0x00, 0x00, 0x00, 0x00, 0x00,
    0x00, 0x00, 0x00, 0x00, 0x00, 0x00, 0x00, 0x00, 0x00, 0x42, 0x24, 0x18, 0x00, 0x00, 0x00, 0x00,
    0x00, 0x00, 0x00, 0x00, 0x00, 0x00, 0x00, 0x00, 0x00, 0x08, 0x08, 0x08, 0x00, 0x00, 0x00, 0x00,
    0x00, 0x00, 0x00, 0x00, 0x00, 0x00, 0x00, 0x00, 0x00, 0x24, 0x24, 0x24, 0x00, 0x00, 0x00, 0x00,
    0x00, 0x00, 0x00, 0x00, 0x00, 0x00, 0x00, 0x00, 0xCC, 0x22, 0x00, 0x00, 0x00, 0x00, 0x00, 0x00,
    0x00, 0x00, 0x00, 0x00, 0x00, 0x00, 0x00, 0x00, 0x18, 0x5A, 0x42, 0x3C, 0x00, 0x00, 0x00, 0x00,
    0x00, 0x00, 0x00, 0x00, 0x00, 0x00, 0x00, 0x00, 0x00, 0x3C, 0x42, 0x42, 0x00, 0x00, 0x00, 0x00,
    0x00, 0x00, 0x00, 0x00, 0x00, 0x00, 0x00, 0x00, 0x00, 0x08, 0x10, 0x18, 0x00, 0x00, 0x00, 0x00,
    0x00, 0x00, 0x00, 0x00, 0x00, 0x00, 0x00, 0x00, 0x00, 0x18, 0x08, 0x10, 0x00, 0x00, 0x00, 0x00,
    0x00, 0x00, 0x00, 0x00, 0x00, 0x00, 0x00, 0x00, 0x00, 0x18, 0x10, 0x08, 0x00, 0x00, 0x00, 0x00,
    0x00, 0x00, 0x00, 0x00, 0x00, 0x00, 0x00, 0x00, 0x00, 0x03, 0x01, 0x02, 0x00, 0x00, 0x00, 0x00,
    0x00, 0x00, 0x00, 0x00, 0x00, 0x00, 0x00, 0x00, 0x00, 0x00, 0x00, 0x00, 0x00, 0x00, 0x00, 0x00,
    0x00, 0x00, 0x00, 0x00, 0x00, 0x10, 0x08, 0x04, 0x00, 0x00, 0x00, 0x00, 0x00, 0x00, 0x00, 0x00,
    0x00, 0x00, 0x00, 0x00, 0x00, 0x08, 0x10, 0x20, 0x00, 0x00, 0x00, 0x00, 0x00, 0x00, 0x00, 0x00,
    0x00, 0x00, 0x00, 0x00, 0x00, 0x08, 0x38, 0x08, 0x00, 0x00, 0x00, 0x00, 0x00, 0x00, 0x00, 0x00,
    0x00, 0x00, 0x00, 0x00, 0x00, 0x10, 0x1C, 0x10, 0x00, 0x1E, 0x02, 0x02, 0x00, 0x00, 0x00, 0x00,
    0x00, 0x00, 0x00, 0x00, 0x00, 0x00, 0x00, 0x00, 0x00, 0x00, 0x04, 0x0A, 0x02, 0x04, 0x08, 0x00,
    0x00, 0x00, 0x00, 0x00, 0x00, 0x00, 0x00, 0x00, 0x00, 0x00, 0x00, 0x00, 0x00, 0x00, 0x00, 0x00,
    0x00, 0x00, 0x00, 0x00, 0x00, 0x18, 0x20, 0x18, 0x00, 0x00, 0x00, 0x00, 0x00, 0x00, 0x00, 0x00,
    0x00, 0x00, 0x00, 0x00, 0x00, 0x10, 0x10, 0x38, 0x00, 0x00, 0x00, 0x00, 0x00, 0x00, 0x00, 0x00,
    0x00, 0x00, 0x00, 0x00, 0x00, 0x38, 0x10, 0x10, 0x00, 0x00, 0x00, 0x00, 0x00, 0x00, 0x00, 0x00,
    0x00, 0x00, 0x00, 0x00, 0x00, 0x10, 0x38, 0x10, 0x00, 0x00, 0x00, 0x00, 0x00, 0x00, 0x00, 0x00,
    0x00, 0x00, 0x00, 0x00, 0x00, 0x00, 0x00, 0x3C, 0x00, 0x00, 0x00, 0x00, 0x00, 0x00, 0x00, 0x00,
    0x00, 0x00, 0x00, 0x00, 0x02, 0x02, 0x12, 0x0C, 0x00, 0x00, 0x00, 0x00, 0x00, 0x00, 0x00, 0x00,
    0x00, 0x00, 0x00, 0x00, 0x08, 0x08, 0x09, 0x06, 0x00, 0x00, 0x00, 0x00, 0x00, 0x00, 0x00, 0x00,
    0x00, 0x00, 0x00, 0x00, 0x00, 0x00, 0x18, 0x18, 0x00, 0x00, 0x00, 0x00, 0x00, 0x00, 0x00, 0x00,
    0x00, 0x00, 0x00, 0x00, 0x00, 0x00, 0x66, 0x66, 0x00, 0x00, 0x00, 0x00, 0x00, 0x00, 0x00, 0x00,
    0x00, 0x00, 0x00, 0x00, 0x00, 0x18, 0x24, 0x18, 0x00, 0x00, 0x00, 0x00, 0x00, 0x00, 0x00, 0x00,
    0x00, 0x00, 0x00, 0x00, 0x00, 0x18, 0x08, 0x10, 0x00, 0x00, 0x00, 0x00, 0x00, 0x00, 0x00, 0x00,
    0x00, 0x00, 0x00, 0x00, 0x10, 0x18, 0x04, 0x38, 0x00, 0x00, 0x00, 0x00, 0x00, 0x00, 0x00, 0x00,
    0x00, 0x00, 0x00, 0x00, 0x00, 0x08, 0x08, 0x06, 0x00, 0x00, 0x00, 0x00, 0x00, 0x00, 0x00, 0x00,
    0x00, 0x00, 0x00, 0x00, 0x00, 0x10, 0x10, 0x10, 0x00, 0x00, 0x00, 0x00, 0x00, 0x00, 0x00, 0x00,
    0x00, 0x00, 0x00, 0x00, 0x00, 0x00, 0x7E, 0x42, 0x00, 0x00, 0x00, 0x00, 0x00, 0x00, 0x00, 0x00,
    0x00, 0x00, 0x00, 0x00, 0x00, 0x92, 0x92, 0x6C, 0x00, 0x00, 0x00, 0x00, 0x00, 0x00, 0x00, 0x00,
    0x00, 0x00, 0x00, 0x00, 0x00, 0x42, 0x24, 0x18, 0x00, 0x00, 0x00, 0x00, 0x00, 0x00, 0x00, 0x00,
    0x00, 0x00, 0x00, 0x00, 0x00, 0x18, 0x24, 0x42, 0x00, 0x00, 0x00, 0x00, 0x00, 0x00, 0x00, 0x00,
    0x00, 0x00, 0x00, 0x00, 0x00, 0x42, 0x42, 0x3C, 0x00, 0x00, 0x00, 0x00, 0x00, 0x00, 0x00, 0x00,
    0x00, 0x00, 0x00, 0x00, 0x00, 0x3C, 0x42, 0x42, 0x00, 0x00, 0x00, 0x00, 0x00, 0x00, 0x00, 0x00,
    0x00, 0x00, 0x00, 0x00, 0x00, 0x00, 0x32, 0x4C, 0x00, 0x00, 0x00, 0x00, 0x00, 0x00, 0x00, 0x00,
    0x00, 0x00, 0x00, 0x00, 0x00, 0x00, 0x00, 0x7E, 0x00, 0x00, 0x00, 0x00, 0x00, 0x00, 0x00, 0x00,
    0x00, 0x00, 0x00, 0x00, 0x00, 0x00, 0x00, 0xFF, 0x00, 0x00, 0x00, 0x00, 0x00, 0x00, 0x00, 0x00,
    0x00, 0x00, 0x00, 0x00, 0x00, 0xFF, 0x00, 0xFF, 0x00, 0x00, 0x00, 0x00, 0x00, 0x00, 0x00, 0x00,
    0x32, 0x4C, 0x00, 0x00, 0x00, 0x00, 0x00, 0x00, 0x00, 0x00, 0x00, 0x00, 0x00, 0x00, 0x00, 0x00,
    0x3C, 0x00, 0x00, 0x00, 0x00, 0x00, 0x00, 0x00, 0x00, 0x00, 0x00, 0x00, 0x00, 0x00, 0x00, 0x00,
    0xFF, 0x00, 0x00, 0x00, 0x00, 0x00, 0x00, 0x00, 0x00, 0x00, 0x00, 0x00, 0x00, 0x00, 0x04, 0x08,
    0x10, 0x20, 0x40, 0x00, 0x00, 0x00, 0x00, 0x00, 0x00, 0x00, 0x02, 0x02, 0x04, 0x04, 0x08, 0x08,
    0x10, 0x10, 0x20, 0x20, 0x40, 0x40, 0x00, 0x00, 0x00, 0x00, 0x00, 0x00, 0x00, 0x00, 0x00, 0x00,
    0x00, 0x00, 0x00, 0x00, 0x18, 0x04, 0x04, 0x18, 0x00, 0x00, 0x00, 0x00, 0x00, 0x00, 0x00, 0x00,
    0x00, 0x00, 0x00, 0x00, 0x00, 0x00, 0x42, 0x7E, 0x00, 0x00, 0x00, 0x00, 0x00, 0x00, 0x00, 0x00,
    0x00, 0x00, 0x00, 0x00, 0x00, 0x3C, 0x24, 0x3C, 0x00, 0x00, 0x00, 0x00, 0x00, 0x00, 0x00, 0x00,
    0x00, 0x00, 0x00, 0x00, 0x00, 0x6C, 0x92, 0x10, 0x66, 0x18, 0x66, 0x00, 0x00, 0x00, 0x00, 0x00,
    0x00, 0x00, 0x00, 0x00, 0x00, 0x00, 0x00, 0x00, 0x08, 0x10, 0x10, 0x08, 0x10, 0x00, 0x00, 0x00,
    0x00, 0x00, 0x00, 0x00, 0x00, 0x00, 0x00, 0x00, 0xFF, 0x00, 0xFF, 0x00, 0x00, 0x00, 0x00, 0x00,
    0x00, 0x00, 0x00, 0x00, 0x00, 0x00, 0x00, 0x00, 0x00, 0x40, 0x20, 0x10, 0x00, 0x00, 0x00, 0x00,
    0x00, 0x00, 0x00, 0x00, 0x00, 0x00, 0x00, 0x00, 0x00, 0x02, 0x04, 0x08, 0x00, 0x00, 0x00, 0x00,
    0x00, 0x00, 0x00, 0x00, 0x00, 0x00, 0x00, 0x00, 0x00, 0x34, 0x48, 0x00, 0x00, 0x00, 0x00, 0x00,
    0x00, 0x00, 0x00, 0x00, 0x00, 0x00, 0x00, 0x00, 0x00, 0x18, 0x08, 0x10, 0x00, 0x00, 0x00, 0x00,
    0x00, 0x00, 0x00, 0x00, 0x00, 0x00, 0x00, 0x00, 0x10, 0x10, 0x54, 0x44, 0x00, 0x00, 0x00, 0x00,
    0x00, 0x00, 0x00, 0x00, 0x00, 0x00, 0x00, 0x00, 0x00, 0x00, 0x00, 0x00, 0x00, 0x00, 0x00, 0x00,
    0x00, 0x00, 0x00, 0x00, 0x10, 0x10, 0x10, 0x0C, 0x00, 0x7E, 0x42, 0x00, 0x00, 0x00, 0x00, 0x00,
    0x00, 0x00, 0x00, 0x00, 0x00, 0x00, 0x00, 0x00, 0x00, 0x00, 0x00, 0x00, 0x00, 0x00, 0x00, 0x00,
    0x00, 0x00, 0x00, 0x00, 0x00, 0x7E, 0x00, 0x7E, 0x00, 0x00, 0x00, 0x00, 0x00, 0x00, 0x00, 0x00,
    0x00, 0x00, 0x00, 0x00, 0x00, 0x00, 0x24, 0x24, 0x00, 0x00, 0x00, 0x00, 0x00, 0x00, 0x00, 0x00,
    0x00, 0x00, 0x00, 0x00, 0x00, 0x00, 0x18, 0x08, 0x08, 0x3A, 0x5C, 0x10, 0x00, 0x00, 0x00, 0x00,
    0x00, 0x00, 0x00, 0x00, 0x00, 0x00, 0x00, 0x00, 0x04, 0x71, 0x8E, 0x20, 0x00, 0x00, 0x00, 0x00,
    0x00, 0x00, 0x00, 0x00, 0x00, 0x00, 0x00, 0x00, 0x32, 0x4C, 0x32, 0x4C, 0x00, 0x00, 0x00, 0x00,
    0x00, 0x00, 0x00, 0x00, 0x00, 0x00, 0x00, 0x00, 0x00, 0x00, 0x00, 0x00, 0x00, 0x00, 0x00, 0x00,
    0x00, 0x00, 0x00, 0x00, 0x00, 0x22, 0x7F, 0x22, 0x00, 0x00, 0x00, 0x00, 0x00, 0x00, 0x00, 0x00,
    0x00, 0x00, 0x00, 0x00, 0x00, 0x08, 0x1C, 0x08, 0xAA, 0xAA, 0x00, 0x01, 0x80, 0x00, 0x00, 0x01,
    0xB9, 0xC2, 0x42, 0x03, 0xC2, 0xE2, 0x42, 0x2B, 0xB9, 0xC4, 0x00, 0x01, 0x82, 0x40, 0x00, 0x01,
    0x84, 0x20, 0x00, 0x01, 0x82, 0x40, 0x55, 0x55, 0x08, 0x04, 0x02, 0x04, 0x08, 0x00, 0x00, 0x00,
    0x00, 0x00, 0x00, 0x00, 0x00, 0x00, 0x00, 0x00, 0x18, 0x20, 0x20, 0x18, 0x00, 0x00, 0x00, 0x00,
    0x00, 0x00, 0x00, 0x00, 0x00, 0x00, 0x00, 0x00, 0x3C, 0x42, 0x5A, 0x18, 0x00, 0x00, 0x00, 0x00,
    0x00, 0x00, 0x00, 0x00, 0x00, 0x00, 0x00, 0x00, 0x00, 0x00, 0x00, 0x00, 0x00, 0x00, 0x00, 0x00,
    0x00, 0x00, 0x00, 0x00, 0x00, 0x24, 0x18, 0x24, 0x00, 0x00, 0x00, 0x00, 0x00, 0x00, 0x00, 0x00,
    0x00, 0x00, 0x00, 0x08, 0x10, 0x20, 0x10, 0x08, 0x00, 0x00, 0x00, 0x00, 0x00, 0x00, 0x00, 0x00,
    0x00, 0x00, 0x00, 0x10, 0x08, 0x04, 0x08, 0x10, 0x00, 0x00, 0x00, 0x00, 0x00, 0x00, 0x00, 0x00,
    0x00, 0x00, 0x00, 0x80, 0x40, 0x24, 0x4A, 0x91, 0x18, 0x04, 0x04, 0x18, 0x00, 0x00, 0x00, 0x00,
    0x00, 0x00, 0x00, 0x00, 0x00, 0x00, 0x00, 0x00, 0x00, 0x03, 0x03, 0x00, 0x00, 0x00, 0x00, 0x00,
    0x00, 0x00, 0x00, 0x00, 0x00, 0x00, 0x00, 0x00, 0x00, 0x00, 0x00, 0x00, 0x00, 0x00, 0x00, 0x00,
    0x00, 0x00, 0x00, 0x00, 0x54, 0x38, 0x7C, 0x38, 0x00, 0x00, 0x00, 0x00, 0x00, 0x00, 0x00, 0x00,
    0x00, 0x00, 0x00, 0x00, 0x00, 0x6C, 0x92, 0x6C, 0x08, 0x10, 0x3E, 0x04, 0x08, 0x00, 0x00, 0x00,
    0x00, 0x00, 0x00, 0x00, 0x00, 0x00, 0x00, 0x00, 0x00, 0x00, 0x00, 0x00, 0x00, 0x00, 0x00, 0x00,
    0x00, 0x00, 0x00, 0x00, 0x00, 0x00, 0x00, 0x00, 0x00, 0x00, 0x00, 0x00, 0x00, 0x00, 0x00, 0x00,
    0x00, 0x00, 0x40, 0x02, 0x30, 0x0C, 0x0F, 0xF0, 0x00, 0x00, 0x40, 0x02, 0x30, 0x0C, 0x0F, 0xF0,
    0x00, 0x00, 0x00, 0x00, 0x00, 0x00, 0x00, 0x00, 0x00, 0x00, 0x00, 0x00, 0x00, 0x00, 0x00, 0x00,
    0x00, 0x00, 0x00, 0x00, 0x00, 0x00, 0x00, 0x00, 0x00, 0x00, 0x00, 0x00, 0x1F, 0xF8, 0x00, 0x00,
    0x00, 0x00, 0x00, 0x00, 0x00, 0x00, 0x00, 0x00, 0x00, 0x00, 0x00, 0x00, 0x00, 0x00, 0x00, 0x00,
    0x00, 0x00, 0x00, 0x00, 0x00, 0x00, 0x00, 0x00, 0x00, 0x00, 0x00, 0x00, 0x00, 0x00, 0x00, 0x00,
    0x00, 0x00, 0x00, 0x00, 0x00, 0x00, 0x00, 0x00, 0x00, 0x00, 0x00, 0x00, 0x00, 0x00, 0x00, 0x00,
    0x00, 0x00, 0x00, 0x00, 0x00, 0x00, 0x1F, 0xF8, 0x00, 0x00, 0x1E, 0x02, 0x21, 0x84, 0x40, 0x78,
    0x00, 0x00, 0x00, 0x00, 0x00, 0x00, 0x00, 0x00, 0x00, 0x00, 0x00, 0x00, 0x00, 0x00, 0x00, 0x00,
    0x00, 0x00, 0x00, 0x00, 0x00, 0x00, 0x00, 0x00, 0x00, 0x00, 0x0F, 0xF0, 0x30, 0x0C, 0x40, 0x02,
    0x00, 0x00, 0x00, 0x00, 0x00, 0x00, 0x00, 0x00, 0x00, 0x00, 0x00, 0x00, 0x00, 0x00, 0x00, 0x00,
    0x00, 0x00, 0x00, 0x00, 0x00, 0x00, 0x00, 0x00, 0x00, 0x00, 0x00, 0x00, 0x00, 0x00, 0x00, 0x00,
    0x00, 0x00, 0x00, 0x00, 0x00, 0x00, 0x00, 0x00, 0x00, 0x00, 0x00, 0x00, 0x00, 0x00, 0x00, 0x08,
    0x00, 0x0C, 0x7F, 0xFE, 0x00, 0x0C, 0x00, 0x08, 0x3C, 0x44, 0x44, 0x4C, 0x34, 0x00, 0x00, 0x00,
    0x00, 0x00, 0x00, 0x00, 0x00, 0x00, 0x00, 0x00, 0x38, 0x44, 0x78, 0x40, 0x3C, 0x00, 0x00, 0x00,
    0x00, 0x00, 0x00, 0x00, 0x00, 0x00, 0x00, 0x00, 0x10, 0x00, 0x30, 0x10, 0x38, 0x00, 0x00, 0x00,
    0x00, 0x00, 0x00, 0x00, 0x00, 0x00, 0x00, 0x00, 0x38, 0x44, 0x44, 0x44, 0x38, 0x00, 0x00, 0x00,
    0x00, 0x00, 0x00, 0x00, 0x00, 0x00, 0x00, 0x00, 0x44, 0x44, 0x44, 0x44, 0x3C, 0x00, 0x00, 0x00,
    0x00, 0x00, 0x00, 0x00, 0x00, 0x00, 0x00, 0x00, 0x1C, 0x20, 0x20, 0x20, 0x1C, 0x00, 0x00, 0x00,
    0x00, 0x00, 0x00, 0x00, 0x00, 0x00, 0x00, 0x00, 0x04, 0x04, 0x1C, 0x24, 0x1C, 0x00, 0x00, 0x00,
    0x00, 0x00, 0x00, 0x00, 0x00, 0x00, 0x00, 0x00, 0x20, 0x20, 0x38, 0x24, 0x24, 0x00, 0x00, 0x00,
    0x00, 0x00, 0x00, 0x00, 0x00, 0x00, 0x00, 0x00, 0x00, 0x00, 0xEC, 0x92, 0x92, 0x00, 0x00, 0x00,
    0x00, 0x00, 0x00, 0x00, 0x00, 0x00, 0x00, 0x00, 0x00, 0x38, 0x24, 0x20, 0x20, 0x00, 0x00, 0x00,
    0x00, 0x00, 0x00, 0x00, 0x00, 0x00, 0x00, 0x00, 0x20, 0x78, 0x20, 0x20, 0x18, 0x00, 0x00, 0x00,
    0x00, 0x00, 0x00, 0x00, 0x00, 0x00, 0x00, 0x00, 0x00, 0x44, 0x44, 0x28, 0x10, 0x00, 0x00, 0x00,
    0x00, 0x00, 0x00, 0x00, 0x00, 0x00, 0x00, 0x00, 0x44, 0x28, 0x10, 0x28, 0x44, 0x00, 0x00, 0x00,
    0x00, 0x00, 0x00, 0x00, 0x00, 0x00, 0x00, 0x00, 0x00, 0x30, 0x0C, 0x00, 0x7E, 0x40, 0x40, 0x40,
    0x7C, 0x40, 0x40, 0x40, 0x40, 0x7E, 0x00, 0x00, 0x24, 0x24, 0x00, 0x00, 0x7E, 0x40, 0x40, 0x40,
    0x7C, 0x40, 0x40, 0x40, 0x40, 0x7E, 0x00, 0x00, 0x00, 0x00, 0x00, 0x00, 0x7E, 0x10, 0x10, 0x10,
    0x1E, 0x11, 0x11, 0x11, 0x11, 0x16, 0x00, 0x00, 0x0C, 0x30, 0x00, 0x00, 0x7E, 0x40, 0x40, 0x40,
    0x40, 0x40, 0x40, 0x40, 0x40, 0x40, 0x00, 0x00, 0x00, 0x00, 0x00, 0x00, 0x1C, 0x22, 0x40, 0x40,
    0x7C, 0x40, 0x40, 0x40, 0x22, 0x1C, 0x00, 0x00, 0x00, 0x00, 0x00, 0x00, 0x3C, 0x42, 0x42, 0x40,
    0x30, 0x0C, 0x02, 0x42, 0x42, 0x3C, 0x00, 0x00, 0x00, 0x00, 0x00, 0x00, 0x3E, 0x08, 0x08, 0x08,
    0x08, 0x08, 0x08, 0x08, 0x08, 0x3E, 0x00, 0x00, 0x24, 0x24, 0x00, 0x00, 0x3E, 0x08, 0x08, 0x08,
    0x08, 0x08, 0x08, 0x08, 0x08, 0x3E, 0x00, 0x00, 0x00, 0x00, 0x00, 0x00, 0x0E, 0x04, 0x04, 0x04,
    0x04, 0x04, 0x04, 0x44, 0x44, 0x38, 0x00, 0x00, 0x00, 0x00, 0x00, 0x00, 0x78, 0x48, 0x48, 0x48,
    0x4E, 0x49, 0x49, 0x49, 0x49, 0x8E, 0x00, 0x00, 0x00, 0x00, 0x00, 0x00, 0x48, 0x48, 0x48, 0x48,
    0x7E, 0x49, 0x49, 0x49, 0x49, 0x4E, 0x00, 0x00, 0x00, 0x00, 0x00, 0x00, 0x7E, 0x10, 0x10, 0x10,
    0x1E, 0x11, 0x11, 0x11, 0x11, 0x11, 0x00, 0x00, 0x0C, 0x30, 0x00, 0x00, 0x46, 0x48, 0x48, 0x50,
    0x50, 0x60, 0x50, 0x48, 0x44, 0x42, 0x00, 0x00, 0x00, 0x30, 0x0C, 0x00, 0x42, 0x46, 0x46, 0x4A,
    0x4A, 0x52, 0x52, 0x62, 0x62, 0x42, 0x00, 0x00, 0x42, 0x42, 0x3C, 0x00, 0x41, 0x41, 0x22, 0x22,
    0x14, 0x14, 0x08, 0x08, 0x10, 0x30, 0x00, 0x00, 0x00, 0x00, 0x00, 0x00, 0x41, 0x41, 0x41, 0x41,
    0x41, 0x41, 0x41, 0x41, 0x41, 0x7F, 0x08, 0x08, 0x00, 0x00, 0x00, 0x00, 0x18, 0x24, 0x24, 0x42,
    0x42, 0x7E, 0x42, 0x42, 0x42, 0x42, 0x00, 0x00, 0x00, 0x00, 0x00, 0x00, 0x7C, 0x40, 0x40, 0x40,
    0x7C, 0x42, 0x42, 0x42, 0x42, 0x7C, 0x00, 0x00, 0x00, 0x00, 0x00, 0x00, 0x7C, 0x42, 0x42, 0x42,
    0x7C, 0x42, 0x42, 0x42, 0x42, 0x7C, 0x00, 0x00, 0x00, 0x00, 0x00, 0x00, 0x7E, 0x40, 0x40, 0x40,
    0x40, 0x40, 0x40, 0x40, 0x40, 0x40, 0x00, 0x00, 0x00, 0x00, 0x00, 0x00, 0x0E, 0x12, 0x12, 0x12,
    0x22, 0x22, 0x22, 0x42, 0x42, 0xFF, 0x81, 0x81, 0x00, 0x00, 0x00, 0x00, 0x7E, 0x40, 0x40, 0x40,
    0x7C, 0x40, 0x40, 0x40, 0x40, 0x7E, 0x00, 0x00, 0x00, 0x00, 0x00, 0x00, 0x49, 0x49, 0x2A, 0x2A,
    0x1C, 0x1C, 0x2A, 0x2A, 0x49, 0x49, 0x00, 0x00, 0x00, 0x00, 0x00, 0x00, 0x3C, 0x42, 0x02, 0x02,
    0x3C, 0x04, 0x02, 0x02, 0x42, 0x3C, 0x00, 0x00, 0x00, 0x00, 0x00, 0x00, 0x42, 0x46, 0x46, 0x4A,
    0x4A, 0x52, 0x52, 0x62, 0x62, 0x42, 0x00, 0x00, 0x00, 0x24, 0x18, 0x00, 0x42, 0x46, 0x46, 0x4A,
    0x4A, 0x52, 0x52, 0x62, 0x62, 0x42, 0x00, 0x00, 0x00, 0x00, 0x00, 0x00, 0x46, 0x48, 0x48, 0x50,
    0x50, 0x60, 0x50, 0x48, 0x44, 0x42, 0x00, 0x00, 0x00, 0x00, 0x00, 0x00, 0x1E, 0x12, 0x12, 0x12,
    0x12, 0x12, 0x12, 0x22, 0x22, 0x42, 0x00, 0x00, 0x00, 0x00, 0x00, 0x00, 0x42, 0x42, 0x66, 0x66,
    0x5A, 0x5A, 0x42, 0x42, 0x42, 0x42, 0x00, 0x00, 0x00, 0x00, 0x00, 0x00, 0x42, 0x42, 0x42, 0x42,
    0x7E, 0x42, 0x42, 0x42, 0x42, 0x42, 0x00, 0x00, 0x00, 0x00, 0x00, 0x00, 0x3C, 0x42, 0x42, 0x42,
    0x42, 0x42, 0x42, 0x42, 0x42, 0x3C, 0x00, 0x00, 0x00, 0x00, 0x00, 0x00, 0x7E, 0x42, 0x42, 0x42,
    0x42, 0x42, 0x42, 0x42, 0x42, 0x42, 0x00, 0x00, 0x00, 0x00, 0x00, 0x00, 0x7C, 0x42, 0x42, 0x42,
    0x7C, 0x40, 0x40, 0x40, 0x40, 0x40, 0x00, 0x00, 0x00, 0x00, 0x00, 0x00, 0x3C, 0x42, 0x42, 0x40,
    0x40, 0x40, 0x40, 0x42, 0x42, 0x3C, 0x00, 0x00, 0x00, 0x00, 0x00, 0x00, 0x7F, 0x08, 0x08, 0x08,
    0x08, 0x08, 0x08, 0x08, 0x08, 0x08, 0x00, 0x00, 0x00, 0x00, 0x00, 0x00, 0x41, 0x41, 0x22, 0x22,
    0x14, 0x14, 0x08, 0x08, 0x10, 0x30, 0x00, 0x00, 0x00, 0x00, 0x00, 0x08, 0x3E, 0x49, 0x49, 0x49,
    0x49, 0x49, 0x3E, 0x08, 0x08, 0x08, 0x00, 0x00, 0x00, 0x00, 0x00, 0x00, 0x42, 0x42, 0x24, 0x24,
    0x18, 0x18, 0x24, 0x24, 0x42, 0x42, 0x00, 0x00, 0x00, 0x00, 0x00, 0x00, 0x42, 0x42, 0x42, 0x42,
    0x42, 0x42, 0x42, 0x42, 0x42, 0x7F, 0x01, 0x01, 0x00, 0x00, 0x00, 0x00, 0x42, 0x42, 0x42, 0x42,
    0x42, 0x46, 0x3A, 0x02, 0x02, 0x02, 0x00, 0x00, 0x00, 0x00, 0x00, 0x00, 0x49, 0x49, 0x49, 0x49,
    0x49, 0x49, 0x49, 0x49, 0x49, 0x7F, 0x00, 0x00, 0x00, 0x00, 0x00, 0x00, 0x92, 0x92, 0x92, 0x92,
    0x92, 0x92, 0x92, 0x92, 0x92, 0xFF, 0x01, 0x01, 0x00, 0x00, 0x00, 0x00, 0x70, 0x10, 0x10, 0x10,
    0x1E, 0x11, 0x11, 0x11, 0x11, 0x1E, 0x00, 0x00, 0x00, 0x00, 0x00, 0x00, 0x42, 0x42, 0x42, 0x42,
    0x72, 0x4A, 0x4A, 0x4A, 0x4A, 0x72, 0x00, 0x00, 0x00, 0x00, 0x00, 0x00, 0x40, 0x40, 0x40, 0x40,
    0x7C, 0x42, 0x42, 0x42, 0x42, 0x7C, 0x00, 0x00, 0x00, 0x00, 0x00, 0x00, 0x38, 0x44, 0x02, 0x02,
    0x3E, 0x02, 0x02, 0x02, 0x44, 0x38, 0x00, 0x00, 0x00, 0x00, 0x00, 0x00, 0x4C, 0x52, 0x52, 0x52,
    0x72, 0x52, 0x52, 0x52, 0x52, 0x4C, 0x00, 0x00, 0x00, 0x00, 0x00, 0x00, 0x3E, 0x42, 0x42, 0x42,
    0x3E, 0x12, 0x22, 0x22, 0x42, 0x42, 0x00, 0x00, 0x00, 0x00, 0x00, 0x00, 0x00, 0x00, 0x3C, 0x42,
    0x02, 0x3E, 0x42, 0x42, 0x46, 0x3A, 0x00, 0x00, 0x00, 0x00, 0x02, 0x1C, 0x20, 0x40, 0x7C, 0x42,
    0x42, 0x42, 0x42, 0x42, 0x42, 0x3C, 0x00, 0x00, 0x00, 0x00, 0x00, 0x00, 0x00, 0x00, 0x7C, 0x42,
    0x42, 0x7C, 0x42, 0x42, 0x42, 0x7C, 0x00, 0x00, 0x00, 0x00, 0x00, 0x00, 0x00, 0x00, 0x7E, 0x40,
    0x40, 0x40, 0x40, 0x40, 0x40, 0x40, 0x00, 0x00, 0x00, 0x00, 0x00, 0x00, 0x00, 0x00, 0x1E, 0x12,
    0x22, 0x22, 0x42, 0x42, 0x42, 0x7F, 0x41, 0x00, 0x00, 0x00, 0x00, 0x00, 0x00, 0x00, 0x3C, 0x42,
    0x42, 0x7E, 0x40, 0x40, 0x42, 0x3C, 0x00, 0x00, 0x00, 0x00, 0x00, 0x00, 0x00, 0x00, 0x49, 0x49,
    0x2A, 0x1C, 0x1C, 0x2A, 0x49, 0x49, 0x00, 0x00, 0x00, 0x00, 0x00, 0x00, 0x00, 0x00, 0x3C, 0x42,
    0x02, 0x3C, 0x04, 0x02, 0x42, 0x3C, 0x00, 0x00, 0x00, 0x00, 0x00, 0x00, 0x00, 0x00, 0x46, 0x46,
    0x4A, 0x4A, 0x52, 0x52, 0x62, 0x62, 0x00, 0x00, 0x00, 0x00, 0x24, 0x18, 0x00, 0x00, 0x46, 0x46,
    0x4A, 0x4A, 0x52, 0x52, 0x62, 0x62, 0x00, 0x00, 0x00, 0x00, 0x00, 0x00, 0x00, 0x00, 0x46, 0x48,
    0x50, 0x60, 0x50, 0x48, 0x44, 0x42, 0x00, 0x00, 0x00, 0x00, 0x00, 0x00, 0x00, 0x00, 0x1E, 0x12,
    0x12, 0x12, 0x12, 0x22, 0x22, 0x42, 0x00, 0x00, 0x00, 0x00, 0x00, 0x00, 0x00, 0x00, 0x42, 0x66,
    0x66, 0x5A, 0x5A, 0x42, 0x42, 0x42, 0x00, 0x00, 0x00, 0x00, 0x00, 0x00, 0x00, 0x00, 0x42, 0x42,
    0x42, 0x7E, 0x42, 0x42, 0x42, 0x42, 0x00, 0x00, 0x00, 0x00, 0x00, 0x00, 0x00, 0x00, 0x3C, 0x42,
    0x42, 0x42, 0x42, 0x42, 0x42, 0x3C, 0x00, 0x00, 0x00, 0x00, 0x00, 0x00, 0x00, 0x00, 0x7E, 0x42,
    0x42, 0x42, 0x42, 0x42, 0x42, 0x42, 0x00, 0x00, 0x00, 0x00, 0x00, 0x00, 0x00, 0x00, 0x5C, 0x62,
    0x42, 0x42, 0x42, 0x42, 0x62, 0x5C, 0x40, 0x40, 0x00, 0x00, 0x00, 0x00, 0x00, 0x00, 0x3C, 0x42,
    0x40, 0x40, 0x40, 0x40, 0x42, 0x3C, 0x00, 0x00, 0x00, 0x00, 0x00, 0x00, 0x00, 0x00, 0x7F, 0x08,
    0x08, 0x08, 0x08, 0x08, 0x08, 0x08, 0x00, 0x00, 0x00, 0x00, 0x00, 0x00, 0x00, 0x00, 0x42, 0x42,
    0x24, 0x24, 0x18, 0x18, 0x10, 0x10, 0x20, 0x60, 0x00, 0x00, 0x00, 0x08, 0x08, 0x08, 0x3E, 0x49,
    0x49, 0x49, 0x49, 0x49, 0x49, 0x3E, 0x08, 0x08, 0x00, 0x00, 0x00, 0x00, 0x00, 0x00, 0x42, 0x42,
    0x24, 0x18, 0x18, 0x24, 0x42, 0x42, 0x00, 0x00, 0x00, 0x00, 0x00, 0x00, 0x00, 0x00, 0x42, 0x42,
    0x42, 0x42, 0x42, 0x42, 0x42, 0x7F, 0x01, 0x01, 0x00, 0x00, 0x00, 0x00, 0x00, 0x00, 0x42, 0x42,
    0x42, 0x42, 0x46, 0x3A, 0x02, 0x02, 0x00, 0x00, 0x00, 0x00, 0x00, 0x00, 0x00, 0x00, 0x49, 0x49,
    0x49, 0x49, 0x49, 0x49, 0x49, 0x7F, 0x00, 0x00, 0x00, 0x00, 0x00, 0x00, 0x00, 0x00, 0x92, 0x92,
    0x92, 0x92, 0x92, 0x92, 0x92, 0xFF, 0x01, 0x01, 0x00, 0x00, 0x00, 0x00, 0x00, 0x00, 0x70, 0x10,
    0x10, 0x1E, 0x11, 0x11, 0x11, 0x1E, 0x00, 0x00, 0x00, 0x00, 0x00, 0x00, 0x00, 0x00, 0x42, 0x42,
    0x42, 0x72, 0x4A, 0x4A, 0x4A, 0x72, 0x00, 0x00, 0x00, 0x00, 0x00, 0x00, 0x00, 0x00, 0x40, 0x40,
    0x40, 0x7C, 0x42, 0x42, 0x42, 0x7C, 0x00, 0x00, 0x00, 0x00, 0x00, 0x00, 0x00, 0x00, 0x38, 0x44,
    0x02, 0x3E, 0x02, 0x02, 0x44, 0x38, 0x00, 0x00, 0x00, 0x00, 0x00, 0x00, 0x00, 0x00, 0x4C, 0x52,
    0x52, 0x72, 0x52, 0x52, 0x52, 0x4C, 0x00, 0x00, 0x00, 0x00, 0x00, 0x00, 0x00, 0x00, 0x3E, 0x42,
    0x42, 0x42, 0x3E, 0x12, 0x22, 0x42, 0x00, 0x00, 0x00, 0x00, 0x30, 0x0C, 0x00, 0x00, 0x3C, 0x42,
    0x42, 0x7E, 0x40, 0x40, 0x42, 0x3C, 0x00, 0x00, 0x00, 0x00, 0x24, 0x24, 0x00, 0x00, 0x3C, 0x42,
    0x42, 0x7E, 0x40, 0x40, 0x42, 0x3C, 0x00, 0x00, 0x00, 0x00, 0x00, 0x40, 0xF0, 0x40, 0x5C, 0x62,
    0x42, 0x42, 0x42, 0x42, 0x42, 0x42, 0x02, 0x0C, 0x00, 0x00, 0x0C, 0x30, 0x00, 0x00, 0x7E, 0x40,
    0x40, 0x40, 0x40, 0x40, 0x40, 0x40, 0x00, 0x00, 0x00, 0x00, 0x00, 0x00, 0x00, 0x00, 0x1C, 0x22,
    0x40, 0x7C, 0x40, 0x40, 0x22, 0x1C, 0x00, 0x00, 0x00, 0x00, 0x00, 0x00, 0x00, 0x00, 0x3C, 0x42,
    0x40, 0x30, 0x0C, 0x02, 0x42, 0x3C, 0x00, 0x00, 0x00, 0x00, 0x00, 0x08, 0x08, 0x00, 0x18, 0x08,
    0x08, 0x08, 0x08, 0x08, 0x08, 0x3E, 0x00, 0x00, 0x00, 0x00, 0x00, 0x24, 0x24, 0x00, 0x18, 0x08,
    0x08, 0x08, 0x08, 0x08, 0x08, 0x3E, 0x00, 0x00, 0x00, 0x00, 0x00, 0x04, 0x04, 0x00, 0x0C, 0x04,
    0x04, 0x04, 0x04, 0x04, 0x04, 0x04, 0x48, 0x30, 0x00, 0x00, 0x00, 0x00, 0x00, 0x00, 0x78, 0x48,
    0x48, 0x4E, 0x49, 0x49, 0x49, 0x8E, 0x00, 0x00, 0x00, 0x00, 0x00, 0x00, 0x00, 0x00, 0x48, 0x48,
    0x48, 0x7E, 0x49, 0x49, 0x49, 0x4E, 0x00, 0x00, 0x00, 0x00, 0x00, 0x40, 0xF0, 0x40, 0x5C, 0x62,
    0x42, 0x42, 0x42, 0x42, 0x42, 0x42, 0x00, 0x00, 0x00, 0x00, 0x0C, 0x30, 0x00, 0x00, 0x46, 0x48,
    0x50, 0x60, 0x50, 0x48, 0x44, 0x42, 0x00, 0x00, 0x00, 0x00, 0x30, 0x0C, 0x00, 0x00, 0x46, 0x46,
    0x4A, 0x4A, 0x52, 0x52, 0x62, 0x62, 0x00, 0x00, 0x00, 0x42, 0x42, 0x3C, 0x00, 0x00, 0x42, 0x42,
    0x24, 0x24, 0x18, 0x18, 0x10, 0x10, 0x20, 0x60, 0x00, 0x00, 0x00, 0x00, 0x00, 0x00, 0x22, 0x22,
    0x22, 0x22, 0x22, 0x22, 0x22, 0x3E, 0x08, 0x08, 0x00, 0x00, 0x00, 0x00, 0x49, 0x49, 0x49, 0x49,
    0x49, 0x49, 0x49, 0x49, 0x5A, 0x24, 0x00, 0x00, 0x00, 0x00, 0x00, 0x00, 0x00, 0x00, 0x00, 0x49,
    0x49, 0x49, 0x49, 0x49, 0x5A, 0x24, 0x00, 0x00, 0x00, 0x00, 0x00, 0x00, 0x10, 0x7C, 0x10, 0x10,
    0x1E, 0x11, 0x11, 0x11, 0x11, 0x1E, 0x00, 0x00, 0x00, 0x00, 0x00, 0x00, 0x20, 0x20, 0x78, 0x20,
    0x20, 0x3C, 0x22, 0x22, 0x22, 0x3C, 0x00, 0x00, 0x00, 0x00, 0x00, 0x00, 0x46, 0x49, 0x50, 0x50,
    0x7E, 0x50, 0x50, 0x50, 0x49, 0x46, 0x00, 0x00, 0x00, 0x00, 0x00, 0x00, 0x00, 0x00, 0x46, 0x49,
    0x50, 0x7E, 0x50, 0x50, 0x49, 0x46, 0x00, 0x00, 0x00, 0x00, 0x00, 0x00, 0x08, 0x08, 0x14, 0x14,
    0x22, 0x36, 0x2A, 0x49, 0x49, 0x49, 0x00, 0x00, 0x00, 0x00, 0x00, 0x00, 0x00, 0x00, 0x08, 0x14,
    0x14, 0x22, 0x36, 0x49, 0x49, 0x49, 0x00, 0x00, 0x00, 0x00, 0x00, 0x00, 0x48, 0x48, 0x54, 0x54,
    0x52, 0x76, 0x6A, 0x49, 0x49, 0x49, 0x00, 0x00, 0x00, 0x00, 0x00, 0x00, 0x00, 0x00, 0x48, 0x54,
    0x54, 0x52, 0x76, 0x49, 0x49, 0x49, 0x00, 0x00, 0x00, 0x00, 0x00, 0x00, 0x3E, 0x22, 0x22, 0x14,
    0x08, 0x1C, 0x2A, 0x49, 0x49, 0x49, 0x00, 0x00, 0x00, 0x00, 0x00, 0x00, 0x00, 0x00, 0x3E, 0x22,
    0x14, 0x08, 0x3E, 0x49, 0x49, 0x49, 0x00, 0x00, 0x00, 0x00, 0x00, 0x00, 0x5F, 0x51, 0x51, 0x4A,
    0x74, 0x4E, 0x55, 0x55, 0x55, 0x55, 0x00, 0x00, 0x00, 0x00, 0x00, 0x00, 0x00, 0x00, 0x5F, 0x51,
    0x4A, 0x74, 0x4E, 0x55, 0x55, 0x55, 0x00, 0x00, 0x00, 0x00, 0x24, 0x18, 0x3C, 0x42, 0x02, 0x02,
    0x3C, 0x04, 0x02, 0x02, 0x02, 0x3C, 0x40, 0x40, 0x00, 0x00, 0x00, 0x24, 0x18, 0x00, 0x3C, 0x42,
    0x02, 0x3C, 0x04, 0x02, 0x02, 0x3C, 0x40, 0x40, 0x00, 0x00, 0x00, 0x00, 0x49, 0x49, 0x49, 0x49,
    0x49, 0x3E, 0x08, 0x08, 0x08, 0x08, 0x00, 0x00, 0x00, 0x00, 0x00, 0x00, 0x00, 0x00, 0x00, 0x00,
    0x49, 0x49, 0x49, 0x49, 0x49, 0x3E, 0x08, 0x08, 0x00, 0x00, 0x00, 0x00, 0x3C, 0x42, 0x42, 0x42,
    0x7E, 0x42, 0x42, 0x42, 0x42, 0x3C, 0x00, 0x00, 0x00, 0x00, 0x00, 0x00, 0x00, 0x00, 0x3C, 0x42,
    0x42, 0x7E, 0x42, 0x42, 0x42, 0x3C, 0x00, 0x00, 0x00, 0x00, 0x00, 0x00, 0x43, 0x44, 0x44, 0x44,
    0x28, 0x28, 0x28, 0x10, 0x10, 0x10, 0x00, 0x00, 0x00, 0x00, 0x00, 0x00, 0x00, 0x00, 0x46, 0x48,
    0x48, 0x28, 0x28, 0x28, 0x10, 0x10, 0x00, 0x00, 0x66, 0x11, 0x00, 0x00, 0x43, 0x44, 0x44, 0x44,
    0x28, 0x28, 0x28, 0x10, 0x10, 0x10, 0x00, 0x00, 0x00, 0x00, 0x66, 0x11, 0x00, 0x00, 0x46, 0x48,
    0x48, 0x28, 0x28, 0x28, 0x10, 0x10, 0x00, 0x00, 0x00, 0x00, 0x00, 0x00, 0x20, 0x50, 0x59, 0x59,
    0x59, 0x55, 0x56, 0x54, 0x54, 0x24, 0x08, 0x08, 0x00, 0x00, 0x00, 0x00, 0x00, 0x00, 0x29, 0x59,
    0x59, 0x55, 0x56, 0x54, 0x54, 0x24, 0x08, 0x08, 0x00, 0x00, 0x00, 0x08, 0x3E, 0x49, 0x41, 0x41,
    0x41, 0x41, 0x41, 0x41, 0x49, 0x3E, 0x08, 0x00, 0x00, 0x00, 0x00, 0x00, 0x00, 0x08, 0x3E, 0x49,
    0x41, 0x41, 0x41, 0x41, 0x49, 0x3E, 0x08, 0x00, 0x3C, 0x43, 0x18, 0x04, 0x08, 0x00, 0x36, 0x41,
    0x41, 0x49, 0x49, 0x49, 0x49, 0x36, 0x00, 0x00, 0x00, 0x00, 0x00, 0x3C, 0x43, 0x18, 0x04, 0x08,
    0x00, 0x36, 0x41, 0x49, 0x49, 0x36, 0x00, 0x00, 0x00, 0x7F, 0x08, 0x00, 0x49, 0x49, 0x49, 0x49,
    0x49, 0x49, 0x49, 0x49, 0x5A, 0x24, 0x00, 0x00, 0x00, 0x00, 0x00, 0x00, 0x7F, 0x08, 0x00, 0x49,
    0x49, 0x49, 0x49, 0x49, 0x5A, 0x24, 0x00, 0x00, 0x00, 0x00, 0x00, 0x00, 0x3C, 0x42, 0x42, 0x40,
    0x40, 0x40, 0x40, 0x40, 0x3C, 0x04, 0x04, 0x04, 0x00, 0x00, 0x00, 0x00, 0x00, 0x00, 0x3C, 0x42,
    0x42, 0x40, 0x40, 0x40, 0x3C, 0x04, 0x04, 0x04, 0x00, 0x00, 0x00, 0x00, 0x00, 0x00, 0x12, 0x0C,
    0x44, 0x2A, 0x11, 0x18, 0x24, 0x00, 0x00, 0x00, 0x00, 0x08, 0x78, 0x40, 0x00, 0x00, 0x00, 0x00,
    0x00, 0x00, 0x00, 0x00, 0x00, 0x00, 0x00, 0x00, 0x02, 0x05, 0x09, 0x10, 0x00, 0x00, 0x00, 0x00,
    0x00, 0x00, 0x00, 0x00, 0x00, 0x00, 0x00, 0x00, 0x00, 0x38, 0x40, 0x30, 0x00, 0x00, 0x00, 0x00,
    0x00, 0x00, 0x00, 0x00, 0x00, 0x00, 0x00, 0x00, 0x00, 0x38, 0x04, 0x18, 0x00, 0x00, 0x00, 0x00,
    0x00, 0x00, 0x00, 0x00, 0x00, 0x00, 0x00, 0x00, 0x00, 0x30, 0x4C, 0x83, 0x00, 0x00, 0x00, 0x00,
    0x00, 0x00, 0x00, 0x00, 0x00, 0x00, 0x00, 0x00, 0x00, 0x00, 0x00, 0x00, 0x01, 0x00, 0x02, 0x80,
    0x10, 0x10, 0x28, 0x28, 0x00, 0x00, 0x00, 0x00, 0x40, 0x08, 0xA0, 0x14, 0x00, 0x00, 0x00, 0x00,
    0x00, 0x00, 0x10, 0x10, 0x29, 0x28, 0x02, 0x80, 0x00, 0x00, 0x00, 0x00, 0x00, 0x80, 0x10, 0x84,
    0x09, 0x88, 0x0C, 0x30, 0x00, 0x00, 0x00, 0x00, 0x00, 0x08, 0x70, 0x0E, 0x10, 0x00, 0x00, 0x00,
    0x00, 0x00, 0x0C, 0xD8, 0x08, 0x88, 0x10, 0x84, 0x00, 0x24, 0x18, 0x00, 0x42, 0x46, 0x46, 0x4A,
    0x4A, 0x52, 0x52, 0x62, 0x62, 0x43, 0x02, 0x04, 0x00, 0x00, 0x24, 0x18, 0x00, 0x00, 0x46, 0x46,
    0x4A, 0x4A, 0x52, 0x52, 0x62, 0x63, 0x02, 0x04, 0x00, 0x00, 0x00, 0x00, 0x20, 0x70, 0x20, 0x20,
    0x20, 0x3C, 0x22, 0x22, 0x26, 0x3C, 0x00, 0x00, 0x00, 0x00, 0x00, 0x00, 0x00, 0x00, 0x00, 0x20,
    0x70, 0x20, 0x3C, 0x22, 0x22, 0x3C, 0x00, 0x00, 0x00, 0x00, 0x00, 0x00, 0x7C, 0x42, 0x4A, 0x44,
    0x7A, 0x40, 0x40, 0x40, 0x40, 0x40, 0x00, 0x00, 0x00, 0x00, 0x00, 0x00, 0x00, 0x00, 0x5C, 0x62,
    0x42, 0x42, 0x42, 0x4A, 0x64, 0x5A, 0x40, 0x40, 0x00, 0x00, 0x02, 0x02, 0x7E, 0x40, 0x40, 0x40,
    0x40, 0x40, 0x40, 0x40, 0x40, 0x40, 0x00, 0x00, 0x00, 0x00, 0x00, 0x00, 0x02, 0x02, 0x7E, 0x40,
    0x40, 0x40, 0x40, 0x40, 0x40, 0x40, 0x00, 0x00, 0x00, 0x00, 0x00, 0x00, 0x1F, 0x10, 0x10, 0x10,
    0x10, 0x7C, 0x10, 0x10, 0x10, 0x10, 0x00, 0x00, 0x00, 0x00, 0x00, 0x00, 0x00, 0x00, 0x1F, 0x10,
    0x10, 0x10, 0x7C, 0x10, 0x10, 0x10, 0x00, 0x00, 0x00, 0x00, 0x00, 0x00, 0x7E, 0x40, 0x40, 0x40,
    0x40, 0x7C, 0x42, 0x42, 0x42, 0x42, 0x0C, 0x00, 0x00, 0x00, 0x00, 0x00, 0x00, 0x00, 0x7E, 0x40,
    0x40, 0x40, 0x7C, 0x42, 0x42, 0x42, 0x0C, 0x00, 0x00, 0x00, 0x00, 0x00, 0x49, 0x49, 0x2A, 0x2A,
    0x1C, 0x1C, 0x2A, 0x2A, 0x49, 0x49, 0x01, 0x01, 0x00, 0x00, 0x00, 0x00, 0x00, 0x00, 0x49, 0x49,
    0x2A, 0x1C, 0x1C, 0x2A, 0x49, 0x49, 0x01, 0x01, 0x00, 0x00, 0x00, 0x00, 0x3C, 0x42, 0x02, 0x02,
    0x3C, 0x04, 0x02, 0x02, 0x42, 0x3C, 0x08, 0x30, 0x00, 0x00, 0x00, 0x00, 0x00, 0x00, 0x3C, 0x42,
    0x02, 0x3C, 0x04, 0x02, 0x42, 0x3C, 0x08, 0x30, 0x00, 0x00, 0x00, 0x00, 0x46, 0x48, 0x48, 0x50,
    0x50, 0x60, 0x50, 0x48, 0x44, 0x42, 0x02, 0x02, 0x00, 0x00, 0x00, 0x00, 0x00, 0x00, 0x46, 0x48,
    0x50, 0x60, 0x50, 0x48, 0x44, 0x42, 0x02, 0x02, 0x00, 0x00, 0x00, 0x00, 0x43, 0x44, 0x54, 0x54,
    0x78, 0x54, 0x54, 0x54, 0x42, 0x41, 0x00, 0x00, 0x00, 0x00, 0x00, 0x00, 0x00, 0x00, 0x43, 0x54,
    0x54, 0x78, 0x54, 0x54, 0x42, 0x41, 0x00, 0x00, 0x00, 0x00, 0x00, 0x00, 0x23, 0x74, 0x24, 0x28,
    0x28, 0x30, 0x28, 0x24, 0x22, 0x21, 0x00, 0x00, 0x00, 0x00, 0x00, 0x00, 0x00, 0x00, 0x23, 0x74,
    0x28, 0x30, 0x28, 0x24, 0x22, 0x21, 0x00, 0x00, 0x00, 0x00, 0x00, 0x00, 0xE3, 0x24, 0x24, 0x28,
    0x28, 0x30, 0x28, 0x24, 0x22, 0x21, 0x00, 0x00, 0x00, 0x00, 0x00, 0x00, 0x00, 0x00, 0xE3, 0x24,
    0x28, 0x30, 0x28, 0x24, 0x22, 0x21, 0x00, 0x00, 0x00, 0x00, 0x00, 0x00, 0x42, 0x42, 0x42, 0x42,
    0x7E, 0x42, 0x42, 0x42, 0x42, 0x43, 0x01, 0x01, 0x00, 0x00, 0x00, 0x00, 0x00, 0x00, 0x42, 0x42,
    0x42, 0x7E, 0x42, 0x42, 0x42, 0x43, 0x01, 0x01, 0x00, 0x00, 0x00, 0x00, 0x47, 0x44, 0x44, 0x44,
    0x7C, 0x44, 0x44, 0x44, 0x44, 0x44, 0x00, 0x00, 0x00, 0x00, 0x00, 0x00, 0x00, 0x00, 0x47, 0x44,
    0x44, 0x7C, 0x44, 0x44, 0x44, 0x44, 0x00, 0x00, 0x00, 0x00, 0x00, 0x00, 0x78, 0x48, 0x48, 0x48,
    0x48, 0x4E, 0x49, 0x49, 0x49, 0x49, 0x01, 0x06, 0x00, 0x00, 0x00, 0x00, 0x00, 0x00, 0x78, 0x48,
    0x48, 0x48, 0x4E, 0x49, 0x49, 0x49, 0x01, 0x06, 0x00, 0x00, 0x00, 0x20, 0x4C, 0x52, 0x52, 0x52,
    0x52, 0x52, 0x52, 0x52, 0x2C, 0x18, 0x06, 0x00, 0x00, 0x00, 0x00, 0x00, 0x00, 0x00, 0x20, 0x4C,
    0x52, 0x52, 0x52, 0x52, 0x2C, 0x18, 0x06, 0x00, 0x00, 0x00, 0x00, 0x00, 0x3C, 0x42, 0x42, 0x40,
    0x40, 0x40, 0x40, 0x42, 0x42, 0x3C, 0x08, 0x30, 0x00, 0x00, 0x00, 0x00, 0x00, 0x00, 0x3C, 0x42,
    0x42, 0x40, 0x40, 0x42, 0x42, 0x3C, 0x08, 0x30, 0x00, 0x00, 0x00, 0x00, 0x7F, 0x08, 0x08, 0x08,
    0x08, 0x08, 0x08, 0x08, 0x08, 0x0C, 0x04, 0x04, 0x00, 0x00, 0x00, 0x00, 0x00, 0x00, 0x7F, 0x08,
    0x08, 0x08, 0x08, 0x08, 0x08, 0x0C, 0x04, 0x04, 0x00, 0x00, 0x00, 0x00, 0x41, 0x41, 0x22, 0x22,
    0x14, 0x08, 0x08, 0x08, 0x08, 0x08, 0x00, 0x00, 0x00, 0x00, 0x00, 0x00, 0x00, 0x00, 0x22, 0x22,
    0x22, 0x14, 0x14, 0x08, 0x08, 0x08, 0x08, 0x08, 0x00, 0x00, 0x00, 0x00, 0x41, 0x41, 0x22, 0x22,
    0x14, 0x08, 0x08, 0x3E, 0x08, 0x08, 0x00, 0x00, 0x00, 0x00, 0x00, 0x00, 0x00, 0x00, 0x22, 0x22,
    0x22, 0x14, 0x14, 0x08, 0x3E, 0x08, 0x08, 0x08, 0x00, 0x00, 0x00, 0x00, 0x42, 0x42, 0x24, 0x24,
    0x18, 0x18, 0x24, 0x24, 0x42, 0x43, 0x01, 0x01, 0x00, 0x00, 0x00, 0x00, 0x00, 0x00, 0x42, 0x42,
    0x24, 0x18, 0x18, 0x24, 0x42, 0x43, 0x01, 0x01, 0x00, 0x00, 0x00, 0x00, 0xFA, 0x22, 0x22, 0x22,
    0x22, 0x22, 0x22, 0x22, 0x22, 0x3F, 0x01, 0x01, 0x00, 0x00, 0x00, 0x00, 0x00, 0x00, 0xFA, 0x22,
    0x22, 0x22, 0x22, 0x22, 0x22, 0x3F, 0x01, 0x01, 0x00, 0x00, 0x00, 0x00, 0x42, 0x42, 0x42, 0x42,
    0x42, 0x46, 0x3A, 0x02, 0x02, 0x03, 0x01, 0x01, 0x00, 0x00, 0x00, 0x00, 0x00, 0x00, 0x42, 0x42,
    0x42, 0x42, 0x46, 0x3A, 0x02, 0x03, 0x01, 0x01, 0x00, 0x00, 0x00, 0x00, 0x42, 0x42, 0x42, 0x42,
    0x52, 0x56, 0x3A, 0x12, 0x12, 0x02, 0x00, 0x00, 0x00, 0x00, 0x00, 0x00, 0x00, 0x00, 0x42, 0x42,
    0x42, 0x52, 0x56, 0x3A, 0x12, 0x02, 0x00, 0x00, 0x00, 0x00, 0x00, 0x00, 0x40, 0x40, 0x40, 0x5C,
    0x62, 0x42, 0x42, 0x42, 0x42, 0x42, 0x00, 0x00, 0x00, 0x00, 0x00, 0x00, 0x00, 0x00, 0x40, 0x40,
    0x5C, 0x62, 0x42, 0x42, 0x42, 0x42, 0x00, 0x00, 0x00, 0x00, 0x00, 0x00, 0x4C, 0x52, 0x52, 0x52,
    0x3E, 0x10, 0x10, 0x12, 0x12, 0x0C, 0x00, 0x00, 0x00, 0x00, 0x00, 0x00, 0x00, 0x00, 0x4C, 0x52,
    0x52, 0x3E, 0x10, 0x10, 0x12, 0x0C, 0x00, 0x00, 0x00, 0x00, 0x00, 0x00, 0x4C, 0x52, 0x52, 0x52,
    0x3E, 0x10, 0x10, 0x12, 0x12, 0x0C, 0x08, 0x08, 0x00, 0x00, 0x00, 0x00, 0x00, 0x00, 0x4C, 0x52,
    0x52, 0x3E, 0x10, 0x10, 0x12, 0x0C, 0x08, 0x08, 0x00, 0x00, 0x00, 0x00, 0x3E, 0x08, 0x08, 0x08,
    0x08, 0x08, 0x08, 0x08, 0x08, 0x3E, 0x00, 0x00, 0x41, 0x41, 0x3E, 0x00, 0x49, 0x49, 0x2A, 0x2A,
    0x1C, 0x1C, 0x2A, 0x2A, 0x49, 0x49, 0x00, 0x00, 0x00, 0x22, 0x22, 0x1C, 0x00, 0x00, 0x49, 0x49,
    0x2A, 0x1C, 0x1C, 0x2A, 0x49, 0x49, 0x00, 0x00, 0x00, 0x00, 0x00, 0x00, 0x46, 0x48, 0x48, 0x50,
    0x60, 0x7C, 0x42, 0x42, 0x42, 0x42, 0x02, 0x0C, 0x00, 0x00, 0x00, 0x00, 0x00, 0x00, 0x46, 0x48,
    0x50, 0x60, 0x7C, 0x42, 0x42, 0x42, 0x02, 0x0C, 0x00, 0x00, 0x00, 0x00, 0x1E, 0x12, 0x12, 0x12,
    0x12, 0x12, 0x12, 0x22, 0x22, 0x43, 0x02, 0x04, 0x00, 0x00, 0x00, 0x00, 0x00, 0x00, 0x1E, 0x12,
    0x12, 0x12, 0x12, 0x22, 0x22, 0x43, 0x02, 0x04, 0x00, 0x00, 0x00, 0x00, 0x42, 0x42, 0x42, 0x42,
    0x7E, 0x42, 0x42, 0x42, 0x42, 0x42, 0x02, 0x0C, 0x00, 0x00, 0x00, 0x00, 0x00, 0x00, 0x42, 0x42,
    0x42, 0x7E, 0x42, 0x42, 0x42, 0x42, 0x02, 0x0C, 0x00, 0x00, 0x00, 0x00, 0x42, 0x42, 0x42, 0x42,
    0x7E, 0x42, 0x42, 0x42, 0x42, 0x43, 0x02, 0x04, 0x00, 0x00, 0x00, 0x00, 0x00, 0x00, 0x42, 0x42,
    0x42, 0x7E, 0x42, 0x42, 0x42, 0x43, 0x02, 0x04, 0x00, 0x00, 0x00, 0x00, 0x42, 0x42, 0x42, 0x42,
    0x42, 0x46, 0x3A, 0x02, 0x02, 0x06, 0x04, 0x04, 0x00, 0x00, 0x00, 0x00, 0x00, 0x00, 0x42, 0x42,
    0x42, 0x42, 0x46, 0x3A, 0x02, 0x06, 0x04, 0x04, 0x00, 0x00, 0x00, 0x00, 0x42, 0x42, 0x66, 0x66,
    0x5A, 0x5A, 0x42, 0x42, 0x42, 0x43, 0x02, 0x04, 0x00, 0x00, 0x00, 0x00, 0x00, 0x00, 0x42, 0x66,
    0x66, 0x5A, 0x5A, 0x42, 0x42, 0x43, 0x02, 0x04, 0x00, 0x00, 0x00, 0x00, 0x1C, 0x08, 0x08, 0x08,
    0x08, 0x08, 0x08, 0x08, 0x08, 0x1C, 0x00, 0x00, 0x42, 0x42, 0x3C, 0x00, 0x18, 0x24, 0x24, 0x42,
    0x42, 0x7E, 0x42, 0x42, 0x42, 0x42, 0x00, 0x00, 0x00, 0x42, 0x42, 0x3C, 0x00, 0x00, 0x3C, 0x42,
    0x02, 0x3E, 0x42, 0x42, 0x46, 0x3A, 0x00, 0x00, 0x24, 0x24, 0x00, 0x00, 0x18, 0x24, 0x24, 0x42,
    0x42, 0x7E, 0x42, 0x42, 0x42, 0x42, 0x00, 0x00, 0x00, 0x00, 0x24, 0x24, 0x00, 0x00, 0x3C, 0x42,
    0x02, 0x3E, 0x42, 0x42, 0x46, 0x3A, 0x00, 0x00, 0x00, 0x00, 0x00, 0x00, 0x1F, 0x28, 0x48, 0x48,
    0x7F, 0x48, 0x48, 0x48, 0x48, 0x4F, 0x00, 0x00, 0x00, 0x00, 0x00, 0x00, 0x00, 0x00, 0x3E, 0x49,
    0x09, 0x3F, 0x48, 0x48, 0x49, 0x3E, 0x00, 0x00, 0x42, 0x42, 0x3C, 0x00, 0x7E, 0x40, 0x40, 0x40,
    0x7C, 0x40, 0x40, 0x40, 0x40, 0x7E, 0x00, 0x00, 0x00, 0x00, 0x42, 0x42, 0x3C, 0x00, 0x3C, 0x42,
    0x42, 0x7E, 0x40, 0x40, 0x42, 0x3C, 0x00, 0x00, 0x00, 0x00, 0x00, 0x00, 0x18, 0x24, 0x42, 0x02,
    0x02, 0x7E, 0x42, 0x42, 0x24, 0x18, 0x00, 0x00, 0x00, 0x00, 0x00, 0x00, 0x00, 0x00, 0x3C, 0x42,
    0x02, 0x02, 0x7E, 0x42, 0x42, 0x3C, 0x00, 0x00, 0x24, 0x24, 0x00, 0x00, 0x18, 0x24, 0x42, 0x02,
    0x02, 0x7E, 0x42, 0x42, 0x24, 0x18, 0x00, 0x00, 0x00, 0x00, 0x24, 0x24, 0x00, 0x00, 0x3C, 0x42,
    0x02, 0x02, 0x7E, 0x42, 0x42, 0x3C, 0x00, 0x00, 0x24, 0x24, 0x00, 0x00, 0x49, 0x49, 0x2A, 0x2A,
    0x1C, 0x1C, 0x2A, 0x2A, 0x49, 0x49, 0x00, 0x00, 0x00, 0x00, 0x24, 0x24, 0x00, 0x00, 0x49, 0x49,
    0x2A, 0x1C, 0x1C, 0x2A, 0x49, 0x49, 0x00, 0x00, 0x24, 0x24, 0x00, 0x00, 0x3C, 0x42, 0x02, 0x02,
    0x3C, 0x04, 0x02, 0x02, 0x42, 0x3C, 0x00, 0x00, 0x00, 0x00, 0x24, 0x24, 0x00, 0x00, 0x3C, 0x42,
    0x02, 0x3C, 0x04, 0x02, 0x42, 0x3C, 0x00, 0x00, 0x00, 0x00, 0x00, 0x00, 0x7E, 0x04, 0x08, 0x10,
    0x1C, 0x02, 0x02, 0x02, 0x46, 0x3C, 0x00, 0x00, 0x00, 0x00, 0x00, 0x00, 0x00, 0x00, 0x3E, 0x04,
    0x08, 0x10, 0x1C, 0x02, 0x02, 0x02, 0x42, 0x3C, 0x00, 0x3C, 0x00, 0x00, 0x42, 0x46, 0x46, 0x4A,
    0x4A, 0x52, 0x52, 0x62, 0x62, 0x42, 0x00, 0x00, 0x00, 0x00, 0x00, 0x3C, 0x00, 0x00, 0x46, 0x46,
    0x4A, 0x4A, 0x52, 0x52, 0x62, 0x62, 0x00, 0x00, 0x24, 0x24, 0x00, 0x00, 0x42, 0x46, 0x46, 0x4A,
    0x4A, 0x52, 0x52, 0x62, 0x62, 0x42, 0x00, 0x00, 0x00, 0x00, 0x24, 0x24, 0x00, 0x00, 0x46, 0x46,
    0x4A, 0x4A, 0x52, 0x52, 0x62, 0x62, 0x00, 0x00, 0x24, 0x24, 0x00, 0x00, 0x3C, 0x42, 0x42, 0x42,
    0x42, 0x42, 0x42, 0x42, 0x42, 0x3C, 0x00, 0x00, 0x00, 0x00, 0x24, 0x24, 0x00, 0x00, 0x3C, 0x42,
    0x42, 0x42, 0x42, 0x42, 0x42, 0x3C, 0x00, 0x00, 0x00, 0x00, 0x00, 0x00, 0x3C, 0x42, 0x42, 0x42,
    0x7E, 0x42, 0x42, 0x42, 0x42, 0x3C, 0x00, 0x00, 0x00, 0x00, 0x00, 0x00, 0x00, 0x00, 0x3C, 0x42,
    0x42, 0x7E, 0x42, 0x42, 0x42, 0x3C, 0x00, 0x00, 0x24, 0x24, 0x00, 0x00, 0x3C, 0x42, 0x42, 0x42,
    0x7E, 0x42, 0x42, 0x42, 0x42, 0x3C, 0x00, 0x00, 0x00, 0x00, 0x24, 0x24, 0x00, 0x00, 0x3C, 0x42,
    0x42, 0x7E, 0x42, 0x42, 0x42, 0x3C, 0x00, 0x00, 0x00, 0x00, 0x24, 0x00, 0x3C, 0x42, 0x02, 0x02,
    0x3E, 0x02, 0x02, 0x02, 0x42, 0x3C, 0x00, 0x00, 0x00, 0x00, 0x00, 0x00, 0x24, 0x00, 0x3C, 0x42,
    0x02, 0x1E, 0x02, 0x02, 0x42, 0x3C, 0x00, 0x00, 0x00, 0x3E, 0x00, 0x00, 0x41, 0x41, 0x22, 0x22,
    0x14, 0x14, 0x08, 0x08, 0x10, 0x30, 0x00, 0x00, 0x00, 0x00, 0x00, 0x3C, 0x00, 0x00, 0x42, 0x42,
    0x24, 0x24, 0x18, 0x18, 0x10, 0x10, 0x20, 0x60, 0x24, 0x24, 0x00, 0x00, 0x41, 0x41, 0x22, 0x22,
    0x14, 0x14, 0x08, 0x08, 0x10, 0x30, 0x00, 0x00, 0x00, 0x00, 0x24, 0x24, 0x00, 0x00, 0x42, 0x42,
    0x24, 0x24, 0x18, 0x18, 0x10, 0x10, 0x20, 0x60, 0x33, 0x44, 0x00, 0x00, 0x41, 0x41, 0x22, 0x22,
    0x14, 0x14, 0x08, 0x08, 0x10, 0x30, 0x00, 0x00, 0x00, 0x00, 0x33, 0x44, 0x00, 0x00, 0x42, 0x42,
    0x24, 0x24, 0x18, 0x18, 0x10, 0x10, 0x20, 0x60, 0x24, 0x24, 0x00, 0x00, 0x42, 0x42, 0x42, 0x42,
    0x42, 0x46, 0x3A, 0x02, 0x02, 0x02, 0x00, 0x00, 0x00, 0x00, 0x24, 0x24, 0x00, 0x00, 0x42, 0x42,
    0x42, 0x42, 0x46, 0x3A, 0x02, 0x02, 0x00, 0x00, 0x00, 0x00, 0x00, 0x00, 0x7E, 0x40, 0x40, 0x40,
    0x40, 0x40, 0x40, 0x40, 0x40, 0x60, 0x20, 0x20, 0x00, 0x00, 0x00, 0x00, 0x00, 0x00, 0x7E, 0x40,
    0x40, 0x40, 0x40, 0x40, 0x40, 0x60, 0x20, 0x20, 0x24, 0x24, 0x00, 0x00, 0x42, 0x42, 0x42, 0x42,
    0x72, 0x4A, 0x4A, 0x4A, 0x4A, 0x72, 0x00, 0x00, 0x00, 0x00, 0x24, 0x24, 0x00, 0x00, 0x42, 0x42,
    0x42, 0x72, 0x4A, 0x4A, 0x4A, 0x72, 0x00, 0x00, 0x00, 0x00, 0x00, 0x00, 0x1F, 0x10, 0x10, 0x10,
    0x10, 0x7C, 0x10, 0x10, 0x10, 0x18, 0x08, 0x18, 0x00, 0x00, 0x00, 0x00, 0x00, 0x00, 0x1F, 0x10,
    0x10, 0x7C, 0x10, 0x10, 0x10, 0x18, 0x08, 0x18, 0x00, 0x00, 0x00, 0x00, 0x42, 0x42, 0x24, 0x24,
    0x18, 0x18, 0x24, 0x24, 0x42, 0x42, 0x02, 0x04, 0x00, 0x00, 0x00, 0x00, 0x00, 0x00, 0x42, 0x42,
    0x24, 0x18, 0x18, 0x24, 0x42, 0x42, 0x02, 0x04, 0x00, 0x00, 0x00, 0x00, 0x42, 0x42, 0x24, 0x24,
    0x18, 0x7E, 0x24, 0x24, 0x42, 0x42, 0x00, 0x00, 0x00, 0x00, 0x00, 0x00, 0x00, 0x00, 0x42, 0x42,
    0x24, 0x18, 0x7E, 0x24, 0x42, 0x42, 0x00, 0x00, 0x00, 0x00, 0x00, 0x00, 0x00, 0x42, 0x42, 0x22,
    0x12, 0x2C, 0x48, 0x44, 0x42, 0x42, 0x00, 0x00, 0x00, 0x00, 0x00, 0x00, 0x00, 0x7C, 0x04, 0x04,
    0x04, 0x04, 0x04, 0x04, 0x04, 0x7F, 0x00, 0x00, 0x00, 0x00, 0x00, 0x00, 0x00, 0x30, 0x08, 0x08,
    0x08, 0x04, 0x0C, 0x14, 0x22, 0x42, 0x00, 0x00, 0x00, 0x00, 0x00, 0x00, 0x00, 0x7E, 0x04, 0x04,
    0x04, 0x04, 0x04, 0x04, 0x04, 0x04, 0x00, 0x00, 0x00, 0x00, 0x00, 0x00, 0x00, 0x7E, 0x02, 0x02,
    0x22, 0x22, 0x22, 0x22, 0x22, 0x22, 0x00, 0x00, 0x00, 0x00, 0x00, 0x00, 0x00, 0x38, 0x08, 0x08,
    0x08, 0x08, 0x08, 0x08, 0x08, 0x08, 0x00, 0x00, 0x00, 0x00, 0x00, 0x00, 0x00, 0x30, 0x0C, 0x0A,
    0x08, 0x08, 0x08, 0x08, 0x08, 0x08, 0x00, 0x00, 0x00, 0x00, 0x00, 0x00, 0x00, 0x7E, 0x22, 0x22,
    0x22, 0x22, 0x22, 0x22, 0x22, 0x22, 0x00, 0x00, 0x00, 0x00, 0x00, 0x00, 0x00, 0x46, 0x4A, 0x42,
    0x42, 0x42, 0x42, 0x42, 0x42, 0x7E, 0x00, 0x00, 0x00, 0x00, 0x00, 0x00, 0x00, 0x38, 0x08, 0x08,
    0x08, 0x00, 0x00, 0x00, 0x00, 0x00, 0x00, 0x00, 0x00, 0x00, 0x00, 0x00, 0x00, 0x7E, 0x02, 0x02,
    0x02, 0x02, 0x02, 0x02, 0x02, 0x02, 0x02, 0x02, 0x00, 0x00, 0x00, 0x00, 0x00, 0x7E, 0x02, 0x02,
    0x02, 0x02, 0x02, 0x02, 0x02, 0x7C, 0x00, 0x00, 0x00, 0x00, 0x00, 0x20, 0x20, 0x3E, 0x02, 0x02,
    0x02, 0x02, 0x04, 0x04, 0x08, 0x30, 0x00, 0x00, 0x00, 0x00, 0x00, 0x00, 0x00, 0xFE, 0x22, 0x22,
    0x22, 0x22, 0x22, 0x22, 0x22, 0x3E, 0x00, 0x00, 0x00, 0x00, 0x00, 0x00, 0x00, 0x4E, 0x31, 0x21,
    0x41, 0x41, 0x41, 0x41, 0x41, 0x47, 0x00, 0x00, 0x00, 0x00, 0x00, 0x00, 0x00, 0x38, 0x08, 0x08,
    0x08, 0x08, 0x08, 0x08, 0x08, 0x08, 0x08, 0x08, 0x00, 0x00, 0x00, 0x00, 0x00, 0x1C, 0x04, 0x04,
    0x04, 0x04, 0x04, 0x04, 0x04, 0x3C, 0x00, 0x00, 0x00, 0x00, 0x00, 0x00, 0x00, 0x7E, 0x42, 0x42,
    0x42, 0x42, 0x42, 0x42, 0x44, 0x78, 0x00, 0x00, 0x00, 0x00, 0x00, 0x00, 0x00, 0x12, 0x12, 0x12,
    0x12, 0x12, 0x12, 0x12, 0x12, 0xFE, 0x00, 0x00, 0x00, 0x00, 0x00, 0x00, 0x00, 0x7E, 0x42, 0x42,
    0x42, 0x72, 0x02, 0x02, 0x02, 0x02, 0x02, 0x02, 0x00, 0x00, 0x00, 0x00, 0x00, 0x7E, 0x42, 0x42,
    0x42, 0x72, 0x02, 0x02, 0x02, 0x7E, 0x00, 0x00, 0x00, 0x00, 0x00, 0x00, 0x00, 0x22, 0x22, 0x24,
    0x28, 0x30, 0x20, 0x20, 0x20, 0x20, 0x20, 0x20, 0x00, 0x00, 0x00, 0x00, 0x00, 0x42, 0x42, 0x24,
    0x18, 0x08, 0x04, 0x02, 0x02, 0x7E, 0x00, 0x00, 0x00, 0x00, 0x00, 0x00, 0x00, 0x7E, 0x22, 0x22,
    0x24, 0x24, 0x28, 0x20, 0x20, 0x20, 0x20, 0x20, 0x00, 0x00, 0x00, 0x00, 0x00, 0x7E, 0x02, 0x02,
    0x02, 0x02, 0x02, 0x02, 0x02, 0x02, 0x00, 0x00, 0x00, 0x00, 0x00, 0x00, 0x00, 0x49, 0x49, 0x49,
    0x49, 0x49, 0x49, 0x49, 0x49, 0x7F, 0x00, 0x00, 0x00, 0x00, 0x00, 0x00, 0x00, 0x3E, 0x22, 0x22,
    0x22, 0x22, 0x22, 0x22, 0x22, 0x62, 0x00, 0x00, 0x00, 0x00, 0x00, 0x00, 0x00, 0x00, 0x00, 0x08,
    0x10, 0x18, 0x18, 0x00, 0x00, 0x00, 0x00, 0x00, 0x00, 0x00, 0x00, 0x00, 0x00, 0x00, 0x00, 0x08,
    0x10, 0x18, 0x00, 0x18, 0x00, 0x00, 0x00, 0x00, 0x00, 0x00, 0x00, 0x3E, 0x41, 0x40, 0x20, 0x10,
    0x08, 0x08, 0x00, 0x08, 0x00, 0x00, 0x00, 0x00, 0x00, 0x00, 0x00, 0x00, 0x00, 0x00, 0x00, 0x1C,
    0x20, 0x3C, 0x10, 0x20, 0x00, 0x00, 0x00, 0x00, 0x00, 0x00, 0x00, 0x00, 0x00, 0x00, 0x00, 0x00,
    0x00, 0x00, 0xFF, 0x00, 0x00, 0x00, 0x00, 0x00, 0x18, 0x20, 0x18, 0x20, 0x00, 0x00, 0x00, 0x00,
    0x00, 0x00, 0x00, 0x00, 0x00, 0x00, 0x00, 0x00, 0x00, 0x00, 0x00, 0x00, 0x00, 0x00, 0x10, 0x38,
    0x10, 0x00, 0x00, 0x00, 0x00, 0x00, 0x00, 0x00, 0x00, 0x00, 0x00, 0x20, 0x20, 0x10, 0x10, 0x08,
    0x08, 0x04, 0x04, 0x04, 0x00, 0x00, 0x00, 0x00, 0x00, 0x00, 0x00, 0x22, 0x24, 0x18, 0x10, 0x08,
    0x08, 0x04, 0x04, 0x04, 0x00, 0x00, 0x00, 0x00, 0x00, 0x00, 0x00, 0x49, 0x52, 0x3C, 0x20, 0x10,
    0x10, 0x08, 0x08, 0x08, 0x00, 0x00, 0x00, 0x00, 0x00, 0x00, 0x00, 0x04, 0x08, 0x10, 0x20, 0x18,
    0x20, 0x40, 0x42, 0x3C, 0x00, 0x00, 0x00, 0x00, 0x00, 0x00, 0x00, 0x18, 0x24, 0x24, 0x42, 0x42,
    0x42, 0x42, 0x24, 0x18, 0x00, 0x00, 0x00, 0x00, 0x00, 0x00, 0x00, 0x40, 0x3C, 0x04, 0x04, 0x02,
    0x02, 0x02, 0x01, 0x01, 0x00, 0x00, 0x00, 0x00, 0x00, 0x00, 0x00, 0x41, 0x41, 0x22, 0x22, 0x14,
    0x14, 0x08, 0x08, 0x08, 0x00, 0x00, 0x00, 0x00, 0x00, 0x00, 0x00, 0x08, 0x08, 0x08, 0x14, 0x14,
    0x22, 0x22, 0x41, 0x41, 0x00, 0x00, 0x00, 0x00, 0x00, 0x00, 0x00, 0x18, 0x24, 0x44, 0x4C, 0x34,
    0x02, 0x02, 0x01, 0x01, 0x00, 0x00, 0x00, 0x00, 0x00, 0x00, 0x00, 0x00, 0x00, 0x00, 0x00, 0x00,
    0x04, 0x22, 0x42, 0x42, 0x44, 0x38, 0x00, 0x00, 0x00, 0x00, 0x00, 0x00, 0x00, 0x00, 0x00, 0x00,
    0x00, 0x00, 0x3C, 0x00, 0x00, 0x00, 0x00, 0x00, 0x00, 0x00, 0x00, 0x00, 0x00, 0x00, 0x10, 0x18,
    0x24, 0x24, 0x3C, 0x00, 0x00, 0x00, 0x00, 0x00, 0x00, 0x00, 0x00, 0x00, 0x00, 0x00, 0x10, 0x38,
    0x10, 0x00, 0x00, 0x00, 0x00, 0x00, 0x00, 0x00, 0x00, 0x00, 0x00, 0x20, 0x20, 0x10, 0x10, 0x08,
    0x08, 0x04, 0x04, 0x04, 0x00, 0x00, 0x00, 0x00, 0x00, 0x00, 0x00, 0x22, 0x24, 0x18, 0x10, 0x08,
    0x08, 0x04, 0x04, 0x04, 0x00, 0x00, 0x00, 0x00, 0x00, 0x00, 0x00, 0x49, 0x52, 0x3C, 0x20, 0x10,
    0x10, 0x08, 0x08, 0x08, 0x00, 0x00, 0x00, 0x00, 0x00, 0x00, 0x00, 0x18, 0x24, 0x60, 0x72, 0x2C,
    0x20, 0x10, 0x10, 0x10, 0x00, 0x00, 0x00, 0x00, 0x00, 0x00, 0x00, 0x00, 0x08, 0x08, 0x14, 0x14,
    0x22, 0x22, 0x49, 0x55, 0x63, 0x00, 0x00, 0x00, 0x00, 0x00, 0x00, 0x00, 0x1C, 0x22, 0x20, 0x20,
    0x18, 0x06, 0x18, 0x60, 0x00, 0x00, 0x00, 0x00, 0x00, 0x00, 0x00, 0x41, 0x41, 0x22, 0x22, 0x14,
    0x14, 0x08, 0x08, 0x08, 0x00, 0x00, 0x00, 0x00, 0x00, 0x00, 0x00, 0x08, 0x08, 0x08, 0x14, 0x14,
    0x22, 0x22, 0x41, 0x41, 0x00, 0x00, 0x00, 0x00, 0x00, 0x00, 0x00, 0x18, 0x24, 0x44, 0x4C, 0x34,
    0x02, 0x02, 0x01, 0x01, 0x00, 0x00, 0x00, 0x00, 0x03, 0x80, 0x07, 0x00, 0x1B, 0x00, 0x36, 0x00,
    0xC4, 0x01, 0x8C, 0x03, 0x18, 0x0C, 0x18, 0x18, 0x30, 0x30, 0x60, 0xC0, 0x61, 0xFF, 0xC3, 0xFF,
    0x8C, 0x01, 0x98, 0x03, 0x30, 0x06, 0xC0, 0x07, 0x80, 0x0F, 0x00, 0x18, 0x00, 0x00, 0x18, 0x00,
    0x30, 0x00, 0x1F, 0x07, 0xF1, 0x87, 0x30, 0x60, 0x0C, 0x0F, 0x8F, 0xF3, 0xC6, 0xE0, 0xD8, 0x1B,
    0x07, 0x71, 0xE7, 0xEE, 0x78, 0xC0, 0x00, 0x30, 0x06, 0x00, 0x40, 0x20, 0x20, 0x40, 0x18, 0x24,
    0x24, 0x42, 0x42, 0x7E, 0x42, 0x42, 0x42, 0x42, 0x00, 0x00, 0x00, 0x08, 0x04, 0x04, 0x08, 0x00,
    0x3C, 0x42, 0x02, 0x3E, 0x42, 0x42, 0x46, 0x3A, 0x00, 0x00, 0x00, 0x60, 0x01, 0x80, 0x06, 0x00,
    0x18, 0x00, 0x00, 0x00, 0x30, 0x00, 0xF0, 0x03, 0x30, 0x0C, 0x30, 0x00, 0x00, 0x0E, 0x00, 0x1C,
    0x00, 0x6C, 0x00, 0xD8, 0x03, 0x10, 0x06, 0x30, 0x0C, 0x60, 0x30, 0x60, 0x60, 0xC0, 0xC1, 0x83,
    0x01, 0x87, 0xFF, 0x0F, 0xFE, 0x30, 0x06, 0x60, 0x0C, 0xC0, 0x1B, 0x00, 0x1E, 0x00, 0x3C, 0x00,
    0x60, 0x03, 0x00, 0xC0, 0x30, 0x0C, 0x00, 0x00, 0x18, 0x07, 0x81, 0x98, 0x61, 0x80, 0x00, 0x7C,
    0x1F, 0xC6, 0x1C, 0xC1, 0x80, 0x30, 0x3E, 0x3F, 0xCF, 0x1B, 0x83, 0x60, 0x6C, 0x1D, 0xC7, 0x9F,
    0xB9, 0xE3, 0x06, 0x00, 0x06, 0x00, 0x06, 0x00, 0x06, 0x00, 0x00, 0x00, 0x30, 0x00, 0xF0, 0x03,
    0x30, 0x0C, 0x30, 0x00, 0x00, 0x0E, 0x00, 0x1C, 0x00, 0x6C, 0x00, 0xD8, 0x03, 0x10, 0x06, 0x30,
    0x0C, 0x60, 0x30, 0x60, 0x60, 0xC0, 0xC1, 0x83, 0x01, 0x87, 0xFF, 0x0F, 0xFE, 0x30, 0x06, 0x60,
    0x0C, 0xC0, 0x1B, 0x00, 0x1E, 0x00, 0x3C, 0x00, 0x60, 0x30, 0x03, 0x00, 0x30, 0x03, 0x00, 0x00,
    0x18, 0x07, 0x81, 0x98, 0x61, 0x80, 0x00, 0x7C, 0x1F, 0xC6, 0x1C, 0xC1, 0x80, 0x30, 0x3E, 0x3F,
    0xCF, 0x1B, 0x83, 0x60, 0x6C, 0x1D, 0xC7, 0x9F, 0xB9, 0xE3, 0x04, 0x02, 0x14, 0x28, 0x54, 0x28,
    0x28, 0x44, 0x44, 0x7C, 0x44, 0x44, 0x44, 0x44, 0x00, 0x00, 0x02, 0x01, 0x0A, 0x14, 0x22, 0x00,
    0x3C, 0x42, 0x02, 0x3E, 0x42, 0x42, 0x46, 0x3A, 0x00, 0x00, 0x07, 0x10, 0x1B, 0x60, 0x23, 0x80,
    0x00, 0x00, 0x18, 0x00, 0x78, 0x01, 0x98, 0x06, 0x18, 0x00, 0x00, 0x07, 0x00, 0x0E, 0x00, 0x36,
    0x00, 0x6C, 0x01, 0x88, 0x03, 0x18, 0x06, 0x30, 0x18, 0x30, 0x30, 0x60, 0x60, 0xC1, 0x80, 0xC3,
    0xFF, 0x87, 0xFF, 0x18, 0x03, 0x30, 0x06, 0x60, 0x0D, 0x80, 0x0F, 0x00, 0x1E, 0x00, 0x30, 0x38,
    0x8D, 0xB1, 0x1C, 0x00, 0x00, 0xC0, 0x3C, 0x0C, 0xC3, 0x0C, 0x00, 0x03, 0xE0, 0xFE, 0x30, 0xE6,
    0x0C, 0x01, 0x81, 0xF1, 0xFE, 0x78, 0xDC, 0x1B, 0x03, 0x60, 0xEE, 0x3C, 0xFD, 0xCF, 0x18, 0x03,
    0x00, 0x0F, 0x00, 0x33, 0x00, 0xC3, 0x00, 0x00, 0x00, 0x70, 0x00, 0xE0, 0x03, 0x60, 0x06, 0xC0,
    0x18, 0x80, 0x31, 0x80, 0x63, 0x01, 0x83, 0x03, 0x06, 0x06, 0x0C, 0x18, 0x0C, 0x3F, 0xF8, 0x7F,
    0xF1, 0x80, 0x33, 0x00, 0x66, 0x00, 0xD8, 0x00, 0xF0, 0x01, 0xE0, 0x03, 0x00, 0x00, 0x03, 0x00,
    0x06, 0x00, 0x06, 0x01, 0xE0, 0x66, 0x18, 0x60, 0x00, 0x3E, 0x0F, 0xE3, 0x0E, 0x60, 0xC0, 0x18,
    0x1F, 0x1F, 0xE7, 0x8D, 0xC1, 0xB0, 0x36, 0x0E, 0xE3, 0xCF, 0xDC, 0xF1, 0x80, 0x00, 0x60, 0x0C,
    0x00, 0x00, 0xC0, 0x03, 0x00, 0x0C, 0x00, 0x30, 0x00, 0x00, 0x02, 0x04, 0x06, 0x18, 0x07, 0xE0,
    0x07, 0x80, 0x00, 0x00, 0x0E, 0x00, 0x1C, 0x00, 0x6C, 0x00, 0xD8, 0x03, 0x10, 0x06, 0x30, 0x0C,
    0x60, 0x30, 0x60, 0x60, 0xC0, 0xC1, 0x83, 0x01, 0x87, 0xFF, 0x0F, 0xFE, 0x30, 0x06, 0x60, 0x0C,
    0xC0, 0x1B, 0x00, 0x1E, 0x00, 0x3C, 0x00, 0x60, 0x01, 0x80, 0x60, 0x18, 0x06, 0x00, 0x00, 0x40,
    0x8C, 0x30, 0xFC, 0x0F, 0x00, 0x00, 0x7C, 0x1F, 0xC6, 0x1C, 0xC1, 0x80, 0x30, 0x3E, 0x3F, 0xCF,
    0x1B, 0x83, 0x60, 0x6C, 0x1D, 0xC7, 0x9F, 0xB9, 0xE3, 0x0C, 0x00, 0x0C, 0x00, 0x0C, 0x00, 0x0C,
    0x00, 0x00, 0x02, 0x04, 0x06, 0x18, 0x07, 0xE0, 0x07, 0x80, 0x00, 0x00, 0x0E, 0x00, 0x1C, 0x00,
    0x6C, 0x00, 0xD8, 0x03, 0x10, 0x06, 0x30, 0x0C, 0x60, 0x30, 0x60, 0x60, 0xC0, 0xC1, 0x83, 0x01,
    0x87, 0xFF, 0x0F, 0xFE, 0x30, 0x06, 0x60, 0x0C, 0xC0, 0x1B, 0x00, 0x1E, 0x00, 0x3C, 0x00, 0x60,
    0x18, 0x01, 0x80, 0x18, 0x01, 0x80, 0x00, 0x40, 0x8C, 0x30, 0xFC, 0x0F, 0x00, 0x00, 0x7C, 0x1F,
    0xC6, 0x1C, 0xC1, 0x80, 0x30, 0x3E, 0x3F, 0xCF, 0x1B, 0x83, 0x60, 0x6C, 0x1D, 0xC7, 0x9F, 0xB9,
    0xE3, 0x10, 0x08, 0xB2, 0x7C, 0x10, 0x28, 0x28, 0x44, 0x44, 0x7C, 0x44, 0x44, 0x44, 0x44, 0x00,
    0x00, 0x08, 0x08, 0x10, 0x44, 0x38, 0x00, 0x3C, 0x42, 0x02, 0x3E, 0x42, 0x42, 0x46, 0x3A, 0x00,
    0x00, 0x0E, 0x20, 0x36, 0xC0, 0x47, 0x00, 0x00, 0x01, 0x02, 0x03, 0x0C, 0x03, 0xF0, 0x03, 0xC0,
    0x00, 0x00, 0x07, 0x00, 0x0E, 0x00, 0x36, 0x00, 0x6C, 0x01, 0x88, 0x03, 0x18, 0x06, 0x30, 0x18,
    0x30, 0x30, 0x60, 0x60, 0xC1, 0x80, 0xC3, 0xFF, 0x87, 0xFF, 0x18, 0x03, 0x30, 0x06, 0x60, 0x0D,
    0x80, 0x0F, 0x00, 0x1E, 0x00, 0x30, 0x1C, 0x46, 0xD8, 0x8E, 0x00, 0x02, 0x04, 0x61, 0x87, 0xE0,
    0x78, 0x00, 0x03, 0xE0, 0xFE, 0x30, 0xE6, 0x0C, 0x01, 0x81, 0xF1, 0xFE, 0x78, 0xDC, 0x1B, 0x03,
    0x60, 0xEE, 0x3C, 0xFD, 0xCF, 0x18, 0x10, 0x20, 0x30, 0xC0, 0x3F, 0x00, 0x3C, 0x00, 0x00, 0x00,
    0x70, 0x00, 0xE0, 0x03, 0x60, 0x06, 0xC0, 0x18, 0x80, 0x31, 0x80, 0x63, 0x01, 0x83, 0x03, 0x06,
    0x06, 0x0C, 0x18, 0x0C, 0x3F, 0xF8, 0x7F, 0xF1, 0x80, 0x33, 0x00, 0x66, 0x00, 0xD8, 0x00, 0xF0,
    0x01, 0xE0, 0x03, 0x00, 0x00, 0x03, 0x00, 0x06, 0x00, 0x20, 0x46, 0x18, 0x7E, 0x07, 0x80, 0x00,
    0x3E, 0x0F, 0xE3, 0x0E, 0x60, 0xC0, 0x18, 0x1F, 0x1F, 0xE7, 0x8D, 0xC1, 0xB0, 0x36, 0x0E, 0xE3,
    0xCF, 0xDC, 0xF1, 0x80, 0x00, 0x60, 0x0C, 0x00, 0xFF, 0xFF, 0xFF, 0xC0, 0x0C, 0x00, 0xC0, 0x0C,
    0x00, 0xC0, 0x0C, 0x00, 0xFF, 0xEF, 0xFE, 0xC0, 0x0C, 0x00, 0xC0, 0x0C, 0x00, 0xC0, 0x0C, 0x00,
    0xC0, 0x0F, 0xFF, 0xFF, 0xF0, 0x00, 0x0C, 0x00, 0xC0, 0x0E, 0x07, 0xF1, 0xC7, 0x30, 0x6C, 0x07,
    0x80, 0xFF, 0xFF, 0xFF, 0xC0, 0x18, 0x01, 0x81, 0xB8, 0x73, 0xFC, 0x1E, 0x00, 0x00, 0x30, 0x06,
    0x00, 0x10, 0x08, 0x08, 0x10, 0x7E, 0x40, 0x40, 0x40, 0x7C, 0x40, 0x40, 0x40, 0x40, 0x7E, 0x00,
    0x00, 0x10, 0x08, 0x08, 0x10, 0x00, 0x00, 0x3C, 0x42, 0x42, 0x7E, 0x40, 0x40, 0x42, 0x3C, 0x00,
    0x00, 0x38, 0x86, 0xD8, 0x47, 0x00, 0x00, 0xFF, 0xFF, 0xFF, 0xC0, 0x0C, 0x00, 0xC0, 0x0C, 0x00,
    0xC0, 0x0C, 0x00, 0xFF, 0xEF, 0xFE, 0xC0, 0x0C, 0x00, 0xC0, 0x0C, 0x00, 0xC0, 0x0C, 0x00, 0xC0,
    0x0F, 0xFF, 0xFF, 0xF0, 0x38, 0x8D, 0xB1, 0x1C, 0x00, 0x00, 0xE0, 0x7F, 0x1C, 0x73, 0x06, 0xC0,
    0x78, 0x0F, 0xFF, 0xFF, 0xFC, 0x01, 0x80, 0x18, 0x1B, 0x87, 0x3F, 0xC1, 0xE0, 0x01, 0x80, 0x30,
    0x06, 0x00, 0xC0, 0x00, 0x00, 0x60, 0x0F, 0x01, 0x98, 0x30, 0xC0, 0x00, 0xFF, 0xFF, 0xFF, 0xC0,
    0x0C, 0x00, 0xC0, 0x0C, 0x00, 0xC0, 0x0C, 0x00, 0xFF, 0xEF, 0xFE, 0xC0, 0x0C, 0x00, 0xC0, 0x0C,
    0x00, 0xC0, 0x0C, 0x00, 0xC0, 0x0F, 0xFF, 0xFF, 0xF0, 0x03, 0x00, 0xC0, 0x30, 0x0C, 0x00, 0x00,
    0x18, 0x07, 0x81, 0x98, 0x61, 0x80, 0x00, 0x38, 0x1F, 0xC7, 0x1C, 0xC1, 0xB0, 0x1E, 0x03, 0xFF,
    0xFF, 0xFF, 0x00, 0x60, 0x06, 0x06, 0xE1, 0xCF, 0xF0, 0x78, 0x18, 0x00, 0xC0, 0x06, 0x00, 0x30,
    0x00, 0x00, 0x60, 0x0F, 0x01, 0x98, 0x30, 0xC0, 0x00, 0xFF, 0xFF, 0xFF, 0xC0, 0x0C, 0x00, 0xC0,
    0x0C, 0x00, 0xC0, 0x0C, 0x00, 0xFF, 0xEF, 0xFE, 0xC0, 0x0C, 0x00, 0xC0, 0x0C, 0x00, 0xC0, 0x0C,
    0x00, 0xC0, 0x0F, 0xFF, 0xFF, 0xF0, 0x30, 0x03, 0x00, 0x30, 0x03, 0x00, 0x00, 0x18, 0x07, 0x81,
    0x98, 0x61, 0x80, 0x00, 0x38, 0x1F, 0xC7, 0x1C, 0xC1, 0xB0, 0x1E, 0x03, 0xFF, 0xFF, 0xFF, 0x00,
    0x60, 0x06, 0x06, 0xE1, 0xCF, 0xF0, 0x78, 0x04, 0x12, 0x2A, 0x44, 0x7E, 0x40, 0x40, 0x40, 0x7C,
    0x40, 0x40, 0x40, 0x40, 0x7E, 0x00, 0x00, 0x04, 0x02, 0x12, 0x2C, 0x44, 0x00, 0x3C, 0x42, 0x42,
    0x7E, 0x40, 0x40, 0x42, 0x3C, 0x00, 0x00, 0x1C, 0x43, 0x6C, 0x23, 0x80, 0x00, 0x06, 0x00, 0xF0,
    0x19, 0x83, 0x0C, 0x00, 0x0F, 0xFF, 0xFF, 0xFC, 0x00, 0xC0, 0x0C, 0x00, 0xC0, 0x0C, 0x00, 0xC0,
    0x0F, 0xFE, 0xFF, 0xEC, 0x00, 0xC0, 0x0C, 0x00, 0xC0, 0x0C, 0x00, 0xC0, 0x0C, 0x00, 0xFF, 0xFF,
    0xFF, 0x38, 0x8D, 0xB1, 0x1C, 0x00, 0x00, 0xC0, 0x3C, 0x0C, 0xC3, 0x0C, 0x00, 0x01, 0xC0, 0xFE,
    0x38, 0xE6, 0x0D, 0x80, 0xF0, 0x1F, 0xFF, 0xFF, 0xF8, 0x03, 0x00, 0x30, 0x37, 0x0E, 0x7F, 0x83,
    0xC0, 0x0C, 0x01, 0xE0, 0x33, 0x06, 0x18, 0x00, 0x0F, 0xFF, 0xFF, 0xFC, 0x00, 0xC0, 0x0C, 0x00,
    0xC0, 0x0C, 0x00, 0xC0, 0x0F, 0xFE, 0xFF, 0xEC, 0x00, 0xC0, 0x0C, 0x00, 0xC0, 0x0C, 0x00, 0xC0,
    0x0C, 0x00, 0xFF, 0xFF, 0xFF, 0x00, 0x00, 0xC0, 0x0C, 0x00, 0x06, 0x01, 0xE0, 0x66, 0x18, 0x60,
    0x00, 0x1C, 0x0F, 0xE3, 0x8E, 0x60, 0xD8, 0x0F, 0x01, 0xFF, 0xFF, 0xFF, 0x80, 0x30, 0x03, 0x03,
    0x70, 0xE7, 0xF8, 0x3C, 0x00, 0x00, 0x60, 0x0C, 0x00, 0x08, 0x04, 0x04, 0x08, 0x3E, 0x08, 0x08,
    0x08, 0x08, 0x08, 0x08, 0x08, 0x08, 0x3E, 0x00, 0x00, 0x00, 0x10, 0x08, 0x08, 0x10, 0x00, 0x18,
    0x08, 0x08, 0x08, 0x08, 0x08, 0x08, 0x3E, 0x00, 0x00, 0xFF, 0xFF, 0xFF, 0xFF, 0xFC, 0xF0, 0xFC,
    0x3F, 0xFF, 0xFF, 0xFC, 0xF0, 0x07, 0xE0, 0x1F, 0xF8, 0x3C, 0x3C, 0x70, 0x0E, 0x60, 0x06, 0xE0,
    0x07, 0xC0, 0x03, 0xC0, 0x03, 0xC0, 0x03, 0xC0, 0x03, 0xC0, 0x03, 0xC0, 0x03, 0xC0, 0x03, 0xE0,
    0x07, 0x60, 0x06, 0x70, 0x0E, 0x3C, 0x3C, 0x1F, 0xF8, 0x07, 0xE0, 0x00, 0x00, 0x01, 0x80, 0x01,
    0x80, 0x1F, 0x07, 0xF1, 0xC7, 0x30, 0x6E, 0x0F, 0x80, 0xF0, 0x1E, 0x03, 0xC0, 0x7C, 0x1D, 0x83,
    0x38, 0xE3, 0xF8, 0x3E, 0x00, 0x00, 0x30, 0x06, 0x00, 0x10, 0x08, 0x08, 0x10, 0x3C, 0x42, 0x42,
    0x42, 0x42, 0x42, 0x42, 0x42, 0x42, 0x3C, 0x00, 0x00, 0x00, 0x10, 0x08, 0x08, 0x10, 0x00, 0x3C,
    0x42, 0x42, 0x42, 0x42, 0x42, 0x42, 0x3C, 0x00, 0x00, 0x00, 0x60, 0x00, 0xC0, 0x01, 0x80, 0x03,
    0x00, 0x00, 0x00, 0x00, 0xC0, 0x01, 0xE0, 0x03, 0x30, 0x06, 0x18, 0x00, 0x00, 0x07, 0xE0, 0x1F,
    0xF8, 0x3C, 0x3C, 0x70, 0x0E, 0x60, 0x06, 0xE0, 0x07, 0xC0, 0x03, 0xC0, 0x03, 0xC0, 0x03, 0xC0,
    0x03, 0xC0, 0x03, 0xC0, 0x03, 0xC0, 0x03, 0xE0, 0x07, 0x60, 0x06, 0x70, 0x0E, 0x3C, 0x3C, 0x1F,
    0xF8, 0x07, 0xE0, 0x03, 0x00, 0xC0, 0x30, 0x0C, 0x00, 0x00, 0x18, 0x07, 0x81, 0x98, 0x61, 0x80,
    0x00, 0x7C, 0x1F, 0xC7, 0x1C, 0xC1, 0xB8, 0x3E, 0x03, 0xC0, 0x78, 0x0F, 0x01, 0xF0, 0x76, 0x0C,
    0xE3, 0x8F, 0xE0, 0xF8, 0x06, 0x00, 0x03, 0x00, 0x01, 0x80, 0x00, 0xC0, 0x00, 0x00, 0x00, 0xC0,
    0x01, 0xE0, 0x03, 0x30, 0x06, 0x18, 0x00, 0x00, 0x07, 0xE0, 0x1F, 0xF8, 0x3C, 0x3C, 0x70, 0x0E,
    0x60, 0x06, 0xE0, 0x07, 0xC0, 0x03, 0xC0, 0x03, 0xC0, 0x03, 0xC0, 0x03, 0xC0, 0x03, 0xC0, 0x03,
    0xC0, 0x03, 0xE0, 0x07, 0x60, 0x06, 0x70, 0x0E, 0x3C, 0x3C, 0x1F, 0xF8, 0x07, 0xE0, 0x30, 0x03,
    0x00, 0x30, 0x03, 0x00, 0x00, 0x18, 0x07, 0x81, 0x98, 0x61, 0x80, 0x00, 0x7C, 0x1F, 0xC7, 0x1C,
    0xC1, 0xB8, 0x3E, 0x03, 0xC0, 0x78, 0x0F, 0x01, 0xF0, 0x76, 0x0C, 0xE3, 0x8F, 0xE0, 0xF8, 0x04,
    0x12, 0x2A, 0x44, 0x3C, 0x42, 0x42, 0x42, 0x42, 0x42, 0x42, 0x42, 0x42, 0x3C, 0x00, 0x00, 0x04,
    0x02, 0x12, 0x2C, 0x44, 0x00, 0x3C, 0x42, 0x42, 0x42, 0x42, 0x42, 0x42, 0x3C, 0x00, 0x00, 0x07,
    0x10, 0x0D, 0xB0, 0x08, 0xE0, 0x00, 0x00, 0x00, 0xC0, 0x01, 0xE0, 0x03, 0x30, 0x06, 0x18, 0x00,
    0x00, 0x07, 0xE0, 0x1F, 0xF8, 0x3C, 0x3C, 0x70, 0x0E, 0x60, 0x06, 0xE0, 0x07, 0xC0, 0x03, 0xC0,
    0x03, 0xC0, 0x03, 0xC0, 0x03, 0xC0, 0x03, 0xC0, 0x03, 0xC0, 0x03, 0xE0, 0x07, 0x60, 0x06, 0x70,
    0x0E, 0x3C, 0x3C, 0x1F, 0xF8, 0x07, 0xE0, 0x38, 0x8D, 0xB1, 0x1C, 0x00, 0x00, 0xC0, 0x3C, 0x0C,
    0xC3, 0x0C, 0x00, 0x03, 0xE0, 0xFE, 0x38, 0xE6, 0x0D, 0xC1, 0xF0, 0x1E, 0x03, 0xC0, 0x78, 0x0F,
    0x83, 0xB0, 0x67, 0x1C, 0x7F, 0x07, 0xC0, 0x01, 0x80, 0x03, 0xC0, 0x06, 0x60, 0x0C, 0x30, 0x00,
    0x00, 0x07, 0xE0, 0x1F, 0xF8, 0x3C, 0x3C, 0x70, 0x0E, 0x60, 0x06, 0xE0, 0x07, 0xC0, 0x03, 0xC0,
    0x03, 0xC0, 0x03, 0xC0, 0x03, 0xC0, 0x03, 0xC0, 0x03, 0xC0, 0x03, 0xE0, 0x07, 0x60, 0x06, 0x70,
    0x0E, 0x3C, 0x3C, 0x1F, 0xF8, 0x07, 0xE0, 0x00, 0x00, 0x01, 0x80, 0x01, 0x80, 0x06, 0x01, 0xE0,
    0x66, 0x18, 0x60, 0x00, 0x3E, 0x0F, 0xE3, 0x8E, 0x60, 0xDC, 0x1F, 0x01, 0xE0, 0x3C, 0x07, 0x80,
    0xF8, 0x3B, 0x06, 0x71, 0xC7, 0xF0, 0x7C, 0x00, 0x00, 0x60, 0x0C, 0x00, 0x00, 0x30, 0x00, 0x30,
    0x00, 0x30, 0x00, 0x30, 0x00, 0x00, 0x00, 0x3F, 0x0C, 0x7F, 0xE6, 0x78, 0x7B, 0x70, 0x0E, 0xB0,
    0x03, 0x78, 0x01, 0xD8, 0x00, 0x6C, 0x00, 0x36, 0x00, 0x1B, 0x00, 0x0D, 0x80, 0x06, 0xC0, 0x03,
    0x60, 0x01, 0xB8, 0x01, 0xCC, 0x00, 0xC7, 0x00, 0xE1, 0xE1, 0xE0, 0x7F, 0xE0, 0x0F, 0xC0, 0x00,
    0xC0, 0x18, 0x03, 0x00, 0x60, 0x00, 0x01, 0xF3, 0x3F, 0xB7, 0x1F, 0x60, 0xDE, 0x0F, 0xC0, 0x6C,
    0x06, 0xC0, 0x6C, 0x06, 0xE0, 0xE6, 0x0C, 0x71, 0xC3, 0xF8, 0x1F, 0x00, 0x03, 0x00, 0x00, 0xC0,
    0x00, 0x30, 0x00, 0x0C, 0x00, 0x00, 0x00, 0x3F, 0x0C, 0x7F, 0xE6, 0x78, 0x7B, 0x70, 0x0E, 0xB0,
    0x03, 0x78, 0x01, 0xD8, 0x00, 0x6C, 0x00, 0x36, 0x00, 0x1B, 0x00, 0x0D, 0x80, 0x06, 0xC0, 0x03,
    0x60, 0x01, 0xB8, 0x01, 0xCC, 0x00, 0xC7, 0x00, 0xE1, 0xE1, 0xE0, 0x7F, 0xE0, 0x0F, 0xC0, 0x18,
    0x00, 0xC0, 0x06, 0x00, 0x30, 0x00, 0x01, 0xF3, 0x3F, 0xB7, 0x1F, 0x60, 0xDE, 0x0F, 0xC0, 0x6C,
    0x06, 0xC0, 0x6C, 0x06, 0xE0, 0xE6, 0x0C, 0x71, 0xC3, 0xF8, 0x1F, 0x00, 0x10, 0x08, 0x0A, 0x11,
    0x39, 0x46, 0x44, 0x44, 0x44, 0x44, 0x44, 0x44, 0x44, 0x38, 0x00, 0x00, 0x00, 0x10, 0x08, 0x08,
    0x12, 0x01, 0x39, 0x46, 0x44, 0x44, 0x44, 0x44, 0x44, 0x38, 0x00, 0x00, 0x03, 0x88, 0x03, 0x6C,
    0x01, 0x1C, 0x00, 0x00, 0x00, 0x7E, 0x18, 0xFF, 0xCC, 0xF0, 0xF6, 0xE0, 0x1D, 0x60, 0x06, 0xF0,
    0x03, 0xB0, 0x00, 0xD8, 0x00, 0x6C, 0x00, 0x36, 0x00, 0x1B, 0x00, 0x0D, 0x80, 0x06, 0xC0, 0x03,
    0x70, 0x03, 0x98, 0x01, 0x8E, 0x01, 0xC3, 0xC3, 0xC0, 0xFF, 0xC0, 0x1F, 0x80, 0x1C, 0x43, 0x6C,
    0x23, 0x80, 0x00, 0x1F, 0x33, 0xFB, 0x71, 0xF6, 0x0D, 0xE0, 0xFC, 0x06, 0xC0, 0x6C, 0x06, 0xC0,
    0x6E, 0x0E, 0x60, 0xC7, 0x1C, 0x3F, 0x81, 0xF0, 0x07, 0xE1, 0x8F, 0xFC, 0xCF, 0x0F, 0x6E, 0x01,
    0xD6, 0x00, 0x6F, 0x00, 0x3B, 0x00, 0x0D, 0x80, 0x06, 0xC0, 0x03, 0x60, 0x01, 0xB0, 0x00, 0xD8,
    0x00, 0x6C, 0x00, 0x37, 0x00, 0x39, 0x80, 0x18, 0xE0, 0x1C, 0x3C, 0x3C, 0x0F, 0xFC, 0x01, 0xF8,
    0x00, 0x00, 0x00, 0x18, 0x00, 0x0C, 0x00, 0x1F, 0x33, 0xFB, 0x71, 0xF6, 0x0D, 0xE0, 0xFC, 0x06,
    0xC0, 0x6C, 0x06, 0xC0, 0x6E, 0x0E, 0x60, 0xC7, 0x1C, 0x3F, 0x81, 0xF0, 0x00, 0x00, 0x60, 0x06,
    0x00, 0xC0, 0x0F, 0x00, 0x3C, 0x00, 0xF0, 0x03, 0xC0, 0x0F, 0x00, 0x3C, 0x00, 0xF0, 0x03, 0xC0,
    0x0F, 0x00, 0x3C, 0x00, 0xF0, 0x03, 0xC0, 0x0F, 0x00, 0x3C, 0x00, 0xD8, 0x06, 0x70, 0x38, 0xFF,
    0xC0, 0xFC, 0x00, 0x00, 0x03, 0x00, 0x0C, 0x00, 0xC0, 0xF0, 0x3C, 0x0F, 0x03, 0xC0, 0xF0, 0x3C,
    0x0F, 0x03, 0xC0, 0xF0, 0x3C, 0x1D, 0x8F, 0x7E, 0xC7, 0x30, 0x00, 0x30, 0x0C, 0x00, 0x10, 0x08,
    0x08, 0x10, 0x42, 0x42, 0x42, 0x42, 0x42, 0x42, 0x42, 0x42, 0x42, 0x3C, 0x00, 0x00, 0x00, 0x10,
    0x08, 0x08, 0x10, 0x00, 0x42, 0x42, 0x42, 0x42, 0x42, 0x42, 0x46, 0x3A, 0x00, 0x00, 0x00, 0x60,
    0x01, 0x80, 0x06, 0x00, 0x18, 0x00, 0x00, 0x18, 0x01, 0xF0, 0x03, 0xE0, 0x07, 0xC0, 0x0F, 0x80,
    0x1F, 0x00, 0x36, 0x00, 0x6C, 0x00, 0xD8, 0x01, 0xB0, 0x03, 0x60, 0x06, 0xC0, 0x0D, 0x80, 0x1B,
    0x00, 0x36, 0x00, 0x66, 0x01, 0x8E, 0x07, 0x0F, 0xFC, 0x07, 0xE0, 0x01, 0x80, 0x60, 0x18, 0x06,
    0x00, 0x01, 0x81, 0xF0, 0x3E, 0x07, 0xC0, 0xF8, 0x1F, 0x03, 0x60, 0x6C, 0x0D, 0x81, 0xB0, 0x36,
    0x0E, 0x63, 0xCF, 0xD8, 0x73, 0x00, 0x06, 0x00, 0x06, 0x00, 0x06, 0x00, 0x06, 0x00, 0x00, 0x18,
    0x01, 0xF0, 0x03, 0xE0, 0x07, 0xC0, 0x0F, 0x80, 0x1F, 0x00, 0x36, 0x00, 0x6C, 0x00, 0xD8, 0x01,
    0xB0, 0x03, 0x60, 0x06, 0xC0, 0x0D, 0x80, 0x1B, 0x00, 0x36, 0x00, 0x66, 0x01, 0x8E, 0x07, 0x0F,
    0xFC, 0x07, 0xE0, 0x18, 0x01, 0x80, 0x18, 0x01, 0x80, 0x01, 0x81, 0xF0, 0x3E, 0x07, 0xC0, 0xF8,
    0x1F, 0x03, 0x60, 0x6C, 0x0D, 0x81, 0xB0, 0x36, 0x0E, 0x63, 0xCF, 0xD8, 0x73, 0x00, 0x10, 0x08,
    0x0A, 0x11, 0x45, 0x46, 0x44, 0x44, 0x44, 0x44, 0x44, 0x44, 0x44, 0x38, 0x00, 0x00, 0x00, 0x10,
    0x08, 0x08, 0x12, 0x01, 0x45, 0x46, 0x44, 0x44, 0x44, 0x44, 0x4C, 0x34, 0x00, 0x00, 0x07, 0x10,
    0x1B, 0x60, 0x23, 0x80, 0x00, 0x0C, 0x00, 0xF8, 0x01, 0xF0, 0x03, 0xE0, 0x07, 0xC0, 0x0F, 0x80,
    0x1B, 0x00, 0x36, 0x00, 0x6C, 0x00, 0xD8, 0x01, 0xB0, 0x03, 0x60, 0x06, 0xC0, 0x0D, 0x80, 0x1B,
    0x00, 0x33, 0x00, 0xC7, 0x03, 0x87, 0xFE, 0x03, 0xF0, 0x00, 0x1C, 0x46, 0xD8, 0x8E, 0x00, 0x0C,
    0x0F, 0x81, 0xF0, 0x3E, 0x07, 0xC0, 0xF8, 0x1B, 0x03, 0x60, 0x6C, 0x0D, 0x81, 0xB0, 0x73, 0x1E,
    0x7E, 0xC3, 0x98, 0xC0, 0x0F, 0x80, 0x1F, 0x00, 0x3E, 0x00, 0x7C, 0x00, 0xF8, 0x01, 0xB0, 0x03,
    0x60, 0x06, 0xC0, 0x0D, 0x80, 0x1B, 0x00, 0x36, 0x00, 0x6C, 0x00, 0xD8, 0x01, 0xB0, 0x03, 0x30,
    0x0C, 0x70, 0x38, 0x7F, 0xE0, 0x3F, 0x00, 0x00, 0x00, 0x30, 0x00, 0x60, 0x00, 0xC0, 0xF8, 0x1F,
    0x03, 0xE0, 0x7C, 0x0F, 0x81, 0xB0, 0x36, 0x06, 0xC0, 0xD8, 0x1B, 0x07, 0x31, 0xE7, 0xEC, 0x39,
    0x80, 0x00, 0x30, 0x06, 0x00, 0x0C, 0x00, 0x18, 0x00, 0x30, 0x00, 0x60, 0x00, 0x03, 0x00, 0x3E,
    0x01, 0xD8, 0x06, 0x70, 0x38, 0xC0, 0xC3, 0x87, 0x06, 0x18, 0x1C, 0xE0, 0x33, 0x00, 0xFC, 0x01,
    0xE0, 0x07, 0x80, 0x0C, 0x00, 0x30, 0x00, 0xC0, 0x03, 0x00, 0x0C, 0x00, 0x30, 0x00, 0xC0, 0x18,
    0x00, 0xC0, 0x06, 0x00, 0x30, 0x00, 0x0C, 0x03, 0xC0, 0x36, 0x03, 0x70, 0x63, 0x06, 0x38, 0xE1,
    0x8C, 0x18, 0xC0, 0xD8, 0x0D, 0x80, 0x78, 0x07, 0x00, 0x30, 0x03, 0x00, 0x60, 0x06, 0x00, 0xC0,
    0x3C, 0x03, 0x80, 0xC0, 0x0F, 0x80, 0x76, 0x01, 0x9C, 0x0E, 0x30, 0x30, 0xE1, 0xC1, 0x86, 0x07,
    0x38, 0x0C, 0xC0, 0x3F, 0x00, 0x78, 0x01, 0xE0, 0x03, 0x00, 0x0C, 0x00, 0x30, 0x00, 0xC0, 0x03,
    0x00, 0x0C, 0x00, 0x30, 0x00, 0x00, 0x03, 0x00, 0x0C, 0x00, 0xC0, 0x3C, 0x03, 0x60, 0x37, 0x06,
    0x30, 0x63, 0x8E, 0x18, 0xC1, 0x8C, 0x0D, 0x80, 0xD8, 0x07, 0x80, 0x70, 0x03, 0x00, 0x30, 0x06,
    0x00, 0x60, 0x0C, 0x03, 0xC0, 0x38, 0x00, 0x00, 0x0C, 0x00, 0xC0, 0x08, 0x04, 0x04, 0x08, 0x41,
    0x41, 0x22, 0x22, 0x14, 0x08, 0x08, 0x08, 0x08, 0x08, 0x00, 0x00, 0x00, 0x10, 0x08, 0x08, 0x10,
    0x00, 0x42, 0x42, 0x42, 0x42, 0x42, 0x26, 0x1A, 0x02, 0x02, 0x3C, 0x0E, 0x20, 0x6D, 0x81, 0x1C,
    0x00, 0x00, 0xC0, 0x0F, 0x80, 0x76, 0x01, 0x9C, 0x0E, 0x30, 0x30, 0xE1, 0xC1, 0x86, 0x07, 0x38,
    0x0C, 0xC0, 0x3F, 0x00, 0x78, 0x01, 0xE0, 0x03, 0x00, 0x0C, 0x00, 0x30, 0x00, 0xC0, 0x03, 0x00,
    0x0C, 0x00, 0x30, 0x00, 0x1C, 0x43, 0x6C, 0x23, 0x80, 0x00, 0xC0, 0x3C, 0x03, 0x60, 0x37, 0x06,
    0x30, 0x63, 0x8E, 0x18, 0xC1, 0x8C, 0x0D, 0x80, 0xD8, 0x07, 0x80, 0x70, 0x03, 0x00, 0x30, 0x06,
    0x00, 0x60, 0x0C, 0x03, 0xC0, 0x38, 0x00, 0x00, 0x00, 0x00, 0x00, 0x00, 0x00, 0x00, 0x00, 0x00,
    0x00, 0x00, 0x00, 0xAA, 0xAA, 0x00, 0x01, 0x9E, 0x44, 0x02, 0x45, 0x84, 0x54, 0x08, 0x55, 0x90,
    0x6C, 0x1E, 0x45, 0x80, 0x00, 0x12, 0x09, 0x9A, 0x08, 0x16, 0x49, 0x92, 0x48, 0x12, 0x31, 0x80,
    0x00, 0x55, 0x55, 0xAA, 0xAA, 0x00, 0x01, 0x9E, 0x44, 0x02, 0x45, 0x84, 0x54, 0x08, 0x55, 0x90,
    0x6C, 0x1E, 0x45, 0x80, 0x00, 0x00, 0x41, 0x80, 0x40, 0x02, 0x41, 0x82, 0x40, 0x01, 0x81, 0x80,
    0x00, 0x55, 0x55, 0xAA, 0xAA, 0x00, 0x01, 0x80, 0x00, 0x00, 0x01, 0xC7, 0x22, 0x44, 0xB7, 0xC7,
    0x2A, 0x45, 0x23, 0xF4, 0xA2, 0x00, 0x01, 0x80, 0x00, 0x00, 0x01, 0x80, 0x00, 0x00, 0x01, 0x80,
    0x00, 0x55, 0x55, 0xAA, 0xAA, 0x00, 0x01, 0x80, 0x00, 0x00, 0x01, 0xF2, 0x22, 0x4A, 0x37, 0xF2,
    0x2A, 0x52, 0x23, 0xCB, 0xA2, 0x00, 0x01, 0x80, 0x00, 0x00, 0x01, 0x80, 0x00, 0x00, 0x01, 0x80,
    0x00, 0x55, 0x55, 0xFF, 0xF0, 0xFF, 0xF0, 0xFF, 0xFF, 0xFF, 0xF0, 0xFF, 0xFF, 0xFF, 0xF0, 0xFF,
    0xFF, 0xFF, 0xFF, 0xFF, 0xFF, 0xC0, 0xFF, 0xFF, 0xFF, 0xFF, 0xFF, 0xFF, 0xC0, 0x00, 0x00, 0x00,
    0x14, 0x14, 0x14, 0x14, 0x14, 0x14, 0x14, 0x14, 0x14, 0x14, 0x14, 0x14, 0x00, 0x00, 0x00, 0x00,
    0x00, 0x00, 0x00, 0x00, 0x00, 0x00, 0x00, 0x00, 0x00, 0x00, 0xFF, 0x00, 0xFF, 0x6B, 0xF0, 0xFD,
    0x60, 0xFD, 0x60, 0xFE, 0x90, 0x4C, 0xA5, 0xBD, 0xEC, 0xDE, 0xF6, 0x94, 0xC8, 0xDE, 0xF6, 0x94,
    0xC8, 0xDE, 0xF7, 0x29, 0x24, 0x06, 0x00, 0x60, 0x06, 0x00, 0x60, 0x06, 0x0F, 0xFF, 0xFF, 0xF0,
    0x60, 0x06, 0x00, 0x60, 0x06, 0x00, 0x60, 0x06, 0x00, 0x60, 0x06, 0x00, 0x60, 0x06, 0x00, 0x60,
    0x06, 0x00, 0x60, 0x06, 0x00, 0x60, 0x06, 0x00, 0x60, 0x06, 0x00, 0x60, 0x06, 0x00, 0x60, 0x06,
    0x0F, 0xFF, 0xFF, 0xF0, 0x60, 0x06, 0x00, 0x60, 0x06, 0x00, 0x60, 0x06, 0x00, 0x60, 0x06, 0x00,
    0x60, 0x06, 0x0F, 0xFF, 0xFF, 0xF0, 0x60, 0x06, 0x00, 0x60, 0x06, 0x00, 0x60, 0x6F, 0xFF, 0x60,
    0x00, 0x00, 0x00, 0x00, 0x00, 0x00, 0x20, 0x30, 0x38, 0x3C, 0x38, 0x30, 0x20, 0x00, 0x00, 0x00,
    0x00, 0x00, 0x00, 0x00, 0x00, 0x00, 0x00, 0x00, 0x00, 0x00, 0x00, 0x00, 0x18, 0x18, 0x00, 0x00,
    0x00, 0x00, 0x00, 0x00, 0x00, 0x00, 0x00, 0x00, 0x00, 0x00, 0x00, 0x00, 0x36, 0x36, 0x00, 0x00,
    0xC0, 0xC0, 0xF0, 0x30, 0x3C, 0x0C, 0x0C, 0x00, 0x00, 0x00, 0x00, 0x00, 0x00, 0x00, 0x00, 0x00,
    0x18, 0x18, 0x00, 0x00, 0x00, 0x00, 0x00, 0xAA, 0xAA, 0x00, 0x01, 0x80, 0x00, 0x02, 0x01, 0x82,
    0x00, 0x02, 0x01, 0x82, 0x00, 0x03, 0xC1, 0x80, 0x00, 0x3B, 0xDD, 0xC2, 0x12, 0x33, 0xDD, 0x8A,
    0x10, 0x73, 0xD1, 0x80, 0x00, 0x55, 0x55, 0xAA, 0xAA, 0x00, 0x01, 0x80, 0x00, 0x03, 0x81, 0x82,
    0x40, 0x03, 0x81, 0x82, 0x00, 0x02, 0x01, 0x80, 0x00, 0x3B, 0xDD, 0xC2, 0x12, 0x33, 0xDD, 0x8A,
    0x10, 0x73, 0xD1, 0x80, 0x00, 0x55, 0x55, 0xAA, 0xAA, 0x00, 0x01, 0x80, 0x00, 0x00, 0x01, 0xC3,
    0x9E, 0x42, 0x51, 0xC3, 0x9E, 0x42, 0x91, 0xFA, 0x5E, 0x00, 0x01, 0x80, 0x00, 0x00, 0x01, 0x80,
    0x00, 0x00, 0x01, 0x80, 0x00, 0x55, 0x55, 0xAA, 0xAA, 0x00, 0x01, 0x80, 0x00, 0x00, 0x01, 0xF2,
    0x1E, 0x4A, 0x11, 0xF2, 0x1E, 0x52, 0x11, 0xCB, 0xDE, 0x00, 0x01, 0x80, 0x00, 0x00, 0x01, 0x80,
    0x00, 0x00, 0x01, 0x80, 0x00, 0x55, 0x55, 0xAA, 0xAA, 0x00, 0x01, 0x80, 0x00, 0x00, 0x01, 0xF3,
    0x9E, 0x4A, 0x51, 0xF2, 0x5E, 0x42, 0x51, 0xC3, 0x90, 0x00, 0x01, 0x80, 0x00, 0x00, 0x01, 0x80,
    0x00, 0x00, 0x01, 0x80, 0x00, 0x55, 0x55, 0xAA, 0xAA, 0x00, 0x01, 0x80, 0x00, 0x00, 0x01, 0xC3,
    0x8C, 0x42, 0x53, 0xC3, 0x92, 0x42, 0x93, 0xFA, 0x4C, 0x00, 0x01, 0x80, 0x00, 0x00, 0x01, 0x80,
    0x00, 0x00, 0x01, 0x80, 0x00, 0x55, 0x55, 0xAA, 0xAA, 0x00, 0x01, 0x80, 0x00, 0x00, 0x01, 0xF2,
    0x0C, 0x4A, 0x13, 0xF2, 0x12, 0x52, 0x13, 0xCB, 0xCC, 0x00, 0x01, 0x80, 0x00, 0x00, 0x01, 0x80,
    0x00, 0x00, 0x01, 0x80, 0x00, 0x55, 0x55, 0x00, 0x00, 0x00, 0x00, 0x00, 0x00, 0x00, 0x00, 0x00,
    0x00, 0x00, 0x00, 0x00, 0x00, 0x00, 0x00, 0x38, 0x30, 0x03, 0xE3, 0x00, 0x31, 0x98, 0x01, 0x8D,
    0x80, 0x0C, 0x6C, 0x00, 0x3E, 0xC0, 0x00, 0xE6, 0x00, 0x00, 0x60, 0x00, 0x03, 0x00, 0x00, 0x30,
    0x00, 0x01, 0x80, 0x00, 0x19, 0xC1, 0xC1, 0xDF, 0x1F, 0x0D, 0x8D, 0x8C, 0xCC, 0x6C, 0x66, 0x63,
    0x63, 0x61, 0xF1, 0xF3, 0x07, 0x07, 0x00, 0x00, 0x00, 0x00, 0x00, 0x40, 0xA0, 0xA0, 0x4C, 0x30,
    0xC0, 0x2A, 0x55, 0x55, 0x2A, 0x00, 0x00, 0x00, 0x00, 0x00, 0x00, 0x0C, 0x18, 0x10, 0x20, 0x00,
    0x00, 0x00, 0x00, 0x00, 0x00, 0x00, 0x00, 0x00, 0x00, 0x00, 0x00, 0x33, 0x66, 0x44, 0x88, 0x00,
    0x00, 0x00, 0x00, 0x00, 0x00, 0x00, 0x00, 0x00, 0x00, 0x00, 0x00, 0x3F, 0x7E, 0x54, 0xA8, 0x00,
    0x00, 0x00, 0x00, 0x00, 0x00, 0x00, 0x00, 0x00, 0x00, 0x00, 0x00, 0x30, 0x18, 0x08, 0x04, 0x00,
    0x00, 0x00, 0x00, 0x00, 0x00, 0x00, 0x00, 0x00, 0x00, 0x00, 0x00, 0xCC, 0x66, 0x22, 0x11, 0x00,
    0x00, 0x00, 0x00, 0x00, 0x00, 0x00, 0x00, 0x00, 0x00, 0x00, 0x00, 0xFC, 0x7E, 0x2A, 0x15, 0x00,
    0x00, 0x00, 0x00, 0x00, 0x00, 0x00, 0x00, 0x00, 0x00, 0x00, 0x00, 0x00, 0x00, 0x00, 0x00, 0x00,
    0x00, 0x00, 0x00, 0x00, 0x10, 0x28, 0x44, 0x19, 0x99, 0x8C, 0x30, 0xC3, 0xC3, 0x0C, 0x31, 0x99,
    0x98, 0x00, 0x00, 0x00, 0x00, 0x00, 0x49, 0x22, 0x14, 0x49, 0x14, 0x22, 0x49, 0x00, 0x00, 0x00,
    0x00, 0x00, 0x00, 0x00, 0x00, 0x24, 0x24, 0x24, 0x24, 0x24, 0x24, 0x24, 0x00, 0x24, 0x24, 0x00,
    0x00, 0x00, 0x00, 0x00, 0x00, 0x3C, 0x4A, 0x4A, 0x0A, 0x0C, 0x08, 0x08, 0x00, 0x08, 0x08, 0x00,
    0x00, 0x7E, 0x00, 0x00, 0x00, 0x00, 0x00, 0x00, 0x00, 0x00, 0x00, 0x00, 0x00, 0x00, 0x00, 0x00,
    0x00, 0x00, 0x00, 0x00, 0x00, 0x00, 0x00, 0x00, 0x00, 0x00, 0x00, 0x00, 0x00, 0x00, 0x00, 0x42,
    0x3C, 0x3C, 0x42, 0x00, 0x00, 0x00, 0x00, 0x00, 0x00, 0x00, 0x00, 0x00, 0x00, 0x00, 0x00, 0x00,
    0x00, 0x00, 0x00, 0x00, 0x00, 0x00, 0x00, 0x00, 0x00, 0x00, 0x00, 0x02, 0x04, 0x08, 0x10, 0x28,
    0x44, 0x00, 0x00, 0x00, 0x00, 0x00, 0x00, 0x08, 0x1C, 0x08, 0x00, 0x22, 0x77, 0x22, 0x00, 0x00,
    0x00, 0x00, 0x00, 0x00, 0x00, 0x00, 0x00, 0x00, 0x00, 0x3C, 0x3C, 0x00, 0x00, 0x00, 0x00, 0x00,
    0x00, 0x00, 0xC0, 0x30, 0x18, 0x06, 0x03, 0x00, 0xC0, 0x60, 0x18, 0x0C, 0x03, 0x01, 0x80, 0x60,
    0x30, 0x0C, 0x06, 0x01, 0x80, 0xC0, 0x30, 0x00, 0x00, 0x00, 0x00, 0x0E, 0x08, 0x08, 0x08, 0x08,
    0x0E, 0x08, 0x08, 0x08, 0x08, 0x08, 0x0E, 0x00, 0x00, 0x00, 0x00, 0x70, 0x10, 0x10, 0x10, 0x10,
    0x70, 0x10, 0x10, 0x10, 0x10, 0x10, 0x70, 0x00, 0x00, 0x00, 0x00, 0xEE, 0x11, 0x11, 0x22, 0xCC,
    0x88, 0x88, 0x88, 0x00, 0x00, 0x88, 0x00, 0x00, 0x00, 0x00, 0x00, 0x72, 0x0A, 0x0A, 0x12, 0x62,
    0x42, 0x42, 0x42, 0x00, 0x00, 0x42, 0x00, 0x00, 0x00, 0x00, 0x00, 0x5C, 0x42, 0x42, 0x44, 0x58,
    0x50, 0x50, 0x50, 0x00, 0x00, 0x50, 0x00, 0x00, 0x00, 0x00, 0x00, 0x00, 0x00, 0x00, 0x7E, 0x02,
    0x02, 0x02, 0x02, 0x04, 0x04, 0x04, 0x04, 0x04, 0x00, 0x00, 0x00, 0x00, 0xFC, 0x5E, 0x5E, 0x5E,
    0x5C, 0x50, 0x50, 0x50, 0x50, 0x50, 0x50, 0x00, 0x00, 0x00, 0x00, 0x00, 0x1E, 0x3A, 0x3A, 0x3A,
    0x1E, 0x00, 0x00, 0x00, 0x00, 0x00, 0x00, 0x00, 0x00, 0x00, 0x00, 0x00, 0x78, 0x5C, 0x5C, 0x5C,
    0x78, 0x00, 0x00, 0x00, 0x00, 0x00, 0x00, 0x00, 0x00, 0x00, 0x00, 0x00, 0x00, 0x00, 0x00, 0x08,
    0x49, 0x2A, 0x1C, 0x2A, 0x49, 0x08, 0x00, 0x00, 0x00, 0x00, 0x00, 0x00, 0x00, 0x00, 0x18, 0x18,
    0x00, 0x00, 0x00, 0x18, 0x10, 0x10, 0x08, 0x00, 0x00, 0x00, 0x00, 0x3C, 0x42, 0x42, 0x00, 0x00,
    0x00, 0x42, 0x42, 0x3C, 0x00, 0x00, 0x00, 0x00, 0x00, 0x08, 0x49, 0x2A, 0x1C, 0x2A, 0x49, 0x08,
    0x00, 0x08, 0x49, 0x2A, 0x1C, 0x2A, 0x49, 0x08, 0x00, 0x00, 0x00, 0x00, 0x62, 0x62, 0x04, 0x08,
    0x08, 0x10, 0x10, 0x20, 0x46, 0x46, 0x00, 0x00, 0x00, 0x00, 0x00, 0x00, 0x00, 0x00, 0x00, 0x00,
    0x00, 0x71, 0x8E, 0x00, 0x00, 0x00, 0x00, 0x00, 0x00, 0x00, 0x00, 0x00, 0x00, 0x00, 0x00, 0x00,
    0x00, 0x00, 0x00, 0x00, 0x00, 0x00, 0x3C, 0x42, 0x00, 0x00, 0x00, 0x00, 0x92, 0x54, 0x38, 0xFE,
    0x38, 0x54, 0x92, 0x00, 0x00, 0x00, 0x00, 0x00, 0x00, 0x00, 0x00, 0x00, 0x00, 0x00, 0x06, 0x06,
    0x00, 0x60, 0x60, 0x00, 0x06, 0x06, 0x00, 0x00, 0x00, 0x00, 0x00, 0x00, 0x00, 0x00, 0x00, 0x00,
    0x33, 0x33, 0x66, 0x66, 0x44, 0x44, 0x88, 0x88, 0x00, 0x00, 0x00, 0x00, 0x00, 0x00, 0x00, 0x00,
    0x00, 0x00, 0x00, 0x00, 0x00, 0x00, 0x00, 0x00, 0x00, 0x00, 0x00, 0x00, 0x00, 0x00, 0x18, 0x18,
    0x00, 0x66, 0x66, 0x00, 0x18, 0x18, 0x00, 0x00, 0x00, 0x00, 0x00, 0x00, 0x00, 0x00, 0x66, 0x66,
    0x00, 0x18, 0x18, 0x00, 0x66, 0x66, 0x00, 0x00, 0x00, 0x00, 0x00, 0x00, 0x18, 0x18, 0x00, 0x00,
    0x00, 0x00, 0x00, 0x00, 0x18, 0x18, 0x00, 0x00, 0x00, 0x00, 0x00, 0x18, 0x18, 0x00, 0x00, 0x00,
    0x66, 0x66, 0x00, 0x00, 0x00, 0x18, 0x18, 0x00, 0x00, 0x00, 0x00, 0x00, 0x00, 0x00, 0x54, 0x10,
    0x7C, 0x10, 0x54, 0x00, 0x00, 0x00, 0x00, 0x00, 0x00, 0x00, 0x00, 0x00, 0x18, 0x18, 0x00, 0x00,
    0x18, 0x18, 0x00, 0x00, 0x18, 0x18, 0x00, 0x00, 0x00, 0x00, 0x00, 0x00, 0x10, 0x00, 0x00, 0x10,
    0x00, 0x00, 0x10, 0x00, 0x00, 0x10, 0x00, 0x00, 0x00, 0x00, 0x00, 0x00, 0x00, 0x00, 0x00, 0x00,
    0x00, 0x00, 0x00, 0x00, 0x00, 0x00, 0x00, 0x00, 0xAA, 0xAA, 0x00, 0x01, 0x80, 0x00, 0x00, 0x01,
    0x80, 0x00, 0x00, 0x01, 0xA2, 0x08, 0x22, 0x09, 0xAA, 0x08, 0x36, 0x89, 0xA2, 0x70, 0x00, 0x01,
    0x80, 0x00, 0x00, 0x01, 0x80, 0x00, 0x55, 0x55, 0xAA, 0xAA, 0x00, 0x01, 0x8C, 0x00, 0x10, 0x01,
    0x90, 0x88, 0x10, 0x89, 0x91, 0x04, 0x11, 0x05, 0x91, 0x04, 0x7D, 0x05, 0x91, 0x04, 0x11, 0x05,
    0x90, 0x88, 0x60, 0x89, 0x80, 0x00, 0x55, 0x55, 0xAA, 0xAA, 0x00, 0x01, 0x80, 0x00, 0x00, 0x01,
    0x80, 0x00, 0x00, 0x01, 0x80, 0x00, 0x04, 0x21, 0x82, 0x40, 0x01, 0x81, 0x82, 0x40, 0x04, 0x21,
    0x80, 0x00, 0x00, 0x01, 0x80, 0x00, 0x55, 0x55, 0xAA, 0xAA, 0x00, 0x01, 0x80, 0x00, 0x00, 0x01,
    0x80, 0x00, 0x00, 0x01, 0x80, 0x00, 0x00, 0x01, 0x80, 0x00, 0x00, 0x01, 0x80, 0x00, 0x18, 0x01,
    0x88, 0x00, 0x08, 0x01, 0x90, 0x00, 0x55, 0x55, 0xAA, 0xAA, 0x00, 0x01, 0x80, 0x00, 0x00, 0x01,
    0x80, 0x00, 0x01, 0x01, 0x81, 0x00, 0x01, 0x01, 0x8F, 0xE0, 0x01, 0x01, 0x81, 0x00, 0x01, 0x01,
    0x81, 0x00, 0x00, 0x01, 0x80, 0x00, 0x55, 0x55, 0x00, 0x00, 0x7F, 0xFE, 0x61, 0xCE, 0x7D, 0xB6,
    0x61, 0xB6, 0x6F, 0xB6, 0x61, 0xCE, 0x7F, 0xFE, 0x7F, 0xFE, 0x73, 0x86, 0x6F, 0xBE, 0x63, 0x86,
    0x6D, 0xF6, 0x73, 0x86, 0x7F, 0xFE, 0x00, 0x00, 0xAA, 0xAA, 0x00, 0x01, 0x80, 0x00, 0x00, 0x01,
    0xA3, 0x9C, 0x22, 0x49, 0xA3, 0x88, 0x22, 0x89, 0xBA, 0x5C, 0x00, 0x01, 0x80, 0x00, 0x00, 0x01,
    0x80, 0x00, 0x00, 0x01, 0x80, 0x00, 0x55, 0x55, 0xAA, 0xAA, 0x00, 0x01, 0x80, 0x00, 0x00, 0x01,
    0xB9, 0x1C, 0x25, 0x09, 0xB9, 0x08, 0x29, 0x09, 0xA5, 0xDC, 0x00, 0x01, 0x80, 0x00, 0x00, 0x01,
    0x80, 0x00, 0x00, 0x01, 0x80, 0x00, 0x55, 0x55, 0xAA, 0xAA, 0x00, 0x01, 0x80, 0x00, 0x00, 0x01,
    0xB9, 0xDC, 0x22, 0x09, 0xB9, 0x88, 0x20, 0x49, 0xA3, 0x9C, 0x00, 0x01, 0x80, 0x00, 0x00, 0x01,
    0x80, 0x00, 0x00, 0x01, 0x80, 0x00, 0x55, 0x55, 0xAA, 0xAA, 0x00, 0x01, 0x80, 0x00, 0x00, 0x01,
    0xF3, 0x9C, 0x4A, 0x49, 0xF2, 0x48, 0x42, 0x49, 0xC3, 0x9C, 0x00, 0x01, 0x80, 0x00, 0x00, 0x01,
    0x80, 0x00, 0x00, 0x01, 0x80, 0x00, 0x55, 0x55, 0xAA, 0xAA, 0x00, 0x01, 0x80, 0x00, 0x07, 0xC1,
    0x81, 0x00, 0x01, 0x01, 0x81, 0x00, 0x07, 0xC1, 0x80, 0x00, 0x1E, 0x79, 0xA0, 0x80, 0x1C, 0x71,
    0x82, 0x08, 0x3C, 0xF1, 0x80, 0x00, 0x55, 0x55, 0xAA, 0xAA, 0x00, 0x01, 0x80, 0x00, 0x03, 0x81,
    0x84, 0x40, 0x07, 0xC1, 0x84, 0x40, 0x04, 0x41, 0x80, 0x00, 0x1E, 0x79, 0xA0, 0x80, 0x1C, 0x71,
    0x82, 0x08, 0x3C, 0xF1, 0x80, 0x00, 0x55, 0x55, 0xAA, 0xAA, 0x00, 0x01, 0x80, 0x00, 0x03, 0xE1,
    0x80, 0x80, 0x00, 0x81, 0x80, 0x80, 0x03, 0xE1, 0x80, 0x00, 0x39, 0xF6, 0xC5, 0x08, 0x7D, 0xE7,
    0xC5, 0x01, 0x45, 0x0F, 0x80, 0x00, 0x55, 0x55, 0xAA, 0xAA, 0x00, 0x01, 0x80, 0x00, 0x01, 0xC1,
    0x82, 0x20, 0x03, 0xE1, 0x82, 0x20, 0x02, 0x21, 0x80, 0x00, 0x39, 0xF6, 0xC5, 0x08, 0x7D, 0xE7,
    0xC5, 0x01, 0x45, 0x0F, 0x80, 0x00, 0x55, 0x55, 0xAA, 0xAA, 0x00, 0x01, 0x80, 0x00, 0x22, 0x71,
    0xB2, 0x88, 0x2A, 0xF9, 0xA6, 0x88, 0x22, 0x89, 0x80, 0x00, 0x3C, 0x79, 0xA2, 0x80, 0x22, 0x71,
    0xA2, 0x08, 0x3C, 0xF1, 0x80, 0x00, 0x55, 0x55, 0xAA, 0xAA, 0x00, 0x01, 0x80, 0x00, 0x22, 0x71,
    0xB2, 0x88, 0x2A, 0x89, 0xA6, 0x88, 0x22, 0x71, 0x80, 0x00, 0x3C, 0x79, 0xA2, 0x80, 0x22, 0x71,
    0xA2, 0x08, 0x3C, 0xF1, 0x80, 0x00, 0x55, 0x55, 0x00, 0x00, 0x00, 0x18, 0x24, 0x42, 0x42, 0x42,
    0x24, 0x18, 0x00, 0x00, 0x00, 0x00, 0x00, 0x00, 0x00, 0x00, 0x00, 0x10, 0x00, 0x30, 0x10, 0x10,
    0x10, 0x7C, 0x00, 0x00, 0x00, 0x00, 0x00, 0x00, 0x00, 0x00, 0x7F, 0xFE, 0x61, 0xCE, 0x7D, 0xB6,
    0x61, 0xB6, 0x6F, 0xB6, 0x61, 0xCE, 0x7F, 0xFE, 0x7F, 0xFE, 0x61, 0x86, 0x7D, 0xF6, 0x7B, 0x86,
    0x77, 0xBE, 0x77, 0x86, 0x7F, 0xFE, 0x00, 0x00, 0x00, 0x00, 0x7F, 0xFE, 0x61, 0xCE, 0x7D, 0xB6,
    0x61, 0xB6, 0x6F, 0xB6, 0x61, 0xCE, 0x7F, 0xFE, 0x7F, 0xFE, 0x61, 0x8E, 0x7D, 0xF6, 0x7B, 0xC6,
    0x77, 0xF6, 0x77, 0x8E, 0x7F, 0xFE, 0x00, 0x00, 0x00, 0x00, 0x00, 0x0C, 0x14, 0x24, 0x44, 0x7E,
    0x04, 0x04, 0x00, 0x00, 0x00, 0x00, 0x00, 0x00, 0x00, 0x00, 0x00, 0x7C, 0x40, 0x40, 0x78, 0x04,
    0x04, 0x78, 0x00, 0x00, 0x00, 0x00, 0x00, 0x00, 0x00, 0x00, 0x00, 0x18, 0x20, 0x40, 0x78, 0x44,
    0x44, 0x38, 0x00, 0x00, 0x00, 0x00, 0x00, 0x00, 0x00, 0x00, 0x00, 0x7C, 0x04, 0x08, 0x08, 0x10,
    0x10, 0x10, 0x00, 0x00, 0x00, 0x00, 0x00, 0x00, 0x00, 0x00, 0x00, 0x38, 0x44, 0x44, 0x38, 0x44,
    0x44, 0x38, 0x00, 0x00, 0x00, 0x00, 0x00, 0x00, 0x00, 0x00, 0x00, 0x38, 0x44, 0x44, 0x3C, 0x04,
    0x08, 0x30, 0x00, 0x00, 0x00, 0x00, 0x00, 0x00, 0x00, 0x00, 0x00, 0x00, 0x10, 0x10, 0x7C, 0x10,
    0x10, 0x00, 0x00, 0x00, 0x00, 0x00, 0x00, 0x00, 0x00, 0x00, 0x00, 0x00, 0x00, 0x00, 0x7C, 0x00,
    0x00, 0x00, 0x00, 0x00, 0x00, 0x00, 0x00, 0x00, 0x00, 0x00, 0x00, 0x00, 0x00, 0x7C, 0x00, 0x00,
    0x7C, 0x00, 0x00, 0x00, 0x00, 0x00, 0x00, 0x00, 0x00, 0x00, 0x04, 0x08, 0x10, 0x10, 0x10, 0x10,
    0x10, 0x08, 0x04, 0x00, 0x00, 0x00, 0x00, 0x00, 0x00, 0x00, 0x20, 0x10, 0x08, 0x08, 0x08, 0x08,
    0x08, 0x10, 0x20, 0x00, 0x00, 0x00, 0x00, 0x00, 0x00, 0x00, 0x00, 0x00, 0x00, 0x58, 0x64, 0x44,
    0x44, 0x44, 0x00, 0x00, 0x00, 0x00, 0x00, 0x00, 0x00, 0x00, 0x00, 0x00, 0x00, 0x00, 0x00, 0x00,
    0x18, 0x24, 0x42, 0x42, 0x42, 0x24, 0x18, 0x00, 0x33, 0xFF, 0x33, 0x33, 0x33, 0x3C, 0xFF, 0x18,
    0x30, 0xC3, 0x0C, 0x30, 0xFF, 0xFC, 0x7D, 0xFF, 0x18, 0x33, 0xC7, 0x81, 0xE3, 0xFE, 0xF8, 0x00,
    0x00, 0x00, 0x00, 0x00, 0x00, 0x00, 0x00, 0x0C, 0x14, 0x24, 0x44, 0x7E, 0x04, 0x04, 0x00, 0x00,
    0x00, 0x00, 0x00, 0x00, 0x00, 0x00, 0x00, 0x7C, 0x40, 0x40, 0x78, 0x04, 0x04, 0x78, 0x00, 0x00,
    0x00, 0x00, 0x00, 0x00, 0x00, 0x00, 0x00, 0x18, 0x20, 0x40, 0x78, 0x44, 0x44, 0x38, 0x00, 0x00,
    0x00, 0x00, 0x00, 0x00, 0x00, 0x00, 0x00, 0x7C, 0x04, 0x08, 0x08, 0x10, 0x10, 0x10, 0x00, 0x00,
    0x00, 0x00, 0x00, 0x00, 0x00, 0x00, 0x00, 0x38, 0x44, 0x44, 0x38, 0x44, 0x44, 0x38, 0x00, 0x00,
    0x00, 0x00, 0x00, 0x00, 0x00, 0x00, 0x00, 0x38, 0x44, 0x44, 0x3C, 0x04, 0x08, 0x30, 0x00, 0x00,
    0x00, 0x00, 0x00, 0x00, 0x00, 0x00, 0x00, 0x00, 0x00, 0x10, 0x10, 0x7C, 0x10, 0x10, 0x00, 0x00,
    0x00, 0x00, 0x00, 0x00, 0x00, 0x00, 0x00, 0x00, 0x00, 0x00, 0x00, 0x7C, 0x00, 0x00, 0x00, 0x00,
    0x00, 0x00, 0x00, 0x00, 0x00, 0x00, 0x00, 0x00, 0x00, 0x00, 0x7C, 0x00, 0x00, 0x7C, 0x00, 0x00,
    0x00, 0x00, 0x00, 0x00, 0x00, 0x00, 0x04, 0x08, 0x10, 0x10, 0x10, 0x10, 0x10, 0x08, 0x04, 0x00,
    0x00, 0x00, 0x00, 0x00, 0x00, 0x00, 0x20, 0x10, 0x08, 0x08, 0x08, 0x08, 0x08, 0x10, 0x20, 0x00,
    0x00, 0x00, 0x00, 0x08, 0x08, 0x08, 0x08, 0x00, 0x00, 0x08, 0x08, 0x08, 0x08, 0x00, 0x00, 0x00,
    0x00, 0x00, 0x00, 0x00, 0x00, 0x00, 0x00, 0x00, 0x00, 0x38, 0x04, 0x3C, 0x44, 0x3C, 0x00, 0x00,
    0x00, 0x00, 0x00, 0x00, 0x00, 0x00, 0x00, 0x00, 0x00, 0x38, 0x44, 0x7C, 0x40, 0x3C, 0x00, 0x00,
    0x00, 0x00, 0x00, 0x00, 0x00, 0x00, 0x00, 0x00, 0x00, 0x38, 0x44, 0x44, 0x44, 0x38, 0x00, 0x00,
    0x00, 0x00, 0x00, 0x00, 0x00, 0x00, 0x00, 0x00, 0x00, 0x44, 0x28, 0x10, 0x28, 0x44, 0x00, 0x00,
    0x00, 0x00, 0x00, 0x00, 0x00, 0x00, 0x00, 0x00, 0x00, 0x78, 0x04, 0x7C, 0x44, 0x38, 0x00, 0x00,
    0x00, 0x00, 0x00, 0x00, 0x00, 0x00, 0x00, 0x40, 0x40, 0x58, 0x64, 0x44, 0x44, 0x44, 0x00, 0x00,
    0x00, 0x00, 0x00, 0x00, 0x00, 0x00, 0x00, 0x20, 0x20, 0x24, 0x28, 0x30, 0x28, 0x24, 0x00, 0x00,
    0x00, 0x00, 0x00, 0x00, 0x00, 0x00, 0x00, 0x30, 0x10, 0x10, 0x10, 0x10, 0x10, 0x7C, 0x00, 0x00,
    0x00, 0x00, 0x00, 0x00, 0x00, 0x00, 0x00, 0x00, 0x00, 0x76, 0x49, 0x49, 0x49, 0x49, 0x00, 0x00,
    0x00, 0x00, 0x00, 0x00, 0x00, 0x00, 0x00, 0x00, 0x00, 0x58, 0x64, 0x44, 0x44, 0x44, 0x00, 0x00,
    0x00, 0x00, 0x00, 0x00, 0x00, 0x00, 0x00, 0x00, 0x00, 0x58, 0x64, 0x64, 0x58, 0x40, 0x40, 0x00,
    0x00, 0x00, 0x00, 0x00, 0x00, 0x00, 0x00, 0x00, 0x00, 0x3C, 0x40, 0x38, 0x04, 0x78, 0x00, 0x00,
    0x00, 0x00, 0x00, 0x00, 0x00, 0x00, 0x00, 0x10, 0x10, 0x7C, 0x10, 0x10, 0x10, 0x0C, 0x00, 0x00,
    0x00, 0x00, 0x00, 0x00, 0x00, 0x00, 0x00, 0x00, 0x00, 0x00, 0x00, 0x82, 0x92, 0x54, 0x28, 0x00,
    0x00, 0x00, 0x00, 0x00, 0x00, 0x00, 0x00, 0x00, 0x00, 0x00, 0x00, 0x44, 0x28, 0x10, 0x20, 0x00,
    0x00, 0x00, 0x00, 0x00, 0x00, 0x00, 0x00, 0x00, 0x00, 0x00, 0x00, 0x3C, 0x08, 0x10, 0x3C, 0x00,
    0x00, 0x00, 0x00, 0x3C, 0x40, 0x40, 0x5E, 0x50, 0x50, 0x3C, 0x10, 0x10, 0x1E, 0x00, 0x00, 0x00,
    0x00, 0x00, 0x00, 0x0A, 0x3E, 0x4A, 0x54, 0x54, 0x68, 0x68, 0x72, 0x5C, 0x10, 0x00, 0x00, 0x00,
    0x00, 0x00, 0x00, 0x1C, 0x22, 0x42, 0x40, 0x56, 0x58, 0x50, 0x50, 0x32, 0x1C, 0x00, 0x00, 0x00,
    0x00, 0x00, 0x00, 0x3F, 0x20, 0x20, 0x20, 0x3E, 0x20, 0x20, 0xFC, 0x20, 0x20, 0x00, 0x00, 0x00,
    0x00, 0x00, 0x00, 0x0E, 0x10, 0x10, 0x7E, 0x10, 0x7E, 0x10, 0x10, 0x3E, 0x61, 0x00, 0x00, 0x00,
    0x30, 0x00, 0x20, 0x00, 0x60, 0xCE, 0x7C, 0xFF, 0x7E, 0xE3, 0xC7, 0xC1, 0xC3, 0xC1, 0x83, 0xC1,
    0x83, 0xC1, 0x83, 0xC1, 0x83, 0xC1, 0x83, 0xC3, 0x83, 0xC3, 0x83, 0xC3, 0x83, 0xC7, 0x83, 0xC7,
    0x83, 0x04, 0x00, 0x04, 0x00, 0xE0, 0x0F, 0xC0, 0x3F, 0x00, 0xF6, 0x03, 0xDC, 0x0F, 0x30, 0x3C,
    0xE0, 0xFF, 0xFF, 0xFF, 0xFF, 0x0C, 0x3F, 0xFF, 0xFF, 0xFF, 0xC1, 0xCF, 0x03, 0x3C, 0x0E, 0xF0,
    0x1B, 0xC0, 0x3F, 0x00, 0xFC, 0x01, 0xC0, 0x00, 0x00, 0x00, 0x00, 0x68, 0x58, 0x5F, 0x5C, 0x6C,
    0x4A, 0x49, 0x49, 0x49, 0x4E, 0x00, 0x00, 0x00, 0x00, 0x00, 0x00, 0x70, 0x48, 0x4B, 0x4C, 0x74,
    0x54, 0x52, 0x49, 0x49, 0x4E, 0x00, 0x00, 0xC0, 0x60, 0x3C, 0x06, 0x03, 0xC0, 0x60, 0x3C, 0x0F,
    0x03, 0x60, 0xF0, 0x66, 0x19, 0x86, 0x61, 0x98, 0x66, 0x7F, 0xE6, 0x67, 0xFE, 0x63, 0x19, 0x8C,
    0x37, 0xFE, 0xC3, 0x7F, 0xEC, 0x33, 0x0C, 0xC1, 0xB0, 0xD8, 0x1B, 0x0D, 0x81, 0xE0, 0x78, 0x0E,
    0x07, 0x00, 0xC0, 0x30, 0x0C, 0x03, 0x00, 0x00, 0x00, 0x00, 0x00, 0x00, 0x00, 0xF2, 0x8A, 0xAA,
    0xAA, 0xAA, 0xAA, 0xA2, 0xBC, 0x00, 0x00, 0x00, 0x00, 0x00, 0x02, 0x0F, 0x02, 0x3A, 0x46, 0x42,
    0x42, 0x42, 0x42, 0x46, 0x3A, 0x00, 0x7E, 0x01, 0xF8, 0x03, 0xFF, 0x03, 0xC3, 0xC3, 0x80, 0x71,
    0x80, 0x19, 0xC0, 0x0C, 0xC0, 0x01, 0xFF, 0x80, 0xFF, 0xC0, 0x18, 0x00, 0x3F, 0xF0, 0x1F, 0xF8,
    0x03, 0x00, 0x01, 0xC0, 0x0C, 0x60, 0x06, 0x38, 0x07, 0x0F, 0x0F, 0x03, 0xFF, 0x00, 0x7E, 0x00,
    0xC0, 0x3E, 0x03, 0xB0, 0x39, 0x83, 0x8C, 0x38, 0x63, 0x83, 0x38, 0x1B, 0x80, 0xFF, 0xFF, 0xFF,
    0xF9, 0xC1, 0x87, 0x0C, 0x18, 0x60, 0xE3, 0x03, 0x98, 0x0C, 0xC0, 0x76, 0x01, 0xF0, 0x06, 0x00,
    0x00, 0x00, 0x00, 0x7F, 0x08, 0x08, 0x0E, 0x38, 0x0E, 0x38, 0x08, 0x08, 0x08, 0x00, 0x00, 0x00,
    0x00, 0x00, 0x00, 0x70, 0x48, 0x48, 0x48, 0x48, 0x4E, 0x4D, 0x4D, 0x4E, 0x74, 0x04, 0x04, 0x00,
    0x00, 0x00, 0x00, 0x38, 0x44, 0x44, 0x44, 0x28, 0x18, 0x54, 0x64, 0x62, 0x42, 0x04, 0x08, 0x00,
    0x00, 0x7C, 0x42, 0xFF, 0x42, 0xFF, 0x42, 0x7C, 0x40, 0x40, 0x40, 0x40, 0x40, 0x00, 0x00, 0x00,
    0x00, 0x10, 0x10, 0x3C, 0x52, 0x52, 0x50, 0x50, 0x56, 0x52, 0x52, 0x56, 0x3A, 0x10, 0x10, 0x00,
    0x00, 0x00, 0x00, 0x18, 0x24, 0x24, 0xFF, 0x42, 0xFF, 0x42, 0x42, 0x42, 0x42, 0x00, 0x00, 0x00,
    0x00, 0x00, 0x00, 0x3C, 0x42, 0x02, 0x02, 0xFF, 0x30, 0xFF, 0x40, 0x42, 0x3C, 0x00, 0x00, 0x00,
    0x00, 0x10, 0x10, 0x3C, 0x52, 0x52, 0x50, 0x50, 0x50, 0x50, 0x52, 0x52, 0x3C, 0x10, 0x10, 0x00,
    0x00, 0x00, 0x00, 0x28, 0x28, 0x28, 0x7E, 0x28, 0x28, 0x28, 0x28, 0x29, 0x26, 0x00, 0x00, 0x00,
    0x00, 0x00, 0x00, 0x3C, 0x42, 0x42, 0x20, 0x18, 0x04, 0x52, 0xAA, 0xAA, 0xFC, 0xA8, 0xA8, 0x00,
    0x00, 0x00, 0x00, 0x00, 0x00, 0xFE, 0x00, 0xFE, 0x10, 0x10, 0x10, 0x10, 0x10, 0x00, 0x00, 0x00,
    0x00, 0x00, 0x00, 0x00, 0x00, 0x0F, 0xF0, 0x01, 0x80, 0x00, 0x40, 0x0F, 0xF0, 0x00, 0x40, 0x00,
    0x80, 0x0F, 0x00, 0x04, 0x00, 0x02, 0x00, 0x01, 0x00, 0x00, 0x80, 0x00, 0x40, 0x00, 0x00, 0x00,
    0x00, 0x00, 0x20, 0x20, 0x28, 0x30, 0x60, 0xA8, 0x30, 0x62, 0xA2, 0x24, 0x38, 0x00, 0x00, 0x00,
    0x00, 0x00, 0x00, 0x40, 0xA0, 0xFC, 0x22, 0x42, 0x54, 0xE8, 0x40, 0x44, 0x38, 0x00, 0x00, 0x00,
    0x00, 0x00, 0x00, 0x00, 0x00, 0x00, 0x10, 0x10, 0x38, 0x54, 0x54, 0x54, 0x54, 0x00, 0x00, 0x00,
    0x00, 0x00, 0x00, 0x3C, 0x22, 0x22, 0x22, 0x7C, 0x20, 0x7C, 0x20, 0x20, 0x20, 0x00, 0x00, 0x00,
    0x00, 0x28, 0x7C, 0xAA, 0xAA, 0xAA, 0x80, 0x80, 0x80, 0x80, 0x40, 0x20, 0xFE, 0x00, 0x00, 0x00,
    0x00, 0x28, 0x28, 0xFC, 0x42, 0x42, 0x42, 0x7C, 0x42, 0x42, 0x42, 0x42, 0xFC, 0x28, 0x28, 0x00,
    0x00, 0x00, 0x00, 0x3C, 0x42, 0x42, 0x40, 0x40, 0x42, 0x42, 0x3C, 0x00, 0x7E, 0x00, 0x00, 0x00,
    0x00, 0x00, 0x00, 0x10, 0x14, 0x14, 0x14, 0x17, 0x1C, 0x77, 0x10, 0xE3, 0x0C, 0x00, 0x00, 0x00,
    0x00, 0x00, 0x00, 0x00, 0x00, 0x14, 0x08, 0x54, 0x20, 0xD0, 0x00, 0x00, 0x00, 0x00, 0x00, 0x00,
    0x00, 0x00, 0x00, 0xF0, 0x48, 0x44, 0xFE, 0x44, 0x44, 0xFE, 0x44, 0x48, 0xF0, 0x00, 0x00, 0x00,
    0x00, 0x00, 0x00, 0x3C, 0x42, 0x40, 0x40, 0x40, 0xFE, 0x40, 0x30, 0x0C, 0xFE, 0x00, 0x00, 0x00,
    0x00, 0x7F, 0xFE, 0x61, 0xCE, 0x7D, 0xB6, 0x61, 0xB6, 0x6F, 0xB6, 0x61, 0xCE, 0x7F, 0xFE, 0x7F,
    0xFE, 0x71, 0x86, 0x6F, 0xBE, 0x6F, 0x86, 0x6F, 0xF6, 0x71, 0x86, 0x7F, 0xFE, 0x00, 0x00, 0x00,
    0x00, 0x7F, 0xFE, 0x61, 0xCE, 0x7D, 0xB6, 0x61, 0xB6, 0x6F, 0xB6, 0x61, 0xCE, 0x7F, 0xFE, 0x7F,
    0xFE, 0x71, 0xCE, 0x6F, 0xBE, 0x6F, 0x8E, 0x6F, 0xB6, 0x71, 0xCE, 0x7F, 0xFE, 0x00, 0x00, 0x00,
    0x00, 0x7F, 0xFE, 0x61, 0xCE, 0x7D, 0xB6, 0x61, 0xB6, 0x6F, 0xB6, 0x61, 0xCE, 0x7F, 0xFE, 0x7F,
    0xFE, 0x71, 0x86, 0x6F, 0xF6, 0x6F, 0xEE, 0x6F, 0xDE, 0x71, 0xDE, 0x7F, 0xFE, 0x00, 0x00, 0x00,
    0x00, 0x7F, 0xFE, 0x61, 0xCE, 0x7D, 0xB6, 0x61, 0xB6, 0x6F, 0xB6, 0x61, 0xCE, 0x7F, 0xFE, 0x7F,
    0xFE, 0x71, 0xCE, 0x6F, 0xB6, 0x6F, 0xCE, 0x6F, 0xB6, 0x71, 0xCE, 0x7F, 0xFE, 0x00, 0x00, 0x00,
    0x00, 0x7F, 0xFE, 0x61, 0xCE, 0x7D, 0xB6, 0x61, 0xB6, 0x6F, 0xB6, 0x61, 0xCE, 0x7F, 0xFE, 0x7F,
    0xFE, 0x71, 0xCE, 0x6F, 0xB6, 0x6F, 0xC6, 0x6F, 0xF6, 0x71, 0xCE, 0x7F, 0xFE, 0x00, 0x00, 0x00,
    0x00, 0x7F, 0xFE, 0x61, 0xCE, 0x7D, 0xB6, 0x61, 0xB6, 0x6F, 0xB6, 0x61, 0xCE, 0x7F, 0xFE, 0x7F,
    0xFE, 0x71, 0x86, 0x6F, 0xB6, 0x6F, 0x86, 0x6F, 0xB6, 0x71, 0xB6, 0x7F, 0xFE, 0x00, 0x00, 0x00,
    0x00, 0x7F, 0xFE, 0x61, 0xCE, 0x7D, 0xB6, 0x61, 0xB6, 0x6F, 0xB6, 0x61, 0xCE, 0x7F, 0xFE, 0x7F,
    0xFE, 0x71, 0x8E, 0x6F, 0xB6, 0x6F, 0x8E, 0x6F, 0xB6, 0x71, 0x8E, 0x7F, 0xFE, 0x00, 0x00, 0x00,
    0x00, 0x7F, 0xFE, 0x61, 0xCE, 0x7D, 0xB6, 0x61, 0xB6, 0x6F, 0xB6, 0x61, 0xCE, 0x7F, 0xFE, 0x7F,
    0xFE, 0x71, 0xC6, 0x6F, 0xBE, 0x6F, 0xBE, 0x6F, 0xBE, 0x71, 0xC6, 0x7F, 0xFE, 0x00, 0x00, 0x00,
    0x00, 0x7F, 0xFE, 0x61, 0xCE, 0x7D, 0xB6, 0x61, 0xB6, 0x6F, 0xB6, 0x61, 0xCE, 0x7F, 0xFE, 0x7F,
    0xFE, 0x71, 0x8E, 0x6F, 0xB6, 0x6F, 0xB6, 0x6F, 0xB6, 0x71, 0x8E, 0x7F, 0xFE, 0x00, 0x00, 0x00,
    0x00, 0x7F, 0xFE, 0x61, 0xCE, 0x7D, 0xB6, 0x61, 0xB6, 0x6F, 0xB6, 0x61, 0xCE, 0x7F, 0xFE, 0x7F,
    0xFE, 0x71, 0x86, 0x6F, 0xBE, 0x6F, 0x8E, 0x6F, 0xBE, 0x71, 0x86, 0x7F, 0xFE, 0x00, 0x00, 0x00,
    0x00, 0x7F, 0xFE, 0x61, 0xCE, 0x7D, 0xB6, 0x61, 0xB6, 0x6F, 0xB6, 0x61, 0xCE, 0x7F, 0xFE, 0x7F,
    0xFE, 0x71, 0x86, 0x6F, 0xBE, 0x6F, 0x8E, 0x6F, 0xBE, 0x71, 0xBE, 0x7F, 0xFE, 0x00, 0x00, 0x00,
    0x00, 0x00, 0x00, 0x00, 0x00, 0x00, 0x10, 0x20, 0x7F, 0x20, 0x10, 0x00, 0x00, 0x00, 0x00, 0x00,
    0x00, 0x08, 0x1C, 0x2A, 0x08, 0x08, 0x08, 0x08, 0x08, 0x08, 0x08, 0x08, 0x08, 0x08, 0x08, 0x00,
    0x00, 0x00, 0x00, 0x00, 0x00, 0x00, 0x08, 0x04, 0xFE, 0x04, 0x08, 0x00, 0x00, 0x00, 0x00, 0x08,
    0x08, 0x08, 0x08, 0x08, 0x08, 0x08, 0x08, 0x08, 0x08, 0x08, 0x2A, 0x1C, 0x08, 0x00, 0x00, 0x00,
    0x00, 0x00, 0x00, 0x00, 0x00, 0x00, 0x24, 0x42, 0xFF, 0x42, 0x24, 0x00, 0x00, 0x00, 0x00, 0x00,
    0x00, 0x08, 0x1C, 0x2A, 0x08, 0x08, 0x08, 0x08, 0x08, 0x08, 0x2A, 0x1C, 0x08, 0x00, 0x00, 0x00,
    0x00, 0x00, 0x00, 0x00, 0x78, 0x60, 0x50, 0x48, 0x04, 0x02, 0x00, 0x00, 0x00, 0x00, 0x00, 0x00,
    0x00, 0x00, 0x00, 0x00, 0x1E, 0x06, 0x0A, 0x12, 0x20, 0x40, 0x00, 0x00, 0x00, 0x00, 0x00, 0x00,
    0x00, 0x00, 0x00, 0x00, 0x40, 0x20, 0x12, 0x0A, 0x06, 0x1E, 0x00, 0x00, 0x00, 0x00, 0x00, 0x00,
    0x00, 0x00, 0x00, 0x00, 0x00, 0x02, 0x04, 0x48, 0x50, 0x60, 0x78, 0x00, 0x00, 0x00, 0x00, 0x00,
    0x00, 0x00, 0x00, 0x00, 0x04, 0x04, 0x14, 0x24, 0x7F, 0x24, 0x14, 0x04, 0x04, 0x00, 0x00, 0x00,
    0x00, 0x00, 0x00, 0x00, 0x20, 0x20, 0x28, 0x24, 0xFE, 0x24, 0x28, 0x20, 0x20, 0x00, 0x00, 0x00,
    0x00, 0x00, 0x00, 0x00, 0x00, 0x00, 0x00, 0x00, 0x00, 0x00, 0x00, 0x38, 0x00, 0x30, 0x1C, 0x28,
    0x22, 0x04, 0x41, 0x03, 0x80, 0x00, 0x00, 0x00, 0x00, 0x00, 0x00, 0x00, 0x00, 0x00, 0x00, 0x00,
    0x00, 0x00, 0x00, 0x00, 0x00, 0x00, 0x00, 0x00, 0x00, 0x00, 0x00, 0x00, 0x1C, 0x38, 0x0C, 0x44,
    0x14, 0x82, 0x20, 0x01, 0xC0, 0x00, 0x00, 0x00, 0x00, 0x00, 0x00, 0x00, 0x00, 0x00, 0x00, 0x00,
    0x00, 0x00, 0x00, 0x00, 0x00, 0x00, 0x24, 0x48, 0xFF, 0x48, 0x24, 0x00, 0x00, 0x00, 0x00, 0x00,
    0x00, 0x08, 0x1C, 0x2A, 0x08, 0x1C, 0x2A, 0x08, 0x08, 0x08, 0x08, 0x08, 0x08, 0x08, 0x08, 0x00,
    0x00, 0x00, 0x00, 0x00, 0x00, 0x00, 0x24, 0x12, 0xFF, 0x12, 0x24, 0x00, 0x00, 0x00, 0x00, 0x08,
    0x08, 0x08, 0x08, 0x08, 0x08, 0x08, 0x08, 0x08, 0x2A, 0x1C, 0x08, 0x2A, 0x1C, 0x08, 0x00, 0x00,
    0x00, 0x00, 0x00, 0x00, 0x00, 0x00, 0x11, 0x22, 0x7C, 0x22, 0x11, 0x00, 0x00, 0x00, 0x00, 0x00,
    0x00, 0x00, 0x00, 0x00, 0x00, 0x00, 0x88, 0x44, 0x3E, 0x44, 0x88, 0x00, 0x00, 0x00, 0x00, 0x00,
    0x00, 0x00, 0x00, 0x00, 0x00, 0x00, 0x12, 0x22, 0x7E, 0x22, 0x12, 0x00, 0x00, 0x00, 0x00, 0x00,
    0x00, 0x08, 0x1C, 0x2A, 0x08, 0x08, 0x08, 0x08, 0x08, 0x08, 0x08, 0x08, 0x3E, 0x00, 0x00, 0x00,
    0x00, 0x00, 0x00, 0x00, 0x00, 0x00, 0x48, 0x44, 0x7E, 0x44, 0x48, 0x00, 0x00, 0x00, 0x00, 0x00,
    0x00, 0x3E, 0x08, 0x08, 0x08, 0x08, 0x08, 0x08, 0x08, 0x08, 0x2A, 0x1C, 0x08, 0x00, 0x00, 0x00,
    0x00, 0x08, 0x1C, 0x2A, 0x08, 0x08, 0x08, 0x08, 0x08, 0x2A, 0x1C, 0x08, 0x3E, 0x00, 0x00, 0x00,
    0x00, 0x00, 0x00, 0x00, 0x00, 0x02, 0x11, 0x21, 0x7E, 0x20, 0x10, 0x00, 0x00, 0x00, 0x00, 0x00,
    0x00, 0x00, 0x00, 0x00, 0x00, 0x20, 0x44, 0x42, 0x3F, 0x02, 0x04, 0x00, 0x00, 0x00, 0x00, 0x00,
    0x00, 0x00, 0x00, 0x00, 0x00, 0x02, 0x15, 0x25, 0x7E, 0x24, 0x14, 0x00, 0x00, 0x00, 0x00, 0x00,
    0x00, 0x00, 0x00, 0x00, 0x00, 0x20, 0x54, 0x52, 0x3F, 0x12, 0x14, 0x00, 0x00, 0x00, 0x00, 0x00,
    0x00, 0x00, 0x00, 0x00, 0x00, 0x00, 0x24, 0x5A, 0xE7, 0x42, 0x24, 0x00, 0x00, 0x00, 0x00, 0x00,
    0x00, 0x00, 0x00, 0x00, 0x08, 0x08, 0x2C, 0x4A, 0xFF, 0x4A, 0x2C, 0x08, 0x08, 0x00, 0x00, 0x00,
    0x00, 0x40, 0x40, 0x40, 0x48, 0x58, 0x68, 0x48, 0x08, 0x08, 0x2A, 0x1C, 0x08, 0x00, 0x00, 0x00,
    0x00, 0x00, 0x00, 0x00, 0x00, 0x00, 0x10, 0x20, 0x78, 0x24, 0x14, 0x04, 0x04, 0x04, 0x04, 0x00,
    0x00, 0x00, 0x00, 0x00, 0x00, 0x00, 0x08, 0x04, 0x1E, 0x24, 0x28, 0x20, 0x20, 0x20, 0x20, 0x04,
    0x04, 0x04, 0x04, 0x04, 0x04, 0x04, 0x14, 0x24, 0x78, 0x20, 0x10, 0x00, 0x00, 0x00, 0x00, 0x20,
    0x20, 0x20, 0x20, 0x20, 0x20, 0x20, 0x28, 0x24, 0x1E, 0x04, 0x08, 0x00, 0x00, 0x00, 0x00, 0x00,
    0x00, 0x00, 0x00, 0x00, 0x00, 0x00, 0x00, 0x00, 0xFC, 0x04, 0x15, 0x0E, 0x04, 0x00, 0x00, 0x04,
    0x04, 0x04, 0x04, 0x04, 0x04, 0x04, 0x14, 0x24, 0x7C, 0x20, 0x10, 0x00, 0x00, 0x00, 0x00, 0x00,
    0x00, 0x00, 0x00, 0x00, 0x00, 0x1E, 0x21, 0xA9, 0x71, 0x20, 0x00, 0x00, 0x00, 0x00, 0x00, 0x00,
    0x00, 0x00, 0x00, 0x00, 0x00, 0x78, 0x84, 0x95, 0x8E, 0x04, 0x00, 0x00, 0x00, 0x00, 0x00, 0x00,
    0x00, 0x00, 0x7E, 0x00, 0x78, 0x60, 0x50, 0x48, 0x04, 0x02, 0x00, 0x00, 0x00, 0x00, 0x00, 0x00,
    0x00, 0x00, 0x50, 0x60, 0x7E, 0x60, 0x50, 0x00, 0x0A, 0x06, 0x7E, 0x06, 0x0A, 0x00, 0x00, 0x00,
    0x00, 0x00, 0x00, 0x00, 0x00, 0x00, 0x2E, 0x4C, 0x4A, 0x42, 0x42, 0x3C, 0x00, 0x00, 0x00, 0x00,
    0x00, 0x00, 0x00, 0x00, 0x00, 0x00, 0x74, 0x32, 0x52, 0x42, 0x42, 0x3C, 0x00, 0x00, 0x00, 0x00,
    0x00, 0x00, 0x00, 0x00, 0x00, 0x00, 0x10, 0x20, 0x7F, 0x00, 0x00, 0x00, 0x00, 0x00, 0x00, 0x00,
    0x00, 0x00, 0x00, 0x00, 0x00, 0x00, 0x00, 0x00, 0x7F, 0x20, 0x10, 0x00, 0x00, 0x00, 0x00, 0x00,
    0x00, 0x08, 0x0C, 0x0A, 0x08, 0x08, 0x08, 0x08, 0x08, 0x08, 0x08, 0x08, 0x08, 0x08, 0x08, 0x00,
    0x00, 0x08, 0x18, 0x28, 0x08, 0x08, 0x08, 0x08, 0x08, 0x08, 0x08, 0x08, 0x08, 0x08, 0x08, 0x00,
    0x00, 0x00, 0x00, 0x00, 0x00, 0x00, 0x08, 0x04, 0xFE, 0x00, 0x00, 0x00, 0x00, 0x00, 0x00, 0x00,
    0x00, 0x00, 0x00, 0x00, 0x00, 0x00, 0x00, 0x00, 0xFE, 0x04, 0x08, 0x00, 0x00, 0x00, 0x00, 0x08,
    0x08, 0x08, 0x08, 0x08, 0x08, 0x08, 0x08, 0x08, 0x08, 0x08, 0x0A, 0x0C, 0x08, 0x00, 0x00, 0x08,
    0x08, 0x08, 0x08, 0x08, 0x08, 0x08, 0x08, 0x08, 0x08, 0x08, 0x28, 0x18, 0x08, 0x00, 0x00, 0x00,
    0x00, 0x00, 0x08, 0x04, 0x7E, 0x04, 0x08, 0x00, 0x10, 0x20, 0x7E, 0x20, 0x10, 0x00, 0x00, 0x00,
    0x00, 0x24, 0x74, 0xAC, 0x24, 0x24, 0x24, 0x24, 0x24, 0x24, 0x35, 0x2E, 0x24, 0x00, 0x00, 0x00,
    0x00, 0x00, 0x10, 0x20, 0x7E, 0x20, 0x10, 0x00, 0x08, 0x04, 0x7E, 0x04, 0x08, 0x00, 0x00, 0x00,
    0x00, 0x00, 0x10, 0x20, 0x7E, 0x20, 0x10, 0x00, 0x10, 0x20, 0x7E, 0x20, 0x10, 0x00, 0x00, 0x00,
    0x00, 0x24, 0x7E, 0xA5, 0x24, 0x24, 0x24, 0x24, 0x24, 0x24, 0x24, 0x24, 0x24, 0x00, 0x00, 0x00,
    0x00, 0x00, 0x08, 0x04, 0x7E, 0x04, 0x08, 0x00, 0x08, 0x04, 0x7E, 0x04, 0x08, 0x00, 0x00, 0x00,
    0x00, 0x24, 0x24, 0x24, 0x24, 0x24, 0x24, 0x24, 0x24, 0x24, 0xA5, 0x7E, 0x24, 0x00, 0x00, 0x00,
    0x00, 0x00, 0x00, 0x00, 0x00, 0x10, 0x20, 0x7E, 0x00, 0x7E, 0x04, 0x08, 0x00, 0x00, 0x00, 0x00,
    0x00, 0x00, 0x00, 0x00, 0x00, 0x08, 0x04, 0x7E, 0x00, 0x7E, 0x20, 0x10, 0x00, 0x00, 0x00, 0x00,
    0x00, 0x00, 0x00, 0x00, 0x08, 0x08, 0x28, 0x7E, 0x88, 0x7E, 0x28, 0x08, 0x08, 0x00, 0x00, 0x00,
    0x00, 0x00, 0x00, 0x00, 0x08, 0x08, 0x2C, 0x7E, 0x89, 0x7E, 0x2C, 0x08, 0x08, 0x00, 0x00, 0x00,
    0x00, 0x00, 0x00, 0x00, 0x10, 0x10, 0x14, 0x7E, 0x11, 0x7E, 0x14, 0x10, 0x10, 0x00, 0x00, 0x00,
    0x00, 0x00, 0x00, 0x00, 0x00, 0x00, 0x10, 0x3E, 0x40, 0x3E, 0x10, 0x00, 0x00, 0x00, 0x00, 0x00,
    0x00, 0x08, 0x14, 0x36, 0x14, 0x14, 0x14, 0x14, 0x14, 0x14, 0x14, 0x14, 0x14, 0x00, 0x00, 0x00,
    0x00, 0x00, 0x00, 0x00, 0x00, 0x00, 0x08, 0x7C, 0x02, 0x7C, 0x08, 0x00, 0x00, 0x00, 0x00, 0x00,
    0x00, 0x14, 0x14, 0x14, 0x14, 0x14, 0x14, 0x14, 0x14, 0x14, 0x36, 0x14, 0x08, 0x00, 0x00, 0x00,
    0x00, 0x00, 0x00, 0x00, 0x00, 0x00, 0x24, 0x7E, 0x81, 0x7E, 0x24, 0x00, 0x00, 0x00, 0x00, 0x00,
    0x00, 0x08, 0x14, 0x36, 0x14, 0x14, 0x14, 0x14, 0x14, 0x14, 0x36, 0x14, 0x08, 0x00, 0x00, 0x00,
    0x00, 0x00, 0x00, 0x00, 0x78, 0x50, 0x68, 0x54, 0x0A, 0x04, 0x00, 0x00, 0x00, 0x00, 0x00, 0x00,
    0x00, 0x00, 0x00, 0x00, 0x1E, 0x0A, 0x16, 0x2A, 0x50, 0x20, 0x00, 0x00, 0x00, 0x00, 0x00, 0x00,
    0x00, 0x00, 0x00, 0x00, 0x20, 0x50, 0x2A, 0x16, 0x0A, 0x1E, 0x00, 0x00, 0x00, 0x00, 0x00, 0x00,
    0x00, 0x00, 0x00, 0x00, 0x04, 0x0A, 0x54, 0x68, 0x50, 0x78, 0x00, 0x00, 0x00, 0x00, 0x00, 0x00,
    0x00, 0x00, 0x00, 0x00, 0x00, 0x10, 0x3E, 0x40, 0xFE, 0x40, 0x3E, 0x10, 0x00, 0x00, 0x00, 0x00,
    0x00, 0x00, 0x00, 0x00, 0x00, 0x08, 0x7C, 0x02, 0x7F, 0x02, 0x7C, 0x08, 0x00, 0x00, 0x00, 0x00,
    0x00, 0x00, 0x00, 0x00, 0x00, 0x00, 0x20, 0x42, 0xF5, 0x48, 0x20, 0x00, 0x00, 0x00, 0x00, 0x00,
    0x00, 0x00, 0x00, 0x00, 0x00, 0x00, 0x04, 0x42, 0xAF, 0x12, 0x04, 0x00, 0x00, 0x00, 0x00, 0x00,
    0x00, 0x08, 0x1C, 0x2A, 0x08, 0x08, 0x08, 0x3E, 0x08, 0x3E, 0x08, 0x08, 0x08, 0x08, 0x08, 0x08,
    0x08, 0x08, 0x08, 0x08, 0x3E, 0x08, 0x3E, 0x08, 0x08, 0x08, 0x2A, 0x1C, 0x08, 0x00, 0x00, 0x00,
    0x00, 0x00, 0x00, 0x00, 0x00, 0x00, 0x10, 0x20, 0x77, 0x20, 0x10, 0x00, 0x00, 0x00, 0x00, 0x00,
    0x00, 0x08, 0x1C, 0x2A, 0x08, 0x08, 0x00, 0x08, 0x08, 0x08, 0x08, 0x00, 0x08, 0x08, 0x08, 0x00,
    0x00, 0x00, 0x00, 0x00, 0x00, 0x00, 0x04, 0x02, 0xEF, 0x02, 0x04, 0x00, 0x00, 0x00, 0x00, 0x08,
    0x08, 0x08, 0x00, 0x08, 0x08, 0x08, 0x08, 0x00, 0x08, 0x08, 0x2A, 0x1C, 0x08, 0x00, 0x00, 0x00,
    0x00, 0x00, 0x00, 0x00, 0x00, 0x00, 0x50, 0x60, 0x7F, 0x60, 0x50, 0x00, 0x00, 0x00, 0x00, 0x00,
    0x00, 0x00, 0x00, 0x00, 0x00, 0x00, 0x0A, 0x06, 0xFE, 0x06, 0x0A, 0x00, 0x00, 0x00, 0x00, 0x00,
    0x00, 0x00, 0x00, 0x00, 0x00, 0x10, 0x30, 0x5F, 0x81, 0x5F, 0x30, 0x10, 0x00, 0x00, 0x00, 0x00,
    0x00, 0x08, 0x14, 0x22, 0x77, 0x14, 0x14, 0x14, 0x14, 0x14, 0x14, 0x14, 0x1C, 0x00, 0x00, 0x00,
    0x00, 0x00, 0x00, 0x00, 0x00, 0x08, 0x0C, 0xFA, 0x81, 0xFA, 0x0C, 0x08, 0x00, 0x00, 0x00, 0x00,
    0x00, 0x1C, 0x14, 0x14, 0x14, 0x14, 0x14, 0x14, 0x14, 0x77, 0x22, 0x14, 0x08, 0x00, 0x00, 0x00,
    0x00, 0x08, 0x14, 0x22, 0x77, 0x14, 0x14, 0x14, 0x1C, 0x00, 0x1C, 0x14, 0x1C, 0x00, 0x00, 0x00,
    0x00, 0x08, 0x14, 0x22, 0x63, 0x22, 0x22, 0x22, 0x22, 0x22, 0x63, 0x41, 0x7F, 0x00, 0x00, 0x00,
    0x00, 0x08, 0x14, 0x3E, 0x63, 0x22, 0x22, 0x22, 0x22, 0x22, 0x63, 0x41, 0x7F, 0x00, 0x00, 0x00,
    0x00, 0x08, 0x1C, 0x2A, 0x6B, 0x2A, 0x2A, 0x2A, 0x2A, 0x2A, 0x6B, 0x49, 0x7F, 0x00, 0x00, 0x00,
    0x08, 0x14, 0x2A, 0x77, 0x22, 0x63, 0x22, 0x22, 0x22, 0x22, 0x22, 0x22, 0x3E, 0x00, 0x00, 0x00,
    0x08, 0x14, 0x2A, 0x77, 0x22, 0x63, 0x22, 0x22, 0x22, 0x22, 0x63, 0x41, 0x7F, 0x00, 0x00, 0x00,
    0x00, 0x00, 0x00, 0x00, 0x00, 0x08, 0x6C, 0x7A, 0x41, 0x7A, 0x6C, 0x08, 0x00, 0x00, 0x00, 0x00,
    0x00, 0x00, 0x00, 0x00, 0x7F, 0x40, 0x5C, 0x58, 0x54, 0x42, 0x41, 0x40, 0x40, 0x00, 0x00, 0x00,
    0x00, 0x00, 0x00, 0x00, 0x01, 0x01, 0x41, 0x21, 0x15, 0x0D, 0x1D, 0x01, 0x7F, 0x00, 0x00, 0x00,
    0x00, 0x08, 0x14, 0x36, 0x14, 0x14, 0x14, 0x14, 0x14, 0x14, 0x36, 0x14, 0x08, 0x00, 0x00, 0x00,
    0x00, 0x00, 0x00, 0x00, 0x00, 0x00, 0x00, 0x00, 0x00, 0x00, 0x00, 0x00, 0x00, 0x07, 0x08, 0x08,
    0x84, 0xFF, 0xFE, 0x08, 0x84, 0x07, 0x08, 0x00, 0x00, 0x00, 0x00, 0x00, 0x00, 0x00, 0x00, 0x00,
    0x00, 0x24, 0x2E, 0x35, 0x24, 0x24, 0x24, 0x24, 0x24, 0x24, 0xAC, 0x74, 0x24, 0x00, 0x00, 0x00,
    0x00, 0x00, 0x04, 0x02, 0xFF, 0x02, 0x04, 0x02, 0xFF, 0x02, 0x04, 0x02, 0xFF, 0x02, 0x04, 0x00,
    0x00, 0x00, 0x00, 0x00, 0x00, 0x00, 0x24, 0x44, 0xFF, 0x44, 0x24, 0x00, 0x00, 0x00, 0x00, 0x00,
    0x00, 0x00, 0x00, 0x00, 0x00, 0x00, 0x24, 0x22, 0xFF, 0x22, 0x24, 0x00, 0x00, 0x00, 0x00, 0x00,
    0x00, 0x00, 0x00, 0x00, 0x00, 0x00, 0x00, 0x00, 0x00, 0x00, 0x00, 0x00, 0x00, 0x09, 0x20, 0x11,
    0x10, 0x3F, 0xF8, 0x11, 0x10, 0x09, 0x20, 0x00, 0x00, 0x00, 0x00, 0x00, 0x00, 0x00, 0x00, 0x00,
    0x00, 0x00, 0x00, 0x00, 0x00, 0x00, 0x00, 0x00, 0x00, 0x00, 0x00, 0x00, 0x00, 0x11, 0x40, 0x21,
    0x40, 0x7F, 0xFF, 0x21, 0x40, 0x11, 0x40, 0x00, 0x00, 0x00, 0x00, 0x00, 0x00, 0x00, 0x00, 0x00,
    0x00, 0x00, 0x00, 0x00, 0x00, 0x00, 0x00, 0x00, 0x00, 0x00, 0x00, 0x00, 0x00, 0x02, 0x88, 0x02,
    0x84, 0xFF, 0xFE, 0x02, 0x84, 0x02, 0x88, 0x00, 0x00, 0x00, 0x00, 0x00, 0x00, 0x00, 0x00, 0x00,
    0x00, 0x00, 0x00, 0x00, 0x00, 0x00, 0x00, 0x00, 0x00, 0x00, 0x00, 0x00, 0x00, 0x12, 0x90, 0x22,
    0x88, 0x7F, 0xFC, 0x22, 0x88, 0x12, 0x90, 0x00, 0x00, 0x00, 0x00, 0x00, 0x00, 0x00, 0x00, 0x00,
    0x00, 0x00, 0x00, 0x00, 0x00, 0x00, 0x20, 0x60, 0xBF, 0x60, 0x20, 0x00, 0x00, 0x00, 0x00, 0x00,
    0x00, 0x00, 0x00, 0x00, 0x00, 0x00, 0x04, 0x06, 0xFD, 0x06, 0x04, 0x00, 0x00, 0x00, 0x00, 0x00,
    0x00, 0x00, 0x00, 0x00, 0x00, 0x00, 0x00, 0x00, 0x00, 0x00, 0x00, 0x00, 0x00, 0x08, 0x10, 0x18,
    0x18, 0x2F, 0xF4, 0x18, 0x18, 0x08, 0x10, 0x00, 0x00, 0x00, 0x00, 0x00, 0x00, 0x00, 0x00, 0xC0,
    0x07, 0x80, 0x0F, 0x00, 0x1B, 0x00, 0x66, 0x00, 0xCC, 0x01, 0x8F, 0xFE, 0x1F, 0xFC, 0x30, 0x18,
    0x30, 0x60, 0x60, 0xC0, 0xC1, 0x80, 0xC6, 0x01, 0x8C, 0x03, 0x10, 0x03, 0x60, 0x06, 0xC0, 0x07,
    0x00, 0x0E, 0x00, 0x00, 0x00, 0x00, 0x00, 0x18, 0x24, 0x24, 0x20, 0x20, 0x20, 0x20, 0x24, 0x24,
    0x18, 0x00, 0x00, 0x00, 0x00, 0x00, 0x00, 0x1C, 0x22, 0x02, 0x02, 0x1E, 0x22, 0x42, 0x44, 0x44,
    0x38, 0x00, 0x00, 0xFF, 0xFF, 0xFF, 0x00, 0x30, 0x03, 0x00, 0x30, 0x03, 0x00, 0x30, 0x03, 0x7F,
    0xF7, 0xFF, 0x00, 0x30, 0x03, 0x00, 0x30, 0x03, 0x00, 0x30, 0x03, 0x00, 0x3F, 0xFF, 0xFF, 0xF0,
    0xFF, 0xFF, 0xFF, 0x01, 0xB0, 0x1B, 0x01, 0x30, 0x33, 0x03, 0x30, 0x23, 0x7F, 0xF7, 0xFF, 0x06,
    0x30, 0x43, 0x0C, 0x30, 0xC3, 0x08, 0x31, 0x83, 0x18, 0x3F, 0xFF, 0xFF, 0xF0, 0x00, 0x00, 0x00,
    0x00, 0x00, 0x00, 0x00, 0x1D, 0x22, 0x45, 0x49, 0x51, 0x22, 0x5C, 0x00, 0x00, 0x00, 0x00, 0x00,
    0x00, 0x08, 0x08, 0x14, 0x14, 0x14, 0x22, 0x22, 0x22, 0x41, 0x7F, 0x00, 0x00, 0x00, 0x00, 0x00,
    0x00, 0x7F, 0x41, 0x22, 0x22, 0x22, 0x14, 0x14, 0x14, 0x08, 0x08, 0x00, 0x00, 0x00, 0x00, 0x00,
    0x00, 0x00, 0x00, 0x00, 0x3E, 0x40, 0x40, 0x7E, 0x40, 0x40, 0x3E, 0x00, 0x00, 0x00, 0x00, 0x00,
    0x00, 0x00, 0x04, 0x04, 0x3E, 0x48, 0x48, 0x7E, 0x50, 0x50, 0x3E, 0x20, 0x20, 0x00, 0x00, 0x00,
    0x00, 0x00, 0x00, 0x00, 0x00, 0x00, 0x3E, 0x40, 0x7E, 0x40, 0x3E, 0x00, 0x00, 0x00, 0x00, 0x00,
    0x00, 0x00, 0x00, 0x00, 0x7C, 0x02, 0x02, 0x7E, 0x02, 0x02, 0x7C, 0x00, 0x00, 0x00, 0x00, 0x00,
    0x00, 0x00, 0x04, 0x04, 0x7C, 0x0A, 0x0A, 0x7E, 0x12, 0x12, 0x7C, 0x20, 0x20, 0x00, 0x00, 0x00,
    0x00, 0x00, 0x00, 0x00, 0x00, 0x00, 0x7C, 0x02, 0x7E, 0x02, 0x7C, 0x00, 0x00, 0x00, 0x00, 0x00,
    0x00, 0x7E, 0x7E, 0x7E, 0x7E, 0x7E, 0x7E, 0x7E, 0x7E, 0x7E, 0x7E, 0x00, 0x00, 0x00, 0x00, 0x00,
    0x00, 0x7F, 0x22, 0x22, 0x22, 0x22, 0x22, 0x22, 0x22, 0x22, 0x22, 0x77, 0x00, 0x00, 0x00, 0x00,
    0x00, 0x77, 0x22, 0x22, 0x22, 0x22, 0x22, 0x22, 0x22, 0x22, 0x22, 0x7F, 0x00, 0x00, 0x00, 0x00,
    0x00, 0x7E, 0x42, 0x20, 0x10, 0x08, 0x04, 0x08, 0x10, 0x20, 0x42, 0x7E, 0x00, 0xFF, 0xFF, 0xFC,
    0x00, 0x00, 0x00, 0x00, 0x7F, 0x00, 0x08, 0x08, 0x08, 0x7F, 0x08, 0x08, 0x08, 0x00, 0x00, 0x00,
    0x00, 0x00, 0x08, 0x1C, 0x08, 0x00, 0x08, 0x08, 0x08, 0x7F, 0x08, 0x08, 0x08, 0x00, 0x00, 0x00,
    0x00, 0xC0, 0x30, 0x18, 0x06, 0x03, 0x00, 0xC0, 0x60, 0x18, 0x0C, 0x03, 0x01, 0x80, 0x60, 0x30,
    0x0C, 0x06, 0x01, 0x80, 0xC0, 0x30, 0x00, 0x00, 0x00, 0x00, 0x00, 0x40, 0x20, 0x20, 0x10, 0x10,
    0x08, 0x08, 0x04, 0x04, 0x02, 0x00, 0x00, 0x00, 0x00, 0x00, 0x00, 0x00, 0x00, 0x08, 0x2A, 0x1C,
    0x08, 0x1C, 0x2A, 0x08, 0x00, 0x00, 0x00, 0x00, 0x00, 0x00, 0x00, 0x00, 0x00, 0x00, 0x00, 0x18,
    0x24, 0x24, 0x18, 0x00, 0x00, 0x00, 0x00, 0xFC, 0x00, 0x00, 0x07, 0x04, 0x04, 0x04, 0x04, 0x04,
    0x74, 0x14, 0x14, 0x0C, 0x0C, 0x04, 0x04, 0x00, 0x00, 0x00, 0x67, 0x14, 0x64, 0x14, 0x64, 0x04,
    0x74, 0x14, 0x14, 0x0C, 0x0C, 0x04, 0x04, 0x00, 0x00, 0x00, 0x57, 0x54, 0x74, 0x14, 0x14, 0x04,
    0x74, 0x14, 0x14, 0x0C, 0x0C, 0x04, 0x04, 0x00, 0x00, 0x00, 0x00, 0x00, 0x00, 0x00, 0x00, 0x36,
    0x48, 0x48, 0x36, 0x00, 0x00, 0x00, 0x00, 0x00, 0x00, 0x00, 0x00, 0x00, 0x00, 0x00, 0x00, 0x36,
    0x49, 0x49, 0x36, 0x00, 0x00, 0x00, 0x00, 0x00, 0x00, 0x00, 0x00, 0x00, 0x00, 0x00, 0x00, 0x40,
    0x40, 0x40, 0x40, 0x40, 0x40, 0x7E, 0x00, 0x00, 0x00, 0x00, 0x00, 0x00, 0x00, 0x00, 0x00, 0x00,
    0x02, 0x04, 0x08, 0x10, 0x20, 0x7E, 0x00, 0x00, 0x00, 0x00, 0x00, 0x00, 0x00, 0x00, 0x00, 0x00,
    0x02, 0x14, 0x08, 0x14, 0x24, 0x7E, 0x04, 0x00, 0x00, 0x00, 0x00, 0x00, 0x00, 0x00, 0x00, 0x0A,
    0x0C, 0x14, 0x64, 0x14, 0x0C, 0x0A, 0x00, 0x00, 0x00, 0x00, 0x00, 0x00, 0x18, 0x18, 0x18, 0x18,
    0x18, 0x18, 0x18, 0x18, 0x18, 0x18, 0x00, 0x00, 0x00, 0x00, 0x00, 0x00, 0x18, 0x18, 0x1A, 0x1C,
    0x18, 0x18, 0x38, 0x58, 0x18, 0x18, 0x00, 0x00, 0x00, 0x00, 0x00, 0x00, 0x24, 0x24, 0x24, 0x24,
    0x24, 0x24, 0x24, 0x24, 0x24, 0x24, 0x00, 0x00, 0x00, 0x00, 0x00, 0x00, 0x24, 0x24, 0x26, 0x24,
    0x2C, 0x34, 0x24, 0x64, 0x24, 0x24, 0x00, 0x00, 0x00, 0x00, 0x00, 0x00, 0x00, 0x00, 0x08, 0x08,
    0x14, 0x14, 0x22, 0x22, 0x41, 0x41, 0x00, 0x00, 0x00, 0x00, 0x00, 0x00, 0x00, 0x00, 0x41, 0x41,
    0x22, 0x22, 0x14, 0x14, 0x08, 0x08, 0x00, 0x00, 0x00, 0x00, 0x00, 0x00, 0x00, 0x00, 0x3C, 0x42,
    0x42, 0x42, 0x42, 0x42, 0x42, 0x42, 0x00, 0x00, 0x00, 0x00, 0x00, 0x00, 0x00, 0x00, 0x42, 0x42,
    0x42, 0x42, 0x42, 0x42, 0x42, 0x3C, 0x00, 0x00, 0x00, 0x06, 0x0A, 0x08, 0x08, 0x08, 0x08, 0x08,
    0x08, 0x08, 0x08, 0x08, 0x08, 0x28, 0x30, 0x00, 0x00, 0x0A, 0x15, 0x14, 0x14, 0x14, 0x14, 0x14,
    0x14, 0x14, 0x14, 0x14, 0x14, 0x54, 0x68, 0x00, 0x00, 0x15, 0x2A, 0x2A, 0x2A, 0x2A, 0x2A, 0x2A,
    0x2A, 0x2A, 0x2A, 0x2A, 0x2A, 0xAA, 0xD4, 0x00, 0x00, 0x06, 0x0A, 0x08, 0x08, 0x08, 0x1C, 0x2A,
    0x2A, 0x1C, 0x08, 0x08, 0x08, 0x28, 0x30, 0x00, 0x00, 0x0A, 0x15, 0x14, 0x14, 0x14, 0x3E, 0x55,
    0x55, 0x3E, 0x14, 0x14, 0x14, 0x54, 0x68, 0x00, 0x00, 0x15, 0x2A, 0x2A, 0x2A, 0x7E, 0xAB, 0xAB,
    0xAB, 0x7E, 0x2A, 0x2A, 0x2A, 0xAA, 0xD4, 0x00, 0x00, 0x06, 0x0A, 0x08, 0x08, 0x08, 0x1D, 0x2B,
    0x2F, 0x08, 0x08, 0x08, 0x08, 0x28, 0x30, 0x00, 0x00, 0x06, 0x0A, 0x08, 0x08, 0x08, 0x1D, 0x2B,
    0x2F, 0x2A, 0x1C, 0x08, 0x08, 0x28, 0x30, 0x00, 0x00, 0x06, 0x0A, 0x08, 0x08, 0x08, 0x5C, 0x6A,
    0x7A, 0x2A, 0x1C, 0x08, 0x08, 0x28, 0x30, 0x00, 0x00, 0x00, 0x00, 0x00, 0x00, 0x00, 0x18, 0x18,
    0x00, 0x00, 0x00, 0x66, 0x66, 0x00, 0x00, 0x00, 0x00, 0x00, 0x00, 0x00, 0x00, 0x00, 0x66, 0x66,
    0x00, 0x00, 0x00, 0x18, 0x18, 0x00, 0x00, 0x00, 0xFC, 0x00, 0x03, 0xF0, 0x00, 0x00, 0x00, 0x00,
    0x00, 0x00, 0x66, 0x66, 0x00, 0x00, 0x00, 0x66, 0x66, 0x00, 0x00, 0x00, 0x00, 0x00, 0x00, 0x00,
    0x00, 0x00, 0x18, 0x18, 0x00, 0x7E, 0x00, 0x00, 0x00, 0x00, 0x00, 0x00, 0x00, 0x00, 0x00, 0x00,
    0x00, 0x00, 0x06, 0x06, 0x00, 0x78, 0x00, 0x06, 0x06, 0x00, 0x00, 0x00, 0x00, 0x00, 0x00, 0x00,
    0x00, 0x00, 0x66, 0x66, 0x00, 0x7E, 0x00, 0x66, 0x66, 0x00, 0x00, 0x00, 0x00, 0x00, 0x00, 0x00,
    0x00, 0x18, 0x18, 0x00, 0x32, 0x4C, 0x00, 0x18, 0x18, 0x00, 0x00, 0x00, 0x00, 0x00, 0x00, 0x00,
    0x00, 0x00, 0x00, 0x00, 0x32, 0x4C, 0x00, 0x00, 0x00, 0x00, 0x00, 0x00, 0x00, 0x00, 0x00, 0x00,
    0x00, 0x00, 0x00, 0x00, 0x4C, 0x32, 0x00, 0x00, 0x00, 0x00, 0x00, 0x00, 0x00, 0x00, 0x00, 0x00,
    0x00, 0x00, 0x00, 0x00, 0x32, 0x49, 0x26, 0x00, 0x00, 0x00, 0x00, 0x00, 0x00, 0x00, 0x00, 0x00,
    0x00, 0x00, 0x00, 0x30, 0x48, 0x49, 0x09, 0x06, 0x00, 0x00, 0x00, 0x00, 0x00, 0x00, 0x00, 0x00,
    0x00, 0x10, 0x08, 0x08, 0x08, 0x10, 0x10, 0x10, 0x08, 0x00, 0x00, 0x00, 0x00, 0x00, 0x00, 0x00,
    0x00, 0x00, 0x04, 0x04, 0x08, 0x3A, 0x54, 0x10, 0x20, 0x20, 0x00, 0x00, 0x00, 0x00, 0x00, 0x00,
    0x00, 0x00, 0x00, 0x00, 0x7E, 0x00, 0x00, 0x32, 0x4C, 0x00, 0x00, 0x00, 0x00, 0x00, 0x00, 0x00,
    0x00, 0x00, 0x00, 0x32, 0x4C, 0x00, 0x00, 0x7E, 0x00, 0x00, 0x00, 0x00, 0x00, 0x00, 0x00, 0x04,
    0x04, 0x08, 0x08, 0x3A, 0x54, 0x10, 0x10, 0x7E, 0x20, 0x20, 0x40, 0x40, 0x00, 0x00, 0x00, 0x00,
    0x32, 0x4C, 0x00, 0x00, 0x7E, 0x00, 0x00, 0x7E, 0x00, 0x00, 0x00, 0x00, 0x00, 0x00, 0x00, 0x00,
    0x32, 0x4C, 0x02, 0x04, 0x7E, 0x08, 0x10, 0x7E, 0x20, 0x40, 0x00, 0x00, 0x00, 0x00, 0x04, 0x04,
    0x3A, 0x4C, 0x08, 0x10, 0x7E, 0x10, 0x20, 0x7E, 0x20, 0x40, 0x40, 0x00, 0x00, 0x00, 0x00, 0x00,
    0x00, 0x00, 0x00, 0x32, 0x4C, 0x00, 0x32, 0x4C, 0x00, 0x00, 0x00, 0x00, 0x00, 0x00, 0x00, 0x00,
    0x00, 0x04, 0x04, 0x3A, 0x4C, 0x10, 0x3A, 0x54, 0x20, 0x20, 0x00, 0x00, 0x00, 0x00, 0x00, 0x00,
    0x00, 0x32, 0x4C, 0x00, 0x32, 0x4C, 0x00, 0x7E, 0x00, 0x00, 0x00, 0x00, 0x00, 0x00, 0x00, 0x00,
    0x00, 0x32, 0x4C, 0x00, 0x32, 0x4C, 0x00, 0x32, 0x4C, 0x00, 0x00, 0x00, 0x00, 0x00, 0x00, 0x00,
    0x4C, 0x32, 0x00, 0x00, 0x7E, 0x00, 0x00, 0x7E, 0x00, 0x00, 0x00, 0x00, 0x00, 0x00, 0x00, 0x00,
    0x00, 0x00, 0x42, 0x3C, 0x00, 0x00, 0x3C, 0x42, 0x00, 0x00, 0x00, 0x00, 0x00, 0x00, 0x00, 0x00,
    0x00, 0x00, 0x18, 0x66, 0x00, 0x00, 0x66, 0x18, 0x00, 0x00, 0x00, 0x00, 0x00, 0x00, 0x00, 0x00,
    0x00, 0x00, 0x00, 0x18, 0x66, 0x00, 0x00, 0x7E, 0x00, 0x00, 0x00, 0x00, 0x00, 0x00, 0x00, 0x00,
    0x18, 0x18, 0x00, 0x00, 0x7E, 0x00, 0x00, 0x7E, 0x00, 0x00, 0x00, 0x00, 0x00, 0x00, 0x00, 0x18,
    0x18, 0x00, 0x7E, 0x00, 0x00, 0x7E, 0x00, 0x18, 0x18, 0x00, 0x00, 0x00, 0x00, 0x00, 0x00, 0x60,
    0x60, 0x00, 0x7E, 0x00, 0x00, 0x7E, 0x00, 0x06, 0x06, 0x00, 0x00, 0x00, 0x00, 0x00, 0x00, 0x06,
    0x06, 0x00, 0x7E, 0x00, 0x00, 0x7E, 0x00, 0x60, 0x60, 0x00, 0x00, 0x00, 0x00, 0x00, 0x00, 0x00,
    0x00, 0x00, 0x00, 0x5E, 0x00, 0x00, 0x5E, 0x00, 0x00, 0x00, 0x00, 0x00, 0x00, 0x00, 0x00, 0x00,
    0x00, 0x00, 0x00, 0x7A, 0x00, 0x00, 0x7A, 0x00, 0x00, 0x00, 0x00, 0x00, 0x00, 0x00, 0x00, 0x00,
    0x00, 0x00, 0x00, 0x7E, 0x24, 0x24, 0x7E, 0x00, 0x00, 0x00, 0x00, 0x00, 0x00, 0x00, 0x00, 0x18,
    0x24, 0x24, 0x18, 0x00, 0x7E, 0x00, 0x00, 0x7E, 0x00, 0x00, 0x00, 0x00, 0x00, 0x00, 0x00, 0x00,
    0x3C, 0x42, 0x00, 0x00, 0x7E, 0x00, 0x00, 0x7E, 0x00, 0x00, 0x00, 0x00, 0x0C, 0x07, 0x83, 0x31,
    0x86, 0x00, 0x3F, 0xFF, 0xFC, 0x00, 0xFF, 0xFF, 0xF0, 0x61, 0x8C, 0xC1, 0xE0, 0x30, 0x00, 0x3F,
    0xFF, 0xFC, 0x00, 0xFF, 0xFF, 0xF0, 0x00, 0x00, 0x08, 0x3E, 0x1C, 0x14, 0x00, 0x00, 0x7E, 0x00,
    0x00, 0x7E, 0x00, 0x00, 0x00, 0x00, 0x00, 0x00, 0x08, 0x14, 0x22, 0x3E, 0x00, 0x00, 0x7E, 0x00,
    0x00, 0x7E, 0x00, 0x00, 0x00, 0x00, 0x00, 0x00, 0x12, 0x14, 0x76, 0x54, 0x74, 0x00, 0x00, 0x7E,
    0x00, 0x00, 0x7E, 0x00, 0x00, 0x00, 0x00, 0x00, 0x00, 0x68, 0x54, 0x54, 0x54, 0x00, 0x7E, 0x00,
    0x00, 0x7E, 0x00, 0x00, 0x00, 0x00, 0x00, 0x30, 0x48, 0x08, 0x10, 0x10, 0x00, 0x10, 0x00, 0x7E,
    0x00, 0x00, 0x7E, 0x00, 0x00, 0x00, 0x01, 0x80, 0x40, 0x30, 0x0C, 0x02, 0x01, 0x80, 0x63, 0xFF,
    0xFF, 0xC3, 0x0F, 0xFF, 0xFF, 0x18, 0x06, 0x01, 0x00, 0xC0, 0x30, 0x08, 0x02, 0x00, 0xFF, 0xFF,
    0xF0, 0x03, 0xFF, 0xFF, 0xC0, 0x0F, 0xFF, 0xFF, 0x01, 0x80, 0x40, 0x30, 0x0C, 0x02, 0x01, 0x8F,
    0xFF, 0xFF, 0x04, 0x3F, 0xFF, 0xFC, 0x20, 0xFF, 0xFF, 0xF1, 0x00, 0xC0, 0x30, 0x08, 0x02, 0x00,
    0x00, 0x00, 0x00, 0x00, 0x00, 0x00, 0x7E, 0x00, 0x7E, 0x00, 0x7E, 0x00, 0x7E, 0x00, 0x00, 0x00,
    0x00, 0x30, 0x0F, 0x03, 0xC0, 0xF0, 0x3C, 0x0E, 0x00, 0xE0, 0x03, 0xC0, 0x0F, 0x00, 0x3C, 0x00,
    0xF0, 0x03, 0x00, 0x0F, 0xFF, 0xFF, 0xF0, 0xC0, 0x0F, 0x00, 0x3C, 0x00, 0xF0, 0x03, 0xC0, 0x07,
    0x00, 0x70, 0x3C, 0x0F, 0x03, 0xC0, 0xF0, 0x0C, 0x00, 0x00, 0x0F, 0xFF, 0xFF, 0xF0, 0x00, 0x00,
    0x00, 0x06, 0x18, 0x60, 0x18, 0x06, 0x00, 0x7E, 0x00, 0x00, 0x7E, 0x00, 0x00, 0x00, 0x00, 0x00,
    0x00, 0x60, 0x18, 0x06, 0x18, 0x60, 0x00, 0x7E, 0x00, 0x00, 0x7E, 0x00, 0x00, 0x00, 0x00, 0x00,
    0x00, 0x06, 0x18, 0x60, 0x18, 0x06, 0x04, 0x7E, 0x08, 0x10, 0x7E, 0x20, 0x40, 0x00, 0x00, 0x00,
    0x00, 0x60, 0x18, 0x06, 0x18, 0x62, 0x04, 0x7E, 0x08, 0x10, 0x7E, 0x20, 0x40, 0x00, 0x00, 0x00,
    0x00, 0x00, 0x00, 0x09, 0x12, 0x24, 0x48, 0x90, 0x48, 0x24, 0x12, 0x09, 0x00, 0x00, 0x00, 0x00,
    0x00, 0x00, 0x00, 0x90, 0x48, 0x24, 0x12, 0x09, 0x12, 0x24, 0x48, 0x90, 0x00, 0x00, 0x00, 0x00,
    0x00, 0x00, 0x24, 0x18, 0x18, 0x24, 0x24, 0x24, 0x24, 0x18, 0x18, 0x24, 0x00, 0x00, 0x00, 0x00,
    0x00, 0x02, 0x02, 0x04, 0x85, 0x7E, 0x08, 0x10, 0x7E, 0xA1, 0x20, 0x40, 0x40, 0x00, 0x00, 0xC0,
    0x08, 0x01, 0x80, 0x18, 0x01, 0x30, 0x3F, 0x03, 0xC0, 0xF0, 0x3E, 0x0E, 0x60, 0xE6, 0x03, 0xC0,
    0x0F, 0x00, 0xFC, 0x08, 0xF1, 0x83, 0x18, 0x01, 0x00, 0x10, 0x00, 0x00, 0xC0, 0x08, 0x01, 0x80,
    0x18, 0xC1, 0x0F, 0x30, 0x3F, 0x00, 0xF0, 0x03, 0xC0, 0x67, 0x06, 0x70, 0x7C, 0x0F, 0x03, 0xC0,
    0xF8, 0x0D, 0x80, 0x18, 0x01, 0x00, 0x10, 0x00, 0x00, 0xC0, 0x08, 0x01, 0xB0, 0x1F, 0x03, 0xC0,
    0xF0, 0x3F, 0x0E, 0x20, 0xE2, 0x03, 0xE0, 0x0F, 0x00, 0x7C, 0x0C, 0xF0, 0xC3, 0x08, 0x0F, 0xFF,
    0xFF, 0xF1, 0x00, 0x10, 0x00, 0x00, 0xC0, 0x08, 0xC1, 0x8F, 0x18, 0x3D, 0x00, 0xF0, 0x03, 0xC0,
    0x27, 0x02, 0x70, 0x7C, 0x0F, 0x03, 0xC0, 0xFC, 0x0C, 0xC0, 0x08, 0x0F, 0xFF, 0xFF, 0xF1, 0x00,
    0x10, 0x00, 0x00, 0x00, 0x00, 0x00, 0x00, 0x00, 0x06, 0x18, 0x60, 0x18, 0x06, 0x00, 0x32, 0x4C,
    0x00, 0x00, 0x00, 0x00, 0x00, 0x00, 0x00, 0x00, 0x60, 0x18, 0x06, 0x18, 0x60, 0x00, 0x32, 0x4C,
    0x00, 0x00, 0x00, 0x00, 0x00, 0x00, 0x04, 0x04, 0x0E, 0x18, 0x68, 0x18, 0x1E, 0x10, 0x3A, 0x64,
    0x20, 0x20, 0x00, 0x00, 0x00, 0x00, 0x08, 0x08, 0x78, 0x18, 0x16, 0x18, 0x70, 0x10, 0x32, 0x6C,
    0x20, 0x20, 0x00, 0x00, 0x00, 0x00, 0x06, 0x18, 0x60, 0x18, 0x06, 0x60, 0x18, 0x06, 0x18, 0x60,
    0x00, 0x00, 0x00, 0x00, 0x00, 0x00, 0x60, 0x18, 0x06, 0x18, 0x60, 0x06, 0x18, 0x60, 0x18, 0x06,
    0x00, 0x00, 0x00, 0x00, 0x02, 0x02, 0x0E, 0x14, 0x68, 0x18, 0x1E, 0x70, 0x28, 0x2E, 0x50, 0x60,
    0x80, 0x80, 0x00, 0x00, 0x04, 0x04, 0x68, 0x18, 0x16, 0x18, 0x70, 0x16, 0x38, 0x60, 0x38, 0x26,
    0x40, 0x40, 0x00, 0x00, 0x00, 0x00, 0x00, 0x02, 0x02, 0x04, 0x18, 0x60, 0x18, 0x04, 0x02, 0x02,
    0x00, 0x00, 0x00, 0x00, 0x00, 0x00, 0x00, 0x40, 0x40, 0x20, 0x18, 0x06, 0x18, 0x20, 0x40, 0x40,
    0x00, 0x00, 0x00, 0x00, 0x00, 0x00, 0x00, 0x02, 0x02, 0x04, 0x18, 0x60, 0x18, 0x64, 0x1A, 0x04,
    0x02, 0x00, 0x00, 0x00, 0x00, 0x00, 0x00, 0x40, 0x40, 0x20, 0x18, 0x06, 0x18, 0x26, 0x58, 0x20,
    0x40, 0x00, 0x00, 0x00, 0x00, 0x00, 0x00, 0x02, 0x02, 0x04, 0x18, 0x60, 0x18, 0x04, 0x66, 0x9A,
    0x00, 0x00, 0x00, 0x00, 0x00, 0x00, 0x00, 0x40, 0x40, 0x20, 0x18, 0x06, 0x18, 0x20, 0x59, 0x66,
    0x00, 0x00, 0x00, 0x00, 0x00, 0x00, 0x04, 0x06, 0x0A, 0x0C, 0x08, 0x70, 0x18, 0x14, 0x22, 0x22,
    0x00, 0x00, 0x00, 0x00, 0x00, 0x00, 0x04, 0x44, 0x48, 0x28, 0x18, 0x0E, 0x18, 0x30, 0x50, 0x60,
    0x20, 0x00, 0x00, 0x00, 0x00, 0x00, 0x00, 0x00, 0x3E, 0x40, 0x40, 0x40, 0x40, 0x3E, 0x00, 0x00,
    0x00, 0x00, 0x00, 0x00, 0x00, 0x00, 0x00, 0x00, 0x7C, 0x02, 0x02, 0x02, 0x02, 0x7C, 0x00, 0x00,
    0x00, 0x00, 0x00, 0x00, 0x00, 0x00, 0x04, 0x04, 0x3E, 0x48, 0x50, 0x50, 0x60, 0x3E, 0x40, 0x40,
    0x00, 0x00, 0x00, 0x00, 0x00, 0x00, 0x02, 0x02, 0x7C, 0x0A, 0x0A, 0x12, 0x12, 0x7C, 0x20, 0x20,
    0x00, 0x00, 0x00, 0x00, 0x00, 0x00, 0x00, 0x00, 0x3E, 0x40, 0x40, 0x40, 0x40, 0x3E, 0x00, 0x7E,
    0x00, 0x00, 0x00, 0x00, 0x00, 0x00, 0x00, 0x00, 0x7C, 0x02, 0x02, 0x02, 0x02, 0x7C, 0x00, 0x7E,
    0x00, 0x00, 0x00, 0x00, 0x00, 0x00, 0x04, 0x04, 0x3E, 0x48, 0x48, 0x50, 0x50, 0x3E, 0x20, 0x7E,
    0x40, 0x00, 0x00, 0x00, 0x00, 0x00, 0x02, 0x02, 0x7C, 0x0A, 0x0A, 0x12, 0x12, 0x7C, 0x20, 0x7E,
    0x40, 0x00, 0x00, 0x00, 0x00, 0x00, 0x00, 0x00, 0x3E, 0x40, 0x40, 0x40, 0x40, 0x3E, 0x04, 0x7E,
    0x10, 0x00, 0x00, 0x00, 0x00, 0x00, 0x00, 0x00, 0x7C, 0x02, 0x02, 0x02, 0x02, 0x7C, 0x08, 0x7E,
    0x20, 0x00, 0x00, 0x00, 0x00, 0x00, 0x42, 0x42, 0x42, 0x4A, 0x52, 0x7E, 0x52, 0x4A, 0x42, 0x3C,
    0x00, 0x00, 0x00, 0x00, 0x00, 0x00, 0x42, 0x42, 0x42, 0x42, 0x42, 0x5A, 0x5A, 0x42, 0x42, 0x3C,
    0x00, 0x00, 0x00, 0x00, 0x00, 0x00, 0x42, 0x42, 0x42, 0x52, 0x52, 0x7A, 0x52, 0x52, 0x42, 0x3C,
    0x00, 0x00, 0x00, 0x00, 0x00, 0x00, 0x00, 0x00, 0x7E, 0x40, 0x40, 0x40, 0x40, 0x7E, 0x00, 0x00,
    0x00, 0x00, 0x00, 0x00, 0x00, 0x00, 0x00, 0x00, 0x7E, 0x02, 0x02, 0x02, 0x02, 0x7E, 0x00, 0x00,
    0x00, 0x00, 0x00, 0x00, 0x00, 0x00, 0x00, 0x00, 0x7E, 0x40, 0x40, 0x40, 0x40, 0x7E, 0x00, 0x7E,
    0x00, 0x00, 0x00, 0x00, 0x00, 0x00, 0x00, 0x00, 0x7E, 0x02, 0x02, 0x02, 0x02, 0x7E, 0x00, 0x7E,
    0x00, 0x00, 0x00, 0x00, 0x00, 0x00, 0x00, 0x00, 0x7E, 0x42, 0x42, 0x42, 0x42, 0x42, 0x00, 0x00,
    0x00, 0x00, 0x00, 0x00, 0x00, 0x00, 0x00, 0x00, 0x42, 0x42, 0x42, 0x42, 0x42, 0x7E, 0x00, 0x00,
    0x00, 0x00, 0x00, 0x00, 0x00, 0x00, 0x00, 0x00, 0x1C, 0x2A, 0x49, 0x7F, 0x49, 0x2A, 0x1C, 0x00,
    0x00, 0x00, 0x00, 0x00, 0x00, 0x00, 0x00, 0x00, 0x1C, 0x22, 0x41, 0x7F, 0x41, 0x22, 0x1C, 0x00,
    0x00, 0x00, 0x00, 0x00, 0x00, 0x00, 0x00, 0x00, 0x1C, 0x22, 0x55, 0x49, 0x55, 0x22, 0x1C, 0x00,
    0x00, 0x00, 0x00, 0x00, 0x00, 0x00, 0x00, 0x00, 0x1C, 0x22, 0x45, 0x49, 0x51, 0x22, 0x1C, 0x00,
    0x00, 0x00, 0x00, 0x00, 0x00, 0x00, 0x00, 0x00, 0x1C, 0x22, 0x41, 0x49, 0x41, 0x22, 0x1C, 0x00,
    0x00, 0x00, 0x00, 0x00, 0x00, 0x00, 0x00, 0x00, 0x1C, 0x22, 0x49, 0x55, 0x49, 0x22, 0x1C, 0x00,
    0x00, 0x00, 0x00, 0x00, 0x00, 0x00, 0x00, 0x00, 0x1C, 0x22, 0x49, 0x5D, 0x49, 0x22, 0x1C, 0x00,
    0x00, 0x00, 0x00, 0x00, 0x00, 0x00, 0x00, 0x00, 0x1C, 0x22, 0x5D, 0x41, 0x5D, 0x22, 0x1C, 0x00,
    0x00, 0x00, 0x00, 0x00, 0x00, 0x00, 0x00, 0x00, 0x1C, 0x22, 0x41, 0x5D, 0x41, 0x22, 0x1C, 0x00,
    0x00, 0x00, 0x00, 0x00, 0x00, 0x00, 0x00, 0x00, 0x7F, 0x49, 0x49, 0x7F, 0x49, 0x49, 0x7F, 0x00,
    0x00, 0x00, 0x00, 0x00, 0x00, 0x00, 0x00, 0x00, 0x7F, 0x41, 0x41, 0x7F, 0x41, 0x41, 0x7F, 0x00,
    0x00, 0x00, 0x00, 0x00, 0x00, 0x00, 0x00, 0x00, 0x7F, 0x63, 0x55, 0x49, 0x55, 0x63, 0x7F, 0x00,
    0x00, 0x00, 0x00, 0x00, 0x00, 0x00, 0x00, 0x00, 0x7F, 0x41, 0x41, 0x49, 0x41, 0x41, 0x7F, 0x00,
    0x00, 0x00, 0x00, 0x00, 0x00, 0x00, 0x00, 0x00, 0x40, 0x40, 0x40, 0x7E, 0x40, 0x40, 0x40, 0x00,
    0x00, 0x00, 0x00, 0x00, 0x00, 0x00, 0x00, 0x00, 0x02, 0x02, 0x02, 0x7E, 0x02, 0x02, 0x02, 0x00,
    0x00, 0x00, 0x00, 0x00, 0x00, 0x00, 0x00, 0x00, 0x7F, 0x08, 0x08, 0x08, 0x08, 0x08, 0x08, 0x00,
    0x00, 0x00, 0x00, 0x00, 0x00, 0x00, 0x00, 0x00, 0x08, 0x08, 0x08, 0x08, 0x08, 0x08, 0x7F, 0x00,
    0x00, 0x00, 0x00, 0x00, 0x00, 0x00, 0x00, 0x20, 0x20, 0x20, 0x20, 0x3C, 0x20, 0x20, 0x20, 0x20,
    0x00, 0x00, 0x00, 0x00, 0x00, 0x00, 0x00, 0x20, 0x20, 0x20, 0x3C, 0x20, 0x3C, 0x20, 0x20, 0x20,
    0x00, 0x00, 0x00, 0x00, 0x00, 0x00, 0x00, 0x40, 0x40, 0x40, 0x7E, 0x40, 0x7E, 0x40, 0x40, 0x40,
    0x00, 0x00, 0x00, 0x00, 0x00, 0x00, 0x00, 0x50, 0x50, 0x50, 0x50, 0x5E, 0x50, 0x50, 0x50, 0x50,
    0x00, 0x00, 0x00, 0x00, 0x00, 0x00, 0x00, 0x54, 0x54, 0x54, 0x54, 0x57, 0x54, 0x54, 0x54, 0x54,
    0x00, 0x00, 0x00, 0x00, 0x00, 0x00, 0x00, 0x50, 0x50, 0x50, 0x5E, 0x50, 0x5E, 0x50, 0x50, 0x50,
    0x00, 0x00, 0x00, 0x00, 0x00, 0x00, 0x00, 0x40, 0x40, 0x48, 0x48, 0x7E, 0x48, 0x48, 0x40, 0x40,
    0x00, 0x00, 0x00, 0x00, 0x00, 0x00, 0x00, 0x40, 0x48, 0x48, 0x7E, 0x48, 0x7E, 0x48, 0x48, 0x40,
    0x00, 0x00, 0x00, 0x00, 0x00, 0x00, 0x00, 0x50, 0x50, 0x54, 0x54, 0x5E, 0x54, 0x54, 0x50, 0x50,
    0x00, 0x00, 0x00, 0x00, 0x00, 0x00, 0x00, 0x50, 0x54, 0x54, 0x5E, 0x54, 0x5E, 0x54, 0x54, 0x50,
    0x00, 0x00, 0x00, 0x00, 0x00, 0x00, 0x00, 0x0C, 0x02, 0x04, 0x18, 0x60, 0x18, 0x04, 0x02, 0x0C,
    0x00, 0x00, 0x00, 0x00, 0x00, 0x00, 0x00, 0x30, 0x40, 0x20, 0x18, 0x06, 0x18, 0x20, 0x40, 0x30,
    0x00, 0x00, 0x00, 0x00, 0x00, 0x00, 0x00, 0x00, 0x00, 0x06, 0x1A, 0x62, 0x1A, 0x06, 0x00, 0x00,
    0x00, 0x00, 0x00, 0x00, 0x00, 0x00, 0x00, 0x00, 0x00, 0x60, 0x58, 0x46, 0x58, 0x60, 0x00, 0x00,
    0x00, 0x00, 0x00, 0x00, 0x00, 0x00, 0x00, 0x00, 0x00, 0x06, 0x1A, 0x62, 0x1A, 0x06, 0x00, 0x7E,
    0x00, 0x00, 0x00, 0x00, 0x00, 0x00, 0x00, 0x00, 0x00, 0x60, 0x58, 0x46, 0x58, 0x60, 0x00, 0x7E,
    0x00, 0x00, 0x00, 0x00, 0x00, 0x00, 0x00, 0x00, 0x00, 0x00, 0x00, 0x00, 0x00, 0x00, 0x00, 0x00,
    0x30, 0x0C, 0x48, 0x1E, 0x4F, 0xFE, 0x48, 0x1E, 0x30, 0x0C, 0x00, 0x00, 0x00, 0x00, 0x00, 0x00,
    0x00, 0x00, 0x00, 0x00, 0x00, 0x00, 0x00, 0x00, 0x00, 0x00, 0x00, 0x00, 0x00, 0x00, 0x00, 0x00,
    0x30, 0x0C, 0x78, 0x12, 0x7F, 0xF2, 0x78, 0x12, 0x30, 0x0C, 0x00, 0x00, 0x00, 0x00, 0x00, 0x00,
    0x00, 0x00, 0x00, 0x00, 0x00, 0x00, 0x00, 0x00, 0x00, 0x00, 0x00, 0x00, 0x00, 0x00, 0x00, 0x00,
    0x00, 0x38, 0x00, 0x44, 0x3F, 0xC4, 0x00, 0x44, 0x00, 0x38, 0x00, 0x00, 0x00, 0x00, 0x00, 0x00,
    0x00, 0x00, 0x00, 0x00, 0x00, 0x00, 0x00, 0x00, 0x08, 0x08, 0x00, 0x63, 0x00, 0x08, 0x08, 0x00,
    0x00, 0x00, 0x00, 0x00, 0x00, 0x00, 0x3E, 0x08, 0x08, 0x08, 0x08, 0x08, 0x08, 0x08, 0x08, 0x08,
    0x00, 0x00, 0x00, 0x00, 0x00, 0x00, 0x00, 0x00, 0x00, 0x22, 0x22, 0x14, 0x14, 0x08, 0x00, 0x3E,
    0x00, 0x00, 0x00, 0x00, 0x00, 0x00, 0x00, 0x00, 0x3E, 0x00, 0x08, 0x14, 0x14, 0x22, 0x22, 0x00,
    0x00, 0x00, 0x00, 0x00, 0x00, 0x00, 0x00, 0x00, 0x3E, 0x00, 0x22, 0x22, 0x14, 0x14, 0x08, 0x00,
    0x00, 0x00, 0x00, 0x00, 0x00, 0x00, 0x00, 0x00, 0x00, 0x40, 0x40, 0x40, 0x78, 0x48, 0x48, 0x7E,
    0x00, 0x00, 0x00, 0x00, 0x00, 0x00, 0x00, 0x00, 0x00, 0x00, 0x02, 0x06, 0x0A, 0x12, 0x22, 0x7E,
    0x00, 0x00, 0x00, 0x00, 0x00, 0x00, 0x08, 0x14, 0x14, 0x14, 0x22, 0x22, 0x22, 0x41, 0x41, 0x41,
    0x00, 0x00, 0x00, 0x00, 0x00, 0x00, 0x41, 0x41, 0x41, 0x22, 0x22, 0x22, 0x14, 0x14, 0x14, 0x08,
    0x00, 0x00, 0x00, 0x00, 0x00, 0x00, 0x3C, 0x42, 0x42, 0x42, 0x42, 0x42, 0x42, 0x42, 0x42, 0x42,
    0x00, 0x00, 0x00, 0x00, 0x00, 0x00, 0x42, 0x42, 0x42, 0x42, 0x42, 0x42, 0x42, 0x42, 0x42, 0x3C,
    0x00, 0x00, 0x00, 0x00, 0x00, 0x00, 0x00, 0x00, 0x00, 0x08, 0x14, 0x22, 0x14, 0x08, 0x00, 0x00,
    0x00, 0x00, 0x00, 0x00, 0x00, 0x00, 0x00, 0x00, 0x00, 0x00, 0x18, 0x18, 0x00, 0x00, 0x00, 0x00,
    0x00, 0x00, 0x00, 0x00, 0x00, 0x00, 0x00, 0x00, 0x00, 0x08, 0x3E, 0x1C, 0x14, 0x00, 0x00, 0x00,
    0x00, 0x00, 0x00, 0x00, 0x00, 0x00, 0x00, 0x00, 0x18, 0x42, 0x24, 0x7E, 0x24, 0x42, 0x18, 0x00,
    0x00, 0x00, 0x00, 0x00, 0x00, 0x00, 0x00, 0x00, 0x41, 0x63, 0x55, 0x49, 0x55, 0x63, 0x41, 0x00,
    0x00, 0x00, 0x00, 0x00, 0x00, 0x00, 0x00, 0x00, 0x41, 0x62, 0x54, 0x48, 0x54, 0x62, 0x41, 0x00,
    0x00, 0x00, 0x00, 0x00, 0x00, 0x00, 0x00, 0x00, 0x41, 0x23, 0x15, 0x09, 0x15, 0x23, 0x41, 0x00,
    0x00, 0x00, 0x00, 0x00, 0x00, 0x00, 0x00, 0x00, 0x00, 0x20, 0x10, 0x08, 0x14, 0x22, 0x00, 0x00,
    0x00, 0x00, 0x00, 0x00, 0x00, 0x00, 0x00, 0x00, 0x00, 0x02, 0x04, 0x08, 0x14, 0x22, 0x00, 0x00,
    0x00, 0x00, 0x00, 0x00, 0x00, 0x00, 0x00, 0x00, 0x00, 0x00, 0x4C, 0x32, 0x00, 0x00, 0x7E, 0x00,
    0x00, 0x00, 0x00, 0x00, 0x00, 0x00, 0x00, 0x00, 0x41, 0x22, 0x22, 0x14, 0x14, 0x14, 0x08, 0x00,
    0x00, 0x00, 0x00, 0x00, 0x00, 0x00, 0x00, 0x00, 0x08, 0x14, 0x14, 0x14, 0x22, 0x22, 0x41, 0x00,
    0x00, 0x00, 0x00, 0x00, 0x00, 0x00, 0x00, 0x00, 0x3E, 0x40, 0x4E, 0x50, 0x50, 0x4E, 0x40, 0x3E,
    0x00, 0x00, 0x00, 0x00, 0x00, 0x00, 0x00, 0x00, 0x7C, 0x02, 0x72, 0x0A, 0x0A, 0x72, 0x02, 0x7C,
    0x00, 0x00, 0x00, 0x00, 0x00, 0x00, 0x00, 0x00, 0x3E, 0x41, 0x49, 0x55, 0x55, 0x55, 0x55, 0x55,
    0x00, 0x00, 0x00, 0x00, 0x00, 0x00, 0x00, 0x00, 0x55, 0x55, 0x55, 0x55, 0x55, 0x49, 0x41, 0x3E,
    0x00, 0x00, 0x00, 0x00, 0x00, 0x00, 0x08, 0x08, 0x08, 0x1C, 0x2A, 0x2A, 0x2A, 0x2A, 0x2A, 0x2A,
    0x00, 0x00, 0x00, 0x00, 0x00, 0x00, 0x24, 0x24, 0x24, 0x24, 0x7E, 0x24, 0x24, 0x7E, 0x24, 0x24,
    0x00, 0x00, 0x00, 0x00, 0x00, 0x00, 0x00, 0x02, 0x04, 0x08, 0x10, 0x22, 0x10, 0x08, 0x04, 0x02,
    0x00, 0x00, 0x00, 0x00, 0x00, 0x00, 0x00, 0x40, 0x20, 0x10, 0x08, 0x44, 0x08, 0x10, 0x20, 0x40,
    0x00, 0x00, 0x00, 0x00, 0x00, 0x00, 0x00, 0x00, 0x00, 0x00, 0x00, 0x00, 0x02, 0x22, 0x04, 0x44,
    0x08, 0x88, 0x11, 0x10, 0x22, 0x20, 0x11, 0x10, 0x08, 0x88, 0x04, 0x44, 0x02, 0x22, 0x00, 0x00,
    0x00, 0x00, 0x00, 0x00, 0x00, 0x00, 0x00, 0x00, 0x00, 0x00, 0x00, 0x00, 0x44, 0x40, 0x22, 0x20,
    0x11, 0x10, 0x08, 0x88, 0x04, 0x44, 0x08, 0x88, 0x11, 0x10, 0x22, 0x20, 0x44, 0x40, 0x00, 0x00,
    0x00, 0x00, 0x00, 0x00, 0x06, 0x18, 0x60, 0x18, 0x06, 0x00, 0x7E, 0x00, 0x60, 0x18, 0x06, 0x18,
    0x60, 0x00, 0x00, 0x00, 0x60, 0x18, 0x06, 0x18, 0x60, 0x00, 0x7E, 0x00, 0x06, 0x18, 0x60, 0x18,
    0x06, 0x00, 0x00, 0x00, 0x00, 0x00, 0x00, 0x00, 0x7E, 0x00, 0x06, 0x18, 0x60, 0x18, 0x06, 0x00,
    0x00, 0x00, 0x00, 0x00, 0x00, 0x00, 0x00, 0x00, 0x7E, 0x00, 0x60, 0x18, 0x06, 0x18, 0x60, 0x00,
    0x00, 0x00, 0x00, 0x00, 0x00, 0x00, 0x02, 0x04, 0x1A, 0x64, 0x18, 0x60, 0x18, 0x04, 0x02, 0x02,
    0x00, 0x00, 0x00, 0x00, 0x00, 0x00, 0x40, 0x20, 0x58, 0x26, 0x18, 0x06, 0x18, 0x20, 0x40, 0x40,
    0x00, 0x00, 0x00, 0x00, 0x00, 0x04, 0x14, 0x16, 0x2A, 0xCC, 0x18, 0x68, 0x18, 0x14, 0x12, 0x22,
    0x20, 0x20, 0x00, 0x00, 0x00, 0x02, 0x0A, 0x4A, 0x44, 0x2B, 0x18, 0x16, 0x18, 0x30, 0x60, 0x60,
    0x20, 0x20, 0x00, 0x00, 0x00, 0x02, 0x02, 0x04, 0x7E, 0x48, 0x48, 0x50, 0x50, 0x7E, 0x20, 0x7E,
    0x40, 0x00, 0x00, 0x00, 0x00, 0x02, 0x02, 0x04, 0x7E, 0x0A, 0x0A, 0x12, 0x12, 0x7E, 0x20, 0x7E,
    0x40, 0x00, 0x00, 0x00, 0x00, 0x00, 0x00, 0x00, 0x7E, 0x40, 0x40, 0x40, 0x40, 0x7E, 0x08, 0x7E,
    0x20, 0x00, 0x00, 0x00, 0x00, 0x00, 0x00, 0x00, 0x7E, 0x02, 0x02, 0x02, 0x02, 0x7E, 0x08, 0x7E,
    0x20, 0x00, 0x00, 0x00, 0x00, 0x00, 0x00, 0x06, 0x18, 0x60, 0x18, 0x06, 0x04, 0x3A, 0x5C, 0x20,
    0x40, 0x00, 0x00, 0x00, 0x00, 0x00, 0x00, 0x60, 0x18, 0x06, 0x18, 0x62, 0x04, 0x3A, 0x5C, 0x20,
    0x40, 0x00, 0x00, 0x00, 0x00, 0x02, 0x02, 0x04, 0x18, 0x60, 0x18, 0x04, 0x06, 0x3A, 0x5C, 0x20,
    0x40, 0x00, 0x00, 0x00, 0x40, 0x40, 0x20, 0x18, 0x06, 0x18, 0x20, 0x42, 0x44, 0x3A, 0x5C, 0x20,
    0x40, 0x00, 0x00, 0x00, 0x00, 0x00, 0x00, 0x02, 0x02, 0x0E, 0x16, 0x6A, 0x1A, 0x1E, 0x10, 0x20,
    0x20, 0x00, 0x00, 0x00, 0x00, 0x00, 0x00, 0x04, 0x04, 0x68, 0x5C, 0x56, 0x68, 0x70, 0x20, 0x40,
    0x40, 0x00, 0x00, 0x00, 0x00, 0x00, 0x00, 0x02, 0x02, 0x0E, 0x16, 0x6A, 0x1A, 0x1E, 0x10, 0x7E,
    0x20, 0x00, 0x00, 0x00, 0x00, 0x00, 0x00, 0x04, 0x04, 0x68, 0x5C, 0x56, 0x68, 0x70, 0x20, 0x7E,
    0x40, 0x00, 0x00, 0x00, 0x00, 0x00, 0x18, 0x18, 0x00, 0x00, 0x18, 0x18, 0x00, 0x00, 0x18, 0x18,
    0x00, 0x00, 0x00, 0x00, 0x00, 0x00, 0x00, 0x00, 0x00, 0x00, 0xDB, 0xDB, 0x00, 0x00, 0x00, 0x00,
    0x00, 0x00, 0x00, 0x00, 0x00, 0x00, 0x03, 0x03, 0x00, 0x00, 0x18, 0x18, 0x00, 0x00, 0xC0, 0xC0,
    0x00, 0x00, 0x00, 0x00, 0x00, 0x00, 0xC0, 0xC0, 0x00, 0x00, 0x18, 0x18, 0x00, 0x00, 0x03, 0x03,
    0x00, 0x00, 0x00, 0x00, 0x00, 0x00, 0x00, 0x00, 0x00, 0x00, 0x00, 0x00, 0x07, 0xF0, 0x08, 0x00,
    0x10, 0x00, 0x10, 0x00, 0x7F, 0xF0, 0x10, 0x00, 0x10, 0x00, 0x08, 0x00, 0x07, 0xF0, 0x00, 0x00,
    0x00, 0x00, 0x00, 0x00, 0x00, 0x00, 0x00, 0x00, 0x00, 0x00, 0x00, 0x00, 0x07, 0xF0, 0x08, 0x00,
    0x10, 0x00, 0x10, 0x10, 0x1F, 0xF0, 0x10, 0x10, 0x10, 0x00, 0x08, 0x00, 0x07, 0xF0, 0x00, 0x00,
    0x00, 0x00, 0x00, 0x00, 0x00, 0x00, 0x00, 0x00, 0x3E, 0x40, 0x42, 0x7E, 0x42, 0x40, 0x3E, 0x00,
    0x00, 0x00, 0x00, 0x00, 0x00, 0x00, 0x01, 0x80, 0x01, 0x80, 0x00, 0x00, 0x07, 0xF0, 0x08, 0x00,
    0x10, 0x00, 0x10, 0x00, 0x1F, 0xF0, 0x10, 0x00, 0x10, 0x00, 0x08, 0x00, 0x07, 0xF0, 0x00, 0x00,
    0x00, 0x00, 0x00, 0x00, 0x00, 0x00, 0x00, 0x00, 0x1F, 0xF0, 0x00, 0x00, 0x07, 0xF0, 0x08, 0x00,
    0x10, 0x00, 0x10, 0x00, 0x1F, 0xF0, 0x10, 0x00, 0x10, 0x00, 0x08, 0x00, 0x07, 0xF0, 0x00, 0x00,
    0x00, 0x00, 0x00, 0x00, 0x00, 0x00, 0x7E, 0x00, 0x3E, 0x40, 0x40, 0x7E, 0x40, 0x40, 0x3E, 0x00,
    0x00, 0x00, 0x00, 0x00, 0x00, 0x00, 0x00, 0x00, 0x3E, 0x40, 0x40, 0x7E, 0x40, 0x40, 0x3E, 0x00,
    0x7E, 0x00, 0x00, 0x00, 0x00, 0x00, 0x00, 0x00, 0x00, 0x00, 0x00, 0x00, 0x1F, 0xC0, 0x20, 0x00,
    0x40, 0x00, 0x7F, 0xC0, 0x40, 0x00, 0x7F, 0xC0, 0x40, 0x00, 0x20, 0x00, 0x1F, 0xC0, 0x00, 0x00,
    0x00, 0x00, 0x00, 0x00, 0x00, 0x00, 0x00, 0x00, 0x00, 0x00, 0x00, 0x00, 0x3F, 0x80, 0x00, 0x40,
    0x00, 0x20, 0x00, 0x20, 0x3F, 0xF8, 0x00, 0x20, 0x00, 0x20, 0x00, 0x40, 0x3F, 0x80, 0x00, 0x00,
    0x00, 0x00, 0x00, 0x00, 0x00, 0x00, 0x00, 0x00, 0x00, 0x00, 0x00, 0x00, 0x3F, 0x80, 0x00, 0x40,
    0x00, 0x20, 0x20, 0x20, 0x3F, 0xE0, 0x20, 0x20, 0x00, 0x20, 0x00, 0x40, 0x3F, 0x80, 0x00, 0x00,
    0x00, 0x00, 0x00, 0x00, 0x00, 0x00, 0x00, 0x00, 0x7C, 0x02, 0x42, 0x7E, 0x42, 0x02, 0x7C, 0x00,
    0x00, 0x00, 0x00, 0x00, 0x00, 0x00, 0x00, 0x00, 0x3F, 0xE0, 0x00, 0x00, 0x3F, 0x80, 0x00, 0x40,
    0x00, 0x20, 0x00, 0x20, 0x3F, 0xE0, 0x00, 0x20, 0x00, 0x20, 0x00, 0x40, 0x3F, 0x80, 0x00, 0x00,
    0x00, 0x00, 0x00, 0x00, 0x00, 0x00, 0x7E, 0x00, 0x7C, 0x02, 0x02, 0x7E, 0x02, 0x02, 0x7C, 0x00,
    0x00, 0x00, 0x00, 0x00, 0x00, 0x00, 0x00, 0x00, 0x00, 0x00, 0x00, 0x00, 0x1F, 0xF8, 0x10, 0x00,
    0x10, 0x00, 0x10, 0x00, 0x1F, 0xF8, 0x10, 0x00, 0x10, 0x00, 0x10, 0x00, 0x1F, 0xF8, 0x00, 0x00,
    0x00, 0x00, 0x00, 0x00, 0x00, 0x1B, 0x24, 0x24, 0x24, 0x7E, 0x24, 0x24, 0x24, 0x24, 0x24, 0x24,
    0x00, 0x00, 0x00, 0x00, 0x00, 0x1C, 0x22, 0x20, 0x20, 0x7E, 0x22, 0x22, 0x22, 0x22, 0x22, 0x22,
    0x00, 0x00, 0x00, 0x00, 0x00, 0x1E, 0x22, 0x22, 0x22, 0x7A, 0x22, 0x22, 0x22, 0x22, 0x22, 0x22,
    0x00, 0x00, 0x00, 0x00, 0x00, 0x16, 0x2A, 0x28, 0x28, 0x7E, 0x2A, 0x2A, 0x2A, 0x2A, 0x2A, 0x2A,
    0x00, 0x00, 0x00, 0x00, 0x00, 0x1E, 0x2A, 0x2A, 0x2A, 0x7E, 0x2A, 0x2A, 0x2A, 0x2A, 0x2A, 0x2A,
    0x00, 0x00, 0x00, 0x00, 0x00, 0x38, 0x48, 0x48, 0x48, 0x5E, 0x48, 0x48, 0x48, 0x48, 0x48, 0x46,
    0x00, 0x00, 0x00, 0x00, 0x00, 0x1C, 0x24, 0x24, 0x24, 0x36, 0x44, 0x44, 0x24, 0x14, 0x14, 0x62,
    0x00, 0x00, 0x00, 0x00, 0x00, 0x00, 0x00, 0x00, 0x00, 0x04, 0x22, 0x42, 0x3C, 0x00, 0x14, 0x00,
    0x08, 0x00, 0x00, 0x00, 0x00, 0x00, 0x00, 0x00, 0x00, 0x04, 0x22, 0x42, 0x3F, 0x00, 0x14, 0x00,
    0x08, 0x00, 0x00, 0x00, 0x00, 0x00, 0x00, 0x00, 0x00, 0x08, 0x04, 0x04, 0xF8, 0x00, 0x14, 0x00,
    0x08, 0x00, 0x00, 0x00, 0x00, 0x00, 0x00, 0x00, 0x00, 0x08, 0x04, 0x04, 0xFF, 0x00, 0x14, 0x00,
    0x08, 0x00, 0x00, 0x00, 0x20, 0x20, 0x38, 0x38, 0x00, 0x04, 0x22, 0x42, 0x3C, 0x00, 0x00, 0x00,
    0x00, 0x00, 0x00, 0x00, 0x20, 0x20, 0x38, 0x38, 0x00, 0x04, 0x22, 0x42, 0x3F, 0x00, 0x00, 0x00,
    0x00, 0x00, 0x00, 0x00, 0x10, 0x10, 0x1C, 0x1C, 0x00, 0x08, 0x04, 0x04, 0xF8, 0x00, 0x00, 0x00,
    0x00, 0x00, 0x00, 0x00, 0x10, 0x10, 0x1C, 0x1C, 0x00, 0x08, 0x04, 0x04, 0xFF, 0x00, 0x00, 0x00,
    0x00, 0x00, 0x00, 0x00, 0x00, 0x00, 0x00, 0x00, 0x00, 0x00, 0x7E, 0x20, 0x40, 0x54, 0x40, 0x48,
    0x22, 0x1C, 0x00, 0x00, 0x00, 0x00, 0x00, 0x00, 0x00, 0x00, 0x7E, 0x22, 0x41, 0x54, 0x40, 0x48,
    0x21, 0x1E, 0x00, 0x00, 0x00, 0x00, 0x00, 0x00, 0x00, 0x00, 0x70, 0x0C, 0xFC, 0x00, 0x28, 0x00,
    0x10, 0x00, 0x00, 0x00, 0x00, 0x00, 0x00, 0x00, 0x00, 0x00, 0x70, 0x0C, 0xFF, 0x00, 0x28, 0x00,
    0x10, 0x00, 0x00, 0x20, 0x20, 0x38, 0x38, 0x00, 0x08, 0x04, 0x02, 0x42, 0x7C, 0x00, 0x00, 0x00,
    0x00, 0x00, 0x00, 0x20, 0x20, 0x38, 0x38, 0x00, 0x08, 0x04, 0x02, 0x42, 0x7F, 0x00, 0x00, 0x00,
    0x00, 0x00, 0x00, 0x00, 0x00, 0x08, 0x00, 0x14, 0x00, 0x00, 0x04, 0x02, 0x02, 0x02, 0x04, 0x48,
    0x30, 0x00, 0x00, 0x00, 0x00, 0x08, 0x00, 0x14, 0x00, 0x00, 0x04, 0x02, 0x03, 0x02, 0x04, 0x48,
    0x30, 0x00, 0x00, 0x00, 0x00, 0x08, 0x08, 0x0E, 0x0E, 0x00, 0x04, 0x02, 0x02, 0x02, 0x04, 0x48,
    0x30, 0x00, 0x00, 0x00, 0x00, 0x08, 0x08, 0x0E, 0x0E, 0x00, 0x04, 0x02, 0x03, 0x02, 0x04, 0x48,
    0x30, 0x00, 0x00, 0x00, 0x00, 0x04, 0x08, 0x10, 0x20, 0x40, 0x3C, 0x82, 0x7E, 0x00, 0x00, 0x00,
    0x00, 0x00, 0x00, 0x00, 0x00, 0x04, 0x08, 0x10, 0x20, 0x40, 0x3C, 0x82, 0x7F, 0x00, 0x00, 0x00,
    0x00, 0x00, 0x00, 0x00, 0x00, 0x04, 0x08, 0x10, 0x20, 0x40, 0x3C, 0x02, 0xFE, 0x00, 0x00, 0x00,
    0x00, 0x00, 0x00, 0x00, 0x00, 0x04, 0x08, 0x10, 0x20, 0x40, 0x3C, 0x02, 0xFF, 0x00, 0x00, 0x00,
    0x00, 0x00, 0x00, 0x08, 0x10, 0x24, 0x48, 0x10, 0x20, 0x40, 0x3C, 0x82, 0x7E, 0x00, 0x00, 0x00,
    0x00, 0x00, 0x00, 0x08, 0x10, 0x24, 0x48, 0x10, 0x20, 0x40, 0x3C, 0x82, 0x7F, 0x00, 0x00, 0x00,
    0x00, 0x00, 0x00, 0x08, 0x10, 0x24, 0x48, 0x10, 0x20, 0x40, 0x3C, 0x02, 0xFE, 0x00, 0x00, 0x00,
    0x00, 0x00, 0x00, 0x08, 0x10, 0x24, 0x48, 0x10, 0x20, 0x40, 0x3C, 0x02, 0xFF, 0x00, 0x00, 0x00,
    0x00, 0x00, 0x00, 0x00, 0x00, 0x00, 0x00, 0x00, 0x00, 0x00, 0x04, 0x22, 0x42, 0x42, 0x44, 0x38,
    0x00, 0x00, 0x00, 0x00, 0x00, 0x00, 0x00, 0x00, 0x00, 0x00, 0x04, 0x22, 0x43, 0x42, 0x44, 0x38,
    0x00, 0x00, 0x00, 0x00, 0x00, 0x00, 0x00, 0x00, 0x10, 0x18, 0x24, 0x24, 0x3C, 0x00, 0x00, 0x00,
    0x00, 0x00, 0x00, 0x00, 0x00, 0x00, 0x00, 0x00, 0x00, 0x00, 0x00, 0x10, 0x2F, 0x40, 0x00, 0x00,
    0x00, 0x00, 0x00, 0x00, 0x00, 0x00, 0x00, 0x00, 0x00, 0x00, 0x00, 0x10, 0xF0, 0x10, 0x10, 0x14,
    0x08, 0x00, 0x00, 0x00, 0x00, 0x00, 0x00, 0x00, 0x00, 0x00, 0x00, 0x10, 0xF3, 0x14, 0x14, 0x14,
    0x08, 0x08, 0x00, 0x00, 0x00, 0x00, 0x00, 0x00, 0x10, 0x2C, 0x2A, 0x1A, 0x24, 0x40, 0x00, 0x00,
    0x00, 0x00, 0x00, 0x00, 0x00, 0x00, 0x00, 0x00, 0x10, 0x2C, 0x2A, 0x1A, 0x27, 0x40, 0x00, 0x00,
    0x00, 0x00, 0x00, 0x00, 0x00, 0x00, 0x00, 0x00, 0x10, 0x2C, 0x2A, 0x1A, 0xE4, 0x00, 0x00, 0x00,
    0x00, 0x00, 0x00, 0x00, 0x00, 0x00, 0x00, 0x00, 0x10, 0x2C, 0x2A, 0x1A, 0xE7, 0x00, 0x00, 0x00,
    0x00, 0x00, 0x00, 0x00, 0x00, 0x00, 0x00, 0x00, 0x00, 0x00, 0x00, 0x08, 0x14, 0x10, 0x20, 0x40,
    0x7F, 0x00, 0x00, 0x00, 0x00, 0x00, 0x00, 0x00, 0x00, 0x00, 0x00, 0x00, 0x0F, 0x10, 0x20, 0x40,
    0x7F, 0x00, 0x00, 0x00, 0x00, 0x00, 0x00, 0x30, 0x40, 0x30, 0x40, 0x08, 0x14, 0x10, 0x20, 0x40,
    0x7F, 0x00, 0x00, 0x00, 0x00, 0x00, 0x00, 0x30, 0x40, 0x30, 0x40, 0x00, 0x0F, 0x10, 0x20, 0x40,
    0x7F, 0x00, 0x00, 0x00, 0x00, 0x00, 0x00, 0x00, 0x00, 0x00, 0x04, 0x4A, 0x48, 0x44, 0x42, 0x42,
    0x3C, 0x00, 0x00, 0x00, 0x00, 0x00, 0x00, 0x00, 0x00, 0x00, 0x00, 0x00, 0x43, 0x44, 0x42, 0x42,
    0x3C, 0x00, 0x00, 0x00, 0x00, 0x00, 0x00, 0x00, 0x00, 0x08, 0x08, 0x04, 0xF8, 0x00, 0x28, 0x00,
    0x00, 0x00, 0x00, 0x00, 0x00, 0x00, 0x00, 0x00, 0x00, 0x08, 0x08, 0x04, 0xFB, 0x00, 0x28, 0x00,
    0x00, 0x00, 0x00, 0x00, 0x00, 0x00, 0x00, 0x00, 0x00, 0x1C, 0x20, 0x3C, 0x10, 0x20, 0x00, 0x00,
    0x00, 0x00, 0x00, 0x01, 0x3E, 0x40, 0x08, 0x08, 0x08, 0x08, 0x08, 0x08, 0x08, 0x00, 0x00, 0x00,
    0x00, 0x00, 0x00, 0x08, 0x70, 0x80, 0x20, 0x20, 0x20, 0x20, 0x20, 0x20, 0x1F, 0x00, 0x00, 0x00,
    0x00, 0x00, 0x18, 0x20, 0x18, 0x20, 0x08, 0x08, 0x08, 0x08, 0x08, 0x08, 0x08, 0x00, 0x00, 0x00,
    0x00, 0x00, 0x30, 0x40, 0x30, 0x40, 0x20, 0x20, 0x20, 0x20, 0x20, 0x20, 0x1F, 0x00, 0x00, 0x00,
    0x00, 0x00, 0x00, 0x00, 0x0C, 0x10, 0x0C, 0x10, 0x00, 0x0C, 0x12, 0x12, 0x1E, 0x02, 0x04, 0x48,
    0x30, 0x00, 0x00, 0x00, 0x0C, 0x10, 0x0C, 0x10, 0x00, 0x0C, 0x12, 0x12, 0x1F, 0x02, 0x04, 0x48,
    0x30, 0x00, 0x00, 0x00, 0x00, 0x08, 0x08, 0x08, 0x08, 0x08, 0x08, 0x08, 0x08, 0x00, 0x0C, 0x10,
    0x0C, 0x10, 0x00, 0x00, 0x00, 0x20, 0x20, 0x20, 0x20, 0x20, 0x20, 0x20, 0x1F, 0x00, 0x30, 0x40,
    0x30, 0x40, 0x00, 0x00, 0x00, 0x00, 0x30, 0x40, 0x30, 0x40, 0x04, 0x4A, 0x48, 0x44, 0x42, 0x42,
    0x3C, 0x00, 0x00, 0x00, 0x00, 0x00, 0x00, 0x30, 0x40, 0x30, 0x40, 0x00, 0x43, 0x44, 0x42, 0x42,
    0x3C, 0x00, 0x00, 0x00, 0x00, 0x18, 0x20, 0x18, 0x20, 0x08, 0x08, 0x04, 0xF8, 0x00, 0x00, 0x00,
    0x00, 0x00, 0x00, 0x00, 0x00, 0x18, 0x20, 0x18, 0x20, 0x08, 0x08, 0x04, 0xFB, 0x00, 0x00, 0x00,
    0x00, 0x00, 0x00, 0x00, 0x00, 0x08, 0x08, 0x08, 0x08, 0x08, 0x08, 0x08, 0x08, 0x00, 0x00, 0x00,
    0x00, 0x00, 0x00, 0x00, 0x00, 0x20, 0x20, 0x20, 0x20, 0x20, 0x20, 0x20, 0x1F, 0x00, 0x00, 0x00,
    0x00, 0x00, 0x00, 0x00, 0x00, 0x00, 0x00, 0x00, 0x00, 0x04, 0x22, 0x42, 0x3C, 0x00, 0x00, 0x08,
    0x00, 0x00, 0x00, 0x00, 0x00, 0x00, 0x00, 0x00, 0x00, 0x04, 0x22, 0x42, 0x3F, 0x00, 0x00, 0x08,
    0x00, 0x00, 0x00, 0x00, 0x00, 0x00, 0x00, 0x00, 0x00, 0x08, 0x04, 0x04, 0xFC, 0x00, 0x00, 0x10,
    0x00, 0x00, 0x00, 0x00, 0x00, 0x00, 0x00, 0x00, 0x00, 0x08, 0x04, 0x04, 0xFF, 0x00, 0x00, 0x10,
    0x00, 0x00, 0x00, 0x00, 0x00, 0x00, 0x24, 0x00, 0x10, 0x18, 0x24, 0x24, 0x3C, 0x00, 0x00, 0x00,
    0x00, 0x00, 0x00, 0x00, 0x00, 0x12, 0x00, 0x04, 0x0C, 0x14, 0x24, 0x3C, 0x07, 0x00, 0x00, 0x00,
    0x00, 0x00, 0x00, 0x00, 0x00, 0x00, 0x14, 0x00, 0x00, 0x04, 0x22, 0x42, 0x3C, 0x00, 0x00, 0x00,
    0x00, 0x00, 0x00, 0x00, 0x00, 0x00, 0x14, 0x00, 0x00, 0x04, 0x22, 0x42, 0x3F, 0x00, 0x00, 0x00,
    0x00, 0x00, 0x00, 0x00, 0x00, 0x00, 0x28, 0x00, 0x00, 0x08, 0x04, 0x04, 0xF8, 0x00, 0x00, 0x00,
    0x00, 0x00, 0x00, 0x00, 0x00, 0x00, 0x28, 0x00, 0x00, 0x08, 0x04, 0x04, 0xFF, 0x00, 0x00, 0x00,
    0x00, 0x00, 0x00, 0x00, 0x10, 0x00, 0x24, 0x00, 0x00, 0x04, 0x22, 0x42, 0x3C, 0x00, 0x00, 0x00,
    0x00, 0x00, 0x00, 0x00, 0x10, 0x00, 0x24, 0x00, 0x00, 0x04, 0x22, 0x42, 0x3F, 0x00, 0x00, 0x00,
    0x00, 0x00, 0x00, 0x00, 0x20, 0x00, 0x48, 0x00, 0x00, 0x08, 0x04, 0x04, 0xF8, 0x00, 0x00, 0x00,
    0x00, 0x00, 0x00, 0x00, 0x20, 0x00, 0x48, 0x00, 0x00, 0x08, 0x04, 0x04, 0xFF, 0x00, 0x00, 0x00,
    0x00, 0x00, 0x00, 0x00, 0x00, 0x00, 0x00, 0x00, 0x00, 0x00, 0x7E, 0x10, 0x20, 0x40, 0x48, 0x40,
    0x22, 0x1C, 0x00, 0x00, 0x00, 0x00, 0x00, 0x00, 0x00, 0x00, 0x7E, 0x14, 0x23, 0x40, 0x48, 0x40,
    0x21, 0x1E, 0x00, 0x00, 0x00, 0x00, 0x00, 0x00, 0x00, 0x00, 0x38, 0x06, 0xFE, 0x00, 0x10, 0x00,
    0x00, 0x00, 0x00, 0x00, 0x00, 0x00, 0x00, 0x00, 0x00, 0x00, 0x38, 0x06, 0xFF, 0x00, 0x10, 0x00,
    0x00, 0x00, 0x00, 0x00, 0x00, 0x00, 0x00, 0x00, 0x00, 0x00, 0x7E, 0x10, 0x20, 0x40, 0x40, 0x40,
    0x22, 0x1C, 0x00, 0x00, 0x00, 0x00, 0x00, 0x00, 0x00, 0x00, 0x7E, 0x14, 0x23, 0x40, 0x40, 0x40,
    0x21, 0x1E, 0x00, 0x00, 0x00, 0x00, 0x00, 0x00, 0x00, 0x00, 0x70, 0x0C, 0xFC, 0x00, 0x00, 0x00,
    0x00, 0x00, 0x00, 0x00, 0x00, 0x00, 0x00, 0x00, 0x00, 0x00, 0x70, 0x0C, 0xFF, 0x00, 0x00, 0x00,
    0x00, 0x00, 0x00, 0x00, 0x00, 0x00, 0x00, 0x10, 0x00, 0x00, 0x7E, 0x10, 0x20, 0x40, 0x40, 0x40,
    0x22, 0x1C, 0x00, 0x00, 0x00, 0x00, 0x00, 0x10, 0x00, 0x00, 0x7E, 0x14, 0x23, 0x40, 0x40, 0x40,
    0x21, 0x1E, 0x00, 0x00, 0x00, 0x00, 0x00, 0x20, 0x00, 0x00, 0x70, 0x0C, 0xFC, 0x00, 0x00, 0x00,
    0x00, 0x00, 0x00, 0x00, 0x00, 0x00, 0x00, 0x20, 0x00, 0x00, 0x70, 0x0C, 0xFF, 0x00, 0x00, 0x00,
    0x00, 0x00, 0x00, 0x00, 0x00, 0x00, 0x00, 0x00, 0x08, 0x04, 0x02, 0x42, 0x7C, 0x00, 0x00, 0x00,
    0x00, 0x00, 0x00, 0x00, 0x00, 0x00, 0x00, 0x00, 0x08, 0x04, 0x02, 0x42, 0x7F, 0x00, 0x00, 0x00,
    0x00, 0x00, 0x00, 0x00, 0x00, 0x00, 0x20, 0x00, 0x08, 0x04, 0x02, 0x42, 0x7C, 0x00, 0x00, 0x00,
    0x00, 0x00, 0x00, 0x00, 0x00, 0x00, 0x20, 0x00, 0x08, 0x04, 0x02, 0x42, 0x7F, 0x00, 0x00, 0x00,
    0x00, 0x00, 0x00, 0x00, 0x00, 0x00, 0x00, 0x00, 0x00, 0x00, 0x04, 0x02, 0x02, 0x02, 0x04, 0x48,
    0x30, 0x00, 0x00, 0x00, 0x00, 0x00, 0x00, 0x00, 0x00, 0x00, 0x04, 0x02, 0x03, 0x02, 0x04, 0x48,
    0x30, 0x00, 0x00, 0x00, 0x00, 0x00, 0x00, 0x10, 0x00, 0x00, 0x04, 0x02, 0x02, 0x02, 0x04, 0x48,
    0x30, 0x00, 0x00, 0x00, 0x00, 0x00, 0x00, 0x10, 0x00, 0x00, 0x04, 0x02, 0x03, 0x02, 0x04, 0x48,
    0x30, 0x00, 0x00, 0x00, 0x00, 0x00, 0x00, 0x00, 0x00, 0x01, 0x15, 0x15, 0x5E, 0x48, 0x48, 0x30,
    0x00, 0x00, 0x00, 0x00, 0x00, 0x00, 0x00, 0x00, 0x00, 0x01, 0x15, 0x15, 0x5F, 0x48, 0x48, 0x30,
    0x00, 0x00, 0x00, 0x00, 0x00, 0x00, 0x00, 0x00, 0x00, 0x02, 0x2A, 0x2A, 0xFC, 0x00, 0x00, 0x00,
    0x00, 0x00, 0x00, 0x00, 0x00, 0x00, 0x00, 0x00, 0x00, 0x02, 0x2A, 0x2A, 0xFF, 0x00, 0x00, 0x00,
    0x00, 0x00, 0x00, 0x00, 0x08, 0x00, 0x12, 0x00, 0x00, 0x01, 0x15, 0x15, 0x5E, 0x48, 0x48, 0x30,
    0x00, 0x00, 0x00, 0x00, 0x00, 0x08, 0x00, 0x12, 0x00, 0x01, 0x15, 0x15, 0x5E, 0x48, 0x48, 0x30,
    0x00, 0x00, 0x00, 0x00, 0x00, 0x10, 0x00, 0x24, 0x00, 0x02, 0x2A, 0x2A, 0xFC, 0x00, 0x00, 0x00,
    0x00, 0x00, 0x00, 0x00, 0x00, 0x10, 0x00, 0x24, 0x00, 0x02, 0x2A, 0x2A, 0xFF, 0x00, 0x00, 0x00,
    0x00, 0x00, 0x00, 0x00, 0x00, 0x00, 0x00, 0x00, 0x00, 0x00, 0x06, 0x19, 0x4E, 0x48, 0x48, 0x30,
    0x00, 0x00, 0x00, 0x00, 0x00, 0x00, 0x00, 0x00, 0x00, 0x00, 0x06, 0x19, 0x4F, 0x48, 0x48, 0x30,
    0x00, 0x00, 0x00, 0x00, 0x00, 0x00, 0x00, 0x00, 0x00, 0x00, 0x0C, 0x52, 0xFC, 0x00, 0x00, 0x00,
    0x00, 0x00, 0x00, 0x00, 0x00, 0x00, 0x00, 0x00, 0x00, 0x00, 0x0C, 0x52, 0xFF, 0x00, 0x00, 0x00,
    0x00, 0x00, 0x00, 0x00, 0x00, 0x00, 0x00, 0x04, 0x00, 0x00, 0x06, 0x19, 0x4E, 0x48, 0x48, 0x30,
    0x00, 0x00, 0x00, 0x00, 0x00, 0x00, 0x00, 0x04, 0x00, 0x00, 0x06, 0x19, 0x4F, 0x48, 0x48, 0x30,
    0x00, 0x00, 0x00, 0x00, 0x00, 0x00, 0x00, 0x08, 0x00, 0x00, 0x0C, 0x52, 0xFC, 0x00, 0x00, 0x00,
    0x00, 0x00, 0x00, 0x00, 0x00, 0x00, 0x00, 0x08, 0x00, 0x00, 0x0C, 0x52, 0xFF, 0x00, 0x00, 0x00,
    0x00, 0x00, 0x00, 0x00, 0x00, 0x20, 0x20, 0x20, 0x20, 0x2C, 0x32, 0x22, 0x7C, 0x00, 0x00, 0x00,
    0x00, 0x00, 0x00, 0x00, 0x00, 0x20, 0x20, 0x20, 0x20, 0x2C, 0x32, 0x22, 0x7F, 0x00, 0x00, 0x00,
    0x00, 0x00, 0x00, 0x00, 0x00, 0x20, 0x20, 0x20, 0x20, 0x2C, 0x32, 0x22, 0xFC, 0x00, 0x00, 0x00,
    0x00, 0x00, 0x00, 0x00, 0x00, 0x20, 0x20, 0x20, 0x20, 0x2C, 0x32, 0x22, 0xFF, 0x00, 0x00, 0x00,
    0x00, 0x00, 0x00, 0x00, 0x00, 0x20, 0x24, 0x20, 0x20, 0x2C, 0x32, 0x22, 0x7C, 0x00, 0x00, 0x00,
    0x00, 0x00, 0x00, 0x00, 0x00, 0x20, 0x24, 0x20, 0x20, 0x2C, 0x32, 0x22, 0x7F, 0x00, 0x00, 0x00,
    0x00, 0x00, 0x00, 0x00, 0x00, 0x20, 0x24, 0x20, 0x20, 0x2C, 0x32, 0x22, 0xFC, 0x00, 0x00, 0x00,
    0x00, 0x00, 0x00, 0x00, 0x00, 0x20, 0x24, 0x20, 0x20, 0x2C, 0x32, 0x22, 0xFF, 0x00, 0x00, 0x00,
    0x00, 0x00, 0x00, 0x00, 0x00, 0x00, 0x00, 0x00, 0x00, 0x18, 0x24, 0x20, 0x1C, 0x20, 0x40, 0x40,
    0x42, 0x3C, 0x00, 0x00, 0x00, 0x00, 0x00, 0x00, 0x00, 0x00, 0x30, 0x30, 0x1F, 0x20, 0x40, 0x40,
    0x42, 0x3C, 0x00, 0x00, 0x00, 0x00, 0x00, 0x00, 0x00, 0x18, 0x24, 0x20, 0xFE, 0x00, 0x00, 0x00,
    0x00, 0x00, 0x00, 0x00, 0x00, 0x00, 0x00, 0x00, 0x00, 0x18, 0x18, 0x08, 0xF7, 0x00, 0x00, 0x00,
    0x00, 0x00, 0x00, 0x00, 0x00, 0x00, 0x08, 0x00, 0x00, 0x18, 0x24, 0x20, 0x1C, 0x20, 0x40, 0x40,
    0x42, 0x3C, 0x00, 0x00, 0x00, 0x00, 0x00, 0x10, 0x00, 0x00, 0x30, 0x30, 0x1F, 0x20, 0x40, 0x40,
    0x42, 0x3C, 0x00, 0x00, 0x00, 0x00, 0x08, 0x00, 0x00, 0x18, 0x24, 0x20, 0xFE, 0x00, 0x00, 0x00,
    0x00, 0x00, 0x00, 0x00, 0x00, 0x00, 0x08, 0x00, 0x00, 0x18, 0x18, 0x08, 0xF7, 0x00, 0x00, 0x00,
    0x00, 0x00, 0x00, 0x00, 0x00, 0x08, 0x00, 0x06, 0x0A, 0x06, 0x42, 0x42, 0x3C, 0x00, 0x00, 0x00,
    0x00, 0x00, 0x00, 0x00, 0x00, 0x08, 0x00, 0x06, 0x0A, 0x06, 0x42, 0x42, 0x3F, 0x00, 0x00, 0x00,
    0x00, 0x00, 0x00, 0x00, 0x00, 0x10, 0x00, 0x00, 0x38, 0x24, 0x14, 0x0C, 0xF8, 0x00, 0x00, 0x00,
    0x00, 0x00, 0x00, 0x00, 0x00, 0x10, 0x00, 0x00, 0x38, 0x24, 0x14, 0x0C, 0xFB, 0x00, 0x00, 0x00,
    0x00, 0x00, 0x00, 0x00, 0x00, 0x00, 0x24, 0x00, 0x00, 0x1C, 0x12, 0x0A, 0x26, 0x42, 0x44, 0x38,
    0x00, 0x00, 0x00, 0x00, 0x00, 0x00, 0x24, 0x00, 0x00, 0x1C, 0x12, 0x0A, 0x27, 0x42, 0x44, 0x38,
    0x00, 0x00, 0x00, 0x00, 0x00, 0x48, 0x00, 0x00, 0x38, 0x24, 0x14, 0x0C, 0xF8, 0x00, 0x00, 0x00,
    0x00, 0x00, 0x00, 0x00, 0x00, 0x48, 0x00, 0x00, 0x38, 0x24, 0x14, 0x0C, 0xFB, 0x00, 0x00, 0x00,
    0x00, 0x00, 0x00, 0x00, 0x00, 0x02, 0x0A, 0x12, 0x0A, 0x22, 0x42, 0x42, 0x3C, 0x00, 0x00, 0x00,
    0x00, 0x00, 0x00, 0x00, 0x00, 0x02, 0x0A, 0x12, 0x0A, 0x22, 0x42, 0x42, 0x3F, 0x00, 0x00, 0x00,
    0x00, 0x00, 0x00, 0x00, 0x00, 0x04, 0x08, 0x10, 0x20, 0x40, 0x3C, 0x02, 0xFE, 0x00, 0x00, 0x00,
    0x00, 0x00, 0x00, 0x00, 0x00, 0x04, 0x08, 0x10, 0x20, 0x40, 0x3C, 0x02, 0xFF, 0x00, 0x00, 0x00,
    0x00, 0x00, 0x00, 0x00, 0x00, 0x02, 0x02, 0x02, 0x02, 0x02, 0x02, 0x22, 0x42, 0x42, 0x44, 0x3C,
    0x00, 0x00, 0x00, 0x00, 0x00, 0x02, 0x02, 0x02, 0x02, 0x02, 0x02, 0x23, 0x42, 0x42, 0x44, 0x3C,
    0x00, 0x00, 0x00, 0x00, 0x00, 0x04, 0x04, 0x04, 0x04, 0x04, 0x04, 0x04, 0xF8, 0x00, 0x00, 0x00,
    0x00, 0x00, 0x00, 0x00, 0x00, 0x04, 0x04, 0x04, 0x04, 0x04, 0x04, 0x04, 0xFB, 0x00, 0x00, 0x00,
    0x00, 0x00, 0x00, 0x00, 0x00, 0x00, 0x00, 0x00, 0x00, 0x00, 0x1C, 0x06, 0x1E, 0x20, 0x20, 0x20,
    0x20, 0x20, 0x00, 0x00, 0x00, 0x00, 0x00, 0x00, 0x00, 0x00, 0x1C, 0x06, 0x1F, 0x20, 0x20, 0x20,
    0x20, 0x20, 0x00, 0x00, 0x00, 0x00, 0x00, 0x00, 0x00, 0x08, 0x14, 0x32, 0xEE, 0x00, 0x00, 0x00,
    0x00, 0x00, 0x00, 0x00, 0x00, 0x00, 0x00, 0x00, 0x00, 0x08, 0x14, 0x32, 0xEF, 0x00, 0x00, 0x00,
    0x00, 0x00, 0x00, 0x00, 0x00, 0x00, 0x00, 0x10, 0x00, 0x00, 0x04, 0x22, 0x42, 0x42, 0x44, 0x38,
    0x00, 0x00, 0x00, 0x00, 0x00, 0x00, 0x00, 0x10, 0x00, 0x00, 0x04, 0x22, 0x43, 0x42, 0x44, 0x38,
    0x00, 0x00, 0x00, 0x00, 0x00, 0x00, 0x10, 0x00, 0x00, 0x08, 0x04, 0x04, 0xF8, 0x00, 0x00, 0x00,
    0x00, 0x00, 0x00, 0x00, 0x00, 0x00, 0x10, 0x00, 0x00, 0x08, 0x04, 0x04, 0xFB, 0x00, 0x00, 0x00,
    0x00, 0x00, 0x00, 0x00, 0x00, 0x00, 0x00, 0x00, 0x10, 0x18, 0x24, 0x24, 0x3C, 0x00, 0x00, 0x00,
    0x00, 0x00, 0x00, 0x00, 0x00, 0x00, 0x04, 0x04, 0x0C, 0x14, 0x24, 0x3C, 0x07, 0x00, 0x00, 0x00,
    0x00, 0x00, 0x00, 0x00, 0x00, 0x00, 0x00, 0x10, 0x08, 0x3C, 0x2A, 0x3A, 0xF6, 0x00, 0x00, 0x00,
    0x00, 0x00, 0x00, 0x00, 0x00, 0x00, 0x00, 0x00, 0x00, 0x0C, 0x14, 0x14, 0xFF, 0x14, 0x0C, 0x00,
    0x00, 0x00, 0x00, 0x00, 0x00, 0x00, 0x00, 0x00, 0x00, 0x0C, 0x12, 0x12, 0x1E, 0x02, 0x04, 0x48,
    0x30, 0x00, 0x00, 0x00, 0x00, 0x00, 0x00, 0x00, 0x00, 0x0C, 0x12, 0x12, 0x1F, 0x02, 0x04, 0x48,
    0x30, 0x00, 0x00, 0x00, 0x00, 0x00, 0x00, 0x00, 0x00, 0x00, 0x04, 0x4A, 0x48, 0x44, 0x42, 0x42,
    0x3C, 0x00, 0x00, 0x00, 0x00, 0x00, 0x00, 0x00, 0x00, 0x00, 0x00, 0x00, 0x43, 0x44, 0x42, 0x42,
    0x3C, 0x00, 0x00, 0x00, 0x00, 0x00, 0x00, 0x00, 0x00, 0x00, 0x04, 0x4A, 0x48, 0x44, 0x42, 0x3C,
    0x00, 0x28, 0x00, 0x00, 0x00, 0x00, 0x00, 0x00, 0x00, 0x00, 0x00, 0x00, 0x43, 0x44, 0x42, 0x3C,
    0x00, 0x28, 0x00, 0x00, 0x00, 0x00, 0x00, 0x00, 0x00, 0x08, 0x08, 0x04, 0xF8, 0x00, 0x28, 0x00,
    0x00, 0x00, 0x00, 0x00, 0x00, 0x00, 0x00, 0x00, 0x00, 0x08, 0x08, 0x04, 0xFB, 0x00, 0x28, 0x00,
    0x00, 0x00, 0x00, 0x00, 0x08, 0x72, 0x82, 0x22, 0x12, 0x0A, 0x04, 0x0C, 0x14, 0x1C, 0x00, 0x00,
    0x00, 0x00, 0x00, 0x00, 0x08, 0x72, 0x82, 0x22, 0x12, 0x0A, 0x0E, 0x0A, 0x13, 0x60, 0x00, 0x00,
    0x00, 0x00, 0x00, 0x00, 0x30, 0x42, 0x32, 0x42, 0x12, 0x0A, 0x04, 0x0C, 0x14, 0x1C, 0x00, 0x00,
    0x00, 0x00, 0x00, 0x00, 0x30, 0x42, 0x32, 0x42, 0x12, 0x0A, 0x0E, 0x0A, 0x13, 0x60, 0x00, 0x00,
    0x00, 0x00, 0x00, 0x00, 0x02, 0x02, 0x22, 0x12, 0x0A, 0x04, 0x0C, 0x14, 0x1C, 0x00, 0x0C, 0x10,
    0x0C, 0x10, 0x00, 0x00, 0x00, 0x02, 0x02, 0x22, 0x12, 0x0A, 0x0E, 0x0A, 0x13, 0x60, 0x0C, 0x10,
    0x0C, 0x10, 0x00, 0x00, 0x00, 0x02, 0x02, 0x22, 0x12, 0x0A, 0x04, 0x0C, 0x14, 0x1C, 0x00, 0x00,
    0x00, 0x00, 0x00, 0x00, 0x00, 0x02, 0x02, 0x22, 0x12, 0x0A, 0x0E, 0x0A, 0x13, 0x60, 0x00, 0x00,
    0x00, 0x00, 0x00, 0x00, 0x00, 0x7E, 0x66, 0x5A, 0x5A, 0x7A, 0x76, 0x76, 0x7E, 0x76, 0x76, 0x7E,
    0x00, 0x00,
};

static const EpdGlyph helveticaui_12_regularGlyphs[] = {
    { 13, 19, 288, 2, 19, 31, 0 }, // U+0000
    { 16, 16, 256, 0, 14, 32, 31 }, // U+0001
    { 16, 16, 256, 0, 14, 32, 63 }, // U+0002
    { 16, 16, 256, 0, 14, 32, 95 }, // U+0003
    { 16, 16, 256, 0, 14, 32, 127 }, // U+0004
    { 16, 16, 256, 0, 14, 32, 159 }, // U+0005
    { 16, 16, 256, 0, 14, 32, 191 }, // U+0006
    { 16, 16, 256, 0, 14, 32, 223 }, // U+0007
    { 16, 16, 256, 0, 14, 32, 255 }, // U+0008
    { 16, 16, 256, 0, 14, 32, 287 }, // U+0009
    { 16, 16, 256, 0, 14, 32, 319 }, // U+000A
    { 16, 16, 256, 0, 14, 32, 351 }, // U+000B
    { 16, 16, 256, 0, 14, 32, 383 }, // U+000C
    { 16, 16, 256, 0, 14, 32, 415 }, // U+000D
    { 16, 16, 256, 0, 14, 32, 447 }, // U+000E
    { 16, 16, 256, 0, 14, 32, 479 }, // U+000F
    { 16, 16, 256, 0, 14, 32, 511 }, // U+0010
    { 16, 16, 256, 0, 14, 32, 543 }, // U+0011
    { 16, 16, 256, 0, 14, 32, 575 }, // U+0012
    { 16, 16, 256, 0, 14, 32, 607 }, // U+0013
    { 16, 16, 256, 0, 14, 32, 639 }, // U+0014
    { 16, 16, 256, 0, 14, 32, 671 }, // U+0015
    { 16, 16, 256, 0, 14, 32, 703 }, // U+0016
    { 16, 16, 256, 0, 14, 32, 735 }, // U+0017
    { 16, 16, 256, 0, 14, 32, 767 }, // U+0018
    { 16, 16, 256, 0, 14, 32, 799 }, // U+0019
    { 16, 16, 256, 0, 14, 32, 831 }, // U+001A
    { 16, 16, 256, 0, 14, 32, 863 }, // U+001B
    { 16, 16, 256, 0, 14, 32, 895 }, // U+001C
    { 16, 16, 256, 0, 14, 32, 927 }, // U+001D
    { 16, 16, 256, 0, 14, 32, 959 }, // U+001E
    { 16, 16, 256, 0, 14, 32, 991 }, // U+001F
    { 1, 1, 96, 0, 1, 1, 1023 }, // U+0020
    { 2, 19, 96, 2, 19, 5, 1024 }, // !
    { 6, 6, 128, 1, 19, 5, 1029 }, // "
    { 11, 17, 224, 2, 17, 24, 1034 }, // #
    { 11, 22, 208, 1, 20, 31, 1058 }, // $
    { 19, 18, 352, 1, 18, 43, 1089 }, // %
    { 14, 18, 272, 2, 18, 32, 1132 }, // &
    { 2, 6, 96, 2, 19, 2, 1164 }, // '
    { 5, 24, 128, 2, 19, 15, 1166 }, // (
    { 5, 24, 128, 1, 19, 15, 1181 }, // )
    { 7, 7, 160, 1, 19, 7, 1196 }, // *
    { 12, 12, 224, 1, 13, 18, 1203 }, // +
    { 2, 6, 96, 2, 3, 2, 1221 }, // ,
    { 6, 2, 128, 1, 8, 2, 1223 }, // -
    { 2, 3, 96, 2, 3, 1, 1225 }, // .
    { 7, 19, 112, 0, 19, 17, 1226 }, // /
    { 11, 18, 208, 1, 18, 25, 1243 }, // 0
    { 6, 18, 208, 2, 18, 14, 1268 }, // 1
    { 11, 18, 208, 1, 18, 25, 1282 }, // 2
    { 11, 18, 208, 1, 18, 25, 1307 }, // 3
    { 11, 18, 208, 1, 18, 25, 1332 }, // 4
    { 11, 18, 208, 1, 18, 25, 1357 }, // 5
    { 11, 18, 208, 1, 18, 25, 1382 }, // 6
    { 11, 18, 208, 1, 18, 25, 1407 }, // 7
    { 11, 18, 208, 1, 18, 25, 1432 }, // 8
    { 11, 18, 208, 1, 18, 25, 1457 }, // 9
    { 2, 14, 96, 2, 14, 4, 1482 }, // :
    { 2, 17, 96, 2, 14, 5, 1486 }, // ;
    { 12, 12, 240, 1, 13, 18, 1491 }, // <
    { 10, 5, 240, 2, 10, 7, 1509 }, // =
    { 12, 12, 240, 1, 13, 18, 1516 }, // >
    { 10, 19, 192, 1, 19, 24, 1534 }, // ?
    { 22, 23, 400, 2, 19, 64, 1558 }, // @
    { 15, 19, 272, 1, 19, 36, 1622 }, // A
    { 14, 19, 272, 2, 19, 34, 1658 }, // B
    { 15, 19, 288, 1, 19, 36, 1692 }, // C
    { 15, 19, 288, 2, 19, 36, 1728 }, // D
    { 12, 19, 256, 2, 19, 29, 1764 }, // E
    { 11, 19, 224, 2, 19, 27, 1793 }, // F
    { 16, 19, 304, 1, 19, 38, 1820 }, // G
    { 14, 19, 288, 2, 19, 34, 1858 }, // H
    { 2, 19, 128, 3, 19, 5, 1892 }, // I
    { 10, 19, 208, 1, 19, 24, 1897 }, // J
    { 13, 19, 288, 3, 19, 31, 1921 }, // K
    { 11, 19, 224, 2, 19, 27, 1952 }, // L
    { 17, 19, 336, 2, 19, 41, 1979 }, // M
    { 14, 19, 288, 2, 19, 34, 2020 }, // N
    { 16, 19, 288, 1, 19, 38, 2054 }, // O
    { 13, 19, 256, 2, 19, 31, 2092 }, // P
    { 16, 19, 288, 1, 19, 38, 2123 }, // Q
    { 13, 19, 272, 2, 19, 31, 2161 }, // R
    { 13, 19, 256, 2, 19, 31, 2192 }, // S
    { 14, 19, 256, 1, 19, 34, 2223 }, // T
    { 14, 19, 288, 2, 19, 34, 2257 }, // U
    { 15, 19, 272, 1, 19, 36, 2291 }, // V
    { 20, 19, 352, 1, 19, 48, 2327 }, // W
    { 15, 19, 272, 1, 19, 36, 2375 }, // X
    { 14, 19, 256, 1, 19, 34, 2411 }, // Y
    { 13, 19, 240, 1, 19, 31, 2445 }, // Z
    { 4, 24, 112, 2, 19, 12, 2476 }, // [
    { 8, 19, 112, 0, 19, 19, 2488 }, // <backslash>
    { 4, 24, 112, 1, 19, 12, 2507 }, // ]
    { 10, 9, 192, 1, 19, 12, 2519 }, // ^
    { 14, 2, 224, 0, -3, 4, 2531 }, // _
    { 5, 4, 112, 1, 19, 3, 2535 }, // `
    { 11, 14, 208, 1, 14, 20, 2538 }, // a
    { 11, 19, 224, 2, 19, 27, 2558 }, // b
    { 10, 14, 192, 1, 14, 18, 2585 }, // c
    { 11, 19, 224, 1, 19, 27, 2603 }, // d
    { 11, 14, 208, 1, 14, 20, 2630 }, // e
    { 6, 19, 128, 1, 19, 15, 2650 }, // f
    { 11, 19, 224, 1, 14, 27, 2665 }, // g
    { 10, 19, 208, 2, 19, 24, 2692 }, // h
    { 2, 19, 96, 2, 19, 5, 2716 }, // i
    { 4, 24, 96, 0, 19, 12, 2721 }, // j
    { 10, 19, 192, 2, 19, 24, 2733 }, // k
    { 2, 19, 96, 2, 19, 5, 2757 }, // l
    { 16, 14, 320, 2, 14, 28, 2762 }, // m
    { 10, 14, 224, 2, 14, 18, 2790 }, // n
    { 11, 14, 208, 1, 14, 20, 2808 }, // o
    { 11, 19, 224, 2, 14, 27, 2828 }, // p
    { 11, 19, 224, 1, 14, 27, 2855 }, // q
    { 6, 14, 144, 2, 14, 11, 2882 }, // r
    { 10, 14, 192, 1, 14, 18, 2893 }, // s
    { 6, 18, 128, 1, 18, 14, 2911 }, // t
    { 10, 14, 224, 2, 14, 18, 2925 }, // u
    { 11, 14, 208, 1, 14, 20, 2943 }, // v
    { 18, 14, 288, 0, 14, 32, 2963 }, // w
    { 10, 14, 192, 1, 14, 18, 2995 }, // x
    { 12, 19, 208, 0, 14, 29, 3013 }, // y
    { 10, 14, 192, 1, 14, 18, 3042 }, // z
    { 6, 24, 128, 1, 19, 18, 3060 }, // {
    { 1, 24, 96, 2, 19, 3, 3078 }, // |
    { 6, 24, 128, 1, 19, 18, 3081 }, // }
    { 10, 4, 224, 2, 9, 5, 3099 }, // ~
    { 16, 16, 256, 0, 14, 32, 3104 }, // U+007F
    { 16, 16, 256, 0, 14, 32, 3136 }, // U+0080
    { 16, 16, 256, 0, 14, 32, 3168 }, // U+0081
    { 16, 16, 256, 0, 14, 32, 3200 }, // U+0082
    { 16, 16, 256, 0, 14, 32, 3232 }, // U+0083
    { 16, 16, 256, 0, 14, 32, 3264 }, // U+0084
    { 16, 16, 256, 0, 14, 32, 3296 }, // U+0085
    { 16, 16, 256, 0, 14, 32, 3328 }, // U+0086
    { 16, 16, 256, 0, 14, 32, 3360 }, // U+0087
    { 16, 16, 256, 0, 14, 32, 3392 }, // U+0088
    { 16, 16, 256, 0, 14, 32, 3424 }, // U+0089
    { 16, 16, 256, 0, 14, 32, 3456 }, // U+008A
    { 16, 16, 256, 0, 14, 32, 3488 }, // U+008B
    { 16, 16, 256, 0, 14, 32, 3520 }, // U+008C
    { 16, 16, 256, 0, 14, 32, 3552 }, // U+008D
    { 16, 16, 256, 0, 14, 32, 3584 }, // U+008E
    { 16, 16, 256, 0, 14, 32, 3616 }, // U+008F
    { 16, 16, 256, 0, 14, 32, 3648 }, // U+0090
    { 16, 16, 256, 0, 14, 32, 3680 }, // U+0091
    { 16, 16, 256, 0, 14, 32, 3712 }, // U+0092
    { 16, 16, 256, 0, 14, 32, 3744 }, // U+0093
    { 16, 16, 256, 0, 14, 32, 3776 }, // U+0094
    { 16, 16, 256, 0, 14, 32, 3808 }, // U+0095
    { 16, 16, 256, 0, 14, 32, 3840 }, // U+0096
    { 16, 16, 256, 0, 14, 32, 3872 }, // U+0097
    { 16, 16, 256, 0, 14, 32, 3904 }, // U+0098
    { 16, 16, 256, 0, 14, 32, 3936 }, // U+0099
    { 16, 16, 256, 0, 14, 32, 3968 }, // U+009A
    { 16, 16, 256, 0, 14, 32, 4000 }, // U+009B
    { 16, 16, 256, 0, 14, 32, 4032 }, // U+009C
    { 16, 16, 256, 0, 14, 32, 4064 }, // U+009D
    { 16, 16, 256, 0, 14, 32, 4096 }, // U+009E
    { 16, 16, 256, 0, 14, 32, 4128 }, // U+009F
    { 1, 1, 96, 0, 1, 1, 4160 }, // U+00A0
    { 2, 19, 96, 2, 14, 5, 4161 }, // U+00A1
    { 10, 18, 208, 1, 16, 23, 4166 }, // U+00A2
    { 12, 18, 224, 1, 18, 27, 4189 }, // U+00A3
    { 11, 12, 208, 1, 15, 17, 4216 }, // U+00A4
    { 14, 18, 224, 0, 18, 32, 4233 }, // U+00A5
    { 2, 24, 96, 2, 19, 6, 4265 }, // U+00A6
    { 11, 24, 208, 1, 19, 33, 4271 }, // U+00A7
    { 6, 2, 128, 1, 18, 2, 4304 }, // U+00A8
    { 19, 19, 304, 1, 19, 46, 4306 }, // U+00A9
    { 7, 12, 144, 1, 19, 11, 4352 }, // U+00AA
    { 9, 8, 224, 2, 11, 9, 4363 }, // U+00AB
    { 13, 8, 240, 1, 10, 13, 4372 }, // U+00AC
    { 6, 2, 128, 1, 8, 2, 4385 }, // U+00AD
    { 18, 19, 304, 1, 19, 43, 4387 }, // U+00AE
    { 6, 2, 128, 1, 18, 2, 4430 }, // U+00AF
    { 8, 7, 144, 0, 18, 7, 4432 }, // U+00B0
    { 12, 13, 224, 1, 13, 20, 4439 }, // U+00B1
    { 7, 10, 112, 0, 18, 9, 4459 }, // U+00B2
    { 7, 10, 112, 0, 18, 9, 4468 }, // U+00B3
    { 5, 4, 112, 1, 19, 3, 4477 }, // U+00B4
    { 10, 19, 224, 2, 14, 24, 4480 }, // U+00B5
    { 10, 24, 192, 1, 19, 30, 4504 }, // U+00B6
    { 2, 3, 96, 2, 9, 1, 4534 }, // U+00B7
    { 5, 6, 112, 1, 1, 4, 4535 }, // U+00B8
    { 4, 10, 112, 0, 18, 5, 4539 }, // U+00B9
    { 7, 12, 144, 1, 19, 11, 4544 }, // U+00BA
    { 9, 8, 224, 3, 11, 9, 4555 }, // U+00BB
    { 18, 18, 304, 1, 18, 41, 4564 }, // U+00BC
    { 18, 18, 304, 1, 18, 41, 4605 }, // U+00BD
    { 19, 18, 304, 0, 18, 43, 4646 }, // U+00BE
    { 10, 19, 192, 1, 14, 24, 4689 }, // U+00BF
    { 15, 24, 272, 1, 24, 45, 4713 }, // U+00C0
    { 15, 24, 272, 1, 24, 45, 4758 }, // U+00C1
    { 15, 24, 272, 1, 24, 45, 4803 }, // U+00C2
    { 15, 23, 272, 1, 23, 44, 4848 }, // U+00C3
    { 15, 23, 272, 1, 23, 44, 4892 }, // U+00C4
    { 15, 24, 272, 1, 24, 45, 4936 }, // U+00C5
    { 21, 19, 368, 1, 19, 50, 4981 }, // U+00C6
    { 15, 24, 288, 1, 19, 45, 5031 }, // U+00C7
    { 12, 24, 256, 2, 24, 36, 5076 }, // U+00C8
    { 12, 24, 256, 2, 24, 36, 5112 }, // U+00C9
    { 12, 24, 256, 2, 24, 36, 5148 }, // U+00CA
    { 12, 23, 256, 2, 23, 35, 5184 }, // U+00CB
    { 5, 24, 128, 1, 24, 15, 5219 }, // U+00CC
    { 5, 24, 128, 2, 24, 15, 5234 }, // U+00CD
    { 8, 24, 128, 0, 24, 24, 5249 }, // U+00CE
    { 6, 23, 128, 1, 23, 18, 5273 }, // U+00CF
    { 18, 19, 288, -1, 19, 43, 5291 }, // U+00D0
    { 14, 23, 288, 2, 23, 41, 5334 }, // U+00D1
    { 16, 24, 288, 1, 24, 48, 5375 }, // U+00D2
    { 16, 24, 288, 1, 24, 48, 5423 }, // U+00D3
    { 16, 24, 288, 1, 24, 48, 5471 }, // U+00D4
    { 16, 23, 288, 1, 23, 46, 5519 }, // U+00D5
    { 16, 23, 288, 1, 23, 46, 5565 }, // U+00D6
    { 13, 12, 224, 0, 13, 20, 5611 }, // U+00D7
    { 18, 19, 288, 0, 19, 43, 5631 }, // U+00D8
    { 14, 24, 288, 2, 24, 42, 5674 }, // U+00D9
    { 14, 24, 288, 2, 24, 42, 5716 }, // U+00DA
    { 14, 24, 288, 2, 24, 42, 5758 }, // U+00DB
    { 14, 23, 288, 2, 23, 41, 5800 }, // U+00DC
    { 14, 24, 256, 1, 24, 42, 5841 }, // U+00DD
    { 13, 19, 256, 2, 19, 31, 5883 }, // U+00DE
    { 10, 19, 240, 3, 19, 24, 5914 }, // U+00DF
    { 11, 19, 208, 1, 19, 27, 5938 }, // U+00E0
    { 11, 19, 208, 1, 19, 27, 5965 }, // U+00E1
    { 11, 19, 208, 1, 19, 27, 5992 }, // U+00E2
    { 11, 18, 208, 1, 18, 25, 6019 }, // U+00E3
    { 11, 18, 208, 1, 18, 25, 6044 }, // U+00E4
    { 11, 19, 208, 1, 19, 27, 6069 }, // U+00E5
    { 19, 14, 336, 1, 14, 34, 6096 }, // U+00E6
    { 10, 19, 192, 1, 14, 24, 6130 }, // U+00E7
    { 11, 19, 208, 1, 19, 27, 6154 }, // U+00E8
    { 11, 19, 208, 1, 19, 27, 6181 }, // U+00E9
    { 11, 19, 208, 1, 19, 27, 6208 }, // U+00EA
    { 11, 18, 208, 1, 18, 25, 6235 }, // U+00EB
    { 5, 19, 96, 0, 19, 12, 6260 }, // U+00EC
    { 5, 19, 96, 1, 19, 12, 6272 }, // U+00ED
    { 8, 19, 96, -1, 19, 19, 6284 }, // U+00EE
    { 6, 18, 96, 0, 18, 14, 6303 }, // U+00EF
    { 11, 19, 208, 1, 19, 27, 6317 }, // U+00F0
    { 10, 18, 224, 2, 18, 23, 6344 }, // U+00F1
    { 11, 19, 208, 1, 19, 27, 6367 }, // U+00F2
    { 11, 19, 208, 1, 19, 27, 6394 }, // U+00F3
    { 11, 19, 208, 1, 19, 27, 6421 }, // U+00F4
    { 11, 18, 208, 1, 18, 25, 6448 }, // U+00F5
    { 11, 18, 208, 1, 18, 25, 6473 }, // U+00F6
    { 12, 12, 224, 1, 13, 18, 6498 }, // U+00F7
    { 13, 14, 208, 0, 14, 23, 6516 }, // U+00F8
    { 10, 19, 224, 2, 19, 24, 6539 }, // U+00F9
    { 10, 19, 224, 2, 19, 24, 6563 }, // U+00FA
    { 10, 19, 224, 2, 19, 24, 6587 }, // U+00FB
    { 10, 18, 224, 2, 18, 23, 6611 }, // U+00FC
    { 12, 24, 208, 0, 19, 36, 6634 }, // U+00FD
    { 11, 24, 224, 2, 19, 33, 6670 }, // U+00FE
    { 12, 23, 208, 0, 18, 35, 6703 }, // U+00FF
    { 15, 22, 272, 1, 22, 42, 6738 }, // U+0100
    { 11, 17, 208, 1, 17, 24, 6780 }, // U+0101
    { 15, 24, 272, 1, 24, 45, 6804 }, // U+0102
    { 11, 19, 208, 1, 19, 27, 6849 }, // U+0103
    { 15, 24, 272, 1, 19, 45, 6876 }, // U+0104
    { 11, 19, 208, 1, 14, 27, 6921 }, // U+0105
    { 15, 24, 288, 1, 24, 45, 6948 }, // U+0106
    { 10, 19, 192, 1, 19, 24, 6993 }, // U+0107
    { 15, 24, 288, 1, 24, 45, 7017 }, // U+0108
    { 10, 19, 192, 1, 19, 24, 7062 }, // U+0109
    { 15, 22, 288, 1, 22, 42, 7086 }, // U+010A
    { 10, 17, 192, 1, 17, 22, 7128 }, // U+010B
    { 15, 24, 288, 1, 24, 45, 7150 }, // U+010C
    { 10, 19, 192, 1, 19, 24, 7195 }, // U+010D
    { 15, 24, 288, 2, 24, 45, 7219 }, // U+010E
    { 16, 19, 304, 1, 19, 38, 7264 }, // U+010F
    { 18, 19, 288, -1, 19, 43, 7302 }, // U+0110
    { 11, 19, 224, 1, 19, 27, 7345 }, // U+0111
    { 12, 22, 256, 2, 22, 33, 7372 }, // U+0112
    { 11, 17, 208, 1, 17, 24, 7405 }, // U+0113
    { 12, 24, 256, 2, 24, 36, 7429 }, // U+0114
    { 11, 19, 208, 1, 19, 27, 7465 }, // U+0115
    { 12, 22, 256, 2, 22, 33, 7492 }, // U+0116
    { 11, 17, 208, 1, 17, 24, 7525 }, // U+0117
    { 12, 24, 256, 2, 19, 36, 7549 }, // U+0118
    { 11, 19, 208, 1, 14, 27, 7585 }, // U+0119
    { 12, 24, 256, 2, 24, 36, 7612 }, // U+011A
    { 11, 19, 208, 1, 19, 27, 7648 }, // U+011B
    { 16, 24, 304, 1, 24, 48, 7675 }, // U+011C
    { 11, 24, 224, 1, 19, 33, 7723 }, // U+011D
    { 16, 24, 304, 1, 24, 48, 7756 }, // U+011E
    { 11, 24, 224, 1, 19, 33, 7804 }, // U+011F
    { 16, 22, 304, 1, 22, 44, 7837 }, // U+0120
    { 11, 22, 224, 1, 17, 31, 7881 }, // U+0121
    { 16, 26, 304, 1, 19, 52, 7912 }, // U+0122
    { 11, 26, 224, 1, 21, 36, 7964 }, // U+0123
    { 14, 24, 288, 2, 24, 42, 8000 }, // U+0124
    { 12, 24, 208, 0, 24, 36, 8042 }, // U+0125
    { 14, 19, 288, 2, 19, 34, 8078 }, // U+0126
    { 10, 19, 208, 2, 19, 24, 8112 }, // U+0127
    { 8, 23, 128, 0, 23, 23, 8136 }, // U+0128
    { 8, 18, 96, -1, 18, 18, 8159 }, // U+0129
    { 6, 22, 128, 1, 22, 17, 8177 }, // U+012A
    { 6, 17, 96, 0, 17, 13, 8194 }, // U+012B
    { 8, 24, 128, 0, 24, 24, 8207 }, // U+012C
    { 8, 19, 96, -1, 19, 19, 8231 }, // U+012D
    { 5, 24, 128, 2, 19, 15, 8250 }, // U+012E
    { 5, 24, 96, 1, 19, 15, 8265 }, // U+012F
    { 2, 22, 128, 3, 22, 6, 8280 }, // U+0130
    { 2, 14, 96, 2, 14, 4, 8286 }, // U+0131
    { 16, 19, 336, 3, 19, 38, 8290 }, // U+0132
    { 8, 24, 192, 2, 19, 24, 8328 }, // U+0133
    { 12, 24, 208, 1, 24, 36, 8352 }, // U+0134
    { 8, 24, 96, -1, 19, 24, 8388 }, // U+0135
    { 13, 26, 288, 3, 19, 43, 8412 }, // U+0136
    { 10, 26, 192, 2, 19, 33, 8455 }, // U+0137
    { 10, 14, 192, 2, 14, 18, 8488 }, // U+0138
    { 11, 24, 224, 2, 24, 33, 8506 }, // U+0139
    { 5, 24, 96, 1, 24, 15, 8539 }, // U+013A
    { 11, 26, 224, 2, 19, 36, 8554 }, // U+013B
    { 2, 26, 96, 2, 19, 7, 8590 }, // U+013C
    { 15, 19, 304, 2, 19, 36, 8597 }, // U+013D
    { 8, 19, 192, 2, 19, 19, 8633 }, // U+013E
    { 15, 19, 304, 2, 19, 36, 8652 }, // U+013F
    { 8, 19, 192, 2, 19, 19, 8688 }, // U+0140
    { 14, 19, 224, -1, 19, 34, 8707 }, // U+0141
    { 6, 19, 96, 0, 19, 15, 8741 }, // U+0142
    { 14, 24, 288, 2, 24, 42, 8756 }, // U+0143
    { 10, 19, 224, 2, 19, 24, 8798 }, // U+0144
    { 14, 26, 288, 2, 19, 46, 8822 }, // U+0145
    { 10, 21, 224, 2, 14, 27, 8868 }, // U+0146
    { 14, 24, 288, 2, 24, 42, 8895 }, // U+0147
    { 10, 19, 224, 2, 19, 24, 8937 }, // U+0148
    { 16, 19, 320, 2, 19, 38, 8961 }, // U+0149
    { 14, 24, 288, 2, 19, 42, 8999 }, // U+014A
    { 10, 19, 224, 2, 14, 24, 9041 }, // U+014B
    { 16, 22, 288, 1, 22, 44, 9065 }, // U+014C
    { 11, 17, 208, 1, 17, 24, 9109 }, // U+014D
    { 16, 24, 288, 1, 24, 48, 9133 }, // U+014E
    { 11, 19, 208, 1, 19, 27, 9181 }, // U+014F
    { 16, 23, 288, 1, 23, 46, 9208 }, // U+0150
    { 11, 18, 208, 1, 18, 25, 9254 }, // U+0151
    { 21, 19, 368, 1, 19, 50, 9279 }, // U+0152
    { 20, 14, 352, 1, 14, 35, 9329 }, // U+0153
    { 13, 24, 272, 2, 24, 39, 9364 }, // U+0154
    { 6, 19, 144, 2, 19, 15, 9403 }, // U+0155
    { 13, 26, 272, 2, 19, 43, 9418 }, // U+0156
    { 6, 21, 144, 2, 14, 16, 9461 }, // U+0157
    { 13, 24, 272, 2, 24, 39, 9477 }, // U+0158
    { 8, 19, 144, 1, 19, 19, 9516 }, // U+0159
    { 13, 24, 256, 2, 24, 39, 9535 }, // U+015A
    { 10, 19, 192, 1, 19, 24, 9574 }, // U+015B
    { 13, 24, 256, 2, 24, 39, 9598 }, // U+015C
    { 10, 19, 192, 1, 19, 24, 9637 }, // U+015D
    { 13, 24, 256, 2, 19, 39, 9661 }, // U+015E
    { 10, 19, 192, 1, 14, 24, 9700 }, // U+015F
    { 13, 19, 256, 2, 19, 31, 9724 }, // U+0160
    { 10, 19, 192, 1, 19, 24, 9755 }, // U+0161
    { 14, 24, 256, 1, 19, 42, 9779 }, // U+0162
    { 6, 23, 128, 1, 18, 18, 9821 }, // U+0163
    { 14, 24, 256, 1, 24, 42, 9839 }, // U+0164
    { 11, 19, 224, 1, 19, 27, 9881 }, // U+0165
    { 14, 19, 256, 1, 19, 34, 9908 }, // U+0166
    { 6, 18, 128, 1, 18, 14, 9942 }, // U+0167
    { 14, 23, 288, 2, 23, 41, 9956 }, // U+0168
    { 10, 18, 224, 2, 18, 23, 9997 }, // U+0169
    { 14, 22, 288, 2, 22, 39, 10020 }, // U+016A
    { 10, 17, 224, 2, 17, 22, 10059 }, // U+016B
    { 14, 24, 288, 2, 24, 42, 10081 }, // U+016C
    { 10, 19, 224, 2, 19, 24, 10123 }, // U+016D
    { 14, 25, 288, 2, 25, 44, 10147 }, // U+016E
    { 10, 20, 224, 2, 20, 25, 10191 }, // U+016F
    { 14, 23, 288, 2, 23, 41, 10216 }, // U+0170
    { 10, 18, 224, 2, 18, 23, 10257 }, // U+0171
    { 14, 24, 288, 2, 19, 42, 10280 }, // U+0172
    { 10, 19, 224, 2, 14, 24, 10322 }, // U+0173
    { 20, 24, 352, 1, 24, 60, 10346 }, // U+0174
    { 18, 19, 288, 0, 19, 43, 10406 }, // U+0175
    { 14, 24, 256, 1, 24, 42, 10449 }, // U+0176
    { 12, 24, 208, 0, 19, 36, 10491 }, // U+0177
    { 12, 19, 256, 2, 19, 29, 10527 }, // U+0178
    { 13, 24, 240, 1, 24, 39, 10556 }, // U+0179
    { 10, 19, 192, 1, 19, 24, 10595 }, // U+017A
    { 13, 22, 240, 1, 22, 36, 10619 }, // U+017B
    { 10, 17, 192, 1, 17, 22, 10655 }, // U+017C
    { 13, 19, 240, 1, 19, 31, 10677 }, // U+017D
    { 10, 19, 192, 1, 19, 24, 10708 }, // U+017E
    { 8, 16, 128, 0, 14, 16, 10732 }, // U+017F
    { 17, 19, 288, 1, 19, 41, 10748 }, // U+01A0
    { 12, 14, 208, 1, 14, 21, 10789 }, // U+01A1
    { 15, 19, 288, 2, 19, 36, 10810 }, // U+01AF
    { 11, 14, 224, 2, 14, 20, 10846 }, // U+01B0
    { 8, 16, 128, 0, 14, 16, 10866 }, // U+01C4
    { 8, 16, 128, 0, 14, 16, 10882 }, // U+01C5
    { 8, 16, 128, 0, 14, 16, 10898 }, // U+01C6
    { 8, 16, 128, 0, 14, 16, 10914 }, // U+01C7
    { 8, 16, 128, 0, 14, 16, 10930 }, // U+01C8
    { 8, 16, 128, 0, 14, 16, 10946 }, // U+01C9
    { 8, 16, 128, 0, 14, 16, 10962 }, // U+01CA
    { 8, 16, 128, 0, 14, 16, 10978 }, // U+01CB
    { 8, 16, 128, 0, 14, 16, 10994 }, // U+01CC
    { 15, 24, 272, 1, 24, 45, 11010 }, // U+01CD
    { 11, 19, 208, 1, 19, 27, 11055 }, // U+01CE
    { 8, 24, 128, 0, 24, 24, 11082 }, // U+01CF
    { 8, 19, 96, -1, 19, 19, 11106 }, // U+01D0
    { 16, 24, 288, 1, 24, 48, 11125 }, // U+01D1
    { 11, 19, 208, 1, 19, 27, 11173 }, // U+01D2
    { 14, 24, 288, 2, 24, 42, 11200 }, // U+01D3
    { 10, 19, 224, 2, 19, 24, 11242 }, // U+01D4
    { 14, 26, 288, 2, 26, 46, 11266 }, // U+01D5
    { 10, 21, 224, 2, 21, 27, 11312 }, // U+01D6
    { 14, 28, 288, 2, 28, 49, 11339 }, // U+01D7
    { 10, 23, 224, 2, 23, 29, 11388 }, // U+01D8
    { 14, 28, 288, 2, 28, 49, 11417 }, // U+01D9
    { 10, 23, 224, 2, 23, 29, 11466 }, // U+01DA
    { 14, 28, 288, 2, 28, 49, 11495 }, // U+01DB
    { 10, 23, 224, 2, 23, 29, 11544 }, // U+01DC
    { 11, 14, 208, 1, 14, 20, 11573 }, // U+01DD
    { 15, 26, 272, 1, 26, 49, 11593 }, // U+01DE
    { 11, 21, 208, 1, 21, 29, 11642 }, // U+01DF
    { 15, 25, 272, 1, 25, 47, 11671 }, // U+01E0
    { 11, 20, 208, 1, 20, 28, 11718 }, // U+01E1
    { 21, 22, 368, 1, 22, 58, 11746 }, // U+01E2
    { 19, 17, 336, 1, 17, 41, 11804 }, // U+01E3
    { 16, 19, 304, 1, 19, 38, 11845 }, // U+01E4
    { 11, 19, 224, 1, 14, 27, 11883 }, // U+01E5
    { 16, 24, 304, 1, 24, 48, 11910 }, // U+01E6
    { 11, 24, 224, 1, 19, 33, 11958 }, // U+01E7
    { 13, 24, 288, 3, 24, 39, 11991 }, // U+01E8
    { 12, 24, 192, 0, 24, 36, 12030 }, // U+01E9
    { 16, 24, 288, 1, 19, 48, 12066 }, // U+01EA
    { 11, 19, 208, 1, 14, 27, 12114 }, // U+01EB
    { 16, 27, 288, 1, 22, 54, 12141 }, // U+01EC
    { 11, 22, 208, 1, 17, 31, 12195 }, // U+01ED
    { 8, 16, 128, 0, 14, 16, 12226 }, // U+01EE
    { 8, 16, 128, 0, 14, 16, 12242 }, // U+01EF
    { 8, 24, 96, -1, 19, 24, 12258 }, // U+01F0
    { 8, 16, 128, 0, 14, 16, 12282 }, // U+01F1
    { 8, 16, 128, 0, 14, 16, 12298 }, // U+01F2
    { 8, 16, 128, 0, 14, 16, 12314 }, // U+01F3
    { 16, 24, 304, 1, 24, 48, 12330 }, // U+01F4
    { 11, 24, 224, 1, 19, 33, 12378 }, // U+01F5
    { 8, 16, 128, 0, 14, 16, 12411 }, // U+01F6
    { 8, 16, 128, 0, 14, 16, 12427 }, // U+01F7
    { 14, 24, 288, 2, 24, 42, 12443 }, // U+01F8
    { 10, 19, 224, 2, 19, 24, 12485 }, // U+01F9
    { 15, 29, 272, 1, 29, 55, 12509 }, // U+01FA
    { 11, 24, 208, 1, 24, 33, 12564 }, // U+01FB
    { 21, 24, 368, 1, 24, 63, 12597 }, // U+01FC
    { 19, 19, 336, 1, 19, 46, 12660 }, // U+01FD
    { 18, 24, 288, 0, 24, 54, 12706 }, // U+01FE
    { 13, 19, 208, 0, 19, 31, 12760 }, // U+01FF
    { 15, 23, 272, 1, 23, 44, 12791 }, // U+0200
    { 11, 18, 208, 1, 18, 25, 12835 }, // U+0201
    { 15, 24, 272, 1, 24, 45, 12860 }, // U+0202
    { 11, 19, 208, 1, 19, 27, 12905 }, // U+0203
    { 12, 23, 256, 2, 23, 35, 12932 }, // U+0204
    { 11, 18, 208, 1, 18, 25, 12967 }, // U+0205
    { 12, 24, 256, 2, 24, 36, 12992 }, // U+0206
    { 11, 19, 208, 1, 19, 27, 13028 }, // U+0207
    { 7, 23, 128, 0, 23, 21, 13055 }, // U+0208
    { 7, 18, 96, -1, 18, 16, 13076 }, // U+0209
    { 8, 24, 128, 0, 24, 24, 13092 }, // U+020A
    { 8, 19, 96, -1, 19, 19, 13116 }, // U+020B
    { 16, 23, 288, 1, 23, 46, 13135 }, // U+020C
    { 11, 18, 208, 1, 18, 25, 13181 }, // U+020D
    { 16, 24, 288, 1, 24, 48, 13206 }, // U+020E
    { 11, 19, 208, 1, 19, 27, 13254 }, // U+020F
    { 13, 23, 272, 2, 23, 38, 13281 }, // U+0210
    { 7, 18, 144, 1, 18, 16, 13319 }, // U+0211
    { 13, 24, 272, 2, 24, 39, 13335 }, // U+0212
    { 8, 19, 144, 1, 19, 19, 13374 }, // U+0213
    { 14, 23, 288, 2, 23, 41, 13393 }, // U+0214
    { 10, 18, 224, 2, 18, 23, 13434 }, // U+0215
    { 14, 24, 288, 2, 24, 42, 13457 }, // U+0216
    { 10, 19, 224, 2, 19, 24, 13499 }, // U+0217
    { 13, 26, 256, 2, 19, 43, 13523 }, // U+0218
    { 10, 21, 192, 1, 14, 27, 13566 }, // U+0219
    { 14, 26, 256, 1, 19, 46, 13593 }, // U+021A
    { 6, 25, 128, 1, 18, 19, 13639 }, // U+021B
    { 8, 16, 128, 0, 14, 16, 13658 }, // U+021C
    { 8, 16, 128, 0, 14, 16, 13674 }, // U+021D
    { 14, 24, 288, 2, 24, 42, 13690 }, // U+021E
    { 12, 24, 208, 0, 24, 36, 13732 }, // U+021F
    { 8, 16, 128, 0, 14, 16, 13768 }, // U+0300
    { 8, 16, 128, 0, 14, 16, 13784 }, // U+0301
    { 8, 16, 128, 0, 14, 16, 13800 }, // U+0302
    { 8, 16, 128, 0, 14, 16, 13816 }, // U+0303
    { 8, 16, 128, 0, 14, 16, 13832 }, // U+0304
    { 8, 16, 128, 0, 14, 16, 13848 }, // U+0305
    { 8, 16, 128, 0, 14, 16, 13864 }, // U+0306
    { 8, 16, 128, 0, 14, 16, 13880 }, // U+0307
    { 8, 16, 128, 0, 14, 16, 13896 }, // U+0308
    { 8, 16, 128, 0, 14, 16, 13912 }, // U+0309
    { 8, 16, 128, 0, 14, 16, 13928 }, // U+030A
    { 8, 16, 128, 0, 14, 16, 13944 }, // U+030B
    { 8, 16, 128, 0, 14, 16, 13960 }, // U+030C
    { 8, 16, 128, 0, 14, 16, 13976 }, // U+030D
    { 8, 16, 128, 0, 14, 16, 13992 }, // U+030E
    { 8, 16, 128, 0, 14, 16, 14008 }, // U+030F
    { 8, 16, 128, 0, 14, 16, 14024 }, // U+0310
    { 8, 16, 128, 0, 14, 16, 14040 }, // U+0311
    { 8, 16, 128, 0, 14, 16, 14056 }, // U+0312
    { 8, 16, 128, 0, 14, 16, 14072 }, // U+0313
    { 8, 16, 128, 0, 14, 16, 14088 }, // U+0314
    { 8, 16, 128, 0, 14, 16, 14104 }, // U+0315
    { 8, 16, 128, 0, 14, 16, 14120 }, // U+0316
    { 8, 16, 128, 0, 14, 16, 14136 }, // U+0317
    { 8, 16, 128, 0, 14, 16, 14152 }, // U+0318
    { 8, 16, 128, 0, 14, 16, 14168 }, // U+0319
    { 8, 16, 128, 0, 14, 16, 14184 }, // U+031A
    { 8, 16, 128, 0, 14, 16, 14200 }, // U+031B
    { 8, 16, 128, 0, 14, 16, 14216 }, // U+031C
    { 8, 16, 128, 0, 14, 16, 14232 }, // U+031D
    { 8, 16, 128, 0, 14, 16, 14248 }, // U+031E
    { 8, 16, 128, 0, 14, 16, 14264 }, // U+031F
    { 8, 16, 128, 0, 14, 16, 14280 }, // U+0320
    { 8, 16, 128, 0, 14, 16, 14296 }, // U+0321
    { 8, 16, 128, 0, 14, 16, 14312 }, // U+0322
    { 8, 16, 128, 0, 14, 16, 14328 }, // U+0323
    { 8, 16, 128, 0, 14, 16, 14344 }, // U+0324
    { 8, 16, 128, 0, 14, 16, 14360 }, // U+0325
    { 8, 16, 128, 0, 14, 16, 14376 }, // U+0326
    { 8, 16, 128, 0, 14, 16, 14392 }, // U+0327
    { 8, 16, 128, 0, 14, 16, 14408 }, // U+0328
    { 8, 16, 128, 0, 14, 16, 14424 }, // U+0329
    { 8, 16, 128, 0, 14, 16, 14440 }, // U+032A
    { 8, 16, 128, 0, 14, 16, 14456 }, // U+032B
    { 8, 16, 128, 0, 14, 16, 14472 }, // U+032C
    { 8, 16, 128, 0, 14, 16, 14488 }, // U+032D
    { 8, 16, 128, 0, 14, 16, 14504 }, // U+032E
    { 8, 16, 128, 0, 14, 16, 14520 }, // U+032F
    { 8, 16, 128, 0, 14, 16, 14536 }, // U+0330
    { 8, 16, 128, 0, 14, 16, 14552 }, // U+0331
    { 8, 16, 128, 0, 14, 16, 14568 }, // U+0332
    { 8, 16, 128, 0, 14, 16, 14584 }, // U+0333
    { 8, 16, 128, 0, 14, 16, 14600 }, // U+0334
    { 8, 16, 128, 0, 14, 16, 14616 }, // U+0335
    { 8, 16, 128, 0, 14, 16, 14632 }, // U+0336
    { 8, 16, 128, 0, 14, 16, 14648 }, // U+0337
    { 8, 16, 128, 0, 14, 16, 14664 }, // U+0338
    { 8, 16, 128, 0, 14, 16, 14680 }, // U+0339
    { 8, 16, 128, 0, 14, 16, 14696 }, // U+033A
    { 8, 16, 128, 0, 14, 16, 14712 }, // U+033B
    { 8, 16, 128, 0, 14, 16, 14728 }, // U+033C
    { 8, 16, 128, 0, 14, 16, 14744 }, // U+033D
    { 8, 16, 128, 0, 14, 16, 14760 }, // U+033E
    { 8, 16, 128, 0, 14, 16, 14776 }, // U+033F
    { 8, 16, 128, 0, 14, 16, 14792 }, // U+0340
    { 8, 16, 128, 0, 14, 16, 14808 }, // U+0341
    { 8, 16, 128, 0, 14, 16, 14824 }, // U+0342
    { 8, 16, 128, 0, 14, 16, 14840 }, // U+0343
    { 8, 16, 128, 0, 14, 16, 14856 }, // U+0344
    { 8, 16, 128, 0, 14, 16, 14872 }, // U+0345
    { 8, 16, 128, 0, 14, 16, 14888 }, // U+0346
    { 8, 16, 128, 0, 14, 16, 14904 }, // U+0347
    { 8, 16, 128, 0, 14, 16, 14920 }, // U+0348
    { 8, 16, 128, 0, 14, 16, 14936 }, // U+0349
    { 8, 16, 128, 0, 14, 16, 14952 }, // U+034A
    { 8, 16, 128, 0, 14, 16, 14968 }, // U+034B
    { 8, 16, 128, 0, 14, 16, 14984 }, // U+034C
    { 8, 16, 128, 0, 14, 16, 15000 }, // U+034D
    { 8, 16, 128, 0, 14, 16, 15016 }, // U+034E
    { 16, 16, 256, 0, 14, 32, 15032 }, // U+034F
    { 8, 16, 128, 0, 14, 16, 15064 }, // U+0350
    { 8, 16, 128, 0, 14, 16, 15080 }, // U+0351
    { 8, 16, 128, 0, 14, 16, 15096 }, // U+0352
    { 8, 16, 128, 0, 14, 16, 15112 }, // U+0353
    { 8, 16, 128, 0, 14, 16, 15128 }, // U+0354
    { 8, 16, 128, 0, 14, 16, 15144 }, // U+0355
    { 8, 16, 128, 0, 14, 16, 15160 }, // U+0356
    { 8, 16, 128, 0, 14, 16, 15176 }, // U+0357
    { 8, 16, 128, 0, 14, 16, 15192 }, // U+0358
    { 8, 16, 128, 0, 14, 16, 15208 }, // U+0359
    { 8, 16, 128, 0, 14, 16, 15224 }, // U+035A
    { 8, 16, 128, 0, 14, 16, 15240 }, // U+035B
    { 16, 16, 256, 0, 14, 32, 15256 }, // U+035C
    { 16, 16, 256, 0, 14, 32, 15288 }, // U+035D
    { 16, 16, 256, 0, 14, 32, 15320 }, // U+035E
    { 16, 16, 256, 0, 14, 32, 15352 }, // U+035F
    { 16, 16, 256, 0, 14, 32, 15384 }, // U+0360
    { 16, 16, 256, 0, 14, 32, 15416 }, // U+0361
    { 16, 16, 256, 0, 14, 32, 15448 }, // U+0362
    { 8, 16, 128, 0, 14, 16, 15480 }, // U+0363
    { 8, 16, 128, 0, 14, 16, 15496 }, // U+0364
    { 8, 16, 128, 0, 14, 16, 15512 }, // U+0365
    { 8, 16, 128, 0, 14, 16, 15528 }, // U+0366
    { 8, 16, 128, 0, 14, 16, 15544 }, // U+0367
    { 8, 16, 128, 0, 14, 16, 15560 }, // U+0368
    { 8, 16, 128, 0, 14, 16, 15576 }, // U+0369
    { 8, 16, 128, 0, 14, 16, 15592 }, // U+036A
    { 8, 16, 128, 0, 14, 16, 15608 }, // U+036B
    { 8, 16, 128, 0, 14, 16, 15624 }, // U+036C
    { 8, 16, 128, 0, 14, 16, 15640 }, // U+036D
    { 8, 16, 128, 0, 14, 16, 15656 }, // U+036E
    { 8, 16, 128, 0, 14, 16, 15672 }, // U+036F
    { 8, 16, 128, 0, 14, 16, 15688 }, // U+0400
    { 8, 16, 128, 0, 14, 16, 15704 }, // U+0401
    { 8, 16, 128, 0, 14, 16, 15720 }, // U+0402
    { 8, 16, 128, 0, 14, 16, 15736 }, // U+0403
    { 8, 16, 128, 0, 14, 16, 15752 }, // U+0404
    { 8, 16, 128, 0, 14, 16, 15768 }, // U+0405
    { 8, 16, 128, 0, 14, 16, 15784 }, // U+0406
    { 8, 16, 128, 0, 14, 16, 15800 }, // U+0407
    { 8, 16, 128, 0, 14, 16, 15816 }, // U+0408
    { 8, 16, 128, 0, 14, 16, 15832 }, // U+0409
    { 8, 16, 128, 0, 14, 16, 15848 }, // U+040A
    { 8, 16, 128, 0, 14, 16, 15864 }, // U+040B
    { 8, 16, 128, 0, 14, 16, 15880 }, // U+040C
    { 8, 16, 128, 0, 14, 16, 15896 }, // U+040D
    { 8, 16, 128, 0, 14, 16, 15912 }, // U+040E
    { 8, 16, 128, 0, 14, 16, 15928 }, // U+040F
    { 8, 16, 128, 0, 14, 16, 15944 }, // U+0410
    { 8, 16, 128, 0, 14, 16, 15960 }, // U+0411
    { 8, 16, 128, 0, 14, 16, 15976 }, // U+0412
    { 8, 16, 128, 0, 14, 16, 15992 }, // U+0413
    { 8, 16, 128, 0, 14, 16, 16008 }, // U+0414
    { 8, 16, 128, 0, 14, 16, 16024 }, // U+0415
    { 8, 16, 128, 0, 14, 16, 16040 }, // U+0416
    { 8, 16, 128, 0, 14, 16, 16056 }, // U+0417
    { 8, 16, 128, 0, 14, 16, 16072 }, // U+0418
    { 8, 16, 128, 0, 14, 16, 16088 }, // U+0419
    { 8, 16, 128, 0, 14, 16, 16104 }, // U+041A
    { 8, 16, 128, 0, 14, 16, 16120 }, // U+041B
    { 8, 16, 128, 0, 14, 16, 16136 }, // U+041C
    { 8, 16, 128, 0, 14, 16, 16152 }, // U+041D
    { 8, 16, 128, 0, 14, 16, 16168 }, // U+041E
    { 8, 16, 128, 0, 14, 16, 16184 }, // U+041F
    { 8, 16, 128, 0, 14, 16, 16200 }, // U+0420
    { 8, 16, 128, 0, 14, 16, 16216 }, // U+0421
    { 8, 16, 128, 0, 14, 16, 16232 }, // U+0422
    { 8, 16, 128, 0, 14, 16, 16248 }, // U+0423
    { 8, 16, 128, 0, 14, 16, 16264 }, // U+0424
    { 8, 16, 128, 0, 14, 16, 16280 }, // U+0425
    { 8, 16, 128, 0, 14, 16, 16296 }, // U+0426
    { 8, 16, 128, 0, 14, 16, 16312 }, // U+0427
    { 8, 16, 128, 0, 14, 16, 16328 }, // U+0428
    { 8, 16, 128, 0, 14, 16, 16344 }, // U+0429
    { 8, 16, 128, 0, 14, 16, 16360 }, // U+042A
    { 8, 16, 128, 0, 14, 16, 16376 }, // U+042B
    { 8, 16, 128, 0, 14, 16, 16392 }, // U+042C
    { 8, 16, 128, 0, 14, 16, 16408 }, // U+042D
    { 8, 16, 128, 0, 14, 16, 16424 }, // U+042E
    { 8, 16, 128, 0, 14, 16, 16440 }, // U+042F
    { 8, 16, 128, 0, 14, 16, 16456 }, // U+0430
    { 8, 16, 128, 0, 14, 16, 16472 }, // U+0431
    { 8, 16, 128, 0, 14, 16, 16488 }, // U+0432
    { 8, 16, 128, 0, 14, 16, 16504 }, // U+0433
    { 8, 16, 128, 0, 14, 16, 16520 }, // U+0434
    { 8, 16, 128, 0, 14, 16, 16536 }, // U+0435
    { 8, 16, 128, 0, 14, 16, 16552 }, // U+0436
    { 8, 16, 128, 0, 14, 16, 16568 }, // U+0437
    { 8, 16, 128, 0, 14, 16, 16584 }, // U+0438
    { 8, 16, 128, 0, 14, 16, 16600 }, // U+0439
    { 8, 16, 128, 0, 14, 16, 16616 }, // U+043A
    { 8, 16, 128, 0, 14, 16, 16632 }, // U+043B
    { 8, 16, 128, 0, 14, 16, 16648 }, // U+043C
    { 8, 16, 128, 0, 14, 16, 16664 }, // U+043D
    { 8, 16, 128, 0, 14, 16, 16680 }, // U+043E
    { 8, 16, 128, 0, 14, 16, 16696 }, // U+043F
    { 8, 16, 128, 0, 14, 16, 16712 }, // U+0440
    { 8, 16, 128, 0, 14, 16, 16728 }, // U+0441
    { 8, 16, 128, 0, 14, 16, 16744 }, // U+0442
    { 8, 16, 128, 0, 14, 16, 16760 }, // U+0443
    { 8, 16, 128, 0, 14, 16, 16776 }, // U+0444
    { 8, 16, 128, 0, 14, 16, 16792 }, // U+0445
    { 8, 16, 128, 0, 14, 16, 16808 }, // U+0446
    { 8, 16, 128, 0, 14, 16, 16824 }, // U+0447
    { 8, 16, 128, 0, 14, 16, 16840 }, // U+0448
    { 8, 16, 128, 0, 14, 16, 16856 }, // U+0449
    { 8, 16, 128, 0, 14, 16, 16872 }, // U+044A
    { 8, 16, 128, 0, 14, 16, 16888 }, // U+044B
    { 8, 16, 128, 0, 14, 16, 16904 }, // U+044C
    { 8, 16, 128, 0, 14, 16, 16920 }, // U+044D
    { 8, 16, 128, 0, 14, 16, 16936 }, // U+044E
    { 8, 16, 128, 0, 14, 16, 16952 }, // U+044F
    { 8, 16, 128, 0, 14, 16, 16968 }, // U+0450
    { 8, 16, 128, 0, 14, 16, 16984 }, // U+0451
    { 8, 16, 128, 0, 14, 16, 17000 }, // U+0452
    { 8, 16, 128, 0, 14, 16, 17016 }, // U+0453
    { 8, 16, 128, 0, 14, 16, 17032 }, // U+0454
    { 8, 16, 128, 0, 14, 16, 17048 }, // U+0455
    { 8, 16, 128, 0, 14, 16, 17064 }, // U+0456
    { 8, 16, 128, 0, 14, 16, 17080 }, // U+0457
    { 8, 16, 128, 0, 14, 16, 17096 }, // U+0458
    { 8, 16, 128, 0, 14, 16, 17112 }, // U+0459
    { 8, 16, 128, 0, 14, 16, 17128 }, // U+045A
    { 8, 16, 128, 0, 14, 16, 17144 }, // U+045B
    { 8, 16, 128, 0, 14, 16, 17160 }, // U+045C
    { 8, 16, 128, 0, 14, 16, 17176 }, // U+045D
    { 8, 16, 128, 0, 14, 16, 17192 }, // U+045E
    { 8, 16, 128, 0, 14, 16, 17208 }, // U+045F
    { 8, 16, 128, 0, 14, 16, 17224 }, // U+0460
    { 8, 16, 128, 0, 14, 16, 17240 }, // U+0461
    { 8, 16, 128, 0, 14, 16, 17256 }, // U+0462
    { 8, 16, 128, 0, 14, 16, 17272 }, // U+0463
    { 8, 16, 128, 0, 14, 16, 17288 }, // U+0464
    { 8, 16, 128, 0, 14, 16, 17304 }, // U+0465
    { 8, 16, 128, 0, 14, 16, 17320 }, // U+0466
    { 8, 16, 128, 0, 14, 16, 17336 }, // U+0467
    { 8, 16, 128, 0, 14, 16, 17352 }, // U+0468
    { 8, 16, 128, 0, 14, 16, 17368 }, // U+0469
    { 8, 16, 128, 0, 14, 16, 17384 }, // U+046A
    { 8, 16, 128, 0, 14, 16, 17400 }, // U+046B
    { 8, 16, 128, 0, 14, 16, 17416 }, // U+046C
    { 8, 16, 128, 0, 14, 16, 17432 }, // U+046D
    { 8, 16, 128, 0, 14, 16, 17448 }, // U+046E
    { 8, 16, 128, 0, 14, 16, 17464 }, // U+046F
    { 8, 16, 128, 0, 14, 16, 17480 }, // U+0470
    { 8, 16, 128, 0, 14, 16, 17496 }, // U+0471
    { 8, 16, 128, 0, 14, 16, 17512 }, // U+0472
    { 8, 16, 128, 0, 14, 16, 17528 }, // U+0473
    { 8, 16, 128, 0, 14, 16, 17544 }, // U+0474
    { 8, 16, 128, 0, 14, 16, 17560 }, // U+0475
    { 8, 16, 128, 0, 14, 16, 17576 }, // U+0476
    { 8, 16, 128, 0, 14, 16, 17592 }, // U+0477
    { 8, 16, 128, 0, 14, 16, 17608 }, // U+0478
    { 8, 16, 128, 0, 14, 16, 17624 }, // U+0479
    { 8, 16, 128, 0, 14, 16, 17640 }, // U+047A
    { 8, 16, 128, 0, 14, 16, 17656 }, // U+047B
    { 8, 16, 128, 0, 14, 16, 17672 }, // U+047C
    { 8, 16, 128, 0, 14, 16, 17688 }, // U+047D
    { 8, 16, 128, 0, 14, 16, 17704 }, // U+047E
    { 8, 16, 128, 0, 14, 16, 17720 }, // U+047F
    { 8, 16, 128, 0, 14, 16, 17736 }, // U+0480
    { 8, 16, 128, 0, 14, 16, 17752 }, // U+0481
    { 8, 16, 128, 0, 14, 16, 17768 }, // U+0482
    { 8, 16, 128, 0, 14, 16, 17784 }, // U+0483
    { 8, 16, 128, 0, 14, 16, 17800 }, // U+0484
    { 8, 16, 128, 0, 14, 16, 17816 }, // U+0485
    { 8, 16, 128, 0, 14, 16, 17832 }, // U+0486
    { 8, 16, 128, 0, 14, 16, 17848 }, // U+0487
    { 16, 16, 256, 0, 14, 32, 17864 }, // U+0488
    { 16, 16, 256, 0, 14, 32, 17896 }, // U+0489
    { 8, 16, 128, 0, 14, 16, 17928 }, // U+048A
    { 8, 16, 128, 0, 14, 16, 17944 }, // U+048B
    { 8, 16, 128, 0, 14, 16, 17960 }, // U+048C
    { 8, 16, 128, 0, 14, 16, 17976 }, // U+048D
    { 8, 16, 128, 0, 14, 16, 17992 }, // U+048E
    { 8, 16, 128, 0, 14, 16, 18008 }, // U+048F
    { 8, 16, 128, 0, 14, 16, 18024 }, // U+0490
    { 8, 16, 128, 0, 14, 16, 18040 }, // U+0491
    { 8, 16, 128, 0, 14, 16, 18056 }, // U+0492
    { 8, 16, 128, 0, 14, 16, 18072 }, // U+0493
    { 8, 16, 128, 0, 14, 16, 18088 }, // U+0494
    { 8, 16, 128, 0, 14, 16, 18104 }, // U+0495
    { 8, 16, 128, 0, 14, 16, 18120 }, // U+0496
    { 8, 16, 128, 0, 14, 16, 18136 }, // U+0497
    { 8, 16, 128, 0, 14, 16, 18152 }, // U+0498
    { 8, 16, 128, 0, 14, 16, 18168 }, // U+0499
    { 8, 16, 128, 0, 14, 16, 18184 }, // U+049A
    { 8, 16, 128, 0, 14, 16, 18200 }, // U+049B
    { 8, 16, 128, 0, 14, 16, 18216 }, // U+049C
    { 8, 16, 128, 0, 14, 16, 18232 }, // U+049D
    { 8, 16, 128, 0, 14, 16, 18248 }, // U+049E
    { 8, 16, 128, 0, 14, 16, 18264 }, // U+049F
    { 8, 16, 128, 0, 14, 16, 18280 }, // U+04A0
    { 8, 16, 128, 0, 14, 16, 18296 }, // U+04A1
    { 8, 16, 128, 0, 14, 16, 18312 }, // U+04A2
    { 8, 16, 128, 0, 14, 16, 18328 }, // U+04A3
    { 8, 16, 128, 0, 14, 16, 18344 }, // U+04A4
    { 8, 16, 128, 0, 14, 16, 18360 }, // U+04A5
    { 8, 16, 128, 0, 14, 16, 18376 }, // U+04A6
    { 8, 16, 128, 0, 14, 16, 18392 }, // U+04A7
    { 8, 16, 128, 0, 14, 16, 18408 }, // U+04A8
    { 8, 16, 128, 0, 14, 16, 18424 }, // U+04A9
    { 8, 16, 128, 0, 14, 16, 18440 }, // U+04AA
    { 8, 16, 128, 0, 14, 16, 18456 }, // U+04AB
    { 8, 16, 128, 0, 14, 16, 18472 }, // U+04AC
    { 8, 16, 128, 0, 14, 16, 18488 }, // U+04AD
    { 8, 16, 128, 0, 14, 16, 18504 }, // U+04AE
    { 8, 16, 128, 0, 14, 16, 18520 }, // U+04AF
    { 8, 16, 128, 0, 14, 16, 18536 }, // U+04B0
    { 8, 16, 128, 0, 14, 16, 18552 }, // U+04B1
    { 8, 16, 128, 0, 14, 16, 18568 }, // U+04B2
    { 8, 16, 128, 0, 14, 16, 18584 }, // U+04B3
    { 8, 16, 128, 0, 14, 16, 18600 }, // U+04B4
    { 8, 16, 128, 0, 14, 16, 18616 }, // U+04B5
    { 8, 16, 128, 0, 14, 16, 18632 }, // U+04B6
    { 8, 16, 128, 0, 14, 16, 18648 }, // U+04B7
    { 8, 16, 128, 0, 14, 16, 18664 }, // U+04B8
    { 8, 16, 128, 0, 14, 16, 18680 }, // U+04B9
    { 8, 16, 128, 0, 14, 16, 18696 }, // U+04BA
    { 8, 16, 128, 0, 14, 16, 18712 }, // U+04BB
    { 8, 16, 128, 0, 14, 16, 18728 }, // U+04BC
    { 8, 16, 128, 0, 14, 16, 18744 }, // U+04BD
    { 8, 16, 128, 0, 14, 16, 18760 }, // U+04BE
    { 8, 16, 128, 0, 14, 16, 18776 }, // U+04BF
    { 8, 16, 128, 0, 14, 16, 18792 }, // U+04C0
    { 8, 16, 128, 0, 14, 16, 18808 }, // U+04C1
    { 8, 16, 128, 0, 14, 16, 18824 }, // U+04C2
    { 8, 16, 128, 0, 14, 16, 18840 }, // U+04C3
    { 8, 16, 128, 0, 14, 16, 18856 }, // U+04C4
    { 8, 16, 128, 0, 14, 16, 18872 }, // U+04C5
    { 8, 16, 128, 0, 14, 16, 18888 }, // U+04C6
    { 8, 16, 128, 0, 14, 16, 18904 }, // U+04C7
    { 8, 16, 128, 0, 14, 16, 18920 }, // U+04C8
    { 8, 16, 128, 0, 14, 16, 18936 }, // U+04C9
    { 8, 16, 128, 0, 14, 16, 18952 }, // U+04CA
    { 8, 16, 128, 0, 14, 16, 18968 }, // U+04CB
    { 8, 16, 128, 0, 14, 16, 18984 }, // U+04CC
    { 8, 16, 128, 0, 14, 16, 19000 }, // U+04CD
    { 8, 16, 128, 0, 14, 16, 19016 }, // U+04CE
    { 8, 16, 128, 0, 14, 16, 19032 }, // U+04CF
    { 8, 16, 128, 0, 14, 16, 19048 }, // U+04D0
    { 8, 16, 128, 0, 14, 16, 19064 }, // U+04D1
    { 8, 16, 128, 0, 14, 16, 19080 }, // U+04D2
    { 8, 16, 128, 0, 14, 16, 19096 }, // U+04D3
    { 8, 16, 128, 0, 14, 16, 19112 }, // U+04D4
    { 8, 16, 128, 0, 14, 16, 19128 }, // U+04D5
    { 8, 16, 128, 0, 14, 16, 19144 }, // U+04D6
    { 8, 16, 128, 0, 14, 16, 19160 }, // U+04D7
    { 8, 16, 128, 0, 14, 16, 19176 }, // U+04D8
    { 8, 16, 128, 0, 14, 16, 19192 }, // U+04D9
    { 8, 16, 128, 0, 14, 16, 19208 }, // U+04DA
    { 8, 16, 128, 0, 14, 16, 19224 }, // U+04DB
    { 8, 16, 128, 0, 14, 16, 19240 }, // U+04DC
    { 8, 16, 128, 0, 14, 16, 19256 }, // U+04DD
    { 8, 16, 128, 0, 14, 16, 19272 }, // U+04DE
    { 8, 16, 128, 0, 14, 16, 19288 }, // U+04DF
    { 8, 16, 128, 0, 14, 16, 19304 }, // U+04E0
    { 8, 16, 128, 0, 14, 16, 19320 }, // U+04E1
    { 8, 16, 128, 0, 14, 16, 19336 }, // U+04E2
    { 8, 16, 128, 0, 14, 16, 19352 }, // U+04E3
    { 8, 16, 128, 0, 14, 16, 19368 }, // U+04E4
    { 8, 16, 128, 0, 14, 16, 19384 }, // U+04E5
    { 8, 16, 128, 0, 14, 16, 19400 }, // U+04E6
    { 8, 16, 128, 0, 14, 16, 19416 }, // U+04E7
    { 8, 16, 128, 0, 14, 16, 19432 }, // U+04E8
    { 8, 16, 128, 0, 14, 16, 19448 }, // U+04E9
    { 8, 16, 128, 0, 14, 16, 19464 }, // U+04EA
    { 8, 16, 128, 0, 14, 16, 19480 }, // U+04EB
    { 8, 16, 128, 0, 14, 16, 19496 }, // U+04EC
    { 8, 16, 128, 0, 14, 16, 19512 }, // U+04ED
    { 8, 16, 128, 0, 14, 16, 19528 }, // U+04EE
    { 8, 16, 128, 0, 14, 16, 19544 }, // U+04EF
    { 8, 16, 128, 0, 14, 16, 19560 }, // U+04F0
    { 8, 16, 128, 0, 14, 16, 19576 }, // U+04F1
    { 8, 16, 128, 0, 14, 16, 19592 }, // U+04F2
    { 8, 16, 128, 0, 14, 16, 19608 }, // U+04F3
    { 8, 16, 128, 0, 14, 16, 19624 }, // U+04F4
    { 8, 16, 128, 0, 14, 16, 19640 }, // U+04F5
    { 8, 16, 128, 0, 14, 16, 19656 }, // U+04F6
    { 8, 16, 128, 0, 14, 16, 19672 }, // U+04F7
    { 8, 16, 128, 0, 14, 16, 19688 }, // U+04F8
    { 8, 16, 128, 0, 14, 16, 19704 }, // U+04F9
    { 8, 16, 128, 0, 14, 16, 19720 }, // U+04FA
    { 8, 16, 128, 0, 14, 16, 19736 }, // U+04FB
    { 8, 16, 128, 0, 14, 16, 19752 }, // U+04FC
    { 8, 16, 128, 0, 14, 16, 19768 }, // U+04FD
    { 8, 16, 128, 0, 14, 16, 19784 }, // U+04FE
    { 8, 16, 128, 0, 14, 16, 19800 }, // U+04FF
    { 8, 16, 128, 0, 14, 16, 19816 }, // U+05D0
    { 8, 16, 128, 0, 14, 16, 19832 }, // U+05D1
    { 8, 16, 128, 0, 14, 16, 19848 }, // U+05D2
    { 8, 16, 128, 0, 14, 16, 19864 }, // U+05D3
    { 8, 16, 128, 0, 14, 16, 19880 }, // U+05D4
    { 8, 16, 128, 0, 14, 16, 19896 }, // U+05D5
    { 8, 16, 128, 0, 14, 16, 19912 }, // U+05D6
    { 8, 16, 128, 0, 14, 16, 19928 }, // U+05D7
    { 8, 16, 128, 0, 14, 16, 19944 }, // U+05D8
    { 8, 16, 128, 0, 14, 16, 19960 }, // U+05D9
    { 8, 16, 128, 0, 14, 16, 19976 }, // U+05DA
    { 8, 16, 128, 0, 14, 16, 19992 }, // U+05DB
    { 8, 16, 128, 0, 14, 16, 20008 }, // U+05DC
    { 8, 16, 128, 0, 14, 16, 20024 }, // U+05DD
    { 8, 16, 128, 0, 14, 16, 20040 }, // U+05DE
    { 8, 16, 128, 0, 14, 16, 20056 }, // U+05DF
    { 8, 16, 128, 0, 14, 16, 20072 }, // U+05E0
    { 8, 16, 128, 0, 14, 16, 20088 }, // U+05E1
    { 8, 16, 128, 0, 14, 16, 20104 }, // U+05E2
    { 8, 16, 128, 0, 14, 16, 20120 }, // U+05E3
    { 8, 16, 128, 0, 14, 16, 20136 }, // U+05E4
    { 8, 16, 128, 0, 14, 16, 20152 }, // U+05E5
    { 8, 16, 128, 0, 14, 16, 20168 }, // U+05E6
    { 8, 16, 128, 0, 14, 16, 20184 }, // U+05E7
    { 8, 16, 128, 0, 14, 16, 20200 }, // U+05E8
    { 8, 16, 128, 0, 14, 16, 20216 }, // U+05E9
    { 8, 16, 128, 0, 14, 16, 20232 }, // U+05EA
    { 8, 16, 128, 0, 14, 16, 20248 }, // U+060C
    { 8, 16, 128, 0, 14, 16, 20264 }, // U+061B
    { 8, 16, 128, 0, 14, 16, 20280 }, // U+061F
    { 8, 16, 128, 0, 14, 16, 20296 }, // U+0621
    { 8, 16, 128, 0, 14, 16, 20312 }, // U+0640
    { 8, 16, 128, 0, 14, 16, 20328 }, // U+0654
    { 8, 16, 128, 0, 14, 16, 20344 }, // U+0660
    { 8, 16, 128, 0, 14, 16, 20360 }, // U+0661
    { 8, 16, 128, 0, 14, 16, 20376 }, // U+0662
    { 8, 16, 128, 0, 14, 16, 20392 }, // U+0663
    { 8, 16, 128, 0, 14, 16, 20408 }, // U+0664
    { 8, 16, 128, 0, 14, 16, 20424 }, // U+0665
    { 8, 16, 128, 0, 14, 16, 20440 }, // U+0666
    { 8, 16, 128, 0, 14, 16, 20456 }, // U+0667
    { 8, 16, 128, 0, 14, 16, 20472 }, // U+0668
    { 8, 16, 128, 0, 14, 16, 20488 }, // U+0669
    { 8, 16, 128, 0, 14, 16, 20504 }, // U+06BA
    { 8, 16, 128, 0, 14, 16, 20520 }, // U+06D4
    { 8, 16, 128, 0, 14, 16, 20536 }, // U+06D5
    { 8, 16, 128, 0, 14, 16, 20552 }, // U+06F0
    { 8, 16, 128, 0, 14, 16, 20568 }, // U+06F1
    { 8, 16, 128, 0, 14, 16, 20584 }, // U+06F2
    { 8, 16, 128, 0, 14, 16, 20600 }, // U+06F3
    { 8, 16, 128, 0, 14, 16, 20616 }, // U+06F4
    { 8, 16, 128, 0, 14, 16, 20632 }, // U+06F5
    { 8, 16, 128, 0, 14, 16, 20648 }, // U+06F6
    { 8, 16, 128, 0, 14, 16, 20664 }, // U+06F7
    { 8, 16, 128, 0, 14, 16, 20680 }, // U+06F8
    { 8, 16, 128, 0, 14, 16, 20696 }, // U+06F9
    { 15, 22, 272, 1, 19, 42, 20712 }, // U+1EA0
    { 11, 17, 208, 1, 14, 24, 20754 }, // U+1EA1
    { 8, 16, 128, 0, 14, 16, 20778 }, // U+1EA2
    { 8, 16, 128, 0, 14, 16, 20794 }, // U+1EA3
    { 15, 29, 272, 1, 29, 55, 20810 }, // U+1EA4
    { 11, 24, 208, 1, 24, 33, 20865 }, // U+1EA5
    { 15, 29, 272, 1, 29, 55, 20898 }, // U+1EA6
    { 11, 24, 208, 1, 24, 33, 20953 }, // U+1EA7
    { 8, 16, 128, 0, 14, 16, 20986 }, // U+1EA8
    { 8, 16, 128, 0, 14, 16, 21002 }, // U+1EA9
    { 15, 28, 272, 1, 28, 53, 21018 }, // U+1EAA
    { 11, 23, 208, 1, 23, 32, 21071 }, // U+1EAB
    { 15, 27, 272, 1, 24, 51, 21103 }, // U+1EAC
    { 11, 22, 208, 1, 19, 31, 21154 }, // U+1EAD
    { 15, 29, 272, 1, 29, 55, 21185 }, // U+1EAE
    { 11, 24, 208, 1, 24, 33, 21240 }, // U+1EAF
    { 15, 29, 272, 1, 29, 55, 21273 }, // U+1EB0
    { 11, 24, 208, 1, 24, 33, 21328 }, // U+1EB1
    { 8, 16, 128, 0, 14, 16, 21361 }, // U+1EB2
    { 8, 16, 128, 0, 14, 16, 21377 }, // U+1EB3
    { 15, 28, 272, 1, 28, 53, 21393 }, // U+1EB4
    { 11, 23, 208, 1, 23, 32, 21446 }, // U+1EB5
    { 15, 27, 272, 1, 24, 51, 21478 }, // U+1EB6
    { 11, 22, 208, 1, 19, 31, 21529 }, // U+1EB7
    { 12, 22, 256, 2, 19, 33, 21560 }, // U+1EB8
    { 11, 17, 208, 1, 14, 24, 21593 }, // U+1EB9
    { 8, 16, 128, 0, 14, 16, 21617 }, // U+1EBA
    { 8, 16, 128, 0, 14, 16, 21633 }, // U+1EBB
    { 12, 23, 256, 2, 23, 35, 21649 }, // U+1EBC
    { 11, 18, 208, 1, 18, 25, 21684 }, // U+1EBD
    { 12, 29, 256, 2, 29, 44, 21709 }, // U+1EBE
    { 11, 24, 208, 1, 24, 33, 21753 }, // U+1EBF
    { 12, 29, 256, 2, 29, 44, 21786 }, // U+1EC0
    { 11, 24, 208, 1, 24, 33, 21830 }, // U+1EC1
    { 8, 16, 128, 0, 14, 16, 21863 }, // U+1EC2
    { 8, 16, 128, 0, 14, 16, 21879 }, // U+1EC3
    { 12, 28, 256, 2, 28, 42, 21895 }, // U+1EC4
    { 11, 23, 208, 1, 23, 32, 21937 }, // U+1EC5
    { 12, 27, 256, 2, 24, 41, 21969 }, // U+1EC6
    { 11, 22, 208, 1, 19, 31, 22010 }, // U+1EC7
    { 8, 16, 128, 0, 14, 16, 22041 }, // U+1EC8
    { 8, 16, 128, 0, 14, 16, 22057 }, // U+1EC9
    { 2, 22, 128, 3, 19, 6, 22073 }, // U+1ECA
    { 2, 22, 96, 2, 19, 6, 22079 }, // U+1ECB
    { 16, 22, 288, 1, 19, 44, 22085 }, // U+1ECC
    { 11, 17, 208, 1, 14, 24, 22129 }, // U+1ECD
    { 8, 16, 128, 0, 14, 16, 22153 }, // U+1ECE
    { 8, 16, 128, 0, 14, 16, 22169 }, // U+1ECF
    { 16, 29, 288, 1, 29, 58, 22185 }, // U+1ED0
    { 11, 24, 208, 1, 24, 33, 22243 }, // U+1ED1
    { 16, 29, 288, 1, 29, 58, 22276 }, // U+1ED2
    { 11, 24, 208, 1, 24, 33, 22334 }, // U+1ED3
    { 8, 16, 128, 0, 14, 16, 22367 }, // U+1ED4
    { 8, 16, 128, 0, 14, 16, 22383 }, // U+1ED5
    { 16, 28, 288, 1, 28, 56, 22399 }, // U+1ED6
    { 11, 23, 208, 1, 23, 32, 22455 }, // U+1ED7
    { 16, 27, 288, 1, 24, 54, 22487 }, // U+1ED8
    { 11, 22, 208, 1, 19, 31, 22541 }, // U+1ED9
    { 17, 24, 288, 1, 24, 51, 22572 }, // U+1EDA
    { 12, 19, 208, 1, 19, 29, 22623 }, // U+1EDB
    { 17, 24, 288, 1, 24, 51, 22652 }, // U+1EDC
    { 12, 19, 208, 1, 19, 29, 22703 }, // U+1EDD
    { 8, 16, 128, 0, 14, 16, 22732 }, // U+1EDE
    { 8, 16, 128, 0, 14, 16, 22748 }, // U+1EDF
    { 17, 23, 288, 1, 23, 49, 22764 }, // U+1EE0
    { 12, 18, 208, 1, 18, 27, 22813 }, // U+1EE1
    { 17, 22, 288, 1, 19, 47, 22840 }, // U+1EE2
    { 12, 17, 208, 1, 14, 26, 22887 }, // U+1EE3
    { 14, 22, 288, 2, 19, 39, 22913 }, // U+1EE4
    { 10, 17, 224, 2, 14, 22, 22952 }, // U+1EE5
    { 8, 16, 128, 0, 14, 16, 22974 }, // U+1EE6
    { 8, 16, 128, 0, 14, 16, 22990 }, // U+1EE7
    { 15, 24, 288, 2, 24, 45, 23006 }, // U+1EE8
    { 11, 19, 224, 2, 19, 27, 23051 }, // U+1EE9
    { 15, 24, 288, 2, 24, 45, 23078 }, // U+1EEA
    { 11, 19, 224, 2, 19, 27, 23123 }, // U+1EEB
    { 8, 16, 128, 0, 14, 16, 23150 }, // U+1EEC
    { 8, 16, 128, 0, 14, 16, 23166 }, // U+1EED
    { 15, 23, 288, 2, 23, 44, 23182 }, // U+1EEE
    { 11, 18, 224, 2, 18, 25, 23226 }, // U+1EEF
    { 15, 22, 288, 2, 19, 42, 23251 }, // U+1EF0
    { 11, 17, 224, 2, 14, 24, 23293 }, // U+1EF1
    { 14, 24, 256, 1, 24, 42, 23317 }, // U+1EF2
    { 12, 24, 208, 0, 19, 36, 23359 }, // U+1EF3
    { 14, 22, 256, 1, 19, 39, 23395 }, // U+1EF4
    { 12, 22, 208, 0, 14, 33, 23434 }, // U+1EF5
    { 8, 16, 128, 0, 14, 16, 23467 }, // U+1EF6
    { 8, 16, 128, 0, 14, 16, 23483 }, // U+1EF7
    { 14, 23, 256, 1, 23, 41, 23499 }, // U+1EF8
    { 12, 23, 208, 0, 18, 35, 23540 }, // U+1EF9
    { 1, 1, 208, 0, 1, 1, 23575 }, // U+2000
    { 1, 1, 400, 0, 1, 1, 23576 }, // U+2001
    { 1, 1, 208, 0, 1, 1, 23577 }, // U+2002
    { 1, 1, 400, 0, 1, 1, 23578 }, // U+2003
    { 1, 1, 128, 0, 1, 1, 23579 }, // U+2004
    { 1, 1, 96, 0, 1, 1, 23580 }, // U+2005
    { 1, 1, 64, 0, 1, 1, 23581 }, // U+2006
    { 1, 1, 208, 0, 1, 1, 23582 }, // U+2007
    { 1, 1, 96, 0, 1, 1, 23583 }, // U+2008
    { 1, 1, 80, 0, 1, 1, 23584 }, // U+2009
    { 1, 1, 48, 0, 1, 1, 23585 }, // U+200A
    { 1, 1, 0, 0, 1, 1, 23586 }, // U+200B
    { 16, 16, 256, 0, 14, 32, 23587 }, // U+200C
    { 16, 16, 256, 0, 14, 32, 23619 }, // U+200D
    { 16, 16, 256, 0, 14, 32, 23651 }, // U+200E
    { 16, 16, 256, 0, 14, 32, 23683 }, // U+200F
    { 6, 2, 128, 1, 8, 2, 23715 }, // U+2010
    { 6, 2, 128, 1, 8, 2, 23717 }, // U+2011
    { 14, 2, 224, 0, 8, 4, 23719 }, // U+2012
    { 14, 2, 224, 0, 8, 4, 23723 }, // U+2013
    { 25, 2, 400, 0, 8, 7, 23727 }, // U+2014
    { 25, 2, 400, 0, 8, 7, 23734 }, // U+2015
    { 8, 16, 128, 0, 14, 16, 23741 }, // U+2016
    { 8, 16, 128, 0, 14, 16, 23757 }, // U+2017
    { 2, 6, 96, 2, 19, 2, 23773 }, // U+2018
    { 2, 6, 96, 2, 19, 2, 23775 }, // U+2019
    { 2, 6, 96, 2, 3, 2, 23777 }, // U+201A
    { 2, 6, 96, 2, 19, 2, 23779 }, // U+201B
    { 5, 6, 144, 2, 19, 4, 23781 }, // U+201C
    { 5, 6, 144, 2, 19, 4, 23785 }, // U+201D
    { 5, 6, 144, 2, 3, 4, 23789 }, // U+201E
    { 5, 6, 144, 2, 19, 4, 23793 }, // U+201F
    { 12, 24, 224, 1, 19, 36, 23797 }, // U+2020
    { 12, 24, 224, 1, 19, 36, 23833 }, // U+2021
    { 4, 5, 128, 2, 11, 3, 23869 }, // U+2022
    { 8, 16, 128, 0, 14, 16, 23872 }, // U+2023
    { 8, 16, 128, 0, 14, 16, 23888 }, // U+2024
    { 8, 16, 128, 0, 14, 16, 23904 }, // U+2025
    { 18, 3, 400, 3, 3, 7, 23920 }, // U+2026
    { 8, 16, 128, 0, 14, 16, 23927 }, // U+2027
    { 16, 16, 256, 0, 14, 32, 23943 }, // U+2028
    { 16, 16, 256, 0, 14, 32, 23975 }, // U+2029
    { 16, 16, 256, 0, 14, 32, 24007 }, // U+202A
    { 16, 16, 256, 0, 14, 32, 24039 }, // U+202B
    { 16, 16, 256, 0, 14, 32, 24071 }, // U+202C
    { 16, 16, 256, 0, 14, 32, 24103 }, // U+202D
    { 16, 16, 256, 0, 14, 32, 24135 }, // U+202E
    { 8, 16, 128, 0, 14, 16, 24167 }, // U+202F
    { 21, 18, 368, 2, 18, 48, 24183 }, // U+2030
    { 8, 16, 128, 0, 14, 16, 24231 }, // U+2031
    { 8, 16, 128, 0, 14, 16, 24247 }, // U+2032
    { 8, 16, 128, 0, 14, 16, 24263 }, // U+2033
    { 8, 16, 128, 0, 14, 16, 24279 }, // U+2034
    { 8, 16, 128, 0, 14, 16, 24295 }, // U+2035
    { 8, 16, 128, 0, 14, 16, 24311 }, // U+2036
    { 8, 16, 128, 0, 14, 16, 24327 }, // U+2037
    { 8, 16, 128, 0, 14, 16, 24343 }, // U+2038
    { 5, 8, 128, 1, 11, 5, 24359 }, // U+2039
    { 5, 8, 128, 2, 11, 5, 24364 }, // U+203A
    { 8, 16, 128, 0, 14, 16, 24369 }, // U+203B
    { 8, 16, 128, 0, 14, 16, 24385 }, // U+203C
    { 8, 16, 128, 0, 14, 16, 24401 }, // U+203D
    { 8, 16, 128, 0, 14, 16, 24417 }, // U+203E
    { 8, 16, 128, 0, 14, 16, 24433 }, // U+203F
    { 8, 16, 128, 0, 14, 16, 24449 }, // U+2040
    { 8, 16, 128, 0, 14, 16, 24465 }, // U+2041
    { 8, 16, 128, 0, 14, 16, 24481 }, // U+2042
    { 8, 16, 128, 0, 14, 16, 24497 }, // U+2043
    { 10, 18, 64, -3, 18, 23, 24513 }, // U+2044
    { 8, 16, 128, 0, 14, 16, 24536 }, // U+2045
    { 8, 16, 128, 0, 14, 16, 24552 }, // U+2046
    { 8, 16, 128, 0, 14, 16, 24568 }, // U+2047
    { 8, 16, 128, 0, 14, 16, 24584 }, // U+2048
    { 8, 16, 128, 0, 14, 16, 24600 }, // U+2049
    { 8, 16, 128, 0, 14, 16, 24616 }, // U+204A
    { 8, 16, 128, 0, 14, 16, 24632 }, // U+204B
    { 8, 16, 128, 0, 14, 16, 24648 }, // U+204C
    { 8, 16, 128, 0, 14, 16, 24664 }, // U+204D
    { 8, 16, 128, 0, 14, 16, 24680 }, // U+204E
    { 8, 16, 128, 0, 14, 16, 24696 }, // U+204F
    { 8, 16, 128, 0, 14, 16, 24712 }, // U+2050
    { 8, 16, 128, 0, 14, 16, 24728 }, // U+2051
    { 8, 16, 128, 0, 14, 16, 24744 }, // U+2052
    { 8, 16, 128, 0, 14, 16, 24760 }, // U+2053
    { 8, 16, 128, 0, 14, 16, 24776 }, // U+2054
    { 8, 16, 128, 0, 14, 16, 24792 }, // U+2055
    { 8, 16, 128, 0, 14, 16, 24808 }, // U+2056
    { 16, 16, 256, 0, 14, 32, 24824 }, // U+2057
    { 8, 16, 128, 0, 14, 16, 24856 }, // U+2058
    { 8, 16, 128, 0, 14, 16, 24872 }, // U+2059
    { 8, 16, 128, 0, 14, 16, 24888 }, // U+205A
    { 8, 16, 128, 0, 14, 16, 24904 }, // U+205B
    { 8, 16, 128, 0, 14, 16, 24920 }, // U+205C
    { 8, 16, 128, 0, 14, 16, 24936 }, // U+205D
    { 8, 16, 128, 0, 14, 16, 24952 }, // U+205E
    { 8, 16, 128, 0, 14, 16, 24968 }, // U+205F
    { 16, 16, 256, 0, 14, 32, 24984 }, // U+2060
    { 16, 16, 256, 0, 14, 32, 25016 }, // U+2061
    { 16, 16, 256, 0, 14, 32, 25048 }, // U+2062
    { 16, 16, 256, 0, 14, 32, 25080 }, // U+2063
    { 16, 16, 256, 0, 14, 32, 25112 }, // U+2064
    { 16, 16, 256, 0, 14, 32, 25144 }, // U+2065
    { 16, 16, 256, 0, 14, 32, 25176 }, // U+2066
    { 16, 16, 256, 0, 14, 32, 25208 }, // U+2067
    { 16, 16, 256, 0, 14, 32, 25240 }, // U+2068
    { 16, 16, 256, 0, 14, 32, 25272 }, // U+2069
    { 16, 16, 256, 0, 14, 32, 25304 }, // U+206A
    { 16, 16, 256, 0, 14, 32, 25336 }, // U+206B
    { 16, 16, 256, 0, 14, 32, 25368 }, // U+206C
    { 16, 16, 256, 0, 14, 32, 25400 }, // U+206D
    { 16, 16, 256, 0, 14, 32, 25432 }, // U+206E
    { 16, 16, 256, 0, 14, 32, 25464 }, // U+206F
    { 8, 16, 128, 0, 14, 16, 25496 }, // U+2070
    { 8, 16, 128, 0, 14, 16, 25512 }, // U+2071
    { 16, 16, 256, 0, 14, 32, 25528 }, // U+2072
    { 16, 16, 256, 0, 14, 32, 25560 }, // U+2073
    { 8, 16, 128, 0, 14, 16, 25592 }, // U+2074
    { 8, 16, 128, 0, 14, 16, 25608 }, // U+2075
    { 8, 16, 128, 0, 14, 16, 25624 }, // U+2076
    { 8, 16, 128, 0, 14, 16, 25640 }, // U+2077
    { 8, 16, 128, 0, 14, 16, 25656 }, // U+2078
    { 8, 16, 128, 0, 14, 16, 25672 }, // U+2079
    { 8, 16, 128, 0, 14, 16, 25688 }, // U+207A
    { 8, 16, 128, 0, 14, 16, 25704 }, // U+207B
    { 8, 16, 128, 0, 14, 16, 25720 }, // U+207C
    { 8, 16, 128, 0, 14, 16, 25736 }, // U+207D
    { 8, 16, 128, 0, 14, 16, 25752 }, // U+207E
    { 8, 16, 128, 0, 14, 16, 25768 }, // U+207F
    { 8, 16, 128, 0, 14, 16, 25784 }, // U+2080
    { 4, 10, 112, 0, 5, 5, 25800 }, // U+2081
    { 7, 10, 112, 0, 5, 9, 25805 }, // U+2082
    { 7, 10, 112, 0, 5, 9, 25814 }, // U+2083
    { 8, 16, 128, 0, 14, 16, 25823 }, // U+2084
    { 8, 16, 128, 0, 14, 16, 25839 }, // U+2085
    { 8, 16, 128, 0, 14, 16, 25855 }, // U+2086
    { 8, 16, 128, 0, 14, 16, 25871 }, // U+2087
    { 8, 16, 128, 0, 14, 16, 25887 }, // U+2088
    { 8, 16, 128, 0, 14, 16, 25903 }, // U+2089
    { 8, 16, 128, 0, 14, 16, 25919 }, // U+208A
    { 8, 16, 128, 0, 14, 16, 25935 }, // U+208B
    { 8, 16, 128, 0, 14, 16, 25951 }, // U+208C
    { 8, 16, 128, 0, 14, 16, 25967 }, // U+208D
    { 8, 16, 128, 0, 14, 16, 25983 }, // U+208E
    { 8, 16, 128, 0, 14, 16, 25999 }, // U+208F
    { 8, 16, 128, 0, 14, 16, 26015 }, // U+2090
    { 8, 16, 128, 0, 14, 16, 26031 }, // U+2091
    { 8, 16, 128, 0, 14, 16, 26047 }, // U+2092
    { 8, 16, 128, 0, 14, 16, 26063 }, // U+2093
    { 8, 16, 128, 0, 14, 16, 26079 }, // U+2094
    { 8, 16, 128, 0, 14, 16, 26095 }, // U+2095
    { 8, 16, 128, 0, 14, 16, 26111 }, // U+2096
    { 8, 16, 128, 0, 14, 16, 26127 }, // U+2097
    { 8, 16, 128, 0, 14, 16, 26143 }, // U+2098
    { 8, 16, 128, 0, 14, 16, 26159 }, // U+2099
    { 8, 16, 128, 0, 14, 16, 26175 }, // U+209A
    { 8, 16, 128, 0, 14, 16, 26191 }, // U+209B
    { 8, 16, 128, 0, 14, 16, 26207 }, // U+209C
    { 8, 16, 128, 0, 14, 16, 26223 }, // U+209D
    { 8, 16, 128, 0, 14, 16, 26239 }, // U+209E
    { 8, 16, 128, 0, 14, 16, 26255 }, // U+209F
    { 8, 16, 128, 0, 14, 16, 26271 }, // U+20A0
    { 8, 16, 128, 0, 14, 16, 26287 }, // U+20A1
    { 8, 16, 128, 0, 14, 16, 26303 }, // U+20A2
    { 8, 16, 128, 0, 14, 16, 26319 }, // U+20A3
    { 8, 16, 128, 0, 14, 16, 26335 }, // U+20A4
    { 16, 19, 320, 2, 17, 38, 26351 }, // U+20A5
    { 14, 19, 288, 2, 19, 34, 26389 }, // U+20A6
    { 8, 16, 128, 0, 14, 16, 26423 }, // U+20A7
    { 8, 16, 128, 0, 14, 16, 26439 }, // U+20A8
    { 20, 19, 352, 1, 19, 48, 26455 }, // U+20A9
    { 8, 16, 128, 0, 14, 16, 26503 }, // U+20AA
    { 8, 16, 128, 0, 14, 16, 26519 }, // U+20AB
    { 17, 19, 288, -1, 19, 41, 26535 }, // U+20AC
    { 13, 19, 288, 3, 19, 31, 26576 }, // U+20AD
    { 8, 16, 128, 0, 14, 16, 26607 }, // U+20AE
    { 8, 16, 128, 0, 14, 16, 26623 }, // U+20AF
    { 8, 16, 128, 0, 14, 16, 26639 }, // U+20B0
    { 8, 16, 128, 0, 14, 16, 26655 }, // U+20B1
    { 8, 16, 128, 0, 14, 16, 26671 }, // U+20B2
    { 8, 16, 128, 0, 14, 16, 26687 }, // U+20B3
    { 8, 16, 128, 0, 14, 16, 26703 }, // U+20B4
    { 8, 16, 128, 0, 14, 16, 26719 }, // U+20B5
    { 8, 16, 128, 0, 14, 16, 26735 }, // U+20B6
    { 8, 16, 128, 0, 14, 16, 26751 }, // U+20B7
    { 8, 16, 128, 0, 14, 16, 26767 }, // U+20B8
    { 16, 16, 256, 0, 14, 32, 26783 }, // U+20B9
    { 8, 16, 128, 0, 14, 16, 26815 }, // U+20BA
    { 8, 16, 128, 0, 14, 16, 26831 }, // U+20BB
    { 8, 16, 128, 0, 14, 16, 26847 }, // U+20BC
    { 8, 16, 128, 0, 14, 16, 26863 }, // U+20BD
    { 8, 16, 128, 0, 14, 16, 26879 }, // U+20BE
    { 8, 16, 128, 0, 14, 16, 26895 }, // U+20BF
    { 8, 16, 128, 0, 14, 16, 26911 }, // U+20C0
    { 8, 16, 128, 0, 14, 16, 26927 }, // U+20C1
    { 8, 16, 128, 0, 14, 16, 26943 }, // U+20C2
    { 8, 16, 128, 0, 14, 16, 26959 }, // U+20C3
    { 8, 16, 128, 0, 14, 16, 26975 }, // U+20C4
    { 16, 16, 256, 0, 14, 32, 26991 }, // U+20C5
    { 16, 16, 256, 0, 14, 32, 27023 }, // U+20C6
    { 16, 16, 256, 0, 14, 32, 27055 }, // U+20C7
    { 16, 16, 256, 0, 14, 32, 27087 }, // U+20C8
    { 16, 16, 256, 0, 14, 32, 27119 }, // U+20C9
    { 16, 16, 256, 0, 14, 32, 27151 }, // U+20CA
    { 16, 16, 256, 0, 14, 32, 27183 }, // U+20CB
    { 16, 16, 256, 0, 14, 32, 27215 }, // U+20CC
    { 16, 16, 256, 0, 14, 32, 27247 }, // U+20CD
    { 16, 16, 256, 0, 14, 32, 27279 }, // U+20CE
    { 16, 16, 256, 0, 14, 32, 27311 }, // U+20CF
    { 8, 16, 128, 0, 14, 16, 27343 }, // U+2190
    { 8, 16, 128, 0, 14, 16, 27359 }, // U+2191
    { 8, 16, 128, 0, 14, 16, 27375 }, // U+2192
    { 8, 16, 128, 0, 14, 16, 27391 }, // U+2193
    { 8, 16, 128, 0, 14, 16, 27407 }, // U+2194
    { 8, 16, 128, 0, 14, 16, 27423 }, // U+2195
    { 8, 16, 128, 0, 14, 16, 27439 }, // U+2196
    { 8, 16, 128, 0, 14, 16, 27455 }, // U+2197
    { 8, 16, 128, 0, 14, 16, 27471 }, // U+2198
    { 8, 16, 128, 0, 14, 16, 27487 }, // U+2199
    { 8, 16, 128, 0, 14, 16, 27503 }, // U+219A
    { 8, 16, 128, 0, 14, 16, 27519 }, // U+219B
    { 16, 16, 256, 0, 14, 32, 27535 }, // U+219C
    { 16, 16, 256, 0, 14, 32, 27567 }, // U+219D
    { 8, 16, 128, 0, 14, 16, 27599 }, // U+219E
    { 8, 16, 128, 0, 14, 16, 27615 }, // U+219F
    { 8, 16, 128, 0, 14, 16, 27631 }, // U+21A0
    { 8, 16, 128, 0, 14, 16, 27647 }, // U+21A1
    { 8, 16, 128, 0, 14, 16, 27663 }, // U+21A2
    { 8, 16, 128, 0, 14, 16, 27679 }, // U+21A3
    { 8, 16, 128, 0, 14, 16, 27695 }, // U+21A4
    { 8, 16, 128, 0, 14, 16, 27711 }, // U+21A5
    { 8, 16, 128, 0, 14, 16, 27727 }, // U+21A6
    { 8, 16, 128, 0, 14, 16, 27743 }, // U+21A7
    { 8, 16, 128, 0, 14, 16, 27759 }, // U+21A8
    { 8, 16, 128, 0, 14, 16, 27775 }, // U+21A9
    { 8, 16, 128, 0, 14, 16, 27791 }, // U+21AA
    { 8, 16, 128, 0, 14, 16, 27807 }, // U+21AB
    { 8, 16, 128, 0, 14, 16, 27823 }, // U+21AC
    { 8, 16, 128, 0, 14, 16, 27839 }, // U+21AD
    { 8, 16, 128, 0, 14, 16, 27855 }, // U+21AE
    { 8, 16, 128, 0, 14, 16, 27871 }, // U+21AF
    { 8, 16, 128, 0, 14, 16, 27887 }, // U+21B0
    { 8, 16, 128, 0, 14, 16, 27903 }, // U+21B1
    { 8, 16, 128, 0, 14, 16, 27919 }, // U+21B2
    { 8, 16, 128, 0, 14, 16, 27935 }, // U+21B3
    { 8, 16, 128, 0, 14, 16, 27951 }, // U+21B4
    { 8, 16, 128, 0, 14, 16, 27967 }, // U+21B5
    { 8, 16, 128, 0, 14, 16, 27983 }, // U+21B6
    { 8, 16, 128, 0, 14, 16, 27999 }, // U+21B7
    { 8, 16, 128, 0, 14, 16, 28015 }, // U+21B8
    { 8, 16, 128, 0, 14, 16, 28031 }, // U+21B9
    { 8, 16, 128, 0, 14, 16, 28047 }, // U+21BA
    { 8, 16, 128, 0, 14, 16, 28063 }, // U+21BB
    { 8, 16, 128, 0, 14, 16, 28079 }, // U+21BC
    { 8, 16, 128, 0, 14, 16, 28095 }, // U+21BD
    { 8, 16, 128, 0, 14, 16, 28111 }, // U+21BE
    { 8, 16, 128, 0, 14, 16, 28127 }, // U+21BF
    { 8, 16, 128, 0, 14, 16, 28143 }, // U+21C0
    { 8, 16, 128, 0, 14, 16, 28159 }, // U+21C1
    { 8, 16, 128, 0, 14, 16, 28175 }, // U+21C2
    { 8, 16, 128, 0, 14, 16, 28191 }, // U+21C3
    { 8, 16, 128, 0, 14, 16, 28207 }, // U+21C4
    { 8, 16, 128, 0, 14, 16, 28223 }, // U+21C5
    { 8, 16, 128, 0, 14, 16, 28239 }, // U+21C6
    { 8, 16, 128, 0, 14, 16, 28255 }, // U+21C7
    { 8, 16, 128, 0, 14, 16, 28271 }, // U+21C8
    { 8, 16, 128, 0, 14, 16, 28287 }, // U+21C9
    { 8, 16, 128, 0, 14, 16, 28303 }, // U+21CA
    { 8, 16, 128, 0, 14, 16, 28319 }, // U+21CB
    { 8, 16, 128, 0, 14, 16, 28335 }, // U+21CC
    { 8, 16, 128, 0, 14, 16, 28351 }, // U+21CD
    { 8, 16, 128, 0, 14, 16, 28367 }, // U+21CE
    { 8, 16, 128, 0, 14, 16, 28383 }, // U+21CF
    { 8, 16, 128, 0, 14, 16, 28399 }, // U+21D0
    { 8, 16, 128, 0, 14, 16, 28415 }, // U+21D1
    { 8, 16, 128, 0, 14, 16, 28431 }, // U+21D2
    { 8, 16, 128, 0, 14, 16, 28447 }, // U+21D3
    { 8, 16, 128, 0, 14, 16, 28463 }, // U+21D4
    { 8, 16, 128, 0, 14, 16, 28479 }, // U+21D5
    { 8, 16, 128, 0, 14, 16, 28495 }, // U+21D6
    { 8, 16, 128, 0, 14, 16, 28511 }, // U+21D7
    { 8, 16, 128, 0, 14, 16, 28527 }, // U+21D8
    { 8, 16, 128, 0, 14, 16, 28543 }, // U+21D9
    { 8, 16, 128, 0, 14, 16, 28559 }, // U+21DA
    { 8, 16, 128, 0, 14, 16, 28575 }, // U+21DB
    { 8, 16, 128, 0, 14, 16, 28591 }, // U+21DC
    { 8, 16, 128, 0, 14, 16, 28607 }, // U+21DD
    { 8, 16, 128, 0, 14, 16, 28623 }, // U+21DE
    { 8, 16, 128, 0, 14, 16, 28639 }, // U+21DF
    { 8, 16, 128, 0, 14, 16, 28655 }, // U+21E0
    { 8, 16, 128, 0, 14, 16, 28671 }, // U+21E1
    { 8, 16, 128, 0, 14, 16, 28687 }, // U+21E2
    { 8, 16, 128, 0, 14, 16, 28703 }, // U+21E3
    { 8, 16, 128, 0, 14, 16, 28719 }, // U+21E4
    { 8, 16, 128, 0, 14, 16, 28735 }, // U+21E5
    { 8, 16, 128, 0, 14, 16, 28751 }, // U+21E6
    { 8, 16, 128, 0, 14, 16, 28767 }, // U+21E7
    { 8, 16, 128, 0, 14, 16, 28783 }, // U+21E8
    { 8, 16, 128, 0, 14, 16, 28799 }, // U+21E9
    { 8, 16, 128, 0, 14, 16, 28815 }, // U+21EA
    { 8, 16, 128, 0, 14, 16, 28831 }, // U+21EB
    { 8, 16, 128, 0, 14, 16, 28847 }, // U+21EC
    { 8, 16, 128, 0, 14, 16, 28863 }, // U+21ED
    { 8, 16, 128, 0, 14, 16, 28879 }, // U+21EE
    { 8, 16, 128, 0, 14, 16, 28895 }, // U+21EF
    { 8, 16, 128, 0, 14, 16, 28911 }, // U+21F0
    { 8, 16, 128, 0, 14, 16, 28927 }, // U+21F1
    { 8, 16, 128, 0, 14, 16, 28943 }, // U+21F2
    { 8, 16, 128, 0, 14, 16, 28959 }, // U+21F3
    { 16, 16, 256, 0, 14, 32, 28975 }, // U+21F4
    { 8, 16, 128, 0, 14, 16, 29007 }, // U+21F5
    { 8, 16, 128, 0, 14, 16, 29023 }, // U+21F6
    { 8, 16, 128, 0, 14, 16, 29039 }, // U+21F7
    { 8, 16, 128, 0, 14, 16, 29055 }, // U+21F8
    { 16, 16, 256, 0, 14, 32, 29071 }, // U+21F9
    { 16, 16, 256, 0, 14, 32, 29103 }, // U+21FA
    { 16, 16, 256, 0, 14, 32, 29135 }, // U+21FB
    { 16, 16, 256, 0, 14, 32, 29167 }, // U+21FC
    { 8, 16, 128, 0, 14, 16, 29199 }, // U+21FD
    { 8, 16, 128, 0, 14, 16, 29215 }, // U+21FE
    { 16, 16, 256, 0, 14, 32, 29231 }, // U+21FF
    { 15, 19, 272, 1, 19, 36, 29263 }, // U+2200
    { 8, 16, 128, 0, 14, 16, 29299 }, // U+2201
    { 8, 16, 128, 0, 14, 16, 29315 }, // U+2202
    { 12, 19, 256, 2, 19, 29, 29331 }, // U+2203
    { 12, 19, 256, 2, 19, 29, 29360 }, // U+2204
    { 8, 16, 128, 0, 14, 16, 29389 }, // U+2205
    { 8, 16, 128, 0, 14, 16, 29405 }, // U+2206
    { 8, 16, 128, 0, 14, 16, 29421 }, // U+2207
    { 8, 16, 128, 0, 14, 16, 29437 }, // U+2208
    { 8, 16, 128, 0, 14, 16, 29453 }, // U+2209
    { 8, 16, 128, 0, 14, 16, 29469 }, // U+220A
    { 8, 16, 128, 0, 14, 16, 29485 }, // U+220B
    { 8, 16, 128, 0, 14, 16, 29501 }, // U+220C
    { 8, 16, 128, 0, 14, 16, 29517 }, // U+220D
    { 8, 16, 128, 0, 14, 16, 29533 }, // U+220E
    { 8, 16, 128, 0, 14, 16, 29549 }, // U+220F
    { 8, 16, 128, 0, 14, 16, 29565 }, // U+2210
    { 8, 16, 128, 0, 14, 16, 29581 }, // U+2211
    { 11, 2, 240, 2, 8, 3, 29597 }, // U+2212
    { 8, 16, 128, 0, 14, 16, 29600 }, // U+2213
    { 8, 16, 128, 0, 14, 16, 29616 }, // U+2214
    { 10, 18, 64, -3, 18, 23, 29632 }, // U+2215
    { 8, 16, 128, 0, 14, 16, 29655 }, // U+2216
    { 8, 16, 128, 0, 14, 16, 29671 }, // U+2217
    { 8, 16, 128, 0, 14, 16, 29687 }, // U+2218
    { 2, 3, 96, 2, 9, 1, 29703 }, // U+2219
    { 8, 16, 128, 0, 14, 16, 29704 }, // U+221A
    { 8, 16, 128, 0, 14, 16, 29720 }, // U+221B
    { 8, 16, 128, 0, 14, 16, 29736 }, // U+221C
    { 8, 16, 128, 0, 14, 16, 29752 }, // U+221D
    { 8, 16, 128, 0, 14, 16, 29768 }, // U+221E
    { 8, 16, 128, 0, 14, 16, 29784 }, // U+221F
    { 8, 16, 128, 0, 14, 16, 29800 }, // U+2220
    { 8, 16, 128, 0, 14, 16, 29816 }, // U+2221
    { 8, 16, 128, 0, 14, 16, 29832 }, // U+2222
    { 8, 16, 128, 0, 14, 16, 29848 }, // U+2223
    { 8, 16, 128, 0, 14, 16, 29864 }, // U+2224
    { 8, 16, 128, 0, 14, 16, 29880 }, // U+2225
    { 8, 16, 128, 0, 14, 16, 29896 }, // U+2226
    { 8, 16, 128, 0, 14, 16, 29912 }, // U+2227
    { 8, 16, 128, 0, 14, 16, 29928 }, // U+2228
    { 8, 16, 128, 0, 14, 16, 29944 }, // U+2229
    { 8, 16, 128, 0, 14, 16, 29960 }, // U+222A
    { 8, 16, 128, 0, 14, 16, 29976 }, // U+222B
    { 8, 16, 128, 0, 14, 16, 29992 }, // U+222C
    { 8, 16, 128, 0, 14, 16, 30008 }, // U+222D
    { 8, 16, 128, 0, 14, 16, 30024 }, // U+222E
    { 8, 16, 128, 0, 14, 16, 30040 }, // U+222F
    { 8, 16, 128, 0, 14, 16, 30056 }, // U+2230
    { 8, 16, 128, 0, 14, 16, 30072 }, // U+2231
    { 8, 16, 128, 0, 14, 16, 30088 }, // U+2232
    { 8, 16, 128, 0, 14, 16, 30104 }, // U+2233
    { 8, 16, 128, 0, 14, 16, 30120 }, // U+2234
    { 8, 16, 128, 0, 14, 16, 30136 }, // U+2235
    { 2, 14, 96, 2, 14, 4, 30152 }, // U+2236
    { 8, 16, 128, 0, 14, 16, 30156 }, // U+2237
    { 8, 16, 128, 0, 14, 16, 30172 }, // U+2238
    { 8, 16, 128, 0, 14, 16, 30188 }, // U+2239
    { 8, 16, 128, 0, 14, 16, 30204 }, // U+223A
    { 8, 16, 128, 0, 14, 16, 30220 }, // U+223B
    { 8, 16, 128, 0, 14, 16, 30236 }, // U+223C
    { 8, 16, 128, 0, 14, 16, 30252 }, // U+223D
    { 8, 16, 128, 0, 14, 16, 30268 }, // U+223E
    { 8, 16, 128, 0, 14, 16, 30284 }, // U+223F
    { 8, 16, 128, 0, 14, 16, 30300 }, // U+2240
    { 8, 16, 128, 0, 14, 16, 30316 }, // U+2241
    { 8, 16, 128, 0, 14, 16, 30332 }, // U+2242
    { 8, 16, 128, 0, 14, 16, 30348 }, // U+2243
    { 8, 16, 128, 0, 14, 16, 30364 }, // U+2244
    { 8, 16, 128, 0, 14, 16, 30380 }, // U+2245
    { 8, 16, 128, 0, 14, 16, 30396 }, // U+2246
    { 8, 16, 128, 0, 14, 16, 30412 }, // U+2247
    { 8, 16, 128, 0, 14, 16, 30428 }, // U+2248
    { 8, 16, 128, 0, 14, 16, 30444 }, // U+2249
    { 8, 16, 128, 0, 14, 16, 30460 }, // U+224A
    { 8, 16, 128, 0, 14, 16, 30476 }, // U+224B
    { 8, 16, 128, 0, 14, 16, 30492 }, // U+224C
    { 8, 16, 128, 0, 14, 16, 30508 }, // U+224D
    { 8, 16, 128, 0, 14, 16, 30524 }, // U+224E
    { 8, 16, 128, 0, 14, 16, 30540 }, // U+224F
    { 8, 16, 128, 0, 14, 16, 30556 }, // U+2250
    { 8, 16, 128, 0, 14, 16, 30572 }, // U+2251
    { 8, 16, 128, 0, 14, 16, 30588 }, // U+2252
    { 8, 16, 128, 0, 14, 16, 30604 }, // U+2253
    { 8, 16, 128, 0, 14, 16, 30620 }, // U+2254
    { 8, 16, 128, 0, 14, 16, 30636 }, // U+2255
    { 8, 16, 128, 0, 14, 16, 30652 }, // U+2256
    { 8, 16, 128, 0, 14, 16, 30668 }, // U+2257
    { 8, 16, 128, 0, 14, 16, 30684 }, // U+2258
    { 10, 10, 240, 2, 15, 13, 30700 }, // U+2259
    { 10, 10, 240, 2, 15, 13, 30713 }, // U+225A
    { 8, 16, 128, 0, 14, 16, 30726 }, // U+225B
    { 8, 16, 128, 0, 14, 16, 30742 }, // U+225C
    { 8, 16, 128, 0, 14, 16, 30758 }, // U+225D
    { 8, 16, 128, 0, 14, 16, 30774 }, // U+225E
    { 8, 16, 128, 0, 14, 16, 30790 }, // U+225F
    { 10, 19, 240, 2, 17, 24, 30806 }, // U+2260
    { 10, 8, 240, 0, 11, 10, 30830 }, // U+2261
    { 10, 19, 240, 0, 17, 24, 30840 }, // U+2262
    { 8, 16, 128, 0, 14, 16, 30864 }, // U+2263
    { 12, 15, 240, 1, 13, 23, 30880 }, // U+2264
    { 12, 15, 240, 1, 13, 23, 30903 }, // U+2265
    { 8, 16, 128, 0, 14, 16, 30926 }, // U+2266
    { 8, 16, 128, 0, 14, 16, 30942 }, // U+2267
    { 8, 16, 128, 0, 14, 16, 30958 }, // U+2268
    { 8, 16, 128, 0, 14, 16, 30974 }, // U+2269
    { 8, 16, 128, 0, 14, 16, 30990 }, // U+226A
    { 8, 16, 128, 0, 14, 16, 31006 }, // U+226B
    { 8, 16, 128, 0, 14, 16, 31022 }, // U+226C
    { 8, 16, 128, 0, 14, 16, 31038 }, // U+226D
    { 12, 19, 240, 1, 17, 29, 31054 }, // U+226E
    { 12, 19, 240, 1, 17, 29, 31083 }, // U+226F
    { 12, 19, 240, 1, 15, 29, 31112 }, // U+2270
    { 12, 19, 240, 1, 15, 29, 31141 }, // U+2271
    { 8, 16, 128, 0, 14, 16, 31170 }, // U+2272
    { 8, 16, 128, 0, 14, 16, 31186 }, // U+2273
    { 8, 16, 128, 0, 14, 16, 31202 }, // U+2274
    { 8, 16, 128, 0, 14, 16, 31218 }, // U+2275
    { 8, 16, 128, 0, 14, 16, 31234 }, // U+2276
    { 8, 16, 128, 0, 14, 16, 31250 }, // U+2277
    { 8, 16, 128, 0, 14, 16, 31266 }, // U+2278
    { 8, 16, 128, 0, 14, 16, 31282 }, // U+2279
    { 8, 16, 128, 0, 14, 16, 31298 }, // U+227A
    { 8, 16, 128, 0, 14, 16, 31314 }, // U+227B
    { 8, 16, 128, 0, 14, 16, 31330 }, // U+227C
    { 8, 16, 128, 0, 14, 16, 31346 }, // U+227D
    { 8, 16, 128, 0, 14, 16, 31362 }, // U+227E
    { 8, 16, 128, 0, 14, 16, 31378 }, // U+227F
    { 8, 16, 128, 0, 14, 16, 31394 }, // U+2280
    { 8, 16, 128, 0, 14, 16, 31410 }, // U+2281
    { 8, 16, 128, 0, 14, 16, 31426 }, // U+2282
    { 8, 16, 128, 0, 14, 16, 31442 }, // U+2283
    { 8, 16, 128, 0, 14, 16, 31458 }, // U+2284
    { 8, 16, 128, 0, 14, 16, 31474 }, // U+2285
    { 8, 16, 128, 0, 14, 16, 31490 }, // U+2286
    { 8, 16, 128, 0, 14, 16, 31506 }, // U+2287
    { 8, 16, 128, 0, 14, 16, 31522 }, // U+2288
    { 8, 16, 128, 0, 14, 16, 31538 }, // U+2289
    { 8, 16, 128, 0, 14, 16, 31554 }, // U+228A
    { 8, 16, 128, 0, 14, 16, 31570 }, // U+228B
    { 8, 16, 128, 0, 14, 16, 31586 }, // U+228C
    { 8, 16, 128, 0, 14, 16, 31602 }, // U+228D
    { 8, 16, 128, 0, 14, 16, 31618 }, // U+228E
    { 8, 16, 128, 0, 14, 16, 31634 }, // U+228F
    { 8, 16, 128, 0, 14, 16, 31650 }, // U+2290
    { 8, 16, 128, 0, 14, 16, 31666 }, // U+2291
    { 8, 16, 128, 0, 14, 16, 31682 }, // U+2292
    { 8, 16, 128, 0, 14, 16, 31698 }, // U+2293
    { 8, 16, 128, 0, 14, 16, 31714 }, // U+2294
    { 8, 16, 128, 0, 14, 16, 31730 }, // U+2295
    { 8, 16, 128, 0, 14, 16, 31746 }, // U+2296
    { 8, 16, 128, 0, 14, 16, 31762 }, // U+2297
    { 8, 16, 128, 0, 14, 16, 31778 }, // U+2298
    { 8, 16, 128, 0, 14, 16, 31794 }, // U+2299
    { 8, 16, 128, 0, 14, 16, 31810 }, // U+229A
    { 8, 16, 128, 0, 14, 16, 31826 }, // U+229B
    { 8, 16, 128, 0, 14, 16, 31842 }, // U+229C
    { 8, 16, 128, 0, 14, 16, 31858 }, // U+229D
    { 8, 16, 128, 0, 14, 16, 31874 }, // U+229E
    { 8, 16, 128, 0, 14, 16, 31890 }, // U+229F
    { 8, 16, 128, 0, 14, 16, 31906 }, // U+22A0
    { 8, 16, 128, 0, 14, 16, 31922 }, // U+22A1
    { 8, 16, 128, 0, 14, 16, 31938 }, // U+22A2
    { 8, 16, 128, 0, 14, 16, 31954 }, // U+22A3
    { 8, 16, 128, 0, 14, 16, 31970 }, // U+22A4
    { 8, 16, 128, 0, 14, 16, 31986 }, // U+22A5
    { 8, 16, 128, 0, 14, 16, 32002 }, // U+22A6
    { 8, 16, 128, 0, 14, 16, 32018 }, // U+22A7
    { 8, 16, 128, 0, 14, 16, 32034 }, // U+22A8
    { 8, 16, 128, 0, 14, 16, 32050 }, // U+22A9
    { 8, 16, 128, 0, 14, 16, 32066 }, // U+22AA
    { 8, 16, 128, 0, 14, 16, 32082 }, // U+22AB
    { 8, 16, 128, 0, 14, 16, 32098 }, // U+22AC
    { 8, 16, 128, 0, 14, 16, 32114 }, // U+22AD
    { 8, 16, 128, 0, 14, 16, 32130 }, // U+22AE
    { 8, 16, 128, 0, 14, 16, 32146 }, // U+22AF
    { 8, 16, 128, 0, 14, 16, 32162 }, // U+22B0
    { 8, 16, 128, 0, 14, 16, 32178 }, // U+22B1
    { 8, 16, 128, 0, 14, 16, 32194 }, // U+22B2
    { 8, 16, 128, 0, 14, 16, 32210 }, // U+22B3
    { 8, 16, 128, 0, 14, 16, 32226 }, // U+22B4
    { 8, 16, 128, 0, 14, 16, 32242 }, // U+22B5
    { 16, 16, 256, 0, 14, 32, 32258 }, // U+22B6
    { 16, 16, 256, 0, 14, 32, 32290 }, // U+22B7
    { 16, 16, 256, 0, 14, 32, 32322 }, // U+22B8
    { 8, 16, 128, 0, 14, 16, 32354 }, // U+22B9
    { 8, 16, 128, 0, 14, 16, 32370 }, // U+22BA
    { 8, 16, 128, 0, 14, 16, 32386 }, // U+22BB
    { 8, 16, 128, 0, 14, 16, 32402 }, // U+22BC
    { 8, 16, 128, 0, 14, 16, 32418 }, // U+22BD
    { 8, 16, 128, 0, 14, 16, 32434 }, // U+22BE
    { 8, 16, 128, 0, 14, 16, 32450 }, // U+22BF
    { 8, 16, 128, 0, 14, 16, 32466 }, // U+22C0
    { 8, 16, 128, 0, 14, 16, 32482 }, // U+22C1
    { 8, 16, 128, 0, 14, 16, 32498 }, // U+22C2
    { 8, 16, 128, 0, 14, 16, 32514 }, // U+22C3
    { 8, 16, 128, 0, 14, 16, 32530 }, // U+22C4
    { 8, 16, 128, 0, 14, 16, 32546 }, // U+22C5
    { 8, 16, 128, 0, 14, 16, 32562 }, // U+22C6
    { 8, 16, 128, 0, 14, 16, 32578 }, // U+22C7
    { 8, 16, 128, 0, 14, 16, 32594 }, // U+22C8
    { 8, 16, 128, 0, 14, 16, 32610 }, // U+22C9
    { 8, 16, 128, 0, 14, 16, 32626 }, // U+22CA
    { 8, 16, 128, 0, 14, 16, 32642 }, // U+22CB
    { 8, 16, 128, 0, 14, 16, 32658 }, // U+22CC
    { 8, 16, 128, 0, 14, 16, 32674 }, // U+22CD
    { 8, 16, 128, 0, 14, 16, 32690 }, // U+22CE
    { 8, 16, 128, 0, 14, 16, 32706 }, // U+22CF
    { 8, 16, 128, 0, 14, 16, 32722 }, // U+22D0
    { 8, 16, 128, 0, 14, 16, 32738 }, // U+22D1
    { 8, 16, 128, 0, 14, 16, 32754 }, // U+22D2
    { 8, 16, 128, 0, 14, 16, 32770 }, // U+22D3
    { 8, 16, 128, 0, 14, 16, 32786 }, // U+22D4
    { 8, 16, 128, 0, 14, 16, 32802 }, // U+22D5
    { 8, 16, 128, 0, 14, 16, 32818 }, // U+22D6
    { 8, 16, 128, 0, 14, 16, 32834 }, // U+22D7
    { 16, 16, 256, 0, 14, 32, 32850 }, // U+22D8
    { 16, 16, 256, 0, 14, 32, 32882 }, // U+22D9
    { 8, 16, 128, 0, 14, 16, 32914 }, // U+22DA
    { 8, 16, 128, 0, 14, 16, 32930 }, // U+22DB
    { 8, 16, 128, 0, 14, 16, 32946 }, // U+22DC
    { 8, 16, 128, 0, 14, 16, 32962 }, // U+22DD
    { 8, 16, 128, 0, 14, 16, 32978 }, // U+22DE
    { 8, 16, 128, 0, 14, 16, 32994 }, // U+22DF
    { 8, 16, 128, 0, 14, 16, 33010 }, // U+22E0
    { 8, 16, 128, 0, 14, 16, 33026 }, // U+22E1
    { 8, 16, 128, 0, 14, 16, 33042 }, // U+22E2
    { 8, 16, 128, 0, 14, 16, 33058 }, // U+22E3
    { 8, 16, 128, 0, 14, 16, 33074 }, // U+22E4
    { 8, 16, 128, 0, 14, 16, 33090 }, // U+22E5
    { 8, 16, 128, 0, 14, 16, 33106 }, // U+22E6
    { 8, 16, 128, 0, 14, 16, 33122 }, // U+22E7
    { 8, 16, 128, 0, 14, 16, 33138 }, // U+22E8
    { 8, 16, 128, 0, 14, 16, 33154 }, // U+22E9
    { 8, 16, 128, 0, 14, 16, 33170 }, // U+22EA
    { 8, 16, 128, 0, 14, 16, 33186 }, // U+22EB
    { 8, 16, 128, 0, 14, 16, 33202 }, // U+22EC
    { 8, 16, 128, 0, 14, 16, 33218 }, // U+22ED
    { 8, 16, 128, 0, 14, 16, 33234 }, // U+22EE
    { 8, 16, 128, 0, 14, 16, 33250 }, // U+22EF
    { 8, 16, 128, 0, 14, 16, 33266 }, // U+22F0
    { 8, 16, 128, 0, 14, 16, 33282 }, // U+22F1
    { 16, 16, 256, 0, 14, 32, 33298 }, // U+22F2
    { 16, 16, 256, 0, 14, 32, 33330 }, // U+22F3
    { 8, 16, 128, 0, 14, 16, 33362 }, // U+22F4
    { 16, 16, 256, 0, 14, 32, 33378 }, // U+22F5
    { 16, 16, 256, 0, 14, 32, 33410 }, // U+22F6
    { 8, 16, 128, 0, 14, 16, 33442 }, // U+22F7
    { 8, 16, 128, 0, 14, 16, 33458 }, // U+22F8
    { 16, 16, 256, 0, 14, 32, 33474 }, // U+22F9
    { 16, 16, 256, 0, 14, 32, 33506 }, // U+22FA
    { 16, 16, 256, 0, 14, 32, 33538 }, // U+22FB
    { 8, 16, 128, 0, 14, 16, 33570 }, // U+22FC
    { 16, 16, 256, 0, 14, 32, 33586 }, // U+22FD
    { 8, 16, 128, 0, 14, 16, 33618 }, // U+22FE
    { 16, 16, 256, 0, 14, 32, 33634 }, // U+22FF
    { 8, 16, 128, 0, 14, 16, 33666 }, // U+FB00
    { 8, 16, 128, 0, 14, 16, 33682 }, // U+FB01
    { 8, 16, 128, 0, 14, 16, 33698 }, // U+FB02
    { 8, 16, 128, 0, 14, 16, 33714 }, // U+FB03
    { 8, 16, 128, 0, 14, 16, 33730 }, // U+FB04
    { 8, 16, 128, 0, 14, 16, 33746 }, // U+FB05
    { 8, 16, 128, 0, 14, 16, 33762 }, // U+FB06
    { 8, 16, 128, 0, 14, 16, 33778 }, // U+FB56
    { 8, 16, 128, 0, 14, 16, 33794 }, // U+FB57
    { 8, 16, 128, 0, 14, 16, 33810 }, // U+FB58
    { 8, 16, 128, 0, 14, 16, 33826 }, // U+FB59
    { 8, 16, 128, 0, 14, 16, 33842 }, // U+FB66
    { 8, 16, 128, 0, 14, 16, 33858 }, // U+FB67
    { 8, 16, 128, 0, 14, 16, 33874 }, // U+FB68
    { 8, 16, 128, 0, 14, 16, 33890 }, // U+FB69
    { 8, 16, 128, 0, 14, 16, 33906 }, // U+FB7A
    { 8, 16, 128, 0, 14, 16, 33922 }, // U+FB7B
    { 8, 16, 128, 0, 14, 16, 33938 }, // U+FB7C
    { 8, 16, 128, 0, 14, 16, 33954 }, // U+FB7D
    { 8, 16, 128, 0, 14, 16, 33970 }, // U+FB88
    { 8, 16, 128, 0, 14, 16, 33986 }, // U+FB89
    { 8, 16, 128, 0, 14, 16, 34002 }, // U+FB8A
    { 8, 16, 128, 0, 14, 16, 34018 }, // U+FB8B
    { 8, 16, 128, 0, 14, 16, 34034 }, // U+FB8C
    { 8, 16, 128, 0, 14, 16, 34050 }, // U+FB8D
    { 8, 16, 128, 0, 14, 16, 34066 }, // U+FB8E
    { 8, 16, 128, 0, 14, 16, 34082 }, // U+FB8F
    { 8, 16, 128, 0, 14, 16, 34098 }, // U+FB90
    { 8, 16, 128, 0, 14, 16, 34114 }, // U+FB91
    { 8, 16, 128, 0, 14, 16, 34130 }, // U+FB92
    { 8, 16, 128, 0, 14, 16, 34146 }, // U+FB93
    { 8, 16, 128, 0, 14, 16, 34162 }, // U+FB94
    { 8, 16, 128, 0, 14, 16, 34178 }, // U+FB95
    { 8, 16, 128, 0, 14, 16, 34194 }, // U+FB9E
    { 8, 16, 128, 0, 14, 16, 34210 }, // U+FB9F
    { 8, 16, 128, 0, 14, 16, 34226 }, // U+FBA6
    { 8, 16, 128, 0, 14, 16, 34242 }, // U+FBA7
    { 8, 16, 128, 0, 14, 16, 34258 }, // U+FBA8
    { 8, 16, 128, 0, 14, 16, 34274 }, // U+FBA9
    { 8, 16, 128, 0, 14, 16, 34290 }, // U+FBAA
    { 8, 16, 128, 0, 14, 16, 34306 }, // U+FBAB
    { 8, 16, 128, 0, 14, 16, 34322 }, // U+FBAC
    { 8, 16, 128, 0, 14, 16, 34338 }, // U+FBAD
    { 8, 16, 128, 0, 14, 16, 34354 }, // U+FBAE
    { 8, 16, 128, 0, 14, 16, 34370 }, // U+FBAF
    { 8, 16, 128, 0, 14, 16, 34386 }, // U+FBB0
    { 8, 16, 128, 0, 14, 16, 34402 }, // U+FBB1
    { 8, 16, 128, 0, 14, 16, 34418 }, // U+FBFC
    { 8, 16, 128, 0, 14, 16, 34434 }, // U+FBFD
    { 8, 16, 128, 0, 14, 16, 34450 }, // U+FBFE
    { 8, 16, 128, 0, 14, 16, 34466 }, // U+FBFF
    { 8, 16, 128, 0, 14, 16, 34482 }, // U+FE80
    { 8, 16, 128, 0, 14, 16, 34498 }, // U+FE81
    { 8, 16, 128, 0, 14, 16, 34514 }, // U+FE82
    { 8, 16, 128, 0, 14, 16, 34530 }, // U+FE83
    { 8, 16, 128, 0, 14, 16, 34546 }, // U+FE84
    { 8, 16, 128, 0, 14, 16, 34562 }, // U+FE85
    { 8, 16, 128, 0, 14, 16, 34578 }, // U+FE86
    { 8, 16, 128, 0, 14, 16, 34594 }, // U+FE87
    { 8, 16, 128, 0, 14, 16, 34610 }, // U+FE88
    { 8, 16, 128, 0, 14, 16, 34626 }, // U+FE89
    { 8, 16, 128, 0, 14, 16, 34642 }, // U+FE8A
    { 8, 16, 128, 0, 14, 16, 34658 }, // U+FE8B
    { 8, 16, 128, 0, 14, 16, 34674 }, // U+FE8C
    { 8, 16, 128, 0, 14, 16, 34690 }, // U+FE8D
    { 8, 16, 128, 0, 14, 16, 34706 }, // U+FE8E
    { 8, 16, 128, 0, 14, 16, 34722 }, // U+FE8F
    { 8, 16, 128, 0, 14, 16, 34738 }, // U+FE90
    { 8, 16, 128, 0, 14, 16, 34754 }, // U+FE91
    { 8, 16, 128, 0, 14, 16, 34770 }, // U+FE92
    { 8, 16, 128, 0, 14, 16, 34786 }, // U+FE93
    { 8, 16, 128, 0, 14, 16, 34802 }, // U+FE94
    { 8, 16, 128, 0, 14, 16, 34818 }, // U+FE95
    { 8, 16, 128, 0, 14, 16, 34834 }, // U+FE96
    { 8, 16, 128, 0, 14, 16, 34850 }, // U+FE97
    { 8, 16, 128, 0, 14, 16, 34866 }, // U+FE98
    { 8, 16, 128, 0, 14, 16, 34882 }, // U+FE99
    { 8, 16, 128, 0, 14, 16, 34898 }, // U+FE9A
    { 8, 16, 128, 0, 14, 16, 34914 }, // U+FE9B
    { 8, 16, 128, 0, 14, 16, 34930 }, // U+FE9C
    { 8, 16, 128, 0, 14, 16, 34946 }, // U+FE9D
    { 8, 16, 128, 0, 14, 16, 34962 }, // U+FE9E
    { 8, 16, 128, 0, 14, 16, 34978 }, // U+FE9F
    { 8, 16, 128, 0, 14, 16, 34994 }, // U+FEA0
    { 8, 16, 128, 0, 14, 16, 35010 }, // U+FEA1
    { 8, 16, 128, 0, 14, 16, 35026 }, // U+FEA2
    { 8, 16, 128, 0, 14, 16, 35042 }, // U+FEA3
    { 8, 16, 128, 0, 14, 16, 35058 }, // U+FEA4
    { 8, 16, 128, 0, 14, 16, 35074 }, // U+FEA5
    { 8, 16, 128, 0, 14, 16, 35090 }, // U+FEA6
    { 8, 16, 128, 0, 14, 16, 35106 }, // U+FEA7
    { 8, 16, 128, 0, 14, 16, 35122 }, // U+FEA8
    { 8, 16, 128, 0, 14, 16, 35138 }, // U+FEA9
    { 8, 16, 128, 0, 14, 16, 35154 }, // U+FEAA
    { 8, 16, 128, 0, 14, 16, 35170 }, // U+FEAB
    { 8, 16, 128, 0, 14, 16, 35186 }, // U+FEAC
    { 8, 16, 128, 0, 14, 16, 35202 }, // U+FEAD
    { 8, 16, 128, 0, 14, 16, 35218 }, // U+FEAE
    { 8, 16, 128, 0, 14, 16, 35234 }, // U+FEAF
    { 8, 16, 128, 0, 14, 16, 35250 }, // U+FEB0
    { 8, 16, 128, 0, 14, 16, 35266 }, // U+FEB1
    { 8, 16, 128, 0, 14, 16, 35282 }, // U+FEB2
    { 8, 16, 128, 0, 14, 16, 35298 }, // U+FEB3
    { 8, 16, 128, 0, 14, 16, 35314 }, // U+FEB4
    { 8, 16, 128, 0, 14, 16, 35330 }, // U+FEB5
    { 8, 16, 128, 0, 14, 16, 35346 }, // U+FEB6
    { 8, 16, 128, 0, 14, 16, 35362 }, // U+FEB7
    { 8, 16, 128, 0, 14, 16, 35378 }, // U+FEB8
    { 8, 16, 128, 0, 14, 16, 35394 }, // U+FEB9
    { 8, 16, 128, 0, 14, 16, 35410 }, // U+FEBA
    { 8, 16, 128, 0, 14, 16, 35426 }, // U+FEBB
    { 8, 16, 128, 0, 14, 16, 35442 }, // U+FEBC
    { 8, 16, 128, 0, 14, 16, 35458 }, // U+FEBD
    { 8, 16, 128, 0, 14, 16, 35474 }, // U+FEBE
    { 8, 16, 128, 0, 14, 16, 35490 }, // U+FEBF
    { 8, 16, 128, 0, 14, 16, 35506 }, // U+FEC0
    { 8, 16, 128, 0, 14, 16, 35522 }, // U+FEC1
    { 8, 16, 128, 0, 14, 16, 35538 }, // U+FEC2
    { 8, 16, 128, 0, 14, 16, 35554 }, // U+FEC3
    { 8, 16, 128, 0, 14, 16, 35570 }, // U+FEC4
    { 8, 16, 128, 0, 14, 16, 35586 }, // U+FEC5
    { 8, 16, 128, 0, 14, 16, 35602 }, // U+FEC6
    { 8, 16, 128, 0, 14, 16, 35618 }, // U+FEC7
    { 8, 16, 128, 0, 14, 16, 35634 }, // U+FEC8
    { 8, 16, 128, 0, 14, 16, 35650 }, // U+FEC9
    { 8, 16, 128, 0, 14, 16, 35666 }, // U+FECA
    { 8, 16, 128, 0, 14, 16, 35682 }, // U+FECB
    { 8, 16, 128, 0, 14, 16, 35698 }, // U+FECC
    { 8, 16, 128, 0, 14, 16, 35714 }, // U+FECD
    { 8, 16, 128, 0, 14, 16, 35730 }, // U+FECE
    { 8, 16, 128, 0, 14, 16, 35746 }, // U+FECF
    { 8, 16, 128, 0, 14, 16, 35762 }, // U+FED0
    { 8, 16, 128, 0, 14, 16, 35778 }, // U+FED1
    { 8, 16, 128, 0, 14, 16, 35794 }, // U+FED2
    { 8, 16, 128, 0, 14, 16, 35810 }, // U+FED3
    { 8, 16, 128, 0, 14, 16, 35826 }, // U+FED4
    { 8, 16, 128, 0, 14, 16, 35842 }, // U+FED5
    { 8, 16, 128, 0, 14, 16, 35858 }, // U+FED6
    { 8, 16, 128, 0, 14, 16, 35874 }, // U+FED7
    { 8, 16, 128, 0, 14, 16, 35890 }, // U+FED8
    { 8, 16, 128, 0, 14, 16, 35906 }, // U+FED9
    { 8, 16, 128, 0, 14, 16, 35922 }, // U+FEDA
    { 8, 16, 128, 0, 14, 16, 35938 }, // U+FEDB
    { 8, 16, 128, 0, 14, 16, 35954 }, // U+FEDC
    { 8, 16, 128, 0, 14, 16, 35970 }, // U+FEDD
    { 8, 16, 128, 0, 14, 16, 35986 }, // U+FEDE
    { 8, 16, 128, 0, 14, 16, 36002 }, // U+FEDF
    { 8, 16, 128, 0, 14, 16, 36018 }, // U+FEE0
    { 8, 16, 128, 0, 14, 16, 36034 }, // U+FEE1
    { 8, 16, 128, 0, 14, 16, 36050 }, // U+FEE2
    { 8, 16, 128, 0, 14, 16, 36066 }, // U+FEE3
    { 8, 16, 128, 0, 14, 16, 36082 }, // U+FEE4
    { 8, 16, 128, 0, 14, 16, 36098 }, // U+FEE5
    { 8, 16, 128, 0, 14, 16, 36114 }, // U+FEE6
    { 8, 16, 128, 0, 14, 16, 36130 }, // U+FEE7
    { 8, 16, 128, 0, 14, 16, 36146 }, // U+FEE8
    { 8, 16, 128, 0, 14, 16, 36162 }, // U+FEE9
    { 8, 16, 128, 0, 14, 16, 36178 }, // U+FEEA
    { 8, 16, 128, 0, 14, 16, 36194 }, // U+FEEB
    { 8, 16, 128, 0, 14, 16, 36210 }, // U+FEEC
    { 8, 16, 128, 0, 14, 16, 36226 }, // U+FEED
    { 8, 16, 128, 0, 14, 16, 36242 }, // U+FEEE
    { 8, 16, 128, 0, 14, 16, 36258 }, // U+FEEF
    { 8, 16, 128, 0, 14, 16, 36274 }, // U+FEF0
    { 8, 16, 128, 0, 14, 16, 36290 }, // U+FEF1
    { 8, 16, 128, 0, 14, 16, 36306 }, // U+FEF2
    { 8, 16, 128, 0, 14, 16, 36322 }, // U+FEF3
    { 8, 16, 128, 0, 14, 16, 36338 }, // U+FEF4
    { 8, 16, 128, 0, 14, 16, 36354 }, // U+FEF5
    { 8, 16, 128, 0, 14, 16, 36370 }, // U+FEF6
    { 8, 16, 128, 0, 14, 16, 36386 }, // U+FEF7
    { 8, 16, 128, 0, 14, 16, 36402 }, // U+FEF8
    { 8, 16, 128, 0, 14, 16, 36418 }, // U+FEF9
    { 8, 16, 128, 0, 14, 16, 36434 }, // U+FEFA
    { 8, 16, 128, 0, 14, 16, 36450 }, // U+FEFB
    { 8, 16, 128, 0, 14, 16, 36466 }, // U+FEFC
    { 8, 16, 128, 0, 14, 16, 36482 }, // U+FFFD
};

static const EpdUnicodeInterval helveticaui_12_regularIntervals[] = {
    { 0x0, 0x17F, 0x0 },
    { 0x1A0, 0x1A1, 0x180 },
    { 0x1AF, 0x1B0, 0x182 },
    { 0x1C4, 0x21F, 0x184 },
    { 0x300, 0x36F, 0x1E0 },
    { 0x400, 0x4FF, 0x250 },
    { 0x5D0, 0x5EA, 0x350 },
    { 0x60C, 0x60C, 0x36B },
    { 0x61B, 0x61B, 0x36C },
    { 0x61F, 0x61F, 0x36D },
    { 0x621, 0x621, 0x36E },
    { 0x640, 0x640, 0x36F },
    { 0x654, 0x654, 0x370 },
    { 0x660, 0x669, 0x371 },
    { 0x6BA, 0x6BA, 0x37B },
    { 0x6D4, 0x6D5, 0x37C },
    { 0x6F0, 0x6F9, 0x37E },
    { 0x1EA0, 0x1EF9, 0x388 },
    { 0x2000, 0x20CF, 0x3E2 },
    { 0x2190, 0x22FF, 0x4B2 },
    { 0xFB00, 0xFB06, 0x622 },
    { 0xFB56, 0xFB59, 0x629 },
    { 0xFB66, 0xFB69, 0x62D },
    { 0xFB7A, 0xFB7D, 0x631 },
    { 0xFB88, 0xFB95, 0x635 },
    { 0xFB9E, 0xFB9F, 0x643 },
    { 0xFBA6, 0xFBB1, 0x645 },
    { 0xFBFC, 0xFBFF, 0x651 },
    { 0xFE80, 0xFEFC, 0x655 },
    { 0xFFFD, 0xFFFD, 0x6D2 },
};

static const EpdFontData helveticaui_12_regular = {
    helveticaui_12_regularBitmaps,
    helveticaui_12_regularGlyphs,
    helveticaui_12_regularIntervals,
    30,
    27,
    22,
    -5,
    false,
    nullptr,
    0,
    nullptr,
    nullptr,
    nullptr,
    nullptr,
    nullptr,
    nullptr,
    nullptr,
    nullptr,
    nullptr,
    nullptr,
    nullptr,
    0,
    0,
    0,
    0,
    nullptr,
    0,
};
