/**
 * generated by fontconvert.py
 * name: helvetica_12_bold
 * size: 12
 * mode: 2-bit  compressed: true
 * Command used: fontconvert.py helvetica_12_bold 12 ../../../x11/font-adobe-100dpi-1.0.4/helvB18.bdf ../../../x11/unifont-18.0.01.bdf --2bit --compress --zopfli
 */
#pragma once
#include "EpdFontData.h"

static const uint8_t helvetica_12_boldBitmaps[13030] = {
    0xA4, 0x95, 0x81, 0xC6, 0x63, 0x41, 0x0C, 0x85, 0xC3, 0x01, 0x08, 0x79, 0x95, 0x61, 0x00, 0x2E,
    0xF3, 0xEA, 0x21, 0x00, 0xE1, 0xBE, 0x4A, 0x18, 0x80, 0x61, 0x36, 0xF7, 0xEF, 0xB4, 0x5B, 0xEC,
    0x22, 0xBB, 0xB9, 0x87, 0x4F, 0xC4, 0xE7, 0x94, 0x6A, 0xAF, 0xE7, 0x50, 0x8E, 0x12, 0xF1, 0xFF,
    0xD0, 0xCF, 0x10, 0x11, 0x94, 0x72, 0x0E, 0xC5, 0x4C, 0x82, 0x3B, 0x0B, 0xF7, 0xAD, 0xDE, 0x79,
    0xC0, 0xE4, 0xFB, 0xFE, 0x66, 0xCF, 0xF9, 0xA3, 0x7F, 0x7B, 0x0F, 0x70, 0x13, 0xC0, 0xD4, 0xB8,
    0x0D, 0x70, 0xAF, 0xF8, 0xE3, 0xF8, 0xC3, 0x60, 0x2F, 0x16, 0x7D, 0xBB, 0x77, 0x70, 0xD3, 0xE1,
    0xCD, 0x7E, 0x68, 0x6A, 0x25, 0xDF, 0xDB, 0x0C, 0xEE, 0x3C, 0xEE, 0x2E, 0xC1, 0xF3, 0xCA, 0x7D,
    0x57, 0x7C, 0x81, 0xF7, 0x70, 0xCE, 0x7E, 0xC1, 0xC3, 0x66, 0x5E, 0xFB, 0xFC, 0x32, 0xD3, 0xC3,
    0x37, 0x4B, 0xFD, 0x58, 0x62, 0x86, 0xF6, 0x10, 0x06, 0x52, 0xAC, 0x81, 0x8A, 0xCF, 0xBC, 0xCD,
    0x99, 0x49, 0x16, 0xE3, 0x21, 0x33, 0xD7, 0x7C, 0x4A, 0x9F, 0xF4, 0x43, 0x59, 0x5A, 0xEF, 0x3F,
    0xBD, 0xD6, 0x98, 0x48, 0x6B, 0xFD, 0xB2, 0x4E, 0xEF, 0x21, 0x53, 0xAD, 0x1F, 0x6B, 0x23, 0x3D,
    0x65, 0x7A, 0x68, 0xB9, 0xAB, 0xD5, 0xFC, 0xF1, 0xE3, 0x23, 0xD2, 0x63, 0x55, 0x89, 0x51, 0xED,
    0x37, 0x27, 0x26, 0x04, 0x43, 0x99, 0x49, 0x62, 0x97, 0xFA, 0xC5, 0x30, 0xBD, 0x83, 0xB8, 0xBF,
    0x28, 0x36, 0x67, 0xC5, 0x1F, 0x50, 0x0B, 0x87, 0x36, 0xA7, 0x24, 0xE9, 0x80, 0x15, 0x7D, 0x7B,
    0xBC, 0xF6, 0xF2, 0x41, 0xFF, 0xEE, 0xE3, 0x87, 0xCF, 0x5E, 0xF3, 0xB5, 0xA7, 0x17, 0xE9, 0x27,
    0x11, 0xCF, 0x5E, 0xF1, 0x9B, 0x99, 0x2C, 0xEF, 0xED, 0xF2, 0x6E, 0xF3, 0x9E, 0xAD, 0x79, 0x97,
    0x8A, 0x2F, 0xAD, 0x4B, 0xB0, 0xB9, 0x00, 0x43, 0x0D, 0x3C, 0x80, 0x92, 0x3F, 0xEE, 0xFB, 0xFC,
    0xEF, 0xC9, 0x87, 0xA5, 0x7E, 0xE1, 0x1E, 0xED, 0x6E, 0x6D, 0xF8, 0x8C, 0xE6, 0x4D, 0x9A, 0xF7,
    0x92, 0xBF, 0xD4, 0x9C, 0xA6, 0xCA, 0xF2, 0xA4, 0x26, 0xB5, 0xD6, 0xEF, 0x7D, 0x9E, 0xF7, 0xC7,
    0x54, 0xEF, 0x5C, 0xFE, 0xFE, 0x2D, 0x76, 0x30, 0x92, 0x86, 0xA0, 0x4E, 0xE3, 0xD6, 0x5D, 0xFD,
    0xFD, 0x19, 0x69, 0xF2, 0x4A, 0x22, 0x9F, 0x85, 0x8A, 0x4F, 0x6F, 0xFF, 0x4A, 0x9F, 0x91, 0x7B,
    0xCD, 0x47, 0xA4, 0xCF, 0x9A, 0x4C, 0xBF, 0x81, 0xC0, 0x45, 0x9F, 0x8F, 0xCF, 0xA7, 0x3F, 0xFE,
    0xEE, 0xD3, 0xFA, 0x3D, 0x11, 0x41, 0x94, 0x9C, 0xFA, 0x7E, 0x2C, 0xDD, 0xF8, 0xCE, 0xD8, 0x3B,
    0x03, 0xD3, 0x4F, 0xF6, 0x5E, 0x19, 0x11, 0xFA, 0x0E, 0x5D, 0x24, 0x5B, 0x47, 0x9E, 0xAE, 0xB5,
    0xAE, 0x91, 0xD9, 0x17, 0x8D, 0x45, 0xB2, 0x88, 0x36, 0xD1, 0x88, 0x67, 0xB9, 0xF6, 0x73, 0x3A,
    0xD7, 0x3D, 0xF6, 0xC2, 0x8E, 0x14, 0x9F, 0xFC, 0x6A, 0xCD, 0x0A, 0x53, 0x23, 0xE6, 0x75, 0xE0,
    0x80, 0xFE, 0x7E, 0xA0, 0xAB, 0xBC, 0x03, 0x2C, 0xE8, 0xEA, 0x82, 0x3D, 0x40, 0xAE, 0x22, 0xD8,
    0xBF, 0x03, 0xF3, 0xAC, 0xD8, 0x49, 0x13, 0xDA, 0x6E, 0xDB, 0xEF, 0xBD, 0x68, 0x66, 0xD6, 0x6B,
    0xC9, 0x96, 0xEC, 0xA4, 0x38, 0x4B, 0x81, 0x00, 0x9C, 0xAD, 0x21, 0x10, 0xA0, 0x27, 0x81, 0xB2,
    0x67, 0x1D, 0x4A, 0xDF, 0xB2, 0xBD, 0x9E, 0x1D, 0x19, 0xE8, 0x6B, 0x2A, 0x9D, 0xAD, 0x21, 0xC0,
    0x8A, 0x9E, 0x43, 0xCB, 0x12, 0x9E, 0x53, 0xBB, 0x27, 0xD0, 0xDE, 0x98, 0xF5, 0x24, 0x3A, 0xB1,
    0xBF, 0xD8, 0xCE, 0x93, 0xF6, 0xAA, 0xE5, 0x03, 0x5C, 0xCF, 0x8A, 0xED, 0x55, 0x61, 0x2A, 0x42,
    0x49, 0x04, 0xFA, 0x53, 0xA6, 0x0A, 0x15, 0x4D, 0x19, 0xD5, 0x57, 0xA2, 0xAC, 0x3C, 0x3D, 0x03,
    0x81, 0x07, 0xF8, 0x85, 0x3D, 0xD0, 0xBE, 0x8E, 0xB1, 0x7D, 0x4F, 0xF9, 0xF1, 0x3D, 0xAD, 0xBE,
    0xB0, 0x3C, 0xE6, 0x23, 0x0A, 0x96, 0x96, 0xAF, 0x4D, 0xF2, 0x7A, 0x8C, 0x0B, 0x0F, 0x5C, 0xA1,
    0xFD, 0xC2, 0xBD, 0x93, 0xE4, 0xE3, 0x51, 0x62, 0x1B, 0xD9, 0xF9, 0xDB, 0xAA, 0xCD, 0x72, 0x9A,
    0xA3, 0xED, 0xE2, 0x80, 0x29, 0x5D, 0x15, 0x4F, 0x06, 0x1A, 0x44, 0x7C, 0x89, 0xE9, 0x1D, 0x61,
    0xAE, 0x32, 0x25, 0x08, 0xDA, 0x9E, 0x08, 0xDF, 0x9A, 0x09, 0xA1, 0x0A, 0x23, 0x8F, 0x69, 0xD1,
    0x20, 0x8C, 0xF0, 0x42, 0xA4, 0x69, 0x7E, 0x42, 0x00, 0xB1, 0xD6, 0x74, 0x8C, 0x2A, 0x82, 0x13,
    0xFB, 0x90, 0x82, 0x12, 0xDA, 0xDB, 0x08, 0xAC, 0xAA, 0x14, 0xC6, 0x10, 0x4D, 0xD9, 0x01, 0xBE,
    0x23, 0x76, 0xBC, 0xCA, 0x06, 0x9E, 0xE5, 0xD6, 0x53, 0x3D, 0xAC, 0x68, 0xB5, 0xF6, 0xCC, 0xEA,
    0x44, 0x88, 0x0D, 0xE0, 0x03, 0xCA, 0x3D, 0xFB, 0x4A, 0x74, 0xCD, 0x25, 0x63, 0xCC, 0xB5, 0x2B,
    0x5D, 0x8C, 0x64, 0x2C, 0x17, 0x1A, 0x82, 0x54, 0x7A, 0x52, 0x97, 0x3D, 0xBC, 0xEE, 0xD8, 0xCA,
    0x0E, 0xCD, 0xE5, 0x34, 0x3C, 0x1B, 0x81, 0x06, 0x1B, 0x76, 0x7A, 0x0E, 0x27, 0x04, 0x57, 0xF9,
    0xB3, 0x02, 0x3C, 0x31, 0xBE, 0xAE, 0xBB, 0x06, 0xDE, 0xEF, 0xD1, 0xDA, 0x0D, 0x9B, 0xAB, 0xB8,
    0x15, 0xD3, 0x10, 0x14, 0x4F, 0x85, 0x64, 0x3A, 0x97, 0x46, 0xF9, 0x5C, 0x17, 0x48, 0x62, 0x5D,
    0x24, 0x6F, 0xDF, 0xFA, 0xB9, 0xC2, 0xAC, 0x27, 0xE1, 0xFC, 0xF8, 0xC0, 0x64, 0xB7, 0xA1, 0xBC,
    0x36, 0x52, 0xAA, 0x01, 0x00, 0xB3, 0xF1, 0x39, 0xA2, 0x1B, 0x91, 0xCD, 0xDB, 0x94, 0x09, 0xB4,
    0xE7, 0xBE, 0x06, 0xD2, 0xB8, 0x36, 0x26, 0x12, 0x01, 0xF0, 0x82, 0x79, 0xF1, 0x80, 0x49, 0x00,
    0x62, 0x4F, 0xAE, 0x34, 0xC1, 0xD8, 0x49, 0x7C, 0x5F, 0x41, 0x64, 0xBC, 0x7A, 0x37, 0xA5, 0x67,
    0x69, 0x7F, 0x38, 0xE8, 0xB9, 0x2B, 0x38, 0x34, 0x40, 0xCF, 0xA1, 0xD5, 0x6A, 0x15, 0x58, 0xEA,
    0xCF, 0x17, 0x21, 0x97, 0x0A, 0x61, 0x8A, 0x59, 0x38, 0xE0, 0xD5, 0x6A, 0x42, 0x00, 0x90, 0xD4,
    0x5D, 0xAA, 0xE5, 0x68, 0x06, 0x27, 0xF9, 0x18, 0x8C, 0x9D, 0x56, 0x9E, 0x07, 0xCF, 0x96, 0x54,
    0x21, 0xAD, 0x08, 0xB0, 0x47, 0x1D, 0x94, 0x08, 0x49, 0x49, 0xC4, 0xA0, 0xD5, 0x9D, 0x9E, 0x92,
    0xDA, 0xBF, 0x7C, 0xE0, 0x9D, 0x36, 0x18, 0xD5, 0x7E, 0x69, 0x9F, 0x0D, 0x26, 0x95, 0xD3, 0x19,
    0x09, 0xC5, 0xDE, 0x03, 0xF0, 0x0D, 0x05, 0x44, 0x34, 0x13, 0xEA, 0x71, 0x3D, 0xBE, 0x47, 0x5D,
    0xEA, 0xAA, 0x99, 0x07, 0x4D, 0x0D, 0xC6, 0x1B, 0xEA, 0xAB, 0xBA, 0x24, 0x35, 0xBF, 0xAF, 0x41,
    0x6C, 0xBE, 0xAF, 0x53, 0xCA, 0x45, 0x75, 0x2C, 0xEE, 0x80, 0xC4, 0x01, 0x02, 0xDF, 0x01, 0x21,
    0x60, 0x5F, 0x5D, 0x2F, 0x13, 0x91, 0x10, 0x02, 0x03, 0xC2, 0x4A, 0x71, 0x93, 0x50, 0x2E, 0x81,
    0x4F, 0x51, 0x4B, 0x8F, 0xC8, 0x1E, 0x9B, 0x4E, 0x57, 0x9A, 0xB4, 0x25, 0x42, 0x7B, 0x08, 0xDF,
    0x51, 0x52, 0xB3, 0xDB, 0x3F, 0xF3, 0xF3, 0x05, 0xFC, 0x0C, 0x5E, 0x10, 0xC6, 0x50, 0xB9, 0x92,
    0xF0, 0x9A, 0xCF, 0x96, 0x40, 0x23, 0xE8, 0x05, 0x46, 0x82, 0x02, 0xC4, 0xC5, 0x6E, 0x77, 0x9F,
    0x0F, 0x5A, 0xCD, 0xB8, 0xDD, 0xA2, 0xD9, 0x73, 0xAC, 0x79, 0xF0, 0x57, 0x9C, 0xB7, 0x0B, 0x14,
    0x60, 0x4B, 0x12, 0xBE, 0xA4, 0x10, 0x64, 0xE1, 0x41, 0x12, 0x83, 0x0F, 0x14, 0x19, 0x76, 0x88,
    0x5B, 0x0E, 0xD9, 0x0E, 0x31, 0x61, 0x09, 0x78, 0x17, 0x50, 0x07, 0x73, 0xB1, 0x40, 0x72, 0x31,
    0x06, 0x3D, 0x27, 0x7B, 0x5E, 0xD4, 0x72, 0xC5, 0xA0, 0x2F, 0xDA, 0x20, 0xF8, 0xEE, 0x31, 0x89,
    0x24, 0xE0, 0x3F, 0xC8, 0x1E, 0xD7, 0x23, 0xE6, 0xD8, 0x9E, 0x65, 0xCE, 0x87, 0x10, 0x2E, 0x7F,
    0x56, 0xFE, 0xDD, 0x9F, 0x7B, 0x13, 0x04, 0x7E, 0xE4, 0xFF, 0xA1, 0xD4, 0x7F, 0xBA, 0xD4, 0x18,
    0x48, 0x17, 0x9C, 0xB6, 0x97, 0x4A, 0x20, 0x14, 0x00, 0xF0, 0xCF, 0x1F, 0xEA, 0x8D, 0x33, 0xE6,
    0x3B, 0xA2, 0x2B, 0x95, 0x10, 0xA9, 0x54, 0xC7, 0xEE, 0x04, 0x34, 0x18, 0x05, 0xF8, 0xDA, 0xA4,
    0x75, 0x80, 0x14, 0xEE, 0xB9, 0x4A, 0xA9, 0x0C, 0x09, 0xA6, 0x82, 0x24, 0x36, 0xE1, 0x89, 0xFF,
    0x95, 0x04, 0xF8, 0x6F, 0x28, 0x18, 0x03, 0x56, 0x31, 0xCC, 0xA5, 0x84, 0x08, 0x02, 0xD1, 0x14,
    0xA0, 0x00, 0x18, 0x69, 0x3C, 0x8F, 0x81, 0x61, 0xDD, 0xDA, 0xC9, 0x48, 0x30, 0x70, 0x32, 0x38,
    0xE9, 0x75, 0x92, 0x08, 0x78, 0x7E, 0xD6, 0x80, 0x06, 0x0F, 0x7D, 0xB5, 0xDA, 0xAB, 0x02, 0x3E,
    0xF4, 0xD1, 0xBF, 0xF1, 0x8B, 0x43, 0xB3, 0x75, 0x4B, 0x12, 0x36, 0xB4, 0x0E, 0x15, 0xE2, 0x50,
    0x10, 0x9E, 0x37, 0x3D, 0x2B, 0x5F, 0x55, 0x5B, 0xF9, 0xAC, 0x52, 0xBA, 0x57, 0xD7, 0x6D, 0xE9,
    0x3C, 0xF0, 0x7A, 0x65, 0x1D, 0x1F, 0x00, 0xF5, 0x71, 0x48, 0xF0, 0x88, 0x88, 0x75, 0x1C, 0x1E,
    0x51, 0x4D, 0x90, 0x93, 0x51, 0xCD, 0xB7, 0x77, 0x48, 0x52, 0x35, 0x57, 0xF2, 0x04, 0x04, 0x18,
    0x9B, 0x47, 0xD7, 0x97, 0xDD, 0xFE, 0xD1, 0x7D, 0xCE, 0xA1, 0x54, 0x12, 0xBF, 0xB3, 0x8E, 0x2D,
    0xB4, 0x3D, 0x76, 0xF3, 0x65, 0x96, 0x6D, 0xB8, 0xB8, 0x3A, 0xD2, 0x7F, 0x69, 0x1D, 0xBB, 0xDE,
    0x08, 0x05, 0xDB, 0xFA, 0x2E, 0x85, 0x7D, 0xBC, 0x13, 0x1F, 0x85, 0xCE, 0x9B, 0x6D, 0xC7, 0xCB,
    0xA0, 0x31, 0xE6, 0xA0, 0xA0, 0x8B, 0x51, 0x1F, 0x6F, 0x4E, 0x72, 0x86, 0x5A, 0x08, 0xDC, 0xA0,
    0xBC, 0xBF, 0xB4, 0xDE, 0x20, 0xB0, 0x5D, 0x2A, 0x2A, 0xAF, 0xBF, 0x12, 0x08, 0xDC, 0x81, 0xDB,
    0x2F, 0x03, 0xC4, 0x15, 0xA6, 0x70, 0x29, 0x9E, 0x0A, 0xE8, 0x73, 0x8A, 0x40, 0xBB, 0x5C, 0xB2,
    0xF6, 0xE3, 0x92, 0xA2, 0xBD, 0xD7, 0x93, 0x3C, 0x10, 0x91, 0x72, 0x11, 0x4A, 0xA3, 0x73, 0x6D,
    0x14, 0xD5, 0xAD, 0x2F, 0xED, 0x0F, 0x99, 0x67, 0xB6, 0xE3, 0xED, 0xF9, 0xD3, 0x26, 0x41, 0x2A,
    0xAD, 0xCD, 0x7F, 0x8B, 0x4F, 0x67, 0xF3, 0x2A, 0x0E, 0x00, 0x7E, 0x75, 0xD7, 0x41, 0xDC, 0x61,
    0x45, 0x2F, 0x46, 0x52, 0x10, 0xA1, 0x6A, 0xA5, 0xC0, 0x18, 0xC8, 0x76, 0xD9, 0x00, 0x09, 0x7E,
    0x75, 0xC9, 0x09, 0x49, 0x82, 0xBC, 0xA3, 0xAD, 0xFC, 0xDF, 0x88, 0xF2, 0x97, 0xCB, 0xFF, 0x7C,
    0x03, 0xAF, 0x38, 0x9F, 0x11, 0xE8, 0x0F, 0xCF, 0x1D, 0x81, 0x2B, 0xFE, 0x74, 0x4F, 0xAF, 0x20,
    0xD5, 0x06, 0x7E, 0x61, 0x2E, 0x84, 0x52, 0x73, 0x33, 0x01, 0x55, 0x7F, 0xED, 0x0F, 0x5B, 0x0B,
    0xD3, 0xF1, 0xAA, 0xE4, 0xF9, 0xC3, 0x63, 0xC7, 0x1E, 0xF2, 0x16, 0xC6, 0x70, 0x06, 0x3B, 0xD5,
    0x59, 0xF7, 0xF5, 0x87, 0xDD, 0x84, 0x29, 0x07, 0x20, 0x4C, 0xB0, 0x6D, 0x97, 0x07, 0x88, 0x0A,
    0x93, 0x4D, 0x71, 0xDB, 0x2C, 0xDD, 0xB7, 0x67, 0xFA, 0xB6, 0x6D, 0x39, 0xBE, 0x6D, 0x30, 0x99,
    0xA6, 0x80, 0xE0, 0x45, 0xD6, 0x4A, 0xAC, 0x7C, 0x4B, 0x57, 0xCE, 0x00, 0x53, 0x63, 0xF4, 0xC4,
    0x56, 0x61, 0xA5, 0xB5, 0x00, 0xCF, 0x66, 0x34, 0x5B, 0x9B, 0xA5, 0xF3, 0xA4, 0x85, 0x6A, 0x32,
    0x9A, 0x09, 0xF8, 0x62, 0x60, 0x92, 0x80, 0x37, 0x3B, 0x4C, 0x94, 0x7A, 0x58, 0x07, 0x44, 0x62,
    0x66, 0x25, 0x7C, 0x76, 0x00, 0x3A, 0x63, 0xF6, 0xE7, 0xED, 0x6E, 0x01, 0xAE, 0x53, 0xEE, 0x6E,
    0x56, 0x60, 0x7D, 0x73, 0x7D, 0x13, 0xFF, 0xED, 0xFC, 0x91, 0x14, 0xD9, 0xF4, 0x7A, 0xF7, 0x3F,
    0x96, 0xFF, 0x6C, 0x3F, 0xFF, 0x8F, 0xE5, 0xBF, 0x9C, 0x94, 0x81, 0xC6, 0x24, 0x41, 0x0C, 0x84,
    0x43, 0x00, 0x8A, 0xBC, 0x4A, 0x08, 0xC0, 0x4F, 0xBF, 0x7A, 0x08, 0x40, 0x98, 0x57, 0x09, 0x01,
    0x58, 0xE6, 0xBA, 0xF7, 0xDF, 0xE1, 0x8E, 0x83, 0x6C, 0x43, 0x29, 0xE3, 0x93, 0xEE, 0xA4, 0x32,
    0xB9, 0x0F, 0x11, 0xB1, 0x13, 0xD1, 0xA3, 0x8B, 0xA3, 0x2B, 0x0D, 0x4B, 0x5A, 0x0A, 0x06, 0x85,
    0xF5, 0xF3, 0xFD, 0x6F, 0xB5, 0x7D, 0xFE, 0xC7, 0x6B, 0x7C, 0xF8, 0xB4, 0xA3, 0xC7, 0xF3, 0x84,
    0x5F, 0x12, 0x72, 0xF8, 0xAD, 0x77, 0x25, 0x63, 0x81, 0x65, 0x54, 0xFF, 0x0A, 0x79, 0x6D, 0xDE,
    0xAE, 0xC3, 0x1B, 0x8E, 0x1F, 0xD5, 0xDF, 0x40, 0xFE, 0xA4, 0xC2, 0xD2, 0x52, 0x53, 0x8F, 0x9F,
    0xD5, 0x6F, 0x7E, 0x25, 0x93, 0x6D, 0xAD, 0xE4, 0xE3, 0xEF, 0x09, 0x2F, 0x51, 0x5D, 0x60, 0x08,
    0xC7, 0xED, 0x7E, 0xFA, 0x30, 0xBC, 0xFF, 0x87, 0x5F, 0x11, 0x77, 0xD1, 0xE6, 0xAF, 0x98, 0xF6,
    0xAF, 0x2B, 0x40, 0x2B, 0x38, 0x2A, 0x48, 0x35, 0x24, 0x26, 0x3C, 0xAC, 0x3B, 0xD5, 0x55, 0xCA,
    0xED, 0x28, 0x34, 0x46, 0xBC, 0x5A, 0x75, 0xE9, 0x29, 0xEC, 0x91, 0xEE, 0xCA, 0x34, 0xE3, 0x17,
    0xB8, 0x9F, 0xDC, 0x14, 0x18, 0x2A, 0xDD, 0x43, 0x5E, 0xFE, 0xE5, 0x6B, 0xC4, 0xD3, 0x0B, 0xEC,
    0x81, 0x5F, 0xCD, 0xAD, 0x01, 0x9E, 0xCD, 0xBF, 0xBB, 0x40, 0x10, 0xF6, 0x76, 0x37, 0x3A, 0x7B,
    0xF0, 0x3D, 0xAF, 0xD8, 0xFC, 0xEC, 0xFD, 0x5C, 0xF7, 0x3B, 0xB7, 0x49, 0x5D, 0x49, 0x58, 0x3C,
    0xED, 0x9F, 0x5A, 0xA5, 0xD6, 0x5B, 0xA1, 0xAA, 0xEC, 0xF7, 0x8C, 0xB7, 0xDE, 0x3C, 0x36, 0xDF,
    0x05, 0x23, 0xE5, 0xE1, 0xFB, 0x4F, 0x7E, 0x19, 0x24, 0xCC, 0xE1, 0x41, 0xBA, 0x58, 0x62, 0xD8,
    0xBF, 0xDF, 0xB9, 0x83, 0xEF, 0xA3, 0xC7, 0x4F, 0x78, 0xC0, 0xE3, 0xFA, 0x71, 0x47, 0x66, 0x24,
    0xDA, 0x8F, 0x9F, 0xDD, 0xDF, 0xCF, 0xBB, 0x21, 0x67, 0xEE, 0x5F, 0xFC, 0xFF, 0xD6, 0x87, 0x5F,
    0x57, 0xBC, 0xEF, 0xBF, 0x72, 0xC6, 0x4B, 0xF8, 0xE6, 0x8C, 0x04, 0xDA, 0x7E, 0xE6, 0xC0, 0xD1,
    0x23, 0x5E, 0xE2, 0x2A, 0x05, 0x60, 0x29, 0xA1, 0x89, 0x9F, 0xED, 0xBF, 0xC8, 0xAF, 0x0B, 0x28,
    0x3C, 0xC9, 0xA7, 0xF9, 0x7B, 0x78, 0x65, 0x8F, 0x22, 0x75, 0xB9, 0x62, 0xB8, 0xBF, 0x77, 0x04,
    0x81, 0xA8, 0xC0, 0x0E, 0x10, 0xD7, 0x70, 0x7F, 0x9F, 0xFD, 0x89, 0xE0, 0x72, 0x23, 0x91, 0x59,
    0xFE, 0x37, 0x14, 0x81, 0x76, 0xAE, 0x8C, 0x20, 0x77, 0xA6, 0x59, 0x7E, 0x4E, 0xBD, 0x3F, 0xBD,
    0x58, 0x51, 0x6A, 0xEC, 0x38, 0x10, 0x2C, 0xE8, 0xDF, 0x85, 0xBE, 0xCA, 0x1E, 0xC0, 0xD0, 0x57,
    0x6F, 0x98, 0x03, 0xE4, 0x2A, 0x0D, 0xF9, 0x2D, 0xA8, 0x95, 0xDA, 0x96, 0xE3, 0x0C, 0x9B, 0xE4,
    0xF9, 0x31, 0x44, 0xAE, 0xAA, 0xF7, 0xDA, 0xA3, 0x2A, 0xC9, 0x56, 0x6C, 0x7B, 0x66, 0x3E, 0x77,
    0xC7, 0xFA, 0xDB, 0x71, 0x1D, 0x7F, 0x39, 0x3E, 0x48, 0x02, 0xDB, 0xB6, 0xF1, 0xA3, 0xC1, 0x72,
    0xC0, 0x94, 0xAE, 0x8A, 0x37, 0x86, 0x6F, 0x74, 0x70, 0xBB, 0xA0, 0x06, 0x18, 0xEF, 0x0C, 0x95,
    0x2B, 0x2D, 0x31, 0xA1, 0x84, 0xAB, 0x10, 0xE0, 0x41, 0x20, 0x12, 0xF0, 0x41, 0x2B, 0x40, 0xAA,
    0xA6, 0x15, 0x4E, 0x7A, 0xEE, 0x0C, 0x79, 0x4A, 0x4A, 0x99, 0x50, 0x70, 0x2A, 0x42, 0xF4, 0x47,
    0x05, 0xB8, 0xD0, 0xA5, 0x48, 0xC5, 0xEC, 0x00, 0xCF, 0xC9, 0x40, 0x6F, 0xB3, 0x6A, 0xDA, 0x7B,
    0x35, 0x43, 0x6A, 0x22, 0xF0, 0xE9, 0xFF, 0xCF, 0xAC, 0xB3, 0x01, 0xD7, 0xEA, 0x38, 0xF6, 0x47,
    0x0F, 0x9D, 0xF4, 0x82, 0x11, 0x21, 0xA8, 0x0B, 0x1A, 0x09, 0x06, 0x22, 0x32, 0xBC, 0x62, 0x56,
    0x2A, 0x44, 0xA2, 0x8B, 0x00, 0x87, 0xD1, 0x35, 0x43, 0xF6, 0xB3, 0x29, 0x00, 0x12, 0x67, 0x86,
    0xE0, 0x39, 0x10, 0x80, 0xD5, 0x66, 0x42, 0xD1, 0xDF, 0x92, 0xB5, 0xA1, 0xB6, 0x21, 0xF8, 0x2C,
    0xB5, 0xF5, 0xA7, 0xDD, 0xAF, 0x1D, 0xED, 0xED, 0x94, 0xCE, 0xEB, 0xE4, 0x28, 0x71, 0x44, 0x31,
    0xC8, 0xE1, 0x91, 0xE2, 0x0D, 0x90, 0x24, 0x7B, 0xAF, 0x61, 0x8E, 0x00, 0x39, 0x11, 0x81, 0x51,
    0x8E, 0x9D, 0xEA, 0x06, 0xF8, 0x15, 0xE2, 0xDC, 0xE0, 0xCA, 0x63, 0xA6, 0x75, 0xCE, 0xD4, 0xF5,
    0xA8, 0xCD, 0xAD, 0x8A, 0x8E, 0x62, 0x0D, 0xD9, 0xCA, 0x2D, 0x87, 0x08, 0x43, 0x1C, 0x7B, 0xC9,
    0x29, 0xDB, 0xEC, 0x12, 0x00, 0xCA, 0x13, 0x56, 0x46, 0x78, 0x76, 0x5E, 0x27, 0x8B, 0xA2, 0xD7,
    0xB6, 0x95, 0xCF, 0x6D, 0x74, 0x2E, 0x10, 0x27, 0x24, 0x0E, 0x5C, 0xF7, 0x00, 0xC7, 0xCE, 0x48,
    0x55, 0x15, 0xCA, 0x2A, 0x92, 0x28, 0xA8, 0x54, 0x6B, 0x9F, 0xA7, 0x27, 0xAA, 0x7A, 0x8F, 0x8D,
    0x2A, 0xC0, 0xB9, 0x7D, 0x07, 0xA3, 0x9C, 0x22, 0x59, 0x24, 0x70, 0x05, 0x44, 0x17, 0xA3, 0x6A,
    0x40, 0x9F, 0x11, 0x0D, 0xAF, 0xB2, 0x2A, 0xFC, 0x04, 0x92, 0x81, 0x39, 0x1F, 0xEB, 0x79, 0xB9,
    0x4B, 0xBE, 0xB7, 0x0A, 0x32, 0xCA, 0xE7, 0xC6, 0x08, 0x7A, 0x01, 0x92, 0x74, 0x5D, 0xA0, 0xEB,
    0xC2, 0x39, 0x2C, 0x77, 0x11, 0x1C, 0x2D, 0x03, 0xDB, 0x29, 0xB5, 0xC4, 0x72, 0x9B, 0x42, 0x0C,
    0x5D, 0xB2, 0xF9, 0x36, 0x64, 0x1B, 0x52, 0xA1, 0x6C, 0xB1, 0xC4, 0x86, 0x29, 0x1D, 0x3A, 0x29,
    0x38, 0x26, 0x1D, 0xDB, 0xC1, 0xDA, 0x69, 0x0F, 0xBA, 0xBD, 0x09, 0xEE, 0x7E, 0x7C, 0x1C, 0xD8,
    0x8C, 0xBD, 0xB4, 0xD5, 0x6E, 0x4D, 0xC6, 0xCC, 0x54, 0x0D, 0xA9, 0x72, 0x00, 0x53, 0x3C, 0xB7,
    0x43, 0x50, 0x35, 0x38, 0x45, 0xEF, 0xA3, 0x8E, 0xC7, 0x8D, 0x19, 0x82, 0x0B, 0x7B, 0xE3, 0x07,
    0xAC, 0xE0, 0x85, 0x48, 0x04, 0xA0, 0x8F, 0x45, 0xAD, 0x50, 0xB9, 0x76, 0x4B, 0xE0, 0xBC, 0xF3,
    0x74, 0xF3, 0xDA, 0x19, 0xDC, 0xC9, 0x6D, 0x30, 0x9A, 0x56, 0x9E, 0x8B, 0xAD, 0x93, 0x52, 0x85,
    0xC4, 0x00, 0x9A, 0xD3, 0xB5, 0xD8, 0x00, 0xD7, 0x1D, 0xEC, 0xF5, 0xF9, 0x9D, 0x4B, 0x20, 0x02,
    0xA0, 0xE7, 0xCB, 0xF3, 0xE3, 0x91, 0x90, 0x12, 0xA5, 0xD7, 0xCF, 0x7D, 0xED, 0x05, 0x5E, 0x9E,
    0xDD, 0x39, 0xDB, 0x06, 0xFC, 0xFB, 0xCF, 0xFE, 0xAF, 0xD7, 0x8B, 0xF3, 0x25, 0xE5, 0xA1, 0x11,
    0x00, 0x0E, 0xE5, 0xB3, 0x5A, 0x1D, 0x2A, 0x1D, 0xEA, 0x19, 0xC0, 0x52, 0x69, 0x5A, 0x77, 0x45,
    0x9C, 0xCA, 0xA5, 0x52, 0xED, 0x3A, 0x04, 0x26, 0x95, 0xD3, 0x19, 0x09, 0xC5, 0xB4, 0x01, 0xE0,
    0x37, 0x14, 0x10, 0x31, 0x99, 0xD0, 0xF4, 0xD9, 0x91, 0x03, 0xAF, 0x8F, 0x5E, 0xC1, 0xAE, 0xCF,
    0x0B, 0x80, 0x83, 0x81, 0x6E, 0x92, 0x9A, 0x5F, 0xE6, 0x8B, 0xCD, 0x6F, 0xE7, 0x20, 0xE5, 0xE4,
    0xBA, 0x02, 0x3A, 0x9B, 0xAF, 0xCF, 0xEF, 0x5C, 0x65, 0x3F, 0xD2, 0x3D, 0xF9, 0xF2, 0x7C, 0x4F,
    0xAE, 0xDC, 0x97, 0x67, 0x13, 0x01, 0xCF, 0xFD, 0x04, 0xFD, 0xC9, 0xB6, 0x1E, 0x5E, 0x40, 0xFC,
    0xD1, 0x66, 0x05, 0x27, 0x22, 0x8E, 0x3B, 0x84, 0xD5, 0x5F, 0x82, 0xA3, 0x01, 0x7F, 0x3C, 0x4B,
    0xA9, 0x30, 0x44, 0xD3, 0xAA, 0x1C, 0xE2, 0x35, 0x73, 0x5A, 0x38, 0x04, 0xBB, 0x48, 0xD5, 0xD2,
    0xE5, 0x93, 0x58, 0x4B, 0x2D, 0xAF, 0xB2, 0xF3, 0x3A, 0x19, 0x72, 0xD8, 0x2C, 0x1E, 0x3C, 0xEF,
    0xF9, 0x5A, 0xCC, 0x83, 0x3D, 0xE7, 0x83, 0x31, 0xE8, 0xB9, 0xD3, 0x8A, 0xC4, 0x24, 0x07, 0x63,
    0xD0, 0x0F, 0xDA, 0x20, 0x88, 0x8E, 0x8C, 0x29, 0xEB, 0x8C, 0x1D, 0x2D, 0x84, 0x7D, 0x78, 0xA7,
    0x13, 0x91, 0x10, 0x02, 0x03, 0x1A, 0x92, 0x04, 0xFC, 0x07, 0xE9, 0x7E, 0xED, 0x68, 0x6F, 0xA7,
    0x74, 0x1E, 0x42, 0xE7, 0x70, 0x31, 0x08, 0xFE, 0xE6, 0xB8, 0x3D, 0x90, 0x73, 0xDD, 0xC6, 0xE8,
    0xF9, 0x3B, 0xE3, 0xC6, 0x23, 0x01, 0x69, 0x48, 0xE9, 0x97, 0x0E, 0x95, 0x9E, 0x87, 0x00, 0xBF,
    0x33, 0xE4, 0xBF, 0xF8, 0xE7, 0xB8, 0xFA, 0x1E, 0x65, 0x4A, 0x08, 0x03, 0xA6, 0x1C, 0x65, 0x80,
    0x44, 0x8C, 0x0E, 0x70, 0xE5, 0x06, 0x89, 0x34, 0x99, 0xCA, 0xAB, 0x2F, 0xB2, 0x99, 0x9A, 0x50,
    0x05, 0xEC, 0x7D, 0x48, 0x1B, 0xC2, 0xA6, 0x6B, 0x88, 0xD5, 0x10, 0xCF, 0x21, 0x81, 0x21, 0x84,
    0x1F, 0xB6, 0x9A, 0x36, 0x99, 0x40, 0x89, 0x28, 0x57, 0xFE, 0xEF, 0x7B, 0x0E, 0x07, 0xFE, 0x86,
    0x82, 0xB1, 0x47, 0x1C, 0x9B, 0x4B, 0x09, 0x11, 0xCF, 0xEF, 0x39, 0xAF, 0xCE, 0xEF, 0xCC, 0xA8,
    0xEE, 0x61, 0x15, 0xAF, 0xCE, 0x9F, 0xD5, 0xCA, 0xFD, 0xB5, 0x73, 0x73, 0xF6, 0x4D, 0x2F, 0x4F,
    0x1F, 0x1A, 0xD9, 0xF3, 0xA0, 0x3A, 0xAD, 0xBD, 0x51, 0x3B, 0x3D, 0xBF, 0xE2, 0x17, 0x4F, 0x1E,
    0xAD, 0xAF, 0xB9, 0xF5, 0x99, 0x9E, 0x92, 0xF2, 0xAB, 0x27, 0x97, 0x11, 0xA1, 0x94, 0x27, 0xAD,
    0x3E, 0x30, 0x4A, 0x81, 0x4A, 0x7A, 0x97, 0xE0, 0x89, 0x59, 0x6A, 0x20, 0xAD, 0x3A, 0x20, 0xD6,
    0x0D, 0x53, 0xE9, 0x3A, 0xBE, 0xE1, 0x62, 0x20, 0xE8, 0x62, 0x14, 0x2F, 0x6F, 0xE0, 0x0C, 0x4D,
    0x81, 0xD5, 0xB4, 0x44, 0xDB, 0x6F, 0x19, 0x03, 0x50, 0xDA, 0x7B, 0x79, 0xF2, 0x96, 0xD1, 0xAB,
    0x42, 0xB5, 0x45, 0x02, 0xB8, 0x67, 0x7C, 0xD4, 0x00, 0x70, 0x7F, 0x9E, 0xEF, 0x89, 0xCC, 0xA9,
    0x71, 0xC3, 0x68, 0x4A, 0xC1, 0xA5, 0xD9, 0x5B, 0x0F, 0x06, 0x74, 0x38, 0x10, 0x43, 0x5C, 0x92,
    0xA2, 0xA6, 0xF6, 0xEE, 0x16, 0x13, 0x42, 0xAE, 0xD4, 0x54, 0x3A, 0xA1, 0xBC, 0xFE, 0x3C, 0x41,
    0xE0, 0x09, 0xD7, 0x1F, 0x20, 0x6C, 0xD6, 0x13, 0x2E, 0x18, 0xF1, 0xB4, 0xA2, 0x10, 0x2E, 0x39,
    0x31, 0xA0, 0x6E, 0x2B, 0x27, 0x22, 0xE5, 0x22, 0x94, 0xE7, 0x72, 0x5A, 0xE1, 0x9E, 0xF1, 0xBA,
    0xA2, 0x77, 0x8C, 0xE7, 0xC2, 0xDC, 0x72, 0x5D, 0xDF, 0xBA, 0x6E, 0xBE, 0x6B, 0xBD, 0xE0, 0x0D,
    0xEB, 0xC6, 0x2B, 0x55, 0xA0, 0xDF, 0x6A, 0x03, 0x26, 0x6C, 0x96, 0x50, 0x3D, 0x1D, 0xE1, 0x15,
    0xE7, 0x8A, 0x42, 0x78, 0xFA, 0x4B, 0xA7, 0x52, 0x2A, 0x59, 0x11, 0xFC, 0x1E, 0x5F, 0xAF, 0xFD,
    0x0F, 0x23, 0x5E, 0xD7, 0xFE, 0x9E, 0x91, 0x30, 0xC1, 0xDF, 0x32, 0xAC, 0x96, 0xF1, 0xFE, 0x31,
    0xDE, 0x31, 0xAE, 0x3F, 0x9A, 0xDB, 0xF3, 0x6C, 0x2C, 0x9F, 0x28, 0xAD, 0x82, 0x0B, 0x91, 0x65,
    0x52, 0x79, 0xA9, 0x57, 0x2F, 0xA0, 0x0C, 0x1B, 0x9C, 0x87, 0x17, 0x9E, 0xC1, 0xC1, 0xF2, 0xFD,
    0xB3, 0x12, 0x24, 0xA2, 0x22, 0xE1, 0x79, 0xB9, 0xE8, 0xF0, 0xF3, 0x4F, 0x53, 0xE1, 0x0C, 0xD2,
    0x8A, 0x97, 0xB3, 0x7E, 0xCF, 0x78, 0x3D, 0xEB, 0xB7, 0x8C, 0xEB, 0xE4, 0xDD, 0x1C, 0xEE, 0xFA,
    0x14, 0x8C, 0xE5, 0xF6, 0x9C, 0x8C, 0xC9, 0xA9, 0x93, 0x25, 0x58, 0xB1, 0x09, 0xD5, 0xCE, 0x98,
    0xCC, 0xF6, 0x2E, 0x7F, 0x93, 0x80, 0x4F, 0x16, 0xC0, 0x27, 0x28, 0xA5, 0xD2, 0x83, 0xFA, 0xBF,
    0x55, 0x15, 0x38, 0x3F, 0x52, 0x51, 0xF9, 0x64, 0x3C, 0xC7, 0xC6, 0xEB, 0xE7, 0xF8, 0x1F, 0xBD,
    0x9A, 0x61, 0x6E, 0xEB, 0xB8, 0x0E, 0x85, 0x3F, 0x80, 0x0B, 0xE0, 0x86, 0x02, 0x70, 0xEB, 0x04,
    0xEE, 0x02, 0xB2, 0x15, 0x02, 0xFD, 0x7B, 0x80, 0xF3, 0xEC, 0x38, 0x71, 0x5E, 0x33, 0x69, 0x26,
    0xEE, 0x64, 0xC6, 0xE2, 0x77, 0x70, 0xEB, 0xAB, 0xC8, 0xC7, 0x92, 0x6A, 0x53, 0x6A, 0xB0, 0xB8,
    0x00, 0x90, 0xB3, 0x51, 0xDA, 0xD0, 0x09, 0x54, 0x17, 0x62, 0xB2, 0x6F, 0xEC, 0xFF, 0xB2, 0xA7,
    0x6C, 0x15, 0x5C, 0x10, 0xD4, 0x8D, 0xF0, 0x2C, 0x01, 0x84, 0x3B, 0x3D, 0x15, 0x2A, 0x04, 0xA2,
    0x94, 0x56, 0x8D, 0x8C, 0x84, 0x14, 0x72, 0xAA, 0xBC, 0x4A, 0x74, 0x12, 0x53, 0x9B, 0x9D, 0x9A,
    0x8F, 0x5B, 0x4A, 0x4E, 0xD9, 0x0A, 0x0F, 0xEE, 0x43, 0xC6, 0x3E, 0x66, 0x22, 0x54, 0x64, 0x43,
    0x71, 0x45, 0x90, 0xF3, 0xB6, 0x13, 0x1B, 0x11, 0x73, 0x09, 0x37, 0x06, 0x0A, 0x10, 0xC4, 0x40,
    0x36, 0x00, 0x94, 0x09, 0x7B, 0x52, 0xA9, 0x6A, 0x5C, 0x50, 0x06, 0xF4, 0x02, 0x43, 0xD5, 0x4A,
    0xE3, 0x54, 0x2A, 0xEC, 0xA1, 0x0C, 0x31, 0x64, 0x53, 0x20, 0xEE, 0x3D, 0xF6, 0x47, 0x85, 0x04,
    0x0F, 0x51, 0xA8, 0xFE, 0x28, 0x3D, 0xE1, 0xDE, 0x0C, 0x09, 0xAA, 0x40, 0xD9, 0x1F, 0x37, 0x26,
    0xC2, 0xE4, 0xB9, 0x2B, 0xE6, 0xB0, 0xB1, 0x95, 0xCF, 0x1B, 0x3A, 0xDE, 0x47, 0xCA, 0xA6, 0x0A,
    0x52, 0xFF, 0x8A, 0xA5, 0x8A, 0xC9, 0x73, 0x87, 0x0F, 0x1B, 0x8B, 0xB9, 0x4D, 0xDA, 0xFB, 0xAC,
    0xB2, 0x85, 0xED, 0x16, 0x35, 0x22, 0x24, 0x58, 0xB1, 0xA0, 0x5E, 0x60, 0x81, 0xB6, 0xFA, 0x35,
    0xB6, 0xDB, 0x16, 0xAC, 0xD6, 0xBE, 0x09, 0x9B, 0x84, 0x2B, 0x3A, 0x6D, 0xA8, 0x3F, 0xAB, 0x60,
    0x10, 0xF5, 0x42, 0x8A, 0x5B, 0xE5, 0xB4, 0x21, 0x5C, 0xAB, 0x78, 0x56, 0x31, 0x31, 0xB8, 0x17,
    0xC9, 0x59, 0x24, 0x2E, 0xA2, 0x45, 0xD8, 0xC4, 0x9E, 0xAB, 0xC4, 0xF0, 0x20, 0x71, 0x91, 0xB9,
    0x7D, 0xD6, 0xBD, 0xB5, 0x67, 0x0F, 0x50, 0xB7, 0x30, 0x38, 0x5C, 0x69, 0x2F, 0x16, 0x0A, 0x8B,
    0x7A, 0x88, 0x62, 0xFD, 0xAF, 0xF4, 0x56, 0xAD, 0x59, 0x01, 0xB0, 0xBD, 0xF2, 0xF3, 0x98, 0x5A,
    0x2B, 0xAF, 0xC7, 0xDD, 0xEE, 0x95, 0xFD, 0x49, 0x8B, 0xB9, 0x8F, 0x30, 0x25, 0xCA, 0x97, 0xE3,
    0x36, 0xC2, 0x55, 0xED, 0xB4, 0x70, 0x9F, 0x18, 0x2A, 0xE6, 0x62, 0x27, 0xCC, 0xC7, 0x2D, 0x3D,
    0x3C, 0x69, 0xDF, 0x37, 0x86, 0x00, 0x7D, 0xDE, 0x10, 0x05, 0xC5, 0x21, 0x2B, 0x1F, 0x1D, 0xA2,
    0x81, 0xEC, 0x2B, 0x86, 0xD0, 0x11, 0x27, 0x0F, 0x0F, 0xFD, 0x8A, 0x21, 0xCF, 0x4D, 0xF8, 0xDF,
    0xE9, 0xAB, 0x6C, 0xC5, 0xD7, 0xE0, 0x3E, 0xDA, 0x63, 0xC4, 0x00, 0x29, 0xA0, 0x8A, 0xFB, 0x73,
    0x1F, 0xCA, 0x10, 0xF6, 0x90, 0x4A, 0x51, 0x8D, 0xF7, 0x5F, 0x5E, 0xD0, 0xA3, 0x94, 0xFB, 0x2A,
    0xE4, 0x26, 0x5E, 0xA5, 0xA0, 0xBA, 0x1A, 0x77, 0x2A, 0xDD, 0x61, 0x9F, 0x9B, 0x72, 0x2E, 0x02,
    0xEE, 0xC5, 0x73, 0xB6, 0x80, 0xF7, 0x7F, 0x23, 0xA1, 0x44, 0x19, 0x95, 0x15, 0x6E, 0x26, 0xFA,
    0xEA, 0xBA, 0x0C, 0xA4, 0xF8, 0x4F, 0xFC, 0x3F, 0xE6, 0x25, 0xBF, 0xF6, 0x1F, 0x03, 0xAB, 0xFC,
    0x67, 0xBD, 0x5E, 0xFC, 0x23, 0xBF, 0xFF, 0xB2, 0x41, 0x78, 0xD2, 0xCE, 0x69, 0x97, 0x01, 0x12,
    0x4E, 0x97, 0x28, 0x3E, 0x70, 0x3F, 0xD9, 0x50, 0x03, 0x12, 0x31, 0x05, 0x80, 0x40, 0xAF, 0xB0,
    0x7D, 0x41, 0xF0, 0xB7, 0x3C, 0xCB, 0xA9, 0xB2, 0x9F, 0x70, 0x1E, 0xD2, 0x26, 0xA7, 0xC8, 0x7E,
    0xBF, 0xBC, 0xF6, 0x76, 0xCC, 0xAB, 0x60, 0x0B, 0xF7, 0x1A, 0x32, 0xF6, 0x38, 0x46, 0xE8, 0x75,
    0xD4, 0x9F, 0xB6, 0x7B, 0x0C, 0x10, 0xF3, 0xCB, 0xF8, 0x5D, 0x23, 0x96, 0xC5, 0x9B, 0x3D, 0xF6,
    0xF7, 0x75, 0x27, 0x5A, 0xD9, 0x65, 0x52, 0xFF, 0xE8, 0x5E, 0x7E, 0xDB, 0xCE, 0x7B, 0x37, 0x32,
    0x85, 0x10, 0x9E, 0xBA, 0x9E, 0x01, 0x78, 0xAF, 0xBE, 0x84, 0xFE, 0xF6, 0x80, 0xEC, 0xDF, 0x4A,
    0xF6, 0x5F, 0x25, 0xA6, 0x16, 0xB1, 0x11, 0x16, 0x8A, 0xD9, 0x02, 0x00, 0x14, 0xF3, 0x66, 0xB0,
    0x47, 0x2D, 0xF1, 0x7C, 0xB9, 0x82, 0x0E, 0xF1, 0x58, 0x2A, 0x16, 0x7C, 0xCD, 0xB1, 0x86, 0x14,
    0x55, 0x28, 0xFB, 0xD0, 0x18, 0x3E, 0xD8, 0x14, 0x39, 0xA2, 0x5A, 0x18, 0x85, 0x50, 0x0E, 0xAA,
    0x46, 0x06, 0xEB, 0x8A, 0xC1, 0xD5, 0x28, 0x17, 0x62, 0x16, 0x76, 0x47, 0x2B, 0x2D, 0x72, 0x65,
    0x00, 0xA8, 0x3B, 0xE4, 0x95, 0x13, 0xE8, 0x21, 0x62, 0x94, 0xA3, 0x6A, 0x19, 0x0B, 0xCF, 0xAA,
    0x32, 0x2A, 0xD6, 0x93, 0xB9, 0x75, 0xAA, 0x84, 0x00, 0x74, 0x8B, 0xD3, 0x25, 0xE6, 0xC8, 0xC7,
    0x75, 0x5F, 0x71, 0x02, 0x3A, 0x1E, 0xBE, 0x1C, 0x31, 0xD9, 0x85, 0x80, 0x7A, 0xAB, 0xFC, 0xFA,
    0x42, 0xCF, 0xEF, 0xF7, 0xAF, 0x07, 0x0B, 0xA7, 0xD3, 0xFC, 0x75, 0x9A, 0xC7, 0x2E, 0x89, 0x80,
    0x5F, 0x88, 0xED, 0xAB, 0xDC, 0x67, 0x38, 0x97, 0x88, 0x16, 0xBC, 0x19, 0x87, 0xE5, 0xF1, 0x4E,
    0x5E, 0xF9, 0x7A, 0x1D, 0x77, 0xD7, 0x3C, 0x44, 0xF6, 0x0F, 0x9C, 0x21, 0x05, 0x39, 0x50, 0x0D,
    0xEE, 0x17, 0x75, 0xED, 0xB9, 0xD0, 0xDF, 0x8A, 0x72, 0xAA, 0xDD, 0xF9, 0x50, 0xBE, 0xED, 0xA6,
    0x14, 0xFB, 0x34, 0xF4, 0x8D, 0xBE, 0x32, 0x48, 0xBA, 0x52, 0x0B, 0xD9, 0x1B, 0x31, 0x12, 0x2B,
    0x5A, 0xA8, 0x85, 0xBC, 0x12, 0x0B, 0x68, 0xDF, 0x4E, 0x89, 0x01, 0x90, 0xFB, 0xCD, 0xF7, 0xE2,
    0x47, 0x4D, 0x3C, 0x66, 0x0E, 0x71, 0x25, 0x8F, 0x38, 0x7A, 0x3A, 0xF7, 0x9F, 0xED, 0x1D, 0x7C,
    0xD2, 0xFA, 0xC3, 0xA6, 0xC6, 0xFB, 0x6E, 0x7F, 0x4E, 0x03, 0xE3, 0xCB, 0x10, 0x76, 0x13, 0xCA,
    0x45, 0x26, 0xE6, 0xB8, 0x7C, 0x74, 0x78, 0xBE, 0x91, 0x2B, 0x73, 0x60, 0x58, 0xF6, 0x48, 0x91,
    0x43, 0x19, 0x28, 0xBF, 0xB1, 0x28, 0xA8, 0x77, 0xDE, 0xCA, 0x86, 0xEA, 0x82, 0xDA, 0x3E, 0x9B,
    0x4A, 0x6D, 0xED, 0x51, 0x86, 0x9F, 0xF6, 0x22, 0x1E, 0x62, 0xDF, 0x6D, 0xC2, 0x1C, 0x58, 0x75,
    0x7D, 0xD4, 0xEA, 0xC3, 0xAA, 0xEB, 0x80, 0xE1, 0xF8, 0x1A, 0xC8, 0x73, 0x43, 0xD5, 0x7F, 0xE3,
    0x15, 0x29, 0xBE, 0x26, 0xCF, 0x07, 0x8D, 0xFA, 0xCB, 0x56, 0xD8, 0xB6, 0x72, 0x6A, 0xA0, 0xC8,
    0x8B, 0xC6, 0x80, 0x9E, 0xA9, 0x3D, 0xBB, 0x3E, 0xAD, 0x53, 0xC4, 0xDE, 0xCE, 0xD6, 0x66, 0x78,
    0x3D, 0xA8, 0xAF, 0x55, 0x4D, 0x35, 0xE9, 0x2F, 0x8B, 0xFA, 0xE3, 0x31, 0x85, 0xBB, 0x10, 0x45,
    0xF6, 0xAE, 0xF6, 0x5D, 0x81, 0x4D, 0x0B, 0x77, 0xF6, 0xFA, 0xA9, 0xEA, 0x5C, 0x9D, 0x83, 0xA9,
    0xF9, 0xFE, 0x34, 0x16, 0x0F, 0xBB, 0x91, 0xB9, 0x10, 0xF3, 0x9D, 0x6C, 0xDB, 0x2B, 0x88, 0xDA,
    0xEB, 0xFC, 0x04, 0xDA, 0xB2, 0x05, 0x90, 0xBC, 0x16, 0xF4, 0xA4, 0x7C, 0xF2, 0x8A, 0x2F, 0x1F,
    0xBF, 0x2F, 0x3C, 0x40, 0x5D, 0x4A, 0x92, 0x9C, 0xC8, 0xD6, 0x36, 0x13, 0xDD, 0x50, 0x9F, 0xEF,
    0x17, 0x65, 0x57, 0x91, 0x37, 0xC3, 0x55, 0x94, 0x2F, 0xD1, 0x14, 0xAF, 0xE2, 0xD9, 0x2B, 0x14,
    0x0F, 0x69, 0x53, 0xED, 0x36, 0xD9, 0xBA, 0x00, 0x06, 0x6A, 0x20, 0xF7, 0x99, 0xEE, 0x86, 0x1C,
    0xBE, 0x1B, 0x1F, 0xB7, 0xBB, 0x6C, 0xC2, 0xC3, 0xC3, 0x2B, 0x34, 0x4D, 0xB9, 0xBD, 0x65, 0x91,
    0xE0, 0xA1, 0xDC, 0x78, 0x08, 0x89, 0x35, 0x1C, 0x2A, 0x4F, 0xBA, 0x29, 0xC0, 0x7D, 0xE9, 0xB5,
    0x6C, 0x7D, 0xDA, 0xD8, 0xC3, 0x1F, 0x25, 0x0E, 0x18, 0xFB, 0xA8, 0x89, 0x6A, 0x88, 0xD9, 0xD8,
    0x7E, 0x3E, 0xE4, 0x04, 0xB2, 0x97, 0x08, 0x37, 0x7E, 0xFA, 0x36, 0xBF, 0x9B, 0x5D, 0x0A, 0xB9,
    0x28, 0xD4, 0xF5, 0x1C, 0xF6, 0x40, 0xEE, 0xE6, 0xAA, 0x6B, 0xD2, 0xEE, 0xB0, 0x78, 0x78, 0x73,
    0xBF, 0xEF, 0xC9, 0xB6, 0x56, 0xC8, 0xE6, 0x9F, 0x33, 0x80, 0x36, 0x4A, 0x90, 0xC3, 0xFF, 0x2F,
    0xE9, 0xB3, 0x9F, 0x14, 0x2D, 0x65, 0x10, 0x2A, 0xE5, 0x3C, 0xEB, 0x92, 0x4F, 0x3A, 0x5C, 0xE5,
    0x5E, 0xE2, 0x82, 0x95, 0x58, 0x07, 0x9A, 0x11, 0x84, 0x3E, 0xEA, 0xEB, 0x8D, 0x5E, 0x0A, 0xE1,
    0x24, 0x6C, 0xE2, 0x8F, 0xF6, 0xC4, 0xEF, 0x37, 0x98, 0x50, 0x11, 0x53, 0xB3, 0x4D, 0x1F, 0x2C,
    0x72, 0xA6, 0x3C, 0xA7, 0x6A, 0x40, 0xE8, 0x55, 0x84, 0x2A, 0x55, 0x52, 0x8C, 0xB0, 0x58, 0xF9,
    0xB8, 0x1B, 0x77, 0xFA, 0x98, 0x95, 0xC7, 0xBF, 0x6E, 0x7F, 0xDA, 0xD2, 0x89, 0xA9, 0x98, 0x74,
    0x87, 0x39, 0x64, 0x6C, 0xDF, 0xB6, 0x3C, 0xCD, 0x3E, 0xAB, 0x3F, 0x6D, 0x0E, 0x11, 0x26, 0xCE,
    0xAB, 0xA2, 0xA3, 0xFE, 0xCE, 0x4D, 0x15, 0x48, 0x9F, 0xF7, 0xB5, 0x27, 0x56, 0x47, 0x1C, 0x7D,
    0xD4, 0x41, 0x01, 0xBA, 0xE2, 0x81, 0xEA, 0xB7, 0x9D, 0x58, 0x4F, 0xBF, 0x0F, 0x00, 0x6E, 0xAE,
    0x69, 0xEA, 0xFD, 0x45, 0xC7, 0x9E, 0x85, 0x3D, 0x6A, 0xE1, 0x85, 0x9B, 0x7E, 0xAD, 0x1A, 0x5F,
    0x53, 0xE4, 0xA2, 0x27, 0xF2, 0xCF, 0xD7, 0x68, 0xD1, 0xDE, 0x46, 0x42, 0x22, 0x16, 0x9D, 0x9B,
    0x9A, 0xBA, 0x29, 0x22, 0xFB, 0xBB, 0x22, 0x20, 0xCC, 0x2D, 0x5F, 0xDE, 0x77, 0xEA, 0xD6, 0x72,
    0x91, 0x13, 0x62, 0x2A, 0x1C, 0x9B, 0x64, 0x9C, 0xA3, 0x33, 0xCF, 0x7F, 0x3A, 0xCF, 0xE7, 0x73,
    0xC7, 0xF9, 0x32, 0x67, 0xC2, 0x9B, 0x20, 0xC4, 0x5D, 0x7E, 0xDA, 0x70, 0x37, 0x6C, 0xFD, 0xDC,
    0xB1, 0x2D, 0xFB, 0x17, 0x8D, 0x29, 0x56, 0x90, 0x36, 0x6A, 0x9F, 0xED, 0x3F, 0xF2, 0x2C, 0x61,
    0x10, 0xD9, 0x2B, 0xB5, 0xB2, 0x29, 0x39, 0xDE, 0xDF, 0xC6, 0x78, 0x36, 0x6A, 0xE5, 0xA1, 0xAD,
    0x95, 0x7D, 0x49, 0xC7, 0xDD, 0x0B, 0xEC, 0xDE, 0x75, 0xF5, 0x7E, 0x7D, 0xFA, 0xEF, 0x9E, 0x5F,
    0x78, 0x7D, 0x9A, 0x71, 0xD9, 0x9E, 0x15, 0xEE, 0x9B, 0x24, 0x10, 0x5A, 0xD9, 0x4F, 0x3D, 0x3B,
    0x9D, 0xF7, 0xD3, 0x7B, 0x1B, 0x0F, 0x5F, 0x03, 0xB1, 0x65, 0xEB, 0x76, 0xB2, 0x31, 0x88, 0x10,
    0x79, 0xAB, 0xE5, 0xBD, 0xCE, 0x66, 0xF0, 0xF3, 0x86, 0x74, 0xD8, 0xCA, 0xF3, 0x74, 0xD9, 0xBD,
    0xF2, 0xED, 0xBA, 0x39, 0x3F, 0xFD, 0xB8, 0x5F, 0x7E, 0x4F, 0x65, 0x8E, 0x9A, 0x60, 0x3B, 0x26,
    0x58, 0x4B, 0xAD, 0xBA, 0x17, 0x80, 0xFF, 0x01, 0xC5, 0x98, 0xD1, 0x6A, 0xF4, 0xBA, 0xAF, 0xC5,
    0x7F, 0xA0, 0xDB, 0x01, 0xBD, 0x4A, 0xA0, 0xB7, 0x01, 0xBD, 0xBA, 0x60, 0x6E, 0x3F, 0xE8, 0xAB,
    0x08, 0x7A, 0x2B, 0x58, 0xC7, 0xC9, 0x38, 0xEC, 0xEC, 0x39, 0x6D, 0xFF, 0x9D, 0x76, 0xFA, 0x6D,
    0x49, 0x6B, 0x0D, 0xAD, 0x1C, 0xB3, 0xE2, 0xD8, 0xB1, 0x1C, 0x42, 0x56, 0x26, 0xBD, 0x95, 0xB7,
    0xAB, 0x22, 0x19, 0x04, 0x51, 0x82, 0xC8, 0x06, 0xFF, 0x1F, 0xB4, 0xB7, 0x0B, 0x08, 0x22, 0x11,
    0xDE, 0xDE, 0x98, 0x54, 0x10, 0x02, 0x64, 0xE5, 0xA3, 0xF3, 0xB8, 0xAA, 0x82, 0xAE, 0x26, 0x36,
    0xE4, 0x00, 0x67, 0xEC, 0x7C, 0x6D, 0x5C, 0x05, 0x82, 0x06, 0xE5, 0x47, 0x44, 0x43, 0x7F, 0x85,
    0x84, 0x35, 0x81, 0x15, 0x51, 0x51, 0xB8, 0x94, 0xA0, 0x5B, 0x2A, 0xDF, 0x01, 0x7D, 0xEF, 0xD6,
    0x84, 0x0F, 0x74, 0x63, 0xD5, 0xF0, 0xC2, 0x05, 0x60, 0x8D, 0x17, 0xDB, 0xFD, 0x32, 0x7C, 0xD9,
    0x7C, 0x0D, 0xA6, 0x6D, 0x6D, 0xD6, 0x41, 0x2F, 0x71, 0x6E, 0x71, 0xCE, 0xDB, 0xC5, 0x30, 0x3C,
    0xCE, 0x79, 0x0F, 0x4E, 0xB6, 0xC4, 0x62, 0x27, 0xBF, 0x2E, 0xD7, 0x58, 0x4F, 0xE9, 0xED, 0x7F,
    0x2C, 0x7E, 0x6E, 0x13, 0x57, 0x2E, 0x14, 0xBB, 0xAD, 0x76, 0xB1, 0x0B, 0x17, 0x1F, 0x6C, 0x87,
    0xEB, 0x94, 0x87, 0xE5, 0x75, 0xEB, 0x73, 0x1D, 0xFE, 0x32, 0x7C, 0x79, 0x1B, 0xFE, 0xE7, 0xDC,
    0xFF, 0xC8, 0xE6, 0xFA, 0x3A, 0xF3, 0xC3, 0xB7, 0xD6, 0xF6, 0xCF, 0xF5, 0x86, 0xC1, 0x8B, 0xAF,
    0xD7, 0x65, 0xFA, 0x91, 0xB7, 0x0A, 0xE8, 0x86, 0x28, 0xF0, 0x64, 0x37, 0xAF, 0x1B, 0xA2, 0x6F,
    0xE8, 0x75, 0x20, 0x76, 0x58, 0x79, 0x1E, 0xB8, 0xF1, 0x80, 0x54, 0x21, 0xCD, 0x16, 0xB7, 0xDE,
    0x0E, 0x78, 0xB6, 0xBD, 0x15, 0x4A, 0x02, 0xC0, 0x94, 0xAE, 0x0A, 0xEB, 0xA0, 0xA1, 0x89, 0x76,
    0x75, 0x54, 0x8B, 0xEE, 0x11, 0xD6, 0xF2, 0x0E, 0x6D, 0xD4, 0x9E, 0x11, 0x78, 0x63, 0x05, 0x0C,
    0xFE, 0x66, 0x7C, 0xBB, 0x1F, 0xDA, 0x13, 0x22, 0x00, 0xEF, 0xDB, 0x95, 0xD3, 0x42, 0x60, 0x52,
    0xE1, 0xED, 0x4D, 0x24, 0x22, 0x20, 0x78, 0xCE, 0x02, 0xBC, 0x1B, 0x31, 0x84, 0xAB, 0xE2, 0xDA,
    0x41, 0x37, 0x71, 0x17, 0x41, 0x8F, 0x94, 0xAB, 0x10, 0xEF, 0x3D, 0xCA, 0x86, 0xFE, 0x0E, 0x84,
    0x75, 0x60, 0x15, 0xC3, 0x5D, 0x4A, 0xD4, 0x84, 0x95, 0xBF, 0xA6, 0x09, 0x1A, 0x36, 0xEA, 0xCF,
    0xC2, 0x3A, 0xBC, 0xA3, 0xDB, 0xAA, 0x51, 0xB3, 0x03, 0xB0, 0x8A, 0x1D, 0xC0, 0xD3, 0x05, 0xBA,
    0x72, 0x04, 0xE0, 0xD7, 0x1A, 0x01, 0x0F, 0xCA, 0xA4, 0xC1, 0xE6, 0xD8, 0x05, 0xBF, 0x2E, 0x17,
    0x4F, 0x02, 0x1A, 0x2B, 0xBE, 0x2D, 0xFA, 0xEE, 0xA1, 0xFF, 0xBA, 0xE8, 0xF3, 0x24, 0xF8, 0xFE,
    0x48, 0x37, 0x10, 0xDC, 0x04, 0x5B, 0xFD, 0xFE, 0xC4, 0x48, 0xAC, 0xA0, 0x21, 0x7E, 0x30, 0xD2,
    0x22, 0x54, 0xB2, 0xEE, 0xD9, 0x51, 0x68, 0xB7, 0xFF, 0xBF, 0x10, 0x89, 0x09, 0x80, 0x8E, 0x1B,
    0xE0, 0xE9, 0xEF, 0x56, 0x53, 0x8D, 0x38, 0xDF, 0xD0, 0x43, 0x6F, 0xD8, 0xF3, 0xB2, 0xC4, 0x73,
    0xC3, 0xEF, 0x49, 0x24, 0x78, 0x74, 0x07, 0x98, 0xE2, 0x26, 0xEF, 0xE6, 0x92, 0x72, 0x72, 0x04,
    0x30, 0xB9, 0xEF, 0xD9, 0x6A, 0xB2, 0x34, 0xD9, 0x33, 0xE0, 0x60, 0x09, 0x88, 0x1B, 0x13, 0x07,
    0xD3, 0x07, 0x4B, 0x75, 0x63, 0x5C, 0xC9, 0x8D, 0xA6, 0x78, 0xE1, 0x92, 0x2A, 0x4C, 0xD7, 0x0E,
    0x34, 0x6F, 0x82, 0x18, 0xB4, 0x25, 0x14, 0x35, 0xE8, 0x54, 0xF0, 0x98, 0x08, 0xB9, 0x52, 0x1B,
    0xB7, 0x37, 0xCA, 0xCF, 0x36, 0x10, 0xE8, 0x7B, 0x0A, 0xE5, 0xA4, 0xFB, 0x0D, 0x64, 0x50, 0xA2,
    0xF4, 0x76, 0xA5, 0x49, 0xAF, 0x49, 0xC8, 0xD3, 0x14, 0x2E, 0xC5, 0x55, 0x81, 0xDE, 0xDB, 0x31,
    0xB6, 0x94, 0x6B, 0x5A, 0x13, 0xA2, 0x43, 0x6D, 0xCA, 0xC7, 0x77, 0xBC, 0x07, 0x04, 0xFB, 0xC7,
    0x82, 0xEF, 0x76, 0xBC, 0x2F, 0xEA, 0x37, 0x05, 0xC4, 0x59, 0xBF, 0x67, 0xB3, 0x75, 0x84, 0x12,
    0x82, 0xDD, 0x1A, 0x9F, 0xE5, 0xAB, 0x68, 0x6B, 0xDA, 0x8B, 0x8E, 0xA4, 0x05, 0xEA, 0x09, 0x81,
    0x22, 0x69, 0x1F, 0xB0, 0x1A, 0x68, 0x6E, 0x1E, 0x1B, 0xB2, 0xF1, 0x0D, 0xB5, 0xE5, 0x23, 0xC0,
    0xFB, 0x9F, 0xB1, 0xF1, 0x7C, 0x0F, 0x31, 0x20, 0xFC, 0xDA, 0xF8, 0x6B, 0xE1, 0xCA, 0x01, 0x06,
    0xF2, 0xF6, 0xF7, 0xB5, 0x6E, 0xB9, 0xD4, 0x6C, 0x1B, 0xE9, 0xC3, 0x7F, 0xB9, 0xB0, 0xC0, 0x13,
    0x08, 0x38, 0xA8, 0x01, 0xAF, 0x07, 0x4A, 0x8C, 0xA4, 0x8F, 0xFA, 0x48, 0x89, 0x20, 0xC4, 0x24,
    0x80, 0xFF, 0x4A, 0xFF, 0x7C, 0xC9, 0xFC, 0xE0, 0x46, 0x2E, 0x8B, 0xE5, 0xEC, 0x72, 0x21, 0x0D,
    0x2B, 0x2E, 0x9B, 0x2F, 0xAB, 0x17, 0xD3, 0x8E, 0x36, 0x7E, 0xDF, 0xE6, 0xE2, 0xF5, 0xF3, 0x62,
    0x35, 0x46, 0x24, 0xD3, 0x3E, 0x3F, 0xAD, 0x00, 0x9F, 0x9E, 0x56, 0x30, 0x3E, 0x3E, 0xAD, 0x04,
    0xC0, 0xB1, 0xB8, 0xF1, 0xFC, 0x3B, 0x2B, 0x1C, 0xAB, 0xA3, 0xDA, 0xF9, 0xD1, 0x0A, 0x67, 0xDA,
    0x92, 0xBB, 0xFF, 0x89, 0x3F, 0xCB, 0xE1, 0x0B, 0x27, 0x7B, 0xA9, 0xF5, 0xB2, 0x6C, 0xBE, 0x2C,
    0xF9, 0xC2, 0xCA, 0xB2, 0xFB, 0xBC, 0xE9, 0x06, 0x02, 0xCE, 0x25, 0xB2, 0x0E, 0xE4, 0x44, 0xD1,
    0xDD, 0x13, 0x31, 0xE0, 0x79, 0x83, 0x55, 0x37, 0x35, 0x53, 0x31, 0xE0, 0x13, 0x36, 0x40, 0x07,
    0xA7, 0x5A, 0x03, 0x5A, 0x29, 0x95, 0xAC, 0x9A, 0xFE, 0x3C, 0x20, 0x80, 0x06, 0xBB, 0x3B, 0x86,
    0xAD, 0x2B, 0x2C, 0x97, 0xDB, 0xAF, 0xD7, 0x53, 0xF7, 0xE6, 0xBB, 0x87, 0x42, 0xC0, 0x5B, 0x92,
    0xB9, 0x71, 0x3C, 0xB4, 0x4F, 0xD3, 0x1C, 0x83, 0x3B, 0xC5, 0x07, 0xFF, 0xE1, 0x9E, 0x7D, 0x9A,
    0xDB, 0x73, 0xBA, 0x3F, 0x73, 0xF7, 0xFE, 0xB0, 0x7B, 0x5C, 0xB9, 0x22, 0x75, 0x9B, 0x4C, 0xE5,
    0x85, 0xA7, 0xE7, 0x5C, 0x11, 0x15, 0xD8, 0xDB, 0x20, 0xBF, 0x0E, 0x0A, 0x1B, 0xD4, 0x83, 0xAC,
    0x06, 0x79, 0x0E, 0x0A, 0x06, 0x35, 0x3E, 0x2F, 0x2B, 0x22, 0x43, 0x26, 0x5A, 0x6A, 0xCA, 0x95,
    0xBC, 0x77, 0x3C, 0x21, 0xB2, 0x4C, 0x2A, 0x2F, 0xA5, 0x67, 0x10, 0x28, 0xC3, 0x06, 0xFC, 0x35,
    0x23, 0x3C, 0xA3, 0x07, 0xCA, 0x6F, 0xB9, 0x12, 0x7B, 0x67, 0x91, 0x9B, 0x94, 0x39, 0x19, 0xE2,
    0xE9, 0x25, 0x5F, 0x04, 0xFE, 0x9A, 0xF6, 0x56, 0x8F, 0x15, 0x7B, 0x51, 0xA0, 0xC6, 0x2A, 0xB0,
    0xF4, 0xA7, 0xAB, 0x42, 0x69, 0x2A, 0xCF, 0x76, 0xD6, 0x87, 0x84, 0x1D, 0xA3, 0xE4, 0xAF, 0x09,
    0x80, 0xA4, 0x1D, 0x0D, 0xEF, 0x42, 0xEA, 0x1D, 0x0D, 0x9F, 0xB4, 0x51, 0x6E, 0x38, 0x86, 0xEA,
    0xFD, 0xBD, 0x4B, 0xBB, 0x35, 0x34, 0x04, 0x11, 0x29, 0x57, 0xA3, 0xB4, 0x59, 0x4A, 0x84, 0x15,
    0x2B, 0xF5, 0x74, 0x55, 0xE7, 0xA1, 0x7A, 0x48, 0x58, 0x37, 0x11, 0xC7, 0x40, 0xF5, 0x37, 0xE3,
    0x7B, 0x9D, 0x78, 0x13, 0xA2, 0x3D, 0xCB, 0xF2, 0x27, 0x5F, 0x8B, 0xBE, 0xDF, 0xCF, 0x5B, 0x01,
    0xDD, 0x40, 0xC4, 0xDF, 0xA9, 0x87, 0x8E, 0xD9, 0xF3, 0x50, 0xE5, 0x03, 0xDE, 0x53, 0x19, 0xED,
    0x09, 0x65, 0xF9, 0x57, 0xD4, 0x9E, 0x67, 0xD5, 0x43, 0x82, 0xE7, 0xE2, 0x9B, 0x23, 0x7C, 0x4C,
    0x65, 0xCD, 0xAA, 0xDC, 0xEA, 0xDF, 0xF0, 0x9C, 0xD3, 0x98, 0x26, 0xDE, 0x6F, 0x73, 0xC6, 0x69,
    0xB2, 0x0D, 0x76, 0xED, 0x51, 0x78, 0x7E, 0x16, 0x28, 0x31, 0xD5, 0xDE, 0xB7, 0xB3, 0x3E, 0x5D,
    0xD5, 0xDD, 0x24, 0x8C, 0x20, 0xB4, 0x47, 0x12, 0x7C, 0x1C, 0xA7, 0x61, 0xEA, 0x7E, 0xFA, 0x37,
    0x94, 0xD3, 0x50, 0x3D, 0xF2, 0xA5, 0xE7, 0xFE, 0xB5, 0xFE, 0x64, 0x55, 0x26, 0x5C, 0x19, 0x56,
    0x2B, 0xF5, 0x98, 0x30, 0x15, 0x2E, 0x11, 0xA9, 0x14, 0x9E, 0xBD, 0x03, 0x04, 0x44, 0x81, 0x9F,
    0xE6, 0x2D, 0x78, 0xF1, 0xEF, 0xE7, 0x59, 0x4A, 0x65, 0x48, 0x98, 0x8A, 0xDD, 0xE2, 0x04, 0x9F,
    0x58, 0xC1, 0x45, 0x28, 0xE5, 0xD5, 0x56, 0x0D, 0x2A, 0x42, 0x89, 0x0A, 0x9B, 0xA2, 0x64, 0x1D,
    0x9A, 0x1B, 0x3C, 0x7D, 0xC4, 0xBA, 0x47, 0x21, 0xA9, 0x37, 0xE0, 0xC9, 0x8F, 0x71, 0x7F, 0x5E,
    0xB5, 0x09, 0x07, 0xCF, 0x9B, 0xAB, 0xD5, 0x9E, 0xEF, 0x78, 0x5B, 0x1F, 0xAD, 0x6C, 0xB8, 0x73,
    0x98, 0xD7, 0x56, 0x68, 0x73, 0xA1, 0x7C, 0x19, 0xBC, 0x79, 0x1D, 0xD9, 0x73, 0x9B, 0x99, 0x39,
    0x7E, 0xBF, 0xF5, 0xB5, 0x7A, 0x8E, 0xC6, 0x97, 0x66, 0xCB, 0x17, 0x0F, 0xEB, 0xF3, 0x80, 0x2E,
    0xBC, 0x02, 0xCF, 0xAF, 0xFB, 0xFF, 0x01, 0xB5, 0x96, 0x01, 0xC6, 0x2C, 0x49, 0x10, 0x84, 0x3F,
    0x12, 0x20, 0xC8, 0xAB, 0x04, 0x03, 0x30, 0xCC, 0xD5, 0x93, 0x06, 0x18, 0xDE, 0x55, 0xEA, 0x00,
    0x4D, 0xEF, 0x3C, 0x76, 0xD7, 0xDA, 0x55, 0x61, 0xFF, 0x66, 0x3E, 0xA0, 0x84, 0x9A, 0x9C, 0x4A,
    0x11, 0x99, 0xDD, 0xB0, 0x48, 0xAC, 0x26, 0x51, 0x23, 0x13, 0x69, 0x79, 0x11, 0x79, 0x9D, 0x44,
    0xAE, 0x8B, 0x80, 0x65, 0x75, 0xA8, 0x50, 0x53, 0x43, 0xE0, 0xF9, 0x21, 0xBF, 0x0F, 0x33, 0xCC,
    0x5E, 0x97, 0xF7, 0x15, 0xBA, 0x6D, 0x22, 0x56, 0xBA, 0x0F, 0x0C, 0x43, 0xD0, 0x65, 0x59, 0x66,
    0xC3, 0x5A, 0x12, 0x81, 0x9A, 0xC7, 0x3B, 0xF7, 0xAF, 0x97, 0x65, 0xB1, 0x67, 0x8A, 0x9A, 0x54,
    0x81, 0x29, 0x92, 0x5E, 0x30, 0xEC, 0x69, 0x0A, 0xF1, 0x63, 0x0A, 0x06, 0xE7, 0xFF, 0x2D, 0x02,
    0xD3, 0xB1, 0xEF, 0x45, 0xAD, 0x02, 0xEA, 0x44, 0x88, 0x84, 0x79, 0x23, 0xCC, 0xF0, 0x03, 0x6A,
    0x44, 0xE5, 0xFA, 0x74, 0xD0, 0x7B, 0x8A, 0xD8, 0x77, 0x7A, 0x8A, 0x4C, 0xF0, 0x85, 0x50, 0x89,
    0x15, 0x5D, 0x7B, 0xF0, 0x84, 0x6F, 0x26, 0xF3, 0xBE, 0xEF, 0x8A, 0x1A, 0xDC, 0x93, 0x73, 0x47,
    0xAA, 0x4F, 0x51, 0xE4, 0xB9, 0x96, 0x72, 0x73, 0xE8, 0xD0, 0x73, 0xDD, 0x9F, 0x0B, 0x35, 0xB2,
    0x95, 0xEE, 0xDF, 0xC8, 0xF5, 0x17, 0x26, 0x77, 0xD2, 0xAE, 0xEB, 0xA7, 0x35, 0x7B, 0xDD, 0xAF,
    0x88, 0x99, 0x42, 0x98, 0x7F, 0x21, 0x84, 0x31, 0xC3, 0x14, 0xF5, 0xF7, 0x31, 0x51, 0x83, 0x71,
    0x0D, 0x01, 0x2B, 0xF5, 0xA7, 0x97, 0x9C, 0x5E, 0xF3, 0x5C, 0x87, 0x8A, 0xE7, 0xB3, 0x26, 0xA5,
    0x80, 0x29, 0x0A, 0xA6, 0x72, 0x97, 0x03, 0x46, 0x14, 0x81, 0x3C, 0xB9, 0x68, 0x7B, 0x80, 0xFB,
    0x39, 0xE4, 0x61, 0x9B, 0x40, 0x48, 0xDF, 0x82, 0x9C, 0xB2, 0xEC, 0xDD, 0xEC, 0x5F, 0x59, 0x86,
    0xFC, 0x32, 0xA6, 0xDF, 0x8F, 0x55, 0x6C, 0xF1, 0xAB, 0xE6, 0x54, 0xCC, 0x58, 0xF0, 0x7C, 0x40,
    0x7A, 0x5D, 0xCA, 0x7B, 0x79, 0x31, 0xEF, 0x0F, 0x40, 0x0D, 0x00, 0xD4, 0xAF, 0x63, 0xC9, 0xA2,
    0x97, 0x4E, 0x59, 0xFA, 0xF5, 0x39, 0xFB, 0x1F, 0x9F, 0x71, 0x35, 0x16, 0x7F, 0x9D, 0x1F, 0x1F,
    0x18, 0x9C, 0x1C, 0x50, 0x23, 0x44, 0x4D, 0x9A, 0x32, 0x8F, 0xF7, 0x46, 0x8F, 0xC8, 0x35, 0x72,
    0xDA, 0xDD, 0x05, 0x13, 0x77, 0xFF, 0xD6, 0x77, 0x83, 0x91, 0xFD, 0x3E, 0xEA, 0x7F, 0xE4, 0xB8,
    0x69, 0x7E, 0xCC, 0xC3, 0x3D, 0xAF, 0xD5, 0x93, 0xF3, 0xFD, 0x5C, 0x4C, 0xD1, 0x67, 0x48, 0xD8,
    0x0D, 0x0C, 0x6A, 0x58, 0x5C, 0xD7, 0x7F, 0xCF, 0x37, 0xA9, 0xEB, 0x1A, 0xBE, 0x49, 0xA8, 0x59,
    0x27, 0x52, 0x8D, 0xCD, 0x6B, 0xB8, 0xC3, 0x75, 0xD1, 0xB0, 0x0C, 0xE2, 0xBB, 0x0C, 0xB0, 0x5E,
    0xD7, 0x75, 0x02, 0x0B, 0x98, 0x5E, 0xFE, 0xCD, 0x6A, 0x6F, 0xCC, 0x35, 0xF6, 0x6B, 0xBC, 0xDD,
    0x6B, 0x05, 0x34, 0x45, 0xCF, 0xFE, 0xFE, 0x6F, 0x76, 0xBA, 0xFF, 0x64, 0xFB, 0xFB, 0x4B, 0x08,
    0x51, 0x1B, 0x1D, 0xE3, 0x5A, 0xF2, 0x4E, 0x17, 0xA2, 0x27, 0x4F, 0xCA, 0x73, 0x1D, 0x3A, 0xC4,
    0x86, 0x1E, 0x59, 0xEC, 0x64, 0xF1, 0xCA, 0x13, 0x06, 0x7F, 0xD0, 0xD4, 0x56, 0xD5, 0x14, 0x9A,
    0xDD, 0x86, 0xF9, 0x03, 0xA5, 0x59, 0xC1, 0xAA, 0xF5, 0x2C, 0x0C, 0x1C, 0xC8, 0x36, 0xE0, 0xAB,
    0x04, 0xDC, 0x16, 0x7C, 0x75, 0xE1, 0x6C, 0xFB, 0x30, 0xC2, 0xBF, 0x15, 0xFA, 0x37, 0x48, 0xB8,
    0x9E, 0xA1, 0x39, 0x5D, 0x7C, 0x33, 0x8B, 0x7B, 0x2E, 0x33, 0xB1, 0xAD, 0x9A, 0xD4, 0x2A, 0x50,
    0x80, 0x01, 0xB4, 0x69, 0x70, 0xB6, 0x61, 0x58, 0x6C, 0x13, 0x37, 0xD4, 0xD4, 0x80, 0x4C, 0x0F,
    0xB8, 0x2E, 0x10, 0xE7, 0x94, 0xC0, 0x01, 0xC7, 0x28, 0x88, 0x78, 0xE6, 0x0E, 0x19, 0xAA, 0x7B,
    0xFB, 0xAA, 0x32, 0x76, 0xBD, 0x0C, 0xD3, 0x9B, 0xEB, 0x6E, 0xD5, 0x6E, 0x96, 0x6F, 0x7D, 0xA2,
    0x7F, 0xB3, 0xEC, 0xF7, 0x9F, 0xE8, 0x1B, 0xE6, 0x7E, 0x6B, 0x8E, 0xD2, 0x77, 0xB9, 0x75, 0x5B,
    0x9C, 0xF6, 0x59, 0xEC, 0x5F, 0xF1, 0xD6, 0x17, 0x9B, 0xEB, 0x8B, 0x6F, 0xFD, 0x23, 0x7B, 0xFF,
    0xD8, 0xE1, 0xD1, 0x15, 0x15, 0x07, 0xAA, 0xB7, 0x66, 0xA6, 0xB8, 0x11, 0xE3, 0x63, 0x6A, 0xC7,
    0xCD, 0xD3, 0xCE, 0xAA, 0x55, 0x8F, 0x9B, 0x4B, 0x8F, 0x9E, 0x30, 0x31, 0xD1, 0x1B, 0x62, 0x62,
    0xFE, 0x74, 0x82, 0x82, 0x1D, 0x26, 0xCC, 0x76, 0xB9, 0x2F, 0x74, 0xE9, 0x6A, 0x6A, 0xDE, 0x5A,
    0x9B, 0xA6, 0x8B, 0xD8, 0xD0, 0x46, 0x8C, 0x7F, 0xA8, 0x6D, 0x90, 0xAE, 0xCE, 0x44, 0x7F, 0x1D,
    0x7F, 0x4C, 0x51, 0xE7, 0x82, 0xC7, 0x5F, 0x57, 0x97, 0x2E, 0x21, 0xBF, 0xCD, 0x3F, 0xEF, 0x71,
    0x3D, 0xF5, 0x94, 0x21, 0xC3, 0xFF, 0xFA, 0xFF, 0x3C, 0x7F, 0x70, 0xB3, 0x0C, 0x18, 0x14, 0x34,
    0x7F, 0xF2, 0xFE, 0x05, 0xD4, 0xA4, 0xE7, 0x7A, 0x20, 0x1B, 0xBF, 0x80, 0x4C, 0xD1, 0x3F, 0x3A,
    0x28, 0x5E, 0x4D, 0x8F, 0x1B, 0xF5, 0xAC, 0x27, 0xF7, 0x7F, 0xE8, 0x31, 0x3A, 0x41, 0x7E, 0xBE,
    0x6F, 0x16, 0xEE, 0x7F, 0x65, 0x26, 0xE3, 0x87, 0xE0, 0x43, 0xFB, 0xA1, 0x71, 0xFB, 0x58, 0xB3,
    0x89, 0xB8, 0xE1, 0x65, 0x7E, 0xF6, 0x32, 0xED, 0x13, 0x8C, 0x5C, 0xE5, 0xE7, 0x57, 0xF3, 0xB1,
    0xF8, 0x9B, 0xA9, 0xA4, 0x13, 0xDB, 0x05, 0x81, 0x3C, 0xE8, 0x47, 0x39, 0xA1, 0x4E, 0x9A, 0x3F,
    0xC4, 0x76, 0xED, 0xFA, 0x47, 0x99, 0xD7, 0x57, 0xFB, 0x0D, 0x9C, 0xDF, 0x32, 0x1F, 0xC7, 0x4F,
    0xED, 0x5C, 0x6C, 0xFA, 0xA5, 0xE3, 0x77, 0x7E, 0x95, 0x6E, 0x06, 0x85, 0x96, 0x09, 0x75, 0x72,
    0x7D, 0xB2, 0x51, 0xD5, 0xD9, 0xB4, 0xEA, 0xA2, 0x51, 0x7D, 0x5C, 0xAD, 0x96, 0x19, 0xB3, 0x2F,
    0xFA, 0x8F, 0x73, 0xE4, 0x76, 0x46, 0x2F, 0x05, 0x54, 0x86, 0x6E, 0xF7, 0x46, 0xF3, 0x8B, 0xE6,
    0x50, 0xB8, 0x5A, 0xE8, 0x69, 0x0D, 0x60, 0xC8, 0x76, 0x6F, 0x3E, 0x7E, 0x26, 0x78, 0x98, 0x83,
    0xAB, 0x15, 0xBE, 0x7E, 0x8C, 0x61, 0x54, 0x80, 0xC8, 0x7F, 0x8E, 0x8F, 0x0A, 0xF0, 0x18, 0x4F,
    0x19, 0x0E, 0x6C, 0x15, 0x20, 0xD1, 0xB9, 0x06, 0x50, 0xFE, 0xD3, 0xF3, 0x51, 0xFE, 0x13, 0xB8,
    0x02, 0xB0, 0xCE, 0x15, 0x80, 0xF5, 0xF2, 0x36, 0x3E, 0x11, 0x99, 0xC4, 0xD7, 0x71, 0x68, 0x68,
    0x87, 0xD6, 0xF1, 0x58, 0x03, 0x60, 0xE0, 0xFE, 0x4F, 0x6B, 0xC0, 0x0E, 0xCA, 0x61, 0x81, 0x40,
    0x71, 0x84, 0xE4, 0xEE, 0x55, 0x03, 0xB8, 0x0A, 0x50, 0x7C, 0x54, 0x80, 0xBC, 0x7F, 0x38, 0xFF,
    0x37, 0x9D, 0x2B, 0x00, 0x21, 0xCB, 0xFF, 0x40, 0x96, 0xFF, 0x54, 0x03, 0x26, 0xE5, 0x3F, 0x8F,
    0x9F, 0x52, 0xFE, 0x53, 0x0D, 0xE0, 0xFC, 0xE1, 0x1A, 0x50, 0x26, 0xE5, 0x3F, 0xD5, 0x80, 0xC6,
    0xF9, 0x9F, 0xD4, 0x80, 0xE8, 0xBF, 0x58, 0x61, 0xE4, 0xF9, 0xE5, 0x41, 0xB9, 0xEE, 0x30, 0x5C,
    0xB0, 0x6D, 0xFE, 0x2C, 0x42, 0x31, 0x7E, 0xAD, 0x01, 0x19, 0x6B, 0x0D, 0xD8, 0x06, 0xAD, 0xFF,
    0x68, 0xFE, 0xF9, 0xDD, 0x72, 0xFE, 0xAE, 0x99, 0x22, 0xC9, 0xFA, 0x2E, 0x9E, 0x80, 0x75, 0xEA,
    0x7A, 0x6F, 0xD7, 0x76, 0x5A, 0x2F, 0x78, 0x58, 0x03, 0x4E, 0x5E, 0xFF, 0x05, 0x68, 0x05, 0x38,
    0x5F, 0xFB, 0x27, 0x30, 0x4A, 0x5E, 0x3F, 0x62, 0x7C, 0xD2, 0xFA, 0x13, 0xB9, 0x9E, 0xE7, 0x57,
    0x40, 0xBF, 0xB0, 0xF2, 0x2B, 0x7B, 0xFF, 0xD5, 0x53, 0x0D, 0x0C, 0xE4, 0xBA, 0xA0, 0x8D, 0x5F,
    0xEF, 0x3F, 0xBD, 0xD9, 0xBA, 0x42, 0x51, 0x86, 0x3A, 0x78, 0xFD, 0x75, 0xD8, 0xA7, 0xA2, 0xA2,
    0xCD, 0x0A, 0xA7, 0x7D, 0x2C, 0x6E, 0x9E, 0x3C, 0x6D, 0xB2, 0x1E, 0x33, 0x40, 0x4C, 0x4C, 0xB5,
    0x1C, 0x5E, 0xFD, 0x9D, 0x20, 0xFC, 0x39, 0x58, 0x5F, 0x63, 0x57, 0xED, 0xA6, 0xB6, 0xE3, 0x48,
    0xE2, 0x2D, 0x1C, 0x0F, 0xF1, 0x65, 0xAE, 0xD5, 0x0D, 0xBA, 0x0C, 0xBE, 0xFE, 0xEE, 0x11, 0x5B,
    0x75, 0x8E, 0xF5, 0x7A, 0x55, 0xA9, 0x62, 0x67, 0x33, 0x9B, 0x75, 0xA1, 0xEE, 0x7A, 0x78, 0x76,
    0xC7, 0xFE, 0x7E, 0xE2, 0xF5, 0xAD, 0xFF, 0x32, 0xD8, 0xE6, 0xD8, 0xDF, 0x7F, 0xAC, 0x03, 0x54,
    0x77, 0xB9, 0x7E, 0xE7, 0x3E, 0x7A, 0xF7, 0xB4, 0x99, 0xBF, 0x7F, 0xA2, 0x7E, 0x3C, 0xE9, 0x56,
    0xCC, 0x1C, 0xDA, 0x9D, 0xC2, 0xA5, 0x75, 0x5B, 0x63, 0x87, 0x63, 0xE9, 0xC7, 0x21, 0xF2, 0x16,
    0x1F, 0x1E, 0x8E, 0xDF, 0xA1, 0x3E, 0xEB, 0x3E, 0xCE, 0x5A, 0xEB, 0xE1, 0xE3, 0xAC, 0xC6, 0x7D,
    0xA0, 0xB9, 0xBE, 0xC6, 0x54, 0x36, 0xAE, 0xFE, 0x09, 0xB0, 0x27, 0x74, 0xEF, 0x93, 0x22, 0x1D,
    0x06, 0xFF, 0x7D, 0x2C, 0x65, 0xB1, 0x6C, 0xF3, 0x9B, 0x5D, 0xA1, 0xC7, 0x5B, 0xF7, 0x3D, 0x7F,
    0xD9, 0x45, 0x3A, 0xAF, 0xEF, 0x51, 0xA2, 0x16, 0x82, 0x3D, 0xB9, 0x2E, 0x8A, 0x61, 0xA6, 0xA7,
    0x88, 0xF4, 0xAD, 0xF5, 0xDE, 0x3A, 0x95, 0x12, 0xEE, 0xF8, 0x8F, 0x20, 0x47, 0xE9, 0x86, 0xF2,
    0x53, 0x87, 0x49, 0x47, 0xAE, 0xC3, 0x46, 0x2F, 0x78, 0x83, 0x00, 0xD0, 0x0E, 0xB9, 0xA9, 0x5D,
    0xFF, 0xEA, 0x22, 0xD0, 0x4F, 0x88, 0x6D, 0xCE, 0xE5, 0xF9, 0x68, 0x77, 0xFF, 0x1F, 0x3C, 0xB6,
    0x1B, 0x3E, 0xBD, 0x47, 0x3D, 0x0F, 0xA1, 0x01, 0x53, 0xB0, 0x61, 0xFC, 0xD7, 0xD1, 0x7B, 0x77,
    0x3F, 0xF2, 0xEF, 0xCB, 0x02, 0x85, 0x21, 0x5F, 0x7F, 0x86, 0xEE, 0x80, 0xA2, 0x41, 0xB1, 0xD5,
    0xD7, 0x83, 0xF3, 0x2F, 0x5C, 0xE1, 0x70, 0x9D, 0xD6, 0xEE, 0xA7, 0x59, 0x3B, 0x0D, 0x41, 0xE4,
    0xEB, 0xC3, 0xF3, 0xB0, 0xEA, 0xCE, 0x68, 0x56, 0x5F, 0xBF, 0xEF, 0xD9, 0x43, 0xBA, 0x5C, 0x82,
    0xC5, 0x36, 0xE2, 0x17, 0x23, 0x3C, 0xE1, 0xE0, 0x6F, 0x0B, 0xFE, 0x82, 0xC2, 0x00, 0x79, 0xC2,
    0x41, 0x7A, 0xB6, 0x7F, 0x20, 0x90, 0xE4, 0xFB, 0x82, 0xF4, 0x64, 0x7F, 0xA1, 0x97, 0xE4, 0xFB,
    0x83, 0xF4, 0x6C, 0xFF, 0xC0, 0x49, 0xF5, 0x8F, 0xF5, 0xBD, 0x7E, 0xD6, 0x9B, 0xAD, 0x57, 0x73,
    0x9A, 0x9A, 0x80, 0x60, 0xE5, 0xCF, 0xC1, 0xBA, 0x96, 0x66, 0x6A, 0x3E, 0xF3, 0x0B, 0xB4, 0xAB,
    0xA9, 0xEA, 0xD2, 0xC9, 0x93, 0xE9, 0xB3, 0x68, 0x12, 0x4F, 0x1E, 0xD6, 0xF3, 0xFD, 0x8D, 0xC2,
    0xFD, 0xBF, 0x3B, 0x58, 0xB7, 0x66, 0xE6, 0x68, 0xC3, 0x2C, 0x10, 0xDA, 0xEE, 0xD9, 0x1D, 0xBC,
    0xB6, 0xE3, 0x1D, 0x3E, 0x08, 0x8E, 0x47, 0xCF, 0x64, 0x5D, 0xD7, 0xDA, 0x7B, 0xA3, 0x0E, 0xE9,
    0x7B, 0x34, 0xBB, 0x48, 0xE7, 0xFA, 0x9B, 0xCE, 0x1F, 0x53, 0xD2, 0xF3, 0xFD, 0x97, 0xC1, 0x49,
    0x46, 0x9E, 0xD0, 0x69, 0x7F, 0x66, 0x73, 0x10, 0x54, 0x97, 0xE3, 0xC1, 0x43, 0xF1, 0x65, 0xBE,
    0xC4, 0x87, 0xA3, 0x67, 0xFB, 0x3B, 0xD9, 0xF8, 0x87, 0x83, 0xF5, 0xEB, 0x54, 0x42, 0xB9, 0x42,
    0x27, 0x0F, 0xE9, 0xE9, 0xFE, 0x50, 0xE1, 0x78, 0x72, 0x2C, 0x9D, 0xB4, 0xAA, 0xF5, 0x56, 0x45,
    0xC5, 0x5B, 0x20, 0xEC, 0x0E, 0xD6, 0xCD, 0x49, 0x5F, 0x08, 0x20, 0xB0, 0xE3, 0x69, 0xFF, 0xA7,
    0xAC, 0x7D, 0x66, 0x95, 0xA8, 0x6E, 0xEC, 0x09, 0x07, 0xE9, 0x8F, 0xF1, 0x1D, 0x3D, 0x8F, 0x0F,
    0x3D, 0xDF, 0x7F, 0x8F, 0x79, 0x51, 0x66, 0xB6, 0x3F, 0x1B, 0xB3, 0x42, 0x46, 0xBA, 0x7F, 0x43,
    0xF5, 0xF1, 0xD8, 0xEB, 0xBB, 0x62, 0xB0, 0x27, 0x1C, 0xA1, 0xA7, 0xFB, 0xAF, 0xDB, 0xFB, 0x95,
    0x3D, 0xAC, 0x73, 0x7D, 0xCA, 0xAE, 0x4F, 0x8E, 0xD0, 0x93, 0x78, 0xBE, 0x3E, 0xC5, 0x87, 0x9E,
    0xCF, 0xCF, 0x83, 0xF3, 0x9B, 0x1C, 0xBB, 0xCE, 0xFB, 0xCB, 0xC9, 0xF5, 0x37, 0x07, 0xE9, 0x32,
    0x78, 0x7C, 0x65, 0x6C, 0x5F, 0x9F, 0xE9, 0xF9, 0x41, 0x38, 0x92, 0xFD, 0xC5, 0xD8, 0x5B, 0x48,
    0xE3, 0xC3, 0x93, 0xC5, 0x07, 0xE4, 0xD2, 0xF5, 0xF5, 0x7D, 0x45, 0x1D, 0xB7, 0x0B, 0x04, 0x5F,
    0x7F, 0xE3, 0x53, 0x96, 0xE3, 0x53, 0xE6, 0x7E, 0x77, 0xF9, 0xF9, 0x42, 0x78, 0x7E, 0xEF, 0x3F,
    0xAE, 0x9A, 0xB4, 0x56, 0x39, 0x51, 0xA7, 0x40, 0x28, 0x63, 0x77, 0x94, 0x41, 0xCF, 0x9F, 0xC6,
    0x87, 0x27, 0x8F, 0xCF, 0xF3, 0x8B, 0x3C, 0x94, 0x5F, 0xA1, 0xE5, 0xE7, 0x23, 0xE4, 0x49, 0xF7,
    0x4F, 0xDB, 0x84, 0xA1, 0x0B, 0x64, 0x40, 0x9D, 0xF6, 0xB0, 0xFE, 0x2C, 0xE4, 0x89, 0x5E, 0x4D,
    0xCF, 0x5F, 0x02, 0xE1, 0x21, 0x47, 0xDC, 0xDB, 0x5B, 0x7C, 0x78, 0xF2, 0xF8, 0xFC, 0xFC, 0x84,
    0x3D, 0xAC, 0xFF, 0xEB, 0xF7, 0x2F, 0xB7, 0xCD, 0xF1, 0xE4, 0x09, 0x07, 0xE9, 0x4B, 0xDB, 0xCE,
    0x07, 0x36, 0x9D, 0x3D, 0x32, 0xBF, 0xF5, 0x32, 0xDF, 0xCF, 0x67, 0xF2, 0xFD, 0x25, 0xFF, 0xFF,
    0x2D, 0xDE, 0x3D, 0x59, 0x7C, 0x29, 0xF6, 0x1A, 0x1F, 0x9E, 0xEC, 0xFA, 0x6F, 0xE7, 0x3B, 0xEC,
    0x09, 0xC7, 0xEF, 0xF3, 0xC9, 0x83, 0x2D, 0xEE, 0x61, 0x9D, 0xDB, 0x7E, 0x3A, 0xDF, 0x21, 0x4F,
    0x53, 0xD6, 0x93, 0xEF, 0x1F, 0xEF, 0x85, 0x4E, 0x9E, 0x44, 0x4F, 0xCE, 0xC7, 0x14, 0x96, 0xAF,
    0x9F, 0x42, 0xE7, 0xF8, 0x36, 0xD5, 0xF2, 0xFD, 0xF5, 0x70, 0x84, 0xFE, 0x3F, 0xB5, 0x94, 0x81,
    0x89, 0xE3, 0x50, 0x0C, 0x44, 0x1F, 0xFC, 0x02, 0xD4, 0xD0, 0x82, 0x5A, 0x17, 0x5C, 0x01, 0xD7,
    0x8A, 0x0A, 0x18, 0x98, 0xB3, 0xB0, 0xCD, 0x3A, 0xB7, 0x21, 0x97, 0xDC, 0x66, 0x35, 0x7A, 0x43,
    0x20, 0xDF, 0xD1, 0xF0, 0x83, 0x6C, 0x0B, 0xDB, 0x25, 0xB2, 0xC5, 0x92, 0x60, 0xB0, 0x20, 0x1F,
    0x60, 0x81, 0xF6, 0xF3, 0xD9, 0xB6, 0xCB, 0x16, 0x53, 0x44, 0xED, 0x90, 0xD7, 0x5E, 0xCE, 0xB0,
    0xF3, 0x97, 0x13, 0x8B, 0xFC, 0xAB, 0x93, 0xF9, 0x2A, 0xEC, 0xE5, 0xE4, 0x7C, 0x54, 0xA0, 0x47,
    0xD8, 0xD6, 0x20, 0xF8, 0x27, 0xD7, 0x64, 0xE2, 0xB6, 0x8D, 0xDD, 0x5E, 0x2D, 0xF4, 0xB8, 0xE1,
    0x78, 0x46, 0xBC, 0xDC, 0x9E, 0xF2, 0xE7, 0x2F, 0x7C, 0x2D, 0x24, 0x0B, 0x0B, 0x78, 0xC3, 0x00,
    0xCB, 0x82, 0xA8, 0x67, 0x04, 0xE3, 0xDF, 0x99, 0x19, 0xAE, 0xE9, 0xA7, 0xC4, 0x91, 0x4D, 0x70,
    0x18, 0xA0, 0xC1, 0xB0, 0x0E, 0x2B, 0xE2, 0xB0, 0x26, 0xA5, 0xE6, 0x43, 0x12, 0x1B, 0x1F, 0xB4,
    0x94, 0xEB, 0xB4, 0x58, 0xB5, 0xD9, 0xEF, 0xD3, 0x96, 0x39, 0x0C, 0x5D, 0x8D, 0xD5, 0xB0, 0xDB,
    0x94, 0x1C, 0xC2, 0xB6, 0x71, 0x28, 0x4B, 0xAB, 0xE3, 0x7F, 0xEC, 0x87, 0x33, 0xEF, 0xA5, 0xC3,
    0xDE, 0x93, 0x99, 0xA9, 0xCB, 0x6D, 0x44, 0xED, 0x9C, 0x33, 0x4E, 0xEA, 0xA0, 0x91, 0x74, 0x90,
    0x1B, 0x51, 0x3B, 0xAB, 0x25, 0x06, 0x6D, 0xE4, 0x46, 0x1C, 0x2C, 0x5D, 0x36, 0x04, 0xE4, 0x7A,
    0x72, 0xB9, 0xDE, 0x3A, 0xFE, 0xBA, 0xED, 0xAE, 0xD7, 0xD7, 0xFB, 0xCD, 0x51, 0xAC, 0xE1, 0xA5,
    0x28, 0xC7, 0x4A, 0x7D, 0xBE, 0x9D, 0x63, 0x63, 0xF5, 0x2D, 0x51, 0xB6, 0x07, 0x44, 0x5E, 0xCE,
    0xDC, 0xE7, 0xE6, 0x56, 0xE4, 0x11, 0xBA, 0x23, 0x48, 0x92, 0xE5, 0x66, 0x98, 0xFA, 0xA9, 0x14,
    0x96, 0xC5, 0x13, 0x59, 0xDE, 0x3E, 0xDF, 0x62, 0xC8, 0x4C, 0x6F, 0xAA, 0xE4, 0xAB, 0xC0, 0xB2,
    0x70, 0x13, 0x36, 0x59, 0x2E, 0x13, 0x25, 0x06, 0x30, 0x90, 0x0D, 0xE1, 0x86, 0x34, 0xE0, 0x82,
    0x68, 0x6E, 0x93, 0xB5, 0xCB, 0x95, 0x36, 0xE7, 0x4D, 0x92, 0x3B, 0x61, 0xD2, 0xE5, 0x68, 0xCD,
    0x39, 0xDC, 0xA4, 0x0B, 0x37, 0x4B, 0x62, 0xDA, 0x4B, 0xE9, 0x0E, 0xD7, 0xE7, 0x1B, 0xDD, 0xD6,
    0x40, 0x14, 0xDF, 0xE6, 0xF2, 0x27, 0x44, 0xED, 0xB2, 0xAC, 0xA8, 0x3B, 0xD2, 0x12, 0xCC, 0xA7,
    0x3F, 0xC5, 0x98, 0x41, 0x8B, 0xE3, 0x48, 0x0C, 0x85, 0x3F, 0xD0, 0xB5, 0x40, 0x7F, 0xA5, 0x60,
    0xAE, 0x01, 0xFD, 0x75, 0x41, 0xAE, 0x0D, 0xF3, 0x57, 0x04, 0x7D, 0x15, 0x68, 0xDB, 0xAE, 0x89,
    0x19, 0xD7, 0xC6, 0x3B, 0xDB, 0x4E, 0x92, 0x51, 0xE5, 0x89, 0xC6, 0x72, 0xC2, 0x7B, 0x15, 0x3D,
    0xB9, 0x2B, 0x68, 0xB0, 0xC2, 0x72, 0x20, 0x2F, 0x90, 0xB6, 0x42, 0x42, 0xFD, 0x86, 0xED, 0xAF,
    0xAA, 0xB0, 0xAA, 0x34, 0x58, 0x91, 0x60, 0x37, 0x00, 0x20, 0xB1, 0x42, 0xCA, 0xB5, 0xC2, 0x24,
    0x8D, 0x84, 0xC4, 0x52, 0x2B, 0x2D, 0xB2, 0xC8, 0x24, 0x53, 0xB2, 0x34, 0xAD, 0x96, 0x04, 0x60,
    0x60, 0x74, 0x1A, 0x8D, 0x8E, 0x78, 0xEB, 0xAD, 0xF7, 0xAF, 0x64, 0xD9, 0xDB, 0x58, 0x8C, 0x70,
    0x3A, 0x1D, 0x07, 0x8D, 0xDE, 0x68, 0x3A, 0xEA, 0x17, 0xFD, 0x00, 0x18, 0x0C, 0x72, 0x50, 0x50,
    0x67, 0xA3, 0xA3, 0x09, 0x66, 0x90, 0xE3, 0xE2, 0x53, 0x25, 0x4B, 0xA0, 0x8E, 0x41, 0xDE, 0x18,
    0x94, 0xCB, 0x67, 0xA8, 0x27, 0x7C, 0x67, 0x13, 0x0C, 0x50, 0x1F, 0x7C, 0xC9, 0xB7, 0x70, 0x97,
    0x80, 0x04, 0x03, 0xF5, 0x87, 0xB8, 0x77, 0x9A, 0xF4, 0xE6, 0x3F, 0xBE, 0xD0, 0xBC, 0x7F, 0x85,
    0x45, 0xFF, 0x15, 0x00, 0x34, 0x84, 0x0F, 0xE9, 0xAD, 0x1D, 0x7C, 0x6F, 0x76, 0x75, 0xAA, 0x9C,
    0xA8, 0xF7, 0xE8, 0xCE, 0x8B, 0x56, 0xAA, 0xC6, 0x43, 0xA2, 0xD5, 0xC1, 0x02, 0x32, 0x91, 0x30,
    0x00, 0x5E, 0xE5, 0xA5, 0xF3, 0x24, 0x01, 0x9B, 0x6D, 0x81, 0xB1, 0x86, 0xB8, 0x0E, 0xE6, 0x95,
    0x43, 0xC9, 0x6B, 0xAD, 0xA1, 0x5C, 0xD4, 0x53, 0x2A, 0x28, 0xFF, 0x9E, 0x88, 0x84, 0xBD, 0x3D,
    0x5E, 0xCE, 0x7D, 0xB2, 0xC6, 0x79, 0xEE, 0x02, 0xFE, 0xB3, 0x59, 0x08, 0x07, 0xD6, 0x70, 0x5C,
    0xE8, 0x5D, 0x8F, 0x46, 0x5A, 0x29, 0x52, 0x85, 0x5C, 0xF3, 0xF5, 0xBA, 0x27, 0x6B, 0x9C, 0x16,
    0x3D, 0x91, 0x7C, 0xA5, 0x35, 0xCE, 0x93, 0xDC, 0xAC, 0x51, 0x55, 0x2B, 0x12, 0xEE, 0xA2, 0x2A,
    0x57, 0x24, 0x1C, 0xA2, 0xAA, 0x7C, 0x01, 0xFC, 0x7E, 0x91, 0x85, 0xCA, 0x35, 0x8D, 0x4C, 0x2C,
    0xB1, 0x5A, 0x23, 0x21, 0xC1, 0x30, 0xF3, 0xD2, 0x4A, 0xCA, 0x37, 0x2A, 0x32, 0xFA, 0x01, 0xCB,
    0xCE, 0xB2, 0x2C, 0x3A, 0x63, 0x59, 0x02, 0x5B, 0x1D, 0x46, 0xB7, 0xF4, 0x66, 0xE3, 0xCE, 0xA6,
    0x31, 0xAE, 0x05, 0x56, 0xC1, 0xC5, 0x1C, 0xE0, 0xA9, 0xD2, 0xB6, 0xCE, 0xE0, 0x3B, 0xD2, 0x76,
    0x33, 0x27, 0x19, 0x61, 0xB0, 0x96, 0x3E, 0x03, 0xF5, 0x7C, 0x3A, 0x53, 0x8E, 0x1F, 0xC9, 0xDF,
    0xE2, 0x2E, 0x01, 0xBB, 0xD9, 0xF3, 0x06, 0xEE, 0xD3, 0xDC, 0x39, 0xCD, 0x9D, 0x2E, 0xAD, 0x7D,
    0xF4, 0x7E, 0xD4, 0x49, 0x74, 0x9A, 0xB4, 0x16, 0xBD, 0xDF, 0xEF, 0x24, 0xC9, 0x0B, 0x5A, 0x89,
    0x6A, 0xBC, 0x5E, 0xF7, 0xDC, 0x5D, 0xA7, 0x45, 0x27, 0x48, 0x81, 0xFE, 0xF4, 0x31, 0xC1, 0xE1,
    0x75, 0xEE, 0x3E, 0x49, 0x72, 0x33, 0xFB, 0xF6, 0xBF, 0xAC, 0x26, 0xBE, 0x5F, 0x9A, 0xB0, 0xB7,
    0xBB, 0xDC, 0xA9, 0xE7, 0xBF, 0x83, 0x91, 0xC9, 0xF9, 0x2A, 0x56, 0x20, 0x55, 0x81, 0xA6, 0x26,
    0xE6, 0xD4, 0x20, 0x51, 0x60, 0x9E, 0xA0, 0x7F, 0x48, 0xEB, 0x7D, 0x06, 0x36, 0xDE, 0xAB, 0xA9,
    0x39, 0x3E, 0x0F, 0x2B, 0x46, 0x20, 0x31, 0xD2, 0xBC, 0x19, 0xD3, 0xCB, 0x48, 0xBB, 0xA6, 0x56,
    0x50, 0xCC, 0x93, 0x6F, 0xF4, 0xE2, 0x6E, 0x69, 0xCC, 0x9B, 0xA1, 0x71, 0xAF, 0x6E, 0x00, 0x79,
    0x63, 0xA0, 0xBE, 0x63, 0xA5, 0x09, 0x98, 0x01, 0xB9, 0x55, 0x5E, 0xBB, 0x25, 0xDB, 0x04, 0x92,
    0xC1, 0x6F, 0xA9, 0x2D, 0x8D, 0x69, 0x12, 0x7C, 0x6B, 0x87, 0x8C, 0x9B, 0x9C, 0xF1, 0xCE, 0xFC,
    0xCB, 0xC2, 0xD4, 0xD9, 0x86, 0xD4, 0x23, 0xC2, 0x6E, 0x13, 0xEA, 0xF0, 0x1B, 0x9F, 0x27, 0xD4,
    0x5C, 0xB7, 0xAB, 0x43, 0x95, 0x43, 0xD4, 0xDF, 0xDE, 0x93, 0x08, 0xAB, 0xB8, 0x98, 0x3F, 0xB4,
    0x21, 0x7F, 0x83, 0xFC, 0x6C, 0xDE, 0x79, 0xB0, 0x9D, 0xF0, 0xF2, 0xCE, 0x82, 0xB6, 0x6B, 0x59,
    0x2B, 0x09, 0xA9, 0xFA, 0x0C, 0x4D, 0xAD, 0x30, 0xA7, 0xC2, 0xC0, 0xE2, 0x49, 0x42, 0xEE, 0x9C,
    0x71, 0x28, 0x09, 0xAD, 0xCF, 0xB0, 0x6B, 0x85, 0x91, 0x91, 0xD8, 0x02, 0x4F, 0x8C, 0xDF, 0x30,
    0xF2, 0x35, 0xD1, 0x0A, 0xA8, 0x3B, 0x8E, 0xB3, 0xF7, 0x68, 0x98, 0xCE, 0x3A, 0x0F, 0x69, 0x10,
    0x70, 0x3E, 0x44, 0xF4, 0xDA, 0x2F, 0x7D, 0x17, 0xEA, 0xBB, 0x99, 0xDA, 0x18, 0xF7, 0xCC, 0x75,
    0xC9, 0x0B, 0x68, 0x25, 0xA8, 0xC6, 0x5B, 0xE4, 0xCF, 0xC7, 0x9D, 0xB3, 0xD2, 0x5F, 0x4B, 0x73,
    0xB2, 0xCC, 0x79, 0x96, 0x00, 0x36, 0x90, 0x90, 0x67, 0x50, 0x48, 0x1A, 0x12, 0x16, 0x16, 0x5A,
    0xE5, 0x54, 0xB2, 0x86, 0xFA, 0x8A, 0x24, 0xFF, 0xEB, 0x25, 0x69, 0x9A, 0x96, 0x29, 0x91, 0x30,
    0x58, 0x6C, 0x4F, 0xDA, 0xDE, 0xFE, 0xFC, 0x2C, 0xDE, 0xD5, 0xC7, 0x99, 0x75, 0xB6, 0xFE, 0xD6,
    0xC6, 0x24, 0x94, 0x1F, 0x25, 0x12, 0xF2, 0xFF, 0xA4, 0x42, 0x12, 0x43, 0x82, 0x45, 0x33, 0xAB,
    0x68, 0x2A, 0xEF, 0xFB, 0x3F, 0x29, 0xBF, 0x03, 0x72, 0x5E, 0x92, 0x98, 0x26, 0x96, 0x89, 0x44,
    0x1E, 0xFB, 0xFF, 0xC5, 0x1A, 0xA6, 0x33, 0xC7, 0x23, 0x1A, 0x36, 0xFF, 0xF7, 0x1F, 0x7F, 0xF6,
    0xFF, 0xEE, 0x9E, 0xD0, 0xCE, 0xED, 0x38, 0x89, 0x55, 0xC0, 0xC5, 0xFC, 0x2D, 0xF2, 0x67, 0xFF,
    0x9F, 0x95, 0xFE, 0x62, 0x9A, 0x23, 0xD4, 0x47, 0x3A, 0xCB, 0x72, 0xE7, 0xFF, 0x7B, 0x83, 0x7F,
    0xF8, 0x9B, 0xE1, 0xEF, 0x5F, 0xBF, 0x8E, 0x68, 0xA8, 0x4B, 0x18, 0x0B, 0xC8, 0x1C, 0xB0, 0x18,
    0x50, 0x3F, 0xC2, 0x41, 0x63, 0xA9, 0x2F, 0xB0, 0x05, 0x23, 0xA3, 0x51, 0x48, 0xE4, 0x0A, 0x2A,
    0x06, 0x6C, 0xC1, 0xF6, 0x59, 0x3B, 0xCE, 0xBA, 0x20, 0x9E, 0xCA, 0x75, 0x9A, 0x5F, 0x4F, 0xE3,
    0x38, 0x22, 0x57, 0x6C, 0xA7, 0xAF, 0x2E, 0x5D, 0xDA, 0x57, 0x48, 0xC7, 0xB7, 0x75, 0x38, 0xE4,
    0xDA, 0x45, 0x3E, 0x68, 0x34, 0x8D, 0xA9, 0x53, 0x9F, 0xAA, 0x7F, 0x3E, 0x7C, 0x3F, 0x73, 0x0F,
    0xFE, 0x01, 0xB5, 0x96, 0xD1, 0xAA, 0xEC, 0x2C, 0x0C, 0x85, 0x17, 0xE4, 0x36, 0x90, 0x57, 0x09,
    0x78, 0x2B, 0xF8, 0xEA, 0x01, 0x6F, 0x85, 0x79, 0x95, 0x40, 0x6F, 0x05, 0x7F, 0xD3, 0x76, 0xE8,
    0xCC, 0x3E, 0x6D, 0xF7, 0xE9, 0x0F, 0xE7, 0x8B, 0x66, 0x19, 0xDD, 0xAB, 0x75, 0x97, 0x0E, 0x16,
    0x1F, 0xB4, 0xC9, 0x14, 0xAA, 0x5D, 0x15, 0xAC, 0xC9, 0x34, 0x29, 0x2C, 0xA5, 0x8A, 0xEC, 0xD4,
    0x67, 0x1D, 0x8B, 0x8C, 0x5A, 0x1B, 0x8C, 0xB2, 0xD6, 0xCA, 0x6A, 0xC4, 0x42, 0x31, 0x9F, 0x26,
    0xBF, 0xFB, 0x03, 0x25, 0x83, 0x02, 0x3C, 0x95, 0xA7, 0x92, 0xFD, 0xE1, 0x8F, 0x3A, 0xD4, 0x0B,
    0xB3, 0xEA, 0xAB, 0x4C, 0x6D, 0x9A, 0x58, 0x86, 0x36, 0x3E, 0xD6, 0x0F, 0xBD, 0xF2, 0x0F, 0x66,
    0xD6, 0x26, 0x65, 0x6A, 0x4B, 0xCC, 0xE2, 0xAF, 0x7B, 0xFF, 0xE8, 0x1F, 0x31, 0x86, 0x7F, 0xF7,
    0xC0, 0x4E, 0x05, 0x2B, 0xA4, 0xE7, 0x81, 0x1B, 0xC6, 0x88, 0x9E, 0xDD, 0xFB, 0x4A, 0xCE, 0x5E,
    0x4A, 0x11, 0x89, 0xB1, 0x7B, 0xCE, 0xE2, 0xD9, 0x73, 0x2F, 0x47, 0x64, 0x89, 0xB9, 0x22, 0xB6,
    0x35, 0xA1, 0x68, 0x5D, 0xB0, 0xAD, 0x7A, 0x0E, 0x0F, 0x0A, 0xF0, 0xB3, 0xEF, 0x9B, 0xB5, 0x18,
    0xFF, 0x8B, 0x7E, 0x7D, 0xFD, 0xE7, 0x7F, 0x5F, 0x30, 0x2C, 0x22, 0xCA, 0x03, 0x86, 0x40, 0x4C,
    0x7C, 0x76, 0x30, 0xEE, 0x21, 0x23, 0xC3, 0x0D, 0x92, 0x25, 0x87, 0xF6, 0x88, 0x23, 0xFD, 0x76,
    0xA1, 0xAF, 0xD7, 0x8B, 0xA7, 0xF2, 0x87, 0x8A, 0x93, 0x85, 0xBC, 0x96, 0xC5, 0x99, 0x58, 0x64,
    0x59, 0xAC, 0x11, 0x8A, 0x2C, 0xE7, 0xAF, 0xA7, 0x18, 0x19, 0x6B, 0xE8, 0x71, 0x9D, 0x07, 0xFE,
    0x50, 0x97, 0xDA, 0x95, 0xD3, 0xAE, 0x95, 0x46, 0x4B, 0xFD, 0xD9, 0xCF, 0x83, 0xBA, 0x36, 0x5A,
    0x35, 0x31, 0x91, 0xBF, 0x96, 0x67, 0xFE, 0xB8, 0x6F, 0x4B, 0xD3, 0x9F, 0xDE, 0xFB, 0xC0, 0x13,
    0xBF, 0x8B, 0xF9, 0xF4, 0xC9, 0xF4, 0xB1, 0x72, 0x95, 0xD1, 0xD4, 0x9F, 0xED, 0x1F, 0xAE, 0x8D,
    0x64, 0x30, 0x71, 0x62, 0x12, 0x7F, 0xF9, 0xAD, 0x1F, 0xBF, 0x42, 0x0E, 0x88, 0x45, 0x2E, 0x2E,
    0x06, 0xF4, 0x1E, 0xD9, 0x73, 0xC1, 0x3B, 0xF7, 0xDE, 0x11, 0xAB, 0x91, 0xA5, 0xFA, 0x6E, 0xDA,
    0x8A, 0x39, 0x90, 0x57, 0x97, 0x8E, 0x12, 0x60, 0xFD, 0xB1, 0xA2, 0x6F, 0xB9, 0x4C, 0xC8, 0x65,
    0xAE, 0x92, 0x47, 0x60, 0x47, 0xD1, 0x66, 0xA8, 0x0B, 0x1C, 0xDC, 0xD2, 0x84, 0x1B, 0x3E, 0x71,
    0x32, 0x02, 0xE3, 0x0A, 0x91, 0x9C, 0x55, 0xCD, 0x2E, 0xD7, 0x47, 0xE9, 0x49, 0xDB, 0xF5, 0x3A,
    0xC8, 0x60, 0x50, 0x5C, 0xE0, 0x9E, 0x33, 0x33, 0x11, 0x2E, 0x18, 0x5E, 0x3A, 0x37, 0x4A, 0xF8,
    0x6B, 0x08, 0x6C, 0xAA, 0xE4, 0x62, 0x05, 0x7D, 0x46, 0x59, 0x9F, 0xF8, 0x5B, 0xDF, 0xF3, 0x07,
    0x5A, 0x99, 0x49, 0xB5, 0x92, 0x32, 0x6B, 0xC5, 0x0F, 0x58, 0x3F, 0x03, 0xD8, 0xF2, 0x81, 0xB8,
    0x36, 0x6D, 0x68, 0x70, 0xD8, 0x0C, 0xEC, 0x19, 0xA5, 0xE3, 0x7F, 0xA3, 0x2C, 0x2E, 0xAE, 0x8C,
    0xA7, 0x30, 0x14, 0xB6, 0xFD, 0xFF, 0xF8, 0xC4, 0xC8, 0x61, 0x00, 0x73, 0x29, 0xCC, 0x38, 0x25,
    0xEE, 0x88, 0x2F, 0x3C, 0x1A, 0x59, 0x34, 0x41, 0xB4, 0x1C, 0xED, 0x76, 0xFA, 0x4D, 0x87, 0xED,
    0x71, 0x8C, 0x62, 0xBC, 0x53, 0x40, 0x5B, 0x1C, 0xA3, 0x18, 0x1F, 0xF6, 0x4E, 0x13, 0x66, 0x77,
    0x5B, 0xC1, 0x24, 0xF2, 0x9B, 0xC2, 0x68, 0x68, 0xC4, 0x99, 0x75, 0x0D, 0x4C, 0x22, 0xBF, 0x49,
    0xBE, 0xCE, 0x6B, 0xB2, 0x84, 0x88, 0x20, 0xF2, 0x37, 0xA5, 0x83, 0xF7, 0xD0, 0x77, 0x1C, 0x6F,
    0x5D, 0xEA, 0x6B, 0x78, 0xC2, 0x11, 0x07, 0xD4, 0xA5, 0x45, 0x50, 0xC7, 0x29, 0xC5, 0x92, 0x47,
    0x14, 0xC3, 0x1D, 0xA6, 0x95, 0x1B, 0x39, 0x37, 0xAD, 0xB0, 0xCB, 0xB3, 0x21, 0x46, 0x20, 0x1C,
    0x7F, 0x21, 0xBE, 0xFD, 0xD7, 0x41, 0x8C, 0xC4, 0x2F, 0xAF, 0x79, 0x71, 0x8F, 0xCC, 0x99, 0xA1,
    0x30, 0xAC, 0x57, 0x66, 0x68, 0xD6, 0x8C, 0x53, 0x0A, 0x59, 0xC7, 0x5F, 0xF1, 0xF9, 0xC6, 0x56,
    0x4E, 0x2A, 0x36, 0xBA, 0x58, 0xD2, 0xCA, 0x38, 0x27, 0x23, 0xEF, 0x69, 0x93, 0x13, 0x64, 0x92,
    0x27, 0x3A, 0xB1, 0x09, 0x1E, 0xB0, 0x3D, 0xBF, 0x70, 0x9F, 0x1F, 0xD8, 0xC7, 0xCA, 0x7B, 0xFC,
    0xED, 0xBD, 0xAC, 0x8F, 0xEA, 0xF0, 0x9D, 0xDC, 0x21, 0x29, 0xA1, 0x38, 0x4D, 0xBD, 0xDA, 0xDB,
    0x4F, 0x3D, 0xA0, 0x8B, 0xFC, 0x1B, 0xDF, 0x27, 0xD8, 0xA1, 0x8D, 0x61, 0xCC, 0xA8, 0x73, 0xD5,
    0x24, 0x5B, 0x6D, 0x5C, 0xEE, 0x4F, 0x40, 0x9F, 0x69, 0xB6, 0x0A, 0x33, 0x82, 0xD5, 0x4A, 0x50,
    0x22, 0xA4, 0xD0, 0xB2, 0x84, 0xEE, 0x35, 0xCC, 0x32, 0xAC, 0x5E, 0x9C, 0xA0, 0xDF, 0xAA, 0x7C,
    0x7C, 0x90, 0x87, 0x2A, 0xDF, 0x9F, 0xC0, 0xF7, 0x1A, 0x89, 0x2C, 0x06, 0x53, 0xEB, 0x9D, 0x9F,
    0xA6, 0xD2, 0xAE, 0xA3, 0x7F, 0xD7, 0xF4, 0xE7, 0x09, 0x5E, 0xC6, 0xE8, 0x99, 0xBC, 0x97, 0xE5,
    0x95, 0x33, 0xCD, 0x3E, 0x42, 0xBD, 0xC7, 0xFC, 0xDA, 0xC5, 0x62, 0xAE, 0xE7, 0xD0, 0x65, 0xE4,
    0xA8, 0x63, 0xFE, 0xEC, 0xF9, 0x37, 0xA9, 0xCE, 0xAC, 0xB5, 0x89, 0x19, 0xB3, 0xD5, 0x57, 0x4B,
    0x8F, 0xBE, 0x40, 0x5E, 0x95, 0x9C, 0x13, 0xEA, 0xAB, 0xC2, 0xB8, 0xA2, 0xB6, 0xB4, 0x3C, 0xF4,
    0x2F, 0xCE, 0x1C, 0x7E, 0x33, 0x86, 0xD6, 0xD8, 0xCF, 0xC3, 0x2F, 0x30, 0xD7, 0xA6, 0x75, 0xB0,
    0x9A, 0xB2, 0x56, 0x7F, 0xE2, 0x2F, 0xFE, 0xFD, 0x9C, 0xA3, 0x8E, 0xB2, 0x97, 0xDA, 0x60, 0x20,
    0x2F, 0x64, 0x0C, 0x13, 0x1F, 0xD7, 0x5F, 0xB0, 0xAA, 0x9B, 0x2F, 0x54, 0xF5, 0xA1, 0xBF, 0x4F,
    0x8D, 0x91, 0x85, 0xEE, 0xF5, 0x94, 0x3A, 0xB2, 0x27, 0x58, 0x59, 0x7A, 0x99, 0x4A, 0x9A, 0x30,
    0x4E, 0xFD, 0xE4, 0x64, 0xCC, 0x9B, 0x2F, 0x94, 0xF9, 0x91, 0x9F, 0xB9, 0xD0, 0x8B, 0xCD, 0xB8,
    0x8D, 0xDA, 0xF2, 0x54, 0xB6, 0xBA, 0xFA, 0xBD, 0xD4, 0xC6, 0xB6, 0xAE, 0xB7, 0x63, 0xFF, 0x37,
    0x7E, 0xDB, 0xFD, 0x85, 0x7E, 0xF3, 0xFF, 0x07, 0xD5, 0x93, 0x81, 0xC6, 0xFC, 0x30, 0x10, 0xC4,
    0x87, 0x00, 0x2C, 0xFB, 0x2A, 0xC3, 0x01, 0x84, 0x7D, 0xF5, 0xE1, 0x1E, 0xE0, 0x5E, 0x65, 0x39,
    0x80, 0x92, 0x7F, 0x93, 0xAA, 0x3F, 0xD7, 0xA4, 0x7C, 0x87, 0x8F, 0xEF, 0x37, 0x92, 0xD4, 0x4C,
    0x17, 0xDD, 0x4D, 0x31, 0x28, 0x32, 0xD2, 0xBA, 0x8C, 0x45, 0xB8, 0x50, 0x00, 0x38, 0xCA, 0x50,
    0x24, 0x3E, 0x88, 0xD6, 0xB6, 0x5A, 0x72, 0x8B, 0xF7, 0xAB, 0xD6, 0xB2, 0xAF, 0xD6, 0xCF, 0xDC,
    0xBA, 0x7F, 0x64, 0xAA, 0xF1, 0x6E, 0x35, 0x5E, 0xFB, 0x19, 0xAF, 0x2D, 0x42, 0xB5, 0xFB, 0x3F,
    0xA8, 0xDF, 0x8E, 0xFA, 0xAC, 0x11, 0xFB, 0x19, 0x1A, 0x3E, 0xFE, 0x93, 0x85, 0x46, 0x32, 0x36,
    0x70, 0xD7, 0x85, 0xC8, 0x6E, 0x87, 0x7A, 0x1A, 0xB3, 0xEF, 0x93, 0x8D, 0x9C, 0x3B, 0xAE, 0x59,
    0x3D, 0x08, 0x41, 0x05, 0x5D, 0x57, 0x7C, 0x54, 0x9E, 0xFB, 0x32, 0x4F, 0x10, 0x72, 0xCC, 0x38,
    0x3A, 0xDB, 0xF7, 0x35, 0x91, 0xB8, 0x4F, 0x57, 0xEF, 0x10, 0x2A, 0x38, 0x05, 0x7D, 0x76, 0xC8,
    0x86, 0x7B, 0xAA, 0xC0, 0x30, 0xE3, 0xA1, 0xCA, 0x03, 0xAC, 0x98, 0xDC, 0x24, 0xF7, 0xD6, 0x7C,
    0x10, 0x6A, 0x99, 0x89, 0x2C, 0x19, 0xDA, 0x90, 0x68, 0xD9, 0xF2, 0xF4, 0x5C, 0x2E, 0x64, 0x0E,
    0x07, 0x83, 0x3F, 0x3B, 0xDB, 0xDF, 0x9E, 0xEE, 0xF7, 0xB3, 0xD5, 0xA1, 0xCB, 0xF3, 0x04, 0x17,
    0xE8, 0xC9, 0x7D, 0xAD, 0x72, 0x32, 0x92, 0xB8, 0xCB, 0x57, 0xFD, 0xEB, 0x90, 0xA6, 0x02, 0x13,
    0x89, 0x29, 0x21, 0x30, 0x72, 0x5E, 0x4F, 0xF0, 0xF6, 0x6E, 0x5A, 0x17, 0x4D, 0x0E, 0x93, 0x4D,
    0x72, 0x47, 0x39, 0xB5, 0x9C, 0x41, 0x54, 0x3E, 0x0F, 0xE1, 0xAB, 0x7F, 0xA3, 0xE7, 0x95, 0x0F,
    0x11, 0xC4, 0x0C, 0x4F, 0x8E, 0x1E, 0x87, 0xD6, 0x77, 0xA7, 0x0B, 0x89, 0x25, 0xB2, 0xA7, 0x3D,
    0x68, 0x02, 0x6E, 0x7B, 0x8C, 0x15, 0x9E, 0x50, 0x81, 0xE7, 0x3F, 0xA5, 0x51, 0xC1, 0xAA, 0xE4,
    0x40, 0x08, 0x2C, 0xE8, 0xAB, 0xE0, 0xAF, 0x08, 0x7D, 0x6D, 0xF0, 0xD7, 0x85, 0x77, 0x0D, 0xCC,
    0xAF, 0x08, 0x73, 0x15, 0x5C, 0x3B, 0x9D, 0xEC, 0xCB, 0xCC, 0xEC, 0xB2, 0xE4, 0x6D, 0x15, 0x55,
    0xAA, 0x41, 0x0D, 0x09, 0x0E, 0xB0, 0x0B, 0x04, 0x3D, 0x3A, 0x7A, 0xE5, 0x0D, 0xC5, 0xC0, 0x15,
    0x1B, 0x87, 0x6C, 0x5D, 0xBA, 0x0C, 0x1B, 0xA6, 0xD4, 0xBD, 0xE1, 0x8A, 0xE6, 0x44, 0x42, 0x82,
    0x3E, 0xBA, 0xED, 0x3B, 0xA8, 0x39, 0x2E, 0xE0, 0x24, 0x4C, 0x72, 0x4C, 0x4F, 0x9F, 0xFE, 0x82,
    0x98, 0x37, 0x35, 0x96, 0x1A, 0x38, 0x46, 0x3B, 0x26, 0xAF, 0x16, 0xA9, 0x81, 0x2C, 0x20, 0x39,
    0xD4, 0xA2, 0x39, 0xFF, 0xCB, 0xF8, 0xD5, 0xB4, 0x0C, 0x03, 0x85, 0x69, 0x01, 0x44, 0x9E, 0xB2,
    0x43, 0x8E, 0x88, 0xA8, 0x98, 0xB9, 0x2B, 0xD8, 0xBE, 0x73, 0x78, 0x29, 0x4A, 0x5A, 0xE2, 0x43,
    0xAD, 0x84, 0xC0, 0x81, 0x61, 0xDD, 0x7A, 0x76, 0x1F, 0x2E, 0x9B, 0x7C, 0xED, 0x0C, 0x5C, 0xA0,
    0x10, 0x93, 0x87, 0xB8, 0x4A, 0x97, 0x4E, 0xDF, 0xCF, 0x03, 0x0A, 0xB6, 0x4F, 0x57, 0x64, 0xE9,
    0xF4, 0xE7, 0x74, 0xCE, 0x54, 0x70, 0xF9, 0x00, 0x7F, 0x3D, 0x3D, 0xC0, 0x8F, 0xCC, 0xD3, 0xDB,
    0xC3, 0xC2, 0x4F, 0x4F, 0xE8, 0xE9, 0x08, 0xB0, 0xBD, 0xF8, 0x15, 0x49, 0xB6, 0xFD, 0x06, 0x3D,
    0x1C, 0xDF, 0x20, 0x24, 0x88, 0x37, 0x19, 0x42, 0x07, 0x07, 0x6F, 0x80, 0x06, 0x5A, 0x7A, 0xC5,
    0x4C, 0x20, 0x2D, 0xAD, 0x05, 0xD8, 0x9B, 0xA3, 0x39, 0x3B, 0xB0, 0x0E, 0x64, 0xFA, 0xB2, 0x3F,
    0x96, 0xEC, 0x68, 0x6B, 0x62, 0x9F, 0xDD, 0xB7, 0xAC, 0x7D, 0x73, 0xF3, 0x6C, 0x05, 0xD4, 0x02,
    0x89, 0x68, 0x81, 0x60, 0x47, 0xA8, 0x21, 0x12, 0xC8, 0x28, 0x65, 0xFA, 0xAE, 0xD9, 0xE3, 0x52,
    0xF3, 0x52, 0x60, 0x51, 0xB1, 0x66, 0x79, 0xCA, 0x71, 0x40, 0x13, 0x56, 0x0C, 0x5E, 0x5A, 0x7C,
    0xFF, 0x39, 0x8B, 0x21, 0xCF, 0x62, 0xA8, 0x60, 0xF2, 0x00, 0x9B, 0xEC, 0x20, 0x6B, 0xD6, 0x65,
    0xC8, 0x20, 0x21, 0xC8, 0xDA, 0xA1, 0x2E, 0x94, 0xB9, 0x54, 0x39, 0x4E, 0x9E, 0x68, 0x45, 0xF6,
    0x4E, 0x45, 0x14, 0xC7, 0x9E, 0x0D, 0xDE, 0x66, 0xFF, 0x44, 0x33, 0x12, 0x92, 0x73, 0xCB, 0x22,
    0x2E, 0x60, 0xAF, 0xBA, 0x98, 0xC9, 0xC8, 0x14, 0x08, 0xB1, 0xFF, 0x65, 0xFF, 0x64, 0xE5, 0xEC,
    0xD7, 0xFD, 0x64, 0x93, 0x1A, 0xE5, 0x8B, 0x5F, 0x34, 0xDE, 0xF7, 0x0B, 0x11, 0x9A, 0x41, 0x3A,
    0x6D, 0x85, 0xF4, 0xCD, 0x36, 0xC3, 0x05, 0x19, 0x53, 0x0D, 0x27, 0x3F, 0x90, 0x89, 0xB9, 0x00,
    0x90, 0x99, 0xAF, 0x08, 0x03, 0xCE, 0x94, 0x80, 0x35, 0x66, 0x47, 0xE3, 0x04, 0x4D, 0x1A, 0x63,
    0x60, 0x9B, 0x4E, 0x1B, 0x91, 0xB0, 0xE1, 0x02, 0xC1, 0x86, 0xF4, 0x6A, 0x53, 0x97, 0x30, 0x81,
    0xBC, 0x3E, 0xBF, 0x7E, 0x09, 0xEB, 0xB2, 0x88, 0x0B, 0xD8, 0x69, 0x87, 0x3A, 0x61, 0x6A, 0xF2,
    0x04, 0x99, 0xFA, 0xB6, 0xC3, 0xB0, 0x28, 0x20, 0x64, 0x5C, 0xBF, 0x5D, 0xBA, 0xD0, 0xA4, 0x56,
    0x5C, 0x4C, 0x9F, 0xFD, 0xD7, 0xEF, 0x27, 0x28, 0xD2, 0xFA, 0x37, 0x1A, 0x6F, 0x6F, 0x26, 0x3B,
    0xB5, 0xB9, 0x6A, 0x43, 0x30, 0x1C, 0x6F, 0x68, 0x02, 0xEB, 0x42, 0x78, 0xE2, 0x13, 0x09, 0x31,
    0x91, 0x0C, 0x91, 0xC3, 0x2D, 0xF1, 0xF1, 0xFF, 0x30, 0x99, 0x21, 0x60, 0xC0, 0x33, 0x70, 0x40,
    0x33, 0x63, 0x34, 0x0F, 0x7D, 0x3E, 0xC6, 0x68, 0xA5, 0x2C, 0xCD, 0x3A, 0x73, 0xA9, 0xD9, 0xEC,
    0xC5, 0xC8, 0x19, 0x73, 0xCC, 0x5A, 0xF3, 0xCE, 0xBC, 0xC7, 0x31, 0x3F, 0xE3, 0xD0, 0xF5, 0xEC,
    0xE6, 0xFD, 0x2C, 0x45, 0xCD, 0x3F, 0xAB, 0x2E, 0xDD, 0xBF, 0x5F, 0x7D, 0x7F, 0xBD, 0x7F, 0x7F,
    0xBE, 0x94, 0x3F, 0x7C, 0xFF, 0xD9, 0x5F, 0x51, 0x5B, 0xE9, 0xDE, 0xFC, 0x71, 0x7F, 0xC5, 0xAA,
    0xEF, 0xBE, 0xFF, 0xEC, 0xC5, 0xA9, 0xAA, 0x7F, 0x78, 0x7F, 0xE9, 0xFE, 0x7D, 0x1B, 0x97, 0xFF,
    0xBF, 0xD7, 0xFF, 0x37, 0x5F, 0x3A, 0xE6, 0x7F, 0x01, 0x95, 0x96, 0x41, 0x8A, 0x63, 0x3D, 0x0C,
    0x84, 0x0B, 0xB4, 0x2D, 0x78, 0x57, 0x29, 0xF0, 0xD6, 0xE0, 0xAB, 0x0B, 0xB2, 0x35, 0xCC, 0x55,
    0x0C, 0xB3, 0x35, 0xE8, 0x8F, 0xE9, 0xA6, 0xFF, 0x88, 0x28, 0xE9, 0xC9, 0x57, 0x18, 0xC7, 0x11,
    0x92, 0x5F, 0x64, 0x59, 0x79, 0x48, 0x18, 0x88, 0x11, 0x84, 0x21, 0xE1, 0xB6, 0x38, 0xE1, 0xA5,
    0x32, 0x0E, 0xC5, 0x86, 0x1E, 0xBE, 0xF7, 0x4A, 0x9C, 0xB6, 0xE0, 0x78, 0x82, 0x12, 0x23, 0x44,
    0xAA, 0xDE, 0xFF, 0x9D, 0xFF, 0xF0, 0x8E, 0x06, 0x39, 0x04, 0xA2, 0xC0, 0x36, 0x3A, 0xA6, 0x91,
    0x10, 0x2A, 0x04, 0xC2, 0x88, 0x89, 0x6E, 0x1B, 0x35, 0x84, 0xE4, 0x0D, 0x1D, 0xC3, 0xCB, 0x00,
    0x32, 0x51, 0x23, 0x28, 0x13, 0x8E, 0x12, 0x3C, 0x72, 0x2A, 0x36, 0x45, 0x3F, 0xAB, 0x77, 0x5C,
    0x7E, 0x1F, 0xB0, 0x45, 0x27, 0x21, 0xD9, 0xF9, 0xE2, 0x33, 0x6C, 0x5D, 0x8E, 0x25, 0x99, 0x9C,
    0x3C, 0x4B, 0xFC, 0x0E, 0x25, 0x8F, 0x90, 0xD7, 0xF9, 0x2F, 0xAB, 0x20, 0x41, 0x19, 0x23, 0x8C,
    0x0F, 0xFE, 0x2F, 0xCE, 0xBE, 0xAE, 0x00, 0x33, 0x72, 0x2C, 0xD2, 0x0C, 0x25, 0xEE, 0xD2, 0xB5,
    0x25, 0x77, 0x94, 0x18, 0xC9, 0xB1, 0x49, 0xE3, 0xEF, 0xF5, 0x7B, 0x6D, 0x3C, 0x21, 0x97, 0xC6,
    0x96, 0x94, 0xE2, 0x5F, 0xBB, 0xFE, 0x0D, 0x39, 0x7E, 0xB6, 0x96, 0xF1, 0x69, 0x46, 0x1B, 0x9B,
    0xB0, 0x97, 0xE5, 0x25, 0x5E, 0x81, 0x57, 0x25, 0x4A, 0x6B, 0x6C, 0x63, 0x53, 0xA6, 0xDA, 0xBF,
    0xA9, 0xF1, 0x0A, 0xA3, 0x09, 0x25, 0x54, 0x9B, 0x7B, 0x88, 0xAC, 0xEC, 0x0E, 0xE7, 0xD2, 0x8C,
    0xD0, 0xE4, 0x7A, 0x3C, 0x5B, 0x7D, 0xC9, 0x9B, 0x77, 0x57, 0xF5, 0xFB, 0x73, 0xFF, 0xF0, 0x9F,
    0xFA, 0x3F, 0xCA, 0x38, 0x64, 0x3F, 0xF5, 0x7F, 0x04, 0x3D, 0xCA, 0x44, 0x0D, 0x7F, 0xCC, 0x0F,
    0xB3, 0x4E, 0xEC, 0xD4, 0x5F, 0x9E, 0x89, 0x05, 0x59, 0xC3, 0x86, 0x00, 0x54, 0xF1, 0xD7, 0xAB,
    0xFC, 0xDB, 0xA6, 0xCD, 0xDB, 0x30, 0xA2, 0x66, 0xB8, 0xEB, 0xD6, 0x7C, 0x43, 0x4F, 0x96, 0xFD,
    0xBE, 0xFF, 0x34, 0x74, 0x8C, 0x7D, 0xEC, 0x77, 0x26, 0xFA, 0xD8, 0xE8, 0x98, 0x78, 0x82, 0x5B,
    0x4B, 0x53, 0x14, 0xAF, 0x85, 0x82, 0xA1, 0x8B, 0x8D, 0xC9, 0x5E, 0xF4, 0x6F, 0xBC, 0xA3, 0xEC,
    0xEF, 0x58, 0x78, 0xD7, 0xDF, 0xDD, 0x9C, 0xFE, 0x41, 0xFF, 0x7F, 0xCB, 0xBF, 0xFC, 0x3F, 0x60,
    0x62, 0xC1, 0x5F, 0xDB, 0xE9, 0x96, 0xF7, 0x76, 0x68, 0x7C, 0xC7, 0x35, 0x10, 0xF9, 0x8E, 0x51,
    0x43, 0x73, 0x51, 0xFF, 0xEB, 0x6A, 0xDC, 0x14, 0xBE, 0x49, 0x3E, 0x29, 0x56, 0x65, 0x2F, 0xE3,
    0xEF, 0xD9, 0xA8, 0x2C, 0xAA, 0x7C, 0xBE, 0x22, 0xFE, 0xB3, 0xE7, 0x6C, 0x63, 0x53, 0xE5, 0xE9,
    0x6E, 0x20, 0x7B, 0x3F, 0xED, 0x92, 0x9F, 0x2E, 0xDF, 0x6F, 0x1F, 0xDB, 0xEF, 0x83, 0xF5, 0xD9,
    0x39, 0xD7, 0xDD, 0x7E, 0x1B, 0x9B, 0xEB, 0xD9, 0x6E, 0x47, 0x1A, 0xDB, 0xEC, 0x3E, 0x74, 0x56,
    0xCF, 0x18, 0xAE, 0xAD, 0xFB, 0x30, 0x24, 0xDC, 0x74, 0x75, 0x53, 0x52, 0xDD, 0xC3, 0x7C, 0x2C,
    0x70, 0xAC, 0xBC, 0xF7, 0xB3, 0xE7, 0x89, 0x56, 0xBF, 0x3F, 0x8C, 0xED, 0x96, 0x73, 0x57, 0xED,
    0x5F, 0xF9, 0x0F, 0x6F, 0xE8, 0xDE, 0x84, 0x09, 0xD5, 0xDD, 0x01, 0xD3, 0x3A, 0x67, 0x03, 0x51,
    0x41, 0x34, 0x70, 0x5A, 0xC7, 0xB4, 0x8D, 0x0A, 0x61, 0x36, 0x75, 0x6F, 0x18, 0x8E, 0x4C, 0xCA,
    0x5E, 0x14, 0x19, 0x4C, 0xD9, 0x89, 0x94, 0xA1, 0x04, 0x21, 0x46, 0x93, 0x13, 0x2F, 0x90, 0x38,
    0xC3, 0x88, 0x97, 0xEF, 0x57, 0xD7, 0xFE, 0x1A, 0x59, 0xD9, 0xF2, 0x4B, 0xFF, 0x1F, 0x6F, 0xDE,
    0x1F, 0x01, 0x87, 0xA7, 0x4F, 0x19, 0x81, 0x3B, 0xFF, 0xFF, 0xF9, 0x93, 0x5F, 0xDA, 0xBF, 0xE8,
    0xB3, 0xD1, 0xD1, 0xF0, 0x82, 0x89, 0x1E, 0xB9, 0xF7, 0xE6, 0xFC, 0xA3, 0x85, 0x5B, 0x8B, 0x0B,
    0x96, 0x9F, 0x5F, 0xE4, 0x18, 0xA6, 0xA4, 0x55, 0xDC, 0xB0, 0x15, 0xD3, 0x2D, 0x26, 0xD2, 0xD3,
    0xD9, 0xCA, 0x9E, 0x63, 0x90, 0xA9, 0xFE, 0x72, 0xFC, 0xF5, 0xED, 0xB1, 0xB2, 0xBD, 0x5F, 0xFC,
    0xA1, 0x5F, 0xB2, 0x11, 0xA9, 0xBE, 0xF7, 0x5B, 0xFB, 0xE2, 0xEC, 0x7F, 0x38, 0xBF, 0x74, 0x3E,
    0xEB, 0x36, 0xE2, 0x21, 0xFA, 0x1C, 0x23, 0xEF, 0x40, 0x5E, 0xBB, 0xB6, 0xE7, 0xF8, 0x09, 0xEF,
    0x6B, 0x4C, 0xD9, 0x98, 0xBD, 0x38, 0x9D, 0x11, 0x42, 0x5B, 0xCD, 0x9B, 0x44, 0x99, 0x50, 0xB4,
    0x37, 0x93, 0xD1, 0xAC, 0xE1, 0xAF, 0xFD, 0x85, 0x8D, 0xF8, 0xE0, 0xFE, 0xD6, 0x0C, 0x38, 0xDC,
    0x15, 0x11, 0xFB, 0xCC, 0x18, 0xB5, 0x0F, 0xC5, 0x7D, 0xA5, 0xFE, 0x3D, 0xD7, 0x10, 0x95, 0xEB,
    0x32, 0x02, 0x2C, 0xE6, 0x04, 0x25, 0x45, 0x28, 0xFB, 0xE6, 0x9D, 0x18, 0x41, 0x16, 0xF6, 0x8A,
    0x1B, 0x61, 0x66, 0xB8, 0x22, 0xFC, 0xCC, 0x67, 0xFD, 0x09, 0x66, 0x02, 0x4D, 0x18, 0x11, 0x71,
    0xE6, 0xB3, 0xFE, 0x08, 0xBA, 0x83, 0xDF, 0xF9, 0xA3, 0xEB, 0xAC, 0xF1, 0x01, 0xC6, 0x1B, 0x48,
    0xF7, 0x11, 0xB1, 0xCE, 0x7C, 0xD6, 0xEF, 0x21, 0x3A, 0xFE, 0x44, 0x07, 0xF1, 0x02, 0xA1, 0xC7,
    0x5F, 0x74, 0x08, 0xFF, 0x82, 0x1B, 0xCC, 0xCD, 0x19, 0xA1, 0x33, 0x9F, 0x75, 0x06, 0xF8, 0x0F,
    0x9D, 0x9A, 0xCF, 0x8A, 0xC5, 0x2A, 0x0F, 0xC0, 0x03, 0xD9, 0x06, 0x7C, 0x95, 0x80, 0x5B, 0xC1,
    0x57, 0x0F, 0x74, 0x2B, 0xCC, 0xAB, 0x08, 0xB3, 0x15, 0xFA, 0x99, 0x3A, 0x25, 0xA7, 0x4D, 0x3C,
    0xDF, 0xBD, 0x37, 0x99, 0xB4, 0xD6, 0x9F, 0x89, 0xF6, 0x7F, 0xE3, 0x99, 0x01, 0x50, 0x6F, 0xAB,
    0x00, 0xE3, 0xB2, 0xF3, 0x1C, 0xE9, 0x3C, 0x7B, 0x12, 0xBC, 0x6C, 0x2D, 0x97, 0xAD, 0x16, 0x6A,
    0xC5, 0x3C, 0x53, 0xBF, 0xEC, 0x16, 0x14, 0xE2, 0xA9, 0xB0, 0x54, 0xCB, 0x28, 0xF0, 0x21, 0xD8,
    0xE9, 0x02, 0x38, 0x48, 0xE1, 0x94, 0x74, 0xF1, 0xD9, 0xAF, 0xA8, 0x01, 0xA4, 0xD0, 0xD2, 0x64,
    0x29, 0xE4, 0x66, 0xE7, 0xE4, 0x6A, 0x16, 0x6B, 0x1A, 0xFE, 0x98, 0xA5, 0xA4, 0x66, 0xB1, 0x4A,
    0x32, 0xEB, 0x66, 0x28, 0x16, 0x0B, 0x1E, 0x82, 0xBF, 0x44, 0x9C, 0xF9, 0xC8, 0x48, 0x94, 0xFB,
    0x03, 0x09, 0x08, 0xB2, 0x2A, 0x5D, 0xC2, 0x58, 0xCF, 0x4F, 0x5C, 0x4F, 0xC6, 0x45, 0x56, 0x2B,
    0x6D, 0x0F, 0x4E, 0xD2, 0x60, 0x60, 0xA8, 0xBA, 0x9C, 0xE5, 0x17, 0x64, 0xE0, 0xC9, 0x85, 0xA5,
    0x8E, 0x0C, 0x79, 0x72, 0x3D, 0x90, 0x71, 0x8C, 0x3A, 0xBC, 0xBF, 0x4A, 0xED, 0x7A, 0xEC, 0xEB,
    0xB8, 0x96, 0xDD, 0xC7, 0x9F, 0x75, 0x0D, 0x5A, 0x1D, 0x48, 0x38, 0x79, 0x1C, 0x5F, 0x63, 0xD4,
    0xF1, 0xF6, 0xAF, 0xC3, 0xEB, 0x83, 0x9F, 0xE4, 0xA4, 0xD6, 0x0F, 0x5E, 0x03, 0x7E, 0x7E, 0xC6,
    0x67, 0x22, 0x40, 0x3D, 0xCE, 0x0C, 0x82, 0x40, 0xC0, 0xA4, 0x3D, 0x9C, 0x97, 0x58, 0x2F, 0x73,
    0x21, 0xAA, 0xF5, 0x5C, 0x6B, 0x30, 0x11, 0xEC, 0x20, 0x3B, 0xDE, 0xF5, 0x0F, 0x45, 0xFF, 0x12,
    0xE8, 0x5F, 0xD1, 0xBF, 0xAF, 0xD5, 0x1F, 0x07, 0x8E, 0xA6, 0x22, 0xE0, 0x8A, 0xCD, 0x57, 0xC5,
    0x5B, 0x84, 0x9A, 0xF6, 0x8F, 0x9D, 0x1A, 0x08, 0x84, 0x82, 0xF2, 0xBC, 0x5F, 0xC6, 0x18, 0xA0,
    0x52, 0x81, 0x6F, 0xAD, 0xEB, 0xE2, 0xE9, 0x53, 0x75, 0xFB, 0x92, 0x52, 0x91, 0x0B, 0xAB, 0xC5,
    0x3C, 0xD7, 0x7C, 0xD7, 0x87, 0xDC, 0x24, 0x15, 0x16, 0x96, 0x54, 0xAC, 0xC6, 0xF1, 0x83, 0x8F,
    0x3D, 0xE7, 0x0F, 0xAD, 0x03, 0x22, 0xA1, 0xFB, 0xF4, 0xED, 0x38, 0x2A, 0x67, 0xE2, 0xC9, 0xD9,
    0xD1, 0x06, 0x1D, 0xB9, 0xAC, 0x3D, 0x68, 0xCF, 0x43, 0xE7, 0xD5, 0xF1, 0x86, 0x5D, 0xD7, 0x49,
    0xB2, 0xE3, 0xC4, 0x5E, 0x1D, 0x2F, 0xD3, 0x7A, 0x9A, 0xA5, 0x62, 0x3C, 0x78, 0x04, 0xAC, 0xDB,
    0x9F, 0xF1, 0x8D, 0xB5, 0x4E, 0xD9, 0xEE, 0xF6, 0x4F, 0xFD, 0x39, 0x80, 0x37, 0x7F, 0xD2, 0xD4,
    0x61, 0x49, 0x81, 0x06, 0xE2, 0x95, 0x24, 0x2D, 0xDE, 0x30, 0x23, 0x7B, 0xCD, 0x5C, 0x44, 0x31,
    0x66, 0x6A, 0x91, 0xB6, 0xF6, 0xCB, 0xCF, 0xF8, 0xD8, 0xB5, 0x1E, 0xFB, 0x2E, 0x7E, 0x1A, 0x79,
    0x4A, 0x1A, 0x71, 0xFC, 0x3A, 0xDA, 0x8F, 0x6A, 0x1D, 0xDB, 0xF8, 0xBF, 0xF4, 0x43, 0xA7, 0x1B,
    0xFF, 0x8B, 0xEB, 0x08, 0x62, 0x9E, 0x7B, 0x69, 0xB5, 0xBD, 0xB9, 0x89, 0x9D, 0xF3, 0x32, 0xE5,
    0x05, 0xAD, 0xD6, 0x5A, 0xDA, 0x2D, 0x68, 0x45, 0xD7, 0xDA, 0x4A, 0x51, 0x6F, 0x75, 0xC0, 0x4E,
    0xCA, 0x54, 0xA8, 0x72, 0x97, 0xE2, 0xD1, 0xD4, 0xB1, 0x4A, 0x71, 0xF4, 0x44, 0xDC, 0xEF, 0x72,
    0x24, 0x8B, 0xEF, 0x85, 0x7B, 0xA2, 0x10, 0x98, 0xFF, 0x41, 0x65, 0x4B, 0x81, 0x85, 0x0F, 0x38,
    0xA2, 0xD1, 0x23, 0xFC, 0x9D, 0x33, 0xC0, 0x55, 0x8E, 0x1F, 0x16, 0x92, 0x5A, 0x66, 0x04, 0x9A,
    0x1A, 0x49, 0x1D, 0xFB, 0xBD, 0xB0, 0xFA, 0x3A, 0xA2, 0xC8, 0x77, 0x6C, 0x9C, 0x5C, 0xE3, 0x6B,
    0xA5, 0xF7, 0x74, 0xFE, 0xC6, 0x09, 0x78, 0x12, 0x59, 0xFE, 0xFC, 0x88, 0x9E, 0x1A, 0xF7, 0x45,
    0x74, 0xEC, 0x8B, 0x73, 0x38, 0xBE, 0x78, 0xF4, 0x16, 0x05, 0x41, 0x47, 0x49, 0x40, 0x7B, 0x5F,
    0x3F, 0x3E, 0xE3, 0xB6, 0x0C, 0xCF, 0xAB, 0xED, 0x9F, 0x17, 0xA6, 0xD4, 0xEF, 0xA7, 0x4E, 0xC4,
    0x51, 0x4A, 0x59, 0xD7, 0xA1, 0x5D, 0x5D, 0x71, 0x8B, 0x3A, 0x3C, 0x41, 0x89, 0xFB, 0x37, 0x6A,
    0x4C, 0xB7, 0xDD, 0x8D, 0x61, 0x7C, 0x55, 0xB8, 0x06, 0xC6, 0x17, 0xF6, 0x92, 0x87, 0x2D, 0x23,
    0xA9, 0xCD, 0x96, 0x21, 0x1F, 0xB4, 0xDE, 0x43, 0xDB, 0xD7, 0x74, 0xBC, 0x7F, 0x76, 0x4C, 0x1D,
    0x1F, 0x80, 0x27, 0xA4, 0x1F, 0xA9, 0xA8, 0xC7, 0xFE, 0x3C, 0xFB, 0x79, 0x5A, 0x61, 0x56, 0x4E,
    0x84, 0xA7, 0x36, 0xF3, 0x14, 0x54, 0x24, 0x0D, 0xEC, 0xC8, 0xDB, 0x63, 0x2B, 0xC8, 0x44, 0x69,
    0xEC, 0x38, 0x12, 0x72, 0x2D, 0x99, 0xEB, 0x36, 0x42, 0x91, 0xCC, 0xAA, 0x11, 0x4D, 0xC0, 0xEB,
    0x8E, 0xD6, 0x48, 0xDE, 0x1F, 0xC5, 0x3E, 0x94, 0xD6, 0x5F, 0xF9, 0x1B, 0xBA, 0x15, 0xBA, 0x6F,
    0x75, 0x23, 0x57, 0xF0, 0x4D, 0x7D, 0xB4, 0x55, 0x78, 0xB4, 0x7A, 0x9F, 0xC3, 0xA7, 0x2D, 0x49,
    0x2B, 0x35, 0x48, 0xC3, 0x56, 0xB0, 0x4C, 0xCB, 0x5A, 0x67, 0x85, 0x95, 0x9E, 0xDC, 0xE9, 0x80,
    0xC7, 0x5A, 0xA8, 0xA2, 0x66, 0xF1, 0x16, 0xBA, 0xBB, 0x7B, 0xA5, 0x12, 0x05, 0xA5, 0xE8, 0x78,
    0x4B, 0x7C, 0x06, 0x94, 0xAD, 0x36, 0x31, 0x37, 0xFF, 0xF0, 0xF9, 0x64, 0xFE, 0xE4, 0xB8, 0xC9,
    0x81, 0x44, 0xCC, 0x72, 0x00, 0x0B, 0x31, 0x12, 0x1C, 0x4F, 0x7C, 0xD7, 0x5B, 0xBB, 0x4F, 0x99,
    0x44, 0x70, 0xF2, 0xA5, 0xAB, 0xFC, 0x89, 0xA7, 0xB2, 0xE4, 0xBB, 0xEF, 0x86, 0xF6, 0x74, 0xEC,
    0x66, 0x28, 0xB0, 0xD2, 0xB2, 0x8F, 0xF3, 0x70, 0xCE, 0x55, 0x9A, 0x56, 0x3E, 0x8E, 0xEF, 0x39,
    0x0B, 0xFD, 0xFC, 0x4B, 0xCB, 0x00, 0x96, 0xF9, 0x58, 0x63, 0xDA, 0x79, 0x5C, 0x31, 0xEC, 0xBC,
    0xA4, 0x2A, 0x50, 0xA6, 0xD5, 0x8F, 0xF3, 0x32, 0x9B, 0x8F, 0x69, 0x71, 0xAC, 0x33, 0x1A, 0x8F,
    0x9A, 0xC5, 0xD5, 0x58, 0x65, 0x8D, 0x07, 0xBA, 0x9D, 0xDB, 0x77, 0xAC, 0x31, 0x6D, 0x8D, 0x47,
    0x9E, 0xE3, 0x49, 0xAF, 0xEB, 0x64, 0xAC, 0xF1, 0xC4, 0xB1, 0xC2, 0xB3, 0x6E, 0xCF, 0xFB, 0xF8,
    0xAA, 0xF1, 0x9C, 0xA7, 0x8E, 0xC9, 0x04, 0x05, 0x07, 0x42, 0x6A, 0xE5, 0xF9, 0xC6, 0x11, 0x90,
    0xAA, 0x6C, 0xFA, 0x57, 0x98, 0x9C, 0x4A, 0x57, 0xEE, 0xFB, 0xB6, 0x5E, 0xE2, 0xBE, 0xAD, 0xE5,
    0xE3, 0x6A, 0x18, 0xC8, 0xAB, 0xEF, 0x0A, 0x24, 0x34, 0xF2, 0xC4, 0x32, 0xF5, 0x1E, 0x5B, 0xB1,
    0xBE, 0x4B, 0x9A, 0xFE, 0x49, 0xA8, 0xF0, 0x04, 0xEF, 0x6B, 0xEA, 0x2F, 0x36, 0x5F, 0x5B, 0x6E,
    0x07, 0xE9, 0x6F, 0x14, 0x76, 0xB5, 0xC5, 0xFE, 0x85, 0xB1, 0x69, 0xF3, 0xAD, 0x7F, 0xC9, 0x1A,
    0x63, 0xEB, 0x0F, 0x5C, 0xCA, 0xD1, 0xBE, 0xF5, 0x9F, 0x8F, 0x52, 0x5E, 0xB8, 0x68, 0xE6, 0x02,
    0xBA, 0x87, 0xB2, 0xF2, 0x83, 0x27, 0x9F, 0x22, 0x24, 0xEB, 0x32, 0x4E, 0xA0, 0xC7, 0x87, 0xC2,
    0x89, 0x01, 0x9B, 0x16, 0x88, 0x13, 0xFB, 0x28, 0xAD, 0xB7, 0x89, 0x83, 0xAC, 0x91, 0x35, 0x52,
    0xB0, 0x77, 0x2B, 0xF1, 0x8F, 0xD3, 0x7E, 0xDF, 0x7F, 0x1D, 0xDF, 0xFB, 0x57, 0x1E, 0x4D, 0x5C,
    0xDC, 0xD3, 0x16, 0x75, 0xF0, 0xD7, 0xFE, 0x8D, 0x87, 0xFD, 0x73, 0x1D, 0xF8, 0xAD, 0x7F, 0xA9,
    0x83, 0x7C, 0xDE, 0xD4, 0x32, 0xD5, 0x91, 0xE7, 0xDA, 0x72, 0x27, 0xE3, 0x4B, 0x73, 0xCB, 0x93,
    0xC6, 0x3C, 0x4F, 0xAD, 0x4D, 0x97, 0xC6, 0x4D, 0xEA, 0x88, 0xF3, 0x5E, 0xE3, 0xF7, 0xF8, 0x3C,
    0xF7, 0xFE, 0x6A, 0x7B, 0xFF, 0x98, 0x47, 0x79, 0xA3, 0x89, 0xD1, 0xB8, 0x7F, 0xCD, 0xED, 0xF8,
    0xA8, 0x27, 0x1F, 0x9A, 0x3F, 0x85, 0x9C, 0x18, 0xD7, 0x24, 0xD6, 0x8E, 0x67, 0x9D, 0x18, 0xCB,
    0x7B, 0xCE, 0xCA, 0xF1, 0x0B, 0x47, 0x3E, 0xF8, 0x1B, 0x3F, 0xB4, 0x87, 0xAF, 0xFC, 0xF7, 0x1B,
    0x9F, 0x14, 0xF3, 0xEF, 0x9E, 0x2B, 0xDD, 0xF5, 0xAF, 0x47, 0x86, 0x8F, 0x7B, 0x19, 0x72, 0x64,
    0x5C, 0xCB, 0x98, 0x97, 0xB4, 0x8E, 0x4F, 0x49, 0x7B, 0x7F, 0x3E, 0x76, 0xFE, 0xF7, 0xB5, 0xB1,
    0xD6, 0x5E, 0xEE, 0x6B, 0x63, 0xAD, 0xA3, 0xF8, 0x20, 0xA6, 0x9E, 0x7F, 0x52, 0xDF, 0x3F, 0xFD,
    0x69, 0xEA, 0x14, 0x76, 0x60, 0xF4, 0x6E, 0x11, 0x8F, 0x7E, 0xB7, 0x07, 0xF9, 0xD6, 0x71, 0x97,
    0x5E, 0x9C, 0xFF, 0xB4, 0xDE, 0xA5, 0xD0, 0x7F, 0x58, 0x04, 0xDF, 0xFF, 0x9A, 0x38, 0xD5, 0xA5,
    0xEF, 0xDF, 0xE8, 0xDD, 0x22, 0x88, 0xCF, 0x53, 0x87, 0x2E, 0x7D, 0x7C, 0xA3, 0x77, 0x8B, 0x97,
    0xF4, 0xD7, 0xFB, 0xAB, 0x3F, 0x71, 0x7A, 0xBD, 0xBF, 0x12, 0x04, 0x52, 0xB0, 0x15, 0xC2, 0x06,
    0x05, 0x42, 0x29, 0x90, 0x85, 0x4B, 0x16, 0x8F, 0xBD, 0x7F, 0x1D, 0x5F, 0xFD, 0x1D, 0xF7, 0x92,
    0x00, 0x3A, 0x0B, 0x0E, 0x3E, 0xCF, 0xA1, 0x6B, 0xDD, 0x86, 0x58, 0xB6, 0xFE, 0x55, 0x90, 0xEA,
    0x79, 0x92, 0xAE, 0xFF, 0x8D, 0xBF, 0x7D, 0xC3, 0x33, 0xA7, 0xB3, 0xB3, 0xAE, 0xD7, 0xF6, 0x5E,
    0xD6, 0x55, 0x5F, 0xD2, 0x2A, 0xBD, 0x22, 0x0D, 0x10, 0xA7, 0x4E, 0x6C, 0xE6, 0x4E, 0x3D, 0xDE,
    0x54, 0x6B, 0x6C, 0xF6, 0x0F, 0xC0, 0xF3, 0x67, 0x84, 0xED, 0x1D, 0x2E, 0x3C, 0x75, 0x3B, 0x77,
    0x5A, 0xA0, 0x21, 0x11, 0xBD, 0xF8, 0xEB, 0x87, 0x07, 0xD5, 0xF7, 0xBC, 0xA3, 0xFB, 0xF1, 0x21,
    0x9C, 0x77, 0x34, 0x75, 0xEF, 0x8E, 0x70, 0xEE, 0xD1, 0xE7, 0x9E, 0xEF, 0xD8, 0x3E, 0xEF, 0x8F,
    0xC5, 0x72, 0xDB, 0x9D, 0x2F, 0x13, 0x71, 0x1D, 0xC4, 0x4C, 0x51, 0x14, 0x46, 0x7B, 0xBE, 0x32,
    0x86, 0x9C, 0x32, 0xB3, 0x64, 0x2E, 0x14, 0x73, 0x4A, 0x98, 0xE1, 0xC0, 0x4C, 0xEA, 0x1F, 0x08,
    0x01, 0xFE, 0xED, 0x23, 0xC4, 0x42, 0xC0, 0x11, 0x8F, 0x67, 0x65, 0x1C, 0xC3, 0xF8, 0xEC, 0x44,
    0xE7, 0x98, 0x71, 0xF3, 0xC3, 0xD1, 0xF5, 0xEC, 0xE3, 0x59, 0x4A, 0xE1, 0xF7, 0x59, 0x25, 0x68,
    0xD0, 0x6A, 0xF4, 0x8D, 0xA8, 0xFE, 0xA8, 0x47, 0xEF, 0x96, 0x37, 0x37, 0xC2, 0x07, 0xE3, 0x33,
    0xBE, 0xCD, 0x0E, 0x9B, 0x46, 0x73, 0xEB, 0x75, 0xD8, 0x72, 0xF3, 0xAB, 0x00, 0xA1, 0x46, 0x63,
    0xFF, 0x7D, 0xBF, 0x8E, 0x3E, 0xAF, 0x56, 0xC0, 0xB0, 0x15, 0xA2, 0x89, 0xB5, 0x9D, 0x08, 0x22,
    0x5E, 0x9B, 0xBA, 0xD6, 0xED, 0xAB, 0x5E, 0x2B, 0xF6, 0xA2, 0x4D, 0x9C, 0x8F, 0xC5, 0x5A, 0xA1,
    0x4D, 0x7C, 0x36, 0x6F, 0xB9, 0xD0, 0x26, 0x9B, 0xB7, 0xF6, 0x26, 0x1B, 0x66, 0xE2, 0x62, 0xBB,
    0xA3, 0x87, 0xAD, 0x6C, 0xF3, 0x23, 0xAD, 0xC8, 0x42, 0x65, 0x93, 0x1F, 0x31, 0x32, 0x16, 0x6A,
    0xBD, 0xFF, 0x65, 0x88, 0xEB, 0x52, 0x04, 0xB2, 0xE8, 0x8D, 0x1B, 0x33, 0xFD, 0xAC, 0x2C, 0x2D,
    0x41, 0x99, 0xFA, 0xE0, 0x04, 0x5C, 0xEF, 0xEF, 0x7B, 0xA8, 0xF6, 0x7D, 0xFF, 0xE0, 0xF7, 0xF7,
    0xBD, 0xE3, 0xFE, 0xFB, 0x57, 0xB4, 0xCD, 0xEE, 0xFB, 0xD7, 0x78, 0x3C, 0x27, 0x92, 0x5A, 0xEE,
    0x04, 0x1C, 0x67, 0xA8, 0x64, 0x7C, 0x93, 0x5B, 0x16, 0xE3, 0x41, 0x66, 0x49, 0xEC, 0xFD, 0x2D,
    0xCB, 0x2D, 0xA5, 0x61, 0xC3, 0x81, 0x61, 0x82, 0x5A, 0x24, 0xF7, 0x5C, 0x8A, 0x54, 0x50, 0xEF,
    0xEF, 0xFE, 0x75, 0x7C, 0xF7, 0xAF, 0x83, 0xDD, 0x73, 0xD5, 0xAD, 0x9D, 0xFC, 0xFE, 0xFC, 0xFE,
    0x6C, 0x5E, 0xC6, 0xE9, 0xD3, 0xAF, 0x4F, 0x35, 0xB1, 0xED, 0xC5, 0xAD, 0x7D, 0x28, 0xF5, 0x04,
    0x10, 0xB0, 0x39, 0xC2, 0xF3, 0xBC, 0xCB, 0x5A, 0xBF, 0xB8, 0x97, 0xD8, 0x5F, 0xF5, 0xF2, 0xC7,
    0xD0, 0xDF, 0x3D, 0xFF, 0xA8, 0x0E, 0xA6, 0xE0, 0xE9, 0x87, 0xA2, 0x16, 0x8E, 0x0F, 0xFF, 0xD9,
    0xF8, 0xB4, 0xDD, 0x7F, 0xF6, 0xAF, 0x23, 0xFE, 0x61, 0xDF, 0xC4, 0x73, 0xF5, 0x89, 0xC7, 0xD1,
    0x81, 0xE6, 0x9A, 0xAF, 0xAE, 0xFA, 0x63, 0x4D, 0x7F, 0xFC, 0x8B, 0xAC, 0xF9, 0xA8, 0xBB, 0xF5,
    0xB4, 0x74, 0x6A, 0x05, 0xC1, 0x32, 0x56, 0xFE, 0x8F, 0xFD, 0xE9, 0xF2, 0x1F, 0x40, 0xB1, 0xBF,
    0x7B, 0xFF, 0xAC, 0xF3, 0x13, 0xCE, 0x50, 0x68, 0x9C, 0x70, 0x7C, 0xAB, 0xFE, 0x7B, 0xFC, 0x3A,
    0xF6, 0xFF, 0xD8, 0x10, 0x9C, 0x47, 0xC1, 0xFB, 0xDC, 0x85, 0xDB, 0xD6, 0xC1, 0xFF, 0x00, 0x75,
    0x8E, 0x01, 0x06, 0x05, 0x31, 0x0C, 0x44, 0x43, 0x01, 0x86, 0x5E, 0x65, 0xF8, 0x00, 0xA1, 0x57,
    0xCF, 0x01, 0xCA, 0xBF, 0xCA, 0x1E, 0xA0, 0xD8, 0xA4, 0xAA, 0xCD, 0xA2, 0xEF, 0x01, 0xF3, 0x84,
    0xC8, 0xA4, 0xFC, 0xC1, 0xB0, 0x0D, 0xF0, 0x28, 0x9B, 0xF2, 0x00, 0x10, 0x88, 0xF7, 0x44, 0xEA,
    0x6B, 0x6F, 0xFD, 0xD2, 0x15, 0x1D, 0x06, 0xF3, 0xFB, 0x7E, 0x4C, 0x7D, 0xED, 0xB7, 0x5E, 0x8D,
    0xD3, 0xDF, 0xA0, 0x6D, 0xF5, 0xF3, 0x1F, 0xC3, 0xAA, 0x74, 0xC0, 0xE2, 0x2A, 0xA2, 0xBC, 0x63,
    0x00, 0x03, 0xFB, 0x3F, 0x36, 0x36, 0xC6, 0x67, 0x8C, 0xCF, 0xD8, 0x9F, 0xB1, 0xB7, 0x01, 0xC2,
    0x3F, 0x10, 0x12, 0x24, 0x03, 0x00,
};

static const EpdGlyph helvetica_12_boldGlyphs[] = {
    { 15, 19, 304, 2, 19, 72, 0 }, // U+0000
    { 16, 16, 256, 0, 14, 64, 72 }, // U+0001
    { 16, 16, 256, 0, 14, 64, 136 }, // U+0002
    { 16, 16, 256, 0, 14, 64, 200 }, // U+0003
    { 16, 16, 256, 0, 14, 64, 264 }, // U+0004
    { 16, 16, 256, 0, 14, 64, 328 }, // U+0005
    { 16, 16, 256, 0, 14, 64, 392 }, // U+0006
    { 16, 16, 256, 0, 14, 64, 456 }, // U+0007
    { 16, 16, 256, 0, 14, 64, 520 }, // U+0008
    { 16, 16, 256, 0, 14, 64, 584 }, // U+0009
    { 16, 16, 256, 0, 14, 64, 648 }, // U+000A
    { 16, 16, 256, 0, 14, 64, 712 }, // U+000B
    { 16, 16, 256, 0, 14, 64, 776 }, // U+000C
    { 16, 16, 256, 0, 14, 64, 840 }, // U+000D
    { 16, 16, 256, 0, 14, 64, 904 }, // U+000E
    { 16, 16, 256, 0, 14, 64, 968 }, // U+000F
    { 16, 16, 256, 0, 14, 64, 1032 }, // U+0010
    { 16, 16, 256, 0, 14, 64, 1096 }, // U+0011
    { 16, 16, 256, 0, 14, 64, 1160 }, // U+0012
    { 16, 16, 256, 0, 14, 64, 1224 }, // U+0013
    { 16, 16, 256, 0, 14, 64, 1288 }, // U+0014
    { 16, 16, 256, 0, 14, 64, 1352 }, // U+0015
    { 16, 16, 256, 0, 14, 64, 1416 }, // U+0016
    { 16, 16, 256, 0, 14, 64, 1480 }, // U+0017
    { 16, 16, 256, 0, 14, 64, 1544 }, // U+0018
    { 16, 16, 256, 0, 14, 64, 1608 }, // U+0019
    { 16, 16, 256, 0, 14, 64, 1672 }, // U+001A
    { 16, 16, 256, 0, 14, 64, 1736 }, // U+001B
    { 16, 16, 256, 0, 14, 64, 1800 }, // U+001C
    { 16, 16, 256, 0, 14, 64, 1864 }, // U+001D
    { 16, 16, 256, 0, 14, 64, 1928 }, // U+001E
    { 16, 16, 256, 0, 14, 64, 1992 }, // U+001F
    { 1, 1, 96, 0, 1, 1, 2056 }, // U+0020
    { 3, 19, 112, 2, 19, 15, 2057 }, // !
    { 5, 6, 144, 2, 19, 8, 2072 }, // "
    { 12, 18, 224, 1, 18, 54, 2080 }, // #
    { 12, 21, 208, 0, 19, 63, 2134 }, // $
    { 21, 18, 352, 0, 18, 95, 2197 }, // %
    { 16, 18, 288, 1, 18, 72, 2292 }, // &
    { 2, 6, 96, 2, 19, 3, 2364 }, // '
    { 6, 24, 128, 1, 19, 36, 2367 }, // (
    { 6, 24, 128, 1, 19, 36, 2403 }, // )
    { 8, 7, 160, 1, 19, 14, 2439 }, // *
    { 12, 12, 240, 1, 13, 36, 2453 }, // +
    { 3, 6, 112, 2, 3, 5, 2489 }, // ,
    { 7, 3, 128, 0, 9, 6, 2494 }, // -
    { 3, 3, 112, 2, 3, 3, 2500 }, // .
    { 7, 19, 128, 1, 19, 34, 2503 }, // /
    { 12, 18, 208, 0, 18, 54, 2537 }, // 0
    { 7, 18, 208, 2, 18, 32, 2591 }, // 1
    { 12, 18, 208, 0, 18, 54, 2623 }, // 2
    { 12, 18, 208, 0, 18, 54, 2677 }, // 3
    { 12, 18, 208, 0, 18, 54, 2731 }, // 4
    { 12, 18, 208, 0, 18, 54, 2785 }, // 5
    { 12, 18, 208, 0, 18, 54, 2839 }, // 6
    { 12, 18, 208, 0, 18, 54, 2893 }, // 7
    { 12, 18, 208, 0, 18, 54, 2947 }, // 8
    { 12, 18, 208, 0, 18, 54, 3001 }, // 9
    { 3, 14, 112, 2, 14, 11, 3055 }, // :
    { 3, 17, 112, 2, 14, 13, 3066 }, // ;
    { 13, 12, 240, 0, 13, 39, 3079 }, // <
    { 10, 5, 224, 2, 10, 13, 3118 }, // =
    { 13, 12, 224, 1, 13, 39, 3131 }, // >
    { 11, 19, 240, 2, 19, 53, 3170 }, // ?
    { 22, 22, 384, 1, 18, 121, 3223 }, // @
    { 16, 19, 288, 1, 19, 76, 3344 }, // A
    { 15, 19, 288, 2, 19, 72, 3420 }, // B
    { 16, 19, 288, 1, 19, 76, 3492 }, // C
    { 16, 19, 304, 2, 19, 76, 3568 }, // D
    { 13, 19, 256, 2, 19, 62, 3644 }, // E
    { 12, 19, 240, 2, 19, 57, 3706 }, // F
    { 17, 19, 304, 1, 19, 81, 3763 }, // G
    { 15, 19, 304, 2, 19, 72, 3844 }, // H
    { 3, 19, 112, 2, 19, 15, 3916 }, // I
    { 11, 19, 224, 1, 19, 53, 3931 }, // J
    { 14, 19, 288, 2, 19, 67, 3984 }, // K
    { 12, 19, 240, 2, 19, 57, 4051 }, // L
    { 19, 19, 368, 2, 19, 91, 4108 }, // M
    { 15, 19, 304, 2, 19, 72, 4199 }, // N
    { 17, 19, 304, 1, 19, 81, 4271 }, // O
    { 14, 19, 272, 2, 19, 67, 4352 }, // P
    { 17, 20, 304, 1, 19, 85, 4419 }, // Q
    { 14, 19, 272, 2, 19, 67, 4504 }, // R
    { 14, 19, 272, 2, 19, 67, 4571 }, // S
    { 15, 19, 240, 0, 19, 72, 4638 }, // T
    { 15, 19, 304, 2, 19, 72, 4710 }, // U
    { 16, 19, 288, 1, 19, 76, 4782 }, // V
    { 21, 19, 368, 1, 19, 100, 4858 }, // W
    { 16, 19, 288, 1, 19, 76, 4958 }, // X
    { 15, 19, 272, 1, 19, 72, 5034 }, // Y
    { 14, 19, 256, 1, 19, 67, 5106 }, // Z
    { 5, 24, 128, 1, 19, 30, 5173 }, // [
    { 7, 19, 128, 0, 19, 34, 5203 }, // <backslash>
    { 5, 24, 128, 2, 19, 30, 5237 }, // ]
    { 11, 9, 224, 1, 19, 25, 5267 }, // ^
    { 14, 2, 224, 0, -3, 7, 5292 }, // _
    { 6, 4, 128, 1, 19, 6, 5299 }, // `
    { 12, 14, 224, 1, 14, 42, 5305 }, // a
    { 12, 19, 240, 2, 19, 57, 5347 }, // b
    { 11, 14, 208, 1, 14, 39, 5404 }, // c
    { 12, 19, 240, 1, 19, 57, 5443 }, // d
    { 12, 14, 224, 1, 14, 42, 5500 }, // e
    { 7, 19, 144, 1, 19, 34, 5542 }, // f
    { 12, 19, 240, 1, 14, 57, 5576 }, // g
    { 11, 19, 240, 2, 19, 53, 5633 }, // h
    { 3, 19, 112, 2, 19, 15, 5686 }, // i
    { 5, 24, 112, 0, 19, 30, 5701 }, // j
    { 11, 19, 224, 2, 19, 53, 5731 }, // k
    { 3, 19, 112, 2, 19, 15, 5784 }, // l
    { 17, 14, 336, 2, 14, 60, 5799 }, // m
    { 11, 14, 240, 2, 14, 39, 5859 }, // n
    { 12, 14, 224, 1, 14, 42, 5898 }, // o
    { 12, 19, 240, 2, 14, 57, 5940 }, // p
    { 12, 19, 240, 1, 14, 57, 5997 }, // q
    { 7, 14, 160, 2, 14, 25, 6054 }, // r
    { 11, 14, 208, 1, 14, 39, 6079 }, // s
    { 7, 18, 144, 1, 18, 32, 6118 }, // t
    { 11, 14, 240, 2, 14, 39, 6150 }, // u
    { 12, 14, 224, 1, 14, 42, 6189 }, // v
    { 19, 14, 304, 0, 14, 67, 6231 }, // w
    { 11, 14, 208, 1, 14, 39, 6298 }, // x
    { 13, 19, 240, 1, 14, 62, 6337 }, // y
    { 11, 14, 208, 1, 14, 39, 6399 }, // z
    { 7, 24, 160, 1, 19, 42, 6438 }, // {
    { 2, 24, 112, 3, 19, 12, 6480 }, // |
    { 7, 24, 160, 2, 19, 42, 6492 }, // }
    { 11, 4, 224, 1, 9, 11, 6534 }, // ~
    { 16, 16, 256, 0, 14, 64, 6545 }, // U+007F
    { 16, 16, 256, 0, 14, 64, 0 }, // U+0080
    { 16, 16, 256, 0, 14, 64, 64 }, // U+0081
    { 16, 16, 256, 0, 14, 64, 128 }, // U+0082
    { 16, 16, 256, 0, 14, 64, 192 }, // U+0083
    { 16, 16, 256, 0, 14, 64, 256 }, // U+0084
    { 16, 16, 256, 0, 14, 64, 320 }, // U+0085
    { 16, 16, 256, 0, 14, 64, 384 }, // U+0086
    { 16, 16, 256, 0, 14, 64, 448 }, // U+0087
    { 16, 16, 256, 0, 14, 64, 512 }, // U+0088
    { 16, 16, 256, 0, 14, 64, 576 }, // U+0089
    { 16, 16, 256, 0, 14, 64, 640 }, // U+008A
    { 16, 16, 256, 0, 14, 64, 704 }, // U+008B
    { 16, 16, 256, 0, 14, 64, 768 }, // U+008C
    { 16, 16, 256, 0, 14, 64, 832 }, // U+008D
    { 16, 16, 256, 0, 14, 64, 896 }, // U+008E
    { 16, 16, 256, 0, 14, 64, 960 }, // U+008F
    { 16, 16, 256, 0, 14, 64, 1024 }, // U+0090
    { 16, 16, 256, 0, 14, 64, 1088 }, // U+0091
    { 16, 16, 256, 0, 14, 64, 1152 }, // U+0092
    { 16, 16, 256, 0, 14, 64, 1216 }, // U+0093
    { 16, 16, 256, 0, 14, 64, 1280 }, // U+0094
    { 16, 16, 256, 0, 14, 64, 1344 }, // U+0095
    { 16, 16, 256, 0, 14, 64, 1408 }, // U+0096
    { 16, 16, 256, 0, 14, 64, 1472 }, // U+0097
    { 16, 16, 256, 0, 14, 64, 1536 }, // U+0098
    { 16, 16, 256, 0, 14, 64, 1600 }, // U+0099
    { 16, 16, 256, 0, 14, 64, 1664 }, // U+009A
    { 16, 16, 256, 0, 14, 64, 1728 }, // U+009B
    { 16, 16, 256, 0, 14, 64, 1792 }, // U+009C
    { 16, 16, 256, 0, 14, 64, 1856 }, // U+009D
    { 16, 16, 256, 0, 14, 64, 1920 }, // U+009E
    { 16, 16, 256, 0, 14, 64, 1984 }, // U+009F
    { 1, 1, 96, 0, 1, 1, 2048 }, // U+00A0
    { 3, 19, 112, 2, 14, 15, 2049 }, // U+00A1
    { 11, 18, 224, 1, 16, 50, 2064 }, // U+00A2
    { 13, 18, 224, 1, 18, 59, 2114 }, // U+00A3
    { 12, 12, 224, 1, 15, 36, 2173 }, // U+00A4
    { 13, 18, 224, 0, 18, 59, 2209 }, // U+00A5
    { 2, 24, 112, 3, 19, 12, 2268 }, // U+00A6
    { 12, 24, 224, 1, 19, 72, 2280 }, // U+00A7
    { 7, 2, 144, 1, 18, 4, 2352 }, // U+00A8
    { 19, 19, 304, 0, 19, 91, 2356 }, // U+00A9
    { 8, 12, 160, 1, 19, 24, 2447 }, // U+00AA
    { 10, 8, 208, 1, 11, 20, 2471 }, // U+00AB
    { 12, 7, 240, 1, 11, 21, 2491 }, // U+00AC
    { 7, 3, 128, 0, 9, 6, 2512 }, // U+00AD
    { 19, 19, 304, 0, 19, 91, 2518 }, // U+00AE
    { 7, 2, 144, 1, 19, 4, 2609 }, // U+00AF
    { 8, 7, 144, 0, 18, 14, 2613 }, // U+00B0
    { 11, 13, 240, 2, 13, 36, 2627 }, // U+00B1
    { 6, 10, 112, 0, 18, 15, 2663 }, // U+00B2
    { 6, 10, 112, 0, 18, 15, 2678 }, // U+00B3
    { 6, 4, 128, 1, 19, 6, 2693 }, // U+00B4
    { 11, 19, 240, 2, 14, 53, 2699 }, // U+00B5
    { 11, 24, 208, 1, 19, 66, 2752 }, // U+00B6
    { 3, 3, 112, 2, 9, 3, 2818 }, // U+00B7
    { 6, 6, 128, 1, 1, 9, 2821 }, // U+00B8
    { 4, 10, 112, 1, 18, 10, 2830 }, // U+00B9
    { 8, 12, 160, 1, 19, 24, 2840 }, // U+00BA
    { 10, 8, 208, 1, 11, 20, 2864 }, // U+00BB
    { 17, 18, 304, 1, 18, 77, 2884 }, // U+00BC
    { 16, 18, 304, 1, 18, 72, 2961 }, // U+00BD
    { 17, 18, 304, 1, 18, 77, 3033 }, // U+00BE
    { 11, 19, 240, 2, 14, 53, 3110 }, // U+00BF
    { 16, 24, 288, 1, 24, 96, 3163 }, // U+00C0
    { 16, 24, 288, 1, 24, 96, 3259 }, // U+00C1
    { 16, 24, 288, 1, 24, 96, 3355 }, // U+00C2
    { 16, 23, 288, 1, 23, 92, 3451 }, // U+00C3
    { 16, 23, 288, 1, 23, 92, 3543 }, // U+00C4
    { 16, 24, 288, 1, 24, 96, 3635 }, // U+00C5
    { 22, 19, 384, 1, 19, 105, 3731 }, // U+00C6
    { 16, 24, 288, 1, 19, 96, 3836 }, // U+00C7
    { 13, 24, 256, 2, 24, 78, 3932 }, // U+00C8
    { 13, 24, 256, 2, 24, 78, 4010 }, // U+00C9
    { 13, 24, 256, 2, 24, 78, 4088 }, // U+00CA
    { 13, 23, 256, 2, 23, 75, 4166 }, // U+00CB
    { 6, 24, 112, 0, 24, 36, 4241 }, // U+00CC
    { 6, 24, 112, 1, 24, 36, 4277 }, // U+00CD
    { 9, 24, 112, -1, 24, 54, 4313 }, // U+00CE
    { 7, 23, 112, 0, 23, 41, 4367 }, // U+00CF
    { 19, 19, 304, -1, 19, 91, 4408 }, // U+00D0
    { 15, 23, 304, 2, 23, 87, 4499 }, // U+00D1
    { 17, 24, 304, 1, 24, 102, 4586 }, // U+00D2
    { 17, 24, 304, 1, 24, 102, 4688 }, // U+00D3
    { 17, 24, 304, 1, 24, 102, 4790 }, // U+00D4
    { 17, 23, 304, 1, 23, 98, 4892 }, // U+00D5
    { 17, 23, 304, 1, 23, 98, 4990 }, // U+00D6
    { 12, 12, 240, 1, 13, 36, 5088 }, // U+00D7
    { 19, 19, 304, 0, 19, 91, 5124 }, // U+00D8
    { 15, 24, 304, 2, 24, 90, 5215 }, // U+00D9
    { 15, 24, 304, 2, 24, 90, 5305 }, // U+00DA
    { 15, 24, 304, 2, 24, 90, 5395 }, // U+00DB
    { 15, 23, 304, 2, 23, 87, 5485 }, // U+00DC
    { 15, 24, 272, 1, 24, 90, 5572 }, // U+00DD
    { 14, 19, 272, 2, 19, 67, 5662 }, // U+00DE
    { 11, 19, 224, 2, 19, 53, 5729 }, // U+00DF
    { 12, 19, 224, 1, 19, 57, 5782 }, // U+00E0
    { 12, 19, 224, 1, 19, 57, 5839 }, // U+00E1
    { 12, 19, 224, 1, 19, 57, 5896 }, // U+00E2
    { 12, 19, 224, 1, 19, 57, 5953 }, // U+00E3
    { 12, 18, 224, 1, 18, 54, 6010 }, // U+00E4
    { 12, 19, 224, 1, 19, 57, 6064 }, // U+00E5
    { 20, 14, 352, 1, 14, 70, 6121 }, // U+00E6
    { 11, 19, 208, 1, 14, 53, 6191 }, // U+00E7
    { 12, 19, 224, 1, 19, 57, 6244 }, // U+00E8
    { 12, 19, 224, 1, 19, 57, 6301 }, // U+00E9
    { 12, 19, 224, 1, 19, 57, 6358 }, // U+00EA
    { 12, 18, 224, 1, 18, 54, 6415 }, // U+00EB
    { 6, 19, 112, 0, 19, 29, 6469 }, // U+00EC
    { 6, 19, 112, 1, 19, 29, 6498 }, // U+00ED
    { 9, 19, 112, -1, 19, 43, 6527 }, // U+00EE
    { 7, 18, 112, 0, 18, 32, 6570 }, // U+00EF
    { 12, 19, 224, 1, 19, 57, 6602 }, // U+00F0
    { 11, 19, 240, 2, 19, 53, 6659 }, // U+00F1
    { 12, 19, 224, 1, 19, 57, 6712 }, // U+00F2
    { 12, 19, 224, 1, 19, 57, 6769 }, // U+00F3
    { 12, 19, 224, 1, 19, 57, 6826 }, // U+00F4
    { 12, 19, 224, 1, 19, 57, 6883 }, // U+00F5
    { 12, 18, 224, 1, 18, 54, 6940 }, // U+00F6
    { 11, 12, 240, 2, 13, 33, 6994 }, // U+00F7
    { 14, 14, 224, 0, 14, 49, 7027 }, // U+00F8
    { 11, 19, 240, 2, 19, 53, 7076 }, // U+00F9
    { 11, 19, 240, 2, 19, 53, 7129 }, // U+00FA
    { 11, 19, 240, 2, 19, 53, 7182 }, // U+00FB
    { 11, 18, 240, 2, 18, 50, 7235 }, // U+00FC
    { 13, 24, 240, 1, 19, 78, 7285 }, // U+00FD
    { 12, 24, 240, 2, 19, 72, 7363 }, // U+00FE
    { 13, 23, 240, 1, 18, 75, 7435 }, // U+00FF
    { 16, 22, 288, 1, 22, 88, 0 }, // U+0100
    { 12, 17, 224, 1, 17, 51, 88 }, // U+0101
    { 16, 24, 288, 1, 24, 96, 139 }, // U+0102
    { 12, 19, 224, 1, 19, 57, 235 }, // U+0103
    { 16, 24, 288, 1, 19, 96, 292 }, // U+0104
    { 12, 19, 224, 1, 14, 57, 388 }, // U+0105
    { 16, 24, 288, 1, 24, 96, 445 }, // U+0106
    { 11, 19, 208, 1, 19, 53, 541 }, // U+0107
    { 16, 24, 288, 1, 24, 96, 594 }, // U+0108
    { 11, 19, 208, 1, 19, 53, 690 }, // U+0109
    { 16, 22, 288, 1, 22, 88, 743 }, // U+010A
    { 11, 17, 208, 1, 17, 47, 831 }, // U+010B
    { 16, 24, 288, 1, 24, 96, 878 }, // U+010C
    { 11, 19, 208, 1, 19, 53, 974 }, // U+010D
    { 16, 24, 304, 2, 24, 96, 1027 }, // U+010E
    { 18, 19, 336, 1, 19, 86, 1123 }, // U+010F
    { 19, 19, 304, -1, 19, 91, 1209 }, // U+0110
    { 12, 19, 240, 1, 19, 57, 1300 }, // U+0111
    { 13, 22, 256, 2, 22, 72, 1357 }, // U+0112
    { 12, 17, 224, 1, 17, 51, 1429 }, // U+0113
    { 13, 24, 256, 2, 24, 78, 1480 }, // U+0114
    { 12, 19, 224, 1, 19, 57, 1558 }, // U+0115
    { 13, 22, 256, 2, 22, 72, 1615 }, // U+0116
    { 12, 17, 224, 1, 17, 51, 1687 }, // U+0117
    { 13, 24, 256, 2, 19, 78, 1738 }, // U+0118
    { 12, 19, 224, 1, 14, 57, 1816 }, // U+0119
    { 13, 24, 256, 2, 24, 78, 1873 }, // U+011A
    { 12, 19, 224, 1, 19, 57, 1951 }, // U+011B
    { 17, 24, 304, 1, 24, 102, 2008 }, // U+011C
    { 12, 24, 240, 1, 19, 72, 2110 }, // U+011D
    { 17, 24, 304, 1, 24, 102, 2182 }, // U+011E
    { 12, 24, 240, 1, 19, 72, 2284 }, // U+011F
    { 17, 22, 304, 1, 22, 94, 2356 }, // U+0120
    { 12, 22, 240, 1, 17, 66, 2450 }, // U+0121
    { 17, 26, 304, 1, 19, 111, 2516 }, // U+0122
    { 12, 26, 240, 1, 21, 78, 2627 }, // U+0123
    { 15, 24, 304, 2, 24, 90, 2705 }, // U+0124
    { 13, 24, 240, 0, 24, 78, 2795 }, // U+0125
    { 15, 19, 304, 2, 19, 72, 2873 }, // U+0126
    { 11, 19, 240, 2, 19, 53, 2945 }, // U+0127
    { 9, 23, 112, -1, 23, 52, 2998 }, // U+0128
    { 9, 18, 112, -1, 18, 41, 3050 }, // U+0129
    { 7, 22, 112, 0, 22, 39, 3091 }, // U+012A
    { 7, 17, 112, 0, 17, 30, 3130 }, // U+012B
    { 9, 24, 112, -1, 24, 54, 3160 }, // U+012C
    { 9, 19, 112, -1, 19, 43, 3214 }, // U+012D
    { 6, 24, 112, 0, 19, 36, 3257 }, // U+012E
    { 6, 24, 112, 0, 19, 36, 3293 }, // U+012F
    { 3, 22, 112, 2, 22, 17, 3329 }, // U+0130
    { 3, 14, 112, 2, 14, 11, 3346 }, // U+0131
    { 17, 19, 336, 2, 19, 81, 3357 }, // U+0132
    { 10, 24, 224, 2, 19, 60, 3438 }, // U+0133
    { 13, 24, 224, 1, 24, 78, 3498 }, // U+0134
    { 9, 24, 112, -1, 19, 54, 3576 }, // U+0135
    { 14, 26, 288, 2, 19, 91, 3630 }, // U+0136
    { 11, 26, 224, 2, 19, 72, 3721 }, // U+0137
    { 11, 14, 224, 2, 14, 39, 3793 }, // U+0138
    { 12, 24, 240, 2, 24, 72, 3832 }, // U+0139
    { 6, 24, 112, 1, 24, 36, 3904 }, // U+013A
    { 12, 26, 240, 2, 19, 78, 3940 }, // U+013B
    { 3, 26, 112, 2, 19, 20, 4018 }, // U+013C
    { 17, 19, 336, 2, 19, 81, 4038 }, // U+013D
    { 10, 19, 224, 2, 19, 48, 4119 }, // U+013E
    { 17, 19, 336, 2, 19, 81, 4167 }, // U+013F
    { 10, 19, 224, 2, 19, 48, 4248 }, // U+0140
    { 14, 19, 240, 0, 19, 67, 4296 }, // U+0141
    { 7, 19, 112, 0, 19, 34, 4363 }, // U+0142
    { 15, 24, 304, 2, 24, 90, 4397 }, // U+0143
    { 11, 19, 240, 2, 19, 53, 4487 }, // U+0144
    { 15, 26, 304, 2, 19, 98, 4540 }, // U+0145
    { 11, 21, 240, 2, 14, 58, 4638 }, // U+0146
    { 15, 24, 304, 2, 24, 90, 4696 }, // U+0147
    { 11, 19, 240, 2, 19, 53, 4786 }, // U+0148
    { 18, 19, 352, 2, 19, 86, 4839 }, // U+0149
    { 15, 24, 304, 2, 19, 90, 4925 }, // U+014A
    { 11, 19, 240, 2, 14, 53, 5015 }, // U+014B
    { 17, 22, 304, 1, 22, 94, 5068 }, // U+014C
    { 12, 17, 224, 1, 17, 51, 5162 }, // U+014D
    { 17, 24, 304, 1, 24, 102, 5213 }, // U+014E
    { 12, 19, 224, 1, 19, 57, 5315 }, // U+014F
    { 17, 23, 304, 1, 23, 98, 5372 }, // U+0150
    { 12, 18, 224, 1, 18, 54, 5470 }, // U+0151
    { 24, 19, 416, 1, 19, 114, 5524 }, // U+0152
    { 21, 14, 368, 1, 14, 74, 5638 }, // U+0153
    { 14, 24, 272, 2, 24, 84, 5712 }, // U+0154
    { 7, 19, 160, 2, 19, 34, 5796 }, // U+0155
    { 14, 26, 272, 2, 19, 91, 5830 }, // U+0156
    { 7, 21, 160, 2, 14, 37, 5921 }, // U+0157
    { 14, 24, 272, 2, 24, 84, 5958 }, // U+0158
    { 9, 19, 160, 1, 19, 43, 6042 }, // U+0159
    { 14, 24, 272, 2, 24, 84, 6085 }, // U+015A
    { 11, 19, 208, 1, 19, 53, 6169 }, // U+015B
    { 14, 24, 272, 2, 24, 84, 6222 }, // U+015C
    { 11, 19, 208, 1, 19, 53, 6306 }, // U+015D
    { 14, 24, 272, 2, 19, 84, 6359 }, // U+015E
    { 11, 19, 208, 1, 14, 53, 6443 }, // U+015F
    { 14, 19, 272, 1, 19, 67, 6496 }, // U+0160
    { 11, 19, 208, 1, 19, 53, 6563 }, // U+0161
    { 15, 24, 240, 0, 19, 90, 6616 }, // U+0162
    { 7, 23, 144, 1, 18, 41, 6706 }, // U+0163
    { 15, 24, 240, 0, 24, 90, 6747 }, // U+0164
    { 13, 19, 256, 1, 19, 62, 6837 }, // U+0165
    { 15, 19, 240, 0, 19, 72, 6899 }, // U+0166
    { 7, 18, 144, 1, 18, 32, 6971 }, // U+0167
    { 15, 23, 304, 2, 23, 87, 7003 }, // U+0168
    { 11, 18, 240, 2, 18, 50, 7090 }, // U+0169
    { 15, 22, 304, 2, 22, 83, 7140 }, // U+016A
    { 11, 17, 240, 2, 17, 47, 7223 }, // U+016B
    { 15, 24, 304, 2, 24, 90, 7270 }, // U+016C
    { 11, 19, 240, 2, 19, 53, 7360 }, // U+016D
    { 15, 25, 304, 2, 25, 94, 7413 }, // U+016E
    { 11, 20, 240, 2, 20, 55, 7507 }, // U+016F
    { 15, 23, 304, 2, 23, 87, 7562 }, // U+0170
    { 11, 18, 240, 2, 18, 50, 7649 }, // U+0171
    { 15, 24, 304, 2, 19, 90, 7699 }, // U+0172
    { 11, 19, 240, 2, 14, 53, 7789 }, // U+0173
    { 21, 24, 368, 1, 24, 126, 7842 }, // U+0174
    { 19, 19, 304, 0, 19, 91, 7968 }, // U+0175
    { 15, 24, 272, 1, 24, 90, 8059 }, // U+0176
    { 13, 24, 240, 1, 19, 78, 8149 }, // U+0177
    { 15, 18, 272, 1, 18, 68, 8227 }, // U+0178
    { 14, 24, 256, 1, 24, 84, 8295 }, // U+0179
    { 11, 19, 208, 1, 19, 53, 8379 }, // U+017A
    { 14, 22, 256, 1, 22, 77, 8432 }, // U+017B
    { 11, 17, 208, 1, 17, 47, 8509 }, // U+017C
    { 14, 19, 256, 1, 19, 67, 8556 }, // U+017D
    { 11, 19, 208, 1, 19, 53, 8623 }, // U+017E
    { 8, 16, 128, 0, 14, 32, 8676 }, // U+017F
    { 18, 19, 304, 1, 19, 86, 0 }, // U+01A0
    { 14, 14, 224, 1, 14, 49, 86 }, // U+01A1
    { 17, 19, 304, 2, 19, 81, 135 }, // U+01AF
    { 13, 14, 240, 2, 14, 46, 216 }, // U+01B0
    { 8, 16, 128, 0, 14, 32, 262 }, // U+01C4
    { 8, 16, 128, 0, 14, 32, 294 }, // U+01C5
    { 8, 16, 128, 0, 14, 32, 326 }, // U+01C6
    { 8, 16, 128, 0, 14, 32, 358 }, // U+01C7
    { 8, 16, 128, 0, 14, 32, 390 }, // U+01C8
    { 8, 16, 128, 0, 14, 32, 422 }, // U+01C9
    { 8, 16, 128, 0, 14, 32, 454 }, // U+01CA
    { 8, 16, 128, 0, 14, 32, 486 }, // U+01CB
    { 8, 16, 128, 0, 14, 32, 518 }, // U+01CC
    { 16, 24, 288, 1, 24, 96, 550 }, // U+01CD
    { 12, 19, 224, 1, 19, 57, 646 }, // U+01CE
    { 9, 24, 112, -1, 24, 54, 703 }, // U+01CF
    { 9, 19, 112, -1, 19, 43, 757 }, // U+01D0
    { 17, 24, 304, 1, 24, 102, 800 }, // U+01D1
    { 12, 19, 224, 1, 19, 57, 902 }, // U+01D2
    { 15, 24, 304, 2, 24, 90, 959 }, // U+01D3
    { 11, 19, 240, 2, 19, 53, 1049 }, // U+01D4
    { 15, 26, 304, 2, 26, 98, 1102 }, // U+01D5
    { 11, 21, 240, 2, 21, 58, 1200 }, // U+01D6
    { 15, 28, 304, 2, 28, 105, 1258 }, // U+01D7
    { 11, 23, 240, 2, 23, 64, 1363 }, // U+01D8
    { 15, 28, 304, 2, 28, 105, 1427 }, // U+01D9
    { 11, 23, 240, 2, 23, 64, 1532 }, // U+01DA
    { 15, 28, 304, 2, 28, 105, 1596 }, // U+01DB
    { 11, 23, 240, 2, 23, 64, 1701 }, // U+01DC
    { 12, 14, 224, 1, 14, 42, 1765 }, // U+01DD
    { 16, 26, 288, 1, 26, 104, 1807 }, // U+01DE
    { 12, 21, 224, 1, 21, 63, 1911 }, // U+01DF
    { 16, 25, 288, 1, 25, 100, 1974 }, // U+01E0
    { 12, 20, 224, 1, 20, 60, 2074 }, // U+01E1
    { 22, 22, 384, 1, 22, 121, 2134 }, // U+01E2
    { 20, 17, 352, 1, 17, 85, 2255 }, // U+01E3
    { 17, 19, 304, 1, 19, 81, 2340 }, // U+01E4
    { 12, 19, 240, 1, 14, 57, 2421 }, // U+01E5
    { 17, 24, 304, 1, 24, 102, 2478 }, // U+01E6
    { 12, 24, 240, 1, 19, 72, 2580 }, // U+01E7
    { 14, 24, 288, 2, 24, 84, 2652 }, // U+01E8
    { 13, 24, 224, 0, 24, 78, 2736 }, // U+01E9
    { 17, 24, 304, 1, 19, 102, 2814 }, // U+01EA
    { 12, 19, 224, 1, 14, 57, 2916 }, // U+01EB
    { 17, 27, 304, 1, 22, 115, 2973 }, // U+01EC
    { 12, 22, 224, 1, 17, 66, 3088 }, // U+01ED
    { 8, 16, 128, 0, 14, 32, 3154 }, // U+01EE
    { 8, 16, 128, 0, 14, 32, 3186 }, // U+01EF
    { 9, 24, 112, -1, 19, 54, 3218 }, // U+01F0
    { 8, 16, 128, 0, 14, 32, 3272 }, // U+01F1
    { 8, 16, 128, 0, 14, 32, 3304 }, // U+01F2
    { 8, 16, 128, 0, 14, 32, 3336 }, // U+01F3
    { 17, 24, 304, 1, 24, 102, 3368 }, // U+01F4
    { 12, 24, 240, 1, 19, 72, 3470 }, // U+01F5
    { 8, 16, 128, 0, 14, 32, 3542 }, // U+01F6
    { 8, 16, 128, 0, 14, 32, 3574 }, // U+01F7
    { 15, 24, 304, 2, 24, 90, 3606 }, // U+01F8
    { 11, 19, 240, 2, 19, 53, 3696 }, // U+01F9
    { 16, 29, 288, 1, 29, 116, 3749 }, // U+01FA
    { 12, 24, 224, 1, 24, 72, 3865 }, // U+01FB
    { 22, 24, 384, 1, 24, 132, 3937 }, // U+01FC
    { 20, 19, 352, 1, 19, 95, 4069 }, // U+01FD
    { 19, 24, 304, 0, 24, 114, 4164 }, // U+01FE
    { 14, 19, 224, 0, 19, 67, 4278 }, // U+01FF
    { 16, 23, 288, 1, 23, 92, 4345 }, // U+0200
    { 12, 18, 224, 1, 18, 54, 4437 }, // U+0201
    { 16, 24, 288, 1, 24, 96, 4491 }, // U+0202
    { 12, 19, 224, 1, 19, 57, 4587 }, // U+0203
    { 13, 23, 256, 2, 23, 75, 4644 }, // U+0204
    { 12, 18, 224, 1, 18, 54, 4719 }, // U+0205
    { 13, 24, 256, 2, 24, 78, 4773 }, // U+0206
    { 12, 19, 224, 1, 19, 57, 4851 }, // U+0207
    { 9, 23, 112, -2, 23, 52, 4908 }, // U+0208
    { 9, 18, 112, -2, 18, 41, 4960 }, // U+0209
    { 9, 24, 112, -1, 24, 54, 5001 }, // U+020A
    { 9, 19, 112, -1, 19, 43, 5055 }, // U+020B
    { 17, 23, 304, 1, 23, 98, 5098 }, // U+020C
    { 12, 18, 224, 1, 18, 54, 5196 }, // U+020D
    { 17, 24, 304, 1, 24, 102, 5250 }, // U+020E
    { 12, 19, 224, 1, 19, 57, 5352 }, // U+020F
    { 14, 23, 272, 2, 23, 81, 5409 }, // U+0210
    { 9, 18, 160, 0, 18, 41, 5490 }, // U+0211
    { 14, 24, 272, 2, 24, 84, 5531 }, // U+0212
    { 9, 19, 160, 1, 19, 43, 5615 }, // U+0213
    { 15, 23, 304, 2, 23, 87, 5658 }, // U+0214
    { 11, 18, 240, 2, 18, 50, 5745 }, // U+0215
    { 15, 24, 304, 2, 24, 90, 5795 }, // U+0216
    { 11, 19, 240, 2, 19, 53, 5885 }, // U+0217
    { 14, 26, 272, 2, 19, 91, 5938 }, // U+0218
    { 11, 21, 208, 1, 14, 58, 6029 }, // U+0219
    { 15, 26, 240, 0, 19, 98, 6087 }, // U+021A
    { 7, 25, 144, 1, 18, 44, 6185 }, // U+021B
    { 8, 16, 128, 0, 14, 32, 6229 }, // U+021C
    { 8, 16, 128, 0, 14, 32, 6261 }, // U+021D
    { 15, 24, 304, 2, 24, 90, 6293 }, // U+021E
    { 13, 24, 240, 0, 24, 78, 6383 }, // U+021F
    { 8, 16, 128, 0, 14, 32, 0 }, // U+0300
    { 8, 16, 128, 0, 14, 32, 32 }, // U+0301
    { 8, 16, 128, 0, 14, 32, 64 }, // U+0302
    { 8, 16, 128, 0, 14, 32, 96 }, // U+0303
    { 8, 16, 128, 0, 14, 32, 128 }, // U+0304
    { 8, 16, 128, 0, 14, 32, 160 }, // U+0305
    { 8, 16, 128, 0, 14, 32, 192 }, // U+0306
    { 8, 16, 128, 0, 14, 32, 224 }, // U+0307
    { 8, 16, 128, 0, 14, 32, 256 }, // U+0308
    { 8, 16, 128, 0, 14, 32, 288 }, // U+0309
    { 8, 16, 128, 0, 14, 32, 320 }, // U+030A
    { 8, 16, 128, 0, 14, 32, 352 }, // U+030B
    { 8, 16, 128, 0, 14, 32, 384 }, // U+030C
    { 8, 16, 128, 0, 14, 32, 416 }, // U+030D
    { 8, 16, 128, 0, 14, 32, 448 }, // U+030E
    { 8, 16, 128, 0, 14, 32, 480 }, // U+030F
    { 8, 16, 128, 0, 14, 32, 512 }, // U+0310
    { 8, 16, 128, 0, 14, 32, 544 }, // U+0311
    { 8, 16, 128, 0, 14, 32, 576 }, // U+0312
    { 8, 16, 128, 0, 14, 32, 608 }, // U+0313
    { 8, 16, 128, 0, 14, 32, 640 }, // U+0314
    { 8, 16, 128, 0, 14, 32, 672 }, // U+0315
    { 8, 16, 128, 0, 14, 32, 704 }, // U+0316
    { 8, 16, 128, 0, 14, 32, 736 }, // U+0317
    { 8, 16, 128, 0, 14, 32, 768 }, // U+0318
    { 8, 16, 128, 0, 14, 32, 800 }, // U+0319
    { 8, 16, 128, 0, 14, 32, 832 }, // U+031A
    { 8, 16, 128, 0, 14, 32, 864 }, // U+031B
    { 8, 16, 128, 0, 14, 32, 896 }, // U+031C
    { 8, 16, 128, 0, 14, 32, 928 }, // U+031D
    { 8, 16, 128, 0, 14, 32, 960 }, // U+031E
    { 8, 16, 128, 0, 14, 32, 992 }, // U+031F
    { 8, 16, 128, 0, 14, 32, 1024 }, // U+0320
    { 8, 16, 128, 0, 14, 32, 1056 }, // U+0321
    { 8, 16, 128, 0, 14, 32, 1088 }, // U+0322
    { 8, 16, 128, 0, 14, 32, 1120 }, // U+0323
    { 8, 16, 128, 0, 14, 32, 1152 }, // U+0324
    { 8, 16, 128, 0, 14, 32, 1184 }, // U+0325
    { 8, 16, 128, 0, 14, 32, 1216 }, // U+0326
    { 8, 16, 128, 0, 14, 32, 1248 }, // U+0327
    { 8, 16, 128, 0, 14, 32, 1280 }, // U+0328
    { 8, 16, 128, 0, 14, 32, 1312 }, // U+0329
    { 8, 16, 128, 0, 14, 32, 1344 }, // U+032A
    { 8, 16, 128, 0, 14, 32, 1376 }, // U+032B
    { 8, 16, 128, 0, 14, 32, 1408 }, // U+032C
    { 8, 16, 128, 0, 14, 32, 1440 }, // U+032D
    { 8, 16, 128, 0, 14, 32, 1472 }, // U+032E
    { 8, 16, 128, 0, 14, 32, 1504 }, // U+032F
    { 8, 16, 128, 0, 14, 32, 1536 }, // U+0330
    { 8, 16, 128, 0, 14, 32, 1568 }, // U+0331
    { 8, 16, 128, 0, 14, 32, 1600 }, // U+0332
    { 8, 16, 128, 0, 14, 32, 1632 }, // U+0333
    { 8, 16, 128, 0, 14, 32, 1664 }, // U+0334
    { 8, 16, 128, 0, 14, 32, 1696 }, // U+0335
    { 8, 16, 128, 0, 14, 32, 1728 }, // U+0336
    { 8, 16, 128, 0, 14, 32, 1760 }, // U+0337
    { 8, 16, 128, 0, 14, 32, 1792 }, // U+0338
    { 8, 16, 128, 0, 14, 32, 1824 }, // U+0339
    { 8, 16, 128, 0, 14, 32, 1856 }, // U+033A
    { 8, 16, 128, 0, 14, 32, 1888 }, // U+033B
    { 8, 16, 128, 0, 14, 32, 1920 }, // U+033C
    { 8, 16, 128, 0, 14, 32, 1952 }, // U+033D
    { 8, 16, 128, 0, 14, 32, 1984 }, // U+033E
    { 8, 16, 128, 0, 14, 32, 2016 }, // U+033F
    { 8, 16, 128, 0, 14, 32, 2048 }, // U+0340
    { 8, 16, 128, 0, 14, 32, 2080 }, // U+0341
    { 8, 16, 128, 0, 14, 32, 2112 }, // U+0342
    { 8, 16, 128, 0, 14, 32, 2144 }, // U+0343
    { 8, 16, 128, 0, 14, 32, 2176 }, // U+0344
    { 8, 16, 128, 0, 14, 32, 2208 }, // U+0345
    { 8, 16, 128, 0, 14, 32, 2240 }, // U+0346
    { 8, 16, 128, 0, 14, 32, 2272 }, // U+0347
    { 8, 16, 128, 0, 14, 32, 2304 }, // U+0348
    { 8, 16, 128, 0, 14, 32, 2336 }, // U+0349
    { 8, 16, 128, 0, 14, 32, 2368 }, // U+034A
    { 8, 16, 128, 0, 14, 32, 2400 }, // U+034B
    { 8, 16, 128, 0, 14, 32, 2432 }, // U+034C
    { 8, 16, 128, 0, 14, 32, 2464 }, // U+034D
    { 8, 16, 128, 0, 14, 32, 2496 }, // U+034E
    { 16, 16, 256, 0, 14, 64, 2528 }, // U+034F
    { 8, 16, 128, 0, 14, 32, 2592 }, // U+0350
    { 8, 16, 128, 0, 14, 32, 2624 }, // U+0351
    { 8, 16, 128, 0, 14, 32, 2656 }, // U+0352
    { 8, 16, 128, 0, 14, 32, 2688 }, // U+0353
    { 8, 16, 128, 0, 14, 32, 2720 }, // U+0354
    { 8, 16, 128, 0, 14, 32, 2752 }, // U+0355
    { 8, 16, 128, 0, 14, 32, 2784 }, // U+0356
    { 8, 16, 128, 0, 14, 32, 2816 }, // U+0357
    { 8, 16, 128, 0, 14, 32, 2848 }, // U+0358
    { 8, 16, 128, 0, 14, 32, 2880 }, // U+0359
    { 8, 16, 128, 0, 14, 32, 2912 }, // U+035A
    { 8, 16, 128, 0, 14, 32, 2944 }, // U+035B
    { 16, 16, 256, 0, 14, 64, 2976 }, // U+035C
    { 16, 16, 256, 0, 14, 64, 3040 }, // U+035D
    { 16, 16, 256, 0, 14, 64, 3104 }, // U+035E
    { 16, 16, 256, 0, 14, 64, 3168 }, // U+035F
    { 16, 16, 256, 0, 14, 64, 3232 }, // U+0360
    { 16, 16, 256, 0, 14, 64, 3296 }, // U+0361
    { 16, 16, 256, 0, 14, 64, 3360 }, // U+0362
    { 8, 16, 128, 0, 14, 32, 3424 }, // U+0363
    { 8, 16, 128, 0, 14, 32, 3456 }, // U+0364
    { 8, 16, 128, 0, 14, 32, 3488 }, // U+0365
    { 8, 16, 128, 0, 14, 32, 3520 }, // U+0366
    { 8, 16, 128, 0, 14, 32, 3552 }, // U+0367
    { 8, 16, 128, 0, 14, 32, 3584 }, // U+0368
    { 8, 16, 128, 0, 14, 32, 3616 }, // U+0369
    { 8, 16, 128, 0, 14, 32, 3648 }, // U+036A
    { 8, 16, 128, 0, 14, 32, 3680 }, // U+036B
    { 8, 16, 128, 0, 14, 32, 3712 }, // U+036C
    { 8, 16, 128, 0, 14, 32, 3744 }, // U+036D
    { 8, 16, 128, 0, 14, 32, 3776 }, // U+036E
    { 8, 16, 128, 0, 14, 32, 3808 }, // U+036F
    { 8, 16, 128, 0, 14, 32, 0 }, // U+0400
    { 8, 16, 128, 0, 14, 32, 32 }, // U+0401
    { 8, 16, 128, 0, 14, 32, 64 }, // U+0402
    { 8, 16, 128, 0, 14, 32, 96 }, // U+0403
    { 8, 16, 128, 0, 14, 32, 128 }, // U+0404
    { 8, 16, 128, 0, 14, 32, 160 }, // U+0405
    { 8, 16, 128, 0, 14, 32, 192 }, // U+0406
    { 8, 16, 128, 0, 14, 32, 224 }, // U+0407
    { 8, 16, 128, 0, 14, 32, 256 }, // U+0408
    { 8, 16, 128, 0, 14, 32, 288 }, // U+0409
    { 8, 16, 128, 0, 14, 32, 320 }, // U+040A
    { 8, 16, 128, 0, 14, 32, 352 }, // U+040B
    { 8, 16, 128, 0, 14, 32, 384 }, // U+040C
    { 8, 16, 128, 0, 14, 32, 416 }, // U+040D
    { 8, 16, 128, 0, 14, 32, 448 }, // U+040E
    { 8, 16, 128, 0, 14, 32, 480 }, // U+040F
    { 8, 16, 128, 0, 14, 32, 512 }, // U+0410
    { 8, 16, 128, 0, 14, 32, 544 }, // U+0411
    { 8, 16, 128, 0, 14, 32, 576 }, // U+0412
    { 8, 16, 128, 0, 14, 32, 608 }, // U+0413
    { 8, 16, 128, 0, 14, 32, 640 }, // U+0414
    { 8, 16, 128, 0, 14, 32, 672 }, // U+0415
    { 8, 16, 128, 0, 14, 32, 704 }, // U+0416
    { 8, 16, 128, 0, 14, 32, 736 }, // U+0417
    { 8, 16, 128, 0, 14, 32, 768 }, // U+0418
    { 8, 16, 128, 0, 14, 32, 800 }, // U+0419
    { 8, 16, 128, 0, 14, 32, 832 }, // U+041A
    { 8, 16, 128, 0, 14, 32, 864 }, // U+041B
    { 8, 16, 128, 0, 14, 32, 896 }, // U+041C
    { 8, 16, 128, 0, 14, 32, 928 }, // U+041D
    { 8, 16, 128, 0, 14, 32, 960 }, // U+041E
    { 8, 16, 128, 0, 14, 32, 992 }, // U+041F
    { 8, 16, 128, 0, 14, 32, 1024 }, // U+0420
    { 8, 16, 128, 0, 14, 32, 1056 }, // U+0421
    { 8, 16, 128, 0, 14, 32, 1088 }, // U+0422
    { 8, 16, 128, 0, 14, 32, 1120 }, // U+0423
    { 8, 16, 128, 0, 14, 32, 1152 }, // U+0424
    { 8, 16, 128, 0, 14, 32, 1184 }, // U+0425
    { 8, 16, 128, 0, 14, 32, 1216 }, // U+0426
    { 8, 16, 128, 0, 14, 32, 1248 }, // U+0427
    { 8, 16, 128, 0, 14, 32, 1280 }, // U+0428
    { 8, 16, 128, 0, 14, 32, 1312 }, // U+0429
    { 8, 16, 128, 0, 14, 32, 1344 }, // U+042A
    { 8, 16, 128, 0, 14, 32, 1376 }, // U+042B
    { 8, 16, 128, 0, 14, 32, 1408 }, // U+042C
    { 8, 16, 128, 0, 14, 32, 1440 }, // U+042D
    { 8, 16, 128, 0, 14, 32, 1472 }, // U+042E
    { 8, 16, 128, 0, 14, 32, 1504 }, // U+042F
    { 8, 16, 128, 0, 14, 32, 1536 }, // U+0430
    { 8, 16, 128, 0, 14, 32, 1568 }, // U+0431
    { 8, 16, 128, 0, 14, 32, 1600 }, // U+0432
    { 8, 16, 128, 0, 14, 32, 1632 }, // U+0433
    { 8, 16, 128, 0, 14, 32, 1664 }, // U+0434
    { 8, 16, 128, 0, 14, 32, 1696 }, // U+0435
    { 8, 16, 128, 0, 14, 32, 1728 }, // U+0436
    { 8, 16, 128, 0, 14, 32, 1760 }, // U+0437
    { 8, 16, 128, 0, 14, 32, 1792 }, // U+0438
    { 8, 16, 128, 0, 14, 32, 1824 }, // U+0439
    { 8, 16, 128, 0, 14, 32, 1856 }, // U+043A
    { 8, 16, 128, 0, 14, 32, 1888 }, // U+043B
    { 8, 16, 128, 0, 14, 32, 1920 }, // U+043C
    { 8, 16, 128, 0, 14, 32, 1952 }, // U+043D
    { 8, 16, 128, 0, 14, 32, 1984 }, // U+043E
    { 8, 16, 128, 0, 14, 32, 2016 }, // U+043F
    { 8, 16, 128, 0, 14, 32, 2048 }, // U+0440
    { 8, 16, 128, 0, 14, 32, 2080 }, // U+0441
    { 8, 16, 128, 0, 14, 32, 2112 }, // U+0442
    { 8, 16, 128, 0, 14, 32, 2144 }, // U+0443
    { 8, 16, 128, 0, 14, 32, 2176 }, // U+0444
    { 8, 16, 128, 0, 14, 32, 2208 }, // U+0445
    { 8, 16, 128, 0, 14, 32, 2240 }, // U+0446
    { 8, 16, 128, 0, 14, 32, 2272 }, // U+0447
    { 8, 16, 128, 0, 14, 32, 2304 }, // U+0448
    { 8, 16, 128, 0, 14, 32, 2336 }, // U+0449
    { 8, 16, 128, 0, 14, 32, 2368 }, // U+044A
    { 8, 16, 128, 0, 14, 32, 2400 }, // U+044B
    { 8, 16, 128, 0, 14, 32, 2432 }, // U+044C
    { 8, 16, 128, 0, 14, 32, 2464 }, // U+044D
    { 8, 16, 128, 0, 14, 32, 2496 }, // U+044E
    { 8, 16, 128, 0, 14, 32, 2528 }, // U+044F
    { 8, 16, 128, 0, 14, 32, 2560 }, // U+0450
    { 8, 16, 128, 0, 14, 32, 2592 }, // U+0451
    { 8, 16, 128, 0, 14, 32, 2624 }, // U+0452
    { 8, 16, 128, 0, 14, 32, 2656 }, // U+0453
    { 8, 16, 128, 0, 14, 32, 2688 }, // U+0454
    { 8, 16, 128, 0, 14, 32, 2720 }, // U+0455
    { 8, 16, 128, 0, 14, 32, 2752 }, // U+0456
    { 8, 16, 128, 0, 14, 32, 2784 }, // U+0457
    { 8, 16, 128, 0, 14, 32, 2816 }, // U+0458
    { 8, 16, 128, 0, 14, 32, 2848 }, // U+0459
    { 8, 16, 128, 0, 14, 32, 2880 }, // U+045A
    { 8, 16, 128, 0, 14, 32, 2912 }, // U+045B
    { 8, 16, 128, 0, 14, 32, 2944 }, // U+045C
    { 8, 16, 128, 0, 14, 32, 2976 }, // U+045D
    { 8, 16, 128, 0, 14, 32, 3008 }, // U+045E
    { 8, 16, 128, 0, 14, 32, 3040 }, // U+045F
    { 8, 16, 128, 0, 14, 32, 3072 }, // U+0460
    { 8, 16, 128, 0, 14, 32, 3104 }, // U+0461
    { 8, 16, 128, 0, 14, 32, 3136 }, // U+0462
    { 8, 16, 128, 0, 14, 32, 3168 }, // U+0463
    { 8, 16, 128, 0, 14, 32, 3200 }, // U+0464
    { 8, 16, 128, 0, 14, 32, 3232 }, // U+0465
    { 8, 16, 128, 0, 14, 32, 3264 }, // U+0466
    { 8, 16, 128, 0, 14, 32, 3296 }, // U+0467
    { 8, 16, 128, 0, 14, 32, 3328 }, // U+0468
    { 8, 16, 128, 0, 14, 32, 3360 }, // U+0469
    { 8, 16, 128, 0, 14, 32, 3392 }, // U+046A
    { 8, 16, 128, 0, 14, 32, 3424 }, // U+046B
    { 8, 16, 128, 0, 14, 32, 3456 }, // U+046C
    { 8, 16, 128, 0, 14, 32, 3488 }, // U+046D
    { 8, 16, 128, 0, 14, 32, 3520 }, // U+046E
    { 8, 16, 128, 0, 14, 32, 3552 }, // U+046F
    { 8, 16, 128, 0, 14, 32, 3584 }, // U+0470
    { 8, 16, 128, 0, 14, 32, 3616 }, // U+0471
    { 8, 16, 128, 0, 14, 32, 3648 }, // U+0472
    { 8, 16, 128, 0, 14, 32, 3680 }, // U+0473
    { 8, 16, 128, 0, 14, 32, 3712 }, // U+0474
    { 8, 16, 128, 0, 14, 32, 3744 }, // U+0475
    { 8, 16, 128, 0, 14, 32, 3776 }, // U+0476
    { 8, 16, 128, 0, 14, 32, 3808 }, // U+0477
    { 8, 16, 128, 0, 14, 32, 3840 }, // U+0478
    { 8, 16, 128, 0, 14, 32, 3872 }, // U+0479
    { 8, 16, 128, 0, 14, 32, 3904 }, // U+047A
    { 8, 16, 128, 0, 14, 32, 3936 }, // U+047B
    { 8, 16, 128, 0, 14, 32, 3968 }, // U+047C
    { 8, 16, 128, 0, 14, 32, 4000 }, // U+047D
    { 8, 16, 128, 0, 14, 32, 4032 }, // U+047E
    { 8, 16, 128, 0, 14, 32, 4064 }, // U+047F
    { 8, 16, 128, 0, 14, 32, 4096 }, // U+0480
    { 8, 16, 128, 0, 14, 32, 4128 }, // U+0481
    { 8, 16, 128, 0, 14, 32, 4160 }, // U+0482
    { 8, 16, 128, 0, 14, 32, 4192 }, // U+0483
    { 8, 16, 128, 0, 14, 32, 4224 }, // U+0484
    { 8, 16, 128, 0, 14, 32, 4256 }, // U+0485
    { 8, 16, 128, 0, 14, 32, 4288 }, // U+0486
    { 8, 16, 128, 0, 14, 32, 4320 }, // U+0487
    { 16, 16, 256, 0, 14, 64, 4352 }, // U+0488
    { 16, 16, 256, 0, 14, 64, 4416 }, // U+0489
    { 8, 16, 128, 0, 14, 32, 4480 }, // U+048A
    { 8, 16, 128, 0, 14, 32, 4512 }, // U+048B
    { 8, 16, 128, 0, 14, 32, 4544 }, // U+048C
    { 8, 16, 128, 0, 14, 32, 4576 }, // U+048D
    { 8, 16, 128, 0, 14, 32, 4608 }, // U+048E
    { 8, 16, 128, 0, 14, 32, 4640 }, // U+048F
    { 8, 16, 128, 0, 14, 32, 4672 }, // U+0490
    { 8, 16, 128, 0, 14, 32, 4704 }, // U+0491
    { 8, 16, 128, 0, 14, 32, 4736 }, // U+0492
    { 8, 16, 128, 0, 14, 32, 4768 }, // U+0493
    { 8, 16, 128, 0, 14, 32, 4800 }, // U+0494
    { 8, 16, 128, 0, 14, 32, 4832 }, // U+0495
    { 8, 16, 128, 0, 14, 32, 4864 }, // U+0496
    { 8, 16, 128, 0, 14, 32, 4896 }, // U+0497
    { 8, 16, 128, 0, 14, 32, 4928 }, // U+0498
    { 8, 16, 128, 0, 14, 32, 4960 }, // U+0499
    { 8, 16, 128, 0, 14, 32, 4992 }, // U+049A
    { 8, 16, 128, 0, 14, 32, 5024 }, // U+049B
    { 8, 16, 128, 0, 14, 32, 5056 }, // U+049C
    { 8, 16, 128, 0, 14, 32, 5088 }, // U+049D
    { 8, 16, 128, 0, 14, 32, 5120 }, // U+049E
    { 8, 16, 128, 0, 14, 32, 5152 }, // U+049F
    { 8, 16, 128, 0, 14, 32, 5184 }, // U+04A0
    { 8, 16, 128, 0, 14, 32, 5216 }, // U+04A1
    { 8, 16, 128, 0, 14, 32, 5248 }, // U+04A2
    { 8, 16, 128, 0, 14, 32, 5280 }, // U+04A3
    { 8, 16, 128, 0, 14, 32, 5312 }, // U+04A4
    { 8, 16, 128, 0, 14, 32, 5344 }, // U+04A5
    { 8, 16, 128, 0, 14, 32, 5376 }, // U+04A6
    { 8, 16, 128, 0, 14, 32, 5408 }, // U+04A7
    { 8, 16, 128, 0, 14, 32, 5440 }, // U+04A8
    { 8, 16, 128, 0, 14, 32, 5472 }, // U+04A9
    { 8, 16, 128, 0, 14, 32, 5504 }, // U+04AA
    { 8, 16, 128, 0, 14, 32, 5536 }, // U+04AB
    { 8, 16, 128, 0, 14, 32, 5568 }, // U+04AC
    { 8, 16, 128, 0, 14, 32, 5600 }, // U+04AD
    { 8, 16, 128, 0, 14, 32, 5632 }, // U+04AE
    { 8, 16, 128, 0, 14, 32, 5664 }, // U+04AF
    { 8, 16, 128, 0, 14, 32, 5696 }, // U+04B0
    { 8, 16, 128, 0, 14, 32, 5728 }, // U+04B1
    { 8, 16, 128, 0, 14, 32, 5760 }, // U+04B2
    { 8, 16, 128, 0, 14, 32, 5792 }, // U+04B3
    { 8, 16, 128, 0, 14, 32, 5824 }, // U+04B4
    { 8, 16, 128, 0, 14, 32, 5856 }, // U+04B5
    { 8, 16, 128, 0, 14, 32, 5888 }, // U+04B6
    { 8, 16, 128, 0, 14, 32, 5920 }, // U+04B7
    { 8, 16, 128, 0, 14, 32, 5952 }, // U+04B8
    { 8, 16, 128, 0, 14, 32, 5984 }, // U+04B9
    { 8, 16, 128, 0, 14, 32, 6016 }, // U+04BA
    { 8, 16, 128, 0, 14, 32, 6048 }, // U+04BB
    { 8, 16, 128, 0, 14, 32, 6080 }, // U+04BC
    { 8, 16, 128, 0, 14, 32, 6112 }, // U+04BD
    { 8, 16, 128, 0, 14, 32, 6144 }, // U+04BE
    { 8, 16, 128, 0, 14, 32, 6176 }, // U+04BF
    { 8, 16, 128, 0, 14, 32, 6208 }, // U+04C0
    { 8, 16, 128, 0, 14, 32, 6240 }, // U+04C1
    { 8, 16, 128, 0, 14, 32, 6272 }, // U+04C2
    { 8, 16, 128, 0, 14, 32, 6304 }, // U+04C3
    { 8, 16, 128, 0, 14, 32, 6336 }, // U+04C4
    { 8, 16, 128, 0, 14, 32, 6368 }, // U+04C5
    { 8, 16, 128, 0, 14, 32, 6400 }, // U+04C6
    { 8, 16, 128, 0, 14, 32, 6432 }, // U+04C7
    { 8, 16, 128, 0, 14, 32, 6464 }, // U+04C8
    { 8, 16, 128, 0, 14, 32, 6496 }, // U+04C9
    { 8, 16, 128, 0, 14, 32, 6528 }, // U+04CA
    { 8, 16, 128, 0, 14, 32, 6560 }, // U+04CB
    { 8, 16, 128, 0, 14, 32, 6592 }, // U+04CC
    { 8, 16, 128, 0, 14, 32, 6624 }, // U+04CD
    { 8, 16, 128, 0, 14, 32, 6656 }, // U+04CE
    { 8, 16, 128, 0, 14, 32, 6688 }, // U+04CF
    { 8, 16, 128, 0, 14, 32, 6720 }, // U+04D0
    { 8, 16, 128, 0, 14, 32, 6752 }, // U+04D1
    { 8, 16, 128, 0, 14, 32, 6784 }, // U+04D2
    { 8, 16, 128, 0, 14, 32, 6816 }, // U+04D3
    { 8, 16, 128, 0, 14, 32, 6848 }, // U+04D4
    { 8, 16, 128, 0, 14, 32, 6880 }, // U+04D5
    { 8, 16, 128, 0, 14, 32, 6912 }, // U+04D6
    { 8, 16, 128, 0, 14, 32, 6944 }, // U+04D7
    { 8, 16, 128, 0, 14, 32, 6976 }, // U+04D8
    { 8, 16, 128, 0, 14, 32, 7008 }, // U+04D9
    { 8, 16, 128, 0, 14, 32, 7040 }, // U+04DA
    { 8, 16, 128, 0, 14, 32, 7072 }, // U+04DB
    { 8, 16, 128, 0, 14, 32, 7104 }, // U+04DC
    { 8, 16, 128, 0, 14, 32, 7136 }, // U+04DD
    { 8, 16, 128, 0, 14, 32, 7168 }, // U+04DE
    { 8, 16, 128, 0, 14, 32, 7200 }, // U+04DF
    { 8, 16, 128, 0, 14, 32, 7232 }, // U+04E0
    { 8, 16, 128, 0, 14, 32, 7264 }, // U+04E1
    { 8, 16, 128, 0, 14, 32, 7296 }, // U+04E2
    { 8, 16, 128, 0, 14, 32, 7328 }, // U+04E3
    { 8, 16, 128, 0, 14, 32, 7360 }, // U+04E4
    { 8, 16, 128, 0, 14, 32, 7392 }, // U+04E5
    { 8, 16, 128, 0, 14, 32, 7424 }, // U+04E6
    { 8, 16, 128, 0, 14, 32, 7456 }, // U+04E7
    { 8, 16, 128, 0, 14, 32, 7488 }, // U+04E8
    { 8, 16, 128, 0, 14, 32, 7520 }, // U+04E9
    { 8, 16, 128, 0, 14, 32, 7552 }, // U+04EA
    { 8, 16, 128, 0, 14, 32, 7584 }, // U+04EB
    { 8, 16, 128, 0, 14, 32, 7616 }, // U+04EC
    { 8, 16, 128, 0, 14, 32, 7648 }, // U+04ED
    { 8, 16, 128, 0, 14, 32, 7680 }, // U+04EE
    { 8, 16, 128, 0, 14, 32, 7712 }, // U+04EF
    { 8, 16, 128, 0, 14, 32, 7744 }, // U+04F0
    { 8, 16, 128, 0, 14, 32, 7776 }, // U+04F1
    { 8, 16, 128, 0, 14, 32, 7808 }, // U+04F2
    { 8, 16, 128, 0, 14, 32, 7840 }, // U+04F3
    { 8, 16, 128, 0, 14, 32, 7872 }, // U+04F4
    { 8, 16, 128, 0, 14, 32, 7904 }, // U+04F5
    { 8, 16, 128, 0, 14, 32, 7936 }, // U+04F6
    { 8, 16, 128, 0, 14, 32, 7968 }, // U+04F7
    { 8, 16, 128, 0, 14, 32, 8000 }, // U+04F8
    { 8, 16, 128, 0, 14, 32, 8032 }, // U+04F9
    { 8, 16, 128, 0, 14, 32, 8064 }, // U+04FA
    { 8, 16, 128, 0, 14, 32, 8096 }, // U+04FB
    { 8, 16, 128, 0, 14, 32, 8128 }, // U+04FC
    { 8, 16, 128, 0, 14, 32, 8160 }, // U+04FD
    { 8, 16, 128, 0, 14, 32, 8192 }, // U+04FE
    { 8, 16, 128, 0, 14, 32, 8224 }, // U+04FF
    { 16, 22, 304, 2, 19, 88, 0 }, // U+1E0C
    { 12, 22, 240, 1, 19, 66, 88 }, // U+1E0D
    { 15, 22, 304, 2, 19, 83, 154 }, // U+1E24
    { 11, 22, 240, 2, 19, 61, 237 }, // U+1E25
    { 12, 22, 240, 2, 19, 66, 298 }, // U+1E36
    { 3, 22, 112, 2, 19, 17, 364 }, // U+1E37
    { 12, 25, 240, 2, 22, 75, 381 }, // U+1E38
    { 7, 25, 112, 0, 22, 44, 456 }, // U+1E39
    { 12, 22, 240, 2, 19, 66, 500 }, // U+1E3A
    { 7, 22, 112, 0, 19, 39, 566 }, // U+1E3B
    { 19, 22, 368, 2, 22, 105, 605 }, // U+1E40
    { 17, 17, 336, 2, 17, 73, 710 }, // U+1E41
    { 19, 22, 368, 2, 19, 105, 783 }, // U+1E42
    { 17, 17, 336, 2, 14, 73, 888 }, // U+1E43
    { 15, 22, 304, 2, 22, 83, 961 }, // U+1E44
    { 11, 17, 240, 2, 17, 47, 1044 }, // U+1E45
    { 15, 22, 304, 2, 19, 83, 1091 }, // U+1E46
    { 11, 17, 240, 2, 14, 47, 1174 }, // U+1E47
    { 15, 22, 304, 2, 19, 83, 1221 }, // U+1E48
    { 11, 17, 240, 2, 14, 47, 1304 }, // U+1E49
    { 14, 22, 272, 2, 19, 77, 1351 }, // U+1E5A
    { 7, 17, 160, 2, 14, 30, 1428 }, // U+1E5B
    { 14, 25, 272, 2, 22, 88, 1458 }, // U+1E5C
    { 7, 20, 160, 2, 17, 35, 1546 }, // U+1E5D
    { 14, 22, 272, 2, 19, 77, 1581 }, // U+1E5E
    { 8, 17, 160, 1, 14, 34, 1658 }, // U+1E5F
    { 14, 22, 272, 2, 19, 77, 1692 }, // U+1E62
    { 11, 17, 208, 1, 14, 47, 1769 }, // U+1E63
    { 15, 22, 240, 0, 19, 83, 1816 }, // U+1E6C
    { 7, 21, 144, 1, 18, 37, 1899 }, // U+1E6D
    { 16, 22, 288, 1, 19, 88, 0 }, // U+1EA0
    { 12, 17, 224, 1, 14, 51, 88 }, // U+1EA1
    { 8, 16, 128, 0, 14, 32, 139 }, // U+1EA2
    { 8, 16, 128, 0, 14, 32, 171 }, // U+1EA3
    { 16, 29, 288, 1, 29, 116, 203 }, // U+1EA4
    { 12, 24, 224, 1, 24, 72, 319 }, // U+1EA5
    { 16, 29, 288, 1, 29, 116, 391 }, // U+1EA6
    { 12, 24, 224, 1, 24, 72, 507 }, // U+1EA7
    { 8, 16, 128, 0, 14, 32, 579 }, // U+1EA8
    { 8, 16, 128, 0, 14, 32, 611 }, // U+1EA9
    { 16, 28, 288, 1, 28, 112, 643 }, // U+1EAA
    { 12, 23, 224, 1, 23, 69, 755 }, // U+1EAB
    { 16, 27, 288, 1, 24, 108, 824 }, // U+1EAC
    { 12, 22, 224, 1, 19, 66, 932 }, // U+1EAD
    { 16, 29, 288, 1, 29, 116, 998 }, // U+1EAE
    { 12, 24, 224, 1, 24, 72, 1114 }, // U+1EAF
    { 16, 29, 288, 1, 29, 116, 1186 }, // U+1EB0
    { 12, 24, 224, 1, 24, 72, 1302 }, // U+1EB1
    { 8, 16, 128, 0, 14, 32, 1374 }, // U+1EB2
    { 8, 16, 128, 0, 14, 32, 1406 }, // U+1EB3
    { 16, 28, 288, 1, 28, 112, 1438 }, // U+1EB4
    { 12, 23, 224, 1, 23, 69, 1550 }, // U+1EB5
    { 16, 27, 288, 1, 24, 108, 1619 }, // U+1EB6
    { 12, 22, 224, 1, 19, 66, 1727 }, // U+1EB7
    { 13, 22, 256, 2, 19, 72, 1793 }, // U+1EB8
    { 12, 17, 224, 1, 14, 51, 1865 }, // U+1EB9
    { 8, 16, 128, 0, 14, 32, 1916 }, // U+1EBA
    { 8, 16, 128, 0, 14, 32, 1948 }, // U+1EBB
    { 13, 23, 256, 2, 23, 75, 1980 }, // U+1EBC
    { 12, 18, 224, 1, 18, 54, 2055 }, // U+1EBD
    { 13, 29, 256, 2, 29, 95, 2109 }, // U+1EBE
    { 12, 24, 224, 1, 24, 72, 2204 }, // U+1EBF
    { 13, 29, 256, 2, 29, 95, 2276 }, // U+1EC0
    { 12, 24, 224, 1, 24, 72, 2371 }, // U+1EC1
    { 8, 16, 128, 0, 14, 32, 2443 }, // U+1EC2
    { 8, 16, 128, 0, 14, 32, 2475 }, // U+1EC3
    { 13, 28, 256, 2, 28, 91, 2507 }, // U+1EC4
    { 12, 23, 224, 1, 23, 69, 2598 }, // U+1EC5
    { 13, 27, 256, 2, 24, 88, 2667 }, // U+1EC6
    { 12, 22, 224, 1, 19, 66, 2755 }, // U+1EC7
    { 8, 16, 128, 0, 14, 32, 2821 }, // U+1EC8
    { 8, 16, 128, 0, 14, 32, 2853 }, // U+1EC9
    { 3, 22, 112, 2, 19, 17, 2885 }, // U+1ECA
    { 3, 22, 112, 2, 19, 17, 2902 }, // U+1ECB
    { 17, 22, 304, 1, 19, 94, 2919 }, // U+1ECC
    { 12, 17, 224, 1, 14, 51, 3013 }, // U+1ECD
    { 8, 16, 128, 0, 14, 32, 3064 }, // U+1ECE
    { 8, 16, 128, 0, 14, 32, 3096 }, // U+1ECF
    { 17, 29, 304, 1, 29, 124, 3128 }, // U+1ED0
    { 12, 24, 224, 1, 24, 72, 3252 }, // U+1ED1
    { 17, 29, 304, 1, 29, 124, 3324 }, // U+1ED2
    { 12, 24, 224, 1, 24, 72, 3448 }, // U+1ED3
    { 8, 16, 128, 0, 14, 32, 3520 }, // U+1ED4
    { 8, 16, 128, 0, 14, 32, 3552 }, // U+1ED5
    { 17, 28, 304, 1, 28, 119, 3584 }, // U+1ED6
    { 12, 23, 224, 1, 23, 69, 3703 }, // U+1ED7
    { 17, 27, 304, 1, 24, 115, 3772 }, // U+1ED8
    { 12, 22, 224, 1, 19, 66, 3887 }, // U+1ED9
    { 18, 24, 304, 1, 24, 108, 3953 }, // U+1EDA
    { 14, 19, 224, 1, 19, 67, 4061 }, // U+1EDB
    { 18, 24, 304, 1, 24, 108, 4128 }, // U+1EDC
    { 14, 19, 224, 1, 19, 67, 4236 }, // U+1EDD
    { 8, 16, 128, 0, 14, 32, 4303 }, // U+1EDE
    { 8, 16, 128, 0, 14, 32, 4335 }, // U+1EDF
    { 18, 23, 304, 1, 23, 104, 4367 }, // U+1EE0
    { 14, 18, 224, 1, 18, 63, 4471 }, // U+1EE1
    { 18, 22, 304, 1, 19, 99, 4534 }, // U+1EE2
    { 14, 17, 224, 1, 14, 60, 4633 }, // U+1EE3
    { 15, 22, 304, 2, 19, 83, 4693 }, // U+1EE4
    { 11, 17, 240, 2, 14, 47, 4776 }, // U+1EE5
    { 8, 16, 128, 0, 14, 32, 4823 }, // U+1EE6
    { 8, 16, 128, 0, 14, 32, 4855 }, // U+1EE7
    { 17, 24, 304, 2, 24, 102, 4887 }, // U+1EE8
    { 13, 19, 240, 2, 19, 62, 4989 }, // U+1EE9
    { 17, 24, 304, 2, 24, 102, 5051 }, // U+1EEA
    { 13, 19, 240, 2, 19, 62, 5153 }, // U+1EEB
    { 8, 16, 128, 0, 14, 32, 5215 }, // U+1EEC
    { 8, 16, 128, 0, 14, 32, 5247 }, // U+1EED
    { 17, 23, 304, 2, 23, 98, 5279 }, // U+1EEE
    { 13, 18, 240, 2, 18, 59, 5377 }, // U+1EEF
    { 17, 22, 304, 2, 19, 94, 5436 }, // U+1EF0
    { 13, 17, 240, 2, 14, 56, 5530 }, // U+1EF1
    { 15, 24, 272, 1, 24, 90, 5586 }, // U+1EF2
    { 13, 24, 240, 1, 19, 78, 5676 }, // U+1EF3
    { 15, 22, 272, 1, 19, 83, 5754 }, // U+1EF4
    { 13, 22, 240, 1, 14, 72, 5837 }, // U+1EF5
    { 8, 16, 128, 0, 14, 32, 5909 }, // U+1EF6
    { 8, 16, 128, 0, 14, 32, 5941 }, // U+1EF7
    { 15, 23, 272, 1, 23, 87, 5973 }, // U+1EF8
    { 13, 23, 240, 1, 18, 75, 6060 }, // U+1EF9
    { 1, 1, 208, 0, 1, 1, 0 }, // U+2000
    { 1, 1, 400, 0, 1, 1, 1 }, // U+2001
    { 1, 1, 208, 0, 1, 1, 2 }, // U+2002
    { 1, 1, 400, 0, 1, 1, 3 }, // U+2003
    { 1, 1, 128, 0, 1, 1, 4 }, // U+2004
    { 1, 1, 96, 0, 1, 1, 5 }, // U+2005
    { 1, 1, 64, 0, 1, 1, 6 }, // U+2006
    { 1, 1, 208, 0, 1, 1, 7 }, // U+2007
    { 1, 1, 112, 0, 1, 1, 8 }, // U+2008
    { 1, 1, 80, 0, 1, 1, 9 }, // U+2009
    { 1, 1, 48, 0, 1, 1, 10 }, // U+200A
    { 1, 1, 0, 0, 1, 1, 11 }, // U+200B
    { 16, 16, 256, 0, 14, 64, 12 }, // U+200C
    { 16, 16, 256, 0, 14, 64, 76 }, // U+200D
    { 16, 16, 256, 0, 14, 64, 140 }, // U+200E
    { 16, 16, 256, 0, 14, 64, 204 }, // U+200F
    { 7, 3, 128, 0, 9, 6, 268 }, // U+2010
    { 7, 3, 128, 0, 9, 6, 274 }, // U+2011
    { 14, 2, 224, 0, 8, 7, 280 }, // U+2012
    { 14, 2, 224, 0, 8, 7, 287 }, // U+2013
    { 25, 2, 400, 0, 8, 13, 294 }, // U+2014
    { 25, 2, 400, 0, 8, 13, 307 }, // U+2015
    { 8, 16, 128, 0, 14, 32, 320 }, // U+2016
    { 8, 16, 128, 0, 14, 32, 352 }, // U+2017
    { 3, 6, 112, 2, 19, 5, 384 }, // U+2018
    { 3, 6, 112, 2, 19, 5, 389 }, // U+2019
    { 4, 6, 112, 1, 3, 6, 394 }, // U+201A
    { 3, 6, 112, 2, 19, 5, 400 }, // U+201B
    { 8, 6, 192, 2, 19, 12, 405 }, // U+201C
    { 8, 6, 192, 2, 19, 12, 417 }, // U+201D
    { 9, 6, 192, 1, 3, 14, 429 }, // U+201E
    { 8, 6, 192, 2, 19, 12, 443 }, // U+201F
    { 13, 24, 224, 0, 19, 78, 455 }, // U+2020
    { 13, 24, 224, 0, 19, 78, 533 }, // U+2021
    { 5, 5, 144, 2, 10, 7, 611 }, // U+2022
    { 8, 16, 128, 0, 14, 32, 618 }, // U+2023
    { 8, 16, 128, 0, 14, 32, 650 }, // U+2024
    { 8, 16, 128, 0, 14, 32, 682 }, // U+2025
    { 19, 3, 400, 3, 3, 15, 714 }, // U+2026
    { 8, 16, 128, 0, 14, 32, 729 }, // U+2027
    { 16, 16, 256, 0, 14, 64, 761 }, // U+2028
    { 16, 16, 256, 0, 14, 64, 825 }, // U+2029
    { 16, 16, 256, 0, 14, 64, 889 }, // U+202A
    { 16, 16, 256, 0, 14, 64, 953 }, // U+202B
    { 16, 16, 256, 0, 14, 64, 1017 }, // U+202C
    { 16, 16, 256, 0, 14, 64, 1081 }, // U+202D
    { 16, 16, 256, 0, 14, 64, 1145 }, // U+202E
    { 8, 16, 128, 0, 14, 32, 1209 }, // U+202F
    { 24, 18, 400, 0, 18, 108, 1241 }, // U+2030
    { 8, 16, 128, 0, 14, 32, 1349 }, // U+2031
    { 8, 16, 128, 0, 14, 32, 1381 }, // U+2032
    { 8, 16, 128, 0, 14, 32, 1413 }, // U+2033
    { 8, 16, 128, 0, 14, 32, 1445 }, // U+2034
    { 8, 16, 128, 0, 14, 32, 1477 }, // U+2035
    { 8, 16, 128, 0, 14, 32, 1509 }, // U+2036
    { 8, 16, 128, 0, 14, 32, 1541 }, // U+2037
    { 8, 16, 128, 0, 14, 32, 1573 }, // U+2038
    { 6, 8, 128, 1, 11, 12, 1605 }, // U+2039
    { 6, 8, 128, 1, 11, 12, 1617 }, // U+203A
    { 8, 16, 128, 0, 14, 32, 1629 }, // U+203B
    { 8, 16, 128, 0, 14, 32, 1661 }, // U+203C
    { 8, 16, 128, 0, 14, 32, 1693 }, // U+203D
    { 8, 16, 128, 0, 14, 32, 1725 }, // U+203E
    { 8, 16, 128, 0, 14, 32, 1757 }, // U+203F
    { 8, 16, 128, 0, 14, 32, 1789 }, // U+2040
    { 8, 16, 128, 0, 14, 32, 1821 }, // U+2041
    { 8, 16, 128, 0, 14, 32, 1853 }, // U+2042
    { 8, 16, 128, 0, 14, 32, 1885 }, // U+2043
    { 10, 18, 128, -1, 18, 45, 1917 }, // U+2044
    { 8, 16, 128, 0, 14, 32, 1962 }, // U+2045
    { 8, 16, 128, 0, 14, 32, 1994 }, // U+2046
    { 8, 16, 128, 0, 14, 32, 2026 }, // U+2047
    { 8, 16, 128, 0, 14, 32, 2058 }, // U+2048
    { 8, 16, 128, 0, 14, 32, 2090 }, // U+2049
    { 8, 16, 128, 0, 14, 32, 2122 }, // U+204A
    { 8, 16, 128, 0, 14, 32, 2154 }, // U+204B
    { 8, 16, 128, 0, 14, 32, 2186 }, // U+204C
    { 8, 16, 128, 0, 14, 32, 2218 }, // U+204D
    { 8, 16, 128, 0, 14, 32, 2250 }, // U+204E
    { 8, 16, 128, 0, 14, 32, 2282 }, // U+204F
    { 8, 16, 128, 0, 14, 32, 2314 }, // U+2050
    { 8, 16, 128, 0, 14, 32, 2346 }, // U+2051
    { 8, 16, 128, 0, 14, 32, 2378 }, // U+2052
    { 8, 16, 128, 0, 14, 32, 2410 }, // U+2053
    { 8, 16, 128, 0, 14, 32, 2442 }, // U+2054
    { 8, 16, 128, 0, 14, 32, 2474 }, // U+2055
    { 8, 16, 128, 0, 14, 32, 2506 }, // U+2056
    { 16, 16, 256, 0, 14, 64, 2538 }, // U+2057
    { 8, 16, 128, 0, 14, 32, 2602 }, // U+2058
    { 8, 16, 128, 0, 14, 32, 2634 }, // U+2059
    { 8, 16, 128, 0, 14, 32, 2666 }, // U+205A
    { 8, 16, 128, 0, 14, 32, 2698 }, // U+205B
    { 8, 16, 128, 0, 14, 32, 2730 }, // U+205C
    { 8, 16, 128, 0, 14, 32, 2762 }, // U+205D
    { 8, 16, 128, 0, 14, 32, 2794 }, // U+205E
    { 8, 16, 128, 0, 14, 32, 2826 }, // U+205F
    { 16, 16, 256, 0, 14, 64, 2858 }, // U+2060
    { 16, 16, 256, 0, 14, 64, 2922 }, // U+2061
    { 16, 16, 256, 0, 14, 64, 2986 }, // U+2062
    { 16, 16, 256, 0, 14, 64, 3050 }, // U+2063
    { 16, 16, 256, 0, 14, 64, 3114 }, // U+2064
    { 16, 16, 256, 0, 14, 64, 3178 }, // U+2065
    { 16, 16, 256, 0, 14, 64, 3242 }, // U+2066
    { 16, 16, 256, 0, 14, 64, 3306 }, // U+2067
    { 16, 16, 256, 0, 14, 64, 3370 }, // U+2068
    { 16, 16, 256, 0, 14, 64, 3434 }, // U+2069
    { 16, 16, 256, 0, 14, 64, 3498 }, // U+206A
    { 16, 16, 256, 0, 14, 64, 3562 }, // U+206B
    { 16, 16, 256, 0, 14, 64, 3626 }, // U+206C
    { 16, 16, 256, 0, 14, 64, 3690 }, // U+206D
    { 16, 16, 256, 0, 14, 64, 3754 }, // U+206E
    { 16, 16, 256, 0, 14, 64, 3818 }, // U+206F
    { 8, 16, 128, 0, 14, 32, 0 }, // U+2070
    { 8, 16, 128, 0, 14, 32, 32 }, // U+2071
    { 16, 16, 256, 0, 14, 64, 64 }, // U+2072
    { 16, 16, 256, 0, 14, 64, 128 }, // U+2073
    { 8, 16, 128, 0, 14, 32, 192 }, // U+2074
    { 8, 16, 128, 0, 14, 32, 224 }, // U+2075
    { 8, 16, 128, 0, 14, 32, 256 }, // U+2076
    { 8, 16, 128, 0, 14, 32, 288 }, // U+2077
    { 8, 16, 128, 0, 14, 32, 320 }, // U+2078
    { 8, 16, 128, 0, 14, 32, 352 }, // U+2079
    { 8, 16, 128, 0, 14, 32, 384 }, // U+207A
    { 8, 16, 128, 0, 14, 32, 416 }, // U+207B
    { 8, 16, 128, 0, 14, 32, 448 }, // U+207C
    { 8, 16, 128, 0, 14, 32, 480 }, // U+207D
    { 8, 16, 128, 0, 14, 32, 512 }, // U+207E
    { 8, 16, 128, 0, 14, 32, 544 }, // U+207F
    { 8, 16, 128, 0, 14, 32, 576 }, // U+2080
    { 4, 10, 112, 1, 5, 10, 608 }, // U+2081
    { 6, 10, 112, 0, 5, 15, 618 }, // U+2082
    { 6, 10, 112, 0, 5, 15, 633 }, // U+2083
    { 8, 16, 128, 0, 14, 32, 648 }, // U+2084
    { 8, 16, 128, 0, 14, 32, 680 }, // U+2085
    { 8, 16, 128, 0, 14, 32, 712 }, // U+2086
    { 8, 16, 128, 0, 14, 32, 744 }, // U+2087
    { 8, 16, 128, 0, 14, 32, 776 }, // U+2088
    { 8, 16, 128, 0, 14, 32, 808 }, // U+2089
    { 8, 16, 128, 0, 14, 32, 840 }, // U+208A
    { 8, 16, 128, 0, 14, 32, 872 }, // U+208B
    { 8, 16, 128, 0, 14, 32, 904 }, // U+208C
    { 8, 16, 128, 0, 14, 32, 936 }, // U+208D
    { 8, 16, 128, 0, 14, 32, 968 }, // U+208E
    { 8, 16, 128, 0, 14, 32, 1000 }, // U+208F
    { 8, 16, 128, 0, 14, 32, 1032 }, // U+2090
    { 8, 16, 128, 0, 14, 32, 1064 }, // U+2091
    { 8, 16, 128, 0, 14, 32, 1096 }, // U+2092
    { 8, 16, 128, 0, 14, 32, 1128 }, // U+2093
    { 8, 16, 128, 0, 14, 32, 1160 }, // U+2094
    { 8, 16, 128, 0, 14, 32, 1192 }, // U+2095
    { 8, 16, 128, 0, 14, 32, 1224 }, // U+2096
    { 8, 16, 128, 0, 14, 32, 1256 }, // U+2097
    { 8, 16, 128, 0, 14, 32, 1288 }, // U+2098
    { 8, 16, 128, 0, 14, 32, 1320 }, // U+2099
    { 8, 16, 128, 0, 14, 32, 1352 }, // U+209A
    { 8, 16, 128, 0, 14, 32, 1384 }, // U+209B
    { 8, 16, 128, 0, 14, 32, 1416 }, // U+209C
    { 8, 16, 128, 0, 14, 32, 1448 }, // U+209D
    { 8, 16, 128, 0, 14, 32, 1480 }, // U+209E
    { 8, 16, 128, 0, 14, 32, 1512 }, // U+209F
    { 8, 16, 128, 0, 14, 32, 0 }, // U+20A0
    { 8, 16, 128, 0, 14, 32, 32 }, // U+20A1
    { 8, 16, 128, 0, 14, 32, 64 }, // U+20A2
    { 8, 16, 128, 0, 14, 32, 96 }, // U+20A3
    { 8, 16, 128, 0, 14, 32, 128 }, // U+20A4
    { 17, 19, 336, 2, 17, 81, 160 }, // U+20A5
    { 15, 19, 304, 2, 19, 72, 241 }, // U+20A6
    { 8, 16, 128, 0, 14, 32, 313 }, // U+20A7
    { 8, 16, 128, 0, 14, 32, 345 }, // U+20A8
    { 21, 19, 368, 1, 19, 100, 377 }, // U+20A9
    { 8, 16, 128, 0, 14, 32, 477 }, // U+20AA
    { 8, 16, 128, 0, 14, 32, 509 }, // U+20AB
    { 18, 19, 288, -1, 19, 86, 541 }, // U+20AC
    { 14, 19, 288, 2, 19, 67, 627 }, // U+20AD
    { 8, 16, 128, 0, 14, 32, 694 }, // U+20AE
    { 8, 16, 128, 0, 14, 32, 726 }, // U+20AF
    { 8, 16, 128, 0, 14, 32, 758 }, // U+20B0
    { 8, 16, 128, 0, 14, 32, 790 }, // U+20B1
    { 8, 16, 128, 0, 14, 32, 822 }, // U+20B2
    { 8, 16, 128, 0, 14, 32, 854 }, // U+20B3
    { 8, 16, 128, 0, 14, 32, 886 }, // U+20B4
    { 8, 16, 128, 0, 14, 32, 918 }, // U+20B5
    { 8, 16, 128, 0, 14, 32, 950 }, // U+20B6
    { 8, 16, 128, 0, 14, 32, 982 }, // U+20B7
    { 8, 16, 128, 0, 14, 32, 1014 }, // U+20B8
    { 16, 16, 256, 0, 14, 64, 1046 }, // U+20B9
    { 8, 16, 128, 0, 14, 32, 1110 }, // U+20BA
    { 8, 16, 128, 0, 14, 32, 1142 }, // U+20BB
    { 8, 16, 128, 0, 14, 32, 1174 }, // U+20BC
    { 8, 16, 128, 0, 14, 32, 1206 }, // U+20BD
    { 8, 16, 128, 0, 14, 32, 1238 }, // U+20BE
    { 8, 16, 128, 0, 14, 32, 1270 }, // U+20BF
    { 8, 16, 128, 0, 14, 32, 1302 }, // U+20C0
    { 8, 16, 128, 0, 14, 32, 1334 }, // U+20C1
    { 8, 16, 128, 0, 14, 32, 1366 }, // U+20C2
    { 8, 16, 128, 0, 14, 32, 1398 }, // U+20C3
    { 8, 16, 128, 0, 14, 32, 1430 }, // U+20C4
    { 16, 16, 256, 0, 14, 64, 1462 }, // U+20C5
    { 16, 16, 256, 0, 14, 64, 1526 }, // U+20C6
    { 16, 16, 256, 0, 14, 64, 1590 }, // U+20C7
    { 16, 16, 256, 0, 14, 64, 1654 }, // U+20C8
    { 16, 16, 256, 0, 14, 64, 1718 }, // U+20C9
    { 16, 16, 256, 0, 14, 64, 1782 }, // U+20CA
    { 16, 16, 256, 0, 14, 64, 1846 }, // U+20CB
    { 16, 16, 256, 0, 14, 64, 1910 }, // U+20CC
    { 16, 16, 256, 0, 14, 64, 1974 }, // U+20CD
    { 16, 16, 256, 0, 14, 64, 2038 }, // U+20CE
    { 16, 16, 256, 0, 14, 64, 2102 }, // U+20CF
    { 8, 16, 128, 0, 14, 32, 0 }, // U+2190
    { 8, 16, 128, 0, 14, 32, 32 }, // U+2191
    { 8, 16, 128, 0, 14, 32, 64 }, // U+2192
    { 8, 16, 128, 0, 14, 32, 96 }, // U+2193
    { 8, 16, 128, 0, 14, 32, 128 }, // U+2194
    { 8, 16, 128, 0, 14, 32, 160 }, // U+2195
    { 8, 16, 128, 0, 14, 32, 192 }, // U+2196
    { 8, 16, 128, 0, 14, 32, 224 }, // U+2197
    { 8, 16, 128, 0, 14, 32, 256 }, // U+2198
    { 8, 16, 128, 0, 14, 32, 288 }, // U+2199
    { 8, 16, 128, 0, 14, 32, 320 }, // U+219A
    { 8, 16, 128, 0, 14, 32, 352 }, // U+219B
    { 16, 16, 256, 0, 14, 64, 384 }, // U+219C
    { 16, 16, 256, 0, 14, 64, 448 }, // U+219D
    { 8, 16, 128, 0, 14, 32, 512 }, // U+219E
    { 8, 16, 128, 0, 14, 32, 544 }, // U+219F
    { 8, 16, 128, 0, 14, 32, 576 }, // U+21A0
    { 8, 16, 128, 0, 14, 32, 608 }, // U+21A1
    { 8, 16, 128, 0, 14, 32, 640 }, // U+21A2
    { 8, 16, 128, 0, 14, 32, 672 }, // U+21A3
    { 8, 16, 128, 0, 14, 32, 704 }, // U+21A4
    { 8, 16, 128, 0, 14, 32, 736 }, // U+21A5
    { 8, 16, 128, 0, 14, 32, 768 }, // U+21A6
    { 8, 16, 128, 0, 14, 32, 800 }, // U+21A7
    { 8, 16, 128, 0, 14, 32, 832 }, // U+21A8
    { 8, 16, 128, 0, 14, 32, 864 }, // U+21A9
    { 8, 16, 128, 0, 14, 32, 896 }, // U+21AA
    { 8, 16, 128, 0, 14, 32, 928 }, // U+21AB
    { 8, 16, 128, 0, 14, 32, 960 }, // U+21AC
    { 8, 16, 128, 0, 14, 32, 992 }, // U+21AD
    { 8, 16, 128, 0, 14, 32, 1024 }, // U+21AE
    { 8, 16, 128, 0, 14, 32, 1056 }, // U+21AF
    { 8, 16, 128, 0, 14, 32, 1088 }, // U+21B0
    { 8, 16, 128, 0, 14, 32, 1120 }, // U+21B1
    { 8, 16, 128, 0, 14, 32, 1152 }, // U+21B2
    { 8, 16, 128, 0, 14, 32, 1184 }, // U+21B3
    { 8, 16, 128, 0, 14, 32, 1216 }, // U+21B4
    { 8, 16, 128, 0, 14, 32, 1248 }, // U+21B5
    { 8, 16, 128, 0, 14, 32, 1280 }, // U+21B6
    { 8, 16, 128, 0, 14, 32, 1312 }, // U+21B7
    { 8, 16, 128, 0, 14, 32, 1344 }, // U+21B8
    { 8, 16, 128, 0, 14, 32, 1376 }, // U+21B9
    { 8, 16, 128, 0, 14, 32, 1408 }, // U+21BA
    { 8, 16, 128, 0, 14, 32, 1440 }, // U+21BB
    { 8, 16, 128, 0, 14, 32, 1472 }, // U+21BC
    { 8, 16, 128, 0, 14, 32, 1504 }, // U+21BD
    { 8, 16, 128, 0, 14, 32, 1536 }, // U+21BE
    { 8, 16, 128, 0, 14, 32, 1568 }, // U+21BF
    { 8, 16, 128, 0, 14, 32, 1600 }, // U+21C0
    { 8, 16, 128, 0, 14, 32, 1632 }, // U+21C1
    { 8, 16, 128, 0, 14, 32, 1664 }, // U+21C2
    { 8, 16, 128, 0, 14, 32, 1696 }, // U+21C3
    { 8, 16, 128, 0, 14, 32, 1728 }, // U+21C4
    { 8, 16, 128, 0, 14, 32, 1760 }, // U+21C5
    { 8, 16, 128, 0, 14, 32, 1792 }, // U+21C6
    { 8, 16, 128, 0, 14, 32, 1824 }, // U+21C7
    { 8, 16, 128, 0, 14, 32, 1856 }, // U+21C8
    { 8, 16, 128, 0, 14, 32, 1888 }, // U+21C9
    { 8, 16, 128, 0, 14, 32, 1920 }, // U+21CA
    { 8, 16, 128, 0, 14, 32, 1952 }, // U+21CB
    { 8, 16, 128, 0, 14, 32, 1984 }, // U+21CC
    { 8, 16, 128, 0, 14, 32, 2016 }, // U+21CD
    { 8, 16, 128, 0, 14, 32, 2048 }, // U+21CE
    { 8, 16, 128, 0, 14, 32, 2080 }, // U+21CF
    { 8, 16, 128, 0, 14, 32, 2112 }, // U+21D0
    { 8, 16, 128, 0, 14, 32, 2144 }, // U+21D1
    { 8, 16, 128, 0, 14, 32, 2176 }, // U+21D2
    { 8, 16, 128, 0, 14, 32, 2208 }, // U+21D3
    { 8, 16, 128, 0, 14, 32, 2240 }, // U+21D4
    { 8, 16, 128, 0, 14, 32, 2272 }, // U+21D5
    { 8, 16, 128, 0, 14, 32, 2304 }, // U+21D6
    { 8, 16, 128, 0, 14, 32, 2336 }, // U+21D7
    { 8, 16, 128, 0, 14, 32, 2368 }, // U+21D8
    { 8, 16, 128, 0, 14, 32, 2400 }, // U+21D9
    { 8, 16, 128, 0, 14, 32, 2432 }, // U+21DA
    { 8, 16, 128, 0, 14, 32, 2464 }, // U+21DB
    { 8, 16, 128, 0, 14, 32, 2496 }, // U+21DC
    { 8, 16, 128, 0, 14, 32, 2528 }, // U+21DD
    { 8, 16, 128, 0, 14, 32, 2560 }, // U+21DE
    { 8, 16, 128, 0, 14, 32, 2592 }, // U+21DF
    { 8, 16, 128, 0, 14, 32, 2624 }, // U+21E0
    { 8, 16, 128, 0, 14, 32, 2656 }, // U+21E1
    { 8, 16, 128, 0, 14, 32, 2688 }, // U+21E2
    { 8, 16, 128, 0, 14, 32, 2720 }, // U+21E3
    { 8, 16, 128, 0, 14, 32, 2752 }, // U+21E4
    { 8, 16, 128, 0, 14, 32, 2784 }, // U+21E5
    { 8, 16, 128, 0, 14, 32, 2816 }, // U+21E6
    { 8, 16, 128, 0, 14, 32, 2848 }, // U+21E7
    { 8, 16, 128, 0, 14, 32, 2880 }, // U+21E8
    { 8, 16, 128, 0, 14, 32, 2912 }, // U+21E9
    { 8, 16, 128, 0, 14, 32, 2944 }, // U+21EA
    { 8, 16, 128, 0, 14, 32, 2976 }, // U+21EB
    { 8, 16, 128, 0, 14, 32, 3008 }, // U+21EC
    { 8, 16, 128, 0, 14, 32, 3040 }, // U+21ED
    { 8, 16, 128, 0, 14, 32, 3072 }, // U+21EE
    { 8, 16, 128, 0, 14, 32, 3104 }, // U+21EF
    { 8, 16, 128, 0, 14, 32, 3136 }, // U+21F0
    { 8, 16, 128, 0, 14, 32, 3168 }, // U+21F1
    { 8, 16, 128, 0, 14, 32, 3200 }, // U+21F2
    { 8, 16, 128, 0, 14, 32, 3232 }, // U+21F3
    { 16, 16, 256, 0, 14, 64, 3264 }, // U+21F4
    { 8, 16, 128, 0, 14, 32, 3328 }, // U+21F5
    { 8, 16, 128, 0, 14, 32, 3360 }, // U+21F6
    { 8, 16, 128, 0, 14, 32, 3392 }, // U+21F7
    { 8, 16, 128, 0, 14, 32, 3424 }, // U+21F8
    { 16, 16, 256, 0, 14, 64, 3456 }, // U+21F9
    { 16, 16, 256, 0, 14, 64, 3520 }, // U+21FA
    { 16, 16, 256, 0, 14, 64, 3584 }, // U+21FB
    { 16, 16, 256, 0, 14, 64, 3648 }, // U+21FC
    { 8, 16, 128, 0, 14, 32, 3712 }, // U+21FD
    { 8, 16, 128, 0, 14, 32, 3744 }, // U+21FE
    { 16, 16, 256, 0, 14, 64, 3776 }, // U+21FF
    { 16, 19, 288, 1, 19, 76, 0 }, // U+2200
    { 8, 16, 128, 0, 14, 32, 76 }, // U+2201
    { 8, 16, 128, 0, 14, 32, 108 }, // U+2202
    { 13, 19, 256, 2, 19, 62, 140 }, // U+2203
    { 13, 19, 256, 2, 19, 62, 202 }, // U+2204
    { 8, 16, 128, 0, 14, 32, 264 }, // U+2205
    { 8, 16, 128, 0, 14, 32, 296 }, // U+2206
    { 8, 16, 128, 0, 14, 32, 328 }, // U+2207
    { 8, 16, 128, 0, 14, 32, 360 }, // U+2208
    { 8, 16, 128, 0, 14, 32, 392 }, // U+2209
    { 8, 16, 128, 0, 14, 32, 424 }, // U+220A
    { 8, 16, 128, 0, 14, 32, 456 }, // U+220B
    { 8, 16, 128, 0, 14, 32, 488 }, // U+220C
    { 8, 16, 128, 0, 14, 32, 520 }, // U+220D
    { 8, 16, 128, 0, 14, 32, 552 }, // U+220E
    { 8, 16, 128, 0, 14, 32, 584 }, // U+220F
    { 8, 16, 128, 0, 14, 32, 616 }, // U+2210
    { 8, 16, 128, 0, 14, 32, 648 }, // U+2211
    { 12, 2, 240, 1, 8, 6, 680 }, // U+2212
    { 8, 16, 128, 0, 14, 32, 686 }, // U+2213
    { 8, 16, 128, 0, 14, 32, 718 }, // U+2214
    { 10, 18, 128, -1, 18, 45, 750 }, // U+2215
    { 8, 16, 128, 0, 14, 32, 795 }, // U+2216
    { 8, 16, 128, 0, 14, 32, 827 }, // U+2217
    { 8, 16, 128, 0, 14, 32, 859 }, // U+2218
    { 3, 3, 112, 2, 9, 3, 891 }, // U+2219
    { 8, 16, 128, 0, 14, 32, 894 }, // U+221A
    { 8, 16, 128, 0, 14, 32, 926 }, // U+221B
    { 8, 16, 128, 0, 14, 32, 958 }, // U+221C
    { 8, 16, 128, 0, 14, 32, 990 }, // U+221D
    { 8, 16, 128, 0, 14, 32, 1022 }, // U+221E
    { 8, 16, 128, 0, 14, 32, 1054 }, // U+221F
    { 8, 16, 128, 0, 14, 32, 1086 }, // U+2220
    { 8, 16, 128, 0, 14, 32, 1118 }, // U+2221
    { 8, 16, 128, 0, 14, 32, 1150 }, // U+2222
    { 8, 16, 128, 0, 14, 32, 1182 }, // U+2223
    { 8, 16, 128, 0, 14, 32, 1214 }, // U+2224
    { 8, 16, 128, 0, 14, 32, 1246 }, // U+2225
    { 8, 16, 128, 0, 14, 32, 1278 }, // U+2226
    { 8, 16, 128, 0, 14, 32, 1310 }, // U+2227
    { 8, 16, 128, 0, 14, 32, 1342 }, // U+2228
    { 8, 16, 128, 0, 14, 32, 1374 }, // U+2229
    { 8, 16, 128, 0, 14, 32, 1406 }, // U+222A
    { 8, 16, 128, 0, 14, 32, 1438 }, // U+222B
    { 8, 16, 128, 0, 14, 32, 1470 }, // U+222C
    { 8, 16, 128, 0, 14, 32, 1502 }, // U+222D
    { 8, 16, 128, 0, 14, 32, 1534 }, // U+222E
    { 8, 16, 128, 0, 14, 32, 1566 }, // U+222F
    { 8, 16, 128, 0, 14, 32, 1598 }, // U+2230
    { 8, 16, 128, 0, 14, 32, 1630 }, // U+2231
    { 8, 16, 128, 0, 14, 32, 1662 }, // U+2232
    { 8, 16, 128, 0, 14, 32, 1694 }, // U+2233
    { 8, 16, 128, 0, 14, 32, 1726 }, // U+2234
    { 8, 16, 128, 0, 14, 32, 1758 }, // U+2235
    { 3, 14, 112, 2, 14, 11, 1790 }, // U+2236
    { 8, 16, 128, 0, 14, 32, 1801 }, // U+2237
    { 8, 16, 128, 0, 14, 32, 1833 }, // U+2238
    { 8, 16, 128, 0, 14, 32, 1865 }, // U+2239
    { 8, 16, 128, 0, 14, 32, 1897 }, // U+223A
    { 8, 16, 128, 0, 14, 32, 1929 }, // U+223B
    { 8, 16, 128, 0, 14, 32, 1961 }, // U+223C
    { 8, 16, 128, 0, 14, 32, 1993 }, // U+223D
    { 8, 16, 128, 0, 14, 32, 2025 }, // U+223E
    { 8, 16, 128, 0, 14, 32, 2057 }, // U+223F
    { 8, 16, 128, 0, 14, 32, 2089 }, // U+2240
    { 8, 16, 128, 0, 14, 32, 2121 }, // U+2241
    { 8, 16, 128, 0, 14, 32, 2153 }, // U+2242
    { 8, 16, 128, 0, 14, 32, 2185 }, // U+2243
    { 8, 16, 128, 0, 14, 32, 2217 }, // U+2244
    { 8, 16, 128, 0, 14, 32, 2249 }, // U+2245
    { 8, 16, 128, 0, 14, 32, 2281 }, // U+2246
    { 8, 16, 128, 0, 14, 32, 2313 }, // U+2247
    { 8, 16, 128, 0, 14, 32, 2345 }, // U+2248
    { 8, 16, 128, 0, 14, 32, 2377 }, // U+2249
    { 8, 16, 128, 0, 14, 32, 2409 }, // U+224A
    { 8, 16, 128, 0, 14, 32, 2441 }, // U+224B
    { 8, 16, 128, 0, 14, 32, 2473 }, // U+224C
    { 8, 16, 128, 0, 14, 32, 2505 }, // U+224D
    { 8, 16, 128, 0, 14, 32, 2537 }, // U+224E
    { 8, 16, 128, 0, 14, 32, 2569 }, // U+224F
    { 8, 16, 128, 0, 14, 32, 2601 }, // U+2250
    { 8, 16, 128, 0, 14, 32, 2633 }, // U+2251
    { 8, 16, 128, 0, 14, 32, 2665 }, // U+2252
    { 8, 16, 128, 0, 14, 32, 2697 }, // U+2253
    { 8, 16, 128, 0, 14, 32, 2729 }, // U+2254
    { 8, 16, 128, 0, 14, 32, 2761 }, // U+2255
    { 8, 16, 128, 0, 14, 32, 2793 }, // U+2256
    { 8, 16, 128, 0, 14, 32, 2825 }, // U+2257
    { 8, 16, 128, 0, 14, 32, 2857 }, // U+2258
    { 10, 10, 224, 2, 15, 25, 2889 }, // U+2259
    { 10, 10, 224, 2, 15, 25, 2914 }, // U+225A
    { 8, 16, 128, 0, 14, 32, 2939 }, // U+225B
    { 8, 16, 128, 0, 14, 32, 2971 }, // U+225C
    { 8, 16, 128, 0, 14, 32, 3003 }, // U+225D
    { 8, 16, 128, 0, 14, 32, 3035 }, // U+225E
    { 8, 16, 128, 0, 14, 32, 3067 }, // U+225F
    { 10, 19, 224, 2, 17, 48, 3099 }, // U+2260
    { 10, 8, 224, 0, 11, 20, 3147 }, // U+2261
    { 10, 19, 224, 0, 17, 48, 3167 }, // U+2262
    { 8, 16, 128, 0, 14, 32, 3215 }, // U+2263
    { 13, 15, 240, 0, 13, 49, 3247 }, // U+2264
    { 13, 15, 224, 1, 13, 49, 3296 }, // U+2265
    { 8, 16, 128, 0, 14, 32, 3345 }, // U+2266
    { 8, 16, 128, 0, 14, 32, 3377 }, // U+2267
    { 8, 16, 128, 0, 14, 32, 3409 }, // U+2268
    { 8, 16, 128, 0, 14, 32, 3441 }, // U+2269
    { 8, 16, 128, 0, 14, 32, 3473 }, // U+226A
    { 8, 16, 128, 0, 14, 32, 3505 }, // U+226B
    { 8, 16, 128, 0, 14, 32, 3537 }, // U+226C
    { 8, 16, 128, 0, 14, 32, 3569 }, // U+226D
    { 13, 19, 240, 0, 17, 62, 3601 }, // U+226E
    { 13, 19, 224, 1, 17, 62, 3663 }, // U+226F
    { 13, 19, 240, 0, 15, 62, 3725 }, // U+2270
    { 13, 19, 224, 1, 15, 62, 3787 }, // U+2271
    { 8, 16, 128, 0, 14, 32, 3849 }, // U+2272
    { 8, 16, 128, 0, 14, 32, 3881 }, // U+2273
    { 8, 16, 128, 0, 14, 32, 3913 }, // U+2274
    { 8, 16, 128, 0, 14, 32, 3945 }, // U+2275
    { 8, 16, 128, 0, 14, 32, 3977 }, // U+2276
    { 8, 16, 128, 0, 14, 32, 4009 }, // U+2277
    { 8, 16, 128, 0, 14, 32, 4041 }, // U+2278
    { 8, 16, 128, 0, 14, 32, 4073 }, // U+2279
    { 8, 16, 128, 0, 14, 32, 4105 }, // U+227A
    { 8, 16, 128, 0, 14, 32, 4137 }, // U+227B
    { 8, 16, 128, 0, 14, 32, 4169 }, // U+227C
    { 8, 16, 128, 0, 14, 32, 4201 }, // U+227D
    { 8, 16, 128, 0, 14, 32, 4233 }, // U+227E
    { 8, 16, 128, 0, 14, 32, 4265 }, // U+227F
    { 8, 16, 128, 0, 14, 32, 4297 }, // U+2280
    { 8, 16, 128, 0, 14, 32, 4329 }, // U+2281
    { 8, 16, 128, 0, 14, 32, 4361 }, // U+2282
    { 8, 16, 128, 0, 14, 32, 4393 }, // U+2283
    { 8, 16, 128, 0, 14, 32, 4425 }, // U+2284
    { 8, 16, 128, 0, 14, 32, 4457 }, // U+2285
    { 8, 16, 128, 0, 14, 32, 4489 }, // U+2286
    { 8, 16, 128, 0, 14, 32, 4521 }, // U+2287
    { 8, 16, 128, 0, 14, 32, 4553 }, // U+2288
    { 8, 16, 128, 0, 14, 32, 4585 }, // U+2289
    { 8, 16, 128, 0, 14, 32, 4617 }, // U+228A
    { 8, 16, 128, 0, 14, 32, 4649 }, // U+228B
    { 8, 16, 128, 0, 14, 32, 4681 }, // U+228C
    { 8, 16, 128, 0, 14, 32, 4713 }, // U+228D
    { 8, 16, 128, 0, 14, 32, 4745 }, // U+228E
    { 8, 16, 128, 0, 14, 32, 4777 }, // U+228F
    { 8, 16, 128, 0, 14, 32, 4809 }, // U+2290
    { 8, 16, 128, 0, 14, 32, 4841 }, // U+2291
    { 8, 16, 128, 0, 14, 32, 4873 }, // U+2292
    { 8, 16, 128, 0, 14, 32, 4905 }, // U+2293
    { 8, 16, 128, 0, 14, 32, 4937 }, // U+2294
    { 8, 16, 128, 0, 14, 32, 4969 }, // U+2295
    { 8, 16, 128, 0, 14, 32, 5001 }, // U+2296
    { 8, 16, 128, 0, 14, 32, 5033 }, // U+2297
    { 8, 16, 128, 0, 14, 32, 5065 }, // U+2298
    { 8, 16, 128, 0, 14, 32, 5097 }, // U+2299
    { 8, 16, 128, 0, 14, 32, 5129 }, // U+229A
    { 8, 16, 128, 0, 14, 32, 5161 }, // U+229B
    { 8, 16, 128, 0, 14, 32, 5193 }, // U+229C
    { 8, 16, 128, 0, 14, 32, 5225 }, // U+229D
    { 8, 16, 128, 0, 14, 32, 5257 }, // U+229E
    { 8, 16, 128, 0, 14, 32, 5289 }, // U+229F
    { 8, 16, 128, 0, 14, 32, 5321 }, // U+22A0
    { 8, 16, 128, 0, 14, 32, 5353 }, // U+22A1
    { 8, 16, 128, 0, 14, 32, 5385 }, // U+22A2
    { 8, 16, 128, 0, 14, 32, 5417 }, // U+22A3
    { 8, 16, 128, 0, 14, 32, 5449 }, // U+22A4
    { 8, 16, 128, 0, 14, 32, 5481 }, // U+22A5
    { 8, 16, 128, 0, 14, 32, 5513 }, // U+22A6
    { 8, 16, 128, 0, 14, 32, 5545 }, // U+22A7
    { 8, 16, 128, 0, 14, 32, 5577 }, // U+22A8
    { 8, 16, 128, 0, 14, 32, 5609 }, // U+22A9
    { 8, 16, 128, 0, 14, 32, 5641 }, // U+22AA
    { 8, 16, 128, 0, 14, 32, 5673 }, // U+22AB
    { 8, 16, 128, 0, 14, 32, 5705 }, // U+22AC
    { 8, 16, 128, 0, 14, 32, 5737 }, // U+22AD
    { 8, 16, 128, 0, 14, 32, 5769 }, // U+22AE
    { 8, 16, 128, 0, 14, 32, 5801 }, // U+22AF
    { 8, 16, 128, 0, 14, 32, 5833 }, // U+22B0
    { 8, 16, 128, 0, 14, 32, 5865 }, // U+22B1
    { 8, 16, 128, 0, 14, 32, 5897 }, // U+22B2
    { 8, 16, 128, 0, 14, 32, 5929 }, // U+22B3
    { 8, 16, 128, 0, 14, 32, 5961 }, // U+22B4
    { 8, 16, 128, 0, 14, 32, 5993 }, // U+22B5
    { 16, 16, 256, 0, 14, 64, 6025 }, // U+22B6
    { 16, 16, 256, 0, 14, 64, 6089 }, // U+22B7
    { 16, 16, 256, 0, 14, 64, 6153 }, // U+22B8
    { 8, 16, 128, 0, 14, 32, 6217 }, // U+22B9
    { 8, 16, 128, 0, 14, 32, 6249 }, // U+22BA
    { 8, 16, 128, 0, 14, 32, 6281 }, // U+22BB
    { 8, 16, 128, 0, 14, 32, 6313 }, // U+22BC
    { 8, 16, 128, 0, 14, 32, 6345 }, // U+22BD
    { 8, 16, 128, 0, 14, 32, 6377 }, // U+22BE
    { 8, 16, 128, 0, 14, 32, 6409 }, // U+22BF
    { 8, 16, 128, 0, 14, 32, 6441 }, // U+22C0
    { 8, 16, 128, 0, 14, 32, 6473 }, // U+22C1
    { 8, 16, 128, 0, 14, 32, 6505 }, // U+22C2
    { 8, 16, 128, 0, 14, 32, 6537 }, // U+22C3
    { 8, 16, 128, 0, 14, 32, 6569 }, // U+22C4
    { 8, 16, 128, 0, 14, 32, 6601 }, // U+22C5
    { 8, 16, 128, 0, 14, 32, 6633 }, // U+22C6
    { 8, 16, 128, 0, 14, 32, 6665 }, // U+22C7
    { 8, 16, 128, 0, 14, 32, 6697 }, // U+22C8
    { 8, 16, 128, 0, 14, 32, 6729 }, // U+22C9
    { 8, 16, 128, 0, 14, 32, 6761 }, // U+22CA
    { 8, 16, 128, 0, 14, 32, 6793 }, // U+22CB
    { 8, 16, 128, 0, 14, 32, 6825 }, // U+22CC
    { 8, 16, 128, 0, 14, 32, 6857 }, // U+22CD
    { 8, 16, 128, 0, 14, 32, 6889 }, // U+22CE
    { 8, 16, 128, 0, 14, 32, 6921 }, // U+22CF
    { 8, 16, 128, 0, 14, 32, 6953 }, // U+22D0
    { 8, 16, 128, 0, 14, 32, 6985 }, // U+22D1
    { 8, 16, 128, 0, 14, 32, 7017 }, // U+22D2
    { 8, 16, 128, 0, 14, 32, 7049 }, // U+22D3
    { 8, 16, 128, 0, 14, 32, 7081 }, // U+22D4
    { 8, 16, 128, 0, 14, 32, 7113 }, // U+22D5
    { 8, 16, 128, 0, 14, 32, 7145 }, // U+22D6
    { 8, 16, 128, 0, 14, 32, 7177 }, // U+22D7
    { 16, 16, 256, 0, 14, 64, 7209 }, // U+22D8
    { 16, 16, 256, 0, 14, 64, 7273 }, // U+22D9
    { 8, 16, 128, 0, 14, 32, 7337 }, // U+22DA
    { 8, 16, 128, 0, 14, 32, 7369 }, // U+22DB
    { 8, 16, 128, 0, 14, 32, 7401 }, // U+22DC
    { 8, 16, 128, 0, 14, 32, 7433 }, // U+22DD
    { 8, 16, 128, 0, 14, 32, 7465 }, // U+22DE
    { 8, 16, 128, 0, 14, 32, 7497 }, // U+22DF
    { 8, 16, 128, 0, 14, 32, 7529 }, // U+22E0
    { 8, 16, 128, 0, 14, 32, 7561 }, // U+22E1
    { 8, 16, 128, 0, 14, 32, 7593 }, // U+22E2
    { 8, 16, 128, 0, 14, 32, 7625 }, // U+22E3
    { 8, 16, 128, 0, 14, 32, 7657 }, // U+22E4
    { 8, 16, 128, 0, 14, 32, 7689 }, // U+22E5
    { 8, 16, 128, 0, 14, 32, 7721 }, // U+22E6
    { 8, 16, 128, 0, 14, 32, 7753 }, // U+22E7
    { 8, 16, 128, 0, 14, 32, 7785 }, // U+22E8
    { 8, 16, 128, 0, 14, 32, 7817 }, // U+22E9
    { 8, 16, 128, 0, 14, 32, 7849 }, // U+22EA
    { 8, 16, 128, 0, 14, 32, 7881 }, // U+22EB
    { 8, 16, 128, 0, 14, 32, 7913 }, // U+22EC
    { 8, 16, 128, 0, 14, 32, 7945 }, // U+22ED
    { 8, 16, 128, 0, 14, 32, 7977 }, // U+22EE
    { 8, 16, 128, 0, 14, 32, 8009 }, // U+22EF
    { 8, 16, 128, 0, 14, 32, 8041 }, // U+22F0
    { 8, 16, 128, 0, 14, 32, 8073 }, // U+22F1
    { 16, 16, 256, 0, 14, 64, 8105 }, // U+22F2
    { 16, 16, 256, 0, 14, 64, 8169 }, // U+22F3
    { 8, 16, 128, 0, 14, 32, 8233 }, // U+22F4
    { 16, 16, 256, 0, 14, 64, 8265 }, // U+22F5
    { 16, 16, 256, 0, 14, 64, 8329 }, // U+22F6
    { 8, 16, 128, 0, 14, 32, 8393 }, // U+22F7
    { 8, 16, 128, 0, 14, 32, 8425 }, // U+22F8
    { 16, 16, 256, 0, 14, 64, 8457 }, // U+22F9
    { 16, 16, 256, 0, 14, 64, 8521 }, // U+22FA
    { 16, 16, 256, 0, 14, 64, 8585 }, // U+22FB
    { 8, 16, 128, 0, 14, 32, 8649 }, // U+22FC
    { 16, 16, 256, 0, 14, 64, 8681 }, // U+22FD
    { 8, 16, 128, 0, 14, 32, 8745 }, // U+22FE
    { 16, 16, 256, 0, 14, 64, 8777 }, // U+22FF
    { 8, 16, 128, 0, 14, 32, 0 }, // U+FB00
    { 8, 16, 128, 0, 14, 32, 32 }, // U+FB01
    { 8, 16, 128, 0, 14, 32, 64 }, // U+FB02
    { 8, 16, 128, 0, 14, 32, 96 }, // U+FB03
    { 8, 16, 128, 0, 14, 32, 128 }, // U+FB04
    { 8, 16, 128, 0, 14, 32, 160 }, // U+FB05
    { 8, 16, 128, 0, 14, 32, 192 }, // U+FB06
    { 8, 16, 128, 0, 14, 32, 0 }, // U+FFFD
};

static const EpdUnicodeInterval helvetica_12_boldIntervals[] = {
    { 0x0, 0x17F, 0x0 },
    { 0x1A0, 0x1A1, 0x180 },
    { 0x1AF, 0x1B0, 0x182 },
    { 0x1C4, 0x21F, 0x184 },
    { 0x300, 0x36F, 0x1E0 },
    { 0x400, 0x4FF, 0x250 },
    { 0x1E0C, 0x1E0D, 0x350 },
    { 0x1E24, 0x1E25, 0x352 },
    { 0x1E36, 0x1E3B, 0x354 },
    { 0x1E40, 0x1E49, 0x35A },
    { 0x1E5A, 0x1E5F, 0x364 },
    { 0x1E62, 0x1E63, 0x36A },
    { 0x1E6C, 0x1E6D, 0x36C },
    { 0x1EA0, 0x1EF9, 0x36E },
    { 0x2000, 0x20CF, 0x3C8 },
    { 0x2190, 0x22FF, 0x498 },
    { 0xFB00, 0xFB06, 0x608 },
    { 0xFFFD, 0xFFFD, 0x60F },
};

static const EpdFontGroup helvetica_12_boldGroups[] = {
    { 0, 1592, 7024, 128, 0 },
    { 1592, 1527, 8005, 128, 128 },
    { 3119, 1433, 9613, 128, 256 },
    { 4552, 1199, 7047, 96, 384 },
    { 5751, 461, 3840, 112, 480 },
    { 6212, 1369, 8256, 256, 592 },
    { 7581, 340, 2091, 30, 848 },
    { 7921, 865, 6639, 90, 878 },
    { 8786, 854, 3949, 112, 968 },
    { 9640, 275, 1554, 48, 1080 },
    { 9915, 574, 2216, 48, 1128 },
    { 10489, 743, 3840, 112, 1176 },
    { 11232, 1695, 8991, 256, 1288 },
    { 12927, 80, 224, 7, 1544 },
    { 13007, 23, 32, 1, 1551 },
};

static const EpdFontData helvetica_12_bold = {
    helvetica_12_boldBitmaps,
    helvetica_12_boldGlyphs,
    helvetica_12_boldIntervals,
    18,
    27,
    22,
    -5,
    true,
    helvetica_12_boldGroups,
    15,
    nullptr,
    nullptr,
    nullptr,
    nullptr,
    nullptr,
    nullptr,
    nullptr,
    nullptr,
    nullptr,
    nullptr,
    nullptr,
    0,
    0,
    0,
    0,
    nullptr,
    0,
};
