/**
 * generated by fontconvert.py
 * name: helvetica_8_regular
 * size: 8
 * mode: 2-bit  compressed: true
 * Command used: fontconvert.py helvetica_8_regular 8 ../../../x11/font-adobe-100dpi-1.0.4/helvR12.bdf ../../../x11/unifont-18.0.01.bdf --2bit --compress --zopfli
 */
#pragma once
#include "EpdFontData.h"

static const uint8_t helvetica_8_regularBitmaps[10263] = {
    0x9C, 0x55, 0xC1, 0xAA, 0xEC, 0x2A, 0x10, 0x2C, 0xE8, 0x6D, 0x83, 0xBF, 0x52, 0x90, 0x6D, 0xC0,
    0x5F, 0x2F, 0x70, 0x2B, 0xCC, 0xAF, 0x08, 0xB3, 0x15, 0x7C, 0x36, 0x9A, 0xB9, 0x99, 0x77, 0xCE,
    0xBB, 0x90, 0x57, 0x55, 0xB1, 0x6D, 0x8F, 0x95, 0xCE, 0x44, 0xD2, 0xA7, 0x56, 0x01, 0x10, 0x7E,
    0x1F, 0x6B, 0x55, 0x9D, 0x00, 0x60, 0x91, 0x5E, 0x31, 0x95, 0x92, 0x9A, 0x1F, 0x9E, 0xFC, 0x18,
    0xAA, 0x87, 0x67, 0x2B, 0xE9, 0xFA, 0xFB, 0x3D, 0x1E, 0x13, 0xBF, 0xFA, 0x5F, 0xF5, 0x68, 0xE6,
    0x4C, 0x66, 0x45, 0xC5, 0x99, 0xCD, 0x8F, 0x27, 0xFE, 0xBC, 0xFD, 0xB9, 0x58, 0x59, 0xF1, 0xA1,
    0xBF, 0xBC, 0x46, 0x73, 0x2A, 0x57, 0x96, 0x16, 0xB1, 0xA8, 0x3C, 0xF2, 0x57, 0xBE, 0xE3, 0xF7,
    0xE7, 0xD7, 0x91, 0x9A, 0xBF, 0xCF, 0x99, 0x8F, 0x27, 0xFE, 0x64, 0xF5, 0x68, 0xD5, 0x67, 0xFD,
    0x64, 0x11, 0x59, 0xEA, 0xB3, 0xE7, 0x4F, 0xEF, 0xE9, 0xB3, 0x7B, 0x7C, 0x54, 0xDF, 0x7A, 0x2A,
    0xC5, 0x18, 0xD1, 0x8A, 0x41, 0xD6, 0xB3, 0x3D, 0xF1, 0xBB, 0x8F, 0x52, 0xDD, 0x91, 0xBA, 0x5B,
    0x44, 0x77, 0x7F, 0xE6, 0xC7, 0xF4, 0x43, 0x9F, 0x98, 0xBA, 0x9E, 0xD7, 0xDF, 0x75, 0x0B, 0x1D,
    0xD0, 0xB3, 0xFA, 0xA9, 0xEF, 0xBA, 0x3B, 0x3A, 0x9E, 0xD5, 0xB7, 0x3E, 0xAC, 0x42, 0x72, 0x44,
    0x2C, 0x33, 0x57, 0x79, 0xE6, 0xCF, 0xE1, 0x97, 0x35, 0x15, 0xB9, 0x94, 0x5A, 0x7E, 0x5A, 0xBF,
    0x54, 0x38, 0xAC, 0xB9, 0xC9, 0x1D, 0xA9, 0x8D, 0x47, 0xF5, 0x53, 0xB1, 0x77, 0x3D, 0x0C, 0x7E,
    0xAC, 0x98, 0xCA, 0xFB, 0xFD, 0xC4, 0x9F, 0x4D, 0xA5, 0x55, 0x13, 0x2B, 0x66, 0x84, 0xB2, 0x95,
    0x87, 0xFE, 0x12, 0x3E, 0x2E, 0xBF, 0xE1, 0xFF, 0xFB, 0x2D, 0x22, 0x23, 0x7F, 0xE6, 0xD7, 0x31,
    0x7D, 0x6D, 0xFA, 0x67, 0xB4, 0x16, 0xF9, 0x13, 0x3F, 0x4B, 0x49, 0xBD, 0x1E, 0x3C, 0xEB, 0x51,
    0xDE, 0xAF, 0x37, 0x59, 0x8F, 0x67, 0xFD, 0x8F, 0xD1, 0x37, 0x4A, 0x4D, 0x66, 0x59, 0xC5, 0x3C,
    0x9B, 0xA5, 0x67, 0xFD, 0xEF, 0xB5, 0xFB, 0x5E, 0xFA, 0xC4, 0x47, 0xF5, 0x93, 0x1F, 0x8D, 0x2F,
    0x32, 0xD7, 0x77, 0x63, 0x65, 0x62, 0x3D, 0x1E, 0xF9, 0xBB, 0x4A, 0xC5, 0x5B, 0xA9, 0xD7, 0x19,
    0xA5, 0xC8, 0x1F, 0xF9, 0xEB, 0xF1, 0xDE, 0xFF, 0x3F, 0xDE, 0xAA, 0x87, 0x3F, 0x3E, 0xFF, 0xD2,
    0x46, 0x73, 0x9B, 0xB1, 0x58, 0xC3, 0x81, 0xFC, 0xD2, 0x78, 0xFA, 0xFD, 0x15, 0x68, 0xC6, 0x73,
    0x46, 0x9B, 0xEC, 0xF6, 0xC4, 0x8F, 0xCB, 0x7F, 0x4E, 0xBF, 0xDB, 0xCC, 0x9F, 0xF9, 0xAD, 0x4D,
    0xBF, 0x6B, 0xC6, 0xE9, 0xA7, 0xC1, 0xFC, 0xA1, 0xDF, 0xB7, 0xDF, 0x77, 0xFD, 0xF6, 0xDF, 0x7E,
    0xE8, 0x02, 0xA4, 0x32, 0x61, 0x1E, 0xCC, 0xC3, 0x19, 0x1C, 0x9D, 0x0A, 0x1A, 0x72, 0x2B, 0x3E,
    0x89, 0x03, 0x09, 0x26, 0xA3, 0x45, 0xE6, 0xB9, 0x19, 0x0C, 0x19, 0xD4, 0x42, 0x41, 0x76, 0x60,
    0x8A, 0x53, 0x1D, 0xC5, 0x16, 0x1C, 0xDD, 0x04, 0x27, 0xE8, 0x21, 0x27, 0x22, 0x2D, 0xE0, 0x01,
    0x39, 0x94, 0x40, 0x2A, 0x89, 0xAD, 0x91, 0x4E, 0x52, 0x1B, 0x9C, 0xA9, 0x62, 0xD8, 0x20, 0x29,
    0x47, 0x55, 0xC6, 0xF4, 0x09, 0xC2, 0x47, 0x63, 0x7C, 0xA5, 0xB1, 0x71, 0x48, 0x66, 0x97, 0x4B,
    0x4A, 0x22, 0xC3, 0xFE, 0x87, 0x91, 0x27, 0xB9, 0x9F, 0xD5, 0x37, 0x92, 0xD6, 0x0E, 0x38, 0x08,
    0xA5, 0x18, 0x26, 0x47, 0xFF, 0xAC, 0x33, 0x09, 0xC4, 0x72, 0xC7, 0xBC, 0x19, 0x8D, 0x3E, 0x19,
    0x10, 0xC7, 0x00, 0x83, 0xA9, 0xAF, 0x5B, 0x64, 0x91, 0x88, 0xE9, 0xDE, 0x9F, 0x1A, 0xC3, 0x8B,
    0x97, 0x1A, 0x67, 0xFC, 0xDC, 0x67, 0xFA, 0x2C, 0x0C, 0xAB, 0xA0, 0x21, 0x18, 0xB6, 0xAB, 0x2E,
    0xB9, 0x67, 0x7B, 0xBE, 0xB2, 0x9D, 0x9F, 0xA9, 0x22, 0x66, 0xCC, 0x92, 0x10, 0x50, 0x94, 0x0D,
    0x90, 0x14, 0x4C, 0x38, 0xD7, 0x00, 0x21, 0x46, 0xDB, 0x21, 0xCA, 0x4E, 0x8C, 0xD1, 0x80, 0x04,
    0x60, 0x07, 0xC5, 0xD8, 0xD6, 0x80, 0xEF, 0x37, 0x62, 0x30, 0x00, 0x31, 0x22, 0x0B, 0xA6, 0x13,
    0x0E, 0x03, 0xD3, 0x1B, 0x6C, 0x94, 0x44, 0x15, 0x68, 0x5F, 0x93, 0xA5, 0x80, 0xFD, 0x04, 0x01,
    0xA4, 0xA8, 0x38, 0x04, 0xB4, 0x90, 0xF9, 0x96, 0x5B, 0x28, 0x0F, 0x11, 0x21, 0x81, 0x53, 0xA3,
    0x41, 0x1E, 0xC5, 0x42, 0x8E, 0xD1, 0x11, 0x13, 0x68, 0xCB, 0x62, 0x05, 0x03, 0x29, 0x2C, 0x24,
    0xA0, 0x9B, 0x18, 0x62, 0x82, 0x30, 0x10, 0xF7, 0x49, 0x1F, 0x23, 0x6F, 0x52, 0x28, 0xC5, 0x86,
    0x31, 0x84, 0xC5, 0x3D, 0xDB, 0xF3, 0xD1, 0xAF, 0xF9, 0x9E, 0x6D, 0xA2, 0x23, 0xD9, 0x77, 0xDD,
    0xDC, 0x04, 0x32, 0xD4, 0x92, 0x11, 0x9D, 0x82, 0xEE, 0x1A, 0x43, 0xC2, 0x0F, 0xDD, 0x00, 0x7E,
    0x53, 0x0C, 0x66, 0xC9, 0xE4, 0xA2, 0x54, 0xF0, 0x42, 0xD3, 0xC4, 0x3A, 0x73, 0x13, 0x7E, 0x63,
    0x3C, 0xA7, 0x37, 0x9C, 0x53, 0x15, 0x75, 0xA9, 0x98, 0x2F, 0xA9, 0x86, 0x44, 0x17, 0xD4, 0xA0,
    0x8A, 0x50, 0x81, 0x36, 0x28, 0x79, 0x48, 0x26, 0x41, 0xB7, 0xDF, 0x48, 0xC1, 0x3F, 0x5A, 0x2B,
    0xC9, 0x62, 0xC3, 0x68, 0x72, 0xD9, 0xA4, 0xCF, 0x19, 0xFE, 0xF0, 0x6F, 0x5E, 0x5F, 0x5E, 0xE1,
    0xE7, 0x11, 0xDF, 0xD3, 0x25, 0x28, 0x75, 0xF0, 0x3A, 0x77, 0x02, 0x09, 0x40, 0x07, 0x3E, 0x2B,
    0x86, 0xD4, 0xF7, 0xA1, 0xFD, 0x55, 0xC1, 0xBF, 0x68, 0xDD, 0x47, 0xE0, 0x14, 0xA1, 0x25, 0x37,
    0x4C, 0x99, 0x6F, 0xA1, 0x85, 0xE4, 0xD0, 0x75, 0xF1, 0x30, 0x5C, 0x97, 0xAB, 0x7E, 0x2E, 0x03,
    0x3F, 0x97, 0x8C, 0x4E, 0x9F, 0xA2, 0xC9, 0x14, 0x31, 0x72, 0xD9, 0x2A, 0x3A, 0xE5, 0x1E, 0x32,
    0xC2, 0x1A, 0xA0, 0x2F, 0xE5, 0x21, 0x18, 0x90, 0xAE, 0x56, 0xDA, 0x80, 0xEF, 0x85, 0x31, 0xD4,
    0x75, 0x43, 0x64, 0x5C, 0x9D, 0xD2, 0xCC, 0xBA, 0xDF, 0xD1, 0x0D, 0x2E, 0xFF, 0xB4, 0xBF, 0x69,
    0x55, 0xF3, 0xDC, 0xE4, 0x70, 0x9C, 0xB9, 0xCA, 0x27, 0xCF, 0xFC, 0x12, 0x84, 0x7B, 0x6B, 0x0A,
    0x36, 0xBE, 0xAE, 0x66, 0x83, 0xE0, 0x6E, 0x7B, 0x1E, 0x4C, 0x95, 0xA7, 0xFC, 0xDE, 0x86, 0x92,
    0x76, 0x85, 0x7E, 0xED, 0x4C, 0xE4, 0xE0, 0xC6, 0xDA, 0xFF, 0x6B, 0xDB, 0x5A, 0x95, 0x5B, 0x73,
    0x7D, 0x53, 0xD0, 0x05, 0x77, 0xF8, 0x0D, 0x6D, 0x79, 0xD6, 0xE7, 0x51, 0xD1, 0x51, 0xB0, 0x3F,
    0x90, 0x1B, 0x5E, 0xA5, 0xB5, 0xD3, 0xC5, 0x5F, 0xF4, 0xB3, 0xD8, 0xBD, 0xA7, 0xAE, 0x87, 0xFF,
    0xF9, 0x2A, 0x84, 0xC5, 0xDF, 0x7E, 0xCA, 0xE2, 0xAB, 0x69, 0x21, 0x4B, 0x14, 0x57, 0x1B, 0x8D,
    0x59, 0xD6, 0x9F, 0x57, 0x91, 0xE4, 0x5F, 0xDC, 0x87, 0x40, 0x06, 0x62, 0x21, 0xC9, 0xB0, 0x9E,
    0x93, 0x13, 0x9D, 0xAC, 0xF4, 0xAA, 0x29, 0x33, 0x4C, 0xAD, 0xAD, 0x2E, 0xC3, 0x75, 0xAA, 0xC1,
    0xBB, 0xD9, 0xE0, 0x93, 0x0D, 0xA3, 0x81, 0xD0, 0xCA, 0x08, 0xCD, 0x7C, 0x57, 0x11, 0xAF, 0x6A,
    0xFF, 0xC6, 0x5E, 0xE7, 0x82, 0xB2, 0xA9, 0xFF, 0x33, 0x7C, 0x7D, 0x4C, 0x83, 0xF3, 0x84, 0xFB,
    0x98, 0x00, 0x9D, 0x55, 0xCB, 0xAA, 0xE5, 0x20, 0x10, 0x2C, 0xE8, 0x6D, 0x81, 0xBF, 0xD2, 0x90,
    0x6D, 0xC0, 0x5F, 0x2F, 0xE8, 0xAD, 0x90, 0x5F, 0x11, 0xB2, 0x0D, 0x38, 0x69, 0x92, 0x30, 0xF7,
    0x40, 0xEE, 0x70, 0x1C, 0xAB, 0x8D, 0xF6, 0xA3, 0x7C, 0x6B, 0xDA, 0x99, 0x00, 0x98, 0x00, 0x3C,
    0x65, 0xB5, 0xD8, 0x7B, 0x5B, 0x58, 0xCB, 0x5E, 0x3A, 0x17, 0x3A, 0x97, 0xFD, 0xA7, 0xFF, 0x29,
    0x97, 0x33, 0xBD, 0xF1, 0x3D, 0x6E, 0x7E, 0x5B, 0xB2, 0x4C, 0xDD, 0x66, 0xF8, 0xB5, 0x44, 0xB9,
    0xFA, 0x8F, 0xD1, 0x9B, 0xB1, 0xD2, 0xCA, 0x54, 0xFF, 0x5B, 0x94, 0xE3, 0xE4, 0x2F, 0x5B, 0xF2,
    0x17, 0xA6, 0x3E, 0xD5, 0xFF, 0x49, 0x68, 0x6B, 0x73, 0x2E, 0x6D, 0x69, 0xDE, 0x3C, 0xF5, 0xB9,
    0xFE, 0x77, 0x3B, 0x9A, 0x61, 0x39, 0xCB, 0xDE, 0x2C, 0xF5, 0x31, 0xC3, 0x2F, 0xD1, 0xF7, 0x4E,
    0x63, 0xB1, 0x18, 0x52, 0xAE, 0xC3, 0xE4, 0xF8, 0x6F, 0x7E, 0x8D, 0x18, 0x1D, 0x27, 0x7F, 0x8B,
    0xD9, 0xF5, 0xDB, 0x7B, 0x10, 0x35, 0x2C, 0x7A, 0xC0, 0x3D, 0xCA, 0xD4, 0xFC, 0xB9, 0xEC, 0x7B,
    0x73, 0x79, 0xE9, 0x5A, 0xB2, 0xA4, 0xC7, 0x14, 0xDF, 0x97, 0xBE, 0x77, 0xCF, 0x8E, 0x15, 0x4D,
    0x72, 0xC3, 0x1C, 0xBF, 0xD2, 0xF6, 0xE7, 0xDC, 0xE4, 0x3A, 0x78, 0xD9, 0xF7, 0x49, 0x7E, 0xF9,
    0xE4, 0xF7, 0x29, 0x3E, 0x0E, 0x9A, 0x82, 0x57, 0xD9, 0x08, 0x04, 0x6D, 0x6E, 0xFF, 0xF7, 0xBD,
    0x13, 0x2C, 0xA6, 0x5D, 0x5A, 0x90, 0xF7, 0xE0, 0xFF, 0xF9, 0xCE, 0x93, 0x3F, 0x37, 0x7F, 0xEB,
    0x79, 0xEF, 0xE0, 0x0D, 0x7B, 0x6F, 0x60, 0xB5, 0xD9, 0xF5, 0xF3, 0xA5, 0x37, 0xEF, 0x59, 0x76,
    0xBA, 0xBB, 0x69, 0xCC, 0xF1, 0xF3, 0xDD, 0x70, 0x9E, 0xFC, 0xBD, 0x73, 0x81, 0xDB, 0xE4, 0xFC,
    0xF3, 0xFC, 0x1A, 0x51, 0xCC, 0x42, 0x01, 0xAF, 0x56, 0x62, 0x72, 0xFD, 0xAE, 0x7D, 0xA7, 0x8D,
    0x2C, 0x53, 0x9F, 0xE1, 0x93, 0x8A, 0x6D, 0x95, 0xD8, 0x5A, 0x34, 0xEE, 0x4A, 0x7D, 0x6E, 0xFC,
    0xCA, 0x79, 0xB3, 0xE4, 0xBE, 0xCF, 0xBF, 0x7F, 0xA8, 0x37, 0xBF, 0xE6, 0xFB, 0xC7, 0x93, 0xDF,
    0xE6, 0xF8, 0x25, 0x34, 0x4E, 0x3E, 0x0A, 0x7D, 0x57, 0xEE, 0x83, 0xCD, 0x9D, 0x9F, 0x52, 0x62,
    0xEB, 0x4E, 0x72, 0x69, 0x25, 0xBC, 0x71, 0x3D, 0xF5, 0xF9, 0xF3, 0x0B, 0x15, 0x22, 0xD4, 0xA0,
    0xEB, 0xFC, 0xCD, 0xF3, 0xDD, 0x14, 0x1D, 0xAE, 0xB2, 0xC5, 0xE4, 0xFD, 0x1D, 0x11, 0x20, 0xD0,
    0x69, 0x22, 0x61, 0x7D, 0xF2, 0xFE, 0x3E, 0xF7, 0x27, 0xC2, 0xBA, 0x16, 0x94, 0x32, 0x77, 0xFE,
    0xAD, 0x2B, 0x82, 0xBB, 0xAC, 0xB7, 0x08, 0x48, 0x86, 0xC9, 0xF3, 0x53, 0x94, 0xFF, 0x3D, 0xD4,
    0x2D, 0xEC, 0xBE, 0xC7, 0xBF, 0xF6, 0x0F, 0x09, 0x7A, 0x12, 0x1C, 0x5E, 0xE4, 0x5D, 0x2D, 0x90,
    0x68, 0x5C, 0x53, 0x87, 0x03, 0x87, 0x19, 0x8D, 0x20, 0x0C, 0xF5, 0x80, 0x0C, 0x44, 0x0D, 0xAD,
    0xDB, 0xBE, 0xAE, 0xCE, 0xC4, 0x7A, 0xD6, 0x05, 0xB9, 0xE1, 0x14, 0x32, 0xC5, 0x1C, 0x75, 0x00,
    0xBA, 0xBE, 0xB7, 0xDC, 0x3D, 0x01, 0x77, 0xAD, 0xC8, 0xDD, 0xD7, 0x15, 0x21, 0x75, 0xAD, 0x9D,
    0x2B, 0x0B, 0xAD, 0xC3, 0xBB, 0xBB, 0x17, 0xB5, 0x86, 0x81, 0x82, 0xEE, 0x95, 0x9E, 0xA3, 0xB2,
    0x47, 0xEC, 0x54, 0xBD, 0xB2, 0xA0, 0x63, 0xE0, 0x64, 0xA3, 0x66, 0x16, 0x30, 0x44, 0x77, 0x05,
    0x02, 0x2E, 0xFA, 0x18, 0xB0, 0x0B, 0xE3, 0x6E, 0x08, 0xF4, 0x41, 0x29, 0x52, 0x86, 0xA9, 0x99,
    0x47, 0x36, 0x7D, 0x35, 0x34, 0x54, 0xEF, 0x61, 0x55, 0x40, 0x7F, 0x65, 0x0C, 0xFD, 0x54, 0x01,
    0x8C, 0x27, 0xD4, 0xB0, 0x42, 0x37, 0x11, 0x2A, 0x40, 0x92, 0xC1, 0x55, 0xE2, 0x07, 0xD6, 0xD1,
    0x84, 0x0B, 0xE5, 0xA8, 0x3E, 0x6E, 0x54, 0x2F, 0x6E, 0x1F, 0x90, 0xC8, 0x58, 0x79, 0x30, 0xD3,
    0x1A, 0x11, 0x2B, 0xC6, 0x35, 0x99, 0x6B, 0x62, 0x84, 0x1F, 0x10, 0x4F, 0xB9, 0xD7, 0x99, 0xF4,
    0x15, 0xDE, 0x10, 0x34, 0x1B, 0x97, 0x0D, 0x70, 0x42, 0xC7, 0x13, 0x93, 0xE2, 0x07, 0x17, 0x43,
    0x58, 0xDA, 0xD0, 0xD3, 0x6E, 0xA3, 0xC2, 0x21, 0x39, 0x20, 0xA1, 0x40, 0x40, 0x00, 0x0A, 0x43,
    0xAE, 0x2B, 0xB8, 0x00, 0x1E, 0x80, 0x0F, 0x41, 0x86, 0xCC, 0x09, 0xE4, 0x17, 0x4C, 0x26, 0x44,
    0xD1, 0xBD, 0xA4, 0xD7, 0x04, 0x38, 0x32, 0xF5, 0x14, 0xE3, 0x2D, 0xB4, 0x94, 0x3A, 0xE4, 0x48,
    0x11, 0xFC, 0x14, 0x10, 0x58, 0x01, 0x7D, 0x1D, 0xEF, 0xC0, 0x01, 0xB3, 0x6F, 0xE3, 0xAD, 0x81,
    0xFD, 0xEB, 0xE0, 0x74, 0x7D, 0x1B, 0xFC, 0x04, 0x7C, 0x17, 0x5C, 0x47, 0x47, 0x00, 0x99, 0xCD,
    0xAE, 0x7C, 0xFD, 0x52, 0x70, 0xBA, 0x00, 0xB7, 0x2B, 0x2B, 0xF3, 0x69, 0xC7, 0x40, 0x49, 0xBA,
    0x3B, 0xA0, 0x1F, 0xE2, 0x29, 0x5E, 0x20, 0x8C, 0x5B, 0xB9, 0x06, 0x40, 0x14, 0x40, 0xB8, 0x4F,
    0x67, 0xE2, 0xA9, 0x5D, 0x75, 0x38, 0xBA, 0xE1, 0x77, 0xBF, 0xA1, 0xC8, 0xFD, 0x77, 0x3F, 0x9D,
    0xFF, 0xF0, 0xAA, 0x13, 0xFE, 0x23, 0x71, 0xD5, 0xA7, 0x8E, 0x0A, 0x09, 0xE0, 0x2F, 0x68, 0xED,
    0x23, 0xBC, 0x0C, 0x10, 0x9D, 0xCF, 0xD3, 0x31, 0xF4, 0x77, 0x6D, 0x53, 0xD0, 0xCB, 0xC0, 0xB3,
    0xAF, 0x10, 0xD4, 0xA1, 0x86, 0x94, 0x80, 0xEE, 0xE4, 0x12, 0x95, 0x62, 0x12, 0x12, 0xE8, 0x00,
    0x91, 0xE9, 0x40, 0xB1, 0x6B, 0x65, 0x5D, 0xA0, 0x1E, 0xB9, 0x2C, 0xC5, 0x84, 0x03, 0x30, 0xA0,
    0x00, 0xFE, 0x6D, 0xFC, 0x73, 0x28, 0xBF, 0x8E, 0xDF, 0x61, 0xEB, 0xB7, 0xC1, 0x66, 0x13, 0x2D,
    0xCB, 0x9C, 0x74, 0x93, 0x89, 0xEE, 0x94, 0x01, 0x8E, 0x43, 0x49, 0x33, 0x77, 0xBA, 0x48, 0x79,
    0x8A, 0x44, 0x97, 0x2F, 0x48, 0x1A, 0x0F, 0x38, 0x40, 0xA0, 0x00, 0xD0, 0xBD, 0xA6, 0xFF, 0x10,
    0x37, 0x94, 0x23, 0x09, 0x58, 0x67, 0xE2, 0x05, 0xEB, 0x20, 0xBF, 0x8D, 0x27, 0x53, 0xFE, 0x6F,
    0x30, 0x9F, 0x7F, 0x9E, 0xEC, 0x17, 0xFA, 0x90, 0xC4, 0xE8, 0xA2, 0xEC, 0x04, 0xCF, 0x1A, 0x2E,
    0x54, 0xC9, 0xC5, 0x13, 0xBE, 0x75, 0xAD, 0xE2, 0x5D, 0xD7, 0x73, 0xBD, 0x6A, 0x17, 0x41, 0xAC,
    0xB5, 0x5D, 0x0F, 0x79, 0xDD, 0xAE, 0x8B, 0xF5, 0xE6, 0xB9, 0xAE, 0xD4, 0x9B, 0xA7, 0xF8, 0xF2,
    0xDA, 0x56, 0x16, 0xEF, 0x2D, 0x51, 0xEF, 0x7D, 0xD4, 0x7E, 0x40, 0xC5, 0x00, 0x42, 0x58, 0xA1,
    0xBA, 0x0D, 0x89, 0x80, 0x08, 0xA9, 0x1A, 0xAA, 0x0E, 0xE4, 0x28, 0x44, 0x21, 0xF1, 0xBC, 0xD1,
    0x06, 0x57, 0x81, 0x63, 0x85, 0x01, 0x4F, 0x04, 0xC7, 0xF1, 0x44, 0x40, 0x26, 0xBE, 0x7A, 0xAE,
    0x59, 0xBD, 0x79, 0x78, 0xE2, 0xCD, 0xAE, 0x4E, 0xBC, 0xBC, 0x0C, 0x6F, 0xCF, 0xC2, 0xFB, 0x83,
    0xA0, 0x82, 0x45, 0xA5, 0x67, 0xBB, 0x0F, 0xB2, 0xDD, 0x6B, 0x15, 0xB7, 0xDE, 0xA9, 0x0F, 0x3C,
    0x7B, 0x55, 0xF4, 0xC1, 0x78, 0x99, 0x55, 0xE2, 0x7D, 0x56, 0x9F, 0xBD, 0xBC, 0xD9, 0xB3, 0xF2,
    0xDE, 0x92, 0x21, 0xD3, 0x38, 0x00, 0x20, 0x35, 0x30, 0xC7, 0xAE, 0x16, 0x0C, 0xB6, 0x13, 0xFE,
    0xE3, 0x3C, 0x89, 0x1F, 0x58, 0x6B, 0xBB, 0xCE, 0xD3, 0x9B, 0xE7, 0x1A, 0xE3, 0x9B, 0x27, 0x8B,
    0x37, 0xFB, 0x33, 0xDF, 0xD4, 0xFD, 0x4C, 0x69, 0xBE, 0x46, 0xC8, 0x13, 0x1D, 0x4A, 0x60, 0x53,
    0xFF, 0x31, 0x87, 0xEE, 0x9B, 0x84, 0x0B, 0x69, 0xF8, 0x9D, 0xFD, 0x07, 0x8D, 0x96, 0xCD, 0xAA,
    0xEB, 0x38, 0x10, 0x84, 0x3F, 0xE8, 0x6D, 0x83, 0x5E, 0xA5, 0x20, 0x5B, 0x83, 0x5F, 0xBD, 0x20,
    0x5B, 0xC3, 0x79, 0x15, 0xC1, 0x6C, 0x0D, 0x9A, 0x89, 0x8D, 0x12, 0xFB, 0x1E, 0x65, 0xAE, 0x54,
    0x25, 0xB0, 0xA5, 0xEE, 0xCF, 0xED, 0x5F, 0x39, 0x1A, 0x00, 0xF5, 0xE5, 0x48, 0x4E, 0x67, 0xBC,
    0xBC, 0x36, 0x8B, 0x97, 0x8D, 0x8C, 0xD6, 0x0A, 0x6B, 0x75, 0x92, 0x2C, 0xEB, 0xE6, 0x74, 0x7A,
    0x59, 0x7F, 0x22, 0x60, 0x9F, 0x45, 0x48, 0xC5, 0x23, 0xC8, 0xDF, 0x73, 0x25, 0x0C, 0x4F, 0xD8,
    0x47, 0x35, 0x10, 0x19, 0x95, 0x84, 0x05, 0x0C, 0x40, 0xA3, 0x60, 0x21, 0x81, 0x2F, 0xD6, 0xCB,
    0x2A, 0x98, 0x06, 0xA2, 0x06, 0x50, 0x2C, 0x39, 0xCD, 0xA1, 0x3C, 0x4A, 0x14, 0xEC, 0x44, 0xCC,
    0x92, 0xE2, 0x60, 0x7C, 0x23, 0x69, 0x1E, 0x33, 0x2E, 0x27, 0x02, 0x36, 0xE6, 0x39, 0x52, 0x7A,
    0x4C, 0xCA, 0x24, 0xCE, 0x44, 0x68, 0x15, 0x17, 0x8C, 0x0F, 0xEB, 0x62, 0xBF, 0x5C, 0x68, 0x15,
    0x52, 0xA7, 0xCB, 0x66, 0x2D, 0x38, 0x6F, 0xD6, 0x42, 0xD9, 0x28, 0x8D, 0xA4, 0x26, 0x79, 0x38,
    0x9A, 0x3F, 0xB7, 0xF1, 0x70, 0x2D, 0x0D, 0x32, 0x76, 0xB2, 0x6C, 0x5A, 0x9C, 0x5D, 0x5A, 0xCA,
    0xB6, 0x56, 0x68, 0xCD, 0x9C, 0xEA, 0x5B, 0xE7, 0xF6, 0x5A, 0xDF, 0x67, 0x90, 0x6D, 0xEF, 0x67,
    0xF0, 0xEA, 0xDF, 0x73, 0x8E, 0xD9, 0x41, 0x56, 0x10, 0x7C, 0xCF, 0x0A, 0x82, 0x51, 0xD6, 0xB7,
    0xF8, 0x24, 0x55, 0xFC, 0x3B, 0xFE, 0x1C, 0xEF, 0x57, 0xFF, 0x7B, 0x8D, 0xE9, 0xFB, 0xF1, 0x86,
    0x8F, 0xDD, 0x4E, 0x89, 0xFB, 0x7D, 0x5E, 0xAB, 0x91, 0x5E, 0xAE, 0x25, 0xC4, 0xAE, 0xFE, 0xD8,
    0xFD, 0xBE, 0xAE, 0xA4, 0xD3, 0x5A, 0x1D, 0x01, 0xFB, 0x2C, 0xEE, 0x28, 0x81, 0xEF, 0x30, 0x04,
    0x9A, 0xAF, 0x2D, 0xF8, 0x5F, 0xD8, 0x04, 0x03, 0x40, 0xDD, 0x06, 0x07, 0x7F, 0xC5, 0x9A, 0xA8,
    0x64, 0x02, 0x18, 0x5F, 0xDD, 0x9A, 0xCD, 0x9F, 0x4E, 0x56, 0x6C, 0xF0, 0xA1, 0x9F, 0x5A, 0xD3,
    0x37, 0xDD, 0x53, 0xC7, 0x0C, 0xD3, 0x86, 0xB9, 0x8B, 0x7F, 0x80, 0xFC, 0xA2, 0x6F, 0xB3, 0xCD,
    0x7D, 0x74, 0x76, 0xCE, 0x5E, 0xAF, 0xA4, 0xC9, 0x59, 0x5D, 0x9A, 0x9F, 0xBB, 0xC4, 0x75, 0xD7,
    0xC6, 0xC3, 0xC6, 0xD8, 0xCF, 0x6E, 0x37, 0x9E, 0x4F, 0x9E, 0xBD, 0x45, 0xC4, 0x82, 0xA3, 0x66,
    0x02, 0xBA, 0xCB, 0x87, 0xD6, 0xF7, 0x3D, 0xC8, 0x2F, 0xAA, 0x38, 0x9C, 0x96, 0xFD, 0xE4, 0x87,
    0x6A, 0xDB, 0x72, 0x3A, 0x1D, 0x10, 0x87, 0x12, 0x1F, 0x3A, 0x63, 0x36, 0x76, 0x9E, 0x9C, 0x51,
    0xEF, 0x88, 0xC1, 0x5C, 0x50, 0x10, 0xE0, 0xA1, 0xDA, 0x9E, 0x8B, 0xF1, 0xB5, 0x7D, 0x89, 0xFB,
    0x1C, 0x43, 0x97, 0x86, 0x24, 0xDF, 0x3F, 0xAA, 0xFC, 0x76, 0xDB, 0x5F, 0xD7, 0x6A, 0x73, 0x6F,
    0x83, 0x98, 0x34, 0x79, 0x8D, 0xF7, 0x55, 0x97, 0xB2, 0x92, 0x6E, 0x53, 0x60, 0x81, 0x0D, 0xF2,
    0xE2, 0xD2, 0x2C, 0x49, 0x8B, 0xEA, 0x59, 0xA0, 0xA0, 0x12, 0x00, 0x18, 0x57, 0xBC, 0x1D, 0x7E,
    0xD2, 0x8B, 0x91, 0x9D, 0x87, 0xC3, 0xC6, 0x38, 0x9C, 0x30, 0x7A, 0x49, 0x66, 0xB2, 0x01, 0x75,
    0x7B, 0x00, 0xF9, 0x5C, 0xC5, 0xEB, 0x22, 0x35, 0x83, 0x96, 0xD2, 0x31, 0x2C, 0xEC, 0x73, 0xC0,
    0xC7, 0xCE, 0x12, 0x68, 0xE0, 0xB9, 0xE2, 0xBB, 0xCB, 0xA8, 0xF2, 0x53, 0x35, 0xDA, 0xFD, 0xE3,
    0x88, 0x4C, 0xBE, 0x7D, 0x8E, 0x94, 0x30, 0x3B, 0xD7, 0xA5, 0xED, 0x54, 0x5F, 0xE6, 0xF7, 0x59,
    0xC4, 0x2B, 0x61, 0x04, 0xE1, 0x1F, 0xF3, 0x24, 0x72, 0x96, 0x53, 0x96, 0x94, 0xC6, 0xA4, 0xBD,
    0xED, 0x25, 0x8C, 0x30, 0xBA, 0x3C, 0xEE, 0x7D, 0xAB, 0x8F, 0x97, 0x30, 0x47, 0xAC, 0x77, 0xF4,
    0x08, 0x9C, 0xF8, 0xE8, 0xA5, 0xD9, 0xC9, 0xB1, 0xAF, 0x35, 0x78, 0xCD, 0x5F, 0x9F, 0xB9, 0x56,
    0x8F, 0xA9, 0x38, 0x9C, 0xD7, 0xDD, 0x6E, 0x1C, 0x45, 0xFC, 0x54, 0x9F, 0x6D, 0x26, 0x01, 0xC0,
    0x9C, 0x0E, 0x3E, 0xB9, 0x48, 0xB2, 0x44, 0x9A, 0xF9, 0xA3, 0xDB, 0x0F, 0x12, 0x78, 0x78, 0x41,
    0x37, 0x5D, 0x7F, 0x35, 0xCB, 0x8E, 0xCE, 0x70, 0x2C, 0x28, 0xC0, 0x0E, 0xEF, 0x91, 0xA0, 0xEC,
    0xF4, 0x77, 0x67, 0xB5, 0x65, 0x55, 0x0A, 0x54, 0xEB, 0xBA, 0x60, 0xCD, 0x92, 0x82, 0x62, 0x69,
    0x44, 0x9A, 0xAB, 0x03, 0x4C, 0x8A, 0xF0, 0x80, 0x10, 0x04, 0x72, 0xF9, 0xBC, 0x80, 0x6F, 0xA4,
    0x70, 0x31, 0xAC, 0x37, 0x98, 0xFD, 0x60, 0x7C, 0x52, 0xAD, 0x19, 0x33, 0xE3, 0xB3, 0x14, 0xA9,
    0xE9, 0x6C, 0x25, 0xF3, 0xB9, 0x5C, 0x3F, 0x00, 0x53, 0xA8, 0x23, 0xB5, 0x59, 0x5C, 0x55, 0xFE,
    0xCC, 0x8D, 0x7D, 0x90, 0x2B, 0xB5, 0xC3, 0x52, 0x89, 0x8D, 0xAC, 0x00, 0xC6, 0x63, 0x5F, 0x4E,
    0xBE, 0xE8, 0x61, 0x70, 0xDE, 0xB4, 0xAC, 0x5B, 0xD9, 0x67, 0x09, 0x6B, 0x1D, 0xE5, 0x67, 0x12,
    0xD3, 0x45, 0x48, 0x65, 0x58, 0x04, 0x26, 0x04, 0x9E, 0xE5, 0x04, 0xE9, 0x60, 0x44, 0x8A, 0x1F,
    0x22, 0x49, 0xCD, 0x91, 0xFA, 0xE7, 0x64, 0x44, 0x9A, 0xAB, 0x83, 0x48, 0xA2, 0x0E, 0xD2, 0x93,
    0x54, 0x31, 0x09, 0xAC, 0x80, 0x0D, 0x80, 0x13, 0xF7, 0xAE, 0x47, 0xD0, 0x7B, 0x7A, 0x7B, 0xF7,
    0x40, 0xEF, 0x7E, 0xFD, 0xC3, 0xB6, 0xD2, 0x4A, 0x49, 0xDA, 0xA5, 0x4D, 0xB9, 0xF9, 0x3F, 0x47,
    0x1C, 0xB3, 0xF7, 0xBF, 0x48, 0x05, 0x0A, 0xB2, 0xAF, 0x4C, 0x51, 0xC1, 0x37, 0xF7, 0x97, 0xD2,
    0xE9, 0x03, 0x98, 0x4E, 0x17, 0x07, 0x41, 0x92, 0x54, 0x42, 0x2F, 0x77, 0xD8, 0x57, 0xCC, 0xF5,
    0xAB, 0xB2, 0x36, 0x13, 0x50, 0x20, 0x41, 0x50, 0xE1, 0x3E, 0xD0, 0x9A, 0x11, 0x35, 0x80, 0x56,
    0x11, 0x3E, 0x0F, 0x26, 0x7C, 0xEE, 0xA3, 0x59, 0x4C, 0x30, 0x86, 0xF4, 0xD7, 0xF0, 0x80, 0x60,
    0xA2, 0xE7, 0x98, 0xB8, 0xA4, 0xDB, 0x0F, 0x72, 0x08, 0xE0, 0x6C, 0x35, 0x78, 0x69, 0x25, 0x2E,
    0x02, 0xF8, 0x17, 0x9D, 0x96, 0xC1, 0xAA, 0xEB, 0x3E, 0x0F, 0xC4, 0x7F, 0xA0, 0xAD, 0xC0, 0xAF,
    0x32, 0xD0, 0xAD, 0xC1, 0xAF, 0x3E, 0x90, 0x6D, 0xA0, 0xAF, 0x62, 0xB8, 0xDB, 0x40, 0xBE, 0x36,
    0xA9, 0xF9, 0xD2, 0x73, 0x9B, 0xFE, 0x73, 0xAE, 0x66, 0xC2, 0xC9, 0x41, 0xCA, 0x34, 0x56, 0x24,
    0xD9, 0x2C, 0x51, 0x62, 0x12, 0x37, 0x51, 0x4D, 0x7A, 0x50, 0x48, 0xA8, 0x84, 0x59, 0x28, 0xB6,
    0x64, 0xA7, 0x5D, 0x70, 0xBE, 0x28, 0x51, 0x8C, 0xE9, 0x83, 0xFE, 0x9B, 0x0A, 0xCA, 0x82, 0xD3,
    0xCE, 0x9F, 0x8F, 0xBB, 0xD2, 0x66, 0xB8, 0x91, 0x00, 0xB5, 0xDD, 0x62, 0x43, 0x3E, 0xA0, 0x27,
    0x6A, 0x63, 0xD8, 0x8D, 0xAC, 0xDC, 0xB8, 0xB5, 0x11, 0xF1, 0xD3, 0x1F, 0x19, 0x04, 0xE5, 0xCD,
    0x5F, 0x1A, 0x07, 0x53, 0x53, 0x1C, 0x30, 0x69, 0x6A, 0xF5, 0xE0, 0x0E, 0x85, 0x50, 0x39, 0xC6,
    0xB4, 0x89, 0xA4, 0xB3, 0x59, 0x8D, 0x8C, 0x24, 0x4B, 0xC6, 0xFF, 0xB1, 0x1E, 0xFC, 0xA0, 0xFB,
    0x53, 0xB3, 0x3E, 0x70, 0x7B, 0x40, 0x7F, 0x1E, 0x98, 0xDF, 0xF4, 0x27, 0xB9, 0xDE, 0x37, 0xFF,
    0x06, 0x3D, 0x10, 0x49, 0x1F, 0x7E, 0x02, 0x6E, 0xA5, 0x4E, 0x7A, 0x61, 0xF8, 0x23, 0x60, 0x06,
    0x01, 0xD0, 0x9F, 0x8C, 0x7C, 0x31, 0xE3, 0xC9, 0xB6, 0x5A, 0x3C, 0x69, 0x64, 0x24, 0xA5, 0x03,
    0x68, 0xDD, 0x49, 0x52, 0xDB, 0xEC, 0x7C, 0xA0, 0xB6, 0xBB, 0xBD, 0xA7, 0x3A, 0x4F, 0x70, 0xEE,
    0x7F, 0x7B, 0x87, 0x85, 0x12, 0x16, 0x12, 0x3A, 0xAB, 0x96, 0xF1, 0x0E, 0xC5, 0x92, 0x73, 0x40,
    0x2A, 0xCE, 0x24, 0x04, 0x06, 0x30, 0x1E, 0x3C, 0x2D, 0x9C, 0xA1, 0xE4, 0x7C, 0x43, 0x6D, 0x73,
    0x59, 0x00, 0x32, 0xC9, 0xBC, 0x2A, 0xD6, 0x3A, 0xA4, 0xD3, 0x9F, 0xE4, 0x48, 0xA8, 0xE0, 0x5F,
    0x8B, 0x22, 0x7A, 0x70, 0x2E, 0x3C, 0x56, 0xFC, 0x6B, 0x61, 0x29, 0xFD, 0x55, 0x18, 0x0A, 0xFF,
    0x24, 0x4C, 0xE5, 0x9B, 0xF0, 0xFE, 0xD5, 0xC8, 0x75, 0x19, 0x5F, 0x2D, 0x56, 0x60, 0x2F, 0xBA,
    0xAB, 0x65, 0x38, 0x72, 0xFD, 0xA9, 0x10, 0x77, 0x39, 0x04, 0xFA, 0x8D, 0x5C, 0xF0, 0xB9, 0xAE,
    0x79, 0x3A, 0x01, 0xDA, 0xDA, 0x99, 0xE0, 0x79, 0x45, 0xEC, 0x57, 0xC6, 0xDA, 0x33, 0x9E, 0x2E,
    0x50, 0xEC, 0x97, 0xB7, 0x6B, 0xED, 0xAC, 0x86, 0x4D, 0x71, 0xC1, 0x25, 0x20, 0x31, 0x15, 0xB7,
    0xFB, 0x6A, 0x27, 0x38, 0xB1, 0x5B, 0xD0, 0xBC, 0x1C, 0xAB, 0x1E, 0xEF, 0x6C, 0xDD, 0x48, 0xA5,
    0x8B, 0x5E, 0x42, 0x2C, 0x2A, 0xB3, 0xAA, 0x73, 0x40, 0xB5, 0xCC, 0x5B, 0x06, 0xD5, 0x7C, 0xEC,
    0x9F, 0x53, 0x25, 0x34, 0x94, 0x46, 0x0F, 0xF3, 0xB7, 0x22, 0xB9, 0x2B, 0x8E, 0x08, 0x87, 0xD3,
    0xB2, 0x27, 0xEE, 0x74, 0xDB, 0xD6, 0x16, 0x1B, 0xA3, 0x97, 0xBD, 0x61, 0x8F, 0x98, 0x59, 0x98,
    0xD8, 0x63, 0xAE, 0x74, 0x31, 0x86, 0x09, 0x96, 0x4F, 0x6D, 0x4C, 0x8E, 0xB2, 0xE0, 0x57, 0x52,
    0xAD, 0x73, 0x2A, 0x97, 0x0A, 0x03, 0xB4, 0x05, 0xE1, 0x20, 0x3A, 0xF9, 0x84, 0x6A, 0xE9, 0xBC,
    0x6C, 0xC4, 0x94, 0x9F, 0x31, 0x59, 0xFA, 0x7F, 0xCD, 0xB7, 0x21, 0x72, 0xBE, 0xD7, 0x0C, 0xFB,
    0xBA, 0xD7, 0x10, 0x9C, 0xED, 0x35, 0x63, 0x88, 0x5C, 0xFD, 0xCE, 0x88, 0xFE, 0xFD, 0x3B, 0xF3,
    0x32, 0x79, 0xC3, 0xDC, 0x66, 0x0D, 0x88, 0x83, 0xDD, 0x7A, 0x4D, 0x3D, 0x21, 0xF9, 0x46, 0x45,
    0x1B, 0xE0, 0x38, 0x24, 0x8C, 0x3B, 0x9E, 0x37, 0x4E, 0xF8, 0x65, 0x1A, 0x3B, 0x73, 0xD8, 0x78,
    0xCC, 0x86, 0x7B, 0xEF, 0xE9, 0x37, 0x1C, 0xD7, 0x36, 0xDA, 0xF5, 0x52, 0xEB, 0x8E, 0x45, 0x06,
    0x67, 0x1B, 0x13, 0x08, 0xE8, 0x10, 0xFC, 0x5B, 0x23, 0x63, 0x08, 0x43, 0x72, 0xBD, 0xA1, 0x03,
    0xCA, 0x68, 0x49, 0xC4, 0xE2, 0x12, 0x56, 0x48, 0x29, 0x67, 0x5A, 0x1B, 0x9D, 0xB2, 0x6E, 0xA8,
    0x84, 0x73, 0x41, 0x30, 0xD6, 0x42, 0x96, 0x2E, 0x79, 0x9E, 0x72, 0xCA, 0xF9, 0x01, 0xE9, 0xEE,
    0xDA, 0x49, 0xFD, 0x62, 0x42, 0xFE, 0xB1, 0x9C, 0xFA, 0x98, 0x8F, 0x85, 0x88, 0xAB, 0x32, 0xC5,
    0xFA, 0x28, 0x32, 0xE4, 0xD7, 0xD5, 0xEC, 0xD8, 0xEF, 0xC6, 0xFD, 0xF0, 0x8F, 0x6E, 0x5C, 0x17,
    0xB3, 0x77, 0x63, 0xB1, 0xBE, 0x3C, 0x57, 0xAC, 0x8F, 0x4F, 0x0D, 0xBD, 0x38, 0xC1, 0xB9, 0xBF,
    0x61, 0x43, 0x9E, 0xE0, 0xCC, 0x5B, 0x2A, 0x91, 0x30, 0x5D, 0x1C, 0x41, 0xE3, 0xF7, 0x3F, 0x4C,
    0x9F, 0x91, 0xEE, 0x4B, 0x32, 0xC5, 0xFA, 0x28, 0xF2, 0xC7, 0x68, 0x0B, 0x05, 0xD6, 0x8E, 0x13,
    0xC7, 0xC6, 0x3C, 0xFE, 0x3B, 0xC8, 0x48, 0x17, 0xD9, 0xCB, 0xCF, 0x85, 0x19, 0x5D, 0x96, 0xD9,
    0xB3, 0x73, 0x73, 0x45, 0x6F, 0x18, 0xC5, 0x78, 0xED, 0x4C, 0x30, 0xB2, 0xF3, 0xE9, 0x34, 0x10,
    0x9D, 0xBC, 0x2C, 0x53, 0x2C, 0x9D, 0x1C, 0xD6, 0x14, 0xBC, 0x22, 0xA1, 0x00, 0x0B, 0x04, 0xC7,
    0x67, 0x01, 0xFC, 0x62, 0x40, 0xB3, 0x65, 0x75, 0x0A, 0x74, 0xCB, 0x6A, 0x1E, 0xB5, 0x93, 0xAF,
    0x8A, 0xFC, 0xCA, 0x9F, 0x72, 0xD2, 0xAA, 0xDD, 0x0A, 0x99, 0x29, 0x5E, 0x56, 0xBA, 0x52, 0x49,
    0xD2, 0x8B, 0x48, 0xF6, 0x3B, 0x86, 0x31, 0x62, 0x86, 0x67, 0xFC, 0xE5, 0xCB, 0x41, 0x76, 0x5D,
    0x3F, 0xA5, 0xE8, 0xB8, 0x21, 0x7F, 0x18, 0xAF, 0xFF, 0x03, 0xB5, 0x96, 0x01, 0xC6, 0x2C, 0x49,
    0x10, 0x84, 0x3F, 0x12, 0x20, 0xC8, 0xAB, 0x04, 0x03, 0x30, 0xCC, 0xD5, 0x93, 0x06, 0x18, 0xDE,
    0x55, 0xEA, 0x00, 0x4D, 0xEF, 0x3C, 0x76, 0xD7, 0xDA, 0x55, 0x61, 0xFF, 0x66, 0x3E, 0xA0, 0x84,
    0x9A, 0x9C, 0x4A, 0x11, 0x99, 0xDD, 0xB0, 0x48, 0xAC, 0x26, 0x51, 0x23, 0x13, 0x69, 0x79, 0x11,
    0x79, 0x9D, 0x44, 0xAE, 0x8B, 0x80, 0x65, 0x75, 0xA8, 0x50, 0x53, 0x43, 0xE0, 0xF9, 0x21, 0xBF,
    0x0F, 0x33, 0xCC, 0x5E, 0x97, 0xF7, 0x15, 0xBA, 0x6D, 0x22, 0x56, 0xBA, 0x0F, 0x0C, 0x43, 0xD0,
    0x65, 0x59, 0x66, 0xC3, 0x5A, 0x12, 0x81, 0x9A, 0xC7, 0x3B, 0xF7, 0xAF, 0x97, 0x65, 0xB1, 0x67,
    0x8A, 0x9A, 0x54, 0x81, 0x29, 0x92, 0x5E, 0x30, 0xEC, 0x69, 0x0A, 0xF1, 0x63, 0x0A, 0x06, 0xE7,
    0xFF, 0x2D, 0x02, 0xD3, 0xB1, 0xEF, 0x45, 0xAD, 0x02, 0xEA, 0x44, 0x88, 0x84, 0x79, 0x23, 0xCC,
    0xF0, 0x03, 0x6A, 0x44, 0xE5, 0xFA, 0x74, 0xD0, 0x7B, 0x8A, 0xD8, 0x77, 0x7A, 0x8A, 0x4C, 0xF0,
    0x85, 0x50, 0x89, 0x15, 0x5D, 0x7B, 0xF0, 0x84, 0x6F, 0x26, 0xF3, 0xBE, 0xEF, 0x8A, 0x1A, 0xDC,
    0x93, 0x73, 0x47, 0xAA, 0x4F, 0x51, 0xE4, 0xB9, 0x96, 0x72, 0x73, 0xE8, 0xD0, 0x73, 0xDD, 0x9F,
    0x0B, 0x35, 0xB2, 0x95, 0xEE, 0xDF, 0xC8, 0xF5, 0x17, 0x26, 0x77, 0xD2, 0xAE, 0xEB, 0xA7, 0x35,
    0x7B, 0xDD, 0xAF, 0x88, 0x99, 0x42, 0x98, 0x7F, 0x21, 0x84, 0x31, 0xC3, 0x14, 0xF5, 0xF7, 0x31,
    0x51, 0x83, 0x71, 0x0D, 0x01, 0x2B, 0xF5, 0xA7, 0x97, 0x9C, 0x5E, 0xF3, 0x5C, 0x87, 0x8A, 0xE7,
    0xB3, 0x26, 0xA5, 0x80, 0x29, 0x0A, 0xA6, 0x72, 0x97, 0x03, 0x46, 0x14, 0x81, 0x3C, 0xB9, 0x68,
    0x7B, 0x80, 0xFB, 0x39, 0xE4, 0x61, 0x9B, 0x40, 0x48, 0xDF, 0x82, 0x9C, 0xB2, 0xEC, 0xDD, 0xEC,
    0x5F, 0x59, 0x86, 0xFC, 0x32, 0xA6, 0xDF, 0x8F, 0x55, 0x6C, 0xF1, 0xAB, 0xE6, 0x54, 0xCC, 0x58,
    0xF0, 0x7C, 0x40, 0x7A, 0x5D, 0xCA, 0x7B, 0x79, 0x31, 0xEF, 0x0F, 0x40, 0x0D, 0x00, 0xD4, 0xAF,
    0x63, 0xC9, 0xA2, 0x97, 0x4E, 0x59, 0xFA, 0xF5, 0x39, 0xFB, 0x1F, 0x9F, 0x71, 0x35, 0x16, 0x7F,
    0x9D, 0x1F, 0x1F, 0x18, 0x9C, 0x1C, 0x50, 0x23, 0x44, 0x4D, 0x9A, 0x32, 0x8F, 0xF7, 0x46, 0x8F,
    0xC8, 0x35, 0x72, 0xDA, 0xDD, 0x05, 0x13, 0x77, 0xFF, 0xD6, 0x77, 0x83, 0x91, 0xFD, 0x3E, 0xEA,
    0x7F, 0xE4, 0xB8, 0x69, 0x7E, 0xCC, 0xC3, 0x3D, 0xAF, 0xD5, 0x93, 0xF3, 0xFD, 0x5C, 0x4C, 0xD1,
    0x67, 0x48, 0xD8, 0x0D, 0x0C, 0x6A, 0x58, 0x5C, 0xD7, 0x7F, 0xCF, 0x37, 0xA9, 0xEB, 0x1A, 0xBE,
    0x49, 0xA8, 0x59, 0x27, 0x52, 0x8D, 0xCD, 0x6B, 0xB8, 0xC3, 0x75, 0xD1, 0xB0, 0x0C, 0xE2, 0xBB,
    0x0C, 0xB0, 0x5E, 0xD7, 0x75, 0x02, 0x0B, 0x98, 0x5E, 0xFE, 0xCD, 0x6A, 0x6F, 0xCC, 0x35, 0xF6,
    0x6B, 0xBC, 0xDD, 0x6B, 0x05, 0x34, 0x45, 0xCF, 0xFE, 0xFE, 0x6F, 0x76, 0xBA, 0xFF, 0x64, 0xFB,
    0xFB, 0x4B, 0x08, 0x51, 0x1B, 0x1D, 0xE3, 0x5A, 0xF2, 0x4E, 0x17, 0xA2, 0x27, 0x4F, 0xCA, 0x73,
    0x1D, 0x3A, 0xC4, 0x86, 0x1E, 0x59, 0xEC, 0x64, 0xF1, 0xCA, 0x13, 0x06, 0x7F, 0xD0, 0xD4, 0x56,
    0xD5, 0x14, 0x9A, 0xDD, 0x86, 0xF9, 0x03, 0xA5, 0x59, 0xC1, 0xAA, 0xF5, 0x2C, 0x0C, 0x1C, 0xC8,
    0x36, 0xE0, 0xAB, 0x04, 0xDC, 0x16, 0x7C, 0x75, 0xE1, 0x6C, 0xFB, 0x30, 0xC2, 0xBF, 0x15, 0xFA,
    0x37, 0x48, 0xB8, 0x9E, 0xA1, 0x39, 0x5D, 0x7C, 0x33, 0x8B, 0x7B, 0x2E, 0x33, 0xB1, 0xAD, 0x9A,
    0xD4, 0x2A, 0x50, 0x80, 0x01, 0xB4, 0x69, 0x70, 0xB6, 0x61, 0x58, 0x6C, 0x13, 0x37, 0xD4, 0xD4,
    0x80, 0x4C, 0x0F, 0xB8, 0x2E, 0x10, 0xE7, 0x94, 0xC0, 0x01, 0xC7, 0x28, 0x88, 0x78, 0xE6, 0x0E,
    0x19, 0xAA, 0x7B, 0xFB, 0xAA, 0x32, 0x76, 0xBD, 0x0C, 0xD3, 0x9B, 0xEB, 0x6E, 0xD5, 0x6E, 0x96,
    0x6F, 0x7D, 0xA2, 0x7F, 0xB3, 0xEC, 0xF7, 0x9F, 0xE8, 0x1B, 0xE6, 0x7E, 0x6B, 0x8E, 0xD2, 0x77,
    0xB9, 0x75, 0x5B, 0x9C, 0xF6, 0x59, 0xEC, 0x5F, 0xF1, 0xD6, 0x17, 0x9B, 0xEB, 0x8B, 0x6F, 0xFD,
    0x23, 0x7B, 0xFF, 0xD8, 0xE1, 0xD1, 0x15, 0x15, 0x07, 0xAA, 0xB7, 0x66, 0xA6, 0xB8, 0x11, 0xE3,
    0x63, 0x6A, 0xC7, 0xCD, 0xD3, 0xCE, 0xAA, 0x55, 0x8F, 0x9B, 0x4B, 0x8F, 0x9E, 0x30, 0x31, 0xD1,
    0x1B, 0x62, 0x62, 0xFE, 0x74, 0x82, 0x82, 0x1D, 0x26, 0xCC, 0x76, 0xB9, 0x2F, 0x74, 0xE9, 0x6A,
    0x6A, 0xDE, 0x5A, 0x9B, 0xA6, 0x8B, 0xD8, 0xD0, 0x46, 0x8C, 0x7F, 0xA8, 0x6D, 0x90, 0xAE, 0xCE,
    0x44, 0x7F, 0x1D, 0x7F, 0x4C, 0x51, 0xE7, 0x82, 0xC7, 0x5F, 0x57, 0x97, 0x2E, 0x21, 0xBF, 0xCD,
    0x3F, 0xEF, 0x71, 0x3D, 0xF5, 0x94, 0x21, 0xC3, 0xFF, 0xFA, 0xFF, 0x3C, 0x7F, 0x70, 0xB3, 0x0C,
    0x18, 0x14, 0x34, 0x7F, 0xF2, 0xFE, 0x05, 0xD4, 0xA4, 0xE7, 0x7A, 0x20, 0x1B, 0xBF, 0x80, 0x4C,
    0xD1, 0x3F, 0x3A, 0x28, 0x5E, 0x4D, 0x8F, 0x1B, 0xF5, 0xAC, 0x27, 0xF7, 0x7F, 0xE8, 0x31, 0x3A,
    0x41, 0x7E, 0xBE, 0x6F, 0x16, 0xEE, 0x7F, 0x65, 0x26, 0xE3, 0x87, 0xE0, 0x43, 0xFB, 0xA1, 0x71,
    0xFB, 0x58, 0xB3, 0x89, 0xB8, 0xE1, 0x65, 0x7E, 0xF6, 0x32, 0xED, 0x13, 0x8C, 0x5C, 0xE5, 0xE7,
    0x57, 0xF3, 0xB1, 0xF8, 0x9B, 0xA9, 0xA4, 0x13, 0xDB, 0x05, 0x81, 0x3C, 0xE8, 0x47, 0x39, 0xA1,
    0x4E, 0x9A, 0x3F, 0xC4, 0x76, 0xED, 0xFA, 0x47, 0x99, 0xD7, 0x57, 0xFB, 0x0D, 0x9C, 0xDF, 0x32,
    0x1F, 0xC7, 0x4F, 0xED, 0x5C, 0x6C, 0xFA, 0xA5, 0xE3, 0x77, 0x7E, 0x95, 0x6E, 0x06, 0x85, 0x96,
    0x09, 0x75, 0x72, 0x7D, 0xB2, 0x51, 0xD5, 0xD9, 0xB4, 0xEA, 0xA2, 0x51, 0x7D, 0x5C, 0xAD, 0x96,
    0x19, 0xB3, 0x2F, 0xFA, 0x8F, 0x73, 0xE4, 0x76, 0x46, 0x2F, 0x05, 0x54, 0x86, 0x6E, 0xF7, 0x46,
    0xF3, 0x8B, 0xE6, 0x50, 0xB8, 0x5A, 0xE8, 0x69, 0x0D, 0x60, 0xC8, 0x76, 0x6F, 0x3E, 0x7E, 0x26,
    0x78, 0x98, 0x83, 0xAB, 0x15, 0xBE, 0x7E, 0x8C, 0x61, 0x54, 0x80, 0xC8, 0x7F, 0x8E, 0x8F, 0x0A,
    0xF0, 0x18, 0x4F, 0x19, 0x0E, 0x6C, 0x15, 0x20, 0xD1, 0xB9, 0x06, 0x50, 0xFE, 0xD3, 0xF3, 0x51,
    0xFE, 0x13, 0xB8, 0x02, 0xB0, 0xCE, 0x15, 0x80, 0xF5, 0xF2, 0x36, 0x3E, 0x11, 0x99, 0xC4, 0xD7,
    0x71, 0x68, 0x68, 0x87, 0xD6, 0xF1, 0x58, 0x03, 0x60, 0xE0, 0xFE, 0x4F, 0x6B, 0xC0, 0x0E, 0xCA,
    0x61, 0x81, 0x40, 0x71, 0x84, 0xE4, 0xEE, 0x55, 0x03, 0xB8, 0x0A, 0x50, 0x7C, 0x54, 0x80, 0xBC,
    0x7F, 0x38, 0xFF, 0x37, 0x9D, 0x2B, 0x00, 0x21, 0xCB, 0xFF, 0x40, 0x96, 0xFF, 0x54, 0x03, 0x26,
    0xE5, 0x3F, 0x8F, 0x9F, 0x52, 0xFE, 0x53, 0x0D, 0xE0, 0xFC, 0xE1, 0x1A, 0x50, 0x26, 0xE5, 0x3F,
    0xD5, 0x80, 0xC6, 0xF9, 0x9F, 0xD4, 0x80, 0xE8, 0xBF, 0x58, 0x61, 0xE4, 0xF9, 0xE5, 0x41, 0xB9,
    0xEE, 0x30, 0x5C, 0xB0, 0x6D, 0xFE, 0x2C, 0x42, 0x31, 0x7E, 0xAD, 0x01, 0x19, 0x6B, 0x0D, 0xD8,
    0x06, 0xAD, 0xFF, 0x68, 0xFE, 0xF9, 0xDD, 0x72, 0xFE, 0xAE, 0x99, 0x22, 0xC9, 0xFA, 0x2E, 0x9E,
    0x80, 0x75, 0xEA, 0x7A, 0x6F, 0xD7, 0x76, 0x5A, 0x2F, 0x78, 0x58, 0x03, 0x4E, 0x5E, 0xFF, 0x05,
    0x68, 0x05, 0x38, 0x5F, 0xFB, 0x27, 0x30, 0x4A, 0x5E, 0x3F, 0x62, 0x7C, 0xD2, 0xFA, 0x13, 0xB9,
    0x9E, 0xE7, 0x57, 0x40, 0xBF, 0xB0, 0xF2, 0x2B, 0x7B, 0xFF, 0xD5, 0x53, 0x0D, 0x0C, 0xE4, 0xBA,
    0xA0, 0x8D, 0x5F, 0xEF, 0x3F, 0xBD, 0xD9, 0xBA, 0x42, 0x51, 0x86, 0x3A, 0x78, 0xFD, 0x75, 0xD8,
    0xA7, 0xA2, 0xA2, 0xCD, 0x0A, 0xA7, 0x7D, 0x2C, 0x6E, 0x9E, 0x3C, 0x6D, 0xB2, 0x1E, 0x33, 0x40,
    0x4C, 0x4C, 0xB5, 0x1C, 0x5E, 0xFD, 0x9D, 0x20, 0xFC, 0x39, 0x58, 0x5F, 0x63, 0x57, 0xED, 0xA6,
    0xB6, 0xE3, 0x48, 0xE2, 0x2D, 0x1C, 0x0F, 0xF1, 0x65, 0xAE, 0xD5, 0x0D, 0xBA, 0x0C, 0xBE, 0xFE,
    0xEE, 0x11, 0x5B, 0x75, 0x8E, 0xF5, 0x7A, 0x55, 0xA9, 0x62, 0x67, 0x33, 0x9B, 0x75, 0xA1, 0xEE,
    0x7A, 0x78, 0x76, 0xC7, 0xFE, 0x7E, 0xE2, 0xF5, 0xAD, 0xFF, 0x32, 0xD8, 0xE6, 0xD8, 0xDF, 0x7F,
    0xAC, 0x03, 0x54, 0x77, 0xB9, 0x7E, 0xE7, 0x3E, 0x7A, 0xF7, 0xB4, 0x99, 0xBF, 0x7F, 0xA2, 0x7E,
    0x3C, 0xE9, 0x56, 0xCC, 0x1C, 0xDA, 0x9D, 0xC2, 0xA5, 0x75, 0x5B, 0x63, 0x87, 0x63, 0xE9, 0xC7,
    0x21, 0xF2, 0x16, 0x1F, 0x1E, 0x8E, 0xDF, 0xA1, 0x3E, 0xEB, 0x3E, 0xCE, 0x5A, 0xEB, 0xE1, 0xE3,
    0xAC, 0xC6, 0x7D, 0xA0, 0xB9, 0xBE, 0xC6, 0x54, 0x36, 0xAE, 0xFE, 0x09, 0xB0, 0x27, 0x74, 0xEF,
    0x93, 0x22, 0x1D, 0x06, 0xFF, 0x7D, 0x2C, 0x65, 0xB1, 0x6C, 0xF3, 0x9B, 0x5D, 0xA1, 0xC7, 0x5B,
    0xF7, 0x3D, 0x7F, 0xD9, 0x45, 0x3A, 0xAF, 0xEF, 0x51, 0xA2, 0x16, 0x82, 0x3D, 0xB9, 0x2E, 0x8A,
    0x61, 0xA6, 0xA7, 0x88, 0xF4, 0xAD, 0xF5, 0xDE, 0x3A, 0x95, 0x12, 0xEE, 0xF8, 0x8F, 0x20, 0x47,
    0xE9, 0x86, 0xF2, 0x53, 0x87, 0x49, 0x47, 0xAE, 0xC3, 0x46, 0x2F, 0x78, 0x83, 0x00, 0xD0, 0x0E,
    0xB9, 0xA9, 0x5D, 0xFF, 0xEA, 0x22, 0xD0, 0x4F, 0x88, 0x6D, 0xCE, 0xE5, 0xF9, 0x68, 0x77, 0xFF,
    0x1F, 0x3C, 0xB6, 0x1B, 0x3E, 0xBD, 0x47, 0x3D, 0x0F, 0xA1, 0x01, 0x53, 0xB0, 0x61, 0xFC, 0xD7,
    0xD1, 0x7B, 0x77, 0x3F, 0xF2, 0xEF, 0xCB, 0x02, 0x85, 0x21, 0x5F, 0x7F, 0x86, 0xEE, 0x80, 0xA2,
    0x41, 0xB1, 0xD5, 0xD7, 0x83, 0xF3, 0x2F, 0x5C, 0xE1, 0x70, 0x9D, 0xD6, 0xEE, 0xA7, 0x59, 0x3B,
    0x0D, 0x41, 0xE4, 0xEB, 0xC3, 0xF3, 0xB0, 0xEA, 0xCE, 0x68, 0x56, 0x5F, 0xBF, 0xEF, 0xD9, 0x43,
    0xBA, 0x5C, 0x82, 0xC5, 0x36, 0xE2, 0x17, 0x23, 0x3C, 0xE1, 0xE0, 0x6F, 0x0B, 0xFE, 0x82, 0xC2,
    0x00, 0x79, 0xC2, 0x41, 0x7A, 0xB6, 0x7F, 0x20, 0x90, 0xE4, 0xFB, 0x82, 0xF4, 0x64, 0x7F, 0xA1,
    0x97, 0xE4, 0xFB, 0x83, 0xF4, 0x6C, 0xFF, 0xC0, 0x49, 0xF5, 0x8F, 0xF5, 0xBD, 0x7E, 0xD6, 0x9B,
    0xAD, 0x57, 0x73, 0x9A, 0x9A, 0x80, 0x60, 0xE5, 0xCF, 0xC1, 0xBA, 0x96, 0x66, 0x6A, 0x3E, 0xF3,
    0x0B, 0xB4, 0xAB, 0xA9, 0xEA, 0xD2, 0xC9, 0x93, 0xE9, 0xB3, 0x68, 0x12, 0x4F, 0x1E, 0xD6, 0xF3,
    0xFD, 0x8D, 0xC2, 0xFD, 0xBF, 0x3B, 0x58, 0xB7, 0x66, 0xE6, 0x68, 0xC3, 0x2C, 0x10, 0xDA, 0xEE,
    0xD9, 0x1D, 0xBC, 0xB6, 0xE3, 0x1D, 0x3E, 0x08, 0x8E, 0x47, 0xCF, 0x64, 0x5D, 0xD7, 0xDA, 0x7B,
    0xA3, 0x0E, 0xE9, 0x7B, 0x34, 0xBB, 0x48, 0xE7, 0xFA, 0x9B, 0xCE, 0x1F, 0x53, 0xD2, 0xF3, 0xFD,
    0x97, 0xC1, 0x49, 0x46, 0x9E, 0xD0, 0x69, 0x7F, 0x66, 0x73, 0x10, 0x54, 0x97, 0xE3, 0xC1, 0x43,
    0xF1, 0x65, 0xBE, 0xC4, 0x87, 0xA3, 0x67, 0xFB, 0x3B, 0xD9, 0xF8, 0x87, 0x83, 0xF5, 0xEB, 0x54,
    0x42, 0xB9, 0x42, 0x27, 0x0F, 0xE9, 0xE9, 0xFE, 0x50, 0xE1, 0x78, 0x72, 0x2C, 0x9D, 0xB4, 0xAA,
    0xF5, 0x56, 0x45, 0xC5, 0x5B, 0x20, 0xEC, 0x0E, 0xD6, 0xCD, 0x49, 0x5F, 0x08, 0x20, 0xB0, 0xE3,
    0x69, 0xFF, 0xA7, 0xAC, 0x7D, 0x66, 0x95, 0xA8, 0x6E, 0xEC, 0x09, 0x07, 0xE9, 0x8F, 0xF1, 0x1D,
    0x3D, 0x8F, 0x0F, 0x3D, 0xDF, 0x7F, 0x8F, 0x79, 0x51, 0x66, 0xB6, 0x3F, 0x1B, 0xB3, 0x42, 0x46,
    0xBA, 0x7F, 0x43, 0xF5, 0xF1, 0xD8, 0xEB, 0xBB, 0x62, 0xB0, 0x27, 0x1C, 0xA1, 0xA7, 0xFB, 0xAF,
    0xDB, 0xFB, 0x95, 0x3D, 0xAC, 0x73, 0x7D, 0xCA, 0xAE, 0x4F, 0x8E, 0xD0, 0x93, 0x78, 0xBE, 0x3E,
    0xC5, 0x87, 0x9E, 0xCF, 0xCF, 0x83, 0xF3, 0x9B, 0x1C, 0xBB, 0xCE, 0xFB, 0xCB, 0xC9, 0xF5, 0x37,
    0x07, 0xE9, 0x32, 0x78, 0x7C, 0x65, 0x6C, 0x5F, 0x9F, 0xE9, 0xF9, 0x41, 0x38, 0x92, 0xFD, 0xC5,
    0xD8, 0x5B, 0x48, 0xE3, 0xC3, 0x93, 0xC5, 0x07, 0xE4, 0xD2, 0xF5, 0xF5, 0x7D, 0x45, 0x1D, 0xB7,
    0x0B, 0x04, 0x5F, 0x7F, 0xE3, 0x53, 0x96, 0xE3, 0x53, 0xE6, 0x7E, 0x77, 0xF9, 0xF9, 0x42, 0x78,
    0x7E, 0xEF, 0x3F, 0xAE, 0x9A, 0xB4, 0x56, 0x39, 0x51, 0xA7, 0x40, 0x28, 0x63, 0x77, 0x94, 0x41,
    0xCF, 0x9F, 0xC6, 0x87, 0x27, 0x8F, 0xCF, 0xF3, 0x8B, 0x3C, 0x94, 0x5F, 0xA1, 0xE5, 0xE7, 0x23,
    0xE4, 0x49, 0xF7, 0x4F, 0xDB, 0x84, 0xA1, 0x0B, 0x64, 0x40, 0x9D, 0xF6, 0xB0, 0xFE, 0x2C, 0xE4,
    0x89, 0x5E, 0x4D, 0xCF, 0x5F, 0x02, 0xE1, 0x21, 0x47, 0xDC, 0xDB, 0x5B, 0x7C, 0x78, 0xF2, 0xF8,
    0xFC, 0xFC, 0x84, 0x3D, 0xAC, 0xFF, 0xEB, 0xF7, 0x2F, 0xB7, 0xCD, 0xF1, 0xE4, 0x09, 0x07, 0xE9,
    0x4B, 0xDB, 0xCE, 0x07, 0x36, 0x9D, 0x3D, 0x32, 0xBF, 0xF5, 0x32, 0xDF, 0xCF, 0x67, 0xF2, 0xFD,
    0x25, 0xFF, 0xFF, 0x2D, 0xDE, 0x3D, 0x59, 0x7C, 0x29, 0xF6, 0x1A, 0x1F, 0x9E, 0xEC, 0xFA, 0x6F,
    0xE7, 0x3B, 0xEC, 0x09, 0xC7, 0xEF, 0xF3, 0xC9, 0x83, 0x2D, 0xEE, 0x61, 0x9D, 0xDB, 0x7E, 0x3A,
    0xDF, 0x21, 0x4F, 0x53, 0xD6, 0x93, 0xEF, 0x1F, 0xEF, 0x85, 0x4E, 0x9E, 0x44, 0x4F, 0xCE, 0xC7,
    0x14, 0x96, 0xAF, 0x9F, 0x42, 0xE7, 0xF8, 0x36, 0xD5, 0xF2, 0xFD, 0xF5, 0x70, 0x84, 0xFE, 0x3F,
    0x95, 0x92, 0x41, 0x6A, 0xC4, 0x30, 0x0C, 0x45, 0x1F, 0x78, 0x2B, 0xF0, 0x55, 0x04, 0xDD, 0x06,
    0x72, 0xF5, 0x0F, 0xB3, 0x35, 0xCC, 0x55, 0x74, 0x80, 0x80, 0xDA, 0xD8, 0xD4, 0xCC, 0x14, 0x4F,
    0x48, 0xF5, 0xDF, 0x26, 0x89, 0xF4, 0x22, 0xB0, 0x33, 0x50, 0x45, 0xA8, 0xE3, 0x2F, 0xE8, 0xA4,
    0x92, 0x01, 0x80, 0x3A, 0x76, 0xA6, 0x36, 0xDF, 0x64, 0xBF, 0xF1, 0xAD, 0x36, 0x28, 0x14, 0x84,
    0x5E, 0xC9, 0x94, 0xF8, 0xCB, 0x54, 0x8D, 0x3C, 0x23, 0x4C, 0x6F, 0x99, 0xAA, 0x45, 0xF2, 0x18,
    0x1B, 0xE8, 0xA5, 0x90, 0x52, 0xE0, 0xCB, 0xEC, 0x39, 0x74, 0x29, 0xB0, 0x0F, 0xE9, 0x5F, 0x2E,
    0x7E, 0x98, 0xFA, 0x3C, 0x99, 0xC2, 0x39, 0x01, 0x61, 0xC1, 0xF6, 0x43, 0xA3, 0x0D, 0x1E, 0xC5,
    0x06, 0x6A, 0x1D, 0xB7, 0xD9, 0xFC, 0x7C, 0x44, 0x6C, 0x26, 0x5F, 0x71, 0xC7, 0x03, 0x5D, 0x75,
    0xE5, 0x99, 0x3D, 0xA8, 0x03, 0x42, 0x81, 0x5A, 0xE7, 0x81, 0x34, 0xCA, 0x25, 0xEB, 0x14, 0x09,
    0x15, 0x0A, 0x2C, 0x4E, 0xE5, 0xCE, 0x2C, 0x80, 0xB8, 0x3E, 0xD4, 0x3B, 0x92, 0x7A, 0x2C, 0x0D,
    0x7B, 0x64, 0x20, 0x43, 0xA5, 0x63, 0xCC, 0xC7, 0xC9, 0xFB, 0x12, 0x1A, 0x85, 0xFB, 0x1E, 0x00,
    0xFF, 0x1A, 0x4F, 0xC1, 0x97, 0x36, 0xFC, 0x2D, 0x60, 0xD8, 0x5D, 0x51, 0x3D, 0x96, 0x86, 0x54,
    0x3D, 0xF0, 0xDE, 0x24, 0xE4, 0x50, 0x81, 0x03, 0xE6, 0x9B, 0x72, 0x4E, 0xCE, 0x45, 0x76, 0xC9,
    0xE5, 0x41, 0x85, 0x90, 0xCB, 0x77, 0x31, 0xAE, 0x74, 0x0A, 0x71, 0xCD, 0x94, 0xB8, 0xA7, 0x8F,
    0xAA, 0x98, 0x7D, 0x03, 0x9D, 0x95, 0xC1, 0x8A, 0xFB, 0x3C, 0x0C, 0xC4, 0x7F, 0xA0, 0xEB, 0x80,
    0x5F, 0x65, 0x60, 0xAF, 0x81, 0xBC, 0xBA, 0x60, 0xAF, 0x81, 0x7D, 0x15, 0xC3, 0x77, 0x0D, 0xF4,
    0xA3, 0x88, 0x96, 0x1A, 0x62, 0x6F, 0xFE, 0x6B, 0x89, 0xD6, 0xAD, 0x94, 0xC9, 0xD8, 0x23, 0xD9,
    0x74, 0xE8, 0x84, 0xCA, 0x51, 0x3C, 0x7D, 0x7F, 0xA4, 0x79, 0x7A, 0xE2, 0xC4, 0x00, 0x06, 0xB3,
    0xF7, 0x14, 0x62, 0xDB, 0x8F, 0x54, 0x2A, 0xB7, 0xFD, 0x07, 0x48, 0xD2, 0x08, 0x61, 0x22, 0x65,
    0xD9, 0xB2, 0xF6, 0xD3, 0x2A, 0xA3, 0x46, 0x62, 0x4C, 0x42, 0xEB, 0x16, 0x6A, 0x15, 0xDF, 0xDA,
    0x01, 0x80, 0x60, 0x83, 0x04, 0xC0, 0x70, 0x12, 0x01, 0x70, 0x8B, 0x9C, 0xE9, 0x01, 0x04, 0x2D,
    0x6D, 0x2E, 0x38, 0x06, 0x44, 0x82, 0xFF, 0x82, 0x2E, 0x1A, 0xE4, 0x0A, 0x1D, 0xA3, 0xB0, 0xF2,
    0xCB, 0x4A, 0xA5, 0x6D, 0xEF, 0xDD, 0x35, 0x0C, 0x80, 0x08, 0x8E, 0xB0, 0x34, 0x59, 0xFB, 0x7F,
    0xC4, 0xF6, 0x17, 0x6A, 0xCD, 0x5F, 0x6B, 0x62, 0x6B, 0xBC, 0xB9, 0xCA, 0x64, 0x74, 0x89, 0xA9,
    0xDA, 0x9F, 0x6A, 0x45, 0xC0, 0xF9, 0xAF, 0x52, 0xD9, 0x2D, 0xD7, 0x42, 0x4D, 0x80, 0xD7, 0x2A,
    0x2D, 0x81, 0xF3, 0x47, 0x7B, 0x0F, 0x26, 0x1A, 0x25, 0x19, 0xF5, 0xF4, 0x5C, 0xA3, 0x39, 0xAB,
    0xB9, 0x40, 0x0B, 0x4E, 0x33, 0xA8, 0xB5, 0x36, 0x52, 0xF4, 0xB9, 0x32, 0x8F, 0x47, 0x52, 0x56,
    0xB3, 0xD7, 0x1C, 0x82, 0x2A, 0x94, 0x54, 0xEA, 0x71, 0x26, 0xA9, 0xE2, 0x15, 0x3C, 0xAD, 0xD6,
    0xBF, 0x9F, 0xE6, 0x69, 0x7B, 0x37, 0x65, 0xFB, 0x09, 0xBC, 0xE3, 0x50, 0xBB, 0x63, 0x55, 0xA6,
    0xD5, 0x3A, 0x40, 0xAD, 0x73, 0xF6, 0xEE, 0x8A, 0x5E, 0xBC, 0x7B, 0xE8, 0xDB, 0xF9, 0xF3, 0x63,
    0xDE, 0x15, 0x52, 0xA9, 0xFF, 0x3B, 0x92, 0xD9, 0x58, 0x23, 0xE1, 0x90, 0x0E, 0x7B, 0xB6, 0x13,
    0x18, 0x85, 0xD4, 0xED, 0xEB, 0x9D, 0x88, 0x43, 0x7D, 0xE4, 0x31, 0xDF, 0x91, 0x39, 0x8B, 0x57,
    0x64, 0xAD, 0xE6, 0xFC, 0xF9, 0x8A, 0xBF, 0x4E, 0xDC, 0x76, 0x92, 0xA3, 0xB5, 0x13, 0x46, 0x5D,
    0xE3, 0x22, 0x9E, 0x1F, 0x83, 0xFA, 0xF8, 0xF8, 0xC9, 0x49, 0x8B, 0x34, 0x36, 0x4E, 0xF4, 0xF6,
    0xFA, 0xA7, 0x45, 0xF2, 0xDA, 0x30, 0x4C, 0x51, 0x2C, 0xBB, 0x28, 0xBC, 0xDA, 0xCA, 0xC1, 0x5A,
    0x1F, 0x29, 0x42, 0xEB, 0x17, 0xF1, 0x80, 0x76, 0x75, 0xB0, 0xDF, 0x21, 0x37, 0x29, 0xAB, 0xB2,
    0x92, 0x81, 0xC8, 0x3F, 0xA2, 0x4F, 0x4A, 0xAD, 0x6C, 0x28, 0xB5, 0xE9, 0xDA, 0xC7, 0x52, 0x1B,
    0xE3, 0xD3, 0x6B, 0xE3, 0x06, 0xB5, 0xAA, 0xBE, 0x39, 0xB1, 0x39, 0xDE, 0x5A, 0xE5, 0x15, 0x64,
    0x69, 0x4D, 0x12, 0x89, 0x0A, 0x38, 0x5A, 0x7C, 0x9B, 0x2F, 0xB3, 0x4D, 0x81, 0x3F, 0xAE, 0x99,
    0x96, 0x69, 0x67, 0x2A, 0xB3, 0x91, 0x2A, 0xC7, 0xA6, 0x95, 0x40, 0x1B, 0xC4, 0x5D, 0xD8, 0xB7,
    0xAC, 0x6B, 0xD8, 0x80, 0xE4, 0x88, 0x68, 0xDF, 0xDE, 0x3C, 0x8C, 0x96, 0x43, 0x6D, 0x8A, 0x31,
    0xE7, 0x15, 0xDF, 0x92, 0x9F, 0xBB, 0x9C, 0x4A, 0xCC, 0x25, 0xA1, 0x09, 0xCE, 0x44, 0x8B, 0x15,
    0x0E, 0xC4, 0x8B, 0xFC, 0xC2, 0x1D, 0xB4, 0x02, 0x4C, 0x48, 0x52, 0x83, 0x6D, 0xFB, 0x31, 0xB6,
    0xB0, 0xF5, 0x7B, 0x0B, 0x0F, 0xF1, 0xBA, 0x59, 0x87, 0x16, 0x4E, 0x7A, 0xF9, 0x94, 0xD0, 0x58,
    0x14, 0xA9, 0x2C, 0xFF, 0x5C, 0x64, 0x6E, 0xEC, 0x47, 0x89, 0x7C, 0x1F, 0x76, 0xCC, 0x5F, 0xC1,
    0x56, 0x51, 0xF8, 0xEB, 0xD7, 0xA2, 0x18, 0x73, 0x7A, 0xF3, 0xD0, 0xB4, 0x77, 0x38, 0x55, 0xF2,
    0x92, 0xD0, 0x04, 0x67, 0xAE, 0xE1, 0x0C, 0xE7, 0x9D, 0x23, 0x68, 0x35, 0x87, 0x42, 0x70, 0x20,
    0x3D, 0x3D, 0x4C, 0x74, 0xC8, 0xC1, 0x5F, 0x07, 0x5D, 0xB5, 0xBA, 0xAD, 0x54, 0xB6, 0x0C, 0x02,
    0x21, 0xFA, 0x2D, 0x0C, 0xA8, 0xC9, 0x14, 0x04, 0x84, 0xDE, 0x17, 0x9A, 0xC3, 0x21, 0x49, 0x61,
    0xF2, 0x65, 0xF3, 0x52, 0xD3, 0x16, 0x07, 0x42, 0xAD, 0x3F, 0xBF, 0xFB, 0xDD, 0x75, 0xD5, 0x29,
    0x39, 0x23, 0xF4, 0x3F, 0x9D, 0x96, 0x41, 0x8B, 0xC5, 0x2A, 0x0C, 0x85, 0x0F, 0x64, 0x7B, 0xC0,
    0xBF, 0x12, 0x70, 0x2B, 0xF8, 0xD7, 0x03, 0x6E, 0x85, 0xFB, 0x57, 0x02, 0xDD, 0x0A, 0x3E, 0xBD,
    0x95, 0x37, 0xF2, 0x6E, 0x7B, 0x67, 0xFA, 0xBE, 0x4C, 0x3C, 0x49, 0xE5, 0x4C, 0x1D, 0x5B, 0xC6,
    0x62, 0xA3, 0x0E, 0x86, 0x48, 0x69, 0xAA, 0xA0, 0x46, 0xD3, 0xA8, 0xB0, 0x18, 0x0B, 0x92, 0x4B,
    0x1B, 0xFD, 0x9C, 0x24, 0x4A, 0xA9, 0x30, 0x49, 0x5A, 0x0A, 0xD5, 0x84, 0x41, 0x0C, 0x40, 0x1C,
    0xFC, 0xEE, 0x9F, 0xA8, 0x18, 0x14, 0xE0, 0x50, 0x0E, 0x15, 0xFB, 0xF0, 0xCF, 0x7E, 0xAA, 0x67,
    0x52, 0xF5, 0x95, 0x87, 0x56, 0x8D, 0x0C, 0x5D, 0x2B, 0xF7, 0xF9, 0xA5, 0xB7, 0xFE, 0x4E, 0x52,
    0x6B, 0xC8, 0x43, 0x6B, 0x24, 0x83, 0xBF, 0xBE, 0xFB, 0xFB, 0xC0, 0xE6, 0xCF, 0x62, 0x4D, 0xEB,
    0x75, 0xE0, 0x0B, 0xBD, 0xCF, 0x54, 0x33, 0x53, 0xD5, 0x77, 0x0E, 0x74, 0x2E, 0x70, 0x2E, 0x73,
    0xE6, 0x2C, 0x05, 0x67, 0xF4, 0x26, 0xB8, 0x8F, 0xDE, 0xAE, 0xEA, 0xD4, 0x7B, 0xC2, 0x06, 0x11,
    0x10, 0x2C, 0xF8, 0x48, 0x10, 0x5F, 0x59, 0x5B, 0x7E, 0x4F, 0x48, 0x21, 0x4D, 0x35, 0xA5, 0x29,
    0x7F, 0xF3, 0xEF, 0xBB, 0x0E, 0x0E, 0xE5, 0xA6, 0xC1, 0xC5, 0xA6, 0xBC, 0x8E, 0xC3, 0x29, 0x0C,
    0xE1, 0x38, 0xAC, 0x0A, 0x72, 0x38, 0xAE, 0x9F, 0x5A, 0x30, 0x31, 0xEA, 0x52, 0x00, 0xC4, 0x23,
    0xFF, 0x54, 0x0F, 0xA5, 0x29, 0xE3, 0xD2, 0x22, 0xBD, 0xC6, 0xF6, 0xEC, 0xAD, 0x91, 0xA6, 0x55,
    0xDE, 0x1A, 0x29, 0xE2, 0xAF, 0xE3, 0x99, 0x7F, 0xDE, 0xB7, 0xC6, 0xE1, 0x8F, 0x6B, 0x1D, 0x05,
    0x4F, 0xFC, 0x1E, 0xCC, 0x87, 0x2F, 0x0C, 0x1F, 0x95, 0x25, 0xF4, 0xAA, 0xFE, 0x6C, 0xFD, 0x70,
    0xAD, 0x12, 0x3A, 0x85, 0x91, 0x12, 0xFC, 0xE5, 0x5F, 0xFD, 0xF8, 0x85, 0x04, 0x43, 0x11, 0x9C,
    0xC9, 0xD1, 0x2B, 0x80, 0x99, 0x36, 0xB2, 0x98, 0xCF, 0xBB, 0x70, 0xA5, 0x8A, 0x39, 0x16, 0x8A,
    0x3A, 0x42, 0x3D, 0xC0, 0xC1, 0x1A, 0x07, 0xAC, 0xD8, 0x71, 0x31, 0x01, 0x71, 0x47, 0x08, 0x29,
    0xA9, 0x9A, 0xDD, 0xCE, 0xF7, 0xDC, 0xA2, 0xD6, 0xFB, 0x79, 0x88, 0xC1, 0xA0, 0xB8, 0xC1, 0x3D,
    0x25, 0x52, 0x04, 0x37, 0x74, 0xCF, 0x8D, 0x55, 0x22, 0xFE, 0x8C, 0x80, 0xA6, 0x4A, 0x35, 0x53,
    0x9A, 0x92, 0xBA, 0xAD, 0x4D, 0x0B, 0x29, 0xAA, 0x45, 0xE6, 0xF5, 0x82, 0xFF, 0x40, 0xDD, 0xE3,
    0xEC, 0xB1, 0x11, 0x5C, 0xAB, 0x56, 0x54, 0x38, 0x6C, 0x04, 0xD6, 0x88, 0xDC, 0xF0, 0xBF, 0x51,
    0x06, 0x0F, 0xAE, 0xC4, 0x53, 0x08, 0x85, 0x9D, 0x7F, 0x2B, 0x76, 0x4C, 0x1C, 0x06, 0x90, 0x39,
    0x93, 0xB8, 0x64, 0xDE, 0x11, 0x3B, 0x3A, 0xC2, 0x60, 0x02, 0x01, 0x47, 0xAC, 0x16, 0x8B, 0x06,
    0x5B, 0xB1, 0xAA, 0x55, 0x2F, 0x32, 0x64, 0xC5, 0xAA, 0x56, 0x8D, 0x45, 0x6B, 0x32, 0x20, 0xDD,
    0xED, 0x0D, 0x06, 0xE7, 0xB8, 0xFC, 0x44, 0x45, 0x15, 0xA6, 0xB5, 0xF1, 0x18, 0xEC, 0xFB, 0x11,
    0x5D, 0x39, 0x42, 0xA3, 0x45, 0xCC, 0x18, 0xAC, 0x71, 0x27, 0x37, 0x70, 0x85, 0xFE, 0x1B, 0x8B,
    0xEE, 0xB1, 0xBD, 0xC3, 0x23, 0x7E, 0xE2, 0x07, 0x69, 0xA1, 0xCE, 0x90, 0x86, 0x4B, 0xB2, 0x45,
    0x9F, 0x91, 0x0D, 0xDF, 0x30, 0x2D, 0xAC, 0xE2, 0xAC, 0x5A, 0x60, 0xB7, 0xFF, 0xAD, 0x67, 0x05,
    0x01, 0x6C, 0x7B, 0xAB, 0xA8, 0x3C, 0xEB, 0x59, 0x05, 0xBF, 0xFD, 0x9D, 0x37, 0xF7, 0x48, 0x4C,
    0xDC, 0x9F, 0xA0, 0x26, 0x4D, 0xB8, 0x24, 0x8B, 0x35, 0xFC, 0x89, 0xFD, 0x9D, 0x2C, 0x8C, 0x1A,
    0xAC, 0xB7, 0x60, 0x51, 0x0B, 0x71, 0x4D, 0x42, 0x5A, 0xC3, 0x92, 0x4F, 0xC2, 0x20, 0x0D, 0x74,
    0x60, 0x03, 0x3C, 0xE0, 0xDC, 0xBF, 0xE9, 0xBE, 0x3E, 0x39, 0xF7, 0x99, 0x59, 0x7F, 0x78, 0x6F,
    0xFA, 0xAD, 0xDB, 0x7C, 0x9F, 0x77, 0x88, 0x2A, 0xC8, 0x2E, 0x43, 0xAF, 0xD7, 0xF6, 0xA1, 0x1B,
    0x72, 0x33, 0xDE, 0xF3, 0x79, 0xA6, 0xEF, 0x5A, 0x09, 0x23, 0x51, 0xC6, 0xAC, 0x85, 0x64, 0xA5,
    0x32, 0x7F, 0x3F, 0x93, 0x1C, 0x10, 0x40, 0x0A, 0xCC, 0x04, 0x56, 0x8A, 0x40, 0x45, 0x10, 0xA7,
    0xE6, 0x63, 0xEA, 0xEA, 0x61, 0x96, 0x60, 0xE5, 0xEA, 0x4C, 0xFB, 0x50, 0xE5, 0xCF, 0x97, 0xE3,
    0x54, 0xE5, 0xF7, 0x33, 0xF1, 0xBB, 0xCE, 0x41, 0x6C, 0x16, 0x43, 0xCB, 0x37, 0xBF, 0x0C, 0x95,
    0xA5, 0xBD, 0xED, 0xFD, 0xD4, 0x8F, 0x33, 0x35, 0xF7, 0xDE, 0x92, 0x78, 0xCB, 0xC7, 0x2B, 0x25,
    0x19, 0xD9, 0xA7, 0x8E, 0xBE, 0xF7, 0x33, 0x83, 0xCD, 0x6B, 0x2D, 0x4D, 0x3D, 0x7A, 0x9A, 0xFD,
    0xBC, 0x7E, 0xB5, 0xFF, 0x35, 0x14, 0x27, 0xB5, 0xD4, 0x60, 0x46, 0x5A, 0x79, 0xD5, 0xF8, 0xE8,
    0x9B, 0xE0, 0x55, 0xC4, 0x19, 0x51, 0x5E, 0x05, 0xC6, 0x82, 0x52, 0xE3, 0xF1, 0xD0, 0x7F, 0x38,
    0x39, 0xFD, 0x66, 0x84, 0x96, 0xB9, 0x9E, 0x87, 0xDF, 0x44, 0xAE, 0x55, 0x4B, 0xA7, 0x9A, 0x52,
    0x8B, 0x3F, 0xF1, 0x67, 0xDF, 0xF6, 0x79, 0xF5, 0xB3, 0x6D, 0xB9, 0x54, 0x18, 0xC4, 0xB3, 0x18,
    0x61, 0xC1, 0xFB, 0xFD, 0x37, 0xA5, 0xEA, 0xF4, 0x9D, 0xAA, 0xFA, 0xD0, 0xDF, 0x86, 0xCE, 0xCA,
    0xA6, 0xAE, 0x7E, 0x48, 0xE9, 0xC9, 0x23, 0x2C, 0x1F, 0x2D, 0x0F, 0x15, 0x8D, 0xE8, 0x97, 0x7E,
    0x71, 0x31, 0x72, 0xFA, 0x4E, 0x25, 0x1F, 0xF9, 0xC9, 0x2C, 0x2F, 0x9A, 0xB1, 0xF6, 0x52, 0xD3,
    0xF9, 0xFC, 0xDF, 0x7E, 0xCF, 0xA5, 0xD2, 0xDE, 0xF3, 0x75, 0xAD, 0xFF, 0xBB, 0xDF, 0x96, 0x3F,
    0xCB, 0x6F, 0xFE, 0x7F, 0x00, 0xD5, 0x93, 0x81, 0xA6, 0x43, 0x31, 0x10, 0x44, 0x87, 0x00, 0x2C,
    0xF9, 0x95, 0xA1, 0x00, 0x61, 0x7F, 0x7D, 0xE8, 0x07, 0xF4, 0x57, 0x42, 0x01, 0xC2, 0x7D, 0x59,
    0x5B, 0x45, 0x6F, 0x72, 0x79, 0xC5, 0xE3, 0x9D, 0x71, 0x37, 0xED, 0x4E, 0x97, 0x76, 0x36, 0x45,
    0x80, 0x22, 0x23, 0x2D, 0x64, 0x2C, 0xC2, 0x89, 0x02, 0xA0, 0xCE, 0x1A, 0xF2, 0x8E, 0x0F, 0xFC,
    0x38, 0x46, 0x2B, 0x7D, 0xF8, 0xF3, 0xD1, 0x5A, 0x99, 0xCF, 0x11, 0x67, 0x1F, 0xD1, 0x4F, 0x4F,
    0xCD, 0x9F, 0x47, 0xF3, 0xC7, 0x3C, 0xFD, 0x31, 0xDC, 0xD5, 0xA2, 0xFF, 0x8B, 0xF9, 0x91, 0xF3,
    0xBD, 0xB9, 0xCF, 0xD3, 0x35, 0x72, 0xFE, 0x4D, 0x2F, 0x34, 0x92, 0x3E, 0xC0, 0xA9, 0x13, 0xDE,
    0xA3, 0xED, 0x0A, 0xD7, 0x57, 0xBF, 0x4F, 0x86, 0xF0, 0x39, 0xA9, 0x5A, 0xCD, 0x83, 0x10, 0x94,
    0x09, 0x9C, 0xA9, 0x39, 0xF9, 0xAA, 0x5B, 0xBF, 0x83, 0x50, 0xC5, 0x8A, 0x4C, 0x36, 0xEA, 0x1E,
    0xEF, 0xB8, 0x76, 0x77, 0x9F, 0x61, 0x7E, 0xF3, 0x14, 0xF4, 0x99, 0x90, 0x65, 0xF7, 0xA5, 0x02,
    0xC3, 0x8A, 0x9B, 0x1A, 0x13, 0x2C, 0x59, 0xDF, 0x24, 0x1B, 0x16, 0x38, 0x34, 0x29, 0x68, 0x10,
    0x0E, 0xC5, 0x3B, 0xA8, 0x22, 0x9A, 0x8E, 0xE4, 0xDF, 0x2E, 0xF3, 0xAF, 0xD7, 0xF9, 0xFD, 0x32,
    0x95, 0x3A, 0xBD, 0x5E, 0x66, 0x00, 0xD6, 0xCE, 0xF9, 0xEC, 0x7C, 0xD2, 0x3B, 0x71, 0xE5, 0xAF,
    0xF3, 0x4B, 0x48, 0x53, 0x81, 0x89, 0xC4, 0x12, 0x17, 0xE8, 0x7D, 0x3D, 0x4F, 0xF0, 0xF2, 0x32,
    0x5A, 0x88, 0xA6, 0x0A, 0x93, 0x2D, 0xFC, 0x8A, 0xF2, 0xD6, 0x6E, 0x07, 0xDE, 0x78, 0x4F, 0xE1,
    0xAB, 0x3F, 0x43, 0xF8, 0x8D, 0x37, 0x11, 0x5C, 0xE7, 0x13, 0xD9, 0x09, 0x74, 0xED, 0xEF, 0x4E,
    0x08, 0x1D, 0x5B, 0x64, 0x77, 0xBB, 0xD1, 0x04, 0x5C, 0x66, 0x8C, 0x1D, 0xB5, 0x43, 0x65, 0xD6,
    0x1F, 0xA5, 0x91, 0xCB, 0xCA, 0x2C, 0x21, 0x0C, 0x84, 0x0B, 0xDC, 0x06, 0x7C, 0x95, 0x02, 0xB7,
    0x82, 0xAF, 0x1E, 0xF8, 0xB7, 0xC2, 0xBC, 0x4A, 0x60, 0xB6, 0x42, 0x8E, 0xD1, 0xEE, 0x33, 0x3D,
    0xFF, 0xFD, 0x52, 0x9F, 0xE5, 0x5D, 0x93, 0x6E, 0x71, 0x28, 0x1B, 0x41, 0x94, 0x51, 0x50, 0x66,
    0x3F, 0x61, 0x32, 0x70, 0x55, 0xCF, 0x83, 0xBD, 0xB0, 0xB0, 0x6A, 0xD5, 0x26, 0xC5, 0x12, 0xAE,
    0x4A, 0x26, 0x42, 0x21, 0x4A, 0x2D, 0xBA, 0xEE, 0x90, 0x64, 0xB8, 0x28, 0xBB, 0x20, 0xC8, 0x23,
    0x6A, 0xB7, 0xA8, 0x9F, 0x34, 0x22, 0x66, 0x1B, 0xDB, 0x09, 0x79, 0xD4, 0x1D, 0x20, 0x45, 0xB9,
    0xDD, 0xCC, 0xAA, 0xE8, 0x2E, 0x3C, 0x8B, 0x45, 0x81, 0x06, 0x06, 0xED, 0xAB, 0xB8, 0xEB, 0x56,
    0x74, 0x64, 0x95, 0xA4, 0x0A, 0xC5, 0xA1, 0xAA, 0x45, 0x8B, 0x17, 0xAB, 0xC6, 0xCE, 0x97, 0xC5,
    0xC0, 0x45, 0x0D, 0x54, 0xDE, 0x68, 0x8D, 0x85, 0x45, 0x1E, 0xEB, 0x2A, 0xD0, 0xD3, 0x2C, 0x09,
    0xC5, 0x1D, 0xD1, 0x8A, 0x76, 0x64, 0x1F, 0xAB, 0x4D, 0xE0, 0x7F, 0x5F, 0xE5, 0x73, 0xF1, 0xBF,
    0xE4, 0x66, 0x78, 0x48, 0xE0, 0x90, 0xDC, 0x59, 0x29, 0x07, 0x35, 0x77, 0xA0, 0x0D, 0x64, 0x83,
    0x49, 0x42, 0x4A, 0x80, 0x3B, 0x04, 0x90, 0xD5, 0x49, 0x40, 0x9A, 0x98, 0x20, 0x9B, 0x26, 0x15,
    0xA5, 0xEA, 0x0B, 0xDC, 0x4D, 0xA7, 0xA8, 0x32, 0x49, 0x38, 0xD4, 0x1C, 0x3A, 0x19, 0x79, 0x7B,
    0xF1, 0xE6, 0x5B, 0x37, 0x83, 0xF7, 0xC9, 0x68, 0x44, 0x70, 0x28, 0x2B, 0x97, 0x44, 0x93, 0x16,
    0x56, 0x56, 0xA1, 0x80, 0xFB, 0x8E, 0x66, 0x14, 0xF7, 0xED, 0xD9, 0xC7, 0xC9, 0xA9, 0x34, 0xC9,
    0x56, 0x64, 0x82, 0x49, 0x5D, 0xBD, 0x9A, 0x7B, 0xCC, 0x9F, 0x4A, 0x2A, 0x14, 0x9E, 0xB7, 0x6C,
    0x70, 0x51, 0x36, 0x0A, 0x26, 0xEE, 0x19, 0xEE, 0x04, 0x25, 0xDB, 0xFB, 0xF7, 0x07, 0xD1, 0xCF,
    0x76, 0xBD, 0x5F, 0x34, 0x68, 0x43, 0xF4, 0xE0, 0x45, 0xEA, 0xEB, 0xFB, 0x29, 0x82, 0xA4, 0x60,
    0x91, 0x3E, 0xE5, 0xD6, 0xB5, 0x2B, 0x2E, 0xF2, 0x11, 0x4E, 0x38, 0x79, 0x23, 0x77, 0xC4, 0x05,
    0x00, 0xA3, 0xBF, 0x5B, 0x28, 0x70, 0x76, 0x05, 0xD8, 0xC7, 0xF6, 0x9E, 0x87, 0x24, 0xD0, 0x8C,
    0x8A, 0x1E, 0xB5, 0x74, 0x11, 0x66, 0xC5, 0x45, 0x44, 0x87, 0x9B, 0x08, 0xA5, 0x70, 0x28, 0xC1,
    0xE7, 0xF5, 0xEB, 0x9F, 0xD0, 0xC2, 0xCD, 0xF3, 0xF7, 0xC9, 0x52, 0x33, 0x41, 0x38, 0x38, 0x25,
    0xDA, 0xAC, 0x2F, 0x29, 0x36, 0x84, 0xC0, 0xC7, 0xF5, 0xDF, 0xB9, 0x51, 0x82, 0x36, 0xDB, 0x8D,
    0x5B, 0xCC, 0x3F, 0xFF, 0x3F, 0x62, 0x22, 0xFB, 0x6D, 0xDA, 0x78, 0x95, 0x19, 0x17, 0x2D, 0x59,
    0x6B, 0x09, 0x23, 0xC3, 0xDE, 0x64, 0x4F, 0x68, 0xA1, 0xE0, 0x8E, 0xB7, 0x72, 0x50, 0x49, 0x1F,
    0xE4, 0x51, 0xAB, 0xE3, 0xCD, 0xFB, 0x21, 0xF0, 0x41, 0x64, 0xC0, 0x1E, 0xF9, 0x37, 0xF7, 0x51,
    0x93, 0x8D, 0x76, 0xBF, 0xD5, 0x9A, 0xA6, 0x7D, 0x3A, 0xC6, 0xEE, 0xDB, 0x49, 0x63, 0x6E, 0x54,
    0x8F, 0xD6, 0x6B, 0x8C, 0x9B, 0xFF, 0xE4, 0xBC, 0x8D, 0xE3, 0x7C, 0xB4, 0xB5, 0xED, 0xB5, 0x1F,
    0xC6, 0xF7, 0xE9, 0x31, 0xCF, 0xDF, 0xE7, 0x78, 0xFA, 0xC7, 0xF1, 0x63, 0xDE, 0xCE, 0xF8, 0xBF,
    0x3D, 0x3F, 0xED, 0xBF, 0xCC, 0x3F, 0xE6, 0x77, 0xDB, 0xD2, 0xF4, 0xCF, 0xCE, 0x1F, 0xF1, 0x77,
    0x1B, 0xE3, 0x1F, 0xE6, 0xBF, 0xDF, 0x6F, 0x3B, 0xC6, 0xBF, 0x8C, 0x1F, 0xFE, 0x4D, 0x7C, 0xAD,
    0x97, 0xF7, 0x5F, 0xE3, 0xBF, 0x9D, 0x9F, 0x3E, 0xCE, 0xFF, 0x03, 0x95, 0x96, 0x41, 0x8A, 0x63,
    0x3D, 0x0C, 0x84, 0x0B, 0xB4, 0x2D, 0x78, 0x57, 0x29, 0xF0, 0xD6, 0xE0, 0xAB, 0x0B, 0xB2, 0x35,
    0xCC, 0x55, 0x0C, 0xB3, 0x35, 0xE8, 0x8F, 0xE9, 0xA6, 0xFF, 0x88, 0x28, 0xE9, 0xC9, 0x57, 0x18,
    0xC7, 0x11, 0x92, 0x5F, 0x64, 0x59, 0x79, 0x48, 0x18, 0x88, 0x11, 0x84, 0x21, 0xE1, 0xB6, 0x38,
    0xE1, 0xA5, 0x32, 0x0E, 0xC5, 0x86, 0x1E, 0xBE, 0xF7, 0x4A, 0x9C, 0xB6, 0xE0, 0x78, 0x82, 0x12,
    0x23, 0x44, 0xAA, 0xDE, 0xFF, 0x9D, 0xFF, 0xF0, 0x8E, 0x06, 0x39, 0x04, 0xA2, 0xC0, 0x36, 0x3A,
    0xA6, 0x91, 0x10, 0x2A, 0x04, 0xC2, 0x88, 0x89, 0x6E, 0x1B, 0x35, 0x84, 0xE4, 0x0D, 0x1D, 0xC3,
    0xCB, 0x00, 0x32, 0x51, 0x23, 0x28, 0x13, 0x8E, 0x12, 0x3C, 0x72, 0x2A, 0x36, 0x45, 0x3F, 0xAB,
    0x77, 0x5C, 0x7E, 0x1F, 0xB0, 0x45, 0x27, 0x21, 0xD9, 0xF9, 0xE2, 0x33, 0x6C, 0x5D, 0x8E, 0x25,
    0x99, 0x9C, 0x3C, 0x4B, 0xFC, 0x0E, 0x25, 0x8F, 0x90, 0xD7, 0xF9, 0x2F, 0xAB, 0x20, 0x41, 0x19,
    0x23, 0x8C, 0x0F, 0xFE, 0x2F, 0xCE, 0xBE, 0xAE, 0x00, 0x33, 0x72, 0x2C, 0xD2, 0x0C, 0x25, 0xEE,
    0xD2, 0xB5, 0x25, 0x77, 0x94, 0x18, 0xC9, 0xB1, 0x49, 0xE3, 0xEF, 0xF5, 0x7B, 0x6D, 0x3C, 0x21,
    0x97, 0xC6, 0x96, 0x94, 0xE2, 0x5F, 0xBB, 0xFE, 0x0D, 0x39, 0x7E, 0xB6, 0x96, 0xF1, 0x69, 0x46,
    0x1B, 0x9B, 0xB0, 0x97, 0xE5, 0x25, 0x5E, 0x81, 0x57, 0x25, 0x4A, 0x6B, 0x6C, 0x63, 0x53, 0xA6,
    0xDA, 0xBF, 0xA9, 0xF1, 0x0A, 0xA3, 0x09, 0x25, 0x54, 0x9B, 0x7B, 0x88, 0xAC, 0xEC, 0x0E, 0xE7,
    0xD2, 0x8C, 0xD0, 0xE4, 0x7A, 0x3C, 0x5B, 0x7D, 0xC9, 0x9B, 0x77, 0x57, 0xF5, 0xFB, 0x73, 0xFF,
    0xF0, 0x9F, 0xFA, 0x3F, 0xCA, 0x38, 0x64, 0x3F, 0xF5, 0x7F, 0x04, 0x3D, 0xCA, 0x44, 0x0D, 0x7F,
    0xCC, 0x0F, 0xB3, 0x4E, 0xEC, 0xD4, 0x5F, 0x9E, 0x89, 0x05, 0x59, 0xC3, 0x86, 0x00, 0x54, 0xF1,
    0xD7, 0xAB, 0xFC, 0xDB, 0xA6, 0xCD, 0xDB, 0x30, 0xA2, 0x66, 0xB8, 0xEB, 0xD6, 0x7C, 0x43, 0x4F,
    0x96, 0xFD, 0xBE, 0xFF, 0x34, 0x74, 0x8C, 0x7D, 0xEC, 0x77, 0x26, 0xFA, 0xD8, 0xE8, 0x98, 0x78,
    0x82, 0x5B, 0x4B, 0x53, 0x14, 0xAF, 0x85, 0x82, 0xA1, 0x8B, 0x8D, 0xC9, 0x5E, 0xF4, 0x6F, 0xBC,
    0xA3, 0xEC, 0xEF, 0x58, 0x78, 0xD7, 0xDF, 0xDD, 0x9C, 0xFE, 0x41, 0xFF, 0x7F, 0xCB, 0xBF, 0xFC,
    0x3F, 0x60, 0x62, 0xC1, 0x5F, 0xDB, 0xE9, 0x96, 0xF7, 0x76, 0x68, 0x7C, 0xC7, 0x35, 0x10, 0xF9,
    0x8E, 0x51, 0x43, 0x73, 0x51, 0xFF, 0xEB, 0x6A, 0xDC, 0x14, 0xBE, 0x49, 0x3E, 0x29, 0x56, 0x65,
    0x2F, 0xE3, 0xEF, 0xD9, 0xA8, 0x2C, 0xAA, 0x7C, 0xBE, 0x22, 0xFE, 0xB3, 0xE7, 0x6C, 0x63, 0x53,
    0xE5, 0xE9, 0x6E, 0x20, 0x7B, 0x3F, 0xED, 0x92, 0x9F, 0x2E, 0xDF, 0x6F, 0x1F, 0xDB, 0xEF, 0x83,
    0xF5, 0xD9, 0x39, 0xD7, 0xDD, 0x7E, 0x1B, 0x9B, 0xEB, 0xD9, 0x6E, 0x47, 0x1A, 0xDB, 0xEC, 0x3E,
    0x74, 0x56, 0xCF, 0x18, 0xAE, 0xAD, 0xFB, 0x30, 0x24, 0xDC, 0x74, 0x75, 0x53, 0x52, 0xDD, 0xC3,
    0x7C, 0x2C, 0x70, 0xAC, 0xBC, 0xF7, 0xB3, 0xE7, 0x89, 0x56, 0xBF, 0x3F, 0x8C, 0xED, 0x96, 0x73,
    0x57, 0xED, 0x5F, 0xF9, 0x0F, 0x6F, 0xE8, 0xDE, 0x84, 0x09, 0xD5, 0xDD, 0x01, 0xD3, 0x3A, 0x67,
    0x03, 0x51, 0x41, 0x34, 0x70, 0x5A, 0xC7, 0xB4, 0x8D, 0x0A, 0x61, 0x36, 0x75, 0x6F, 0x18, 0x8E,
    0x4C, 0xCA, 0x5E, 0x14, 0x19, 0x4C, 0xD9, 0x89, 0x94, 0xA1, 0x04, 0x21, 0x46, 0x93, 0x13, 0x2F,
    0x90, 0x38, 0xC3, 0x88, 0x97, 0xEF, 0x57, 0xD7, 0xFE, 0x1A, 0x59, 0xD9, 0xF2, 0x4B, 0xFF, 0x1F,
    0x6F, 0xDE, 0x1F, 0x01, 0x87, 0xA7, 0x4F, 0x19, 0x81, 0x3B, 0xFF, 0xFF, 0xF9, 0x93, 0x5F, 0xDA,
    0xBF, 0xE8, 0xB3, 0xD1, 0xD1, 0xF0, 0x82, 0x89, 0x1E, 0xB9, 0xF7, 0xE6, 0xFC, 0xA3, 0x85, 0x5B,
    0x8B, 0x0B, 0x96, 0x9F, 0x5F, 0xE4, 0x18, 0xA6, 0xA4, 0x55, 0xDC, 0xB0, 0x15, 0xD3, 0x2D, 0x26,
    0xD2, 0xD3, 0xD9, 0xCA, 0x9E, 0x63, 0x90, 0xA9, 0xFE, 0x72, 0xFC, 0xF5, 0xED, 0xB1, 0xB2, 0xBD,
    0x5F, 0xFC, 0xA1, 0x5F, 0xB2, 0x11, 0xA9, 0xBE, 0xF7, 0x5B, 0xFB, 0xE2, 0xEC, 0x7F, 0x38, 0xBF,
    0x74, 0x3E, 0xEB, 0x36, 0xE2, 0x21, 0xFA, 0x1C, 0x23, 0xEF, 0x40, 0x5E, 0xBB, 0xB6, 0xE7, 0xF8,
    0x09, 0xEF, 0x6B, 0x4C, 0xD9, 0x98, 0xBD, 0x38, 0x9D, 0x11, 0x42, 0x5B, 0xCD, 0x9B, 0x44, 0x99,
    0x50, 0xB4, 0x37, 0x93, 0xD1, 0xAC, 0xE1, 0xAF, 0xFD, 0x85, 0x8D, 0xF8, 0xE0, 0xFE, 0xD6, 0x0C,
    0x38, 0xDC, 0x15, 0x11, 0xFB, 0xCC, 0x18, 0xB5, 0x0F, 0xC5, 0x7D, 0xA5, 0xFE, 0x3D, 0xD7, 0x10,
    0x95, 0xEB, 0x32, 0x02, 0x2C, 0xE6, 0x04, 0x25, 0x45, 0x28, 0xFB, 0xE6, 0x9D, 0x18, 0x41, 0x16,
    0xF6, 0x8A, 0x1B, 0x61, 0x66, 0xB8, 0x22, 0xFC, 0xCC, 0x67, 0xFD, 0x09, 0x66, 0x02, 0x4D, 0x18,
    0x11, 0x71, 0xE6, 0xB3, 0xFE, 0x08, 0xBA, 0x83, 0xDF, 0xF9, 0xA3, 0xEB, 0xAC, 0xF1, 0x01, 0xC6,
    0x1B, 0x48, 0xF7, 0x11, 0xB1, 0xCE, 0x7C, 0xD6, 0xEF, 0x21, 0x3A, 0xFE, 0x44, 0x07, 0xF1, 0x02,
    0xA1, 0xC7, 0x5F, 0x74, 0x08, 0xFF, 0x82, 0x1B, 0xCC, 0xCD, 0x19, 0xA1, 0x33, 0x9F, 0x75, 0x06,
    0xF8, 0x0F, 0x9D, 0x99, 0xD1, 0xEA, 0xF3, 0x2A, 0x0C, 0xC0, 0x03, 0xB9, 0x0D, 0xF8, 0x2A, 0x01,
    0x6F, 0x05, 0x5F, 0x3D, 0xD0, 0x5B, 0xE1, 0xFF, 0x2A, 0xC2, 0x6E, 0x85, 0x1E, 0x33, 0x17, 0x36,
    0x17, 0x33, 0x3E, 0x4E, 0xB2, 0x59, 0xF5, 0x97, 0x44, 0x6B, 0x57, 0x5B, 0x9D, 0x00, 0xCF, 0x0F,
    0x83, 0xCC, 0x4F, 0xBD, 0x85, 0x10, 0xE6, 0x07, 0xE9, 0xF5, 0x81, 0xAE, 0x1F, 0x13, 0x14, 0xE2,
    0xA9, 0xB0, 0x54, 0xF3, 0x28, 0xF0, 0x21, 0xD8, 0xE9, 0x09, 0x70, 0x90, 0xC2, 0x29, 0xE9, 0xC9,
    0xEF, 0x1B, 0x70, 0xA9, 0xE5, 0x56, 0x7E, 0x96, 0x32, 0x5C, 0xAA, 0xF7, 0x8D, 0x4F, 0x21, 0x24,
    0xB5, 0xD9, 0x04, 0x1F, 0x44, 0x9C, 0xF9, 0xCA, 0x48, 0x94, 0xFB, 0x86, 0x04, 0x04, 0x59, 0x95,
    0x9E, 0xC2, 0x58, 0x37, 0xDF, 0x7A, 0x33, 0x2E, 0xB2, 0xAC, 0xD4, 0x1E, 0x9C, 0xA4, 0xC1, 0xC0,
    0x50, 0x35, 0x9D, 0xF9, 0x2F, 0xC8, 0xC0, 0x93, 0x0B, 0x4B, 0x1D, 0x19, 0xF2, 0xE4, 0x7A, 0x82,
    0xE7, 0x18, 0x75, 0x78, 0x7F, 0x95, 0xDA, 0x75, 0x4C, 0xEA, 0x78, 0xA6, 0xDD, 0xC7, 0x9F, 0x75,
    0x0D, 0x5A, 0x1D, 0x48, 0x38, 0xB9, 0xC5, 0xF7, 0x31, 0xEA, 0xF8, 0xF6, 0xAF, 0xC3, 0xEB, 0xC6,
    0x6F, 0x72, 0x52, 0xEB, 0x07, 0xAF, 0x07, 0x7E, 0x7F, 0xC6, 0x67, 0x22, 0x40, 0x1D, 0x67, 0x06,
    0x41, 0x20, 0x60, 0xD2, 0x16, 0xDE, 0x57, 0xE8, 0x69, 0x2D, 0xAA, 0x33, 0x27, 0x5F, 0xE3, 0x2B,
    0xD8, 0x41, 0x02, 0xCE, 0x1A, 0x51, 0x63, 0x6A, 0x54, 0xB2, 0x22, 0x98, 0xF0, 0xB3, 0x76, 0xD2,
    0xE5, 0xAD, 0xD8, 0x0F, 0x8B, 0x50, 0xD3, 0x16, 0xB0, 0x53, 0x5B, 0xAE, 0x5E, 0x50, 0xF6, 0x5F,
    0xA9, 0xAC, 0x5C, 0x05, 0x36, 0xAD, 0xEB, 0x97, 0xD1, 0xA7, 0x6A, 0xF9, 0x29, 0xA5, 0x22, 0x17,
    0x9E, 0xDF, 0x80, 0xE7, 0x9A, 0xAD, 0xDE, 0xF3, 0x4D, 0x52, 0x61, 0x61, 0x49, 0x05, 0x4C, 0x3C,
    0xBF, 0xF8, 0x8A, 0x39, 0x7F, 0x68, 0x1D, 0x70, 0x12, 0xB2, 0x6B, 0x13, 0x71, 0x54, 0xCE, 0xC4,
    0x93, 0xB3, 0xA3, 0x0D, 0x3A, 0x72, 0x59, 0x67, 0xD0, 0xF6, 0x91, 0xF3, 0xEA, 0x78, 0xC3, 0xAE,
    0xC7, 0x24, 0xD9, 0x71, 0x62, 0xAF, 0x8E, 0x17, 0x62, 0xEA, 0x89, 0x89, 0x8B, 0xE3, 0x9F, 0xF7,
    0xF7, 0xBA, 0xB7, 0x19, 0xBF, 0xB1, 0xD6, 0x29, 0x8B, 0xEE, 0xED, 0xD4, 0xF7, 0x0E, 0x38, 0xFF,
    0x8D, 0xA6, 0x0E, 0x4B, 0x0A, 0x34, 0x10, 0xAF, 0x24, 0x69, 0xF1, 0x86, 0x19, 0xD9, 0x6B, 0xE6,
    0x22, 0x8A, 0x31, 0x53, 0x3B, 0x69, 0x6B, 0x0F, 0xDE, 0xE3, 0x63, 0xD7, 0x7A, 0xEC, 0x51, 0xFC,
    0x34, 0xF2, 0x94, 0x34, 0xCE, 0xF1, 0xEB, 0x68, 0x7F, 0xAA, 0x75, 0x84, 0xF1, 0x1F, 0xF4, 0x47,
    0xF7, 0xDE, 0x7F, 0xCF, 0xAD, 0x07, 0x9E, 0xE7, 0x5E, 0x5A, 0x6D, 0x8E, 0x6F, 0xBF, 0x81, 0x97,
    0xCB, 0x94, 0x9D, 0x59, 0xED, 0xB7, 0xA5, 0x88, 0x1D, 0xBC, 0x61, 0x10, 0xC8, 0xDC, 0xEB, 0x80,
    0x48, 0xCA, 0x54, 0xA8, 0xB2, 0x72, 0x51, 0x47, 0xEA, 0xB0, 0xDC, 0x29, 0x7A, 0x22, 0xEE, 0x96,
    0xF7, 0x62, 0x3C, 0x16, 0xEE, 0x89, 0x02, 0x64, 0xFE, 0x17, 0x95, 0x90, 0x02, 0x0B, 0xEB, 0xA3,
    0xD0, 0x5B, 0xD8, 0x24, 0x28, 0x68, 0x13, 0xA2, 0x17, 0x9E, 0x2A, 0xA9, 0x65, 0x5E, 0xD3, 0xE9,
    0x49, 0xEA, 0x08, 0xCF, 0xC2, 0xEA, 0xCD, 0xCA, 0x45, 0xB6, 0xD8, 0x38, 0xB9, 0x4D, 0xD7, 0xDE,
    0xD3, 0xFB, 0x1B, 0x57, 0x97, 0x49, 0x64, 0xF9, 0xF3, 0x16, 0x3D, 0x35, 0xEE, 0x8B, 0xAC, 0x49,
    0xCC, 0xA2, 0xFB, 0x28, 0x51, 0xEF, 0x2D, 0x0A, 0x82, 0xF6, 0x92, 0x80, 0x42, 0x5F, 0xD7, 0x3F,
    0xC7, 0x35, 0xF5, 0xD7, 0x35, 0x3A, 0x3F, 0x13, 0xA6, 0xD4, 0x6D, 0xC2, 0x39, 0x71, 0x94, 0xF5,
    0xAB, 0x2B, 0x05, 0x65, 0x03, 0xCE, 0xA2, 0x0E, 0x4F, 0x50, 0xA2, 0xF6, 0x8D, 0x1A, 0x5B, 0x65,
    0x77, 0x63, 0xBC, 0xF9, 0xAA, 0x70, 0x06, 0xC6, 0x0D, 0x7B, 0xC9, 0xC3, 0xD2, 0xB3, 0xD4, 0x66,
    0x69, 0xC0, 0x07, 0xAD, 0x47, 0x50, 0xF0, 0x80, 0x8E, 0xC7, 0xD7, 0xC6, 0xD4, 0x71, 0xC1, 0x4E,
    0xB4, 0x5E, 0x46, 0x34, 0x25, 0x42, 0x06, 0x79, 0x97, 0x97, 0x4D, 0x1A, 0xD8, 0x91, 0xC3, 0xF1,
    0x13, 0x64, 0xA2, 0x34, 0x22, 0x8E, 0x84, 0x5C, 0x4B, 0xE6, 0x1A, 0x46, 0x28, 0x92, 0x59, 0xF5,
    0x44, 0x13, 0xF0, 0xBA, 0x6B, 0x35, 0x92, 0xF3, 0xB7, 0x3B, 0xEB, 0xBE, 0xD5, 0xE6, 0xBE, 0x11,
    0xE8, 0xA9, 0xB3, 0x6C, 0xDF, 0x0F, 0x0B, 0xE5, 0xF7, 0xBD, 0x2C, 0xF6, 0x71, 0xDD, 0xBE, 0x36,
    0xA8, 0x50, 0x56, 0x32, 0xDD, 0x35, 0xC5, 0xF7, 0x61, 0x46, 0x91, 0xAE, 0x7D, 0x03, 0x78, 0x1D,
    0x44, 0xD3, 0xBE, 0x12, 0x58, 0x06, 0x76, 0x72, 0x28, 0x16, 0xE7, 0x74, 0xEE, 0xCA, 0x96, 0x8D,
    0xE7, 0xBB, 0xBF, 0xBF, 0xFB, 0x37, 0x7F, 0x3A, 0x70, 0x93, 0x0B, 0x89, 0x98, 0xE5, 0x02, 0x16,
    0x62, 0x24, 0xB8, 0x76, 0x6C, 0xF5, 0x66, 0xB7, 0xE3, 0x49, 0x04, 0x27, 0x57, 0xB5, 0xFC, 0x27,
    0x9E, 0xCA, 0x92, 0xAD, 0xED, 0x86, 0xDA, 0x3A, 0x2F, 0xA2, 0x9F, 0xFC, 0x1C, 0xC7, 0x0E, 0x85,
    0x41, 0x66, 0x56, 0xB4, 0xBF, 0x38, 0x6B, 0x50, 0xD0, 0x6C, 0x3A, 0x43, 0xE2, 0xE7, 0xC8, 0x55,
    0x50, 0xA3, 0xBF, 0xD7, 0x50, 0x3E, 0x00, 0x5E, 0x36, 0xE9, 0x23, 0x08, 0xBF, 0x82, 0xC0, 0x58,
    0x41, 0x74, 0xAC, 0x35, 0x08, 0x7D, 0x04, 0x61, 0x0B, 0x22, 0x2B, 0x88, 0xDA, 0x9C, 0x47, 0xD5,
    0xCD, 0x56, 0xEE, 0xAA, 0x38, 0xCE, 0x53, 0xC7, 0x64, 0x82, 0x82, 0x43, 0xE7, 0xCB, 0xB2, 0xCF,
    0x97, 0x02, 0x52, 0x95, 0x4D, 0xFF, 0x0A, 0x93, 0x53, 0xE9, 0xCA, 0x7D, 0xDB, 0xEF, 0x56, 0xCE,
    0x6D, 0xBF, 0x2D, 0xB7, 0xD1, 0x1E, 0xC8, 0xAB, 0xED, 0x0A, 0x24, 0x34, 0xF2, 0xC4, 0x32, 0xD5,
    0xFA, 0x56, 0xDE, 0x6D, 0x97, 0x34, 0xFD, 0x93, 0x50, 0xE1, 0x09, 0xBE, 0xAF, 0xD9, 0x2B, 0x36,
    0x3F, 0x4B, 0xEE, 0x04, 0xE9, 0xD5, 0x0B, 0xFF, 0x24, 0xD9, 0xFD, 0x0B, 0x63, 0x53, 0xF3, 0xD0,
    0xBF, 0x64, 0x8D, 0x11, 0xFA, 0x03, 0x97, 0x72, 0xB5, 0x5F, 0xED, 0xE7, 0xAB, 0x94, 0x2F, 0x5C,
    0xA0, 0x41, 0x07, 0x3D, 0x43, 0x41, 0xA6, 0x29, 0x3B, 0x9F, 0x22, 0x24, 0x28, 0x7A, 0x95, 0x12,
    0xE8, 0xF8, 0xD0, 0x71, 0xB9, 0x6A, 0x8B, 0xD5, 0x68, 0xB9, 0xE9, 0x16, 0x9B, 0xDB, 0x72, 0x36,
    0x6B, 0xE4, 0x15, 0xC9, 0x9D, 0xDD, 0x5A, 0x8E, 0x06, 0x8B, 0x51, 0xD7, 0x7E, 0x1D, 0x3F, 0xDB,
    0x37, 0xEE, 0x96, 0xD3, 0xB6, 0x98, 0xAE, 0x83, 0x7F, 0xB4, 0x6F, 0x3C, 0x6C, 0x9F, 0xEB, 0xC0,
    0x5F, 0xED, 0x4B, 0x1D, 0xE4, 0x5F, 0xF8, 0x5B, 0xA6, 0x3A, 0xF2, 0x3C, 0xDA, 0x73, 0xDB, 0x2F,
    0x08, 0x72, 0xCB, 0x93, 0x9E, 0x79, 0x9E, 0x5A, 0xDB, 0x4C, 0x1D, 0x57, 0xA9, 0x23, 0x5A, 0xB0,
    0x19, 0xB7, 0xFE, 0x79, 0xEE, 0xFD, 0xEB, 0x88, 0xFD, 0x23, 0x7E, 0x5E, 0xF0, 0xB8, 0x73, 0x0C,
    0xDA, 0xC7, 0x4E, 0x8D, 0xAF, 0x7A, 0xF3, 0x45, 0x0D, 0xFB, 0x91, 0x13, 0xE3, 0xDA, 0x5A, 0x89,
    0x78, 0xCE, 0x7C, 0xE5, 0x1C, 0x73, 0x56, 0x8E, 0x3F, 0x38, 0xF2, 0xC5, 0xBF, 0xF8, 0xA5, 0x2D,
    0xFC, 0xE4, 0x8F, 0x5F, 0x7C, 0x52, 0xCC, 0x8F, 0x98, 0x2B, 0x8D, 0xDA, 0xD7, 0x91, 0xE1, 0xCB,
    0xD2, 0x23, 0x47, 0x46, 0x4B, 0x4F, 0xBC, 0xA4, 0x35, 0x3E, 0x25, 0xC5, 0xFE, 0x7C, 0x45, 0xFE,
    0xF6, 0xDB, 0x58, 0x47, 0x2F, 0xF6, 0xDB, 0x58, 0xC7, 0x53, 0x7C, 0x90, 0x0F, 0x75, 0xF2, 0x49,
    0x7D, 0xFB, 0xF4, 0xD2, 0xD4, 0x2D, 0xE7, 0xF8, 0xA2, 0x66, 0x11, 0xF4, 0x3E, 0x3A, 0x83, 0x6C,
    0x3A, 0x2C, 0xF7, 0xC5, 0xF9, 0xA5, 0xD5, 0x72, 0x47, 0xFF, 0xF1, 0x8E, 0xE0, 0xDB, 0x5F, 0xDB,
    0x79, 0x9A, 0xFA, 0xF6, 0x8D, 0x9A, 0xC5, 0xB1, 0x7F, 0x3C, 0x75, 0x68, 0xEA, 0xE3, 0x1B, 0x7D,
    0x5B, 0x7C, 0x49, 0xFF, 0x7A, 0x7E, 0xF5, 0x1D, 0xA7, 0xAF, 0xE7, 0x57, 0x02, 0x2F, 0x93, 0xB5,
    0x42, 0xD8, 0xA0, 0x44, 0x8B, 0xE1, 0x2C, 0x5C, 0xB2, 0x78, 0xEC, 0xFD, 0xEB, 0xF8, 0xE9, 0xEF,
    0xB8, 0x97, 0x04, 0xD0, 0x59, 0x70, 0xF0, 0x7D, 0x0F, 0x3D, 0x6A, 0x19, 0x22, 0x09, 0xFC, 0xAB,
    0x20, 0xD5, 0xFB, 0x26, 0x3D, 0x86, 0xFE, 0x71, 0x04, 0x01, 0x60, 0x4E, 0x77, 0x67, 0x3D, 0xAE,
    0x72, 0x2C, 0xEB, 0x57, 0x5F, 0x92, 0xE5, 0xB6, 0x48, 0x03, 0xC4, 0xA9, 0x93, 0x8F, 0x2D, 0x27,
    0xFF, 0x0C, 0x5E, 0x35, 0x82, 0xEC, 0x9F, 0xEE, 0xC6, 0xF7, 0x08, 0xE1, 0x1D, 0x2E, 0x3C, 0x35,
    0xDC, 0xF4, 0x2B, 0xD0, 0x90, 0x88, 0x76, 0xFE, 0xBD, 0x1D, 0xAE, 0xFA, 0xBD, 0x61, 0xE6, 0xB6,
    0xC4, 0xC3, 0x0D, 0x33, 0xFF, 0x0C, 0xF1, 0xD4, 0x3F, 0xFF, 0x6C, 0x55, 0xF5, 0x1D, 0xDB, 0xAF,
    0x5A, 0x43, 0xB1, 0x55, 0x5B, 0xE0, 0xCB, 0x44, 0x5C, 0x07, 0x31, 0xD3, 0x29, 0x0A, 0xE3, 0x7B,
    0x7E, 0x65, 0x3C, 0x72, 0xCA, 0xCC, 0x92, 0xB9, 0xD0, 0x99, 0x53, 0xC2, 0x0C, 0x17, 0x66, 0x72,
    0xFE, 0x36, 0xF8, 0xF8, 0x3A, 0x47, 0x87, 0xCC, 0x80, 0x43, 0xEE, 0xF6, 0x14, 0x1C, 0x43, 0x7F,
    0x75, 0xA2, 0x6B, 0xCC, 0x18, 0xFC, 0x9D, 0xF1, 0x9C, 0xFB, 0x78, 0xE6, 0xD2, 0xF1, 0xFD, 0xAC,
    0x12, 0x34, 0x68, 0x75, 0xBD, 0x23, 0x79, 0x7F, 0xD4, 0xD1, 0x33, 0xF9, 0xE6, 0x6F, 0xC2, 0x17,
    0xE3, 0x1E, 0xFF, 0x73, 0x5B, 0xD3, 0xF4, 0xB4, 0x29, 0x5C, 0xC7, 0x3B, 0x0D, 0xB6, 0xB3, 0x09,
    0x35, 0x1A, 0xFB, 0xF7, 0xFB, 0x35, 0xFA, 0xBC, 0xAC, 0x66, 0x39, 0x14, 0xA2, 0x89, 0xD5, 0x4E,
    0x04, 0x11, 0x9F, 0x45, 0x3D, 0x6A, 0xF9, 0x59, 0xAF, 0x15, 0xB1, 0xA8, 0x89, 0xF3, 0xB1, 0x58,
    0x16, 0xDA, 0xC4, 0xAF, 0x96, 0xF7, 0x75, 0x98, 0x5F, 0x2D, 0x6F, 0xF6, 0x9B, 0xC4, 0x4C, 0xC5,
    0xC5, 0x76, 0xA3, 0x87, 0xAD, 0x84, 0xEB, 0x23, 0xAD, 0xC8, 0x42, 0x25, 0x58, 0x1F, 0x31, 0x32,
    0x16, 0x6A, 0xBD, 0xAF, 0x15, 0xE2, 0x9A, 0x2A, 0x3E, 0x42, 0x10, 0x34, 0x6E, 0xCC, 0xF4, 0xB7,
    0x56, 0x69, 0x09, 0xCA, 0xD4, 0x8D, 0x13, 0x70, 0xB5, 0xF7, 0x7B, 0xA8, 0xF6, 0x7E, 0xFF, 0xC5,
    0xED, 0xFD, 0xDE, 0x71, 0xFF, 0xFE, 0x2B, 0x6A, 0x13, 0xBE, 0xFF, 0x3A, 0xBE, 0x8D, 0x1C, 0xA7,
    0x96, 0x3B, 0x01, 0x9F, 0x57, 0xA8, 0xE4, 0xF9, 0xD7, 0xDA, 0xB2, 0x18, 0x3F, 0xAE, 0x2C, 0x89,
    0xBD, 0xFF, 0x7B, 0x95, 0x5B, 0x4A, 0xC3, 0x86, 0x03, 0x8F, 0x0B, 0xD4, 0x22, 0xB9, 0xE7, 0x52,
    0xA4, 0x82, 0x7A, 0xFF, 0xF6, 0xAF, 0xE3, 0xB7, 0x7F, 0x1D, 0xEC, 0xE6, 0x55, 0x77, 0x74, 0xF2,
    0xF8, 0x7B, 0xFC, 0x05, 0x0F, 0xE3, 0xF4, 0xE9, 0xD7, 0xA7, 0xBE, 0xC5, 0xCA, 0xC6, 0xCD, 0x3E,
    0x90, 0x7A, 0x03, 0x08, 0xBC, 0x77, 0xBF, 0xEE, 0xDB, 0xF2, 0x5A, 0xBF, 0xB8, 0x93, 0xC0, 0x7F,
    0xFB, 0xEF, 0xD8, 0xFB, 0xBB, 0xF9, 0x8F, 0xEA, 0x60, 0x3A, 0xCC, 0x7E, 0x28, 0xFA, 0x3D, 0xF6,
    0x0F, 0xFF, 0xB1, 0x7F, 0x6A, 0xF7, 0x7F, 0xFD, 0xEB, 0x88, 0xFE, 0x6E, 0x36, 0x71, 0x5C, 0x7D,
    0x82, 0x7E, 0x74, 0xA0, 0x79, 0xE4, 0x67, 0x53, 0x7D, 0x3B, 0xD2, 0x8B, 0xFF, 0x92, 0x74, 0x6B,
    0x27, 0xCD, 0x9A, 0x66, 0xF9, 0x16, 0xCB, 0x03, 0xB0, 0xF2, 0x7F, 0xF6, 0xA7, 0xA7, 0xFF, 0x00,
    0x3A, 0xFA, 0xFB, 0xE7, 0xCF, 0xBA, 0x3E, 0xC7, 0x1D, 0x0A, 0x8D, 0x13, 0xF4, 0x6F, 0x80, 0xEF,
    0x9F, 0x1F, 0xDF, 0xF0, 0xEF, 0x76, 0x7F, 0x1D, 0xC5, 0xAE, 0x17, 0x06, 0x65, 0xB3, 0xFD, 0x0F,
    0x75, 0x8E, 0x01, 0x06, 0x05, 0x31, 0x0C, 0x44, 0x43, 0x01, 0x86, 0x5E, 0x65, 0xF8, 0x00, 0xA1,
    0x57, 0xCF, 0x01, 0xCA, 0xBF, 0xCA, 0x1E, 0xA0, 0xD8, 0xA4, 0xAA, 0xCD, 0xA2, 0xEF, 0x01, 0xF3,
    0x84, 0xC8, 0xA4, 0xFC, 0xC1, 0xB0, 0x0D, 0xF0, 0x28, 0x9B, 0xF2, 0x00, 0x10, 0x88, 0xF7, 0x44,
    0xEA, 0x6B, 0x6F, 0xFD, 0xD2, 0x15, 0x1D, 0x06, 0xF3, 0xFB, 0x7E, 0x4C, 0x7D, 0xED, 0xB7, 0x5E,
    0x8D, 0xD3, 0xDF, 0xA0, 0x6D, 0xF5, 0xF3, 0x1F, 0xC3, 0xAA, 0x74, 0xC0, 0xE2, 0x2A, 0xA2, 0xBC,
    0x63, 0x00, 0x03, 0xFB, 0x3F, 0x36, 0x36, 0xC6, 0x67, 0x8C, 0xCF, 0xD8, 0x9F, 0xB1, 0xB7, 0x01,
    0xC2, 0x3F, 0x10, 0x12, 0x24, 0x03, 0x00,
};

static const EpdGlyph helvetica_8_regularGlyphs[] = {
    { 9, 11, 192, 1, 11, 25, 0 }, // U+0000
    { 16, 16, 256, 0, 14, 64, 25 }, // U+0001
    { 16, 16, 256, 0, 14, 64, 89 }, // U+0002
    { 16, 16, 256, 0, 14, 64, 153 }, // U+0003
    { 16, 16, 256, 0, 14, 64, 217 }, // U+0004
    { 16, 16, 256, 0, 14, 64, 281 }, // U+0005
    { 16, 16, 256, 0, 14, 64, 345 }, // U+0006
    { 16, 16, 256, 0, 14, 64, 409 }, // U+0007
    { 16, 16, 256, 0, 14, 64, 473 }, // U+0008
    { 16, 16, 256, 0, 14, 64, 537 }, // U+0009
    { 16, 16, 256, 0, 14, 64, 601 }, // U+000A
    { 16, 16, 256, 0, 14, 64, 665 }, // U+000B
    { 16, 16, 256, 0, 14, 64, 729 }, // U+000C
    { 16, 16, 256, 0, 14, 64, 793 }, // U+000D
    { 16, 16, 256, 0, 14, 64, 857 }, // U+000E
    { 16, 16, 256, 0, 14, 64, 921 }, // U+000F
    { 16, 16, 256, 0, 14, 64, 985 }, // U+0010
    { 16, 16, 256, 0, 14, 64, 1049 }, // U+0011
    { 16, 16, 256, 0, 14, 64, 1113 }, // U+0012
    { 16, 16, 256, 0, 14, 64, 1177 }, // U+0013
    { 16, 16, 256, 0, 14, 64, 1241 }, // U+0014
    { 16, 16, 256, 0, 14, 64, 1305 }, // U+0015
    { 16, 16, 256, 0, 14, 64, 1369 }, // U+0016
    { 16, 16, 256, 0, 14, 64, 1433 }, // U+0017
    { 16, 16, 256, 0, 14, 64, 1497 }, // U+0018
    { 16, 16, 256, 0, 14, 64, 1561 }, // U+0019
    { 16, 16, 256, 0, 14, 64, 1625 }, // U+001A
    { 16, 16, 256, 0, 14, 64, 1689 }, // U+001B
    { 16, 16, 256, 0, 14, 64, 1753 }, // U+001C
    { 16, 16, 256, 0, 14, 64, 1817 }, // U+001D
    { 16, 16, 256, 0, 14, 64, 1881 }, // U+001E
    { 16, 16, 256, 0, 14, 64, 1945 }, // U+001F
    { 1, 1, 80, 0, 1, 1, 2009 }, // U+0020
    { 1, 12, 80, 2, 12, 3, 2010 }, // !
    { 4, 4, 96, 1, 12, 4, 2013 }, // "
    { 8, 11, 144, 0, 11, 22, 2017 }, // #
    { 7, 15, 144, 1, 13, 27, 2039 }, // $
    { 12, 12, 224, 0, 12, 36, 2066 }, // %
    { 10, 12, 176, 0, 12, 30, 2102 }, // &
    { 2, 4, 48, 0, 12, 2, 2132 }, // '
    { 3, 16, 96, 1, 12, 12, 2134 }, // (
    { 3, 16, 96, 1, 12, 12, 2146 }, // )
    { 5, 5, 96, 0, 12, 7, 2158 }, // *
    { 9, 9, 160, 0, 9, 21, 2165 }, // +
    { 2, 4, 64, 1, 2, 2, 2186 }, // ,
    { 4, 1, 80, 0, 5, 1, 2188 }, // -
    { 1, 2, 64, 2, 2, 1, 2189 }, // .
    { 4, 12, 80, 0, 12, 12, 2190 }, // /
    { 7, 12, 144, 1, 12, 21, 2202 }, // 0
    { 3, 12, 144, 3, 12, 9, 2223 }, // 1
    { 7, 12, 144, 1, 12, 21, 2232 }, // 2
    { 7, 12, 144, 1, 12, 21, 2253 }, // 3
    { 8, 12, 144, 0, 12, 24, 2274 }, // 4
    { 7, 12, 144, 1, 12, 21, 2298 }, // 5
    { 7, 12, 144, 1, 12, 21, 2319 }, // 6
    { 8, 12, 144, 0, 12, 24, 2340 }, // 7
    { 7, 12, 144, 1, 12, 21, 2364 }, // 8
    { 7, 12, 144, 1, 12, 21, 2385 }, // 9
    { 1, 9, 64, 2, 9, 3, 2406 }, // :
    { 2, 11, 64, 1, 9, 6, 2409 }, // ;
    { 9, 9, 160, 0, 9, 21, 2415 }, // <
    { 8, 4, 160, 0, 6, 8, 2436 }, // =
    { 9, 9, 160, 1, 9, 21, 2444 }, // >
    { 7, 12, 144, 1, 12, 21, 2465 }, // ?
    { 13, 14, 272, 1, 12, 46, 2486 }, // @
    { 10, 12, 176, 0, 12, 30, 2532 }, // A
    { 9, 12, 176, 1, 12, 27, 2562 }, // B
    { 10, 12, 192, 1, 12, 30, 2589 }, // C
    { 10, 12, 192, 1, 12, 30, 2619 }, // D
    { 8, 12, 176, 1, 12, 24, 2649 }, // E
    { 7, 12, 160, 1, 12, 21, 2673 }, // F
    { 10, 12, 208, 1, 12, 30, 2694 }, // G
    { 9, 12, 192, 1, 12, 27, 2724 }, // H
    { 1, 12, 64, 1, 12, 3, 2751 }, // I
    { 6, 12, 128, 0, 12, 18, 2754 }, // J
    { 8, 12, 176, 1, 12, 24, 2772 }, // K
    { 7, 12, 144, 1, 12, 21, 2796 }, // L
    { 11, 12, 208, 1, 12, 33, 2817 }, // M
    { 9, 12, 192, 1, 12, 27, 2850 }, // N
    { 11, 12, 208, 1, 12, 33, 2877 }, // O
    { 8, 12, 176, 2, 12, 24, 2910 }, // P
    { 11, 13, 208, 1, 12, 36, 2934 }, // Q
    { 9, 12, 192, 2, 12, 27, 2970 }, // R
    { 9, 12, 176, 1, 12, 27, 2997 }, // S
    { 9, 12, 160, 0, 12, 27, 3024 }, // T
    { 9, 12, 192, 1, 12, 27, 3051 }, // U
    { 10, 12, 176, 0, 12, 30, 3078 }, // V
    { 13, 12, 240, 1, 12, 39, 3108 }, // W
    { 8, 12, 176, 1, 12, 24, 3147 }, // X
    { 9, 12, 176, 1, 12, 27, 3171 }, // Y
    { 9, 12, 160, 0, 12, 27, 3198 }, // Z
    { 3, 15, 80, 1, 12, 12, 3225 }, // [
    { 4, 12, 80, 0, 12, 12, 3237 }, // <backslash>
    { 3, 15, 80, 0, 12, 12, 3249 }, // ]
    { 7, 7, 128, 0, 12, 13, 3261 }, // ^
    { 9, 1, 144, 0, -2, 3, 3274 }, // _
    { 3, 3, 96, 0, 13, 3, 3277 }, // `
    { 8, 9, 144, 1, 9, 18, 3280 }, // a
    { 7, 12, 144, 1, 12, 21, 3298 }, // b
    { 7, 9, 128, 1, 9, 16, 3319 }, // c
    { 7, 12, 144, 1, 12, 21, 3335 }, // d
    { 7, 9, 144, 1, 9, 16, 3356 }, // e
    { 4, 12, 80, 1, 12, 12, 3372 }, // f
    { 7, 13, 144, 1, 9, 23, 3384 }, // g
    { 7, 12, 144, 1, 12, 21, 3407 }, // h
    { 1, 12, 48, 1, 12, 3, 3428 }, // i
    { 3, 16, 64, -1, 12, 12, 3431 }, // j
    { 7, 12, 128, 0, 12, 21, 3443 }, // k
    { 1, 12, 48, 1, 12, 3, 3464 }, // l
    { 11, 9, 224, 2, 9, 25, 3467 }, // m
    { 7, 9, 144, 1, 9, 16, 3492 }, // n
    { 7, 9, 144, 1, 9, 16, 3508 }, // o
    { 7, 13, 144, 1, 9, 23, 3524 }, // p
    { 7, 13, 144, 1, 9, 23, 3547 }, // q
    { 4, 9, 80, 1, 9, 9, 3570 }, // r
    { 6, 9, 128, 1, 9, 14, 3579 }, // s
    { 4, 11, 80, 1, 11, 11, 3593 }, // t
    { 7, 9, 144, 1, 9, 16, 3604 }, // u
    { 7, 9, 128, 0, 9, 16, 3620 }, // v
    { 11, 9, 192, 0, 9, 25, 3636 }, // w
    { 7, 9, 128, 0, 9, 16, 3661 }, // x
    { 7, 12, 128, 0, 9, 21, 3677 }, // y
    { 6, 9, 128, 1, 9, 14, 3698 }, // z
    { 3, 16, 96, 1, 12, 12, 3712 }, // {
    { 1, 16, 64, 1, 12, 4, 3724 }, // |
    { 3, 16, 96, 1, 12, 12, 3728 }, // }
    { 8, 2, 160, 1, 6, 4, 3740 }, // ~
    { 16, 16, 256, 0, 14, 64, 3744 }, // U+007F
    { 16, 16, 256, 0, 14, 64, 0 }, // U+0080
    { 16, 16, 256, 0, 14, 64, 64 }, // U+0081
    { 16, 16, 256, 0, 14, 64, 128 }, // U+0082
    { 16, 16, 256, 0, 14, 64, 192 }, // U+0083
    { 16, 16, 256, 0, 14, 64, 256 }, // U+0084
    { 16, 16, 256, 0, 14, 64, 320 }, // U+0085
    { 16, 16, 256, 0, 14, 64, 384 }, // U+0086
    { 16, 16, 256, 0, 14, 64, 448 }, // U+0087
    { 16, 16, 256, 0, 14, 64, 512 }, // U+0088
    { 16, 16, 256, 0, 14, 64, 576 }, // U+0089
    { 16, 16, 256, 0, 14, 64, 640 }, // U+008A
    { 16, 16, 256, 0, 14, 64, 704 }, // U+008B
    { 16, 16, 256, 0, 14, 64, 768 }, // U+008C
    { 16, 16, 256, 0, 14, 64, 832 }, // U+008D
    { 16, 16, 256, 0, 14, 64, 896 }, // U+008E
    { 16, 16, 256, 0, 14, 64, 960 }, // U+008F
    { 16, 16, 256, 0, 14, 64, 1024 }, // U+0090
    { 16, 16, 256, 0, 14, 64, 1088 }, // U+0091
    { 16, 16, 256, 0, 14, 64, 1152 }, // U+0092
    { 16, 16, 256, 0, 14, 64, 1216 }, // U+0093
    { 16, 16, 256, 0, 14, 64, 1280 }, // U+0094
    { 16, 16, 256, 0, 14, 64, 1344 }, // U+0095
    { 16, 16, 256, 0, 14, 64, 1408 }, // U+0096
    { 16, 16, 256, 0, 14, 64, 1472 }, // U+0097
    { 16, 16, 256, 0, 14, 64, 1536 }, // U+0098
    { 16, 16, 256, 0, 14, 64, 1600 }, // U+0099
    { 16, 16, 256, 0, 14, 64, 1664 }, // U+009A
    { 16, 16, 256, 0, 14, 64, 1728 }, // U+009B
    { 16, 16, 256, 0, 14, 64, 1792 }, // U+009C
    { 16, 16, 256, 0, 14, 64, 1856 }, // U+009D
    { 16, 16, 256, 0, 14, 64, 1920 }, // U+009E
    { 16, 16, 256, 0, 14, 64, 1984 }, // U+009F
    { 1, 1, 80, 0, 1, 1, 2048 }, // U+00A0
    { 1, 12, 96, 2, 9, 3, 2049 }, // U+00A1
    { 7, 13, 144, 1, 11, 23, 2052 }, // U+00A2
    { 8, 12, 144, 0, 12, 24, 2075 }, // U+00A3
    { 8, 7, 144, 0, 10, 14, 2099 }, // U+00A4
    { 9, 12, 144, 0, 12, 27, 2113 }, // U+00A5
    { 1, 16, 64, 1, 12, 4, 2140 }, // U+00A6
    { 7, 15, 144, 1, 12, 27, 2144 }, // U+00A7
    { 3, 2, 80, 1, 12, 2, 2171 }, // U+00A8
    { 12, 12, 192, 0, 12, 36, 2173 }, // U+00A9
    { 5, 7, 96, 1, 12, 9, 2209 }, // U+00AA
    { 6, 6, 144, 1, 8, 9, 2218 }, // U+00AB
    { 8, 5, 160, 0, 6, 10, 2227 }, // U+00AC
    { 4, 1, 80, 0, 5, 1, 2237 }, // U+00AD
    { 12, 12, 192, 0, 12, 36, 2238 }, // U+00AE
    { 5, 1, 96, 0, 11, 2, 2274 }, // U+00AF
    { 5, 5, 112, 1, 12, 7, 2276 }, // U+00B0
    { 9, 11, 160, 0, 11, 25, 2283 }, // U+00B1
    { 5, 7, 96, 0, 12, 9, 2308 }, // U+00B2
    { 5, 7, 96, 0, 12, 9, 2317 }, // U+00B3
    { 3, 3, 96, 1, 13, 3, 2326 }, // U+00B4
    { 7, 13, 144, 1, 9, 23, 2329 }, // U+00B5
    { 7, 15, 144, 1, 12, 27, 2352 }, // U+00B6
    { 1, 2, 80, 2, 6, 1, 2379 }, // U+00B7
    { 4, 4, 96, 0, 0, 4, 2380 }, // U+00B8
    { 3, 7, 96, 0, 12, 6, 2384 }, // U+00B9
    { 4, 7, 96, 1, 12, 7, 2390 }, // U+00BA
    { 6, 6, 144, 1, 8, 9, 2397 }, // U+00BB
    { 12, 12, 224, 0, 12, 36, 2406 }, // U+00BC
    { 12, 13, 224, 0, 13, 39, 2442 }, // U+00BD
    { 13, 12, 224, 0, 12, 39, 2481 }, // U+00BE
    { 7, 12, 160, 1, 9, 21, 2520 }, // U+00BF
    { 10, 16, 176, 0, 16, 40, 2541 }, // U+00C0
    { 10, 16, 176, 0, 16, 40, 2581 }, // U+00C1
    { 10, 16, 176, 0, 16, 40, 2621 }, // U+00C2
    { 10, 15, 176, 0, 15, 38, 2661 }, // U+00C3
    { 10, 15, 176, 0, 15, 38, 2699 }, // U+00C4
    { 10, 15, 176, 0, 15, 38, 2737 }, // U+00C5
    { 14, 12, 256, 0, 12, 42, 2775 }, // U+00C6
    { 10, 16, 192, 1, 12, 40, 2817 }, // U+00C7
    { 8, 16, 176, 1, 16, 32, 2857 }, // U+00C8
    { 8, 16, 176, 1, 16, 32, 2889 }, // U+00C9
    { 8, 16, 176, 1, 16, 32, 2921 }, // U+00CA
    { 8, 15, 176, 1, 15, 30, 2953 }, // U+00CB
    { 3, 16, 64, 0, 16, 12, 2983 }, // U+00CC
    { 3, 16, 64, 0, 16, 12, 2995 }, // U+00CD
    { 5, 16, 64, -1, 16, 20, 3007 }, // U+00CE
    { 3, 15, 64, 0, 15, 12, 3027 }, // U+00CF
    { 12, 12, 192, 0, 12, 36, 3039 }, // U+00D0
    { 9, 15, 192, 1, 15, 34, 3075 }, // U+00D1
    { 11, 16, 208, 1, 16, 44, 3109 }, // U+00D2
    { 11, 16, 208, 1, 16, 44, 3153 }, // U+00D3
    { 11, 16, 208, 1, 16, 44, 3197 }, // U+00D4
    { 11, 15, 208, 1, 15, 42, 3241 }, // U+00D5
    { 11, 15, 208, 1, 15, 42, 3283 }, // U+00D6
    { 8, 8, 160, 1, 8, 16, 3325 }, // U+00D7
    { 11, 14, 208, 1, 13, 39, 3341 }, // U+00D8
    { 9, 16, 192, 1, 16, 36, 3380 }, // U+00D9
    { 9, 16, 192, 1, 16, 36, 3416 }, // U+00DA
    { 9, 16, 192, 1, 16, 36, 3452 }, // U+00DB
    { 9, 15, 192, 1, 15, 34, 3488 }, // U+00DC
    { 9, 16, 176, 1, 16, 36, 3522 }, // U+00DD
    { 8, 12, 176, 2, 12, 24, 3558 }, // U+00DE
    { 7, 12, 160, 2, 12, 21, 3582 }, // U+00DF
    { 8, 13, 144, 1, 13, 26, 3603 }, // U+00E0
    { 8, 13, 144, 1, 13, 26, 3629 }, // U+00E1
    { 8, 13, 144, 1, 13, 26, 3655 }, // U+00E2
    { 8, 12, 144, 1, 12, 24, 3681 }, // U+00E3
    { 8, 12, 144, 1, 12, 24, 3705 }, // U+00E4
    { 8, 13, 144, 1, 13, 26, 3729 }, // U+00E5
    { 13, 9, 240, 1, 9, 30, 3755 }, // U+00E6
    { 7, 13, 128, 1, 9, 23, 3785 }, // U+00E7
    { 7, 13, 144, 1, 13, 23, 3808 }, // U+00E8
    { 7, 13, 144, 1, 13, 23, 3831 }, // U+00E9
    { 7, 13, 144, 1, 13, 23, 3854 }, // U+00EA
    { 7, 12, 144, 1, 12, 21, 3877 }, // U+00EB
    { 3, 13, 64, 1, 13, 10, 3898 }, // U+00EC
    { 3, 13, 64, 1, 13, 10, 3908 }, // U+00ED
    { 5, 13, 64, 0, 13, 17, 3918 }, // U+00EE
    { 3, 12, 64, 1, 12, 9, 3935 }, // U+00EF
    { 7, 12, 144, 1, 12, 21, 3944 }, // U+00F0
    { 7, 12, 144, 1, 12, 21, 3965 }, // U+00F1
    { 7, 13, 144, 1, 13, 23, 3986 }, // U+00F2
    { 7, 13, 144, 1, 13, 23, 4009 }, // U+00F3
    { 7, 13, 144, 1, 13, 23, 4032 }, // U+00F4
    { 7, 12, 144, 1, 12, 21, 4055 }, // U+00F5
    { 7, 12, 144, 1, 12, 21, 4076 }, // U+00F6
    { 7, 9, 160, 1, 9, 16, 4097 }, // U+00F7
    { 7, 10, 160, 1, 10, 18, 4113 }, // U+00F8
    { 7, 13, 144, 1, 13, 23, 4131 }, // U+00F9
    { 7, 13, 144, 1, 13, 23, 4154 }, // U+00FA
    { 7, 13, 144, 1, 13, 23, 4177 }, // U+00FB
    { 7, 12, 144, 1, 12, 21, 4200 }, // U+00FC
    { 7, 16, 128, 0, 13, 28, 4221 }, // U+00FD
    { 7, 16, 144, 1, 12, 28, 4249 }, // U+00FE
    { 7, 15, 128, 0, 12, 27, 4277 }, // U+00FF
    { 10, 14, 176, 0, 14, 35, 0 }, // U+0100
    { 8, 11, 144, 1, 11, 22, 35 }, // U+0101
    { 10, 15, 176, 0, 15, 38, 57 }, // U+0102
    { 8, 12, 144, 1, 12, 24, 95 }, // U+0103
    { 10, 15, 176, 0, 12, 38, 119 }, // U+0104
    { 8, 12, 144, 1, 9, 24, 157 }, // U+0105
    { 10, 16, 192, 1, 16, 40, 181 }, // U+0106
    { 7, 13, 128, 1, 13, 23, 221 }, // U+0107
    { 10, 16, 192, 1, 16, 40, 244 }, // U+0108
    { 7, 13, 128, 1, 13, 23, 284 }, // U+0109
    { 10, 15, 192, 1, 15, 38, 307 }, // U+010A
    { 7, 12, 128, 1, 12, 21, 345 }, // U+010B
    { 10, 16, 192, 1, 16, 40, 366 }, // U+010C
    { 7, 13, 128, 1, 13, 23, 406 }, // U+010D
    { 10, 16, 192, 1, 16, 40, 429 }, // U+010E
    { 10, 12, 208, 1, 12, 30, 469 }, // U+010F
    { 12, 12, 192, 0, 12, 36, 499 }, // U+0110
    { 7, 12, 144, 1, 12, 21, 535 }, // U+0111
    { 8, 14, 176, 1, 14, 28, 556 }, // U+0112
    { 7, 11, 144, 1, 11, 20, 584 }, // U+0113
    { 8, 15, 176, 1, 15, 30, 604 }, // U+0114
    { 7, 12, 144, 1, 12, 21, 634 }, // U+0115
    { 8, 15, 176, 1, 15, 30, 655 }, // U+0116
    { 7, 12, 144, 1, 12, 21, 685 }, // U+0117
    { 8, 15, 176, 1, 12, 30, 706 }, // U+0118
    { 7, 12, 144, 1, 9, 21, 736 }, // U+0119
    { 8, 16, 176, 1, 16, 32, 757 }, // U+011A
    { 7, 13, 144, 1, 13, 23, 789 }, // U+011B
    { 10, 16, 208, 1, 16, 40, 812 }, // U+011C
    { 7, 17, 144, 1, 13, 30, 852 }, // U+011D
    { 10, 15, 208, 1, 15, 38, 882 }, // U+011E
    { 7, 16, 144, 1, 12, 28, 920 }, // U+011F
    { 10, 15, 208, 1, 15, 38, 948 }, // U+0120
    { 7, 16, 144, 1, 12, 28, 986 }, // U+0121
    { 10, 17, 208, 1, 12, 43, 1014 }, // U+0122
    { 7, 18, 144, 1, 14, 32, 1057 }, // U+0123
    { 9, 16, 192, 1, 16, 36, 1089 }, // U+0124
    { 7, 16, 144, 1, 16, 28, 1125 }, // U+0125
    { 9, 12, 192, 1, 12, 27, 1153 }, // U+0126
    { 7, 12, 144, 1, 12, 21, 1180 }, // U+0127
    { 5, 15, 64, -1, 15, 19, 1201 }, // U+0128
    { 5, 12, 64, 0, 12, 15, 1220 }, // U+0129
    { 5, 14, 64, -1, 14, 18, 1235 }, // U+012A
    { 5, 11, 64, 0, 11, 14, 1253 }, // U+012B
    { 5, 15, 64, -1, 15, 19, 1267 }, // U+012C
    { 5, 12, 64, 0, 12, 15, 1286 }, // U+012D
    { 4, 15, 64, 0, 12, 15, 1301 }, // U+012E
    { 4, 15, 48, 0, 12, 15, 1316 }, // U+012F
    { 1, 15, 64, 1, 15, 4, 1331 }, // U+0130
    { 1, 9, 64, 2, 9, 3, 1335 }, // U+0131
    { 9, 12, 192, 1, 12, 27, 1338 }, // U+0132
    { 4, 16, 112, 1, 12, 16, 1365 }, // U+0133
    { 7, 16, 128, 0, 16, 28, 1381 }, // U+0134
    { 5, 17, 64, -1, 13, 22, 1409 }, // U+0135
    { 8, 17, 176, 1, 12, 34, 1431 }, // U+0136
    { 7, 17, 128, 0, 12, 30, 1465 }, // U+0137
    { 7, 9, 128, 0, 9, 16, 1495 }, // U+0138
    { 7, 16, 144, 1, 16, 28, 1511 }, // U+0139
    { 3, 16, 48, 1, 16, 12, 1539 }, // U+013A
    { 7, 17, 144, 1, 12, 30, 1551 }, // U+013B
    { 2, 17, 48, 0, 12, 9, 1581 }, // U+013C
    { 10, 12, 208, 1, 12, 30, 1590 }, // U+013D
    { 4, 12, 112, 1, 12, 12, 1620 }, // U+013E
    { 11, 12, 224, 1, 12, 33, 1632 }, // U+013F
    { 5, 12, 128, 1, 12, 15, 1665 }, // U+0140
    { 9, 12, 144, 0, 12, 27, 1680 }, // U+0141
    { 3, 12, 48, 0, 12, 9, 1707 }, // U+0142
    { 9, 16, 192, 1, 16, 36, 1716 }, // U+0143
    { 7, 13, 144, 1, 13, 23, 1752 }, // U+0144
    { 9, 17, 192, 1, 12, 39, 1775 }, // U+0145
    { 7, 14, 144, 1, 9, 25, 1814 }, // U+0146
    { 9, 16, 192, 1, 16, 36, 1839 }, // U+0147
    { 7, 13, 144, 1, 13, 23, 1875 }, // U+0148
    { 12, 12, 208, 0, 12, 36, 1898 }, // U+0149
    { 9, 16, 192, 1, 12, 36, 1934 }, // U+014A
    { 7, 13, 144, 1, 9, 23, 1970 }, // U+014B
    { 11, 14, 208, 1, 14, 39, 1993 }, // U+014C
    { 7, 11, 144, 1, 11, 20, 2032 }, // U+014D
    { 11, 15, 208, 1, 15, 42, 2052 }, // U+014E
    { 7, 12, 144, 1, 12, 21, 2094 }, // U+014F
    { 11, 16, 208, 1, 16, 44, 2115 }, // U+0150
    { 7, 13, 144, 1, 13, 23, 2159 }, // U+0151
    { 15, 12, 256, 0, 12, 45, 2182 }, // U+0152
    { 13, 9, 256, 1, 9, 30, 2227 }, // U+0153
    { 9, 16, 192, 2, 16, 36, 2257 }, // U+0154
    { 4, 13, 80, 1, 13, 13, 2293 }, // U+0155
    { 9, 17, 192, 2, 12, 39, 2306 }, // U+0156
    { 4, 14, 80, 1, 9, 14, 2345 }, // U+0157
    { 9, 16, 192, 2, 16, 36, 2359 }, // U+0158
    { 5, 13, 80, 0, 13, 17, 2395 }, // U+0159
    { 9, 16, 176, 1, 16, 36, 2412 }, // U+015A
    { 6, 13, 128, 1, 13, 20, 2448 }, // U+015B
    { 9, 16, 176, 1, 16, 36, 2468 }, // U+015C
    { 6, 13, 128, 1, 13, 20, 2504 }, // U+015D
    { 9, 16, 176, 1, 12, 36, 2524 }, // U+015E
    { 6, 13, 128, 1, 9, 20, 2560 }, // U+015F
    { 9, 13, 176, 1, 13, 30, 2580 }, // U+0160
    { 6, 13, 128, 1, 13, 20, 2610 }, // U+0161
    { 9, 16, 160, 0, 12, 36, 2630 }, // U+0162
    { 4, 15, 80, 1, 11, 15, 2666 }, // U+0163
    { 9, 16, 160, 0, 16, 36, 2681 }, // U+0164
    { 6, 12, 144, 1, 12, 18, 2717 }, // U+0165
    { 9, 12, 160, 0, 12, 27, 2735 }, // U+0166
    { 4, 11, 80, 1, 11, 11, 2762 }, // U+0167
    { 9, 15, 192, 1, 15, 34, 2773 }, // U+0168
    { 7, 12, 144, 1, 12, 21, 2807 }, // U+0169
    { 9, 14, 192, 1, 14, 32, 2828 }, // U+016A
    { 7, 11, 144, 1, 11, 20, 2860 }, // U+016B
    { 9, 15, 192, 1, 15, 34, 2880 }, // U+016C
    { 7, 12, 144, 1, 12, 21, 2914 }, // U+016D
    { 9, 16, 192, 1, 16, 36, 2935 }, // U+016E
    { 7, 13, 144, 1, 13, 23, 2971 }, // U+016F
    { 9, 16, 192, 1, 16, 36, 2994 }, // U+0170
    { 7, 13, 144, 1, 13, 23, 3030 }, // U+0171
    { 9, 15, 192, 1, 12, 34, 3053 }, // U+0172
    { 7, 12, 144, 1, 9, 21, 3087 }, // U+0173
    { 13, 16, 240, 1, 16, 52, 3108 }, // U+0174
    { 11, 13, 192, 0, 13, 36, 3160 }, // U+0175
    { 9, 16, 176, 1, 16, 36, 3196 }, // U+0176
    { 7, 16, 128, 0, 13, 28, 3232 }, // U+0177
    { 9, 13, 176, 1, 13, 30, 3260 }, // U+0178
    { 9, 16, 160, 0, 16, 36, 3290 }, // U+0179
    { 6, 13, 128, 1, 13, 20, 3326 }, // U+017A
    { 9, 15, 160, 0, 15, 34, 3346 }, // U+017B
    { 6, 12, 128, 1, 12, 18, 3380 }, // U+017C
    { 9, 13, 160, 0, 13, 30, 3398 }, // U+017D
    { 6, 13, 128, 1, 13, 20, 3428 }, // U+017E
    { 8, 16, 128, 0, 14, 32, 3448 }, // U+017F
    { 12, 12, 208, 1, 12, 36, 0 }, // U+01A0
    { 9, 9, 144, 1, 9, 21, 36 }, // U+01A1
    { 10, 12, 192, 1, 12, 30, 57 }, // U+01AF
    { 9, 9, 144, 1, 9, 21, 87 }, // U+01B0
    { 8, 16, 128, 0, 14, 32, 108 }, // U+01C4
    { 8, 16, 128, 0, 14, 32, 140 }, // U+01C5
    { 8, 16, 128, 0, 14, 32, 172 }, // U+01C6
    { 8, 16, 128, 0, 14, 32, 204 }, // U+01C7
    { 8, 16, 128, 0, 14, 32, 236 }, // U+01C8
    { 8, 16, 128, 0, 14, 32, 268 }, // U+01C9
    { 8, 16, 128, 0, 14, 32, 300 }, // U+01CA
    { 8, 16, 128, 0, 14, 32, 332 }, // U+01CB
    { 8, 16, 128, 0, 14, 32, 364 }, // U+01CC
    { 10, 16, 176, 0, 16, 40, 396 }, // U+01CD
    { 8, 13, 144, 1, 13, 26, 436 }, // U+01CE
    { 5, 16, 64, -1, 16, 20, 462 }, // U+01CF
    { 5, 13, 64, 0, 13, 17, 482 }, // U+01D0
    { 11, 16, 208, 1, 16, 44, 499 }, // U+01D1
    { 7, 13, 144, 1, 13, 23, 543 }, // U+01D2
    { 9, 16, 192, 1, 16, 36, 566 }, // U+01D3
    { 7, 13, 144, 1, 13, 23, 602 }, // U+01D4
    { 9, 17, 192, 1, 17, 39, 625 }, // U+01D5
    { 7, 14, 144, 1, 14, 25, 664 }, // U+01D6
    { 9, 19, 192, 1, 19, 43, 689 }, // U+01D7
    { 7, 16, 144, 1, 16, 28, 732 }, // U+01D8
    { 9, 19, 192, 1, 19, 43, 760 }, // U+01D9
    { 7, 16, 144, 1, 16, 28, 803 }, // U+01DA
    { 9, 19, 192, 1, 19, 43, 831 }, // U+01DB
    { 7, 16, 144, 1, 16, 28, 874 }, // U+01DC
    { 7, 9, 144, 1, 9, 16, 902 }, // U+01DD
    { 10, 17, 176, 0, 17, 43, 918 }, // U+01DE
    { 8, 14, 144, 1, 14, 28, 961 }, // U+01DF
    { 10, 17, 176, 0, 17, 43, 989 }, // U+01E0
    { 8, 14, 144, 1, 14, 28, 1032 }, // U+01E1
    { 14, 14, 256, 0, 14, 49, 1060 }, // U+01E2
    { 13, 11, 240, 1, 11, 36, 1109 }, // U+01E3
    { 10, 12, 208, 1, 12, 30, 1145 }, // U+01E4
    { 7, 13, 144, 1, 9, 23, 1175 }, // U+01E5
    { 10, 16, 208, 1, 16, 40, 1198 }, // U+01E6
    { 7, 17, 144, 1, 13, 30, 1238 }, // U+01E7
    { 8, 16, 176, 1, 16, 32, 1268 }, // U+01E8
    { 7, 16, 128, 0, 16, 28, 1300 }, // U+01E9
    { 11, 15, 208, 1, 12, 42, 1328 }, // U+01EA
    { 7, 12, 144, 1, 9, 21, 1370 }, // U+01EB
    { 11, 17, 208, 1, 14, 47, 1391 }, // U+01EC
    { 7, 14, 144, 1, 11, 25, 1438 }, // U+01ED
    { 8, 16, 128, 0, 14, 32, 1463 }, // U+01EE
    { 8, 16, 128, 0, 14, 32, 1495 }, // U+01EF
    { 5, 17, 64, -1, 13, 22, 1527 }, // U+01F0
    { 8, 16, 128, 0, 14, 32, 1549 }, // U+01F1
    { 8, 16, 128, 0, 14, 32, 1581 }, // U+01F2
    { 8, 16, 128, 0, 14, 32, 1613 }, // U+01F3
    { 10, 16, 208, 1, 16, 40, 1645 }, // U+01F4
    { 7, 17, 144, 1, 13, 30, 1685 }, // U+01F5
    { 8, 16, 128, 0, 14, 32, 1715 }, // U+01F6
    { 8, 16, 128, 0, 14, 32, 1747 }, // U+01F7
    { 9, 16, 192, 1, 16, 36, 1779 }, // U+01F8
    { 7, 13, 144, 1, 13, 23, 1815 }, // U+01F9
    { 10, 19, 176, 0, 19, 48, 1838 }, // U+01FA
    { 8, 17, 144, 1, 17, 34, 1886 }, // U+01FB
    { 14, 16, 256, 0, 16, 56, 1920 }, // U+01FC
    { 13, 13, 240, 1, 13, 43, 1976 }, // U+01FD
    { 11, 18, 208, 1, 17, 50, 2019 }, // U+01FE
    { 7, 14, 160, 1, 14, 25, 2069 }, // U+01FF
    { 10, 16, 176, 0, 16, 40, 2094 }, // U+0200
    { 8, 13, 144, 1, 13, 26, 2134 }, // U+0201
    { 10, 15, 176, 0, 15, 38, 2160 }, // U+0202
    { 8, 12, 144, 1, 12, 24, 2198 }, // U+0203
    { 8, 16, 176, 1, 16, 32, 2222 }, // U+0204
    { 7, 13, 144, 1, 13, 23, 2254 }, // U+0205
    { 8, 15, 176, 1, 15, 30, 2277 }, // U+0206
    { 7, 12, 144, 1, 12, 21, 2307 }, // U+0207
    { 6, 16, 64, -2, 16, 24, 2328 }, // U+0208
    { 6, 13, 64, -1, 13, 20, 2352 }, // U+0209
    { 5, 15, 64, -1, 15, 19, 2372 }, // U+020A
    { 5, 12, 64, 0, 12, 15, 2391 }, // U+020B
    { 11, 16, 208, 1, 16, 44, 2406 }, // U+020C
    { 7, 13, 144, 1, 13, 23, 2450 }, // U+020D
    { 11, 15, 208, 1, 15, 42, 2473 }, // U+020E
    { 7, 12, 144, 1, 12, 21, 2515 }, // U+020F
    { 9, 16, 192, 2, 16, 36, 2536 }, // U+0210
    { 6, 13, 80, -1, 13, 20, 2572 }, // U+0211
    { 9, 15, 192, 2, 15, 34, 2592 }, // U+0212
    { 5, 12, 80, 0, 12, 15, 2626 }, // U+0213
    { 9, 16, 192, 1, 16, 36, 2641 }, // U+0214
    { 7, 13, 144, 1, 13, 23, 2677 }, // U+0215
    { 9, 15, 192, 1, 15, 34, 2700 }, // U+0216
    { 7, 12, 144, 1, 12, 21, 2734 }, // U+0217
    { 9, 17, 176, 1, 12, 39, 2755 }, // U+0218
    { 6, 14, 128, 1, 9, 21, 2794 }, // U+0219
    { 9, 17, 160, 0, 12, 39, 2815 }, // U+021A
    { 4, 16, 80, 1, 11, 16, 2854 }, // U+021B
    { 8, 16, 128, 0, 14, 32, 2870 }, // U+021C
    { 8, 16, 128, 0, 14, 32, 2902 }, // U+021D
    { 9, 16, 192, 1, 16, 36, 2934 }, // U+021E
    { 7, 16, 144, 1, 16, 28, 2970 }, // U+021F
    { 8, 16, 128, 0, 14, 32, 0 }, // U+0300
    { 8, 16, 128, 0, 14, 32, 32 }, // U+0301
    { 8, 16, 128, 0, 14, 32, 64 }, // U+0302
    { 8, 16, 128, 0, 14, 32, 96 }, // U+0303
    { 8, 16, 128, 0, 14, 32, 128 }, // U+0304
    { 8, 16, 128, 0, 14, 32, 160 }, // U+0305
    { 8, 16, 128, 0, 14, 32, 192 }, // U+0306
    { 8, 16, 128, 0, 14, 32, 224 }, // U+0307
    { 8, 16, 128, 0, 14, 32, 256 }, // U+0308
    { 8, 16, 128, 0, 14, 32, 288 }, // U+0309
    { 8, 16, 128, 0, 14, 32, 320 }, // U+030A
    { 8, 16, 128, 0, 14, 32, 352 }, // U+030B
    { 8, 16, 128, 0, 14, 32, 384 }, // U+030C
    { 8, 16, 128, 0, 14, 32, 416 }, // U+030D
    { 8, 16, 128, 0, 14, 32, 448 }, // U+030E
    { 8, 16, 128, 0, 14, 32, 480 }, // U+030F
    { 8, 16, 128, 0, 14, 32, 512 }, // U+0310
    { 8, 16, 128, 0, 14, 32, 544 }, // U+0311
    { 8, 16, 128, 0, 14, 32, 576 }, // U+0312
    { 8, 16, 128, 0, 14, 32, 608 }, // U+0313
    { 8, 16, 128, 0, 14, 32, 640 }, // U+0314
    { 8, 16, 128, 0, 14, 32, 672 }, // U+0315
    { 8, 16, 128, 0, 14, 32, 704 }, // U+0316
    { 8, 16, 128, 0, 14, 32, 736 }, // U+0317
    { 8, 16, 128, 0, 14, 32, 768 }, // U+0318
    { 8, 16, 128, 0, 14, 32, 800 }, // U+0319
    { 8, 16, 128, 0, 14, 32, 832 }, // U+031A
    { 8, 16, 128, 0, 14, 32, 864 }, // U+031B
    { 8, 16, 128, 0, 14, 32, 896 }, // U+031C
    { 8, 16, 128, 0, 14, 32, 928 }, // U+031D
    { 8, 16, 128, 0, 14, 32, 960 }, // U+031E
    { 8, 16, 128, 0, 14, 32, 992 }, // U+031F
    { 8, 16, 128, 0, 14, 32, 1024 }, // U+0320
    { 8, 16, 128, 0, 14, 32, 1056 }, // U+0321
    { 8, 16, 128, 0, 14, 32, 1088 }, // U+0322
    { 8, 16, 128, 0, 14, 32, 1120 }, // U+0323
    { 8, 16, 128, 0, 14, 32, 1152 }, // U+0324
    { 8, 16, 128, 0, 14, 32, 1184 }, // U+0325
    { 8, 16, 128, 0, 14, 32, 1216 }, // U+0326
    { 8, 16, 128, 0, 14, 32, 1248 }, // U+0327
    { 8, 16, 128, 0, 14, 32, 1280 }, // U+0328
    { 8, 16, 128, 0, 14, 32, 1312 }, // U+0329
    { 8, 16, 128, 0, 14, 32, 1344 }, // U+032A
    { 8, 16, 128, 0, 14, 32, 1376 }, // U+032B
    { 8, 16, 128, 0, 14, 32, 1408 }, // U+032C
    { 8, 16, 128, 0, 14, 32, 1440 }, // U+032D
    { 8, 16, 128, 0, 14, 32, 1472 }, // U+032E
    { 8, 16, 128, 0, 14, 32, 1504 }, // U+032F
    { 8, 16, 128, 0, 14, 32, 1536 }, // U+0330
    { 8, 16, 128, 0, 14, 32, 1568 }, // U+0331
    { 8, 16, 128, 0, 14, 32, 1600 }, // U+0332
    { 8, 16, 128, 0, 14, 32, 1632 }, // U+0333
    { 8, 16, 128, 0, 14, 32, 1664 }, // U+0334
    { 8, 16, 128, 0, 14, 32, 1696 }, // U+0335
    { 8, 16, 128, 0, 14, 32, 1728 }, // U+0336
    { 8, 16, 128, 0, 14, 32, 1760 }, // U+0337
    { 8, 16, 128, 0, 14, 32, 1792 }, // U+0338
    { 8, 16, 128, 0, 14, 32, 1824 }, // U+0339
    { 8, 16, 128, 0, 14, 32, 1856 }, // U+033A
    { 8, 16, 128, 0, 14, 32, 1888 }, // U+033B
    { 8, 16, 128, 0, 14, 32, 1920 }, // U+033C
    { 8, 16, 128, 0, 14, 32, 1952 }, // U+033D
    { 8, 16, 128, 0, 14, 32, 1984 }, // U+033E
    { 8, 16, 128, 0, 14, 32, 2016 }, // U+033F
    { 8, 16, 128, 0, 14, 32, 2048 }, // U+0340
    { 8, 16, 128, 0, 14, 32, 2080 }, // U+0341
    { 8, 16, 128, 0, 14, 32, 2112 }, // U+0342
    { 8, 16, 128, 0, 14, 32, 2144 }, // U+0343
    { 8, 16, 128, 0, 14, 32, 2176 }, // U+0344
    { 8, 16, 128, 0, 14, 32, 2208 }, // U+0345
    { 8, 16, 128, 0, 14, 32, 2240 }, // U+0346
    { 8, 16, 128, 0, 14, 32, 2272 }, // U+0347
    { 8, 16, 128, 0, 14, 32, 2304 }, // U+0348
    { 8, 16, 128, 0, 14, 32, 2336 }, // U+0349
    { 8, 16, 128, 0, 14, 32, 2368 }, // U+034A
    { 8, 16, 128, 0, 14, 32, 2400 }, // U+034B
    { 8, 16, 128, 0, 14, 32, 2432 }, // U+034C
    { 8, 16, 128, 0, 14, 32, 2464 }, // U+034D
    { 8, 16, 128, 0, 14, 32, 2496 }, // U+034E
    { 16, 16, 256, 0, 14, 64, 2528 }, // U+034F
    { 8, 16, 128, 0, 14, 32, 2592 }, // U+0350
    { 8, 16, 128, 0, 14, 32, 2624 }, // U+0351
    { 8, 16, 128, 0, 14, 32, 2656 }, // U+0352
    { 8, 16, 128, 0, 14, 32, 2688 }, // U+0353
    { 8, 16, 128, 0, 14, 32, 2720 }, // U+0354
    { 8, 16, 128, 0, 14, 32, 2752 }, // U+0355
    { 8, 16, 128, 0, 14, 32, 2784 }, // U+0356
    { 8, 16, 128, 0, 14, 32, 2816 }, // U+0357
    { 8, 16, 128, 0, 14, 32, 2848 }, // U+0358
    { 8, 16, 128, 0, 14, 32, 2880 }, // U+0359
    { 8, 16, 128, 0, 14, 32, 2912 }, // U+035A
    { 8, 16, 128, 0, 14, 32, 2944 }, // U+035B
    { 16, 16, 256, 0, 14, 64, 2976 }, // U+035C
    { 16, 16, 256, 0, 14, 64, 3040 }, // U+035D
    { 16, 16, 256, 0, 14, 64, 3104 }, // U+035E
    { 16, 16, 256, 0, 14, 64, 3168 }, // U+035F
    { 16, 16, 256, 0, 14, 64, 3232 }, // U+0360
    { 16, 16, 256, 0, 14, 64, 3296 }, // U+0361
    { 16, 16, 256, 0, 14, 64, 3360 }, // U+0362
    { 8, 16, 128, 0, 14, 32, 3424 }, // U+0363
    { 8, 16, 128, 0, 14, 32, 3456 }, // U+0364
    { 8, 16, 128, 0, 14, 32, 3488 }, // U+0365
    { 8, 16, 128, 0, 14, 32, 3520 }, // U+0366
    { 8, 16, 128, 0, 14, 32, 3552 }, // U+0367
    { 8, 16, 128, 0, 14, 32, 3584 }, // U+0368
    { 8, 16, 128, 0, 14, 32, 3616 }, // U+0369
    { 8, 16, 128, 0, 14, 32, 3648 }, // U+036A
    { 8, 16, 128, 0, 14, 32, 3680 }, // U+036B
    { 8, 16, 128, 0, 14, 32, 3712 }, // U+036C
    { 8, 16, 128, 0, 14, 32, 3744 }, // U+036D
    { 8, 16, 128, 0, 14, 32, 3776 }, // U+036E
    { 8, 16, 128, 0, 14, 32, 3808 }, // U+036F
    { 8, 16, 128, 0, 14, 32, 0 }, // U+0400
    { 8, 16, 128, 0, 14, 32, 32 }, // U+0401
    { 8, 16, 128, 0, 14, 32, 64 }, // U+0402
    { 8, 16, 128, 0, 14, 32, 96 }, // U+0403
    { 8, 16, 128, 0, 14, 32, 128 }, // U+0404
    { 8, 16, 128, 0, 14, 32, 160 }, // U+0405
    { 8, 16, 128, 0, 14, 32, 192 }, // U+0406
    { 8, 16, 128, 0, 14, 32, 224 }, // U+0407
    { 8, 16, 128, 0, 14, 32, 256 }, // U+0408
    { 8, 16, 128, 0, 14, 32, 288 }, // U+0409
    { 8, 16, 128, 0, 14, 32, 320 }, // U+040A
    { 8, 16, 128, 0, 14, 32, 352 }, // U+040B
    { 8, 16, 128, 0, 14, 32, 384 }, // U+040C
    { 8, 16, 128, 0, 14, 32, 416 }, // U+040D
    { 8, 16, 128, 0, 14, 32, 448 }, // U+040E
    { 8, 16, 128, 0, 14, 32, 480 }, // U+040F
    { 8, 16, 128, 0, 14, 32, 512 }, // U+0410
    { 8, 16, 128, 0, 14, 32, 544 }, // U+0411
    { 8, 16, 128, 0, 14, 32, 576 }, // U+0412
    { 8, 16, 128, 0, 14, 32, 608 }, // U+0413
    { 8, 16, 128, 0, 14, 32, 640 }, // U+0414
    { 8, 16, 128, 0, 14, 32, 672 }, // U+0415
    { 8, 16, 128, 0, 14, 32, 704 }, // U+0416
    { 8, 16, 128, 0, 14, 32, 736 }, // U+0417
    { 8, 16, 128, 0, 14, 32, 768 }, // U+0418
    { 8, 16, 128, 0, 14, 32, 800 }, // U+0419
    { 8, 16, 128, 0, 14, 32, 832 }, // U+041A
    { 8, 16, 128, 0, 14, 32, 864 }, // U+041B
    { 8, 16, 128, 0, 14, 32, 896 }, // U+041C
    { 8, 16, 128, 0, 14, 32, 928 }, // U+041D
    { 8, 16, 128, 0, 14, 32, 960 }, // U+041E
    { 8, 16, 128, 0, 14, 32, 992 }, // U+041F
    { 8, 16, 128, 0, 14, 32, 1024 }, // U+0420
    { 8, 16, 128, 0, 14, 32, 1056 }, // U+0421
    { 8, 16, 128, 0, 14, 32, 1088 }, // U+0422
    { 8, 16, 128, 0, 14, 32, 1120 }, // U+0423
    { 8, 16, 128, 0, 14, 32, 1152 }, // U+0424
    { 8, 16, 128, 0, 14, 32, 1184 }, // U+0425
    { 8, 16, 128, 0, 14, 32, 1216 }, // U+0426
    { 8, 16, 128, 0, 14, 32, 1248 }, // U+0427
    { 8, 16, 128, 0, 14, 32, 1280 }, // U+0428
    { 8, 16, 128, 0, 14, 32, 1312 }, // U+0429
    { 8, 16, 128, 0, 14, 32, 1344 }, // U+042A
    { 8, 16, 128, 0, 14, 32, 1376 }, // U+042B
    { 8, 16, 128, 0, 14, 32, 1408 }, // U+042C
    { 8, 16, 128, 0, 14, 32, 1440 }, // U+042D
    { 8, 16, 128, 0, 14, 32, 1472 }, // U+042E
    { 8, 16, 128, 0, 14, 32, 1504 }, // U+042F
    { 8, 16, 128, 0, 14, 32, 1536 }, // U+0430
    { 8, 16, 128, 0, 14, 32, 1568 }, // U+0431
    { 8, 16, 128, 0, 14, 32, 1600 }, // U+0432
    { 8, 16, 128, 0, 14, 32, 1632 }, // U+0433
    { 8, 16, 128, 0, 14, 32, 1664 }, // U+0434
    { 8, 16, 128, 0, 14, 32, 1696 }, // U+0435
    { 8, 16, 128, 0, 14, 32, 1728 }, // U+0436
    { 8, 16, 128, 0, 14, 32, 1760 }, // U+0437
    { 8, 16, 128, 0, 14, 32, 1792 }, // U+0438
    { 8, 16, 128, 0, 14, 32, 1824 }, // U+0439
    { 8, 16, 128, 0, 14, 32, 1856 }, // U+043A
    { 8, 16, 128, 0, 14, 32, 1888 }, // U+043B
    { 8, 16, 128, 0, 14, 32, 1920 }, // U+043C
    { 8, 16, 128, 0, 14, 32, 1952 }, // U+043D
    { 8, 16, 128, 0, 14, 32, 1984 }, // U+043E
    { 8, 16, 128, 0, 14, 32, 2016 }, // U+043F
    { 8, 16, 128, 0, 14, 32, 2048 }, // U+0440
    { 8, 16, 128, 0, 14, 32, 2080 }, // U+0441
    { 8, 16, 128, 0, 14, 32, 2112 }, // U+0442
    { 8, 16, 128, 0, 14, 32, 2144 }, // U+0443
    { 8, 16, 128, 0, 14, 32, 2176 }, // U+0444
    { 8, 16, 128, 0, 14, 32, 2208 }, // U+0445
    { 8, 16, 128, 0, 14, 32, 2240 }, // U+0446
    { 8, 16, 128, 0, 14, 32, 2272 }, // U+0447
    { 8, 16, 128, 0, 14, 32, 2304 }, // U+0448
    { 8, 16, 128, 0, 14, 32, 2336 }, // U+0449
    { 8, 16, 128, 0, 14, 32, 2368 }, // U+044A
    { 8, 16, 128, 0, 14, 32, 2400 }, // U+044B
    { 8, 16, 128, 0, 14, 32, 2432 }, // U+044C
    { 8, 16, 128, 0, 14, 32, 2464 }, // U+044D
    { 8, 16, 128, 0, 14, 32, 2496 }, // U+044E
    { 8, 16, 128, 0, 14, 32, 2528 }, // U+044F
    { 8, 16, 128, 0, 14, 32, 2560 }, // U+0450
    { 8, 16, 128, 0, 14, 32, 2592 }, // U+0451
    { 8, 16, 128, 0, 14, 32, 2624 }, // U+0452
    { 8, 16, 128, 0, 14, 32, 2656 }, // U+0453
    { 8, 16, 128, 0, 14, 32, 2688 }, // U+0454
    { 8, 16, 128, 0, 14, 32, 2720 }, // U+0455
    { 8, 16, 128, 0, 14, 32, 2752 }, // U+0456
    { 8, 16, 128, 0, 14, 32, 2784 }, // U+0457
    { 8, 16, 128, 0, 14, 32, 2816 }, // U+0458
    { 8, 16, 128, 0, 14, 32, 2848 }, // U+0459
    { 8, 16, 128, 0, 14, 32, 2880 }, // U+045A
    { 8, 16, 128, 0, 14, 32, 2912 }, // U+045B
    { 8, 16, 128, 0, 14, 32, 2944 }, // U+045C
    { 8, 16, 128, 0, 14, 32, 2976 }, // U+045D
    { 8, 16, 128, 0, 14, 32, 3008 }, // U+045E
    { 8, 16, 128, 0, 14, 32, 3040 }, // U+045F
    { 8, 16, 128, 0, 14, 32, 3072 }, // U+0460
    { 8, 16, 128, 0, 14, 32, 3104 }, // U+0461
    { 8, 16, 128, 0, 14, 32, 3136 }, // U+0462
    { 8, 16, 128, 0, 14, 32, 3168 }, // U+0463
    { 8, 16, 128, 0, 14, 32, 3200 }, // U+0464
    { 8, 16, 128, 0, 14, 32, 3232 }, // U+0465
    { 8, 16, 128, 0, 14, 32, 3264 }, // U+0466
    { 8, 16, 128, 0, 14, 32, 3296 }, // U+0467
    { 8, 16, 128, 0, 14, 32, 3328 }, // U+0468
    { 8, 16, 128, 0, 14, 32, 3360 }, // U+0469
    { 8, 16, 128, 0, 14, 32, 3392 }, // U+046A
    { 8, 16, 128, 0, 14, 32, 3424 }, // U+046B
    { 8, 16, 128, 0, 14, 32, 3456 }, // U+046C
    { 8, 16, 128, 0, 14, 32, 3488 }, // U+046D
    { 8, 16, 128, 0, 14, 32, 3520 }, // U+046E
    { 8, 16, 128, 0, 14, 32, 3552 }, // U+046F
    { 8, 16, 128, 0, 14, 32, 3584 }, // U+0470
    { 8, 16, 128, 0, 14, 32, 3616 }, // U+0471
    { 8, 16, 128, 0, 14, 32, 3648 }, // U+0472
    { 8, 16, 128, 0, 14, 32, 3680 }, // U+0473
    { 8, 16, 128, 0, 14, 32, 3712 }, // U+0474
    { 8, 16, 128, 0, 14, 32, 3744 }, // U+0475
    { 8, 16, 128, 0, 14, 32, 3776 }, // U+0476
    { 8, 16, 128, 0, 14, 32, 3808 }, // U+0477
    { 8, 16, 128, 0, 14, 32, 3840 }, // U+0478
    { 8, 16, 128, 0, 14, 32, 3872 }, // U+0479
    { 8, 16, 128, 0, 14, 32, 3904 }, // U+047A
    { 8, 16, 128, 0, 14, 32, 3936 }, // U+047B
    { 8, 16, 128, 0, 14, 32, 3968 }, // U+047C
    { 8, 16, 128, 0, 14, 32, 4000 }, // U+047D
    { 8, 16, 128, 0, 14, 32, 4032 }, // U+047E
    { 8, 16, 128, 0, 14, 32, 4064 }, // U+047F
    { 8, 16, 128, 0, 14, 32, 4096 }, // U+0480
    { 8, 16, 128, 0, 14, 32, 4128 }, // U+0481
    { 8, 16, 128, 0, 14, 32, 4160 }, // U+0482
    { 8, 16, 128, 0, 14, 32, 4192 }, // U+0483
    { 8, 16, 128, 0, 14, 32, 4224 }, // U+0484
    { 8, 16, 128, 0, 14, 32, 4256 }, // U+0485
    { 8, 16, 128, 0, 14, 32, 4288 }, // U+0486
    { 8, 16, 128, 0, 14, 32, 4320 }, // U+0487
    { 16, 16, 256, 0, 14, 64, 4352 }, // U+0488
    { 16, 16, 256, 0, 14, 64, 4416 }, // U+0489
    { 8, 16, 128, 0, 14, 32, 4480 }, // U+048A
    { 8, 16, 128, 0, 14, 32, 4512 }, // U+048B
    { 8, 16, 128, 0, 14, 32, 4544 }, // U+048C
    { 8, 16, 128, 0, 14, 32, 4576 }, // U+048D
    { 8, 16, 128, 0, 14, 32, 4608 }, // U+048E
    { 8, 16, 128, 0, 14, 32, 4640 }, // U+048F
    { 8, 16, 128, 0, 14, 32, 4672 }, // U+0490
    { 8, 16, 128, 0, 14, 32, 4704 }, // U+0491
    { 8, 16, 128, 0, 14, 32, 4736 }, // U+0492
    { 8, 16, 128, 0, 14, 32, 4768 }, // U+0493
    { 8, 16, 128, 0, 14, 32, 4800 }, // U+0494
    { 8, 16, 128, 0, 14, 32, 4832 }, // U+0495
    { 8, 16, 128, 0, 14, 32, 4864 }, // U+0496
    { 8, 16, 128, 0, 14, 32, 4896 }, // U+0497
    { 8, 16, 128, 0, 14, 32, 4928 }, // U+0498
    { 8, 16, 128, 0, 14, 32, 4960 }, // U+0499
    { 8, 16, 128, 0, 14, 32, 4992 }, // U+049A
    { 8, 16, 128, 0, 14, 32, 5024 }, // U+049B
    { 8, 16, 128, 0, 14, 32, 5056 }, // U+049C
    { 8, 16, 128, 0, 14, 32, 5088 }, // U+049D
    { 8, 16, 128, 0, 14, 32, 5120 }, // U+049E
    { 8, 16, 128, 0, 14, 32, 5152 }, // U+049F
    { 8, 16, 128, 0, 14, 32, 5184 }, // U+04A0
    { 8, 16, 128, 0, 14, 32, 5216 }, // U+04A1
    { 8, 16, 128, 0, 14, 32, 5248 }, // U+04A2
    { 8, 16, 128, 0, 14, 32, 5280 }, // U+04A3
    { 8, 16, 128, 0, 14, 32, 5312 }, // U+04A4
    { 8, 16, 128, 0, 14, 32, 5344 }, // U+04A5
    { 8, 16, 128, 0, 14, 32, 5376 }, // U+04A6
    { 8, 16, 128, 0, 14, 32, 5408 }, // U+04A7
    { 8, 16, 128, 0, 14, 32, 5440 }, // U+04A8
    { 8, 16, 128, 0, 14, 32, 5472 }, // U+04A9
    { 8, 16, 128, 0, 14, 32, 5504 }, // U+04AA
    { 8, 16, 128, 0, 14, 32, 5536 }, // U+04AB
    { 8, 16, 128, 0, 14, 32, 5568 }, // U+04AC
    { 8, 16, 128, 0, 14, 32, 5600 }, // U+04AD
    { 8, 16, 128, 0, 14, 32, 5632 }, // U+04AE
    { 8, 16, 128, 0, 14, 32, 5664 }, // U+04AF
    { 8, 16, 128, 0, 14, 32, 5696 }, // U+04B0
    { 8, 16, 128, 0, 14, 32, 5728 }, // U+04B1
    { 8, 16, 128, 0, 14, 32, 5760 }, // U+04B2
    { 8, 16, 128, 0, 14, 32, 5792 }, // U+04B3
    { 8, 16, 128, 0, 14, 32, 5824 }, // U+04B4
    { 8, 16, 128, 0, 14, 32, 5856 }, // U+04B5
    { 8, 16, 128, 0, 14, 32, 5888 }, // U+04B6
    { 8, 16, 128, 0, 14, 32, 5920 }, // U+04B7
    { 8, 16, 128, 0, 14, 32, 5952 }, // U+04B8
    { 8, 16, 128, 0, 14, 32, 5984 }, // U+04B9
    { 8, 16, 128, 0, 14, 32, 6016 }, // U+04BA
    { 8, 16, 128, 0, 14, 32, 6048 }, // U+04BB
    { 8, 16, 128, 0, 14, 32, 6080 }, // U+04BC
    { 8, 16, 128, 0, 14, 32, 6112 }, // U+04BD
    { 8, 16, 128, 0, 14, 32, 6144 }, // U+04BE
    { 8, 16, 128, 0, 14, 32, 6176 }, // U+04BF
    { 8, 16, 128, 0, 14, 32, 6208 }, // U+04C0
    { 8, 16, 128, 0, 14, 32, 6240 }, // U+04C1
    { 8, 16, 128, 0, 14, 32, 6272 }, // U+04C2
    { 8, 16, 128, 0, 14, 32, 6304 }, // U+04C3
    { 8, 16, 128, 0, 14, 32, 6336 }, // U+04C4
    { 8, 16, 128, 0, 14, 32, 6368 }, // U+04C5
    { 8, 16, 128, 0, 14, 32, 6400 }, // U+04C6
    { 8, 16, 128, 0, 14, 32, 6432 }, // U+04C7
    { 8, 16, 128, 0, 14, 32, 6464 }, // U+04C8
    { 8, 16, 128, 0, 14, 32, 6496 }, // U+04C9
    { 8, 16, 128, 0, 14, 32, 6528 }, // U+04CA
    { 8, 16, 128, 0, 14, 32, 6560 }, // U+04CB
    { 8, 16, 128, 0, 14, 32, 6592 }, // U+04CC
    { 8, 16, 128, 0, 14, 32, 6624 }, // U+04CD
    { 8, 16, 128, 0, 14, 32, 6656 }, // U+04CE
    { 8, 16, 128, 0, 14, 32, 6688 }, // U+04CF
    { 8, 16, 128, 0, 14, 32, 6720 }, // U+04D0
    { 8, 16, 128, 0, 14, 32, 6752 }, // U+04D1
    { 8, 16, 128, 0, 14, 32, 6784 }, // U+04D2
    { 8, 16, 128, 0, 14, 32, 6816 }, // U+04D3
    { 8, 16, 128, 0, 14, 32, 6848 }, // U+04D4
    { 8, 16, 128, 0, 14, 32, 6880 }, // U+04D5
    { 8, 16, 128, 0, 14, 32, 6912 }, // U+04D6
    { 8, 16, 128, 0, 14, 32, 6944 }, // U+04D7
    { 8, 16, 128, 0, 14, 32, 6976 }, // U+04D8
    { 8, 16, 128, 0, 14, 32, 7008 }, // U+04D9
    { 8, 16, 128, 0, 14, 32, 7040 }, // U+04DA
    { 8, 16, 128, 0, 14, 32, 7072 }, // U+04DB
    { 8, 16, 128, 0, 14, 32, 7104 }, // U+04DC
    { 8, 16, 128, 0, 14, 32, 7136 }, // U+04DD
    { 8, 16, 128, 0, 14, 32, 7168 }, // U+04DE
    { 8, 16, 128, 0, 14, 32, 7200 }, // U+04DF
    { 8, 16, 128, 0, 14, 32, 7232 }, // U+04E0
    { 8, 16, 128, 0, 14, 32, 7264 }, // U+04E1
    { 8, 16, 128, 0, 14, 32, 7296 }, // U+04E2
    { 8, 16, 128, 0, 14, 32, 7328 }, // U+04E3
    { 8, 16, 128, 0, 14, 32, 7360 }, // U+04E4
    { 8, 16, 128, 0, 14, 32, 7392 }, // U+04E5
    { 8, 16, 128, 0, 14, 32, 7424 }, // U+04E6
    { 8, 16, 128, 0, 14, 32, 7456 }, // U+04E7
    { 8, 16, 128, 0, 14, 32, 7488 }, // U+04E8
    { 8, 16, 128, 0, 14, 32, 7520 }, // U+04E9
    { 8, 16, 128, 0, 14, 32, 7552 }, // U+04EA
    { 8, 16, 128, 0, 14, 32, 7584 }, // U+04EB
    { 8, 16, 128, 0, 14, 32, 7616 }, // U+04EC
    { 8, 16, 128, 0, 14, 32, 7648 }, // U+04ED
    { 8, 16, 128, 0, 14, 32, 7680 }, // U+04EE
    { 8, 16, 128, 0, 14, 32, 7712 }, // U+04EF
    { 8, 16, 128, 0, 14, 32, 7744 }, // U+04F0
    { 8, 16, 128, 0, 14, 32, 7776 }, // U+04F1
    { 8, 16, 128, 0, 14, 32, 7808 }, // U+04F2
    { 8, 16, 128, 0, 14, 32, 7840 }, // U+04F3
    { 8, 16, 128, 0, 14, 32, 7872 }, // U+04F4
    { 8, 16, 128, 0, 14, 32, 7904 }, // U+04F5
    { 8, 16, 128, 0, 14, 32, 7936 }, // U+04F6
    { 8, 16, 128, 0, 14, 32, 7968 }, // U+04F7
    { 8, 16, 128, 0, 14, 32, 8000 }, // U+04F8
    { 8, 16, 128, 0, 14, 32, 8032 }, // U+04F9
    { 8, 16, 128, 0, 14, 32, 8064 }, // U+04FA
    { 8, 16, 128, 0, 14, 32, 8096 }, // U+04FB
    { 8, 16, 128, 0, 14, 32, 8128 }, // U+04FC
    { 8, 16, 128, 0, 14, 32, 8160 }, // U+04FD
    { 8, 16, 128, 0, 14, 32, 8192 }, // U+04FE
    { 8, 16, 128, 0, 14, 32, 8224 }, // U+04FF
    { 10, 15, 192, 1, 12, 38, 0 }, // U+1E0C
    { 7, 15, 144, 1, 12, 27, 38 }, // U+1E0D
    { 9, 15, 192, 1, 12, 34, 65 }, // U+1E24
    { 7, 15, 144, 1, 12, 27, 99 }, // U+1E25
    { 7, 15, 144, 1, 12, 27, 126 }, // U+1E36
    { 1, 15, 48, 1, 12, 4, 153 }, // U+1E37
    { 8, 17, 144, 0, 14, 34, 157 }, // U+1E38
    { 5, 17, 48, -1, 14, 22, 191 }, // U+1E39
    { 7, 14, 144, 1, 12, 25, 213 }, // U+1E3A
    { 5, 14, 48, -1, 12, 18, 238 }, // U+1E3B
    { 11, 15, 208, 1, 15, 42, 256 }, // U+1E40
    { 11, 12, 224, 2, 12, 33, 298 }, // U+1E41
    { 11, 15, 208, 1, 12, 42, 331 }, // U+1E42
    { 11, 12, 224, 2, 9, 33, 373 }, // U+1E43
    { 9, 15, 192, 1, 15, 34, 406 }, // U+1E44
    { 7, 12, 144, 1, 12, 21, 440 }, // U+1E45
    { 9, 15, 192, 1, 12, 34, 461 }, // U+1E46
    { 7, 12, 144, 1, 9, 21, 495 }, // U+1E47
    { 9, 14, 192, 1, 12, 32, 516 }, // U+1E48
    { 7, 11, 144, 1, 9, 20, 548 }, // U+1E49
    { 9, 15, 192, 2, 12, 34, 568 }, // U+1E5A
    { 4, 12, 80, 1, 9, 12, 602 }, // U+1E5B
    { 9, 17, 192, 2, 14, 39, 614 }, // U+1E5C
    { 5, 14, 80, 0, 11, 18, 653 }, // U+1E5D
    { 9, 14, 192, 2, 12, 32, 671 }, // U+1E5E
    { 5, 11, 80, 0, 9, 14, 703 }, // U+1E5F
    { 9, 15, 176, 1, 12, 34, 717 }, // U+1E62
    { 6, 12, 128, 1, 9, 18, 751 }, // U+1E63
    { 9, 15, 160, 0, 12, 34, 769 }, // U+1E6C
    { 4, 14, 80, 1, 11, 14, 803 }, // U+1E6D
    { 10, 15, 176, 0, 12, 38, 0 }, // U+1EA0
    { 8, 12, 144, 1, 9, 24, 38 }, // U+1EA1
    { 8, 16, 128, 0, 14, 32, 62 }, // U+1EA2
    { 8, 16, 128, 0, 14, 32, 94 }, // U+1EA3
    { 10, 20, 176, 0, 20, 50, 126 }, // U+1EA4
    { 8, 17, 144, 1, 17, 34, 176 }, // U+1EA5
    { 10, 20, 176, 0, 20, 50, 210 }, // U+1EA6
    { 8, 17, 144, 1, 17, 34, 260 }, // U+1EA7
    { 8, 16, 128, 0, 14, 32, 294 }, // U+1EA8
    { 8, 16, 128, 0, 14, 32, 326 }, // U+1EA9
    { 10, 19, 176, 0, 19, 48, 358 }, // U+1EAA
    { 8, 16, 144, 1, 16, 32, 406 }, // U+1EAB
    { 10, 19, 176, 0, 16, 48, 438 }, // U+1EAC
    { 8, 16, 144, 1, 13, 32, 486 }, // U+1EAD
    { 10, 19, 176, 0, 19, 48, 518 }, // U+1EAE
    { 8, 16, 144, 1, 16, 32, 566 }, // U+1EAF
    { 10, 19, 176, 0, 19, 48, 598 }, // U+1EB0
    { 8, 16, 144, 1, 16, 32, 646 }, // U+1EB1
    { 8, 16, 128, 0, 14, 32, 678 }, // U+1EB2
    { 8, 16, 128, 0, 14, 32, 710 }, // U+1EB3
    { 10, 18, 176, 0, 18, 45, 742 }, // U+1EB4
    { 8, 15, 144, 1, 15, 30, 787 }, // U+1EB5
    { 10, 18, 176, 0, 15, 45, 817 }, // U+1EB6
    { 8, 15, 144, 1, 12, 30, 862 }, // U+1EB7
    { 8, 15, 176, 1, 12, 30, 892 }, // U+1EB8
    { 7, 12, 144, 1, 9, 21, 922 }, // U+1EB9
    { 8, 16, 128, 0, 14, 32, 943 }, // U+1EBA
    { 8, 16, 128, 0, 14, 32, 975 }, // U+1EBB
    { 8, 15, 176, 1, 15, 30, 1007 }, // U+1EBC
    { 7, 12, 144, 1, 12, 21, 1037 }, // U+1EBD
    { 8, 20, 176, 1, 20, 40, 1058 }, // U+1EBE
    { 7, 17, 144, 1, 17, 30, 1098 }, // U+1EBF
    { 8, 20, 176, 1, 20, 40, 1128 }, // U+1EC0
    { 7, 17, 144, 1, 17, 30, 1168 }, // U+1EC1
    { 8, 16, 128, 0, 14, 32, 1198 }, // U+1EC2
    { 8, 16, 128, 0, 14, 32, 1230 }, // U+1EC3
    { 8, 19, 176, 1, 19, 38, 1262 }, // U+1EC4
    { 7, 16, 144, 1, 16, 28, 1300 }, // U+1EC5
    { 8, 19, 176, 1, 16, 38, 1328 }, // U+1EC6
    { 7, 16, 144, 1, 13, 28, 1366 }, // U+1EC7
    { 8, 16, 128, 0, 14, 32, 1394 }, // U+1EC8
    { 8, 16, 128, 0, 14, 32, 1426 }, // U+1EC9
    { 1, 15, 64, 1, 12, 4, 1458 }, // U+1ECA
    { 1, 15, 48, 1, 12, 4, 1462 }, // U+1ECB
    { 11, 15, 208, 1, 12, 42, 1466 }, // U+1ECC
    { 7, 12, 144, 1, 9, 21, 1508 }, // U+1ECD
    { 8, 16, 128, 0, 14, 32, 1529 }, // U+1ECE
    { 8, 16, 128, 0, 14, 32, 1561 }, // U+1ECF
    { 11, 20, 208, 1, 20, 55, 1593 }, // U+1ED0
    { 7, 17, 144, 1, 17, 30, 1648 }, // U+1ED1
    { 11, 20, 208, 1, 20, 55, 1678 }, // U+1ED2
    { 7, 17, 144, 1, 17, 30, 1733 }, // U+1ED3
    { 8, 16, 128, 0, 14, 32, 1763 }, // U+1ED4
    { 8, 16, 128, 0, 14, 32, 1795 }, // U+1ED5
    { 11, 19, 208, 1, 19, 53, 1827 }, // U+1ED6
    { 7, 16, 144, 1, 16, 28, 1880 }, // U+1ED7
    { 11, 19, 208, 1, 16, 53, 1908 }, // U+1ED8
    { 7, 16, 144, 1, 13, 28, 1961 }, // U+1ED9
    { 12, 16, 208, 1, 16, 48, 1989 }, // U+1EDA
    { 9, 13, 144, 1, 13, 30, 2037 }, // U+1EDB
    { 12, 16, 208, 1, 16, 48, 2067 }, // U+1EDC
    { 9, 13, 144, 1, 13, 30, 2115 }, // U+1EDD
    { 8, 16, 128, 0, 14, 32, 2145 }, // U+1EDE
    { 8, 16, 128, 0, 14, 32, 2177 }, // U+1EDF
    { 12, 15, 208, 1, 15, 45, 2209 }, // U+1EE0
    { 9, 12, 144, 1, 12, 27, 2254 }, // U+1EE1
    { 12, 15, 208, 1, 12, 45, 2281 }, // U+1EE2
    { 9, 12, 144, 1, 9, 27, 2326 }, // U+1EE3
    { 9, 15, 192, 1, 12, 34, 2353 }, // U+1EE4
    { 7, 12, 144, 1, 9, 21, 2387 }, // U+1EE5
    { 8, 16, 128, 0, 14, 32, 2408 }, // U+1EE6
    { 8, 16, 128, 0, 14, 32, 2440 }, // U+1EE7
    { 10, 16, 192, 1, 16, 40, 2472 }, // U+1EE8
    { 9, 13, 144, 1, 13, 30, 2512 }, // U+1EE9
    { 10, 16, 192, 1, 16, 40, 2542 }, // U+1EEA
    { 9, 13, 144, 1, 13, 30, 2582 }, // U+1EEB
    { 8, 16, 128, 0, 14, 32, 2612 }, // U+1EEC
    { 8, 16, 128, 0, 14, 32, 2644 }, // U+1EED
    { 10, 15, 192, 1, 15, 38, 2676 }, // U+1EEE
    { 9, 12, 144, 1, 12, 27, 2714 }, // U+1EEF
    { 10, 15, 192, 1, 12, 38, 2741 }, // U+1EF0
    { 9, 12, 144, 1, 9, 27, 2779 }, // U+1EF1
    { 9, 16, 176, 1, 16, 36, 2806 }, // U+1EF2
    { 7, 16, 128, 0, 13, 28, 2842 }, // U+1EF3
    { 9, 15, 176, 1, 12, 34, 2870 }, // U+1EF4
    { 7, 15, 128, 0, 9, 27, 2904 }, // U+1EF5
    { 8, 16, 128, 0, 14, 32, 2931 }, // U+1EF6
    { 8, 16, 128, 0, 14, 32, 2963 }, // U+1EF7
    { 9, 15, 176, 1, 15, 34, 2995 }, // U+1EF8
    { 7, 15, 128, 0, 12, 27, 3029 }, // U+1EF9
    { 1, 1, 128, 0, 1, 1, 0 }, // U+2000
    { 1, 1, 272, 0, 1, 1, 1 }, // U+2001
    { 1, 1, 128, 0, 1, 1, 2 }, // U+2002
    { 1, 1, 272, 0, 1, 1, 3 }, // U+2003
    { 1, 1, 96, 0, 1, 1, 4 }, // U+2004
    { 1, 1, 64, 0, 1, 1, 5 }, // U+2005
    { 1, 1, 48, 0, 1, 1, 6 }, // U+2006
    { 1, 1, 144, 0, 1, 1, 7 }, // U+2007
    { 1, 1, 64, 0, 1, 1, 8 }, // U+2008
    { 1, 1, 48, 0, 1, 1, 9 }, // U+2009
    { 1, 1, 32, 0, 1, 1, 10 }, // U+200A
    { 1, 1, 0, 0, 1, 1, 11 }, // U+200B
    { 16, 16, 256, 0, 14, 64, 12 }, // U+200C
    { 16, 16, 256, 0, 14, 64, 76 }, // U+200D
    { 16, 16, 256, 0, 14, 64, 140 }, // U+200E
    { 16, 16, 256, 0, 14, 64, 204 }, // U+200F
    { 4, 1, 80, 0, 5, 1, 268 }, // U+2010
    { 4, 1, 80, 0, 5, 1, 269 }, // U+2011
    { 9, 1, 144, 0, 5, 3, 270 }, // U+2012
    { 9, 1, 144, 0, 5, 3, 273 }, // U+2013
    { 16, 1, 256, 0, 5, 4, 276 }, // U+2014
    { 16, 1, 256, 0, 5, 4, 280 }, // U+2015
    { 8, 16, 128, 0, 14, 32, 284 }, // U+2016
    { 8, 16, 128, 0, 14, 32, 316 }, // U+2017
    { 2, 4, 64, 1, 12, 2, 348 }, // U+2018
    { 2, 4, 64, 0, 12, 2, 350 }, // U+2019
    { 2, 4, 64, 0, 2, 2, 352 }, // U+201A
    { 2, 4, 64, 0, 12, 2, 354 }, // U+201B
    { 4, 4, 96, 1, 12, 4, 356 }, // U+201C
    { 4, 4, 96, 0, 12, 4, 360 }, // U+201D
    { 4, 4, 96, 0, 2, 4, 364 }, // U+201E
    { 4, 4, 96, 0, 12, 4, 368 }, // U+201F
    { 7, 15, 144, 1, 12, 27, 372 }, // U+2020
    { 7, 15, 144, 1, 12, 27, 399 }, // U+2021
    { 4, 4, 96, 0, 8, 4, 426 }, // U+2022
    { 8, 16, 128, 0, 14, 32, 430 }, // U+2023
    { 8, 16, 128, 0, 14, 32, 462 }, // U+2024
    { 8, 16, 128, 0, 14, 32, 494 }, // U+2025
    { 11, 2, 240, 2, 2, 6, 526 }, // U+2026
    { 8, 16, 128, 0, 14, 32, 532 }, // U+2027
    { 16, 16, 256, 0, 14, 64, 564 }, // U+2028
    { 16, 16, 256, 0, 14, 64, 628 }, // U+2029
    { 16, 16, 256, 0, 14, 64, 692 }, // U+202A
    { 16, 16, 256, 0, 14, 64, 756 }, // U+202B
    { 16, 16, 256, 0, 14, 64, 820 }, // U+202C
    { 16, 16, 256, 0, 14, 64, 884 }, // U+202D
    { 16, 16, 256, 0, 14, 64, 948 }, // U+202E
    { 8, 16, 128, 0, 14, 32, 1012 }, // U+202F
    { 15, 12, 272, 0, 12, 45, 1044 }, // U+2030
    { 8, 16, 128, 0, 14, 32, 1089 }, // U+2031
    { 8, 16, 128, 0, 14, 32, 1121 }, // U+2032
    { 8, 16, 128, 0, 14, 32, 1153 }, // U+2033
    { 8, 16, 128, 0, 14, 32, 1185 }, // U+2034
    { 8, 16, 128, 0, 14, 32, 1217 }, // U+2035
    { 8, 16, 128, 0, 14, 32, 1249 }, // U+2036
    { 8, 16, 128, 0, 14, 32, 1281 }, // U+2037
    { 8, 16, 128, 0, 14, 32, 1313 }, // U+2038
    { 3, 6, 96, 1, 8, 5, 1345 }, // U+2039
    { 3, 6, 96, 1, 8, 5, 1350 }, // U+203A
    { 8, 16, 128, 0, 14, 32, 1355 }, // U+203B
    { 8, 16, 128, 0, 14, 32, 1387 }, // U+203C
    { 8, 16, 128, 0, 14, 32, 1419 }, // U+203D
    { 8, 16, 128, 0, 14, 32, 1451 }, // U+203E
    { 8, 16, 128, 0, 14, 32, 1483 }, // U+203F
    { 8, 16, 128, 0, 14, 32, 1515 }, // U+2040
    { 8, 16, 128, 0, 14, 32, 1547 }, // U+2041
    { 8, 16, 128, 0, 14, 32, 1579 }, // U+2042
    { 8, 16, 128, 0, 14, 32, 1611 }, // U+2043
    { 6, 12, 48, -1, 12, 18, 1643 }, // U+2044
    { 8, 16, 128, 0, 14, 32, 1661 }, // U+2045
    { 8, 16, 128, 0, 14, 32, 1693 }, // U+2046
    { 8, 16, 128, 0, 14, 32, 1725 }, // U+2047
    { 8, 16, 128, 0, 14, 32, 1757 }, // U+2048
    { 8, 16, 128, 0, 14, 32, 1789 }, // U+2049
    { 8, 16, 128, 0, 14, 32, 1821 }, // U+204A
    { 8, 16, 128, 0, 14, 32, 1853 }, // U+204B
    { 8, 16, 128, 0, 14, 32, 1885 }, // U+204C
    { 8, 16, 128, 0, 14, 32, 1917 }, // U+204D
    { 8, 16, 128, 0, 14, 32, 1949 }, // U+204E
    { 8, 16, 128, 0, 14, 32, 1981 }, // U+204F
    { 8, 16, 128, 0, 14, 32, 2013 }, // U+2050
    { 8, 16, 128, 0, 14, 32, 2045 }, // U+2051
    { 8, 16, 128, 0, 14, 32, 2077 }, // U+2052
    { 8, 16, 128, 0, 14, 32, 2109 }, // U+2053
    { 8, 16, 128, 0, 14, 32, 2141 }, // U+2054
    { 8, 16, 128, 0, 14, 32, 2173 }, // U+2055
    { 8, 16, 128, 0, 14, 32, 2205 }, // U+2056
    { 16, 16, 256, 0, 14, 64, 2237 }, // U+2057
    { 8, 16, 128, 0, 14, 32, 2301 }, // U+2058
    { 8, 16, 128, 0, 14, 32, 2333 }, // U+2059
    { 8, 16, 128, 0, 14, 32, 2365 }, // U+205A
    { 8, 16, 128, 0, 14, 32, 2397 }, // U+205B
    { 8, 16, 128, 0, 14, 32, 2429 }, // U+205C
    { 8, 16, 128, 0, 14, 32, 2461 }, // U+205D
    { 8, 16, 128, 0, 14, 32, 2493 }, // U+205E
    { 8, 16, 128, 0, 14, 32, 2525 }, // U+205F
    { 16, 16, 256, 0, 14, 64, 2557 }, // U+2060
    { 16, 16, 256, 0, 14, 64, 2621 }, // U+2061
    { 16, 16, 256, 0, 14, 64, 2685 }, // U+2062
    { 16, 16, 256, 0, 14, 64, 2749 }, // U+2063
    { 16, 16, 256, 0, 14, 64, 2813 }, // U+2064
    { 16, 16, 256, 0, 14, 64, 2877 }, // U+2065
    { 16, 16, 256, 0, 14, 64, 2941 }, // U+2066
    { 16, 16, 256, 0, 14, 64, 3005 }, // U+2067
    { 16, 16, 256, 0, 14, 64, 3069 }, // U+2068
    { 16, 16, 256, 0, 14, 64, 3133 }, // U+2069
    { 16, 16, 256, 0, 14, 64, 3197 }, // U+206A
    { 16, 16, 256, 0, 14, 64, 3261 }, // U+206B
    { 16, 16, 256, 0, 14, 64, 3325 }, // U+206C
    { 16, 16, 256, 0, 14, 64, 3389 }, // U+206D
    { 16, 16, 256, 0, 14, 64, 3453 }, // U+206E
    { 16, 16, 256, 0, 14, 64, 3517 }, // U+206F
    { 8, 16, 128, 0, 14, 32, 0 }, // U+2070
    { 8, 16, 128, 0, 14, 32, 32 }, // U+2071
    { 16, 16, 256, 0, 14, 64, 64 }, // U+2072
    { 16, 16, 256, 0, 14, 64, 128 }, // U+2073
    { 8, 16, 128, 0, 14, 32, 192 }, // U+2074
    { 8, 16, 128, 0, 14, 32, 224 }, // U+2075
    { 8, 16, 128, 0, 14, 32, 256 }, // U+2076
    { 8, 16, 128, 0, 14, 32, 288 }, // U+2077
    { 8, 16, 128, 0, 14, 32, 320 }, // U+2078
    { 8, 16, 128, 0, 14, 32, 352 }, // U+2079
    { 8, 16, 128, 0, 14, 32, 384 }, // U+207A
    { 8, 16, 128, 0, 14, 32, 416 }, // U+207B
    { 8, 16, 128, 0, 14, 32, 448 }, // U+207C
    { 8, 16, 128, 0, 14, 32, 480 }, // U+207D
    { 8, 16, 128, 0, 14, 32, 512 }, // U+207E
    { 8, 16, 128, 0, 14, 32, 544 }, // U+207F
    { 8, 16, 128, 0, 14, 32, 576 }, // U+2080
    { 3, 7, 96, 0, 3, 6, 608 }, // U+2081
    { 5, 7, 96, 0, 3, 9, 614 }, // U+2082
    { 5, 7, 96, 0, 3, 9, 623 }, // U+2083
    { 8, 16, 128, 0, 14, 32, 632 }, // U+2084
    { 8, 16, 128, 0, 14, 32, 664 }, // U+2085
    { 8, 16, 128, 0, 14, 32, 696 }, // U+2086
    { 8, 16, 128, 0, 14, 32, 728 }, // U+2087
    { 8, 16, 128, 0, 14, 32, 760 }, // U+2088
    { 8, 16, 128, 0, 14, 32, 792 }, // U+2089
    { 8, 16, 128, 0, 14, 32, 824 }, // U+208A
    { 8, 16, 128, 0, 14, 32, 856 }, // U+208B
    { 8, 16, 128, 0, 14, 32, 888 }, // U+208C
    { 8, 16, 128, 0, 14, 32, 920 }, // U+208D
    { 8, 16, 128, 0, 14, 32, 952 }, // U+208E
    { 8, 16, 128, 0, 14, 32, 984 }, // U+208F
    { 8, 16, 128, 0, 14, 32, 1016 }, // U+2090
    { 8, 16, 128, 0, 14, 32, 1048 }, // U+2091
    { 8, 16, 128, 0, 14, 32, 1080 }, // U+2092
    { 8, 16, 128, 0, 14, 32, 1112 }, // U+2093
    { 8, 16, 128, 0, 14, 32, 1144 }, // U+2094
    { 8, 16, 128, 0, 14, 32, 1176 }, // U+2095
    { 8, 16, 128, 0, 14, 32, 1208 }, // U+2096
    { 8, 16, 128, 0, 14, 32, 1240 }, // U+2097
    { 8, 16, 128, 0, 14, 32, 1272 }, // U+2098
    { 8, 16, 128, 0, 14, 32, 1304 }, // U+2099
    { 8, 16, 128, 0, 14, 32, 1336 }, // U+209A
    { 8, 16, 128, 0, 14, 32, 1368 }, // U+209B
    { 8, 16, 128, 0, 14, 32, 1400 }, // U+209C
    { 8, 16, 128, 0, 14, 32, 1432 }, // U+209D
    { 8, 16, 128, 0, 14, 32, 1464 }, // U+209E
    { 8, 16, 128, 0, 14, 32, 1496 }, // U+209F
    { 8, 16, 128, 0, 14, 32, 0 }, // U+20A0
    { 8, 16, 128, 0, 14, 32, 32 }, // U+20A1
    { 8, 16, 128, 0, 14, 32, 64 }, // U+20A2
    { 8, 16, 128, 0, 14, 32, 96 }, // U+20A3
    { 8, 16, 128, 0, 14, 32, 128 }, // U+20A4
    { 11, 12, 224, 2, 11, 33, 160 }, // U+20A5
    { 9, 12, 192, 1, 12, 27, 193 }, // U+20A6
    { 8, 16, 128, 0, 14, 32, 220 }, // U+20A7
    { 8, 16, 128, 0, 14, 32, 252 }, // U+20A8
    { 13, 12, 240, 1, 12, 39, 284 }, // U+20A9
    { 8, 16, 128, 0, 14, 32, 323 }, // U+20AA
    { 8, 16, 128, 0, 14, 32, 355 }, // U+20AB
    { 12, 12, 192, -1, 12, 36, 387 }, // U+20AC
    { 8, 12, 176, 1, 12, 24, 423 }, // U+20AD
    { 8, 16, 128, 0, 14, 32, 447 }, // U+20AE
    { 8, 16, 128, 0, 14, 32, 479 }, // U+20AF
    { 8, 16, 128, 0, 14, 32, 511 }, // U+20B0
    { 8, 16, 128, 0, 14, 32, 543 }, // U+20B1
    { 8, 16, 128, 0, 14, 32, 575 }, // U+20B2
    { 8, 16, 128, 0, 14, 32, 607 }, // U+20B3
    { 8, 16, 128, 0, 14, 32, 639 }, // U+20B4
    { 8, 16, 128, 0, 14, 32, 671 }, // U+20B5
    { 8, 16, 128, 0, 14, 32, 703 }, // U+20B6
    { 8, 16, 128, 0, 14, 32, 735 }, // U+20B7
    { 8, 16, 128, 0, 14, 32, 767 }, // U+20B8
    { 16, 16, 256, 0, 14, 64, 799 }, // U+20B9
    { 8, 16, 128, 0, 14, 32, 863 }, // U+20BA
    { 8, 16, 128, 0, 14, 32, 895 }, // U+20BB
    { 8, 16, 128, 0, 14, 32, 927 }, // U+20BC
    { 8, 16, 128, 0, 14, 32, 959 }, // U+20BD
    { 8, 16, 128, 0, 14, 32, 991 }, // U+20BE
    { 8, 16, 128, 0, 14, 32, 1023 }, // U+20BF
    { 8, 16, 128, 0, 14, 32, 1055 }, // U+20C0
    { 8, 16, 128, 0, 14, 32, 1087 }, // U+20C1
    { 8, 16, 128, 0, 14, 32, 1119 }, // U+20C2
    { 8, 16, 128, 0, 14, 32, 1151 }, // U+20C3
    { 8, 16, 128, 0, 14, 32, 1183 }, // U+20C4
    { 16, 16, 256, 0, 14, 64, 1215 }, // U+20C5
    { 16, 16, 256, 0, 14, 64, 1279 }, // U+20C6
    { 16, 16, 256, 0, 14, 64, 1343 }, // U+20C7
    { 16, 16, 256, 0, 14, 64, 1407 }, // U+20C8
    { 16, 16, 256, 0, 14, 64, 1471 }, // U+20C9
    { 16, 16, 256, 0, 14, 64, 1535 }, // U+20CA
    { 16, 16, 256, 0, 14, 64, 1599 }, // U+20CB
    { 16, 16, 256, 0, 14, 64, 1663 }, // U+20CC
    { 16, 16, 256, 0, 14, 64, 1727 }, // U+20CD
    { 16, 16, 256, 0, 14, 64, 1791 }, // U+20CE
    { 16, 16, 256, 0, 14, 64, 1855 }, // U+20CF
    { 8, 16, 128, 0, 14, 32, 0 }, // U+2190
    { 8, 16, 128, 0, 14, 32, 32 }, // U+2191
    { 8, 16, 128, 0, 14, 32, 64 }, // U+2192
    { 8, 16, 128, 0, 14, 32, 96 }, // U+2193
    { 8, 16, 128, 0, 14, 32, 128 }, // U+2194
    { 8, 16, 128, 0, 14, 32, 160 }, // U+2195
    { 8, 16, 128, 0, 14, 32, 192 }, // U+2196
    { 8, 16, 128, 0, 14, 32, 224 }, // U+2197
    { 8, 16, 128, 0, 14, 32, 256 }, // U+2198
    { 8, 16, 128, 0, 14, 32, 288 }, // U+2199
    { 8, 16, 128, 0, 14, 32, 320 }, // U+219A
    { 8, 16, 128, 0, 14, 32, 352 }, // U+219B
    { 16, 16, 256, 0, 14, 64, 384 }, // U+219C
    { 16, 16, 256, 0, 14, 64, 448 }, // U+219D
    { 8, 16, 128, 0, 14, 32, 512 }, // U+219E
    { 8, 16, 128, 0, 14, 32, 544 }, // U+219F
    { 8, 16, 128, 0, 14, 32, 576 }, // U+21A0
    { 8, 16, 128, 0, 14, 32, 608 }, // U+21A1
    { 8, 16, 128, 0, 14, 32, 640 }, // U+21A2
    { 8, 16, 128, 0, 14, 32, 672 }, // U+21A3
    { 8, 16, 128, 0, 14, 32, 704 }, // U+21A4
    { 8, 16, 128, 0, 14, 32, 736 }, // U+21A5
    { 8, 16, 128, 0, 14, 32, 768 }, // U+21A6
    { 8, 16, 128, 0, 14, 32, 800 }, // U+21A7
    { 8, 16, 128, 0, 14, 32, 832 }, // U+21A8
    { 8, 16, 128, 0, 14, 32, 864 }, // U+21A9
    { 8, 16, 128, 0, 14, 32, 896 }, // U+21AA
    { 8, 16, 128, 0, 14, 32, 928 }, // U+21AB
    { 8, 16, 128, 0, 14, 32, 960 }, // U+21AC
    { 8, 16, 128, 0, 14, 32, 992 }, // U+21AD
    { 8, 16, 128, 0, 14, 32, 1024 }, // U+21AE
    { 8, 16, 128, 0, 14, 32, 1056 }, // U+21AF
    { 8, 16, 128, 0, 14, 32, 1088 }, // U+21B0
    { 8, 16, 128, 0, 14, 32, 1120 }, // U+21B1
    { 8, 16, 128, 0, 14, 32, 1152 }, // U+21B2
    { 8, 16, 128, 0, 14, 32, 1184 }, // U+21B3
    { 8, 16, 128, 0, 14, 32, 1216 }, // U+21B4
    { 8, 16, 128, 0, 14, 32, 1248 }, // U+21B5
    { 8, 16, 128, 0, 14, 32, 1280 }, // U+21B6
    { 8, 16, 128, 0, 14, 32, 1312 }, // U+21B7
    { 8, 16, 128, 0, 14, 32, 1344 }, // U+21B8
    { 8, 16, 128, 0, 14, 32, 1376 }, // U+21B9
    { 8, 16, 128, 0, 14, 32, 1408 }, // U+21BA
    { 8, 16, 128, 0, 14, 32, 1440 }, // U+21BB
    { 8, 16, 128, 0, 14, 32, 1472 }, // U+21BC
    { 8, 16, 128, 0, 14, 32, 1504 }, // U+21BD
    { 8, 16, 128, 0, 14, 32, 1536 }, // U+21BE
    { 8, 16, 128, 0, 14, 32, 1568 }, // U+21BF
    { 8, 16, 128, 0, 14, 32, 1600 }, // U+21C0
    { 8, 16, 128, 0, 14, 32, 1632 }, // U+21C1
    { 8, 16, 128, 0, 14, 32, 1664 }, // U+21C2
    { 8, 16, 128, 0, 14, 32, 1696 }, // U+21C3
    { 8, 16, 128, 0, 14, 32, 1728 }, // U+21C4
    { 8, 16, 128, 0, 14, 32, 1760 }, // U+21C5
    { 8, 16, 128, 0, 14, 32, 1792 }, // U+21C6
    { 8, 16, 128, 0, 14, 32, 1824 }, // U+21C7
    { 8, 16, 128, 0, 14, 32, 1856 }, // U+21C8
    { 8, 16, 128, 0, 14, 32, 1888 }, // U+21C9
    { 8, 16, 128, 0, 14, 32, 1920 }, // U+21CA
    { 8, 16, 128, 0, 14, 32, 1952 }, // U+21CB
    { 8, 16, 128, 0, 14, 32, 1984 }, // U+21CC
    { 8, 16, 128, 0, 14, 32, 2016 }, // U+21CD
    { 8, 16, 128, 0, 14, 32, 2048 }, // U+21CE
    { 8, 16, 128, 0, 14, 32, 2080 }, // U+21CF
    { 8, 16, 128, 0, 14, 32, 2112 }, // U+21D0
    { 8, 16, 128, 0, 14, 32, 2144 }, // U+21D1
    { 8, 16, 128, 0, 14, 32, 2176 }, // U+21D2
    { 8, 16, 128, 0, 14, 32, 2208 }, // U+21D3
    { 8, 16, 128, 0, 14, 32, 2240 }, // U+21D4
    { 8, 16, 128, 0, 14, 32, 2272 }, // U+21D5
    { 8, 16, 128, 0, 14, 32, 2304 }, // U+21D6
    { 8, 16, 128, 0, 14, 32, 2336 }, // U+21D7
    { 8, 16, 128, 0, 14, 32, 2368 }, // U+21D8
    { 8, 16, 128, 0, 14, 32, 2400 }, // U+21D9
    { 8, 16, 128, 0, 14, 32, 2432 }, // U+21DA
    { 8, 16, 128, 0, 14, 32, 2464 }, // U+21DB
    { 8, 16, 128, 0, 14, 32, 2496 }, // U+21DC
    { 8, 16, 128, 0, 14, 32, 2528 }, // U+21DD
    { 8, 16, 128, 0, 14, 32, 2560 }, // U+21DE
    { 8, 16, 128, 0, 14, 32, 2592 }, // U+21DF
    { 8, 16, 128, 0, 14, 32, 2624 }, // U+21E0
    { 8, 16, 128, 0, 14, 32, 2656 }, // U+21E1
    { 8, 16, 128, 0, 14, 32, 2688 }, // U+21E2
    { 8, 16, 128, 0, 14, 32, 2720 }, // U+21E3
    { 8, 16, 128, 0, 14, 32, 2752 }, // U+21E4
    { 8, 16, 128, 0, 14, 32, 2784 }, // U+21E5
    { 8, 16, 128, 0, 14, 32, 2816 }, // U+21E6
    { 8, 16, 128, 0, 14, 32, 2848 }, // U+21E7
    { 8, 16, 128, 0, 14, 32, 2880 }, // U+21E8
    { 8, 16, 128, 0, 14, 32, 2912 }, // U+21E9
    { 8, 16, 128, 0, 14, 32, 2944 }, // U+21EA
    { 8, 16, 128, 0, 14, 32, 2976 }, // U+21EB
    { 8, 16, 128, 0, 14, 32, 3008 }, // U+21EC
    { 8, 16, 128, 0, 14, 32, 3040 }, // U+21ED
    { 8, 16, 128, 0, 14, 32, 3072 }, // U+21EE
    { 8, 16, 128, 0, 14, 32, 3104 }, // U+21EF
    { 8, 16, 128, 0, 14, 32, 3136 }, // U+21F0
    { 8, 16, 128, 0, 14, 32, 3168 }, // U+21F1
    { 8, 16, 128, 0, 14, 32, 3200 }, // U+21F2
    { 8, 16, 128, 0, 14, 32, 3232 }, // U+21F3
    { 16, 16, 256, 0, 14, 64, 3264 }, // U+21F4
    { 8, 16, 128, 0, 14, 32, 3328 }, // U+21F5
    { 8, 16, 128, 0, 14, 32, 3360 }, // U+21F6
    { 8, 16, 128, 0, 14, 32, 3392 }, // U+21F7
    { 8, 16, 128, 0, 14, 32, 3424 }, // U+21F8
    { 16, 16, 256, 0, 14, 64, 3456 }, // U+21F9
    { 16, 16, 256, 0, 14, 64, 3520 }, // U+21FA
    { 16, 16, 256, 0, 14, 64, 3584 }, // U+21FB
    { 16, 16, 256, 0, 14, 64, 3648 }, // U+21FC
    { 8, 16, 128, 0, 14, 32, 3712 }, // U+21FD
    { 8, 16, 128, 0, 14, 32, 3744 }, // U+21FE
    { 16, 16, 256, 0, 14, 64, 3776 }, // U+21FF
    { 10, 12, 176, 0, 12, 30, 0 }, // U+2200
    { 8, 16, 128, 0, 14, 32, 30 }, // U+2201
    { 8, 16, 128, 0, 14, 32, 62 }, // U+2202
    { 8, 12, 176, 1, 12, 24, 94 }, // U+2203
    { 8, 12, 176, 1, 12, 24, 118 }, // U+2204
    { 8, 16, 128, 0, 14, 32, 142 }, // U+2205
    { 8, 16, 128, 0, 14, 32, 174 }, // U+2206
    { 8, 16, 128, 0, 14, 32, 206 }, // U+2207
    { 8, 16, 128, 0, 14, 32, 238 }, // U+2208
    { 8, 16, 128, 0, 14, 32, 270 }, // U+2209
    { 8, 16, 128, 0, 14, 32, 302 }, // U+220A
    { 8, 16, 128, 0, 14, 32, 334 }, // U+220B
    { 8, 16, 128, 0, 14, 32, 366 }, // U+220C
    { 8, 16, 128, 0, 14, 32, 398 }, // U+220D
    { 8, 16, 128, 0, 14, 32, 430 }, // U+220E
    { 8, 16, 128, 0, 14, 32, 462 }, // U+220F
    { 8, 16, 128, 0, 14, 32, 494 }, // U+2210
    { 8, 16, 128, 0, 14, 32, 526 }, // U+2211
    { 8, 1, 160, 1, 5, 2, 558 }, // U+2212
    { 8, 16, 128, 0, 14, 32, 560 }, // U+2213
    { 8, 16, 128, 0, 14, 32, 592 }, // U+2214
    { 6, 12, 48, -1, 12, 18, 624 }, // U+2215
    { 8, 16, 128, 0, 14, 32, 642 }, // U+2216
    { 8, 16, 128, 0, 14, 32, 674 }, // U+2217
    { 8, 16, 128, 0, 14, 32, 706 }, // U+2218
    { 1, 2, 80, 2, 6, 1, 738 }, // U+2219
    { 8, 16, 128, 0, 14, 32, 739 }, // U+221A
    { 8, 16, 128, 0, 14, 32, 771 }, // U+221B
    { 8, 16, 128, 0, 14, 32, 803 }, // U+221C
    { 8, 16, 128, 0, 14, 32, 835 }, // U+221D
    { 8, 16, 128, 0, 14, 32, 867 }, // U+221E
    { 8, 16, 128, 0, 14, 32, 899 }, // U+221F
    { 8, 16, 128, 0, 14, 32, 931 }, // U+2220
    { 8, 16, 128, 0, 14, 32, 963 }, // U+2221
    { 8, 16, 128, 0, 14, 32, 995 }, // U+2222
    { 8, 16, 128, 0, 14, 32, 1027 }, // U+2223
    { 8, 16, 128, 0, 14, 32, 1059 }, // U+2224
    { 8, 16, 128, 0, 14, 32, 1091 }, // U+2225
    { 8, 16, 128, 0, 14, 32, 1123 }, // U+2226
    { 8, 16, 128, 0, 14, 32, 1155 }, // U+2227
    { 8, 16, 128, 0, 14, 32, 1187 }, // U+2228
    { 8, 16, 128, 0, 14, 32, 1219 }, // U+2229
    { 8, 16, 128, 0, 14, 32, 1251 }, // U+222A
    { 8, 16, 128, 0, 14, 32, 1283 }, // U+222B
    { 8, 16, 128, 0, 14, 32, 1315 }, // U+222C
    { 8, 16, 128, 0, 14, 32, 1347 }, // U+222D
    { 8, 16, 128, 0, 14, 32, 1379 }, // U+222E
    { 8, 16, 128, 0, 14, 32, 1411 }, // U+222F
    { 8, 16, 128, 0, 14, 32, 1443 }, // U+2230
    { 8, 16, 128, 0, 14, 32, 1475 }, // U+2231
    { 8, 16, 128, 0, 14, 32, 1507 }, // U+2232
    { 8, 16, 128, 0, 14, 32, 1539 }, // U+2233
    { 8, 16, 128, 0, 14, 32, 1571 }, // U+2234
    { 8, 16, 128, 0, 14, 32, 1603 }, // U+2235
    { 1, 9, 64, 2, 9, 3, 1635 }, // U+2236
    { 8, 16, 128, 0, 14, 32, 1638 }, // U+2237
    { 8, 16, 128, 0, 14, 32, 1670 }, // U+2238
    { 8, 16, 128, 0, 14, 32, 1702 }, // U+2239
    { 8, 16, 128, 0, 14, 32, 1734 }, // U+223A
    { 8, 16, 128, 0, 14, 32, 1766 }, // U+223B
    { 8, 16, 128, 0, 14, 32, 1798 }, // U+223C
    { 8, 16, 128, 0, 14, 32, 1830 }, // U+223D
    { 8, 16, 128, 0, 14, 32, 1862 }, // U+223E
    { 8, 16, 128, 0, 14, 32, 1894 }, // U+223F
    { 8, 16, 128, 0, 14, 32, 1926 }, // U+2240
    { 8, 16, 128, 0, 14, 32, 1958 }, // U+2241
    { 8, 16, 128, 0, 14, 32, 1990 }, // U+2242
    { 8, 16, 128, 0, 14, 32, 2022 }, // U+2243
    { 8, 16, 128, 0, 14, 32, 2054 }, // U+2244
    { 8, 16, 128, 0, 14, 32, 2086 }, // U+2245
    { 8, 16, 128, 0, 14, 32, 2118 }, // U+2246
    { 8, 16, 128, 0, 14, 32, 2150 }, // U+2247
    { 8, 16, 128, 0, 14, 32, 2182 }, // U+2248
    { 8, 16, 128, 0, 14, 32, 2214 }, // U+2249
    { 8, 16, 128, 0, 14, 32, 2246 }, // U+224A
    { 8, 16, 128, 0, 14, 32, 2278 }, // U+224B
    { 8, 16, 128, 0, 14, 32, 2310 }, // U+224C
    { 8, 16, 128, 0, 14, 32, 2342 }, // U+224D
    { 8, 16, 128, 0, 14, 32, 2374 }, // U+224E
    { 8, 16, 128, 0, 14, 32, 2406 }, // U+224F
    { 8, 16, 128, 0, 14, 32, 2438 }, // U+2250
    { 8, 16, 128, 0, 14, 32, 2470 }, // U+2251
    { 8, 16, 128, 0, 14, 32, 2502 }, // U+2252
    { 8, 16, 128, 0, 14, 32, 2534 }, // U+2253
    { 8, 16, 128, 0, 14, 32, 2566 }, // U+2254
    { 8, 16, 128, 0, 14, 32, 2598 }, // U+2255
    { 8, 16, 128, 0, 14, 32, 2630 }, // U+2256
    { 8, 16, 128, 0, 14, 32, 2662 }, // U+2257
    { 8, 16, 128, 0, 14, 32, 2694 }, // U+2258
    { 8, 8, 160, 0, 10, 16, 2726 }, // U+2259
    { 8, 8, 160, 0, 10, 16, 2742 }, // U+225A
    { 8, 16, 128, 0, 14, 32, 2758 }, // U+225B
    { 8, 16, 128, 0, 14, 32, 2790 }, // U+225C
    { 8, 16, 128, 0, 14, 32, 2822 }, // U+225D
    { 8, 16, 128, 0, 14, 32, 2854 }, // U+225E
    { 8, 16, 128, 0, 14, 32, 2886 }, // U+225F
    { 8, 12, 160, 0, 10, 24, 2918 }, // U+2260
    { 8, 5, 160, 0, 7, 10, 2942 }, // U+2261
    { 8, 12, 160, 0, 11, 24, 2952 }, // U+2262
    { 8, 16, 128, 0, 14, 32, 2976 }, // U+2263
    { 9, 11, 160, 0, 9, 25, 3008 }, // U+2264
    { 9, 11, 160, 1, 9, 25, 3033 }, // U+2265
    { 8, 16, 128, 0, 14, 32, 3058 }, // U+2266
    { 8, 16, 128, 0, 14, 32, 3090 }, // U+2267
    { 8, 16, 128, 0, 14, 32, 3122 }, // U+2268
    { 8, 16, 128, 0, 14, 32, 3154 }, // U+2269
    { 8, 16, 128, 0, 14, 32, 3186 }, // U+226A
    { 8, 16, 128, 0, 14, 32, 3218 }, // U+226B
    { 8, 16, 128, 0, 14, 32, 3250 }, // U+226C
    { 8, 16, 128, 0, 14, 32, 3282 }, // U+226D
    { 9, 12, 160, 0, 11, 27, 3314 }, // U+226E
    { 9, 12, 160, 1, 11, 27, 3341 }, // U+226F
    { 9, 12, 160, 0, 10, 27, 3368 }, // U+2270
    { 9, 12, 160, 1, 10, 27, 3395 }, // U+2271
    { 8, 16, 128, 0, 14, 32, 3422 }, // U+2272
    { 8, 16, 128, 0, 14, 32, 3454 }, // U+2273
    { 8, 16, 128, 0, 14, 32, 3486 }, // U+2274
    { 8, 16, 128, 0, 14, 32, 3518 }, // U+2275
    { 8, 16, 128, 0, 14, 32, 3550 }, // U+2276
    { 8, 16, 128, 0, 14, 32, 3582 }, // U+2277
    { 8, 16, 128, 0, 14, 32, 3614 }, // U+2278
    { 8, 16, 128, 0, 14, 32, 3646 }, // U+2279
    { 8, 16, 128, 0, 14, 32, 3678 }, // U+227A
    { 8, 16, 128, 0, 14, 32, 3710 }, // U+227B
    { 8, 16, 128, 0, 14, 32, 3742 }, // U+227C
    { 8, 16, 128, 0, 14, 32, 3774 }, // U+227D
    { 8, 16, 128, 0, 14, 32, 3806 }, // U+227E
    { 8, 16, 128, 0, 14, 32, 3838 }, // U+227F
    { 8, 16, 128, 0, 14, 32, 3870 }, // U+2280
    { 8, 16, 128, 0, 14, 32, 3902 }, // U+2281
    { 8, 16, 128, 0, 14, 32, 3934 }, // U+2282
    { 8, 16, 128, 0, 14, 32, 3966 }, // U+2283
    { 8, 16, 128, 0, 14, 32, 3998 }, // U+2284
    { 8, 16, 128, 0, 14, 32, 4030 }, // U+2285
    { 8, 16, 128, 0, 14, 32, 4062 }, // U+2286
    { 8, 16, 128, 0, 14, 32, 4094 }, // U+2287
    { 8, 16, 128, 0, 14, 32, 4126 }, // U+2288
    { 8, 16, 128, 0, 14, 32, 4158 }, // U+2289
    { 8, 16, 128, 0, 14, 32, 4190 }, // U+228A
    { 8, 16, 128, 0, 14, 32, 4222 }, // U+228B
    { 8, 16, 128, 0, 14, 32, 4254 }, // U+228C
    { 8, 16, 128, 0, 14, 32, 4286 }, // U+228D
    { 8, 16, 128, 0, 14, 32, 4318 }, // U+228E
    { 8, 16, 128, 0, 14, 32, 4350 }, // U+228F
    { 8, 16, 128, 0, 14, 32, 4382 }, // U+2290
    { 8, 16, 128, 0, 14, 32, 4414 }, // U+2291
    { 8, 16, 128, 0, 14, 32, 4446 }, // U+2292
    { 8, 16, 128, 0, 14, 32, 4478 }, // U+2293
    { 8, 16, 128, 0, 14, 32, 4510 }, // U+2294
    { 8, 16, 128, 0, 14, 32, 4542 }, // U+2295
    { 8, 16, 128, 0, 14, 32, 4574 }, // U+2296
    { 8, 16, 128, 0, 14, 32, 4606 }, // U+2297
    { 8, 16, 128, 0, 14, 32, 4638 }, // U+2298
    { 8, 16, 128, 0, 14, 32, 4670 }, // U+2299
    { 8, 16, 128, 0, 14, 32, 4702 }, // U+229A
    { 8, 16, 128, 0, 14, 32, 4734 }, // U+229B
    { 8, 16, 128, 0, 14, 32, 4766 }, // U+229C
    { 8, 16, 128, 0, 14, 32, 4798 }, // U+229D
    { 8, 16, 128, 0, 14, 32, 4830 }, // U+229E
    { 8, 16, 128, 0, 14, 32, 4862 }, // U+229F
    { 8, 16, 128, 0, 14, 32, 4894 }, // U+22A0
    { 8, 16, 128, 0, 14, 32, 4926 }, // U+22A1
    { 8, 16, 128, 0, 14, 32, 4958 }, // U+22A2
    { 8, 16, 128, 0, 14, 32, 4990 }, // U+22A3
    { 8, 16, 128, 0, 14, 32, 5022 }, // U+22A4
    { 8, 16, 128, 0, 14, 32, 5054 }, // U+22A5
    { 8, 16, 128, 0, 14, 32, 5086 }, // U+22A6
    { 8, 16, 128, 0, 14, 32, 5118 }, // U+22A7
    { 8, 16, 128, 0, 14, 32, 5150 }, // U+22A8
    { 8, 16, 128, 0, 14, 32, 5182 }, // U+22A9
    { 8, 16, 128, 0, 14, 32, 5214 }, // U+22AA
    { 8, 16, 128, 0, 14, 32, 5246 }, // U+22AB
    { 8, 16, 128, 0, 14, 32, 5278 }, // U+22AC
    { 8, 16, 128, 0, 14, 32, 5310 }, // U+22AD
    { 8, 16, 128, 0, 14, 32, 5342 }, // U+22AE
    { 8, 16, 128, 0, 14, 32, 5374 }, // U+22AF
    { 8, 16, 128, 0, 14, 32, 5406 }, // U+22B0
    { 8, 16, 128, 0, 14, 32, 5438 }, // U+22B1
    { 8, 16, 128, 0, 14, 32, 5470 }, // U+22B2
    { 8, 16, 128, 0, 14, 32, 5502 }, // U+22B3
    { 8, 16, 128, 0, 14, 32, 5534 }, // U+22B4
    { 8, 16, 128, 0, 14, 32, 5566 }, // U+22B5
    { 16, 16, 256, 0, 14, 64, 5598 }, // U+22B6
    { 16, 16, 256, 0, 14, 64, 5662 }, // U+22B7
    { 16, 16, 256, 0, 14, 64, 5726 }, // U+22B8
    { 8, 16, 128, 0, 14, 32, 5790 }, // U+22B9
    { 8, 16, 128, 0, 14, 32, 5822 }, // U+22BA
    { 8, 16, 128, 0, 14, 32, 5854 }, // U+22BB
    { 8, 16, 128, 0, 14, 32, 5886 }, // U+22BC
    { 8, 16, 128, 0, 14, 32, 5918 }, // U+22BD
    { 8, 16, 128, 0, 14, 32, 5950 }, // U+22BE
    { 8, 16, 128, 0, 14, 32, 5982 }, // U+22BF
    { 8, 16, 128, 0, 14, 32, 6014 }, // U+22C0
    { 8, 16, 128, 0, 14, 32, 6046 }, // U+22C1
    { 8, 16, 128, 0, 14, 32, 6078 }, // U+22C2
    { 8, 16, 128, 0, 14, 32, 6110 }, // U+22C3
    { 8, 16, 128, 0, 14, 32, 6142 }, // U+22C4
    { 8, 16, 128, 0, 14, 32, 6174 }, // U+22C5
    { 8, 16, 128, 0, 14, 32, 6206 }, // U+22C6
    { 8, 16, 128, 0, 14, 32, 6238 }, // U+22C7
    { 8, 16, 128, 0, 14, 32, 6270 }, // U+22C8
    { 8, 16, 128, 0, 14, 32, 6302 }, // U+22C9
    { 8, 16, 128, 0, 14, 32, 6334 }, // U+22CA
    { 8, 16, 128, 0, 14, 32, 6366 }, // U+22CB
    { 8, 16, 128, 0, 14, 32, 6398 }, // U+22CC
    { 8, 16, 128, 0, 14, 32, 6430 }, // U+22CD
    { 8, 16, 128, 0, 14, 32, 6462 }, // U+22CE
    { 8, 16, 128, 0, 14, 32, 6494 }, // U+22CF
    { 8, 16, 128, 0, 14, 32, 6526 }, // U+22D0
    { 8, 16, 128, 0, 14, 32, 6558 }, // U+22D1
    { 8, 16, 128, 0, 14, 32, 6590 }, // U+22D2
    { 8, 16, 128, 0, 14, 32, 6622 }, // U+22D3
    { 8, 16, 128, 0, 14, 32, 6654 }, // U+22D4
    { 8, 16, 128, 0, 14, 32, 6686 }, // U+22D5
    { 8, 16, 128, 0, 14, 32, 6718 }, // U+22D6
    { 8, 16, 128, 0, 14, 32, 6750 }, // U+22D7
    { 16, 16, 256, 0, 14, 64, 6782 }, // U+22D8
    { 16, 16, 256, 0, 14, 64, 6846 }, // U+22D9
    { 8, 16, 128, 0, 14, 32, 6910 }, // U+22DA
    { 8, 16, 128, 0, 14, 32, 6942 }, // U+22DB
    { 8, 16, 128, 0, 14, 32, 6974 }, // U+22DC
    { 8, 16, 128, 0, 14, 32, 7006 }, // U+22DD
    { 8, 16, 128, 0, 14, 32, 7038 }, // U+22DE
    { 8, 16, 128, 0, 14, 32, 7070 }, // U+22DF
    { 8, 16, 128, 0, 14, 32, 7102 }, // U+22E0
    { 8, 16, 128, 0, 14, 32, 7134 }, // U+22E1
    { 8, 16, 128, 0, 14, 32, 7166 }, // U+22E2
    { 8, 16, 128, 0, 14, 32, 7198 }, // U+22E3
    { 8, 16, 128, 0, 14, 32, 7230 }, // U+22E4
    { 8, 16, 128, 0, 14, 32, 7262 }, // U+22E5
    { 8, 16, 128, 0, 14, 32, 7294 }, // U+22E6
    { 8, 16, 128, 0, 14, 32, 7326 }, // U+22E7
    { 8, 16, 128, 0, 14, 32, 7358 }, // U+22E8
    { 8, 16, 128, 0, 14, 32, 7390 }, // U+22E9
    { 8, 16, 128, 0, 14, 32, 7422 }, // U+22EA
    { 8, 16, 128, 0, 14, 32, 7454 }, // U+22EB
    { 8, 16, 128, 0, 14, 32, 7486 }, // U+22EC
    { 8, 16, 128, 0, 14, 32, 7518 }, // U+22ED
    { 8, 16, 128, 0, 14, 32, 7550 }, // U+22EE
    { 8, 16, 128, 0, 14, 32, 7582 }, // U+22EF
    { 8, 16, 128, 0, 14, 32, 7614 }, // U+22F0
    { 8, 16, 128, 0, 14, 32, 7646 }, // U+22F1
    { 16, 16, 256, 0, 14, 64, 7678 }, // U+22F2
    { 16, 16, 256, 0, 14, 64, 7742 }, // U+22F3
    { 8, 16, 128, 0, 14, 32, 7806 }, // U+22F4
    { 16, 16, 256, 0, 14, 64, 7838 }, // U+22F5
    { 16, 16, 256, 0, 14, 64, 7902 }, // U+22F6
    { 8, 16, 128, 0, 14, 32, 7966 }, // U+22F7
    { 8, 16, 128, 0, 14, 32, 7998 }, // U+22F8
    { 16, 16, 256, 0, 14, 64, 8030 }, // U+22F9
    { 16, 16, 256, 0, 14, 64, 8094 }, // U+22FA
    { 16, 16, 256, 0, 14, 64, 8158 }, // U+22FB
    { 8, 16, 128, 0, 14, 32, 8222 }, // U+22FC
    { 16, 16, 256, 0, 14, 64, 8254 }, // U+22FD
    { 8, 16, 128, 0, 14, 32, 8318 }, // U+22FE
    { 16, 16, 256, 0, 14, 64, 8350 }, // U+22FF
    { 8, 16, 128, 0, 14, 32, 0 }, // U+FB00
    { 8, 16, 128, 0, 14, 32, 32 }, // U+FB01
    { 8, 16, 128, 0, 14, 32, 64 }, // U+FB02
    { 8, 16, 128, 0, 14, 32, 96 }, // U+FB03
    { 8, 16, 128, 0, 14, 32, 128 }, // U+FB04
    { 8, 16, 128, 0, 14, 32, 160 }, // U+FB05
    { 8, 16, 128, 0, 14, 32, 192 }, // U+FB06
    { 8, 16, 128, 0, 14, 32, 0 }, // U+FFFD
};

static const EpdUnicodeInterval helvetica_8_regularIntervals[] = {
    { 0x0, 0x17F, 0x0 },
    { 0x1A0, 0x1A1, 0x180 },
    { 0x1AF, 0x1B0, 0x182 },
    { 0x1C4, 0x21F, 0x184 },
    { 0x300, 0x36F, 0x1E0 },
    { 0x400, 0x4FF, 0x250 },
    { 0x1E0C, 0x1E0D, 0x350 },
    { 0x1E24, 0x1E25, 0x352 },
    { 0x1E36, 0x1E3B, 0x354 },
    { 0x1E40, 0x1E49, 0x35A },
    { 0x1E5A, 0x1E5F, 0x364 },
    { 0x1E62, 0x1E63, 0x36A },
    { 0x1E6C, 0x1E6D, 0x36C },
    { 0x1EA0, 0x1EF9, 0x36E },
    { 0x2000, 0x20CF, 0x3C8 },
    { 0x2190, 0x22FF, 0x498 },
    { 0xFB00, 0xFB06, 0x608 },
    { 0xFFFD, 0xFFFD, 0x60F },
};

static const EpdFontGroup helvetica_8_regularGroups[] = {
    { 0, 994, 4165, 128, 0 },
    { 994, 1034, 4655, 128, 128 },
    { 2028, 839, 4219, 128, 256 },
    { 2867, 743, 3461, 96, 384 },
    { 3610, 461, 3840, 112, 480 },
    { 4071, 1369, 8256, 256, 592 },
    { 5440, 228, 1011, 30, 848 },
    { 5668, 576, 3381, 90, 878 },
    { 6244, 785, 3606, 112, 968 },
    { 7029, 268, 1539, 48, 1080 },
    { 7297, 506, 1940, 48, 1128 },
    { 7803, 743, 3840, 112, 1176 },
    { 8546, 1614, 8485, 256, 1288 },
    { 10160, 80, 224, 7, 1544 },
    { 10240, 23, 32, 1, 1551 },
};

static const EpdFontData helvetica_8_regular = {
    helvetica_8_regularBitmaps,
    helvetica_8_regularGlyphs,
    helvetica_8_regularIntervals,
    18,
    18,
    14,
    -4,
    true,
    helvetica_8_regularGroups,
    15,
    nullptr,
    nullptr,
    nullptr,
    nullptr,
    nullptr,
    nullptr,
    nullptr,
    nullptr,
    nullptr,
    nullptr,
    nullptr,
    0,
    0,
    0,
    0,
    nullptr,
    0,
};
