/**
 * generated by fontconvert.py
 * name: times_16_bolditalic
 * size: 16
 * mode: 2-bit  compressed: true
 * Command used: fontconvert.py times_16_bolditalic 16 ../../../x11/font-adobe-100dpi-1.0.4/timBI24.bdf ../../../x11/unifont-18.0.01.bdf --2bit --compress --zopfli
 */
#pragma once
#include "EpdFontData.h"

static const uint8_t times_16_bolditalicBitmaps[18655] = {
    0xCC, 0x95, 0x87, 0x06, 0x36, 0x4B, 0x0C, 0x86, 0x5F, 0x5E, 0x5D, 0xC8, 0xAD, 0x0C, 0xA3, 0x5B,
    0x72, 0xEB, 0x21, 0xBA, 0x61, 0x6F, 0x25, 0xAC, 0x6E, 0x98, 0x93, 0x2D, 0xA7, 0xD7, 0x39, 0xDA,
    0x9F, 0xF6, 0xD8, 0xF2, 0xC8, 0xD7, 0xBF, 0xF1, 0x06, 0xDE, 0xF0, 0x67, 0xCA, 0x0F, 0x71, 0x34,
    0x7E, 0x0D, 0x00, 0xF4, 0x1A, 0x3F, 0x53, 0x23, 0x34, 0xA5, 0x8B, 0x4A, 0x5F, 0x3E, 0xBA, 0x18,
    0x43, 0x7F, 0xBE, 0xFE, 0x5B, 0xF6, 0x8A, 0xBF, 0xF4, 0xCF, 0xD1, 0x93, 0xD2, 0x94, 0x0C, 0x0F,
    0x69, 0x46, 0xE9, 0x3B, 0xBE, 0x7D, 0xBE, 0x05, 0xE3, 0xE5, 0xA6, 0x1F, 0xE7, 0x4A, 0x69, 0x6E,
    0xA3, 0xC5, 0xC3, 0xF0, 0xD8, 0xF2, 0x47, 0xBB, 0x52, 0xBA, 0xD8, 0xD9, 0x35, 0xE5, 0x3A, 0xEA,
    0x78, 0xED, 0xF8, 0xCA, 0xD1, 0x73, 0x48, 0xED, 0x57, 0xDE, 0x6C, 0x31, 0xF6, 0x1E, 0xBF, 0x5E,
    0xE5, 0xF1, 0xB7, 0xDC, 0xDA, 0xCF, 0xA9, 0x11, 0x6C, 0x37, 0x19, 0x84, 0x73, 0x1A, 0x77, 0x7C,
    0x91, 0x15, 0x43, 0x04, 0x3A, 0x85, 0x37, 0x45, 0x64, 0xCF, 0x47, 0xF9, 0xF0, 0x5F, 0xA8, 0xD3,
    0xF7, 0xF7, 0x7F, 0x7B, 0xA3, 0x09, 0xE0, 0x7B, 0xFB, 0x75, 0x7E, 0x7B, 0x3F, 0x0A, 0xF6, 0xF6,
    0x73, 0x2E, 0x96, 0xE7, 0x82, 0x9B, 0x51, 0xC7, 0x1E, 0x7B, 0xBE, 0x3D, 0x3E, 0xB3, 0x3C, 0x71,
    0xD7, 0xB4, 0xDD, 0xFD, 0x31, 0x20, 0x60, 0x0A, 0x5D, 0x04, 0x9A, 0x6B, 0x6B, 0xBF, 0x06, 0xAF,
    0xD1, 0x09, 0xE9, 0x2F, 0x35, 0xAE, 0x6B, 0xC7, 0x37, 0x7A, 0xE4, 0xA0, 0xB7, 0x81, 0x22, 0xDC,
    0x18, 0x9B, 0x7E, 0xDC, 0x5E, 0x7B, 0x7D, 0xE2, 0xFF, 0xFB, 0x7C, 0x78, 0x1F, 0xEF, 0xF9, 0xDE,
    0xCB, 0xCB, 0xF2, 0x8B, 0xCC, 0xFB, 0x78, 0xC7, 0x6F, 0x11, 0x3A, 0x47, 0x6F, 0xC7, 0xE8, 0x71,
    0x9D, 0x57, 0x6B, 0xA3, 0xEB, 0x8E, 0xAF, 0xAD, 0x6B, 0x4A, 0x0C, 0x25, 0xCD, 0x83, 0x62, 0xE4,
    0x96, 0x6F, 0xE7, 0xF9, 0xFD, 0xEE, 0xE9, 0x2F, 0xDC, 0xDA, 0xAF, 0xD2, 0xB3, 0x9D, 0xAD, 0xD9,
    0xB8, 0xB2, 0x8D, 0xA6, 0x6D, 0xF4, 0x2D, 0x7F, 0x7A, 0x0C, 0x5C, 0xAE, 0x73, 0x14, 0xBD, 0xE8,
    0x7B, 0xFB, 0x47, 0xBF, 0xBE, 0xFF, 0x8F, 0xCB, 0x47, 0x97, 0xED, 0xF7, 0x3F, 0x72, 0xA5, 0xB0,
    0x18, 0x4C, 0x74, 0xD8, 0xE9, 0x6B, 0xF7, 0xFB, 0x17, 0xF0, 0xE2, 0x51, 0x64, 0xE5, 0xE4, 0x8E,
    0x8F, 0x9F, 0xFD, 0xA3, 0x7C, 0x61, 0x1D, 0xEF, 0xF9, 0xCC, 0xF2, 0xC5, 0x8B, 0xE5, 0x37, 0x82,
    0xB2, 0xE9, 0xCB, 0xE7, 0xCB, 0xB7, 0x3F, 0xFF, 0xDE, 0x07, 0xD4, 0x61, 0x79, 0xD7, 0x7A, 0xCB,
    0x9F, 0xC2, 0x5D, 0xF3, 0xA9, 0xBC, 0x8B, 0xFE, 0xD5, 0x1B, 0x06, 0x2C, 0xFF, 0xCA, 0x50, 0x65,
    0x58, 0xFE, 0x9B, 0xC4, 0x9B, 0xF3, 0xCB, 0xFC, 0xD2, 0x2B, 0xA1, 0xC8, 0x32, 0xF8, 0x6F, 0xC3,
    0xD6, 0x5A, 0xFE, 0x0C, 0x4C, 0x75, 0xFC, 0x61, 0xAC, 0x8A, 0x77, 0x30, 0x0D, 0xFF, 0x30, 0xFC,
    0x00, 0x6E, 0x3C, 0xCD, 0x05, 0xD8, 0x4A, 0x4C, 0x5D, 0xC8, 0xC3, 0x98, 0x87, 0x56, 0x0B, 0xE7,
    0xAC, 0x4E, 0x70, 0xBD, 0x8D, 0xBB, 0x6D, 0x02, 0xBA, 0x4A, 0x5B, 0xFE, 0xB4, 0x5A, 0x36, 0xD5,
    0xA7, 0x4B, 0xF3, 0xF9, 0x36, 0xB4, 0x1D, 0xAF, 0x93, 0x78, 0xFA, 0xDB, 0xF4, 0x04, 0xAB, 0x2D,
    0x61, 0x00, 0xD7, 0xD2, 0x09, 0x68, 0x2D, 0x3E, 0x00, 0x4B, 0x41, 0x16, 0xFC, 0xC1, 0x72, 0xA1,
    0xDF, 0x38, 0x14, 0x05, 0xB4, 0x0F, 0xC7, 0x83, 0x7C, 0x40, 0x4F, 0x2E, 0xD8, 0x89, 0xB4, 0xE5,
    0x3A, 0xE9, 0xCB, 0x4B, 0x51, 0x2E, 0x3C, 0x98, 0x37, 0x0E, 0xFD, 0x19, 0x2C, 0xA4, 0x26, 0xF1,
    0x33, 0xE8, 0x9A, 0x0A, 0x28, 0x34, 0x8F, 0xC2, 0x4F, 0xCD, 0x9A, 0x5F, 0x6A, 0x6B, 0xB1, 0xCE,
    0xC5, 0x17, 0xE8, 0x35, 0xA0, 0xA9, 0x74, 0x00, 0x06, 0x4D, 0x5D, 0xD0, 0xD7, 0x0B, 0x9D, 0x8A,
    0x20, 0xAF, 0x82, 0xF5, 0xD9, 0x92, 0xCD, 0xDE, 0x69, 0x7A, 0x4E, 0x0F, 0x1F, 0xF7, 0xE1, 0x26,
    0x5A, 0x3F, 0x25, 0xDD, 0xF1, 0x3F, 0x45, 0xB6, 0x37, 0x4E, 0x21, 0x19, 0xC0, 0x03, 0x60, 0xA5,
    0x0B, 0x27, 0x60, 0xEA, 0xD5, 0x50, 0x4C, 0xE6, 0xA2, 0x34, 0x43, 0xFD, 0xA2, 0x61, 0x32, 0x73,
    0xF1, 0x5E, 0x94, 0xC2, 0x90, 0x34, 0x18, 0x34, 0xCC, 0x07, 0xCC, 0xCD, 0xB3, 0xDE, 0x05, 0x08,
    0x7D, 0xFA, 0x22, 0x01, 0xBA, 0x4C, 0x5A, 0xAC, 0xC2, 0x46, 0x32, 0x5C, 0x99, 0x4A, 0xEF, 0x0B,
    0x86, 0x7B, 0xFA, 0xE4, 0x4E, 0x18, 0x4C, 0x4A, 0x54, 0x96, 0x02, 0x79, 0xBD, 0x9B, 0x66, 0xF5,
    0x37, 0x1E, 0xCB, 0x9F, 0x6C, 0x94, 0x19, 0xA0, 0xCB, 0x4E, 0x0E, 0x4F, 0xFB, 0xA8, 0x0B, 0x8F,
    0x73, 0x41, 0x1D, 0xD2, 0x16, 0x3F, 0x98, 0x1E, 0xBB, 0xB7, 0x9A, 0xEF, 0x5D, 0xAB, 0xAA, 0x60,
    0xAD, 0x34, 0x75, 0x3E, 0xCC, 0xED, 0x3F, 0x35, 0xF4, 0x92, 0x25, 0xB1, 0xFE, 0x96, 0xD6, 0xA5,
    0x4A, 0x63, 0x4A, 0xE2, 0x37, 0x90, 0xA4, 0x5F, 0xF8, 0x87, 0x12, 0xEA, 0x16, 0xEB, 0xA9, 0x21,
    0x2E, 0xAE, 0x18, 0x08, 0x18, 0x9D, 0x6D, 0x57, 0xC0, 0x0D, 0xD7, 0xF4, 0x56, 0x6C, 0x1B, 0xC7,
    0xA2, 0x87, 0x79, 0xAE, 0x9F, 0x8F, 0xD8, 0xB9, 0x7E, 0x56, 0x88, 0xCE, 0x06, 0xFD, 0x0C, 0x10,
    0x4B, 0x29, 0x89, 0xD4, 0x14, 0x2E, 0x59, 0x5C, 0xA2, 0x6B, 0xDE, 0x14, 0x84, 0x6D, 0xD1, 0x97,
    0x72, 0x17, 0x1E, 0x53, 0xA6, 0xBE, 0x93, 0x4C, 0xAB, 0xEF, 0xC0, 0x8B, 0x50, 0x92, 0xA3, 0x04,
    0xF4, 0xAE, 0x00, 0xEC, 0xAE, 0xD7, 0xA2, 0x32, 0x3D, 0x49, 0xF4, 0x45, 0x21, 0x37, 0x74, 0x5D,
    0x18, 0x98, 0xF8, 0xA8, 0x22, 0x37, 0x10, 0x1B, 0x92, 0x27, 0xD0, 0x5A, 0x17, 0xA7, 0xF0, 0xFD,
    0x4F, 0x02, 0xE4, 0x72, 0x64, 0x42, 0x17, 0x8C, 0x0C, 0x70, 0xA1, 0x2A, 0x51, 0xFA, 0x54, 0xD4,
    0xBC, 0x0D, 0x49, 0xF8, 0x14, 0x64, 0xF7, 0x9B, 0x5E, 0x43, 0x60, 0xA0, 0x7C, 0xC5, 0xA0, 0xE4,
    0x80, 0xDD, 0x44, 0x8C, 0x29, 0x4A, 0x82, 0x95, 0x5E, 0xB7, 0x5D, 0xF4, 0xEA, 0xF5, 0x84, 0x2C,
    0x68, 0x65, 0x1B, 0x27, 0x62, 0x42, 0x3E, 0xD9, 0x6B, 0x07, 0xC6, 0x42, 0x4C, 0x88, 0x6B, 0xD6,
    0x2A, 0x81, 0xB1, 0x70, 0x16, 0xD9, 0x6C, 0x9C, 0xEA, 0x0E, 0x84, 0xD8, 0x30, 0xE6, 0x56, 0x80,
    0x53, 0x67, 0x2D, 0x8C, 0xB3, 0x7C, 0x56, 0x04, 0x00, 0xEB, 0xB0, 0xBF, 0x0E, 0x43, 0x6F, 0x32,
    0x8C, 0x29, 0xE2, 0x65, 0x38, 0xD6, 0x31, 0xA0, 0x57, 0x74, 0x2C, 0xFA, 0x25, 0x51, 0x52, 0x12,
    0x96, 0xE6, 0x16, 0xBA, 0x14, 0xF4, 0x23, 0x6B, 0xA1, 0x54, 0x99, 0x65, 0x20, 0x96, 0xF4, 0x33,
    0x7B, 0x49, 0x27, 0xD3, 0x5A, 0xC1, 0xA9, 0x80, 0xBA, 0x43, 0x6F, 0xD3, 0x32, 0xF7, 0x20, 0xE2,
    0xDE, 0xC5, 0xD2, 0x2F, 0x97, 0x3A, 0x44, 0xFA, 0x8C, 0xBD, 0x0B, 0x9A, 0x1C, 0xB1, 0xB4, 0x13,
    0x7D, 0x5E, 0x37, 0xEE, 0xE1, 0x11, 0x12, 0x74, 0x73, 0x0B, 0x83, 0x06, 0xA1, 0x49, 0x48, 0xA9,
    0xD7, 0x55, 0xAD, 0xD1, 0x09, 0xB3, 0x63, 0x68, 0x35, 0xD3, 0x72, 0x49, 0x76, 0x06, 0x68, 0x49,
    0x5A, 0x71, 0xA4, 0x29, 0x4B, 0x69, 0x09, 0xB2, 0x82, 0x57, 0x92, 0xDD, 0xAE, 0xF5, 0x4B, 0x8B,
    0xDD, 0xEF, 0x14, 0xAE, 0x27, 0x12, 0xE7, 0x71, 0x2D, 0x14, 0x6F, 0x1B, 0xFF, 0xDB, 0x43, 0x1D,
    0x16, 0xDB, 0xF4, 0x2C, 0x1A, 0x7A, 0x16, 0x92, 0x93, 0x9B, 0x76, 0x32, 0x92, 0x04, 0xB4, 0x3A,
    0x95, 0x3D, 0x21, 0xEA, 0x05, 0x08, 0xEC, 0x57, 0x4A, 0xBF, 0x5E, 0x06, 0xBA, 0x44, 0x97, 0x85,
    0x2D, 0x88, 0x93, 0xCC, 0x23, 0xDC, 0x1E, 0xF7, 0xBF, 0x07, 0x4E, 0xAD, 0x55, 0x89, 0x55, 0xFA,
    0xBE, 0x35, 0x70, 0x6A, 0xBD, 0x7A, 0xA2, 0x9D, 0xBD, 0xBB, 0xC4, 0x99, 0xB9, 0x67, 0x2C, 0x74,
    0xFD, 0x4C, 0x05, 0xCD, 0x97, 0x29, 0x08, 0xC9, 0x65, 0x1A, 0xB0, 0xB3, 0x29, 0xF4, 0xC2, 0x8A,
    0x65, 0xF5, 0x78, 0x8F, 0xA0, 0xB0, 0xDB, 0xCD, 0x33, 0xFF, 0xAD, 0x97, 0x00, 0xD9, 0xD7, 0x03,
    0xB9, 0xDC, 0x90, 0xED, 0x62, 0x2D, 0xB2, 0xAA, 0x01, 0x3E, 0xA7, 0x73, 0x49, 0x0B, 0xA9, 0xEC,
    0x58, 0xCE, 0x5C, 0x5D, 0x88, 0xED, 0x88, 0x72, 0xF5, 0xBE, 0x1C, 0x1E, 0xED, 0xC6, 0x72, 0x44,
    0x4C, 0x7C, 0xA6, 0xB8, 0xC1, 0x48, 0x85, 0xB9, 0x25, 0x13, 0xEA, 0x1A, 0xE6, 0xD0, 0xFD, 0x85,
    0xB5, 0x43, 0xB6, 0x53, 0x2F, 0x27, 0xD9, 0x17, 0x94, 0xBC, 0x1D, 0x0B, 0x8D, 0xA2, 0x15, 0xB9,
    0x20, 0x37, 0x6A, 0xF1, 0x51, 0x1C, 0x35, 0xE4, 0x8F, 0x62, 0x2C, 0x8A, 0x37, 0x2B, 0xFA, 0x58,
    0x7C, 0xF4, 0x9A, 0xDD, 0x29, 0x5B, 0xAC, 0xA4, 0x12, 0xDF, 0xD4, 0x80, 0x56, 0x06, 0x1B, 0x60,
    0x09, 0x46, 0xC5, 0xD1, 0xD8, 0xF3, 0x43, 0x3A, 0xC3, 0x2D, 0x16, 0xF5, 0x95, 0x9A, 0x9B, 0x56,
    0xA4, 0x4F, 0x0A, 0xAB, 0x2D, 0x3F, 0x2D, 0x5A, 0x28, 0x17, 0x65, 0x92, 0xFE, 0xA3, 0xD5, 0x25,
    0xC8, 0xB1, 0x55, 0x2B, 0xD7, 0x95, 0x93, 0x87, 0xCA, 0xF0, 0xEA, 0xBA, 0xAF, 0x0B, 0xE6, 0xD5,
    0x1C, 0xAA, 0xB9, 0x9E, 0x7C, 0x15, 0x91, 0x07, 0x34, 0x17, 0xAD, 0xCA, 0x58, 0x5C, 0xA4, 0xFF,
    0x2B, 0x2D, 0x80, 0x8F, 0x13, 0x16, 0x56, 0xFC, 0xC9, 0xD8, 0x21, 0x3F, 0xD1, 0x53, 0xEE, 0xBD,
    0xD2, 0xFC, 0x8A, 0x43, 0x9B, 0x34, 0x09, 0x6B, 0xC6, 0x77, 0xB2, 0xE9, 0xCD, 0x5B, 0xD0, 0x7C,
    0x87, 0xA8, 0x79, 0x62, 0xA2, 0xDC, 0x55, 0x5A, 0xC0, 0x28, 0x3C, 0x5D, 0x80, 0x95, 0x17, 0xBA,
    0x2E, 0x42, 0x9A, 0xBE, 0xA9, 0x79, 0x88, 0x45, 0x3F, 0xB4, 0x94, 0xC5, 0xB0, 0x45, 0xB2, 0x5F,
    0xF7, 0xF4, 0xBB, 0xF1, 0x51, 0xDC, 0xD9, 0x26, 0x45, 0x2D, 0x5A, 0x85, 0x21, 0x17, 0x35, 0x41,
    0x92, 0xF9, 0x6B, 0x4F, 0xF8, 0x5F, 0xEB, 0xC9, 0x2B, 0xF5, 0x46, 0x32, 0xD0, 0xEF, 0xF2, 0x03,
    0x60, 0x30, 0xAA, 0x8B, 0x9D, 0xE5, 0x51, 0xD1, 0xF6, 0x2A, 0xE5, 0xDA, 0xCC, 0xC9, 0xBF, 0xE5,
    0x89, 0x32, 0x7B, 0x6D, 0xBF, 0x11, 0x67, 0x1E, 0x1C, 0x26, 0xB4, 0x6D, 0xBD, 0xBD, 0x72, 0x63,
    0xEF, 0xE2, 0xD3, 0x20, 0x74, 0xA9, 0x52, 0xCB, 0xBE, 0xBB, 0x5C, 0x76, 0x5C, 0xD5, 0x74, 0xB9,
    0x80, 0x76, 0x5D, 0xBC, 0x9C, 0xC5, 0x32, 0x98, 0x2F, 0x3B, 0x8E, 0x0E, 0xBE, 0x3B, 0xE0, 0xAD,
    0x39, 0xE5, 0x32, 0x90, 0x61, 0x55, 0x59, 0xF7, 0x6E, 0x0B, 0x38, 0xD2, 0x7C, 0x95, 0xC5, 0xAB,
    0xE8, 0x77, 0xDD, 0x8B, 0x9E, 0xEA, 0xB1, 0xA9, 0xC4, 0x41, 0xBE, 0xC3, 0xE2, 0x1D, 0xF4, 0x37,
    0x08, 0xF1, 0x8E, 0x73, 0x9B, 0x45, 0x2D, 0x04, 0x90, 0x0B, 0xC6, 0x4E, 0xAE, 0x13, 0x7E, 0x08,
    0xFD, 0x9E, 0x8C, 0x5A, 0x45, 0x47, 0x7D, 0x26, 0x16, 0xC5, 0x27, 0x43, 0xB1, 0x38, 0x26, 0xED,
    0x19, 0x8B, 0x6C, 0x66, 0xFD, 0x65, 0x91, 0x9F, 0xBC, 0xF1, 0x9E, 0x0B, 0xBC, 0xE5, 0x82, 0x5D,
    0xE9, 0xB0, 0x8C, 0x0C, 0xD2, 0xBB, 0x1E, 0x79, 0x1F, 0xCA, 0xCF, 0x41, 0xC9, 0x7F, 0x0E, 0x8A,
    0x2C, 0xE8, 0x82, 0xE9, 0x44, 0x4E, 0x68, 0xF6, 0x84, 0x34, 0xF6, 0x86, 0x2C, 0xE5, 0xA3, 0xBC,
    0xD2, 0x6F, 0xDE, 0x61, 0xFB, 0xF5, 0xF3, 0xEE, 0xCD, 0xE5, 0x8B, 0xC0, 0x63, 0xF9, 0x15, 0x63,
    0x73, 0xD5, 0xF6, 0xC3, 0xE2, 0xF2, 0x61, 0x1E, 0xED, 0x9F, 0x7E, 0x3C, 0x7D, 0xF9, 0x0E, 0x8B,
    0x1F, 0xAF, 0xB9, 0x7D, 0x54, 0xD3, 0xC7, 0x43, 0x7D, 0x79, 0x73, 0xED, 0x94, 0x49, 0x45, 0xE7,
    0x77, 0x42, 0x7A, 0xE2, 0x9E, 0xCC, 0xB2, 0x0A, 0xDD, 0x71, 0x03, 0x50, 0x8B, 0xBB, 0xEB, 0x2F,
    0xF2, 0xD1, 0x6E, 0x28, 0xCB, 0xC9, 0x71, 0xE2, 0x40, 0x80, 0x9F, 0x77, 0x67, 0x4F, 0x94, 0x23,
    0x6A, 0x55, 0x7A, 0x73, 0xEA, 0x90, 0x3C, 0xEE, 0xDC, 0xC8, 0x31, 0xCB, 0x9D, 0x7B, 0x25, 0xB2,
    0xA7, 0x2D, 0x71, 0xEE, 0x4E, 0xCA, 0x7A, 0xE9, 0x2E, 0x6A, 0x7E, 0x67, 0x4D, 0x9D, 0xA6, 0xB3,
    0x78, 0x76, 0x80, 0xF7, 0xDD, 0xE0, 0x7B, 0xAD, 0x1A, 0x52, 0x39, 0xC4, 0xB8, 0xD6, 0xAC, 0x7A,
    0x23, 0x24, 0x17, 0xE5, 0x5E, 0xFE, 0x8D, 0xF2, 0xD6, 0xB1, 0x9E, 0xFF, 0xFC, 0x7D, 0x47, 0xC4,
    0x1F, 0x16, 0x5E, 0x3F, 0x73, 0xFC, 0x7F, 0x29, 0x26, 0xBA, 0x80, 0x81, 0xD3, 0x7F, 0x17, 0xD2,
    0x0D, 0xDA, 0x73, 0xA2, 0x3E, 0x1A, 0x10, 0xFE, 0x37, 0xA3, 0xF7, 0x95, 0xC5, 0xB7, 0xD5, 0xE1,
    0x7D, 0xBF, 0x38, 0xBC, 0xB6, 0xCE, 0x50, 0x3A, 0xA6, 0x1C, 0xE4, 0xD3, 0xAB, 0x03, 0xD2, 0x07,
    0x3D, 0x50, 0x68, 0x36, 0x1E, 0xD0, 0x5E, 0x30, 0x62, 0xA1, 0x5A, 0x23, 0xCE, 0x4A, 0x57, 0x63,
    0xBF, 0x02, 0xA0, 0x89, 0xCA, 0xDA, 0xC0, 0x41, 0x42, 0x03, 0xD5, 0x34, 0x59, 0x73, 0x3C, 0xD1,
    0xE1, 0xD0, 0x60, 0xDD, 0x6C, 0x7B, 0xDA, 0x44, 0x0C, 0x21, 0x0A, 0xFE, 0xB1, 0x00, 0xF9, 0xD7,
    0x45, 0xFB, 0x6F, 0xEB, 0xB5, 0xD2, 0x77, 0x5A, 0xD8, 0x84, 0xA5, 0xD4, 0x97, 0x28, 0x67, 0x2B,
    0xDE, 0x54, 0x68, 0x33, 0x0F, 0xC7, 0xA6, 0x35, 0x03, 0x88, 0x17, 0x56, 0x05, 0xDF, 0xA9, 0xB8,
    0x38, 0xAA, 0x77, 0x39, 0x99, 0x12, 0x80, 0xB2, 0x3B, 0x97, 0x0B, 0x0C, 0xA1, 0x2B, 0x01, 0x3B,
    0x6D, 0x11, 0xE8, 0x95, 0xF2, 0xB6, 0x51, 0x34, 0x15, 0x17, 0xF7, 0xF9, 0xE1, 0xA2, 0x17, 0x3F,
    0xFD, 0xE2, 0x17, 0x16, 0xF3, 0xA2, 0xC5, 0x8D, 0x5E, 0xC4, 0xC5, 0xB1, 0x40, 0x7E, 0x92, 0x4A,
    0x65, 0xF5, 0x55, 0x73, 0xB9, 0x68, 0xE7, 0xE5, 0xC4, 0xA5, 0x5C, 0xEF, 0x32, 0x7A, 0x39, 0xF9,
    0x8A, 0x47, 0xBB, 0x31, 0x9D, 0x6A, 0x7C, 0x94, 0xCB, 0x00, 0x38, 0x34, 0xBD, 0x1C, 0x97, 0xFB,
    0x10, 0x56, 0x82, 0xB4, 0xF3, 0xE3, 0x72, 0x39, 0x1C, 0x17, 0xD5, 0xA3, 0xE3, 0x1C, 0x75, 0x9A,
    0xB7, 0xE7, 0xB7, 0x11, 0x7A, 0xDD, 0xCF, 0x7D, 0x8B, 0x86, 0xC7, 0xB7, 0x08, 0x58, 0x16, 0xE3,
    0x8D, 0x79, 0x91, 0x8B, 0x52, 0x53, 0x45, 0x65, 0x71, 0x14, 0xE3, 0xFB, 0x37, 0x69, 0x0E, 0x26,
    0x18, 0x4A, 0x82, 0x74, 0xA6, 0x25, 0x34, 0x74, 0xC2, 0x17, 0x7A, 0x1F, 0x17, 0x36, 0x02, 0xA0,
    0x78, 0x77, 0xA6, 0xFB, 0xC2, 0xFC, 0xFF, 0xDC, 0x5C, 0xE8, 0x02, 0x19, 0x45, 0x56, 0xBC, 0x13,
    0xD9, 0x69, 0x64, 0x51, 0xDD, 0x13, 0x48, 0x4F, 0xBD, 0x97, 0x1D, 0x9B, 0xA7, 0xFE, 0x5F, 0x2F,
    0x7E, 0xAC, 0x8B, 0xAB, 0x5A, 0x09, 0x4B, 0xA8, 0x33, 0xE4, 0x9C, 0x41, 0xEA, 0xD2, 0x3E, 0x00,
    0xB1, 0x25, 0x5C, 0xE2, 0x56, 0x5E, 0x92, 0xA5, 0xB8, 0xA4, 0x47, 0xDE, 0xB2, 0xBF, 0x54, 0xC3,
    0x6C, 0x6F, 0x4B, 0xBE, 0xCB, 0x9C, 0xBA, 0x4E, 0x1B, 0x56, 0xBA, 0x2A, 0x3C, 0x0D, 0x21, 0xF1,
    0x6B, 0x69, 0xE5, 0xEF, 0x83, 0x90, 0x3F, 0x0D, 0xC2, 0x7F, 0x1F, 0xC4, 0x55, 0xC5, 0xF9, 0xAA,
    0x4B, 0xF5, 0x26, 0xB3, 0x4F, 0x7A, 0x62, 0x9F, 0xF4, 0xB8, 0xFA, 0x64, 0x18, 0x24, 0xD8, 0x07,
    0xEE, 0xA5, 0x0A, 0x7A, 0x82, 0xA0, 0x6B, 0x20, 0x31, 0xFA, 0xB8, 0xF5, 0x19, 0x92, 0x16, 0x1A,
    0x5D, 0xD4, 0xDC, 0x9C, 0x4B, 0x58, 0xE2, 0x79, 0x7E, 0x50, 0x32, 0x8C, 0xE6, 0x96, 0xAB, 0xDA,
    0x51, 0x9D, 0xD2, 0xBF, 0x8C, 0x4F, 0x9F, 0x09, 0x25, 0x5D, 0xD3, 0xBC, 0xEB, 0x7E, 0x15, 0x71,
    0x6F, 0x23, 0x41, 0x89, 0xEB, 0xD0, 0x4E, 0x08, 0x18, 0x5D, 0xF2, 0x7C, 0x5A, 0x6F, 0x27, 0x96,
    0x77, 0x3D, 0xA6, 0x06, 0xCC, 0x03, 0x46, 0xAF, 0xB6, 0x01, 0xE8, 0x49, 0x4B, 0xD8, 0x85, 0x29,
    0xF0, 0x42, 0x77, 0x10, 0x64, 0x42, 0xA8, 0xD9, 0x9B, 0xAB, 0x15, 0x5C, 0x03, 0x2C, 0xA0, 0xE1,
    0x13, 0x76, 0x00, 0x8E, 0xDE, 0x4C, 0x8D, 0xB6, 0x5A, 0xD4, 0xCE, 0x7C, 0x52, 0xD2, 0x34, 0x4C,
    0x9D, 0xE6, 0x69, 0x12, 0xD3, 0x31, 0xC0, 0xEA, 0x24, 0x31, 0xCC, 0xA3, 0x06, 0x04, 0x9C, 0x89,
    0x62, 0x13, 0x59, 0x18, 0x2F, 0x07, 0xC2, 0x2F, 0x10, 0xD2, 0xAF, 0x9D, 0xE7, 0x0E, 0x16, 0xF0,
    0x06, 0xC9, 0x3B, 0xEE, 0xD5, 0x9D, 0xA2, 0xE3, 0x6A, 0xF9, 0x24, 0x52, 0xC7, 0xAB, 0xC7, 0xC5,
    0xEE, 0xB7, 0x41, 0x0A, 0xD9, 0xD8, 0x61, 0x3A, 0x77, 0xAD, 0xF7, 0xF3, 0x6A, 0xA1, 0x2F, 0xF4,
    0x4A, 0xE2, 0xDD, 0x65, 0xEB, 0xFD, 0x48, 0x1A, 0x1D, 0x49, 0x73, 0xF3, 0x73, 0x6A, 0xD6, 0x73,
    0x5F, 0xF8, 0xFE, 0xA5, 0xCA, 0x52, 0x6A, 0x48, 0x5A, 0x4A, 0x3E, 0x53, 0x29, 0xA9, 0xB9, 0xA4,
    0x9D, 0xA3, 0x4B, 0x6E, 0xE7, 0xF9, 0x49, 0x50, 0xA7, 0xC6, 0x54, 0xE5, 0x14, 0x06, 0x58, 0xCF,
    0x81, 0x7A, 0x48, 0xB2, 0x4A, 0x5E, 0xA5, 0x08, 0x3E, 0x38, 0x18, 0x74, 0xDB, 0x07, 0x8A, 0x1A,
    0x47, 0xFD, 0xFE, 0xFE, 0xB0, 0xEA, 0xEA, 0x6B, 0x17, 0xF3, 0x55, 0x1A, 0xAF, 0xB2, 0x25, 0xBF,
    0x44, 0xE0, 0x83, 0x1D, 0x6D, 0xEE, 0x4B, 0xD0, 0x3D, 0xFA, 0xFB, 0xAA, 0xC1, 0x9B, 0x52, 0x89,
    0x94, 0x90, 0x54, 0x9F, 0x82, 0xE4, 0x80, 0x44, 0x40, 0x9F, 0x8E, 0x73, 0xF0, 0xAF, 0x5F, 0x01,
    0xFB, 0xCC, 0xA5, 0x87, 0xDD, 0x23, 0xA0, 0xAE, 0x74, 0xD9, 0x5B, 0x0A, 0xDA, 0x24, 0x2F, 0xD3,
    0xD8, 0x66, 0xF7, 0x1B, 0xCC, 0x07, 0x38, 0xC0, 0xD8, 0xE7, 0x8A, 0x12, 0x16, 0x16, 0x7C, 0xCE,
    0x67, 0x2A, 0xBF, 0xF8, 0x35, 0x29, 0xFB, 0xAB, 0x98, 0x8C, 0xEF, 0x4F, 0xF3, 0xEF, 0x4F, 0xA2,
    0x02, 0xBD, 0x38, 0x8A, 0xB1, 0x68, 0xBE, 0x4A, 0x33, 0x2D, 0x65, 0x52, 0x9F, 0x9F, 0x55, 0xE3,
    0x9F, 0x6A, 0xEA, 0x1A, 0xAE, 0xA1, 0xF5, 0xC2, 0xA0, 0x21, 0x2B, 0x34, 0xB1, 0xD3, 0x64, 0xE9,
    0xFD, 0xF7, 0x20, 0x9F, 0x82, 0x81, 0x15, 0xA2, 0x4E, 0xD1, 0x34, 0x07, 0x93, 0x01, 0xCD, 0xAF,
    0x84, 0x52, 0x26, 0x72, 0x21, 0x0A, 0xBA, 0x61, 0xDE, 0xC9, 0x5A, 0xF0, 0x05, 0x80, 0xC8, 0x89,
    0xAF, 0x98, 0xE0, 0x1F, 0x26, 0xDA, 0x01, 0x48, 0xAF, 0x3F, 0x26, 0xCC, 0x12, 0xD9, 0xE7, 0xE7,
    0x57, 0xEA, 0xF6, 0x6F, 0x0B, 0xB7, 0x25, 0xD6, 0x29, 0x84, 0xE9, 0x54, 0x12, 0xF2, 0x7C, 0x4D,
    0xB0, 0xFB, 0x2F, 0x51, 0x42, 0x02, 0x14, 0x37, 0x9E, 0x71, 0x33, 0x84, 0x9F, 0x2E, 0xBC, 0x7F,
    0xF4, 0x92, 0xF9, 0xD1, 0x59, 0x2E, 0xFE, 0x23, 0xCF, 0x54, 0x1F, 0x1A, 0xD3, 0x1E, 0x7D, 0x66,
    0x27, 0xFB, 0x28, 0x39, 0xDC, 0x22, 0x74, 0x9A, 0xD3, 0xF0, 0x95, 0x80, 0x9C, 0xDF, 0xE9, 0xFA,
    0x28, 0x8E, 0x4E, 0xFA, 0x95, 0x39, 0x7E, 0x19, 0xF1, 0x96, 0x3C, 0x29, 0xC9, 0x29, 0x8D, 0xB7,
    0xAF, 0x76, 0xA9, 0x77, 0x18, 0xB0, 0x53, 0x44, 0xF8, 0xA0, 0xDA, 0x60, 0xF6, 0x35, 0x09, 0x71,
    0xC6, 0x29, 0x21, 0xDE, 0x52, 0x9C, 0x59, 0xD0, 0x8A, 0x73, 0x88, 0x73, 0xED, 0xA7, 0x5E, 0xDE,
    0x15, 0x0C, 0x71, 0x73, 0xDD, 0x54, 0xEF, 0x33, 0x6E, 0xC5, 0xE2, 0x2A, 0xFB, 0x2C, 0x7E, 0xC5,
    0xAA, 0x43, 0x9F, 0x7E, 0x98, 0xCA, 0x55, 0x83, 0x66, 0xB1, 0x6A, 0x54, 0x2F, 0xF6, 0xD2, 0x3A,
    0x94, 0xBE, 0xB2, 0x89, 0xD0, 0xAF, 0x71, 0x62, 0x0D, 0xD9, 0xD2, 0x6C, 0x8D, 0xC4, 0x08, 0x0E,
    0x7A, 0xA5, 0xBB, 0x0F, 0x18, 0xA0, 0x3E, 0xA4, 0xCA, 0x96, 0x0C, 0x1A, 0x3A, 0xF5, 0x98, 0x1A,
    0x53, 0x1F, 0x53, 0x01, 0x09, 0x87, 0x54, 0x67, 0xD0, 0xCA, 0xFB, 0xD0, 0x4A, 0x43, 0x01, 0x9E,
    0x35, 0x04, 0x80, 0x90, 0xB1, 0xA4, 0xA4, 0x3F, 0xA0, 0xFB, 0x36, 0xBB, 0x3F, 0xFF, 0xD3, 0x5B,
    0x0B, 0x01, 0xA9, 0x9E, 0xFC, 0x72, 0xB7, 0xDD, 0x06, 0x0C, 0x72, 0xFB, 0x5D, 0xBA, 0x2D, 0x2F,
    0x5B, 0x17, 0x03, 0xFB, 0x24, 0x62, 0x9A, 0x6F, 0xB3, 0xD7, 0x12, 0xBC, 0x15, 0xB2, 0x6A, 0x32,
    0x7F, 0x7E, 0x54, 0x6F, 0x12, 0x3F, 0x96, 0x94, 0xB6, 0x58, 0x86, 0xDC, 0xAB, 0x96, 0xC6, 0x69,
    0x11, 0x97, 0xDD, 0x4B, 0xD4, 0xF5, 0x73, 0x83, 0xA6, 0x74, 0x85, 0x31, 0xCC, 0x29, 0x24, 0x06,
    0xCE, 0xEF, 0x8E, 0x7F, 0xFB, 0x47, 0xC7, 0x8F, 0xAF, 0xDF, 0xFF, 0xD1, 0xF1, 0xFF, 0x00, 0x9C,
    0x94, 0x81, 0xC6, 0x24, 0x41, 0x0C, 0x84, 0x43, 0x00, 0x8A, 0xBC, 0x4A, 0x68, 0x80, 0xA5, 0x5F,
    0x3D, 0x04, 0x20, 0xCC, 0xAB, 0x84, 0x00, 0x2C, 0x73, 0x1D, 0xFF, 0x0E, 0x77, 0xDC, 0x8F, 0xEC,
    0x68, 0x4A, 0x59, 0x9F, 0x74, 0x27, 0x95, 0x8D, 0xF3, 0x11, 0x11, 0x1B, 0x11, 0x3D, 0xBA, 0xD9,
    0x2B, 0x63, 0x61, 0x4B, 0x49, 0x62, 0x41, 0xB1, 0xEA, 0xF9, 0xFD, 0x6F, 0x5D, 0xE7, 0xFB, 0x1F,
    0xAF, 0xFE, 0xE1, 0x63, 0xB5, 0xB6, 0xE7, 0x09, 0xBF, 0xC5, 0xA5, 0xF9, 0xA3, 0x77, 0x06, 0x63,
    0x83, 0x65, 0x54, 0xFF, 0x72, 0x79, 0x1F, 0x7E, 0x5D, 0xCD, 0x2F, 0xB4, 0x1F, 0xD5, 0x3F, 0x40,
    0xBC, 0x42, 0xB1, 0x62, 0x85, 0x86, 0xB6, 0x9F, 0xD5, 0x2F, 0x7E, 0x07, 0xD3, 0x3A, 0x9A, 0xC1,
    0xED, 0xEF, 0x09, 0x2F, 0x9E, 0x95, 0x60, 0x08, 0xFB, 0x6D, 0xD6, 0x7D, 0x18, 0xDE, 0xFF, 0xC3,
    0x6F, 0xF7, 0x3B, 0xE9, 0xF0, 0x97, 0x4F, 0xFB, 0x57, 0xE9, 0xA0, 0xED, 0xEC, 0xE9, 0xA4, 0xEA,
    0xE2, 0x13, 0x1E, 0xAB, 0x2A, 0xD4, 0x54, 0xD2, 0x56, 0x2B, 0xD4, 0x47, 0xBC, 0xAE, 0xAC, 0xD4,
    0x2E, 0x6C, 0x1E, 0x66, 0xCA, 0x34, 0xE3, 0x37, 0xB8, 0x9E, 0xDC, 0x24, 0x18, 0x2A, 0x55, 0x43,
    0x5E, 0xFE, 0xE5, 0x73, 0xC4, 0xD3, 0x1B, 0x6C, 0x8E, 0x1F, 0x8D, 0xA3, 0x0E, 0x9E, 0xCD, 0xBF,
    0x2A, 0x41, 0x10, 0xB6, 0x32, 0x5B, 0xD4, 0x7B, 0xF0, 0x3D, 0xAF, 0x38, 0xFC, 0xEC, 0xFD, 0x9C,
    0xBD, 0x77, 0xA4, 0x41, 0x95, 0x41, 0xD8, 0x3C, 0xED, 0x9F, 0xAE, 0x0C, 0xCD, 0xD6, 0x84, 0xAA,
    0xB2, 0xDD, 0x33, 0x7E, 0xD5, 0xE1, 0x71, 0xF8, 0x4A, 0x2C, 0x52, 0x1E, 0xBE, 0xBF, 0xF3, 0xCB,
    0x20, 0x61, 0x76, 0x73, 0xD2, 0xCD, 0xE2, 0xC3, 0xFE, 0xFD, 0xCC, 0x1D, 0x7C, 0xB7, 0xB6, 0x9F,
    0xF0, 0x80, 0xF9, 0xF5, 0x32, 0x43, 0x84, 0x07, 0xCA, 0xDA, 0xCF, 0xEE, 0x6F, 0xFD, 0x6E, 0x48,
    0xCF, 0xFD, 0x8B, 0xFF, 0xBF, 0xFD, 0xE1, 0xF7, 0xE5, 0x7D, 0x7F, 0xEC, 0x98, 0xF1, 0xE2, 0x76,
    0xB8, 0x45, 0x02, 0x2D, 0xEB, 0x39, 0xB0, 0xD7, 0x88, 0x17, 0xBF, 0x52, 0x01, 0xAC, 0x10, 0xD7,
    0xC0, 0xEB, 0xF8, 0x2F, 0xF2, 0x6B, 0x02, 0x72, 0x0B, 0xB2, 0x69, 0xFE, 0x1E, 0x5E, 0xD9, 0x3C,
    0x49, 0x4D, 0x2E, 0x1F, 0xEE, 0xEF, 0xED, 0x4E, 0x20, 0x4A, 0xB0, 0x01, 0xC4, 0x39, 0xDC, 0xDF,
    0x67, 0x7F, 0xDC, 0x39, 0x6D, 0x91, 0xC8, 0x2C, 0xFF, 0x07, 0x72, 0x47, 0x19, 0x67, 0xB8, 0x93,
    0x19, 0xD3, 0x2C, 0x3F, 0x5D, 0x2F, 0x63, 0xD1, 0xBE, 0x9C, 0x3F, 0x7B, 0xFC, 0x6B, 0x7D, 0x22,
    0x31, 0xDA, 0xF9, 0x39, 0x4F, 0x4C, 0xE8, 0xF5, 0x9C, 0xEC, 0xF3, 0xA7, 0x59, 0x33, 0x5A, 0x51,
    0x66, 0xD9, 0xA1, 0xF0, 0x82, 0xDC, 0x0A, 0x79, 0x15, 0x1F, 0xA0, 0x20, 0xAF, 0x1E, 0xF0, 0x76,
    0x83, 0xAF, 0x12, 0xF0, 0x36, 0xB0, 0x4E, 0x25, 0x55, 0x4E, 0xAB, 0xB3, 0x67, 0x1F, 0xCF, 0xF9,
    0x67, 0x83, 0x35, 0xC9, 0x57, 0xB6, 0x53, 0x9D, 0xAC, 0x0E, 0xE9, 0x1A, 0xD5, 0x91, 0x36, 0x6D,
    0xB3, 0x36, 0x2E, 0xF3, 0x32, 0x43, 0x0D, 0x5F, 0x41, 0xA5, 0xF2, 0xCF, 0x89, 0x80, 0xA9, 0x4B,
    0x9A, 0x4B, 0x98, 0xEB, 0x74, 0xF3, 0x80, 0xB9, 0x83, 0xE5, 0x52, 0x0E, 0x50, 0x4F, 0xE0, 0x5F,
    0x63, 0x7A, 0xC0, 0xE8, 0x50, 0x02, 0x38, 0x4F, 0x8F, 0x8E, 0x78, 0x38, 0xC0, 0x0A, 0x4C, 0xAF,
    0xB0, 0xB1, 0x91, 0xE2, 0x13, 0x00, 0xE4, 0x19, 0x7A, 0x87, 0x90, 0xB1, 0x50, 0xCA, 0xEF, 0xF0,
    0x8D, 0xD2, 0x08, 0x23, 0x4E, 0x08, 0xF3, 0x01, 0x37, 0x06, 0xE2, 0x36, 0x51, 0x5A, 0x31, 0x8C,
    0x0A, 0xCE, 0xE1, 0x0D, 0x0B, 0x21, 0xCC, 0x41, 0x10, 0x73, 0x6E, 0x24, 0xA0, 0x0B, 0xC7, 0x73,
    0xBD, 0xA4, 0x17, 0x1F, 0xE7, 0xEE, 0x50, 0xCE, 0xB4, 0x84, 0xBA, 0xDE, 0x81, 0x89, 0x51, 0x32,
    0xB2, 0x10, 0x13, 0xE2, 0x00, 0xB5, 0x70, 0xC5, 0x44, 0xDE, 0x61, 0x31, 0x9D, 0xF4, 0x05, 0x94,
    0x37, 0x48, 0x6E, 0x08, 0xB1, 0xA1, 0x85, 0xBE, 0xE6, 0xBC, 0x0F, 0x00, 0x8F, 0x47, 0x15, 0x2D,
    0x07, 0xC4, 0xB9, 0x7D, 0x40, 0x62, 0xD7, 0x8E, 0x2B, 0xB2, 0x32, 0x30, 0x2C, 0x11, 0x4A, 0xA4,
    0x10, 0x04, 0x9D, 0x6E, 0x6E, 0xA1, 0xB0, 0x54, 0x28, 0x4B, 0x78, 0xAC, 0xF5, 0xE6, 0x5D, 0xDA,
    0x0A, 0x32, 0xA6, 0xB3, 0xBD, 0x2A, 0x08, 0x68, 0x02, 0x03, 0x41, 0xC9, 0x69, 0x03, 0xB1, 0xAF,
    0x47, 0xF7, 0x65, 0x68, 0x76, 0x56, 0xF6, 0xE9, 0xE6, 0x5A, 0x81, 0xDC, 0x60, 0x29, 0x31, 0x90,
    0x86, 0x48, 0x09, 0x41, 0x46, 0x71, 0x84, 0x3A, 0xFE, 0x96, 0x12, 0x93, 0x6B, 0xE5, 0x3A, 0xCB,
    0x60, 0x21, 0xB1, 0xA2, 0x75, 0xFC, 0x9D, 0x6B, 0xE7, 0x6D, 0x0D, 0x15, 0x95, 0xA1, 0x97, 0x50,
    0x09, 0x93, 0x18, 0xEA, 0x65, 0xF6, 0x97, 0x31, 0x35, 0x02, 0x3D, 0xC8, 0x32, 0x88, 0xEB, 0x92,
    0x85, 0x44, 0x4A, 0x47, 0x7E, 0x38, 0xEC, 0xB9, 0x8E, 0x3B, 0x63, 0x4A, 0xF4, 0x05, 0xCF, 0xE1,
    0x07, 0x00, 0xE8, 0xCF, 0x30, 0x3A, 0xB7, 0xE1, 0xAD, 0x02, 0x29, 0xA3, 0x45, 0x67, 0x17, 0xC8,
    0x90, 0x8B, 0x51, 0x1C, 0x93, 0x59, 0xA4, 0xDF, 0x1F, 0x67, 0x71, 0xAF, 0xB1, 0xC9, 0x4B, 0xD8,
    0x35, 0xF5, 0x16, 0x1A, 0xBB, 0x40, 0xDD, 0xD8, 0x2E, 0xEC, 0xBC, 0xD1, 0x17, 0x5E, 0x9E, 0xD3,
    0x24, 0x61, 0x74, 0x53, 0x4F, 0x89, 0x40, 0x59, 0xC5, 0x69, 0xCD, 0x75, 0xA2, 0x04, 0xDE, 0xC1,
    0x4B, 0x39, 0xDE, 0x38, 0xE3, 0x18, 0xAF, 0xE7, 0x12, 0x4A, 0x57, 0x8D, 0x21, 0x71, 0xDE, 0x1B,
    0x93, 0xC3, 0x80, 0x5C, 0x0F, 0xCF, 0x86, 0x33, 0x19, 0xD3, 0xD6, 0xCA, 0xA1, 0x0F, 0xCB, 0x88,
    0x62, 0x1F, 0xC6, 0x34, 0x8D, 0x61, 0xDD, 0x17, 0x29, 0xA9, 0x69, 0x9E, 0xE8, 0x2E, 0xD6, 0x10,
    0x4E, 0xC0, 0xBC, 0x61, 0xFE, 0x00, 0x82, 0x0D, 0x80, 0x32, 0x91, 0x13, 0x75, 0xEE, 0x84, 0xE5,
    0x59, 0xF2, 0x96, 0x21, 0xBC, 0x74, 0x2D, 0x09, 0x01, 0x00, 0x2D, 0x8C, 0x2F, 0xE4, 0x17, 0xA2,
    0x00, 0xBD, 0xDF, 0xD5, 0xC2, 0x08, 0xE8, 0x82, 0x07, 0x8C, 0x17, 0x5F, 0xE0, 0x82, 0x14, 0x14,
    0x1B, 0x39, 0x61, 0x69, 0x85, 0x01, 0x68, 0x01, 0xD1, 0xC8, 0x42, 0x00, 0xD2, 0xF0, 0xC2, 0xC5,
    0x37, 0xB4, 0x21, 0x05, 0xC5, 0xC6, 0x68, 0x58, 0x61, 0x4C, 0x18, 0xE8, 0xF5, 0x63, 0x10, 0x28,
    0x2C, 0x90, 0x3E, 0x62, 0xCC, 0x59, 0x5C, 0x4A, 0x29, 0xB6, 0xE5, 0x36, 0xE9, 0xB2, 0x1F, 0x05,
    0xEE, 0x66, 0x95, 0x9B, 0xAB, 0x84, 0xB5, 0xA5, 0x7A, 0x5B, 0x85, 0xD7, 0xC0, 0xE3, 0x8D, 0xA5,
    0x18, 0xCF, 0x37, 0x8E, 0x21, 0xFF, 0xE9, 0x46, 0x8B, 0x52, 0x2E, 0xBE, 0xA5, 0x48, 0xAB, 0x51,
    0x1C, 0x9A, 0x46, 0x6B, 0x8A, 0x83, 0xB5, 0x36, 0xA1, 0x68, 0x71, 0xD0, 0xC9, 0x01, 0x4E, 0xA6,
    0xA4, 0x3A, 0x42, 0x93, 0x29, 0x3E, 0xB2, 0xEB, 0x34, 0xA9, 0x72, 0x89, 0x2A, 0x88, 0x14, 0x47,
    0x31, 0xC8, 0x8A, 0xB2, 0x08, 0xF5, 0x9D, 0xAE, 0xF8, 0x07, 0x4A, 0x34, 0x26, 0x87, 0xE5, 0x64,
    0x92, 0xEA, 0xB8, 0xB9, 0x31, 0xE5, 0xB2, 0x83, 0x8E, 0x8E, 0x95, 0x15, 0x45, 0xA2, 0xA8, 0x0E,
    0xC4, 0xFE, 0x65, 0x9E, 0x26, 0x25, 0x06, 0x14, 0xCA, 0x9C, 0xB4, 0x49, 0xA2, 0x0F, 0x4B, 0xC6,
    0xD0, 0xC0, 0x40, 0x75, 0x7C, 0xF7, 0x80, 0xAC, 0x5B, 0xDC, 0x01, 0x42, 0x51, 0x8F, 0x8B, 0x75,
    0xFE, 0x6A, 0x93, 0x36, 0x89, 0x94, 0x9B, 0x6B, 0x98, 0x5D, 0xDD, 0x42, 0xA9, 0xB8, 0x55, 0xDE,
    0x5D, 0x8D, 0xCE, 0x3E, 0x26, 0xC5, 0xA3, 0x78, 0x21, 0x03, 0x2A, 0xC5, 0xF1, 0x7A, 0xB1, 0xE5,
    0xC2, 0x6D, 0x48, 0xEC, 0xE1, 0x65, 0x32, 0x0D, 0xB0, 0xDD, 0x34, 0x7D, 0x67, 0x95, 0x11, 0x41,
    0xC9, 0x32, 0xD4, 0xCE, 0x24, 0x44, 0x2F, 0x2A, 0x7A, 0x33, 0x8A, 0x92, 0x45, 0x58, 0x53, 0x71,
    0x8C, 0x53, 0x73, 0x34, 0xAD, 0xC9, 0x82, 0x3C, 0x50, 0x9B, 0xA7, 0xE6, 0xA0, 0x4F, 0x9E, 0x9B,
    0x51, 0x14, 0x5F, 0xB4, 0x49, 0x45, 0xF1, 0x74, 0xFF, 0x6B, 0x3B, 0xC9, 0x66, 0xA0, 0xFB, 0x7F,
    0x53, 0xA3, 0x04, 0x68, 0xA2, 0xEF, 0x3E, 0x30, 0x84, 0xF4, 0xBF, 0x4D, 0xAF, 0x71, 0x3C, 0x3D,
    0x3E, 0x52, 0xF3, 0xCE, 0xEE, 0x13, 0xD2, 0xD4, 0x4B, 0xF4, 0xD3, 0xC5, 0x81, 0xF1, 0x81, 0x9A,
    0x85, 0x32, 0xA9, 0xBC, 0x4E, 0x9A, 0xB1, 0x72, 0x69, 0x7E, 0xA0, 0x4E, 0x6D, 0x11, 0xE6, 0xFC,
    0xA2, 0x6E, 0x59, 0x1F, 0xDF, 0x09, 0x11, 0x45, 0x7F, 0xE0, 0xAD, 0x88, 0xDD, 0xE6, 0x9F, 0xA3,
    0x99, 0x73, 0x74, 0xD2, 0x04, 0x3B, 0x6D, 0xC0, 0x6A, 0xB6, 0x68, 0x7D, 0x63, 0xCF, 0x49, 0xAF,
    0x59, 0x2A, 0xFD, 0x79, 0x09, 0xA8, 0xC2, 0xEB, 0x9E, 0x4D, 0xE8, 0xBD, 0x5C, 0x88, 0x04, 0x50,
    0xE1, 0xB3, 0x96, 0x0B, 0x7B, 0xFB, 0xAC, 0xA3, 0x9A, 0xA1, 0x3D, 0x5B, 0xCD, 0x0E, 0x64, 0xCD,
    0xB5, 0xAC, 0xD5, 0x9F, 0xF7, 0x1C, 0xBA, 0x54, 0x87, 0x01, 0x0C, 0xA8, 0xAF, 0x99, 0xCE, 0xD0,
    0x92, 0xEB, 0x2D, 0x73, 0xB2, 0x1F, 0x6B, 0xC2, 0x7A, 0xBD, 0x02, 0xF4, 0x49, 0xD9, 0x5B, 0x79,
    0x15, 0x45, 0xB3, 0x68, 0x93, 0x80, 0xC5, 0x41, 0xFA, 0xBB, 0x6C, 0x61, 0xF7, 0x22, 0xB2, 0x6B,
    0x43, 0xC6, 0xA4, 0xF2, 0x78, 0x33, 0xA8, 0x38, 0x42, 0x23, 0x0B, 0x3E, 0x8A, 0x31, 0x8E, 0xE7,
    0xDF, 0xDF, 0x91, 0x8D, 0x95, 0x41, 0xE8, 0x5A, 0x84, 0x2C, 0xFA, 0xA6, 0xE6, 0x9D, 0x28, 0xFA,
    0x9D, 0x96, 0x52, 0x0C, 0x2B, 0x92, 0xC5, 0x68, 0xB5, 0xAE, 0x0F, 0x3C, 0x35, 0x77, 0x97, 0x49,
    0x53, 0x9B, 0x06, 0x9D, 0xCC, 0xA2, 0x26, 0x38, 0x47, 0xE2, 0x8D, 0x1D, 0xF9, 0x03, 0x35, 0xFF,
    0xBC, 0x23, 0xE7, 0x64, 0xC2, 0x3E, 0x4E, 0xF3, 0x1B, 0x3B, 0xDD, 0x27, 0xA9, 0xD5, 0x8A, 0x1E,
    0x9D, 0x01, 0x20, 0xD6, 0x13, 0xE2, 0x5B, 0x65, 0x96, 0xC6, 0xED, 0xF8, 0x72, 0xCD, 0x67, 0xB7,
    0x78, 0x76, 0xFA, 0xE1, 0xAF, 0xA7, 0x4E, 0x27, 0x63, 0xDF, 0x5A, 0x72, 0x0F, 0xE0, 0x7D, 0x88,
    0xC0, 0xBF, 0x9F, 0xD7, 0xA6, 0xEF, 0xD8, 0x7A, 0x89, 0x6E, 0xA4, 0x81, 0xF1, 0xAF, 0xE7, 0x55,
    0x0C, 0x98, 0xB3, 0x7D, 0xB7, 0xC3, 0xBF, 0x9E, 0x93, 0x4D, 0xA5, 0xAF, 0x5F, 0x98, 0x17, 0x35,
    0xA0, 0xB9, 0x4D, 0x1E, 0x49, 0xD8, 0x62, 0x4C, 0x2A, 0x19, 0x8F, 0x54, 0x56, 0x96, 0xCD, 0x5C,
    0xEC, 0x9E, 0x8A, 0x22, 0x17, 0x7D, 0x52, 0xD8, 0xB1, 0x03, 0x56, 0x6B, 0xB7, 0x84, 0x2E, 0x79,
    0xCD, 0xC2, 0x5B, 0x4D, 0x7A, 0xA5, 0xD7, 0x24, 0xC4, 0xD7, 0xE8, 0xE4, 0xB1, 0xC4, 0xFB, 0xEE,
    0xD7, 0xAE, 0xCA, 0x9E, 0x06, 0xA0, 0x16, 0x8F, 0x93, 0x26, 0x02, 0x38, 0xAD, 0x69, 0x28, 0x7B,
    0x92, 0xFB, 0x24, 0x0E, 0x04, 0x78, 0x79, 0x9C, 0xEC, 0x86, 0x9E, 0xD8, 0x2D, 0xAE, 0xDF, 0x26,
    0x75, 0x48, 0xAE, 0x69, 0x97, 0x3C, 0x01, 0x66, 0x4F, 0xEF, 0xEF, 0xF9, 0xAD, 0x77, 0x92, 0xCC,
    0x5E, 0x42, 0x74, 0x3D, 0x7C, 0xDB, 0xAE, 0x5A, 0x51, 0xF3, 0x95, 0x15, 0x97, 0x8B, 0xCE, 0xE6,
    0x2A, 0xC6, 0x0B, 0x35, 0x8B, 0x2F, 0x51, 0x35, 0xA4, 0x12, 0xEE, 0x36, 0x4F, 0xE0, 0xFD, 0x3D,
    0xFF, 0x93, 0x34, 0xBF, 0xBF, 0xE7, 0x7F, 0x92, 0x66, 0x7A, 0xEC, 0xF6, 0xDE, 0xDD, 0x7D, 0x34,
    0xF7, 0xE7, 0xA9, 0xFD, 0xF9, 0x2F, 0xD4, 0xE7, 0xA9, 0x3D, 0x95, 0x19, 0xA6, 0xD1, 0xA7, 0x75,
    0x5A, 0xCD, 0xDE, 0xB0, 0x3A, 0x45, 0xC9, 0x34, 0x02, 0x15, 0x6F, 0x3F, 0x62, 0xE7, 0xB0, 0xE8,
    0x75, 0x2D, 0x74, 0x9F, 0x0B, 0xD8, 0x8A, 0x57, 0x43, 0x5F, 0xDE, 0x71, 0x08, 0xE3, 0xB8, 0x60,
    0x59, 0x5A, 0x5A, 0x97, 0xB6, 0xB4, 0x53, 0xC7, 0x19, 0x7D, 0x91, 0x71, 0x50, 0xDC, 0xE6, 0x2C,
    0xE0, 0xA4, 0xF6, 0x05, 0x8F, 0xA2, 0x8F, 0x4E, 0x1A, 0x07, 0x2F, 0xAE, 0x39, 0xD9, 0x17, 0x7C,
    0xED, 0x0B, 0x5E, 0x55, 0xCD, 0x87, 0x0B, 0x66, 0x4E, 0x88, 0xA3, 0xF8, 0x4D, 0xE3, 0xFB, 0x1B,
    0x90, 0x31, 0x61, 0x29, 0x5D, 0xDD, 0xA2, 0xB8, 0x10, 0x9B, 0x0A, 0x5D, 0xCC, 0x3B, 0xC7, 0xA6,
    0x2D, 0x06, 0x10, 0x4F, 0xEC, 0x00, 0xAF, 0x54, 0x1C, 0x1C, 0xAD, 0x26, 0x27, 0x53, 0xE2, 0xF1,
    0x33, 0xE5, 0x1E, 0x12, 0x45, 0x6D, 0x5A, 0x93, 0xC7, 0xD3, 0xE2, 0x1F, 0xA9, 0x39, 0x5F, 0xDF,
    0xBA, 0x99, 0xFA, 0x64, 0x2F, 0x9D, 0x9E, 0x1F, 0xA8, 0x79, 0x20, 0x26, 0x29, 0x79, 0xE7, 0x7E,
    0x06, 0xF8, 0xC8, 0x0A, 0x77, 0x3D, 0xAD, 0xC0, 0x89, 0xD6, 0xAB, 0x5E, 0x40, 0x8F, 0xE3, 0xDB,
    0xA1, 0x38, 0xBE, 0x1D, 0x92, 0xFD, 0xED, 0x50, 0x23, 0x00, 0x8A, 0x4F, 0x5C, 0x9E, 0xBE, 0x1D,
    0xB2, 0x78, 0x02, 0xFD, 0x1B, 0x84, 0xF8, 0xFB, 0x6F, 0x87, 0xBA, 0x40, 0x90, 0xE7, 0x35, 0xBA,
    0x40, 0xEF, 0xBD, 0x64, 0x42, 0x56, 0x11, 0x61, 0xF1, 0x04, 0x86, 0x24, 0xE8, 0x5A, 0xB0, 0x98,
    0x60, 0x08, 0xC9, 0x6F, 0xD9, 0x5A, 0xE3, 0x91, 0xF2, 0xE8, 0xAF, 0x98, 0xAC, 0xE0, 0x9B, 0xB2,
    0x18, 0x45, 0x0D, 0x8D, 0xA6, 0x17, 0x0D, 0x93, 0x37, 0x6F, 0xB6, 0x6A, 0xCF, 0xA6, 0x2D, 0x7A,
    0x51, 0x27, 0x89, 0xEF, 0x34, 0x47, 0xE9, 0x47, 0x91, 0xC5, 0x0E, 0x9F, 0xEC, 0xF0, 0xC0, 0x17,
    0x7D, 0x62, 0x58, 0x31, 0x0D, 0xC5, 0x7C, 0x79, 0x4B, 0xCC, 0xF2, 0x96, 0xB3, 0x9F, 0x18, 0x78,
    0x1A, 0x7A, 0x09, 0xF0, 0x16, 0x92, 0x16, 0xA5, 0xBE, 0x14, 0x95, 0x36, 0x96, 0xA3, 0xFC, 0xEB,
    0xE7, 0x4C, 0xC9, 0x30, 0x9A, 0x5B, 0x1A, 0x24, 0xC6, 0x4F, 0xEF, 0x0C, 0x7E, 0x31, 0x7E, 0x1E,
    0x2F, 0x93, 0x4D, 0x1D, 0x29, 0x8E, 0x40, 0xFC, 0x5A, 0x7C, 0xF3, 0x01, 0x46, 0x4A, 0x30, 0xC4,
    0xCD, 0x7F, 0x25, 0xE6, 0x40, 0x80, 0x92, 0xED, 0x03, 0xF1, 0xBB, 0x75, 0xB8, 0x38, 0x54, 0xB6,
    0x5F, 0xBD, 0x9F, 0x43, 0xFE, 0x59, 0x6C, 0xC9, 0xA4, 0xC3, 0x8C, 0x1E, 0x48, 0xA5, 0x84, 0x84,
    0xE6, 0xF4, 0x49, 0x8D, 0x8E, 0xE7, 0xE6, 0x1A, 0x04, 0xDD, 0x18, 0xC5, 0x5C, 0xFD, 0x59, 0xA4,
    0x0B, 0x28, 0x74, 0x85, 0xE9, 0x35, 0x06, 0x2C, 0x95, 0x01, 0x89, 0xAF, 0x5B, 0xD3, 0xE8, 0xF8,
    0xFA, 0x22, 0x5D, 0xFB, 0xAC, 0x72, 0xE2, 0xD1, 0x4F, 0xD3, 0x07, 0xCC, 0xA3, 0x97, 0x4B, 0x1E,
    0x5F, 0xC9, 0xAF, 0x9B, 0x10, 0x38, 0x2B, 0x30, 0x74, 0x1F, 0x77, 0xFE, 0xFD, 0x82, 0x04, 0x79,
    0x34, 0xB4, 0x26, 0x48, 0x49, 0xD3, 0x30, 0x75, 0x9A, 0xA7, 0x49, 0xCC, 0xA9, 0x44, 0x77, 0x16,
    0x62, 0x98, 0x87, 0xD1, 0x3B, 0x83, 0x6E, 0x29, 0x3B, 0x63, 0x1D, 0x2A, 0x8E, 0x51, 0x99, 0x48,
    0x48, 0x1A, 0x34, 0xA6, 0x77, 0x21, 0x13, 0x26, 0x01, 0x9A, 0x83, 0xF1, 0xB3, 0xF8, 0x9F, 0xDB,
    0xF6, 0x8F, 0x63, 0xBF, 0xB4, 0xD7, 0xEF, 0xC4, 0x34, 0x98, 0x5B, 0xF4, 0x6E, 0xA3, 0x80, 0x24,
    0x53, 0x77, 0x1B, 0xAD, 0x1F, 0x82, 0x27, 0x0E, 0x06, 0xDD, 0x00, 0xB9, 0xFF, 0x27, 0x05, 0xEB,
    0xE1, 0x7E, 0x01, 0x94, 0x60, 0x42, 0x63, 0x9B, 0xF9, 0x61, 0x04, 0x78, 0x02, 0x07, 0xBA, 0x75,
    0x60, 0x40, 0x39, 0x5D, 0xE8, 0x7A, 0x09, 0x43, 0x0C, 0x0C, 0xE0, 0x7F, 0x0E, 0x32, 0xC4, 0xA9,
    0x31, 0x6D, 0x88, 0xFF, 0x1F, 0xA7, 0xE3, 0x54, 0x25, 0x00, 0x61, 0x57, 0x42, 0x4B, 0x4D, 0x76,
    0xE5, 0x10, 0xE6, 0x10, 0x06, 0x8C, 0x5D, 0x65, 0x09, 0x49, 0x9D, 0x6E, 0xE5, 0xAE, 0xED, 0xEC,
    0x9B, 0xC1, 0xCA, 0x7D, 0xFA, 0x0A, 0x73, 0x89, 0xFD, 0x47, 0x23, 0x14, 0x96, 0x86, 0xB4, 0x44,
    0x68, 0x60, 0x8F, 0x8A, 0xC2, 0xB4, 0x94, 0x49, 0xBD, 0x5D, 0x52, 0x53, 0x76, 0x8D, 0x9F, 0x2A,
    0x7D, 0x54, 0x1B, 0x1C, 0xD3, 0x2B, 0xC7, 0xAE, 0x99, 0x4F, 0x8F, 0x0A, 0x54, 0x07, 0xAF, 0xEF,
    0x60, 0x01, 0xD3, 0x28, 0xB5, 0xAF, 0x7A, 0xF9, 0xA3, 0xDE, 0x84, 0xD0, 0xB1, 0x83, 0x71, 0xB7,
    0x6B, 0xAC, 0xC3, 0xF1, 0x4B, 0xB1, 0x75, 0x8B, 0xEE, 0x1D, 0x21, 0xA1, 0x3E, 0xA0, 0xD0, 0x5F,
    0x89, 0x2D, 0x29, 0x0E, 0xA5, 0x3A, 0x4C, 0x09, 0x8C, 0xAE, 0xCB, 0x63, 0xE4, 0x0E, 0x8D, 0x8A,
    0x8D, 0x0A, 0x0E, 0x2D, 0x58, 0xC3, 0x35, 0xC1, 0x8D, 0xA8, 0xA0, 0x0D, 0x2F, 0xA0, 0xB3, 0x74,
    0x9A, 0x95, 0xE7, 0xF5, 0xB3, 0xA0, 0xDF, 0x11, 0x1F, 0x15, 0x38, 0x0F, 0xFC, 0xD7, 0xFF, 0x1B,
    0x38, 0xC6, 0x3F, 0x9C, 0x1B, 0xCB, 0xC5, 0xEF, 0xE2, 0x50, 0xB2, 0xC2, 0x26, 0x6F, 0x69, 0x71,
    0x49, 0xBB, 0x5C, 0x93, 0x17, 0x4D, 0x5E, 0x35, 0x38, 0x2C, 0x78, 0x36, 0x67, 0xD8, 0xDA, 0x27,
    0x2E, 0xB1, 0x3F, 0xBA, 0x47, 0x5F, 0xE5, 0xB9, 0xFC, 0x8D, 0x97, 0x10, 0x92, 0x92, 0x9C, 0xAE,
    0xF1, 0xAD, 0xA3, 0x77, 0x57, 0xD3, 0x0D, 0x74, 0x0A, 0x41, 0xED, 0x7D, 0x64, 0x30, 0xD8, 0xBF,
    0xFB, 0xF9, 0xE5, 0xC3, 0x9F, 0xC7, 0xFE, 0x79, 0x0F, 0xFE, 0xF3, 0xD8, 0x2F, 0x7B, 0xF0, 0xAF,
    0xC4, 0x7C, 0xE3, 0x75, 0xF6, 0x1A, 0xEA, 0x03, 0xC2, 0xC7, 0xFF, 0xDA, 0xEA, 0x5D, 0xA7, 0x70,
    0x2A, 0x8C, 0xC2, 0xB9, 0x10, 0x15, 0xC4, 0x5F, 0x5F, 0x26, 0x77, 0xE0, 0x8D, 0x28, 0xF8, 0xC6,
    0xA8, 0x3C, 0xCC, 0x42, 0xEC, 0x7D, 0x61, 0xEB, 0x51, 0xB6, 0x28, 0x3C, 0x42, 0xF2, 0x05, 0x74,
    0xE8, 0xAD, 0xB0, 0xDF, 0xCC, 0x4F, 0xC4, 0x84, 0xF9, 0x17, 0xE6, 0xB4, 0xC0, 0x05, 0x02, 0x29,
    0xB9, 0x20, 0x69, 0x01, 0x21, 0x77, 0x38, 0x6D, 0xC4, 0x13, 0xAC, 0x40, 0xE2, 0xE7, 0x9B, 0xB2,
    0x6A, 0xD3, 0xA5, 0xB1, 0x76, 0x2B, 0x05, 0x5D, 0x16, 0x8D, 0xD1, 0x45, 0xD1, 0x08, 0x48, 0xBE,
    0x7C, 0x80, 0x9B, 0xDB, 0x63, 0xBA, 0xB7, 0x0F, 0x5D, 0x85, 0xE0, 0xDE, 0x0F, 0xFF, 0x03, 0xD5,
    0x9B, 0x4D, 0x6E, 0xEB, 0xC0, 0x8F, 0xC4, 0x0B, 0xE0, 0xD6, 0x00, 0xAF, 0x92, 0x03, 0x34, 0xC0,
    0xAB, 0x13, 0xF0, 0x76, 0x80, 0x5C, 0x85, 0x80, 0xB7, 0x04, 0x6A, 0x86, 0x6C, 0xB5, 0x25, 0xC5,
    0x99, 0xBC, 0xE4, 0xF9, 0xFF, 0x26, 0x1E, 0x49, 0xFC, 0x11, 0x91, 0x12, 0x8B, 0x55, 0xFA, 0xEA,
    0x6E, 0x39, 0x10, 0x32, 0xB0, 0x71, 0x4D, 0x97, 0xE6, 0x68, 0x5A, 0x93, 0x05, 0x39, 0x50, 0x9B,
    0x97, 0xE6, 0xA0, 0x03, 0x78, 0x6B, 0x46, 0x51, 0x7C, 0xD2, 0x1C, 0x50, 0x14, 0x2F, 0xB0, 0x00,
    0xAC, 0xF7, 0xC2, 0x66, 0xD4, 0x1A, 0xF1, 0x8D, 0x1A, 0x50, 0x40, 0x13, 0x06, 0x58, 0x82, 0x21,
    0xA4, 0x0B, 0x3B, 0xCF, 0xC2, 0xF4, 0x1A, 0xE0, 0x2D, 0x24, 0x2D, 0x34, 0x34, 0xCC, 0xD5, 0xCD,
    0xCD, 0x59, 0x81, 0x8A, 0xFB, 0xFC, 0x46, 0xC9, 0x30, 0x9A, 0x5B, 0x1A, 0x24, 0x4A, 0x46, 0x20,
    0xEE, 0x4C, 0x29, 0x5A, 0x57, 0x2B, 0x89, 0xD7, 0x53, 0xBD, 0xE6, 0x50, 0x07, 0x09, 0x68, 0xE0,
    0x49, 0x07, 0x7E, 0x5D, 0x9D, 0xB0, 0xD4, 0x29, 0xE9, 0xAB, 0x84, 0x8D, 0x9D, 0x2C, 0x8B, 0x1A,
    0x7F, 0xA9, 0x91, 0x06, 0xC9, 0x01, 0x04, 0xB6, 0x08, 0x80, 0x81, 0xAE, 0x11, 0xD0, 0xA6, 0x35,
    0x0F, 0xC7, 0x5C, 0xBD, 0x89, 0x7D, 0x52, 0x86, 0xB7, 0x10, 0x87, 0x12, 0xD6, 0x2A, 0xB4, 0xFF,
    0x46, 0xDB, 0x1F, 0x85, 0xB2, 0x44, 0x6B, 0x16, 0x67, 0xCD, 0x16, 0x3B, 0xE9, 0xDF, 0xA5, 0x05,
    0xF0, 0xB6, 0x4C, 0x22, 0x0C, 0x00, 0xD9, 0xEA, 0x89, 0x55, 0x5B, 0x15, 0x4C, 0xEF, 0x62, 0xD5,
    0xF7, 0x42, 0x85, 0x80, 0xD1, 0x25, 0xCD, 0x35, 0x2A, 0x14, 0xB6, 0x7E, 0x1B, 0xC7, 0xB8, 0x80,
    0x18, 0x30, 0x0F, 0x18, 0x7D, 0xD3, 0x2C, 0x51, 0xD4, 0xDC, 0x3D, 0x4F, 0xEB, 0xD5, 0x5A, 0x74,
    0xF1, 0xD7, 0xF3, 0x42, 0x62, 0x16, 0x6C, 0xD9, 0xC5, 0x4A, 0xE8, 0x2A, 0xF4, 0x59, 0x2F, 0xBC,
    0xA8, 0xB1, 0x53, 0x1C, 0x2F, 0xA8, 0xDF, 0xBB, 0xBC, 0x0E, 0x71, 0x3C, 0xAB, 0x7B, 0x99, 0x17,
    0xEA, 0xEB, 0xE8, 0x9F, 0xAA, 0xD7, 0x17, 0xF4, 0xA0, 0x4B, 0x0E, 0xF5, 0x2E, 0xD7, 0x72, 0xFE,
    0xBA, 0x3E, 0xEF, 0xC5, 0x7A, 0x1E, 0x0C, 0x29, 0x9A, 0xFA, 0xDD, 0x74, 0x5D, 0x57, 0xCB, 0x9A,
    0x48, 0x46, 0x6F, 0x64, 0xEF, 0xD1, 0xBC, 0xA8, 0x01, 0xCD, 0x6D, 0x91, 0x49, 0xC2, 0x26, 0xE3,
    0x23, 0x39, 0xE9, 0x1B, 0x35, 0x27, 0x85, 0x65, 0xAB, 0x10, 0x1B, 0xE9, 0x4D, 0x28, 0xB7, 0x8F,
    0xB4, 0xAA, 0x57, 0xB8, 0x4A, 0x40, 0x29, 0xB7, 0xD6, 0xED, 0xED, 0x9D, 0x9D, 0x13, 0xAC, 0x12,
    0xA1, 0x38, 0xA6, 0x01, 0xE8, 0x2D, 0x11, 0x00, 0x99, 0x52, 0x35, 0xB4, 0x42, 0x0D, 0xA9, 0x64,
    0x5B, 0x72, 0x0D, 0x00, 0xDC, 0x12, 0x56, 0xF2, 0x4E, 0x76, 0x4A, 0x1C, 0x98, 0x37, 0xFE, 0x4E,
    0xBD, 0x52, 0x52, 0x4F, 0x56, 0xF9, 0x57, 0x56, 0x7D, 0x6E, 0x98, 0x92, 0x71, 0xA4, 0x4E, 0xAB,
    0xCE, 0x86, 0xED, 0x56, 0xED, 0x86, 0x09, 0xFB, 0xB3, 0x03, 0x46, 0xD0, 0x8F, 0x56, 0xB5, 0x53,
    0x45, 0xD8, 0xE2, 0xE9, 0xF1, 0xA7, 0x24, 0xA7, 0xA4, 0x69, 0x51, 0x3B, 0x84, 0x36, 0x68, 0xF9,
    0x63, 0x93, 0x6D, 0x0B, 0x27, 0xB1, 0xD1, 0x8B, 0x76, 0x20, 0xC7, 0xB2, 0xA5, 0x5D, 0x59, 0xA6,
    0x3C, 0x36, 0xB1, 0xAC, 0x6B, 0x14, 0xBA, 0x16, 0x21, 0x93, 0xBE, 0x51, 0x73, 0x11, 0x45, 0x5F,
    0xB4, 0x94, 0x62, 0x58, 0x91, 0x2C, 0x86, 0xA1, 0xCB, 0x3A, 0xF0, 0xD2, 0xDC, 0xAE, 0x0D, 0x69,
    0x6A, 0xD3, 0xA0, 0x04, 0xB2, 0xA8, 0x09, 0xB2, 0xA4, 0x2A, 0xE9, 0x15, 0x58, 0xE7, 0x3D, 0x09,
    0x49, 0x83, 0x86, 0x41, 0xBD, 0x74, 0x25, 0x4C, 0x02, 0x25, 0x87, 0xF1, 0xA7, 0x1B, 0xCB, 0x62,
    0xB4, 0xF3, 0xE4, 0xBA, 0xB9, 0xBE, 0x9C, 0x6A, 0x68, 0x2D, 0x6E, 0xC2, 0x84, 0xF9, 0xA6, 0x9D,
    0x94, 0x34, 0x0D, 0x53, 0xA7, 0x79, 0x9A, 0x04, 0xCD, 0x19, 0x60, 0x2B, 0x26, 0x86, 0x79, 0xF4,
    0xAD, 0xE6, 0xEB, 0xA7, 0xC7, 0x0B, 0xC9, 0x84, 0x02, 0xE6, 0xB5, 0x28, 0x7E, 0xAC, 0xF1, 0x97,
    0x55, 0x8C, 0x5D, 0x45, 0x5B, 0xBB, 0x78, 0x3D, 0x5C, 0xD3, 0xFC, 0xA9, 0x28, 0xF1, 0x5E, 0xAE,
    0x2E, 0x74, 0xF0, 0x27, 0x4F, 0x80, 0x57, 0x3A, 0x75, 0xC5, 0x4D, 0x22, 0xC1, 0x00, 0x1D, 0xF6,
    0xF3, 0x23, 0x0B, 0xE4, 0xB9, 0xCD, 0xBF, 0xB4, 0xA7, 0x14, 0x03, 0xBB, 0x6C, 0x65, 0xBE, 0x01,
    0x0C, 0x46, 0x17, 0x31, 0xDB, 0xF7, 0xBD, 0x5F, 0xF1, 0xFE, 0x7B, 0xD7, 0x66, 0xFB, 0xF5, 0x55,
    0x1B, 0x40, 0x99, 0x74, 0x80, 0x7E, 0x20, 0xE8, 0xE7, 0xC7, 0x64, 0x42, 0xE7, 0x52, 0x3F, 0xEE,
    0x8F, 0x92, 0x59, 0xE1, 0xFA, 0x38, 0x29, 0xE8, 0x35, 0x6A, 0x55, 0x00, 0x63, 0xEB, 0x49, 0x6C,
    0x1B, 0x8C, 0x6D, 0x4B, 0x01, 0x06, 0x69, 0xE4, 0x44, 0x6E, 0xB7, 0x75, 0x32, 0xB6, 0x52, 0x2B,
    0x24, 0x0A, 0xF4, 0x02, 0x01, 0xB0, 0x8B, 0x6A, 0x63, 0x2D, 0x90, 0x90, 0x0D, 0x53, 0xBD, 0x5B,
    0x6D, 0xFD, 0xF3, 0xFD, 0xEE, 0xD5, 0xEC, 0x6B, 0x97, 0x1A, 0x56, 0xAA, 0xB5, 0xB6, 0x80, 0xF8,
    0x15, 0xE7, 0xBE, 0xBE, 0x79, 0xBE, 0x8E, 0x67, 0x18, 0x05, 0xDE, 0x31, 0x7E, 0xC9, 0xAE, 0x57,
    0x31, 0x64, 0x4D, 0xD6, 0xA4, 0x7F, 0xA4, 0x35, 0x15, 0x3B, 0x47, 0xF3, 0x78, 0x84, 0x3B, 0xE9,
    0x7D, 0x5B, 0x2C, 0x48, 0x16, 0x78, 0x02, 0xF2, 0x97, 0x0C, 0x87, 0x3A, 0x76, 0xFB, 0xC0, 0x4E,
    0x12, 0x39, 0x37, 0x8D, 0x4E, 0xD0, 0x83, 0x21, 0x4C, 0x63, 0xD5, 0xE0, 0xD2, 0xBB, 0xA8, 0xE5,
    0x63, 0xCA, 0x5A, 0x56, 0x6A, 0x87, 0xF7, 0x14, 0xD0, 0xE9, 0x31, 0xF7, 0x64, 0x01, 0xAB, 0xE4,
    0xB5, 0xAC, 0x44, 0x07, 0x1F, 0x13, 0xF0, 0xB0, 0x3B, 0x65, 0x2D, 0x20, 0xC3, 0xFA, 0x33, 0x7D,
    0x8A, 0x61, 0xB4, 0x0C, 0xF5, 0xB1, 0x0B, 0x50, 0x87, 0x76, 0xD5, 0x8F, 0xBD, 0xA6, 0x59, 0xB8,
    0x86, 0xA4, 0xA5, 0xE4, 0x2D, 0x95, 0x92, 0x9A, 0x15, 0x1A, 0x35, 0x5B, 0x85, 0xDF, 0xE7, 0x2B,
    0x41, 0x25, 0x38, 0x08, 0x06, 0x61, 0xFE, 0x63, 0x63, 0xD8, 0x53, 0xFE, 0xDF, 0x19, 0x03, 0xAB,
    0xE0, 0xFD, 0x31, 0x58, 0x90, 0xDC, 0xD0, 0xA5, 0x74, 0x21, 0x28, 0x9D, 0xD0, 0x60, 0x40, 0x6F,
    0xEF, 0x01, 0x4B, 0xAD, 0x2A, 0x1A, 0x5D, 0x81, 0x39, 0xD8, 0x00, 0x71, 0xC7, 0x45, 0x52, 0x72,
    0x14, 0xE2, 0x7F, 0x40, 0x2F, 0x81, 0x55, 0xF1, 0x00, 0x23, 0x25, 0x18, 0xE2, 0xE6, 0xA8, 0x69,
    0x33, 0x69, 0x0B, 0xDC, 0x43, 0xF3, 0x1C, 0x16, 0xE7, 0xA0, 0xEF, 0x71, 0xFE, 0xD3, 0xA5, 0x12,
    0x1A, 0x6A, 0x59, 0x73, 0x68, 0xF4, 0xAE, 0x5C, 0xE9, 0x20, 0xE6, 0x22, 0xB9, 0x2F, 0xED, 0xB6,
    0xEB, 0xCD, 0x67, 0x6B, 0x43, 0x66, 0x6F, 0xB1, 0xE3, 0x1F, 0xD7, 0x48, 0x26, 0x99, 0x3F, 0xAE,
    0x2E, 0xB6, 0x39, 0x65, 0xEF, 0x86, 0xFC, 0xE3, 0x4A, 0x03, 0x11, 0x88, 0x94, 0xBD, 0x25, 0x05,
    0xC2, 0x78, 0x2E, 0x73, 0x2D, 0xE6, 0xB0, 0x2B, 0xEC, 0x1D, 0x96, 0xB0, 0x80, 0xFA, 0x3F, 0x2D,
    0x4D, 0x1C, 0x33, 0xAE, 0xF3, 0xE3, 0x31, 0x1F, 0xFB, 0xEC, 0x79, 0xA0, 0x27, 0x49, 0xAE, 0x4B,
    0xD7, 0xE7, 0x4C, 0xF0, 0xC2, 0xC1, 0xA0, 0x1B, 0x46, 0xCD, 0xC3, 0x52, 0xDB, 0x5B, 0x48, 0xCE,
    0x40, 0xFC, 0x73, 0x5B, 0xBF, 0xAE, 0xAB, 0xF7, 0xBC, 0xF6, 0x7E, 0x0E, 0x7C, 0x1A, 0x9A, 0x2B,
    0x7F, 0x1E, 0x16, 0x2B, 0x7F, 0x1E, 0xF4, 0x95, 0x1F, 0x62, 0x29, 0xD8, 0x33, 0x2A, 0x2B, 0xA6,
    0x1A, 0xBB, 0x4E, 0x45, 0x76, 0xCD, 0xE9, 0x99, 0xCC, 0xAC, 0x8C, 0xCE, 0xC2, 0xE2, 0x80, 0x38,
    0x08, 0x8D, 0x1D, 0x73, 0xDD, 0x79, 0x92, 0x84, 0x39, 0x53, 0xE9, 0xFB, 0x6F, 0x36, 0xCC, 0x25,
    0x3F, 0x62, 0x6E, 0xBA, 0x14, 0x46, 0x21, 0x0A, 0x6E, 0xB1, 0x86, 0x84, 0x76, 0x10, 0xC0, 0x5B,
    0x21, 0x13, 0x00, 0x63, 0xAD, 0x87, 0xC4, 0xEA, 0xF8, 0x58, 0x21, 0xAD, 0x56, 0xE9, 0x69, 0x60,
    0x78, 0x0D, 0x83, 0x2D, 0xE4, 0x23, 0x2C, 0x1E, 0x41, 0x7F, 0x80, 0x10, 0x8F, 0x48, 0x60, 0x14,
    0xA8, 0x8D, 0x00, 0xB2, 0x60, 0xF4, 0xD5, 0x23, 0x43, 0xEE, 0x67, 0x8E, 0xA9, 0x23, 0xC5, 0xF7,
    0xFE, 0x8A, 0x39, 0x94, 0x1F, 0x1E, 0x61, 0x79, 0x0E, 0x8D, 0x73, 0x58, 0x85, 0xEF, 0xC1, 0xF6,
    0xA6, 0xAD, 0x61, 0x6F, 0x5A, 0x8F, 0x77, 0x08, 0xFD, 0xD8, 0xE9, 0xD3, 0xFE, 0xBC, 0xD1, 0x75,
    0x45, 0x71, 0x0E, 0xD4, 0x2A, 0x8A, 0x03, 0x80, 0xDD, 0xA2, 0xC8, 0xC9, 0xEC, 0x35, 0x45, 0x5E,
    0x79, 0xE0, 0xB1, 0x0D, 0xC6, 0x43, 0x1B, 0xCC, 0xF6, 0x66, 0x58, 0x2D, 0x64, 0xAC, 0x31, 0x9A,
    0xFD, 0x8D, 0x46, 0x9C, 0x79, 0x6E, 0x4B, 0x37, 0x1F, 0x9B, 0x61, 0xBA, 0x6E, 0x0E, 0x4B, 0x33,
    0x4E, 0x76, 0x21, 0x95, 0x48, 0x09, 0x49, 0x75, 0x49, 0x85, 0xE4, 0x80, 0x44, 0x40, 0x6F, 0xD3,
    0x5A, 0x65, 0x40, 0xEB, 0x01, 0x78, 0xCD, 0x8A, 0x8B, 0x1D, 0x9F, 0xF6, 0xAB, 0x34, 0x8B, 0x15,
    0x6B, 0xD8, 0x7A, 0x86, 0x6E, 0xA5, 0xC4, 0xD3, 0xFB, 0x59, 0x4F, 0x68, 0x68, 0x61, 0xAD, 0xDA,
    0x24, 0x62, 0x19, 0x2E, 0x8F, 0xE7, 0xD9, 0xE7, 0x67, 0x6C, 0x7E, 0xFB, 0x8C, 0x95, 0x82, 0x16,
    0x4C, 0x39, 0x55, 0x68, 0x6E, 0xA3, 0x14, 0x6B, 0x4C, 0xD3, 0x1C, 0xB9, 0x4A, 0x51, 0xD7, 0xD9,
    0xF6, 0xB1, 0x2F, 0x9E, 0x6A, 0xB5, 0x58, 0xC0, 0x7C, 0x5B, 0x78, 0x01, 0xC7, 0xEA, 0xDD, 0xFF,
    0x92, 0x98, 0x9E, 0x3E, 0x6B, 0x93, 0x37, 0xC6, 0x1D, 0x71, 0x6A, 0xD3, 0x3F, 0x2F, 0x77, 0x9D,
    0x44, 0x16, 0xDB, 0xA2, 0x01, 0xF1, 0x5A, 0xB4, 0xF7, 0x18, 0xCB, 0x8F, 0x75, 0x22, 0xCF, 0x8E,
    0xCB, 0x63, 0xD6, 0x98, 0x7E, 0x88, 0x9F, 0xB3, 0x62, 0xE6, 0xB1, 0x59, 0x15, 0x9B, 0x47, 0x78,
    0xCC, 0xF4, 0x2F, 0x73, 0x5B, 0xB8, 0x65, 0x9D, 0xB9, 0xEB, 0x6F, 0x2F, 0x67, 0xD6, 0xCA, 0x77,
    0x47, 0xD5, 0xDB, 0x1F, 0x0B, 0x29, 0xC0, 0x0A, 0x84, 0x16, 0xC4, 0x1B, 0x65, 0x51, 0xDF, 0x56,
    0x0A, 0x51, 0x28, 0x21, 0x27, 0x58, 0xC3, 0x4F, 0xE0, 0xA5, 0x30, 0x0A, 0xB1, 0xEA, 0xB3, 0xFD,
    0x3A, 0x40, 0x3B, 0xD5, 0x09, 0x8F, 0x49, 0xF3, 0x7F, 0x4F, 0xB6, 0xA5, 0xF8, 0x98, 0xD4, 0xD7,
    0x43, 0xF2, 0x31, 0xA9, 0xB7, 0x33, 0xCB, 0x98, 0x4E, 0xB6, 0x6C, 0x59, 0xAE, 0xB4, 0x29, 0x8F,
    0xBD, 0x8F, 0x3F, 0xDF, 0xBA, 0xD5, 0x35, 0x6C, 0xCE, 0x5E, 0xA1, 0x6E, 0xDE, 0x0E, 0xB4, 0x01,
    0x5C, 0x4F, 0xEF, 0x6F, 0xDF, 0x04, 0x46, 0x21, 0x01, 0xE3, 0x7A, 0xD0, 0xB0, 0xAB, 0x5C, 0x3F,
    0x8D, 0x1F, 0x5D, 0x37, 0x12, 0x60, 0xC0, 0x3E, 0x9C, 0xE0, 0x55, 0x9B, 0xB0, 0x0F, 0x3B, 0xC1,
    0x75, 0x9F, 0xD0, 0x98, 0xCB, 0x43, 0x23, 0x11, 0x40, 0x36, 0xE5, 0x7C, 0x30, 0x8E, 0x9B, 0x10,
    0x33, 0xAD, 0xC3, 0x24, 0x8C, 0x76, 0x98, 0xBE, 0xFC, 0x16, 0xFA, 0x4A, 0xA5, 0xD1, 0xE2, 0x98,
    0xE6, 0x43, 0xEB, 0x32, 0xD3, 0x50, 0x76, 0x92, 0x95, 0xC4, 0x81, 0x00, 0xAF, 0xC7, 0x64, 0x37,
    0x74, 0xE2, 0xBC, 0x94, 0x1E, 0x92, 0x7A, 0x95, 0xBB, 0x92, 0x45, 0x17, 0xCA, 0xEC, 0xF4, 0xD5,
    0x0B, 0x6D, 0x49, 0x0D, 0xA6, 0xA5, 0x04, 0x53, 0x6F, 0xD7, 0xD9, 0xBF, 0x8C, 0x7D, 0x36, 0x37,
    0x3F, 0x35, 0x0A, 0x8F, 0x4F, 0x82, 0xD7, 0x17, 0x0E, 0x3C, 0x0E, 0x28, 0x7C, 0x48, 0x3A, 0x93,
    0xF8, 0x31, 0x69, 0x13, 0x63, 0xA6, 0x78, 0xDA, 0xA9, 0x9F, 0x3C, 0x9B, 0xD7, 0x90, 0xAA, 0x22,
    0x3B, 0x5D, 0xE3, 0xF1, 0x1E, 0x82, 0xFC, 0x7F, 0x73, 0xFE, 0x7D, 0xF1, 0x02, 0xF9, 0x49, 0x57,
    0x7F, 0xDE, 0x0E, 0xD3, 0x30, 0x0F, 0x61, 0x30, 0xCA, 0xD7, 0xA2, 0xBD, 0x6B, 0x31, 0x9A, 0x6E,
    0x7E, 0x26, 0x41, 0x9C, 0x28, 0x29, 0xF9, 0xD6, 0x8C, 0x22, 0x5B, 0x2E, 0x5F, 0xE7, 0x10, 0xEC,
    0xC9, 0xA2, 0x13, 0x73, 0xDD, 0xC6, 0x4E, 0x69, 0x79, 0x34, 0x93, 0xBE, 0x7B, 0x27, 0xAE, 0xDF,
    0xF8, 0xE9, 0x71, 0x59, 0xC1, 0x8A, 0xF3, 0x23, 0xE4, 0x9A, 0x90, 0x5B, 0xEC, 0x5D, 0xE2, 0xC7,
    0x77, 0xB1, 0x73, 0x1B, 0xC8, 0xC4, 0xE6, 0xA6, 0x9E, 0xEF, 0xDE, 0x16, 0xD2, 0xD4, 0xFC, 0x48,
    0x0B, 0x80, 0x93, 0xCE, 0xC9, 0x56, 0xFF, 0x81, 0x9A, 0xCD, 0xF3, 0xA7, 0x6A, 0x48, 0xDE, 0x0B,
    0xB1, 0xDC, 0x4A, 0x5B, 0x85, 0x4D, 0x0F, 0xEB, 0x77, 0x24, 0x24, 0xB6, 0x51, 0xB8, 0x0A, 0xD7,
    0xE4, 0x8C, 0x20, 0x2C, 0x36, 0xED, 0x30, 0x10, 0x56, 0x5A, 0xE9, 0x5F, 0x7F, 0xDD, 0xED, 0xD5,
    0x54, 0x7F, 0x3A, 0x8E, 0xF3, 0xBC, 0x03, 0xEA, 0x79, 0xA7, 0x49, 0xDC, 0x39, 0xA4, 0xB6, 0xA6,
    0x16, 0x43, 0x5F, 0xD0, 0x0D, 0xF5, 0xEC, 0x30, 0x89, 0x8E, 0x21, 0xDE, 0xE5, 0x86, 0xFE, 0x27,
    0x5C, 0x21, 0x5B, 0x22, 0x85, 0x21, 0xD9, 0x4A, 0x1D, 0x09, 0x8D, 0xCA, 0x5D, 0x5A, 0x67, 0xF6,
    0x5E, 0x42, 0x66, 0x76, 0xCD, 0xCA, 0x6F, 0x58, 0xD9, 0x12, 0x4A, 0xCC, 0xE6, 0x79, 0xEA, 0xCC,
    0x64, 0x80, 0xFD, 0xB3, 0x57, 0xB6, 0x10, 0x07, 0xFD, 0x98, 0x31, 0x33, 0x2A, 0xD7, 0x02, 0xB7,
    0xCE, 0xB2, 0x65, 0x75, 0x8D, 0xAA, 0xD2, 0xE6, 0x8D, 0xAD, 0x75, 0xB2, 0x26, 0x40, 0xDB, 0x41,
    0xD3, 0xF7, 0x6B, 0x20, 0x85, 0x53, 0xB9, 0x84, 0x96, 0x7E, 0x37, 0xD7, 0xC9, 0xD6, 0xAC, 0x0C,
    0x6C, 0x4D, 0x4C, 0x98, 0x17, 0xD5, 0x05, 0xBD, 0x05, 0x06, 0x8B, 0x01, 0xBB, 0x72, 0xF6, 0xB4,
    0xF9, 0xA3, 0xAF, 0x07, 0xDA, 0xBA, 0x6F, 0xB0, 0x28, 0x87, 0xE3, 0xFA, 0x48, 0x79, 0x38, 0x61,
    0x18, 0xFD, 0x09, 0x00, 0xF8, 0x9E, 0xCD, 0x87, 0x51, 0x80, 0xC7, 0xF7, 0x31, 0x8B, 0xFB, 0x0B,
    0xE0, 0x50, 0xFA, 0x57, 0xAD, 0x29, 0x50, 0xDC, 0xB8, 0xCE, 0x09, 0x86, 0xF0, 0xEA, 0xC2, 0xA9,
    0x49, 0x2B, 0x62, 0x0F, 0xF3, 0x3D, 0xE8, 0xAF, 0xA4, 0xF0, 0xC9, 0x17, 0x4D, 0xCF, 0xFA, 0xB0,
    0x7F, 0xEB, 0x70, 0xC5, 0x3E, 0x0E, 0x1A, 0xA7, 0xE6, 0xD2, 0x0F, 0xBE, 0x40, 0xF0, 0x3A, 0xEE,
    0x7E, 0xD1, 0x1A, 0x7A, 0xD2, 0x37, 0x39, 0xF7, 0x52, 0xB9, 0x56, 0xED, 0x23, 0x9B, 0x4A, 0x77,
    0x90, 0x37, 0x6F, 0xED, 0x92, 0x30, 0x68, 0x40, 0xA1, 0x39, 0x71, 0x99, 0xEE, 0x09, 0xA3, 0xD0,
    0x42, 0xD9, 0xDE, 0xF9, 0x1A, 0x43, 0x6D, 0x58, 0x4E, 0x87, 0xBD, 0x0A, 0x8B, 0x85, 0x79, 0x23,
    0x6B, 0xD5, 0x24, 0x1D, 0x37, 0x26, 0xF0, 0xF9, 0xB8, 0x0C, 0xFF, 0x4B, 0x6E, 0xA9, 0x3E, 0x34,
    0x86, 0xC6, 0x65, 0xDE, 0xD7, 0x84, 0xDB, 0x9D, 0xCA, 0x2D, 0x42, 0x23, 0xD4, 0x69, 0x78, 0xCF,
    0xE3, 0x38, 0x88, 0x72, 0x1D, 0xE5, 0x9C, 0x0D, 0xA4, 0xF8, 0x3D, 0x5D, 0xEA, 0xBD, 0x22, 0x24,
    0x5A, 0x08, 0xF4, 0x87, 0xBA, 0x7E, 0xA5, 0x68, 0x59, 0x97, 0x6C, 0xAD, 0xDF, 0x9C, 0xF5, 0x01,
    0x20, 0x0A, 0x16, 0x3F, 0x95, 0xF0, 0x06, 0xC4, 0xD6, 0xE8, 0xBC, 0x88, 0xAB, 0xB8, 0x70, 0x1B,
    0xAE, 0x8E, 0x3E, 0x4A, 0x76, 0x1A, 0x11, 0x5B, 0x27, 0xF9, 0xB7, 0x0F, 0x9A, 0x30, 0x96, 0x6A,
    0xA5, 0xF7, 0xC7, 0x7C, 0x5B, 0x6B, 0x20, 0x86, 0x84, 0xE9, 0xE1, 0x85, 0x15, 0xD6, 0xB9, 0x77,
    0x6D, 0x81, 0xDE, 0x02, 0x03, 0xD2, 0x1A, 0x41, 0xC0, 0xDC, 0xCD, 0x43, 0xFD, 0x2E, 0x50, 0x49,
    0xA6, 0x06, 0xAF, 0xA9, 0xA0, 0xA7, 0x81, 0x1E, 0x43, 0x88, 0x86, 0xBF, 0x15, 0x20, 0xDF, 0x1D,
    0x89, 0xFF, 0x6A, 0x10, 0xBE, 0xE5, 0xF1, 0xBB, 0xC7, 0x48, 0xFA, 0x17, 0x0C, 0x98, 0x17, 0x16,
    0x9D, 0xF4, 0xD3, 0x6B, 0xAF, 0xB5, 0x10, 0x1F, 0x86, 0xF7, 0xD6, 0x9F, 0x06, 0x90, 0xF0, 0x81,
    0x18, 0xB0, 0xF5, 0x25, 0x1E, 0x45, 0x6E, 0xBD, 0x4D, 0xA1, 0x7F, 0xF8, 0x0E, 0xC0, 0xAF, 0x38,
    0x01, 0xA8, 0x1F, 0xFE, 0x50, 0x0A, 0xDA, 0x12, 0x21, 0x8E, 0x84, 0xB8, 0x26, 0xB4, 0xF4, 0x0F,
    0x90, 0x1E, 0x0F, 0x63, 0x75, 0xFE, 0x08, 0xE2, 0x8B, 0x01, 0xBB, 0xBF, 0x55, 0xA9, 0x24, 0xFD,
    0xAF, 0x55, 0x56, 0x31, 0x63, 0x5A, 0x2D, 0xEB, 0x0D, 0x18, 0x21, 0xE4, 0xC3, 0xAB, 0x91, 0x0A,
    0x92, 0xB9, 0xFA, 0x56, 0xB3, 0x2F, 0x1A, 0xEB, 0x65, 0xDC, 0x1A, 0x98, 0x17, 0x07, 0x94, 0xEA,
    0xDB, 0x00, 0x19, 0x86, 0xE4, 0x71, 0x60, 0xDE, 0x52, 0xE8, 0xD0, 0x28, 0xF6, 0x15, 0xBB, 0x51,
    0xA1, 0x93, 0xB9, 0x38, 0x36, 0xDA, 0x64, 0x00, 0x71, 0x62, 0x7F, 0xC0, 0x47, 0x2A, 0x76, 0x8E,
    0x96, 0x93, 0x80, 0x65, 0x49, 0x53, 0x4E, 0x2B, 0x12, 0x45, 0x84, 0xF0, 0x1A, 0x7A, 0xA5, 0x6B,
    0x8B, 0xEB, 0xD2, 0x93, 0xDD, 0xD1, 0x7C, 0xE8, 0x6C, 0x56, 0xB8, 0x39, 0xDD, 0xB6, 0x4E, 0x26,
    0x85, 0x17, 0xAA, 0x0D, 0xE6, 0xDC, 0x36, 0x1F, 0xCF, 0xCD, 0x97, 0xD3, 0xAA, 0xA4, 0x57, 0x3C,
    0xAD, 0x51, 0xA1, 0xC0, 0xA2, 0x1B, 0xD6, 0x83, 0x01, 0xE6, 0xAF, 0xA7, 0xFA, 0xB3, 0xFF, 0xA3,
    0x7A, 0xD6, 0x81, 0x53, 0xA3, 0x54, 0x22, 0x8A, 0x7E, 0xE0, 0x2D, 0x0E, 0xCD, 0x54, 0xBC, 0x9C,
    0x27, 0xFB, 0x20, 0x60, 0x0E, 0x20, 0xB6, 0xC8, 0xBD, 0x11, 0xF8, 0xBC, 0x3F, 0xA9, 0x8E, 0x8D,
    0x12, 0x86, 0x3B, 0x7D, 0xEC, 0xBD, 0x72, 0xC4, 0x0B, 0x3A, 0xB3, 0x3A, 0xDC, 0xA9, 0xDE, 0x11,
    0xDA, 0xA5, 0x8B, 0x8F, 0xA7, 0x5D, 0x79, 0xA5, 0xE3, 0x8F, 0x03, 0xB5, 0xC9, 0x29, 0xEF, 0x6F,
    0x35, 0x92, 0x61, 0xEF, 0xD6, 0x7B, 0x9D, 0x51, 0xBB, 0xCF, 0x75, 0xB5, 0xE5, 0xE9, 0x5D, 0xD3,
    0x4C, 0xA6, 0xDE, 0x9B, 0xA4, 0x53, 0x20, 0xB0, 0x26, 0xF2, 0x4A, 0x2A, 0x95, 0x2D, 0x40, 0xB3,
    0x52, 0xCC, 0xE4, 0x9D, 0xC4, 0xA5, 0x13, 0x84, 0x60, 0xE8, 0x9E, 0xE4, 0x3D, 0x2E, 0x33, 0x0D,
    0x08, 0x55, 0xE3, 0xAD, 0x53, 0x06, 0xC0, 0xA1, 0xE9, 0x9D, 0x58, 0xE9, 0xAD, 0x8B, 0x61, 0xCC,
    0xE4, 0x2B, 0x65, 0x25, 0xAC, 0x14, 0x2D, 0x66, 0x25, 0x47, 0x37, 0x35, 0xFD, 0xE3, 0xCB, 0x77,
    0x16, 0x25, 0xB2, 0x57, 0x8F, 0xF3, 0xD7, 0x02, 0xA5, 0x4A, 0x06, 0x43, 0xDC, 0x5C, 0x37, 0xAA,
    0xAB, 0x4B, 0x5A, 0x28, 0x8A, 0x03, 0x92, 0xB7, 0xE6, 0x7B, 0x44, 0x55, 0x7B, 0xF3, 0xC5, 0x54,
    0x02, 0x12, 0x9A, 0xCD, 0x00, 0xC4, 0xD5, 0x9B, 0xC0, 0x77, 0x3A, 0x24, 0xA4, 0x33, 0x2D, 0xA1,
    0xA1, 0x09, 0x75, 0xDD, 0xDF, 0x2B, 0x72, 0x22, 0x00, 0x8A, 0x03, 0xBC, 0x16, 0xDE, 0x01, 0x30,
    0xFF, 0xE6, 0x7B, 0x1B, 0x5A, 0x20, 0x63, 0xDD, 0xEF, 0x58, 0x12, 0xBC, 0x5B, 0x71, 0x86, 0x98,
    0xED, 0xBA, 0xE9, 0x8E, 0xD0, 0x09, 0xEB, 0xB0, 0xAA, 0x0B, 0x1A, 0x17, 0x68, 0x0C, 0xD4, 0xA1,
    0xD2, 0x32, 0x20, 0x1C, 0xD2, 0x16, 0x60, 0x46, 0x6E, 0xD1, 0xF2, 0x3B, 0x86, 0xCE, 0x3A, 0x19,
    0x73, 0x6F, 0x18, 0x53, 0x48, 0x6E, 0x18, 0x4B, 0xFF, 0x1F, 0x4D, 0x88, 0x4D, 0xBA, 0x95, 0x74,
    0xCB, 0xBF, 0x13, 0x0C, 0x2B, 0xEC, 0x9B, 0x02, 0xAB, 0xAC, 0xBD, 0x04, 0x12, 0x0C, 0x4D, 0xF4,
    0x0D, 0xE0, 0x3E, 0x2E, 0x26, 0xED, 0x12, 0x94, 0xA7, 0xD7, 0xF6, 0x5C, 0x25, 0xFC, 0x71, 0xE3,
    0x5B, 0x6D, 0x0C, 0x4D, 0x48, 0x94, 0x40, 0x67, 0x94, 0xBD, 0xE4, 0xD7, 0xA3, 0x43, 0x6B, 0x7C,
    0x59, 0x49, 0xBF, 0x1C, 0x5F, 0xF9, 0x88, 0xE3, 0xB3, 0x1F, 0x2D, 0x04, 0xA4, 0x7A, 0xF2, 0xDD,
    0xDD, 0xE6, 0x21, 0x59, 0x5D, 0x03, 0x5F, 0xD0, 0x5F, 0xD4, 0x7A, 0xFE, 0xE7, 0xC8, 0xFF, 0x94,
    0xC6, 0x3F, 0x77, 0x47, 0xCE, 0x92, 0xFD, 0x33, 0xC9, 0xBB, 0xA0, 0x5D, 0x0B, 0x96, 0x83, 0x71,
    0x58, 0xFF, 0x26, 0xBB, 0xBC, 0x28, 0x79, 0x8E, 0x4D, 0x9E, 0x42, 0x21, 0x6E, 0x90, 0xC8, 0x0F,
    0x6F, 0xB6, 0xF1, 0x99, 0xD4, 0xDE, 0xB8, 0x5A, 0xF1, 0x9F, 0xFE, 0x98, 0x07, 0xA9, 0x3A, 0xA5,
    0x6E, 0x53, 0x08, 0x6A, 0xB6, 0xE6, 0x9A, 0x6B, 0xFA, 0x6F, 0xD5, 0x99, 0xDD, 0xAA, 0xDB, 0x4C,
    0xAC, 0x86, 0x1F, 0xD0, 0x69, 0x40, 0xB7, 0x62, 0xE8, 0xA9, 0x41, 0xB7, 0x2E, 0xC8, 0x69, 0x61,
    0xDD, 0x8A, 0x20, 0xA7, 0x82, 0x77, 0x7B, 0xEC, 0x49, 0xE2, 0xAC, 0x7C, 0x64, 0xD3, 0x5D, 0xCA,
    0x6E, 0x47, 0xA3, 0xE7, 0x85, 0xF9, 0x8B, 0xAD, 0x35, 0x9D, 0x1F, 0x17, 0x4C, 0xE9, 0x09, 0x52,
    0x47, 0x61, 0x8D, 0x36, 0xF1, 0x22, 0xB4, 0x79, 0x12, 0x5F, 0x85, 0x20, 0x6E, 0x69, 0x87, 0x78,
    0x43, 0x88, 0x5D, 0xFA, 0x90, 0x1A, 0x19, 0x4D, 0x49, 0x34, 0x25, 0x31, 0xF1, 0x2E, 0xDE, 0x87,
    0x14, 0x44, 0x8E, 0x3C, 0x5C, 0x80, 0x97, 0x35, 0x60, 0x52, 0x01, 0x44, 0x0F, 0x62, 0xA2, 0x09,
    0xBF, 0xC9, 0xDA, 0x36, 0x94, 0x49, 0xA3, 0xA1, 0x62, 0xC3, 0x1A, 0xE9, 0xBD, 0x6A, 0x43, 0x6D,
    0xB8, 0xA5, 0x08, 0xB1, 0x21, 0x07, 0x20, 0x10, 0xC4, 0xB5, 0xC1, 0x94, 0x10, 0xEA, 0xCD, 0xCB,
    0x94, 0xB8, 0x7A, 0x88, 0x7D, 0x6D, 0xC2, 0x5D, 0xDC, 0xDA, 0x87, 0x50, 0xDE, 0x0F, 0x59, 0x2D,
    0x77, 0x71, 0x62, 0xC8, 0x4A, 0x14, 0x14, 0xDF, 0x44, 0x89, 0x25, 0xEF, 0xE2, 0x9C, 0x65, 0x05,
    0xA2, 0xE8, 0x21, 0x6D, 0x05, 0xB8, 0x94, 0x00, 0xEA, 0x41, 0x6B, 0xEB, 0x56, 0x1F, 0x6F, 0x38,
    0xE0, 0xB7, 0x81, 0xDA, 0xB1, 0x46, 0xC6, 0x8E, 0xAC, 0x48, 0x5D, 0x33, 0xD0, 0x17, 0x42, 0x20,
    0xD3, 0x05, 0x79, 0xAC, 0xA8, 0xA3, 0x18, 0x4D, 0xE0, 0x07, 0x17, 0x80, 0x35, 0x7E, 0xD8, 0x6E,
    0x97, 0xCD, 0x96, 0x61, 0x6B, 0x30, 0xD3, 0x68, 0xB3, 0x6E, 0xF8, 0x11, 0xE7, 0x16, 0xE7, 0x7A,
    0xBB, 0x18, 0x86, 0xBF, 0xD4, 0x7B, 0x70, 0x4A, 0x4B, 0x2C, 0x76, 0xB2, 0xEB, 0x72, 0x8D, 0x95,
    0x67, 0x1A, 0x65, 0x2C, 0x7E, 0x6E, 0x13, 0x57, 0x2E, 0x14, 0x00, 0xAC, 0x76, 0xB1, 0x0B, 0x17,
    0xDF, 0xF8, 0x30, 0x9D, 0xEA, 0x61, 0xF9, 0x1A, 0x63, 0xAE, 0x9B, 0xFD, 0xD8, 0x6C, 0xB9, 0x6D,
    0xF6, 0xF3, 0x3C, 0xFE, 0x56, 0x9B, 0xEB, 0xD7, 0xAC, 0x1F, 0x2D, 0x36, 0xB3, 0x67, 0x7F, 0xC3,
    0xE0, 0x87, 0xAF, 0x7B, 0xF9, 0xB4, 0x59, 0x5F, 0x03, 0xAC, 0x36, 0x18, 0x9E, 0x80, 0x8B, 0xC1,
    0x1E, 0xB4, 0xE2, 0x99, 0x2E, 0x3B, 0xD7, 0x9D, 0xB1, 0x53, 0x03, 0x76, 0xA2, 0xEF, 0xBC, 0xEC,
    0x5C, 0x95, 0xC0, 0xB2, 0xB3, 0x06, 0x2D, 0x0F, 0x46, 0x82, 0x33, 0x78, 0x21, 0x0A, 0x42, 0x2A,
    0xD0, 0xCE, 0x22, 0x0A, 0xCB, 0x49, 0x2F, 0x1C, 0xBC, 0x09, 0x88, 0x46, 0x65, 0x52, 0x52, 0x14,
    0xAB, 0x15, 0xE1, 0x89, 0x0B, 0xBC, 0x9F, 0x0F, 0xEA, 0xD7, 0x42, 0xB7, 0xB2, 0x8E, 0xF2, 0xCD,
    0x22, 0x3D, 0x63, 0x33, 0x0D, 0x67, 0xF8, 0xC3, 0x16, 0x59, 0x57, 0x28, 0x32, 0x3A, 0xB0, 0x5A,
    0xF9, 0x38, 0x6E, 0xA8, 0x31, 0xE5, 0x74, 0x1E, 0xEE, 0xFD, 0xEA, 0x51, 0xAF, 0xAE, 0x3C, 0xFB,
    0x6B, 0x57, 0x81, 0x54, 0x6C, 0xB6, 0x5A, 0x85, 0xA7, 0x0B, 0xEF, 0xFB, 0x2F, 0x8A, 0x10, 0xD6,
    0x33, 0x7B, 0x3D, 0x73, 0x24, 0x71, 0x25, 0xBE, 0x88, 0x26, 0x0A, 0x4F, 0x7E, 0xE5, 0xAF, 0x68,
    0x4A, 0x40, 0x6A, 0xB0, 0x46, 0xCC, 0x11, 0x8F, 0x2C, 0x88, 0xB2, 0x9D, 0xDE, 0xDF, 0x19, 0x05,
    0x3A, 0x98, 0x3A, 0x98, 0x98, 0xF8, 0x46, 0xEF, 0xC1, 0x6F, 0xA3, 0x7A, 0x59, 0x3F, 0x96, 0xB4,
    0x68, 0xF8, 0x1C, 0x6D, 0x13, 0xC4, 0xE8, 0x63, 0x65, 0x1B, 0x7D, 0xF3, 0x18, 0x9E, 0xDE, 0x3A,
    0xBC, 0x44, 0x0C, 0xCF, 0xCD, 0x09, 0x36, 0x5E, 0xFB, 0x78, 0x37, 0xC7, 0x01, 0xCB, 0x18, 0xAC,
    0x06, 0x50, 0xED, 0xCC, 0xC1, 0xE0, 0x9E, 0x42, 0x4D, 0xB4, 0x29, 0xF1, 0x1A, 0xB4, 0x34, 0x31,
    0xE9, 0xF8, 0xC1, 0xBE, 0x73, 0x9D, 0x8C, 0x83, 0x05, 0xF5, 0xC2, 0x7D, 0x80, 0xEF, 0x74, 0x9E,
    0x5C, 0xE7, 0xA2, 0x37, 0xD7, 0xBC, 0xB9, 0xE4, 0xA9, 0x01, 0x4B, 0x4B, 0xCA, 0x93, 0x0E, 0x88,
    0x39, 0x8B, 0x3C, 0xB9, 0x2F, 0x86, 0xDA, 0xDC, 0x6B, 0xF8, 0xD3, 0x22, 0x63, 0xF3, 0x39, 0xB7,
    0x51, 0x0A, 0x21, 0xD3, 0x45, 0x1E, 0xAB, 0xFA, 0xA8, 0x3B, 0x02, 0x3E, 0x39, 0xD3, 0x4A, 0x01,
    0xB2, 0x9E, 0xBC, 0x97, 0xF0, 0x37, 0xC6, 0x45, 0xAA, 0xE1, 0x8F, 0x07, 0x97, 0xF5, 0xF0, 0xF9,
    0xC8, 0xBF, 0x16, 0x1F, 0x13, 0x72, 0x5D, 0xB4, 0x6E, 0x56, 0xDA, 0xEB, 0xB8, 0x47, 0x39, 0x76,
    0x6A, 0xD0, 0x9A, 0x47, 0xB1, 0xC3, 0x3F, 0x19, 0x37, 0xD8, 0x4B, 0xEE, 0x4B, 0x10, 0x58, 0x81,
    0x25, 0x7F, 0x2C, 0x8E, 0x96, 0x96, 0x40, 0xF9, 0x60, 0x07, 0x40, 0xF4, 0xCE, 0x9A, 0xD1, 0xFC,
    0xE7, 0xE2, 0xF8, 0x61, 0x8D, 0xFA, 0x83, 0x71, 0xAC, 0x63, 0x88, 0x9D, 0xE2, 0x31, 0x35, 0x67,
    0x05, 0xF5, 0x8F, 0xC6, 0x71, 0x40, 0xC3, 0x13, 0xBC, 0x66, 0xC1, 0xFA, 0xE7, 0xE2, 0x18, 0x69,
    0x6A, 0xB7, 0x5E, 0xD1, 0x82, 0x40, 0xB8, 0xAC, 0xE5, 0xD9, 0xB1, 0x89, 0x55, 0x7B, 0x75, 0xA4,
    0x44, 0x14, 0x20, 0xF5, 0x9D, 0x33, 0x39, 0x2B, 0x10, 0xA9, 0xC9, 0x7B, 0x09, 0xFC, 0x7D, 0xC7,
    0xA1, 0xCF, 0x8B, 0x24, 0xBF, 0x7F, 0x2C, 0x7A, 0xDF, 0x44, 0x60, 0xCE, 0xD3, 0x27, 0xA9, 0xBF,
    0x3C, 0x32, 0x96, 0xE0, 0x75, 0xB8, 0xE5, 0xEF, 0x47, 0x65, 0xCE, 0xF0, 0xBB, 0x9E, 0x52, 0x48,
    0x12, 0x60, 0x6A, 0x86, 0xBA, 0x8A, 0x18, 0x1A, 0xC5, 0x0A, 0xAC, 0x53, 0x5B, 0x39, 0xD4, 0x4A,
    0xC9, 0x72, 0xBC, 0xF4, 0x05, 0xF0, 0xA9, 0x61, 0xCA, 0xBD, 0xB9, 0x89, 0x06, 0xCA, 0xA4, 0x06,
    0xDB, 0x74, 0xFE, 0xFB, 0x6A, 0x86, 0xE2, 0xBB, 0xC6, 0xD0, 0x84, 0x1E, 0x0A, 0x56, 0x44, 0xC1,
    0x32, 0xB5, 0x3C, 0x87, 0x5A, 0x05, 0xA8, 0xF0, 0x3C, 0x54, 0xA9, 0x72, 0x49, 0xFA, 0xAF, 0xA3,
    0x82, 0x75, 0x2B, 0x89, 0x50, 0x16, 0xED, 0xB2, 0xB2, 0xF2, 0xDE, 0x7C, 0xA3, 0x57, 0x0C, 0xCD,
    0x48, 0x2F, 0xA1, 0x0C, 0xD5, 0x60, 0x83, 0x88, 0x1C, 0x54, 0x1A, 0x32, 0xA5, 0x13, 0xFE, 0x55,
    0x2B, 0xD1, 0xAE, 0xC2, 0xCA, 0x94, 0x80, 0xAB, 0x17, 0x40, 0xA5, 0x02, 0xD7, 0x7D, 0xAB, 0xB2,
    0xC7, 0x15, 0xD2, 0x04, 0x24, 0x3E, 0xA5, 0x01, 0x88, 0x29, 0x75, 0x16, 0xE5, 0x5D, 0x5C, 0x3D,
    0x64, 0xF8, 0x59, 0x1E, 0xE7, 0xEE, 0xA8, 0xBB, 0x84, 0x24, 0x3F, 0x02, 0xE5, 0x8F, 0x35, 0x40,
    0x43, 0x5C, 0x82, 0xC7, 0x3D, 0x79, 0x46, 0x08, 0x11, 0xD8, 0x8E, 0x3E, 0xD0, 0x98, 0xBC, 0x41,
    0xAA, 0xF9, 0x58, 0x33, 0xE6, 0xB3, 0xAB, 0x49, 0xC0, 0x0C, 0x6B, 0x12, 0x44, 0x21, 0x49, 0xD5,
    0x58, 0x21, 0xBC, 0x98, 0xE7, 0xB3, 0xE6, 0x57, 0x4E, 0xEF, 0x33, 0x70, 0x2A, 0xD5, 0x11, 0xB6,
    0x19, 0xB5, 0xC7, 0xEA, 0x4E, 0xFA, 0xC1, 0xFE, 0xB6, 0x07, 0x4F, 0x2A, 0x9F, 0xC1, 0x3A, 0x82,
    0x74, 0xE2, 0x0C, 0x54, 0xD4, 0x9D, 0x8D, 0x1F, 0x59, 0x44, 0xCD, 0x18, 0xCD, 0x10, 0xAD, 0x9B,
    0xE1, 0x34, 0xF8, 0xB5, 0x1E, 0x6F, 0xCD, 0x8C, 0x04, 0x7F, 0x2A, 0x88, 0x8D, 0x15, 0xBF, 0x19,
    0xC4, 0x50, 0x87, 0x30, 0xA5, 0xD5, 0x46, 0x2C, 0x07, 0x1D, 0xAC, 0x59, 0xC1, 0x9B, 0x1A, 0x3C,
    0xD6, 0x0B, 0x67, 0x70, 0x05, 0xE2, 0x56, 0x83, 0x3A, 0xD8, 0x7B, 0xC9, 0xA0, 0xAE, 0x3A, 0xF3,
    0x14, 0x47, 0x9D, 0xE2, 0x18, 0xA7, 0x50, 0xBA, 0x90, 0x4A, 0x4A, 0xC7, 0xB1, 0x0C, 0xAC, 0x1A,
    0x54, 0xA0, 0x84, 0xE0, 0x48, 0x9E, 0x98, 0x72, 0x96, 0xCD, 0x72, 0x9D, 0xBC, 0x5D, 0xB4, 0x95,
    0xB5, 0xE7, 0xE6, 0x58, 0xAF, 0x58, 0x15, 0x7E, 0x4B, 0x5C, 0xC3, 0x0B, 0xFF, 0x2A, 0xE2, 0xDA,
    0xC3, 0x2F, 0x81, 0x56, 0xA1, 0x12, 0x91, 0x7F, 0xD1, 0x25, 0xD0, 0xF2, 0xC4, 0x6B, 0x0E, 0x6A,
    0x10, 0xFD, 0x5F, 0xAF, 0x81, 0x5F, 0xF3, 0x1A, 0x58, 0x4C, 0x2F, 0x50, 0x41, 0x24, 0xEF, 0x6B,
    0xDC, 0xBF, 0x12, 0x89, 0xC7, 0x4E, 0xF6, 0x07, 0xA2, 0x72, 0x59, 0x2C, 0xE7, 0x62, 0xB1, 0x90,
    0x86, 0x15, 0x97, 0x61, 0xCB, 0xEA, 0xC5, 0x4C, 0xF7, 0x36, 0xFE, 0xBD, 0xCD, 0xC5, 0xEB, 0xE3,
    0x21, 0x99, 0x18, 0x65, 0x09, 0xE2, 0xE1, 0xD6, 0xAF, 0xEE, 0xF5, 0xEA, 0x31, 0x3C, 0x9F, 0x2E,
    0x58, 0x04, 0xDD, 0xA0, 0x59, 0x35, 0xD3, 0xE7, 0xCF, 0x7A, 0xC0, 0xC7, 0xCF, 0x7A, 0x18, 0x1F,
    0x3E, 0xEB, 0x7D, 0xBE, 0x18, 0xF2, 0x17, 0x2E, 0xC9, 0x73, 0xFD, 0x1C, 0xF0, 0x81, 0xC8, 0x59,
    0x44, 0xFD, 0xFF, 0x2C, 0xC9, 0x33, 0x2D, 0xB9, 0xDB, 0xCF, 0xF8, 0xB9, 0xDC, 0x6D, 0xE1, 0x94,
    0x7E, 0xD4, 0x7A, 0x59, 0x86, 0x2D, 0x4B, 0xFE, 0x60, 0x65, 0xD9, 0x0D, 0x20, 0x38, 0x24, 0xCF,
    0x1B, 0xBE, 0x35, 0xE7, 0x4A, 0xE7, 0x99, 0xA2, 0x31, 0x15, 0x7E, 0xDA, 0xF3, 0xC1, 0x94, 0x77,
    0x59, 0xC1, 0xA3, 0xCE, 0xE2, 0x4D, 0xC1, 0xE5, 0x90, 0xD5, 0xB5, 0x8B, 0xDD, 0xC5, 0x12, 0x0A,
    0x5D, 0xCF, 0x12, 0x37, 0x76, 0x11, 0x58, 0xE2, 0x6F, 0xE2, 0x89, 0xF5, 0x43, 0xA2, 0xA0, 0x41,
    0xBD, 0x8B, 0x15, 0xD8, 0x50, 0x01, 0x91, 0x33, 0xB2, 0xF7, 0xD7, 0xF2, 0x52, 0x47, 0xDB, 0x46,
    0xBF, 0x5D, 0xDB, 0xFB, 0xED, 0xDE, 0xF3, 0x30, 0xA1, 0x8B, 0xCE, 0x0B, 0xFA, 0x1C, 0x09, 0x3F,
    0xCF, 0x2B, 0x1E, 0xC5, 0x96, 0xE7, 0x20, 0xF1, 0x9C, 0xD2, 0x55, 0x83, 0x79, 0xE2, 0xED, 0xFC,
    0xA9, 0xEC, 0xEF, 0x38, 0xC6, 0x7F, 0xFC, 0x9A, 0xC1, 0x0C, 0xA7, 0x5F, 0x13, 0xB7, 0xE9, 0x5F,
    0xB9, 0x97, 0xD1, 0xBF, 0x7B, 0xC4, 0x07, 0xCF, 0x43, 0x63, 0xAA, 0x0E, 0xB5, 0x7E, 0xAD, 0x76,
    0xF8, 0xE7, 0xAF, 0x00, 0xBF, 0xB0, 0xE8, 0xFD, 0xB1, 0xAB, 0xC1, 0x2F, 0xCD, 0x64, 0xFC, 0xDB,
    0x6D, 0xD3, 0x54, 0xCF, 0xCD, 0xDC, 0x04, 0x5E, 0x16, 0x49, 0xA4, 0x6F, 0x14, 0x97, 0x28, 0xD3,
    0x88, 0xBD, 0x37, 0xF5, 0xA4, 0x65, 0x6C, 0x6A, 0x68, 0xA3, 0xA3, 0x54, 0xAD, 0x83, 0xB9, 0x9A,
    0x50, 0xD6, 0x93, 0xD7, 0xF4, 0xDE, 0x88, 0x17, 0xF1, 0x45, 0x24, 0xD1, 0x08, 0xBC, 0x4F, 0x9B,
    0xB9, 0xFA, 0xB9, 0x8B, 0xBF, 0x3D, 0xE3, 0xE7, 0x99, 0x4C, 0x1D, 0x6E, 0x79, 0xDF, 0xE2, 0x69,
    0x2F, 0xAB, 0xD8, 0x78, 0xEB, 0xA8, 0x6B, 0xC7, 0xF5, 0xAB, 0x75, 0xF5, 0xD6, 0x97, 0x97, 0xD6,
    0x28, 0x2D, 0x91, 0xAA, 0x20, 0xB2, 0x89, 0x6B, 0xE1, 0x82, 0xCB, 0x8C, 0xC5, 0x32, 0xBD, 0xEA,
    0x32, 0x8A, 0xB0, 0xDC, 0x97, 0xD8, 0x0D, 0xD1, 0x83, 0xC3, 0x00, 0x38, 0xB5, 0xF1, 0xDA, 0xCA,
    0x2E, 0x7E, 0xD4, 0xAF, 0xFE, 0x73, 0x96, 0x8D, 0x96, 0x1F, 0xFB, 0xCF, 0x36, 0xEF, 0xFD, 0x4F,
    0x63, 0x47, 0x2F, 0x0C, 0x8B, 0x1A, 0x1C, 0x16, 0xFD, 0xFE, 0xFB, 0x73, 0x7C, 0x36, 0xBB, 0x78,
    0x3D, 0xCB, 0x3E, 0xF7, 0x9F, 0x6D, 0xDE, 0xFB, 0x9F, 0xC7, 0x6E, 0xF2, 0xD5, 0xFC, 0xED, 0xF7,
    0xED, 0xBD, 0x7E, 0x8E, 0xF9, 0xB9, 0xFF, 0x6C, 0xF3, 0xDE, 0xFF, 0xED, 0xDD, 0xCE, 0xE6, 0xF5,
    0xFE, 0xFE, 0x6F, 0xF5, 0xB3, 0xEC, 0x73, 0xFF, 0xFF, 0x6E, 0xF3, 0xFA, 0xFE, 0x31, 0xEB, 0x36,
    0xCD, 0x65, 0xA4, 0xF7, 0xBF, 0xFF, 0x7D, 0x27, 0x66, 0xDA, 0x79, 0xEC, 0x8F, 0xFD, 0x67, 0x9B,
    0xF7, 0xFE, 0xA7, 0xB1, 0x47, 0x8B, 0xCF, 0xEF, 0x7F, 0x6E, 0xF3, 0x3E, 0xFF, 0x06, 0x3F, 0xBF,
    0xFF, 0x7F, 0xF7, 0xC7, 0x95, 0x89, 0x74, 0x4B, 0x13, 0x4A, 0x6B, 0x02, 0x2F, 0x1C, 0xEF, 0x03,
    0x17, 0x5C, 0x80, 0xA9, 0x06, 0x1A, 0x90, 0x80, 0x50, 0x82, 0xAB, 0x80, 0x1D, 0xD1, 0xF7, 0x49,
    0x64, 0x4D, 0x3D, 0xD0, 0x78, 0xA1, 0x79, 0xBF, 0x4F, 0x6E, 0x6A, 0xCE, 0x07, 0xC8, 0xA8, 0x17,
    0xF8, 0x80, 0xE5, 0x1D, 0xFE, 0xD8, 0x5F, 0x6B, 0x40, 0x3F, 0xED, 0xD6, 0x9E, 0xAB, 0xD7, 0x96,
    0x2F, 0xDE, 0x98, 0x30, 0x25, 0x4A, 0xA2, 0x32, 0xAA, 0x7C, 0xCB, 0xA9, 0xE0, 0xAB, 0x01, 0x98,
    0x0D, 0x46, 0x46, 0xB0, 0xEE, 0xB9, 0xB0, 0xC4, 0xC1, 0x25, 0xB5, 0x97, 0xAE, 0xED, 0x28, 0x3B,
    0x36, 0xD4, 0x6A, 0x62, 0x47, 0x2E, 0x03, 0x6C, 0x00, 0xEF, 0x77, 0x44, 0xBD, 0x22, 0x01, 0xBD,
    0xC0, 0xC4, 0x84, 0x2B, 0x41, 0xBF, 0xF3, 0xDE, 0x06, 0x0E, 0x31, 0x37, 0xAE, 0x50, 0x4A, 0x79,
    0xFE, 0xDF, 0xCE, 0x47, 0x16, 0xE8, 0x82, 0x56, 0x54, 0x28, 0x89, 0xFB, 0xEF, 0x45, 0xCD, 0xEC,
    0x85, 0xE5, 0xC8, 0x3E, 0x63, 0xC1, 0xB7, 0x29, 0x72, 0xA1, 0x7C, 0xD9, 0x38, 0xAC, 0x9C, 0x99,
    0x4E, 0x6D, 0x66, 0xCD, 0xA9, 0x85, 0x33, 0x88, 0x65, 0xEC, 0x52, 0x3D, 0x04, 0xBD, 0x7C, 0x7D,
    0x0A, 0x78, 0xFD, 0xBC, 0xD0, 0x98, 0x72, 0xCB, 0x98, 0x46, 0xFE, 0x2E, 0x3D, 0xF2, 0x5D, 0xBC,
    0xF1, 0x93, 0xD4, 0xC8, 0xB8, 0xA4, 0x87, 0xCC, 0xB7, 0x9B, 0x51, 0xB8, 0x8B, 0x12, 0xBD, 0x0B,
    0xBC, 0xFD, 0x9C, 0x6B, 0x64, 0xA4, 0x0A, 0x15, 0xFF, 0xDB, 0x57, 0x07, 0x57, 0x62, 0x7B, 0xD9,
    0xB7, 0x6B, 0x9B, 0x60, 0xDE, 0x36, 0xDB, 0xFA, 0xD6, 0x2E, 0x6B, 0xEF, 0xE1, 0xF3, 0x80, 0x3A,
    0x3C, 0x1F, 0x76, 0x15, 0xF2, 0xF3, 0x21, 0xF5, 0x7F, 0x00, 0xB5, 0xD5, 0x01, 0xE6, 0x6C, 0x3B,
    0x0C, 0xC7, 0xF1, 0x2F, 0x01, 0x08, 0xD9, 0x4A, 0x18, 0x80, 0xD2, 0xAD, 0xFF, 0x18, 0x80, 0xE1,
    0x6E, 0x25, 0x0B, 0x28, 0x7D, 0xE7, 0x70, 0xDF, 0x83, 0x37, 0xCD, 0xDF, 0x8C, 0x7B, 0x3F, 0xA7,
    0x45, 0x4F, 0xB4, 0xD5, 0x6A, 0xDA, 0xC5, 0x66, 0x2B, 0x8A, 0xC5, 0x00, 0x16, 0xD8, 0x82, 0x58,
    0x30, 0x05, 0x0B, 0x28, 0xB0, 0xFA, 0xFD, 0x6B, 0xC1, 0x9A, 0x58, 0x05, 0x26, 0x93, 0x2D, 0x53,
    0xEC, 0xD0, 0x8C, 0xCD, 0xB0, 0x45, 0xEC, 0xAD, 0xBB, 0x02, 0xEC, 0xCD, 0xD1, 0x60, 0x5C, 0x65,
    0xB2, 0x62, 0x17, 0x9B, 0x60, 0x6A, 0x2A, 0x60, 0x50, 0x6C, 0x5B, 0x77, 0x65, 0x50, 0x26, 0x4F,
    0x12, 0x21, 0xDE, 0xBA, 0xE3, 0x9E, 0x26, 0x0E, 0x22, 0x32, 0x69, 0xA5, 0x77, 0xFD, 0x01, 0x21,
    0x9A, 0xB8, 0xE7, 0xFD, 0x71, 0x50, 0xE5, 0x4E, 0xC7, 0x44, 0xD4, 0x5D, 0x4C, 0xFF, 0xDF, 0x15,
    0x88, 0x4A, 0x4F, 0xE7, 0x4C, 0x86, 0xA9, 0x1D, 0x5E, 0x46, 0x17, 0x37, 0x10, 0x67, 0x81, 0xE1,
    0x7C, 0xCC, 0x40, 0x24, 0x67, 0xEA, 0x87, 0x45, 0xD1, 0xEE, 0xBA, 0x61, 0x65, 0x80, 0x2D, 0x1C,
    0xA7, 0x93, 0xBC, 0x70, 0x12, 0xF1, 0x01, 0x93, 0x63, 0xFD, 0xFC, 0x44, 0x13, 0x0F, 0x19, 0xC6,
    0x99, 0x11, 0x32, 0x7A, 0x51, 0x9C, 0x38, 0x6E, 0x4E, 0xB5, 0x67, 0xF6, 0xC9, 0x18, 0x7B, 0x0F,
    0x1A, 0xE3, 0x12, 0x9A, 0xB5, 0x46, 0x5D, 0xDF, 0x5A, 0xB3, 0xE2, 0xEB, 0xB3, 0x64, 0x98, 0xC8,
    0xF8, 0x29, 0x93, 0x46, 0xBF, 0xA7, 0x46, 0x67, 0xAE, 0x74, 0x8E, 0x9E, 0xFE, 0xF4, 0x51, 0xDF,
    0x67, 0xBA, 0xC9, 0x33, 0xBD, 0xEB, 0x9F, 0x1E, 0xC5, 0xC9, 0xCF, 0xB9, 0x4A, 0x78, 0xD6, 0xDE,
    0xEB, 0x2A, 0xB4, 0xF6, 0xEE, 0x63, 0x7B, 0xBF, 0x1B, 0x99, 0x46, 0xD4, 0xF7, 0x33, 0x92, 0xC8,
    0x70, 0xF2, 0xCD, 0x29, 0x24, 0x49, 0x84, 0x0C, 0xFB, 0xAF, 0xD9, 0x31, 0x91, 0xA4, 0x89, 0x46,
    0xFA, 0x5C, 0xDD, 0x4A, 0x3C, 0xBB, 0xD5, 0x8C, 0x7A, 0xBA, 0x31, 0x86, 0x69, 0x0C, 0xFA, 0x7B,
    0x13, 0x64, 0xFD, 0x2E, 0x37, 0x12, 0xC7, 0x68, 0xF4, 0x77, 0x0E, 0x91, 0x29, 0xE0, 0xFB, 0x6C,
    0xE3, 0x91, 0x99, 0x34, 0x9A, 0x1C, 0xAB, 0x3E, 0x97, 0xFA, 0x1C, 0xBC, 0x2B, 0xF4, 0x2F, 0xE2,
    0x4F, 0x2B, 0x43, 0xF1, 0x7A, 0x94, 0x71, 0x94, 0xD3, 0xB4, 0xBC, 0xCD, 0xA4, 0xBB, 0xF2, 0x31,
    0xF7, 0xB9, 0xBD, 0x7F, 0x51, 0x0B, 0xBD, 0x2E, 0x80, 0x89, 0x1B, 0xF6, 0xEB, 0x59, 0x9E, 0x4E,
    0x94, 0x2F, 0x4F, 0xF7, 0x5F, 0x57, 0x3B, 0x01, 0x93, 0x27, 0x80, 0x29, 0x9D, 0x7F, 0xDB, 0x8F,
    0x0B, 0x22, 0xBB, 0x13, 0x60, 0x72, 0x1C, 0x53, 0x77, 0x97, 0x3C, 0x5E, 0x87, 0x78, 0xCB, 0xD3,
    0xE4, 0xD9, 0xBD, 0xBA, 0x06, 0xEA, 0x5E, 0xED, 0xF3, 0xB9, 0x13, 0x89, 0x67, 0xBE, 0x9E, 0xF6,
    0x73, 0x1E, 0x13, 0x04, 0x1F, 0x7B, 0x64, 0x68, 0x56, 0xA8, 0xCF, 0xEF, 0x51, 0xC8, 0x88, 0x45,
    0x22, 0xFE, 0x98, 0x04, 0x0F, 0x28, 0xF6, 0x7E, 0xDB, 0xFE, 0x86, 0xED, 0x2D, 0xFE, 0xA6, 0x66,
    0x4E, 0x5B, 0xB8, 0x9B, 0x32, 0x99, 0xE2, 0x1B, 0x7B, 0x13, 0x50, 0x09, 0xCE, 0xDF, 0x25, 0xA0,
    0xE6, 0xDE, 0x0B, 0x28, 0x40, 0x51, 0x79, 0xAB, 0x48, 0xDE, 0x0A, 0x65, 0x4E, 0xE5, 0xF1, 0x5D,
    0x33, 0x20, 0x30, 0x42, 0xE7, 0xFE, 0xB7, 0x53, 0x3C, 0x7F, 0x3B, 0x8E, 0x5F, 0xCE, 0xFD, 0xD9,
    0x21, 0x4E, 0x92, 0x56, 0x9E, 0xA7, 0xB8, 0xE3, 0x84, 0xFA, 0x9B, 0x72, 0xD5, 0xD3, 0x9F, 0xCE,
    0xC1, 0xDD, 0xDB, 0x39, 0x85, 0x9D, 0xD9, 0xDF, 0x30, 0xE4, 0xC5, 0x65, 0xC7, 0xE8, 0x1D, 0x73,
    0x65, 0xF2, 0xD6, 0x3F, 0xA5, 0x59, 0xC1, 0xAA, 0xF5, 0x2C, 0x0C, 0x1C, 0xC8, 0x36, 0xE0, 0xAB,
    0x04, 0xDC, 0x16, 0x7C, 0x75, 0xE1, 0x6C, 0xFB, 0x30, 0xC2, 0xBF, 0x15, 0xFA, 0x37, 0x48, 0xB8,
    0x9E, 0xA1, 0x39, 0x5D, 0x7C, 0x33, 0x8B, 0x7B, 0x2E, 0x33, 0xB1, 0xAD, 0x9A, 0xD4, 0x2A, 0x50,
    0x80, 0x01, 0xB4, 0x69, 0x70, 0xB6, 0x61, 0x58, 0x6C, 0x13, 0x37, 0xD4, 0xD4, 0x80, 0x4C, 0x0F,
    0xB8, 0x2E, 0x10, 0xE7, 0x94, 0xC0, 0x01, 0xC7, 0x28, 0x88, 0x78, 0xE6, 0x0E, 0x19, 0xAA, 0x7B,
    0xFB, 0xAA, 0x32, 0x76, 0xBD, 0x0C, 0xD3, 0x9B, 0xEB, 0x6E, 0xD5, 0x6E, 0x96, 0x6F, 0x7D, 0xA2,
    0x7F, 0xB3, 0xEC, 0xF7, 0x9F, 0xE8, 0x1B, 0xE6, 0x7E, 0x6B, 0x8E, 0xD2, 0x77, 0xB9, 0x75, 0x5B,
    0x9C, 0xF6, 0x59, 0xEC, 0x5F, 0xF1, 0xD6, 0x17, 0x9B, 0xEB, 0x8B, 0x6F, 0xFD, 0x23, 0x7B, 0xFF,
    0xD8, 0xE1, 0xD1, 0x15, 0x15, 0x07, 0xAA, 0xB7, 0x66, 0xA6, 0xB8, 0x11, 0xE3, 0x63, 0x6A, 0xC7,
    0xCD, 0xD3, 0xCE, 0xAA, 0x55, 0x8F, 0x9B, 0x4B, 0x8F, 0x9E, 0x30, 0x31, 0xD1, 0x1B, 0x62, 0x62,
    0xFE, 0x74, 0x82, 0x82, 0x1D, 0x26, 0xCC, 0x76, 0xB9, 0x2F, 0x74, 0xE9, 0x6A, 0x6A, 0xDE, 0x5A,
    0x9B, 0xA6, 0x8B, 0xD8, 0xD0, 0x46, 0x8C, 0x7F, 0xA8, 0x6D, 0x90, 0xAE, 0xCE, 0x44, 0x7F, 0x1D,
    0x7F, 0x4C, 0x51, 0xE7, 0x82, 0xC7, 0x5F, 0x57, 0x97, 0x2E, 0x21, 0xBF, 0xCD, 0x3F, 0xEF, 0x71,
    0x3D, 0xF5, 0x94, 0x21, 0xC3, 0xFF, 0xFA, 0xFF, 0x3C, 0x7F, 0x70, 0xB3, 0x0C, 0x18, 0x14, 0x34,
    0x7F, 0xF2, 0xFE, 0x05, 0xD4, 0xA4, 0xE7, 0x7A, 0x20, 0x1B, 0xBF, 0x80, 0x4C, 0xD1, 0x3F, 0x3A,
    0x28, 0x5E, 0x4D, 0x8F, 0x1B, 0xF5, 0xAC, 0x27, 0xF7, 0x7F, 0xE8, 0x31, 0x3A, 0x41, 0x7E, 0xBE,
    0x6F, 0x16, 0xEE, 0x7F, 0x65, 0x26, 0xE3, 0x87, 0xE0, 0x43, 0xFB, 0xA1, 0x71, 0xFB, 0x58, 0xB3,
    0x89, 0xB8, 0xE1, 0x65, 0x7E, 0xF6, 0x32, 0xED, 0x13, 0x8C, 0x5C, 0xE5, 0xE7, 0x57, 0xF3, 0xB1,
    0xF8, 0x9B, 0xA9, 0xA4, 0x13, 0xDB, 0x05, 0x81, 0x3C, 0xE8, 0x47, 0x39, 0xA1, 0x4E, 0x9A, 0x3F,
    0xC4, 0x76, 0xED, 0xFA, 0x47, 0x99, 0xD7, 0x57, 0xFB, 0x0D, 0x9C, 0xDF, 0x32, 0x1F, 0xC7, 0x4F,
    0xED, 0x5C, 0x6C, 0xFA, 0xA5, 0xE3, 0x77, 0x7E, 0x95, 0x6E, 0x06, 0x85, 0x96, 0x09, 0x75, 0x72,
    0x7D, 0xB2, 0x51, 0xD5, 0xD9, 0xB4, 0xEA, 0xA2, 0x51, 0x7D, 0x5C, 0xAD, 0x96, 0x19, 0xB3, 0x2F,
    0xFA, 0x8F, 0x73, 0xE4, 0x76, 0x46, 0x2F, 0x05, 0x54, 0x86, 0x6E, 0xF7, 0x46, 0xF3, 0x8B, 0xE6,
    0x50, 0xB8, 0x5A, 0xE8, 0x69, 0x0D, 0x60, 0xC8, 0x76, 0x6F, 0x3E, 0x7E, 0x26, 0x78, 0x98, 0x83,
    0xAB, 0x15, 0xBE, 0x7E, 0x8C, 0x61, 0x54, 0x80, 0xC8, 0x7F, 0x8E, 0x8F, 0x0A, 0xF0, 0x18, 0x4F,
    0x19, 0x0E, 0x6C, 0x15, 0x20, 0xD1, 0xB9, 0x06, 0x50, 0xFE, 0xD3, 0xF3, 0x51, 0xFE, 0x13, 0xB8,
    0x02, 0xB0, 0xCE, 0x15, 0x80, 0xF5, 0xF2, 0x36, 0x3E, 0x11, 0x99, 0xC4, 0xD7, 0x71, 0x68, 0x68,
    0x87, 0xD6, 0xF1, 0x58, 0x03, 0x60, 0xE0, 0xFE, 0x4F, 0x6B, 0xC0, 0x0E, 0xCA, 0x61, 0x81, 0x40,
    0x71, 0x84, 0xE4, 0xEE, 0x55, 0x03, 0xB8, 0x0A, 0x50, 0x7C, 0x54, 0x80, 0xBC, 0x7F, 0x38, 0xFF,
    0x37, 0x9D, 0x2B, 0x00, 0x21, 0xCB, 0xFF, 0x40, 0x96, 0xFF, 0x54, 0x03, 0x26, 0xE5, 0x3F, 0x8F,
    0x9F, 0x52, 0xFE, 0x53, 0x0D, 0xE0, 0xFC, 0xE1, 0x1A, 0x50, 0x26, 0xE5, 0x3F, 0xD5, 0x80, 0xC6,
    0xF9, 0x9F, 0xD4, 0x80, 0xE8, 0xBF, 0x58, 0x61, 0xE4, 0xF9, 0xE5, 0x41, 0xB9, 0xEE, 0x30, 0x5C,
    0xB0, 0x6D, 0xFE, 0x2C, 0x42, 0x31, 0x7E, 0xAD, 0x01, 0x19, 0x6B, 0x0D, 0xD8, 0x06, 0xAD, 0xFF,
    0x68, 0xFE, 0xF9, 0xDD, 0x72, 0xFE, 0xAE, 0x99, 0x22, 0xC9, 0xFA, 0x2E, 0x9E, 0x80, 0x75, 0xEA,
    0x7A, 0x6F, 0xD7, 0x76, 0x5A, 0x2F, 0x78, 0x58, 0x03, 0x4E, 0x5E, 0xFF, 0x05, 0x68, 0x05, 0x38,
    0x5F, 0xFB, 0x27, 0x30, 0x4A, 0x5E, 0x3F, 0x62, 0x7C, 0xD2, 0xFA, 0x13, 0xB9, 0x9E, 0xE7, 0x57,
    0x40, 0xBF, 0xB0, 0xF2, 0x2B, 0x7B, 0xFF, 0xD5, 0x53, 0x0D, 0x0C, 0xE4, 0xBA, 0xA0, 0x8D, 0x5F,
    0xEF, 0x3F, 0xBD, 0xD9, 0xBA, 0x42, 0x51, 0x86, 0x3A, 0x78, 0xFD, 0x75, 0xD8, 0xA7, 0xA2, 0xA2,
    0xCD, 0x0A, 0xA7, 0x7D, 0x2C, 0x6E, 0x9E, 0x3C, 0x6D, 0xB2, 0x1E, 0x33, 0x40, 0x4C, 0x4C, 0xB5,
    0x1C, 0x5E, 0xFD, 0x9D, 0x20, 0xFC, 0x39, 0x58, 0x5F, 0x63, 0x57, 0xED, 0xA6, 0xB6, 0xE3, 0x48,
    0xE2, 0x2D, 0x1C, 0x0F, 0xF1, 0x65, 0xAE, 0xD5, 0x0D, 0xBA, 0x0C, 0xBE, 0xFE, 0xEE, 0x11, 0x5B,
    0x75, 0x8E, 0xF5, 0x7A, 0x55, 0xA9, 0x62, 0x67, 0x33, 0x9B, 0x75, 0xA1, 0xEE, 0x7A, 0x78, 0x76,
    0xC7, 0xFE, 0x7E, 0xE2, 0xF5, 0xAD, 0xFF, 0x32, 0xD8, 0xE6, 0xD8, 0xDF, 0x7F, 0xAC, 0x03, 0x54,
    0x77, 0xB9, 0x7E, 0xE7, 0x3E, 0x7A, 0xF7, 0xB4, 0x99, 0xBF, 0x7F, 0xA2, 0x7E, 0x3C, 0xE9, 0x56,
    0xCC, 0x1C, 0xDA, 0x9D, 0xC2, 0xA5, 0x75, 0x5B, 0x63, 0x87, 0x63, 0xE9, 0xC7, 0x21, 0xF2, 0x16,
    0x1F, 0x1E, 0x8E, 0xDF, 0xA1, 0x3E, 0xEB, 0x3E, 0xCE, 0x5A, 0xEB, 0xE1, 0xE3, 0xAC, 0xC6, 0x7D,
    0xA0, 0xB9, 0xBE, 0xC6, 0x54, 0x36, 0xAE, 0xFE, 0x09, 0xB0, 0x27, 0x74, 0xEF, 0x93, 0x22, 0x1D,
    0x06, 0xFF, 0x7D, 0x2C, 0x65, 0xB1, 0x6C, 0xF3, 0x9B, 0x5D, 0xA1, 0xC7, 0x5B, 0xF7, 0x3D, 0x7F,
    0xD9, 0x45, 0x3A, 0xAF, 0xEF, 0x51, 0xA2, 0x16, 0x82, 0x3D, 0xB9, 0x2E, 0x8A, 0x61, 0xA6, 0xA7,
    0x88, 0xF4, 0xAD, 0xF5, 0xDE, 0x3A, 0x95, 0x12, 0xEE, 0xF8, 0x8F, 0x20, 0x47, 0xE9, 0x86, 0xF2,
    0x53, 0x87, 0x49, 0x47, 0xAE, 0xC3, 0x46, 0x2F, 0x78, 0x83, 0x00, 0xD0, 0x0E, 0xB9, 0xA9, 0x5D,
    0xFF, 0xEA, 0x22, 0xD0, 0x4F, 0x88, 0x6D, 0xCE, 0xE5, 0xF9, 0x68, 0x77, 0xFF, 0x1F, 0x3C, 0xB6,
    0x1B, 0x3E, 0xBD, 0x47, 0x3D, 0x0F, 0xA1, 0x01, 0x53, 0xB0, 0x61, 0xFC, 0xD7, 0xD1, 0x7B, 0x77,
    0x3F, 0xF2, 0xEF, 0xCB, 0x02, 0x85, 0x21, 0x5F, 0x7F, 0x86, 0xEE, 0x80, 0xA2, 0x41, 0xB1, 0xD5,
    0xD7, 0x83, 0xF3, 0x2F, 0x5C, 0xE1, 0x70, 0x9D, 0xD6, 0xEE, 0xA7, 0x59, 0x3B, 0x0D, 0x41, 0xE4,
    0xEB, 0xC3, 0xF3, 0xB0, 0xEA, 0xCE, 0x68, 0x56, 0x5F, 0xBF, 0xEF, 0xD9, 0x43, 0xBA, 0x5C, 0x82,
    0xC5, 0x36, 0xE2, 0x17, 0x23, 0x3C, 0xE1, 0xE0, 0x6F, 0x0B, 0xFE, 0x82, 0xC2, 0x00, 0x79, 0xC2,
    0x41, 0x7A, 0xB6, 0x7F, 0x20, 0x90, 0xE4, 0xFB, 0x82, 0xF4, 0x64, 0x7F, 0xA1, 0x97, 0xE4, 0xFB,
    0x83, 0xF4, 0x6C, 0xFF, 0xC0, 0x49, 0xF5, 0x8F, 0xF5, 0xBD, 0x7E, 0xD6, 0x9B, 0xAD, 0x57, 0x73,
    0x9A, 0x9A, 0x80, 0x60, 0xE5, 0xCF, 0xC1, 0xBA, 0x96, 0x66, 0x6A, 0x3E, 0xF3, 0x0B, 0xB4, 0xAB,
    0xA9, 0xEA, 0xD2, 0xC9, 0x93, 0xE9, 0xB3, 0x68, 0x12, 0x4F, 0x1E, 0xD6, 0xF3, 0xFD, 0x8D, 0xC2,
    0xFD, 0xBF, 0x3B, 0x58, 0xB7, 0x66, 0xE6, 0x68, 0xC3, 0x2C, 0x10, 0xDA, 0xEE, 0xD9, 0x1D, 0xBC,
    0xB6, 0xE3, 0x1D, 0x3E, 0x08, 0x8E, 0x47, 0xCF, 0x64, 0x5D, 0xD7, 0xDA, 0x7B, 0xA3, 0x0E, 0xE9,
    0x7B, 0x34, 0xBB, 0x48, 0xE7, 0xFA, 0x9B, 0xCE, 0x1F, 0x53, 0xD2, 0xF3, 0xFD, 0x97, 0xC1, 0x49,
    0x46, 0x9E, 0xD0, 0x69, 0x7F, 0x66, 0x73, 0x10, 0x54, 0x97, 0xE3, 0xC1, 0x43, 0xF1, 0x65, 0xBE,
    0xC4, 0x87, 0xA3, 0x67, 0xFB, 0x3B, 0xD9, 0xF8, 0x87, 0x83, 0xF5, 0xEB, 0x54, 0x42, 0xB9, 0x42,
    0x27, 0x0F, 0xE9, 0xE9, 0xFE, 0x50, 0xE1, 0x78, 0x72, 0x2C, 0x9D, 0xB4, 0xAA, 0xF5, 0x56, 0x45,
    0xC5, 0x5B, 0x20, 0xEC, 0x0E, 0xD6, 0xCD, 0x49, 0x5F, 0x08, 0x20, 0xB0, 0xE3, 0x69, 0xFF, 0xA7,
    0xAC, 0x7D, 0x66, 0x95, 0xA8, 0x6E, 0xEC, 0x09, 0x07, 0xE9, 0x8F, 0xF1, 0x1D, 0x3D, 0x8F, 0x0F,
    0x3D, 0xDF, 0x7F, 0x8F, 0x79, 0x51, 0x66, 0xB6, 0x3F, 0x1B, 0xB3, 0x42, 0x46, 0xBA, 0x7F, 0x43,
    0xF5, 0xF1, 0xD8, 0xEB, 0xBB, 0x62, 0xB0, 0x27, 0x1C, 0xA1, 0xA7, 0xFB, 0xAF, 0xDB, 0xFB, 0x95,
    0x3D, 0xAC, 0x73, 0x7D, 0xCA, 0xAE, 0x4F, 0x8E, 0xD0, 0x93, 0x78, 0xBE, 0x3E, 0xC5, 0x87, 0x9E,
    0xCF, 0xCF, 0x83, 0xF3, 0x9B, 0x1C, 0xBB, 0xCE, 0xFB, 0xCB, 0xC9, 0xF5, 0x37, 0x07, 0xE9, 0x32,
    0x78, 0x7C, 0x65, 0x6C, 0x5F, 0x9F, 0xE9, 0xF9, 0x41, 0x38, 0x92, 0xFD, 0xC5, 0xD8, 0x5B, 0x48,
    0xE3, 0xC3, 0x93, 0xC5, 0x07, 0xE4, 0xD2, 0xF5, 0xF5, 0x7D, 0x45, 0x1D, 0xB7, 0x0B, 0x04, 0x5F,
    0x7F, 0xE3, 0x53, 0x96, 0xE3, 0x53, 0xE6, 0x7E, 0x77, 0xF9, 0xF9, 0x42, 0x78, 0x7E, 0xEF, 0x3F,
    0xAE, 0x9A, 0xB4, 0x56, 0x39, 0x51, 0xA7, 0x40, 0x28, 0x63, 0x77, 0x94, 0x41, 0xCF, 0x9F, 0xC6,
    0x87, 0x27, 0x8F, 0xCF, 0xF3, 0x8B, 0x3C, 0x94, 0x5F, 0xA1, 0xE5, 0xE7, 0x23, 0xE4, 0x49, 0xF7,
    0x4F, 0xDB, 0x84, 0xA1, 0x0B, 0x64, 0x40, 0x9D, 0xF6, 0xB0, 0xFE, 0x2C, 0xE4, 0x89, 0x5E, 0x4D,
    0xCF, 0x5F, 0x02, 0xE1, 0x21, 0x47, 0xDC, 0xDB, 0x5B, 0x7C, 0x78, 0xF2, 0xF8, 0xFC, 0xFC, 0x84,
    0x3D, 0xAC, 0xFF, 0xEB, 0xF7, 0x2F, 0xB7, 0xCD, 0xF1, 0xE4, 0x09, 0x07, 0xE9, 0x4B, 0xDB, 0xCE,
    0x07, 0x36, 0x9D, 0x3D, 0x32, 0xBF, 0xF5, 0x32, 0xDF, 0xCF, 0x67, 0xF2, 0xFD, 0x25, 0xFF, 0xFF,
    0x2D, 0xDE, 0x3D, 0x59, 0x7C, 0x29, 0xF6, 0x1A, 0x1F, 0x9E, 0xEC, 0xFA, 0x6F, 0xE7, 0x3B, 0xEC,
    0x09, 0xC7, 0xEF, 0xF3, 0xC9, 0x83, 0x2D, 0xEE, 0x61, 0x9D, 0xDB, 0x7E, 0x3A, 0xDF, 0x21, 0x4F,
    0x53, 0xD6, 0x93, 0xEF, 0x1F, 0xEF, 0x85, 0x4E, 0x9E, 0x44, 0x4F, 0xCE, 0xC7, 0x14, 0x96, 0xAF,
    0x9F, 0x42, 0xE7, 0xF8, 0x36, 0xD5, 0xF2, 0xFD, 0xF5, 0x70, 0x84, 0xFE, 0x3F, 0xD5, 0x97, 0x41,
    0x8A, 0xE4, 0xCA, 0x0E, 0x45, 0x2F, 0x68, 0x9A, 0xA0, 0xAD, 0xFC, 0x05, 0x18, 0xB4, 0x75, 0x41,
    0x4E, 0x3F, 0xD4, 0x56, 0x04, 0x9E, 0x0A, 0xEE, 0x53, 0xC8, 0x11, 0x99, 0xD1, 0x99, 0xAF, 0xAB,
    0x07, 0x4D, 0xF1, 0xAA, 0xC2, 0xD2, 0x39, 0xB6, 0x07, 0x0E, 0xA4, 0x4A, 0x63, 0x15, 0x48, 0x06,
    0xA0, 0x04, 0x01, 0x21, 0xCC, 0x07, 0x35, 0xA0, 0x39, 0x43, 0x2E, 0x12, 0x76, 0x31, 0x5E, 0xC9,
    0x8B, 0x3E, 0xA9, 0x79, 0x51, 0x8A, 0x16, 0x42, 0x4C, 0xD2, 0x9B, 0x50, 0xCE, 0x47, 0x5A, 0xC0,
    0xD8, 0xF7, 0xC8, 0xC0, 0x63, 0x1D, 0x4D, 0x6E, 0x3C, 0x9A, 0x50, 0x07, 0x84, 0x05, 0xD8, 0x13,
    0x95, 0xE0, 0x0E, 0x3D, 0xB3, 0xCC, 0x84, 0x50, 0x13, 0x1A, 0x92, 0xB0, 0x86, 0x6B, 0x80, 0x0D,
    0x5C, 0xF0, 0x82, 0x3D, 0xC0, 0x03, 0x46, 0x46, 0xC1, 0x1C, 0x92, 0x8A, 0xB9, 0xC4, 0x0B, 0x1A,
    0x0B, 0x7D, 0x69, 0x4C, 0xEB, 0x1D, 0xBC, 0xA2, 0x34, 0xE2, 0x55, 0x59, 0xB1, 0xD4, 0x9D, 0xDC,
    0x14, 0x23, 0xA0, 0x24, 0x1F, 0xEA, 0x6E, 0x0C, 0xF9, 0x88, 0x25, 0x3A, 0xF8, 0x2E, 0xE0, 0x6D,
    0x3B, 0xE5, 0x08, 0x90, 0x61, 0x7B, 0x2F, 0xC5, 0x5B, 0x1A, 0xBB, 0xC4, 0x67, 0x37, 0x95, 0x7E,
    0x35, 0xB4, 0xB7, 0xC2, 0x23, 0x65, 0x64, 0x8E, 0xD6, 0x59, 0x4A, 0x9E, 0xA9, 0xAC, 0xAB, 0x1C,
    0xA9, 0x31, 0x0E, 0x1B, 0xE9, 0x8F, 0xE3, 0x4E, 0x50, 0x2B, 0x8F, 0xCA, 0xE8, 0x6E, 0xAE, 0x5D,
    0x34, 0x3A, 0xFB, 0xDC, 0x98, 0xE8, 0xDD, 0x0A, 0xD8, 0xA1, 0xF9, 0x0E, 0x6B, 0x04, 0x76, 0xD0,
    0xDF, 0x20, 0xAC, 0x1C, 0xD0, 0x01, 0xD3, 0x42, 0x16, 0x34, 0x49, 0x32, 0xF7, 0xDF, 0x13, 0x17,
    0xFA, 0x52, 0x5D, 0xE9, 0xC2, 0xEE, 0x31, 0x71, 0x85, 0xE4, 0x33, 0x34, 0x66, 0x58, 0x85, 0xCF,
    0xE0, 0x0D, 0x3C, 0xC0, 0x00, 0x1D, 0x76, 0xF5, 0x73, 0xFD, 0x9D, 0x14, 0x00, 0x99, 0x13, 0x00,
    0xBE, 0x55, 0xB9, 0x64, 0x56, 0xE0, 0x8B, 0xEA, 0xFE, 0x8F, 0x0A, 0xDD, 0xFB, 0x9D, 0x28, 0xD9,
    0x4B, 0x05, 0xBE, 0x62, 0x2B, 0x95, 0x7B, 0xA9, 0xAE, 0xA7, 0xF7, 0x43, 0x21, 0x01, 0xEC, 0x6D,
    0x0A, 0xF4, 0x92, 0xDC, 0xDD, 0xF7, 0xB7, 0x65, 0x04, 0x84, 0x09, 0x69, 0x47, 0x5B, 0xE9, 0x9B,
    0x1D, 0x36, 0xCF, 0xCF, 0xDD, 0xE6, 0xF2, 0x51, 0xBE, 0x0D, 0x27, 0x70, 0x98, 0xAB, 0x5E, 0x3E,
    0x2C, 0x9E, 0x0E, 0xF3, 0xB8, 0x7C, 0xFA, 0x32, 0x7D, 0x98, 0x28, 0x8B, 0x2F, 0x6B, 0x4E, 0x47,
    0x6F, 0xBD, 0x0C, 0xF5, 0x61, 0x73, 0x85, 0x96, 0x99, 0x0A, 0x32, 0x9E, 0xAF, 0x7F, 0x2C, 0xAE,
    0x3B, 0x7D, 0x16, 0x56, 0x07, 0xCF, 0x3A, 0x52, 0xF9, 0xC1, 0x8F, 0xA2, 0xCC, 0xB7, 0xBF, 0x18,
    0xAF, 0x87, 0xF9, 0xEB, 0x41, 0x10, 0xBC, 0x35, 0x8F, 0x66, 0x0C, 0x9A, 0xFF, 0xD4, 0x7E, 0x6D,
    0x4B, 0xA7, 0xCD, 0x7F, 0xB5, 0x7E, 0x71, 0xE7, 0xF6, 0xED, 0xFB, 0x7A, 0x51, 0xB1, 0x7F, 0x1E,
    0xB9, 0xAB, 0x6F, 0xAE, 0x65, 0xD9, 0x1D, 0x57, 0x02, 0xB3, 0xE1, 0x86, 0x92, 0x2F, 0x1D, 0x80,
    0x5A, 0xEC, 0xD2, 0x44, 0x00, 0xB7, 0x4B, 0x87, 0xB2, 0x25, 0x4B, 0xE2, 0x40, 0x80, 0xF7, 0x5D,
    0x76, 0xA2, 0x45, 0x40, 0x1C, 0xFA, 0x26, 0x75, 0x48, 0x3E, 0x64, 0x01, 0x94, 0x98, 0xAD, 0xB7,
    0x6F, 0x05, 0x4A, 0xA9, 0xC1, 0xB4, 0x94, 0xA2, 0x9E, 0xF7, 0xEE, 0xE3, 0xEF, 0xFA, 0xD7, 0x7D,
    0xDB, 0xBF, 0x3F, 0xDF, 0xBE, 0xE0, 0x3F, 0x7F, 0x9F, 0xFF, 0xAA, 0xFE, 0xF5, 0xE3, 0x30, 0xBF,
    0x52, 0x81, 0x1F, 0xD3, 0x13, 0x25, 0x7D, 0xE9, 0xAF, 0xBB, 0xA0, 0xA4, 0x8F, 0x84, 0x91, 0x01,
    0x08, 0xC9, 0x41, 0xD9, 0x86, 0xD5, 0x77, 0xCE, 0x91, 0xB5, 0xA9, 0x39, 0xC8, 0x28, 0x92, 0x00,
    0xF8, 0x91, 0x4D, 0x0E, 0xDE, 0x27, 0xBD, 0xE8, 0xCD, 0xF2, 0xDB, 0x8C, 0x9C, 0x50, 0xF6, 0xB3,
    0x19, 0xCA, 0x3F, 0xBD, 0xCD, 0x14, 0x37, 0xF6, 0xE4, 0x55, 0xC9, 0x10, 0xDE, 0x7D, 0x4E, 0x93,
    0x6B, 0x72, 0x7C, 0xA4, 0xF9, 0x33, 0xD7, 0x73, 0xDF, 0x5E, 0x24, 0x21, 0x63, 0xB1, 0xD7, 0x8F,
    0xE8, 0xC4, 0xFE, 0x97, 0xFB, 0x8A, 0xAE, 0x7C, 0xB7, 0x1E, 0x18, 0xF9, 0xA4, 0x87, 0xF2, 0x9E,
    0xA0, 0x56, 0x5A, 0x65, 0x04, 0xE8, 0xDB, 0x5C, 0xBE, 0xF2, 0xA5, 0xEE, 0x78, 0x8C, 0x45, 0x9D,
    0x50, 0xBA, 0x83, 0x3C, 0xBD, 0x4B, 0x93, 0x84, 0x41, 0x03, 0x0A, 0xCD, 0x0B, 0x37, 0x28, 0x01,
    0x08, 0x63, 0xA0, 0xEB, 0xE8, 0xED, 0xE9, 0x80, 0x32, 0x00, 0x34, 0x6C, 0xCE, 0x6E, 0xFD, 0xCA,
    0xC6, 0x03, 0x09, 0x0D, 0x74, 0x51, 0x64, 0x7F, 0xA8, 0xF3, 0xB3, 0xFF, 0x97, 0xF8, 0x7F, 0x39,
    0x53, 0xFD, 0xD0, 0xA8, 0xB8, 0x69, 0x42, 0x58, 0xE1, 0xA8, 0xB0, 0x70, 0x8B, 0xD0, 0x0A, 0xA7,
    0xA1, 0xFB, 0x89, 0xDE, 0x62, 0x04, 0x02, 0x4A, 0x32, 0x35, 0x78, 0x4F, 0x05, 0x3D, 0xAD, 0x10,
    0x87, 0x10, 0x0D, 0xFF, 0xDF, 0xC0, 0x27, 0xE3, 0x66, 0xFC, 0x8A, 0x7F, 0x9D, 0x34, 0x27, 0x94,
    0xBE, 0xCF, 0xEF, 0xD0, 0x01, 0xF3, 0xC6, 0xBA, 0x94, 0xB6, 0x01, 0x09, 0x4D, 0x18, 0x9D, 0xF4,
    0xDF, 0x4D, 0x9C, 0x9F, 0x8F, 0xCD, 0xFF, 0x00, 0xD5, 0x9A, 0xD1, 0x6A, 0x23, 0xBD, 0x0E, 0xC7,
    0xFF, 0xA0, 0xDB, 0x01, 0xBD, 0x8A, 0x61, 0x6F, 0x0D, 0x7A, 0x75, 0x41, 0x6E, 0x0B, 0x7D, 0x15,
    0x41, 0x6F, 0x05, 0x3A, 0xB6, 0x46, 0x53, 0x27, 0xD9, 0xCD, 0xE9, 0x39, 0x34, 0xD9, 0xED, 0xD8,
    0x9F, 0x7E, 0x6E, 0xED, 0xF9, 0x1A, 0xFB, 0x67, 0x8F, 0x3D, 0x19, 0x16, 0xC0, 0x86, 0x99, 0x7A,
    0x52, 0x92, 0x31, 0x41, 0x57, 0xE4, 0xE4, 0x96, 0xEC, 0xA1, 0x83, 0x2D, 0x69, 0x93, 0xA4, 0x3B,
    0x65, 0x90, 0x31, 0xB9, 0x41, 0x0C, 0x90, 0x88, 0xC1, 0x48, 0xDA, 0xAC, 0x21, 0x2D, 0xB2, 0x81,
    0x01, 0x76, 0x08, 0x20, 0x8E, 0x30, 0x8A, 0x50, 0x54, 0xE2, 0xA4, 0xE8, 0x22, 0x27, 0x2E, 0x86,
    0xF8, 0x30, 0x72, 0x31, 0x1E, 0x59, 0x94, 0x55, 0x46, 0x8E, 0x19, 0x98, 0xF1, 0x99, 0x5B, 0x90,
    0x9B, 0x84, 0xA8, 0xB8, 0x80, 0xAC, 0xAF, 0x3F, 0x2B, 0xBA, 0x07, 0x03, 0x0D, 0x1B, 0xB6, 0x41,
    0xD2, 0xAD, 0x6D, 0xAD, 0x0D, 0x88, 0x0F, 0x66, 0xC6, 0x9E, 0x14, 0x6D, 0x64, 0x05, 0xD8, 0x46,
    0xDD, 0xC6, 0x7B, 0x7B, 0xE7, 0xB7, 0x6A, 0x27, 0x9B, 0xE4, 0xA4, 0x24, 0x63, 0x55, 0x93, 0x62,
    0xA5, 0xB2, 0xAA, 0xE9, 0x53, 0x6B, 0x30, 0x80, 0x60, 0xB2, 0x8F, 0x5C, 0xE9, 0x07, 0xCD, 0x05,
    0x97, 0xAA, 0x50, 0x90, 0xEF, 0xBF, 0x32, 0x2A, 0xF9, 0xDE, 0x15, 0x1E, 0x21, 0xAC, 0x70, 0x52,
    0xD8, 0xC8, 0x2B, 0x7D, 0x73, 0xB6, 0xBC, 0x06, 0x9E, 0xD4, 0x25, 0xB9, 0x1A, 0xFA, 0x99, 0xCD,
    0x92, 0x01, 0x54, 0x02, 0x21, 0x5A, 0xCB, 0xC5, 0xFE, 0x8E, 0xD9, 0x86, 0x8D, 0xDA, 0xA6, 0xBF,
    0x46, 0x6C, 0xDA, 0x46, 0x12, 0x6B, 0x95, 0xCA, 0x11, 0xE1, 0x6D, 0x5C, 0xB1, 0x3D, 0x5A, 0xF3,
    0xA2, 0x7D, 0x30, 0xCC, 0x01, 0xB2, 0xB0, 0xF2, 0x71, 0xE2, 0x75, 0x1E, 0x18, 0xE5, 0xC5, 0xF8,
    0x12, 0xCA, 0x88, 0xBF, 0xB4, 0xBE, 0xE1, 0xF7, 0xA3, 0x14, 0xD6, 0x41, 0xA7, 0xC9, 0xF5, 0x51,
    0xA7, 0xD9, 0x9B, 0xC9, 0x00, 0xF6, 0xBC, 0x1E, 0x39, 0x4A, 0x06, 0x29, 0x29, 0x5E, 0xB0, 0x6F,
    0x63, 0x70, 0x7D, 0x7C, 0xAD, 0x35, 0x5F, 0xD5, 0x8C, 0x95, 0xD2, 0x64, 0xD1, 0x69, 0x52, 0xD6,
    0xF5, 0x27, 0xDA, 0x71, 0x49, 0x2B, 0x1B, 0x2B, 0x22, 0x00, 0x36, 0x7C, 0xDB, 0x6D, 0x1D, 0x53,
    0x6B, 0x29, 0x96, 0xD2, 0x6A, 0x80, 0x9D, 0xD3, 0xE3, 0xE3, 0xFD, 0xF5, 0x35, 0x1E, 0x09, 0xD0,
    0xF7, 0x4D, 0x8C, 0xF0, 0x60, 0x4F, 0x55, 0x28, 0xA1, 0x35, 0x7E, 0xF8, 0x1C, 0x11, 0x30, 0x60,
    0x6E, 0x42, 0xB3, 0x1F, 0x91, 0xA3, 0x8F, 0x73, 0xBA, 0xBF, 0xDF, 0x4D, 0x5F, 0xE4, 0xFC, 0x6C,
    0x56, 0x1E, 0xEF, 0x9D, 0x2F, 0xF1, 0xF3, 0x60, 0xDF, 0x94, 0xEC, 0x30, 0x85, 0xF2, 0x24, 0x68,
    0xA7, 0x16, 0xD9, 0x0F, 0x62, 0x52, 0x0F, 0x8A, 0xD3, 0xA4, 0xC9, 0x64, 0xC4, 0xFE, 0x33, 0x80,
    0x50, 0xBE, 0xE2, 0x96, 0x2C, 0xAB, 0x94, 0xE4, 0xA4, 0xA4, 0x61, 0x9F, 0x64, 0x47, 0x8C, 0xB4,
    0x26, 0xA8, 0x27, 0x63, 0xE7, 0xAA, 0xC9, 0xEB, 0xC8, 0x85, 0x4D, 0x58, 0x43, 0xD4, 0x85, 0x6C,
    0x14, 0x61, 0x08, 0x20, 0xB0, 0x05, 0xBA, 0xA8, 0x49, 0x68, 0xCD, 0xB5, 0x81, 0x1C, 0xE4, 0xF9,
    0x43, 0xDD, 0x6D, 0xE2, 0x0D, 0x33, 0x8B, 0x0D, 0x66, 0x96, 0xBC, 0xB6, 0xDA, 0x77, 0x3D, 0x56,
    0xCF, 0xFC, 0x18, 0x79, 0x63, 0xFB, 0xFA, 0xF9, 0xE6, 0xE7, 0x18, 0x24, 0x27, 0xE5, 0x60, 0x15,
    0x0E, 0xF4, 0xD2, 0x30, 0x5B, 0x11, 0x01, 0x72, 0x01, 0xDB, 0x88, 0x5C, 0x25, 0x0E, 0x21, 0x43,
    0x88, 0x22, 0x97, 0x2C, 0xD2, 0xE0, 0x88, 0x0E, 0x51, 0x83, 0xE4, 0x51, 0xF3, 0xAC, 0xEF, 0x32,
    0x0E, 0x8C, 0x90, 0x1F, 0x67, 0xEB, 0x5B, 0xDF, 0x65, 0xBE, 0x61, 0xF5, 0xEB, 0xEF, 0x31, 0x67,
    0xB6, 0xFA, 0xF8, 0x9C, 0x7D, 0xB1, 0xD5, 0x46, 0xDB, 0xF6, 0xD6, 0xDA, 0xA3, 0x7B, 0x1C, 0x0D,
    0xDB, 0xB8, 0xC2, 0x5A, 0xFB, 0xBF, 0xEE, 0xF1, 0x13, 0xCF, 0xC4, 0xFD, 0xA9, 0xFB, 0xFA, 0x75,
    0x5D, 0x9B, 0x85, 0x4F, 0x4A, 0xD2, 0x25, 0xAB, 0x19, 0x58, 0x0F, 0xFE, 0x67, 0x3A, 0x73, 0xF2,
    0x00, 0x0F, 0x23, 0x73, 0xD6, 0xCE, 0xE0, 0x6F, 0x1E, 0x44, 0xC7, 0xAB, 0xA3, 0x1C, 0xCF, 0x4D,
    0x4E, 0x69, 0x37, 0x47, 0x11, 0xFD, 0xA9, 0x5D, 0xC2, 0xA7, 0xB6, 0x0A, 0x7C, 0x06, 0xFB, 0x6D,
    0x88, 0xDD, 0x46, 0xE8, 0x8A, 0xFB, 0xFF, 0x75, 0x44, 0x84, 0x2D, 0x0F, 0x51, 0xD1, 0x33, 0x22,
    0x73, 0xAF, 0xDE, 0x79, 0x38, 0xD7, 0x63, 0xC7, 0x9E, 0x03, 0xB1, 0x45, 0x0F, 0x0B, 0x15, 0x00,
    0x8C, 0x59, 0xC7, 0x9F, 0xB7, 0x48, 0x2A, 0x26, 0x47, 0x00, 0x6C, 0x10, 0xAD, 0xFF, 0x02, 0x10,
    0xA3, 0x24, 0xFB, 0x3D, 0xB3, 0xBB, 0x3B, 0x35, 0x92, 0x7B, 0x87, 0xEF, 0xC8, 0x9E, 0xBC, 0xFD,
    0xAB, 0x6C, 0xFB, 0xD6, 0x13, 0xB6, 0xAF, 0xC0, 0x95, 0x6C, 0xEF, 0x7E, 0x71, 0xD5, 0x04, 0x20,
    0x6C, 0xE4, 0x64, 0x34, 0xC8, 0x23, 0x64, 0x86, 0xB2, 0xC7, 0x1E, 0x16, 0x90, 0x19, 0x3A, 0x62,
    0xE4, 0xC1, 0x4B, 0x4E, 0xC1, 0x1F, 0x1F, 0xA6, 0x6A, 0xF6, 0x72, 0x83, 0xB9, 0xCD, 0x6C, 0xF7,
    0xF3, 0xCB, 0x76, 0xDF, 0xFE, 0xA2, 0x03, 0xF7, 0x27, 0xCD, 0x45, 0x76, 0xA1, 0x96, 0xA8, 0x02,
    0x7E, 0x75, 0x34, 0xB0, 0xD6, 0x52, 0x35, 0x90, 0x39, 0x58, 0x3B, 0xEA, 0x86, 0xC3, 0xB7, 0x67,
    0xEA, 0xAB, 0x03, 0xF7, 0xD4, 0x56, 0x65, 0x46, 0xC9, 0x23, 0xAF, 0x0A, 0x7E, 0xBD, 0xD5, 0x3A,
    0x70, 0x1F, 0xAE, 0xF5, 0xFB, 0x03, 0xB7, 0xF2, 0x17, 0x07, 0xEE, 0x99, 0x67, 0x82, 0x8D, 0x21,
    0x2E, 0x70, 0x71, 0x18, 0xDB, 0xCB, 0x67, 0xE0, 0x7F, 0x7D, 0x61, 0x78, 0x9E, 0xFD, 0xF8, 0xD1,
    0xE3, 0xC9, 0x0B, 0xF6, 0xEA, 0xB5, 0xC4, 0x10, 0x58, 0x1A, 0xC1, 0x76, 0xDD, 0xD4, 0x93, 0x4B,
    0x22, 0x6B, 0x5A, 0x14, 0x4B, 0x8D, 0x62, 0x39, 0xE2, 0xD8, 0x47, 0xFD, 0x6E, 0x69, 0xF2, 0x43,
    0x69, 0x2F, 0xD2, 0x5F, 0x20, 0x0B, 0xDF, 0x0B, 0x43, 0x8A, 0xAC, 0x42, 0x11, 0x59, 0x94, 0xC5,
    0xFB, 0x22, 0xA5, 0x96, 0xD5, 0x72, 0x5A, 0x5E, 0x4B, 0xEC, 0x61, 0x76, 0xA9, 0x65, 0xAD, 0x41,
    0x22, 0x34, 0xCD, 0x56, 0x15, 0xAF, 0x21, 0xC0, 0x21, 0xFC, 0x11, 0xE4, 0x34, 0x60, 0x14, 0xC1,
    0x46, 0x1E, 0x32, 0xD0, 0xA7, 0xCA, 0x1E, 0x03, 0x36, 0xF0, 0x31, 0x2D, 0x06, 0x06, 0x74, 0x02,
    0x29, 0x34, 0x8D, 0x1E, 0x4A, 0xA9, 0xE6, 0xC5, 0x97, 0xBE, 0xFA, 0xF4, 0xD5, 0x08, 0x3B, 0x91,
    0xBF, 0xEC, 0x73, 0x35, 0xD4, 0x50, 0xAA, 0x12, 0xF6, 0x74, 0x7F, 0x04, 0x28, 0xDE, 0x88, 0xF8,
    0xD2, 0x7A, 0xBB, 0x49, 0xAC, 0x37, 0xCF, 0x0A, 0x1B, 0xEA, 0x9A, 0xFB, 0x76, 0x04, 0x0C, 0xC7,
    0x2B, 0xC2, 0x7A, 0x47, 0x08, 0x46, 0x9C, 0xC8, 0x78, 0x0E, 0x21, 0x07, 0x90, 0xDD, 0x67, 0xC4,
    0x93, 0x3D, 0x9F, 0x42, 0x42, 0xA5, 0x5E, 0x4A, 0x6E, 0x8A, 0xFE, 0x6C, 0x1D, 0x99, 0xB8, 0x96,
    0x77, 0x81, 0xEB, 0xAB, 0x85, 0x38, 0x65, 0xBF, 0x27, 0x69, 0xFA, 0x28, 0x32, 0x78, 0xA7, 0x1F,
    0xEC, 0x45, 0xD9, 0x69, 0x80, 0xDD, 0x30, 0xFF, 0xC0, 0x3D, 0x19, 0x8B, 0x3D, 0xB5, 0xA6, 0x63,
    0x32, 0x80, 0x23, 0x3B, 0x17, 0x57, 0x46, 0xA8, 0x1E, 0xD4, 0x16, 0xB3, 0x86, 0x9C, 0x3C, 0x46,
    0xB0, 0xCD, 0x58, 0x59, 0x54, 0x46, 0xD4, 0xAB, 0x50, 0x84, 0x06, 0x46, 0xA6, 0xD8, 0x82, 0xA5,
    0x87, 0xEF, 0x6D, 0xFF, 0xED, 0x99, 0xBD, 0x6D, 0x5F, 0x3F, 0xB3, 0xAF, 0xB6, 0x7A, 0x51, 0x5F,
    0xC9, 0xAF, 0x37, 0x42, 0xF6, 0xEB, 0x7D, 0xD0, 0xEF, 0xB6, 0xC1, 0x12, 0x1D, 0xE9, 0x98, 0x23,
    0x85, 0xD3, 0xFB, 0x28, 0x70, 0x14, 0x4C, 0xBE, 0xDB, 0x36, 0xF6, 0xCF, 0xA2, 0x93, 0x66, 0xC1,
    0xBB, 0xF1, 0x43, 0xF9, 0x6D, 0x51, 0xA6, 0x7F, 0x2F, 0x18, 0xD7, 0x45, 0x47, 0xB9, 0x2F, 0xF9,
    0x65, 0xFF, 0x5A, 0xBF, 0x1C, 0x2B, 0x90, 0xE2, 0xB0, 0x2F, 0x6B, 0x35, 0xEE, 0x93, 0xE0, 0xE1,
    0xB9, 0x0C, 0x13, 0xFC, 0x31, 0x61, 0x89, 0x2E, 0x2A, 0x09, 0x35, 0xD1, 0xB8, 0xA8, 0x20, 0xDE,
    0x11, 0x23, 0xE7, 0x7C, 0x20, 0x58, 0x3A, 0xF2, 0x5E, 0xAC, 0x29, 0x11, 0x5C, 0x0B, 0x13, 0x5B,
    0x32, 0x57, 0x23, 0x9F, 0xC9, 0x1F, 0xEB, 0x21, 0x8D, 0xBD, 0x44, 0x56, 0x25, 0xE9, 0xD3, 0xFD,
    0x1D, 0xE7, 0x48, 0xFB, 0xF5, 0xF5, 0x39, 0x72, 0x73, 0x8D, 0x71, 0x2B, 0xB7, 0xC6, 0xE9, 0xD5,
    0xD3, 0xB5, 0x4B, 0xF6, 0xD9, 0xD8, 0x4E, 0x64, 0x9C, 0x9C, 0x14, 0x1C, 0xAC, 0x10, 0x0E, 0xA0,
    0x93, 0x3F, 0xDB, 0xF3, 0x09, 0x24, 0x1C, 0x69, 0xDD, 0x40, 0xAB, 0x80, 0x3D, 0x59, 0x47, 0xF9,
    0x5D, 0x2B, 0xDD, 0x8E, 0x5F, 0xD7, 0x92, 0x8F, 0x6A, 0xDD, 0x2B, 0xD7, 0xEE, 0x11, 0xA1, 0xE1,
    0xE2, 0x60, 0xE3, 0x01, 0x9D, 0x00, 0x39, 0x3A, 0x28, 0x12, 0xE9, 0x24, 0x1D, 0x5C, 0x26, 0xDE,
    0x8F, 0x21, 0x8A, 0xDD, 0x20, 0xF4, 0x37, 0x50, 0xE0, 0x1A, 0x3C, 0x11, 0x61, 0xD5, 0x81, 0xA8,
    0xAB, 0x38, 0x2B, 0x56, 0x87, 0x58, 0x3B, 0x85, 0x06, 0x24, 0x43, 0xC0, 0xC6, 0x23, 0xB6, 0x11,
    0x7D, 0x44, 0x1B, 0x61, 0x20, 0x53, 0xD0, 0xC7, 0xD5, 0xAB, 0x33, 0xAF, 0xB0, 0x11, 0x9A, 0xD1,
    0x79, 0xEF, 0x67, 0x18, 0x20, 0xFF, 0x64, 0x98, 0x0F, 0x4E, 0xF7, 0x17, 0x8E, 0x31, 0x93, 0xAD,
    0x4B, 0x61, 0xEB, 0x1F, 0xC8, 0x35, 0x6A, 0xB4, 0x8D, 0x44, 0x0D, 0x7A, 0xE4, 0xC7, 0x27, 0xEA,
    0xD6, 0xE9, 0x0D, 0x1B, 0x36, 0x36, 0x88, 0x76, 0x20, 0xCC, 0x41, 0x16, 0xB6, 0xDE, 0x0A, 0xFC,
    0x0B, 0xA1, 0xD9, 0x97, 0x30, 0x27, 0x0B, 0xCB, 0x8E, 0xBC, 0xD0, 0xE5, 0x7F, 0x00, 0xAD, 0x97,
    0xCD, 0xAA, 0x64, 0xAF, 0x0E, 0xC5, 0x17, 0x64, 0x1A, 0xC8, 0xAB, 0x04, 0x9C, 0x0A, 0xBE, 0x7A,
    0xC0, 0xA9, 0xB0, 0x5F, 0x25, 0x50, 0x53, 0xC1, 0x1B, 0xA9, 0xD0, 0xC7, 0xA2, 0x6B, 0x57, 0x9F,
    0xBA, 0xFC, 0x7F, 0xE9, 0xB8, 0x8C, 0x9E, 0xA5, 0xD6, 0xB7, 0x8D, 0x83, 0x11, 0x84, 0x50, 0x9F,
    0xAA, 0x60, 0x2D, 0xA6, 0x45, 0x61, 0xA5, 0x74, 0x54, 0xA7, 0x19, 0xF5, 0x9E, 0x64, 0xF4, 0x3E,
    0x60, 0x54, 0xB5, 0x77, 0x56, 0x23, 0x16, 0x32, 0x00, 0x25, 0xF8, 0x8D, 0x1F, 0x50, 0x32, 0x28,
    0xC0, 0xA1, 0x1C, 0x4A, 0xF6, 0x97, 0x7F, 0xD7, 0x5B, 0xBD, 0x31, 0xAB, 0x5E, 0x2D, 0x74, 0x68,
    0x61, 0x59, 0x3A, 0xF8, 0x9C, 0x4F, 0xBD, 0xF5, 0x2F, 0x0E, 0xFF, 0x90, 0x16, 0x3A, 0x0A, 0xB3,
    0xF8, 0xF5, 0xD9, 0xDF, 0x96, 0xAD, 0xFC, 0x87, 0xB3, 0xBF, 0xFE, 0x23, 0x72, 0x3B, 0x7D, 0x1F,
    0xF8, 0xC0, 0xF6, 0x46, 0x3A, 0x99, 0xA0, 0x46, 0x2C, 0x2C, 0xDB, 0xD1, 0x20, 0xD6, 0x7C, 0x87,
    0x38, 0xD9, 0x73, 0xD6, 0xDF, 0x8E, 0xB5, 0x74, 0xAC, 0xED, 0x87, 0x80, 0x0C, 0x1E, 0x91, 0x7F,
    0x21, 0xA8, 0x19, 0x6B, 0x87, 0xFD, 0x44, 0xC3, 0xDE, 0x23, 0x57, 0xCC, 0x90, 0x5C, 0xF9, 0xF4,
    0x3A, 0xFC, 0xD7, 0x7F, 0xD7, 0x22, 0x96, 0x1D, 0x81, 0x85, 0x9A, 0x21, 0x11, 0x64, 0x79, 0xBA,
    0x10, 0x88, 0x03, 0x6D, 0xA7, 0x65, 0x02, 0x90, 0x10, 0x6E, 0xB6, 0x56, 0x78, 0xB9, 0x01, 0x15,
    0x3F, 0xB9, 0x00, 0xDA, 0x39, 0x33, 0x3D, 0xD3, 0x8E, 0x04, 0x20, 0x47, 0x72, 0xE6, 0x73, 0x56,
    0xEC, 0x75, 0xB3, 0x5C, 0x78, 0xEA, 0xA2, 0xD8, 0x90, 0xA6, 0x4E, 0x40, 0x01, 0xE4, 0xC2, 0xE2,
    0x99, 0x96, 0x8B, 0xDD, 0x9C, 0x6D, 0x9E, 0x67, 0xCA, 0x9D, 0xBC, 0xCD, 0x95, 0xB4, 0x29, 0x8E,
    0x03, 0x86, 0x40, 0x4C, 0x3C, 0x12, 0x8C, 0xCF, 0x90, 0x91, 0xE1, 0x03, 0x52, 0xA5, 0x6E, 0x6D,
    0xC0, 0x04, 0xF9, 0x32, 0x5A, 0x90, 0xF9, 0x2A, 0x39, 0xF7, 0xAF, 0xC5, 0x5F, 0x3E, 0x62, 0x1C,
    0xCA, 0x87, 0x8A, 0x93, 0x6D, 0xB9, 0x1E, 0x0F, 0x67, 0x62, 0x91, 0xC7, 0xC3, 0x06, 0xA1, 0xC9,
    0xE3, 0xFD, 0x47, 0x54, 0x2C, 0x7C, 0x9A, 0x9A, 0xEB, 0x7C, 0xE3, 0x0F, 0x75, 0xE9, 0x53, 0xB9,
    0xA4, 0x76, 0x5A, 0xA3, 0xCC, 0xEF, 0xBE, 0x22, 0x68, 0xEA, 0x20, 0xDA, 0x5A, 0x98, 0xC8, 0xAF,
    0xC7, 0x77, 0xFE, 0xBD, 0xEF, 0x28, 0xE1, 0x2F, 0x33, 0xCF, 0x81, 0x6F, 0xFC, 0x2E, 0xE6, 0xE1,
    0x93, 0xF0, 0xB1, 0x72, 0x97, 0x35, 0xD4, 0xBF, 0x3B, 0x3F, 0x5C, 0x07, 0xC9, 0x62, 0xE2, 0xC2,
    0x24, 0x7E, 0xF9, 0x47, 0x3F, 0x7E, 0x81, 0x22, 0x58, 0x80, 0x87, 0xC8, 0x32, 0xD9, 0xDE, 0x66,
    0x6D, 0xD9, 0x56, 0xA8, 0x20, 0x58, 0xA9, 0x13, 0x5A, 0x9F, 0xEA, 0xFE, 0x54, 0x7B, 0x2A, 0x75,
    0xDB, 0xDA, 0x84, 0xB0, 0x91, 0x29, 0x78, 0x52, 0x69, 0x42, 0x1C, 0xD0, 0xB6, 0xB0, 0x26, 0xE0,
    0x0B, 0x7D, 0x12, 0xC8, 0x26, 0xBA, 0x87, 0xF6, 0x89, 0x2B, 0x54, 0xC8, 0x71, 0x19, 0xA1, 0x92,
    0xD3, 0x65, 0x82, 0xAD, 0x62, 0x0C, 0x27, 0x17, 0xB1, 0x0A, 0xC3, 0x8C, 0x21, 0x27, 0x43, 0x73,
    0x2C, 0x23, 0xBC, 0xA2, 0x18, 0x11, 0xEA, 0x02, 0x07, 0x8F, 0x12, 0xF0, 0xC0, 0x49, 0x38, 0x09,
    0x8C, 0x3B, 0x44, 0x6A, 0x55, 0x35, 0xBB, 0x9D, 0x5F, 0x6D, 0x16, 0x1D, 0xF7, 0xF3, 0x20, 0x83,
    0x41, 0x71, 0x83, 0x7B, 0xAD, 0xCC, 0x44, 0xB8, 0x61, 0x79, 0x9B, 0x3C, 0xA8, 0xE0, 0xD7, 0x10,
    0xD8, 0x54, 0x41, 0x06, 0x31, 0xE4, 0xA7, 0xF9, 0x4F, 0x77, 0xB7, 0x62, 0x7B, 0x64, 0x17, 0x15,
    0x72, 0x96, 0x0D, 0x6F, 0x2D, 0x8E, 0x03, 0xED, 0xCC, 0xA4, 0xDA, 0x49, 0x99, 0xB5, 0x03, 0xAF,
    0xB0, 0x9E, 0xF1, 0xAC, 0x71, 0x20, 0xAE, 0x43, 0x07, 0x06, 0x1C, 0x16, 0x81, 0x6C, 0xD1, 0x26,
    0xFE, 0x6F, 0x94, 0xC5, 0xC5, 0x95, 0xF1, 0x2D, 0x0C, 0x85, 0xE5, 0xB3, 0x75, 0x62, 0xE4, 0x30,
    0x80, 0xB9, 0x35, 0x66, 0xBC, 0x65, 0xEF, 0x88, 0x57, 0x6A, 0xA6, 0xEF, 0xFC, 0xF9, 0x01, 0x91,
    0x63, 0x2A, 0x87, 0x29, 0x87, 0xDB, 0xAF, 0x1C, 0x48, 0x26, 0x2C, 0x23, 0x7B, 0xD9, 0x4F, 0x1A,
    0x28, 0x23, 0x7B, 0xD9, 0x47, 0x32, 0x27, 0x05, 0xCC, 0xEE, 0x66, 0x1B, 0x04, 0xCF, 0x36, 0xFD,
    0x8C, 0x81, 0x41, 0x5C, 0xF3, 0xC5, 0x43, 0x70, 0x3E, 0xA7, 0xC5, 0x95, 0x23, 0xB4, 0x58, 0xC1,
    0x8E, 0x20, 0xDB, 0x93, 0x36, 0xC1, 0x19, 0xFA, 0x27, 0x92, 0xE5, 0x65, 0xEE, 0x28, 0x5E, 0xF0,
    0x13, 0x3F, 0xD0, 0x94, 0xB1, 0x83, 0x26, 0xDE, 0xD2, 0xAC, 0xF8, 0x8E, 0x66, 0xF8, 0x84, 0x69,
    0xE7, 0x41, 0xCE, 0x43, 0x3B, 0xEC, 0xFE, 0x37, 0x2C, 0x7A, 0x20, 0xC0, 0x90, 0x88, 0xE7, 0xA3,
    0x0E, 0x76, 0x4F, 0xFC, 0x6E, 0xCD, 0xBB, 0x3D, 0x2A, 0x57, 0x86, 0xC2, 0x60, 0x04, 0x02, 0x43,
    0xAB, 0x56, 0xBC, 0xA5, 0x91, 0x4D, 0xFC, 0x8A, 0xF3, 0x7D, 0xDD, 0xB9, 0xA8, 0xD8, 0x9A, 0x62,
    0x45, 0x3B, 0xE3, 0x3D, 0x15, 0x35, 0x9B, 0x94, 0xBF, 0x91, 0xA0, 0x06, 0x1A, 0x58, 0x80, 0xDF,
    0x93, 0xCF, 0xDF, 0x76, 0x67, 0xFF, 0x95, 0x73, 0x26, 0xFB, 0xAF, 0xDE, 0x9B, 0xFA, 0xA8, 0x0E,
    0xDF, 0x9B, 0x1D, 0x8A, 0x12, 0x9A, 0x53, 0xE8, 0xCD, 0xD9, 0xDE, 0x28, 0x12, 0xBA, 0x69, 0x3F,
    0xF3, 0x7A, 0xD3, 0x39, 0x75, 0x30, 0x8C, 0x19, 0x3D, 0x66, 0x4D, 0xAA, 0xF5, 0xC1, 0xED, 0xF3,
    0x2F, 0xB5, 0x03, 0x04, 0x50, 0x87, 0x19, 0xC1, 0x7A, 0x27, 0x28, 0x11, 0xCA, 0xD6, 0xF6, 0xD8,
    0x9A, 0x35, 0xCC, 0x2A, 0xAC, 0xDF, 0xFD, 0xD2, 0xBF, 0xA8, 0xF2, 0xCF, 0x7F, 0x9E, 0xB6, 0x2A,
    0x7F, 0xBE, 0x29, 0x7C, 0xD6, 0xDD, 0x90, 0xED, 0x4E, 0x68, 0xFF, 0xE4, 0xA7, 0x50, 0x4A, 0x5D,
    0xF3, 0xB5, 0xA6, 0xBF, 0x6F, 0x1A, 0x6D, 0xAD, 0x59, 0xC9, 0x67, 0x7B, 0x5C, 0xB5, 0x52, 0xE4,
    0xDA, 0x1A, 0xF5, 0x5A, 0xCF, 0x14, 0xDB, 0x63, 0xB3, 0x6E, 0x7D, 0xAC, 0xBA, 0xEB, 0x3D, 0xFE,
    0xEE, 0xF9, 0x1F, 0xD2, 0x9D, 0x59, 0xFB, 0x10, 0x33, 0x66, 0xEB, 0xD7, 0x28, 0x5F, 0xDD, 0x94,
    0xAE, 0x4E, 0xCE, 0x05, 0xFD, 0xEA, 0x30, 0xEE, 0xE8, 0xA3, 0x3C, 0xBE, 0xF4, 0x3F, 0x9C, 0x79,
    0xFB, 0xCD, 0x18, 0xFB, 0x1C, 0xDD, 0xBF, 0xBC, 0x29, 0xBA, 0x0E, 0xED, 0x8B, 0xD5, 0x94, 0xB5,
    0xFB, 0x37, 0xFE, 0xE6, 0xC7, 0xF3, 0x9C, 0xF5, 0x2E, 0x67, 0xEB, 0x03, 0x06, 0xF2, 0x46, 0xC6,
    0x30, 0xF1, 0x75, 0x7F, 0xD3, 0x56, 0x7D, 0xFA, 0xB6, 0xAA, 0x7E, 0xE9, 0x9F, 0xA1, 0xBB, 0x67,
    0x5B, 0xB3, 0x0E, 0xE9, 0xAB, 0x7A, 0x81, 0xB5, 0xC7, 0x6C, 0xA1, 0xA4, 0x05, 0xEB, 0xAD, 0x9F,
    0x9C, 0x8C, 0xF9, 0xE9, 0xDB, 0xCA, 0xFC, 0x95, 0x9F, 0xB9, 0xD1, 0xC5, 0x66, 0x3C, 0x56, 0x1F,
    0x35, 0x94, 0xAD, 0xDB, 0xF6, 0x7B, 0xEB, 0x83, 0x0D, 0x7B, 0x7E, 0xE4, 0xF9, 0x3F, 0xFB, 0x2D,
    0xFD, 0x8D, 0xFE, 0xE5, 0xFF, 0x1F, 0xDD, 0x93, 0x41, 0xAA, 0x23, 0x31, 0x0C, 0x44, 0x0B, 0xBC,
    0x35, 0xE8, 0x2A, 0x05, 0xD9, 0x1A, 0x74, 0xF5, 0x82, 0x7F, 0x80, 0x5C, 0x45, 0x90, 0xAD, 0xC1,
    0x63, 0xA3, 0x26, 0x0C, 0x69, 0x77, 0xC3, 0x04, 0x66, 0xF3, 0x5F, 0x49, 0xA2, 0xE3, 0xB2, 0x42,
    0x22, 0xD4, 0xC0, 0xA2, 0xA8, 0x92, 0x75, 0xA9, 0xB2, 0x08, 0x27, 0x0A, 0x00, 0x9B, 0x75, 0xC9,
    0x03, 0x1F, 0xF8, 0x18, 0xBD, 0x95, 0xE8, 0xFE, 0x7A, 0xB6, 0x56, 0x66, 0x8E, 0x99, 0xF3, 0xF3,
    0x3A, 0x4F, 0x4F, 0xCD, 0x5F, 0xA3, 0xF9, 0x53, 0xCD, 0xFD, 0xD9, 0xDD, 0xD5, 0xD6, 0xF9, 0x3F,
    0xF4, 0xF7, 0xEC, 0x8F, 0xE6, 0x3E, 0x66, 0xAA, 0xBF, 0xFB, 0x93, 0x28, 0xAC, 0x24, 0xBD, 0x83,
    0x53, 0x27, 0x3C, 0x08, 0xC2, 0xB5, 0x5C, 0xDF, 0xFD, 0x3F, 0x55, 0x2C, 0x9F, 0x13, 0xD3, 0xAE,
    0x1F, 0x84, 0xA0, 0x9C, 0xC0, 0x19, 0x3B, 0x3A, 0xB3, 0x5E, 0xFA, 0x01, 0x42, 0x86, 0x1D, 0x39,
    0xD9, 0x55, 0xAF, 0xF1, 0xC0, 0xAD, 0x7B, 0x79, 0x87, 0xF9, 0xCB, 0x53, 0xD0, 0xE7, 0x84, 0x6A,
    0x9E, 0x1E, 0x2A, 0xA8, 0xD8, 0xF1, 0x50, 0x63, 0x82, 0x3D, 0xFB, 0x4D, 0x2A, 0x2A, 0x43, 0x70,
    0x1C, 0xD1, 0x8F, 0x28, 0x33, 0xE2, 0x08, 0x13, 0x46, 0x07, 0x06, 0x6C, 0xC8, 0x2C, 0x5A, 0x09,
    0xBE, 0x8D, 0xD5, 0x92, 0x8F, 0x74, 0x70, 0x8C, 0x98, 0x91, 0x37, 0x9B, 0xFD, 0x75, 0x6D, 0x60,
    0xD6, 0xFC, 0xBA, 0x98, 0x61, 0xD1, 0x5C, 0xD6, 0x91, 0xFC, 0xA6, 0x3D, 0xF9, 0xAF, 0x9B, 0xF2,
    0xFD, 0x9E, 0x28, 0x75, 0x7A, 0xDE, 0x60, 0x02, 0x2D, 0x38, 0xF3, 0xCA, 0x27, 0x3D, 0x88, 0x3B,
    0x7F, 0x3F, 0xBF, 0x84, 0xAC, 0x2A, 0xA8, 0x22, 0xB1, 0xC5, 0x05, 0x7A, 0xEC, 0xFB, 0x09, 0xDE,
    0xEE, 0x79, 0x5D, 0x62, 0x95, 0xA1, 0xAA, 0x6E, 0x7C, 0x43, 0x79, 0xCB, 0x03, 0x5B, 0xBC, 0xF1,
    0x27, 0x85, 0x2F, 0xDE, 0xB3, 0xF4, 0x1B, 0x1F, 0x22, 0x88, 0x1D, 0x16, 0x84, 0x09, 0x74, 0xDD,
    0xED, 0x4E, 0x01, 0x02, 0x97, 0xA8, 0xFE, 0xD4, 0x07, 0xAB, 0x80, 0xDB, 0x19, 0xE3, 0x0A, 0x0B,
    0xA8, 0xCC, 0xFA, 0x07, 0xA5, 0x52, 0xC1, 0xCA, 0x72, 0x3B, 0x0C, 0x1C, 0xE8, 0xB6, 0xD0, 0x57,
    0x09, 0x9C, 0x6D, 0xA1, 0xAF, 0x1E, 0x70, 0x7B, 0xC0, 0x57, 0x09, 0xB8, 0x0D, 0xCC, 0x4D, 0x5A,
    0x8F, 0x16, 0xE5, 0x2E, 0xFC, 0xFE, 0x19, 0x33, 0xD3, 0xB4, 0xB6, 0x09, 0x46, 0x3C, 0xD1, 0x4C,
    0x20, 0x38, 0xFC, 0xC0, 0x11, 0xEB, 0x82, 0xA0, 0x63, 0xC7, 0xD9, 0x5C, 0xCE, 0x43, 0x0E, 0xE9,
    0xDA, 0x75, 0xD4, 0xC3, 0x0A, 0x76, 0x14, 0xAB, 0x55, 0xAA, 0xE0, 0xE8, 0x87, 0xCE, 0x37, 0x6A,
    0x31, 0x6C, 0x68, 0xAC, 0x48, 0x36, 0x4F, 0xA5, 0xA5, 0xEE, 0x80, 0x67, 0xCD, 0xE1, 0x2B, 0x0A,
    0x9A, 0xF7, 0x72, 0x5D, 0xFD, 0xD2, 0x9E, 0xF5, 0x86, 0x0F, 0xE3, 0x83, 0xA4, 0x37, 0xDE, 0x79,
    0x0F, 0x2D, 0x2C, 0xDE, 0xBC, 0x04, 0x9B, 0x7D, 0x72, 0xE8, 0x27, 0x89, 0x60, 0x9D, 0xDA, 0xA7,
    0x5A, 0xEA, 0x50, 0xC0, 0x10, 0x28, 0x4B, 0xF5, 0xAD, 0xC3, 0x51, 0x68, 0x68, 0x04, 0xA8, 0x28,
    0x61, 0x03, 0x61, 0x7A, 0x59, 0x07, 0xDA, 0xB0, 0xDD, 0x48, 0xDA, 0xCB, 0xC6, 0xB2, 0x5E, 0x88,
    0x65, 0x65, 0x96, 0xE2, 0x2D, 0x8C, 0x81, 0x4F, 0x2B, 0x9A, 0xA5, 0x3E, 0xAC, 0xC5, 0xBE, 0xBF,
    0x6C, 0x18, 0x10, 0x46, 0x4F, 0x7B, 0xA1, 0x6B, 0x8C, 0x80, 0x87, 0x75, 0x93, 0x53, 0x6E, 0x93,
    0x8E, 0x0D, 0x03, 0xA2, 0x72, 0x17, 0x1B, 0x12, 0xE3, 0xAC, 0xEF, 0x73, 0xF2, 0x46, 0xB6, 0x60,
    0xBE, 0xEB, 0xCD, 0xD3, 0x6C, 0x99, 0x4E, 0x2B, 0x5A, 0xA6, 0xA1, 0x10, 0xB4, 0x16, 0x96, 0x58,
    0xE6, 0x6F, 0x6B, 0xCD, 0x64, 0x9A, 0x1B, 0xC0, 0xDE, 0x5C, 0xC3, 0x02, 0xF6, 0x65, 0x5A, 0x88,
    0x69, 0x9E, 0x86, 0xCB, 0x2C, 0xAC, 0xBF, 0x4C, 0xC3, 0x04, 0x08, 0xDB, 0xC1, 0xAA, 0xE7, 0x0B,
    0xF5, 0x6E, 0x78, 0xA3, 0x82, 0xA8, 0xED, 0x94, 0x2E, 0xF5, 0xC9, 0xDE, 0xCE, 0x39, 0xBE, 0x10,
    0xDE, 0x30, 0x3B, 0x9D, 0x79, 0xE8, 0x9C, 0x5B, 0x21, 0x42, 0x9B, 0xA7, 0x8E, 0x50, 0x21, 0xE9,
    0x4F, 0xC5, 0x52, 0x50, 0x43, 0x0A, 0x71, 0xE9, 0xDA, 0xDF, 0x75, 0x3F, 0x5D, 0xDF, 0xD7, 0xD4,
    0x36, 0x4B, 0xCD, 0xE3, 0xC8, 0x5E, 0x7D, 0xF8, 0x20, 0x0A, 0xB5, 0x58, 0x28, 0x8A, 0xA6, 0x36,
    0xA0, 0x38, 0x3A, 0xB2, 0x13, 0x4B, 0x2D, 0x1A, 0x6A, 0x0D, 0xA9, 0x3D, 0x74, 0x3C, 0x2C, 0x95,
    0xA1, 0x9C, 0x88, 0x9D, 0xD9, 0xDB, 0x8D, 0xBB, 0x6A, 0x28, 0x42, 0x4B, 0xA8, 0xA5, 0x8E, 0x50,
    0xCF, 0xC2, 0x6D, 0x7D, 0x98, 0x1F, 0xD2, 0x66, 0x43, 0x0B, 0x83, 0xD0, 0xA0, 0xB7, 0x15, 0x8B,
    0x9F, 0x7F, 0x9A, 0x45, 0x97, 0x47, 0xD0, 0x87, 0x20, 0xF9, 0x44, 0x53, 0x99, 0xA8, 0x5A, 0xF4,
    0x90, 0x2E, 0xBD, 0x4A, 0x85, 0xAC, 0x37, 0x86, 0x49, 0x25, 0x57, 0xC4, 0x1A, 0x17, 0x2F, 0x94,
    0x60, 0xB3, 0xA3, 0x06, 0x11, 0xEC, 0x73, 0x15, 0x33, 0xCB, 0xFD, 0x0B, 0x45, 0x73, 0x90, 0xD7,
    0x2B, 0x8B, 0xD8, 0xD0, 0x2C, 0xF2, 0x20, 0xD9, 0x40, 0x0A, 0xA4, 0x36, 0xFB, 0x9F, 0xF7, 0x93,
    0xB1, 0x6E, 0xB6, 0xBF, 0x5F, 0x35, 0x39, 0x7C, 0x79, 0xF0, 0x56, 0xFB, 0xE7, 0xFB, 0x52, 0x2B,
    0x8A, 0x42, 0x8E, 0x7A, 0x06, 0x68, 0xA7, 0x9E, 0x8A, 0x0D, 0xF4, 0x8C, 0x82, 0x8B, 0x5F, 0x20,
    0xF1, 0xFA, 0x3F, 0x93, 0xCB, 0x11, 0xF9, 0xB5, 0xAC, 0xC0, 0xBA, 0xB6, 0xBE, 0xF3, 0x46, 0x4D,
    0x6A, 0x43, 0xC7, 0x99, 0x5A, 0xCF, 0x5A, 0xA5, 0x29, 0x36, 0x08, 0x4E, 0xD0, 0x62, 0xBB, 0x1E,
    0xE2, 0x2A, 0x90, 0x8F, 0xF3, 0xED, 0x97, 0xD0, 0x43, 0x16, 0xB1, 0xA1, 0x59, 0x9D, 0x18, 0x56,
    0x91, 0x91, 0xBC, 0x50, 0x75, 0xD8, 0x39, 0xA1, 0x58, 0x14, 0x54, 0xD0, 0xF7, 0xDF, 0x8E, 0x26,
    0x35, 0x39, 0xC2, 0x17, 0x69, 0xB9, 0xBF, 0xFF, 0x7E, 0x41, 0x04, 0xEB, 0x9A, 0xCD, 0xF0, 0x8F,
    0xCE, 0x64, 0x72, 0x14, 0x1B, 0xA3, 0xC0, 0x1B, 0x0C, 0x1F, 0x28, 0x82, 0xE8, 0xBD, 0xE2, 0x81,
    0x6F, 0x10, 0xA2, 0x22, 0x74, 0x91, 0xA7, 0x2A, 0xF1, 0x35, 0x3F, 0x24, 0xE9, 0x82, 0x06, 0xD8,
    0xBB, 0xFF, 0x41, 0x7A, 0x2F, 0xE6, 0xE3, 0x71, 0xEF, 0xBD, 0x44, 0x30, 0x3D, 0x72, 0x72, 0x45,
    0xD1, 0xDC, 0xF3, 0xCE, 0x74, 0xF6, 0xCC, 0x07, 0x7F, 0xB9, 0x6F, 0xFE, 0xBC, 0x9F, 0xDE, 0xC7,
    0x3A, 0xFB, 0xB1, 0x3E, 0x23, 0xDC, 0x3B, 0x1F, 0x91, 0x47, 0xFC, 0x5E, 0x3F, 0xF6, 0x97, 0x47,
    0xFE, 0xD7, 0xFB, 0x11, 0xFC, 0x63, 0xFF, 0xB9, 0xBF, 0x7C, 0x94, 0x88, 0xDF, 0xEE, 0x3F, 0xEB,
    0x2F, 0x8F, 0xFC, 0xD7, 0xFE, 0xD7, 0xFC, 0x56, 0x64, 0xFE, 0xC7, 0xFA, 0x11, 0x7F, 0xAA, 0xAF,
    0x7D, 0x9B, 0xFF, 0xCC, 0xFF, 0xED, 0xFE, 0xFD, 0x55, 0xFF, 0x3F, 0x95, 0x96, 0x41, 0x8A, 0x63,
    0x3D, 0x0C, 0x84, 0x0B, 0xB4, 0x2D, 0x78, 0x57, 0x29, 0xF0, 0xD6, 0xE0, 0xAB, 0x0B, 0xB2, 0x35,
    0xCC, 0x55, 0x0C, 0xB3, 0x35, 0xE8, 0x8F, 0xE9, 0xA6, 0xFF, 0x88, 0x28, 0xE9, 0xC9, 0x57, 0x18,
    0xC7, 0x11, 0x92, 0x5F, 0x64, 0x59, 0x79, 0x48, 0x18, 0x88, 0x11, 0x84, 0x21, 0xE1, 0xB6, 0x38,
    0xE1, 0xA5, 0x32, 0x0E, 0xC5, 0x86, 0x1E, 0xBE, 0xF7, 0x4A, 0x9C, 0xB6, 0xE0, 0x78, 0x82, 0x12,
    0x23, 0x44, 0xAA, 0xDE, 0xFF, 0x9D, 0xFF, 0xF0, 0x8E, 0x06, 0x39, 0x04, 0xA2, 0xC0, 0x36, 0x3A,
    0xA6, 0x91, 0x10, 0x2A, 0x04, 0xC2, 0x88, 0x89, 0x6E, 0x1B, 0x35, 0x84, 0xE4, 0x0D, 0x1D, 0xC3,
    0xCB, 0x00, 0x32, 0x51, 0x23, 0x28, 0x13, 0x8E, 0x12, 0x3C, 0x72, 0x2A, 0x36, 0x45, 0x3F, 0xAB,
    0x77, 0x5C, 0x7E, 0x1F, 0xB0, 0x45, 0x27, 0x21, 0xD9, 0xF9, 0xE2, 0x33, 0x6C, 0x5D, 0x8E, 0x25,
    0x99, 0x9C, 0x3C, 0x4B, 0xFC, 0x0E, 0x25, 0x8F, 0x90, 0xD7, 0xF9, 0x2F, 0xAB, 0x20, 0x41, 0x19,
    0x23, 0x8C, 0x0F, 0xFE, 0x2F, 0xCE, 0xBE, 0xAE, 0x00, 0x33, 0x72, 0x2C, 0xD2, 0x0C, 0x25, 0xEE,
    0xD2, 0xB5, 0x25, 0x77, 0x94, 0x18, 0xC9, 0xB1, 0x49, 0xE3, 0xEF, 0xF5, 0x7B, 0x6D, 0x3C, 0x21,
    0x97, 0xC6, 0x96, 0x94, 0xE2, 0x5F, 0xBB, 0xFE, 0x0D, 0x39, 0x7E, 0xB6, 0x96, 0xF1, 0x69, 0x46,
    0x1B, 0x9B, 0xB0, 0x97, 0xE5, 0x25, 0x5E, 0x81, 0x57, 0x25, 0x4A, 0x6B, 0x6C, 0x63, 0x53, 0xA6,
    0xDA, 0xBF, 0xA9, 0xF1, 0x0A, 0xA3, 0x09, 0x25, 0x54, 0x9B, 0x7B, 0x88, 0xAC, 0xEC, 0x0E, 0xE7,
    0xD2, 0x8C, 0xD0, 0xE4, 0x7A, 0x3C, 0x5B, 0x7D, 0xC9, 0x9B, 0x77, 0x57, 0xF5, 0xFB, 0x73, 0xFF,
    0xF0, 0x9F, 0xFA, 0x3F, 0xCA, 0x38, 0x64, 0x3F, 0xF5, 0x7F, 0x04, 0x3D, 0xCA, 0x44, 0x0D, 0x7F,
    0xCC, 0x0F, 0xB3, 0x4E, 0xEC, 0xD4, 0x5F, 0x9E, 0x89, 0x05, 0x59, 0xC3, 0x86, 0x00, 0x54, 0xF1,
    0xD7, 0xAB, 0xFC, 0xDB, 0xA6, 0xCD, 0xDB, 0x30, 0xA2, 0x66, 0xB8, 0xEB, 0xD6, 0x7C, 0x43, 0x4F,
    0x96, 0xFD, 0xBE, 0xFF, 0x34, 0x74, 0x8C, 0x7D, 0xEC, 0x77, 0x26, 0xFA, 0xD8, 0xE8, 0x98, 0x78,
    0x82, 0x5B, 0x4B, 0x53, 0x14, 0xAF, 0x85, 0x82, 0xA1, 0x8B, 0x8D, 0xC9, 0x5E, 0xF4, 0x6F, 0xBC,
    0xA3, 0xEC, 0xEF, 0x58, 0x78, 0xD7, 0xDF, 0xDD, 0x9C, 0xFE, 0x41, 0xFF, 0x7F, 0xCB, 0xBF, 0xFC,
    0x3F, 0x60, 0x62, 0xC1, 0x5F, 0xDB, 0xE9, 0x96, 0xF7, 0x76, 0x68, 0x7C, 0xC7, 0x35, 0x10, 0xF9,
    0x8E, 0x51, 0x43, 0x73, 0x51, 0xFF, 0xEB, 0x6A, 0xDC, 0x14, 0xBE, 0x49, 0x3E, 0x29, 0x56, 0x65,
    0x2F, 0xE3, 0xEF, 0xD9, 0xA8, 0x2C, 0xAA, 0x7C, 0xBE, 0x22, 0xFE, 0xB3, 0xE7, 0x6C, 0x63, 0x53,
    0xE5, 0xE9, 0x6E, 0x20, 0x7B, 0x3F, 0xED, 0x92, 0x9F, 0x2E, 0xDF, 0x6F, 0x1F, 0xDB, 0xEF, 0x83,
    0xF5, 0xD9, 0x39, 0xD7, 0xDD, 0x7E, 0x1B, 0x9B, 0xEB, 0xD9, 0x6E, 0x47, 0x1A, 0xDB, 0xEC, 0x3E,
    0x74, 0x56, 0xCF, 0x18, 0xAE, 0xAD, 0xFB, 0x30, 0x24, 0xDC, 0x74, 0x75, 0x53, 0x52, 0xDD, 0xC3,
    0x7C, 0x2C, 0x70, 0xAC, 0xBC, 0xF7, 0xB3, 0xE7, 0x89, 0x56, 0xBF, 0x3F, 0x8C, 0xED, 0x96, 0x73,
    0x57, 0xED, 0x5F, 0xF9, 0x0F, 0x6F, 0xE8, 0xDE, 0x84, 0x09, 0xD5, 0xDD, 0x01, 0xD3, 0x3A, 0x67,
    0x03, 0x51, 0x41, 0x34, 0x70, 0x5A, 0xC7, 0xB4, 0x8D, 0x0A, 0x61, 0x36, 0x75, 0x6F, 0x18, 0x8E,
    0x4C, 0xCA, 0x5E, 0x14, 0x19, 0x4C, 0xD9, 0x89, 0x94, 0xA1, 0x04, 0x21, 0x46, 0x93, 0x13, 0x2F,
    0x90, 0x38, 0xC3, 0x88, 0x97, 0xEF, 0x57, 0xD7, 0xFE, 0x1A, 0x59, 0xD9, 0xF2, 0x4B, 0xFF, 0x1F,
    0x6F, 0xDE, 0x1F, 0x01, 0x87, 0xA7, 0x4F, 0x19, 0x81, 0x3B, 0xFF, 0xFF, 0xF9, 0x93, 0x5F, 0xDA,
    0xBF, 0xE8, 0xB3, 0xD1, 0xD1, 0xF0, 0x82, 0x89, 0x1E, 0xB9, 0xF7, 0xE6, 0xFC, 0xA3, 0x85, 0x5B,
    0x8B, 0x0B, 0x96, 0x9F, 0x5F, 0xE4, 0x18, 0xA6, 0xA4, 0x55, 0xDC, 0xB0, 0x15, 0xD3, 0x2D, 0x26,
    0xD2, 0xD3, 0xD9, 0xCA, 0x9E, 0x63, 0x90, 0xA9, 0xFE, 0x72, 0xFC, 0xF5, 0xED, 0xB1, 0xB2, 0xBD,
    0x5F, 0xFC, 0xA1, 0x5F, 0xB2, 0x11, 0xA9, 0xBE, 0xF7, 0x5B, 0xFB, 0xE2, 0xEC, 0x7F, 0x38, 0xBF,
    0x74, 0x3E, 0xEB, 0x36, 0xE2, 0x21, 0xFA, 0x1C, 0x23, 0xEF, 0x40, 0x5E, 0xBB, 0xB6, 0xE7, 0xF8,
    0x09, 0xEF, 0x6B, 0x4C, 0xD9, 0x98, 0xBD, 0x38, 0x9D, 0x11, 0x42, 0x5B, 0xCD, 0x9B, 0x44, 0x99,
    0x50, 0xB4, 0x37, 0x93, 0xD1, 0xAC, 0xE1, 0xAF, 0xFD, 0x85, 0x8D, 0xF8, 0xE0, 0xFE, 0xD6, 0x0C,
    0x38, 0xDC, 0x15, 0x11, 0xFB, 0xCC, 0x18, 0xB5, 0x0F, 0xC5, 0x7D, 0xA5, 0xFE, 0x3D, 0xD7, 0x10,
    0x95, 0xEB, 0x32, 0x02, 0x2C, 0xE6, 0x04, 0x25, 0x45, 0x28, 0xFB, 0xE6, 0x9D, 0x18, 0x41, 0x16,
    0xF6, 0x8A, 0x1B, 0x61, 0x66, 0xB8, 0x22, 0xFC, 0xCC, 0x67, 0xFD, 0x09, 0x66, 0x02, 0x4D, 0x18,
    0x11, 0x71, 0xE6, 0xB3, 0xFE, 0x08, 0xBA, 0x83, 0xDF, 0xF9, 0xA3, 0xEB, 0xAC, 0xF1, 0x01, 0xC6,
    0x1B, 0x48, 0xF7, 0x11, 0xB1, 0xCE, 0x7C, 0xD6, 0xEF, 0x21, 0x3A, 0xFE, 0x44, 0x07, 0xF1, 0x02,
    0xA1, 0xC7, 0x5F, 0x74, 0x08, 0xFF, 0x82, 0x1B, 0xCC, 0xCD, 0x19, 0xA1, 0x33, 0x9F, 0x75, 0x06,
    0xF8, 0x0F, 0x9D, 0x9A, 0xD1, 0x8A, 0xFC, 0xAC, 0x0E, 0xC0, 0x03, 0xB9, 0x0D, 0xF8, 0x2A, 0x01,
    0x6F, 0x05, 0x5F, 0x3D, 0xD0, 0x5B, 0x61, 0x5F, 0x45, 0xD8, 0x5B, 0xA1, 0xC7, 0x8C, 0x1B, 0x66,
    0x6C, 0xCC, 0xF0, 0x3F, 0x5F, 0x42, 0xAD, 0xF5, 0x67, 0x92, 0xDA, 0xBA, 0xAD, 0xCD, 0x2C, 0xFC,
    0x09, 0x23, 0x63, 0x1A, 0x34, 0x05, 0x59, 0x15, 0x64, 0xEA, 0x87, 0xA0, 0x10, 0x4F, 0x85, 0xA5,
    0x5A, 0xC7, 0x9D, 0x77, 0x7A, 0x01, 0x1C, 0xA4, 0x70, 0x4A, 0xDA, 0x78, 0x1D, 0xCB, 0xF0, 0xB5,
    0xB7, 0x9A, 0x09, 0x03, 0xCF, 0xA3, 0x06, 0x0D, 0x67, 0x2B, 0xD2, 0x92, 0x3A, 0x78, 0x82, 0x5D,
    0xF0, 0x97, 0x88, 0x33, 0x5F, 0x19, 0x89, 0x72, 0xDF, 0x90, 0x80, 0x20, 0xAB, 0x2E, 0x6B, 0xC6,
    0x7A, 0x6F, 0xF1, 0x6F, 0x9E, 0x36, 0xD1, 0xF8, 0x4C, 0xD2, 0x2B, 0xE6, 0x8A, 0x9C, 0xC6, 0x03,
    0x32, 0xF0, 0xE4, 0xC2, 0x52, 0x47, 0x86, 0x3C, 0xB9, 0x0E, 0xE3, 0xEC, 0xA3, 0x0E, 0x6F, 0xAF,
    0x52, 0xFB, 0xFB, 0x1A, 0xD4, 0xEE, 0xFD, 0xD7, 0xAE, 0x57, 0x41, 0xAF, 0x01, 0x4E, 0xEE, 0xFD,
    0x9B, 0x8F, 0x3A, 0x9E, 0xF6, 0x75, 0x78, 0xDD, 0xC7, 0x4F, 0x4E, 0x6A, 0xFD, 0xE0, 0xF5, 0xC0,
    0xEF, 0x4F, 0xFF, 0x4C, 0x04, 0xA8, 0xD7, 0x99, 0x41, 0x10, 0x08, 0x98, 0x34, 0xC2, 0xFD, 0x21,
    0xEF, 0x58, 0xB3, 0x10, 0xD5, 0x59, 0x93, 0xC7, 0x95, 0x16, 0xEC, 0x20, 0x21, 0x2F, 0x7F, 0x5B,
    0x5F, 0x1B, 0x4E, 0x92, 0x74, 0xDB, 0x11, 0xCA, 0x1F, 0xD2, 0x60, 0xFF, 0x60, 0xB1, 0x5D, 0x64,
    0x9A, 0x8A, 0x6B, 0x24, 0x3A, 0x16, 0x6D, 0x78, 0x8A, 0x50, 0xD3, 0xB3, 0xC4, 0x4E, 0x6D, 0xF6,
    0x39, 0x0A, 0xCA, 0xFE, 0x37, 0x50, 0xE1, 0x16, 0xD5, 0x6A, 0x87, 0x6C, 0x5A, 0xD7, 0x7C, 0xEB,
    0x53, 0xD9, 0x26, 0x74, 0xA9, 0xC8, 0x85, 0x75, 0x3B, 0xF3, 0x5C, 0xB3, 0xB5, 0x3B, 0xBE, 0x4B,
    0x2A, 0x2C, 0x2C, 0xA9, 0x80, 0x89, 0xE7, 0x17, 0x5F, 0x31, 0xE7, 0x0F, 0xAD, 0x03, 0x4E, 0x42,
    0x76, 0xC7, 0x23, 0x8E, 0xCA, 0x99, 0x78, 0x72, 0x76, 0xB4, 0x41, 0x47, 0x2E, 0x6B, 0x04, 0x6D,
    0xBF, 0x82, 0x5E, 0x1D, 0x6F, 0xD8, 0x75, 0x9F, 0x24, 0x3B, 0x4E, 0xEC, 0xD5, 0xF1, 0x32, 0xB7,
    0x9E, 0x66, 0xAD, 0x38, 0xFE, 0xF9, 0xD4, 0x58, 0x4F, 0x0C, 0xC6, 0x27, 0xD6, 0x36, 0x65, 0xD1,
    0x13, 0x23, 0xF5, 0xFD, 0x04, 0x9C, 0xFD, 0x46, 0x93, 0x4D, 0xC4, 0x02, 0x0D, 0xC4, 0x2B, 0x49,
    0x5A, 0xBC, 0x61, 0x46, 0xF6, 0x9A, 0xB9, 0x88, 0x62, 0xCC, 0xD4, 0x4E, 0xDA, 0xDA, 0x2F, 0xEF,
    0xFE, 0xB1, 0x6B, 0x3B, 0xF6, 0xC8, 0x7F, 0x1A, 0x79, 0x4A, 0x1A, 0x67, 0xFF, 0x75, 0xB4, 0x1F,
    0xD5, 0x3A, 0x42, 0xFF, 0xBF, 0xF4, 0x43, 0xF7, 0x7E, 0xFE, 0x9E, 0xDB, 0x19, 0x78, 0x9E, 0x7B,
    0x69, 0xB5, 0x39, 0xBE, 0xCD, 0x81, 0x3F, 0x93, 0x29, 0x3B, 0xB3, 0xD6, 0x67, 0x4F, 0x18, 0x78,
    0xAB, 0xC2, 0x00, 0xF0, 0x7F, 0x9D, 0xDE, 0x7A, 0xAF, 0xF9, 0xE8, 0x75, 0x40, 0x24, 0x65, 0x2A,
    0x54, 0xB1, 0xDA, 0xF9, 0xEC, 0xEA, 0xB0, 0xDA, 0xC9, 0x7B, 0x22, 0xEE, 0x56, 0xF7, 0x62, 0x3C,
    0x16, 0xEE, 0x89, 0x02, 0x64, 0xF6, 0x17, 0x95, 0x90, 0x02, 0x0B, 0x5F, 0x70, 0x81, 0xEF, 0x61,
    0x4F, 0x48, 0x41, 0x7B, 0x5A, 0x7A, 0xE1, 0xA9, 0x92, 0x5A, 0x66, 0x04, 0x9A, 0x7A, 0x92, 0x3A,
    0xA2, 0x51, 0x58, 0xBB, 0xF5, 0xF2, 0x9E, 0xCD, 0x37, 0x4E, 0xAE, 0xFE, 0xB5, 0xD1, 0x5B, 0x7A,
    0x7B, 0xE3, 0x6A, 0x32, 0x89, 0x2C, 0x7B, 0xDE, 0xBC, 0xA7, 0xC6, 0x7D, 0x91, 0xF5, 0x64, 0x33,
    0xEF, 0xDE, 0x4B, 0x74, 0xF6, 0xE6, 0x05, 0x41, 0xCF, 0x92, 0x80, 0x42, 0x5B, 0x77, 0x7E, 0x8E,
    0x6B, 0xE9, 0xEF, 0x6B, 0x34, 0x3E, 0x13, 0xA6, 0xD4, 0xED, 0x29, 0x74, 0xE2, 0x28, 0x6B, 0xD6,
    0x95, 0x62, 0xB3, 0x2B, 0xEA, 0x51, 0x87, 0x27, 0x28, 0x51, 0x7C, 0xA3, 0xC6, 0xFC, 0xFC, 0x2D,
    0x53, 0x37, 0x5B, 0x6D, 0x70, 0x1D, 0x8C, 0x1B, 0xF6, 0x92, 0x87, 0x95, 0x67, 0xA9, 0xCD, 0xCA,
    0x80, 0x0F, 0x5A, 0xEF, 0xA5, 0xF0, 0xED, 0x1D, 0x5D, 0x5F, 0xBB, 0xA6, 0x8E, 0x63, 0x9F, 0x70,
    0xAC, 0xA6, 0x51, 0xE7, 0x61, 0xB2, 0xD1, 0xEB, 0x5A, 0x68, 0xD8, 0x06, 0x26, 0x8F, 0xF6, 0x57,
    0xDF, 0x9E, 0x64, 0xDA, 0x2E, 0x1F, 0x55, 0xFD, 0x09, 0x04, 0xF6, 0xE7, 0x76, 0x49, 0x03, 0x3B,
    0x72, 0x78, 0x7F, 0x04, 0x99, 0x28, 0x8D, 0x88, 0x23, 0x21, 0xD7, 0x92, 0xB9, 0x86, 0x1E, 0x8A,
    0x64, 0x56, 0x3D, 0xD1, 0x04, 0xBC, 0x9E, 0x0A, 0xEA, 0xE9, 0x60, 0x9F, 0x3E, 0xB6, 0xF2, 0xB1,
    0xF5, 0x7D, 0x1C, 0xEF, 0x85, 0xDA, 0xDE, 0xAE, 0x5D, 0xC7, 0xC7, 0x7A, 0xEE, 0x63, 0xB9, 0x67,
    0xE3, 0xDF, 0xF7, 0x71, 0x3C, 0xDB, 0x2C, 0x9E, 0xEE, 0x2D, 0x9E, 0xAD, 0x1B, 0xE3, 0x78, 0xCF,
    0x99, 0xB4, 0x6D, 0x26, 0x28, 0xCA, 0xB4, 0xFF, 0x2D, 0xEA, 0x18, 0x20, 0xDD, 0x7D, 0x56, 0x86,
    0x56, 0x64, 0x55, 0x60, 0xB6, 0xAE, 0xDA, 0x6A, 0xB3, 0x6A, 0x87, 0x65, 0x31, 0x6D, 0xCD, 0x8B,
    0x85, 0xBD, 0xA7, 0xC8, 0xE4, 0x66, 0xDB, 0x95, 0x6B, 0x2F, 0x74, 0x6E, 0xCC, 0x76, 0xD5, 0x2C,
    0xB0, 0xF6, 0x53, 0x0B, 0xB5, 0x35, 0x2F, 0x5D, 0x8B, 0xB7, 0x7B, 0xBB, 0xD5, 0x28, 0x45, 0xC3,
    0x96, 0xF3, 0x4C, 0x58, 0x4C, 0xFB, 0x78, 0xBE, 0xDB, 0xFB, 0x67, 0xED, 0x66, 0x4F, 0x07, 0x6E,
    0x72, 0x21, 0x11, 0xB3, 0x5C, 0xC0, 0x42, 0x8C, 0x04, 0xD7, 0x8E, 0xAD, 0xDD, 0xFA, 0xED, 0x78,
    0x12, 0xC1, 0xC9, 0x55, 0xAD, 0xFE, 0x89, 0xA7, 0xB2, 0x64, 0x8B, 0xDD, 0xF0, 0xFD, 0xA4, 0x47,
    0xD9, 0x8A, 0xA4, 0x65, 0xAA, 0x5A, 0xF8, 0x9B, 0xB9, 0x2A, 0x5A, 0x60, 0x57, 0x26, 0xFE, 0x66,
    0x26, 0xB5, 0xA8, 0x7A, 0x33, 0x0B, 0x54, 0x59, 0x23, 0x57, 0x08, 0x7D, 0x15, 0x2E, 0x64, 0x7F,
    0x4D, 0xC6, 0x57, 0xD1, 0x93, 0xDE, 0xAE, 0xE1, 0x6E, 0xF0, 0x0A, 0x85, 0xBD, 0xCE, 0xE2, 0x47,
    0x6B, 0x87, 0x1B, 0x7C, 0x6B, 0xAF, 0xA2, 0x21, 0xB4, 0xF8, 0x16, 0xF2, 0xFA, 0x36, 0xC0, 0x61,
    0x03, 0x84, 0xAE, 0xAC, 0x07, 0x03, 0x4C, 0x3A, 0xC0, 0x0A, 0x36, 0xC0, 0x62, 0xD3, 0xE9, 0x14,
    0xB2, 0xCF, 0x62, 0x1B, 0xE0, 0x4F, 0x30, 0x40, 0x78, 0x0D, 0xF0, 0xFE, 0x36, 0xC0, 0x6A, 0x03,
    0x3C, 0x87, 0x3C, 0xCD, 0x48, 0xF7, 0x5E, 0x75, 0x33, 0xDA, 0x71, 0x9E, 0x3A, 0x26, 0x13, 0x14,
    0x1C, 0xFA, 0x66, 0x2F, 0xFB, 0x9B, 0x5D, 0x40, 0xAA, 0xB2, 0x69, 0x5F, 0x61, 0x72, 0x2A, 0x5D,
    0xB9, 0x8F, 0xFD, 0x8E, 0x72, 0x8E, 0xFD, 0xEE, 0xB9, 0xCD, 0xD4, 0x81, 0xBC, 0x62, 0x57, 0x20,
    0xA1, 0x91, 0x27, 0x96, 0xA9, 0x76, 0x6E, 0xE5, 0x1D, 0xBB, 0xA4, 0x69, 0x9F, 0x84, 0x0A, 0x4F,
    0xF0, 0x9C, 0xEF, 0x7F, 0xBE, 0xF9, 0x75, 0xE4, 0x06, 0x48, 0x7F, 0x67, 0xE1, 0xD7, 0x3C, 0xBB,
    0x7D, 0x61, 0x6C, 0xDA, 0x3D, 0xB4, 0x2F, 0x59, 0x7D, 0x84, 0xF6, 0xC0, 0xA5, 0x5C, 0xED, 0x5B,
    0xFC, 0x7C, 0x95, 0xF2, 0xC0, 0x05, 0x1A, 0x74, 0xD0, 0x11, 0x0A, 0x32, 0x4D, 0xD9, 0xF9, 0x14,
    0x21, 0x41, 0xD1, 0xBB, 0x94, 0x40, 0xAF, 0x0F, 0x1D, 0x73, 0x38, 0x96, 0xC1, 0x89, 0x72, 0x30,
    0x96, 0x81, 0x39, 0xE7, 0x78, 0xB2, 0x7A, 0x5E, 0x9E, 0xDC, 0xE8, 0x56, 0x8E, 0xC6, 0x65, 0x68,
    0x82, 0xF8, 0x75, 0x7C, 0x8D, 0x6F, 0xDC, 0xE5, 0x98, 0x2C, 0xC3, 0x54, 0x07, 0x7F, 0x89, 0x6F,
    0x3C, 0x8C, 0xCF, 0x75, 0xE0, 0xB7, 0xF8, 0x52, 0x07, 0xF9, 0xEF, 0xD5, 0x96, 0xA9, 0x8E, 0x3C,
    0xF7, 0xB6, 0xC2, 0xDC, 0xB9, 0x6A, 0x6E, 0x79, 0xD2, 0x33, 0xCF, 0x53, 0x6B, 0x9B, 0xA5, 0xE3,
    0x2A, 0x75, 0x7C, 0xCF, 0x37, 0x1C, 0x33, 0x84, 0xA1, 0x7D, 0x1D, 0xB1, 0x7D, 0xC4, 0xFD, 0xF7,
    0xFA, 0x71, 0x8C, 0x41, 0x7C, 0xEC, 0xD4, 0xF8, 0xAA, 0x37, 0x5F, 0xD4, 0xB0, 0x1F, 0x39, 0x31,
    0xAE, 0x7C, 0x63, 0xC4, 0xB3, 0xE6, 0x30, 0x73, 0xCC, 0x2D, 0xC7, 0x19, 0xFB, 0xE7, 0x8B, 0xBF,
    0xF1, 0x4B, 0x23, 0x7C, 0xE5, 0xBF, 0xDF, 0xF8, 0xA4, 0x98, 0x7F, 0x63, 0xAE, 0x34, 0x8A, 0xAF,
    0x57, 0x86, 0x2F, 0x2B, 0x8F, 0x1C, 0x19, 0xAD, 0x3C, 0xF1, 0x92, 0xD6, 0xF5, 0x29, 0x29, 0xB6,
    0xE7, 0x2B, 0xB2, 0xB7, 0xB9, 0xB1, 0xF6, 0x5E, 0xF6, 0x3C, 0xF4, 0xC9, 0x3F, 0xC8, 0x87, 0x7A,
    0xF9, 0xA0, 0x3E, 0x3E, 0xFD, 0x69, 0xEA, 0x56, 0x73, 0x7C, 0x51, 0xEB, 0x11, 0x9D, 0x7D, 0x30,
    0x82, 0x6C, 0x3A, 0xAC, 0xF6, 0xE0, 0xFC, 0xA7, 0xD5, 0x6A, 0x47, 0xFB, 0xF1, 0xF6, 0xE0, 0xE3,
    0xAF, 0x1C, 0xB7, 0x96, 0x3E, 0xBE, 0x51, 0xEB, 0x71, 0x3C, 0x3F, 0x9E, 0x3A, 0xB4, 0xF4, 0xFE,
    0x8D, 0xBE, 0x7B, 0x3C, 0xA4, 0x3F, 0xDE, 0x5F, 0x7D, 0xC7, 0xE9, 0xF1, 0xFE, 0x4A, 0xE0, 0x65,
    0xB2, 0x56, 0x08, 0x1B, 0x94, 0x28, 0x6D, 0x93, 0x85, 0x4B, 0x16, 0x8F, 0xBD, 0x7D, 0x1D, 0x5F,
    0xED, 0x3D, 0x77, 0x92, 0x00, 0x3A, 0x0B, 0x0E, 0xBE, 0xEF, 0xA1, 0x7B, 0x3D, 0x86, 0x48, 0x02,
    0xFB, 0x2A, 0x48, 0xF5, 0xBE, 0x49, 0xF7, 0xFF, 0xAF, 0xFD, 0xFA, 0xCC, 0x62, 0x4E, 0x77, 0x67,
    0xDD, 0xAF, 0xE3, 0x58, 0xD6, 0xAC, 0x2F, 0xC9, 0x6A, 0x9B, 0xA7, 0x01, 0xE2, 0xD4, 0xC9, 0x47,
    0xC6, 0xD4, 0xBF, 0x83, 0x57, 0x8B, 0x20, 0xDB, 0xDB, 0xDD, 0xF3, 0xDD, 0x43, 0xF8, 0x17, 0x2E,
    0x3C, 0x35, 0xCC, 0x59, 0x17, 0x68, 0x48, 0x44, 0x3B, 0x7F, 0xFE, 0x46, 0xA4, 0xFA, 0xCC, 0xF7,
    0xBA, 0xDF, 0x89, 0xE2, 0x7C, 0xAF, 0x7B, 0x87, 0x78, 0x6A, 0xEF, 0x3F, 0xFF, 0x7D, 0xEE, 0x46,
    0xE7, 0xF2, 0x2B, 0xA1, 0xD8, 0xF7, 0x7F, 0x60, 0xCB, 0x44, 0x5C, 0x07, 0x31, 0xD3, 0xC9, 0x0B,
    0xE3, 0xFB, 0xF9, 0xCA, 0x78, 0xE4, 0x94, 0x99, 0x25, 0x73, 0xA1, 0x33, 0xA7, 0x84, 0x19, 0x2E,
    0xCC, 0xE4, 0xEC, 0xED, 0xE2, 0xE3, 0xDF, 0x18, 0x1D, 0xB2, 0x0E, 0xEC, 0x79, 0x98, 0xFD, 0x72,
    0xF1, 0xA3, 0xBB, 0xE3, 0xEF, 0x31, 0x63, 0xF0, 0x1B, 0xDF, 0xEB, 0xD9, 0xC7, 0xB3, 0x96, 0x8E,
    0xEB, 0xB3, 0x4A, 0xBA, 0xC6, 0xAA, 0x7E, 0x8D, 0xB8, 0xEC, 0x51, 0xAF, 0x9E, 0xC9, 0x93, 0xBF,
    0x09, 0x5F, 0x8C, 0xBB, 0xFF, 0xCF, 0xAC, 0xBC, 0xE9, 0xE9, 0x37, 0x8D, 0x3A, 0xDE, 0x65, 0xF0,
    0x6B, 0x0C, 0xA1, 0x7A, 0x63, 0xBF, 0xBE, 0x5F, 0x57, 0x9F, 0x57, 0xAF, 0x79, 0x1C, 0x0A, 0xD1,
    0xC4, 0xDA, 0x4F, 0x04, 0x11, 0x5F, 0x87, 0xBA, 0xD7, 0x63, 0x6D, 0x7F, 0x35, 0xC4, 0xA2, 0x5D,
    0x9C, 0x8D, 0xF9, 0x32, 0xD7, 0x26, 0x3E, 0xD3, 0xB0, 0x7F, 0x87, 0xF9, 0x4C, 0xC3, 0xD6, 0x7F,
    0x93, 0x98, 0xA9, 0x38, 0xDF, 0xEE, 0xEA, 0x61, 0x2B, 0xE1, 0xF7, 0x91, 0x36, 0x64, 0xA1, 0x12,
    0x7C, 0x1F, 0x31, 0x32, 0x16, 0x6A, 0xBD, 0xFF, 0x7D, 0x21, 0xAE, 0xA9, 0xF8, 0x76, 0x41, 0xD0,
    0xB8, 0x31, 0xD3, 0xCF, 0xFA, 0x4A, 0x4B, 0x50, 0xA6, 0x6E, 0x9C, 0x80, 0xAB, 0xAD, 0xEF, 0xA1,
    0xDA, 0xFA, 0xFE, 0xC1, 0x6D, 0x7D, 0xEF, 0xB8, 0x5F, 0xFF, 0x8A, 0xF6, 0x09, 0xD7, 0xBF, 0xC6,
    0x83, 0x7C, 0x4D, 0x6A, 0xB9, 0x93, 0x8D, 0xD0, 0xE7, 0x6B, 0x8C, 0x47, 0xDF, 0x96, 0xC5, 0xF8,
    0xF1, 0xCB, 0x92, 0xD8, 0xDB, 0x9B, 0x8F, 0x81, 0xA5, 0x34, 0x6C, 0x38, 0xF0, 0xF8, 0x81, 0x5A,
    0x24, 0xF7, 0x5C, 0x8A, 0x54, 0x50, 0xEB, 0xEF, 0xF6, 0x75, 0x7C, 0xB7, 0xAF, 0x83, 0xDD, 0x73,
    0xD5, 0xED, 0x9D, 0xFC, 0xFE, 0xFC, 0xFE, 0x04, 0x2F, 0xE3, 0xF4, 0x69, 0xD7, 0xA7, 0xBE, 0xC5,
    0x8E, 0x8D, 0x5B, 0xFF, 0x40, 0x74, 0xF1, 0x28, 0xF0, 0xCE, 0xA3, 0xDE, 0xB7, 0xD5, 0xB5, 0x7D,
    0xF1, 0x40, 0x9C, 0xBD, 0xAA, 0xDA, 0xAB, 0x7A, 0x7B, 0xFF, 0xFC, 0xA3, 0x3A, 0x98, 0xFC, 0xD3,
    0xCF, 0x52, 0x9F, 0xA7, 0xF3, 0xC3, 0x7F, 0x3C, 0x3F, 0xED, 0xF7, 0x5F, 0xED, 0xEB, 0x88, 0xFE,
    0x07, 0xC3, 0xC4, 0x71, 0xB5, 0x09, 0xCE, 0xA3, 0xBF, 0xE6, 0x16, 0xBF, 0x42, 0xF5, 0x6D, 0x4F,
    0x7F, 0x3C, 0x16, 0x4B, 0x51, 0x59, 0x6F, 0x9A, 0xC7, 0xB7, 0x58, 0x5D, 0xDB, 0x95, 0xFF, 0xAB,
    0xBD, 0xAA, 0x66, 0xD8, 0xE8, 0x6C, 0xEF, 0xDE, 0x3F, 0xEB, 0xFE, 0x1C, 0x33, 0x14, 0xEA, 0x27,
    0x38, 0x3F, 0x6D, 0xFF, 0xEE, 0xBF, 0x8E, 0xF8, 0x7F, 0x50, 0x0E, 0xF7, 0x51, 0xEC, 0x7E, 0x61,
    0x70, 0x6C, 0x7D, 0xFF, 0x07, 0xAD, 0x93, 0x41, 0x8A, 0x04, 0x31, 0x08, 0x45, 0x03, 0x6E, 0x1B,
    0xBC, 0x4A, 0xC1, 0x6C, 0x03, 0x5E, 0x3D, 0xD0, 0x07, 0xE8, 0xAB, 0xE4, 0x00, 0x82, 0xA3, 0x5F,
    0x5B, 0xAA, 0xA8, 0x62, 0x56, 0x93, 0x34, 0xDF, 0x47, 0x42, 0xC7, 0xAF, 0xA9, 0x8C, 0x31, 0x58,
    0xC9, 0x3C, 0x0C, 0x11, 0xFE, 0x2C, 0x8F, 0xEA, 0x80, 0x38, 0x85, 0x3D, 0x90, 0x0E, 0x6C, 0xD3,
    0x1E, 0x1A, 0x91, 0x37, 0x3D, 0x45, 0x32, 0x1F, 0xDB, 0x41, 0x36, 0x63, 0x5D, 0x16, 0xEF, 0xA7,
    0x68, 0x4B, 0x32, 0xFA, 0xCA, 0x1F, 0x11, 0x69, 0xEF, 0xF1, 0x9E, 0x7E, 0xD1, 0xF9, 0xF8, 0x29,
    0xCC, 0x97, 0x22, 0x1C, 0xC6, 0xC9, 0x55, 0x3A, 0x70, 0x61, 0x53, 0x57, 0x79, 0x87, 0x1A, 0x29,
    0x12, 0x6C, 0x54, 0x89, 0xC3, 0x5B, 0xCB, 0x0D, 0x8A, 0x0B, 0x5D, 0xB1, 0x22, 0xAD, 0xE6, 0xF3,
    0x41, 0x49, 0x49, 0x53, 0x0F, 0xE8, 0x0E, 0xBF, 0xB6, 0xA0, 0x38, 0x58, 0x5D, 0x51, 0xAE, 0xA4,
    0x86, 0x4C, 0xA8, 0xA6, 0x6A, 0xBA, 0x2E, 0xCB, 0xAC, 0xEC, 0x2A, 0xA8, 0x45, 0x05, 0x09, 0x38,
    0x14, 0x4D, 0xE0, 0xB3, 0xA2, 0x0D, 0x12, 0x4A, 0xA6, 0xCD, 0xED, 0xF6, 0xAC, 0xB6, 0xDA, 0x6D,
    0xEB, 0xBF, 0x7A, 0x8E, 0x1F, 0x6C, 0x0F, 0xB3, 0xBC, 0x14, 0x52, 0x01, 0x4C, 0xDE, 0x01, 0xA4,
    0x61, 0x2F, 0x60, 0xE3, 0x38, 0xA4, 0xB1, 0x0B, 0xF4, 0x45, 0x93, 0x61, 0x20, 0x83, 0x98, 0x29,
    0x7C, 0x84, 0xCF, 0x2B, 0xF0, 0xC6, 0xB5, 0x59, 0xC3, 0xB8, 0x03, 0x9A, 0x51, 0xF0, 0x2E, 0x17,
    0xF2, 0xA9, 0x0E, 0x88, 0x7E, 0x61, 0x97, 0x0B, 0x5E, 0x55, 0x7E, 0x7D, 0x6F, 0x09, 0x52, 0x1F,
    0xDE, 0x14, 0x7A, 0x03, 0x54, 0xB8, 0x40, 0xF3, 0x21, 0x0D, 0x41, 0xE7, 0x72, 0xB0, 0x99, 0xD1,
    0x42, 0xDB, 0xF8, 0x83, 0x6D, 0x1D, 0xC2, 0x96, 0x60, 0x14, 0x40, 0x1A, 0x38, 0xF2, 0x5A, 0x01,
    0x7C, 0x02, 0x47, 0x00, 0x03, 0xD0, 0x8D, 0x2C, 0xB9, 0x56, 0xBA, 0x76, 0x94, 0x77, 0x05, 0x73,
    0x90, 0x6B, 0xED, 0x81, 0x37, 0xB0, 0x57, 0xD5, 0x6E, 0x33, 0x20, 0x70, 0x7F, 0x61, 0x95, 0x1D,
    0x29, 0x3B, 0xD5, 0x0D, 0x06, 0xD4, 0x35, 0xF6, 0xFB, 0xEB, 0x07, 0xD8, 0x2F, 0xF0, 0xFA, 0x04,
    0xF1, 0xD7, 0x03, 0xF3, 0x47, 0x11, 0x73, 0xCE, 0xD1, 0x83, 0xF6, 0xEB, 0x88, 0xC9, 0xF3, 0x38,
    0x0E, 0x8F, 0xE4, 0x73, 0xBE, 0x62, 0xE7, 0x17, 0x63, 0x00, 0x03, 0xFB, 0x3F, 0x36, 0x36, 0xC6,
    0x67, 0x8C, 0xCF, 0xD8, 0x9F, 0xB1, 0xB7, 0x01, 0xC2, 0x3F, 0x10, 0x12, 0x24, 0x03, 0x00,
};

static const EpdGlyph times_16_bolditalicGlyphs[] = {
    { 27, 23, 400, -1, 23, 156, 0 }, // U+0000
    { 16, 16, 256, 0, 14, 64, 156 }, // U+0001
    { 16, 16, 256, 0, 14, 64, 220 }, // U+0002
    { 16, 16, 256, 0, 14, 64, 284 }, // U+0003
    { 16, 16, 256, 0, 14, 64, 348 }, // U+0004
    { 16, 16, 256, 0, 14, 64, 412 }, // U+0005
    { 16, 16, 256, 0, 14, 64, 476 }, // U+0006
    { 16, 16, 256, 0, 14, 64, 540 }, // U+0007
    { 16, 16, 256, 0, 14, 64, 604 }, // U+0008
    { 16, 16, 256, 0, 14, 64, 668 }, // U+0009
    { 16, 16, 256, 0, 14, 64, 732 }, // U+000A
    { 16, 16, 256, 0, 14, 64, 796 }, // U+000B
    { 16, 16, 256, 0, 14, 64, 860 }, // U+000C
    { 16, 16, 256, 0, 14, 64, 924 }, // U+000D
    { 16, 16, 256, 0, 14, 64, 988 }, // U+000E
    { 16, 16, 256, 0, 14, 64, 1052 }, // U+000F
    { 16, 16, 256, 0, 14, 64, 1116 }, // U+0010
    { 16, 16, 256, 0, 14, 64, 1180 }, // U+0011
    { 16, 16, 256, 0, 14, 64, 1244 }, // U+0012
    { 16, 16, 256, 0, 14, 64, 1308 }, // U+0013
    { 16, 16, 256, 0, 14, 64, 1372 }, // U+0014
    { 16, 16, 256, 0, 14, 64, 1436 }, // U+0015
    { 16, 16, 256, 0, 14, 64, 1500 }, // U+0016
    { 16, 16, 256, 0, 14, 64, 1564 }, // U+0017
    { 16, 16, 256, 0, 14, 64, 1628 }, // U+0018
    { 16, 16, 256, 0, 14, 64, 1692 }, // U+0019
    { 16, 16, 256, 0, 14, 64, 1756 }, // U+001A
    { 16, 16, 256, 0, 14, 64, 1820 }, // U+001B
    { 16, 16, 256, 0, 14, 64, 1884 }, // U+001C
    { 16, 16, 256, 0, 14, 64, 1948 }, // U+001D
    { 16, 16, 256, 0, 14, 64, 2012 }, // U+001E
    { 16, 16, 256, 0, 14, 64, 2076 }, // U+001F
    { 1, 1, 128, 0, 1, 1, 2140 }, // U+0020
    { 10, 23, 208, 2, 23, 58, 2141 }, // !
    { 13, 11, 304, 5, 23, 36, 2199 }, // "
    { 17, 23, 272, 0, 23, 98, 2235 }, // #
    { 16, 29, 256, 0, 25, 116, 2333 }, // $
    { 25, 24, 432, 1, 24, 150, 2449 }, // %
    { 22, 23, 416, 2, 23, 127, 2599 }, // &
    { 5, 11, 144, 4, 23, 14, 2726 }, // '
    { 10, 29, 176, 3, 23, 73, 2740 }, // (
    { 10, 29, 176, -2, 23, 73, 2813 }, // )
    { 13, 14, 272, 2, 23, 46, 2886 }, // *
    { 17, 17, 304, 1, 17, 73, 2932 }, // +
    { 6, 10, 128, -1, 4, 15, 3005 }, // ,
    { 9, 4, 176, 1, 9, 9, 3020 }, // -
    { 5, 5, 128, -1, 5, 7, 3029 }, // .
    { 9, 23, 144, 0, 23, 52, 3036 }, // /
    { 16, 23, 256, 1, 23, 92, 3088 }, // 0
    { 14, 23, 256, 0, 23, 81, 3180 }, // 1
    { 17, 23, 256, -1, 23, 98, 3261 }, // 2
    { 15, 23, 256, 0, 23, 87, 3359 }, // 3
    { 17, 23, 256, -1, 23, 98, 3446 }, // 4
    { 15, 23, 256, 0, 23, 87, 3544 }, // 5
    { 16, 23, 256, 1, 23, 92, 3631 }, // 6
    { 15, 23, 256, 2, 23, 87, 3723 }, // 7
    { 16, 23, 256, 0, 23, 92, 3810 }, // 8
    { 16, 23, 256, 0, 23, 92, 3902 }, // 9
    { 8, 15, 176, 2, 15, 30, 3994 }, // :
    { 9, 21, 176, 1, 15, 48, 4024 }, // ;
    { 17, 17, 304, 1, 17, 73, 4072 }, // <
    { 15, 9, 304, 2, 13, 34, 4145 }, // =
    { 17, 17, 304, 1, 17, 73, 4179 }, // >
    { 12, 23, 256, 3, 23, 69, 4252 }, // ?
    { 28, 28, 448, 0, 23, 196, 4321 }, // @
    { 21, 23, 336, -1, 23, 121, 4517 }, // A
    { 22, 23, 336, -1, 23, 127, 4638 }, // B
    { 21, 23, 352, 2, 23, 121, 4765 }, // C
    { 24, 23, 368, -1, 23, 138, 4886 }, // D
    { 22, 23, 352, -1, 23, 127, 5024 }, // E
    { 22, 23, 352, 0, 23, 127, 5151 }, // F
    { 23, 23, 384, 1, 23, 133, 5278 }, // G
    { 27, 23, 400, -1, 23, 156, 5411 }, // H
    { 15, 23, 208, -1, 23, 87, 5567 }, // I
    { 18, 26, 272, 0, 23, 117, 5654 }, // J
    { 24, 23, 352, -1, 23, 138, 5771 }, // K
    { 20, 23, 320, -1, 23, 115, 5909 }, // L
    { 31, 23, 464, -1, 23, 179, 6024 }, // M
    { 26, 23, 384, -1, 23, 150, 6203 }, // N
    { 22, 23, 368, 1, 23, 127, 6353 }, // O
    { 21, 23, 320, -1, 23, 121, 6480 }, // P
    { 22, 30, 384, 1, 23, 165, 6601 }, // Q
    { 21, 23, 352, -1, 23, 121, 6766 }, // R
    { 17, 23, 288, 1, 23, 98, 6887 }, // S
    { 19, 23, 320, 2, 23, 110, 6985 }, // T
    { 23, 23, 384, 2, 23, 133, 7095 }, // U
    { 21, 23, 352, 2, 23, 121, 7228 }, // V
    { 28, 23, 464, 2, 23, 161, 7349 }, // W
    { 24, 23, 352, -1, 23, 138, 7510 }, // X
    { 19, 23, 320, 2, 23, 110, 7648 }, // Y
    { 20, 23, 320, -1, 23, 115, 7758 }, // Z
    { 13, 28, 176, 1, 23, 91, 7873 }, // [
    { 15, 23, 144, 0, 23, 87, 7964 }, // <backslash>
    { 13, 28, 176, -3, 23, 91, 8051 }, // ]
    { 15, 13, 304, 2, 23, 49, 8142 }, // ^
    { 17, 1, 272, 0, -3, 5, 8191 }, // _
    { 7, 6, 176, 2, 23, 11, 8196 }, // `
    { 14, 15, 256, 0, 15, 53, 8207 }, // a
    { 14, 23, 256, 1, 23, 81, 8260 }, // b
    { 13, 15, 224, 1, 15, 49, 8341 }, // c
    { 17, 23, 256, 0, 23, 98, 8390 }, // d
    { 12, 15, 224, 1, 15, 45, 8488 }, // e
    { 20, 30, 176, -5, 23, 150, 8533 }, // f
    { 18, 22, 256, -1, 15, 99, 8683 }, // g
    { 16, 23, 288, 1, 23, 92, 8782 }, // h
    { 8, 23, 144, 1, 23, 46, 8874 }, // i
    { 14, 30, 144, -4, 23, 105, 8920 }, // j
    { 16, 23, 256, 1, 23, 92, 9025 }, // k
    { 9, 23, 144, 1, 23, 52, 9117 }, // l
    { 23, 15, 400, 1, 15, 87, 9169 }, // m
    { 15, 15, 288, 1, 15, 57, 9256 }, // n
    { 15, 15, 256, 1, 15, 57, 9313 }, // o
    { 19, 22, 256, -3, 15, 105, 9370 }, // p
    { 15, 22, 256, 0, 15, 83, 9475 }, // q
    { 14, 15, 208, 0, 15, 53, 9558 }, // r
    { 11, 15, 208, 1, 15, 42, 9611 }, // s
    { 9, 20, 144, 1, 20, 45, 9653 }, // t
    { 15, 15, 288, 1, 15, 57, 9698 }, // u
    { 14, 15, 240, 1, 15, 53, 9755 }, // v
    { 21, 15, 352, 1, 15, 79, 9808 }, // w
    { 16, 15, 256, 0, 15, 60, 9887 }, // x
    { 16, 22, 240, -2, 15, 88, 9947 }, // y
    { 14, 17, 208, -1, 15, 60, 10035 }, // z
    { 12, 30, 192, 2, 24, 90, 10095 }, // {
    { 3, 23, 112, 2, 23, 18, 10185 }, // |
    { 12, 30, 192, -2, 24, 90, 10203 }, // }
    { 17, 6, 304, 1, 12, 26, 10293 }, // ~
    { 16, 16, 256, 0, 14, 64, 10319 }, // U+007F
    { 16, 16, 256, 0, 14, 64, 0 }, // U+0080
    { 16, 16, 256, 0, 14, 64, 64 }, // U+0081
    { 16, 16, 256, 0, 14, 64, 128 }, // U+0082
    { 16, 16, 256, 0, 14, 64, 192 }, // U+0083
    { 16, 16, 256, 0, 14, 64, 256 }, // U+0084
    { 16, 16, 256, 0, 14, 64, 320 }, // U+0085
    { 16, 16, 256, 0, 14, 64, 384 }, // U+0086
    { 16, 16, 256, 0, 14, 64, 448 }, // U+0087
    { 16, 16, 256, 0, 14, 64, 512 }, // U+0088
    { 16, 16, 256, 0, 14, 64, 576 }, // U+0089
    { 16, 16, 256, 0, 14, 64, 640 }, // U+008A
    { 16, 16, 256, 0, 14, 64, 704 }, // U+008B
    { 16, 16, 256, 0, 14, 64, 768 }, // U+008C
    { 16, 16, 256, 0, 14, 64, 832 }, // U+008D
    { 16, 16, 256, 0, 14, 64, 896 }, // U+008E
    { 16, 16, 256, 0, 14, 64, 960 }, // U+008F
    { 16, 16, 256, 0, 14, 64, 1024 }, // U+0090
    { 16, 16, 256, 0, 14, 64, 1088 }, // U+0091
    { 16, 16, 256, 0, 14, 64, 1152 }, // U+0092
    { 16, 16, 256, 0, 14, 64, 1216 }, // U+0093
    { 16, 16, 256, 0, 14, 64, 1280 }, // U+0094
    { 16, 16, 256, 0, 14, 64, 1344 }, // U+0095
    { 16, 16, 256, 0, 14, 64, 1408 }, // U+0096
    { 16, 16, 256, 0, 14, 64, 1472 }, // U+0097
    { 16, 16, 256, 0, 14, 64, 1536 }, // U+0098
    { 16, 16, 256, 0, 14, 64, 1600 }, // U+0099
    { 16, 16, 256, 0, 14, 64, 1664 }, // U+009A
    { 16, 16, 256, 0, 14, 64, 1728 }, // U+009B
    { 16, 16, 256, 0, 14, 64, 1792 }, // U+009C
    { 16, 16, 256, 0, 14, 64, 1856 }, // U+009D
    { 16, 16, 256, 0, 14, 64, 1920 }, // U+009E
    { 16, 16, 256, 0, 14, 64, 1984 }, // U+009F
    { 1, 1, 128, 0, 1, 1, 2048 }, // U+00A0
    { 10, 23, 208, 1, 16, 58, 2049 }, // U+00A1
    { 13, 24, 272, 2, 19, 78, 2107 }, // U+00A2
    { 18, 23, 272, -1, 23, 104, 2185 }, // U+00A3
    { 17, 16, 272, 0, 20, 68, 2289 }, // U+00A4
    { 19, 23, 272, 1, 23, 110, 2357 }, // U+00A5
    { 3, 23, 112, 2, 23, 18, 2467 }, // U+00A6
    { 13, 28, 272, 2, 23, 91, 2485 }, // U+00A7
    { 11, 4, 176, 2, 21, 11, 2576 }, // U+00A8
    { 23, 23, 400, 1, 23, 133, 2587 }, // U+00A9
    { 11, 14, 144, -1, 23, 39, 2720 }, // U+00AA
    { 16, 13, 256, 0, 14, 52, 2759 }, // U+00AB
    { 17, 9, 320, 1, 13, 39, 2811 }, // U+00AC
    { 9, 4, 176, 1, 9, 9, 2850 }, // U+00AD
    { 23, 23, 400, 1, 23, 133, 2859 }, // U+00AE
    { 11, 2, 176, 1, 20, 6, 2992 }, // U+00AF
    { 10, 10, 208, 2, 23, 25, 2998 }, // U+00B0
    { 17, 23, 304, 1, 23, 98, 3023 }, // U+00B1
    { 10, 14, 160, 0, 23, 35, 3121 }, // U+00B2
    { 10, 14, 160, 1, 23, 35, 3156 }, // U+00B3
    { 7, 6, 176, 3, 23, 11, 3191 }, // U+00B4
    { 18, 22, 304, -1, 15, 99, 3202 }, // U+00B5
    { 17, 29, 272, 2, 23, 124, 3301 }, // U+00B6
    { 5, 5, 128, 1, 11, 7, 3425 }, // U+00B7
    { 7, 7, 176, 0, 0, 13, 3432 }, // U+00B8
    { 9, 14, 160, 0, 23, 32, 3445 }, // U+00B9
    { 10, 14, 160, 0, 23, 35, 3477 }, // U+00BA
    { 16, 13, 256, -1, 14, 52, 3512 }, // U+00BB
    { 24, 23, 400, 0, 23, 138, 3564 }, // U+00BC
    { 24, 23, 400, 0, 23, 138, 3702 }, // U+00BD
    { 22, 23, 400, 1, 23, 127, 3840 }, // U+00BE
    { 12, 23, 256, 1, 16, 69, 3967 }, // U+00BF
    { 21, 30, 336, -1, 30, 158, 4036 }, // U+00C0
    { 21, 30, 336, -1, 30, 158, 4194 }, // U+00C1
    { 21, 30, 336, -1, 30, 158, 4352 }, // U+00C2
    { 21, 28, 336, -1, 28, 147, 4510 }, // U+00C3
    { 21, 29, 336, -1, 29, 153, 4657 }, // U+00C4
    { 21, 30, 336, -1, 30, 158, 4810 }, // U+00C5
    { 32, 23, 496, -1, 23, 184, 4968 }, // U+00C6
    { 21, 30, 336, 1, 23, 158, 5152 }, // U+00C7
    { 22, 30, 352, -1, 30, 165, 5310 }, // U+00C8
    { 22, 30, 352, -1, 30, 165, 5475 }, // U+00C9
    { 22, 30, 352, -1, 30, 165, 5640 }, // U+00CA
    { 22, 29, 352, -1, 29, 160, 5805 }, // U+00CB
    { 15, 30, 208, -1, 30, 113, 5965 }, // U+00CC
    { 15, 30, 208, -1, 30, 113, 6078 }, // U+00CD
    { 15, 30, 208, -1, 30, 113, 6191 }, // U+00CE
    { 16, 29, 208, -1, 29, 116, 6304 }, // U+00CF
    { 24, 23, 368, -1, 23, 138, 6420 }, // U+00D0
    { 26, 28, 384, -1, 28, 182, 6558 }, // U+00D1
    { 22, 30, 368, 1, 30, 165, 6740 }, // U+00D2
    { 22, 30, 368, 1, 30, 165, 6905 }, // U+00D3
    { 22, 30, 368, 1, 30, 165, 7070 }, // U+00D4
    { 22, 29, 368, 1, 29, 160, 7235 }, // U+00D5
    { 22, 29, 368, 1, 29, 160, 7395 }, // U+00D6
    { 17, 17, 304, 1, 17, 73, 7555 }, // U+00D7
    { 22, 30, 368, 1, 26, 165, 7628 }, // U+00D8
    { 23, 30, 384, 3, 30, 173, 7793 }, // U+00D9
    { 23, 30, 384, 3, 30, 173, 7966 }, // U+00DA
    { 23, 30, 384, 3, 30, 173, 8139 }, // U+00DB
    { 23, 29, 384, 3, 29, 167, 8312 }, // U+00DC
    { 19, 30, 320, 2, 30, 143, 8479 }, // U+00DD
    { 20, 23, 320, -1, 23, 115, 8622 }, // U+00DE
    { 23, 30, 256, -6, 23, 173, 8737 }, // U+00DF
    { 14, 24, 256, 0, 24, 84, 8910 }, // U+00E0
    { 15, 24, 256, 0, 24, 90, 8994 }, // U+00E1
    { 14, 24, 256, 0, 24, 84, 9084 }, // U+00E2
    { 15, 21, 256, 0, 21, 79, 9168 }, // U+00E3
    { 15, 21, 256, 0, 21, 79, 9247 }, // U+00E4
    { 14, 23, 256, 0, 23, 81, 9326 }, // U+00E5
    { 22, 15, 368, 1, 15, 83, 9407 }, // U+00E6
    { 13, 22, 224, 1, 15, 72, 9490 }, // U+00E7
    { 12, 23, 224, 1, 23, 69, 9562 }, // U+00E8
    { 13, 23, 224, 1, 23, 75, 9631 }, // U+00E9
    { 14, 23, 224, 1, 23, 81, 9706 }, // U+00EA
    { 15, 21, 224, 1, 21, 79, 9787 }, // U+00EB
    { 8, 22, 144, 1, 22, 44, 9866 }, // U+00EC
    { 10, 22, 144, 1, 22, 55, 9910 }, // U+00ED
    { 11, 23, 144, 1, 23, 64, 9965 }, // U+00EE
    { 10, 21, 144, 1, 21, 53, 10029 }, // U+00EF
    { 16, 22, 256, 1, 22, 88, 10082 }, // U+00F0
    { 16, 21, 288, 1, 21, 84, 10170 }, // U+00F1
    { 15, 23, 256, 1, 23, 87, 10254 }, // U+00F2
    { 16, 23, 256, 1, 23, 92, 10341 }, // U+00F3
    { 16, 23, 256, 1, 23, 92, 10433 }, // U+00F4
    { 17, 21, 256, 1, 21, 90, 10525 }, // U+00F5
    { 16, 21, 256, 1, 21, 84, 10615 }, // U+00F6
    { 17, 17, 304, 1, 17, 73, 10699 }, // U+00F7
    { 15, 22, 272, 1, 18, 83, 10772 }, // U+00F8
    { 15, 23, 288, 1, 23, 87, 10855 }, // U+00F9
    { 15, 23, 288, 1, 23, 87, 10942 }, // U+00FA
    { 15, 23, 288, 1, 23, 87, 11029 }, // U+00FB
    { 15, 21, 288, 1, 21, 79, 11116 }, // U+00FC
    { 17, 30, 240, -2, 23, 128, 11195 }, // U+00FD
    { 18, 30, 272, -2, 23, 135, 11323 }, // U+00FE
    { 16, 28, 240, -2, 21, 112, 11458 }, // U+00FF
    { 21, 26, 336, -1, 26, 137, 0 }, // U+0100
    { 14, 18, 256, 0, 18, 63, 137 }, // U+0101
    { 21, 29, 336, -1, 29, 153, 200 }, // U+0102
    { 14, 21, 256, 0, 21, 74, 353 }, // U+0103
    { 21, 28, 336, -1, 23, 147, 427 }, // U+0104
    { 14, 20, 256, 0, 15, 70, 574 }, // U+0105
    { 21, 30, 352, 2, 30, 158, 644 }, // U+0106
    { 13, 22, 224, 1, 22, 72, 802 }, // U+0107
    { 21, 30, 352, 2, 30, 158, 874 }, // U+0108
    { 13, 22, 224, 1, 22, 72, 1032 }, // U+0109
    { 21, 28, 352, 2, 28, 147, 1104 }, // U+010A
    { 13, 20, 224, 1, 20, 65, 1251 }, // U+010B
    { 21, 30, 352, 2, 30, 158, 1316 }, // U+010C
    { 13, 22, 224, 1, 22, 72, 1474 }, // U+010D
    { 24, 30, 368, -1, 30, 180, 1546 }, // U+010E
    { 25, 23, 416, 0, 23, 144, 1726 }, // U+010F
    { 24, 23, 368, -1, 23, 138, 1870 }, // U+0110
    { 21, 23, 256, 0, 23, 121, 2008 }, // U+0111
    { 22, 26, 352, -1, 26, 143, 2129 }, // U+0112
    { 13, 18, 224, 1, 18, 59, 2272 }, // U+0113
    { 22, 29, 352, -1, 29, 160, 2331 }, // U+0114
    { 12, 21, 224, 1, 21, 63, 2491 }, // U+0115
    { 22, 28, 352, -1, 28, 154, 2554 }, // U+0116
    { 12, 20, 224, 1, 20, 60, 2708 }, // U+0117
    { 22, 28, 352, -1, 23, 154, 2768 }, // U+0118
    { 12, 20, 224, 1, 15, 60, 2922 }, // U+0119
    { 22, 30, 352, -1, 30, 165, 2982 }, // U+011A
    { 12, 22, 224, 1, 22, 66, 3147 }, // U+011B
    { 23, 30, 384, 1, 30, 173, 3213 }, // U+011C
    { 18, 29, 256, -1, 22, 131, 3386 }, // U+011D
    { 23, 29, 384, 1, 29, 167, 3517 }, // U+011E
    { 18, 28, 256, -1, 21, 126, 3684 }, // U+011F
    { 23, 28, 384, 1, 28, 161, 3810 }, // U+0120
    { 18, 27, 256, -1, 20, 122, 3971 }, // U+0121
    { 23, 34, 384, 1, 23, 196, 4093 }, // U+0122
    { 18, 33, 256, -1, 26, 149, 4289 }, // U+0123
    { 27, 30, 400, -1, 30, 203, 4438 }, // U+0124
    { 16, 30, 288, 1, 30, 120, 4641 }, // U+0125
    { 27, 23, 400, -1, 23, 156, 4761 }, // U+0126
    { 19, 23, 288, -2, 23, 110, 4917 }, // U+0127
    { 15, 28, 208, -1, 28, 105, 5027 }, // U+0128
    { 12, 20, 144, -1, 20, 60, 5132 }, // U+0129
    { 15, 26, 208, -1, 26, 98, 5192 }, // U+012A
    { 11, 18, 144, -1, 18, 50, 5290 }, // U+012B
    { 15, 29, 208, -1, 29, 109, 5340 }, // U+012C
    { 10, 21, 144, 0, 21, 53, 5449 }, // U+012D
    { 15, 28, 208, -1, 23, 105, 5502 }, // U+012E
    { 8, 28, 144, 1, 23, 56, 5607 }, // U+012F
    { 15, 28, 208, -1, 28, 105, 5663 }, // U+0130
    { 7, 15, 144, 1, 15, 27, 5768 }, // U+0131
    { 31, 26, 464, -1, 23, 202, 5795 }, // U+0132
    { 18, 30, 288, 1, 23, 135, 5997 }, // U+0133
    { 18, 33, 272, 0, 30, 149, 6132 }, // U+0134
    { 14, 29, 144, -4, 22, 102, 6281 }, // U+0135
    { 24, 34, 352, -1, 23, 204, 6383 }, // U+0136
    { 16, 34, 256, 1, 23, 136, 6587 }, // U+0137
    { 16, 15, 256, 1, 15, 60, 6723 }, // U+0138
    { 20, 30, 320, -1, 30, 150, 6783 }, // U+0139
    { 11, 30, 144, 1, 30, 83, 6933 }, // U+013A
    { 20, 34, 320, -1, 23, 170, 7016 }, // U+013B
    { 9, 34, 144, 1, 23, 77, 7186 }, // U+013C
    { 30, 23, 480, -1, 23, 173, 7263 }, // U+013D
    { 18, 23, 320, 1, 23, 104, 7436 }, // U+013E
    { 26, 23, 432, -1, 23, 150, 7540 }, // U+013F
    { 14, 23, 272, 1, 23, 81, 7690 }, // U+0140
    { 20, 23, 320, -1, 23, 115, 7771 }, // U+0141
    { 11, 23, 144, 0, 23, 64, 7886 }, // U+0142
    { 26, 30, 384, -1, 30, 195, 7950 }, // U+0143
    { 15, 22, 288, 1, 22, 83, 8145 }, // U+0144
    { 26, 34, 384, -1, 23, 221, 8228 }, // U+0145
    { 15, 26, 288, 1, 15, 98, 8449 }, // U+0146
    { 26, 30, 384, -1, 30, 195, 8547 }, // U+0147
    { 15, 22, 288, 1, 22, 83, 8742 }, // U+0148
    { 22, 23, 448, 4, 23, 127, 8825 }, // U+0149
    { 26, 30, 384, -1, 23, 195, 8952 }, // U+014A
    { 15, 22, 288, 1, 15, 83, 9147 }, // U+014B
    { 22, 26, 368, 1, 26, 143, 9230 }, // U+014C
    { 15, 18, 256, 1, 18, 68, 9373 }, // U+014D
    { 22, 29, 368, 1, 29, 160, 9441 }, // U+014E
    { 15, 21, 256, 1, 21, 79, 9601 }, // U+014F
    { 22, 31, 368, 1, 31, 171, 9680 }, // U+0150
    { 15, 23, 256, 1, 23, 87, 9851 }, // U+0151
    { 31, 23, 496, 0, 23, 179, 9938 }, // U+0152
    { 22, 15, 384, 1, 15, 83, 10117 }, // U+0153
    { 21, 30, 352, -1, 30, 158, 10200 }, // U+0154
    { 14, 22, 208, 0, 22, 77, 10358 }, // U+0155
    { 21, 34, 352, -1, 23, 179, 10435 }, // U+0156
    { 14, 26, 208, 0, 15, 91, 10614 }, // U+0157
    { 21, 30, 352, -1, 30, 158, 10705 }, // U+0158
    { 14, 22, 208, 0, 22, 77, 10863 }, // U+0159
    { 17, 30, 288, 1, 30, 128, 10940 }, // U+015A
    { 11, 22, 208, 1, 22, 61, 11068 }, // U+015B
    { 17, 30, 288, 1, 30, 128, 11129 }, // U+015C
    { 12, 22, 208, 1, 22, 66, 11257 }, // U+015D
    { 17, 30, 288, 1, 23, 128, 11323 }, // U+015E
    { 11, 22, 208, 1, 15, 61, 11451 }, // U+015F
    { 17, 27, 288, 1, 27, 115, 11512 }, // U+0160
    { 11, 23, 208, 1, 23, 64, 11627 }, // U+0161
    { 19, 30, 320, 2, 23, 143, 11691 }, // U+0162
    { 9, 27, 144, 1, 20, 61, 11834 }, // U+0163
    { 19, 30, 320, 2, 30, 143, 11895 }, // U+0164
    { 18, 23, 320, 1, 23, 104, 12038 }, // U+0165
    { 19, 23, 320, 2, 23, 110, 12142 }, // U+0166
    { 15, 20, 144, -2, 20, 75, 12252 }, // U+0167
    { 23, 28, 384, 2, 28, 161, 12327 }, // U+0168
    { 15, 20, 288, 1, 20, 75, 12488 }, // U+0169
    { 23, 26, 384, 2, 26, 150, 12563 }, // U+016A
    { 15, 18, 288, 1, 18, 68, 12713 }, // U+016B
    { 23, 29, 384, 2, 29, 167, 12781 }, // U+016C
    { 15, 21, 288, 1, 21, 79, 12948 }, // U+016D
    { 23, 32, 384, 2, 32, 184, 13027 }, // U+016E
    { 15, 24, 288, 1, 24, 90, 13211 }, // U+016F
    { 23, 31, 384, 2, 31, 179, 13301 }, // U+0170
    { 15, 23, 288, 1, 23, 87, 13480 }, // U+0171
    { 23, 28, 384, 2, 23, 161, 13567 }, // U+0172
    { 15, 20, 288, 1, 15, 75, 13728 }, // U+0173
    { 28, 30, 464, 2, 30, 210, 13803 }, // U+0174
    { 21, 22, 352, 1, 22, 116, 14013 }, // U+0175
    { 19, 30, 320, 2, 30, 143, 14129 }, // U+0176
    { 16, 29, 240, -2, 22, 116, 14272 }, // U+0177
    { 19, 25, 320, 2, 25, 119, 14388 }, // U+0178
    { 20, 30, 320, -1, 30, 150, 14507 }, // U+0179
    { 14, 24, 208, -1, 22, 84, 14657 }, // U+017A
    { 20, 28, 320, -1, 28, 140, 14741 }, // U+017B
    { 14, 22, 208, -1, 20, 77, 14881 }, // U+017C
    { 20, 27, 320, -1, 27, 135, 14958 }, // U+017D
    { 14, 25, 208, -1, 23, 88, 15093 }, // U+017E
    { 8, 16, 128, 0, 14, 32, 15181 }, // U+017F
    { 26, 23, 368, 1, 23, 150, 0 }, // U+01A0
    { 20, 15, 256, 1, 15, 75, 150 }, // U+01A1
    { 27, 23, 384, 2, 23, 156, 225 }, // U+01AF
    { 20, 15, 288, 1, 15, 75, 381 }, // U+01B0
    { 8, 16, 128, 0, 14, 32, 456 }, // U+01C4
    { 8, 16, 128, 0, 14, 32, 488 }, // U+01C5
    { 8, 16, 128, 0, 14, 32, 520 }, // U+01C6
    { 8, 16, 128, 0, 14, 32, 552 }, // U+01C7
    { 8, 16, 128, 0, 14, 32, 584 }, // U+01C8
    { 8, 16, 128, 0, 14, 32, 616 }, // U+01C9
    { 8, 16, 128, 0, 14, 32, 648 }, // U+01CA
    { 8, 16, 128, 0, 14, 32, 680 }, // U+01CB
    { 8, 16, 128, 0, 14, 32, 712 }, // U+01CC
    { 21, 30, 336, -1, 30, 158, 744 }, // U+01CD
    { 14, 22, 256, 0, 22, 77, 902 }, // U+01CE
    { 15, 30, 208, -1, 30, 113, 979 }, // U+01CF
    { 10, 22, 144, 0, 22, 55, 1092 }, // U+01D0
    { 22, 30, 368, 1, 30, 165, 1147 }, // U+01D1
    { 15, 22, 256, 1, 22, 83, 1312 }, // U+01D2
    { 23, 30, 384, 2, 30, 173, 1395 }, // U+01D3
    { 15, 22, 288, 1, 22, 83, 1568 }, // U+01D4
    { 23, 32, 384, 3, 32, 184, 1651 }, // U+01D5
    { 15, 24, 288, 1, 24, 90, 1835 }, // U+01D6
    { 23, 36, 384, 3, 36, 207, 1925 }, // U+01D7
    { 15, 28, 288, 1, 28, 105, 2132 }, // U+01D8
    { 23, 36, 384, 3, 36, 207, 2237 }, // U+01D9
    { 15, 28, 288, 1, 28, 105, 2444 }, // U+01DA
    { 23, 36, 384, 3, 36, 207, 2549 }, // U+01DB
    { 15, 28, 288, 1, 28, 105, 2756 }, // U+01DC
    { 12, 15, 224, 1, 15, 45, 2861 }, // U+01DD
    { 21, 32, 336, -1, 32, 168, 2906 }, // U+01DE
    { 15, 24, 256, 0, 24, 90, 3074 }, // U+01DF
    { 21, 31, 336, -1, 31, 163, 3164 }, // U+01E0
    { 14, 23, 256, 0, 23, 81, 3327 }, // U+01E1
    { 32, 26, 496, -1, 26, 208, 3408 }, // U+01E2
    { 22, 18, 368, 1, 18, 99, 3616 }, // U+01E3
    { 28, 23, 384, 1, 23, 161, 3715 }, // U+01E4
    { 18, 22, 256, -1, 15, 99, 3876 }, // U+01E5
    { 23, 30, 384, 1, 30, 173, 3975 }, // U+01E6
    { 18, 29, 256, -1, 22, 131, 4148 }, // U+01E7
    { 24, 30, 352, -1, 30, 180, 4279 }, // U+01E8
    { 16, 30, 256, 1, 30, 120, 4459 }, // U+01E9
    { 22, 28, 368, 1, 23, 154, 4579 }, // U+01EA
    { 15, 20, 256, 1, 15, 75, 4733 }, // U+01EB
    { 22, 31, 368, 1, 26, 171, 4808 }, // U+01EC
    { 15, 23, 256, 1, 18, 87, 4979 }, // U+01ED
    { 8, 16, 128, 0, 14, 32, 5066 }, // U+01EE
    { 8, 16, 128, 0, 14, 32, 5098 }, // U+01EF
    { 14, 29, 144, -4, 22, 102, 5130 }, // U+01F0
    { 8, 16, 128, 0, 14, 32, 5232 }, // U+01F1
    { 8, 16, 128, 0, 14, 32, 5264 }, // U+01F2
    { 8, 16, 128, 0, 14, 32, 5296 }, // U+01F3
    { 23, 30, 384, 1, 30, 173, 5328 }, // U+01F4
    { 18, 29, 256, -1, 22, 131, 5501 }, // U+01F5
    { 8, 16, 128, 0, 14, 32, 5632 }, // U+01F6
    { 8, 16, 128, 0, 14, 32, 5664 }, // U+01F7
    { 26, 30, 384, -1, 30, 195, 5696 }, // U+01F8
    { 15, 22, 288, 1, 22, 83, 5891 }, // U+01F9
    { 21, 37, 336, -1, 37, 195, 5974 }, // U+01FA
    { 14, 30, 256, 0, 30, 105, 6169 }, // U+01FB
    { 32, 30, 496, -1, 30, 240, 6274 }, // U+01FC
    { 22, 22, 368, 1, 22, 121, 6514 }, // U+01FD
    { 22, 37, 368, 1, 33, 204, 6635 }, // U+01FE
    { 15, 29, 272, 1, 25, 109, 6839 }, // U+01FF
    { 8, 16, 128, 0, 14, 32, 6948 }, // U+0200
    { 8, 16, 128, 0, 14, 32, 6980 }, // U+0201
    { 8, 16, 128, 0, 14, 32, 7012 }, // U+0202
    { 8, 16, 128, 0, 14, 32, 7044 }, // U+0203
    { 8, 16, 128, 0, 14, 32, 7076 }, // U+0204
    { 8, 16, 128, 0, 14, 32, 7108 }, // U+0205
    { 8, 16, 128, 0, 14, 32, 7140 }, // U+0206
    { 8, 16, 128, 0, 14, 32, 7172 }, // U+0207
    { 8, 16, 128, 0, 14, 32, 7204 }, // U+0208
    { 8, 16, 128, 0, 14, 32, 7236 }, // U+0209
    { 8, 16, 128, 0, 14, 32, 7268 }, // U+020A
    { 8, 16, 128, 0, 14, 32, 7300 }, // U+020B
    { 8, 16, 128, 0, 14, 32, 7332 }, // U+020C
    { 8, 16, 128, 0, 14, 32, 7364 }, // U+020D
    { 8, 16, 128, 0, 14, 32, 7396 }, // U+020E
    { 8, 16, 128, 0, 14, 32, 7428 }, // U+020F
    { 8, 16, 128, 0, 14, 32, 7460 }, // U+0210
    { 8, 16, 128, 0, 14, 32, 7492 }, // U+0211
    { 8, 16, 128, 0, 14, 32, 7524 }, // U+0212
    { 8, 16, 128, 0, 14, 32, 7556 }, // U+0213
    { 8, 16, 128, 0, 14, 32, 7588 }, // U+0214
    { 8, 16, 128, 0, 14, 32, 7620 }, // U+0215
    { 8, 16, 128, 0, 14, 32, 7652 }, // U+0216
    { 8, 16, 128, 0, 14, 32, 7684 }, // U+0217
    { 17, 34, 288, 1, 23, 145, 7716 }, // U+0218
    { 11, 26, 208, 1, 15, 72, 7861 }, // U+0219
    { 19, 34, 320, 2, 23, 162, 7933 }, // U+021A
    { 9, 31, 144, 1, 20, 70, 8095 }, // U+021B
    { 8, 16, 128, 0, 14, 32, 8165 }, // U+021C
    { 8, 16, 128, 0, 14, 32, 8197 }, // U+021D
    { 27, 30, 400, -1, 30, 203, 8229 }, // U+021E
    { 16, 30, 288, 1, 30, 120, 8432 }, // U+021F
    { 7, 6, 0, 0, 23, 11, 0 }, // U+0300
    { 15, 6, 0, 0, 23, 23, 11 }, // U+0301
    { 13, 6, 0, 0, 23, 20, 34 }, // U+0302
    { 13, 4, 0, 0, 21, 13, 54 }, // U+0303
    { 13, 2, 0, 0, 18, 7, 67 }, // U+0304
    { 8, 16, 128, 0, 14, 32, 74 }, // U+0305
    { 11, 5, 0, 0, 21, 14, 106 }, // U+0306
    { 5, 4, 0, 0, 20, 5, 120 }, // U+0307
    { 15, 4, 0, 0, 21, 15, 125 }, // U+0308
    { 8, 16, 128, 0, 14, 32, 140 }, // U+0309
    { 8, 16, 128, 0, 14, 32, 172 }, // U+030A
    { 8, 16, 128, 0, 14, 32, 204 }, // U+030B
    { 8, 16, 128, 0, 14, 32, 236 }, // U+030C
    { 8, 16, 128, 0, 14, 32, 268 }, // U+030D
    { 8, 16, 128, 0, 14, 32, 300 }, // U+030E
    { 8, 16, 128, 0, 14, 32, 332 }, // U+030F
    { 11, 10, 0, 0, 26, 28, 364 }, // U+0310
    { 8, 16, 128, 0, 14, 32, 392 }, // U+0311
    { 8, 16, 128, 0, 14, 32, 424 }, // U+0312
    { 8, 16, 128, 0, 14, 32, 456 }, // U+0313
    { 8, 16, 128, 0, 14, 32, 488 }, // U+0314
    { 8, 16, 128, 0, 14, 32, 520 }, // U+0315
    { 8, 16, 128, 0, 14, 32, 552 }, // U+0316
    { 8, 16, 128, 0, 14, 32, 584 }, // U+0317
    { 8, 16, 128, 0, 14, 32, 616 }, // U+0318
    { 8, 16, 128, 0, 14, 32, 648 }, // U+0319
    { 8, 16, 128, 0, 14, 32, 680 }, // U+031A
    { 8, 16, 128, 0, 14, 32, 712 }, // U+031B
    { 8, 16, 128, 0, 14, 32, 744 }, // U+031C
    { 8, 16, 128, 0, 14, 32, 776 }, // U+031D
    { 8, 16, 128, 0, 14, 32, 808 }, // U+031E
    { 8, 16, 128, 0, 14, 32, 840 }, // U+031F
    { 8, 16, 128, 0, 14, 32, 872 }, // U+0320
    { 8, 16, 128, 0, 14, 32, 904 }, // U+0321
    { 8, 16, 128, 0, 14, 32, 936 }, // U+0322
    { 4, 4, 0, 0, -1, 4, 968 }, // U+0323
    { 8, 16, 128, 0, 14, 32, 972 }, // U+0324
    { 8, 8, 0, 0, -1, 16, 1004 }, // U+0325
    { 8, 16, 128, 0, 14, 32, 1020 }, // U+0326
    { 8, 16, 128, 0, 14, 32, 1052 }, // U+0327
    { 8, 16, 128, 0, 14, 32, 1084 }, // U+0328
    { 8, 16, 128, 0, 14, 32, 1116 }, // U+0329
    { 8, 16, 128, 0, 14, 32, 1148 }, // U+032A
    { 8, 16, 128, 0, 14, 32, 1180 }, // U+032B
    { 8, 16, 128, 0, 14, 32, 1212 }, // U+032C
    { 8, 16, 128, 0, 14, 32, 1244 }, // U+032D
    { 8, 16, 128, 0, 14, 32, 1276 }, // U+032E
    { 8, 16, 128, 0, 14, 32, 1308 }, // U+032F
    { 8, 16, 128, 0, 14, 32, 1340 }, // U+0330
    { 12, 2, 0, 0, -1, 6, 1372 }, // U+0331
    { 8, 16, 128, 0, 14, 32, 1378 }, // U+0332
    { 8, 16, 128, 0, 14, 32, 1410 }, // U+0333
    { 8, 16, 128, 0, 14, 32, 1442 }, // U+0334
    { 8, 16, 128, 0, 14, 32, 1474 }, // U+0335
    { 8, 16, 128, 0, 14, 32, 1506 }, // U+0336
    { 8, 16, 128, 0, 14, 32, 1538 }, // U+0337
    { 8, 16, 128, 0, 14, 32, 1570 }, // U+0338
    { 8, 16, 128, 0, 14, 32, 1602 }, // U+0339
    { 8, 16, 128, 0, 14, 32, 1634 }, // U+033A
    { 8, 16, 128, 0, 14, 32, 1666 }, // U+033B
    { 8, 16, 128, 0, 14, 32, 1698 }, // U+033C
    { 8, 16, 128, 0, 14, 32, 1730 }, // U+033D
    { 8, 16, 128, 0, 14, 32, 1762 }, // U+033E
    { 8, 16, 128, 0, 14, 32, 1794 }, // U+033F
    { 8, 16, 128, 0, 14, 32, 1826 }, // U+0340
    { 8, 16, 128, 0, 14, 32, 1858 }, // U+0341
    { 8, 16, 128, 0, 14, 32, 1890 }, // U+0342
    { 8, 16, 128, 0, 14, 32, 1922 }, // U+0343
    { 8, 16, 128, 0, 14, 32, 1954 }, // U+0344
    { 8, 16, 128, 0, 14, 32, 1986 }, // U+0345
    { 8, 16, 128, 0, 14, 32, 2018 }, // U+0346
    { 8, 16, 128, 0, 14, 32, 2050 }, // U+0347
    { 8, 16, 128, 0, 14, 32, 2082 }, // U+0348
    { 8, 16, 128, 0, 14, 32, 2114 }, // U+0349
    { 8, 16, 128, 0, 14, 32, 2146 }, // U+034A
    { 8, 16, 128, 0, 14, 32, 2178 }, // U+034B
    { 8, 16, 128, 0, 14, 32, 2210 }, // U+034C
    { 8, 16, 128, 0, 14, 32, 2242 }, // U+034D
    { 8, 16, 128, 0, 14, 32, 2274 }, // U+034E
    { 16, 16, 256, 0, 14, 64, 2306 }, // U+034F
    { 8, 16, 128, 0, 14, 32, 2370 }, // U+0350
    { 8, 16, 128, 0, 14, 32, 2402 }, // U+0351
    { 8, 16, 128, 0, 14, 32, 2434 }, // U+0352
    { 8, 16, 128, 0, 14, 32, 2466 }, // U+0353
    { 8, 16, 128, 0, 14, 32, 2498 }, // U+0354
    { 8, 16, 128, 0, 14, 32, 2530 }, // U+0355
    { 8, 16, 128, 0, 14, 32, 2562 }, // U+0356
    { 8, 16, 128, 0, 14, 32, 2594 }, // U+0357
    { 8, 16, 128, 0, 14, 32, 2626 }, // U+0358
    { 8, 16, 128, 0, 14, 32, 2658 }, // U+0359
    { 8, 16, 128, 0, 14, 32, 2690 }, // U+035A
    { 8, 16, 128, 0, 14, 32, 2722 }, // U+035B
    { 16, 16, 256, 0, 14, 64, 2754 }, // U+035C
    { 16, 16, 256, 0, 14, 64, 2818 }, // U+035D
    { 16, 16, 256, 0, 14, 64, 2882 }, // U+035E
    { 16, 16, 256, 0, 14, 64, 2946 }, // U+035F
    { 16, 16, 256, 0, 14, 64, 3010 }, // U+0360
    { 16, 16, 256, 0, 14, 64, 3074 }, // U+0361
    { 16, 16, 256, 0, 14, 64, 3138 }, // U+0362
    { 8, 16, 128, 0, 14, 32, 3202 }, // U+0363
    { 8, 16, 128, 0, 14, 32, 3234 }, // U+0364
    { 8, 16, 128, 0, 14, 32, 3266 }, // U+0365
    { 8, 16, 128, 0, 14, 32, 3298 }, // U+0366
    { 8, 16, 128, 0, 14, 32, 3330 }, // U+0367
    { 8, 16, 128, 0, 14, 32, 3362 }, // U+0368
    { 8, 16, 128, 0, 14, 32, 3394 }, // U+0369
    { 8, 16, 128, 0, 14, 32, 3426 }, // U+036A
    { 8, 16, 128, 0, 14, 32, 3458 }, // U+036B
    { 8, 16, 128, 0, 14, 32, 3490 }, // U+036C
    { 8, 16, 128, 0, 14, 32, 3522 }, // U+036D
    { 8, 16, 128, 0, 14, 32, 3554 }, // U+036E
    { 8, 16, 128, 0, 14, 32, 3586 }, // U+036F
    { 8, 16, 128, 0, 14, 32, 0 }, // U+0400
    { 8, 16, 128, 0, 14, 32, 32 }, // U+0401
    { 8, 16, 128, 0, 14, 32, 64 }, // U+0402
    { 8, 16, 128, 0, 14, 32, 96 }, // U+0403
    { 8, 16, 128, 0, 14, 32, 128 }, // U+0404
    { 8, 16, 128, 0, 14, 32, 160 }, // U+0405
    { 8, 16, 128, 0, 14, 32, 192 }, // U+0406
    { 8, 16, 128, 0, 14, 32, 224 }, // U+0407
    { 8, 16, 128, 0, 14, 32, 256 }, // U+0408
    { 8, 16, 128, 0, 14, 32, 288 }, // U+0409
    { 8, 16, 128, 0, 14, 32, 320 }, // U+040A
    { 8, 16, 128, 0, 14, 32, 352 }, // U+040B
    { 8, 16, 128, 0, 14, 32, 384 }, // U+040C
    { 8, 16, 128, 0, 14, 32, 416 }, // U+040D
    { 8, 16, 128, 0, 14, 32, 448 }, // U+040E
    { 8, 16, 128, 0, 14, 32, 480 }, // U+040F
    { 8, 16, 128, 0, 14, 32, 512 }, // U+0410
    { 8, 16, 128, 0, 14, 32, 544 }, // U+0411
    { 8, 16, 128, 0, 14, 32, 576 }, // U+0412
    { 8, 16, 128, 0, 14, 32, 608 }, // U+0413
    { 8, 16, 128, 0, 14, 32, 640 }, // U+0414
    { 8, 16, 128, 0, 14, 32, 672 }, // U+0415
    { 8, 16, 128, 0, 14, 32, 704 }, // U+0416
    { 8, 16, 128, 0, 14, 32, 736 }, // U+0417
    { 8, 16, 128, 0, 14, 32, 768 }, // U+0418
    { 8, 16, 128, 0, 14, 32, 800 }, // U+0419
    { 8, 16, 128, 0, 14, 32, 832 }, // U+041A
    { 8, 16, 128, 0, 14, 32, 864 }, // U+041B
    { 8, 16, 128, 0, 14, 32, 896 }, // U+041C
    { 8, 16, 128, 0, 14, 32, 928 }, // U+041D
    { 8, 16, 128, 0, 14, 32, 960 }, // U+041E
    { 8, 16, 128, 0, 14, 32, 992 }, // U+041F
    { 8, 16, 128, 0, 14, 32, 1024 }, // U+0420
    { 8, 16, 128, 0, 14, 32, 1056 }, // U+0421
    { 8, 16, 128, 0, 14, 32, 1088 }, // U+0422
    { 8, 16, 128, 0, 14, 32, 1120 }, // U+0423
    { 8, 16, 128, 0, 14, 32, 1152 }, // U+0424
    { 8, 16, 128, 0, 14, 32, 1184 }, // U+0425
    { 8, 16, 128, 0, 14, 32, 1216 }, // U+0426
    { 8, 16, 128, 0, 14, 32, 1248 }, // U+0427
    { 8, 16, 128, 0, 14, 32, 1280 }, // U+0428
    { 8, 16, 128, 0, 14, 32, 1312 }, // U+0429
    { 8, 16, 128, 0, 14, 32, 1344 }, // U+042A
    { 8, 16, 128, 0, 14, 32, 1376 }, // U+042B
    { 8, 16, 128, 0, 14, 32, 1408 }, // U+042C
    { 8, 16, 128, 0, 14, 32, 1440 }, // U+042D
    { 8, 16, 128, 0, 14, 32, 1472 }, // U+042E
    { 8, 16, 128, 0, 14, 32, 1504 }, // U+042F
    { 8, 16, 128, 0, 14, 32, 1536 }, // U+0430
    { 8, 16, 128, 0, 14, 32, 1568 }, // U+0431
    { 8, 16, 128, 0, 14, 32, 1600 }, // U+0432
    { 8, 16, 128, 0, 14, 32, 1632 }, // U+0433
    { 8, 16, 128, 0, 14, 32, 1664 }, // U+0434
    { 8, 16, 128, 0, 14, 32, 1696 }, // U+0435
    { 8, 16, 128, 0, 14, 32, 1728 }, // U+0436
    { 8, 16, 128, 0, 14, 32, 1760 }, // U+0437
    { 8, 16, 128, 0, 14, 32, 1792 }, // U+0438
    { 8, 16, 128, 0, 14, 32, 1824 }, // U+0439
    { 8, 16, 128, 0, 14, 32, 1856 }, // U+043A
    { 8, 16, 128, 0, 14, 32, 1888 }, // U+043B
    { 8, 16, 128, 0, 14, 32, 1920 }, // U+043C
    { 8, 16, 128, 0, 14, 32, 1952 }, // U+043D
    { 8, 16, 128, 0, 14, 32, 1984 }, // U+043E
    { 8, 16, 128, 0, 14, 32, 2016 }, // U+043F
    { 8, 16, 128, 0, 14, 32, 2048 }, // U+0440
    { 8, 16, 128, 0, 14, 32, 2080 }, // U+0441
    { 8, 16, 128, 0, 14, 32, 2112 }, // U+0442
    { 8, 16, 128, 0, 14, 32, 2144 }, // U+0443
    { 8, 16, 128, 0, 14, 32, 2176 }, // U+0444
    { 8, 16, 128, 0, 14, 32, 2208 }, // U+0445
    { 8, 16, 128, 0, 14, 32, 2240 }, // U+0446
    { 8, 16, 128, 0, 14, 32, 2272 }, // U+0447
    { 8, 16, 128, 0, 14, 32, 2304 }, // U+0448
    { 8, 16, 128, 0, 14, 32, 2336 }, // U+0449
    { 8, 16, 128, 0, 14, 32, 2368 }, // U+044A
    { 8, 16, 128, 0, 14, 32, 2400 }, // U+044B
    { 8, 16, 128, 0, 14, 32, 2432 }, // U+044C
    { 8, 16, 128, 0, 14, 32, 2464 }, // U+044D
    { 8, 16, 128, 0, 14, 32, 2496 }, // U+044E
    { 8, 16, 128, 0, 14, 32, 2528 }, // U+044F
    { 8, 16, 128, 0, 14, 32, 2560 }, // U+0450
    { 8, 16, 128, 0, 14, 32, 2592 }, // U+0451
    { 8, 16, 128, 0, 14, 32, 2624 }, // U+0452
    { 8, 16, 128, 0, 14, 32, 2656 }, // U+0453
    { 8, 16, 128, 0, 14, 32, 2688 }, // U+0454
    { 8, 16, 128, 0, 14, 32, 2720 }, // U+0455
    { 8, 16, 128, 0, 14, 32, 2752 }, // U+0456
    { 8, 16, 128, 0, 14, 32, 2784 }, // U+0457
    { 8, 16, 128, 0, 14, 32, 2816 }, // U+0458
    { 8, 16, 128, 0, 14, 32, 2848 }, // U+0459
    { 8, 16, 128, 0, 14, 32, 2880 }, // U+045A
    { 8, 16, 128, 0, 14, 32, 2912 }, // U+045B
    { 8, 16, 128, 0, 14, 32, 2944 }, // U+045C
    { 8, 16, 128, 0, 14, 32, 2976 }, // U+045D
    { 8, 16, 128, 0, 14, 32, 3008 }, // U+045E
    { 8, 16, 128, 0, 14, 32, 3040 }, // U+045F
    { 8, 16, 128, 0, 14, 32, 3072 }, // U+0460
    { 8, 16, 128, 0, 14, 32, 3104 }, // U+0461
    { 8, 16, 128, 0, 14, 32, 3136 }, // U+0462
    { 8, 16, 128, 0, 14, 32, 3168 }, // U+0463
    { 8, 16, 128, 0, 14, 32, 3200 }, // U+0464
    { 8, 16, 128, 0, 14, 32, 3232 }, // U+0465
    { 8, 16, 128, 0, 14, 32, 3264 }, // U+0466
    { 8, 16, 128, 0, 14, 32, 3296 }, // U+0467
    { 8, 16, 128, 0, 14, 32, 3328 }, // U+0468
    { 8, 16, 128, 0, 14, 32, 3360 }, // U+0469
    { 8, 16, 128, 0, 14, 32, 3392 }, // U+046A
    { 8, 16, 128, 0, 14, 32, 3424 }, // U+046B
    { 8, 16, 128, 0, 14, 32, 3456 }, // U+046C
    { 8, 16, 128, 0, 14, 32, 3488 }, // U+046D
    { 8, 16, 128, 0, 14, 32, 3520 }, // U+046E
    { 8, 16, 128, 0, 14, 32, 3552 }, // U+046F
    { 8, 16, 128, 0, 14, 32, 3584 }, // U+0470
    { 8, 16, 128, 0, 14, 32, 3616 }, // U+0471
    { 8, 16, 128, 0, 14, 32, 3648 }, // U+0472
    { 8, 16, 128, 0, 14, 32, 3680 }, // U+0473
    { 8, 16, 128, 0, 14, 32, 3712 }, // U+0474
    { 8, 16, 128, 0, 14, 32, 3744 }, // U+0475
    { 8, 16, 128, 0, 14, 32, 3776 }, // U+0476
    { 8, 16, 128, 0, 14, 32, 3808 }, // U+0477
    { 8, 16, 128, 0, 14, 32, 3840 }, // U+0478
    { 8, 16, 128, 0, 14, 32, 3872 }, // U+0479
    { 8, 16, 128, 0, 14, 32, 3904 }, // U+047A
    { 8, 16, 128, 0, 14, 32, 3936 }, // U+047B
    { 8, 16, 128, 0, 14, 32, 3968 }, // U+047C
    { 8, 16, 128, 0, 14, 32, 4000 }, // U+047D
    { 8, 16, 128, 0, 14, 32, 4032 }, // U+047E
    { 8, 16, 128, 0, 14, 32, 4064 }, // U+047F
    { 8, 16, 128, 0, 14, 32, 4096 }, // U+0480
    { 8, 16, 128, 0, 14, 32, 4128 }, // U+0481
    { 8, 16, 128, 0, 14, 32, 4160 }, // U+0482
    { 8, 16, 128, 0, 14, 32, 4192 }, // U+0483
    { 8, 16, 128, 0, 14, 32, 4224 }, // U+0484
    { 8, 16, 128, 0, 14, 32, 4256 }, // U+0485
    { 8, 16, 128, 0, 14, 32, 4288 }, // U+0486
    { 8, 16, 128, 0, 14, 32, 4320 }, // U+0487
    { 16, 16, 256, 0, 14, 64, 4352 }, // U+0488
    { 16, 16, 256, 0, 14, 64, 4416 }, // U+0489
    { 8, 16, 128, 0, 14, 32, 4480 }, // U+048A
    { 8, 16, 128, 0, 14, 32, 4512 }, // U+048B
    { 8, 16, 128, 0, 14, 32, 4544 }, // U+048C
    { 8, 16, 128, 0, 14, 32, 4576 }, // U+048D
    { 8, 16, 128, 0, 14, 32, 4608 }, // U+048E
    { 8, 16, 128, 0, 14, 32, 4640 }, // U+048F
    { 8, 16, 128, 0, 14, 32, 4672 }, // U+0490
    { 8, 16, 128, 0, 14, 32, 4704 }, // U+0491
    { 8, 16, 128, 0, 14, 32, 4736 }, // U+0492
    { 8, 16, 128, 0, 14, 32, 4768 }, // U+0493
    { 8, 16, 128, 0, 14, 32, 4800 }, // U+0494
    { 8, 16, 128, 0, 14, 32, 4832 }, // U+0495
    { 8, 16, 128, 0, 14, 32, 4864 }, // U+0496
    { 8, 16, 128, 0, 14, 32, 4896 }, // U+0497
    { 8, 16, 128, 0, 14, 32, 4928 }, // U+0498
    { 8, 16, 128, 0, 14, 32, 4960 }, // U+0499
    { 8, 16, 128, 0, 14, 32, 4992 }, // U+049A
    { 8, 16, 128, 0, 14, 32, 5024 }, // U+049B
    { 8, 16, 128, 0, 14, 32, 5056 }, // U+049C
    { 8, 16, 128, 0, 14, 32, 5088 }, // U+049D
    { 8, 16, 128, 0, 14, 32, 5120 }, // U+049E
    { 8, 16, 128, 0, 14, 32, 5152 }, // U+049F
    { 8, 16, 128, 0, 14, 32, 5184 }, // U+04A0
    { 8, 16, 128, 0, 14, 32, 5216 }, // U+04A1
    { 8, 16, 128, 0, 14, 32, 5248 }, // U+04A2
    { 8, 16, 128, 0, 14, 32, 5280 }, // U+04A3
    { 8, 16, 128, 0, 14, 32, 5312 }, // U+04A4
    { 8, 16, 128, 0, 14, 32, 5344 }, // U+04A5
    { 8, 16, 128, 0, 14, 32, 5376 }, // U+04A6
    { 8, 16, 128, 0, 14, 32, 5408 }, // U+04A7
    { 8, 16, 128, 0, 14, 32, 5440 }, // U+04A8
    { 8, 16, 128, 0, 14, 32, 5472 }, // U+04A9
    { 8, 16, 128, 0, 14, 32, 5504 }, // U+04AA
    { 8, 16, 128, 0, 14, 32, 5536 }, // U+04AB
    { 8, 16, 128, 0, 14, 32, 5568 }, // U+04AC
    { 8, 16, 128, 0, 14, 32, 5600 }, // U+04AD
    { 8, 16, 128, 0, 14, 32, 5632 }, // U+04AE
    { 8, 16, 128, 0, 14, 32, 5664 }, // U+04AF
    { 8, 16, 128, 0, 14, 32, 5696 }, // U+04B0
    { 8, 16, 128, 0, 14, 32, 5728 }, // U+04B1
    { 8, 16, 128, 0, 14, 32, 5760 }, // U+04B2
    { 8, 16, 128, 0, 14, 32, 5792 }, // U+04B3
    { 8, 16, 128, 0, 14, 32, 5824 }, // U+04B4
    { 8, 16, 128, 0, 14, 32, 5856 }, // U+04B5
    { 8, 16, 128, 0, 14, 32, 5888 }, // U+04B6
    { 8, 16, 128, 0, 14, 32, 5920 }, // U+04B7
    { 8, 16, 128, 0, 14, 32, 5952 }, // U+04B8
    { 8, 16, 128, 0, 14, 32, 5984 }, // U+04B9
    { 8, 16, 128, 0, 14, 32, 6016 }, // U+04BA
    { 8, 16, 128, 0, 14, 32, 6048 }, // U+04BB
    { 8, 16, 128, 0, 14, 32, 6080 }, // U+04BC
    { 8, 16, 128, 0, 14, 32, 6112 }, // U+04BD
    { 8, 16, 128, 0, 14, 32, 6144 }, // U+04BE
    { 8, 16, 128, 0, 14, 32, 6176 }, // U+04BF
    { 8, 16, 128, 0, 14, 32, 6208 }, // U+04C0
    { 8, 16, 128, 0, 14, 32, 6240 }, // U+04C1
    { 8, 16, 128, 0, 14, 32, 6272 }, // U+04C2
    { 8, 16, 128, 0, 14, 32, 6304 }, // U+04C3
    { 8, 16, 128, 0, 14, 32, 6336 }, // U+04C4
    { 8, 16, 128, 0, 14, 32, 6368 }, // U+04C5
    { 8, 16, 128, 0, 14, 32, 6400 }, // U+04C6
    { 8, 16, 128, 0, 14, 32, 6432 }, // U+04C7
    { 8, 16, 128, 0, 14, 32, 6464 }, // U+04C8
    { 8, 16, 128, 0, 14, 32, 6496 }, // U+04C9
    { 8, 16, 128, 0, 14, 32, 6528 }, // U+04CA
    { 8, 16, 128, 0, 14, 32, 6560 }, // U+04CB
    { 8, 16, 128, 0, 14, 32, 6592 }, // U+04CC
    { 8, 16, 128, 0, 14, 32, 6624 }, // U+04CD
    { 8, 16, 128, 0, 14, 32, 6656 }, // U+04CE
    { 8, 16, 128, 0, 14, 32, 6688 }, // U+04CF
    { 8, 16, 128, 0, 14, 32, 6720 }, // U+04D0
    { 8, 16, 128, 0, 14, 32, 6752 }, // U+04D1
    { 8, 16, 128, 0, 14, 32, 6784 }, // U+04D2
    { 8, 16, 128, 0, 14, 32, 6816 }, // U+04D3
    { 8, 16, 128, 0, 14, 32, 6848 }, // U+04D4
    { 8, 16, 128, 0, 14, 32, 6880 }, // U+04D5
    { 8, 16, 128, 0, 14, 32, 6912 }, // U+04D6
    { 8, 16, 128, 0, 14, 32, 6944 }, // U+04D7
    { 8, 16, 128, 0, 14, 32, 6976 }, // U+04D8
    { 8, 16, 128, 0, 14, 32, 7008 }, // U+04D9
    { 8, 16, 128, 0, 14, 32, 7040 }, // U+04DA
    { 8, 16, 128, 0, 14, 32, 7072 }, // U+04DB
    { 8, 16, 128, 0, 14, 32, 7104 }, // U+04DC
    { 8, 16, 128, 0, 14, 32, 7136 }, // U+04DD
    { 8, 16, 128, 0, 14, 32, 7168 }, // U+04DE
    { 8, 16, 128, 0, 14, 32, 7200 }, // U+04DF
    { 8, 16, 128, 0, 14, 32, 7232 }, // U+04E0
    { 8, 16, 128, 0, 14, 32, 7264 }, // U+04E1
    { 8, 16, 128, 0, 14, 32, 7296 }, // U+04E2
    { 8, 16, 128, 0, 14, 32, 7328 }, // U+04E3
    { 8, 16, 128, 0, 14, 32, 7360 }, // U+04E4
    { 8, 16, 128, 0, 14, 32, 7392 }, // U+04E5
    { 8, 16, 128, 0, 14, 32, 7424 }, // U+04E6
    { 8, 16, 128, 0, 14, 32, 7456 }, // U+04E7
    { 8, 16, 128, 0, 14, 32, 7488 }, // U+04E8
    { 8, 16, 128, 0, 14, 32, 7520 }, // U+04E9
    { 8, 16, 128, 0, 14, 32, 7552 }, // U+04EA
    { 8, 16, 128, 0, 14, 32, 7584 }, // U+04EB
    { 8, 16, 128, 0, 14, 32, 7616 }, // U+04EC
    { 8, 16, 128, 0, 14, 32, 7648 }, // U+04ED
    { 8, 16, 128, 0, 14, 32, 7680 }, // U+04EE
    { 8, 16, 128, 0, 14, 32, 7712 }, // U+04EF
    { 8, 16, 128, 0, 14, 32, 7744 }, // U+04F0
    { 8, 16, 128, 0, 14, 32, 7776 }, // U+04F1
    { 8, 16, 128, 0, 14, 32, 7808 }, // U+04F2
    { 8, 16, 128, 0, 14, 32, 7840 }, // U+04F3
    { 8, 16, 128, 0, 14, 32, 7872 }, // U+04F4
    { 8, 16, 128, 0, 14, 32, 7904 }, // U+04F5
    { 8, 16, 128, 0, 14, 32, 7936 }, // U+04F6
    { 8, 16, 128, 0, 14, 32, 7968 }, // U+04F7
    { 8, 16, 128, 0, 14, 32, 8000 }, // U+04F8
    { 8, 16, 128, 0, 14, 32, 8032 }, // U+04F9
    { 8, 16, 128, 0, 14, 32, 8064 }, // U+04FA
    { 8, 16, 128, 0, 14, 32, 8096 }, // U+04FB
    { 8, 16, 128, 0, 14, 32, 8128 }, // U+04FC
    { 8, 16, 128, 0, 14, 32, 8160 }, // U+04FD
    { 8, 16, 128, 0, 14, 32, 8192 }, // U+04FE
    { 8, 16, 128, 0, 14, 32, 8224 }, // U+04FF
    { 24, 28, 368, -1, 23, 168, 0 }, // U+1E0C
    { 17, 28, 256, 0, 23, 119, 168 }, // U+1E0D
    { 27, 28, 400, -1, 23, 189, 287 }, // U+1E24
    { 16, 28, 288, 1, 23, 112, 476 }, // U+1E25
    { 20, 28, 320, -1, 23, 140, 588 }, // U+1E36
    { 9, 28, 144, 1, 23, 63, 728 }, // U+1E37
    { 20, 31, 320, -1, 26, 155, 791 }, // U+1E38
    { 11, 31, 144, 1, 26, 86, 946 }, // U+1E39
    { 20, 26, 320, -1, 23, 130, 1032 }, // U+1E3A
    { 11, 26, 144, -1, 23, 72, 1162 }, // U+1E3B
    { 31, 28, 464, -1, 28, 217, 1234 }, // U+1E40
    { 23, 20, 400, 1, 20, 115, 1451 }, // U+1E41
    { 31, 28, 464, -1, 23, 217, 1566 }, // U+1E42
    { 23, 20, 400, 1, 15, 115, 1783 }, // U+1E43
    { 26, 28, 384, -1, 28, 182, 1898 }, // U+1E44
    { 15, 20, 288, 1, 20, 75, 2080 }, // U+1E45
    { 26, 28, 384, -1, 23, 182, 2155 }, // U+1E46
    { 15, 20, 288, 1, 15, 75, 2337 }, // U+1E47
    { 26, 26, 384, -1, 23, 169, 2412 }, // U+1E48
    { 15, 18, 288, 1, 15, 68, 2581 }, // U+1E49
    { 21, 28, 352, -1, 23, 147, 2649 }, // U+1E5A
    { 14, 20, 208, 0, 15, 70, 2796 }, // U+1E5B
    { 21, 31, 352, -1, 26, 163, 2866 }, // U+1E5C
    { 14, 23, 208, 0, 18, 81, 3029 }, // U+1E5D
    { 21, 26, 352, -1, 23, 137, 3110 }, // U+1E5E
    { 15, 18, 208, -1, 15, 68, 3247 }, // U+1E5F
    { 17, 28, 288, 1, 23, 119, 3315 }, // U+1E62
    { 11, 20, 208, 1, 15, 55, 3434 }, // U+1E63
    { 19, 28, 320, 2, 23, 133, 3489 }, // U+1E6C
    { 9, 25, 144, 1, 20, 57, 3622 }, // U+1E6D
    { 21, 28, 336, -1, 23, 147, 0 }, // U+1EA0
    { 14, 20, 256, 0, 15, 70, 147 }, // U+1EA1
    { 8, 16, 128, 0, 14, 32, 217 }, // U+1EA2
    { 8, 16, 128, 0, 14, 32, 249 }, // U+1EA3
    { 21, 37, 336, -1, 37, 195, 281 }, // U+1EA4
    { 14, 31, 256, 0, 31, 109, 476 }, // U+1EA5
    { 21, 37, 336, -1, 37, 195, 585 }, // U+1EA6
    { 14, 31, 256, 0, 31, 109, 780 }, // U+1EA7
    { 8, 16, 128, 0, 14, 32, 889 }, // U+1EA8
    { 8, 16, 128, 0, 14, 32, 921 }, // U+1EA9
    { 21, 35, 336, -1, 35, 184, 953 }, // U+1EAA
    { 14, 29, 256, 0, 29, 102, 1137 }, // U+1EAB
    { 21, 35, 336, -1, 30, 184, 1239 }, // U+1EAC
    { 14, 27, 256, 0, 22, 95, 1423 }, // U+1EAD
    { 21, 36, 336, -1, 36, 189, 1518 }, // U+1EAE
    { 14, 28, 256, 0, 28, 98, 1707 }, // U+1EAF
    { 21, 36, 336, -1, 36, 189, 1805 }, // U+1EB0
    { 14, 28, 256, 0, 28, 98, 1994 }, // U+1EB1
    { 8, 16, 128, 0, 14, 32, 2092 }, // U+1EB2
    { 8, 16, 128, 0, 14, 32, 2124 }, // U+1EB3
    { 21, 34, 336, -1, 34, 179, 2156 }, // U+1EB4
    { 14, 26, 256, 0, 26, 91, 2335 }, // U+1EB5
    { 21, 34, 336, -1, 29, 179, 2426 }, // U+1EB6
    { 14, 26, 256, 0, 21, 91, 2605 }, // U+1EB7
    { 22, 28, 352, -1, 23, 154, 2696 }, // U+1EB8
    { 12, 20, 224, 1, 15, 60, 2850 }, // U+1EB9
    { 8, 16, 128, 0, 14, 32, 2910 }, // U+1EBA
    { 8, 16, 128, 0, 14, 32, 2942 }, // U+1EBB
    { 22, 28, 352, -1, 28, 154, 2974 }, // U+1EBC
    { 13, 20, 224, 1, 20, 65, 3128 }, // U+1EBD
    { 22, 37, 352, -1, 37, 204, 3193 }, // U+1EBE
    { 14, 30, 224, 1, 30, 105, 3397 }, // U+1EBF
    { 22, 37, 352, -1, 37, 204, 3502 }, // U+1EC0
    { 14, 30, 224, 1, 30, 105, 3706 }, // U+1EC1
    { 8, 16, 128, 0, 14, 32, 3811 }, // U+1EC2
    { 8, 16, 128, 0, 14, 32, 3843 }, // U+1EC3
    { 22, 35, 352, -1, 35, 193, 3875 }, // U+1EC4
    { 14, 28, 224, 1, 28, 98, 4068 }, // U+1EC5
    { 22, 35, 352, -1, 30, 193, 4166 }, // U+1EC6
    { 12, 27, 224, 1, 22, 81, 4359 }, // U+1EC7
    { 8, 16, 128, 0, 14, 32, 4440 }, // U+1EC8
    { 8, 16, 128, 0, 14, 32, 4472 }, // U+1EC9
    { 15, 28, 208, -1, 23, 105, 4504 }, // U+1ECA
    { 8, 28, 144, 1, 23, 56, 4609 }, // U+1ECB
    { 22, 28, 368, 1, 23, 154, 4665 }, // U+1ECC
    { 15, 20, 256, 1, 15, 75, 4819 }, // U+1ECD
    { 8, 16, 128, 0, 14, 32, 4894 }, // U+1ECE
    { 8, 16, 128, 0, 14, 32, 4926 }, // U+1ECF
    { 22, 37, 368, 1, 37, 204, 4958 }, // U+1ED0
    { 16, 30, 256, 1, 30, 120, 5162 }, // U+1ED1
    { 22, 37, 368, 1, 37, 204, 5282 }, // U+1ED2
    { 16, 30, 256, 1, 30, 120, 5486 }, // U+1ED3
    { 8, 16, 128, 0, 14, 32, 5606 }, // U+1ED4
    { 8, 16, 128, 0, 14, 32, 5638 }, // U+1ED5
    { 22, 35, 368, 1, 35, 193, 5670 }, // U+1ED6
    { 16, 28, 256, 1, 28, 112, 5863 }, // U+1ED7
    { 22, 35, 368, 1, 30, 193, 5975 }, // U+1ED8
    { 15, 27, 256, 1, 22, 102, 6168 }, // U+1ED9
    { 26, 30, 368, 1, 30, 195, 6270 }, // U+1EDA
    { 20, 22, 256, 1, 22, 110, 6465 }, // U+1EDB
    { 26, 30, 368, 1, 30, 195, 6575 }, // U+1EDC
    { 20, 22, 256, 1, 22, 110, 6770 }, // U+1EDD
    { 8, 16, 128, 0, 14, 32, 6880 }, // U+1EDE
    { 8, 16, 128, 0, 14, 32, 6912 }, // U+1EDF
    { 26, 28, 368, 1, 28, 182, 6944 }, // U+1EE0
    { 20, 20, 256, 1, 20, 100, 7126 }, // U+1EE1
    { 26, 28, 368, 1, 23, 182, 7226 }, // U+1EE2
    { 20, 20, 256, 1, 15, 100, 7408 }, // U+1EE3
    { 23, 28, 384, 2, 23, 161, 7508 }, // U+1EE4
    { 15, 20, 288, 1, 15, 75, 7669 }, // U+1EE5
    { 8, 16, 128, 0, 14, 32, 7744 }, // U+1EE6
    { 8, 16, 128, 0, 14, 32, 7776 }, // U+1EE7
    { 27, 30, 384, 2, 30, 203, 7808 }, // U+1EE8
    { 20, 22, 288, 1, 22, 110, 8011 }, // U+1EE9
    { 27, 30, 384, 2, 30, 203, 8121 }, // U+1EEA
    { 20, 22, 288, 1, 22, 110, 8324 }, // U+1EEB
    { 8, 16, 128, 0, 14, 32, 8434 }, // U+1EEC
    { 8, 16, 128, 0, 14, 32, 8466 }, // U+1EED
    { 27, 28, 384, 2, 28, 189, 8498 }, // U+1EEE
    { 20, 20, 288, 1, 20, 100, 8687 }, // U+1EEF
    { 27, 28, 384, 2, 23, 189, 8787 }, // U+1EF0
    { 20, 20, 288, 1, 15, 100, 8976 }, // U+1EF1
    { 19, 30, 320, 2, 30, 143, 9076 }, // U+1EF2
    { 16, 29, 240, -2, 22, 116, 9219 }, // U+1EF3
    { 19, 28, 320, 2, 23, 133, 9335 }, // U+1EF4
    { 16, 27, 240, -2, 15, 108, 9468 }, // U+1EF5
    { 8, 16, 128, 0, 14, 32, 9576 }, // U+1EF6
    { 8, 16, 128, 0, 14, 32, 9608 }, // U+1EF7
    { 19, 28, 320, 2, 28, 133, 9640 }, // U+1EF8
    { 16, 27, 240, -2, 20, 108, 9773 }, // U+1EF9
    { 1, 1, 272, 0, 1, 1, 0 }, // U+2000
    { 1, 1, 528, 0, 1, 1, 1 }, // U+2001
    { 1, 1, 272, 0, 1, 1, 2 }, // U+2002
    { 1, 1, 528, 0, 1, 1, 3 }, // U+2003
    { 1, 1, 176, 0, 1, 1, 4 }, // U+2004
    { 1, 1, 128, 0, 1, 1, 5 }, // U+2005
    { 1, 1, 96, 0, 1, 1, 6 }, // U+2006
    { 1, 1, 256, 0, 1, 1, 7 }, // U+2007
    { 1, 1, 128, 0, 1, 1, 8 }, // U+2008
    { 1, 1, 112, 0, 1, 1, 9 }, // U+2009
    { 1, 1, 48, 0, 1, 1, 10 }, // U+200A
    { 1, 1, 0, 0, 1, 1, 11 }, // U+200B
    { 16, 16, 256, 0, 14, 64, 12 }, // U+200C
    { 16, 16, 256, 0, 14, 64, 76 }, // U+200D
    { 16, 16, 256, 0, 14, 64, 140 }, // U+200E
    { 16, 16, 256, 0, 14, 64, 204 }, // U+200F
    { 9, 4, 176, 1, 9, 9, 268 }, // U+2010
    { 9, 4, 176, 1, 9, 9, 277 }, // U+2011
    { 16, 3, 256, 0, 9, 12, 286 }, // U+2012
    { 16, 3, 256, 0, 9, 12, 298 }, // U+2013
    { 32, 3, 512, 0, 9, 24, 310 }, // U+2014
    { 32, 3, 512, 0, 9, 24, 334 }, // U+2015
    { 8, 16, 128, 0, 14, 32, 358 }, // U+2016
    { 8, 16, 128, 0, 14, 32, 390 }, // U+2017
    { 6, 10, 176, 4, 23, 15, 422 }, // U+2018
    { 6, 10, 176, 4, 23, 15, 437 }, // U+2019
    { 6, 10, 176, 3, 4, 15, 452 }, // U+201A
    { 6, 10, 176, 4, 23, 15, 467 }, // U+201B
    { 14, 10, 272, 2, 23, 35, 482 }, // U+201C
    { 14, 10, 272, 3, 23, 35, 517 }, // U+201D
    { 14, 10, 272, -1, 4, 35, 552 }, // U+201E
    { 14, 10, 272, 3, 23, 35, 587 }, // U+201F
    { 13, 28, 256, 3, 23, 91, 622 }, // U+2020
    { 16, 28, 256, 0, 23, 112, 713 }, // U+2021
    { 8, 8, 192, 2, 14, 16, 825 }, // U+2022
    { 8, 16, 128, 0, 14, 32, 841 }, // U+2023
    { 8, 16, 128, 0, 14, 32, 873 }, // U+2024
    { 8, 16, 128, 0, 14, 32, 905 }, // U+2025
    { 27, 5, 528, 3, 5, 34, 937 }, // U+2026
    { 8, 16, 128, 0, 14, 32, 971 }, // U+2027
    { 16, 16, 256, 0, 14, 64, 1003 }, // U+2028
    { 16, 16, 256, 0, 14, 64, 1067 }, // U+2029
    { 16, 16, 256, 0, 14, 64, 1131 }, // U+202A
    { 16, 16, 256, 0, 14, 64, 1195 }, // U+202B
    { 16, 16, 256, 0, 14, 64, 1259 }, // U+202C
    { 16, 16, 256, 0, 14, 64, 1323 }, // U+202D
    { 16, 16, 256, 0, 14, 64, 1387 }, // U+202E
    { 8, 16, 128, 0, 14, 32, 1451 }, // U+202F
    { 32, 24, 528, 0, 23, 192, 1483 }, // U+2030
    { 8, 16, 128, 0, 14, 32, 1675 }, // U+2031
    { 8, 16, 128, 0, 14, 32, 1707 }, // U+2032
    { 8, 16, 128, 0, 14, 32, 1739 }, // U+2033
    { 8, 16, 128, 0, 14, 32, 1771 }, // U+2034
    { 8, 16, 128, 0, 14, 32, 1803 }, // U+2035
    { 8, 16, 128, 0, 14, 32, 1835 }, // U+2036
    { 8, 16, 128, 0, 14, 32, 1867 }, // U+2037
    { 8, 16, 128, 0, 14, 32, 1899 }, // U+2038
    { 9, 13, 176, 1, 14, 30, 1931 }, // U+2039
    { 9, 13, 176, 1, 14, 30, 1961 }, // U+203A
    { 8, 16, 128, 0, 14, 32, 1991 }, // U+203B
    { 8, 16, 128, 0, 14, 32, 2023 }, // U+203C
    { 8, 16, 128, 0, 14, 32, 2055 }, // U+203D
    { 8, 16, 128, 0, 14, 32, 2087 }, // U+203E
    { 8, 16, 128, 0, 14, 32, 2119 }, // U+203F
    { 8, 16, 128, 0, 14, 32, 2151 }, // U+2040
    { 8, 16, 128, 0, 14, 32, 2183 }, // U+2041
    { 8, 16, 128, 0, 14, 32, 2215 }, // U+2042
    { 8, 16, 128, 0, 14, 32, 2247 }, // U+2043
    { 15, 23, 96, -5, 23, 87, 2279 }, // U+2044
    { 8, 16, 128, 0, 14, 32, 2366 }, // U+2045
    { 8, 16, 128, 0, 14, 32, 2398 }, // U+2046
    { 8, 16, 128, 0, 14, 32, 2430 }, // U+2047
    { 8, 16, 128, 0, 14, 32, 2462 }, // U+2048
    { 8, 16, 128, 0, 14, 32, 2494 }, // U+2049
    { 8, 16, 128, 0, 14, 32, 2526 }, // U+204A
    { 8, 16, 128, 0, 14, 32, 2558 }, // U+204B
    { 8, 16, 128, 0, 14, 32, 2590 }, // U+204C
    { 8, 16, 128, 0, 14, 32, 2622 }, // U+204D
    { 8, 16, 128, 0, 14, 32, 2654 }, // U+204E
    { 8, 16, 128, 0, 14, 32, 2686 }, // U+204F
    { 8, 16, 128, 0, 14, 32, 2718 }, // U+2050
    { 8, 16, 128, 0, 14, 32, 2750 }, // U+2051
    { 8, 16, 128, 0, 14, 32, 2782 }, // U+2052
    { 8, 16, 128, 0, 14, 32, 2814 }, // U+2053
    { 8, 16, 128, 0, 14, 32, 2846 }, // U+2054
    { 8, 16, 128, 0, 14, 32, 2878 }, // U+2055
    { 8, 16, 128, 0, 14, 32, 2910 }, // U+2056
    { 16, 16, 256, 0, 14, 64, 2942 }, // U+2057
    { 8, 16, 128, 0, 14, 32, 3006 }, // U+2058
    { 8, 16, 128, 0, 14, 32, 3038 }, // U+2059
    { 8, 16, 128, 0, 14, 32, 3070 }, // U+205A
    { 8, 16, 128, 0, 14, 32, 3102 }, // U+205B
    { 8, 16, 128, 0, 14, 32, 3134 }, // U+205C
    { 8, 16, 128, 0, 14, 32, 3166 }, // U+205D
    { 8, 16, 128, 0, 14, 32, 3198 }, // U+205E
    { 8, 16, 128, 0, 14, 32, 3230 }, // U+205F
    { 16, 16, 256, 0, 14, 64, 3262 }, // U+2060
    { 16, 16, 256, 0, 14, 64, 3326 }, // U+2061
    { 16, 16, 256, 0, 14, 64, 3390 }, // U+2062
    { 16, 16, 256, 0, 14, 64, 3454 }, // U+2063
    { 16, 16, 256, 0, 14, 64, 3518 }, // U+2064
    { 16, 16, 256, 0, 14, 64, 3582 }, // U+2065
    { 16, 16, 256, 0, 14, 64, 3646 }, // U+2066
    { 16, 16, 256, 0, 14, 64, 3710 }, // U+2067
    { 16, 16, 256, 0, 14, 64, 3774 }, // U+2068
    { 16, 16, 256, 0, 14, 64, 3838 }, // U+2069
    { 16, 16, 256, 0, 14, 64, 3902 }, // U+206A
    { 16, 16, 256, 0, 14, 64, 3966 }, // U+206B
    { 16, 16, 256, 0, 14, 64, 4030 }, // U+206C
    { 16, 16, 256, 0, 14, 64, 4094 }, // U+206D
    { 16, 16, 256, 0, 14, 64, 4158 }, // U+206E
    { 16, 16, 256, 0, 14, 64, 4222 }, // U+206F
    { 8, 16, 128, 0, 14, 32, 0 }, // U+2070
    { 8, 16, 128, 0, 14, 32, 32 }, // U+2071
    { 16, 16, 256, 0, 14, 64, 64 }, // U+2072
    { 16, 16, 256, 0, 14, 64, 128 }, // U+2073
    { 8, 16, 128, 0, 14, 32, 192 }, // U+2074
    { 8, 16, 128, 0, 14, 32, 224 }, // U+2075
    { 8, 16, 128, 0, 14, 32, 256 }, // U+2076
    { 8, 16, 128, 0, 14, 32, 288 }, // U+2077
    { 8, 16, 128, 0, 14, 32, 320 }, // U+2078
    { 8, 16, 128, 0, 14, 32, 352 }, // U+2079
    { 8, 16, 128, 0, 14, 32, 384 }, // U+207A
    { 8, 16, 128, 0, 14, 32, 416 }, // U+207B
    { 8, 16, 128, 0, 14, 32, 448 }, // U+207C
    { 8, 16, 128, 0, 14, 32, 480 }, // U+207D
    { 8, 16, 128, 0, 14, 32, 512 }, // U+207E
    { 8, 16, 128, 0, 14, 32, 544 }, // U+207F
    { 8, 16, 128, 0, 14, 32, 576 }, // U+2080
    { 9, 14, 160, 0, 7, 32, 608 }, // U+2081
    { 10, 14, 160, 0, 7, 35, 640 }, // U+2082
    { 10, 14, 160, 1, 7, 35, 675 }, // U+2083
    { 8, 16, 128, 0, 14, 32, 710 }, // U+2084
    { 8, 16, 128, 0, 14, 32, 742 }, // U+2085
    { 8, 16, 128, 0, 14, 32, 774 }, // U+2086
    { 8, 16, 128, 0, 14, 32, 806 }, // U+2087
    { 8, 16, 128, 0, 14, 32, 838 }, // U+2088
    { 8, 16, 128, 0, 14, 32, 870 }, // U+2089
    { 8, 16, 128, 0, 14, 32, 902 }, // U+208A
    { 8, 16, 128, 0, 14, 32, 934 }, // U+208B
    { 8, 16, 128, 0, 14, 32, 966 }, // U+208C
    { 8, 16, 128, 0, 14, 32, 998 }, // U+208D
    { 8, 16, 128, 0, 14, 32, 1030 }, // U+208E
    { 8, 16, 128, 0, 14, 32, 1062 }, // U+208F
    { 8, 16, 128, 0, 14, 32, 1094 }, // U+2090
    { 8, 16, 128, 0, 14, 32, 1126 }, // U+2091
    { 8, 16, 128, 0, 14, 32, 1158 }, // U+2092
    { 8, 16, 128, 0, 14, 32, 1190 }, // U+2093
    { 8, 16, 128, 0, 14, 32, 1222 }, // U+2094
    { 8, 16, 128, 0, 14, 32, 1254 }, // U+2095
    { 8, 16, 128, 0, 14, 32, 1286 }, // U+2096
    { 8, 16, 128, 0, 14, 32, 1318 }, // U+2097
    { 8, 16, 128, 0, 14, 32, 1350 }, // U+2098
    { 8, 16, 128, 0, 14, 32, 1382 }, // U+2099
    { 8, 16, 128, 0, 14, 32, 1414 }, // U+209A
    { 8, 16, 128, 0, 14, 32, 1446 }, // U+209B
    { 8, 16, 128, 0, 14, 32, 1478 }, // U+209C
    { 8, 16, 128, 0, 14, 32, 1510 }, // U+209D
    { 8, 16, 128, 0, 14, 32, 1542 }, // U+209E
    { 8, 16, 128, 0, 14, 32, 1574 }, // U+209F
    { 8, 16, 128, 0, 14, 32, 0 }, // U+20A0
    { 8, 16, 128, 0, 14, 32, 32 }, // U+20A1
    { 8, 16, 128, 0, 14, 32, 64 }, // U+20A2
    { 8, 16, 128, 0, 14, 32, 96 }, // U+20A3
    { 8, 16, 128, 0, 14, 32, 128 }, // U+20A4
    { 23, 23, 400, 1, 19, 133, 160 }, // U+20A5
    { 26, 23, 384, -1, 23, 150, 293 }, // U+20A6
    { 8, 16, 128, 0, 14, 32, 443 }, // U+20A7
    { 8, 16, 128, 0, 14, 32, 475 }, // U+20A8
    { 28, 23, 464, 2, 23, 161, 507 }, // U+20A9
    { 8, 16, 128, 0, 14, 32, 668 }, // U+20AA
    { 8, 16, 128, 0, 14, 32, 700 }, // U+20AB
    { 24, 23, 352, -1, 23, 138, 732 }, // U+20AC
    { 24, 23, 352, -1, 23, 138, 870 }, // U+20AD
    { 8, 16, 128, 0, 14, 32, 1008 }, // U+20AE
    { 8, 16, 128, 0, 14, 32, 1040 }, // U+20AF
    { 8, 16, 128, 0, 14, 32, 1072 }, // U+20B0
    { 8, 16, 128, 0, 14, 32, 1104 }, // U+20B1
    { 8, 16, 128, 0, 14, 32, 1136 }, // U+20B2
    { 8, 16, 128, 0, 14, 32, 1168 }, // U+20B3
    { 8, 16, 128, 0, 14, 32, 1200 }, // U+20B4
    { 8, 16, 128, 0, 14, 32, 1232 }, // U+20B5
    { 8, 16, 128, 0, 14, 32, 1264 }, // U+20B6
    { 8, 16, 128, 0, 14, 32, 1296 }, // U+20B7
    { 8, 16, 128, 0, 14, 32, 1328 }, // U+20B8
    { 16, 16, 256, 0, 14, 64, 1360 }, // U+20B9
    { 8, 16, 128, 0, 14, 32, 1424 }, // U+20BA
    { 8, 16, 128, 0, 14, 32, 1456 }, // U+20BB
    { 8, 16, 128, 0, 14, 32, 1488 }, // U+20BC
    { 8, 16, 128, 0, 14, 32, 1520 }, // U+20BD
    { 8, 16, 128, 0, 14, 32, 1552 }, // U+20BE
    { 8, 16, 128, 0, 14, 32, 1584 }, // U+20BF
    { 8, 16, 128, 0, 14, 32, 1616 }, // U+20C0
    { 8, 16, 128, 0, 14, 32, 1648 }, // U+20C1
    { 8, 16, 128, 0, 14, 32, 1680 }, // U+20C2
    { 8, 16, 128, 0, 14, 32, 1712 }, // U+20C3
    { 8, 16, 128, 0, 14, 32, 1744 }, // U+20C4
    { 16, 16, 256, 0, 14, 64, 1776 }, // U+20C5
    { 16, 16, 256, 0, 14, 64, 1840 }, // U+20C6
    { 16, 16, 256, 0, 14, 64, 1904 }, // U+20C7
    { 16, 16, 256, 0, 14, 64, 1968 }, // U+20C8
    { 16, 16, 256, 0, 14, 64, 2032 }, // U+20C9
    { 16, 16, 256, 0, 14, 64, 2096 }, // U+20CA
    { 16, 16, 256, 0, 14, 64, 2160 }, // U+20CB
    { 16, 16, 256, 0, 14, 64, 2224 }, // U+20CC
    { 16, 16, 256, 0, 14, 64, 2288 }, // U+20CD
    { 16, 16, 256, 0, 14, 64, 2352 }, // U+20CE
    { 16, 16, 256, 0, 14, 64, 2416 }, // U+20CF
    { 8, 16, 128, 0, 14, 32, 0 }, // U+2190
    { 8, 16, 128, 0, 14, 32, 32 }, // U+2191
    { 8, 16, 128, 0, 14, 32, 64 }, // U+2192
    { 8, 16, 128, 0, 14, 32, 96 }, // U+2193
    { 8, 16, 128, 0, 14, 32, 128 }, // U+2194
    { 8, 16, 128, 0, 14, 32, 160 }, // U+2195
    { 8, 16, 128, 0, 14, 32, 192 }, // U+2196
    { 8, 16, 128, 0, 14, 32, 224 }, // U+2197
    { 8, 16, 128, 0, 14, 32, 256 }, // U+2198
    { 8, 16, 128, 0, 14, 32, 288 }, // U+2199
    { 8, 16, 128, 0, 14, 32, 320 }, // U+219A
    { 8, 16, 128, 0, 14, 32, 352 }, // U+219B
    { 16, 16, 256, 0, 14, 64, 384 }, // U+219C
    { 16, 16, 256, 0, 14, 64, 448 }, // U+219D
    { 8, 16, 128, 0, 14, 32, 512 }, // U+219E
    { 8, 16, 128, 0, 14, 32, 544 }, // U+219F
    { 8, 16, 128, 0, 14, 32, 576 }, // U+21A0
    { 8, 16, 128, 0, 14, 32, 608 }, // U+21A1
    { 8, 16, 128, 0, 14, 32, 640 }, // U+21A2
    { 8, 16, 128, 0, 14, 32, 672 }, // U+21A3
    { 8, 16, 128, 0, 14, 32, 704 }, // U+21A4
    { 8, 16, 128, 0, 14, 32, 736 }, // U+21A5
    { 8, 16, 128, 0, 14, 32, 768 }, // U+21A6
    { 8, 16, 128, 0, 14, 32, 800 }, // U+21A7
    { 8, 16, 128, 0, 14, 32, 832 }, // U+21A8
    { 8, 16, 128, 0, 14, 32, 864 }, // U+21A9
    { 8, 16, 128, 0, 14, 32, 896 }, // U+21AA
    { 8, 16, 128, 0, 14, 32, 928 }, // U+21AB
    { 8, 16, 128, 0, 14, 32, 960 }, // U+21AC
    { 8, 16, 128, 0, 14, 32, 992 }, // U+21AD
    { 8, 16, 128, 0, 14, 32, 1024 }, // U+21AE
    { 8, 16, 128, 0, 14, 32, 1056 }, // U+21AF
    { 8, 16, 128, 0, 14, 32, 1088 }, // U+21B0
    { 8, 16, 128, 0, 14, 32, 1120 }, // U+21B1
    { 8, 16, 128, 0, 14, 32, 1152 }, // U+21B2
    { 8, 16, 128, 0, 14, 32, 1184 }, // U+21B3
    { 8, 16, 128, 0, 14, 32, 1216 }, // U+21B4
    { 8, 16, 128, 0, 14, 32, 1248 }, // U+21B5
    { 8, 16, 128, 0, 14, 32, 1280 }, // U+21B6
    { 8, 16, 128, 0, 14, 32, 1312 }, // U+21B7
    { 8, 16, 128, 0, 14, 32, 1344 }, // U+21B8
    { 8, 16, 128, 0, 14, 32, 1376 }, // U+21B9
    { 8, 16, 128, 0, 14, 32, 1408 }, // U+21BA
    { 8, 16, 128, 0, 14, 32, 1440 }, // U+21BB
    { 8, 16, 128, 0, 14, 32, 1472 }, // U+21BC
    { 8, 16, 128, 0, 14, 32, 1504 }, // U+21BD
    { 8, 16, 128, 0, 14, 32, 1536 }, // U+21BE
    { 8, 16, 128, 0, 14, 32, 1568 }, // U+21BF
    { 8, 16, 128, 0, 14, 32, 1600 }, // U+21C0
    { 8, 16, 128, 0, 14, 32, 1632 }, // U+21C1
    { 8, 16, 128, 0, 14, 32, 1664 }, // U+21C2
    { 8, 16, 128, 0, 14, 32, 1696 }, // U+21C3
    { 8, 16, 128, 0, 14, 32, 1728 }, // U+21C4
    { 8, 16, 128, 0, 14, 32, 1760 }, // U+21C5
    { 8, 16, 128, 0, 14, 32, 1792 }, // U+21C6
    { 8, 16, 128, 0, 14, 32, 1824 }, // U+21C7
    { 8, 16, 128, 0, 14, 32, 1856 }, // U+21C8
    { 8, 16, 128, 0, 14, 32, 1888 }, // U+21C9
    { 8, 16, 128, 0, 14, 32, 1920 }, // U+21CA
    { 8, 16, 128, 0, 14, 32, 1952 }, // U+21CB
    { 8, 16, 128, 0, 14, 32, 1984 }, // U+21CC
    { 8, 16, 128, 0, 14, 32, 2016 }, // U+21CD
    { 8, 16, 128, 0, 14, 32, 2048 }, // U+21CE
    { 8, 16, 128, 0, 14, 32, 2080 }, // U+21CF
    { 8, 16, 128, 0, 14, 32, 2112 }, // U+21D0
    { 8, 16, 128, 0, 14, 32, 2144 }, // U+21D1
    { 8, 16, 128, 0, 14, 32, 2176 }, // U+21D2
    { 8, 16, 128, 0, 14, 32, 2208 }, // U+21D3
    { 8, 16, 128, 0, 14, 32, 2240 }, // U+21D4
    { 8, 16, 128, 0, 14, 32, 2272 }, // U+21D5
    { 8, 16, 128, 0, 14, 32, 2304 }, // U+21D6
    { 8, 16, 128, 0, 14, 32, 2336 }, // U+21D7
    { 8, 16, 128, 0, 14, 32, 2368 }, // U+21D8
    { 8, 16, 128, 0, 14, 32, 2400 }, // U+21D9
    { 8, 16, 128, 0, 14, 32, 2432 }, // U+21DA
    { 8, 16, 128, 0, 14, 32, 2464 }, // U+21DB
    { 8, 16, 128, 0, 14, 32, 2496 }, // U+21DC
    { 8, 16, 128, 0, 14, 32, 2528 }, // U+21DD
    { 8, 16, 128, 0, 14, 32, 2560 }, // U+21DE
    { 8, 16, 128, 0, 14, 32, 2592 }, // U+21DF
    { 8, 16, 128, 0, 14, 32, 2624 }, // U+21E0
    { 8, 16, 128, 0, 14, 32, 2656 }, // U+21E1
    { 8, 16, 128, 0, 14, 32, 2688 }, // U+21E2
    { 8, 16, 128, 0, 14, 32, 2720 }, // U+21E3
    { 8, 16, 128, 0, 14, 32, 2752 }, // U+21E4
    { 8, 16, 128, 0, 14, 32, 2784 }, // U+21E5
    { 8, 16, 128, 0, 14, 32, 2816 }, // U+21E6
    { 8, 16, 128, 0, 14, 32, 2848 }, // U+21E7
    { 8, 16, 128, 0, 14, 32, 2880 }, // U+21E8
    { 8, 16, 128, 0, 14, 32, 2912 }, // U+21E9
    { 8, 16, 128, 0, 14, 32, 2944 }, // U+21EA
    { 8, 16, 128, 0, 14, 32, 2976 }, // U+21EB
    { 8, 16, 128, 0, 14, 32, 3008 }, // U+21EC
    { 8, 16, 128, 0, 14, 32, 3040 }, // U+21ED
    { 8, 16, 128, 0, 14, 32, 3072 }, // U+21EE
    { 8, 16, 128, 0, 14, 32, 3104 }, // U+21EF
    { 8, 16, 128, 0, 14, 32, 3136 }, // U+21F0
    { 8, 16, 128, 0, 14, 32, 3168 }, // U+21F1
    { 8, 16, 128, 0, 14, 32, 3200 }, // U+21F2
    { 8, 16, 128, 0, 14, 32, 3232 }, // U+21F3
    { 16, 16, 256, 0, 14, 64, 3264 }, // U+21F4
    { 8, 16, 128, 0, 14, 32, 3328 }, // U+21F5
    { 8, 16, 128, 0, 14, 32, 3360 }, // U+21F6
    { 8, 16, 128, 0, 14, 32, 3392 }, // U+21F7
    { 8, 16, 128, 0, 14, 32, 3424 }, // U+21F8
    { 16, 16, 256, 0, 14, 64, 3456 }, // U+21F9
    { 16, 16, 256, 0, 14, 64, 3520 }, // U+21FA
    { 16, 16, 256, 0, 14, 64, 3584 }, // U+21FB
    { 16, 16, 256, 0, 14, 64, 3648 }, // U+21FC
    { 8, 16, 128, 0, 14, 32, 3712 }, // U+21FD
    { 8, 16, 128, 0, 14, 32, 3744 }, // U+21FE
    { 16, 16, 256, 0, 14, 64, 3776 }, // U+21FF
    { 8, 16, 128, 0, 14, 32, 0 }, // U+2200
    { 8, 16, 128, 0, 14, 32, 32 }, // U+2201
    { 8, 16, 128, 0, 14, 32, 64 }, // U+2202
    { 8, 16, 128, 0, 14, 32, 96 }, // U+2203
    { 8, 16, 128, 0, 14, 32, 128 }, // U+2204
    { 8, 16, 128, 0, 14, 32, 160 }, // U+2205
    { 8, 16, 128, 0, 14, 32, 192 }, // U+2206
    { 8, 16, 128, 0, 14, 32, 224 }, // U+2207
    { 8, 16, 128, 0, 14, 32, 256 }, // U+2208
    { 8, 16, 128, 0, 14, 32, 288 }, // U+2209
    { 8, 16, 128, 0, 14, 32, 320 }, // U+220A
    { 8, 16, 128, 0, 14, 32, 352 }, // U+220B
    { 8, 16, 128, 0, 14, 32, 384 }, // U+220C
    { 8, 16, 128, 0, 14, 32, 416 }, // U+220D
    { 8, 16, 128, 0, 14, 32, 448 }, // U+220E
    { 8, 16, 128, 0, 14, 32, 480 }, // U+220F
    { 8, 16, 128, 0, 14, 32, 512 }, // U+2210
    { 8, 16, 128, 0, 14, 32, 544 }, // U+2211
    { 16, 3, 320, 2, 10, 12, 576 }, // U+2212
    { 8, 16, 128, 0, 14, 32, 588 }, // U+2213
    { 8, 16, 128, 0, 14, 32, 620 }, // U+2214
    { 15, 23, 96, -5, 23, 87, 652 }, // U+2215
    { 8, 16, 128, 0, 14, 32, 739 }, // U+2216
    { 8, 16, 128, 0, 14, 32, 771 }, // U+2217
    { 8, 16, 128, 0, 14, 32, 803 }, // U+2218
    { 5, 5, 128, 1, 11, 7, 835 }, // U+2219
    { 8, 16, 128, 0, 14, 32, 842 }, // U+221A
    { 8, 16, 128, 0, 14, 32, 874 }, // U+221B
    { 8, 16, 128, 0, 14, 32, 906 }, // U+221C
    { 8, 16, 128, 0, 14, 32, 938 }, // U+221D
    { 8, 16, 128, 0, 14, 32, 970 }, // U+221E
    { 8, 16, 128, 0, 14, 32, 1002 }, // U+221F
    { 8, 16, 128, 0, 14, 32, 1034 }, // U+2220
    { 8, 16, 128, 0, 14, 32, 1066 }, // U+2221
    { 8, 16, 128, 0, 14, 32, 1098 }, // U+2222
    { 8, 16, 128, 0, 14, 32, 1130 }, // U+2223
    { 8, 16, 128, 0, 14, 32, 1162 }, // U+2224
    { 8, 16, 128, 0, 14, 32, 1194 }, // U+2225
    { 8, 16, 128, 0, 14, 32, 1226 }, // U+2226
    { 8, 16, 128, 0, 14, 32, 1258 }, // U+2227
    { 8, 16, 128, 0, 14, 32, 1290 }, // U+2228
    { 8, 16, 128, 0, 14, 32, 1322 }, // U+2229
    { 8, 16, 128, 0, 14, 32, 1354 }, // U+222A
    { 8, 16, 128, 0, 14, 32, 1386 }, // U+222B
    { 8, 16, 128, 0, 14, 32, 1418 }, // U+222C
    { 8, 16, 128, 0, 14, 32, 1450 }, // U+222D
    { 8, 16, 128, 0, 14, 32, 1482 }, // U+222E
    { 8, 16, 128, 0, 14, 32, 1514 }, // U+222F
    { 8, 16, 128, 0, 14, 32, 1546 }, // U+2230
    { 8, 16, 128, 0, 14, 32, 1578 }, // U+2231
    { 8, 16, 128, 0, 14, 32, 1610 }, // U+2232
    { 8, 16, 128, 0, 14, 32, 1642 }, // U+2233
    { 8, 16, 128, 0, 14, 32, 1674 }, // U+2234
    { 8, 16, 128, 0, 14, 32, 1706 }, // U+2235
    { 8, 15, 176, 2, 15, 30, 1738 }, // U+2236
    { 8, 16, 128, 0, 14, 32, 1768 }, // U+2237
    { 8, 16, 128, 0, 14, 32, 1800 }, // U+2238
    { 8, 16, 128, 0, 14, 32, 1832 }, // U+2239
    { 8, 16, 128, 0, 14, 32, 1864 }, // U+223A
    { 8, 16, 128, 0, 14, 32, 1896 }, // U+223B
    { 8, 16, 128, 0, 14, 32, 1928 }, // U+223C
    { 8, 16, 128, 0, 14, 32, 1960 }, // U+223D
    { 8, 16, 128, 0, 14, 32, 1992 }, // U+223E
    { 8, 16, 128, 0, 14, 32, 2024 }, // U+223F
    { 8, 16, 128, 0, 14, 32, 2056 }, // U+2240
    { 8, 16, 128, 0, 14, 32, 2088 }, // U+2241
    { 8, 16, 128, 0, 14, 32, 2120 }, // U+2242
    { 8, 16, 128, 0, 14, 32, 2152 }, // U+2243
    { 8, 16, 128, 0, 14, 32, 2184 }, // U+2244
    { 8, 16, 128, 0, 14, 32, 2216 }, // U+2245
    { 8, 16, 128, 0, 14, 32, 2248 }, // U+2246
    { 8, 16, 128, 0, 14, 32, 2280 }, // U+2247
    { 8, 16, 128, 0, 14, 32, 2312 }, // U+2248
    { 8, 16, 128, 0, 14, 32, 2344 }, // U+2249
    { 8, 16, 128, 0, 14, 32, 2376 }, // U+224A
    { 8, 16, 128, 0, 14, 32, 2408 }, // U+224B
    { 8, 16, 128, 0, 14, 32, 2440 }, // U+224C
    { 8, 16, 128, 0, 14, 32, 2472 }, // U+224D
    { 8, 16, 128, 0, 14, 32, 2504 }, // U+224E
    { 8, 16, 128, 0, 14, 32, 2536 }, // U+224F
    { 8, 16, 128, 0, 14, 32, 2568 }, // U+2250
    { 8, 16, 128, 0, 14, 32, 2600 }, // U+2251
    { 8, 16, 128, 0, 14, 32, 2632 }, // U+2252
    { 8, 16, 128, 0, 14, 32, 2664 }, // U+2253
    { 8, 16, 128, 0, 14, 32, 2696 }, // U+2254
    { 8, 16, 128, 0, 14, 32, 2728 }, // U+2255
    { 8, 16, 128, 0, 14, 32, 2760 }, // U+2256
    { 8, 16, 128, 0, 14, 32, 2792 }, // U+2257
    { 8, 16, 128, 0, 14, 32, 2824 }, // U+2258
    { 15, 16, 304, 2, 20, 60, 2856 }, // U+2259
    { 15, 16, 304, 2, 20, 60, 2916 }, // U+225A
    { 8, 16, 128, 0, 14, 32, 2976 }, // U+225B
    { 8, 16, 128, 0, 14, 32, 3008 }, // U+225C
    { 8, 16, 128, 0, 14, 32, 3040 }, // U+225D
    { 8, 16, 128, 0, 14, 32, 3072 }, // U+225E
    { 8, 16, 128, 0, 14, 32, 3104 }, // U+225F
    { 15, 23, 304, 2, 20, 87, 3136 }, // U+2260
    { 15, 5, 304, 0, 11, 19, 3223 }, // U+2261
    { 15, 23, 304, 0, 20, 87, 3242 }, // U+2262
    { 8, 16, 128, 0, 14, 32, 3329 }, // U+2263
    { 17, 19, 304, 1, 17, 81, 3361 }, // U+2264
    { 17, 19, 304, 1, 17, 81, 3442 }, // U+2265
    { 8, 16, 128, 0, 14, 32, 3523 }, // U+2266
    { 8, 16, 128, 0, 14, 32, 3555 }, // U+2267
    { 8, 16, 128, 0, 14, 32, 3587 }, // U+2268
    { 8, 16, 128, 0, 14, 32, 3619 }, // U+2269
    { 8, 16, 128, 0, 14, 32, 3651 }, // U+226A
    { 8, 16, 128, 0, 14, 32, 3683 }, // U+226B
    { 8, 16, 128, 0, 14, 32, 3715 }, // U+226C
    { 8, 16, 128, 0, 14, 32, 3747 }, // U+226D
    { 17, 23, 304, 1, 20, 98, 3779 }, // U+226E
    { 17, 23, 304, 1, 20, 98, 3877 }, // U+226F
    { 17, 23, 304, 1, 19, 98, 3975 }, // U+2270
    { 17, 23, 304, 1, 19, 98, 4073 }, // U+2271
    { 8, 16, 128, 0, 14, 32, 4171 }, // U+2272
    { 8, 16, 128, 0, 14, 32, 4203 }, // U+2273
    { 8, 16, 128, 0, 14, 32, 4235 }, // U+2274
    { 8, 16, 128, 0, 14, 32, 4267 }, // U+2275
    { 8, 16, 128, 0, 14, 32, 4299 }, // U+2276
    { 8, 16, 128, 0, 14, 32, 4331 }, // U+2277
    { 8, 16, 128, 0, 14, 32, 4363 }, // U+2278
    { 8, 16, 128, 0, 14, 32, 4395 }, // U+2279
    { 8, 16, 128, 0, 14, 32, 4427 }, // U+227A
    { 8, 16, 128, 0, 14, 32, 4459 }, // U+227B
    { 8, 16, 128, 0, 14, 32, 4491 }, // U+227C
    { 8, 16, 128, 0, 14, 32, 4523 }, // U+227D
    { 8, 16, 128, 0, 14, 32, 4555 }, // U+227E
    { 8, 16, 128, 0, 14, 32, 4587 }, // U+227F
    { 8, 16, 128, 0, 14, 32, 4619 }, // U+2280
    { 8, 16, 128, 0, 14, 32, 4651 }, // U+2281
    { 8, 16, 128, 0, 14, 32, 4683 }, // U+2282
    { 8, 16, 128, 0, 14, 32, 4715 }, // U+2283
    { 8, 16, 128, 0, 14, 32, 4747 }, // U+2284
    { 8, 16, 128, 0, 14, 32, 4779 }, // U+2285
    { 8, 16, 128, 0, 14, 32, 4811 }, // U+2286
    { 8, 16, 128, 0, 14, 32, 4843 }, // U+2287
    { 8, 16, 128, 0, 14, 32, 4875 }, // U+2288
    { 8, 16, 128, 0, 14, 32, 4907 }, // U+2289
    { 8, 16, 128, 0, 14, 32, 4939 }, // U+228A
    { 8, 16, 128, 0, 14, 32, 4971 }, // U+228B
    { 8, 16, 128, 0, 14, 32, 5003 }, // U+228C
    { 8, 16, 128, 0, 14, 32, 5035 }, // U+228D
    { 8, 16, 128, 0, 14, 32, 5067 }, // U+228E
    { 8, 16, 128, 0, 14, 32, 5099 }, // U+228F
    { 8, 16, 128, 0, 14, 32, 5131 }, // U+2290
    { 8, 16, 128, 0, 14, 32, 5163 }, // U+2291
    { 8, 16, 128, 0, 14, 32, 5195 }, // U+2292
    { 8, 16, 128, 0, 14, 32, 5227 }, // U+2293
    { 8, 16, 128, 0, 14, 32, 5259 }, // U+2294
    { 8, 16, 128, 0, 14, 32, 5291 }, // U+2295
    { 8, 16, 128, 0, 14, 32, 5323 }, // U+2296
    { 8, 16, 128, 0, 14, 32, 5355 }, // U+2297
    { 8, 16, 128, 0, 14, 32, 5387 }, // U+2298
    { 8, 16, 128, 0, 14, 32, 5419 }, // U+2299
    { 8, 16, 128, 0, 14, 32, 5451 }, // U+229A
    { 8, 16, 128, 0, 14, 32, 5483 }, // U+229B
    { 8, 16, 128, 0, 14, 32, 5515 }, // U+229C
    { 8, 16, 128, 0, 14, 32, 5547 }, // U+229D
    { 8, 16, 128, 0, 14, 32, 5579 }, // U+229E
    { 8, 16, 128, 0, 14, 32, 5611 }, // U+229F
    { 8, 16, 128, 0, 14, 32, 5643 }, // U+22A0
    { 8, 16, 128, 0, 14, 32, 5675 }, // U+22A1
    { 8, 16, 128, 0, 14, 32, 5707 }, // U+22A2
    { 8, 16, 128, 0, 14, 32, 5739 }, // U+22A3
    { 8, 16, 128, 0, 14, 32, 5771 }, // U+22A4
    { 8, 16, 128, 0, 14, 32, 5803 }, // U+22A5
    { 8, 16, 128, 0, 14, 32, 5835 }, // U+22A6
    { 8, 16, 128, 0, 14, 32, 5867 }, // U+22A7
    { 8, 16, 128, 0, 14, 32, 5899 }, // U+22A8
    { 8, 16, 128, 0, 14, 32, 5931 }, // U+22A9
    { 8, 16, 128, 0, 14, 32, 5963 }, // U+22AA
    { 8, 16, 128, 0, 14, 32, 5995 }, // U+22AB
    { 8, 16, 128, 0, 14, 32, 6027 }, // U+22AC
    { 8, 16, 128, 0, 14, 32, 6059 }, // U+22AD
    { 8, 16, 128, 0, 14, 32, 6091 }, // U+22AE
    { 8, 16, 128, 0, 14, 32, 6123 }, // U+22AF
    { 8, 16, 128, 0, 14, 32, 6155 }, // U+22B0
    { 8, 16, 128, 0, 14, 32, 6187 }, // U+22B1
    { 8, 16, 128, 0, 14, 32, 6219 }, // U+22B2
    { 8, 16, 128, 0, 14, 32, 6251 }, // U+22B3
    { 8, 16, 128, 0, 14, 32, 6283 }, // U+22B4
    { 8, 16, 128, 0, 14, 32, 6315 }, // U+22B5
    { 16, 16, 256, 0, 14, 64, 6347 }, // U+22B6
    { 16, 16, 256, 0, 14, 64, 6411 }, // U+22B7
    { 16, 16, 256, 0, 14, 64, 6475 }, // U+22B8
    { 8, 16, 128, 0, 14, 32, 6539 }, // U+22B9
    { 8, 16, 128, 0, 14, 32, 6571 }, // U+22BA
    { 8, 16, 128, 0, 14, 32, 6603 }, // U+22BB
    { 8, 16, 128, 0, 14, 32, 6635 }, // U+22BC
    { 8, 16, 128, 0, 14, 32, 6667 }, // U+22BD
    { 8, 16, 128, 0, 14, 32, 6699 }, // U+22BE
    { 8, 16, 128, 0, 14, 32, 6731 }, // U+22BF
    { 8, 16, 128, 0, 14, 32, 6763 }, // U+22C0
    { 8, 16, 128, 0, 14, 32, 6795 }, // U+22C1
    { 8, 16, 128, 0, 14, 32, 6827 }, // U+22C2
    { 8, 16, 128, 0, 14, 32, 6859 }, // U+22C3
    { 8, 16, 128, 0, 14, 32, 6891 }, // U+22C4
    { 8, 16, 128, 0, 14, 32, 6923 }, // U+22C5
    { 8, 16, 128, 0, 14, 32, 6955 }, // U+22C6
    { 8, 16, 128, 0, 14, 32, 6987 }, // U+22C7
    { 8, 16, 128, 0, 14, 32, 7019 }, // U+22C8
    { 8, 16, 128, 0, 14, 32, 7051 }, // U+22C9
    { 8, 16, 128, 0, 14, 32, 7083 }, // U+22CA
    { 8, 16, 128, 0, 14, 32, 7115 }, // U+22CB
    { 8, 16, 128, 0, 14, 32, 7147 }, // U+22CC
    { 8, 16, 128, 0, 14, 32, 7179 }, // U+22CD
    { 8, 16, 128, 0, 14, 32, 7211 }, // U+22CE
    { 8, 16, 128, 0, 14, 32, 7243 }, // U+22CF
    { 8, 16, 128, 0, 14, 32, 7275 }, // U+22D0
    { 8, 16, 128, 0, 14, 32, 7307 }, // U+22D1
    { 8, 16, 128, 0, 14, 32, 7339 }, // U+22D2
    { 8, 16, 128, 0, 14, 32, 7371 }, // U+22D3
    { 8, 16, 128, 0, 14, 32, 7403 }, // U+22D4
    { 8, 16, 128, 0, 14, 32, 7435 }, // U+22D5
    { 8, 16, 128, 0, 14, 32, 7467 }, // U+22D6
    { 8, 16, 128, 0, 14, 32, 7499 }, // U+22D7
    { 16, 16, 256, 0, 14, 64, 7531 }, // U+22D8
    { 16, 16, 256, 0, 14, 64, 7595 }, // U+22D9
    { 8, 16, 128, 0, 14, 32, 7659 }, // U+22DA
    { 8, 16, 128, 0, 14, 32, 7691 }, // U+22DB
    { 8, 16, 128, 0, 14, 32, 7723 }, // U+22DC
    { 8, 16, 128, 0, 14, 32, 7755 }, // U+22DD
    { 8, 16, 128, 0, 14, 32, 7787 }, // U+22DE
    { 8, 16, 128, 0, 14, 32, 7819 }, // U+22DF
    { 8, 16, 128, 0, 14, 32, 7851 }, // U+22E0
    { 8, 16, 128, 0, 14, 32, 7883 }, // U+22E1
    { 8, 16, 128, 0, 14, 32, 7915 }, // U+22E2
    { 8, 16, 128, 0, 14, 32, 7947 }, // U+22E3
    { 8, 16, 128, 0, 14, 32, 7979 }, // U+22E4
    { 8, 16, 128, 0, 14, 32, 8011 }, // U+22E5
    { 8, 16, 128, 0, 14, 32, 8043 }, // U+22E6
    { 8, 16, 128, 0, 14, 32, 8075 }, // U+22E7
    { 8, 16, 128, 0, 14, 32, 8107 }, // U+22E8
    { 8, 16, 128, 0, 14, 32, 8139 }, // U+22E9
    { 8, 16, 128, 0, 14, 32, 8171 }, // U+22EA
    { 8, 16, 128, 0, 14, 32, 8203 }, // U+22EB
    { 8, 16, 128, 0, 14, 32, 8235 }, // U+22EC
    { 8, 16, 128, 0, 14, 32, 8267 }, // U+22ED
    { 8, 16, 128, 0, 14, 32, 8299 }, // U+22EE
    { 8, 16, 128, 0, 14, 32, 8331 }, // U+22EF
    { 8, 16, 128, 0, 14, 32, 8363 }, // U+22F0
    { 8, 16, 128, 0, 14, 32, 8395 }, // U+22F1
    { 16, 16, 256, 0, 14, 64, 8427 }, // U+22F2
    { 16, 16, 256, 0, 14, 64, 8491 }, // U+22F3
    { 8, 16, 128, 0, 14, 32, 8555 }, // U+22F4
    { 16, 16, 256, 0, 14, 64, 8587 }, // U+22F5
    { 16, 16, 256, 0, 14, 64, 8651 }, // U+22F6
    { 8, 16, 128, 0, 14, 32, 8715 }, // U+22F7
    { 8, 16, 128, 0, 14, 32, 8747 }, // U+22F8
    { 16, 16, 256, 0, 14, 64, 8779 }, // U+22F9
    { 16, 16, 256, 0, 14, 64, 8843 }, // U+22FA
    { 16, 16, 256, 0, 14, 64, 8907 }, // U+22FB
    { 8, 16, 128, 0, 14, 32, 8971 }, // U+22FC
    { 16, 16, 256, 0, 14, 64, 9003 }, // U+22FD
    { 8, 16, 128, 0, 14, 32, 9067 }, // U+22FE
    { 16, 16, 256, 0, 14, 64, 9099 }, // U+22FF
    { 29, 30, 320, -5, 23, 218, 0 }, // U+FB00
    { 23, 30, 288, -4, 23, 173, 218 }, // U+FB01
    { 24, 30, 288, -5, 23, 180, 391 }, // U+FB02
    { 33, 30, 432, -5, 23, 248, 571 }, // U+FB03
    { 33, 30, 432, -5, 23, 248, 819 }, // U+FB04
    { 8, 16, 128, 0, 14, 32, 1067 }, // U+FB05
    { 8, 16, 128, 0, 14, 32, 1099 }, // U+FB06
    { 8, 16, 128, 0, 14, 32, 0 }, // U+FFFD
};

static const EpdUnicodeInterval times_16_bolditalicIntervals[] = {
    { 0x0, 0x17F, 0x0 },
    { 0x1A0, 0x1A1, 0x180 },
    { 0x1AF, 0x1B0, 0x182 },
    { 0x1C4, 0x21F, 0x184 },
    { 0x300, 0x36F, 0x1E0 },
    { 0x400, 0x4FF, 0x250 },
    { 0x1E0C, 0x1E0D, 0x350 },
    { 0x1E24, 0x1E25, 0x352 },
    { 0x1E36, 0x1E3B, 0x354 },
    { 0x1E40, 0x1E49, 0x35A },
    { 0x1E5A, 0x1E5F, 0x364 },
    { 0x1E62, 0x1E63, 0x36A },
    { 0x1E6C, 0x1E6D, 0x36C },
    { 0x1EA0, 0x1EF9, 0x36E },
    { 0x2000, 0x20CF, 0x3C8 },
    { 0x2190, 0x22FF, 0x498 },
    { 0xFB00, 0xFB06, 0x608 },
    { 0xFFFD, 0xFFFD, 0x60F },
};

static const EpdFontGroup times_16_bolditalicGroups[] = {
    { 0, 2783, 11082, 128, 0 },
    { 2783, 2480, 12392, 128, 128 },
    { 5263, 2779, 16414, 128, 256 },
    { 8042, 1824, 9059, 96, 384 },
    { 9866, 522, 3635, 112, 480 },
    { 10388, 1369, 8256, 256, 592 },
    { 11757, 731, 3959, 30, 848 },
    { 12488, 1366, 10611, 90, 878 },
    { 13854, 984, 4377, 112, 968 },
    { 14838, 302, 1630, 48, 1080 },
    { 15140, 663, 2496, 48, 1128 },
    { 15803, 743, 3840, 112, 1176 },
    { 16546, 1747, 9286, 256, 1288 },
    { 18293, 339, 1204, 7, 1544 },
    { 18632, 23, 32, 1, 1551 },
};

static const EpdLigaturePair times_16_bolditalicLigaturePairs[] = {
    { 0x00660066, 0xFB00 }, // f f -> U+FB00
    { 0x00660069, 0xFB01 }, // f i -> U+FB01
    { 0x0066006C, 0xFB02 }, // f l -> U+FB02
    { 0xFB000069, 0xFB03 }, // U+FB00 i -> U+FB03
    { 0xFB00006C, 0xFB04 }, // U+FB00 l -> U+FB04
};

static const EpdFontData times_16_bolditalic = {
    times_16_bolditalicBitmaps,
    times_16_bolditalicGlyphs,
    times_16_bolditalicIntervals,
    18,
    34,
    27,
    -7,
    true,
    times_16_bolditalicGroups,
    15,
    nullptr,
    nullptr,
    nullptr,
    nullptr,
    nullptr,
    nullptr,
    nullptr,
    nullptr,
    nullptr,
    nullptr,
    nullptr,
    0,
    0,
    0,
    0,
    times_16_bolditalicLigaturePairs,
    5,
};
