/**
 * generated by fontconvert.py
 * name: times_16_regular
 * size: 16
 * mode: 2-bit  compressed: true
 * Command used: fontconvert.py times_16_regular 16 ../../../x11/font-adobe-100dpi-1.0.4/timR24.bdf ../../../x11/unifont-18.0.01.bdf --2bit --compress --zopfli
 */
#pragma once
#include "EpdFontData.h"

static const uint8_t times_16_regularBitmaps[17737] = {
    0xC4, 0x95, 0x81, 0xC6, 0x2C, 0x49, 0x0C, 0x85, 0xC3, 0x01, 0x08, 0x79, 0x95, 0xA2, 0x00, 0x9A,
    0x7A, 0xF5, 0x10, 0x80, 0xD0, 0xAF, 0x12, 0x0A, 0xA0, 0xA8, 0x4D, 0xF5, 0xB4, 0xD9, 0x1F, 0xFB,
    0x2F, 0xB9, 0x70, 0xA3, 0x8F, 0x6F, 0x92, 0xF1, 0x39, 0x18, 0x33, 0xE3, 0x67, 0x94, 0x9E, 0x79,
    0xF0, 0x17, 0x5E, 0xFB, 0x19, 0xCD, 0x78, 0x2E, 0x78, 0x8E, 0x2F, 0xC5, 0x4C, 0x82, 0x3B, 0x0B,
    0xF7, 0xAD, 0xDE, 0x79, 0xC0, 0xE4, 0xFB, 0xFE, 0x0F, 0xF6, 0x9C, 0xFF, 0xF4, 0x6F, 0xEF, 0x01,
    0x6E, 0x02, 0x98, 0x1A, 0xB7, 0x01, 0xEE, 0x15, 0x7F, 0xBC, 0xFE, 0x30, 0xD8, 0x87, 0x45, 0xDF,
    0xEE, 0x1D, 0xDC, 0x74, 0x78, 0xB3, 0x87, 0xA6, 0x56, 0xF2, 0xBD, 0xCD, 0xE0, 0xCE, 0xE3, 0xEE,
    0x12, 0x3C, 0xAF, 0xDC, 0x77, 0xC5, 0x17, 0x78, 0x0F, 0xE7, 0xEC, 0x17, 0x1C, 0x36, 0xF3, 0x5E,
    0xEA, 0x97, 0x99, 0x1E, 0x7E, 0xB2, 0xD4, 0x8F, 0x25, 0x66, 0x68, 0x87, 0x30, 0x90, 0x62, 0x0D,
    0x54, 0x7C, 0xE6, 0x6D, 0xCE, 0x4C, 0xB2, 0x18, 0x87, 0xCC, 0x5C, 0xF3, 0x29, 0x7D, 0xD2, 0x2F,
    0x65, 0x69, 0xBD, 0xFF, 0xED, 0xB5, 0xC6, 0x44, 0x5A, 0xEB, 0x97, 0xF5, 0xF6, 0xBE, 0x64, 0xAA,
    0xF5, 0x63, 0x6D, 0xA4, 0xA7, 0x4C, 0x87, 0x96, 0xBB, 0x5A, 0xCD, 0x1F, 0x8F, 0x8F, 0x48, 0x8F,
    0x55, 0x25, 0x46, 0xB5, 0xDF, 0x9C, 0x98, 0x10, 0x0C, 0x65, 0x26, 0x89, 0x5D, 0xEA, 0x17, 0xC3,
    0xF4, 0x0E, 0xE2, 0xFE, 0xA1, 0xD8, 0x9C, 0x15, 0x7F, 0x40, 0x2D, 0x1C, 0xDA, 0x9C, 0x92, 0xA4,
    0x03, 0x56, 0xF4, 0xED, 0x78, 0xED, 0xE3, 0x83, 0xFE, 0xDC, 0xC7, 0xC3, 0xB3, 0xD7, 0x7C, 0xED,
    0xE9, 0x45, 0xFA, 0x49, 0xC4, 0xD9, 0x2B, 0x7E, 0x33, 0x93, 0xE5, 0xBD, 0x5D, 0xDE, 0x6D, 0xDE,
    0xB3, 0x35, 0xEF, 0x52, 0xF1, 0xA5, 0x75, 0x09, 0x36, 0x17, 0x60, 0xA8, 0x81, 0x07, 0x50, 0xF2,
    0xC7, 0x7D, 0xBF, 0xBF, 0x7B, 0xF2, 0x65, 0xA9, 0x5F, 0xB8, 0x47, 0xBB, 0x5B, 0x1B, 0x3E, 0xA3,
    0x79, 0x93, 0xE6, 0xBD, 0xE4, 0x2F, 0x35, 0xA7, 0xA9, 0xB2, 0x3C, 0xA9, 0x49, 0xAD, 0xF5, 0x7B,
    0x9F, 0xEF, 0xFF, 0xC7, 0x54, 0xEF, 0x5C, 0xFE, 0xFC, 0x2D, 0x76, 0x30, 0x92, 0x86, 0xA0, 0x4E,
    0xE3, 0xD6, 0x5D, 0xFD, 0xFE, 0x19, 0x69, 0xF2, 0x4A, 0x82, 0x40, 0x0B, 0x15, 0x9F, 0x5E, 0x1F,
    0x57, 0xFA, 0x8C, 0xDC, 0x6B, 0x3E, 0x22, 0x7D, 0xD6, 0x64, 0xFA, 0x0D, 0x04, 0x2E, 0xFA, 0xFC,
    0xFA, 0xFC, 0xF6, 0xC7, 0xEF, 0x3E, 0x5D, 0xFB, 0xCC, 0xF5, 0xEF, 0xD0, 0x39, 0x5D, 0x4B, 0xF4,
    0xFB, 0x34, 0xD0, 0xE7, 0xA1, 0x0B, 0xFA, 0x7F, 0x19, 0x7B, 0xEF, 0x13, 0x0A, 0xA1, 0x9F, 0xC9,
    0xD3, 0x3A, 0x81, 0x5E, 0xF4, 0x5B, 0x88, 0xE9, 0x93, 0x1D, 0x24, 0x3E, 0x48, 0x58, 0xF4, 0x62,
    0x64, 0xE8, 0xC9, 0x60, 0xA2, 0xE1, 0x44, 0xB2, 0x32, 0x9B, 0x08, 0x5B, 0xF3, 0x10, 0x9F, 0x03,
    0xEF, 0xCC, 0xC8, 0x88, 0x9E, 0x28, 0xE3, 0x49, 0xB0, 0xE8, 0x62, 0xA1, 0xC1, 0xD9, 0xB1, 0xE3,
    0xED, 0x78, 0x93, 0x4A, 0x23, 0x4C, 0x95, 0x20, 0xD1, 0x1D, 0x4A, 0x83, 0x1A, 0xFE, 0x69, 0xD6,
    0x4C, 0x56, 0x24, 0xE6, 0x75, 0x28, 0x7C, 0x40, 0xDB, 0x02, 0xBD, 0x4A, 0xE0, 0xDF, 0x1A, 0xF4,
    0xEA, 0x82, 0x5E, 0xDE, 0xA1, 0x5E, 0x45, 0xD0, 0x5B, 0xC1, 0xB9, 0x96, 0x9C, 0xA1, 0xAA, 0xFF,
    0xEA, 0xE9, 0xCE, 0x89, 0xCF, 0xA7, 0x54, 0xE2, 0x24, 0xB2, 0x6C, 0x39, 0xB4, 0xE9, 0xA6, 0x02,
    0x89, 0xED, 0xD6, 0x1C, 0xC5, 0xD8, 0x80, 0x80, 0xC7, 0xA4, 0xB8, 0x17, 0xC5, 0xCD, 0xC7, 0x10,
    0x64, 0x68, 0xA8, 0x44, 0x05, 0x4D, 0xFD, 0x06, 0x6C, 0xCD, 0x30, 0x4C, 0x7A, 0x51, 0x26, 0x07,
    0x64, 0x6A, 0x83, 0x4E, 0x06, 0x6E, 0x93, 0x3E, 0xA5, 0xDA, 0x0E, 0x24, 0x00, 0x7A, 0x77, 0x49,
    0x4C, 0x2A, 0xB2, 0x39, 0x26, 0xED, 0x89, 0x51, 0xF4, 0xE2, 0xCA, 0x66, 0xA5, 0x30, 0xA0, 0x01,
    0xEB, 0x38, 0x0C, 0xC8, 0x7B, 0xD6, 0x4B, 0x9C, 0x08, 0x18, 0xAC, 0x5F, 0x62, 0xB3, 0x6A, 0x42,
    0x89, 0x49, 0xC9, 0x22, 0x58, 0x45, 0xE8, 0x37, 0x73, 0x55, 0x86, 0x31, 0x85, 0x3E, 0x0B, 0x88,
    0x9C, 0xDB, 0x36, 0xB7, 0xE5, 0xA9, 0xB8, 0xBA, 0xC2, 0xDA, 0x81, 0x7C, 0xB1, 0x8F, 0xBE, 0xA6,
    0x50, 0x17, 0x47, 0x39, 0xA0, 0x0D, 0x88, 0x4B, 0x20, 0x8E, 0x2A, 0x2F, 0xF6, 0xF5, 0xB8, 0x90,
    0x10, 0x5F, 0x21, 0x99, 0x00, 0x8B, 0x31, 0x94, 0x83, 0x36, 0x12, 0xC4, 0x24, 0x07, 0x63, 0xE8,
    0x79, 0x15, 0xE2, 0x9F, 0x8A, 0xFB, 0xF6, 0x55, 0x9D, 0x41, 0x9A, 0xDC, 0xB6, 0x1E, 0xEF, 0xB3,
    0x00, 0x51, 0x45, 0xBC, 0x8A, 0xCE, 0x82, 0xBD, 0x8C, 0xA3, 0xE4, 0x51, 0xA5, 0x6B, 0x75, 0xB9,
    0x6A, 0xD9, 0x51, 0x2B, 0xBA, 0xC0, 0x1C, 0x12, 0x09, 0xF5, 0x8E, 0x09, 0x6C, 0x1D, 0xF5, 0xE8,
    0x4E, 0x48, 0xFC, 0x40, 0x7E, 0xDC, 0xA3, 0x1D, 0x55, 0xEB, 0xB3, 0x30, 0xDF, 0x5D, 0xB0, 0xC0,
    0x7B, 0x40, 0x7E, 0x5F, 0x34, 0x41, 0x3A, 0x2C, 0x31, 0x2D, 0x24, 0xE8, 0x0A, 0x8D, 0xDB, 0xD4,
    0x80, 0xC4, 0x36, 0x85, 0x4B, 0x0E, 0x68, 0x09, 0xC0, 0xD8, 0x75, 0x9C, 0x3E, 0x7F, 0xDE, 0x2A,
    0x98, 0x4A, 0x86, 0x91, 0xCE, 0x29, 0xD0, 0x95, 0x31, 0x24, 0x03, 0xE9, 0xC8, 0x2B, 0x72, 0x2B,
    0x60, 0x16, 0xC2, 0x84, 0x10, 0xB0, 0x2E, 0x4F, 0x31, 0x4C, 0x04, 0xD5, 0x8D, 0xFB, 0xD3, 0x73,
    0x49, 0x4A, 0x03, 0xD0, 0xA9, 0x31, 0xB5, 0x4D, 0xC5, 0x3E, 0x5B, 0xF4, 0x28, 0x1B, 0xBD, 0x6F,
    0x53, 0x24, 0xE3, 0x10, 0x30, 0xF0, 0x52, 0xA4, 0x0B, 0x89, 0xF6, 0x03, 0x80, 0xEE, 0x93, 0x80,
    0xE5, 0x14, 0x7D, 0x2A, 0xD6, 0x8F, 0x95, 0x8F, 0x53, 0xB6, 0x4B, 0x3F, 0x68, 0xB4, 0x12, 0x01,
    0x6A, 0xC7, 0xF4, 0xE8, 0xFA, 0x15, 0x37, 0xF6, 0x23, 0xCE, 0x9F, 0x56, 0xC2, 0x94, 0x06, 0x68,
    0x04, 0xDD, 0x3C, 0xA1, 0xA5, 0x3F, 0x8D, 0x00, 0x5B, 0x72, 0x9D, 0x7B, 0x4F, 0x29, 0x16, 0xD8,
    0x83, 0xDC, 0x2D, 0x8F, 0x29, 0x87, 0xFA, 0x2B, 0x7F, 0xAE, 0xD8, 0xC5, 0x92, 0x94, 0xFC, 0x92,
    0xE2, 0x92, 0xAD, 0xEA, 0x42, 0x6F, 0x4F, 0x0C, 0x86, 0x84, 0x3E, 0xC8, 0x40, 0x0C, 0x58, 0xC4,
    0x35, 0xD3, 0x32, 0x20, 0xF7, 0x84, 0x49, 0x5D, 0x61, 0xD5, 0xF1, 0x68, 0x69, 0x2B, 0xA7, 0xC6,
    0xFE, 0x24, 0x61, 0xAC, 0x90, 0xD4, 0xD9, 0x3A, 0xD7, 0xD7, 0xF4, 0x65, 0x16, 0xF0, 0x68, 0xB7,
    0x6B, 0x68, 0x32, 0xC0, 0xBB, 0xEF, 0x91, 0xC3, 0xD2, 0x43, 0x30, 0xB9, 0xE2, 0xD9, 0xB9, 0xDB,
    0x5B, 0x1F, 0x3E, 0xFD, 0xEC, 0x04, 0x07, 0x20, 0x7D, 0xF7, 0x1A, 0x72, 0xF1, 0xC1, 0x80, 0x68,
    0xF5, 0xB1, 0x7C, 0x72, 0x80, 0x3A, 0xD8, 0x37, 0xBC, 0xD8, 0x8E, 0x6B, 0x0E, 0xE0, 0x98, 0xC2,
    0xF5, 0x93, 0x83, 0x56, 0x1F, 0xD3, 0x3F, 0x98, 0xBE, 0xD7, 0xD1, 0x6F, 0x35, 0xF5, 0x90, 0x98,
    0x25, 0x91, 0xB3, 0x0C, 0xE4, 0xCA, 0xDF, 0x6B, 0x7A, 0xAA, 0x3C, 0xE8, 0xDE, 0xF5, 0x2E, 0x6B,
    0x0B, 0x48, 0x56, 0x41, 0x2C, 0x9F, 0xD1, 0xEF, 0xD6, 0x40, 0x9F, 0x1C, 0x2B, 0x66, 0xDA, 0x6F,
    0xEA, 0xA9, 0xB9, 0xEF, 0xD9, 0x8D, 0x3A, 0xCC, 0x63, 0x18, 0x84, 0x7F, 0xB4, 0x09, 0x8B, 0x5B,
    0xCF, 0x40, 0x7E, 0x4B, 0x18, 0x0E, 0x83, 0x36, 0x56, 0xA6, 0x0E, 0xC6, 0x32, 0x5B, 0x99, 0x44,
    0x2C, 0xE3, 0x86, 0x94, 0x94, 0x69, 0xCC, 0xAC, 0xE7, 0xBF, 0xD0, 0x84, 0x2E, 0x3F, 0x65, 0x37,
    0xD1, 0x06, 0xD9, 0x5C, 0xBD, 0xD9, 0x6D, 0xD7, 0x00, 0x60, 0xCB, 0x79, 0xC5, 0x45, 0x5B, 0xF4,
    0x8B, 0x8C, 0xE2, 0x7B, 0xF3, 0xAD, 0x28, 0x9E, 0x45, 0x14, 0x15, 0x6C, 0xDA, 0xE4, 0xAD, 0x39,
    0xF6, 0x97, 0xE8, 0xE4, 0x9A, 0x20, 0x02, 0xBA, 0xA6, 0xF3, 0xC5, 0x84, 0x62, 0x27, 0x08, 0x6B,
    0x32, 0xA0, 0x3D, 0x9F, 0x24, 0x34, 0x41, 0x97, 0xBA, 0x67, 0x42, 0x1A, 0x39, 0x81, 0x13, 0xD2,
    0x88, 0xA3, 0x4A, 0x4F, 0x33, 0xDD, 0x71, 0xE6, 0xCF, 0x95, 0x59, 0xB0, 0x13, 0xBC, 0x1E, 0xA0,
    0x09, 0x8B, 0x35, 0xD0, 0x84, 0x14, 0x98, 0x2B, 0x91, 0xC7, 0x1D, 0x9D, 0xF0, 0x8D, 0x1E, 0x94,
    0x0D, 0x4E, 0xE0, 0x6B, 0xD8, 0x09, 0xF5, 0x1D, 0xD2, 0x89, 0x84, 0x5C, 0x51, 0xD1, 0xE8, 0xD1,
    0xD2, 0xAD, 0x84, 0xE6, 0x9A, 0xC4, 0xF6, 0x82, 0x6C, 0xDA, 0x03, 0xD5, 0x1F, 0x18, 0x3F, 0xA6,
    0x5F, 0x34, 0x5C, 0xCC, 0xEB, 0xD3, 0x64, 0xBE, 0x7C, 0x28, 0x32, 0x34, 0xF7, 0x3B, 0x1B, 0xDB,
    0x09, 0x3C, 0x41, 0x4E, 0x68, 0xA7, 0x69, 0x1F, 0x3D, 0x5F, 0xC0, 0x85, 0xDB, 0x89, 0x51, 0xE8,
    0x77, 0x74, 0xBC, 0x1B, 0xAE, 0xB9, 0xF7, 0x55, 0x01, 0x17, 0xF0, 0x84, 0xDB, 0x89, 0x81, 0xA3,
    0x8B, 0xC7, 0xF3, 0x05, 0x7C, 0x8E, 0x35, 0x11, 0x70, 0x65, 0x3A, 0x15, 0x30, 0x37, 0xA2, 0x3B,
    0x79, 0x8F, 0x4A, 0xF7, 0xF0, 0xCE, 0xEE, 0xE3, 0x26, 0xC0, 0x57, 0x54, 0xC6, 0x24, 0xE8, 0x45,
    0xC3, 0xA2, 0x3D, 0x50, 0xFD, 0xE2, 0x7A, 0x3E, 0xB2, 0x69, 0x2E, 0xD9, 0x3E, 0x38, 0xA6, 0xAC,
    0x03, 0x2E, 0xCB, 0x87, 0xFC, 0x3D, 0x49, 0xE6, 0x3F, 0x79, 0xEF, 0x7A, 0xEF, 0xF2, 0x61, 0x75,
    0x82, 0xC4, 0x3F, 0x59, 0x34, 0x8F, 0xCF, 0xBB, 0x05, 0xD4, 0x7F, 0x5B, 0x42, 0x3D, 0x15, 0x69,
    0xB0, 0x00, 0x19, 0xB6, 0x9C, 0x59, 0xFE, 0x78, 0x51, 0x51, 0x1C, 0xCD, 0x28, 0x8A, 0x17, 0x15,
    0xC5, 0xD1, 0x8C, 0x22, 0x17, 0xB3, 0xC9, 0x62, 0xDA, 0xAA, 0xB9, 0xEE, 0xCA, 0x22, 0xD8, 0x34,
    0x2F, 0x6A, 0x14, 0xD7, 0xBB, 0xC0, 0xFD, 0xA3, 0xD0, 0x3E, 0x24, 0xCF, 0xEF, 0x87, 0xC4, 0xBF,
    0x8E, 0x9F, 0x65, 0xC3, 0x9A, 0x84, 0x35, 0xCB, 0xB4, 0xBB, 0x3D, 0x9D, 0x5D, 0xE6, 0xEE, 0x62,
    0x80, 0x94, 0xF1, 0x36, 0xEA, 0x50, 0x9D, 0x26, 0x0E, 0x73, 0x9B, 0x46, 0x12, 0xE3, 0x32, 0x48,
    0x44, 0x19, 0x2E, 0x63, 0xF0, 0x36, 0x6F, 0xBB, 0x41, 0x19, 0x7D, 0x5F, 0x86, 0x6D, 0x24, 0x2F,
    0xA3, 0x8E, 0x80, 0x05, 0x13, 0x21, 0x24, 0x1D, 0xC2, 0x8E, 0xA6, 0xD5, 0xE5, 0xCA, 0x3A, 0x3E,
    0xD0, 0xBC, 0xA8, 0x71, 0x51, 0xB2, 0x08, 0x2E, 0x7A, 0xD1, 0x9A, 0x1A, 0x45, 0xC9, 0x26, 0x8B,
    0x58, 0xB4, 0xBF, 0x16, 0x35, 0x8B, 0xF2, 0x40, 0xAC, 0x4F, 0xD9, 0x00, 0xFB, 0xBD, 0x7B, 0x37,
    0x9B, 0x9B, 0x5F, 0x93, 0x19, 0xF2, 0x29, 0xEF, 0x0C, 0x80, 0xFA, 0x22, 0x8B, 0xF1, 0x13, 0x3E,
    0xDE, 0xF5, 0x31, 0x8B, 0x73, 0xBD, 0xEB, 0x78, 0x6F, 0xFB, 0xD0, 0x51, 0xD1, 0xD0, 0xBE, 0xC0,
    0x82, 0x35, 0x7C, 0x42, 0x9F, 0x61, 0x8D, 0xA3, 0x5E, 0x27, 0x20, 0x7F, 0x3E, 0x76, 0xAE, 0x29,
    0xEC, 0xFF, 0xA7, 0xF1, 0x80, 0x05, 0x0E, 0xDF, 0x20, 0x2C, 0x82, 0x7E, 0x9D, 0x82, 0x05, 0x57,
    0x26, 0x85, 0x3E, 0xA7, 0xDF, 0x45, 0xFD, 0x13, 0x6D, 0xF1, 0x4C, 0xDA, 0x7E, 0x82, 0x04, 0x51,
    0xBC, 0x52, 0xFA, 0x65, 0x62, 0xF3, 0xF1, 0xC9, 0xD1, 0x23, 0x69, 0x9F, 0x9E, 0x1C, 0x96, 0x5B,
    0xDD, 0xA3, 0x2E, 0x61, 0x40, 0x69, 0x9B, 0x1A, 0xF6, 0xB0, 0x92, 0x51, 0xD5, 0xC0, 0x04, 0xEC,
    0xE3, 0x1A, 0x87, 0xA4, 0x03, 0xAD, 0x98, 0xCA, 0xBE, 0x5F, 0xC2, 0xC2, 0x7C, 0x18, 0x41, 0x92,
    0x49, 0xA4, 0x64, 0x20, 0x31, 0x1A, 0x3E, 0x71, 0x6B, 0x60, 0x02, 0xFF, 0x26, 0x74, 0x94, 0x8D,
    0xB1, 0x1A, 0xD5, 0x61, 0xB5, 0x35, 0xB1, 0xFC, 0x27, 0x99, 0xC7, 0x1F, 0xE4, 0x1B, 0x40, 0x20,
    0x00, 0x0B, 0xBD, 0x72, 0x60, 0xDA, 0xB0, 0xF5, 0x1D, 0x9D, 0x1C, 0x5D, 0x7F, 0x6B, 0x06, 0xB0,
    0x48, 0xC0, 0x8B, 0x32, 0x69, 0x8B, 0x2E, 0x6B, 0xA4, 0x15, 0x63, 0xF1, 0x76, 0x4D, 0xEA, 0x59,
    0x44, 0x6E, 0xCD, 0x28, 0xDA, 0xA2, 0x5F, 0xD4, 0xC5, 0x02, 0x64, 0x8A, 0x54, 0x26, 0x98, 0xD6,
    0x03, 0xC1, 0x5C, 0x7B, 0x18, 0xE9, 0x1A, 0x12, 0x65, 0xB3, 0x6C, 0xFB, 0xA7, 0x65, 0x31, 0x6D,
    0x94, 0x65, 0xD9, 0xD5, 0x80, 0x6C, 0xEB, 0xB6, 0xDB, 0x91, 0xE2, 0x80, 0xFA, 0xC6, 0xB6, 0x11,
    0x87, 0x35, 0x05, 0x20, 0xEF, 0x6E, 0xF7, 0x65, 0xB5, 0x2D, 0x7D, 0x8D, 0x7C, 0xE2, 0xB0, 0x12,
    0x65, 0x73, 0xB7, 0xE3, 0xB4, 0xF0, 0xB2, 0x5B, 0x5B, 0x32, 0xB4, 0x4A, 0xD7, 0x9F, 0xCC, 0x33,
    0xCA, 0x2E, 0x5E, 0xEC, 0xE8, 0x1C, 0x71, 0x69, 0xC6, 0x95, 0x6B, 0xF6, 0xC8, 0x28, 0xBE, 0xF7,
    0x48, 0x79, 0x6B, 0xAE, 0xFC, 0xEF, 0xAA, 0xA3, 0x2B, 0x75, 0x9B, 0xB1, 0x72, 0xC3, 0xF7, 0x50,
    0x08, 0xC1, 0x84, 0x31, 0xC8, 0xC0, 0xF2, 0x44, 0x5D, 0x72, 0xF2, 0x58, 0xFC, 0xA1, 0x2F, 0x7F,
    0xD0, 0xAD, 0x97, 0xA6, 0xB6, 0x27, 0x45, 0x70, 0x34, 0x1F, 0xFA, 0x49, 0xFD, 0x9F, 0xA1, 0x9D,
    0x7F, 0x46, 0x29, 0xC9, 0x54, 0x5F, 0xCD, 0x36, 0x6F, 0xF4, 0xE8, 0x5B, 0x03, 0x6B, 0x41, 0xE3,
    0x68, 0x79, 0x83, 0xC0, 0xF3, 0xC5, 0xC6, 0x75, 0xB1, 0x71, 0x93, 0x9C, 0xE8, 0x81, 0xDA, 0x30,
    0x87, 0xAC, 0x2F, 0x70, 0xA7, 0xF0, 0x2F, 0x77, 0x82, 0x19, 0x7B, 0x6E, 0x8E, 0xC7, 0x45, 0x0B,
    0x07, 0xA4, 0x14, 0x00, 0xFE, 0x85, 0x0A, 0x4C, 0x49, 0xFC, 0x72, 0x97, 0x64, 0xC2, 0x80, 0x16,
    0x1D, 0x78, 0x77, 0x88, 0x47, 0x4B, 0x31, 0x5A, 0x06, 0xEB, 0xA3, 0x84, 0xD6, 0x95, 0x16, 0x49,
    0x2E, 0x04, 0x72, 0x65, 0x69, 0x60, 0x08, 0x1D, 0xDA, 0x13, 0x72, 0xB6, 0xC6, 0x14, 0x74, 0x2A,
    0x73, 0x2D, 0x32, 0xF4, 0xB9, 0xF3, 0xD5, 0xE0, 0x2D, 0xDD, 0x92, 0xAE, 0xD1, 0x4F, 0x68, 0x07,
    0xF4, 0x33, 0xBD, 0x11, 0x7A, 0xEF, 0xBA, 0xA1, 0x2E, 0xA5, 0x54, 0xC7, 0x2B, 0x1D, 0xD7, 0xFB,
    0xB9, 0x60, 0x4E, 0xB9, 0x7A, 0x18, 0x72, 0x20, 0x7B, 0xCE, 0xC5, 0x59, 0xB2, 0x8A, 0x18, 0xD4,
    0x62, 0x28, 0x43, 0x08, 0x7C, 0xE7, 0x0A, 0xEF, 0x2E, 0x4E, 0x57, 0x98, 0x9F, 0x2B, 0x26, 0x2F,
    0xC4, 0x29, 0xAB, 0x3A, 0x55, 0x97, 0xF7, 0x04, 0xB5, 0x1D, 0x79, 0x8B, 0x51, 0x8E, 0x58, 0xC0,
    0x48, 0x7E, 0xE6, 0x08, 0xD8, 0x91, 0x1B, 0x86, 0x98, 0x45, 0x25, 0x70, 0x16, 0x32, 0x7E, 0xB1,
    0x98, 0xC8, 0xEE, 0xAE, 0x50, 0x58, 0x18, 0x26, 0x2F, 0x5D, 0x2B, 0x97, 0xF4, 0x73, 0xE9, 0xC9,
    0x7C, 0x8A, 0x09, 0x25, 0x5D, 0xC8, 0x18, 0x40, 0x44, 0x4B, 0xA2, 0x5B, 0xC4, 0x84, 0xD0, 0x7F,
    0xDE, 0x5D, 0xA9, 0xA1, 0xD1, 0xDD, 0xF1, 0x23, 0x31, 0x8D, 0xEA, 0xB5, 0xE3, 0xDC, 0xD4, 0xE9,
    0xFA, 0xC9, 0xCE, 0x84, 0xF5, 0x7E, 0x6D, 0x2A, 0x84, 0x7D, 0xB3, 0x8F, 0x18, 0x19, 0xE6, 0xDF,
    0xB6, 0xC2, 0x99, 0x7A, 0xF6, 0x72, 0xF4, 0x82, 0xBE, 0xAE, 0x9E, 0x59, 0xF6, 0xEE, 0xF3, 0x5C,
    0x3C, 0xF6, 0x78, 0x79, 0xD5, 0xAD, 0xE8, 0x31, 0xF2, 0xC3, 0x9D, 0x29, 0x4E, 0x58, 0x8D, 0x2D,
    0xBE, 0x31, 0xA0, 0xA9, 0x94, 0x84, 0xC6, 0xC4, 0x34, 0x2E, 0xF1, 0xAF, 0x9B, 0x8E, 0x2C, 0x5D,
    0x9C, 0x60, 0xE7, 0xD1, 0xDC, 0xFD, 0x77, 0x1D, 0xF3, 0xD3, 0xC5, 0x42, 0x83, 0x74, 0xD0, 0xE6,
    0x0E, 0x59, 0x93, 0x72, 0x7F, 0x63, 0xF8, 0x9B, 0xFC, 0x0D, 0x71, 0x4D, 0x83, 0xDE, 0xE3, 0xD3,
    0xEE, 0x21, 0x31, 0x11, 0xDE, 0xCB, 0x92, 0xD0, 0xDF, 0xA4, 0xA3, 0x0B, 0x3F, 0xEF, 0x74, 0x08,
    0x53, 0xDE, 0x9C, 0xF7, 0xFE, 0xD6, 0x7E, 0xF7, 0xA7, 0x2A, 0x13, 0x9A, 0x3E, 0xD4, 0x43, 0x3C,
    0xE0, 0x09, 0xE7, 0xBE, 0x24, 0x0C, 0xD0, 0xA1, 0xE5, 0x9F, 0x23, 0x02, 0x91, 0xE2, 0x77, 0x02,
    0x5E, 0x45, 0xD6, 0xBD, 0x2C, 0x7E, 0x57, 0x5C, 0xD9, 0x89, 0xEF, 0xF6, 0xF3, 0x2E, 0xEB, 0x0E,
    0xFE, 0x23, 0x84, 0xEF, 0x04, 0x3D, 0x98, 0x9A, 0xD6, 0xA1, 0x85, 0x57, 0x68, 0x65, 0x09, 0x48,
    0x9D, 0xBA, 0x01, 0x36, 0xA6, 0xB6, 0x76, 0x1C, 0x1A, 0x0F, 0x1F, 0x1D, 0x80, 0xEF, 0x0C, 0xF3,
    0xEE, 0x72, 0x2C, 0xAA, 0x2B, 0x6E, 0x45, 0x1F, 0x90, 0xC9, 0x0D, 0x12, 0xD6, 0xFC, 0x63, 0xCD,
    0x16, 0xE1, 0x40, 0x3A, 0xFD, 0x5A, 0xFA, 0xB0, 0x93, 0x8A, 0x31, 0x79, 0x9B, 0x3B, 0x18, 0xEC,
    0x67, 0x68, 0xCF, 0x2F, 0x0E, 0x49, 0x7F, 0x58, 0xD4, 0xDF, 0x93, 0xF3, 0x1E, 0x3D, 0x78, 0x04,
    0x6B, 0xE0, 0x0D, 0x98, 0x13, 0x0C, 0xA6, 0xAC, 0x16, 0x95, 0x02, 0xAB, 0x45, 0x29, 0x8E, 0xDC,
    0x5B, 0x65, 0xB7, 0xD6, 0x4A, 0xD6, 0x8F, 0x2B, 0xED, 0x58, 0xD2, 0xA9, 0xBD, 0x8A, 0xED, 0x8D,
    0x36, 0x12, 0x03, 0xC4, 0x86, 0xC4, 0x26, 0x79, 0x45, 0xC3, 0xFC, 0x5A, 0xE8, 0x2E, 0x05, 0x5C,
    0x1D, 0x6E, 0xA5, 0xF5, 0x49, 0x04, 0xD8, 0x91, 0x7F, 0xB5, 0xB7, 0xF7, 0x7F, 0x3E, 0x5F, 0xBD,
    0x00, 0xC6, 0xEB, 0x8D, 0x9D, 0xBB, 0xAF, 0x76, 0x04, 0x0C, 0xAF, 0xAE, 0x78, 0x8F, 0xF4, 0x84,
    0x1A, 0xDD, 0x52, 0x98, 0x01, 0x8B, 0xAF, 0xFE, 0xF7, 0x68, 0xBB, 0x7F, 0xFF, 0xBF, 0x47, 0xFF,
    0x00, 0x9C, 0x94, 0x81, 0xC6, 0x24, 0x41, 0x0C, 0x84, 0x43, 0x00, 0x8A, 0xBC, 0x4A, 0x08, 0xC0,
    0x4F, 0xBF, 0x7A, 0x08, 0x40, 0x98, 0x57, 0x09, 0x01, 0x58, 0xE6, 0xBA, 0xF7, 0xDF, 0xE1, 0x8E,
    0x83, 0x6C, 0x43, 0x29, 0xE3, 0x93, 0xEE, 0xA4, 0x32, 0xB9, 0x0F, 0x11, 0xB1, 0x13, 0xD1, 0xA3,
    0x8B, 0xA3, 0x2B, 0x0D, 0x4B, 0x5A, 0x0A, 0x06, 0x85, 0xF5, 0xF3, 0xFD, 0x6F, 0xB5, 0x7D, 0xFE,
    0xC7, 0x6B, 0x7C, 0xF8, 0xB4, 0xA3, 0xC7, 0xF3, 0x84, 0x5F, 0x12, 0x72, 0xF8, 0xAD, 0x77, 0x25,
    0x63, 0x81, 0x65, 0x54, 0xFF, 0x0A, 0x79, 0x6D, 0xDE, 0xAE, 0xC3, 0x1B, 0x8E, 0x1F, 0xD5, 0xDF,
    0x40, 0xFE, 0xA4, 0xC2, 0xD2, 0x52, 0x53, 0x8F, 0x9F, 0xD5, 0x6F, 0x7E, 0x25, 0x93, 0x6D, 0xAD,
    0xE4, 0xE3, 0xEF, 0x09, 0x2F, 0x51, 0x5D, 0x60, 0x08, 0xC7, 0xED, 0x7E, 0xFA, 0x30, 0xBC, 0xFF,
    0x87, 0x5F, 0x11, 0x77, 0xD1, 0xE6, 0xAF, 0x98, 0xF6, 0xAF, 0x2B, 0x40, 0x2B, 0x38, 0x2A, 0x48,
    0x35, 0x24, 0x26, 0x3C, 0xAC, 0x3B, 0xD5, 0x55, 0xCA, 0xED, 0x28, 0x34, 0x46, 0xBC, 0x5A, 0x75,
    0xE9, 0x29, 0xEC, 0x91, 0xEE, 0xCA, 0x34, 0xE3, 0x17, 0xB8, 0x9F, 0xDC, 0x14, 0x18, 0x2A, 0xDD,
    0x43, 0x5E, 0xFE, 0xE5, 0x6B, 0xC4, 0xD3, 0x0B, 0xEC, 0x81, 0x5F, 0xCD, 0xAD, 0x01, 0x9E, 0xCD,
    0xBF, 0xBB, 0x40, 0x10, 0xF6, 0x76, 0x37, 0x3A, 0x7B, 0xF0, 0x3D, 0xAF, 0xD8, 0xFC, 0xEC, 0xFD,
    0x5C, 0xF7, 0x3B, 0xB7, 0x49, 0x5D, 0x49, 0x58, 0x3C, 0xED, 0x9F, 0x5A, 0xA5, 0xD6, 0x5B, 0xA1,
    0xAA, 0xEC, 0xF7, 0x8C, 0xB7, 0xDE, 0x3C, 0x36, 0xDF, 0x05, 0x23, 0xE5, 0xE1, 0xFB, 0x4F, 0x7E,
    0x19, 0x24, 0xCC, 0xE1, 0x41, 0xBA, 0x58, 0x62, 0xD8, 0xBF, 0xDF, 0xB9, 0x83, 0xEF, 0xA3, 0xC7,
    0x4F, 0x78, 0xC0, 0xE3, 0xFA, 0x71, 0x47, 0x66, 0x24, 0xDA, 0x8F, 0x9F, 0xDD, 0xDF, 0xCF, 0xBB,
    0x21, 0x67, 0xEE, 0x5F, 0xFC, 0xFF, 0xD6, 0x87, 0x5F, 0x57, 0xBC, 0xEF, 0xBF, 0x72, 0xC6, 0x4B,
    0xF8, 0xE6, 0x8C, 0x04, 0xDA, 0x7E, 0xE6, 0xC0, 0xD1, 0x23, 0x5E, 0xE2, 0x2A, 0x05, 0x60, 0x29,
    0xA1, 0x89, 0x9F, 0xED, 0xBF, 0xC8, 0xAF, 0x0B, 0x28, 0x3C, 0xC9, 0xA7, 0xF9, 0x7B, 0x78, 0x65,
    0x8F, 0x22, 0x75, 0xB9, 0x62, 0xB8, 0xBF, 0x77, 0x04, 0x81, 0xA8, 0xC0, 0x0E, 0x10, 0xD7, 0x70,
    0x7F, 0x9F, 0xFD, 0x89, 0xE0, 0x72, 0x23, 0x91, 0x59, 0xFE, 0x37, 0x14, 0x81, 0x76, 0xAE, 0x8C,
    0x20, 0x77, 0xA6, 0x59, 0x7E, 0x4E, 0xBD, 0x3F, 0xCD, 0x99, 0x51, 0x8A, 0xE4, 0x3A, 0x0F, 0x85,
    0x3F, 0xD0, 0x6B, 0xE0, 0x6C, 0xA5, 0x16, 0x60, 0xD0, 0xD6, 0x05, 0xFD, 0x3A, 0xD0, 0x5B, 0x11,
    0xCC, 0xAB, 0x40, 0xFF, 0x8D, 0x30, 0x55, 0xA1, 0xA7, 0xEB, 0xDE, 0xA6, 0xA9, 0x9F, 0x69, 0x97,
    0xF4, 0x39, 0xE5, 0xD8, 0xC7, 0x27, 0x19, 0x27, 0x9D, 0x4C, 0x9D, 0x7F, 0x77, 0xFD, 0xFD, 0xCD,
    0xF6, 0x75, 0xFC, 0x74, 0x7E, 0x56, 0xF7, 0x82, 0xF5, 0x28, 0xDD, 0xD3, 0x72, 0x9B, 0x08, 0x08,
    0x3A, 0x14, 0xE5, 0xE6, 0xCB, 0xBC, 0x4C, 0x29, 0xF2, 0x38, 0xA3, 0x16, 0x75, 0xC3, 0x6F, 0xE6,
    0x29, 0x75, 0x59, 0xA7, 0x35, 0x06, 0x82, 0x63, 0x02, 0xEB, 0x59, 0x4C, 0x2C, 0xCB, 0xC9, 0xB2,
    0xA0, 0xE0, 0x63, 0x76, 0xD7, 0x24, 0x0D, 0xF8, 0x87, 0x5C, 0x93, 0x87, 0x17, 0x2B, 0xBD, 0x33,
    0xBB, 0xC3, 0xA3, 0x49, 0x2F, 0x9D, 0x4E, 0x55, 0x9E, 0x1E, 0x56, 0x0E, 0x55, 0xE0, 0x67, 0x26,
    0x68, 0xA7, 0x6A, 0xB7, 0x39, 0xD4, 0xD9, 0xEF, 0xEC, 0x7F, 0x8E, 0x9B, 0xF1, 0x65, 0xA7, 0x18,
    0x8E, 0x82, 0x85, 0x92, 0x1B, 0x96, 0x24, 0x56, 0x04, 0xE3, 0x96, 0x36, 0xC0, 0x75, 0xE2, 0x17,
    0xA3, 0xB7, 0x85, 0xC7, 0xB0, 0x25, 0x6C, 0x3C, 0x69, 0xBB, 0xC0, 0x1B, 0x32, 0x77, 0x01, 0x2E,
    0xDF, 0xAC, 0x43, 0x96, 0x6B, 0xC2, 0x2D, 0x14, 0x68, 0x5C, 0xD0, 0xA8, 0x63, 0x29, 0xD3, 0x2A,
    0xA9, 0xC4, 0x0B, 0x39, 0xF2, 0x90, 0x72, 0x59, 0x27, 0x0D, 0x1E, 0xD3, 0x3B, 0x2D, 0x4A, 0xB1,
    0x26, 0x4E, 0xC1, 0xD2, 0x0E, 0xE8, 0x64, 0xDC, 0x01, 0x85, 0x25, 0x16, 0xB0, 0x10, 0x20, 0x16,
    0x60, 0xB1, 0xF0, 0xB6, 0x48, 0x4B, 0x27, 0x53, 0xA1, 0x93, 0x18, 0x99, 0x0E, 0x9F, 0x33, 0x20,
    0x6F, 0x0A, 0xB3, 0x58, 0x56, 0x6B, 0x14, 0x52, 0x5B, 0x73, 0xF4, 0xF7, 0x5C, 0x78, 0x37, 0x60,
    0x9D, 0xCC, 0x19, 0x2E, 0x72, 0x9D, 0x61, 0xC5, 0x5A, 0x7B, 0xBB, 0x3A, 0xFC, 0x9D, 0x29, 0x74,
    0xC3, 0x41, 0xB0, 0x2C, 0x48, 0x8D, 0x35, 0x45, 0xE1, 0x96, 0x94, 0x62, 0x6A, 0x45, 0x4D, 0x3B,
    0x29, 0xA6, 0xDF, 0x41, 0xF4, 0x2E, 0x80, 0x9E, 0xE5, 0xEC, 0xA7, 0xEB, 0xF9, 0xC9, 0x38, 0xD4,
    0x79, 0x2A, 0xA7, 0x5B, 0x24, 0x29, 0xF2, 0x03, 0xD7, 0xC9, 0x8E, 0x93, 0xBF, 0x93, 0xBC, 0x47,
    0x91, 0x37, 0x72, 0xB1, 0xC7, 0x1E, 0x2A, 0xFD, 0xFE, 0xE4, 0x64, 0xEC, 0x79, 0xE9, 0x84, 0xEE,
    0xEC, 0x4E, 0x2B, 0xD4, 0x2C, 0x8B, 0xAB, 0xDA, 0xB2, 0x50, 0x63, 0x05, 0x16, 0x4F, 0xB3, 0x77,
    0x79, 0xDE, 0x67, 0x27, 0xDC, 0xFB, 0xCE, 0x3F, 0x00, 0xE1, 0xA0, 0x09, 0x87, 0x05, 0x89, 0x05,
    0x06, 0x07, 0xDC, 0x88, 0x6E, 0xBA, 0x50, 0x71, 0x73, 0x42, 0x30, 0xC1, 0x42, 0x09, 0x0E, 0x0A,
    0xEC, 0x8C, 0x59, 0x6E, 0x78, 0xC1, 0xA2, 0x2C, 0xC5, 0x22, 0xE9, 0xF0, 0x54, 0xD8, 0x17, 0x53,
    0xA9, 0xF4, 0x54, 0xFF, 0xEE, 0xA3, 0xDF, 0xE2, 0x00, 0xFC, 0x93, 0x3C, 0x00, 0xBC, 0xC3, 0xEA,
    0x40, 0x75, 0xE0, 0x3B, 0xFB, 0x43, 0xEE, 0xF6, 0xE9, 0x73, 0xF6, 0xE5, 0xCC, 0xE3, 0xFB, 0xB9,
    0xBA, 0xD7, 0x3F, 0xC4, 0xC3, 0x92, 0xB4, 0xEC, 0x10, 0x8D, 0x3E, 0xFD, 0x74, 0xAA, 0x58, 0x22,
    0x15, 0x69, 0x8F, 0x28, 0x8B, 0x25, 0x54, 0xF7, 0xA5, 0x1D, 0x71, 0x3C, 0x56, 0xAD, 0xD8, 0x4B,
    0x39, 0x1D, 0x4A, 0x71, 0xD6, 0x8A, 0x9A, 0xF6, 0xBD, 0xFA, 0x39, 0xFB, 0x0B, 0x58, 0xF4, 0x50,
    0x40, 0x9E, 0xB4, 0xE1, 0xA8, 0x5C, 0x83, 0x35, 0xAC, 0x61, 0x1A, 0xC2, 0x42, 0x43, 0x47, 0x08,
    0xA7, 0x73, 0x6B, 0xD9, 0x3B, 0x90, 0x36, 0x5A, 0x87, 0x60, 0xBC, 0x22, 0xF2, 0xA4, 0x75, 0xE7,
    0xD6, 0xCA, 0x3B, 0xF7, 0xEC, 0x0D, 0x5C, 0x67, 0x8F, 0x0F, 0xB3, 0x5F, 0xC7, 0x59, 0x0E, 0xA3,
    0x11, 0x32, 0x85, 0xD0, 0x31, 0x8B, 0x05, 0xB2, 0xB3, 0x20, 0x21, 0xF7, 0x55, 0x68, 0xF1, 0xD0,
    0x5A, 0x13, 0xB7, 0x61, 0x4C, 0x17, 0x0E, 0x0B, 0xD4, 0x39, 0x0C, 0x15, 0x58, 0xDC, 0xFC, 0xE4,
    0x63, 0x91, 0xFA, 0x65, 0x6C, 0xA2, 0xD1, 0xC6, 0xB1, 0x00, 0x85, 0x02, 0x2C, 0xC4, 0x8D, 0xB9,
    0xC2, 0xD3, 0x62, 0x59, 0x96, 0x48, 0x4B, 0x2F, 0x0B, 0x25, 0xE7, 0x8E, 0x04, 0x71, 0x9B, 0x61,
    0x91, 0xB0, 0xEC, 0x64, 0x8A, 0x93, 0xDE, 0x3D, 0x5A, 0x89, 0x78, 0x70, 0x41, 0x4F, 0x2C, 0x00,
    0x8E, 0x89, 0x31, 0x4F, 0x3E, 0x8E, 0xC9, 0x27, 0x8A, 0x2C, 0xAA, 0x28, 0x67, 0x39, 0x4B, 0x6F,
    0x69, 0xF7, 0x81, 0x3E, 0x54, 0x00, 0x90, 0xC3, 0x35, 0x14, 0x8F, 0xA2, 0x0B, 0x9D, 0x61, 0x3C,
    0xD8, 0x09, 0xF0, 0x7B, 0xF8, 0x76, 0xD2, 0xA2, 0x4E, 0x72, 0x52, 0xF4, 0xD0, 0x81, 0x63, 0xB8,
    0xF0, 0x38, 0xA9, 0x80, 0xEE, 0x4E, 0x48, 0x34, 0x9E, 0x2D, 0x87, 0x85, 0xD8, 0xA4, 0xF1, 0x61,
    0x27, 0xEA, 0x1C, 0xED, 0x87, 0x5F, 0x7F, 0x98, 0xB6, 0xF8, 0xB9, 0x9E, 0xC5, 0x87, 0x79, 0x2D,
    0x67, 0x16, 0x34, 0xFA, 0xF6, 0x13, 0x3D, 0x17, 0x01, 0xD6, 0x6F, 0x01, 0x52, 0x8F, 0x66, 0xFD,
    0x40, 0x9F, 0x96, 0x0E, 0x57, 0x02, 0xFC, 0x40, 0x9F, 0x7B, 0xF6, 0x0E, 0xC0, 0x22, 0x4F, 0x72,
    0xDB, 0xDB, 0xBB, 0x1D, 0xFC, 0x89, 0xF3, 0xBF, 0xE5, 0xB9, 0xBB, 0xBB, 0xC0, 0x3A, 0x6C, 0x2A,
    0x58, 0x20, 0x87, 0xE3, 0x5E, 0x2D, 0x07, 0xEE, 0xD5, 0xCD, 0x21, 0x20, 0xEF, 0x95, 0x05, 0x16,
    0x8E, 0xA6, 0xEA, 0x8E, 0xF1, 0xA6, 0xA9, 0xB0, 0xC0, 0xBB, 0x21, 0x58, 0xCC, 0x80, 0x64, 0x54,
    0xA6, 0x32, 0x8B, 0x4B, 0x25, 0x81, 0xC3, 0x12, 0x9C, 0x5E, 0xBA, 0x34, 0xCE, 0xAC, 0xDB, 0xF0,
    0x50, 0x53, 0xD0, 0x96, 0xE0, 0x0A, 0xD0, 0xC0, 0x01, 0x1B, 0x34, 0xC0, 0xBF, 0xC3, 0xEF, 0x50,
    0x6C, 0x98, 0x25, 0x88, 0x82, 0x85, 0x87, 0x12, 0xEB, 0x06, 0x6E, 0x00, 0x09, 0xD0, 0xF7, 0xEE,
    0x76, 0x1F, 0xD3, 0x80, 0x1E, 0xED, 0x09, 0xB0, 0xD8, 0x8D, 0x58, 0x70, 0x7F, 0x2C, 0x4A, 0x15,
    0x4A, 0x4B, 0x18, 0xDC, 0xEE, 0xE0, 0x0A, 0xEC, 0x0E, 0x61, 0xDD, 0xBD, 0xB7, 0xAE, 0x3B, 0x78,
    0xE0, 0xB8, 0x63, 0x8D, 0xF2, 0xCC, 0x31, 0xB3, 0x6D, 0x1F, 0xD4, 0xEE, 0x89, 0xEE, 0xD6, 0x92,
    0xBF, 0xE8, 0x4A, 0xF7, 0x95, 0xDD, 0x09, 0x96, 0x05, 0x42, 0x70, 0x60, 0x7F, 0xCF, 0x95, 0xA2,
    0xB8, 0x00, 0xF8, 0x6B, 0x5E, 0x16, 0x38, 0x28, 0x20, 0x61, 0x81, 0x18, 0x1F, 0xA1, 0xC2, 0xF2,
    0x9B, 0xA1, 0xA2, 0x7B, 0x3F, 0xF7, 0xE0, 0x90, 0xB3, 0xC9, 0xEB, 0x94, 0x13, 0x2B, 0xD4, 0xB8,
    0x22, 0xC9, 0xE0, 0xF6, 0x2A, 0xE5, 0xD2, 0x0E, 0x5E, 0xE7, 0xB6, 0xBB, 0x0B, 0x54, 0x78, 0x3C,
    0x76, 0x51, 0x43, 0xBF, 0x50, 0x71, 0x61, 0x5E, 0xD9, 0x9D, 0x77, 0xFE, 0xB1, 0x37, 0x36, 0x3F,
    0xA8, 0x6D, 0xDB, 0x7B, 0xDE, 0xF1, 0xC0, 0x7F, 0xFD, 0xD1, 0x05, 0xE8, 0xC0, 0x3A, 0x95, 0xA3,
    0x53, 0x70, 0x60, 0x7D, 0xA1, 0xC7, 0x49, 0xE5, 0x83, 0x56, 0x27, 0x69, 0x86, 0x71, 0xD2, 0x87,
    0xCA, 0x93, 0x56, 0xC3, 0x3E, 0xC9, 0x10, 0xFF, 0x75, 0x52, 0x75, 0xD2, 0x2E, 0xA4, 0x50, 0xC0,
    0xA2, 0x67, 0x5E, 0x74, 0x79, 0x70, 0xB4, 0x3F, 0x1F, 0x1C, 0x2D, 0xD8, 0x05, 0xEB, 0x02, 0x3C,
    0x3C, 0x1E, 0x07, 0xBE, 0xD5, 0x7C, 0xD3, 0x47, 0x6A, 0x18, 0x7D, 0x32, 0xBF, 0xC2, 0xEB, 0xA8,
    0xAB, 0xDA, 0xE8, 0xEF, 0xB9, 0xF6, 0xBC, 0xE3, 0xE1, 0x0B, 0x8F, 0x8F, 0x3F, 0xCE, 0xF3, 0x17,
    0x1E, 0x1F, 0x7F, 0x9A, 0xE7, 0x27, 0x2B, 0xF9, 0xE7, 0xF9, 0x7C, 0xF2, 0xF8, 0xF8, 0xE3, 0x7C,
    0xDE, 0xE0, 0x28, 0xF0, 0xFD, 0xC2, 0x9E, 0x96, 0x0A, 0xCA, 0xC1, 0x0B, 0x94, 0x93, 0xB3, 0x5D,
    0xA7, 0xC6, 0xA9, 0x39, 0x07, 0x53, 0x05, 0x7E, 0x8E, 0x05, 0x30, 0x00, 0x34, 0x8A, 0x6B, 0xD4,
    0x2F, 0xB7, 0x21, 0x2B, 0x14, 0xC8, 0x4F, 0x1E, 0x8E, 0xC3, 0x1A, 0x7F, 0xA9, 0x68, 0x08, 0x65,
    0x63, 0x43, 0x71, 0x72, 0x0D, 0x6F, 0xC3, 0x1C, 0x06, 0x4A, 0xB7, 0x40, 0xE1, 0x02, 0x85, 0x7E,
    0x81, 0xA3, 0xBA, 0xDC, 0xEF, 0x66, 0x2E, 0xCD, 0x51, 0x1D, 0x73, 0x54, 0x0B, 0x80, 0xDB, 0x10,
    0x72, 0x58, 0x43, 0x1F, 0xDA, 0x9F, 0xEF, 0xA4, 0x40, 0x77, 0x58, 0xE7, 0x43, 0xF9, 0xF8, 0xBF,
    0x71, 0x61, 0x75, 0x92, 0x1A, 0x97, 0x0D, 0x09, 0x9E, 0xFA, 0xFA, 0xDD, 0xE4, 0x27, 0x7A, 0xDE,
    0xDE, 0x12, 0xC0, 0xA7, 0xA5, 0x7C, 0x9A, 0x2D, 0xC0, 0x20, 0x7E, 0x9E, 0xE7, 0xE7, 0x57, 0xE9,
    0x4F, 0x5B, 0x0F, 0x24, 0x80, 0x0D, 0x15, 0x00, 0xEB, 0xD2, 0x1C, 0x0F, 0xCF, 0x49, 0xA7, 0x1A,
    0x14, 0x56, 0x20, 0xE8, 0xE9, 0xDA, 0x31, 0x9A, 0x41, 0x80, 0xD2, 0x86, 0x02, 0xAC, 0x4E, 0xD2,
    0x6B, 0x98, 0x00, 0x3E, 0x54, 0x7C, 0x87, 0x33, 0xD6, 0xBA, 0xA1, 0x3B, 0x40, 0xB5, 0x4D, 0x5F,
    0xD1, 0x9D, 0x58, 0x5A, 0x63, 0x89, 0x87, 0x25, 0x1A, 0xA4, 0x4D, 0xF3, 0x15, 0x1A, 0xC4, 0xEE,
    0x67, 0x3D, 0x63, 0x3F, 0xEA, 0xA9, 0xD8, 0xB3, 0xE1, 0xB9, 0xDF, 0x0D, 0x15, 0x67, 0x7E, 0xF2,
    0x41, 0xB1, 0xD0, 0x5B, 0xA2, 0xF0, 0x38, 0x95, 0x15, 0x56, 0x0A, 0xFE, 0xCC, 0x77, 0x52, 0xEF,
    0x6F, 0x67, 0x46, 0xBF, 0x35, 0x16, 0x7B, 0xBA, 0x02, 0x04, 0xD3, 0x40, 0x5E, 0xEE, 0xE8, 0x81,
    0x2C, 0x71, 0x6A, 0x72, 0x51, 0x63, 0x8D, 0x2A, 0x2C, 0x0A, 0xED, 0xB6, 0xF9, 0x58, 0xD1, 0x47,
    0x85, 0x57, 0x87, 0xD2, 0x81, 0x1C, 0x71, 0x14, 0xB0, 0xF6, 0xD7, 0xE0, 0x35, 0xDA, 0x0B, 0xE8,
    0xAD, 0xF1, 0x96, 0x2C, 0x16, 0x37, 0x8E, 0x97, 0x68, 0x5B, 0x1A, 0x2A, 0xB1, 0x54, 0xDC, 0x2C,
    0x5F, 0xA2, 0xA9, 0xA8, 0x7B, 0x02, 0x2F, 0xD1, 0xC4, 0x81, 0x0E, 0x2C, 0x12, 0xE3, 0x36, 0x35,
    0x1D, 0xE0, 0x2F, 0x38, 0x07, 0xFD, 0xD6, 0xE8, 0x1F, 0xA6, 0x53, 0x0C, 0x6A, 0xFA, 0xA2, 0xEE,
    0xA2, 0x8A, 0x91, 0x18, 0x8D, 0x11, 0x99, 0x7D, 0x47, 0x59, 0xB3, 0x5A, 0x1E, 0xE9, 0xA5, 0x53,
    0xC9, 0x1A, 0x3A, 0x14, 0xE9, 0x33, 0xBE, 0x58, 0x09, 0xF7, 0x98, 0x61, 0xE6, 0xC8, 0x73, 0xA9,
    0x93, 0x86, 0x1B, 0x24, 0x34, 0x68, 0xBF, 0x70, 0x59, 0x23, 0xE6, 0x5B, 0xC2, 0x02, 0x5D, 0x16,
    0x51, 0x87, 0xDE, 0x72, 0x51, 0x0B, 0x4F, 0xBC, 0xBB, 0x9F, 0x2B, 0xF3, 0xE7, 0xEB, 0xDB, 0x77,
    0x44, 0x16, 0x34, 0xB6, 0x87, 0xAC, 0x1B, 0xC7, 0x37, 0x44, 0x14, 0xA5, 0x09, 0xBE, 0xE5, 0x21,
    0x29, 0x1C, 0x0B, 0x92, 0x05, 0x60, 0xD1, 0xA1, 0x27, 0x9F, 0xAE, 0xEB, 0xAF, 0x3E, 0x5F, 0xE8,
    0xFD, 0xD9, 0x9B, 0x28, 0x40, 0xE2, 0x89, 0x7D, 0x21, 0xBC, 0xB9, 0xBE, 0x74, 0x7E, 0x63, 0xB8,
    0x01, 0x0A, 0xB0, 0x74, 0xE8, 0x86, 0x06, 0xDF, 0x4B, 0x19, 0x8A, 0xE9, 0x13, 0x8D, 0xF0, 0x70,
    0x14, 0x0B, 0x65, 0x61, 0x7F, 0xA4, 0x63, 0xB3, 0x5F, 0x21, 0x2C, 0x17, 0x78, 0x40, 0x11, 0xD6,
    0x16, 0xB2, 0xBE, 0x3E, 0x60, 0x8F, 0x5E, 0xBF, 0x77, 0xA8, 0x94, 0x4A, 0x4B, 0xC5, 0xD7, 0xB2,
    0xCB, 0xFB, 0xBF, 0x6E, 0xA1, 0x78, 0xEC, 0xCB, 0xCD, 0xD9, 0x7E, 0xE3, 0xCB, 0x7E, 0x9F, 0xDE,
    0x42, 0x5F, 0xA0, 0x2D, 0xA6, 0xA6, 0x73, 0x7A, 0x09, 0x71, 0x60, 0x2F, 0xD1, 0xFE, 0x78, 0x0B,
    0x7D, 0x85, 0xE6, 0xC7, 0x5B, 0xE8, 0x2B, 0x34, 0xB1, 0x00, 0xE5, 0x24, 0x16, 0x5C, 0x4B, 0xEF,
    0xC2, 0xC7, 0xF2, 0x71, 0xCC, 0xC0, 0x00, 0x81, 0xFF, 0xDA, 0x5E, 0x1A, 0xE7, 0x3D, 0x96, 0xBD,
    0x47, 0x99, 0xE5, 0xA4, 0x2C, 0xEB, 0xB0, 0xAC, 0x65, 0xE9, 0x37, 0x0B, 0xBF, 0x29, 0x94, 0xE3,
    0x05, 0xEB, 0x40, 0xC0, 0x71, 0xFD, 0x3F, 0xC6, 0x02, 0xFC, 0xBA, 0x9E, 0x16, 0xBB, 0x7C, 0xEB,
    0xF7, 0x5B, 0xEB, 0xDF, 0x4D, 0xBF, 0xC5, 0xE8, 0x50, 0x7B, 0x5D, 0x6D, 0xD9, 0xE4, 0x35, 0xDA,
    0x16, 0x70, 0x7D, 0xB7, 0x0A, 0x0B, 0x83, 0x78, 0x85, 0xB6, 0xA5, 0xB3, 0x13, 0x78, 0x91, 0x5F,
    0xC6, 0x70, 0x80, 0x03, 0xB9, 0xBF, 0x5E, 0xB4, 0xCB, 0xCA, 0x83, 0xD4, 0x99, 0x49, 0x58, 0x5A,
    0x58, 0x59, 0x50, 0x06, 0x25, 0xF0, 0x63, 0x12, 0xD5, 0x5E, 0x0F, 0xA3, 0x71, 0x49, 0x40, 0xC0,
    0xEE, 0xE2, 0x09, 0xDA, 0xBB, 0x3A, 0x40, 0xCF, 0xF2, 0xAD, 0xD1, 0xDC, 0x8F, 0x3C, 0x95, 0xFF,
    0xF2, 0x38, 0x37, 0xDE, 0xEC, 0xEC, 0x13, 0x2A, 0xA1, 0xF7, 0x7A, 0xAA, 0xD9, 0x0D, 0x1F, 0xCE,
    0xE1, 0x8B, 0x8E, 0x93, 0xA7, 0xC7, 0xF9, 0x3F, 0xCD, 0x9A, 0xC1, 0x8A, 0xE3, 0xCA, 0x0E, 0x86,
    0x3F, 0xD0, 0xD6, 0xA0, 0x57, 0x09, 0xDC, 0x6D, 0x81, 0x5E, 0x5D, 0xD0, 0xDB, 0x03, 0xFD, 0x2A,
    0x82, 0xD9, 0x0A, 0xFE, 0x8B, 0x2D, 0x70, 0xCC, 0x9C, 0xCC, 0x74, 0xE7, 0x64, 0x86, 0xEE, 0x8A,
    0xF5, 0x29, 0xED, 0x24, 0x55, 0xFA, 0xE5, 0x6A, 0x97, 0xE5, 0x04, 0x97, 0x60, 0x38, 0x0D, 0xFC,
    0xC2, 0x18, 0xE6, 0x9D, 0x2A, 0x80, 0x1F, 0x07, 0xDF, 0x76, 0x5A, 0xF6, 0x4E, 0x76, 0x3A, 0x3A,
    0x18, 0xC0, 0x76, 0x70, 0x11, 0xB9, 0xD3, 0x13, 0x24, 0x15, 0x14, 0x5E, 0x58, 0x62, 0xC3, 0xC6,
    0x19, 0x82, 0x88, 0x83, 0x2A, 0x5C, 0x15, 0x6A, 0x76, 0x03, 0x30, 0x25, 0x6E, 0x45, 0xD0, 0x87,
    0x2D, 0x1A, 0xBC, 0xA1, 0xFB, 0x08, 0xC0, 0x67, 0xDF, 0x3C, 0xAC, 0xD1, 0xD6, 0x19, 0xAD, 0xF4,
    0x0A, 0xD8, 0xD8, 0x00, 0x67, 0x01, 0x96, 0xB5, 0x73, 0x54, 0x28, 0xBF, 0x9F, 0xEA, 0x3D, 0x58,
    0x67, 0x61, 0x59, 0x13, 0xA6, 0xF2, 0xF5, 0x0C, 0x7C, 0x1B, 0x75, 0x60, 0x97, 0x48, 0x36, 0x83,
    0x11, 0x01, 0x56, 0x2F, 0x1F, 0x65, 0x58, 0xC0, 0x6D, 0x83, 0x28, 0xF0, 0x04, 0xF0, 0x53, 0x71,
    0x03, 0x96, 0xB3, 0x0B, 0x16, 0xD3, 0x30, 0xC9, 0x88, 0x74, 0xD1, 0x20, 0x2B, 0x08, 0x4F, 0xF0,
    0x03, 0x01, 0xD8, 0x01, 0x01, 0xFC, 0x1E, 0x71, 0xC2, 0x93, 0x81, 0x59, 0x81, 0xD3, 0x93, 0x33,
    0x2F, 0x4C, 0x9A, 0xC1, 0x1B, 0x2B, 0x1C, 0x16, 0x14, 0x00, 0x4A, 0xCF, 0x0A, 0x7A, 0xD1, 0xCD,
    0x2A, 0x38, 0xB7, 0x86, 0xC6, 0x02, 0x8F, 0x5A, 0xAE, 0x32, 0x9D, 0xB2, 0x12, 0x50, 0x81, 0x55,
    0x83, 0xE3, 0xB0, 0x61, 0x5F, 0xA7, 0x6B, 0x81, 0x30, 0xA5, 0xBF, 0xD5, 0x62, 0xDD, 0xD8, 0x78,
    0x5E, 0x57, 0x5E, 0xF0, 0x65, 0x42, 0x82, 0xD9, 0x9E, 0x8D, 0x7F, 0xD2, 0xEF, 0x38, 0x73, 0x48,
    0x50, 0x01, 0x91, 0x80, 0xF3, 0x65, 0x72, 0x6E, 0x6C, 0x8B, 0xE5, 0x6F, 0x65, 0x4A, 0x04, 0xEB,
    0x79, 0x5D, 0x73, 0x2C, 0x17, 0x0B, 0xF0, 0x39, 0x43, 0x28, 0xCF, 0x40, 0x58, 0xC0, 0x34, 0x49,
    0x0D, 0xDE, 0x44, 0x62, 0xC5, 0x6C, 0xF4, 0xC1, 0xB8, 0xD0, 0xF3, 0xC2, 0xFA, 0x34, 0x73, 0xF8,
    0x73, 0x6F, 0x3D, 0x03, 0xCD, 0xB8, 0x13, 0x03, 0x60, 0xE9, 0x80, 0x32, 0x12, 0x3C, 0x87, 0x7E,
    0x90, 0x83, 0xC6, 0xCE, 0xED, 0x20, 0xA0, 0xF7, 0x04, 0x4B, 0x25, 0x38, 0x91, 0x10, 0xF8, 0x79,
    0x9A, 0xEB, 0xDF, 0x52, 0x07, 0x63, 0x3E, 0x35, 0x3D, 0xE8, 0xBD, 0x01, 0xF9, 0x1F, 0xC9, 0x89,
    0x54, 0x43, 0x5E, 0xCF, 0x09, 0x68, 0x72, 0x70, 0x35, 0x93, 0x0E, 0xD3, 0x7B, 0x5A, 0x2A, 0x9D,
    0xC8, 0xC0, 0x73, 0xD7, 0xDE, 0x0F, 0x4C, 0x78, 0x06, 0x91, 0xBB, 0xD6, 0x43, 0xA9, 0x1C, 0xA4,
    0x1A, 0xC0, 0x88, 0x56, 0x79, 0x4F, 0x90, 0x1C, 0xB8, 0x9D, 0xE0, 0x0A, 0xEC, 0x84, 0x63, 0x92,
    0xE6, 0xD9, 0xF5, 0x05, 0xB8, 0x63, 0x3B, 0xB1, 0x76, 0xCC, 0x18, 0xC7, 0x68, 0xA1, 0x8E, 0x51,
    0x39, 0xA7, 0x20, 0x7A, 0x11, 0x45, 0x48, 0xFA, 0xD5, 0xDC, 0x46, 0x90, 0x24, 0x94, 0x25, 0x2C,
    0x07, 0x42, 0x80, 0x37, 0x5F, 0x26, 0x63, 0x63, 0x73, 0x96, 0x65, 0x99, 0x0A, 0xE5, 0xD3, 0x7A,
    0xAE, 0xE3, 0x7C, 0x9D, 0x0A, 0x82, 0xD9, 0x9E, 0x8D, 0xFF, 0x2B, 0x62, 0x25, 0x01, 0x3B, 0x40,
    0x82, 0x09, 0xA0, 0x9F, 0x4D, 0xFC, 0x0D, 0x0A, 0xF2, 0x86, 0x92, 0x80, 0x9C, 0x1D, 0xE7, 0x09,
    0x5E, 0x80, 0x35, 0xC0, 0x17, 0x1E, 0x96, 0xC7, 0x6B, 0xC1, 0x53, 0x32, 0x27, 0x51, 0x78, 0x01,
    0x44, 0x03, 0x74, 0x00, 0x96, 0x96, 0x60, 0x90, 0x97, 0xA5, 0xCE, 0x21, 0x32, 0x04, 0x0D, 0x47,
    0xD0, 0x04, 0x9E, 0xE0, 0x43, 0x02, 0xB0, 0x83, 0xA0, 0x47, 0x74, 0x95, 0x00, 0xE5, 0xCE, 0x60,
    0x18, 0x17, 0x7A, 0xDE, 0x39, 0xFD, 0xD3, 0x07, 0x23, 0xAD, 0xC1, 0xA4, 0x04, 0x07, 0x22, 0x41,
    0x85, 0x55, 0xE3, 0xF8, 0x2C, 0xD5, 0x30, 0xFB, 0x52, 0xE5, 0x44, 0x05, 0xCE, 0xD5, 0x3C, 0x63,
    0x16, 0x72, 0x25, 0x76, 0xE9, 0x26, 0xD4, 0xB8, 0x94, 0x26, 0xD5, 0x82, 0xAA, 0xC3, 0xAC, 0x84,
    0x67, 0xA8, 0x31, 0x25, 0x18, 0x76, 0x2E, 0x42, 0xD4, 0x02, 0x50, 0x03, 0x44, 0xF1, 0xED, 0x32,
    0x64, 0xD8, 0x84, 0x5A, 0x6B, 0xC2, 0x8C, 0xFA, 0xBB, 0xD9, 0xC1, 0x93, 0x2B, 0xBF, 0xE1, 0x9C,
    0x39, 0xED, 0x6F, 0x66, 0xE2, 0x3B, 0x29, 0x86, 0x6B, 0x95, 0x98, 0x77, 0xFA, 0x41, 0x0E, 0x1A,
    0x00, 0xDB, 0x3C, 0x9D, 0x27, 0x37, 0x98, 0x61, 0x72, 0xCC, 0xF9, 0xDB, 0x73, 0x87, 0x6B, 0xED,
    0x0A, 0xD3, 0x15, 0x8E, 0x73, 0x2D, 0x81, 0x90, 0x32, 0x54, 0xDE, 0xD8, 0x64, 0xB5, 0x9F, 0xA7,
    0xA4, 0x79, 0xFE, 0x3C, 0x67, 0xDC, 0x89, 0x81, 0x02, 0x6B, 0x70, 0x41, 0x78, 0x52, 0x14, 0xC9,
    0x8D, 0x5F, 0x5E, 0x93, 0x5D, 0xED, 0x4D, 0xF8, 0xBB, 0xD2, 0xDB, 0xCB, 0xCB, 0xCA, 0xF3, 0x73,
    0xA6, 0x0E, 0x7D, 0x3E, 0x03, 0xDA, 0x5B, 0x0D, 0xFF, 0x46, 0x06, 0x7E, 0xA5, 0x52, 0xCA, 0xDD,
    0x5E, 0x52, 0xE9, 0xB9, 0x45, 0xAD, 0x8A, 0x4A, 0x4F, 0x20, 0xA6, 0x68, 0xE9, 0xFF, 0xB8, 0x99,
    0x08, 0xD5, 0x4F, 0x7D, 0xB2, 0xF0, 0xCF, 0x7D, 0xDC, 0x95, 0x47, 0x22, 0x0B, 0xD0, 0xAE, 0x07,
    0xAB, 0xFF, 0xB8, 0x79, 0xA3, 0xB3, 0xB7, 0x27, 0x63, 0x48, 0xB2, 0x2C, 0x97, 0x13, 0xC2, 0x9B,
    0x3F, 0x13, 0xCC, 0xA3, 0x6E, 0x29, 0xE2, 0x73, 0x3D, 0x84, 0xFE, 0x4C, 0x0C, 0x24, 0x96, 0x18,
    0x39, 0x47, 0xD9, 0x73, 0x7F, 0x70, 0x36, 0x4F, 0xA5, 0xFF, 0xE2, 0xA1, 0x36, 0x9C, 0xCD, 0xBC,
    0xAD, 0xCE, 0x5E, 0xFF, 0x54, 0x6E, 0xEC, 0xB7, 0x03, 0x3F, 0x7F, 0x32, 0x7A, 0x9D, 0x3E, 0xCC,
    0xC2, 0xDB, 0xDF, 0x0A, 0xE9, 0x4D, 0xE0, 0x49, 0x8F, 0xD1, 0x3C, 0x68, 0x9E, 0x2C, 0xA5, 0xB7,
    0x27, 0x4F, 0x99, 0x9A, 0x86, 0xAB, 0x51, 0x58, 0x16, 0xF6, 0x23, 0x41, 0xE0, 0x10, 0x89, 0xCA,
    0xAA, 0x1D, 0xDF, 0x30, 0xC0, 0x24, 0xA2, 0xF0, 0x7C, 0x76, 0x2B, 0xCF, 0x76, 0x3A, 0x88, 0xFA,
    0xC5, 0xAD, 0x27, 0xC7, 0x04, 0xF1, 0xE4, 0xB6, 0xA8, 0x45, 0xD7, 0x54, 0xCD, 0x15, 0x33, 0x31,
    0x66, 0x6E, 0xE4, 0x4E, 0x67, 0xE7, 0x3A, 0x58, 0x3B, 0x2D, 0x77, 0x3A, 0x3B, 0xD7, 0xC1, 0xDA,
    0xA9, 0x61, 0x1F, 0xD4, 0xCE, 0x8E, 0x79, 0xE7, 0x7C, 0xAA, 0x77, 0xA2, 0x83, 0x31, 0x3D, 0xD7,
    0xCE, 0x19, 0x0B, 0xE1, 0x0D, 0xCA, 0x29, 0x6C, 0x9F, 0x5D, 0x9B, 0x3F, 0x5C, 0x53, 0x52, 0xED,
    0x67, 0x8D, 0x5F, 0xF8, 0x5B, 0xE2, 0x02, 0x6F, 0xC6, 0xBF, 0x27, 0xFE, 0x56, 0xD7, 0x7A, 0x3F,
    0x3D, 0xBD, 0xD4, 0x21, 0x98, 0x01, 0xF0, 0x1A, 0xB3, 0x02, 0x6E, 0x40, 0x82, 0xBD, 0xDA, 0xF7,
    0x02, 0x68, 0xC0, 0xEA, 0x7A, 0xAF, 0x96, 0xBA, 0x2C, 0xEA, 0xE0, 0xF3, 0x8E, 0xD7, 0xF0, 0xF9,
    0x02, 0xD1, 0x09, 0xDA, 0xD2, 0x59, 0x80, 0xA5, 0xD2, 0x3F, 0xF9, 0x50, 0x7F, 0x45, 0xB8, 0xD3,
    0x0A, 0xB0, 0x1E, 0x00, 0x07, 0x36, 0x80, 0x1B, 0x40, 0x3E, 0x2B, 0x04, 0x2C, 0x67, 0x69, 0xE6,
    0x46, 0x1A, 0x23, 0x6C, 0xA4, 0x45, 0x5A, 0xDD, 0x9D, 0x8F, 0x63, 0x9C, 0x71, 0xB8, 0x6D, 0x1C,
    0x7F, 0xC2, 0x6D, 0x57, 0xC7, 0x1A, 0x57, 0x70, 0xA4, 0x00, 0x26, 0x09, 0x58, 0x52, 0x4A, 0x6B,
    0x3F, 0x8C, 0xDD, 0x36, 0x4F, 0x6E, 0x9E, 0xA4, 0x27, 0xFC, 0x57, 0x53, 0x33, 0xE2, 0x47, 0x3B,
    0x56, 0x2F, 0x72, 0x1D, 0xD4, 0xF0, 0xB2, 0x67, 0x44, 0x5E, 0xB8, 0x0E, 0xD6, 0xE8, 0x1C, 0x99,
    0x58, 0x82, 0x9E, 0x52, 0x60, 0xE9, 0xE9, 0x35, 0x66, 0xF9, 0xA1, 0xCA, 0x8F, 0xE6, 0x6E, 0x31,
    0xE7, 0x77, 0x13, 0x60, 0xE7, 0x9B, 0x7D, 0x47, 0xEC, 0xF8, 0xB1, 0xE3, 0xED, 0x93, 0x73, 0xF7,
    0xA7, 0x39, 0xF9, 0x8F, 0xB7, 0x97, 0x67, 0xA4, 0xF2, 0xFD, 0xE1, 0x9C, 0x64, 0x01, 0x70, 0x39,
    0x10, 0x0E, 0xE7, 0xEE, 0x02, 0xA6, 0x29, 0x31, 0x95, 0x17, 0x04, 0xD6, 0xB0, 0x61, 0xBA, 0x30,
    0x72, 0xA7, 0xD7, 0x9D, 0xD6, 0x3B, 0xD1, 0x30, 0x77, 0xC6, 0x41, 0xAF, 0x9D, 0xD6, 0x07, 0xB5,
    0x93, 0x61, 0xFC, 0xB3, 0xD3, 0x7B, 0xA7, 0x5D, 0x48, 0xE3, 0x09, 0x0B, 0x1D, 0xE3, 0x82, 0x03,
    0x01, 0x34, 0x58, 0x82, 0x9F, 0xE1, 0x62, 0x29, 0xF4, 0xAE, 0xF4, 0xDA, 0x55, 0x3F, 0x77, 0x11,
    0xFC, 0x9D, 0x14, 0x3E, 0xB1, 0x58, 0xBD, 0xA8, 0xFA, 0xA3, 0xC5, 0xE8, 0x89, 0xAF, 0x2E, 0xBE,
    0x4D, 0xFE, 0x0C, 0xD2, 0xD2, 0x92, 0x0E, 0x88, 0x66, 0x74, 0xE5, 0xCB, 0x33, 0x64, 0xB4, 0xEA,
    0xC2, 0xE0, 0xA7, 0x92, 0x9E, 0x1B, 0xD7, 0xE6, 0xD6, 0x60, 0x0A, 0x01, 0x91, 0x91, 0x10, 0xF8,
    0x6B, 0x34, 0x95, 0xFA, 0xEB, 0x73, 0xDD, 0xA8, 0x77, 0xC2, 0x23, 0x16, 0x60, 0x79, 0xF0, 0x47,
    0x02, 0xE8, 0x95, 0xCC, 0x5B, 0x81, 0x5D, 0x2D, 0xF1, 0xDD, 0xDE, 0xC1, 0x9A, 0x07, 0x3F, 0xC1,
    0x30, 0xF5, 0x99, 0xF0, 0xBE, 0x7F, 0x61, 0x74, 0xCD, 0x64, 0x00, 0x9E, 0x43, 0xED, 0xAC, 0xCF,
    0xF0, 0xFA, 0xA9, 0x6B, 0x6F, 0xD3, 0xFF, 0x8C, 0xC5, 0x8C, 0x6B, 0x9A, 0xD0, 0xEE, 0x81, 0x45,
    0x62, 0xD9, 0x38, 0xC1, 0xFD, 0xCB, 0x21, 0xAB, 0x9F, 0x2D, 0xB0, 0x8C, 0x29, 0xCA, 0xB0, 0x5A,
    0x10, 0x1F, 0xDC, 0x0C, 0xFD, 0x76, 0xAA, 0x1F, 0xDF, 0x0C, 0x7D, 0x31, 0x03, 0x58, 0xD6, 0x79,
    0x0A, 0x0A, 0xCF, 0xC9, 0xC3, 0xB9, 0xDB, 0xF2, 0xFB, 0xE5, 0x01, 0xCB, 0x3A, 0x02, 0x0E, 0x4F,
    0x6A, 0xCD, 0x9F, 0x96, 0xAF, 0xE7, 0xC2, 0x24, 0xA9, 0x89, 0x54, 0x5B, 0xB3, 0x3F, 0x61, 0x59,
    0x31, 0x17, 0x68, 0x17, 0x47, 0x70, 0x71, 0xA9, 0x8B, 0xB3, 0x71, 0x7E, 0x38, 0xE9, 0xFC, 0xEB,
    0xF2, 0x1A, 0x19, 0x57, 0xC7, 0xF4, 0x69, 0x3E, 0x6E, 0xC6, 0x73, 0x66, 0x74, 0x22, 0x55, 0xD6,
    0xF7, 0xC8, 0xA2, 0xB0, 0xEC, 0x3A, 0x04, 0x66, 0x10, 0x44, 0x8E, 0x48, 0xCF, 0xC6, 0xA5, 0x9D,
    0x09, 0xFF, 0x66, 0xE0, 0x45, 0xEE, 0xB4, 0xFD, 0x13, 0xED, 0x58, 0xB5, 0x9A, 0xA3, 0x03, 0x80,
    0xCB, 0xD5, 0x9F, 0xE7, 0x4F, 0x97, 0x2A, 0x97, 0x59, 0x20, 0x29, 0xC1, 0xCB, 0xFF, 0x5D, 0x27,
    0x0E, 0xFD, 0x5F, 0x8C, 0xE1, 0x59, 0x5D, 0x4A, 0x09, 0x56, 0x62, 0xE7, 0x59, 0x7B, 0x3E, 0xAE,
    0x40, 0x75, 0xED, 0xB9, 0x98, 0x9A, 0x57, 0x4A, 0x53, 0x42, 0x31, 0x63, 0x2C, 0x28, 0x26, 0x46,
    0x7B, 0x4B, 0xBD, 0x97, 0xAB, 0xFC, 0xA3, 0xDA, 0x5D, 0xFD, 0xAD, 0xB4, 0x4C, 0xFB, 0xD4, 0x52,
    0xF8, 0xAC, 0x4C, 0xC0, 0x12, 0x2F, 0xA6, 0x90, 0xE7, 0x06, 0x89, 0xB1, 0xF3, 0x06, 0x14, 0xF7,
    0x7F, 0x7D, 0x17, 0x67, 0x61, 0x46, 0x7D, 0xC3, 0x83, 0x9E, 0xDC, 0x8A, 0x0A, 0x4F, 0x17, 0xD6,
    0x50, 0xCF, 0x1E, 0xF4, 0xDF, 0x5E, 0xE7, 0x12, 0x7D, 0xB3, 0x9A, 0x75, 0x34, 0x60, 0xB7, 0x5B,
    0xC0, 0x8A, 0x84, 0x28, 0x38, 0xF4, 0x2B, 0x41, 0x0D, 0x21, 0x30, 0x5D, 0x5F, 0xE9, 0x84, 0xC3,
    0x0A, 0xBA, 0xA1, 0x02, 0xAB, 0xA8, 0xC8, 0x15, 0xE2, 0xE1, 0x74, 0xF5, 0xCE, 0xE5, 0x59, 0x96,
    0x45, 0x36, 0x29, 0x88, 0xC2, 0x05, 0x4A, 0xBC, 0xD2, 0x2A, 0xA9, 0xA2, 0xDA, 0xF2, 0x5D, 0xF7,
    0xEB, 0xC9, 0x68, 0xE8, 0xC0, 0xD2, 0xD2, 0x20, 0xFF, 0x7A, 0xE4, 0x85, 0x35, 0x2E, 0xC2, 0xB3,
    0xA8, 0xE4, 0xF6, 0x64, 0xE4, 0x7F, 0x37, 0x3A, 0x03, 0x9C, 0xC9, 0x0C, 0x0D, 0xAC, 0xF1, 0x51,
    0x4F, 0x06, 0x99, 0x58, 0x62, 0x0D, 0x01, 0xBE, 0xD3, 0xE7, 0xEA, 0xCE, 0x71, 0xAC, 0x1A, 0x54,
    0x5C, 0xBF, 0x48, 0xFA, 0x4D, 0xDE, 0xB7, 0x48, 0x36, 0x2F, 0x70, 0x31, 0xAA, 0xFC, 0x90, 0x57,
    0x89, 0x9D, 0x4A, 0xD6, 0x45, 0xC9, 0x4D, 0xE2, 0xE1, 0xDC, 0x7E, 0x36, 0xD5, 0x92, 0xD4, 0xA2,
    0xAD, 0x8B, 0x66, 0x1D, 0x48, 0x9A, 0xED, 0x00, 0x34, 0xFC, 0x21, 0x98, 0x80, 0x50, 0x01, 0x37,
    0x80, 0x02, 0xD0, 0xB9, 0x7E, 0x58, 0xCE, 0xB3, 0x79, 0x5F, 0x32, 0xE9, 0xF5, 0x44, 0xDA, 0xF9,
    0xD1, 0x76, 0x24, 0xA1, 0x1E, 0x1F, 0x94, 0x29, 0x9E, 0x16, 0x8B, 0xB9, 0x6E, 0x31, 0x25, 0xA0,
    0x4B, 0xDD, 0xF4, 0x35, 0x69, 0x60, 0x01, 0x62, 0x2C, 0x48, 0x8C, 0x64, 0xB3, 0xB9, 0xB7, 0x83,
    0x04, 0x9E, 0xCF, 0x58, 0xE2, 0x02, 0xAB, 0xE7, 0xE5, 0x4C, 0x48, 0x83, 0xFF, 0x2A, 0xE7, 0xA3,
    0x43, 0x26, 0xA5, 0x94, 0x0F, 0x0E, 0x99, 0xE7, 0x06, 0x44, 0x2D, 0xA0, 0xA2, 0x80, 0xF4, 0x64,
    0xDA, 0x9C, 0xC6, 0xCB, 0x1B, 0x02, 0x2B, 0xD8, 0xFE, 0x26, 0x1B, 0x16, 0x34, 0xDC, 0x40, 0x50,
    0x10, 0xE5, 0xE7, 0x65, 0x64, 0x93, 0x26, 0x4B, 0x37, 0xB1, 0xD1, 0x00, 0x28, 0xE3, 0x89, 0x22,
    0xCA, 0xCB, 0xEB, 0x7F, 0x65, 0xFA, 0x21, 0x94, 0x45, 0xA8, 0x61, 0xF8, 0xDD, 0xB4, 0x9A, 0x94,
    0xBB, 0xBD, 0xAC, 0xF1, 0xC6, 0x0D, 0x58, 0xDC, 0x8B, 0x03, 0xD7, 0x4E, 0x13, 0xDF, 0x50, 0xF5,
    0xE3, 0x82, 0xE9, 0xB5, 0x0C, 0xD0, 0x8C, 0xDE, 0x33, 0x03, 0x1B, 0x39, 0xCF, 0xCF, 0xFD, 0xF4,
    0x37, 0xCC, 0x06, 0x9E, 0x10, 0x35, 0xD9, 0xC8, 0x6D, 0x7C, 0x14, 0x78, 0xF2, 0x7A, 0x56, 0x46,
    0x7E, 0xF8, 0xCE, 0x8E, 0x9F, 0x0A, 0xC8, 0xE5, 0xDF, 0x31, 0x1F, 0xD4, 0xC2, 0xAA, 0x8F, 0x35,
    0x64, 0xF9, 0xFC, 0x99, 0xAF, 0xCF, 0x90, 0xEF, 0xA4, 0xF0, 0x06, 0x40, 0x1D, 0xCC, 0xDB, 0x28,
    0x03, 0x88, 0x97, 0x8F, 0x77, 0x82, 0xED, 0x46, 0x62, 0x02, 0x9A, 0xEB, 0xEA, 0x3B, 0xCE, 0x66,
    0xB0, 0x59, 0xA4, 0xCF, 0xBB, 0x9D, 0xB3, 0x7C, 0xDF, 0x9B, 0xE4, 0x6A, 0xD4, 0x51, 0x28, 0x89,
    0xF4, 0x22, 0xC0, 0xA7, 0x04, 0xD8, 0xFD, 0x94, 0xC2, 0xBB, 0xF7, 0x1C, 0xB5, 0x5E, 0xBB, 0xD7,
    0xEE, 0x0B, 0x02, 0xEF, 0xC3, 0x67, 0x8C, 0xCF, 0xD5, 0x96, 0xE0, 0x79, 0xD3, 0xE1, 0xAB, 0x34,
    0xBE, 0xC2, 0xE7, 0xDE, 0x59, 0xBC, 0x8F, 0xF7, 0xC3, 0x2B, 0xBD, 0x01, 0xC4, 0x78, 0x61, 0x05,
    0xD0, 0x8C, 0x5F, 0xA7, 0x27, 0x27, 0x7E, 0xF2, 0x2E, 0x57, 0xA7, 0xD4, 0x11, 0x3A, 0x32, 0xAF,
    0x22, 0xF5, 0x43, 0x35, 0xD5, 0xBA, 0x33, 0xF4, 0x74, 0xB6, 0x9D, 0xB9, 0xB0, 0xF4, 0xBC, 0x61,
    0x15, 0x07, 0xFF, 0x57, 0x05, 0x55, 0x95, 0xD0, 0xA9, 0x04, 0xE5, 0xCF, 0x3F, 0x9B, 0x72, 0x16,
    0xB0, 0xB1, 0x3D, 0x15, 0x83, 0x0A, 0x95, 0x0B, 0x3C, 0xAD, 0xC1, 0x41, 0xB0, 0x40, 0x39, 0x39,
    0x23, 0xC1, 0xCB, 0x0E, 0x3A, 0x60, 0xBD, 0x13, 0xAD, 0x83, 0x05, 0x10, 0x07, 0x3D, 0x79, 0x9E,
    0xF3, 0x59, 0x93, 0xF8, 0xED, 0xAF, 0x1E, 0xD5, 0xD6, 0x91, 0x94, 0xEF, 0x56, 0xA4, 0x95, 0xA5,
    0xB5, 0x25, 0x6D, 0xD0, 0x0E, 0xB1, 0x8D, 0x79, 0x83, 0xDF, 0xEF, 0x5B, 0x8E, 0x31, 0xE6, 0xC0,
    0xBC, 0xE5, 0x7E, 0x7A, 0xF3, 0xEC, 0x9F, 0x78, 0x69, 0x8F, 0x33, 0xB4, 0x20, 0xA0, 0xC0, 0xF3,
    0xFE, 0x55, 0x3A, 0xBD, 0xFE, 0x60, 0x26, 0x3E, 0xFE, 0x5A, 0xD9, 0x25, 0xB5, 0x27, 0x3E, 0xF7,
    0xA8, 0x0E, 0xDC, 0x40, 0xDC, 0xB0, 0x86, 0x81, 0x17, 0x93, 0xD1, 0x81, 0x80, 0xEB, 0x8B, 0x83,
    0xF3, 0xC5, 0xC1, 0x66, 0xCD, 0x94, 0x28, 0xEB, 0x40, 0x24, 0x36, 0x5F, 0x75, 0xFD, 0xAE, 0x40,
    0x0E, 0x89, 0x75, 0x8C, 0xDE, 0xDC, 0xAC, 0xC1, 0x27, 0xC1, 0x44, 0xDE, 0x3F, 0xB2, 0x5B, 0x91,
    0x9E, 0x64, 0xEC, 0x86, 0xA5, 0x24, 0x20, 0x38, 0xF1, 0x85, 0xF2, 0x02, 0xC6, 0x5E, 0x96, 0xF4,
    0xF1, 0x8F, 0xA9, 0x7F, 0x2D, 0x93, 0x1B, 0xF4, 0xC8, 0xFC, 0x57, 0xFC, 0x0D, 0xD8, 0x55, 0xD7,
    0x45, 0x92, 0x3D, 0x90, 0x74, 0x63, 0x63, 0xB1, 0xF0, 0xB7, 0x62, 0xCA, 0xE8, 0xF3, 0x88, 0xBD,
    0x2E, 0x71, 0x5A, 0x19, 0x86, 0x11, 0xD8, 0xE5, 0x01, 0xF0, 0x7F, 0xD5, 0x99, 0xD1, 0x8A, 0xDC,
    0xBE, 0xAF, 0x80, 0x3F, 0xD0, 0x6D, 0x40, 0xAF, 0x12, 0xD8, 0x5B, 0x83, 0x5E, 0x5D, 0x30, 0xB7,
    0x85, 0x7D, 0x15, 0x41, 0x6F, 0x05, 0x3A, 0x6B, 0x8B, 0x35, 0xA1, 0xBB, 0x67, 0x7F, 0xD3, 0x4E,
    0xFB, 0xEF, 0xD4, 0x8E, 0x3E, 0xEF, 0xC6, 0x1E, 0x45, 0x91, 0x1D, 0xC5, 0x76, 0x90, 0x4A, 0x06,
    0xE6, 0xE6, 0x45, 0x22, 0x51, 0x12, 0x90, 0xA6, 0x0E, 0x26, 0x8B, 0x87, 0x01, 0x1A, 0x8B, 0x5E,
    0x93, 0x71, 0x0F, 0xBB, 0x7D, 0x73, 0xE9, 0xA1, 0xB9, 0xF4, 0xB3, 0xAE, 0xC5, 0xBA, 0x2E, 0xCB,
    0x06, 0x30, 0x57, 0xC4, 0x73, 0x16, 0x66, 0x6E, 0xE8, 0xAB, 0x0F, 0xD4, 0x3D, 0x91, 0xEF, 0x24,
    0x92, 0x13, 0x71, 0x81, 0x21, 0xDE, 0x6A, 0xD5, 0x15, 0x24, 0x06, 0x60, 0x0E, 0x55, 0x2E, 0x95,
    0x9A, 0x60, 0x25, 0x01, 0x47, 0xD3, 0x16, 0x65, 0xF1, 0x58, 0x3C, 0x17, 0x79, 0x88, 0x09, 0x03,
    0x12, 0x4E, 0x28, 0x08, 0xB0, 0xD0, 0xF7, 0x9B, 0x2A, 0xB7, 0x08, 0x75, 0xF9, 0x9E, 0xEF, 0x88,
    0x85, 0x63, 0xE2, 0x9C, 0xF0, 0x09, 0x3E, 0x40, 0x03, 0x8D, 0x97, 0x40, 0xEA, 0x7B, 0x41, 0x79,
    0xC0, 0x0B, 0x07, 0xC0, 0xB0, 0x17, 0x59, 0xF9, 0x78, 0xCB, 0xE7, 0xCC, 0xC3, 0xE8, 0xB4, 0xDA,
    0x8C, 0x37, 0xBC, 0xD8, 0xB5, 0xC5, 0xB5, 0x5E, 0x0E, 0x41, 0x50, 0xBB, 0xD6, 0xAB, 0x71, 0x49,
    0xA7, 0x9D, 0x72, 0xC9, 0xB7, 0xF3, 0x66, 0x83, 0x9D, 0x98, 0xE7, 0x38, 0xF5, 0xDA, 0xC6, 0x6E,
    0x1C, 0x04, 0x00, 0x0C, 0x39, 0xE4, 0xE0, 0xD0, 0x37, 0xEE, 0x5C, 0x97, 0x7A, 0x38, 0x5F, 0xA7,
    0xCE, 0xF1, 0x96, 0x5F, 0xDE, 0xF2, 0xF9, 0xFD, 0x2D, 0x7F, 0x63, 0x27, 0xE6, 0x15, 0x7D, 0xBC,
    0x76, 0xFD, 0xCC, 0xB3, 0xB5, 0xEC, 0xDF, 0x23, 0x08, 0xBC, 0xE8, 0x58, 0xE7, 0x3B, 0x77, 0x3D,
    0x07, 0x02, 0x28, 0x0A, 0x48, 0x24, 0x40, 0x05, 0x80, 0x39, 0x80, 0xB2, 0x13, 0x7A, 0xA1, 0x35,
    0x7D, 0xB3, 0x7F, 0xC5, 0xF7, 0xC5, 0xDB, 0xA4, 0x78, 0x4E, 0x32, 0xA9, 0xD4, 0xA2, 0x01, 0xC7,
    0xE2, 0xC0, 0x7C, 0x52, 0x1D, 0xAA, 0x2A, 0x20, 0xD0, 0x40, 0x1C, 0x69, 0x26, 0x4A, 0x13, 0x0A,
    0x5B, 0xAC, 0x40, 0x2B, 0x4E, 0x0E, 0x06, 0x03, 0xBD, 0x05, 0x52, 0x0E, 0x05, 0x0C, 0x00, 0xD6,
    0xFF, 0x2A, 0x81, 0x91, 0x4B, 0x06, 0x09, 0x9A, 0x90, 0xB9, 0x0C, 0xD2, 0x3E, 0xD7, 0x59, 0x92,
    0x3A, 0xD2, 0x2D, 0xCB, 0x35, 0x0C, 0xE7, 0x0C, 0xC2, 0xD4, 0xB5, 0x90, 0x84, 0x00, 0xA8, 0x72,
    0x4D, 0x24, 0x7E, 0xF1, 0xD0, 0xA4, 0xCA, 0x3F, 0xD5, 0xCC, 0x40, 0x13, 0xEE, 0x38, 0xB4, 0xFC,
    0xFE, 0x7E, 0xDA, 0x71, 0xC1, 0x1C, 0xDE, 0x2D, 0x27, 0xB9, 0x46, 0x13, 0x03, 0xD4, 0xFF, 0x74,
    0x6C, 0x3A, 0x10, 0x14, 0x6D, 0x73, 0x6B, 0xD5, 0x6D, 0x43, 0x31, 0xEF, 0xFE, 0xC0, 0x96, 0x9E,
    0x81, 0x7A, 0x22, 0xF1, 0xA3, 0x18, 0xE2, 0xB6, 0xAE, 0xA7, 0x48, 0x8C, 0xD6, 0x71, 0x72, 0x00,
    0x83, 0x01, 0x68, 0x8F, 0xB5, 0x72, 0x80, 0x02, 0x60, 0xD0, 0x89, 0x0E, 0x69, 0xA1, 0x09, 0xF6,
    0x58, 0xB8, 0x7A, 0x38, 0xA4, 0x09, 0xB8, 0xB8, 0x38, 0x69, 0x60, 0x09, 0x1A, 0x20, 0x0E, 0x74,
    0xB8, 0x53, 0x97, 0x3B, 0x45, 0x63, 0x86, 0xB8, 0x15, 0xE1, 0xCA, 0x03, 0xAD, 0x82, 0x66, 0x27,
    0x24, 0xEC, 0x07, 0xC2, 0x5F, 0xF0, 0xC8, 0xF8, 0x2F, 0x8F, 0x54, 0xF9, 0x14, 0xDA, 0xCC, 0x2D,
    0x3B, 0xFD, 0x92, 0x67, 0xAC, 0x3D, 0x53, 0x37, 0xFF, 0x21, 0x54, 0x25, 0x80, 0x38, 0xFB, 0xF4,
    0xE0, 0x5F, 0xF3, 0x58, 0xDB, 0xAF, 0x0E, 0x06, 0x04, 0xFD, 0x2F, 0xFC, 0x21, 0x0F, 0xDE, 0x1F,
    0x73, 0x9E, 0xDF, 0x83, 0x5F, 0x3F, 0x85, 0x7F, 0xCE, 0x83, 0x0A, 0x80, 0x7A, 0x5F, 0xE0, 0x32,
    0xEE, 0x74, 0x51, 0xFC, 0x9F, 0xF3, 0xA0, 0x83, 0x04, 0x90, 0x80, 0xD2, 0x27, 0x88, 0x3F, 0xE7,
    0xC1, 0x42, 0x2B, 0x86, 0x66, 0x90, 0x8E, 0x81, 0x81, 0xF6, 0x51, 0x55, 0x89, 0x26, 0xC3, 0x18,
    0x7A, 0x0B, 0x29, 0xEE, 0x0C, 0x86, 0x4F, 0x38, 0xA5, 0xD1, 0xAA, 0x6D, 0xB6, 0x7A, 0x6E, 0xE9,
    0xF4, 0xF0, 0xD4, 0xE6, 0x33, 0xCF, 0x60, 0x57, 0x3E, 0xA1, 0x4F, 0xAC, 0x92, 0x29, 0x00, 0xD8,
    0x96, 0xC7, 0x7D, 0x81, 0x54, 0xF9, 0x7B, 0xB1, 0x53, 0x55, 0x55, 0x2E, 0xCD, 0xB2, 0x0A, 0x18,
    0xA0, 0x06, 0xC7, 0x2E, 0x86, 0x01, 0xBB, 0x38, 0x0D, 0x1C, 0x62, 0x17, 0xE2, 0x3D, 0x59, 0x59,
    0x45, 0x95, 0xA3, 0x18, 0xDA, 0x85, 0x38, 0x56, 0x05, 0xCE, 0xC0, 0xC0, 0x09, 0x0C, 0xE8, 0x42,
    0xC4, 0x2F, 0x85, 0x2A, 0x18, 0x0C, 0x85, 0x69, 0x4B, 0xA5, 0x56, 0xB5, 0x2B, 0x68, 0xB4, 0x03,
    0x6E, 0x85, 0xBE, 0x31, 0x8C, 0x64, 0x21, 0xC7, 0x04, 0x5A, 0x95, 0x64, 0xD2, 0x1D, 0xA3, 0x24,
    0xED, 0x9D, 0x24, 0x39, 0x52, 0x8A, 0x51, 0x6A, 0x1E, 0x96, 0x5A, 0xAE, 0x21, 0x05, 0x52, 0xA5,
    0x60, 0x6E, 0x05, 0x09, 0x85, 0x04, 0x6D, 0x39, 0x4A, 0xD3, 0x00, 0x59, 0x84, 0xFA, 0x8C, 0x5A,
    0x51, 0x40, 0xF9, 0xA4, 0xD1, 0xB4, 0x0B, 0xD5, 0x69, 0x4A, 0x95, 0xC4, 0x24, 0x09, 0x06, 0xE6,
    0xED, 0xEF, 0x72, 0xA8, 0x40, 0xBC, 0x42, 0xB1, 0x30, 0x94, 0xAB, 0xA8, 0x1B, 0x3D, 0x91, 0xF4,
    0xFD, 0xDE, 0x33, 0x6F, 0x8F, 0x68, 0x4F, 0x25, 0xA2, 0xAA, 0x25, 0x90, 0x28, 0xD4, 0x67, 0x9D,
    0x94, 0x83, 0xC0, 0xA4, 0x8B, 0x03, 0x69, 0x00, 0x96, 0x00, 0x1A, 0x5C, 0xC3, 0xF0, 0xFF, 0xD4,
    0x17, 0xCD, 0xD6, 0xFF, 0xD1, 0x17, 0x5F, 0x4C, 0x9E, 0x1F, 0xF6, 0xD3, 0x80, 0x08, 0xF8, 0xE0,
    0xA7, 0x9F, 0x99, 0x58, 0x87, 0xF5, 0xC2, 0x28, 0xFB, 0x41, 0x9E, 0x54, 0x26, 0xC7, 0x62, 0x4C,
    0x8A, 0x4F, 0x2A, 0x93, 0x63, 0xB1, 0x55, 0x36, 0x73, 0xB1, 0x26, 0xD3, 0xBA, 0x65, 0xFF, 0x2A,
    0x27, 0xA9, 0x45, 0x6B, 0xCD, 0x31, 0xD9, 0xD7, 0xA2, 0xD0, 0x84, 0xF2, 0x65, 0x43, 0x3A, 0x27,
    0x41, 0x60, 0xEA, 0x68, 0x81, 0x24, 0x10, 0xEC, 0xD7, 0x6B, 0x39, 0xE8, 0xFF, 0x2B, 0x95, 0xEA,
    0xEF, 0xCB, 0x8F, 0x40, 0x6F, 0xAD, 0x43, 0x93, 0x2E, 0x5F, 0x7D, 0xB9, 0xA1, 0xA3, 0xF1, 0xF2,
    0x94, 0xAB, 0x6B, 0x54, 0x5A, 0x3D, 0xCF, 0x32, 0x0B, 0x8E, 0x4B, 0xEF, 0x9C, 0x07, 0x80, 0x05,
    0x80, 0xFA, 0x83, 0x0B, 0xAD, 0x1E, 0x0D, 0xAD, 0xD4, 0x02, 0xD4, 0x3F, 0x7D, 0xC7, 0xFE, 0x1B,
    0x9E, 0xB8, 0xBC, 0x63, 0x7F, 0xBB, 0x57, 0x8E, 0x53, 0x1C, 0xC0, 0x92, 0x13, 0x17, 0x24, 0x38,
    0x66, 0x3E, 0x87, 0x06, 0x9D, 0x76, 0x1B, 0xFD, 0xB1, 0xCD, 0xA1, 0x71, 0x72, 0x0C, 0x7A, 0x16,
    0xE3, 0x14, 0x7B, 0x92, 0x28, 0x05, 0xF6, 0x93, 0xC7, 0x20, 0x06, 0x19, 0x98, 0x03, 0xF0, 0x9F,
    0xBB, 0x5F, 0xC0, 0x97, 0xBB, 0x5F, 0x08, 0x5F, 0xEC, 0x7E, 0xDD, 0xBD, 0xC6, 0x7A, 0x96, 0xC0,
    0x0A, 0x0A, 0x18, 0x90, 0xEC, 0x08, 0x39, 0xFE, 0x70, 0x60, 0xA5, 0xD3, 0xE9, 0x2B, 0x7F, 0xB3,
    0x6F, 0xE7, 0x7B, 0x3E, 0xB9, 0xA4, 0x97, 0x18, 0xC7, 0x39, 0xF3, 0x79, 0xFA, 0x0B, 0x83, 0x73,
    0xE5, 0x6D, 0x9F, 0x5D, 0x56, 0x13, 0x7C, 0x5C, 0x4D, 0x40, 0x1B, 0x57, 0xA1, 0x01, 0x86, 0xF4,
    0x1E, 0x4C, 0x5D, 0x68, 0x3E, 0xA9, 0xC1, 0xA6, 0xE4, 0x24, 0xD5, 0xF4, 0x49, 0x5B, 0xD4, 0x98,
    0x94, 0x5C, 0xAC, 0x49, 0x9A, 0xF6, 0x6D, 0x52, 0x73, 0x52, 0x2E, 0x24, 0x51, 0x87, 0x41, 0x25,
    0x1C, 0x5F, 0xAF, 0x14, 0xBC, 0xA8, 0xD7, 0x72, 0x0D, 0x0D, 0x75, 0xB9, 0x5B, 0x2A, 0xAD, 0xEE,
    0x1E, 0x73, 0xBB, 0x49, 0x39, 0x20, 0x1E, 0x93, 0x9C, 0xFB, 0x6F, 0xCA, 0xBF, 0x9C, 0xFA, 0xFE,
    0x95, 0x49, 0x6F, 0xDB, 0x9F, 0x20, 0xC1, 0x1E, 0x99, 0x71, 0xB9, 0x9D, 0xF2, 0x65, 0xBE, 0x70,
    0xAE, 0x92, 0xF2, 0xDF, 0x33, 0x29, 0xDE, 0x5E, 0x44, 0x9D, 0x8B, 0x5F, 0x82, 0x6B, 0x15, 0xFC,
    0x3B, 0x13, 0x66, 0x08, 0x40, 0x26, 0xD4, 0x81, 0xC1, 0xFB, 0x29, 0xE7, 0xB7, 0x4F, 0xA2, 0xB7,
    0x5A, 0xBD, 0x0C, 0xAA, 0xB8, 0x9C, 0xE6, 0x9A, 0x64, 0x51, 0x41, 0x2A, 0x07, 0x98, 0x5B, 0xC0,
    0xDE, 0x65, 0x4E, 0xD4, 0x51, 0x9B, 0x3C, 0xAC, 0xEF, 0xCC, 0x0D, 0x42, 0xBD, 0xC0, 0x35, 0x0A,
    0x59, 0x54, 0x26, 0xC7, 0xE2, 0xB9, 0x18, 0x8B, 0x8E, 0x86, 0x89, 0xA3, 0x6E, 0x0A, 0xEA, 0xFA,
    0x0D, 0x8C, 0xBD, 0x7B, 0xC0, 0xFB, 0xAC, 0x4D, 0xCD, 0xCD, 0x39, 0xA4, 0x72, 0xBF, 0x32, 0x81,
    0xAF, 0xF7, 0x99, 0xFA, 0x1F, 0x01, 0xB4, 0x23, 0x81, 0x27, 0x4A, 0x61, 0xBC, 0xFA, 0x90, 0x57,
    0x4F, 0x91, 0x58, 0xA2, 0x6F, 0x72, 0xBC, 0xC9, 0x90, 0xB0, 0x53, 0xDC, 0x4E, 0x75, 0x0D, 0x45,
    0x62, 0xF4, 0x38, 0x05, 0x8E, 0xDD, 0x29, 0x8B, 0x69, 0x00, 0xA6, 0xEF, 0x4F, 0xEB, 0xAE, 0x18,
    0xFA, 0x7C, 0x8B, 0xD3, 0x18, 0x6D, 0xB0, 0xA9, 0xB7, 0xB1, 0x31, 0xD8, 0x86, 0x56, 0xB4, 0x5F,
    0xDC, 0x5A, 0x30, 0x90, 0x02, 0x33, 0x7A, 0xD8, 0xF7, 0xB9, 0xCE, 0x85, 0xDD, 0xEC, 0xD4, 0xB2,
    0x90, 0x5C, 0x86, 0x38, 0x20, 0x15, 0xDB, 0x0B, 0xCA, 0x00, 0x0E, 0x8E, 0xE7, 0xF3, 0x02, 0xFD,
    0xBA, 0x59, 0x86, 0x2A, 0xA3, 0x8D, 0x7C, 0x30, 0x12, 0xA9, 0x38, 0xBD, 0xF8, 0x90, 0x48, 0xDA,
    0xA9, 0x7D, 0x52, 0x3C, 0xD8, 0x91, 0x27, 0x34, 0xD1, 0x90, 0x80, 0x85, 0x73, 0x83, 0x2B, 0x90,
    0x0D, 0x45, 0xAA, 0x8A, 0xFE, 0xEB, 0x5A, 0x01, 0x1B, 0xC7, 0xC6, 0x98, 0xE8, 0x6B, 0x54, 0xD5,
    0xD7, 0xFD, 0x8D, 0x05, 0x12, 0xB9, 0xE7, 0x09, 0x03, 0x5D, 0xE1, 0x6C, 0x00, 0xEF, 0x62, 0x2D,
    0xAE, 0x2E, 0xAE, 0xA9, 0x48, 0x25, 0x98, 0xB7, 0x57, 0xB0, 0x82, 0xD6, 0x16, 0xE2, 0xE0, 0xF8,
    0x5F, 0xBB, 0x51, 0xCA, 0xA5, 0x42, 0x3C, 0x94, 0xD1, 0xDD, 0x49, 0xB9, 0xDE, 0x62, 0x90, 0x03,
    0x0B, 0xEC, 0x7D, 0x88, 0xB0, 0x27, 0xE1, 0x86, 0x5A, 0x0C, 0xAD, 0xA0, 0x98, 0xED, 0x0C, 0x53,
    0x17, 0x0F, 0x62, 0xF4, 0x4D, 0x49, 0x15, 0x16, 0xA8, 0xFF, 0xE2, 0x61, 0x21, 0x55, 0x9F, 0x6A,
    0x46, 0x9C, 0xBA, 0x4F, 0x49, 0xA5, 0x26, 0x56, 0x0C, 0x25, 0xC4, 0x1D, 0xFF, 0x5D, 0x1F, 0xF7,
    0x3E, 0xAA, 0x25, 0xB0, 0xFB, 0x34, 0x58, 0xDD, 0x11, 0xFD, 0x9E, 0x6F, 0xA1, 0xF5, 0xF5, 0xD3,
    0xF0, 0xC0, 0xD2, 0x0A, 0x0B, 0x80, 0xCA, 0x7D, 0xFF, 0xE2, 0x3A, 0x89, 0x3C, 0x9F, 0x17, 0xB0,
    0x80, 0x76, 0xC7, 0x32, 0x53, 0x90, 0x87, 0x3D, 0xA0, 0xE2, 0xEC, 0xBD, 0x97, 0xC8, 0x3D, 0x00,
    0xBA, 0xA2, 0x9D, 0xBD, 0x63, 0x83, 0x83, 0x86, 0x7E, 0xDC, 0x2E, 0x69, 0xEA, 0x07, 0x5A, 0x13,
    0x24, 0xF6, 0x72, 0x08, 0x89, 0x62, 0x72, 0x6F, 0xC1, 0x7C, 0xBE, 0x11, 0x53, 0x57, 0xCD, 0x41,
    0x6F, 0xFD, 0x54, 0xB9, 0x94, 0x7F, 0xFE, 0x64, 0x8E, 0xA1, 0x59, 0x54, 0x51, 0x77, 0x7C, 0xDD,
    0x96, 0x02, 0xD0, 0xF2, 0x7D, 0xA7, 0x83, 0x00, 0x4E, 0xCE, 0xE7, 0xBB, 0x5F, 0x29, 0xB4, 0x5C,
    0xC5, 0x07, 0xD1, 0x06, 0xCA, 0xCD, 0xEB, 0x35, 0xB4, 0x42, 0xE3, 0x3F, 0xA3, 0x10, 0xE2, 0x97,
    0xCE, 0x4D, 0xFB, 0xD0, 0xB9, 0x31, 0x9E, 0xEF, 0xF3, 0xF5, 0x57, 0x0F, 0xFC, 0x43, 0x9F, 0xAF,
    0xBF, 0xE8, 0xF8, 0xE7, 0xF1, 0xC2, 0x17, 0x0F, 0xFC, 0xE3, 0x1E, 0xB0, 0x3C, 0x25, 0x74, 0xD5,
    0x19, 0x4C, 0x39, 0x0D, 0x86, 0x79, 0x5F, 0x4E, 0x7B, 0x89, 0xD5, 0xD7, 0xB5, 0x02, 0xA9, 0x6B,
    0x4D, 0x3A, 0x2C, 0x09, 0xC8, 0x84, 0xFE, 0xFC, 0x16, 0xE6, 0xC3, 0x0A, 0x00, 0x14, 0x30, 0x6F,
    0x51, 0x07, 0x1C, 0x04, 0x38, 0x40, 0xD3, 0x87, 0x7A, 0x88, 0x07, 0x9E, 0x78, 0x81, 0x05, 0x5A,
    0x50, 0x8E, 0x86, 0x4B, 0x38, 0x11, 0x44, 0x8A, 0xBF, 0x16, 0x00, 0x81, 0xE4, 0x3C, 0x48, 0x38,
    0xE0, 0x04, 0xEF, 0x65, 0x60, 0x91, 0x92, 0x41, 0x32, 0x16, 0x9C, 0xE4, 0x58, 0x80, 0x84, 0xDF,
    0x04, 0x29, 0xC0, 0x2A, 0xA0, 0xD3, 0x00, 0xA8, 0x0D, 0x03, 0x10, 0x80, 0x03, 0xE0, 0x04, 0x1C,
    0x1C, 0xE9, 0x07, 0xAF, 0xEE, 0x99, 0x25, 0xB8, 0x16, 0x12, 0x00, 0xE2, 0xE8, 0xFB, 0xC6, 0x73,
    0xDF, 0xA8, 0xB0, 0x93, 0xC6, 0xDC, 0xA5, 0xE1, 0x20, 0xF4, 0xE4, 0xA0, 0xFF, 0x62, 0xA7, 0xDD,
    0x86, 0xAE, 0xD9, 0x2D, 0xEE, 0xFF, 0xA2, 0x5E, 0xE5, 0x56, 0xA1, 0x89, 0xB4, 0x41, 0xF9, 0xF3,
    0xAC, 0xAA, 0xFC, 0xC5, 0xDF, 0xF6, 0x75, 0xDB, 0x86, 0x87, 0x36, 0xD8, 0x6F, 0x85, 0xBE, 0x96,
    0x6B, 0x6A, 0x68, 0xFC, 0xDC, 0x3E, 0xCF, 0xFF, 0x01, 0xB5, 0xD5, 0x41, 0x8A, 0x23, 0x31, 0x0C,
    0x85, 0xE1, 0x1F, 0xB4, 0x15, 0xE8, 0x2A, 0x82, 0x6C, 0x0D, 0xBE, 0xFA, 0x83, 0xDA, 0x06, 0xFA,
    0x2A, 0x3A, 0x80, 0xC1, 0x93, 0x90, 0x9E, 0x59, 0x55, 0x29, 0x74, 0x98, 0xFE, 0xBA, 0x7A, 0x61,
    0x84, 0x53, 0x65, 0xE3, 0x27, 0x17, 0x8B, 0x89, 0x89, 0x62, 0x30, 0x58, 0x56, 0xC1, 0xA0, 0xA0,
    0xB0, 0x45, 0x6C, 0x66, 0xA8, 0x28, 0x91, 0x21, 0x9F, 0x35, 0x6A, 0x96, 0x42, 0x7B, 0xD7, 0xE3,
    0x01, 0xD8, 0x9B, 0x4B, 0x42, 0x65, 0x1A, 0xC1, 0xDC, 0xC4, 0x62, 0x3D, 0x84, 0x5E, 0x8F, 0xC9,
    0x93, 0x44, 0x88, 0x53, 0xCF, 0xBA, 0xA7, 0x89, 0x0B, 0x11, 0x99, 0xB4, 0xD2, 0xBB, 0xF9, 0x80,
    0x10, 0x4D, 0xDD, 0xF3, 0xF9, 0xC7, 0x85, 0x2A, 0x77, 0x1A, 0x56, 0xAF, 0xE7, 0x64, 0x1B, 0x20,
    0x2A, 0x3D, 0xBB, 0xE9, 0x32, 0xBA, 0x4F, 0x37, 0x21, 0xA3, 0xAB, 0x1B, 0x88, 0x6B, 0x81, 0xE1,
    0xFC, 0x98, 0x81, 0xC8, 0xFE, 0xBB, 0x9D, 0x86, 0xA2, 0xDD, 0x72, 0xC3, 0xCA, 0x00, 0x5B, 0x38,
    0x4E, 0x27, 0xB9, 0xE3, 0x24, 0xE2, 0x07, 0x4C, 0x8E, 0xF5, 0xEF, 0x27, 0x9A, 0x7A, 0xC8, 0x68,
    0xF7, 0x9D, 0x90, 0xD1, 0x8B, 0xE2, 0x8A, 0xE3, 0xE6, 0x54, 0x7B, 0x60, 0x0F, 0xC6, 0x5A, 0x8B,
    0xC6, 0x78, 0x08, 0xCD, 0xAA, 0x21, 0xAF, 0x31, 0x2B, 0x3E, 0x3E, 0x48, 0x86, 0x89, 0x8C, 0x77,
    0x19, 0x1A, 0xFD, 0x86, 0x1A, 0x9D, 0xB9, 0xBA, 0x20, 0x1C, 0x7E, 0xF8, 0xA8, 0xCF, 0x33, 0x6E,
    0xF2, 0x4C, 0xEF, 0xE6, 0xA7, 0x47, 0x71, 0xE5, 0x7D, 0x50, 0x09, 0xCF, 0xFA, 0x6E, 0x86, 0xAD,
    0xBD, 0xBB, 0xDA, 0x59, 0x3D, 0x3C, 0x8B, 0x46, 0x7C, 0xFE, 0x46, 0x48, 0x64, 0x38, 0x79, 0x72,
    0x04, 0x49, 0x12, 0x21, 0xC3, 0xFE, 0x0D, 0x3B, 0x26, 0x92, 0x34, 0xD1, 0x48, 0x9F, 0xAB, 0x5B,
    0x89, 0x67, 0xB7, 0x9A, 0x51, 0x87, 0x1B, 0x63, 0x98, 0xC6, 0xA0, 0x6F, 0x9A, 0x20, 0xEB, 0x77,
    0xB9, 0x91, 0x38, 0x46, 0xA3, 0x6F, 0x38, 0x44, 0xA6, 0x80, 0xCF, 0xD3, 0xC6, 0x2D, 0x33, 0x69,
    0x34, 0x19, 0xAB, 0x3E, 0x4B, 0x7D, 0x06, 0x5F, 0xFF, 0xFD, 0x5D, 0xF8, 0x6E, 0x65, 0x28, 0xEE,
    0xB7, 0x32, 0x2E, 0xE5, 0x34, 0x2D, 0x6F, 0x93, 0xD4, 0x9C, 0xF9, 0x86, 0xFB, 0xDC, 0xDE, 0x5F,
    0xA7, 0x85, 0xEE, 0x0F, 0x80, 0x09, 0x00, 0xEC, 0xEB, 0x28, 0x4F, 0x27, 0xCA, 0x97, 0xA7, 0xFB,
    0xD7, 0x63, 0x9C, 0x80, 0xC9, 0x13, 0xC0, 0x94, 0xCE, 0xDF, 0xF1, 0xED, 0x01, 0x91, 0xDD, 0x09,
    0x30, 0x39, 0x8E, 0xA9, 0xEB, 0x25, 0xB7, 0xFB, 0x65, 0xBD, 0xE1, 0x69, 0xF2, 0xEC, 0xAE, 0x5C,
    0x03, 0xB5, 0x57, 0xB6, 0x8C, 0x73, 0x22, 0xF1, 0xCC, 0xFB, 0x61, 0xEF, 0x73, 0x4C, 0x10, 0xFC,
    0xD8, 0x2D, 0x43, 0xB3, 0x42, 0x7D, 0xBE, 0x47, 0x21, 0x23, 0x16, 0x89, 0xF8, 0x6F, 0x12, 0x3C,
    0xA0, 0xD8, 0xFB, 0x74, 0xFC, 0x09, 0xDB, 0x5B, 0xFC, 0x9A, 0xFE, 0x9D, 0xB6, 0x70, 0x37, 0x65,
    0x32, 0xC5, 0x27, 0xF6, 0x26, 0xA0, 0x12, 0x9C, 0xDF, 0x25, 0xA0, 0xE6, 0xDE, 0x0B, 0x28, 0x40,
    0x51, 0xF9, 0x54, 0x91, 0x9C, 0x0A, 0x65, 0x4E, 0xE5, 0xE5, 0xBD, 0x66, 0x40, 0x60, 0x84, 0xAE,
    0xE7, 0x3F, 0x5D, 0xD5, 0xF3, 0xDB, 0xE5, 0xEF, 0x97, 0xE3, 0x38, 0x56, 0x9C, 0x4B, 0xD2, 0xCA,
    0xF3, 0xAA, 0xEE, 0x38, 0xA1, 0xBE, 0x53, 0xAE, 0x3A, 0xFC, 0x70, 0xCE, 0xBD, 0x66, 0x73, 0x55,
    0x76, 0x66, 0xDF, 0x61, 0xC8, 0x07, 0xBF, 0x4C, 0xFA, 0xAB, 0xE6, 0xCA, 0xE4, 0xD4, 0x1F, 0xA5,
    0x59, 0xC1, 0xAA, 0xF5, 0x2C, 0x0C, 0x1C, 0xC8, 0x36, 0xE0, 0xAB, 0x04, 0xDC, 0x16, 0x7C, 0x75,
    0xE1, 0x6C, 0xFB, 0x30, 0xC2, 0xBF, 0x15, 0xFA, 0x37, 0x48, 0xB8, 0x9E, 0xA1, 0x39, 0x5D, 0x7C,
    0x33, 0x8B, 0x7B, 0x2E, 0x33, 0xB1, 0xAD, 0x9A, 0xD4, 0x2A, 0x50, 0x80, 0x01, 0xB4, 0x69, 0x70,
    0xB6, 0x61, 0x58, 0x6C, 0x13, 0x37, 0xD4, 0xD4, 0x80, 0x4C, 0x0F, 0xB8, 0x2E, 0x10, 0xE7, 0x94,
    0xC0, 0x01, 0xC7, 0x28, 0x88, 0x78, 0xE6, 0x0E, 0x19, 0xAA, 0x7B, 0xFB, 0xAA, 0x32, 0x76, 0xBD,
    0x0C, 0xD3, 0x9B, 0xEB, 0x6E, 0xD5, 0x6E, 0x96, 0x6F, 0x7D, 0xA2, 0x7F, 0xB3, 0xEC, 0xF7, 0x9F,
    0xE8, 0x1B, 0xE6, 0x7E, 0x6B, 0x8E, 0xD2, 0x77, 0xB9, 0x75, 0x5B, 0x9C, 0xF6, 0x59, 0xEC, 0x5F,
    0xF1, 0xD6, 0x17, 0x9B, 0xEB, 0x8B, 0x6F, 0xFD, 0x23, 0x7B, 0xFF, 0xD8, 0xE1, 0xD1, 0x15, 0x15,
    0x07, 0xAA, 0xB7, 0x66, 0xA6, 0xB8, 0x11, 0xE3, 0x63, 0x6A, 0xC7, 0xCD, 0xD3, 0xCE, 0xAA, 0x55,
    0x8F, 0x9B, 0x4B, 0x8F, 0x9E, 0x30, 0x31, 0xD1, 0x1B, 0x62, 0x62, 0xFE, 0x74, 0x82, 0x82, 0x1D,
    0x26, 0xCC, 0x76, 0xB9, 0x2F, 0x74, 0xE9, 0x6A, 0x6A, 0xDE, 0x5A, 0x9B, 0xA6, 0x8B, 0xD8, 0xD0,
    0x46, 0x8C, 0x7F, 0xA8, 0x6D, 0x90, 0xAE, 0xCE, 0x44, 0x7F, 0x1D, 0x7F, 0x4C, 0x51, 0xE7, 0x82,
    0xC7, 0x5F, 0x57, 0x97, 0x2E, 0x21, 0xBF, 0xCD, 0x3F, 0xEF, 0x71, 0x3D, 0xF5, 0x94, 0x21, 0xC3,
    0xFF, 0xFA, 0xFF, 0x3C, 0x7F, 0x70, 0xB3, 0x0C, 0x18, 0x14, 0x34, 0x7F, 0xF2, 0xFE, 0x05, 0xD4,
    0xA4, 0xE7, 0x7A, 0x20, 0x1B, 0xBF, 0x80, 0x4C, 0xD1, 0x3F, 0x3A, 0x28, 0x5E, 0x4D, 0x8F, 0x1B,
    0xF5, 0xAC, 0x27, 0xF7, 0x7F, 0xE8, 0x31, 0x3A, 0x41, 0x7E, 0xBE, 0x6F, 0x16, 0xEE, 0x7F, 0x65,
    0x26, 0xE3, 0x87, 0xE0, 0x43, 0xFB, 0xA1, 0x71, 0xFB, 0x58, 0xB3, 0x89, 0xB8, 0xE1, 0x65, 0x7E,
    0xF6, 0x32, 0xED, 0x13, 0x8C, 0x5C, 0xE5, 0xE7, 0x57, 0xF3, 0xB1, 0xF8, 0x9B, 0xA9, 0xA4, 0x13,
    0xDB, 0x05, 0x81, 0x3C, 0xE8, 0x47, 0x39, 0xA1, 0x4E, 0x9A, 0x3F, 0xC4, 0x76, 0xED, 0xFA, 0x47,
    0x99, 0xD7, 0x57, 0xFB, 0x0D, 0x9C, 0xDF, 0x32, 0x1F, 0xC7, 0x4F, 0xED, 0x5C, 0x6C, 0xFA, 0xA5,
    0xE3, 0x77, 0x7E, 0x95, 0x6E, 0x06, 0x85, 0x96, 0x09, 0x75, 0x72, 0x7D, 0xB2, 0x51, 0xD5, 0xD9,
    0xB4, 0xEA, 0xA2, 0x51, 0x7D, 0x5C, 0xAD, 0x96, 0x19, 0xB3, 0x2F, 0xFA, 0x8F, 0x73, 0xE4, 0x76,
    0x46, 0x2F, 0x05, 0x54, 0x86, 0x6E, 0xF7, 0x46, 0xF3, 0x8B, 0xE6, 0x50, 0xB8, 0x5A, 0xE8, 0x69,
    0x0D, 0x60, 0xC8, 0x76, 0x6F, 0x3E, 0x7E, 0x26, 0x78, 0x98, 0x83, 0xAB, 0x15, 0xBE, 0x7E, 0x8C,
    0x61, 0x54, 0x80, 0xC8, 0x7F, 0x8E, 0x8F, 0x0A, 0xF0, 0x18, 0x4F, 0x19, 0x0E, 0x6C, 0x15, 0x20,
    0xD1, 0xB9, 0x06, 0x50, 0xFE, 0xD3, 0xF3, 0x51, 0xFE, 0x13, 0xB8, 0x02, 0xB0, 0xCE, 0x15, 0x80,
    0xF5, 0xF2, 0x36, 0x3E, 0x11, 0x99, 0xC4, 0xD7, 0x71, 0x68, 0x68, 0x87, 0xD6, 0xF1, 0x58, 0x03,
    0x60, 0xE0, 0xFE, 0x4F, 0x6B, 0xC0, 0x0E, 0xCA, 0x61, 0x81, 0x40, 0x71, 0x84, 0xE4, 0xEE, 0x55,
    0x03, 0xB8, 0x0A, 0x50, 0x7C, 0x54, 0x80, 0xBC, 0x7F, 0x38, 0xFF, 0x37, 0x9D, 0x2B, 0x00, 0x21,
    0xCB, 0xFF, 0x40, 0x96, 0xFF, 0x54, 0x03, 0x26, 0xE5, 0x3F, 0x8F, 0x9F, 0x52, 0xFE, 0x53, 0x0D,
    0xE0, 0xFC, 0xE1, 0x1A, 0x50, 0x26, 0xE5, 0x3F, 0xD5, 0x80, 0xC6, 0xF9, 0x9F, 0xD4, 0x80, 0xE8,
    0xBF, 0x58, 0x61, 0xE4, 0xF9, 0xE5, 0x41, 0xB9, 0xEE, 0x30, 0x5C, 0xB0, 0x6D, 0xFE, 0x2C, 0x42,
    0x31, 0x7E, 0xAD, 0x01, 0x19, 0x6B, 0x0D, 0xD8, 0x06, 0xAD, 0xFF, 0x68, 0xFE, 0xF9, 0xDD, 0x72,
    0xFE, 0xAE, 0x99, 0x22, 0xC9, 0xFA, 0x2E, 0x9E, 0x80, 0x75, 0xEA, 0x7A, 0x6F, 0xD7, 0x76, 0x5A,
    0x2F, 0x78, 0x58, 0x03, 0x4E, 0x5E, 0xFF, 0x05, 0x68, 0x05, 0x38, 0x5F, 0xFB, 0x27, 0x30, 0x4A,
    0x5E, 0x3F, 0x62, 0x7C, 0xD2, 0xFA, 0x13, 0xB9, 0x9E, 0xE7, 0x57, 0x40, 0xBF, 0xB0, 0xF2, 0x2B,
    0x7B, 0xFF, 0xD5, 0x53, 0x0D, 0x0C, 0xE4, 0xBA, 0xA0, 0x8D, 0x5F, 0xEF, 0x3F, 0xBD, 0xD9, 0xBA,
    0x42, 0x51, 0x86, 0x3A, 0x78, 0xFD, 0x75, 0xD8, 0xA7, 0xA2, 0xA2, 0xCD, 0x0A, 0xA7, 0x7D, 0x2C,
    0x6E, 0x9E, 0x3C, 0x6D, 0xB2, 0x1E, 0x33, 0x40, 0x4C, 0x4C, 0xB5, 0x1C, 0x5E, 0xFD, 0x9D, 0x20,
    0xFC, 0x39, 0x58, 0x5F, 0x63, 0x57, 0xED, 0xA6, 0xB6, 0xE3, 0x48, 0xE2, 0x2D, 0x1C, 0x0F, 0xF1,
    0x65, 0xAE, 0xD5, 0x0D, 0xBA, 0x0C, 0xBE, 0xFE, 0xEE, 0x11, 0x5B, 0x75, 0x8E, 0xF5, 0x7A, 0x55,
    0xA9, 0x62, 0x67, 0x33, 0x9B, 0x75, 0xA1, 0xEE, 0x7A, 0x78, 0x76, 0xC7, 0xFE, 0x7E, 0xE2, 0xF5,
    0xAD, 0xFF, 0x32, 0xD8, 0xE6, 0xD8, 0xDF, 0x7F, 0xAC, 0x03, 0x54, 0x77, 0xB9, 0x7E, 0xE7, 0x3E,
    0x7A, 0xF7, 0xB4, 0x99, 0xBF, 0x7F, 0xA2, 0x7E, 0x3C, 0xE9, 0x56, 0xCC, 0x1C, 0xDA, 0x9D, 0xC2,
    0xA5, 0x75, 0x5B, 0x63, 0x87, 0x63, 0xE9, 0xC7, 0x21, 0xF2, 0x16, 0x1F, 0x1E, 0x8E, 0xDF, 0xA1,
    0x3E, 0xEB, 0x3E, 0xCE, 0x5A, 0xEB, 0xE1, 0xE3, 0xAC, 0xC6, 0x7D, 0xA0, 0xB9, 0xBE, 0xC6, 0x54,
    0x36, 0xAE, 0xFE, 0x09, 0xB0, 0x27, 0x74, 0xEF, 0x93, 0x22, 0x1D, 0x06, 0xFF, 0x7D, 0x2C, 0x65,
    0xB1, 0x6C, 0xF3, 0x9B, 0x5D, 0xA1, 0xC7, 0x5B, 0xF7, 0x3D, 0x7F, 0xD9, 0x45, 0x3A, 0xAF, 0xEF,
    0x51, 0xA2, 0x16, 0x82, 0x3D, 0xB9, 0x2E, 0x8A, 0x61, 0xA6, 0xA7, 0x88, 0xF4, 0xAD, 0xF5, 0xDE,
    0x3A, 0x95, 0x12, 0xEE, 0xF8, 0x8F, 0x20, 0x47, 0xE9, 0x86, 0xF2, 0x53, 0x87, 0x49, 0x47, 0xAE,
    0xC3, 0x46, 0x2F, 0x78, 0x83, 0x00, 0xD0, 0x0E, 0xB9, 0xA9, 0x5D, 0xFF, 0xEA, 0x22, 0xD0, 0x4F,
    0x88, 0x6D, 0xCE, 0xE5, 0xF9, 0x68, 0x77, 0xFF, 0x1F, 0x3C, 0xB6, 0x1B, 0x3E, 0xBD, 0x47, 0x3D,
    0x0F, 0xA1, 0x01, 0x53, 0xB0, 0x61, 0xFC, 0xD7, 0xD1, 0x7B, 0x77, 0x3F, 0xF2, 0xEF, 0xCB, 0x02,
    0x85, 0x21, 0x5F, 0x7F, 0x86, 0xEE, 0x80, 0xA2, 0x41, 0xB1, 0xD5, 0xD7, 0x83, 0xF3, 0x2F, 0x5C,
    0xE1, 0x70, 0x9D, 0xD6, 0xEE, 0xA7, 0x59, 0x3B, 0x0D, 0x41, 0xE4, 0xEB, 0xC3, 0xF3, 0xB0, 0xEA,
    0xCE, 0x68, 0x56, 0x5F, 0xBF, 0xEF, 0xD9, 0x43, 0xBA, 0x5C, 0x82, 0xC5, 0x36, 0xE2, 0x17, 0x23,
    0x3C, 0xE1, 0xE0, 0x6F, 0x0B, 0xFE, 0x82, 0xC2, 0x00, 0x79, 0xC2, 0x41, 0x7A, 0xB6, 0x7F, 0x20,
    0x90, 0xE4, 0xFB, 0x82, 0xF4, 0x64, 0x7F, 0xA1, 0x97, 0xE4, 0xFB, 0x83, 0xF4, 0x6C, 0xFF, 0xC0,
    0x49, 0xF5, 0x8F, 0xF5, 0xBD, 0x7E, 0xD6, 0x9B, 0xAD, 0x57, 0x73, 0x9A, 0x9A, 0x80, 0x60, 0xE5,
    0xCF, 0xC1, 0xBA, 0x96, 0x66, 0x6A, 0x3E, 0xF3, 0x0B, 0xB4, 0xAB, 0xA9, 0xEA, 0xD2, 0xC9, 0x93,
    0xE9, 0xB3, 0x68, 0x12, 0x4F, 0x1E, 0xD6, 0xF3, 0xFD, 0x8D, 0xC2, 0xFD, 0xBF, 0x3B, 0x58, 0xB7,
    0x66, 0xE6, 0x68, 0xC3, 0x2C, 0x10, 0xDA, 0xEE, 0xD9, 0x1D, 0xBC, 0xB6, 0xE3, 0x1D, 0x3E, 0x08,
    0x8E, 0x47, 0xCF, 0x64, 0x5D, 0xD7, 0xDA, 0x7B, 0xA3, 0x0E, 0xE9, 0x7B, 0x34, 0xBB, 0x48, 0xE7,
    0xFA, 0x9B, 0xCE, 0x1F, 0x53, 0xD2, 0xF3, 0xFD, 0x97, 0xC1, 0x49, 0x46, 0x9E, 0xD0, 0x69, 0x7F,
    0x66, 0x73, 0x10, 0x54, 0x97, 0xE3, 0xC1, 0x43, 0xF1, 0x65, 0xBE, 0xC4, 0x87, 0xA3, 0x67, 0xFB,
    0x3B, 0xD9, 0xF8, 0x87, 0x83, 0xF5, 0xEB, 0x54, 0x42, 0xB9, 0x42, 0x27, 0x0F, 0xE9, 0xE9, 0xFE,
    0x50, 0xE1, 0x78, 0x72, 0x2C, 0x9D, 0xB4, 0xAA, 0xF5, 0x56, 0x45, 0xC5, 0x5B, 0x20, 0xEC, 0x0E,
    0xD6, 0xCD, 0x49, 0x5F, 0x08, 0x20, 0xB0, 0xE3, 0x69, 0xFF, 0xA7, 0xAC, 0x7D, 0x66, 0x95, 0xA8,
    0x6E, 0xEC, 0x09, 0x07, 0xE9, 0x8F, 0xF1, 0x1D, 0x3D, 0x8F, 0x0F, 0x3D, 0xDF, 0x7F, 0x8F, 0x79,
    0x51, 0x66, 0xB6, 0x3F, 0x1B, 0xB3, 0x42, 0x46, 0xBA, 0x7F, 0x43, 0xF5, 0xF1, 0xD8, 0xEB, 0xBB,
    0x62, 0xB0, 0x27, 0x1C, 0xA1, 0xA7, 0xFB, 0xAF, 0xDB, 0xFB, 0x95, 0x3D, 0xAC, 0x73, 0x7D, 0xCA,
    0xAE, 0x4F, 0x8E, 0xD0, 0x93, 0x78, 0xBE, 0x3E, 0xC5, 0x87, 0x9E, 0xCF, 0xCF, 0x83, 0xF3, 0x9B,
    0x1C, 0xBB, 0xCE, 0xFB, 0xCB, 0xC9, 0xF5, 0x37, 0x07, 0xE9, 0x32, 0x78, 0x7C, 0x65, 0x6C, 0x5F,
    0x9F, 0xE9, 0xF9, 0x41, 0x38, 0x92, 0xFD, 0xC5, 0xD8, 0x5B, 0x48, 0xE3, 0xC3, 0x93, 0xC5, 0x07,
    0xE4, 0xD2, 0xF5, 0xF5, 0x7D, 0x45, 0x1D, 0xB7, 0x0B, 0x04, 0x5F, 0x7F, 0xE3, 0x53, 0x96, 0xE3,
    0x53, 0xE6, 0x7E, 0x77, 0xF9, 0xF9, 0x42, 0x78, 0x7E, 0xEF, 0x3F, 0xAE, 0x9A, 0xB4, 0x56, 0x39,
    0x51, 0xA7, 0x40, 0x28, 0x63, 0x77, 0x94, 0x41, 0xCF, 0x9F, 0xC6, 0x87, 0x27, 0x8F, 0xCF, 0xF3,
    0x8B, 0x3C, 0x94, 0x5F, 0xA1, 0xE5, 0xE7, 0x23, 0xE4, 0x49, 0xF7, 0x4F, 0xDB, 0x84, 0xA1, 0x0B,
    0x64, 0x40, 0x9D, 0xF6, 0xB0, 0xFE, 0x2C, 0xE4, 0x89, 0x5E, 0x4D, 0xCF, 0x5F, 0x02, 0xE1, 0x21,
    0x47, 0xDC, 0xDB, 0x5B, 0x7C, 0x78, 0xF2, 0xF8, 0xFC, 0xFC, 0x84, 0x3D, 0xAC, 0xFF, 0xEB, 0xF7,
    0x2F, 0xB7, 0xCD, 0xF1, 0xE4, 0x09, 0x07, 0xE9, 0x4B, 0xDB, 0xCE, 0x07, 0x36, 0x9D, 0x3D, 0x32,
    0xBF, 0xF5, 0x32, 0xDF, 0xCF, 0x67, 0xF2, 0xFD, 0x25, 0xFF, 0xFF, 0x2D, 0xDE, 0x3D, 0x59, 0x7C,
    0x29, 0xF6, 0x1A, 0x1F, 0x9E, 0xEC, 0xFA, 0x6F, 0xE7, 0x3B, 0xEC, 0x09, 0xC7, 0xEF, 0xF3, 0xC9,
    0x83, 0x2D, 0xEE, 0x61, 0x9D, 0xDB, 0x7E, 0x3A, 0xDF, 0x21, 0x4F, 0x53, 0xD6, 0x93, 0xEF, 0x1F,
    0xEF, 0x85, 0x4E, 0x9E, 0x44, 0x4F, 0xCE, 0xC7, 0x14, 0x96, 0xAF, 0x9F, 0x42, 0xE7, 0xF8, 0x36,
    0xD5, 0xF2, 0xFD, 0xF5, 0x70, 0x84, 0xFE, 0x3F, 0xCD, 0x96, 0xE1, 0x6A, 0xE4, 0x30, 0x0C, 0x84,
    0x07, 0xF4, 0x77, 0x41, 0xAF, 0xD2, 0x07, 0x08, 0xE8, 0xD5, 0x07, 0xF6, 0xEF, 0x41, 0x5E, 0x45,
    0xD0, 0xBF, 0x82, 0x39, 0x64, 0x87, 0x4D, 0x68, 0xAE, 0xD7, 0x2E, 0x5B, 0xEE, 0xA2, 0x5A, 0xDF,
    0x38, 0x35, 0xC8, 0x19, 0xB9, 0xD4, 0x91, 0x54, 0x80, 0x17, 0x82, 0xB0, 0xDC, 0x06, 0x6A, 0x30,
    0x0E, 0x74, 0x1E, 0x98, 0xDF, 0x26, 0x77, 0x06, 0x76, 0xD6, 0xDC, 0x68, 0xDB, 0x57, 0x52, 0xE1,
    0x11, 0x71, 0xA2, 0x11, 0x10, 0x01, 0xFF, 0x73, 0x6A, 0xA5, 0x51, 0x74, 0x04, 0x03, 0xCE, 0x05,
    0xCE, 0xC2, 0x39, 0x05, 0x67, 0x20, 0x18, 0x14, 0x5D, 0x6B, 0x41, 0x8E, 0x11, 0xC7, 0x52, 0x62,
    0x28, 0xBD, 0x60, 0x9A, 0xEF, 0xF9, 0x3C, 0x25, 0xCD, 0xF9, 0xF3, 0x9C, 0xFB, 0xCE, 0x77, 0xC0,
    0x16, 0xCE, 0x23, 0xBF, 0xEC, 0x05, 0xFC, 0x2E, 0xF8, 0x2A, 0x7A, 0x79, 0x7A, 0x5A, 0x3A, 0xBF,
    0x97, 0xAA, 0x10, 0x3A, 0x2C, 0x1F, 0xA9, 0xB1, 0x51, 0xCD, 0x5F, 0xFE, 0x24, 0x6E, 0x0F, 0x2C,
    0x8D, 0xF4, 0x82, 0xA7, 0xA4, 0x87, 0xED, 0x3A, 0x62, 0x1C, 0xEE, 0x37, 0x7F, 0x54, 0xC0, 0x9C,
    0x45, 0x4F, 0x1B, 0x33, 0x2E, 0xE2, 0x45, 0xCA, 0x6D, 0x65, 0x81, 0x17, 0xF0, 0xC2, 0x70, 0x11,
    0xD8, 0x1F, 0xFF, 0x9B, 0x41, 0x29, 0x37, 0x24, 0x22, 0x61, 0x2F, 0x8C, 0x10, 0x70, 0xE8, 0x51,
    0x00, 0x38, 0x49, 0xC7, 0x5C, 0x95, 0x57, 0x4B, 0x5A, 0x8B, 0x68, 0xDA, 0x65, 0xA5, 0x05, 0x60,
    0x2D, 0x1C, 0xE2, 0x84, 0x3B, 0xCD, 0x73, 0x13, 0xDC, 0x9C, 0x66, 0x85, 0x65, 0x17, 0x14, 0xB2,
    0x45, 0x53, 0x02, 0x1C, 0x72, 0xDF, 0x04, 0x2D, 0xFE, 0x3E, 0x45, 0x43, 0xAC, 0x76, 0x71, 0x0E,
    0xFB, 0x2A, 0xA4, 0x49, 0x5B, 0xFB, 0x3E, 0xCA, 0x9C, 0x53, 0x08, 0x42, 0xAB, 0xEE, 0x4A, 0x78,
    0xB9, 0xBA, 0x40, 0xBB, 0x18, 0xE5, 0xF2, 0x75, 0x51, 0x85, 0x5C, 0xBC, 0x7E, 0x97, 0x1E, 0x11,
    0x27, 0xF9, 0x67, 0x5D, 0xC2, 0x8C, 0x4F, 0x4E, 0xAC, 0x4E, 0xEC, 0x10, 0x61, 0x4A, 0x9F, 0xD7,
    0x59, 0x01, 0x37, 0x98, 0x0E, 0x0C, 0x36, 0x3D, 0x77, 0x5A, 0x35, 0xA1, 0x49, 0x36, 0x63, 0xD0,
    0xB3, 0x69, 0x35, 0xA8, 0x26, 0x26, 0xE3, 0x57, 0xD3, 0xAB, 0x69, 0x07, 0xA2, 0xE0, 0x04, 0x16,
    0x68, 0xEC, 0x0B, 0xE7, 0x9E, 0x5B, 0xDB, 0xB4, 0x8A, 0x9E, 0x9E, 0xCE, 0xE7, 0xFE, 0xFD, 0x5F,
    0xC7, 0xD5, 0xE7, 0x97, 0xDF, 0xD1, 0xDD, 0x8B, 0x97, 0xDB, 0xD5, 0xDC, 0xBA, 0x34, 0xF9, 0xBA,
    0x4F, 0x93, 0xD8, 0x29, 0x89, 0x80, 0xA7, 0xD7, 0xB4, 0x3C, 0x18, 0xDC, 0xE9, 0x27, 0xC6, 0x24,
    0x60, 0x69, 0x35, 0x2B, 0xF5, 0x5C, 0x68, 0x06, 0x9B, 0x9E, 0x3B, 0xED, 0x58, 0x59, 0xC7, 0xCA,
    0x39, 0x8C, 0x17, 0xC6, 0xAB, 0xF0, 0xB3, 0x8F, 0x3B, 0xBB, 0x53, 0x6B, 0xFA, 0x38, 0x08, 0xE7,
    0xDF, 0x86, 0x6A, 0x1E, 0xE0, 0x36, 0x10, 0x2A, 0x4C, 0x6E, 0x71, 0x7D, 0xB3, 0xF3, 0x62, 0x7B,
    0xC5, 0xF5, 0xE5, 0x3C, 0x1E, 0x4F, 0x21, 0x33, 0xDE, 0xCB, 0x54, 0x56, 0xCF, 0x5C, 0xF3, 0x51,
    0x6F, 0xB6, 0xFD, 0x99, 0x07, 0xD0, 0xF9, 0x16, 0xC0, 0x12, 0x04, 0x22, 0x81, 0xE1, 0x54, 0x04,
    0x54, 0x40, 0x68, 0x3E, 0xEC, 0x2B, 0x45, 0x60, 0x64, 0x02, 0x55, 0x40, 0x46, 0xBB, 0xCA, 0xE0,
    0x12, 0x3A, 0x7D, 0xDD, 0x7B, 0x71, 0x71, 0xA6, 0x31, 0xC1, 0x02, 0x35, 0xEA, 0xB8, 0x00, 0x11,
    0x9E, 0xB4, 0x24, 0x32, 0x91, 0x65, 0x5C, 0xF5, 0xB1, 0xED, 0x2A, 0xA1, 0xAC, 0x12, 0x85, 0x65,
    0x80, 0x28, 0xDC, 0x06, 0x80, 0x02, 0x7E, 0x08, 0x26, 0x00, 0xDB, 0xE7, 0xFF, 0x79, 0x95, 0x3D,
    0x8C, 0x70, 0x42, 0x6A, 0x7E, 0x35, 0xE8, 0x82, 0x25, 0x8E, 0x5E, 0x7E, 0x03, 0xD5, 0x99, 0xCB,
    0x8A, 0xE3, 0x30, 0x10, 0x45, 0x0F, 0xD4, 0x56, 0x50, 0xBF, 0x22, 0xE8, 0xAD, 0x41, 0xBF, 0x5E,
    0xD0, 0xDB, 0x79, 0xFC, 0x4A, 0x41, 0x6F, 0x0B, 0x6A, 0xDA, 0xB2, 0x10, 0x71, 0x1A, 0xF7, 0x33,
    0x66, 0x12, 0x69, 0x74, 0x09, 0x7E, 0x8C, 0x7D, 0x4F, 0xC5, 0x57, 0x56, 0x1A, 0x14, 0x18, 0x4A,
    0xDB, 0xD4, 0xA6, 0x92, 0x0E, 0xF0, 0xD2, 0xF5, 0x79, 0x55, 0xB1, 0x58, 0x95, 0x55, 0x95, 0xEC,
    0xDA, 0x80, 0xD2, 0x75, 0xA1, 0xD9, 0xAA, 0x6A, 0x90, 0x99, 0x0E, 0x8E, 0x3A, 0x62, 0xC8, 0xA6,
    0x81, 0x32, 0x94, 0xA4, 0x75, 0x4D, 0x47, 0xD3, 0x19, 0x4D, 0x6D, 0xAF, 0x92, 0x86, 0x8A, 0xD3,
    0x88, 0x3E, 0x16, 0x02, 0x34, 0x20, 0x02, 0xB1, 0x40, 0xC7, 0xB6, 0xDE, 0x25, 0xC8, 0x12, 0xD6,
    0x22, 0x4D, 0xBD, 0x31, 0x4D, 0x8D, 0x51, 0x29, 0x14, 0x2A, 0x62, 0xA5, 0x96, 0x5A, 0x5F, 0xA5,
    0xC5, 0xAA, 0x6B, 0x67, 0x6B, 0x46, 0xA5, 0x62, 0xA0, 0x5E, 0x0B, 0x45, 0xB7, 0xFD, 0x8B, 0xFE,
    0x82, 0x37, 0xA0, 0x02, 0x40, 0x8C, 0xB9, 0x79, 0x81, 0xD9, 0x94, 0x2B, 0x8A, 0xE2, 0x1B, 0x33,
    0x05, 0x0A, 0xC2, 0x68, 0xF7, 0x54, 0x81, 0x05, 0x08, 0x10, 0x07, 0x1D, 0x76, 0x1C, 0xA6, 0xB5,
    0x1C, 0xD5, 0x78, 0x76, 0x16, 0x96, 0x4E, 0x73, 0xB4, 0x9F, 0x55, 0x49, 0x2F, 0x0A, 0x2F, 0x7E,
    0x41, 0x52, 0x19, 0x84, 0x1F, 0x98, 0xEA, 0x02, 0xB4, 0x61, 0x0F, 0x1F, 0xD6, 0xF4, 0x7C, 0xAA,
    0x54, 0x8A, 0xD4, 0x62, 0x4F, 0xAF, 0xA3, 0x58, 0x7D, 0x6D, 0xCD, 0xEB, 0x68, 0x30, 0x68, 0xFD,
    0x92, 0x5A, 0xCA, 0xC1, 0x77, 0x5D, 0x5C, 0x00, 0x0D, 0x05, 0x16, 0x0D, 0xA0, 0x8A, 0x3F, 0x72,
    0x25, 0xC4, 0x05, 0x0D, 0xED, 0x66, 0xAA, 0xF8, 0xD9, 0x15, 0x78, 0x40, 0x46, 0xC7, 0x29, 0x7C,
    0xCC, 0xE9, 0x96, 0x09, 0xFD, 0xA5, 0x84, 0x2D, 0x14, 0x40, 0xFB, 0x26, 0x31, 0x5F, 0x35, 0x57,
    0x25, 0xED, 0xB1, 0xB2, 0xB5, 0x50, 0xBA, 0x0D, 0x31, 0xDF, 0x2C, 0xA4, 0x71, 0x7E, 0xA6, 0x3E,
    0x26, 0x47, 0x1D, 0xA6, 0xE4, 0x32, 0x49, 0xC5, 0x4E, 0xE3, 0x28, 0x60, 0x7F, 0x4B, 0x73, 0xE1,
    0x20, 0x45, 0x0D, 0x13, 0x6A, 0x55, 0xFB, 0x7A, 0x8A, 0x3E, 0x0A, 0xFB, 0x83, 0xFC, 0x3C, 0x8D,
    0xF9, 0x43, 0x51, 0x39, 0x48, 0xCC, 0x93, 0xC8, 0x5C, 0xA5, 0x65, 0xBE, 0x36, 0xD7, 0x40, 0x5D,
    0x1C, 0xBA, 0xD4, 0x29, 0xEC, 0x44, 0xA6, 0x28, 0x92, 0x99, 0xFD, 0xD3, 0x7E, 0x07, 0x53, 0x28,
    0x53, 0x96, 0x55, 0xB6, 0x6B, 0x64, 0xE6, 0xB4, 0x1B, 0x3B, 0x49, 0xD3, 0x67, 0x5F, 0x88, 0x85,
    0xE6, 0xB4, 0x01, 0x10, 0x1C, 0x02, 0x02, 0x69, 0x68, 0xF3, 0x45, 0xD3, 0xC9, 0x71, 0xF6, 0xD8,
    0x31, 0x9E, 0x9F, 0x16, 0x95, 0xB5, 0x37, 0xAF, 0x8C, 0x4F, 0x01, 0xCC, 0xFD, 0xB0, 0x3D, 0x5D,
    0xB5, 0x8C, 0x23, 0x8B, 0xFA, 0x60, 0x51, 0x21, 0xCD, 0x11, 0x4B, 0x43, 0x18, 0x88, 0xFE, 0x07,
    0x18, 0x71, 0xD1, 0xD0, 0x45, 0xA3, 0x8A, 0xF3, 0x75, 0x26, 0xCB, 0xE0, 0x82, 0x38, 0xA0, 0x73,
    0x93, 0xEF, 0xBF, 0xF0, 0xCD, 0x80, 0xF4, 0xF1, 0x26, 0xA1, 0x28, 0x14, 0xE4, 0xBF, 0x99, 0x86,
    0x05, 0x62, 0x3B, 0x9B, 0x05, 0xE6, 0x44, 0x93, 0xC8, 0x00, 0xB0, 0x54, 0x0A, 0xF0, 0x45, 0x24,
    0xC3, 0x7D, 0x9B, 0xCF, 0x14, 0x3E, 0x91, 0xE8, 0x5D, 0x23, 0x59, 0xA0, 0x81, 0x1A, 0x6C, 0x74,
    0xF4, 0x76, 0x48, 0xAA, 0x94, 0xF2, 0xAB, 0xD6, 0xA3, 0xA7, 0x85, 0x4A, 0x91, 0x52, 0xBC, 0xD6,
    0x83, 0xA7, 0x45, 0xAD, 0x40, 0xF3, 0x05, 0xBC, 0x39, 0x98, 0xDA, 0x3D, 0x83, 0x54, 0x2B, 0xCD,
    0x17, 0x6F, 0x6E, 0x6A, 0x37, 0x43, 0x88, 0x03, 0x12, 0x80, 0x26, 0xD0, 0xB6, 0x3A, 0x39, 0x18,
    0x15, 0xE0, 0x4E, 0x32, 0xF5, 0xC8, 0xEE, 0x37, 0x83, 0x76, 0xFE, 0xAC, 0xA1, 0x81, 0xED, 0xBB,
    0x06, 0xEC, 0xA3, 0x56, 0xDE, 0xEE, 0x27, 0x73, 0xFD, 0x20, 0xFE, 0xCD, 0x7F, 0x1A, 0x64, 0x1A,
    0x5C, 0x6C, 0xB1, 0xB5, 0x33, 0x9B, 0x5A, 0x9A, 0x1E, 0xF4, 0x0C, 0x18, 0xC7, 0x4B, 0x06, 0xD0,
    0xAC, 0x19, 0x8C, 0xFB, 0x81, 0x40, 0x0D, 0xDA, 0xD0, 0x06, 0xA8, 0x6D, 0x9A, 0xAB, 0xFA, 0x67,
    0xF4, 0xF2, 0xAC, 0xCB, 0xFF, 0x4D, 0x26, 0x5A, 0x1F, 0xD7, 0x1D, 0xF7, 0x70, 0xB4, 0x4E, 0x6A,
    0x36, 0x66, 0xF1, 0x46, 0x43, 0x6D, 0x41, 0x2D, 0x10, 0xBF, 0x1E, 0x0D, 0xB1, 0xB6, 0xB9, 0x42,
    0x7A, 0x66, 0xD8, 0xF5, 0xEC, 0x3E, 0x4B, 0xA2, 0x5E, 0xCB, 0xBE, 0xAB, 0x5F, 0x17, 0x4D, 0x7D,
    0xBF, 0xFF, 0xAC, 0x5F, 0xAB, 0xEE, 0xA9, 0x02, 0x3A, 0xAC, 0xC5, 0x66, 0x4B, 0x2F, 0x2C, 0xE9,
    0x30, 0x93, 0xDE, 0x8D, 0x28, 0xBA, 0x33, 0xF1, 0xA3, 0x2A, 0x7D, 0xB8, 0xB2, 0x7A, 0x64, 0xAA,
    0x07, 0xEB, 0xAB, 0xF3, 0xA9, 0x8E, 0xB9, 0xED, 0xF0, 0xBB, 0xBE, 0x9F, 0xDB, 0xF6, 0xFB, 0x8F,
    0xD7, 0x59, 0x0F, 0x5C, 0x89, 0xEB, 0xD5, 0xD6, 0xC9, 0x15, 0x78, 0x48, 0x46, 0x87, 0x29, 0x7C,
    0xCC, 0xE9, 0xA6, 0x09, 0x0D, 0xE0, 0xCC, 0x1C, 0x98, 0xEF, 0x29, 0x73, 0xB3, 0xED, 0x98, 0x2D,
    0xFD, 0xDE, 0xB3, 0xFB, 0xC8, 0xEE, 0xA9, 0x75, 0x7F, 0xD2, 0xB5, 0x74, 0xDF, 0x7E, 0x3E, 0xB3,
    0x8F, 0xD7, 0x1A, 0xCD, 0x14, 0xB1, 0x68, 0xA6, 0xB4, 0x66, 0x0D, 0xFD, 0xDB, 0x31, 0x59, 0x20,
    0x2F, 0x04, 0x12, 0xAB, 0xF8, 0x85, 0x34, 0xC4, 0xB6, 0x2B, 0xAB, 0x29, 0x1B, 0x2F, 0xDA, 0x05,
    0x8E, 0x06, 0x13, 0x10, 0xBB, 0xD0, 0xBC, 0x3B, 0x42, 0x1F, 0x2C, 0x3D, 0x6E, 0x4D, 0x48, 0xC0,
    0xF8, 0x25, 0xA2, 0xCF, 0x75, 0xA9, 0xBB, 0xA6, 0xB6, 0x9B, 0xE5, 0x0B, 0xF3, 0x98, 0xFD, 0x7E,
    0xB5, 0xC2, 0x78, 0xAF, 0xC7, 0x9B, 0x03, 0xA6, 0x76, 0x67, 0x54, 0x0F, 0x56, 0x1F, 0x37, 0x65,
    0x79, 0x47, 0x6E, 0x0F, 0x92, 0xE9, 0x86, 0x66, 0x77, 0x17, 0x98, 0x92, 0x69, 0x92, 0xAE, 0xC1,
    0xB8, 0xB5, 0x72, 0xA6, 0xC6, 0x58, 0xFD, 0x53, 0x21, 0xC1, 0xA1, 0xB9, 0x5E, 0x03, 0x68, 0x57,
    0x9A, 0xB6, 0x1E, 0x24, 0x9F, 0x1C, 0xEA, 0xEA, 0x4F, 0x2E, 0xF9, 0x92, 0xA4, 0x39, 0x00, 0xE2,
    0x73, 0x8C, 0x07, 0x83, 0x5A, 0x3E, 0x7E, 0x41, 0x9E, 0xFB, 0xF6, 0x7F, 0xCE, 0x95, 0x8B, 0xFA,
    0xB4, 0xEB, 0xE0, 0x56, 0x46, 0xDB, 0xB8, 0x46, 0xE7, 0x9A, 0xDD, 0xFD, 0xA6, 0xAD, 0xAB, 0x74,
    0x2D, 0x5D, 0xEB, 0xE9, 0x5C, 0x3F, 0x88, 0xEF, 0x81, 0x78, 0xE5, 0xF7, 0x12, 0x3A, 0xC4, 0xBB,
    0x94, 0x55, 0xEA, 0x2A, 0xB6, 0x0A, 0x6F, 0x44, 0x9D, 0x15, 0x37, 0x9D, 0xF7, 0x00, 0xEE, 0x8C,
    0xAB, 0x4D, 0x40, 0xB2, 0x0B, 0xF1, 0x3B, 0x23, 0xF4, 0x41, 0x7C, 0xDF, 0x9C, 0xD0, 0x8C, 0xEF,
    0xFA, 0xF4, 0x61, 0x7C, 0xEF, 0x8F, 0x71, 0xAD, 0x0C, 0xAA, 0x95, 0x41, 0x5B, 0x2C, 0x0D, 0x84,
    0x76, 0x87, 0x54, 0xC5, 0x05, 0x34, 0x74, 0xBC, 0x5E, 0x57, 0xF1, 0x5B, 0xB3, 0xBC, 0x1B, 0xB7,
    0x07, 0xE9, 0x75, 0x5B, 0xB3, 0xCC, 0x34, 0x9B, 0xF2, 0x85, 0x97, 0xA5, 0x4C, 0x27, 0x5D, 0x13,
    0xD4, 0x24, 0x40, 0x21, 0x61, 0x81, 0xB4, 0x6E, 0xC5, 0x30, 0x50, 0x97, 0xAE, 0x0A, 0x48, 0xAC,
    0x4A, 0x2E, 0x5D, 0x1D, 0xA0, 0x75, 0x55, 0xFB, 0xBA, 0x8E, 0x73, 0x25, 0xF3, 0xFD, 0x15, 0x63,
    0x86, 0x44, 0x33, 0x5C, 0xD7, 0xE1, 0x98, 0xB8, 0x98, 0x84, 0x18, 0x21, 0x10, 0x0A, 0xAD, 0x6C,
    0x43, 0x03, 0xD4, 0x47, 0xB0, 0xDB, 0x18, 0x6C, 0x43, 0x81, 0x71, 0x48, 0x73, 0x50, 0xBB, 0x23,
    0xF7, 0x07, 0xF3, 0xFC, 0x79, 0xCE, 0x7B, 0x8B, 0x39, 0xE6, 0x0F, 0x7B, 0x55, 0xAA, 0x94, 0xD7,
    0x26, 0x15, 0x9B, 0xFD, 0x70, 0x0A, 0x2C, 0x8B, 0xFC, 0xA2, 0x50, 0xD4, 0xDF, 0x5F, 0x37, 0xDF,
    0x0F, 0xE7, 0xB7, 0xAB, 0xE1, 0xF3, 0x18, 0xFF, 0x03, 0x9D, 0x97, 0x41, 0x8A, 0xF3, 0x30, 0x0C,
    0x85, 0x1F, 0x68, 0x2B, 0xD0, 0x55, 0x04, 0xDE, 0x1A, 0x7C, 0x75, 0x81, 0xB7, 0x86, 0x5E, 0x45,
    0x90, 0xAD, 0xC1, 0xBF, 0x9C, 0xBA, 0xA4, 0xA5, 0x4D, 0xFB, 0x67, 0x3E, 0xC9, 0x79, 0xB2, 0x9D,
    0xE7, 0x64, 0x42, 0x86, 0xB8, 0x78, 0xA2, 0x05, 0x21, 0x54, 0xBB, 0x2A, 0x58, 0x93, 0x69, 0x52,
    0x58, 0x4A, 0x15, 0xD9, 0xA9, 0x47, 0x7F, 0x4E, 0x32, 0x6A, 0x6D, 0x30, 0xCA, 0x5A, 0x2B, 0xAB,
    0x11, 0x0B, 0xCD, 0xF1, 0x14, 0xFC, 0xF6, 0x4F, 0x94, 0x0C, 0x0A, 0x70, 0x28, 0x87, 0x92, 0xBD,
    0xF9, 0x67, 0x7F, 0xAA, 0x17, 0x66, 0xD5, 0x5B, 0x09, 0x6D, 0x9A, 0x58, 0x86, 0x36, 0x3E, 0xE6,
    0x0F, 0x3D, 0xF3, 0x0F, 0x66, 0xD6, 0x26, 0x25, 0xB4, 0x25, 0x66, 0xF1, 0xDB, 0x77, 0xFF, 0xF8,
    0x23, 0x6B, 0x19, 0xFD, 0x1C, 0xF8, 0xC2, 0x18, 0xB3, 0xB1, 0x5A, 0x1F, 0x23, 0xE7, 0x31, 0x0A,
    0xB1, 0x1E, 0xD2, 0x4D, 0x99, 0xA1, 0x0A, 0x33, 0x42, 0x27, 0x1F, 0xD4, 0x23, 0x33, 0x3C, 0x63,
    0xD5, 0x25, 0x86, 0xB1, 0xCE, 0xF9, 0x3E, 0x18, 0x76, 0x23, 0x28, 0x8C, 0xA1, 0x28, 0xC0, 0x4B,
    0xE3, 0xA3, 0x0D, 0x2E, 0x36, 0xC6, 0xB0, 0xA9, 0xCF, 0xE3, 0x28, 0x27, 0x8D, 0x7F, 0xB7, 0xEB,
    0xD7, 0xBB, 0x78, 0xBE, 0xBC, 0x9E, 0x2F, 0x5E, 0xFA, 0x58, 0x94, 0x2E, 0x8E, 0x27, 0x18, 0x02,
    0x31, 0xF1, 0x68, 0x60, 0x7C, 0x67, 0xBD, 0x9A, 0xA7, 0x48, 0x96, 0x3C, 0x35, 0x03, 0x0E, 0xB2,
    0x01, 0xEA, 0x10, 0x5F, 0xB2, 0x06, 0x7F, 0xAD, 0xFA, 0xF2, 0xCE, 0x72, 0x28, 0x3F, 0xA9, 0x38,
    0xD9, 0x94, 0xDB, 0xB6, 0x39, 0x13, 0x8B, 0x6C, 0x9B, 0x35, 0x42, 0x91, 0xED, 0xF3, 0x3B, 0x2F,
    0x46, 0xC6, 0x3A, 0xF5, 0x58, 0xE7, 0x8A, 0x3F, 0xD4, 0xA5, 0x76, 0xE5, 0xB4, 0xB4, 0xD2, 0x68,
    0xA9, 0x5F, 0xFB, 0x9F, 0xA3, 0xAE, 0x8D, 0x76, 0x4D, 0x4C, 0xE4, 0xB7, 0xED, 0x9A, 0x5F, 0x6A,
    0xF8, 0x53, 0xF8, 0xD3, 0xE3, 0x3E, 0x70, 0xC5, 0xEF, 0x62, 0x1E, 0x3E, 0x09, 0x1F, 0x2B, 0x57,
    0x19, 0x4D, 0xFD, 0xDA, 0xFD, 0xC3, 0xB5, 0x91, 0x0C, 0x26, 0x4E, 0x4C, 0xE2, 0x37, 0xFF, 0xEA,
    0xC7, 0x2F, 0x06, 0xA0, 0x53, 0x69, 0x33, 0x71, 0x04, 0x62, 0xA3, 0x1B, 0x82, 0x02, 0x25, 0xAC,
    0x42, 0x30, 0xE9, 0x50, 0x7E, 0x14, 0x79, 0x15, 0xEE, 0x98, 0x38, 0xCC, 0xEE, 0x05, 0xD5, 0x47,
    0x41, 0x18, 0x88, 0xCC, 0x59, 0x62, 0xF1, 0x7D, 0x7D, 0x16, 0xF3, 0x48, 0x20, 0x17, 0x68, 0x24,
    0xA0, 0x8F, 0xC2, 0x3B, 0x34, 0x12, 0x64, 0x8F, 0x62, 0x2E, 0x1E, 0x09, 0x89, 0x66, 0x91, 0x60,
    0x38, 0x59, 0x24, 0x72, 0x14, 0x33, 0xA1, 0xC8, 0x79, 0xE6, 0x3C, 0x6B, 0xCF, 0x07, 0x8A, 0x16,
    0xA1, 0x3E, 0xBD, 0xDC, 0x52, 0xC0, 0x0D, 0x01, 0x99, 0xB8, 0x78, 0xB1, 0x82, 0x3C, 0x97, 0x87,
    0x81, 0xBC, 0x44, 0x8A, 0x0F, 0xB1, 0x5E, 0xF6, 0x4E, 0x17, 0x0B, 0x9F, 0x31, 0x1E, 0xC8, 0x28,
    0x3D, 0x69, 0x33, 0x9C, 0x20, 0x20, 0x83, 0x41, 0x71, 0x82, 0x7B, 0xCE, 0xCC, 0x44, 0x38, 0x61,
    0x78, 0xE9, 0xDC, 0x28, 0xE1, 0xBF, 0x21, 0xB0, 0xA9, 0x82, 0xF7, 0x27, 0x61, 0x62, 0x05, 0x1D,
    0x05, 0x62, 0x64, 0x70, 0x64, 0xF0, 0x5D, 0x64, 0x8E, 0x38, 0x3A, 0xB9, 0x98, 0xCC, 0x53, 0x61,
    0x38, 0xD0, 0xCA, 0x4C, 0xAA, 0x95, 0x94, 0x59, 0x2B, 0x5E, 0x01, 0xEB, 0x73, 0xDC, 0xFB, 0x78,
    0x42, 0x5C, 0x9B, 0x36, 0x34, 0x38, 0x2C, 0x02, 0xEB, 0x88, 0xD2, 0xF1, 0x67, 0x94, 0xC5, 0xC5,
    0x95, 0x71, 0x15, 0x86, 0xC2, 0xD6, 0x33, 0x79, 0xC6, 0xC8, 0x61, 0x00, 0x73, 0x29, 0x7C, 0xB2,
    0xEA, 0xBC, 0x22, 0x5E, 0xD1, 0x68, 0x0E, 0x90, 0xDD, 0x9B, 0xE0, 0xDE, 0xF2, 0x1C, 0x7E, 0x9F,
    0xCA, 0xEF, 0x53, 0x82, 0xF7, 0x29, 0xC3, 0x03, 0x74, 0xD8, 0x8A, 0x59, 0x1D, 0xF5, 0xA2, 0x80,
    0x56, 0x44, 0x75, 0xD4, 0x87, 0xBD, 0x53, 0xC0, 0xEC, 0x6E, 0x3B, 0x08, 0xE6, 0xF1, 0x41, 0x61,
    0x34, 0x34, 0xE2, 0xCC, 0xBA, 0x07, 0x82, 0xE7, 0x67, 0x9A, 0x7C, 0x1F, 0xD7, 0x64, 0x09, 0x33,
    0x26, 0xEF, 0xAF, 0x5E, 0xE9, 0xE0, 0x15, 0xFA, 0x88, 0xE3, 0x7D, 0x4D, 0x7D, 0x0F, 0x4F, 0x38,
    0xE2, 0x80, 0xBA, 0xB4, 0x19, 0xD4, 0xF1, 0x91, 0x62, 0xC9, 0x67, 0x14, 0xC3, 0x37, 0x4C, 0x2B,
    0x37, 0x72, 0x6E, 0x5A, 0x61, 0xE7, 0x5F, 0xA9, 0xA8, 0x40, 0x38, 0xCE, 0x10, 0x5F, 0x7F, 0x75,
    0x30, 0x2B, 0xF1, 0xB3, 0x35, 0xCF, 0xAE, 0x91, 0x39, 0x33, 0x14, 0x86, 0x7D, 0xE5, 0x28, 0xB3,
    0x66, 0x7C, 0xA4, 0x90, 0x75, 0xFC, 0x17, 0xCF, 0xEF, 0x75, 0xE5, 0xA4, 0x62, 0xA3, 0x8B, 0x25,
    0xAD, 0x8C, 0xCF, 0x64, 0xE4, 0x75, 0x58, 0xF2, 0x8E, 0x04, 0x39, 0xD0, 0xC0, 0x02, 0x5C, 0xE0,
    0xFE, 0xFC, 0x72, 0xB0, 0xEA, 0x57, 0x5E, 0x66, 0x66, 0xFD, 0xE6, 0x3D, 0xED, 0x1F, 0xBD, 0xC3,
    0xF7, 0x7E, 0x85, 0xA4, 0x84, 0xE2, 0x14, 0x7A, 0x72, 0x6F, 0x6F, 0x7A, 0x40, 0x27, 0xC7, 0x5F,
    0xBC, 0x7E, 0x4B, 0x0F, 0x6D, 0x0C, 0x63, 0x46, 0x8D, 0x59, 0x93, 0x6C, 0xB5, 0x71, 0xF9, 0xFE,
    0x2D, 0x76, 0x80, 0x22, 0x2B, 0xCC, 0x08, 0x56, 0x2B, 0x41, 0x89, 0x90, 0xA6, 0x96, 0x6D, 0xEA,
    0xEA, 0xC3, 0x2C, 0xC3, 0xEA, 0xC9, 0xB7, 0xFC, 0x55, 0x95, 0x8F, 0xDF, 0x1B, 0x53, 0x95, 0xBF,
    0xEF, 0x05, 0x7E, 0x28, 0x59, 0xE4, 0x2C, 0x42, 0xEB, 0x37, 0x3F, 0x85, 0xD2, 0xD2, 0xD1, 0x5F,
    0xFB, 0xF4, 0xBE, 0x97, 0x28, 0x63, 0xF4, 0x4C, 0xDE, 0xCB, 0x76, 0xCB, 0x99, 0xA2, 0x8D, 0xA9,
    0xDE, 0xE7, 0xF8, 0xDE, 0xC4, 0xE6, 0x58, 0xCF, 0x53, 0xB7, 0x91, 0x67, 0x7F, 0x8E, 0x7F, 0x7A,
    0xFE, 0x4D, 0xAA, 0x33, 0x6B, 0x6D, 0x62, 0xC6, 0x6C, 0xF5, 0xD6, 0xD2, 0xA5, 0xBD, 0xD0, 0xAD,
    0x92, 0x73, 0x42, 0xBD, 0x55, 0x18, 0x57, 0xD4, 0x96, 0xB6, 0x8B, 0xFE, 0xCD, 0x99, 0xA7, 0xDF,
    0x8C, 0xA1, 0x75, 0xDE, 0xCF, 0xC5, 0xBD, 0xA0, 0x6B, 0xD3, 0x3A, 0x58, 0x4D, 0x59, 0xAB, 0x5F,
    0xF1, 0x17, 0x7F, 0x7D, 0xCE, 0xB3, 0x3F, 0xBB, 0xBD, 0xD4, 0xB6, 0xB6, 0x25, 0xC6, 0x30, 0xF1,
    0x71, 0xBE, 0x97, 0x56, 0x9D, 0xBE, 0xBB, 0xAA, 0x5E, 0xF4, 0xF7, 0xD0, 0x59, 0xD9, 0xD4, 0xD5,
    0x0F, 0xA9, 0x23, 0x7B, 0x82, 0x95, 0xAD, 0x97, 0x50, 0xD2, 0x84, 0xF1, 0xD1, 0x4F, 0x4E, 0xC6,
    0x3C, 0x7D, 0x77, 0x65, 0xBE, 0xE4, 0x67, 0x2E, 0x74, 0x63, 0x33, 0x6E, 0xA3, 0xB6, 0x1C, 0xCA,
    0x56, 0x77, 0xBF, 0x97, 0xDA, 0xD8, 0xF6, 0xF9, 0xB6, 0xEE, 0xFF, 0xBB, 0xDF, 0x96, 0xBF, 0xD0,
    0x2F, 0xFF, 0x3F, 0xD5, 0x93, 0x81, 0xA6, 0x2C, 0x31, 0x10, 0x44, 0x0F, 0x01, 0x08, 0xFD, 0x2B,
    0xC5, 0x02, 0x84, 0xFE, 0xF5, 0xE6, 0x7E, 0xC0, 0xFE, 0x4A, 0x73, 0x01, 0x42, 0xDE, 0x46, 0x73,
    0x71, 0x27, 0xB3, 0xBC, 0xC5, 0xE3, 0x9D, 0x4A, 0xB2, 0x2B, 0x35, 0xC5, 0x68, 0x35, 0x6C, 0x68,
    0xD1, 0xA5, 0xBE, 0xD5, 0xD5, 0x82, 0x0B, 0x0D, 0x30, 0x1A, 0x5B, 0x9E, 0xFC, 0xC2, 0xD7, 0x9A,
    0xA3, 0xE5, 0xF4, 0xEF, 0xE7, 0x18, 0xED, 0xB5, 0xD7, 0xFE, 0xCD, 0xB9, 0xEF, 0xCB, 0x8B, 0xE1,
    0xDF, 0x6B, 0xF8, 0x33, 0x86, 0xFB, 0x73, 0xBA, 0xC7, 0xD8, 0xF7, 0x7F, 0x91, 0x9F, 0x95, 0xCF,
    0xE1, 0xBE, 0x5E, 0x3B, 0x66, 0xE5, 0x7F, 0xC8, 0xA6, 0x2E, 0xC9, 0x27, 0x42, 0x5C, 0xF0, 0x14,
    0xC2, 0x03, 0x21, 0x0F, 0x2E, 0xB4, 0xE8, 0x6C, 0x5F, 0x2F, 0x2C, 0x4E, 0x79, 0x44, 0x10, 0x8D,
    0xAD, 0x2B, 0x56, 0xC9, 0x3A, 0xE3, 0xD6, 0x4F, 0x44, 0x18, 0x27, 0x6A, 0xB2, 0xFB, 0xBC, 0xC7,
    0x93, 0xB7, 0xEE, 0xED, 0x33, 0xAA, 0x37, 0x2F, 0x11, 0xBF, 0x27, 0xD4, 0xEB, 0xB6, 0x14, 0x8D,
    0xCE, 0x89, 0x47, 0x0C, 0x15, 0x1C, 0x39, 0x37, 0xC9, 0x58, 0xD8, 0x51, 0x2B, 0x2D, 0xD1, 0x24,
    0x1C, 0x8C, 0xBD, 0x1C, 0x06, 0x24, 0x2D, 0x68, 0xD0, 0x41, 0xC4, 0x5A, 0xAC, 0x89, 0x4D, 0xE4,
    0x84, 0x41, 0xAD, 0x81, 0x25, 0xEC, 0x60, 0xD0, 0xF6, 0xCA, 0x16, 0xD3, 0xF0, 0x49, 0xF1, 0xDF,
    0x36, 0xE3, 0x5F, 0x77, 0xE3, 0xF3, 0x66, 0x44, 0xE9, 0xF2, 0xFF, 0x80, 0x05, 0xB2, 0xD4, 0x6B,
    0xDF, 0xF9, 0x92, 0xA7, 0x78, 0xE7, 0x9F, 0xE7, 0x57, 0x48, 0x3D, 0x1A, 0x3D, 0x24, 0x8E, 0x78,
    0x20, 0xCF, 0x73, 0x5E, 0xE8, 0x6D, 0xB3, 0xFB, 0x96, 0x7A, 0x18, 0x3D, 0xFA, 0xC1, 0x37, 0xDA,
    0x8F, 0x3C, 0x39, 0xE2, 0x43, 0x5F, 0x25, 0x3E, 0xF8, 0xB2, 0xCA, 0x1F, 0x7A, 0x84, 0x10, 0x27,
    0x2C, 0x85, 0x05, 0xF2, 0xB8, 0xEF, 0xCE, 0x16, 0xC9, 0x2D, 0xD1, 0xBF, 0xFA, 0x43, 0x3D, 0xE0,
    0xED, 0x8C, 0xB9, 0xC3, 0x92, 0x68, 0x58, 0xFE, 0x01, 0xA5, 0x54, 0xCB, 0xCA, 0x34, 0x3B, 0x08,
    0x2C, 0xC8, 0x36, 0xE0, 0xAB, 0x08, 0xBD, 0x0D, 0xF8, 0xEA, 0xC2, 0xBF, 0x6D, 0xF8, 0x5E, 0x45,
    0xF8, 0xB6, 0x82, 0x27, 0x9A, 0xCE, 0x9C, 0xCC, 0x7F, 0xBF, 0x54, 0x61, 0x55, 0xEE, 0xDA, 0xC9,
    0x30, 0x78, 0x40, 0xC6, 0x60, 0x5C, 0x7E, 0xE1, 0x02, 0x59, 0xC3, 0xA4, 0xE3, 0xC4, 0x4D, 0xCE,
    0xF7, 0xC5, 0x17, 0x0F, 0x1D, 0x2A, 0xFD, 0xB2, 0x86, 0x13, 0xCD, 0x7A, 0xE7, 0xCE, 0xB8, 0xC6,
    0xA5, 0x75, 0x46, 0x6F, 0x86, 0x03, 0x14, 0x1D, 0x49, 0xF2, 0xD4, 0xB0, 0xD4, 0x37, 0x78, 0xE6,
    0x14, 0x5F, 0xD1, 0x40, 0x3E, 0x5E, 0x09, 0xEC, 0xB4, 0xA6, 0xA7, 0xD1, 0x63, 0x35, 0x12, 0x24,
    0x8A, 0xF8, 0x98, 0x34, 0x90, 0x53, 0x34, 0x07, 0xD9, 0x94, 0x69, 0xFA, 0x95, 0xD9, 0xEF, 0x1A,
    0x1D, 0x16, 0x2E, 0x41, 0xA1, 0x80, 0xA0, 0x30, 0xDE, 0xCC, 0x0E, 0x0B, 0x45, 0x0B, 0x23, 0x03,
    0xA4, 0xEE, 0xB1, 0xCF, 0xEE, 0xA1, 0xA2, 0xA9, 0x64, 0xA9, 0x11, 0xE1, 0x5B, 0x11, 0xE8, 0xA9,
    0x9A, 0x2A, 0xA5, 0x64, 0xA9, 0xCD, 0xBF, 0x5E, 0x09, 0xB9, 0x53, 0xA9, 0xDA, 0xED, 0xD0, 0x2A,
    0x37, 0x8B, 0x8A, 0xCA, 0xBB, 0x31, 0xF4, 0xD2, 0x2B, 0x2E, 0x1B, 0xC6, 0x37, 0x7F, 0x29, 0x3A,
    0x0E, 0x08, 0x58, 0xF9, 0x83, 0x4D, 0xF8, 0xE2, 0xAB, 0xFF, 0x3F, 0x1F, 0x41, 0x51, 0x5F, 0x6E,
    0x08, 0x85, 0xE4, 0x45, 0x08, 0x40, 0x68, 0xD3, 0x35, 0xDD, 0xD3, 0x47, 0x3A, 0xA5, 0x63, 0xBA,
    0xA5, 0x47, 0xC2, 0x00, 0xD9, 0xAE, 0xE2, 0x28, 0x1F, 0x9E, 0x8F, 0x47, 0xCA, 0x51, 0x6E, 0xB6,
    0x5D, 0xEA, 0x19, 0x63, 0xE2, 0xCD, 0x95, 0x56, 0x25, 0xD8, 0xDE, 0x2C, 0xDD, 0x1F, 0x1F, 0x2F,
    0x87, 0xA6, 0x73, 0xF9, 0x89, 0xE8, 0x7A, 0xBF, 0xD0, 0x3F, 0xEC, 0x98, 0xEA, 0x08, 0x74, 0xBA,
    0x79, 0x70, 0x7F, 0x38, 0xE8, 0x06, 0xC4, 0xAB, 0x80, 0x96, 0xE5, 0x52, 0x00, 0xBE, 0xD3, 0x4A,
    0x5D, 0x2E, 0x3D, 0x2A, 0xBB, 0xCE, 0x47, 0x81, 0x8C, 0x1F, 0x6A, 0x4C, 0x6C, 0x85, 0x20, 0x41,
    0xBA, 0xB5, 0xD5, 0xF9, 0x54, 0xB9, 0x46, 0xE5, 0xB5, 0x3A, 0x1C, 0x11, 0x26, 0x75, 0x07, 0xAD,
    0xBE, 0xB8, 0x69, 0x2A, 0x21, 0x75, 0x94, 0x5A, 0x6A, 0xD3, 0x54, 0x42, 0xEA, 0x28, 0xB5, 0x27,
    0x63, 0xF8, 0xD2, 0xB6, 0xAE, 0xD3, 0x65, 0xAD, 0x5C, 0xBB, 0x3C, 0x15, 0x51, 0x2A, 0xEB, 0x64,
    0x4B, 0xAD, 0x5C, 0xFB, 0xCE, 0x43, 0xAB, 0x06, 0xC7, 0x03, 0x09, 0xE8, 0xA4, 0xD3, 0x8A, 0xE2,
    0x37, 0xBF, 0xA5, 0x45, 0xE7, 0xCF, 0x49, 0x17, 0x46, 0xF2, 0x01, 0x29, 0x17, 0xBA, 0x36, 0xBD,
    0x78, 0xF0, 0xE8, 0xDC, 0xC1, 0xEB, 0x0C, 0x31, 0xEE, 0x11, 0x2B, 0x66, 0x1B, 0x9B, 0x1B, 0x6D,
    0x92, 0xEC, 0xEA, 0x93, 0x98, 0x1C, 0xD5, 0x1A, 0x74, 0xE7, 0xF8, 0x46, 0xD3, 0x7C, 0xC8, 0x7D,
    0xCA, 0x22, 0x0E, 0x90, 0xCD, 0xFE, 0x64, 0x04, 0x21, 0x82, 0xC1, 0x9D, 0xEC, 0x07, 0xE7, 0x4F,
    0x66, 0x9B, 0xEC, 0x3C, 0xBF, 0x6B, 0x52, 0xBC, 0x3C, 0xF9, 0xA5, 0x8F, 0xAF, 0xCF, 0xE7, 0xDE,
    0xF3, 0xA9, 0xF8, 0xEA, 0xF7, 0x44, 0xD8, 0xAD, 0xB7, 0xE2, 0x40, 0x78, 0x46, 0xC3, 0xE6, 0x37,
    0x88, 0x78, 0xFE, 0xE4, 0xB8, 0xDA, 0xE5, 0x50, 0x60, 0x37, 0x3B, 0xB0, 0xB6, 0x3D, 0x6B, 0x5E,
    0xE8, 0x49, 0x25, 0x0C, 0xDC, 0xA9, 0xFD, 0xEE, 0x9D, 0xE9, 0x2D, 0x37, 0xE3, 0x46, 0xD4, 0xFF,
    0xF5, 0xC5, 0xAE, 0x0C, 0x3E, 0xE7, 0xDF, 0x6F, 0x5A, 0x2F, 0x5E, 0x7C, 0xFF, 0xBE, 0x5E, 0x10,
    0xEB, 0xC8, 0x48, 0x6E, 0x74, 0x15, 0xBB, 0x0B, 0x8A, 0x45, 0x46, 0x47, 0xF8, 0x79, 0x77, 0x61,
    0xDC, 0x93, 0x92, 0x5E, 0x0C, 0xCB, 0xF1, 0xF7, 0xFB, 0x63, 0x4C, 0xF6, 0xF5, 0x36, 0xE2, 0x5F,
    0x55, 0xC6, 0x45, 0x69, 0x26, 0xD2, 0xE0, 0x04, 0xFB, 0xA6, 0x7A, 0x86, 0x5E, 0xDC, 0xF1, 0x89,
    0x6F, 0x11, 0x60, 0x65, 0x0E, 0x67, 0x7E, 0x54, 0x03, 0xDF, 0xBC, 0x1F, 0x92, 0xE1, 0x0C, 0x02,
    0xEC, 0xFC, 0xED, 0x87, 0x8F, 0x66, 0x2E, 0x9F, 0x1F, 0x63, 0xB4, 0x19, 0x91, 0x3E, 0xFB, 0x11,
    0x2B, 0x9A, 0xE6, 0x98, 0x8F, 0x48, 0x8F, 0x91, 0x7D, 0x89, 0x3F, 0xD9, 0x6F, 0xFE, 0xEC, 0x4F,
    0x1F, 0x52, 0x73, 0x7F, 0x9A, 0x3F, 0x66, 0xB8, 0x8F, 0xF8, 0x9C, 0xFD, 0x19, 0x7F, 0x9C, 0x3F,
    0xC7, 0x6D, 0xE7, 0xFF, 0xDB, 0xFD, 0x33, 0xE2, 0x2F, 0xEB, 0xCF, 0xF1, 0xE5, 0xD2, 0x66, 0xFC,
    0xD9, 0xFE, 0x27, 0xFF, 0xF2, 0xEC, 0xFF, 0x61, 0xFD, 0xF5, 0x7E, 0x3B, 0xB2, 0xFF, 0x77, 0xF9,
    0x33, 0xFE, 0x26, 0xBF, 0x8E, 0xE3, 0xFD, 0xAB, 0xFF, 0x6F, 0xFB, 0x67, 0x3C, 0xFB, 0xFF, 0x03,
    0xB5, 0x57, 0xD1, 0x8A, 0x33, 0x3D, 0x08, 0x3D, 0xE0, 0xAD, 0x90, 0x57, 0x11, 0x72, 0x1B, 0xF0,
    0xD5, 0x85, 0xDE, 0x06, 0xF6, 0x55, 0x84, 0xBD, 0x0D, 0xE4, 0x27, 0xC4, 0xB2, 0x9B, 0x8E, 0xB3,
    0x5F, 0x17, 0xF6, 0x3F, 0xD2, 0x39, 0x9D, 0x3A, 0x1A, 0x63, 0x26, 0xD6, 0x80, 0x0C, 0x0B, 0x28,
    0xD8, 0x68, 0xC1, 0x63, 0x13, 0x79, 0xA8, 0x6D, 0xB3, 0x62, 0x63, 0x6E, 0xD8, 0x93, 0x15, 0xE7,
    0x73, 0xE4, 0xA7, 0x1F, 0x34, 0x9C, 0xE3, 0x90, 0x7D, 0x71, 0x71, 0x40, 0xC7, 0x72, 0x0A, 0xFA,
    0xFC, 0xB0, 0xF2, 0x78, 0xB8, 0x92, 0x8D, 0x41, 0xA6, 0x4E, 0x56, 0x40, 0x86, 0x3F, 0xF9, 0x2C,
    0xBC, 0xC6, 0xF5, 0xCF, 0xC0, 0xF5, 0x32, 0xD7, 0xC3, 0x30, 0x49, 0x54, 0xA6, 0x86, 0x03, 0x7F,
    0x35, 0x8F, 0x95, 0x93, 0x95, 0x9B, 0x95, 0xA3, 0x95, 0xAB, 0x95, 0x33, 0xCC, 0xB9, 0x73, 0x58,
    0xFC, 0x7C, 0xBE, 0xC4, 0xE0, 0x1A, 0xC1, 0x8C, 0xC5, 0x1A, 0xE1, 0x16, 0xDB, 0xE1, 0x92, 0x6B,
    0x44, 0x3B, 0x5F, 0xF0, 0xFC, 0xFD, 0xF9, 0xDC, 0xD3, 0x2E, 0xFC, 0x7C, 0xF9, 0x8D, 0x71, 0x8E,
    0x5C, 0x1B, 0x39, 0x77, 0xD8, 0x97, 0x70, 0x27, 0x87, 0xE1, 0x80, 0x5A, 0x43, 0x85, 0x18, 0x04,
    0x8C, 0x04, 0x34, 0xD0, 0xD0, 0x89, 0x19, 0x82, 0x0C, 0x02, 0x06, 0x31, 0x3A, 0x1A, 0x0D, 0xE4,
    0x60, 0x88, 0x58, 0x45, 0x83, 0x1E, 0x63, 0x97, 0x17, 0x6E, 0xD9, 0x16, 0x20, 0xC3, 0x9E, 0x32,
    0x36, 0xB7, 0xE0, 0xB1, 0x67, 0x49, 0xBE, 0xB9, 0xD8, 0x66, 0x05, 0x8A, 0xE5, 0xFB, 0x43, 0x23,
    0x73, 0x6D, 0x67, 0x72, 0x33, 0x46, 0x70, 0xDB, 0x6E, 0x51, 0x82, 0xC9, 0x36, 0x83, 0x9E, 0x6C,
    0x27, 0x17, 0x04, 0xBF, 0x3F, 0x9F, 0x60, 0xF7, 0xE0, 0x11, 0xAC, 0xE1, 0xB8, 0xD8, 0x66, 0xF2,
    0xCD, 0x18, 0x11, 0x72, 0xBA, 0x07, 0x14, 0xD0, 0x70, 0x3F, 0x36, 0x93, 0x6F, 0xDE, 0x7E, 0x1C,
    0x8A, 0xCD, 0x23, 0xD8, 0x7F, 0x37, 0x9F, 0x0C, 0xCB, 0x75, 0x01, 0x39, 0x1B, 0x33, 0x44, 0x08,
    0xC5, 0xF0, 0x3B, 0x90, 0x17, 0x83, 0x8B, 0x90, 0x18, 0x73, 0x84, 0xF3, 0x2F, 0xB0, 0x88, 0xCD,
    0x29, 0xC6, 0x82, 0x8D, 0xE3, 0xFD, 0xDE, 0xD7, 0x53, 0x5E, 0xED, 0x89, 0xE7, 0x24, 0xFE, 0x66,
    0x6F, 0x21, 0xE7, 0xDE, 0x88, 0x2B, 0x5E, 0x40, 0xC4, 0xAC, 0xCE, 0x4C, 0x84, 0x14, 0x66, 0x22,
    0x65, 0x88, 0x98, 0x21, 0x05, 0x31, 0xB3, 0x0E, 0x66, 0xE2, 0x2C, 0xFE, 0x53, 0xCA, 0xC0, 0x05,
    0x62, 0x22, 0x3A, 0x44, 0xE4, 0xDC, 0x3F, 0x23, 0x9F, 0x43, 0xEE, 0x3F, 0xB4, 0x99, 0x7F, 0x26,
    0x62, 0xD2, 0xC1, 0xA0, 0xDB, 0xED, 0x2B, 0x5C, 0x26, 0xEE, 0x4A, 0x00, 0x53, 0xE5, 0xAA, 0x83,
    0x85, 0x24, 0xB7, 0xAF, 0x52, 0xB9, 0x4C, 0xE2, 0x5C, 0x0F, 0xB0, 0xD4, 0x3E, 0x54, 0x98, 0x43,
    0xFF, 0xDE, 0x1B, 0xAA, 0xA1, 0x6C, 0x51, 0x67, 0x5B, 0xD4, 0xD9, 0x16, 0x75, 0xD6, 0xA3, 0xCE,
    0x7A, 0xD4, 0x59, 0xDF, 0x75, 0x96, 0x3C, 0xAF, 0xB3, 0xC5, 0x76, 0x9D, 0x2D, 0x51, 0x67, 0x4B,
    0xD4, 0xD9, 0x12, 0x5B, 0xAD, 0x45, 0x9D, 0x6D, 0x51, 0x67, 0x1B, 0xC8, 0x8E, 0x6D, 0x7D, 0x32,
    0xD9, 0xC9, 0x80, 0x6C, 0xB1, 0x6A, 0xCD, 0x24, 0xAF, 0xC7, 0x01, 0x02, 0x43, 0x8D, 0x85, 0x04,
    0x21, 0x38, 0x61, 0x10, 0x1A, 0x2C, 0x6C, 0x8C, 0x2D, 0x90, 0xEF, 0x42, 0xC2, 0xA2, 0xF6, 0x7D,
    0x3D, 0xF9, 0x94, 0xE5, 0x7B, 0x40, 0x60, 0xB8, 0xC5, 0x74, 0x08, 0x55, 0x0C, 0x08, 0x02, 0xFE,
    0x37, 0x17, 0x42, 0x94, 0x3C, 0x5F, 0x89, 0xDF, 0x97, 0xBD, 0x94, 0x78, 0x01, 0x0D, 0xA6, 0xFE,
    0x50, 0x62, 0xE4, 0x50, 0x33, 0x79, 0x54, 0x1B, 0x90, 0x8B, 0x66, 0xFC, 0xFC, 0xC7, 0x56, 0xD1,
    0xA0, 0x63, 0xE9, 0x01, 0x74, 0x34, 0x1D, 0x68, 0xE8, 0xB8, 0x80, 0x87, 0xB8, 0x74, 0x61, 0xE1,
    0xE2, 0x48, 0xA0, 0x52, 0xB8, 0xF2, 0x9D, 0x3E, 0x16, 0x72, 0xE2, 0x47, 0xE8, 0xBC, 0x6C, 0x3C,
    0x83, 0xA3, 0xC3, 0x52, 0x59, 0x30, 0x32, 0x36, 0xE4, 0x72, 0xC2, 0x20, 0x73, 0xE0, 0x47, 0xCC,
    0xF3, 0x45, 0xB0, 0x54, 0x3A, 0x1C, 0x76, 0xAF, 0x67, 0xA3, 0xC5, 0xC7, 0xB8, 0x1A, 0x7E, 0x09,
    0x8C, 0xB3, 0xB8, 0xB0, 0xA8, 0x74, 0x67, 0xF9, 0x92, 0x52, 0x79, 0xB0, 0x20, 0x70, 0xD8, 0x1C,
    0xBE, 0x32, 0x7D, 0xEA, 0x7F, 0xF4, 0xCA, 0xF2, 0x2A, 0x69, 0x7C, 0x89, 0xFF, 0xAB, 0x65, 0xAF,
    0xFA, 0x2D, 0xBE, 0x33, 0x0A, 0xE0, 0xB4, 0xBE, 0x8C, 0x72, 0x44, 0xF7, 0x7E, 0xA3, 0x60, 0xF0,
    0xBC, 0x01, 0x22, 0xFB, 0x3A, 0x01, 0x18, 0x05, 0x17, 0x43, 0x31, 0x00, 0x1A, 0x6E, 0x47, 0xF0,
    0xA5, 0xF1, 0x89, 0xE7, 0x11, 0x7C, 0xDF, 0xF8, 0x3C, 0xDE, 0x6E, 0x14, 0x7E, 0x7E, 0xC2, 0xA0,
    0x94, 0x14, 0xEA, 0x06, 0x34, 0x34, 0x44, 0x1C, 0xA0, 0xCD, 0x97, 0x42, 0x3D, 0xB6, 0x5B, 0x7D,
    0xF2, 0xA5, 0x50, 0x9F, 0xF3, 0x09, 0xA7, 0x2D, 0x29, 0xD4, 0x36, 0x40, 0x6F, 0x15, 0xEA, 0xF7,
    0x1B, 0x39, 0x0B, 0xF6, 0xE0, 0x16, 0x8E, 0x0A, 0x70, 0x86, 0x75, 0x74, 0xED, 0x05, 0xD0, 0xE0,
    0x72, 0x69, 0xE4, 0xE2, 0xF9, 0xE0, 0x68, 0xE4, 0x0A, 0x36, 0xB7, 0x97, 0x46, 0xCE, 0xDE, 0x59,
    0x9F, 0x5C, 0x1D, 0xBE, 0xB2, 0xF7, 0x68, 0x01, 0xFA, 0xF3, 0x39, 0x2D, 0x7B, 0x8F, 0xF2, 0x03,
    0x26, 0xBE, 0x33, 0xF9, 0xEE, 0x5B, 0xF6, 0x42, 0x62, 0x14, 0x8B, 0xFF, 0x5A, 0xA7, 0x01, 0x75,
    0x9A, 0x18, 0x4E, 0x1F, 0x06, 0x27, 0xC3, 0xFF, 0x71, 0x39, 0x23, 0xF2, 0x97, 0x54, 0xE4, 0xCB,
    0x96, 0x26, 0xE1, 0xBC, 0xCF, 0x96, 0x2D, 0x49, 0xB5, 0x07, 0x1B, 0xF0, 0xBF, 0xCD, 0x70, 0x27,
    0x70, 0xA5, 0x72, 0x27, 0x75, 0xA5, 0x77, 0x27, 0x1A, 0xAA, 0x91, 0xFC, 0x68, 0xBA, 0x2D, 0x2E,
    0x84, 0xEB, 0x71, 0xB5, 0x01, 0x48, 0x77, 0xE7, 0x79, 0x5C, 0x1D, 0x9B, 0xF5, 0xC9, 0xC7, 0x71,
    0x35, 0xD9, 0x9D, 0xE1, 0x37, 0x39, 0xAE, 0x2E, 0xC6, 0x86, 0x91, 0x94, 0x46, 0xF2, 0x94, 0x7D,
    0x77, 0x3D, 0xB6, 0x56, 0x34, 0xAB, 0x82, 0x0E, 0x41, 0x02, 0x1A, 0xE8, 0xD4, 0xB8, 0x57, 0x30,
    0x32, 0x30, 0x2A, 0xB8, 0x53, 0x43, 0xA7, 0x81, 0x0C, 0x82, 0x5E, 0xA5, 0x59, 0x85, 0x1A, 0x52,
    0x10, 0xCA, 0x10, 0xCC, 0x21, 0x28, 0x83, 0x90, 0xC0, 0xD4, 0xC1, 0x3A, 0xC1, 0xEA, 0xB0, 0x3C,
    0x06, 0xE1, 0x59, 0xC5, 0x18, 0x37, 0x10, 0xE1, 0x3E, 0x89, 0x21, 0x77, 0xC7, 0x86, 0x32, 0xF6,
    0xE7, 0x90, 0x43, 0xF3, 0xCF, 0x36, 0x53, 0x19, 0x84, 0x1B, 0xFF, 0x80, 0x85, 0x20, 0xF8, 0x84,
    0x80, 0xC7, 0x79, 0x2C, 0xB0, 0xCC, 0x2E, 0x1F, 0x3F, 0xBA, 0xB0, 0xD9, 0x50, 0x71, 0x83, 0x8E,
    0x36, 0xA3, 0x33, 0x4B, 0xF3, 0x8F, 0x3A, 0x8D, 0xEA, 0x2C, 0xA0, 0x33, 0x7E, 0x61, 0x56, 0x25,
    0x39, 0xC4, 0xF1, 0x0A, 0x83, 0xCF, 0x6E, 0x34, 0x3B, 0x8E, 0xE8, 0xC8, 0x4F, 0x4B, 0x55, 0x66,
    0x12, 0xD8, 0x8D, 0x7F, 0x0F, 0x0B, 0x3F, 0xF5, 0xAD, 0x70, 0x60, 0x7D, 0x17, 0xD2, 0xF9, 0x5D,
    0x5F, 0x46, 0xA2, 0x3F, 0xF2, 0xDF, 0x3E, 0xB8, 0x6F, 0x59, 0xDF, 0xE5, 0x11, 0xFA, 0xED, 0xBD,
    0xAB, 0x9E, 0x23, 0x30, 0x97, 0x91, 0xEB, 0x4F, 0xFF, 0x07, 0xAC, 0xB9, 0x76, 0x21, 0xED, 0x2D,
    0x59, 0x1D, 0x9D, 0x82, 0xEA, 0xD5, 0xAA, 0x48, 0x9C, 0x43, 0x5E, 0x40, 0x20, 0x21, 0x26, 0xAA,
    0xF8, 0xA4, 0x4F, 0x84, 0xFF, 0xF7, 0xF7, 0x6F, 0x02, 0x85, 0xC1, 0x4C, 0xE6, 0x9C, 0x63, 0x31,
    0x34, 0xB7, 0x61, 0xE1, 0x51, 0xEA, 0xD1, 0x9D, 0xB9, 0x9E, 0xDD, 0x9D, 0x80, 0xE7, 0x04, 0x27,
    0x7C, 0x80, 0x45, 0x64, 0x4E, 0x09, 0xDB, 0x74, 0x24, 0x9E, 0x93, 0x39, 0xD3, 0x27, 0x78, 0x30,
    0x88, 0x08, 0x65, 0x4E, 0x5B, 0xBC, 0xEE, 0x7F, 0x03, 0x22, 0x01, 0x93, 0x40, 0xE7, 0x9C, 0x8B,
    0xD7, 0xFD, 0xAF, 0xC0, 0x66, 0xE0, 0x9D, 0xBF, 0xC5, 0x58, 0xF7, 0xBF, 0x00, 0xF1, 0x03, 0xCC,
    0x66, 0x3A, 0xA7, 0x2F, 0x5E, 0xF7, 0x3F, 0x83, 0xD1, 0xF0, 0x31, 0x1B, 0x18, 0x37, 0x10, 0xB4,
    0xF9, 0x89, 0x06, 0xC1, 0x3B, 0x30, 0x02, 0x19, 0x19, 0xCF, 0x29, 0x8B, 0x61, 0x84, 0x57, 0xFC,
    0x07, 0xCC, 0xD5, 0x41, 0xAA, 0xED, 0x36, 0x0C, 0xC6, 0xF1, 0x3F, 0x68, 0x1A, 0xD0, 0x56, 0x02,
    0x6F, 0x6A, 0xD0, 0xD6, 0x05, 0x6F, 0x43, 0x82, 0x4E, 0x05, 0x5F, 0xED, 0x1C, 0x13, 0x73, 0x7B,
    0x5A, 0xDA, 0x61, 0x65, 0xF4, 0xBB, 0x72, 0x14, 0xE4, 0x1B, 0x30, 0x9C, 0x02, 0xFC, 0x65, 0x8C,
    0x17, 0x07, 0xEA, 0x83, 0xA4, 0xB2, 0x49, 0x5A, 0x62, 0x49, 0xE1, 0x1C, 0x18, 0x8C, 0x8D, 0x53,
    0x07, 0xB0, 0xDF, 0xB9, 0x41, 0xFC, 0x60, 0xF0, 0x86, 0xE5, 0x75, 0xCF, 0xC5, 0x5E, 0xB3, 0xB6,
    0x04, 0xB0, 0x06, 0x57, 0x72, 0xD1, 0x40, 0x00, 0x0E, 0x58, 0x72, 0xB2, 0xDE, 0x94, 0x95, 0x49,
    0xE5, 0x19, 0x15, 0xE9, 0x15, 0x78, 0x09, 0xCF, 0xFE, 0x91, 0xC1, 0xCA, 0xC1, 0x78, 0x2A, 0xFF,
    0x5D, 0x98, 0x12, 0x04, 0x92, 0x7A, 0x25, 0x30, 0xFE, 0x2D, 0x5D, 0x6A, 0xFF, 0x8F, 0xEF, 0x9E,
    0xB9, 0x96, 0xA7, 0xF6, 0x01, 0x31, 0x60, 0x9C, 0xA4, 0x4E, 0x5A, 0x9D, 0x33, 0x3C, 0x07, 0xCE,
    0x9B, 0x3F, 0x56, 0x33, 0xA8, 0x73, 0x86, 0x25, 0x40, 0x34, 0x17, 0x2E, 0xD5, 0x20, 0xD2, 0xBA,
    0x69, 0x88, 0x5A, 0x3D, 0x4F, 0x67, 0xD5, 0x01, 0x74, 0x0F, 0xB0, 0x1A, 0x53, 0xCF, 0x51, 0x10,
    0x78, 0x41, 0x2F, 0xAD, 0x96, 0x9E, 0xCB, 0x60, 0xD9, 0xD3, 0x61, 0x05, 0x63, 0x78, 0x4E, 0x23,
    0x80, 0xF6, 0x06, 0xCA, 0x0A, 0x2C, 0x57, 0x1D, 0xC4, 0x3A, 0x91, 0x5E, 0xA7, 0x53, 0x44, 0x03,
    0x8C, 0x17, 0xFD, 0xC0, 0x94, 0x13, 0x9F, 0xB8, 0x17, 0x5C, 0x8B, 0xE7, 0x8C, 0xDB, 0x1A, 0x8A,
    0x07, 0x41, 0x22, 0x2C, 0x09, 0x0C, 0x22, 0x1D, 0x3C, 0xAF, 0x49, 0x8D, 0xC5, 0x0D, 0x56, 0x9A,
    0xD1, 0x2F, 0x8A, 0x87, 0x04, 0x9F, 0xEC, 0xB9, 0x8B, 0xDB, 0x0A, 0xCA, 0xFA, 0x83, 0x25, 0xDA,
    0x40, 0xE0, 0x93, 0xBC, 0x16, 0x7B, 0xEE, 0xA4, 0x36, 0xA6, 0xDC, 0x20, 0x36, 0x9C, 0x6F, 0xBB,
    0x81, 0x50, 0x9B, 0xD4, 0x9E, 0x10, 0xFB, 0x79, 0x3D, 0x79, 0x6E, 0xD6, 0xDE, 0x33, 0x80, 0x00,
    0xFC, 0x19, 0xAA, 0x26, 0x66, 0x62, 0xB9, 0xF2, 0xCC, 0x19, 0xFB, 0x9E, 0x16, 0x37, 0x45, 0x59,
    0x9E, 0x39, 0x0E, 0xF7, 0x80, 0xD1, 0x10, 0x05, 0x5E, 0x9F, 0x39, 0x1E, 0x33, 0x81, 0x0B, 0x20,
    0xDA, 0xE6, 0xAE, 0x89, 0x24, 0x40, 0xD0, 0xD0, 0x20, 0x95, 0x54, 0x9F, 0x3A, 0x58, 0x5D, 0x2F,
    0x90, 0xF0, 0x96, 0x0A, 0x49, 0xEC, 0x7F, 0xAC, 0x80, 0xFA, 0xBE, 0xC4, 0x8C, 0x9D, 0x05, 0x56,
    0xE0, 0x29, 0x09, 0xA9, 0x78, 0x3F, 0x01, 0xE7, 0x93, 0x81, 0xD4, 0x7B, 0x66, 0x24, 0xFC, 0x51,
    0x50, 0xB5, 0x2F, 0xF8, 0x99, 0x79, 0x2E, 0x78, 0xE1, 0x56, 0x8C, 0x33, 0x93, 0x06, 0x6A, 0xE5,
    0x99, 0x1E, 0x4D, 0x28, 0x89, 0xC2, 0xF6, 0x37, 0x41, 0x40, 0xB8, 0xE4, 0xDA, 0x35, 0xF4, 0xEA,
    0x7A, 0x49, 0x44, 0xB1, 0x83, 0xE8, 0xEF, 0x05, 0xA0, 0x27, 0xD2, 0x97, 0x8D, 0x35, 0x78, 0xFD,
    0x8F, 0xFF, 0xB8, 0x20, 0x1A, 0xA9, 0x4C, 0x4A, 0x76, 0x44, 0x5C, 0x5F, 0x11, 0x82, 0xCF, 0x47,
    0x45, 0xE2, 0xD3, 0x82, 0x81, 0x3F, 0x5A, 0xC3, 0x05, 0x02, 0x40, 0x09, 0x10, 0x8F, 0x5E, 0x8F,
    0x0D, 0x60, 0xBB, 0xCD, 0x6E, 0xBF, 0xFA, 0x47, 0x00, 0xC6, 0x63, 0x01, 0xD8, 0xDF, 0x36, 0x93,
    0x5A, 0x2D, 0xCB, 0xA5, 0x03, 0x4E, 0x68, 0xC6, 0x56, 0xC7, 0x19, 0xEC, 0x08, 0x01, 0xB9, 0x56,
    0x68, 0x49, 0x72, 0x22, 0xAD, 0xC8, 0x7F, 0xEC, 0xDF, 0x40, 0x7D, 0xDF, 0xC7, 0x01, 0xD4, 0x77,
    0x6B, 0x7C, 0xB7, 0x9C, 0xEF, 0x56, 0x72, 0xE2, 0xE6, 0x9A, 0xCB, 0x30, 0x48, 0x92, 0x7B, 0x3D,
    0xD8, 0x0D, 0x1A, 0x9A, 0xBA, 0x47, 0xDF, 0x1D, 0x2A, 0x13, 0x26, 0x66, 0x31, 0xB7, 0xF3, 0xE1,
    0xA7, 0xCB, 0xCD, 0x5F, 0xC3, 0xF2, 0xFC, 0xEC, 0x01, 0x0C, 0x69, 0x00, 0xE4, 0x37, 0xF6, 0xC0,
    0x06, 0x07, 0xB8, 0x20, 0x27, 0xBE, 0xE8, 0x62, 0x40, 0x71, 0xC3, 0x78, 0xF1, 0x0F, 0x05, 0x96,
    0x0F, 0x09, 0xD4, 0xCB, 0x58, 0xC4, 0xC2, 0x1F, 0x00, 0xEC, 0x05, 0x46, 0xD8, 0x3D, 0xEE, 0x95,
    0xDC, 0x71, 0xDB, 0x5C, 0x14, 0xC5, 0xDC, 0x01, 0xC0, 0xAF, 0xF8, 0xB5, 0x9F, 0x7F, 0xF7, 0xAD,
    0xF0, 0x72, 0xA1, 0x1E, 0xFE, 0xBB, 0x28, 0x53, 0x52, 0x88, 0xCD, 0xDA, 0x3E, 0x8D, 0x10, 0xEA,
    0xE7, 0xE5, 0xC5, 0xDE, 0xAF, 0x56, 0xFB, 0xF3, 0x96, 0x65, 0xA1, 0x3F, 0xBB, 0xB3, 0x82, 0x15,
    0x09, 0x5A, 0x1C, 0x1C, 0xC8, 0x35, 0xE0, 0xAB, 0x04, 0xEA, 0x2A, 0xF8, 0xEA, 0x81, 0xBE, 0x16,
    0xCC, 0xAB, 0x08, 0x73, 0x15, 0x6A, 0x8D, 0xE9, 0x30, 0x99, 0x8A, 0xD5, 0xCC, 0xEE, 0xBF, 0xEC,
    0x61, 0x63, 0x57, 0xB4, 0xFC, 0x4C, 0x12, 0x55, 0xD4, 0x4A, 0x43, 0xE0, 0x82, 0xA2, 0x82, 0x65,
    0xB5, 0xBC, 0xC0, 0xA4, 0x7E, 0x13, 0x87, 0xD4, 0x06, 0x38, 0xD9, 0x5A, 0xED, 0x3F, 0x6B, 0xB5,
    0x81, 0xD2, 0xF8, 0x73, 0xF5, 0x7E, 0xD9, 0xC3, 0x27, 0x99, 0x6B, 0x92, 0x5C, 0x8B, 0xC3, 0x9D,
    0x08, 0x19, 0x04, 0x99, 0xB8, 0x0D, 0xE0, 0x84, 0x9E, 0xD0, 0x6D, 0xF4, 0xA1, 0xC3, 0x19, 0x01,
    0x94, 0x9C, 0x12, 0x7E, 0x62, 0xD7, 0xBC, 0xC8, 0x91, 0x70, 0xE2, 0x9C, 0x12, 0x5E, 0xE7, 0xD3,
    0xCB, 0x2C, 0xD5, 0x37, 0x1E, 0x77, 0xFA, 0x6E, 0x4F, 0xAD, 0x00, 0xA3, 0xAD, 0xBB, 0x22, 0xF6,
    0x22, 0xCB, 0xDE, 0x7A, 0x83, 0x1E, 0x0F, 0xAA, 0x70, 0x69, 0x2B, 0x5A, 0xA7, 0x98, 0xB7, 0x53,
    0x19, 0x95, 0x5D, 0x6F, 0x7E, 0x25, 0x72, 0xFD, 0x6E, 0x0F, 0xD6, 0x39, 0x53, 0xAE, 0x4B, 0x8B,
    0x8A, 0xA8, 0xAA, 0x01, 0x76, 0xEA, 0x16, 0x85, 0xA0, 0x2E, 0xF7, 0x8C, 0x6B, 0x63, 0xE8, 0xFF,
    0x1B, 0x1E, 0xED, 0x9A, 0x27, 0xE6, 0x95, 0x79, 0x68, 0xDE, 0x9A, 0xE7, 0xDE, 0x8B, 0x89, 0x8A,
    0xFE, 0x3A, 0xFC, 0x77, 0x7F, 0x97, 0xE8, 0xAF, 0xD9, 0xD2, 0xC1, 0x03, 0x39, 0xA7, 0x83, 0xAB,
    0x28, 0x8C, 0x07, 0x9D, 0xBB, 0x74, 0x9E, 0xDF, 0xFC, 0x5E, 0xE3, 0x27, 0x88, 0x26, 0xEC, 0x5A,
    0x8F, 0xDD, 0xDE, 0x48, 0x0A, 0xFC, 0xD6, 0x5F, 0xC6, 0x31, 0xA9, 0x8C, 0xBD, 0xFE, 0x36, 0xCE,
    0x2F, 0x4D, 0x6D, 0x3C, 0xEA, 0xFF, 0xA6, 0x2F, 0xBA, 0x40, 0xA2, 0xFE, 0x8C, 0xBB, 0x07, 0x19,
    0x3F, 0x7A, 0x3D, 0xDB, 0x79, 0xC3, 0x71, 0x64, 0xF6, 0x47, 0xBA, 0x74, 0x76, 0xFE, 0xC0, 0xE0,
    0xAF, 0xB4, 0xF1, 0xC5, 0xF7, 0x78, 0x08, 0x45, 0x7F, 0x9F, 0x14, 0x4A, 0x89, 0x50, 0xDE, 0x57,
    0xA1, 0x27, 0xAA, 0x50, 0xD5, 0x3D, 0x2F, 0x25, 0x78, 0x92, 0xCA, 0x7B, 0x69, 0xA7, 0xBD, 0x10,
    0x77, 0x2F, 0x2B, 0x2D, 0x8B, 0x97, 0xD4, 0x51, 0xF4, 0x2E, 0x5B, 0x52, 0xD7, 0xB9, 0x17, 0x82,
    0x67, 0x52, 0x7D, 0x2F, 0xAA, 0x8F, 0x28, 0xB0, 0xF0, 0x0B, 0x5E, 0x1B, 0x6F, 0xFD, 0x98, 0x15,
    0xF4, 0x23, 0xD7, 0x28, 0x5F, 0x38, 0x6F, 0x1F, 0x5F, 0x1D, 0xFC, 0xC1, 0x57, 0xFF, 0xF1, 0xBD,
    0x7C, 0x09, 0xB8, 0x48, 0xB9, 0x89, 0xE4, 0x0B, 0x67, 0x22, 0x1D, 0x35, 0x1F, 0x9D, 0x4C, 0x5E,
    0xDF, 0xC6, 0xE6, 0x28, 0x12, 0x90, 0x72, 0x1E, 0x8C, 0x80, 0x13, 0x27, 0xA0, 0x55, 0x89, 0x03,
    0x10, 0xCA, 0xD5, 0x8B, 0x54, 0xB8, 0x2E, 0xAD, 0xE8, 0xFB, 0x25, 0xE9, 0x07, 0x88, 0x7C, 0x46,
    0xA3, 0x27, 0x6A, 0xA2, 0x0D, 0x10, 0xB3, 0xC7, 0x0E, 0x75, 0x67, 0x28, 0xCE, 0x8A, 0x00, 0x8E,
    0xA2, 0x8E, 0x5C, 0xEE, 0x88, 0x5D, 0x9D, 0x2B, 0x38, 0x1B, 0x26, 0x15, 0x4D, 0xB9, 0xBC, 0x2B,
    0x81, 0x5F, 0x68, 0x83, 0x20, 0x1F, 0xAD, 0xF6, 0xB5, 0x92, 0xD6, 0x37, 0x0A, 0xAB, 0xE5, 0x5B,
    0x9D, 0xAE, 0xAE, 0xBF, 0xCC, 0x2E, 0x76, 0x9D, 0xD5, 0x6E, 0x7A, 0xF0, 0x6B, 0xB9, 0x83, 0x97,
    0x2C, 0x3D, 0x36, 0xD3, 0x45, 0x3E, 0xCF, 0x6E, 0x9E, 0x39, 0xE5, 0x69, 0xF6, 0x12, 0xAE, 0x7C,
    0xBF, 0xFA, 0xDB, 0x70, 0x9E, 0x89, 0xE9, 0x7D, 0xB7, 0xEE, 0x4C, 0x3B, 0x1C, 0xA5, 0xDA, 0x68,
    0x55, 0xF7, 0xEC, 0xA9, 0x45, 0x1B, 0x19, 0x41, 0x89, 0xF6, 0x33, 0x1A, 0x31, 0x7D, 0x4F, 0xDB,
    0x45, 0xC0, 0x57, 0x45, 0x6A, 0xE0, 0x78, 0x86, 0x9D, 0x8E, 0xE1, 0x7C, 0x4F, 0xED, 0x74, 0xFE,
    0x80, 0x0F, 0xB2, 0x5B, 0xD0, 0xC3, 0xF5, 0xF8, 0x71, 0x7C, 0x7D, 0x4C, 0x33, 0x8E, 0xA2, 0xA0,
    0x55, 0x8D, 0xB6, 0x7A, 0xEE, 0x7B, 0x48, 0xF8, 0xE4, 0x48, 0xE4, 0x98, 0xB6, 0x55, 0x19, 0x95,
    0x55, 0x1D, 0x7E, 0x1F, 0xF9, 0x24, 0x9F, 0x30, 0x29, 0x03, 0x3B, 0xF2, 0xE3, 0xFC, 0x08, 0x32,
    0x51, 0x19, 0x4F, 0x38, 0x12, 0x72, 0xAB, 0x07, 0xB7, 0x47, 0x0D, 0x55, 0x0E, 0xD6, 0xB4, 0x43,
    0x0B, 0xB0, 0xED, 0x9D, 0xAA, 0x29, 0xCB, 0xA7, 0x8D, 0x00, 0x8C, 0xC5, 0x0D, 0xA5, 0xEF, 0x9B,
    0x85, 0x26, 0x75, 0xBF, 0xAD, 0x3C, 0x6F, 0x5A, 0x7F, 0x03, 0x76, 0x86, 0x9F, 0x9C, 0x8C, 0x1B,
    0x55, 0x04, 0x30, 0xCA, 0x47, 0xC0, 0x95, 0xC0, 0x7E, 0xA3, 0xCA, 0xDB, 0x7E, 0x7C, 0x9C, 0x9A,
    0x7D, 0x24, 0xB7, 0xEE, 0x19, 0x2A, 0x2E, 0xEA, 0x84, 0x3D, 0x5A, 0xC6, 0x87, 0x82, 0xFA, 0x74,
    0x5F, 0x30, 0x0A, 0x68, 0x77, 0x8A, 0x17, 0xB2, 0x4C, 0x03, 0xB7, 0xE2, 0x59, 0xB0, 0x29, 0xFB,
    0x45, 0xA8, 0x54, 0x51, 0xAA, 0x0E, 0x42, 0xDD, 0x2F, 0x22, 0xC5, 0xAC, 0xCD, 0x1D, 0x4F, 0xF2,
    0xF9, 0x50, 0x89, 0xF2, 0xB4, 0xC1, 0x9D, 0x5E, 0x48, 0xC4, 0x2C, 0x2F, 0x60, 0x21, 0x46, 0x82,
    0xD7, 0x0D, 0x06, 0xAF, 0xF7, 0x76, 0x91, 0x26, 0x22, 0x38, 0x71, 0x4D, 0x5E, 0x8E, 0xF0, 0x4C,
    0x2C, 0x87, 0xDB, 0x3E, 0x51, 0xAD, 0xF3, 0xFE, 0xAA, 0x80, 0x00, 0xB5, 0xCD, 0xFC, 0xF7, 0xDC,
    0x5D, 0x1D, 0xDA, 0x77, 0x87, 0x0B, 0x45, 0x9F, 0x89, 0x8A, 0x42, 0x0B, 0x83, 0x72, 0xA9, 0x48,
    0x87, 0x8A, 0xD7, 0x3B, 0x7E, 0x8C, 0xE9, 0x30, 0xB9, 0xD9, 0x91, 0xD5, 0xAC, 0xC2, 0x25, 0x15,
    0xCA, 0xA8, 0x76, 0xF3, 0xF7, 0x89, 0xC5, 0x6B, 0x00, 0xCA, 0xB5, 0x9E, 0xF2, 0x35, 0xA0, 0x5C,
    0xB2, 0x30, 0xCF, 0xE6, 0xA3, 0x22, 0xA2, 0xCD, 0x3F, 0xDB, 0xB9, 0xF5, 0x63, 0x00, 0x8E, 0x0E,
    0x4D, 0x3A, 0x0C, 0x98, 0x0F, 0xCE, 0xF2, 0xCB, 0x0E, 0x46, 0x68, 0x62, 0xF6, 0xCB, 0x2C, 0x14,
    0x1C, 0x60, 0x51, 0x46, 0xF4, 0xC3, 0xF1, 0x7A, 0xD3, 0xCE, 0xCE, 0x98, 0xCF, 0x25, 0x4D, 0xFB,
    0x61, 0xCE, 0xA1, 0x2F, 0xD0, 0xEF, 0x59, 0xE8, 0x0D, 0x50, 0x9F, 0xD7, 0x00, 0x7C, 0x77, 0xA0,
    0x89, 0xB9, 0xF3, 0xF5, 0xEE, 0xC7, 0x7C, 0x9E, 0xED, 0xEC, 0x56, 0x59, 0x3A, 0x66, 0xD3, 0x2A,
    0x4D, 0x38, 0xCF, 0x34, 0x26, 0x26, 0x28, 0x38, 0x10, 0xCA, 0x59, 0x99, 0x80, 0x7E, 0x70, 0x01,
    0x69, 0x8A, 0x55, 0x94, 0x06, 0x13, 0xA7, 0xDA, 0x15, 0xCF, 0xB6, 0xA3, 0x95, 0x9D, 0xED, 0xE0,
    0x65, 0x5C, 0x7D, 0x03, 0xD9, 0x6C, 0x37, 0x20, 0xA1, 0x71, 0x40, 0x55, 0x93, 0xEE, 0x9B, 0x62,
    0x6E, 0xBB, 0xAE, 0xB0, 0xA7, 0x50, 0x55, 0x97, 0xEF, 0x6B, 0xF8, 0xAD, 0x9B, 0xD7, 0x5B, 0xEA,
    0x20, 0xBD, 0xBD, 0x20, 0x88, 0xB2, 0x59, 0xBE, 0x32, 0x9E, 0xDA, 0xFC, 0x51, 0xBE, 0x1E, 0x4B,
    0x07, 0x3C, 0xDA, 0xAF, 0xF5, 0x75, 0x7E, 0xB2, 0x7F, 0xBC, 0x6A, 0xBD, 0xC1, 0x15, 0x4E, 0xE8,
    0xA0, 0x3D, 0x14, 0x64, 0x9A, 0xF4, 0x1B, 0x9F, 0x24, 0x24, 0x28, 0x3A, 0x4B, 0x05, 0x74, 0x7C,
    0xC8, 0xA3, 0x23, 0x82, 0x97, 0xF2, 0x7D, 0x88, 0xE5, 0x99, 0x8F, 0xD0, 0xD2, 0xA4, 0xCA, 0x02,
    0x4C, 0x9B, 0x69, 0xB6, 0x3D, 0x50, 0xB9, 0x41, 0x23, 0xB6, 0x36, 0x2E, 0x0B, 0x78, 0xE6, 0x29,
    0xBE, 0x63, 0xDA, 0x4C, 0x73, 0xF4, 0xD5, 0x2C, 0x82, 0xF7, 0x05, 0x45, 0x25, 0x8A, 0xE2, 0xCA,
    0xC7, 0x2A, 0x74, 0xE7, 0xE1, 0x87, 0xA2, 0xA8, 0xF2, 0xAA, 0x0D, 0x3D, 0xA0, 0xD1, 0xEB, 0xAD,
    0x2F, 0x31, 0xE4, 0xA4, 0x0D, 0x02, 0xAF, 0x81, 0x0F, 0x80, 0x5B, 0xAF, 0xBF, 0xC7, 0x12, 0x6B,
    0x8B, 0x17, 0xE3, 0xA2, 0x3D, 0x47, 0xE5, 0xF0, 0xC3, 0x9B, 0x79, 0x11, 0x7C, 0xA9, 0xA0, 0x52,
    0xFD, 0xDE, 0x6B, 0xEC, 0x79, 0x88, 0x9C, 0xFF, 0xA3, 0x39, 0xED, 0x79, 0x4E, 0x05, 0xD2, 0x38,
    0x38, 0x79, 0x70, 0x4D, 0x79, 0x9A, 0x6B, 0xC8, 0x73, 0x8D, 0xFF, 0x78, 0xAE, 0x9D, 0x42, 0xE4,
    0x3A, 0xCD, 0x45, 0x1A, 0x81, 0xAE, 0xFA, 0xE2, 0xD4, 0xA3, 0xDC, 0x79, 0x31, 0x0E, 0xCE, 0x6D,
    0xDC, 0x9B, 0x4A, 0x4C, 0x6C, 0xBF, 0x12, 0x8C, 0xC7, 0x11, 0x48, 0x73, 0x91, 0x7C, 0x4B, 0x6B,
    0xA3, 0x8F, 0xC5, 0xDB, 0xE2, 0xB6, 0x36, 0x50, 0x22, 0xDF, 0xAE, 0x93, 0xE0, 0x63, 0x4D, 0xA3,
    0xE4, 0xBE, 0xDD, 0x46, 0x29, 0xF9, 0x16, 0xA9, 0x0C, 0x06, 0x4B, 0x65, 0x00, 0xB7, 0x81, 0x37,
    0xBC, 0x75, 0x20, 0x4B, 0xB3, 0x24, 0x6D, 0x50, 0xC0, 0x98, 0x56, 0x3A, 0x0F, 0x6A, 0xE3, 0x98,
    0xB9, 0x7D, 0x6C, 0x45, 0xDC, 0xD3, 0x71, 0x1E, 0x13, 0xDD, 0xE3, 0xC7, 0x4C, 0xED, 0x54, 0xEE,
    0x78, 0xA4, 0x36, 0x6E, 0xC1, 0xE4, 0x84, 0xBB, 0x7F, 0x19, 0xCF, 0xF2, 0xFA, 0x3C, 0xCB, 0xEF,
    0x71, 0x26, 0x4F, 0xB0, 0xA1, 0x1F, 0x34, 0xCA, 0xE6, 0xA0, 0x69, 0x59, 0x3B, 0x8D, 0xFD, 0xE9,
    0xA6, 0x49, 0x73, 0x94, 0xC8, 0xED, 0xAF, 0x7D, 0xE3, 0xDF, 0x7A, 0x2B, 0x7D, 0xF3, 0x58, 0x1F,
    0xDB, 0x17, 0xD3, 0x34, 0xF3, 0xA6, 0xFA, 0xB7, 0x21, 0xCF, 0x48, 0xD8, 0x89, 0x18, 0xDB, 0xC5,
    0x48, 0x84, 0x8E, 0x7D, 0x0E, 0xEF, 0x12, 0x60, 0x81, 0x3A, 0x0B, 0x2F, 0xA9, 0x45, 0x1A, 0x4A,
    0x57, 0xE3, 0xD2, 0xA1, 0xAF, 0x5F, 0x13, 0xF7, 0xCB, 0xCB, 0xFA, 0x5B, 0x6D, 0xBA, 0xB5, 0x37,
    0x59, 0xD3, 0xF3, 0x31, 0x38, 0x9B, 0x3D, 0x3D, 0xF8, 0x75, 0x04, 0x4F, 0x13, 0x8E, 0xFC, 0xE2,
    0x4F, 0xF8, 0xEB, 0x98, 0x1A, 0x3E, 0xE2, 0xDF, 0x9F, 0xF0, 0x89, 0xE2, 0xF1, 0xFD, 0x8C, 0x2B,
    0xFA, 0x64, 0xBF, 0x5D, 0xD3, 0xB7, 0x97, 0xF3, 0x2D, 0x8E, 0x8C, 0xCE, 0x77, 0x78, 0x2D, 0xEA,
    0xFD, 0x71, 0xD4, 0xF2, 0x2C, 0xCF, 0xAF, 0x27, 0x79, 0x5F, 0xEF, 0x96, 0x67, 0xF2, 0xF5, 0x6E,
    0xB9, 0xEF, 0xAB, 0x4E, 0xB6, 0x91, 0xFE, 0x3F, 0xB1, 0xD8, 0x37, 0x27, 0x7A, 0xA7, 0xD2, 0xBD,
    0xF4, 0x8B, 0x02, 0xEA, 0x2D, 0xF6, 0x63, 0xFC, 0x34, 0xCE, 0x87, 0xA7, 0xE1, 0xA5, 0x1B, 0xCE,
    0xEF, 0xD4, 0xBC, 0xB4, 0x95, 0x1F, 0x3F, 0x1A, 0x36, 0xF6, 0x85, 0xA5, 0x0D, 0xE5, 0xD9, 0xBE,
    0xA3, 0xDE, 0x62, 0xEB, 0x9F, 0xDA, 0x1D, 0xCA, 0x93, 0xFE, 0x80, 0x7A, 0x8B, 0x1B, 0xF5, 0xDB,
    0xAD, 0xB9, 0xFF, 0x86, 0xCB, 0xED, 0xD6, 0x5C, 0x60, 0x43, 0x15, 0xCF, 0x4A, 0x78, 0x42, 0x7D,
    0x8A, 0xA8, 0x1F, 0xC2, 0xF5, 0x90, 0x0C, 0x67, 0xF9, 0x36, 0x3E, 0xCA, 0x67, 0x3C, 0x51, 0x01,
    0xE8, 0x2C, 0x38, 0xF8, 0xBA, 0x86, 0xE6, 0xFA, 0x0E, 0x9F, 0x29, 0xC9, 0x37, 0x41, 0x6A, 0xD7,
    0x45, 0x9A, 0xFF, 0x7B, 0xF2, 0x7E, 0xE3, 0x62, 0x2E, 0x57, 0x67, 0xCD, 0xED, 0xFD, 0x03, 0xC9,
    0x4C, 0x50, 0x8B, 0x97, 0x22, 0x95, 0x01, 0x92, 0x52, 0x22, 0x9A, 0x84, 0x8C, 0xAC, 0x58, 0x19,
    0x37, 0xD0, 0x6A, 0x44, 0x71, 0xFF, 0xA6, 0xC8, 0x78, 0xD4, 0xF0, 0xB8, 0x0F, 0x89, 0xAD, 0x44,
    0xD8, 0x11, 0x41, 0x85, 0x13, 0x89, 0x28, 0x87, 0xE7, 0xCC, 0xB2, 0xD2, 0x2A, 0x62, 0x84, 0xAD,
    0xC6, 0x50, 0xE4, 0xEC, 0x41, 0xE9, 0x4C, 0xF7, 0x14, 0xF1, 0x8C, 0xFA, 0xCD, 0x23, 0x07, 0x09,
    0xA3, 0xEE, 0x31, 0xA2, 0x9B, 0xB7, 0x38, 0x63, 0x26, 0x94, 0x29, 0xCF, 0x6D, 0x10, 0x33, 0xA1,
    0x64, 0x9C, 0xF1, 0x67, 0xA3, 0x67, 0xDC, 0xE2, 0x74, 0x30, 0xCB, 0xC1, 0x95, 0xF6, 0x38, 0x15,
    0x3C, 0xE0, 0x85, 0x07, 0xB9, 0x7C, 0x1A, 0x5F, 0x7C, 0x77, 0x03, 0xF6, 0x44, 0xC0, 0x19, 0x7F,
    0x8E, 0xB2, 0x27, 0xFB, 0x79, 0x02, 0xF6, 0xD3, 0x98, 0xFD, 0xF7, 0xCB, 0xA7, 0x6E, 0x6F, 0x93,
    0xB3, 0x2D, 0xB8, 0x74, 0xF9, 0x6C, 0x04, 0x27, 0x9C, 0xCD, 0x2E, 0xA0, 0x59, 0x1E, 0x75, 0xF4,
    0x9C, 0xEE, 0xF8, 0x0F, 0xA2, 0x87, 0xE5, 0x4D, 0x7F, 0xF8, 0x93, 0xD5, 0xD3, 0xEE, 0x9F, 0xFA,
    0x36, 0x7E, 0xF8, 0x76, 0xEC, 0x80, 0x08, 0x55, 0x1B, 0xE7, 0xC0, 0x81, 0x8D, 0x3E, 0x5B, 0x2B,
    0x60, 0x78, 0x24, 0xA2, 0x09, 0x6B, 0x3B, 0x11, 0x44, 0x5C, 0xAF, 0x9A, 0xEB, 0xFB, 0xAA, 0xD7,
    0x8A, 0x67, 0xD2, 0x26, 0x49, 0x26, 0xEA, 0xD2, 0x57, 0xA7, 0x1C, 0x96, 0x8C, 0x41, 0x96, 0x7D,
    0x58, 0x32, 0xB6, 0x8F, 0x94, 0xB1, 0x48, 0x49, 0x77, 0x1A, 0x3D, 0x3C, 0xEB, 0x63, 0xE0, 0x45,
    0x2B, 0x0E, 0xA1, 0xFA, 0x10, 0x78, 0xD1, 0x75, 0x55, 0xE9, 0xEC, 0xDD, 0x42, 0x4F, 0xB6, 0x1B,
    0x04, 0x15, 0x04, 0x27, 0x9F, 0xCC, 0xF4, 0x65, 0xE1, 0x9F, 0x02, 0x75, 0xA6, 0x88, 0xAB, 0x7D,
    0x3B, 0x1A, 0x75, 0xFD, 0xB5, 0x41, 0xF3, 0x31, 0x0B, 0x11, 0xD7, 0xB5, 0x87, 0x84, 0x94, 0xF0,
    0xFC, 0x71, 0x21, 0xDA, 0xE6, 0xF9, 0xE3, 0x22, 0xE3, 0x31, 0xB8, 0x5B, 0xCE, 0xA3, 0xFB, 0x0A,
    0xC9, 0xC1, 0xDD, 0x8C, 0xDF, 0x82, 0x56, 0x35, 0xE2, 0x29, 0x64, 0x45, 0x9C, 0xE4, 0x43, 0xF8,
    0xAC, 0xD6, 0x13, 0x4F, 0x1C, 0xB8, 0x8D, 0x7C, 0x55, 0x39, 0xFA, 0x51, 0xAB, 0x34, 0x50, 0xE9,
    0xCF, 0xF2, 0x6D, 0x7C, 0x92, 0xBF, 0x8F, 0x1F, 0x0A, 0x4A, 0xCE, 0x33, 0x7D, 0x7F, 0x7D, 0x7F,
    0x3D, 0x9C, 0xB7, 0x25, 0xCA, 0xF5, 0x99, 0x22, 0xF9, 0xBB, 0xE3, 0xDE, 0x7E, 0x4B, 0xED, 0x02,
    0x10, 0xF8, 0xF9, 0xBF, 0xE6, 0xBA, 0xBC, 0xAC, 0xF5, 0x86, 0xEF, 0x29, 0xCB, 0x6B, 0x5A, 0xF2,
    0x98, 0xE4, 0xB7, 0xFB, 0x1F, 0xB5, 0xC1, 0x94, 0x76, 0xBF, 0x10, 0x79, 0xCE, 0xFE, 0xE1, 0xDF,
    0xFC, 0xD3, 0x76, 0xFF, 0xB1, 0x7C, 0x1B, 0x1E, 0x1C, 0x68, 0xCA, 0xB3, 0x7F, 0x90, 0x71, 0x95,
    0xD9, 0xFB, 0xD1, 0xD7, 0xDA, 0xE2, 0x65, 0xAA, 0xFF, 0xCA, 0xE9, 0x8D, 0x7F, 0xA2, 0x72, 0xA9,
    0x93, 0xDE, 0x9A, 0xE6, 0xFB, 0x25, 0x5E, 0xD6, 0x7A, 0xC5, 0xFF, 0x2A, 0x4F, 0x4B, 0x7E, 0x00,
    0x6D, 0xE5, 0xF3, 0xF9, 0x63, 0xF3, 0x93, 0x4F, 0x1F, 0xD3, 0x3B, 0x1E, 0xFC, 0xD3, 0xFA, 0xCF,
    0xFA, 0xDB, 0xF0, 0xE0, 0xCA, 0x2C, 0x25, 0xFD, 0x69, 0x1E, 0xC5, 0xE7, 0x0B, 0x1F, 0xDE, 0xBD,
    0xED, 0xBF, 0x00, 0xBD, 0x90, 0x81, 0x06, 0xC3, 0x50, 0x0C, 0x45, 0x0F, 0x01, 0x28, 0xF9, 0x95,
    0xC7, 0x00, 0x1E, 0xF9, 0xF5, 0xD0, 0x1F, 0xCA, 0x07, 0x3C, 0xB2, 0x44, 0xAD, 0x46, 0x31, 0xB3,
    0x5A, 0x8E, 0xDC, 0x53, 0xD4, 0x15, 0x0F, 0xCD, 0x5C, 0x30, 0x59, 0x06, 0x41, 0x1C, 0xA9, 0x48,
    0x48, 0xC0, 0x35, 0x2D, 0x33, 0xE3, 0xF8, 0xBE, 0x21, 0x75, 0xE9, 0x3A, 0x3A, 0x1D, 0x34, 0x61,
    0xAA, 0x13, 0xEA, 0xE2, 0xD0, 0xAB, 0x6F, 0xDB, 0x3F, 0xE9, 0x97, 0x58, 0x58, 0x64, 0xE6, 0xC2,
    0x76, 0x97, 0xC8, 0xEA, 0xB5, 0x5A, 0xBD, 0xF0, 0x53, 0x37, 0xD6, 0xF9, 0x7A, 0xBD, 0x3E, 0xBE,
    0x55, 0x70, 0xCA, 0xB0, 0x8B, 0x24, 0x7B, 0xC0, 0x9A, 0x9B, 0x95, 0xDE, 0x48, 0xF6, 0x04, 0x6D,
    0xA5, 0x2F, 0xDB, 0xB3, 0x54, 0x94, 0x0C, 0xFD, 0xD0, 0xF2, 0xBF, 0x03, 0x7B, 0x50, 0x1F, 0xDE,
    0x3C, 0xD6, 0xF0, 0x93, 0xC9, 0x39, 0x12, 0xDB, 0x68, 0x74, 0x8E, 0x31, 0xCA, 0x52, 0xCC, 0x0D,
    0xE0, 0x09, 0x63, 0x00, 0x03, 0xFB, 0x3F, 0x36, 0x36, 0xC6, 0x67, 0x8C, 0xCF, 0xD8, 0x9F, 0xB1,
    0xB7, 0x01, 0xC2, 0x3F, 0x10, 0x12, 0x24, 0x03, 0x00,
};

static const EpdGlyph times_16_regularGlyphs[] = {
    { 21, 23, 384, 1, 23, 121, 0 }, // U+0000
    { 16, 16, 256, 0, 14, 64, 121 }, // U+0001
    { 16, 16, 256, 0, 14, 64, 185 }, // U+0002
    { 16, 16, 256, 0, 14, 64, 249 }, // U+0003
    { 16, 16, 256, 0, 14, 64, 313 }, // U+0004
    { 16, 16, 256, 0, 14, 64, 377 }, // U+0005
    { 16, 16, 256, 0, 14, 64, 441 }, // U+0006
    { 16, 16, 256, 0, 14, 64, 505 }, // U+0007
    { 16, 16, 256, 0, 14, 64, 569 }, // U+0008
    { 16, 16, 256, 0, 14, 64, 633 }, // U+0009
    { 16, 16, 256, 0, 14, 64, 697 }, // U+000A
    { 16, 16, 256, 0, 14, 64, 761 }, // U+000B
    { 16, 16, 256, 0, 14, 64, 825 }, // U+000C
    { 16, 16, 256, 0, 14, 64, 889 }, // U+000D
    { 16, 16, 256, 0, 14, 64, 953 }, // U+000E
    { 16, 16, 256, 0, 14, 64, 1017 }, // U+000F
    { 16, 16, 256, 0, 14, 64, 1081 }, // U+0010
    { 16, 16, 256, 0, 14, 64, 1145 }, // U+0011
    { 16, 16, 256, 0, 14, 64, 1209 }, // U+0012
    { 16, 16, 256, 0, 14, 64, 1273 }, // U+0013
    { 16, 16, 256, 0, 14, 64, 1337 }, // U+0014
    { 16, 16, 256, 0, 14, 64, 1401 }, // U+0015
    { 16, 16, 256, 0, 14, 64, 1465 }, // U+0016
    { 16, 16, 256, 0, 14, 64, 1529 }, // U+0017
    { 16, 16, 256, 0, 14, 64, 1593 }, // U+0018
    { 16, 16, 256, 0, 14, 64, 1657 }, // U+0019
    { 16, 16, 256, 0, 14, 64, 1721 }, // U+001A
    { 16, 16, 256, 0, 14, 64, 1785 }, // U+001B
    { 16, 16, 256, 0, 14, 64, 1849 }, // U+001C
    { 16, 16, 256, 0, 14, 64, 1913 }, // U+001D
    { 16, 16, 256, 0, 14, 64, 1977 }, // U+001E
    { 16, 16, 256, 0, 14, 64, 2041 }, // U+001F
    { 1, 1, 128, 0, 1, 1, 2105 }, // U+0020
    { 4, 23, 176, 3, 23, 23, 2106 }, // !
    { 9, 7, 224, 2, 23, 16, 2129 }, // "
    { 16, 23, 272, 0, 23, 92, 2145 }, // #
    { 13, 28, 256, 2, 25, 91, 2237 }, // $
    { 23, 23, 432, 2, 23, 133, 2328 }, // %
    { 23, 23, 416, 2, 23, 133, 2461 }, // &
    { 3, 8, 96, 1, 23, 6, 2594 }, // '
    { 8, 28, 176, 2, 23, 56, 2600 }, // (
    { 8, 28, 176, 1, 23, 56, 2656 }, // )
    { 12, 13, 272, 2, 23, 39, 2712 }, // *
    { 16, 16, 304, 1, 17, 64, 2751 }, // +
    { 4, 7, 128, 2, 4, 7, 2815 }, // ,
    { 8, 2, 176, 1, 9, 4, 2822 }, // -
    { 4, 4, 128, 2, 4, 4, 2826 }, // .
    { 10, 26, 144, 0, 23, 65, 2830 }, // /
    { 14, 23, 256, 1, 23, 81, 2895 }, // 0
    { 9, 23, 256, 4, 23, 52, 2976 }, // 1
    { 15, 23, 256, 0, 23, 87, 3028 }, // 2
    { 12, 23, 256, 2, 23, 69, 3115 }, // 3
    { 14, 23, 256, 1, 23, 81, 3184 }, // 4
    { 13, 23, 256, 1, 23, 75, 3265 }, // 5
    { 14, 23, 256, 1, 23, 81, 3340 }, // 6
    { 14, 23, 256, 1, 23, 81, 3421 }, // 7
    { 13, 23, 256, 2, 23, 75, 3502 }, // 8
    { 14, 23, 256, 1, 23, 81, 3577 }, // 9
    { 4, 15, 144, 2, 15, 15, 3658 }, // :
    { 4, 18, 144, 2, 15, 18, 3673 }, // ;
    { 16, 18, 304, 1, 18, 72, 3691 }, // <
    { 16, 9, 304, 1, 13, 36, 3763 }, // =
    { 16, 18, 304, 2, 18, 72, 3799 }, // >
    { 11, 23, 208, 1, 23, 64, 3871 }, // ?
    { 27, 28, 496, 2, 23, 189, 3935 }, // @
    { 22, 23, 384, 1, 23, 127, 4124 }, // A
    { 20, 23, 352, 1, 23, 115, 4251 }, // B
    { 20, 23, 352, 1, 23, 115, 4366 }, // C
    { 22, 23, 384, 1, 23, 127, 4481 }, // D
    { 19, 23, 320, 1, 23, 110, 4608 }, // E
    { 17, 23, 288, 1, 23, 98, 4718 }, // F
    { 22, 23, 384, 1, 23, 127, 4816 }, // G
    { 22, 23, 384, 1, 23, 127, 4943 }, // H
    { 9, 23, 176, 1, 23, 52, 5070 }, // I
    { 12, 23, 208, 1, 23, 69, 5122 }, // J
    { 23, 23, 384, 1, 23, 133, 5191 }, // K
    { 19, 23, 320, 1, 23, 110, 5324 }, // L
    { 28, 23, 480, 1, 23, 161, 5434 }, // M
    { 22, 23, 384, 1, 23, 127, 5595 }, // N
    { 22, 23, 384, 1, 23, 127, 5722 }, // O
    { 17, 23, 288, 1, 23, 98, 5849 }, // P
    { 22, 29, 384, 1, 23, 160, 5947 }, // Q
    { 21, 23, 352, 1, 23, 121, 6107 }, // R
    { 15, 23, 288, 1, 23, 87, 6228 }, // S
    { 19, 23, 320, 1, 23, 110, 6315 }, // T
    { 22, 23, 384, 1, 23, 127, 6425 }, // U
    { 22, 23, 368, 1, 23, 127, 6552 }, // V
    { 31, 23, 512, 1, 23, 179, 6679 }, // W
    { 22, 23, 384, 1, 23, 127, 6858 }, // X
    { 22, 23, 384, 1, 23, 127, 6985 }, // Y
    { 19, 23, 320, 1, 23, 110, 7112 }, // Z
    { 7, 28, 176, 3, 23, 49, 7222 }, // [
    { 13, 23, 144, -2, 23, 75, 7271 }, // <backslash>
    { 7, 28, 176, 1, 23, 49, 7346 }, // ]
    { 13, 13, 256, 1, 23, 43, 7395 }, // ^
    { 17, 2, 272, 0, -3, 9, 7438 }, // _
    { 7, 6, 176, 1, 23, 11, 7447 }, // `
    { 13, 15, 240, 1, 15, 49, 7458 }, // a
    { 15, 23, 256, 0, 23, 87, 7507 }, // b
    { 12, 15, 240, 1, 15, 45, 7594 }, // c
    { 15, 23, 256, 1, 23, 87, 7639 }, // d
    { 12, 15, 240, 1, 15, 45, 7726 }, // e
    { 12, 23, 176, 0, 23, 69, 7771 }, // f
    { 14, 22, 256, 1, 15, 77, 7840 }, // g
    { 16, 23, 256, 0, 23, 92, 7917 }, // h
    { 7, 23, 144, 1, 23, 41, 8009 }, // i
    { 8, 30, 144, -1, 23, 60, 8050 }, // j
    { 16, 23, 256, 0, 23, 92, 8110 }, // k
    { 7, 23, 144, 1, 23, 41, 8202 }, // l
    { 25, 15, 416, 0, 15, 94, 8243 }, // m
    { 16, 15, 256, 0, 15, 60, 8337 }, // n
    { 14, 15, 256, 1, 15, 53, 8397 }, // o
    { 15, 22, 272, 0, 15, 83, 8450 }, // p
    { 15, 22, 272, 1, 15, 83, 8533 }, // q
    { 10, 15, 176, 1, 15, 38, 8616 }, // r
    { 10, 15, 208, 1, 15, 38, 8654 }, // s
    { 9, 19, 144, 0, 19, 43, 8692 }, // t
    { 16, 15, 272, 0, 15, 60, 8735 }, // u
    { 15, 15, 272, 1, 15, 57, 8795 }, // v
    { 21, 15, 384, 1, 15, 79, 8852 }, // w
    { 14, 15, 272, 1, 15, 53, 8931 }, // x
    { 15, 22, 272, 1, 15, 83, 8984 }, // y
    { 13, 15, 240, 1, 15, 49, 9067 }, // z
    { 8, 28, 256, 4, 23, 56, 9116 }, // {
    { 2, 23, 112, 2, 23, 12, 9172 }, // |
    { 8, 28, 256, 4, 23, 56, 9184 }, // }
    { 16, 4, 288, 1, 11, 16, 9240 }, // ~
    { 16, 16, 256, 0, 14, 64, 9256 }, // U+007F
    { 16, 16, 256, 0, 14, 64, 0 }, // U+0080
    { 16, 16, 256, 0, 14, 64, 64 }, // U+0081
    { 16, 16, 256, 0, 14, 64, 128 }, // U+0082
    { 16, 16, 256, 0, 14, 64, 192 }, // U+0083
    { 16, 16, 256, 0, 14, 64, 256 }, // U+0084
    { 16, 16, 256, 0, 14, 64, 320 }, // U+0085
    { 16, 16, 256, 0, 14, 64, 384 }, // U+0086
    { 16, 16, 256, 0, 14, 64, 448 }, // U+0087
    { 16, 16, 256, 0, 14, 64, 512 }, // U+0088
    { 16, 16, 256, 0, 14, 64, 576 }, // U+0089
    { 16, 16, 256, 0, 14, 64, 640 }, // U+008A
    { 16, 16, 256, 0, 14, 64, 704 }, // U+008B
    { 16, 16, 256, 0, 14, 64, 768 }, // U+008C
    { 16, 16, 256, 0, 14, 64, 832 }, // U+008D
    { 16, 16, 256, 0, 14, 64, 896 }, // U+008E
    { 16, 16, 256, 0, 14, 64, 960 }, // U+008F
    { 16, 16, 256, 0, 14, 64, 1024 }, // U+0090
    { 16, 16, 256, 0, 14, 64, 1088 }, // U+0091
    { 16, 16, 256, 0, 14, 64, 1152 }, // U+0092
    { 16, 16, 256, 0, 14, 64, 1216 }, // U+0093
    { 16, 16, 256, 0, 14, 64, 1280 }, // U+0094
    { 16, 16, 256, 0, 14, 64, 1344 }, // U+0095
    { 16, 16, 256, 0, 14, 64, 1408 }, // U+0096
    { 16, 16, 256, 0, 14, 64, 1472 }, // U+0097
    { 16, 16, 256, 0, 14, 64, 1536 }, // U+0098
    { 16, 16, 256, 0, 14, 64, 1600 }, // U+0099
    { 16, 16, 256, 0, 14, 64, 1664 }, // U+009A
    { 16, 16, 256, 0, 14, 64, 1728 }, // U+009B
    { 16, 16, 256, 0, 14, 64, 1792 }, // U+009C
    { 16, 16, 256, 0, 14, 64, 1856 }, // U+009D
    { 16, 16, 256, 0, 14, 64, 1920 }, // U+009E
    { 16, 16, 256, 0, 14, 64, 1984 }, // U+009F
    { 1, 1, 128, 0, 1, 1, 2048 }, // U+00A0
    { 4, 22, 176, 3, 15, 22, 2049 }, // U+00A1
    { 12, 23, 272, 2, 19, 69, 2071 }, // U+00A2
    { 15, 23, 272, 1, 23, 87, 2140 }, // U+00A3
    { 16, 17, 272, 0, 20, 68, 2227 }, // U+00A4
    { 17, 23, 272, 0, 23, 98, 2295 }, // U+00A5
    { 2, 23, 112, 2, 23, 12, 2393 }, // U+00A6
    { 12, 28, 272, 2, 23, 84, 2405 }, // U+00A7
    { 9, 3, 176, 1, 21, 7, 2489 }, // U+00A8
    { 22, 23, 400, 1, 23, 127, 2496 }, // U+00A9
    { 9, 13, 144, 0, 23, 30, 2623 }, // U+00AA
    { 13, 13, 272, 1, 14, 43, 2653 }, // U+00AB
    { 16, 9, 288, 1, 13, 36, 2696 }, // U+00AC
    { 8, 2, 176, 1, 9, 4, 2732 }, // U+00AD
    { 22, 23, 400, 1, 23, 127, 2736 }, // U+00AE
    { 10, 2, 176, 0, 20, 5, 2863 }, // U+00AF
    { 10, 10, 208, 1, 23, 25, 2868 }, // U+00B0
    { 16, 20, 304, 1, 20, 80, 2893 }, // U+00B1
    { 9, 14, 160, 0, 23, 32, 2973 }, // U+00B2
    { 9, 14, 160, 0, 23, 32, 3005 }, // U+00B3
    { 7, 6, 176, 3, 23, 11, 3037 }, // U+00B4
    { 16, 22, 272, 0, 15, 88, 3048 }, // U+00B5
    { 13, 29, 240, 1, 23, 95, 3136 }, // U+00B6
    { 4, 4, 128, 2, 11, 4, 3231 }, // U+00B7
    { 6, 7, 176, 2, 0, 11, 3235 }, // U+00B8
    { 6, 14, 160, 2, 23, 21, 3246 }, // U+00B9
    { 9, 13, 160, 0, 23, 30, 3267 }, // U+00BA
    { 13, 13, 256, 2, 14, 43, 3297 }, // U+00BB
    { 22, 23, 400, 2, 23, 127, 3340 }, // U+00BC
    { 23, 23, 400, 1, 23, 133, 3467 }, // U+00BD
    { 24, 23, 400, 0, 23, 138, 3600 }, // U+00BE
    { 11, 22, 224, 1, 15, 61, 3738 }, // U+00BF
    { 22, 30, 384, 1, 30, 165, 3799 }, // U+00C0
    { 22, 30, 384, 1, 30, 165, 3964 }, // U+00C1
    { 22, 30, 384, 1, 30, 165, 4129 }, // U+00C2
    { 22, 28, 384, 1, 28, 154, 4294 }, // U+00C3
    { 22, 28, 384, 1, 28, 154, 4448 }, // U+00C4
    { 22, 30, 384, 1, 30, 165, 4602 }, // U+00C5
    { 28, 23, 480, 1, 23, 161, 4767 }, // U+00C6
    { 20, 30, 352, 1, 23, 150, 4928 }, // U+00C7
    { 19, 30, 320, 1, 30, 143, 5078 }, // U+00C8
    { 19, 30, 320, 1, 30, 143, 5221 }, // U+00C9
    { 19, 30, 320, 1, 30, 143, 5364 }, // U+00CA
    { 19, 28, 320, 1, 28, 133, 5507 }, // U+00CB
    { 9, 30, 176, 1, 30, 68, 5640 }, // U+00CC
    { 9, 30, 176, 1, 30, 68, 5708 }, // U+00CD
    { 10, 30, 176, 1, 30, 75, 5776 }, // U+00CE
    { 9, 28, 176, 1, 28, 63, 5851 }, // U+00CF
    { 22, 23, 384, 1, 23, 127, 5914 }, // U+00D0
    { 22, 29, 384, 1, 29, 160, 6041 }, // U+00D1
    { 22, 30, 384, 1, 30, 165, 6201 }, // U+00D2
    { 22, 30, 384, 1, 30, 165, 6366 }, // U+00D3
    { 22, 30, 384, 1, 30, 165, 6531 }, // U+00D4
    { 22, 28, 384, 1, 28, 154, 6696 }, // U+00D5
    { 22, 28, 384, 1, 28, 154, 6850 }, // U+00D6
    { 16, 16, 304, 1, 16, 64, 7004 }, // U+00D7
    { 22, 27, 384, 1, 25, 149, 7068 }, // U+00D8
    { 22, 30, 384, 1, 30, 165, 7217 }, // U+00D9
    { 22, 30, 384, 1, 30, 165, 7382 }, // U+00DA
    { 22, 30, 384, 1, 30, 165, 7547 }, // U+00DB
    { 22, 28, 384, 1, 28, 154, 7712 }, // U+00DC
    { 22, 30, 384, 1, 30, 165, 7866 }, // U+00DD
    { 18, 23, 304, 1, 23, 104, 8031 }, // U+00DE
    { 15, 23, 272, 1, 23, 87, 8135 }, // U+00DF
    { 13, 23, 240, 1, 23, 75, 8222 }, // U+00E0
    { 13, 23, 240, 1, 23, 75, 8297 }, // U+00E1
    { 13, 23, 240, 1, 23, 75, 8372 }, // U+00E2
    { 13, 21, 240, 1, 21, 69, 8447 }, // U+00E3
    { 13, 21, 240, 1, 21, 69, 8516 }, // U+00E4
    { 13, 23, 240, 1, 23, 75, 8585 }, // U+00E5
    { 19, 15, 352, 1, 15, 72, 8660 }, // U+00E6
    { 12, 22, 240, 1, 15, 66, 8732 }, // U+00E7
    { 12, 23, 240, 1, 23, 69, 8798 }, // U+00E8
    { 12, 23, 240, 1, 23, 69, 8867 }, // U+00E9
    { 12, 23, 240, 1, 23, 69, 8936 }, // U+00EA
    { 12, 21, 240, 1, 21, 63, 9005 }, // U+00EB
    { 7, 23, 144, 1, 23, 41, 9068 }, // U+00EC
    { 7, 23, 144, 1, 23, 41, 9109 }, // U+00ED
    { 10, 23, 144, 0, 23, 58, 9150 }, // U+00EE
    { 9, 21, 144, 0, 21, 48, 9208 }, // U+00EF
    { 14, 23, 272, 1, 23, 81, 9256 }, // U+00F0
    { 16, 21, 256, 0, 21, 84, 9337 }, // U+00F1
    { 14, 23, 256, 1, 23, 81, 9421 }, // U+00F2
    { 14, 23, 256, 1, 23, 81, 9502 }, // U+00F3
    { 14, 23, 256, 1, 23, 81, 9583 }, // U+00F4
    { 14, 21, 256, 1, 21, 74, 9664 }, // U+00F5
    { 14, 21, 256, 1, 21, 74, 9738 }, // U+00F6
    { 16, 17, 304, 1, 17, 68, 9812 }, // U+00F7
    { 14, 21, 272, 1, 18, 74, 9880 }, // U+00F8
    { 16, 23, 272, 0, 23, 92, 9954 }, // U+00F9
    { 16, 23, 272, 0, 23, 92, 10046 }, // U+00FA
    { 16, 23, 272, 0, 23, 92, 10138 }, // U+00FB
    { 16, 21, 272, 0, 21, 84, 10230 }, // U+00FC
    { 15, 30, 272, 0, 23, 113, 10314 }, // U+00FD
    { 15, 30, 272, 0, 23, 113, 10427 }, // U+00FE
    { 15, 28, 272, 1, 21, 105, 10540 }, // U+00FF
    { 22, 26, 384, 1, 26, 143, 0 }, // U+0100
    { 13, 18, 240, 1, 18, 59, 143 }, // U+0101
    { 22, 29, 384, 1, 29, 160, 202 }, // U+0102
    { 13, 21, 240, 1, 21, 69, 362 }, // U+0103
    { 22, 28, 384, 1, 23, 154, 431 }, // U+0104
    { 13, 20, 240, 1, 15, 65, 585 }, // U+0105
    { 20, 30, 352, 1, 30, 150, 650 }, // U+0106
    { 12, 22, 240, 1, 22, 66, 800 }, // U+0107
    { 20, 30, 352, 1, 30, 150, 866 }, // U+0108
    { 12, 22, 240, 1, 22, 66, 1016 }, // U+0109
    { 20, 27, 352, 1, 27, 135, 1082 }, // U+010A
    { 12, 19, 240, 1, 19, 57, 1217 }, // U+010B
    { 20, 30, 352, 1, 30, 150, 1274 }, // U+010C
    { 12, 22, 240, 1, 22, 66, 1424 }, // U+010D
    { 22, 30, 384, 1, 30, 165, 1490 }, // U+010E
    { 21, 23, 416, 1, 23, 121, 1655 }, // U+010F
    { 22, 23, 384, 1, 23, 127, 1776 }, // U+0110
    { 16, 23, 256, 1, 23, 92, 1903 }, // U+0111
    { 19, 26, 320, 1, 26, 124, 1995 }, // U+0112
    { 12, 18, 240, 1, 18, 54, 2119 }, // U+0113
    { 19, 29, 320, 1, 29, 138, 2173 }, // U+0114
    { 12, 21, 240, 1, 21, 63, 2311 }, // U+0115
    { 19, 27, 320, 1, 27, 129, 2374 }, // U+0116
    { 12, 19, 240, 1, 19, 57, 2503 }, // U+0117
    { 19, 28, 320, 1, 23, 133, 2560 }, // U+0118
    { 12, 20, 240, 1, 15, 60, 2693 }, // U+0119
    { 19, 30, 320, 1, 30, 143, 2753 }, // U+011A
    { 12, 22, 240, 1, 22, 66, 2896 }, // U+011B
    { 22, 30, 384, 1, 30, 165, 2962 }, // U+011C
    { 14, 29, 256, 1, 22, 102, 3127 }, // U+011D
    { 22, 29, 384, 1, 29, 160, 3229 }, // U+011E
    { 14, 28, 256, 1, 21, 98, 3389 }, // U+011F
    { 22, 27, 384, 1, 27, 149, 3487 }, // U+0120
    { 14, 26, 256, 1, 19, 91, 3636 }, // U+0121
    { 22, 31, 384, 1, 23, 171, 3727 }, // U+0122
    { 14, 30, 256, 1, 23, 105, 3898 }, // U+0123
    { 22, 30, 384, 1, 30, 165, 4003 }, // U+0124
    { 16, 30, 256, 0, 30, 120, 4168 }, // U+0125
    { 22, 23, 384, 1, 23, 127, 4288 }, // U+0126
    { 16, 23, 256, 0, 23, 92, 4415 }, // U+0127
    { 11, 28, 176, 0, 28, 77, 4507 }, // U+0128
    { 11, 20, 144, -1, 20, 55, 4584 }, // U+0129
    { 10, 26, 176, 1, 26, 65, 4639 }, // U+012A
    { 10, 18, 144, -1, 18, 45, 4704 }, // U+012B
    { 9, 29, 176, 1, 29, 66, 4749 }, // U+012C
    { 9, 21, 144, 0, 21, 48, 4815 }, // U+012D
    { 9, 28, 176, 1, 23, 63, 4863 }, // U+012E
    { 8, 28, 144, 1, 23, 56, 4926 }, // U+012F
    { 9, 27, 176, 1, 27, 61, 4982 }, // U+0130
    { 7, 15, 144, 1, 15, 27, 5043 }, // U+0131
    { 22, 23, 368, 1, 23, 127, 5070 }, // U+0132
    { 15, 30, 288, 1, 23, 113, 5197 }, // U+0133
    { 12, 30, 208, 1, 30, 90, 5310 }, // U+0134
    { 11, 29, 144, -1, 22, 80, 5400 }, // U+0135
    { 23, 31, 384, 1, 23, 179, 5480 }, // U+0136
    { 16, 31, 256, 0, 23, 124, 5659 }, // U+0137
    { 16, 15, 256, 0, 15, 60, 5783 }, // U+0138
    { 19, 30, 320, 1, 30, 143, 5843 }, // U+0139
    { 8, 30, 144, 1, 30, 60, 5986 }, // U+013A
    { 19, 31, 320, 1, 23, 148, 6046 }, // U+013B
    { 7, 31, 144, 1, 23, 55, 6194 }, // U+013C
    { 25, 23, 480, 1, 23, 144, 6249 }, // U+013D
    { 15, 23, 320, 1, 23, 87, 6393 }, // U+013E
    { 24, 23, 432, 1, 23, 138, 6480 }, // U+013F
    { 14, 23, 272, 1, 23, 81, 6618 }, // U+0140
    { 19, 23, 320, 1, 23, 110, 6699 }, // U+0141
    { 7, 23, 144, 1, 23, 41, 6809 }, // U+0142
    { 22, 30, 384, 1, 30, 165, 6850 }, // U+0143
    { 16, 22, 256, 0, 22, 88, 7015 }, // U+0144
    { 22, 31, 384, 1, 23, 171, 7103 }, // U+0145
    { 16, 23, 256, 0, 15, 92, 7274 }, // U+0146
    { 22, 30, 384, 1, 30, 165, 7366 }, // U+0147
    { 16, 22, 256, 0, 22, 88, 7531 }, // U+0148
    { 23, 23, 416, 3, 23, 133, 7619 }, // U+0149
    { 22, 30, 384, 1, 23, 165, 7752 }, // U+014A
    { 14, 22, 256, 0, 15, 77, 7917 }, // U+014B
    { 22, 26, 384, 1, 26, 143, 7994 }, // U+014C
    { 14, 18, 256, 1, 18, 63, 8137 }, // U+014D
    { 22, 29, 384, 1, 29, 160, 8200 }, // U+014E
    { 14, 21, 256, 1, 21, 74, 8360 }, // U+014F
    { 22, 30, 384, 1, 30, 165, 8434 }, // U+0150
    { 14, 22, 256, 1, 22, 77, 8599 }, // U+0151
    { 28, 23, 480, 1, 23, 161, 8676 }, // U+0152
    { 21, 15, 384, 1, 15, 79, 8837 }, // U+0153
    { 21, 30, 352, 1, 30, 158, 8916 }, // U+0154
    { 10, 22, 176, 1, 22, 55, 9074 }, // U+0155
    { 21, 31, 352, 1, 23, 163, 9129 }, // U+0156
    { 10, 23, 176, 1, 15, 58, 9292 }, // U+0157
    { 21, 30, 352, 1, 30, 158, 9350 }, // U+0158
    { 10, 22, 176, 1, 22, 55, 9508 }, // U+0159
    { 15, 30, 288, 1, 30, 113, 9563 }, // U+015A
    { 10, 22, 208, 1, 22, 55, 9676 }, // U+015B
    { 15, 30, 288, 1, 30, 113, 9731 }, // U+015C
    { 10, 22, 208, 1, 22, 55, 9844 }, // U+015D
    { 15, 30, 288, 1, 23, 113, 9899 }, // U+015E
    { 10, 22, 208, 1, 15, 55, 10012 }, // U+015F
    { 15, 27, 288, 1, 27, 102, 10067 }, // U+0160
    { 10, 23, 208, 1, 23, 58, 10169 }, // U+0161
    { 19, 30, 320, 1, 23, 143, 10227 }, // U+0162
    { 9, 26, 144, 0, 19, 59, 10370 }, // U+0163
    { 19, 30, 320, 1, 30, 143, 10429 }, // U+0164
    { 16, 23, 320, 0, 23, 92, 10572 }, // U+0165
    { 19, 23, 320, 1, 23, 110, 10664 }, // U+0166
    { 9, 19, 144, 0, 19, 43, 10774 }, // U+0167
    { 22, 28, 384, 1, 28, 154, 10817 }, // U+0168
    { 16, 20, 272, 0, 20, 80, 10971 }, // U+0169
    { 22, 26, 384, 1, 26, 143, 11051 }, // U+016A
    { 16, 18, 272, 0, 18, 72, 11194 }, // U+016B
    { 22, 29, 384, 1, 29, 160, 11266 }, // U+016C
    { 16, 21, 272, 0, 21, 84, 11426 }, // U+016D
    { 22, 31, 384, 1, 31, 171, 11510 }, // U+016E
    { 16, 23, 272, 0, 23, 92, 11681 }, // U+016F
    { 22, 30, 384, 1, 30, 165, 11773 }, // U+0170
    { 16, 22, 272, 0, 22, 88, 11938 }, // U+0171
    { 22, 28, 384, 1, 23, 154, 12026 }, // U+0172
    { 16, 20, 272, 0, 15, 80, 12180 }, // U+0173
    { 31, 30, 512, 1, 30, 233, 12260 }, // U+0174
    { 21, 22, 384, 1, 22, 116, 12493 }, // U+0175
    { 22, 30, 384, 1, 30, 165, 12609 }, // U+0176
    { 15, 29, 272, 1, 22, 109, 12774 }, // U+0177
    { 22, 25, 384, 1, 25, 138, 12883 }, // U+0178
    { 19, 30, 320, 1, 30, 143, 13021 }, // U+0179
    { 13, 22, 240, 1, 22, 72, 13164 }, // U+017A
    { 19, 27, 320, 1, 27, 129, 13236 }, // U+017B
    { 13, 19, 240, 1, 19, 62, 13365 }, // U+017C
    { 19, 27, 320, 1, 27, 129, 13427 }, // U+017D
    { 13, 23, 240, 1, 23, 75, 13556 }, // U+017E
    { 8, 16, 128, 0, 14, 32, 13631 }, // U+017F
    { 24, 23, 384, 1, 23, 138, 0 }, // U+01A0
    { 17, 15, 256, 1, 15, 64, 138 }, // U+01A1
    { 24, 23, 384, 1, 23, 138, 202 }, // U+01AF
    { 19, 15, 272, 0, 15, 72, 340 }, // U+01B0
    { 8, 16, 128, 0, 14, 32, 412 }, // U+01C4
    { 8, 16, 128, 0, 14, 32, 444 }, // U+01C5
    { 8, 16, 128, 0, 14, 32, 476 }, // U+01C6
    { 8, 16, 128, 0, 14, 32, 508 }, // U+01C7
    { 8, 16, 128, 0, 14, 32, 540 }, // U+01C8
    { 8, 16, 128, 0, 14, 32, 572 }, // U+01C9
    { 8, 16, 128, 0, 14, 32, 604 }, // U+01CA
    { 8, 16, 128, 0, 14, 32, 636 }, // U+01CB
    { 8, 16, 128, 0, 14, 32, 668 }, // U+01CC
    { 22, 30, 384, 1, 30, 165, 700 }, // U+01CD
    { 13, 22, 240, 1, 22, 72, 865 }, // U+01CE
    { 10, 30, 176, 1, 30, 75, 937 }, // U+01CF
    { 10, 22, 144, -1, 22, 55, 1012 }, // U+01D0
    { 22, 30, 384, 1, 30, 165, 1067 }, // U+01D1
    { 14, 22, 256, 1, 22, 77, 1232 }, // U+01D2
    { 22, 30, 384, 1, 30, 165, 1309 }, // U+01D3
    { 16, 22, 272, 0, 22, 88, 1474 }, // U+01D4
    { 22, 31, 384, 1, 31, 171, 1562 }, // U+01D5
    { 16, 24, 272, 0, 24, 96, 1733 }, // U+01D6
    { 22, 35, 384, 1, 35, 193, 1829 }, // U+01D7
    { 16, 28, 272, 0, 28, 112, 2022 }, // U+01D8
    { 22, 35, 384, 1, 35, 193, 2134 }, // U+01D9
    { 16, 28, 272, 0, 28, 112, 2327 }, // U+01DA
    { 22, 35, 384, 1, 35, 193, 2439 }, // U+01DB
    { 16, 28, 272, 0, 28, 112, 2632 }, // U+01DC
    { 12, 15, 240, 1, 15, 45, 2744 }, // U+01DD
    { 22, 31, 384, 1, 31, 171, 2789 }, // U+01DE
    { 13, 24, 240, 1, 24, 78, 2960 }, // U+01DF
    { 22, 30, 384, 1, 30, 165, 3038 }, // U+01E0
    { 13, 22, 240, 1, 22, 72, 3203 }, // U+01E1
    { 28, 26, 480, 1, 26, 182, 3275 }, // U+01E2
    { 19, 18, 352, 1, 18, 86, 3457 }, // U+01E3
    { 24, 23, 384, 1, 23, 138, 3543 }, // U+01E4
    { 14, 22, 256, 1, 15, 77, 3681 }, // U+01E5
    { 22, 30, 384, 1, 30, 165, 3758 }, // U+01E6
    { 14, 29, 256, 1, 22, 102, 3923 }, // U+01E7
    { 23, 30, 384, 1, 30, 173, 4025 }, // U+01E8
    { 16, 30, 256, 0, 30, 120, 4198 }, // U+01E9
    { 22, 28, 384, 1, 23, 154, 4318 }, // U+01EA
    { 14, 20, 256, 1, 15, 70, 4472 }, // U+01EB
    { 22, 31, 384, 1, 26, 171, 4542 }, // U+01EC
    { 14, 23, 256, 1, 18, 81, 4713 }, // U+01ED
    { 8, 16, 128, 0, 14, 32, 4794 }, // U+01EE
    { 8, 16, 128, 0, 14, 32, 4826 }, // U+01EF
    { 11, 29, 144, -1, 22, 80, 4858 }, // U+01F0
    { 8, 16, 128, 0, 14, 32, 4938 }, // U+01F1
    { 8, 16, 128, 0, 14, 32, 4970 }, // U+01F2
    { 8, 16, 128, 0, 14, 32, 5002 }, // U+01F3
    { 22, 30, 384, 1, 30, 165, 5034 }, // U+01F4
    { 14, 29, 256, 1, 22, 102, 5199 }, // U+01F5
    { 8, 16, 128, 0, 14, 32, 5301 }, // U+01F6
    { 8, 16, 128, 0, 14, 32, 5333 }, // U+01F7
    { 22, 30, 384, 1, 30, 165, 5365 }, // U+01F8
    { 16, 22, 256, 0, 22, 88, 5530 }, // U+01F9
    { 22, 37, 384, 1, 37, 204, 5618 }, // U+01FA
    { 13, 30, 240, 1, 30, 98, 5822 }, // U+01FB
    { 28, 30, 480, 1, 30, 210, 5920 }, // U+01FC
    { 19, 22, 352, 1, 22, 105, 6130 }, // U+01FD
    { 22, 34, 384, 1, 32, 187, 6235 }, // U+01FE
    { 14, 28, 272, 1, 25, 98, 6422 }, // U+01FF
    { 22, 30, 384, 1, 30, 165, 6520 }, // U+0200
    { 14, 22, 240, 0, 22, 77, 6685 }, // U+0201
    { 22, 29, 384, 1, 29, 160, 6762 }, // U+0202
    { 13, 21, 240, 1, 21, 69, 6922 }, // U+0203
    { 19, 30, 320, 1, 30, 143, 6991 }, // U+0204
    { 13, 22, 240, 0, 22, 72, 7134 }, // U+0205
    { 19, 29, 320, 1, 29, 138, 7206 }, // U+0206
    { 12, 21, 240, 1, 21, 63, 7344 }, // U+0207
    { 12, 30, 176, -2, 30, 90, 7407 }, // U+0208
    { 12, 22, 144, -3, 22, 66, 7497 }, // U+0209
    { 9, 29, 176, 1, 29, 66, 7563 }, // U+020A
    { 9, 21, 144, 0, 21, 48, 7629 }, // U+020B
    { 22, 30, 384, 1, 30, 165, 7677 }, // U+020C
    { 14, 22, 256, 1, 22, 77, 7842 }, // U+020D
    { 22, 29, 384, 1, 29, 160, 7919 }, // U+020E
    { 14, 21, 256, 1, 21, 74, 8079 }, // U+020F
    { 21, 30, 352, 1, 30, 158, 8153 }, // U+0210
    { 12, 22, 176, -1, 22, 66, 8311 }, // U+0211
    { 21, 29, 352, 1, 29, 153, 8377 }, // U+0212
    { 10, 21, 176, 1, 21, 53, 8530 }, // U+0213
    { 22, 30, 384, 1, 30, 165, 8583 }, // U+0214
    { 16, 22, 272, 0, 22, 88, 8748 }, // U+0215
    { 22, 29, 384, 1, 29, 160, 8836 }, // U+0216
    { 16, 21, 272, 0, 21, 84, 8996 }, // U+0217
    { 15, 31, 288, 1, 23, 117, 9080 }, // U+0218
    { 10, 23, 208, 1, 15, 58, 9197 }, // U+0219
    { 19, 31, 320, 1, 23, 148, 9255 }, // U+021A
    { 9, 27, 144, 0, 19, 61, 9403 }, // U+021B
    { 8, 16, 128, 0, 14, 32, 9464 }, // U+021C
    { 8, 16, 128, 0, 14, 32, 9496 }, // U+021D
    { 22, 30, 384, 1, 30, 165, 9528 }, // U+021E
    { 16, 30, 256, 0, 30, 120, 9693 }, // U+021F
    { 8, 6, 0, 0, 23, 12, 0 }, // U+0300
    { 8, 6, 0, 0, 23, 12, 12 }, // U+0301
    { 10, 6, 0, 0, 23, 15, 24 }, // U+0302
    { 11, 4, 0, 0, 21, 11, 39 }, // U+0303
    { 10, 2, 0, 0, 18, 5, 50 }, // U+0304
    { 8, 16, 128, 0, 14, 32, 55 }, // U+0305
    { 9, 5, 0, 0, 21, 12, 87 }, // U+0306
    { 3, 3, 0, 0, 19, 3, 99 }, // U+0307
    { 9, 3, 0, 0, 21, 7, 102 }, // U+0308
    { 8, 16, 128, 0, 14, 32, 109 }, // U+0309
    { 8, 16, 128, 0, 14, 32, 141 }, // U+030A
    { 8, 16, 128, 0, 14, 32, 173 }, // U+030B
    { 8, 16, 128, 0, 14, 32, 205 }, // U+030C
    { 8, 16, 128, 0, 14, 32, 237 }, // U+030D
    { 8, 16, 128, 0, 14, 32, 269 }, // U+030E
    { 8, 16, 128, 0, 14, 32, 301 }, // U+030F
    { 9, 9, 0, 0, 25, 21, 333 }, // U+0310
    { 8, 16, 128, 0, 14, 32, 354 }, // U+0311
    { 8, 16, 128, 0, 14, 32, 386 }, // U+0312
    { 8, 16, 128, 0, 14, 32, 418 }, // U+0313
    { 8, 16, 128, 0, 14, 32, 450 }, // U+0314
    { 8, 16, 128, 0, 14, 32, 482 }, // U+0315
    { 8, 16, 128, 0, 14, 32, 514 }, // U+0316
    { 8, 16, 128, 0, 14, 32, 546 }, // U+0317
    { 8, 16, 128, 0, 14, 32, 578 }, // U+0318
    { 8, 16, 128, 0, 14, 32, 610 }, // U+0319
    { 8, 16, 128, 0, 14, 32, 642 }, // U+031A
    { 8, 16, 128, 0, 14, 32, 674 }, // U+031B
    { 8, 16, 128, 0, 14, 32, 706 }, // U+031C
    { 8, 16, 128, 0, 14, 32, 738 }, // U+031D
    { 8, 16, 128, 0, 14, 32, 770 }, // U+031E
    { 8, 16, 128, 0, 14, 32, 802 }, // U+031F
    { 8, 16, 128, 0, 14, 32, 834 }, // U+0320
    { 8, 16, 128, 0, 14, 32, 866 }, // U+0321
    { 8, 16, 128, 0, 14, 32, 898 }, // U+0322
    { 3, 3, 0, 0, -1, 3, 930 }, // U+0323
    { 8, 16, 128, 0, 14, 32, 933 }, // U+0324
    { 7, 7, 0, 0, -1, 13, 965 }, // U+0325
    { 8, 16, 128, 0, 14, 32, 978 }, // U+0326
    { 8, 16, 128, 0, 14, 32, 1010 }, // U+0327
    { 8, 16, 128, 0, 14, 32, 1042 }, // U+0328
    { 8, 16, 128, 0, 14, 32, 1074 }, // U+0329
    { 8, 16, 128, 0, 14, 32, 1106 }, // U+032A
    { 8, 16, 128, 0, 14, 32, 1138 }, // U+032B
    { 8, 16, 128, 0, 14, 32, 1170 }, // U+032C
    { 8, 16, 128, 0, 14, 32, 1202 }, // U+032D
    { 8, 16, 128, 0, 14, 32, 1234 }, // U+032E
    { 8, 16, 128, 0, 14, 32, 1266 }, // U+032F
    { 8, 16, 128, 0, 14, 32, 1298 }, // U+0330
    { 10, 2, 0, 0, -1, 5, 1330 }, // U+0331
    { 8, 16, 128, 0, 14, 32, 1335 }, // U+0332
    { 8, 16, 128, 0, 14, 32, 1367 }, // U+0333
    { 8, 16, 128, 0, 14, 32, 1399 }, // U+0334
    { 8, 16, 128, 0, 14, 32, 1431 }, // U+0335
    { 8, 16, 128, 0, 14, 32, 1463 }, // U+0336
    { 8, 16, 128, 0, 14, 32, 1495 }, // U+0337
    { 8, 16, 128, 0, 14, 32, 1527 }, // U+0338
    { 8, 16, 128, 0, 14, 32, 1559 }, // U+0339
    { 8, 16, 128, 0, 14, 32, 1591 }, // U+033A
    { 8, 16, 128, 0, 14, 32, 1623 }, // U+033B
    { 8, 16, 128, 0, 14, 32, 1655 }, // U+033C
    { 8, 16, 128, 0, 14, 32, 1687 }, // U+033D
    { 8, 16, 128, 0, 14, 32, 1719 }, // U+033E
    { 8, 16, 128, 0, 14, 32, 1751 }, // U+033F
    { 8, 16, 128, 0, 14, 32, 1783 }, // U+0340
    { 8, 16, 128, 0, 14, 32, 1815 }, // U+0341
    { 8, 16, 128, 0, 14, 32, 1847 }, // U+0342
    { 8, 16, 128, 0, 14, 32, 1879 }, // U+0343
    { 8, 16, 128, 0, 14, 32, 1911 }, // U+0344
    { 8, 16, 128, 0, 14, 32, 1943 }, // U+0345
    { 8, 16, 128, 0, 14, 32, 1975 }, // U+0346
    { 8, 16, 128, 0, 14, 32, 2007 }, // U+0347
    { 8, 16, 128, 0, 14, 32, 2039 }, // U+0348
    { 8, 16, 128, 0, 14, 32, 2071 }, // U+0349
    { 8, 16, 128, 0, 14, 32, 2103 }, // U+034A
    { 8, 16, 128, 0, 14, 32, 2135 }, // U+034B
    { 8, 16, 128, 0, 14, 32, 2167 }, // U+034C
    { 8, 16, 128, 0, 14, 32, 2199 }, // U+034D
    { 8, 16, 128, 0, 14, 32, 2231 }, // U+034E
    { 16, 16, 256, 0, 14, 64, 2263 }, // U+034F
    { 8, 16, 128, 0, 14, 32, 2327 }, // U+0350
    { 8, 16, 128, 0, 14, 32, 2359 }, // U+0351
    { 8, 16, 128, 0, 14, 32, 2391 }, // U+0352
    { 8, 16, 128, 0, 14, 32, 2423 }, // U+0353
    { 8, 16, 128, 0, 14, 32, 2455 }, // U+0354
    { 8, 16, 128, 0, 14, 32, 2487 }, // U+0355
    { 8, 16, 128, 0, 14, 32, 2519 }, // U+0356
    { 8, 16, 128, 0, 14, 32, 2551 }, // U+0357
    { 8, 16, 128, 0, 14, 32, 2583 }, // U+0358
    { 8, 16, 128, 0, 14, 32, 2615 }, // U+0359
    { 8, 16, 128, 0, 14, 32, 2647 }, // U+035A
    { 8, 16, 128, 0, 14, 32, 2679 }, // U+035B
    { 16, 16, 256, 0, 14, 64, 2711 }, // U+035C
    { 16, 16, 256, 0, 14, 64, 2775 }, // U+035D
    { 16, 16, 256, 0, 14, 64, 2839 }, // U+035E
    { 16, 16, 256, 0, 14, 64, 2903 }, // U+035F
    { 16, 16, 256, 0, 14, 64, 2967 }, // U+0360
    { 16, 16, 256, 0, 14, 64, 3031 }, // U+0361
    { 16, 16, 256, 0, 14, 64, 3095 }, // U+0362
    { 8, 16, 128, 0, 14, 32, 3159 }, // U+0363
    { 8, 16, 128, 0, 14, 32, 3191 }, // U+0364
    { 8, 16, 128, 0, 14, 32, 3223 }, // U+0365
    { 8, 16, 128, 0, 14, 32, 3255 }, // U+0366
    { 8, 16, 128, 0, 14, 32, 3287 }, // U+0367
    { 8, 16, 128, 0, 14, 32, 3319 }, // U+0368
    { 8, 16, 128, 0, 14, 32, 3351 }, // U+0369
    { 8, 16, 128, 0, 14, 32, 3383 }, // U+036A
    { 8, 16, 128, 0, 14, 32, 3415 }, // U+036B
    { 8, 16, 128, 0, 14, 32, 3447 }, // U+036C
    { 8, 16, 128, 0, 14, 32, 3479 }, // U+036D
    { 8, 16, 128, 0, 14, 32, 3511 }, // U+036E
    { 8, 16, 128, 0, 14, 32, 3543 }, // U+036F
    { 8, 16, 128, 0, 14, 32, 0 }, // U+0400
    { 8, 16, 128, 0, 14, 32, 32 }, // U+0401
    { 8, 16, 128, 0, 14, 32, 64 }, // U+0402
    { 8, 16, 128, 0, 14, 32, 96 }, // U+0403
    { 8, 16, 128, 0, 14, 32, 128 }, // U+0404
    { 8, 16, 128, 0, 14, 32, 160 }, // U+0405
    { 8, 16, 128, 0, 14, 32, 192 }, // U+0406
    { 8, 16, 128, 0, 14, 32, 224 }, // U+0407
    { 8, 16, 128, 0, 14, 32, 256 }, // U+0408
    { 8, 16, 128, 0, 14, 32, 288 }, // U+0409
    { 8, 16, 128, 0, 14, 32, 320 }, // U+040A
    { 8, 16, 128, 0, 14, 32, 352 }, // U+040B
    { 8, 16, 128, 0, 14, 32, 384 }, // U+040C
    { 8, 16, 128, 0, 14, 32, 416 }, // U+040D
    { 8, 16, 128, 0, 14, 32, 448 }, // U+040E
    { 8, 16, 128, 0, 14, 32, 480 }, // U+040F
    { 8, 16, 128, 0, 14, 32, 512 }, // U+0410
    { 8, 16, 128, 0, 14, 32, 544 }, // U+0411
    { 8, 16, 128, 0, 14, 32, 576 }, // U+0412
    { 8, 16, 128, 0, 14, 32, 608 }, // U+0413
    { 8, 16, 128, 0, 14, 32, 640 }, // U+0414
    { 8, 16, 128, 0, 14, 32, 672 }, // U+0415
    { 8, 16, 128, 0, 14, 32, 704 }, // U+0416
    { 8, 16, 128, 0, 14, 32, 736 }, // U+0417
    { 8, 16, 128, 0, 14, 32, 768 }, // U+0418
    { 8, 16, 128, 0, 14, 32, 800 }, // U+0419
    { 8, 16, 128, 0, 14, 32, 832 }, // U+041A
    { 8, 16, 128, 0, 14, 32, 864 }, // U+041B
    { 8, 16, 128, 0, 14, 32, 896 }, // U+041C
    { 8, 16, 128, 0, 14, 32, 928 }, // U+041D
    { 8, 16, 128, 0, 14, 32, 960 }, // U+041E
    { 8, 16, 128, 0, 14, 32, 992 }, // U+041F
    { 8, 16, 128, 0, 14, 32, 1024 }, // U+0420
    { 8, 16, 128, 0, 14, 32, 1056 }, // U+0421
    { 8, 16, 128, 0, 14, 32, 1088 }, // U+0422
    { 8, 16, 128, 0, 14, 32, 1120 }, // U+0423
    { 8, 16, 128, 0, 14, 32, 1152 }, // U+0424
    { 8, 16, 128, 0, 14, 32, 1184 }, // U+0425
    { 8, 16, 128, 0, 14, 32, 1216 }, // U+0426
    { 8, 16, 128, 0, 14, 32, 1248 }, // U+0427
    { 8, 16, 128, 0, 14, 32, 1280 }, // U+0428
    { 8, 16, 128, 0, 14, 32, 1312 }, // U+0429
    { 8, 16, 128, 0, 14, 32, 1344 }, // U+042A
    { 8, 16, 128, 0, 14, 32, 1376 }, // U+042B
    { 8, 16, 128, 0, 14, 32, 1408 }, // U+042C
    { 8, 16, 128, 0, 14, 32, 1440 }, // U+042D
    { 8, 16, 128, 0, 14, 32, 1472 }, // U+042E
    { 8, 16, 128, 0, 14, 32, 1504 }, // U+042F
    { 8, 16, 128, 0, 14, 32, 1536 }, // U+0430
    { 8, 16, 128, 0, 14, 32, 1568 }, // U+0431
    { 8, 16, 128, 0, 14, 32, 1600 }, // U+0432
    { 8, 16, 128, 0, 14, 32, 1632 }, // U+0433
    { 8, 16, 128, 0, 14, 32, 1664 }, // U+0434
    { 8, 16, 128, 0, 14, 32, 1696 }, // U+0435
    { 8, 16, 128, 0, 14, 32, 1728 }, // U+0436
    { 8, 16, 128, 0, 14, 32, 1760 }, // U+0437
    { 8, 16, 128, 0, 14, 32, 1792 }, // U+0438
    { 8, 16, 128, 0, 14, 32, 1824 }, // U+0439
    { 8, 16, 128, 0, 14, 32, 1856 }, // U+043A
    { 8, 16, 128, 0, 14, 32, 1888 }, // U+043B
    { 8, 16, 128, 0, 14, 32, 1920 }, // U+043C
    { 8, 16, 128, 0, 14, 32, 1952 }, // U+043D
    { 8, 16, 128, 0, 14, 32, 1984 }, // U+043E
    { 8, 16, 128, 0, 14, 32, 2016 }, // U+043F
    { 8, 16, 128, 0, 14, 32, 2048 }, // U+0440
    { 8, 16, 128, 0, 14, 32, 2080 }, // U+0441
    { 8, 16, 128, 0, 14, 32, 2112 }, // U+0442
    { 8, 16, 128, 0, 14, 32, 2144 }, // U+0443
    { 8, 16, 128, 0, 14, 32, 2176 }, // U+0444
    { 8, 16, 128, 0, 14, 32, 2208 }, // U+0445
    { 8, 16, 128, 0, 14, 32, 2240 }, // U+0446
    { 8, 16, 128, 0, 14, 32, 2272 }, // U+0447
    { 8, 16, 128, 0, 14, 32, 2304 }, // U+0448
    { 8, 16, 128, 0, 14, 32, 2336 }, // U+0449
    { 8, 16, 128, 0, 14, 32, 2368 }, // U+044A
    { 8, 16, 128, 0, 14, 32, 2400 }, // U+044B
    { 8, 16, 128, 0, 14, 32, 2432 }, // U+044C
    { 8, 16, 128, 0, 14, 32, 2464 }, // U+044D
    { 8, 16, 128, 0, 14, 32, 2496 }, // U+044E
    { 8, 16, 128, 0, 14, 32, 2528 }, // U+044F
    { 8, 16, 128, 0, 14, 32, 2560 }, // U+0450
    { 8, 16, 128, 0, 14, 32, 2592 }, // U+0451
    { 8, 16, 128, 0, 14, 32, 2624 }, // U+0452
    { 8, 16, 128, 0, 14, 32, 2656 }, // U+0453
    { 8, 16, 128, 0, 14, 32, 2688 }, // U+0454
    { 8, 16, 128, 0, 14, 32, 2720 }, // U+0455
    { 8, 16, 128, 0, 14, 32, 2752 }, // U+0456
    { 8, 16, 128, 0, 14, 32, 2784 }, // U+0457
    { 8, 16, 128, 0, 14, 32, 2816 }, // U+0458
    { 8, 16, 128, 0, 14, 32, 2848 }, // U+0459
    { 8, 16, 128, 0, 14, 32, 2880 }, // U+045A
    { 8, 16, 128, 0, 14, 32, 2912 }, // U+045B
    { 8, 16, 128, 0, 14, 32, 2944 }, // U+045C
    { 8, 16, 128, 0, 14, 32, 2976 }, // U+045D
    { 8, 16, 128, 0, 14, 32, 3008 }, // U+045E
    { 8, 16, 128, 0, 14, 32, 3040 }, // U+045F
    { 8, 16, 128, 0, 14, 32, 3072 }, // U+0460
    { 8, 16, 128, 0, 14, 32, 3104 }, // U+0461
    { 8, 16, 128, 0, 14, 32, 3136 }, // U+0462
    { 8, 16, 128, 0, 14, 32, 3168 }, // U+0463
    { 8, 16, 128, 0, 14, 32, 3200 }, // U+0464
    { 8, 16, 128, 0, 14, 32, 3232 }, // U+0465
    { 8, 16, 128, 0, 14, 32, 3264 }, // U+0466
    { 8, 16, 128, 0, 14, 32, 3296 }, // U+0467
    { 8, 16, 128, 0, 14, 32, 3328 }, // U+0468
    { 8, 16, 128, 0, 14, 32, 3360 }, // U+0469
    { 8, 16, 128, 0, 14, 32, 3392 }, // U+046A
    { 8, 16, 128, 0, 14, 32, 3424 }, // U+046B
    { 8, 16, 128, 0, 14, 32, 3456 }, // U+046C
    { 8, 16, 128, 0, 14, 32, 3488 }, // U+046D
    { 8, 16, 128, 0, 14, 32, 3520 }, // U+046E
    { 8, 16, 128, 0, 14, 32, 3552 }, // U+046F
    { 8, 16, 128, 0, 14, 32, 3584 }, // U+0470
    { 8, 16, 128, 0, 14, 32, 3616 }, // U+0471
    { 8, 16, 128, 0, 14, 32, 3648 }, // U+0472
    { 8, 16, 128, 0, 14, 32, 3680 }, // U+0473
    { 8, 16, 128, 0, 14, 32, 3712 }, // U+0474
    { 8, 16, 128, 0, 14, 32, 3744 }, // U+0475
    { 8, 16, 128, 0, 14, 32, 3776 }, // U+0476
    { 8, 16, 128, 0, 14, 32, 3808 }, // U+0477
    { 8, 16, 128, 0, 14, 32, 3840 }, // U+0478
    { 8, 16, 128, 0, 14, 32, 3872 }, // U+0479
    { 8, 16, 128, 0, 14, 32, 3904 }, // U+047A
    { 8, 16, 128, 0, 14, 32, 3936 }, // U+047B
    { 8, 16, 128, 0, 14, 32, 3968 }, // U+047C
    { 8, 16, 128, 0, 14, 32, 4000 }, // U+047D
    { 8, 16, 128, 0, 14, 32, 4032 }, // U+047E
    { 8, 16, 128, 0, 14, 32, 4064 }, // U+047F
    { 8, 16, 128, 0, 14, 32, 4096 }, // U+0480
    { 8, 16, 128, 0, 14, 32, 4128 }, // U+0481
    { 8, 16, 128, 0, 14, 32, 4160 }, // U+0482
    { 8, 16, 128, 0, 14, 32, 4192 }, // U+0483
    { 8, 16, 128, 0, 14, 32, 4224 }, // U+0484
    { 8, 16, 128, 0, 14, 32, 4256 }, // U+0485
    { 8, 16, 128, 0, 14, 32, 4288 }, // U+0486
    { 8, 16, 128, 0, 14, 32, 4320 }, // U+0487
    { 16, 16, 256, 0, 14, 64, 4352 }, // U+0488
    { 16, 16, 256, 0, 14, 64, 4416 }, // U+0489
    { 8, 16, 128, 0, 14, 32, 4480 }, // U+048A
    { 8, 16, 128, 0, 14, 32, 4512 }, // U+048B
    { 8, 16, 128, 0, 14, 32, 4544 }, // U+048C
    { 8, 16, 128, 0, 14, 32, 4576 }, // U+048D
    { 8, 16, 128, 0, 14, 32, 4608 }, // U+048E
    { 8, 16, 128, 0, 14, 32, 4640 }, // U+048F
    { 8, 16, 128, 0, 14, 32, 4672 }, // U+0490
    { 8, 16, 128, 0, 14, 32, 4704 }, // U+0491
    { 8, 16, 128, 0, 14, 32, 4736 }, // U+0492
    { 8, 16, 128, 0, 14, 32, 4768 }, // U+0493
    { 8, 16, 128, 0, 14, 32, 4800 }, // U+0494
    { 8, 16, 128, 0, 14, 32, 4832 }, // U+0495
    { 8, 16, 128, 0, 14, 32, 4864 }, // U+0496
    { 8, 16, 128, 0, 14, 32, 4896 }, // U+0497
    { 8, 16, 128, 0, 14, 32, 4928 }, // U+0498
    { 8, 16, 128, 0, 14, 32, 4960 }, // U+0499
    { 8, 16, 128, 0, 14, 32, 4992 }, // U+049A
    { 8, 16, 128, 0, 14, 32, 5024 }, // U+049B
    { 8, 16, 128, 0, 14, 32, 5056 }, // U+049C
    { 8, 16, 128, 0, 14, 32, 5088 }, // U+049D
    { 8, 16, 128, 0, 14, 32, 5120 }, // U+049E
    { 8, 16, 128, 0, 14, 32, 5152 }, // U+049F
    { 8, 16, 128, 0, 14, 32, 5184 }, // U+04A0
    { 8, 16, 128, 0, 14, 32, 5216 }, // U+04A1
    { 8, 16, 128, 0, 14, 32, 5248 }, // U+04A2
    { 8, 16, 128, 0, 14, 32, 5280 }, // U+04A3
    { 8, 16, 128, 0, 14, 32, 5312 }, // U+04A4
    { 8, 16, 128, 0, 14, 32, 5344 }, // U+04A5
    { 8, 16, 128, 0, 14, 32, 5376 }, // U+04A6
    { 8, 16, 128, 0, 14, 32, 5408 }, // U+04A7
    { 8, 16, 128, 0, 14, 32, 5440 }, // U+04A8
    { 8, 16, 128, 0, 14, 32, 5472 }, // U+04A9
    { 8, 16, 128, 0, 14, 32, 5504 }, // U+04AA
    { 8, 16, 128, 0, 14, 32, 5536 }, // U+04AB
    { 8, 16, 128, 0, 14, 32, 5568 }, // U+04AC
    { 8, 16, 128, 0, 14, 32, 5600 }, // U+04AD
    { 8, 16, 128, 0, 14, 32, 5632 }, // U+04AE
    { 8, 16, 128, 0, 14, 32, 5664 }, // U+04AF
    { 8, 16, 128, 0, 14, 32, 5696 }, // U+04B0
    { 8, 16, 128, 0, 14, 32, 5728 }, // U+04B1
    { 8, 16, 128, 0, 14, 32, 5760 }, // U+04B2
    { 8, 16, 128, 0, 14, 32, 5792 }, // U+04B3
    { 8, 16, 128, 0, 14, 32, 5824 }, // U+04B4
    { 8, 16, 128, 0, 14, 32, 5856 }, // U+04B5
    { 8, 16, 128, 0, 14, 32, 5888 }, // U+04B6
    { 8, 16, 128, 0, 14, 32, 5920 }, // U+04B7
    { 8, 16, 128, 0, 14, 32, 5952 }, // U+04B8
    { 8, 16, 128, 0, 14, 32, 5984 }, // U+04B9
    { 8, 16, 128, 0, 14, 32, 6016 }, // U+04BA
    { 8, 16, 128, 0, 14, 32, 6048 }, // U+04BB
    { 8, 16, 128, 0, 14, 32, 6080 }, // U+04BC
    { 8, 16, 128, 0, 14, 32, 6112 }, // U+04BD
    { 8, 16, 128, 0, 14, 32, 6144 }, // U+04BE
    { 8, 16, 128, 0, 14, 32, 6176 }, // U+04BF
    { 8, 16, 128, 0, 14, 32, 6208 }, // U+04C0
    { 8, 16, 128, 0, 14, 32, 6240 }, // U+04C1
    { 8, 16, 128, 0, 14, 32, 6272 }, // U+04C2
    { 8, 16, 128, 0, 14, 32, 6304 }, // U+04C3
    { 8, 16, 128, 0, 14, 32, 6336 }, // U+04C4
    { 8, 16, 128, 0, 14, 32, 6368 }, // U+04C5
    { 8, 16, 128, 0, 14, 32, 6400 }, // U+04C6
    { 8, 16, 128, 0, 14, 32, 6432 }, // U+04C7
    { 8, 16, 128, 0, 14, 32, 6464 }, // U+04C8
    { 8, 16, 128, 0, 14, 32, 6496 }, // U+04C9
    { 8, 16, 128, 0, 14, 32, 6528 }, // U+04CA
    { 8, 16, 128, 0, 14, 32, 6560 }, // U+04CB
    { 8, 16, 128, 0, 14, 32, 6592 }, // U+04CC
    { 8, 16, 128, 0, 14, 32, 6624 }, // U+04CD
    { 8, 16, 128, 0, 14, 32, 6656 }, // U+04CE
    { 8, 16, 128, 0, 14, 32, 6688 }, // U+04CF
    { 8, 16, 128, 0, 14, 32, 6720 }, // U+04D0
    { 8, 16, 128, 0, 14, 32, 6752 }, // U+04D1
    { 8, 16, 128, 0, 14, 32, 6784 }, // U+04D2
    { 8, 16, 128, 0, 14, 32, 6816 }, // U+04D3
    { 8, 16, 128, 0, 14, 32, 6848 }, // U+04D4
    { 8, 16, 128, 0, 14, 32, 6880 }, // U+04D5
    { 8, 16, 128, 0, 14, 32, 6912 }, // U+04D6
    { 8, 16, 128, 0, 14, 32, 6944 }, // U+04D7
    { 8, 16, 128, 0, 14, 32, 6976 }, // U+04D8
    { 8, 16, 128, 0, 14, 32, 7008 }, // U+04D9
    { 8, 16, 128, 0, 14, 32, 7040 }, // U+04DA
    { 8, 16, 128, 0, 14, 32, 7072 }, // U+04DB
    { 8, 16, 128, 0, 14, 32, 7104 }, // U+04DC
    { 8, 16, 128, 0, 14, 32, 7136 }, // U+04DD
    { 8, 16, 128, 0, 14, 32, 7168 }, // U+04DE
    { 8, 16, 128, 0, 14, 32, 7200 }, // U+04DF
    { 8, 16, 128, 0, 14, 32, 7232 }, // U+04E0
    { 8, 16, 128, 0, 14, 32, 7264 }, // U+04E1
    { 8, 16, 128, 0, 14, 32, 7296 }, // U+04E2
    { 8, 16, 128, 0, 14, 32, 7328 }, // U+04E3
    { 8, 16, 128, 0, 14, 32, 7360 }, // U+04E4
    { 8, 16, 128, 0, 14, 32, 7392 }, // U+04E5
    { 8, 16, 128, 0, 14, 32, 7424 }, // U+04E6
    { 8, 16, 128, 0, 14, 32, 7456 }, // U+04E7
    { 8, 16, 128, 0, 14, 32, 7488 }, // U+04E8
    { 8, 16, 128, 0, 14, 32, 7520 }, // U+04E9
    { 8, 16, 128, 0, 14, 32, 7552 }, // U+04EA
    { 8, 16, 128, 0, 14, 32, 7584 }, // U+04EB
    { 8, 16, 128, 0, 14, 32, 7616 }, // U+04EC
    { 8, 16, 128, 0, 14, 32, 7648 }, // U+04ED
    { 8, 16, 128, 0, 14, 32, 7680 }, // U+04EE
    { 8, 16, 128, 0, 14, 32, 7712 }, // U+04EF
    { 8, 16, 128, 0, 14, 32, 7744 }, // U+04F0
    { 8, 16, 128, 0, 14, 32, 7776 }, // U+04F1
    { 8, 16, 128, 0, 14, 32, 7808 }, // U+04F2
    { 8, 16, 128, 0, 14, 32, 7840 }, // U+04F3
    { 8, 16, 128, 0, 14, 32, 7872 }, // U+04F4
    { 8, 16, 128, 0, 14, 32, 7904 }, // U+04F5
    { 8, 16, 128, 0, 14, 32, 7936 }, // U+04F6
    { 8, 16, 128, 0, 14, 32, 7968 }, // U+04F7
    { 8, 16, 128, 0, 14, 32, 8000 }, // U+04F8
    { 8, 16, 128, 0, 14, 32, 8032 }, // U+04F9
    { 8, 16, 128, 0, 14, 32, 8064 }, // U+04FA
    { 8, 16, 128, 0, 14, 32, 8096 }, // U+04FB
    { 8, 16, 128, 0, 14, 32, 8128 }, // U+04FC
    { 8, 16, 128, 0, 14, 32, 8160 }, // U+04FD
    { 8, 16, 128, 0, 14, 32, 8192 }, // U+04FE
    { 8, 16, 128, 0, 14, 32, 8224 }, // U+04FF
    { 22, 27, 384, 1, 23, 149, 0 }, // U+1E0C
    { 15, 27, 256, 1, 23, 102, 149 }, // U+1E0D
    { 22, 27, 384, 1, 23, 149, 251 }, // U+1E24
    { 16, 27, 256, 0, 23, 108, 400 }, // U+1E25
    { 19, 27, 320, 1, 23, 129, 508 }, // U+1E36
    { 7, 27, 144, 1, 23, 48, 637 }, // U+1E37
    { 19, 30, 320, 1, 26, 143, 685 }, // U+1E38
    { 10, 30, 144, -1, 26, 75, 828 }, // U+1E39
    { 19, 26, 320, 1, 23, 124, 903 }, // U+1E3A
    { 10, 26, 144, 0, 23, 65, 1027 }, // U+1E3B
    { 28, 27, 480, 1, 27, 189, 1092 }, // U+1E40
    { 25, 19, 416, 0, 19, 119, 1281 }, // U+1E41
    { 28, 27, 480, 1, 23, 189, 1400 }, // U+1E42
    { 25, 19, 416, 0, 15, 119, 1589 }, // U+1E43
    { 22, 27, 384, 1, 27, 149, 1708 }, // U+1E44
    { 16, 19, 256, 0, 19, 76, 1857 }, // U+1E45
    { 22, 27, 384, 1, 23, 149, 1933 }, // U+1E46
    { 16, 19, 256, 0, 15, 76, 2082 }, // U+1E47
    { 22, 26, 384, 1, 23, 143, 2158 }, // U+1E48
    { 16, 18, 256, 0, 15, 72, 2301 }, // U+1E49
    { 21, 27, 352, 1, 23, 142, 2373 }, // U+1E5A
    { 10, 19, 176, 1, 15, 48, 2515 }, // U+1E5B
    { 21, 30, 352, 1, 26, 158, 2563 }, // U+1E5C
    { 10, 22, 176, 1, 18, 55, 2721 }, // U+1E5D
    { 21, 26, 352, 1, 23, 137, 2776 }, // U+1E5E
    { 11, 18, 176, 0, 15, 50, 2913 }, // U+1E5F
    { 15, 27, 288, 1, 23, 102, 2963 }, // U+1E62
    { 10, 19, 208, 1, 15, 48, 3065 }, // U+1E63
    { 19, 27, 320, 1, 23, 129, 3113 }, // U+1E6C
    { 9, 23, 144, 0, 19, 52, 3242 }, // U+1E6D
    { 22, 27, 384, 1, 23, 149, 0 }, // U+1EA0
    { 13, 19, 240, 1, 15, 62, 149 }, // U+1EA1
    { 8, 16, 128, 0, 14, 32, 211 }, // U+1EA2
    { 8, 16, 128, 0, 14, 32, 243 }, // U+1EA3
    { 22, 37, 384, 1, 37, 204, 275 }, // U+1EA4
    { 13, 30, 240, 1, 30, 98, 479 }, // U+1EA5
    { 22, 37, 384, 1, 37, 204, 577 }, // U+1EA6
    { 13, 30, 240, 1, 30, 98, 781 }, // U+1EA7
    { 8, 16, 128, 0, 14, 32, 879 }, // U+1EA8
    { 8, 16, 128, 0, 14, 32, 911 }, // U+1EA9
    { 22, 35, 384, 1, 35, 193, 943 }, // U+1EAA
    { 13, 28, 240, 1, 28, 91, 1136 }, // U+1EAB
    { 22, 34, 384, 1, 30, 187, 1227 }, // U+1EAC
    { 13, 26, 240, 1, 22, 85, 1414 }, // U+1EAD
    { 22, 36, 384, 1, 36, 198, 1499 }, // U+1EAE
    { 13, 28, 240, 1, 28, 91, 1697 }, // U+1EAF
    { 22, 36, 384, 1, 36, 198, 1788 }, // U+1EB0
    { 13, 28, 240, 1, 28, 91, 1986 }, // U+1EB1
    { 8, 16, 128, 0, 14, 32, 2077 }, // U+1EB2
    { 8, 16, 128, 0, 14, 32, 2109 }, // U+1EB3
    { 22, 34, 384, 1, 34, 187, 2141 }, // U+1EB4
    { 13, 26, 240, 1, 26, 85, 2328 }, // U+1EB5
    { 22, 33, 384, 1, 29, 182, 2413 }, // U+1EB6
    { 13, 25, 240, 1, 21, 82, 2595 }, // U+1EB7
    { 19, 27, 320, 1, 23, 129, 2677 }, // U+1EB8
    { 12, 19, 240, 1, 15, 57, 2806 }, // U+1EB9
    { 8, 16, 128, 0, 14, 32, 2863 }, // U+1EBA
    { 8, 16, 128, 0, 14, 32, 2895 }, // U+1EBB
    { 19, 28, 320, 1, 28, 133, 2927 }, // U+1EBC
    { 12, 20, 240, 1, 20, 60, 3060 }, // U+1EBD
    { 19, 37, 320, 1, 37, 176, 3120 }, // U+1EBE
    { 12, 30, 240, 1, 30, 90, 3296 }, // U+1EBF
    { 19, 37, 320, 1, 37, 176, 3386 }, // U+1EC0
    { 12, 30, 240, 1, 30, 90, 3562 }, // U+1EC1
    { 8, 16, 128, 0, 14, 32, 3652 }, // U+1EC2
    { 8, 16, 128, 0, 14, 32, 3684 }, // U+1EC3
    { 19, 35, 320, 1, 35, 167, 3716 }, // U+1EC4
    { 12, 28, 240, 1, 28, 84, 3883 }, // U+1EC5
    { 19, 34, 320, 1, 30, 162, 3967 }, // U+1EC6
    { 12, 26, 240, 1, 22, 78, 4129 }, // U+1EC7
    { 8, 16, 128, 0, 14, 32, 4207 }, // U+1EC8
    { 8, 16, 128, 0, 14, 32, 4239 }, // U+1EC9
    { 9, 27, 176, 1, 23, 61, 4271 }, // U+1ECA
    { 7, 27, 144, 1, 23, 48, 4332 }, // U+1ECB
    { 22, 27, 384, 1, 23, 149, 4380 }, // U+1ECC
    { 14, 19, 256, 1, 15, 67, 4529 }, // U+1ECD
    { 8, 16, 128, 0, 14, 32, 4596 }, // U+1ECE
    { 8, 16, 128, 0, 14, 32, 4628 }, // U+1ECF
    { 22, 37, 384, 1, 37, 204, 4660 }, // U+1ED0
    { 14, 30, 256, 1, 30, 105, 4864 }, // U+1ED1
    { 22, 37, 384, 1, 37, 204, 4969 }, // U+1ED2
    { 14, 30, 256, 1, 30, 105, 5173 }, // U+1ED3
    { 8, 16, 128, 0, 14, 32, 5278 }, // U+1ED4
    { 8, 16, 128, 0, 14, 32, 5310 }, // U+1ED5
    { 22, 35, 384, 1, 35, 193, 5342 }, // U+1ED6
    { 14, 28, 256, 1, 28, 98, 5535 }, // U+1ED7
    { 22, 34, 384, 1, 30, 187, 5633 }, // U+1ED8
    { 14, 26, 256, 1, 22, 91, 5820 }, // U+1ED9
    { 24, 30, 384, 1, 30, 180, 5911 }, // U+1EDA
    { 17, 22, 256, 1, 22, 94, 6091 }, // U+1EDB
    { 24, 30, 384, 1, 30, 180, 6185 }, // U+1EDC
    { 17, 22, 256, 1, 22, 94, 6365 }, // U+1EDD
    { 8, 16, 128, 0, 14, 32, 6459 }, // U+1EDE
    { 8, 16, 128, 0, 14, 32, 6491 }, // U+1EDF
    { 24, 28, 384, 1, 28, 168, 6523 }, // U+1EE0
    { 17, 20, 256, 1, 20, 85, 6691 }, // U+1EE1
    { 24, 27, 384, 1, 23, 162, 6776 }, // U+1EE2
    { 17, 19, 256, 1, 15, 81, 6938 }, // U+1EE3
    { 22, 27, 384, 1, 23, 149, 7019 }, // U+1EE4
    { 16, 19, 272, 0, 15, 76, 7168 }, // U+1EE5
    { 8, 16, 128, 0, 14, 32, 7244 }, // U+1EE6
    { 8, 16, 128, 0, 14, 32, 7276 }, // U+1EE7
    { 24, 30, 384, 1, 30, 180, 7308 }, // U+1EE8
    { 19, 22, 272, 0, 22, 105, 7488 }, // U+1EE9
    { 24, 30, 384, 1, 30, 180, 7593 }, // U+1EEA
    { 19, 22, 272, 0, 22, 105, 7773 }, // U+1EEB
    { 8, 16, 128, 0, 14, 32, 7878 }, // U+1EEC
    { 8, 16, 128, 0, 14, 32, 7910 }, // U+1EED
    { 24, 28, 384, 1, 28, 168, 7942 }, // U+1EEE
    { 19, 20, 272, 0, 20, 95, 8110 }, // U+1EEF
    { 24, 27, 384, 1, 23, 162, 8205 }, // U+1EF0
    { 19, 19, 272, 0, 15, 91, 8367 }, // U+1EF1
    { 22, 30, 384, 1, 30, 165, 8458 }, // U+1EF2
    { 15, 29, 272, 1, 22, 109, 8623 }, // U+1EF3
    { 22, 27, 384, 1, 23, 149, 8732 }, // U+1EF4
    { 15, 26, 272, 1, 15, 98, 8881 }, // U+1EF5
    { 8, 16, 128, 0, 14, 32, 8979 }, // U+1EF6
    { 8, 16, 128, 0, 14, 32, 9011 }, // U+1EF7
    { 22, 28, 384, 1, 28, 154, 9043 }, // U+1EF8
    { 15, 27, 272, 1, 20, 102, 9197 }, // U+1EF9
    { 1, 1, 272, 0, 1, 1, 0 }, // U+2000
    { 1, 1, 528, 0, 1, 1, 1 }, // U+2001
    { 1, 1, 272, 0, 1, 1, 2 }, // U+2002
    { 1, 1, 528, 0, 1, 1, 3 }, // U+2003
    { 1, 1, 176, 0, 1, 1, 4 }, // U+2004
    { 1, 1, 128, 0, 1, 1, 5 }, // U+2005
    { 1, 1, 96, 0, 1, 1, 6 }, // U+2006
    { 1, 1, 256, 0, 1, 1, 7 }, // U+2007
    { 1, 1, 128, 0, 1, 1, 8 }, // U+2008
    { 1, 1, 112, 0, 1, 1, 9 }, // U+2009
    { 1, 1, 48, 0, 1, 1, 10 }, // U+200A
    { 1, 1, 0, 0, 1, 1, 11 }, // U+200B
    { 16, 16, 256, 0, 14, 64, 12 }, // U+200C
    { 16, 16, 256, 0, 14, 64, 76 }, // U+200D
    { 16, 16, 256, 0, 14, 64, 140 }, // U+200E
    { 16, 16, 256, 0, 14, 64, 204 }, // U+200F
    { 8, 2, 176, 1, 9, 4, 268 }, // U+2010
    { 8, 2, 176, 1, 9, 4, 272 }, // U+2011
    { 16, 2, 256, 0, 9, 8, 276 }, // U+2012
    { 16, 2, 256, 0, 9, 8, 284 }, // U+2013
    { 32, 2, 512, 0, 9, 16, 292 }, // U+2014
    { 32, 2, 512, 0, 9, 16, 308 }, // U+2015
    { 8, 16, 128, 0, 14, 32, 324 }, // U+2016
    { 8, 16, 128, 0, 14, 32, 356 }, // U+2017
    { 4, 7, 176, 3, 23, 7, 388 }, // U+2018
    { 4, 7, 176, 3, 23, 7, 395 }, // U+2019
    { 4, 7, 176, 3, 4, 7, 402 }, // U+201A
    { 4, 7, 176, 3, 23, 7, 409 }, // U+201B
    { 11, 7, 240, 1, 23, 20, 416 }, // U+201C
    { 11, 7, 240, 2, 23, 20, 436 }, // U+201D
    { 11, 7, 240, 2, 4, 20, 456 }, // U+201E
    { 11, 7, 240, 2, 23, 20, 476 }, // U+201F
    { 13, 28, 256, 2, 23, 91, 496 }, // U+2020
    { 13, 28, 256, 2, 23, 91, 587 }, // U+2021
    { 8, 8, 192, 2, 14, 16, 678 }, // U+2022
    { 8, 16, 128, 0, 14, 32, 694 }, // U+2023
    { 8, 16, 128, 0, 14, 32, 726 }, // U+2024
    { 8, 16, 128, 0, 14, 32, 758 }, // U+2025
    { 26, 4, 528, 3, 4, 26, 790 }, // U+2026
    { 8, 16, 128, 0, 14, 32, 816 }, // U+2027
    { 16, 16, 256, 0, 14, 64, 848 }, // U+2028
    { 16, 16, 256, 0, 14, 64, 912 }, // U+2029
    { 16, 16, 256, 0, 14, 64, 976 }, // U+202A
    { 16, 16, 256, 0, 14, 64, 1040 }, // U+202B
    { 16, 16, 256, 0, 14, 64, 1104 }, // U+202C
    { 16, 16, 256, 0, 14, 64, 1168 }, // U+202D
    { 16, 16, 256, 0, 14, 64, 1232 }, // U+202E
    { 8, 16, 128, 0, 14, 32, 1296 }, // U+202F
    { 34, 23, 528, -1, 23, 196, 1328 }, // U+2030
    { 8, 16, 128, 0, 14, 32, 1524 }, // U+2031
    { 6, 9, 128, 1, 25, 14, 1556 }, // U+2032
    { 12, 9, 208, 1, 24, 27, 1570 }, // U+2033
    { 8, 16, 128, 0, 14, 32, 1597 }, // U+2034
    { 8, 16, 128, 0, 14, 32, 1629 }, // U+2035
    { 8, 16, 128, 0, 14, 32, 1661 }, // U+2036
    { 8, 16, 128, 0, 14, 32, 1693 }, // U+2037
    { 8, 16, 128, 0, 14, 32, 1725 }, // U+2038
    { 7, 13, 176, 1, 14, 23, 1757 }, // U+2039
    { 7, 13, 176, 2, 14, 23, 1780 }, // U+203A
    { 8, 16, 128, 0, 14, 32, 1803 }, // U+203B
    { 8, 16, 128, 0, 14, 32, 1835 }, // U+203C
    { 8, 16, 128, 0, 14, 32, 1867 }, // U+203D
    { 8, 16, 128, 0, 14, 32, 1899 }, // U+203E
    { 8, 16, 128, 0, 14, 32, 1931 }, // U+203F
    { 8, 16, 128, 0, 14, 32, 1963 }, // U+2040
    { 8, 16, 128, 0, 14, 32, 1995 }, // U+2041
    { 8, 16, 128, 0, 14, 32, 2027 }, // U+2042
    { 8, 16, 128, 0, 14, 32, 2059 }, // U+2043
    { 14, 23, 96, -4, 23, 81, 2091 }, // U+2044
    { 8, 16, 128, 0, 14, 32, 2172 }, // U+2045
    { 8, 16, 128, 0, 14, 32, 2204 }, // U+2046
    { 8, 16, 128, 0, 14, 32, 2236 }, // U+2047
    { 8, 16, 128, 0, 14, 32, 2268 }, // U+2048
    { 8, 16, 128, 0, 14, 32, 2300 }, // U+2049
    { 8, 16, 128, 0, 14, 32, 2332 }, // U+204A
    { 8, 16, 128, 0, 14, 32, 2364 }, // U+204B
    { 8, 16, 128, 0, 14, 32, 2396 }, // U+204C
    { 8, 16, 128, 0, 14, 32, 2428 }, // U+204D
    { 8, 16, 128, 0, 14, 32, 2460 }, // U+204E
    { 8, 16, 128, 0, 14, 32, 2492 }, // U+204F
    { 8, 16, 128, 0, 14, 32, 2524 }, // U+2050
    { 8, 16, 128, 0, 14, 32, 2556 }, // U+2051
    { 8, 16, 128, 0, 14, 32, 2588 }, // U+2052
    { 8, 16, 128, 0, 14, 32, 2620 }, // U+2053
    { 8, 16, 128, 0, 14, 32, 2652 }, // U+2054
    { 8, 16, 128, 0, 14, 32, 2684 }, // U+2055
    { 8, 16, 128, 0, 14, 32, 2716 }, // U+2056
    { 16, 16, 256, 0, 14, 64, 2748 }, // U+2057
    { 8, 16, 128, 0, 14, 32, 2812 }, // U+2058
    { 8, 16, 128, 0, 14, 32, 2844 }, // U+2059
    { 8, 16, 128, 0, 14, 32, 2876 }, // U+205A
    { 8, 16, 128, 0, 14, 32, 2908 }, // U+205B
    { 8, 16, 128, 0, 14, 32, 2940 }, // U+205C
    { 8, 16, 128, 0, 14, 32, 2972 }, // U+205D
    { 8, 16, 128, 0, 14, 32, 3004 }, // U+205E
    { 8, 16, 128, 0, 14, 32, 3036 }, // U+205F
    { 16, 16, 256, 0, 14, 64, 3068 }, // U+2060
    { 16, 16, 256, 0, 14, 64, 3132 }, // U+2061
    { 16, 16, 256, 0, 14, 64, 3196 }, // U+2062
    { 16, 16, 256, 0, 14, 64, 3260 }, // U+2063
    { 16, 16, 256, 0, 14, 64, 3324 }, // U+2064
    { 16, 16, 256, 0, 14, 64, 3388 }, // U+2065
    { 16, 16, 256, 0, 14, 64, 3452 }, // U+2066
    { 16, 16, 256, 0, 14, 64, 3516 }, // U+2067
    { 16, 16, 256, 0, 14, 64, 3580 }, // U+2068
    { 16, 16, 256, 0, 14, 64, 3644 }, // U+2069
    { 16, 16, 256, 0, 14, 64, 3708 }, // U+206A
    { 16, 16, 256, 0, 14, 64, 3772 }, // U+206B
    { 16, 16, 256, 0, 14, 64, 3836 }, // U+206C
    { 16, 16, 256, 0, 14, 64, 3900 }, // U+206D
    { 16, 16, 256, 0, 14, 64, 3964 }, // U+206E
    { 16, 16, 256, 0, 14, 64, 4028 }, // U+206F
    { 8, 16, 128, 0, 14, 32, 0 }, // U+2070
    { 8, 16, 128, 0, 14, 32, 32 }, // U+2071
    { 16, 16, 256, 0, 14, 64, 64 }, // U+2072
    { 16, 16, 256, 0, 14, 64, 128 }, // U+2073
    { 8, 16, 128, 0, 14, 32, 192 }, // U+2074
    { 8, 16, 128, 0, 14, 32, 224 }, // U+2075
    { 8, 16, 128, 0, 14, 32, 256 }, // U+2076
    { 8, 16, 128, 0, 14, 32, 288 }, // U+2077
    { 8, 16, 128, 0, 14, 32, 320 }, // U+2078
    { 8, 16, 128, 0, 14, 32, 352 }, // U+2079
    { 8, 16, 128, 0, 14, 32, 384 }, // U+207A
    { 8, 16, 128, 0, 14, 32, 416 }, // U+207B
    { 8, 16, 128, 0, 14, 32, 448 }, // U+207C
    { 8, 16, 128, 0, 14, 32, 480 }, // U+207D
    { 8, 16, 128, 0, 14, 32, 512 }, // U+207E
    { 8, 16, 128, 0, 14, 32, 544 }, // U+207F
    { 8, 16, 128, 0, 14, 32, 576 }, // U+2080
    { 6, 14, 160, 2, 7, 21, 608 }, // U+2081
    { 9, 14, 160, 0, 7, 32, 629 }, // U+2082
    { 9, 14, 160, 0, 7, 32, 661 }, // U+2083
    { 8, 16, 128, 0, 14, 32, 693 }, // U+2084
    { 8, 16, 128, 0, 14, 32, 725 }, // U+2085
    { 8, 16, 128, 0, 14, 32, 757 }, // U+2086
    { 8, 16, 128, 0, 14, 32, 789 }, // U+2087
    { 8, 16, 128, 0, 14, 32, 821 }, // U+2088
    { 8, 16, 128, 0, 14, 32, 853 }, // U+2089
    { 8, 16, 128, 0, 14, 32, 885 }, // U+208A
    { 8, 16, 128, 0, 14, 32, 917 }, // U+208B
    { 8, 16, 128, 0, 14, 32, 949 }, // U+208C
    { 8, 16, 128, 0, 14, 32, 981 }, // U+208D
    { 8, 16, 128, 0, 14, 32, 1013 }, // U+208E
    { 8, 16, 128, 0, 14, 32, 1045 }, // U+208F
    { 8, 16, 128, 0, 14, 32, 1077 }, // U+2090
    { 8, 16, 128, 0, 14, 32, 1109 }, // U+2091
    { 8, 16, 128, 0, 14, 32, 1141 }, // U+2092
    { 8, 16, 128, 0, 14, 32, 1173 }, // U+2093
    { 8, 16, 128, 0, 14, 32, 1205 }, // U+2094
    { 8, 16, 128, 0, 14, 32, 1237 }, // U+2095
    { 8, 16, 128, 0, 14, 32, 1269 }, // U+2096
    { 8, 16, 128, 0, 14, 32, 1301 }, // U+2097
    { 8, 16, 128, 0, 14, 32, 1333 }, // U+2098
    { 8, 16, 128, 0, 14, 32, 1365 }, // U+2099
    { 8, 16, 128, 0, 14, 32, 1397 }, // U+209A
    { 8, 16, 128, 0, 14, 32, 1429 }, // U+209B
    { 8, 16, 128, 0, 14, 32, 1461 }, // U+209C
    { 8, 16, 128, 0, 14, 32, 1493 }, // U+209D
    { 8, 16, 128, 0, 14, 32, 1525 }, // U+209E
    { 8, 16, 128, 0, 14, 32, 1557 }, // U+209F
    { 8, 16, 128, 0, 14, 32, 0 }, // U+20A0
    { 8, 16, 128, 0, 14, 32, 32 }, // U+20A1
    { 8, 16, 128, 0, 14, 32, 64 }, // U+20A2
    { 8, 16, 128, 0, 14, 32, 96 }, // U+20A3
    { 8, 16, 128, 0, 14, 32, 128 }, // U+20A4
    { 25, 26, 416, 0, 21, 163, 160 }, // U+20A5
    { 22, 23, 384, 1, 23, 127, 323 }, // U+20A6
    { 8, 16, 128, 0, 14, 32, 450 }, // U+20A7
    { 8, 16, 128, 0, 14, 32, 482 }, // U+20A8
    { 31, 23, 512, 1, 23, 179, 514 }, // U+20A9
    { 8, 16, 128, 0, 14, 32, 693 }, // U+20AA
    { 8, 16, 128, 0, 14, 32, 725 }, // U+20AB
    { 24, 23, 352, -3, 23, 138, 757 }, // U+20AC
    { 23, 23, 384, 1, 23, 133, 895 }, // U+20AD
    { 8, 16, 128, 0, 14, 32, 1028 }, // U+20AE
    { 8, 16, 128, 0, 14, 32, 1060 }, // U+20AF
    { 8, 16, 128, 0, 14, 32, 1092 }, // U+20B0
    { 8, 16, 128, 0, 14, 32, 1124 }, // U+20B1
    { 8, 16, 128, 0, 14, 32, 1156 }, // U+20B2
    { 8, 16, 128, 0, 14, 32, 1188 }, // U+20B3
    { 8, 16, 128, 0, 14, 32, 1220 }, // U+20B4
    { 8, 16, 128, 0, 14, 32, 1252 }, // U+20B5
    { 8, 16, 128, 0, 14, 32, 1284 }, // U+20B6
    { 8, 16, 128, 0, 14, 32, 1316 }, // U+20B7
    { 8, 16, 128, 0, 14, 32, 1348 }, // U+20B8
    { 16, 16, 256, 0, 14, 64, 1380 }, // U+20B9
    { 8, 16, 128, 0, 14, 32, 1444 }, // U+20BA
    { 8, 16, 128, 0, 14, 32, 1476 }, // U+20BB
    { 8, 16, 128, 0, 14, 32, 1508 }, // U+20BC
    { 8, 16, 128, 0, 14, 32, 1540 }, // U+20BD
    { 8, 16, 128, 0, 14, 32, 1572 }, // U+20BE
    { 8, 16, 128, 0, 14, 32, 1604 }, // U+20BF
    { 8, 16, 128, 0, 14, 32, 1636 }, // U+20C0
    { 8, 16, 128, 0, 14, 32, 1668 }, // U+20C1
    { 8, 16, 128, 0, 14, 32, 1700 }, // U+20C2
    { 8, 16, 128, 0, 14, 32, 1732 }, // U+20C3
    { 8, 16, 128, 0, 14, 32, 1764 }, // U+20C4
    { 16, 16, 256, 0, 14, 64, 1796 }, // U+20C5
    { 16, 16, 256, 0, 14, 64, 1860 }, // U+20C6
    { 16, 16, 256, 0, 14, 64, 1924 }, // U+20C7
    { 16, 16, 256, 0, 14, 64, 1988 }, // U+20C8
    { 16, 16, 256, 0, 14, 64, 2052 }, // U+20C9
    { 16, 16, 256, 0, 14, 64, 2116 }, // U+20CA
    { 16, 16, 256, 0, 14, 64, 2180 }, // U+20CB
    { 16, 16, 256, 0, 14, 64, 2244 }, // U+20CC
    { 16, 16, 256, 0, 14, 64, 2308 }, // U+20CD
    { 16, 16, 256, 0, 14, 64, 2372 }, // U+20CE
    { 16, 16, 256, 0, 14, 64, 2436 }, // U+20CF
    { 29, 16, 512, 1, 16, 116, 0 }, // U+2190
    { 16, 27, 320, 2, 27, 108, 116 }, // U+2191
    { 29, 16, 512, 2, 16, 116, 224 }, // U+2192
    { 16, 27, 320, 2, 27, 108, 340 }, // U+2193
    { 32, 16, 544, 1, 16, 128, 448 }, // U+2194
    { 8, 16, 128, 0, 14, 32, 576 }, // U+2195
    { 8, 16, 128, 0, 14, 32, 608 }, // U+2196
    { 8, 16, 128, 0, 14, 32, 640 }, // U+2197
    { 8, 16, 128, 0, 14, 32, 672 }, // U+2198
    { 8, 16, 128, 0, 14, 32, 704 }, // U+2199
    { 29, 26, 512, 1, 21, 189, 736 }, // U+219A
    { 29, 26, 512, 2, 21, 189, 925 }, // U+219B
    { 16, 16, 256, 0, 14, 64, 1114 }, // U+219C
    { 16, 16, 256, 0, 14, 64, 1178 }, // U+219D
    { 8, 16, 128, 0, 14, 32, 1242 }, // U+219E
    { 8, 16, 128, 0, 14, 32, 1274 }, // U+219F
    { 8, 16, 128, 0, 14, 32, 1306 }, // U+21A0
    { 8, 16, 128, 0, 14, 32, 1338 }, // U+21A1
    { 8, 16, 128, 0, 14, 32, 1370 }, // U+21A2
    { 8, 16, 128, 0, 14, 32, 1402 }, // U+21A3
    { 8, 16, 128, 0, 14, 32, 1434 }, // U+21A4
    { 8, 16, 128, 0, 14, 32, 1466 }, // U+21A5
    { 8, 16, 128, 0, 14, 32, 1498 }, // U+21A6
    { 8, 16, 128, 0, 14, 32, 1530 }, // U+21A7
    { 8, 16, 128, 0, 14, 32, 1562 }, // U+21A8
    { 8, 16, 128, 0, 14, 32, 1594 }, // U+21A9
    { 8, 16, 128, 0, 14, 32, 1626 }, // U+21AA
    { 8, 16, 128, 0, 14, 32, 1658 }, // U+21AB
    { 8, 16, 128, 0, 14, 32, 1690 }, // U+21AC
    { 8, 16, 128, 0, 14, 32, 1722 }, // U+21AD
    { 32, 26, 544, 1, 21, 208, 1754 }, // U+21AE
    { 8, 16, 128, 0, 14, 32, 1962 }, // U+21AF
    { 8, 16, 128, 0, 14, 32, 1994 }, // U+21B0
    { 8, 16, 128, 0, 14, 32, 2026 }, // U+21B1
    { 8, 16, 128, 0, 14, 32, 2058 }, // U+21B2
    { 8, 16, 128, 0, 14, 32, 2090 }, // U+21B3
    { 8, 16, 128, 0, 14, 32, 2122 }, // U+21B4
    { 18, 21, 336, 1, 21, 95, 2154 }, // U+21B5
    { 8, 16, 128, 0, 14, 32, 2249 }, // U+21B6
    { 8, 16, 128, 0, 14, 32, 2281 }, // U+21B7
    { 8, 16, 128, 0, 14, 32, 2313 }, // U+21B8
    { 8, 16, 128, 0, 14, 32, 2345 }, // U+21B9
    { 8, 16, 128, 0, 14, 32, 2377 }, // U+21BA
    { 8, 16, 128, 0, 14, 32, 2409 }, // U+21BB
    { 8, 16, 128, 0, 14, 32, 2441 }, // U+21BC
    { 8, 16, 128, 0, 14, 32, 2473 }, // U+21BD
    { 8, 16, 128, 0, 14, 32, 2505 }, // U+21BE
    { 8, 16, 128, 0, 14, 32, 2537 }, // U+21BF
    { 8, 16, 128, 0, 14, 32, 2569 }, // U+21C0
    { 8, 16, 128, 0, 14, 32, 2601 }, // U+21C1
    { 8, 16, 128, 0, 14, 32, 2633 }, // U+21C2
    { 8, 16, 128, 0, 14, 32, 2665 }, // U+21C3
    { 8, 16, 128, 0, 14, 32, 2697 }, // U+21C4
    { 8, 16, 128, 0, 14, 32, 2729 }, // U+21C5
    { 8, 16, 128, 0, 14, 32, 2761 }, // U+21C6
    { 8, 16, 128, 0, 14, 32, 2793 }, // U+21C7
    { 8, 16, 128, 0, 14, 32, 2825 }, // U+21C8
    { 8, 16, 128, 0, 14, 32, 2857 }, // U+21C9
    { 8, 16, 128, 0, 14, 32, 2889 }, // U+21CA
    { 8, 16, 128, 0, 14, 32, 2921 }, // U+21CB
    { 8, 16, 128, 0, 14, 32, 2953 }, // U+21CC
    { 29, 26, 512, 1, 22, 189, 2985 }, // U+21CD
    { 32, 26, 544, 1, 22, 208, 3174 }, // U+21CE
    { 29, 26, 512, 2, 22, 189, 3382 }, // U+21CF
    { 29, 17, 512, 1, 17, 124, 3571 }, // U+21D0
    { 17, 27, 320, 1, 27, 115, 3695 }, // U+21D1
    { 29, 17, 512, 2, 17, 124, 3810 }, // U+21D2
    { 17, 27, 320, 1, 27, 115, 3934 }, // U+21D3
    { 32, 18, 544, 1, 18, 144, 4049 }, // U+21D4
    { 8, 16, 128, 0, 14, 32, 4193 }, // U+21D5
    { 8, 16, 128, 0, 14, 32, 4225 }, // U+21D6
    { 8, 16, 128, 0, 14, 32, 4257 }, // U+21D7
    { 8, 16, 128, 0, 14, 32, 4289 }, // U+21D8
    { 8, 16, 128, 0, 14, 32, 4321 }, // U+21D9
    { 8, 16, 128, 0, 14, 32, 4353 }, // U+21DA
    { 8, 16, 128, 0, 14, 32, 4385 }, // U+21DB
    { 8, 16, 128, 0, 14, 32, 4417 }, // U+21DC
    { 8, 16, 128, 0, 14, 32, 4449 }, // U+21DD
    { 8, 16, 128, 0, 14, 32, 4481 }, // U+21DE
    { 8, 16, 128, 0, 14, 32, 4513 }, // U+21DF
    { 8, 16, 128, 0, 14, 32, 4545 }, // U+21E0
    { 8, 16, 128, 0, 14, 32, 4577 }, // U+21E1
    { 8, 16, 128, 0, 14, 32, 4609 }, // U+21E2
    { 8, 16, 128, 0, 14, 32, 4641 }, // U+21E3
    { 8, 16, 128, 0, 14, 32, 4673 }, // U+21E4
    { 8, 16, 128, 0, 14, 32, 4705 }, // U+21E5
    { 8, 16, 128, 0, 14, 32, 4737 }, // U+21E6
    { 8, 16, 128, 0, 14, 32, 4769 }, // U+21E7
    { 8, 16, 128, 0, 14, 32, 4801 }, // U+21E8
    { 8, 16, 128, 0, 14, 32, 4833 }, // U+21E9
    { 8, 16, 128, 0, 14, 32, 4865 }, // U+21EA
    { 8, 16, 128, 0, 14, 32, 4897 }, // U+21EB
    { 8, 16, 128, 0, 14, 32, 4929 }, // U+21EC
    { 8, 16, 128, 0, 14, 32, 4961 }, // U+21ED
    { 8, 16, 128, 0, 14, 32, 4993 }, // U+21EE
    { 8, 16, 128, 0, 14, 32, 5025 }, // U+21EF
    { 8, 16, 128, 0, 14, 32, 5057 }, // U+21F0
    { 8, 16, 128, 0, 14, 32, 5089 }, // U+21F1
    { 8, 16, 128, 0, 14, 32, 5121 }, // U+21F2
    { 8, 16, 128, 0, 14, 32, 5153 }, // U+21F3
    { 16, 16, 256, 0, 14, 64, 5185 }, // U+21F4
    { 8, 16, 128, 0, 14, 32, 5249 }, // U+21F5
    { 8, 16, 128, 0, 14, 32, 5281 }, // U+21F6
    { 8, 16, 128, 0, 14, 32, 5313 }, // U+21F7
    { 8, 16, 128, 0, 14, 32, 5345 }, // U+21F8
    { 16, 16, 256, 0, 14, 64, 5377 }, // U+21F9
    { 16, 16, 256, 0, 14, 64, 5441 }, // U+21FA
    { 16, 16, 256, 0, 14, 64, 5505 }, // U+21FB
    { 16, 16, 256, 0, 14, 64, 5569 }, // U+21FC
    { 8, 16, 128, 0, 14, 32, 5633 }, // U+21FD
    { 8, 16, 128, 0, 14, 32, 5665 }, // U+21FE
    { 16, 16, 256, 0, 14, 64, 5697 }, // U+21FF
    { 20, 24, 368, 1, 24, 120, 0 }, // U+2200
    { 8, 16, 128, 0, 14, 32, 120 }, // U+2201
    { 14, 27, 256, 1, 27, 95, 152 }, // U+2202
    { 15, 24, 288, 0, 24, 90, 247 }, // U+2203
    { 15, 26, 288, 0, 25, 98, 337 }, // U+2204
    { 24, 24, 432, 1, 24, 144, 435 }, // U+2205
    { 19, 22, 320, 0, 22, 105, 579 }, // U+2206
    { 20, 24, 368, 1, 24, 120, 684 }, // U+2207
    { 15, 16, 368, 1, 16, 60, 804 }, // U+2208
    { 15, 20, 368, 1, 18, 75, 864 }, // U+2209
    { 12, 17, 224, 1, 17, 51, 939 }, // U+220A
    { 15, 16, 368, 1, 16, 60, 990 }, // U+220B
    { 15, 26, 368, 1, 21, 98, 1050 }, // U+220C
    { 12, 17, 224, 1, 17, 51, 1148 }, // U+220D
    { 8, 16, 128, 0, 14, 32, 1199 }, // U+220E
    { 25, 27, 432, 1, 27, 169, 1231 }, // U+220F
    { 8, 16, 128, 0, 14, 32, 1400 }, // U+2210
    { 21, 28, 368, 1, 27, 147, 1432 }, // U+2211
    { 16, 2, 288, 1, 10, 8, 1579 }, // U+2212
    { 8, 16, 128, 0, 14, 32, 1587 }, // U+2213
    { 8, 16, 128, 0, 14, 32, 1619 }, // U+2214
    { 14, 23, 96, -4, 23, 81, 1651 }, // U+2215
    { 8, 16, 128, 0, 14, 32, 1732 }, // U+2216
    { 11, 14, 256, 2, 18, 39, 1764 }, // U+2217
    { 8, 16, 128, 0, 14, 32, 1803 }, // U+2218
    { 4, 4, 128, 2, 11, 4, 1835 }, // U+2219
    { 17, 27, 288, 0, 27, 115, 1839 }, // U+221A
    { 8, 16, 128, 0, 14, 32, 1954 }, // U+221B
    { 8, 16, 128, 0, 14, 32, 1986 }, // U+221C
    { 19, 10, 368, 1, 14, 48, 2018 }, // U+221D
    { 21, 10, 368, 1, 14, 53, 2066 }, // U+221E
    { 8, 16, 128, 0, 14, 32, 2119 }, // U+221F
    { 22, 22, 400, 1, 22, 121, 2151 }, // U+2220
    { 8, 16, 128, 0, 14, 32, 2272 }, // U+2221
    { 8, 16, 128, 0, 14, 32, 2304 }, // U+2222
    { 8, 16, 128, 0, 14, 32, 2336 }, // U+2223
    { 8, 16, 128, 0, 14, 32, 2368 }, // U+2224
    { 8, 16, 128, 0, 14, 32, 2400 }, // U+2225
    { 8, 16, 128, 0, 14, 32, 2432 }, // U+2226
    { 16, 15, 320, 2, 15, 60, 2464 }, // U+2227
    { 16, 15, 320, 2, 15, 60, 2524 }, // U+2228
    { 22, 17, 400, 1, 17, 94, 2584 }, // U+2229
    { 22, 17, 400, 1, 17, 94, 2678 }, // U+222A
    { 9, 33, 144, 0, 27, 75, 2772 }, // U+222B
    { 8, 16, 128, 0, 14, 32, 2847 }, // U+222C
    { 8, 16, 128, 0, 14, 32, 2879 }, // U+222D
    { 8, 16, 128, 0, 14, 32, 2911 }, // U+222E
    { 8, 16, 128, 0, 14, 32, 2943 }, // U+222F
    { 8, 16, 128, 0, 14, 32, 2975 }, // U+2230
    { 8, 16, 128, 0, 14, 32, 3007 }, // U+2231
    { 8, 16, 128, 0, 14, 32, 3039 }, // U+2232
    { 8, 16, 128, 0, 14, 32, 3071 }, // U+2233
    { 17, 16, 448, 5, 16, 68, 3103 }, // U+2234
    { 17, 16, 448, 5, 16, 68, 3171 }, // U+2235
    { 4, 15, 144, 2, 15, 15, 3239 }, // U+2236
    { 8, 16, 128, 0, 14, 32, 3254 }, // U+2237
    { 8, 16, 128, 0, 14, 32, 3286 }, // U+2238
    { 8, 16, 128, 0, 14, 32, 3318 }, // U+2239
    { 8, 16, 128, 0, 14, 32, 3350 }, // U+223A
    { 8, 16, 128, 0, 14, 32, 3382 }, // U+223B
    { 15, 4, 288, 1, 11, 15, 3414 }, // U+223C
    { 8, 16, 128, 0, 14, 32, 3429 }, // U+223D
    { 8, 16, 128, 0, 14, 32, 3461 }, // U+223E
    { 8, 16, 128, 0, 14, 32, 3493 }, // U+223F
    { 8, 16, 128, 0, 14, 32, 3525 }, // U+2240
    { 15, 26, 288, 1, 22, 98, 3557 }, // U+2241
    { 8, 16, 128, 0, 14, 32, 3655 }, // U+2242
    { 8, 16, 128, 0, 14, 32, 3687 }, // U+2243
    { 8, 16, 128, 0, 14, 32, 3719 }, // U+2244
    { 17, 16, 288, 0, 16, 68, 3751 }, // U+2245
    { 8, 16, 128, 0, 14, 32, 3819 }, // U+2246
    { 17, 26, 288, 0, 21, 111, 3851 }, // U+2247
    { 16, 9, 288, 1, 13, 36, 3962 }, // U+2248
    { 16, 26, 288, 1, 22, 104, 3998 }, // U+2249
    { 8, 16, 128, 0, 14, 32, 4102 }, // U+224A
    { 8, 16, 128, 0, 14, 32, 4134 }, // U+224B
    { 8, 16, 128, 0, 14, 32, 4166 }, // U+224C
    { 8, 16, 128, 0, 14, 32, 4198 }, // U+224D
    { 8, 16, 128, 0, 14, 32, 4230 }, // U+224E
    { 8, 16, 128, 0, 14, 32, 4262 }, // U+224F
    { 8, 16, 128, 0, 14, 32, 4294 }, // U+2250
    { 8, 16, 128, 0, 14, 32, 4326 }, // U+2251
    { 8, 16, 128, 0, 14, 32, 4358 }, // U+2252
    { 8, 16, 128, 0, 14, 32, 4390 }, // U+2253
    { 8, 16, 128, 0, 14, 32, 4422 }, // U+2254
    { 8, 16, 128, 0, 14, 32, 4454 }, // U+2255
    { 8, 16, 128, 0, 14, 32, 4486 }, // U+2256
    { 8, 16, 128, 0, 14, 32, 4518 }, // U+2257
    { 8, 16, 128, 0, 14, 32, 4550 }, // U+2258
    { 16, 16, 304, 1, 20, 64, 4582 }, // U+2259
    { 16, 16, 304, 1, 20, 64, 4646 }, // U+225A
    { 8, 16, 128, 0, 14, 32, 4710 }, // U+225B
    { 8, 16, 128, 0, 14, 32, 4742 }, // U+225C
    { 8, 16, 128, 0, 14, 32, 4774 }, // U+225D
    { 8, 16, 128, 0, 14, 32, 4806 }, // U+225E
    { 8, 16, 128, 0, 14, 32, 4838 }, // U+225F
    { 17, 19, 288, 1, 18, 81, 4870 }, // U+2260
    { 17, 12, 288, 0, 15, 51, 4951 }, // U+2261
    { 17, 26, 288, 0, 22, 111, 5002 }, // U+2262
    { 8, 16, 128, 0, 14, 32, 5113 }, // U+2263
    { 16, 21, 288, 1, 21, 84, 5145 }, // U+2264
    { 16, 21, 288, 1, 21, 84, 5229 }, // U+2265
    { 8, 16, 128, 0, 14, 32, 5313 }, // U+2266
    { 8, 16, 128, 0, 14, 32, 5345 }, // U+2267
    { 8, 16, 128, 0, 14, 32, 5377 }, // U+2268
    { 8, 16, 128, 0, 14, 32, 5409 }, // U+2269
    { 8, 16, 128, 0, 14, 32, 5441 }, // U+226A
    { 8, 16, 128, 0, 14, 32, 5473 }, // U+226B
    { 8, 16, 128, 0, 14, 32, 5505 }, // U+226C
    { 8, 16, 128, 0, 14, 32, 5537 }, // U+226D
    { 16, 26, 304, 1, 22, 104, 5569 }, // U+226E
    { 16, 26, 304, 2, 22, 104, 5673 }, // U+226F
    { 16, 26, 288, 1, 24, 104, 5777 }, // U+2270
    { 16, 26, 288, 1, 24, 104, 5881 }, // U+2271
    { 8, 16, 128, 0, 14, 32, 5985 }, // U+2272
    { 8, 16, 128, 0, 14, 32, 6017 }, // U+2273
    { 8, 16, 128, 0, 14, 32, 6049 }, // U+2274
    { 8, 16, 128, 0, 14, 32, 6081 }, // U+2275
    { 8, 16, 128, 0, 14, 32, 6113 }, // U+2276
    { 8, 16, 128, 0, 14, 32, 6145 }, // U+2277
    { 8, 16, 128, 0, 14, 32, 6177 }, // U+2278
    { 8, 16, 128, 0, 14, 32, 6209 }, // U+2279
    { 8, 16, 128, 0, 14, 32, 6241 }, // U+227A
    { 8, 16, 128, 0, 14, 32, 6273 }, // U+227B
    { 8, 16, 128, 0, 14, 32, 6305 }, // U+227C
    { 8, 16, 128, 0, 14, 32, 6337 }, // U+227D
    { 8, 16, 128, 0, 14, 32, 6369 }, // U+227E
    { 8, 16, 128, 0, 14, 32, 6401 }, // U+227F
    { 8, 16, 128, 0, 14, 32, 6433 }, // U+2280
    { 8, 16, 128, 0, 14, 32, 6465 }, // U+2281
    { 21, 16, 368, 1, 16, 84, 6497 }, // U+2282
    { 21, 16, 368, 1, 16, 84, 6581 }, // U+2283
    { 21, 20, 368, 1, 18, 105, 6665 }, // U+2284
    { 21, 26, 368, 1, 21, 137, 6770 }, // U+2285
    { 21, 20, 368, 1, 16, 105, 6907 }, // U+2286
    { 21, 20, 368, 1, 16, 105, 7012 }, // U+2287
    { 21, 26, 368, 1, 19, 137, 7117 }, // U+2288
    { 21, 26, 368, 1, 19, 137, 7254 }, // U+2289
    { 8, 16, 128, 0, 14, 32, 7391 }, // U+228A
    { 8, 16, 128, 0, 14, 32, 7423 }, // U+228B
    { 8, 16, 128, 0, 14, 32, 7455 }, // U+228C
    { 8, 16, 128, 0, 14, 32, 7487 }, // U+228D
    { 8, 16, 128, 0, 14, 32, 7519 }, // U+228E
    { 8, 16, 128, 0, 14, 32, 7551 }, // U+228F
    { 8, 16, 128, 0, 14, 32, 7583 }, // U+2290
    { 8, 16, 128, 0, 14, 32, 7615 }, // U+2291
    { 8, 16, 128, 0, 14, 32, 7647 }, // U+2292
    { 8, 16, 128, 0, 14, 32, 7679 }, // U+2293
    { 8, 16, 128, 0, 14, 32, 7711 }, // U+2294
    { 22, 23, 400, 1, 23, 127, 7743 }, // U+2295
    { 8, 16, 128, 0, 14, 32, 7870 }, // U+2296
    { 22, 23, 400, 1, 23, 127, 7902 }, // U+2297
    { 8, 16, 128, 0, 14, 32, 8029 }, // U+2298
    { 8, 16, 128, 0, 14, 32, 8061 }, // U+2299
    { 8, 16, 128, 0, 14, 32, 8093 }, // U+229A
    { 8, 16, 128, 0, 14, 32, 8125 }, // U+229B
    { 8, 16, 128, 0, 14, 32, 8157 }, // U+229C
    { 8, 16, 128, 0, 14, 32, 8189 }, // U+229D
    { 8, 16, 128, 0, 14, 32, 8221 }, // U+229E
    { 8, 16, 128, 0, 14, 32, 8253 }, // U+229F
    { 8, 16, 128, 0, 14, 32, 8285 }, // U+22A0
    { 8, 16, 128, 0, 14, 32, 8317 }, // U+22A1
    { 8, 16, 128, 0, 14, 32, 8349 }, // U+22A2
    { 8, 16, 128, 0, 14, 32, 8381 }, // U+22A3
    { 20, 23, 336, 1, 23, 115, 8413 }, // U+22A4
    { 20, 23, 336, 1, 23, 115, 8528 }, // U+22A5
    { 8, 16, 128, 0, 14, 32, 8643 }, // U+22A6
    { 8, 16, 128, 0, 14, 32, 8675 }, // U+22A7
    { 8, 16, 128, 0, 14, 32, 8707 }, // U+22A8
    { 8, 16, 128, 0, 14, 32, 8739 }, // U+22A9
    { 8, 16, 128, 0, 14, 32, 8771 }, // U+22AA
    { 8, 16, 128, 0, 14, 32, 8803 }, // U+22AB
    { 8, 16, 128, 0, 14, 32, 8835 }, // U+22AC
    { 8, 16, 128, 0, 14, 32, 8867 }, // U+22AD
    { 8, 16, 128, 0, 14, 32, 8899 }, // U+22AE
    { 8, 16, 128, 0, 14, 32, 8931 }, // U+22AF
    { 8, 16, 128, 0, 14, 32, 8963 }, // U+22B0
    { 8, 16, 128, 0, 14, 32, 8995 }, // U+22B1
    { 8, 16, 128, 0, 14, 32, 9027 }, // U+22B2
    { 8, 16, 128, 0, 14, 32, 9059 }, // U+22B3
    { 8, 16, 128, 0, 14, 32, 9091 }, // U+22B4
    { 8, 16, 128, 0, 14, 32, 9123 }, // U+22B5
    { 16, 16, 256, 0, 14, 64, 9155 }, // U+22B6
    { 16, 16, 256, 0, 14, 64, 9219 }, // U+22B7
    { 16, 16, 256, 0, 14, 64, 9283 }, // U+22B8
    { 8, 16, 128, 0, 14, 32, 9347 }, // U+22B9
    { 8, 16, 128, 0, 14, 32, 9379 }, // U+22BA
    { 8, 16, 128, 0, 14, 32, 9411 }, // U+22BB
    { 8, 16, 128, 0, 14, 32, 9443 }, // U+22BC
    { 8, 16, 128, 0, 14, 32, 9475 }, // U+22BD
    { 8, 16, 128, 0, 14, 32, 9507 }, // U+22BE
    { 8, 16, 128, 0, 14, 32, 9539 }, // U+22BF
    { 8, 16, 128, 0, 14, 32, 9571 }, // U+22C0
    { 8, 16, 128, 0, 14, 32, 9603 }, // U+22C1
    { 8, 16, 128, 0, 14, 32, 9635 }, // U+22C2
    { 8, 16, 128, 0, 14, 32, 9667 }, // U+22C3
    { 8, 16, 128, 0, 14, 32, 9699 }, // U+22C4
    { 3, 3, 128, 2, 10, 3, 9731 }, // U+22C5
    { 8, 16, 128, 0, 14, 32, 9734 }, // U+22C6
    { 8, 16, 128, 0, 14, 32, 9766 }, // U+22C7
    { 8, 16, 128, 0, 14, 32, 9798 }, // U+22C8
    { 8, 16, 128, 0, 14, 32, 9830 }, // U+22C9
    { 8, 16, 128, 0, 14, 32, 9862 }, // U+22CA
    { 8, 16, 128, 0, 14, 32, 9894 }, // U+22CB
    { 8, 16, 128, 0, 14, 32, 9926 }, // U+22CC
    { 8, 16, 128, 0, 14, 32, 9958 }, // U+22CD
    { 8, 16, 128, 0, 14, 32, 9990 }, // U+22CE
    { 8, 16, 128, 0, 14, 32, 10022 }, // U+22CF
    { 8, 16, 128, 0, 14, 32, 10054 }, // U+22D0
    { 8, 16, 128, 0, 14, 32, 10086 }, // U+22D1
    { 8, 16, 128, 0, 14, 32, 10118 }, // U+22D2
    { 8, 16, 128, 0, 14, 32, 10150 }, // U+22D3
    { 8, 16, 128, 0, 14, 32, 10182 }, // U+22D4
    { 8, 16, 128, 0, 14, 32, 10214 }, // U+22D5
    { 8, 16, 128, 0, 14, 32, 10246 }, // U+22D6
    { 8, 16, 128, 0, 14, 32, 10278 }, // U+22D7
    { 16, 16, 256, 0, 14, 64, 10310 }, // U+22D8
    { 16, 16, 256, 0, 14, 64, 10374 }, // U+22D9
    { 8, 16, 128, 0, 14, 32, 10438 }, // U+22DA
    { 8, 16, 128, 0, 14, 32, 10470 }, // U+22DB
    { 8, 16, 128, 0, 14, 32, 10502 }, // U+22DC
    { 8, 16, 128, 0, 14, 32, 10534 }, // U+22DD
    { 8, 16, 128, 0, 14, 32, 10566 }, // U+22DE
    { 8, 16, 128, 0, 14, 32, 10598 }, // U+22DF
    { 8, 16, 128, 0, 14, 32, 10630 }, // U+22E0
    { 8, 16, 128, 0, 14, 32, 10662 }, // U+22E1
    { 8, 16, 128, 0, 14, 32, 10694 }, // U+22E2
    { 8, 16, 128, 0, 14, 32, 10726 }, // U+22E3
    { 8, 16, 128, 0, 14, 32, 10758 }, // U+22E4
    { 8, 16, 128, 0, 14, 32, 10790 }, // U+22E5
    { 8, 16, 128, 0, 14, 32, 10822 }, // U+22E6
    { 8, 16, 128, 0, 14, 32, 10854 }, // U+22E7
    { 8, 16, 128, 0, 14, 32, 10886 }, // U+22E8
    { 8, 16, 128, 0, 14, 32, 10918 }, // U+22E9
    { 8, 16, 128, 0, 14, 32, 10950 }, // U+22EA
    { 8, 16, 128, 0, 14, 32, 10982 }, // U+22EB
    { 8, 16, 128, 0, 14, 32, 11014 }, // U+22EC
    { 8, 16, 128, 0, 14, 32, 11046 }, // U+22ED
    { 8, 16, 128, 0, 14, 32, 11078 }, // U+22EE
    { 8, 16, 128, 0, 14, 32, 11110 }, // U+22EF
    { 8, 16, 128, 0, 14, 32, 11142 }, // U+22F0
    { 8, 16, 128, 0, 14, 32, 11174 }, // U+22F1
    { 16, 16, 256, 0, 14, 64, 11206 }, // U+22F2
    { 16, 16, 256, 0, 14, 64, 11270 }, // U+22F3
    { 8, 16, 128, 0, 14, 32, 11334 }, // U+22F4
    { 16, 16, 256, 0, 14, 64, 11366 }, // U+22F5
    { 16, 16, 256, 0, 14, 64, 11430 }, // U+22F6
    { 8, 16, 128, 0, 14, 32, 11494 }, // U+22F7
    { 8, 16, 128, 0, 14, 32, 11526 }, // U+22F8
    { 16, 16, 256, 0, 14, 64, 11558 }, // U+22F9
    { 16, 16, 256, 0, 14, 64, 11622 }, // U+22FA
    { 16, 16, 256, 0, 14, 64, 11686 }, // U+22FB
    { 8, 16, 128, 0, 14, 32, 11750 }, // U+22FC
    { 16, 16, 256, 0, 14, 64, 11782 }, // U+22FD
    { 8, 16, 128, 0, 14, 32, 11846 }, // U+22FE
    { 16, 16, 256, 0, 14, 64, 11878 }, // U+22FF
    { 21, 23, 288, -1, 23, 121, 0 }, // U+FB00
    { 16, 23, 256, 0, 23, 92, 121 }, // U+FB01
    { 16, 23, 256, 0, 23, 92, 213 }, // U+FB02
    { 26, 23, 384, -3, 23, 150, 305 }, // U+FB03
    { 26, 23, 384, -3, 23, 150, 455 }, // U+FB04
    { 8, 16, 128, 0, 14, 32, 605 }, // U+FB05
    { 8, 16, 128, 0, 14, 32, 637 }, // U+FB06
    { 8, 16, 128, 0, 14, 32, 0 }, // U+FFFD
};

static const EpdUnicodeInterval times_16_regularIntervals[] = {
    { 0x0, 0x17F, 0x0 },
    { 0x1A0, 0x1A1, 0x180 },
    { 0x1AF, 0x1B0, 0x182 },
    { 0x1C4, 0x21F, 0x184 },
    { 0x300, 0x36F, 0x1E0 },
    { 0x400, 0x4FF, 0x250 },
    { 0x1E0C, 0x1E0D, 0x350 },
    { 0x1E24, 0x1E25, 0x352 },
    { 0x1E36, 0x1E3B, 0x354 },
    { 0x1E40, 0x1E49, 0x35A },
    { 0x1E5A, 0x1E5F, 0x364 },
    { 0x1E62, 0x1E63, 0x36A },
    { 0x1E6C, 0x1E6D, 0x36C },
    { 0x1EA0, 0x1EF9, 0x36E },
    { 0x2000, 0x20CF, 0x3C8 },
    { 0x2190, 0x22FF, 0x498 },
    { 0xFB00, 0xFB06, 0x608 },
    { 0xFFFD, 0xFFFD, 0x60F },
};

static const EpdFontGroup times_16_regularGroups[] = {
    { 0, 2369, 9926, 128, 0 },
    { 2369, 2103, 11446, 128, 128 },
    { 4472, 2211, 14762, 128, 256 },
    { 6683, 1758, 10596, 96, 384 },
    { 8441, 502, 3593, 112, 480 },
    { 8943, 1369, 8256, 256, 592 },
    { 10312, 533, 3569, 30, 848 },
    { 10845, 1100, 10004, 90, 878 },
    { 11945, 938, 4172, 112, 968 },
    { 12883, 294, 1616, 48, 1080 },
    { 13177, 663, 2540, 48, 1128 },
    { 13840, 1153, 5935, 112, 1176 },
    { 14993, 2578, 12378, 256, 1288 },
    { 17571, 143, 708, 7, 1544 },
    { 17714, 23, 32, 1, 1551 },
};

static const EpdLigaturePair times_16_regularLigaturePairs[] = {
    { 0x00660066, 0xFB00 }, // f f -> U+FB00
    { 0x00660069, 0xFB01 }, // f i -> U+FB01
    { 0x0066006C, 0xFB02 }, // f l -> U+FB02
    { 0xFB000069, 0xFB03 }, // U+FB00 i -> U+FB03
    { 0xFB00006C, 0xFB04 }, // U+FB00 l -> U+FB04
};

static const EpdFontData times_16_regular = {
    times_16_regularBitmaps,
    times_16_regularGlyphs,
    times_16_regularIntervals,
    18,
    34,
    27,
    -7,
    true,
    times_16_regularGroups,
    15,
    nullptr,
    nullptr,
    nullptr,
    nullptr,
    nullptr,
    nullptr,
    nullptr,
    nullptr,
    nullptr,
    nullptr,
    nullptr,
    0,
    0,
    0,
    0,
    times_16_regularLigaturePairs,
    5,
};
