/**
 * generated by fontconvert.py
 * name: times_12_regular
 * size: 12
 * mode: 2-bit  compressed: true
 * Command used: fontconvert.py times_12_regular 12 ../../../x11/font-adobe-100dpi-1.0.4/timR18.bdf ../../../x11/unifont-18.0.01.bdf --2bit --compress --zopfli
 */
#pragma once
#include "EpdFontData.h"

static const uint8_t times_12_regularBitmaps[13755] = {
    0xAD, 0x98, 0xC9, 0xAA, 0xF3, 0x40, 0x0E, 0x85, 0x3F, 0xD0, 0xB6, 0x40, 0xAF, 0x52, 0x90, 0xAD,
    0xA0, 0x5E, 0x5D, 0xE0, 0x6D, 0x20, 0xAF, 0x22, 0xC8, 0x56, 0xA0, 0x2E, 0x0F, 0x19, 0xEE, 0xF8,
    0x5F, 0x77, 0x77, 0xE9, 0x9C, 0xA3, 0xC4, 0xD6, 0xB1, 0xEC, 0x5B, 0x9E, 0x6E, 0xAE, 0x73, 0x38,
    0x00, 0xAB, 0xFE, 0xEF, 0x9F, 0xB6, 0xED, 0xAD, 0x02, 0x88, 0x03, 0x8F, 0xAC, 0xCB, 0xA2, 0xD1,
    0x2E, 0x4D, 0xDB, 0xA5, 0xFC, 0x7A, 0x69, 0x43, 0x16, 0x75, 0xE0, 0x73, 0xDD, 0x65, 0x8E, 0x6F,
    0xFD, 0xB7, 0xEB, 0x25, 0xA4, 0x75, 0x15, 0x59, 0x7C, 0x69, 0x7D, 0x48, 0xBB, 0x9C, 0xF1, 0x8F,
    0xC3, 0x3F, 0x16, 0x59, 0xF6, 0x7C, 0xD2, 0xBF, 0xDC, 0x2A, 0x5A, 0xF7, 0x71, 0xED, 0xCB, 0x96,
    0x17, 0x5F, 0x4E, 0xF9, 0xAF, 0xFD, 0xBE, 0x1E, 0xFF, 0xB8, 0x5D, 0x34, 0xDA, 0xDD, 0xE6, 0xF7,
    0x3A, 0xE3, 0x57, 0x99, 0xFB, 0x7F, 0x6D, 0xB3, 0xBF, 0xCA, 0x9A, 0xFB, 0x72, 0x3D, 0xB7, 0xFF,
    0x7A, 0x9F, 0x3E, 0x79, 0xCF, 0xA7, 0xFA, 0x4B, 0xEA, 0xB2, 0x48, 0x5F, 0xB3, 0x2C, 0x82, 0x4B,
    0x0E, 0x39, 0xE3, 0x6F, 0xAD, 0x96, 0x6B, 0x6B, 0x68, 0x36, 0x59, 0x73, 0x6B, 0xED, 0x9C, 0x9F,
    0xE9, 0xC7, 0x9F, 0x59, 0xD3, 0xCF, 0xF7, 0x3F, 0xFA, 0x2E, 0xBD, 0x81, 0x9F, 0xEB, 0xAF, 0x79,
    0xF4, 0x3D, 0x72, 0xE3, 0x5C, 0x7F, 0xC9, 0x92, 0xE9, 0xF3, 0xC6, 0x9A, 0x17, 0x24, 0x7D, 0x39,
    0xE7, 0x1F, 0x9B, 0x5F, 0x62, 0xFA, 0x9A, 0xBB, 0xC6, 0x38, 0xDB, 0x7F, 0xB9, 0xD2, 0x90, 0x68,
    0xE2, 0xAD, 0xA1, 0x51, 0xA7, 0xFA, 0xEB, 0x22, 0xF7, 0xEB, 0x45, 0x68, 0x97, 0x3D, 0xEB, 0x72,
    0xBF, 0x9F, 0xF1, 0x0F, 0xF1, 0x25, 0xAE, 0xE2, 0xFD, 0xCA, 0xCC, 0xF8, 0x90, 0xE5, 0xA4, 0x7F,
    0x59, 0x7D, 0x7D, 0xF7, 0x0B, 0xFF, 0xBD, 0x5F, 0xB6, 0xBC, 0x7E, 0x3F, 0xE7, 0xF7, 0xCB, 0xF4,
    0xC5, 0xF4, 0xCF, 0x2C, 0xB1, 0x7E, 0x3F, 0xE3, 0xEF, 0xCB, 0xA2, 0x79, 0xBD, 0x74, 0xBB, 0x5E,
    0x96, 0xFB, 0xED, 0x3E, 0xF7, 0xE3, 0xA2, 0x67, 0xFC, 0xDA, 0x2F, 0x1A, 0x6D, 0xB9, 0xAA, 0xC8,
    0xF0, 0x45, 0xDA, 0x10, 0x39, 0xE5, 0x1F, 0xB7, 0xDB, 0x71, 0xDF, 0xD3, 0x67, 0x3E, 0xD5, 0x5F,
    0xDB, 0x25, 0xFA, 0xAD, 0xF7, 0x71, 0xBD, 0x47, 0xBF, 0x76, 0x9D, 0x07, 0x70, 0xCA, 0x9F, 0xBE,
    0x5C, 0xB9, 0xBB, 0xE6, 0x75, 0x66, 0x9F, 0xD9, 0xCF, 0xF5, 0xBF, 0x5E, 0xEE, 0xC7, 0xF3, 0xE3,
    0xBE, 0x3E, 0x3F, 0x4E, 0xCF, 0xFF, 0x12, 0x15, 0x4D, 0x66, 0x5E, 0x24, 0xB8, 0x30, 0x6E, 0x5E,
    0x67, 0xAF, 0xBF, 0x05, 0x9F, 0xD9, 0x66, 0x16, 0x84, 0x94, 0x33, 0x7E, 0x1E, 0x7E, 0x9B, 0xFE,
    0x26, 0x90, 0xE7, 0xFC, 0x12, 0x63, 0xFA, 0x1C, 0x89, 0xE9, 0xEF, 0x82, 0xB4, 0x93, 0xFE, 0x76,
    0xF8, 0xDB, 0xD1, 0x3F, 0x7E, 0xF6, 0xD3, 0x73, 0x1F, 0x7D, 0x0E, 0x20, 0x9E, 0xC3, 0x9D, 0x8F,
    0x18, 0x95, 0x13, 0x22, 0xEC, 0xA8, 0x8A, 0x89, 0xD6, 0x78, 0x07, 0x7D, 0x85, 0x16, 0x76, 0x89,
    0xE8, 0x13, 0x7D, 0x22, 0x3B, 0x23, 0x90, 0x84, 0xE1, 0x5C, 0x82, 0x9E, 0x74, 0xF3, 0x0D, 0xD1,
    0x23, 0x2F, 0xA1, 0x75, 0x18, 0x25, 0x09, 0x54, 0x2B, 0x30, 0x11, 0x27, 0x44, 0x98, 0xA2, 0x10,
    0xCD, 0x20, 0x7B, 0x87, 0xE1, 0x01, 0x88, 0x17, 0x88, 0x2C, 0x8E, 0x2A, 0x8E, 0x19, 0x4E, 0x5F,
    0x25, 0x4C, 0x10, 0x1F, 0x0D, 0x41, 0x03, 0x46, 0x00, 0x6E, 0x20, 0xDE, 0x9E, 0x62, 0x40, 0x04,
    0x50, 0x4B, 0xC2, 0x20, 0xA0, 0x70, 0x54, 0xDD, 0x31, 0x59, 0x20, 0xB8, 0xAF, 0x92, 0xAB, 0x18,
    0x24, 0x85, 0x8F, 0xBA, 0x15, 0x9A, 0x24, 0x31, 0x87, 0xD3, 0x71, 0x41, 0x69, 0x18, 0x46, 0x7C,
    0x0A, 0xC3, 0x68, 0x28, 0x02, 0x4E, 0x9F, 0x38, 0xBE, 0x89, 0x8B, 0x7F, 0x2E, 0x16, 0x97, 0x63,
    0x4B, 0x1D, 0x47, 0x62, 0x45, 0x2C, 0x9E, 0x37, 0x97, 0x60, 0x6A, 0x2C, 0xBE, 0x2F, 0xC4, 0x3E,
    0xA0, 0xB6, 0xF1, 0x69, 0x61, 0x64, 0xB3, 0xA8, 0x19, 0x11, 0x88, 0x6F, 0x00, 0xDD, 0xD0, 0x1E,
    0x55, 0x1D, 0x62, 0x83, 0x7F, 0x2E, 0x79, 0x5F, 0x2F, 0x89, 0x2A, 0x26, 0x3E, 0x11, 0xC4, 0xB7,
    0x48, 0x89, 0xBD, 0x40, 0x15, 0x49, 0x70, 0xF1, 0xE1, 0xF2, 0x63, 0x54, 0x49, 0x30, 0x8A, 0xAE,
    0xEE, 0xB2, 0x82, 0x1D, 0x0A, 0xFA, 0xEC, 0x7C, 0x2C, 0x30, 0xFA, 0x76, 0x82, 0xF9, 0x6A, 0x49,
    0xFA, 0xC0, 0x75, 0x05, 0x06, 0xC7, 0xB9, 0x04, 0xEA, 0xC8, 0x13, 0x84, 0x92, 0xC6, 0x70, 0x50,
    0x18, 0x1B, 0x6E, 0xC8, 0x84, 0xA2, 0x4A, 0x53, 0x4C, 0xE9, 0x4A, 0xE8, 0x71, 0xEA, 0xA2, 0x3C,
    0x21, 0x15, 0x52, 0xDE, 0x60, 0xC2, 0x60, 0x38, 0x23, 0xA1, 0x7C, 0x6B, 0x11, 0xF0, 0x42, 0x88,
    0xA7, 0xFA, 0x48, 0xD0, 0x20, 0x11, 0x3F, 0xBA, 0x19, 0x64, 0x52, 0xEA, 0xF1, 0xF1, 0xEF, 0x95,
    0x84, 0x89, 0x8F, 0x9B, 0x4B, 0x32, 0xB6, 0xBE, 0x41, 0xF8, 0x3F, 0xE7, 0xE6, 0x98, 0xBE, 0xD7,
    0x34, 0xEC, 0x18, 0x8A, 0xE6, 0xB6, 0xB0, 0x30, 0xF5, 0x2E, 0x6F, 0x8D, 0xD6, 0xB5, 0x2E, 0xC9,
    0xC4, 0x18, 0x6B, 0x71, 0x48, 0x04, 0x2F, 0x98, 0xC4, 0xD0, 0x90, 0xBB, 0x23, 0x8E, 0x4E, 0x80,
    0x21, 0x41, 0x41, 0x04, 0xFB, 0x88, 0x78, 0x7D, 0xCC, 0x66, 0x71, 0x94, 0x8C, 0x5D, 0x08, 0x56,
    0x95, 0x57, 0xB2, 0x2A, 0x9F, 0x00, 0xF6, 0x0F, 0x9F, 0x0B, 0xBE, 0xDA, 0x23, 0xCC, 0x35, 0x66,
    0x30, 0x48, 0x42, 0x8E, 0xF3, 0x5F, 0x00, 0x50, 0x14, 0xB4, 0x1C, 0x8A, 0x44, 0x02, 0xDD, 0xE7,
    0x78, 0x00, 0x6E, 0x64, 0x44, 0x4A, 0x45, 0x0F, 0xF5, 0x55, 0x98, 0x62, 0x9B, 0x88, 0x6F, 0x12,
    0xAB, 0x78, 0x98, 0x2E, 0x6E, 0x3A, 0x6E, 0x98, 0xDC, 0x13, 0x7D, 0xBB, 0x2F, 0x13, 0xA0, 0x05,
    0xE0, 0x80, 0xC4, 0x53, 0x0C, 0x68, 0x9B, 0x28, 0x60, 0xAB, 0xF4, 0x4D, 0xC4, 0x21, 0x56, 0xA9,
    0x72, 0x70, 0x02, 0xD9, 0x84, 0x5D, 0x0C, 0x5D, 0x65, 0x3B, 0x7B, 0xF6, 0x53, 0x6A, 0xA0, 0x5B,
    0x88, 0xBF, 0xB8, 0x46, 0x47, 0x2B, 0x51, 0xF4, 0x58, 0x46, 0xBC, 0x28, 0xAE, 0x8C, 0xE9, 0x4F,
    0x18, 0xD9, 0x25, 0x34, 0xD4, 0x09, 0x83, 0xBE, 0x32, 0x80, 0x9F, 0x68, 0x3B, 0xBB, 0x3A, 0x2E,
    0x39, 0x75, 0x24, 0x6F, 0xFB, 0xF1, 0xDE, 0xC7, 0x7E, 0x61, 0xEC, 0x54, 0x57, 0xC6, 0xEA, 0x9F,
    0xAC, 0xC7, 0x71, 0x1C, 0xE4, 0x60, 0xDF, 0x59, 0xF1, 0xFA, 0x0C, 0x0F, 0xFA, 0x4E, 0xF1, 0xE9,
    0x5F, 0xA9, 0xA8, 0x22, 0x1B, 0xD8, 0xD0, 0x56, 0x54, 0x1E, 0x1F, 0xE0, 0x1D, 0x15, 0x7F, 0x3C,
    0x7C, 0xAD, 0x80, 0x58, 0x69, 0x07, 0xD5, 0x25, 0x9E, 0x87, 0x1F, 0x52, 0xAE, 0x60, 0xFC, 0x43,
    0xAA, 0xF2, 0x5F, 0x25, 0xAF, 0xB9, 0x0D, 0xE5, 0xB7, 0xD8, 0x8A, 0x30, 0xFE, 0x82, 0x98, 0x08,
    0x86, 0x53, 0x31, 0xF2, 0x75, 0x82, 0x18, 0x4A, 0xA0, 0xE2, 0xA8, 0x82, 0x26, 0x68, 0x81, 0xAA,
    0xA3, 0x12, 0x28, 0xF9, 0x36, 0xA9, 0x12, 0x0A, 0xB9, 0x36, 0xAD, 0x00, 0xE5, 0x24, 0x3F, 0x4F,
    0x14, 0x50, 0xAE, 0x40, 0xA2, 0x8E, 0xD8, 0xA1, 0x2D, 0x68, 0x87, 0xBE, 0xD0, 0xA7, 0xEA, 0xA1,
    0x3E, 0x55, 0xFC, 0xA5, 0xDC, 0x79, 0xA9, 0x3D, 0xB5, 0xDC, 0x64, 0xED, 0x22, 0xA5, 0xD0, 0xD5,
    0x77, 0xB6, 0x98, 0xB4, 0x83, 0x3A, 0x29, 0xBE, 0x93, 0x98, 0xB4, 0x83, 0x3A, 0x29, 0xB1, 0xB2,
    0x9C, 0x60, 0x24, 0x12, 0xEA, 0xEA, 0x12, 0x06, 0xB6, 0x32, 0x40, 0x7F, 0xE2, 0xA3, 0x66, 0xAD,
    0x5F, 0x7D, 0xAB, 0xFF, 0xF7, 0xCB, 0x74, 0x1C, 0xA7, 0x36, 0x3F, 0xB2, 0x02, 0xFE, 0x1F, 0xFB,
    0x81, 0x04, 0x90, 0xC0, 0x00, 0xD4, 0x81, 0xFA, 0xD3, 0xBE, 0xA9, 0xA3, 0x32, 0x49, 0xA0, 0xD8,
    0x87, 0xB3, 0xA2, 0x42, 0x52, 0xB2, 0x9B, 0x46, 0x30, 0xD1, 0x27, 0x12, 0x86, 0x23, 0xC7, 0xD3,
    0x2C, 0x20, 0xC1, 0x7C, 0x43, 0x10, 0x25, 0xBE, 0xE4, 0xD6, 0x37, 0x94, 0x70, 0xA5, 0xAF, 0x3C,
    0x7D, 0x46, 0x55, 0x4C, 0x1C, 0xD3, 0x7B, 0x8E, 0x2E, 0x3E, 0x19, 0xCA, 0x97, 0x4B, 0xB7, 0x23,
    0x4E, 0xAC, 0xE2, 0xBB, 0x10, 0xB2, 0x09, 0x60, 0xBA, 0x4A, 0x7B, 0x88, 0xDA, 0x2A, 0x7D, 0x95,
    0x00, 0xC4, 0xDF, 0xA5, 0x62, 0xE4, 0x7E, 0x9D, 0x89, 0x6F, 0xBA, 0xF2, 0x50, 0x9D, 0xDA, 0xA2,
    0x41, 0x3C, 0xD4, 0xC0, 0xFA, 0xA1, 0x7D, 0x55, 0x9B, 0xAA, 0xDD, 0x62, 0x53, 0x07, 0xF5, 0xE1,
    0x20, 0xAE, 0xBB, 0x72, 0xE8, 0x48, 0xCA, 0x25, 0x30, 0x48, 0x02, 0x0C, 0x07, 0x15, 0x40, 0xAE,
    0xAB, 0x04, 0xC0, 0x26, 0x09, 0xC8, 0x00, 0x9A, 0x3A, 0x98, 0x38, 0x74, 0x02, 0x9C, 0x44, 0x9C,
    0x81, 0x82, 0x7A, 0x05, 0x15, 0x15, 0x5A, 0x0A, 0xA1, 0x8E, 0xCB, 0x1A, 0x21, 0x10, 0x0A, 0xD6,
    0x26, 0x0D, 0xB4, 0x83, 0x06, 0x88, 0x7F, 0xCF, 0xB1, 0xCD, 0x2D, 0xC1, 0xC0, 0x49, 0x9C, 0x00,
    0x09, 0x50, 0x07, 0x05, 0x06, 0x60, 0xC0, 0x71, 0x36, 0x8A, 0x3F, 0x57, 0xF9, 0x00, 0xCF, 0xC7,
    0x0D, 0xC2, 0x83, 0xBF, 0xC4, 0x5E, 0xD7, 0x9F, 0xAF, 0xBF, 0xCF, 0x57, 0x5E, 0xE7, 0xB9, 0xA2,
    0x5C, 0xFE, 0x14, 0xE5, 0x38, 0x12, 0x48, 0x47, 0x8D, 0xD6, 0x30, 0xA5, 0x0B, 0x21, 0xEE, 0x78,
    0x6D, 0x23, 0x48, 0x06, 0xE2, 0x9A, 0xD8, 0xC0, 0x14, 0x26, 0x0A, 0xBD, 0x61, 0x4A, 0xEC, 0x18,
    0xD4, 0x8D, 0x21, 0xAE, 0x50, 0xA0, 0x4F, 0x0C, 0x74, 0xD9, 0x4B, 0xEC, 0x0B, 0x42, 0x97, 0x68,
    0x85, 0x1C, 0xAF, 0x58, 0x1E, 0xF0, 0x8E, 0x84, 0x81, 0x8F, 0x42, 0x12, 0xC4, 0x19, 0x8E, 0x1C,
    0x90, 0xBB, 0x0F, 0x75, 0x13, 0x8F, 0x2F, 0x30, 0x9D, 0x16, 0x97, 0x25, 0x24, 0x31, 0xA5, 0x6F,
    0x0B, 0xAB, 0xFC, 0xFB, 0xCD, 0xA6, 0x98, 0xB2, 0x46, 0xA5, 0xF2, 0x35, 0x86, 0x4B, 0x46, 0xD3,
    0x30, 0xC1, 0xC4, 0x9F, 0x50, 0x45, 0x83, 0x0E, 0x06, 0xA3, 0x5C, 0x2B, 0x3A, 0x19, 0xD8, 0x44,
    0x4A, 0x8C, 0xE2, 0xF3, 0x5F, 0x41, 0x5D, 0x47, 0xA8, 0xA7, 0x62, 0xDF, 0x62, 0x78, 0x99, 0x01,
    0x96, 0xF6, 0x18, 0x45, 0x10, 0xEC, 0x23, 0x24, 0xF8, 0x31, 0xE6, 0xF0, 0xF1, 0xB5, 0x63, 0xEA,
    0xBE, 0x9F, 0x0D, 0xED, 0x68, 0xA0, 0x86, 0x0E, 0x54, 0x5D, 0x25, 0x94, 0x1C, 0x4B, 0x29, 0x85,
    0xFE, 0x12, 0xC3, 0x6D, 0x90, 0x64, 0x2D, 0xC5, 0x90, 0x54, 0x37, 0x42, 0xFE, 0x22, 0x25, 0xA9,
    0xB1, 0x7A, 0xCB, 0x87, 0x84, 0xF1, 0x3D, 0x4A, 0x52, 0x92, 0x63, 0x1A, 0x89, 0x4F, 0xB0, 0xC7,
    0x5B, 0xB6, 0x25, 0xB5, 0xD5, 0x7C, 0xD9, 0xC2, 0x51, 0x63, 0x89, 0xF1, 0x01, 0x05, 0xBF, 0x9D,
    0x20, 0x9B, 0x6B, 0x16, 0x20, 0x1F, 0xA1, 0x61, 0x91, 0x31, 0xB0, 0x4F, 0x51, 0x68, 0x76, 0x8B,
    0x96, 0x0C, 0x46, 0xC8, 0x9A, 0xD4, 0x35, 0xAC, 0x5C, 0x50, 0xC6, 0xF7, 0xA7, 0x4E, 0x93, 0xC8,
    0x9F, 0x8F, 0x7D, 0x48, 0x68, 0x86, 0x44, 0x96, 0xE4, 0xB6, 0xC4, 0x75, 0x87, 0x20, 0xCB, 0x86,
    0x2B, 0xE4, 0x86, 0x4E, 0x49, 0x0E, 0x37, 0x42, 0x99, 0xD2, 0xD0, 0x97, 0x88, 0x75, 0x64, 0x59,
    0xE5, 0xBA, 0x49, 0x73, 0x48, 0x7D, 0x48, 0x17, 0xD8, 0xB7, 0xAF, 0xE2, 0xBA, 0x6F, 0x33, 0x20,
    0x91, 0x1B, 0xAA, 0xDE, 0xC4, 0xF7, 0x59, 0x18, 0x5E, 0x7A, 0x5C, 0x2A, 0x3B, 0x9C, 0xD8, 0x70,
    0x87, 0xB1, 0xA1, 0xBD, 0xFE, 0x67, 0x0A, 0xA7, 0xC0, 0xA0, 0x2A, 0xD4, 0x8D, 0x94, 0x10, 0x57,
    0x57, 0x06, 0x26, 0xA1, 0x55, 0x0C, 0x42, 0xFC, 0x19, 0x28, 0x8D, 0x78, 0xFD, 0x5B, 0xFE, 0x0C,
    0x82, 0x11, 0x9F, 0x47, 0xA2, 0x6F, 0x45, 0x38, 0x41, 0x47, 0x27, 0x03, 0x7F, 0x37, 0x2B, 0x89,
    0x7A, 0x1B, 0x61, 0x31, 0xC2, 0xD5, 0x7F, 0xFB, 0x75, 0xBE, 0xDF, 0xFE, 0xFD, 0xEB, 0xFC, 0x7F,
    0x00, 0x9C, 0x94, 0x81, 0xC6, 0x6C, 0x51, 0x08, 0x85, 0x23, 0x80, 0x45, 0xAF, 0x12, 0x1B, 0xE0,
    0x67, 0xBF, 0x7A, 0x04, 0x10, 0xE7, 0x55, 0x22, 0x80, 0xE1, 0xDC, 0xF6, 0xFC, 0x73, 0xB8, 0x97,
    0x0B, 0xCD, 0xC6, 0x2C, 0xCB, 0xF8, 0x54, 0x55, 0x27, 0xFA, 0x11, 0x11, 0x5B, 0xFF, 0x3C, 0xBA,
    0xD9, 0x2B, 0x63, 0x61, 0x4B, 0x49, 0x62, 0x41, 0xB1, 0xEA, 0xF9, 0xFF, 0x6F, 0x5D, 0xFD, 0xFE,
    0xC7, 0xAB, 0x7F, 0xF8, 0x58, 0x47, 0x8F, 0xE7, 0x09, 0xBF, 0xC5, 0xE5, 0xF0, 0xAD, 0x77, 0x06,
    0x63, 0x83, 0x65, 0x14, 0xFF, 0x72, 0x79, 0x35, 0xBF, 0xAE, 0xE6, 0x5B, 0x8F, 0x1F, 0xC5, 0x6F,
    0x20, 0x7E, 0x42, 0xB1, 0x62, 0x85, 0x86, 0x1E, 0x3F, 0x8B, 0x5F, 0xFC, 0x0A, 0xA6, 0xD5, 0x9A,
    0xAD, 0xED, 0xEF, 0x09, 0x2F, 0x9E, 0x95, 0x60, 0x08, 0xFB, 0x6D, 0x76, 0xFA, 0x30, 0xCC, 0xFF,
    0xC3, 0x6F, 0xEF, 0xFA, 0xA9, 0xF9, 0xCB, 0xA7, 0xFD, 0xAB, 0x74, 0xD0, 0x76, 0xF6, 0x74, 0x52,
    0x75, 0xF1, 0x09, 0x8F, 0x55, 0x15, 0x6A, 0x2A, 0x69, 0xEB, 0x28, 0xD4, 0x47, 0xBC, 0xAE, 0xAC,
    0xD4, 0x13, 0xD8, 0x3C, 0xCC, 0x94, 0x69, 0xC6, 0x6F, 0x70, 0x3D, 0x7B, 0x93, 0x60, 0xA8, 0x54,
    0x0D, 0x79, 0xF9, 0x97, 0xCF, 0x11, 0x4F, 0x2F, 0xB0, 0x39, 0x7E, 0x35, 0x5A, 0x1D, 0x3C, 0x9B,
    0x7F, 0x55, 0x82, 0x20, 0x6C, 0x65, 0xB6, 0xE8, 0xDC, 0xC1, 0xF7, 0xBC, 0xA2, 0xF9, 0x59, 0xFD,
    0x9C, 0xF7, 0x7B, 0x6F, 0x83, 0x2A, 0x83, 0xB0, 0x79, 0xDA, 0x3F, 0x5D, 0x19, 0x9A, 0x6F, 0x85,
    0xAA, 0xB2, 0xDD, 0x33, 0x7E, 0x55, 0xF3, 0x68, 0xBE, 0x12, 0x8B, 0x94, 0x87, 0xF5, 0x9F, 0xFD,
    0x65, 0x90, 0x30, 0xBB, 0x39, 0xE9, 0x66, 0xF1, 0x61, 0xFF, 0x7E, 0xE7, 0x0E, 0xBE, 0x8F, 0x1E,
    0x3F, 0xE1, 0x01, 0xF3, 0xEB, 0xC7, 0x0C, 0x11, 0x1E, 0x28, 0x3B, 0x7E, 0x96, 0xBF, 0x9D, 0xBA,
    0x21, 0x67, 0xEE, 0x5F, 0x7C, 0xFF, 0xF6, 0x87, 0xDF, 0x97, 0xBF, 0xF3, 0xDF, 0x31, 0xE3, 0xC5,
    0xAD, 0xB9, 0x45, 0x02, 0x2D, 0x3B, 0x73, 0x60, 0xAF, 0x11, 0x2F, 0x7E, 0xA5, 0x02, 0x58, 0x21,
    0xAE, 0x81, 0x9F, 0xF6, 0x5F, 0xEC, 0xAF, 0x09, 0xC8, 0x2D, 0xC8, 0x9E, 0xFD, 0x9B, 0xF2, 0xCA,
    0xE6, 0x49, 0x6A, 0x72, 0xF9, 0xF0, 0x7E, 0x6F, 0x77, 0x02, 0x51, 0x82, 0x0D, 0x20, 0xCE, 0xE1,
    0xFD, 0x3E, 0xF7, 0xE3, 0xCE, 0x69, 0x8B, 0x44, 0x66, 0xFB, 0xDF, 0x90, 0x3B, 0xCA, 0xF8, 0x4F,
    0x2D, 0x66, 0xB2, 0x1A, 0x4B, 0x0F, 0x43, 0xE1, 0x0F, 0xB4, 0x35, 0xE8, 0x55, 0x0C, 0xFF, 0x56,
    0xE0, 0x57, 0x17, 0xF4, 0x36, 0x90, 0x57, 0x39, 0x70, 0xB7, 0x06, 0xFD, 0xED, 0x72, 0x77, 0x2A,
    0x33, 0x7D, 0x2F, 0x89, 0x75, 0x8E, 0x6A, 0xD0, 0xE4, 0xB2, 0xDC, 0xA3, 0x9E, 0x2E, 0x17, 0x32,
    0x8D, 0xBF, 0xDC, 0x3F, 0x9E, 0xEB, 0x73, 0x8F, 0x6B, 0xFF, 0xED, 0xF6, 0x3A, 0xFE, 0xB2, 0x3E,
    0x11, 0x40, 0xBF, 0x8E, 0xB9, 0x47, 0xA7, 0xB1, 0x50, 0xB8, 0x67, 0xFC, 0x97, 0xEA, 0x2C, 0xE4,
    0x0D, 0x7F, 0x60, 0x90, 0xC3, 0xF0, 0x49, 0x67, 0x81, 0xC2, 0x2E, 0xE9, 0x96, 0x0E, 0x2F, 0x28,
    0xE1, 0xBC, 0xC7, 0xC8, 0xFE, 0x3C, 0x35, 0x47, 0x8A, 0x98, 0x73, 0x8E, 0x92, 0x5B, 0x06, 0x7A,
    0x81, 0x5B, 0x8E, 0xD2, 0xD5, 0x24, 0xA2, 0x72, 0x68, 0xE0, 0x38, 0x8D, 0xE5, 0x65, 0xD9, 0x41,
    0x02, 0x25, 0x8C, 0x04, 0x07, 0xAB, 0xF9, 0xE6, 0xF8, 0x86, 0x25, 0xB4, 0x07, 0xDC, 0xCF, 0x4C,
    0x2D, 0x7A, 0x04, 0x03, 0x4F, 0x57, 0x9F, 0x39, 0xD2, 0xE5, 0xB3, 0x8D, 0xEE, 0x69, 0x62, 0x12,
    0xD1, 0xA2, 0x7B, 0x1E, 0x51, 0xA3, 0xC0, 0x64, 0xC2, 0x21, 0x08, 0x9B, 0x4E, 0x1F, 0x6E, 0xA8,
    0xDB, 0x25, 0x53, 0x90, 0x99, 0x6F, 0x95, 0x20, 0x0F, 0x6B, 0x1F, 0xC3, 0x08, 0x93, 0xE3, 0x10,
    0x3B, 0xCB, 0x91, 0x6F, 0xA4, 0x84, 0x86, 0xD6, 0x18, 0x01, 0x35, 0xC9, 0x5C, 0xCB, 0xE7, 0x44,
    0x20, 0x2D, 0x44, 0xE0, 0x8E, 0x5D, 0x92, 0xCC, 0xAA, 0x79, 0x05, 0x04, 0x9C, 0x28, 0xD5, 0x87,
    0xD9, 0x8D, 0xE9, 0xF4, 0xE6, 0x86, 0x9A, 0x59, 0x66, 0x33, 0xAE, 0xCA, 0xC9, 0xF4, 0xB9, 0xCE,
    0xFA, 0x52, 0x8D, 0x54, 0x73, 0xCB, 0x3E, 0xEC, 0x42, 0xC0, 0x87, 0xD9, 0xD5, 0xAC, 0xE9, 0xD9,
    0x7B, 0xB6, 0x25, 0xBD, 0x7B, 0x22, 0x36, 0xAA, 0x74, 0x05, 0xE2, 0x06, 0x6E, 0x77, 0x3C, 0xBB,
    0x52, 0x88, 0x34, 0x9C, 0x46, 0xEF, 0x2F, 0xF7, 0xD2, 0x21, 0x51, 0x2A, 0x73, 0x60, 0xE9, 0x39,
    0x10, 0xD3, 0x14, 0x7C, 0x8E, 0x61, 0x1A, 0x53, 0xFF, 0x69, 0xF6, 0x7B, 0x91, 0x09, 0x1D, 0xAC,
    0xD2, 0x2F, 0x8C, 0x03, 0x75, 0xC7, 0x38, 0xE0, 0x17, 0xEC, 0x02, 0xDF, 0x42, 0x92, 0xE1, 0xB8,
    0xD6, 0xD9, 0xC8, 0x46, 0xF0, 0x44, 0xE3, 0x94, 0xCA, 0xF5, 0xCC, 0x8A, 0x25, 0xC7, 0x33, 0x53,
    0x33, 0xF3, 0x4D, 0x27, 0x5E, 0x77, 0x28, 0xF3, 0x65, 0x47, 0x3E, 0xE1, 0x34, 0xE2, 0x46, 0x6D,
    0x5A, 0xF6, 0xE6, 0xA8, 0x9E, 0x4D, 0x84, 0x75, 0xA2, 0x75, 0x14, 0xDD, 0xB2, 0x5F, 0x59, 0xE5,
    0xD0, 0x17, 0xBF, 0xCF, 0x71, 0x51, 0xF3, 0x16, 0xF5, 0xDC, 0x83, 0x2D, 0x1D, 0x91, 0xB6, 0x05,
    0xA7, 0x35, 0x67, 0x4C, 0x4F, 0x44, 0x17, 0x22, 0x65, 0x09, 0xE9, 0xE0, 0x38, 0x90, 0x01, 0x28,
    0x20, 0xA5, 0x46, 0x5E, 0x32, 0x18, 0x96, 0x13, 0x9C, 0x27, 0x70, 0x6B, 0x10, 0xDE, 0x40, 0x6D,
    0xA9, 0x51, 0x69, 0x49, 0xE3, 0x50, 0x08, 0x01, 0x90, 0xBB, 0xA0, 0xA7, 0x33, 0x98, 0xC8, 0xAF,
    0x62, 0xE1, 0x3E, 0xB7, 0x7D, 0x02, 0x0C, 0x00, 0x4B, 0xEE, 0x23, 0x01, 0xD3, 0x8B, 0x0A, 0xA0,
    0x1D, 0xCA, 0x81, 0x58, 0xAA, 0x1F, 0xCA, 0x12, 0xB4, 0x54, 0x55, 0x42, 0x22, 0xEC, 0x50, 0x6C,
    0x15, 0xF8, 0x52, 0x25, 0xAB, 0xBC, 0xE5, 0xF7, 0xBC, 0x97, 0xD3, 0xAF, 0x56, 0xDB, 0xC5, 0x04,
    0x44, 0x00, 0xBD, 0xFD, 0x6A, 0x35, 0x6F, 0xC0, 0x98, 0x40, 0xFF, 0xDD, 0xC7, 0x8A, 0x80, 0xAD,
    0xE0, 0x77, 0xD7, 0x4F, 0x40, 0x6B, 0x6F, 0x94, 0xFD, 0xEE, 0xB3, 0x79, 0x55, 0x01, 0x85, 0x83,
    0x3D, 0x63, 0x60, 0xBE, 0xB4, 0x3B, 0xF7, 0xCC, 0x84, 0xD3, 0xA1, 0xDF, 0x74, 0x09, 0x74, 0x9C,
    0x57, 0x2D, 0x9D, 0x0E, 0xD8, 0xD6, 0x38, 0xA4, 0x1F, 0xBA, 0xE1, 0x58, 0x56, 0x56, 0x55, 0x32,
    0x66, 0x37, 0xB9, 0x3C, 0x51, 0x40, 0x5F, 0x14, 0xF0, 0x15, 0x63, 0xB3, 0x7B, 0x92, 0x36, 0x7D,
    0xC5, 0x83, 0x01, 0xBE, 0x78, 0xF3, 0x92, 0x60, 0x24, 0x96, 0x60, 0x02, 0xE6, 0xCD, 0x0E, 0x54,
    0x15, 0x7E, 0x88, 0xDD, 0xC8, 0x8D, 0x7D, 0xB3, 0x74, 0x9E, 0xC3, 0x9D, 0xB9, 0x69, 0x7B, 0xCE,
    0xC4, 0x4E, 0x6A, 0xFA, 0xD9, 0xBC, 0x01, 0x14, 0xD8, 0x25, 0x31, 0xF2, 0xC7, 0xF2, 0xAE, 0x7C,
    0x8B, 0xC0, 0x8F, 0xE5, 0x14, 0x93, 0x81, 0x25, 0x8C, 0x69, 0xF9, 0x9D, 0x8C, 0x49, 0x30, 0x4D,
    0x0E, 0x94, 0x9C, 0xEF, 0x64, 0xD9, 0x47, 0x4A, 0xD9, 0x1F, 0xF1, 0x5D, 0x83, 0x87, 0xB2, 0x8E,
    0x9A, 0x58, 0x7A, 0x5A, 0x9A, 0x2C, 0x89, 0x1B, 0x7D, 0xB1, 0x6A, 0xD3, 0xF2, 0xE4, 0xE9, 0xB3,
    0xFC, 0x3D, 0x57, 0x3C, 0xDE, 0x60, 0x4C, 0xE8, 0x02, 0xA0, 0xB0, 0xFD, 0xA9, 0x93, 0x9B, 0x4D,
    0x57, 0xC6, 0x8D, 0x7E, 0xA5, 0xE5, 0x26, 0xBA, 0x32, 0x6E, 0xF4, 0x2B, 0x4D, 0x8B, 0x95, 0x08,
    0x01, 0x13, 0x18, 0xE7, 0xFB, 0x3D, 0x63, 0x62, 0xF2, 0xF4, 0x34, 0x05, 0xC4, 0xA2, 0xC0, 0xBF,
    0xE2, 0xDD, 0x67, 0xF9, 0xAF, 0xB8, 0x15, 0x0F, 0x7E, 0x4B, 0x3A, 0x7F, 0x36, 0xAF, 0x25, 0xB8,
    0xB6, 0xA5, 0xB7, 0x9F, 0xCB, 0x7B, 0xAE, 0xED, 0xCF, 0xE5, 0x8C, 0xD8, 0x84, 0x1F, 0xCB, 0x29,
    0x14, 0x96, 0xEE, 0xD8, 0x04, 0x2D, 0xED, 0x4E, 0x58, 0x0A, 0x01, 0x9D, 0x31, 0xFB, 0x59, 0xA2,
    0x45, 0xD0, 0x43, 0x74, 0x17, 0xB9, 0x69, 0x6C, 0xB6, 0xCD, 0xE8, 0x44, 0xE4, 0x59, 0xA2, 0x8D,
    0x49, 0x03, 0x08, 0x60, 0x00, 0x9E, 0x80, 0x00, 0x28, 0xED, 0xED, 0xF6, 0x97, 0x4C, 0xCB, 0x2B,
    0xE5, 0x7C, 0xB2, 0x2D, 0x7E, 0x2C, 0xEF, 0xBB, 0x6D, 0xF1, 0x73, 0x79, 0xCF, 0x16, 0xFE, 0xF2,
    0x1A, 0x78, 0x39, 0xC8, 0x93, 0xB4, 0x25, 0x32, 0x90, 0x43, 0xB4, 0x5D, 0xDF, 0x3B, 0xB8, 0xC0,
    0xF2, 0x73, 0x8E, 0x49, 0x09, 0x1C, 0x4E, 0x96, 0x70, 0x06, 0x7E, 0x88, 0xE5, 0xC9, 0x25, 0xE3,
    0x66, 0xE7, 0x85, 0x25, 0xCE, 0xFD, 0x74, 0xC2, 0x09, 0x11, 0x83, 0xF0, 0x7D, 0x47, 0xC1, 0x01,
    0x5D, 0x91, 0x73, 0x10, 0x30, 0xC0, 0x13, 0x04, 0xE0, 0x73, 0x3B, 0x83, 0x43, 0xE1, 0xCF, 0x84,
    0xA3, 0x8D, 0x41, 0x3D, 0x33, 0x2C, 0x71, 0x18, 0x30, 0xB1, 0x7C, 0x38, 0xE4, 0xBE, 0xD7, 0x9B,
    0x3D, 0x1A, 0xE2, 0x8D, 0x31, 0xE9, 0x0F, 0xCF, 0x2A, 0x82, 0x2B, 0xE0, 0x51, 0x7F, 0x13, 0xAD,
    0xDD, 0x60, 0x0F, 0x57, 0x71, 0x15, 0x31, 0x2E, 0xB9, 0x2C, 0x2C, 0x56, 0xC9, 0x9F, 0x21, 0x1C,
    0x74, 0xE7, 0xC8, 0x5E, 0xCF, 0x95, 0x83, 0xC2, 0x8A, 0xF0, 0xEC, 0x96, 0x82, 0x13, 0x30, 0x61,
    0x90, 0xA3, 0xB0, 0x09, 0x89, 0xE5, 0x71, 0x12, 0x44, 0xE0, 0x7A, 0xDF, 0x14, 0x9B, 0x84, 0xB3,
    0x92, 0x58, 0x56, 0xE5, 0xE7, 0x49, 0xCE, 0xA6, 0x3C, 0x1C, 0x72, 0x36, 0xE5, 0xD1, 0x10, 0xF7,
    0x05, 0x78, 0xD4, 0xFF, 0xFC, 0x94, 0xF7, 0xB4, 0x4F, 0xC4, 0xF7, 0xA7, 0x23, 0x02, 0x82, 0x49,
    0x7C, 0x90, 0xE2, 0xFC, 0x44, 0x77, 0x06, 0xFE, 0x4E, 0xB6, 0x55, 0x02, 0x18, 0xF8, 0xE7, 0x76,
    0x8E, 0x86, 0x4F, 0x5C, 0x28, 0xB0, 0x62, 0x78, 0xEE, 0x77, 0xDD, 0x77, 0x08, 0xCB, 0xE1, 0xCB,
    0xD3, 0x2E, 0x78, 0xD1, 0x02, 0x20, 0x06, 0xB3, 0x72, 0x98, 0x82, 0xCF, 0x51, 0x36, 0x3F, 0x76,
    0xEC, 0xFB, 0x12, 0xEF, 0x3B, 0xF6, 0x60, 0xC8, 0xFB, 0x8E, 0x3D, 0xFE, 0x20, 0x0F, 0xFA, 0x9F,
    0x1D, 0x7E, 0x7C, 0x4A, 0x0B, 0x9C, 0x7F, 0x3D, 0x00, 0xF0, 0x72, 0x5F, 0x36, 0xB5, 0x92, 0x78,
    0x2A, 0xA4, 0xAE, 0x35, 0x52, 0x7F, 0xAE, 0x40, 0xE3, 0x48, 0xF2, 0x67, 0x22, 0xDE, 0x6F, 0xF9,
    0xEF, 0xFF, 0x8F, 0xF0, 0x29, 0xD3, 0xC4, 0x12, 0x4F, 0xC6, 0xDF, 0x84, 0x9C, 0x0B, 0xF8, 0x68,
    0xC8, 0xB9, 0x20, 0xFF, 0x34, 0xAB, 0xB2, 0x79, 0x38, 0xA4, 0x6F, 0x18, 0x76, 0x39, 0xF0, 0x04,
    0xF3, 0x40, 0x07, 0x41, 0x62, 0x49, 0xC1, 0x84, 0xD8, 0xFA, 0x05, 0xF7, 0x2E, 0x7C, 0x52, 0xD7,
    0x72, 0x99, 0x26, 0xC1, 0x89, 0xE2, 0x6C, 0xE2, 0xBF, 0x4D, 0xE0, 0x7F, 0xB5, 0x99, 0xD1, 0x8A,
    0xEB, 0xB8, 0xD3, 0xC4, 0x7F, 0xD0, 0xB7, 0x86, 0x7A, 0x15, 0xC3, 0x77, 0xDB, 0xA0, 0x57, 0x6F,
    0xC8, 0xED, 0xC2, 0x79, 0x95, 0x82, 0xBD, 0x15, 0xF4, 0x37, 0x89, 0x93, 0x31, 0x27, 0x33, 0xDE,
    0xE3, 0x9D, 0xBF, 0x37, 0xEA, 0x2A, 0x26, 0x41, 0x51, 0x95, 0xA5, 0xA8, 0x25, 0x69, 0x18, 0x0D,
    0x1B, 0x01, 0x40, 0x01, 0xE1, 0x4F, 0x4A, 0x60, 0x79, 0x90, 0x80, 0x14, 0xB0, 0x3E, 0x28, 0x0A,
    0x7C, 0xA7, 0xEE, 0x82, 0xC2, 0xC4, 0x83, 0xD8, 0x28, 0x11, 0x24, 0xED, 0xE8, 0x1A, 0xFD, 0x14,
    0xD0, 0x24, 0x07, 0x29, 0x10, 0x34, 0xFA, 0x45, 0x0A, 0x6F, 0x31, 0xE8, 0x5F, 0x8C, 0x28, 0x96,
    0x00, 0x24, 0x20, 0xE6, 0x7F, 0xE9, 0x6A, 0x09, 0x24, 0x62, 0x9E, 0x35, 0xF6, 0x9F, 0x98, 0x00,
    0x03, 0x51, 0x9F, 0x74, 0x03, 0x98, 0xE7, 0x1C, 0x45, 0x21, 0x1E, 0xB1, 0x10, 0x06, 0x0C, 0x61,
    0x50, 0x41, 0x02, 0x00, 0x63, 0xAE, 0x61, 0x59, 0x85, 0x13, 0xD6, 0x3B, 0x0C, 0x1C, 0x21, 0x37,
    0xAC, 0x2A, 0x2A, 0xA6, 0x8A, 0x31, 0x41, 0x30, 0x60, 0x6E, 0x0E, 0x89, 0x26, 0x55, 0x6B, 0x94,
    0x61, 0x0F, 0x98, 0x30, 0xA8, 0xD1, 0xC4, 0x84, 0x28, 0x90, 0x21, 0x13, 0xD6, 0xE5, 0x3A, 0x2B,
    0x26, 0x26, 0x12, 0x4B, 0x70, 0xDE, 0xCA, 0x86, 0xEB, 0x2C, 0xE0, 0xD3, 0xE2, 0xEB, 0x02, 0x99,
    0x20, 0x5F, 0x6A, 0x62, 0xFF, 0xED, 0x9E, 0xB7, 0x52, 0x2B, 0xD8, 0x30, 0x0A, 0x04, 0x00, 0xDD,
    0x46, 0x0C, 0x84, 0x4A, 0xE0, 0x27, 0xF2, 0x18, 0x78, 0x83, 0x4A, 0x0C, 0xBA, 0x0D, 0x51, 0xC9,
    0xA8, 0x41, 0x54, 0x10, 0x25, 0xA2, 0x32, 0xFE, 0x2E, 0x86, 0x8A, 0x8C, 0xC2, 0x07, 0x48, 0x15,
    0xA3, 0x8B, 0xB8, 0x99, 0xD1, 0x93, 0x28, 0x55, 0x54, 0x38, 0x8A, 0x7C, 0x42, 0x77, 0x74, 0x6F,
    0x88, 0xDA, 0xB1, 0xD7, 0x09, 0x47, 0xA9, 0x46, 0x4F, 0x88, 0x62, 0xD4, 0x9D, 0xDB, 0xB4, 0x3F,
    0x2C, 0x0C, 0x55, 0x46, 0xF9, 0x4B, 0xA4, 0x6A, 0x74, 0xC5, 0xCD, 0xD1, 0xE6, 0x0E, 0x80, 0xEE,
    0x46, 0x8F, 0x12, 0x4F, 0xF0, 0xC4, 0xBA, 0xA1, 0xBD, 0xFF, 0x0D, 0x2F, 0xD4, 0x86, 0xA8, 0xEE,
    0x3D, 0xCF, 0x11, 0x93, 0x14, 0xEB, 0x43, 0xAD, 0xBB, 0xBE, 0x1D, 0x8F, 0xA0, 0x88, 0x5B, 0x41,
    0x73, 0x91, 0x81, 0x3D, 0xA5, 0x9D, 0xF5, 0x40, 0x02, 0x79, 0x9D, 0x3E, 0x06, 0x9F, 0x15, 0xBF,
    0x44, 0x50, 0x40, 0xBE, 0xB0, 0x82, 0xEA, 0x94, 0xF6, 0x5B, 0xE6, 0xFC, 0x6D, 0x2C, 0xF2, 0xFA,
    0xF1, 0x38, 0xE8, 0x95, 0x6B, 0x33, 0xA7, 0xDA, 0xE0, 0x3B, 0xF2, 0x09, 0x55, 0xF8, 0x33, 0x6D,
    0x25, 0x34, 0x71, 0xAB, 0xA0, 0x80, 0x98, 0x5E, 0xE4, 0x0C, 0x32, 0xEA, 0x33, 0x24, 0x64, 0x56,
    0x48, 0x18, 0x5D, 0x6A, 0xAF, 0x4C, 0x93, 0x26, 0x67, 0x78, 0x34, 0xEC, 0xE9, 0xEC, 0x32, 0x63,
    0x41, 0xC5, 0xAD, 0x68, 0x7E, 0xEE, 0x2A, 0x6A, 0xC3, 0x85, 0x5D, 0x95, 0x3F, 0xB7, 0x73, 0x89,
    0x05, 0x00, 0x01, 0x2A, 0xE0, 0xF9, 0x78, 0x02, 0x12, 0x0C, 0x05, 0xF3, 0x7F, 0xF3, 0x88, 0x81,
    0x98, 0x80, 0x04, 0x2C, 0x01, 0x00, 0xDB, 0xA6, 0x44, 0x90, 0xFC, 0x81, 0xBA, 0x27, 0x27, 0xEA,
    0x3D, 0xDA, 0x8B, 0x42, 0x26, 0x93, 0x75, 0x01, 0x10, 0x34, 0xE8, 0x33, 0x54, 0x1A, 0x56, 0x4D,
    0x91, 0xDF, 0xC6, 0xA8, 0xFE, 0xCE, 0x56, 0x7F, 0xBC, 0xEA, 0x41, 0x3F, 0xB4, 0xF5, 0xE9, 0xA3,
    0x4D, 0xFB, 0x94, 0x8F, 0x5C, 0xDB, 0xB7, 0x82, 0xB6, 0xF8, 0xA7, 0xD2, 0x7E, 0xD5, 0x14, 0x03,
    0x7D, 0x29, 0xA3, 0x7A, 0xF6, 0x3C, 0xD3, 0xCE, 0x56, 0x2F, 0x4A, 0x15, 0x5F, 0x8A, 0x5C, 0xAB,
    0x3D, 0x4E, 0xF9, 0xD9, 0x6A, 0x1E, 0xFB, 0xF9, 0x73, 0x0B, 0x22, 0xEF, 0x65, 0x55, 0x25, 0x09,
    0x00, 0x24, 0x93, 0xFC, 0x52, 0x9A, 0xC4, 0x18, 0xD7, 0xA6, 0x75, 0xAA, 0xBF, 0x66, 0xBE, 0x5E,
    0x6F, 0xA3, 0xFD, 0x73, 0xF2, 0x83, 0x4C, 0x7B, 0xD4, 0x73, 0x7E, 0xF0, 0x7A, 0x65, 0xD4, 0x54,
    0x65, 0x1C, 0x46, 0x47, 0xF1, 0x8A, 0xB8, 0x7D, 0x04, 0x7C, 0xCD, 0xA2, 0x5D, 0x24, 0x67, 0xC2,
    0x89, 0xCD, 0x28, 0xA2, 0xE4, 0xCC, 0x75, 0x01, 0x1C, 0xE6, 0xB0, 0xD8, 0xAE, 0x41, 0x7B, 0x4C,
    0x11, 0x25, 0x84, 0x48, 0x84, 0x51, 0x14, 0x12, 0x68, 0x82, 0x1A, 0xA4, 0x42, 0x61, 0xC4, 0x64,
    0xDF, 0xCC, 0x85, 0x05, 0xB3, 0x1D, 0x0D, 0x40, 0x14, 0x84, 0x81, 0x15, 0x30, 0x44, 0x7D, 0x9D,
    0x86, 0x53, 0x5B, 0xE6, 0x58, 0xD0, 0x8A, 0x8C, 0x12, 0x0D, 0xA4, 0x52, 0x58, 0xCC, 0x71, 0x6B,
    0x80, 0x84, 0x01, 0x01, 0x82, 0x3C, 0xF7, 0xAD, 0x04, 0xE6, 0xA6, 0x2F, 0x00, 0xA0, 0x0D, 0xE2,
    0x1C, 0x8E, 0x77, 0x1B, 0x61, 0x55, 0x02, 0xA2, 0x11, 0xC7, 0x65, 0xD4, 0x25, 0x7A, 0x00, 0x09,
    0x0C, 0x20, 0x00, 0x01, 0x79, 0x46, 0x1D, 0x92, 0x41, 0x20, 0x92, 0x36, 0x51, 0x82, 0xB0, 0x80,
    0x55, 0x80, 0xC5, 0xF6, 0x19, 0x9C, 0xA3, 0x7A, 0x51, 0x14, 0x0F, 0x67, 0x22, 0x9B, 0x21, 0x42,
    0x48, 0xA4, 0xE0, 0x9F, 0x63, 0xD4, 0xD9, 0x11, 0xD0, 0x8E, 0xAF, 0x3D, 0x22, 0xE8, 0x43, 0x11,
    0x6F, 0xF1, 0x26, 0x3B, 0x26, 0x44, 0xBD, 0xE1, 0x06, 0xF1, 0xD7, 0x7E, 0x76, 0xFD, 0xBF, 0x82,
    0xDB, 0xEF, 0x75, 0xD6, 0x27, 0x3C, 0xBA, 0xFD, 0x5B, 0x0E, 0x5B, 0x55, 0x83, 0x5F, 0x5F, 0x3A,
    0xFC, 0xEB, 0x51, 0xB8, 0x89, 0x16, 0xAC, 0xAA, 0x0D, 0x8B, 0x3F, 0x90, 0x4F, 0xE8, 0x03, 0x51,
    0x1B, 0xF0, 0x07, 0xF2, 0x09, 0x7D, 0x20, 0x7C, 0x47, 0x17, 0x7E, 0x3B, 0x0A, 0xE7, 0x60, 0x76,
    0x8D, 0x70, 0xF2, 0x7D, 0x74, 0xCC, 0x2B, 0x64, 0x0F, 0xA6, 0xF0, 0x29, 0x7D, 0x00, 0xC3, 0x84,
    0x05, 0x12, 0xFC, 0xFD, 0x49, 0xF0, 0x02, 0x97, 0x6F, 0xBB, 0xDD, 0x33, 0xE6, 0x0C, 0x30, 0x01,
    0x16, 0x80, 0x04, 0x30, 0x00, 0x71, 0x33, 0xE8, 0xD7, 0x84, 0xF0, 0x80, 0x28, 0x9D, 0x22, 0x79,
    0xD4, 0x0F, 0x9E, 0xC5, 0x0B, 0xF2, 0x5B, 0x8F, 0xEF, 0xC0, 0x77, 0x14, 0x8C, 0x13, 0x0F, 0x85,
    0xF9, 0x0C, 0x1B, 0x17, 0x03, 0x46, 0x6F, 0x00, 0x18, 0x93, 0xB0, 0x4A, 0x15, 0x4E, 0xC8, 0x3B,
    0x0C, 0x3A, 0xC2, 0xAB, 0x8E, 0x2A, 0x1C, 0x56, 0x31, 0x26, 0xEA, 0xFA, 0x08, 0x20, 0x26, 0xCF,
    0x53, 0x2E, 0x7E, 0x8B, 0x8C, 0x1A, 0xAA, 0xF7, 0x3B, 0x88, 0x8B, 0x0C, 0xEC, 0x43, 0x7D, 0xD2,
    0x43, 0xDC, 0x0A, 0x09, 0x96, 0x05, 0xD6, 0xF5, 0x32, 0x1F, 0xD8, 0x71, 0xAB, 0x08, 0x96, 0xE5,
    0xB4, 0x95, 0xD1, 0xDD, 0x84, 0xF5, 0x5A, 0x28, 0x49, 0x5E, 0x0C, 0xFE, 0xE4, 0x75, 0xE7, 0xF6,
    0xFB, 0x27, 0x40, 0xEE, 0x5C, 0xAA, 0x3B, 0x87, 0x45, 0xD4, 0xA3, 0xFD, 0x8A, 0x39, 0x6A, 0xC8,
    0x77, 0xD9, 0xF4, 0x03, 0x3D, 0xBF, 0xDC, 0x80, 0x84, 0x97, 0xA1, 0x76, 0xCC, 0x83, 0x84, 0xB5,
    0xDF, 0xCE, 0x20, 0xA2, 0x76, 0x68, 0xFB, 0xBC, 0xFD, 0x5C, 0xFC, 0x0B, 0x61, 0x44, 0xFE, 0xB6,
    0x01, 0xB8, 0xB7, 0xBC, 0xAF, 0x91, 0xE9, 0xE9, 0x41, 0xBE, 0x95, 0xBE, 0x44, 0xE5, 0xE8, 0xB8,
    0x72, 0xA4, 0xC9, 0xBE, 0x1E, 0x7E, 0x9F, 0x8D, 0x2E, 0xF0, 0xB4, 0x6D, 0x78, 0xC5, 0xB1, 0x8B,
    0xF7, 0x7B, 0xCD, 0xB9, 0xA6, 0x6C, 0x6C, 0xD6, 0x8F, 0x98, 0x30, 0x8A, 0x98, 0xD0, 0x85, 0x0C,
    0x13, 0xB2, 0x1E, 0x61, 0xDC, 0x51, 0xB7, 0x09, 0xC9, 0x0C, 0x0B, 0xD0, 0x5C, 0xD3, 0xCB, 0x64,
    0x30, 0x1C, 0x93, 0x81, 0x4A, 0xCE, 0x2E, 0xF6, 0x0B, 0xCB, 0x1F, 0x6A, 0xEC, 0x1B, 0xC6, 0x23,
    0x8D, 0x9F, 0x18, 0x5F, 0xC1, 0xD0, 0xA0, 0x6D, 0x22, 0x1F, 0x3F, 0x40, 0x45, 0xC5, 0x24, 0x33,
    0xF5, 0x9E, 0xE0, 0x7F, 0xA0, 0xBB, 0x2E, 0x99, 0x72, 0x14, 0x87, 0x7A, 0xDD, 0x6D, 0x0B, 0x97,
    0x58, 0xEF, 0x40, 0xF0, 0xAF, 0xD0, 0x86, 0x78, 0xBD, 0xDF, 0xF3, 0xF7, 0xC3, 0x1B, 0x62, 0xD0,
    0x53, 0x7C, 0x29, 0x4B, 0x98, 0xFD, 0x49, 0xFD, 0xFD, 0x8F, 0xF2, 0x02, 0x67, 0x08, 0x50, 0x05,
    0x94, 0x88, 0x1A, 0x88, 0x9E, 0x27, 0x9B, 0x58, 0x20, 0xFC, 0x07, 0x1F, 0xED, 0x0D, 0x7F, 0xF0,
    0xF1, 0xDE, 0x13, 0x63, 0x8E, 0xB9, 0xF7, 0xC4, 0x07, 0xC1, 0x98, 0xB0, 0x1A, 0x80, 0xF6, 0xB6,
    0xA0, 0xFE, 0x4B, 0x54, 0x14, 0x15, 0xD6, 0xD6, 0x96, 0x2B, 0xBA, 0x42, 0x00, 0xF3, 0x78, 0xF9,
    0x1C, 0x61, 0x4D, 0x87, 0x27, 0x3D, 0xB9, 0xE3, 0x2A, 0xFD, 0x6D, 0xC9, 0x3C, 0x2B, 0xBE, 0x0F,
    0xFF, 0x65, 0x06, 0xF6, 0xC9, 0x73, 0xD2, 0x83, 0x0A, 0xD6, 0x75, 0x87, 0xAE, 0xF3, 0xC2, 0x24,
    0xE2, 0x19, 0xFC, 0x0B, 0x47, 0x82, 0xCC, 0xCD, 0x4D, 0x5D, 0xE8, 0x66, 0x5F, 0xC4, 0xCF, 0x5A,
    0xB9, 0x44, 0x36, 0xEA, 0x7D, 0x72, 0x9D, 0xD2, 0x26, 0xC1, 0x5B, 0x14, 0x03, 0x10, 0x00, 0xA3,
    0x00, 0x6C, 0x80, 0x5A, 0x01, 0x00, 0xDA, 0xDB, 0xD4, 0x8A, 0x8A, 0x7A, 0xF0, 0x1D, 0x4F, 0x16,
    0x51, 0x8B, 0x17, 0xF0, 0x8B, 0x13, 0x72, 0x7D, 0xF2, 0x7A, 0xE7, 0x5C, 0x41, 0x6B, 0xFA, 0xC1,
    0x05, 0xAA, 0x51, 0x10, 0xA5, 0x8D, 0xD9, 0x19, 0x90, 0x81, 0x4C, 0xF6, 0x7B, 0x63, 0x3A, 0xE6,
    0xA8, 0xC4, 0x22, 0xF1, 0x82, 0x76, 0x8A, 0x5C, 0x89, 0xDB, 0x9D, 0xFE, 0x7A, 0xD0, 0x52, 0x30,
    0xF5, 0xA2, 0x35, 0xF8, 0xF6, 0x26, 0xBA, 0xAD, 0x16, 0x58, 0x45, 0xC5, 0xBD, 0x38, 0xC0, 0x82,
    0x7C, 0xED, 0x31, 0x57, 0x90, 0x21, 0xEA, 0x7B, 0x7C, 0xBD, 0x89, 0x1E, 0xD5, 0x7A, 0x5E, 0x8B,
    0x6F, 0x51, 0xF8, 0x11, 0x7F, 0xC3, 0x78, 0xC4, 0x02, 0x09, 0x2B, 0x18, 0x17, 0x0D, 0x09, 0x64,
    0x6E, 0x80, 0xEB, 0x8C, 0x45, 0x81, 0x0A, 0x06, 0xE0, 0xCF, 0xA4, 0x8F, 0x19, 0x14, 0x93, 0xDA,
    0xF7, 0x68, 0x20, 0x60, 0xC0, 0x7E, 0xB7, 0xB1, 0x7F, 0x5D, 0x50, 0x03, 0x6A, 0x3E, 0x4F, 0xC9,
    0xFB, 0x2E, 0xA1, 0xDB, 0xAA, 0xC7, 0xBB, 0x28, 0x95, 0x18, 0x64, 0x58, 0xDD, 0x08, 0xD0, 0x75,
    0x8A, 0x51, 0x51, 0xC7, 0x6A, 0xEF, 0xFF, 0xED, 0xB8, 0x4A, 0x75, 0x5F, 0xDC, 0x8F, 0x94, 0x01,
    0x00, 0x07, 0xF7, 0x32, 0x88, 0xBD, 0x00, 0xF0, 0xFF, 0xBD, 0x98, 0xC1, 0x6A, 0x23, 0x3F, 0x13,
    0xC4, 0x7F, 0xD0, 0x57, 0x41, 0xBD, 0x8A, 0xC0, 0xD7, 0x06, 0xBD, 0x7A, 0x83, 0xAF, 0x0B, 0x79,
    0x95, 0x82, 0xBD, 0x0A, 0xF4, 0x79, 0x3C, 0x1E, 0x06, 0xE7, 0x4B, 0x76, 0xBD, 0x21, 0xF9, 0x77,
    0x75, 0x15, 0xDE, 0x55, 0xC7, 0x2E, 0x8F, 0x34, 0xEA, 0x91, 0x19, 0x33, 0x2A, 0xAC, 0xAB, 0x55,
    0xE1, 0x9E, 0x90, 0x4E, 0x18, 0x65, 0x10, 0x7F, 0x96, 0x84, 0xDC, 0x45, 0x15, 0x26, 0xAC, 0x82,
    0x31, 0x21, 0x66, 0x0E, 0xAD, 0x8C, 0xAB, 0x59, 0x66, 0x1A, 0xFB, 0xC8, 0x8C, 0x1A, 0xAA, 0x98,
    0x2C, 0xC7, 0x2A, 0xC1, 0xC5, 0x82, 0xDE, 0x37, 0xB1, 0xE0, 0x52, 0x82, 0xCE, 0x6B, 0x52, 0x44,
    0x6D, 0x62, 0x01, 0x63, 0xC2, 0x8C, 0x45, 0xB2, 0x2A, 0xF1, 0x8D, 0xBF, 0x6F, 0x5C, 0x24, 0x7E,
    0xE2, 0x08, 0xA3, 0x69, 0xC2, 0x13, 0x2E, 0x34, 0x80, 0x1C, 0x97, 0xB8, 0xA3, 0xDD, 0xD0, 0x37,
    0xE4, 0xE0, 0x88, 0x0B, 0x2D, 0xB9, 0x70, 0x19, 0x47, 0xC5, 0xFB, 0xF1, 0x68, 0x41, 0xA0, 0xA7,
    0x71, 0x0D, 0xCE, 0xA0, 0x8F, 0x1E, 0x27, 0xFA, 0xB5, 0x5F, 0x47, 0x72, 0xC6, 0xF6, 0x7F, 0x74,
    0xF5, 0x38, 0x31, 0xAE, 0x34, 0x0C, 0x00, 0x19, 0x2D, 0x1A, 0x4D, 0x2D, 0x4E, 0xAC, 0x73, 0x1C,
    0xE8, 0x6F, 0xDB, 0x7B, 0xE6, 0x0D, 0x97, 0x1B, 0xFA, 0xEF, 0x1B, 0x7E, 0x71, 0xC6, 0xF6, 0x89,
    0x95, 0x6F, 0xFB, 0xF8, 0x86, 0xAD, 0x3A, 0xCE, 0xBF, 0x0F, 0x02, 0x2E, 0xCA, 0x6B, 0x3F, 0x70,
    0x8C, 0xB7, 0x00, 0x24, 0x20, 0x26, 0x80, 0x39, 0xA2, 0x80, 0x30, 0x87, 0x24, 0xD0, 0xEE, 0x22,
    0x20, 0x05, 0xF4, 0xBB, 0x44, 0x81, 0x37, 0x59, 0xAB, 0xA0, 0x30, 0x71, 0x17, 0x76, 0x49, 0x04,
    0xB9, 0xAF, 0x86, 0x16, 0x48, 0xC4, 0x04, 0x03, 0x68, 0x92, 0x83, 0x14, 0x08, 0x16, 0x7A, 0x23,
    0x85, 0xF7, 0x1C, 0xAC, 0x37, 0x46, 0x54, 0x75, 0x7B, 0x94, 0x80, 0x65, 0xF1, 0x27, 0x2C, 0x9F,
    0xB5, 0x62, 0x7C, 0x50, 0x31, 0x8A, 0xDE, 0x20, 0x13, 0x64, 0x88, 0x02, 0x80, 0x31, 0x09, 0xAB,
    0x54, 0xE1, 0x84, 0xDC, 0x68, 0xD0, 0x67, 0x3C, 0x6A, 0xB6, 0xFA, 0xB0, 0x8A, 0x31, 0x79, 0xF7,
    0xC5, 0x62, 0x32, 0x54, 0x19, 0x65, 0x7C, 0xE4, 0xFB, 0xDB, 0x83, 0xEA, 0x60, 0xC3, 0x28, 0x10,
    0x00, 0x2C, 0xC7, 0x12, 0xF4, 0x7F, 0x64, 0x45, 0x51, 0x61, 0xF1, 0x81, 0x95, 0x19, 0x4E, 0x3E,
    0xCE, 0x11, 0xD6, 0x74, 0x78, 0xB2, 0x26, 0x77, 0x02, 0x64, 0xEE, 0xE4, 0xFB, 0x2C, 0x69, 0xD5,
    0x2D, 0x01, 0x69, 0x4B, 0x78, 0xD9, 0x18, 0x09, 0x4C, 0x08, 0x83, 0xF8, 0x31, 0x83, 0x08, 0x06,
    0x4C, 0xA2, 0xF8, 0x8A, 0xCD, 0xE7, 0x55, 0xF5, 0x33, 0x36, 0x9F, 0xA7, 0xF6, 0x4B, 0x36, 0x13,
    0x18, 0x80, 0x0A, 0xF0, 0xCF, 0x4D, 0x37, 0xA8, 0x08, 0x43, 0x7E, 0xC5, 0xA6, 0xCC, 0x58, 0xD4,
    0x00, 0x15, 0xF1, 0xC8, 0xB5, 0xCA, 0x71, 0x4B, 0x52, 0xC8, 0x30, 0x16, 0x0F, 0x01, 0x20, 0xF3,
    0x10, 0xF8, 0xC9, 0x0D, 0x6C, 0x2C, 0x6E, 0x09, 0x64, 0x6E, 0x09, 0xAF, 0x6E, 0x63, 0xEF, 0x0D,
    0xE3, 0x43, 0x7E, 0xDE, 0x2B, 0x06, 0xBF, 0x6C, 0x94, 0x35, 0xE1, 0x50, 0x00, 0xB4, 0xD6, 0x02,
    0x16, 0x82, 0x78, 0x23, 0x20, 0x44, 0x80, 0xC4, 0xE1, 0x90, 0x14, 0x1D, 0xFA, 0x43, 0x97, 0xC1,
    0xA2, 0xC3, 0x5A, 0x74, 0x28, 0x01, 0xB1, 0x2B, 0x82, 0xD2, 0x5D, 0x1B, 0x22, 0x6A, 0xD5, 0x5A,
    0xAB, 0x38, 0xF7, 0x20, 0xE4, 0x45, 0x8E, 0x6B, 0xA5, 0x30, 0x1B, 0xD7, 0xB2, 0xDE, 0x20, 0x05,
    0x3E, 0x38, 0xAA, 0xAF, 0xB7, 0x55, 0x83, 0x05, 0x63, 0xF6, 0xB0, 0xAC, 0xC2, 0x09, 0x7D, 0xA3,
    0x81, 0x67, 0xEE, 0xAE, 0x36, 0x26, 0x5A, 0x1B, 0x55, 0xE1, 0x98, 0xFB, 0x0E, 0x1E, 0xD3, 0x4D,
    0xCE, 0x20, 0xA3, 0x8E, 0x2C, 0x09, 0x99, 0x0E, 0x09, 0x63, 0xF3, 0x39, 0x6F, 0x69, 0xD2, 0xE4,
    0x0C, 0x8F, 0xC5, 0x07, 0x77, 0xFE, 0x17, 0xDC, 0xEC, 0x7C, 0x72, 0x43, 0xC5, 0xB5, 0x58, 0x90,
    0xC0, 0x4B, 0xE6, 0xB4, 0xDC, 0x79, 0x36, 0xF7, 0x61, 0x87, 0x19, 0x53, 0x44, 0x89, 0x0D, 0x89,
    0x30, 0x8A, 0x42, 0x02, 0x4D, 0xD0, 0x02, 0xA9, 0x50, 0x18, 0x31, 0x8F, 0x46, 0x5A, 0x22, 0x2C,
    0x98, 0xCB, 0xB1, 0x7A, 0x23, 0x13, 0x99, 0x28, 0x00, 0xC1, 0x02, 0x71, 0xA4, 0xA6, 0x76, 0x73,
    0x0D, 0x75, 0x64, 0x94, 0x68, 0x20, 0x95, 0xC2, 0x62, 0x8E, 0xEB, 0xFA, 0x8E, 0x96, 0x4B, 0x14,
    0x88, 0x07, 0x1B, 0x84, 0x5F, 0xEB, 0xBB, 0x3E, 0x36, 0x95, 0x2B, 0x4C, 0x18, 0x6B, 0x27, 0xF0,
    0x53, 0xB6, 0x8E, 0xFE, 0xF7, 0x15, 0x7F, 0xAD, 0x47, 0x3D, 0xAC, 0x75, 0x2A, 0x08, 0xD3, 0x36,
    0xF4, 0x94, 0x01, 0x00, 0x8E, 0x1A, 0xBD, 0xAF, 0x69, 0x72, 0x6F, 0x99, 0x72, 0x14, 0xE0, 0x30,
    0x9F, 0xC2, 0x76, 0x0D, 0x00, 0xFE, 0xFA, 0xB8, 0x0C, 0xFC, 0xF1, 0x71, 0x99, 0xE0, 0xF3, 0xC7,
    0xE5, 0xE7, 0x86, 0xFE, 0x3D, 0xF7, 0xCB, 0x53, 0x03, 0xFF, 0xFA, 0xFD, 0x72, 0x44, 0xAF, 0x3B,
    0x7E, 0x8D, 0x5F, 0xFD, 0x40, 0x87, 0x33, 0x2E, 0xCE, 0xD6, 0x37, 0xF4, 0x5E, 0x17, 0x92, 0x7E,
    0x07, 0x60, 0x60, 0x02, 0x03, 0x88, 0x02, 0x60, 0xF1, 0xE8, 0xA7, 0xB5, 0xB3, 0xF9, 0xC6, 0x7C,
    0x50, 0x37, 0x46, 0xED, 0xC4, 0x37, 0xE6, 0x83, 0xBA, 0x31, 0xBC, 0x71, 0x15, 0x7E, 0xD7, 0x4F,
    0x73, 0x30, 0x57, 0x8D, 0xCF, 0x3B, 0xE9, 0x8A, 0x09, 0x09, 0x30, 0x81, 0x30, 0x20, 0x8E, 0x08,
    0x03, 0xAD, 0x3D, 0x49, 0xFC, 0x68, 0x1F, 0x22, 0x61, 0x12, 0x46, 0x87, 0x81, 0xD6, 0x1E, 0x19,
    0xAF, 0xB7, 0x25, 0x48, 0x00, 0x26, 0x1C, 0x86, 0xC5, 0x7F, 0xDC, 0xA2, 0x30, 0x84, 0x41, 0x05,
    0xC9, 0x57, 0x5A, 0xD5, 0xC7, 0x37, 0x00, 0x74, 0xC6, 0xEC, 0xE7, 0xD6, 0xD3, 0x32, 0xE9, 0x69,
    0xBA, 0x4C, 0xED, 0x0C, 0x76, 0xB6, 0x9D, 0xD9, 0xC9, 0xAC, 0x73, 0xEB, 0x69, 0x63, 0xD2, 0x00,
    0xA2, 0x50, 0x31, 0xC0, 0x00, 0xE0, 0x98, 0x1E, 0xAA, 0x54, 0x39, 0xED, 0xEE, 0x2D, 0xCA, 0xBF,
    0x6F, 0x89, 0x47, 0xD4, 0x50, 0xFD, 0x9E, 0x18, 0xB0, 0x81, 0x4C, 0x8E, 0x35, 0x11, 0x3F, 0xB9,
    0x26, 0x6C, 0x32, 0x69, 0x8D, 0x88, 0x97, 0x57, 0x40, 0x4C, 0x40, 0x02, 0xDA, 0x8F, 0x7A, 0x8B,
    0x89, 0x44, 0x7B, 0xD9, 0x58, 0x26, 0x48, 0x10, 0x01, 0x54, 0x01, 0xB0, 0xD6, 0x42, 0x77, 0xC4,
    0x83, 0x3C, 0xD8, 0x77, 0x2E, 0x9F, 0xAF, 0xE1, 0x60, 0xED, 0x8C, 0x5A, 0xEB, 0xFD, 0x35, 0x22,
    0x26, 0x29, 0x7A, 0x94, 0xB7, 0xE1, 0x32, 0xEC, 0x39, 0x61, 0x50, 0x63, 0x11, 0x13, 0x16, 0xC4,
    0xB5, 0x08, 0xBE, 0xCD, 0xC6, 0x71, 0x39, 0x5E, 0xF6, 0x60, 0x67, 0xB6, 0x16, 0x01, 0x5A, 0xF8,
    0x4F, 0xD0, 0x3A, 0x6A, 0x3F, 0x6B, 0x4E, 0x31, 0x47, 0xD9, 0xD5, 0x5F, 0x39, 0xFC, 0x1F, 0x95,
    0x9F, 0x1D, 0xFD, 0xE3, 0x5A, 0x60, 0x43, 0xEF, 0xD0, 0xDA, 0xB7, 0x35, 0xFC, 0xE7, 0x69, 0x7A,
    0xAD, 0xC5, 0xCB, 0x90, 0x09, 0xFD, 0xFB, 0x6C, 0x1C, 0xD3, 0xF4, 0xAA, 0x07, 0x69, 0x5F, 0x2A,
    0x54, 0x41, 0xEF, 0x00, 0xAC, 0x65, 0xCE, 0xCB, 0x17, 0x75, 0x72, 0xC3, 0x40, 0xCB, 0x48, 0x85,
    0xA2, 0x10, 0x46, 0xE4, 0xD3, 0x03, 0xE2, 0x72, 0xCC, 0x73, 0x4A, 0xE3, 0x4D, 0x6F, 0xE1, 0xA8,
    0x67, 0xC8, 0x8C, 0x02, 0x1B, 0xEA, 0xFB, 0x3E, 0xF5, 0x98, 0xFC, 0xF4, 0xF4, 0x20, 0xDF, 0x61,
    0xF1, 0x7E, 0xF2, 0xBF, 0xEB, 0xA8, 0x9B, 0x89, 0x44, 0x04, 0x54, 0xBD, 0x7A, 0x0A, 0x3F, 0xBF,
    0xFE, 0x77, 0xD9, 0x38, 0x27, 0xFF, 0x45, 0x0F, 0x31, 0x7B, 0xCA, 0xC6, 0xA6, 0x9B, 0x3E, 0x61,
    0x14, 0x31, 0x61, 0x15, 0x32, 0x4C, 0xC8, 0xBA, 0xA7, 0xF1, 0x8A, 0xBA, 0x4E, 0x00, 0xF6, 0x91,
    0x06, 0x09, 0x46, 0xB3, 0xA7, 0xDB, 0x64, 0x30, 0x1C, 0x93, 0x81, 0x4A, 0xCE, 0x55, 0x10, 0x15,
    0xA6, 0xE3, 0xFB, 0x06, 0x62, 0x0B, 0x97, 0xE8, 0x1B, 0x11, 0xFC, 0x13, 0x97, 0x81, 0xE3, 0xDF,
    0x05, 0x14, 0x44, 0x81, 0x20, 0x10, 0x83, 0x35, 0xC5, 0xFF, 0xA1, 0x85, 0x41, 0xA8, 0xA8, 0x28,
    0x71, 0x84, 0xDC, 0x5B, 0x6F, 0x34, 0xAC, 0x4E, 0x63, 0x7F, 0xC5, 0x73, 0xC8, 0xFD, 0x18, 0x39,
    0x2B, 0x3E, 0xFB, 0x91, 0xF4, 0xF8, 0x89, 0x3B, 0xF9, 0x8B, 0xAC, 0x35, 0x79, 0xA1, 0xEE, 0xFE,
    0x7E, 0x7F, 0x3B, 0x5E, 0x95, 0x86, 0x55, 0x53, 0xE4, 0x87, 0x39, 0x6A, 0xFD, 0x0F, 0xB5, 0xD5,
    0x81, 0xC6, 0x2B, 0x49, 0x10, 0xC5, 0xF1, 0x3F, 0x05, 0x70, 0xA8, 0x57, 0x39, 0x04, 0x60, 0x98,
    0x57, 0x2F, 0x06, 0x20, 0xDC, 0x57, 0xA9, 0x07, 0x18, 0x66, 0xB3, 0x63, 0xF7, 0x82, 0x74, 0xC5,
    0x97, 0xDD, 0xFB, 0x23, 0x68, 0x47, 0xA7, 0xA7, 0x5B, 0x57, 0x75, 0x73, 0xB2, 0x13, 0xC5, 0xC6,
    0x19, 0x9D, 0x24, 0x7B, 0x75, 0x97, 0x37, 0x5F, 0x7D, 0xD4, 0x75, 0x5E, 0x27, 0xC0, 0x75, 0xB1,
    0x54, 0xEE, 0xDE, 0x6B, 0xDB, 0xFA, 0x25, 0x4A, 0xC6, 0x14, 0xC5, 0x5B, 0x51, 0xB2, 0x1C, 0xC5,
    0x42, 0xA6, 0xCD, 0xC8, 0x9A, 0xE6, 0x03, 0x45, 0x31, 0xE4, 0xB2, 0x2C, 0xB3, 0xD0, 0x2D, 0x31,
    0x48, 0xF2, 0xF7, 0x8E, 0x21, 0xDB, 0xB2, 0x58, 0xAB, 0x60, 0xFA, 0xD6, 0x28, 0x2A, 0x98, 0xF2,
    0x80, 0x62, 0x2D, 0x09, 0xC4, 0x8F, 0x05, 0x14, 0x9E, 0xBF, 0x5B, 0x0C, 0x2A, 0xC7, 0x33, 0x0E,
    0xA2, 0x03, 0x88, 0x13, 0x21, 0x26, 0xE6, 0x89, 0x30, 0xC5, 0x0F, 0x44, 0x89, 0x98, 0xD7, 0x27,
    0x87, 0x3C, 0x2B, 0x18, 0xCF, 0x9D, 0xAC, 0x60, 0x96, 0xCD, 0x8A, 0x50, 0x88, 0x1E, 0x6F, 0xE8,
    0xC1, 0xD6, 0xCD, 0x60, 0x7B, 0xD9, 0xA9, 0xDB, 0xCE, 0xB7, 0x77, 0x28, 0x88, 0xC2, 0xF9, 0xA9,
    0x5E, 0xB6, 0xF9, 0x2C, 0x83, 0xC9, 0x7E, 0x4E, 0x35, 0x70, 0xE8, 0xD0, 0xD6, 0xDF, 0xD7, 0x73,
    0x94, 0x6C, 0x4D, 0xF3, 0xAD, 0x6C, 0x56, 0x3E, 0xD7, 0x28, 0x29, 0xF7, 0xDD, 0xE7, 0x46, 0xD7,
    0x35, 0x66, 0x6F, 0xF2, 0x94, 0x9B, 0x41, 0xF6, 0xF7, 0x2B, 0x62, 0x2A, 0x10, 0x7E, 0x73, 0xF7,
    0x30, 0xA6, 0xA8, 0x20, 0x7E, 0x0F, 0x27, 0x51, 0x18, 0x47, 0x31, 0xB0, 0xF6, 0x73, 0xDA, 0x89,
    0x3C, 0xED, 0x66, 0xEB, 0x43, 0xC1, 0xB6, 0x45, 0x6D, 0x1B, 0x73, 0xB7, 0x84, 0x8A, 0xF9, 0x94,
    0x07, 0x46, 0x04, 0x83, 0xB9, 0xD3, 0x90, 0x76, 0xF1, 0x5F, 0x6A, 0x8D, 0x87, 0x6D, 0x06, 0x43,
    0x85, 0xF5, 0x5C, 0x49, 0x73, 0x05, 0xDE, 0xBF, 0x81, 0x2C, 0x7F, 0xDA, 0x19, 0x95, 0xCF, 0x47,
    0x07, 0x4B, 0xDE, 0xA3, 0x4E, 0x8D, 0x75, 0x34, 0xDC, 0xF9, 0x81, 0xB4, 0x5F, 0x9A, 0xDF, 0xD1,
    0xA6, 0x9E, 0x2F, 0x40, 0x14, 0xB7, 0xF8, 0x75, 0xB4, 0x2C, 0xB2, 0x75, 0xCA, 0xD2, 0xAF, 0xD7,
    0xD8, 0x77, 0x2E, 0x03, 0x44, 0x59, 0xFC, 0x3B, 0x7E, 0xBC, 0x50, 0x78, 0xBA, 0x01, 0x51, 0x42,
    0x44, 0x4D, 0x9D, 0xE4, 0xF1, 0x5C, 0xE6, 0x03, 0x39, 0x4A, 0x9E, 0xDE, 0xDA, 0x80, 0x1A, 0xDF,
    0xEA, 0x0A, 0xDE, 0x2B, 0x8C, 0xEC, 0xE7, 0x11, 0x9F, 0xEB, 0x98, 0x24, 0xF9, 0xB1, 0x87, 0xB3,
    0xF6, 0xCE, 0x9A, 0xEB, 0x7B, 0x6B, 0x2A, 0xC8, 0x13, 0x53, 0xFC, 0x6F, 0x0C, 0x4A, 0x68, 0xAE,
    0xEB, 0xCD, 0xF8, 0x3B, 0x71, 0x5D, 0xC5, 0x1F, 0x33, 0xAF, 0x19, 0x27, 0x52, 0x94, 0xCD, 0x5E,
    0x7C, 0xE3, 0xBA, 0x48, 0x68, 0x83, 0xF8, 0xB3, 0x0A, 0xE8, 0xFD, 0xBA, 0x4E, 0xA0, 0x81, 0xCA,
    0xF6, 0xDF, 0x3A, 0xCD, 0x5B, 0x59, 0xF6, 0x5E, 0x5E, 0xBE, 0x6B, 0x01, 0x24, 0x41, 0xD6, 0x72,
    0xFE, 0x6D, 0x95, 0xFB, 0x1F, 0xCB, 0xFF, 0x6F, 0x21, 0x44, 0x2C, 0x72, 0x8C, 0xA3, 0xE5, 0x55,
    0x2E, 0x44, 0xD6, 0xDC, 0x29, 0xCF, 0x3E, 0x74, 0x88, 0x85, 0x7B, 0x36, 0xAB, 0x58, 0xEC, 0x73,
    0x87, 0xC1, 0x2F, 0xAA, 0x58, 0xA5, 0x77, 0xA6, 0xB2, 0x79, 0xEB, 0x2F, 0xA5, 0x59, 0xC1, 0xAA,
    0xF5, 0x2C, 0x0C, 0x1C, 0xC8, 0x36, 0xE0, 0xAB, 0x04, 0xDC, 0x16, 0x7C, 0x75, 0xE1, 0x6C, 0xFB,
    0x30, 0xC2, 0xBF, 0x15, 0xFA, 0x37, 0x48, 0xB8, 0x9E, 0xA1, 0x39, 0x5D, 0x7C, 0x33, 0x8B, 0x7B,
    0x2E, 0x33, 0xB1, 0xAD, 0x9A, 0xD4, 0x2A, 0x50, 0x80, 0x01, 0xB4, 0x69, 0x70, 0xB6, 0x61, 0x58,
    0x6C, 0x13, 0x37, 0xD4, 0xD4, 0x80, 0x4C, 0x0F, 0xB8, 0x2E, 0x10, 0xE7, 0x94, 0xC0, 0x01, 0xC7,
    0x28, 0x88, 0x78, 0xE6, 0x0E, 0x19, 0xAA, 0x7B, 0xFB, 0xAA, 0x32, 0x76, 0xBD, 0x0C, 0xD3, 0x9B,
    0xEB, 0x6E, 0xD5, 0x6E, 0x96, 0x6F, 0x7D, 0xA2, 0x7F, 0xB3, 0xEC, 0xF7, 0x9F, 0xE8, 0x1B, 0xE6,
    0x7E, 0x6B, 0x8E, 0xD2, 0x77, 0xB9, 0x75, 0x5B, 0x9C, 0xF6, 0x59, 0xEC, 0x5F, 0xF1, 0xD6, 0x17,
    0x9B, 0xEB, 0x8B, 0x6F, 0xFD, 0x23, 0x7B, 0xFF, 0xD8, 0xE1, 0xD1, 0x15, 0x15, 0x07, 0xAA, 0xB7,
    0x66, 0xA6, 0xB8, 0x11, 0xE3, 0x63, 0x6A, 0xC7, 0xCD, 0xD3, 0xCE, 0xAA, 0x55, 0x8F, 0x9B, 0x4B,
    0x8F, 0x9E, 0x30, 0x31, 0xD1, 0x1B, 0x62, 0x62, 0xFE, 0x74, 0x82, 0x82, 0x1D, 0x26, 0xCC, 0x76,
    0xB9, 0x2F, 0x74, 0xE9, 0x6A, 0x6A, 0xDE, 0x5A, 0x9B, 0xA6, 0x8B, 0xD8, 0xD0, 0x46, 0x8C, 0x7F,
    0xA8, 0x6D, 0x90, 0xAE, 0xCE, 0x44, 0x7F, 0x1D, 0x7F, 0x4C, 0x51, 0xE7, 0x82, 0xC7, 0x5F, 0x57,
    0x97, 0x2E, 0x21, 0xBF, 0xCD, 0x3F, 0xEF, 0x71, 0x3D, 0xF5, 0x94, 0x21, 0xC3, 0xFF, 0xFA, 0xFF,
    0x3C, 0x7F, 0x70, 0xB3, 0x0C, 0x18, 0x14, 0x34, 0x7F, 0xF2, 0xFE, 0x05, 0xD4, 0xA4, 0xE7, 0x7A,
    0x20, 0x1B, 0xBF, 0x80, 0x4C, 0xD1, 0x3F, 0x3A, 0x28, 0x5E, 0x4D, 0x8F, 0x1B, 0xF5, 0xAC, 0x27,
    0xF7, 0x7F, 0xE8, 0x31, 0x3A, 0x41, 0x7E, 0xBE, 0x6F, 0x16, 0xEE, 0x7F, 0x65, 0x26, 0xE3, 0x87,
    0xE0, 0x43, 0xFB, 0xA1, 0x71, 0xFB, 0x58, 0xB3, 0x89, 0xB8, 0xE1, 0x65, 0x7E, 0xF6, 0x32, 0xED,
    0x13, 0x8C, 0x5C, 0xE5, 0xE7, 0x57, 0xF3, 0xB1, 0xF8, 0x9B, 0xA9, 0xA4, 0x13, 0xDB, 0x05, 0x81,
    0x3C, 0xE8, 0x47, 0x39, 0xA1, 0x4E, 0x9A, 0x3F, 0xC4, 0x76, 0xED, 0xFA, 0x47, 0x99, 0xD7, 0x57,
    0xFB, 0x0D, 0x9C, 0xDF, 0x32, 0x1F, 0xC7, 0x4F, 0xED, 0x5C, 0x6C, 0xFA, 0xA5, 0xE3, 0x77, 0x7E,
    0x95, 0x6E, 0x06, 0x85, 0x96, 0x09, 0x75, 0x72, 0x7D, 0xB2, 0x51, 0xD5, 0xD9, 0xB4, 0xEA, 0xA2,
    0x51, 0x7D, 0x5C, 0xAD, 0x96, 0x19, 0xB3, 0x2F, 0xFA, 0x8F, 0x73, 0xE4, 0x76, 0x46, 0x2F, 0x05,
    0x54, 0x86, 0x6E, 0xF7, 0x46, 0xF3, 0x8B, 0xE6, 0x50, 0xB8, 0x5A, 0xE8, 0x69, 0x0D, 0x60, 0xC8,
    0x76, 0x6F, 0x3E, 0x7E, 0x26, 0x78, 0x98, 0x83, 0xAB, 0x15, 0xBE, 0x7E, 0x8C, 0x61, 0x54, 0x80,
    0xC8, 0x7F, 0x8E, 0x8F, 0x0A, 0xF0, 0x18, 0x4F, 0x19, 0x0E, 0x6C, 0x15, 0x20, 0xD1, 0xB9, 0x06,
    0x50, 0xFE, 0xD3, 0xF3, 0x51, 0xFE, 0x13, 0xB8, 0x02, 0xB0, 0xCE, 0x15, 0x80, 0xF5, 0xF2, 0x36,
    0x3E, 0x11, 0x99, 0xC4, 0xD7, 0x71, 0x68, 0x68, 0x87, 0xD6, 0xF1, 0x58, 0x03, 0x60, 0xE0, 0xFE,
    0x4F, 0x6B, 0xC0, 0x0E, 0xCA, 0x61, 0x81, 0x40, 0x71, 0x84, 0xE4, 0xEE, 0x55, 0x03, 0xB8, 0x0A,
    0x50, 0x7C, 0x54, 0x80, 0xBC, 0x7F, 0x38, 0xFF, 0x37, 0x9D, 0x2B, 0x00, 0x21, 0xCB, 0xFF, 0x40,
    0x96, 0xFF, 0x54, 0x03, 0x26, 0xE5, 0x3F, 0x8F, 0x9F, 0x52, 0xFE, 0x53, 0x0D, 0xE0, 0xFC, 0xE1,
    0x1A, 0x50, 0x26, 0xE5, 0x3F, 0xD5, 0x80, 0xC6, 0xF9, 0x9F, 0xD4, 0x80, 0xE8, 0xBF, 0x58, 0x61,
    0xE4, 0xF9, 0xE5, 0x41, 0xB9, 0xEE, 0x30, 0x5C, 0xB0, 0x6D, 0xFE, 0x2C, 0x42, 0x31, 0x7E, 0xAD,
    0x01, 0x19, 0x6B, 0x0D, 0xD8, 0x06, 0xAD, 0xFF, 0x68, 0xFE, 0xF9, 0xDD, 0x72, 0xFE, 0xAE, 0x99,
    0x22, 0xC9, 0xFA, 0x2E, 0x9E, 0x80, 0x75, 0xEA, 0x7A, 0x6F, 0xD7, 0x76, 0x5A, 0x2F, 0x78, 0x58,
    0x03, 0x4E, 0x5E, 0xFF, 0x05, 0x68, 0x05, 0x38, 0x5F, 0xFB, 0x27, 0x30, 0x4A, 0x5E, 0x3F, 0x62,
    0x7C, 0xD2, 0xFA, 0x13, 0xB9, 0x9E, 0xE7, 0x57, 0x40, 0xBF, 0xB0, 0xF2, 0x2B, 0x7B, 0xFF, 0xD5,
    0x53, 0x0D, 0x0C, 0xE4, 0xBA, 0xA0, 0x8D, 0x5F, 0xEF, 0x3F, 0xBD, 0xD9, 0xBA, 0x42, 0x51, 0x86,
    0x3A, 0x78, 0xFD, 0x75, 0xD8, 0xA7, 0xA2, 0xA2, 0xCD, 0x0A, 0xA7, 0x7D, 0x2C, 0x6E, 0x9E, 0x3C,
    0x6D, 0xB2, 0x1E, 0x33, 0x40, 0x4C, 0x4C, 0xB5, 0x1C, 0x5E, 0xFD, 0x9D, 0x20, 0xFC, 0x39, 0x58,
    0x5F, 0x63, 0x57, 0xED, 0xA6, 0xB6, 0xE3, 0x48, 0xE2, 0x2D, 0x1C, 0x0F, 0xF1, 0x65, 0xAE, 0xD5,
    0x0D, 0xBA, 0x0C, 0xBE, 0xFE, 0xEE, 0x11, 0x5B, 0x75, 0x8E, 0xF5, 0x7A, 0x55, 0xA9, 0x62, 0x67,
    0x33, 0x9B, 0x75, 0xA1, 0xEE, 0x7A, 0x78, 0x76, 0xC7, 0xFE, 0x7E, 0xE2, 0xF5, 0xAD, 0xFF, 0x32,
    0xD8, 0xE6, 0xD8, 0xDF, 0x7F, 0xAC, 0x03, 0x54, 0x77, 0xB9, 0x7E, 0xE7, 0x3E, 0x7A, 0xF7, 0xB4,
    0x99, 0xBF, 0x7F, 0xA2, 0x7E, 0x3C, 0xE9, 0x56, 0xCC, 0x1C, 0xDA, 0x9D, 0xC2, 0xA5, 0x75, 0x5B,
    0x63, 0x87, 0x63, 0xE9, 0xC7, 0x21, 0xF2, 0x16, 0x1F, 0x1E, 0x8E, 0xDF, 0xA1, 0x3E, 0xEB, 0x3E,
    0xCE, 0x5A, 0xEB, 0xE1, 0xE3, 0xAC, 0xC6, 0x7D, 0xA0, 0xB9, 0xBE, 0xC6, 0x54, 0x36, 0xAE, 0xFE,
    0x09, 0xB0, 0x27, 0x74, 0xEF, 0x93, 0x22, 0x1D, 0x06, 0xFF, 0x7D, 0x2C, 0x65, 0xB1, 0x6C, 0xF3,
    0x9B, 0x5D, 0xA1, 0xC7, 0x5B, 0xF7, 0x3D, 0x7F, 0xD9, 0x45, 0x3A, 0xAF, 0xEF, 0x51, 0xA2, 0x16,
    0x82, 0x3D, 0xB9, 0x2E, 0x8A, 0x61, 0xA6, 0xA7, 0x88, 0xF4, 0xAD, 0xF5, 0xDE, 0x3A, 0x95, 0x12,
    0xEE, 0xF8, 0x8F, 0x20, 0x47, 0xE9, 0x86, 0xF2, 0x53, 0x87, 0x49, 0x47, 0xAE, 0xC3, 0x46, 0x2F,
    0x78, 0x83, 0x00, 0xD0, 0x0E, 0xB9, 0xA9, 0x5D, 0xFF, 0xEA, 0x22, 0xD0, 0x4F, 0x88, 0x6D, 0xCE,
    0xE5, 0xF9, 0x68, 0x77, 0xFF, 0x1F, 0x3C, 0xB6, 0x1B, 0x3E, 0xBD, 0x47, 0x3D, 0x0F, 0xA1, 0x01,
    0x53, 0xB0, 0x61, 0xFC, 0xD7, 0xD1, 0x7B, 0x77, 0x3F, 0xF2, 0xEF, 0xCB, 0x02, 0x85, 0x21, 0x5F,
    0x7F, 0x86, 0xEE, 0x80, 0xA2, 0x41, 0xB1, 0xD5, 0xD7, 0x83, 0xF3, 0x2F, 0x5C, 0xE1, 0x70, 0x9D,
    0xD6, 0xEE, 0xA7, 0x59, 0x3B, 0x0D, 0x41, 0xE4, 0xEB, 0xC3, 0xF3, 0xB0, 0xEA, 0xCE, 0x68, 0x56,
    0x5F, 0xBF, 0xEF, 0xD9, 0x43, 0xBA, 0x5C, 0x82, 0xC5, 0x36, 0xE2, 0x17, 0x23, 0x3C, 0xE1, 0xE0,
    0x6F, 0x0B, 0xFE, 0x82, 0xC2, 0x00, 0x79, 0xC2, 0x41, 0x7A, 0xB6, 0x7F, 0x20, 0x90, 0xE4, 0xFB,
    0x82, 0xF4, 0x64, 0x7F, 0xA1, 0x97, 0xE4, 0xFB, 0x83, 0xF4, 0x6C, 0xFF, 0xC0, 0x49, 0xF5, 0x8F,
    0xF5, 0xBD, 0x7E, 0xD6, 0x9B, 0xAD, 0x57, 0x73, 0x9A, 0x9A, 0x80, 0x60, 0xE5, 0xCF, 0xC1, 0xBA,
    0x96, 0x66, 0x6A, 0x3E, 0xF3, 0x0B, 0xB4, 0xAB, 0xA9, 0xEA, 0xD2, 0xC9, 0x93, 0xE9, 0xB3, 0x68,
    0x12, 0x4F, 0x1E, 0xD6, 0xF3, 0xFD, 0x8D, 0xC2, 0xFD, 0xBF, 0x3B, 0x58, 0xB7, 0x66, 0xE6, 0x68,
    0xC3, 0x2C, 0x10, 0xDA, 0xEE, 0xD9, 0x1D, 0xBC, 0xB6, 0xE3, 0x1D, 0x3E, 0x08, 0x8E, 0x47, 0xCF,
    0x64, 0x5D, 0xD7, 0xDA, 0x7B, 0xA3, 0x0E, 0xE9, 0x7B, 0x34, 0xBB, 0x48, 0xE7, 0xFA, 0x9B, 0xCE,
    0x1F, 0x53, 0xD2, 0xF3, 0xFD, 0x97, 0xC1, 0x49, 0x46, 0x9E, 0xD0, 0x69, 0x7F, 0x66, 0x73, 0x10,
    0x54, 0x97, 0xE3, 0xC1, 0x43, 0xF1, 0x65, 0xBE, 0xC4, 0x87, 0xA3, 0x67, 0xFB, 0x3B, 0xD9, 0xF8,
    0x87, 0x83, 0xF5, 0xEB, 0x54, 0x42, 0xB9, 0x42, 0x27, 0x0F, 0xE9, 0xE9, 0xFE, 0x50, 0xE1, 0x78,
    0x72, 0x2C, 0x9D, 0xB4, 0xAA, 0xF5, 0x56, 0x45, 0xC5, 0x5B, 0x20, 0xEC, 0x0E, 0xD6, 0xCD, 0x49,
    0x5F, 0x08, 0x20, 0xB0, 0xE3, 0x69, 0xFF, 0xA7, 0xAC, 0x7D, 0x66, 0x95, 0xA8, 0x6E, 0xEC, 0x09,
    0x07, 0xE9, 0x8F, 0xF1, 0x1D, 0x3D, 0x8F, 0x0F, 0x3D, 0xDF, 0x7F, 0x8F, 0x79, 0x51, 0x66, 0xB6,
    0x3F, 0x1B, 0xB3, 0x42, 0x46, 0xBA, 0x7F, 0x43, 0xF5, 0xF1, 0xD8, 0xEB, 0xBB, 0x62, 0xB0, 0x27,
    0x1C, 0xA1, 0xA7, 0xFB, 0xAF, 0xDB, 0xFB, 0x95, 0x3D, 0xAC, 0x73, 0x7D, 0xCA, 0xAE, 0x4F, 0x8E,
    0xD0, 0x93, 0x78, 0xBE, 0x3E, 0xC5, 0x87, 0x9E, 0xCF, 0xCF, 0x83, 0xF3, 0x9B, 0x1C, 0xBB, 0xCE,
    0xFB, 0xCB, 0xC9, 0xF5, 0x37, 0x07, 0xE9, 0x32, 0x78, 0x7C, 0x65, 0x6C, 0x5F, 0x9F, 0xE9, 0xF9,
    0x41, 0x38, 0x92, 0xFD, 0xC5, 0xD8, 0x5B, 0x48, 0xE3, 0xC3, 0x93, 0xC5, 0x07, 0xE4, 0xD2, 0xF5,
    0xF5, 0x7D, 0x45, 0x1D, 0xB7, 0x0B, 0x04, 0x5F, 0x7F, 0xE3, 0x53, 0x96, 0xE3, 0x53, 0xE6, 0x7E,
    0x77, 0xF9, 0xF9, 0x42, 0x78, 0x7E, 0xEF, 0x3F, 0xAE, 0x9A, 0xB4, 0x56, 0x39, 0x51, 0xA7, 0x40,
    0x28, 0x63, 0x77, 0x94, 0x41, 0xCF, 0x9F, 0xC6, 0x87, 0x27, 0x8F, 0xCF, 0xF3, 0x8B, 0x3C, 0x94,
    0x5F, 0xA1, 0xE5, 0xE7, 0x23, 0xE4, 0x49, 0xF7, 0x4F, 0xDB, 0x84, 0xA1, 0x0B, 0x64, 0x40, 0x9D,
    0xF6, 0xB0, 0xFE, 0x2C, 0xE4, 0x89, 0x5E, 0x4D, 0xCF, 0x5F, 0x02, 0xE1, 0x21, 0x47, 0xDC, 0xDB,
    0x5B, 0x7C, 0x78, 0xF2, 0xF8, 0xFC, 0xFC, 0x84, 0x3D, 0xAC, 0xFF, 0xEB, 0xF7, 0x2F, 0xB7, 0xCD,
    0xF1, 0xE4, 0x09, 0x07, 0xE9, 0x4B, 0xDB, 0xCE, 0x07, 0x36, 0x9D, 0x3D, 0x32, 0xBF, 0xF5, 0x32,
    0xDF, 0xCF, 0x67, 0xF2, 0xFD, 0x25, 0xFF, 0xFF, 0x2D, 0xDE, 0x3D, 0x59, 0x7C, 0x29, 0xF6, 0x1A,
    0x1F, 0x9E, 0xEC, 0xFA, 0x6F, 0xE7, 0x3B, 0xEC, 0x09, 0xC7, 0xEF, 0xF3, 0xC9, 0x83, 0x2D, 0xEE,
    0x61, 0x9D, 0xDB, 0x7E, 0x3A, 0xDF, 0x21, 0x4F, 0x53, 0xD6, 0x93, 0xEF, 0x1F, 0xEF, 0x85, 0x4E,
    0x9E, 0x44, 0x4F, 0xCE, 0xC7, 0x14, 0x96, 0xAF, 0x9F, 0x42, 0xE7, 0xF8, 0x36, 0xD5, 0xF2, 0xFD,
    0xF5, 0x70, 0x84, 0xFE, 0x3F, 0xBD, 0x95, 0x07, 0xAA, 0x23, 0x30, 0x0C, 0x44, 0x1F, 0x88, 0x4E,
    0x60, 0xAE, 0x92, 0x03, 0x08, 0x7C, 0x75, 0x41, 0x2E, 0x24, 0x58, 0x3A, 0x06, 0xAD, 0x85, 0xCD,
    0xEF, 0xBD, 0x49, 0xF3, 0x26, 0xD5, 0x19, 0xA5, 0xD8, 0xA9, 0x4A, 0xC4, 0x58, 0x28, 0x04, 0x79,
    0xF0, 0x37, 0xC8, 0x8D, 0xA2, 0xD7, 0xF5, 0x7A, 0xBA, 0x74, 0xB0, 0x60, 0x04, 0x76, 0x64, 0xFF,
    0x62, 0x28, 0xDC, 0x22, 0x9F, 0xC9, 0x15, 0xA3, 0xC2, 0x6E, 0x09, 0x90, 0xAD, 0x4A, 0xAB, 0xE8,
    0x10, 0xDE, 0xB1, 0xAA, 0xC9, 0xFB, 0xCF, 0xDB, 0xAF, 0xC7, 0xAE, 0x3C, 0x26, 0xA8, 0x76, 0x8E,
    0x14, 0x1A, 0xA9, 0x98, 0xC2, 0x5F, 0xD4, 0x88, 0x02, 0xF0, 0x56, 0xED, 0xF5, 0x9F, 0x25, 0x36,
    0x16, 0x55, 0x67, 0x1C, 0xDF, 0x88, 0x42, 0x6F, 0xF4, 0x08, 0xF6, 0x65, 0xD1, 0x74, 0xFD, 0xF8,
    0x0C, 0x35, 0x6B, 0x82, 0xC5, 0x08, 0x7B, 0xA3, 0x95, 0xD0, 0x97, 0x3F, 0x95, 0x6E, 0x95, 0xCD,
    0x47, 0x72, 0xCF, 0x84, 0x02, 0xB6, 0xEF, 0xAA, 0x26, 0x04, 0x4C, 0x14, 0x98, 0x1F, 0xBF, 0x24,
    0x97, 0xE3, 0xF7, 0xBA, 0x2E, 0xD7, 0xF1, 0x58, 0x6E, 0x71, 0xEF, 0xFC, 0xE3, 0xDE, 0xFD, 0xCE,
    0x2B, 0xDC, 0x2A, 0x20, 0xE1, 0x18, 0xE0, 0x83, 0xC9, 0xAC, 0x5B, 0x31, 0x6C, 0x2A, 0x9C, 0xB4,
    0x8F, 0x58, 0xD9, 0x54, 0xFE, 0xD1, 0xC0, 0xA7, 0x74, 0xFC, 0x7B, 0x33, 0x3F, 0xD9, 0x3B, 0xE8,
    0x00, 0x14, 0x56, 0x82, 0xAB, 0x62, 0x73, 0xC9, 0x85, 0x1F, 0xB4, 0xB0, 0xD8, 0x90, 0x0B, 0x3F,
    0x68, 0x61, 0xD9, 0x54, 0x90, 0x24, 0xAD, 0x3D, 0x63, 0xC5, 0xB0, 0x74, 0x5E, 0x56, 0xD9, 0xFC,
    0x91, 0xC0, 0x2E, 0x8B, 0xE6, 0x43, 0x99, 0xF7, 0x3B, 0xFF, 0xA7, 0xC2, 0x47, 0x35, 0x1F, 0x0D,
    0x57, 0xC5, 0xD2, 0xFD, 0x11, 0xDD, 0x6D, 0x71, 0x4F, 0xF7, 0x40, 0x95, 0x48, 0x81, 0x6C, 0x41,
    0x2E, 0xFC, 0xFE, 0x48, 0xEF, 0xF0, 0xB4, 0xF9, 0xE8, 0x9D, 0xE7, 0xCC, 0x81, 0x3F, 0xE9, 0x82,
    0xBE, 0xBC, 0xDB, 0x9A, 0x5D, 0x3F, 0x9D, 0x7C, 0xB6, 0xB2, 0x0F, 0x57, 0xBC, 0x76, 0xD8, 0xFD,
    0x58, 0x66, 0xCD, 0xE6, 0x8D, 0xB4, 0x9E, 0xC6, 0xE6, 0xD5, 0x95, 0xC9, 0xD2, 0x75, 0x69, 0xC2,
    0x08, 0xAC, 0x57, 0x06, 0x4A, 0x98, 0xE0, 0x41, 0x2B, 0xC9, 0xB2, 0xB8, 0x4D, 0xBA, 0xB2, 0xA5,
    0xB5, 0x36, 0x2F, 0x93, 0xC1, 0x48, 0xEB, 0x0B, 0x85, 0xD2, 0x2B, 0xCE, 0x51, 0x59, 0x95, 0x29,
    0x32, 0xC4, 0xB5, 0x41, 0xF0, 0x29, 0x9E, 0xFC, 0xB1, 0x1A, 0x62, 0x50, 0x53, 0x3C, 0xEB, 0x8B,
    0xE5, 0xCE, 0xFC, 0x0F, 0xC4, 0xD7, 0xC1, 0x6A, 0xE3, 0xCA, 0x12, 0xC6, 0xF1, 0x1F, 0xD4, 0xB6,
    0xA1, 0x5E, 0xA5, 0x61, 0xB6, 0x0D, 0x7A, 0xF5, 0x82, 0x6C, 0x03, 0xF3, 0x2A, 0x05, 0x67, 0x2B,
    0xD0, 0x9D, 0xB1, 0x23, 0x2E, 0x1E, 0xE2, 0x13, 0x5F, 0x13, 0xDF, 0xE9, 0xEE, 0x2A, 0x1C, 0x4A,
    0x84, 0xFF, 0xD7, 0xD2, 0x57, 0x6A, 0x51, 0x88, 0x76, 0xA6, 0x85, 0x71, 0x49, 0x89, 0x95, 0x98,
    0x97, 0x14, 0x45, 0x47, 0x71, 0x1C, 0x45, 0x69, 0x71, 0x49, 0xAE, 0x69, 0x49, 0x96, 0xA3, 0xE3,
    0x28, 0x40, 0x43, 0x93, 0xBB, 0xB5, 0x59, 0x49, 0x72, 0xC8, 0x9F, 0x56, 0xEA, 0xEB, 0xDA, 0x1C,
    0x3F, 0x6D, 0x51, 0x88, 0x12, 0x65, 0x1A, 0x86, 0x29, 0x6A, 0xCC, 0x31, 0x7F, 0xAD, 0xB1, 0xED,
    0x73, 0x5C, 0x27, 0xA0, 0x4C, 0x53, 0x91, 0x3D, 0x87, 0x91, 0xD7, 0xFA, 0xCA, 0x77, 0x60, 0xC1,
    0x7E, 0x0A, 0x4A, 0xE7, 0x88, 0x42, 0x36, 0xD6, 0xC2, 0xF9, 0xEF, 0xBC, 0x66, 0x0B, 0x92, 0x8D,
    0x5D, 0x14, 0x68, 0xB1, 0xCB, 0x34, 0x82, 0x07, 0x77, 0x64, 0xC1, 0x06, 0x59, 0xD0, 0x7F, 0x45,
    0x48, 0x92, 0x25, 0x9A, 0xF5, 0xAC, 0x90, 0x69, 0xC4, 0x1C, 0xF5, 0xE3, 0x57, 0x8C, 0x9A, 0xBF,
    0xC6, 0xD6, 0xF3, 0x63, 0x80, 0x21, 0xBC, 0xC7, 0x1C, 0xE3, 0xCE, 0x1D, 0xCD, 0x81, 0x6D, 0xC7,
    0xFC, 0x3B, 0x7B, 0x10, 0x6F, 0xF2, 0x30, 0x9E, 0xDE, 0x00, 0x8D, 0xD8, 0x91, 0x89, 0x11, 0x80,
    0xD7, 0x9B, 0xEF, 0x39, 0xDE, 0xD3, 0x8B, 0x24, 0x6C, 0x4E, 0x43, 0x15, 0x38, 0x25, 0x64, 0x22,
    0xF6, 0xFF, 0xA3, 0x8D, 0x46, 0xC8, 0x14, 0xFB, 0xC3, 0x4A, 0x12, 0xF2, 0x04, 0x63, 0xDD, 0x17,
    0xF0, 0x7A, 0xFB, 0x3C, 0x21, 0x20, 0xA8, 0x9F, 0x63, 0xEB, 0x70, 0xC7, 0x3B, 0xA5, 0xC2, 0x9C,
    0x79, 0xAF, 0x1B, 0xC6, 0x1B, 0xF2, 0xC0, 0xB8, 0xA7, 0xFD, 0xF5, 0xB6, 0x79, 0x42, 0xF8, 0x1D,
    0xC8, 0x17, 0xDB, 0xE5, 0x09, 0xCE, 0xD3, 0x2B, 0xC7, 0x71, 0xC8, 0xCB, 0x8C, 0x8F, 0xF0, 0x11,
    0xF3, 0x1A, 0x47, 0xFF, 0xF7, 0x37, 0x67, 0xD4, 0x35, 0xA2, 0x8E, 0x0B, 0x2A, 0xD6, 0x35, 0x62,
    0xB7, 0xD2, 0x8C, 0xEA, 0xDF, 0xB5, 0x6A, 0xAE, 0x6B, 0x67, 0x53, 0xDB, 0xF1, 0xC1, 0x18, 0x75,
    0x59, 0x94, 0x0A, 0xDB, 0x3E, 0x4D, 0xD3, 0xD6, 0xD3, 0xC7, 0xAF, 0x1D, 0x67, 0x1D, 0x64, 0x7F,
    0xBC, 0x54, 0x4D, 0x73, 0x64, 0x83, 0x2E, 0x71, 0x94, 0x48, 0xF0, 0x0D, 0x62, 0x6E, 0xEF, 0xFE,
    0x43, 0x62, 0xA2, 0xC8, 0x62, 0x43, 0x03, 0x16, 0x0E, 0xE2, 0xAD, 0x84, 0xFA, 0x36, 0xB6, 0xFB,
    0x6F, 0xE7, 0x47, 0x69, 0xA3, 0x88, 0xC6, 0x8E, 0x7C, 0x25, 0xED, 0x4D, 0x0F, 0x79, 0x92, 0xD6,
    0x8C, 0x31, 0xDE, 0xE7, 0xBC, 0xF7, 0x7C, 0x98, 0x46, 0x8C, 0xD1, 0x73, 0x7E, 0xFD, 0x7C, 0xBC,
    0x52, 0xE9, 0xF9, 0xCC, 0x3C, 0x27, 0xF3, 0x35, 0x58, 0x37, 0xBE, 0x7C, 0x0E, 0xEB, 0xB4, 0xE9,
    0x79, 0x72, 0xCD, 0x5D, 0xDD, 0xCE, 0xDC, 0xB9, 0x35, 0x6A, 0x7C, 0x52, 0x3F, 0x3A, 0xFD, 0xDB,
    0x3C, 0x9A, 0x94, 0xD6, 0xC2, 0xDA, 0xD7, 0x39, 0x0E, 0x6B, 0xD9, 0x76, 0xD1, 0x59, 0x59, 0xD1,
    0x8B, 0xF5, 0x3B, 0x9A, 0xBC, 0x17, 0xE7, 0x35, 0x59, 0xD1, 0xD1, 0x59, 0xB6, 0x13, 0xB1, 0x2E,
    0x11, 0xBB, 0x2D, 0x6B, 0x45, 0xB5, 0xFE, 0x63, 0xAD, 0xA8, 0x2D, 0x2B, 0x76, 0xD0, 0xF4, 0x29,
    0x4B, 0xF6, 0x1C, 0xB7, 0x33, 0xFB, 0x4F, 0xE1, 0xD9, 0x9F, 0xD5, 0x17, 0x76, 0xA2, 0x49, 0x27,
    0x08, 0xD9, 0x57, 0xCC, 0x39, 0xC0, 0xB7, 0x88, 0xFC, 0xAA, 0x37, 0x7C, 0x2D, 0x7B, 0x61, 0x43,
    0x16, 0xFA, 0xA5, 0xB4, 0x37, 0xBD, 0xE1, 0x29, 0xDA, 0xB3, 0x37, 0xDC, 0xBD, 0x37, 0x37, 0xBD,
    0xE1, 0x93, 0x7A, 0x0E, 0xB6, 0x9D, 0xF9, 0x5A, 0xA5, 0x67, 0x6F, 0x78, 0x4E, 0xE6, 0x8B, 0xB0,
    0x6E, 0x3C, 0xF1, 0x14, 0x16, 0x9A, 0x46, 0x14, 0xB2, 0xB0, 0x41, 0x73, 0x42, 0x46, 0x45, 0xE7,
    0x5B, 0x67, 0x45, 0xCF, 0x0B, 0xE3, 0x62, 0xAB, 0x26, 0xFD, 0x7B, 0x5A, 0xAC, 0x6B, 0xCA, 0x8A,
    0x76, 0x61, 0xBE, 0x42, 0x47, 0xC9, 0xB2, 0xD1, 0x57, 0xD2, 0xB5, 0xE5, 0xB1, 0xE2, 0xAD, 0x1D,
    0x6D, 0xBF, 0xBF, 0x81, 0xA2, 0x61, 0x87, 0x7C, 0x29, 0xE0, 0xD9, 0x43, 0x45, 0x3D, 0x08, 0x18,
    0x94, 0xF7, 0x88, 0x7C, 0x9B, 0x6B, 0xDE, 0x8C, 0xAC, 0x9B, 0x26, 0x33, 0x9C, 0xD7, 0xFC, 0x51,
    0xEF, 0x22, 0x8E, 0x22, 0x5E, 0xAB, 0x6D, 0x4D, 0x47, 0x7B, 0x7B, 0x54, 0xD8, 0x6B, 0x20, 0x70,
    0x6E, 0x6E, 0x3D, 0xC8, 0x81, 0xA6, 0x1D, 0x1D, 0x47, 0x32, 0xFF, 0xC7, 0xA8, 0x28, 0x15, 0x9D,
    0x27, 0x00, 0x79, 0x8D, 0x3D, 0x7A, 0xF9, 0x7C, 0x6D, 0xD1, 0xB9, 0x77, 0xF4, 0x0E, 0x8B, 0x75,
    0xDE, 0x44, 0x73, 0x7C, 0xFD, 0x2E, 0xB9, 0xA9, 0xAF, 0x7C, 0xC7, 0xFD, 0x8F, 0xDA, 0xF3, 0x7B,
    0xED, 0x47, 0x27, 0xF3, 0x02, 0xDD, 0xC9, 0x8F, 0x4A, 0xA6, 0xC7, 0x52, 0x89, 0x52, 0xA2, 0xD3,
    0xA9, 0xB2, 0x89, 0x26, 0x8B, 0x05, 0xEC, 0x71, 0x58, 0x8E, 0x5A, 0xBA, 0x96, 0x7F, 0x6A, 0x39,
    0x2C, 0x7D, 0x13, 0x5B, 0xB4, 0xDC, 0x5B, 0xF4, 0x7D, 0xE7, 0xBD, 0x88, 0xB8, 0xB1, 0x63, 0x43,
    0xD4, 0x53, 0xC4, 0xA7, 0x15, 0xE7, 0x8F, 0x2F, 0xAD, 0x78, 0x7B, 0x4D, 0xE7, 0xBC, 0x67, 0xC5,
    0xD7, 0x88, 0x5D, 0x93, 0xA3, 0x79, 0x7B, 0x4E, 0xE8, 0x4B, 0xA0, 0x6E, 0xAC, 0xF9, 0xC4, 0xE3,
    0x02, 0xEB, 0x1A, 0x9F, 0x1D, 0x45, 0x8E, 0xCE, 0x23, 0xE9, 0x2C, 0x15, 0xBF, 0x67, 0x07, 0x9D,
    0xAC, 0xC1, 0x5A, 0xE4, 0x24, 0x9B, 0xA8, 0xCF, 0x63, 0xDB, 0x45, 0x89, 0x66, 0x3F, 0xCD, 0x54,
    0x47, 0x7E, 0x9C, 0x83, 0xAF, 0xAB, 0xF4, 0x65, 0xFD, 0xC3, 0xC6, 0xC6, 0x60, 0x31, 0x69, 0x5D,
    0x0E, 0xD6, 0xF7, 0x80, 0xE0, 0xFC, 0xFB, 0x49, 0x0A, 0x7F, 0x9E, 0xCE, 0x67, 0xCC, 0x18, 0xBF,
    0x46, 0x4C, 0x75, 0xCE, 0xFB, 0x8D, 0x65, 0xAC, 0x78, 0x37, 0x8C, 0xEC, 0xDB, 0x83, 0xD0, 0x37,
    0xC9, 0xEB, 0x8A, 0xA3, 0xE2, 0x3F, 0xA3, 0x20, 0x90, 0x01, 0x9D, 0x96, 0x41, 0xAA, 0xF3, 0x3A,
    0x0C, 0x85, 0x0F, 0x68, 0x2A, 0xD0, 0x56, 0x04, 0x9E, 0x1A, 0xBC, 0x75, 0x81, 0xA7, 0x86, 0x6C,
    0x45, 0x90, 0xA9, 0xC1, 0x4F, 0xA2, 0x29, 0x69, 0xE9, 0x4D, 0xFB, 0xE7, 0x7D, 0x6A, 0x74, 0xA4,
    0x98, 0xE3, 0xF8, 0xC6, 0xE1, 0x26, 0x78, 0x61, 0x04, 0x21, 0xD4, 0xA7, 0x2A, 0x58, 0x8B, 0x69,
    0x51, 0x58, 0x29, 0x1D, 0xD5, 0x69, 0x46, 0x9F, 0x83, 0x8C, 0xDE, 0x07, 0x8C, 0xAA, 0xF6, 0xCE,
    0x6A, 0xC4, 0x42, 0x79, 0xBE, 0x04, 0xBF, 0xFD, 0x89, 0x92, 0x41, 0x01, 0x0E, 0xE5, 0x50, 0xB2,
    0x0F, 0x7F, 0xF6, 0xA9, 0xDE, 0x98, 0x55, 0xB7, 0x16, 0x3A, 0xB4, 0xB0, 0x2C, 0x1D, 0x7C, 0x8E,
    0x9F, 0x7A, 0xE5, 0x5F, 0x1C, 0xFE, 0x21, 0x2D, 0x74, 0x14, 0x66, 0xF1, 0xED, 0xBB, 0x7F, 0xF9,
    0x11, 0x2F, 0xD8, 0x21, 0x40, 0x42, 0xFA, 0x77, 0xE0, 0x0B, 0x6B, 0xE5, 0x51, 0xDD, 0x66, 0xF5,
    0xC9, 0xD5, 0x3D, 0x53, 0x9D, 0xE6, 0xB5, 0x46, 0x63, 0x36, 0x67, 0xEA, 0x9C, 0xCC, 0xA9, 0x67,
    0x55, 0xEB, 0x9C, 0x66, 0xA9, 0x64, 0xCF, 0x58, 0x01, 0xD9, 0xEF, 0x58, 0xC1, 0x75, 0xDF, 0xB0,
    0xEC, 0x11, 0x0D, 0xAF, 0x30, 0x04, 0x62, 0xE2, 0x71, 0x80, 0xF1, 0x95, 0x63, 0xDB, 0xAE, 0x91,
    0x2A, 0x35, 0xD5, 0x33, 0x32, 0xF9, 0xAF, 0x39, 0xDE, 0x76, 0x8F, 0x43, 0xF9, 0x45, 0xC5, 0xC9,
    0x52, 0xB6, 0x7D, 0x77, 0x26, 0x16, 0xD9, 0x77, 0x1B, 0x84, 0x26, 0xFB, 0xDF, 0xBB, 0x2F, 0x16,
    0x3E, 0x4D, 0x3D, 0xE7, 0xB9, 0xE1, 0x4F, 0x75, 0xE9, 0x53, 0xB9, 0x1C, 0xDA, 0x69, 0x8D, 0x32,
    0xEF, 0x3D, 0x7D, 0x34, 0x75, 0x10, 0xA5, 0x16, 0x26, 0xF2, 0x6D, 0xBF, 0xE7, 0xCF, 0xEB, 0x8E,
    0x12, 0xFE, 0xF2, 0x5C, 0x07, 0xEE, 0xF8, 0x5D, 0xCC, 0xC3, 0x27, 0xE1, 0x63, 0xE5, 0x2E, 0x6B,
    0xA8, 0xDF, 0x5B, 0x3F, 0x5C, 0x07, 0xC9, 0x62, 0xE2, 0xC2, 0x24, 0xBE, 0xF9, 0x57, 0x3F, 0x7E,
    0x40, 0x13, 0x0E, 0x88, 0xAC, 0xC8, 0x95, 0xD3, 0xE6, 0x4C, 0x88, 0xAC, 0x92, 0xD9, 0x6A, 0xE4,
    0x06, 0x45, 0xE2, 0xE7, 0x15, 0x88, 0x9C, 0x3C, 0x6C, 0x2C, 0x8C, 0x5A, 0xB9, 0x32, 0xD4, 0xD9,
    0x19, 0xEE, 0xEA, 0x4A, 0xE6, 0x11, 0x84, 0x16, 0xF1, 0x44, 0x31, 0x22, 0xD4, 0x05, 0x0E, 0x1E,
    0x25, 0xE0, 0xF1, 0x98, 0x4E, 0xAC, 0xA1, 0xC2, 0x61, 0xA0, 0x6E, 0xB2, 0x59, 0x8B, 0x36, 0x7A,
    0x87, 0x19, 0x9E, 0xC8, 0x6A, 0xB3, 0xE8, 0x30, 0x5C, 0x20, 0x20, 0x83, 0x41, 0x71, 0x81, 0x7B,
    0xAD, 0xCC, 0x44, 0xB8, 0x60, 0x79, 0x9B, 0x3C, 0xA8, 0xE0, 0x9F, 0x21, 0xB0, 0xA9, 0xC2, 0xC8,
    0x24, 0x57, 0x1F, 0x51, 0x8F, 0x55, 0x18, 0x9E, 0xF5, 0x73, 0xCC, 0x70, 0xA2, 0x9D, 0x99, 0x54,
    0x3B, 0x29, 0xB3, 0x76, 0xE0, 0x1D, 0xD6, 0xD7, 0x00, 0x1E, 0xF9, 0x44, 0x5C, 0x87, 0x0E, 0x0C,
    0x38, 0x2C, 0x02, 0x47, 0x46, 0x9B, 0xF8, 0xDF, 0x28, 0x8B, 0x8B, 0x2B, 0xE3, 0x2E, 0x0C, 0x85,
    0x1D, 0xF7, 0xE1, 0x15, 0x23, 0x87, 0x01, 0xCC, 0xAD, 0xF1, 0xC5, 0xAC, 0x79, 0x45, 0xBC, 0x51,
    0x91, 0x3F, 0x07, 0x59, 0xFE, 0x04, 0x90, 0xE3, 0xC4, 0xEB, 0xB9, 0x7A, 0x9E, 0x7B, 0x32, 0x61,
    0x47, 0x64, 0x75, 0xD6, 0x07, 0x0D, 0x74, 0x44, 0x54, 0x67, 0x7D, 0xDA, 0x27, 0x05, 0xCC, 0xEE,
    0x96, 0x18, 0x82, 0xCC, 0x4F, 0x1A, 0x63, 0x60, 0x10, 0xD7, 0x63, 0x4F, 0x10, 0x64, 0x7E, 0x52,
    0x5C, 0x39, 0x42, 0x8B, 0x15, 0x64, 0x24, 0x99, 0xDF, 0x69, 0x13, 0x7C, 0x84, 0x3E, 0xE3, 0x7C,
    0xF4, 0xCA, 0xCC, 0x28, 0x5E, 0x70, 0xC6, 0x09, 0x4D, 0x19, 0x19, 0x74, 0xB1, 0xC5, 0xCD, 0x8A,
    0x67, 0x34, 0xC3, 0x37, 0x4C, 0x3B, 0x0F, 0x72, 0x1E, 0xDA, 0x61, 0x97, 0xFF, 0xF2, 0xB3, 0x02,
    0x01, 0x76, 0x6E, 0xD4, 0xF1, 0x57, 0x07, 0x59, 0x89, 0x5F, 0xCD, 0x79, 0x75, 0x8D, 0xC7, 0x3F,
    0x87, 0xE8, 0x73, 0x66, 0x44, 0x59, 0xB5, 0xE2, 0x4F, 0x1A, 0xD9, 0xC4, 0x3F, 0xF1, 0xFA, 0xB8,
    0x76, 0x2E, 0x2A, 0xB6, 0xA6, 0x58, 0xD1, 0xCE, 0x17, 0x86, 0x8A, 0x7A, 0xA4, 0x43, 0x3E, 0x91,
    0xA0, 0x06, 0x1A, 0x58, 0x80, 0x1B, 0x3C, 0xEE, 0x5F, 0xBA, 0x8F, 0xFA, 0x8D, 0xF7, 0x91, 0xAC,
    0x3F, 0xBD, 0x57, 0xFD, 0xD9, 0x9D, 0xBE, 0xCF, 0x2B, 0x14, 0x25, 0x34, 0xA7, 0xD0, 0x8B, 0xB5,
    0x7D, 0xE8, 0x09, 0x5D, 0xE4, 0x5F, 0xBC, 0xBF, 0x98, 0x4E, 0x1D, 0x0C, 0x63, 0x46, 0x8F, 0x51,
    0x93, 0x6A, 0x7D, 0x70, 0xFB, 0xFE, 0x62, 0xF3, 0x48, 0xF1, 0xEB, 0x30, 0x23, 0x58, 0xEF, 0x04,
    0x25, 0x42, 0x49, 0x6D, 0x7B, 0xEA, 0xD1, 0xC3, 0xAC, 0xC2, 0xFA, 0xC5, 0x8B, 0xF1, 0x5D, 0x95,
    0xCF, 0xCF, 0xD8, 0x54, 0xE5, 0xEF, 0x2F, 0xD6, 0xEF, 0x9A, 0x89, 0x2C, 0x8B, 0xD0, 0xFE, 0xCD,
    0x4F, 0xA1, 0x74, 0xE8, 0x9A, 0xEF, 0x3D, 0x7D, 0xBE, 0x98, 0xDB, 0x5A, 0xB3, 0x92, 0xCF, 0xB6,
    0x6F, 0xB5, 0x52, 0x1C, 0x2B, 0x35, 0xFA, 0xB5, 0x1E, 0x87, 0x58, 0x9E, 0x9B, 0x35, 0x75, 0x5F,
    0x35, 0xFB, 0x3C, 0xFF, 0xD7, 0xFD, 0x1F, 0xD2, 0x9D, 0x59, 0xFB, 0x10, 0x33, 0x66, 0xEB, 0xDB,
    0x28, 0xB7, 0x3E, 0x2C, 0xB6, 0x4E, 0xCE, 0x05, 0x7D, 0xEB, 0x30, 0xEE, 0xE8, 0xA3, 0xEC, 0x37,
    0xFD, 0xBB, 0x33, 0xA7, 0xDF, 0x8C, 0x91, 0xEB, 0xE8, 0x7E, 0xF3, 0xC3, 0xCA, 0x75, 0x68, 0x5F,
    0xAC, 0xA6, 0xAC, 0xDD, 0xEF, 0xF8, 0x9B, 0xBF, 0xDF, 0xE7, 0xEC, 0xB3, 0x9D, 0xAD, 0x0F, 0x18,
    0xC8, 0x1B, 0x19, 0xC3, 0xC4, 0xD7, 0xF5, 0x87, 0xA9, 0x6A, 0xFA, 0x1E, 0xAA, 0x7A, 0xD3, 0x3F,
    0x43, 0xB3, 0xB2, 0xD4, 0xA3, 0x0F, 0xE9, 0xAB, 0x7A, 0x81, 0xB5, 0x7D, 0xB6, 0x50, 0xD2, 0x82,
    0xF5, 0xA7, 0x9F, 0x9C, 0x8C, 0x39, 0x7D, 0x0F, 0x65, 0xBE, 0xE5, 0x67, 0x6E, 0xB4, 0xB1, 0x19,
    0x8F, 0xD5, 0x47, 0x7D, 0xEC, 0xBF, 0xA5, 0xDF, 0x5B, 0x1F, 0x6C, 0xC8, 0xF1, 0xF1, 0x65, 0xFD,
    0xA7, 0xDF, 0x0E, 0x7F, 0xA3, 0x5F, 0xFE, 0xFF, 0x00, 0xD5, 0x93, 0x01, 0x87, 0xC4, 0x40, 0x0C,
    0x85, 0x1F, 0x03, 0x10, 0xF2, 0x57, 0x1E, 0x0B, 0x30, 0xE4, 0xAF, 0x3F, 0x16, 0xE0, 0xD8, 0xBF,
    0x12, 0x16, 0xA0, 0xF4, 0xDA, 0xC6, 0xB9, 0xB3, 0x9D, 0x29, 0xB7, 0x38, 0xEE, 0x7B, 0x32, 0x76,
    0xF3, 0x1A, 0xDA, 0x24, 0x83, 0x83, 0x26, 0x23, 0x6D, 0x97, 0xB1, 0x09, 0x27, 0x1A, 0x00, 0x47,
    0x3B, 0x14, 0x89, 0x17, 0x62, 0x5D, 0x97, 0xDE, 0x72, 0x89, 0xE7, 0xA3, 0xF7, 0xB6, 0xC5, 0xBA,
    0xC5, 0xFE, 0x7F, 0xCB, 0x97, 0xA7, 0x1E, 0xCF, 0xB5, 0xC7, 0x43, 0x3D, 0xE2, 0xB1, 0x44, 0xA8,
    0xEF, 0xF9, 0x5F, 0xD4, 0x2F, 0x55, 0x9F, 0x3D, 0x62, 0xDD, 0x42, 0x47, 0x1E, 0xDF, 0x64, 0xA3,
    0x91, 0x8C, 0x05, 0x04, 0x71, 0x22, 0x92, 0x20, 0x42, 0x20, 0x18, 0xA3, 0xEF, 0x93, 0x1D, 0x3E,
    0x37, 0x5C, 0xA3, 0x7A, 0x10, 0x82, 0xAA, 0x03, 0x67, 0xBC, 0x2A, 0xEB, 0xD4, 0xD4, 0x4F, 0x10,
    0x72, 0x8C, 0xA8, 0xCE, 0xEE, 0xE7, 0x9C, 0x48, 0x5C, 0xBA, 0xD3, 0x67, 0x58, 0x6F, 0x5E, 0x82,
    0x5E, 0x3B, 0x64, 0x95, 0x2D, 0xA9, 0xC1, 0x30, 0xE2, 0xA6, 0xCE, 0x02, 0x63, 0x86, 0x9B, 0x64,
    0xE8, 0xF8, 0x80, 0xFD, 0xD0, 0x2A, 0x17, 0x53, 0x89, 0x84, 0x1A, 0x1C, 0x06, 0x72, 0xCD, 0xCA,
    0x41, 0x0E, 0x08, 0xA9, 0x94, 0x02, 0xC5, 0xBF, 0x9D, 0xF2, 0x5F, 0xCF, 0xF9, 0xFD, 0x29, 0xAB,
    0x74, 0xFA, 0x3D, 0xC0, 0x05, 0x7A, 0x72, 0x8B, 0x99, 0x4F, 0x46, 0x12, 0x57, 0xFE, 0xB8, 0x7F,
    0x05, 0x69, 0x6A, 0x30, 0x91, 0x18, 0x12, 0x02, 0x23, 0xC7, 0xF5, 0x04, 0x2F, 0xB7, 0xD4, 0x76,
    0xD1, 0xE4, 0x30, 0xD9, 0xC0, 0x77, 0xB4, 0x2F, 0x4D, 0x67, 0x10, 0x9D, 0xF7, 0x12, 0xDE, 0xB8,
    0x25, 0xE5, 0x77, 0xDE, 0x44, 0x10, 0x23, 0x3C, 0x09, 0x17, 0x18, 0x9A, 0xEF, 0xCE, 0x2E, 0x24,
    0xA6, 0xC8, 0xEE, 0x76, 0xA3, 0x09, 0xB8, 0xEC, 0x31, 0x66, 0x78, 0xDD, 0xCC, 0xFC, 0x04, 0xA5,
    0x53, 0xC1, 0xAA, 0x2C, 0x3B, 0x08, 0x2C, 0x70, 0x2B, 0xF8, 0x2B, 0x42, 0xB6, 0x81, 0xFC, 0xBA,
    0x70, 0xB7, 0x0D, 0xE7, 0x57, 0x84, 0xB3, 0x15, 0x7C, 0xA6, 0xED, 0xB9, 0xD3, 0x33, 0xE7, 0x6D,
    0xE6, 0xDC, 0x2A, 0xAA, 0xA2, 0xE9, 0x31, 0x76, 0x1B, 0x06, 0x17, 0xC4, 0x15, 0x8A, 0x11, 0x03,
    0xA3, 0x62, 0x42, 0x31, 0x70, 0xC7, 0x21, 0xA1, 0xC7, 0xD0, 0xA1, 0xD3, 0xA6, 0x2D, 0x1E, 0x4E,
    0xB8, 0x83, 0x9C, 0x59, 0x59, 0x31, 0xE6, 0xB0, 0xF3, 0x0C, 0x26, 0xC7, 0x0D, 0x92, 0x8C, 0x4D,
    0x89, 0xED, 0xE9, 0xDB, 0x5F, 0x10, 0xBB, 0xE7, 0x8A, 0x16, 0x41, 0x62, 0x12, 0x1A, 0xFE, 0xD7,
    0xAC, 0x44, 0x97, 0xCD, 0x45, 0x81, 0xC8, 0xAF, 0xC4, 0xA2, 0x14, 0x9B, 0x08, 0x7A, 0x31, 0xFF,
    0x69, 0x54, 0x96, 0x14, 0xE2, 0x10, 0x00, 0x6D, 0xBC, 0x6D, 0x96, 0x12, 0x94, 0x02, 0xA8, 0x58,
    0x8B, 0xBD, 0x34, 0x4B, 0x99, 0x7E, 0x8A, 0xEC, 0x19, 0x63, 0x6A, 0x4B, 0x4A, 0xE4, 0x5B, 0x69,
    0x70, 0x5C, 0x98, 0x56, 0x43, 0xC8, 0xE1, 0xD3, 0xF5, 0xD0, 0x3F, 0x27, 0x03, 0x37, 0x2C, 0xA8,
    0xE9, 0x97, 0xFA, 0xD2, 0xA1, 0x83, 0x9F, 0xCF, 0xD3, 0x57, 0xAC, 0x10, 0x90, 0x91, 0x9D, 0x5E,
    0x6A, 0xEF, 0x9C, 0x9D, 0x81, 0xEF, 0xCC, 0xF6, 0x09, 0x4C, 0xF5, 0xF2, 0x95, 0xA9, 0x0F, 0x17,
    0x9D, 0x7E, 0xBA, 0x95, 0xDB, 0x2A, 0xAF, 0xD2, 0x76, 0xB4, 0xBF, 0x20, 0xD9, 0x8E, 0xBF, 0xE0,
    0x2F, 0xC7, 0x13, 0x8C, 0x04, 0xCB, 0xA1, 0x53, 0xF9, 0xE2, 0x94, 0x03, 0x58, 0x71, 0xDE, 0x65,
    0x50, 0x90, 0x63, 0x0A, 0xC0, 0x5B, 0xE7, 0x04, 0xD3, 0x4E, 0xBD, 0xC7, 0xD2, 0x62, 0x72, 0x28,
    0xB2, 0x5C, 0x12, 0xE9, 0xFD, 0x9D, 0x82, 0xCD, 0x59, 0x72, 0x08, 0x19, 0x44, 0x80, 0xBC, 0x20,
    0x52, 0xF9, 0xFE, 0x39, 0xA2, 0xB4, 0x4A, 0xB2, 0xA7, 0xE0, 0x02, 0x44, 0x3A, 0x25, 0x2E, 0xAC,
    0x84, 0x15, 0x43, 0x5A, 0xCD, 0xF7, 0x69, 0x37, 0x43, 0xBF, 0x8B, 0xB1, 0x14, 0x9B, 0x17, 0xC4,
    0xF4, 0x04, 0x1B, 0xD9, 0xD0, 0xA9, 0x93, 0x95, 0xA1, 0x7D, 0xC6, 0x72, 0xE5, 0xCC, 0x56, 0xC5,
    0x78, 0xF0, 0x01, 0x2A, 0x8A, 0x0F, 0x2E, 0xA2, 0x38, 0xCF, 0x68, 0xCA, 0xB1, 0xF7, 0x1F, 0x20,
    0x63, 0x65, 0x7D, 0x9C, 0xD2, 0xC4, 0x0D, 0xE2, 0x95, 0x17, 0x33, 0x05, 0x99, 0x0A, 0x65, 0xF1,
    0xFF, 0x3D, 0xBF, 0x59, 0xB1, 0xF8, 0xFD, 0x7C, 0xB6, 0xCD, 0x15, 0xE5, 0xCD, 0x3F, 0x3C, 0xDF,
    0xCF, 0x57, 0x66, 0x90, 0x41, 0x07, 0x1F, 0x85, 0xF4, 0xC3, 0x0E, 0xC3, 0x0D, 0x19, 0x5B, 0x84,
    0x07, 0x7F, 0x20, 0xF3, 0xFA, 0xEB, 0x69, 0xC7, 0xD0, 0x52, 0xE5, 0x8F, 0x90, 0x81, 0x2E, 0xEB,
    0xDF, 0x3C, 0xC1, 0x9B, 0x26, 0x98, 0x38, 0xB6, 0xF3, 0xC1, 0xAC, 0xF2, 0xD2, 0x5B, 0x71, 0x20,
    0xBD, 0xB6, 0x79, 0x68, 0x98, 0x42, 0x5F, 0x9F, 0xDF, 0x27, 0x61, 0x43, 0x9B, 0xAF, 0xDF, 0xC7,
    0x27, 0x96, 0x33, 0xB6, 0x8A, 0xB7, 0xD9, 0x2C, 0x3F, 0x4E, 0x18, 0x9A, 0x0A, 0x46, 0xC6, 0x7D,
    0x76, 0xE9, 0xCA, 0x9B, 0xAB, 0xD6, 0x66, 0xFA, 0xDE, 0x7F, 0x9D, 0x9F, 0xA2, 0xC8, 0x7D, 0x37,
    0x2B, 0xDE, 0xDE, 0x4C, 0x4F, 0x2E, 0xF2, 0xB5, 0x08, 0x21, 0x70, 0xBC, 0x81, 0x14, 0x36, 0x94,
    0xF1, 0x8D, 0x9F, 0x48, 0xA8, 0xA9, 0x66, 0xA8, 0x5E, 0x6E, 0x89, 0x1F, 0xF7, 0x87, 0xCD, 0x0C,
    0x85, 0x00, 0xFE, 0x7C, 0xFF, 0x95, 0x19, 0x93, 0x3C, 0xD6, 0xF7, 0xD7, 0x9C, 0x54, 0xCA, 0xD2,
    0xCE, 0x33, 0x5B, 0x64, 0x7B, 0x2F, 0x66, 0xEE, 0x35, 0xE7, 0xCE, 0x57, 0x7E, 0x52, 0xEF, 0x71,
    0xD5, 0xEF, 0x75, 0xAE, 0x7E, 0xF6, 0x61, 0xFF, 0x2C, 0x45, 0xD5, 0x7F, 0x57, 0x5E, 0xFA, 0xBC,
    0x7F, 0xED, 0xFB, 0xA3, 0xFF, 0x6F, 0xEB, 0x4B, 0xF9, 0xCB, 0xF7, 0xDF, 0xFB, 0xBD, 0x2E, 0x2A,
    0x7D, 0x56, 0x7F, 0xF5, 0xEF, 0xB5, 0xF2, 0x4F, 0xDF, 0xBF, 0xEF, 0xAF, 0xB5, 0xF3, 0x5F, 0xF6,
    0x2F, 0xFD, 0xAA, 0xBF, 0xCD, 0xDB, 0xFD, 0x9F, 0xF9, 0xBF, 0xD5, 0x97, 0xAE, 0xFA, 0xFF, 0x00,
    0x9D, 0x56, 0xCB, 0x8A, 0x74, 0x2D, 0x0C, 0x2C, 0xC8, 0xB6, 0xC0, 0x57, 0x09, 0xB8, 0x15, 0x7C,
    0xF5, 0x40, 0x6F, 0x85, 0x79, 0x15, 0x61, 0xB6, 0x42, 0xFE, 0xEE, 0xF8, 0xCD, 0x8C, 0xCE, 0xD8,
    0xB7, 0xBF, 0xD2, 0xC7, 0xF4, 0x31, 0x27, 0xA9, 0x78, 0x17, 0x05, 0x81, 0x1E, 0xA5, 0x58, 0xA8,
    0x84, 0x40, 0x99, 0xCA, 0x03, 0x36, 0x95, 0x15, 0xAC, 0x9F, 0x88, 0xAD, 0xEE, 0x28, 0xDF, 0xCA,
    0x21, 0x6E, 0xA9, 0xF4, 0x52, 0xAE, 0x4F, 0x42, 0xC1, 0xFB, 0xBF, 0xE7, 0x3C, 0x69, 0xCF, 0x6D,
    0x4F, 0xFE, 0xDC, 0xAE, 0xFF, 0x97, 0x49, 0x2F, 0xA9, 0x94, 0xEB, 0xD3, 0xC5, 0x0D, 0xBE, 0x98,
    0x3A, 0x90, 0x22, 0xBA, 0x58, 0xF0, 0xF6, 0xA0, 0x2D, 0xBE, 0x60, 0xD6, 0x4C, 0xEB, 0xFC, 0x72,
    0x7A, 0xCD, 0x08, 0x01, 0x93, 0xCE, 0x06, 0xFB, 0x11, 0x36, 0xE9, 0x30, 0x6C, 0xA8, 0x56, 0x90,
    0xA1, 0x06, 0x05, 0x71, 0x80, 0x0C, 0x14, 0x34, 0x21, 0xA1, 0x38, 0x41, 0x41, 0x08, 0xD1, 0x50,
    0x64, 0xE0, 0x0C, 0x42, 0xD5, 0x32, 0x0A, 0xEA, 0xCA, 0x2D, 0xB6, 0x29, 0x04, 0xD2, 0xA2, 0xCA,
    0x4C, 0xA8, 0xA3, 0xCC, 0xCF, 0xCA, 0x34, 0x68, 0x98, 0xD0, 0x0F, 0x53, 0x28, 0x62, 0xA5, 0xA9,
    0xC4, 0x66, 0xC8, 0x3E, 0x43, 0x96, 0xA9, 0x50, 0x36, 0xA5, 0x53, 0xF5, 0x57, 0x53, 0x02, 0x38,
    0x75, 0x11, 0x0B, 0x35, 0x5D, 0x75, 0xC6, 0xEB, 0x87, 0x99, 0x23, 0x86, 0xF4, 0x93, 0xBE, 0x4C,
    0xAE, 0xF4, 0x95, 0x69, 0x7A, 0x9A, 0xD2, 0x11, 0xC9, 0x22, 0x46, 0xA7, 0x91, 0x50, 0x95, 0xA8,
    0x78, 0x0B, 0xD2, 0x93, 0xA1, 0xAB, 0x8A, 0x1A, 0x09, 0x48, 0xC7, 0x73, 0x50, 0xD5, 0xDC, 0xD5,
    0xA8, 0x98, 0xD8, 0x66, 0xD9, 0x2C, 0x77, 0xF9, 0xED, 0x2F, 0x74, 0x17, 0x2E, 0xFE, 0x36, 0x65,
    0x9F, 0xA1, 0xE7, 0x79, 0x0A, 0x88, 0x90, 0xB5, 0x93, 0x22, 0x38, 0xC2, 0x4C, 0x35, 0x0D, 0x55,
    0x33, 0x1C, 0x21, 0x24, 0xEB, 0x20, 0x85, 0xA7, 0xFC, 0x77, 0x49, 0x03, 0x7F, 0xA0, 0xA6, 0x5A,
    0x87, 0xAA, 0x6E, 0xF1, 0xD3, 0x38, 0xB7, 0xE1, 0x1C, 0x7F, 0x5A, 0x8F, 0xF1, 0x29, 0x42, 0xA9,
    0x83, 0x90, 0xBB, 0x8B, 0x48, 0x99, 0x1C, 0x84, 0xE2, 0x04, 0x4A, 0x66, 0xAE, 0x83, 0x2A, 0x7A,
    0xF6, 0xCF, 0x9A, 0x99, 0x5C, 0x78, 0xB6, 0x03, 0xD4, 0xDC, 0x46, 0x55, 0x72, 0xB5, 0x8B, 0x2D,
    0xE5, 0x6C, 0xF0, 0xB2, 0xE7, 0xB1, 0x00, 0x1D, 0x25, 0xE6, 0x73, 0x89, 0xBD, 0x4A, 0xD1, 0x67,
    0x9D, 0x2F, 0x28, 0x61, 0x8F, 0xAF, 0xBA, 0x98, 0x84, 0x8E, 0xC9, 0x3F, 0xB7, 0xF0, 0x78, 0xBE,
    0x4A, 0xDD, 0xA6, 0xBF, 0x4E, 0xB1, 0x6C, 0xC5, 0xF4, 0xDE, 0x1E, 0x16, 0x10, 0x10, 0xD5, 0xA2,
    0xF5, 0x5F, 0xB2, 0xC3, 0xA0, 0x32, 0xA8, 0x34, 0x62, 0x0A, 0x74, 0x15, 0x51, 0x6A, 0xB5, 0xB5,
    0xF7, 0xB9, 0x8B, 0x51, 0x65, 0x40, 0x61, 0xB8, 0x0B, 0xEF, 0x50, 0xC9, 0x18, 0x50, 0x4C, 0xF4,
    0x57, 0x1E, 0x62, 0xF6, 0x99, 0xBB, 0xC7, 0x53, 0x82, 0x7B, 0x87, 0x0C, 0x4A, 0xBB, 0x54, 0x21,
    0xCE, 0xA8, 0x66, 0x7A, 0xC9, 0x36, 0x99, 0x77, 0xCB, 0x78, 0xBC, 0xC7, 0xC7, 0xBE, 0x3C, 0x6E,
    0x76, 0x00, 0x0D, 0xA5, 0xC6, 0x7E, 0x8F, 0x3F, 0xE0, 0xD0, 0xAE, 0x4D, 0xA9, 0x4C, 0xFD, 0x98,
    0x81, 0x26, 0x66, 0xDE, 0xB7, 0xC7, 0xF8, 0x38, 0x1E, 0xA2, 0x3A, 0x21, 0xD8, 0x60, 0xE8, 0x68,
    0xB0, 0xA3, 0x84, 0x5D, 0x8C, 0x86, 0xB3, 0xEC, 0x30, 0xA8, 0x0F, 0x3C, 0x84, 0xEF, 0xE3, 0x6B,
    0x47, 0x69, 0xE8, 0xB0, 0xFB, 0x76, 0x9A, 0xEC, 0xDC, 0x06, 0xAD, 0x33, 0x2E, 0x04, 0xC4, 0xBE,
    0xC2, 0xA9, 0x55, 0x5B, 0xA7, 0xFE, 0x48, 0xCA, 0x1C, 0x54, 0x4C, 0x60, 0xF3, 0xD9, 0x62, 0x9D,
    0xEC, 0xC7, 0xF8, 0xA3, 0x65, 0xEA, 0x6F, 0x39, 0xE6, 0x77, 0x88, 0xFF, 0xD7, 0xB3, 0xC5, 0x1E,
    0x73, 0x1C, 0xDD, 0x01, 0xEC, 0xDE, 0x7F, 0x58, 0xF6, 0xEC, 0x80, 0xB4, 0x94, 0x04, 0xB6, 0xAD,
    0xA0, 0x40, 0x01, 0x74, 0xF4, 0xEF, 0xBB, 0x8D, 0x5F, 0x31, 0x6A, 0x94, 0x03, 0x62, 0xC0, 0x88,
    0x58, 0xB3, 0x66, 0x5A, 0xC5, 0xB8, 0xDC, 0x97, 0xA2, 0x44, 0x5F, 0xCA, 0x65, 0x37, 0x7B, 0xCA,
    0xDE, 0x83, 0xBD, 0x04, 0x7B, 0x9A, 0xEC, 0x16, 0x5C, 0x3D, 0xD8, 0x47, 0xB0, 0x8F, 0x59, 0x33,
    0xAD, 0x62, 0x44, 0x0A, 0xF6, 0x12, 0xEC, 0xFD, 0xFF, 0xB2, 0x03, 0xDA, 0x7F, 0xDA, 0xD1, 0x13,
    0x96, 0x5B, 0x45, 0x47, 0xB0, 0x23, 0xD8, 0x67, 0xCD, 0xB4, 0x02, 0xC1, 0x8E, 0x60, 0xC7, 0x43,
    0xF6, 0xA5, 0x63, 0x66, 0xC5, 0xDE, 0xB7, 0x37, 0xCC, 0x72, 0xEF, 0xDB, 0x25, 0x58, 0xD9, 0x6F,
    0xE4, 0x97, 0x5E, 0x2F, 0xE3, 0xF3, 0xF2, 0x21, 0x17, 0x7B, 0xE5, 0xF7, 0x3B, 0xCE, 0xDE, 0xC0,
    0x85, 0x7F, 0x6F, 0x60, 0x7C, 0xB9, 0xE6, 0xFF, 0x22, 0xDD, 0x35, 0xB1, 0x6B, 0x7A, 0xE9, 0xB2,
    0xDF, 0xB3, 0x7B, 0xFC, 0xE6, 0xAD, 0xF1, 0xD7, 0xF8, 0x06, 0xF5, 0x2C, 0xF7, 0xF1, 0x8D, 0x04,
    0xFA, 0x4F, 0x84, 0x80, 0x89, 0xA6, 0x22, 0xFA, 0x25, 0xF3, 0xED, 0xEF, 0x3D, 0x3B, 0xA3, 0x58,
    0x56, 0x34, 0xE8, 0x9D, 0x7B, 0x76, 0x93, 0xC2, 0x96, 0x41, 0x9C, 0x40, 0x64, 0xB0, 0x49, 0x41,
    0x93, 0x81, 0x13, 0x14, 0x2D, 0x6B, 0xB1, 0x8C, 0x6A, 0x38, 0x42, 0x90, 0x86, 0xC2, 0x87, 0x5E,
    0xB5, 0xE0, 0x00, 0xAB, 0x1D, 0xAC, 0x0E, 0x5E, 0xB5, 0x9D, 0x73, 0x50, 0x7A, 0x56, 0x23, 0xEE,
    0x40, 0x95, 0xCD, 0x85, 0xD0, 0x7B, 0x37, 0xAC, 0x34, 0xE6, 0xB3, 0xCB, 0x6E, 0x79, 0x72, 0xC6,
    0x57, 0x42, 0x70, 0x27, 0x3E, 0xA2, 0x5C, 0xFF, 0xED, 0x50, 0x70, 0xEC, 0x37, 0x28, 0x3B, 0xF8,
    0xDD, 0xE5, 0x8F, 0xB3, 0xD2, 0x0B, 0x32, 0xEE, 0xA0, 0xA1, 0xF8, 0xF9, 0xFC, 0x9C, 0xFD, 0x8F,
    0xEC, 0x26, 0xD9, 0x13, 0x64, 0xCF, 0x5F, 0xC9, 0x5A, 0x45, 0x37, 0xE9, 0x87, 0x3D, 0xB4, 0x7B,
    0x33, 0xF1, 0x86, 0x2D, 0x3B, 0xE9, 0xBB, 0x67, 0xAD, 0xA4, 0x28, 0xEC, 0x4E, 0xFC, 0x8E, 0xE9,
    0xD1, 0x77, 0x7B, 0x49, 0xFC, 0x46, 0x49, 0x2A, 0xD5, 0x57, 0x7B, 0x1A, 0x0F, 0xED, 0x9D, 0xAD,
    0x7C, 0xB0, 0x7D, 0x49, 0xF9, 0xD0, 0x4B, 0xF5, 0x25, 0x7A, 0xAB, 0x75, 0x67, 0x20, 0xD3, 0x38,
    0xDB, 0xB7, 0xF8, 0x3B, 0xAC, 0xF4, 0xDA, 0x54, 0x6A, 0x2B, 0x87, 0xD1, 0xA9, 0xAE, 0xC8, 0x3D,
    0x5B, 0x56, 0xA5, 0x8A, 0xE2, 0x70, 0x44, 0x89, 0x0A, 0x45, 0x32, 0x3E, 0xE5, 0x13, 0x33, 0xFE,
    0xAB, 0xEB, 0xF7, 0x8C, 0x0A, 0x83, 0x99, 0xBA, 0xFB, 0xB8, 0xE9, 0x78, 0x3F, 0x80, 0xCA, 0x91,
    0xB6, 0x33, 0xB8, 0xF5, 0xAA, 0xD4, 0x7D, 0x5E, 0xBA, 0x83, 0x07, 0xBD, 0x81, 0xAA, 0xEA, 0xAE,
    0xD3, 0xF7, 0xCC, 0x44, 0x77, 0xF2, 0x60, 0x3F, 0xE1, 0x42, 0x88, 0x08, 0x92, 0xBB, 0x89, 0x48,
    0xBC, 0xBF, 0x03, 0x11, 0x05, 0x45, 0xE3, 0x8C, 0xA0, 0x68, 0xBC, 0xBF, 0x05, 0x9A, 0x81, 0xB3,
    0xFF, 0x6E, 0x3A, 0xDE, 0xDF, 0x80, 0xF0, 0x02, 0xD2, 0xAC, 0xBA, 0xF7, 0x9B, 0xBE, 0xBD, 0x3F,
    0x06, 0x51, 0xF0, 0xE1, 0x05, 0xC4, 0x1D, 0x28, 0x8A, 0x7F, 0xA2, 0x40, 0xF1, 0x0A, 0x4C, 0x20,
    0x26, 0x46, 0x77, 0xBD, 0x69, 0x98, 0xE0, 0x37, 0xFE, 0x03, 0xC5, 0x59, 0xCF, 0xAA, 0xC4, 0xA0,
    0xAF, 0xFE, 0x20, 0x5B, 0x21, 0xAF, 0x12, 0xE8, 0x56, 0xF0, 0xD5, 0x03, 0xB3, 0x2D, 0x9C, 0x57,
    0x09, 0xCC, 0x56, 0xF0, 0x1A, 0xAC, 0x63, 0xA7, 0x69, 0xE7, 0xDE, 0xFB, 0xFB, 0x9B, 0x18, 0xB5,
    0x7E, 0x49, 0x4C, 0xA3, 0xD3, 0x53, 0x7B, 0x0C, 0xC8, 0x2E, 0x19, 0x30, 0x17, 0x6E, 0x4D, 0x5D,
    0x18, 0xA4, 0xA4, 0x5E, 0xB3, 0x23, 0x4B, 0xB2, 0x0D, 0x61, 0x5D, 0x72, 0x10, 0x69, 0x92, 0xCE,
    0x18, 0xEC, 0x7D, 0x72, 0x10, 0x5C, 0x91, 0x19, 0x46, 0x0A, 0xBF, 0xB6, 0x4F, 0xA1, 0x6A, 0x85,
    0x2D, 0x93, 0x19, 0xCC, 0x0B, 0xE9, 0x28, 0x95, 0x51, 0x8A, 0x5B, 0xB5, 0x56, 0x7B, 0x01, 0xF2,
    0xB9, 0x84, 0xC1, 0xCB, 0xB8, 0x7B, 0x3E, 0xFA, 0xD4, 0x4B, 0x06, 0x7B, 0x41, 0x9A, 0x0A, 0x92,
    0x61, 0x5E, 0xA0, 0x99, 0xBC, 0x1C, 0xE3, 0x09, 0xEE, 0x05, 0xDC, 0x60, 0x68, 0xED, 0xAD, 0xD4,
    0x1B, 0x30, 0x50, 0xBC, 0x6A, 0x1D, 0xA3, 0x97, 0x66, 0x30, 0xF5, 0x2A, 0x7B, 0x65, 0x6E, 0xAC,
    0xBD, 0x62, 0xF4, 0x2A, 0x7B, 0xA2, 0x0C, 0x0C, 0x56, 0xAF, 0x0C, 0xD5, 0x03, 0x32, 0xCF, 0xA7,
    0x3B, 0x9D, 0xA2, 0xC0, 0xD6, 0x45, 0x3C, 0xC6, 0x2E, 0x9A, 0x5D, 0xDC, 0x14, 0xE4, 0x66, 0x9E,
    0x41, 0x97, 0x23, 0xDB, 0x72, 0x64, 0xBB, 0x79, 0x84, 0x9D, 0x0C, 0xEE, 0x19, 0x29, 0x8F, 0xF5,
    0x12, 0x5F, 0x99, 0x2E, 0xC7, 0x5A, 0xD1, 0xB1, 0x56, 0xC9, 0x65, 0x68, 0x64, 0x71, 0x8B, 0x21,
    0xA4, 0x2E, 0xA0, 0xD6, 0x4A, 0x6B, 0xEE, 0x7D, 0x16, 0x77, 0x3C, 0xFB, 0x19, 0xE8, 0x68, 0xD7,
    0x01, 0xEC, 0xD0, 0x1C, 0x8B, 0xC2, 0xE8, 0xC5, 0x35, 0x47, 0xF2, 0x0C, 0xD9, 0x0E, 0x4D, 0x72,
    0x9F, 0xC5, 0x0A, 0x2A, 0xAC, 0x73, 0xAB, 0x5E, 0x57, 0x14, 0x14, 0xF7, 0xD0, 0x74, 0xAE, 0x15,
    0x8F, 0xD2, 0x87, 0x3E, 0xFD, 0xB9, 0x68, 0x3A, 0xD7, 0x50, 0xE0, 0x4B, 0x67, 0x73, 0xE9, 0xFE,
    0x40, 0x0C, 0x76, 0x13, 0x24, 0x46, 0xF6, 0x02, 0x39, 0x4C, 0x48, 0xE1, 0xC5, 0xBD, 0xA0, 0x29,
    0x57, 0x9F, 0xD2, 0x53, 0x58, 0x9A, 0xD7, 0x28, 0xA8, 0x5C, 0xDD, 0xF1, 0xA0, 0x52, 0x23, 0xFB,
    0x78, 0xEB, 0xA4, 0x1E, 0x07, 0xFE, 0x7D, 0x55, 0x33, 0x3A, 0x05, 0x52, 0x52, 0xA0, 0xD2, 0x00,
    0x8F, 0xA3, 0x82, 0xB4, 0x00, 0xCA, 0x0A, 0x90, 0x01, 0xA8, 0x6E, 0xD0, 0xE5, 0x33, 0x70, 0x2C,
    0x23, 0x03, 0xC8, 0xE1, 0x52, 0xC6, 0xC6, 0x6F, 0x2E, 0xF3, 0x07, 0x70, 0x90, 0xCF, 0x00, 0x75,
    0x2E, 0x6D, 0xB4, 0x58, 0xA4, 0x64, 0xD0, 0x27, 0x3C, 0xC3, 0x8B, 0x61, 0xA4, 0x9B, 0xE1, 0xC5,
    0x07, 0xBE, 0xC6, 0xF2, 0x1A, 0xFB, 0x90, 0x20, 0x75, 0x26, 0xD0, 0x70, 0x2C, 0x3E, 0x30, 0x9E,
    0x11, 0xBE, 0x9B, 0x6A, 0xF1, 0xB6, 0x16, 0x63, 0x6F, 0x71, 0xA1, 0xF1, 0x1C, 0x59, 0xE3, 0x66,
    0xEE, 0x78, 0x8A, 0x0E, 0x19, 0x0F, 0xA7, 0x02, 0xC2, 0x5B, 0xC9, 0xDD, 0x76, 0x94, 0x87, 0xE4,
    0x34, 0x84, 0x5D, 0xB2, 0xE7, 0x6E, 0x08, 0xA6, 0x74, 0xB8, 0x90, 0x64, 0x71, 0x81, 0x14, 0xA1,
    0xCE, 0xB0, 0xCE, 0xD2, 0x19, 0x4E, 0x5B, 0xD9, 0xE6, 0x78, 0xC0, 0x59, 0x59, 0x8B, 0x15, 0xB3,
    0x6C, 0x30, 0x56, 0xF4, 0x2E, 0xFC, 0xDA, 0xC7, 0x17, 0xD6, 0x99, 0x35, 0xF7, 0x6E, 0x9E, 0x18,
    0xBE, 0x48, 0x4E, 0x5C, 0xE6, 0x4A, 0x91, 0x2B, 0xF1, 0x91, 0x78, 0xC0, 0xFE, 0x81, 0xA1, 0x32,
    0x7E, 0x74, 0xBD, 0xC2, 0x95, 0x12, 0x09, 0x94, 0x24, 0x49, 0xA9, 0x90, 0x80, 0xEE, 0xB0, 0x91,
    0x13, 0x18, 0xF6, 0xEF, 0xE5, 0x88, 0x1C, 0xF0, 0x9D, 0xCC, 0x5B, 0xD6, 0x2D, 0xE0, 0x49, 0x22,
    0x07, 0x3C, 0x77, 0x31, 0xEE, 0xBD, 0xBC, 0xF0, 0x72, 0xC8, 0x5B, 0xE1, 0x42, 0x6A, 0x70, 0x61,
    0x64, 0x97, 0x51, 0x77, 0x19, 0xA3, 0x4B, 0xE6, 0xF8, 0xD4, 0x9B, 0xC8, 0xF4, 0x33, 0xFD, 0x7A,
    0xDA, 0xC9, 0x7F, 0xFF, 0x4A, 0x96, 0x81, 0xEC, 0x62, 0x00, 0xFF, 0x33, 0x32, 0xFD, 0xB8, 0x4F,
    0xF7, 0xED, 0x73, 0xA0, 0xA0, 0xD1, 0x1F, 0xE9, 0xFF, 0xCE, 0x6F, 0x6D, 0xA8, 0xE8, 0xB4, 0xD3,
    0x46, 0x12, 0x79, 0x93, 0xAC, 0x0E, 0xD3, 0x96, 0xF6, 0x3B, 0xDE, 0xF7, 0xB7, 0xC0, 0x29, 0x63,
    0x87, 0x3A, 0x93, 0xF9, 0x38, 0xD9, 0xB8, 0x4A, 0xCA, 0xC0, 0x97, 0x7F, 0xAE, 0x5B, 0x27, 0xAE,
    0xF7, 0xFE, 0x4B, 0xDD, 0xFF, 0x9C, 0x4B, 0x7D, 0xF4, 0xFF, 0x4E, 0x7F, 0xA9, 0x41, 0xCF, 0xFE,
    0x23, 0x3E, 0x23, 0x88, 0xF8, 0x66, 0x79, 0x2F, 0xFB, 0x05, 0xCF, 0x5E, 0x22, 0x19, 0xF8, 0x53,
    0x22, 0x3A, 0xAC, 0xCC, 0xA6, 0xB2, 0x7D, 0x61, 0x9D, 0xAE, 0xBD, 0xEB, 0x16, 0x86, 0xAF, 0xD5,
    0x13, 0xE5, 0xCE, 0x28, 0x3A, 0x7B, 0x4E, 0xD1, 0x7F, 0xA9, 0xB3, 0x77, 0xE7, 0x9D, 0x93, 0xD8,
    0xEC, 0x3B, 0xB1, 0xA6, 0x62, 0xD9, 0x8A, 0x85, 0x47, 0x03, 0x20, 0xC6, 0x09, 0xCF, 0xE4, 0xBE,
    0x5E, 0x29, 0x3F, 0xA2, 0x10, 0x95, 0x17, 0x5E, 0xC8, 0x11, 0x23, 0x1C, 0x0B, 0x03, 0x67, 0xE8,
    0x4A, 0xAE, 0x17, 0xC5, 0xE9, 0xEF, 0xAA, 0x97, 0x04, 0xAE, 0xA9, 0x54, 0x0F, 0x53, 0x9B, 0x9E,
    0x55, 0x26, 0x1E, 0x27, 0x19, 0x89, 0x98, 0x37, 0x1C, 0x69, 0x8E, 0x87, 0x74, 0x4B, 0x67, 0x85,
    0xF2, 0xBE, 0x09, 0x81, 0x3A, 0x9E, 0x90, 0x7C, 0x30, 0xA6, 0x6A, 0xBE, 0x19, 0x86, 0xFE, 0xF0,
    0xEE, 0x66, 0xA5, 0x42, 0x87, 0x0F, 0xB9, 0xBB, 0x45, 0x7E, 0xA5, 0xD2, 0xA6, 0xCB, 0x0C, 0xE4,
    0xE9, 0xC6, 0x55, 0x8E, 0xFE, 0xF9, 0x16, 0xCF, 0x21, 0x9C, 0xFB, 0xB7, 0x99, 0xE3, 0xBF, 0x99,
    0xB3, 0xA2, 0x6C, 0xAE, 0x6C, 0xCD, 0xF4, 0x4F, 0x43, 0xE6, 0x42, 0x56, 0xBC, 0x0E, 0x99, 0x09,
    0xB8, 0xD7, 0xF7, 0x1B, 0xA6, 0xD4, 0x59, 0x47, 0x92, 0xC4, 0xE6, 0x2D, 0x9B, 0xA4, 0x3B, 0x9C,
    0x34, 0xE7, 0xB1, 0x99, 0x49, 0x81, 0x5F, 0x1A, 0xA5, 0x46, 0x84, 0xF4, 0x69, 0xFE, 0x89, 0x2E,
    0xCC, 0xAF, 0xC3, 0xAF, 0x6B, 0xE1, 0x63, 0x20, 0x28, 0x4C, 0x3C, 0xC2, 0x93, 0xB6, 0x3A, 0xEB,
    0x7B, 0x2A, 0xFB, 0xAC, 0x1F, 0xF0, 0x9A, 0xC6, 0x5F, 0xC7, 0xC7, 0x17, 0x92, 0x87, 0xFC, 0xCE,
    0x9C, 0x46, 0xDC, 0x40, 0x15, 0xCC, 0x48, 0x34, 0xB6, 0xAA, 0xF6, 0xF2, 0xE9, 0x24, 0x72, 0x88,
    0xAA, 0xAB, 0x45, 0x14, 0x4E, 0xCA, 0x95, 0x8C, 0xE4, 0x31, 0xB7, 0x4A, 0x92, 0x12, 0xD7, 0x27,
    0x9C, 0x12, 0x49, 0xC9, 0x9B, 0x94, 0x47, 0x0F, 0x59, 0x37, 0x71, 0xBE, 0x43, 0x19, 0x72, 0x3C,
    0x2A, 0x00, 0x8A, 0xF6, 0xA7, 0xED, 0xDC, 0x9A, 0xF5, 0x02, 0x3B, 0x3A, 0x9F, 0x17, 0xC5, 0xBC,
    0x7E, 0x9E, 0xB1, 0x13, 0x7F, 0x39, 0x13, 0x5A, 0xBF, 0xC6, 0xA3, 0xF3, 0xFB, 0x99, 0x53, 0xEA,
    0x97, 0xCC, 0x51, 0xCF, 0x6C, 0x51, 0xAF, 0x14, 0x15, 0x70, 0x50, 0x7D, 0x0C, 0x6C, 0x40, 0x73,
    0x5F, 0x1E, 0x8B, 0xD3, 0x82, 0x66, 0xF3, 0x31, 0xE7, 0x8A, 0x36, 0xD6, 0x67, 0x2A, 0xCF, 0xC4,
    0x91, 0x66, 0x0F, 0x2A, 0xDF, 0xE7, 0x75, 0x60, 0xAE, 0x73, 0xC5, 0x83, 0xFD, 0xF9, 0x59, 0x15,
    0xED, 0x53, 0xC0, 0x17, 0xBD, 0x28, 0x25, 0x11, 0x7D, 0x41, 0x34, 0x09, 0x25, 0xBC, 0xBE, 0xE1,
    0x35, 0x3E, 0xF5, 0xCE, 0xD4, 0x11, 0xA5, 0x8E, 0x3B, 0xCF, 0xFE, 0x19, 0xEE, 0x2C, 0xBA, 0xCD,
    0xB9, 0x77, 0xF2, 0xD9, 0xE5, 0xEE, 0x8F, 0x45, 0x06, 0xDB, 0x91, 0xAE, 0x0C, 0xCB, 0x28, 0x02,
    0x1A, 0x19, 0x7E, 0x19, 0x69, 0xFE, 0x5A, 0xB8, 0x60, 0x6E, 0x84, 0xC2, 0xA0, 0x36, 0x72, 0x6E,
    0xC8, 0x19, 0x9B, 0xA1, 0xB9, 0x87, 0xA2, 0x78, 0xC7, 0x75, 0x5F, 0x67, 0xC5, 0x76, 0x2C, 0x70,
    0xD3, 0xF2, 0xD2, 0x4A, 0xA8, 0x8C, 0xF2, 0x07, 0xAA, 0xC3, 0x4F, 0x83, 0x30, 0xEC, 0x58, 0xB3,
    0xB9, 0xBF, 0x96, 0x79, 0x85, 0x15, 0x35, 0xAA, 0x7A, 0x2C, 0x39, 0x15, 0x70, 0x2F, 0x73, 0xC9,
    0x33, 0x4C, 0x10, 0xCD, 0xEF, 0x57, 0x30, 0x3C, 0x91, 0xC3, 0x0E, 0x08, 0xB8, 0x74, 0xAE, 0x1D,
    0x53, 0x52, 0xAA, 0x04, 0xDE, 0xB3, 0x24, 0xA4, 0x85, 0x2B, 0xB4, 0x38, 0x96, 0xC7, 0x19, 0x87,
    0x53, 0x36, 0xC7, 0xE3, 0xDC, 0x6B, 0x96, 0xFB, 0xB9, 0x97, 0xE6, 0xD7, 0xCA, 0x56, 0x92, 0x31,
    0x77, 0x41, 0xD2, 0x54, 0xB7, 0x0E, 0x6B, 0xE7, 0x19, 0x5B, 0x5E, 0x73, 0x67, 0xD6, 0x0C, 0xD6,
    0x94, 0x3D, 0xE4, 0xEB, 0xFE, 0x38, 0x7C, 0x8B, 0x5F, 0x21, 0xDC, 0x60, 0x3A, 0xA2, 0x58, 0x3B,
    0xE7, 0xDE, 0x3E, 0x0B, 0xED, 0xAE, 0xFE, 0x68, 0x9F, 0x37, 0xF7, 0xF1, 0x68, 0x0F, 0xC9, 0xF9,
    0xB5, 0xFF, 0x9A, 0x7F, 0x7B, 0xE5, 0x7C, 0x81, 0x33, 0x76, 0x18, 0xFC, 0x0E, 0x95, 0x24, 0x75,
    0xFA, 0xC6, 0x3B, 0x69, 0x52, 0x52, 0x5F, 0x25, 0x86, 0xE7, 0x27, 0x1D, 0x2F, 0x1B, 0xDC, 0xA5,
    0xCC, 0x23, 0xF8, 0x45, 0x7C, 0xCC, 0x31, 0xD7, 0x41, 0x97, 0xD1, 0x34, 0x05, 0x68, 0xA9, 0x7C,
    0x8B, 0x39, 0x36, 0xBF, 0x94, 0x4C, 0x57, 0x6B, 0x9E, 0x79, 0xC6, 0xC9, 0x87, 0x0C, 0xCE, 0xA4,
    0x28, 0x5D, 0xE6, 0x3C, 0x1F, 0x6F, 0xE0, 0x43, 0xD2, 0x67, 0x8A, 0x15, 0xC3, 0xDB, 0x80, 0x71,
    0x44, 0x1A, 0x72, 0x3A, 0x42, 0xA5, 0x15, 0xC3, 0xF9, 0xA4, 0x4D, 0xFA, 0xFF, 0xBF, 0x67, 0xB8,
    0x89, 0xDF, 0xFB, 0x3F, 0x74, 0xFF, 0xCB, 0xF6, 0x7C, 0x2F, 0x2B, 0x06, 0x39, 0x65, 0x41, 0x61,
    0x34, 0x24, 0x13, 0x50, 0x18, 0xE7, 0x7C, 0x2C, 0x3F, 0xE7, 0x7B, 0x39, 0xF9, 0x5C, 0xB1, 0x6D,
    0x06, 0x98, 0xCB, 0xF1, 0x3D, 0x6E, 0x0A, 0x0C, 0xBC, 0x62, 0x7B, 0xF6, 0xB9, 0x88, 0xAB, 0x60,
    0x30, 0x57, 0x48, 0xA9, 0x84, 0x6F, 0x2A, 0x86, 0x34, 0xB8, 0xF7, 0xB4, 0xD4, 0x84, 0x45, 0xC7,
    0x83, 0x78, 0xDF, 0x52, 0xA9, 0x5B, 0x6F, 0x25, 0xB1, 0x21, 0xE0, 0xCE, 0xDB, 0xBE, 0x75, 0xF4,
    0x1E, 0xDF, 0x3A, 0x97, 0xBD, 0xD7, 0x01, 0x77, 0x2A, 0xF5, 0xF2, 0xCD, 0x21, 0xE0, 0x33, 0xBE,
    0x88, 0x07, 0x7B, 0x97, 0x67, 0xFB, 0x07, 0x7C, 0xDD, 0x05, 0x6E, 0x68, 0xA1, 0xA5, 0x9E, 0x9D,
    0x52, 0x2D, 0xE3, 0x9C, 0x4E, 0x9A, 0x5D, 0x8C, 0x94, 0x5D, 0xAC, 0xB5, 0x21, 0xA4, 0x1F, 0x71,
    0x7C, 0x9E, 0xC1, 0xDD, 0xEE, 0x1A, 0x06, 0x59, 0x4A, 0x42, 0xA5, 0x09, 0xA5, 0x44, 0x16, 0xE7,
    0x70, 0xDB, 0xAC, 0x94, 0xCD, 0x98, 0x2D, 0x67, 0x36, 0x67, 0x52, 0xAF, 0xC7, 0x75, 0x1F, 0x77,
    0xFC, 0x7F, 0x9D, 0x63, 0x93, 0xD7, 0xB6, 0xE6, 0x88, 0x38, 0xC9, 0x4B, 0x7E, 0xE0, 0xDD, 0xBA,
    0x7B, 0xF8, 0x89, 0xBF, 0x7F, 0xE1, 0x1D, 0xA5, 0xED, 0xFD, 0x8C, 0x3B, 0xFA, 0x34, 0x7F, 0x69,
    0x3D, 0xB6, 0xD7, 0xAC, 0x6F, 0x71, 0x12, 0x9A, 0xF5, 0x1D, 0x9E, 0xD9, 0xA3, 0xDF, 0xB6, 0xCC,
    0xCF, 0xF6, 0xF2, 0x7A, 0xB2, 0x9F, 0x7B, 0x6C, 0xB4, 0x91, 0xE6, 0x1E, 0x1B, 0x2D, 0xE6, 0x73,
    0xC3, 0x5C, 0xC0, 0xC0, 0x7F, 0x43, 0xE6, 0xFC, 0xDF, 0x41, 0x3A, 0xB3, 0xCD, 0xDE, 0x17, 0x2D,
    0x74, 0x6A, 0x3C, 0x64, 0xE1, 0x29, 0x13, 0xDB, 0xE4, 0x3A, 0x7B, 0x17, 0x5C, 0x0E, 0x2E, 0xB3,
    0x77, 0x6B, 0x5F, 0x97, 0x87, 0x9B, 0xF9, 0x55, 0xB4, 0x54, 0xAF, 0xE3, 0xFC, 0x0B, 0x9D, 0x1A,
    0xC1, 0xFF, 0x88, 0xA1, 0x7A, 0x1D, 0xFD, 0x2F, 0x74, 0x6A, 0x5C, 0xC8, 0x2E, 0xEF, 0x18, 0xF6,
    0x0D, 0xF3, 0xE5, 0x1D, 0x83, 0x11, 0xA9, 0x63, 0x7B, 0x4E, 0xB4, 0x23, 0xE3, 0x96, 0x32, 0x36,
    0x95, 0xBC, 0x69, 0x84, 0xA3, 0x7D, 0xA9, 0x3F, 0xED, 0x23, 0x1E, 0x88, 0x01, 0x13, 0xA5, 0x2A,
    0xAD, 0x55, 0x6F, 0xFD, 0x1A, 0xBF, 0x29, 0xD8, 0x17, 0xA5, 0x54, 0x5A, 0x4B, 0xDE, 0x3E, 0xD9,
    0x3F, 0x13, 0x2B, 0x20, 0xC2, 0xCD, 0xC4, 0xDB, 0x71, 0xFD, 0x83, 0xB4, 0x33, 0x32, 0xCF, 0xDE,
    0x99, 0xB8, 0x42, 0x03, 0x07, 0x4A, 0x9D, 0x48, 0x48, 0xA0, 0x6E, 0x71, 0x01, 0xC7, 0x88, 0x3A,
    0xEE, 0x7A, 0x40, 0xC4, 0xBF, 0x3D, 0x3C, 0x3E, 0x29, 0x54, 0x3A, 0x3F, 0xE4, 0x3F, 0x21, 0x63,
    0xA7, 0xEE, 0x25, 0x9E, 0x9D, 0xC7, 0xCC, 0x4E, 0x42, 0xCE, 0x67, 0x78, 0x8C, 0x0C, 0x94, 0x24,
    0x46, 0xC0, 0x26, 0xE9, 0xCA, 0x67, 0x3C, 0xA2, 0x6C, 0x88, 0xA4, 0x1E, 0xC1, 0xF4, 0x1D, 0x3E,
    0x5D, 0x5E, 0xBE, 0x01, 0x44, 0x22, 0xED, 0xE6, 0x52, 0x6A, 0x12, 0x49, 0xA4, 0x11, 0x17, 0x5A,
    0x4F, 0x62, 0xA1, 0x5B, 0x3C, 0x6D, 0x22, 0xBA, 0x49, 0x4E, 0xF7, 0x78, 0x62, 0xDA, 0xF0, 0xA2,
    0x2D, 0x05, 0xFB, 0x99, 0x5E, 0x3A, 0xEE, 0x02, 0xF7, 0x94, 0x20, 0x01, 0x7F, 0xFC, 0x7A, 0x15,
    0xE7, 0x7F, 0xCA, 0x7F, 0x58, 0xC5, 0x18, 0xFF, 0x7C, 0x23, 0xF3, 0xA7, 0x5B, 0xAF, 0xE5, 0x66,
    0x07, 0x16, 0x43, 0x2A, 0x09, 0x3B, 0xF6, 0x32, 0xDE, 0xCA, 0xA2, 0x3D, 0x79, 0xF6, 0x26, 0x5D,
    0xF1, 0x85, 0xF8, 0x5F, 0xB3, 0x8B, 0xFF, 0xD3, 0x37, 0xF8, 0xC9, 0x77, 0xFF, 0x19, 0x29, 0x75,
    0xD5, 0xB7, 0xB9, 0x43, 0x4A, 0xE4, 0xDE, 0x24, 0x9E, 0xB2, 0x46, 0xF6, 0x65, 0x68, 0x41, 0xF0,
    0x48, 0x29, 0x75, 0xD8, 0xF5, 0x54, 0x89, 0xC8, 0x2F, 0xE1, 0xAD, 0x5F, 0xFB, 0xB8, 0x0F, 0xE0,
    0x99, 0x5C, 0x25, 0xDA, 0x9C, 0x7C, 0xF9, 0xE5, 0xA2, 0xF8, 0x7D, 0xE4, 0x7A, 0x4E, 0x0D, 0xDF,
    0x47, 0x96, 0xFE, 0xA2, 0x47, 0x6C, 0x52, 0xF0, 0x1D, 0xB2, 0x47, 0x7B, 0x7E, 0x3C, 0xA5, 0xFA,
    0xC0, 0xA6, 0x29, 0x3F, 0x9C, 0x52, 0x7D, 0x5F, 0xE5, 0xB4, 0x9B, 0x1D, 0xE7, 0xF4, 0xB1, 0x15,
    0x97, 0x8B, 0x84, 0x5D, 0x76, 0x91, 0xF4, 0x37, 0xCE, 0xCA, 0x8C, 0xDC, 0xF9, 0x8C, 0x77, 0x96,
    0xF1, 0x97, 0xD1, 0xF7, 0x5F, 0xA9, 0xA9, 0x8B, 0x00, 0x17, 0xDC, 0xF7, 0x1E, 0x25, 0x4A, 0x01,
    0x8F, 0x6F, 0xDC, 0xEA, 0x3A, 0x3F, 0xDE, 0xB8, 0x23, 0xBE, 0x32, 0x27, 0xBC, 0x6F, 0x36, 0x77,
    0x48, 0xFC, 0xCA, 0x74, 0xC1, 0xE3, 0x09, 0x3F, 0x9F, 0xF0, 0x78, 0xBE, 0x4F, 0x12, 0xED, 0xD7,
    0xB7, 0x86, 0x9C, 0x77, 0xDA, 0xA9, 0xD2, 0xED, 0x67, 0x82, 0xAC, 0x9B, 0x6D, 0x39, 0x6B, 0x81,
    0x5B, 0xFF, 0xB6, 0x2F, 0xF5, 0x97, 0xFD, 0x35, 0x7F, 0xA4, 0xA4, 0xB1, 0x8D, 0xF4, 0xFE, 0x7B,
    0xFF, 0xE1, 0x8E, 0x18, 0x7C, 0xB6, 0xB3, 0xCE, 0x8B, 0xE6, 0xF5, 0xC4, 0xA7, 0xFE, 0x03, 0x95,
    0x06, 0x28, 0xD6, 0xB7, 0xD4, 0xD6, 0x3E, 0x7D, 0xE8, 0xC0, 0x9F, 0x28, 0xD8, 0x3B, 0xBB, 0xBD,
    0x73, 0xB4, 0x8F, 0xCF, 0xBF, 0xE4, 0xE7, 0xAE, 0x9B, 0xA7, 0x1F, 0xA9, 0x4B, 0xF4, 0xEF, 0xF2,
    0x7F, 0x8B, 0xCF, 0xF5, 0xFE, 0x61, 0xFB, 0x52, 0xE7, 0x89, 0xB9, 0x78, 0x1D, 0xE3, 0x43, 0xC0,
    0xDD, 0xE6, 0x21, 0x0E, 0x43, 0x02, 0x20, 0xF0, 0xA9, 0xEC, 0xAB, 0x4D, 0x07, 0xFE, 0x8B, 0xB8,
    0x29, 0x30, 0xB5, 0xBB, 0x70, 0x6B, 0x3A, 0xFB, 0x80, 0x38, 0xFE, 0x7F, 0xB6, 0x77, 0xE6, 0x56,
    0x91, 0x6E, 0xED, 0xE3, 0xDF, 0x9F, 0xB1, 0x3E, 0x48, 0xC5, 0xEE, 0xFC, 0xD6, 0x87, 0xF8, 0x2A,
    0x62, 0x7C, 0x31, 0xBF, 0xC5, 0x8E, 0x67, 0x43, 0xF0, 0x1F, 0xD6, 0x51, 0x3F, 0x6B, 0xF7, 0x70,
    0x8D, 0x83, 0xFE, 0x07, 0x75, 0x8E, 0x01, 0x06, 0x05, 0x31, 0x0C, 0x44, 0x43, 0x01, 0x86, 0x5E,
    0x65, 0xF8, 0x00, 0xA1, 0x57, 0xCF, 0x01, 0xCA, 0xBF, 0xCA, 0x1E, 0xA0, 0xD8, 0xA4, 0xAA, 0xCD,
    0xA2, 0xEF, 0x01, 0xF3, 0x84, 0xC8, 0xA4, 0xFC, 0xC1, 0xB0, 0x0D, 0xF0, 0x28, 0x9B, 0xF2, 0x00,
    0x10, 0x88, 0xF7, 0x44, 0xEA, 0x6B, 0x6F, 0xFD, 0xD2, 0x15, 0x1D, 0x06, 0xF3, 0xFB, 0x7E, 0x4C,
    0x7D, 0xED, 0xB7, 0x5E, 0x8D, 0xD3, 0xDF, 0xA0, 0x6D, 0xF5, 0xF3, 0x1F, 0xC3, 0xAA, 0x74, 0xC0,
    0xE2, 0x2A, 0xA2, 0xBC, 0x63, 0x00, 0x03, 0xFB, 0x3F, 0x36, 0x36, 0xC6, 0x67, 0x8C, 0xCF, 0xD8,
    0x9F, 0xB1, 0xB7, 0x01, 0xC2, 0x3F, 0x10, 0x12, 0x24, 0x03, 0x00,
};

static const EpdGlyph times_12_regularGlyphs[] = {
    { 17, 17, 304, 1, 17, 73, 0 }, // U+0000
    { 16, 16, 256, 0, 14, 64, 73 }, // U+0001
    { 16, 16, 256, 0, 14, 64, 137 }, // U+0002
    { 16, 16, 256, 0, 14, 64, 201 }, // U+0003
    { 16, 16, 256, 0, 14, 64, 265 }, // U+0004
    { 16, 16, 256, 0, 14, 64, 329 }, // U+0005
    { 16, 16, 256, 0, 14, 64, 393 }, // U+0006
    { 16, 16, 256, 0, 14, 64, 457 }, // U+0007
    { 16, 16, 256, 0, 14, 64, 521 }, // U+0008
    { 16, 16, 256, 0, 14, 64, 585 }, // U+0009
    { 16, 16, 256, 0, 14, 64, 649 }, // U+000A
    { 16, 16, 256, 0, 14, 64, 713 }, // U+000B
    { 16, 16, 256, 0, 14, 64, 777 }, // U+000C
    { 16, 16, 256, 0, 14, 64, 841 }, // U+000D
    { 16, 16, 256, 0, 14, 64, 905 }, // U+000E
    { 16, 16, 256, 0, 14, 64, 969 }, // U+000F
    { 16, 16, 256, 0, 14, 64, 1033 }, // U+0010
    { 16, 16, 256, 0, 14, 64, 1097 }, // U+0011
    { 16, 16, 256, 0, 14, 64, 1161 }, // U+0012
    { 16, 16, 256, 0, 14, 64, 1225 }, // U+0013
    { 16, 16, 256, 0, 14, 64, 1289 }, // U+0014
    { 16, 16, 256, 0, 14, 64, 1353 }, // U+0015
    { 16, 16, 256, 0, 14, 64, 1417 }, // U+0016
    { 16, 16, 256, 0, 14, 64, 1481 }, // U+0017
    { 16, 16, 256, 0, 14, 64, 1545 }, // U+0018
    { 16, 16, 256, 0, 14, 64, 1609 }, // U+0019
    { 16, 16, 256, 0, 14, 64, 1673 }, // U+001A
    { 16, 16, 256, 0, 14, 64, 1737 }, // U+001B
    { 16, 16, 256, 0, 14, 64, 1801 }, // U+001C
    { 16, 16, 256, 0, 14, 64, 1865 }, // U+001D
    { 16, 16, 256, 0, 14, 64, 1929 }, // U+001E
    { 16, 16, 256, 0, 14, 64, 1993 }, // U+001F
    { 1, 1, 96, 0, 1, 1, 2057 }, // U+0020
    { 3, 17, 128, 3, 17, 13, 2058 }, // !
    { 6, 5, 160, 1, 17, 8, 2071 }, // "
    { 11, 17, 208, 1, 17, 47, 2079 }, // #
    { 11, 21, 192, 0, 19, 58, 2126 }, // $
    { 17, 16, 304, 1, 16, 68, 2184 }, // %
    { 17, 17, 304, 1, 17, 73, 2252 }, // &
    { 2, 5, 96, 2, 17, 3, 2325 }, // '
    { 6, 22, 128, 1, 17, 33, 2328 }, // (
    { 6, 22, 128, 1, 17, 33, 2361 }, // )
    { 9, 9, 192, 2, 17, 21, 2394 }, // *
    { 12, 12, 192, 0, 12, 36, 2415 }, // +
    { 3, 5, 112, 2, 2, 4, 2451 }, // ,
    { 6, 2, 128, 0, 7, 3, 2455 }, // -
    { 2, 2, 96, 2, 2, 1, 2458 }, // .
    { 9, 21, 112, -2, 17, 48, 2459 }, // /
    { 10, 17, 192, 1, 17, 43, 2507 }, // 0
    { 8, 17, 192, 2, 17, 34, 2550 }, // 1
    { 10, 17, 192, 1, 17, 43, 2584 }, // 2
    { 9, 17, 192, 1, 17, 39, 2627 }, // 3
    { 10, 17, 192, 1, 17, 43, 2666 }, // 4
    { 10, 17, 192, 1, 17, 43, 2709 }, // 5
    { 10, 17, 192, 1, 17, 43, 2752 }, // 6
    { 10, 17, 192, 1, 17, 43, 2795 }, // 7
    { 10, 17, 192, 1, 17, 43, 2838 }, // 8
    { 10, 17, 192, 1, 17, 43, 2881 }, // 9
    { 2, 11, 96, 2, 11, 6, 2924 }, // :
    { 3, 14, 112, 2, 11, 11, 2930 }, // ;
    { 11, 11, 224, 1, 11, 31, 2941 }, // <
    { 9, 5, 208, 2, 8, 12, 2972 }, // =
    { 11, 11, 208, 1, 11, 31, 2984 }, // >
    { 8, 17, 176, 2, 17, 34, 3015 }, // ?
    { 18, 20, 352, 2, 17, 90, 3049 }, // @
    { 17, 17, 272, 0, 17, 73, 3139 }, // A
    { 14, 17, 256, 1, 17, 60, 3212 }, // B
    { 14, 17, 256, 1, 17, 60, 3272 }, // C
    { 15, 17, 272, 1, 17, 64, 3332 }, // D
    { 13, 17, 240, 1, 17, 56, 3396 }, // E
    { 12, 17, 224, 1, 17, 51, 3452 }, // F
    { 16, 17, 288, 1, 17, 68, 3503 }, // G
    { 17, 17, 304, 1, 17, 73, 3571 }, // H
    { 6, 17, 128, 1, 17, 26, 3644 }, // I
    { 9, 17, 176, 1, 17, 39, 3670 }, // J
    { 16, 17, 272, 1, 17, 68, 3709 }, // K
    { 13, 17, 224, 1, 17, 56, 3777 }, // L
    { 21, 17, 352, 1, 17, 90, 3833 }, // M
    { 16, 17, 288, 1, 17, 68, 3923 }, // N
    { 16, 17, 288, 1, 17, 68, 3991 }, // O
    { 13, 17, 240, 1, 17, 56, 4059 }, // P
    { 16, 22, 288, 1, 17, 88, 4115 }, // Q
    { 15, 17, 256, 1, 17, 64, 4203 }, // R
    { 11, 17, 208, 1, 17, 47, 4267 }, // S
    { 14, 17, 256, 1, 17, 60, 4314 }, // T
    { 16, 17, 288, 1, 17, 68, 4374 }, // U
    { 17, 17, 272, 0, 17, 73, 4442 }, // V
    { 23, 17, 368, 0, 17, 98, 4515 }, // W
    { 18, 17, 288, 0, 17, 77, 4613 }, // X
    { 16, 17, 288, 1, 17, 68, 4690 }, // Y
    { 13, 17, 240, 1, 17, 56, 4758 }, // Z
    { 5, 21, 128, 2, 17, 27, 4814 }, // [
    { 7, 17, 112, 0, 17, 30, 4841 }, // <backslash>
    { 5, 21, 128, 1, 17, 27, 4871 }, // ]
    { 9, 9, 176, 1, 17, 21, 4898 }, // ^
    { 12, 2, 192, 0, -3, 6, 4919 }, // _
    { 5, 4, 128, 1, 17, 5, 4925 }, // `
    { 9, 12, 176, 1, 12, 27, 4930 }, // a
    { 11, 17, 192, 0, 17, 47, 4957 }, // b
    { 9, 12, 176, 1, 12, 27, 5004 }, // c
    { 10, 17, 192, 1, 17, 43, 5031 }, // d
    { 9, 12, 176, 1, 12, 27, 5074 }, // e
    { 7, 17, 112, 0, 17, 30, 5101 }, // f
    { 11, 18, 192, 1, 12, 50, 5131 }, // g
    { 12, 17, 208, 0, 17, 51, 5181 }, // h
    { 4, 17, 96, 1, 17, 17, 5232 }, // i
    { 6, 23, 96, -2, 17, 35, 5249 }, // j
    { 12, 17, 192, 0, 17, 51, 5284 }, // k
    { 5, 17, 96, 0, 17, 22, 5335 }, // l
    { 18, 12, 320, 1, 12, 54, 5357 }, // m
    { 11, 12, 208, 1, 12, 33, 5411 }, // n
    { 10, 12, 192, 1, 12, 30, 5444 }, // o
    { 10, 18, 192, 1, 12, 45, 5474 }, // p
    { 10, 18, 192, 1, 12, 45, 5519 }, // q
    { 6, 12, 128, 1, 12, 18, 5564 }, // r
    { 8, 12, 160, 1, 12, 24, 5582 }, // s
    { 7, 15, 112, 0, 15, 27, 5606 }, // t
    { 11, 12, 208, 1, 12, 33, 5633 }, // u
    { 11, 12, 176, 0, 12, 33, 5666 }, // v
    { 17, 12, 272, 0, 12, 51, 5699 }, // w
    { 11, 12, 208, 1, 12, 33, 5750 }, // x
    { 12, 18, 176, -1, 12, 54, 5783 }, // y
    { 8, 12, 160, 1, 12, 24, 5837 }, // z
    { 8, 22, 160, 1, 17, 44, 5861 }, // {
    { 2, 17, 80, 1, 17, 9, 5905 }, // |
    { 8, 22, 160, 1, 17, 44, 5914 }, // }
    { 11, 4, 208, 1, 8, 11, 5958 }, // ~
    { 16, 16, 256, 0, 14, 64, 5969 }, // U+007F
    { 16, 16, 256, 0, 14, 64, 0 }, // U+0080
    { 16, 16, 256, 0, 14, 64, 64 }, // U+0081
    { 16, 16, 256, 0, 14, 64, 128 }, // U+0082
    { 16, 16, 256, 0, 14, 64, 192 }, // U+0083
    { 16, 16, 256, 0, 14, 64, 256 }, // U+0084
    { 16, 16, 256, 0, 14, 64, 320 }, // U+0085
    { 16, 16, 256, 0, 14, 64, 384 }, // U+0086
    { 16, 16, 256, 0, 14, 64, 448 }, // U+0087
    { 16, 16, 256, 0, 14, 64, 512 }, // U+0088
    { 16, 16, 256, 0, 14, 64, 576 }, // U+0089
    { 16, 16, 256, 0, 14, 64, 640 }, // U+008A
    { 16, 16, 256, 0, 14, 64, 704 }, // U+008B
    { 16, 16, 256, 0, 14, 64, 768 }, // U+008C
    { 16, 16, 256, 0, 14, 64, 832 }, // U+008D
    { 16, 16, 256, 0, 14, 64, 896 }, // U+008E
    { 16, 16, 256, 0, 14, 64, 960 }, // U+008F
    { 16, 16, 256, 0, 14, 64, 1024 }, // U+0090
    { 16, 16, 256, 0, 14, 64, 1088 }, // U+0091
    { 16, 16, 256, 0, 14, 64, 1152 }, // U+0092
    { 16, 16, 256, 0, 14, 64, 1216 }, // U+0093
    { 16, 16, 256, 0, 14, 64, 1280 }, // U+0094
    { 16, 16, 256, 0, 14, 64, 1344 }, // U+0095
    { 16, 16, 256, 0, 14, 64, 1408 }, // U+0096
    { 16, 16, 256, 0, 14, 64, 1472 }, // U+0097
    { 16, 16, 256, 0, 14, 64, 1536 }, // U+0098
    { 16, 16, 256, 0, 14, 64, 1600 }, // U+0099
    { 16, 16, 256, 0, 14, 64, 1664 }, // U+009A
    { 16, 16, 256, 0, 14, 64, 1728 }, // U+009B
    { 16, 16, 256, 0, 14, 64, 1792 }, // U+009C
    { 16, 16, 256, 0, 14, 64, 1856 }, // U+009D
    { 16, 16, 256, 0, 14, 64, 1920 }, // U+009E
    { 16, 16, 256, 0, 14, 64, 1984 }, // U+009F
    { 1, 1, 96, 0, 1, 1, 2048 }, // U+00A0
    { 3, 17, 128, 3, 12, 13, 2049 }, // U+00A1
    { 9, 16, 192, 1, 14, 36, 2062 }, // U+00A2
    { 10, 17, 192, 1, 17, 43, 2098 }, // U+00A3
    { 11, 12, 208, 1, 15, 33, 2141 }, // U+00A4
    { 14, 17, 224, 0, 17, 60, 2174 }, // U+00A5
    { 2, 17, 96, 2, 17, 9, 2234 }, // U+00A6
    { 8, 20, 192, 2, 17, 40, 2243 }, // U+00A7
    { 6, 2, 128, 1, 16, 3, 2283 }, // U+00A8
    { 17, 17, 304, 1, 17, 73, 2286 }, // U+00A9
    { 7, 9, 128, 0, 17, 16, 2359 }, // U+00AA
    { 9, 10, 208, 1, 11, 23, 2375 }, // U+00AB
    { 11, 7, 240, 2, 8, 20, 2398 }, // U+00AC
    { 6, 2, 128, 0, 7, 3, 2418 }, // U+00AD
    { 17, 17, 304, 1, 17, 73, 2421 }, // U+00AE
    { 7, 2, 128, 1, 16, 4, 2494 }, // U+00AF
    { 7, 7, 144, 1, 17, 13, 2498 }, // U+00B0
    { 10, 11, 224, 2, 11, 28, 2511 }, // U+00B1
    { 6, 10, 112, 0, 17, 15, 2539 }, // U+00B2
    { 6, 10, 112, 0, 17, 15, 2554 }, // U+00B3
    { 5, 4, 128, 2, 17, 5, 2569 }, // U+00B4
    { 11, 17, 208, 1, 12, 47, 2574 }, // U+00B5
    { 9, 21, 176, 1, 17, 48, 2621 }, // U+00B6
    { 2, 3, 96, 2, 8, 2, 2669 }, // U+00B7
    { 6, 6, 128, 1, 0, 9, 2671 }, // U+00B8
    { 5, 10, 112, 1, 17, 13, 2680 }, // U+00B9
    { 7, 9, 128, 0, 17, 16, 2693 }, // U+00BA
    { 9, 10, 192, 2, 11, 23, 2709 }, // U+00BB
    { 16, 17, 288, 1, 17, 68, 2732 }, // U+00BC
    { 15, 17, 288, 1, 17, 64, 2800 }, // U+00BD
    { 17, 17, 288, 0, 17, 73, 2864 }, // U+00BE
    { 8, 17, 176, 1, 12, 34, 2937 }, // U+00BF
    { 17, 22, 272, 0, 22, 94, 2971 }, // U+00C0
    { 17, 22, 272, 0, 22, 94, 3065 }, // U+00C1
    { 17, 22, 272, 0, 22, 94, 3159 }, // U+00C2
    { 17, 21, 272, 0, 21, 90, 3253 }, // U+00C3
    { 17, 21, 272, 0, 21, 90, 3343 }, // U+00C4
    { 17, 23, 272, 0, 23, 98, 3433 }, // U+00C5
    { 21, 17, 352, 0, 17, 90, 3531 }, // U+00C6
    { 14, 23, 256, 1, 17, 81, 3621 }, // U+00C7
    { 13, 22, 240, 1, 22, 72, 3702 }, // U+00C8
    { 13, 22, 240, 1, 22, 72, 3774 }, // U+00C9
    { 13, 22, 240, 1, 22, 72, 3846 }, // U+00CA
    { 13, 21, 240, 1, 21, 69, 3918 }, // U+00CB
    { 7, 22, 128, 0, 22, 39, 3987 }, // U+00CC
    { 7, 22, 128, 1, 22, 39, 4026 }, // U+00CD
    { 6, 22, 128, 1, 22, 33, 4065 }, // U+00CE
    { 6, 21, 128, 1, 21, 32, 4098 }, // U+00CF
    { 16, 17, 272, 0, 17, 68, 4130 }, // U+00D0
    { 16, 21, 288, 1, 21, 84, 4198 }, // U+00D1
    { 16, 22, 288, 1, 22, 88, 4282 }, // U+00D2
    { 16, 22, 288, 1, 22, 88, 4370 }, // U+00D3
    { 16, 22, 288, 1, 22, 88, 4458 }, // U+00D4
    { 16, 21, 288, 1, 21, 84, 4546 }, // U+00D5
    { 16, 21, 288, 1, 21, 84, 4630 }, // U+00D6
    { 10, 9, 192, 1, 10, 23, 4714 }, // U+00D7
    { 16, 19, 288, 1, 18, 76, 4737 }, // U+00D8
    { 16, 22, 288, 1, 22, 88, 4813 }, // U+00D9
    { 16, 22, 288, 1, 22, 88, 4901 }, // U+00DA
    { 16, 22, 288, 1, 22, 88, 4989 }, // U+00DB
    { 16, 21, 288, 1, 21, 84, 5077 }, // U+00DC
    { 16, 22, 288, 1, 22, 88, 5161 }, // U+00DD
    { 13, 17, 240, 1, 17, 56, 5249 }, // U+00DE
    { 10, 17, 192, 1, 17, 43, 5305 }, // U+00DF
    { 9, 17, 176, 1, 17, 39, 5348 }, // U+00E0
    { 9, 17, 176, 1, 17, 39, 5387 }, // U+00E1
    { 9, 17, 176, 1, 17, 39, 5426 }, // U+00E2
    { 9, 16, 176, 1, 16, 36, 5465 }, // U+00E3
    { 9, 16, 176, 1, 16, 36, 5501 }, // U+00E4
    { 9, 18, 176, 1, 18, 41, 5537 }, // U+00E5
    { 14, 12, 256, 1, 12, 42, 5578 }, // U+00E6
    { 9, 18, 176, 1, 12, 41, 5620 }, // U+00E7
    { 9, 17, 176, 1, 17, 39, 5661 }, // U+00E8
    { 9, 17, 176, 1, 17, 39, 5700 }, // U+00E9
    { 9, 17, 176, 1, 17, 39, 5739 }, // U+00EA
    { 9, 16, 176, 1, 16, 36, 5778 }, // U+00EB
    { 6, 17, 96, -1, 17, 26, 5814 }, // U+00EC
    { 5, 17, 96, 1, 17, 22, 5840 }, // U+00ED
    { 6, 17, 96, 0, 17, 26, 5862 }, // U+00EE
    { 6, 16, 96, 0, 16, 24, 5888 }, // U+00EF
    { 10, 17, 192, 1, 17, 43, 5912 }, // U+00F0
    { 11, 16, 208, 1, 16, 44, 5955 }, // U+00F1
    { 10, 17, 192, 1, 17, 43, 5999 }, // U+00F2
    { 10, 17, 192, 1, 17, 43, 6042 }, // U+00F3
    { 10, 17, 192, 1, 17, 43, 6085 }, // U+00F4
    { 10, 16, 192, 1, 16, 40, 6128 }, // U+00F5
    { 10, 16, 192, 1, 16, 40, 6168 }, // U+00F6
    { 10, 10, 192, 1, 11, 25, 6208 }, // U+00F7
    { 10, 14, 192, 1, 13, 35, 6233 }, // U+00F8
    { 11, 17, 208, 1, 17, 47, 6268 }, // U+00F9
    { 11, 17, 208, 1, 17, 47, 6315 }, // U+00FA
    { 11, 17, 208, 1, 17, 47, 6362 }, // U+00FB
    { 11, 16, 208, 1, 16, 44, 6409 }, // U+00FC
    { 11, 22, 176, 0, 17, 61, 6453 }, // U+00FD
    { 10, 22, 192, 1, 17, 55, 6514 }, // U+00FE
    { 11, 21, 176, 0, 16, 58, 6569 }, // U+00FF
    { 17, 20, 272, 0, 20, 85, 0 }, // U+0100
    { 9, 15, 176, 1, 15, 34, 85 }, // U+0101
    { 17, 21, 272, 0, 21, 90, 119 }, // U+0102
    { 9, 16, 176, 1, 16, 36, 209 }, // U+0103
    { 17, 22, 272, 0, 17, 94, 245 }, // U+0104
    { 9, 17, 176, 1, 12, 39, 339 }, // U+0105
    { 14, 22, 256, 1, 22, 77, 378 }, // U+0106
    { 9, 17, 176, 1, 17, 39, 455 }, // U+0107
    { 14, 22, 256, 1, 22, 77, 494 }, // U+0108
    { 9, 17, 176, 1, 17, 39, 571 }, // U+0109
    { 14, 20, 256, 1, 20, 70, 610 }, // U+010A
    { 9, 15, 176, 1, 15, 34, 680 }, // U+010B
    { 14, 22, 256, 1, 22, 77, 714 }, // U+010C
    { 9, 17, 176, 1, 17, 39, 791 }, // U+010D
    { 15, 22, 272, 1, 22, 83, 830 }, // U+010E
    { 16, 17, 304, 1, 17, 68, 913 }, // U+010F
    { 16, 17, 272, 0, 17, 68, 981 }, // U+0110
    { 10, 17, 192, 1, 17, 43, 1049 }, // U+0111
    { 13, 20, 240, 1, 20, 65, 1092 }, // U+0112
    { 9, 15, 176, 1, 15, 34, 1157 }, // U+0113
    { 13, 21, 240, 1, 21, 69, 1191 }, // U+0114
    { 9, 16, 176, 1, 16, 36, 1260 }, // U+0115
    { 13, 20, 240, 1, 20, 65, 1296 }, // U+0116
    { 9, 15, 176, 1, 15, 34, 1361 }, // U+0117
    { 13, 22, 240, 1, 17, 72, 1395 }, // U+0118
    { 9, 17, 176, 1, 12, 39, 1467 }, // U+0119
    { 13, 22, 240, 1, 22, 72, 1506 }, // U+011A
    { 9, 17, 176, 1, 17, 39, 1578 }, // U+011B
    { 16, 22, 288, 1, 22, 88, 1617 }, // U+011C
    { 11, 23, 192, 1, 17, 64, 1705 }, // U+011D
    { 16, 21, 288, 1, 21, 84, 1769 }, // U+011E
    { 11, 22, 192, 1, 16, 61, 1853 }, // U+011F
    { 16, 20, 288, 1, 20, 80, 1914 }, // U+0120
    { 11, 21, 192, 1, 15, 58, 1994 }, // U+0121
    { 16, 23, 288, 1, 17, 92, 2052 }, // U+0122
    { 11, 24, 192, 1, 18, 66, 2144 }, // U+0123
    { 17, 22, 304, 1, 22, 94, 2210 }, // U+0124
    { 12, 22, 208, 0, 22, 66, 2304 }, // U+0125
    { 17, 17, 304, 1, 17, 73, 2370 }, // U+0126
    { 12, 17, 208, 0, 17, 51, 2443 }, // U+0127
    { 6, 21, 128, 1, 21, 32, 2494 }, // U+0128
    { 6, 16, 96, 0, 16, 24, 2526 }, // U+0129
    { 7, 20, 128, 1, 20, 35, 2550 }, // U+012A
    { 7, 15, 96, -1, 15, 27, 2585 }, // U+012B
    { 6, 21, 128, 1, 21, 32, 2612 }, // U+012C
    { 6, 16, 96, 0, 16, 24, 2644 }, // U+012D
    { 6, 22, 128, 1, 17, 33, 2668 }, // U+012E
    { 5, 22, 96, 1, 17, 28, 2701 }, // U+012F
    { 6, 20, 128, 1, 20, 30, 2729 }, // U+0130
    { 4, 12, 96, 1, 12, 12, 2759 }, // U+0131
    { 17, 17, 304, 1, 17, 73, 2771 }, // U+0132
    { 9, 23, 192, 1, 17, 52, 2844 }, // U+0133
    { 9, 22, 176, 1, 22, 50, 2896 }, // U+0134
    { 7, 23, 96, -2, 17, 41, 2946 }, // U+0135
    { 16, 23, 272, 1, 17, 92, 2987 }, // U+0136
    { 12, 23, 192, 0, 17, 69, 3079 }, // U+0137
    { 12, 12, 192, 0, 12, 36, 3148 }, // U+0138
    { 13, 22, 224, 1, 22, 72, 3184 }, // U+0139
    { 6, 22, 96, 0, 22, 33, 3256 }, // U+013A
    { 13, 23, 224, 1, 17, 75, 3289 }, // U+013B
    { 5, 23, 96, 0, 17, 29, 3364 }, // U+013C
    { 18, 17, 336, 1, 17, 77, 3393 }, // U+013D
    { 12, 17, 224, 0, 17, 51, 3470 }, // U+013E
    { 16, 17, 304, 1, 17, 68, 3521 }, // U+013F
    { 10, 17, 192, 0, 17, 43, 3589 }, // U+0140
    { 14, 17, 240, 0, 17, 60, 3632 }, // U+0141
    { 6, 17, 112, 0, 17, 26, 3692 }, // U+0142
    { 16, 22, 288, 1, 22, 88, 3718 }, // U+0143
    { 11, 17, 208, 1, 17, 47, 3806 }, // U+0144
    { 16, 23, 288, 1, 17, 92, 3853 }, // U+0145
    { 11, 18, 208, 1, 12, 50, 3945 }, // U+0146
    { 16, 22, 288, 1, 22, 88, 3995 }, // U+0147
    { 11, 17, 208, 1, 17, 47, 4083 }, // U+0148
    { 17, 17, 336, 3, 17, 73, 4130 }, // U+0149
    { 16, 23, 288, 1, 17, 92, 4203 }, // U+014A
    { 10, 18, 208, 1, 12, 45, 4295 }, // U+014B
    { 16, 20, 288, 1, 20, 80, 4340 }, // U+014C
    { 10, 15, 192, 1, 15, 38, 4420 }, // U+014D
    { 16, 21, 288, 1, 21, 84, 4458 }, // U+014E
    { 10, 16, 192, 1, 16, 40, 4542 }, // U+014F
    { 16, 22, 288, 1, 22, 88, 4582 }, // U+0150
    { 10, 17, 192, 1, 17, 43, 4670 }, // U+0151
    { 21, 17, 368, 1, 17, 90, 4713 }, // U+0152
    { 15, 12, 272, 1, 12, 45, 4803 }, // U+0153
    { 15, 22, 256, 1, 22, 83, 4848 }, // U+0154
    { 6, 17, 128, 1, 17, 26, 4931 }, // U+0155
    { 15, 23, 256, 1, 17, 87, 4957 }, // U+0156
    { 6, 18, 128, 1, 12, 27, 5044 }, // U+0157
    { 15, 22, 256, 1, 22, 83, 5071 }, // U+0158
    { 6, 17, 128, 1, 17, 26, 5154 }, // U+0159
    { 11, 22, 208, 1, 22, 61, 5180 }, // U+015A
    { 8, 17, 160, 1, 17, 34, 5241 }, // U+015B
    { 11, 22, 208, 1, 22, 61, 5275 }, // U+015C
    { 8, 17, 160, 1, 17, 34, 5336 }, // U+015D
    { 11, 23, 208, 1, 17, 64, 5370 }, // U+015E
    { 8, 18, 160, 1, 12, 36, 5434 }, // U+015F
    { 11, 22, 208, 1, 22, 61, 5470 }, // U+0160
    { 8, 17, 160, 1, 17, 34, 5531 }, // U+0161
    { 14, 23, 256, 1, 17, 81, 5565 }, // U+0162
    { 7, 21, 112, 0, 15, 37, 5646 }, // U+0163
    { 14, 22, 256, 1, 22, 77, 5683 }, // U+0164
    { 13, 17, 240, 0, 17, 56, 5760 }, // U+0165
    { 14, 17, 256, 1, 17, 60, 5816 }, // U+0166
    { 7, 15, 112, 0, 15, 27, 5876 }, // U+0167
    { 16, 21, 288, 1, 21, 84, 5903 }, // U+0168
    { 11, 16, 208, 1, 16, 44, 5987 }, // U+0169
    { 16, 20, 288, 1, 20, 80, 6031 }, // U+016A
    { 11, 15, 208, 1, 15, 42, 6111 }, // U+016B
    { 16, 21, 288, 1, 21, 84, 6153 }, // U+016C
    { 11, 16, 208, 1, 16, 44, 6237 }, // U+016D
    { 16, 23, 288, 1, 23, 92, 6281 }, // U+016E
    { 11, 18, 208, 1, 18, 50, 6373 }, // U+016F
    { 16, 22, 288, 1, 22, 88, 6423 }, // U+0170
    { 11, 17, 208, 1, 17, 47, 6511 }, // U+0171
    { 16, 22, 288, 1, 17, 88, 6558 }, // U+0172
    { 11, 17, 208, 1, 12, 47, 6646 }, // U+0173
    { 23, 22, 368, 0, 22, 127, 6693 }, // U+0174
    { 17, 17, 272, 0, 17, 73, 6820 }, // U+0175
    { 16, 22, 288, 1, 22, 88, 6893 }, // U+0176
    { 12, 23, 176, -1, 17, 69, 6981 }, // U+0177
    { 16, 21, 256, 0, 21, 84, 7050 }, // U+0178
    { 13, 22, 240, 1, 22, 72, 7134 }, // U+0179
    { 8, 17, 160, 1, 17, 34, 7206 }, // U+017A
    { 13, 20, 240, 1, 20, 65, 7240 }, // U+017B
    { 8, 15, 160, 1, 15, 30, 7305 }, // U+017C
    { 13, 22, 240, 1, 22, 72, 7335 }, // U+017D
    { 8, 17, 160, 1, 17, 34, 7407 }, // U+017E
    { 8, 16, 128, 0, 14, 32, 7441 }, // U+017F
    { 18, 17, 288, 1, 17, 77, 0 }, // U+01A0
    { 12, 12, 192, 1, 12, 36, 77 }, // U+01A1
    { 18, 17, 288, 1, 17, 77, 113 }, // U+01AF
    { 13, 12, 208, 1, 12, 39, 190 }, // U+01B0
    { 8, 16, 128, 0, 14, 32, 229 }, // U+01C4
    { 8, 16, 128, 0, 14, 32, 261 }, // U+01C5
    { 8, 16, 128, 0, 14, 32, 293 }, // U+01C6
    { 8, 16, 128, 0, 14, 32, 325 }, // U+01C7
    { 8, 16, 128, 0, 14, 32, 357 }, // U+01C8
    { 8, 16, 128, 0, 14, 32, 389 }, // U+01C9
    { 8, 16, 128, 0, 14, 32, 421 }, // U+01CA
    { 8, 16, 128, 0, 14, 32, 453 }, // U+01CB
    { 8, 16, 128, 0, 14, 32, 485 }, // U+01CC
    { 17, 22, 272, 0, 22, 94, 517 }, // U+01CD
    { 9, 17, 176, 1, 17, 39, 611 }, // U+01CE
    { 6, 22, 128, 1, 22, 33, 650 }, // U+01CF
    { 6, 17, 96, 0, 17, 26, 683 }, // U+01D0
    { 16, 22, 288, 1, 22, 88, 709 }, // U+01D1
    { 10, 17, 192, 1, 17, 43, 797 }, // U+01D2
    { 16, 22, 288, 1, 22, 88, 840 }, // U+01D3
    { 11, 17, 208, 1, 17, 47, 928 }, // U+01D4
    { 16, 24, 288, 1, 24, 96, 975 }, // U+01D5
    { 11, 19, 208, 1, 19, 53, 1071 }, // U+01D6
    { 16, 26, 288, 1, 26, 104, 1124 }, // U+01D7
    { 11, 21, 208, 1, 21, 58, 1228 }, // U+01D8
    { 16, 26, 288, 1, 26, 104, 1286 }, // U+01D9
    { 11, 21, 208, 1, 21, 58, 1390 }, // U+01DA
    { 16, 26, 288, 1, 26, 104, 1448 }, // U+01DB
    { 11, 21, 208, 1, 21, 58, 1552 }, // U+01DC
    { 9, 12, 176, 1, 12, 27, 1610 }, // U+01DD
    { 17, 24, 272, 0, 24, 102, 1637 }, // U+01DE
    { 9, 19, 176, 1, 19, 43, 1739 }, // U+01DF
    { 17, 23, 272, 0, 23, 98, 1782 }, // U+01E0
    { 9, 18, 176, 1, 18, 41, 1880 }, // U+01E1
    { 21, 20, 352, 0, 20, 105, 1921 }, // U+01E2
    { 14, 15, 256, 1, 15, 53, 2026 }, // U+01E3
    { 16, 17, 288, 1, 17, 68, 2079 }, // U+01E4
    { 11, 18, 192, 1, 12, 50, 2147 }, // U+01E5
    { 16, 22, 288, 1, 22, 88, 2197 }, // U+01E6
    { 11, 23, 192, 1, 17, 64, 2285 }, // U+01E7
    { 16, 22, 272, 1, 22, 88, 2349 }, // U+01E8
    { 12, 22, 192, 0, 22, 66, 2437 }, // U+01E9
    { 16, 22, 288, 1, 17, 88, 2503 }, // U+01EA
    { 10, 17, 192, 1, 12, 43, 2591 }, // U+01EB
    { 16, 25, 288, 1, 20, 100, 2634 }, // U+01EC
    { 10, 20, 192, 1, 15, 50, 2734 }, // U+01ED
    { 8, 16, 128, 0, 14, 32, 2784 }, // U+01EE
    { 8, 16, 128, 0, 14, 32, 2816 }, // U+01EF
    { 7, 23, 96, -2, 17, 41, 2848 }, // U+01F0
    { 8, 16, 128, 0, 14, 32, 2889 }, // U+01F1
    { 8, 16, 128, 0, 14, 32, 2921 }, // U+01F2
    { 8, 16, 128, 0, 14, 32, 2953 }, // U+01F3
    { 16, 22, 288, 1, 22, 88, 2985 }, // U+01F4
    { 11, 23, 192, 1, 17, 64, 3073 }, // U+01F5
    { 8, 16, 128, 0, 14, 32, 3137 }, // U+01F6
    { 8, 16, 128, 0, 14, 32, 3169 }, // U+01F7
    { 16, 22, 288, 1, 22, 88, 3201 }, // U+01F8
    { 11, 17, 208, 1, 17, 47, 3289 }, // U+01F9
    { 17, 28, 272, 0, 28, 119, 3336 }, // U+01FA
    { 9, 23, 176, 1, 23, 52, 3455 }, // U+01FB
    { 21, 22, 352, 0, 22, 116, 3507 }, // U+01FC
    { 14, 17, 256, 1, 17, 60, 3623 }, // U+01FD
    { 16, 24, 288, 1, 23, 96, 3683 }, // U+01FE
    { 10, 19, 192, 1, 18, 48, 3779 }, // U+01FF
    { 17, 22, 272, 0, 22, 94, 3827 }, // U+0200
    { 9, 17, 176, 1, 17, 39, 3921 }, // U+0201
    { 17, 21, 272, 0, 21, 90, 3960 }, // U+0202
    { 9, 16, 176, 1, 16, 36, 4050 }, // U+0203
    { 13, 22, 240, 1, 22, 72, 4086 }, // U+0204
    { 9, 17, 176, 1, 17, 39, 4158 }, // U+0205
    { 13, 21, 240, 1, 21, 69, 4197 }, // U+0206
    { 9, 16, 176, 1, 16, 36, 4266 }, // U+0207
    { 8, 22, 128, -1, 22, 44, 4302 }, // U+0208
    { 8, 17, 96, -2, 17, 34, 4346 }, // U+0209
    { 6, 21, 128, 1, 21, 32, 4380 }, // U+020A
    { 6, 16, 96, 0, 16, 24, 4412 }, // U+020B
    { 16, 22, 288, 1, 22, 88, 4436 }, // U+020C
    { 10, 17, 192, 1, 17, 43, 4524 }, // U+020D
    { 16, 21, 288, 1, 21, 84, 4567 }, // U+020E
    { 10, 16, 192, 1, 16, 40, 4651 }, // U+020F
    { 15, 22, 256, 1, 22, 83, 4691 }, // U+0210
    { 8, 17, 128, -1, 17, 34, 4774 }, // U+0211
    { 15, 21, 256, 1, 21, 79, 4808 }, // U+0212
    { 6, 16, 128, 1, 16, 24, 4887 }, // U+0213
    { 16, 22, 288, 1, 22, 88, 4911 }, // U+0214
    { 11, 17, 208, 1, 17, 47, 4999 }, // U+0215
    { 16, 21, 288, 1, 21, 84, 5046 }, // U+0216
    { 11, 16, 208, 1, 16, 44, 5130 }, // U+0217
    { 11, 23, 208, 1, 17, 64, 5174 }, // U+0218
    { 8, 18, 160, 1, 12, 36, 5238 }, // U+0219
    { 14, 23, 256, 1, 17, 81, 5274 }, // U+021A
    { 7, 21, 112, 0, 15, 37, 5355 }, // U+021B
    { 8, 16, 128, 0, 14, 32, 5392 }, // U+021C
    { 8, 16, 128, 0, 14, 32, 5424 }, // U+021D
    { 17, 22, 304, 1, 22, 94, 5456 }, // U+021E
    { 12, 22, 208, 0, 22, 66, 5550 }, // U+021F
    { 6, 4, 0, 0, 17, 6, 0 }, // U+0300
    { 7, 4, 0, 0, 17, 7, 6 }, // U+0301
    { 6, 4, 0, 0, 17, 6, 13 }, // U+0302
    { 6, 3, 0, 0, 16, 5, 19 }, // U+0303
    { 7, 2, 0, 0, 15, 4, 24 }, // U+0304
    { 8, 16, 128, 0, 14, 32, 28 }, // U+0305
    { 6, 3, 0, 0, 16, 5, 60 }, // U+0306
    { 3, 2, 0, 0, 15, 2, 65 }, // U+0307
    { 6, 2, 0, 0, 16, 3, 67 }, // U+0308
    { 8, 16, 128, 0, 14, 32, 70 }, // U+0309
    { 8, 16, 128, 0, 14, 32, 102 }, // U+030A
    { 8, 16, 128, 0, 14, 32, 134 }, // U+030B
    { 8, 16, 128, 0, 14, 32, 166 }, // U+030C
    { 8, 16, 128, 0, 14, 32, 198 }, // U+030D
    { 8, 16, 128, 0, 14, 32, 230 }, // U+030E
    { 8, 16, 128, 0, 14, 32, 262 }, // U+030F
    { 6, 6, 0, 0, 19, 9, 294 }, // U+0310
    { 8, 16, 128, 0, 14, 32, 303 }, // U+0311
    { 8, 16, 128, 0, 14, 32, 335 }, // U+0312
    { 8, 16, 128, 0, 14, 32, 367 }, // U+0313
    { 8, 16, 128, 0, 14, 32, 399 }, // U+0314
    { 8, 16, 128, 0, 14, 32, 431 }, // U+0315
    { 8, 16, 128, 0, 14, 32, 463 }, // U+0316
    { 8, 16, 128, 0, 14, 32, 495 }, // U+0317
    { 8, 16, 128, 0, 14, 32, 527 }, // U+0318
    { 8, 16, 128, 0, 14, 32, 559 }, // U+0319
    { 8, 16, 128, 0, 14, 32, 591 }, // U+031A
    { 8, 16, 128, 0, 14, 32, 623 }, // U+031B
    { 8, 16, 128, 0, 14, 32, 655 }, // U+031C
    { 8, 16, 128, 0, 14, 32, 687 }, // U+031D
    { 8, 16, 128, 0, 14, 32, 719 }, // U+031E
    { 8, 16, 128, 0, 14, 32, 751 }, // U+031F
    { 8, 16, 128, 0, 14, 32, 783 }, // U+0320
    { 8, 16, 128, 0, 14, 32, 815 }, // U+0321
    { 8, 16, 128, 0, 14, 32, 847 }, // U+0322
    { 2, 2, 0, 0, -1, 1, 879 }, // U+0323
    { 8, 16, 128, 0, 14, 32, 880 }, // U+0324
    { 5, 5, 0, 0, -1, 7, 912 }, // U+0325
    { 8, 16, 128, 0, 14, 32, 919 }, // U+0326
    { 8, 16, 128, 0, 14, 32, 951 }, // U+0327
    { 8, 16, 128, 0, 14, 32, 983 }, // U+0328
    { 8, 16, 128, 0, 14, 32, 1015 }, // U+0329
    { 8, 16, 128, 0, 14, 32, 1047 }, // U+032A
    { 8, 16, 128, 0, 14, 32, 1079 }, // U+032B
    { 8, 16, 128, 0, 14, 32, 1111 }, // U+032C
    { 8, 16, 128, 0, 14, 32, 1143 }, // U+032D
    { 8, 16, 128, 0, 14, 32, 1175 }, // U+032E
    { 8, 16, 128, 0, 14, 32, 1207 }, // U+032F
    { 8, 16, 128, 0, 14, 32, 1239 }, // U+0330
    { 7, 2, 0, 0, -1, 4, 1271 }, // U+0331
    { 8, 16, 128, 0, 14, 32, 1275 }, // U+0332
    { 8, 16, 128, 0, 14, 32, 1307 }, // U+0333
    { 8, 16, 128, 0, 14, 32, 1339 }, // U+0334
    { 8, 16, 128, 0, 14, 32, 1371 }, // U+0335
    { 8, 16, 128, 0, 14, 32, 1403 }, // U+0336
    { 8, 16, 128, 0, 14, 32, 1435 }, // U+0337
    { 8, 16, 128, 0, 14, 32, 1467 }, // U+0338
    { 8, 16, 128, 0, 14, 32, 1499 }, // U+0339
    { 8, 16, 128, 0, 14, 32, 1531 }, // U+033A
    { 8, 16, 128, 0, 14, 32, 1563 }, // U+033B
    { 8, 16, 128, 0, 14, 32, 1595 }, // U+033C
    { 8, 16, 128, 0, 14, 32, 1627 }, // U+033D
    { 8, 16, 128, 0, 14, 32, 1659 }, // U+033E
    { 8, 16, 128, 0, 14, 32, 1691 }, // U+033F
    { 8, 16, 128, 0, 14, 32, 1723 }, // U+0340
    { 8, 16, 128, 0, 14, 32, 1755 }, // U+0341
    { 8, 16, 128, 0, 14, 32, 1787 }, // U+0342
    { 8, 16, 128, 0, 14, 32, 1819 }, // U+0343
    { 8, 16, 128, 0, 14, 32, 1851 }, // U+0344
    { 8, 16, 128, 0, 14, 32, 1883 }, // U+0345
    { 8, 16, 128, 0, 14, 32, 1915 }, // U+0346
    { 8, 16, 128, 0, 14, 32, 1947 }, // U+0347
    { 8, 16, 128, 0, 14, 32, 1979 }, // U+0348
    { 8, 16, 128, 0, 14, 32, 2011 }, // U+0349
    { 8, 16, 128, 0, 14, 32, 2043 }, // U+034A
    { 8, 16, 128, 0, 14, 32, 2075 }, // U+034B
    { 8, 16, 128, 0, 14, 32, 2107 }, // U+034C
    { 8, 16, 128, 0, 14, 32, 2139 }, // U+034D
    { 8, 16, 128, 0, 14, 32, 2171 }, // U+034E
    { 16, 16, 256, 0, 14, 64, 2203 }, // U+034F
    { 8, 16, 128, 0, 14, 32, 2267 }, // U+0350
    { 8, 16, 128, 0, 14, 32, 2299 }, // U+0351
    { 8, 16, 128, 0, 14, 32, 2331 }, // U+0352
    { 8, 16, 128, 0, 14, 32, 2363 }, // U+0353
    { 8, 16, 128, 0, 14, 32, 2395 }, // U+0354
    { 8, 16, 128, 0, 14, 32, 2427 }, // U+0355
    { 8, 16, 128, 0, 14, 32, 2459 }, // U+0356
    { 8, 16, 128, 0, 14, 32, 2491 }, // U+0357
    { 8, 16, 128, 0, 14, 32, 2523 }, // U+0358
    { 8, 16, 128, 0, 14, 32, 2555 }, // U+0359
    { 8, 16, 128, 0, 14, 32, 2587 }, // U+035A
    { 8, 16, 128, 0, 14, 32, 2619 }, // U+035B
    { 16, 16, 256, 0, 14, 64, 2651 }, // U+035C
    { 16, 16, 256, 0, 14, 64, 2715 }, // U+035D
    { 16, 16, 256, 0, 14, 64, 2779 }, // U+035E
    { 16, 16, 256, 0, 14, 64, 2843 }, // U+035F
    { 16, 16, 256, 0, 14, 64, 2907 }, // U+0360
    { 16, 16, 256, 0, 14, 64, 2971 }, // U+0361
    { 16, 16, 256, 0, 14, 64, 3035 }, // U+0362
    { 8, 16, 128, 0, 14, 32, 3099 }, // U+0363
    { 8, 16, 128, 0, 14, 32, 3131 }, // U+0364
    { 8, 16, 128, 0, 14, 32, 3163 }, // U+0365
    { 8, 16, 128, 0, 14, 32, 3195 }, // U+0366
    { 8, 16, 128, 0, 14, 32, 3227 }, // U+0367
    { 8, 16, 128, 0, 14, 32, 3259 }, // U+0368
    { 8, 16, 128, 0, 14, 32, 3291 }, // U+0369
    { 8, 16, 128, 0, 14, 32, 3323 }, // U+036A
    { 8, 16, 128, 0, 14, 32, 3355 }, // U+036B
    { 8, 16, 128, 0, 14, 32, 3387 }, // U+036C
    { 8, 16, 128, 0, 14, 32, 3419 }, // U+036D
    { 8, 16, 128, 0, 14, 32, 3451 }, // U+036E
    { 8, 16, 128, 0, 14, 32, 3483 }, // U+036F
    { 8, 16, 128, 0, 14, 32, 0 }, // U+0400
    { 8, 16, 128, 0, 14, 32, 32 }, // U+0401
    { 8, 16, 128, 0, 14, 32, 64 }, // U+0402
    { 8, 16, 128, 0, 14, 32, 96 }, // U+0403
    { 8, 16, 128, 0, 14, 32, 128 }, // U+0404
    { 8, 16, 128, 0, 14, 32, 160 }, // U+0405
    { 8, 16, 128, 0, 14, 32, 192 }, // U+0406
    { 8, 16, 128, 0, 14, 32, 224 }, // U+0407
    { 8, 16, 128, 0, 14, 32, 256 }, // U+0408
    { 8, 16, 128, 0, 14, 32, 288 }, // U+0409
    { 8, 16, 128, 0, 14, 32, 320 }, // U+040A
    { 8, 16, 128, 0, 14, 32, 352 }, // U+040B
    { 8, 16, 128, 0, 14, 32, 384 }, // U+040C
    { 8, 16, 128, 0, 14, 32, 416 }, // U+040D
    { 8, 16, 128, 0, 14, 32, 448 }, // U+040E
    { 8, 16, 128, 0, 14, 32, 480 }, // U+040F
    { 8, 16, 128, 0, 14, 32, 512 }, // U+0410
    { 8, 16, 128, 0, 14, 32, 544 }, // U+0411
    { 8, 16, 128, 0, 14, 32, 576 }, // U+0412
    { 8, 16, 128, 0, 14, 32, 608 }, // U+0413
    { 8, 16, 128, 0, 14, 32, 640 }, // U+0414
    { 8, 16, 128, 0, 14, 32, 672 }, // U+0415
    { 8, 16, 128, 0, 14, 32, 704 }, // U+0416
    { 8, 16, 128, 0, 14, 32, 736 }, // U+0417
    { 8, 16, 128, 0, 14, 32, 768 }, // U+0418
    { 8, 16, 128, 0, 14, 32, 800 }, // U+0419
    { 8, 16, 128, 0, 14, 32, 832 }, // U+041A
    { 8, 16, 128, 0, 14, 32, 864 }, // U+041B
    { 8, 16, 128, 0, 14, 32, 896 }, // U+041C
    { 8, 16, 128, 0, 14, 32, 928 }, // U+041D
    { 8, 16, 128, 0, 14, 32, 960 }, // U+041E
    { 8, 16, 128, 0, 14, 32, 992 }, // U+041F
    { 8, 16, 128, 0, 14, 32, 1024 }, // U+0420
    { 8, 16, 128, 0, 14, 32, 1056 }, // U+0421
    { 8, 16, 128, 0, 14, 32, 1088 }, // U+0422
    { 8, 16, 128, 0, 14, 32, 1120 }, // U+0423
    { 8, 16, 128, 0, 14, 32, 1152 }, // U+0424
    { 8, 16, 128, 0, 14, 32, 1184 }, // U+0425
    { 8, 16, 128, 0, 14, 32, 1216 }, // U+0426
    { 8, 16, 128, 0, 14, 32, 1248 }, // U+0427
    { 8, 16, 128, 0, 14, 32, 1280 }, // U+0428
    { 8, 16, 128, 0, 14, 32, 1312 }, // U+0429
    { 8, 16, 128, 0, 14, 32, 1344 }, // U+042A
    { 8, 16, 128, 0, 14, 32, 1376 }, // U+042B
    { 8, 16, 128, 0, 14, 32, 1408 }, // U+042C
    { 8, 16, 128, 0, 14, 32, 1440 }, // U+042D
    { 8, 16, 128, 0, 14, 32, 1472 }, // U+042E
    { 8, 16, 128, 0, 14, 32, 1504 }, // U+042F
    { 8, 16, 128, 0, 14, 32, 1536 }, // U+0430
    { 8, 16, 128, 0, 14, 32, 1568 }, // U+0431
    { 8, 16, 128, 0, 14, 32, 1600 }, // U+0432
    { 8, 16, 128, 0, 14, 32, 1632 }, // U+0433
    { 8, 16, 128, 0, 14, 32, 1664 }, // U+0434
    { 8, 16, 128, 0, 14, 32, 1696 }, // U+0435
    { 8, 16, 128, 0, 14, 32, 1728 }, // U+0436
    { 8, 16, 128, 0, 14, 32, 1760 }, // U+0437
    { 8, 16, 128, 0, 14, 32, 1792 }, // U+0438
    { 8, 16, 128, 0, 14, 32, 1824 }, // U+0439
    { 8, 16, 128, 0, 14, 32, 1856 }, // U+043A
    { 8, 16, 128, 0, 14, 32, 1888 }, // U+043B
    { 8, 16, 128, 0, 14, 32, 1920 }, // U+043C
    { 8, 16, 128, 0, 14, 32, 1952 }, // U+043D
    { 8, 16, 128, 0, 14, 32, 1984 }, // U+043E
    { 8, 16, 128, 0, 14, 32, 2016 }, // U+043F
    { 8, 16, 128, 0, 14, 32, 2048 }, // U+0440
    { 8, 16, 128, 0, 14, 32, 2080 }, // U+0441
    { 8, 16, 128, 0, 14, 32, 2112 }, // U+0442
    { 8, 16, 128, 0, 14, 32, 2144 }, // U+0443
    { 8, 16, 128, 0, 14, 32, 2176 }, // U+0444
    { 8, 16, 128, 0, 14, 32, 2208 }, // U+0445
    { 8, 16, 128, 0, 14, 32, 2240 }, // U+0446
    { 8, 16, 128, 0, 14, 32, 2272 }, // U+0447
    { 8, 16, 128, 0, 14, 32, 2304 }, // U+0448
    { 8, 16, 128, 0, 14, 32, 2336 }, // U+0449
    { 8, 16, 128, 0, 14, 32, 2368 }, // U+044A
    { 8, 16, 128, 0, 14, 32, 2400 }, // U+044B
    { 8, 16, 128, 0, 14, 32, 2432 }, // U+044C
    { 8, 16, 128, 0, 14, 32, 2464 }, // U+044D
    { 8, 16, 128, 0, 14, 32, 2496 }, // U+044E
    { 8, 16, 128, 0, 14, 32, 2528 }, // U+044F
    { 8, 16, 128, 0, 14, 32, 2560 }, // U+0450
    { 8, 16, 128, 0, 14, 32, 2592 }, // U+0451
    { 8, 16, 128, 0, 14, 32, 2624 }, // U+0452
    { 8, 16, 128, 0, 14, 32, 2656 }, // U+0453
    { 8, 16, 128, 0, 14, 32, 2688 }, // U+0454
    { 8, 16, 128, 0, 14, 32, 2720 }, // U+0455
    { 8, 16, 128, 0, 14, 32, 2752 }, // U+0456
    { 8, 16, 128, 0, 14, 32, 2784 }, // U+0457
    { 8, 16, 128, 0, 14, 32, 2816 }, // U+0458
    { 8, 16, 128, 0, 14, 32, 2848 }, // U+0459
    { 8, 16, 128, 0, 14, 32, 2880 }, // U+045A
    { 8, 16, 128, 0, 14, 32, 2912 }, // U+045B
    { 8, 16, 128, 0, 14, 32, 2944 }, // U+045C
    { 8, 16, 128, 0, 14, 32, 2976 }, // U+045D
    { 8, 16, 128, 0, 14, 32, 3008 }, // U+045E
    { 8, 16, 128, 0, 14, 32, 3040 }, // U+045F
    { 8, 16, 128, 0, 14, 32, 3072 }, // U+0460
    { 8, 16, 128, 0, 14, 32, 3104 }, // U+0461
    { 8, 16, 128, 0, 14, 32, 3136 }, // U+0462
    { 8, 16, 128, 0, 14, 32, 3168 }, // U+0463
    { 8, 16, 128, 0, 14, 32, 3200 }, // U+0464
    { 8, 16, 128, 0, 14, 32, 3232 }, // U+0465
    { 8, 16, 128, 0, 14, 32, 3264 }, // U+0466
    { 8, 16, 128, 0, 14, 32, 3296 }, // U+0467
    { 8, 16, 128, 0, 14, 32, 3328 }, // U+0468
    { 8, 16, 128, 0, 14, 32, 3360 }, // U+0469
    { 8, 16, 128, 0, 14, 32, 3392 }, // U+046A
    { 8, 16, 128, 0, 14, 32, 3424 }, // U+046B
    { 8, 16, 128, 0, 14, 32, 3456 }, // U+046C
    { 8, 16, 128, 0, 14, 32, 3488 }, // U+046D
    { 8, 16, 128, 0, 14, 32, 3520 }, // U+046E
    { 8, 16, 128, 0, 14, 32, 3552 }, // U+046F
    { 8, 16, 128, 0, 14, 32, 3584 }, // U+0470
    { 8, 16, 128, 0, 14, 32, 3616 }, // U+0471
    { 8, 16, 128, 0, 14, 32, 3648 }, // U+0472
    { 8, 16, 128, 0, 14, 32, 3680 }, // U+0473
    { 8, 16, 128, 0, 14, 32, 3712 }, // U+0474
    { 8, 16, 128, 0, 14, 32, 3744 }, // U+0475
    { 8, 16, 128, 0, 14, 32, 3776 }, // U+0476
    { 8, 16, 128, 0, 14, 32, 3808 }, // U+0477
    { 8, 16, 128, 0, 14, 32, 3840 }, // U+0478
    { 8, 16, 128, 0, 14, 32, 3872 }, // U+0479
    { 8, 16, 128, 0, 14, 32, 3904 }, // U+047A
    { 8, 16, 128, 0, 14, 32, 3936 }, // U+047B
    { 8, 16, 128, 0, 14, 32, 3968 }, // U+047C
    { 8, 16, 128, 0, 14, 32, 4000 }, // U+047D
    { 8, 16, 128, 0, 14, 32, 4032 }, // U+047E
    { 8, 16, 128, 0, 14, 32, 4064 }, // U+047F
    { 8, 16, 128, 0, 14, 32, 4096 }, // U+0480
    { 8, 16, 128, 0, 14, 32, 4128 }, // U+0481
    { 8, 16, 128, 0, 14, 32, 4160 }, // U+0482
    { 8, 16, 128, 0, 14, 32, 4192 }, // U+0483
    { 8, 16, 128, 0, 14, 32, 4224 }, // U+0484
    { 8, 16, 128, 0, 14, 32, 4256 }, // U+0485
    { 8, 16, 128, 0, 14, 32, 4288 }, // U+0486
    { 8, 16, 128, 0, 14, 32, 4320 }, // U+0487
    { 16, 16, 256, 0, 14, 64, 4352 }, // U+0488
    { 16, 16, 256, 0, 14, 64, 4416 }, // U+0489
    { 8, 16, 128, 0, 14, 32, 4480 }, // U+048A
    { 8, 16, 128, 0, 14, 32, 4512 }, // U+048B
    { 8, 16, 128, 0, 14, 32, 4544 }, // U+048C
    { 8, 16, 128, 0, 14, 32, 4576 }, // U+048D
    { 8, 16, 128, 0, 14, 32, 4608 }, // U+048E
    { 8, 16, 128, 0, 14, 32, 4640 }, // U+048F
    { 8, 16, 128, 0, 14, 32, 4672 }, // U+0490
    { 8, 16, 128, 0, 14, 32, 4704 }, // U+0491
    { 8, 16, 128, 0, 14, 32, 4736 }, // U+0492
    { 8, 16, 128, 0, 14, 32, 4768 }, // U+0493
    { 8, 16, 128, 0, 14, 32, 4800 }, // U+0494
    { 8, 16, 128, 0, 14, 32, 4832 }, // U+0495
    { 8, 16, 128, 0, 14, 32, 4864 }, // U+0496
    { 8, 16, 128, 0, 14, 32, 4896 }, // U+0497
    { 8, 16, 128, 0, 14, 32, 4928 }, // U+0498
    { 8, 16, 128, 0, 14, 32, 4960 }, // U+0499
    { 8, 16, 128, 0, 14, 32, 4992 }, // U+049A
    { 8, 16, 128, 0, 14, 32, 5024 }, // U+049B
    { 8, 16, 128, 0, 14, 32, 5056 }, // U+049C
    { 8, 16, 128, 0, 14, 32, 5088 }, // U+049D
    { 8, 16, 128, 0, 14, 32, 5120 }, // U+049E
    { 8, 16, 128, 0, 14, 32, 5152 }, // U+049F
    { 8, 16, 128, 0, 14, 32, 5184 }, // U+04A0
    { 8, 16, 128, 0, 14, 32, 5216 }, // U+04A1
    { 8, 16, 128, 0, 14, 32, 5248 }, // U+04A2
    { 8, 16, 128, 0, 14, 32, 5280 }, // U+04A3
    { 8, 16, 128, 0, 14, 32, 5312 }, // U+04A4
    { 8, 16, 128, 0, 14, 32, 5344 }, // U+04A5
    { 8, 16, 128, 0, 14, 32, 5376 }, // U+04A6
    { 8, 16, 128, 0, 14, 32, 5408 }, // U+04A7
    { 8, 16, 128, 0, 14, 32, 5440 }, // U+04A8
    { 8, 16, 128, 0, 14, 32, 5472 }, // U+04A9
    { 8, 16, 128, 0, 14, 32, 5504 }, // U+04AA
    { 8, 16, 128, 0, 14, 32, 5536 }, // U+04AB
    { 8, 16, 128, 0, 14, 32, 5568 }, // U+04AC
    { 8, 16, 128, 0, 14, 32, 5600 }, // U+04AD
    { 8, 16, 128, 0, 14, 32, 5632 }, // U+04AE
    { 8, 16, 128, 0, 14, 32, 5664 }, // U+04AF
    { 8, 16, 128, 0, 14, 32, 5696 }, // U+04B0
    { 8, 16, 128, 0, 14, 32, 5728 }, // U+04B1
    { 8, 16, 128, 0, 14, 32, 5760 }, // U+04B2
    { 8, 16, 128, 0, 14, 32, 5792 }, // U+04B3
    { 8, 16, 128, 0, 14, 32, 5824 }, // U+04B4
    { 8, 16, 128, 0, 14, 32, 5856 }, // U+04B5
    { 8, 16, 128, 0, 14, 32, 5888 }, // U+04B6
    { 8, 16, 128, 0, 14, 32, 5920 }, // U+04B7
    { 8, 16, 128, 0, 14, 32, 5952 }, // U+04B8
    { 8, 16, 128, 0, 14, 32, 5984 }, // U+04B9
    { 8, 16, 128, 0, 14, 32, 6016 }, // U+04BA
    { 8, 16, 128, 0, 14, 32, 6048 }, // U+04BB
    { 8, 16, 128, 0, 14, 32, 6080 }, // U+04BC
    { 8, 16, 128, 0, 14, 32, 6112 }, // U+04BD
    { 8, 16, 128, 0, 14, 32, 6144 }, // U+04BE
    { 8, 16, 128, 0, 14, 32, 6176 }, // U+04BF
    { 8, 16, 128, 0, 14, 32, 6208 }, // U+04C0
    { 8, 16, 128, 0, 14, 32, 6240 }, // U+04C1
    { 8, 16, 128, 0, 14, 32, 6272 }, // U+04C2
    { 8, 16, 128, 0, 14, 32, 6304 }, // U+04C3
    { 8, 16, 128, 0, 14, 32, 6336 }, // U+04C4
    { 8, 16, 128, 0, 14, 32, 6368 }, // U+04C5
    { 8, 16, 128, 0, 14, 32, 6400 }, // U+04C6
    { 8, 16, 128, 0, 14, 32, 6432 }, // U+04C7
    { 8, 16, 128, 0, 14, 32, 6464 }, // U+04C8
    { 8, 16, 128, 0, 14, 32, 6496 }, // U+04C9
    { 8, 16, 128, 0, 14, 32, 6528 }, // U+04CA
    { 8, 16, 128, 0, 14, 32, 6560 }, // U+04CB
    { 8, 16, 128, 0, 14, 32, 6592 }, // U+04CC
    { 8, 16, 128, 0, 14, 32, 6624 }, // U+04CD
    { 8, 16, 128, 0, 14, 32, 6656 }, // U+04CE
    { 8, 16, 128, 0, 14, 32, 6688 }, // U+04CF
    { 8, 16, 128, 0, 14, 32, 6720 }, // U+04D0
    { 8, 16, 128, 0, 14, 32, 6752 }, // U+04D1
    { 8, 16, 128, 0, 14, 32, 6784 }, // U+04D2
    { 8, 16, 128, 0, 14, 32, 6816 }, // U+04D3
    { 8, 16, 128, 0, 14, 32, 6848 }, // U+04D4
    { 8, 16, 128, 0, 14, 32, 6880 }, // U+04D5
    { 8, 16, 128, 0, 14, 32, 6912 }, // U+04D6
    { 8, 16, 128, 0, 14, 32, 6944 }, // U+04D7
    { 8, 16, 128, 0, 14, 32, 6976 }, // U+04D8
    { 8, 16, 128, 0, 14, 32, 7008 }, // U+04D9
    { 8, 16, 128, 0, 14, 32, 7040 }, // U+04DA
    { 8, 16, 128, 0, 14, 32, 7072 }, // U+04DB
    { 8, 16, 128, 0, 14, 32, 7104 }, // U+04DC
    { 8, 16, 128, 0, 14, 32, 7136 }, // U+04DD
    { 8, 16, 128, 0, 14, 32, 7168 }, // U+04DE
    { 8, 16, 128, 0, 14, 32, 7200 }, // U+04DF
    { 8, 16, 128, 0, 14, 32, 7232 }, // U+04E0
    { 8, 16, 128, 0, 14, 32, 7264 }, // U+04E1
    { 8, 16, 128, 0, 14, 32, 7296 }, // U+04E2
    { 8, 16, 128, 0, 14, 32, 7328 }, // U+04E3
    { 8, 16, 128, 0, 14, 32, 7360 }, // U+04E4
    { 8, 16, 128, 0, 14, 32, 7392 }, // U+04E5
    { 8, 16, 128, 0, 14, 32, 7424 }, // U+04E6
    { 8, 16, 128, 0, 14, 32, 7456 }, // U+04E7
    { 8, 16, 128, 0, 14, 32, 7488 }, // U+04E8
    { 8, 16, 128, 0, 14, 32, 7520 }, // U+04E9
    { 8, 16, 128, 0, 14, 32, 7552 }, // U+04EA
    { 8, 16, 128, 0, 14, 32, 7584 }, // U+04EB
    { 8, 16, 128, 0, 14, 32, 7616 }, // U+04EC
    { 8, 16, 128, 0, 14, 32, 7648 }, // U+04ED
    { 8, 16, 128, 0, 14, 32, 7680 }, // U+04EE
    { 8, 16, 128, 0, 14, 32, 7712 }, // U+04EF
    { 8, 16, 128, 0, 14, 32, 7744 }, // U+04F0
    { 8, 16, 128, 0, 14, 32, 7776 }, // U+04F1
    { 8, 16, 128, 0, 14, 32, 7808 }, // U+04F2
    { 8, 16, 128, 0, 14, 32, 7840 }, // U+04F3
    { 8, 16, 128, 0, 14, 32, 7872 }, // U+04F4
    { 8, 16, 128, 0, 14, 32, 7904 }, // U+04F5
    { 8, 16, 128, 0, 14, 32, 7936 }, // U+04F6
    { 8, 16, 128, 0, 14, 32, 7968 }, // U+04F7
    { 8, 16, 128, 0, 14, 32, 8000 }, // U+04F8
    { 8, 16, 128, 0, 14, 32, 8032 }, // U+04F9
    { 8, 16, 128, 0, 14, 32, 8064 }, // U+04FA
    { 8, 16, 128, 0, 14, 32, 8096 }, // U+04FB
    { 8, 16, 128, 0, 14, 32, 8128 }, // U+04FC
    { 8, 16, 128, 0, 14, 32, 8160 }, // U+04FD
    { 8, 16, 128, 0, 14, 32, 8192 }, // U+04FE
    { 8, 16, 128, 0, 14, 32, 8224 }, // U+04FF
    { 15, 20, 272, 1, 17, 75, 0 }, // U+1E0C
    { 10, 20, 192, 1, 17, 50, 75 }, // U+1E0D
    { 17, 20, 304, 1, 17, 85, 125 }, // U+1E24
    { 12, 20, 208, 0, 17, 60, 210 }, // U+1E25
    { 13, 20, 224, 1, 17, 65, 270 }, // U+1E36
    { 5, 20, 96, 0, 17, 25, 335 }, // U+1E37
    { 13, 23, 224, 1, 20, 75, 360 }, // U+1E38
    { 7, 23, 96, -1, 20, 41, 435 }, // U+1E39
    { 13, 20, 224, 1, 17, 65, 476 }, // U+1E3A
    { 7, 20, 96, -1, 17, 35, 541 }, // U+1E3B
    { 21, 20, 352, 1, 20, 105, 576 }, // U+1E40
    { 18, 15, 320, 1, 15, 68, 681 }, // U+1E41
    { 21, 20, 352, 1, 17, 105, 749 }, // U+1E42
    { 18, 15, 320, 1, 12, 68, 854 }, // U+1E43
    { 16, 20, 288, 1, 20, 80, 922 }, // U+1E44
    { 11, 15, 208, 1, 15, 42, 1002 }, // U+1E45
    { 16, 20, 288, 1, 17, 80, 1044 }, // U+1E46
    { 11, 15, 208, 1, 12, 42, 1124 }, // U+1E47
    { 16, 20, 288, 1, 17, 80, 1166 }, // U+1E48
    { 11, 15, 208, 1, 12, 42, 1246 }, // U+1E49
    { 15, 20, 256, 1, 17, 75, 1288 }, // U+1E5A
    { 6, 15, 128, 1, 12, 23, 1363 }, // U+1E5B
    { 15, 23, 256, 1, 20, 87, 1386 }, // U+1E5C
    { 7, 18, 128, 0, 15, 32, 1473 }, // U+1E5D
    { 15, 20, 256, 1, 17, 75, 1505 }, // U+1E5E
    { 7, 15, 128, 0, 12, 27, 1580 }, // U+1E5F
    { 11, 20, 208, 1, 17, 55, 1607 }, // U+1E62
    { 8, 15, 160, 1, 12, 30, 1662 }, // U+1E63
    { 14, 20, 256, 1, 17, 70, 1692 }, // U+1E6C
    { 7, 18, 112, 0, 15, 32, 1762 }, // U+1E6D
    { 17, 20, 272, 0, 17, 85, 0 }, // U+1EA0
    { 9, 15, 176, 1, 12, 34, 85 }, // U+1EA1
    { 8, 16, 128, 0, 14, 32, 119 }, // U+1EA2
    { 8, 16, 128, 0, 14, 32, 151 }, // U+1EA3
    { 17, 27, 272, 0, 27, 115, 183 }, // U+1EA4
    { 9, 22, 176, 1, 22, 50, 298 }, // U+1EA5
    { 17, 27, 272, 0, 27, 115, 348 }, // U+1EA6
    { 9, 22, 176, 1, 22, 50, 463 }, // U+1EA7
    { 8, 16, 128, 0, 14, 32, 513 }, // U+1EA8
    { 8, 16, 128, 0, 14, 32, 545 }, // U+1EA9
    { 17, 26, 272, 0, 26, 111, 577 }, // U+1EAA
    { 9, 21, 176, 1, 21, 48, 688 }, // U+1EAB
    { 17, 25, 272, 0, 22, 107, 736 }, // U+1EAC
    { 9, 20, 176, 1, 17, 45, 843 }, // U+1EAD
    { 17, 26, 272, 0, 26, 111, 888 }, // U+1EAE
    { 9, 21, 176, 1, 21, 48, 999 }, // U+1EAF
    { 17, 26, 272, 0, 26, 111, 1047 }, // U+1EB0
    { 9, 21, 176, 1, 21, 48, 1158 }, // U+1EB1
    { 8, 16, 128, 0, 14, 32, 1206 }, // U+1EB2
    { 8, 16, 128, 0, 14, 32, 1238 }, // U+1EB3
    { 17, 25, 272, 0, 25, 107, 1270 }, // U+1EB4
    { 9, 20, 176, 1, 20, 45, 1377 }, // U+1EB5
    { 17, 24, 272, 0, 21, 102, 1422 }, // U+1EB6
    { 9, 19, 176, 1, 16, 43, 1524 }, // U+1EB7
    { 13, 20, 240, 1, 17, 65, 1567 }, // U+1EB8
    { 9, 15, 176, 1, 12, 34, 1632 }, // U+1EB9
    { 8, 16, 128, 0, 14, 32, 1666 }, // U+1EBA
    { 8, 16, 128, 0, 14, 32, 1698 }, // U+1EBB
    { 13, 21, 240, 1, 21, 69, 1730 }, // U+1EBC
    { 9, 16, 176, 1, 16, 36, 1799 }, // U+1EBD
    { 13, 27, 240, 1, 27, 88, 1835 }, // U+1EBE
    { 9, 22, 176, 1, 22, 50, 1923 }, // U+1EBF
    { 13, 27, 240, 1, 27, 88, 1973 }, // U+1EC0
    { 9, 22, 176, 1, 22, 50, 2061 }, // U+1EC1
    { 8, 16, 128, 0, 14, 32, 2111 }, // U+1EC2
    { 8, 16, 128, 0, 14, 32, 2143 }, // U+1EC3
    { 13, 26, 240, 1, 26, 85, 2175 }, // U+1EC4
    { 9, 21, 176, 1, 21, 48, 2260 }, // U+1EC5
    { 13, 25, 240, 1, 22, 82, 2308 }, // U+1EC6
    { 9, 20, 176, 1, 17, 45, 2390 }, // U+1EC7
    { 8, 16, 128, 0, 14, 32, 2435 }, // U+1EC8
    { 8, 16, 128, 0, 14, 32, 2467 }, // U+1EC9
    { 6, 20, 128, 1, 17, 30, 2499 }, // U+1ECA
    { 4, 20, 96, 1, 17, 20, 2529 }, // U+1ECB
    { 16, 20, 288, 1, 17, 80, 2549 }, // U+1ECC
    { 10, 15, 192, 1, 12, 38, 2629 }, // U+1ECD
    { 8, 16, 128, 0, 14, 32, 2667 }, // U+1ECE
    { 8, 16, 128, 0, 14, 32, 2699 }, // U+1ECF
    { 16, 27, 288, 1, 27, 108, 2731 }, // U+1ED0
    { 10, 22, 192, 1, 22, 55, 2839 }, // U+1ED1
    { 16, 27, 288, 1, 27, 108, 2894 }, // U+1ED2
    { 10, 22, 192, 1, 22, 55, 3002 }, // U+1ED3
    { 8, 16, 128, 0, 14, 32, 3057 }, // U+1ED4
    { 8, 16, 128, 0, 14, 32, 3089 }, // U+1ED5
    { 16, 26, 288, 1, 26, 104, 3121 }, // U+1ED6
    { 10, 21, 192, 1, 21, 53, 3225 }, // U+1ED7
    { 16, 25, 288, 1, 22, 100, 3278 }, // U+1ED8
    { 10, 20, 192, 1, 17, 50, 3378 }, // U+1ED9
    { 18, 22, 288, 1, 22, 99, 3428 }, // U+1EDA
    { 12, 17, 192, 1, 17, 51, 3527 }, // U+1EDB
    { 18, 22, 288, 1, 22, 99, 3578 }, // U+1EDC
    { 12, 17, 192, 1, 17, 51, 3677 }, // U+1EDD
    { 8, 16, 128, 0, 14, 32, 3728 }, // U+1EDE
    { 8, 16, 128, 0, 14, 32, 3760 }, // U+1EDF
    { 18, 21, 288, 1, 21, 95, 3792 }, // U+1EE0
    { 12, 16, 192, 1, 16, 48, 3887 }, // U+1EE1
    { 18, 20, 288, 1, 17, 90, 3935 }, // U+1EE2
    { 12, 15, 192, 1, 12, 45, 4025 }, // U+1EE3
    { 16, 20, 288, 1, 17, 80, 4070 }, // U+1EE4
    { 11, 15, 208, 1, 12, 42, 4150 }, // U+1EE5
    { 8, 16, 128, 0, 14, 32, 4192 }, // U+1EE6
    { 8, 16, 128, 0, 14, 32, 4224 }, // U+1EE7
    { 18, 22, 288, 1, 22, 99, 4256 }, // U+1EE8
    { 13, 17, 208, 1, 17, 56, 4355 }, // U+1EE9
    { 18, 22, 288, 1, 22, 99, 4411 }, // U+1EEA
    { 13, 17, 208, 1, 17, 56, 4510 }, // U+1EEB
    { 8, 16, 128, 0, 14, 32, 4566 }, // U+1EEC
    { 8, 16, 128, 0, 14, 32, 4598 }, // U+1EED
    { 18, 21, 288, 1, 21, 95, 4630 }, // U+1EEE
    { 13, 16, 208, 1, 16, 52, 4725 }, // U+1EEF
    { 18, 20, 288, 1, 17, 90, 4777 }, // U+1EF0
    { 13, 15, 208, 1, 12, 49, 4867 }, // U+1EF1
    { 16, 22, 288, 1, 22, 88, 4916 }, // U+1EF2
    { 12, 23, 176, -1, 17, 69, 5004 }, // U+1EF3
    { 16, 20, 288, 1, 17, 80, 5073 }, // U+1EF4
    { 12, 21, 176, -1, 12, 63, 5153 }, // U+1EF5
    { 8, 16, 128, 0, 14, 32, 5216 }, // U+1EF6
    { 8, 16, 128, 0, 14, 32, 5248 }, // U+1EF7
    { 16, 21, 288, 1, 21, 84, 5280 }, // U+1EF8
    { 12, 22, 176, -1, 16, 66, 5364 }, // U+1EF9
    { 1, 1, 208, 0, 1, 1, 0 }, // U+2000
    { 1, 1, 400, 0, 1, 1, 1 }, // U+2001
    { 1, 1, 208, 0, 1, 1, 2 }, // U+2002
    { 1, 1, 400, 0, 1, 1, 3 }, // U+2003
    { 1, 1, 128, 0, 1, 1, 4 }, // U+2004
    { 1, 1, 96, 0, 1, 1, 5 }, // U+2005
    { 1, 1, 64, 0, 1, 1, 6 }, // U+2006
    { 1, 1, 192, 0, 1, 1, 7 }, // U+2007
    { 1, 1, 96, 0, 1, 1, 8 }, // U+2008
    { 1, 1, 80, 0, 1, 1, 9 }, // U+2009
    { 1, 1, 48, 0, 1, 1, 10 }, // U+200A
    { 1, 1, 0, 0, 1, 1, 11 }, // U+200B
    { 16, 16, 256, 0, 14, 64, 12 }, // U+200C
    { 16, 16, 256, 0, 14, 64, 76 }, // U+200D
    { 16, 16, 256, 0, 14, 64, 140 }, // U+200E
    { 16, 16, 256, 0, 14, 64, 204 }, // U+200F
    { 6, 2, 128, 0, 7, 3, 268 }, // U+2010
    { 6, 2, 128, 0, 7, 3, 271 }, // U+2011
    { 12, 1, 192, 0, 7, 3, 274 }, // U+2012
    { 12, 1, 192, 0, 7, 3, 277 }, // U+2013
    { 25, 1, 400, 0, 7, 7, 280 }, // U+2014
    { 25, 1, 400, 0, 7, 7, 287 }, // U+2015
    { 8, 16, 128, 0, 14, 32, 294 }, // U+2016
    { 8, 16, 128, 0, 14, 32, 326 }, // U+2017
    { 3, 5, 112, 2, 17, 4, 358 }, // U+2018
    { 3, 5, 128, 3, 17, 4, 362 }, // U+2019
    { 3, 5, 112, 2, 2, 4, 366 }, // U+201A
    { 3, 5, 128, 3, 17, 4, 370 }, // U+201B
    { 7, 5, 176, 2, 17, 9, 374 }, // U+201C
    { 7, 5, 176, 2, 17, 9, 383 }, // U+201D
    { 7, 5, 176, 2, 2, 9, 392 }, // U+201E
    { 7, 5, 176, 2, 17, 9, 401 }, // U+201F
    { 8, 20, 192, 2, 18, 40, 410 }, // U+2020
    { 8, 20, 192, 2, 18, 40, 450 }, // U+2021
    { 5, 6, 112, 1, 11, 8, 490 }, // U+2022
    { 8, 16, 128, 0, 14, 32, 498 }, // U+2023
    { 8, 16, 128, 0, 14, 32, 530 }, // U+2024
    { 8, 16, 128, 0, 14, 32, 562 }, // U+2025
    { 18, 2, 400, 3, 2, 9, 594 }, // U+2026
    { 8, 16, 128, 0, 14, 32, 603 }, // U+2027
    { 16, 16, 256, 0, 14, 64, 635 }, // U+2028
    { 16, 16, 256, 0, 14, 64, 699 }, // U+2029
    { 16, 16, 256, 0, 14, 64, 763 }, // U+202A
    { 16, 16, 256, 0, 14, 64, 827 }, // U+202B
    { 16, 16, 256, 0, 14, 64, 891 }, // U+202C
    { 16, 16, 256, 0, 14, 64, 955 }, // U+202D
    { 16, 16, 256, 0, 14, 64, 1019 }, // U+202E
    { 8, 16, 128, 0, 14, 32, 1083 }, // U+202F
    { 23, 16, 400, 1, 16, 92, 1115 }, // U+2030
    { 8, 16, 128, 0, 14, 32, 1207 }, // U+2031
    { 5, 6, 96, 1, 18, 8, 1239 }, // U+2032
    { 9, 6, 160, 1, 18, 14, 1247 }, // U+2033
    { 8, 16, 128, 0, 14, 32, 1261 }, // U+2034
    { 8, 16, 128, 0, 14, 32, 1293 }, // U+2035
    { 8, 16, 128, 0, 14, 32, 1325 }, // U+2036
    { 8, 16, 128, 0, 14, 32, 1357 }, // U+2037
    { 8, 16, 128, 0, 14, 32, 1389 }, // U+2038
    { 5, 10, 128, 1, 11, 13, 1421 }, // U+2039
    { 5, 10, 128, 2, 11, 13, 1434 }, // U+203A
    { 8, 16, 128, 0, 14, 32, 1447 }, // U+203B
    { 8, 16, 128, 0, 14, 32, 1479 }, // U+203C
    { 8, 16, 128, 0, 14, 32, 1511 }, // U+203D
    { 8, 16, 128, 0, 14, 32, 1543 }, // U+203E
    { 8, 16, 128, 0, 14, 32, 1575 }, // U+203F
    { 8, 16, 128, 0, 14, 32, 1607 }, // U+2040
    { 8, 16, 128, 0, 14, 32, 1639 }, // U+2041
    { 8, 16, 128, 0, 14, 32, 1671 }, // U+2042
    { 8, 16, 128, 0, 14, 32, 1703 }, // U+2043
    { 11, 17, 144, -1, 17, 47, 1735 }, // U+2044
    { 8, 16, 128, 0, 14, 32, 1782 }, // U+2045
    { 8, 16, 128, 0, 14, 32, 1814 }, // U+2046
    { 8, 16, 128, 0, 14, 32, 1846 }, // U+2047
    { 8, 16, 128, 0, 14, 32, 1878 }, // U+2048
    { 8, 16, 128, 0, 14, 32, 1910 }, // U+2049
    { 8, 16, 128, 0, 14, 32, 1942 }, // U+204A
    { 8, 16, 128, 0, 14, 32, 1974 }, // U+204B
    { 8, 16, 128, 0, 14, 32, 2006 }, // U+204C
    { 8, 16, 128, 0, 14, 32, 2038 }, // U+204D
    { 8, 16, 128, 0, 14, 32, 2070 }, // U+204E
    { 8, 16, 128, 0, 14, 32, 2102 }, // U+204F
    { 8, 16, 128, 0, 14, 32, 2134 }, // U+2050
    { 8, 16, 128, 0, 14, 32, 2166 }, // U+2051
    { 8, 16, 128, 0, 14, 32, 2198 }, // U+2052
    { 8, 16, 128, 0, 14, 32, 2230 }, // U+2053
    { 8, 16, 128, 0, 14, 32, 2262 }, // U+2054
    { 8, 16, 128, 0, 14, 32, 2294 }, // U+2055
    { 8, 16, 128, 0, 14, 32, 2326 }, // U+2056
    { 16, 16, 256, 0, 14, 64, 2358 }, // U+2057
    { 8, 16, 128, 0, 14, 32, 2422 }, // U+2058
    { 8, 16, 128, 0, 14, 32, 2454 }, // U+2059
    { 8, 16, 128, 0, 14, 32, 2486 }, // U+205A
    { 8, 16, 128, 0, 14, 32, 2518 }, // U+205B
    { 8, 16, 128, 0, 14, 32, 2550 }, // U+205C
    { 8, 16, 128, 0, 14, 32, 2582 }, // U+205D
    { 8, 16, 128, 0, 14, 32, 2614 }, // U+205E
    { 8, 16, 128, 0, 14, 32, 2646 }, // U+205F
    { 16, 16, 256, 0, 14, 64, 2678 }, // U+2060
    { 16, 16, 256, 0, 14, 64, 2742 }, // U+2061
    { 16, 16, 256, 0, 14, 64, 2806 }, // U+2062
    { 16, 16, 256, 0, 14, 64, 2870 }, // U+2063
    { 16, 16, 256, 0, 14, 64, 2934 }, // U+2064
    { 16, 16, 256, 0, 14, 64, 2998 }, // U+2065
    { 16, 16, 256, 0, 14, 64, 3062 }, // U+2066
    { 16, 16, 256, 0, 14, 64, 3126 }, // U+2067
    { 16, 16, 256, 0, 14, 64, 3190 }, // U+2068
    { 16, 16, 256, 0, 14, 64, 3254 }, // U+2069
    { 16, 16, 256, 0, 14, 64, 3318 }, // U+206A
    { 16, 16, 256, 0, 14, 64, 3382 }, // U+206B
    { 16, 16, 256, 0, 14, 64, 3446 }, // U+206C
    { 16, 16, 256, 0, 14, 64, 3510 }, // U+206D
    { 16, 16, 256, 0, 14, 64, 3574 }, // U+206E
    { 16, 16, 256, 0, 14, 64, 3638 }, // U+206F
    { 8, 16, 128, 0, 14, 32, 0 }, // U+2070
    { 8, 16, 128, 0, 14, 32, 32 }, // U+2071
    { 16, 16, 256, 0, 14, 64, 64 }, // U+2072
    { 16, 16, 256, 0, 14, 64, 128 }, // U+2073
    { 8, 16, 128, 0, 14, 32, 192 }, // U+2074
    { 8, 16, 128, 0, 14, 32, 224 }, // U+2075
    { 8, 16, 128, 0, 14, 32, 256 }, // U+2076
    { 8, 16, 128, 0, 14, 32, 288 }, // U+2077
    { 8, 16, 128, 0, 14, 32, 320 }, // U+2078
    { 8, 16, 128, 0, 14, 32, 352 }, // U+2079
    { 8, 16, 128, 0, 14, 32, 384 }, // U+207A
    { 8, 16, 128, 0, 14, 32, 416 }, // U+207B
    { 8, 16, 128, 0, 14, 32, 448 }, // U+207C
    { 8, 16, 128, 0, 14, 32, 480 }, // U+207D
    { 8, 16, 128, 0, 14, 32, 512 }, // U+207E
    { 8, 16, 128, 0, 14, 32, 544 }, // U+207F
    { 8, 16, 128, 0, 14, 32, 576 }, // U+2080
    { 5, 10, 112, 1, 4, 13, 608 }, // U+2081
    { 6, 10, 112, 0, 4, 15, 621 }, // U+2082
    { 6, 10, 112, 0, 4, 15, 636 }, // U+2083
    { 8, 16, 128, 0, 14, 32, 651 }, // U+2084
    { 8, 16, 128, 0, 14, 32, 683 }, // U+2085
    { 8, 16, 128, 0, 14, 32, 715 }, // U+2086
    { 8, 16, 128, 0, 14, 32, 747 }, // U+2087
    { 8, 16, 128, 0, 14, 32, 779 }, // U+2088
    { 8, 16, 128, 0, 14, 32, 811 }, // U+2089
    { 8, 16, 128, 0, 14, 32, 843 }, // U+208A
    { 8, 16, 128, 0, 14, 32, 875 }, // U+208B
    { 8, 16, 128, 0, 14, 32, 907 }, // U+208C
    { 8, 16, 128, 0, 14, 32, 939 }, // U+208D
    { 8, 16, 128, 0, 14, 32, 971 }, // U+208E
    { 8, 16, 128, 0, 14, 32, 1003 }, // U+208F
    { 8, 16, 128, 0, 14, 32, 1035 }, // U+2090
    { 8, 16, 128, 0, 14, 32, 1067 }, // U+2091
    { 8, 16, 128, 0, 14, 32, 1099 }, // U+2092
    { 8, 16, 128, 0, 14, 32, 1131 }, // U+2093
    { 8, 16, 128, 0, 14, 32, 1163 }, // U+2094
    { 8, 16, 128, 0, 14, 32, 1195 }, // U+2095
    { 8, 16, 128, 0, 14, 32, 1227 }, // U+2096
    { 8, 16, 128, 0, 14, 32, 1259 }, // U+2097
    { 8, 16, 128, 0, 14, 32, 1291 }, // U+2098
    { 8, 16, 128, 0, 14, 32, 1323 }, // U+2099
    { 8, 16, 128, 0, 14, 32, 1355 }, // U+209A
    { 8, 16, 128, 0, 14, 32, 1387 }, // U+209B
    { 8, 16, 128, 0, 14, 32, 1419 }, // U+209C
    { 8, 16, 128, 0, 14, 32, 1451 }, // U+209D
    { 8, 16, 128, 0, 14, 32, 1483 }, // U+209E
    { 8, 16, 128, 0, 14, 32, 1515 }, // U+209F
    { 8, 16, 128, 0, 14, 32, 0 }, // U+20A0
    { 8, 16, 128, 0, 14, 32, 32 }, // U+20A1
    { 8, 16, 128, 0, 14, 32, 64 }, // U+20A2
    { 8, 16, 128, 0, 14, 32, 96 }, // U+20A3
    { 8, 16, 128, 0, 14, 32, 128 }, // U+20A4
    { 18, 21, 320, 1, 17, 95, 160 }, // U+20A5
    { 16, 17, 288, 1, 17, 68, 255 }, // U+20A6
    { 8, 16, 128, 0, 14, 32, 323 }, // U+20A7
    { 8, 16, 128, 0, 14, 32, 355 }, // U+20A8
    { 23, 17, 368, 0, 17, 98, 387 }, // U+20A9
    { 8, 16, 128, 0, 14, 32, 485 }, // U+20AA
    { 8, 16, 128, 0, 14, 32, 517 }, // U+20AB
    { 15, 17, 256, 0, 17, 64, 549 }, // U+20AC
    { 16, 17, 272, 1, 17, 68, 613 }, // U+20AD
    { 8, 16, 128, 0, 14, 32, 681 }, // U+20AE
    { 8, 16, 128, 0, 14, 32, 713 }, // U+20AF
    { 8, 16, 128, 0, 14, 32, 745 }, // U+20B0
    { 8, 16, 128, 0, 14, 32, 777 }, // U+20B1
    { 8, 16, 128, 0, 14, 32, 809 }, // U+20B2
    { 8, 16, 128, 0, 14, 32, 841 }, // U+20B3
    { 8, 16, 128, 0, 14, 32, 873 }, // U+20B4
    { 8, 16, 128, 0, 14, 32, 905 }, // U+20B5
    { 8, 16, 128, 0, 14, 32, 937 }, // U+20B6
    { 8, 16, 128, 0, 14, 32, 969 }, // U+20B7
    { 8, 16, 128, 0, 14, 32, 1001 }, // U+20B8
    { 16, 16, 256, 0, 14, 64, 1033 }, // U+20B9
    { 8, 16, 128, 0, 14, 32, 1097 }, // U+20BA
    { 8, 16, 128, 0, 14, 32, 1129 }, // U+20BB
    { 8, 16, 128, 0, 14, 32, 1161 }, // U+20BC
    { 8, 16, 128, 0, 14, 32, 1193 }, // U+20BD
    { 8, 16, 128, 0, 14, 32, 1225 }, // U+20BE
    { 8, 16, 128, 0, 14, 32, 1257 }, // U+20BF
    { 8, 16, 128, 0, 14, 32, 1289 }, // U+20C0
    { 8, 16, 128, 0, 14, 32, 1321 }, // U+20C1
    { 8, 16, 128, 0, 14, 32, 1353 }, // U+20C2
    { 8, 16, 128, 0, 14, 32, 1385 }, // U+20C3
    { 8, 16, 128, 0, 14, 32, 1417 }, // U+20C4
    { 16, 16, 256, 0, 14, 64, 1449 }, // U+20C5
    { 16, 16, 256, 0, 14, 64, 1513 }, // U+20C6
    { 16, 16, 256, 0, 14, 64, 1577 }, // U+20C7
    { 16, 16, 256, 0, 14, 64, 1641 }, // U+20C8
    { 16, 16, 256, 0, 14, 64, 1705 }, // U+20C9
    { 16, 16, 256, 0, 14, 64, 1769 }, // U+20CA
    { 16, 16, 256, 0, 14, 64, 1833 }, // U+20CB
    { 16, 16, 256, 0, 14, 64, 1897 }, // U+20CC
    { 16, 16, 256, 0, 14, 64, 1961 }, // U+20CD
    { 16, 16, 256, 0, 14, 64, 2025 }, // U+20CE
    { 16, 16, 256, 0, 14, 64, 2089 }, // U+20CF
    { 25, 12, 400, 0, 13, 75, 0 }, // U+2190
    { 12, 24, 224, 1, 19, 72, 75 }, // U+2191
    { 25, 12, 400, 0, 13, 75, 147 }, // U+2192
    { 12, 24, 224, 1, 19, 72, 222 }, // U+2193
    { 24, 12, 416, 1, 13, 72, 294 }, // U+2194
    { 8, 16, 128, 0, 14, 32, 366 }, // U+2195
    { 8, 16, 128, 0, 14, 32, 398 }, // U+2196
    { 8, 16, 128, 0, 14, 32, 430 }, // U+2197
    { 8, 16, 128, 0, 14, 32, 462 }, // U+2198
    { 8, 16, 128, 0, 14, 32, 494 }, // U+2199
    { 25, 21, 400, 0, 18, 132, 526 }, // U+219A
    { 25, 21, 400, 0, 18, 132, 658 }, // U+219B
    { 16, 16, 256, 0, 14, 64, 790 }, // U+219C
    { 16, 16, 256, 0, 14, 64, 854 }, // U+219D
    { 8, 16, 128, 0, 14, 32, 918 }, // U+219E
    { 8, 16, 128, 0, 14, 32, 950 }, // U+219F
    { 8, 16, 128, 0, 14, 32, 982 }, // U+21A0
    { 8, 16, 128, 0, 14, 32, 1014 }, // U+21A1
    { 8, 16, 128, 0, 14, 32, 1046 }, // U+21A2
    { 8, 16, 128, 0, 14, 32, 1078 }, // U+21A3
    { 8, 16, 128, 0, 14, 32, 1110 }, // U+21A4
    { 8, 16, 128, 0, 14, 32, 1142 }, // U+21A5
    { 8, 16, 128, 0, 14, 32, 1174 }, // U+21A6
    { 8, 16, 128, 0, 14, 32, 1206 }, // U+21A7
    { 8, 16, 128, 0, 14, 32, 1238 }, // U+21A8
    { 8, 16, 128, 0, 14, 32, 1270 }, // U+21A9
    { 8, 16, 128, 0, 14, 32, 1302 }, // U+21AA
    { 8, 16, 128, 0, 14, 32, 1334 }, // U+21AB
    { 8, 16, 128, 0, 14, 32, 1366 }, // U+21AC
    { 8, 16, 128, 0, 14, 32, 1398 }, // U+21AD
    { 24, 21, 416, 1, 18, 126, 1430 }, // U+21AE
    { 8, 16, 128, 0, 14, 32, 1556 }, // U+21AF
    { 8, 16, 128, 0, 14, 32, 1588 }, // U+21B0
    { 8, 16, 128, 0, 14, 32, 1620 }, // U+21B1
    { 8, 16, 128, 0, 14, 32, 1652 }, // U+21B2
    { 8, 16, 128, 0, 14, 32, 1684 }, // U+21B3
    { 8, 16, 128, 0, 14, 32, 1716 }, // U+21B4
    { 14, 16, 256, 1, 16, 56, 1748 }, // U+21B5
    { 8, 16, 128, 0, 14, 32, 1804 }, // U+21B6
    { 8, 16, 128, 0, 14, 32, 1836 }, // U+21B7
    { 8, 16, 128, 0, 14, 32, 1868 }, // U+21B8
    { 8, 16, 128, 0, 14, 32, 1900 }, // U+21B9
    { 8, 16, 128, 0, 14, 32, 1932 }, // U+21BA
    { 8, 16, 128, 0, 14, 32, 1964 }, // U+21BB
    { 8, 16, 128, 0, 14, 32, 1996 }, // U+21BC
    { 8, 16, 128, 0, 14, 32, 2028 }, // U+21BD
    { 8, 16, 128, 0, 14, 32, 2060 }, // U+21BE
    { 8, 16, 128, 0, 14, 32, 2092 }, // U+21BF
    { 8, 16, 128, 0, 14, 32, 2124 }, // U+21C0
    { 8, 16, 128, 0, 14, 32, 2156 }, // U+21C1
    { 8, 16, 128, 0, 14, 32, 2188 }, // U+21C2
    { 8, 16, 128, 0, 14, 32, 2220 }, // U+21C3
    { 8, 16, 128, 0, 14, 32, 2252 }, // U+21C4
    { 8, 16, 128, 0, 14, 32, 2284 }, // U+21C5
    { 8, 16, 128, 0, 14, 32, 2316 }, // U+21C6
    { 8, 16, 128, 0, 14, 32, 2348 }, // U+21C7
    { 8, 16, 128, 0, 14, 32, 2380 }, // U+21C8
    { 8, 16, 128, 0, 14, 32, 2412 }, // U+21C9
    { 8, 16, 128, 0, 14, 32, 2444 }, // U+21CA
    { 8, 16, 128, 0, 14, 32, 2476 }, // U+21CB
    { 8, 16, 128, 0, 14, 32, 2508 }, // U+21CC
    { 23, 21, 400, 1, 17, 121, 2540 }, // U+21CD
    { 23, 21, 400, 1, 17, 121, 2661 }, // U+21CE
    { 23, 21, 400, 1, 17, 121, 2782 }, // U+21CF
    { 23, 12, 400, 1, 12, 69, 2903 }, // U+21D0
    { 12, 19, 224, 1, 19, 57, 2972 }, // U+21D1
    { 23, 12, 400, 1, 12, 69, 3029 }, // U+21D2
    { 12, 19, 224, 1, 19, 57, 3098 }, // U+21D3
    { 23, 12, 400, 1, 12, 69, 3155 }, // U+21D4
    { 8, 16, 128, 0, 14, 32, 3224 }, // U+21D5
    { 8, 16, 128, 0, 14, 32, 3256 }, // U+21D6
    { 8, 16, 128, 0, 14, 32, 3288 }, // U+21D7
    { 8, 16, 128, 0, 14, 32, 3320 }, // U+21D8
    { 8, 16, 128, 0, 14, 32, 3352 }, // U+21D9
    { 8, 16, 128, 0, 14, 32, 3384 }, // U+21DA
    { 8, 16, 128, 0, 14, 32, 3416 }, // U+21DB
    { 8, 16, 128, 0, 14, 32, 3448 }, // U+21DC
    { 8, 16, 128, 0, 14, 32, 3480 }, // U+21DD
    { 8, 16, 128, 0, 14, 32, 3512 }, // U+21DE
    { 8, 16, 128, 0, 14, 32, 3544 }, // U+21DF
    { 8, 16, 128, 0, 14, 32, 3576 }, // U+21E0
    { 8, 16, 128, 0, 14, 32, 3608 }, // U+21E1
    { 8, 16, 128, 0, 14, 32, 3640 }, // U+21E2
    { 8, 16, 128, 0, 14, 32, 3672 }, // U+21E3
    { 8, 16, 128, 0, 14, 32, 3704 }, // U+21E4
    { 8, 16, 128, 0, 14, 32, 3736 }, // U+21E5
    { 8, 16, 128, 0, 14, 32, 3768 }, // U+21E6
    { 8, 16, 128, 0, 14, 32, 3800 }, // U+21E7
    { 8, 16, 128, 0, 14, 32, 3832 }, // U+21E8
    { 8, 16, 128, 0, 14, 32, 3864 }, // U+21E9
    { 8, 16, 128, 0, 14, 32, 3896 }, // U+21EA
    { 8, 16, 128, 0, 14, 32, 3928 }, // U+21EB
    { 8, 16, 128, 0, 14, 32, 3960 }, // U+21EC
    { 8, 16, 128, 0, 14, 32, 3992 }, // U+21ED
    { 8, 16, 128, 0, 14, 32, 4024 }, // U+21EE
    { 8, 16, 128, 0, 14, 32, 4056 }, // U+21EF
    { 8, 16, 128, 0, 14, 32, 4088 }, // U+21F0
    { 8, 16, 128, 0, 14, 32, 4120 }, // U+21F1
    { 8, 16, 128, 0, 14, 32, 4152 }, // U+21F2
    { 8, 16, 128, 0, 14, 32, 4184 }, // U+21F3
    { 16, 16, 256, 0, 14, 64, 4216 }, // U+21F4
    { 8, 16, 128, 0, 14, 32, 4280 }, // U+21F5
    { 8, 16, 128, 0, 14, 32, 4312 }, // U+21F6
    { 8, 16, 128, 0, 14, 32, 4344 }, // U+21F7
    { 8, 16, 128, 0, 14, 32, 4376 }, // U+21F8
    { 16, 16, 256, 0, 14, 64, 4408 }, // U+21F9
    { 16, 16, 256, 0, 14, 64, 4472 }, // U+21FA
    { 16, 16, 256, 0, 14, 64, 4536 }, // U+21FB
    { 16, 16, 256, 0, 14, 64, 4600 }, // U+21FC
    { 8, 16, 128, 0, 14, 32, 4664 }, // U+21FD
    { 8, 16, 128, 0, 14, 32, 4696 }, // U+21FE
    { 16, 16, 256, 0, 14, 64, 4728 }, // U+21FF
    { 15, 17, 272, 1, 17, 64, 0 }, // U+2200
    { 8, 16, 128, 0, 14, 32, 64 }, // U+2201
    { 10, 19, 192, 1, 19, 48, 96 }, // U+2202
    { 11, 17, 208, 1, 17, 47, 144 }, // U+2203
    { 11, 21, 208, 1, 19, 58, 191 }, // U+2204
    { 18, 17, 320, 1, 17, 77, 249 }, // U+2205
    { 15, 17, 240, 0, 17, 64, 326 }, // U+2206
    { 16, 18, 288, 1, 18, 72, 390 }, // U+2207
    { 12, 13, 256, 2, 13, 39, 462 }, // U+2208
    { 12, 15, 256, 2, 14, 45, 501 }, // U+2209
    { 8, 13, 176, 2, 13, 26, 546 }, // U+220A
    { 12, 13, 256, 2, 13, 39, 572 }, // U+220B
    { 12, 21, 256, 2, 17, 63, 611 }, // U+220C
    { 8, 13, 176, 2, 13, 26, 674 }, // U+220D
    { 8, 16, 128, 0, 14, 32, 700 }, // U+220E
    { 17, 21, 304, 1, 18, 90, 732 }, // U+220F
    { 8, 16, 128, 0, 14, 32, 822 }, // U+2210
    { 14, 20, 288, 2, 18, 70, 854 }, // U+2211
    { 11, 2, 240, 2, 7, 6, 924 }, // U+2212
    { 8, 16, 128, 0, 14, 32, 930 }, // U+2213
    { 8, 16, 128, 0, 14, 32, 962 }, // U+2214
    { 11, 17, 144, -1, 17, 47, 994 }, // U+2215
    { 8, 16, 128, 0, 14, 32, 1041 }, // U+2216
    { 8, 10, 192, 2, 17, 20, 1073 }, // U+2217
    { 8, 16, 128, 0, 14, 32, 1093 }, // U+2218
    { 2, 3, 96, 2, 8, 2, 1125 }, // U+2219
    { 14, 19, 224, 0, 19, 67, 1127 }, // U+221A
    { 8, 16, 128, 0, 14, 32, 1194 }, // U+221B
    { 8, 16, 128, 0, 14, 32, 1226 }, // U+221C
    { 14, 7, 256, 1, 11, 25, 1258 }, // U+221D
    { 15, 7, 272, 1, 11, 27, 1283 }, // U+221E
    { 8, 16, 128, 0, 14, 32, 1310 }, // U+221F
    { 17, 16, 304, 1, 16, 68, 1342 }, // U+2220
    { 8, 16, 128, 0, 14, 32, 1410 }, // U+2221
    { 8, 16, 128, 0, 14, 32, 1442 }, // U+2222
    { 8, 16, 128, 0, 14, 32, 1474 }, // U+2223
    { 8, 16, 128, 0, 14, 32, 1506 }, // U+2224
    { 8, 16, 128, 0, 14, 32, 1538 }, // U+2225
    { 8, 16, 128, 0, 14, 32, 1570 }, // U+2226
    { 13, 12, 240, 1, 12, 39, 1602 }, // U+2227
    { 13, 12, 240, 1, 12, 39, 1641 }, // U+2228
    { 16, 13, 288, 1, 13, 52, 1680 }, // U+2229
    { 16, 13, 288, 1, 13, 52, 1732 }, // U+222A
    { 8, 24, 128, 0, 19, 48, 1784 }, // U+222B
    { 8, 16, 128, 0, 14, 32, 1832 }, // U+222C
    { 8, 16, 128, 0, 14, 32, 1864 }, // U+222D
    { 8, 16, 128, 0, 14, 32, 1896 }, // U+222E
    { 8, 16, 128, 0, 14, 32, 1928 }, // U+222F
    { 8, 16, 128, 0, 14, 32, 1960 }, // U+2230
    { 8, 16, 128, 0, 14, 32, 1992 }, // U+2231
    { 8, 16, 128, 0, 14, 32, 2024 }, // U+2232
    { 8, 16, 128, 0, 14, 32, 2056 }, // U+2233
    { 12, 10, 288, 3, 10, 30, 2088 }, // U+2234
    { 12, 10, 288, 3, 10, 30, 2118 }, // U+2235
    { 2, 11, 96, 2, 11, 6, 2148 }, // U+2236
    { 8, 16, 128, 0, 14, 32, 2154 }, // U+2237
    { 8, 16, 128, 0, 14, 32, 2186 }, // U+2238
    { 8, 16, 128, 0, 14, 32, 2218 }, // U+2239
    { 8, 16, 128, 0, 14, 32, 2250 }, // U+223A
    { 8, 16, 128, 0, 14, 32, 2282 }, // U+223B
    { 11, 4, 208, 1, 9, 11, 2314 }, // U+223C
    { 8, 16, 128, 0, 14, 32, 2325 }, // U+223D
    { 8, 16, 128, 0, 14, 32, 2357 }, // U+223E
    { 8, 16, 128, 0, 14, 32, 2389 }, // U+223F
    { 8, 16, 128, 0, 14, 32, 2421 }, // U+2240
    { 11, 21, 208, 1, 18, 58, 2453 }, // U+2241
    { 8, 16, 128, 0, 14, 32, 2511 }, // U+2242
    { 8, 16, 128, 0, 14, 32, 2543 }, // U+2243
    { 8, 16, 128, 0, 14, 32, 2575 }, // U+2244
    { 11, 12, 208, 1, 13, 33, 2607 }, // U+2245
    { 8, 16, 128, 0, 14, 32, 2640 }, // U+2246
    { 11, 21, 208, 1, 18, 58, 2672 }, // U+2247
    { 11, 8, 208, 1, 11, 22, 2730 }, // U+2248
    { 11, 21, 208, 1, 18, 58, 2752 }, // U+2249
    { 8, 16, 128, 0, 14, 32, 2810 }, // U+224A
    { 8, 16, 128, 0, 14, 32, 2842 }, // U+224B
    { 8, 16, 128, 0, 14, 32, 2874 }, // U+224C
    { 8, 16, 128, 0, 14, 32, 2906 }, // U+224D
    { 8, 16, 128, 0, 14, 32, 2938 }, // U+224E
    { 8, 16, 128, 0, 14, 32, 2970 }, // U+224F
    { 8, 16, 128, 0, 14, 32, 3002 }, // U+2250
    { 8, 16, 128, 0, 14, 32, 3034 }, // U+2251
    { 8, 16, 128, 0, 14, 32, 3066 }, // U+2252
    { 8, 16, 128, 0, 14, 32, 3098 }, // U+2253
    { 8, 16, 128, 0, 14, 32, 3130 }, // U+2254
    { 8, 16, 128, 0, 14, 32, 3162 }, // U+2255
    { 8, 16, 128, 0, 14, 32, 3194 }, // U+2256
    { 8, 16, 128, 0, 14, 32, 3226 }, // U+2257
    { 8, 16, 128, 0, 14, 32, 3258 }, // U+2258
    { 9, 10, 208, 2, 13, 23, 3290 }, // U+2259
    { 9, 10, 208, 2, 13, 23, 3313 }, // U+225A
    { 8, 16, 128, 0, 14, 32, 3336 }, // U+225B
    { 8, 16, 128, 0, 14, 32, 3368 }, // U+225C
    { 8, 16, 128, 0, 14, 32, 3400 }, // U+225D
    { 8, 16, 128, 0, 14, 32, 3432 }, // U+225E
    { 8, 16, 128, 0, 14, 32, 3464 }, // U+225F
    { 10, 13, 224, 2, 13, 33, 3496 }, // U+2260
    { 11, 8, 208, 1, 11, 22, 3529 }, // U+2261
    { 11, 21, 208, 1, 18, 58, 3551 }, // U+2262
    { 8, 16, 128, 0, 14, 32, 3609 }, // U+2263
    { 12, 15, 224, 0, 15, 45, 3641 }, // U+2264
    { 12, 15, 224, 0, 15, 45, 3686 }, // U+2265
    { 8, 16, 128, 0, 14, 32, 3731 }, // U+2266
    { 8, 16, 128, 0, 14, 32, 3763 }, // U+2267
    { 8, 16, 128, 0, 14, 32, 3795 }, // U+2268
    { 8, 16, 128, 0, 14, 32, 3827 }, // U+2269
    { 8, 16, 128, 0, 14, 32, 3859 }, // U+226A
    { 8, 16, 128, 0, 14, 32, 3891 }, // U+226B
    { 8, 16, 128, 0, 14, 32, 3923 }, // U+226C
    { 8, 16, 128, 0, 14, 32, 3955 }, // U+226D
    { 11, 21, 224, 1, 16, 58, 3987 }, // U+226E
    { 11, 21, 208, 1, 16, 58, 4045 }, // U+226F
    { 12, 21, 224, 0, 18, 63, 4103 }, // U+2270
    { 12, 21, 224, 0, 18, 63, 4166 }, // U+2271
    { 8, 16, 128, 0, 14, 32, 4229 }, // U+2272
    { 8, 16, 128, 0, 14, 32, 4261 }, // U+2273
    { 8, 16, 128, 0, 14, 32, 4293 }, // U+2274
    { 8, 16, 128, 0, 14, 32, 4325 }, // U+2275
    { 8, 16, 128, 0, 14, 32, 4357 }, // U+2276
    { 8, 16, 128, 0, 14, 32, 4389 }, // U+2277
    { 8, 16, 128, 0, 14, 32, 4421 }, // U+2278
    { 8, 16, 128, 0, 14, 32, 4453 }, // U+2279
    { 8, 16, 128, 0, 14, 32, 4485 }, // U+227A
    { 8, 16, 128, 0, 14, 32, 4517 }, // U+227B
    { 8, 16, 128, 0, 14, 32, 4549 }, // U+227C
    { 8, 16, 128, 0, 14, 32, 4581 }, // U+227D
    { 8, 16, 128, 0, 14, 32, 4613 }, // U+227E
    { 8, 16, 128, 0, 14, 32, 4645 }, // U+227F
    { 8, 16, 128, 0, 14, 32, 4677 }, // U+2280
    { 8, 16, 128, 0, 14, 32, 4709 }, // U+2281
    { 15, 12, 272, 1, 12, 45, 4741 }, // U+2282
    { 15, 12, 272, 1, 12, 45, 4786 }, // U+2283
    { 15, 16, 272, 1, 14, 60, 4831 }, // U+2284
    { 15, 21, 272, 1, 17, 79, 4891 }, // U+2285
    { 15, 15, 272, 1, 12, 57, 4970 }, // U+2286
    { 15, 15, 272, 1, 12, 57, 5027 }, // U+2287
    { 15, 21, 272, 1, 15, 79, 5084 }, // U+2288
    { 15, 21, 272, 1, 15, 79, 5163 }, // U+2289
    { 8, 16, 128, 0, 14, 32, 5242 }, // U+228A
    { 8, 16, 128, 0, 14, 32, 5274 }, // U+228B
    { 8, 16, 128, 0, 14, 32, 5306 }, // U+228C
    { 8, 16, 128, 0, 14, 32, 5338 }, // U+228D
    { 8, 16, 128, 0, 14, 32, 5370 }, // U+228E
    { 8, 16, 128, 0, 14, 32, 5402 }, // U+228F
    { 8, 16, 128, 0, 14, 32, 5434 }, // U+2290
    { 8, 16, 128, 0, 14, 32, 5466 }, // U+2291
    { 8, 16, 128, 0, 14, 32, 5498 }, // U+2292
    { 8, 16, 128, 0, 14, 32, 5530 }, // U+2293
    { 8, 16, 128, 0, 14, 32, 5562 }, // U+2294
    { 16, 17, 288, 1, 17, 68, 5594 }, // U+2295
    { 8, 16, 128, 0, 14, 32, 5662 }, // U+2296
    { 16, 17, 288, 1, 17, 68, 5694 }, // U+2297
    { 8, 16, 128, 0, 14, 32, 5762 }, // U+2298
    { 8, 16, 128, 0, 14, 32, 5794 }, // U+2299
    { 8, 16, 128, 0, 14, 32, 5826 }, // U+229A
    { 8, 16, 128, 0, 14, 32, 5858 }, // U+229B
    { 8, 16, 128, 0, 14, 32, 5890 }, // U+229C
    { 8, 16, 128, 0, 14, 32, 5922 }, // U+229D
    { 8, 16, 128, 0, 14, 32, 5954 }, // U+229E
    { 8, 16, 128, 0, 14, 32, 5986 }, // U+229F
    { 8, 16, 128, 0, 14, 32, 6018 }, // U+22A0
    { 8, 16, 128, 0, 14, 32, 6050 }, // U+22A1
    { 8, 16, 128, 0, 14, 32, 6082 }, // U+22A2
    { 8, 16, 128, 0, 14, 32, 6114 }, // U+22A3
    { 14, 17, 256, 1, 17, 60, 6146 }, // U+22A4
    { 14, 17, 256, 1, 17, 60, 6206 }, // U+22A5
    { 8, 16, 128, 0, 14, 32, 6266 }, // U+22A6
    { 8, 16, 128, 0, 14, 32, 6298 }, // U+22A7
    { 8, 16, 128, 0, 14, 32, 6330 }, // U+22A8
    { 8, 16, 128, 0, 14, 32, 6362 }, // U+22A9
    { 8, 16, 128, 0, 14, 32, 6394 }, // U+22AA
    { 8, 16, 128, 0, 14, 32, 6426 }, // U+22AB
    { 8, 16, 128, 0, 14, 32, 6458 }, // U+22AC
    { 8, 16, 128, 0, 14, 32, 6490 }, // U+22AD
    { 8, 16, 128, 0, 14, 32, 6522 }, // U+22AE
    { 8, 16, 128, 0, 14, 32, 6554 }, // U+22AF
    { 8, 16, 128, 0, 14, 32, 6586 }, // U+22B0
    { 8, 16, 128, 0, 14, 32, 6618 }, // U+22B1
    { 8, 16, 128, 0, 14, 32, 6650 }, // U+22B2
    { 8, 16, 128, 0, 14, 32, 6682 }, // U+22B3
    { 8, 16, 128, 0, 14, 32, 6714 }, // U+22B4
    { 8, 16, 128, 0, 14, 32, 6746 }, // U+22B5
    { 16, 16, 256, 0, 14, 64, 6778 }, // U+22B6
    { 16, 16, 256, 0, 14, 64, 6842 }, // U+22B7
    { 16, 16, 256, 0, 14, 64, 6906 }, // U+22B8
    { 8, 16, 128, 0, 14, 32, 6970 }, // U+22B9
    { 8, 16, 128, 0, 14, 32, 7002 }, // U+22BA
    { 8, 16, 128, 0, 14, 32, 7034 }, // U+22BB
    { 8, 16, 128, 0, 14, 32, 7066 }, // U+22BC
    { 8, 16, 128, 0, 14, 32, 7098 }, // U+22BD
    { 8, 16, 128, 0, 14, 32, 7130 }, // U+22BE
    { 8, 16, 128, 0, 14, 32, 7162 }, // U+22BF
    { 8, 16, 128, 0, 14, 32, 7194 }, // U+22C0
    { 8, 16, 128, 0, 14, 32, 7226 }, // U+22C1
    { 8, 16, 128, 0, 14, 32, 7258 }, // U+22C2
    { 8, 16, 128, 0, 14, 32, 7290 }, // U+22C3
    { 8, 16, 128, 0, 14, 32, 7322 }, // U+22C4
    { 2, 2, 96, 2, 8, 1, 7354 }, // U+22C5
    { 8, 16, 128, 0, 14, 32, 7355 }, // U+22C6
    { 8, 16, 128, 0, 14, 32, 7387 }, // U+22C7
    { 8, 16, 128, 0, 14, 32, 7419 }, // U+22C8
    { 8, 16, 128, 0, 14, 32, 7451 }, // U+22C9
    { 8, 16, 128, 0, 14, 32, 7483 }, // U+22CA
    { 8, 16, 128, 0, 14, 32, 7515 }, // U+22CB
    { 8, 16, 128, 0, 14, 32, 7547 }, // U+22CC
    { 8, 16, 128, 0, 14, 32, 7579 }, // U+22CD
    { 8, 16, 128, 0, 14, 32, 7611 }, // U+22CE
    { 8, 16, 128, 0, 14, 32, 7643 }, // U+22CF
    { 8, 16, 128, 0, 14, 32, 7675 }, // U+22D0
    { 8, 16, 128, 0, 14, 32, 7707 }, // U+22D1
    { 8, 16, 128, 0, 14, 32, 7739 }, // U+22D2
    { 8, 16, 128, 0, 14, 32, 7771 }, // U+22D3
    { 8, 16, 128, 0, 14, 32, 7803 }, // U+22D4
    { 8, 16, 128, 0, 14, 32, 7835 }, // U+22D5
    { 8, 16, 128, 0, 14, 32, 7867 }, // U+22D6
    { 8, 16, 128, 0, 14, 32, 7899 }, // U+22D7
    { 16, 16, 256, 0, 14, 64, 7931 }, // U+22D8
    { 16, 16, 256, 0, 14, 64, 7995 }, // U+22D9
    { 8, 16, 128, 0, 14, 32, 8059 }, // U+22DA
    { 8, 16, 128, 0, 14, 32, 8091 }, // U+22DB
    { 8, 16, 128, 0, 14, 32, 8123 }, // U+22DC
    { 8, 16, 128, 0, 14, 32, 8155 }, // U+22DD
    { 8, 16, 128, 0, 14, 32, 8187 }, // U+22DE
    { 8, 16, 128, 0, 14, 32, 8219 }, // U+22DF
    { 8, 16, 128, 0, 14, 32, 8251 }, // U+22E0
    { 8, 16, 128, 0, 14, 32, 8283 }, // U+22E1
    { 8, 16, 128, 0, 14, 32, 8315 }, // U+22E2
    { 8, 16, 128, 0, 14, 32, 8347 }, // U+22E3
    { 8, 16, 128, 0, 14, 32, 8379 }, // U+22E4
    { 8, 16, 128, 0, 14, 32, 8411 }, // U+22E5
    { 8, 16, 128, 0, 14, 32, 8443 }, // U+22E6
    { 8, 16, 128, 0, 14, 32, 8475 }, // U+22E7
    { 8, 16, 128, 0, 14, 32, 8507 }, // U+22E8
    { 8, 16, 128, 0, 14, 32, 8539 }, // U+22E9
    { 8, 16, 128, 0, 14, 32, 8571 }, // U+22EA
    { 8, 16, 128, 0, 14, 32, 8603 }, // U+22EB
    { 8, 16, 128, 0, 14, 32, 8635 }, // U+22EC
    { 8, 16, 128, 0, 14, 32, 8667 }, // U+22ED
    { 8, 16, 128, 0, 14, 32, 8699 }, // U+22EE
    { 8, 16, 128, 0, 14, 32, 8731 }, // U+22EF
    { 8, 16, 128, 0, 14, 32, 8763 }, // U+22F0
    { 8, 16, 128, 0, 14, 32, 8795 }, // U+22F1
    { 16, 16, 256, 0, 14, 64, 8827 }, // U+22F2
    { 16, 16, 256, 0, 14, 64, 8891 }, // U+22F3
    { 8, 16, 128, 0, 14, 32, 8955 }, // U+22F4
    { 16, 16, 256, 0, 14, 64, 8987 }, // U+22F5
    { 16, 16, 256, 0, 14, 64, 9051 }, // U+22F6
    { 8, 16, 128, 0, 14, 32, 9115 }, // U+22F7
    { 8, 16, 128, 0, 14, 32, 9147 }, // U+22F8
    { 16, 16, 256, 0, 14, 64, 9179 }, // U+22F9
    { 16, 16, 256, 0, 14, 64, 9243 }, // U+22FA
    { 16, 16, 256, 0, 14, 64, 9307 }, // U+22FB
    { 8, 16, 128, 0, 14, 32, 9371 }, // U+22FC
    { 16, 16, 256, 0, 14, 64, 9403 }, // U+22FD
    { 8, 16, 128, 0, 14, 32, 9467 }, // U+22FE
    { 16, 16, 256, 0, 14, 64, 9499 }, // U+22FF
    { 8, 16, 128, 0, 14, 32, 0 }, // U+FB00
    { 8, 16, 128, 0, 14, 32, 32 }, // U+FB01
    { 8, 16, 128, 0, 14, 32, 64 }, // U+FB02
    { 8, 16, 128, 0, 14, 32, 96 }, // U+FB03
    { 8, 16, 128, 0, 14, 32, 128 }, // U+FB04
    { 8, 16, 128, 0, 14, 32, 160 }, // U+FB05
    { 8, 16, 128, 0, 14, 32, 192 }, // U+FB06
    { 8, 16, 128, 0, 14, 32, 0 }, // U+FFFD
};

static const EpdUnicodeInterval times_12_regularIntervals[] = {
    { 0x0, 0x17F, 0x0 },
    { 0x1A0, 0x1A1, 0x180 },
    { 0x1AF, 0x1B0, 0x182 },
    { 0x1C4, 0x21F, 0x184 },
    { 0x300, 0x36F, 0x1E0 },
    { 0x400, 0x4FF, 0x250 },
    { 0x1E0C, 0x1E0D, 0x350 },
    { 0x1E24, 0x1E25, 0x352 },
    { 0x1E36, 0x1E3B, 0x354 },
    { 0x1E40, 0x1E49, 0x35A },
    { 0x1E5A, 0x1E5F, 0x364 },
    { 0x1E62, 0x1E63, 0x36A },
    { 0x1E6C, 0x1E6D, 0x36C },
    { 0x1EA0, 0x1EF9, 0x36E },
    { 0x2000, 0x20CF, 0x3C8 },
    { 0x2190, 0x22FF, 0x498 },
    { 0xFB00, 0xFB06, 0x608 },
    { 0xFFFD, 0xFFFD, 0x60F },
};

static const EpdFontGroup times_12_regularGroups[] = {
    { 0, 1649, 6579, 128, 0 },
    { 1649, 1483, 7293, 128, 128 },
    { 3132, 1421, 8333, 128, 256 },
    { 4553, 1189, 6131, 96, 384 },
    { 5742, 478, 3530, 112, 480 },
    { 6220, 1369, 8256, 256, 592 },
    { 7589, 367, 1997, 30, 848 },
    { 7956, 854, 6113, 90, 878 },
    { 8810, 847, 3747, 112, 968 },
    { 9657, 278, 1564, 48, 1080 },
    { 9935, 577, 2171, 48, 1128 },
    { 10512, 1018, 4872, 112, 1176 },
    { 11530, 2122, 9781, 256, 1288 },
    { 13652, 80, 224, 7, 1544 },
    { 13732, 23, 32, 1, 1551 },
};

static const EpdFontData times_12_regular = {
    times_12_regularBitmaps,
    times_12_regularGlyphs,
    times_12_regularIntervals,
    18,
    26,
    20,
    -6,
    true,
    times_12_regularGroups,
    15,
    nullptr,
    nullptr,
    nullptr,
    nullptr,
    nullptr,
    nullptr,
    nullptr,
    nullptr,
    nullptr,
    nullptr,
    nullptr,
    0,
    0,
    0,
    0,
    nullptr,
    0,
};
