/**
 * generated by fontconvert.py
 * name: times_9_bold
 * size: 9
 * mode: 2-bit  compressed: true
 * Command used: fontconvert.py times_9_bold 9 ../../../x11/font-adobe-100dpi-1.0.4/timB14.bdf ../../../x11/unifont-18.0.01.bdf --2bit --compress --zopfli
 */
#pragma once
#include "EpdFontData.h"

static const uint8_t times_9_boldBitmaps[11386] = {
    0x9D, 0x98, 0xD1, 0x8A, 0xBC, 0xB0, 0x0E, 0xC6, 0x3F, 0xC8, 0x6D, 0x21, 0xAF, 0x52, 0xF0, 0xB6,
    0x90, 0x57, 0x0F, 0xF4, 0x56, 0xF0, 0x55, 0x02, 0xDE, 0x06, 0x72, 0x12, 0x75, 0x76, 0xD6, 0xDD,
    0xD9, 0xF3, 0x3F, 0x9E, 0x7E, 0x49, 0x63, 0x3B, 0xFE, 0x9A, 0xA8, 0x33, 0x15, 0x66, 0x5D, 0x57,
    0x45, 0xB6, 0xEC, 0xFE, 0xA7, 0x58, 0xE7, 0xA7, 0xAF, 0x00, 0xA8, 0x26, 0x5E, 0x91, 0xE7, 0x64,
    0x6B, 0x4B, 0xE3, 0xB6, 0x84, 0xAE, 0x4B, 0x13, 0x9A, 0xFC, 0xFE, 0xFC, 0x1D, 0x97, 0x6C, 0x1F,
    0xF9, 0x6D, 0x5D, 0x8C, 0x5A, 0x67, 0xA2, 0xA9, 0xB3, 0x75, 0xA1, 0xB6, 0x3C, 0xE1, 0xE5, 0xE2,
    0x65, 0xD2, 0x3C, 0xE3, 0x43, 0x7E, 0x6E, 0x61, 0xAD, 0xAB, 0xAC, 0x7D, 0x1E, 0x31, 0xAB, 0x78,
    0xC2, 0x27, 0xB7, 0xD7, 0xF5, 0xCB, 0xB6, 0xB0, 0xB5, 0x7D, 0xE4, 0x38, 0x9E, 0xF0, 0x4C, 0x59,
    0xFF, 0xDA, 0x32, 0x3F, 0x53, 0xC5, 0x3E, 0xD7, 0x67, 0xF5, 0xF3, 0x9E, 0x1C, 0x7D, 0x8F, 0x8F,
    0xF2, 0x93, 0xF3, 0x9C, 0xD4, 0x2B, 0xD2, 0x24, 0x28, 0xB9, 0xD0, 0x13, 0xBE, 0xB5, 0x98, 0x6B,
    0x6B, 0x60, 0x6F, 0x54, 0xB1, 0xB5, 0xF6, 0x8C, 0x47, 0xF2, 0xD0, 0xAF, 0xC8, 0xAE, 0xCF, 0xF3,
    0x5F, 0x79, 0x67, 0x6F, 0x80, 0x3E, 0xCB, 0xCF, 0xFE, 0xCA, 0xFB, 0xAA, 0xE3, 0x59, 0x7E, 0xF2,
    0xA0, 0xE4, 0xB4, 0xA1, 0xE2, 0xCC, 0xB1, 0xCE, 0x67, 0xBC, 0x1C, 0x3C, 0x59, 0x72, 0x4D, 0x95,
    0x4D, 0x9E, 0xE6, 0xCF, 0xBA, 0x1B, 0xC8, 0x1A, 0x69, 0x3D, 0x07, 0x8B, 0x47, 0xF9, 0x79, 0xD2,
    0xBE, 0x2E, 0x84, 0xB6, 0x9C, 0x91, 0xE7, 0xBE, 0x3F, 0xE1, 0x85, 0x74, 0xDA, 0x4A, 0xDA, 0x57,
    0x64, 0x84, 0x0A, 0xCD, 0x87, 0xFC, 0x2C, 0xAE, 0x9F, 0x3C, 0xE1, 0xFF, 0xE7, 0xE9, 0x88, 0x35,
    0x7E, 0x58, 0xFF, 0x92, 0x9C, 0x25, 0x9F, 0x91, 0xAC, 0xC6, 0x4F, 0xF8, 0x3E, 0x27, 0xFB, 0xBA,
    0xF4, 0xB1, 0x2E, 0x73, 0xDF, 0xF6, 0xAC, 0x63, 0x79, 0xB6, 0xFF, 0xF5, 0xDA, 0x37, 0xE6, 0xCA,
    0x44, 0xA2, 0x93, 0x9A, 0x10, 0x3D, 0xE2, 0x65, 0xDB, 0xAE, 0x7D, 0x8F, 0xBF, 0xE2, 0xA3, 0xFC,
    0xDC, 0x16, 0xEB, 0x5B, 0xEF, 0xB2, 0xEE, 0xD6, 0xD7, 0xCE, 0x79, 0x01, 0x8F, 0x78, 0xD7, 0xB9,
    0x62, 0x57, 0xF6, 0x35, 0xA3, 0x6A, 0x8D, 0x1F, 0xF1, 0xEB, 0xB2, 0x5F, 0xEF, 0x8F, 0xBD, 0xDE,
    0x1F, 0x8F, 0x9F, 0xFF, 0xB4, 0xB0, 0x46, 0x19, 0x27, 0x19, 0x16, 0xC8, 0xA6, 0xF1, 0xF4, 0xF7,
    0x37, 0xA1, 0x19, 0x47, 0x46, 0x4A, 0x39, 0x3D, 0xE1, 0xF1, 0xE2, 0x47, 0xF2, 0x8D, 0x00, 0x7F,
    0xC6, 0x93, 0x49, 0x72, 0x9A, 0x31, 0xF9, 0x4E, 0xA0, 0xF6, 0x90, 0x6F, 0x17, 0xDF, 0xAE, 0xFC,
    0xF6, 0x37, 0x8F, 0xEE, 0x47, 0xEB, 0x1D, 0xD9, 0xDB, 0xD5, 0x34, 0x1B, 0xCD, 0xCB, 0x24, 0x2C,
    0x8D, 0x19, 0x69, 0x11, 0x9A, 0x36, 0x06, 0x4E, 0x23, 0x15, 0xDF, 0xB7, 0x94, 0x86, 0x8A, 0xB1,
    0x53, 0xA4, 0x6A, 0xBC, 0x89, 0x93, 0x92, 0xB2, 0x91, 0x8A, 0x04, 0xBC, 0x8D, 0xF4, 0x0E, 0xEF,
    0x86, 0xD8, 0x15, 0xC2, 0xA2, 0x18, 0x6E, 0x18, 0xD6, 0xB1, 0x5B, 0xA7, 0x69, 0xCA, 0x14, 0xCA,
    0x70, 0x90, 0xA3, 0x32, 0xBD, 0x7D, 0x05, 0xC8, 0x02, 0x6C, 0x03, 0x8B, 0x77, 0x58, 0x28, 0x2C,
    0x71, 0x67, 0x43, 0x44, 0xA8, 0x68, 0xE0, 0xAC, 0x19, 0x4A, 0x60, 0x8C, 0x94, 0xC3, 0xBE, 0xE4,
    0xC7, 0x0C, 0x83, 0x00, 0x55, 0xF4, 0x3A, 0x2E, 0x29, 0x7D, 0x89, 0x95, 0xD1, 0x30, 0xD0, 0xA1,
    0xA8, 0xF1, 0xBE, 0x45, 0xB0, 0x45, 0xEC, 0x5B, 0x8D, 0x60, 0xF8, 0xB2, 0x08, 0x4B, 0xFB, 0x3E,
    0x23, 0x22, 0x3C, 0x2C, 0xB4, 0xE4, 0xEE, 0xD7, 0x82, 0x28, 0xD5, 0x92, 0x25, 0x2B, 0x55, 0xF9,
    0x63, 0x88, 0xDF, 0x34, 0xB2, 0xB1, 0x91, 0xB1, 0x85, 0xD1, 0x2F, 0x49, 0xB0, 0x89, 0x5B, 0xA8,
    0xA0, 0x34, 0x60, 0xA4, 0x4C, 0x83, 0x23, 0x1B, 0x1B, 0xC4, 0xA1, 0x01, 0x08, 0xE0, 0x20, 0x03,
    0x3B, 0x50, 0x43, 0x05, 0xAB, 0x31, 0x7C, 0x40, 0x0C, 0x70, 0x4A, 0xB5, 0x54, 0x77, 0x73, 0xF5,
    0x42, 0xE1, 0x25, 0x0E, 0x94, 0x39, 0xFA, 0xC1, 0x88, 0x83, 0x2F, 0xFA, 0xBD, 0x40, 0x18, 0x20,
    0x64, 0xAC, 0x82, 0x1A, 0xF8, 0x78, 0xD7, 0xCD, 0x16, 0xD5, 0x5C, 0xAF, 0xCB, 0x7B, 0xDD, 0x46,
    0x86, 0x1C, 0x57, 0xEA, 0xEC, 0x1C, 0x43, 0xEC, 0xBC, 0x02, 0x13, 0x63, 0x17, 0x71, 0xB6, 0xF1,
    0x5E, 0x43, 0x38, 0x50, 0x0B, 0xE7, 0x6C, 0xC0, 0xDD, 0x81, 0xEA, 0x45, 0x04, 0xB8, 0xEE, 0x6A,
    0xD5, 0x12, 0x60, 0x43, 0x00, 0x86, 0xEA, 0xF9, 0x0A, 0x1A, 0x51, 0x86, 0xA3, 0x9D, 0xC7, 0x7E,
    0x54, 0x4F, 0x57, 0xD0, 0xEC, 0xC9, 0xEB, 0xB0, 0x26, 0xCC, 0xBC, 0x5A, 0xF7, 0xA3, 0x50, 0x10,
    0x6A, 0x89, 0xD2, 0x79, 0xD7, 0x8E, 0x23, 0x63, 0xA0, 0x0B, 0x6F, 0x63, 0x88, 0x0C, 0x2F, 0xF7,
    0x71, 0xB9, 0x9B, 0x47, 0xD8, 0x90, 0x4D, 0xE5, 0x20, 0x71, 0xA4, 0x81, 0x04, 0xC0, 0xD7, 0x84,
    0xA4, 0x2F, 0x06, 0xEC, 0xE9, 0x6A, 0x20, 0x75, 0x10, 0x06, 0x28, 0x02, 0x0C, 0x41, 0x03, 0xEB,
    0x48, 0x0F, 0x0D, 0x0B, 0x87, 0xB0, 0x0A, 0xD9, 0x65, 0x79, 0xFC, 0x6B, 0x26, 0x31, 0xC4, 0xCC,
    0x28, 0x10, 0x39, 0x8A, 0xFC, 0x6E, 0x52, 0xC6, 0x6C, 0x8E, 0xA8, 0x33, 0x0B, 0x81, 0x0B, 0x86,
    0x40, 0xEE, 0x36, 0x6A, 0x9E, 0x2C, 0x02, 0x11, 0x26, 0x48, 0xEB, 0x72, 0xE2, 0x04, 0x29, 0x10,
    0xD7, 0xB0, 0xE6, 0x2D, 0xC2, 0xFE, 0x75, 0x5A, 0x59, 0x68, 0xFA, 0x04, 0x6B, 0x40, 0x0E, 0x31,
    0x1C, 0xB8, 0x3C, 0xD4, 0x21, 0x28, 0x7F, 0xA9, 0xCE, 0x43, 0x58, 0x95, 0xAA, 0x82, 0x0F, 0x8A,
    0x80, 0x7C, 0x50, 0xCC, 0x3F, 0x09, 0x84, 0x52, 0xC0, 0x3F, 0x29, 0x9B, 0x89, 0x26, 0x2B, 0x30,
    0x21, 0x15, 0x86, 0x0C, 0x88, 0x1D, 0xE6, 0x10, 0x49, 0xCB, 0x49, 0x13, 0xF2, 0xF3, 0x0B, 0x24,
    0xF8, 0xD3, 0xDE, 0x37, 0x05, 0xE4, 0x02, 0x32, 0x51, 0x3E, 0xDD, 0x96, 0x53, 0xBE, 0x5B, 0xF7,
    0x69, 0x3D, 0xD2, 0x85, 0x4E, 0x67, 0x32, 0x6F, 0xEC, 0x51, 0x89, 0x5A, 0x99, 0xB5, 0xC5, 0x5B,
    0x4F, 0x8B, 0xD6, 0x65, 0xED, 0x9C, 0xE6, 0x9D, 0xBC, 0xC3, 0x1D, 0x8E, 0x50, 0xB0, 0xBE, 0x6F,
    0x97, 0xE7, 0xE8, 0xA7, 0xBF, 0x6F, 0xA4, 0xA3, 0xCE, 0x8F, 0xF8, 0xF5, 0xFD, 0x09, 0x08, 0x7E,
    0x3F, 0xA3, 0xE7, 0x4B, 0x23, 0x00, 0x48, 0x46, 0x76, 0xD4, 0xC4, 0xE7, 0x54, 0xF2, 0x6D, 0x12,
    0x1E, 0x1A, 0xE4, 0x3A, 0x58, 0x9D, 0xAE, 0x55, 0xC4, 0xC0, 0x51, 0x47, 0xAF, 0xCD, 0x48, 0x5D,
    0xB0, 0x19, 0x22, 0xDC, 0x7C, 0xA8, 0x37, 0x38, 0xFE, 0x32, 0x8A, 0x4A, 0x2B, 0x68, 0x7F, 0x5B,
    0xA6, 0x32, 0x0A, 0x0D, 0x13, 0x93, 0x63, 0xD7, 0x21, 0xB0, 0x31, 0xC8, 0x1A, 0xC8, 0x47, 0x7A,
    0x07, 0xDC, 0xCE, 0xEB, 0x91, 0x72, 0x00, 0x9C, 0xDE, 0x80, 0xD8, 0x23, 0xA1, 0xE9, 0x45, 0x79,
    0x61, 0xCE, 0xD5, 0x25, 0x68, 0x52, 0xB4, 0x0C, 0xC0, 0xA5, 0xF8, 0xCD, 0x80, 0x60, 0x03, 0xA4,
    0xBA, 0x41, 0x7A, 0x76, 0xA1, 0x92, 0x2A, 0x68, 0x24, 0xF3, 0x4A, 0x82, 0x2B, 0xD1, 0xF9, 0xFB,
    0x27, 0x75, 0x30, 0x04, 0x03, 0xA2, 0x81, 0xB0, 0xB0, 0x8B, 0xD1, 0x91, 0x5C, 0x07, 0xB9, 0x01,
    0xAE, 0x2F, 0xF6, 0x97, 0x53, 0x18, 0x22, 0xCC, 0xD8, 0x94, 0xB5, 0x16, 0x0E, 0xC0, 0x93, 0x4A,
    0x18, 0xAF, 0x89, 0xEE, 0xB0, 0xA8, 0xA5, 0x6F, 0x2D, 0xC1, 0xD2, 0x38, 0xD4, 0xC0, 0x87, 0x48,
    0x4B, 0xC1, 0xB7, 0x16, 0x35, 0xC7, 0xD6, 0xFA, 0x18, 0xC6, 0xC6, 0xAF, 0x1D, 0x54, 0x40, 0x2A,
    0x66, 0x6E, 0x4E, 0x3E, 0xBC, 0x62, 0xB8, 0x48, 0x00, 0xF2, 0x65, 0x03, 0x39, 0x16, 0xD6, 0xBB,
    0x61, 0x38, 0xD8, 0x65, 0x78, 0xC6, 0x53, 0x32, 0xD8, 0xF0, 0x8D, 0x64, 0x29, 0xD0, 0xE5, 0x66,
    0x22, 0xE0, 0x4D, 0xD9, 0x0A, 0x0C, 0x7F, 0x83, 0xB5, 0x54, 0x0A, 0x61, 0x3F, 0x7F, 0xF7, 0x1C,
    0xFA, 0x5E, 0x60, 0x40, 0x14, 0x03, 0x08, 0x47, 0x95, 0xCF, 0x6A, 0x94, 0x3D, 0xC4, 0x71, 0x2B,
    0xB9, 0x32, 0xAB, 0xF0, 0x4F, 0x8B, 0xCD, 0x06, 0x4A, 0x40, 0xFC, 0xDE, 0x5F, 0x0E, 0x01, 0x6C,
    0xF4, 0x4B, 0xBB, 0xED, 0x2A, 0xF7, 0x14, 0xFC, 0x69, 0xA7, 0x61, 0x0D, 0xB1, 0xC0, 0x5F, 0x5B,
    0x58, 0x14, 0xB5, 0xED, 0x26, 0x3C, 0x3F, 0x7A, 0x6C, 0xBB, 0xFB, 0xDF, 0xB5, 0xBF, 0xDF, 0xA5,
    0xAF, 0x37, 0xB2, 0x7F, 0x7C, 0x36, 0x1B, 0x64, 0xDC, 0x36, 0x06, 0x9E, 0x10, 0x81, 0xDF, 0x2D,
    0x41, 0xBE, 0x6F, 0x20, 0xEE, 0x32, 0xEE, 0x05, 0x8B, 0x99, 0x79, 0x0F, 0x88, 0xB2, 0x4D, 0x33,
    0x0B, 0x25, 0xF0, 0xCF, 0x67, 0xD4, 0xEB, 0xAA, 0x3F, 0x54, 0x2C, 0xA1, 0xBC, 0x5B, 0x6C, 0x26,
    0xA4, 0x32, 0xC1, 0x5B, 0x19, 0x79, 0x19, 0xAC, 0x2C, 0x64, 0x9A, 0xD4, 0x87, 0x5C, 0x9F, 0x6E,
    0xE0, 0xB9, 0x82, 0x76, 0x07, 0x85, 0x03, 0x66, 0x87, 0xC7, 0x79, 0x9F, 0x57, 0xB0, 0x81, 0xAC,
    0x58, 0x16, 0x0C, 0x51, 0x67, 0xBD, 0xAD, 0xBC, 0xDE, 0x56, 0x4E, 0x33, 0xC5, 0xAE, 0x08, 0x20,
    0xDC, 0x5C, 0x9D, 0x8C, 0x55, 0x20, 0xCD, 0x47, 0x38, 0x25, 0xCC, 0x78, 0x69, 0xC0, 0xD2, 0xF9,
    0x2D, 0x25, 0xB7, 0x1F, 0x2D, 0x6A, 0xF6, 0x4B, 0x07, 0x60, 0xEF, 0xF1, 0xF9, 0x5E, 0x8C, 0x39,
    0x03, 0xFE, 0xDF, 0xFE, 0x9C, 0xE9, 0xDB, 0xBF, 0xFF, 0x9C, 0xF9, 0x0F, 0xA5, 0x56, 0xCD, 0x8A,
    0xFD, 0x3E, 0x0B, 0x7E, 0xC0, 0x6D, 0xC0, 0x5B, 0x09, 0x74, 0x1B, 0xF0, 0xD6, 0x85, 0x6C, 0x0B,
    0xBD, 0x15, 0xA1, 0x5B, 0xC1, 0x57, 0x69, 0xCF, 0x74, 0x7E, 0xF3, 0xF5, 0xFE, 0x33, 0xD3, 0x68,
    0x8D, 0xD5, 0x27, 0x46, 0xF3, 0x71, 0xCE, 0x9E, 0x0F, 0x00, 0x52, 0x00, 0x2F, 0x29, 0x34, 0x4F,
    0xDB, 0xB7, 0x26, 0x7C, 0xB2, 0xB5, 0xAD, 0xF5, 0xB6, 0x9D, 0x8F, 0xFD, 0x91, 0x5B, 0x3E, 0x5F,
    0xE1, 0xFB, 0xBC, 0xF1, 0xFB, 0x56, 0xB2, 0x74, 0x5A, 0xC1, 0x0B, 0x4F, 0x2E, 0x7C, 0xCA, 0xB0,
    0x9D, 0x9A, 0x34, 0xE2, 0xA5, 0xF8, 0xC7, 0x64, 0x4F, 0xFC, 0x76, 0x24, 0x3E, 0x65, 0xE9, 0x4B,
    0xF1, 0x13, 0xB0, 0x8F, 0x3D, 0xD3, 0xDE, 0xB7, 0xBD, 0xEF, 0xBD, 0xF4, 0xB5, 0xF8, 0x27, 0xF9,
    0x4E, 0xD8, 0x52, 0x5A, 0xCA, 0xD4, 0x63, 0x05, 0xCF, 0xD3, 0x4E, 0x6B, 0xD4, 0x98, 0x66, 0xA8,
    0x56, 0x1D, 0x16, 0xE7, 0x7F, 0xE3, 0x65, 0xCE, 0x30, 0x24, 0xFE, 0x98, 0xAB, 0xF5, 0x3B, 0x6D,
    0x36, 0xC8, 0xA4, 0x69, 0x13, 0xBD, 0x4F, 0x5E, 0xCA, 0x3F, 0xB7, 0xCB, 0xB9, 0x77, 0xED, 0x6C,
    0xBA, 0x95, 0x6C, 0x7D, 0xAE, 0xD5, 0x6F, 0xB3, 0xD3, 0x7A, 0x05, 0xD6, 0xB9, 0xAB, 0x76, 0xC2,
    0x1A, 0x5E, 0x1A, 0x9D, 0xAF, 0x7D, 0x53, 0x75, 0xE8, 0x7C, 0x9E, 0x8B, 0x78, 0xFE, 0x17, 0x6F,
    0x4B, 0x78, 0x78, 0x23, 0x9D, 0xED, 0x92, 0x7B, 0xCA, 0x99, 0x72, 0x69, 0xFD, 0xCF, 0xD3, 0x1A,
    0x1A, 0x93, 0x9E, 0xAA, 0x1B, 0xEA, 0x1C, 0xFC, 0x1E, 0xDF, 0x5B, 0xE2, 0xD7, 0xF2, 0x27, 0xAB,
    0x73, 0x87, 0xBE, 0x23, 0xEB, 0x88, 0x26, 0xB4, 0x5A, 0xBF, 0xBE, 0xD9, 0xDE, 0xAD, 0xA4, 0xB5,
    0xDE, 0x3B, 0x69, 0xAC, 0xE1, 0xB7, 0x33, 0xF1, 0x2D, 0xF1, 0x99, 0xC7, 0x86, 0x4E, 0x8B, 0xF9,
    0xD7, 0xFE, 0xA5, 0x06, 0x26, 0x9A, 0x3A, 0xD1, 0x85, 0x78, 0x2E, 0xD6, 0xEF, 0x5A, 0xF7, 0x46,
    0x51, 0xB2, 0xF4, 0x15, 0x7C, 0x6B, 0x3A, 0x8F, 0xA1, 0xDA, 0xF6, 0x7D, 0xEE, 0xED, 0xD4, 0xD2,
    0xD7, 0xE6, 0xAF, 0x95, 0x77, 0xE3, 0x5A, 0xF7, 0xF5, 0xFB, 0x0F, 0x72, 0xE3, 0xA5, 0xEE, 0xBF,
    0x96, 0xF8, 0x7D, 0x0D, 0xCF, 0x53, 0x23, 0xF1, 0xE0, 0xAC, 0xBF, 0xD6, 0x3A, 0xD0, 0xDA, 0xFE,
    0x61, 0x9E, 0x87, 0xF5, 0xD6, 0xDA, 0xB6, 0xF3, 0xEC, 0x7B, 0x1B, 0xA9, 0xAF, 0xEF, 0x5F, 0x28,
    0x37, 0x4C, 0xDD, 0xA1, 0xD7, 0xFE, 0x5B, 0xC7, 0x77, 0xD2, 0x69, 0xE8, 0xCA, 0xC7, 0x5C, 0x3C,
    0xBF, 0x31, 0x27, 0x1A, 0x60, 0x8D, 0xB4, 0x35, 0x90, 0x2D, 0x9E, 0xDF, 0xD7, 0xF9, 0x99, 0x93,
    0x4C, 0x37, 0x30, 0xAF, 0xED, 0xFF, 0x04, 0xCD, 0xD9, 0x4E, 0x25, 0xDB, 0xE7, 0x84, 0x2A, 0x61,
    0x71, 0xFF, 0xB0, 0x66, 0xFC, 0x0D, 0x72, 0x4C, 0xBA, 0xCF, 0xF1, 0xB7, 0xF1, 0xE1, 0xEE, 0xE8,
    0xDD, 0xEB, 0xF1, 0x0E, 0x4A, 0xB0, 0x8B, 0x78, 0xB8, 0x9D, 0x7A, 0x6A, 0x40, 0x52, 0x1F, 0x48,
    0x43, 0x00, 0x7C, 0xDC, 0xAC, 0x0F, 0x87, 0x97, 0x44, 0x4F, 0x06, 0x03, 0x08, 0x28, 0x8E, 0x50,
    0x78, 0x00, 0xE7, 0x11, 0x31, 0x86, 0xB1, 0xF1, 0x18, 0x11, 0xA9, 0x1D, 0x2A, 0x04, 0x61, 0xF0,
    0x5E, 0x44, 0x06, 0x89, 0xE7, 0x7D, 0x51, 0xF6, 0xCD, 0xEA, 0x01, 0x70, 0xF7, 0xD8, 0xC6, 0xE8,
    0x63, 0x80, 0x21, 0x7A, 0x9A, 0xB9, 0x0F, 0x19, 0x6C, 0x64, 0x30, 0xEB, 0x66, 0xA2, 0xE5, 0x83,
    0x50, 0xB0, 0x3A, 0xCA, 0xAB, 0xC7, 0x89, 0xD3, 0x4E, 0x9D, 0xDA, 0x93, 0x51, 0xAC, 0xA5, 0xF7,
    0x98, 0x65, 0x2F, 0x3F, 0x94, 0xBF, 0xE0, 0x54, 0xD6, 0x33, 0x9B, 0x1B, 0x10, 0x46, 0x53, 0x99,
    0x31, 0x06, 0xCC, 0xEA, 0x9D, 0xFD, 0xFC, 0x12, 0x51, 0x04, 0x7A, 0x28, 0xAA, 0xE9, 0xFB, 0x80,
    0x5B, 0x4C, 0x58, 0x06, 0x50, 0x33, 0x4D, 0x93, 0x6A, 0x75, 0x53, 0xDF, 0x3C, 0xFE, 0x09, 0x18,
    0xF7, 0x64, 0x2D, 0x25, 0x55, 0xD3, 0xC8, 0xE7, 0xEA, 0x01, 0xD5, 0x17, 0xCC, 0xEC, 0x33, 0x1A,
    0x3A, 0x42, 0x03, 0x97, 0x2E, 0xE0, 0x7C, 0xCF, 0x92, 0xC9, 0x86, 0x10, 0x15, 0xFE, 0x44, 0xA1,
    0x72, 0xDA, 0x00, 0x2A, 0x16, 0x30, 0x00, 0x8E, 0xFA, 0x18, 0x07, 0xDE, 0x48, 0x8E, 0x5A, 0x3F,
    0xFA, 0x9E, 0xDC, 0xBD, 0xE1, 0x0E, 0x85, 0x48, 0x7E, 0xB5, 0x67, 0xEA, 0x96, 0x3D, 0xA4, 0xFE,
    0x14, 0xE9, 0x5D, 0xD9, 0x52, 0x22, 0x90, 0xB2, 0x98, 0xF4, 0x62, 0xA6, 0x64, 0x46, 0xB8, 0x00,
    0xE3, 0x00, 0xCE, 0xE2, 0xA8, 0x3C, 0x91, 0xFC, 0x0D, 0x46, 0x92, 0xA7, 0x86, 0xA7, 0x32, 0x18,
    0xB0, 0x96, 0xDC, 0x51, 0xD5, 0x4F, 0x86, 0x60, 0x60, 0xAA, 0x81, 0x92, 0xA5, 0xFC, 0xA7, 0x82,
    0x0E, 0xC2, 0x3C, 0x18, 0x32, 0xBE, 0x89, 0xA3, 0xD5, 0x00, 0xCA, 0x56, 0x31, 0xFD, 0xDA, 0xF4,
    0x43, 0x0C, 0x0E, 0x40, 0xDE, 0x9D, 0x0E, 0x2E, 0x56, 0x40, 0x92, 0x37, 0x03, 0xCE, 0xE4, 0x8A,
    0xA6, 0x0E, 0xC2, 0x00, 0x45, 0x80, 0x21, 0x68, 0x60, 0x1D, 0xC9, 0xA1, 0x61, 0x97, 0x3F, 0x00,
    0xC3, 0x1F, 0xC6, 0xC0, 0xE5, 0x6F, 0xF6, 0xFB, 0x31, 0x46, 0x07, 0x52, 0x60, 0xFE, 0x21, 0x17,
    0xB3, 0xBF, 0xCD, 0x41, 0x00, 0x9C, 0x7A, 0xB1, 0xFC, 0x76, 0x8C, 0x08, 0x05, 0x3B, 0x29, 0x9A,
    0x43, 0x31, 0x1C, 0x40, 0xAF, 0x97, 0x79, 0x03, 0x34, 0x12, 0x1A, 0xD9, 0x23, 0x38, 0xC0, 0xF5,
    0x6A, 0x70, 0x24, 0x3C, 0x11, 0x31, 0x0B, 0x1B, 0x93, 0x35, 0x04, 0x22, 0x60, 0x07, 0xDE, 0x93,
    0x14, 0x31, 0x9B, 0x23, 0x14, 0xBD, 0xE0, 0xC4, 0x65, 0x60, 0x05, 0x19, 0x30, 0x00, 0x20, 0xC2,
    0x04, 0x49, 0x5D, 0x80, 0x22, 0x82, 0x44, 0xBD, 0x6F, 0xB5, 0xBE, 0x5B, 0xFA, 0xC0, 0x0B, 0xC2,
    0x58, 0x81, 0x18, 0xC8, 0xC1, 0xBC, 0x00, 0x61, 0x5E, 0xF3, 0x77, 0x08, 0x48, 0x81, 0x50, 0xC1,
    0x57, 0x2D, 0xF4, 0xBA, 0x48, 0x7E, 0xF4, 0x80, 0xA8, 0xD9, 0x4F, 0x1E, 0x66, 0x3F, 0xDB, 0xE5,
    0xBA, 0x22, 0x93, 0x25, 0x99, 0x93, 0xAF, 0x16, 0x9E, 0xEF, 0xA7, 0xDD, 0x76, 0x47, 0xF9, 0xC3,
    0x94, 0x42, 0xE9, 0x4A, 0x16, 0x22, 0xDA, 0x8A, 0xAC, 0x6D, 0xDE, 0x7A, 0x52, 0xB4, 0x2E, 0x7B,
    0xE7, 0x24, 0xEF, 0xE4, 0x1D, 0xEE, 0xF0, 0x4F, 0xA7, 0xF7, 0x0E, 0x2B, 0x77, 0xF3, 0xD4, 0x3E,
    0xF2, 0xCB, 0xF6, 0xBA, 0x99, 0x3F, 0x9D, 0xDE, 0xDF, 0x8C, 0x31, 0x0A, 0x07, 0xD0, 0xFC, 0xC3,
    0x3C, 0x4C, 0x41, 0x91, 0xCC, 0xBF, 0x9F, 0x47, 0xC6, 0xFF, 0xD3, 0x1C, 0x8C, 0x74, 0x30, 0x78,
    0x80, 0x2C, 0xA9, 0x3A, 0xA9, 0x1A, 0x5D, 0x09, 0x86, 0xDD, 0xE3, 0x1D, 0x10, 0x3A, 0xE0, 0x94,
    0x1A, 0x27, 0xB7, 0xE4, 0x91, 0xDC, 0x59, 0x87, 0x09, 0xC6, 0xBD, 0xA4, 0x54, 0xF1, 0x01, 0x90,
    0x01, 0x8E, 0xEA, 0x56, 0x88, 0x10, 0xB4, 0xEF, 0x69, 0xB0, 0x5A, 0xE1, 0x2A, 0xB6, 0x62, 0xAC,
    0x40, 0x06, 0x10, 0x95, 0xFB, 0x7F, 0x87, 0xA4, 0xF3, 0x92, 0x3F, 0xE0, 0x57, 0x36, 0x7C, 0xD7,
    0xD7, 0x44, 0x45, 0xF9, 0xBA, 0xB8, 0xAC, 0x83, 0xDC, 0x00, 0x57, 0x20, 0x92, 0x05, 0x9F, 0x98,
    0xC2, 0xCA, 0x24, 0x40, 0x51, 0x40, 0x58, 0x85, 0xEC, 0xA6, 0xEC, 0xC7, 0x6D, 0xAA, 0xFC, 0x1D,
    0x7C, 0x94, 0xC3, 0x4D, 0x02, 0x69, 0xA9, 0x3E, 0x5F, 0x92, 0xE2, 0x5A, 0x38, 0x18, 0x20, 0x66,
    0x6E, 0x4E, 0x3E, 0xBC, 0x64, 0xB8, 0x08, 0x9C, 0x8C, 0xF1, 0x95, 0x85, 0x94, 0x6D, 0x8C, 0xAF,
    0x2C, 0xDC, 0xC4, 0xFB, 0x97, 0xA3, 0x8D, 0xF1, 0x0D, 0x42, 0x87, 0x0D, 0x63, 0xFD, 0x6C, 0x91,
    0xD3, 0x5D, 0x0E, 0x13, 0x46, 0x84, 0x04, 0x5C, 0x60, 0x02, 0x8F, 0x43, 0xA6, 0xB3, 0xCB, 0x48,
    0x4F, 0x5C, 0x4D, 0x06, 0x1B, 0x01, 0xD6, 0x8D, 0xF5, 0x95, 0x0E, 0x5B, 0x79, 0x84, 0x3F, 0x1E,
    0xA8, 0x84, 0xF4, 0x2B, 0xCB, 0x95, 0xCE, 0x57, 0x96, 0x31, 0xBE, 0xFC, 0xFE, 0x5C, 0x90, 0xDF,
    0x5F, 0x8C, 0xDF, 0x5F, 0x88, 0xDF, 0x5C, 0x84, 0x9F, 0xBF, 0x0F, 0xF0, 0x60, 0xED, 0xC6, 0x3E,
    0x86, 0xCB, 0xAB, 0x8D, 0x9A, 0xF1, 0x04, 0x07, 0xDA, 0x00, 0x00, 0x17, 0x48, 0x7C, 0xF1, 0x87,
    0x2E, 0x0E, 0x7B, 0x8A, 0xF1, 0x71, 0x80, 0xAB, 0x18, 0x9F, 0x2D, 0x4F, 0x31, 0x3E, 0x5B, 0xEE,
    0xB5, 0xFD, 0x6C, 0x49, 0xFD, 0x6B, 0xC4, 0xF3, 0xC7, 0x14, 0xB8, 0xFA, 0x9D, 0x5C, 0xF9, 0x6D,
    0x0F, 0x8A, 0xCA, 0xA1, 0x42, 0xF5, 0x65, 0x73, 0x28, 0xDE, 0xFF, 0x82, 0x7E, 0xFB, 0x2F, 0x95,
    0xCF, 0xE7, 0x57, 0xF3, 0x67, 0xB7, 0xE7, 0x97, 0xF2, 0x47, 0x37, 0xE6, 0xFF, 0xEF, 0x03, 0x56,
    0xC8, 0x7D, 0xBD, 0x57, 0x61, 0x49, 0x65, 0x82, 0x0F, 0xF0, 0x0E, 0xF2, 0x22, 0xD8, 0x8B, 0x14,
    0xA7, 0x22, 0x50, 0x24, 0x6F, 0x34, 0x5E, 0x87, 0xF5, 0x3D, 0x1D, 0x90, 0xF1, 0xF8, 0x84, 0x82,
    0x39, 0x69, 0x21, 0xC4, 0xFF, 0x00, 0xA5, 0x97, 0xDD, 0x6A, 0xF3, 0x4A, 0x0F, 0x85, 0x1F, 0xD0,
    0xA9, 0x41, 0xB7, 0x62, 0xD8, 0xA7, 0x03, 0xBA, 0x75, 0x81, 0x4F, 0x37, 0xE4, 0x56, 0x16, 0xF4,
    0x54, 0xA0, 0x2F, 0x69, 0x9C, 0x6E, 0xA7, 0xEF, 0x34, 0xAF, 0xD3, 0x8F, 0xB5, 0x54, 0x9B, 0x76,
    0xE6, 0xD1, 0x4C, 0xE7, 0xD7, 0xB4, 0x00, 0xC0, 0x01, 0x4F, 0x88, 0x84, 0x7F, 0x04, 0x1F, 0x82,
    0x14, 0x96, 0x85, 0x31, 0xB0, 0x6E, 0x9C, 0x60, 0xC1, 0x73, 0xE0, 0xD9, 0xD9, 0x8A, 0x82, 0x90,
    0x4A, 0x65, 0x35, 0x4A, 0x57, 0x75, 0x45, 0xB0, 0xAE, 0x10, 0x02, 0xCF, 0x5F, 0x93, 0xD7, 0x35,
    0xE4, 0x39, 0xA5, 0xFF, 0x82, 0x86, 0x01, 0x0B, 0xE0, 0x02, 0xCB, 0x19, 0x35, 0x0D, 0x2B, 0x84,
    0x09, 0x4F, 0x06, 0x00, 0xBD, 0x79, 0x76, 0x10, 0x81, 0x17, 0x1C, 0x1D, 0x10, 0xB8, 0xAB, 0xE8,
    0xA4, 0x4C, 0x0E, 0x78, 0xC5, 0xA8, 0x51, 0xDC, 0x15, 0xC3, 0x85, 0x43, 0x24, 0xD2, 0x79, 0x98,
    0xA5, 0x6B, 0x8C, 0x9F, 0x60, 0xCE, 0x3B, 0x24, 0xCB, 0x29, 0x47, 0x22, 0xF2, 0x2D, 0xD4, 0x18,
    0xAE, 0x39, 0xCC, 0x1D, 0x2B, 0x10, 0x40, 0x37, 0x61, 0x0A, 0x2A, 0x18, 0x41, 0x3C, 0x7B, 0x04,
    0x15, 0xA6, 0x6E, 0x68, 0x8A, 0xF8, 0x8A, 0xE1, 0x81, 0xA2, 0x2D, 0x2B, 0xE0, 0x7B, 0x44, 0x80,
    0x5F, 0x92, 0xE8, 0xC4, 0xB3, 0xF0, 0x0C, 0x3C, 0x1D, 0xCF, 0xBB, 0xBA, 0x3C, 0x0F, 0xDA, 0xFF,
    0x5E, 0x44, 0x27, 0x34, 0x04, 0x74, 0x5E, 0xED, 0x41, 0x34, 0x15, 0x4F, 0x8E, 0xB8, 0xB1, 0xBD,
    0x01, 0xBA, 0x15, 0x28, 0x58, 0x03, 0x6E, 0x36, 0xA2, 0x09, 0x23, 0xB8, 0x7B, 0x0D, 0xD4, 0xAD,
    0x28, 0x70, 0xC5, 0xA8, 0xD1, 0xF5, 0xDF, 0x3F, 0x61, 0x59, 0xF0, 0xC2, 0x74, 0x1E, 0xB4, 0x4F,
    0xEF, 0x19, 0x0C, 0xC1, 0x3B, 0x24, 0x4B, 0x9B, 0x72, 0x4E, 0x56, 0x27, 0x31, 0xB0, 0x02, 0x4D,
    0x20, 0xC6, 0x82, 0xCB, 0xF2, 0x38, 0xCC, 0x27, 0xC1, 0xFB, 0x9C, 0x99, 0x40, 0x71, 0x20, 0x12,
    0x24, 0xF6, 0x49, 0x88, 0x67, 0x13, 0x9F, 0x72, 0x0A, 0xF6, 0xE8, 0x7C, 0xCC, 0x92, 0x87, 0x3C,
    0x1B, 0x5A, 0x58, 0xE2, 0x62, 0x0C, 0x00, 0xEF, 0xAC, 0x60, 0xF7, 0x20, 0x92, 0x01, 0x5D, 0x74,
    0x67, 0x79, 0xCA, 0xB2, 0x9C, 0x28, 0xC8, 0x84, 0x4E, 0x08, 0x7E, 0x9D, 0xF6, 0x30, 0xD2, 0xA7,
    0xD3, 0x3A, 0xF7, 0xF8, 0x7D, 0x4F, 0x2D, 0xCF, 0xE7, 0xFB, 0x55, 0x0E, 0x00, 0xE2, 0x10, 0x0E,
    0x0C, 0x40, 0xF7, 0xE7, 0xBD, 0x15, 0xDA, 0xFD, 0x66, 0xDF, 0x0F, 0x23, 0xDD, 0xD9, 0x19, 0x4C,
    0xD4, 0x4D, 0x4C, 0xD4, 0x5B, 0xE7, 0xD3, 0x16, 0x0A, 0xF1, 0xE5, 0x20, 0x3A, 0xC3, 0xBF, 0xBB,
    0x2F, 0x3A, 0xA6, 0xE9, 0xEE, 0xBC, 0xC5, 0xDF, 0xD2, 0xEC, 0x68, 0x11, 0x7A, 0x85, 0x1E, 0x6B,
    0x6B, 0x4B, 0xE8, 0x8C, 0x39, 0x2A, 0x1F, 0x25, 0x22, 0xFD, 0x49, 0xA1, 0xD6, 0xAB, 0x7A, 0xAD,
    0x59, 0x9D, 0xCC, 0xCE, 0xE0, 0x55, 0xBD, 0xAF, 0x12, 0x7F, 0x12, 0x7F, 0xAC, 0xB3, 0xB0, 0x12,
    0xE9, 0x8C, 0x4F, 0x41, 0xFF, 0x58, 0xC2, 0xF1, 0x97, 0xD9, 0xA7, 0x59, 0x15, 0x78, 0x9E, 0x8D,
    0xBE, 0x5C, 0x12, 0xBF, 0x80, 0x15, 0xC3, 0x77, 0x03, 0x1D, 0x19, 0x3E, 0x1D, 0x84, 0xC4, 0xD3,
    0x2E, 0x57, 0x43, 0x81, 0xAC, 0xDC, 0xC1, 0x9A, 0x9A, 0xA9, 0xAA, 0x14, 0xFF, 0x9D, 0xAA, 0xB2,
    0x3F, 0xF4, 0xA1, 0x8F, 0x0C, 0x7A, 0xEB, 0x40, 0x61, 0x19, 0x4E, 0x0C, 0x42, 0x9F, 0x2E, 0x22,
    0xAE, 0xCE, 0x70, 0x85, 0x55, 0x67, 0x03, 0xD4, 0xEE, 0xC7, 0xCA, 0x78, 0x9E, 0x96, 0x3E, 0x23,
    0x78, 0x76, 0x08, 0x30, 0xED, 0xBE, 0x57, 0xF4, 0xD7, 0xE5, 0x0B, 0x13, 0x0E, 0x40, 0x27, 0xC1,
    0xDC, 0x4F, 0x87, 0x81, 0x3C, 0xF7, 0x01, 0x9D, 0xAA, 0xF3, 0x24, 0x68, 0xD2, 0xD6, 0x57, 0x54,
    0xF6, 0x37, 0x67, 0x20, 0x3A, 0x9F, 0x0E, 0xF1, 0x11, 0xA0, 0xC0, 0x32, 0x80, 0xE7, 0x58, 0x09,
    0x44, 0xB7, 0x38, 0x9C, 0xCE, 0x63, 0x1F, 0x08, 0xF8, 0xE6, 0xCE, 0x3D, 0xD5, 0x2C, 0x4C, 0x8F,
    0xF8, 0x13, 0x4D, 0x7C, 0xB3, 0x69, 0xF7, 0x01, 0x1D, 0xC2, 0xF3, 0xD3, 0x85, 0x0B, 0x4F, 0x22,
    0xE9, 0xC4, 0x77, 0x2F, 0x9E, 0x23, 0xBA, 0xF6, 0x35, 0x5A, 0xAE, 0xDB, 0x33, 0xB2, 0x1F, 0x6B,
    0xF5, 0x5E, 0x05, 0x04, 0xD0, 0x44, 0xE4, 0x72, 0xB3, 0x96, 0x7F, 0x6A, 0x59, 0xAF, 0xEE, 0x65,
    0x8D, 0x7F, 0x57, 0xBF, 0xBA, 0x56, 0xAB, 0x95, 0x2A, 0x8A, 0x80, 0xC2, 0x12, 0xA0, 0x5E, 0x6C,
    0x68, 0x27, 0x69, 0x40, 0x3C, 0xEC, 0x30, 0x40, 0xAF, 0xB0, 0xD3, 0xC9, 0x7C, 0x3C, 0xEA, 0x4F,
    0xE6, 0x3D, 0x56, 0x79, 0x91, 0xEE, 0x8F, 0x03, 0x26, 0x3C, 0xE5, 0x2D, 0x7C, 0x9B, 0x47, 0x7C,
    0xD4, 0xE9, 0x9E, 0x17, 0xE3, 0x6A, 0xE1, 0x39, 0x6D, 0xC1, 0x64, 0xE3, 0x68, 0x01, 0xC0, 0x7E,
    0xB5, 0x8C, 0x5D, 0x85, 0xE7, 0xF7, 0xF8, 0xEF, 0xBC, 0x2C, 0xE8, 0x24, 0x0A, 0x5C, 0x63, 0x54,
    0x3C, 0x34, 0x86, 0xEB, 0x78, 0xC1, 0xF8, 0x2D, 0x79, 0x59, 0xBC, 0x4C, 0x53, 0xFA, 0x18, 0x20,
    0x7D, 0x86, 0x6D, 0xF9, 0xEB, 0x0C, 0xEE, 0x63, 0x8C, 0xA1, 0x79, 0x8E, 0xEE, 0xF6, 0x4D, 0x1E,
    0x26, 0xBB, 0x06, 0x75, 0x8F, 0xB5, 0xAC, 0x75, 0x7F, 0x8A, 0xB8, 0x87, 0xDD, 0xCA, 0x7D, 0x96,
    0xCF, 0x8A, 0xB8, 0x54, 0x78, 0x45, 0x1F, 0xAE, 0xD6, 0x17, 0xDF, 0xEA, 0x69, 0x41, 0x34, 0xE1,
    0x19, 0xA6, 0xDD, 0x9E, 0xD1, 0x44, 0x1C, 0x7E, 0x49, 0x75, 0xF6, 0xE3, 0x5B, 0xAA, 0x2A, 0xC6,
    0xF3, 0x16, 0x73, 0x16, 0x30, 0x99, 0xD3, 0x13, 0x1A, 0x78, 0xDE, 0x64, 0xE9, 0x8C, 0xE7, 0x39,
    0x7F, 0x2E, 0x8F, 0x14, 0x39, 0x6F, 0xE8, 0x71, 0x4D, 0x5B, 0xE5, 0xF0, 0x2C, 0x7B, 0xCC, 0x1B,
    0xE1, 0x7D, 0x7F, 0x4B, 0x3C, 0xE5, 0x59, 0xC1, 0x45, 0x3C, 0x7A, 0x1D, 0x92, 0x6A, 0x6D, 0x22,
    0x5D, 0x9B, 0xA4, 0xCE, 0xE3, 0x3D, 0xF7, 0x24, 0xCC, 0x89, 0x94, 0xA6, 0xB0, 0x73, 0x00, 0x03,
    0xC4, 0x2A, 0x3C, 0x27, 0x90, 0x05, 0xCB, 0x2D, 0x83, 0x31, 0x70, 0xBD, 0xD7, 0x4D, 0x29, 0x72,
    0xDE, 0xCD, 0xEE, 0x52, 0x8D, 0xAC, 0x85, 0xE2, 0x27, 0x5B, 0x43, 0xC2, 0x60, 0x19, 0x98, 0x30,
    0x9C, 0x56, 0x70, 0xD0, 0xEA, 0x5F, 0xAD, 0xB3, 0x2D, 0x69, 0x18, 0x00, 0x67, 0xE1, 0x8F, 0xAF,
    0x19, 0xC7, 0x5B, 0x23, 0x50, 0xC0, 0x93, 0x57, 0x3C, 0xBF, 0xD3, 0xAC, 0xAF, 0x9E, 0xD0, 0x0E,
    0xCD, 0x53, 0xE8, 0xD1, 0x3C, 0xDB, 0xF0, 0x66, 0x19, 0x00, 0x9D, 0x1D, 0x2C, 0x3F, 0x7B, 0x78,
    0xCA, 0xFA, 0xB9, 0xCA, 0xF4, 0x4E, 0xD4, 0xE9, 0x1F, 0xF2, 0x7E, 0x83, 0xE9, 0xFD, 0x17, 0x9A,
    0xD9, 0xDE, 0xAB, 0xF3, 0xCC, 0xC3, 0xA7, 0xD1, 0x2B, 0x32, 0x85, 0x5D, 0xAE, 0x7E, 0x0F, 0x6E,
    0xC2, 0xC7, 0xD5, 0x27, 0xF8, 0x92, 0x6D, 0x79, 0xB5, 0xFB, 0x79, 0xFE, 0x5E, 0xFE, 0xEA, 0x31,
    0xFE, 0xC2, 0x3F, 0x09, 0x64, 0x85, 0x84, 0x86, 0xF1, 0x8A, 0x76, 0x2C, 0x06, 0x02, 0xAC, 0x00,
    0x77, 0x00, 0xA0, 0x3F, 0x3A, 0x14, 0x5B, 0x59, 0x7A, 0x96, 0xE1, 0x2A, 0xC7, 0x55, 0x0B, 0xA6,
    0x58, 0xB0, 0x8A, 0x01, 0x15, 0x2B, 0xD4, 0x45, 0xD0, 0x2E, 0x08, 0x17, 0x0C, 0xCB, 0xFD, 0xC7,
    0xF7, 0x2F, 0xB0, 0xD8, 0x14, 0x61, 0x19, 0xBE, 0xE1, 0x97, 0x0B, 0xBE, 0xFD, 0x8B, 0x7D, 0x14,
    0xD6, 0x05, 0xD2, 0x3D, 0x06, 0xD0, 0x7C, 0x9D, 0x32, 0xAD, 0xC8, 0x48, 0xC7, 0x73, 0xE0, 0x5A,
    0xB1, 0x12, 0x54, 0xF2, 0xD3, 0x65, 0xCC, 0x5A, 0x20, 0xAC, 0xD8, 0xC7, 0xE0, 0xA2, 0xB0, 0x8C,
    0x5B, 0x42, 0xFC, 0x9A, 0xAE, 0x6E, 0x46, 0xBB, 0x95, 0x7C, 0xE4, 0x9E, 0xEE, 0xFF, 0x4A, 0xF9,
    0x7C, 0xDA, 0x48, 0xAE, 0xDC, 0xEF, 0x70, 0x50, 0xD8, 0xF1, 0x52, 0xC7, 0x5A, 0xA8, 0x5B, 0x8F,
    0x7D, 0xB7, 0x4B, 0x95, 0xB7, 0xF7, 0x0C, 0x62, 0xA9, 0xD1, 0x85, 0xDE, 0x23, 0x59, 0x5A, 0xCE,
    0x38, 0xEE, 0x58, 0xBD, 0x87, 0x92, 0x22, 0xE7, 0x8D, 0x02, 0x00, 0x64, 0xDC, 0x14, 0xD8, 0x41,
    0x00, 0xFF, 0x03, 0xAD, 0x96, 0xC1, 0x8A, 0xEB, 0x3C, 0x0C, 0x85, 0x3F, 0xD0, 0xD6, 0xA0, 0x57,
    0x31, 0x74, 0x6B, 0xD0, 0xAB, 0x0B, 0xBA, 0xBD, 0x90, 0x57, 0x11, 0x74, 0x2B, 0xD0, 0x1F, 0xDF,
    0x24, 0x34, 0x33, 0xED, 0x94, 0x4E, 0xFF, 0xAB, 0x73, 0x0E, 0xCD, 0xD8, 0x8A, 0xE4, 0x71, 0x6C,
    0xD9, 0x94, 0x9B, 0x7A, 0x9A, 0x61, 0x53, 0x9A, 0x68, 0xAE, 0x8A, 0x55, 0x7E, 0xC8, 0xD8, 0xA0,
    0x9E, 0x50, 0x8E, 0x86, 0x8D, 0x61, 0x69, 0x2B, 0x35, 0x6D, 0xA4, 0x45, 0x1A, 0x63, 0xA0, 0x41,
    0x79, 0xA5, 0xD1, 0x0E, 0x8D, 0x55, 0x61, 0xA8, 0x1B, 0x8D, 0xAF, 0x1A, 0xA8, 0x07, 0x52, 0x4E,
    0xD9, 0xE2, 0xA6, 0x87, 0xAE, 0xF3, 0x17, 0xD3, 0x5C, 0xE5, 0xD8, 0x4C, 0x77, 0x0B, 0xB8, 0xD0,
    0x00, 0x86, 0x5D, 0xE4, 0x2F, 0xDA, 0x8A, 0x3E, 0x31, 0x8C, 0xDD, 0xA6, 0xCF, 0xE0, 0xC2, 0xC5,
    0xCE, 0x1E, 0xE7, 0x7E, 0x69, 0x82, 0xA0, 0x5F, 0xFA, 0xD5, 0x38, 0x59, 0xB7, 0x2E, 0x27, 0x5C,
    0xFB, 0xD5, 0x06, 0x77, 0x9B, 0x6D, 0x74, 0x3D, 0xFB, 0xD8, 0x95, 0x46, 0x00, 0xC0, 0x90, 0x26,
    0x8D, 0xA6, 0x4D, 0xEE, 0xA8, 0x53, 0x3F, 0xF4, 0x65, 0xC6, 0x1C, 0x2B, 0x2E, 0x2B, 0xFA, 0x6D,
    0xC5, 0x1F, 0xEE, 0x36, 0x33, 0xFA, 0x58, 0xF6, 0xFE, 0xE9, 0xB1, 0x42, 0xEE, 0xEF, 0xCB, 0x0A,
    0x2E, 0x3A, 0x66, 0xFB, 0x8E, 0xBD, 0x3F, 0x02, 0xCC, 0x41, 0xD9, 0x4C, 0xA7, 0x7C, 0x6B, 0xBB,
    0x04, 0xDC, 0x02, 0x3C, 0x10, 0x4F, 0x84, 0x81, 0x54, 0xA1, 0x18, 0x0D, 0xF5, 0xB1, 0xAA, 0xBC,
    0x62, 0x0C, 0x0D, 0x71, 0xB0, 0x88, 0x8C, 0x94, 0x1C, 0x19, 0x2B, 0x2A, 0xCD, 0x22, 0xCC, 0x15,
    0x28, 0x37, 0x9E, 0xA1, 0xFC, 0xF0, 0x30, 0xD7, 0x2F, 0xB0, 0xC7, 0x91, 0x95, 0xA3, 0x9E, 0xD8,
    0x8E, 0x63, 0x91, 0xBD, 0x5A, 0x70, 0xC7, 0xC8, 0x34, 0xC6, 0x48, 0x3B, 0x30, 0x5B, 0x55, 0x91,
    0x84, 0xD8, 0x02, 0x97, 0xD1, 0x7E, 0xE6, 0x50, 0x0F, 0x29, 0xFF, 0xF2, 0x8A, 0xB9, 0xE9, 0x03,
    0xCB, 0xF5, 0x36, 0x3D, 0x01, 0xB9, 0xFA, 0xCA, 0x5F, 0x04, 0x2F, 0x00, 0xD5, 0xC9, 0xD7, 0xF1,
    0x51, 0xC7, 0x20, 0xF8, 0x20, 0x0B, 0x06, 0x89, 0xF8, 0xBB, 0xB9, 0x66, 0xF0, 0x82, 0xF1, 0x49,
    0xAE, 0x63, 0xBA, 0xDE, 0xCD, 0xA5, 0x8E, 0xC4, 0x87, 0xB9, 0x0C, 0xD4, 0x7F, 0x91, 0xCB, 0xFC,
    0x16, 0xE4, 0x44, 0x65, 0xE4, 0xFC, 0x9B, 0x0A, 0x00, 0x88, 0x98, 0xFA, 0x78, 0x2F, 0x58, 0xC2,
    0x58, 0xED, 0xD9, 0x6E, 0xA0, 0xCE, 0x71, 0xF9, 0x5F, 0x39, 0xC4, 0x9F, 0xEF, 0x38, 0xA4, 0x9C,
    0xCD, 0xAC, 0xCA, 0xD1, 0x14, 0xA7, 0x25, 0xCE, 0x48, 0xA0, 0x27, 0x10, 0xD9, 0xC0, 0x2B, 0x91,
    0xCA, 0x86, 0x90, 0xA0, 0x24, 0x34, 0x12, 0x1F, 0xA4, 0x78, 0x5D, 0xAB, 0x7C, 0x8B, 0x64, 0xB7,
    0x4C, 0x5B, 0xC2, 0x94, 0x2A, 0x2B, 0xD2, 0x08, 0x23, 0x6B, 0xB1, 0x6B, 0x52, 0x57, 0xD4, 0x0B,
    0x9B, 0xD8, 0x42, 0xEC, 0x2A, 0x4F, 0x8C, 0xA9, 0x15, 0x31, 0x35, 0xFD, 0xA8, 0x40, 0xCB, 0xD3,
    0xD8, 0x39, 0x30, 0x67, 0x40, 0x25, 0x55, 0xBE, 0x32, 0xC4, 0x53, 0xB1, 0xE4, 0x61, 0xF3, 0xBF,
    0x93, 0x6A, 0xC7, 0x9E, 0x6A, 0x3F, 0x58, 0xC4, 0x81, 0x57, 0x69, 0x53, 0xEF, 0x69, 0xBF, 0x6C,
    0xF1, 0x6B, 0x19, 0x61, 0xE2, 0xA6, 0xD8, 0xC0, 0x82, 0xC9, 0xC4, 0x6C, 0xA5, 0x9B, 0x86, 0x49,
    0x96, 0x57, 0x04, 0xE6, 0xFB, 0x30, 0x0B, 0x8C, 0x83, 0xFA, 0xEC, 0x45, 0xF5, 0xB2, 0xF8, 0xA4,
    0x92, 0xD1, 0x80, 0xCE, 0x3E, 0x29, 0xCF, 0x2A, 0x1A, 0x2E, 0x48, 0x12, 0xC7, 0x2A, 0xFB, 0x17,
    0x59, 0x2C, 0x5F, 0x65, 0x6A, 0x5D, 0x1C, 0xC0, 0x92, 0xCE, 0x6C, 0x0B, 0xDA, 0x44, 0x9F, 0x3E,
    0xBB, 0x1D, 0x3E, 0xFA, 0xDD, 0xA7, 0x69, 0xDC, 0xAB, 0xB3, 0x3C, 0xE0, 0x16, 0x37, 0x37, 0x76,
    0x7B, 0x7D, 0x7A, 0x03, 0x2F, 0x4F, 0x6F, 0x84, 0x1F, 0x4F, 0x6F, 0x09, 0x50, 0x87, 0xF1, 0xF9,
    0x32, 0xC3, 0x20, 0x7F, 0xB7, 0xCC, 0x0E, 0xEB, 0xFE, 0x17, 0x7F, 0xEC, 0x4F, 0x3F, 0xD0, 0x39,
    0xD9, 0x25, 0x46, 0xEB, 0x13, 0xBD, 0xFB, 0x85, 0x41, 0x9F, 0x00, 0xCE, 0xA5, 0xB2, 0x30, 0xF3,
    0x36, 0x19, 0xED, 0x92, 0xAD, 0xAF, 0xAC, 0xD6, 0xD7, 0x88, 0xBA, 0x32, 0xBB, 0x64, 0x27, 0x93,
    0x3C, 0x57, 0xC8, 0x34, 0xAC, 0x9E, 0xD4, 0xC6, 0x5A, 0xE2, 0x61, 0x42, 0x0C, 0xB8, 0xF9, 0x26,
    0xFB, 0xAC, 0x5C, 0x91, 0x12, 0xDB, 0x6B, 0x23, 0x46, 0xA8, 0x3F, 0x29, 0x5A, 0xA8, 0xEF, 0xB9,
    0x08, 0xFE, 0x51, 0xF9, 0x42, 0x02, 0x75, 0x06, 0xAF, 0x8B, 0xD8, 0xC3, 0x7F, 0xCC, 0x80, 0x8A,
    0x7D, 0xEB, 0x2C, 0x98, 0x2C, 0xA4, 0xA8, 0xA7, 0xAE, 0x6A, 0xAB, 0xC6, 0xAA, 0xAE, 0x3E, 0xC2,
    0x18, 0x6E, 0xD3, 0x0F, 0x29, 0x47, 0x81, 0xF3, 0xD1, 0x0C, 0x5D, 0xD2, 0x55, 0xD9, 0xA7, 0xD7,
    0xDC, 0x16, 0x37, 0x99, 0x2D, 0x97, 0xC4, 0x41, 0xAE, 0x7E, 0x3F, 0x6D, 0xC6, 0xF8, 0xF8, 0x34,
    0x88, 0x60, 0x8C, 0x49, 0xD5, 0x7D, 0xA3, 0x0D, 0x9B, 0xA4, 0x50, 0xDB, 0x9F, 0xAD, 0xD0, 0xC5,
    0xB7, 0xC8, 0x01, 0xBD, 0x7F, 0x9C, 0x4D, 0xDD, 0xA2, 0xF7, 0x67, 0x27, 0xCF, 0xB7, 0x71, 0x54,
    0x85, 0xB1, 0xB2, 0x1B, 0x4C, 0x0A, 0x56, 0x98, 0x60, 0x6C, 0xEC, 0x46, 0xD4, 0x1C, 0xFD, 0x58,
    0x4D, 0x15, 0x24, 0x75, 0x31, 0xB5, 0x32, 0x26, 0x74, 0x91, 0x94, 0x40, 0x93, 0xD6, 0x7E, 0x11,
    0xEE, 0x18, 0x9E, 0x86, 0x8D, 0x1C, 0x95, 0xC9, 0x84, 0x0D, 0x3D, 0x25, 0xD2, 0x94, 0x78, 0x06,
    0xCD, 0x93, 0xCF, 0x43, 0x9F, 0x51, 0xEE, 0xFE, 0xEA, 0x2A, 0x6B, 0x87, 0xC7, 0x43, 0x8F, 0xEA,
    0xF6, 0xB9, 0xA7, 0x88, 0xCF, 0xCB, 0xF3, 0x3E, 0xBE, 0xE7, 0xE5, 0xDF, 0xB6, 0x98, 0xB8, 0x7F,
    0x1C, 0x5F, 0x42, 0xB3, 0xB5, 0x67, 0xD1, 0xC7, 0x40, 0x75, 0x72, 0xBF, 0x96, 0x15, 0xA6, 0x6E,
    0x12, 0x3B, 0xD5, 0xAD, 0x30, 0x3B, 0x35, 0x92, 0xE5, 0x75, 0x1F, 0xAF, 0x99, 0x2E, 0xDF, 0xAE,
    0xF7, 0x89, 0x14, 0x22, 0xBC, 0x1F, 0xEE, 0xF8, 0xB8, 0x99, 0x36, 0xBE, 0x4E, 0xF0, 0x79, 0x78,
    0xEF, 0xDF, 0x1A, 0xCF, 0x6F, 0xBD, 0xBE, 0x2F, 0x9E, 0x07, 0xFB, 0x66, 0xF0, 0xD3, 0xE2, 0x7D,
    0x15, 0x59, 0xD2, 0x87, 0x7A, 0xCA, 0xFE, 0x05, 0x2C, 0xD0, 0xDA, 0x9E, 0x1C, 0xF5, 0x50, 0x4F,
    0x63, 0x09, 0x00, 0x89, 0x9D, 0x04, 0xE2, 0x28, 0x58, 0x44, 0x64, 0x2F, 0xCC, 0x35, 0xAE, 0x11,
    0x51, 0x0E, 0xEA, 0x13, 0xE2, 0xCA, 0xA0, 0x2A, 0x23, 0x87, 0x67, 0x23, 0xF9, 0x89, 0x52, 0xC0,
    0xA9, 0x65, 0xEC, 0xE1, 0x05, 0xA5, 0xC2, 0x38, 0xA1, 0xEB, 0xB7, 0xF8, 0x87, 0x69, 0xCC, 0x43,
    0x8A, 0x46, 0x68, 0xA7, 0xB1, 0x3D, 0x71, 0xB2, 0xDD, 0x67, 0xEF, 0x39, 0x7E, 0x1F, 0x2E, 0x79,
    0xE5, 0x3F, 0x6C, 0xAE, 0x2A, 0xEC, 0x09, 0xEA, 0x5A, 0xFE, 0xE3, 0xF5, 0xEB, 0xE7, 0x33, 0xEE,
    0x3F, 0xB5, 0x96, 0x01, 0xC6, 0x2C, 0x49, 0x10, 0x84, 0x3F, 0x12, 0x20, 0xC8, 0xAB, 0x04, 0x03,
    0x30, 0xCC, 0xD5, 0x93, 0x06, 0x18, 0xDE, 0x55, 0xEA, 0x00, 0x4D, 0xEF, 0x3C, 0x76, 0xD7, 0xDA,
    0x55, 0x61, 0xFF, 0x66, 0x3E, 0xA0, 0x84, 0x9A, 0x9C, 0x4A, 0x11, 0x99, 0xDD, 0xB0, 0x48, 0xAC,
    0x26, 0x51, 0x23, 0x13, 0x69, 0x79, 0x11, 0x79, 0x9D, 0x44, 0xAE, 0x8B, 0x80, 0x65, 0x75, 0xA8,
    0x50, 0x53, 0x43, 0xE0, 0xF9, 0x21, 0xBF, 0x0F, 0x33, 0xCC, 0x5E, 0x97, 0xF7, 0x15, 0xBA, 0x6D,
    0x22, 0x56, 0xBA, 0x0F, 0x0C, 0x43, 0xD0, 0x65, 0x59, 0x66, 0xC3, 0x5A, 0x12, 0x81, 0x9A, 0xC7,
    0x3B, 0xF7, 0xAF, 0x97, 0x65, 0xB1, 0x67, 0x8A, 0x9A, 0x54, 0x81, 0x29, 0x92, 0x5E, 0x30, 0xEC,
    0x69, 0x0A, 0xF1, 0x63, 0x0A, 0x06, 0xE7, 0xFF, 0x2D, 0x02, 0xD3, 0xB1, 0xEF, 0x45, 0xAD, 0x02,
    0xEA, 0x44, 0x88, 0x84, 0x79, 0x23, 0xCC, 0xF0, 0x03, 0x6A, 0x44, 0xE5, 0xFA, 0x74, 0xD0, 0x7B,
    0x8A, 0xD8, 0x77, 0x7A, 0x8A, 0x4C, 0xF0, 0x85, 0x50, 0x89, 0x15, 0x5D, 0x7B, 0xF0, 0x84, 0x6F,
    0x26, 0xF3, 0xBE, 0xEF, 0x8A, 0x1A, 0xDC, 0x93, 0x73, 0x47, 0xAA, 0x4F, 0x51, 0xE4, 0xB9, 0x96,
    0x72, 0x73, 0xE8, 0xD0, 0x73, 0xDD, 0x9F, 0x0B, 0x35, 0xB2, 0x95, 0xEE, 0xDF, 0xC8, 0xF5, 0x17,
    0x26, 0x77, 0xD2, 0xAE, 0xEB, 0xA7, 0x35, 0x7B, 0xDD, 0xAF, 0x88, 0x99, 0x42, 0x98, 0x7F, 0x21,
    0x84, 0x31, 0xC3, 0x14, 0xF5, 0xF7, 0x31, 0x51, 0x83, 0x71, 0x0D, 0x01, 0x2B, 0xF5, 0xA7, 0x97,
    0x9C, 0x5E, 0xF3, 0x5C, 0x87, 0x8A, 0xE7, 0xB3, 0x26, 0xA5, 0x80, 0x29, 0x0A, 0xA6, 0x72, 0x97,
    0x03, 0x46, 0x14, 0x81, 0x3C, 0xB9, 0x68, 0x7B, 0x80, 0xFB, 0x39, 0xE4, 0x61, 0x9B, 0x40, 0x48,
    0xDF, 0x82, 0x9C, 0xB2, 0xEC, 0xDD, 0xEC, 0x5F, 0x59, 0x86, 0xFC, 0x32, 0xA6, 0xDF, 0x8F, 0x55,
    0x6C, 0xF1, 0xAB, 0xE6, 0x54, 0xCC, 0x58, 0xF0, 0x7C, 0x40, 0x7A, 0x5D, 0xCA, 0x7B, 0x79, 0x31,
    0xEF, 0x0F, 0x40, 0x0D, 0x00, 0xD4, 0xAF, 0x63, 0xC9, 0xA2, 0x97, 0x4E, 0x59, 0xFA, 0xF5, 0x39,
    0xFB, 0x1F, 0x9F, 0x71, 0x35, 0x16, 0x7F, 0x9D, 0x1F, 0x1F, 0x18, 0x9C, 0x1C, 0x50, 0x23, 0x44,
    0x4D, 0x9A, 0x32, 0x8F, 0xF7, 0x46, 0x8F, 0xC8, 0x35, 0x72, 0xDA, 0xDD, 0x05, 0x13, 0x77, 0xFF,
    0xD6, 0x77, 0x83, 0x91, 0xFD, 0x3E, 0xEA, 0x7F, 0xE4, 0xB8, 0x69, 0x7E, 0xCC, 0xC3, 0x3D, 0xAF,
    0xD5, 0x93, 0xF3, 0xFD, 0x5C, 0x4C, 0xD1, 0x67, 0x48, 0xD8, 0x0D, 0x0C, 0x6A, 0x58, 0x5C, 0xD7,
    0x7F, 0xCF, 0x37, 0xA9, 0xEB, 0x1A, 0xBE, 0x49, 0xA8, 0x59, 0x27, 0x52, 0x8D, 0xCD, 0x6B, 0xB8,
    0xC3, 0x75, 0xD1, 0xB0, 0x0C, 0xE2, 0xBB, 0x0C, 0xB0, 0x5E, 0xD7, 0x75, 0x02, 0x0B, 0x98, 0x5E,
    0xFE, 0xCD, 0x6A, 0x6F, 0xCC, 0x35, 0xF6, 0x6B, 0xBC, 0xDD, 0x6B, 0x05, 0x34, 0x45, 0xCF, 0xFE,
    0xFE, 0x6F, 0x76, 0xBA, 0xFF, 0x64, 0xFB, 0xFB, 0x4B, 0x08, 0x51, 0x1B, 0x1D, 0xE3, 0x5A, 0xF2,
    0x4E, 0x17, 0xA2, 0x27, 0x4F, 0xCA, 0x73, 0x1D, 0x3A, 0xC4, 0x86, 0x1E, 0x59, 0xEC, 0x64, 0xF1,
    0xCA, 0x13, 0x06, 0x7F, 0xD0, 0xD4, 0x56, 0xD5, 0x14, 0x9A, 0xDD, 0x86, 0xF9, 0x03, 0xA5, 0x59,
    0xC1, 0xAA, 0xF5, 0x2C, 0x0C, 0x1C, 0xC8, 0x36, 0xE0, 0xAB, 0x04, 0xDC, 0x16, 0x7C, 0x75, 0xE1,
    0x6C, 0xFB, 0x30, 0xC2, 0xBF, 0x15, 0xFA, 0x37, 0x48, 0xB8, 0x9E, 0xA1, 0x39, 0x5D, 0x7C, 0x33,
    0x8B, 0x7B, 0x2E, 0x33, 0xB1, 0xAD, 0x9A, 0xD4, 0x2A, 0x50, 0x80, 0x01, 0xB4, 0x69, 0x70, 0xB6,
    0x61, 0x58, 0x6C, 0x13, 0x37, 0xD4, 0xD4, 0x80, 0x4C, 0x0F, 0xB8, 0x2E, 0x10, 0xE7, 0x94, 0xC0,
    0x01, 0xC7, 0x28, 0x88, 0x78, 0xE6, 0x0E, 0x19, 0xAA, 0x7B, 0xFB, 0xAA, 0x32, 0x76, 0xBD, 0x0C,
    0xD3, 0x9B, 0xEB, 0x6E, 0xD5, 0x6E, 0x96, 0x6F, 0x7D, 0xA2, 0x7F, 0xB3, 0xEC, 0xF7, 0x9F, 0xE8,
    0x1B, 0xE6, 0x7E, 0x6B, 0x8E, 0xD2, 0x77, 0xB9, 0x75, 0x5B, 0x9C, 0xF6, 0x59, 0xEC, 0x5F, 0xF1,
    0xD6, 0x17, 0x9B, 0xEB, 0x8B, 0x6F, 0xFD, 0x23, 0x7B, 0xFF, 0xD8, 0xE1, 0xD1, 0x15, 0x15, 0x07,
    0xAA, 0xB7, 0x66, 0xA6, 0xB8, 0x11, 0xE3, 0x63, 0x6A, 0xC7, 0xCD, 0xD3, 0xCE, 0xAA, 0x55, 0x8F,
    0x9B, 0x4B, 0x8F, 0x9E, 0x30, 0x31, 0xD1, 0x1B, 0x62, 0x62, 0xFE, 0x74, 0x82, 0x82, 0x1D, 0x26,
    0xCC, 0x76, 0xB9, 0x2F, 0x74, 0xE9, 0x6A, 0x6A, 0xDE, 0x5A, 0x9B, 0xA6, 0x8B, 0xD8, 0xD0, 0x46,
    0x8C, 0x7F, 0xA8, 0x6D, 0x90, 0xAE, 0xCE, 0x44, 0x7F, 0x1D, 0x7F, 0x4C, 0x51, 0xE7, 0x82, 0xC7,
    0x5F, 0x57, 0x97, 0x2E, 0x21, 0xBF, 0xCD, 0x3F, 0xEF, 0x71, 0x3D, 0xF5, 0x94, 0x21, 0xC3, 0xFF,
    0xFA, 0xFF, 0x3C, 0x7F, 0x70, 0xB3, 0x0C, 0x18, 0x14, 0x34, 0x7F, 0xF2, 0xFE, 0x05, 0xD4, 0xA4,
    0xE7, 0x7A, 0x20, 0x1B, 0xBF, 0x80, 0x4C, 0xD1, 0x3F, 0x3A, 0x28, 0x5E, 0x4D, 0x8F, 0x1B, 0xF5,
    0xAC, 0x27, 0xF7, 0x7F, 0xE8, 0x31, 0x3A, 0x41, 0x7E, 0xBE, 0x6F, 0x16, 0xEE, 0x7F, 0x65, 0x26,
    0xE3, 0x87, 0xE0, 0x43, 0xFB, 0xA1, 0x71, 0xFB, 0x58, 0xB3, 0x89, 0xB8, 0xE1, 0x65, 0x7E, 0xF6,
    0x32, 0xED, 0x13, 0x8C, 0x5C, 0xE5, 0xE7, 0x57, 0xF3, 0xB1, 0xF8, 0x9B, 0xA9, 0xA4, 0x13, 0xDB,
    0x05, 0x81, 0x3C, 0xE8, 0x47, 0x39, 0xA1, 0x4E, 0x9A, 0x3F, 0xC4, 0x76, 0xED, 0xFA, 0x47, 0x99,
    0xD7, 0x57, 0xFB, 0x0D, 0x9C, 0xDF, 0x32, 0x1F, 0xC7, 0x4F, 0xED, 0x5C, 0x6C, 0xFA, 0xA5, 0xE3,
    0x77, 0x7E, 0x95, 0x6E, 0x06, 0x85, 0x96, 0x09, 0x75, 0x72, 0x7D, 0xB2, 0x51, 0xD5, 0xD9, 0xB4,
    0xEA, 0xA2, 0x51, 0x7D, 0x5C, 0xAD, 0x96, 0x19, 0xB3, 0x2F, 0xFA, 0x8F, 0x73, 0xE4, 0x76, 0x46,
    0x2F, 0x05, 0x54, 0x86, 0x6E, 0xF7, 0x46, 0xF3, 0x8B, 0xE6, 0x50, 0xB8, 0x5A, 0xE8, 0x69, 0x0D,
    0x60, 0xC8, 0x76, 0x6F, 0x3E, 0x7E, 0x26, 0x78, 0x98, 0x83, 0xAB, 0x15, 0xBE, 0x7E, 0x8C, 0x61,
    0x54, 0x80, 0xC8, 0x7F, 0x8E, 0x8F, 0x0A, 0xF0, 0x18, 0x4F, 0x19, 0x0E, 0x6C, 0x15, 0x20, 0xD1,
    0xB9, 0x06, 0x50, 0xFE, 0xD3, 0xF3, 0x51, 0xFE, 0x13, 0xB8, 0x02, 0xB0, 0xCE, 0x15, 0x80, 0xF5,
    0xF2, 0x36, 0x3E, 0x11, 0x99, 0xC4, 0xD7, 0x71, 0x68, 0x68, 0x87, 0xD6, 0xF1, 0x58, 0x03, 0x60,
    0xE0, 0xFE, 0x4F, 0x6B, 0xC0, 0x0E, 0xCA, 0x61, 0x81, 0x40, 0x71, 0x84, 0xE4, 0xEE, 0x55, 0x03,
    0xB8, 0x0A, 0x50, 0x7C, 0x54, 0x80, 0xBC, 0x7F, 0x38, 0xFF, 0x37, 0x9D, 0x2B, 0x00, 0x21, 0xCB,
    0xFF, 0x40, 0x96, 0xFF, 0x54, 0x03, 0x26, 0xE5, 0x3F, 0x8F, 0x9F, 0x52, 0xFE, 0x53, 0x0D, 0xE0,
    0xFC, 0xE1, 0x1A, 0x50, 0x26, 0xE5, 0x3F, 0xD5, 0x80, 0xC6, 0xF9, 0x9F, 0xD4, 0x80, 0xE8, 0xBF,
    0x58, 0x61, 0xE4, 0xF9, 0xE5, 0x41, 0xB9, 0xEE, 0x30, 0x5C, 0xB0, 0x6D, 0xFE, 0x2C, 0x42, 0x31,
    0x7E, 0xAD, 0x01, 0x19, 0x6B, 0x0D, 0xD8, 0x06, 0xAD, 0xFF, 0x68, 0xFE, 0xF9, 0xDD, 0x72, 0xFE,
    0xAE, 0x99, 0x22, 0xC9, 0xFA, 0x2E, 0x9E, 0x80, 0x75, 0xEA, 0x7A, 0x6F, 0xD7, 0x76, 0x5A, 0x2F,
    0x78, 0x58, 0x03, 0x4E, 0x5E, 0xFF, 0x05, 0x68, 0x05, 0x38, 0x5F, 0xFB, 0x27, 0x30, 0x4A, 0x5E,
    0x3F, 0x62, 0x7C, 0xD2, 0xFA, 0x13, 0xB9, 0x9E, 0xE7, 0x57, 0x40, 0xBF, 0xB0, 0xF2, 0x2B, 0x7B,
    0xFF, 0xD5, 0x53, 0x0D, 0x0C, 0xE4, 0xBA, 0xA0, 0x8D, 0x5F, 0xEF, 0x3F, 0xBD, 0xD9, 0xBA, 0x42,
    0x51, 0x86, 0x3A, 0x78, 0xFD, 0x75, 0xD8, 0xA7, 0xA2, 0xA2, 0xCD, 0x0A, 0xA7, 0x7D, 0x2C, 0x6E,
    0x9E, 0x3C, 0x6D, 0xB2, 0x1E, 0x33, 0x40, 0x4C, 0x4C, 0xB5, 0x1C, 0x5E, 0xFD, 0x9D, 0x20, 0xFC,
    0x39, 0x58, 0x5F, 0x63, 0x57, 0xED, 0xA6, 0xB6, 0xE3, 0x48, 0xE2, 0x2D, 0x1C, 0x0F, 0xF1, 0x65,
    0xAE, 0xD5, 0x0D, 0xBA, 0x0C, 0xBE, 0xFE, 0xEE, 0x11, 0x5B, 0x75, 0x8E, 0xF5, 0x7A, 0x55, 0xA9,
    0x62, 0x67, 0x33, 0x9B, 0x75, 0xA1, 0xEE, 0x7A, 0x78, 0x76, 0xC7, 0xFE, 0x7E, 0xE2, 0xF5, 0xAD,
    0xFF, 0x32, 0xD8, 0xE6, 0xD8, 0xDF, 0x7F, 0xAC, 0x03, 0x54, 0x77, 0xB9, 0x7E, 0xE7, 0x3E, 0x7A,
    0xF7, 0xB4, 0x99, 0xBF, 0x7F, 0xA2, 0x7E, 0x3C, 0xE9, 0x56, 0xCC, 0x1C, 0xDA, 0x9D, 0xC2, 0xA5,
    0x75, 0x5B, 0x63, 0x87, 0x63, 0xE9, 0xC7, 0x21, 0xF2, 0x16, 0x1F, 0x1E, 0x8E, 0xDF, 0xA1, 0x3E,
    0xEB, 0x3E, 0xCE, 0x5A, 0xEB, 0xE1, 0xE3, 0xAC, 0xC6, 0x7D, 0xA0, 0xB9, 0xBE, 0xC6, 0x54, 0x36,
    0xAE, 0xFE, 0x09, 0xB0, 0x27, 0x74, 0xEF, 0x93, 0x22, 0x1D, 0x06, 0xFF, 0x7D, 0x2C, 0x65, 0xB1,
    0x6C, 0xF3, 0x9B, 0x5D, 0xA1, 0xC7, 0x5B, 0xF7, 0x3D, 0x7F, 0xD9, 0x45, 0x3A, 0xAF, 0xEF, 0x51,
    0xA2, 0x16, 0x82, 0x3D, 0xB9, 0x2E, 0x8A, 0x61, 0xA6, 0xA7, 0x88, 0xF4, 0xAD, 0xF5, 0xDE, 0x3A,
    0x95, 0x12, 0xEE, 0xF8, 0x8F, 0x20, 0x47, 0xE9, 0x86, 0xF2, 0x53, 0x87, 0x49, 0x47, 0xAE, 0xC3,
    0x46, 0x2F, 0x78, 0x83, 0x00, 0xD0, 0x0E, 0xB9, 0xA9, 0x5D, 0xFF, 0xEA, 0x22, 0xD0, 0x4F, 0x88,
    0x6D, 0xCE, 0xE5, 0xF9, 0x68, 0x77, 0xFF, 0x1F, 0x3C, 0xB6, 0x1B, 0x3E, 0xBD, 0x47, 0x3D, 0x0F,
    0xA1, 0x01, 0x53, 0xB0, 0x61, 0xFC, 0xD7, 0xD1, 0x7B, 0x77, 0x3F, 0xF2, 0xEF, 0xCB, 0x02, 0x85,
    0x21, 0x5F, 0x7F, 0x86, 0xEE, 0x80, 0xA2, 0x41, 0xB1, 0xD5, 0xD7, 0x83, 0xF3, 0x2F, 0x5C, 0xE1,
    0x70, 0x9D, 0xD6, 0xEE, 0xA7, 0x59, 0x3B, 0x0D, 0x41, 0xE4, 0xEB, 0xC3, 0xF3, 0xB0, 0xEA, 0xCE,
    0x68, 0x56, 0x5F, 0xBF, 0xEF, 0xD9, 0x43, 0xBA, 0x5C, 0x82, 0xC5, 0x36, 0xE2, 0x17, 0x23, 0x3C,
    0xE1, 0xE0, 0x6F, 0x0B, 0xFE, 0x82, 0xC2, 0x00, 0x79, 0xC2, 0x41, 0x7A, 0xB6, 0x7F, 0x20, 0x90,
    0xE4, 0xFB, 0x82, 0xF4, 0x64, 0x7F, 0xA1, 0x97, 0xE4, 0xFB, 0x83, 0xF4, 0x6C, 0xFF, 0xC0, 0x49,
    0xF5, 0x8F, 0xF5, 0xBD, 0x7E, 0xD6, 0x9B, 0xAD, 0x57, 0x73, 0x9A, 0x9A, 0x80, 0x60, 0xE5, 0xCF,
    0xC1, 0xBA, 0x96, 0x66, 0x6A, 0x3E, 0xF3, 0x0B, 0xB4, 0xAB, 0xA9, 0xEA, 0xD2, 0xC9, 0x93, 0xE9,
    0xB3, 0x68, 0x12, 0x4F, 0x1E, 0xD6, 0xF3, 0xFD, 0x8D, 0xC2, 0xFD, 0xBF, 0x3B, 0x58, 0xB7, 0x66,
    0xE6, 0x68, 0xC3, 0x2C, 0x10, 0xDA, 0xEE, 0xD9, 0x1D, 0xBC, 0xB6, 0xE3, 0x1D, 0x3E, 0x08, 0x8E,
    0x47, 0xCF, 0x64, 0x5D, 0xD7, 0xDA, 0x7B, 0xA3, 0x0E, 0xE9, 0x7B, 0x34, 0xBB, 0x48, 0xE7, 0xFA,
    0x9B, 0xCE, 0x1F, 0x53, 0xD2, 0xF3, 0xFD, 0x97, 0xC1, 0x49, 0x46, 0x9E, 0xD0, 0x69, 0x7F, 0x66,
    0x73, 0x10, 0x54, 0x97, 0xE3, 0xC1, 0x43, 0xF1, 0x65, 0xBE, 0xC4, 0x87, 0xA3, 0x67, 0xFB, 0x3B,
    0xD9, 0xF8, 0x87, 0x83, 0xF5, 0xEB, 0x54, 0x42, 0xB9, 0x42, 0x27, 0x0F, 0xE9, 0xE9, 0xFE, 0x50,
    0xE1, 0x78, 0x72, 0x2C, 0x9D, 0xB4, 0xAA, 0xF5, 0x56, 0x45, 0xC5, 0x5B, 0x20, 0xEC, 0x0E, 0xD6,
    0xCD, 0x49, 0x5F, 0x08, 0x20, 0xB0, 0xE3, 0x69, 0xFF, 0xA7, 0xAC, 0x7D, 0x66, 0x95, 0xA8, 0x6E,
    0xEC, 0x09, 0x07, 0xE9, 0x8F, 0xF1, 0x1D, 0x3D, 0x8F, 0x0F, 0x3D, 0xDF, 0x7F, 0x8F, 0x79, 0x51,
    0x66, 0xB6, 0x3F, 0x1B, 0xB3, 0x42, 0x46, 0xBA, 0x7F, 0x43, 0xF5, 0xF1, 0xD8, 0xEB, 0xBB, 0x62,
    0xB0, 0x27, 0x1C, 0xA1, 0xA7, 0xFB, 0xAF, 0xDB, 0xFB, 0x95, 0x3D, 0xAC, 0x73, 0x7D, 0xCA, 0xAE,
    0x4F, 0x8E, 0xD0, 0x93, 0x78, 0xBE, 0x3E, 0xC5, 0x87, 0x9E, 0xCF, 0xCF, 0x83, 0xF3, 0x9B, 0x1C,
    0xBB, 0xCE, 0xFB, 0xCB, 0xC9, 0xF5, 0x37, 0x07, 0xE9, 0x32, 0x78, 0x7C, 0x65, 0x6C, 0x5F, 0x9F,
    0xE9, 0xF9, 0x41, 0x38, 0x92, 0xFD, 0xC5, 0xD8, 0x5B, 0x48, 0xE3, 0xC3, 0x93, 0xC5, 0x07, 0xE4,
    0xD2, 0xF5, 0xF5, 0x7D, 0x45, 0x1D, 0xB7, 0x0B, 0x04, 0x5F, 0x7F, 0xE3, 0x53, 0x96, 0xE3, 0x53,
    0xE6, 0x7E, 0x77, 0xF9, 0xF9, 0x42, 0x78, 0x7E, 0xEF, 0x3F, 0xAE, 0x9A, 0xB4, 0x56, 0x39, 0x51,
    0xA7, 0x40, 0x28, 0x63, 0x77, 0x94, 0x41, 0xCF, 0x9F, 0xC6, 0x87, 0x27, 0x8F, 0xCF, 0xF3, 0x8B,
    0x3C, 0x94, 0x5F, 0xA1, 0xE5, 0xE7, 0x23, 0xE4, 0x49, 0xF7, 0x4F, 0xDB, 0x84, 0xA1, 0x0B, 0x64,
    0x40, 0x9D, 0xF6, 0xB0, 0xFE, 0x2C, 0xE4, 0x89, 0x5E, 0x4D, 0xCF, 0x5F, 0x02, 0xE1, 0x21, 0x47,
    0xDC, 0xDB, 0x5B, 0x7C, 0x78, 0xF2, 0xF8, 0xFC, 0xFC, 0x84, 0x3D, 0xAC, 0xFF, 0xEB, 0xF7, 0x2F,
    0xB7, 0xCD, 0xF1, 0xE4, 0x09, 0x07, 0xE9, 0x4B, 0xDB, 0xCE, 0x07, 0x36, 0x9D, 0x3D, 0x32, 0xBF,
    0xF5, 0x32, 0xDF, 0xCF, 0x67, 0xF2, 0xFD, 0x25, 0xFF, 0xFF, 0x2D, 0xDE, 0x3D, 0x59, 0x7C, 0x29,
    0xF6, 0x1A, 0x1F, 0x9E, 0xEC, 0xFA, 0x6F, 0xE7, 0x3B, 0xEC, 0x09, 0xC7, 0xEF, 0xF3, 0xC9, 0x83,
    0x2D, 0xEE, 0x61, 0x9D, 0xDB, 0x7E, 0x3A, 0xDF, 0x21, 0x4F, 0x53, 0xD6, 0x93, 0xEF, 0x1F, 0xEF,
    0x85, 0x4E, 0x9E, 0x44, 0x4F, 0xCE, 0xC7, 0x14, 0x96, 0xAF, 0x9F, 0x42, 0xE7, 0xF8, 0x36, 0xD5,
    0xF2, 0xFD, 0xF5, 0x70, 0x84, 0xFE, 0x3F, 0xAD, 0x97, 0xC1, 0xAA, 0x6B, 0x3D, 0x08, 0x85, 0x3F,
    0x70, 0x1A, 0xF0, 0x55, 0x84, 0x3B, 0x0D, 0xF8, 0xEA, 0x42, 0xA7, 0x85, 0xF3, 0x2A, 0xC2, 0x99,
    0x0A, 0xF9, 0x5B, 0x72, 0x33, 0xC8, 0x6D, 0x77, 0x5B, 0xF6, 0xDF, 0xA8, 0x6C, 0x38, 0x06, 0xD7,
    0x3A, 0xB2, 0x4C, 0x52, 0x14, 0xD0, 0x00, 0x0F, 0xF8, 0x93, 0xF0, 0x9B, 0x10, 0x89, 0x44, 0x21,
    0x74, 0x64, 0x0C, 0x14, 0xA7, 0xA1, 0xD1, 0xD1, 0x18, 0x31, 0x12, 0x00, 0x9D, 0xE1, 0x99, 0x95,
    0x25, 0xD5, 0xEB, 0xFE, 0x1D, 0xE5, 0x0E, 0x12, 0x12, 0x46, 0xA3, 0x61, 0x48, 0x34, 0x6B, 0x76,
    0xF3, 0xE6, 0x65, 0x6D, 0x1A, 0x73, 0x05, 0x86, 0x11, 0xA0, 0x69, 0x8D, 0xA6, 0x33, 0xDF, 0xF5,
    0x0A, 0x00, 0x05, 0x92, 0x13, 0x67, 0xE1, 0x79, 0x40, 0x4E, 0xF8, 0x53, 0xBC, 0x9D, 0x92, 0x00,
    0x09, 0xCD, 0xDE, 0x9F, 0x72, 0x2F, 0xC0, 0x01, 0x89, 0xAF, 0xA1, 0x3A, 0x1A, 0xE4, 0x4B, 0x54,
    0xA3, 0x89, 0xB5, 0xF8, 0x73, 0x8B, 0x16, 0x76, 0x5B, 0x9E, 0xF6, 0x77, 0x01, 0xD0, 0x10, 0xAE,
    0x62, 0xAD, 0x1D, 0xF4, 0xAA, 0x1B, 0x8C, 0x84, 0xCB, 0xF7, 0x58, 0x6B, 0xF3, 0xB2, 0x97, 0xAC,
    0x0F, 0x50, 0x4E, 0x2A, 0x69, 0x21, 0x1D, 0x2B, 0xEA, 0x41, 0x11, 0x66, 0xE0, 0x09, 0x1A, 0xE7,
    0xF1, 0x4B, 0x52, 0x01, 0x33, 0x4F, 0x8D, 0xF7, 0x8A, 0xF8, 0x0E, 0x6A, 0xE1, 0x48, 0xBC, 0x42,
    0x15, 0x88, 0x9F, 0xE6, 0x29, 0x1C, 0x28, 0x22, 0x08, 0xC1, 0x4C, 0xE3, 0x9D, 0x22, 0xBE, 0xC7,
    0x7A, 0x29, 0xE2, 0x98, 0xF5, 0x31, 0xCA, 0x19, 0x45, 0x2C, 0xA4, 0x63, 0x45, 0x8C, 0x91, 0x4E,
    0x3A, 0xE6, 0x70, 0x77, 0xC1, 0x07, 0x2E, 0x38, 0xD3, 0xCD, 0xC9, 0x31, 0x4B, 0x26, 0x24, 0x9A,
    0xDE, 0xAB, 0x8F, 0x2A, 0xEE, 0xE6, 0x5D, 0x13, 0x14, 0x45, 0x66, 0x3F, 0xF1, 0x32, 0xEE, 0xE6,
    0x69, 0x4C, 0xF3, 0x02, 0x56, 0x1E, 0x98, 0xDD, 0xB6, 0xF6, 0x77, 0x67, 0xD3, 0x04, 0x90, 0x0B,
    0x3A, 0x68, 0x1D, 0xE0, 0x43, 0x4E, 0xAB, 0x99, 0x4F, 0x28, 0x69, 0xE0, 0x90, 0x00, 0x24, 0x52,
    0xA8, 0x7E, 0x5C, 0x78, 0x29, 0x7A, 0x4D, 0xD3, 0x33, 0x00, 0x0D, 0x24, 0xA1, 0x9F, 0x04, 0x58,
    0xE2, 0x3D, 0x06, 0xC0, 0xA4, 0xB5, 0xAB, 0xD9, 0x51, 0x3B, 0x31, 0x9A, 0xB4, 0x96, 0x66, 0xAF,
    0xDB, 0x79, 0x92, 0xE0, 0x6A, 0xED, 0x31, 0xC1, 0x13, 0x45, 0x97, 0x86, 0x5E, 0x55, 0x45, 0x51,
    0xD6, 0xAD, 0xA6, 0x45, 0xEC, 0xA6, 0x05, 0xBB, 0x9A, 0xE4, 0x49, 0x7E, 0x84, 0xF3, 0xCC, 0x46,
    0xCC, 0xFA, 0xFD, 0x6E, 0xC0, 0x38, 0xC8, 0x33, 0x02, 0x8D, 0x5A, 0x7F, 0xA7, 0xD0, 0xF8, 0x37,
    0x56, 0x4E, 0xA3, 0x60, 0xAC, 0x59, 0x9D, 0xA1, 0xD9, 0x7B, 0xF9, 0xB2, 0xDE, 0x35, 0xE7, 0xAC,
    0x2D, 0xD6, 0x9A, 0xD6, 0x76, 0xD3, 0xFC, 0xF7, 0xFF, 0xD2, 0x7C, 0x92, 0x97, 0x04, 0x8D, 0xA5,
    0xBB, 0xF9, 0x1D, 0x20, 0xEB, 0x84, 0x3A, 0xC3, 0x7B, 0xBF, 0xCF, 0x9F, 0x70, 0x97, 0x04, 0x0A,
    0xD0, 0xEF, 0xA1, 0xAE, 0xFB, 0xFC, 0x18, 0x75, 0x0D, 0xC0, 0x61, 0xAF, 0xF6, 0x01, 0x78, 0xCC,
    0x67, 0x20, 0x23, 0x90, 0x2F, 0xB2, 0x5E, 0x53, 0xF1, 0x82, 0xF5, 0x7E, 0x9F, 0xFF, 0x6F, 0x25,
    0x1D, 0x23, 0xAD, 0xFB, 0xDC, 0x81, 0x02, 0x89, 0x85, 0xE7, 0x1A, 0xE5, 0x8E, 0xDF, 0x43, 0x0B,
    0xAD, 0x42, 0xF3, 0x25, 0x9E, 0x24, 0x1A, 0x74, 0x98, 0x13, 0xD9, 0xBD, 0xFC, 0xE6, 0x5A, 0xDE,
    0xCB, 0xB3, 0x9C, 0xDE, 0xD1, 0x9C, 0x48, 0x1A, 0x40, 0x9E, 0x86, 0x92, 0x84, 0x02, 0x7D, 0x03,
    0x25, 0x10, 0x5C, 0x45, 0xF4, 0x62, 0xDD, 0xB6, 0xA5, 0xB1, 0xCD, 0x49, 0x63, 0xED, 0xD9, 0xF3,
    0x72, 0x01, 0x1D, 0xD0, 0xFA, 0x69, 0xAA, 0x64, 0xC8, 0x08, 0x79, 0x47, 0xF5, 0x4C, 0xE9, 0xFD,
    0xA8, 0x38, 0x2E, 0xBD, 0x8E, 0xCB, 0x11, 0xC3, 0x69, 0xC7, 0xDE, 0x35, 0x52, 0x66, 0xDD, 0x0E,
    0x9D, 0xE1, 0xE1, 0xFA, 0xE0, 0x23, 0xF4, 0x37, 0x57, 0xCD, 0xD5, 0x40, 0xAC, 0xBD, 0x3F, 0x8A,
    0x56, 0xE6, 0xD5, 0x4F, 0x8B, 0x11, 0xA3, 0x9C, 0xB6, 0xA2, 0x3B, 0x2D, 0x1D, 0x0D, 0xA7, 0xB1,
    0x47, 0x47, 0x23, 0x91, 0x11, 0x0F, 0xC7, 0xD9, 0xF0, 0x9F, 0x70, 0x5D, 0x71, 0xB9, 0x7F, 0x71,
    0x2D, 0x5C, 0x03, 0x1F, 0xC1, 0x9D, 0xFF, 0xF6, 0x94, 0x3C, 0x89, 0xBB, 0x1F, 0x68, 0x9F, 0xE1,
    0x2E, 0x49, 0xDA, 0x9F, 0xF7, 0x92, 0xDC, 0xF6, 0xA4, 0x1A, 0x00, 0xDA, 0xC0, 0x0B, 0x2C, 0x4F,
    0xF3, 0xDE, 0x1F, 0xA4, 0x1F, 0xF1, 0x3E, 0x87, 0x03, 0xD0, 0x67, 0x7C, 0x80, 0xB1, 0xED, 0x7F,
    0xE8, 0x6D, 0x7A, 0x78, 0x28, 0x1A, 0x1D, 0x4D, 0x43, 0x2A, 0xA1, 0x62, 0x5D, 0x3D, 0x0F, 0x21,
    0x23, 0x71, 0xD0, 0x80, 0x04, 0x18, 0x3F, 0xE9, 0x12, 0x7E, 0x41, 0x7F, 0xD0, 0x2B, 0x52, 0x77,
    0x27, 0xA7, 0x93, 0xC1, 0x6F, 0x30, 0x4E, 0xC1, 0x6C, 0x63, 0xF8, 0x21, 0x0C, 0xA0, 0xA0, 0xB0,
    0x5E, 0x28, 0x26, 0x26, 0xED, 0xB6, 0xC4, 0x88, 0x65, 0xC7, 0xE3, 0xD3, 0xBA, 0x5C, 0x69, 0x34,
    0xCD, 0xFD, 0x76, 0x3A, 0xC7, 0x7F, 0x7B, 0x31, 0x7F, 0xC6, 0xFF, 0x3F, 0x9D, 0x96, 0xCD, 0xAA,
    0xEB, 0x3A, 0x0C, 0x85, 0x17, 0x68, 0x2A, 0xD0, 0xAB, 0x08, 0x3C, 0x35, 0xF8, 0xD5, 0x05, 0x9E,
    0x1A, 0xF2, 0x2A, 0x82, 0x4C, 0x0D, 0xBE, 0x72, 0xEA, 0x73, 0x9B, 0x9E, 0x36, 0xDD, 0x3B, 0xE7,
    0x53, 0xAC, 0x25, 0xC9, 0xAC, 0xFE, 0x37, 0x09, 0x4E, 0xB4, 0x20, 0x84, 0x6A, 0x57, 0x05, 0x6B,
    0x32, 0x4D, 0x0A, 0x4B, 0xA9, 0x22, 0x3B, 0xF5, 0xE8, 0xE7, 0x26, 0xA3, 0xD6, 0x06, 0xA3, 0xAC,
    0xB5, 0xB2, 0x1A, 0xB1, 0xD0, 0x9C, 0xA7, 0xE0, 0x67, 0xFF, 0x44, 0xC9, 0xA0, 0x00, 0x87, 0x72,
    0x28, 0xD9, 0x9B, 0xDF, 0x70, 0x40, 0x5E, 0x98, 0x55, 0xB7, 0x12, 0xDA, 0x34, 0xB1, 0x0C, 0x6D,
    0x7C, 0xDE, 0x5F, 0x7A, 0xE9, 0x1F, 0x1C, 0xFE, 0x26, 0x25, 0xB4, 0x25, 0x66, 0xF1, 0xED, 0xBB,
    0x7F, 0xD8, 0x29, 0xCE, 0x47, 0xD0, 0xFF, 0x4A, 0xCB, 0xAA, 0x9F, 0x03, 0x5F, 0x18, 0x63, 0x2E,
    0xC9, 0xDE, 0x7B, 0x2F, 0xA5, 0x44, 0x11, 0xF9, 0xD1, 0x7A, 0x16, 0x91, 0x9C, 0x3D, 0xEA, 0x49,
    0x39, 0x78, 0x4C, 0x56, 0x7D, 0xDA, 0x75, 0xCF, 0x59, 0x04, 0x06, 0xF2, 0x79, 0x44, 0x91, 0x37,
    0x8C, 0x61, 0x91, 0xD7, 0x70, 0xCD, 0x5F, 0x0F, 0x05, 0xFA, 0x71, 0x28, 0xB2, 0xFA, 0x18, 0x3D,
    0xF2, 0x9A, 0xF4, 0xB7, 0x89, 0xA2, 0x60, 0xD8, 0x8C, 0x82, 0x33, 0x0C, 0x81, 0x98, 0x78, 0xAC,
    0xA8, 0xBF, 0xB3, 0xBE, 0xE0, 0x4B, 0x24, 0x4B, 0x9E, 0xDA, 0xC5, 0xFA, 0x9F, 0xF5, 0xD3, 0xA3,
    0xBC, 0x7C, 0xD3, 0x1C, 0xCA, 0x27, 0x15, 0x27, 0x9B, 0xB2, 0xED, 0xBB, 0x33, 0xB1, 0xC8, 0xBE,
    0x5B, 0x23, 0x14, 0xD9, 0x3F, 0xFF, 0x52, 0xC4, 0xC2, 0xA7, 0x4B, 0xD7, 0xE3, 0xDC, 0xF1, 0x87,
    0xBA, 0xD4, 0xAE, 0x9C, 0x96, 0x56, 0x1A, 0x2D, 0xF5, 0x7B, 0xBF, 0x54, 0xEA, 0xDA, 0xE8, 0xD0,
    0xC4, 0x44, 0xBE, 0xED, 0xF7, 0xFC, 0x52, 0xC3, 0x9F, 0xC2, 0x9F, 0xFE, 0xBC, 0x0E, 0xDC, 0xF1,
    0xBB, 0x98, 0x87, 0x4F, 0xC2, 0xC7, 0xCA, 0x55, 0x46, 0x53, 0xBF, 0xF7, 0xFA, 0xE1, 0xDA, 0x48,
    0x06, 0x13, 0x27, 0x26, 0xF1, 0xCD, 0xBF, 0xFA, 0xF1, 0x03, 0x62, 0x02, 0xE4, 0xD1, 0x01, 0x57,
    0x9F, 0xC9, 0x80, 0x5E, 0x23, 0x95, 0x0D, 0x41, 0x46, 0xE0, 0x9D, 0x1C, 0xFB, 0x26, 0x99, 0x36,
    0xCA, 0x2C, 0x12, 0x29, 0x4B, 0x2B, 0x9A, 0xA9, 0x8B, 0x63, 0xA1, 0x68, 0x11, 0xEA, 0x02, 0x07,
    0xB7, 0x14, 0x70, 0xC3, 0x19, 0x27, 0x23, 0x30, 0xAE, 0x10, 0xC9, 0x59, 0xD5, 0xEC, 0x72, 0x7F,
    0x94, 0x9E, 0xB4, 0x5D, 0xEF, 0x83, 0x0C, 0x06, 0xC5, 0x05, 0xEE, 0x39, 0x33, 0x13, 0xE1, 0x82,
    0xE1, 0xA5, 0x73, 0xA3, 0x84, 0x5F, 0x43, 0x60, 0x53, 0x25, 0x13, 0x64, 0x78, 0x2C, 0x01, 0xD9,
    0xD2, 0x35, 0x7B, 0xA2, 0x95, 0x99, 0x54, 0x2B, 0x29, 0xB3, 0x56, 0xFC, 0x05, 0xEB, 0x39, 0x1E,
    0x3D, 0x4E, 0x88, 0x6B, 0xD3, 0x86, 0x06, 0x87, 0x45, 0x60, 0x65, 0x94, 0x8E, 0x7F, 0x46, 0x59,
    0x5C, 0x5C, 0x19, 0x77, 0x61, 0x28, 0xEC, 0xF1, 0xDE, 0x71, 0xC6, 0xC8, 0x61, 0x00, 0x73, 0x29,
    0x7C, 0xF1, 0xA8, 0xE2, 0xE2, 0xAF, 0x83, 0x88, 0x1C, 0xE1, 0x70, 0x32, 0xB2, 0x67, 0xBB, 0xE8,
    0xB0, 0x15, 0xAB, 0x5A, 0xF5, 0xA2, 0x80, 0x56, 0xAC, 0x6A, 0xD5, 0x0B, 0xF4, 0x4E, 0x01, 0xB3,
    0xBB, 0x1D, 0x20, 0x38, 0xF2, 0xA2, 0x30, 0x1A, 0x1A, 0x71, 0x66, 0x3D, 0x02, 0xC1, 0x91, 0x17,
    0xC9, 0x8F, 0xB9, 0x26, 0x4B, 0x98, 0x11, 0xAC, 0x7C, 0xA6, 0x74, 0xF0, 0x0A, 0xFD, 0x3F, 0x16,
    0xC3, 0x53, 0x3F, 0xC2, 0x13, 0x9E, 0xF1, 0x84, 0xBA, 0xB4, 0x19, 0xD4, 0xF1, 0x91, 0x62, 0xC9,
    0x67, 0x14, 0xC3, 0x37, 0x4C, 0x2B, 0x37, 0x72, 0x6E, 0x5A, 0x61, 0xD7, 0x27, 0xF4, 0xA8, 0x40,
    0x80, 0x61, 0x21, 0xBE, 0xDE, 0x75, 0x30, 0x2B, 0xF1, 0xCB, 0xC7, 0xBC, 0x78, 0x8E, 0xCC, 0x99,
    0xA1, 0xD1, 0x1F, 0x8F, 0x1C, 0x65, 0xD6, 0x8C, 0x8F, 0x14, 0xB2, 0x8E, 0x5F, 0x71, 0xFE, 0x55,
    0x56, 0x4E, 0x2A, 0x36, 0xBA, 0x58, 0xD2, 0xCA, 0x17, 0x86, 0x8C, 0xBC, 0xD2, 0x92, 0x77, 0x24,
    0xC8, 0x81, 0x06, 0x16, 0xE0, 0x06, 0x8F, 0xCF, 0x2F, 0x07, 0xAB, 0x7E, 0xE1, 0xBC, 0xB3, 0xEA,
    0x37, 0xEF, 0x45, 0x7F, 0xEA, 0x96, 0xEF, 0xDD, 0x11, 0x24, 0x25, 0x14, 0xA7, 0xD0, 0x8B, 0xD7,
    0xF6, 0xA6, 0x4F, 0xE8, 0x22, 0x5F, 0xF3, 0x7E, 0xD9, 0x3F, 0x6B, 0x63, 0x18, 0x33, 0x6A, 0xEC,
    0x9A, 0x64, 0xAB, 0x8D, 0xCB, 0xF7, 0xCB, 0x96, 0x47, 0x8A, 0xA3, 0xC2, 0x8C, 0x60, 0xB5, 0x12,
    0x94, 0x08, 0x69, 0x6A, 0xD9, 0xA7, 0xAE, 0x1E, 0x66, 0x19, 0x56, 0x2F, 0x2E, 0x7B, 0xAF, 0xAA,
    0xFC, 0xBC, 0xA1, 0x9D, 0xAA, 0xFC, 0xFD, 0xB2, 0xF9, 0x5D, 0x67, 0x22, 0x9B, 0x45, 0x68, 0xFD,
    0xE6, 0xA7, 0x50, 0x5A, 0x3A, 0xFA, 0x6B, 0x4F, 0xEF, 0x97, 0xDD, 0x32, 0x46, 0xCF, 0xE4, 0xBD,
    0xEC, 0x5B, 0xCE, 0x14, 0x6B, 0x4C, 0xF5, 0x1E, 0xF3, 0xC7, 0x12, 0x9B, 0xB3, 0x9E, 0xA7, 0xEE,
    0x23, 0xCF, 0x7E, 0xCE, 0x3F, 0x7D, 0xFE, 0x4D, 0xAA, 0x33, 0x6B, 0x6D, 0x62, 0xC6, 0x6C, 0x75,
    0x6B, 0xE9, 0xD6, 0x6D, 0xC3, 0x56, 0xC9, 0x39, 0xA1, 0x6E, 0x15, 0xC6, 0x15, 0xB5, 0xA5, 0xFD,
    0xA6, 0x7F, 0x77, 0xE6, 0xE9, 0x37, 0x63, 0x68, 0x9D, 0xAF, 0xE7, 0xE6, 0x6D, 0x93, 0x6B, 0xD3,
    0x3A, 0x58, 0x4D, 0x59, 0xAB, 0xDF, 0xF1, 0x17, 0x3F, 0x7D, 0xCE, 0xAB, 0x9F, 0x6D, 0x2F, 0xB5,
    0xC1, 0x40, 0x5E, 0xC8, 0x18, 0x26, 0x3E, 0xAE, 0x6F, 0x3B, 0x55, 0x1F, 0xBE, 0xA9, 0xAA, 0x37,
    0xFD, 0x3D, 0x74, 0x56, 0x36, 0x75, 0xF5, 0x21, 0x75, 0x64, 0x4F, 0xB0, 0xB2, 0xF7, 0x12, 0x4A,
    0x9A, 0x30, 0x3E, 0xFA, 0xC9, 0xC9, 0x98, 0x1F, 0xBE, 0xA9, 0xCC, 0xB7, 0xFC, 0xCC, 0x85, 0x36,
    0x36, 0xE3, 0x36, 0x6A, 0xCB, 0x8F, 0xEF, 0xFF, 0xF0, 0x7B, 0xA9, 0x8D, 0xED, 0xD8, 0x6F, 0xEB,
    0xF5, 0x7F, 0xF7, 0xDB, 0xF2, 0x17, 0xFA, 0xC9, 0xFF, 0x1F, 0xD5, 0x93, 0xC1, 0x8A, 0xC3, 0x30,
    0x0C, 0x44, 0x07, 0x7C, 0x15, 0xE8, 0x57, 0x06, 0x7A, 0x35, 0xE8, 0xD7, 0x07, 0xF2, 0x01, 0xFD,
    0x15, 0x41, 0xAF, 0x01, 0xAF, 0x13, 0xB7, 0xBB, 0xD0, 0x38, 0x81, 0xED, 0x61, 0x61, 0xDF, 0x20,
    0xB5, 0xD6, 0x44, 0x87, 0x48, 0x0E, 0x76, 0x8A, 0x8C, 0xB4, 0x4D, 0xC6, 0x22, 0x1C, 0x28, 0x00,
    0x1C, 0x65, 0x57, 0x24, 0xDE, 0x88, 0xD6, 0xD6, 0x5A, 0x72, 0x8D, 0xC7, 0xBD, 0xD6, 0xD2, 0xA3,
    0xF5, 0xE8, 0xE7, 0xAD, 0x3E, 0x3C, 0xD5, 0x78, 0xB4, 0x1A, 0xF7, 0xFE, 0x1B, 0xF7, 0x35, 0x42,
    0x75, 0xAB, 0xFF, 0xA2, 0x7F, 0x1D, 0xFD, 0xD9, 0xFB, 0x5B, 0x0F, 0xED, 0x75, 0xFC, 0x90, 0x85,
    0x46, 0x32, 0x56, 0xB0, 0xEB, 0x40, 0x24, 0x41, 0x84, 0x40, 0x30, 0x66, 0xEF, 0x27, 0xDB, 0x7D,
    0x76, 0x5C, 0xB3, 0x7E, 0x10, 0x82, 0xC6, 0x04, 0x8E, 0xF8, 0xE8, 0x7C, 0xE6, 0x53, 0x3F, 0x41,
    0xC8, 0x31, 0x63, 0x4C, 0x76, 0xCB, 0xE7, 0x44, 0xE2, 0xD2, 0x3D, 0x7D, 0x86, 0x50, 0xC1, 0x4B,
    0xD0, 0xFB, 0x84, 0x6C, 0x54, 0x9F, 0x2A, 0x30, 0xCC, 0xB8, 0xA9, 0x72, 0x80, 0x39, 0xD3, 0x9B,
    0xE4, 0x68, 0xF0, 0x6F, 0xB5, 0x0C, 0x2C, 0x2A, 0x72, 0x18, 0x88, 0xA6, 0x86, 0x71, 0x0E, 0x78,
    0xCF, 0x8B, 0x02, 0x83, 0x7F, 0xBB, 0xD9, 0xBF, 0xDE, 0xED, 0xE7, 0x9B, 0xD5, 0xD0, 0xE1, 0xFF,
    0x04, 0x17, 0xE8, 0xC9, 0x1E, 0x67, 0x3E, 0x19, 0x49, 0x5C, 0xF9, 0xF3, 0xF9, 0x0D, 0x48, 0x53,
    0x81, 0x89, 0xC4, 0x94, 0x10, 0x18, 0x39, 0xEF, 0x27, 0x78, 0x79, 0x33, 0x6D, 0x13, 0x4D, 0x0E,
    0x93, 0x4D, 0x7C, 0x47, 0x79, 0xE9, 0x74, 0x07, 0x51, 0xB9, 0x0C, 0xE1, 0x83, 0x2F, 0x63, 0xF8,
    0x95, 0x37, 0x11, 0xC4, 0x0C, 0x4F, 0xC2, 0x05, 0x86, 0xAE, 0xEE, 0x4E, 0x01, 0x12, 0xA7, 0xC8,
    0x16, 0xBB, 0xD1, 0x04, 0x5C, 0xCE, 0x18, 0x67, 0x78, 0x42, 0xA5, 0xE7, 0x2F, 0xA5, 0x91, 0x41,
    0x8A, 0xE4, 0x30, 0x0C, 0x45, 0x3F, 0x78, 0x2B, 0xD0, 0x55, 0x04, 0xDE, 0x1A, 0x74, 0x75, 0x41,
    0x6D, 0x03, 0x75, 0x15, 0x41, 0x6D, 0x05, 0x1A, 0x2B, 0x4E, 0x66, 0xDC, 0xD5, 0xBD, 0xA9, 0x9E,
    0xFF, 0xF2, 0x65, 0x59, 0xC1, 0x52, 0x70, 0x70, 0x89, 0x5D, 0x20, 0xE8, 0xD1, 0xD1, 0x67, 0xDE,
    0x30, 0x09, 0xEC, 0x3A, 0x38, 0xE4, 0xE8, 0xD2, 0x65, 0xD8, 0x30, 0xA5, 0xEE, 0x0D, 0xBB, 0x9A,
    0x13, 0x09, 0x09, 0xFA, 0xE8, 0x76, 0xF6, 0xA0, 0xE6, 0xD8, 0xC4, 0x49, 0x28, 0x38, 0x2A, 0xA6,
    0x57, 0xFC, 0xA2, 0xA8, 0x99, 0x1A, 0xCB, 0x0D, 0x1C, 0xE3, 0x1A, 0xE0, 0xA7, 0x53, 0xD3, 0xF4,
    0xF9, 0x72, 0xE5, 0xC7, 0x8F, 0xCE, 0x7C, 0x05, 0x06, 0x50, 0x4E, 0xA8, 0x1A, 0xD5, 0x93, 0x31,
    0x1F, 0x09, 0x92, 0xBC, 0x73, 0x0E, 0x69, 0x21, 0x88, 0x40, 0xE0, 0xD2, 0xB0, 0x6E, 0x3D, 0xBB,
    0x0F, 0x97, 0x43, 0x1E, 0x27, 0x81, 0x4D, 0x0A, 0x31, 0x79, 0x8A, 0xAB, 0x74, 0xE9, 0xF4, 0xEF,
    0x7D, 0xBE, 0x52, 0x5D, 0x1F, 0xD1, 0x8C, 0x2D, 0x1A, 0x38, 0x33, 0x2B, 0x04, 0x9A, 0x2B, 0xA1,
    0x85, 0x0E, 0x20, 0xD3, 0xEF, 0xC0, 0x33, 0x68, 0x85, 0xD1, 0x6C, 0x85, 0x5D, 0x49, 0x76, 0xFC,
    0x15, 0x3D, 0xF7, 0xBB, 0x23, 0x24, 0x88, 0x0F, 0x19, 0x42, 0x17, 0x83, 0x0F, 0x40, 0x03, 0x1C,
    0x82, 0x60, 0x6F, 0x93, 0x4C, 0x2B, 0x83, 0x0D, 0xA7, 0x2B, 0x2F, 0x37, 0x47, 0xD9, 0x91, 0xB3,
    0xCA, 0x81, 0x7C, 0xA4, 0xC2, 0xB5, 0x99, 0x32, 0x74, 0x20, 0x4F, 0x69, 0x40, 0x75, 0x3E, 0xB3,
    0x38, 0x5F, 0x45, 0x5A, 0xE2, 0x92, 0x26, 0x6C, 0x12, 0xBC, 0xBC, 0x78, 0xBF, 0x9B, 0x45, 0xC8,
    0x6B, 0x12, 0x2A, 0x28, 0x2E, 0xB1, 0xC9, 0x29, 0xB2, 0x66, 0x5D, 0x86, 0x0C, 0x12, 0x82, 0xAC,
    0x1E, 0xEA, 0x42, 0x99, 0xCB, 0x33, 0xC7, 0xCD, 0xAD, 0x36, 0x61, 0xEF, 0x34, 0xC1, 0x64, 0x9C,
    0xD9, 0xE0, 0xA3, 0xEA, 0xB7, 0x9A, 0x91, 0x90, 0xDC, 0x5D, 0x16, 0xD8, 0xC4, 0x2E, 0x84, 0x49,
    0x26, 0x23, 0x53, 0x20, 0xC4, 0xFE, 0x73, 0xFF, 0xA2, 0x72, 0xF6, 0xBD, 0x3F, 0x59, 0xA1, 0x41,
    0x76, 0xF1, 0xA0, 0xF1, 0xDE, 0x5F, 0x88, 0xD0, 0x0C, 0xD2, 0xE9, 0x98, 0x4A, 0x3F, 0xEC, 0x30,
    0x6C, 0xCA, 0x28, 0x37, 0xDC, 0x7C, 0x53, 0x26, 0xAA, 0x01, 0x20, 0x95, 0xAF, 0x15, 0x06, 0xDC,
    0x29, 0x01, 0xEB, 0x98, 0x5D, 0x85, 0x5B, 0x54, 0x18, 0x63, 0xE0, 0xA8, 0x48, 0x07, 0x91, 0xB0,
    0x61, 0x93, 0xE0, 0x40, 0xFA, 0x2C, 0x53, 0x97, 0x30, 0x81, 0xBC, 0xBD, 0xDF, 0x6E, 0xC2, 0xBA,
    0x2C, 0xB0, 0x89, 0x9D, 0x4E, 0xA9, 0x13, 0xCA, 0xC5, 0x2D, 0x32, 0xF5, 0xE3, 0x94, 0x61, 0x21,
    0x20, 0x64, 0xEC, 0x77, 0x97, 0x2E, 0x54, 0xE8, 0x5C, 0x17, 0xE9, 0x55, 0xFF, 0x7A, 0x7F, 0x82,
    0x09, 0xAD, 0x7F, 0xA3, 0xF1, 0xF6, 0x65, 0x72, 0xA2, 0xCD, 0x55, 0x1B, 0x82, 0xE1, 0x78, 0x53,
    0x13, 0x58, 0x17, 0xC2, 0x0B, 0xDF, 0x95, 0x10, 0x13, 0xC9, 0x10, 0xB9, 0xA2, 0x25, 0xBE, 0xFD,
    0x3F, 0x14, 0x19, 0x02, 0x06, 0x3C, 0x03, 0x97, 0x34, 0x33, 0x46, 0xF3, 0xD0, 0xD7, 0x73, 0x8C,
    0x36, 0x9D, 0xD3, 0xB5, 0xCF, 0x5C, 0x6E, 0x56, 0xB5, 0x18, 0x59, 0x6B, 0x8E, 0xDA, 0x6B, 0x7E,
    0x72, 0xDE, 0xE3, 0x3A, 0x5F, 0xEB, 0xD0, 0xF5, 0xEE, 0xC3, 0xF9, 0x39, 0x1D, 0x31, 0xF2, 0x35,
    0xF7, 0xD3, 0x1F, 0xCF, 0xAF, 0xBA, 0xDF, 0xF3, 0x7F, 0x7B, 0x7E, 0x3A, 0x7F, 0xF9, 0xFD, 0x55,
    0x5F, 0xAB, 0xB6, 0xE9, 0xCF, 0xCE, 0x5F, 0xF3, 0xEF, 0xFB, 0xB3, 0x4F, 0xBF, 0xBF, 0x6A, 0x71,
    0xBB, 0xF6, 0xBF, 0x9B, 0xBF, 0xFC, 0xF9, 0x7C, 0x1B, 0xDB, 0xFF, 0x3F, 0xF7, 0xFF, 0x77, 0x7E,
    0xFA, 0x3A, 0xFF, 0x07, 0x95, 0x96, 0x41, 0x8A, 0x63, 0x3D, 0x0C, 0x84, 0x0B, 0xB4, 0x2D, 0x78,
    0x57, 0x29, 0xF0, 0xD6, 0xE0, 0xAB, 0x0B, 0xB2, 0x35, 0xCC, 0x55, 0x0C, 0xB3, 0x35, 0xE8, 0x8F,
    0xE9, 0xA6, 0xFF, 0x88, 0x28, 0xE9, 0xC9, 0x57, 0x18, 0xC7, 0x11, 0x92, 0x5F, 0x64, 0x59, 0x79,
    0x48, 0x18, 0x88, 0x11, 0x84, 0x21, 0xE1, 0xB6, 0x38, 0xE1, 0xA5, 0x32, 0x0E, 0xC5, 0x86, 0x1E,
    0xBE, 0xF7, 0x4A, 0x9C, 0xB6, 0xE0, 0x78, 0x82, 0x12, 0x23, 0x44, 0xAA, 0xDE, 0xFF, 0x9D, 0xFF,
    0xF0, 0x8E, 0x06, 0x39, 0x04, 0xA2, 0xC0, 0x36, 0x3A, 0xA6, 0x91, 0x10, 0x2A, 0x04, 0xC2, 0x88,
    0x89, 0x6E, 0x1B, 0x35, 0x84, 0xE4, 0x0D, 0x1D, 0xC3, 0xCB, 0x00, 0x32, 0x51, 0x23, 0x28, 0x13,
    0x8E, 0x12, 0x3C, 0x72, 0x2A, 0x36, 0x45, 0x3F, 0xAB, 0x77, 0x5C, 0x7E, 0x1F, 0xB0, 0x45, 0x27,
    0x21, 0xD9, 0xF9, 0xE2, 0x33, 0x6C, 0x5D, 0x8E, 0x25, 0x99, 0x9C, 0x3C, 0x4B, 0xFC, 0x0E, 0x25,
    0x8F, 0x90, 0xD7, 0xF9, 0x2F, 0xAB, 0x20, 0x41, 0x19, 0x23, 0x8C, 0x0F, 0xFE, 0x2F, 0xCE, 0xBE,
    0xAE, 0x00, 0x33, 0x72, 0x2C, 0xD2, 0x0C, 0x25, 0xEE, 0xD2, 0xB5, 0x25, 0x77, 0x94, 0x18, 0xC9,
    0xB1, 0x49, 0xE3, 0xEF, 0xF5, 0x7B, 0x6D, 0x3C, 0x21, 0x97, 0xC6, 0x96, 0x94, 0xE2, 0x5F, 0xBB,
    0xFE, 0x0D, 0x39, 0x7E, 0xB6, 0x96, 0xF1, 0x69, 0x46, 0x1B, 0x9B, 0xB0, 0x97, 0xE5, 0x25, 0x5E,
    0x81, 0x57, 0x25, 0x4A, 0x6B, 0x6C, 0x63, 0x53, 0xA6, 0xDA, 0xBF, 0xA9, 0xF1, 0x0A, 0xA3, 0x09,
    0x25, 0x54, 0x9B, 0x7B, 0x88, 0xAC, 0xEC, 0x0E, 0xE7, 0xD2, 0x8C, 0xD0, 0xE4, 0x7A, 0x3C, 0x5B,
    0x7D, 0xC9, 0x9B, 0x77, 0x57, 0xF5, 0xFB, 0x73, 0xFF, 0xF0, 0x9F, 0xFA, 0x3F, 0xCA, 0x38, 0x64,
    0x3F, 0xF5, 0x7F, 0x04, 0x3D, 0xCA, 0x44, 0x0D, 0x7F, 0xCC, 0x0F, 0xB3, 0x4E, 0xEC, 0xD4, 0x5F,
    0x9E, 0x89, 0x05, 0x59, 0xC3, 0x86, 0x00, 0x54, 0xF1, 0xD7, 0xAB, 0xFC, 0xDB, 0xA6, 0xCD, 0xDB,
    0x30, 0xA2, 0x66, 0xB8, 0xEB, 0xD6, 0x7C, 0x43, 0x4F, 0x96, 0xFD, 0xBE, 0xFF, 0x34, 0x74, 0x8C,
    0x7D, 0xEC, 0x77, 0x26, 0xFA, 0xD8, 0xE8, 0x98, 0x78, 0x82, 0x5B, 0x4B, 0x53, 0x14, 0xAF, 0x85,
    0x82, 0xA1, 0x8B, 0x8D, 0xC9, 0x5E, 0xF4, 0x6F, 0xBC, 0xA3, 0xEC, 0xEF, 0x58, 0x78, 0xD7, 0xDF,
    0xDD, 0x9C, 0xFE, 0x41, 0xFF, 0x7F, 0xCB, 0xBF, 0xFC, 0x3F, 0x60, 0x62, 0xC1, 0x5F, 0xDB, 0xE9,
    0x96, 0xF7, 0x76, 0x68, 0x7C, 0xC7, 0x35, 0x10, 0xF9, 0x8E, 0x51, 0x43, 0x73, 0x51, 0xFF, 0xEB,
    0x6A, 0xDC, 0x14, 0xBE, 0x49, 0x3E, 0x29, 0x56, 0x65, 0x2F, 0xE3, 0xEF, 0xD9, 0xA8, 0x2C, 0xAA,
    0x7C, 0xBE, 0x22, 0xFE, 0xB3, 0xE7, 0x6C, 0x63, 0x53, 0xE5, 0xE9, 0x6E, 0x20, 0x7B, 0x3F, 0xED,
    0x92, 0x9F, 0x2E, 0xDF, 0x6F, 0x1F, 0xDB, 0xEF, 0x83, 0xF5, 0xD9, 0x39, 0xD7, 0xDD, 0x7E, 0x1B,
    0x9B, 0xEB, 0xD9, 0x6E, 0x47, 0x1A, 0xDB, 0xEC, 0x3E, 0x74, 0x56, 0xCF, 0x18, 0xAE, 0xAD, 0xFB,
    0x30, 0x24, 0xDC, 0x74, 0x75, 0x53, 0x52, 0xDD, 0xC3, 0x7C, 0x2C, 0x70, 0xAC, 0xBC, 0xF7, 0xB3,
    0xE7, 0x89, 0x56, 0xBF, 0x3F, 0x8C, 0xED, 0x96, 0x73, 0x57, 0xED, 0x5F, 0xF9, 0x0F, 0x6F, 0xE8,
    0xDE, 0x84, 0x09, 0xD5, 0xDD, 0x01, 0xD3, 0x3A, 0x67, 0x03, 0x51, 0x41, 0x34, 0x70, 0x5A, 0xC7,
    0xB4, 0x8D, 0x0A, 0x61, 0x36, 0x75, 0x6F, 0x18, 0x8E, 0x4C, 0xCA, 0x5E, 0x14, 0x19, 0x4C, 0xD9,
    0x89, 0x94, 0xA1, 0x04, 0x21, 0x46, 0x93, 0x13, 0x2F, 0x90, 0x38, 0xC3, 0x88, 0x97, 0xEF, 0x57,
    0xD7, 0xFE, 0x1A, 0x59, 0xD9, 0xF2, 0x4B, 0xFF, 0x1F, 0x6F, 0xDE, 0x1F, 0x01, 0x87, 0xA7, 0x4F,
    0x19, 0x81, 0x3B, 0xFF, 0xFF, 0xF9, 0x93, 0x5F, 0xDA, 0xBF, 0xE8, 0xB3, 0xD1, 0xD1, 0xF0, 0x82,
    0x89, 0x1E, 0xB9, 0xF7, 0xE6, 0xFC, 0xA3, 0x85, 0x5B, 0x8B, 0x0B, 0x96, 0x9F, 0x5F, 0xE4, 0x18,
    0xA6, 0xA4, 0x55, 0xDC, 0xB0, 0x15, 0xD3, 0x2D, 0x26, 0xD2, 0xD3, 0xD9, 0xCA, 0x9E, 0x63, 0x90,
    0xA9, 0xFE, 0x72, 0xFC, 0xF5, 0xED, 0xB1, 0xB2, 0xBD, 0x5F, 0xFC, 0xA1, 0x5F, 0xB2, 0x11, 0xA9,
    0xBE, 0xF7, 0x5B, 0xFB, 0xE2, 0xEC, 0x7F, 0x38, 0xBF, 0x74, 0x3E, 0xEB, 0x36, 0xE2, 0x21, 0xFA,
    0x1C, 0x23, 0xEF, 0x40, 0x5E, 0xBB, 0xB6, 0xE7, 0xF8, 0x09, 0xEF, 0x6B, 0x4C, 0xD9, 0x98, 0xBD,
    0x38, 0x9D, 0x11, 0x42, 0x5B, 0xCD, 0x9B, 0x44, 0x99, 0x50, 0xB4, 0x37, 0x93, 0xD1, 0xAC, 0xE1,
    0xAF, 0xFD, 0x85, 0x8D, 0xF8, 0xE0, 0xFE, 0xD6, 0x0C, 0x38, 0xDC, 0x15, 0x11, 0xFB, 0xCC, 0x18,
    0xB5, 0x0F, 0xC5, 0x7D, 0xA5, 0xFE, 0x3D, 0xD7, 0x10, 0x95, 0xEB, 0x32, 0x02, 0x2C, 0xE6, 0x04,
    0x25, 0x45, 0x28, 0xFB, 0xE6, 0x9D, 0x18, 0x41, 0x16, 0xF6, 0x8A, 0x1B, 0x61, 0x66, 0xB8, 0x22,
    0xFC, 0xCC, 0x67, 0xFD, 0x09, 0x66, 0x02, 0x4D, 0x18, 0x11, 0x71, 0xE6, 0xB3, 0xFE, 0x08, 0xBA,
    0x83, 0xDF, 0xF9, 0xA3, 0xEB, 0xAC, 0xF1, 0x01, 0xC6, 0x1B, 0x48, 0xF7, 0x11, 0xB1, 0xCE, 0x7C,
    0xD6, 0xEF, 0x21, 0x3A, 0xFE, 0x44, 0x07, 0xF1, 0x02, 0xA1, 0xC7, 0x5F, 0x74, 0x08, 0xFF, 0x82,
    0x1B, 0xCC, 0xCD, 0x19, 0xA1, 0x33, 0x9F, 0x75, 0x06, 0xF8, 0x0F, 0x9D, 0x99, 0xC1, 0xAA, 0xBC,
    0x3A, 0x0C, 0xC6, 0x3F, 0xC8, 0x36, 0xD0, 0x57, 0x09, 0x74, 0x5B, 0xE8, 0xAB, 0x07, 0xDC, 0x16,
    0xCE, 0xAB, 0x14, 0x66, 0x5B, 0xF0, 0xB6, 0x3A, 0xA1, 0x68, 0xDA, 0xE1, 0xCF, 0xFD, 0x32, 0x6A,
    0xED, 0x2F, 0x49, 0xAB, 0xCE, 0x71, 0x8C, 0xE7, 0xD4, 0xB3, 0x26, 0x04, 0xE5, 0xBE, 0x04, 0x64,
    0xD0, 0x79, 0x82, 0x90, 0x40, 0xDA, 0x00, 0xAD, 0xC0, 0xA7, 0x2F, 0xB1, 0x2F, 0x59, 0x81, 0x30,
    0x16, 0xC0, 0x44, 0xCA, 0xD2, 0x0D, 0xB7, 0x8D, 0x36, 0x29, 0xA6, 0x40, 0x95, 0x2F, 0x40, 0x8D,
    0x07, 0xEC, 0x0A, 0x17, 0x3F, 0xCF, 0x5A, 0x83, 0x6A, 0xDF, 0xB9, 0x3E, 0xDC, 0x47, 0x3E, 0x95,
    0x6D, 0xB7, 0xF7, 0x77, 0xDA, 0x7D, 0xA6, 0x5B, 0x1E, 0x1F, 0xCE, 0x97, 0xDB, 0xA9, 0xB8, 0x3E,
    0xC7, 0x9F, 0x7E, 0xFE, 0x86, 0x1B, 0x1E, 0xA2, 0x0F, 0xB3, 0x44, 0x39, 0x22, 0x31, 0xC7, 0x27,
    0x53, 0x28, 0xC9, 0x30, 0xBE, 0x24, 0x94, 0x4F, 0x4C, 0x21, 0x9F, 0x42, 0x37, 0xB9, 0xBD, 0xA0,
    0xDD, 0x9C, 0x42, 0x13, 0x08, 0xF2, 0xB5, 0x0E, 0xED, 0x05, 0x05, 0xD2, 0xB9, 0x8A, 0xE6, 0x16,
    0x11, 0x3B, 0x67, 0x30, 0xD6, 0x39, 0x72, 0xF3, 0xF1, 0x43, 0xB9, 0x82, 0xC1, 0xB9, 0x5D, 0xEB,
    0xEA, 0xF3, 0xF7, 0xBE, 0x82, 0x92, 0x1B, 0x31, 0x75, 0x6E, 0xF9, 0x7D, 0x8E, 0xDC, 0xDE, 0xF1,
    0xB9, 0x79, 0x7B, 0xF0, 0x93, 0x9D, 0x72, 0xC6, 0xE4, 0x79, 0xC1, 0x4F, 0x4C, 0xDE, 0x84, 0x19,
    0x04, 0x28, 0x04, 0x4A, 0x60, 0x08, 0x8F, 0x11, 0xCE, 0x53, 0xFB, 0x67, 0x8E, 0x02, 0x40, 0x87,
    0xF5, 0x96, 0x5E, 0x36, 0xA5, 0x54, 0xA1, 0x1B, 0x1E, 0xBA, 0xA5, 0x6E, 0x15, 0x95, 0x94, 0x74,
    0xEE, 0x9A, 0x04, 0xDC, 0x8D, 0x40, 0x77, 0xBC, 0x5C, 0x1D, 0x6F, 0x29, 0x97, 0x31, 0x06, 0x55,
    0x2E, 0x50, 0x2C, 0x45, 0xFA, 0xFC, 0x26, 0xB7, 0xD6, 0x30, 0x94, 0x21, 0x66, 0x59, 0xA8, 0x1B,
    0x6A, 0x37, 0xE9, 0x76, 0x29, 0x65, 0x92, 0x24, 0x7D, 0xD9, 0xF0, 0x98, 0xA3, 0xF5, 0x2F, 0xF9,
    0x54, 0x48, 0xA2, 0xA2, 0x21, 0xC1, 0xE4, 0xF9, 0x21, 0xC7, 0x9E, 0x0B, 0xA6, 0xE5, 0x86, 0x95,
    0xD8, 0x2E, 0xD1, 0x8E, 0xD3, 0xE0, 0xC2, 0xD2, 0xB9, 0x38, 0x5A, 0x50, 0xEF, 0x63, 0x45, 0x45,
    0x79, 0x9E, 0x3A, 0x6F, 0x8E, 0x17, 0xBA, 0x2F, 0xA0, 0x46, 0xC7, 0x59, 0xBC, 0x39, 0x9E, 0xFA,
    0x52, 0x43, 0x6F, 0xA5, 0xC9, 0x17, 0x7F, 0xE6, 0xDC, 0xD5, 0x37, 0xF4, 0xC6, 0xA3, 0x6F, 0xB0,
    0xDD, 0x9F, 0x78, 0xA8, 0xCF, 0x09, 0xBC, 0xF9, 0x93, 0x86, 0x8A, 0x5B, 0x09, 0x05, 0xEA, 0x8D,
    0x35, 0xDC, 0xBC, 0x50, 0x24, 0xF1, 0x16, 0x25, 0xE9, 0xC0, 0x14, 0xB9, 0xAC, 0xAC, 0x94, 0x8F,
    0x3C, 0xF3, 0x53, 0x1D, 0xFD, 0x54, 0x77, 0xF9, 0x43, 0x8B, 0x5D, 0xA1, 0xAD, 0xF3, 0xE7, 0x56,
    0xFE, 0x86, 0xE5, 0xB6, 0xCD, 0xFF, 0xE1, 0x3F, 0x3E, 0x5F, 0xF3, 0x77, 0xDC, 0x66, 0xE0, 0x79,
    0xAC, 0xA9, 0xE4, 0xF2, 0xE6, 0x53, 0xF3, 0x9A, 0xA7, 0x2E, 0x38, 0xCD, 0xDE, 0xE9, 0xD9, 0x5A,
    0xB3, 0xB5, 0x73, 0xDC, 0x24, 0xB2, 0xF0, 0xDC, 0xB0, 0x53, 0xEA, 0x86, 0xAC, 0xD6, 0x5A, 0x4F,
    0x24, 0x37, 0x6B, 0xAD, 0xB2, 0x07, 0x96, 0x6A, 0x6D, 0x2F, 0xE3, 0x7B, 0x49, 0x0D, 0xBC, 0x41,
    0x16, 0x7F, 0x70, 0xDA, 0x52, 0x88, 0xCA, 0x81, 0x03, 0xDE, 0xC3, 0xEE, 0x82, 0x4A, 0x76, 0x47,
    0xF4, 0x92, 0x6E, 0x1A, 0x4A, 0x14, 0x02, 0x77, 0x5B, 0x29, 0xB7, 0xFD, 0x51, 0xCC, 0xFE, 0xDC,
    0x56, 0x99, 0x2D, 0x37, 0x75, 0xCE, 0xE0, 0xD1, 0xB9, 0x8A, 0xF4, 0xF1, 0xC6, 0x19, 0xD2, 0x89,
    0xDE, 0xF1, 0xF2, 0xC8, 0x1E, 0x8A, 0xD4, 0x9B, 0x10, 0xF8, 0xCB, 0x65, 0x33, 0xBF, 0xF5, 0xEC,
    0x2D, 0x0B, 0x61, 0xCC, 0x92, 0xC1, 0xDB, 0x58, 0x9B, 0xDF, 0x86, 0xDB, 0xDA, 0x5D, 0xD7, 0xDD,
    0xF1, 0x99, 0x84, 0x43, 0xB5, 0x1B, 0xCE, 0x8A, 0x93, 0xDE, 0xDF, 0xBA, 0x94, 0x48, 0x81, 0x5F,
    0x1E, 0xB9, 0x79, 0x42, 0xBA, 0x1B, 0xDF, 0xA8, 0x31, 0xFF, 0xFD, 0x4D, 0xDD, 0x26, 0xB7, 0x8E,
    0xB7, 0x83, 0x71, 0x8F, 0x4D, 0xB1, 0xD9, 0x7A, 0xAD, 0x5C, 0x6C, 0xBD, 0xE1, 0x8D, 0x85, 0x25,
    0xB7, 0xFD, 0x2F, 0xF4, 0xEE, 0xFC, 0xDA, 0x39, 0x75, 0xBC, 0x82, 0x1A, 0x42, 0x00, 0xE6, 0x73,
    0xC9, 0x6C, 0x87, 0x30, 0x28, 0xAA, 0xA3, 0xB3, 0xAD, 0xA1, 0x51, 0x25, 0xD9, 0x9E, 0x5B, 0x25,
    0x61, 0x0E, 0x6D, 0xC7, 0x89, 0x49, 0x72, 0x8A, 0x92, 0xB7, 0x19, 0x92, 0x46, 0x19, 0xB6, 0xA2,
    0x01, 0xF2, 0xFD, 0x8B, 0x06, 0xC8, 0xC7, 0x27, 0xFB, 0x54, 0x9B, 0xB1, 0x82, 0xD4, 0x8E, 0x0D,
    0xB8, 0x3E, 0x86, 0x5C, 0xC3, 0xC2, 0x6D, 0xD7, 0x92, 0x3C, 0x33, 0xB8, 0xBB, 0xC3, 0x5C, 0x6C,
    0x92, 0xDD, 0x1F, 0xA1, 0x47, 0x03, 0x15, 0x63, 0x1D, 0xBE, 0x9B, 0x39, 0xD4, 0x70, 0x57, 0xD0,
    0x77, 0xA3, 0x7D, 0x4D, 0x6D, 0x34, 0x1B, 0xDE, 0x67, 0x1E, 0x89, 0x34, 0x0D, 0x97, 0xB4, 0x39,
    0x5B, 0x9D, 0xDD, 0x3E, 0x6B, 0x3E, 0xE3, 0x97, 0xF7, 0x92, 0x19, 0xCF, 0x8E, 0x4F, 0x1D, 0xC4,
    0x2C, 0xA2, 0x07, 0x44, 0x59, 0x88, 0x71, 0xBC, 0xB0, 0xF5, 0x9B, 0xDF, 0x83, 0x76, 0xA2, 0xD4,
    0xF9, 0x30, 0x6B, 0x63, 0x8A, 0xBB, 0x89, 0x46, 0x1B, 0xBB, 0xD0, 0x18, 0x5D, 0xE6, 0xD5, 0xCC,
    0x76, 0x36, 0x2B, 0x6A, 0x6F, 0xEA, 0x68, 0x53, 0xEF, 0x09, 0x76, 0x39, 0x2E, 0xB7, 0x96, 0x90,
    0x2B, 0xA8, 0x61, 0x78, 0x1C, 0x4A, 0xE7, 0xF7, 0x84, 0x9E, 0x76, 0xD1, 0xDF, 0xA9, 0xEA, 0x4C,
    0x45, 0x7F, 0x3A, 0xBF, 0x15, 0x77, 0xAA, 0x66, 0xA9, 0x3E, 0x0A, 0x4B, 0xD5, 0xF7, 0xA6, 0xDB,
    0xF2, 0x0C, 0xBB, 0xFB, 0xA0, 0xBB, 0x42, 0x8E, 0x4B, 0xB7, 0xD6, 0x99, 0x92, 0x52, 0x23, 0x84,
    0x92, 0x9E, 0x77, 0x62, 0x85, 0xE6, 0xC1, 0x7A, 0x7C, 0x46, 0xE7, 0x9C, 0xEA, 0xE0, 0x7E, 0xEC,
    0x39, 0xCA, 0x7A, 0xEC, 0xE9, 0xF9, 0x38, 0xF3, 0x8D, 0xE4, 0x1E, 0x3B, 0x83, 0x95, 0x5B, 0xEC,
    0x58, 0xBB, 0xD9, 0xDC, 0xD2, 0x1C, 0x3B, 0x05, 0xBD, 0xAA, 0xE4, 0x24, 0x1D, 0xBC, 0xAF, 0xDF,
    0x37, 0xB7, 0x5C, 0x7B, 0xEE, 0x00, 0xF9, 0x3B, 0x0B, 0x86, 0xC5, 0xAE, 0xE3, 0x93, 0x50, 0x19,
    0xEE, 0xDB, 0xF8, 0x14, 0xAF, 0x1C, 0xD8, 0x8E, 0x9F, 0xD2, 0x51, 0x7E, 0x8D, 0x1F, 0x8F, 0x94,
    0x5E, 0x38, 0xA1, 0xA0, 0x42, 0x33, 0x48, 0x49, 0xB8, 0xEB, 0xC9, 0xBB, 0x94, 0x95, 0x14, 0x8D,
    0x34, 0x20, 0x22, 0x81, 0x97, 0xF5, 0xB0, 0x55, 0xC3, 0xBB, 0x7A, 0xD6, 0xAA, 0xD9, 0x75, 0xBD,
    0x1C, 0xAF, 0xCC, 0xBD, 0xB5, 0x38, 0xBA, 0xBB, 0xDE, 0xDD, 0x54, 0xBB, 0x6E, 0xFC, 0xDC, 0x7E,
    0x8E, 0x6F, 0xDC, 0xD5, 0xEB, 0x56, 0xAD, 0xE7, 0x26, 0x3F, 0xC7, 0x37, 0xBE, 0x19, 0x5F, 0x72,
    0xA3, 0x5F, 0xE3, 0x6B, 0x6E, 0xEC, 0x4B, 0x89, 0x12, 0x39, 0xB7, 0xD8, 0xB7, 0xB3, 0x9C, 0x30,
    0x6E, 0x16, 0x4B, 0xEC, 0x74, 0xCD, 0x63, 0xB7, 0x5C, 0xC6, 0x7A, 0xF2, 0xA9, 0xDC, 0x76, 0xA5,
    0xA0, 0x71, 0x9B, 0x9F, 0xE7, 0x3E, 0x3E, 0xB7, 0x7D, 0xFC, 0x8E, 0x6F, 0x4A, 0x29, 0x77, 0x8C,
    0xEB, 0xF1, 0xA9, 0x72, 0x91, 0x23, 0x9F, 0x72, 0x70, 0xA1, 0xBA, 0xE4, 0x2C, 0xD4, 0x39, 0x31,
    0xEF, 0x78, 0x8C, 0x72, 0xC4, 0xB8, 0xE7, 0x32, 0x38, 0xFD, 0xE0, 0x24, 0x87, 0xFC, 0xE2, 0xC7,
    0x18, 0xE1, 0x27, 0xFF, 0xFC, 0xE2, 0x9D, 0x52, 0xFC, 0xEC, 0xF9, 0xA0, 0xBB, 0xF1, 0xC7, 0x99,
    0x91, 0xC3, 0xD6, 0x4B, 0x4E, 0x42, 0xB6, 0x5E, 0xF1, 0x14, 0xEE, 0xF3, 0x93, 0xC2, 0x3E, 0x5E,
    0x8E, 0x5D, 0xBC, 0x7D, 0x37, 0xEE, 0xAD, 0x97, 0x7D, 0x37, 0xEE, 0xED, 0x2A, 0x3F, 0x14, 0xD3,
    0xBC, 0x74, 0x9A, 0x1F, 0x9F, 0xBF, 0x16, 0x2A, 0x2F, 0x07, 0x30, 0x3A, 0x3D, 0x36, 0xB3, 0xDF,
    0x1C, 0x41, 0x34, 0x6B, 0xD6, 0x7A, 0x71, 0xF9, 0x5A, 0xB6, 0xD6, 0x32, 0xBE, 0xCD, 0x0C, 0x7E,
    0xFC, 0xFB, 0x7D, 0xE1, 0x58, 0xFB, 0xF1, 0x8D, 0x4E, 0x8F, 0x45, 0x7E, 0xE9, 0xD6, 0xC6, 0xDA,
    0xE7, 0x37, 0x3A, 0x3D, 0x5E, 0xAA, 0xAF, 0xDF, 0xAF, 0xFA, 0xC4, 0xE1, 0xF5, 0xFB, 0x15, 0xE0,
    0xD5, 0x59, 0x49, 0x4C, 0x05, 0x69, 0x57, 0x66, 0x47, 0x95, 0x14, 0xD5, 0x63, 0x1F, 0x9F, 0xDB,
    0xEF, 0x78, 0xE3, 0x7B, 0x05, 0xA0, 0x8A, 0x52, 0x93, 0xF3, 0x6C, 0x63, 0x3B, 0xF6, 0xB1, 0xD3,
    0x26, 0x3E, 0x2B, 0x71, 0x3E, 0x4F, 0x1E, 0xDB, 0x5D, 0xFC, 0x5E, 0x41, 0x01, 0x91, 0x70, 0x56,
    0x19, 0xDB, 0x6B, 0xFF, 0x97, 0xB4, 0x1B, 0x52, 0xB0, 0xD6, 0x23, 0x53, 0x83, 0x3A, 0x73, 0x9A,
    0x2F, 0xB3, 0xAE, 0x08, 0xB8, 0x1C, 0x98, 0x2F, 0xC4, 0x00, 0xCF, 0x9F, 0x19, 0xB6, 0x7F, 0xE1,
    0x2A, 0xDD, 0xB6, 0xAF, 0x13, 0x13, 0x0A, 0x31, 0xF3, 0x8B, 0xBF, 0xDE, 0xB7, 0x0F, 0x7B, 0xBF,
    0x8A, 0x73, 0xEF, 0xDC, 0xF7, 0xAF, 0xE2, 0xDC, 0x6F, 0x88, 0xA7, 0xF6, 0xFB, 0xE7, 0x6B, 0xB2,
    0x57, 0x6E, 0x5F, 0x0F, 0xEF, 0x65, 0x35, 0xDF, 0x26, 0x56, 0x98, 0x25, 0x37, 0x16, 0xE1, 0x55,
    0x16, 0xA1, 0x79, 0x7F, 0x15, 0x5A, 0x72, 0x8E, 0x22, 0x1A, 0x25, 0xF1, 0x9A, 0x73, 0xA0, 0x88,
    0x83, 0x22, 0x2F, 0xE3, 0x01, 0x06, 0x7D, 0x8F, 0x11, 0x6B, 0x31, 0xC4, 0xF3, 0xCD, 0xDB, 0x0A,
    0xCF, 0xC8, 0x5F, 0x9D, 0xDD, 0x35, 0x16, 0xDA, 0xFC, 0xBF, 0xE4, 0xBA, 0xF7, 0x49, 0x6F, 0x85,
    0xE5, 0xF3, 0x59, 0x66, 0x14, 0x94, 0xBE, 0xE6, 0x5C, 0x17, 0xF1, 0x34, 0xCE, 0x9E, 0xE9, 0xCD,
    0x27, 0x91, 0x43, 0xE8, 0x99, 0x7F, 0xBE, 0x30, 0x9D, 0xB6, 0x7A, 0xDD, 0x9C, 0xDB, 0x5C, 0x6F,
    0x5E, 0x94, 0x33, 0x8D, 0x6C, 0xE2, 0x9F, 0xEF, 0x19, 0x83, 0xC8, 0xED, 0x05, 0xC1, 0x56, 0xCC,
    0x1D, 0x0F, 0x3F, 0x55, 0x22, 0xBA, 0x76, 0xC7, 0x76, 0xEC, 0x8F, 0xFE, 0xAB, 0x63, 0xAF, 0xE1,
    0xE2, 0x62, 0x2C, 0x97, 0xA5, 0x9E, 0xF2, 0x95, 0xF3, 0xAC, 0x85, 0x36, 0x95, 0xF3, 0xF4, 0x9F,
    0xDA, 0x32, 0x93, 0xCB, 0xED, 0xCE, 0x1E, 0x95, 0xB4, 0xAD, 0x8F, 0x46, 0x47, 0x54, 0x4E, 0x9B,
    0xFA, 0x48, 0x48, 0x28, 0x71, 0xA9, 0xF5, 0x5B, 0x21, 0x0A, 0x71, 0x17, 0x78, 0x66, 0x2F, 0x52,
    0x44, 0xF8, 0xEF, 0xAE, 0xD2, 0x02, 0x52, 0xB7, 0x07, 0x67, 0x48, 0xB6, 0xE7, 0x7B, 0x64, 0x7B,
    0xBE, 0x7F, 0x71, 0x7B, 0xBE, 0x77, 0xDC, 0x3F, 0xFF, 0x6A, 0xF7, 0xD9, 0x3E, 0xFF, 0x1A, 0xDF,
    0x5C, 0x05, 0x09, 0x25, 0x56, 0x86, 0xAC, 0x2B, 0x54, 0x9E, 0x7C, 0x53, 0x5B, 0x26, 0xE3, 0xCB,
    0xCA, 0x92, 0xC5, 0xC7, 0xCF, 0x2A, 0x37, 0xA5, 0x42, 0x85, 0x1A, 0x2D, 0x0B, 0xD4, 0xA4, 0xB1,
    0xC6, 0x94, 0x34, 0x63, 0x44, 0xFF, 0x8E, 0xCF, 0xED, 0x77, 0x7C, 0x6E, 0xE2, 0xEE, 0xAB, 0x6E,
    0xEB, 0xF4, 0xF9, 0xFB, 0xFC, 0x61, 0xA5, 0xD0, 0x0D, 0x33, 0xAE, 0x76, 0x9B, 0xB2, 0x7D, 0xE3,
    0xE6, 0xBF, 0x51, 0x3E, 0x01, 0xC5, 0x7C, 0x77, 0x76, 0x9E, 0xB0, 0x36, 0xF4, 0xE6, 0x3B, 0xF9,
    0xF8, 0x6E, 0x57, 0x3C, 0x2D, 0xE3, 0xDD, 0xFD, 0x8F, 0x73, 0x13, 0x5E, 0xDC, 0xFD, 0x48, 0xC7,
    0xB2, 0x9C, 0x1F, 0xFD, 0xE3, 0xFC, 0xBA, 0xDF, 0xFF, 0x8E, 0xCF, 0x6D, 0xF7, 0xFF, 0x6C, 0x93,
    0xE7, 0x3D, 0x66, 0x33, 0x8F, 0x0A, 0x06, 0x20, 0xD7, 0x50, 0xF5, 0xB1, 0xE5, 0x2F, 0xFF, 0xA5,
    0x70, 0x2A, 0x00, 0xF3, 0xE6, 0xBE, 0x7F, 0xAA, 0xB5, 0x01, 0x19, 0xFC, 0x9F, 0xE3, 0xF9, 0x8A,
    0x6F, 0xE0, 0x75, 0xBC, 0xFB, 0xFD, 0xB9, 0xAE, 0xCF, 0xFA, 0x0D, 0xC5, 0xC8, 0xB3, 0x99, 0xDF,
    0xE8, 0xFF, 0x9D, 0x3F, 0xB7, 0xF5, 0xFF, 0xF3, 0x37, 0xD7, 0x51, 0xED, 0x7A, 0xD1, 0x66, 0xDF,
    0x7C, 0xFF, 0x03, 0x75, 0x8E, 0x01, 0x06, 0x05, 0x31, 0x0C, 0x44, 0x43, 0x01, 0x86, 0x5E, 0x65,
    0xF8, 0x00, 0xA1, 0x57, 0xCF, 0x01, 0xCA, 0xBF, 0xCA, 0x1E, 0xA0, 0xD8, 0xA4, 0xAA, 0xCD, 0xA2,
    0xEF, 0x01, 0xF3, 0x84, 0xC8, 0xA4, 0xFC, 0xC1, 0xB0, 0x0D, 0xF0, 0x28, 0x9B, 0xF2, 0x00, 0x10,
    0x88, 0xF7, 0x44, 0xEA, 0x6B, 0x6F, 0xFD, 0xD2, 0x15, 0x1D, 0x06, 0xF3, 0xFB, 0x7E, 0x4C, 0x7D,
    0xED, 0xB7, 0x5E, 0x8D, 0xD3, 0xDF, 0xA0, 0x6D, 0xF5, 0xF3, 0x1F, 0xC3, 0xAA, 0x74, 0xC0, 0xE2,
    0x2A, 0xA2, 0xBC, 0x63, 0x00, 0x03, 0xFB, 0x3F, 0x36, 0x36, 0xC6, 0x67, 0x8C, 0xCF, 0xD8, 0x9F,
    0xB1, 0xB7, 0x01, 0xC2, 0x3F, 0x10, 0x12, 0x24, 0x03, 0x00,
};

static const EpdGlyph times_9_boldGlyphs[] = {
    { 13, 13, 240, 1, 13, 43, 0 }, // U+0000
    { 16, 16, 256, 0, 14, 64, 43 }, // U+0001
    { 16, 16, 256, 0, 14, 64, 107 }, // U+0002
    { 16, 16, 256, 0, 14, 64, 171 }, // U+0003
    { 16, 16, 256, 0, 14, 64, 235 }, // U+0004
    { 16, 16, 256, 0, 14, 64, 299 }, // U+0005
    { 16, 16, 256, 0, 14, 64, 363 }, // U+0006
    { 16, 16, 256, 0, 14, 64, 427 }, // U+0007
    { 16, 16, 256, 0, 14, 64, 491 }, // U+0008
    { 16, 16, 256, 0, 14, 64, 555 }, // U+0009
    { 16, 16, 256, 0, 14, 64, 619 }, // U+000A
    { 16, 16, 256, 0, 14, 64, 683 }, // U+000B
    { 16, 16, 256, 0, 14, 64, 747 }, // U+000C
    { 16, 16, 256, 0, 14, 64, 811 }, // U+000D
    { 16, 16, 256, 0, 14, 64, 875 }, // U+000E
    { 16, 16, 256, 0, 14, 64, 939 }, // U+000F
    { 16, 16, 256, 0, 14, 64, 1003 }, // U+0010
    { 16, 16, 256, 0, 14, 64, 1067 }, // U+0011
    { 16, 16, 256, 0, 14, 64, 1131 }, // U+0012
    { 16, 16, 256, 0, 14, 64, 1195 }, // U+0013
    { 16, 16, 256, 0, 14, 64, 1259 }, // U+0014
    { 16, 16, 256, 0, 14, 64, 1323 }, // U+0015
    { 16, 16, 256, 0, 14, 64, 1387 }, // U+0016
    { 16, 16, 256, 0, 14, 64, 1451 }, // U+0017
    { 16, 16, 256, 0, 14, 64, 1515 }, // U+0018
    { 16, 16, 256, 0, 14, 64, 1579 }, // U+0019
    { 16, 16, 256, 0, 14, 64, 1643 }, // U+001A
    { 16, 16, 256, 0, 14, 64, 1707 }, // U+001B
    { 16, 16, 256, 0, 14, 64, 1771 }, // U+001C
    { 16, 16, 256, 0, 14, 64, 1835 }, // U+001D
    { 16, 16, 256, 0, 14, 64, 1899 }, // U+001E
    { 16, 16, 256, 0, 14, 64, 1963 }, // U+001F
    { 1, 1, 80, 0, 1, 1, 2027 }, // U+0020
    { 3, 13, 96, 1, 13, 10, 2028 }, // !
    { 6, 6, 160, 2, 13, 9, 2038 }, // "
    { 10, 12, 144, 0, 12, 30, 2047 }, // #
    { 8, 16, 144, 0, 14, 32, 2077 }, // $
    { 14, 13, 288, 1, 13, 46, 2109 }, // %
    { 13, 13, 256, 2, 13, 43, 2155 }, // &
    { 2, 6, 80, 1, 13, 3, 2198 }, // '
    { 5, 17, 96, 1, 13, 22, 2201 }, // (
    { 5, 17, 96, 0, 13, 22, 2223 }, // )
    { 8, 9, 144, 0, 13, 18, 2245 }, // *
    { 10, 10, 176, 0, 10, 25, 2263 }, // +
    { 4, 6, 80, 0, 3, 6, 2288 }, // ,
    { 5, 3, 96, 0, 7, 4, 2294 }, // -
    { 3, 3, 80, 1, 3, 3, 2298 }, // .
    { 5, 13, 96, 0, 13, 17, 2301 }, // /
    { 8, 13, 144, 0, 13, 26, 2318 }, // 0
    { 8, 13, 144, 0, 13, 26, 2344 }, // 1
    { 8, 13, 144, 0, 13, 26, 2370 }, // 2
    { 9, 13, 144, 0, 13, 30, 2396 }, // 3
    { 8, 13, 144, 0, 13, 26, 2426 }, // 4
    { 9, 13, 144, 0, 13, 30, 2452 }, // 5
    { 8, 13, 144, 0, 13, 26, 2482 }, // 6
    { 8, 13, 144, 0, 13, 26, 2508 }, // 7
    { 8, 13, 144, 0, 13, 26, 2534 }, // 8
    { 8, 13, 144, 0, 13, 26, 2560 }, // 9
    { 3, 9, 80, 1, 9, 7, 2586 }, // :
    { 4, 12, 80, 0, 9, 12, 2593 }, // ;
    { 9, 9, 176, 1, 9, 21, 2605 }, // <
    { 9, 6, 176, 1, 8, 14, 2626 }, // =
    { 9, 9, 176, 1, 9, 21, 2640 }, // >
    { 7, 13, 144, 1, 13, 23, 2661 }, // ?
    { 15, 16, 272, 1, 13, 60, 2684 }, // @
    { 14, 13, 224, 0, 13, 46, 2744 }, // A
    { 10, 13, 208, 1, 13, 33, 2790 }, // B
    { 12, 13, 224, 1, 13, 39, 2823 }, // C
    { 12, 13, 224, 1, 13, 39, 2862 }, // D
    { 10, 13, 208, 2, 13, 33, 2901 }, // E
    { 10, 13, 192, 2, 13, 33, 2934 }, // F
    { 13, 13, 240, 1, 13, 43, 2967 }, // G
    { 13, 13, 240, 1, 13, 43, 3010 }, // H
    { 5, 13, 112, 1, 13, 17, 3053 }, // I
    { 8, 15, 144, 0, 13, 30, 3070 }, // J
    { 12, 13, 240, 2, 13, 39, 3100 }, // K
    { 10, 13, 208, 2, 13, 33, 3139 }, // L
    { 15, 13, 288, 2, 13, 49, 3172 }, // M
    { 12, 13, 224, 1, 13, 39, 3221 }, // N
    { 13, 13, 240, 1, 13, 43, 3260 }, // O
    { 10, 13, 192, 1, 13, 33, 3303 }, // P
    { 13, 17, 240, 1, 13, 56, 3336 }, // Q
    { 12, 13, 224, 1, 13, 39, 3392 }, // R
    { 9, 13, 176, 1, 13, 30, 3431 }, // S
    { 11, 13, 208, 1, 13, 36, 3461 }, // T
    { 12, 13, 224, 1, 13, 39, 3497 }, // U
    { 14, 13, 224, 0, 13, 46, 3536 }, // V
    { 18, 13, 304, 1, 13, 59, 3582 }, // W
    { 14, 13, 224, 0, 13, 46, 3641 }, // X
    { 13, 13, 224, 1, 13, 43, 3687 }, // Y
    { 10, 13, 208, 2, 13, 33, 3730 }, // Z
    { 4, 16, 96, 1, 13, 16, 3763 }, // [
    { 5, 13, 80, 0, 13, 17, 3779 }, // <backslash>
    { 4, 16, 96, 1, 13, 16, 3796 }, // ]
    { 8, 7, 176, 1, 13, 14, 3812 }, // ^
    { 9, 2, 144, 0, -2, 5, 3826 }, // _
    { 5, 3, 96, 0, 13, 4, 3831 }, // `
    { 8, 9, 144, 0, 9, 18, 3835 }, // a
    { 9, 13, 144, -1, 13, 30, 3853 }, // b
    { 7, 9, 128, 0, 9, 16, 3883 }, // c
    { 9, 13, 160, 0, 13, 30, 3899 }, // d
    { 7, 9, 128, 0, 9, 16, 3929 }, // e
    { 7, 13, 96, 0, 13, 23, 3945 }, // f
    { 9, 13, 144, 0, 9, 30, 3968 }, // g
    { 10, 13, 176, 0, 13, 33, 3998 }, // h
    { 5, 13, 80, 0, 13, 17, 4031 }, // i
    { 6, 17, 80, -2, 13, 26, 4048 }, // j
    { 10, 13, 160, 0, 13, 33, 4074 }, // k
    { 5, 13, 96, 0, 13, 17, 4107 }, // l
    { 15, 9, 256, 0, 9, 34, 4124 }, // m
    { 10, 9, 176, 0, 9, 23, 4158 }, // n
    { 8, 9, 144, 0, 9, 18, 4181 }, // o
    { 9, 13, 160, 0, 9, 30, 4199 }, // p
    { 9, 13, 144, 0, 9, 30, 4229 }, // q
    { 7, 9, 128, 0, 9, 16, 4259 }, // r
    { 6, 9, 112, 0, 9, 14, 4275 }, // s
    { 6, 11, 112, 0, 11, 17, 4289 }, // t
    { 10, 9, 176, 0, 9, 23, 4306 }, // u
    { 10, 9, 144, -1, 9, 23, 4329 }, // v
    { 14, 9, 192, -1, 9, 32, 4352 }, // w
    { 9, 9, 144, 0, 9, 21, 4384 }, // x
    { 10, 13, 144, -1, 9, 33, 4405 }, // y
    { 7, 9, 128, 0, 9, 16, 4438 }, // z
    { 7, 17, 128, 0, 13, 30, 4454 }, // {
    { 2, 16, 64, 1, 13, 8, 4484 }, // |
    { 7, 17, 128, 1, 13, 30, 4492 }, // }
    { 8, 4, 160, 1, 7, 8, 4522 }, // ~
    { 16, 16, 256, 0, 14, 64, 4530 }, // U+007F
    { 16, 16, 256, 0, 14, 64, 0 }, // U+0080
    { 16, 16, 256, 0, 14, 64, 64 }, // U+0081
    { 16, 16, 256, 0, 14, 64, 128 }, // U+0082
    { 16, 16, 256, 0, 14, 64, 192 }, // U+0083
    { 16, 16, 256, 0, 14, 64, 256 }, // U+0084
    { 16, 16, 256, 0, 14, 64, 320 }, // U+0085
    { 16, 16, 256, 0, 14, 64, 384 }, // U+0086
    { 16, 16, 256, 0, 14, 64, 448 }, // U+0087
    { 16, 16, 256, 0, 14, 64, 512 }, // U+0088
    { 16, 16, 256, 0, 14, 64, 576 }, // U+0089
    { 16, 16, 256, 0, 14, 64, 640 }, // U+008A
    { 16, 16, 256, 0, 14, 64, 704 }, // U+008B
    { 16, 16, 256, 0, 14, 64, 768 }, // U+008C
    { 16, 16, 256, 0, 14, 64, 832 }, // U+008D
    { 16, 16, 256, 0, 14, 64, 896 }, // U+008E
    { 16, 16, 256, 0, 14, 64, 960 }, // U+008F
    { 16, 16, 256, 0, 14, 64, 1024 }, // U+0090
    { 16, 16, 256, 0, 14, 64, 1088 }, // U+0091
    { 16, 16, 256, 0, 14, 64, 1152 }, // U+0092
    { 16, 16, 256, 0, 14, 64, 1216 }, // U+0093
    { 16, 16, 256, 0, 14, 64, 1280 }, // U+0094
    { 16, 16, 256, 0, 14, 64, 1344 }, // U+0095
    { 16, 16, 256, 0, 14, 64, 1408 }, // U+0096
    { 16, 16, 256, 0, 14, 64, 1472 }, // U+0097
    { 16, 16, 256, 0, 14, 64, 1536 }, // U+0098
    { 16, 16, 256, 0, 14, 64, 1600 }, // U+0099
    { 16, 16, 256, 0, 14, 64, 1664 }, // U+009A
    { 16, 16, 256, 0, 14, 64, 1728 }, // U+009B
    { 16, 16, 256, 0, 14, 64, 1792 }, // U+009C
    { 16, 16, 256, 0, 14, 64, 1856 }, // U+009D
    { 16, 16, 256, 0, 14, 64, 1920 }, // U+009E
    { 16, 16, 256, 0, 14, 64, 1984 }, // U+009F
    { 1, 1, 80, 0, 1, 1, 2048 }, // U+00A0
    { 3, 13, 96, 1, 9, 10, 2049 }, // U+00A1
    { 8, 13, 144, 0, 11, 26, 2059 }, // U+00A2
    { 14, 13, 144, 0, 13, 46, 2085 }, // U+00A3
    { 8, 8, 144, 0, 10, 16, 2131 }, // U+00A4
    { 9, 13, 144, 0, 13, 30, 2147 }, // U+00A5
    { 2, 16, 64, 1, 13, 8, 2177 }, // U+00A6
    { 7, 16, 144, 1, 13, 28, 2185 }, // U+00A7
    { 6, 2, 96, 0, 12, 3, 2213 }, // U+00A8
    { 13, 13, 240, 1, 13, 43, 2216 }, // U+00A9
    { 6, 8, 96, 0, 13, 12, 2259 }, // U+00AA
    { 9, 7, 176, 1, 8, 16, 2271 }, // U+00AB
    { 9, 6, 176, 1, 7, 14, 2287 }, // U+00AC
    { 5, 3, 96, 0, 7, 4, 2301 }, // U+00AD
    { 13, 13, 240, 1, 13, 43, 2305 }, // U+00AE
    { 6, 1, 96, 0, 12, 2, 2348 }, // U+00AF
    { 6, 5, 112, 0, 13, 8, 2350 }, // U+00B0
    { 8, 11, 176, 1, 11, 22, 2358 }, // U+00B1
    { 5, 8, 80, 0, 13, 10, 2380 }, // U+00B2
    { 5, 8, 80, 0, 13, 10, 2390 }, // U+00B3
    { 5, 3, 96, 0, 13, 4, 2400 }, // U+00B4
    { 10, 13, 176, 0, 9, 33, 2404 }, // U+00B5
    { 9, 17, 160, 0, 13, 39, 2437 }, // U+00B6
    { 3, 3, 80, 1, 7, 3, 2476 }, // U+00B7
    { 5, 4, 96, 1, 0, 5, 2479 }, // U+00B8
    { 6, 8, 80, 0, 13, 12, 2484 }, // U+00B9
    { 6, 8, 96, 0, 13, 12, 2496 }, // U+00BA
    { 9, 7, 176, 1, 8, 16, 2508 }, // U+00BB
    { 13, 13, 208, 0, 13, 43, 2524 }, // U+00BC
    { 13, 13, 208, 0, 13, 43, 2567 }, // U+00BD
    { 13, 13, 208, 0, 13, 43, 2610 }, // U+00BE
    { 7, 13, 144, 1, 9, 23, 2653 }, // U+00BF
    { 14, 17, 224, 0, 17, 60, 2676 }, // U+00C0
    { 14, 17, 224, 0, 17, 60, 2736 }, // U+00C1
    { 14, 17, 224, 0, 17, 60, 2796 }, // U+00C2
    { 14, 17, 224, 0, 17, 60, 2856 }, // U+00C3
    { 14, 16, 224, 0, 16, 56, 2916 }, // U+00C4
    { 14, 17, 224, 0, 17, 60, 2972 }, // U+00C5
    { 17, 13, 304, 0, 13, 56, 3032 }, // U+00C6
    { 12, 17, 224, 1, 13, 51, 3088 }, // U+00C7
    { 10, 17, 208, 2, 17, 43, 3139 }, // U+00C8
    { 10, 17, 208, 2, 17, 43, 3182 }, // U+00C9
    { 10, 17, 208, 2, 17, 43, 3225 }, // U+00CA
    { 10, 16, 208, 2, 16, 40, 3268 }, // U+00CB
    { 5, 17, 112, 1, 17, 22, 3308 }, // U+00CC
    { 5, 17, 112, 1, 17, 22, 3330 }, // U+00CD
    { 6, 17, 112, 1, 17, 26, 3352 }, // U+00CE
    { 6, 16, 112, 1, 16, 24, 3378 }, // U+00CF
    { 13, 13, 224, 0, 13, 43, 3402 }, // U+00D0
    { 12, 17, 224, 1, 17, 51, 3445 }, // U+00D1
    { 13, 17, 240, 1, 17, 56, 3496 }, // U+00D2
    { 13, 17, 240, 1, 17, 56, 3552 }, // U+00D3
    { 13, 17, 240, 1, 17, 56, 3608 }, // U+00D4
    { 13, 17, 240, 1, 17, 56, 3664 }, // U+00D5
    { 13, 16, 240, 1, 16, 52, 3720 }, // U+00D6
    { 9, 8, 176, 1, 9, 18, 3772 }, // U+00D7
    { 13, 15, 240, 1, 14, 49, 3790 }, // U+00D8
    { 12, 17, 224, 1, 17, 51, 3839 }, // U+00D9
    { 12, 17, 224, 1, 17, 51, 3890 }, // U+00DA
    { 12, 17, 224, 1, 17, 51, 3941 }, // U+00DB
    { 12, 16, 224, 1, 16, 48, 3992 }, // U+00DC
    { 13, 17, 224, 1, 17, 56, 4040 }, // U+00DD
    { 10, 13, 176, 1, 13, 33, 4096 }, // U+00DE
    { 9, 13, 160, 0, 13, 30, 4129 }, // U+00DF
    { 8, 13, 144, 0, 13, 26, 4159 }, // U+00E0
    { 8, 13, 144, 0, 13, 26, 4185 }, // U+00E1
    { 8, 13, 144, 0, 13, 26, 4211 }, // U+00E2
    { 8, 13, 144, 0, 13, 26, 4237 }, // U+00E3
    { 8, 12, 144, 0, 12, 24, 4263 }, // U+00E4
    { 8, 13, 144, 0, 13, 26, 4287 }, // U+00E5
    { 12, 9, 208, 0, 9, 27, 4313 }, // U+00E6
    { 7, 13, 128, 0, 9, 23, 4340 }, // U+00E7
    { 7, 13, 128, 0, 13, 23, 4363 }, // U+00E8
    { 8, 13, 128, 0, 13, 26, 4386 }, // U+00E9
    { 7, 13, 128, 0, 13, 23, 4412 }, // U+00EA
    { 7, 12, 128, 0, 12, 21, 4435 }, // U+00EB
    { 5, 13, 80, 0, 13, 17, 4456 }, // U+00EC
    { 5, 13, 80, 0, 13, 17, 4473 }, // U+00ED
    { 6, 13, 80, 0, 13, 20, 4490 }, // U+00EE
    { 6, 12, 80, 0, 12, 18, 4510 }, // U+00EF
    { 8, 13, 144, 0, 13, 26, 4528 }, // U+00F0
    { 10, 13, 176, 0, 13, 33, 4554 }, // U+00F1
    { 8, 13, 144, 0, 13, 26, 4587 }, // U+00F2
    { 8, 13, 144, 0, 13, 26, 4613 }, // U+00F3
    { 8, 13, 144, 0, 13, 26, 4639 }, // U+00F4
    { 8, 13, 144, 0, 13, 26, 4665 }, // U+00F5
    { 8, 12, 144, 0, 12, 24, 4691 }, // U+00F6
    { 8, 8, 176, 1, 9, 16, 4715 }, // U+00F7
    { 10, 11, 144, -1, 10, 28, 4731 }, // U+00F8
    { 10, 13, 176, 0, 13, 33, 4759 }, // U+00F9
    { 10, 13, 176, 0, 13, 33, 4792 }, // U+00FA
    { 10, 13, 176, 0, 13, 33, 4825 }, // U+00FB
    { 10, 12, 176, 0, 12, 30, 4858 }, // U+00FC
    { 10, 17, 144, -1, 13, 43, 4888 }, // U+00FD
    { 9, 17, 160, 0, 13, 39, 4931 }, // U+00FE
    { 10, 16, 144, -1, 12, 40, 4970 }, // U+00FF
    { 14, 15, 224, 0, 15, 53, 0 }, // U+0100
    { 8, 11, 144, 0, 11, 22, 53 }, // U+0101
    { 14, 17, 224, 0, 17, 60, 75 }, // U+0102
    { 8, 13, 144, 0, 13, 26, 135 }, // U+0103
    { 14, 17, 224, 0, 13, 60, 161 }, // U+0104
    { 8, 13, 144, 0, 9, 26, 221 }, // U+0105
    { 12, 17, 224, 1, 17, 51, 247 }, // U+0106
    { 7, 13, 128, 0, 13, 23, 298 }, // U+0107
    { 12, 17, 224, 1, 17, 51, 321 }, // U+0108
    { 7, 13, 128, 0, 13, 23, 372 }, // U+0109
    { 12, 16, 224, 1, 16, 48, 395 }, // U+010A
    { 7, 12, 128, 0, 12, 21, 443 }, // U+010B
    { 12, 17, 224, 1, 17, 51, 464 }, // U+010C
    { 7, 13, 128, 0, 13, 23, 515 }, // U+010D
    { 12, 17, 224, 1, 17, 51, 538 }, // U+010E
    { 15, 13, 256, 0, 13, 49, 589 }, // U+010F
    { 13, 13, 224, 0, 13, 43, 638 }, // U+0110
    { 9, 13, 160, 0, 13, 30, 681 }, // U+0111
    { 10, 15, 208, 2, 15, 38, 711 }, // U+0112
    { 7, 11, 128, 0, 11, 20, 749 }, // U+0113
    { 10, 17, 208, 2, 17, 43, 769 }, // U+0114
    { 7, 13, 128, 0, 13, 23, 812 }, // U+0115
    { 10, 16, 208, 2, 16, 40, 835 }, // U+0116
    { 7, 12, 128, 0, 12, 21, 875 }, // U+0117
    { 10, 17, 208, 2, 13, 43, 896 }, // U+0118
    { 7, 13, 128, 0, 9, 23, 939 }, // U+0119
    { 10, 17, 208, 2, 17, 43, 962 }, // U+011A
    { 7, 13, 128, 0, 13, 23, 1005 }, // U+011B
    { 13, 17, 240, 1, 17, 56, 1028 }, // U+011C
    { 9, 17, 144, 0, 13, 39, 1084 }, // U+011D
    { 13, 17, 240, 1, 17, 56, 1123 }, // U+011E
    { 9, 17, 144, 0, 13, 39, 1179 }, // U+011F
    { 13, 16, 240, 1, 16, 52, 1218 }, // U+0120
    { 9, 16, 144, 0, 12, 36, 1270 }, // U+0121
    { 13, 20, 240, 1, 13, 65, 1306 }, // U+0122
    { 9, 20, 144, 0, 16, 45, 1371 }, // U+0123
    { 13, 17, 240, 1, 17, 56, 1416 }, // U+0124
    { 10, 17, 176, 0, 17, 43, 1472 }, // U+0125
    { 13, 13, 240, 1, 13, 43, 1515 }, // U+0126
    { 10, 13, 176, 0, 13, 33, 1558 }, // U+0127
    { 6, 17, 112, 1, 17, 26, 1591 }, // U+0128
    { 6, 13, 80, -1, 13, 20, 1617 }, // U+0129
    { 6, 15, 112, 1, 15, 23, 1637 }, // U+012A
    { 6, 11, 80, -1, 11, 17, 1660 }, // U+012B
    { 5, 17, 112, 1, 17, 22, 1677 }, // U+012C
    { 5, 13, 80, 0, 13, 17, 1699 }, // U+012D
    { 5, 17, 112, 1, 13, 22, 1716 }, // U+012E
    { 5, 17, 80, 0, 13, 22, 1738 }, // U+012F
    { 5, 16, 112, 1, 16, 20, 1760 }, // U+0130
    { 5, 9, 80, 0, 9, 12, 1780 }, // U+0131
    { 14, 15, 256, 1, 13, 53, 1792 }, // U+0132
    { 9, 17, 160, 0, 13, 39, 1845 }, // U+0133
    { 8, 19, 144, 0, 17, 38, 1884 }, // U+0134
    { 7, 17, 80, -2, 13, 30, 1922 }, // U+0135
    { 12, 20, 240, 2, 13, 60, 1952 }, // U+0136
    { 10, 20, 160, 0, 13, 50, 2012 }, // U+0137
    { 10, 9, 160, 0, 9, 23, 2062 }, // U+0138
    { 10, 17, 208, 2, 17, 43, 2085 }, // U+0139
    { 6, 17, 96, 0, 17, 26, 2128 }, // U+013A
    { 10, 20, 208, 2, 13, 50, 2154 }, // U+013B
    { 5, 20, 96, 0, 13, 25, 2204 }, // U+013C
    { 15, 13, 288, 2, 13, 49, 2229 }, // U+013D
    { 11, 13, 192, 0, 13, 36, 2278 }, // U+013E
    { 14, 13, 272, 2, 13, 46, 2314 }, // U+013F
    { 10, 13, 176, 0, 13, 33, 2360 }, // U+0140
    { 11, 13, 192, 0, 13, 36, 2393 }, // U+0141
    { 7, 13, 96, -1, 13, 23, 2429 }, // U+0142
    { 12, 17, 224, 1, 17, 51, 2452 }, // U+0143
    { 10, 13, 176, 0, 13, 33, 2503 }, // U+0144
    { 12, 20, 224, 1, 13, 60, 2536 }, // U+0145
    { 10, 16, 176, 0, 9, 40, 2596 }, // U+0146
    { 12, 17, 224, 1, 17, 51, 2636 }, // U+0147
    { 10, 13, 176, 0, 13, 33, 2687 }, // U+0148
    { 15, 13, 272, 1, 13, 49, 2720 }, // U+0149
    { 12, 17, 224, 1, 13, 51, 2769 }, // U+014A
    { 9, 13, 176, 0, 9, 30, 2820 }, // U+014B
    { 13, 15, 240, 1, 15, 49, 2850 }, // U+014C
    { 8, 11, 144, 0, 11, 22, 2899 }, // U+014D
    { 13, 17, 240, 1, 17, 56, 2921 }, // U+014E
    { 8, 13, 144, 0, 13, 26, 2977 }, // U+014F
    { 13, 18, 240, 1, 18, 59, 3003 }, // U+0150
    { 8, 14, 144, 0, 14, 28, 3062 }, // U+0151
    { 16, 13, 304, 1, 13, 52, 3090 }, // U+0152
    { 12, 9, 208, 0, 9, 27, 3142 }, // U+0153
    { 12, 17, 224, 1, 17, 51, 3169 }, // U+0154
    { 7, 13, 128, 0, 13, 23, 3220 }, // U+0155
    { 12, 20, 224, 1, 13, 60, 3243 }, // U+0156
    { 7, 16, 128, 0, 9, 28, 3303 }, // U+0157
    { 12, 17, 224, 1, 17, 51, 3331 }, // U+0158
    { 7, 13, 128, 0, 13, 23, 3382 }, // U+0159
    { 9, 17, 176, 1, 17, 39, 3405 }, // U+015A
    { 7, 13, 112, 0, 13, 23, 3444 }, // U+015B
    { 9, 17, 176, 1, 17, 39, 3467 }, // U+015C
    { 6, 13, 112, 0, 13, 20, 3506 }, // U+015D
    { 9, 17, 176, 1, 13, 39, 3526 }, // U+015E
    { 6, 13, 112, 0, 9, 20, 3565 }, // U+015F
    { 9, 17, 176, 1, 17, 39, 3585 }, // U+0160
    { 6, 13, 112, 0, 13, 20, 3624 }, // U+0161
    { 11, 17, 208, 1, 13, 47, 3644 }, // U+0162
    { 6, 15, 112, 0, 11, 23, 3691 }, // U+0163
    { 11, 17, 208, 1, 17, 47, 3714 }, // U+0164
    { 12, 13, 208, 0, 13, 39, 3761 }, // U+0165
    { 11, 13, 208, 1, 13, 36, 3800 }, // U+0166
    { 6, 11, 112, 0, 11, 17, 3836 }, // U+0167
    { 12, 17, 224, 1, 17, 51, 3853 }, // U+0168
    { 10, 13, 176, 0, 13, 33, 3904 }, // U+0169
    { 12, 15, 224, 1, 15, 45, 3937 }, // U+016A
    { 10, 11, 176, 0, 11, 28, 3982 }, // U+016B
    { 12, 17, 224, 1, 17, 51, 4010 }, // U+016C
    { 10, 13, 176, 0, 13, 33, 4061 }, // U+016D
    { 12, 18, 224, 1, 18, 54, 4094 }, // U+016E
    { 10, 14, 176, 0, 14, 35, 4148 }, // U+016F
    { 12, 18, 224, 1, 18, 54, 4183 }, // U+0170
    { 10, 14, 176, 0, 14, 35, 4237 }, // U+0171
    { 12, 17, 224, 1, 13, 51, 4272 }, // U+0172
    { 10, 13, 176, 0, 9, 33, 4323 }, // U+0173
    { 18, 17, 304, 1, 17, 77, 4356 }, // U+0174
    { 14, 13, 192, -1, 13, 46, 4433 }, // U+0175
    { 13, 17, 224, 1, 17, 56, 4479 }, // U+0176
    { 10, 17, 144, -1, 13, 43, 4535 }, // U+0177
    { 13, 16, 224, 1, 16, 52, 4578 }, // U+0178
    { 10, 17, 208, 2, 17, 43, 4630 }, // U+0179
    { 7, 13, 128, 0, 13, 23, 4673 }, // U+017A
    { 10, 16, 208, 2, 16, 40, 4696 }, // U+017B
    { 7, 12, 128, 0, 12, 21, 4736 }, // U+017C
    { 10, 17, 208, 2, 17, 43, 4757 }, // U+017D
    { 7, 13, 128, 0, 13, 23, 4800 }, // U+017E
    { 8, 16, 128, 0, 14, 32, 4823 }, // U+017F
    { 16, 13, 240, 1, 13, 52, 0 }, // U+01A0
    { 12, 9, 144, 0, 9, 27, 52 }, // U+01A1
    { 15, 13, 224, 1, 13, 49, 79 }, // U+01AF
    { 13, 9, 176, 0, 9, 30, 128 }, // U+01B0
    { 8, 16, 128, 0, 14, 32, 158 }, // U+01C4
    { 8, 16, 128, 0, 14, 32, 190 }, // U+01C5
    { 8, 16, 128, 0, 14, 32, 222 }, // U+01C6
    { 8, 16, 128, 0, 14, 32, 254 }, // U+01C7
    { 8, 16, 128, 0, 14, 32, 286 }, // U+01C8
    { 8, 16, 128, 0, 14, 32, 318 }, // U+01C9
    { 8, 16, 128, 0, 14, 32, 350 }, // U+01CA
    { 8, 16, 128, 0, 14, 32, 382 }, // U+01CB
    { 8, 16, 128, 0, 14, 32, 414 }, // U+01CC
    { 14, 17, 224, 0, 17, 60, 446 }, // U+01CD
    { 8, 13, 144, 0, 13, 26, 506 }, // U+01CE
    { 6, 17, 112, 1, 17, 26, 532 }, // U+01CF
    { 6, 13, 80, -1, 13, 20, 558 }, // U+01D0
    { 13, 17, 240, 1, 17, 56, 578 }, // U+01D1
    { 8, 13, 144, 0, 13, 26, 634 }, // U+01D2
    { 12, 17, 224, 1, 17, 51, 660 }, // U+01D3
    { 10, 13, 176, 0, 13, 33, 711 }, // U+01D4
    { 12, 18, 224, 1, 18, 54, 744 }, // U+01D5
    { 10, 14, 176, 0, 14, 35, 798 }, // U+01D6
    { 12, 20, 224, 1, 20, 60, 833 }, // U+01D7
    { 10, 16, 176, 0, 16, 40, 893 }, // U+01D8
    { 12, 20, 224, 1, 20, 60, 933 }, // U+01D9
    { 10, 16, 176, 0, 16, 40, 993 }, // U+01DA
    { 12, 20, 224, 1, 20, 60, 1033 }, // U+01DB
    { 10, 16, 176, 0, 16, 40, 1093 }, // U+01DC
    { 7, 9, 128, 0, 9, 16, 1133 }, // U+01DD
    { 14, 18, 224, 0, 18, 63, 1149 }, // U+01DE
    { 8, 14, 144, 0, 14, 28, 1212 }, // U+01DF
    { 14, 18, 224, 0, 18, 63, 1240 }, // U+01E0
    { 8, 14, 144, 0, 14, 28, 1303 }, // U+01E1
    { 17, 15, 304, 0, 15, 64, 1331 }, // U+01E2
    { 12, 11, 208, 0, 11, 33, 1395 }, // U+01E3
    { 14, 13, 240, 1, 13, 46, 1428 }, // U+01E4
    { 9, 13, 144, 0, 9, 30, 1474 }, // U+01E5
    { 13, 17, 240, 1, 17, 56, 1504 }, // U+01E6
    { 9, 17, 144, 0, 13, 39, 1560 }, // U+01E7
    { 12, 17, 240, 2, 17, 51, 1599 }, // U+01E8
    { 10, 17, 160, 0, 17, 43, 1650 }, // U+01E9
    { 13, 17, 240, 1, 13, 56, 1693 }, // U+01EA
    { 8, 13, 144, 0, 9, 26, 1749 }, // U+01EB
    { 13, 19, 240, 1, 15, 62, 1775 }, // U+01EC
    { 8, 15, 144, 0, 11, 30, 1837 }, // U+01ED
    { 8, 16, 128, 0, 14, 32, 1867 }, // U+01EE
    { 8, 16, 128, 0, 14, 32, 1899 }, // U+01EF
    { 7, 17, 80, -2, 13, 30, 1931 }, // U+01F0
    { 8, 16, 128, 0, 14, 32, 1961 }, // U+01F1
    { 8, 16, 128, 0, 14, 32, 1993 }, // U+01F2
    { 8, 16, 128, 0, 14, 32, 2025 }, // U+01F3
    { 13, 17, 240, 1, 17, 56, 2057 }, // U+01F4
    { 9, 17, 144, 0, 13, 39, 2113 }, // U+01F5
    { 8, 16, 128, 0, 14, 32, 2152 }, // U+01F6
    { 8, 16, 128, 0, 14, 32, 2184 }, // U+01F7
    { 12, 17, 224, 1, 17, 51, 2216 }, // U+01F8
    { 10, 13, 176, 0, 13, 33, 2267 }, // U+01F9
    { 14, 21, 224, 0, 21, 74, 2300 }, // U+01FA
    { 8, 17, 144, 0, 17, 34, 2374 }, // U+01FB
    { 17, 17, 304, 0, 17, 73, 2408 }, // U+01FC
    { 12, 13, 208, 0, 13, 39, 2481 }, // U+01FD
    { 13, 19, 240, 1, 18, 62, 2520 }, // U+01FE
    { 10, 15, 144, -1, 14, 38, 2582 }, // U+01FF
    { 14, 18, 224, 0, 18, 63, 2620 }, // U+0200
    { 9, 14, 144, -1, 14, 32, 2683 }, // U+0201
    { 14, 17, 224, 0, 17, 60, 2715 }, // U+0202
    { 8, 13, 144, 0, 13, 26, 2775 }, // U+0203
    { 10, 18, 208, 2, 18, 45, 2801 }, // U+0204
    { 8, 14, 128, -1, 14, 28, 2846 }, // U+0205
    { 10, 17, 208, 2, 17, 43, 2874 }, // U+0206
    { 7, 13, 128, 0, 13, 23, 2917 }, // U+0207
    { 8, 18, 112, -1, 18, 36, 2940 }, // U+0208
    { 8, 14, 80, -2, 14, 28, 2976 }, // U+0209
    { 5, 17, 112, 1, 17, 22, 3004 }, // U+020A
    { 5, 13, 80, 0, 13, 17, 3026 }, // U+020B
    { 13, 18, 240, 1, 18, 59, 3043 }, // U+020C
    { 8, 14, 144, 0, 14, 28, 3102 }, // U+020D
    { 13, 17, 240, 1, 17, 56, 3130 }, // U+020E
    { 8, 13, 144, 0, 13, 26, 3186 }, // U+020F
    { 12, 18, 224, 1, 18, 54, 3212 }, // U+0210
    { 8, 14, 128, -1, 14, 28, 3266 }, // U+0211
    { 12, 17, 224, 1, 17, 51, 3294 }, // U+0212
    { 7, 13, 128, 0, 13, 23, 3345 }, // U+0213
    { 12, 18, 224, 1, 18, 54, 3368 }, // U+0214
    { 10, 14, 176, 0, 14, 35, 3422 }, // U+0215
    { 12, 17, 224, 1, 17, 51, 3457 }, // U+0216
    { 10, 13, 176, 0, 13, 33, 3508 }, // U+0217
    { 9, 20, 176, 1, 13, 45, 3541 }, // U+0218
    { 6, 16, 112, 0, 9, 24, 3586 }, // U+0219
    { 11, 20, 208, 1, 13, 55, 3610 }, // U+021A
    { 6, 18, 112, 0, 11, 27, 3665 }, // U+021B
    { 8, 16, 128, 0, 14, 32, 3692 }, // U+021C
    { 8, 16, 128, 0, 14, 32, 3724 }, // U+021D
    { 13, 17, 240, 1, 17, 56, 3756 }, // U+021E
    { 10, 17, 176, 0, 17, 43, 3812 }, // U+021F
    { 8, 16, 128, 0, 14, 32, 0 }, // U+0300
    { 8, 16, 128, 0, 14, 32, 32 }, // U+0301
    { 8, 16, 128, 0, 14, 32, 64 }, // U+0302
    { 8, 16, 128, 0, 14, 32, 96 }, // U+0303
    { 8, 16, 128, 0, 14, 32, 128 }, // U+0304
    { 8, 16, 128, 0, 14, 32, 160 }, // U+0305
    { 8, 16, 128, 0, 14, 32, 192 }, // U+0306
    { 8, 16, 128, 0, 14, 32, 224 }, // U+0307
    { 8, 16, 128, 0, 14, 32, 256 }, // U+0308
    { 8, 16, 128, 0, 14, 32, 288 }, // U+0309
    { 8, 16, 128, 0, 14, 32, 320 }, // U+030A
    { 8, 16, 128, 0, 14, 32, 352 }, // U+030B
    { 8, 16, 128, 0, 14, 32, 384 }, // U+030C
    { 8, 16, 128, 0, 14, 32, 416 }, // U+030D
    { 8, 16, 128, 0, 14, 32, 448 }, // U+030E
    { 8, 16, 128, 0, 14, 32, 480 }, // U+030F
    { 8, 16, 128, 0, 14, 32, 512 }, // U+0310
    { 8, 16, 128, 0, 14, 32, 544 }, // U+0311
    { 8, 16, 128, 0, 14, 32, 576 }, // U+0312
    { 8, 16, 128, 0, 14, 32, 608 }, // U+0313
    { 8, 16, 128, 0, 14, 32, 640 }, // U+0314
    { 8, 16, 128, 0, 14, 32, 672 }, // U+0315
    { 8, 16, 128, 0, 14, 32, 704 }, // U+0316
    { 8, 16, 128, 0, 14, 32, 736 }, // U+0317
    { 8, 16, 128, 0, 14, 32, 768 }, // U+0318
    { 8, 16, 128, 0, 14, 32, 800 }, // U+0319
    { 8, 16, 128, 0, 14, 32, 832 }, // U+031A
    { 8, 16, 128, 0, 14, 32, 864 }, // U+031B
    { 8, 16, 128, 0, 14, 32, 896 }, // U+031C
    { 8, 16, 128, 0, 14, 32, 928 }, // U+031D
    { 8, 16, 128, 0, 14, 32, 960 }, // U+031E
    { 8, 16, 128, 0, 14, 32, 992 }, // U+031F
    { 8, 16, 128, 0, 14, 32, 1024 }, // U+0320
    { 8, 16, 128, 0, 14, 32, 1056 }, // U+0321
    { 8, 16, 128, 0, 14, 32, 1088 }, // U+0322
    { 8, 16, 128, 0, 14, 32, 1120 }, // U+0323
    { 8, 16, 128, 0, 14, 32, 1152 }, // U+0324
    { 8, 16, 128, 0, 14, 32, 1184 }, // U+0325
    { 8, 16, 128, 0, 14, 32, 1216 }, // U+0326
    { 8, 16, 128, 0, 14, 32, 1248 }, // U+0327
    { 8, 16, 128, 0, 14, 32, 1280 }, // U+0328
    { 8, 16, 128, 0, 14, 32, 1312 }, // U+0329
    { 8, 16, 128, 0, 14, 32, 1344 }, // U+032A
    { 8, 16, 128, 0, 14, 32, 1376 }, // U+032B
    { 8, 16, 128, 0, 14, 32, 1408 }, // U+032C
    { 8, 16, 128, 0, 14, 32, 1440 }, // U+032D
    { 8, 16, 128, 0, 14, 32, 1472 }, // U+032E
    { 8, 16, 128, 0, 14, 32, 1504 }, // U+032F
    { 8, 16, 128, 0, 14, 32, 1536 }, // U+0330
    { 8, 16, 128, 0, 14, 32, 1568 }, // U+0331
    { 8, 16, 128, 0, 14, 32, 1600 }, // U+0332
    { 8, 16, 128, 0, 14, 32, 1632 }, // U+0333
    { 8, 16, 128, 0, 14, 32, 1664 }, // U+0334
    { 8, 16, 128, 0, 14, 32, 1696 }, // U+0335
    { 8, 16, 128, 0, 14, 32, 1728 }, // U+0336
    { 8, 16, 128, 0, 14, 32, 1760 }, // U+0337
    { 8, 16, 128, 0, 14, 32, 1792 }, // U+0338
    { 8, 16, 128, 0, 14, 32, 1824 }, // U+0339
    { 8, 16, 128, 0, 14, 32, 1856 }, // U+033A
    { 8, 16, 128, 0, 14, 32, 1888 }, // U+033B
    { 8, 16, 128, 0, 14, 32, 1920 }, // U+033C
    { 8, 16, 128, 0, 14, 32, 1952 }, // U+033D
    { 8, 16, 128, 0, 14, 32, 1984 }, // U+033E
    { 8, 16, 128, 0, 14, 32, 2016 }, // U+033F
    { 8, 16, 128, 0, 14, 32, 2048 }, // U+0340
    { 8, 16, 128, 0, 14, 32, 2080 }, // U+0341
    { 8, 16, 128, 0, 14, 32, 2112 }, // U+0342
    { 8, 16, 128, 0, 14, 32, 2144 }, // U+0343
    { 8, 16, 128, 0, 14, 32, 2176 }, // U+0344
    { 8, 16, 128, 0, 14, 32, 2208 }, // U+0345
    { 8, 16, 128, 0, 14, 32, 2240 }, // U+0346
    { 8, 16, 128, 0, 14, 32, 2272 }, // U+0347
    { 8, 16, 128, 0, 14, 32, 2304 }, // U+0348
    { 8, 16, 128, 0, 14, 32, 2336 }, // U+0349
    { 8, 16, 128, 0, 14, 32, 2368 }, // U+034A
    { 8, 16, 128, 0, 14, 32, 2400 }, // U+034B
    { 8, 16, 128, 0, 14, 32, 2432 }, // U+034C
    { 8, 16, 128, 0, 14, 32, 2464 }, // U+034D
    { 8, 16, 128, 0, 14, 32, 2496 }, // U+034E
    { 16, 16, 256, 0, 14, 64, 2528 }, // U+034F
    { 8, 16, 128, 0, 14, 32, 2592 }, // U+0350
    { 8, 16, 128, 0, 14, 32, 2624 }, // U+0351
    { 8, 16, 128, 0, 14, 32, 2656 }, // U+0352
    { 8, 16, 128, 0, 14, 32, 2688 }, // U+0353
    { 8, 16, 128, 0, 14, 32, 2720 }, // U+0354
    { 8, 16, 128, 0, 14, 32, 2752 }, // U+0355
    { 8, 16, 128, 0, 14, 32, 2784 }, // U+0356
    { 8, 16, 128, 0, 14, 32, 2816 }, // U+0357
    { 8, 16, 128, 0, 14, 32, 2848 }, // U+0358
    { 8, 16, 128, 0, 14, 32, 2880 }, // U+0359
    { 8, 16, 128, 0, 14, 32, 2912 }, // U+035A
    { 8, 16, 128, 0, 14, 32, 2944 }, // U+035B
    { 16, 16, 256, 0, 14, 64, 2976 }, // U+035C
    { 16, 16, 256, 0, 14, 64, 3040 }, // U+035D
    { 16, 16, 256, 0, 14, 64, 3104 }, // U+035E
    { 16, 16, 256, 0, 14, 64, 3168 }, // U+035F
    { 16, 16, 256, 0, 14, 64, 3232 }, // U+0360
    { 16, 16, 256, 0, 14, 64, 3296 }, // U+0361
    { 16, 16, 256, 0, 14, 64, 3360 }, // U+0362
    { 8, 16, 128, 0, 14, 32, 3424 }, // U+0363
    { 8, 16, 128, 0, 14, 32, 3456 }, // U+0364
    { 8, 16, 128, 0, 14, 32, 3488 }, // U+0365
    { 8, 16, 128, 0, 14, 32, 3520 }, // U+0366
    { 8, 16, 128, 0, 14, 32, 3552 }, // U+0367
    { 8, 16, 128, 0, 14, 32, 3584 }, // U+0368
    { 8, 16, 128, 0, 14, 32, 3616 }, // U+0369
    { 8, 16, 128, 0, 14, 32, 3648 }, // U+036A
    { 8, 16, 128, 0, 14, 32, 3680 }, // U+036B
    { 8, 16, 128, 0, 14, 32, 3712 }, // U+036C
    { 8, 16, 128, 0, 14, 32, 3744 }, // U+036D
    { 8, 16, 128, 0, 14, 32, 3776 }, // U+036E
    { 8, 16, 128, 0, 14, 32, 3808 }, // U+036F
    { 8, 16, 128, 0, 14, 32, 0 }, // U+0400
    { 8, 16, 128, 0, 14, 32, 32 }, // U+0401
    { 8, 16, 128, 0, 14, 32, 64 }, // U+0402
    { 8, 16, 128, 0, 14, 32, 96 }, // U+0403
    { 8, 16, 128, 0, 14, 32, 128 }, // U+0404
    { 8, 16, 128, 0, 14, 32, 160 }, // U+0405
    { 8, 16, 128, 0, 14, 32, 192 }, // U+0406
    { 8, 16, 128, 0, 14, 32, 224 }, // U+0407
    { 8, 16, 128, 0, 14, 32, 256 }, // U+0408
    { 8, 16, 128, 0, 14, 32, 288 }, // U+0409
    { 8, 16, 128, 0, 14, 32, 320 }, // U+040A
    { 8, 16, 128, 0, 14, 32, 352 }, // U+040B
    { 8, 16, 128, 0, 14, 32, 384 }, // U+040C
    { 8, 16, 128, 0, 14, 32, 416 }, // U+040D
    { 8, 16, 128, 0, 14, 32, 448 }, // U+040E
    { 8, 16, 128, 0, 14, 32, 480 }, // U+040F
    { 8, 16, 128, 0, 14, 32, 512 }, // U+0410
    { 8, 16, 128, 0, 14, 32, 544 }, // U+0411
    { 8, 16, 128, 0, 14, 32, 576 }, // U+0412
    { 8, 16, 128, 0, 14, 32, 608 }, // U+0413
    { 8, 16, 128, 0, 14, 32, 640 }, // U+0414
    { 8, 16, 128, 0, 14, 32, 672 }, // U+0415
    { 8, 16, 128, 0, 14, 32, 704 }, // U+0416
    { 8, 16, 128, 0, 14, 32, 736 }, // U+0417
    { 8, 16, 128, 0, 14, 32, 768 }, // U+0418
    { 8, 16, 128, 0, 14, 32, 800 }, // U+0419
    { 8, 16, 128, 0, 14, 32, 832 }, // U+041A
    { 8, 16, 128, 0, 14, 32, 864 }, // U+041B
    { 8, 16, 128, 0, 14, 32, 896 }, // U+041C
    { 8, 16, 128, 0, 14, 32, 928 }, // U+041D
    { 8, 16, 128, 0, 14, 32, 960 }, // U+041E
    { 8, 16, 128, 0, 14, 32, 992 }, // U+041F
    { 8, 16, 128, 0, 14, 32, 1024 }, // U+0420
    { 8, 16, 128, 0, 14, 32, 1056 }, // U+0421
    { 8, 16, 128, 0, 14, 32, 1088 }, // U+0422
    { 8, 16, 128, 0, 14, 32, 1120 }, // U+0423
    { 8, 16, 128, 0, 14, 32, 1152 }, // U+0424
    { 8, 16, 128, 0, 14, 32, 1184 }, // U+0425
    { 8, 16, 128, 0, 14, 32, 1216 }, // U+0426
    { 8, 16, 128, 0, 14, 32, 1248 }, // U+0427
    { 8, 16, 128, 0, 14, 32, 1280 }, // U+0428
    { 8, 16, 128, 0, 14, 32, 1312 }, // U+0429
    { 8, 16, 128, 0, 14, 32, 1344 }, // U+042A
    { 8, 16, 128, 0, 14, 32, 1376 }, // U+042B
    { 8, 16, 128, 0, 14, 32, 1408 }, // U+042C
    { 8, 16, 128, 0, 14, 32, 1440 }, // U+042D
    { 8, 16, 128, 0, 14, 32, 1472 }, // U+042E
    { 8, 16, 128, 0, 14, 32, 1504 }, // U+042F
    { 8, 16, 128, 0, 14, 32, 1536 }, // U+0430
    { 8, 16, 128, 0, 14, 32, 1568 }, // U+0431
    { 8, 16, 128, 0, 14, 32, 1600 }, // U+0432
    { 8, 16, 128, 0, 14, 32, 1632 }, // U+0433
    { 8, 16, 128, 0, 14, 32, 1664 }, // U+0434
    { 8, 16, 128, 0, 14, 32, 1696 }, // U+0435
    { 8, 16, 128, 0, 14, 32, 1728 }, // U+0436
    { 8, 16, 128, 0, 14, 32, 1760 }, // U+0437
    { 8, 16, 128, 0, 14, 32, 1792 }, // U+0438
    { 8, 16, 128, 0, 14, 32, 1824 }, // U+0439
    { 8, 16, 128, 0, 14, 32, 1856 }, // U+043A
    { 8, 16, 128, 0, 14, 32, 1888 }, // U+043B
    { 8, 16, 128, 0, 14, 32, 1920 }, // U+043C
    { 8, 16, 128, 0, 14, 32, 1952 }, // U+043D
    { 8, 16, 128, 0, 14, 32, 1984 }, // U+043E
    { 8, 16, 128, 0, 14, 32, 2016 }, // U+043F
    { 8, 16, 128, 0, 14, 32, 2048 }, // U+0440
    { 8, 16, 128, 0, 14, 32, 2080 }, // U+0441
    { 8, 16, 128, 0, 14, 32, 2112 }, // U+0442
    { 8, 16, 128, 0, 14, 32, 2144 }, // U+0443
    { 8, 16, 128, 0, 14, 32, 2176 }, // U+0444
    { 8, 16, 128, 0, 14, 32, 2208 }, // U+0445
    { 8, 16, 128, 0, 14, 32, 2240 }, // U+0446
    { 8, 16, 128, 0, 14, 32, 2272 }, // U+0447
    { 8, 16, 128, 0, 14, 32, 2304 }, // U+0448
    { 8, 16, 128, 0, 14, 32, 2336 }, // U+0449
    { 8, 16, 128, 0, 14, 32, 2368 }, // U+044A
    { 8, 16, 128, 0, 14, 32, 2400 }, // U+044B
    { 8, 16, 128, 0, 14, 32, 2432 }, // U+044C
    { 8, 16, 128, 0, 14, 32, 2464 }, // U+044D
    { 8, 16, 128, 0, 14, 32, 2496 }, // U+044E
    { 8, 16, 128, 0, 14, 32, 2528 }, // U+044F
    { 8, 16, 128, 0, 14, 32, 2560 }, // U+0450
    { 8, 16, 128, 0, 14, 32, 2592 }, // U+0451
    { 8, 16, 128, 0, 14, 32, 2624 }, // U+0452
    { 8, 16, 128, 0, 14, 32, 2656 }, // U+0453
    { 8, 16, 128, 0, 14, 32, 2688 }, // U+0454
    { 8, 16, 128, 0, 14, 32, 2720 }, // U+0455
    { 8, 16, 128, 0, 14, 32, 2752 }, // U+0456
    { 8, 16, 128, 0, 14, 32, 2784 }, // U+0457
    { 8, 16, 128, 0, 14, 32, 2816 }, // U+0458
    { 8, 16, 128, 0, 14, 32, 2848 }, // U+0459
    { 8, 16, 128, 0, 14, 32, 2880 }, // U+045A
    { 8, 16, 128, 0, 14, 32, 2912 }, // U+045B
    { 8, 16, 128, 0, 14, 32, 2944 }, // U+045C
    { 8, 16, 128, 0, 14, 32, 2976 }, // U+045D
    { 8, 16, 128, 0, 14, 32, 3008 }, // U+045E
    { 8, 16, 128, 0, 14, 32, 3040 }, // U+045F
    { 8, 16, 128, 0, 14, 32, 3072 }, // U+0460
    { 8, 16, 128, 0, 14, 32, 3104 }, // U+0461
    { 8, 16, 128, 0, 14, 32, 3136 }, // U+0462
    { 8, 16, 128, 0, 14, 32, 3168 }, // U+0463
    { 8, 16, 128, 0, 14, 32, 3200 }, // U+0464
    { 8, 16, 128, 0, 14, 32, 3232 }, // U+0465
    { 8, 16, 128, 0, 14, 32, 3264 }, // U+0466
    { 8, 16, 128, 0, 14, 32, 3296 }, // U+0467
    { 8, 16, 128, 0, 14, 32, 3328 }, // U+0468
    { 8, 16, 128, 0, 14, 32, 3360 }, // U+0469
    { 8, 16, 128, 0, 14, 32, 3392 }, // U+046A
    { 8, 16, 128, 0, 14, 32, 3424 }, // U+046B
    { 8, 16, 128, 0, 14, 32, 3456 }, // U+046C
    { 8, 16, 128, 0, 14, 32, 3488 }, // U+046D
    { 8, 16, 128, 0, 14, 32, 3520 }, // U+046E
    { 8, 16, 128, 0, 14, 32, 3552 }, // U+046F
    { 8, 16, 128, 0, 14, 32, 3584 }, // U+0470
    { 8, 16, 128, 0, 14, 32, 3616 }, // U+0471
    { 8, 16, 128, 0, 14, 32, 3648 }, // U+0472
    { 8, 16, 128, 0, 14, 32, 3680 }, // U+0473
    { 8, 16, 128, 0, 14, 32, 3712 }, // U+0474
    { 8, 16, 128, 0, 14, 32, 3744 }, // U+0475
    { 8, 16, 128, 0, 14, 32, 3776 }, // U+0476
    { 8, 16, 128, 0, 14, 32, 3808 }, // U+0477
    { 8, 16, 128, 0, 14, 32, 3840 }, // U+0478
    { 8, 16, 128, 0, 14, 32, 3872 }, // U+0479
    { 8, 16, 128, 0, 14, 32, 3904 }, // U+047A
    { 8, 16, 128, 0, 14, 32, 3936 }, // U+047B
    { 8, 16, 128, 0, 14, 32, 3968 }, // U+047C
    { 8, 16, 128, 0, 14, 32, 4000 }, // U+047D
    { 8, 16, 128, 0, 14, 32, 4032 }, // U+047E
    { 8, 16, 128, 0, 14, 32, 4064 }, // U+047F
    { 8, 16, 128, 0, 14, 32, 4096 }, // U+0480
    { 8, 16, 128, 0, 14, 32, 4128 }, // U+0481
    { 8, 16, 128, 0, 14, 32, 4160 }, // U+0482
    { 8, 16, 128, 0, 14, 32, 4192 }, // U+0483
    { 8, 16, 128, 0, 14, 32, 4224 }, // U+0484
    { 8, 16, 128, 0, 14, 32, 4256 }, // U+0485
    { 8, 16, 128, 0, 14, 32, 4288 }, // U+0486
    { 8, 16, 128, 0, 14, 32, 4320 }, // U+0487
    { 16, 16, 256, 0, 14, 64, 4352 }, // U+0488
    { 16, 16, 256, 0, 14, 64, 4416 }, // U+0489
    { 8, 16, 128, 0, 14, 32, 4480 }, // U+048A
    { 8, 16, 128, 0, 14, 32, 4512 }, // U+048B
    { 8, 16, 128, 0, 14, 32, 4544 }, // U+048C
    { 8, 16, 128, 0, 14, 32, 4576 }, // U+048D
    { 8, 16, 128, 0, 14, 32, 4608 }, // U+048E
    { 8, 16, 128, 0, 14, 32, 4640 }, // U+048F
    { 8, 16, 128, 0, 14, 32, 4672 }, // U+0490
    { 8, 16, 128, 0, 14, 32, 4704 }, // U+0491
    { 8, 16, 128, 0, 14, 32, 4736 }, // U+0492
    { 8, 16, 128, 0, 14, 32, 4768 }, // U+0493
    { 8, 16, 128, 0, 14, 32, 4800 }, // U+0494
    { 8, 16, 128, 0, 14, 32, 4832 }, // U+0495
    { 8, 16, 128, 0, 14, 32, 4864 }, // U+0496
    { 8, 16, 128, 0, 14, 32, 4896 }, // U+0497
    { 8, 16, 128, 0, 14, 32, 4928 }, // U+0498
    { 8, 16, 128, 0, 14, 32, 4960 }, // U+0499
    { 8, 16, 128, 0, 14, 32, 4992 }, // U+049A
    { 8, 16, 128, 0, 14, 32, 5024 }, // U+049B
    { 8, 16, 128, 0, 14, 32, 5056 }, // U+049C
    { 8, 16, 128, 0, 14, 32, 5088 }, // U+049D
    { 8, 16, 128, 0, 14, 32, 5120 }, // U+049E
    { 8, 16, 128, 0, 14, 32, 5152 }, // U+049F
    { 8, 16, 128, 0, 14, 32, 5184 }, // U+04A0
    { 8, 16, 128, 0, 14, 32, 5216 }, // U+04A1
    { 8, 16, 128, 0, 14, 32, 5248 }, // U+04A2
    { 8, 16, 128, 0, 14, 32, 5280 }, // U+04A3
    { 8, 16, 128, 0, 14, 32, 5312 }, // U+04A4
    { 8, 16, 128, 0, 14, 32, 5344 }, // U+04A5
    { 8, 16, 128, 0, 14, 32, 5376 }, // U+04A6
    { 8, 16, 128, 0, 14, 32, 5408 }, // U+04A7
    { 8, 16, 128, 0, 14, 32, 5440 }, // U+04A8
    { 8, 16, 128, 0, 14, 32, 5472 }, // U+04A9
    { 8, 16, 128, 0, 14, 32, 5504 }, // U+04AA
    { 8, 16, 128, 0, 14, 32, 5536 }, // U+04AB
    { 8, 16, 128, 0, 14, 32, 5568 }, // U+04AC
    { 8, 16, 128, 0, 14, 32, 5600 }, // U+04AD
    { 8, 16, 128, 0, 14, 32, 5632 }, // U+04AE
    { 8, 16, 128, 0, 14, 32, 5664 }, // U+04AF
    { 8, 16, 128, 0, 14, 32, 5696 }, // U+04B0
    { 8, 16, 128, 0, 14, 32, 5728 }, // U+04B1
    { 8, 16, 128, 0, 14, 32, 5760 }, // U+04B2
    { 8, 16, 128, 0, 14, 32, 5792 }, // U+04B3
    { 8, 16, 128, 0, 14, 32, 5824 }, // U+04B4
    { 8, 16, 128, 0, 14, 32, 5856 }, // U+04B5
    { 8, 16, 128, 0, 14, 32, 5888 }, // U+04B6
    { 8, 16, 128, 0, 14, 32, 5920 }, // U+04B7
    { 8, 16, 128, 0, 14, 32, 5952 }, // U+04B8
    { 8, 16, 128, 0, 14, 32, 5984 }, // U+04B9
    { 8, 16, 128, 0, 14, 32, 6016 }, // U+04BA
    { 8, 16, 128, 0, 14, 32, 6048 }, // U+04BB
    { 8, 16, 128, 0, 14, 32, 6080 }, // U+04BC
    { 8, 16, 128, 0, 14, 32, 6112 }, // U+04BD
    { 8, 16, 128, 0, 14, 32, 6144 }, // U+04BE
    { 8, 16, 128, 0, 14, 32, 6176 }, // U+04BF
    { 8, 16, 128, 0, 14, 32, 6208 }, // U+04C0
    { 8, 16, 128, 0, 14, 32, 6240 }, // U+04C1
    { 8, 16, 128, 0, 14, 32, 6272 }, // U+04C2
    { 8, 16, 128, 0, 14, 32, 6304 }, // U+04C3
    { 8, 16, 128, 0, 14, 32, 6336 }, // U+04C4
    { 8, 16, 128, 0, 14, 32, 6368 }, // U+04C5
    { 8, 16, 128, 0, 14, 32, 6400 }, // U+04C6
    { 8, 16, 128, 0, 14, 32, 6432 }, // U+04C7
    { 8, 16, 128, 0, 14, 32, 6464 }, // U+04C8
    { 8, 16, 128, 0, 14, 32, 6496 }, // U+04C9
    { 8, 16, 128, 0, 14, 32, 6528 }, // U+04CA
    { 8, 16, 128, 0, 14, 32, 6560 }, // U+04CB
    { 8, 16, 128, 0, 14, 32, 6592 }, // U+04CC
    { 8, 16, 128, 0, 14, 32, 6624 }, // U+04CD
    { 8, 16, 128, 0, 14, 32, 6656 }, // U+04CE
    { 8, 16, 128, 0, 14, 32, 6688 }, // U+04CF
    { 8, 16, 128, 0, 14, 32, 6720 }, // U+04D0
    { 8, 16, 128, 0, 14, 32, 6752 }, // U+04D1
    { 8, 16, 128, 0, 14, 32, 6784 }, // U+04D2
    { 8, 16, 128, 0, 14, 32, 6816 }, // U+04D3
    { 8, 16, 128, 0, 14, 32, 6848 }, // U+04D4
    { 8, 16, 128, 0, 14, 32, 6880 }, // U+04D5
    { 8, 16, 128, 0, 14, 32, 6912 }, // U+04D6
    { 8, 16, 128, 0, 14, 32, 6944 }, // U+04D7
    { 8, 16, 128, 0, 14, 32, 6976 }, // U+04D8
    { 8, 16, 128, 0, 14, 32, 7008 }, // U+04D9
    { 8, 16, 128, 0, 14, 32, 7040 }, // U+04DA
    { 8, 16, 128, 0, 14, 32, 7072 }, // U+04DB
    { 8, 16, 128, 0, 14, 32, 7104 }, // U+04DC
    { 8, 16, 128, 0, 14, 32, 7136 }, // U+04DD
    { 8, 16, 128, 0, 14, 32, 7168 }, // U+04DE
    { 8, 16, 128, 0, 14, 32, 7200 }, // U+04DF
    { 8, 16, 128, 0, 14, 32, 7232 }, // U+04E0
    { 8, 16, 128, 0, 14, 32, 7264 }, // U+04E1
    { 8, 16, 128, 0, 14, 32, 7296 }, // U+04E2
    { 8, 16, 128, 0, 14, 32, 7328 }, // U+04E3
    { 8, 16, 128, 0, 14, 32, 7360 }, // U+04E4
    { 8, 16, 128, 0, 14, 32, 7392 }, // U+04E5
    { 8, 16, 128, 0, 14, 32, 7424 }, // U+04E6
    { 8, 16, 128, 0, 14, 32, 7456 }, // U+04E7
    { 8, 16, 128, 0, 14, 32, 7488 }, // U+04E8
    { 8, 16, 128, 0, 14, 32, 7520 }, // U+04E9
    { 8, 16, 128, 0, 14, 32, 7552 }, // U+04EA
    { 8, 16, 128, 0, 14, 32, 7584 }, // U+04EB
    { 8, 16, 128, 0, 14, 32, 7616 }, // U+04EC
    { 8, 16, 128, 0, 14, 32, 7648 }, // U+04ED
    { 8, 16, 128, 0, 14, 32, 7680 }, // U+04EE
    { 8, 16, 128, 0, 14, 32, 7712 }, // U+04EF
    { 8, 16, 128, 0, 14, 32, 7744 }, // U+04F0
    { 8, 16, 128, 0, 14, 32, 7776 }, // U+04F1
    { 8, 16, 128, 0, 14, 32, 7808 }, // U+04F2
    { 8, 16, 128, 0, 14, 32, 7840 }, // U+04F3
    { 8, 16, 128, 0, 14, 32, 7872 }, // U+04F4
    { 8, 16, 128, 0, 14, 32, 7904 }, // U+04F5
    { 8, 16, 128, 0, 14, 32, 7936 }, // U+04F6
    { 8, 16, 128, 0, 14, 32, 7968 }, // U+04F7
    { 8, 16, 128, 0, 14, 32, 8000 }, // U+04F8
    { 8, 16, 128, 0, 14, 32, 8032 }, // U+04F9
    { 8, 16, 128, 0, 14, 32, 8064 }, // U+04FA
    { 8, 16, 128, 0, 14, 32, 8096 }, // U+04FB
    { 8, 16, 128, 0, 14, 32, 8128 }, // U+04FC
    { 8, 16, 128, 0, 14, 32, 8160 }, // U+04FD
    { 8, 16, 128, 0, 14, 32, 8192 }, // U+04FE
    { 8, 16, 128, 0, 14, 32, 8224 }, // U+04FF
    { 14, 16, 224, 0, 13, 56, 0 }, // U+1EA0
    { 8, 12, 144, 0, 9, 24, 56 }, // U+1EA1
    { 8, 16, 128, 0, 14, 32, 80 }, // U+1EA2
    { 8, 16, 128, 0, 14, 32, 112 }, // U+1EA3
    { 14, 21, 224, 0, 21, 74, 144 }, // U+1EA4
    { 8, 17, 144, 0, 17, 34, 218 }, // U+1EA5
    { 14, 21, 224, 0, 21, 74, 252 }, // U+1EA6
    { 8, 17, 144, 0, 17, 34, 326 }, // U+1EA7
    { 8, 16, 128, 0, 14, 32, 360 }, // U+1EA8
    { 8, 16, 128, 0, 14, 32, 392 }, // U+1EA9
    { 14, 21, 224, 0, 21, 74, 424 }, // U+1EAA
    { 8, 17, 144, 0, 17, 34, 498 }, // U+1EAB
    { 14, 20, 224, 0, 17, 70, 532 }, // U+1EAC
    { 8, 16, 144, 0, 13, 32, 602 }, // U+1EAD
    { 14, 21, 224, 0, 21, 74, 634 }, // U+1EAE
    { 8, 17, 144, 0, 17, 34, 708 }, // U+1EAF
    { 14, 21, 224, 0, 21, 74, 742 }, // U+1EB0
    { 8, 17, 144, 0, 17, 34, 816 }, // U+1EB1
    { 8, 16, 128, 0, 14, 32, 850 }, // U+1EB2
    { 8, 16, 128, 0, 14, 32, 882 }, // U+1EB3
    { 14, 21, 224, 0, 21, 74, 914 }, // U+1EB4
    { 8, 17, 144, 0, 17, 34, 988 }, // U+1EB5
    { 14, 20, 224, 0, 17, 70, 1022 }, // U+1EB6
    { 8, 16, 144, 0, 13, 32, 1092 }, // U+1EB7
    { 10, 16, 208, 2, 13, 40, 1124 }, // U+1EB8
    { 7, 12, 128, 0, 9, 21, 1164 }, // U+1EB9
    { 8, 16, 128, 0, 14, 32, 1185 }, // U+1EBA
    { 8, 16, 128, 0, 14, 32, 1217 }, // U+1EBB
    { 10, 17, 208, 2, 17, 43, 1249 }, // U+1EBC
    { 7, 13, 128, 0, 13, 23, 1292 }, // U+1EBD
    { 10, 21, 208, 2, 21, 53, 1315 }, // U+1EBE
    { 7, 17, 128, 0, 17, 30, 1368 }, // U+1EBF
    { 10, 21, 208, 2, 21, 53, 1398 }, // U+1EC0
    { 7, 17, 128, 0, 17, 30, 1451 }, // U+1EC1
    { 8, 16, 128, 0, 14, 32, 1481 }, // U+1EC2
    { 8, 16, 128, 0, 14, 32, 1513 }, // U+1EC3
    { 10, 21, 208, 2, 21, 53, 1545 }, // U+1EC4
    { 7, 17, 128, 0, 17, 30, 1598 }, // U+1EC5
    { 10, 20, 208, 2, 17, 50, 1628 }, // U+1EC6
    { 7, 16, 128, 0, 13, 28, 1678 }, // U+1EC7
    { 8, 16, 128, 0, 14, 32, 1706 }, // U+1EC8
    { 8, 16, 128, 0, 14, 32, 1738 }, // U+1EC9
    { 5, 16, 112, 1, 13, 20, 1770 }, // U+1ECA
    { 5, 16, 80, 0, 13, 20, 1790 }, // U+1ECB
    { 13, 16, 240, 1, 13, 52, 1810 }, // U+1ECC
    { 8, 12, 144, 0, 9, 24, 1862 }, // U+1ECD
    { 8, 16, 128, 0, 14, 32, 1886 }, // U+1ECE
    { 8, 16, 128, 0, 14, 32, 1918 }, // U+1ECF
    { 13, 21, 240, 1, 21, 69, 1950 }, // U+1ED0
    { 8, 17, 144, 0, 17, 34, 2019 }, // U+1ED1
    { 13, 21, 240, 1, 21, 69, 2053 }, // U+1ED2
    { 8, 17, 144, 0, 17, 34, 2122 }, // U+1ED3
    { 8, 16, 128, 0, 14, 32, 2156 }, // U+1ED4
    { 8, 16, 128, 0, 14, 32, 2188 }, // U+1ED5
    { 13, 21, 240, 1, 21, 69, 2220 }, // U+1ED6
    { 8, 17, 144, 0, 17, 34, 2289 }, // U+1ED7
    { 13, 20, 240, 1, 17, 65, 2323 }, // U+1ED8
    { 8, 16, 144, 0, 13, 32, 2388 }, // U+1ED9
    { 16, 17, 240, 1, 17, 68, 2420 }, // U+1EDA
    { 12, 13, 144, 0, 13, 39, 2488 }, // U+1EDB
    { 16, 17, 240, 1, 17, 68, 2527 }, // U+1EDC
    { 12, 13, 144, 0, 13, 39, 2595 }, // U+1EDD
    { 8, 16, 128, 0, 14, 32, 2634 }, // U+1EDE
    { 8, 16, 128, 0, 14, 32, 2666 }, // U+1EDF
    { 16, 17, 240, 1, 17, 68, 2698 }, // U+1EE0
    { 12, 13, 144, 0, 13, 39, 2766 }, // U+1EE1
    { 16, 16, 240, 1, 13, 64, 2805 }, // U+1EE2
    { 12, 12, 144, 0, 9, 36, 2869 }, // U+1EE3
    { 12, 16, 224, 1, 13, 48, 2905 }, // U+1EE4
    { 10, 12, 176, 0, 9, 30, 2953 }, // U+1EE5
    { 8, 16, 128, 0, 14, 32, 2983 }, // U+1EE6
    { 8, 16, 128, 0, 14, 32, 3015 }, // U+1EE7
    { 15, 17, 224, 1, 17, 64, 3047 }, // U+1EE8
    { 13, 13, 176, 0, 13, 43, 3111 }, // U+1EE9
    { 15, 17, 224, 1, 17, 64, 3154 }, // U+1EEA
    { 13, 13, 176, 0, 13, 43, 3218 }, // U+1EEB
    { 8, 16, 128, 0, 14, 32, 3261 }, // U+1EEC
    { 8, 16, 128, 0, 14, 32, 3293 }, // U+1EED
    { 15, 17, 224, 1, 17, 64, 3325 }, // U+1EEE
    { 13, 13, 176, 0, 13, 43, 3389 }, // U+1EEF
    { 15, 16, 224, 1, 13, 60, 3432 }, // U+1EF0
    { 13, 12, 176, 0, 9, 39, 3492 }, // U+1EF1
    { 13, 17, 224, 1, 17, 56, 3531 }, // U+1EF2
    { 10, 17, 144, -1, 13, 43, 3587 }, // U+1EF3
    { 13, 16, 224, 1, 13, 52, 3630 }, // U+1EF4
    { 10, 16, 144, -1, 9, 40, 3682 }, // U+1EF5
    { 8, 16, 128, 0, 14, 32, 3722 }, // U+1EF6
    { 8, 16, 128, 0, 14, 32, 3754 }, // U+1EF7
    { 13, 17, 224, 1, 17, 56, 3786 }, // U+1EF8
    { 10, 17, 144, -1, 13, 43, 3842 }, // U+1EF9
    { 1, 1, 160, 0, 1, 1, 0 }, // U+2000
    { 1, 1, 304, 0, 1, 1, 1 }, // U+2001
    { 1, 1, 160, 0, 1, 1, 2 }, // U+2002
    { 1, 1, 304, 0, 1, 1, 3 }, // U+2003
    { 1, 1, 96, 0, 1, 1, 4 }, // U+2004
    { 1, 1, 80, 0, 1, 1, 5 }, // U+2005
    { 1, 1, 48, 0, 1, 1, 6 }, // U+2006
    { 1, 1, 144, 0, 1, 1, 7 }, // U+2007
    { 1, 1, 80, 0, 1, 1, 8 }, // U+2008
    { 1, 1, 64, 0, 1, 1, 9 }, // U+2009
    { 1, 1, 32, 0, 1, 1, 10 }, // U+200A
    { 1, 1, 0, 0, 1, 1, 11 }, // U+200B
    { 16, 16, 256, 0, 14, 64, 12 }, // U+200C
    { 16, 16, 256, 0, 14, 64, 76 }, // U+200D
    { 16, 16, 256, 0, 14, 64, 140 }, // U+200E
    { 16, 16, 256, 0, 14, 64, 204 }, // U+200F
    { 5, 3, 96, 0, 7, 4, 268 }, // U+2010
    { 5, 3, 96, 0, 7, 4, 272 }, // U+2011
    { 9, 2, 144, 0, 6, 5, 276 }, // U+2012
    { 9, 2, 144, 0, 6, 5, 281 }, // U+2013
    { 19, 2, 304, 0, 6, 10, 286 }, // U+2014
    { 19, 2, 304, 0, 6, 10, 296 }, // U+2015
    { 8, 16, 128, 0, 14, 32, 306 }, // U+2016
    { 8, 16, 128, 0, 14, 32, 338 }, // U+2017
    { 4, 6, 96, 1, 13, 6, 370 }, // U+2018
    { 4, 6, 96, 1, 13, 6, 376 }, // U+2019
    { 4, 6, 96, 1, 3, 6, 382 }, // U+201A
    { 4, 6, 96, 1, 13, 6, 388 }, // U+201B
    { 8, 6, 144, 1, 13, 12, 394 }, // U+201C
    { 8, 6, 144, 0, 13, 12, 406 }, // U+201D
    { 8, 6, 144, 0, 3, 12, 418 }, // U+201E
    { 8, 6, 144, 0, 13, 12, 430 }, // U+201F
    { 9, 16, 144, 0, 13, 36, 442 }, // U+2020
    { 11, 16, 176, 0, 13, 44, 478 }, // U+2021
    { 5, 5, 112, 1, 8, 7, 522 }, // U+2022
    { 8, 16, 128, 0, 14, 32, 529 }, // U+2023
    { 8, 16, 128, 0, 14, 32, 561 }, // U+2024
    { 8, 16, 128, 0, 14, 32, 593 }, // U+2025
    { 15, 3, 288, 2, 3, 12, 625 }, // U+2026
    { 8, 16, 128, 0, 14, 32, 637 }, // U+2027
    { 16, 16, 256, 0, 14, 64, 669 }, // U+2028
    { 16, 16, 256, 0, 14, 64, 733 }, // U+2029
    { 16, 16, 256, 0, 14, 64, 797 }, // U+202A
    { 16, 16, 256, 0, 14, 64, 861 }, // U+202B
    { 16, 16, 256, 0, 14, 64, 925 }, // U+202C
    { 16, 16, 256, 0, 14, 64, 989 }, // U+202D
    { 16, 16, 256, 0, 14, 64, 1053 }, // U+202E
    { 8, 16, 128, 0, 14, 32, 1117 }, // U+202F
    { 19, 13, 320, 0, 13, 62, 1149 }, // U+2030
    { 8, 16, 128, 0, 14, 32, 1211 }, // U+2031
    { 8, 16, 128, 0, 14, 32, 1243 }, // U+2032
    { 8, 16, 128, 0, 14, 32, 1275 }, // U+2033
    { 8, 16, 128, 0, 14, 32, 1307 }, // U+2034
    { 8, 16, 128, 0, 14, 32, 1339 }, // U+2035
    { 8, 16, 128, 0, 14, 32, 1371 }, // U+2036
    { 8, 16, 128, 0, 14, 32, 1403 }, // U+2037
    { 8, 16, 128, 0, 14, 32, 1435 }, // U+2038
    { 5, 7, 112, 1, 8, 9, 1467 }, // U+2039
    { 5, 7, 112, 1, 8, 9, 1476 }, // U+203A
    { 8, 16, 128, 0, 14, 32, 1485 }, // U+203B
    { 8, 16, 128, 0, 14, 32, 1517 }, // U+203C
    { 8, 16, 128, 0, 14, 32, 1549 }, // U+203D
    { 8, 16, 128, 0, 14, 32, 1581 }, // U+203E
    { 8, 16, 128, 0, 14, 32, 1613 }, // U+203F
    { 8, 16, 128, 0, 14, 32, 1645 }, // U+2040
    { 8, 16, 128, 0, 14, 32, 1677 }, // U+2041
    { 8, 16, 128, 0, 14, 32, 1709 }, // U+2042
    { 8, 16, 128, 0, 14, 32, 1741 }, // U+2043
    { 8, 13, 96, -1, 13, 26, 1773 }, // U+2044
    { 8, 16, 128, 0, 14, 32, 1799 }, // U+2045
    { 8, 16, 128, 0, 14, 32, 1831 }, // U+2046
    { 8, 16, 128, 0, 14, 32, 1863 }, // U+2047
    { 8, 16, 128, 0, 14, 32, 1895 }, // U+2048
    { 8, 16, 128, 0, 14, 32, 1927 }, // U+2049
    { 8, 16, 128, 0, 14, 32, 1959 }, // U+204A
    { 8, 16, 128, 0, 14, 32, 1991 }, // U+204B
    { 8, 16, 128, 0, 14, 32, 2023 }, // U+204C
    { 8, 16, 128, 0, 14, 32, 2055 }, // U+204D
    { 8, 16, 128, 0, 14, 32, 2087 }, // U+204E
    { 8, 16, 128, 0, 14, 32, 2119 }, // U+204F
    { 8, 16, 128, 0, 14, 32, 2151 }, // U+2050
    { 8, 16, 128, 0, 14, 32, 2183 }, // U+2051
    { 8, 16, 128, 0, 14, 32, 2215 }, // U+2052
    { 8, 16, 128, 0, 14, 32, 2247 }, // U+2053
    { 8, 16, 128, 0, 14, 32, 2279 }, // U+2054
    { 8, 16, 128, 0, 14, 32, 2311 }, // U+2055
    { 8, 16, 128, 0, 14, 32, 2343 }, // U+2056
    { 16, 16, 256, 0, 14, 64, 2375 }, // U+2057
    { 8, 16, 128, 0, 14, 32, 2439 }, // U+2058
    { 8, 16, 128, 0, 14, 32, 2471 }, // U+2059
    { 8, 16, 128, 0, 14, 32, 2503 }, // U+205A
    { 8, 16, 128, 0, 14, 32, 2535 }, // U+205B
    { 8, 16, 128, 0, 14, 32, 2567 }, // U+205C
    { 8, 16, 128, 0, 14, 32, 2599 }, // U+205D
    { 8, 16, 128, 0, 14, 32, 2631 }, // U+205E
    { 8, 16, 128, 0, 14, 32, 2663 }, // U+205F
    { 16, 16, 256, 0, 14, 64, 2695 }, // U+2060
    { 16, 16, 256, 0, 14, 64, 2759 }, // U+2061
    { 16, 16, 256, 0, 14, 64, 2823 }, // U+2062
    { 16, 16, 256, 0, 14, 64, 2887 }, // U+2063
    { 16, 16, 256, 0, 14, 64, 2951 }, // U+2064
    { 16, 16, 256, 0, 14, 64, 3015 }, // U+2065
    { 16, 16, 256, 0, 14, 64, 3079 }, // U+2066
    { 16, 16, 256, 0, 14, 64, 3143 }, // U+2067
    { 16, 16, 256, 0, 14, 64, 3207 }, // U+2068
    { 16, 16, 256, 0, 14, 64, 3271 }, // U+2069
    { 16, 16, 256, 0, 14, 64, 3335 }, // U+206A
    { 16, 16, 256, 0, 14, 64, 3399 }, // U+206B
    { 16, 16, 256, 0, 14, 64, 3463 }, // U+206C
    { 16, 16, 256, 0, 14, 64, 3527 }, // U+206D
    { 16, 16, 256, 0, 14, 64, 3591 }, // U+206E
    { 16, 16, 256, 0, 14, 64, 3655 }, // U+206F
    { 8, 16, 128, 0, 14, 32, 0 }, // U+2070
    { 8, 16, 128, 0, 14, 32, 32 }, // U+2071
    { 16, 16, 256, 0, 14, 64, 64 }, // U+2072
    { 16, 16, 256, 0, 14, 64, 128 }, // U+2073
    { 8, 16, 128, 0, 14, 32, 192 }, // U+2074
    { 8, 16, 128, 0, 14, 32, 224 }, // U+2075
    { 8, 16, 128, 0, 14, 32, 256 }, // U+2076
    { 8, 16, 128, 0, 14, 32, 288 }, // U+2077
    { 8, 16, 128, 0, 14, 32, 320 }, // U+2078
    { 8, 16, 128, 0, 14, 32, 352 }, // U+2079
    { 8, 16, 128, 0, 14, 32, 384 }, // U+207A
    { 8, 16, 128, 0, 14, 32, 416 }, // U+207B
    { 8, 16, 128, 0, 14, 32, 448 }, // U+207C
    { 8, 16, 128, 0, 14, 32, 480 }, // U+207D
    { 8, 16, 128, 0, 14, 32, 512 }, // U+207E
    { 8, 16, 128, 0, 14, 32, 544 }, // U+207F
    { 8, 16, 128, 0, 14, 32, 576 }, // U+2080
    { 6, 8, 80, 0, 4, 12, 608 }, // U+2081
    { 5, 8, 80, 0, 4, 10, 620 }, // U+2082
    { 5, 8, 80, 0, 4, 10, 630 }, // U+2083
    { 8, 16, 128, 0, 14, 32, 640 }, // U+2084
    { 8, 16, 128, 0, 14, 32, 672 }, // U+2085
    { 8, 16, 128, 0, 14, 32, 704 }, // U+2086
    { 8, 16, 128, 0, 14, 32, 736 }, // U+2087
    { 8, 16, 128, 0, 14, 32, 768 }, // U+2088
    { 8, 16, 128, 0, 14, 32, 800 }, // U+2089
    { 8, 16, 128, 0, 14, 32, 832 }, // U+208A
    { 8, 16, 128, 0, 14, 32, 864 }, // U+208B
    { 8, 16, 128, 0, 14, 32, 896 }, // U+208C
    { 8, 16, 128, 0, 14, 32, 928 }, // U+208D
    { 8, 16, 128, 0, 14, 32, 960 }, // U+208E
    { 8, 16, 128, 0, 14, 32, 992 }, // U+208F
    { 8, 16, 128, 0, 14, 32, 1024 }, // U+2090
    { 8, 16, 128, 0, 14, 32, 1056 }, // U+2091
    { 8, 16, 128, 0, 14, 32, 1088 }, // U+2092
    { 8, 16, 128, 0, 14, 32, 1120 }, // U+2093
    { 8, 16, 128, 0, 14, 32, 1152 }, // U+2094
    { 8, 16, 128, 0, 14, 32, 1184 }, // U+2095
    { 8, 16, 128, 0, 14, 32, 1216 }, // U+2096
    { 8, 16, 128, 0, 14, 32, 1248 }, // U+2097
    { 8, 16, 128, 0, 14, 32, 1280 }, // U+2098
    { 8, 16, 128, 0, 14, 32, 1312 }, // U+2099
    { 8, 16, 128, 0, 14, 32, 1344 }, // U+209A
    { 8, 16, 128, 0, 14, 32, 1376 }, // U+209B
    { 8, 16, 128, 0, 14, 32, 1408 }, // U+209C
    { 8, 16, 128, 0, 14, 32, 1440 }, // U+209D
    { 8, 16, 128, 0, 14, 32, 1472 }, // U+209E
    { 8, 16, 128, 0, 14, 32, 1504 }, // U+209F
    { 8, 16, 128, 0, 14, 32, 0 }, // U+20A0
    { 8, 16, 128, 0, 14, 32, 32 }, // U+20A1
    { 8, 16, 128, 0, 14, 32, 64 }, // U+20A2
    { 8, 16, 128, 0, 14, 32, 96 }, // U+20A3
    { 8, 16, 128, 0, 14, 32, 128 }, // U+20A4
    { 15, 13, 256, 0, 11, 49, 160 }, // U+20A5
    { 12, 13, 224, 1, 13, 39, 209 }, // U+20A6
    { 8, 16, 128, 0, 14, 32, 248 }, // U+20A7
    { 8, 16, 128, 0, 14, 32, 280 }, // U+20A8
    { 18, 13, 304, 1, 13, 59, 312 }, // U+20A9
    { 8, 16, 128, 0, 14, 32, 371 }, // U+20AA
    { 8, 16, 128, 0, 14, 32, 403 }, // U+20AB
    { 14, 13, 224, -1, 13, 46, 435 }, // U+20AC
    { 12, 13, 240, 2, 13, 39, 481 }, // U+20AD
    { 8, 16, 128, 0, 14, 32, 520 }, // U+20AE
    { 8, 16, 128, 0, 14, 32, 552 }, // U+20AF
    { 8, 16, 128, 0, 14, 32, 584 }, // U+20B0
    { 8, 16, 128, 0, 14, 32, 616 }, // U+20B1
    { 8, 16, 128, 0, 14, 32, 648 }, // U+20B2
    { 8, 16, 128, 0, 14, 32, 680 }, // U+20B3
    { 8, 16, 128, 0, 14, 32, 712 }, // U+20B4
    { 8, 16, 128, 0, 14, 32, 744 }, // U+20B5
    { 8, 16, 128, 0, 14, 32, 776 }, // U+20B6
    { 8, 16, 128, 0, 14, 32, 808 }, // U+20B7
    { 8, 16, 128, 0, 14, 32, 840 }, // U+20B8
    { 16, 16, 256, 0, 14, 64, 872 }, // U+20B9
    { 8, 16, 128, 0, 14, 32, 936 }, // U+20BA
    { 8, 16, 128, 0, 14, 32, 968 }, // U+20BB
    { 8, 16, 128, 0, 14, 32, 1000 }, // U+20BC
    { 8, 16, 128, 0, 14, 32, 1032 }, // U+20BD
    { 8, 16, 128, 0, 14, 32, 1064 }, // U+20BE
    { 8, 16, 128, 0, 14, 32, 1096 }, // U+20BF
    { 8, 16, 128, 0, 14, 32, 1128 }, // U+20C0
    { 8, 16, 128, 0, 14, 32, 1160 }, // U+20C1
    { 8, 16, 128, 0, 14, 32, 1192 }, // U+20C2
    { 8, 16, 128, 0, 14, 32, 1224 }, // U+20C3
    { 8, 16, 128, 0, 14, 32, 1256 }, // U+20C4
    { 16, 16, 256, 0, 14, 64, 1288 }, // U+20C5
    { 16, 16, 256, 0, 14, 64, 1352 }, // U+20C6
    { 16, 16, 256, 0, 14, 64, 1416 }, // U+20C7
    { 16, 16, 256, 0, 14, 64, 1480 }, // U+20C8
    { 16, 16, 256, 0, 14, 64, 1544 }, // U+20C9
    { 16, 16, 256, 0, 14, 64, 1608 }, // U+20CA
    { 16, 16, 256, 0, 14, 64, 1672 }, // U+20CB
    { 16, 16, 256, 0, 14, 64, 1736 }, // U+20CC
    { 16, 16, 256, 0, 14, 64, 1800 }, // U+20CD
    { 16, 16, 256, 0, 14, 64, 1864 }, // U+20CE
    { 16, 16, 256, 0, 14, 64, 1928 }, // U+20CF
    { 8, 16, 128, 0, 14, 32, 0 }, // U+2190
    { 8, 16, 128, 0, 14, 32, 32 }, // U+2191
    { 8, 16, 128, 0, 14, 32, 64 }, // U+2192
    { 8, 16, 128, 0, 14, 32, 96 }, // U+2193
    { 8, 16, 128, 0, 14, 32, 128 }, // U+2194
    { 8, 16, 128, 0, 14, 32, 160 }, // U+2195
    { 8, 16, 128, 0, 14, 32, 192 }, // U+2196
    { 8, 16, 128, 0, 14, 32, 224 }, // U+2197
    { 8, 16, 128, 0, 14, 32, 256 }, // U+2198
    { 8, 16, 128, 0, 14, 32, 288 }, // U+2199
    { 8, 16, 128, 0, 14, 32, 320 }, // U+219A
    { 8, 16, 128, 0, 14, 32, 352 }, // U+219B
    { 16, 16, 256, 0, 14, 64, 384 }, // U+219C
    { 16, 16, 256, 0, 14, 64, 448 }, // U+219D
    { 8, 16, 128, 0, 14, 32, 512 }, // U+219E
    { 8, 16, 128, 0, 14, 32, 544 }, // U+219F
    { 8, 16, 128, 0, 14, 32, 576 }, // U+21A0
    { 8, 16, 128, 0, 14, 32, 608 }, // U+21A1
    { 8, 16, 128, 0, 14, 32, 640 }, // U+21A2
    { 8, 16, 128, 0, 14, 32, 672 }, // U+21A3
    { 8, 16, 128, 0, 14, 32, 704 }, // U+21A4
    { 8, 16, 128, 0, 14, 32, 736 }, // U+21A5
    { 8, 16, 128, 0, 14, 32, 768 }, // U+21A6
    { 8, 16, 128, 0, 14, 32, 800 }, // U+21A7
    { 8, 16, 128, 0, 14, 32, 832 }, // U+21A8
    { 8, 16, 128, 0, 14, 32, 864 }, // U+21A9
    { 8, 16, 128, 0, 14, 32, 896 }, // U+21AA
    { 8, 16, 128, 0, 14, 32, 928 }, // U+21AB
    { 8, 16, 128, 0, 14, 32, 960 }, // U+21AC
    { 8, 16, 128, 0, 14, 32, 992 }, // U+21AD
    { 8, 16, 128, 0, 14, 32, 1024 }, // U+21AE
    { 8, 16, 128, 0, 14, 32, 1056 }, // U+21AF
    { 8, 16, 128, 0, 14, 32, 1088 }, // U+21B0
    { 8, 16, 128, 0, 14, 32, 1120 }, // U+21B1
    { 8, 16, 128, 0, 14, 32, 1152 }, // U+21B2
    { 8, 16, 128, 0, 14, 32, 1184 }, // U+21B3
    { 8, 16, 128, 0, 14, 32, 1216 }, // U+21B4
    { 8, 16, 128, 0, 14, 32, 1248 }, // U+21B5
    { 8, 16, 128, 0, 14, 32, 1280 }, // U+21B6
    { 8, 16, 128, 0, 14, 32, 1312 }, // U+21B7
    { 8, 16, 128, 0, 14, 32, 1344 }, // U+21B8
    { 8, 16, 128, 0, 14, 32, 1376 }, // U+21B9
    { 8, 16, 128, 0, 14, 32, 1408 }, // U+21BA
    { 8, 16, 128, 0, 14, 32, 1440 }, // U+21BB
    { 8, 16, 128, 0, 14, 32, 1472 }, // U+21BC
    { 8, 16, 128, 0, 14, 32, 1504 }, // U+21BD
    { 8, 16, 128, 0, 14, 32, 1536 }, // U+21BE
    { 8, 16, 128, 0, 14, 32, 1568 }, // U+21BF
    { 8, 16, 128, 0, 14, 32, 1600 }, // U+21C0
    { 8, 16, 128, 0, 14, 32, 1632 }, // U+21C1
    { 8, 16, 128, 0, 14, 32, 1664 }, // U+21C2
    { 8, 16, 128, 0, 14, 32, 1696 }, // U+21C3
    { 8, 16, 128, 0, 14, 32, 1728 }, // U+21C4
    { 8, 16, 128, 0, 14, 32, 1760 }, // U+21C5
    { 8, 16, 128, 0, 14, 32, 1792 }, // U+21C6
    { 8, 16, 128, 0, 14, 32, 1824 }, // U+21C7
    { 8, 16, 128, 0, 14, 32, 1856 }, // U+21C8
    { 8, 16, 128, 0, 14, 32, 1888 }, // U+21C9
    { 8, 16, 128, 0, 14, 32, 1920 }, // U+21CA
    { 8, 16, 128, 0, 14, 32, 1952 }, // U+21CB
    { 8, 16, 128, 0, 14, 32, 1984 }, // U+21CC
    { 8, 16, 128, 0, 14, 32, 2016 }, // U+21CD
    { 8, 16, 128, 0, 14, 32, 2048 }, // U+21CE
    { 8, 16, 128, 0, 14, 32, 2080 }, // U+21CF
    { 8, 16, 128, 0, 14, 32, 2112 }, // U+21D0
    { 8, 16, 128, 0, 14, 32, 2144 }, // U+21D1
    { 8, 16, 128, 0, 14, 32, 2176 }, // U+21D2
    { 8, 16, 128, 0, 14, 32, 2208 }, // U+21D3
    { 8, 16, 128, 0, 14, 32, 2240 }, // U+21D4
    { 8, 16, 128, 0, 14, 32, 2272 }, // U+21D5
    { 8, 16, 128, 0, 14, 32, 2304 }, // U+21D6
    { 8, 16, 128, 0, 14, 32, 2336 }, // U+21D7
    { 8, 16, 128, 0, 14, 32, 2368 }, // U+21D8
    { 8, 16, 128, 0, 14, 32, 2400 }, // U+21D9
    { 8, 16, 128, 0, 14, 32, 2432 }, // U+21DA
    { 8, 16, 128, 0, 14, 32, 2464 }, // U+21DB
    { 8, 16, 128, 0, 14, 32, 2496 }, // U+21DC
    { 8, 16, 128, 0, 14, 32, 2528 }, // U+21DD
    { 8, 16, 128, 0, 14, 32, 2560 }, // U+21DE
    { 8, 16, 128, 0, 14, 32, 2592 }, // U+21DF
    { 8, 16, 128, 0, 14, 32, 2624 }, // U+21E0
    { 8, 16, 128, 0, 14, 32, 2656 }, // U+21E1
    { 8, 16, 128, 0, 14, 32, 2688 }, // U+21E2
    { 8, 16, 128, 0, 14, 32, 2720 }, // U+21E3
    { 8, 16, 128, 0, 14, 32, 2752 }, // U+21E4
    { 8, 16, 128, 0, 14, 32, 2784 }, // U+21E5
    { 8, 16, 128, 0, 14, 32, 2816 }, // U+21E6
    { 8, 16, 128, 0, 14, 32, 2848 }, // U+21E7
    { 8, 16, 128, 0, 14, 32, 2880 }, // U+21E8
    { 8, 16, 128, 0, 14, 32, 2912 }, // U+21E9
    { 8, 16, 128, 0, 14, 32, 2944 }, // U+21EA
    { 8, 16, 128, 0, 14, 32, 2976 }, // U+21EB
    { 8, 16, 128, 0, 14, 32, 3008 }, // U+21EC
    { 8, 16, 128, 0, 14, 32, 3040 }, // U+21ED
    { 8, 16, 128, 0, 14, 32, 3072 }, // U+21EE
    { 8, 16, 128, 0, 14, 32, 3104 }, // U+21EF
    { 8, 16, 128, 0, 14, 32, 3136 }, // U+21F0
    { 8, 16, 128, 0, 14, 32, 3168 }, // U+21F1
    { 8, 16, 128, 0, 14, 32, 3200 }, // U+21F2
    { 8, 16, 128, 0, 14, 32, 3232 }, // U+21F3
    { 16, 16, 256, 0, 14, 64, 3264 }, // U+21F4
    { 8, 16, 128, 0, 14, 32, 3328 }, // U+21F5
    { 8, 16, 128, 0, 14, 32, 3360 }, // U+21F6
    { 8, 16, 128, 0, 14, 32, 3392 }, // U+21F7
    { 8, 16, 128, 0, 14, 32, 3424 }, // U+21F8
    { 16, 16, 256, 0, 14, 64, 3456 }, // U+21F9
    { 16, 16, 256, 0, 14, 64, 3520 }, // U+21FA
    { 16, 16, 256, 0, 14, 64, 3584 }, // U+21FB
    { 16, 16, 256, 0, 14, 64, 3648 }, // U+21FC
    { 8, 16, 128, 0, 14, 32, 3712 }, // U+21FD
    { 8, 16, 128, 0, 14, 32, 3744 }, // U+21FE
    { 16, 16, 256, 0, 14, 64, 3776 }, // U+21FF
    { 14, 13, 224, 0, 13, 46, 0 }, // U+2200
    { 8, 16, 128, 0, 14, 32, 46 }, // U+2201
    { 8, 16, 128, 0, 14, 32, 78 }, // U+2202
    { 10, 13, 208, 2, 13, 33, 110 }, // U+2203
    { 10, 13, 208, 2, 13, 33, 143 }, // U+2204
    { 8, 16, 128, 0, 14, 32, 176 }, // U+2205
    { 8, 16, 128, 0, 14, 32, 208 }, // U+2206
    { 8, 16, 128, 0, 14, 32, 240 }, // U+2207
    { 8, 16, 128, 0, 14, 32, 272 }, // U+2208
    { 8, 16, 128, 0, 14, 32, 304 }, // U+2209
    { 8, 16, 128, 0, 14, 32, 336 }, // U+220A
    { 8, 16, 128, 0, 14, 32, 368 }, // U+220B
    { 8, 16, 128, 0, 14, 32, 400 }, // U+220C
    { 8, 16, 128, 0, 14, 32, 432 }, // U+220D
    { 8, 16, 128, 0, 14, 32, 464 }, // U+220E
    { 8, 16, 128, 0, 14, 32, 496 }, // U+220F
    { 8, 16, 128, 0, 14, 32, 528 }, // U+2210
    { 8, 16, 128, 0, 14, 32, 560 }, // U+2211
    { 9, 2, 176, 1, 6, 5, 592 }, // U+2212
    { 8, 16, 128, 0, 14, 32, 597 }, // U+2213
    { 8, 16, 128, 0, 14, 32, 629 }, // U+2214
    { 8, 13, 96, -1, 13, 26, 661 }, // U+2215
    { 8, 16, 128, 0, 14, 32, 687 }, // U+2216
    { 8, 16, 128, 0, 14, 32, 719 }, // U+2217
    { 8, 16, 128, 0, 14, 32, 751 }, // U+2218
    { 3, 3, 80, 1, 7, 3, 783 }, // U+2219
    { 8, 16, 128, 0, 14, 32, 786 }, // U+221A
    { 8, 16, 128, 0, 14, 32, 818 }, // U+221B
    { 8, 16, 128, 0, 14, 32, 850 }, // U+221C
    { 8, 16, 128, 0, 14, 32, 882 }, // U+221D
    { 8, 16, 128, 0, 14, 32, 914 }, // U+221E
    { 8, 16, 128, 0, 14, 32, 946 }, // U+221F
    { 8, 16, 128, 0, 14, 32, 978 }, // U+2220
    { 8, 16, 128, 0, 14, 32, 1010 }, // U+2221
    { 8, 16, 128, 0, 14, 32, 1042 }, // U+2222
    { 8, 16, 128, 0, 14, 32, 1074 }, // U+2223
    { 8, 16, 128, 0, 14, 32, 1106 }, // U+2224
    { 8, 16, 128, 0, 14, 32, 1138 }, // U+2225
    { 8, 16, 128, 0, 14, 32, 1170 }, // U+2226
    { 8, 16, 128, 0, 14, 32, 1202 }, // U+2227
    { 8, 16, 128, 0, 14, 32, 1234 }, // U+2228
    { 8, 16, 128, 0, 14, 32, 1266 }, // U+2229
    { 8, 16, 128, 0, 14, 32, 1298 }, // U+222A
    { 8, 16, 128, 0, 14, 32, 1330 }, // U+222B
    { 8, 16, 128, 0, 14, 32, 1362 }, // U+222C
    { 8, 16, 128, 0, 14, 32, 1394 }, // U+222D
    { 8, 16, 128, 0, 14, 32, 1426 }, // U+222E
    { 8, 16, 128, 0, 14, 32, 1458 }, // U+222F
    { 8, 16, 128, 0, 14, 32, 1490 }, // U+2230
    { 8, 16, 128, 0, 14, 32, 1522 }, // U+2231
    { 8, 16, 128, 0, 14, 32, 1554 }, // U+2232
    { 8, 16, 128, 0, 14, 32, 1586 }, // U+2233
    { 8, 16, 128, 0, 14, 32, 1618 }, // U+2234
    { 8, 16, 128, 0, 14, 32, 1650 }, // U+2235
    { 3, 9, 80, 1, 9, 7, 1682 }, // U+2236
    { 8, 16, 128, 0, 14, 32, 1689 }, // U+2237
    { 8, 16, 128, 0, 14, 32, 1721 }, // U+2238
    { 8, 16, 128, 0, 14, 32, 1753 }, // U+2239
    { 8, 16, 128, 0, 14, 32, 1785 }, // U+223A
    { 8, 16, 128, 0, 14, 32, 1817 }, // U+223B
    { 8, 16, 128, 0, 14, 32, 1849 }, // U+223C
    { 8, 16, 128, 0, 14, 32, 1881 }, // U+223D
    { 8, 16, 128, 0, 14, 32, 1913 }, // U+223E
    { 8, 16, 128, 0, 14, 32, 1945 }, // U+223F
    { 8, 16, 128, 0, 14, 32, 1977 }, // U+2240
    { 8, 16, 128, 0, 14, 32, 2009 }, // U+2241
    { 8, 16, 128, 0, 14, 32, 2041 }, // U+2242
    { 8, 16, 128, 0, 14, 32, 2073 }, // U+2243
    { 8, 16, 128, 0, 14, 32, 2105 }, // U+2244
    { 8, 16, 128, 0, 14, 32, 2137 }, // U+2245
    { 8, 16, 128, 0, 14, 32, 2169 }, // U+2246
    { 8, 16, 128, 0, 14, 32, 2201 }, // U+2247
    { 8, 16, 128, 0, 14, 32, 2233 }, // U+2248
    { 8, 16, 128, 0, 14, 32, 2265 }, // U+2249
    { 8, 16, 128, 0, 14, 32, 2297 }, // U+224A
    { 8, 16, 128, 0, 14, 32, 2329 }, // U+224B
    { 8, 16, 128, 0, 14, 32, 2361 }, // U+224C
    { 8, 16, 128, 0, 14, 32, 2393 }, // U+224D
    { 8, 16, 128, 0, 14, 32, 2425 }, // U+224E
    { 8, 16, 128, 0, 14, 32, 2457 }, // U+224F
    { 8, 16, 128, 0, 14, 32, 2489 }, // U+2250
    { 8, 16, 128, 0, 14, 32, 2521 }, // U+2251
    { 8, 16, 128, 0, 14, 32, 2553 }, // U+2252
    { 8, 16, 128, 0, 14, 32, 2585 }, // U+2253
    { 8, 16, 128, 0, 14, 32, 2617 }, // U+2254
    { 8, 16, 128, 0, 14, 32, 2649 }, // U+2255
    { 8, 16, 128, 0, 14, 32, 2681 }, // U+2256
    { 8, 16, 128, 0, 14, 32, 2713 }, // U+2257
    { 8, 16, 128, 0, 14, 32, 2745 }, // U+2258
    { 9, 10, 176, 1, 12, 23, 2777 }, // U+2259
    { 9, 10, 176, 1, 12, 23, 2800 }, // U+225A
    { 8, 16, 128, 0, 14, 32, 2823 }, // U+225B
    { 8, 16, 128, 0, 14, 32, 2855 }, // U+225C
    { 8, 16, 128, 0, 14, 32, 2887 }, // U+225D
    { 8, 16, 128, 0, 14, 32, 2919 }, // U+225E
    { 8, 16, 128, 0, 14, 32, 2951 }, // U+225F
    { 9, 13, 176, 1, 12, 30, 2983 }, // U+2260
    { 9, 8, 176, 0, 9, 18, 3013 }, // U+2261
    { 9, 13, 176, 0, 12, 30, 3031 }, // U+2262
    { 8, 16, 128, 0, 14, 32, 3061 }, // U+2263
    { 9, 12, 176, 1, 9, 27, 3093 }, // U+2264
    { 9, 12, 176, 1, 9, 27, 3120 }, // U+2265
    { 8, 16, 128, 0, 14, 32, 3147 }, // U+2266
    { 8, 16, 128, 0, 14, 32, 3179 }, // U+2267
    { 8, 16, 128, 0, 14, 32, 3211 }, // U+2268
    { 8, 16, 128, 0, 14, 32, 3243 }, // U+2269
    { 8, 16, 128, 0, 14, 32, 3275 }, // U+226A
    { 8, 16, 128, 0, 14, 32, 3307 }, // U+226B
    { 8, 16, 128, 0, 14, 32, 3339 }, // U+226C
    { 8, 16, 128, 0, 14, 32, 3371 }, // U+226D
    { 9, 13, 176, 1, 11, 30, 3403 }, // U+226E
    { 9, 13, 176, 1, 11, 30, 3433 }, // U+226F
    { 9, 13, 176, 1, 10, 30, 3463 }, // U+2270
    { 9, 13, 176, 1, 10, 30, 3493 }, // U+2271
    { 8, 16, 128, 0, 14, 32, 3523 }, // U+2272
    { 8, 16, 128, 0, 14, 32, 3555 }, // U+2273
    { 8, 16, 128, 0, 14, 32, 3587 }, // U+2274
    { 8, 16, 128, 0, 14, 32, 3619 }, // U+2275
    { 8, 16, 128, 0, 14, 32, 3651 }, // U+2276
    { 8, 16, 128, 0, 14, 32, 3683 }, // U+2277
    { 8, 16, 128, 0, 14, 32, 3715 }, // U+2278
    { 8, 16, 128, 0, 14, 32, 3747 }, // U+2279
    { 8, 16, 128, 0, 14, 32, 3779 }, // U+227A
    { 8, 16, 128, 0, 14, 32, 3811 }, // U+227B
    { 8, 16, 128, 0, 14, 32, 3843 }, // U+227C
    { 8, 16, 128, 0, 14, 32, 3875 }, // U+227D
    { 8, 16, 128, 0, 14, 32, 3907 }, // U+227E
    { 8, 16, 128, 0, 14, 32, 3939 }, // U+227F
    { 8, 16, 128, 0, 14, 32, 3971 }, // U+2280
    { 8, 16, 128, 0, 14, 32, 4003 }, // U+2281
    { 8, 16, 128, 0, 14, 32, 4035 }, // U+2282
    { 8, 16, 128, 0, 14, 32, 4067 }, // U+2283
    { 8, 16, 128, 0, 14, 32, 4099 }, // U+2284
    { 8, 16, 128, 0, 14, 32, 4131 }, // U+2285
    { 8, 16, 128, 0, 14, 32, 4163 }, // U+2286
    { 8, 16, 128, 0, 14, 32, 4195 }, // U+2287
    { 8, 16, 128, 0, 14, 32, 4227 }, // U+2288
    { 8, 16, 128, 0, 14, 32, 4259 }, // U+2289
    { 8, 16, 128, 0, 14, 32, 4291 }, // U+228A
    { 8, 16, 128, 0, 14, 32, 4323 }, // U+228B
    { 8, 16, 128, 0, 14, 32, 4355 }, // U+228C
    { 8, 16, 128, 0, 14, 32, 4387 }, // U+228D
    { 8, 16, 128, 0, 14, 32, 4419 }, // U+228E
    { 8, 16, 128, 0, 14, 32, 4451 }, // U+228F
    { 8, 16, 128, 0, 14, 32, 4483 }, // U+2290
    { 8, 16, 128, 0, 14, 32, 4515 }, // U+2291
    { 8, 16, 128, 0, 14, 32, 4547 }, // U+2292
    { 8, 16, 128, 0, 14, 32, 4579 }, // U+2293
    { 8, 16, 128, 0, 14, 32, 4611 }, // U+2294
    { 8, 16, 128, 0, 14, 32, 4643 }, // U+2295
    { 8, 16, 128, 0, 14, 32, 4675 }, // U+2296
    { 8, 16, 128, 0, 14, 32, 4707 }, // U+2297
    { 8, 16, 128, 0, 14, 32, 4739 }, // U+2298
    { 8, 16, 128, 0, 14, 32, 4771 }, // U+2299
    { 8, 16, 128, 0, 14, 32, 4803 }, // U+229A
    { 8, 16, 128, 0, 14, 32, 4835 }, // U+229B
    { 8, 16, 128, 0, 14, 32, 4867 }, // U+229C
    { 8, 16, 128, 0, 14, 32, 4899 }, // U+229D
    { 8, 16, 128, 0, 14, 32, 4931 }, // U+229E
    { 8, 16, 128, 0, 14, 32, 4963 }, // U+229F
    { 8, 16, 128, 0, 14, 32, 4995 }, // U+22A0
    { 8, 16, 128, 0, 14, 32, 5027 }, // U+22A1
    { 8, 16, 128, 0, 14, 32, 5059 }, // U+22A2
    { 8, 16, 128, 0, 14, 32, 5091 }, // U+22A3
    { 8, 16, 128, 0, 14, 32, 5123 }, // U+22A4
    { 8, 16, 128, 0, 14, 32, 5155 }, // U+22A5
    { 8, 16, 128, 0, 14, 32, 5187 }, // U+22A6
    { 8, 16, 128, 0, 14, 32, 5219 }, // U+22A7
    { 8, 16, 128, 0, 14, 32, 5251 }, // U+22A8
    { 8, 16, 128, 0, 14, 32, 5283 }, // U+22A9
    { 8, 16, 128, 0, 14, 32, 5315 }, // U+22AA
    { 8, 16, 128, 0, 14, 32, 5347 }, // U+22AB
    { 8, 16, 128, 0, 14, 32, 5379 }, // U+22AC
    { 8, 16, 128, 0, 14, 32, 5411 }, // U+22AD
    { 8, 16, 128, 0, 14, 32, 5443 }, // U+22AE
    { 8, 16, 128, 0, 14, 32, 5475 }, // U+22AF
    { 8, 16, 128, 0, 14, 32, 5507 }, // U+22B0
    { 8, 16, 128, 0, 14, 32, 5539 }, // U+22B1
    { 8, 16, 128, 0, 14, 32, 5571 }, // U+22B2
    { 8, 16, 128, 0, 14, 32, 5603 }, // U+22B3
    { 8, 16, 128, 0, 14, 32, 5635 }, // U+22B4
    { 8, 16, 128, 0, 14, 32, 5667 }, // U+22B5
    { 16, 16, 256, 0, 14, 64, 5699 }, // U+22B6
    { 16, 16, 256, 0, 14, 64, 5763 }, // U+22B7
    { 16, 16, 256, 0, 14, 64, 5827 }, // U+22B8
    { 8, 16, 128, 0, 14, 32, 5891 }, // U+22B9
    { 8, 16, 128, 0, 14, 32, 5923 }, // U+22BA
    { 8, 16, 128, 0, 14, 32, 5955 }, // U+22BB
    { 8, 16, 128, 0, 14, 32, 5987 }, // U+22BC
    { 8, 16, 128, 0, 14, 32, 6019 }, // U+22BD
    { 8, 16, 128, 0, 14, 32, 6051 }, // U+22BE
    { 8, 16, 128, 0, 14, 32, 6083 }, // U+22BF
    { 8, 16, 128, 0, 14, 32, 6115 }, // U+22C0
    { 8, 16, 128, 0, 14, 32, 6147 }, // U+22C1
    { 8, 16, 128, 0, 14, 32, 6179 }, // U+22C2
    { 8, 16, 128, 0, 14, 32, 6211 }, // U+22C3
    { 8, 16, 128, 0, 14, 32, 6243 }, // U+22C4
    { 8, 16, 128, 0, 14, 32, 6275 }, // U+22C5
    { 8, 16, 128, 0, 14, 32, 6307 }, // U+22C6
    { 8, 16, 128, 0, 14, 32, 6339 }, // U+22C7
    { 8, 16, 128, 0, 14, 32, 6371 }, // U+22C8
    { 8, 16, 128, 0, 14, 32, 6403 }, // U+22C9
    { 8, 16, 128, 0, 14, 32, 6435 }, // U+22CA
    { 8, 16, 128, 0, 14, 32, 6467 }, // U+22CB
    { 8, 16, 128, 0, 14, 32, 6499 }, // U+22CC
    { 8, 16, 128, 0, 14, 32, 6531 }, // U+22CD
    { 8, 16, 128, 0, 14, 32, 6563 }, // U+22CE
    { 8, 16, 128, 0, 14, 32, 6595 }, // U+22CF
    { 8, 16, 128, 0, 14, 32, 6627 }, // U+22D0
    { 8, 16, 128, 0, 14, 32, 6659 }, // U+22D1
    { 8, 16, 128, 0, 14, 32, 6691 }, // U+22D2
    { 8, 16, 128, 0, 14, 32, 6723 }, // U+22D3
    { 8, 16, 128, 0, 14, 32, 6755 }, // U+22D4
    { 8, 16, 128, 0, 14, 32, 6787 }, // U+22D5
    { 8, 16, 128, 0, 14, 32, 6819 }, // U+22D6
    { 8, 16, 128, 0, 14, 32, 6851 }, // U+22D7
    { 16, 16, 256, 0, 14, 64, 6883 }, // U+22D8
    { 16, 16, 256, 0, 14, 64, 6947 }, // U+22D9
    { 8, 16, 128, 0, 14, 32, 7011 }, // U+22DA
    { 8, 16, 128, 0, 14, 32, 7043 }, // U+22DB
    { 8, 16, 128, 0, 14, 32, 7075 }, // U+22DC
    { 8, 16, 128, 0, 14, 32, 7107 }, // U+22DD
    { 8, 16, 128, 0, 14, 32, 7139 }, // U+22DE
    { 8, 16, 128, 0, 14, 32, 7171 }, // U+22DF
    { 8, 16, 128, 0, 14, 32, 7203 }, // U+22E0
    { 8, 16, 128, 0, 14, 32, 7235 }, // U+22E1
    { 8, 16, 128, 0, 14, 32, 7267 }, // U+22E2
    { 8, 16, 128, 0, 14, 32, 7299 }, // U+22E3
    { 8, 16, 128, 0, 14, 32, 7331 }, // U+22E4
    { 8, 16, 128, 0, 14, 32, 7363 }, // U+22E5
    { 8, 16, 128, 0, 14, 32, 7395 }, // U+22E6
    { 8, 16, 128, 0, 14, 32, 7427 }, // U+22E7
    { 8, 16, 128, 0, 14, 32, 7459 }, // U+22E8
    { 8, 16, 128, 0, 14, 32, 7491 }, // U+22E9
    { 8, 16, 128, 0, 14, 32, 7523 }, // U+22EA
    { 8, 16, 128, 0, 14, 32, 7555 }, // U+22EB
    { 8, 16, 128, 0, 14, 32, 7587 }, // U+22EC
    { 8, 16, 128, 0, 14, 32, 7619 }, // U+22ED
    { 8, 16, 128, 0, 14, 32, 7651 }, // U+22EE
    { 8, 16, 128, 0, 14, 32, 7683 }, // U+22EF
    { 8, 16, 128, 0, 14, 32, 7715 }, // U+22F0
    { 8, 16, 128, 0, 14, 32, 7747 }, // U+22F1
    { 16, 16, 256, 0, 14, 64, 7779 }, // U+22F2
    { 16, 16, 256, 0, 14, 64, 7843 }, // U+22F3
    { 8, 16, 128, 0, 14, 32, 7907 }, // U+22F4
    { 16, 16, 256, 0, 14, 64, 7939 }, // U+22F5
    { 16, 16, 256, 0, 14, 64, 8003 }, // U+22F6
    { 8, 16, 128, 0, 14, 32, 8067 }, // U+22F7
    { 8, 16, 128, 0, 14, 32, 8099 }, // U+22F8
    { 16, 16, 256, 0, 14, 64, 8131 }, // U+22F9
    { 16, 16, 256, 0, 14, 64, 8195 }, // U+22FA
    { 16, 16, 256, 0, 14, 64, 8259 }, // U+22FB
    { 8, 16, 128, 0, 14, 32, 8323 }, // U+22FC
    { 16, 16, 256, 0, 14, 64, 8355 }, // U+22FD
    { 8, 16, 128, 0, 14, 32, 8419 }, // U+22FE
    { 16, 16, 256, 0, 14, 64, 8451 }, // U+22FF
    { 8, 16, 128, 0, 14, 32, 0 }, // U+FB00
    { 8, 16, 128, 0, 14, 32, 32 }, // U+FB01
    { 8, 16, 128, 0, 14, 32, 64 }, // U+FB02
    { 8, 16, 128, 0, 14, 32, 96 }, // U+FB03
    { 8, 16, 128, 0, 14, 32, 128 }, // U+FB04
    { 8, 16, 128, 0, 14, 32, 160 }, // U+FB05
    { 8, 16, 128, 0, 14, 32, 192 }, // U+FB06
    { 8, 16, 128, 0, 14, 32, 0 }, // U+FFFD
};

static const EpdUnicodeInterval times_9_boldIntervals[] = {
    { 0x0, 0x17F, 0x0 },
    { 0x1A0, 0x1A1, 0x180 },
    { 0x1AF, 0x1B0, 0x182 },
    { 0x1C4, 0x21F, 0x184 },
    { 0x300, 0x36F, 0x1E0 },
    { 0x400, 0x4FF, 0x250 },
    { 0x1EA0, 0x1EF9, 0x350 },
    { 0x2000, 0x20CF, 0x3AA },
    { 0x2190, 0x22FF, 0x47A },
    { 0xFB00, 0xFB06, 0x5EA },
    { 0xFFFD, 0xFFFD, 0x5F1 },
};

static const EpdFontGroup times_9_boldGroups[] = {
    { 0, 1324, 5009, 128, 0 },
    { 1324, 1242, 5501, 128, 128 },
    { 2566, 1133, 5578, 128, 256 },
    { 3699, 974, 4282, 96, 384 },
    { 4673, 461, 3840, 112, 480 },
    { 5134, 1369, 8256, 256, 592 },
    { 6503, 725, 4265, 90, 848 },
    { 7228, 846, 3757, 112, 938 },
    { 8074, 275, 1552, 48, 1050 },
    { 8349, 535, 2007, 48, 1098 },
    { 8884, 743, 3840, 112, 1146 },
    { 9627, 1656, 8628, 256, 1258 },
    { 11283, 80, 224, 7, 1514 },
    { 11363, 23, 32, 1, 1521 },
};

static const EpdFontData times_9_bold = {
    times_9_boldBitmaps,
    times_9_boldGlyphs,
    times_9_boldIntervals,
    11,
    19,
    15,
    -4,
    true,
    times_9_boldGroups,
    14,
    nullptr,
    nullptr,
    nullptr,
    nullptr,
    nullptr,
    nullptr,
    nullptr,
    nullptr,
    nullptr,
    nullptr,
    nullptr,
    0,
    0,
    0,
    0,
    nullptr,
    0,
};
