/**
 * generated by fontconvert.py
 * name: times_14_italic
 * size: 14
 * mode: 2-bit  compressed: true
 * Command used: fontconvert.py times_14_italic 14 ../../../x11/font-crosspoint-100dpi/timI21.bdf ../../../x11/unifont-18.0.01.bdf --2bit --compress --zopfli
 */
#pragma once
#include "EpdFontData.h"

static const uint8_t times_14_italicBitmaps[14635] = {
    0xAC, 0x95, 0x81, 0x86, 0xE5, 0x50, 0x0C, 0x86, 0xC3, 0x0F, 0x10, 0xF2, 0x2A, 0x21, 0x00, 0x97,
    0xF3, 0xEA, 0x21, 0x00, 0xA1, 0xAF, 0x12, 0x0E, 0x40, 0xE9, 0xA6, 0x9D, 0xCE, 0x18, 0x2C, 0x64,
    0x6D, 0x2E, 0xBE, 0x13, 0xD7, 0xE7, 0x43, 0xF5, 0x34, 0x7B, 0xDC, 0x89, 0x48, 0xE9, 0x9E, 0xFF,
    0x7D, 0xCA, 0x9E, 0xCA, 0x9E, 0x3E, 0xC3, 0xA9, 0xE7, 0xA5, 0x44, 0x48, 0xB1, 0xB1, 0xB0, 0x5D,
    0x9E, 0xC6, 0x0B, 0x21, 0xBF, 0xFF, 0xFF, 0xA6, 0xF5, 0xFC, 0xD5, 0x3F, 0xD2, 0x0A, 0xAC, 0x02,
    0x84, 0x07, 0xEB, 0x02, 0xDB, 0xC4, 0x5F, 0xAF, 0xBF, 0x02, 0xF1, 0xC5, 0xA1, 0x1F, 0xC7, 0x55,
    0xAC, 0xBE, 0x52, 0xE3, 0x61, 0x78, 0x8C, 0xFC, 0xD4, 0x5D, 0x6C, 0xBC, 0x0E, 0x93, 0xE2, 0xFD,
    0xE9, 0xFD, 0x9A, 0xF8, 0x82, 0xB4, 0x4A, 0xEE, 0xBE, 0xE0, 0xA6, 0x46, 0xDA, 0xA8, 0x2F, 0xBB,
    0x3D, 0xFC, 0xE6, 0xA8, 0x8F, 0x53, 0x22, 0xA0, 0x37, 0x11, 0x20, 0xC7, 0xB9, 0x30, 0xF1, 0x99,
    0xAF, 0x48, 0x66, 0x92, 0x93, 0xD1, 0xEC, 0x9D, 0x67, 0x3E, 0xB5, 0x4F, 0xFE, 0x43, 0x39, 0x7D,
    0xDE, 0x7F, 0xBB, 0xA1, 0x4C, 0xE4, 0xB3, 0xBE, 0x9C, 0x6F, 0xF7, 0x25, 0xD3, 0xAC, 0x8F, 0xF3,
    0x42, 0x7B, 0xCE, 0x74, 0x33, 0x7A, 0xF7, 0x98, 0xF9, 0xEB, 0xF1, 0x51, 0xED, 0xB1, 0xBB, 0xD4,
    0x9A, 0xF6, 0x23, 0x89, 0x09, 0xC5, 0x70, 0x66, 0x92, 0xBA, 0x46, 0x7D, 0x09, 0xEC, 0x34, 0x10,
    0xDB, 0xC3, 0xDE, 0xF7, 0x9E, 0xF8, 0x0B, 0x1E, 0x95, 0x70, 0x4D, 0x6A, 0x92, 0x2F, 0xC4, 0xD0,
    0x8F, 0xDB, 0xD3, 0x2F, 0x1F, 0xF4, 0xEF, 0x3E, 0x1E, 0xDE, 0xFB, 0xCC, 0x77, 0x6B, 0xAF, 0xDA,
    0x6F, 0xA2, 0xEE, 0x7D, 0xE2, 0x6B, 0x84, 0x9C, 0x69, 0xFA, 0x49, 0x8B, 0x7D, 0x6C, 0xD5, 0xB4,
    0xD9, 0xFD, 0xA7, 0x26, 0xC5, 0x91, 0x02, 0x2C, 0x0F, 0xF0, 0x02, 0x46, 0xFE, 0x3A, 0x8E, 0xF7,
    0xDE, 0x93, 0x1F, 0x8E, 0xFA, 0xC2, 0x56, 0x7A, 0xA8, 0xAE, 0xDC, 0xA5, 0xA9, 0xA2, 0x69, 0x23,
    0xFF, 0xF4, 0x48, 0xDA, 0x2E, 0x67, 0x36, 0xBD, 0xE9, 0xB3, 0x7E, 0xDA, 0x7E, 0xBF, 0x1F, 0xDB,
    0xD3, 0x78, 0xFC, 0xFC, 0xA3, 0xAE, 0x62, 0x34, 0x03, 0x45, 0x46, 0xEB, 0xF0, 0x6B, 0xFA, 0xFE,
    0x05, 0x79, 0xF3, 0xD3, 0x44, 0xFF, 0x4E, 0x4C, 0x7C, 0xFA, 0xF6, 0x3F, 0xED, 0x33, 0x7A, 0x9F,
    0xF9, 0xA8, 0xF6, 0xD9, 0x9B, 0xED, 0x2B, 0x08, 0x3C, 0xF4, 0xF9, 0xF5, 0xF9, 0xED, 0xFF, 0xA9,
    0xCD, 0x6C, 0x56, 0x25, 0xE7, 0x61, 0x34, 0xFC, 0x80, 0xB6, 0x06, 0xDD, 0x8A, 0xA1, 0xB7, 0x02,
    0xDF, 0xBA, 0xE0, 0x6C, 0x1B, 0xFA, 0x56, 0x04, 0x67, 0x2B, 0xD0, 0xC4, 0x89, 0x13, 0x4C, 0x7D,
    0x75, 0xAA, 0xE9, 0x61, 0xA6, 0xFC, 0xBE, 0x4F, 0x52, 0x89, 0xAD, 0x38, 0xFE, 0x3D, 0x3F, 0xF1,
    0x73, 0x79, 0xB0, 0x33, 0xC5, 0x95, 0xC4, 0x67, 0x52, 0xDA, 0x99, 0x00, 0xC0, 0x48, 0x02, 0xD3,
    0x99, 0xC2, 0xC2, 0xBC, 0x7B, 0x47, 0x89, 0xC7, 0x26, 0xBE, 0x5B, 0xAB, 0x92, 0x50, 0xA6, 0xC5,
    0xED, 0x74, 0x55, 0xF9, 0x3C, 0x2A, 0xF1, 0xB6, 0x28, 0x38, 0x23, 0xE5, 0x6B, 0x6E, 0x38, 0x87,
    0xF4, 0x37, 0x92, 0x50, 0x30, 0x40, 0x9D, 0x5F, 0x41, 0x0F, 0xF7, 0xA5, 0xF8, 0xF2, 0x6F, 0x63,
    0x04, 0x02, 0x0D, 0xA8, 0x83, 0xF2, 0x75, 0x55, 0xAA, 0x63, 0xE2, 0x7E, 0xE0, 0x8B, 0x0D, 0xA1,
    0x0D, 0xCC, 0x3A, 0x68, 0x1C, 0x00, 0x2F, 0x60, 0xAE, 0x0A, 0xA2, 0xC4, 0x85, 0x66, 0xE2, 0x17,
    0xFA, 0x03, 0x37, 0x03, 0xD7, 0x00, 0x4E, 0xF4, 0x0E, 0x84, 0x2D, 0x48, 0x74, 0x10, 0x0F, 0x90,
    0x6F, 0x07, 0xC9, 0xBB, 0x61, 0xAD, 0x8F, 0x14, 0x3F, 0xA4, 0xA4, 0x60, 0x64, 0x23, 0x18, 0x46,
    0x32, 0x3A, 0x89, 0xFA, 0x04, 0x18, 0x1A, 0x0C, 0xFF, 0x95, 0x4D, 0xCB, 0x47, 0x98, 0x59, 0x84,
    0x3B, 0x38, 0x72, 0x08, 0xEC, 0x54, 0x87, 0x40, 0x7C, 0x49, 0xE1, 0x91, 0x6D, 0x8A, 0x53, 0x7D,
    0x3B, 0xB1, 0x93, 0x08, 0xC8, 0x13, 0xD3, 0xC1, 0xFF, 0x21, 0xDC, 0x7D, 0xBF, 0x81, 0x81, 0xB3,
    0xEE, 0x86, 0xE9, 0xB0, 0x14, 0x73, 0x8A, 0x83, 0xC3, 0x32, 0x4C, 0x57, 0x41, 0xE5, 0xBF, 0x16,
    0xA8, 0xAA, 0x98, 0xA6, 0xF1, 0x36, 0x8F, 0x65, 0x5A, 0xF7, 0x91, 0x15, 0x96, 0x01, 0xBA, 0xD7,
    0x63, 0xAB, 0xEA, 0xDF, 0x2F, 0x43, 0x39, 0x8A, 0x61, 0x28, 0x81, 0x11, 0x8C, 0xDB, 0xFB, 0x30,
    0x35, 0xC4, 0x6F, 0x8F, 0xC3, 0x89, 0x32, 0x6D, 0x8F, 0x03, 0x29, 0x40, 0xE3, 0x79, 0xDC, 0xA3,
    0x4F, 0x6D, 0x76, 0x4A, 0x82, 0x2A, 0xA0, 0x58, 0xB5, 0x30, 0x9C, 0x84, 0xC7, 0x01, 0xE2, 0xA0,
    0x5C, 0x0E, 0xC0, 0x41, 0x80, 0xB6, 0x7F, 0xC5, 0x1B, 0xE2, 0x55, 0xC5, 0x34, 0x92, 0x60, 0xE2,
    0xF8, 0x2A, 0x7F, 0x5A, 0xFD, 0x89, 0xA1, 0x0E, 0x23, 0x80, 0x69, 0x03, 0xC6, 0xB2, 0x3D, 0x4E,
    0x82, 0xD4, 0x95, 0x0D, 0xB6, 0x18, 0x7F, 0x38, 0x2D, 0x0A, 0x4D, 0xA1, 0x1B, 0xB8, 0x21, 0x18,
    0x8D, 0xA0, 0x2F, 0x57, 0x95, 0x23, 0xCE, 0xE6, 0xAD, 0xA3, 0x2B, 0xD0, 0xD5, 0xC9, 0x7D, 0x39,
    0x81, 0x72, 0xA8, 0x00, 0xC9, 0xAD, 0x4E, 0xBA, 0xD9, 0x96, 0xE3, 0xA5, 0x7E, 0x1A, 0xCF, 0x7B,
    0x25, 0xCF, 0xE9, 0xF4, 0x28, 0xC7, 0x48, 0x8C, 0xF1, 0xDA, 0xCD, 0x2B, 0xCA, 0x4A, 0xE2, 0x84,
    0xAD, 0x72, 0x55, 0x3E, 0xDD, 0x51, 0x7C, 0x7B, 0xE6, 0x6B, 0x77, 0x3C, 0x97, 0x97, 0x95, 0xF7,
    0xB7, 0x9E, 0xFE, 0xB0, 0xF5, 0xA0, 0xDB, 0x29, 0x30, 0x0C, 0x34, 0x2E, 0x47, 0xA2, 0x8C, 0x7B,
    0x6C, 0x79, 0xA0, 0x4C, 0xDB, 0x69, 0x63, 0x88, 0x23, 0x05, 0x30, 0x40, 0x3C, 0xD0, 0x6D, 0x41,
    0xBE, 0x6C, 0xEA, 0xC4, 0xB4, 0x9C, 0x47, 0x71, 0x09, 0x71, 0x46, 0xDD, 0xAD, 0x01, 0x24, 0xC8,
    0x6A, 0xA0, 0x80, 0x02, 0x88, 0x33, 0xD7, 0xFE, 0xC1, 0x48, 0xE2, 0xC7, 0x3B, 0x89, 0xD1, 0x71,
    0x40, 0x02, 0xC6, 0xEB, 0x81, 0xE0, 0x3A, 0xCA, 0x9B, 0x93, 0x67, 0x8A, 0x6F, 0x9F, 0xFB, 0x5A,
    0x02, 0xEA, 0xC0, 0xEB, 0xC9, 0xD6, 0xBD, 0x2F, 0x07, 0x24, 0x69, 0xE2, 0x76, 0x0B, 0x3D, 0x04,
    0x76, 0x4F, 0x45, 0x50, 0x68, 0xA7, 0x9E, 0x8F, 0x41, 0x42, 0x00, 0x52, 0x0E, 0xE3, 0xCE, 0x2D,
    0x0E, 0xAE, 0x40, 0x37, 0xC0, 0x8C, 0xCA, 0x16, 0x12, 0x76, 0xC0, 0x0F, 0x28, 0x27, 0x62, 0xC1,
    0x26, 0x86, 0x78, 0x4F, 0x55, 0x77, 0x93, 0x18, 0xE8, 0xB6, 0xB7, 0xA3, 0x20, 0x15, 0x00, 0x13,
    0xF2, 0xA0, 0x3D, 0xE8, 0x0F, 0x3C, 0x40, 0x38, 0x61, 0xD0, 0x26, 0xB4, 0x12, 0x3A, 0xB6, 0xE0,
    0x37, 0x04, 0x0C, 0x9B, 0x28, 0xD7, 0x0A, 0xC6, 0x61, 0xC4, 0xC7, 0x84, 0x38, 0x8A, 0xEE, 0x30,
    0x12, 0x4C, 0x02, 0x46, 0x39, 0x84, 0x4E, 0x48, 0x40, 0x90, 0x13, 0x03, 0x71, 0xF2, 0x81, 0x1D,
    0x90, 0x40, 0x19, 0xB0, 0xFA, 0x68, 0xC6, 0xD7, 0xD0, 0x33, 0x6B, 0x90, 0xE0, 0x12, 0xE0, 0xEA,
    0x13, 0x00, 0x06, 0x3B, 0x02, 0x20, 0x37, 0x6C, 0x77, 0xDB, 0x44, 0x47, 0x43, 0x1C, 0x2A, 0x81,
    0x9A, 0x14, 0x1F, 0x7E, 0x3F, 0x18, 0x7B, 0x90, 0x13, 0x03, 0x7B, 0x10, 0x60, 0x2F, 0x10, 0x87,
    0x90, 0xB3, 0xB4, 0xDF, 0x2F, 0xA3, 0x3E, 0x9C, 0x5A, 0xE1, 0xCB, 0x51, 0xE4, 0xC0, 0xD3, 0x7A,
    0x0B, 0x2C, 0x84, 0x00, 0x55, 0x20, 0xDE, 0x1E, 0xB0, 0xA0, 0x5C, 0x68, 0x0F, 0x8C, 0x81, 0xC4,
    0x0C, 0x1C, 0xFF, 0x77, 0xE1, 0x77, 0x18, 0x40, 0x05, 0x00, 0x23, 0x41, 0xAE, 0xB6, 0xE7, 0xEF,
    0x6D, 0x5F, 0x19, 0xA0, 0xE4, 0x0E, 0xC3, 0x1E, 0xE8, 0x84, 0xC4, 0x35, 0x18, 0xAE, 0xE8, 0x15,
    0xAB, 0xF2, 0x17, 0x15, 0xEC, 0x1D, 0x0D, 0xCE, 0x42, 0xB5, 0x76, 0xB8, 0x37, 0xDC, 0xC2, 0xBC,
    0x09, 0x59, 0x71, 0xCD, 0xB4, 0xFC, 0xF1, 0xE7, 0x89, 0x80, 0x1F, 0x76, 0xD0, 0x0A, 0x90, 0xF2,
    0x7D, 0xF5, 0xDF, 0xBD, 0xEF, 0x2E, 0xEF, 0x36, 0x8B, 0x58, 0xFE, 0x76, 0x18, 0x70, 0x20, 0xB5,
    0xCE, 0xD8, 0xC9, 0x41, 0x09, 0xD0, 0x55, 0xC6, 0x4E, 0xC6, 0xA4, 0x38, 0x60, 0xC6, 0x64, 0x00,
    0x8C, 0x93, 0xDF, 0x27, 0x23, 0x4F, 0x0E, 0x40, 0xFC, 0xA2, 0xFA, 0xE2, 0x13, 0x72, 0xB2, 0x62,
    0xAC, 0xD7, 0xFE, 0x50, 0xCB, 0x4F, 0x2F, 0x25, 0xCB, 0xAA, 0x4E, 0x56, 0x55, 0x32, 0x1C, 0xEA,
    0x8A, 0xB4, 0xD8, 0x02, 0x72, 0x52, 0x6C, 0xB2, 0x19, 0x3D, 0x4E, 0xD9, 0xA2, 0x07, 0x6E, 0x22,
    0xFE, 0xB0, 0x4D, 0x6A, 0x17, 0x17, 0xB4, 0x2B, 0x07, 0xFD, 0x24, 0x37, 0x8D, 0x86, 0x51, 0xDE,
    0xA4, 0x9C, 0x71, 0xE8, 0x5E, 0x4B, 0x25, 0x26, 0xD5, 0x69, 0xD0, 0xE2, 0xA4, 0x3D, 0x3C, 0x9F,
    0x78, 0x50, 0x27, 0x5D, 0x71, 0x70, 0xF1, 0x49, 0xE2, 0xA6, 0xC0, 0x37, 0x93, 0x63, 0xA3, 0x82,
    0x41, 0x83, 0xF2, 0x49, 0xD0, 0xE4, 0x9E, 0xD6, 0x24, 0x06, 0x46, 0x42, 0x8A, 0xC3, 0x38, 0xA1,
    0x40, 0x4E, 0x98, 0xAD, 0x9E, 0xD8, 0x91, 0x20, 0x6E, 0x30, 0x18, 0x60, 0xA8, 0x13, 0x88, 0xEB,
    0xDD, 0x8B, 0x55, 0x81, 0x92, 0xEB, 0x4D, 0xC7, 0xE3, 0x20, 0x09, 0x09, 0x42, 0x5D, 0x2A, 0x11,
    0xFF, 0xDC, 0x6B, 0x15, 0xFF, 0xFF, 0x55, 0x35, 0xE0, 0xD9, 0xA8, 0x5C, 0x47, 0x15, 0x5D, 0x2A,
    0x00, 0x75, 0xFE, 0x71, 0xE9, 0x37, 0x6E, 0xE8, 0x82, 0xF8, 0x09, 0xF1, 0x1B, 0x04, 0x0A, 0x41,
    0x1D, 0x02, 0x2D, 0x27, 0x09, 0x82, 0x2E, 0x8E, 0x9F, 0x0E, 0x20, 0x81, 0x01, 0xA8, 0x5F, 0x7E,
    0x2E, 0x1A, 0x4E, 0xE2, 0xD8, 0xE9, 0x20, 0x48, 0x05, 0x4D, 0x18, 0x55, 0x65, 0x84, 0x76, 0x42,
    0x5C, 0xBC, 0xBD, 0x6D, 0x5C, 0x5B, 0xFE, 0x30, 0x25, 0x46, 0x82, 0x16, 0x9A, 0x04, 0xF8, 0x09,
    0x71, 0x84, 0x17, 0x3C, 0x2B, 0x36, 0x06, 0xFD, 0x15, 0x01, 0xBE, 0xF0, 0x2C, 0xD8, 0x83, 0x04,
    0x29, 0xA0, 0x82, 0xF2, 0x7D, 0xC9, 0xA7, 0x3F, 0xF0, 0x0B, 0xE2, 0xC2, 0x81, 0xF6, 0xA0, 0x2F,
    0x10, 0x7E, 0xE3, 0x9B, 0x1B, 0x09, 0x10, 0x00, 0x1D, 0xA8, 0x18, 0x29, 0xA5, 0x88, 0x63, 0x27,
    0xFB, 0x46, 0xBF, 0x78, 0x38, 0x04, 0x71, 0x39, 0xD9, 0xA2, 0x3D, 0xEC, 0x8B, 0x1D, 0xC2, 0xED,
    0xE1, 0x37, 0xE6, 0x37, 0x93, 0x01, 0x04, 0x06, 0x74, 0xDA, 0x7A, 0xE4, 0x5D, 0x7B, 0x01, 0xE5,
    0xA5, 0xE2, 0xFE, 0xDF, 0x9A, 0xDA, 0xFD, 0x55, 0x0C, 0x68, 0x0A, 0x74, 0x65, 0x6B, 0xED, 0x36,
    0x51, 0x31, 0xEA, 0x80, 0xA6, 0x42, 0x28, 0xB8, 0x22, 0x4C, 0x5F, 0x3D, 0xDC, 0x0F, 0xFB, 0x15,
    0x3A, 0xDF, 0xAE, 0x6E, 0x8F, 0x15, 0xA8, 0x98, 0xA8, 0x0A, 0x71, 0xD4, 0x85, 0x03, 0x0D, 0xF2,
    0xA9, 0x48, 0xDC, 0x18, 0xFB, 0x25, 0xD4, 0x6F, 0xEC, 0xD7, 0xE5, 0x82, 0x3A, 0xC2, 0x00, 0x9B,
    0x81, 0x13, 0x34, 0xDF, 0xFD, 0x3E, 0xF6, 0x7E, 0xDB, 0x59, 0x7A, 0x93, 0x91, 0xF2, 0x75, 0x62,
    0xB7, 0xF4, 0xD4, 0x53, 0x9C, 0xB8, 0xB5, 0xDF, 0x7E, 0x72, 0x68, 0x7E, 0xDA, 0xF5, 0x94, 0x47,
    0x9F, 0xEB, 0x59, 0x0E, 0x06, 0x35, 0x25, 0x5F, 0x7E, 0x48, 0x89, 0x43, 0x86, 0x1D, 0x0A, 0xF4,
    0xD0, 0xFD, 0x93, 0x75, 0x90, 0x0C, 0x14, 0x71, 0x9C, 0xF1, 0x07, 0x1F, 0xE2, 0xAA, 0x98, 0xDD,
    0x0A, 0x62, 0x4A, 0x22, 0x5A, 0xC4, 0xAF, 0xDF, 0xC3, 0x43, 0xDE, 0x36, 0x8C, 0xA4, 0x36, 0xD5,
    0xAE, 0x03, 0xB5, 0x5B, 0x81, 0x9D, 0x8A, 0x10, 0x0F, 0xA3, 0x1C, 0x46, 0xE0, 0x26, 0x6E, 0x6F,
    0xDB, 0x2F, 0xF0, 0x54, 0x34, 0x00, 0xF9, 0x79, 0x54, 0x8C, 0x3F, 0xE0, 0x03, 0x71, 0x45, 0xB1,
    0x3D, 0x11, 0x77, 0x92, 0xC3, 0x2D, 0x38, 0x2A, 0xCC, 0xF0, 0x00, 0x0D, 0xE2, 0x7A, 0x6C, 0xA8,
    0xB8, 0x19, 0x23, 0xC8, 0x37, 0x8F, 0xA5, 0x40, 0xF5, 0xED, 0xB2, 0x33, 0xCA, 0x3F, 0x8E, 0xD3,
    0xC7, 0xEF, 0x57, 0xAB, 0x98, 0x76, 0x28, 0x00, 0xAD, 0x20, 0xD4, 0xF7, 0xBF, 0x70, 0x3D, 0xFE,
    0x72, 0xA8, 0x2D, 0x7C, 0x5D, 0xD9, 0x8D, 0xE4, 0xE0, 0x72, 0xA7, 0x13, 0x8C, 0x04, 0xF2, 0xD3,
    0xCA, 0x58, 0xC8, 0x97, 0xB8, 0xA4, 0xB8, 0xBA, 0xB2, 0x27, 0x7B, 0x49, 0xC1, 0x37, 0x81, 0x41,
    0x10, 0xAC, 0xCF, 0x70, 0x39, 0xD2, 0x6B, 0x89, 0x60, 0x00, 0x36, 0xB5, 0x7F, 0xF4, 0xDF, 0xE6,
    0x8B, 0x05, 0xE9, 0x0C, 0xE0, 0xFD, 0xA0, 0xAF, 0x39, 0x72, 0xFF, 0xA0, 0x6D, 0x8D, 0xA4, 0x43,
    0x66, 0xA7, 0x74, 0x2A, 0xE4, 0x77, 0x10, 0xE4, 0xDE, 0xED, 0xF2, 0x43, 0x75, 0x13, 0xF5, 0x94,
    0x90, 0x2F, 0x6D, 0x26, 0xA9, 0x61, 0xEA, 0x83, 0x50, 0x6C, 0xC7, 0x21, 0xF1, 0x17, 0x1C, 0xD2,
    0x1E, 0x67, 0xD0, 0xFF, 0x4D, 0x4B, 0x8E, 0x19, 0x47, 0x51, 0xFB, 0x79, 0x4A, 0x8C, 0x80, 0xD2,
    0x40, 0xC3, 0xDE, 0xC7, 0xDA, 0x93, 0xB8, 0xB8, 0x21, 0xE5, 0x6F, 0xC7, 0x5C, 0x01, 0x8C, 0x3F,
    0xC4, 0x35, 0x83, 0xF5, 0xED, 0x0C, 0xCE, 0x5F, 0x3E, 0xBE, 0x5E, 0x7B, 0x86, 0x72, 0x8D, 0x21,
    0x5F, 0x25, 0xBF, 0xD1, 0xF8, 0xB4, 0xC8, 0x9C, 0xAF, 0xD4, 0xA7, 0x02, 0x12, 0x06, 0xE8, 0x0A,
    0x35, 0xAF, 0x3E, 0xAF, 0xD4, 0x09, 0x62, 0xE4, 0xCF, 0xDD, 0x21, 0x4F, 0x52, 0xF6, 0x54, 0x98,
    0xD8, 0xE5, 0x76, 0x39, 0xE3, 0x9B, 0x81, 0x51, 0xAB, 0xE3, 0xDB, 0xA1, 0x55, 0x07, 0xF7, 0xA9,
    0x2F, 0xE4, 0x37, 0x12, 0x88, 0x23, 0x9C, 0x01, 0x42, 0x31, 0x7C, 0x21, 0x0F, 0x88, 0x1D, 0x68,
    0x26, 0x5C, 0xE8, 0xD6, 0x26, 0x3A, 0xEA, 0xE6, 0x07, 0xF4, 0x00, 0x0A, 0x8D, 0x06, 0x94, 0x04,
    0xDA, 0x40, 0x3B, 0x68, 0xBC, 0xCC, 0x73, 0x87, 0x5F, 0x0E, 0x3D, 0xC0, 0xC3, 0x95, 0x41, 0x62,
    0x68, 0x88, 0x13, 0x38, 0xB6, 0x59, 0x85, 0xCB, 0xED, 0xB2, 0xEC, 0xB1, 0x00, 0x05, 0x1A, 0xD0,
    0x01, 0x87, 0x02, 0x12, 0x90, 0x4A, 0xAD, 0x6C, 0x04, 0xE2, 0x4F, 0x27, 0x6C, 0xDF, 0xBC, 0xEA,
    0x10, 0xEB, 0xD2, 0xBB, 0x5E, 0xDA, 0xEF, 0x28, 0x1F, 0xA6, 0xE0, 0xCA, 0xF0, 0xF7, 0xD9, 0xFA,
    0x2F, 0x7F, 0xC2, 0x44, 0x41, 0xFC, 0x43, 0xEE, 0x95, 0x41, 0x3F, 0x6C, 0x72, 0x2B, 0x94, 0x86,
    0xB8, 0x0D, 0x25, 0x24, 0xF9, 0xF4, 0x7F, 0xEA, 0xFE, 0xE7, 0xEF, 0xFF, 0xA7, 0xFE, 0x1F, 0x9C,
    0x94, 0x81, 0x06, 0x2C, 0x51, 0x08, 0x86, 0x23, 0x80, 0x9F, 0x5E, 0x25, 0x0E, 0xC0, 0x72, 0x5E,
    0x3D, 0x02, 0x88, 0x79, 0x95, 0x08, 0x60, 0x99, 0xDB, 0xB1, 0x3B, 0xDC, 0xCB, 0x85, 0x76, 0xE0,
    0x93, 0xF1, 0x69, 0xAA, 0x9A, 0xE8, 0x87, 0x88, 0xD8, 0x88, 0xE8, 0xE1, 0x66, 0xAF, 0x8C, 0x85,
    0x2D, 0x25, 0x89, 0x05, 0xC5, 0xAA, 0xBF, 0xDF, 0x3F, 0x5C, 0xFD, 0xFC, 0xCF, 0x57, 0xFF, 0xFA,
    0xB1, 0x0E, 0x4F, 0xCC, 0x13, 0x7F, 0x8B, 0xCB, 0xF1, 0x9B, 0x77, 0x06, 0x63, 0x83, 0x65, 0x94,
    0xFF, 0x72, 0x79, 0xB7, 0xBF, 0xAE, 0xF6, 0x9B, 0x27, 0x1E, 0xE5, 0x6F, 0x21, 0x5E, 0xA1, 0x58,
    0xB1, 0x42, 0x43, 0x4F, 0x3C, 0xCB, 0x5F, 0xFC, 0x0E, 0xA6, 0xD5, 0xCC, 0x66, 0xC7, 0xF7, 0xC4,
    0x17, 0xCF, 0x4A, 0x30, 0x84, 0xFD, 0x36, 0x3B, 0x7D, 0x18, 0x7E, 0xFF, 0xD7, 0xDF, 0xDE, 0xF5,
    0x53, 0xFB, 0x97, 0x4F, 0xFB, 0x57, 0xE9, 0xA0, 0xED, 0xEC, 0xE9, 0xA4, 0xEA, 0xE2, 0x13, 0x1F,
    0xAB, 0x2A, 0xD4, 0x54, 0xD2, 0xD6, 0x21, 0xD4, 0x47, 0xBE, 0xAE, 0xAC, 0xD4, 0x93, 0xD8, 0x3C,
    0xCC, 0x94, 0x69, 0xE6, 0x6F, 0x70, 0x3D, 0x7B, 0x73, 0xFA, 0xA0, 0x52, 0x35, 0xF4, 0xE5, 0x5F,
    0x3F, 0x47, 0x3E, 0xBD, 0xC1, 0xE6, 0xF8, 0x30, 0x9A, 0xDE, 0x1C, 0xCD, 0xBF, 0x2A, 0x41, 0x10,
    0xB6, 0x32, 0x5B, 0x74, 0xEE, 0xE0, 0x77, 0x5F, 0xD1, 0xFE, 0xAC, 0x7E, 0xCE, 0x73, 0x77, 0xA4,
    0x41, 0x95, 0x41, 0xD8, 0x3C, 0xED, 0x9F, 0xAE, 0x0C, 0xCD, 0xC3, 0x84, 0xAA, 0xB2, 0xDD, 0x33,
    0x7F, 0x55, 0xFB, 0x68, 0xBF, 0x12, 0x8B, 0x94, 0x87, 0xF5, 0x9F, 0xFD, 0x65, 0x90, 0x30, 0xBB,
    0x39, 0xE9, 0x66, 0xF1, 0x61, 0xFF, 0x3E, 0x73, 0x07, 0xDF, 0x87, 0x27, 0x9E, 0xF8, 0x80, 0xF9,
    0xF5, 0x32, 0x43, 0x84, 0x07, 0xCA, 0x4E, 0x3C, 0xFB, 0x7E, 0x3B, 0x75, 0x43, 0xCE, 0xDC, 0x7F,
    0xF8, 0xFF, 0xED, 0xAF, 0xBF, 0xCF, 0xFF, 0x0F, 0xED, 0xC7, 0xCC, 0x17, 0xB7, 0xF6, 0x16, 0x09,
    0xB4, 0xEC, 0xCC, 0x81, 0xBD, 0x46, 0xBE, 0xF8, 0x95, 0x0A, 0x60, 0x85, 0xB8, 0x06, 0x5E, 0x1D,
    0xFF, 0xB0, 0xBF, 0x26, 0x20, 0xB7, 0x20, 0x7B, 0xF6, 0x6F, 0xEA, 0x2B, 0x9B, 0x27, 0xA9, 0xC9,
    0xE5, 0xC3, 0xFB, 0xBD, 0xDD, 0x09, 0x44, 0x09, 0x36, 0x80, 0xB8, 0x39, 0xCA, 0xFF, 0xDC, 0x8F,
    0x3B, 0xA7, 0x2D, 0x12, 0x99, 0xED, 0x7F, 0x4B, 0xEE, 0x28, 0xE3, 0x0C, 0x77, 0x32, 0x63, 0x1A,
    0xEE, 0xCF, 0x9F, 0x5E, 0xEC, 0x60, 0xB5, 0x76, 0xE4, 0xC7, 0xE3, 0xF8, 0x07, 0xB4, 0x35, 0xE8,
    0x55, 0x0C, 0xBD, 0x15, 0xD4, 0xAB, 0x0B, 0xB2, 0x6D, 0xC8, 0xAB, 0x08, 0xB2, 0x35, 0x78, 0x26,
    0x1E, 0x73, 0x88, 0x87, 0x9B, 0xE6, 0xDE, 0x7F, 0xCF, 0x04, 0xE9, 0xF7, 0x3D, 0x70, 0x6C, 0x49,
    0x55, 0xD8, 0x2E, 0x15, 0x95, 0xFD, 0xD9, 0xF7, 0xAC, 0xF7, 0xB7, 0xB8, 0xBF, 0xE3, 0x6F, 0xEB,
    0x53, 0x0E, 0x03, 0x68, 0xAD, 0xA3, 0x53, 0x4A, 0x75, 0xDB, 0x5C, 0x46, 0xD3, 0xD6, 0x78, 0xAB,
    0x78, 0xAB, 0xDC, 0xD4, 0xED, 0x66, 0x7F, 0x79, 0x1F, 0x7F, 0xCB, 0xA1, 0x05, 0xC4, 0x41, 0x25,
    0x13, 0xA2, 0x37, 0xD1, 0x5E, 0x4A, 0x2E, 0x9D, 0x07, 0xE5, 0xA9, 0xF1, 0xD2, 0xEA, 0xF0, 0x7E,
    0x8E, 0x59, 0x63, 0x64, 0x9D, 0x95, 0xA6, 0xD4, 0x6E, 0xFB, 0x1F, 0x2F, 0xD7, 0x3F, 0x67, 0x8D,
    0x5C, 0x93, 0x47, 0xB4, 0x8E, 0xCB, 0x36, 0xD1, 0x3B, 0xF3, 0xA9, 0xE6, 0xF4, 0x2A, 0xB0, 0xCE,
    0xF6, 0x2A, 0x70, 0xB6, 0x68, 0x0F, 0x25, 0xCE, 0x41, 0xF4, 0xED, 0xC9, 0xCB, 0xCB, 0xED, 0x03,
    0xC0, 0x2F, 0xEF, 0x2D, 0xCF, 0x7B, 0xF3, 0x50, 0x69, 0xD2, 0xAC, 0x8B, 0x94, 0x38, 0x65, 0xF4,
    0x66, 0x36, 0x47, 0xAA, 0x94, 0xD9, 0x19, 0xB3, 0xC5, 0x51, 0xCE, 0x51, 0x24, 0xD9, 0x15, 0x7D,
    0x44, 0x4F, 0xD8, 0x53, 0x8E, 0xC9, 0x49, 0xEB, 0xC4, 0x44, 0x4B, 0xCA, 0xC6, 0x66, 0xCF, 0x23,
    0xCC, 0x3A, 0xA3, 0x7B, 0xF8, 0x25, 0xAE, 0xAB, 0xD7, 0x7D, 0x57, 0x44, 0x52, 0x4C, 0x34, 0xEB,
    0xC4, 0xD1, 0x11, 0xBD, 0x85, 0x7D, 0xB3, 0x97, 0xFA, 0x5B, 0x26, 0x9C, 0x07, 0xFB, 0x66, 0x2A,
    0xA3, 0x2B, 0x4D, 0xDD, 0x5E, 0x29, 0xA3, 0x43, 0x9F, 0xE7, 0x39, 0x9F, 0xC2, 0x43, 0xEB, 0x38,
    0xE7, 0x7F, 0x8F, 0x74, 0x1D, 0x9B, 0x7D, 0x8F, 0x30, 0x7B, 0x44, 0xF7, 0x1E, 0xBA, 0xD7, 0xA1,
    0x7B, 0xDF, 0x3F, 0xB1, 0xDD, 0xB8, 0xAE, 0xEE, 0x47, 0xBE, 0xFD, 0x72, 0xA4, 0xE7, 0x99, 0xBD,
    0xEF, 0xBD, 0x7D, 0xDA, 0xBE, 0x67, 0x4B, 0x7E, 0xA5, 0x6B, 0x60, 0xEF, 0x6B, 0xBE, 0xBB, 0x0E,
    0xF0, 0x9A, 0xC0, 0x6A, 0x3D, 0x14, 0xE3, 0x1E, 0xF2, 0xFD, 0xBB, 0xCE, 0x3E, 0x4F, 0x4E, 0x11,
    0x2D, 0x5A, 0x89, 0xA1, 0xBC, 0x9E, 0x75, 0x8F, 0x03, 0x13, 0x93, 0x9D, 0x4A, 0x73, 0xA8, 0x97,
    0xCD, 0x57, 0xCB, 0x89, 0xFE, 0xAB, 0x2F, 0xF5, 0xDB, 0xA5, 0xFC, 0x3B, 0xF7, 0x9C, 0xE8, 0xF4,
    0xEB, 0x2F, 0xC2, 0x79, 0x1E, 0x71, 0xBE, 0x77, 0x9E, 0x69, 0x9D, 0xE9, 0xBC, 0x54, 0xCE, 0xA3,
    0x6E, 0x8D, 0x4B, 0x33, 0x72, 0x86, 0x8F, 0x16, 0x9F, 0x7A, 0xBB, 0xF5, 0x4E, 0xE6, 0x17, 0x15,
    0x75, 0x6B, 0x86, 0x3A, 0x26, 0x6C, 0xB2, 0x8D, 0x39, 0x5B, 0xC5, 0xE1, 0x35, 0xE8, 0xE8, 0x4F,
    0x3B, 0xC7, 0x21, 0xC2, 0xB5, 0xB8, 0xDA, 0xC3, 0xB5, 0x3A, 0xC2, 0x79, 0xD8, 0x42, 0x46, 0x67,
    0x74, 0xF4, 0x98, 0xFA, 0xFA, 0xB2, 0xF4, 0x4E, 0xD9, 0xC4, 0x61, 0xA7, 0xEC, 0x8C, 0x66, 0x82,
    0x1B, 0x1B, 0xD1, 0xFB, 0x0B, 0x6D, 0xCE, 0x0F, 0xD9, 0x36, 0x7F, 0x7D, 0xE2, 0xAD, 0xED, 0x11,
    0xAD, 0xD7, 0xD9, 0x5A, 0x0A, 0xD2, 0x76, 0xA3, 0xEC, 0xD4, 0x1F, 0xD7, 0xC8, 0xCF, 0x1A, 0x3D,
    0x36, 0xCA, 0xF6, 0x25, 0x28, 0x69, 0x25, 0x18, 0x9B, 0x68, 0x9B, 0x75, 0xF6, 0xFE, 0x09, 0x27,
    0x1D, 0xD1, 0xC1, 0x85, 0xAB, 0xE4, 0xBC, 0x4A, 0xA6, 0xA6, 0x82, 0x0B, 0x3D, 0x9B, 0x3C, 0xEC,
    0x0E, 0x3A, 0x8A, 0xDE, 0x4A, 0xD8, 0xCB, 0x16, 0xE7, 0x61, 0x63, 0xBC, 0xC6, 0xA9, 0xDD, 0x69,
    0x45, 0xCB, 0x96, 0x00, 0xD8, 0x2E, 0x2F, 0xF6, 0xAF, 0xEF, 0xA5, 0x83, 0x49, 0xB7, 0x6F, 0x72,
    0x90, 0x90, 0x8D, 0x18, 0x18, 0x28, 0xD8, 0x00, 0x0C, 0xE2, 0x85, 0xED, 0x85, 0xFD, 0x85, 0x1E,
    0xC2, 0x85, 0x62, 0x53, 0xE4, 0x79, 0xB0, 0xAB, 0x1B, 0xED, 0x46, 0x50, 0x8A, 0x72, 0x76, 0xDE,
    0xEB, 0x26, 0xB2, 0xB1, 0xA0, 0x5E, 0x25, 0xFD, 0xD4, 0x08, 0x06, 0x71, 0x20, 0x13, 0x15, 0xCD,
    0xE8, 0x9F, 0x29, 0x9E, 0x3D, 0xD4, 0x47, 0x33, 0xCB, 0xCF, 0x94, 0xAC, 0xE8, 0x1B, 0xFC, 0x50,
    0xC9, 0x38, 0xB0, 0xC5, 0x03, 0x71, 0xFC, 0x50, 0x71, 0xEB, 0xBC, 0x7E, 0xB2, 0xDD, 0x3F, 0x3B,
    0x4E, 0x1A, 0x07, 0x4D, 0x24, 0x88, 0x77, 0x50, 0xA5, 0x31, 0xEB, 0x6C, 0xA2, 0x27, 0x90, 0x26,
    0x70, 0x25, 0xA4, 0x0C, 0x4C, 0x34, 0xA2, 0xA3, 0xC5, 0xFD, 0x23, 0x45, 0x4B, 0x25, 0xDB, 0xE1,
    0xEC, 0x75, 0x9E, 0x07, 0xD6, 0x39, 0x72, 0x72, 0x2C, 0x31, 0x0E, 0x3A, 0x86, 0xCE, 0xA6, 0x13,
    0xEA, 0x89, 0x81, 0xE3, 0x89, 0xC2, 0x6B, 0xFA, 0xBB, 0x9C, 0x68, 0xCE, 0x03, 0x1A, 0x01, 0x31,
    0x8F, 0x3C, 0x6B, 0x9E, 0xC9, 0x16, 0x24, 0x44, 0x43, 0x7B, 0x75, 0xB4, 0x96, 0xE2, 0xEB, 0x72,
    0x76, 0xC3, 0x8D, 0x09, 0x9C, 0x27, 0xD1, 0xDB, 0x0B, 0x6E, 0x24, 0x24, 0xDB, 0x0B, 0x65, 0x89,
    0x71, 0xF7, 0x79, 0x05, 0x07, 0x62, 0x1E, 0x31, 0xBB, 0x1F, 0x1A, 0x41, 0xC2, 0x6A, 0xCC, 0x10,
    0x5D, 0xA4, 0xED, 0x67, 0x8A, 0x47, 0xD7, 0x0D, 0xFC, 0x4C, 0xC9, 0x24, 0x5B, 0x0C, 0x43, 0xB1,
    0xC1, 0x3A, 0xBE, 0xDD, 0xA2, 0xCE, 0xCB, 0x45, 0xBF, 0x5C, 0x72, 0x0E, 0x92, 0xC5, 0x71, 0x5F,
    0xDE, 0xFC, 0xBB, 0x6C, 0x43, 0x1C, 0x64, 0x52, 0xD1, 0x46, 0xDF, 0x09, 0x1F, 0xDB, 0xEA, 0x87,
    0xEA, 0xD6, 0x3C, 0xF4, 0xFD, 0x6E, 0x7C, 0xD2, 0x24, 0xFF, 0x6E, 0xA0, 0xE7, 0x79, 0x10, 0xBD,
    0x5A, 0x74, 0x8C, 0xA4, 0x5E, 0x38, 0x24, 0x4B, 0xB1, 0xE2, 0x1C, 0xCB, 0x50, 0x9E, 0x88, 0x66,
    0xE2, 0x8A, 0x6E, 0x4B, 0xB4, 0x43, 0xF6, 0xEA, 0x2B, 0x31, 0x62, 0x0A, 0x59, 0x83, 0xCA, 0x06,
    0x58, 0x6D, 0x8D, 0x68, 0x41, 0x8C, 0x20, 0xDB, 0xC6, 0x36, 0x17, 0xEB, 0x45, 0x7B, 0xD9, 0xD9,
    0xD3, 0x4E, 0xA7, 0xA6, 0xA3, 0x9B, 0x36, 0x37, 0x05, 0x1F, 0x04, 0xEB, 0x0B, 0x93, 0x62, 0xE3,
    0x6C, 0x1B, 0x44, 0x23, 0xE6, 0xB9, 0xD4, 0x24, 0x04, 0x40, 0x1E, 0xDC, 0xB3, 0x71, 0x28, 0xCA,
    0xC1, 0x11, 0xCD, 0xBA, 0x90, 0x38, 0x12, 0x55, 0x98, 0xF5, 0xC4, 0x41, 0x74, 0xB1, 0x2C, 0x4A,
    0xB6, 0x11, 0x9D, 0x58, 0xC3, 0x3F, 0xEF, 0x03, 0x7E, 0x68, 0x04, 0x05, 0x27, 0xE2, 0xAD, 0x49,
    0x43, 0xD9, 0x7F, 0xA6, 0xF8, 0x73, 0x1F, 0xF0, 0x23, 0x25, 0x9F, 0xFB, 0x80, 0x1F, 0x28, 0x59,
    0xA2, 0x53, 0x8A, 0x2E, 0x66, 0x58, 0x4D, 0xBA, 0x7E, 0xCD, 0x88, 0x2E, 0x29, 0x95, 0xE8, 0x61,
    0x40, 0x12, 0xA7, 0xA1, 0x7C, 0x34, 0x63, 0xB5, 0x24, 0x59, 0x9C, 0x8C, 0x78, 0x6B, 0x23, 0xDE,
    0x3B, 0x5A, 0x2D, 0xF1, 0xE5, 0x50, 0x22, 0xBB, 0x2E, 0x8E, 0x92, 0x6F, 0xAD, 0xAC, 0x64, 0x44,
    0xC9, 0x16, 0x23, 0x89, 0x51, 0xE4, 0x44, 0x53, 0x79, 0x60, 0xF0, 0x5B, 0x6D, 0x33, 0x4F, 0x79,
    0x18, 0xFA, 0x42, 0xB4, 0xF0, 0xC4, 0x97, 0x15, 0xBA, 0xD8, 0x3D, 0x61, 0xE8, 0x1B, 0x82, 0x12,
    0x2C, 0x07, 0x71, 0xF2, 0xCF, 0x6D, 0xF3, 0x47, 0x46, 0xF0, 0x7D, 0xDB, 0xFC, 0x81, 0xE2, 0x8F,
    0xB6, 0xF9, 0x93, 0xF3, 0x5D, 0x38, 0x30, 0x44, 0xB3, 0x01, 0xE7, 0xE4, 0x91, 0x4C, 0xD2, 0x29,
    0xA4, 0x70, 0x1F, 0x1C, 0x89, 0x6E, 0x3E, 0x70, 0xFC, 0x56, 0x7B, 0xFA, 0x45, 0xAB, 0x3B, 0x47,
    0x3A, 0xA4, 0xA5, 0x6E, 0x8D, 0xC3, 0xC4, 0x98, 0x6C, 0xE7, 0xF9, 0x7D, 0x2E, 0x4E, 0x64, 0x34,
    0x65, 0x18, 0x4F, 0x44, 0x8B, 0x2E, 0xE2, 0xED, 0xF5, 0x04, 0x5D, 0xC8, 0x0B, 0x7D, 0x41, 0x59,
    0x6E, 0x28, 0x6A, 0x2F, 0xE6, 0xB5, 0x1E, 0x0D, 0xA2, 0x6F, 0xF8, 0xB8, 0x00, 0x03, 0x8A, 0x45,
    0xB6, 0x68, 0x86, 0x1D, 0xD6, 0xBB, 0x5E, 0xD1, 0x99, 0xAA, 0xDC, 0x3E, 0xE6, 0xD3, 0x63, 0x66,
    0x9B, 0xF9, 0xEB, 0xEF, 0xD5, 0xF3, 0xCD, 0xD6, 0xE2, 0xF7, 0x62, 0xA3, 0xE5, 0xA8, 0x32, 0x19,
    0x1D, 0x7F, 0x10, 0xB8, 0xA2, 0x7D, 0xBC, 0x8B, 0x3E, 0xB8, 0xC3, 0xF4, 0x12, 0x9D, 0x52, 0x3D,
    0x6C, 0xDC, 0x16, 0x63, 0xB6, 0xF1, 0xDF, 0x19, 0xAC, 0x9E, 0xE7, 0x0E, 0xE3, 0x37, 0xCB, 0xE6,
    0xD8, 0xB7, 0xDB, 0x73, 0xFE, 0x64, 0xBC, 0xBD, 0x5A, 0xAF, 0xAE, 0xE8, 0x54, 0xA9, 0x4C, 0xA9,
    0xE8, 0x52, 0x87, 0xB2, 0xC6, 0x38, 0x5E, 0xCF, 0x7B, 0x98, 0x6D, 0xF4, 0xEC, 0xC7, 0x66, 0x75,
    0x0E, 0x6B, 0x74, 0x45, 0xD7, 0xF3, 0x48, 0xF2, 0xE5, 0x7D, 0xA4, 0x1C, 0x76, 0x9A, 0x83, 0x24,
    0xE5, 0xF1, 0xCD, 0xA3, 0xCD, 0x31, 0x57, 0x36, 0x93, 0xD1, 0x55, 0xD6, 0x5D, 0xFE, 0x99, 0x4D,
    0x71, 0x88, 0x11, 0x2D, 0xD9, 0xFD, 0x41, 0xEC, 0xF3, 0xD1, 0xFE, 0x7E, 0x60, 0x5C, 0xD3, 0xE4,
    0x0F, 0x6A, 0x95, 0x25, 0x3B, 0xDA, 0xD8, 0x59, 0xFD, 0x6A, 0x20, 0x8F, 0x73, 0xED, 0x45, 0x39,
    0x62, 0xA2, 0xD3, 0xEE, 0x1F, 0xEF, 0x1B, 0x71, 0xC8, 0x54, 0xD1, 0xA3, 0x91, 0xDF, 0xEC, 0x31,
    0x5F, 0x5E, 0x64, 0x9B, 0x9C, 0x84, 0x7C, 0x9D, 0xA2, 0x3D, 0x4B, 0x64, 0x2B, 0xA4, 0x11, 0xEF,
    0x44, 0x53, 0x83, 0x42, 0xB2, 0xDE, 0x45, 0xAF, 0xFB, 0xDE, 0xA7, 0x46, 0xDD, 0xBA, 0x12, 0x9B,
    0x62, 0x0D, 0x9E, 0x1F, 0x82, 0xEC, 0x53, 0xBC, 0x45, 0xC7, 0x11, 0x9D, 0x9D, 0xBE, 0x5A, 0x79,
    0xDA, 0xF8, 0x30, 0xEA, 0xBB, 0xAF, 0x7F, 0xA2, 0x2B, 0x65, 0x7D, 0xF1, 0x51, 0x97, 0xCF, 0x44,
    0x4F, 0x59, 0xDF, 0xBC, 0x22, 0xBF, 0x1B, 0xFB, 0x7C, 0x45, 0xFE, 0x20, 0xF0, 0xC8, 0x78, 0xAF,
    0x8C, 0xF9, 0xFD, 0x90, 0xD7, 0x5B, 0xF5, 0xFB, 0x21, 0xDF, 0x9E, 0x19, 0x03, 0x5F, 0xAF, 0xA7,
    0x3C, 0xEE, 0x53, 0xDE, 0xE8, 0xB4, 0x3A, 0x7D, 0xF4, 0xA5, 0x78, 0xEB, 0xAA, 0x74, 0x69, 0xCA,
    0xEA, 0x51, 0xC9, 0x3A, 0x18, 0x28, 0x2C, 0x64, 0x13, 0x8D, 0xC1, 0x0E, 0xB2, 0xE3, 0x65, 0xE9,
    0xAB, 0x9D, 0x2A, 0xCA, 0xA5, 0xED, 0x92, 0x63, 0x3E, 0x2C, 0xF5, 0x7D, 0xFB, 0xFB, 0x4F, 0xF3,
    0x45, 0x93, 0x43, 0x15, 0x93, 0xA2, 0xE3, 0x3F, 0xCF, 0x35, 0xE9, 0x12, 0xFF, 0x3F, 0xF3, 0x9B,
    0x68, 0xA3, 0xD5, 0x17, 0x65, 0x70, 0x69, 0x73, 0x29, 0xBE, 0xF6, 0x74, 0x24, 0x36, 0xEC, 0x68,
    0x4E, 0x1C, 0x90, 0xFF, 0xB4, 0x07, 0xC8, 0x91, 0x53, 0xDF, 0x7C, 0x53, 0x5F, 0x2C, 0x3A, 0xBA,
    0xC4, 0xD9, 0xA2, 0x49, 0x4F, 0x9D, 0x30, 0xE9, 0x92, 0xFF, 0xFB, 0x39, 0xFC, 0x17, 0xC5, 0xDA,
    0xC1, 0x6A, 0x24, 0x3B, 0xB2, 0xC6, 0xF1, 0x1F, 0xC4, 0x36, 0x21, 0x5E, 0x25, 0x61, 0xB6, 0x02,
    0xBD, 0x7A, 0xC0, 0xD9, 0x1E, 0xE8, 0x57, 0x09, 0xF0, 0x56, 0xA0, 0xCB, 0x38, 0xA9, 0xA2, 0xDA,
    0xF6, 0xF5, 0xA9, 0xF1, 0xB8, 0x3D, 0x96, 0xBE, 0x7F, 0xD2, 0x09, 0x29, 0x7D, 0xA1, 0x4A, 0x29,
    0x25, 0xA9, 0x99, 0xBB, 0x00, 0x1A, 0x71, 0xC7, 0x71, 0xC7, 0x79, 0x47, 0x35, 0xE1, 0x15, 0x83,
    0xC3, 0x20, 0xF7, 0xE2, 0x34, 0x5C, 0xA8, 0x1B, 0x82, 0x61, 0x30, 0xEC, 0xCA, 0xDD, 0xF6, 0x86,
    0xF9, 0x4B, 0xCD, 0xA8, 0x4C, 0x63, 0xDC, 0x72, 0xEB, 0xD6, 0x1D, 0xDD, 0x47, 0xF7, 0xBF, 0xFE,
    0x9E, 0xD5, 0x9C, 0x8A, 0x11, 0x45, 0x26, 0x62, 0xF9, 0x11, 0x93, 0x15, 0x3A, 0x8D, 0x21, 0xFB,
    0x79, 0xB7, 0x7F, 0xDA, 0x14, 0x85, 0x78, 0x40, 0x61, 0xC3, 0x78, 0xDA, 0xE3, 0x49, 0x5F, 0xF9,
    0x34, 0x4B, 0xE2, 0xC2, 0x84, 0x05, 0x8D, 0x28, 0x1C, 0x00, 0xE6, 0x6E, 0xD9, 0xD9, 0xA6, 0x68,
    0x8B, 0x8A, 0xA6, 0xB2, 0xA8, 0x84, 0xF1, 0x3B, 0x1A, 0xD6, 0xEF, 0x18, 0xB8, 0xC7, 0x7C, 0xCA,
    0x8E, 0x62, 0x2F, 0x18, 0x2C, 0xD1, 0xA2, 0x24, 0x27, 0x98, 0xAD, 0x46, 0xD4, 0x48, 0xC6, 0x2D,
    0xF7, 0x3D, 0xAB, 0x95, 0xF2, 0xEE, 0x34, 0x1B, 0x63, 0xA0, 0x93, 0xA8, 0xF8, 0x19, 0xE3, 0x51,
    0xB2, 0x8D, 0xA1, 0x33, 0x2A, 0xFE, 0x63, 0xD7, 0x51, 0x3F, 0x63, 0x33, 0x49, 0xCF, 0xBB, 0x73,
    0xC5, 0xD2, 0x89, 0x31, 0x90, 0xFD, 0x73, 0x66, 0xE3, 0xB1, 0xEB, 0x45, 0x7D, 0x9B, 0xEB, 0x7D,
    0x15, 0x3E, 0x4B, 0x54, 0xB4, 0x64, 0xDC, 0xB1, 0x24, 0xD3, 0xB8, 0xA3, 0x19, 0x6F, 0x10, 0x45,
    0xC7, 0xEB, 0xD3, 0x65, 0x8A, 0xB2, 0x64, 0xCD, 0xBA, 0x0A, 0x26, 0xBA, 0xF1, 0x72, 0x43, 0xD4,
    0x2B, 0x8A, 0xF8, 0x0B, 0x51, 0xCC, 0x5F, 0xA8, 0x49, 0x54, 0x92, 0x06, 0xE3, 0x77, 0xB4, 0xBE,
    0x21, 0x9A, 0x3E, 0x9A, 0xFE, 0xD7, 0xDF, 0xCC, 0xEA, 0xE7, 0x43, 0x88, 0xDD, 0x5F, 0x0D, 0x01,
    0x97, 0xCC, 0x45, 0xD4, 0x4D, 0xAF, 0xDE, 0x6B, 0x8A, 0x4A, 0x69, 0x3C, 0x26, 0x7D, 0x4B, 0xD1,
    0xFA, 0xE8, 0x57, 0xC3, 0xB3, 0x9A, 0xD8, 0xEB, 0xDE, 0xF6, 0xBB, 0xA4, 0x28, 0x49, 0x19, 0xC2,
    0x0D, 0x5C, 0xE8, 0xC0, 0xDE, 0x44, 0x1D, 0x77, 0x70, 0x21, 0x5D, 0x38, 0xEE, 0x18, 0xA6, 0x68,
    0x7B, 0xEF, 0xBE, 0xD5, 0x93, 0xAD, 0xAF, 0xB7, 0xA4, 0x33, 0x6A, 0x0C, 0xB3, 0xAD, 0x0F, 0xDE,
    0x12, 0x07, 0x51, 0x03, 0xDD, 0x98, 0xF5, 0x33, 0x26, 0x1D, 0x51, 0x43, 0xB7, 0x59, 0xCF, 0xBB,
    0xBD, 0x97, 0xFA, 0x23, 0x1E, 0x25, 0xE9, 0x69, 0x77, 0x7F, 0xD6, 0xCE, 0xE7, 0x9F, 0xBB, 0x27,
    0x3D, 0x7E, 0xF8, 0xB9, 0xCB, 0xF7, 0x6F, 0xC0, 0x8F, 0x35, 0xF1, 0xFB, 0xD1, 0xED, 0xF3, 0x38,
    0x9E, 0xFF, 0xCE, 0x2D, 0xA2, 0xB3, 0x4D, 0xFE, 0x79, 0x4C, 0xDE, 0xAB, 0x49, 0xEB, 0x11, 0xC3,
    0xB8, 0x23, 0x19, 0xA2, 0xA3, 0x99, 0x1B, 0x9A, 0x58, 0x64, 0x32, 0xA2, 0xB4, 0x02, 0xB9, 0x5B,
    0x67, 0xE9, 0x14, 0x35, 0x7E, 0xD7, 0x5F, 0xC5, 0x26, 0xCA, 0xA5, 0x4D, 0xEE, 0x36, 0x2C, 0x6D,
    0xB8, 0x74, 0x3A, 0xB5, 0xB9, 0xE0, 0xFD, 0xF0, 0xFD, 0x23, 0xB1, 0x55, 0xD0, 0xC9, 0x18, 0x64,
    0xFB, 0xFE, 0xB8, 0xA2, 0x2E, 0xFC, 0x48, 0x34, 0x97, 0xAD, 0x6F, 0x8E, 0xE2, 0xCF, 0xDB, 0xFE,
    0x68, 0x4A, 0xAF, 0xA1, 0x10, 0xE0, 0xC4, 0xCD, 0x6E, 0x5F, 0xFA, 0x23, 0x91, 0x1A, 0x60, 0xE3,
    0x7A, 0x5A, 0x6A, 0x0C, 0xE7, 0xC3, 0x6F, 0xB8, 0x5B, 0x94, 0xE4, 0x62, 0x32, 0x3E, 0xE2, 0xA0,
    0x99, 0x7B, 0x37, 0x2D, 0xEA, 0x3D, 0x1F, 0x8B, 0xF9, 0xA0, 0xC8, 0xDD, 0xB1, 0x8B, 0x81, 0x7D,
    0xF9, 0x49, 0xED, 0xEE, 0x65, 0x61, 0xB8, 0xD4, 0xBF, 0x2B, 0x6A, 0x8B, 0xBF, 0xA2, 0x62, 0x45,
    0x65, 0xA5, 0xC7, 0x34, 0xDE, 0xA4, 0xF6, 0xA2, 0x8D, 0xFF, 0x3F, 0xB2, 0x7D, 0x8D, 0x8B, 0xDF,
    0x1F, 0xD9, 0x63, 0x04, 0xB9, 0xEB, 0x1B, 0x22, 0x88, 0xF2, 0xF2, 0x4B, 0xD4, 0x82, 0xDF, 0x67,
    0x32, 0xE9, 0x41, 0x9F, 0xB5, 0xDC, 0xEF, 0x4A, 0xEC, 0x26, 0xAB, 0xC7, 0x4B, 0xF5, 0x84, 0x58,
    0x1F, 0x4C, 0x45, 0xA3, 0xEE, 0x59, 0x12, 0xCD, 0xDE, 0x97, 0x89, 0xFB, 0xDD, 0x5B, 0xFE, 0xE7,
    0xC7, 0xAF, 0xC5, 0xB2, 0x6C, 0xAD, 0xA3, 0xAE, 0x74, 0x8F, 0x5F, 0xD6, 0xBB, 0x65, 0xEA, 0x17,
    0x6B, 0xA9, 0xE8, 0x1C, 0x23, 0xFB, 0xD3, 0xBA, 0x72, 0x7F, 0xFC, 0xFC, 0xAD, 0x8A, 0x0F, 0x2B,
    0x9A, 0xEB, 0xA3, 0x2F, 0xF0, 0xF5, 0xEC, 0xE3, 0xDF, 0xF6, 0x8F, 0x45, 0xF9, 0xBC, 0xA8, 0xAF,
    0xC6, 0x3E, 0xDF, 0x44, 0x7A, 0xA5, 0x36, 0x99, 0xCB, 0x5C, 0xEF, 0xC3, 0x7D, 0xCC, 0x9F, 0xBB,
    0xFE, 0xA8, 0xE6, 0x2B, 0xE7, 0x9D, 0x29, 0xAF, 0xBE, 0xD0, 0xE8, 0x2B, 0x79, 0xF3, 0x37, 0xEB,
    0x72, 0x79, 0x73, 0xFA, 0x79, 0x3F, 0x68, 0xF3, 0xED, 0x8B, 0xFC, 0x52, 0xE2, 0x05, 0x0B, 0x12,
    0xB3, 0xE8, 0x16, 0x35, 0xA4, 0x03, 0xC4, 0xAE, 0x4F, 0x3A, 0xC4, 0xA7, 0xFD, 0xA7, 0x2F, 0x79,
    0x29, 0xA6, 0xCF, 0xE6, 0x0B, 0xEF, 0xCB, 0xFC, 0xA4, 0xEC, 0x77, 0x76, 0x46, 0xB3, 0x8A, 0x09,
    0x73, 0xE5, 0x2E, 0x51, 0x16, 0x51, 0xD1, 0xA4, 0x44, 0x1A, 0x48, 0x8D, 0x8C, 0xC2, 0x18, 0x30,
    0x1A, 0x66, 0xC3, 0x4B, 0x43, 0x2F, 0xE8, 0x89, 0xA8, 0x8B, 0x59, 0x37, 0xDE, 0x8A, 0x8C, 0x66,
    0xF7, 0xC3, 0xE6, 0x98, 0x86, 0x78, 0xA0, 0x8B, 0x05, 0x01, 0x3E, 0x1E, 0x1B, 0x76, 0xFC, 0x55,
    0xF1, 0x4B, 0x1E, 0x72, 0xC8, 0x96, 0x6D, 0x8C, 0xD7, 0x9C, 0x46, 0xEA, 0xF8, 0xBB, 0x35, 0x0C,
    0xD6, 0xAD, 0x90, 0x93, 0x92, 0xCF, 0x3E, 0x9B, 0x98, 0x58, 0xF7, 0x36, 0x76, 0xF8, 0x6F, 0xC7,
    0xC1, 0xB8, 0x24, 0xB3, 0xAC, 0xBD, 0xF7, 0xA2, 0x45, 0xCB, 0x92, 0x0C, 0xEA, 0x93, 0xA0, 0xAF,
    0xFC, 0x59, 0x6F, 0x59, 0xDF, 0x6D, 0x0E, 0x9A, 0xB8, 0x44, 0xA3, 0x08, 0xAC, 0xC7, 0x25, 0x6B,
    0x7C, 0xDC, 0xF5, 0x2D, 0x0C, 0xCB, 0x32, 0x9C, 0x8A, 0xB9, 0x4B, 0xFC, 0xBA, 0x94, 0xF1, 0x6F,
    0x91, 0xC7, 0xD7, 0xDC, 0xAD, 0x61, 0x2C, 0x63, 0xE9, 0xA1, 0x4F, 0x5D, 0xDF, 0xD9, 0x4A, 0x93,
    0x1E, 0x4F, 0xFA, 0x78, 0xE6, 0xD7, 0x1A, 0x69, 0x0D, 0xFD, 0x1F, 0xF9, 0x18, 0xCC, 0x12, 0x8B,
    0x6C, 0xC6, 0x57, 0x7C, 0x5C, 0xEF, 0x7A, 0x2C, 0xB3, 0xEC, 0x4F, 0xDA, 0xE3, 0xF7, 0xCE, 0x98,
    0x05, 0x09, 0x06, 0x28, 0x00, 0xB3, 0xCC, 0x2B, 0x3E, 0xA2, 0x05, 0x59, 0x0E, 0x8E, 0x7E, 0xE5,
    0xB8, 0xD3, 0x39, 0x9C, 0x9C, 0xE9, 0xA4, 0x52, 0x51, 0x51, 0x45, 0xE9, 0x1B, 0x83, 0x17, 0x82,
    0xF9, 0xC0, 0x64, 0x70, 0xB0, 0xCB, 0xC1, 0x67, 0x5D, 0x31, 0xBF, 0x34, 0xAD, 0xF9, 0xE9, 0x08,
    0x9E, 0x1F, 0xEE, 0xBE, 0x14, 0xCF, 0x63, 0x13, 0x4D, 0x24, 0x0E, 0x9C, 0x30, 0x9C, 0x48, 0x7D,
    0x9F, 0x82, 0xDB, 0x60, 0xFC, 0xEF, 0x7E, 0xD1, 0x78, 0xBB, 0x50, 0x8C, 0xF2, 0xD5, 0xE8, 0xC7,
    0x07, 0x9B, 0xA1, 0x27, 0x14, 0x00, 0xD1, 0xB3, 0xE8, 0x6A, 0x5E, 0xB4, 0xE8, 0x28, 0x51, 0x8F,
    0x90, 0xD2, 0x5B, 0x0C, 0xA3, 0x0C, 0xF9, 0xBF, 0x79, 0x63, 0x2E, 0x9E, 0xA0, 0xE1, 0xA5, 0x60,
    0x3E, 0xB6, 0xD3, 0xDF, 0xCF, 0xB4, 0x53, 0xEB, 0x37, 0x43, 0x58, 0x26, 0x79, 0x90, 0xC5, 0xE3,
    0x69, 0x55, 0x2E, 0x5C, 0x8D, 0x63, 0x19, 0x0C, 0x8B, 0x15, 0xC5, 0x7C, 0x45, 0x62, 0x25, 0xC6,
    0x40, 0xCF, 0xDF, 0xB1, 0x88, 0x1A, 0x4C, 0x93, 0x21, 0x4B, 0x8B, 0x4A, 0xCC, 0xFB, 0x1E, 0xA6,
    0xD9, 0x51, 0x23, 0xE5, 0x78, 0xC8, 0x6D, 0xBC, 0xE6, 0xEE, 0xA8, 0x1E, 0x66, 0xFB, 0xF8, 0xB4,
    0xEA, 0x07, 0x4C, 0x7A, 0xDC, 0x5B, 0x7C, 0xDE, 0xAD, 0x1E, 0x44, 0x35, 0x19, 0xC5, 0x48, 0x9C,
    0x07, 0xEA, 0xFC, 0x11, 0xDF, 0x32, 0xCA, 0x48, 0x7A, 0x88, 0x6A, 0xA1, 0x1C, 0x01, 0x98, 0xB7,
    0xD9, 0x69, 0x1A, 0x6F, 0xD4, 0x86, 0x4B, 0xAD, 0xA3, 0xF4, 0x60, 0x36, 0xE4, 0x6D, 0x76, 0x32,
    0x0C, 0x51, 0x86, 0xC3, 0xA0, 0x9D, 0x16, 0xED, 0x8C, 0xA2, 0xB9, 0x2E, 0x92, 0xA8, 0x43, 0x12,
    0x7B, 0x19, 0xA4, 0xD3, 0x7C, 0xB8, 0xB8, 0x5D, 0x16, 0x03, 0x83, 0x21, 0xCC, 0xEB, 0x92, 0x65,
    0x48, 0x51, 0xD1, 0x16, 0xF3, 0xAA, 0xFC, 0x9A, 0xAC, 0xCF, 0x1A, 0x29, 0x8D, 0x61, 0xE8, 0x61,
    0x44, 0x0D, 0x63, 0x19, 0x66, 0x6B, 0x8B, 0xD6, 0x0F, 0xA8, 0x1E, 0xEB, 0x30, 0x2B, 0x1B, 0x06,
    0x2C, 0x44, 0x7B, 0xDC, 0x56, 0x3C, 0x1F, 0x4F, 0x60, 0x44, 0x4D, 0xF7, 0x71, 0xE0, 0x11, 0xC3,
    0x62, 0x44, 0x33, 0x77, 0xD1, 0xC3, 0x0D, 0xE9, 0x42, 0x54, 0xF2, 0x38, 0x98, 0x68, 0x49, 0xDB,
    0x6D, 0x7F, 0x7C, 0x1E, 0x97, 0x3D, 0xE3, 0xAF, 0x1D, 0x7F, 0xCB, 0xFE, 0x6C, 0xDD, 0xF3, 0xC7,
    0xAD, 0x7D, 0xBE, 0x51, 0xF4, 0xB4, 0xD1, 0x0F, 0xA7, 0xD9, 0x9F, 0x9E, 0x21, 0xFD, 0xF1, 0xD8,
    0xDE, 0xEF, 0x0D, 0x3F, 0x1D, 0x4A, 0x14, 0x59, 0x4C, 0x0C, 0x34, 0x01, 0xC8, 0x5D, 0x96, 0x76,
    0xBD, 0xFC, 0xF5, 0xAA, 0xC6, 0xBA, 0x0F, 0xCB, 0x97, 0xEE, 0x37, 0x87, 0xB2, 0x94, 0xF1, 0xAA,
    0xD6, 0x56, 0x92, 0x9F, 0x9C, 0xD3, 0x46, 0x9D, 0xFF, 0xCE, 0xCD, 0x62, 0x92, 0x25, 0x49, 0xAF,
    0x77, 0xEF, 0xA3, 0xCD, 0xFB, 0x1D, 0xAC, 0x6F, 0xF7, 0x97, 0xCC, 0xD2, 0xD7, 0xF0, 0x77, 0x3C,
    0x6F, 0xEE, 0x5B, 0x4D, 0x9C, 0x28, 0x2C, 0xE4, 0xA5, 0x5C, 0xCF, 0x5B, 0x39, 0x29, 0x16, 0x49,
    0xCA, 0xC5, 0x70, 0x4A, 0x7D, 0xDF, 0xC9, 0x34, 0x7C, 0x77, 0xCB, 0xE5, 0xE3, 0x17, 0x24, 0x79,
    0xDA, 0xEE, 0xDC, 0x7B, 0x0F, 0x9D, 0xE7, 0xB5, 0x9A, 0x3A, 0x3E, 0x5C, 0xD1, 0x0F, 0x8C, 0xCF,
    0x97, 0x4A, 0x73, 0xA1, 0x08, 0x44, 0x63, 0x5C, 0x9A, 0x8D, 0xC3, 0x30, 0x72, 0x7F, 0xBC, 0x33,
    0x35, 0x85, 0x43, 0x96, 0xD6, 0xBB, 0xB4, 0x32, 0xA2, 0x64, 0x12, 0x0B, 0x0D, 0xDF, 0xEB, 0x53,
    0x8B, 0xD7, 0xAC, 0x9D, 0xE5, 0x85, 0x36, 0xD7, 0x13, 0x4B, 0xB8, 0xE7, 0x7C, 0xE4, 0xEE, 0xE7,
    0x7C, 0x9C, 0x5A, 0xCF, 0x75, 0x6B, 0x8F, 0xDD, 0x6F, 0x17, 0xB1, 0x2B, 0x89, 0x5F, 0x83, 0x8C,
    0x06, 0x72, 0xCB, 0xA5, 0xA9, 0x57, 0x44, 0x09, 0x6F, 0x90, 0x1C, 0x17, 0x06, 0xE7, 0x5B, 0x34,
    0x75, 0x43, 0x30, 0x04, 0xD3, 0x22, 0x36, 0xEF, 0x36, 0x5F, 0xB3, 0xE2, 0xE3, 0x8D, 0x2B, 0xDB,
    0x88, 0x71, 0xE9, 0xB8, 0xB4, 0xFA, 0xC5, 0x34, 0x88, 0xBD, 0x7E, 0xC6, 0xEC, 0xDE, 0x5F, 0x37,
    0xF9, 0xFE, 0x18, 0xF9, 0x67, 0x3C, 0xBF, 0x5D, 0x84, 0x7C, 0xD5, 0xFF, 0x65, 0xB8, 0xCE, 0x47,
    0xFC, 0x58, 0x10, 0xD9, 0x9C, 0xC7, 0x4D, 0xFF, 0x65, 0x20, 0x23, 0xDF, 0xCD, 0x64, 0x8F, 0x70,
    0x15, 0xFC, 0x23, 0xD1, 0x7C, 0x32, 0x8B, 0xFD, 0x4A, 0x44, 0x7F, 0xDA, 0xEE, 0xE7, 0x87, 0xEA,
    0x5F, 0x30, 0xEC, 0xC0, 0xB8, 0xE9, 0x78, 0x5C, 0x1C, 0x37, 0xC4, 0x82, 0x4C, 0x18, 0x51, 0x68,
    0x05, 0xD8, 0x3D, 0x57, 0xEC, 0x14, 0x65, 0xBC, 0xF2, 0x7C, 0x60, 0x5D, 0x8C, 0xD2, 0x21, 0x2A,
    0x5E, 0x79, 0xF4, 0x71, 0xE7, 0x79, 0xB1, 0x4F, 0xBA, 0xC6, 0x9D, 0x2F, 0x46, 0xDD, 0xB8, 0x4C,
    0xB4, 0x81, 0xD3, 0x01, 0x03, 0xF6, 0x6D, 0x67, 0x21, 0x35, 0xC3, 0x09, 0x6C, 0x23, 0x3A, 0x0D,
    0x75, 0xC1, 0x52, 0x19, 0x43, 0xE5, 0x31, 0xC2, 0x85, 0x73, 0x1C, 0xFF, 0xC6, 0x29, 0x6B, 0x94,
    0xAC, 0x2C, 0x29, 0x39, 0x1C, 0x88, 0x22, 0x9B, 0x31, 0xE8, 0x14, 0x15, 0x60, 0x77, 0xAE, 0xA4,
    0x93, 0x4A, 0x21, 0x85, 0xA8, 0x57, 0xFB, 0xA2, 0x8A, 0x17, 0xAC, 0xE7, 0x8E, 0xA1, 0x7C, 0x5C,
    0x87, 0xEC, 0x28, 0xAD, 0x8C, 0x07, 0x65, 0xB8, 0x74, 0x5C, 0x8A, 0xC7, 0x82, 0xDF, 0xEC, 0xBB,
    0x14, 0x1B, 0x0B, 0x3A, 0x2F, 0xF1, 0xFD, 0xFE, 0x9F, 0x58, 0xE1, 0xEC, 0xBD, 0x3B, 0x4A, 0x56,
    0x90, 0x75, 0xB0, 0x1E, 0x9F, 0xB8, 0x30, 0x3D, 0xDE, 0xCA, 0xBA, 0xE1, 0xF1, 0x7E, 0x5C, 0xC8,
    0x12, 0x26, 0xC3, 0xB5, 0x48, 0xFB, 0x68, 0x26, 0x1B, 0x7B, 0xE5, 0x5E, 0x87, 0xDB, 0xCD, 0xC1,
    0xF0, 0xF0, 0xAF, 0xDA, 0xBB, 0xF6, 0x46, 0x42, 0xFE, 0x90, 0xD3, 0x24, 0x9F, 0x77, 0xF7, 0xC9,
    0xFF, 0x6E, 0xF9, 0x01, 0xB3, 0xEF, 0xA6, 0x91, 0x4F, 0xBB, 0x06, 0x3A, 0x84, 0x30, 0xC5, 0x43,
    0x82, 0xFF, 0x03, 0xCD, 0xD8, 0xC1, 0x8A, 0xE4, 0x4A, 0x8F, 0x05, 0xE0, 0x0F, 0xB4, 0x35, 0xE8,
    0x55, 0x0C, 0xB5, 0x15, 0xC4, 0xAB, 0x0B, 0x6A, 0xDB, 0xD0, 0xAF, 0x22, 0xE8, 0xAD, 0xC1, 0xD3,
    0x65, 0x3C, 0x95, 0x37, 0xE7, 0xE6, 0x14, 0xF7, 0xFE, 0xF4, 0x74, 0x4F, 0x1D, 0x9D, 0x93, 0xE0,
    0x90, 0xC2, 0x3E, 0xAE, 0x74, 0x58, 0x91, 0x60, 0xC8, 0x23, 0x86, 0x89, 0xF7, 0x11, 0xED, 0x18,
    0x45, 0xB5, 0x83, 0x53, 0x34, 0x79, 0xE9, 0x92, 0x38, 0x24, 0x4A, 0x61, 0xAC, 0xBF, 0xE9, 0x41,
    0xB4, 0x62, 0xB1, 0x28, 0xB2, 0x0D, 0xD1, 0x09, 0x6B, 0x80, 0xB1, 0x7E, 0x4C, 0xF4, 0xDB, 0xA4,
    0x9C, 0x92, 0xFE, 0xCA, 0x51, 0x37, 0xC7, 0x44, 0x9B, 0x7A, 0x14, 0x46, 0xE7, 0x29, 0xCF, 0x36,
    0x7C, 0xBF, 0xF4, 0xBD, 0xA3, 0x45, 0xF8, 0xD0, 0xED, 0x52, 0xB7, 0x26, 0x9B, 0x5B, 0x8B, 0xFD,
    0x95, 0x0E, 0xFD, 0xD0, 0x40, 0x09, 0x2C, 0x07, 0xE2, 0x04, 0x54, 0x76, 0x1C, 0xD1, 0x7E, 0x32,
    0x26, 0xE5, 0x9E, 0xB2, 0xD3, 0x07, 0x4E, 0x15, 0xE5, 0xE2, 0x76, 0xD1, 0xD1, 0x3F, 0x2C, 0xC5,
    0x9B, 0x0D, 0x6A, 0xBD, 0xC5, 0x85, 0xED, 0x27, 0xF6, 0x0F, 0xD4, 0x02, 0x5C, 0x39, 0xE5, 0xCD,
    0xDB, 0x7A, 0x64, 0x3C, 0x8F, 0xC7, 0x16, 0x42, 0x3E, 0x8D, 0xE7, 0x63, 0x1C, 0xFB, 0xDA, 0xE3,
    0x2F, 0x78, 0xDF, 0xDF, 0x57, 0x01, 0xE0, 0xE3, 0x98, 0x3D, 0xFF, 0x9A, 0xB3, 0xDE, 0x6D, 0x06,
    0xA8, 0xD8, 0x62, 0xB3, 0xE5, 0x16, 0x0F, 0x9C, 0x8F, 0x71, 0xEC, 0xDF, 0x3F, 0xE6, 0xAC, 0x9F,
    0x78, 0xFB, 0x89, 0xFD, 0xC7, 0x4F, 0x7C, 0x7B, 0x9A, 0xFF, 0x7D, 0xEF, 0xFA, 0x7E, 0x8D, 0x5F,
    0xF8, 0xC8, 0x8E, 0x47, 0x7D, 0x08, 0xDE, 0xB2, 0xDE, 0xF7, 0x07, 0xEE, 0xF1, 0xD1, 0x54, 0x34,
    0x99, 0x88, 0x03, 0x06, 0xC0, 0x20, 0x3E, 0x65, 0xFB, 0x94, 0xFD, 0x53, 0x7A, 0x08, 0x97, 0x14,
    0x9B, 0x22, 0xCF, 0x83, 0x5D, 0xDD, 0xD2, 0x6E, 0x09, 0x4A, 0x51, 0xCE, 0xCE, 0x73, 0xA2, 0xC3,
    0xA4, 0x2A, 0x39, 0xA2, 0x61, 0x7D, 0xD7, 0x2B, 0x3A, 0xAF, 0xA3, 0x77, 0x8C, 0xF9, 0x88, 0x98,
    0xD9, 0x66, 0xDE, 0xBE, 0xAD, 0x1E, 0xA3, 0x55, 0xB4, 0x4C, 0xE2, 0xC0, 0x00, 0xEB, 0x20, 0xDA,
    0xC5, 0xF4, 0xCC, 0xBA, 0x39, 0xCF, 0x8C, 0x7E, 0x66, 0xE2, 0x1C, 0x46, 0x57, 0x74, 0xA6, 0x38,
    0x18, 0xC8, 0xE1, 0x8A, 0xE8, 0x47, 0xA4, 0x47, 0x14, 0xD9, 0x28, 0x3B, 0x69, 0x88, 0xF7, 0xC6,
    0x09, 0x05, 0x90, 0x07, 0xE6, 0xAA, 0x76, 0x28, 0xCA, 0xC1, 0x11, 0xCD, 0xBA, 0x24, 0x71, 0x24,
    0xAA, 0x30, 0xEB, 0x59, 0x2E, 0x87, 0xC5, 0xB2, 0x28, 0xD9, 0x46, 0x74, 0x62, 0x0D, 0xAF, 0x6E,
    0xE9, 0x44, 0x57, 0xCA, 0xF2, 0x88, 0x51, 0x57, 0xCC, 0x44, 0x4F, 0x59, 0x43, 0xDA, 0xEE, 0x99,
    0xCD, 0x60, 0x35, 0x12, 0x90, 0xA7, 0x3C, 0x0C, 0x7D, 0x49, 0xB4, 0xF0, 0x2C, 0x92, 0xCD, 0x25,
    0xC5, 0xEE, 0x59, 0x1E, 0xA5, 0x46, 0x50, 0x82, 0xE5, 0x20, 0x4E, 0x44, 0x07, 0x93, 0x54, 0x91,
    0x43, 0x34, 0xC8, 0x8E, 0x4F, 0xA4, 0x07, 0x5E, 0x3E, 0xF1, 0x73, 0x3F, 0xF1, 0x71, 0x1E, 0x80,
    0xE8, 0xBA, 0x85, 0xDF, 0x63, 0xC4, 0x79, 0x29, 0x93, 0x2E, 0xF2, 0x9F, 0x1B, 0xA1, 0xE0, 0x40,
    0x0C, 0xA2, 0x91, 0xB0, 0xFB, 0x73, 0x0E, 0x25, 0x16, 0x0E, 0x0C, 0xD1, 0x6C, 0x7E, 0x9D, 0xEB,
    0xE8, 0xC0, 0x24, 0xAA, 0x90, 0xB7, 0xF5, 0x3F, 0x65, 0xF8, 0xC5, 0x5A, 0xF3, 0xEB, 0xCC, 0x2A,
    0x58, 0x90, 0x8D, 0x68, 0x18, 0xD8, 0xFF, 0x9C, 0xE3, 0x44, 0x36, 0x31, 0x18, 0x14, 0xB6, 0x5F,
    0xE7, 0x7A, 0xB5, 0x3E, 0x36, 0xE5, 0x8E, 0xC3, 0x1A, 0x33, 0x19, 0x5D, 0xD1, 0x93, 0xA6, 0xAC,
    0xC6, 0x3A, 0x1B, 0x50, 0xD1, 0xB7, 0xF0, 0x5B, 0x5E, 0x4D, 0xCE, 0x13, 0x26, 0x4D, 0xE2, 0x5F,
    0xBC, 0x9A, 0x3C, 0xAE, 0xDA, 0xC0, 0xFC, 0xCE, 0x0B, 0x8E, 0xFE, 0x77, 0x2F, 0x52, 0xEE, 0x42,
    0xC0, 0x3A, 0xCF, 0x41, 0xB6, 0xFB, 0x63, 0xC7, 0x49, 0xE3, 0xA0, 0x89, 0x04, 0xF1, 0x1D, 0x54,
    0x69, 0xCC, 0x65, 0x3A, 0x7A, 0x02, 0x69, 0x02, 0x79, 0x0E, 0x94, 0x81, 0x89, 0x46, 0x74, 0xB4,
    0xB8, 0x3F, 0xA4, 0x68, 0xA9, 0x64, 0x3B, 0x9C, 0xBD, 0xCE, 0xF3, 0x20, 0x3E, 0x04, 0xAC, 0x5E,
    0xED, 0x27, 0x2B, 0x3A, 0x55, 0x2A, 0x53, 0x2A, 0xBA, 0xD4, 0xA1, 0xAC, 0x31, 0x0E, 0xC6, 0x30,
    0x31, 0xCC, 0x36, 0x7A, 0xF6, 0x63, 0xB3, 0x3A, 0x07, 0xEB, 0x20, 0x26, 0xC7, 0x62, 0x1C, 0x74,
    0x34, 0x9D, 0x6E, 0x51, 0x9F, 0x32, 0x9C, 0xC7, 0x90, 0x9E, 0x64, 0x53, 0xF2, 0x9C, 0xA2, 0x24,
    0x25, 0x26, 0x86, 0x75, 0xDE, 0x0E, 0x27, 0xDA, 0xA4, 0xE8, 0x7A, 0xE6, 0x7B, 0x73, 0x3E, 0xBA,
    0x0A, 0xE7, 0x95, 0xAE, 0xEC, 0xCE, 0xF3, 0xEC, 0x51, 0xC6, 0x6E, 0x37, 0xD6, 0xE1, 0xEB, 0x65,
    0xEF, 0xB5, 0x91, 0xA1, 0xB3, 0xFF, 0x6E, 0xA4, 0x3E, 0x8D, 0x1C, 0x0F, 0xA1, 0x14, 0xE5, 0xA5,
    0x91, 0xD7, 0x4B, 0xDC, 0x6D, 0x30, 0xFF, 0x91, 0xC1, 0xF8, 0x34, 0x78, 0x18, 0xE5, 0x6F, 0x06,
    0x95, 0x1D, 0x69, 0xB8, 0xAA, 0x71, 0x82, 0xF2, 0x70, 0x99, 0xE7, 0xDD, 0x17, 0x89, 0x8E, 0x21,
    0x25, 0x52, 0x7D, 0x96, 0x66, 0x34, 0xAA, 0xA0, 0x06, 0xD6, 0xC0, 0x8F, 0x81, 0x39, 0x60, 0x16,
    0xA2, 0x2F, 0xED, 0xEC, 0x87, 0xC6, 0x90, 0x62, 0x38, 0x67, 0x9D, 0xAD, 0xEC, 0x69, 0xE2, 0xBD,
    0x9D, 0x14, 0x38, 0x28, 0x8A, 0x79, 0x44, 0xF4, 0x19, 0xEF, 0x1D, 0xDF, 0xE5, 0x26, 0x4B, 0x8E,
    0x1C, 0x55, 0x57, 0xA4, 0x4A, 0x13, 0xDF, 0xC6, 0xFC, 0x1F, 0xF7, 0x76, 0x36, 0xA8, 0x87, 0x6C,
    0x8F, 0xEF, 0xC9, 0x3F, 0xEE, 0xF3, 0xF6, 0x4F, 0x57, 0xBB, 0xD5, 0xD2, 0x63, 0x9D, 0xF5, 0x47,
    0xAF, 0x3F, 0xCE, 0xC3, 0x7F, 0xEE, 0xC2, 0xB6, 0x47, 0xC3, 0x3A, 0xEC, 0x3A, 0xC4, 0xD8, 0x3E,
    0xB0, 0x57, 0x0E, 0xF0, 0xC8, 0xC9, 0xFF, 0x99, 0xB3, 0xE5, 0xFC, 0xEF, 0xCF, 0xC0, 0xD7, 0x7B,
    0x85, 0x27, 0xD6, 0x83, 0x06, 0x43, 0x0D, 0x47, 0xB3, 0x00, 0x5F, 0x6F, 0x46, 0x81, 0x2F, 0x37,
    0xA3, 0xC2, 0x17, 0x9B, 0xD1, 0x84, 0x05, 0x07, 0x0C, 0xA2, 0xB1, 0xF9, 0x0D, 0x2B, 0xC9, 0x17,
    0xDD, 0xE1, 0x2F, 0x5F, 0x4D, 0x80, 0xBD, 0x2F, 0x7C, 0x5B, 0xDF, 0xF6, 0xFF, 0xC6, 0x0E, 0x00,
    0x6F, 0x53, 0xDB, 0xFE, 0x81, 0x7D, 0xEF, 0x37, 0x65, 0xBF, 0x00, 0xD1, 0x10, 0x03, 0x0E, 0x50,
    0x20, 0x41, 0x00, 0x58, 0x6D, 0x8D, 0x68, 0x41, 0x8C, 0x20, 0xDB, 0xC6, 0x36, 0x97, 0xD6, 0x43,
    0xF7, 0xB2, 0xB3, 0xA7, 0x9D, 0x4E, 0x4D, 0x47, 0x7F, 0xA8, 0xB9, 0x55, 0xF0, 0x83, 0x60, 0x3D,
    0x54, 0x52, 0x6C, 0x9C, 0x6D, 0x43, 0x61, 0x21, 0x9B, 0x68, 0x0C, 0x76, 0x90, 0x7D, 0x8A, 0xF7,
    0xE8, 0x38, 0xA2, 0xB3, 0xD3, 0x5F, 0x51, 0xCF, 0x30, 0x7E, 0x18, 0x05, 0xD1, 0xC8, 0xC6, 0x82,
    0x82, 0x79, 0x72, 0x19, 0x07, 0xB6, 0x78, 0x92, 0x38, 0x7E, 0x4F, 0xE7, 0x22, 0x59, 0x1C, 0x8C,
    0x68, 0x1B, 0xC8, 0xB1, 0x6F, 0x77, 0xE4, 0xFC, 0xBB, 0x8E, 0x46, 0x02, 0x0B, 0x38, 0x80, 0x01,
    0xD1, 0x60, 0xF3, 0xFF, 0xAB, 0xE9, 0xF9, 0x7A, 0xAF, 0xF7, 0x8B, 0xBA, 0x21, 0xA2, 0x21, 0x1B,
    0x16, 0x28, 0x30, 0x10, 0x00, 0x20, 0x89, 0xD3, 0x50, 0x7E, 0x34, 0x63, 0xB5, 0x24, 0x59, 0x9C,
    0x8C, 0x78, 0x6F, 0x23, 0xBE, 0x77, 0xB4, 0x5A, 0x1E, 0x5B, 0x80, 0x92, 0x5D, 0x97, 0xCE, 0x87,
    0xBE, 0xB7, 0xB2, 0x92, 0x11, 0x25, 0x5B, 0x8C, 0x24, 0x46, 0x91, 0x13, 0x4D, 0xE5, 0x81, 0x01,
    0x18, 0x62, 0xC8, 0x26, 0x51, 0x68, 0x80, 0x94, 0xC7, 0x98, 0x9C, 0xEB, 0x7C, 0x56, 0xA7, 0x1F,
    0x17, 0x33, 0xDE, 0xBB, 0x2A, 0x5D, 0x9C, 0xB2, 0x7A, 0x54, 0xB2, 0x0E, 0x06, 0x33, 0xDB, 0x06,
    0xD1, 0xD7, 0x82, 0xF0, 0x53, 0xD6, 0xF1, 0xA1, 0x1F, 0x00, 0x1E, 0x39, 0x39, 0xFB, 0x66, 0xCB,
    0xE3, 0x1A, 0xAD, 0xFC, 0x06, 0x39, 0x57, 0xE6, 0x57, 0xF5, 0x77, 0xCE, 0xAB, 0xFA, 0xC7, 0xDC,
    0xEB, 0xD8, 0x7D, 0x60, 0xCD, 0xEE, 0x82, 0x75, 0xBC, 0x3A, 0xFF, 0xBE, 0xDD, 0x99, 0x5B, 0xCE,
    0xE3, 0xD8, 0x97, 0xF5, 0x77, 0xCE, 0xCB, 0xFA, 0xC7, 0xDC, 0x87, 0x7E, 0x46, 0xFE, 0xED, 0xFC,
    0xF1, 0x62, 0xFC, 0x9E, 0xFB, 0xAB, 0xFA, 0x3B, 0xE7, 0x55, 0xFD, 0xB3, 0xB7, 0x67, 0xE4, 0x00,
    0xAF, 0x73, 0x9E, 0xFD, 0x7F, 0x5D, 0xFF, 0x3A, 0xE7, 0xD9, 0xFF, 0xBA, 0xC7, 0xD6, 0xEC, 0xBD,
    0x7F, 0xFC, 0xBD, 0xF8, 0xFF, 0xDF, 0xEF, 0x0D, 0x37, 0x3C, 0xE6, 0xFE, 0xB2, 0xFE, 0xCE, 0x79,
    0x55, 0xFF, 0x98, 0x7B, 0xDF, 0xBE, 0xF4, 0xFF, 0x9C, 0xF3, 0xE2, 0xFB, 0xF7, 0xA1, 0x5F, 0xFB,
    0x7F, 0x5D, 0x2F, 0xCF, 0x76, 0x18, 0x63, 0x8F, 0xD6, 0x17, 0x07, 0x07, 0x16, 0xB2, 0x5D, 0xFC,
    0x3C, 0x58, 0xDA, 0xA1, 0xD5, 0xC5, 0x31, 0x8E, 0x24, 0x0F, 0x40, 0xE1, 0xB8, 0x59, 0xD8, 0x71,
    0x37, 0xA2, 0xBD, 0x7F, 0xC4, 0x70, 0xB0, 0xC8, 0x96, 0xA4, 0xEB, 0xE8, 0xDD, 0xC2, 0xC1, 0x88,
    0x2B, 0x0C, 0x2D, 0x58, 0xE7, 0x79, 0x96, 0xC9, 0xDD, 0xF5, 0x78, 0x6F, 0x2F, 0xBB, 0xAD, 0x42,
    0x7D, 0xFD, 0x83, 0xEE, 0x3A, 0x00, 0x43, 0xDC, 0x34, 0x68, 0x02, 0x76, 0x63, 0xD6, 0xF1, 0x58,
    0xB3, 0x52, 0xDD, 0x98, 0xDB, 0xD0, 0xE1, 0x50, 0x76, 0xCD, 0xF3, 0xDD, 0xDD, 0x4C, 0xEE, 0xB6,
    0x0B, 0x93, 0xC0, 0x53, 0xCE, 0x3D, 0xF2, 0xC8, 0xF8, 0x67, 0x7B, 0x1F, 0xE7, 0x88, 0x96, 0x6E,
    0x4D, 0xEA, 0x95, 0x16, 0xE3, 0x7E, 0x69, 0x8D, 0xE8, 0x17, 0xFA, 0x98, 0xC6, 0x8B, 0x29, 0xCF,
    0x89, 0xB3, 0x95, 0x5D, 0x9A, 0xCF, 0xDE, 0x4B, 0x01, 0x8E, 0xAF, 0xEE, 0xED, 0xBF, 0xEF, 0x3F,
    0xFE, 0x0B, 0xB5, 0xD5, 0x81, 0xA6, 0x33, 0x49, 0x10, 0xC5, 0xF1, 0x3F, 0x05, 0x70, 0xA8, 0x57,
    0x39, 0x04, 0x60, 0x98, 0x57, 0x2F, 0x06, 0x20, 0xDC, 0x57, 0x29, 0x16, 0x60, 0x98, 0xCD, 0x8D,
    0xDD, 0xC5, 0x4A, 0x57, 0xDC, 0xF8, 0xEE, 0xAF, 0x13, 0xB4, 0xA3, 0xD3, 0xE9, 0xD6, 0xD5, 0x9D,
    0x64, 0x45, 0xD3, 0x6C, 0x08, 0x36, 0x38, 0x89, 0x26, 0x8A, 0x04, 0x43, 0xC2, 0x5E, 0x74, 0x47,
    0x6D, 0x89, 0xD8, 0xA3, 0xF8, 0xEB, 0x8B, 0xA8, 0x93, 0xB8, 0x4E, 0x80, 0xEB, 0x62, 0x29, 0x50,
    0xD4, 0x46, 0x37, 0x7B, 0xC5, 0xB3, 0x6D, 0xCF, 0x8F, 0x8C, 0x29, 0x8A, 0x97, 0xBE, 0x73, 0x39,
    0x8A, 0x85, 0x4C, 0x9B, 0x91, 0x35, 0x8D, 0x07, 0x8A, 0x62, 0xC8, 0xE5, 0xEF, 0xC6, 0x42, 0xB7,
    0xC4, 0xA8, 0xA1, 0xFF, 0xB7, 0x7C, 0xC8, 0xB6, 0x2C, 0xD6, 0x2A, 0x88, 0x62, 0x29, 0x8A, 0x0A,
    0xA6, 0x3C, 0xA0, 0x58, 0x4B, 0x02, 0xF1, 0x63, 0x01, 0x85, 0xE7, 0xFF, 0x2D, 0x06, 0x95, 0xE3,
    0x66, 0x07, 0xD1, 0x01, 0xC4, 0x89, 0x10, 0x13, 0x73, 0x47, 0x98, 0xE2, 0x07, 0xA2, 0x44, 0xCC,
    0xF3, 0x93, 0x43, 0x9E, 0x15, 0x04, 0x6B, 0x41, 0x56, 0x30, 0xCB, 0x66, 0x45, 0x28, 0x44, 0x8F,
    0x47, 0xF5, 0x60, 0xEB, 0x66, 0xB0, 0x3D, 0xEC, 0x55, 0xFE, 0x6E, 0xFB, 0xC7, 0x67, 0x28, 0x88,
    0xC2, 0xF9, 0xAE, 0x70, 0xB6, 0x79, 0x2F, 0x83, 0xC9, 0x7E, 0x5A, 0x2C, 0x1D, 0x3A, 0xB4, 0xF5,
    0xE7, 0x85, 0x1D, 0x25, 0x5B, 0xD3, 0x78, 0x2B, 0x9B, 0x95, 0xF7, 0x35, 0x4A, 0xCA, 0x7D, 0x5D,
    0xCC, 0xAE, 0x6B, 0xCA, 0x5E, 0xE5, 0x29, 0x37, 0x83, 0xEC, 0xCF, 0x67, 0xC4, 0x54, 0x20, 0xFC,
    0xE2, 0xE8, 0x61, 0x4C, 0x51, 0x41, 0xFC, 0xD7, 0x9D, 0x44, 0x61, 0x1C, 0xC5, 0xC0, 0xDA, 0xCF,
    0x69, 0x25, 0xF2, 0xB4, 0x9A, 0xAD, 0x0F, 0x05, 0xDB, 0x16, 0xB5, 0x6D, 0xCC, 0x97, 0x25, 0x54,
    0xCC, 0xBB, 0x3C, 0x30, 0x22, 0x18, 0xCC, 0x17, 0x0D, 0x69, 0x17, 0xF0, 0x79, 0xA9, 0x71, 0xB3,
    0xCD, 0x60, 0x28, 0xB0, 0x9E, 0x0B, 0x69, 0x2E, 0xC0, 0xE7, 0x77, 0x20, 0xCB, 0xEF, 0x56, 0x46,
    0xE5, 0xFD, 0xD6, 0xC1, 0x92, 0xF7, 0xA8, 0x53, 0x63, 0x19, 0x0D, 0x67, 0x7E, 0x20, 0xED, 0x97,
    0xE6, 0x67, 0xB4, 0xA9, 0xFB, 0x03, 0x10, 0xC5, 0x53, 0x7C, 0x1D, 0x2D, 0x8B, 0x6C, 0x9D, 0xB2,
    0xF4, 0xF5, 0xE8, 0x1B, 0x88, 0x92, 0x01, 0xA2, 0x2C, 0xFE, 0xED, 0xDF, 0x1E, 0x28, 0x3C, 0x9D,
    0x80, 0x28, 0x21, 0xA2, 0xA6, 0x8B, 0xE4, 0x76, 0x5F, 0xE4, 0x23, 0x39, 0x4A, 0x9E, 0x9E, 0xDA,
    0x80, 0x1A, 0x9F, 0xEA, 0x0A, 0x5E, 0x2B, 0x8C, 0xEC, 0xFB, 0x11, 0xEF, 0xEB, 0x98, 0x24, 0xF9,
    0xB1, 0x9B, 0xB3, 0xF6, 0xCE, 0x9A, 0xEB, 0x7B, 0x6B, 0x2A, 0xC8, 0x13, 0x53, 0xFC, 0x31, 0x06,
    0x25, 0x34, 0xD7, 0xF5, 0xA2, 0xFF, 0x99, 0xB8, 0xAE, 0xE2, 0xD7, 0xCC, 0x73, 0xC6, 0x89, 0x14,
    0x65, 0xB3, 0x17, 0x9F, 0xB8, 0x2E, 0x12, 0xDA, 0x20, 0x7E, 0x57, 0x01, 0xBD, 0x5F, 0xD7, 0x09,
    0x34, 0x50, 0xD9, 0xFE, 0xD6, 0x69, 0x5E, 0xCA, 0xB2, 0xF7, 0xF2, 0xF2, 0x5D, 0x0B, 0x20, 0x09,
    0xB2, 0x96, 0xE3, 0x9F, 0x56, 0xB9, 0xFF, 0xB1, 0xFC, 0xFD, 0x16, 0x42, 0xC4, 0x22, 0xC7, 0x38,
    0x5A, 0x5E, 0xE5, 0x42, 0x64, 0xCD, 0x37, 0xE5, 0xD9, 0x87, 0x0E, 0xB1, 0xF0, 0x1C, 0xCD, 0x2A,
    0x16, 0xFB, 0x7C, 0xC3, 0xE0, 0x07, 0x55, 0x2C, 0x53, 0x55, 0xA0, 0xB2, 0x79, 0xE9, 0x6F, 0xA5,
    0x59, 0xC1, 0xAA, 0xF5, 0x2C, 0x0C, 0x1C, 0xC8, 0x36, 0xE0, 0xAB, 0x04, 0xDC, 0x16, 0x7C, 0x75,
    0xE1, 0x6C, 0xFB, 0x30, 0xC2, 0xBF, 0x15, 0xFA, 0x37, 0x48, 0xB8, 0x9E, 0xA1, 0x39, 0x5D, 0x7C,
    0x33, 0x8B, 0x7B, 0x2E, 0x33, 0xB1, 0xAD, 0x9A, 0xD4, 0x2A, 0x50, 0x80, 0x01, 0xB4, 0x69, 0x70,
    0xB6, 0x61, 0x58, 0x6C, 0x13, 0x37, 0xD4, 0xD4, 0x80, 0x4C, 0x0F, 0xB8, 0x2E, 0x10, 0xE7, 0x94,
    0xC0, 0x01, 0xC7, 0x28, 0x88, 0x78, 0xE6, 0x0E, 0x19, 0xAA, 0x7B, 0xFB, 0xAA, 0x32, 0x76, 0xBD,
    0x0C, 0xD3, 0x9B, 0xEB, 0x6E, 0xD5, 0x6E, 0x96, 0x6F, 0x7D, 0xA2, 0x7F, 0xB3, 0xEC, 0xF7, 0x9F,
    0xE8, 0x1B, 0xE6, 0x7E, 0x6B, 0x8E, 0xD2, 0x77, 0xB9, 0x75, 0x5B, 0x9C, 0xF6, 0x59, 0xEC, 0x5F,
    0xF1, 0xD6, 0x17, 0x9B, 0xEB, 0x8B, 0x6F, 0xFD, 0x23, 0x7B, 0xFF, 0xD8, 0xE1, 0xD1, 0x15, 0x15,
    0x07, 0xAA, 0xB7, 0x66, 0xA6, 0xB8, 0x11, 0xE3, 0x63, 0x6A, 0xC7, 0xCD, 0xD3, 0xCE, 0xAA, 0x55,
    0x8F, 0x9B, 0x4B, 0x8F, 0x9E, 0x30, 0x31, 0xD1, 0x1B, 0x62, 0x62, 0xFE, 0x74, 0x82, 0x82, 0x1D,
    0x26, 0xCC, 0x76, 0xB9, 0x2F, 0x74, 0xE9, 0x6A, 0x6A, 0xDE, 0x5A, 0x9B, 0xA6, 0x8B, 0xD8, 0xD0,
    0x46, 0x8C, 0x7F, 0xA8, 0x6D, 0x90, 0xAE, 0xCE, 0x44, 0x7F, 0x1D, 0x7F, 0x4C, 0x51, 0xE7, 0x82,
    0xC7, 0x5F, 0x57, 0x97, 0x2E, 0x21, 0xBF, 0xCD, 0x3F, 0xEF, 0x71, 0x3D, 0xF5, 0x94, 0x21, 0xC3,
    0xFF, 0xFA, 0xFF, 0x3C, 0x7F, 0x70, 0xB3, 0x0C, 0x18, 0x14, 0x34, 0x7F, 0xF2, 0xFE, 0x05, 0xD4,
    0xA4, 0xE7, 0x7A, 0x20, 0x1B, 0xBF, 0x80, 0x4C, 0xD1, 0x3F, 0x3A, 0x28, 0x5E, 0x4D, 0x8F, 0x1B,
    0xF5, 0xAC, 0x27, 0xF7, 0x7F, 0xE8, 0x31, 0x3A, 0x41, 0x7E, 0xBE, 0x6F, 0x16, 0xEE, 0x7F, 0x65,
    0x26, 0xE3, 0x87, 0xE0, 0x43, 0xFB, 0xA1, 0x71, 0xFB, 0x58, 0xB3, 0x89, 0xB8, 0xE1, 0x65, 0x7E,
    0xF6, 0x32, 0xED, 0x13, 0x8C, 0x5C, 0xE5, 0xE7, 0x57, 0xF3, 0xB1, 0xF8, 0x9B, 0xA9, 0xA4, 0x13,
    0xDB, 0x05, 0x81, 0x3C, 0xE8, 0x47, 0x39, 0xA1, 0x4E, 0x9A, 0x3F, 0xC4, 0x76, 0xED, 0xFA, 0x47,
    0x99, 0xD7, 0x57, 0xFB, 0x0D, 0x9C, 0xDF, 0x32, 0x1F, 0xC7, 0x4F, 0xED, 0x5C, 0x6C, 0xFA, 0xA5,
    0xE3, 0x77, 0x7E, 0x95, 0x6E, 0x06, 0x85, 0x96, 0x09, 0x75, 0x72, 0x7D, 0xB2, 0x51, 0xD5, 0xD9,
    0xB4, 0xEA, 0xA2, 0x51, 0x7D, 0x5C, 0xAD, 0x96, 0x19, 0xB3, 0x2F, 0xFA, 0x8F, 0x73, 0xE4, 0x76,
    0x46, 0x2F, 0x05, 0x54, 0x86, 0x6E, 0xF7, 0x46, 0xF3, 0x8B, 0xE6, 0x50, 0xB8, 0x5A, 0xE8, 0x69,
    0x0D, 0x60, 0xC8, 0x76, 0x6F, 0x3E, 0x7E, 0x26, 0x78, 0x98, 0x83, 0xAB, 0x15, 0xBE, 0x7E, 0x8C,
    0x61, 0x54, 0x80, 0xC8, 0x7F, 0x8E, 0x8F, 0x0A, 0xF0, 0x18, 0x4F, 0x19, 0x0E, 0x6C, 0x15, 0x20,
    0xD1, 0xB9, 0x06, 0x50, 0xFE, 0xD3, 0xF3, 0x51, 0xFE, 0x13, 0xB8, 0x02, 0xB0, 0xCE, 0x15, 0x80,
    0xF5, 0xF2, 0x36, 0x3E, 0x11, 0x99, 0xC4, 0xD7, 0x71, 0x68, 0x68, 0x87, 0xD6, 0xF1, 0x58, 0x03,
    0x60, 0xE0, 0xFE, 0x4F, 0x6B, 0xC0, 0x0E, 0xCA, 0x61, 0x81, 0x40, 0x71, 0x84, 0xE4, 0xEE, 0x55,
    0x03, 0xB8, 0x0A, 0x50, 0x7C, 0x54, 0x80, 0xBC, 0x7F, 0x38, 0xFF, 0x37, 0x9D, 0x2B, 0x00, 0x21,
    0xCB, 0xFF, 0x40, 0x96, 0xFF, 0x54, 0x03, 0x26, 0xE5, 0x3F, 0x8F, 0x9F, 0x52, 0xFE, 0x53, 0x0D,
    0xE0, 0xFC, 0xE1, 0x1A, 0x50, 0x26, 0xE5, 0x3F, 0xD5, 0x80, 0xC6, 0xF9, 0x9F, 0xD4, 0x80, 0xE8,
    0xBF, 0x58, 0x61, 0xE4, 0xF9, 0xE5, 0x41, 0xB9, 0xEE, 0x30, 0x5C, 0xB0, 0x6D, 0xFE, 0x2C, 0x42,
    0x31, 0x7E, 0xAD, 0x01, 0x19, 0x6B, 0x0D, 0xD8, 0x06, 0xAD, 0xFF, 0x68, 0xFE, 0xF9, 0xDD, 0x72,
    0xFE, 0xAE, 0x99, 0x22, 0xC9, 0xFA, 0x2E, 0x9E, 0x80, 0x75, 0xEA, 0x7A, 0x6F, 0xD7, 0x76, 0x5A,
    0x2F, 0x78, 0x58, 0x03, 0x4E, 0x5E, 0xFF, 0x05, 0x68, 0x05, 0x38, 0x5F, 0xFB, 0x27, 0x30, 0x4A,
    0x5E, 0x3F, 0x62, 0x7C, 0xD2, 0xFA, 0x13, 0xB9, 0x9E, 0xE7, 0x57, 0x40, 0xBF, 0xB0, 0xF2, 0x2B,
    0x7B, 0xFF, 0xD5, 0x53, 0x0D, 0x0C, 0xE4, 0xBA, 0xA0, 0x8D, 0x5F, 0xEF, 0x3F, 0xBD, 0xD9, 0xBA,
    0x42, 0x51, 0x86, 0x3A, 0x78, 0xFD, 0x75, 0xD8, 0xA7, 0xA2, 0xA2, 0xCD, 0x0A, 0xA7, 0x7D, 0x2C,
    0x6E, 0x9E, 0x3C, 0x6D, 0xB2, 0x1E, 0x33, 0x40, 0x4C, 0x4C, 0xB5, 0x1C, 0x5E, 0xFD, 0x9D, 0x20,
    0xFC, 0x39, 0x58, 0x5F, 0x63, 0x57, 0xED, 0xA6, 0xB6, 0xE3, 0x48, 0xE2, 0x2D, 0x1C, 0x0F, 0xF1,
    0x65, 0xAE, 0xD5, 0x0D, 0xBA, 0x0C, 0xBE, 0xFE, 0xEE, 0x11, 0x5B, 0x75, 0x8E, 0xF5, 0x7A, 0x55,
    0xA9, 0x62, 0x67, 0x33, 0x9B, 0x75, 0xA1, 0xEE, 0x7A, 0x78, 0x76, 0xC7, 0xFE, 0x7E, 0xE2, 0xF5,
    0xAD, 0xFF, 0x32, 0xD8, 0xE6, 0xD8, 0xDF, 0x7F, 0xAC, 0x03, 0x54, 0x77, 0xB9, 0x7E, 0xE7, 0x3E,
    0x7A, 0xF7, 0xB4, 0x99, 0xBF, 0x7F, 0xA2, 0x7E, 0x3C, 0xE9, 0x56, 0xCC, 0x1C, 0xDA, 0x9D, 0xC2,
    0xA5, 0x75, 0x5B, 0x63, 0x87, 0x63, 0xE9, 0xC7, 0x21, 0xF2, 0x16, 0x1F, 0x1E, 0x8E, 0xDF, 0xA1,
    0x3E, 0xEB, 0x3E, 0xCE, 0x5A, 0xEB, 0xE1, 0xE3, 0xAC, 0xC6, 0x7D, 0xA0, 0xB9, 0xBE, 0xC6, 0x54,
    0x36, 0xAE, 0xFE, 0x09, 0xB0, 0x27, 0x74, 0xEF, 0x93, 0x22, 0x1D, 0x06, 0xFF, 0x7D, 0x2C, 0x65,
    0xB1, 0x6C, 0xF3, 0x9B, 0x5D, 0xA1, 0xC7, 0x5B, 0xF7, 0x3D, 0x7F, 0xD9, 0x45, 0x3A, 0xAF, 0xEF,
    0x51, 0xA2, 0x16, 0x82, 0x3D, 0xB9, 0x2E, 0x8A, 0x61, 0xA6, 0xA7, 0x88, 0xF4, 0xAD, 0xF5, 0xDE,
    0x3A, 0x95, 0x12, 0xEE, 0xF8, 0x8F, 0x20, 0x47, 0xE9, 0x86, 0xF2, 0x53, 0x87, 0x49, 0x47, 0xAE,
    0xC3, 0x46, 0x2F, 0x78, 0x83, 0x00, 0xD0, 0x0E, 0xB9, 0xA9, 0x5D, 0xFF, 0xEA, 0x22, 0xD0, 0x4F,
    0x88, 0x6D, 0xCE, 0xE5, 0xF9, 0x68, 0x77, 0xFF, 0x1F, 0x3C, 0xB6, 0x1B, 0x3E, 0xBD, 0x47, 0x3D,
    0x0F, 0xA1, 0x01, 0x53, 0xB0, 0x61, 0xFC, 0xD7, 0xD1, 0x7B, 0x77, 0x3F, 0xF2, 0xEF, 0xCB, 0x02,
    0x85, 0x21, 0x5F, 0x7F, 0x86, 0xEE, 0x80, 0xA2, 0x41, 0xB1, 0xD5, 0xD7, 0x83, 0xF3, 0x2F, 0x5C,
    0xE1, 0x70, 0x9D, 0xD6, 0xEE, 0xA7, 0x59, 0x3B, 0x0D, 0x41, 0xE4, 0xEB, 0xC3, 0xF3, 0xB0, 0xEA,
    0xCE, 0x68, 0x56, 0x5F, 0xBF, 0xEF, 0xD9, 0x43, 0xBA, 0x5C, 0x82, 0xC5, 0x36, 0xE2, 0x17, 0x23,
    0x3C, 0xE1, 0xE0, 0x6F, 0x0B, 0xFE, 0x82, 0xC2, 0x00, 0x79, 0xC2, 0x41, 0x7A, 0xB6, 0x7F, 0x20,
    0x90, 0xE4, 0xFB, 0x82, 0xF4, 0x64, 0x7F, 0xA1, 0x97, 0xE4, 0xFB, 0x83, 0xF4, 0x6C, 0xFF, 0xC0,
    0x49, 0xF5, 0x8F, 0xF5, 0xBD, 0x7E, 0xD6, 0x9B, 0xAD, 0x57, 0x73, 0x9A, 0x9A, 0x80, 0x60, 0xE5,
    0xCF, 0xC1, 0xBA, 0x96, 0x66, 0x6A, 0x3E, 0xF3, 0x0B, 0xB4, 0xAB, 0xA9, 0xEA, 0xD2, 0xC9, 0x93,
    0xE9, 0xB3, 0x68, 0x12, 0x4F, 0x1E, 0xD6, 0xF3, 0xFD, 0x8D, 0xC2, 0xFD, 0xBF, 0x3B, 0x58, 0xB7,
    0x66, 0xE6, 0x68, 0xC3, 0x2C, 0x10, 0xDA, 0xEE, 0xD9, 0x1D, 0xBC, 0xB6, 0xE3, 0x1D, 0x3E, 0x08,
    0x8E, 0x47, 0xCF, 0x64, 0x5D, 0xD7, 0xDA, 0x7B, 0xA3, 0x0E, 0xE9, 0x7B, 0x34, 0xBB, 0x48, 0xE7,
    0xFA, 0x9B, 0xCE, 0x1F, 0x53, 0xD2, 0xF3, 0xFD, 0x97, 0xC1, 0x49, 0x46, 0x9E, 0xD0, 0x69, 0x7F,
    0x66, 0x73, 0x10, 0x54, 0x97, 0xE3, 0xC1, 0x43, 0xF1, 0x65, 0xBE, 0xC4, 0x87, 0xA3, 0x67, 0xFB,
    0x3B, 0xD9, 0xF8, 0x87, 0x83, 0xF5, 0xEB, 0x54, 0x42, 0xB9, 0x42, 0x27, 0x0F, 0xE9, 0xE9, 0xFE,
    0x50, 0xE1, 0x78, 0x72, 0x2C, 0x9D, 0xB4, 0xAA, 0xF5, 0x56, 0x45, 0xC5, 0x5B, 0x20, 0xEC, 0x0E,
    0xD6, 0xCD, 0x49, 0x5F, 0x08, 0x20, 0xB0, 0xE3, 0x69, 0xFF, 0xA7, 0xAC, 0x7D, 0x66, 0x95, 0xA8,
    0x6E, 0xEC, 0x09, 0x07, 0xE9, 0x8F, 0xF1, 0x1D, 0x3D, 0x8F, 0x0F, 0x3D, 0xDF, 0x7F, 0x8F, 0x79,
    0x51, 0x66, 0xB6, 0x3F, 0x1B, 0xB3, 0x42, 0x46, 0xBA, 0x7F, 0x43, 0xF5, 0xF1, 0xD8, 0xEB, 0xBB,
    0x62, 0xB0, 0x27, 0x1C, 0xA1, 0xA7, 0xFB, 0xAF, 0xDB, 0xFB, 0x95, 0x3D, 0xAC, 0x73, 0x7D, 0xCA,
    0xAE, 0x4F, 0x8E, 0xD0, 0x93, 0x78, 0xBE, 0x3E, 0xC5, 0x87, 0x9E, 0xCF, 0xCF, 0x83, 0xF3, 0x9B,
    0x1C, 0xBB, 0xCE, 0xFB, 0xCB, 0xC9, 0xF5, 0x37, 0x07, 0xE9, 0x32, 0x78, 0x7C, 0x65, 0x6C, 0x5F,
    0x9F, 0xE9, 0xF9, 0x41, 0x38, 0x92, 0xFD, 0xC5, 0xD8, 0x5B, 0x48, 0xE3, 0xC3, 0x93, 0xC5, 0x07,
    0xE4, 0xD2, 0xF5, 0xF5, 0x7D, 0x45, 0x1D, 0xB7, 0x0B, 0x04, 0x5F, 0x7F, 0xE3, 0x53, 0x96, 0xE3,
    0x53, 0xE6, 0x7E, 0x77, 0xF9, 0xF9, 0x42, 0x78, 0x7E, 0xEF, 0x3F, 0xAE, 0x9A, 0xB4, 0x56, 0x39,
    0x51, 0xA7, 0x40, 0x28, 0x63, 0x77, 0x94, 0x41, 0xCF, 0x9F, 0xC6, 0x87, 0x27, 0x8F, 0xCF, 0xF3,
    0x8B, 0x3C, 0x94, 0x5F, 0xA1, 0xE5, 0xE7, 0x23, 0xE4, 0x49, 0xF7, 0x4F, 0xDB, 0x84, 0xA1, 0x0B,
    0x64, 0x40, 0x9D, 0xF6, 0xB0, 0xFE, 0x2C, 0xE4, 0x89, 0x5E, 0x4D, 0xCF, 0x5F, 0x02, 0xE1, 0x21,
    0x47, 0xDC, 0xDB, 0x5B, 0x7C, 0x78, 0xF2, 0xF8, 0xFC, 0xFC, 0x84, 0x3D, 0xAC, 0xFF, 0xEB, 0xF7,
    0x2F, 0xB7, 0xCD, 0xF1, 0xE4, 0x09, 0x07, 0xE9, 0x4B, 0xDB, 0xCE, 0x07, 0x36, 0x9D, 0x3D, 0x32,
    0xBF, 0xF5, 0x32, 0xDF, 0xCF, 0x67, 0xF2, 0xFD, 0x25, 0xFF, 0xFF, 0x2D, 0xDE, 0x3D, 0x59, 0x7C,
    0x29, 0xF6, 0x1A, 0x1F, 0x9E, 0xEC, 0xFA, 0x6F, 0xE7, 0x3B, 0xEC, 0x09, 0xC7, 0xEF, 0xF3, 0xC9,
    0x83, 0x2D, 0xEE, 0x61, 0x9D, 0xDB, 0x7E, 0x3A, 0xDF, 0x21, 0x4F, 0x53, 0xD6, 0x93, 0xEF, 0x1F,
    0xEF, 0x85, 0x4E, 0x9E, 0x44, 0x4F, 0xCE, 0xC7, 0x14, 0x96, 0xAF, 0x9F, 0x42, 0xE7, 0xF8, 0x36,
    0xD5, 0xF2, 0xFD, 0xF5, 0x70, 0x84, 0xFE, 0x3F, 0xC5, 0x96, 0x81, 0x66, 0x2D, 0x31, 0x10, 0x86,
    0x3F, 0x06, 0x60, 0x99, 0x57, 0x59, 0x2E, 0xC0, 0x90, 0x57, 0x1F, 0x0A, 0x50, 0xEE, 0xAB, 0x0C,
    0x05, 0x08, 0x73, 0x93, 0x48, 0x62, 0x7B, 0xB6, 0xF7, 0xA0, 0xD5, 0x76, 0x32, 0xFF, 0x87, 0x95,
    0xC9, 0xF9, 0x27, 0x21, 0x39, 0x64, 0x56, 0x10, 0x2F, 0xDE, 0x20, 0x81, 0x82, 0x6D, 0xD4, 0x8E,
    0x82, 0x6D, 0x04, 0xD8, 0x03, 0xC4, 0x21, 0x1A, 0xC4, 0x1B, 0x0A, 0x0D, 0x15, 0xF5, 0xE2, 0x63,
    0xE1, 0x19, 0xE2, 0x0B, 0x48, 0x00, 0x53, 0xE2, 0xEF, 0x54, 0xFE, 0x82, 0x17, 0xC4, 0x15, 0xC5,
    0xDE, 0x8D, 0x58, 0x43, 0x9A, 0x8E, 0xA6, 0x3F, 0xAF, 0x14, 0x0F, 0x46, 0xD8, 0x54, 0xA9, 0x64,
    0x20, 0x8E, 0x32, 0xA9, 0x60, 0x77, 0x8E, 0x0C, 0x28, 0x99, 0x8D, 0xA3, 0xE2, 0xCE, 0xEB, 0x32,
    0xF7, 0x25, 0x33, 0x24, 0x9D, 0x15, 0xC1, 0x66, 0xBD, 0xF8, 0x89, 0xF7, 0x12, 0x4F, 0xE4, 0x45,
    0x5C, 0xAA, 0xB8, 0xBA, 0x72, 0x1D, 0x76, 0xEB, 0xF7, 0xAD, 0xC9, 0x6E, 0xFD, 0xED, 0xED, 0x52,
    0x2E, 0x7A, 0xF6, 0x9B, 0x43, 0x32, 0xA5, 0xEA, 0xD4, 0x5C, 0x07, 0xB3, 0xD6, 0xAA, 0xD7, 0x2D,
    0x16, 0xEF, 0xE3, 0xD1, 0x57, 0xCC, 0xC6, 0x0C, 0x32, 0x81, 0xEF, 0x73, 0xA3, 0xB9, 0xF6, 0x71,
    0x9D, 0xD3, 0x4E, 0xF1, 0x99, 0xCA, 0x4E, 0xEC, 0x92, 0x31, 0xEA, 0x00, 0xFB, 0x9E, 0x0D, 0xCB,
    0x04, 0x7D, 0x6A, 0xE2, 0xEE, 0x76, 0xCF, 0xF5, 0xB5, 0x02, 0x28, 0x9B, 0x23, 0x8A, 0x43, 0x4E,
    0x97, 0x83, 0x1C, 0x01, 0xB5, 0x53, 0xAC, 0xF3, 0x30, 0xCE, 0x18, 0x69, 0x93, 0x1E, 0xB8, 0x89,
    0xF8, 0xE6, 0xD1, 0xA9, 0xA7, 0xB8, 0xA0, 0xA7, 0xD2, 0xE8, 0x83, 0x2C, 0x1A, 0x47, 0x53, 0xFA,
    0x21, 0xE9, 0xA0, 0x57, 0x07, 0xEA, 0x55, 0x42, 0x5E, 0xF4, 0x30, 0xA9, 0x1A, 0xA6, 0x5E, 0x08,
    0xC5, 0xAE, 0x68, 0x29, 0xFE, 0x80, 0x96, 0x7A, 0x36, 0x88, 0xFF, 0x42, 0x07, 0x33, 0x74, 0xF3,
    0xEB, 0x4D, 0x8C, 0x20, 0x36, 0xB0, 0xCD, 0x7D, 0x4E, 0x25, 0x10, 0x47, 0x40, 0xA2, 0x53, 0x9D,
    0x03, 0x8E, 0x18, 0xB4, 0xCD, 0xD1, 0x65, 0xA3, 0x76, 0xBA, 0xE2, 0x8D, 0xE2, 0x9D, 0xC4, 0xA2,
    0xC0, 0x1B, 0x9D, 0xE5, 0x42, 0x05, 0x83, 0x03, 0xD2, 0x3B, 0x11, 0x1F, 0x02, 0xD0, 0x4F, 0x5C,
    0x1F, 0x3F, 0xEE, 0x78, 0x85, 0xF8, 0xA6, 0x7E, 0xED, 0xDA, 0xFB, 0xBD, 0x1E, 0x32, 0xBF, 0xE0,
    0x5E, 0x33, 0xA0, 0x74, 0x88, 0x97, 0x0E, 0x71, 0x14, 0xBD, 0xC2, 0xA8, 0x60, 0x32, 0xE6, 0x39,
    0x84, 0xB1, 0xA0, 0x13, 0xE2, 0x03, 0xE2, 0x0B, 0x04, 0x4A, 0x43, 0xB6, 0x7C, 0x7C, 0x5A, 0x35,
    0x8A, 0xBC, 0xA4, 0xBC, 0xA2, 0xF1, 0xDF, 0xDB, 0x31, 0xAE, 0xB7, 0xA3, 0xEC, 0xF7, 0xF9, 0x47,
    0x7D, 0x4A, 0x56, 0x3E, 0xE1, 0xF6, 0x27, 0x3C, 0x66, 0x76, 0x48, 0x60, 0xA5, 0xC9, 0x21, 0x3F,
    0x7A, 0x1C, 0xEE, 0x6F, 0xCA, 0xAE, 0xD5, 0x74, 0x2A, 0x41, 0x70, 0x8A, 0xE3, 0x43, 0x01, 0x54,
    0xA0, 0x00, 0xEA, 0x43, 0xEC, 0x8F, 0x86, 0x53, 0x9B, 0x6C, 0x28, 0x08, 0xAA, 0x82, 0xAE, 0x83,
    0x89, 0xA9, 0x12, 0xE2, 0x67, 0xCF, 0x18, 0x65, 0x85, 0xD1, 0x78, 0x23, 0xE3, 0xAB, 0x87, 0x51,
    0x62, 0x55, 0x04, 0x25, 0x33, 0x8D, 0xD0, 0x93, 0x10, 0x17, 0x3F, 0x3E, 0x34, 0x6D, 0x43, 0x4F,
    0x1F, 0xC2, 0x32, 0x7D, 0xAC, 0x52, 0x4E, 0x82, 0x28, 0xF5, 0xF9, 0x3F, 0x84, 0x7F, 0xC5, 0xD8,
    0xC1, 0x6A, 0xEC, 0xC8, 0xCF, 0x05, 0xF0, 0x1F, 0x68, 0x6B, 0xD0, 0xAB, 0x14, 0xDC, 0xAD, 0xC0,
    0xAF, 0x2E, 0xB8, 0xDB, 0x40, 0x5E, 0x45, 0x90, 0xAD, 0xA1, 0xBF, 0x90, 0x18, 0x33, 0x4D, 0xC8,
    0x37, 0x99, 0xE9, 0x3B, 0xFF, 0xB6, 0x4A, 0x87, 0x84, 0x32, 0x65, 0x9F, 0xD3, 0xD2, 0x71, 0xD9,
    0x18, 0xC4, 0x05, 0xDB, 0x05, 0xEB, 0x82, 0x1E, 0xC2, 0x07, 0x14, 0x9B, 0x22, 0x6F, 0x07, 0x4B,
    0x9D, 0xD0, 0x4E, 0x08, 0x4A, 0x51, 0x6E, 0x9D, 0xB7, 0x01, 0x8C, 0x13, 0xF6, 0x57, 0xBD, 0x47,
    0x67, 0xAA, 0x72, 0x8E, 0x31, 0x63, 0x26, 0x66, 0xB6, 0x99, 0x5F, 0x2F, 0x7B, 0x0F, 0x14, 0x65,
    0xD9, 0x6C, 0x96, 0xE8, 0x6D, 0x6D, 0x6B, 0xBD, 0xC3, 0x7E, 0xAC, 0xED, 0x33, 0x00, 0x6D, 0x59,
    0x9A, 0x9C, 0xB5, 0xD9, 0xF2, 0x73, 0xBE, 0xF2, 0x05, 0x10, 0x8D, 0x6C, 0xEC, 0x50, 0x30, 0x08,
    0xE0, 0xFA, 0xF7, 0x40, 0x26, 0x2A, 0x9A, 0xD1, 0xE0, 0x3F, 0x97, 0x27, 0xD9, 0x39, 0x18, 0xD1,
    0x36, 0x10, 0x2D, 0x47, 0x95, 0xC9, 0xE8, 0xF0, 0x73, 0xD9, 0x44, 0x23, 0x06, 0x0E, 0x28, 0x48,
    0x08, 0xCF, 0x67, 0x2B, 0xC9, 0x16, 0xC3, 0x50, 0x6C, 0x0F, 0xB1, 0x5D, 0xB6, 0x58, 0x5B, 0xFF,
    0x7A, 0xCF, 0xAD, 0xD7, 0xFB, 0xB1, 0xCF, 0x3A, 0x0F, 0xB0, 0x09, 0x2F, 0xB1, 0xB6, 0xED, 0xBB,
    0xDA, 0xC8, 0x1E, 0xEA, 0xAD, 0x99, 0xDD, 0xF3, 0xE5, 0xB1, 0x47, 0x7B, 0x7B, 0x15, 0x7D, 0x00,
    0xD1, 0xE4, 0x50, 0xC5, 0xA4, 0xE8, 0xE0, 0xD4, 0x47, 0xEF, 0xA2, 0x53, 0xAA, 0xBB, 0x18, 0x67,
    0xC4, 0x98, 0x6D, 0xBC, 0x4B, 0x65, 0xEF, 0x79, 0x32, 0x31, 0x60, 0x60, 0x1E, 0xAA, 0x6F, 0x8A,
    0xFA, 0x59, 0x5B, 0x2F, 0x7D, 0xD2, 0xCC, 0x44, 0x1C, 0x9E, 0xD7, 0xD1, 0x1D, 0x26, 0x55, 0xC9,
    0xF9, 0xC3, 0xED, 0xFC, 0x95, 0xE5, 0x73, 0x3A, 0xF9, 0x5F, 0xB3, 0x0C, 0xFA, 0x75, 0xDB, 0x27,
    0x7C, 0xD3, 0xC6, 0xAD, 0xC3, 0x5A, 0xD9, 0x3F, 0x69, 0xE3, 0xA7, 0xCA, 0xF2, 0xB5, 0x83, 0x3B,
    0x98, 0xA4, 0x8A, 0x9C, 0x07, 0xBA, 0xF7, 0x49, 0x7C, 0x80, 0x81, 0xF9, 0xF7, 0x65, 0x4C, 0x51,
    0xDC, 0x6E, 0xB7, 0x96, 0xA2, 0xE5, 0x75, 0xB9, 0x13, 0x9C, 0x30, 0x81, 0xDB, 0x8D, 0xE8, 0xED,
    0x02, 0x27, 0x24, 0x24, 0xDB, 0x05, 0x65, 0x17, 0xE3, 0x7D, 0xE1, 0x01, 0x77, 0x67, 0x8F, 0xA9,
    0xE8, 0x4A, 0x93, 0xD1, 0x55, 0xF6, 0x71, 0x30, 0xE7, 0xE8, 0x23, 0xE5, 0x80, 0x61, 0x04, 0xAD,
    0xC3, 0x7E, 0x2C, 0xCB, 0xB2, 0xCF, 0x72, 0xFE, 0x75, 0xE0, 0x9A, 0x87, 0x9C, 0x73, 0x2B, 0x62,
    0x59, 0x5B, 0x0E, 0x70, 0x24, 0xF1, 0x5A, 0x64, 0x0C, 0xF8, 0xCF, 0x19, 0x1F, 0x19, 0xAF, 0x95,
    0x31, 0xFE, 0x09, 0xDD, 0x82, 0x03, 0x31, 0x77, 0x97, 0x59, 0x00, 0x12, 0xF6, 0xC6, 0x0C, 0xD1,
    0x45, 0xDA, 0xFE, 0x27, 0x94, 0x7E, 0xB6, 0x21, 0xFA, 0x39, 0xDB, 0x82, 0x1D, 0xF2, 0xBA, 0x03,
    0x03, 0xEB, 0xF9, 0x6C, 0x7D, 0xB5, 0xD1, 0x87, 0xD8, 0xAE, 0xD8, 0xB6, 0x97, 0xB5, 0xBE, 0xAB,
    0x60, 0xCB, 0x16, 0xDB, 0x36, 0x6B, 0xFD, 0xA8, 0x82, 0x9F, 0x2F, 0xCF, 0x8F, 0x37, 0x44, 0x39,
    0x4C, 0x89, 0x2E, 0x69, 0x64, 0xB4, 0x2A, 0xF6, 0xE1, 0xC0, 0x5C, 0xD9, 0x8E, 0x24, 0xE7, 0xD9,
    0xC4, 0x70, 0x9D, 0xFD, 0x50, 0x7D, 0x33, 0xCC, 0xF5, 0x16, 0x94, 0x87, 0xBE, 0x8F, 0x3C, 0xB8,
    0xB7, 0xAF, 0xF8, 0x3A, 0xCF, 0x7E, 0x88, 0x3E, 0xE9, 0x5E, 0xA3, 0x28, 0xE6, 0x1A, 0xA2, 0xAF,
    0x21, 0xB9, 0x0D, 0x24, 0x89, 0x31, 0x00, 0x7B, 0xC7, 0x7B, 0xA4, 0xCF, 0xA8, 0x33, 0xC6, 0x8E,
    0x52, 0xC8, 0x03, 0xF3, 0xB9, 0xD0, 0xA1, 0x28, 0x07, 0x47, 0x34, 0xFB, 0x07, 0x24, 0x8E, 0x44,
    0x15, 0x66, 0xBF, 0x87, 0x83, 0xE8, 0x62, 0xB7, 0x53, 0xB2, 0x8D, 0xE8, 0xC4, 0x3E, 0xBE, 0xA8,
    0xBB, 0xCF, 0x87, 0x90, 0x59, 0x7F, 0x19, 0xA3, 0x3E, 0xC6, 0x4C, 0xF4, 0x94, 0xFD, 0xEB, 0x83,
    0x40, 0xCE, 0xDA, 0xEE, 0x23, 0x87, 0x7B, 0x2D, 0x73, 0xEE, 0xE7, 0xBF, 0x3C, 0x94, 0xB3, 0x91,
    0x50, 0xD0, 0x00, 0x0A, 0x6E, 0x88, 0xDF, 0x4D, 0x1A, 0xCA, 0x82, 0xFF, 0x5E, 0x9E, 0x1F, 0x59,
    0xEC, 0xCF, 0x65, 0x1B, 0x38, 0x60, 0x87, 0xBC, 0xD4, 0xD7, 0xCF, 0x67, 0xFB, 0xD5, 0x62, 0x1F,
    0x60, 0x7B, 0x59, 0xEC, 0xB7, 0xB5, 0xF1, 0xC5, 0x62, 0xBF, 0xD4, 0xCE, 0x14, 0x59, 0x43, 0xE5,
    0xF3, 0xE5, 0xF1, 0xF3, 0x77, 0xCE, 0x39, 0xED, 0x35, 0x95, 0xFB, 0x1C, 0x75, 0xE6, 0x98, 0x68,
    0x53, 0xEC, 0xF3, 0x5C, 0x62, 0x3F, 0xB0, 0xD8, 0x7F, 0x68, 0x0B, 0x50, 0xE0, 0x80, 0x98, 0x6B,
    0x7D, 0x09, 0x16, 0x00, 0x18, 0xF2, 0x88, 0x61, 0xE2, 0xF7, 0x88, 0x76, 0x8C, 0xA2, 0xDA, 0xC1,
    0x4D, 0x34, 0xF9, 0x81, 0xBB, 0xC4, 0x21, 0x51, 0x0A, 0x63, 0xFF, 0x82, 0x07, 0xD1, 0x8A, 0x9D,
    0x9D, 0x22, 0xDB, 0x38, 0x09, 0xDB, 0xE7, 0xA2, 0x9B, 0xCD, 0x8E, 0xC2, 0x10, 0x00, 0xC6, 0xFE,
    0x36, 0xD1, 0xBF, 0x26, 0xE5, 0xFC, 0xD3, 0xDF, 0xD0, 0x0E, 0xB2, 0x5D, 0xAC, 0x0D, 0x58, 0xCF,
    0x66, 0x9D, 0xC8, 0x26, 0x06, 0x83, 0xC2, 0xF6, 0x10, 0xEB, 0xA0, 0xBD, 0x44, 0xE4, 0xEF, 0x55,
    0xEB, 0xEE, 0xC8, 0xBE, 0x7B, 0x04, 0x6C, 0xAE, 0x73, 0xEE, 0xE7, 0x1D, 0x89, 0x78, 0x2D, 0x64,
    0xCC, 0xD3, 0x35, 0xEA, 0x51, 0x6F, 0x6D, 0xF6, 0x07, 0x74, 0x79, 0x66, 0x65, 0x83, 0xE8, 0x0B,
    0x1F, 0x65, 0x60, 0xC8, 0x9B, 0x3C, 0x0C, 0xFD, 0x01, 0xD1, 0xC2, 0x3D, 0xB8, 0x76, 0x70, 0x8A,
    0xE5, 0x1E, 0x0C, 0xED, 0x84, 0xA0, 0x04, 0xBB, 0x83, 0xB8, 0x01, 0x48, 0x57, 0x89, 0xC6, 0x15,
    0xE9, 0xAF, 0x71, 0x53, 0x51, 0x9F, 0xB9, 0x7D, 0xE6, 0x31, 0x6F, 0x76, 0x05, 0x14, 0xEA, 0xAA,
    0x38, 0x6B, 0xFB, 0xFB, 0x6D, 0xC9, 0x35, 0x77, 0xFF, 0x29, 0x3C, 0xC1, 0x0E, 0x0E, 0x70, 0x99,
    0x18, 0x1B, 0x70, 0x49, 0x9D, 0x37, 0x79, 0x6B, 0xC3, 0xEB, 0x07, 0xFE, 0xFE, 0x10, 0xE8, 0x53,
    0x97, 0xED, 0x03, 0x9D, 0x98, 0x6C, 0x4E, 0x2C, 0x16, 0x5F, 0x71, 0x68, 0x17, 0x06, 0x4A, 0x38,
    0xE5, 0x12, 0x37, 0x7F, 0xEF, 0x5F, 0x95, 0x1D, 0x47, 0xB4, 0xF7, 0x8C, 0x49, 0xB9, 0x52, 0xF6,
    0xB7, 0x0A, 0xF6, 0xA9, 0xE0, 0xCF, 0xED, 0xEB, 0x29, 0xAC, 0xBF, 0xF7, 0xAF, 0x07, 0x58, 0x5F,
    0xFE, 0xB5, 0x7E, 0xFD, 0xAD, 0x7F, 0xDD, 0x9F, 0x33, 0xB9, 0x80, 0x3D, 0x1A, 0x6F, 0xAF, 0x88,
    0x3E, 0x9E, 0xAF, 0xD1, 0xE5, 0x5F, 0x8F, 0xE8, 0xF2, 0xC4, 0xCA, 0x06, 0x79, 0xE1, 0x43, 0x0C,
    0x14, 0x57, 0xEE, 0xC8, 0x26, 0x1A, 0x83, 0x05, 0x6E, 0x93, 0x47, 0x32, 0x49, 0xA7, 0x90, 0x42,
    0xF4, 0x26, 0x7A, 0x89, 0x6E, 0xDE, 0x70, 0x60, 0x5C, 0x19, 0x7D, 0x9F, 0x89, 0xDB, 0xFC, 0xFF,
    0xD7, 0xC9, 0x89, 0x36, 0x5A, 0xB9, 0x52, 0x86, 0xCF, 0xDC, 0x3E, 0x33, 0xFE, 0xBA, 0x38, 0x12,
    0x1B, 0x16, 0x9A, 0x1B, 0x8E, 0x3F, 0x7D, 0xCF, 0x48, 0xE4, 0x1F, 0xBD, 0xC7, 0xBB, 0x75, 0xAF,
    0x97, 0xEE, 0x15, 0x2B, 0xB6, 0xF7, 0x23, 0x96, 0xBE, 0xE2, 0x5B, 0x47, 0xDE, 0x2A, 0x5E, 0x6C,
    0xB6, 0xBC, 0xFF, 0x5A, 0xFC, 0xA7, 0xF9, 0xDF, 0xAF, 0xFD, 0x47, 0x35, 0xF8, 0x3F, 0x9D, 0x96,
    0x41, 0xEA, 0xF3, 0x3A, 0x0C, 0xC4, 0x07, 0xB4, 0x1D, 0xD0, 0x55, 0x04, 0xDE, 0x1A, 0x7C, 0x75,
    0x81, 0xB7, 0x86, 0x5E, 0x45, 0xD0, 0xAD, 0xC1, 0xCF, 0xA2, 0x29, 0x69, 0x69, 0xDB, 0xFF, 0xD7,
    0xF7, 0x53, 0xE4, 0x91, 0xEC, 0x4E, 0x62, 0x42, 0x4A, 0x82, 0x07, 0xC6, 0x66, 0x8B, 0xF4, 0x69,
    0x06, 0x5A, 0x71, 0x2B, 0x06, 0x2F, 0xA5, 0xA3, 0x86, 0xCC, 0xDD, 0xE7, 0x22, 0xD1, 0xFB, 0x80,
    0x4B, 0xB5, 0xDE, 0x69, 0x2E, 0x54, 0xC9, 0xF9, 0xB2, 0xF9, 0xDB, 0x9F, 0x98, 0x38, 0x0C, 0xE0,
    0x56, 0x6E, 0x15, 0x7F, 0xF1, 0x67, 0x9F, 0x1A, 0x8D, 0x34, 0xBB, 0xB4, 0xAD, 0xC3, 0x0A, 0x75,
    0xD9, 0xE0, 0xB9, 0x7E, 0xEA, 0x27, 0xFF, 0x22, 0x69, 0x43, 0xDB, 0xD6, 0x51, 0x48, 0x8D, 0xCB,
    0x77, 0x7F, 0x9B, 0x2B, 0x32, 0xD7, 0x7A, 0xC9, 0x8F, 0x82, 0x04, 0x62, 0xEF, 0x03, 0x5F, 0x58,
    0x2B, 0x93, 0x16, 0x73, 0x46, 0x9D, 0xB3, 0x9A, 0xDF, 0xC6, 0xEC, 0x8D, 0x84, 0x9B, 0x20, 0x14,
    0x53, 0x7D, 0x1F, 0xBB, 0xA8, 0xE2, 0xB7, 0xBA, 0x4A, 0x2E, 0x39, 0x5F, 0x67, 0x9E, 0x7E, 0x6F,
    0x02, 0xC2, 0xA1, 0x38, 0x8E, 0x7A, 0x1C, 0xAD, 0xCD, 0xDC, 0xB7, 0x03, 0x01, 0xF1, 0xF3, 0x50,
    0xBC, 0xFE, 0x16, 0x01, 0x78, 0x1E, 0x9B, 0x38, 0x53, 0xFC, 0x9E, 0x90, 0xB5, 0x5C, 0x5B, 0x4B,
    0xD7, 0x2D, 0xEB, 0x63, 0x9E, 0x96, 0xB9, 0x02, 0x6B, 0xA7, 0xE0, 0xB4, 0x2B, 0x1E, 0x32, 0x72,
    0x5B, 0x49, 0x9B, 0x1A, 0x78, 0x80, 0x50, 0xA8, 0x6B, 0xEC, 0x04, 0xF1, 0x1D, 0x71, 0x71, 0x7C,
    0x41, 0xAB, 0xD6, 0xD4, 0x0A, 0x85, 0xF8, 0x44, 0x83, 0x7A, 0x64, 0xF7, 0xE7, 0xB9, 0x9E, 0x9E,
    0x2D, 0x6E, 0xE5, 0x83, 0x6A, 0x88, 0xA7, 0x5C, 0xAE, 0xD7, 0xA0, 0x50, 0xF5, 0x7A, 0xF5, 0x21,
    0x68, 0x7A, 0x7D, 0xFF, 0x6C, 0xAA, 0x8B, 0xD3, 0x52, 0xCF, 0xF3, 0xFC, 0xE0, 0x4F, 0x0D, 0xED,
    0xD3, 0x58, 0x0E, 0xED, 0xB2, 0x46, 0x99, 0xBF, 0xFD, 0x37, 0x64, 0xDA, 0x10, 0x49, 0x2D, 0x14,
    0x89, 0xCB, 0xF5, 0x37, 0x7F, 0x5E, 0x77, 0x94, 0xED, 0x2F, 0xF7, 0x7D, 0xE0, 0x17, 0x7F, 0xA8,
    0xC7, 0xF6, 0xE9, 0xF6, 0xD1, 0xD8, 0x75, 0x0D, 0x8B, 0xDF, 0xF6, 0x8F, 0xB0, 0x21, 0xBA, 0x28,
    0x2C, 0x14, 0x8D, 0x4B, 0x7C, 0xF5, 0xE3, 0x2F, 0x16, 0x08, 0x40, 0xBA, 0xDB, 0x16, 0x45, 0xA4,
    0x54, 0x71, 0x47, 0x4A, 0xC7, 0x8B, 0x84, 0x32, 0xA5, 0x56, 0x4B, 0xD1, 0xD8, 0x92, 0xF8, 0x42,
    0x73, 0xA0, 0x77, 0x8F, 0x80, 0x28, 0xAE, 0x5E, 0xEF, 0xC2, 0x2A, 0x17, 0xC4, 0x5D, 0xEC, 0x49,
    0xBC, 0x56, 0x55, 0xC0, 0x35, 0x64, 0xE2, 0x8E, 0x61, 0xEC, 0xB0, 0xD0, 0x74, 0x8D, 0xB2, 0xE1,
    0xC0, 0x23, 0x21, 0x2E, 0x20, 0x3E, 0xA1, 0x5A, 0xAB, 0x99, 0xFB, 0xC7, 0xF5, 0xD5, 0x66, 0xB1,
    0xF1, 0x79, 0x1D, 0xE2, 0x70, 0x18, 0x3E, 0x10, 0x51, 0x2B, 0x29, 0x82, 0x0F, 0xAC, 0x68, 0x93,
    0x43, 0x0A, 0xFE, 0x19, 0x01, 0xDD, 0x0C, 0x86, 0x50, 0x54, 0x44, 0xC6, 0x56, 0xCD, 0x79, 0x68,
    0xAA, 0x23, 0xEE, 0x6B, 0x8E, 0x13, 0xEB, 0xA4, 0x98, 0x75, 0x31, 0xD2, 0x3A, 0xF0, 0x0C, 0xED,
    0x31, 0x6E, 0x3D, 0x1E, 0xD0, 0xB0, 0x61, 0x03, 0x03, 0x01, 0xDF, 0x81, 0x63, 0x44, 0x9B, 0xF8,
    0xDF, 0x18, 0x35, 0x34, 0x8C, 0xF8, 0x15, 0xC2, 0xE0, 0xC7, 0x7D, 0x78, 0xC4, 0x25, 0xE0, 0x00,
    0xD9, 0x1A, 0x89, 0xB7, 0xE4, 0x15, 0xF1, 0x8C, 0xA5, 0xF3, 0x96, 0xB2, 0x85, 0x99, 0xEF, 0xA7,
    0xED, 0x9C, 0x16, 0xBC, 0x9D, 0xBE, 0x33, 0xE1, 0x47, 0x64, 0x75, 0xD6, 0x07, 0x0D, 0x72, 0xC4,
    0xAE, 0xCE, 0xFA, 0xB4, 0x4F, 0xD9, 0x90, 0x11, 0x9E, 0x38, 0x36, 0x39, 0xDE, 0x69, 0xC4, 0xC0,
    0x10, 0x56, 0x1A, 0x33, 0xB0, 0xC9, 0xF1, 0x4E, 0x09, 0xCB, 0x79, 0x2B, 0x5E, 0x90, 0x91, 0xE4,
    0xF8, 0x4C, 0x9B, 0xE0, 0x11, 0x76, 0x8F, 0xF3, 0xB9, 0x2C, 0xB3, 0x64, 0x44, 0xC1, 0x19, 0x27,
    0x32, 0x75, 0x64, 0xC8, 0xC4, 0x5B, 0x9A, 0x97, 0xC8, 0x68, 0x8E, 0x6F, 0xB8, 0x75, 0x0E, 0x09,
    0x0E, 0xEB, 0xF0, 0x8F, 0x6F, 0x97, 0xAC, 0x20, 0x80, 0x3F, 0x3C, 0x8D, 0x34, 0x02, 0x49, 0x56,
    0x1A, 0x1F, 0xCF, 0xF9, 0xE1, 0x1A, 0x95, 0x95, 0x30, 0x38, 0x5C, 0x20, 0x20, 0xAC, 0x5A, 0xC5,
    0x5B, 0x9A, 0xF8, 0xC4, 0x3F, 0xF1, 0xF8, 0x2C, 0x77, 0x16, 0x53, 0x5F, 0x53, 0xBD, 0x58, 0x27,
    0xDE, 0x53, 0x51, 0x8F, 0xE1, 0x90, 0x57, 0x74, 0x53, 0x37, 0xB6, 0xF1, 0x0D, 0x7E, 0xE0, 0x76,
    0xFF, 0xD2, 0x7D, 0xD4, 0x4F, 0x3C, 0xAF, 0x64, 0xFD, 0xE2, 0xFD, 0xD8, 0x9F, 0xDD, 0xE9, 0x7B,
    0xBD, 0x42, 0x31, 0x41, 0x0B, 0xD9, 0xFA, 0x61, 0x6F, 0x2F, 0x7A, 0x22, 0x1F, 0xC6, 0xBF, 0x78,
    0x7E, 0x07, 0x9E, 0x3A, 0x08, 0x27, 0xD1, 0xF7, 0xAA, 0x6B, 0xF5, 0x3E, 0xD8, 0xBE, 0xBF, 0x43,
    0x03, 0x10, 0x40, 0x3A, 0xDC, 0x05, 0xDE, 0xBB, 0xC0, 0x44, 0x50, 0x52, 0xDB, 0x35, 0xF5, 0xE8,
    0xE1, 0x5E, 0xE1, 0xFD, 0xC3, 0x3B, 0xF8, 0x59, 0x8D, 0xE7, 0xF7, 0x7C, 0xAA, 0xF1, 0xFB, 0x3B,
    0xFC, 0xBB, 0xE6, 0x20, 0x9E, 0xC5, 0xD6, 0xFE, 0xCD, 0x2F, 0x5B, 0xE5, 0xD0, 0x35, 0x9F, 0x7B,
    0x79, 0xFD, 0x06, 0x68, 0x6B, 0xCD, 0x2A, 0x31, 0xDB, 0xF5, 0x52, 0xAB, 0xEC, 0x5C, 0xA9, 0x31,
    0xF7, 0xFC, 0x2D, 0xD5, 0x73, 0x6E, 0xD6, 0xD4, 0xEB, 0xAA, 0xD9, 0xE7, 0xFC, 0xBB, 0xFB, 0x3F,
    0xB4, 0x07, 0x69, 0x7D, 0xA8, 0x3B, 0xE9, 0xFD, 0x32, 0xCA, 0x4F, 0xDF, 0x30, 0x97, 0x2E, 0xC1,
    0x82, 0x7E, 0xE9, 0x70, 0x76, 0xF4, 0x51, 0xAE, 0x3F, 0xFA, 0xAF, 0x41, 0xA6, 0xDF, 0x9D, 0xB0,
    0x9E, 0xFB, 0xF9, 0xF1, 0x1B, 0x2E, 0x6C, 0x58, 0x5F, 0x34, 0x37, 0x5A, 0x8F, 0x5F, 0xFC, 0x2D,
    0x9E, 0xEF, 0x73, 0xF6, 0xD9, 0xCE, 0xD6, 0x07, 0x1C, 0x12, 0x4D, 0x9C, 0x70, 0x8D, 0xF5, 0xF9,
    0x1B, 0xD8, 0xEC, 0xE6, 0x4B, 0x35, 0xFB, 0xD1, 0x3F, 0xB7, 0x66, 0xE5, 0xA9, 0x47, 0xBF, 0xA5,
    0xAF, 0x1A, 0x05, 0xDE, 0xAE, 0xB3, 0x6D, 0x15, 0x2B, 0x58, 0x6F, 0xFD, 0x12, 0xE2, 0xE4, 0xCD,
    0x97, 0x4A, 0xFE, 0xE4, 0x27, 0x9B, 0x5C, 0xE8, 0xCE, 0xB1, 0xFA, 0xA8, 0x5B, 0xE9, 0xDD, 0xD3,
    0x1F, 0xAD, 0x0F, 0x3A, 0x72, 0x7D, 0x9C, 0xFB, 0xFF, 0xE2, 0xF7, 0xC3, 0xDF, 0xE4, 0x2F, 0xFF,
    0x7F, 0xDD, 0x93, 0x81, 0x06, 0x33, 0x41, 0x0C, 0x84, 0x87, 0x00, 0x2C, 0xFB, 0x2A, 0x43, 0x01,
    0x96, 0xBC, 0xFA, 0xD0, 0x07, 0xE8, 0xAB, 0x84, 0x02, 0x2C, 0xFB, 0x5F, 0x84, 0xA2, 0xB7, 0x77,
    0xFC, 0xE5, 0x87, 0xFF, 0x9B, 0xEE, 0x66, 0x65, 0x12, 0x2A, 0x72, 0x40, 0x62, 0x6A, 0x64, 0x4B,
    0x35, 0x9A, 0x70, 0xC2, 0x00, 0x74, 0x58, 0x0A, 0x1E, 0xF8, 0xC2, 0xD7, 0x9A, 0xC3, 0x62, 0xFA,
    0xFB, 0x35, 0x86, 0x1D, 0x67, 0x65, 0x8C, 0x99, 0xF9, 0xF2, 0x34, 0xFC, 0xBD, 0x86, 0xBF, 0x8E,
    0xE8, 0xAF, 0xE9, 0xAE, 0x91, 0xF9, 0xBF, 0xE8, 0x9F, 0xD5, 0x1F, 0xC3, 0xFD, 0x88, 0xAE, 0xF9,
    0xE9, 0x2F, 0xC2, 0xD8, 0x48, 0xFA, 0x04, 0x0F, 0x9D, 0xF0, 0xC8, 0xB4, 0x2B, 0x5D, 0x17, 0x4E,
    0x98, 0x1A, 0xD2, 0xE7, 0x41, 0xD7, 0xAE, 0x1F, 0x84, 0x20, 0x43, 0xEA, 0x4C, 0x57, 0x75, 0xD6,
    0x7D, 0xE9, 0x07, 0x08, 0x75, 0xEC, 0xA8, 0xC9, 0xE6, 0x7D, 0x8D, 0x07, 0xEE, 0xDD, 0xAB, 0x1A,
    0xD6, 0x3F, 0x2F, 0x41, 0xDF, 0x13, 0x6A, 0x95, 0x55, 0xC9, 0xD0, 0xB0, 0xE3, 0xA1, 0xC1, 0x02,
    0x7B, 0xF6, 0x9B, 0x34, 0x6C, 0x62, 0x20, 0x4A, 0xA6, 0xD4, 0x0A, 0xB8, 0xA0, 0x00, 0x06, 0x10,
    0x30, 0xA1, 0xE7, 0xB3, 0xA2, 0x2F, 0xAD, 0x05, 0x2C, 0x98, 0x09, 0xA6, 0xCC, 0x57, 0x61, 0xD6,
    0xE4, 0x4F, 0x81, 0x09, 0x14, 0xFF, 0xD3, 0x06, 0xFC, 0xD3, 0x1D, 0xF8, 0x7D, 0x03, 0x54, 0x3A,
    0xBD, 0xB7, 0x33, 0x00, 0x7B, 0xF0, 0x38, 0x57, 0x3E, 0xE9, 0x41, 0xDC, 0xF9, 0xFB, 0xF9, 0x15,
    0x64, 0x93, 0xA1, 0x89, 0xC4, 0x16, 0x17, 0xE8, 0xB1, 0xEF, 0x27, 0x78, 0xBB, 0xC1, 0x2D, 0xC5,
    0xA6, 0x8E, 0xA6, 0xB6, 0xF1, 0x3B, 0xEC, 0x23, 0x0F, 0x6C, 0xF1, 0xC1, 0x67, 0x09, 0x3F, 0x7C,
    0x41, 0xE5, 0x0F, 0x3E, 0x44, 0x10, 0x3B, 0x7A, 0xCE, 0x4E, 0xA0, 0xEB, 0x7A, 0x77, 0x52, 0x08,
    0x5C, 0xA2, 0xF6, 0x6C, 0x0F, 0x36, 0x01, 0xB7, 0x33, 0xC6, 0x15, 0x3D, 0x20, 0x3B, 0xEE, 0x3F,
    0xA5, 0x91, 0x41, 0x8A, 0x05, 0x3B, 0x0B, 0x85, 0x0F, 0x64, 0x2A, 0xB8, 0x15, 0x21, 0x53, 0x21,
    0x5B, 0x17, 0x7A, 0x5A, 0xD0, 0x5B, 0x11, 0xEE, 0x54, 0xF0, 0x8F, 0x49, 0xE5, 0x7F, 0xD5, 0xB7,
    0xDF, 0xE4, 0xF6, 0x3B, 0x07, 0xBF, 0x24, 0x86, 0x68, 0x51, 0xE2, 0x16, 0xBB, 0x40, 0xD0, 0xA3,
    0xA3, 0x83, 0xBD, 0x61, 0x3A, 0xF0, 0xD4, 0xC5, 0x21, 0x57, 0x97, 0x2E, 0x6A, 0x6A, 0x83, 0xBA,
    0x37, 0x3C, 0xD5, 0x9C, 0x48, 0x48, 0xD0, 0xB5, 0xDB, 0xAA, 0x41, 0xCD, 0xF1, 0x10, 0x27, 0xA1,
    0xCC, 0x51, 0x4C, 0x2F, 0xFE, 0x50, 0x54, 0xCF, 0x11, 0x3B, 0x1A, 0x38, 0xF4, 0x34, 0x10, 0x1C,
    0x18, 0xD8, 0xE2, 0xCB, 0xDB, 0x17, 0x93, 0xB6, 0x8B, 0x45, 0xD9, 0x06, 0x9C, 0xA1, 0x4F, 0x28,
    0xBC, 0xD9, 0x03, 0x6D, 0xC2, 0x9B, 0xB1, 0x38, 0x5B, 0x33, 0xD0, 0xCF, 0x92, 0xC3, 0x30, 0x1C,
    0xCD, 0xD0, 0x80, 0xE6, 0x45, 0x36, 0x10, 0x40, 0xBE, 0xA8, 0x93, 0x59, 0x72, 0x88, 0x42, 0x00,
    0xE1, 0xA2, 0x31, 0xEC, 0xE4, 0x0D, 0x6E, 0xD8, 0x6C, 0xC0, 0x0B, 0xC5, 0xF1, 0x20, 0x03, 0x0A,
    0x10, 0x90, 0x56, 0x3C, 0x52, 0xEB, 0xD6, 0xB3, 0xBB, 0xBA, 0x5C, 0xF2, 0xB5, 0x1C, 0x78, 0x68,
    0x40, 0x4C, 0xBE, 0xC5, 0x87, 0x74, 0xE9, 0xF4, 0xCF, 0x7D, 0xFA, 0x88, 0x96, 0x8C, 0x66, 0xD0,
    0x45, 0x79, 0xD0, 0x36, 0x67, 0xD4, 0x08, 0xAD, 0x2D, 0x92, 0xD3, 0xCD, 0x5C, 0x6A, 0x26, 0x2E,
    0x80, 0x9B, 0x1E, 0xE2, 0x05, 0xB5, 0xC3, 0xC0, 0x00, 0xE0, 0x50, 0x00, 0xF2, 0x3E, 0xA5, 0x24,
    0xBB, 0xFE, 0x2F, 0xFA, 0x7E, 0x8E, 0x98, 0x90, 0x20, 0xBE, 0x44, 0x85, 0x6E, 0x2B, 0x5F, 0xC0,
    0x08, 0xA0, 0xA5, 0x01, 0x0A, 0x07, 0x1C, 0x02, 0x06, 0xAC, 0x00, 0xE8, 0xC1, 0xC8, 0x58, 0x3D,
    0x6F, 0x34, 0x03, 0x90, 0x69, 0xCF, 0x1C, 0xE3, 0x5C, 0x4C, 0x18, 0xE0, 0x0D, 0x40, 0xAC, 0x1B,
    0x43, 0xB5, 0xE1, 0xB4, 0xBA, 0x0A, 0x4C, 0x36, 0x07, 0x78, 0xBA, 0xA8, 0x8B, 0x5E, 0x5C, 0xCF,
    0x75, 0x77, 0xAD, 0x44, 0x46, 0x56, 0x97, 0xD7, 0x6E, 0x12, 0x8B, 0x63, 0x75, 0xD8, 0x64, 0x3B,
    0x3C, 0x25, 0x8B, 0xE9, 0x23, 0x0D, 0x47, 0x23, 0x61, 0xD3, 0xC1, 0x3B, 0xB6, 0xDF, 0xE7, 0xB8,
    0x1D, 0xF2, 0x9A, 0x8E, 0x21, 0x28, 0xDF, 0x62, 0x93, 0x25, 0xB2, 0x66, 0x5D, 0x54, 0x94, 0x84,
    0x20, 0xBB, 0xC6, 0x70, 0xA1, 0xCC, 0x1D, 0x73, 0x8F, 0xE3, 0xA3, 0x36, 0xCD, 0xDE, 0x69, 0x1A,
    0xD3, 0xBA, 0x76, 0xCA, 0x57, 0xE5, 0x8F, 0x9A, 0xD5, 0x28, 0x4E, 0x95, 0x6D, 0x3C, 0xC4, 0x2E,
    0x84, 0xE9, 0x4C, 0x46, 0xA6, 0x40, 0x88, 0xFD, 0xDF, 0xEB, 0x97, 0x6B, 0xCF, 0xFE, 0xAC, 0x4F,
    0x56, 0x1E, 0x51, 0x5C, 0xFE, 0x22, 0x7D, 0xAF, 0x2F, 0x44, 0x68, 0x06, 0xE9, 0x74, 0x4D, 0xA5,
    0x5F, 0x76, 0x19, 0x1E, 0xCA, 0xA8, 0x68, 0x38, 0xFE, 0xA5, 0xCC, 0x7B, 0xF6, 0x52, 0xFB, 0xBD,
    0xC2, 0x80, 0xB3, 0x25, 0x60, 0x3F, 0xB3, 0x3B, 0x71, 0x44, 0x65, 0x63, 0x28, 0xAE, 0x22, 0x5D,
    0x44, 0xC2, 0x86, 0x87, 0x04, 0x17, 0xD2, 0x67, 0x9A, 0xBA, 0x84, 0x09, 0xE4, 0xED, 0xFE, 0xF1,
    0x27, 0xAC, 0xCB, 0x36, 0x1E, 0x62, 0xA7, 0xA5, 0xE1, 0x84, 0x8A, 0xF2, 0x11, 0xD9, 0xF0, 0x6B,
    0xC9, 0xB0, 0x2D, 0x20, 0x64, 0x3C, 0xFF, 0x5D, 0xBA, 0x50, 0x79, 0xAC, 0xB5, 0x9C, 0x5E, 0xF9,
    0x9F, 0xFF, 0x4F, 0x30, 0x4D, 0x7B, 0x36, 0x23, 0xDE, 0xBE, 0x4C, 0x96, 0x47, 0xF3, 0x31, 0x1A,
    0x82, 0xE1, 0x78, 0x53, 0x13, 0x58, 0x17, 0xC2, 0x0B, 0xBF, 0x95, 0x10, 0x13, 0xC9, 0x10, 0xB9,
    0x69, 0x89, 0x5F, 0xF3, 0x43, 0x39, 0x43, 0xC0, 0x80, 0x67, 0xE0, 0xD6, 0xC8, 0x0C, 0x6D, 0x1E,
    0xE3, 0xF5, 0xAD, 0xDA, 0x66, 0xE4, 0x8C, 0x3A, 0x67, 0xEE, 0x68, 0x56, 0xB9, 0xD0, 0xAC, 0x35,
    0xB5, 0xCE, 0x23, 0x3F, 0x79, 0xEF, 0x71, 0xBF, 0xAF, 0x55, 0xC7, 0xBA, 0xFB, 0xB4, 0x7F, 0xCE,
    0x88, 0xD0, 0x7C, 0xCD, 0xF3, 0x8C, 0x8F, 0xFB, 0x57, 0xDE, 0x4F, 0xFF, 0xBF, 0xBE, 0x9F, 0x91,
    0x7F, 0xFC, 0xFE, 0xCA, 0xEF, 0x75, 0xB4, 0x19, 0x9F, 0xBD, 0xBF, 0xFB, 0x9F, 0xFF, 0x67, 0x9F,
    0x7E, 0x7F, 0xE5, 0xE2, 0x44, 0x9D, 0xFF, 0xD2, 0xBF, 0xE2, 0x6F, 0xFD, 0x4D, 0x1F, 0xF3, 0x5F,
    0xE7, 0xFF, 0xF6, 0x7E, 0xC6, 0xFD, 0xFE, 0x7F, 0x95, 0x96, 0x41, 0x8A, 0x63, 0x3D, 0x0C, 0x84,
    0x0B, 0xB4, 0x2D, 0x78, 0x57, 0x29, 0xF0, 0xD6, 0xE0, 0xAB, 0x0B, 0xB2, 0x35, 0xCC, 0x55, 0x0C,
    0xB3, 0x35, 0xE8, 0x8F, 0xE9, 0xA6, 0xFF, 0x88, 0x28, 0xE9, 0xC9, 0x57, 0x18, 0xC7, 0x11, 0x92,
    0x5F, 0x64, 0x59, 0x79, 0x48, 0x18, 0x88, 0x11, 0x84, 0x21, 0xE1, 0xB6, 0x38, 0xE1, 0xA5, 0x32,
    0x0E, 0xC5, 0x86, 0x1E, 0xBE, 0xF7, 0x4A, 0x9C, 0xB6, 0xE0, 0x78, 0x82, 0x12, 0x23, 0x44, 0xAA,
    0xDE, 0xFF, 0x9D, 0xFF, 0xF0, 0x8E, 0x06, 0x39, 0x04, 0xA2, 0xC0, 0x36, 0x3A, 0xA6, 0x91, 0x10,
    0x2A, 0x04, 0xC2, 0x88, 0x89, 0x6E, 0x1B, 0x35, 0x84, 0xE4, 0x0D, 0x1D, 0xC3, 0xCB, 0x00, 0x32,
    0x51, 0x23, 0x28, 0x13, 0x8E, 0x12, 0x3C, 0x72, 0x2A, 0x36, 0x45, 0x3F, 0xAB, 0x77, 0x5C, 0x7E,
    0x1F, 0xB0, 0x45, 0x27, 0x21, 0xD9, 0xF9, 0xE2, 0x33, 0x6C, 0x5D, 0x8E, 0x25, 0x99, 0x9C, 0x3C,
    0x4B, 0xFC, 0x0E, 0x25, 0x8F, 0x90, 0xD7, 0xF9, 0x2F, 0xAB, 0x20, 0x41, 0x19, 0x23, 0x8C, 0x0F,
    0xFE, 0x2F, 0xCE, 0xBE, 0xAE, 0x00, 0x33, 0x72, 0x2C, 0xD2, 0x0C, 0x25, 0xEE, 0xD2, 0xB5, 0x25,
    0x77, 0x94, 0x18, 0xC9, 0xB1, 0x49, 0xE3, 0xEF, 0xF5, 0x7B, 0x6D, 0x3C, 0x21, 0x97, 0xC6, 0x96,
    0x94, 0xE2, 0x5F, 0xBB, 0xFE, 0x0D, 0x39, 0x7E, 0xB6, 0x96, 0xF1, 0x69, 0x46, 0x1B, 0x9B, 0xB0,
    0x97, 0xE5, 0x25, 0x5E, 0x81, 0x57, 0x25, 0x4A, 0x6B, 0x6C, 0x63, 0x53, 0xA6, 0xDA, 0xBF, 0xA9,
    0xF1, 0x0A, 0xA3, 0x09, 0x25, 0x54, 0x9B, 0x7B, 0x88, 0xAC, 0xEC, 0x0E, 0xE7, 0xD2, 0x8C, 0xD0,
    0xE4, 0x7A, 0x3C, 0x5B, 0x7D, 0xC9, 0x9B, 0x77, 0x57, 0xF5, 0xFB, 0x73, 0xFF, 0xF0, 0x9F, 0xFA,
    0x3F, 0xCA, 0x38, 0x64, 0x3F, 0xF5, 0x7F, 0x04, 0x3D, 0xCA, 0x44, 0x0D, 0x7F, 0xCC, 0x0F, 0xB3,
    0x4E, 0xEC, 0xD4, 0x5F, 0x9E, 0x89, 0x05, 0x59, 0xC3, 0x86, 0x00, 0x54, 0xF1, 0xD7, 0xAB, 0xFC,
    0xDB, 0xA6, 0xCD, 0xDB, 0x30, 0xA2, 0x66, 0xB8, 0xEB, 0xD6, 0x7C, 0x43, 0x4F, 0x96, 0xFD, 0xBE,
    0xFF, 0x34, 0x74, 0x8C, 0x7D, 0xEC, 0x77, 0x26, 0xFA, 0xD8, 0xE8, 0x98, 0x78, 0x82, 0x5B, 0x4B,
    0x53, 0x14, 0xAF, 0x85, 0x82, 0xA1, 0x8B, 0x8D, 0xC9, 0x5E, 0xF4, 0x6F, 0xBC, 0xA3, 0xEC, 0xEF,
    0x58, 0x78, 0xD7, 0xDF, 0xDD, 0x9C, 0xFE, 0x41, 0xFF, 0x7F, 0xCB, 0xBF, 0xFC, 0x3F, 0x60, 0x62,
    0xC1, 0x5F, 0xDB, 0xE9, 0x96, 0xF7, 0x76, 0x68, 0x7C, 0xC7, 0x35, 0x10, 0xF9, 0x8E, 0x51, 0x43,
    0x73, 0x51, 0xFF, 0xEB, 0x6A, 0xDC, 0x14, 0xBE, 0x49, 0x3E, 0x29, 0x56, 0x65, 0x2F, 0xE3, 0xEF,
    0xD9, 0xA8, 0x2C, 0xAA, 0x7C, 0xBE, 0x22, 0xFE, 0xB3, 0xE7, 0x6C, 0x63, 0x53, 0xE5, 0xE9, 0x6E,
    0x20, 0x7B, 0x3F, 0xED, 0x92, 0x9F, 0x2E, 0xDF, 0x6F, 0x1F, 0xDB, 0xEF, 0x83, 0xF5, 0xD9, 0x39,
    0xD7, 0xDD, 0x7E, 0x1B, 0x9B, 0xEB, 0xD9, 0x6E, 0x47, 0x1A, 0xDB, 0xEC, 0x3E, 0x74, 0x56, 0xCF,
    0x18, 0xAE, 0xAD, 0xFB, 0x30, 0x24, 0xDC, 0x74, 0x75, 0x53, 0x52, 0xDD, 0xC3, 0x7C, 0x2C, 0x70,
    0xAC, 0xBC, 0xF7, 0xB3, 0xE7, 0x89, 0x56, 0xBF, 0x3F, 0x8C, 0xED, 0x96, 0x73, 0x57, 0xED, 0x5F,
    0xF9, 0x0F, 0x6F, 0xE8, 0xDE, 0x84, 0x09, 0xD5, 0xDD, 0x01, 0xD3, 0x3A, 0x67, 0x03, 0x51, 0x41,
    0x34, 0x70, 0x5A, 0xC7, 0xB4, 0x8D, 0x0A, 0x61, 0x36, 0x75, 0x6F, 0x18, 0x8E, 0x4C, 0xCA, 0x5E,
    0x14, 0x19, 0x4C, 0xD9, 0x89, 0x94, 0xA1, 0x04, 0x21, 0x46, 0x93, 0x13, 0x2F, 0x90, 0x38, 0xC3,
    0x88, 0x97, 0xEF, 0x57, 0xD7, 0xFE, 0x1A, 0x59, 0xD9, 0xF2, 0x4B, 0xFF, 0x1F, 0x6F, 0xDE, 0x1F,
    0x01, 0x87, 0xA7, 0x4F, 0x19, 0x81, 0x3B, 0xFF, 0xFF, 0xF9, 0x93, 0x5F, 0xDA, 0xBF, 0xE8, 0xB3,
    0xD1, 0xD1, 0xF0, 0x82, 0x89, 0x1E, 0xB9, 0xF7, 0xE6, 0xFC, 0xA3, 0x85, 0x5B, 0x8B, 0x0B, 0x96,
    0x9F, 0x5F, 0xE4, 0x18, 0xA6, 0xA4, 0x55, 0xDC, 0xB0, 0x15, 0xD3, 0x2D, 0x26, 0xD2, 0xD3, 0xD9,
    0xCA, 0x9E, 0x63, 0x90, 0xA9, 0xFE, 0x72, 0xFC, 0xF5, 0xED, 0xB1, 0xB2, 0xBD, 0x5F, 0xFC, 0xA1,
    0x5F, 0xB2, 0x11, 0xA9, 0xBE, 0xF7, 0x5B, 0xFB, 0xE2, 0xEC, 0x7F, 0x38, 0xBF, 0x74, 0x3E, 0xEB,
    0x36, 0xE2, 0x21, 0xFA, 0x1C, 0x23, 0xEF, 0x40, 0x5E, 0xBB, 0xB6, 0xE7, 0xF8, 0x09, 0xEF, 0x6B,
    0x4C, 0xD9, 0x98, 0xBD, 0x38, 0x9D, 0x11, 0x42, 0x5B, 0xCD, 0x9B, 0x44, 0x99, 0x50, 0xB4, 0x37,
    0x93, 0xD1, 0xAC, 0xE1, 0xAF, 0xFD, 0x85, 0x8D, 0xF8, 0xE0, 0xFE, 0xD6, 0x0C, 0x38, 0xDC, 0x15,
    0x11, 0xFB, 0xCC, 0x18, 0xB5, 0x0F, 0xC5, 0x7D, 0xA5, 0xFE, 0x3D, 0xD7, 0x10, 0x95, 0xEB, 0x32,
    0x02, 0x2C, 0xE6, 0x04, 0x25, 0x45, 0x28, 0xFB, 0xE6, 0x9D, 0x18, 0x41, 0x16, 0xF6, 0x8A, 0x1B,
    0x61, 0x66, 0xB8, 0x22, 0xFC, 0xCC, 0x67, 0xFD, 0x09, 0x66, 0x02, 0x4D, 0x18, 0x11, 0x71, 0xE6,
    0xB3, 0xFE, 0x08, 0xBA, 0x83, 0xDF, 0xF9, 0xA3, 0xEB, 0xAC, 0xF1, 0x01, 0xC6, 0x1B, 0x48, 0xF7,
    0x11, 0xB1, 0xCE, 0x7C, 0xD6, 0xEF, 0x21, 0x3A, 0xFE, 0x44, 0x07, 0xF1, 0x02, 0xA1, 0xC7, 0x5F,
    0x74, 0x08, 0xFF, 0x82, 0x1B, 0xCC, 0xCD, 0x19, 0xA1, 0x33, 0x9F, 0x75, 0x06, 0xF8, 0x0F, 0x9D,
    0x9A, 0xC1, 0xAA, 0xFC, 0xAC, 0x0E, 0xC0, 0x03, 0xD9, 0x06, 0x7C, 0x95, 0x80, 0x5B, 0x21, 0xAF,
    0x2E, 0x74, 0x2B, 0x9C, 0x57, 0x11, 0x66, 0x2B, 0xF4, 0x9A, 0xC9, 0x94, 0x8C, 0x6D, 0x1C, 0xFE,
    0xF7, 0x4B, 0x68, 0xAD, 0xFE, 0x4C, 0x62, 0xD5, 0xD3, 0x56, 0xE7, 0xC0, 0x47, 0x18, 0x19, 0xD3,
    0xA0, 0x29, 0xC8, 0xAA, 0x50, 0xA7, 0x7E, 0x09, 0x56, 0xE2, 0xA9, 0x60, 0xAA, 0xD7, 0xB8, 0xF2,
    0x4E, 0x6F, 0x80, 0x83, 0x14, 0x4E, 0x49, 0x0B, 0x97, 0x61, 0x86, 0x9F, 0xD4, 0xAE, 0x2E, 0x61,
    0xE0, 0x99, 0x6B, 0xD0, 0x70, 0x96, 0x22, 0x99, 0xC8, 0xE0, 0x09, 0x56, 0xC1, 0x17, 0x11, 0x67,
    0x3E, 0x32, 0x12, 0xE5, 0xBE, 0xA0, 0x0A, 0xD5, 0x5A, 0x6E, 0xD6, 0x8C, 0x72, 0x2E, 0xF1, 0x4F,
    0x46, 0xA2, 0xF8, 0xFE, 0x5C, 0xD2, 0x3B, 0xA6, 0x45, 0x4E, 0xE3, 0x06, 0x19, 0x78, 0xF2, 0xCA,
    0x55, 0x46, 0x86, 0x3C, 0xB9, 0xDE, 0x46, 0xEC, 0x43, 0x46, 0x60, 0x3F, 0x45, 0xBA, 0xF7, 0x81,
    0xF4, 0xA7, 0x7F, 0xE9, 0xDA, 0x0B, 0xDA, 0x07, 0x38, 0x79, 0xEC, 0x5F, 0xBA, 0x79, 0x58, 0xED,
    0x65, 0x3C, 0x75, 0xE1, 0x27, 0x3D, 0x44, 0xE4, 0x8B, 0x4B, 0xC0, 0xCF, 0x6F, 0xFF, 0x4C, 0x04,
    0xA8, 0xFD, 0xCC, 0x50, 0x11, 0x08, 0x98, 0x34, 0xC2, 0x79, 0x9E, 0x5D, 0x0F, 0x8F, 0xA3, 0x63,
    0xA1, 0x2A, 0xA7, 0xA5, 0xE0, 0x52, 0xB1, 0x43, 0xDD, 0x72, 0x56, 0x62, 0x07, 0xCE, 0x84, 0xF4,
    0x88, 0x8B, 0xD9, 0x8B, 0x11, 0xA2, 0x62, 0x17, 0x9E, 0x44, 0xDB, 0x8D, 0x16, 0x95, 0xDF, 0x05,
    0x77, 0xA9, 0xD4, 0xB4, 0x65, 0xD8, 0xA9, 0xA9, 0x71, 0x24, 0x58, 0xD7, 0x39, 0x5F, 0x86, 0xDD,
    0xB2, 0x00, 0x5F, 0x2A, 0x36, 0xB1, 0xFA, 0x54, 0xCD, 0x5B, 0x35, 0x41, 0x2E, 0xAC, 0x47, 0xCC,
    0xB3, 0x64, 0x2B, 0xDF, 0x70, 0x97, 0x54, 0xB8, 0x72, 0x4D, 0x05, 0x62, 0x51, 0x7E, 0xF0, 0xB1,
    0xE7, 0xFC, 0xA5, 0x32, 0x20, 0x12, 0xBA, 0x86, 0x76, 0xC7, 0x51, 0x39, 0x13, 0x4F, 0xCE, 0x0F,
    0xDA, 0xA0, 0x23, 0x17, 0xBB, 0x83, 0xB6, 0x76, 0xDD, 0x53, 0x1F, 0xBC, 0x61, 0xD7, 0x34, 0xD5,
    0xFC, 0xE0, 0xC4, 0x4F, 0x7D, 0xF0, 0x32, 0x8F, 0x9E, 0x98, 0xB8, 0x38, 0x0F, 0x1E, 0x0F, 0xF6,
    0x68, 0x60, 0xBC, 0x63, 0x2D, 0x53, 0xB6, 0x7B, 0x34, 0xA4, 0xBE, 0x36, 0xE0, 0xCE, 0x57, 0x9A,
    0x3A, 0x98, 0x14, 0x68, 0x50, 0x9F, 0x4A, 0x35, 0x19, 0x6F, 0x98, 0x91, 0x9F, 0x9A, 0xB9, 0x54,
    0xC5, 0x98, 0xA9, 0x45, 0xDA, 0xDA, 0x8B, 0x57, 0xFF, 0xD8, 0xB5, 0x1C, 0xFB, 0xCE, 0x7F, 0x1A,
    0x79, 0x4A, 0x1A, 0xB1, 0x7F, 0x19, 0xED, 0x4F, 0x55, 0xC6, 0xD6, 0xFF, 0x8B, 0xFE, 0xE8, 0x5C,
    0xDA, 0x1F, 0x70, 0x6D, 0x41, 0xCC, 0x73, 0x2F, 0x4D, 0xDA, 0x9D, 0xBB, 0xF8, 0x98, 0x97, 0x29,
    0x2B, 0xF3, 0xD2, 0xB5, 0x26, 0x74, 0x9D, 0x33, 0xB7, 0x7A, 0x30, 0xA0, 0xC7, 0x96, 0x7E, 0x15,
    0x44, 0x96, 0x01, 0x3B, 0x29, 0x53, 0x41, 0xAA, 0x5D, 0xED, 0x5A, 0x26, 0xC3, 0xAE, 0x62, 0xEF,
    0x89, 0xB8, 0x5F, 0xD7, 0x91, 0x18, 0xDF, 0x0B, 0xF7, 0x44, 0x21, 0x70, 0xFB, 0x83, 0xCA, 0x96,
    0x02, 0x57, 0x3E, 0xE0, 0x88, 0x5A, 0x8F, 0xF0, 0x19, 0x3F, 0x40, 0xBB, 0x8E, 0x1F, 0x1C, 0x35,
    0xB5, 0xCC, 0x08, 0x34, 0x35, 0x12, 0x19, 0xFB, 0xBB, 0xF0, 0x72, 0x19, 0x91, 0xE7, 0xCB, 0x37,
    0x4E, 0x4E, 0x40, 0x5A, 0x18, 0x58, 0x46, 0xF6, 0xC6, 0xD5, 0x64, 0x92, 0x6A, 0xF6, 0xBC, 0x78,
    0x4F, 0x8D, 0xBB, 0x11, 0x04, 0xFA, 0x70, 0x8E, 0xDB, 0x17, 0xB6, 0xDE, 0xBD, 0x20, 0x68, 0x2B,
    0x09, 0x68, 0x6B, 0x1B, 0xB4, 0xCF, 0xB9, 0x9F, 0x83, 0x71, 0x8D, 0xEE, 0xCF, 0xC5, 0x9E, 0x26,
    0xF6, 0x04, 0x8A, 0x38, 0x56, 0x9B, 0x75, 0xA5, 0xC4, 0xB3, 0xCB, 0x6B, 0xC8, 0x88, 0x67, 0x67,
    0x14, 0xDF, 0xA9, 0x33, 0xCD, 0x3F, 0xFE, 0x30, 0x9C, 0x5B, 0xC1, 0xA3, 0x82, 0xF3, 0x15, 0xBB,
    0xE4, 0xE1, 0xE7, 0x48, 0xA4, 0xF9, 0x39, 0xE4, 0x83, 0xEC, 0x9D, 0xB4, 0x7D, 0x65, 0x47, 0xF7,
    0xE7, 0x7D, 0x1A, 0xF0, 0xA4, 0xD9, 0x69, 0xD8, 0xBB, 0xF6, 0xDE, 0xCC, 0x6A, 0xB5, 0xC7, 0xC7,
    0xCE, 0x52, 0x96, 0x80, 0xB4, 0xAE, 0xDA, 0x98, 0x6D, 0x82, 0xC0, 0x26, 0x28, 0xAB, 0x69, 0x60,
    0x47, 0xDE, 0x8E, 0x43, 0x45, 0x26, 0x4A, 0x63, 0xC7, 0x91, 0x90, 0xA5, 0x64, 0x96, 0xAD, 0x87,
    0x52, 0x33, 0xAB, 0x46, 0x34, 0x01, 0xDB, 0x5F, 0xBF, 0x7A, 0x0A, 0xEC, 0xF9, 0xFE, 0x01, 0x66,
    0x6D, 0x1F, 0x67, 0xD7, 0x2E, 0xB9, 0x0E, 0xCD, 0x6B, 0xF9, 0xAD, 0x2A, 0x60, 0x70, 0xFF, 0xFB,
    0xBC, 0xC7, 0xB2, 0x32, 0xE9, 0x97, 0x93, 0xF3, 0xF5, 0xA9, 0x43, 0x56, 0xE5, 0x14, 0xCB, 0xAF,
    0xB1, 0x56, 0x91, 0xB1, 0x1E, 0x26, 0xA8, 0x83, 0x73, 0x4F, 0xA0, 0x83, 0xA5, 0x18, 0x5E, 0x78,
    0x1B, 0xD5, 0x4D, 0xD2, 0x98, 0xCF, 0x8B, 0x6E, 0xE9, 0x58, 0x93, 0xF8, 0x9E, 0x8B, 0xCE, 0x13,
    0xAC, 0x50, 0xE2, 0xF1, 0x52, 0x66, 0x75, 0x62, 0xEE, 0xF6, 0xE1, 0x93, 0xCF, 0xED, 0x29, 0xE4,
    0x26, 0x07, 0x12, 0x31, 0xD7, 0x03, 0xB8, 0x12, 0x23, 0xC1, 0xB1, 0x62, 0x2F, 0xB7, 0x7A, 0x2B,
    0x9E, 0xA4, 0xE2, 0xE4, 0xA6, 0x76, 0xFD, 0x8D, 0xA7, 0x72, 0xCD, 0x57, 0xEC, 0x86, 0xFE, 0xDC,
    0xE5, 0xCF, 0x71, 0x74, 0x80, 0xD3, 0xC7, 0xE1, 0x35, 0x13, 0x02, 0xE8, 0xF4, 0x4E, 0xBD, 0xFB,
    0xF3, 0xBC, 0xA8, 0x32, 0x0F, 0xEC, 0x36, 0xC6, 0xEE, 0x63, 0x40, 0x85, 0x54, 0xAB, 0xBA, 0xB1,
    0xCE, 0xC6, 0x01, 0x40, 0xF3, 0x82, 0xA0, 0xBF, 0x53, 0xD6, 0x81, 0xFF, 0x1A, 0x0B, 0x9F, 0x27,
    0xBF, 0xDB, 0x81, 0x5F, 0xED, 0x18, 0x5F, 0xED, 0x60, 0x99, 0x87, 0x2D, 0x60, 0xCE, 0x3F, 0x1B,
    0xCF, 0x6D, 0x9B, 0x46, 0xF5, 0x36, 0xE1, 0x57, 0x9B, 0xE8, 0x6B, 0x7E, 0xF4, 0x99, 0xA8, 0x99,
    0x66, 0xCF, 0xD5, 0x5F, 0x3C, 0xDA, 0xF1, 0x3B, 0xCA, 0x67, 0x4B, 0xC0, 0x79, 0xEA, 0x98, 0xAC,
    0x62, 0xC5, 0x81, 0x90, 0x5A, 0x59, 0xDF, 0x61, 0x15, 0xAA, 0x28, 0x9B, 0xF6, 0x02, 0x93, 0x53,
    0xE9, 0x93, 0x07, 0xB1, 0x3D, 0x4A, 0x1C, 0xDB, 0x6B, 0x2E, 0xB3, 0x60, 0x20, 0x5B, 0x6C, 0x01,
    0xAA, 0x34, 0xF2, 0xC4, 0x75, 0xEA, 0xD5, 0xB6, 0xE2, 0xB1, 0x4B, 0x9A, 0xF6, 0xA9, 0x52, 0xE1,
    0x09, 0xEE, 0x73, 0xE9, 0xE3, 0x9B, 0xDF, 0xB9, 0xC7, 0x0D, 0xD2, 0xA7, 0x15, 0x3E, 0xCB, 0x62,
    0xFB, 0xC2, 0xD8, 0xB4, 0xFA, 0xD6, 0xBE, 0x64, 0xF5, 0xB1, 0xB5, 0x07, 0x2E, 0xE5, 0x68, 0xBF,
    0xE2, 0xE7, 0xA3, 0x94, 0x1B, 0x2E, 0xD0, 0xA0, 0x83, 0xDE, 0x61, 0xB5, 0xD5, 0xC7, 0xCA, 0xA7,
    0x54, 0xAA, 0x58, 0x75, 0x94, 0x12, 0x68, 0xFF, 0x50, 0xB8, 0x25, 0xE1, 0x1B, 0x12, 0xF1, 0x96,
    0x42, 0xB4, 0xA1, 0xE0, 0x5B, 0x16, 0x59, 0x3D, 0xAB, 0xA7, 0xE0, 0xEE, 0x6C, 0xCB, 0x21, 0xDC,
    0x70, 0x08, 0xE2, 0xCB, 0xF8, 0x1D, 0x5F, 0x46, 0xBC, 0x65, 0x72, 0x6D, 0x98, 0xC8, 0xE0, 0x9F,
    0xF1, 0x9D, 0x87, 0xF1, 0x59, 0x06, 0xFE, 0x8A, 0x5F, 0x65, 0xD0, 0x73, 0x55, 0xD6, 0x32, 0xC9,
    0xC8, 0x33, 0xF5, 0x95, 0x99, 0x73, 0xD3, 0xDC, 0xF2, 0xA4, 0x31, 0xCF, 0x53, 0xA5, 0xE9, 0xD9,
    0xB9, 0x8B, 0x8C, 0xDF, 0xAB, 0xEA, 0x70, 0xC3, 0x6B, 0x6B, 0xAF, 0xC7, 0xDE, 0x3E, 0xE6, 0xE1,
    0xAA, 0x34, 0xB8, 0xC7, 0x38, 0x3E, 0x76, 0x6A, 0x7C, 0xC8, 0xC9, 0x07, 0x35, 0xEC, 0x21, 0x27,
    0x46, 0xDB, 0x3E, 0xDB, 0xF1, 0xAC, 0x5B, 0x72, 0x79, 0xCF, 0x59, 0x39, 0xFE, 0xE0, 0xC8, 0x07,
    0xFF, 0xE2, 0x87, 0x46, 0xF8, 0xC9, 0x5F, 0xBF, 0xF8, 0xA4, 0x98, 0x5F, 0x7B, 0xAE, 0x74, 0x17,
    0x5F, 0x7B, 0x86, 0x8F, 0xEB, 0x1C, 0x72, 0x64, 0xB4, 0x73, 0xCC, 0x4B, 0xB2, 0xFE, 0x29, 0x69,
    0x6F, 0xCF, 0xC7, 0xCE, 0xFE, 0x9A, 0x1B, 0x96, 0x06, 0xB2, 0x6C, 0xAB, 0x46, 0xFE, 0xA1, 0xBA,
    0x3E, 0xF9, 0x37, 0x7D, 0xC6, 0xA7, 0x8F, 0xA6, 0x4E, 0x61, 0x80, 0x8B, 0x7A, 0x8D, 0xB8, 0xF5,
    0xBB, 0x3B, 0xC8, 0x97, 0x8E, 0x4F, 0x7A, 0xE7, 0xFC, 0x51, 0xB9, 0xAE, 0x42, 0xFB, 0xE1, 0x1E,
    0x9E, 0xF1, 0x6D, 0xCB, 0x56, 0xCF, 0xCF, 0xF8, 0x17, 0xF5, 0x1A, 0x81, 0x7F, 0x9E, 0x3A, 0xF4,
    0xFC, 0xF4, 0x7F, 0x51, 0xAF, 0x71, 0x93, 0x7E, 0x7B, 0x7F, 0xF5, 0x15, 0xA7, 0xDB, 0xFB, 0x2B,
    0x41, 0x20, 0x05, 0x5B, 0x21, 0x6C, 0x50, 0x20, 0x94, 0x02, 0xB9, 0x72, 0xC9, 0xD5, 0xF1, 0xDE,
    0x5E, 0xC6, 0x6F, 0xFB, 0x88, 0xDF, 0x5B, 0x0C, 0x9D, 0x2B, 0x0E, 0x3E, 0xCF, 0xA1, 0xA9, 0xE6,
    0x21, 0x94, 0xBD, 0xBD, 0x54, 0x24, 0x39, 0x4F, 0xD2, 0xF4, 0xFF, 0xB5, 0xB7, 0x0F, 0x28, 0xE6,
    0x74, 0x76, 0xD6, 0xD4, 0xF2, 0x7B, 0xB1, 0x59, 0x5F, 0x92, 0x5D, 0xDD, 0x3C, 0x0D, 0xA8, 0x0F,
    0x7D, 0x88, 0xEF, 0x0B, 0xAA, 0xC5, 0xCA, 0xAC, 0xC4, 0xF7, 0x16, 0x01, 0x02, 0xBE, 0x78, 0xD8,
    0xFE, 0x85, 0x57, 0x9E, 0xBA, 0xDD, 0x99, 0x2D, 0xD0, 0x90, 0x88, 0x56, 0x7E, 0xFF, 0xC9, 0x43,
    0xF5, 0xBE, 0xAB, 0xF9, 0xF8, 0xD9, 0x23, 0xDC, 0xD5, 0x74, 0x0D, 0xDE, 0x1D, 0xD1, 0xCE, 0xE6,
    0x63, 0x85, 0xBA, 0xFA, 0x8E, 0xF7, 0x19, 0x62, 0xF1, 0x15, 0x70, 0x6C, 0xCB, 0x44, 0x2C, 0x83,
    0x98, 0x29, 0xF2, 0xC2, 0xE8, 0xCF, 0x57, 0xC6, 0x90, 0x53, 0x66, 0xAE, 0x99, 0x0B, 0xC5, 0x9C,
    0x12, 0x66, 0x38, 0x30, 0x93, 0xDA, 0x07, 0x42, 0x80, 0x9F, 0x7B, 0x84, 0x58, 0x08, 0x38, 0xE0,
    0xE1, 0x3E, 0x4F, 0x14, 0x3F, 0x1A, 0x9D, 0x78, 0x8C, 0x19, 0x37, 0x3F, 0x59, 0xBD, 0x9F, 0x7D,
    0x3C, 0xAF, 0x52, 0xF8, 0x7D, 0x26, 0x04, 0x0D, 0x9A, 0x44, 0xDF, 0x88, 0x6A, 0x8F, 0xDA, 0x7B,
    0x97, 0xDC, 0xB9, 0x13, 0x3E, 0x18, 0x57, 0xFF, 0xBE, 0xF7, 0xEC, 0x1A, 0xED, 0xDC, 0xCB, 0xF0,
    0xF3, 0xE6, 0x37, 0x07, 0x42, 0xF5, 0xC6, 0xCF, 0xEF, 0x7B, 0xEB, 0x7D, 0xB6, 0x5A, 0x33, 0xBF,
    0x15, 0xA2, 0x89, 0xB5, 0x5E, 0xAD, 0x88, 0xF8, 0xCE, 0x6A, 0xAA, 0x79, 0x2D, 0x7F, 0x17, 0xEC,
    0xC5, 0xAA, 0x2C, 0x36, 0xAB, 0x2F, 0xCD, 0x9A, 0x84, 0xAB, 0x78, 0x5F, 0x0B, 0x85, 0xAB, 0xF8,
    0xB5, 0xBE, 0x4B, 0xCC, 0x5C, 0x22, 0xDF, 0x6B, 0xEF, 0x61, 0x2B, 0xDB, 0xF5, 0x91, 0x16, 0xE4,
    0x4A, 0x65, 0xB3, 0x3E, 0x62, 0x64, 0x2C, 0xD4, 0x7A, 0xFF, 0xAC, 0x10, 0x6D, 0x2A, 0x02, 0xB9,
    0xF7, 0xC6, 0x8D, 0x99, 0xFE, 0x6C, 0x95, 0x96, 0xA0, 0x4C, 0x5D, 0x38, 0x01, 0xCB, 0xF5, 0x7D,
    0x0F, 0xE2, 0xDF, 0xF7, 0x0B, 0xBF, 0xBE, 0xEF, 0x9D, 0x6F, 0xBF, 0x7F, 0xAB, 0xD6, 0xD9, 0x7D,
    0xFF, 0x3A, 0x8F, 0xF7, 0x42, 0x52, 0xCB, 0x9D, 0x80, 0xE3, 0x15, 0x2A, 0x39, 0xDF, 0xAC, 0x2D,
    0x8B, 0xF3, 0x60, 0x65, 0x49, 0xFC, 0xB4, 0xF7, 0x55, 0x6E, 0x29, 0x0D, 0x1B, 0x0E, 0x0C, 0x17,
    0xA8, 0xA5, 0xE6, 0x9E, 0x4B, 0xA9, 0x02, 0x6A, 0xFD, 0xDB, 0x5E, 0xC6, 0x6F, 0x7B, 0x19, 0x1C,
    0x3C, 0x57, 0x97, 0x34, 0x90, 0xD7, 0xDF, 0xEB, 0x0F, 0x22, 0x49, 0x53, 0xBF, 0xEC, 0xFA, 0x54,
    0x17, 0xCB, 0x3B, 0xF7, 0xFA, 0xA1, 0xC8, 0xB9, 0xEC, 0xC5, 0xC9, 0x79, 0xFA, 0x7E, 0x4B, 0x35,
    0x1E, 0x4B, 0x60, 0xAF, 0xFA, 0xB6, 0xC7, 0xC0, 0x3E, 0x78, 0xFE, 0x91, 0x0C, 0xA6, 0xE0, 0xE9,
    0x87, 0x55, 0x8F, 0xB0, 0x7D, 0xF8, 0x8F, 0xED, 0xD3, 0x7A, 0xFF, 0xD5, 0x5E, 0x46, 0xFC, 0x2F,
    0x05, 0x2E, 0x4F, 0xAE, 0x36, 0x91, 0xA0, 0x6F, 0x7F, 0xCE, 0x50, 0x7D, 0x49, 0xE9, 0xC3, 0x7F,
    0x49, 0x3A, 0xEB, 0xC7, 0x9A, 0xF4, 0x98, 0x79, 0x2D, 0xA0, 0x4F, 0x9E, 0x95, 0xFF, 0xB3, 0x3D,
    0xBD, 0xED, 0x07, 0x50, 0x64, 0x1F, 0xBC, 0x7F, 0x6C, 0x7C, 0xC2, 0x1D, 0x0A, 0xF5, 0x13, 0xB6,
    0xCF, 0xCA, 0x7F, 0xFB, 0x97, 0x11, 0xFE, 0x4B, 0xC5, 0x6E, 0x1C, 0x2B, 0x5E, 0x63, 0x17, 0xE6,
    0x3D, 0xC0, 0xFF, 0x00, 0x75, 0x8E, 0x01, 0x06, 0x05, 0x31, 0x0C, 0x44, 0x43, 0x01, 0x86, 0x5E,
    0x65, 0xF8, 0x00, 0xA1, 0x57, 0xCF, 0x01, 0xCA, 0xBF, 0xCA, 0x1E, 0xA0, 0xD8, 0xA4, 0xAA, 0xCD,
    0xA2, 0xEF, 0x01, 0xF3, 0x84, 0xC8, 0xA4, 0xFC, 0xC1, 0xB0, 0x0D, 0xF0, 0x28, 0x9B, 0xF2, 0x00,
    0x10, 0x88, 0xF7, 0x44, 0xEA, 0x6B, 0x6F, 0xFD, 0xD2, 0x15, 0x1D, 0x06, 0xF3, 0xFB, 0x7E, 0x4C,
    0x7D, 0xED, 0xB7, 0x5E, 0x8D, 0xD3, 0xDF, 0xA0, 0x6D, 0xF5, 0xF3, 0x1F, 0xC3, 0xAA, 0x74, 0xC0,
    0xE2, 0x2A, 0xA2, 0xBC, 0x63, 0x00, 0x03, 0xFB, 0x3F, 0x36, 0x36, 0xC6, 0x67, 0x8C, 0xCF, 0xD8,
    0x9F, 0xB1, 0xB7, 0x01, 0xC2, 0x3F, 0x10, 0x12, 0x24, 0x03, 0x00,
};

static const EpdGlyph times_14_italicGlyphs[] = {
    { 18, 20, 336, 1, 20, 90, 0 }, // U+0000
    { 16, 16, 256, 0, 14, 64, 90 }, // U+0001
    { 16, 16, 256, 0, 14, 64, 154 }, // U+0002
    { 16, 16, 256, 0, 14, 64, 218 }, // U+0003
    { 16, 16, 256, 0, 14, 64, 282 }, // U+0004
    { 16, 16, 256, 0, 14, 64, 346 }, // U+0005
    { 16, 16, 256, 0, 14, 64, 410 }, // U+0006
    { 16, 16, 256, 0, 14, 64, 474 }, // U+0007
    { 16, 16, 256, 0, 14, 64, 538 }, // U+0008
    { 16, 16, 256, 0, 14, 64, 602 }, // U+0009
    { 16, 16, 256, 0, 14, 64, 666 }, // U+000A
    { 16, 16, 256, 0, 14, 64, 730 }, // U+000B
    { 16, 16, 256, 0, 14, 64, 794 }, // U+000C
    { 16, 16, 256, 0, 14, 64, 858 }, // U+000D
    { 16, 16, 256, 0, 14, 64, 922 }, // U+000E
    { 16, 16, 256, 0, 14, 64, 986 }, // U+000F
    { 16, 16, 256, 0, 14, 64, 1050 }, // U+0010
    { 16, 16, 256, 0, 14, 64, 1114 }, // U+0011
    { 16, 16, 256, 0, 14, 64, 1178 }, // U+0012
    { 16, 16, 256, 0, 14, 64, 1242 }, // U+0013
    { 16, 16, 256, 0, 14, 64, 1306 }, // U+0014
    { 16, 16, 256, 0, 14, 64, 1370 }, // U+0015
    { 16, 16, 256, 0, 14, 64, 1434 }, // U+0016
    { 16, 16, 256, 0, 14, 64, 1498 }, // U+0017
    { 16, 16, 256, 0, 14, 64, 1562 }, // U+0018
    { 16, 16, 256, 0, 14, 64, 1626 }, // U+0019
    { 16, 16, 256, 0, 14, 64, 1690 }, // U+001A
    { 16, 16, 256, 0, 14, 64, 1754 }, // U+001B
    { 16, 16, 256, 0, 14, 64, 1818 }, // U+001C
    { 16, 16, 256, 0, 14, 64, 1882 }, // U+001D
    { 16, 16, 256, 0, 14, 64, 1946 }, // U+001E
    { 16, 16, 256, 0, 14, 64, 2010 }, // U+001F
    { 1, 1, 112, 0, 1, 1, 2074 }, // U+0020
    { 7, 20, 144, 1, 20, 35, 2075 }, // !
    { 8, 7, 192, 4, 20, 14, 2110 }, // "
    { 15, 20, 224, 0, 20, 75, 2124 }, // #
    { 12, 20, 224, 1, 18, 60, 2199 }, // $
    { 18, 20, 384, 3, 20, 90, 2259 }, // %
    { 19, 20, 352, 2, 20, 95, 2349 }, // &
    { 3, 7, 96, 4, 20, 6, 2444 }, // '
    { 9, 26, 144, 0, 20, 59, 2450 }, // (
    { 10, 26, 144, -1, 20, 65, 2509 }, // )
    { 12, 11, 224, 1, 20, 33, 2574 }, // *
    { 14, 14, 304, 3, 15, 49, 2607 }, // +
    { 3, 6, 112, 1, 3, 5, 2656 }, // ,
    { 7, 2, 144, 1, 7, 4, 2661 }, // -
    { 3, 3, 112, 1, 3, 3, 2665 }, // .
    { 12, 20, 128, 0, 20, 60, 2668 }, // /
    { 16, 20, 224, -1, 20, 80, 2728 }, // 0
    { 10, 20, 224, 1, 20, 50, 2808 }, // 1
    { 15, 20, 224, -2, 20, 75, 2858 }, // 2
    { 14, 20, 224, 0, 20, 70, 2933 }, // 3
    { 13, 20, 224, 0, 20, 65, 3003 }, // 4
    { 14, 20, 224, 0, 20, 70, 3068 }, // 5
    { 14, 20, 224, 1, 20, 70, 3138 }, // 6
    { 13, 20, 224, 2, 20, 65, 3208 }, // 7
    { 14, 20, 224, 0, 20, 70, 3273 }, // 8
    { 15, 20, 224, -1, 20, 75, 3343 }, // 9
    { 6, 13, 144, 1, 13, 20, 3418 }, // :
    { 6, 16, 144, 1, 13, 24, 3438 }, // ;
    { 14, 13, 304, 3, 14, 46, 3462 }, // <
    { 14, 7, 304, 3, 11, 25, 3508 }, // =
    { 14, 13, 304, 3, 14, 46, 3533 }, // >
    { 9, 20, 224, 4, 20, 45, 3579 }, // ?
    { 19, 20, 432, 4, 20, 95, 3624 }, // @
    { 18, 19, 288, -1, 19, 86, 3719 }, // A
    { 17, 19, 288, 0, 19, 81, 3805 }, // B
    { 18, 19, 304, 2, 19, 86, 3886 }, // C
    { 20, 19, 336, 0, 19, 95, 3972 }, // D
    { 17, 19, 288, 1, 19, 81, 4067 }, // E
    { 17, 19, 288, 1, 19, 81, 4148 }, // F
    { 19, 19, 336, 2, 19, 91, 4229 }, // G
    { 22, 19, 336, 0, 19, 105, 4320 }, // H
    { 11, 19, 144, 0, 19, 53, 4425 }, // I
    { 13, 19, 208, 1, 19, 62, 4478 }, // J
    { 21, 19, 304, 0, 19, 100, 4540 }, // K
    { 16, 19, 256, 0, 19, 76, 4640 }, // L
    { 24, 19, 384, -1, 19, 114, 4716 }, // M
    { 22, 19, 304, -1, 19, 105, 4830 }, // N
    { 20, 19, 336, 1, 19, 95, 4935 }, // O
    { 16, 19, 288, 1, 19, 76, 5030 }, // P
    { 20, 25, 336, 1, 19, 125, 5106 }, // Q
    { 17, 19, 288, 0, 19, 81, 5231 }, // R
    { 14, 19, 224, 1, 19, 67, 5312 }, // S
    { 16, 19, 256, 2, 19, 76, 5379 }, // T
    { 19, 19, 336, 3, 19, 91, 5455 }, // U
    { 17, 19, 288, 3, 19, 81, 5546 }, // V
    { 24, 19, 384, 2, 19, 114, 5627 }, // W
    { 19, 19, 288, -1, 19, 91, 5741 }, // X
    { 15, 19, 256, 3, 19, 72, 5832 }, // Y
    { 18, 19, 256, 0, 19, 86, 5904 }, // Z
    { 11, 25, 176, 0, 20, 69, 5990 }, // [
    { 9, 20, 128, 0, 20, 45, 6059 }, // <backslash>
    { 11, 25, 176, -1, 20, 69, 6104 }, // ]
    { 12, 11, 192, 0, 20, 33, 6173 }, // ^
    { 14, 2, 224, 0, -3, 7, 6206 }, // _
    { 5, 6, 144, 3, 20, 8, 6213 }, // `
    { 12, 13, 224, 1, 13, 39, 6221 }, // a
    { 12, 20, 224, 1, 20, 60, 6260 }, // b
    { 11, 13, 208, 1, 13, 36, 6320 }, // c
    { 14, 20, 224, 1, 20, 70, 6356 }, // d
    { 11, 13, 208, 1, 13, 36, 6426 }, // e
    { 16, 26, 128, -4, 20, 104, 6462 }, // f
    { 14, 19, 224, 0, 13, 67, 6566 }, // g
    { 13, 20, 224, 0, 20, 65, 6633 }, // h
    { 6, 19, 128, 1, 19, 29, 6698 }, // i
    { 11, 25, 128, -4, 19, 69, 6727 }, // j
    { 12, 20, 208, 1, 20, 60, 6796 }, // k
    { 7, 20, 128, 1, 20, 35, 6856 }, // l
    { 19, 13, 336, 1, 13, 62, 6891 }, // m
    { 13, 13, 224, 0, 13, 43, 6953 }, // n
    { 12, 13, 224, 1, 13, 39, 6996 }, // o
    { 16, 19, 224, -2, 13, 76, 7035 }, // p
    { 12, 19, 224, 1, 13, 57, 7111 }, // q
    { 12, 13, 176, 1, 13, 39, 7168 }, // r
    { 10, 13, 176, 0, 13, 33, 7207 }, // s
    { 7, 16, 128, 1, 16, 28, 7240 }, // t
    { 13, 13, 224, 0, 13, 43, 7268 }, // u
    { 11, 13, 208, 1, 13, 36, 7311 }, // v
    { 18, 13, 304, 1, 13, 59, 7347 }, // w
    { 14, 13, 208, -1, 13, 46, 7406 }, // x
    { 13, 19, 208, -1, 13, 62, 7452 }, // y
    { 11, 13, 176, 0, 13, 36, 7514 }, // z
    { 10, 25, 176, 1, 20, 63, 7550 }, // {
    { 9, 26, 128, 0, 20, 59, 7613 }, // |
    { 10, 25, 176, 0, 20, 63, 7672 }, // }
    { 13, 3, 256, 2, 9, 10, 7735 }, // ~
    { 16, 16, 256, 0, 14, 64, 7745 }, // U+007F
    { 16, 16, 256, 0, 14, 64, 0 }, // U+0080
    { 16, 16, 256, 0, 14, 64, 64 }, // U+0081
    { 16, 16, 256, 0, 14, 64, 128 }, // U+0082
    { 16, 16, 256, 0, 14, 64, 192 }, // U+0083
    { 16, 16, 256, 0, 14, 64, 256 }, // U+0084
    { 16, 16, 256, 0, 14, 64, 320 }, // U+0085
    { 16, 16, 256, 0, 14, 64, 384 }, // U+0086
    { 16, 16, 256, 0, 14, 64, 448 }, // U+0087
    { 16, 16, 256, 0, 14, 64, 512 }, // U+0088
    { 16, 16, 256, 0, 14, 64, 576 }, // U+0089
    { 16, 16, 256, 0, 14, 64, 640 }, // U+008A
    { 16, 16, 256, 0, 14, 64, 704 }, // U+008B
    { 16, 16, 256, 0, 14, 64, 768 }, // U+008C
    { 16, 16, 256, 0, 14, 64, 832 }, // U+008D
    { 16, 16, 256, 0, 14, 64, 896 }, // U+008E
    { 16, 16, 256, 0, 14, 64, 960 }, // U+008F
    { 16, 16, 256, 0, 14, 64, 1024 }, // U+0090
    { 16, 16, 256, 0, 14, 64, 1088 }, // U+0091
    { 16, 16, 256, 0, 14, 64, 1152 }, // U+0092
    { 16, 16, 256, 0, 14, 64, 1216 }, // U+0093
    { 16, 16, 256, 0, 14, 64, 1280 }, // U+0094
    { 16, 16, 256, 0, 14, 64, 1344 }, // U+0095
    { 16, 16, 256, 0, 14, 64, 1408 }, // U+0096
    { 16, 16, 256, 0, 14, 64, 1472 }, // U+0097
    { 16, 16, 256, 0, 14, 64, 1536 }, // U+0098
    { 16, 16, 256, 0, 14, 64, 1600 }, // U+0099
    { 16, 16, 256, 0, 14, 64, 1664 }, // U+009A
    { 16, 16, 256, 0, 14, 64, 1728 }, // U+009B
    { 16, 16, 256, 0, 14, 64, 1792 }, // U+009C
    { 16, 16, 256, 0, 14, 64, 1856 }, // U+009D
    { 16, 16, 256, 0, 14, 64, 1920 }, // U+009E
    { 16, 16, 256, 0, 14, 64, 1984 }, // U+009F
    { 1, 1, 112, 0, 1, 1, 2048 }, // U+00A0
    { 7, 20, 176, 1, 14, 35, 2049 }, // U+00A1
    { 11, 17, 224, 1, 15, 47, 2084 }, // U+00A2
    { 16, 20, 224, -2, 20, 80, 2131 }, // U+00A3
    { 12, 11, 224, 1, 14, 33, 2211 }, // U+00A4
    { 15, 20, 224, 3, 20, 75, 2244 }, // U+00A5
    { 9, 26, 128, 0, 20, 59, 2319 }, // U+00A6
    { 12, 25, 224, 1, 20, 75, 2378 }, // U+00A7
    { 8, 2, 144, 3, 18, 4, 2453 }, // U+00A8
    { 17, 17, 352, 1, 17, 73, 2457 }, // U+00A9
    { 9, 9, 128, 1, 20, 21, 2530 }, // U+00AA
    { 11, 10, 224, 2, 12, 28, 2551 }, // U+00AB
    { 14, 6, 304, 3, 11, 21, 2579 }, // U+00AC
    { 7, 2, 144, 1, 7, 4, 2600 }, // U+00AD
    { 17, 17, 352, 1, 17, 73, 2604 }, // U+00AE
    { 8, 1, 144, 3, 17, 2, 2677 }, // U+00AF
    { 7, 7, 176, 3, 20, 13, 2679 }, // U+00B0
    { 14, 18, 304, 3, 18, 63, 2692 }, // U+00B1
    { 11, 11, 128, 0, 20, 31, 2755 }, // U+00B2
    { 9, 11, 128, 1, 20, 25, 2786 }, // U+00B3
    { 6, 6, 144, 5, 20, 9, 2811 }, // U+00B4
    { 15, 19, 224, -2, 13, 72, 2820 }, // U+00B5
    { 15, 24, 240, 3, 20, 90, 2892 }, // U+00B6
    { 3, 3, 112, 2, 9, 3, 2982 }, // U+00B7
    { 6, 6, 144, 1, 0, 9, 2985 }, // U+00B8
    { 7, 11, 128, 3, 20, 20, 2994 }, // U+00B9
    { 9, 9, 144, 1, 20, 21, 3014 }, // U+00BA
    { 11, 10, 224, 2, 12, 28, 3035 }, // U+00BB
    { 18, 20, 352, 3, 20, 90, 3063 }, // U+00BC
    { 19, 20, 352, 3, 20, 95, 3153 }, // U+00BD
    { 20, 20, 352, 2, 20, 100, 3248 }, // U+00BE
    { 9, 20, 224, 2, 14, 45, 3348 }, // U+00BF
    { 18, 26, 288, -1, 26, 117, 3393 }, // U+00C0
    { 18, 26, 288, -1, 26, 117, 3510 }, // U+00C1
    { 18, 25, 288, -1, 25, 113, 3627 }, // U+00C2
    { 18, 23, 288, -1, 23, 104, 3740 }, // U+00C3
    { 18, 23, 288, -1, 23, 104, 3844 }, // U+00C4
    { 18, 25, 288, -1, 25, 113, 3948 }, // U+00C5
    { 26, 19, 416, 0, 19, 124, 4061 }, // U+00C6
    { 18, 25, 304, 2, 19, 113, 4185 }, // U+00C7
    { 17, 26, 288, 1, 26, 111, 4298 }, // U+00C8
    { 17, 26, 288, 1, 26, 111, 4409 }, // U+00C9
    { 17, 25, 288, 1, 25, 107, 4520 }, // U+00CA
    { 17, 23, 288, 1, 23, 98, 4627 }, // U+00CB
    { 11, 26, 144, 0, 26, 72, 4725 }, // U+00CC
    { 12, 26, 144, 0, 26, 78, 4797 }, // U+00CD
    { 13, 25, 144, 0, 25, 82, 4875 }, // U+00CE
    { 12, 23, 144, 0, 23, 69, 4957 }, // U+00CF
    { 20, 19, 336, 0, 19, 95, 5026 }, // U+00D0
    { 22, 23, 304, -1, 23, 127, 5121 }, // U+00D1
    { 20, 26, 336, 1, 26, 130, 5248 }, // U+00D2
    { 20, 26, 336, 1, 26, 130, 5378 }, // U+00D3
    { 20, 25, 336, 1, 25, 125, 5508 }, // U+00D4
    { 20, 23, 336, 1, 23, 115, 5633 }, // U+00D5
    { 20, 23, 336, 1, 23, 115, 5748 }, // U+00D6
    { 14, 12, 304, 3, 14, 42, 5863 }, // U+00D7
    { 24, 21, 336, 0, 20, 126, 5905 }, // U+00D8
    { 19, 26, 336, 3, 26, 124, 6031 }, // U+00D9
    { 19, 26, 336, 3, 26, 124, 6155 }, // U+00DA
    { 19, 25, 336, 3, 25, 119, 6279 }, // U+00DB
    { 19, 23, 336, 3, 23, 110, 6398 }, // U+00DC
    { 15, 26, 256, 3, 26, 98, 6508 }, // U+00DD
    { 16, 19, 288, 0, 19, 76, 6606 }, // U+00DE
    { 18, 26, 224, -4, 20, 117, 6682 }, // U+00DF
    { 12, 20, 224, 1, 20, 60, 6799 }, // U+00E0
    { 12, 20, 224, 1, 20, 60, 6859 }, // U+00E1
    { 12, 19, 224, 1, 19, 57, 6919 }, // U+00E2
    { 13, 17, 224, 1, 17, 56, 6976 }, // U+00E3
    { 12, 17, 224, 1, 17, 51, 7032 }, // U+00E4
    { 12, 19, 224, 1, 19, 57, 7083 }, // U+00E5
    { 19, 13, 304, 1, 13, 62, 7140 }, // U+00E6
    { 11, 19, 208, 1, 13, 53, 7202 }, // U+00E7
    { 11, 20, 208, 1, 20, 55, 7255 }, // U+00E8
    { 11, 20, 208, 1, 20, 55, 7310 }, // U+00E9
    { 12, 19, 208, 1, 19, 57, 7365 }, // U+00EA
    { 11, 17, 208, 1, 17, 47, 7422 }, // U+00EB
    { 6, 20, 128, 1, 20, 30, 7469 }, // U+00EC
    { 7, 20, 128, 1, 20, 35, 7499 }, // U+00ED
    { 9, 19, 128, 0, 19, 43, 7534 }, // U+00EE
    { 8, 17, 128, 0, 17, 34, 7577 }, // U+00EF
    { 14, 20, 224, 1, 20, 70, 7611 }, // U+00F0
    { 13, 17, 224, 0, 17, 56, 7681 }, // U+00F1
    { 12, 20, 224, 1, 20, 60, 7737 }, // U+00F2
    { 12, 20, 224, 1, 20, 60, 7797 }, // U+00F3
    { 12, 19, 224, 1, 19, 57, 7857 }, // U+00F4
    { 12, 17, 224, 1, 17, 51, 7914 }, // U+00F5
    { 12, 17, 224, 1, 17, 51, 7965 }, // U+00F6
    { 14, 10, 304, 3, 13, 35, 8016 }, // U+00F7
    { 16, 15, 224, 0, 14, 60, 8051 }, // U+00F8
    { 13, 20, 224, 0, 20, 65, 8111 }, // U+00F9
    { 13, 20, 224, 0, 20, 65, 8176 }, // U+00FA
    { 13, 19, 224, 0, 19, 62, 8241 }, // U+00FB
    { 13, 17, 224, 0, 17, 56, 8303 }, // U+00FC
    { 13, 26, 208, -1, 20, 85, 8359 }, // U+00FD
    { 16, 26, 224, -2, 20, 104, 8444 }, // U+00FE
    { 13, 23, 208, -1, 17, 75, 8548 }, // U+00FF
    { 18, 21, 288, -1, 21, 95, 0 }, // U+0100
    { 12, 15, 224, 1, 15, 45, 95 }, // U+0101
    { 18, 24, 288, -1, 24, 108, 140 }, // U+0102
    { 12, 18, 224, 1, 18, 54, 248 }, // U+0103
    { 18, 25, 288, -1, 19, 113, 302 }, // U+0104
    { 12, 19, 224, 1, 13, 57, 415 }, // U+0105
    { 18, 26, 304, 2, 26, 117, 472 }, // U+0106
    { 11, 20, 208, 1, 20, 55, 589 }, // U+0107
    { 18, 25, 304, 2, 25, 113, 644 }, // U+0108
    { 12, 19, 208, 1, 19, 57, 757 }, // U+0109
    { 18, 22, 304, 2, 22, 99, 814 }, // U+010A
    { 11, 16, 208, 1, 16, 44, 913 }, // U+010B
    { 18, 25, 304, 2, 25, 113, 957 }, // U+010C
    { 12, 19, 208, 1, 19, 57, 1070 }, // U+010D
    { 20, 25, 336, 0, 25, 125, 1127 }, // U+010E
    { 18, 20, 320, 1, 20, 90, 1252 }, // U+010F
    { 20, 19, 336, 0, 19, 95, 1342 }, // U+0110
    { 15, 20, 224, 1, 20, 75, 1437 }, // U+0111
    { 17, 21, 288, 1, 21, 90, 1512 }, // U+0112
    { 11, 15, 208, 1, 15, 42, 1602 }, // U+0113
    { 17, 24, 288, 1, 24, 102, 1644 }, // U+0114
    { 11, 18, 208, 1, 18, 50, 1746 }, // U+0115
    { 17, 22, 288, 1, 22, 94, 1796 }, // U+0116
    { 11, 16, 208, 1, 16, 44, 1890 }, // U+0117
    { 17, 25, 288, 1, 19, 107, 1934 }, // U+0118
    { 11, 19, 208, 1, 13, 53, 2041 }, // U+0119
    { 17, 25, 288, 1, 25, 107, 2094 }, // U+011A
    { 12, 19, 208, 1, 19, 57, 2201 }, // U+011B
    { 19, 25, 336, 2, 25, 119, 2258 }, // U+011C
    { 14, 25, 224, 0, 19, 88, 2377 }, // U+011D
    { 19, 24, 336, 2, 24, 114, 2465 }, // U+011E
    { 14, 24, 224, 0, 18, 84, 2579 }, // U+011F
    { 19, 22, 336, 2, 22, 105, 2663 }, // U+0120
    { 14, 22, 224, 0, 16, 77, 2768 }, // U+0121
    { 19, 26, 336, 2, 19, 124, 2845 }, // U+0122
    { 14, 26, 224, 0, 20, 91, 2969 }, // U+0123
    { 22, 25, 336, 0, 25, 138, 3060 }, // U+0124
    { 13, 26, 224, 0, 26, 85, 3198 }, // U+0125
    { 22, 19, 336, 0, 19, 105, 3283 }, // U+0126
    { 13, 20, 224, 0, 20, 65, 3388 }, // U+0127
    { 13, 23, 144, 0, 23, 75, 3453 }, // U+0128
    { 10, 17, 128, -1, 17, 43, 3528 }, // U+0129
    { 12, 21, 144, 0, 21, 63, 3571 }, // U+012A
    { 8, 15, 128, 0, 15, 30, 3634 }, // U+012B
    { 12, 24, 144, 0, 24, 72, 3664 }, // U+012C
    { 8, 18, 128, 0, 18, 36, 3736 }, // U+012D
    { 12, 25, 144, -1, 19, 75, 3772 }, // U+012E
    { 9, 25, 128, -2, 19, 57, 3847 }, // U+012F
    { 11, 22, 144, 0, 22, 61, 3904 }, // U+0130
    { 5, 13, 128, 1, 13, 17, 3965 }, // U+0131
    { 23, 19, 352, 0, 19, 110, 3982 }, // U+0132
    { 14, 25, 256, 1, 19, 88, 4092 }, // U+0133
    { 15, 25, 208, 1, 25, 94, 4180 }, // U+0134
    { 13, 25, 128, -4, 19, 82, 4274 }, // U+0135
    { 21, 26, 304, 0, 19, 137, 4356 }, // U+0136
    { 12, 27, 208, 1, 20, 81, 4493 }, // U+0137
    { 12, 13, 208, 1, 13, 39, 4574 }, // U+0138
    { 16, 26, 256, 0, 26, 104, 4613 }, // U+0139
    { 10, 27, 128, 1, 27, 68, 4717 }, // U+013A
    { 16, 26, 256, 0, 19, 104, 4785 }, // U+013B
    { 7, 27, 128, 1, 20, 48, 4889 }, // U+013C
    { 16, 19, 256, 0, 19, 76, 4937 }, // U+013D
    { 11, 20, 208, 1, 20, 55, 5013 }, // U+013E
    { 16, 19, 352, 0, 19, 76, 5068 }, // U+013F
    { 11, 20, 240, 1, 20, 55, 5144 }, // U+0140
    { 16, 19, 256, 0, 19, 76, 5199 }, // U+0141
    { 9, 20, 128, 1, 20, 45, 5275 }, // U+0142
    { 22, 26, 304, -1, 26, 143, 5320 }, // U+0143
    { 13, 20, 224, 0, 20, 65, 5463 }, // U+0144
    { 22, 26, 304, -1, 19, 143, 5528 }, // U+0145
    { 13, 20, 224, 0, 13, 65, 5671 }, // U+0146
    { 22, 25, 304, -1, 25, 138, 5736 }, // U+0147
    { 13, 19, 224, 0, 19, 62, 5874 }, // U+0148
    { 18, 20, 384, 0, 20, 90, 5936 }, // U+0149
    { 22, 24, 304, -1, 19, 132, 6026 }, // U+014A
    { 13, 19, 224, 0, 13, 62, 6158 }, // U+014B
    { 20, 21, 336, 1, 21, 105, 6220 }, // U+014C
    { 12, 15, 224, 1, 15, 45, 6325 }, // U+014D
    { 20, 24, 336, 1, 24, 120, 6370 }, // U+014E
    { 12, 18, 224, 1, 18, 54, 6490 }, // U+014F
    { 20, 26, 336, 1, 26, 130, 6544 }, // U+0150
    { 13, 20, 224, 1, 20, 65, 6674 }, // U+0151
    { 27, 19, 432, 1, 19, 129, 6739 }, // U+0152
    { 19, 13, 304, 1, 13, 62, 6868 }, // U+0153
    { 17, 26, 288, 0, 26, 111, 6930 }, // U+0154
    { 12, 20, 176, 1, 20, 60, 7041 }, // U+0155
    { 17, 26, 288, 0, 19, 111, 7101 }, // U+0156
    { 12, 20, 176, 1, 13, 60, 7212 }, // U+0157
    { 17, 25, 288, 0, 25, 107, 7272 }, // U+0158
    { 12, 19, 176, 1, 19, 57, 7379 }, // U+0159
    { 14, 26, 224, 1, 26, 91, 7436 }, // U+015A
    { 11, 20, 176, 0, 20, 55, 7527 }, // U+015B
    { 14, 25, 224, 1, 25, 88, 7582 }, // U+015C
    { 11, 19, 176, 0, 19, 53, 7670 }, // U+015D
    { 14, 25, 224, 1, 19, 88, 7723 }, // U+015E
    { 10, 19, 176, 0, 13, 48, 7811 }, // U+015F
    { 14, 25, 224, 1, 25, 88, 7859 }, // U+0160
    { 11, 19, 176, 0, 19, 53, 7947 }, // U+0161
    { 16, 25, 256, 2, 19, 100, 8000 }, // U+0162
    { 8, 22, 128, 0, 16, 44, 8100 }, // U+0163
    { 16, 25, 256, 2, 25, 100, 8144 }, // U+0164
    { 10, 20, 192, 1, 20, 50, 8244 }, // U+0165
    { 16, 19, 256, 2, 19, 76, 8294 }, // U+0166
    { 7, 16, 128, 1, 16, 28, 8370 }, // U+0167
    { 19, 23, 336, 3, 23, 110, 8398 }, // U+0168
    { 13, 17, 224, 0, 17, 56, 8508 }, // U+0169
    { 19, 21, 336, 3, 21, 100, 8564 }, // U+016A
    { 13, 15, 224, 0, 15, 49, 8664 }, // U+016B
    { 19, 24, 336, 3, 24, 114, 8713 }, // U+016C
    { 13, 18, 224, 0, 18, 59, 8827 }, // U+016D
    { 19, 25, 336, 3, 25, 119, 8886 }, // U+016E
    { 13, 19, 224, 0, 19, 62, 9005 }, // U+016F
    { 19, 26, 336, 3, 26, 124, 9067 }, // U+0170
    { 13, 20, 224, 0, 20, 65, 9191 }, // U+0171
    { 19, 25, 336, 3, 19, 119, 9256 }, // U+0172
    { 13, 19, 224, 0, 13, 62, 9375 }, // U+0173
    { 24, 25, 384, 2, 25, 150, 9437 }, // U+0174
    { 18, 19, 304, 1, 19, 86, 9587 }, // U+0175
    { 15, 25, 256, 3, 25, 94, 9673 }, // U+0176
    { 13, 25, 208, -1, 19, 82, 9767 }, // U+0177
    { 15, 23, 256, 3, 23, 87, 9849 }, // U+0178
    { 18, 26, 256, 0, 26, 117, 9936 }, // U+0179
    { 11, 20, 176, 0, 20, 55, 10053 }, // U+017A
    { 18, 22, 256, 0, 22, 99, 10108 }, // U+017B
    { 11, 16, 176, 0, 16, 44, 10207 }, // U+017C
    { 18, 25, 256, 0, 25, 113, 10251 }, // U+017D
    { 11, 19, 176, 0, 19, 53, 10364 }, // U+017E
    { 8, 16, 128, 0, 14, 32, 10417 }, // U+017F
    { 22, 20, 336, 1, 20, 110, 0 }, // U+01A0
    { 14, 14, 224, 1, 14, 49, 110 }, // U+01A1
    { 21, 20, 336, 3, 20, 105, 159 }, // U+01AF
    { 15, 14, 224, 0, 14, 53, 264 }, // U+01B0
    { 8, 16, 128, 0, 14, 32, 317 }, // U+01C4
    { 8, 16, 128, 0, 14, 32, 349 }, // U+01C5
    { 8, 16, 128, 0, 14, 32, 381 }, // U+01C6
    { 8, 16, 128, 0, 14, 32, 413 }, // U+01C7
    { 8, 16, 128, 0, 14, 32, 445 }, // U+01C8
    { 8, 16, 128, 0, 14, 32, 477 }, // U+01C9
    { 8, 16, 128, 0, 14, 32, 509 }, // U+01CA
    { 8, 16, 128, 0, 14, 32, 541 }, // U+01CB
    { 8, 16, 128, 0, 14, 32, 573 }, // U+01CC
    { 18, 25, 288, -1, 25, 113, 605 }, // U+01CD
    { 12, 19, 224, 1, 19, 57, 718 }, // U+01CE
    { 13, 25, 144, 0, 25, 82, 775 }, // U+01CF
    { 9, 19, 128, 0, 19, 43, 857 }, // U+01D0
    { 20, 25, 336, 1, 25, 125, 900 }, // U+01D1
    { 12, 19, 224, 1, 19, 57, 1025 }, // U+01D2
    { 19, 25, 336, 3, 25, 119, 1082 }, // U+01D3
    { 13, 19, 224, 0, 19, 62, 1201 }, // U+01D4
    { 19, 25, 336, 3, 25, 119, 1263 }, // U+01D5
    { 13, 19, 224, 0, 19, 62, 1382 }, // U+01D6
    { 19, 30, 336, 3, 30, 143, 1444 }, // U+01D7
    { 13, 24, 224, 0, 24, 78, 1587 }, // U+01D8
    { 19, 29, 336, 3, 29, 138, 1665 }, // U+01D9
    { 13, 23, 224, 0, 23, 75, 1803 }, // U+01DA
    { 19, 30, 336, 3, 30, 143, 1878 }, // U+01DB
    { 13, 24, 224, 0, 24, 78, 2021 }, // U+01DC
    { 11, 13, 208, 1, 13, 36, 2099 }, // U+01DD
    { 18, 25, 288, -1, 25, 113, 2135 }, // U+01DE
    { 12, 19, 224, 1, 19, 57, 2248 }, // U+01DF
    { 18, 24, 288, -1, 24, 108, 2305 }, // U+01E0
    { 12, 18, 224, 1, 18, 54, 2413 }, // U+01E1
    { 26, 21, 416, 0, 21, 137, 2467 }, // U+01E2
    { 19, 15, 304, 1, 15, 72, 2604 }, // U+01E3
    { 19, 19, 336, 2, 19, 91, 2676 }, // U+01E4
    { 14, 19, 224, 0, 13, 67, 2767 }, // U+01E5
    { 19, 25, 336, 2, 25, 119, 2834 }, // U+01E6
    { 14, 25, 224, 0, 19, 88, 2953 }, // U+01E7
    { 21, 25, 304, 0, 25, 132, 3041 }, // U+01E8
    { 12, 26, 208, 1, 26, 78, 3173 }, // U+01E9
    { 20, 25, 336, 1, 19, 125, 3251 }, // U+01EA
    { 12, 19, 224, 1, 13, 57, 3376 }, // U+01EB
    { 20, 27, 336, 1, 21, 135, 3433 }, // U+01EC
    { 12, 21, 224, 1, 15, 63, 3568 }, // U+01ED
    { 8, 16, 128, 0, 14, 32, 3631 }, // U+01EE
    { 8, 16, 128, 0, 14, 32, 3663 }, // U+01EF
    { 13, 25, 128, -4, 19, 82, 3695 }, // U+01F0
    { 8, 16, 128, 0, 14, 32, 3777 }, // U+01F1
    { 8, 16, 128, 0, 14, 32, 3809 }, // U+01F2
    { 8, 16, 128, 0, 14, 32, 3841 }, // U+01F3
    { 19, 26, 336, 2, 26, 124, 3873 }, // U+01F4
    { 14, 26, 224, 0, 20, 91, 3997 }, // U+01F5
    { 8, 16, 128, 0, 14, 32, 4088 }, // U+01F6
    { 8, 16, 128, 0, 14, 32, 4120 }, // U+01F7
    { 22, 26, 304, -1, 26, 143, 4152 }, // U+01F8
    { 13, 20, 224, 0, 20, 65, 4295 }, // U+01F9
    { 18, 32, 288, -1, 32, 144, 4360 }, // U+01FA
    { 12, 26, 224, 1, 26, 78, 4504 }, // U+01FB
    { 26, 26, 416, 0, 26, 169, 4582 }, // U+01FC
    { 19, 20, 304, 1, 20, 95, 4751 }, // U+01FD
    { 24, 28, 336, 0, 27, 168, 4846 }, // U+01FE
    { 16, 22, 224, 0, 21, 88, 5014 }, // U+01FF
    { 8, 16, 128, 0, 14, 32, 5102 }, // U+0200
    { 8, 16, 128, 0, 14, 32, 5134 }, // U+0201
    { 8, 16, 128, 0, 14, 32, 5166 }, // U+0202
    { 8, 16, 128, 0, 14, 32, 5198 }, // U+0203
    { 8, 16, 128, 0, 14, 32, 5230 }, // U+0204
    { 8, 16, 128, 0, 14, 32, 5262 }, // U+0205
    { 8, 16, 128, 0, 14, 32, 5294 }, // U+0206
    { 8, 16, 128, 0, 14, 32, 5326 }, // U+0207
    { 8, 16, 128, 0, 14, 32, 5358 }, // U+0208
    { 8, 16, 128, 0, 14, 32, 5390 }, // U+0209
    { 8, 16, 128, 0, 14, 32, 5422 }, // U+020A
    { 8, 16, 128, 0, 14, 32, 5454 }, // U+020B
    { 8, 16, 128, 0, 14, 32, 5486 }, // U+020C
    { 8, 16, 128, 0, 14, 32, 5518 }, // U+020D
    { 8, 16, 128, 0, 14, 32, 5550 }, // U+020E
    { 8, 16, 128, 0, 14, 32, 5582 }, // U+020F
    { 8, 16, 128, 0, 14, 32, 5614 }, // U+0210
    { 8, 16, 128, 0, 14, 32, 5646 }, // U+0211
    { 8, 16, 128, 0, 14, 32, 5678 }, // U+0212
    { 8, 16, 128, 0, 14, 32, 5710 }, // U+0213
    { 8, 16, 128, 0, 14, 32, 5742 }, // U+0214
    { 8, 16, 128, 0, 14, 32, 5774 }, // U+0215
    { 8, 16, 128, 0, 14, 32, 5806 }, // U+0216
    { 8, 16, 128, 0, 14, 32, 5838 }, // U+0217
    { 14, 26, 224, 1, 19, 91, 5870 }, // U+0218
    { 10, 20, 176, 0, 13, 50, 5961 }, // U+0219
    { 16, 26, 256, 2, 19, 104, 6011 }, // U+021A
    { 7, 23, 128, 1, 16, 41, 6115 }, // U+021B
    { 8, 16, 128, 0, 14, 32, 6156 }, // U+021C
    { 8, 16, 128, 0, 14, 32, 6188 }, // U+021D
    { 22, 25, 336, 0, 25, 138, 6220 }, // U+021E
    { 13, 26, 224, 0, 26, 85, 6358 }, // U+021F
    { 7, 6, 0, 0, 20, 11, 0 }, // U+0300
    { 11, 6, 0, 0, 20, 17, 11 }, // U+0301
    { 11, 5, 0, 0, 19, 14, 28 }, // U+0302
    { 13, 3, 0, 0, 17, 10, 42 }, // U+0303
    { 11, 1, 0, 0, 15, 3, 52 }, // U+0304
    { 8, 16, 128, 0, 14, 32, 55 }, // U+0305
    { 11, 4, 0, 0, 18, 11, 87 }, // U+0306
    { 5, 2, 0, 0, 16, 3, 98 }, // U+0307
    { 11, 2, 0, 0, 17, 6, 101 }, // U+0308
    { 8, 16, 128, 0, 14, 32, 107 }, // U+0309
    { 8, 16, 128, 0, 14, 32, 139 }, // U+030A
    { 8, 16, 128, 0, 14, 32, 171 }, // U+030B
    { 8, 16, 128, 0, 14, 32, 203 }, // U+030C
    { 8, 16, 128, 0, 14, 32, 235 }, // U+030D
    { 8, 16, 128, 0, 14, 32, 267 }, // U+030E
    { 8, 16, 128, 0, 14, 32, 299 }, // U+030F
    { 11, 7, 0, 0, 21, 20, 331 }, // U+0310
    { 8, 16, 128, 0, 14, 32, 351 }, // U+0311
    { 8, 16, 128, 0, 14, 32, 383 }, // U+0312
    { 8, 16, 128, 0, 14, 32, 415 }, // U+0313
    { 8, 16, 128, 0, 14, 32, 447 }, // U+0314
    { 8, 16, 128, 0, 14, 32, 479 }, // U+0315
    { 8, 16, 128, 0, 14, 32, 511 }, // U+0316
    { 8, 16, 128, 0, 14, 32, 543 }, // U+0317
    { 8, 16, 128, 0, 14, 32, 575 }, // U+0318
    { 8, 16, 128, 0, 14, 32, 607 }, // U+0319
    { 8, 16, 128, 0, 14, 32, 639 }, // U+031A
    { 8, 16, 128, 0, 14, 32, 671 }, // U+031B
    { 8, 16, 128, 0, 14, 32, 703 }, // U+031C
    { 8, 16, 128, 0, 14, 32, 735 }, // U+031D
    { 8, 16, 128, 0, 14, 32, 767 }, // U+031E
    { 8, 16, 128, 0, 14, 32, 799 }, // U+031F
    { 8, 16, 128, 0, 14, 32, 831 }, // U+0320
    { 8, 16, 128, 0, 14, 32, 863 }, // U+0321
    { 8, 16, 128, 0, 14, 32, 895 }, // U+0322
    { 2, 2, 0, 0, -1, 1, 927 }, // U+0323
    { 8, 16, 128, 0, 14, 32, 928 }, // U+0324
    { 6, 5, 0, 0, -1, 8, 960 }, // U+0325
    { 8, 16, 128, 0, 14, 32, 968 }, // U+0326
    { 8, 16, 128, 0, 14, 32, 1000 }, // U+0327
    { 8, 16, 128, 0, 14, 32, 1032 }, // U+0328
    { 8, 16, 128, 0, 14, 32, 1064 }, // U+0329
    { 8, 16, 128, 0, 14, 32, 1096 }, // U+032A
    { 8, 16, 128, 0, 14, 32, 1128 }, // U+032B
    { 8, 16, 128, 0, 14, 32, 1160 }, // U+032C
    { 8, 16, 128, 0, 14, 32, 1192 }, // U+032D
    { 8, 16, 128, 0, 14, 32, 1224 }, // U+032E
    { 8, 16, 128, 0, 14, 32, 1256 }, // U+032F
    { 8, 16, 128, 0, 14, 32, 1288 }, // U+0330
    { 10, 1, 0, 0, -1, 3, 1320 }, // U+0331
    { 8, 16, 128, 0, 14, 32, 1323 }, // U+0332
    { 8, 16, 128, 0, 14, 32, 1355 }, // U+0333
    { 8, 16, 128, 0, 14, 32, 1387 }, // U+0334
    { 8, 16, 128, 0, 14, 32, 1419 }, // U+0335
    { 8, 16, 128, 0, 14, 32, 1451 }, // U+0336
    { 8, 16, 128, 0, 14, 32, 1483 }, // U+0337
    { 8, 16, 128, 0, 14, 32, 1515 }, // U+0338
    { 8, 16, 128, 0, 14, 32, 1547 }, // U+0339
    { 8, 16, 128, 0, 14, 32, 1579 }, // U+033A
    { 8, 16, 128, 0, 14, 32, 1611 }, // U+033B
    { 8, 16, 128, 0, 14, 32, 1643 }, // U+033C
    { 8, 16, 128, 0, 14, 32, 1675 }, // U+033D
    { 8, 16, 128, 0, 14, 32, 1707 }, // U+033E
    { 8, 16, 128, 0, 14, 32, 1739 }, // U+033F
    { 8, 16, 128, 0, 14, 32, 1771 }, // U+0340
    { 8, 16, 128, 0, 14, 32, 1803 }, // U+0341
    { 8, 16, 128, 0, 14, 32, 1835 }, // U+0342
    { 8, 16, 128, 0, 14, 32, 1867 }, // U+0343
    { 8, 16, 128, 0, 14, 32, 1899 }, // U+0344
    { 8, 16, 128, 0, 14, 32, 1931 }, // U+0345
    { 8, 16, 128, 0, 14, 32, 1963 }, // U+0346
    { 8, 16, 128, 0, 14, 32, 1995 }, // U+0347
    { 8, 16, 128, 0, 14, 32, 2027 }, // U+0348
    { 8, 16, 128, 0, 14, 32, 2059 }, // U+0349
    { 8, 16, 128, 0, 14, 32, 2091 }, // U+034A
    { 8, 16, 128, 0, 14, 32, 2123 }, // U+034B
    { 8, 16, 128, 0, 14, 32, 2155 }, // U+034C
    { 8, 16, 128, 0, 14, 32, 2187 }, // U+034D
    { 8, 16, 128, 0, 14, 32, 2219 }, // U+034E
    { 16, 16, 256, 0, 14, 64, 2251 }, // U+034F
    { 8, 16, 128, 0, 14, 32, 2315 }, // U+0350
    { 8, 16, 128, 0, 14, 32, 2347 }, // U+0351
    { 8, 16, 128, 0, 14, 32, 2379 }, // U+0352
    { 8, 16, 128, 0, 14, 32, 2411 }, // U+0353
    { 8, 16, 128, 0, 14, 32, 2443 }, // U+0354
    { 8, 16, 128, 0, 14, 32, 2475 }, // U+0355
    { 8, 16, 128, 0, 14, 32, 2507 }, // U+0356
    { 8, 16, 128, 0, 14, 32, 2539 }, // U+0357
    { 8, 16, 128, 0, 14, 32, 2571 }, // U+0358
    { 8, 16, 128, 0, 14, 32, 2603 }, // U+0359
    { 8, 16, 128, 0, 14, 32, 2635 }, // U+035A
    { 8, 16, 128, 0, 14, 32, 2667 }, // U+035B
    { 16, 16, 256, 0, 14, 64, 2699 }, // U+035C
    { 16, 16, 256, 0, 14, 64, 2763 }, // U+035D
    { 16, 16, 256, 0, 14, 64, 2827 }, // U+035E
    { 16, 16, 256, 0, 14, 64, 2891 }, // U+035F
    { 16, 16, 256, 0, 14, 64, 2955 }, // U+0360
    { 16, 16, 256, 0, 14, 64, 3019 }, // U+0361
    { 16, 16, 256, 0, 14, 64, 3083 }, // U+0362
    { 8, 16, 128, 0, 14, 32, 3147 }, // U+0363
    { 8, 16, 128, 0, 14, 32, 3179 }, // U+0364
    { 8, 16, 128, 0, 14, 32, 3211 }, // U+0365
    { 8, 16, 128, 0, 14, 32, 3243 }, // U+0366
    { 8, 16, 128, 0, 14, 32, 3275 }, // U+0367
    { 8, 16, 128, 0, 14, 32, 3307 }, // U+0368
    { 8, 16, 128, 0, 14, 32, 3339 }, // U+0369
    { 8, 16, 128, 0, 14, 32, 3371 }, // U+036A
    { 8, 16, 128, 0, 14, 32, 3403 }, // U+036B
    { 8, 16, 128, 0, 14, 32, 3435 }, // U+036C
    { 8, 16, 128, 0, 14, 32, 3467 }, // U+036D
    { 8, 16, 128, 0, 14, 32, 3499 }, // U+036E
    { 8, 16, 128, 0, 14, 32, 3531 }, // U+036F
    { 8, 16, 128, 0, 14, 32, 0 }, // U+0400
    { 8, 16, 128, 0, 14, 32, 32 }, // U+0401
    { 8, 16, 128, 0, 14, 32, 64 }, // U+0402
    { 8, 16, 128, 0, 14, 32, 96 }, // U+0403
    { 8, 16, 128, 0, 14, 32, 128 }, // U+0404
    { 8, 16, 128, 0, 14, 32, 160 }, // U+0405
    { 8, 16, 128, 0, 14, 32, 192 }, // U+0406
    { 8, 16, 128, 0, 14, 32, 224 }, // U+0407
    { 8, 16, 128, 0, 14, 32, 256 }, // U+0408
    { 8, 16, 128, 0, 14, 32, 288 }, // U+0409
    { 8, 16, 128, 0, 14, 32, 320 }, // U+040A
    { 8, 16, 128, 0, 14, 32, 352 }, // U+040B
    { 8, 16, 128, 0, 14, 32, 384 }, // U+040C
    { 8, 16, 128, 0, 14, 32, 416 }, // U+040D
    { 8, 16, 128, 0, 14, 32, 448 }, // U+040E
    { 8, 16, 128, 0, 14, 32, 480 }, // U+040F
    { 8, 16, 128, 0, 14, 32, 512 }, // U+0410
    { 8, 16, 128, 0, 14, 32, 544 }, // U+0411
    { 8, 16, 128, 0, 14, 32, 576 }, // U+0412
    { 8, 16, 128, 0, 14, 32, 608 }, // U+0413
    { 8, 16, 128, 0, 14, 32, 640 }, // U+0414
    { 8, 16, 128, 0, 14, 32, 672 }, // U+0415
    { 8, 16, 128, 0, 14, 32, 704 }, // U+0416
    { 8, 16, 128, 0, 14, 32, 736 }, // U+0417
    { 8, 16, 128, 0, 14, 32, 768 }, // U+0418
    { 8, 16, 128, 0, 14, 32, 800 }, // U+0419
    { 8, 16, 128, 0, 14, 32, 832 }, // U+041A
    { 8, 16, 128, 0, 14, 32, 864 }, // U+041B
    { 8, 16, 128, 0, 14, 32, 896 }, // U+041C
    { 8, 16, 128, 0, 14, 32, 928 }, // U+041D
    { 8, 16, 128, 0, 14, 32, 960 }, // U+041E
    { 8, 16, 128, 0, 14, 32, 992 }, // U+041F
    { 8, 16, 128, 0, 14, 32, 1024 }, // U+0420
    { 8, 16, 128, 0, 14, 32, 1056 }, // U+0421
    { 8, 16, 128, 0, 14, 32, 1088 }, // U+0422
    { 8, 16, 128, 0, 14, 32, 1120 }, // U+0423
    { 8, 16, 128, 0, 14, 32, 1152 }, // U+0424
    { 8, 16, 128, 0, 14, 32, 1184 }, // U+0425
    { 8, 16, 128, 0, 14, 32, 1216 }, // U+0426
    { 8, 16, 128, 0, 14, 32, 1248 }, // U+0427
    { 8, 16, 128, 0, 14, 32, 1280 }, // U+0428
    { 8, 16, 128, 0, 14, 32, 1312 }, // U+0429
    { 8, 16, 128, 0, 14, 32, 1344 }, // U+042A
    { 8, 16, 128, 0, 14, 32, 1376 }, // U+042B
    { 8, 16, 128, 0, 14, 32, 1408 }, // U+042C
    { 8, 16, 128, 0, 14, 32, 1440 }, // U+042D
    { 8, 16, 128, 0, 14, 32, 1472 }, // U+042E
    { 8, 16, 128, 0, 14, 32, 1504 }, // U+042F
    { 8, 16, 128, 0, 14, 32, 1536 }, // U+0430
    { 8, 16, 128, 0, 14, 32, 1568 }, // U+0431
    { 8, 16, 128, 0, 14, 32, 1600 }, // U+0432
    { 8, 16, 128, 0, 14, 32, 1632 }, // U+0433
    { 8, 16, 128, 0, 14, 32, 1664 }, // U+0434
    { 8, 16, 128, 0, 14, 32, 1696 }, // U+0435
    { 8, 16, 128, 0, 14, 32, 1728 }, // U+0436
    { 8, 16, 128, 0, 14, 32, 1760 }, // U+0437
    { 8, 16, 128, 0, 14, 32, 1792 }, // U+0438
    { 8, 16, 128, 0, 14, 32, 1824 }, // U+0439
    { 8, 16, 128, 0, 14, 32, 1856 }, // U+043A
    { 8, 16, 128, 0, 14, 32, 1888 }, // U+043B
    { 8, 16, 128, 0, 14, 32, 1920 }, // U+043C
    { 8, 16, 128, 0, 14, 32, 1952 }, // U+043D
    { 8, 16, 128, 0, 14, 32, 1984 }, // U+043E
    { 8, 16, 128, 0, 14, 32, 2016 }, // U+043F
    { 8, 16, 128, 0, 14, 32, 2048 }, // U+0440
    { 8, 16, 128, 0, 14, 32, 2080 }, // U+0441
    { 8, 16, 128, 0, 14, 32, 2112 }, // U+0442
    { 8, 16, 128, 0, 14, 32, 2144 }, // U+0443
    { 8, 16, 128, 0, 14, 32, 2176 }, // U+0444
    { 8, 16, 128, 0, 14, 32, 2208 }, // U+0445
    { 8, 16, 128, 0, 14, 32, 2240 }, // U+0446
    { 8, 16, 128, 0, 14, 32, 2272 }, // U+0447
    { 8, 16, 128, 0, 14, 32, 2304 }, // U+0448
    { 8, 16, 128, 0, 14, 32, 2336 }, // U+0449
    { 8, 16, 128, 0, 14, 32, 2368 }, // U+044A
    { 8, 16, 128, 0, 14, 32, 2400 }, // U+044B
    { 8, 16, 128, 0, 14, 32, 2432 }, // U+044C
    { 8, 16, 128, 0, 14, 32, 2464 }, // U+044D
    { 8, 16, 128, 0, 14, 32, 2496 }, // U+044E
    { 8, 16, 128, 0, 14, 32, 2528 }, // U+044F
    { 8, 16, 128, 0, 14, 32, 2560 }, // U+0450
    { 8, 16, 128, 0, 14, 32, 2592 }, // U+0451
    { 8, 16, 128, 0, 14, 32, 2624 }, // U+0452
    { 8, 16, 128, 0, 14, 32, 2656 }, // U+0453
    { 8, 16, 128, 0, 14, 32, 2688 }, // U+0454
    { 8, 16, 128, 0, 14, 32, 2720 }, // U+0455
    { 8, 16, 128, 0, 14, 32, 2752 }, // U+0456
    { 8, 16, 128, 0, 14, 32, 2784 }, // U+0457
    { 8, 16, 128, 0, 14, 32, 2816 }, // U+0458
    { 8, 16, 128, 0, 14, 32, 2848 }, // U+0459
    { 8, 16, 128, 0, 14, 32, 2880 }, // U+045A
    { 8, 16, 128, 0, 14, 32, 2912 }, // U+045B
    { 8, 16, 128, 0, 14, 32, 2944 }, // U+045C
    { 8, 16, 128, 0, 14, 32, 2976 }, // U+045D
    { 8, 16, 128, 0, 14, 32, 3008 }, // U+045E
    { 8, 16, 128, 0, 14, 32, 3040 }, // U+045F
    { 8, 16, 128, 0, 14, 32, 3072 }, // U+0460
    { 8, 16, 128, 0, 14, 32, 3104 }, // U+0461
    { 8, 16, 128, 0, 14, 32, 3136 }, // U+0462
    { 8, 16, 128, 0, 14, 32, 3168 }, // U+0463
    { 8, 16, 128, 0, 14, 32, 3200 }, // U+0464
    { 8, 16, 128, 0, 14, 32, 3232 }, // U+0465
    { 8, 16, 128, 0, 14, 32, 3264 }, // U+0466
    { 8, 16, 128, 0, 14, 32, 3296 }, // U+0467
    { 8, 16, 128, 0, 14, 32, 3328 }, // U+0468
    { 8, 16, 128, 0, 14, 32, 3360 }, // U+0469
    { 8, 16, 128, 0, 14, 32, 3392 }, // U+046A
    { 8, 16, 128, 0, 14, 32, 3424 }, // U+046B
    { 8, 16, 128, 0, 14, 32, 3456 }, // U+046C
    { 8, 16, 128, 0, 14, 32, 3488 }, // U+046D
    { 8, 16, 128, 0, 14, 32, 3520 }, // U+046E
    { 8, 16, 128, 0, 14, 32, 3552 }, // U+046F
    { 8, 16, 128, 0, 14, 32, 3584 }, // U+0470
    { 8, 16, 128, 0, 14, 32, 3616 }, // U+0471
    { 8, 16, 128, 0, 14, 32, 3648 }, // U+0472
    { 8, 16, 128, 0, 14, 32, 3680 }, // U+0473
    { 8, 16, 128, 0, 14, 32, 3712 }, // U+0474
    { 8, 16, 128, 0, 14, 32, 3744 }, // U+0475
    { 8, 16, 128, 0, 14, 32, 3776 }, // U+0476
    { 8, 16, 128, 0, 14, 32, 3808 }, // U+0477
    { 8, 16, 128, 0, 14, 32, 3840 }, // U+0478
    { 8, 16, 128, 0, 14, 32, 3872 }, // U+0479
    { 8, 16, 128, 0, 14, 32, 3904 }, // U+047A
    { 8, 16, 128, 0, 14, 32, 3936 }, // U+047B
    { 8, 16, 128, 0, 14, 32, 3968 }, // U+047C
    { 8, 16, 128, 0, 14, 32, 4000 }, // U+047D
    { 8, 16, 128, 0, 14, 32, 4032 }, // U+047E
    { 8, 16, 128, 0, 14, 32, 4064 }, // U+047F
    { 8, 16, 128, 0, 14, 32, 4096 }, // U+0480
    { 8, 16, 128, 0, 14, 32, 4128 }, // U+0481
    { 8, 16, 128, 0, 14, 32, 4160 }, // U+0482
    { 8, 16, 128, 0, 14, 32, 4192 }, // U+0483
    { 8, 16, 128, 0, 14, 32, 4224 }, // U+0484
    { 8, 16, 128, 0, 14, 32, 4256 }, // U+0485
    { 8, 16, 128, 0, 14, 32, 4288 }, // U+0486
    { 8, 16, 128, 0, 14, 32, 4320 }, // U+0487
    { 16, 16, 256, 0, 14, 64, 4352 }, // U+0488
    { 16, 16, 256, 0, 14, 64, 4416 }, // U+0489
    { 8, 16, 128, 0, 14, 32, 4480 }, // U+048A
    { 8, 16, 128, 0, 14, 32, 4512 }, // U+048B
    { 8, 16, 128, 0, 14, 32, 4544 }, // U+048C
    { 8, 16, 128, 0, 14, 32, 4576 }, // U+048D
    { 8, 16, 128, 0, 14, 32, 4608 }, // U+048E
    { 8, 16, 128, 0, 14, 32, 4640 }, // U+048F
    { 8, 16, 128, 0, 14, 32, 4672 }, // U+0490
    { 8, 16, 128, 0, 14, 32, 4704 }, // U+0491
    { 8, 16, 128, 0, 14, 32, 4736 }, // U+0492
    { 8, 16, 128, 0, 14, 32, 4768 }, // U+0493
    { 8, 16, 128, 0, 14, 32, 4800 }, // U+0494
    { 8, 16, 128, 0, 14, 32, 4832 }, // U+0495
    { 8, 16, 128, 0, 14, 32, 4864 }, // U+0496
    { 8, 16, 128, 0, 14, 32, 4896 }, // U+0497
    { 8, 16, 128, 0, 14, 32, 4928 }, // U+0498
    { 8, 16, 128, 0, 14, 32, 4960 }, // U+0499
    { 8, 16, 128, 0, 14, 32, 4992 }, // U+049A
    { 8, 16, 128, 0, 14, 32, 5024 }, // U+049B
    { 8, 16, 128, 0, 14, 32, 5056 }, // U+049C
    { 8, 16, 128, 0, 14, 32, 5088 }, // U+049D
    { 8, 16, 128, 0, 14, 32, 5120 }, // U+049E
    { 8, 16, 128, 0, 14, 32, 5152 }, // U+049F
    { 8, 16, 128, 0, 14, 32, 5184 }, // U+04A0
    { 8, 16, 128, 0, 14, 32, 5216 }, // U+04A1
    { 8, 16, 128, 0, 14, 32, 5248 }, // U+04A2
    { 8, 16, 128, 0, 14, 32, 5280 }, // U+04A3
    { 8, 16, 128, 0, 14, 32, 5312 }, // U+04A4
    { 8, 16, 128, 0, 14, 32, 5344 }, // U+04A5
    { 8, 16, 128, 0, 14, 32, 5376 }, // U+04A6
    { 8, 16, 128, 0, 14, 32, 5408 }, // U+04A7
    { 8, 16, 128, 0, 14, 32, 5440 }, // U+04A8
    { 8, 16, 128, 0, 14, 32, 5472 }, // U+04A9
    { 8, 16, 128, 0, 14, 32, 5504 }, // U+04AA
    { 8, 16, 128, 0, 14, 32, 5536 }, // U+04AB
    { 8, 16, 128, 0, 14, 32, 5568 }, // U+04AC
    { 8, 16, 128, 0, 14, 32, 5600 }, // U+04AD
    { 8, 16, 128, 0, 14, 32, 5632 }, // U+04AE
    { 8, 16, 128, 0, 14, 32, 5664 }, // U+04AF
    { 8, 16, 128, 0, 14, 32, 5696 }, // U+04B0
    { 8, 16, 128, 0, 14, 32, 5728 }, // U+04B1
    { 8, 16, 128, 0, 14, 32, 5760 }, // U+04B2
    { 8, 16, 128, 0, 14, 32, 5792 }, // U+04B3
    { 8, 16, 128, 0, 14, 32, 5824 }, // U+04B4
    { 8, 16, 128, 0, 14, 32, 5856 }, // U+04B5
    { 8, 16, 128, 0, 14, 32, 5888 }, // U+04B6
    { 8, 16, 128, 0, 14, 32, 5920 }, // U+04B7
    { 8, 16, 128, 0, 14, 32, 5952 }, // U+04B8
    { 8, 16, 128, 0, 14, 32, 5984 }, // U+04B9
    { 8, 16, 128, 0, 14, 32, 6016 }, // U+04BA
    { 8, 16, 128, 0, 14, 32, 6048 }, // U+04BB
    { 8, 16, 128, 0, 14, 32, 6080 }, // U+04BC
    { 8, 16, 128, 0, 14, 32, 6112 }, // U+04BD
    { 8, 16, 128, 0, 14, 32, 6144 }, // U+04BE
    { 8, 16, 128, 0, 14, 32, 6176 }, // U+04BF
    { 8, 16, 128, 0, 14, 32, 6208 }, // U+04C0
    { 8, 16, 128, 0, 14, 32, 6240 }, // U+04C1
    { 8, 16, 128, 0, 14, 32, 6272 }, // U+04C2
    { 8, 16, 128, 0, 14, 32, 6304 }, // U+04C3
    { 8, 16, 128, 0, 14, 32, 6336 }, // U+04C4
    { 8, 16, 128, 0, 14, 32, 6368 }, // U+04C5
    { 8, 16, 128, 0, 14, 32, 6400 }, // U+04C6
    { 8, 16, 128, 0, 14, 32, 6432 }, // U+04C7
    { 8, 16, 128, 0, 14, 32, 6464 }, // U+04C8
    { 8, 16, 128, 0, 14, 32, 6496 }, // U+04C9
    { 8, 16, 128, 0, 14, 32, 6528 }, // U+04CA
    { 8, 16, 128, 0, 14, 32, 6560 }, // U+04CB
    { 8, 16, 128, 0, 14, 32, 6592 }, // U+04CC
    { 8, 16, 128, 0, 14, 32, 6624 }, // U+04CD
    { 8, 16, 128, 0, 14, 32, 6656 }, // U+04CE
    { 8, 16, 128, 0, 14, 32, 6688 }, // U+04CF
    { 8, 16, 128, 0, 14, 32, 6720 }, // U+04D0
    { 8, 16, 128, 0, 14, 32, 6752 }, // U+04D1
    { 8, 16, 128, 0, 14, 32, 6784 }, // U+04D2
    { 8, 16, 128, 0, 14, 32, 6816 }, // U+04D3
    { 8, 16, 128, 0, 14, 32, 6848 }, // U+04D4
    { 8, 16, 128, 0, 14, 32, 6880 }, // U+04D5
    { 8, 16, 128, 0, 14, 32, 6912 }, // U+04D6
    { 8, 16, 128, 0, 14, 32, 6944 }, // U+04D7
    { 8, 16, 128, 0, 14, 32, 6976 }, // U+04D8
    { 8, 16, 128, 0, 14, 32, 7008 }, // U+04D9
    { 8, 16, 128, 0, 14, 32, 7040 }, // U+04DA
    { 8, 16, 128, 0, 14, 32, 7072 }, // U+04DB
    { 8, 16, 128, 0, 14, 32, 7104 }, // U+04DC
    { 8, 16, 128, 0, 14, 32, 7136 }, // U+04DD
    { 8, 16, 128, 0, 14, 32, 7168 }, // U+04DE
    { 8, 16, 128, 0, 14, 32, 7200 }, // U+04DF
    { 8, 16, 128, 0, 14, 32, 7232 }, // U+04E0
    { 8, 16, 128, 0, 14, 32, 7264 }, // U+04E1
    { 8, 16, 128, 0, 14, 32, 7296 }, // U+04E2
    { 8, 16, 128, 0, 14, 32, 7328 }, // U+04E3
    { 8, 16, 128, 0, 14, 32, 7360 }, // U+04E4
    { 8, 16, 128, 0, 14, 32, 7392 }, // U+04E5
    { 8, 16, 128, 0, 14, 32, 7424 }, // U+04E6
    { 8, 16, 128, 0, 14, 32, 7456 }, // U+04E7
    { 8, 16, 128, 0, 14, 32, 7488 }, // U+04E8
    { 8, 16, 128, 0, 14, 32, 7520 }, // U+04E9
    { 8, 16, 128, 0, 14, 32, 7552 }, // U+04EA
    { 8, 16, 128, 0, 14, 32, 7584 }, // U+04EB
    { 8, 16, 128, 0, 14, 32, 7616 }, // U+04EC
    { 8, 16, 128, 0, 14, 32, 7648 }, // U+04ED
    { 8, 16, 128, 0, 14, 32, 7680 }, // U+04EE
    { 8, 16, 128, 0, 14, 32, 7712 }, // U+04EF
    { 8, 16, 128, 0, 14, 32, 7744 }, // U+04F0
    { 8, 16, 128, 0, 14, 32, 7776 }, // U+04F1
    { 8, 16, 128, 0, 14, 32, 7808 }, // U+04F2
    { 8, 16, 128, 0, 14, 32, 7840 }, // U+04F3
    { 8, 16, 128, 0, 14, 32, 7872 }, // U+04F4
    { 8, 16, 128, 0, 14, 32, 7904 }, // U+04F5
    { 8, 16, 128, 0, 14, 32, 7936 }, // U+04F6
    { 8, 16, 128, 0, 14, 32, 7968 }, // U+04F7
    { 8, 16, 128, 0, 14, 32, 8000 }, // U+04F8
    { 8, 16, 128, 0, 14, 32, 8032 }, // U+04F9
    { 8, 16, 128, 0, 14, 32, 8064 }, // U+04FA
    { 8, 16, 128, 0, 14, 32, 8096 }, // U+04FB
    { 8, 16, 128, 0, 14, 32, 8128 }, // U+04FC
    { 8, 16, 128, 0, 14, 32, 8160 }, // U+04FD
    { 8, 16, 128, 0, 14, 32, 8192 }, // U+04FE
    { 8, 16, 128, 0, 14, 32, 8224 }, // U+04FF
    { 20, 22, 336, 0, 19, 110, 0 }, // U+1E0C
    { 14, 23, 224, 1, 20, 81, 110 }, // U+1E0D
    { 22, 22, 336, 0, 19, 121, 191 }, // U+1E24
    { 13, 23, 224, 0, 20, 75, 312 }, // U+1E25
    { 16, 22, 256, 0, 19, 88, 387 }, // U+1E36
    { 7, 23, 128, 1, 20, 41, 475 }, // U+1E37
    { 16, 24, 256, 0, 21, 96, 516 }, // U+1E38
    { 10, 25, 128, 1, 22, 63, 612 }, // U+1E39
    { 16, 21, 256, 0, 19, 84, 675 }, // U+1E3A
    { 9, 22, 128, -1, 20, 50, 759 }, // U+1E3B
    { 24, 22, 384, -1, 22, 132, 809 }, // U+1E40
    { 19, 16, 336, 1, 16, 76, 941 }, // U+1E41
    { 24, 22, 384, -1, 19, 132, 1017 }, // U+1E42
    { 19, 16, 336, 1, 13, 76, 1149 }, // U+1E43
    { 22, 22, 304, -1, 22, 121, 1225 }, // U+1E44
    { 13, 16, 224, 0, 16, 52, 1346 }, // U+1E45
    { 22, 22, 304, -1, 19, 121, 1398 }, // U+1E46
    { 13, 16, 224, 0, 13, 52, 1519 }, // U+1E47
    { 22, 21, 304, -1, 19, 116, 1571 }, // U+1E48
    { 13, 15, 224, 0, 13, 49, 1687 }, // U+1E49
    { 17, 22, 288, 0, 19, 94, 1736 }, // U+1E5A
    { 12, 16, 176, 1, 13, 48, 1830 }, // U+1E5B
    { 17, 24, 288, 0, 21, 102, 1878 }, // U+1E5C
    { 12, 18, 176, 1, 15, 54, 1980 }, // U+1E5D
    { 17, 21, 288, 0, 19, 90, 2034 }, // U+1E5E
    { 14, 15, 176, -1, 13, 53, 2124 }, // U+1E5F
    { 14, 22, 224, 1, 19, 77, 2177 }, // U+1E62
    { 10, 16, 176, 0, 13, 40, 2254 }, // U+1E63
    { 16, 22, 256, 2, 19, 88, 2294 }, // U+1E6C
    { 7, 19, 128, 1, 16, 34, 2382 }, // U+1E6D
    { 18, 22, 288, -1, 19, 99, 0 }, // U+1EA0
    { 12, 16, 224, 1, 13, 48, 99 }, // U+1EA1
    { 8, 16, 128, 0, 14, 32, 147 }, // U+1EA2
    { 8, 16, 128, 0, 14, 32, 179 }, // U+1EA3
    { 18, 32, 288, -1, 32, 144, 211 }, // U+1EA4
    { 12, 26, 224, 1, 26, 78, 355 }, // U+1EA5
    { 18, 32, 288, -1, 32, 144, 433 }, // U+1EA6
    { 12, 26, 224, 1, 26, 78, 577 }, // U+1EA7
    { 8, 16, 128, 0, 14, 32, 655 }, // U+1EA8
    { 8, 16, 128, 0, 14, 32, 687 }, // U+1EA9
    { 18, 29, 288, -1, 29, 131, 719 }, // U+1EAA
    { 13, 23, 224, 1, 23, 75, 850 }, // U+1EAB
    { 18, 28, 288, -1, 25, 126, 925 }, // U+1EAC
    { 12, 22, 224, 1, 19, 66, 1051 }, // U+1EAD
    { 18, 31, 288, -1, 31, 140, 1117 }, // U+1EAE
    { 12, 25, 224, 1, 25, 75, 1257 }, // U+1EAF
    { 18, 31, 288, -1, 31, 140, 1332 }, // U+1EB0
    { 12, 25, 224, 1, 25, 75, 1472 }, // U+1EB1
    { 8, 16, 128, 0, 14, 32, 1547 }, // U+1EB2
    { 8, 16, 128, 0, 14, 32, 1579 }, // U+1EB3
    { 18, 28, 288, -1, 28, 126, 1611 }, // U+1EB4
    { 13, 22, 224, 1, 22, 72, 1737 }, // U+1EB5
    { 18, 27, 288, -1, 24, 122, 1809 }, // U+1EB6
    { 12, 21, 224, 1, 18, 63, 1931 }, // U+1EB7
    { 17, 22, 288, 1, 19, 94, 1994 }, // U+1EB8
    { 11, 16, 208, 1, 13, 44, 2088 }, // U+1EB9
    { 8, 16, 128, 0, 14, 32, 2132 }, // U+1EBA
    { 8, 16, 128, 0, 14, 32, 2164 }, // U+1EBB
    { 17, 23, 288, 1, 23, 98, 2196 }, // U+1EBC
    { 12, 17, 208, 1, 17, 51, 2294 }, // U+1EBD
    { 17, 32, 288, 1, 32, 136, 2345 }, // U+1EBE
    { 12, 26, 208, 1, 26, 78, 2481 }, // U+1EBF
    { 17, 32, 288, 1, 32, 136, 2559 }, // U+1EC0
    { 12, 26, 208, 1, 26, 78, 2695 }, // U+1EC1
    { 8, 16, 128, 0, 14, 32, 2773 }, // U+1EC2
    { 8, 16, 128, 0, 14, 32, 2805 }, // U+1EC3
    { 17, 29, 288, 1, 29, 124, 2837 }, // U+1EC4
    { 13, 23, 208, 1, 23, 75, 2961 }, // U+1EC5
    { 17, 28, 288, 1, 25, 119, 3036 }, // U+1EC6
    { 12, 22, 208, 1, 19, 66, 3155 }, // U+1EC7
    { 8, 16, 128, 0, 14, 32, 3221 }, // U+1EC8
    { 8, 16, 128, 0, 14, 32, 3253 }, // U+1EC9
    { 11, 22, 144, 0, 19, 61, 3285 }, // U+1ECA
    { 6, 22, 128, 1, 19, 33, 3346 }, // U+1ECB
    { 20, 22, 336, 1, 19, 110, 3379 }, // U+1ECC
    { 12, 16, 224, 1, 13, 48, 3489 }, // U+1ECD
    { 8, 16, 128, 0, 14, 32, 3537 }, // U+1ECE
    { 8, 16, 128, 0, 14, 32, 3569 }, // U+1ECF
    { 20, 32, 336, 1, 32, 160, 3601 }, // U+1ED0
    { 12, 26, 224, 1, 26, 78, 3761 }, // U+1ED1
    { 20, 32, 336, 1, 32, 160, 3839 }, // U+1ED2
    { 12, 26, 224, 1, 26, 78, 3999 }, // U+1ED3
    { 8, 16, 128, 0, 14, 32, 4077 }, // U+1ED4
    { 8, 16, 128, 0, 14, 32, 4109 }, // U+1ED5
    { 20, 29, 336, 1, 29, 145, 4141 }, // U+1ED6
    { 13, 23, 224, 1, 23, 75, 4286 }, // U+1ED7
    { 20, 28, 336, 1, 25, 140, 4361 }, // U+1ED8
    { 12, 22, 224, 1, 19, 66, 4501 }, // U+1ED9
    { 22, 27, 336, 1, 27, 149, 4567 }, // U+1EDA
    { 14, 21, 224, 1, 21, 74, 4716 }, // U+1EDB
    { 22, 27, 336, 1, 27, 149, 4790 }, // U+1EDC
    { 14, 21, 224, 1, 21, 74, 4939 }, // U+1EDD
    { 8, 16, 128, 0, 14, 32, 5013 }, // U+1EDE
    { 8, 16, 128, 0, 14, 32, 5045 }, // U+1EDF
    { 22, 24, 336, 1, 24, 132, 5077 }, // U+1EE0
    { 14, 18, 224, 1, 18, 63, 5209 }, // U+1EE1
    { 22, 23, 336, 1, 20, 127, 5272 }, // U+1EE2
    { 14, 17, 224, 1, 14, 60, 5399 }, // U+1EE3
    { 19, 22, 336, 3, 19, 105, 5459 }, // U+1EE4
    { 13, 16, 224, 0, 13, 52, 5564 }, // U+1EE5
    { 8, 16, 128, 0, 14, 32, 5616 }, // U+1EE6
    { 8, 16, 128, 0, 14, 32, 5648 }, // U+1EE7
    { 21, 27, 336, 3, 27, 142, 5680 }, // U+1EE8
    { 15, 21, 224, 0, 21, 79, 5822 }, // U+1EE9
    { 21, 27, 336, 3, 27, 142, 5901 }, // U+1EEA
    { 15, 21, 224, 0, 21, 79, 6043 }, // U+1EEB
    { 8, 16, 128, 0, 14, 32, 6122 }, // U+1EEC
    { 8, 16, 128, 0, 14, 32, 6154 }, // U+1EED
    { 21, 24, 336, 3, 24, 126, 6186 }, // U+1EEE
    { 15, 18, 224, 0, 18, 68, 6312 }, // U+1EEF
    { 21, 23, 336, 3, 20, 121, 6380 }, // U+1EF0
    { 15, 17, 224, 0, 14, 64, 6501 }, // U+1EF1
    { 15, 26, 256, 3, 26, 98, 6565 }, // U+1EF2
    { 13, 26, 208, -1, 20, 85, 6663 }, // U+1EF3
    { 15, 22, 256, 3, 19, 83, 6748 }, // U+1EF4
    { 13, 22, 208, -1, 13, 72, 6831 }, // U+1EF5
    { 8, 16, 128, 0, 14, 32, 6903 }, // U+1EF6
    { 8, 16, 128, 0, 14, 32, 6935 }, // U+1EF7
    { 15, 23, 256, 3, 23, 87, 6967 }, // U+1EF8
    { 13, 23, 208, -1, 17, 75, 7054 }, // U+1EF9
    { 1, 1, 224, 0, 1, 1, 0 }, // U+2000
    { 1, 1, 464, 0, 1, 1, 1 }, // U+2001
    { 1, 1, 224, 0, 1, 1, 2 }, // U+2002
    { 1, 1, 464, 0, 1, 1, 3 }, // U+2003
    { 1, 1, 144, 0, 1, 1, 4 }, // U+2004
    { 1, 1, 112, 0, 1, 1, 5 }, // U+2005
    { 1, 1, 80, 0, 1, 1, 6 }, // U+2006
    { 1, 1, 224, 0, 1, 1, 7 }, // U+2007
    { 1, 1, 112, 0, 1, 1, 8 }, // U+2008
    { 1, 1, 96, 0, 1, 1, 9 }, // U+2009
    { 1, 1, 48, 0, 1, 1, 10 }, // U+200A
    { 1, 1, 0, 0, 1, 1, 11 }, // U+200B
    { 16, 16, 256, 0, 14, 64, 12 }, // U+200C
    { 16, 16, 256, 0, 14, 64, 76 }, // U+200D
    { 16, 16, 256, 0, 14, 64, 140 }, // U+200E
    { 16, 16, 256, 0, 14, 64, 204 }, // U+200F
    { 7, 2, 144, 1, 7, 4, 268 }, // U+2010
    { 7, 2, 144, 1, 7, 4, 272 }, // U+2011
    { 14, 2, 224, 0, 7, 7, 276 }, // U+2012
    { 14, 2, 224, 0, 7, 7, 283 }, // U+2013
    { 26, 2, 416, 0, 7, 13, 290 }, // U+2014
    { 26, 2, 416, 0, 7, 13, 303 }, // U+2015
    { 8, 16, 128, 0, 14, 32, 316 }, // U+2016
    { 8, 16, 128, 0, 14, 32, 348 }, // U+2017
    { 3, 6, 144, 5, 20, 5, 380 }, // U+2018
    { 3, 6, 144, 5, 20, 5, 385 }, // U+2019
    { 3, 6, 144, 1, 3, 5, 390 }, // U+201A
    { 3, 6, 144, 5, 20, 5, 395 }, // U+201B
    { 9, 6, 256, 5, 20, 14, 400 }, // U+201C
    { 9, 6, 256, 5, 20, 14, 414 }, // U+201D
    { 9, 6, 256, 1, 3, 14, 428 }, // U+201E
    { 9, 6, 256, 5, 20, 14, 442 }, // U+201F
    { 11, 24, 224, 3, 20, 66, 456 }, // U+2020
    { 13, 24, 224, 1, 20, 78, 522 }, // U+2021
    { 8, 7, 160, 2, 13, 14, 600 }, // U+2022
    { 8, 16, 128, 0, 14, 32, 614 }, // U+2023
    { 8, 16, 128, 0, 14, 32, 646 }, // U+2024
    { 8, 16, 128, 0, 14, 32, 678 }, // U+2025
    { 21, 3, 416, 1, 3, 16, 710 }, // U+2026
    { 8, 16, 128, 0, 14, 32, 726 }, // U+2027
    { 16, 16, 256, 0, 14, 64, 758 }, // U+2028
    { 16, 16, 256, 0, 14, 64, 822 }, // U+2029
    { 16, 16, 256, 0, 14, 64, 886 }, // U+202A
    { 16, 16, 256, 0, 14, 64, 950 }, // U+202B
    { 16, 16, 256, 0, 14, 64, 1014 }, // U+202C
    { 16, 16, 256, 0, 14, 64, 1078 }, // U+202D
    { 16, 16, 256, 0, 14, 64, 1142 }, // U+202E
    { 8, 16, 128, 0, 14, 32, 1206 }, // U+202F
    { 27, 20, 464, 3, 20, 135, 1238 }, // U+2030
    { 8, 16, 128, 0, 14, 32, 1373 }, // U+2031
    { 8, 16, 128, 0, 14, 32, 1405 }, // U+2032
    { 8, 16, 128, 0, 14, 32, 1437 }, // U+2033
    { 8, 16, 128, 0, 14, 32, 1469 }, // U+2034
    { 8, 16, 128, 0, 14, 32, 1501 }, // U+2035
    { 8, 16, 128, 0, 14, 32, 1533 }, // U+2036
    { 8, 16, 128, 0, 14, 32, 1565 }, // U+2037
    { 8, 16, 128, 0, 14, 32, 1597 }, // U+2038
    { 6, 10, 144, 2, 12, 15, 1629 }, // U+2039
    { 6, 10, 144, 2, 12, 15, 1644 }, // U+203A
    { 8, 16, 128, 0, 14, 32, 1659 }, // U+203B
    { 8, 16, 128, 0, 14, 32, 1691 }, // U+203C
    { 8, 16, 128, 0, 14, 32, 1723 }, // U+203D
    { 8, 16, 128, 0, 14, 32, 1755 }, // U+203E
    { 8, 16, 128, 0, 14, 32, 1787 }, // U+203F
    { 8, 16, 128, 0, 14, 32, 1819 }, // U+2040
    { 8, 16, 128, 0, 14, 32, 1851 }, // U+2041
    { 8, 16, 128, 0, 14, 32, 1883 }, // U+2042
    { 8, 16, 128, 0, 14, 32, 1915 }, // U+2043
    { 14, 20, 80, 0, 20, 70, 1947 }, // U+2044
    { 8, 16, 128, 0, 14, 32, 2017 }, // U+2045
    { 8, 16, 128, 0, 14, 32, 2049 }, // U+2046
    { 8, 16, 128, 0, 14, 32, 2081 }, // U+2047
    { 8, 16, 128, 0, 14, 32, 2113 }, // U+2048
    { 8, 16, 128, 0, 14, 32, 2145 }, // U+2049
    { 8, 16, 128, 0, 14, 32, 2177 }, // U+204A
    { 8, 16, 128, 0, 14, 32, 2209 }, // U+204B
    { 8, 16, 128, 0, 14, 32, 2241 }, // U+204C
    { 8, 16, 128, 0, 14, 32, 2273 }, // U+204D
    { 8, 16, 128, 0, 14, 32, 2305 }, // U+204E
    { 8, 16, 128, 0, 14, 32, 2337 }, // U+204F
    { 8, 16, 128, 0, 14, 32, 2369 }, // U+2050
    { 8, 16, 128, 0, 14, 32, 2401 }, // U+2051
    { 8, 16, 128, 0, 14, 32, 2433 }, // U+2052
    { 8, 16, 128, 0, 14, 32, 2465 }, // U+2053
    { 8, 16, 128, 0, 14, 32, 2497 }, // U+2054
    { 8, 16, 128, 0, 14, 32, 2529 }, // U+2055
    { 8, 16, 128, 0, 14, 32, 2561 }, // U+2056
    { 16, 16, 256, 0, 14, 64, 2593 }, // U+2057
    { 8, 16, 128, 0, 14, 32, 2657 }, // U+2058
    { 8, 16, 128, 0, 14, 32, 2689 }, // U+2059
    { 8, 16, 128, 0, 14, 32, 2721 }, // U+205A
    { 8, 16, 128, 0, 14, 32, 2753 }, // U+205B
    { 8, 16, 128, 0, 14, 32, 2785 }, // U+205C
    { 8, 16, 128, 0, 14, 32, 2817 }, // U+205D
    { 8, 16, 128, 0, 14, 32, 2849 }, // U+205E
    { 8, 16, 128, 0, 14, 32, 2881 }, // U+205F
    { 16, 16, 256, 0, 14, 64, 2913 }, // U+2060
    { 16, 16, 256, 0, 14, 64, 2977 }, // U+2061
    { 16, 16, 256, 0, 14, 64, 3041 }, // U+2062
    { 16, 16, 256, 0, 14, 64, 3105 }, // U+2063
    { 16, 16, 256, 0, 14, 64, 3169 }, // U+2064
    { 16, 16, 256, 0, 14, 64, 3233 }, // U+2065
    { 16, 16, 256, 0, 14, 64, 3297 }, // U+2066
    { 16, 16, 256, 0, 14, 64, 3361 }, // U+2067
    { 16, 16, 256, 0, 14, 64, 3425 }, // U+2068
    { 16, 16, 256, 0, 14, 64, 3489 }, // U+2069
    { 16, 16, 256, 0, 14, 64, 3553 }, // U+206A
    { 16, 16, 256, 0, 14, 64, 3617 }, // U+206B
    { 16, 16, 256, 0, 14, 64, 3681 }, // U+206C
    { 16, 16, 256, 0, 14, 64, 3745 }, // U+206D
    { 16, 16, 256, 0, 14, 64, 3809 }, // U+206E
    { 16, 16, 256, 0, 14, 64, 3873 }, // U+206F
    { 8, 16, 128, 0, 14, 32, 0 }, // U+2070
    { 8, 16, 128, 0, 14, 32, 32 }, // U+2071
    { 16, 16, 256, 0, 14, 64, 64 }, // U+2072
    { 16, 16, 256, 0, 14, 64, 128 }, // U+2073
    { 8, 16, 128, 0, 14, 32, 192 }, // U+2074
    { 8, 16, 128, 0, 14, 32, 224 }, // U+2075
    { 8, 16, 128, 0, 14, 32, 256 }, // U+2076
    { 8, 16, 128, 0, 14, 32, 288 }, // U+2077
    { 8, 16, 128, 0, 14, 32, 320 }, // U+2078
    { 8, 16, 128, 0, 14, 32, 352 }, // U+2079
    { 8, 16, 128, 0, 14, 32, 384 }, // U+207A
    { 8, 16, 128, 0, 14, 32, 416 }, // U+207B
    { 8, 16, 128, 0, 14, 32, 448 }, // U+207C
    { 8, 16, 128, 0, 14, 32, 480 }, // U+207D
    { 8, 16, 128, 0, 14, 32, 512 }, // U+207E
    { 8, 16, 128, 0, 14, 32, 544 }, // U+207F
    { 8, 16, 128, 0, 14, 32, 576 }, // U+2080
    { 7, 11, 128, 3, 5, 20, 608 }, // U+2081
    { 11, 11, 128, 0, 5, 31, 628 }, // U+2082
    { 9, 11, 128, 1, 5, 25, 659 }, // U+2083
    { 8, 16, 128, 0, 14, 32, 684 }, // U+2084
    { 8, 16, 128, 0, 14, 32, 716 }, // U+2085
    { 8, 16, 128, 0, 14, 32, 748 }, // U+2086
    { 8, 16, 128, 0, 14, 32, 780 }, // U+2087
    { 8, 16, 128, 0, 14, 32, 812 }, // U+2088
    { 8, 16, 128, 0, 14, 32, 844 }, // U+2089
    { 8, 16, 128, 0, 14, 32, 876 }, // U+208A
    { 8, 16, 128, 0, 14, 32, 908 }, // U+208B
    { 8, 16, 128, 0, 14, 32, 940 }, // U+208C
    { 8, 16, 128, 0, 14, 32, 972 }, // U+208D
    { 8, 16, 128, 0, 14, 32, 1004 }, // U+208E
    { 8, 16, 128, 0, 14, 32, 1036 }, // U+208F
    { 8, 16, 128, 0, 14, 32, 1068 }, // U+2090
    { 8, 16, 128, 0, 14, 32, 1100 }, // U+2091
    { 8, 16, 128, 0, 14, 32, 1132 }, // U+2092
    { 8, 16, 128, 0, 14, 32, 1164 }, // U+2093
    { 8, 16, 128, 0, 14, 32, 1196 }, // U+2094
    { 8, 16, 128, 0, 14, 32, 1228 }, // U+2095
    { 8, 16, 128, 0, 14, 32, 1260 }, // U+2096
    { 8, 16, 128, 0, 14, 32, 1292 }, // U+2097
    { 8, 16, 128, 0, 14, 32, 1324 }, // U+2098
    { 8, 16, 128, 0, 14, 32, 1356 }, // U+2099
    { 8, 16, 128, 0, 14, 32, 1388 }, // U+209A
    { 8, 16, 128, 0, 14, 32, 1420 }, // U+209B
    { 8, 16, 128, 0, 14, 32, 1452 }, // U+209C
    { 8, 16, 128, 0, 14, 32, 1484 }, // U+209D
    { 8, 16, 128, 0, 14, 32, 1516 }, // U+209E
    { 8, 16, 128, 0, 14, 32, 1548 }, // U+209F
    { 8, 16, 128, 0, 14, 32, 0 }, // U+20A0
    { 8, 16, 128, 0, 14, 32, 32 }, // U+20A1
    { 8, 16, 128, 0, 14, 32, 64 }, // U+20A2
    { 8, 16, 128, 0, 14, 32, 96 }, // U+20A3
    { 8, 16, 128, 0, 14, 32, 128 }, // U+20A4
    { 19, 19, 336, 1, 16, 91, 160 }, // U+20A5
    { 22, 19, 304, -1, 19, 105, 251 }, // U+20A6
    { 8, 16, 128, 0, 14, 32, 356 }, // U+20A7
    { 8, 16, 128, 0, 14, 32, 388 }, // U+20A8
    { 24, 19, 384, 2, 19, 114, 420 }, // U+20A9
    { 8, 16, 128, 0, 14, 32, 534 }, // U+20AA
    { 8, 16, 128, 0, 14, 32, 566 }, // U+20AB
    { 18, 20, 304, 2, 20, 90, 598 }, // U+20AC
    { 21, 19, 304, 0, 19, 100, 688 }, // U+20AD
    { 8, 16, 128, 0, 14, 32, 788 }, // U+20AE
    { 8, 16, 128, 0, 14, 32, 820 }, // U+20AF
    { 8, 16, 128, 0, 14, 32, 852 }, // U+20B0
    { 8, 16, 128, 0, 14, 32, 884 }, // U+20B1
    { 8, 16, 128, 0, 14, 32, 916 }, // U+20B2
    { 8, 16, 128, 0, 14, 32, 948 }, // U+20B3
    { 8, 16, 128, 0, 14, 32, 980 }, // U+20B4
    { 8, 16, 128, 0, 14, 32, 1012 }, // U+20B5
    { 8, 16, 128, 0, 14, 32, 1044 }, // U+20B6
    { 8, 16, 128, 0, 14, 32, 1076 }, // U+20B7
    { 8, 16, 128, 0, 14, 32, 1108 }, // U+20B8
    { 16, 16, 256, 0, 14, 64, 1140 }, // U+20B9
    { 8, 16, 128, 0, 14, 32, 1204 }, // U+20BA
    { 8, 16, 128, 0, 14, 32, 1236 }, // U+20BB
    { 8, 16, 128, 0, 14, 32, 1268 }, // U+20BC
    { 8, 16, 128, 0, 14, 32, 1300 }, // U+20BD
    { 8, 16, 128, 0, 14, 32, 1332 }, // U+20BE
    { 8, 16, 128, 0, 14, 32, 1364 }, // U+20BF
    { 8, 16, 128, 0, 14, 32, 1396 }, // U+20C0
    { 8, 16, 128, 0, 14, 32, 1428 }, // U+20C1
    { 8, 16, 128, 0, 14, 32, 1460 }, // U+20C2
    { 8, 16, 128, 0, 14, 32, 1492 }, // U+20C3
    { 8, 16, 128, 0, 14, 32, 1524 }, // U+20C4
    { 16, 16, 256, 0, 14, 64, 1556 }, // U+20C5
    { 16, 16, 256, 0, 14, 64, 1620 }, // U+20C6
    { 16, 16, 256, 0, 14, 64, 1684 }, // U+20C7
    { 16, 16, 256, 0, 14, 64, 1748 }, // U+20C8
    { 16, 16, 256, 0, 14, 64, 1812 }, // U+20C9
    { 16, 16, 256, 0, 14, 64, 1876 }, // U+20CA
    { 16, 16, 256, 0, 14, 64, 1940 }, // U+20CB
    { 16, 16, 256, 0, 14, 64, 2004 }, // U+20CC
    { 16, 16, 256, 0, 14, 64, 2068 }, // U+20CD
    { 16, 16, 256, 0, 14, 64, 2132 }, // U+20CE
    { 16, 16, 256, 0, 14, 64, 2196 }, // U+20CF
    { 8, 16, 128, 0, 14, 32, 0 }, // U+2190
    { 8, 16, 128, 0, 14, 32, 32 }, // U+2191
    { 8, 16, 128, 0, 14, 32, 64 }, // U+2192
    { 8, 16, 128, 0, 14, 32, 96 }, // U+2193
    { 8, 16, 128, 0, 14, 32, 128 }, // U+2194
    { 8, 16, 128, 0, 14, 32, 160 }, // U+2195
    { 8, 16, 128, 0, 14, 32, 192 }, // U+2196
    { 8, 16, 128, 0, 14, 32, 224 }, // U+2197
    { 8, 16, 128, 0, 14, 32, 256 }, // U+2198
    { 8, 16, 128, 0, 14, 32, 288 }, // U+2199
    { 8, 16, 128, 0, 14, 32, 320 }, // U+219A
    { 8, 16, 128, 0, 14, 32, 352 }, // U+219B
    { 16, 16, 256, 0, 14, 64, 384 }, // U+219C
    { 16, 16, 256, 0, 14, 64, 448 }, // U+219D
    { 8, 16, 128, 0, 14, 32, 512 }, // U+219E
    { 8, 16, 128, 0, 14, 32, 544 }, // U+219F
    { 8, 16, 128, 0, 14, 32, 576 }, // U+21A0
    { 8, 16, 128, 0, 14, 32, 608 }, // U+21A1
    { 8, 16, 128, 0, 14, 32, 640 }, // U+21A2
    { 8, 16, 128, 0, 14, 32, 672 }, // U+21A3
    { 8, 16, 128, 0, 14, 32, 704 }, // U+21A4
    { 8, 16, 128, 0, 14, 32, 736 }, // U+21A5
    { 8, 16, 128, 0, 14, 32, 768 }, // U+21A6
    { 8, 16, 128, 0, 14, 32, 800 }, // U+21A7
    { 8, 16, 128, 0, 14, 32, 832 }, // U+21A8
    { 8, 16, 128, 0, 14, 32, 864 }, // U+21A9
    { 8, 16, 128, 0, 14, 32, 896 }, // U+21AA
    { 8, 16, 128, 0, 14, 32, 928 }, // U+21AB
    { 8, 16, 128, 0, 14, 32, 960 }, // U+21AC
    { 8, 16, 128, 0, 14, 32, 992 }, // U+21AD
    { 8, 16, 128, 0, 14, 32, 1024 }, // U+21AE
    { 8, 16, 128, 0, 14, 32, 1056 }, // U+21AF
    { 8, 16, 128, 0, 14, 32, 1088 }, // U+21B0
    { 8, 16, 128, 0, 14, 32, 1120 }, // U+21B1
    { 8, 16, 128, 0, 14, 32, 1152 }, // U+21B2
    { 8, 16, 128, 0, 14, 32, 1184 }, // U+21B3
    { 8, 16, 128, 0, 14, 32, 1216 }, // U+21B4
    { 8, 16, 128, 0, 14, 32, 1248 }, // U+21B5
    { 8, 16, 128, 0, 14, 32, 1280 }, // U+21B6
    { 8, 16, 128, 0, 14, 32, 1312 }, // U+21B7
    { 8, 16, 128, 0, 14, 32, 1344 }, // U+21B8
    { 8, 16, 128, 0, 14, 32, 1376 }, // U+21B9
    { 8, 16, 128, 0, 14, 32, 1408 }, // U+21BA
    { 8, 16, 128, 0, 14, 32, 1440 }, // U+21BB
    { 8, 16, 128, 0, 14, 32, 1472 }, // U+21BC
    { 8, 16, 128, 0, 14, 32, 1504 }, // U+21BD
    { 8, 16, 128, 0, 14, 32, 1536 }, // U+21BE
    { 8, 16, 128, 0, 14, 32, 1568 }, // U+21BF
    { 8, 16, 128, 0, 14, 32, 1600 }, // U+21C0
    { 8, 16, 128, 0, 14, 32, 1632 }, // U+21C1
    { 8, 16, 128, 0, 14, 32, 1664 }, // U+21C2
    { 8, 16, 128, 0, 14, 32, 1696 }, // U+21C3
    { 8, 16, 128, 0, 14, 32, 1728 }, // U+21C4
    { 8, 16, 128, 0, 14, 32, 1760 }, // U+21C5
    { 8, 16, 128, 0, 14, 32, 1792 }, // U+21C6
    { 8, 16, 128, 0, 14, 32, 1824 }, // U+21C7
    { 8, 16, 128, 0, 14, 32, 1856 }, // U+21C8
    { 8, 16, 128, 0, 14, 32, 1888 }, // U+21C9
    { 8, 16, 128, 0, 14, 32, 1920 }, // U+21CA
    { 8, 16, 128, 0, 14, 32, 1952 }, // U+21CB
    { 8, 16, 128, 0, 14, 32, 1984 }, // U+21CC
    { 8, 16, 128, 0, 14, 32, 2016 }, // U+21CD
    { 8, 16, 128, 0, 14, 32, 2048 }, // U+21CE
    { 8, 16, 128, 0, 14, 32, 2080 }, // U+21CF
    { 8, 16, 128, 0, 14, 32, 2112 }, // U+21D0
    { 8, 16, 128, 0, 14, 32, 2144 }, // U+21D1
    { 8, 16, 128, 0, 14, 32, 2176 }, // U+21D2
    { 8, 16, 128, 0, 14, 32, 2208 }, // U+21D3
    { 8, 16, 128, 0, 14, 32, 2240 }, // U+21D4
    { 8, 16, 128, 0, 14, 32, 2272 }, // U+21D5
    { 8, 16, 128, 0, 14, 32, 2304 }, // U+21D6
    { 8, 16, 128, 0, 14, 32, 2336 }, // U+21D7
    { 8, 16, 128, 0, 14, 32, 2368 }, // U+21D8
    { 8, 16, 128, 0, 14, 32, 2400 }, // U+21D9
    { 8, 16, 128, 0, 14, 32, 2432 }, // U+21DA
    { 8, 16, 128, 0, 14, 32, 2464 }, // U+21DB
    { 8, 16, 128, 0, 14, 32, 2496 }, // U+21DC
    { 8, 16, 128, 0, 14, 32, 2528 }, // U+21DD
    { 8, 16, 128, 0, 14, 32, 2560 }, // U+21DE
    { 8, 16, 128, 0, 14, 32, 2592 }, // U+21DF
    { 8, 16, 128, 0, 14, 32, 2624 }, // U+21E0
    { 8, 16, 128, 0, 14, 32, 2656 }, // U+21E1
    { 8, 16, 128, 0, 14, 32, 2688 }, // U+21E2
    { 8, 16, 128, 0, 14, 32, 2720 }, // U+21E3
    { 8, 16, 128, 0, 14, 32, 2752 }, // U+21E4
    { 8, 16, 128, 0, 14, 32, 2784 }, // U+21E5
    { 8, 16, 128, 0, 14, 32, 2816 }, // U+21E6
    { 8, 16, 128, 0, 14, 32, 2848 }, // U+21E7
    { 8, 16, 128, 0, 14, 32, 2880 }, // U+21E8
    { 8, 16, 128, 0, 14, 32, 2912 }, // U+21E9
    { 8, 16, 128, 0, 14, 32, 2944 }, // U+21EA
    { 8, 16, 128, 0, 14, 32, 2976 }, // U+21EB
    { 8, 16, 128, 0, 14, 32, 3008 }, // U+21EC
    { 8, 16, 128, 0, 14, 32, 3040 }, // U+21ED
    { 8, 16, 128, 0, 14, 32, 3072 }, // U+21EE
    { 8, 16, 128, 0, 14, 32, 3104 }, // U+21EF
    { 8, 16, 128, 0, 14, 32, 3136 }, // U+21F0
    { 8, 16, 128, 0, 14, 32, 3168 }, // U+21F1
    { 8, 16, 128, 0, 14, 32, 3200 }, // U+21F2
    { 8, 16, 128, 0, 14, 32, 3232 }, // U+21F3
    { 16, 16, 256, 0, 14, 64, 3264 }, // U+21F4
    { 8, 16, 128, 0, 14, 32, 3328 }, // U+21F5
    { 8, 16, 128, 0, 14, 32, 3360 }, // U+21F6
    { 8, 16, 128, 0, 14, 32, 3392 }, // U+21F7
    { 8, 16, 128, 0, 14, 32, 3424 }, // U+21F8
    { 16, 16, 256, 0, 14, 64, 3456 }, // U+21F9
    { 16, 16, 256, 0, 14, 64, 3520 }, // U+21FA
    { 16, 16, 256, 0, 14, 64, 3584 }, // U+21FB
    { 16, 16, 256, 0, 14, 64, 3648 }, // U+21FC
    { 8, 16, 128, 0, 14, 32, 3712 }, // U+21FD
    { 8, 16, 128, 0, 14, 32, 3744 }, // U+21FE
    { 16, 16, 256, 0, 14, 64, 3776 }, // U+21FF
    { 8, 16, 128, 0, 14, 32, 0 }, // U+2200
    { 8, 16, 128, 0, 14, 32, 32 }, // U+2201
    { 8, 16, 128, 0, 14, 32, 64 }, // U+2202
    { 8, 16, 128, 0, 14, 32, 96 }, // U+2203
    { 8, 16, 128, 0, 14, 32, 128 }, // U+2204
    { 8, 16, 128, 0, 14, 32, 160 }, // U+2205
    { 8, 16, 128, 0, 14, 32, 192 }, // U+2206
    { 8, 16, 128, 0, 14, 32, 224 }, // U+2207
    { 8, 16, 128, 0, 14, 32, 256 }, // U+2208
    { 8, 16, 128, 0, 14, 32, 288 }, // U+2209
    { 8, 16, 128, 0, 14, 32, 320 }, // U+220A
    { 8, 16, 128, 0, 14, 32, 352 }, // U+220B
    { 8, 16, 128, 0, 14, 32, 384 }, // U+220C
    { 8, 16, 128, 0, 14, 32, 416 }, // U+220D
    { 8, 16, 128, 0, 14, 32, 448 }, // U+220E
    { 8, 16, 128, 0, 14, 32, 480 }, // U+220F
    { 8, 16, 128, 0, 14, 32, 512 }, // U+2210
    { 8, 16, 128, 0, 14, 32, 544 }, // U+2211
    { 14, 2, 304, 3, 9, 7, 576 }, // U+2212
    { 8, 16, 128, 0, 14, 32, 583 }, // U+2213
    { 8, 16, 128, 0, 14, 32, 615 }, // U+2214
    { 14, 20, 80, 0, 20, 70, 647 }, // U+2215
    { 8, 16, 128, 0, 14, 32, 717 }, // U+2216
    { 8, 16, 128, 0, 14, 32, 749 }, // U+2217
    { 8, 16, 128, 0, 14, 32, 781 }, // U+2218
    { 3, 3, 112, 2, 9, 3, 813 }, // U+2219
    { 8, 16, 128, 0, 14, 32, 816 }, // U+221A
    { 8, 16, 128, 0, 14, 32, 848 }, // U+221B
    { 8, 16, 128, 0, 14, 32, 880 }, // U+221C
    { 8, 16, 128, 0, 14, 32, 912 }, // U+221D
    { 8, 16, 128, 0, 14, 32, 944 }, // U+221E
    { 8, 16, 128, 0, 14, 32, 976 }, // U+221F
    { 8, 16, 128, 0, 14, 32, 1008 }, // U+2220
    { 8, 16, 128, 0, 14, 32, 1040 }, // U+2221
    { 8, 16, 128, 0, 14, 32, 1072 }, // U+2222
    { 8, 16, 128, 0, 14, 32, 1104 }, // U+2223
    { 8, 16, 128, 0, 14, 32, 1136 }, // U+2224
    { 8, 16, 128, 0, 14, 32, 1168 }, // U+2225
    { 8, 16, 128, 0, 14, 32, 1200 }, // U+2226
    { 8, 16, 128, 0, 14, 32, 1232 }, // U+2227
    { 8, 16, 128, 0, 14, 32, 1264 }, // U+2228
    { 8, 16, 128, 0, 14, 32, 1296 }, // U+2229
    { 8, 16, 128, 0, 14, 32, 1328 }, // U+222A
    { 8, 16, 128, 0, 14, 32, 1360 }, // U+222B
    { 8, 16, 128, 0, 14, 32, 1392 }, // U+222C
    { 8, 16, 128, 0, 14, 32, 1424 }, // U+222D
    { 8, 16, 128, 0, 14, 32, 1456 }, // U+222E
    { 8, 16, 128, 0, 14, 32, 1488 }, // U+222F
    { 8, 16, 128, 0, 14, 32, 1520 }, // U+2230
    { 8, 16, 128, 0, 14, 32, 1552 }, // U+2231
    { 8, 16, 128, 0, 14, 32, 1584 }, // U+2232
    { 8, 16, 128, 0, 14, 32, 1616 }, // U+2233
    { 8, 16, 128, 0, 14, 32, 1648 }, // U+2234
    { 8, 16, 128, 0, 14, 32, 1680 }, // U+2235
    { 6, 13, 144, 1, 13, 20, 1712 }, // U+2236
    { 8, 16, 128, 0, 14, 32, 1732 }, // U+2237
    { 8, 16, 128, 0, 14, 32, 1764 }, // U+2238
    { 8, 16, 128, 0, 14, 32, 1796 }, // U+2239
    { 8, 16, 128, 0, 14, 32, 1828 }, // U+223A
    { 8, 16, 128, 0, 14, 32, 1860 }, // U+223B
    { 8, 16, 128, 0, 14, 32, 1892 }, // U+223C
    { 8, 16, 128, 0, 14, 32, 1924 }, // U+223D
    { 8, 16, 128, 0, 14, 32, 1956 }, // U+223E
    { 8, 16, 128, 0, 14, 32, 1988 }, // U+223F
    { 8, 16, 128, 0, 14, 32, 2020 }, // U+2240
    { 8, 16, 128, 0, 14, 32, 2052 }, // U+2241
    { 8, 16, 128, 0, 14, 32, 2084 }, // U+2242
    { 8, 16, 128, 0, 14, 32, 2116 }, // U+2243
    { 8, 16, 128, 0, 14, 32, 2148 }, // U+2244
    { 8, 16, 128, 0, 14, 32, 2180 }, // U+2245
    { 8, 16, 128, 0, 14, 32, 2212 }, // U+2246
    { 8, 16, 128, 0, 14, 32, 2244 }, // U+2247
    { 8, 16, 128, 0, 14, 32, 2276 }, // U+2248
    { 8, 16, 128, 0, 14, 32, 2308 }, // U+2249
    { 8, 16, 128, 0, 14, 32, 2340 }, // U+224A
    { 8, 16, 128, 0, 14, 32, 2372 }, // U+224B
    { 8, 16, 128, 0, 14, 32, 2404 }, // U+224C
    { 8, 16, 128, 0, 14, 32, 2436 }, // U+224D
    { 8, 16, 128, 0, 14, 32, 2468 }, // U+224E
    { 8, 16, 128, 0, 14, 32, 2500 }, // U+224F
    { 8, 16, 128, 0, 14, 32, 2532 }, // U+2250
    { 8, 16, 128, 0, 14, 32, 2564 }, // U+2251
    { 8, 16, 128, 0, 14, 32, 2596 }, // U+2252
    { 8, 16, 128, 0, 14, 32, 2628 }, // U+2253
    { 8, 16, 128, 0, 14, 32, 2660 }, // U+2254
    { 8, 16, 128, 0, 14, 32, 2692 }, // U+2255
    { 8, 16, 128, 0, 14, 32, 2724 }, // U+2256
    { 8, 16, 128, 0, 14, 32, 2756 }, // U+2257
    { 8, 16, 128, 0, 14, 32, 2788 }, // U+2258
    { 14, 13, 304, 3, 17, 46, 2820 }, // U+2259
    { 14, 13, 304, 3, 17, 46, 2866 }, // U+225A
    { 8, 16, 128, 0, 14, 32, 2912 }, // U+225B
    { 8, 16, 128, 0, 14, 32, 2944 }, // U+225C
    { 8, 16, 128, 0, 14, 32, 2976 }, // U+225D
    { 8, 16, 128, 0, 14, 32, 3008 }, // U+225E
    { 8, 16, 128, 0, 14, 32, 3040 }, // U+225F
    { 14, 17, 304, 3, 16, 60, 3072 }, // U+2260
    { 14, 10, 304, 3, 13, 35, 3132 }, // U+2261
    { 14, 17, 304, 3, 16, 60, 3167 }, // U+2262
    { 8, 16, 128, 0, 14, 32, 3227 }, // U+2263
    { 14, 16, 304, 3, 17, 56, 3259 }, // U+2264
    { 14, 16, 304, 3, 17, 56, 3315 }, // U+2265
    { 8, 16, 128, 0, 14, 32, 3371 }, // U+2266
    { 8, 16, 128, 0, 14, 32, 3403 }, // U+2267
    { 8, 16, 128, 0, 14, 32, 3435 }, // U+2268
    { 8, 16, 128, 0, 14, 32, 3467 }, // U+2269
    { 8, 16, 128, 0, 14, 32, 3499 }, // U+226A
    { 8, 16, 128, 0, 14, 32, 3531 }, // U+226B
    { 8, 16, 128, 0, 14, 32, 3563 }, // U+226C
    { 8, 16, 128, 0, 14, 32, 3595 }, // U+226D
    { 14, 17, 304, 3, 16, 60, 3627 }, // U+226E
    { 14, 17, 304, 3, 16, 60, 3687 }, // U+226F
    { 14, 20, 304, 3, 19, 70, 3747 }, // U+2270
    { 14, 20, 304, 3, 19, 70, 3817 }, // U+2271
    { 8, 16, 128, 0, 14, 32, 3887 }, // U+2272
    { 8, 16, 128, 0, 14, 32, 3919 }, // U+2273
    { 8, 16, 128, 0, 14, 32, 3951 }, // U+2274
    { 8, 16, 128, 0, 14, 32, 3983 }, // U+2275
    { 8, 16, 128, 0, 14, 32, 4015 }, // U+2276
    { 8, 16, 128, 0, 14, 32, 4047 }, // U+2277
    { 8, 16, 128, 0, 14, 32, 4079 }, // U+2278
    { 8, 16, 128, 0, 14, 32, 4111 }, // U+2279
    { 8, 16, 128, 0, 14, 32, 4143 }, // U+227A
    { 8, 16, 128, 0, 14, 32, 4175 }, // U+227B
    { 8, 16, 128, 0, 14, 32, 4207 }, // U+227C
    { 8, 16, 128, 0, 14, 32, 4239 }, // U+227D
    { 8, 16, 128, 0, 14, 32, 4271 }, // U+227E
    { 8, 16, 128, 0, 14, 32, 4303 }, // U+227F
    { 8, 16, 128, 0, 14, 32, 4335 }, // U+2280
    { 8, 16, 128, 0, 14, 32, 4367 }, // U+2281
    { 8, 16, 128, 0, 14, 32, 4399 }, // U+2282
    { 8, 16, 128, 0, 14, 32, 4431 }, // U+2283
    { 8, 16, 128, 0, 14, 32, 4463 }, // U+2284
    { 8, 16, 128, 0, 14, 32, 4495 }, // U+2285
    { 8, 16, 128, 0, 14, 32, 4527 }, // U+2286
    { 8, 16, 128, 0, 14, 32, 4559 }, // U+2287
    { 8, 16, 128, 0, 14, 32, 4591 }, // U+2288
    { 8, 16, 128, 0, 14, 32, 4623 }, // U+2289
    { 8, 16, 128, 0, 14, 32, 4655 }, // U+228A
    { 8, 16, 128, 0, 14, 32, 4687 }, // U+228B
    { 8, 16, 128, 0, 14, 32, 4719 }, // U+228C
    { 8, 16, 128, 0, 14, 32, 4751 }, // U+228D
    { 8, 16, 128, 0, 14, 32, 4783 }, // U+228E
    { 8, 16, 128, 0, 14, 32, 4815 }, // U+228F
    { 8, 16, 128, 0, 14, 32, 4847 }, // U+2290
    { 8, 16, 128, 0, 14, 32, 4879 }, // U+2291
    { 8, 16, 128, 0, 14, 32, 4911 }, // U+2292
    { 8, 16, 128, 0, 14, 32, 4943 }, // U+2293
    { 8, 16, 128, 0, 14, 32, 4975 }, // U+2294
    { 8, 16, 128, 0, 14, 32, 5007 }, // U+2295
    { 8, 16, 128, 0, 14, 32, 5039 }, // U+2296
    { 8, 16, 128, 0, 14, 32, 5071 }, // U+2297
    { 8, 16, 128, 0, 14, 32, 5103 }, // U+2298
    { 8, 16, 128, 0, 14, 32, 5135 }, // U+2299
    { 8, 16, 128, 0, 14, 32, 5167 }, // U+229A
    { 8, 16, 128, 0, 14, 32, 5199 }, // U+229B
    { 8, 16, 128, 0, 14, 32, 5231 }, // U+229C
    { 8, 16, 128, 0, 14, 32, 5263 }, // U+229D
    { 8, 16, 128, 0, 14, 32, 5295 }, // U+229E
    { 8, 16, 128, 0, 14, 32, 5327 }, // U+229F
    { 8, 16, 128, 0, 14, 32, 5359 }, // U+22A0
    { 8, 16, 128, 0, 14, 32, 5391 }, // U+22A1
    { 8, 16, 128, 0, 14, 32, 5423 }, // U+22A2
    { 8, 16, 128, 0, 14, 32, 5455 }, // U+22A3
    { 8, 16, 128, 0, 14, 32, 5487 }, // U+22A4
    { 8, 16, 128, 0, 14, 32, 5519 }, // U+22A5
    { 8, 16, 128, 0, 14, 32, 5551 }, // U+22A6
    { 8, 16, 128, 0, 14, 32, 5583 }, // U+22A7
    { 8, 16, 128, 0, 14, 32, 5615 }, // U+22A8
    { 8, 16, 128, 0, 14, 32, 5647 }, // U+22A9
    { 8, 16, 128, 0, 14, 32, 5679 }, // U+22AA
    { 8, 16, 128, 0, 14, 32, 5711 }, // U+22AB
    { 8, 16, 128, 0, 14, 32, 5743 }, // U+22AC
    { 8, 16, 128, 0, 14, 32, 5775 }, // U+22AD
    { 8, 16, 128, 0, 14, 32, 5807 }, // U+22AE
    { 8, 16, 128, 0, 14, 32, 5839 }, // U+22AF
    { 8, 16, 128, 0, 14, 32, 5871 }, // U+22B0
    { 8, 16, 128, 0, 14, 32, 5903 }, // U+22B1
    { 8, 16, 128, 0, 14, 32, 5935 }, // U+22B2
    { 8, 16, 128, 0, 14, 32, 5967 }, // U+22B3
    { 8, 16, 128, 0, 14, 32, 5999 }, // U+22B4
    { 8, 16, 128, 0, 14, 32, 6031 }, // U+22B5
    { 16, 16, 256, 0, 14, 64, 6063 }, // U+22B6
    { 16, 16, 256, 0, 14, 64, 6127 }, // U+22B7
    { 16, 16, 256, 0, 14, 64, 6191 }, // U+22B8
    { 8, 16, 128, 0, 14, 32, 6255 }, // U+22B9
    { 8, 16, 128, 0, 14, 32, 6287 }, // U+22BA
    { 8, 16, 128, 0, 14, 32, 6319 }, // U+22BB
    { 8, 16, 128, 0, 14, 32, 6351 }, // U+22BC
    { 8, 16, 128, 0, 14, 32, 6383 }, // U+22BD
    { 8, 16, 128, 0, 14, 32, 6415 }, // U+22BE
    { 8, 16, 128, 0, 14, 32, 6447 }, // U+22BF
    { 8, 16, 128, 0, 14, 32, 6479 }, // U+22C0
    { 8, 16, 128, 0, 14, 32, 6511 }, // U+22C1
    { 8, 16, 128, 0, 14, 32, 6543 }, // U+22C2
    { 8, 16, 128, 0, 14, 32, 6575 }, // U+22C3
    { 8, 16, 128, 0, 14, 32, 6607 }, // U+22C4
    { 8, 16, 128, 0, 14, 32, 6639 }, // U+22C5
    { 8, 16, 128, 0, 14, 32, 6671 }, // U+22C6
    { 8, 16, 128, 0, 14, 32, 6703 }, // U+22C7
    { 8, 16, 128, 0, 14, 32, 6735 }, // U+22C8
    { 8, 16, 128, 0, 14, 32, 6767 }, // U+22C9
    { 8, 16, 128, 0, 14, 32, 6799 }, // U+22CA
    { 8, 16, 128, 0, 14, 32, 6831 }, // U+22CB
    { 8, 16, 128, 0, 14, 32, 6863 }, // U+22CC
    { 8, 16, 128, 0, 14, 32, 6895 }, // U+22CD
    { 8, 16, 128, 0, 14, 32, 6927 }, // U+22CE
    { 8, 16, 128, 0, 14, 32, 6959 }, // U+22CF
    { 8, 16, 128, 0, 14, 32, 6991 }, // U+22D0
    { 8, 16, 128, 0, 14, 32, 7023 }, // U+22D1
    { 8, 16, 128, 0, 14, 32, 7055 }, // U+22D2
    { 8, 16, 128, 0, 14, 32, 7087 }, // U+22D3
    { 8, 16, 128, 0, 14, 32, 7119 }, // U+22D4
    { 8, 16, 128, 0, 14, 32, 7151 }, // U+22D5
    { 8, 16, 128, 0, 14, 32, 7183 }, // U+22D6
    { 8, 16, 128, 0, 14, 32, 7215 }, // U+22D7
    { 16, 16, 256, 0, 14, 64, 7247 }, // U+22D8
    { 16, 16, 256, 0, 14, 64, 7311 }, // U+22D9
    { 8, 16, 128, 0, 14, 32, 7375 }, // U+22DA
    { 8, 16, 128, 0, 14, 32, 7407 }, // U+22DB
    { 8, 16, 128, 0, 14, 32, 7439 }, // U+22DC
    { 8, 16, 128, 0, 14, 32, 7471 }, // U+22DD
    { 8, 16, 128, 0, 14, 32, 7503 }, // U+22DE
    { 8, 16, 128, 0, 14, 32, 7535 }, // U+22DF
    { 8, 16, 128, 0, 14, 32, 7567 }, // U+22E0
    { 8, 16, 128, 0, 14, 32, 7599 }, // U+22E1
    { 8, 16, 128, 0, 14, 32, 7631 }, // U+22E2
    { 8, 16, 128, 0, 14, 32, 7663 }, // U+22E3
    { 8, 16, 128, 0, 14, 32, 7695 }, // U+22E4
    { 8, 16, 128, 0, 14, 32, 7727 }, // U+22E5
    { 8, 16, 128, 0, 14, 32, 7759 }, // U+22E6
    { 8, 16, 128, 0, 14, 32, 7791 }, // U+22E7
    { 8, 16, 128, 0, 14, 32, 7823 }, // U+22E8
    { 8, 16, 128, 0, 14, 32, 7855 }, // U+22E9
    { 8, 16, 128, 0, 14, 32, 7887 }, // U+22EA
    { 8, 16, 128, 0, 14, 32, 7919 }, // U+22EB
    { 8, 16, 128, 0, 14, 32, 7951 }, // U+22EC
    { 8, 16, 128, 0, 14, 32, 7983 }, // U+22ED
    { 8, 16, 128, 0, 14, 32, 8015 }, // U+22EE
    { 8, 16, 128, 0, 14, 32, 8047 }, // U+22EF
    { 8, 16, 128, 0, 14, 32, 8079 }, // U+22F0
    { 8, 16, 128, 0, 14, 32, 8111 }, // U+22F1
    { 16, 16, 256, 0, 14, 64, 8143 }, // U+22F2
    { 16, 16, 256, 0, 14, 64, 8207 }, // U+22F3
    { 8, 16, 128, 0, 14, 32, 8271 }, // U+22F4
    { 16, 16, 256, 0, 14, 64, 8303 }, // U+22F5
    { 16, 16, 256, 0, 14, 64, 8367 }, // U+22F6
    { 8, 16, 128, 0, 14, 32, 8431 }, // U+22F7
    { 8, 16, 128, 0, 14, 32, 8463 }, // U+22F8
    { 16, 16, 256, 0, 14, 64, 8495 }, // U+22F9
    { 16, 16, 256, 0, 14, 64, 8559 }, // U+22FA
    { 16, 16, 256, 0, 14, 64, 8623 }, // U+22FB
    { 8, 16, 128, 0, 14, 32, 8687 }, // U+22FC
    { 16, 16, 256, 0, 14, 64, 8719 }, // U+22FD
    { 8, 16, 128, 0, 14, 32, 8783 }, // U+22FE
    { 16, 16, 256, 0, 14, 64, 8815 }, // U+22FF
    { 8, 16, 128, 0, 14, 32, 0 }, // U+FB00
    { 8, 16, 128, 0, 14, 32, 32 }, // U+FB01
    { 8, 16, 128, 0, 14, 32, 64 }, // U+FB02
    { 8, 16, 128, 0, 14, 32, 96 }, // U+FB03
    { 8, 16, 128, 0, 14, 32, 128 }, // U+FB04
    { 8, 16, 128, 0, 14, 32, 160 }, // U+FB05
    { 8, 16, 128, 0, 14, 32, 192 }, // U+FB06
    { 8, 16, 128, 0, 14, 32, 0 }, // U+FFFD
};

static const EpdUnicodeInterval times_14_italicIntervals[] = {
    { 0x0, 0x17F, 0x0 },
    { 0x1A0, 0x1A1, 0x180 },
    { 0x1AF, 0x1B0, 0x182 },
    { 0x1C4, 0x21F, 0x184 },
    { 0x300, 0x36F, 0x1E0 },
    { 0x400, 0x4FF, 0x250 },
    { 0x1E0C, 0x1E0D, 0x350 },
    { 0x1E24, 0x1E25, 0x352 },
    { 0x1E36, 0x1E3B, 0x354 },
    { 0x1E40, 0x1E49, 0x35A },
    { 0x1E5A, 0x1E5F, 0x364 },
    { 0x1E62, 0x1E63, 0x36A },
    { 0x1E6C, 0x1E6D, 0x36C },
    { 0x1EA0, 0x1EF9, 0x36E },
    { 0x2000, 0x20CF, 0x3C8 },
    { 0x2190, 0x22FF, 0x498 },
    { 0xFB00, 0xFB06, 0x608 },
    { 0xFFFD, 0xFFFD, 0x60F },
};

static const EpdFontGroup times_14_italicGroups[] = {
    { 0, 1983, 8396, 128, 0 },
    { 1983, 1823, 9197, 128, 128 },
    { 3806, 1749, 11422, 128, 256 },
    { 5555, 1375, 6883, 96, 384 },
    { 6930, 493, 3574, 112, 480 },
    { 7423, 1369, 8256, 256, 592 },
    { 8792, 486, 2642, 30, 848 },
    { 9278, 1024, 7731, 90, 878 },
    { 10302, 899, 4012, 112, 968 },
    { 11201, 287, 1592, 48, 1080 },
    { 11488, 616, 2297, 48, 1128 },
    { 12104, 743, 3840, 112, 1176 },
    { 12847, 1685, 8981, 256, 1288 },
    { 14532, 80, 224, 7, 1544 },
    { 14612, 23, 32, 1, 1551 },
};

static const EpdFontData times_14_italic = {
    times_14_italicBitmaps,
    times_14_italicGlyphs,
    times_14_italicIntervals,
    18,
    30,
    23,
    -7,
    true,
    times_14_italicGroups,
    15,
    nullptr,
    nullptr,
    nullptr,
    nullptr,
    nullptr,
    nullptr,
    nullptr,
    nullptr,
    nullptr,
    nullptr,
    nullptr,
    0,
    0,
    0,
    0,
    nullptr,
    0,
};
