/**
 * generated by fontconvert.py
 * name: times_12_italic
 * size: 12
 * mode: 2-bit  compressed: true
 * Command used: fontconvert.py times_12_italic 12 ../../../x11/font-adobe-100dpi-1.0.4/timI18.bdf ../../../x11/unifont-18.0.01.bdf --2bit --compress --zopfli
 */
#pragma once
#include "EpdFontData.h"

static const uint8_t times_12_italicBitmaps[13708] = {
    0xA4, 0x95, 0x81, 0xA6, 0xE6, 0x40, 0x0C, 0x85, 0xC3, 0x01, 0x08, 0x79, 0x95, 0x30, 0x00, 0x65,
    0x5E, 0x3D, 0x04, 0x20, 0xF4, 0x55, 0xC2, 0x00, 0x0C, 0xDD, 0xB4, 0xB7, 0xFF, 0xDD, 0x8B, 0x5D,
    0x64, 0xF7, 0xC4, 0xF8, 0x1A, 0xF5, 0x39, 0xA8, 0xB6, 0x71, 0x87, 0xEE, 0x58, 0x1D, 0xFE, 0xEF,
    0xAB, 0xF8, 0x84, 0x88, 0x60, 0x54, 0x79, 0x29, 0xEE, 0x92, 0x3C, 0x58, 0x78, 0x5C, 0x16, 0x83,
    0x27, 0x5C, 0x3E, 0xF7, 0x7F, 0x72, 0x54, 0xFE, 0xE8, 0x9F, 0x31, 0x12, 0xAC, 0x02, 0xB8, 0x39,
    0xEB, 0x04, 0x8F, 0x8E, 0x3F, 0x5F, 0x7F, 0x3A, 0xFC, 0x8B, 0x4D, 0xDF, 0xCF, 0x2B, 0x59, 0x6D,
    0x86, 0xFA, 0x43, 0x37, 0x6F, 0xF9, 0xA1, 0x2B, 0x79, 0xF0, 0x3C, 0x87, 0x24, 0xAF, 0xA3, 0xF6,
    0xAB, 0xE3, 0x0B, 0x62, 0x64, 0x70, 0xF5, 0x0B, 0x6E, 0xAA, 0xC7, 0x68, 0xF5, 0xCB, 0x2A, 0x0F,
    0x3F, 0xD9, 0xEA, 0xC7, 0x16, 0x77, 0xE8, 0x4D, 0x38, 0xC8, 0xB0, 0x27, 0x3A, 0x3E, 0xF3, 0xE5,
    0xC1, 0x4C, 0xB2, 0x19, 0x37, 0x99, 0xB9, 0xE7, 0x53, 0xF9, 0x64, 0xDF, 0x94, 0x6D, 0xFD, 0xFE,
    0xB7, 0xD7, 0x95, 0x89, 0xAC, 0xD7, 0x2F, 0xFB, 0xED, 0x7D, 0xC9, 0xD4, 0xEB, 0xC7, 0xBE, 0x50,
    0x9E, 0x31, 0xDD, 0xF4, 0xDA, 0xCD, 0x7B, 0xFE, 0x7C, 0x7C, 0x64, 0x79, 0x6C, 0x26, 0x39, 0xBB,
    0xFD, 0x1E, 0xC4, 0x84, 0x64, 0x18, 0x33, 0x49, 0x5E, 0xAD, 0x7E, 0x71, 0xAC, 0x18, 0x20, 0x1E,
    0x5F, 0x14, 0x5F, 0xAB, 0xE3, 0x4F, 0x98, 0x67, 0xC0, 0x34, 0xA8, 0x48, 0x36, 0xE1, 0x4D, 0xDF,
    0x6F, 0x4F, 0xBF, 0x7C, 0xD0, 0xBF, 0xFB, 0x78, 0x78, 0xEF, 0x3D, 0xDF, 0x46, 0x79, 0x59, 0x7E,
    0x11, 0x79, 0xEF, 0x1D, 0x5F, 0xDD, 0x65, 0xC7, 0xD0, 0x23, 0x86, 0xAF, 0x73, 0xA9, 0xC6, 0x90,
    0x8E, 0x2F, 0x3A, 0x24, 0xD9, 0x43, 0x80, 0x69, 0x0E, 0x9E, 0x40, 0xCB, 0x9F, 0xE7, 0xF9, 0x7E,
    0xF7, 0xE4, 0x9B, 0xAD, 0x7E, 0xE1, 0x91, 0x7A, 0xAA, 0xCE, 0x58, 0xA9, 0xA1, 0xA2, 0x31, 0x5A,
    0xFE, 0x36, 0x0F, 0x5A, 0x26, 0x3B, 0x8A, 0x56, 0xB4, 0x5E, 0x7F, 0x8C, 0xF5, 0xFE, 0x3F, 0x96,
    0xC5, 0xE0, 0xF6, 0xF3, 0xF7, 0xBC, 0x92, 0x51, 0x74, 0x24, 0x0D, 0x9A, 0xA7, 0x5D, 0xDD, 0xF7,
    0xCF, 0xC9, 0x8A, 0x47, 0x11, 0x35, 0x1B, 0x1D, 0x9F, 0x3E, 0xFE, 0x51, 0x3E, 0xA3, 0xF6, 0x9E,
    0x8F, 0x2C, 0x9F, 0xAD, 0x58, 0xBE, 0x82, 0xC0, 0x4D, 0x9F, 0x5F, 0x9F, 0xDF, 0xFE, 0xFC, 0xBB,
    0x4F, 0x74, 0xD4, 0x6C, 0x4A, 0x4A, 0xD8, 0x33, 0x24, 0xC4, 0x35, 0x77, 0x94, 0xB2, 0xE6, 0x78,
    0x62, 0x15, 0x52, 0x26, 0xCA, 0xE3, 0xF7, 0x31, 0xA5, 0x79, 0x5D, 0x65, 0x25, 0xFD, 0x2A, 0xCD,
    0x4C, 0x56, 0x25, 0x77, 0x7A, 0x25, 0xFE, 0x03, 0x6D, 0x0D, 0x7A, 0x15, 0x43, 0x6F, 0x05, 0x7A,
    0x75, 0x41, 0x6D, 0x1B, 0xEA, 0x55, 0x02, 0xCE, 0x56, 0xA0, 0x7B, 0xD2, 0x49, 0x95, 0x6F, 0xD1,
    0xE7, 0xDF, 0xDF, 0x64, 0x45, 0x84, 0xA7, 0xB4, 0x52, 0x56, 0x4E, 0x35, 0xBC, 0xE8, 0x56, 0x17,
    0x67, 0x9A, 0xC3, 0x20, 0xFC, 0xE6, 0x7A, 0x1C, 0x8A, 0x29, 0x7B, 0xB4, 0x5B, 0xB8, 0x1F, 0x7E,
    0x1C, 0xF6, 0x1B, 0x6B, 0x18, 0xC8, 0xE2, 0x57, 0x71, 0x0A, 0xA9, 0x6A, 0x41, 0x8F, 0xEA, 0x67,
    0x79, 0x63, 0x5C, 0x68, 0x2B, 0xFC, 0x39, 0x45, 0x9A, 0x41, 0x98, 0x43, 0xDB, 0x01, 0xF2, 0x00,
    0x1D, 0x27, 0x28, 0x6A, 0x68, 0x3D, 0xBE, 0x2A, 0x1F, 0xCF, 0x2A, 0xCC, 0x29, 0x3C, 0x29, 0x8E,
    0xB0, 0x22, 0xC2, 0x40, 0xE1, 0xA0, 0x0C, 0xAC, 0x5C, 0x40, 0x83, 0x3D, 0xC1, 0x9D, 0xCD, 0x00,
    0x17, 0x78, 0x41, 0x02, 0xE3, 0xED, 0x4F, 0x56, 0x9B, 0x54, 0xDB, 0x13, 0x59, 0xA3, 0xCB, 0x9A,
    0xB0, 0x71, 0x6F, 0x6F, 0x49, 0x55, 0x1C, 0x9C, 0x3B, 0x8B, 0x8E, 0x13, 0x97, 0xE9, 0xC3, 0x4E,
    0x82, 0xD8, 0xD9, 0x2D, 0x8A, 0xFB, 0xD2, 0x6D, 0x42, 0xDC, 0x3E, 0x38, 0x29, 0x4C, 0x0B, 0x3B,
    0x15, 0x26, 0xBE, 0x55, 0x8F, 0xDA, 0x17, 0x89, 0x1B, 0x73, 0x6D, 0x04, 0xDC, 0x20, 0x22, 0x8E,
    0xD0, 0x68, 0x24, 0x89, 0x20, 0xD8, 0x6D, 0xFA, 0x6E, 0x6A, 0xE7, 0xE0, 0xBE, 0x8C, 0x8B, 0x0E,
    0xAB, 0xF0, 0x72, 0xC7, 0xF3, 0x42, 0x90, 0x7D, 0x41, 0x84, 0x68, 0x21, 0xD9, 0x37, 0x2A, 0x12,
    0x6F, 0xF0, 0xB2, 0x29, 0xBC, 0x70, 0x16, 0x12, 0xE2, 0x42, 0x5F, 0xD0, 0x82, 0x09, 0xAB, 0x05,
    0x2F, 0xA6, 0x21, 0xCB, 0x46, 0x4E, 0x3B, 0xC1, 0x5D, 0x5A, 0x58, 0xE1, 0x10, 0xEF, 0xC3, 0x23,
    0x88, 0x19, 0xCD, 0x14, 0x23, 0x53, 0x5B, 0xED, 0xC2, 0x27, 0x08, 0x2F, 0x86, 0xA5, 0x26, 0xB8,
    0x21, 0xAB, 0x4E, 0xB2, 0x79, 0x45, 0xD3, 0x58, 0xE3, 0x41, 0xC4, 0x75, 0x53, 0x6E, 0x0A, 0x2B,
    0x59, 0xCD, 0xF4, 0x37, 0x70, 0x16, 0xE2, 0x42, 0x0E, 0xD3, 0x14, 0x56, 0x98, 0xF0, 0x81, 0xA9,
    0x3F, 0xAB, 0xC0, 0x6A, 0xD7, 0x32, 0x02, 0x1A, 0x13, 0x79, 0x87, 0x9F, 0x43, 0x5A, 0xB5, 0x49,
    0xBC, 0x60, 0x57, 0x54, 0x5E, 0x99, 0xB8, 0xF0, 0x99, 0x9C, 0x16, 0x51, 0x2F, 0x6F, 0x1F, 0x31,
    0xBC, 0x73, 0x75, 0xE7, 0x05, 0x52, 0xAC, 0xA8, 0xDD, 0x36, 0x14, 0x8C, 0x48, 0x6C, 0xF6, 0x49,
    0x37, 0xA1, 0x0B, 0x8D, 0xD2, 0xE4, 0x03, 0x29, 0xEB, 0x55, 0xA7, 0xEF, 0x46, 0x5C, 0xC8, 0x6F,
    0x24, 0xED, 0x8F, 0xB6, 0xDE, 0xF5, 0xD6, 0x8E, 0xDC, 0x8B, 0x06, 0xAB, 0x65, 0xBC, 0x37, 0x2D,
    0xFB, 0xE3, 0x6A, 0x5C, 0x76, 0x10, 0x08, 0x38, 0xA0, 0x71, 0x31, 0x4B, 0x9A, 0x05, 0x17, 0xCC,
    0xDE, 0x35, 0x1C, 0x73, 0x6D, 0x00, 0xB0, 0x8F, 0x0B, 0x1A, 0xB2, 0xB0, 0xBD, 0xA3, 0x17, 0xB2,
    0xAC, 0x99, 0xA2, 0xA1, 0xC0, 0x1B, 0xF7, 0x0A, 0x5B, 0x78, 0x25, 0x16, 0xFA, 0x23, 0x59, 0x27,
    0x70, 0xA9, 0x2E, 0x40, 0x0E, 0xE0, 0x7A, 0x0F, 0x0C, 0x13, 0x38, 0x56, 0xFE, 0xF5, 0x4D, 0x32,
    0xAD, 0x12, 0x39, 0xCB, 0xA7, 0x53, 0xED, 0x6C, 0x0D, 0x4A, 0x49, 0x58, 0x29, 0x68, 0x43, 0x81,
    0x1C, 0x85, 0x29, 0x50, 0xE6, 0x29, 0xDA, 0xDB, 0x8B, 0x00, 0xC0, 0x01, 0x30, 0x01, 0x30, 0x58,
    0x81, 0x4D, 0xBF, 0xAE, 0xB9, 0x20, 0x04, 0xA7, 0x40, 0x82, 0xD7, 0xA4, 0xC8, 0x66, 0x20, 0x72,
    0xC4, 0xB2, 0x42, 0x56, 0xC8, 0xD9, 0x9C, 0xF2, 0x61, 0x06, 0xDC, 0x76, 0xD9, 0xA4, 0x89, 0x8B,
    0xA2, 0x11, 0xDA, 0x83, 0x07, 0x79, 0x99, 0xAC, 0x6C, 0xAB, 0xBC, 0xBC, 0x9C, 0x65, 0xC3, 0x8C,
    0x80, 0x79, 0x90, 0x0C, 0x41, 0x9A, 0x38, 0xAC, 0x38, 0x1C, 0x58, 0x4C, 0x20, 0xD8, 0x6C, 0x40,
    0x40, 0xEF, 0x73, 0x25, 0x56, 0x5E, 0x09, 0x23, 0xB6, 0x23, 0x67, 0xC0, 0xF1, 0x22, 0xB1, 0x22,
    0x30, 0x6D, 0xE9, 0x25, 0xC2, 0xEA, 0x25, 0x5E, 0x26, 0x1C, 0x7B, 0x97, 0xF4, 0xA2, 0xF7, 0x05,
    0x27, 0x79, 0xC5, 0x35, 0x83, 0x5F, 0x66, 0x24, 0xC6, 0x8E, 0xA4, 0x68, 0x76, 0x2A, 0x66, 0x40,
    0x8E, 0xC9, 0xB0, 0x5A, 0x04, 0xDF, 0xC1, 0x87, 0x83, 0x66, 0x46, 0xFF, 0xA5, 0x0F, 0x9C, 0xCD,
    0x69, 0x96, 0xAA, 0xC8, 0xCA, 0x1D, 0xA8, 0x09, 0xC3, 0x0A, 0xC3, 0x0B, 0x70, 0x80, 0x04, 0x88,
    0x2D, 0x3E, 0xD5, 0x10, 0xBC, 0x44, 0x04, 0xE8, 0x35, 0x6C, 0x5C, 0x30, 0x62, 0x89, 0x0F, 0x0E,
    0xDA, 0x92, 0xEC, 0x64, 0xD5, 0x96, 0xC6, 0x0B, 0xE1, 0x3B, 0x09, 0x08, 0xC7, 0xC4, 0x4E, 0xD6,
    0x9D, 0xB1, 0xFB, 0xF9, 0xED, 0x8E, 0xD1, 0x0F, 0x93, 0xAA, 0x7E, 0x98, 0x54, 0x9D, 0x85, 0x11,
    0xF8, 0xF0, 0xF3, 0xED, 0xDB, 0xCF, 0x86, 0xB4, 0x90, 0x05, 0xA3, 0x11, 0xBE, 0x4B, 0xEC, 0x5B,
    0x10, 0x0E, 0x44, 0x00, 0x2D, 0x60, 0x0A, 0xF8, 0x12, 0x20, 0x81, 0xA9, 0xC1, 0x2A, 0x96, 0x24,
    0x78, 0x39, 0xF8, 0xAE, 0xC7, 0xC4, 0x68, 0x76, 0xE8, 0xFC, 0xA5, 0xDB, 0xBD, 0x68, 0x8B, 0xB5,
    0xE9, 0xC5, 0xE9, 0x20, 0xC7, 0x6A, 0x66, 0xCA, 0x06, 0xB2, 0x48, 0x68, 0xDE, 0x6A, 0x0D, 0x83,
    0x37, 0x3C, 0x39, 0xB4, 0xF4, 0xBC, 0x54, 0xC2, 0x9E, 0xF5, 0x10, 0xF6, 0x78, 0x3C, 0x0A, 0xB3,
    0x87, 0x15, 0x6E, 0xBF, 0x2F, 0x6D, 0x2F, 0x0E, 0x93, 0xF3, 0xAD, 0xE5, 0x10, 0x56, 0x09, 0xF3,
    0xB0, 0x11, 0x76, 0x79, 0x4B, 0xAC, 0xB6, 0xFC, 0x2A, 0x83, 0xAF, 0x2D, 0x0E, 0xA5, 0x63, 0x8B,
    0x55, 0x2F, 0x89, 0xC0, 0xC8, 0x13, 0xC7, 0x2F, 0x11, 0x07, 0xCB, 0xFB, 0xBB, 0x29, 0xA7, 0x0C,
    0x60, 0x20, 0x1F, 0x22, 0x68, 0x13, 0x61, 0x45, 0xFA, 0x22, 0x64, 0x42, 0xC4, 0x66, 0x37, 0xA8,
    0xB1, 0xC5, 0x0A, 0xBC, 0x92, 0xC0, 0x1F, 0x0D, 0x53, 0x30, 0x53, 0x38, 0x8D, 0x13, 0x24, 0x49,
    0x5C, 0x0C, 0x9A, 0x46, 0x2E, 0x66, 0x7E, 0x4A, 0xE1, 0xDD, 0xD7, 0xF5, 0xBF, 0xC7, 0x61, 0x53,
    0xB0, 0xFD, 0x9B, 0x17, 0x31, 0x33, 0x92, 0x0D, 0x1F, 0x13, 0x55, 0xD0, 0x6C, 0x0A, 0x99, 0xEE,
    0x89, 0x4A, 0x58, 0x2D, 0xC6, 0x45, 0x27, 0xF1, 0x6D, 0x35, 0x72, 0x91, 0x5F, 0x28, 0xAD, 0xDC,
    0xEA, 0x58, 0x10, 0xF4, 0x8E, 0xF7, 0xB5, 0xE4, 0x9A, 0x4E, 0x16, 0x84, 0xDA, 0xEA, 0x39, 0xE4,
    0xAA, 0xDE, 0x51, 0x39, 0x55, 0x49, 0xFD, 0xDC, 0xAB, 0xFE, 0x9E, 0x92, 0x6C, 0x9B, 0xFA, 0x18,
    0x77, 0x27, 0xCE, 0x16, 0x91, 0x20, 0x02, 0xF6, 0xFD, 0x2D, 0xC2, 0x78, 0x89, 0x83, 0x38, 0xA0,
    0x09, 0x48, 0x13, 0xD8, 0x00, 0x23, 0x9B, 0x84, 0x70, 0x90, 0x43, 0x39, 0x56, 0x5E, 0xB6, 0x94,
    0xFD, 0xFE, 0xE7, 0xCE, 0x85, 0x0A, 0xBE, 0x16, 0x81, 0xE6, 0x0E, 0xBC, 0x60, 0x1E, 0x53, 0x53,
    0x4E, 0x10, 0x2C, 0x3D, 0x2F, 0x15, 0x4E, 0x53, 0x4B, 0x77, 0x57, 0x36, 0x70, 0x0B, 0x07, 0xF7,
    0x38, 0xC0, 0x8F, 0x08, 0xF0, 0x88, 0x13, 0x5C, 0x21, 0xF0, 0x8A, 0x5A, 0x9A, 0x80, 0xB3, 0x35,
    0x80, 0x83, 0x13, 0xF0, 0x55, 0x09, 0x4D, 0x42, 0x10, 0x90, 0x08, 0xDC, 0x0A, 0xDC, 0x01, 0xEB,
    0x25, 0xFA, 0x10, 0x0F, 0x20, 0x96, 0x28, 0xC0, 0xCA, 0xC1, 0x71, 0x48, 0xBC, 0x98, 0x9A, 0x66,
    0x94, 0x5A, 0x67, 0xCE, 0xB2, 0x60, 0x37, 0x7B, 0x61, 0x0F, 0xE0, 0xF7, 0xFD, 0x9A, 0x56, 0x37,
    0x9D, 0x9B, 0x23, 0xB0, 0x99, 0xB1, 0xA2, 0x1D, 0x74, 0xBC, 0x5B, 0x2E, 0x3F, 0x1F, 0x76, 0xE0,
    0xBE, 0x74, 0x58, 0x11, 0x5E, 0x28, 0x71, 0xCD, 0x4C, 0x91, 0x45, 0xB0, 0x20, 0x36, 0xAC, 0x6E,
    0x38, 0x37, 0xE2, 0x05, 0xBD, 0x30, 0x7C, 0x7C, 0x44, 0x77, 0x1C, 0xC3, 0xCA, 0x3E, 0x3F, 0xA8,
    0xE7, 0x4F, 0xFE, 0x82, 0x1B, 0xBA, 0xF1, 0x59, 0x90, 0xE1, 0x55, 0x66, 0xB0, 0x27, 0xF6, 0x28,
    0xB7, 0x8A, 0x6F, 0x20, 0x5D, 0x98, 0x6B, 0x53, 0x87, 0xE3, 0x4F, 0x3A, 0xAD, 0xC2, 0x89, 0x40,
    0xBB, 0x84, 0xAC, 0xE4, 0xD5, 0xBF, 0x6A, 0x1E, 0xBF, 0xD3, 0x64, 0x7F, 0x56, 0x63, 0x72, 0x6F,
    0x3F, 0x23, 0x2B, 0x92, 0x88, 0x05, 0x9D, 0xEC, 0x07, 0x51, 0x33, 0x05, 0x59, 0x26, 0x39, 0xCA,
    0x7B, 0x39, 0x79, 0x61, 0x7F, 0x70, 0x16, 0xE0, 0xF5, 0xE3, 0xF8, 0xF1, 0x27, 0xF4, 0x6B, 0x30,
    0x07, 0xDB, 0x84, 0xB8, 0xC7, 0xBD, 0xBE, 0x8A, 0xEF, 0xF8, 0x48, 0x13, 0x24, 0xF6, 0x55, 0xBE,
    0x5F, 0xA3, 0x99, 0x7A, 0x57, 0x84, 0x9C, 0x8E, 0x5D, 0x97, 0x09, 0x22, 0x36, 0xC5, 0x9B, 0x39,
    0x85, 0xFD, 0x18, 0xC6, 0x4F, 0xEB, 0xCA, 0xA6, 0x40, 0x9B, 0x24, 0x40, 0x8E, 0x49, 0x5E, 0xB1,
    0x40, 0x3B, 0xB2, 0x87, 0x6C, 0x40, 0xF7, 0xE7, 0xFB, 0xC8, 0x92, 0xA9, 0x90, 0x50, 0x7B, 0x79,
    0xF3, 0x43, 0x5E, 0xD1, 0xCE, 0xAB, 0x5F, 0x79, 0x4D, 0x14, 0x17, 0x7A, 0xA7, 0xD6, 0x7E, 0xCB,
    0xC4, 0x32, 0x00, 0xBC, 0x5E, 0xDF, 0xDE, 0xFC, 0xCE, 0x50, 0x25, 0xA0, 0x85, 0xF7, 0xE6, 0xB7,
    0xFB, 0xBF, 0xF7, 0x24, 0x15, 0x5F, 0x45, 0xF2, 0x53, 0x64, 0x2E, 0xB7, 0x72, 0xC7, 0x83, 0x14,
    0xB1, 0x11, 0x74, 0x20, 0x3F, 0xE4, 0x92, 0xD5, 0x8E, 0xCD, 0xEE, 0xA8, 0x3E, 0xDB, 0xAE, 0xBE,
    0x08, 0xBC, 0xE4, 0x65, 0xCF, 0x1E, 0x99, 0x12, 0x79, 0x05, 0x72, 0xB6, 0x58, 0x05, 0xFA, 0xFF,
    0xF2, 0x0D, 0x67, 0xC9, 0xB9, 0xA4, 0xBC, 0x64, 0xCF, 0x36, 0xED, 0x2C, 0x87, 0xA3, 0x78, 0xE1,
    0xCE, 0xCE, 0xEE, 0x75, 0xAF, 0x6E, 0xD9, 0x7F, 0x7E, 0x8F, 0x14, 0xB4, 0x17, 0x91, 0x22, 0x4A,
    0x0C, 0xA2, 0x77, 0xDC, 0xAF, 0xD8, 0xDF, 0x53, 0xE9, 0x43, 0xD8, 0x80, 0x73, 0x33, 0x80, 0x29,
    0xF8, 0x61, 0xDC, 0x6C, 0x78, 0x69, 0x8D, 0x9B, 0x4A, 0x2B, 0x0C, 0xFC, 0x85, 0x29, 0x7F, 0x94,
    0x3D, 0x6B, 0xF5, 0xD3, 0xFA, 0xC7, 0xA9, 0xC1, 0xC6, 0xDD, 0xCD, 0xCB, 0xCB, 0x44, 0xD3, 0x15,
    0x15, 0xD2, 0x14, 0x65, 0xE5, 0x95, 0xED, 0x2C, 0xCB, 0xFB, 0x97, 0x94, 0xF3, 0xAB, 0x82, 0xAC,
    0x70, 0xEE, 0x48, 0x16, 0xAC, 0xF6, 0x20, 0x56, 0x32, 0x4F, 0xC2, 0x6B, 0x68, 0x27, 0x2E, 0x68,
    0xE1, 0x51, 0xB6, 0xE2, 0xC1, 0x1A, 0x13, 0x3B, 0xD8, 0x41, 0xE9, 0xC8, 0x37, 0x15, 0x6E, 0xDF,
    0x7C, 0xE8, 0xB4, 0xA7, 0x56, 0x76, 0xCB, 0xF4, 0xAB, 0x4C, 0xB9, 0x93, 0xC3, 0x89, 0x57, 0xFC,
    0xAA, 0x46, 0xC5, 0x17, 0xBC, 0x87, 0xF9, 0x60, 0x8E, 0xFB, 0xD1, 0x57, 0xCA, 0xB3, 0xDE, 0x0B,
    0x6F, 0x58, 0xED, 0x25, 0xB6, 0xEE, 0x9E, 0x16, 0x17, 0x04, 0x85, 0x5D, 0x6E, 0x1A, 0x7C, 0x2A,
    0xA7, 0x4E, 0x2B, 0xFC, 0xCE, 0x8E, 0xED, 0x33, 0x63, 0x86, 0x69, 0xB0, 0xE2, 0x80, 0x13, 0xF4,
    0xC2, 0xDD, 0xCB, 0x69, 0x48, 0x70, 0x6E, 0x1C, 0x17, 0xE2, 0x85, 0x03, 0xAC, 0xE0, 0xBC, 0x4C,
    0xD4, 0x32, 0x2B, 0x63, 0x99, 0x73, 0x5C, 0x16, 0x9F, 0xB7, 0x41, 0x70, 0xFC, 0xB3, 0xCB, 0x04,
    0xFF, 0x5C, 0x13, 0x0A, 0x7B, 0x03, 0x0E, 0x10, 0x78, 0x9D, 0x29, 0x69, 0xAA, 0x92, 0x4A, 0xFE,
    0xF6, 0x9F, 0xCA, 0xF9, 0xFC, 0xD7, 0xFF, 0xA9, 0xFC, 0x1F, 0x9C, 0x94, 0x81, 0x06, 0x2C, 0x51,
    0x08, 0x86, 0x23, 0x80, 0x9F, 0x5E, 0x25, 0x0E, 0xC0, 0x72, 0x5E, 0x3D, 0x02, 0x88, 0x79, 0x95,
    0x08, 0x60, 0x99, 0xDB, 0xB1, 0x3B, 0xDC, 0xCB, 0x85, 0x76, 0xE0, 0x93, 0xF1, 0x69, 0xAA, 0x9A,
    0xE8, 0x87, 0x88, 0xD8, 0x88, 0xE8, 0xE1, 0x66, 0xAF, 0x8C, 0x85, 0x2D, 0x25, 0x89, 0x05, 0xC5,
    0xAA, 0xBF, 0xDF, 0x3F, 0x5C, 0xFD, 0xFC, 0xCF, 0x57, 0xFF, 0xFA, 0xB1, 0x0E, 0x4F, 0xCC, 0x13,
    0x7F, 0x8B, 0xCB, 0xF1, 0x9B, 0x77, 0x06, 0x63, 0x83, 0x65, 0x94, 0xFF, 0x72, 0x79, 0xB7, 0xBF,
    0xAE, 0xF6, 0x9B, 0x27, 0x1E, 0xE5, 0x6F, 0x21, 0x5E, 0xA1, 0x58, 0xB1, 0x42, 0x43, 0x4F, 0x3C,
    0xCB, 0x5F, 0xFC, 0x0E, 0xA6, 0xD5, 0xCC, 0x66, 0xC7, 0xF7, 0xC4, 0x17, 0xCF, 0x4A, 0x30, 0x84,
    0xFD, 0x36, 0x3B, 0x7D, 0x18, 0x7E, 0xFF, 0xD7, 0xDF, 0xDE, 0xF5, 0x53, 0xFB, 0x97, 0x4F, 0xFB,
    0x57, 0xE9, 0xA0, 0xED, 0xEC, 0xE9, 0xA4, 0xEA, 0xE2, 0x13, 0x1F, 0xAB, 0x2A, 0xD4, 0x54, 0xD2,
    0xD6, 0x21, 0xD4, 0x47, 0xBE, 0xAE, 0xAC, 0xD4, 0x93, 0xD8, 0x3C, 0xCC, 0x94, 0x69, 0xE6, 0x6F,
    0x70, 0x3D, 0x7B, 0x73, 0xFA, 0xA0, 0x52, 0x35, 0xF4, 0xE5, 0x5F, 0x3F, 0x47, 0x3E, 0xBD, 0xC1,
    0xE6, 0xF8, 0x30, 0x9A, 0xDE, 0x1C, 0xCD, 0xBF, 0x2A, 0x41, 0x10, 0xB6, 0x32, 0x5B, 0x74, 0xEE,
    0xE0, 0x77, 0x5F, 0xD1, 0xFE, 0xAC, 0x7E, 0xCE, 0x73, 0x77, 0xA4, 0x41, 0x95, 0x41, 0xD8, 0x3C,
    0xED, 0x9F, 0xAE, 0x0C, 0xCD, 0xC3, 0x84, 0xAA, 0xB2, 0xDD, 0x33, 0x7F, 0x55, 0xFB, 0x68, 0xBF,
    0x12, 0x8B, 0x94, 0x87, 0xF5, 0x9F, 0xFD, 0x65, 0x90, 0x30, 0xBB, 0x39, 0xE9, 0x66, 0xF1, 0x61,
    0xFF, 0x3E, 0x73, 0x07, 0xDF, 0x87, 0x27, 0x9E, 0xF8, 0x80, 0xF9, 0xF5, 0x32, 0x43, 0x84, 0x07,
    0xCA, 0x4E, 0x3C, 0xFB, 0x7E, 0x3B, 0x75, 0x43, 0xCE, 0xDC, 0x7F, 0xF8, 0xFF, 0xED, 0xAF, 0xBF,
    0xCF, 0xFF, 0x0F, 0xED, 0xC7, 0xCC, 0x17, 0xB7, 0xF6, 0x16, 0x09, 0xB4, 0xEC, 0xCC, 0x81, 0xBD,
    0x46, 0xBE, 0xF8, 0x95, 0x0A, 0x60, 0x85, 0xB8, 0x06, 0x5E, 0x1D, 0xFF, 0xB0, 0xBF, 0x26, 0x20,
    0xB7, 0x20, 0x7B, 0xF6, 0x6F, 0xEA, 0x2B, 0x9B, 0x27, 0xA9, 0xC9, 0xE5, 0xC3, 0xFB, 0xBD, 0xDD,
    0x09, 0x44, 0x09, 0x36, 0x80, 0xB8, 0x39, 0xCA, 0xFF, 0xDC, 0x8F, 0x3B, 0xA7, 0x2D, 0x12, 0x99,
    0xED, 0x7F, 0x4B, 0xEE, 0x28, 0xE3, 0x0C, 0x77, 0x32, 0x63, 0x1A, 0xEE, 0xCF, 0x9F, 0xDA, 0xCB,
    0x64, 0x35, 0x92, 0x1E, 0x08, 0xC2, 0x1F, 0xE4, 0x55, 0x90, 0xAF, 0x52, 0xF0, 0x5F, 0x13, 0xF4,
    0xEA, 0x01, 0x75, 0x1D, 0xF0, 0xAB, 0x04, 0xF8, 0x2A, 0xD0, 0x5F, 0x8B, 0x70, 0x1B, 0x7B, 0x96,
    0x66, 0xE8, 0x91, 0x22, 0xA2, 0xAB, 0x25, 0x65, 0x68, 0xAB, 0x35, 0x75, 0x3E, 0xF7, 0x38, 0xF6,
    0x3F, 0xD6, 0x75, 0xFC, 0xCB, 0xFE, 0xA1, 0x28, 0x36, 0x00, 0x84, 0x42, 0x41, 0x5E, 0xB9, 0x28,
    0x06, 0xC6, 0x80, 0x88, 0x03, 0xD0, 0x1D, 0xB3, 0xB2, 0x8D, 0x2A, 0x0E, 0x78, 0xC3, 0xBE, 0x20,
    0xD5, 0x9B, 0x72, 0x10, 0x90, 0xD0, 0x80, 0x18, 0x64, 0x52, 0x07, 0xC0, 0x0F, 0xF4, 0x49, 0x68,
    0x21, 0x39, 0x31, 0xD5, 0xDE, 0xE6, 0x18, 0xDD, 0x26, 0xC7, 0xEC, 0x7D, 0x8E, 0xDC, 0xDD, 0x19,
    0x45, 0x1D, 0xE8, 0x5C, 0x7F, 0xE7, 0x38, 0xAA, 0x4C, 0x4E, 0x77, 0x77, 0x72, 0xE5, 0x22, 0xE4,
    0x83, 0x22, 0x76, 0xE0, 0x07, 0x30, 0x60, 0x4E, 0x13, 0x7A, 0xFC, 0x26, 0x0F, 0x4E, 0x03, 0xDB,
    0x95, 0xCD, 0x9A, 0x6D, 0x70, 0xA7, 0x46, 0xA3, 0x3E, 0x57, 0x22, 0x48, 0x53, 0x85, 0x0B, 0x15,
    0xE6, 0xC4, 0x20, 0x27, 0xAD, 0xAB, 0x52, 0x15, 0xEE, 0x38, 0x75, 0x22, 0xA6, 0x18, 0x50, 0xF8,
    0x86, 0xE9, 0xC2, 0xB6, 0xE9, 0x13, 0xC2, 0x61, 0x12, 0x8A, 0x8A, 0x91, 0x6C, 0x3D, 0x03, 0x6F,
    0xB1, 0x4B, 0x06, 0x49, 0x9F, 0xE5, 0x2E, 0xBB, 0x6A, 0xB7, 0xDE, 0x83, 0x0A, 0x27, 0x09, 0x75,
    0xBB, 0x2C, 0xBF, 0xDA, 0xB6, 0xCD, 0xDE, 0x3D, 0xCB, 0x1B, 0xC0, 0xBC, 0x07, 0xEA, 0x23, 0x2A,
    0xF3, 0x3E, 0x3C, 0x35, 0x93, 0xA3, 0x64, 0xCE, 0x71, 0x00, 0xDA, 0x67, 0x4C, 0xCF, 0x6F, 0x83,
    0xEB, 0xE7, 0xE0, 0x5A, 0x06, 0x6E, 0x11, 0x52, 0x0B, 0x0E, 0x49, 0xA4, 0x1C, 0xE7, 0xD1, 0x76,
    0x4A, 0x43, 0x6E, 0x19, 0xDA, 0x7A, 0xEC, 0x14, 0x7C, 0x1B, 0xDC, 0x74, 0xBA, 0xCA, 0x79, 0xE6,
    0xAA, 0x34, 0xC5, 0x07, 0xE6, 0x95, 0x28, 0x1E, 0x60, 0x15, 0x86, 0x5B, 0x71, 0x66, 0xA3, 0xA0,
    0xB5, 0xEE, 0xA9, 0x55, 0xB6, 0xA5, 0xF0, 0x99, 0x77, 0x75, 0x42, 0x79, 0xA8, 0x11, 0x31, 0x42,
    0xF8, 0x66, 0x28, 0x59, 0x24, 0xA9, 0xC5, 0x41, 0x86, 0xE9, 0xC3, 0x94, 0x07, 0x05, 0x6C, 0x80,
    0x81, 0xB1, 0x8E, 0x99, 0x23, 0xC7, 0xD6, 0x2F, 0x4C, 0x6B, 0x61, 0xE7, 0x40, 0xDF, 0xC9, 0x46,
    0x5C, 0x68, 0xDB, 0xC2, 0xA6, 0x85, 0x9D, 0x85, 0x31, 0x46, 0x92, 0xC2, 0x72, 0x17, 0x0E, 0xA7,
    0x51, 0x7C, 0x5C, 0x48, 0x6B, 0x35, 0x9A, 0x4B, 0x65, 0x77, 0x01, 0x4C, 0xDF, 0xFB, 0x82, 0xBF,
    0xEF, 0x1A, 0x98, 0x2D, 0x8C, 0xD3, 0x21, 0x3E, 0x66, 0x55, 0x04, 0x26, 0x71, 0x65, 0x68, 0xCC,
    0x19, 0x3F, 0x68, 0x59, 0x54, 0x19, 0x5F, 0xF1, 0x07, 0xE7, 0x48, 0x42, 0xED, 0xE0, 0xEF, 0x3D,
    0x76, 0x67, 0xFC, 0xA8, 0x39, 0x29, 0xDA, 0x5A, 0xF1, 0x7B, 0xC8, 0x67, 0x74, 0x4B, 0xBA, 0x1B,
    0x53, 0x61, 0xB6, 0x56, 0x98, 0x0A, 0xB1, 0x25, 0xA9, 0x04, 0x17, 0xD8, 0x27, 0x6B, 0xDF, 0x35,
    0x7A, 0xFE, 0x61, 0x1C, 0x0B, 0x00, 0xA7, 0x26, 0xD4, 0x05, 0x93, 0xA2, 0xAF, 0x43, 0x9C, 0x27,
    0x46, 0x91, 0x06, 0xF2, 0xA4, 0x20, 0x04, 0x98, 0x3B, 0xD6, 0x90, 0x86, 0x32, 0x6C, 0x06, 0x1B,
    0x64, 0xE2, 0x60, 0x72, 0xB3, 0x30, 0x7D, 0x9A, 0x33, 0xAF, 0xD3, 0x22, 0xB9, 0x39, 0x95, 0x73,
    0x19, 0x77, 0x60, 0x40, 0xE8, 0x85, 0xBE, 0x03, 0xE2, 0x60, 0x26, 0x54, 0xBC, 0xCE, 0x37, 0x03,
    0xFA, 0x84, 0xAD, 0x5E, 0xE8, 0x99, 0x27, 0x5F, 0xE5, 0xB7, 0x3C, 0x0A, 0x5A, 0xBB, 0x7F, 0xC3,
    0x2F, 0x1A, 0xE7, 0x9C, 0xF7, 0xAA, 0x16, 0x64, 0xD1, 0xA0, 0x5D, 0x5A, 0x06, 0xB0, 0x03, 0xD0,
    0xA9, 0xB1, 0x2B, 0x21, 0x63, 0x0E, 0xA8, 0x50, 0x41, 0x9F, 0x6A, 0xE0, 0xA4, 0x11, 0x4A, 0x20,
    0xE8, 0xB0, 0x25, 0x05, 0x2E, 0x8A, 0xD0, 0x8C, 0x39, 0xA7, 0x60, 0xEE, 0x74, 0x26, 0x45, 0x85,
    0x69, 0x21, 0x5A, 0x3E, 0x4E, 0x13, 0x6A, 0x71, 0x3C, 0x48, 0x81, 0xD7, 0x2D, 0x08, 0xA6, 0x61,
    0x5B, 0x8D, 0x43, 0xC4, 0x41, 0x26, 0x40, 0xAD, 0xC2, 0xBC, 0x2B, 0xD6, 0x3D, 0x8E, 0xBC, 0x72,
    0xD0, 0x89, 0x65, 0x2E, 0xC6, 0x9A, 0xFF, 0x9C, 0xE0, 0x24, 0x1C, 0x84, 0x4E, 0x42, 0xDE, 0xE3,
    0xA9, 0x04, 0x1F, 0xE1, 0x06, 0xC6, 0x5A, 0x5D, 0x41, 0xF1, 0x32, 0xDF, 0xC7, 0x8E, 0x15, 0xB8,
    0xBD, 0xCE, 0xD7, 0x75, 0x93, 0xD7, 0x8D, 0xB5, 0xA0, 0x43, 0xAE, 0x75, 0x65, 0x9A, 0xE4, 0x44,
    0x87, 0xBA, 0x30, 0xC0, 0x0B, 0x71, 0x40, 0x27, 0x52, 0xAB, 0xD5, 0x34, 0xAB, 0x51, 0x98, 0xE4,
    0x2F, 0x1D, 0xC2, 0xAC, 0xF7, 0x82, 0xF6, 0x97, 0x0E, 0x55, 0x27, 0xE0, 0x2F, 0xC3, 0xE7, 0x29,
    0xC9, 0x3C, 0x25, 0x45, 0x27, 0x44, 0x11, 0xBE, 0x65, 0x9C, 0x62, 0x42, 0x7D, 0x2A, 0x84, 0x49,
    0x85, 0x49, 0xE2, 0xA3, 0x65, 0x8A, 0x71, 0x17, 0x24, 0x7D, 0xD9, 0x41, 0x35, 0x60, 0x0E, 0x40,
    0x06, 0x80, 0x98, 0xE4, 0xA0, 0x7F, 0x44, 0xFE, 0xA7, 0x80, 0x77, 0xE5, 0x12, 0xB9, 0xDD, 0x12,
    0x1A, 0x45, 0xA8, 0x0E, 0xA1, 0x6F, 0x24, 0x79, 0x89, 0x69, 0xA4, 0x68, 0x6B, 0x78, 0x62, 0x2A,
    0x7E, 0x71, 0x79, 0x30, 0xA1, 0xEF, 0xA6, 0x18, 0x61, 0x2A, 0x44, 0xCF, 0x93, 0xD0, 0x3B, 0x54,
    0xDD, 0x1C, 0x03, 0x3C, 0x88, 0x93, 0x2A, 0x52, 0x9D, 0x43, 0xF7, 0x01, 0x53, 0x00, 0xC5, 0xE3,
    0x12, 0xE1, 0x75, 0xBE, 0x29, 0xE8, 0x02, 0x9B, 0xD0, 0xF6, 0x3A, 0xDF, 0x6A, 0x30, 0x07, 0xC8,
    0xAF, 0xF3, 0xB4, 0x6F, 0xC2, 0xAB, 0x3C, 0x4D, 0x16, 0x95, 0x38, 0x76, 0x31, 0xA1, 0x60, 0xDE,
    0xB7, 0x5D, 0x17, 0x65, 0x92, 0xBB, 0xCC, 0x77, 0x47, 0x31, 0xC2, 0x59, 0xA1, 0xD6, 0x53, 0xD5,
    0x13, 0xF7, 0x8E, 0xAA, 0xE2, 0x60, 0x32, 0x46, 0xE2, 0x51, 0xE1, 0xE1, 0x50, 0x39, 0xD5, 0x75,
    0x77, 0xD4, 0xA7, 0x30, 0x8F, 0xEF, 0x1F, 0x80, 0x4B, 0x8A, 0x3B, 0xF5, 0x11, 0x53, 0x21, 0x8A,
    0x4B, 0x52, 0x6C, 0x24, 0xB7, 0x98, 0x0E, 0xA6, 0xE0, 0xAA, 0x5F, 0x62, 0x82, 0x25, 0x77, 0xA3,
    0x06, 0x83, 0x82, 0x1E, 0x86, 0x98, 0x00, 0xA4, 0x80, 0x0E, 0x30, 0x80, 0xD0, 0xBF, 0xED, 0xAD,
    0x03, 0x4C, 0x20, 0x76, 0x41, 0xA2, 0x7F, 0xD9, 0x5B, 0x86, 0x96, 0xC0, 0xBF, 0x9F, 0xD6, 0x78,
    0x3C, 0xE9, 0x9C, 0xEE, 0x84, 0x7E, 0xF7, 0x8D, 0x86, 0x21, 0xB4, 0xF8, 0xED, 0x1B, 0x6D, 0x49,
    0xF2, 0x60, 0x1F, 0x50, 0x29, 0x2A, 0x84, 0xC3, 0x8B, 0x0A, 0xE5, 0xC1, 0x49, 0x4C, 0x93, 0xFA,
    0xE2, 0xF1, 0x78, 0xA4, 0xE5, 0xC9, 0xC7, 0x4B, 0xF0, 0x6E, 0xF2, 0x4D, 0x64, 0x98, 0xA4, 0xE8,
    0xD4, 0x23, 0x63, 0x36, 0x1B, 0xBF, 0x0B, 0x77, 0x30, 0x20, 0xD8, 0x05, 0xEF, 0x6B, 0xE8, 0x24,
    0xA4, 0x08, 0x81, 0x01, 0xF2, 0x8D, 0xD1, 0x43, 0x95, 0x54, 0xE1, 0x03, 0x3E, 0x10, 0x72, 0xCA,
    0xFF, 0x69, 0xEE, 0x3F, 0x7A, 0x18, 0x12, 0x3A, 0x0C, 0x42, 0x04, 0x4F, 0x46, 0x7D, 0x79, 0xCE,
    0x3C, 0x15, 0x52, 0x8D, 0x39, 0x90, 0x9F, 0x6E, 0x5F, 0x27, 0x78, 0x7E, 0x3C, 0x45, 0x6B, 0xA7,
    0xC6, 0xF7, 0x2E, 0xB6, 0x9F, 0x47, 0xE5, 0xBB, 0xF1, 0xAC, 0x90, 0x2B, 0x4F, 0x89, 0x37, 0x55,
    0x0E, 0x9C, 0xDC, 0xEC, 0xE0, 0xC9, 0x36, 0x77, 0xBB, 0x33, 0xA1, 0x2B, 0xEC, 0xC4, 0xFD, 0xEB,
    0xB3, 0x10, 0x87, 0x46, 0xA7, 0x9B, 0x06, 0x29, 0x30, 0x32, 0x5D, 0xC4, 0x81, 0xBB, 0x45, 0x01,
    0xD0, 0x89, 0x77, 0xE5, 0x3D, 0xAC, 0xC1, 0xD4, 0x47, 0xF8, 0xFA, 0xCA, 0xE8, 0x06, 0xEE, 0xE9,
    0x88, 0x82, 0xED, 0xE9, 0xA8, 0x14, 0x5D, 0xD8, 0xA1, 0xED, 0xC9, 0x90, 0xD8, 0x75, 0xE0, 0xC9,
    0xC6, 0x87, 0x90, 0x84, 0x20, 0x15, 0x7A, 0x5C, 0x42, 0x67, 0xF6, 0x66, 0x75, 0x28, 0x46, 0x38,
    0x69, 0xFC, 0xBA, 0x4D, 0xAC, 0x2F, 0xCE, 0x5F, 0xB7, 0xA8, 0x23, 0xFD, 0xBA, 0x36, 0x21, 0x5C,
    0x74, 0x31, 0xC9, 0x10, 0xDD, 0x61, 0xA7, 0xEA, 0x8C, 0xA3, 0x06, 0x65, 0x86, 0xB1, 0xE3, 0xC0,
    0x59, 0x9A, 0xE6, 0xF3, 0x79, 0x97, 0x72, 0xBC, 0x8D, 0x70, 0xE5, 0x35, 0xD5, 0x8E, 0x8B, 0x05,
    0x87, 0x1C, 0x3F, 0x1C, 0xDF, 0x5E, 0xE3, 0xBA, 0xBE, 0x74, 0x31, 0xBE, 0x76, 0xF1, 0x75, 0xC7,
    0x9E, 0x8B, 0xFA, 0xBA, 0x63, 0x4F, 0x84, 0x3C, 0xE6, 0xF2, 0x6C, 0x7B, 0xFB, 0xC4, 0xB3, 0xE6,
    0x17, 0x00, 0x98, 0x57, 0xE2, 0x23, 0xAD, 0xAA, 0x0D, 0x0C, 0x3A, 0xDD, 0xDE, 0x9D, 0x6F, 0xD5,
    0x5B, 0x1D, 0x69, 0x6C, 0xC3, 0x1E, 0x96, 0xDF, 0x77, 0xBF, 0x87, 0xFA, 0xE5, 0xD6, 0x58, 0x8B,
    0x81, 0x61, 0x40, 0x41, 0x02, 0x74, 0x55, 0x72, 0xE2, 0xF3, 0xCA, 0x9F, 0x48, 0xB9, 0x33, 0xDF,
    0xA8, 0xD4, 0xD7, 0xF5, 0x7C, 0x2E, 0xEA, 0xCB, 0x7A, 0x3E, 0x15, 0x62, 0x9F, 0x78, 0xB2, 0xF1,
    0xB7, 0x3B, 0x65, 0x57, 0x0F, 0xE5, 0x85, 0x3A, 0x3B, 0xB5, 0xB1, 0x4E, 0xBC, 0xEB, 0xF1, 0xC6,
    0x6C, 0x10, 0x71, 0x94, 0xC1, 0x00, 0xF2, 0x17, 0x8F, 0x96, 0x4A, 0x51, 0xDD, 0x94, 0x4C, 0xC7,
    0x0C, 0x8C, 0x43, 0x2C, 0x7E, 0x7E, 0x40, 0xC4, 0xFC, 0x12, 0xCA, 0xE3, 0x05, 0xCB, 0xFE, 0xBB,
    0x71, 0xFD, 0x0F, 0xB5, 0x99, 0xD1, 0x8A, 0xEB, 0x3E, 0xAF, 0xC5, 0x7F, 0xA0, 0xDB, 0x80, 0x5E,
    0x25, 0xF0, 0xBF, 0x15, 0xF8, 0xD5, 0x05, 0xBD, 0xDD, 0xD0, 0x57, 0x59, 0xD0, 0x5B, 0x83, 0x0E,
    0x89, 0x9D, 0x86, 0xCE, 0x9E, 0x9E, 0x9D, 0x6F, 0xE8, 0x38, 0xD2, 0xEA, 0x4C, 0x49, 0xB4, 0x96,
    0x9D, 0xD8, 0x52, 0x5C, 0xAC, 0x12, 0x00, 0x4C, 0xE0, 0x82, 0x10, 0xAC, 0x02, 0x09, 0x52, 0x58,
    0x0A, 0x67, 0x78, 0x20, 0x5A, 0x09, 0x21, 0x12, 0x59, 0x22, 0x67, 0x78, 0xA5, 0x17, 0x25, 0x00,
    0xBF, 0xD3, 0x9B, 0x65, 0x38, 0x11, 0x28, 0x90, 0x90, 0x2C, 0xE5, 0xD9, 0xFF, 0xCB, 0xBA, 0xFD,
    0x69, 0x26, 0x8C, 0x15, 0x4B, 0x0D, 0xF6, 0xE2, 0x63, 0x0A, 0x72, 0x41, 0x41, 0x89, 0x96, 0x57,
    0xA5, 0x7C, 0x82, 0xD6, 0x12, 0x9C, 0xE9, 0x05, 0xA6, 0x6B, 0xDC, 0xC2, 0x72, 0xB7, 0x4A, 0x3A,
    0x8C, 0x38, 0x09, 0x0D, 0x10, 0x90, 0x8C, 0x56, 0x37, 0x1A, 0x45, 0xD0, 0x4C, 0x2C, 0x96, 0x2C,
    0x07, 0x5B, 0x03, 0x62, 0x7A, 0x07, 0x34, 0x3F, 0x03, 0xD4, 0xB0, 0xF4, 0x6C, 0x50, 0x02, 0x4B,
    0x3C, 0x69, 0xA0, 0x23, 0x6C, 0x4B, 0x93, 0x1C, 0x35, 0x08, 0xE8, 0xA0, 0xA7, 0x59, 0xF6, 0x46,
    0xD3, 0x8C, 0x5F, 0x60, 0xB7, 0xC4, 0xC9, 0x8F, 0xA9, 0xD9, 0x3E, 0xB6, 0xA0, 0x4E, 0x5E, 0x96,
    0x32, 0xFC, 0x63, 0x12, 0x86, 0x5D, 0x24, 0xDF, 0x28, 0xDC, 0xC1, 0xFA, 0x47, 0x45, 0x2C, 0x96,
    0xEE, 0x58, 0xBF, 0x2E, 0x05, 0x0C, 0x8D, 0xFB, 0x01, 0x05, 0x10, 0x1C, 0x72, 0x4A, 0xE0, 0xD4,
    0x06, 0x9E, 0x6C, 0x3C, 0x04, 0xA6, 0x01, 0x9D, 0xF9, 0xBC, 0x1D, 0xE0, 0x69, 0xC2, 0xB1, 0xE7,
    0x99, 0x9E, 0xF4, 0xF1, 0x85, 0xD3, 0x66, 0x38, 0xF0, 0x64, 0xA3, 0xD3, 0x04, 0xCF, 0x0D, 0x48,
    0x70, 0x4B, 0xFC, 0xEE, 0xD0, 0x03, 0x2C, 0x03, 0x9C, 0x80, 0x18, 0x20, 0xD0, 0xD0, 0xBD, 0x81,
    0x27, 0xE8, 0x91, 0x50, 0xB7, 0x3F, 0xD0, 0x4C, 0xD7, 0xE5, 0xB6, 0xCA, 0xFF, 0x55, 0xAE, 0x4D,
    0xF7, 0xA4, 0x4A, 0xBB, 0xFB, 0x1D, 0x7A, 0xEC, 0x32, 0x9D, 0x98, 0x87, 0xC6, 0x61, 0x42, 0x9E,
    0x9B, 0xBE, 0x4D, 0xDE, 0x50, 0xE7, 0x75, 0x8C, 0x69, 0xE1, 0xFB, 0x61, 0x34, 0x8C, 0x00, 0x82,
    0xA4, 0xCF, 0x65, 0xA0, 0x0A, 0xE4, 0x98, 0x0C, 0x4B, 0x3B, 0x58, 0x17, 0x87, 0x70, 0x50, 0x55,
    0x69, 0x86, 0x6A, 0xD8, 0x23, 0x7D, 0xAC, 0x07, 0x9D, 0xCA, 0xE7, 0x7D, 0x45, 0x4E, 0x8F, 0xF1,
    0x94, 0x91, 0x63, 0x58, 0x0B, 0xAC, 0x7F, 0x4C, 0xC1, 0xC2, 0x46, 0xEC, 0x85, 0xF5, 0xCB, 0x52,
    0x18, 0xFE, 0x29, 0x09, 0x08, 0x74, 0x99, 0xFC, 0x13, 0x84, 0x0E, 0xC4, 0xF4, 0xD6, 0xC1, 0xF3,
    0x12, 0xB7, 0x25, 0xCE, 0x6E, 0x85, 0xBD, 0x99, 0xF8, 0x1F, 0x90, 0x77, 0x4E, 0xFC, 0xEB, 0xA3,
    0x42, 0x03, 0x28, 0xE6, 0xEC, 0x77, 0x92, 0xD9, 0x4A, 0x49, 0xCB, 0x36, 0x66, 0x85, 0x89, 0x9D,
    0xD3, 0xF0, 0x04, 0x9C, 0xE3, 0xCA, 0x18, 0xE0, 0x95, 0x1D, 0x82, 0x03, 0x44, 0x80, 0x68, 0x20,
    0x3C, 0x5D, 0x50, 0x02, 0x3C, 0x69, 0x89, 0x64, 0xB9, 0x02, 0xB4, 0x32, 0xC9, 0x33, 0x36, 0xA3,
    0x3B, 0xB2, 0x9B, 0xAC, 0x98, 0x19, 0x4C, 0x78, 0x11, 0x2D, 0x65, 0x4A, 0x24, 0xD4, 0x3D, 0xBD,
    0x83, 0xB1, 0x82, 0xA5, 0xC0, 0x2A, 0x81, 0xE2, 0x17, 0x25, 0x1B, 0xAB, 0xA5, 0x36, 0xA2, 0xE2,
    0xA7, 0x92, 0x4F, 0xCE, 0x5F, 0x1D, 0x5B, 0xF0, 0x9F, 0x4B, 0xFC, 0x1D, 0x4D, 0x00, 0x58, 0xBE,
    0x00, 0xCF, 0xBF, 0x1C, 0xC0, 0x12, 0x87, 0x05, 0x02, 0xDA, 0x6E, 0x3F, 0xEF, 0x82, 0x09, 0x70,
    0x01, 0x11, 0x80, 0x16, 0x46, 0x2B, 0x79, 0xE1, 0xA0, 0x01, 0x6D, 0x26, 0x84, 0x1C, 0xD0, 0xF1,
    0x44, 0xF8, 0x98, 0x83, 0x08, 0xC7, 0x34, 0x13, 0xC2, 0x99, 0x15, 0xCE, 0xEB, 0x47, 0x38, 0x3A,
    0xD6, 0x71, 0x27, 0x8C, 0x49, 0xAD, 0x29, 0x70, 0x98, 0x23, 0xF7, 0xEE, 0x6B, 0x78, 0x46, 0x23,
    0x1A, 0x8A, 0xDD, 0xFA, 0xA8, 0xD8, 0xEC, 0x8F, 0x4C, 0xDF, 0x29, 0xAB, 0x67, 0xFB, 0xA9, 0xB2,
    0x06, 0xF8, 0xF4, 0xE0, 0x48, 0x57, 0xCF, 0xD2, 0x92, 0x87, 0x25, 0xDD, 0xD2, 0xB4, 0xB9, 0x63,
    0x39, 0xDC, 0x37, 0x27, 0x36, 0x4F, 0xA7, 0x81, 0x56, 0x2B, 0x99, 0x25, 0x40, 0x09, 0x67, 0xB3,
    0x06, 0xF1, 0xB5, 0x90, 0x30, 0x1D, 0x7D, 0xCE, 0x79, 0x56, 0x89, 0x58, 0xAA, 0xA7, 0xC0, 0xD3,
    0x72, 0x0F, 0x4F, 0x3B, 0x12, 0x64, 0x36, 0xAC, 0x7E, 0x18, 0xB6, 0xDE, 0x87, 0x3C, 0xA7, 0x2A,
    0x3F, 0x8B, 0x9D, 0x8B, 0xA2, 0xD4, 0xF2, 0x1D, 0xC3, 0x0F, 0x42, 0x7E, 0x5D, 0xFA, 0x85, 0x00,
    0x38, 0x19, 0x70, 0xE2, 0xE4, 0x18, 0x9F, 0x94, 0x26, 0xC3, 0xCF, 0x7A, 0xF2, 0x46, 0xFF, 0xE5,
    0x89, 0x20, 0xFC, 0xCD, 0xE3, 0xB6, 0x01, 0xD2, 0x80, 0x31, 0x56, 0xB2, 0xDC, 0xFD, 0x6C, 0x78,
    0xB6, 0xF3, 0xB1, 0x22, 0x0E, 0x9F, 0x87, 0x36, 0x1F, 0x47, 0x8A, 0x66, 0x09, 0xD3, 0xED, 0x06,
    0x76, 0x07, 0xE6, 0x6C, 0x76, 0x11, 0x81, 0x16, 0x00, 0xAF, 0x77, 0x1D, 0x7E, 0x19, 0x99, 0x40,
    0xDA, 0xAC, 0xE5, 0x5F, 0xE9, 0xC6, 0xCF, 0xA9, 0x79, 0x5A, 0x9C, 0x86, 0xA6, 0x29, 0x79, 0x24,
    0x0D, 0x28, 0x95, 0x70, 0x1C, 0x7C, 0x06, 0x87, 0x70, 0x20, 0x02, 0xE8, 0x02, 0x2A, 0x81, 0x87,
    0x00, 0x09, 0x4C, 0x1D, 0x2C, 0x63, 0x83, 0x06, 0x9E, 0x0E, 0x3E, 0x94, 0x9A, 0x28, 0x55, 0x5D,
    0x59, 0x15, 0xBF, 0x59, 0x4D, 0x5C, 0x6E, 0xE9, 0x8E, 0x07, 0x4D, 0xC4, 0xB0, 0xA0, 0x07, 0xF2,
    0x45, 0x2E, 0x8D, 0x30, 0x3A, 0x6C, 0x05, 0x5D, 0xBF, 0x50, 0x83, 0xD3, 0x13, 0x02, 0x58, 0x19,
    0xAD, 0x04, 0x6F, 0x5F, 0x3F, 0x4E, 0x37, 0xBD, 0xD4, 0xC7, 0xAB, 0x83, 0x1C, 0xCB, 0xAA, 0x4A,
    0x9C, 0x46, 0xB7, 0x34, 0xC0, 0x84, 0x90, 0x9D, 0x4F, 0xFE, 0x6B, 0xDD, 0x9C, 0x0F, 0xE2, 0x33,
    0x9C, 0x00, 0x7E, 0x3A, 0x36, 0x3F, 0xE3, 0xA2, 0x86, 0xF9, 0xFF, 0x42, 0x20, 0x28, 0xD1, 0x70,
    0x06, 0x38, 0x0D, 0x16, 0x62, 0x9C, 0x83, 0xE8, 0x00, 0x7A, 0x01, 0xDB, 0x21, 0x07, 0x0C, 0x79,
    0xCF, 0x09, 0x95, 0xEC, 0x0A, 0x4D, 0xA0, 0x86, 0x9A, 0xA5, 0x5B, 0x2E, 0x96, 0xE1, 0xE8, 0xED,
    0x43, 0x99, 0x3C, 0x20, 0x38, 0x33, 0xFD, 0x37, 0x29, 0x19, 0xFE, 0x96, 0x62, 0xB2, 0x1D, 0x72,
    0xC0, 0x7B, 0x29, 0x5F, 0x53, 0xD7, 0x69, 0x61, 0x1A, 0xF6, 0x2A, 0xE5, 0xCD, 0x7D, 0x12, 0x14,
    0xB8, 0x20, 0xAE, 0xDC, 0xA7, 0x7E, 0x0C, 0x3B, 0x65, 0xBD, 0xE5, 0x23, 0x3D, 0x9D, 0xB9, 0x6A,
    0xAD, 0x91, 0x7E, 0x8E, 0xE0, 0x24, 0x41, 0x00, 0xC9, 0x68, 0x56, 0x78, 0xA7, 0x61, 0x39, 0xE0,
    0xBF, 0x34, 0x78, 0x0C, 0x70, 0x48, 0x2D, 0x03, 0x2C, 0xFB, 0x06, 0x11, 0x18, 0x6D, 0xC5, 0xF1,
    0x1D, 0xC4, 0x82, 0x27, 0xCB, 0x73, 0x81, 0xAB, 0xB4, 0x63, 0xDC, 0xF0, 0x24, 0x60, 0xAE, 0x1B,
    0xB2, 0x7B, 0x37, 0x8D, 0x72, 0x24, 0x1C, 0xC5, 0xB4, 0x33, 0x93, 0xFF, 0x82, 0x94, 0x4B, 0xF5,
    0xD3, 0x15, 0x6D, 0x00, 0x71, 0xD8, 0xB2, 0xE3, 0x9B, 0x57, 0xFE, 0x5F, 0x1B, 0x54, 0x43, 0x1B,
    0x55, 0x41, 0x70, 0x51, 0x75, 0xE3, 0xAC, 0x64, 0x96, 0xA9, 0x4F, 0xA6, 0x80, 0x47, 0x41, 0x77,
    0xCE, 0xDA, 0x25, 0xBE, 0x24, 0x19, 0x11, 0x3C, 0x08, 0xFA, 0x27, 0xFA, 0xB2, 0x81, 0x89, 0xD8,
    0xA0, 0xF2, 0xF5, 0x66, 0xD8, 0x8D, 0x99, 0xB0, 0xE8, 0xFF, 0x7F, 0xAF, 0x86, 0x59, 0xB2, 0x9B,
    0xDD, 0xB0, 0xFB, 0xB8, 0xA6, 0x18, 0xAD, 0xA0, 0xDD, 0xB4, 0x8B, 0x16, 0xB1, 0x09, 0xF6, 0xCD,
    0xA1, 0x35, 0x88, 0x18, 0xDE, 0x3B, 0xA8, 0x63, 0x9B, 0x67, 0xE0, 0xD9, 0x08, 0xFC, 0xD6, 0xA1,
    0x12, 0xAB, 0x73, 0xDB, 0x6B, 0xD4, 0x9C, 0x41, 0x74, 0x42, 0xF4, 0x9D, 0x7B, 0xA3, 0x8F, 0x86,
    0xBF, 0xD9, 0x13, 0xF8, 0x84, 0x82, 0xB3, 0x02, 0xE3, 0xAA, 0x14, 0x1E, 0x39, 0x7C, 0xA6, 0x7E,
    0x5B, 0x86, 0x7F, 0x48, 0x12, 0xA1, 0xCD, 0xD6, 0xDC, 0x38, 0x6E, 0x6C, 0x76, 0x55, 0x58, 0x55,
    0x89, 0x46, 0x21, 0x82, 0x60, 0x35, 0xD1, 0x59, 0x2D, 0x11, 0x78, 0xA2, 0x05, 0xC7, 0xB4, 0xD0,
    0x76, 0xDA, 0xC0, 0xAA, 0x6F, 0x98, 0x2B, 0x1D, 0x1F, 0x08, 0x13, 0x83, 0x86, 0xB1, 0x0B, 0xC3,
    0xB3, 0x13, 0x7B, 0xF8, 0x0E, 0xDD, 0xE4, 0xF7, 0x16, 0x6E, 0x8A, 0xB0, 0x54, 0xD8, 0x3D, 0x65,
    0x1D, 0x59, 0x22, 0xDF, 0x7D, 0x8D, 0x2E, 0xB9, 0xEA, 0xFD, 0x4E, 0x6E, 0x15, 0xB8, 0x09, 0x47,
    0x04, 0x7D, 0xFA, 0xB9, 0x09, 0x55, 0x1D, 0x24, 0x2C, 0x37, 0x8F, 0xDD, 0x9D, 0x86, 0x8F, 0x23,
    0x4B, 0xAE, 0xBF, 0x77, 0x72, 0xFD, 0x96, 0x76, 0x4F, 0x7B, 0xA4, 0xE7, 0xD7, 0xA4, 0xA4, 0x61,
    0x9F, 0x61, 0x7E, 0x9F, 0xAB, 0x2F, 0x6A, 0x00, 0x3F, 0xCC, 0xE6, 0x39, 0xDF, 0xEC, 0xB0, 0x7C,
    0x44, 0xEC, 0xEB, 0x0E, 0xCB, 0x55, 0x7D, 0x01, 0x1D, 0x13, 0x0E, 0x0B, 0x00, 0xED, 0xF1, 0xCC,
    0xFB, 0x9B, 0x09, 0x3A, 0x14, 0xB4, 0xC4, 0x13, 0x13, 0xA6, 0x95, 0xCD, 0x84, 0xBA, 0xE5, 0xBD,
    0x78, 0x29, 0xA2, 0xCA, 0xDD, 0xCD, 0xD3, 0xD3, 0x44, 0xA7, 0x67, 0x64, 0x48, 0x95, 0xAF, 0xF5,
    0xF2, 0x8F, 0x58, 0xBA, 0x75, 0xF7, 0xB0, 0xF7, 0x1C, 0x3F, 0x09, 0x3A, 0xCE, 0x71, 0x16, 0xC7,
    0xFA, 0xDB, 0xC8, 0x8E, 0x27, 0x4A, 0xB5, 0x64, 0x75, 0x22, 0x70, 0x61, 0xF9, 0xB5, 0x1F, 0x5A,
    0xE8, 0xD0, 0xC0, 0x73, 0xB5, 0x17, 0x9A, 0x2F, 0x77, 0xC6, 0x0A, 0x77, 0xDC, 0xF0, 0x43, 0x18,
    0x9D, 0x8C, 0xCD, 0x24, 0x2A, 0x69, 0x55, 0x92, 0xA3, 0x74, 0x32, 0x1B, 0x79, 0xB1, 0xCC, 0xC4,
    0x19, 0x5E, 0xC7, 0xF7, 0x02, 0x02, 0xD6, 0x00, 0x17, 0xB0, 0x22, 0x93, 0xD7, 0x2C, 0x30, 0xCF,
    0x57, 0xB0, 0x25, 0xE4, 0x9C, 0xBD, 0x24, 0x03, 0x24, 0x68, 0x33, 0x28, 0x7C, 0x44, 0xD3, 0xFC,
    0x26, 0x49, 0xDB, 0x0E, 0x3C, 0x9D, 0xD6, 0x03, 0xE7, 0x1F, 0x55, 0xF5, 0x0A, 0x8F, 0x84, 0xF8,
    0x87, 0x0E, 0xAF, 0xDA, 0xFC, 0xDF, 0x3A, 0xD6, 0xA3, 0x8E, 0x2A, 0xCE, 0xBA, 0x32, 0xA9, 0x52,
    0x3D, 0x5F, 0x6E, 0x17, 0x42, 0x38, 0xE0, 0xB6, 0xD3, 0x02, 0x6B, 0x30, 0x5A, 0xEB, 0x56, 0xF9,
    0xF2, 0xE6, 0xB9, 0xE2, 0x0C, 0x10, 0x0D, 0x44, 0x40, 0x12, 0xD8, 0x04, 0x61, 0x1C, 0xE0, 0x20,
    0x16, 0xE8, 0x04, 0x34, 0x13, 0x58, 0x01, 0x96, 0xE9, 0x95, 0x8B, 0x03, 0xB4, 0x0C, 0x67, 0xB3,
    0x40, 0xD3, 0x2C, 0x65, 0x29, 0x4F, 0x35, 0xEA, 0x4E, 0x78, 0xD2, 0xFA, 0xAF, 0xCA, 0xA9, 0xBC,
    0x2A, 0x64, 0x35, 0x20, 0x1C, 0x86, 0x24, 0xD7, 0xAF, 0xEA, 0x3A, 0xF3, 0x38, 0x57, 0x05, 0x9A,
    0x00, 0x0F, 0x60, 0x59, 0x8E, 0xBF, 0xEC, 0x57, 0x55, 0xD2, 0xB1, 0x3B, 0x66, 0x1B, 0xD2, 0xAF,
    0x0B, 0xBD, 0xC3, 0x84, 0xA7, 0xD0, 0x65, 0x1D, 0xF0, 0x9B, 0x6A, 0x1F, 0xB3, 0x04, 0xD9, 0x34,
    0x2F, 0x9B, 0x5D, 0x14, 0xFC, 0x3B, 0x6A, 0x02, 0x40, 0x4F, 0x28, 0x01, 0xED, 0xA2, 0xA2, 0xBF,
    0x7E, 0x61, 0xF6, 0x04, 0x68, 0x3B, 0x4A, 0x80, 0xE5, 0xCA, 0x6C, 0x75, 0xAB, 0xAC, 0x74, 0x82,
    0x60, 0xC3, 0x75, 0x47, 0xE1, 0x74, 0x72, 0x43, 0x4B, 0xDC, 0xBA, 0x81, 0x5B, 0x38, 0xB8, 0xC7,
    0x02, 0xBE, 0x44, 0x80, 0x47, 0xAC, 0xE0, 0x0A, 0x81, 0x67, 0xE4, 0x86, 0x0D, 0x70, 0x06, 0x06,
    0xB0, 0x30, 0xA8, 0x3A, 0x58, 0x07, 0x77, 0x08, 0x1B, 0xCC, 0xA8, 0x39, 0xF2, 0xE9, 0xE1, 0xA6,
    0xF0, 0x9B, 0x56, 0xBB, 0x4B, 0xF6, 0x47, 0x69, 0xFA, 0x2F, 0x4D, 0xA3, 0x7A, 0x33, 0x36, 0xA2,
    0x84, 0x96, 0x20, 0x3D, 0x3B, 0x50, 0x6A, 0x6A, 0xF8, 0xB1, 0x4F, 0x37, 0x8B, 0x83, 0xC4, 0x6E,
    0xC0, 0x9F, 0x73, 0xFD, 0xB4, 0x3C, 0xDD, 0x39, 0xFD, 0x9B, 0x5F, 0x3D, 0x5A, 0x9E, 0xEF, 0xFC,
    0x96, 0x23, 0x87, 0xE5, 0xB9, 0xE5, 0x14, 0xBB, 0x09, 0x12, 0x4B, 0x1E, 0x83, 0x21, 0x62, 0x38,
    0x9C, 0xAA, 0xA6, 0x22, 0x47, 0xD8, 0x2D, 0xB1, 0xFB, 0x57, 0x35, 0xAF, 0x2A, 0xDE, 0x55, 0x8F,
    0x56, 0x55, 0x96, 0x74, 0x07, 0x2D, 0xE7, 0x39, 0xAF, 0xC1, 0x1C, 0xCE, 0xAF, 0x58, 0x2C, 0x09,
    0x4F, 0x36, 0x0D, 0xAA, 0xAA, 0xFC, 0xA6, 0x7A, 0xAC, 0x6C, 0x95, 0xAB, 0x25, 0x7E, 0x96, 0x43,
    0xF3, 0x3F, 0xA3, 0x8A, 0x3A, 0x73, 0xDA, 0xC7, 0x54, 0x08, 0x74, 0x99, 0xDC, 0xE6, 0xB8, 0x51,
    0x40, 0x70, 0x8A, 0x30, 0x39, 0x9E, 0xCB, 0xC1, 0x64, 0xE2, 0xD4, 0xC2, 0x62, 0x7A, 0x25, 0x3D,
    0xEB, 0x8E, 0x37, 0xD4, 0x5F, 0x79, 0x47, 0x93, 0xB1, 0x1D, 0x0D, 0x3B, 0x0F, 0x00, 0xFE, 0x0F,
    0xBD, 0x97, 0xCD, 0x6A, 0x24, 0x3B, 0x0C, 0x85, 0x3F, 0xD0, 0xD6, 0xA0, 0x57, 0x31, 0x64, 0x2B,
    0xD0, 0xAB, 0x0B, 0x7A, 0x1B, 0xC8, 0xAB, 0x1C, 0xE8, 0xAD, 0xC1, 0xB7, 0x1D, 0x53, 0xE9, 0xCA,
    0xA4, 0x6F, 0xCF, 0xFF, 0xE8, 0x48, 0x67, 0x06, 0x4B, 0x72, 0xC9, 0xA9, 0xB2, 0xE5, 0x86, 0xC9,
    0x20, 0x2F, 0x1A, 0x04, 0x23, 0x4C, 0x44, 0xB7, 0x22, 0xE5, 0x45, 0x96, 0x43, 0x92, 0x10, 0x04,
    0x9B, 0x06, 0x03, 0xC4, 0xC0, 0xDE, 0xA9, 0x08, 0x56, 0x24, 0x01, 0x7E, 0x19, 0xC0, 0x2C, 0x58,
    0xF3, 0x99, 0xAE, 0xF2, 0x0A, 0x25, 0x51, 0x41, 0xD6, 0x20, 0x11, 0x03, 0x2D, 0xD8, 0xB2, 0x22,
    0x12, 0x5C, 0x90, 0xC3, 0xE6, 0xB0, 0x22, 0xDE, 0x29, 0xBC, 0xE8, 0xDD, 0xA1, 0xCB, 0xE1, 0x5A,
    0x09, 0x22, 0xA0, 0x08, 0x6C, 0x13, 0xC2, 0x38, 0xC8, 0x41, 0x34, 0x18, 0x04, 0xA4, 0x09, 0x6C,
    0x02, 0x59, 0x29, 0x67, 0x59, 0x28, 0x50, 0x05, 0xD7, 0x0A, 0x26, 0xB1, 0xD2, 0x97, 0x79, 0xA1,
    0x84, 0xF9, 0x06, 0xE1, 0x05, 0x2F, 0x34, 0x80, 0xC8, 0x17, 0x7B, 0x47, 0xBB, 0xA1, 0x2F, 0x44,
    0xC2, 0x96, 0x15, 0x13, 0x37, 0x7A, 0xC9, 0x73, 0xC4, 0xD9, 0x6F, 0xCD, 0x30, 0xFC, 0x93, 0xDF,
    0x93, 0x93, 0xF4, 0xEC, 0x76, 0xC2, 0xA5, 0x5F, 0x32, 0xB8, 0xCB, 0x1A, 0xA3, 0xFB, 0x39, 0x26,
    0x2F, 0x34, 0x04, 0x00, 0x61, 0xCD, 0x1A, 0xCD, 0x9B, 0xDD, 0x31, 0x4F, 0x7E, 0xE8, 0x6F, 0x6B,
    0xCE, 0xB8, 0xE1, 0xE5, 0x86, 0x7E, 0xBD, 0xE1, 0x95, 0xBB, 0xAC, 0x27, 0x56, 0xBC, 0x6D, 0xFF,
    0xC2, 0x8A, 0xB6, 0x7B, 0xBE, 0x61, 0xF0, 0xE2, 0xB1, 0xC6, 0x0F, 0x6C, 0xBF, 0x2D, 0xBB, 0x14,
    0x4C, 0x20, 0x8E, 0x70, 0x81, 0x0B, 0x42, 0xD0, 0x05, 0x12, 0x94, 0xB0, 0x12, 0xCE, 0xB6, 0x40,
    0xE4, 0x14, 0x0B, 0xC7, 0x9F, 0x9E, 0x6D, 0xB3, 0x7C, 0x52, 0x81, 0x44, 0x16, 0x0E, 0x80, 0xBF,
    0x31, 0xD2, 0x2A, 0x9C, 0x08, 0xB4, 0x7C, 0x48, 0x56, 0xF2, 0x1A, 0x2F, 0x35, 0x2F, 0xAF, 0x69,
    0x32, 0xB4, 0x0A, 0x99, 0x47, 0x19, 0x53, 0x38, 0x4B, 0x13, 0x82, 0xA5, 0x03, 0xC4, 0x56, 0x13,
    0x56, 0x4B, 0xBD, 0x76, 0x14, 0x53, 0x54, 0x48, 0x59, 0x0E, 0x78, 0xD9, 0x0D, 0x8E, 0x93, 0x04,
    0x81, 0x50, 0x25, 0xB4, 0x95, 0xE0, 0x60, 0x03, 0x10, 0x5B, 0x26, 0xE4, 0x45, 0x04, 0xC3, 0x44,
    0x58, 0x91, 0xBE, 0x0C, 0x32, 0x21, 0x62, 0xDB, 0x18, 0xA0, 0x81, 0x2D, 0xAB, 0xC0, 0x2B, 0x89,
    0xBD, 0x37, 0x66, 0xF1, 0x6D, 0xE5, 0x59, 0x26, 0x79, 0x45, 0x12, 0x41, 0x0C, 0x42, 0x0C, 0x21,
    0x99, 0x64, 0x6B, 0xD4, 0x05, 0xDD, 0xD9, 0x33, 0xE3, 0x02, 0xAC, 0x00, 0xD8, 0xBB, 0xA6, 0xEC,
    0x63, 0x57, 0x78, 0xD1, 0x71, 0x36, 0x89, 0x5F, 0xDC, 0x35, 0xDF, 0x14, 0x98, 0x15, 0xCE, 0xF1,
    0x2A, 0xB6, 0x5A, 0xED, 0xB7, 0xA1, 0x64, 0xBE, 0x11, 0x5E, 0xF8, 0x64, 0x0B, 0x6E, 0xB5, 0x09,
    0xF8, 0xAB, 0x55, 0xCE, 0x02, 0x90, 0x90, 0x1E, 0x56, 0xA9, 0xAF, 0x55, 0x62, 0x05, 0xF8, 0xA2,
    0x04, 0x10, 0x40, 0xFD, 0xEB, 0xCA, 0x41, 0x98, 0xF0, 0x22, 0xA0, 0xF3, 0xD3, 0xAB, 0x68, 0x56,
    0xE0, 0x0E, 0xD8, 0x00, 0xD0, 0xBF, 0x5E, 0xC0, 0xF9, 0x03, 0xF9, 0xE9, 0xEA, 0xAD, 0x00, 0xD3,
    0x47, 0xE1, 0xF1, 0xAF, 0xAB, 0x47, 0x30, 0x20, 0xC0, 0x7F, 0xBA, 0x7A, 0x9B, 0xB8, 0x57, 0x58,
    0x75, 0x2B, 0xB6, 0xCE, 0xF2, 0xE5, 0x42, 0xC1, 0x55, 0x24, 0xC0, 0x14, 0x00, 0xB8, 0x6F, 0xFB,
    0x43, 0x87, 0x64, 0x0E, 0x80, 0x88, 0xA5, 0x4F, 0x0F, 0x49, 0x1D, 0x87, 0xE4, 0xB1, 0x49, 0x20,
    0xFE, 0xEC, 0x79, 0x3D, 0x05, 0xE0, 0xFC, 0xF8, 0x79, 0xCD, 0xBD, 0x16, 0xC0, 0xE7, 0x1C, 0x60,
    0x83, 0x00, 0x0F, 0x1A, 0xB4, 0xC5, 0x84, 0x80, 0x95, 0x0B, 0xD4, 0x62, 0xBB, 0x94, 0x83, 0xDB,
    0x0A, 0x0F, 0xAB, 0x80, 0x9C, 0xD5, 0x40, 0x4E, 0xC3, 0xCA, 0x01, 0x23, 0xA1, 0x3B, 0x01, 0x0A,
    0x02, 0xAB, 0x69, 0x73, 0xCE, 0xFB, 0x99, 0xE4, 0x57, 0xA1, 0x19, 0x56, 0x0A, 0x5F, 0x64, 0x6F,
    0x15, 0x3E, 0xEE, 0x2B, 0x4A, 0xD0, 0xA4, 0xCF, 0x8B, 0x94, 0x4C, 0x60, 0xAA, 0xC8, 0xCA, 0xFD,
    0xC9, 0x99, 0x30, 0xAC, 0x30, 0xBC, 0x00, 0x07, 0x48, 0x80, 0xD8, 0xE4, 0xB3, 0x06, 0x04, 0x9B,
    0xC8, 0x39, 0x62, 0x51, 0x82, 0xF0, 0x72, 0xC1, 0x14, 0x90, 0x73, 0x9F, 0xF2, 0x4B, 0x19, 0x8E,
    0xEC, 0x22, 0x9B, 0xB0, 0x3B, 0x93, 0xF0, 0xC9, 0x7C, 0x97, 0x42, 0x42, 0xC3, 0xCB, 0x07, 0x18,
    0x62, 0x37, 0x5C, 0xE6, 0x69, 0xB3, 0xFC, 0x66, 0x8D, 0x88, 0x00, 0xF1, 0xB9, 0xC6, 0xCF, 0xDB,
    0xFA, 0xC7, 0x4A, 0x8E, 0x2C, 0x99, 0x7E, 0xAC, 0xE4, 0xA9, 0x29, 0x1C, 0x07, 0x27, 0x20, 0x10,
    0xC4, 0x47, 0x5F, 0x1B, 0x02, 0x66, 0x01, 0x57, 0x01, 0x12, 0x98, 0x06, 0x58, 0xC5, 0xA2, 0x04,
    0x2F, 0x07, 0xC7, 0x0B, 0xC7, 0xB4, 0xA6, 0x9B, 0x34, 0x2B, 0x77, 0x6C, 0x80, 0x00, 0x4C, 0xA0,
    0x5D, 0xE0, 0x56, 0xDC, 0xE5, 0x2B, 0x06, 0x0F, 0x52, 0xC4, 0xD6, 0x60, 0x04, 0xF2, 0x26, 0x97,
    0xAC, 0xFE, 0x44, 0x53, 0xC7, 0x4F, 0x9B, 0x2C, 0x07, 0x78, 0xFD, 0x48, 0x67, 0x3F, 0xD5, 0x3A,
    0x8B, 0x01, 0x3E, 0x01, 0xF8, 0x5B, 0x25, 0xD9, 0x2C, 0xF8, 0x95, 0xC2, 0x5A, 0xB7, 0x9D, 0x39,
    0xE8, 0x94, 0x61, 0xA2, 0x2D, 0xF4, 0x70, 0xB1, 0xE5, 0x23, 0xC6, 0xBF, 0x8D, 0x69, 0xAE, 0x2F,
    0x37, 0xBC, 0x8F, 0x17, 0xC4, 0x5D, 0xE3, 0xA4, 0xDA, 0x8A, 0x8A, 0x6B, 0x91, 0x1C, 0xF2, 0xFC,
    0x6E, 0x0E, 0x3C, 0xBD, 0x9B, 0x63, 0xFC, 0xFF, 0xDD, 0xFC, 0xE9, 0xE5, 0xE0, 0xCF, 0x6F, 0xB8,
    0x07, 0x17, 0x81, 0x5F, 0xDC, 0x73, 0x87, 0xF4, 0x7A, 0xC7, 0x6B, 0xBE, 0xF6, 0x03, 0x9D, 0x93,
    0xBC, 0x28, 0x5A, 0x5F, 0xE8, 0xBD, 0x5E, 0x08, 0xFA, 0x02, 0x00, 0x02, 0x18, 0x00, 0x01, 0xE0,
    0x6C, 0xB1, 0x89, 0x0F, 0x12, 0xAB, 0x4D, 0x2F, 0x65, 0x70, 0xDD, 0xE4, 0x50, 0x6A, 0x9B, 0xAC,
    0xC6, 0xA2, 0x08, 0x8C, 0xEC, 0x38, 0xFE, 0x4E, 0xA2, 0xE1, 0xC5, 0x72, 0x11, 0x8B, 0x66, 0xD9,
    0x97, 0xFE, 0xEB, 0x25, 0x7B, 0x1B, 0xA6, 0xBD, 0xE4, 0x70, 0xF4, 0xB9, 0xFF, 0xBE, 0xCA, 0x04,
    0x04, 0x30, 0xC0, 0xB4, 0xD3, 0xDA, 0xB9, 0x97, 0x05, 0xB4, 0xB6, 0xFF, 0x35, 0xFD, 0x91, 0xFE,
    0x46, 0xC0, 0xC0, 0x84, 0x43, 0x3B, 0x1E, 0xE4, 0x41, 0x6B, 0x8B, 0x4D, 0x5F, 0x9A, 0x5E, 0x7F,
    0xDC, 0x7F, 0x01, 0x01, 0x47, 0x46, 0x01, 0x04, 0x00, 0x9D, 0x7F, 0xDB, 0x0C, 0x71, 0x20, 0x81,
    0x01, 0x56, 0x60, 0xFC, 0x62, 0x73, 0xB4, 0x02, 0x2F, 0x48, 0x40, 0xE7, 0x1D, 0x12, 0x30, 0xB5,
    0x0F, 0x2D, 0x1B, 0x26, 0x0F, 0xAB, 0x96, 0x5E, 0x91, 0x8E, 0x32, 0xA9, 0x58, 0x25, 0x87, 0x33,
    0x86, 0xA3, 0x11, 0xA6, 0x21, 0xAB, 0x90, 0x57, 0xD6, 0x3E, 0xB4, 0x72, 0x16, 0xE2, 0xE1, 0xB6,
    0xA0, 0x83, 0xA0, 0xC8, 0xB2, 0xAB, 0xFC, 0x2D, 0xB2, 0xC5, 0x4D, 0x46, 0x1F, 0xD2, 0x50, 0xE9,
    0x7A, 0xD1, 0xD5, 0x2A, 0x73, 0x7F, 0x73, 0x3B, 0x0F, 0xA9, 0x35, 0x00, 0xAB, 0xF7, 0x6F, 0xFE,
    0x46, 0x39, 0x16, 0x2F, 0x00, 0xC0, 0x3D, 0xC6, 0xD5, 0x1B, 0xCD, 0xB7, 0x3F, 0xFC, 0x75, 0x8F,
    0xED, 0xC8, 0x67, 0xF9, 0x3B, 0xE6, 0x71, 0xFE, 0x31, 0xF7, 0x2D, 0x8B, 0x85, 0x54, 0x67, 0x23,
    0xC7, 0x83, 0xE7, 0xEF, 0xF9, 0x97, 0xBF, 0xB9, 0xEE, 0x63, 0xCF, 0xF3, 0x77, 0xCC, 0xA3, 0xFC,
    0xD3, 0xDC, 0x83, 0xFA, 0x0C, 0xFF, 0xF2, 0x7C, 0x7B, 0xE0, 0xDF, 0x73, 0x3E, 0xCF, 0xDF, 0x31,
    0x8F, 0xF3, 0xCF, 0x6B, 0x3B, 0xE3, 0xA8, 0xEF, 0xFF, 0x63, 0xCE, 0xEB, 0x7F, 0x9E, 0xFF, 0x38,
    0xE6, 0xF3, 0xFA, 0x53, 0x7B, 0x34, 0xD5, 0xAB, 0x2F, 0xF9, 0xFA, 0xFE, 0x8F, 0xA3, 0x91, 0x03,
    0xA7, 0xB9, 0x9F, 0xE6, 0xEF, 0x98, 0xC7, 0xF9, 0xC7, 0xDC, 0x3B, 0xFB, 0xF9, 0xFA, 0x0F, 0xCF,
    0xA3, 0xEF, 0x6F, 0xF1, 0xF3, 0xF5, 0x3F, 0xCE, 0x27, 0xAF, 0x28, 0xAD, 0xDC, 0xAA, 0x2D, 0x15,
    0x0C, 0x98, 0x90, 0x85, 0x17, 0x26, 0x4C, 0x9D, 0xA5, 0x42, 0xC3, 0xEA, 0x6D, 0x02, 0x10, 0x87,
    0x36, 0x16, 0x0B, 0x9B, 0xEE, 0x6E, 0x5E, 0x5E, 0x26, 0x06, 0xA3, 0xA2, 0x42, 0x9A, 0x05, 0x56,
    0x0B, 0xDC, 0xCC, 0xC9, 0x39, 0x25, 0x47, 0xE5, 0x54, 0x25, 0x45, 0xDC, 0x4F, 0x6D, 0x74, 0x37,
    0x5B, 0x56, 0xDB, 0x7C, 0x19, 0xDB, 0xA6, 0xD8, 0xA2, 0x93, 0x75, 0x60, 0xC7, 0x43, 0x59, 0x79,
    0xE5, 0x70, 0x16, 0x92, 0x20, 0x18, 0x08, 0xF5, 0x6B, 0x05, 0xB0, 0xC7, 0x0D, 0x27, 0xF8, 0xE6,
    0xAF, 0xD3, 0x90, 0x77, 0x1A, 0xFB, 0x7F, 0x00, 0x70, 0x8E, 0x39, 0x3C, 0xA7, 0x88, 0x0A, 0x40,
    0x02, 0xB2, 0x80, 0x8F, 0xA4, 0x29, 0x9F, 0x38, 0x68, 0x53, 0x62, 0x3A, 0xFD, 0xFA, 0x1C, 0x78,
    0x6D, 0xD7, 0x9C, 0x73, 0x07, 0x99, 0x48, 0xCE, 0x3F, 0x61, 0x19, 0xA7, 0xFC, 0x29, 0xFF, 0x91,
    0x4B, 0x2C, 0x72, 0x1F, 0xDE, 0x63, 0x5F, 0xD9, 0xF2, 0xE8, 0x8F, 0xE3, 0xD4, 0x22, 0xFF, 0x03,
    0xB5, 0x96, 0x01, 0xC6, 0x2C, 0x49, 0x10, 0x84, 0x3F, 0x12, 0x20, 0xC8, 0xAB, 0x04, 0x03, 0x30,
    0xCC, 0xD5, 0x93, 0x06, 0x18, 0xDE, 0x55, 0xEA, 0x00, 0x4D, 0xEF, 0x3C, 0x76, 0xD7, 0xDA, 0x55,
    0x61, 0xFF, 0x66, 0x3E, 0xA0, 0x84, 0x9A, 0x9C, 0x4A, 0x11, 0x99, 0xDD, 0xB0, 0x48, 0xAC, 0x26,
    0x51, 0x23, 0x13, 0x69, 0x79, 0x11, 0x79, 0x9D, 0x44, 0xAE, 0x8B, 0x80, 0x65, 0x75, 0xA8, 0x50,
    0x53, 0x43, 0xE0, 0xF9, 0x21, 0xBF, 0x0F, 0x33, 0xCC, 0x5E, 0x97, 0xF7, 0x15, 0xBA, 0x6D, 0x22,
    0x56, 0xBA, 0x0F, 0x0C, 0x43, 0xD0, 0x65, 0x59, 0x66, 0xC3, 0x5A, 0x12, 0x81, 0x9A, 0xC7, 0x3B,
    0xF7, 0xAF, 0x97, 0x65, 0xB1, 0x67, 0x8A, 0x9A, 0x54, 0x81, 0x29, 0x92, 0x5E, 0x30, 0xEC, 0x69,
    0x0A, 0xF1, 0x63, 0x0A, 0x06, 0xE7, 0xFF, 0x2D, 0x02, 0xD3, 0xB1, 0xEF, 0x45, 0xAD, 0x02, 0xEA,
    0x44, 0x88, 0x84, 0x79, 0x23, 0xCC, 0xF0, 0x03, 0x6A, 0x44, 0xE5, 0xFA, 0x74, 0xD0, 0x7B, 0x8A,
    0xD8, 0x77, 0x7A, 0x8A, 0x4C, 0xF0, 0x85, 0x50, 0x89, 0x15, 0x5D, 0x7B, 0xF0, 0x84, 0x6F, 0x26,
    0xF3, 0xBE, 0xEF, 0x8A, 0x1A, 0xDC, 0x93, 0x73, 0x47, 0xAA, 0x4F, 0x51, 0xE4, 0xB9, 0x96, 0x72,
    0x73, 0xE8, 0xD0, 0x73, 0xDD, 0x9F, 0x0B, 0x35, 0xB2, 0x95, 0xEE, 0xDF, 0xC8, 0xF5, 0x17, 0x26,
    0x77, 0xD2, 0xAE, 0xEB, 0xA7, 0x35, 0x7B, 0xDD, 0xAF, 0x88, 0x99, 0x42, 0x98, 0x7F, 0x21, 0x84,
    0x31, 0xC3, 0x14, 0xF5, 0xF7, 0x31, 0x51, 0x83, 0x71, 0x0D, 0x01, 0x2B, 0xF5, 0xA7, 0x97, 0x9C,
    0x5E, 0xF3, 0x5C, 0x87, 0x8A, 0xE7, 0xB3, 0x26, 0xA5, 0x80, 0x29, 0x0A, 0xA6, 0x72, 0x97, 0x03,
    0x46, 0x14, 0x81, 0x3C, 0xB9, 0x68, 0x7B, 0x80, 0xFB, 0x39, 0xE4, 0x61, 0x9B, 0x40, 0x48, 0xDF,
    0x82, 0x9C, 0xB2, 0xEC, 0xDD, 0xEC, 0x5F, 0x59, 0x86, 0xFC, 0x32, 0xA6, 0xDF, 0x8F, 0x55, 0x6C,
    0xF1, 0xAB, 0xE6, 0x54, 0xCC, 0x58, 0xF0, 0x7C, 0x40, 0x7A, 0x5D, 0xCA, 0x7B, 0x79, 0x31, 0xEF,
    0x0F, 0x40, 0x0D, 0x00, 0xD4, 0xAF, 0x63, 0xC9, 0xA2, 0x97, 0x4E, 0x59, 0xFA, 0xF5, 0x39, 0xFB,
    0x1F, 0x9F, 0x71, 0x35, 0x16, 0x7F, 0x9D, 0x1F, 0x1F, 0x18, 0x9C, 0x1C, 0x50, 0x23, 0x44, 0x4D,
    0x9A, 0x32, 0x8F, 0xF7, 0x46, 0x8F, 0xC8, 0x35, 0x72, 0xDA, 0xDD, 0x05, 0x13, 0x77, 0xFF, 0xD6,
    0x77, 0x83, 0x91, 0xFD, 0x3E, 0xEA, 0x7F, 0xE4, 0xB8, 0x69, 0x7E, 0xCC, 0xC3, 0x3D, 0xAF, 0xD5,
    0x93, 0xF3, 0xFD, 0x5C, 0x4C, 0xD1, 0x67, 0x48, 0xD8, 0x0D, 0x0C, 0x6A, 0x58, 0x5C, 0xD7, 0x7F,
    0xCF, 0x37, 0xA9, 0xEB, 0x1A, 0xBE, 0x49, 0xA8, 0x59, 0x27, 0x52, 0x8D, 0xCD, 0x6B, 0xB8, 0xC3,
    0x75, 0xD1, 0xB0, 0x0C, 0xE2, 0xBB, 0x0C, 0xB0, 0x5E, 0xD7, 0x75, 0x02, 0x0B, 0x98, 0x5E, 0xFE,
    0xCD, 0x6A, 0x6F, 0xCC, 0x35, 0xF6, 0x6B, 0xBC, 0xDD, 0x6B, 0x05, 0x34, 0x45, 0xCF, 0xFE, 0xFE,
    0x6F, 0x76, 0xBA, 0xFF, 0x64, 0xFB, 0xFB, 0x4B, 0x08, 0x51, 0x1B, 0x1D, 0xE3, 0x5A, 0xF2, 0x4E,
    0x17, 0xA2, 0x27, 0x4F, 0xCA, 0x73, 0x1D, 0x3A, 0xC4, 0x86, 0x1E, 0x59, 0xEC, 0x64, 0xF1, 0xCA,
    0x13, 0x06, 0x7F, 0xD0, 0xD4, 0x56, 0xD5, 0x14, 0x9A, 0xDD, 0x86, 0xF9, 0x03, 0xA5, 0x59, 0xC1,
    0xAA, 0xF5, 0x2C, 0x0C, 0x1C, 0xC8, 0x36, 0xE0, 0xAB, 0x04, 0xDC, 0x16, 0x7C, 0x75, 0xE1, 0x6C,
    0xFB, 0x30, 0xC2, 0xBF, 0x15, 0xFA, 0x37, 0x48, 0xB8, 0x9E, 0xA1, 0x39, 0x5D, 0x7C, 0x33, 0x8B,
    0x7B, 0x2E, 0x33, 0xB1, 0xAD, 0x9A, 0xD4, 0x2A, 0x50, 0x80, 0x01, 0xB4, 0x69, 0x70, 0xB6, 0x61,
    0x58, 0x6C, 0x13, 0x37, 0xD4, 0xD4, 0x80, 0x4C, 0x0F, 0xB8, 0x2E, 0x10, 0xE7, 0x94, 0xC0, 0x01,
    0xC7, 0x28, 0x88, 0x78, 0xE6, 0x0E, 0x19, 0xAA, 0x7B, 0xFB, 0xAA, 0x32, 0x76, 0xBD, 0x0C, 0xD3,
    0x9B, 0xEB, 0x6E, 0xD5, 0x6E, 0x96, 0x6F, 0x7D, 0xA2, 0x7F, 0xB3, 0xEC, 0xF7, 0x9F, 0xE8, 0x1B,
    0xE6, 0x7E, 0x6B, 0x8E, 0xD2, 0x77, 0xB9, 0x75, 0x5B, 0x9C, 0xF6, 0x59, 0xEC, 0x5F, 0xF1, 0xD6,
    0x17, 0x9B, 0xEB, 0x8B, 0x6F, 0xFD, 0x23, 0x7B, 0xFF, 0xD8, 0xE1, 0xD1, 0x15, 0x15, 0x07, 0xAA,
    0xB7, 0x66, 0xA6, 0xB8, 0x11, 0xE3, 0x63, 0x6A, 0xC7, 0xCD, 0xD3, 0xCE, 0xAA, 0x55, 0x8F, 0x9B,
    0x4B, 0x8F, 0x9E, 0x30, 0x31, 0xD1, 0x1B, 0x62, 0x62, 0xFE, 0x74, 0x82, 0x82, 0x1D, 0x26, 0xCC,
    0x76, 0xB9, 0x2F, 0x74, 0xE9, 0x6A, 0x6A, 0xDE, 0x5A, 0x9B, 0xA6, 0x8B, 0xD8, 0xD0, 0x46, 0x8C,
    0x7F, 0xA8, 0x6D, 0x90, 0xAE, 0xCE, 0x44, 0x7F, 0x1D, 0x7F, 0x4C, 0x51, 0xE7, 0x82, 0xC7, 0x5F,
    0x57, 0x97, 0x2E, 0x21, 0xBF, 0xCD, 0x3F, 0xEF, 0x71, 0x3D, 0xF5, 0x94, 0x21, 0xC3, 0xFF, 0xFA,
    0xFF, 0x3C, 0x7F, 0x70, 0xB3, 0x0C, 0x18, 0x14, 0x34, 0x7F, 0xF2, 0xFE, 0x05, 0xD4, 0xA4, 0xE7,
    0x7A, 0x20, 0x1B, 0xBF, 0x80, 0x4C, 0xD1, 0x3F, 0x3A, 0x28, 0x5E, 0x4D, 0x8F, 0x1B, 0xF5, 0xAC,
    0x27, 0xF7, 0x7F, 0xE8, 0x31, 0x3A, 0x41, 0x7E, 0xBE, 0x6F, 0x16, 0xEE, 0x7F, 0x65, 0x26, 0xE3,
    0x87, 0xE0, 0x43, 0xFB, 0xA1, 0x71, 0xFB, 0x58, 0xB3, 0x89, 0xB8, 0xE1, 0x65, 0x7E, 0xF6, 0x32,
    0xED, 0x13, 0x8C, 0x5C, 0xE5, 0xE7, 0x57, 0xF3, 0xB1, 0xF8, 0x9B, 0xA9, 0xA4, 0x13, 0xDB, 0x05,
    0x81, 0x3C, 0xE8, 0x47, 0x39, 0xA1, 0x4E, 0x9A, 0x3F, 0xC4, 0x76, 0xED, 0xFA, 0x47, 0x99, 0xD7,
    0x57, 0xFB, 0x0D, 0x9C, 0xDF, 0x32, 0x1F, 0xC7, 0x4F, 0xED, 0x5C, 0x6C, 0xFA, 0xA5, 0xE3, 0x77,
    0x7E, 0x95, 0x6E, 0x06, 0x85, 0x96, 0x09, 0x75, 0x72, 0x7D, 0xB2, 0x51, 0xD5, 0xD9, 0xB4, 0xEA,
    0xA2, 0x51, 0x7D, 0x5C, 0xAD, 0x96, 0x19, 0xB3, 0x2F, 0xFA, 0x8F, 0x73, 0xE4, 0x76, 0x46, 0x2F,
    0x05, 0x54, 0x86, 0x6E, 0xF7, 0x46, 0xF3, 0x8B, 0xE6, 0x50, 0xB8, 0x5A, 0xE8, 0x69, 0x0D, 0x60,
    0xC8, 0x76, 0x6F, 0x3E, 0x7E, 0x26, 0x78, 0x98, 0x83, 0xAB, 0x15, 0xBE, 0x7E, 0x8C, 0x61, 0x54,
    0x80, 0xC8, 0x7F, 0x8E, 0x8F, 0x0A, 0xF0, 0x18, 0x4F, 0x19, 0x0E, 0x6C, 0x15, 0x20, 0xD1, 0xB9,
    0x06, 0x50, 0xFE, 0xD3, 0xF3, 0x51, 0xFE, 0x13, 0xB8, 0x02, 0xB0, 0xCE, 0x15, 0x80, 0xF5, 0xF2,
    0x36, 0x3E, 0x11, 0x99, 0xC4, 0xD7, 0x71, 0x68, 0x68, 0x87, 0xD6, 0xF1, 0x58, 0x03, 0x60, 0xE0,
    0xFE, 0x4F, 0x6B, 0xC0, 0x0E, 0xCA, 0x61, 0x81, 0x40, 0x71, 0x84, 0xE4, 0xEE, 0x55, 0x03, 0xB8,
    0x0A, 0x50, 0x7C, 0x54, 0x80, 0xBC, 0x7F, 0x38, 0xFF, 0x37, 0x9D, 0x2B, 0x00, 0x21, 0xCB, 0xFF,
    0x40, 0x96, 0xFF, 0x54, 0x03, 0x26, 0xE5, 0x3F, 0x8F, 0x9F, 0x52, 0xFE, 0x53, 0x0D, 0xE0, 0xFC,
    0xE1, 0x1A, 0x50, 0x26, 0xE5, 0x3F, 0xD5, 0x80, 0xC6, 0xF9, 0x9F, 0xD4, 0x80, 0xE8, 0xBF, 0x58,
    0x61, 0xE4, 0xF9, 0xE5, 0x41, 0xB9, 0xEE, 0x30, 0x5C, 0xB0, 0x6D, 0xFE, 0x2C, 0x42, 0x31, 0x7E,
    0xAD, 0x01, 0x19, 0x6B, 0x0D, 0xD8, 0x06, 0xAD, 0xFF, 0x68, 0xFE, 0xF9, 0xDD, 0x72, 0xFE, 0xAE,
    0x99, 0x22, 0xC9, 0xFA, 0x2E, 0x9E, 0x80, 0x75, 0xEA, 0x7A, 0x6F, 0xD7, 0x76, 0x5A, 0x2F, 0x78,
    0x58, 0x03, 0x4E, 0x5E, 0xFF, 0x05, 0x68, 0x05, 0x38, 0x5F, 0xFB, 0x27, 0x30, 0x4A, 0x5E, 0x3F,
    0x62, 0x7C, 0xD2, 0xFA, 0x13, 0xB9, 0x9E, 0xE7, 0x57, 0x40, 0xBF, 0xB0, 0xF2, 0x2B, 0x7B, 0xFF,
    0xD5, 0x53, 0x0D, 0x0C, 0xE4, 0xBA, 0xA0, 0x8D, 0x5F, 0xEF, 0x3F, 0xBD, 0xD9, 0xBA, 0x42, 0x51,
    0x86, 0x3A, 0x78, 0xFD, 0x75, 0xD8, 0xA7, 0xA2, 0xA2, 0xCD, 0x0A, 0xA7, 0x7D, 0x2C, 0x6E, 0x9E,
    0x3C, 0x6D, 0xB2, 0x1E, 0x33, 0x40, 0x4C, 0x4C, 0xB5, 0x1C, 0x5E, 0xFD, 0x9D, 0x20, 0xFC, 0x39,
    0x58, 0x5F, 0x63, 0x57, 0xED, 0xA6, 0xB6, 0xE3, 0x48, 0xE2, 0x2D, 0x1C, 0x0F, 0xF1, 0x65, 0xAE,
    0xD5, 0x0D, 0xBA, 0x0C, 0xBE, 0xFE, 0xEE, 0x11, 0x5B, 0x75, 0x8E, 0xF5, 0x7A, 0x55, 0xA9, 0x62,
    0x67, 0x33, 0x9B, 0x75, 0xA1, 0xEE, 0x7A, 0x78, 0x76, 0xC7, 0xFE, 0x7E, 0xE2, 0xF5, 0xAD, 0xFF,
    0x32, 0xD8, 0xE6, 0xD8, 0xDF, 0x7F, 0xAC, 0x03, 0x54, 0x77, 0xB9, 0x7E, 0xE7, 0x3E, 0x7A, 0xF7,
    0xB4, 0x99, 0xBF, 0x7F, 0xA2, 0x7E, 0x3C, 0xE9, 0x56, 0xCC, 0x1C, 0xDA, 0x9D, 0xC2, 0xA5, 0x75,
    0x5B, 0x63, 0x87, 0x63, 0xE9, 0xC7, 0x21, 0xF2, 0x16, 0x1F, 0x1E, 0x8E, 0xDF, 0xA1, 0x3E, 0xEB,
    0x3E, 0xCE, 0x5A, 0xEB, 0xE1, 0xE3, 0xAC, 0xC6, 0x7D, 0xA0, 0xB9, 0xBE, 0xC6, 0x54, 0x36, 0xAE,
    0xFE, 0x09, 0xB0, 0x27, 0x74, 0xEF, 0x93, 0x22, 0x1D, 0x06, 0xFF, 0x7D, 0x2C, 0x65, 0xB1, 0x6C,
    0xF3, 0x9B, 0x5D, 0xA1, 0xC7, 0x5B, 0xF7, 0x3D, 0x7F, 0xD9, 0x45, 0x3A, 0xAF, 0xEF, 0x51, 0xA2,
    0x16, 0x82, 0x3D, 0xB9, 0x2E, 0x8A, 0x61, 0xA6, 0xA7, 0x88, 0xF4, 0xAD, 0xF5, 0xDE, 0x3A, 0x95,
    0x12, 0xEE, 0xF8, 0x8F, 0x20, 0x47, 0xE9, 0x86, 0xF2, 0x53, 0x87, 0x49, 0x47, 0xAE, 0xC3, 0x46,
    0x2F, 0x78, 0x83, 0x00, 0xD0, 0x0E, 0xB9, 0xA9, 0x5D, 0xFF, 0xEA, 0x22, 0xD0, 0x4F, 0x88, 0x6D,
    0xCE, 0xE5, 0xF9, 0x68, 0x77, 0xFF, 0x1F, 0x3C, 0xB6, 0x1B, 0x3E, 0xBD, 0x47, 0x3D, 0x0F, 0xA1,
    0x01, 0x53, 0xB0, 0x61, 0xFC, 0xD7, 0xD1, 0x7B, 0x77, 0x3F, 0xF2, 0xEF, 0xCB, 0x02, 0x85, 0x21,
    0x5F, 0x7F, 0x86, 0xEE, 0x80, 0xA2, 0x41, 0xB1, 0xD5, 0xD7, 0x83, 0xF3, 0x2F, 0x5C, 0xE1, 0x70,
    0x9D, 0xD6, 0xEE, 0xA7, 0x59, 0x3B, 0x0D, 0x41, 0xE4, 0xEB, 0xC3, 0xF3, 0xB0, 0xEA, 0xCE, 0x68,
    0x56, 0x5F, 0xBF, 0xEF, 0xD9, 0x43, 0xBA, 0x5C, 0x82, 0xC5, 0x36, 0xE2, 0x17, 0x23, 0x3C, 0xE1,
    0xE0, 0x6F, 0x0B, 0xFE, 0x82, 0xC2, 0x00, 0x79, 0xC2, 0x41, 0x7A, 0xB6, 0x7F, 0x20, 0x90, 0xE4,
    0xFB, 0x82, 0xF4, 0x64, 0x7F, 0xA1, 0x97, 0xE4, 0xFB, 0x83, 0xF4, 0x6C, 0xFF, 0xC0, 0x49, 0xF5,
    0x8F, 0xF5, 0xBD, 0x7E, 0xD6, 0x9B, 0xAD, 0x57, 0x73, 0x9A, 0x9A, 0x80, 0x60, 0xE5, 0xCF, 0xC1,
    0xBA, 0x96, 0x66, 0x6A, 0x3E, 0xF3, 0x0B, 0xB4, 0xAB, 0xA9, 0xEA, 0xD2, 0xC9, 0x93, 0xE9, 0xB3,
    0x68, 0x12, 0x4F, 0x1E, 0xD6, 0xF3, 0xFD, 0x8D, 0xC2, 0xFD, 0xBF, 0x3B, 0x58, 0xB7, 0x66, 0xE6,
    0x68, 0xC3, 0x2C, 0x10, 0xDA, 0xEE, 0xD9, 0x1D, 0xBC, 0xB6, 0xE3, 0x1D, 0x3E, 0x08, 0x8E, 0x47,
    0xCF, 0x64, 0x5D, 0xD7, 0xDA, 0x7B, 0xA3, 0x0E, 0xE9, 0x7B, 0x34, 0xBB, 0x48, 0xE7, 0xFA, 0x9B,
    0xCE, 0x1F, 0x53, 0xD2, 0xF3, 0xFD, 0x97, 0xC1, 0x49, 0x46, 0x9E, 0xD0, 0x69, 0x7F, 0x66, 0x73,
    0x10, 0x54, 0x97, 0xE3, 0xC1, 0x43, 0xF1, 0x65, 0xBE, 0xC4, 0x87, 0xA3, 0x67, 0xFB, 0x3B, 0xD9,
    0xF8, 0x87, 0x83, 0xF5, 0xEB, 0x54, 0x42, 0xB9, 0x42, 0x27, 0x0F, 0xE9, 0xE9, 0xFE, 0x50, 0xE1,
    0x78, 0x72, 0x2C, 0x9D, 0xB4, 0xAA, 0xF5, 0x56, 0x45, 0xC5, 0x5B, 0x20, 0xEC, 0x0E, 0xD6, 0xCD,
    0x49, 0x5F, 0x08, 0x20, 0xB0, 0xE3, 0x69, 0xFF, 0xA7, 0xAC, 0x7D, 0x66, 0x95, 0xA8, 0x6E, 0xEC,
    0x09, 0x07, 0xE9, 0x8F, 0xF1, 0x1D, 0x3D, 0x8F, 0x0F, 0x3D, 0xDF, 0x7F, 0x8F, 0x79, 0x51, 0x66,
    0xB6, 0x3F, 0x1B, 0xB3, 0x42, 0x46, 0xBA, 0x7F, 0x43, 0xF5, 0xF1, 0xD8, 0xEB, 0xBB, 0x62, 0xB0,
    0x27, 0x1C, 0xA1, 0xA7, 0xFB, 0xAF, 0xDB, 0xFB, 0x95, 0x3D, 0xAC, 0x73, 0x7D, 0xCA, 0xAE, 0x4F,
    0x8E, 0xD0, 0x93, 0x78, 0xBE, 0x3E, 0xC5, 0x87, 0x9E, 0xCF, 0xCF, 0x83, 0xF3, 0x9B, 0x1C, 0xBB,
    0xCE, 0xFB, 0xCB, 0xC9, 0xF5, 0x37, 0x07, 0xE9, 0x32, 0x78, 0x7C, 0x65, 0x6C, 0x5F, 0x9F, 0xE9,
    0xF9, 0x41, 0x38, 0x92, 0xFD, 0xC5, 0xD8, 0x5B, 0x48, 0xE3, 0xC3, 0x93, 0xC5, 0x07, 0xE4, 0xD2,
    0xF5, 0xF5, 0x7D, 0x45, 0x1D, 0xB7, 0x0B, 0x04, 0x5F, 0x7F, 0xE3, 0x53, 0x96, 0xE3, 0x53, 0xE6,
    0x7E, 0x77, 0xF9, 0xF9, 0x42, 0x78, 0x7E, 0xEF, 0x3F, 0xAE, 0x9A, 0xB4, 0x56, 0x39, 0x51, 0xA7,
    0x40, 0x28, 0x63, 0x77, 0x94, 0x41, 0xCF, 0x9F, 0xC6, 0x87, 0x27, 0x8F, 0xCF, 0xF3, 0x8B, 0x3C,
    0x94, 0x5F, 0xA1, 0xE5, 0xE7, 0x23, 0xE4, 0x49, 0xF7, 0x4F, 0xDB, 0x84, 0xA1, 0x0B, 0x64, 0x40,
    0x9D, 0xF6, 0xB0, 0xFE, 0x2C, 0xE4, 0x89, 0x5E, 0x4D, 0xCF, 0x5F, 0x02, 0xE1, 0x21, 0x47, 0xDC,
    0xDB, 0x5B, 0x7C, 0x78, 0xF2, 0xF8, 0xFC, 0xFC, 0x84, 0x3D, 0xAC, 0xFF, 0xEB, 0xF7, 0x2F, 0xB7,
    0xCD, 0xF1, 0xE4, 0x09, 0x07, 0xE9, 0x4B, 0xDB, 0xCE, 0x07, 0x36, 0x9D, 0x3D, 0x32, 0xBF, 0xF5,
    0x32, 0xDF, 0xCF, 0x67, 0xF2, 0xFD, 0x25, 0xFF, 0xFF, 0x2D, 0xDE, 0x3D, 0x59, 0x7C, 0x29, 0xF6,
    0x1A, 0x1F, 0x9E, 0xEC, 0xFA, 0x6F, 0xE7, 0x3B, 0xEC, 0x09, 0xC7, 0xEF, 0xF3, 0xC9, 0x83, 0x2D,
    0xEE, 0x61, 0x9D, 0xDB, 0x7E, 0x3A, 0xDF, 0x21, 0x4F, 0x53, 0xD6, 0x93, 0xEF, 0x1F, 0xEF, 0x85,
    0x4E, 0x9E, 0x44, 0x4F, 0xCE, 0xC7, 0x14, 0x96, 0xAF, 0x9F, 0x42, 0xE7, 0xF8, 0x36, 0xD5, 0xF2,
    0xFD, 0xF5, 0x70, 0x84, 0xFE, 0x3F, 0xB5, 0xD8, 0xD1, 0x6A, 0x23, 0x3B, 0x0C, 0xC6, 0xF1, 0x1F,
    0xE8, 0xD6, 0xE0, 0x57, 0x31, 0xEC, 0xAD, 0xC1, 0xAF, 0x2E, 0xE8, 0x6D, 0x61, 0x5F, 0x45, 0xD0,
    0x5B, 0xC3, 0x9C, 0x1D, 0x9A, 0x10, 0x42, 0x08, 0xBB, 0x27, 0x34, 0x23, 0xCB, 0x14, 0x14, 0xF0,
    0xFF, 0x9B, 0xB1, 0x64, 0xB9, 0x44, 0xD1, 0x8B, 0x59, 0x8C, 0xA2, 0x8A, 0x2C, 0x91, 0xA5, 0xFB,
    0xF6, 0xA9, 0xAC, 0xA3, 0x94, 0x92, 0x2A, 0x52, 0x75, 0xDF, 0x7E, 0x64, 0x3F, 0x40, 0xE4, 0xB7,
    0xF7, 0xDF, 0xF6, 0x8A, 0x9C, 0xDD, 0x9C, 0x6A, 0xAA, 0x52, 0x15, 0x59, 0x3D, 0xF7, 0xAF, 0x3C,
    0x3E, 0x3E, 0x57, 0x14, 0x14, 0x65, 0x68, 0x9A, 0x21, 0xB2, 0x8D, 0x36, 0xFE, 0x8C, 0xB6, 0xF6,
    0x68, 0xDF, 0x06, 0x48, 0xC3, 0x90, 0xF4, 0x1A, 0x4D, 0xEB, 0xDF, 0xF1, 0xD9, 0x3F, 0x01, 0x13,
    0xFB, 0x22, 0x02, 0x0D, 0x60, 0x13, 0x9B, 0xDE, 0x99, 0x01, 0x3F, 0x23, 0x74, 0xB2, 0x45, 0xE9,
    0x34, 0x10, 0xA5, 0x97, 0x39, 0x55, 0x83, 0xE7, 0xEA, 0xEB, 0xA6, 0x7E, 0x62, 0xA1, 0x23, 0xF2,
    0xAD, 0xC0, 0x93, 0x45, 0x27, 0xF2, 0x45, 0xDA, 0xA1, 0xC5, 0x68, 0xF9, 0xEB, 0x8F, 0xB7, 0x1C,
    0x7F, 0x9E, 0x55, 0xE3, 0xF2, 0x80, 0x26, 0x7C, 0xC6, 0x68, 0xED, 0xD9, 0x27, 0x9A, 0x8D, 0x63,
    0x93, 0xF5, 0x5E, 0xA5, 0xCD, 0xB1, 0x65, 0xBD, 0x28, 0x53, 0x4F, 0x56, 0x52, 0x25, 0x72, 0xC0,
    0x8F, 0xA7, 0xC6, 0xDF, 0xB1, 0x9E, 0x66, 0x0A, 0x91, 0x17, 0x46, 0x14, 0x12, 0x08, 0x43, 0x64,
    0x89, 0x23, 0x39, 0xFC, 0x1C, 0x77, 0x89, 0xD2, 0xD3, 0x64, 0x80, 0x6C, 0x6A, 0x3A, 0xCA, 0xCA,
    0x7F, 0xA5, 0xBF, 0x88, 0xA6, 0x30, 0xDF, 0x0B, 0x5C, 0x6C, 0x26, 0xFD, 0x45, 0xDA, 0x20, 0x7F,
    0xB7, 0x55, 0xE1, 0xC9, 0x4E, 0x4F, 0x19, 0xC6, 0xE8, 0xCF, 0x8A, 0x51, 0x64, 0xEA, 0x47, 0x6A,
    0xFD, 0xCD, 0x4A, 0x47, 0x1C, 0x15, 0x91, 0xAF, 0xC9, 0x7C, 0x1B, 0xD6, 0x6D, 0xA7, 0xBF, 0x84,
    0x85, 0xA2, 0x38, 0x8E, 0x43, 0x3F, 0x4D, 0x58, 0xC2, 0xC4, 0x94, 0xF6, 0x65, 0xD5, 0xE3, 0xA0,
    0xBA, 0xA8, 0x10, 0x79, 0x3A, 0x3D, 0xB5, 0xCE, 0xEC, 0xD4, 0x71, 0x1C, 0x05, 0xFA, 0xC5, 0x97,
    0xF8, 0xCA, 0xFE, 0xBD, 0xFA, 0x76, 0xA4, 0xA2, 0xA8, 0x50, 0xDD, 0x9E, 0x56, 0x41, 0xA4, 0x73,
    0x90, 0x32, 0xAC, 0x3D, 0x9C, 0xB6, 0x6A, 0xB8, 0xFC, 0xB5, 0xE1, 0x1A, 0x87, 0x5E, 0x97, 0x03,
    0xCB, 0x30, 0x5A, 0x2F, 0x8F, 0x7B, 0xE0, 0x47, 0xC4, 0x44, 0x66, 0x3F, 0xB2, 0x75, 0xFE, 0x59,
    0x4C, 0x71, 0x2D, 0x69, 0x13, 0x83, 0xFB, 0x8F, 0x3C, 0xA9, 0xF6, 0x53, 0x7C, 0x1E, 0x4B, 0x45,
    0x4F, 0x2B, 0x55, 0x45, 0x8E, 0x7F, 0x86, 0x2E, 0x6C, 0x4C, 0xF4, 0xF7, 0x02, 0xDF, 0x4A, 0xC5,
    0xAB, 0xB4, 0x23, 0x5A, 0xFB, 0x1C, 0xE3, 0xD9, 0x36, 0x31, 0xB4, 0x68, 0xAD, 0xC6, 0x78, 0xB2,
    0x4D, 0xD4, 0x10, 0x47, 0x89, 0xC8, 0xF7, 0x2A, 0xBD, 0x94, 0x8A, 0x17, 0x65, 0x3E, 0x1E, 0xD5,
    0xEF, 0x48, 0x4F, 0x87, 0xF8, 0xC8, 0x2E, 0xFD, 0xCF, 0x6C, 0xBD, 0x36, 0x87, 0x7D, 0xCB, 0x7B,
    0xEB, 0x9B, 0xFB, 0x7C, 0x8D, 0xC7, 0x38, 0x47, 0xE9, 0x74, 0x16, 0x93, 0xC9, 0xA6, 0x2E, 0x23,
    0xEA, 0xB2, 0x4C, 0x4F, 0x9D, 0xCE, 0x71, 0x5B, 0x9B, 0x52, 0x40, 0xCF, 0xC8, 0xC8, 0xEE, 0xB4,
    0xE9, 0xB4, 0x52, 0xB9, 0x30, 0x4D, 0x1C, 0xAC, 0x8F, 0x32, 0xED, 0x28, 0x33, 0xD2, 0xEA, 0xA7,
    0xB3, 0x16, 0x73, 0x7E, 0xFB, 0xDE, 0xD4, 0x16, 0xA7, 0xE7, 0xD4, 0x73, 0x99, 0xFA, 0xC7, 0xE6,
    0x48, 0xF7, 0xEF, 0x2B, 0xA3, 0xAA, 0xE7, 0x5C, 0xE6, 0x34, 0xB7, 0x59, 0x76, 0xA9, 0x8A, 0xAA,
    0xC8, 0xB9, 0xF4, 0x02, 0x45, 0xB9, 0xCA, 0xEF, 0x35, 0xDA, 0xBD, 0xF5, 0xE2, 0xFE, 0x05, 0xF5,
    0x7A, 0x88, 0x3F, 0xEF, 0x3A, 0x1E, 0xBB, 0xA5, 0x1F, 0x11, 0xFA, 0xF7, 0x52, 0xF2, 0xA0, 0x7E,
    0x3F, 0xAA, 0xBF, 0xEF, 0x3A, 0xDE, 0x0B, 0x7C, 0x2B, 0x25, 0xAF, 0xD2, 0x5E, 0x4A, 0xC9, 0xB3,
    0x4F, 0xF4, 0x58, 0x4A, 0x2E, 0xF6, 0x78, 0xE2, 0xBC, 0x59, 0xE9, 0xA5, 0x94, 0xBC, 0x28, 0xD3,
    0xC2, 0x41, 0x7C, 0xA4, 0x2E, 0x7F, 0x0A, 0xEB, 0x69, 0x29, 0xF9, 0x9F, 0x99, 0x82, 0x09, 0x1B,
    0x51, 0xE8, 0xD0, 0x00, 0x1C, 0xF6, 0x89, 0xBA, 0x4D, 0x7B, 0x46, 0x99, 0xE3, 0xA4, 0xAD, 0x13,
    0x37, 0x3B, 0xCB, 0x62, 0x9A, 0x97, 0x69, 0xDB, 0x94, 0x2D, 0xCA, 0x49, 0x6D, 0xEA, 0x69, 0x99,
    0xBE, 0xC1, 0x1D, 0xF9, 0xFC, 0xEE, 0x7A, 0xAE, 0x13, 0xF5, 0x75, 0x92, 0xD7, 0x32, 0x73, 0x5A,
    0xB9, 0x2D, 0x65, 0x2B, 0xA5, 0xE2, 0xF4, 0x34, 0x17, 0xFD, 0x46, 0xBE, 0xA0, 0x43, 0xE4, 0x3B,
    0xA9, 0x3B, 0x7A, 0x12, 0x89, 0x7A, 0x89, 0x38, 0x48, 0x9F, 0x11, 0xFD, 0x63, 0xCC, 0x71, 0xF7,
    0xF4, 0xBC, 0x2B, 0x4B, 0xCD, 0xDD, 0x6F, 0x6E, 0xF1, 0xD9, 0x70, 0x6C, 0x64, 0xBD, 0x53, 0xEC,
    0xED, 0xEE, 0xFA, 0x82, 0xD0, 0x77, 0x41, 0x81, 0x0E, 0xFD, 0x25, 0x26, 0x14, 0x8A, 0xB5, 0xE3,
    0xC8, 0x33, 0xE6, 0xBA, 0xD6, 0xD0, 0x7D, 0x4F, 0x65, 0x51, 0x26, 0xD7, 0xB8, 0x48, 0x25, 0x5C,
    0xA7, 0x4E, 0x69, 0x6C, 0x93, 0x15, 0x45, 0x1C, 0x00, 0xE6, 0x75, 0x5A, 0x39, 0xBB, 0x73, 0x4C,
    0x75, 0x19, 0x91, 0x97, 0xDB, 0xF7, 0x72, 0xFC, 0x36, 0x7B, 0x3E, 0x1C, 0x58, 0xA3, 0xFD, 0xFD,
    0xC0, 0xBA, 0x8B, 0x5F, 0xEF, 0x60, 0x14, 0xA2, 0xD0, 0x13, 0x13, 0x06, 0xF8, 0x96, 0xBB, 0x23,
    0xCD, 0x73, 0x9A, 0xB3, 0xA7, 0x31, 0x3A, 0xA3, 0x3A, 0x5F, 0xF9, 0xAA, 0xDC, 0x27, 0x69, 0xBC,
    0x72, 0x55, 0x77, 0xFA, 0xAC, 0xA9, 0x72, 0xFA, 0xCA, 0xE9, 0x30, 0xE3, 0x7A, 0x79, 0x4A, 0xB5,
    0x38, 0x7E, 0x33, 0x7B, 0xA2, 0x60, 0xC3, 0x84, 0xFE, 0x56, 0xEA, 0xFB, 0xFF, 0x41, 0xBD, 0x44,
    0x7C, 0x4D, 0xE3, 0xF1, 0xEB, 0xAF, 0x69, 0x7C, 0xFF, 0x9B, 0xEA, 0x03, 0xA8, 0x41, 0x1C, 0x45,
    0x44, 0xBE, 0x55, 0xEC, 0x2D, 0x8D, 0x5F, 0x10, 0xFA, 0x0E, 0xA8, 0xFB, 0x34, 0x7E, 0x81, 0x09,
    0xD4, 0xC5, 0x1F, 0x3F, 0xA6, 0xA3, 0x56, 0x2D, 0xFD, 0xDA, 0x97, 0x8A, 0x2C, 0x91, 0x29, 0x3E,
    0xF0, 0x89, 0x8D, 0x22, 0xF2, 0xE6, 0xDD, 0xCD, 0x8F, 0xE2, 0xBE, 0xBB, 0x39, 0x11, 0x23, 0x7B,
    0x64, 0x8B, 0x9C, 0x91, 0x43, 0x95, 0x4A, 0x95, 0xBE, 0xF2, 0xD6, 0x40, 0x17, 0x29, 0xD2, 0x17,
    0xFB, 0x87, 0x28, 0x5C, 0x63, 0xAF, 0x20, 0x3C, 0xDE, 0x16, 0x46, 0x8C, 0x68, 0x7F, 0x9E, 0x18,
    0xF2, 0x6A, 0xCF, 0x6B, 0x4B, 0x9B, 0xF1, 0xA9, 0x69, 0xBD, 0xEE, 0xEF, 0x6C, 0x3F, 0xA4, 0xED,
    0xD6, 0x55, 0xBD, 0xA2, 0xED, 0x3F, 0x9D, 0x56, 0xC1, 0xAA, 0xF4, 0x2C, 0x0C, 0x3D, 0x90, 0x6D,
    0x20, 0xAF, 0x12, 0x70, 0x2B, 0xF8, 0xEA, 0x01, 0xB7, 0xC2, 0xBC, 0x4A, 0xA0, 0x5B, 0xC1, 0x3F,
    0xF6, 0x7A, 0x69, 0xE9, 0x9D, 0xCE, 0x7C, 0xFD, 0x4F, 0xA2, 0x27, 0x89, 0x3D, 0xD6, 0x11, 0x19,
    0x8B, 0x13, 0x5A, 0x20, 0x88, 0x6A, 0x57, 0x05, 0x6B, 0x32, 0x4D, 0x0A, 0x4B, 0xA9, 0x22, 0x3B,
    0xF5, 0xC8, 0xE7, 0x20, 0xA3, 0xD6, 0x06, 0xA3, 0xAC, 0xB5, 0xB2, 0x1A, 0xB1, 0xD0, 0xAC, 0xA7,
    0xC0, 0x77, 0xFD, 0x84, 0x92, 0x41, 0x01, 0x0E, 0xE6, 0x60, 0xB2, 0x3F, 0xFA, 0x99, 0x4F, 0xF6,
    0xC2, 0xAC, 0xFA, 0x2A, 0xC1, 0x4D, 0x13, 0xCB, 0xD0, 0xC6, 0xC7, 0xF8, 0xC1, 0x77, 0xFA, 0xC1,
    0xA1, 0x6F, 0x52, 0x82, 0x5B, 0x62, 0x16, 0x7F, 0x7D, 0xD6, 0x0F, 0x5F, 0x76, 0x85, 0xFF, 0xED,
    0x97, 0x54, 0xDF, 0x1B, 0x3E, 0x60, 0x8C, 0xD9, 0x24, 0xAB, 0xF7, 0x5E, 0x8A, 0x70, 0xF6, 0xBD,
    0x8F, 0xCC, 0x35, 0x8B, 0x90, 0x65, 0x81, 0x32, 0x3C, 0xA3, 0x97, 0xE9, 0x45, 0x2C, 0x3C, 0xEA,
    0x4C, 0xC8, 0x12, 0xF5, 0x4B, 0xE5, 0x78, 0x32, 0x02, 0xE5, 0x59, 0x11, 0x32, 0x64, 0x2C, 0xF7,
    0xE9, 0xFB, 0xBA, 0xFD, 0x27, 0x26, 0x3B, 0x5C, 0x70, 0x78, 0x3E, 0xF9, 0xE5, 0x09, 0x19, 0x23,
    0x7C, 0x3D, 0x74, 0x33, 0xF3, 0x79, 0xDA, 0x62, 0xBF, 0x7B, 0x59, 0x0C, 0x27, 0xF0, 0x9C, 0xCB,
    0xC4, 0xA3, 0x45, 0xFC, 0x11, 0xEB, 0x60, 0xDC, 0x43, 0xB2, 0xE4, 0xC9, 0x4E, 0x26, 0xBF, 0xED,
    0xDB, 0x2C, 0xE7, 0x13, 0x02, 0x0E, 0xE6, 0x13, 0xCF, 0x19, 0x26, 0xBD, 0xB6, 0xCD, 0x99, 0x58,
    0x64, 0xDB, 0xAC, 0x11, 0x8A, 0x6C, 0xEF, 0x4F, 0x98, 0x58, 0xE8, 0x74, 0xF2, 0x31, 0xCF, 0x13,
    0x7D, 0xB0, 0x4B, 0xED, 0xCA, 0x69, 0x71, 0xA5, 0xD1, 0x52, 0x7F, 0x76, 0xC2, 0xA9, 0x6B, 0xA3,
    0x9D, 0x13, 0x13, 0xF9, 0x6B, 0x7B, 0xA6, 0x97, 0x1A, 0xFA, 0x14, 0xFA, 0xF4, 0xBB, 0x0E, 0x3C,
    0xD1, 0xBB, 0x98, 0x87, 0x4E, 0x42, 0xC7, 0xCA, 0x55, 0x46, 0x53, 0x7F, 0xB6, 0x7E, 0xB8, 0x36,
    0x92, 0xC1, 0xC4, 0x89, 0x49, 0xFC, 0xE5, 0x1F, 0xF5, 0xF8, 0x0E, 0x8D, 0x46, 0x9D, 0x3C, 0x48,
    0x5E, 0xC3, 0x82, 0x0A, 0xED, 0xD4, 0x49, 0x30, 0x49, 0x76, 0xF2, 0x75, 0x78, 0xB2, 0x4F, 0xCA,
    0x3F, 0x24, 0x95, 0x3A, 0x46, 0xB0, 0xBC, 0x68, 0x33, 0x48, 0x21, 0x31, 0x43, 0xEE, 0x54, 0x60,
    0xD0, 0x1E, 0xB9, 0xC1, 0x43, 0x49, 0x46, 0xE6, 0x39, 0x0B, 0x08, 0xD1, 0x0B, 0xC2, 0x8C, 0x1C,
    0x7C, 0x5D, 0x49, 0x0B, 0x53, 0x17, 0x38, 0xB8, 0xA5, 0x00, 0x37, 0x9C, 0xE1, 0x64, 0x04, 0xC6,
    0x1D, 0x44, 0x72, 0x56, 0x35, 0xBB, 0x1D, 0x1F, 0xA5, 0x27, 0x6D, 0xF7, 0xE3, 0x20, 0x83, 0x41,
    0x71, 0x03, 0xF7, 0x9C, 0x99, 0x89, 0x70, 0x83, 0xE1, 0xA5, 0x73, 0xA3, 0x84, 0x7F, 0x06, 0x81,
    0x4D, 0x15, 0x19, 0x4E, 0x26, 0x93, 0xA2, 0x09, 0xC8, 0x66, 0x83, 0x9F, 0xEB, 0x07, 0xB4, 0x32,
    0x93, 0x6A, 0x25, 0x65, 0xD6, 0x8A, 0x0B, 0x58, 0xCF, 0xF6, 0x93, 0xE3, 0x04, 0x71, 0x6D, 0x3A,
    0xB7, 0xD9, 0x61, 0x61, 0x58, 0x3D, 0x4A, 0xC7, 0xFF, 0x86, 0xB2, 0xB8, 0xB8, 0x32, 0x9E, 0x82,
    0xA1, 0xB0, 0xB5, 0x07, 0x67, 0x18, 0x39, 0x0C, 0x60, 0x2E, 0x85, 0x6F, 0x66, 0x9D, 0x6F, 0xBC,
    0xEE, 0x25, 0xE4, 0xF8, 0x97, 0x25, 0x83, 0x9C, 0x0A, 0xB6, 0x0A, 0xF9, 0x28, 0xFC, 0xA2, 0xC3,
    0x96, 0x1D, 0xD1, 0x8C, 0x17, 0x0A, 0x68, 0x59, 0x44, 0x47, 0x7C, 0xC8, 0x3B, 0x05, 0x98, 0xDD,
    0x6D, 0x07, 0x02, 0xE7, 0x23, 0x58, 0x18, 0x0D, 0x8D, 0x38, 0xB3, 0xEE, 0x86, 0xC0, 0x79, 0xAB,
    0x92, 0xEF, 0x75, 0x4D, 0x96, 0x30, 0x6D, 0x22, 0xE1, 0x8A, 0xD2, 0xC1, 0xCB, 0xF4, 0xD7, 0x8E,
    0x63, 0x97, 0xFA, 0x6E, 0x9E, 0x70, 0xD8, 0x01, 0xEA, 0xD2, 0xA6, 0x51, 0xC7, 0x5B, 0x14, 0x4B,
    0x3E, 0xAD, 0x18, 0x3E, 0xC1, 0xB4, 0x72, 0x23, 0xE7, 0xA6, 0x15, 0x76, 0x7F, 0x6B, 0x44, 0x04,
    0x3A, 0xED, 0xAF, 0xF8, 0xFA, 0xD5, 0x81, 0x19, 0x89, 0xDF, 0xCD, 0x79, 0xF7, 0x8E, 0xCC, 0x99,
    0xA1, 0x91, 0xEF, 0x33, 0x47, 0x98, 0x35, 0xE3, 0x2D, 0x0A, 0x59, 0xC7, 0x3F, 0xE1, 0x7C, 0x5C,
    0x2B, 0x27, 0x15, 0x1B, 0x5D, 0x2C, 0x69, 0xE5, 0x1B, 0x41, 0x46, 0x5E, 0xDD, 0xA2, 0xBF, 0x90,
    0x40, 0x0E, 0x68, 0xC0, 0x02, 0x78, 0x80, 0x9F, 0xFD, 0xCB, 0x81, 0x15, 0x5F, 0x70, 0x8C, 0xAC,
    0xF8, 0xAA, 0xBD, 0xCD, 0x8F, 0xEC, 0xD0, 0xFD, 0x7D, 0x43, 0x52, 0x42, 0x71, 0x0A, 0xBE, 0x5B,
    0xDB, 0x95, 0x0F, 0xD0, 0x4D, 0xFF, 0x0D, 0xE7, 0xBB, 0xED, 0xCC, 0x8D, 0x61, 0xCC, 0xA8, 0x31,
    0x6A, 0x92, 0xAD, 0x36, 0x2E, 0x9F, 0xEF, 0x46, 0x8F, 0x2E, 0xBC, 0xC2, 0x8C, 0x60, 0xB5, 0x12,
    0x94, 0x08, 0x69, 0x72, 0xD9, 0x26, 0xAF, 0x1C, 0x66, 0x19, 0x56, 0xDF, 0xDF, 0xAD, 0x17, 0x56,
    0x3E, 0xBE, 0xB6, 0x27, 0x2B, 0x7F, 0xBD, 0x9B, 0x3F, 0x31, 0x59, 0xF8, 0x0C, 0x82, 0xEB, 0x27,
    0x3D, 0x05, 0xD3, 0xE2, 0xD1, 0x8F, 0x7C, 0xF1, 0xF5, 0x6E, 0x2F, 0x63, 0xF4, 0x4C, 0xDE, 0xCB,
    0xF6, 0xCA, 0x99, 0xA2, 0x8D, 0xC9, 0xDE, 0x67, 0x7D, 0x6F, 0x62, 0xB3, 0xD6, 0xF3, 0xE4, 0x6D,
    0xE4, 0x99, 0xCF, 0xFA, 0xBB, 0xFD, 0x6F, 0x52, 0x9D, 0x59, 0x6B, 0x13, 0x33, 0x66, 0xAB, 0xAF,
    0x96, 0x1E, 0x7D, 0x9B, 0xBC, 0x2A, 0x39, 0x27, 0xD4, 0x57, 0x85, 0x71, 0x45, 0x6D, 0x69, 0x7B,
    0xA8, 0xDF, 0x9C, 0x79, 0xEA, 0xCD, 0x18, 0x5A, 0xE7, 0x7A, 0x1E, 0x7E, 0x9B, 0xB9, 0x36, 0xAD,
    0x83, 0xD5, 0x94, 0xB5, 0xFA, 0x13, 0x7D, 0xF1, 0xD3, 0x3E, 0xAF, 0x7C, 0xA6, 0xBD, 0xD4, 0x06,
    0x03, 0x79, 0x21, 0x63, 0x98, 0xF8, 0xB8, 0xFF, 0xB6, 0x55, 0xFD, 0xD1, 0x4D, 0x56, 0x7D, 0xA8,
    0xEF, 0xC1, 0x33, 0xB2, 0xC9, 0x2B, 0x0F, 0xAA, 0x23, 0x7B, 0x82, 0x95, 0xAD, 0x97, 0x60, 0xD2,
    0x84, 0xF1, 0x56, 0x4F, 0x4E, 0xC6, 0xFC, 0xA3, 0x9B, 0xCC, 0xFC, 0x48, 0xCF, 0x5C, 0xE8, 0xC5,
    0x66, 0xDC, 0x46, 0x6D, 0x39, 0x98, 0xAD, 0xEE, 0x7A, 0x2F, 0xB5, 0xB1, 0xED, 0xE3, 0x6D, 0xAD,
    0xFF, 0xB3, 0xDE, 0x96, 0xBE, 0xD0, 0x37, 0xFD, 0x7F, 0xD5, 0x93, 0x01, 0x87, 0x43, 0x31, 0x10,
    0x84, 0x87, 0x00, 0x2C, 0xF9, 0x2B, 0x43, 0x01, 0xC2, 0xFE, 0xF5, 0xA1, 0x3F, 0xA0, 0x7F, 0x65,
    0x29, 0xC0, 0xE3, 0x5D, 0xF6, 0xA5, 0xEE, 0xE8, 0x4B, 0x1E, 0x57, 0x1C, 0xF7, 0x8D, 0x24, 0x35,
    0xD3, 0xA5, 0xDD, 0x4D, 0x70, 0x50, 0x64, 0xA4, 0xA5, 0x8C, 0x45, 0x38, 0x51, 0x00, 0x54, 0x94,
    0x43, 0x1E, 0x78, 0xC3, 0xF7, 0x7D, 0x6B, 0x25, 0x36, 0x7F, 0x3E, 0x5A, 0x2B, 0x7D, 0xED, 0x79,
    0xC6, 0x96, 0xFE, 0xC8, 0xD4, 0xFC, 0xB9, 0x37, 0x7F, 0xF4, 0xD3, 0x1F, 0x9B, 0xBB, 0x5A, 0xFA,
    0xBF, 0xA8, 0xDF, 0x46, 0x7D, 0x34, 0xF7, 0x7E, 0xBA, 0x0E, 0x1F, 0x3F, 0x44, 0xA1, 0x91, 0xF4,
    0x0D, 0xEC, 0x3A, 0xE1, 0x91, 0xB6, 0x2B, 0x53, 0x9F, 0xFD, 0x3F, 0xD9, 0x91, 0xB3, 0x53, 0x35,
    0xAB, 0x07, 0x21, 0xA8, 0x20, 0x75, 0xA6, 0x8E, 0xCA, 0xD7, 0xBE, 0xCC, 0x03, 0x84, 0x2A, 0x66,
    0x8C, 0xCE, 0xE6, 0xBE, 0xC6, 0x03, 0xD7, 0xE9, 0xEA, 0x3B, 0x1C, 0xBF, 0x7C, 0x08, 0x7A, 0xEF,
    0x90, 0x0D, 0xF7, 0xA5, 0x02, 0xC3, 0x8C, 0x9B, 0x1A, 0x07, 0x58, 0x32, 0xB9, 0x49, 0x51, 0xA2,
    0x06, 0x54, 0x52, 0xA8, 0x5D, 0x7B, 0x77, 0xAC, 0x21, 0x95, 0x3E, 0xCC, 0x3C, 0x76, 0xBD, 0x3C,
    0x56, 0x21, 0x52, 0x77, 0x39, 0x06, 0xFF, 0x76, 0xCA, 0x7F, 0x3D, 0xE7, 0xCF, 0xA7, 0xAC, 0xA1,
    0xD3, 0xE7, 0x69, 0x0F, 0xC0, 0x1A, 0xEC, 0x6B, 0x95, 0x93, 0x1E, 0xC4, 0x55, 0xBE, 0xEA, 0x5F,
    0x42, 0x9A, 0x0A, 0x4C, 0x24, 0xA6, 0xB8, 0x40, 0x8F, 0x79, 0x3D, 0xC1, 0xCB, 0x5B, 0x6A, 0x29,
    0x9A, 0x2A, 0x4C, 0x36, 0xC9, 0x2B, 0xCA, 0xB7, 0x56, 0x33, 0xF0, 0xC6, 0xFB, 0x10, 0x3E, 0x7A,
    0x25, 0x99, 0x37, 0xDE, 0x44, 0x10, 0x33, 0x6A, 0xF0, 0xE8, 0xB1, 0x6B, 0x7D, 0x77, 0x52, 0x08,
    0x2C, 0x91, 0xDD, 0xED, 0x46, 0x13, 0x70, 0xD9, 0x63, 0xAC, 0x38, 0xDE, 0x6B, 0xDF, 0xBF, 0x00,
    0xA5, 0x91, 0xCB, 0xCA, 0x2C, 0x3B, 0x08, 0x85, 0x17, 0x64, 0x2A, 0xF8, 0x2A, 0x42, 0xA6, 0x42,
    0x5E, 0x5D, 0xF8, 0xA7, 0x05, 0xFD, 0x2A, 0x42, 0x4F, 0x05, 0x8F, 0x56, 0xFA, 0x52, 0x7D, 0xEE,
    0xBD, 0xF7, 0x5A, 0xE5, 0x57, 0xB9, 0x27, 0x28, 0x1E, 0x62, 0x17, 0x08, 0x66, 0x4C, 0xCC, 0x6A,
    0x0F, 0x94, 0x03, 0x57, 0x1D, 0x1C, 0x72, 0x4C, 0x99, 0xA2, 0xA6, 0xB6, 0x68, 0xFA, 0xC0, 0x55,
    0xC3, 0x89, 0x84, 0x04, 0x53, 0xA7, 0x9D, 0x67, 0xD0, 0x70, 0x5C, 0xC4, 0x49, 0x68, 0x73, 0x34,
    0xD3, 0x9B, 0x1F, 0x8A, 0xBE, 0x73, 0xC5, 0x8E, 0x01, 0x0E, 0x1D, 0x8F, 0x93, 0xED, 0x05, 0x80,
    0x2D, 0xD9, 0xC6, 0x2D, 0xD3, 0x87, 0x2F, 0x38, 0x9B, 0x16, 0xB0, 0x31, 0xBA, 0x73, 0x45, 0x7D,
    0x8C, 0x86, 0x34, 0x0C, 0x8C, 0x52, 0x63, 0x24, 0x38, 0xB0, 0x30, 0x6C, 0x63, 0xDA, 0x00, 0xEE,
    0x8D, 0xCC, 0x7C, 0xC0, 0x9C, 0x6A, 0x2A, 0x0A, 0xD5, 0xDD, 0x60, 0xB0, 0x34, 0x1C, 0x04, 0x36,
    0xF4, 0x3C, 0xB4, 0x91, 0x76, 0x49, 0x86, 0xDA, 0xB4, 0x99, 0xD3, 0xD5, 0xE5, 0x90, 0x9F, 0xD3,
    0x81, 0x8B, 0x16, 0xC4, 0xE4, 0x26, 0xBE, 0x64, 0xCA, 0xA4, 0xF7, 0x7C, 0xFE, 0xA4, 0xA5, 0x31,
    0xB4, 0xDC, 0x94, 0x93, 0x5E, 0x0C, 0x18, 0x78, 0x65, 0xBE, 0x38, 0x94, 0x01, 0x66, 0x25, 0x7C,
    0x8E, 0xBB, 0x3A, 0xC0, 0xA6, 0xD6, 0x5C, 0x28, 0x62, 0x53, 0x8B, 0x04, 0xC1, 0xA7, 0x92, 0xEC,
    0x78, 0x89, 0x6E, 0x8E, 0xB7, 0x08, 0x09, 0xE2, 0x43, 0x54, 0xE8, 0x61, 0xE5, 0x03, 0x58, 0x01,
    0x8C, 0x24, 0x20, 0x46, 0x00, 0x8E, 0x00, 0x1B, 0x04, 0x0C, 0xC8, 0x3B, 0x73, 0x08, 0x94, 0x1C,
    0xD7, 0x6C, 0xEE, 0xFA, 0xF9, 0x9E, 0x18, 0xD6, 0x1B, 0x81, 0x85, 0xF3, 0x38, 0x03, 0xD2, 0xD3,
    0xC1, 0xE5, 0xFD, 0x56, 0x85, 0x17, 0x18, 0x05, 0x2D, 0x84, 0x03, 0x59, 0xF2, 0x13, 0x70, 0xEF,
    0xA3, 0xA2, 0x60, 0xDA, 0x58, 0x00, 0x1B, 0x17, 0xEA, 0x57, 0x18, 0xDE, 0xC7, 0x25, 0x9E, 0x5A,
    0x09, 0x2B, 0x07, 0xEF, 0xD8, 0xFE, 0x73, 0x3D, 0xB6, 0x43, 0xEE, 0xE5, 0x58, 0x82, 0xF6, 0x43,
    0x6C, 0x72, 0x8A, 0x6C, 0xD8, 0x14, 0x15, 0x25, 0x21, 0xC8, 0x3E, 0x63, 0xB9, 0x50, 0xE6, 0x8E,
    0x6A, 0xE3, 0xE9, 0xA7, 0x46, 0x99, 0x7D, 0x52, 0x19, 0x65, 0x3D, 0x5B, 0xCA, 0x47, 0x8F, 0x3F,
    0x35, 0xAC, 0xD3, 0xFB, 0x3C, 0x65, 0x1B, 0x17, 0xB1, 0x57, 0xBF, 0x9C, 0xC9, 0xC8, 0x14, 0x08,
    0xB1, 0xFF, 0xC3, 0xF9, 0xE5, 0x6E, 0xB3, 0x5F, 0xCF, 0x27, 0x6B, 0xAF, 0x28, 0x6E, 0xFF, 0x90,
    0xFE, 0xF9, 0x7C, 0x21, 0xC2, 0x30, 0xC8, 0xA4, 0xA3, 0x94, 0x7E, 0xD8, 0x61, 0xB8, 0x28, 0xA3,
    0x63, 0xE0, 0xE9, 0xBF, 0xE8, 0x55, 0x63, 0xD9, 0xED, 0xFE, 0xC3, 0x80, 0x67, 0x93, 0x80, 0xBD,
    0x6D, 0xAF, 0x79, 0x8B, 0xDA, 0xC6, 0x50, 0x1C, 0x4D, 0x3A, 0x88, 0x84, 0x0D, 0x17, 0x09, 0x0E,
    0xA4, 0xD7, 0x30, 0x4D, 0x09, 0x13, 0xC8, 0xE7, 0xFC, 0x35, 0x13, 0x36, 0x65, 0x1B, 0x17, 0xB1,
    0xD3, 0xA9, 0xE5, 0x84, 0x8E, 0xF2, 0x25, 0x37, 0xCB, 0x8F, 0x53, 0x86, 0x6D, 0x01, 0x21, 0xE3,
    0x9A, 0xBB, 0x74, 0xA1, 0x76, 0xD7, 0x7A, 0x3B, 0xBD, 0xC7, 0x3F, 0xF3, 0x27, 0x28, 0xD3, 0xAE,
    0xCD, 0x8A, 0x3F, 0xBD, 0x4C, 0x4E, 0xAF, 0xE1, 0x6B, 0x0D, 0x04, 0xC3, 0xFF, 0xF2, 0x7A, 0x81,
    0x4D, 0x21, 0xDC, 0xF1, 0x57, 0x25, 0xC4, 0x44, 0x32, 0x44, 0x1E, 0xB4, 0xC4, 0x5F, 0xEA, 0x87,
    0x76, 0xCD, 0x82, 0x01, 0x7F, 0xBF, 0x7F, 0x65, 0x86, 0x0E, 0x8F, 0x75, 0xBF, 0xA9, 0x8E, 0x8A,
    0xAC, 0xE8, 0x7E, 0xE6, 0x8E, 0x61, 0x3D, 0x16, 0x9A, 0xFD, 0x4F, 0xED, 0xFE, 0xCA, 0x6F, 0xF6,
    0x7B, 0x3C, 0xF6, 0xF7, 0x5F, 0xD7, 0x9E, 0xFB, 0xF2, 0xFE, 0xAC, 0x88, 0xDA, 0x7F, 0xAF, 0x7E,
    0xC5, 0xF7, 0xF7, 0xD7, 0xB8, 0x7F, 0xDE, 0xFF, 0xFD, 0xFE, 0x8A, 0xFC, 0xC5, 0xF7, 0xF7, 0xF8,
    0xFE, 0xAF, 0x51, 0xF1, 0xDD, 0xFE, 0x7D, 0xFF, 0x2B, 0x7F, 0xF6, 0xED, 0xFB, 0x77, 0xFD, 0x76,
    0x74, 0xFF, 0x17, 0xEF, 0xDF, 0xF1, 0xFD, 0xFD, 0xA6, 0x97, 0xFA, 0x9F, 0xFD, 0xDF, 0xDB, 0x5F,
    0xF1, 0xD8, 0xFF, 0x07, 0x95, 0x96, 0x41, 0x8A, 0x63, 0x3D, 0x0C, 0x84, 0x0B, 0xB4, 0x2D, 0x78,
    0x57, 0x29, 0xF0, 0xD6, 0xE0, 0xAB, 0x0B, 0xB2, 0x35, 0xCC, 0x55, 0x0C, 0xB3, 0x35, 0xE8, 0x8F,
    0xE9, 0xA6, 0xFF, 0x88, 0x28, 0xE9, 0xC9, 0x57, 0x18, 0xC7, 0x11, 0x92, 0x5F, 0x64, 0x59, 0x79,
    0x48, 0x18, 0x88, 0x11, 0x84, 0x21, 0xE1, 0xB6, 0x38, 0xE1, 0xA5, 0x32, 0x0E, 0xC5, 0x86, 0x1E,
    0xBE, 0xF7, 0x4A, 0x9C, 0xB6, 0xE0, 0x78, 0x82, 0x12, 0x23, 0x44, 0xAA, 0xDE, 0xFF, 0x9D, 0xFF,
    0xF0, 0x8E, 0x06, 0x39, 0x04, 0xA2, 0xC0, 0x36, 0x3A, 0xA6, 0x91, 0x10, 0x2A, 0x04, 0xC2, 0x88,
    0x89, 0x6E, 0x1B, 0x35, 0x84, 0xE4, 0x0D, 0x1D, 0xC3, 0xCB, 0x00, 0x32, 0x51, 0x23, 0x28, 0x13,
    0x8E, 0x12, 0x3C, 0x72, 0x2A, 0x36, 0x45, 0x3F, 0xAB, 0x77, 0x5C, 0x7E, 0x1F, 0xB0, 0x45, 0x27,
    0x21, 0xD9, 0xF9, 0xE2, 0x33, 0x6C, 0x5D, 0x8E, 0x25, 0x99, 0x9C, 0x3C, 0x4B, 0xFC, 0x0E, 0x25,
    0x8F, 0x90, 0xD7, 0xF9, 0x2F, 0xAB, 0x20, 0x41, 0x19, 0x23, 0x8C, 0x0F, 0xFE, 0x2F, 0xCE, 0xBE,
    0xAE, 0x00, 0x33, 0x72, 0x2C, 0xD2, 0x0C, 0x25, 0xEE, 0xD2, 0xB5, 0x25, 0x77, 0x94, 0x18, 0xC9,
    0xB1, 0x49, 0xE3, 0xEF, 0xF5, 0x7B, 0x6D, 0x3C, 0x21, 0x97, 0xC6, 0x96, 0x94, 0xE2, 0x5F, 0xBB,
    0xFE, 0x0D, 0x39, 0x7E, 0xB6, 0x96, 0xF1, 0x69, 0x46, 0x1B, 0x9B, 0xB0, 0x97, 0xE5, 0x25, 0x5E,
    0x81, 0x57, 0x25, 0x4A, 0x6B, 0x6C, 0x63, 0x53, 0xA6, 0xDA, 0xBF, 0xA9, 0xF1, 0x0A, 0xA3, 0x09,
    0x25, 0x54, 0x9B, 0x7B, 0x88, 0xAC, 0xEC, 0x0E, 0xE7, 0xD2, 0x8C, 0xD0, 0xE4, 0x7A, 0x3C, 0x5B,
    0x7D, 0xC9, 0x9B, 0x77, 0x57, 0xF5, 0xFB, 0x73, 0xFF, 0xF0, 0x9F, 0xFA, 0x3F, 0xCA, 0x38, 0x64,
    0x3F, 0xF5, 0x7F, 0x04, 0x3D, 0xCA, 0x44, 0x0D, 0x7F, 0xCC, 0x0F, 0xB3, 0x4E, 0xEC, 0xD4, 0x5F,
    0x9E, 0x89, 0x05, 0x59, 0xC3, 0x86, 0x00, 0x54, 0xF1, 0xD7, 0xAB, 0xFC, 0xDB, 0xA6, 0xCD, 0xDB,
    0x30, 0xA2, 0x66, 0xB8, 0xEB, 0xD6, 0x7C, 0x43, 0x4F, 0x96, 0xFD, 0xBE, 0xFF, 0x34, 0x74, 0x8C,
    0x7D, 0xEC, 0x77, 0x26, 0xFA, 0xD8, 0xE8, 0x98, 0x78, 0x82, 0x5B, 0x4B, 0x53, 0x14, 0xAF, 0x85,
    0x82, 0xA1, 0x8B, 0x8D, 0xC9, 0x5E, 0xF4, 0x6F, 0xBC, 0xA3, 0xEC, 0xEF, 0x58, 0x78, 0xD7, 0xDF,
    0xDD, 0x9C, 0xFE, 0x41, 0xFF, 0x7F, 0xCB, 0xBF, 0xFC, 0x3F, 0x60, 0x62, 0xC1, 0x5F, 0xDB, 0xE9,
    0x96, 0xF7, 0x76, 0x68, 0x7C, 0xC7, 0x35, 0x10, 0xF9, 0x8E, 0x51, 0x43, 0x73, 0x51, 0xFF, 0xEB,
    0x6A, 0xDC, 0x14, 0xBE, 0x49, 0x3E, 0x29, 0x56, 0x65, 0x2F, 0xE3, 0xEF, 0xD9, 0xA8, 0x2C, 0xAA,
    0x7C, 0xBE, 0x22, 0xFE, 0xB3, 0xE7, 0x6C, 0x63, 0x53, 0xE5, 0xE9, 0x6E, 0x20, 0x7B, 0x3F, 0xED,
    0x92, 0x9F, 0x2E, 0xDF, 0x6F, 0x1F, 0xDB, 0xEF, 0x83, 0xF5, 0xD9, 0x39, 0xD7, 0xDD, 0x7E, 0x1B,
    0x9B, 0xEB, 0xD9, 0x6E, 0x47, 0x1A, 0xDB, 0xEC, 0x3E, 0x74, 0x56, 0xCF, 0x18, 0xAE, 0xAD, 0xFB,
    0x30, 0x24, 0xDC, 0x74, 0x75, 0x53, 0x52, 0xDD, 0xC3, 0x7C, 0x2C, 0x70, 0xAC, 0xBC, 0xF7, 0xB3,
    0xE7, 0x89, 0x56, 0xBF, 0x3F, 0x8C, 0xED, 0x96, 0x73, 0x57, 0xED, 0x5F, 0xF9, 0x0F, 0x6F, 0xE8,
    0xDE, 0x84, 0x09, 0xD5, 0xDD, 0x01, 0xD3, 0x3A, 0x67, 0x03, 0x51, 0x41, 0x34, 0x70, 0x5A, 0xC7,
    0xB4, 0x8D, 0x0A, 0x61, 0x36, 0x75, 0x6F, 0x18, 0x8E, 0x4C, 0xCA, 0x5E, 0x14, 0x19, 0x4C, 0xD9,
    0x89, 0x94, 0xA1, 0x04, 0x21, 0x46, 0x93, 0x13, 0x2F, 0x90, 0x38, 0xC3, 0x88, 0x97, 0xEF, 0x57,
    0xD7, 0xFE, 0x1A, 0x59, 0xD9, 0xF2, 0x4B, 0xFF, 0x1F, 0x6F, 0xDE, 0x1F, 0x01, 0x87, 0xA7, 0x4F,
    0x19, 0x81, 0x3B, 0xFF, 0xFF, 0xF9, 0x93, 0x5F, 0xDA, 0xBF, 0xE8, 0xB3, 0xD1, 0xD1, 0xF0, 0x82,
    0x89, 0x1E, 0xB9, 0xF7, 0xE6, 0xFC, 0xA3, 0x85, 0x5B, 0x8B, 0x0B, 0x96, 0x9F, 0x5F, 0xE4, 0x18,
    0xA6, 0xA4, 0x55, 0xDC, 0xB0, 0x15, 0xD3, 0x2D, 0x26, 0xD2, 0xD3, 0xD9, 0xCA, 0x9E, 0x63, 0x90,
    0xA9, 0xFE, 0x72, 0xFC, 0xF5, 0xED, 0xB1, 0xB2, 0xBD, 0x5F, 0xFC, 0xA1, 0x5F, 0xB2, 0x11, 0xA9,
    0xBE, 0xF7, 0x5B, 0xFB, 0xE2, 0xEC, 0x7F, 0x38, 0xBF, 0x74, 0x3E, 0xEB, 0x36, 0xE2, 0x21, 0xFA,
    0x1C, 0x23, 0xEF, 0x40, 0x5E, 0xBB, 0xB6, 0xE7, 0xF8, 0x09, 0xEF, 0x6B, 0x4C, 0xD9, 0x98, 0xBD,
    0x38, 0x9D, 0x11, 0x42, 0x5B, 0xCD, 0x9B, 0x44, 0x99, 0x50, 0xB4, 0x37, 0x93, 0xD1, 0xAC, 0xE1,
    0xAF, 0xFD, 0x85, 0x8D, 0xF8, 0xE0, 0xFE, 0xD6, 0x0C, 0x38, 0xDC, 0x15, 0x11, 0xFB, 0xCC, 0x18,
    0xB5, 0x0F, 0xC5, 0x7D, 0xA5, 0xFE, 0x3D, 0xD7, 0x10, 0x95, 0xEB, 0x32, 0x02, 0x2C, 0xE6, 0x04,
    0x25, 0x45, 0x28, 0xFB, 0xE6, 0x9D, 0x18, 0x41, 0x16, 0xF6, 0x8A, 0x1B, 0x61, 0x66, 0xB8, 0x22,
    0xFC, 0xCC, 0x67, 0xFD, 0x09, 0x66, 0x02, 0x4D, 0x18, 0x11, 0x71, 0xE6, 0xB3, 0xFE, 0x08, 0xBA,
    0x83, 0xDF, 0xF9, 0xA3, 0xEB, 0xAC, 0xF1, 0x01, 0xC6, 0x1B, 0x48, 0xF7, 0x11, 0xB1, 0xCE, 0x7C,
    0xD6, 0xEF, 0x21, 0x3A, 0xFE, 0x44, 0x07, 0xF1, 0x02, 0xA1, 0xC7, 0x5F, 0x74, 0x08, 0xFF, 0x82,
    0x1B, 0xCC, 0xCD, 0x19, 0xA1, 0x33, 0x9F, 0x75, 0x06, 0xF8, 0x0F, 0x9D, 0x9A, 0xC1, 0xCA, 0xEC,
    0x2C, 0x0F, 0xC7, 0xFF, 0x90, 0x6D, 0xC0, 0x5B, 0x09, 0xB8, 0x15, 0xBC, 0xF5, 0xC0, 0x6C, 0x85,
    0x73, 0x2B, 0xC2, 0xB3, 0x15, 0xFA, 0x19, 0x9C, 0xD0, 0xE9, 0x44, 0x87, 0x97, 0x2F, 0x99, 0xA7,
    0xB5, 0xFE, 0x4C, 0x62, 0x75, 0xC6, 0x36, 0x9E, 0x83, 0xB7, 0x08, 0x09, 0xA5, 0xC1, 0x53, 0x48,
    0x4C, 0xA1, 0x53, 0x3F, 0x84, 0x94, 0x65, 0x2A, 0x96, 0x5A, 0x99, 0x9E, 0xBC, 0xB3, 0x01, 0xA6,
    0xC1, 0x06, 0xA7, 0xA4, 0x07, 0xAF, 0x63, 0x19, 0xDA, 0xD9, 0x4B, 0x70, 0x11, 0xC8, 0xBC, 0x6A,
    0x68, 0x34, 0x6B, 0x89, 0x97, 0xD4, 0x21, 0x13, 0x3C, 0x85, 0xFE, 0x98, 0x25, 0xCB, 0x2B, 0x13,
    0x73, 0xEE, 0x0F, 0xA4, 0x50, 0x12, 0xD3, 0x65, 0x2D, 0x54, 0xAF, 0x47, 0xFC, 0x4B, 0xA6, 0xCD,
    0xE9, 0xFE, 0x5C, 0x92, 0xC5, 0xC4, 0x8A, 0x9C, 0xC6, 0x17, 0x14, 0xC8, 0xE4, 0x2A, 0x5A, 0x47,
    0x46, 0x9E, 0x9C, 0xC1, 0xD8, 0xFB, 0xA8, 0x23, 0xDA, 0x9B, 0xD4, 0x7E, 0x8F, 0x41, 0xED, 0xD1,
    0x7F, 0xED, 0x36, 0x0A, 0x36, 0x06, 0x34, 0xB9, 0xFB, 0x8F, 0x3E, 0xEA, 0xF8, 0xB6, 0xAF, 0x23,
    0xEA, 0x83, 0x5F, 0x1C, 0xA4, 0xD6, 0x0F, 0x5E, 0x37, 0xFC, 0xFA, 0xF4, 0x2F, 0xCC, 0x20, 0x40,
    0x21, 0x50, 0x02, 0x43, 0xD8, 0x22, 0x5C, 0xD7, 0x98, 0x9F, 0x3B, 0x0A, 0x00, 0x35, 0x9D, 0x25,
    0xFD, 0x1A, 0x63, 0xA5, 0x0E, 0x3D, 0x71, 0x02, 0x12, 0x50, 0x80, 0x6E, 0x1F, 0x52, 0xA4, 0x8F,
    0x0A, 0x7D, 0x57, 0x94, 0xBB, 0xC2, 0x05, 0x02, 0x9E, 0x4A, 0xA0, 0xE5, 0x58, 0xA6, 0xC6, 0x51,
    0x53, 0x6E, 0x16, 0x9C, 0x3A, 0x37, 0x28, 0xB6, 0x42, 0xFA, 0xFC, 0x52, 0x8F, 0x31, 0x60, 0x52,
    0x21, 0xAE, 0x75, 0x7D, 0x73, 0xFA, 0x54, 0xFF, 0x6A, 0xA2, 0x54, 0x92, 0x22, 0xF6, 0xB7, 0xE7,
    0xB9, 0x66, 0xAF, 0x8F, 0xFC, 0x21, 0xA9, 0x88, 0x8A, 0xA6, 0x02, 0x97, 0xC8, 0x5F, 0xF2, 0x3A,
    0x73, 0xF9, 0xD0, 0x3A, 0xB0, 0x13, 0xF6, 0xB9, 0x3B, 0x71, 0x32, 0x2E, 0x2C, 0x93, 0x4B, 0xA0,
    0x0D, 0x7D, 0xDD, 0x2B, 0x3A, 0xDA, 0x73, 0xE8, 0xA2, 0x06, 0xDE, 0xA8, 0xDB, 0x39, 0x69, 0x0E,
    0x9C, 0x25, 0x6A, 0xE0, 0x65, 0xFE, 0xF5, 0x34, 0x4B, 0xE5, 0xE6, 0x9B, 0xDF, 0xFF, 0xFA, 0xED,
    0x0B, 0x7D, 0x63, 0xAB, 0x33, 0x76, 0xFA, 0xED, 0xA7, 0xFE, 0xEC, 0x40, 0xB0, 0x7F, 0xD0, 0xD4,
    0xB1, 0xA4, 0xA0, 0x41, 0xA3, 0xB2, 0xA6, 0xC5, 0x1B, 0x65, 0x92, 0xA8, 0x59, 0x8A, 0x1A, 0xA6,
    0xCC, 0x6D, 0xA7, 0xAD, 0xFD, 0xC9, 0xD3, 0x3F, 0x75, 0xAB, 0xA7, 0x7E, 0xF2, 0x9F, 0x46, 0x9E,
    0x92, 0xC6, 0xDE, 0x7F, 0x1D, 0xED, 0x9F, 0x69, 0x1D, 0x47, 0xFF, 0x7F, 0xFC, 0x8F, 0xAF, 0x67,
    0xFF, 0x23, 0xF7, 0x1E, 0x44, 0x9E, 0x7B, 0x69, 0xB5, 0x05, 0xEE, 0x82, 0x7B, 0xCE, 0xCB, 0x94,
    0x27, 0xF3, 0xDA, 0xEF, 0x96, 0xDF, 0xDF, 0xA4, 0x6E, 0x1A, 0xAC, 0xCE, 0x5E, 0xDD, 0x57, 0x1D,
    0x38, 0x49, 0x99, 0x8A, 0xAA, 0x5E, 0xDA, 0xF7, 0xAA, 0x0E, 0x2F, 0xED, 0xBC, 0x27, 0x96, 0xEE,
    0xE5, 0x28, 0xCE, 0xCF, 0x22, 0x3D, 0xF1, 0x01, 0xB9, 0xFD, 0x8B, 0xCB, 0x91, 0x42, 0x54, 0x5E,
    0x78, 0x21, 0xB6, 0xF0, 0x25, 0x51, 0xC9, 0x97, 0xC7, 0x28, 0x32, 0x55, 0x53, 0xCB, 0x42, 0xE0,
    0xA9, 0x3B, 0xA9, 0xE3, 0x78, 0x17, 0x5E, 0xEF, 0xAD, 0x82, 0x67, 0xF7, 0x4D, 0x93, 0x9B, 0x7F,
    0xAB, 0x8C, 0x96, 0xD1, 0xDE, 0xB9, 0x99, 0x4C, 0xA2, 0xCB, 0x5E, 0x1E, 0xDE, 0x53, 0x93, 0xBE,
    0xC8, 0x5A, 0xD1, 0xDC, 0x7B, 0xF4, 0x72, 0xEA, 0xBD, 0x7B, 0x21, 0x58, 0x2F, 0x19, 0x7C, 0xB4,
    0x0D, 0xFD, 0x0B, 0xDC, 0x8E, 0x71, 0x5E, 0x4F, 0xF7, 0xE7, 0xE2, 0x2B, 0x49, 0xEA, 0xC2, 0x3B,
    0x4E, 0x5A, 0xCA, 0xFA, 0x1E, 0x92, 0x02, 0xBF, 0x5A, 0xD4, 0x11, 0x09, 0xE9, 0x29, 0xBE, 0x53,
    0x67, 0xEB, 0x3A, 0xFC, 0x30, 0x6E, 0xBE, 0x2A, 0x42, 0x03, 0xE7, 0x11, 0xBB, 0xE4, 0xE1, 0xC7,
    0xBD, 0xD4, 0xE6, 0xC7, 0x03, 0x1F, 0xBC, 0x9E, 0x47, 0xC7, 0xC7, 0xF5, 0x61, 0x7C, 0x7D, 0x4C,
    0x23, 0x4F, 0x8A, 0xAA, 0xE8, 0x9D, 0x54, 0x00, 0x5C, 0x26, 0x17, 0xA6, 0x78, 0x99, 0xD0, 0xE9,
    0xA5, 0xB8, 0x80, 0x82, 0xD8, 0xC0, 0xCB, 0x9A, 0x06, 0x75, 0x92, 0xE3, 0x08, 0x2B, 0x09, 0x73,
    0x1A, 0x27, 0x4E, 0x4C, 0x52, 0x4B, 0x96, 0x7A, 0xF4, 0x50, 0x34, 0x8B, 0xE9, 0x8E, 0x26, 0xC8,
    0xFA, 0x5D, 0x9B, 0xA7, 0x8D, 0x7D, 0xF7, 0xD7, 0xA6, 0xF5, 0xF1, 0x7E, 0x33, 0x50, 0xBC, 0xFC,
    0x68, 0xE2, 0x95, 0x08, 0x85, 0x67, 0xBB, 0x77, 0x65, 0x72, 0xEA, 0xDE, 0x3E, 0x5D, 0x3D, 0x67,
    0xEF, 0xF9, 0xB7, 0x84, 0x81, 0x81, 0xD4, 0x71, 0xD9, 0x61, 0xD8, 0x85, 0x15, 0x70, 0xAD, 0xD3,
    0xB0, 0x06, 0xFE, 0x62, 0xA9, 0x80, 0x99, 0x2A, 0x68, 0x9D, 0x56, 0xF3, 0xAA, 0x34, 0x70, 0xA9,
    0x5D, 0x28, 0xE0, 0x8D, 0xDD, 0x7F, 0x21, 0x2D, 0x20, 0x45, 0xD9, 0x8F, 0xEB, 0x62, 0xD6, 0x26,
    0xF2, 0xA7, 0xFD, 0x73, 0xED, 0x09, 0xF6, 0xBC, 0xE1, 0x2E, 0x2F, 0x62, 0x16, 0xD1, 0x17, 0x44,
    0x59, 0x88, 0xF1, 0x7A, 0x62, 0xAF, 0xF7, 0x76, 0x4F, 0x3C, 0x89, 0xD2, 0xE4, 0xA6, 0x5E, 0xFE,
    0xC4, 0x53, 0x45, 0xB3, 0xC7, 0x6E, 0xE4, 0x2B, 0x1F, 0x7C, 0xBA, 0x91, 0x18, 0xC9, 0x87, 0x78,
    0x60, 0x08, 0x46, 0x7F, 0x0F, 0x31, 0xFD, 0xEB, 0xA4, 0x83, 0xC0, 0x09, 0x48, 0x1F, 0x26, 0x9A,
    0x30, 0x12, 0x6A, 0xF3, 0x81, 0x96, 0x81, 0x3E, 0x70, 0xAD, 0x81, 0xB6, 0xCF, 0x0B, 0xF8, 0x30,
    0xB1, 0x76, 0xB7, 0xFF, 0x32, 0x3F, 0x3E, 0x85, 0x57, 0x87, 0x0E, 0x52, 0x26, 0x7D, 0xCF, 0xCA,
    0x32, 0x51, 0x8B, 0x8A, 0xFA, 0x0F, 0x74, 0xC1, 0xFC, 0x97, 0x81, 0xE2, 0x13, 0xD9, 0x31, 0xA6,
    0x7F, 0xC5, 0xC3, 0x64, 0x3B, 0x23, 0x61, 0x9D, 0x0D, 0x33, 0x1A, 0xB8, 0x4C, 0x1D, 0x93, 0x29,
    0x29, 0x0D, 0x42, 0x6A, 0xE5, 0xB9, 0xD2, 0x2B, 0xB4, 0x1A, 0x9B, 0xF6, 0x15, 0x93, 0x73, 0xE9,
    0xC6, 0x63, 0xEC, 0x3B, 0xCA, 0x3E, 0xF6, 0xDD, 0xF2, 0x31, 0x53, 0x83, 0x64, 0xC5, 0xAE, 0x60,
    0xE5, 0x91, 0x27, 0xD6, 0xA9, 0xDE, 0xB7, 0x72, 0xC7, 0x2E, 0x69, 0xDA, 0x27, 0xE5, 0x22, 0x13,
    0x7C, 0xCF, 0xF7, 0xDB, 0xB7, 0xC4, 0xC7, 0xB4, 0x58, 0xE5, 0xBB, 0x17, 0x0C, 0xB7, 0xDD, 0xDB,
    0x17, 0xA1, 0x66, 0xCD, 0x8F, 0xF6, 0x25, 0x9B, 0x8F, 0xA3, 0x3D, 0xA4, 0x94, 0x57, 0xFB, 0x15,
    0x3F, 0xBF, 0x4A, 0xF9, 0xC2, 0x05, 0x0D, 0x1D, 0x76, 0x87, 0x4A, 0xC2, 0x53, 0x9E, 0x7C, 0x8A,
    0xB2, 0x92, 0xDA, 0x2C, 0x25, 0xD8, 0xF8, 0xF0, 0x36, 0x2B, 0xF7, 0x9C, 0xFC, 0x94, 0x55, 0x7B,
    0x4E, 0xBD, 0xCF, 0xDA, 0xB3, 0x79, 0x5E, 0x9E, 0xC2, 0xDD, 0xAD, 0xAC, 0xFB, 0x90, 0x73, 0x87,
    0xF8, 0x75, 0xFC, 0x8C, 0xEF, 0x3C, 0xEC, 0x1A, 0xF8, 0x9E, 0x41, 0x1D, 0xF2, 0x33, 0xBE, 0xF3,
    0x43, 0x7C, 0xA9, 0x83, 0x7E, 0xC5, 0xD7, 0x3A, 0x38, 0xE6, 0x2D, 0x2D, 0x73, 0x1D, 0x79, 0x9E,
    0xEF, 0xDC, 0xC5, 0xB9, 0x6B, 0x6E, 0x79, 0xD2, 0x3D, 0xCF, 0x53, 0x6B, 0x9B, 0xC7, 0xC0, 0x4D,
    0xEA, 0xF8, 0x9D, 0x77, 0x6E, 0xF7, 0x7C, 0x8E, 0xF6, 0x75, 0x9C, 0xED, 0x4F, 0x7C, 0x9B, 0xB7,
    0xC5, 0x7B, 0x3C, 0xC4, 0xB7, 0xDC, 0x4A, 0x5E, 0xF5, 0x92, 0x97, 0xE5, 0x2F, 0x5B, 0xCE, 0x42,
    0x6B, 0x07, 0xE9, 0xC4, 0xB3, 0xED, 0x4A, 0xE5, 0x33, 0xF7, 0x5D, 0xAB, 0xB3, 0x7F, 0x79, 0xC9,
    0x2F, 0xFE, 0xB2, 0x08, 0x3F, 0xF9, 0xDF, 0x2F, 0x3E, 0x29, 0xE5, 0xBF, 0x33, 0x37, 0x7A, 0x8A,
    0x6F, 0x23, 0x23, 0x2F, 0x3F, 0x6E, 0x39, 0x09, 0xF9, 0x71, 0xC7, 0x4B, 0x5A, 0xE3, 0x53, 0xD2,
    0xD9, 0x5E, 0x5E, 0x27, 0x7B, 0xFF, 0x6E, 0xAC, 0x73, 0x94, 0xE7, 0xCE, 0xE2, 0xCE, 0x3F, 0xF4,
    0xD6, 0xC8, 0x3F, 0x69, 0x8C, 0xCF, 0x6F, 0x4D, 0xDD, 0x4B, 0x81, 0x2F, 0xEA, 0x2D, 0x4E, 0xBD,
    0x3F, 0xDC, 0x41, 0x76, 0x1D, 0x5E, 0xFA, 0xE2, 0xF2, 0xD6, 0xEA, 0xA5, 0xAD, 0xFD, 0xB8, 0x3D,
    0xC4, 0xF8, 0x6B, 0xD7, 0xD2, 0x8E, 0x31, 0xFE, 0x4D, 0xBD, 0xC5, 0xC6, 0xBF, 0x4C, 0x1D, 0x76,
    0x8C, 0xFE, 0x6F, 0xEA, 0x2D, 0xBE, 0xA4, 0x7F, 0x3D, 0xBF, 0xFA, 0x13, 0xA7, 0xAF, 0xE7, 0x57,
    0x42, 0x94, 0xC9, 0x5A, 0x61, 0x6A, 0x28, 0xA7, 0x34, 0x3E, 0xAB, 0x94, 0xAC, 0x11, 0x47, 0xFB,
    0x3A, 0x7E, 0xDA, 0x07, 0x1E, 0x25, 0x01, 0x5D, 0x94, 0x86, 0x5C, 0xD7, 0xB0, 0xB3, 0x5D, 0xE3,
    0x24, 0x07, 0xFB, 0xAA, 0xC4, 0xF5, 0xBA, 0xD8, 0xCE, 0x67, 0xFB, 0xA3, 0x07, 0x05, 0x44, 0xD2,
    0xD5, 0xC5, 0xCE, 0xEB, 0xFA, 0x87, 0xE8, 0x54, 0x94, 0xE4, 0xA5, 0x87, 0xA7, 0x01, 0x0D, 0x1A,
    0xE4, 0x63, 0xE7, 0xCC, 0x2C, 0x10, 0x7C, 0xE0, 0xDE, 0x7D, 0x03, 0x22, 0x7F, 0x7A, 0x38, 0xFE,
    0xC2, 0x55, 0xA6, 0x1E, 0xF7, 0x2E, 0x0B, 0x1A, 0x31, 0xF3, 0x93, 0x7F, 0xEF, 0xFA, 0x9B, 0x7E,
    0xEF, 0xFB, 0x85, 0x9D, 0xFF, 0xF3, 0xBE, 0x5F, 0x78, 0x86, 0x44, 0xEA, 0xCF, 0xBF, 0x98, 0xED,
    0x7D, 0xFB, 0x0E, 0xF9, 0xF6, 0x59, 0x3C, 0x9B, 0x3C, 0xD8, 0x0A, 0xB3, 0xD4, 0xC1, 0x22, 0xBC,
    0xF3, 0x22, 0x74, 0xAF, 0xAF, 0x42, 0x5B, 0xCE, 0x59, 0x44, 0xB3, 0x14, 0xDE, 0x73, 0x4E, 0x94,
    0xF1, 0xA2, 0xCC, 0x6E, 0x1F, 0x06, 0x9F, 0xDE, 0xF7, 0x88, 0xBD, 0x30, 0xE4, 0xC8, 0xC3, 0x6E,
    0x48, 0x8C, 0x7F, 0x9A, 0x9D, 0x38, 0xC7, 0x42, 0xD8, 0xBF, 0x9F, 0xD9, 0xDA, 0x07, 0x99, 0xA5,
    0xB4, 0x7D, 0x3F, 0xAB, 0x8C, 0x86, 0x56, 0xE3, 0x3B, 0xE2, 0xB2, 0x27, 0x1B, 0x3D, 0x97, 0x6F,
    0x7E, 0x13, 0x79, 0x09, 0x3D, 0xFD, 0x7F, 0xEE, 0xCE, 0xBA, 0xEE, 0xF6, 0xB6, 0xEB, 0xB8, 0x8F,
    0x87, 0x5D, 0x79, 0x26, 0xF3, 0x26, 0xF1, 0xFD, 0x7E, 0x8D, 0xBE, 0xAC, 0x56, 0x10, 0x1C, 0x85,
    0x79, 0x62, 0x6B, 0xA7, 0x4A, 0x44, 0xB0, 0x4B, 0x3B, 0xDB, 0x35, 0xAC, 0xDE, 0x2A, 0xCE, 0x62,
    0x4D, 0x82, 0x8D, 0xFB, 0x72, 0xD7, 0x2E, 0x31, 0xD3, 0x7E, 0xE6, 0x61, 0x31, 0xD3, 0x7E, 0xB6,
    0xBF, 0xE5, 0xC4, 0x5C, 0x82, 0xEF, 0x30, 0x7A, 0xD4, 0xCA, 0x31, 0x3F, 0xB2, 0x8A, 0xAC, 0x5C,
    0x0E, 0xF9, 0x91, 0x90, 0x50, 0xE1, 0xD6, 0xFB, 0xCA, 0x10, 0xDF, 0x4B, 0x05, 0xF8, 0xF6, 0xDE,
    0xA4, 0x89, 0xF0, 0xBF, 0x95, 0xA5, 0x25, 0x94, 0xA9, 0x0F, 0xCE, 0x90, 0xEA, 0xEF, 0xF7, 0xA8,
    0x5F, 0xEF, 0xF7, 0xCE, 0xFD, 0xFD, 0x3E, 0xF0, 0xF8, 0xFE, 0xAB, 0xD6, 0xE6, 0xF4, 0xFE, 0xEB,
    0xFC, 0xB4, 0x5F, 0x91, 0x5A, 0xEE, 0x0C, 0xD9, 0x67, 0xA8, 0xFC, 0xCD, 0x43, 0x6E, 0x59, 0x9C,
    0x6F, 0x33, 0x4B, 0x96, 0x68, 0x7F, 0x67, 0xB9, 0xA5, 0x34, 0x6A, 0x34, 0x68, 0x9B, 0xA0, 0x16,
    0xCD, 0x3D, 0x97, 0xA2, 0x15, 0x66, 0xFD, 0xDB, 0xBE, 0x8E, 0xDF, 0xF6, 0x75, 0x48, 0x58, 0x57,
    0xC3, 0x39, 0xC8, 0xDF, 0xBF, 0xBF, 0x7F, 0xD8, 0x49, 0x9A, 0x7A, 0xDB, 0x85, 0x7F, 0x61, 0xF0,
    0x6B, 0xE7, 0xDE, 0x7E, 0x2B, 0xF5, 0x02, 0x14, 0xF7, 0xAE, 0xDC, 0x75, 0xC1, 0xCB, 0xD0, 0xC5,
    0x4F, 0x12, 0xEC, 0x4D, 0xCD, 0xDE, 0x34, 0xDA, 0xC7, 0xF5, 0x8F, 0xEB, 0x10, 0xDE, 0xAC, 0x7E,
    0xA4, 0xF6, 0xB7, 0xED, 0x1F, 0xFD, 0xC7, 0xFE, 0x59, 0xBB, 0xFF, 0xD7, 0xBE, 0x8E, 0xD3, 0xBF,
    0xAA, 0xBB, 0x04, 0x6E, 0x36, 0x87, 0x7E, 0x74, 0x30, 0x00, 0x81, 0x85, 0xEA, 0x8F, 0x33, 0xBF,
    0xF9, 0x2F, 0x49, 0x97, 0x02, 0xF0, 0xD6, 0x3C, 0xAF, 0x2F, 0xF5, 0x32, 0x20, 0xC6, 0xFF, 0xB3,
    0xBD, 0x69, 0xBA, 0x06, 0x78, 0x6F, 0x1F, 0x9E, 0x3F, 0x6B, 0x7E, 0xB6, 0x3B, 0x14, 0xE6, 0xE7,
    0xD0, 0x3F, 0xAB, 0xFF, 0xED, 0xBF, 0x8E, 0xED, 0xFF, 0x2A, 0x38, 0xCD, 0xA3, 0xFA, 0x7C, 0xD1,
    0xE1, 0xDA, 0xDB, 0xFE, 0x0F, 0x75, 0x8E, 0x01, 0x06, 0x05, 0x31, 0x0C, 0x44, 0x43, 0x01, 0x86,
    0x5E, 0x65, 0xF8, 0x00, 0xA1, 0x57, 0xCF, 0x01, 0xCA, 0xBF, 0xCA, 0x1E, 0xA0, 0xD8, 0xA4, 0xAA,
    0xCD, 0xA2, 0xEF, 0x01, 0xF3, 0x84, 0xC8, 0xA4, 0xFC, 0xC1, 0xB0, 0x0D, 0xF0, 0x28, 0x9B, 0xF2,
    0x00, 0x10, 0x88, 0xF7, 0x44, 0xEA, 0x6B, 0x6F, 0xFD, 0xD2, 0x15, 0x1D, 0x06, 0xF3, 0xFB, 0x7E,
    0x4C, 0x7D, 0xED, 0xB7, 0x5E, 0x8D, 0xD3, 0xDF, 0xA0, 0x6D, 0xF5, 0xF3, 0x1F, 0xC3, 0xAA, 0x74,
    0xC0, 0xE2, 0x2A, 0xA2, 0xBC, 0x63, 0x00, 0x03, 0xFB, 0x3F, 0x36, 0x36, 0xC6, 0x67, 0x8C, 0xCF,
    0xD8, 0x9F, 0xB1, 0xB7, 0x01, 0xC2, 0x3F, 0x10, 0x12, 0x24, 0x03, 0x00,
};

static const EpdGlyph times_12_italicGlyphs[] = {
    { 19, 17, 288, -1, 17, 81, 0 }, // U+0000
    { 16, 16, 256, 0, 14, 64, 81 }, // U+0001
    { 16, 16, 256, 0, 14, 64, 145 }, // U+0002
    { 16, 16, 256, 0, 14, 64, 209 }, // U+0003
    { 16, 16, 256, 0, 14, 64, 273 }, // U+0004
    { 16, 16, 256, 0, 14, 64, 337 }, // U+0005
    { 16, 16, 256, 0, 14, 64, 401 }, // U+0006
    { 16, 16, 256, 0, 14, 64, 465 }, // U+0007
    { 16, 16, 256, 0, 14, 64, 529 }, // U+0008
    { 16, 16, 256, 0, 14, 64, 593 }, // U+0009
    { 16, 16, 256, 0, 14, 64, 657 }, // U+000A
    { 16, 16, 256, 0, 14, 64, 721 }, // U+000B
    { 16, 16, 256, 0, 14, 64, 785 }, // U+000C
    { 16, 16, 256, 0, 14, 64, 849 }, // U+000D
    { 16, 16, 256, 0, 14, 64, 913 }, // U+000E
    { 16, 16, 256, 0, 14, 64, 977 }, // U+000F
    { 16, 16, 256, 0, 14, 64, 1041 }, // U+0010
    { 16, 16, 256, 0, 14, 64, 1105 }, // U+0011
    { 16, 16, 256, 0, 14, 64, 1169 }, // U+0012
    { 16, 16, 256, 0, 14, 64, 1233 }, // U+0013
    { 16, 16, 256, 0, 14, 64, 1297 }, // U+0014
    { 16, 16, 256, 0, 14, 64, 1361 }, // U+0015
    { 16, 16, 256, 0, 14, 64, 1425 }, // U+0016
    { 16, 16, 256, 0, 14, 64, 1489 }, // U+0017
    { 16, 16, 256, 0, 14, 64, 1553 }, // U+0018
    { 16, 16, 256, 0, 14, 64, 1617 }, // U+0019
    { 16, 16, 256, 0, 14, 64, 1681 }, // U+001A
    { 16, 16, 256, 0, 14, 64, 1745 }, // U+001B
    { 16, 16, 256, 0, 14, 64, 1809 }, // U+001C
    { 16, 16, 256, 0, 14, 64, 1873 }, // U+001D
    { 16, 16, 256, 0, 14, 64, 1937 }, // U+001E
    { 16, 16, 256, 0, 14, 64, 2001 }, // U+001F
    { 1, 1, 96, 0, 1, 1, 2065 }, // U+0020
    { 7, 17, 128, 1, 17, 30, 2066 }, // !
    { 7, 5, 176, 4, 17, 9, 2096 }, // "
    { 13, 17, 208, 0, 17, 56, 2105 }, // #
    { 11, 20, 192, 0, 18, 55, 2161 }, // $
    { 17, 17, 320, 1, 17, 73, 2216 }, // %
    { 16, 17, 304, 1, 17, 68, 2289 }, // &
    { 2, 5, 80, 3, 17, 3, 2357 }, // '
    { 7, 22, 128, 1, 17, 39, 2360 }, // (
    { 7, 22, 128, -1, 17, 39, 2399 }, // )
    { 9, 9, 208, 1, 17, 21, 2438 }, // *
    { 12, 11, 272, 3, 11, 33, 2459 }, // +
    { 3, 6, 96, -1, 3, 5, 2492 }, // ,
    { 6, 2, 128, 1, 7, 3, 2497 }, // -
    { 2, 3, 96, 1, 3, 2, 2500 }, // .
    { 7, 17, 112, 0, 17, 30, 2502 }, // /
    { 12, 17, 192, 0, 17, 51, 2532 }, // 0
    { 9, 17, 192, 1, 17, 39, 2583 }, // 1
    { 11, 17, 192, 0, 17, 47, 2622 }, // 2
    { 11, 17, 192, 0, 17, 47, 2669 }, // 3
    { 12, 17, 192, 0, 17, 51, 2716 }, // 4
    { 12, 17, 192, 0, 17, 51, 2767 }, // 5
    { 11, 17, 192, 1, 17, 47, 2818 }, // 6
    { 12, 17, 192, 1, 17, 51, 2865 }, // 7
    { 12, 17, 192, 0, 17, 51, 2916 }, // 8
    { 12, 17, 192, 0, 17, 51, 2967 }, // 9
    { 5, 11, 128, 1, 11, 14, 3018 }, // :
    { 5, 14, 128, 1, 11, 18, 3032 }, // ;
    { 11, 12, 272, 2, 12, 33, 3050 }, // <
    { 12, 6, 272, 2, 9, 18, 3083 }, // =
    { 11, 12, 272, 4, 12, 33, 3101 }, // >
    { 9, 17, 192, 3, 17, 39, 3134 }, // ?
    { 21, 21, 368, 1, 16, 111, 3173 }, // @
    { 16, 17, 240, -2, 17, 68, 3284 }, // A
    { 15, 17, 240, -1, 17, 64, 3352 }, // B
    { 16, 17, 256, 1, 17, 68, 3416 }, // C
    { 18, 17, 288, -1, 17, 77, 3484 }, // D
    { 16, 17, 240, -1, 17, 68, 3561 }, // E
    { 16, 17, 240, -1, 17, 68, 3629 }, // F
    { 17, 17, 288, 1, 17, 73, 3697 }, // G
    { 20, 17, 288, -1, 17, 85, 3770 }, // H
    { 10, 17, 128, -1, 17, 43, 3855 }, // I
    { 12, 17, 176, -1, 17, 51, 3898 }, // J
    { 18, 17, 256, -1, 17, 77, 3949 }, // K
    { 14, 17, 224, -1, 17, 60, 4026 }, // L
    { 21, 17, 320, -1, 17, 90, 4086 }, // M
    { 19, 17, 256, -1, 17, 81, 4176 }, // N
    { 16, 17, 288, 1, 17, 68, 4257 }, // O
    { 16, 17, 240, -1, 17, 68, 4325 }, // P
    { 16, 22, 288, 1, 17, 88, 4393 }, // Q
    { 15, 17, 240, -1, 17, 64, 4481 }, // R
    { 12, 17, 192, 0, 17, 51, 4545 }, // S
    { 14, 17, 224, 2, 17, 60, 4596 }, // T
    { 17, 17, 288, 2, 17, 73, 4656 }, // U
    { 16, 17, 240, 1, 17, 68, 4729 }, // V
    { 21, 17, 336, 1, 17, 90, 4797 }, // W
    { 17, 17, 240, -1, 17, 73, 4887 }, // X
    { 14, 17, 224, 2, 17, 60, 4960 }, // Y
    { 16, 17, 224, -1, 17, 68, 5020 }, // Z
    { 9, 21, 160, 1, 17, 48, 5088 }, // [
    { 7, 17, 112, 0, 17, 30, 5136 }, // <backslash>
    { 9, 21, 160, 0, 17, 48, 5166 }, // ]
    { 10, 10, 176, 1, 17, 25, 5214 }, // ^
    { 12, 2, 192, 0, -3, 6, 5239 }, // _
    { 4, 4, 128, 4, 16, 4, 5245 }, // `
    { 12, 12, 208, 0, 12, 36, 5249 }, // a
    { 11, 18, 192, 0, 18, 50, 5285 }, // b
    { 10, 12, 176, 0, 12, 30, 5335 }, // c
    { 13, 18, 208, 0, 18, 59, 5365 }, // d
    { 9, 12, 160, 0, 12, 27, 5424 }, // e
    { 15, 23, 112, -5, 18, 87, 5451 }, // f
    { 12, 18, 192, -1, 12, 54, 5538 }, // g
    { 11, 18, 208, 0, 18, 50, 5592 }, // h
    { 6, 17, 112, 0, 17, 26, 5642 }, // i
    { 10, 22, 96, -4, 17, 55, 5668 }, // j
    { 11, 18, 176, 0, 18, 50, 5723 }, // k
    { 6, 18, 96, 0, 18, 27, 5773 }, // l
    { 18, 12, 320, 0, 12, 54, 5800 }, // m
    { 11, 12, 208, 0, 12, 33, 5854 }, // n
    { 11, 12, 192, 0, 12, 33, 5887 }, // o
    { 14, 17, 192, -3, 12, 60, 5920 }, // p
    { 12, 17, 192, 0, 12, 51, 5980 }, // q
    { 9, 12, 144, 0, 12, 27, 6031 }, // r
    { 8, 12, 144, 0, 12, 24, 6058 }, // s
    { 7, 15, 112, 0, 15, 27, 6082 }, // t
    { 11, 12, 192, 0, 12, 33, 6109 }, // u
    { 11, 12, 192, 0, 12, 33, 6142 }, // v
    { 16, 12, 272, 0, 12, 48, 6175 }, // w
    { 11, 12, 176, -1, 12, 33, 6223 }, // x
    { 12, 17, 176, -1, 12, 51, 6256 }, // y
    { 9, 12, 160, 0, 12, 27, 6307 }, // z
    { 9, 23, 160, 1, 18, 52, 6334 }, // {
    { 6, 23, 96, 0, 18, 35, 6386 }, // |
    { 9, 23, 160, -1, 18, 52, 6421 }, // }
    { 10, 5, 224, 2, 9, 13, 6473 }, // ~
    { 16, 16, 256, 0, 14, 64, 6486 }, // U+007F
    { 16, 16, 256, 0, 14, 64, 0 }, // U+0080
    { 16, 16, 256, 0, 14, 64, 64 }, // U+0081
    { 16, 16, 256, 0, 14, 64, 128 }, // U+0082
    { 16, 16, 256, 0, 14, 64, 192 }, // U+0083
    { 16, 16, 256, 0, 14, 64, 256 }, // U+0084
    { 16, 16, 256, 0, 14, 64, 320 }, // U+0085
    { 16, 16, 256, 0, 14, 64, 384 }, // U+0086
    { 16, 16, 256, 0, 14, 64, 448 }, // U+0087
    { 16, 16, 256, 0, 14, 64, 512 }, // U+0088
    { 16, 16, 256, 0, 14, 64, 576 }, // U+0089
    { 16, 16, 256, 0, 14, 64, 640 }, // U+008A
    { 16, 16, 256, 0, 14, 64, 704 }, // U+008B
    { 16, 16, 256, 0, 14, 64, 768 }, // U+008C
    { 16, 16, 256, 0, 14, 64, 832 }, // U+008D
    { 16, 16, 256, 0, 14, 64, 896 }, // U+008E
    { 16, 16, 256, 0, 14, 64, 960 }, // U+008F
    { 16, 16, 256, 0, 14, 64, 1024 }, // U+0090
    { 16, 16, 256, 0, 14, 64, 1088 }, // U+0091
    { 16, 16, 256, 0, 14, 64, 1152 }, // U+0092
    { 16, 16, 256, 0, 14, 64, 1216 }, // U+0093
    { 16, 16, 256, 0, 14, 64, 1280 }, // U+0094
    { 16, 16, 256, 0, 14, 64, 1344 }, // U+0095
    { 16, 16, 256, 0, 14, 64, 1408 }, // U+0096
    { 16, 16, 256, 0, 14, 64, 1472 }, // U+0097
    { 16, 16, 256, 0, 14, 64, 1536 }, // U+0098
    { 16, 16, 256, 0, 14, 64, 1600 }, // U+0099
    { 16, 16, 256, 0, 14, 64, 1664 }, // U+009A
    { 16, 16, 256, 0, 14, 64, 1728 }, // U+009B
    { 16, 16, 256, 0, 14, 64, 1792 }, // U+009C
    { 16, 16, 256, 0, 14, 64, 1856 }, // U+009D
    { 16, 16, 256, 0, 14, 64, 1920 }, // U+009E
    { 16, 16, 256, 0, 14, 64, 1984 }, // U+009F
    { 1, 1, 96, 0, 1, 1, 2048 }, // U+00A0
    { 7, 17, 160, 1, 12, 30, 2049 }, // U+00A1
    { 11, 17, 208, 1, 14, 47, 2079 }, // U+00A2
    { 12, 17, 208, 0, 17, 51, 2126 }, // U+00A3
    { 12, 12, 208, 0, 15, 36, 2177 }, // U+00A4
    { 14, 17, 208, 1, 17, 60, 2213 }, // U+00A5
    { 6, 22, 96, 0, 17, 33, 2273 }, // U+00A6
    { 11, 21, 208, 1, 18, 58, 2306 }, // U+00A7
    { 6, 2, 128, 2, 14, 3, 2364 }, // U+00A8
    { 17, 17, 304, 1, 17, 73, 2367 }, // U+00A9
    { 7, 10, 128, 1, 17, 18, 2440 }, // U+00AA
    { 11, 9, 208, 1, 11, 25, 2458 }, // U+00AB
    { 11, 7, 240, 2, 9, 20, 2483 }, // U+00AC
    { 6, 2, 128, 1, 7, 3, 2503 }, // U+00AD
    { 17, 17, 304, 1, 17, 73, 2506 }, // U+00AE
    { 6, 1, 128, 3, 15, 2, 2579 }, // U+00AF
    { 8, 7, 144, 1, 17, 14, 2581 }, // U+00B0
    { 12, 13, 272, 3, 13, 39, 2595 }, // U+00B1
    { 7, 10, 112, 0, 17, 18, 2634 }, // U+00B2
    { 7, 10, 112, 0, 17, 18, 2652 }, // U+00B3
    { 5, 5, 128, 4, 17, 7, 2670 }, // U+00B4
    { 13, 17, 192, -2, 12, 56, 2677 }, // U+00B5
    { 11, 22, 208, 2, 17, 61, 2733 }, // U+00B6
    { 3, 3, 96, 1, 8, 3, 2794 }, // U+00B7
    { 6, 5, 128, 0, 0, 8, 2797 }, // U+00B8
    { 6, 10, 112, 0, 17, 15, 2805 }, // U+00B9
    { 7, 10, 128, 1, 17, 18, 2820 }, // U+00BA
    { 11, 9, 208, 0, 11, 25, 2838 }, // U+00BB
    { 15, 17, 288, 0, 17, 64, 2863 }, // U+00BC
    { 15, 17, 288, 0, 17, 64, 2927 }, // U+00BD
    { 15, 17, 288, 0, 17, 64, 2991 }, // U+00BE
    { 9, 17, 192, 1, 12, 39, 3055 }, // U+00BF
    { 16, 22, 240, -2, 22, 88, 3094 }, // U+00C0
    { 16, 22, 240, -2, 22, 88, 3182 }, // U+00C1
    { 16, 22, 240, -2, 22, 88, 3270 }, // U+00C2
    { 16, 21, 240, -2, 21, 84, 3358 }, // U+00C3
    { 16, 20, 240, -2, 20, 80, 3442 }, // U+00C4
    { 16, 22, 240, -2, 22, 88, 3522 }, // U+00C5
    { 23, 17, 352, -1, 17, 98, 3610 }, // U+00C6
    { 16, 22, 256, 1, 17, 88, 3708 }, // U+00C7
    { 16, 22, 240, -1, 22, 88, 3796 }, // U+00C8
    { 16, 22, 240, -1, 22, 88, 3884 }, // U+00C9
    { 16, 22, 240, -1, 22, 88, 3972 }, // U+00CA
    { 16, 21, 240, -1, 21, 84, 4060 }, // U+00CB
    { 10, 22, 128, -1, 22, 55, 4144 }, // U+00CC
    { 11, 22, 128, -1, 22, 61, 4199 }, // U+00CD
    { 11, 22, 128, -1, 22, 61, 4260 }, // U+00CE
    { 11, 21, 128, -1, 21, 58, 4321 }, // U+00CF
    { 18, 17, 288, -1, 17, 77, 4379 }, // U+00D0
    { 19, 21, 256, -1, 21, 100, 4456 }, // U+00D1
    { 16, 22, 288, 1, 22, 88, 4556 }, // U+00D2
    { 16, 22, 288, 1, 22, 88, 4644 }, // U+00D3
    { 16, 22, 288, 1, 22, 88, 4732 }, // U+00D4
    { 16, 21, 288, 1, 21, 84, 4820 }, // U+00D5
    { 16, 21, 288, 1, 21, 84, 4904 }, // U+00D6
    { 12, 11, 272, 3, 11, 33, 4988 }, // U+00D7
    { 16, 19, 288, 1, 18, 76, 5021 }, // U+00D8
    { 17, 22, 288, 2, 22, 94, 5097 }, // U+00D9
    { 17, 22, 288, 2, 22, 94, 5191 }, // U+00DA
    { 17, 22, 288, 2, 22, 94, 5285 }, // U+00DB
    { 17, 21, 288, 2, 21, 90, 5379 }, // U+00DC
    { 14, 21, 224, 2, 21, 74, 5469 }, // U+00DD
    { 14, 17, 240, -1, 17, 60, 5543 }, // U+00DE
    { 16, 22, 208, -4, 17, 88, 5603 }, // U+00DF
    { 12, 17, 208, 0, 17, 51, 5691 }, // U+00E0
    { 12, 18, 208, 0, 18, 54, 5742 }, // U+00E1
    { 12, 17, 208, 0, 17, 51, 5796 }, // U+00E2
    { 12, 16, 208, 0, 16, 48, 5847 }, // U+00E3
    { 12, 15, 208, 0, 15, 45, 5895 }, // U+00E4
    { 12, 18, 208, 0, 18, 54, 5940 }, // U+00E5
    { 15, 12, 256, 0, 12, 45, 5994 }, // U+00E6
    { 10, 17, 176, 0, 12, 43, 6039 }, // U+00E7
    { 9, 17, 160, 0, 17, 39, 6082 }, // U+00E8
    { 10, 18, 160, 0, 18, 45, 6121 }, // U+00E9
    { 10, 17, 160, 0, 17, 43, 6166 }, // U+00EA
    { 9, 15, 160, 0, 15, 34, 6209 }, // U+00EB
    { 6, 17, 112, 0, 17, 26, 6243 }, // U+00EC
    { 7, 18, 112, 0, 18, 32, 6269 }, // U+00ED
    { 7, 17, 112, 0, 17, 30, 6301 }, // U+00EE
    { 7, 15, 112, 0, 15, 27, 6331 }, // U+00EF
    { 11, 17, 192, 0, 17, 47, 6358 }, // U+00F0
    { 11, 16, 208, 0, 16, 44, 6405 }, // U+00F1
    { 11, 17, 192, 0, 17, 47, 6449 }, // U+00F2
    { 11, 18, 192, 0, 18, 50, 6496 }, // U+00F3
    { 11, 17, 192, 0, 17, 47, 6546 }, // U+00F4
    { 11, 16, 192, 0, 16, 44, 6593 }, // U+00F5
    { 11, 15, 192, 0, 15, 42, 6637 }, // U+00F6
    { 12, 11, 272, 3, 12, 33, 6679 }, // U+00F7
    { 11, 18, 192, 0, 15, 50, 6712 }, // U+00F8
    { 11, 17, 192, 0, 17, 47, 6762 }, // U+00F9
    { 11, 18, 192, 0, 18, 50, 6809 }, // U+00FA
    { 11, 17, 192, 0, 17, 47, 6859 }, // U+00FB
    { 11, 15, 192, 0, 15, 42, 6906 }, // U+00FC
    { 12, 23, 176, -1, 18, 69, 6948 }, // U+00FD
    { 14, 23, 192, -3, 18, 81, 7017 }, // U+00FE
    { 12, 20, 176, -1, 15, 60, 7098 }, // U+00FF
    { 16, 19, 240, -2, 19, 76, 0 }, // U+0100
    { 12, 14, 208, 0, 14, 42, 76 }, // U+0101
    { 16, 22, 240, -2, 22, 88, 118 }, // U+0102
    { 12, 17, 208, 0, 17, 51, 206 }, // U+0103
    { 16, 22, 240, -2, 17, 88, 257 }, // U+0104
    { 12, 17, 208, 0, 12, 51, 345 }, // U+0105
    { 16, 23, 256, 1, 23, 92, 396 }, // U+0106
    { 10, 18, 176, 0, 18, 45, 488 }, // U+0107
    { 16, 22, 256, 1, 22, 88, 533 }, // U+0108
    { 10, 17, 176, 0, 17, 43, 621 }, // U+0109
    { 16, 20, 256, 1, 20, 80, 664 }, // U+010A
    { 10, 15, 176, 0, 15, 38, 744 }, // U+010B
    { 16, 22, 256, 1, 22, 88, 782 }, // U+010C
    { 10, 17, 176, 0, 17, 43, 870 }, // U+010D
    { 18, 22, 288, -1, 22, 99, 913 }, // U+010E
    { 18, 18, 304, 0, 18, 81, 1012 }, // U+010F
    { 18, 17, 288, -1, 17, 77, 1093 }, // U+0110
    { 14, 18, 208, 0, 18, 63, 1170 }, // U+0111
    { 16, 19, 240, -1, 19, 76, 1233 }, // U+0112
    { 9, 14, 160, 0, 14, 32, 1309 }, // U+0113
    { 16, 22, 240, -1, 22, 88, 1341 }, // U+0114
    { 9, 17, 160, 0, 17, 39, 1429 }, // U+0115
    { 16, 20, 240, -1, 20, 80, 1468 }, // U+0116
    { 9, 15, 160, 0, 15, 34, 1548 }, // U+0117
    { 16, 22, 240, -1, 17, 88, 1582 }, // U+0118
    { 9, 17, 160, 0, 12, 39, 1670 }, // U+0119
    { 16, 22, 240, -1, 22, 88, 1709 }, // U+011A
    { 9, 17, 160, 0, 17, 39, 1797 }, // U+011B
    { 17, 22, 288, 1, 22, 94, 1836 }, // U+011C
    { 12, 23, 192, -1, 17, 69, 1930 }, // U+011D
    { 17, 22, 288, 1, 22, 94, 1999 }, // U+011E
    { 12, 23, 192, -1, 17, 69, 2093 }, // U+011F
    { 17, 20, 288, 1, 20, 85, 2162 }, // U+0120
    { 12, 21, 192, -1, 15, 63, 2247 }, // U+0121
    { 17, 24, 288, 1, 17, 102, 2310 }, // U+0122
    { 12, 25, 192, -1, 19, 75, 2412 }, // U+0123
    { 20, 22, 288, -1, 22, 110, 2487 }, // U+0124
    { 11, 23, 208, 0, 23, 64, 2597 }, // U+0125
    { 20, 17, 288, -1, 17, 85, 2661 }, // U+0126
    { 13, 18, 208, -2, 18, 59, 2746 }, // U+0127
    { 10, 21, 128, -1, 21, 53, 2805 }, // U+0128
    { 7, 15, 112, 0, 15, 27, 2858 }, // U+0129
    { 10, 19, 128, -1, 19, 48, 2885 }, // U+012A
    { 6, 13, 112, 0, 13, 20, 2933 }, // U+012B
    { 10, 22, 128, -1, 22, 55, 2953 }, // U+012C
    { 7, 16, 112, 0, 16, 28, 3008 }, // U+012D
    { 10, 22, 128, -1, 17, 55, 3036 }, // U+012E
    { 6, 22, 112, 0, 17, 33, 3091 }, // U+012F
    { 10, 20, 128, -1, 20, 50, 3124 }, // U+0130
    { 5, 11, 112, 0, 11, 14, 3174 }, // U+0131
    { 20, 17, 304, -1, 17, 85, 3188 }, // U+0132
    { 13, 22, 208, 0, 17, 72, 3273 }, // U+0133
    { 12, 22, 176, -1, 22, 66, 3345 }, // U+0134
    { 10, 22, 96, -4, 17, 55, 3411 }, // U+0135
    { 18, 24, 256, -1, 17, 108, 3466 }, // U+0136
    { 11, 25, 176, 0, 18, 69, 3574 }, // U+0137
    { 11, 12, 176, 0, 12, 33, 3643 }, // U+0138
    { 14, 23, 224, -1, 23, 81, 3676 }, // U+0139
    { 8, 24, 96, 0, 24, 48, 3757 }, // U+013A
    { 14, 24, 224, -1, 17, 84, 3805 }, // U+013B
    { 6, 25, 96, 0, 18, 38, 3889 }, // U+013C
    { 20, 17, 320, -1, 17, 85, 3927 }, // U+013D
    { 12, 18, 208, 0, 18, 54, 4012 }, // U+013E
    { 18, 17, 304, -1, 17, 77, 4066 }, // U+013F
    { 10, 18, 192, 0, 18, 45, 4143 }, // U+0140
    { 14, 17, 224, -1, 17, 60, 4188 }, // U+0141
    { 8, 17, 96, -1, 17, 34, 4248 }, // U+0142
    { 19, 23, 256, -1, 23, 110, 4282 }, // U+0143
    { 11, 18, 208, 0, 18, 50, 4392 }, // U+0144
    { 19, 24, 256, -1, 17, 114, 4442 }, // U+0145
    { 11, 19, 208, 0, 12, 53, 4556 }, // U+0146
    { 19, 22, 256, -1, 22, 105, 4609 }, // U+0147
    { 11, 17, 208, 0, 17, 47, 4714 }, // U+0148
    { 16, 17, 320, 2, 17, 68, 4761 }, // U+0149
    { 19, 22, 256, -1, 17, 105, 4829 }, // U+014A
    { 11, 17, 208, 0, 12, 47, 4934 }, // U+014B
    { 16, 19, 288, 1, 19, 76, 4981 }, // U+014C
    { 11, 14, 192, 0, 14, 39, 5057 }, // U+014D
    { 16, 22, 288, 1, 22, 88, 5096 }, // U+014E
    { 11, 17, 192, 0, 17, 47, 5184 }, // U+014F
    { 16, 24, 288, 1, 24, 96, 5231 }, // U+0150
    { 11, 19, 192, 0, 19, 53, 5327 }, // U+0151
    { 22, 17, 384, 1, 17, 94, 5380 }, // U+0152
    { 15, 11, 256, 0, 11, 42, 5474 }, // U+0153
    { 15, 23, 240, -1, 23, 87, 5516 }, // U+0154
    { 9, 18, 144, 0, 18, 41, 5603 }, // U+0155
    { 15, 24, 240, -1, 17, 90, 5644 }, // U+0156
    { 9, 19, 144, 0, 12, 43, 5734 }, // U+0157
    { 15, 22, 240, -1, 22, 83, 5777 }, // U+0158
    { 9, 17, 144, 0, 17, 39, 5860 }, // U+0159
    { 12, 23, 192, 0, 23, 69, 5899 }, // U+015A
    { 8, 18, 144, 0, 18, 36, 5968 }, // U+015B
    { 12, 22, 192, 0, 22, 66, 6004 }, // U+015C
    { 8, 17, 144, 0, 17, 34, 6070 }, // U+015D
    { 12, 22, 192, 0, 17, 66, 6104 }, // U+015E
    { 8, 17, 144, 0, 12, 34, 6170 }, // U+015F
    { 12, 18, 192, 0, 18, 54, 6204 }, // U+0160
    { 9, 16, 144, 0, 16, 36, 6258 }, // U+0161
    { 14, 22, 224, 2, 17, 77, 6294 }, // U+0162
    { 8, 20, 112, -1, 15, 40, 6371 }, // U+0163
    { 14, 22, 224, 2, 22, 77, 6411 }, // U+0164
    { 13, 17, 224, 0, 17, 56, 6488 }, // U+0165
    { 14, 17, 224, 2, 17, 60, 6544 }, // U+0166
    { 10, 15, 112, -1, 15, 38, 6604 }, // U+0167
    { 17, 21, 288, 2, 21, 90, 6642 }, // U+0168
    { 11, 16, 192, 0, 16, 44, 6732 }, // U+0169
    { 17, 19, 288, 2, 19, 81, 6776 }, // U+016A
    { 11, 14, 192, 0, 14, 39, 6857 }, // U+016B
    { 17, 22, 288, 2, 22, 94, 6896 }, // U+016C
    { 11, 17, 192, 0, 17, 47, 6990 }, // U+016D
    { 17, 23, 288, 2, 23, 98, 7037 }, // U+016E
    { 11, 18, 192, 0, 18, 50, 7135 }, // U+016F
    { 17, 24, 288, 2, 24, 102, 7185 }, // U+0170
    { 11, 19, 192, 0, 19, 53, 7287 }, // U+0171
    { 17, 22, 288, 2, 17, 94, 7340 }, // U+0172
    { 11, 17, 192, 0, 12, 47, 7434 }, // U+0173
    { 21, 22, 336, 1, 22, 116, 7481 }, // U+0174
    { 16, 17, 272, 0, 17, 68, 7597 }, // U+0175
    { 14, 22, 224, 2, 22, 77, 7665 }, // U+0176
    { 12, 22, 176, -1, 17, 66, 7742 }, // U+0177
    { 14, 17, 224, 2, 17, 60, 7808 }, // U+0178
    { 16, 23, 224, -1, 23, 92, 7868 }, // U+0179
    { 9, 18, 160, 0, 18, 41, 7960 }, // U+017A
    { 16, 20, 224, -1, 20, 80, 8001 }, // U+017B
    { 9, 15, 160, 0, 15, 34, 8081 }, // U+017C
    { 16, 18, 224, -1, 18, 72, 8115 }, // U+017D
    { 9, 16, 160, 0, 16, 36, 8187 }, // U+017E
    { 8, 16, 128, 0, 14, 32, 8223 }, // U+017F
    { 19, 17, 288, 1, 17, 81, 0 }, // U+01A0
    { 14, 12, 192, 0, 12, 42, 81 }, // U+01A1
    { 19, 17, 288, 2, 17, 81, 123 }, // U+01AF
    { 14, 12, 192, 0, 12, 42, 204 }, // U+01B0
    { 8, 16, 128, 0, 14, 32, 246 }, // U+01C4
    { 8, 16, 128, 0, 14, 32, 278 }, // U+01C5
    { 8, 16, 128, 0, 14, 32, 310 }, // U+01C6
    { 8, 16, 128, 0, 14, 32, 342 }, // U+01C7
    { 8, 16, 128, 0, 14, 32, 374 }, // U+01C8
    { 8, 16, 128, 0, 14, 32, 406 }, // U+01C9
    { 8, 16, 128, 0, 14, 32, 438 }, // U+01CA
    { 8, 16, 128, 0, 14, 32, 470 }, // U+01CB
    { 8, 16, 128, 0, 14, 32, 502 }, // U+01CC
    { 16, 22, 240, -2, 22, 88, 534 }, // U+01CD
    { 12, 17, 208, 0, 17, 51, 622 }, // U+01CE
    { 10, 22, 128, -1, 22, 55, 673 }, // U+01CF
    { 7, 16, 112, 0, 16, 28, 728 }, // U+01D0
    { 16, 22, 288, 1, 22, 88, 756 }, // U+01D1
    { 11, 17, 192, 0, 17, 47, 844 }, // U+01D2
    { 17, 22, 288, 2, 22, 94, 891 }, // U+01D3
    { 11, 17, 192, 0, 17, 47, 985 }, // U+01D4
    { 17, 23, 288, 2, 23, 98, 1032 }, // U+01D5
    { 11, 17, 192, 0, 17, 47, 1130 }, // U+01D6
    { 17, 27, 288, 2, 27, 115, 1177 }, // U+01D7
    { 11, 21, 192, 0, 21, 58, 1292 }, // U+01D8
    { 17, 26, 288, 2, 26, 111, 1350 }, // U+01D9
    { 11, 20, 192, 0, 20, 55, 1461 }, // U+01DA
    { 17, 26, 288, 2, 26, 111, 1516 }, // U+01DB
    { 11, 20, 192, 0, 20, 55, 1627 }, // U+01DC
    { 9, 12, 160, 0, 12, 27, 1682 }, // U+01DD
    { 16, 22, 240, -2, 22, 88, 1709 }, // U+01DE
    { 12, 17, 208, 0, 17, 51, 1797 }, // U+01DF
    { 16, 22, 240, -2, 22, 88, 1848 }, // U+01E0
    { 12, 17, 208, 0, 17, 51, 1936 }, // U+01E1
    { 23, 19, 352, -1, 19, 110, 1987 }, // U+01E2
    { 15, 14, 256, 0, 14, 53, 2097 }, // U+01E3
    { 19, 17, 288, 1, 17, 81, 2150 }, // U+01E4
    { 12, 18, 192, -1, 12, 54, 2231 }, // U+01E5
    { 17, 22, 288, 1, 22, 94, 2285 }, // U+01E6
    { 12, 23, 192, -1, 17, 69, 2379 }, // U+01E7
    { 18, 22, 256, -1, 22, 99, 2448 }, // U+01E8
    { 11, 23, 176, 0, 23, 64, 2547 }, // U+01E9
    { 16, 22, 288, 1, 17, 88, 2611 }, // U+01EA
    { 11, 17, 192, 0, 12, 47, 2699 }, // U+01EB
    { 16, 24, 288, 1, 19, 96, 2746 }, // U+01EC
    { 11, 19, 192, 0, 14, 53, 2842 }, // U+01ED
    { 8, 16, 128, 0, 14, 32, 2895 }, // U+01EE
    { 8, 16, 128, 0, 14, 32, 2927 }, // U+01EF
    { 11, 22, 96, -4, 17, 61, 2959 }, // U+01F0
    { 8, 16, 128, 0, 14, 32, 3020 }, // U+01F1
    { 8, 16, 128, 0, 14, 32, 3052 }, // U+01F2
    { 8, 16, 128, 0, 14, 32, 3084 }, // U+01F3
    { 17, 23, 288, 1, 23, 98, 3116 }, // U+01F4
    { 12, 24, 192, -1, 18, 72, 3214 }, // U+01F5
    { 8, 16, 128, 0, 14, 32, 3286 }, // U+01F6
    { 8, 16, 128, 0, 14, 32, 3318 }, // U+01F7
    { 19, 22, 256, -1, 22, 105, 3350 }, // U+01F8
    { 11, 17, 208, 0, 17, 47, 3455 }, // U+01F9
    { 16, 28, 240, -2, 28, 112, 3502 }, // U+01FA
    { 12, 24, 208, 0, 24, 72, 3614 }, // U+01FB
    { 23, 23, 352, -1, 23, 133, 3686 }, // U+01FC
    { 15, 18, 256, 0, 18, 68, 3819 }, // U+01FD
    { 16, 25, 288, 1, 24, 100, 3887 }, // U+01FE
    { 11, 24, 192, 0, 21, 66, 3987 }, // U+01FF
    { 8, 16, 128, 0, 14, 32, 4053 }, // U+0200
    { 8, 16, 128, 0, 14, 32, 4085 }, // U+0201
    { 8, 16, 128, 0, 14, 32, 4117 }, // U+0202
    { 8, 16, 128, 0, 14, 32, 4149 }, // U+0203
    { 8, 16, 128, 0, 14, 32, 4181 }, // U+0204
    { 8, 16, 128, 0, 14, 32, 4213 }, // U+0205
    { 8, 16, 128, 0, 14, 32, 4245 }, // U+0206
    { 8, 16, 128, 0, 14, 32, 4277 }, // U+0207
    { 8, 16, 128, 0, 14, 32, 4309 }, // U+0208
    { 8, 16, 128, 0, 14, 32, 4341 }, // U+0209
    { 8, 16, 128, 0, 14, 32, 4373 }, // U+020A
    { 8, 16, 128, 0, 14, 32, 4405 }, // U+020B
    { 8, 16, 128, 0, 14, 32, 4437 }, // U+020C
    { 8, 16, 128, 0, 14, 32, 4469 }, // U+020D
    { 8, 16, 128, 0, 14, 32, 4501 }, // U+020E
    { 8, 16, 128, 0, 14, 32, 4533 }, // U+020F
    { 8, 16, 128, 0, 14, 32, 4565 }, // U+0210
    { 8, 16, 128, 0, 14, 32, 4597 }, // U+0211
    { 8, 16, 128, 0, 14, 32, 4629 }, // U+0212
    { 8, 16, 128, 0, 14, 32, 4661 }, // U+0213
    { 8, 16, 128, 0, 14, 32, 4693 }, // U+0214
    { 8, 16, 128, 0, 14, 32, 4725 }, // U+0215
    { 8, 16, 128, 0, 14, 32, 4757 }, // U+0216
    { 8, 16, 128, 0, 14, 32, 4789 }, // U+0217
    { 12, 24, 192, 0, 17, 72, 4821 }, // U+0218
    { 8, 19, 144, 0, 12, 38, 4893 }, // U+0219
    { 14, 24, 224, 2, 17, 84, 4931 }, // U+021A
    { 7, 22, 112, 0, 15, 39, 5015 }, // U+021B
    { 8, 16, 128, 0, 14, 32, 5054 }, // U+021C
    { 8, 16, 128, 0, 14, 32, 5086 }, // U+021D
    { 20, 22, 288, -1, 22, 110, 5118 }, // U+021E
    { 11, 23, 208, 0, 23, 64, 5228 }, // U+021F
    { 8, 16, 128, 0, 14, 32, 0 }, // U+0300
    { 8, 16, 128, 0, 14, 32, 32 }, // U+0301
    { 8, 16, 128, 0, 14, 32, 64 }, // U+0302
    { 8, 16, 128, 0, 14, 32, 96 }, // U+0303
    { 8, 16, 128, 0, 14, 32, 128 }, // U+0304
    { 8, 16, 128, 0, 14, 32, 160 }, // U+0305
    { 8, 16, 128, 0, 14, 32, 192 }, // U+0306
    { 8, 16, 128, 0, 14, 32, 224 }, // U+0307
    { 8, 16, 128, 0, 14, 32, 256 }, // U+0308
    { 8, 16, 128, 0, 14, 32, 288 }, // U+0309
    { 8, 16, 128, 0, 14, 32, 320 }, // U+030A
    { 8, 16, 128, 0, 14, 32, 352 }, // U+030B
    { 8, 16, 128, 0, 14, 32, 384 }, // U+030C
    { 8, 16, 128, 0, 14, 32, 416 }, // U+030D
    { 8, 16, 128, 0, 14, 32, 448 }, // U+030E
    { 8, 16, 128, 0, 14, 32, 480 }, // U+030F
    { 8, 16, 128, 0, 14, 32, 512 }, // U+0310
    { 8, 16, 128, 0, 14, 32, 544 }, // U+0311
    { 8, 16, 128, 0, 14, 32, 576 }, // U+0312
    { 8, 16, 128, 0, 14, 32, 608 }, // U+0313
    { 8, 16, 128, 0, 14, 32, 640 }, // U+0314
    { 8, 16, 128, 0, 14, 32, 672 }, // U+0315
    { 8, 16, 128, 0, 14, 32, 704 }, // U+0316
    { 8, 16, 128, 0, 14, 32, 736 }, // U+0317
    { 8, 16, 128, 0, 14, 32, 768 }, // U+0318
    { 8, 16, 128, 0, 14, 32, 800 }, // U+0319
    { 8, 16, 128, 0, 14, 32, 832 }, // U+031A
    { 8, 16, 128, 0, 14, 32, 864 }, // U+031B
    { 8, 16, 128, 0, 14, 32, 896 }, // U+031C
    { 8, 16, 128, 0, 14, 32, 928 }, // U+031D
    { 8, 16, 128, 0, 14, 32, 960 }, // U+031E
    { 8, 16, 128, 0, 14, 32, 992 }, // U+031F
    { 8, 16, 128, 0, 14, 32, 1024 }, // U+0320
    { 8, 16, 128, 0, 14, 32, 1056 }, // U+0321
    { 8, 16, 128, 0, 14, 32, 1088 }, // U+0322
    { 8, 16, 128, 0, 14, 32, 1120 }, // U+0323
    { 8, 16, 128, 0, 14, 32, 1152 }, // U+0324
    { 8, 16, 128, 0, 14, 32, 1184 }, // U+0325
    { 8, 16, 128, 0, 14, 32, 1216 }, // U+0326
    { 8, 16, 128, 0, 14, 32, 1248 }, // U+0327
    { 8, 16, 128, 0, 14, 32, 1280 }, // U+0328
    { 8, 16, 128, 0, 14, 32, 1312 }, // U+0329
    { 8, 16, 128, 0, 14, 32, 1344 }, // U+032A
    { 8, 16, 128, 0, 14, 32, 1376 }, // U+032B
    { 8, 16, 128, 0, 14, 32, 1408 }, // U+032C
    { 8, 16, 128, 0, 14, 32, 1440 }, // U+032D
    { 8, 16, 128, 0, 14, 32, 1472 }, // U+032E
    { 8, 16, 128, 0, 14, 32, 1504 }, // U+032F
    { 8, 16, 128, 0, 14, 32, 1536 }, // U+0330
    { 8, 16, 128, 0, 14, 32, 1568 }, // U+0331
    { 8, 16, 128, 0, 14, 32, 1600 }, // U+0332
    { 8, 16, 128, 0, 14, 32, 1632 }, // U+0333
    { 8, 16, 128, 0, 14, 32, 1664 }, // U+0334
    { 8, 16, 128, 0, 14, 32, 1696 }, // U+0335
    { 8, 16, 128, 0, 14, 32, 1728 }, // U+0336
    { 8, 16, 128, 0, 14, 32, 1760 }, // U+0337
    { 8, 16, 128, 0, 14, 32, 1792 }, // U+0338
    { 8, 16, 128, 0, 14, 32, 1824 }, // U+0339
    { 8, 16, 128, 0, 14, 32, 1856 }, // U+033A
    { 8, 16, 128, 0, 14, 32, 1888 }, // U+033B
    { 8, 16, 128, 0, 14, 32, 1920 }, // U+033C
    { 8, 16, 128, 0, 14, 32, 1952 }, // U+033D
    { 8, 16, 128, 0, 14, 32, 1984 }, // U+033E
    { 8, 16, 128, 0, 14, 32, 2016 }, // U+033F
    { 8, 16, 128, 0, 14, 32, 2048 }, // U+0340
    { 8, 16, 128, 0, 14, 32, 2080 }, // U+0341
    { 8, 16, 128, 0, 14, 32, 2112 }, // U+0342
    { 8, 16, 128, 0, 14, 32, 2144 }, // U+0343
    { 8, 16, 128, 0, 14, 32, 2176 }, // U+0344
    { 8, 16, 128, 0, 14, 32, 2208 }, // U+0345
    { 8, 16, 128, 0, 14, 32, 2240 }, // U+0346
    { 8, 16, 128, 0, 14, 32, 2272 }, // U+0347
    { 8, 16, 128, 0, 14, 32, 2304 }, // U+0348
    { 8, 16, 128, 0, 14, 32, 2336 }, // U+0349
    { 8, 16, 128, 0, 14, 32, 2368 }, // U+034A
    { 8, 16, 128, 0, 14, 32, 2400 }, // U+034B
    { 8, 16, 128, 0, 14, 32, 2432 }, // U+034C
    { 8, 16, 128, 0, 14, 32, 2464 }, // U+034D
    { 8, 16, 128, 0, 14, 32, 2496 }, // U+034E
    { 16, 16, 256, 0, 14, 64, 2528 }, // U+034F
    { 8, 16, 128, 0, 14, 32, 2592 }, // U+0350
    { 8, 16, 128, 0, 14, 32, 2624 }, // U+0351
    { 8, 16, 128, 0, 14, 32, 2656 }, // U+0352
    { 8, 16, 128, 0, 14, 32, 2688 }, // U+0353
    { 8, 16, 128, 0, 14, 32, 2720 }, // U+0354
    { 8, 16, 128, 0, 14, 32, 2752 }, // U+0355
    { 8, 16, 128, 0, 14, 32, 2784 }, // U+0356
    { 8, 16, 128, 0, 14, 32, 2816 }, // U+0357
    { 8, 16, 128, 0, 14, 32, 2848 }, // U+0358
    { 8, 16, 128, 0, 14, 32, 2880 }, // U+0359
    { 8, 16, 128, 0, 14, 32, 2912 }, // U+035A
    { 8, 16, 128, 0, 14, 32, 2944 }, // U+035B
    { 16, 16, 256, 0, 14, 64, 2976 }, // U+035C
    { 16, 16, 256, 0, 14, 64, 3040 }, // U+035D
    { 16, 16, 256, 0, 14, 64, 3104 }, // U+035E
    { 16, 16, 256, 0, 14, 64, 3168 }, // U+035F
    { 16, 16, 256, 0, 14, 64, 3232 }, // U+0360
    { 16, 16, 256, 0, 14, 64, 3296 }, // U+0361
    { 16, 16, 256, 0, 14, 64, 3360 }, // U+0362
    { 8, 16, 128, 0, 14, 32, 3424 }, // U+0363
    { 8, 16, 128, 0, 14, 32, 3456 }, // U+0364
    { 8, 16, 128, 0, 14, 32, 3488 }, // U+0365
    { 8, 16, 128, 0, 14, 32, 3520 }, // U+0366
    { 8, 16, 128, 0, 14, 32, 3552 }, // U+0367
    { 8, 16, 128, 0, 14, 32, 3584 }, // U+0368
    { 8, 16, 128, 0, 14, 32, 3616 }, // U+0369
    { 8, 16, 128, 0, 14, 32, 3648 }, // U+036A
    { 8, 16, 128, 0, 14, 32, 3680 }, // U+036B
    { 8, 16, 128, 0, 14, 32, 3712 }, // U+036C
    { 8, 16, 128, 0, 14, 32, 3744 }, // U+036D
    { 8, 16, 128, 0, 14, 32, 3776 }, // U+036E
    { 8, 16, 128, 0, 14, 32, 3808 }, // U+036F
    { 8, 16, 128, 0, 14, 32, 0 }, // U+0400
    { 8, 16, 128, 0, 14, 32, 32 }, // U+0401
    { 8, 16, 128, 0, 14, 32, 64 }, // U+0402
    { 8, 16, 128, 0, 14, 32, 96 }, // U+0403
    { 8, 16, 128, 0, 14, 32, 128 }, // U+0404
    { 8, 16, 128, 0, 14, 32, 160 }, // U+0405
    { 8, 16, 128, 0, 14, 32, 192 }, // U+0406
    { 8, 16, 128, 0, 14, 32, 224 }, // U+0407
    { 8, 16, 128, 0, 14, 32, 256 }, // U+0408
    { 8, 16, 128, 0, 14, 32, 288 }, // U+0409
    { 8, 16, 128, 0, 14, 32, 320 }, // U+040A
    { 8, 16, 128, 0, 14, 32, 352 }, // U+040B
    { 8, 16, 128, 0, 14, 32, 384 }, // U+040C
    { 8, 16, 128, 0, 14, 32, 416 }, // U+040D
    { 8, 16, 128, 0, 14, 32, 448 }, // U+040E
    { 8, 16, 128, 0, 14, 32, 480 }, // U+040F
    { 8, 16, 128, 0, 14, 32, 512 }, // U+0410
    { 8, 16, 128, 0, 14, 32, 544 }, // U+0411
    { 8, 16, 128, 0, 14, 32, 576 }, // U+0412
    { 8, 16, 128, 0, 14, 32, 608 }, // U+0413
    { 8, 16, 128, 0, 14, 32, 640 }, // U+0414
    { 8, 16, 128, 0, 14, 32, 672 }, // U+0415
    { 8, 16, 128, 0, 14, 32, 704 }, // U+0416
    { 8, 16, 128, 0, 14, 32, 736 }, // U+0417
    { 8, 16, 128, 0, 14, 32, 768 }, // U+0418
    { 8, 16, 128, 0, 14, 32, 800 }, // U+0419
    { 8, 16, 128, 0, 14, 32, 832 }, // U+041A
    { 8, 16, 128, 0, 14, 32, 864 }, // U+041B
    { 8, 16, 128, 0, 14, 32, 896 }, // U+041C
    { 8, 16, 128, 0, 14, 32, 928 }, // U+041D
    { 8, 16, 128, 0, 14, 32, 960 }, // U+041E
    { 8, 16, 128, 0, 14, 32, 992 }, // U+041F
    { 8, 16, 128, 0, 14, 32, 1024 }, // U+0420
    { 8, 16, 128, 0, 14, 32, 1056 }, // U+0421
    { 8, 16, 128, 0, 14, 32, 1088 }, // U+0422
    { 8, 16, 128, 0, 14, 32, 1120 }, // U+0423
    { 8, 16, 128, 0, 14, 32, 1152 }, // U+0424
    { 8, 16, 128, 0, 14, 32, 1184 }, // U+0425
    { 8, 16, 128, 0, 14, 32, 1216 }, // U+0426
    { 8, 16, 128, 0, 14, 32, 1248 }, // U+0427
    { 8, 16, 128, 0, 14, 32, 1280 }, // U+0428
    { 8, 16, 128, 0, 14, 32, 1312 }, // U+0429
    { 8, 16, 128, 0, 14, 32, 1344 }, // U+042A
    { 8, 16, 128, 0, 14, 32, 1376 }, // U+042B
    { 8, 16, 128, 0, 14, 32, 1408 }, // U+042C
    { 8, 16, 128, 0, 14, 32, 1440 }, // U+042D
    { 8, 16, 128, 0, 14, 32, 1472 }, // U+042E
    { 8, 16, 128, 0, 14, 32, 1504 }, // U+042F
    { 8, 16, 128, 0, 14, 32, 1536 }, // U+0430
    { 8, 16, 128, 0, 14, 32, 1568 }, // U+0431
    { 8, 16, 128, 0, 14, 32, 1600 }, // U+0432
    { 8, 16, 128, 0, 14, 32, 1632 }, // U+0433
    { 8, 16, 128, 0, 14, 32, 1664 }, // U+0434
    { 8, 16, 128, 0, 14, 32, 1696 }, // U+0435
    { 8, 16, 128, 0, 14, 32, 1728 }, // U+0436
    { 8, 16, 128, 0, 14, 32, 1760 }, // U+0437
    { 8, 16, 128, 0, 14, 32, 1792 }, // U+0438
    { 8, 16, 128, 0, 14, 32, 1824 }, // U+0439
    { 8, 16, 128, 0, 14, 32, 1856 }, // U+043A
    { 8, 16, 128, 0, 14, 32, 1888 }, // U+043B
    { 8, 16, 128, 0, 14, 32, 1920 }, // U+043C
    { 8, 16, 128, 0, 14, 32, 1952 }, // U+043D
    { 8, 16, 128, 0, 14, 32, 1984 }, // U+043E
    { 8, 16, 128, 0, 14, 32, 2016 }, // U+043F
    { 8, 16, 128, 0, 14, 32, 2048 }, // U+0440
    { 8, 16, 128, 0, 14, 32, 2080 }, // U+0441
    { 8, 16, 128, 0, 14, 32, 2112 }, // U+0442
    { 8, 16, 128, 0, 14, 32, 2144 }, // U+0443
    { 8, 16, 128, 0, 14, 32, 2176 }, // U+0444
    { 8, 16, 128, 0, 14, 32, 2208 }, // U+0445
    { 8, 16, 128, 0, 14, 32, 2240 }, // U+0446
    { 8, 16, 128, 0, 14, 32, 2272 }, // U+0447
    { 8, 16, 128, 0, 14, 32, 2304 }, // U+0448
    { 8, 16, 128, 0, 14, 32, 2336 }, // U+0449
    { 8, 16, 128, 0, 14, 32, 2368 }, // U+044A
    { 8, 16, 128, 0, 14, 32, 2400 }, // U+044B
    { 8, 16, 128, 0, 14, 32, 2432 }, // U+044C
    { 8, 16, 128, 0, 14, 32, 2464 }, // U+044D
    { 8, 16, 128, 0, 14, 32, 2496 }, // U+044E
    { 8, 16, 128, 0, 14, 32, 2528 }, // U+044F
    { 8, 16, 128, 0, 14, 32, 2560 }, // U+0450
    { 8, 16, 128, 0, 14, 32, 2592 }, // U+0451
    { 8, 16, 128, 0, 14, 32, 2624 }, // U+0452
    { 8, 16, 128, 0, 14, 32, 2656 }, // U+0453
    { 8, 16, 128, 0, 14, 32, 2688 }, // U+0454
    { 8, 16, 128, 0, 14, 32, 2720 }, // U+0455
    { 8, 16, 128, 0, 14, 32, 2752 }, // U+0456
    { 8, 16, 128, 0, 14, 32, 2784 }, // U+0457
    { 8, 16, 128, 0, 14, 32, 2816 }, // U+0458
    { 8, 16, 128, 0, 14, 32, 2848 }, // U+0459
    { 8, 16, 128, 0, 14, 32, 2880 }, // U+045A
    { 8, 16, 128, 0, 14, 32, 2912 }, // U+045B
    { 8, 16, 128, 0, 14, 32, 2944 }, // U+045C
    { 8, 16, 128, 0, 14, 32, 2976 }, // U+045D
    { 8, 16, 128, 0, 14, 32, 3008 }, // U+045E
    { 8, 16, 128, 0, 14, 32, 3040 }, // U+045F
    { 8, 16, 128, 0, 14, 32, 3072 }, // U+0460
    { 8, 16, 128, 0, 14, 32, 3104 }, // U+0461
    { 8, 16, 128, 0, 14, 32, 3136 }, // U+0462
    { 8, 16, 128, 0, 14, 32, 3168 }, // U+0463
    { 8, 16, 128, 0, 14, 32, 3200 }, // U+0464
    { 8, 16, 128, 0, 14, 32, 3232 }, // U+0465
    { 8, 16, 128, 0, 14, 32, 3264 }, // U+0466
    { 8, 16, 128, 0, 14, 32, 3296 }, // U+0467
    { 8, 16, 128, 0, 14, 32, 3328 }, // U+0468
    { 8, 16, 128, 0, 14, 32, 3360 }, // U+0469
    { 8, 16, 128, 0, 14, 32, 3392 }, // U+046A
    { 8, 16, 128, 0, 14, 32, 3424 }, // U+046B
    { 8, 16, 128, 0, 14, 32, 3456 }, // U+046C
    { 8, 16, 128, 0, 14, 32, 3488 }, // U+046D
    { 8, 16, 128, 0, 14, 32, 3520 }, // U+046E
    { 8, 16, 128, 0, 14, 32, 3552 }, // U+046F
    { 8, 16, 128, 0, 14, 32, 3584 }, // U+0470
    { 8, 16, 128, 0, 14, 32, 3616 }, // U+0471
    { 8, 16, 128, 0, 14, 32, 3648 }, // U+0472
    { 8, 16, 128, 0, 14, 32, 3680 }, // U+0473
    { 8, 16, 128, 0, 14, 32, 3712 }, // U+0474
    { 8, 16, 128, 0, 14, 32, 3744 }, // U+0475
    { 8, 16, 128, 0, 14, 32, 3776 }, // U+0476
    { 8, 16, 128, 0, 14, 32, 3808 }, // U+0477
    { 8, 16, 128, 0, 14, 32, 3840 }, // U+0478
    { 8, 16, 128, 0, 14, 32, 3872 }, // U+0479
    { 8, 16, 128, 0, 14, 32, 3904 }, // U+047A
    { 8, 16, 128, 0, 14, 32, 3936 }, // U+047B
    { 8, 16, 128, 0, 14, 32, 3968 }, // U+047C
    { 8, 16, 128, 0, 14, 32, 4000 }, // U+047D
    { 8, 16, 128, 0, 14, 32, 4032 }, // U+047E
    { 8, 16, 128, 0, 14, 32, 4064 }, // U+047F
    { 8, 16, 128, 0, 14, 32, 4096 }, // U+0480
    { 8, 16, 128, 0, 14, 32, 4128 }, // U+0481
    { 8, 16, 128, 0, 14, 32, 4160 }, // U+0482
    { 8, 16, 128, 0, 14, 32, 4192 }, // U+0483
    { 8, 16, 128, 0, 14, 32, 4224 }, // U+0484
    { 8, 16, 128, 0, 14, 32, 4256 }, // U+0485
    { 8, 16, 128, 0, 14, 32, 4288 }, // U+0486
    { 8, 16, 128, 0, 14, 32, 4320 }, // U+0487
    { 16, 16, 256, 0, 14, 64, 4352 }, // U+0488
    { 16, 16, 256, 0, 14, 64, 4416 }, // U+0489
    { 8, 16, 128, 0, 14, 32, 4480 }, // U+048A
    { 8, 16, 128, 0, 14, 32, 4512 }, // U+048B
    { 8, 16, 128, 0, 14, 32, 4544 }, // U+048C
    { 8, 16, 128, 0, 14, 32, 4576 }, // U+048D
    { 8, 16, 128, 0, 14, 32, 4608 }, // U+048E
    { 8, 16, 128, 0, 14, 32, 4640 }, // U+048F
    { 8, 16, 128, 0, 14, 32, 4672 }, // U+0490
    { 8, 16, 128, 0, 14, 32, 4704 }, // U+0491
    { 8, 16, 128, 0, 14, 32, 4736 }, // U+0492
    { 8, 16, 128, 0, 14, 32, 4768 }, // U+0493
    { 8, 16, 128, 0, 14, 32, 4800 }, // U+0494
    { 8, 16, 128, 0, 14, 32, 4832 }, // U+0495
    { 8, 16, 128, 0, 14, 32, 4864 }, // U+0496
    { 8, 16, 128, 0, 14, 32, 4896 }, // U+0497
    { 8, 16, 128, 0, 14, 32, 4928 }, // U+0498
    { 8, 16, 128, 0, 14, 32, 4960 }, // U+0499
    { 8, 16, 128, 0, 14, 32, 4992 }, // U+049A
    { 8, 16, 128, 0, 14, 32, 5024 }, // U+049B
    { 8, 16, 128, 0, 14, 32, 5056 }, // U+049C
    { 8, 16, 128, 0, 14, 32, 5088 }, // U+049D
    { 8, 16, 128, 0, 14, 32, 5120 }, // U+049E
    { 8, 16, 128, 0, 14, 32, 5152 }, // U+049F
    { 8, 16, 128, 0, 14, 32, 5184 }, // U+04A0
    { 8, 16, 128, 0, 14, 32, 5216 }, // U+04A1
    { 8, 16, 128, 0, 14, 32, 5248 }, // U+04A2
    { 8, 16, 128, 0, 14, 32, 5280 }, // U+04A3
    { 8, 16, 128, 0, 14, 32, 5312 }, // U+04A4
    { 8, 16, 128, 0, 14, 32, 5344 }, // U+04A5
    { 8, 16, 128, 0, 14, 32, 5376 }, // U+04A6
    { 8, 16, 128, 0, 14, 32, 5408 }, // U+04A7
    { 8, 16, 128, 0, 14, 32, 5440 }, // U+04A8
    { 8, 16, 128, 0, 14, 32, 5472 }, // U+04A9
    { 8, 16, 128, 0, 14, 32, 5504 }, // U+04AA
    { 8, 16, 128, 0, 14, 32, 5536 }, // U+04AB
    { 8, 16, 128, 0, 14, 32, 5568 }, // U+04AC
    { 8, 16, 128, 0, 14, 32, 5600 }, // U+04AD
    { 8, 16, 128, 0, 14, 32, 5632 }, // U+04AE
    { 8, 16, 128, 0, 14, 32, 5664 }, // U+04AF
    { 8, 16, 128, 0, 14, 32, 5696 }, // U+04B0
    { 8, 16, 128, 0, 14, 32, 5728 }, // U+04B1
    { 8, 16, 128, 0, 14, 32, 5760 }, // U+04B2
    { 8, 16, 128, 0, 14, 32, 5792 }, // U+04B3
    { 8, 16, 128, 0, 14, 32, 5824 }, // U+04B4
    { 8, 16, 128, 0, 14, 32, 5856 }, // U+04B5
    { 8, 16, 128, 0, 14, 32, 5888 }, // U+04B6
    { 8, 16, 128, 0, 14, 32, 5920 }, // U+04B7
    { 8, 16, 128, 0, 14, 32, 5952 }, // U+04B8
    { 8, 16, 128, 0, 14, 32, 5984 }, // U+04B9
    { 8, 16, 128, 0, 14, 32, 6016 }, // U+04BA
    { 8, 16, 128, 0, 14, 32, 6048 }, // U+04BB
    { 8, 16, 128, 0, 14, 32, 6080 }, // U+04BC
    { 8, 16, 128, 0, 14, 32, 6112 }, // U+04BD
    { 8, 16, 128, 0, 14, 32, 6144 }, // U+04BE
    { 8, 16, 128, 0, 14, 32, 6176 }, // U+04BF
    { 8, 16, 128, 0, 14, 32, 6208 }, // U+04C0
    { 8, 16, 128, 0, 14, 32, 6240 }, // U+04C1
    { 8, 16, 128, 0, 14, 32, 6272 }, // U+04C2
    { 8, 16, 128, 0, 14, 32, 6304 }, // U+04C3
    { 8, 16, 128, 0, 14, 32, 6336 }, // U+04C4
    { 8, 16, 128, 0, 14, 32, 6368 }, // U+04C5
    { 8, 16, 128, 0, 14, 32, 6400 }, // U+04C6
    { 8, 16, 128, 0, 14, 32, 6432 }, // U+04C7
    { 8, 16, 128, 0, 14, 32, 6464 }, // U+04C8
    { 8, 16, 128, 0, 14, 32, 6496 }, // U+04C9
    { 8, 16, 128, 0, 14, 32, 6528 }, // U+04CA
    { 8, 16, 128, 0, 14, 32, 6560 }, // U+04CB
    { 8, 16, 128, 0, 14, 32, 6592 }, // U+04CC
    { 8, 16, 128, 0, 14, 32, 6624 }, // U+04CD
    { 8, 16, 128, 0, 14, 32, 6656 }, // U+04CE
    { 8, 16, 128, 0, 14, 32, 6688 }, // U+04CF
    { 8, 16, 128, 0, 14, 32, 6720 }, // U+04D0
    { 8, 16, 128, 0, 14, 32, 6752 }, // U+04D1
    { 8, 16, 128, 0, 14, 32, 6784 }, // U+04D2
    { 8, 16, 128, 0, 14, 32, 6816 }, // U+04D3
    { 8, 16, 128, 0, 14, 32, 6848 }, // U+04D4
    { 8, 16, 128, 0, 14, 32, 6880 }, // U+04D5
    { 8, 16, 128, 0, 14, 32, 6912 }, // U+04D6
    { 8, 16, 128, 0, 14, 32, 6944 }, // U+04D7
    { 8, 16, 128, 0, 14, 32, 6976 }, // U+04D8
    { 8, 16, 128, 0, 14, 32, 7008 }, // U+04D9
    { 8, 16, 128, 0, 14, 32, 7040 }, // U+04DA
    { 8, 16, 128, 0, 14, 32, 7072 }, // U+04DB
    { 8, 16, 128, 0, 14, 32, 7104 }, // U+04DC
    { 8, 16, 128, 0, 14, 32, 7136 }, // U+04DD
    { 8, 16, 128, 0, 14, 32, 7168 }, // U+04DE
    { 8, 16, 128, 0, 14, 32, 7200 }, // U+04DF
    { 8, 16, 128, 0, 14, 32, 7232 }, // U+04E0
    { 8, 16, 128, 0, 14, 32, 7264 }, // U+04E1
    { 8, 16, 128, 0, 14, 32, 7296 }, // U+04E2
    { 8, 16, 128, 0, 14, 32, 7328 }, // U+04E3
    { 8, 16, 128, 0, 14, 32, 7360 }, // U+04E4
    { 8, 16, 128, 0, 14, 32, 7392 }, // U+04E5
    { 8, 16, 128, 0, 14, 32, 7424 }, // U+04E6
    { 8, 16, 128, 0, 14, 32, 7456 }, // U+04E7
    { 8, 16, 128, 0, 14, 32, 7488 }, // U+04E8
    { 8, 16, 128, 0, 14, 32, 7520 }, // U+04E9
    { 8, 16, 128, 0, 14, 32, 7552 }, // U+04EA
    { 8, 16, 128, 0, 14, 32, 7584 }, // U+04EB
    { 8, 16, 128, 0, 14, 32, 7616 }, // U+04EC
    { 8, 16, 128, 0, 14, 32, 7648 }, // U+04ED
    { 8, 16, 128, 0, 14, 32, 7680 }, // U+04EE
    { 8, 16, 128, 0, 14, 32, 7712 }, // U+04EF
    { 8, 16, 128, 0, 14, 32, 7744 }, // U+04F0
    { 8, 16, 128, 0, 14, 32, 7776 }, // U+04F1
    { 8, 16, 128, 0, 14, 32, 7808 }, // U+04F2
    { 8, 16, 128, 0, 14, 32, 7840 }, // U+04F3
    { 8, 16, 128, 0, 14, 32, 7872 }, // U+04F4
    { 8, 16, 128, 0, 14, 32, 7904 }, // U+04F5
    { 8, 16, 128, 0, 14, 32, 7936 }, // U+04F6
    { 8, 16, 128, 0, 14, 32, 7968 }, // U+04F7
    { 8, 16, 128, 0, 14, 32, 8000 }, // U+04F8
    { 8, 16, 128, 0, 14, 32, 8032 }, // U+04F9
    { 8, 16, 128, 0, 14, 32, 8064 }, // U+04FA
    { 8, 16, 128, 0, 14, 32, 8096 }, // U+04FB
    { 8, 16, 128, 0, 14, 32, 8128 }, // U+04FC
    { 8, 16, 128, 0, 14, 32, 8160 }, // U+04FD
    { 8, 16, 128, 0, 14, 32, 8192 }, // U+04FE
    { 8, 16, 128, 0, 14, 32, 8224 }, // U+04FF
    { 16, 20, 240, -2, 17, 80, 0 }, // U+1EA0
    { 12, 15, 208, 0, 12, 45, 80 }, // U+1EA1
    { 8, 16, 128, 0, 14, 32, 125 }, // U+1EA2
    { 8, 16, 128, 0, 14, 32, 157 }, // U+1EA3
    { 16, 28, 240, -2, 28, 112, 189 }, // U+1EA4
    { 12, 23, 208, 0, 23, 69, 301 }, // U+1EA5
    { 16, 27, 240, -2, 27, 108, 370 }, // U+1EA6
    { 12, 22, 208, 0, 22, 66, 478 }, // U+1EA7
    { 8, 16, 128, 0, 14, 32, 544 }, // U+1EA8
    { 8, 16, 128, 0, 14, 32, 576 }, // U+1EA9
    { 16, 26, 240, -2, 26, 104, 608 }, // U+1EAA
    { 12, 21, 208, 0, 21, 63, 712 }, // U+1EAB
    { 16, 25, 240, -2, 22, 100, 775 }, // U+1EAC
    { 12, 20, 208, 0, 17, 60, 875 }, // U+1EAD
    { 16, 28, 240, -2, 28, 112, 935 }, // U+1EAE
    { 12, 23, 208, 0, 23, 69, 1047 }, // U+1EAF
    { 16, 27, 240, -2, 27, 108, 1116 }, // U+1EB0
    { 12, 22, 208, 0, 22, 66, 1224 }, // U+1EB1
    { 8, 16, 128, 0, 14, 32, 1290 }, // U+1EB2
    { 8, 16, 128, 0, 14, 32, 1322 }, // U+1EB3
    { 16, 26, 240, -2, 26, 104, 1354 }, // U+1EB4
    { 12, 21, 208, 0, 21, 63, 1458 }, // U+1EB5
    { 16, 25, 240, -2, 22, 100, 1521 }, // U+1EB6
    { 12, 20, 208, 0, 17, 60, 1621 }, // U+1EB7
    { 16, 20, 240, -1, 17, 80, 1681 }, // U+1EB8
    { 9, 15, 160, 0, 12, 34, 1761 }, // U+1EB9
    { 8, 16, 128, 0, 14, 32, 1795 }, // U+1EBA
    { 8, 16, 128, 0, 14, 32, 1827 }, // U+1EBB
    { 16, 21, 240, -1, 21, 84, 1859 }, // U+1EBC
    { 9, 16, 160, 0, 16, 36, 1943 }, // U+1EBD
    { 16, 28, 240, -1, 28, 112, 1979 }, // U+1EBE
    { 10, 23, 160, 0, 23, 58, 2091 }, // U+1EBF
    { 16, 27, 240, -1, 27, 108, 2149 }, // U+1EC0
    { 10, 22, 160, 0, 22, 55, 2257 }, // U+1EC1
    { 8, 16, 128, 0, 14, 32, 2312 }, // U+1EC2
    { 8, 16, 128, 0, 14, 32, 2344 }, // U+1EC3
    { 16, 26, 240, -1, 26, 104, 2376 }, // U+1EC4
    { 10, 21, 160, 0, 21, 53, 2480 }, // U+1EC5
    { 16, 25, 240, -1, 22, 100, 2533 }, // U+1EC6
    { 9, 20, 160, 0, 17, 45, 2633 }, // U+1EC7
    { 8, 16, 128, 0, 14, 32, 2678 }, // U+1EC8
    { 8, 16, 128, 0, 14, 32, 2710 }, // U+1EC9
    { 10, 20, 128, -1, 17, 50, 2742 }, // U+1ECA
    { 6, 20, 112, 0, 17, 30, 2792 }, // U+1ECB
    { 16, 20, 288, 1, 17, 80, 2822 }, // U+1ECC
    { 11, 15, 192, 0, 12, 42, 2902 }, // U+1ECD
    { 8, 16, 128, 0, 14, 32, 2944 }, // U+1ECE
    { 8, 16, 128, 0, 14, 32, 2976 }, // U+1ECF
    { 16, 28, 288, 1, 28, 112, 3008 }, // U+1ED0
    { 11, 23, 192, 0, 23, 64, 3120 }, // U+1ED1
    { 16, 27, 288, 1, 27, 108, 3184 }, // U+1ED2
    { 11, 22, 192, 0, 22, 61, 3292 }, // U+1ED3
    { 8, 16, 128, 0, 14, 32, 3353 }, // U+1ED4
    { 8, 16, 128, 0, 14, 32, 3385 }, // U+1ED5
    { 16, 26, 288, 1, 26, 104, 3417 }, // U+1ED6
    { 11, 21, 192, 0, 21, 58, 3521 }, // U+1ED7
    { 16, 25, 288, 1, 22, 100, 3579 }, // U+1ED8
    { 11, 20, 192, 0, 17, 55, 3679 }, // U+1ED9
    { 19, 23, 288, 1, 23, 110, 3734 }, // U+1EDA
    { 14, 18, 192, 0, 18, 63, 3844 }, // U+1EDB
    { 19, 22, 288, 1, 22, 105, 3907 }, // U+1EDC
    { 14, 17, 192, 0, 17, 60, 4012 }, // U+1EDD
    { 8, 16, 128, 0, 14, 32, 4072 }, // U+1EDE
    { 8, 16, 128, 0, 14, 32, 4104 }, // U+1EDF
    { 19, 21, 288, 1, 21, 100, 4136 }, // U+1EE0
    { 14, 16, 192, 0, 16, 56, 4236 }, // U+1EE1
    { 19, 20, 288, 1, 17, 95, 4292 }, // U+1EE2
    { 14, 15, 192, 0, 12, 53, 4387 }, // U+1EE3
    { 17, 20, 288, 2, 17, 85, 4440 }, // U+1EE4
    { 11, 15, 192, 0, 12, 42, 4525 }, // U+1EE5
    { 8, 16, 128, 0, 14, 32, 4567 }, // U+1EE6
    { 8, 16, 128, 0, 14, 32, 4599 }, // U+1EE7
    { 19, 23, 288, 2, 23, 110, 4631 }, // U+1EE8
    { 14, 18, 192, 0, 18, 63, 4741 }, // U+1EE9
    { 19, 22, 288, 2, 22, 105, 4804 }, // U+1EEA
    { 14, 17, 192, 0, 17, 60, 4909 }, // U+1EEB
    { 8, 16, 128, 0, 14, 32, 4969 }, // U+1EEC
    { 8, 16, 128, 0, 14, 32, 5001 }, // U+1EED
    { 19, 21, 288, 2, 21, 100, 5033 }, // U+1EEE
    { 14, 16, 192, 0, 16, 56, 5133 }, // U+1EEF
    { 19, 20, 288, 2, 17, 95, 5189 }, // U+1EF0
    { 14, 15, 192, 0, 12, 53, 5284 }, // U+1EF1
    { 14, 22, 224, 2, 22, 77, 5337 }, // U+1EF2
    { 12, 22, 176, -1, 17, 66, 5414 }, // U+1EF3
    { 14, 20, 224, 2, 17, 70, 5480 }, // U+1EF4
    { 12, 20, 176, -1, 12, 60, 5550 }, // U+1EF5
    { 8, 16, 128, 0, 14, 32, 5610 }, // U+1EF6
    { 8, 16, 128, 0, 14, 32, 5642 }, // U+1EF7
    { 14, 21, 224, 2, 21, 74, 5674 }, // U+1EF8
    { 12, 21, 176, -1, 16, 63, 5748 }, // U+1EF9
    { 1, 1, 208, 0, 1, 1, 0 }, // U+2000
    { 1, 1, 400, 0, 1, 1, 1 }, // U+2001
    { 1, 1, 208, 0, 1, 1, 2 }, // U+2002
    { 1, 1, 400, 0, 1, 1, 3 }, // U+2003
    { 1, 1, 128, 0, 1, 1, 4 }, // U+2004
    { 1, 1, 96, 0, 1, 1, 5 }, // U+2005
    { 1, 1, 64, 0, 1, 1, 6 }, // U+2006
    { 1, 1, 192, 0, 1, 1, 7 }, // U+2007
    { 1, 1, 96, 0, 1, 1, 8 }, // U+2008
    { 1, 1, 80, 0, 1, 1, 9 }, // U+2009
    { 1, 1, 48, 0, 1, 1, 10 }, // U+200A
    { 1, 1, 0, 0, 1, 1, 11 }, // U+200B
    { 16, 16, 256, 0, 14, 64, 12 }, // U+200C
    { 16, 16, 256, 0, 14, 64, 76 }, // U+200D
    { 16, 16, 256, 0, 14, 64, 140 }, // U+200E
    { 16, 16, 256, 0, 14, 64, 204 }, // U+200F
    { 6, 2, 128, 1, 7, 3, 268 }, // U+2010
    { 6, 2, 128, 1, 7, 3, 271 }, // U+2011
    { 12, 2, 192, 0, 7, 6, 274 }, // U+2012
    { 12, 2, 192, 0, 7, 6, 280 }, // U+2013
    { 22, 2, 352, 0, 7, 11, 286 }, // U+2014
    { 22, 2, 352, 0, 7, 11, 297 }, // U+2015
    { 8, 16, 128, 0, 14, 32, 308 }, // U+2016
    { 8, 16, 128, 0, 14, 32, 340 }, // U+2017
    { 4, 6, 112, 3, 17, 6, 372 }, // U+2018
    { 4, 6, 112, 2, 17, 6, 378 }, // U+2019
    { 4, 6, 96, -1, 2, 6, 384 }, // U+201A
    { 4, 6, 112, 2, 17, 6, 390 }, // U+201B
    { 9, 6, 192, 2, 17, 14, 396 }, // U+201C
    { 9, 6, 192, 2, 17, 14, 410 }, // U+201D
    { 9, 6, 176, -1, 2, 14, 424 }, // U+201E
    { 9, 6, 192, 2, 17, 14, 438 }, // U+201F
    { 10, 21, 176, 1, 18, 53, 452 }, // U+2020
    { 12, 21, 208, 0, 18, 63, 505 }, // U+2021
    { 6, 6, 144, 1, 11, 9, 568 }, // U+2022
    { 8, 16, 128, 0, 14, 32, 577 }, // U+2023
    { 8, 16, 128, 0, 14, 32, 609 }, // U+2024
    { 8, 16, 128, 0, 14, 32, 641 }, // U+2025
    { 16, 3, 320, 1, 3, 12, 673 }, // U+2026
    { 8, 16, 128, 0, 14, 32, 685 }, // U+2027
    { 16, 16, 256, 0, 14, 64, 717 }, // U+2028
    { 16, 16, 256, 0, 14, 64, 781 }, // U+2029
    { 16, 16, 256, 0, 14, 64, 845 }, // U+202A
    { 16, 16, 256, 0, 14, 64, 909 }, // U+202B
    { 16, 16, 256, 0, 14, 64, 973 }, // U+202C
    { 16, 16, 256, 0, 14, 64, 1037 }, // U+202D
    { 16, 16, 256, 0, 14, 64, 1101 }, // U+202E
    { 8, 16, 128, 0, 14, 32, 1165 }, // U+202F
    { 25, 19, 400, 0, 18, 119, 1197 }, // U+2030
    { 8, 16, 128, 0, 14, 32, 1316 }, // U+2031
    { 8, 16, 128, 0, 14, 32, 1348 }, // U+2032
    { 8, 16, 128, 0, 14, 32, 1380 }, // U+2033
    { 8, 16, 128, 0, 14, 32, 1412 }, // U+2034
    { 8, 16, 128, 0, 14, 32, 1444 }, // U+2035
    { 8, 16, 128, 0, 14, 32, 1476 }, // U+2036
    { 8, 16, 128, 0, 14, 32, 1508 }, // U+2037
    { 8, 16, 128, 0, 14, 32, 1540 }, // U+2038
    { 7, 9, 128, 1, 11, 16, 1572 }, // U+2039
    { 7, 9, 128, 0, 11, 16, 1588 }, // U+203A
    { 8, 16, 128, 0, 14, 32, 1604 }, // U+203B
    { 8, 16, 128, 0, 14, 32, 1636 }, // U+203C
    { 8, 16, 128, 0, 14, 32, 1668 }, // U+203D
    { 8, 16, 128, 0, 14, 32, 1700 }, // U+203E
    { 8, 16, 128, 0, 14, 32, 1732 }, // U+203F
    { 8, 16, 128, 0, 14, 32, 1764 }, // U+2040
    { 8, 16, 128, 0, 14, 32, 1796 }, // U+2041
    { 8, 16, 128, 0, 14, 32, 1828 }, // U+2042
    { 8, 16, 128, 0, 14, 32, 1860 }, // U+2043
    { 12, 17, 64, -4, 17, 51, 1892 }, // U+2044
    { 8, 16, 128, 0, 14, 32, 1943 }, // U+2045
    { 8, 16, 128, 0, 14, 32, 1975 }, // U+2046
    { 8, 16, 128, 0, 14, 32, 2007 }, // U+2047
    { 8, 16, 128, 0, 14, 32, 2039 }, // U+2048
    { 8, 16, 128, 0, 14, 32, 2071 }, // U+2049
    { 8, 16, 128, 0, 14, 32, 2103 }, // U+204A
    { 8, 16, 128, 0, 14, 32, 2135 }, // U+204B
    { 8, 16, 128, 0, 14, 32, 2167 }, // U+204C
    { 8, 16, 128, 0, 14, 32, 2199 }, // U+204D
    { 8, 16, 128, 0, 14, 32, 2231 }, // U+204E
    { 8, 16, 128, 0, 14, 32, 2263 }, // U+204F
    { 8, 16, 128, 0, 14, 32, 2295 }, // U+2050
    { 8, 16, 128, 0, 14, 32, 2327 }, // U+2051
    { 8, 16, 128, 0, 14, 32, 2359 }, // U+2052
    { 8, 16, 128, 0, 14, 32, 2391 }, // U+2053
    { 8, 16, 128, 0, 14, 32, 2423 }, // U+2054
    { 8, 16, 128, 0, 14, 32, 2455 }, // U+2055
    { 8, 16, 128, 0, 14, 32, 2487 }, // U+2056
    { 16, 16, 256, 0, 14, 64, 2519 }, // U+2057
    { 8, 16, 128, 0, 14, 32, 2583 }, // U+2058
    { 8, 16, 128, 0, 14, 32, 2615 }, // U+2059
    { 8, 16, 128, 0, 14, 32, 2647 }, // U+205A
    { 8, 16, 128, 0, 14, 32, 2679 }, // U+205B
    { 8, 16, 128, 0, 14, 32, 2711 }, // U+205C
    { 8, 16, 128, 0, 14, 32, 2743 }, // U+205D
    { 8, 16, 128, 0, 14, 32, 2775 }, // U+205E
    { 8, 16, 128, 0, 14, 32, 2807 }, // U+205F
    { 16, 16, 256, 0, 14, 64, 2839 }, // U+2060
    { 16, 16, 256, 0, 14, 64, 2903 }, // U+2061
    { 16, 16, 256, 0, 14, 64, 2967 }, // U+2062
    { 16, 16, 256, 0, 14, 64, 3031 }, // U+2063
    { 16, 16, 256, 0, 14, 64, 3095 }, // U+2064
    { 16, 16, 256, 0, 14, 64, 3159 }, // U+2065
    { 16, 16, 256, 0, 14, 64, 3223 }, // U+2066
    { 16, 16, 256, 0, 14, 64, 3287 }, // U+2067
    { 16, 16, 256, 0, 14, 64, 3351 }, // U+2068
    { 16, 16, 256, 0, 14, 64, 3415 }, // U+2069
    { 16, 16, 256, 0, 14, 64, 3479 }, // U+206A
    { 16, 16, 256, 0, 14, 64, 3543 }, // U+206B
    { 16, 16, 256, 0, 14, 64, 3607 }, // U+206C
    { 16, 16, 256, 0, 14, 64, 3671 }, // U+206D
    { 16, 16, 256, 0, 14, 64, 3735 }, // U+206E
    { 16, 16, 256, 0, 14, 64, 3799 }, // U+206F
    { 8, 16, 128, 0, 14, 32, 0 }, // U+2070
    { 8, 16, 128, 0, 14, 32, 32 }, // U+2071
    { 16, 16, 256, 0, 14, 64, 64 }, // U+2072
    { 16, 16, 256, 0, 14, 64, 128 }, // U+2073
    { 8, 16, 128, 0, 14, 32, 192 }, // U+2074
    { 8, 16, 128, 0, 14, 32, 224 }, // U+2075
    { 8, 16, 128, 0, 14, 32, 256 }, // U+2076
    { 8, 16, 128, 0, 14, 32, 288 }, // U+2077
    { 8, 16, 128, 0, 14, 32, 320 }, // U+2078
    { 8, 16, 128, 0, 14, 32, 352 }, // U+2079
    { 8, 16, 128, 0, 14, 32, 384 }, // U+207A
    { 8, 16, 128, 0, 14, 32, 416 }, // U+207B
    { 8, 16, 128, 0, 14, 32, 448 }, // U+207C
    { 8, 16, 128, 0, 14, 32, 480 }, // U+207D
    { 8, 16, 128, 0, 14, 32, 512 }, // U+207E
    { 8, 16, 128, 0, 14, 32, 544 }, // U+207F
    { 8, 16, 128, 0, 14, 32, 576 }, // U+2080
    { 6, 10, 112, 0, 5, 15, 608 }, // U+2081
    { 7, 10, 112, 0, 5, 18, 623 }, // U+2082
    { 7, 10, 112, 0, 5, 18, 641 }, // U+2083
    { 8, 16, 128, 0, 14, 32, 659 }, // U+2084
    { 8, 16, 128, 0, 14, 32, 691 }, // U+2085
    { 8, 16, 128, 0, 14, 32, 723 }, // U+2086
    { 8, 16, 128, 0, 14, 32, 755 }, // U+2087
    { 8, 16, 128, 0, 14, 32, 787 }, // U+2088
    { 8, 16, 128, 0, 14, 32, 819 }, // U+2089
    { 8, 16, 128, 0, 14, 32, 851 }, // U+208A
    { 8, 16, 128, 0, 14, 32, 883 }, // U+208B
    { 8, 16, 128, 0, 14, 32, 915 }, // U+208C
    { 8, 16, 128, 0, 14, 32, 947 }, // U+208D
    { 8, 16, 128, 0, 14, 32, 979 }, // U+208E
    { 8, 16, 128, 0, 14, 32, 1011 }, // U+208F
    { 8, 16, 128, 0, 14, 32, 1043 }, // U+2090
    { 8, 16, 128, 0, 14, 32, 1075 }, // U+2091
    { 8, 16, 128, 0, 14, 32, 1107 }, // U+2092
    { 8, 16, 128, 0, 14, 32, 1139 }, // U+2093
    { 8, 16, 128, 0, 14, 32, 1171 }, // U+2094
    { 8, 16, 128, 0, 14, 32, 1203 }, // U+2095
    { 8, 16, 128, 0, 14, 32, 1235 }, // U+2096
    { 8, 16, 128, 0, 14, 32, 1267 }, // U+2097
    { 8, 16, 128, 0, 14, 32, 1299 }, // U+2098
    { 8, 16, 128, 0, 14, 32, 1331 }, // U+2099
    { 8, 16, 128, 0, 14, 32, 1363 }, // U+209A
    { 8, 16, 128, 0, 14, 32, 1395 }, // U+209B
    { 8, 16, 128, 0, 14, 32, 1427 }, // U+209C
    { 8, 16, 128, 0, 14, 32, 1459 }, // U+209D
    { 8, 16, 128, 0, 14, 32, 1491 }, // U+209E
    { 8, 16, 128, 0, 14, 32, 1523 }, // U+209F
    { 8, 16, 128, 0, 14, 32, 0 }, // U+20A0
    { 8, 16, 128, 0, 14, 32, 32 }, // U+20A1
    { 8, 16, 128, 0, 14, 32, 64 }, // U+20A2
    { 8, 16, 128, 0, 14, 32, 96 }, // U+20A3
    { 8, 16, 128, 0, 14, 32, 128 }, // U+20A4
    { 18, 17, 320, 0, 15, 77, 160 }, // U+20A5
    { 19, 17, 256, -1, 17, 81, 237 }, // U+20A6
    { 8, 16, 128, 0, 14, 32, 318 }, // U+20A7
    { 8, 16, 128, 0, 14, 32, 350 }, // U+20A8
    { 21, 17, 336, 1, 17, 90, 382 }, // U+20A9
    { 8, 16, 128, 0, 14, 32, 472 }, // U+20AA
    { 8, 16, 128, 0, 14, 32, 504 }, // U+20AB
    { 19, 17, 256, -2, 17, 81, 536 }, // U+20AC
    { 18, 17, 256, -1, 17, 77, 617 }, // U+20AD
    { 8, 16, 128, 0, 14, 32, 694 }, // U+20AE
    { 8, 16, 128, 0, 14, 32, 726 }, // U+20AF
    { 8, 16, 128, 0, 14, 32, 758 }, // U+20B0
    { 8, 16, 128, 0, 14, 32, 790 }, // U+20B1
    { 8, 16, 128, 0, 14, 32, 822 }, // U+20B2
    { 8, 16, 128, 0, 14, 32, 854 }, // U+20B3
    { 8, 16, 128, 0, 14, 32, 886 }, // U+20B4
    { 8, 16, 128, 0, 14, 32, 918 }, // U+20B5
    { 8, 16, 128, 0, 14, 32, 950 }, // U+20B6
    { 8, 16, 128, 0, 14, 32, 982 }, // U+20B7
    { 8, 16, 128, 0, 14, 32, 1014 }, // U+20B8
    { 16, 16, 256, 0, 14, 64, 1046 }, // U+20B9
    { 8, 16, 128, 0, 14, 32, 1110 }, // U+20BA
    { 8, 16, 128, 0, 14, 32, 1142 }, // U+20BB
    { 8, 16, 128, 0, 14, 32, 1174 }, // U+20BC
    { 8, 16, 128, 0, 14, 32, 1206 }, // U+20BD
    { 8, 16, 128, 0, 14, 32, 1238 }, // U+20BE
    { 8, 16, 128, 0, 14, 32, 1270 }, // U+20BF
    { 8, 16, 128, 0, 14, 32, 1302 }, // U+20C0
    { 8, 16, 128, 0, 14, 32, 1334 }, // U+20C1
    { 8, 16, 128, 0, 14, 32, 1366 }, // U+20C2
    { 8, 16, 128, 0, 14, 32, 1398 }, // U+20C3
    { 8, 16, 128, 0, 14, 32, 1430 }, // U+20C4
    { 16, 16, 256, 0, 14, 64, 1462 }, // U+20C5
    { 16, 16, 256, 0, 14, 64, 1526 }, // U+20C6
    { 16, 16, 256, 0, 14, 64, 1590 }, // U+20C7
    { 16, 16, 256, 0, 14, 64, 1654 }, // U+20C8
    { 16, 16, 256, 0, 14, 64, 1718 }, // U+20C9
    { 16, 16, 256, 0, 14, 64, 1782 }, // U+20CA
    { 16, 16, 256, 0, 14, 64, 1846 }, // U+20CB
    { 16, 16, 256, 0, 14, 64, 1910 }, // U+20CC
    { 16, 16, 256, 0, 14, 64, 1974 }, // U+20CD
    { 16, 16, 256, 0, 14, 64, 2038 }, // U+20CE
    { 16, 16, 256, 0, 14, 64, 2102 }, // U+20CF
    { 8, 16, 128, 0, 14, 32, 0 }, // U+2190
    { 8, 16, 128, 0, 14, 32, 32 }, // U+2191
    { 8, 16, 128, 0, 14, 32, 64 }, // U+2192
    { 8, 16, 128, 0, 14, 32, 96 }, // U+2193
    { 8, 16, 128, 0, 14, 32, 128 }, // U+2194
    { 8, 16, 128, 0, 14, 32, 160 }, // U+2195
    { 8, 16, 128, 0, 14, 32, 192 }, // U+2196
    { 8, 16, 128, 0, 14, 32, 224 }, // U+2197
    { 8, 16, 128, 0, 14, 32, 256 }, // U+2198
    { 8, 16, 128, 0, 14, 32, 288 }, // U+2199
    { 8, 16, 128, 0, 14, 32, 320 }, // U+219A
    { 8, 16, 128, 0, 14, 32, 352 }, // U+219B
    { 16, 16, 256, 0, 14, 64, 384 }, // U+219C
    { 16, 16, 256, 0, 14, 64, 448 }, // U+219D
    { 8, 16, 128, 0, 14, 32, 512 }, // U+219E
    { 8, 16, 128, 0, 14, 32, 544 }, // U+219F
    { 8, 16, 128, 0, 14, 32, 576 }, // U+21A0
    { 8, 16, 128, 0, 14, 32, 608 }, // U+21A1
    { 8, 16, 128, 0, 14, 32, 640 }, // U+21A2
    { 8, 16, 128, 0, 14, 32, 672 }, // U+21A3
    { 8, 16, 128, 0, 14, 32, 704 }, // U+21A4
    { 8, 16, 128, 0, 14, 32, 736 }, // U+21A5
    { 8, 16, 128, 0, 14, 32, 768 }, // U+21A6
    { 8, 16, 128, 0, 14, 32, 800 }, // U+21A7
    { 8, 16, 128, 0, 14, 32, 832 }, // U+21A8
    { 8, 16, 128, 0, 14, 32, 864 }, // U+21A9
    { 8, 16, 128, 0, 14, 32, 896 }, // U+21AA
    { 8, 16, 128, 0, 14, 32, 928 }, // U+21AB
    { 8, 16, 128, 0, 14, 32, 960 }, // U+21AC
    { 8, 16, 128, 0, 14, 32, 992 }, // U+21AD
    { 8, 16, 128, 0, 14, 32, 1024 }, // U+21AE
    { 8, 16, 128, 0, 14, 32, 1056 }, // U+21AF
    { 8, 16, 128, 0, 14, 32, 1088 }, // U+21B0
    { 8, 16, 128, 0, 14, 32, 1120 }, // U+21B1
    { 8, 16, 128, 0, 14, 32, 1152 }, // U+21B2
    { 8, 16, 128, 0, 14, 32, 1184 }, // U+21B3
    { 8, 16, 128, 0, 14, 32, 1216 }, // U+21B4
    { 8, 16, 128, 0, 14, 32, 1248 }, // U+21B5
    { 8, 16, 128, 0, 14, 32, 1280 }, // U+21B6
    { 8, 16, 128, 0, 14, 32, 1312 }, // U+21B7
    { 8, 16, 128, 0, 14, 32, 1344 }, // U+21B8
    { 8, 16, 128, 0, 14, 32, 1376 }, // U+21B9
    { 8, 16, 128, 0, 14, 32, 1408 }, // U+21BA
    { 8, 16, 128, 0, 14, 32, 1440 }, // U+21BB
    { 8, 16, 128, 0, 14, 32, 1472 }, // U+21BC
    { 8, 16, 128, 0, 14, 32, 1504 }, // U+21BD
    { 8, 16, 128, 0, 14, 32, 1536 }, // U+21BE
    { 8, 16, 128, 0, 14, 32, 1568 }, // U+21BF
    { 8, 16, 128, 0, 14, 32, 1600 }, // U+21C0
    { 8, 16, 128, 0, 14, 32, 1632 }, // U+21C1
    { 8, 16, 128, 0, 14, 32, 1664 }, // U+21C2
    { 8, 16, 128, 0, 14, 32, 1696 }, // U+21C3
    { 8, 16, 128, 0, 14, 32, 1728 }, // U+21C4
    { 8, 16, 128, 0, 14, 32, 1760 }, // U+21C5
    { 8, 16, 128, 0, 14, 32, 1792 }, // U+21C6
    { 8, 16, 128, 0, 14, 32, 1824 }, // U+21C7
    { 8, 16, 128, 0, 14, 32, 1856 }, // U+21C8
    { 8, 16, 128, 0, 14, 32, 1888 }, // U+21C9
    { 8, 16, 128, 0, 14, 32, 1920 }, // U+21CA
    { 8, 16, 128, 0, 14, 32, 1952 }, // U+21CB
    { 8, 16, 128, 0, 14, 32, 1984 }, // U+21CC
    { 8, 16, 128, 0, 14, 32, 2016 }, // U+21CD
    { 8, 16, 128, 0, 14, 32, 2048 }, // U+21CE
    { 8, 16, 128, 0, 14, 32, 2080 }, // U+21CF
    { 8, 16, 128, 0, 14, 32, 2112 }, // U+21D0
    { 8, 16, 128, 0, 14, 32, 2144 }, // U+21D1
    { 8, 16, 128, 0, 14, 32, 2176 }, // U+21D2
    { 8, 16, 128, 0, 14, 32, 2208 }, // U+21D3
    { 8, 16, 128, 0, 14, 32, 2240 }, // U+21D4
    { 8, 16, 128, 0, 14, 32, 2272 }, // U+21D5
    { 8, 16, 128, 0, 14, 32, 2304 }, // U+21D6
    { 8, 16, 128, 0, 14, 32, 2336 }, // U+21D7
    { 8, 16, 128, 0, 14, 32, 2368 }, // U+21D8
    { 8, 16, 128, 0, 14, 32, 2400 }, // U+21D9
    { 8, 16, 128, 0, 14, 32, 2432 }, // U+21DA
    { 8, 16, 128, 0, 14, 32, 2464 }, // U+21DB
    { 8, 16, 128, 0, 14, 32, 2496 }, // U+21DC
    { 8, 16, 128, 0, 14, 32, 2528 }, // U+21DD
    { 8, 16, 128, 0, 14, 32, 2560 }, // U+21DE
    { 8, 16, 128, 0, 14, 32, 2592 }, // U+21DF
    { 8, 16, 128, 0, 14, 32, 2624 }, // U+21E0
    { 8, 16, 128, 0, 14, 32, 2656 }, // U+21E1
    { 8, 16, 128, 0, 14, 32, 2688 }, // U+21E2
    { 8, 16, 128, 0, 14, 32, 2720 }, // U+21E3
    { 8, 16, 128, 0, 14, 32, 2752 }, // U+21E4
    { 8, 16, 128, 0, 14, 32, 2784 }, // U+21E5
    { 8, 16, 128, 0, 14, 32, 2816 }, // U+21E6
    { 8, 16, 128, 0, 14, 32, 2848 }, // U+21E7
    { 8, 16, 128, 0, 14, 32, 2880 }, // U+21E8
    { 8, 16, 128, 0, 14, 32, 2912 }, // U+21E9
    { 8, 16, 128, 0, 14, 32, 2944 }, // U+21EA
    { 8, 16, 128, 0, 14, 32, 2976 }, // U+21EB
    { 8, 16, 128, 0, 14, 32, 3008 }, // U+21EC
    { 8, 16, 128, 0, 14, 32, 3040 }, // U+21ED
    { 8, 16, 128, 0, 14, 32, 3072 }, // U+21EE
    { 8, 16, 128, 0, 14, 32, 3104 }, // U+21EF
    { 8, 16, 128, 0, 14, 32, 3136 }, // U+21F0
    { 8, 16, 128, 0, 14, 32, 3168 }, // U+21F1
    { 8, 16, 128, 0, 14, 32, 3200 }, // U+21F2
    { 8, 16, 128, 0, 14, 32, 3232 }, // U+21F3
    { 16, 16, 256, 0, 14, 64, 3264 }, // U+21F4
    { 8, 16, 128, 0, 14, 32, 3328 }, // U+21F5
    { 8, 16, 128, 0, 14, 32, 3360 }, // U+21F6
    { 8, 16, 128, 0, 14, 32, 3392 }, // U+21F7
    { 8, 16, 128, 0, 14, 32, 3424 }, // U+21F8
    { 16, 16, 256, 0, 14, 64, 3456 }, // U+21F9
    { 16, 16, 256, 0, 14, 64, 3520 }, // U+21FA
    { 16, 16, 256, 0, 14, 64, 3584 }, // U+21FB
    { 16, 16, 256, 0, 14, 64, 3648 }, // U+21FC
    { 8, 16, 128, 0, 14, 32, 3712 }, // U+21FD
    { 8, 16, 128, 0, 14, 32, 3744 }, // U+21FE
    { 16, 16, 256, 0, 14, 64, 3776 }, // U+21FF
    { 8, 16, 128, 0, 14, 32, 0 }, // U+2200
    { 8, 16, 128, 0, 14, 32, 32 }, // U+2201
    { 8, 16, 128, 0, 14, 32, 64 }, // U+2202
    { 8, 16, 128, 0, 14, 32, 96 }, // U+2203
    { 8, 16, 128, 0, 14, 32, 128 }, // U+2204
    { 8, 16, 128, 0, 14, 32, 160 }, // U+2205
    { 8, 16, 128, 0, 14, 32, 192 }, // U+2206
    { 8, 16, 128, 0, 14, 32, 224 }, // U+2207
    { 8, 16, 128, 0, 14, 32, 256 }, // U+2208
    { 8, 16, 128, 0, 14, 32, 288 }, // U+2209
    { 8, 16, 128, 0, 14, 32, 320 }, // U+220A
    { 8, 16, 128, 0, 14, 32, 352 }, // U+220B
    { 8, 16, 128, 0, 14, 32, 384 }, // U+220C
    { 8, 16, 128, 0, 14, 32, 416 }, // U+220D
    { 8, 16, 128, 0, 14, 32, 448 }, // U+220E
    { 8, 16, 128, 0, 14, 32, 480 }, // U+220F
    { 8, 16, 128, 0, 14, 32, 512 }, // U+2210
    { 8, 16, 128, 0, 14, 32, 544 }, // U+2211
    { 11, 2, 240, 2, 7, 6, 576 }, // U+2212
    { 8, 16, 128, 0, 14, 32, 582 }, // U+2213
    { 8, 16, 128, 0, 14, 32, 614 }, // U+2214
    { 12, 17, 64, -4, 17, 51, 646 }, // U+2215
    { 8, 16, 128, 0, 14, 32, 697 }, // U+2216
    { 8, 16, 128, 0, 14, 32, 729 }, // U+2217
    { 8, 16, 128, 0, 14, 32, 761 }, // U+2218
    { 3, 3, 96, 1, 8, 3, 793 }, // U+2219
    { 8, 16, 128, 0, 14, 32, 796 }, // U+221A
    { 8, 16, 128, 0, 14, 32, 828 }, // U+221B
    { 8, 16, 128, 0, 14, 32, 860 }, // U+221C
    { 8, 16, 128, 0, 14, 32, 892 }, // U+221D
    { 8, 16, 128, 0, 14, 32, 924 }, // U+221E
    { 8, 16, 128, 0, 14, 32, 956 }, // U+221F
    { 8, 16, 128, 0, 14, 32, 988 }, // U+2220
    { 8, 16, 128, 0, 14, 32, 1020 }, // U+2221
    { 8, 16, 128, 0, 14, 32, 1052 }, // U+2222
    { 8, 16, 128, 0, 14, 32, 1084 }, // U+2223
    { 8, 16, 128, 0, 14, 32, 1116 }, // U+2224
    { 8, 16, 128, 0, 14, 32, 1148 }, // U+2225
    { 8, 16, 128, 0, 14, 32, 1180 }, // U+2226
    { 8, 16, 128, 0, 14, 32, 1212 }, // U+2227
    { 8, 16, 128, 0, 14, 32, 1244 }, // U+2228
    { 8, 16, 128, 0, 14, 32, 1276 }, // U+2229
    { 8, 16, 128, 0, 14, 32, 1308 }, // U+222A
    { 8, 16, 128, 0, 14, 32, 1340 }, // U+222B
    { 8, 16, 128, 0, 14, 32, 1372 }, // U+222C
    { 8, 16, 128, 0, 14, 32, 1404 }, // U+222D
    { 8, 16, 128, 0, 14, 32, 1436 }, // U+222E
    { 8, 16, 128, 0, 14, 32, 1468 }, // U+222F
    { 8, 16, 128, 0, 14, 32, 1500 }, // U+2230
    { 8, 16, 128, 0, 14, 32, 1532 }, // U+2231
    { 8, 16, 128, 0, 14, 32, 1564 }, // U+2232
    { 8, 16, 128, 0, 14, 32, 1596 }, // U+2233
    { 8, 16, 128, 0, 14, 32, 1628 }, // U+2234
    { 8, 16, 128, 0, 14, 32, 1660 }, // U+2235
    { 5, 11, 128, 1, 11, 14, 1692 }, // U+2236
    { 8, 16, 128, 0, 14, 32, 1706 }, // U+2237
    { 8, 16, 128, 0, 14, 32, 1738 }, // U+2238
    { 8, 16, 128, 0, 14, 32, 1770 }, // U+2239
    { 8, 16, 128, 0, 14, 32, 1802 }, // U+223A
    { 8, 16, 128, 0, 14, 32, 1834 }, // U+223B
    { 8, 16, 128, 0, 14, 32, 1866 }, // U+223C
    { 8, 16, 128, 0, 14, 32, 1898 }, // U+223D
    { 8, 16, 128, 0, 14, 32, 1930 }, // U+223E
    { 8, 16, 128, 0, 14, 32, 1962 }, // U+223F
    { 8, 16, 128, 0, 14, 32, 1994 }, // U+2240
    { 8, 16, 128, 0, 14, 32, 2026 }, // U+2241
    { 8, 16, 128, 0, 14, 32, 2058 }, // U+2242
    { 8, 16, 128, 0, 14, 32, 2090 }, // U+2243
    { 8, 16, 128, 0, 14, 32, 2122 }, // U+2244
    { 8, 16, 128, 0, 14, 32, 2154 }, // U+2245
    { 8, 16, 128, 0, 14, 32, 2186 }, // U+2246
    { 8, 16, 128, 0, 14, 32, 2218 }, // U+2247
    { 8, 16, 128, 0, 14, 32, 2250 }, // U+2248
    { 8, 16, 128, 0, 14, 32, 2282 }, // U+2249
    { 8, 16, 128, 0, 14, 32, 2314 }, // U+224A
    { 8, 16, 128, 0, 14, 32, 2346 }, // U+224B
    { 8, 16, 128, 0, 14, 32, 2378 }, // U+224C
    { 8, 16, 128, 0, 14, 32, 2410 }, // U+224D
    { 8, 16, 128, 0, 14, 32, 2442 }, // U+224E
    { 8, 16, 128, 0, 14, 32, 2474 }, // U+224F
    { 8, 16, 128, 0, 14, 32, 2506 }, // U+2250
    { 8, 16, 128, 0, 14, 32, 2538 }, // U+2251
    { 8, 16, 128, 0, 14, 32, 2570 }, // U+2252
    { 8, 16, 128, 0, 14, 32, 2602 }, // U+2253
    { 8, 16, 128, 0, 14, 32, 2634 }, // U+2254
    { 8, 16, 128, 0, 14, 32, 2666 }, // U+2255
    { 8, 16, 128, 0, 14, 32, 2698 }, // U+2256
    { 8, 16, 128, 0, 14, 32, 2730 }, // U+2257
    { 8, 16, 128, 0, 14, 32, 2762 }, // U+2258
    { 12, 11, 272, 2, 14, 33, 2794 }, // U+2259
    { 12, 11, 272, 2, 14, 33, 2827 }, // U+225A
    { 8, 16, 128, 0, 14, 32, 2860 }, // U+225B
    { 8, 16, 128, 0, 14, 32, 2892 }, // U+225C
    { 8, 16, 128, 0, 14, 32, 2924 }, // U+225D
    { 8, 16, 128, 0, 14, 32, 2956 }, // U+225E
    { 8, 16, 128, 0, 14, 32, 2988 }, // U+225F
    { 12, 17, 272, 2, 15, 51, 3020 }, // U+2260
    { 12, 8, 272, 0, 9, 24, 3071 }, // U+2261
    { 12, 17, 272, 0, 14, 51, 3095 }, // U+2262
    { 8, 16, 128, 0, 14, 32, 3146 }, // U+2263
    { 11, 15, 272, 2, 12, 42, 3178 }, // U+2264
    { 11, 15, 272, 4, 12, 42, 3220 }, // U+2265
    { 8, 16, 128, 0, 14, 32, 3262 }, // U+2266
    { 8, 16, 128, 0, 14, 32, 3294 }, // U+2267
    { 8, 16, 128, 0, 14, 32, 3326 }, // U+2268
    { 8, 16, 128, 0, 14, 32, 3358 }, // U+2269
    { 8, 16, 128, 0, 14, 32, 3390 }, // U+226A
    { 8, 16, 128, 0, 14, 32, 3422 }, // U+226B
    { 8, 16, 128, 0, 14, 32, 3454 }, // U+226C
    { 8, 16, 128, 0, 14, 32, 3486 }, // U+226D
    { 11, 17, 272, 2, 15, 47, 3518 }, // U+226E
    { 11, 17, 272, 4, 15, 47, 3565 }, // U+226F
    { 11, 17, 272, 2, 13, 47, 3612 }, // U+2270
    { 11, 17, 272, 4, 13, 47, 3659 }, // U+2271
    { 8, 16, 128, 0, 14, 32, 3706 }, // U+2272
    { 8, 16, 128, 0, 14, 32, 3738 }, // U+2273
    { 8, 16, 128, 0, 14, 32, 3770 }, // U+2274
    { 8, 16, 128, 0, 14, 32, 3802 }, // U+2275
    { 8, 16, 128, 0, 14, 32, 3834 }, // U+2276
    { 8, 16, 128, 0, 14, 32, 3866 }, // U+2277
    { 8, 16, 128, 0, 14, 32, 3898 }, // U+2278
    { 8, 16, 128, 0, 14, 32, 3930 }, // U+2279
    { 8, 16, 128, 0, 14, 32, 3962 }, // U+227A
    { 8, 16, 128, 0, 14, 32, 3994 }, // U+227B
    { 8, 16, 128, 0, 14, 32, 4026 }, // U+227C
    { 8, 16, 128, 0, 14, 32, 4058 }, // U+227D
    { 8, 16, 128, 0, 14, 32, 4090 }, // U+227E
    { 8, 16, 128, 0, 14, 32, 4122 }, // U+227F
    { 8, 16, 128, 0, 14, 32, 4154 }, // U+2280
    { 8, 16, 128, 0, 14, 32, 4186 }, // U+2281
    { 8, 16, 128, 0, 14, 32, 4218 }, // U+2282
    { 8, 16, 128, 0, 14, 32, 4250 }, // U+2283
    { 8, 16, 128, 0, 14, 32, 4282 }, // U+2284
    { 8, 16, 128, 0, 14, 32, 4314 }, // U+2285
    { 8, 16, 128, 0, 14, 32, 4346 }, // U+2286
    { 8, 16, 128, 0, 14, 32, 4378 }, // U+2287
    { 8, 16, 128, 0, 14, 32, 4410 }, // U+2288
    { 8, 16, 128, 0, 14, 32, 4442 }, // U+2289
    { 8, 16, 128, 0, 14, 32, 4474 }, // U+228A
    { 8, 16, 128, 0, 14, 32, 4506 }, // U+228B
    { 8, 16, 128, 0, 14, 32, 4538 }, // U+228C
    { 8, 16, 128, 0, 14, 32, 4570 }, // U+228D
    { 8, 16, 128, 0, 14, 32, 4602 }, // U+228E
    { 8, 16, 128, 0, 14, 32, 4634 }, // U+228F
    { 8, 16, 128, 0, 14, 32, 4666 }, // U+2290
    { 8, 16, 128, 0, 14, 32, 4698 }, // U+2291
    { 8, 16, 128, 0, 14, 32, 4730 }, // U+2292
    { 8, 16, 128, 0, 14, 32, 4762 }, // U+2293
    { 8, 16, 128, 0, 14, 32, 4794 }, // U+2294
    { 8, 16, 128, 0, 14, 32, 4826 }, // U+2295
    { 8, 16, 128, 0, 14, 32, 4858 }, // U+2296
    { 8, 16, 128, 0, 14, 32, 4890 }, // U+2297
    { 8, 16, 128, 0, 14, 32, 4922 }, // U+2298
    { 8, 16, 128, 0, 14, 32, 4954 }, // U+2299
    { 8, 16, 128, 0, 14, 32, 4986 }, // U+229A
    { 8, 16, 128, 0, 14, 32, 5018 }, // U+229B
    { 8, 16, 128, 0, 14, 32, 5050 }, // U+229C
    { 8, 16, 128, 0, 14, 32, 5082 }, // U+229D
    { 8, 16, 128, 0, 14, 32, 5114 }, // U+229E
    { 8, 16, 128, 0, 14, 32, 5146 }, // U+229F
    { 8, 16, 128, 0, 14, 32, 5178 }, // U+22A0
    { 8, 16, 128, 0, 14, 32, 5210 }, // U+22A1
    { 8, 16, 128, 0, 14, 32, 5242 }, // U+22A2
    { 8, 16, 128, 0, 14, 32, 5274 }, // U+22A3
    { 8, 16, 128, 0, 14, 32, 5306 }, // U+22A4
    { 8, 16, 128, 0, 14, 32, 5338 }, // U+22A5
    { 8, 16, 128, 0, 14, 32, 5370 }, // U+22A6
    { 8, 16, 128, 0, 14, 32, 5402 }, // U+22A7
    { 8, 16, 128, 0, 14, 32, 5434 }, // U+22A8
    { 8, 16, 128, 0, 14, 32, 5466 }, // U+22A9
    { 8, 16, 128, 0, 14, 32, 5498 }, // U+22AA
    { 8, 16, 128, 0, 14, 32, 5530 }, // U+22AB
    { 8, 16, 128, 0, 14, 32, 5562 }, // U+22AC
    { 8, 16, 128, 0, 14, 32, 5594 }, // U+22AD
    { 8, 16, 128, 0, 14, 32, 5626 }, // U+22AE
    { 8, 16, 128, 0, 14, 32, 5658 }, // U+22AF
    { 8, 16, 128, 0, 14, 32, 5690 }, // U+22B0
    { 8, 16, 128, 0, 14, 32, 5722 }, // U+22B1
    { 8, 16, 128, 0, 14, 32, 5754 }, // U+22B2
    { 8, 16, 128, 0, 14, 32, 5786 }, // U+22B3
    { 8, 16, 128, 0, 14, 32, 5818 }, // U+22B4
    { 8, 16, 128, 0, 14, 32, 5850 }, // U+22B5
    { 16, 16, 256, 0, 14, 64, 5882 }, // U+22B6
    { 16, 16, 256, 0, 14, 64, 5946 }, // U+22B7
    { 16, 16, 256, 0, 14, 64, 6010 }, // U+22B8
    { 8, 16, 128, 0, 14, 32, 6074 }, // U+22B9
    { 8, 16, 128, 0, 14, 32, 6106 }, // U+22BA
    { 8, 16, 128, 0, 14, 32, 6138 }, // U+22BB
    { 8, 16, 128, 0, 14, 32, 6170 }, // U+22BC
    { 8, 16, 128, 0, 14, 32, 6202 }, // U+22BD
    { 8, 16, 128, 0, 14, 32, 6234 }, // U+22BE
    { 8, 16, 128, 0, 14, 32, 6266 }, // U+22BF
    { 8, 16, 128, 0, 14, 32, 6298 }, // U+22C0
    { 8, 16, 128, 0, 14, 32, 6330 }, // U+22C1
    { 8, 16, 128, 0, 14, 32, 6362 }, // U+22C2
    { 8, 16, 128, 0, 14, 32, 6394 }, // U+22C3
    { 8, 16, 128, 0, 14, 32, 6426 }, // U+22C4
    { 8, 16, 128, 0, 14, 32, 6458 }, // U+22C5
    { 8, 16, 128, 0, 14, 32, 6490 }, // U+22C6
    { 8, 16, 128, 0, 14, 32, 6522 }, // U+22C7
    { 8, 16, 128, 0, 14, 32, 6554 }, // U+22C8
    { 8, 16, 128, 0, 14, 32, 6586 }, // U+22C9
    { 8, 16, 128, 0, 14, 32, 6618 }, // U+22CA
    { 8, 16, 128, 0, 14, 32, 6650 }, // U+22CB
    { 8, 16, 128, 0, 14, 32, 6682 }, // U+22CC
    { 8, 16, 128, 0, 14, 32, 6714 }, // U+22CD
    { 8, 16, 128, 0, 14, 32, 6746 }, // U+22CE
    { 8, 16, 128, 0, 14, 32, 6778 }, // U+22CF
    { 8, 16, 128, 0, 14, 32, 6810 }, // U+22D0
    { 8, 16, 128, 0, 14, 32, 6842 }, // U+22D1
    { 8, 16, 128, 0, 14, 32, 6874 }, // U+22D2
    { 8, 16, 128, 0, 14, 32, 6906 }, // U+22D3
    { 8, 16, 128, 0, 14, 32, 6938 }, // U+22D4
    { 8, 16, 128, 0, 14, 32, 6970 }, // U+22D5
    { 8, 16, 128, 0, 14, 32, 7002 }, // U+22D6
    { 8, 16, 128, 0, 14, 32, 7034 }, // U+22D7
    { 16, 16, 256, 0, 14, 64, 7066 }, // U+22D8
    { 16, 16, 256, 0, 14, 64, 7130 }, // U+22D9
    { 8, 16, 128, 0, 14, 32, 7194 }, // U+22DA
    { 8, 16, 128, 0, 14, 32, 7226 }, // U+22DB
    { 8, 16, 128, 0, 14, 32, 7258 }, // U+22DC
    { 8, 16, 128, 0, 14, 32, 7290 }, // U+22DD
    { 8, 16, 128, 0, 14, 32, 7322 }, // U+22DE
    { 8, 16, 128, 0, 14, 32, 7354 }, // U+22DF
    { 8, 16, 128, 0, 14, 32, 7386 }, // U+22E0
    { 8, 16, 128, 0, 14, 32, 7418 }, // U+22E1
    { 8, 16, 128, 0, 14, 32, 7450 }, // U+22E2
    { 8, 16, 128, 0, 14, 32, 7482 }, // U+22E3
    { 8, 16, 128, 0, 14, 32, 7514 }, // U+22E4
    { 8, 16, 128, 0, 14, 32, 7546 }, // U+22E5
    { 8, 16, 128, 0, 14, 32, 7578 }, // U+22E6
    { 8, 16, 128, 0, 14, 32, 7610 }, // U+22E7
    { 8, 16, 128, 0, 14, 32, 7642 }, // U+22E8
    { 8, 16, 128, 0, 14, 32, 7674 }, // U+22E9
    { 8, 16, 128, 0, 14, 32, 7706 }, // U+22EA
    { 8, 16, 128, 0, 14, 32, 7738 }, // U+22EB
    { 8, 16, 128, 0, 14, 32, 7770 }, // U+22EC
    { 8, 16, 128, 0, 14, 32, 7802 }, // U+22ED
    { 8, 16, 128, 0, 14, 32, 7834 }, // U+22EE
    { 8, 16, 128, 0, 14, 32, 7866 }, // U+22EF
    { 8, 16, 128, 0, 14, 32, 7898 }, // U+22F0
    { 8, 16, 128, 0, 14, 32, 7930 }, // U+22F1
    { 16, 16, 256, 0, 14, 64, 7962 }, // U+22F2
    { 16, 16, 256, 0, 14, 64, 8026 }, // U+22F3
    { 8, 16, 128, 0, 14, 32, 8090 }, // U+22F4
    { 16, 16, 256, 0, 14, 64, 8122 }, // U+22F5
    { 16, 16, 256, 0, 14, 64, 8186 }, // U+22F6
    { 8, 16, 128, 0, 14, 32, 8250 }, // U+22F7
    { 8, 16, 128, 0, 14, 32, 8282 }, // U+22F8
    { 16, 16, 256, 0, 14, 64, 8314 }, // U+22F9
    { 16, 16, 256, 0, 14, 64, 8378 }, // U+22FA
    { 16, 16, 256, 0, 14, 64, 8442 }, // U+22FB
    { 8, 16, 128, 0, 14, 32, 8506 }, // U+22FC
    { 16, 16, 256, 0, 14, 64, 8538 }, // U+22FD
    { 8, 16, 128, 0, 14, 32, 8602 }, // U+22FE
    { 16, 16, 256, 0, 14, 64, 8634 }, // U+22FF
    { 8, 16, 128, 0, 14, 32, 0 }, // U+FB00
    { 8, 16, 128, 0, 14, 32, 32 }, // U+FB01
    { 8, 16, 128, 0, 14, 32, 64 }, // U+FB02
    { 8, 16, 128, 0, 14, 32, 96 }, // U+FB03
    { 8, 16, 128, 0, 14, 32, 128 }, // U+FB04
    { 8, 16, 128, 0, 14, 32, 160 }, // U+FB05
    { 8, 16, 128, 0, 14, 32, 192 }, // U+FB06
    { 8, 16, 128, 0, 14, 32, 0 }, // U+FFFD
};

static const EpdUnicodeInterval times_12_italicIntervals[] = {
    { 0x0, 0x17F, 0x0 },
    { 0x1A0, 0x1A1, 0x180 },
    { 0x1AF, 0x1B0, 0x182 },
    { 0x1C4, 0x21F, 0x184 },
    { 0x300, 0x36F, 0x1E0 },
    { 0x400, 0x4FF, 0x250 },
    { 0x1EA0, 0x1EF9, 0x350 },
    { 0x2000, 0x20CF, 0x3AA },
    { 0x2190, 0x22FF, 0x47A },
    { 0xFB00, 0xFB06, 0x5EA },
    { 0xFFFD, 0xFFFD, 0x5F1 },
};

static const EpdFontGroup times_12_italicGroups[] = {
    { 0, 1946, 7017, 128, 0 },
    { 1946, 1657, 7531, 128, 128 },
    { 3603, 1773, 9019, 128, 256 },
    { 5376, 1280, 5573, 96, 384 },
    { 6656, 461, 3840, 112, 480 },
    { 7117, 1369, 8256, 256, 592 },
    { 8486, 944, 6077, 90, 848 },
    { 9430, 883, 3914, 112, 938 },
    { 10313, 279, 1564, 48, 1050 },
    { 10592, 596, 2202, 48, 1098 },
    { 11188, 743, 3840, 112, 1146 },
    { 11931, 1674, 8728, 256, 1258 },
    { 13605, 80, 224, 7, 1514 },
    { 13685, 23, 32, 1, 1521 },
};

static const EpdFontData times_12_italic = {
    times_12_italicBitmaps,
    times_12_italicGlyphs,
    times_12_italicIntervals,
    11,
    25,
    20,
    -5,
    true,
    times_12_italicGroups,
    14,
    nullptr,
    nullptr,
    nullptr,
    nullptr,
    nullptr,
    nullptr,
    nullptr,
    nullptr,
    nullptr,
    nullptr,
    nullptr,
    0,
    0,
    0,
    0,
    nullptr,
    0,
};
